1.00000000
0.00000000
0.00000000
0.00000000
0.00000000
0.00000000
0.00000000
0.00000000
0.00000000
0.00000000
0.00000000
0.00000000
0.00000000
0.00000000
0.00000000
0.00000000
0.00000000
0.00000000
0.00000000
0.00000000
0.00000000
0.00000000
0.00000000
0.00000000
0.00000000
0.00000000
0.00000000
0.00000000
0.00000000
0.00000000
0.00000000
0.00000000
0.00000000
0.00000000
0.00000000
0.00000000
0.00000000
0.00000000
0.00000000
0.00000000
0.00000000
0.00000000
0.00000000
0.00000000
0.00000000
0.00000000
0.00000000
0.00000000
0.00000000
0.00000000
0.00000000
0.00000000
0.00000000
0.00000000
0.00000000
0.00000000
0.00000000
0.00000000
0.00000000
0.00000000
0.00000000
0.00000000
0.00000000
0.00000000
0.00000000
0.00000000
0.00000000
0.00000000
0.00000000
0.00000000
0.00000000
0.00000000
0.00000000
0.00000000
0.00000000
0.00000000
0.00000000
0.00000000
0.00000000
0.00000000
0.00000000
0.00000000
0.00000000
0.00000000
0.00000000
0.00000000
0.00000000
0.00000000
0.00000000
0.00000000
0.00000000
0.00000000
0.00000000
0.00000000
0.00000000
0.00000000
0.00000000
0.00000000
0.00000000
0.00000000
0.00000000
0.00000000
0.00000000
0.00000000
0.00000000
0.00000000
0.00000000
0.00000000
0.00000000
0.00000000
0.00000000
0.00000000
0.00000000
0.00000000
0.00000000
0.00000000
0.00000000
0.00000000
0.00000000
0.00000000
0.00000000
0.00000000
0.00000000
0.00000000
0.00000000
0.00000000
0.00000000
0.00000000
0.43769795
0.56230205
0.00000000
0.00000000
0.00000000
0.00000000
0.00000000
0.00000000
0.00000000
0.00000000
0.00000000
0.00000000
0.00000000
0.00000000
0.00000000
0.00000000
0.00000000
0.00000000
0.00000000
0.00000000
0.00000000
0.00000000
0.00000000
0.00000000
0.00000000
0.00000000
0.00000000
0.00000000
0.00000000
0.00000000
0.00000000
0.00000000
0.00000000
0.00000000
0.00000000
0.00000000
0.00000000
0.00000000
0.00000000
0.00000000
0.00000000
0.00000000
0.00000000
0.00000000
0.00000000
0.00000000
0.00000000
0.00000000
0.00000000
0.00000000
0.00000000
0.00000000
0.00000000
0.00000000
0.00000000
0.00000000
0.00000000
0.00000000
0.00000000
0.00000000
0.00000000
0.00000000
0.00000000
0.00000000
0.00000000
0.00000000
0.00000000
0.00000000
0.00000000
0.00000000
0.00000000
0.00000000
0.00000000
0.00000000
0.00000000
0.00000000
0.00000000
0.00000000
0.00000000
0.00000000
0.00000000
0.00000000
0.00000000
0.00000000
0.00000000
0.00000000
0.00000000
0.00000000
0.00000000
0.00000000
0.00000000
0.00000000
0.00000000
0.00000000
0.00000000
0.00000000
0.00000000
0.00000000
0.00000000
0.00000000
0.00000000
0.00000000
0.00000000
0.00000000
0.00000000
0.00000000
0.00000000
0.00000000
0.00000000
0.00000000
0.00000000
0.00000000
0.00000000
0.00000000
0.00000000
0.00000000
0.00000000
0.00000000
0.00000000
0.00000000
0.00000000
0.00000000
0.00000000
0.00000000
0.00000000
0.00000000
0.00000000
0.00000000
0.27684209
0.34824629
0.37491162
0.00000000
0.00000000
0.00000000
0.00000000
0.00000000
0.00000000
0.00000000
0.00000000
0.00000000
0.00000000
0.00000000
0.00000000
0.00000000
0.00000000
0.00000000
0.00000000
0.00000000
0.00000000
0.00000000
0.00000000
0.00000000
0.00000000
0.00000000
0.00000000
0.00000000
0.00000000
0.00000000
0.00000000
0.00000000
0.00000000
0.00000000
0.00000000
0.00000000
0.00000000
0.00000000
0.00000000
0.00000000
0.00000000
0.00000000
0.00000000
0.00000000
0.00000000
0.00000000
0.00000000
0.00000000
0.00000000
0.00000000
0.00000000
0.00000000
0.00000000
0.00000000
0.00000000
0.00000000
0.00000000
0.00000000
0.00000000
0.00000000
0.00000000
0.00000000
0.00000000
0.00000000
0.00000000
0.00000000
0.00000000
0.00000000
0.00000000
0.00000000
0.00000000
0.00000000
0.00000000
0.00000000
0.00000000
0.00000000
0.00000000
0.00000000
0.00000000
0.00000000
0.00000000
0.00000000
0.00000000
0.00000000
0.00000000
0.00000000
0.00000000
0.00000000
0.00000000
0.00000000
0.00000000
0.00000000
0.00000000
0.00000000
0.00000000
0.00000000
0.00000000
0.00000000
0.00000000
0.00000000
0.00000000
0.00000000
0.00000000
0.00000000
0.00000000
0.00000000
0.00000000
0.00000000
0.00000000
0.00000000
0.00000000
0.00000000
0.00000000
0.00000000
0.00000000
0.00000000
0.00000000
0.00000000
0.00000000
0.00000000
0.00000000
0.00000000
0.00000000
0.00000000
0.00000000
0.00000000
0.00000000
0.00000000
0.23906100
0.24811564
0.25701295
0.25581040
0.00000000
0.00000000
0.00000000
0.00000000
0.00000000
0.00000000
0.00000000
0.00000000
0.00000000
0.00000000
0.00000000
0.00000000
0.00000000
0.00000000
0.00000000
0.00000000
0.00000000
0.00000000
0.00000000
0.00000000
0.00000000
0.00000000
0.00000000
0.00000000
0.00000000
0.00000000
0.00000000
0.00000000
0.00000000
0.00000000
0.00000000
0.00000000
0.00000000
0.00000000
0.00000000
0.00000000
0.00000000
0.00000000
0.00000000
0.00000000
0.00000000
0.00000000
0.00000000
0.00000000
0.00000000
0.00000000
0.00000000
0.00000000
0.00000000
0.00000000
0.00000000
0.00000000
0.00000000
0.00000000
0.00000000
0.00000000
0.00000000
0.00000000
0.00000000
0.00000000
0.00000000
0.00000000
0.00000000
0.00000000
0.00000000
0.00000000
0.00000000
0.00000000
0.00000000
0.00000000
0.00000000
0.00000000
0.00000000
0.00000000
0.00000000
0.00000000
0.00000000
0.00000000
0.00000000
0.00000000
0.00000000
0.00000000
0.00000000
0.00000000
0.00000000
0.00000000
0.00000000
0.00000000
0.00000000
0.00000000
0.00000000
0.00000000
0.00000000
0.00000000
0.00000000
0.00000000
0.00000000
0.00000000
0.00000000
0.00000000
0.00000000
0.00000000
0.00000000
0.00000000
0.00000000
0.00000000
0.00000000
0.00000000
0.00000000
0.00000000
0.00000000
0.00000000
0.00000000
0.00000000
0.00000000
0.00000000
0.00000000
0.00000000
0.00000000
0.00000000
0.00000000
0.00000000
0.00000000
0.00000000
0.20876685
0.19707147
0.20193202
0.20121723
0.19101242
0.00000000
0.00000000
0.00000000
0.00000000
0.00000000
0.00000000
0.00000000
0.00000000
0.00000000
0.00000000
0.00000000
0.00000000
0.00000000
0.00000000
0.00000000
0.00000000
0.00000000
0.00000000
0.00000000
0.00000000
0.00000000
0.00000000
0.00000000
0.00000000
0.00000000
0.00000000
0.00000000
0.00000000
0.00000000
0.00000000
0.00000000
0.00000000
0.00000000
0.00000000
0.00000000
0.00000000
0.00000000
0.00000000
0.00000000
0.00000000
0.00000000
0.00000000
0.00000000
0.00000000
0.00000000
0.00000000
0.00000000
0.00000000
0.00000000
0.00000000
0.00000000
0.00000000
0.00000000
0.00000000
0.00000000
0.00000000
0.00000000
0.00000000
0.00000000
0.00000000
0.00000000
0.00000000
0.00000000
0.00000000
0.00000000
0.00000000
0.00000000
0.00000000
0.00000000
0.00000000
0.00000000
0.00000000
0.00000000
0.00000000
0.00000000
0.00000000
0.00000000
0.00000000
0.00000000
0.00000000
0.00000000
0.00000000
0.00000000
0.00000000
0.00000000
0.00000000
0.00000000
0.00000000
0.00000000
0.00000000
0.00000000
0.00000000
0.00000000
0.00000000
0.00000000
0.00000000
0.00000000
0.00000000
0.00000000
0.00000000
0.00000000
0.00000000
0.00000000
0.00000000
0.00000000
0.00000000
0.00000000
0.00000000
0.00000000
0.00000000
0.00000000
0.00000000
0.00000000
0.00000000
0.00000000
0.00000000
0.00000000
0.00000000
0.00000000
0.00000000
0.00000000
0.00000000
0.00000000
0.15542334
0.16445885
0.17411920
0.17501778
0.16917172
0.16180911
0.00000000
0.00000000
0.00000000
0.00000000
0.00000000
0.00000000
0.00000000
0.00000000
0.00000000
0.00000000
0.00000000
0.00000000
0.00000000
0.00000000
0.00000000
0.00000000
0.00000000
0.00000000
0.00000000
0.00000000
0.00000000
0.00000000
0.00000000
0.00000000
0.00000000
0.00000000
0.00000000
0.00000000
0.00000000
0.00000000
0.00000000
0.00000000
0.00000000
0.00000000
0.00000000
0.00000000
0.00000000
0.00000000
0.00000000
0.00000000
0.00000000
0.00000000
0.00000000
0.00000000
0.00000000
0.00000000
0.00000000
0.00000000
0.00000000
0.00000000
0.00000000
0.00000000
0.00000000
0.00000000
0.00000000
0.00000000
0.00000000
0.00000000
0.00000000
0.00000000
0.00000000
0.00000000
0.00000000
0.00000000
0.00000000
0.00000000
0.00000000
0.00000000
0.00000000
0.00000000
0.00000000
0.00000000
0.00000000
0.00000000
0.00000000
0.00000000
0.00000000
0.00000000
0.00000000
0.00000000
0.00000000
0.00000000
0.00000000
0.00000000
0.00000000
0.00000000
0.00000000
0.00000000
0.00000000
0.00000000
0.00000000
0.00000000
0.00000000
0.00000000
0.00000000
0.00000000
0.00000000
0.00000000
0.00000000
0.00000000
0.00000000
0.00000000
0.00000000
0.00000000
0.00000000
0.00000000
0.00000000
0.00000000
0.00000000
0.00000000
0.00000000
0.00000000
0.00000000
0.00000000
0.00000000
0.00000000
0.00000000
0.00000000
0.00000000
0.00000000
0.00000000
0.00000000
0.02330819
0.09699441
0.15640562
0.15076678
0.19517727
0.10242206
0.27492568
0.00000000
0.00000000
0.00000000
0.00000000
0.00000000
0.00000000
0.00000000
0.00000000
0.00000000
0.00000000
0.00000000
0.00000000
0.00000000
0.00000000
0.00000000
0.00000000
0.00000000
0.00000000
0.00000000
0.00000000
0.00000000
0.00000000
0.00000000
0.00000000
0.00000000
0.00000000
0.00000000
0.00000000
0.00000000
0.00000000
0.00000000
0.00000000
0.00000000
0.00000000
0.00000000
0.00000000
0.00000000
0.00000000
0.00000000
0.00000000
0.00000000
0.00000000
0.00000000
0.00000000
0.00000000
0.00000000
0.00000000
0.00000000
0.00000000
0.00000000
0.00000000
0.00000000
0.00000000
0.00000000
0.00000000
0.00000000
0.00000000
0.00000000
0.00000000
0.00000000
0.00000000
0.00000000
0.00000000
0.00000000
0.00000000
0.00000000
0.00000000
0.00000000
0.00000000
0.00000000
0.00000000
0.00000000
0.00000000
0.00000000
0.00000000
0.00000000
0.00000000
0.00000000
0.00000000
0.00000000
0.00000000
0.00000000
0.00000000
0.00000000
0.00000000
0.00000000
0.00000000
0.00000000
0.00000000
0.00000000
0.00000000
0.00000000
0.00000000
0.00000000
0.00000000
0.00000000
0.00000000
0.00000000
0.00000000
0.00000000
0.00000000
0.00000000
0.00000000
0.00000000
0.00000000
0.00000000
0.00000000
0.00000000
0.00000000
0.00000000
0.00000000
0.00000000
0.00000000
0.00000000
0.00000000
0.00000000
0.00000000
0.00000000
0.00000000
0.00000000
0.00000000
0.13571152
0.12439750
0.12621785
0.12698538
0.12312341
0.12522556
0.11435326
0.12398553
0.00000000
0.00000000
0.00000000
0.00000000
0.00000000
0.00000000
0.00000000
0.00000000
0.00000000
0.00000000
0.00000000
0.00000000
0.00000000
0.00000000
0.00000000
0.00000000
0.00000000
0.00000000
0.00000000
0.00000000
0.00000000
0.00000000
0.00000000
0.00000000
0.00000000
0.00000000
0.00000000
0.00000000
0.00000000
0.00000000
0.00000000
0.00000000
0.00000000
0.00000000
0.00000000
0.00000000
0.00000000
0.00000000
0.00000000
0.00000000
0.00000000
0.00000000
0.00000000
0.00000000
0.00000000
0.00000000
0.00000000
0.00000000
0.00000000
0.00000000
0.00000000
0.00000000
0.00000000
0.00000000
0.00000000
0.00000000
0.00000000
0.00000000
0.00000000
0.00000000
0.00000000
0.00000000
0.00000000
0.00000000
0.00000000
0.00000000
0.00000000
0.00000000
0.00000000
0.00000000
0.00000000
0.00000000
0.00000000
0.00000000
0.00000000
0.00000000
0.00000000
0.00000000
0.00000000
0.00000000
0.00000000
0.00000000
0.00000000
0.00000000
0.00000000
0.00000000
0.00000000
0.00000000
0.00000000
0.00000000
0.00000000
0.00000000
0.00000000
0.00000000
0.00000000
0.00000000
0.00000000
0.00000000
0.00000000
0.00000000
0.00000000
0.00000000
0.00000000
0.00000000
0.00000000
0.00000000
0.00000000
0.00000000
0.00000000
0.00000000
0.00000000
0.00000000
0.00000000
0.00000000
0.00000000
0.00000000
0.00000000
0.00000000
0.00000000
0.00000000
0.10067261
0.11116863
0.11879430
0.12098850
0.11752381
0.11233187
0.09246991
0.11531327
0.11073712
0.00000000
0.00000000
0.00000000
0.00000000
0.00000000
0.00000000
0.00000000
0.00000000
0.00000000
0.00000000
0.00000000
0.00000000
0.00000000
0.00000000
0.00000000
0.00000000
0.00000000
0.00000000
0.00000000
0.00000000
0.00000000
0.00000000
0.00000000
0.00000000
0.00000000
0.00000000
0.00000000
0.00000000
0.00000000
0.00000000
0.00000000
0.00000000
0.00000000
0.00000000
0.00000000
0.00000000
0.00000000
0.00000000
0.00000000
0.00000000
0.00000000
0.00000000
0.00000000
0.00000000
0.00000000
0.00000000
0.00000000
0.00000000
0.00000000
0.00000000
0.00000000
0.00000000
0.00000000
0.00000000
0.00000000
0.00000000
0.00000000
0.00000000
0.00000000
0.00000000
0.00000000
0.00000000
0.00000000
0.00000000
0.00000000
0.00000000
0.00000000
0.00000000
0.00000000
0.00000000
0.00000000
0.00000000
0.00000000
0.00000000
0.00000000
0.00000000
0.00000000
0.00000000
0.00000000
0.00000000
0.00000000
0.00000000
0.00000000
0.00000000
0.00000000
0.00000000
0.00000000
0.00000000
0.00000000
0.00000000
0.00000000
0.00000000
0.00000000
0.00000000
0.00000000
0.00000000
0.00000000
0.00000000
0.00000000
0.00000000
0.00000000
0.00000000
0.00000000
0.00000000
0.00000000
0.00000000
0.00000000
0.00000000
0.00000000
0.00000000
0.00000000
0.00000000
0.00000000
0.00000000
0.00000000
0.00000000
0.00000000
0.00000000
0.00000000
0.09182159
0.09569266
0.10280798
0.10257305
0.10205809
0.09500553
0.09578027
0.10581463
0.09923760
0.10920861
0.00000000
0.00000000
0.00000000
0.00000000
0.00000000
0.00000000
0.00000000
0.00000000
0.00000000
0.00000000
0.00000000
0.00000000
0.00000000
0.00000000
0.00000000
0.00000000
0.00000000
0.00000000
0.00000000
0.00000000
0.00000000
0.00000000
0.00000000
0.00000000
0.00000000
0.00000000
0.00000000
0.00000000
0.00000000
0.00000000
0.00000000
0.00000000
0.00000000
0.00000000
0.00000000
0.00000000
0.00000000
0.00000000
0.00000000
0.00000000
0.00000000
0.00000000
0.00000000
0.00000000
0.00000000
0.00000000
0.00000000
0.00000000
0.00000000
0.00000000
0.00000000
0.00000000
0.00000000
0.00000000
0.00000000
0.00000000
0.00000000
0.00000000
0.00000000
0.00000000
0.00000000
0.00000000
0.00000000
0.00000000
0.00000000
0.00000000
0.00000000
0.00000000
0.00000000
0.00000000
0.00000000
0.00000000
0.00000000
0.00000000
0.00000000
0.00000000
0.00000000
0.00000000
0.00000000
0.00000000
0.00000000
0.00000000
0.00000000
0.00000000
0.00000000
0.00000000
0.00000000
0.00000000
0.00000000
0.00000000
0.00000000
0.00000000
0.00000000
0.00000000
0.00000000
0.00000000
0.00000000
0.00000000
0.00000000
0.00000000
0.00000000
0.00000000
0.00000000
0.00000000
0.00000000
0.00000000
0.00000000
0.00000000
0.00000000
0.00000000
0.00000000
0.00000000
0.00000000
0.00000000
0.00000000
0.00000000
0.00000000
0.00000000
0.08764274
0.08874234
0.09448318
0.09460214
0.09299278
0.08819587
0.08559189
0.09465626
0.09016462
0.09750256
0.08542560
0.00000000
0.00000000
0.00000000
0.00000000
0.00000000
0.00000000
0.00000000
0.00000000
0.00000000
0.00000000
0.00000000
0.00000000
0.00000000
0.00000000
0.00000000
0.00000000
0.00000000
0.00000000
0.00000000
0.00000000
0.00000000
0.00000000
0.00000000
0.00000000
0.00000000
0.00000000
0.00000000
0.00000000
0.00000000
0.00000000
0.00000000
0.00000000
0.00000000
0.00000000
0.00000000
0.00000000
0.00000000
0.00000000
0.00000000
0.00000000
0.00000000
0.00000000
0.00000000
0.00000000
0.00000000
0.00000000
0.00000000
0.00000000
0.00000000
0.00000000
0.00000000
0.00000000
0.00000000
0.00000000
0.00000000
0.00000000
0.00000000
0.00000000
0.00000000
0.00000000
0.00000000
0.00000000
0.00000000
0.00000000
0.00000000
0.00000000
0.00000000
0.00000000
0.00000000
0.00000000
0.00000000
0.00000000
0.00000000
0.00000000
0.00000000
0.00000000
0.00000000
0.00000000
0.00000000
0.00000000
0.00000000
0.00000000
0.00000000
0.00000000
0.00000000
0.00000000
0.00000000
0.00000000
0.00000000
0.00000000
0.00000000
0.00000000
0.00000000
0.00000000
0.00000000
0.00000000
0.00000000
0.00000000
0.00000000
0.00000000
0.00000000
0.00000000
0.00000000
0.00000000
0.00000000
0.00000000
0.00000000
0.00000000
0.00000000
0.00000000
0.00000000
0.00000000
0.00000000
0.00000000
0.00000000
0.00000000
0.00000000
0.06959076
0.08011344
0.08577550
0.08534487
0.08654423
0.07934735
0.08325249
0.08680201
0.08055452
0.09068939
0.08642552
0.08555991
0.00000000
0.00000000
0.00000000
0.00000000
0.00000000
0.00000000
0.00000000
0.00000000
0.00000000
0.00000000
0.00000000
0.00000000
0.00000000
0.00000000
0.00000000
0.00000000
0.00000000
0.00000000
0.00000000
0.00000000
0.00000000
0.00000000
0.00000000
0.00000000
0.00000000
0.00000000
0.00000000
0.00000000
0.00000000
0.00000000
0.00000000
0.00000000
0.00000000
0.00000000
0.00000000
0.00000000
0.00000000
0.00000000
0.00000000
0.00000000
0.00000000
0.00000000
0.00000000
0.00000000
0.00000000
0.00000000
0.00000000
0.00000000
0.00000000
0.00000000
0.00000000
0.00000000
0.00000000
0.00000000
0.00000000
0.00000000
0.00000000
0.00000000
0.00000000
0.00000000
0.00000000
0.00000000
0.00000000
0.00000000
0.00000000
0.00000000
0.00000000
0.00000000
0.00000000
0.00000000
0.00000000
0.00000000
0.00000000
0.00000000
0.00000000
0.00000000
0.00000000
0.00000000
0.00000000
0.00000000
0.00000000
0.00000000
0.00000000
0.00000000
0.00000000
0.00000000
0.00000000
0.00000000
0.00000000
0.00000000
0.00000000
0.00000000
0.00000000
0.00000000
0.00000000
0.00000000
0.00000000
0.00000000
0.00000000
0.00000000
0.00000000
0.00000000
0.00000000
0.00000000
0.00000000
0.00000000
0.00000000
0.00000000
0.00000000
0.00000000
0.00000000
0.00000000
0.00000000
0.00000000
0.00000000
0.00000000
0.07695230
0.07623387
0.07859810
0.07987607
0.07748226
0.07647843
0.06679896
0.07806050
0.07776640
0.08027910
0.07282437
0.08049980
0.07814985
0.00000000
0.00000000
0.00000000
0.00000000
0.00000000
0.00000000
0.00000000
0.00000000
0.00000000
0.00000000
0.00000000
0.00000000
0.00000000
0.00000000
0.00000000
0.00000000
0.00000000
0.00000000
0.00000000
0.00000000
0.00000000
0.00000000
0.00000000
0.00000000
0.00000000
0.00000000
0.00000000
0.00000000
0.00000000
0.00000000
0.00000000
0.00000000
0.00000000
0.00000000
0.00000000
0.00000000
0.00000000
0.00000000
0.00000000
0.00000000
0.00000000
0.00000000
0.00000000
0.00000000
0.00000000
0.00000000
0.00000000
0.00000000
0.00000000
0.00000000
0.00000000
0.00000000
0.00000000
0.00000000
0.00000000
0.00000000
0.00000000
0.00000000
0.00000000
0.00000000
0.00000000
0.00000000
0.00000000
0.00000000
0.00000000
0.00000000
0.00000000
0.00000000
0.00000000
0.00000000
0.00000000
0.00000000
0.00000000
0.00000000
0.00000000
0.00000000
0.00000000
0.00000000
0.00000000
0.00000000
0.00000000
0.00000000
0.00000000
0.00000000
0.00000000
0.00000000
0.00000000
0.00000000
0.00000000
0.00000000
0.00000000
0.00000000
0.00000000
0.00000000
0.00000000
0.00000000
0.00000000
0.00000000
0.00000000
0.00000000
0.00000000
0.00000000
0.00000000
0.00000000
0.00000000
0.00000000
0.00000000
0.00000000
0.00000000
0.00000000
0.00000000
0.00000000
0.00000000
0.00000000
0.00000000
0.06980971
0.07049984
0.07337963
0.07475209
0.07249526
0.07059668
0.06103009
0.07327059
0.07190065
0.07596753
0.06809042
0.07526690
0.07256163
0.07037898
0.00000000
0.00000000
0.00000000
0.00000000
0.00000000
0.00000000
0.00000000
0.00000000
0.00000000
0.00000000
0.00000000
0.00000000
0.00000000
0.00000000
0.00000000
0.00000000
0.00000000
0.00000000
0.00000000
0.00000000
0.00000000
0.00000000
0.00000000
0.00000000
0.00000000
0.00000000
0.00000000
0.00000000
0.00000000
0.00000000
0.00000000
0.00000000
0.00000000
0.00000000
0.00000000
0.00000000
0.00000000
0.00000000
0.00000000
0.00000000
0.00000000
0.00000000
0.00000000
0.00000000
0.00000000
0.00000000
0.00000000
0.00000000
0.00000000
0.00000000
0.00000000
0.00000000
0.00000000
0.00000000
0.00000000
0.00000000
0.00000000
0.00000000
0.00000000
0.00000000
0.00000000
0.00000000
0.00000000
0.00000000
0.00000000
0.00000000
0.00000000
0.00000000
0.00000000
0.00000000
0.00000000
0.00000000
0.00000000
0.00000000
0.00000000
0.00000000
0.00000000
0.00000000
0.00000000
0.00000000
0.00000000
0.00000000
0.00000000
0.00000000
0.00000000
0.00000000
0.00000000
0.00000000
0.00000000
0.00000000
0.00000000
0.00000000
0.00000000
0.00000000
0.00000000
0.00000000
0.00000000
0.00000000
0.00000000
0.00000000
0.00000000
0.00000000
0.00000000
0.00000000
0.00000000
0.00000000
0.00000000
0.00000000
0.00000000
0.00000000
0.00000000
0.00000000
0.00000000
0.00000000
0.04955551
0.06393302
0.07233158
0.07302158
0.07222409
0.06305422
0.05535167
0.07229849
0.06412344
0.08022074
0.06806891
0.07375190
0.06119954
0.06414545
0.06671986
0.00000000
0.00000000
0.00000000
0.00000000
0.00000000
0.00000000
0.00000000
0.00000000
0.00000000
0.00000000
0.00000000
0.00000000
0.00000000
0.00000000
0.00000000
0.00000000
0.00000000
0.00000000
0.00000000
0.00000000
0.00000000
0.00000000
0.00000000
0.00000000
0.00000000
0.00000000
0.00000000
0.00000000
0.00000000
0.00000000
0.00000000
0.00000000
0.00000000
0.00000000
0.00000000
0.00000000
0.00000000
0.00000000
0.00000000
0.00000000
0.00000000
0.00000000
0.00000000
0.00000000
0.00000000
0.00000000
0.00000000
0.00000000
0.00000000
0.00000000
0.00000000
0.00000000
0.00000000
0.00000000
0.00000000
0.00000000
0.00000000
0.00000000
0.00000000
0.00000000
0.00000000
0.00000000
0.00000000
0.00000000
0.00000000
0.00000000
0.00000000
0.00000000
0.00000000
0.00000000
0.00000000
0.00000000
0.00000000
0.00000000
0.00000000
0.00000000
0.00000000
0.00000000
0.00000000
0.00000000
0.00000000
0.00000000
0.00000000
0.00000000
0.00000000
0.00000000
0.00000000
0.00000000
0.00000000
0.00000000
0.00000000
0.00000000
0.00000000
0.00000000
0.00000000
0.00000000
0.00000000
0.00000000
0.00000000
0.00000000
0.00000000
0.00000000
0.00000000
0.00000000
0.00000000
0.00000000
0.00000000
0.00000000
0.00000000
0.00000000
0.00000000
0.00000000
0.00000000
0.06374486
0.06167202
0.06472206
0.06420589
0.06261029
0.06080343
0.05752203
0.06406650
0.06140453
0.06576689
0.06010500
0.06564663
0.06180620
0.06199739
0.06094967
0.06297661
0.00000000
0.00000000
0.00000000
0.00000000
0.00000000
0.00000000
0.00000000
0.00000000
0.00000000
0.00000000
0.00000000
0.00000000
0.00000000
0.00000000
0.00000000
0.00000000
0.00000000
0.00000000
0.00000000
0.00000000
0.00000000
0.00000000
0.00000000
0.00000000
0.00000000
0.00000000
0.00000000
0.00000000
0.00000000
0.00000000
0.00000000
0.00000000
0.00000000
0.00000000
0.00000000
0.00000000
0.00000000
0.00000000
0.00000000
0.00000000
0.00000000
0.00000000
0.00000000
0.00000000
0.00000000
0.00000000
0.00000000
0.00000000
0.00000000
0.00000000
0.00000000
0.00000000
0.00000000
0.00000000
0.00000000
0.00000000
0.00000000
0.00000000
0.00000000
0.00000000
0.00000000
0.00000000
0.00000000
0.00000000
0.00000000
0.00000000
0.00000000
0.00000000
0.00000000
0.00000000
0.00000000
0.00000000
0.00000000
0.00000000
0.00000000
0.00000000
0.00000000
0.00000000
0.00000000
0.00000000
0.00000000
0.00000000
0.00000000
0.00000000
0.00000000
0.00000000
0.00000000
0.00000000
0.00000000
0.00000000
0.00000000
0.00000000
0.00000000
0.00000000
0.00000000
0.00000000
0.00000000
0.00000000
0.00000000
0.00000000
0.00000000
0.00000000
0.00000000
0.00000000
0.00000000
0.00000000
0.00000000
0.00000000
0.00000000
0.00000000
0.00000000
0.00000000
0.06429459
0.05809114
0.06056789
0.06080391
0.05835087
0.05784580
0.05065767
0.06004362
0.05800482
0.06201206
0.05549306
0.06317191
0.06023624
0.05977636
0.05701805
0.05766082
0.05597119
0.00000000
0.00000000
0.00000000
0.00000000
0.00000000
0.00000000
0.00000000
0.00000000
0.00000000
0.00000000
0.00000000
0.00000000
0.00000000
0.00000000
0.00000000
0.00000000
0.00000000
0.00000000
0.00000000
0.00000000
0.00000000
0.00000000
0.00000000
0.00000000
0.00000000
0.00000000
0.00000000
0.00000000
0.00000000
0.00000000
0.00000000
0.00000000
0.00000000
0.00000000
0.00000000
0.00000000
0.00000000
0.00000000
0.00000000
0.00000000
0.00000000
0.00000000
0.00000000
0.00000000
0.00000000
0.00000000
0.00000000
0.00000000
0.00000000
0.00000000
0.00000000
0.00000000
0.00000000
0.00000000
0.00000000
0.00000000
0.00000000
0.00000000
0.00000000
0.00000000
0.00000000
0.00000000
0.00000000
0.00000000
0.00000000
0.00000000
0.00000000
0.00000000
0.00000000
0.00000000
0.00000000
0.00000000
0.00000000
0.00000000
0.00000000
0.00000000
0.00000000
0.00000000
0.00000000
0.00000000
0.00000000
0.00000000
0.00000000
0.00000000
0.00000000
0.00000000
0.00000000
0.00000000
0.00000000
0.00000000
0.00000000
0.00000000
0.00000000
0.00000000
0.00000000
0.00000000
0.00000000
0.00000000
0.00000000
0.00000000
0.00000000
0.00000000
0.00000000
0.00000000
0.00000000
0.00000000
0.00000000
0.00000000
0.00000000
0.00000000
0.00000000
0.00549834
0.03175755
0.04905952
0.04914377
0.05808954
0.03145386
0.04178543
0.04868497
0.03254826
0.06804603
0.05410630
0.03980262
0.02071094
0.02713250
0.04382689
0.09059361
0.09907084
0.20868904
0.00000000
0.00000000
0.00000000
0.00000000
0.00000000
0.00000000
0.00000000
0.00000000
0.00000000
0.00000000
0.00000000
0.00000000
0.00000000
0.00000000
0.00000000
0.00000000
0.00000000
0.00000000
0.00000000
0.00000000
0.00000000
0.00000000
0.00000000
0.00000000
0.00000000
0.00000000
0.00000000
0.00000000
0.00000000
0.00000000
0.00000000
0.00000000
0.00000000
0.00000000
0.00000000
0.00000000
0.00000000
0.00000000
0.00000000
0.00000000
0.00000000
0.00000000
0.00000000
0.00000000
0.00000000
0.00000000
0.00000000
0.00000000
0.00000000
0.00000000
0.00000000
0.00000000
0.00000000
0.00000000
0.00000000
0.00000000
0.00000000
0.00000000
0.00000000
0.00000000
0.00000000
0.00000000
0.00000000
0.00000000
0.00000000
0.00000000
0.00000000
0.00000000
0.00000000
0.00000000
0.00000000
0.00000000
0.00000000
0.00000000
0.00000000
0.00000000
0.00000000
0.00000000
0.00000000
0.00000000
0.00000000
0.00000000
0.00000000
0.00000000
0.00000000
0.00000000
0.00000000
0.00000000
0.00000000
0.00000000
0.00000000
0.00000000
0.00000000
0.00000000
0.00000000
0.00000000
0.00000000
0.00000000
0.00000000
0.00000000
0.00000000
0.00000000
0.00000000
0.00000000
0.00000000
0.00000000
0.00000000
0.00000000
0.00000000
0.00000000
0.04232993
0.05048379
0.05513204
0.05487409
0.05497461
0.04994958
0.05122253
0.05459235
0.05045492
0.05785203
0.05287758
0.05423135
0.04794541
0.04941538
0.05213882
0.05588764
0.05525832
0.05382963
0.05655000
0.00000000
0.00000000
0.00000000
0.00000000
0.00000000
0.00000000
0.00000000
0.00000000
0.00000000
0.00000000
0.00000000
0.00000000
0.00000000
0.00000000
0.00000000
0.00000000
0.00000000
0.00000000
0.00000000
0.00000000
0.00000000
0.00000000
0.00000000
0.00000000
0.00000000
0.00000000
0.00000000
0.00000000
0.00000000
0.00000000
0.00000000
0.00000000
0.00000000
0.00000000
0.00000000
0.00000000
0.00000000
0.00000000
0.00000000
0.00000000
0.00000000
0.00000000
0.00000000
0.00000000
0.00000000
0.00000000
0.00000000
0.00000000
0.00000000
0.00000000
0.00000000
0.00000000
0.00000000
0.00000000
0.00000000
0.00000000
0.00000000
0.00000000
0.00000000
0.00000000
0.00000000
0.00000000
0.00000000
0.00000000
0.00000000
0.00000000
0.00000000
0.00000000
0.00000000
0.00000000
0.00000000
0.00000000
0.00000000
0.00000000
0.00000000
0.00000000
0.00000000
0.00000000
0.00000000
0.00000000
0.00000000
0.00000000
0.00000000
0.00000000
0.00000000
0.00000000
0.00000000
0.00000000
0.00000000
0.00000000
0.00000000
0.00000000
0.00000000
0.00000000
0.00000000
0.00000000
0.00000000
0.00000000
0.00000000
0.00000000
0.00000000
0.00000000
0.00000000
0.00000000
0.00000000
0.00000000
0.00000000
0.00000000
0.00000000
0.05646552
0.04988637
0.05088923
0.05155129
0.05032770
0.05007504
0.04513501
0.05144525
0.04950550
0.05256958
0.04846334
0.05386615
0.05174625
0.04989778
0.04764979
0.04927387
0.04864106
0.04268942
0.05116941
0.04875246
0.00000000
0.00000000
0.00000000
0.00000000
0.00000000
0.00000000
0.00000000
0.00000000
0.00000000
0.00000000
0.00000000
0.00000000
0.00000000
0.00000000
0.00000000
0.00000000
0.00000000
0.00000000
0.00000000
0.00000000
0.00000000
0.00000000
0.00000000
0.00000000
0.00000000
0.00000000
0.00000000
0.00000000
0.00000000
0.00000000
0.00000000
0.00000000
0.00000000
0.00000000
0.00000000
0.00000000
0.00000000
0.00000000
0.00000000
0.00000000
0.00000000
0.00000000
0.00000000
0.00000000
0.00000000
0.00000000
0.00000000
0.00000000
0.00000000
0.00000000
0.00000000
0.00000000
0.00000000
0.00000000
0.00000000
0.00000000
0.00000000
0.00000000
0.00000000
0.00000000
0.00000000
0.00000000
0.00000000
0.00000000
0.00000000
0.00000000
0.00000000
0.00000000
0.00000000
0.00000000
0.00000000
0.00000000
0.00000000
0.00000000
0.00000000
0.00000000
0.00000000
0.00000000
0.00000000
0.00000000
0.00000000
0.00000000
0.00000000
0.00000000
0.00000000
0.00000000
0.00000000
0.00000000
0.00000000
0.00000000
0.00000000
0.00000000
0.00000000
0.00000000
0.00000000
0.00000000
0.00000000
0.00000000
0.00000000
0.00000000
0.00000000
0.00000000
0.00000000
0.00000000
0.00000000
0.00000000
0.00000000
0.00000000
0.04364429
0.04596021
0.04870447
0.04919721
0.04851541
0.04571901
0.04241387
0.04924225
0.04600228
0.05180186
0.04638803
0.05037602
0.04588141
0.04556759
0.04524039
0.04936068
0.04893902
0.04496695
0.05252383
0.04991142
0.04964380
0.00000000
0.00000000
0.00000000
0.00000000
0.00000000
0.00000000
0.00000000
0.00000000
0.00000000
0.00000000
0.00000000
0.00000000
0.00000000
0.00000000
0.00000000
0.00000000
0.00000000
0.00000000
0.00000000
0.00000000
0.00000000
0.00000000
0.00000000
0.00000000
0.00000000
0.00000000
0.00000000
0.00000000
0.00000000
0.00000000
0.00000000
0.00000000
0.00000000
0.00000000
0.00000000
0.00000000
0.00000000
0.00000000
0.00000000
0.00000000
0.00000000
0.00000000
0.00000000
0.00000000
0.00000000
0.00000000
0.00000000
0.00000000
0.00000000
0.00000000
0.00000000
0.00000000
0.00000000
0.00000000
0.00000000
0.00000000
0.00000000
0.00000000
0.00000000
0.00000000
0.00000000
0.00000000
0.00000000
0.00000000
0.00000000
0.00000000
0.00000000
0.00000000
0.00000000
0.00000000
0.00000000
0.00000000
0.00000000
0.00000000
0.00000000
0.00000000
0.00000000
0.00000000
0.00000000
0.00000000
0.00000000
0.00000000
0.00000000
0.00000000
0.00000000
0.00000000
0.00000000
0.00000000
0.00000000
0.00000000
0.00000000
0.00000000
0.00000000
0.00000000
0.00000000
0.00000000
0.00000000
0.00000000
0.00000000
0.00000000
0.00000000
0.00000000
0.00000000
0.00000000
0.00000000
0.00000000
0.00000000
0.04739817
0.04528868
0.04666651
0.04703091
0.04554323
0.04436572
0.03909788
0.04692881
0.04512320
0.04815782
0.04339203
0.04806976
0.04629433
0.04567888
0.04359602
0.04511804
0.04407235
0.03706410
0.04806976
0.04693418
0.04767003
0.04843958
0.00000000
0.00000000
0.00000000
0.00000000
0.00000000
0.00000000
0.00000000
0.00000000
0.00000000
0.00000000
0.00000000
0.00000000
0.00000000
0.00000000
0.00000000
0.00000000
0.00000000
0.00000000
0.00000000
0.00000000
0.00000000
0.00000000
0.00000000
0.00000000
0.00000000
0.00000000
0.00000000
0.00000000
0.00000000
0.00000000
0.00000000
0.00000000
0.00000000
0.00000000
0.00000000
0.00000000
0.00000000
0.00000000
0.00000000
0.00000000
0.00000000
0.00000000
0.00000000
0.00000000
0.00000000
0.00000000
0.00000000
0.00000000
0.00000000
0.00000000
0.00000000
0.00000000
0.00000000
0.00000000
0.00000000
0.00000000
0.00000000
0.00000000
0.00000000
0.00000000
0.00000000
0.00000000
0.00000000
0.00000000
0.00000000
0.00000000
0.00000000
0.00000000
0.00000000
0.00000000
0.00000000
0.00000000
0.00000000
0.00000000
0.00000000
0.00000000
0.00000000
0.00000000
0.00000000
0.00000000
0.00000000
0.00000000
0.00000000
0.00000000
0.00000000
0.00000000
0.00000000
0.00000000
0.00000000
0.00000000
0.00000000
0.00000000
0.00000000
0.00000000
0.00000000
0.00000000
0.00000000
0.00000000
0.00000000
0.00000000
0.00000000
0.00000000
0.00000000
0.00000000
0.00000000
0.00000000
0.00721271
0.02854159
0.03967360
0.04376986
0.05099123
0.03031854
0.03033935
0.04486992
0.03106631
0.05895722
0.04463444
0.03638689
0.02280132
0.02736194
0.03727580
0.05107295
0.05283183
0.05455760
0.05863440
0.05659163
0.06267796
0.04622443
0.08320848
0.00000000
0.00000000
0.00000000
0.00000000
0.00000000
0.00000000
0.00000000
0.00000000
0.00000000
0.00000000
0.00000000
0.00000000
0.00000000
0.00000000
0.00000000
0.00000000
0.00000000
0.00000000
0.00000000
0.00000000
0.00000000
0.00000000
0.00000000
0.00000000
0.00000000
0.00000000
0.00000000
0.00000000
0.00000000
0.00000000
0.00000000
0.00000000
0.00000000
0.00000000
0.00000000
0.00000000
0.00000000
0.00000000
0.00000000
0.00000000
0.00000000
0.00000000
0.00000000
0.00000000
0.00000000
0.00000000
0.00000000
0.00000000
0.00000000
0.00000000
0.00000000
0.00000000
0.00000000
0.00000000
0.00000000
0.00000000
0.00000000
0.00000000
0.00000000
0.00000000
0.00000000
0.00000000
0.00000000
0.00000000
0.00000000
0.00000000
0.00000000
0.00000000
0.00000000
0.00000000
0.00000000
0.00000000
0.00000000
0.00000000
0.00000000
0.00000000
0.00000000
0.00000000
0.00000000
0.00000000
0.00000000
0.00000000
0.00000000
0.00000000
0.00000000
0.00000000
0.00000000
0.00000000
0.00000000
0.00000000
0.00000000
0.00000000
0.00000000
0.00000000
0.00000000
0.00000000
0.00000000
0.00000000
0.00000000
0.00000000
0.00000000
0.00000000
0.00000000
0.00000000
0.00000000
0.04980107
0.04211727
0.04306728
0.04333412
0.04176704
0.04225238
0.03749190
0.04225721
0.04200660
0.04307220
0.04074305
0.04474964
0.04389789
0.04261643
0.04084104
0.04117408
0.04051069
0.03505713
0.04151934
0.04021060
0.04003619
0.04306728
0.03794058
0.04046900
0.00000000
0.00000000
0.00000000
0.00000000
0.00000000
0.00000000
0.00000000
0.00000000
0.00000000
0.00000000
0.00000000
0.00000000
0.00000000
0.00000000
0.00000000
0.00000000
0.00000000
0.00000000
0.00000000
0.00000000
0.00000000
0.00000000
0.00000000
0.00000000
0.00000000
0.00000000
0.00000000
0.00000000
0.00000000
0.00000000
0.00000000
0.00000000
0.00000000
0.00000000
0.00000000
0.00000000
0.00000000
0.00000000
0.00000000
0.00000000
0.00000000
0.00000000
0.00000000
0.00000000
0.00000000
0.00000000
0.00000000
0.00000000
0.00000000
0.00000000
0.00000000
0.00000000
0.00000000
0.00000000
0.00000000
0.00000000
0.00000000
0.00000000
0.00000000
0.00000000
0.00000000
0.00000000
0.00000000
0.00000000
0.00000000
0.00000000
0.00000000
0.00000000
0.00000000
0.00000000
0.00000000
0.00000000
0.00000000
0.00000000
0.00000000
0.00000000
0.00000000
0.00000000
0.00000000
0.00000000
0.00000000
0.00000000
0.00000000
0.00000000
0.00000000
0.00000000
0.00000000
0.00000000
0.00000000
0.00000000
0.00000000
0.00000000
0.00000000
0.00000000
0.00000000
0.00000000
0.00000000
0.00000000
0.00000000
0.00000000
0.00000000
0.00000000
0.00000000
0.00000000
0.03731671
0.03963998
0.04196364
0.04236880
0.04117904
0.03957655
0.03502128
0.04181032
0.04039525
0.04400374
0.03959466
0.04339888
0.04036754
0.04006851
0.03888993
0.04072466
0.04027068
0.03409240
0.04334927
0.04059908
0.04104267
0.04188691
0.03378185
0.03846521
0.04019245
0.00000000
0.00000000
0.00000000
0.00000000
0.00000000
0.00000000
0.00000000
0.00000000
0.00000000
0.00000000
0.00000000
0.00000000
0.00000000
0.00000000
0.00000000
0.00000000
0.00000000
0.00000000
0.00000000
0.00000000
0.00000000
0.00000000
0.00000000
0.00000000
0.00000000
0.00000000
0.00000000
0.00000000
0.00000000
0.00000000
0.00000000
0.00000000
0.00000000
0.00000000
0.00000000
0.00000000
0.00000000
0.00000000
0.00000000
0.00000000
0.00000000
0.00000000
0.00000000
0.00000000
0.00000000
0.00000000
0.00000000
0.00000000
0.00000000
0.00000000
0.00000000
0.00000000
0.00000000
0.00000000
0.00000000
0.00000000
0.00000000
0.00000000
0.00000000
0.00000000
0.00000000
0.00000000
0.00000000
0.00000000
0.00000000
0.00000000
0.00000000
0.00000000
0.00000000
0.00000000
0.00000000
0.00000000
0.00000000
0.00000000
0.00000000
0.00000000
0.00000000
0.00000000
0.00000000
0.00000000
0.00000000
0.00000000
0.00000000
0.00000000
0.00000000
0.00000000
0.00000000
0.00000000
0.00000000
0.00000000
0.00000000
0.00000000
0.00000000
0.00000000
0.00000000
0.00000000
0.00000000
0.00000000
0.00000000
0.00000000
0.00000000
0.00000000
0.00000000
0.00673482
0.02777090
0.03833829
0.03980404
0.04337955
0.02631730
0.02298383
0.04152960
0.02906776
0.05499429
0.04114658
0.03431191
0.02162439
0.02640776
0.03551793
0.04691531
0.04670114
0.05248665
0.05307834
0.04731412
0.05129365
0.03883706
0.03575845
0.04037265
0.01993758
0.07737610
0.00000000
0.00000000
0.00000000
0.00000000
0.00000000
0.00000000
0.00000000
0.00000000
0.00000000
0.00000000
0.00000000
0.00000000
0.00000000
0.00000000
0.00000000
0.00000000
0.00000000
0.00000000
0.00000000
0.00000000
0.00000000
0.00000000
0.00000000
0.00000000
0.00000000
0.00000000
0.00000000
0.00000000
0.00000000
0.00000000
0.00000000
0.00000000
0.00000000
0.00000000
0.00000000
0.00000000
0.00000000
0.00000000
0.00000000
0.00000000
0.00000000
0.00000000
0.00000000
0.00000000
0.00000000
0.00000000
0.00000000
0.00000000
0.00000000
0.00000000
0.00000000
0.00000000
0.00000000
0.00000000
0.00000000
0.00000000
0.00000000
0.00000000
0.00000000
0.00000000
0.00000000
0.00000000
0.00000000
0.00000000
0.00000000
0.00000000
0.00000000
0.00000000
0.00000000
0.00000000
0.00000000
0.00000000
0.00000000
0.00000000
0.00000000
0.00000000
0.00000000
0.00000000
0.00000000
0.00000000
0.00000000
0.00000000
0.00000000
0.00000000
0.00000000
0.00000000
0.00000000
0.00000000
0.00000000
0.00000000
0.00000000
0.00000000
0.00000000
0.00000000
0.00000000
0.00000000
0.00000000
0.00000000
0.00000000
0.00000000
0.00000000
0.00000000
0.03747754
0.03689902
0.03757627
0.03762358
0.03731498
0.03646682
0.03553211
0.03794774
0.03629620
0.03840188
0.03594089
0.03823969
0.03672217
0.03637517
0.03574818
0.03683155
0.03646682
0.03516819
0.03833604
0.03725101
0.03691168
0.03803031
0.03460948
0.03728085
0.03704704
0.03836675
0.03913804
0.00000000
0.00000000
0.00000000
0.00000000
0.00000000
0.00000000
0.00000000
0.00000000
0.00000000
0.00000000
0.00000000
0.00000000
0.00000000
0.00000000
0.00000000
0.00000000
0.00000000
0.00000000
0.00000000
0.00000000
0.00000000
0.00000000
0.00000000
0.00000000
0.00000000
0.00000000
0.00000000
0.00000000
0.00000000
0.00000000
0.00000000
0.00000000
0.00000000
0.00000000
0.00000000
0.00000000
0.00000000
0.00000000
0.00000000
0.00000000
0.00000000
0.00000000
0.00000000
0.00000000
0.00000000
0.00000000
0.00000000
0.00000000
0.00000000
0.00000000
0.00000000
0.00000000
0.00000000
0.00000000
0.00000000
0.00000000
0.00000000
0.00000000
0.00000000
0.00000000
0.00000000
0.00000000
0.00000000
0.00000000
0.00000000
0.00000000
0.00000000
0.00000000
0.00000000
0.00000000
0.00000000
0.00000000
0.00000000
0.00000000
0.00000000
0.00000000
0.00000000
0.00000000
0.00000000
0.00000000
0.00000000
0.00000000
0.00000000
0.00000000
0.00000000
0.00000000
0.00000000
0.00000000
0.00000000
0.00000000
0.00000000
0.00000000
0.00000000
0.00000000
0.00000000
0.00000000
0.00000000
0.00000000
0.00000000
0.00000000
0.00000000
0.04153262
0.03700532
0.03743961
0.03692075
0.03552458
0.03563040
0.03364588
0.03688698
0.03593328
0.03702225
0.03339282
0.03831039
0.03706462
0.03604855
0.03388922
0.03485241
0.03418121
0.03001259
0.03730281
0.03568750
0.03535837
0.03761561
0.03134951
0.03507237
0.03783136
0.03254807
0.03857864
0.03336228
0.00000000
0.00000000
0.00000000
0.00000000
0.00000000
0.00000000
0.00000000
0.00000000
0.00000000
0.00000000
0.00000000
0.00000000
0.00000000
0.00000000
0.00000000
0.00000000
0.00000000
0.00000000
0.00000000
0.00000000
0.00000000
0.00000000
0.00000000
0.00000000
0.00000000
0.00000000
0.00000000
0.00000000
0.00000000
0.00000000
0.00000000
0.00000000
0.00000000
0.00000000
0.00000000
0.00000000
0.00000000
0.00000000
0.00000000
0.00000000
0.00000000
0.00000000
0.00000000
0.00000000
0.00000000
0.00000000
0.00000000
0.00000000
0.00000000
0.00000000
0.00000000
0.00000000
0.00000000
0.00000000
0.00000000
0.00000000
0.00000000
0.00000000
0.00000000
0.00000000
0.00000000
0.00000000
0.00000000
0.00000000
0.00000000
0.00000000
0.00000000
0.00000000
0.00000000
0.00000000
0.00000000
0.00000000
0.00000000
0.00000000
0.00000000
0.00000000
0.00000000
0.00000000
0.00000000
0.00000000
0.00000000
0.00000000
0.00000000
0.00000000
0.00000000
0.00000000
0.00000000
0.00000000
0.00000000
0.00000000
0.00000000
0.00000000
0.00000000
0.00000000
0.00000000
0.00000000
0.00000000
0.00000000
0.00000000
0.00000000
0.00607857
0.02109844
0.02994780
0.03508483
0.03978011
0.02525194
0.01973957
0.03487676
0.02443360
0.04842977
0.03696346
0.03122464
0.01965395
0.02386458
0.03198744
0.04357223
0.04363209
0.04523292
0.04635914
0.04070068
0.04431617
0.03329026
0.03118180
0.03155858
0.01676284
0.03221142
0.03896051
0.05474789
0.06905801
0.00000000
0.00000000
0.00000000
0.00000000
0.00000000
0.00000000
0.00000000
0.00000000
0.00000000
0.00000000
0.00000000
0.00000000
0.00000000
0.00000000
0.00000000
0.00000000
0.00000000
0.00000000
0.00000000
0.00000000
0.00000000
0.00000000
0.00000000
0.00000000
0.00000000
0.00000000
0.00000000
0.00000000
0.00000000
0.00000000
0.00000000
0.00000000
0.00000000
0.00000000
0.00000000
0.00000000
0.00000000
0.00000000
0.00000000
0.00000000
0.00000000
0.00000000
0.00000000
0.00000000
0.00000000
0.00000000
0.00000000
0.00000000
0.00000000
0.00000000
0.00000000
0.00000000
0.00000000
0.00000000
0.00000000
0.00000000
0.00000000
0.00000000
0.00000000
0.00000000
0.00000000
0.00000000
0.00000000
0.00000000
0.00000000
0.00000000
0.00000000
0.00000000
0.00000000
0.00000000
0.00000000
0.00000000
0.00000000
0.00000000
0.00000000
0.00000000
0.00000000
0.00000000
0.00000000
0.00000000
0.00000000
0.00000000
0.00000000
0.00000000
0.00000000
0.00000000
0.00000000
0.00000000
0.00000000
0.00000000
0.00000000
0.00000000
0.00000000
0.00000000
0.00000000
0.00000000
0.00000000
0.00000000
0.00000000
0.03466402
0.03370218
0.03538109
0.03503474
0.03378324
0.03282707
0.02942994
0.03416408
0.03335700
0.03528410
0.03240177
0.03518736
0.03349465
0.03289096
0.03211763
0.03325794
0.03283458
0.02963602
0.03482697
0.03334556
0.03368291
0.03481900
0.03070226
0.03305692
0.03348316
0.03133380
0.03580451
0.03359057
0.03138043
0.03452551
0.00000000
0.00000000
0.00000000
0.00000000
0.00000000
0.00000000
0.00000000
0.00000000
0.00000000
0.00000000
0.00000000
0.00000000
0.00000000
0.00000000
0.00000000
0.00000000
0.00000000
0.00000000
0.00000000
0.00000000
0.00000000
0.00000000
0.00000000
0.00000000
0.00000000
0.00000000
0.00000000
0.00000000
0.00000000
0.00000000
0.00000000
0.00000000
0.00000000
0.00000000
0.00000000
0.00000000
0.00000000
0.00000000
0.00000000
0.00000000
0.00000000
0.00000000
0.00000000
0.00000000
0.00000000
0.00000000
0.00000000
0.00000000
0.00000000
0.00000000
0.00000000
0.00000000
0.00000000
0.00000000
0.00000000
0.00000000
0.00000000
0.00000000
0.00000000
0.00000000
0.00000000
0.00000000
0.00000000
0.00000000
0.00000000
0.00000000
0.00000000
0.00000000
0.00000000
0.00000000
0.00000000
0.00000000
0.00000000
0.00000000
0.00000000
0.00000000
0.00000000
0.00000000
0.00000000
0.00000000
0.00000000
0.00000000
0.00000000
0.00000000
0.00000000
0.00000000
0.00000000
0.00000000
0.00000000
0.00000000
0.00000000
0.00000000
0.00000000
0.00000000
0.00000000
0.00000000
0.00000000
0.00000000
0.03220488
0.03207621
0.03403426
0.03403037
0.03321884
0.03168963
0.02856990
0.03337882
0.03176221
0.03477011
0.03151971
0.03415907
0.03183131
0.03135788
0.03096579
0.03271355
0.03224174
0.02914424
0.03419034
0.03271729
0.03284103
0.03392931
0.02981527
0.03203954
0.03172953
0.02969953
0.03504964
0.03257911
0.02995542
0.03363947
0.03214600
0.00000000
0.00000000
0.00000000
0.00000000
0.00000000
0.00000000
0.00000000
0.00000000
0.00000000
0.00000000
0.00000000
0.00000000
0.00000000
0.00000000
0.00000000
0.00000000
0.00000000
0.00000000
0.00000000
0.00000000
0.00000000
0.00000000
0.00000000
0.00000000
0.00000000
0.00000000
0.00000000
0.00000000
0.00000000
0.00000000
0.00000000
0.00000000
0.00000000
0.00000000
0.00000000
0.00000000
0.00000000
0.00000000
0.00000000
0.00000000
0.00000000
0.00000000
0.00000000
0.00000000
0.00000000
0.00000000
0.00000000
0.00000000
0.00000000
0.00000000
0.00000000
0.00000000
0.00000000
0.00000000
0.00000000
0.00000000
0.00000000
0.00000000
0.00000000
0.00000000
0.00000000
0.00000000
0.00000000
0.00000000
0.00000000
0.00000000
0.00000000
0.00000000
0.00000000
0.00000000
0.00000000
0.00000000
0.00000000
0.00000000
0.00000000
0.00000000
0.00000000
0.00000000
0.00000000
0.00000000
0.00000000
0.00000000
0.00000000
0.00000000
0.00000000
0.00000000
0.00000000
0.00000000
0.00000000
0.00000000
0.00000000
0.00000000
0.00000000
0.00000000
0.00000000
0.00000000
0.00000000
0.00552704
0.02124975
0.02581701
0.02907512
0.03181400
0.02071929
0.01755461
0.03247212
0.02485495
0.04301496
0.03125848
0.02757848
0.01756466
0.02189623
0.02926866
0.04039211
0.04035978
0.03657429
0.04230255
0.03901612
0.04147839
0.03098437
0.02736166
0.02744944
0.01737482
0.02906515
0.03353283
0.04118998
0.02992201
0.03547414
0.04406580
0.06379120
0.00000000
0.00000000
0.00000000
0.00000000
0.00000000
0.00000000
0.00000000
0.00000000
0.00000000
0.00000000
0.00000000
0.00000000
0.00000000
0.00000000
0.00000000
0.00000000
0.00000000
0.00000000
0.00000000
0.00000000
0.00000000
0.00000000
0.00000000
0.00000000
0.00000000
0.00000000
0.00000000
0.00000000
0.00000000
0.00000000
0.00000000
0.00000000
0.00000000
0.00000000
0.00000000
0.00000000
0.00000000
0.00000000
0.00000000
0.00000000
0.00000000
0.00000000
0.00000000
0.00000000
0.00000000
0.00000000
0.00000000
0.00000000
0.00000000
0.00000000
0.00000000
0.00000000
0.00000000
0.00000000
0.00000000
0.00000000
0.00000000
0.00000000
0.00000000
0.00000000
0.00000000
0.00000000
0.00000000
0.00000000
0.00000000
0.00000000
0.00000000
0.00000000
0.00000000
0.00000000
0.00000000
0.00000000
0.00000000
0.00000000
0.00000000
0.00000000
0.00000000
0.00000000
0.00000000
0.00000000
0.00000000
0.00000000
0.00000000
0.00000000
0.00000000
0.00000000
0.00000000
0.00000000
0.00000000
0.00000000
0.00000000
0.00000000
0.00000000
0.00000000
0.00000000
0.00000000
0.01095275
0.02480693
0.02931254
0.03075166
0.03114817
0.02345475
0.01845252
0.03179616
0.02688725
0.03919099
0.03094928
0.02993603
0.02195918
0.02478708
0.02907544
0.03700816
0.03682658
0.03072705
0.03904333
0.03659562
0.03831334
0.03284606
0.02653284
0.02900568
0.02190399
0.02762614
0.03398500
0.03641189
0.02659057
0.03317077
0.03573927
0.03540561
0.03880735
0.00000000
0.00000000
0.00000000
0.00000000
0.00000000
0.00000000
0.00000000
0.00000000
0.00000000
0.00000000
0.00000000
0.00000000
0.00000000
0.00000000
0.00000000
0.00000000
0.00000000
0.00000000
0.00000000
0.00000000
0.00000000
0.00000000
0.00000000
0.00000000
0.00000000
0.00000000
0.00000000
0.00000000
0.00000000
0.00000000
0.00000000
0.00000000
0.00000000
0.00000000
0.00000000
0.00000000
0.00000000
0.00000000
0.00000000
0.00000000
0.00000000
0.00000000
0.00000000
0.00000000
0.00000000
0.00000000
0.00000000
0.00000000
0.00000000
0.00000000
0.00000000
0.00000000
0.00000000
0.00000000
0.00000000
0.00000000
0.00000000
0.00000000
0.00000000
0.00000000
0.00000000
0.00000000
0.00000000
0.00000000
0.00000000
0.00000000
0.00000000
0.00000000
0.00000000
0.00000000
0.00000000
0.00000000
0.00000000
0.00000000
0.00000000
0.00000000
0.00000000
0.00000000
0.00000000
0.00000000
0.00000000
0.00000000
0.00000000
0.00000000
0.00000000
0.00000000
0.00000000
0.00000000
0.00000000
0.00000000
0.00000000
0.00000000
0.00000000
0.00000000
0.00000000
0.03019423
0.02974515
0.03003921
0.02970435
0.02968397
0.02935307
0.03092125
0.03020114
0.02949443
0.02997399
0.02891649
0.02988498
0.02929269
0.02936314
0.02936986
0.02929939
0.02880096
0.02858761
0.02952481
0.02936650
0.02928934
0.02948093
0.02946408
0.02892973
0.02893635
0.02986106
0.02967718
0.02874500
0.02848967
0.02891649
0.02873514
0.02931951
0.02929269
0.02914563
0.00000000
0.00000000
0.00000000
0.00000000
0.00000000
0.00000000
0.00000000
0.00000000
0.00000000
0.00000000
0.00000000
0.00000000
0.00000000
0.00000000
0.00000000
0.00000000
0.00000000
0.00000000
0.00000000
0.00000000
0.00000000
0.00000000
0.00000000
0.00000000
0.00000000
0.00000000
0.00000000
0.00000000
0.00000000
0.00000000
0.00000000
0.00000000
0.00000000
0.00000000
0.00000000
0.00000000
0.00000000
0.00000000
0.00000000
0.00000000
0.00000000
0.00000000
0.00000000
0.00000000
0.00000000
0.00000000
0.00000000
0.00000000
0.00000000
0.00000000
0.00000000
0.00000000
0.00000000
0.00000000
0.00000000
0.00000000
0.00000000
0.00000000
0.00000000
0.00000000
0.00000000
0.00000000
0.00000000
0.00000000
0.00000000
0.00000000
0.00000000
0.00000000
0.00000000
0.00000000
0.00000000
0.00000000
0.00000000
0.00000000
0.00000000
0.00000000
0.00000000
0.00000000
0.00000000
0.00000000
0.00000000
0.00000000
0.00000000
0.00000000
0.00000000
0.00000000
0.00000000
0.00000000
0.00000000
0.00000000
0.00000000
0.00000000
0.00000000
0.00000000
0.02615549
0.02757176
0.02921471
0.03004504
0.02949678
0.02818400
0.02441499
0.02983954
0.02833918
0.03161401
0.02815500
0.03096265
0.02853108
0.02848543
0.02775847
0.02964222
0.02938228
0.02469870
0.03171905
0.02987369
0.03010008
0.03093079
0.02462254
0.02881973
0.02868817
0.02452696
0.03241968
0.02969312
0.02485173
0.03105132
0.02995581
0.02533104
0.02690502
0.03043244
0.02758753
0.00000000
0.00000000
0.00000000
0.00000000
0.00000000
0.00000000
0.00000000
0.00000000
0.00000000
0.00000000
0.00000000
0.00000000
0.00000000
0.00000000
0.00000000
0.00000000
0.00000000
0.00000000
0.00000000
0.00000000
0.00000000
0.00000000
0.00000000
0.00000000
0.00000000
0.00000000
0.00000000
0.00000000
0.00000000
0.00000000
0.00000000
0.00000000
0.00000000
0.00000000
0.00000000
0.00000000
0.00000000
0.00000000
0.00000000
0.00000000
0.00000000
0.00000000
0.00000000
0.00000000
0.00000000
0.00000000
0.00000000
0.00000000
0.00000000
0.00000000
0.00000000
0.00000000
0.00000000
0.00000000
0.00000000
0.00000000
0.00000000
0.00000000
0.00000000
0.00000000
0.00000000
0.00000000
0.00000000
0.00000000
0.00000000
0.00000000
0.00000000
0.00000000
0.00000000
0.00000000
0.00000000
0.00000000
0.00000000
0.00000000
0.00000000
0.00000000
0.00000000
0.00000000
0.00000000
0.00000000
0.00000000
0.00000000
0.00000000
0.00000000
0.00000000
0.00000000
0.00000000
0.00000000
0.00000000
0.00000000
0.00000000
0.00000000
0.00000000
0.02915541
0.02790567
0.02902895
0.02956852
0.02852206
0.02732446
0.02328902
0.02974832
0.02856451
0.03098120
0.02682585
0.03064986
0.02828812
0.02780689
0.02684733
0.02827194
0.02749062
0.02234946
0.02974832
0.02793121
0.02807857
0.02977556
0.02365416
0.02731509
0.02839510
0.02354348
0.03149574
0.02808178
0.02360820
0.03000463
0.02871520
0.02461194
0.02679824
0.03048901
0.02753153
0.02760406
0.00000000
0.00000000
0.00000000
0.00000000
0.00000000
0.00000000
0.00000000
0.00000000
0.00000000
0.00000000
0.00000000
0.00000000
0.00000000
0.00000000
0.00000000
0.00000000
0.00000000
0.00000000
0.00000000
0.00000000
0.00000000
0.00000000
0.00000000
0.00000000
0.00000000
0.00000000
0.00000000
0.00000000
0.00000000
0.00000000
0.00000000
0.00000000
0.00000000
0.00000000
0.00000000
0.00000000
0.00000000
0.00000000
0.00000000
0.00000000
0.00000000
0.00000000
0.00000000
0.00000000
0.00000000
0.00000000
0.00000000
0.00000000
0.00000000
0.00000000
0.00000000
0.00000000
0.00000000
0.00000000
0.00000000
0.00000000
0.00000000
0.00000000
0.00000000
0.00000000
0.00000000
0.00000000
0.00000000
0.00000000
0.00000000
0.00000000
0.00000000
0.00000000
0.00000000
0.00000000
0.00000000
0.00000000
0.00000000
0.00000000
0.00000000
0.00000000
0.00000000
0.00000000
0.00000000
0.00000000
0.00000000
0.00000000
0.00000000
0.00000000
0.00000000
0.00000000
0.00000000
0.00000000
0.00000000
0.00000000
0.00000000
0.00000000
0.01910686
0.02438111
0.02719544
0.02860251
0.02836467
0.02552551
0.02018297
0.02829338
0.02539446
0.03171854
0.02660467
0.02916416
0.02516601
0.02594945
0.02598509
0.02928116
0.02894150
0.02257718
0.03198085
0.03007894
0.03066958
0.03017198
0.02263407
0.02737334
0.02507406
0.02317110
0.03158820
0.02936837
0.02291280
0.02976406
0.02915415
0.02358559
0.02581917
0.02883576
0.02629907
0.03059600
0.02848823
0.00000000
0.00000000
0.00000000
0.00000000
0.00000000
0.00000000
0.00000000
0.00000000
0.00000000
0.00000000
0.00000000
0.00000000
0.00000000
0.00000000
0.00000000
0.00000000
0.00000000
0.00000000
0.00000000
0.00000000
0.00000000
0.00000000
0.00000000
0.00000000
0.00000000
0.00000000
0.00000000
0.00000000
0.00000000
0.00000000
0.00000000
0.00000000
0.00000000
0.00000000
0.00000000
0.00000000
0.00000000
0.00000000
0.00000000
0.00000000
0.00000000
0.00000000
0.00000000
0.00000000
0.00000000
0.00000000
0.00000000
0.00000000
0.00000000
0.00000000
0.00000000
0.00000000
0.00000000
0.00000000
0.00000000
0.00000000
0.00000000
0.00000000
0.00000000
0.00000000
0.00000000
0.00000000
0.00000000
0.00000000
0.00000000
0.00000000
0.00000000
0.00000000
0.00000000
0.00000000
0.00000000
0.00000000
0.00000000
0.00000000
0.00000000
0.00000000
0.00000000
0.00000000
0.00000000
0.00000000
0.00000000
0.00000000
0.00000000
0.00000000
0.00000000
0.00000000
0.00000000
0.00000000
0.00000000
0.00000000
0.00000000
0.01778973
0.02434650
0.02626775
0.02670096
0.02680194
0.02378223
0.02246533
0.02681114
0.02488143
0.02920616
0.02640935
0.02621372
0.02285674
0.02373602
0.02555935
0.02820155
0.02821446
0.02749127
0.02898981
0.02784255
0.02830173
0.02702977
0.02578546
0.02585931
0.02300625
0.02632189
0.02763946
0.02823383
0.02622571
0.02729074
0.02766477
0.02708238
0.02776939
0.02601358
0.02630082
0.02871916
0.02723772
0.02895005
0.00000000
0.00000000
0.00000000
0.00000000
0.00000000
0.00000000
0.00000000
0.00000000
0.00000000
0.00000000
0.00000000
0.00000000
0.00000000
0.00000000
0.00000000
0.00000000
0.00000000
0.00000000
0.00000000
0.00000000
0.00000000
0.00000000
0.00000000
0.00000000
0.00000000
0.00000000
0.00000000
0.00000000
0.00000000
0.00000000
0.00000000
0.00000000
0.00000000
0.00000000
0.00000000
0.00000000
0.00000000
0.00000000
0.00000000
0.00000000
0.00000000
0.00000000
0.00000000
0.00000000
0.00000000
0.00000000
0.00000000
0.00000000
0.00000000
0.00000000
0.00000000
0.00000000
0.00000000
0.00000000
0.00000000
0.00000000
0.00000000
0.00000000
0.00000000
0.00000000
0.00000000
0.00000000
0.00000000
0.00000000
0.00000000
0.00000000
0.00000000
0.00000000
0.00000000
0.00000000
0.00000000
0.00000000
0.00000000
0.00000000
0.00000000
0.00000000
0.00000000
0.00000000
0.00000000
0.00000000
0.00000000
0.00000000
0.00000000
0.00000000
0.00000000
0.00000000
0.00000000
0.00000000
0.00000000
0.00000000
0.02354692
0.02481059
0.02625295
0.02691584
0.02628901
0.02509889
0.02076766
0.02659449
0.02494434
0.02842851
0.02535282
0.02771251
0.02561517
0.02531225
0.02470298
0.02641561
0.02607040
0.02208081
0.02809874
0.02659753
0.02664626
0.02738478
0.02197498
0.02538764
0.02526308
0.02265390
0.02836354
0.02608830
0.02254017
0.02724107
0.02647006
0.02252470
0.02423002
0.02731908
0.02544288
0.02714775
0.02590097
0.02831816
0.02749464
0.00000000
0.00000000
0.00000000
0.00000000
0.00000000
0.00000000
0.00000000
0.00000000
0.00000000
0.00000000
0.00000000
0.00000000
0.00000000
0.00000000
0.00000000
0.00000000
0.00000000
0.00000000
0.00000000
0.00000000
0.00000000
0.00000000
0.00000000
0.00000000
0.00000000
0.00000000
0.00000000
0.00000000
0.00000000
0.00000000
0.00000000
0.00000000
0.00000000
0.00000000
0.00000000
0.00000000
0.00000000
0.00000000
0.00000000
0.00000000
0.00000000
0.00000000
0.00000000
0.00000000
0.00000000
0.00000000
0.00000000
0.00000000
0.00000000
0.00000000
0.00000000
0.00000000
0.00000000
0.00000000
0.00000000
0.00000000
0.00000000
0.00000000
0.00000000
0.00000000
0.00000000
0.00000000
0.00000000
0.00000000
0.00000000
0.00000000
0.00000000
0.00000000
0.00000000
0.00000000
0.00000000
0.00000000
0.00000000
0.00000000
0.00000000
0.00000000
0.00000000
0.00000000
0.00000000
0.00000000
0.00000000
0.00000000
0.00000000
0.00000000
0.00000000
0.00000000
0.00000000
0.00000000
0.00000000
0.02432512
0.02456841
0.02586617
0.02622367
0.02572160
0.02472912
0.02147856
0.02600263
0.02416703
0.02735738
0.02467543
0.02692892
0.02520606
0.02482548
0.02416980
0.02546107
0.02496788
0.02185277
0.02689813
0.02571571
0.02562469
0.02633490
0.02200327
0.02457403
0.02452909
0.02276103
0.02718891
0.02497359
0.02256144
0.02612786
0.02545524
0.02254080
0.02364475
0.02630178
0.02440036
0.02567750
0.02488804
0.02708647
0.02642542
0.02575987
0.00000000
0.00000000
0.00000000
0.00000000
0.00000000
0.00000000
0.00000000
0.00000000
0.00000000
0.00000000
0.00000000
0.00000000
0.00000000
0.00000000
0.00000000
0.00000000
0.00000000
0.00000000
0.00000000
0.00000000
0.00000000
0.00000000
0.00000000
0.00000000
0.00000000
0.00000000
0.00000000
0.00000000
0.00000000
0.00000000
0.00000000
0.00000000
0.00000000
0.00000000
0.00000000
0.00000000
0.00000000
0.00000000
0.00000000
0.00000000
0.00000000
0.00000000
0.00000000
0.00000000
0.00000000
0.00000000
0.00000000
0.00000000
0.00000000
0.00000000
0.00000000
0.00000000
0.00000000
0.00000000
0.00000000
0.00000000
0.00000000
0.00000000
0.00000000
0.00000000
0.00000000
0.00000000
0.00000000
0.00000000
0.00000000
0.00000000
0.00000000
0.00000000
0.00000000
0.00000000
0.00000000
0.00000000
0.00000000
0.00000000
0.00000000
0.00000000
0.00000000
0.00000000
0.00000000
0.00000000
0.00000000
0.00000000
0.00000000
0.00000000
0.00000000
0.00000000
0.00000000
0.00000000
0.01470947
0.02110722
0.02315106
0.02490095
0.02471649
0.02166247
0.01662275
0.02465719
0.02277805
0.02830773
0.02398948
0.02512699
0.02126960
0.02202728
0.02283284
0.02659991
0.02689362
0.02100365
0.02891977
0.02711293
0.02781662
0.02714707
0.01986787
0.02500656
0.02192923
0.02032763
0.02846684
0.02743740
0.02092452
0.02689054
0.02640287
0.02098924
0.02328651
0.02509539
0.02380905
0.02788033
0.02535218
0.02972131
0.02600125
0.03013899
0.02711913
0.00000000
0.00000000
0.00000000
0.00000000
0.00000000
0.00000000
0.00000000
0.00000000
0.00000000
0.00000000
0.00000000
0.00000000
0.00000000
0.00000000
0.00000000
0.00000000
0.00000000
0.00000000
0.00000000
0.00000000
0.00000000
0.00000000
0.00000000
0.00000000
0.00000000
0.00000000
0.00000000
0.00000000
0.00000000
0.00000000
0.00000000
0.00000000
0.00000000
0.00000000
0.00000000
0.00000000
0.00000000
0.00000000
0.00000000
0.00000000
0.00000000
0.00000000
0.00000000
0.00000000
0.00000000
0.00000000
0.00000000
0.00000000
0.00000000
0.00000000
0.00000000
0.00000000
0.00000000
0.00000000
0.00000000
0.00000000
0.00000000
0.00000000
0.00000000
0.00000000
0.00000000
0.00000000
0.00000000
0.00000000
0.00000000
0.00000000
0.00000000
0.00000000
0.00000000
0.00000000
0.00000000
0.00000000
0.00000000
0.00000000
0.00000000
0.00000000
0.00000000
0.00000000
0.00000000
0.00000000
0.00000000
0.00000000
0.00000000
0.00000000
0.00000000
0.00000000
0.00000000
0.02218309
0.02299434
0.02445109
0.02512015
0.02455760
0.02331749
0.01988292
0.02494833
0.02329883
0.02655619
0.02322166
0.02574560
0.02350226
0.02356687
0.02330416
0.02467869
0.02406539
0.01983748
0.02570735
0.02459978
0.02474087
0.02550816
0.02097153
0.02338694
0.02313682
0.02064308
0.02643799
0.02411223
0.02123222
0.02510866
0.02431164
0.02118612
0.02260317
0.02511153
0.02308131
0.02431442
0.02306811
0.02583410
0.02517769
0.02531052
0.02363165
0.02555196
0.00000000
0.00000000
0.00000000
0.00000000
0.00000000
0.00000000
0.00000000
0.00000000
0.00000000
0.00000000
0.00000000
0.00000000
0.00000000
0.00000000
0.00000000
0.00000000
0.00000000
0.00000000
0.00000000
0.00000000
0.00000000
0.00000000
0.00000000
0.00000000
0.00000000
0.00000000
0.00000000
0.00000000
0.00000000
0.00000000
0.00000000
0.00000000
0.00000000
0.00000000
0.00000000
0.00000000
0.00000000
0.00000000
0.00000000
0.00000000
0.00000000
0.00000000
0.00000000
0.00000000
0.00000000
0.00000000
0.00000000
0.00000000
0.00000000
0.00000000
0.00000000
0.00000000
0.00000000
0.00000000
0.00000000
0.00000000
0.00000000
0.00000000
0.00000000
0.00000000
0.00000000
0.00000000
0.00000000
0.00000000
0.00000000
0.00000000
0.00000000
0.00000000
0.00000000
0.00000000
0.00000000
0.00000000
0.00000000
0.00000000
0.00000000
0.00000000
0.00000000
0.00000000
0.00000000
0.00000000
0.00000000
0.00000000
0.00000000
0.00000000
0.00000000
0.00000000
0.00270232
0.01217868
0.01435778
0.01739392
0.01804241
0.01213419
0.00661936
0.01768078
0.01414585
0.02588386
0.01989389
0.01648725
0.01140343
0.01379904
0.01716857
0.02473754
0.02620861
0.01576428
0.02837400
0.02808661
0.03072885
0.02307028
0.01262985
0.02100471
0.01152802
0.01592742
0.02435011
0.03006476
0.01797854
0.02290724
0.02498495
0.02090404
0.02313899
0.01701218
0.01939284
0.03107881
0.02698743
0.03777595
0.02034727
0.04056625
0.03032727
0.04752470
0.10670717
0.00000000
0.00000000
0.00000000
0.00000000
0.00000000
0.00000000
0.00000000
0.00000000
0.00000000
0.00000000
0.00000000
0.00000000
0.00000000
0.00000000
0.00000000
0.00000000
0.00000000
0.00000000
0.00000000
0.00000000
0.00000000
0.00000000
0.00000000
0.00000000
0.00000000
0.00000000
0.00000000
0.00000000
0.00000000
0.00000000
0.00000000
0.00000000
0.00000000
0.00000000
0.00000000
0.00000000
0.00000000
0.00000000
0.00000000
0.00000000
0.00000000
0.00000000
0.00000000
0.00000000
0.00000000
0.00000000
0.00000000
0.00000000
0.00000000
0.00000000
0.00000000
0.00000000
0.00000000
0.00000000
0.00000000
0.00000000
0.00000000
0.00000000
0.00000000
0.00000000
0.00000000
0.00000000
0.00000000
0.00000000
0.00000000
0.00000000
0.00000000
0.00000000
0.00000000
0.00000000
0.00000000
0.00000000
0.00000000
0.00000000
0.00000000
0.00000000
0.00000000
0.00000000
0.00000000
0.00000000
0.00000000
0.00000000
0.00000000
0.00000000
0.00000000
0.02001531
0.02138583
0.02234869
0.02286849
0.02316600
0.02200371
0.02306552
0.02309721
0.02244862
0.02394189
0.02218822
0.02273547
0.02081147
0.02110152
0.02243065
0.02360739
0.02349424
0.02382441
0.02335224
0.02283973
0.02288942
0.02297599
0.02496266
0.02221361
0.02126143
0.02279015
0.02310513
0.02247174
0.02358580
0.02257480
0.02264722
0.02363441
0.02322172
0.02226449
0.02202889
0.02281884
0.02227723
0.02374280
0.02220345
0.02358580
0.02376997
0.02357770
0.02335758
0.02131256
0.00000000
0.00000000
0.00000000
0.00000000
0.00000000
0.00000000
0.00000000
0.00000000
0.00000000
0.00000000
0.00000000
0.00000000
0.00000000
0.00000000
0.00000000
0.00000000
0.00000000
0.00000000
0.00000000
0.00000000
0.00000000
0.00000000
0.00000000
0.00000000
0.00000000
0.00000000
0.00000000
0.00000000
0.00000000
0.00000000
0.00000000
0.00000000
0.00000000
0.00000000
0.00000000
0.00000000
0.00000000
0.00000000
0.00000000
0.00000000
0.00000000
0.00000000
0.00000000
0.00000000
0.00000000
0.00000000
0.00000000
0.00000000
0.00000000
0.00000000
0.00000000
0.00000000
0.00000000
0.00000000
0.00000000
0.00000000
0.00000000
0.00000000
0.00000000
0.00000000
0.00000000
0.00000000
0.00000000
0.00000000
0.00000000
0.00000000
0.00000000
0.00000000
0.00000000
0.00000000
0.00000000
0.00000000
0.00000000
0.00000000
0.00000000
0.00000000
0.00000000
0.00000000
0.00000000
0.00000000
0.00000000
0.00000000
0.00000000
0.00000000
0.01946048
0.02102740
0.02209512
0.02295036
0.02261677
0.02132291
0.01839341
0.02298714
0.02174658
0.02461740
0.02168448
0.02366211
0.02137174
0.02130828
0.02128148
0.02322236
0.02304770
0.01973848
0.02448260
0.02310841
0.02309256
0.02388510
0.01949167
0.02216853
0.02164483
0.01951844
0.02482382
0.02266080
0.01941379
0.02351909
0.02292412
0.02023225
0.02139376
0.02314810
0.02150908
0.02278035
0.02146239
0.02382507
0.02307935
0.02371088
0.02235954
0.02458925
0.02213053
0.02334220
0.02316929
0.00000000
0.00000000
0.00000000
0.00000000
0.00000000
0.00000000
0.00000000
0.00000000
0.00000000
0.00000000
0.00000000
0.00000000
0.00000000
0.00000000
0.00000000
0.00000000
0.00000000
0.00000000
0.00000000
0.00000000
0.00000000
0.00000000
0.00000000
0.00000000
0.00000000
0.00000000
0.00000000
0.00000000
0.00000000
0.00000000
0.00000000
0.00000000
0.00000000
0.00000000
0.00000000
0.00000000
0.00000000
0.00000000
0.00000000
0.00000000
0.00000000
0.00000000
0.00000000
0.00000000
0.00000000
0.00000000
0.00000000
0.00000000
0.00000000
0.00000000
0.00000000
0.00000000
0.00000000
0.00000000
0.00000000
0.00000000
0.00000000
0.00000000
0.00000000
0.00000000
0.00000000
0.00000000
0.00000000
0.00000000
0.00000000
0.00000000
0.00000000
0.00000000
0.00000000
0.00000000
0.00000000
0.00000000
0.00000000
0.00000000
0.00000000
0.00000000
0.00000000
0.00000000
0.00000000
0.00000000
0.00000000
0.00000000
0.00000000
0.02228340
0.02175699
0.02234211
0.02288006
0.02225029
0.02141624
0.01817627
0.02293509
0.02148248
0.02412173
0.02131359
0.02393483
0.02226047
0.02151938
0.02067958
0.02218421
0.02179684
0.01842327
0.02375209
0.02234977
0.02197710
0.02337208
0.01801688
0.02152430
0.02198716
0.01925495
0.02426286
0.02131359
0.01832449
0.02269759
0.02187678
0.01926156
0.02041633
0.02296134
0.02092227
0.02153908
0.02060873
0.02298762
0.02287221
0.02251399
0.02099659
0.02327869
0.02052874
0.02311947
0.02307719
0.02244970
0.00000000
0.00000000
0.00000000
0.00000000
0.00000000
0.00000000
0.00000000
0.00000000
0.00000000
0.00000000
0.00000000
0.00000000
0.00000000
0.00000000
0.00000000
0.00000000
0.00000000
0.00000000
0.00000000
0.00000000
0.00000000
0.00000000
0.00000000
0.00000000
0.00000000
0.00000000
0.00000000
0.00000000
0.00000000
0.00000000
0.00000000
0.00000000
0.00000000
0.00000000
0.00000000
0.00000000
0.00000000
0.00000000
0.00000000
0.00000000
0.00000000
0.00000000
0.00000000
0.00000000
0.00000000
0.00000000
0.00000000
0.00000000
0.00000000
0.00000000
0.00000000
0.00000000
0.00000000
0.00000000
0.00000000
0.00000000
0.00000000
0.00000000
0.00000000
0.00000000
0.00000000
0.00000000
0.00000000
0.00000000
0.00000000
0.00000000
0.00000000
0.00000000
0.00000000
0.00000000
0.00000000
0.00000000
0.00000000
0.00000000
0.00000000
0.00000000
0.00000000
0.00000000
0.00000000
0.00000000
0.00000000
0.00000000
0.02032256
0.02091690
0.02218359
0.02267619
0.02185615
0.02081188
0.01648984
0.02223694
0.02070740
0.02382217
0.02057988
0.02339817
0.02149663
0.02124484
0.02031791
0.02188617
0.02140829
0.01701485
0.02366464
0.02226494
0.02236960
0.02324344
0.01730140
0.02106577
0.02108505
0.01759076
0.02446562
0.02171162
0.01783796
0.02294494
0.02194383
0.01821113
0.01989701
0.02293182
0.02060815
0.02162240
0.02032953
0.02286372
0.02282974
0.02231083
0.02038309
0.02293182
0.01859424
0.02263213
0.02276715
0.02257525
0.02165210
0.00000000
0.00000000
0.00000000
0.00000000
0.00000000
0.00000000
0.00000000
0.00000000
0.00000000
0.00000000
0.00000000
0.00000000
0.00000000
0.00000000
0.00000000
0.00000000
0.00000000
0.00000000
0.00000000
0.00000000
0.00000000
0.00000000
0.00000000
0.00000000
0.00000000
0.00000000
0.00000000
0.00000000
0.00000000
0.00000000
0.00000000
0.00000000
0.00000000
0.00000000
0.00000000
0.00000000
0.00000000
0.00000000
0.00000000
0.00000000
0.00000000
0.00000000
0.00000000
0.00000000
0.00000000
0.00000000
0.00000000
0.00000000
0.00000000
0.00000000
0.00000000
0.00000000
0.00000000
0.00000000
0.00000000
0.00000000
0.00000000
0.00000000
0.00000000
0.00000000
0.00000000
0.00000000
0.00000000
0.00000000
0.00000000
0.00000000
0.00000000
0.00000000
0.00000000
0.00000000
0.00000000
0.00000000
0.00000000
0.00000000
0.00000000
0.00000000
0.00000000
0.00000000
0.00000000
0.00000000
0.00000000
0.01734253
0.01973553
0.02138811
0.02210698
0.02137588
0.01988736
0.01570513
0.02178565
0.02049240
0.02381333
0.02021072
0.02279519
0.02031967
0.02032664
0.01970169
0.02157733
0.02134656
0.01690381
0.02376164
0.02180809
0.02226432
0.02268593
0.01669626
0.02048302
0.02043856
0.01684590
0.02411762
0.02185054
0.01696385
0.02299948
0.02203125
0.01745398
0.01957589
0.02276392
0.02053933
0.02226687
0.02036388
0.02288140
0.02278476
0.02247928
0.02049474
0.02350751
0.01826905
0.02230766
0.02225923
0.02195828
0.02147391
0.01885934
0.00000000
0.00000000
0.00000000
0.00000000
0.00000000
0.00000000
0.00000000
0.00000000
0.00000000
0.00000000
0.00000000
0.00000000
0.00000000
0.00000000
0.00000000
0.00000000
0.00000000
0.00000000
0.00000000
0.00000000
0.00000000
0.00000000
0.00000000
0.00000000
0.00000000
0.00000000
0.00000000
0.00000000
0.00000000
0.00000000
0.00000000
0.00000000
0.00000000
0.00000000
0.00000000
0.00000000
0.00000000
0.00000000
0.00000000
0.00000000
0.00000000
0.00000000
0.00000000
0.00000000
0.00000000
0.00000000
0.00000000
0.00000000
0.00000000
0.00000000
0.00000000
0.00000000
0.00000000
0.00000000
0.00000000
0.00000000
0.00000000
0.00000000
0.00000000
0.00000000
0.00000000
0.00000000
0.00000000
0.00000000
0.00000000
0.00000000
0.00000000
0.00000000
0.00000000
0.00000000
0.00000000
0.00000000
0.00000000
0.00000000
0.00000000
0.00000000
0.00000000
0.00000000
0.00000000
0.00000000
0.02005366
0.01966072
0.02075615
0.02138028
0.02113953
0.02046148
0.01764629
0.02083703
0.02002157
0.02181258
0.01997353
0.02141700
0.02012490
0.01995526
0.01983692
0.02091344
0.02075377
0.01791066
0.02129485
0.02076565
0.02079417
0.02169314
0.01914801
0.02062597
0.02039838
0.01772925
0.02233012
0.02073005
0.01885459
0.02148816
0.02081797
0.01809393
0.01909988
0.02126564
0.02011339
0.02074191
0.01995526
0.02112019
0.02100935
0.02092780
0.02028205
0.02139496
0.01876852
0.02068977
0.02072768
0.02116130
0.02096854
0.02041705
0.02193769
0.00000000
0.00000000
0.00000000
0.00000000
0.00000000
0.00000000
0.00000000
0.00000000
0.00000000
0.00000000
0.00000000
0.00000000
0.00000000
0.00000000
0.00000000
0.00000000
0.00000000
0.00000000
0.00000000
0.00000000
0.00000000
0.00000000
0.00000000
0.00000000
0.00000000
0.00000000
0.00000000
0.00000000
0.00000000
0.00000000
0.00000000
0.00000000
0.00000000
0.00000000
0.00000000
0.00000000
0.00000000
0.00000000
0.00000000
0.00000000
0.00000000
0.00000000
0.00000000
0.00000000
0.00000000
0.00000000
0.00000000
0.00000000
0.00000000
0.00000000
0.00000000
0.00000000
0.00000000
0.00000000
0.00000000
0.00000000
0.00000000
0.00000000
0.00000000
0.00000000
0.00000000
0.00000000
0.00000000
0.00000000
0.00000000
0.00000000
0.00000000
0.00000000
0.00000000
0.00000000
0.00000000
0.00000000
0.00000000
0.00000000
0.00000000
0.00000000
0.00000000
0.00000000
0.00000000
0.00382912
0.01050773
0.01251747
0.01512807
0.01616209
0.01256337
0.00923152
0.01682228
0.01552780
0.02141194
0.01613253
0.01518702
0.01115171
0.01291453
0.01500570
0.02037025
0.02204318
0.01618614
0.02385896
0.02209367
0.02357950
0.02007646
0.00869743
0.01855916
0.01267017
0.01377990
0.02213161
0.02580660
0.01189760
0.02220007
0.02322615
0.01467134
0.01864854
0.01862296
0.01872121
0.02818594
0.02390540
0.02771596
0.02025639
0.02726316
0.02223056
0.03018490
0.03111034
0.02464396
0.02400405
0.02679017
0.03215231
0.02625621
0.02909666
0.04427028
0.00000000
0.00000000
0.00000000
0.00000000
0.00000000
0.00000000
0.00000000
0.00000000
0.00000000
0.00000000
0.00000000
0.00000000
0.00000000
0.00000000
0.00000000
0.00000000
0.00000000
0.00000000
0.00000000
0.00000000
0.00000000
0.00000000
0.00000000
0.00000000
0.00000000
0.00000000
0.00000000
0.00000000
0.00000000
0.00000000
0.00000000
0.00000000
0.00000000
0.00000000
0.00000000
0.00000000
0.00000000
0.00000000
0.00000000
0.00000000
0.00000000
0.00000000
0.00000000
0.00000000
0.00000000
0.00000000
0.00000000
0.00000000
0.00000000
0.00000000
0.00000000
0.00000000
0.00000000
0.00000000
0.00000000
0.00000000
0.00000000
0.00000000
0.00000000
0.00000000
0.00000000
0.00000000
0.00000000
0.00000000
0.00000000
0.00000000
0.00000000
0.00000000
0.00000000
0.00000000
0.00000000
0.00000000
0.00000000
0.00000000
0.00000000
0.00000000
0.00000000
0.00000000
0.01952974
0.01932751
0.02014924
0.02059666
0.02019308
0.01980420
0.01714992
0.02020463
0.01931867
0.02106848
0.01897265
0.02100831
0.01988592
0.01972958
0.01908584
0.01984956
0.01960136
0.01680618
0.02093156
0.01999769
0.02003204
0.02085746
0.01768786
0.01961033
0.02000456
0.01735715
0.02170945
0.01969801
0.01726803
0.02072665
0.02008481
0.01784638
0.01871400
0.02063912
0.01899654
0.01952974
0.01886876
0.02048389
0.02050264
0.01992919
0.01903351
0.02033913
0.01734921
0.02018846
0.02021388
0.02019308
0.01966649
0.01864136
0.02102755
0.01852869
0.02106125
0.00000000
0.00000000
0.00000000
0.00000000
0.00000000
0.00000000
0.00000000
0.00000000
0.00000000
0.00000000
0.00000000
0.00000000
0.00000000
0.00000000
0.00000000
0.00000000
0.00000000
0.00000000
0.00000000
0.00000000
0.00000000
0.00000000
0.00000000
0.00000000
0.00000000
0.00000000
0.00000000
0.00000000
0.00000000
0.00000000
0.00000000
0.00000000
0.00000000
0.00000000
0.00000000
0.00000000
0.00000000
0.00000000
0.00000000
0.00000000
0.00000000
0.00000000
0.00000000
0.00000000
0.00000000
0.00000000
0.00000000
0.00000000
0.00000000
0.00000000
0.00000000
0.00000000
0.00000000
0.00000000
0.00000000
0.00000000
0.00000000
0.00000000
0.00000000
0.00000000
0.00000000
0.00000000
0.00000000
0.00000000
0.00000000
0.00000000
0.00000000
0.00000000
0.00000000
0.00000000
0.00000000
0.00000000
0.00000000
0.00000000
0.00000000
0.00000000
0.00000000
0.00379452
0.01016096
0.01201609
0.01445914
0.01444756
0.01093524
0.00661368
0.01565019
0.01473126
0.02074326
0.01673138
0.01480220
0.01160675
0.01322342
0.01471947
0.01883641
0.01968225
0.01200922
0.02197931
0.02135478
0.02457255
0.01911643
0.00917009
0.01690838
0.01140538
0.01010302
0.02120387
0.02564074
0.01323552
0.02172436
0.02182149
0.01200510
0.01633052
0.01836830
0.01855414
0.02817187
0.02297415
0.02653287
0.02034378
0.02774334
0.02226271
0.02984375
0.02901235
0.02310857
0.02332901
0.02534331
0.03077281
0.02268170
0.02627314
0.02444359
0.02500067
0.04350538
0.00000000
0.00000000
0.00000000
0.00000000
0.00000000
0.00000000
0.00000000
0.00000000
0.00000000
0.00000000
0.00000000
0.00000000
0.00000000
0.00000000
0.00000000
0.00000000
0.00000000
0.00000000
0.00000000
0.00000000
0.00000000
0.00000000
0.00000000
0.00000000
0.00000000
0.00000000
0.00000000
0.00000000
0.00000000
0.00000000
0.00000000
0.00000000
0.00000000
0.00000000
0.00000000
0.00000000
0.00000000
0.00000000
0.00000000
0.00000000
0.00000000
0.00000000
0.00000000
0.00000000
0.00000000
0.00000000
0.00000000
0.00000000
0.00000000
0.00000000
0.00000000
0.00000000
0.00000000
0.00000000
0.00000000
0.00000000
0.00000000
0.00000000
0.00000000
0.00000000
0.00000000
0.00000000
0.00000000
0.00000000
0.00000000
0.00000000
0.00000000
0.00000000
0.00000000
0.00000000
0.00000000
0.00000000
0.00000000
0.00000000
0.00000000
0.00000000
0.00725815
0.01291678
0.01468565
0.01683099
0.01651441
0.01381703
0.00872186
0.01684061
0.01564642
0.02086914
0.01770991
0.01730341
0.01456853
0.01573616
0.01628927
0.01901369
0.01940036
0.01250820
0.02117210
0.02029007
0.02230322
0.01967300
0.01266658
0.01769776
0.01449871
0.01129101
0.02153112
0.02270997
0.01455520
0.02174149
0.02136429
0.01360997
0.01646536
0.01942479
0.01853481
0.02465671
0.02104894
0.02401098
0.02080002
0.02473016
0.02104894
0.02656291
0.02292661
0.02195642
0.02204450
0.02296861
0.02558475
0.02078337
0.02396433
0.01834078
0.02291088
0.02361601
0.02588502
0.00000000
0.00000000
0.00000000
0.00000000
0.00000000
0.00000000
0.00000000
0.00000000
0.00000000
0.00000000
0.00000000
0.00000000
0.00000000
0.00000000
0.00000000
0.00000000
0.00000000
0.00000000
0.00000000
0.00000000
0.00000000
0.00000000
0.00000000
0.00000000
0.00000000
0.00000000
0.00000000
0.00000000
0.00000000
0.00000000
0.00000000
0.00000000
0.00000000
0.00000000
0.00000000
0.00000000
0.00000000
0.00000000
0.00000000
0.00000000
0.00000000
0.00000000
0.00000000
0.00000000
0.00000000
0.00000000
0.00000000
0.00000000
0.00000000
0.00000000
0.00000000
0.00000000
0.00000000
0.00000000
0.00000000
0.00000000
0.00000000
0.00000000
0.00000000
0.00000000
0.00000000
0.00000000
0.00000000
0.00000000
0.00000000
0.00000000
0.00000000
0.00000000
0.00000000
0.00000000
0.00000000
0.00000000
0.00000000
0.00000000
0.00000000
0.01787137
0.01829540
0.01882400
0.01919363
0.01888870
0.01815364
0.01642650
0.01943889
0.01878098
0.02006238
0.01808732
0.01949678
0.01827240
0.01811423
0.01797182
0.01895797
0.01869952
0.01645471
0.01964004
0.01896665
0.01893197
0.01956157
0.01569364
0.01845304
0.01830377
0.01681240
0.02013596
0.01889086
0.01640022
0.01929710
0.01880032
0.01666497
0.01787955
0.01935679
0.01825986
0.01857587
0.01770858
0.01881323
0.01911257
0.01907980
0.01824107
0.01937008
0.01717198
0.01900574
0.01911913
0.01914539
0.01869952
0.01739339
0.01981153
0.01794307
0.01993656
0.01850588
0.01855463
0.01977304
0.00000000
0.00000000
0.00000000
0.00000000
0.00000000
0.00000000
0.00000000
0.00000000
0.00000000
0.00000000
0.00000000
0.00000000
0.00000000
0.00000000
0.00000000
0.00000000
0.00000000
0.00000000
0.00000000
0.00000000
0.00000000
0.00000000
0.00000000
0.00000000
0.00000000
0.00000000
0.00000000
0.00000000
0.00000000
0.00000000
0.00000000
0.00000000
0.00000000
0.00000000
0.00000000
0.00000000
0.00000000
0.00000000
0.00000000
0.00000000
0.00000000
0.00000000
0.00000000
0.00000000
0.00000000
0.00000000
0.00000000
0.00000000
0.00000000
0.00000000
0.00000000
0.00000000
0.00000000
0.00000000
0.00000000
0.00000000
0.00000000
0.00000000
0.00000000
0.00000000
0.00000000
0.00000000
0.00000000
0.00000000
0.00000000
0.00000000
0.00000000
0.00000000
0.00000000
0.00000000
0.00000000
0.00000000
0.00000000
0.00000000
0.02001357
0.01880399
0.01961019
0.01949613
0.01891617
0.01838079
0.01649750
0.01946048
0.01898771
0.01984488
0.01792810
0.01968436
0.01869889
0.01821335
0.01779937
0.01860501
0.01815303
0.01621314
0.01930528
0.01853491
0.01857524
0.01938937
0.01613174
0.01816134
0.01827387
0.01685805
0.01992221
0.01845030
0.01735901
0.01894216
0.01807636
0.01601957
0.01738087
0.01926116
0.01802681
0.01771811
0.01706175
0.01815511
0.01866897
0.01802887
0.01747256
0.01810326
0.01568951
0.01815511
0.01827387
0.01826760
0.01755470
0.01645039
0.01883844
0.01658075
0.01900945
0.01771608
0.01801856
0.01859650
0.01766549
0.00000000
0.00000000
0.00000000
0.00000000
0.00000000
0.00000000
0.00000000
0.00000000
0.00000000
0.00000000
0.00000000
0.00000000
0.00000000
0.00000000
0.00000000
0.00000000
0.00000000
0.00000000
0.00000000
0.00000000
0.00000000
0.00000000
0.00000000
0.00000000
0.00000000
0.00000000
0.00000000
0.00000000
0.00000000
0.00000000
0.00000000
0.00000000
0.00000000
0.00000000
0.00000000
0.00000000
0.00000000
0.00000000
0.00000000
0.00000000
0.00000000
0.00000000
0.00000000
0.00000000
0.00000000
0.00000000
0.00000000
0.00000000
0.00000000
0.00000000
0.00000000
0.00000000
0.00000000
0.00000000
0.00000000
0.00000000
0.00000000
0.00000000
0.00000000
0.00000000
0.00000000
0.00000000
0.00000000
0.00000000
0.00000000
0.00000000
0.00000000
0.00000000
0.00000000
0.00000000
0.00000000
0.00000000
0.00000000
0.01638418
0.01732280
0.01840760
0.01861724
0.01815042
0.01750406
0.01576461
0.01855983
0.01809445
0.01937550
0.01735453
0.01909170
0.01775208
0.01780699
0.01728717
0.01801391
0.01782125
0.01514939
0.01929367
0.01806757
0.01842235
0.01859383
0.01492920
0.01730497
0.01786411
0.01542745
0.01926060
0.01819824
0.01570522
0.01889832
0.01832357
0.01580253
0.01699114
0.01899585
0.01769329
0.01844765
0.01731091
0.01902412
0.01933786
0.01910480
0.01797891
0.01959841
0.01537108
0.01894594
0.01911355
0.01877550
0.01836764
0.01672120
0.01966128
0.01556927
0.01985792
0.01592775
0.01707687
0.01947995
0.01786820
0.01823158
0.00000000
0.00000000
0.00000000
0.00000000
0.00000000
0.00000000
0.00000000
0.00000000
0.00000000
0.00000000
0.00000000
0.00000000
0.00000000
0.00000000
0.00000000
0.00000000
0.00000000
0.00000000
0.00000000
0.00000000
0.00000000
0.00000000
0.00000000
0.00000000
0.00000000
0.00000000
0.00000000
0.00000000
0.00000000
0.00000000
0.00000000
0.00000000
0.00000000
0.00000000
0.00000000
0.00000000
0.00000000
0.00000000
0.00000000
0.00000000
0.00000000
0.00000000
0.00000000
0.00000000
0.00000000
0.00000000
0.00000000
0.00000000
0.00000000
0.00000000
0.00000000
0.00000000
0.00000000
0.00000000
0.00000000
0.00000000
0.00000000
0.00000000
0.00000000
0.00000000
0.00000000
0.00000000
0.00000000
0.00000000
0.00000000
0.00000000
0.00000000
0.00000000
0.00000000
0.00000000
0.00000000
0.00000000
0.01828539
0.01743565
0.01833356
0.01879648
0.01823317
0.01774145
0.01473033
0.01854448
0.01766046
0.01953521
0.01738785
0.01950618
0.01833775
0.01770293
0.01687640
0.01781262
0.01751360
0.01480466
0.01915900
0.01788817
0.01792709
0.01890430
0.01516286
0.01744562
0.01797226
0.01495101
0.01990287
0.01771306
0.01569761
0.01897579
0.01808983
0.01519759
0.01626982
0.01902143
0.01713315
0.01770698
0.01686096
0.01840290
0.01870854
0.01781059
0.01684361
0.01833775
0.01517674
0.01806295
0.01801961
0.01766450
0.01690731
0.01552440
0.01875353
0.01532152
0.01889133
0.01547652
0.01669209
0.01867860
0.01755974
0.01814163
0.01780855
0.00000000
0.00000000
0.00000000
0.00000000
0.00000000
0.00000000
0.00000000
0.00000000
0.00000000
0.00000000
0.00000000
0.00000000
0.00000000
0.00000000
0.00000000
0.00000000
0.00000000
0.00000000
0.00000000
0.00000000
0.00000000
0.00000000
0.00000000
0.00000000
0.00000000
0.00000000
0.00000000
0.00000000
0.00000000
0.00000000
0.00000000
0.00000000
0.00000000
0.00000000
0.00000000
0.00000000
0.00000000
0.00000000
0.00000000
0.00000000
0.00000000
0.00000000
0.00000000
0.00000000
0.00000000
0.00000000
0.00000000
0.00000000
0.00000000
0.00000000
0.00000000
0.00000000
0.00000000
0.00000000
0.00000000
0.00000000
0.00000000
0.00000000
0.00000000
0.00000000
0.00000000
0.00000000
0.00000000
0.00000000
0.00000000
0.00000000
0.00000000
0.00000000
0.00000000
0.00000000
0.00000000
0.01281997
0.01553270
0.01677377
0.01748893
0.01675651
0.01552737
0.01155525
0.01713448
0.01644886
0.01898377
0.01609154
0.01794694
0.01590852
0.01638876
0.01604375
0.01774282
0.01766991
0.01293339
0.01917144
0.01794694
0.01850988
0.01864589
0.01264086
0.01687770
0.01650163
0.01326299
0.01965553
0.01844647
0.01321302
0.01891874
0.01805815
0.01319490
0.01558610
0.01874426
0.01717962
0.01904249
0.01695511
0.01913639
0.01915610
0.01986347
0.01775907
0.02083868
0.01562001
0.01913201
0.01928141
0.01942530
0.01936540
0.01664000
0.02045140
0.01502074
0.02022110
0.01558075
0.01712860
0.02085060
0.01815965
0.01689122
0.01928141
0.01789774
0.00000000
0.00000000
0.00000000
0.00000000
0.00000000
0.00000000
0.00000000
0.00000000
0.00000000
0.00000000
0.00000000
0.00000000
0.00000000
0.00000000
0.00000000
0.00000000
0.00000000
0.00000000
0.00000000
0.00000000
0.00000000
0.00000000
0.00000000
0.00000000
0.00000000
0.00000000
0.00000000
0.00000000
0.00000000
0.00000000
0.00000000
0.00000000
0.00000000
0.00000000
0.00000000
0.00000000
0.00000000
0.00000000
0.00000000
0.00000000
0.00000000
0.00000000
0.00000000
0.00000000
0.00000000
0.00000000
0.00000000
0.00000000
0.00000000
0.00000000
0.00000000
0.00000000
0.00000000
0.00000000
0.00000000
0.00000000
0.00000000
0.00000000
0.00000000
0.00000000
0.00000000
0.00000000
0.00000000
0.00000000
0.00000000
0.00000000
0.00000000
0.00000000
0.00000000
0.00000000
0.01178547
0.01489832
0.01588390
0.01665611
0.01664659
0.01554952
0.01353652
0.01638400
0.01538850
0.01781494
0.01623661
0.01655733
0.01522044
0.01569067
0.01600610
0.01704545
0.01713146
0.01499578
0.01799311
0.01757810
0.01808183
0.01730280
0.01522740
0.01646478
0.01529374
0.01466164
0.01791097
0.01777016
0.01545200
0.01770118
0.01771536
0.01577526
0.01632787
0.01686894
0.01637838
0.01836323
0.01769511
0.01899563
0.01751388
0.01857661
0.01738016
0.01906093
0.01809839
0.01781901
0.01800341
0.01822720
0.01887866
0.01743791
0.01841582
0.01721199
0.01803020
0.01736228
0.01780475
0.01905657
0.01747385
0.01632227
0.01803020
0.01735632
0.01895439
0.00000000
0.00000000
0.00000000
0.00000000
0.00000000
0.00000000
0.00000000
0.00000000
0.00000000
0.00000000
0.00000000
0.00000000
0.00000000
0.00000000
0.00000000
0.00000000
0.00000000
0.00000000
0.00000000
0.00000000
0.00000000
0.00000000
0.00000000
0.00000000
0.00000000
0.00000000
0.00000000
0.00000000
0.00000000
0.00000000
0.00000000
0.00000000
0.00000000
0.00000000
0.00000000
0.00000000
0.00000000
0.00000000
0.00000000
0.00000000
0.00000000
0.00000000
0.00000000
0.00000000
0.00000000
0.00000000
0.00000000
0.00000000
0.00000000
0.00000000
0.00000000
0.00000000
0.00000000
0.00000000
0.00000000
0.00000000
0.00000000
0.00000000
0.00000000
0.00000000
0.00000000
0.00000000
0.00000000
0.00000000
0.00000000
0.00000000
0.00000000
0.00000000
0.00000000
0.01531821
0.01651189
0.01645909
0.01676693
0.01684961
0.01651189
0.01713533
0.01741793
0.01656297
0.01764655
0.01636709
0.01715887
0.01658192
0.01697147
0.01704736
0.01671714
0.01628679
0.01519952
0.01712553
0.01704931
0.01716869
0.01699479
0.01753788
0.01642148
0.01632596
0.01713533
0.01749981
0.01655160
0.01563509
0.01673436
0.01698118
0.01872805
0.01811698
0.01655728
0.01581134
0.01602071
0.01610892
0.01744784
0.01654971
0.01686118
0.01659141
0.01642148
0.01672862
0.01629424
0.01641397
0.01645721
0.01636709
0.01582220
0.01636897
0.01719030
0.01645721
0.01707468
0.01659710
0.01652134
0.01614951
0.01625143
0.01665416
0.01701229
0.01653457
0.01521866
0.00000000
0.00000000
0.00000000
0.00000000
0.00000000
0.00000000
0.00000000
0.00000000
0.00000000
0.00000000
0.00000000
0.00000000
0.00000000
0.00000000
0.00000000
0.00000000
0.00000000
0.00000000
0.00000000
0.00000000
0.00000000
0.00000000
0.00000000
0.00000000
0.00000000
0.00000000
0.00000000
0.00000000
0.00000000
0.00000000
0.00000000
0.00000000
0.00000000
0.00000000
0.00000000
0.00000000
0.00000000
0.00000000
0.00000000
0.00000000
0.00000000
0.00000000
0.00000000
0.00000000
0.00000000
0.00000000
0.00000000
0.00000000
0.00000000
0.00000000
0.00000000
0.00000000
0.00000000
0.00000000
0.00000000
0.00000000
0.00000000
0.00000000
0.00000000
0.00000000
0.00000000
0.00000000
0.00000000
0.00000000
0.00000000
0.00000000
0.00000000
0.00000000
0.01342508
0.01554193
0.01593984
0.01636851
0.01600195
0.01534936
0.01364805
0.01646240
0.01586707
0.01741745
0.01565792
0.01675497
0.01563466
0.01611400
0.01604411
0.01646052
0.01625842
0.01359352
0.01716428
0.01662895
0.01695160
0.01686264
0.01454593
0.01583987
0.01590523
0.01474528
0.01741944
0.01659285
0.01378613
0.01688967
0.01678758
0.01546391
0.01648124
0.01689740
0.01622126
0.01710744
0.01627889
0.01772901
0.01728249
0.01785315
0.01682988
0.01807094
0.01596539
0.01715251
0.01734190
0.01738560
0.01740550
0.01593802
0.01769052
0.01559714
0.01762589
0.01574773
0.01630311
0.01790838
0.01657957
0.01611769
0.01744935
0.01718983
0.01836477
0.01683951
0.01652277
0.00000000
0.00000000
0.00000000
0.00000000
0.00000000
0.00000000
0.00000000
0.00000000
0.00000000
0.00000000
0.00000000
0.00000000
0.00000000
0.00000000
0.00000000
0.00000000
0.00000000
0.00000000
0.00000000
0.00000000
0.00000000
0.00000000
0.00000000
0.00000000
0.00000000
0.00000000
0.00000000
0.00000000
0.00000000
0.00000000
0.00000000
0.00000000
0.00000000
0.00000000
0.00000000
0.00000000
0.00000000
0.00000000
0.00000000
0.00000000
0.00000000
0.00000000
0.00000000
0.00000000
0.00000000
0.00000000
0.00000000
0.00000000
0.00000000
0.00000000
0.00000000
0.00000000
0.00000000
0.00000000
0.00000000
0.00000000
0.00000000
0.00000000
0.00000000
0.00000000
0.00000000
0.00000000
0.00000000
0.00000000
0.00000000
0.00000000
0.00000000
0.01648506
0.01652093
0.01694584
0.01694972
0.01615835
0.01574058
0.01345126
0.01689745
0.01653606
0.01775139
0.01597822
0.01770678
0.01652849
0.01643423
0.01609747
0.01665375
0.01630876
0.01389859
0.01720956
0.01621946
0.01624360
0.01721152
0.01470659
0.01590164
0.01658911
0.01491326
0.01773921
0.01602582
0.01398471
0.01675694
0.01607355
0.01422185
0.01577844
0.01721546
0.01625475
0.01613618
0.01533536
0.01648695
0.01679916
0.01632556
0.01587802
0.01671291
0.01447460
0.01634237
0.01629011
0.01609195
0.01559184
0.01464447
0.01686462
0.01460265
0.01710945
0.01463945
0.01546219
0.01696912
0.01599285
0.01614357
0.01642671
0.01604599
0.01717416
0.01613065
0.01730629
0.01593442
0.00000000
0.00000000
0.00000000
0.00000000
0.00000000
0.00000000
0.00000000
0.00000000
0.00000000
0.00000000
0.00000000
0.00000000
0.00000000
0.00000000
0.00000000
0.00000000
0.00000000
0.00000000
0.00000000
0.00000000
0.00000000
0.00000000
0.00000000
0.00000000
0.00000000
0.00000000
0.00000000
0.00000000
0.00000000
0.00000000
0.00000000
0.00000000
0.00000000
0.00000000
0.00000000
0.00000000
0.00000000
0.00000000
0.00000000
0.00000000
0.00000000
0.00000000
0.00000000
0.00000000
0.00000000
0.00000000
0.00000000
0.00000000
0.00000000
0.00000000
0.00000000
0.00000000
0.00000000
0.00000000
0.00000000
0.00000000
0.00000000
0.00000000
0.00000000
0.00000000
0.00000000
0.00000000
0.00000000
0.00000000
0.00000000
0.00000000
0.01556893
0.01511790
0.01592739
0.01658179
0.01613830
0.01578411
0.01233852
0.01607014
0.01541476
0.01706282
0.01519244
0.01702383
0.01606095
0.01562960
0.01478949
0.01602975
0.01597301
0.01294725
0.01723939
0.01628107
0.01629970
0.01712344
0.01256067
0.01584562
0.01613830
0.01243771
0.01799292
0.01612169
0.01316831
0.01733629
0.01654958
0.01295910
0.01416688
0.01735613
0.01557427
0.01659317
0.01554579
0.01675721
0.01730459
0.01662357
0.01528832
0.01728085
0.01352245
0.01672657
0.01672083
0.01662737
0.01600044
0.01452294
0.01763027
0.01398814
0.01747766
0.01377221
0.01501106
0.01739788
0.01622715
0.01632583
0.01666927
0.01539537
0.01714500
0.01681097
0.01750768
0.01712931
0.01719606
0.00000000
0.00000000
0.00000000
0.00000000
0.00000000
0.00000000
0.00000000
0.00000000
0.00000000
0.00000000
0.00000000
0.00000000
0.00000000
0.00000000
0.00000000
0.00000000
0.00000000
0.00000000
0.00000000
0.00000000
0.00000000
0.00000000
0.00000000
0.00000000
0.00000000
0.00000000
0.00000000
0.00000000
0.00000000
0.00000000
0.00000000
0.00000000
0.00000000
0.00000000
0.00000000
0.00000000
0.00000000
0.00000000
0.00000000
0.00000000
0.00000000
0.00000000
0.00000000
0.00000000
0.00000000
0.00000000
0.00000000
0.00000000
0.00000000
0.00000000
0.00000000
0.00000000
0.00000000
0.00000000
0.00000000
0.00000000
0.00000000
0.00000000
0.00000000
0.00000000
0.00000000
0.00000000
0.00000000
0.00000000
0.00000000
0.01152337
0.01341534
0.01460704
0.01551822
0.01518286
0.01424730
0.01121517
0.01535929
0.01478862
0.01674664
0.01416442
0.01591734
0.01435855
0.01463547
0.01405467
0.01537686
0.01541561
0.01113846
0.01707548
0.01607102
0.01671028
0.01654292
0.01146027
0.01504627
0.01504972
0.01119978
0.01763326
0.01631366
0.01151151
0.01711851
0.01649190
0.01241566
0.01404342
0.01680997
0.01514123
0.01698781
0.01521589
0.01722063
0.01745465
0.01777095
0.01582657
0.01868399
0.01327490
0.01724429
0.01746663
0.01758693
0.01753470
0.01514123
0.01872893
0.01373521
0.01850321
0.01390118
0.01535050
0.01882989
0.01634167
0.01576153
0.01735312
0.01589551
0.01835354
0.01721866
0.01679652
0.01648247
0.01776485
0.01727390
0.00000000
0.00000000
0.00000000
0.00000000
0.00000000
0.00000000
0.00000000
0.00000000
0.00000000
0.00000000
0.00000000
0.00000000
0.00000000
0.00000000
0.00000000
0.00000000
0.00000000
0.00000000
0.00000000
0.00000000
0.00000000
0.00000000
0.00000000
0.00000000
0.00000000
0.00000000
0.00000000
0.00000000
0.00000000
0.00000000
0.00000000
0.00000000
0.00000000
0.00000000
0.00000000
0.00000000
0.00000000
0.00000000
0.00000000
0.00000000
0.00000000
0.00000000
0.00000000
0.00000000
0.00000000
0.00000000
0.00000000
0.00000000
0.00000000
0.00000000
0.00000000
0.00000000
0.00000000
0.00000000
0.00000000
0.00000000
0.00000000
0.00000000
0.00000000
0.00000000
0.00000000
0.00000000
0.00000000
0.00000000
0.01627804
0.01566607
0.01607634
0.01620744
0.01586262
0.01562848
0.01418857
0.01624270
0.01554646
0.01667380
0.01514971
0.01665664
0.01593354
0.01569836
0.01521048
0.01581732
0.01547726
0.01386131
0.01657871
0.01597917
0.01587533
0.01647096
0.01382173
0.01543483
0.01551626
0.01440938
0.01697207
0.01543483
0.01409798
0.01606899
0.01559277
0.01435673
0.01495857
0.01623899
0.01485965
0.01510645
0.01475127
0.01603777
0.01602127
0.01554468
0.01482909
0.01549143
0.01382015
0.01545426
0.01551626
0.01534154
0.01470073
0.01363486
0.01572352
0.01422595
0.01582637
0.01465037
0.01485456
0.01558563
0.01495857
0.01524183
0.01531874
0.01485626
0.01564816
0.01504953
0.01591897
0.01538899
0.01526976
0.01492780
0.01546310
0.00000000
0.00000000
0.00000000
0.00000000
0.00000000
0.00000000
0.00000000
0.00000000
0.00000000
0.00000000
0.00000000
0.00000000
0.00000000
0.00000000
0.00000000
0.00000000
0.00000000
0.00000000
0.00000000
0.00000000
0.00000000
0.00000000
0.00000000
0.00000000
0.00000000
0.00000000
0.00000000
0.00000000
0.00000000
0.00000000
0.00000000
0.00000000
0.00000000
0.00000000
0.00000000
0.00000000
0.00000000
0.00000000
0.00000000
0.00000000
0.00000000
0.00000000
0.00000000
0.00000000
0.00000000
0.00000000
0.00000000
0.00000000
0.00000000
0.00000000
0.00000000
0.00000000
0.00000000
0.00000000
0.00000000
0.00000000
0.00000000
0.00000000
0.00000000
0.00000000
0.00000000
0.00000000
0.00000000
0.01613331
0.01531160
0.01576300
0.01591519
0.01548952
0.01539766
0.01359269
0.01584253
0.01528360
0.01625743
0.01470901
0.01640688
0.01575578
0.01567668
0.01502703
0.01553033
0.01513918
0.01312965
0.01627417
0.01570181
0.01574317
0.01625929
0.01359736
0.01519296
0.01540823
0.01383584
0.01681924
0.01533438
0.01385010
0.01601380
0.01547712
0.01391680
0.01466365
0.01625929
0.01471069
0.01500642
0.01453174
0.01601929
0.01604680
0.01556946
0.01475789
0.01535545
0.01297289
0.01519296
0.01532211
0.01524867
0.01460339
0.01356318
0.01565339
0.01362694
0.01575939
0.01407207
0.01457002
0.01556412
0.01489526
0.01515651
0.01524867
0.01472922
0.01549307
0.01490208
0.01580271
0.01520861
0.01509595
0.01476971
0.01527137
0.01457169
0.00000000
0.00000000
0.00000000
0.00000000
0.00000000
0.00000000
0.00000000
0.00000000
0.00000000
0.00000000
0.00000000
0.00000000
0.00000000
0.00000000
0.00000000
0.00000000
0.00000000
0.00000000
0.00000000
0.00000000
0.00000000
0.00000000
0.00000000
0.00000000
0.00000000
0.00000000
0.00000000
0.00000000
0.00000000
0.00000000
0.00000000
0.00000000
0.00000000
0.00000000
0.00000000
0.00000000
0.00000000
0.00000000
0.00000000
0.00000000
0.00000000
0.00000000
0.00000000
0.00000000
0.00000000
0.00000000
0.00000000
0.00000000
0.00000000
0.00000000
0.00000000
0.00000000
0.00000000
0.00000000
0.00000000
0.00000000
0.00000000
0.00000000
0.00000000
0.00000000
0.00000000
0.00000000
0.01422854
0.01417331
0.01487596
0.01532153
0.01487596
0.01439388
0.01219814
0.01523589
0.01500585
0.01598208
0.01425134
0.01579850
0.01479451
0.01465303
0.01411506
0.01498184
0.01488617
0.01179338
0.01592368
0.01522369
0.01549247
0.01599671
0.01272840
0.01483178
0.01528476
0.01199337
0.01664062
0.01506088
0.01203597
0.01585643
0.01514380
0.01229620
0.01366388
0.01598573
0.01470677
0.01518369
0.01402012
0.01515593
0.01597294
0.01566891
0.01479451
0.01626983
0.01261678
0.01556708
0.01566712
0.01560809
0.01522543
0.01393857
0.01654004
0.01288367
0.01656845
0.01295016
0.01418953
0.01645701
0.01519412
0.01538123
0.01569223
0.01474214
0.01599488
0.01557421
0.01627355
0.01562060
0.01580030
0.01516981
0.01666539
0.01595833
0.01622523
0.00000000
0.00000000
0.00000000
0.00000000
0.00000000
0.00000000
0.00000000
0.00000000
0.00000000
0.00000000
0.00000000
0.00000000
0.00000000
0.00000000
0.00000000
0.00000000
0.00000000
0.00000000
0.00000000
0.00000000
0.00000000
0.00000000
0.00000000
0.00000000
0.00000000
0.00000000
0.00000000
0.00000000
0.00000000
0.00000000
0.00000000
0.00000000
0.00000000
0.00000000
0.00000000
0.00000000
0.00000000
0.00000000
0.00000000
0.00000000
0.00000000
0.00000000
0.00000000
0.00000000
0.00000000
0.00000000
0.00000000
0.00000000
0.00000000
0.00000000
0.00000000
0.00000000
0.00000000
0.00000000
0.00000000
0.00000000
0.00000000
0.00000000
0.00000000
0.00000000
0.00000000
0.01505579
0.01441372
0.01495452
0.01535670
0.01499049
0.01462632
0.01269647
0.01533213
0.01499220
0.01589647
0.01420585
0.01570309
0.01483356
0.01469844
0.01434957
0.01511100
0.01482508
0.01221915
0.01564751
0.01519768
0.01536197
0.01593106
0.01358292
0.01482338
0.01492206
0.01249477
0.01655338
0.01495623
0.01310821
0.01564930
0.01504546
0.01317586
0.01410868
0.01572286
0.01442527
0.01462966
0.01377223
0.01497335
0.01543419
0.01531986
0.01466485
0.01546600
0.01292359
0.01480983
0.01488966
0.01505063
0.01461294
0.01357516
0.01555827
0.01306181
0.01542183
0.01320150
0.01408449
0.01535319
0.01450967
0.01465982
0.01476247
0.01420422
0.01521333
0.01469339
0.01530234
0.01469171
0.01485054
0.01443683
0.01548724
0.01485903
0.01529359
0.01526563
0.00000000
0.00000000
0.00000000
0.00000000
0.00000000
0.00000000
0.00000000
0.00000000
0.00000000
0.00000000
0.00000000
0.00000000
0.00000000
0.00000000
0.00000000
0.00000000
0.00000000
0.00000000
0.00000000
0.00000000
0.00000000
0.00000000
0.00000000
0.00000000
0.00000000
0.00000000
0.00000000
0.00000000
0.00000000
0.00000000
0.00000000
0.00000000
0.00000000
0.00000000
0.00000000
0.00000000
0.00000000
0.00000000
0.00000000
0.00000000
0.00000000
0.00000000
0.00000000
0.00000000
0.00000000
0.00000000
0.00000000
0.00000000
0.00000000
0.00000000
0.00000000
0.00000000
0.00000000
0.00000000
0.00000000
0.00000000
0.00000000
0.00000000
0.00000000
0.00000000
0.01023020
0.01259502
0.01321641
0.01390976
0.01381936
0.01300644
0.01142152
0.01393205
0.01346206
0.01498340
0.01356408
0.01398314
0.01284675
0.01341748
0.01372955
0.01446801
0.01450944
0.01205376
0.01485880
0.01457432
0.01499368
0.01459433
0.01209519
0.01381462
0.01320432
0.01190985
0.01509349
0.01503834
0.01252605
0.01504523
0.01497997
0.01316209
0.01393364
0.01448622
0.01411169
0.01539868
0.01443165
0.01533890
0.01500741
0.01597643
0.01505383
0.01650208
0.01444651
0.01516444
0.01540925
0.01578027
0.01632933
0.01501943
0.01605704
0.01426587
0.01572261
0.01433950
0.01490476
0.01637422
0.01485880
0.01396396
0.01552957
0.01510904
0.01662904
0.01545514
0.01432310
0.01429528
0.01566875
0.01550827
0.01635737
0.01558296
0.01456098
0.01642674
0.01663855
0.00000000
0.00000000
0.00000000
0.00000000
0.00000000
0.00000000
0.00000000
0.00000000
0.00000000
0.00000000
0.00000000
0.00000000
0.00000000
0.00000000
0.00000000
0.00000000
0.00000000
0.00000000
0.00000000
0.00000000
0.00000000
0.00000000
0.00000000
0.00000000
0.00000000
0.00000000
0.00000000
0.00000000
0.00000000
0.00000000
0.00000000
0.00000000
0.00000000
0.00000000
0.00000000
0.00000000
0.00000000
0.00000000
0.00000000
0.00000000
0.00000000
0.00000000
0.00000000
0.00000000
0.00000000
0.00000000
0.00000000
0.00000000
0.00000000
0.00000000
0.00000000
0.00000000
0.00000000
0.00000000
0.00000000
0.00000000
0.00000000
0.00000000
0.00000000
0.01360600
0.01362936
0.01406974
0.01461936
0.01425768
0.01377986
0.01167912
0.01464279
0.01431324
0.01538455
0.01362780
0.01511418
0.01405205
0.01386048
0.01348514
0.01448453
0.01439369
0.01174611
0.01530031
0.01456928
0.01466626
0.01529331
0.01231293
0.01416664
0.01454929
0.01167111
0.01595265
0.01428380
0.01147256
0.01515226
0.01465619
0.01244034
0.01353924
0.01527583
0.01413750
0.01455761
0.01347897
0.01451438
0.01512283
0.01494228
0.01413912
0.01551710
0.01275884
0.01478247
0.01476219
0.01470994
0.01430342
0.01311397
0.01561325
0.01285259
0.01558648
0.01262239
0.01350830
0.01546394
0.01437723
0.01441841
0.01488768
0.01409713
0.01527932
0.01465452
0.01523743
0.01459096
0.01489450
0.01417150
0.01555086
0.01481802
0.01514014
0.01564901
0.01504691
0.01465117
0.00000000
0.00000000
0.00000000
0.00000000
0.00000000
0.00000000
0.00000000
0.00000000
0.00000000
0.00000000
0.00000000
0.00000000
0.00000000
0.00000000
0.00000000
0.00000000
0.00000000
0.00000000
0.00000000
0.00000000
0.00000000
0.00000000
0.00000000
0.00000000
0.00000000
0.00000000
0.00000000
0.00000000
0.00000000
0.00000000
0.00000000
0.00000000
0.00000000
0.00000000
0.00000000
0.00000000
0.00000000
0.00000000
0.00000000
0.00000000
0.00000000
0.00000000
0.00000000
0.00000000
0.00000000
0.00000000
0.00000000
0.00000000
0.00000000
0.00000000
0.00000000
0.00000000
0.00000000
0.00000000
0.00000000
0.00000000
0.00000000
0.00000000
0.01377968
0.01370579
0.01400052
0.01452582
0.01419241
0.01380018
0.01154481
0.01455243
0.01398612
0.01528437
0.01363542
0.01506393
0.01419078
0.01378598
0.01328896
0.01421353
0.01413085
0.01188788
0.01517982
0.01442152
0.01433927
0.01511226
0.01199717
0.01415026
0.01446282
0.01233109
0.01583789
0.01414540
0.01159113
0.01503123
0.01454577
0.01250868
0.01342955
0.01510362
0.01390158
0.01440338
0.01360115
0.01452914
0.01488919
0.01450589
0.01358250
0.01510362
0.01305542
0.01471816
0.01463590
0.01446613
0.01391909
0.01264101
0.01523723
0.01305692
0.01516247
0.01268882
0.01325405
0.01488919
0.01398132
0.01404383
0.01441327
0.01372462
0.01479074
0.01413570
0.01483140
0.01427544
0.01445951
0.01371677
0.01489771
0.01422003
0.01459411
0.01516767
0.01492500
0.01442317
0.01340193
0.00000000
0.00000000
0.00000000
0.00000000
0.00000000
0.00000000
0.00000000
0.00000000
0.00000000
0.00000000
0.00000000
0.00000000
0.00000000
0.00000000
0.00000000
0.00000000
0.00000000
0.00000000
0.00000000
0.00000000
0.00000000
0.00000000
0.00000000
0.00000000
0.00000000
0.00000000
0.00000000
0.00000000
0.00000000
0.00000000
0.00000000
0.00000000
0.00000000
0.00000000
0.00000000
0.00000000
0.00000000
0.00000000
0.00000000
0.00000000
0.00000000
0.00000000
0.00000000
0.00000000
0.00000000
0.00000000
0.00000000
0.00000000
0.00000000
0.00000000
0.00000000
0.00000000
0.00000000
0.00000000
0.00000000
0.00000000
0.00000000
0.01538463
0.01460773
0.01482658
0.01469488
0.01424960
0.01414081
0.01267889
0.01479608
0.01437073
0.01506938
0.01391297
0.01518357
0.01479439
0.01428550
0.01365909
0.01420728
0.01394005
0.01257346
0.01515234
0.01461442
0.01452442
0.01508835
0.01301689
0.01426101
0.01448129
0.01387166
0.01547641
0.01393049
0.01253899
0.01440859
0.01391297
0.01286884
0.01374058
0.01477748
0.01380991
0.01370918
0.01348059
0.01430676
0.01443333
0.01376103
0.01308257
0.01386531
0.01285266
0.01425286
0.01418617
0.01392890
0.01321795
0.01216042
0.01416671
0.01285854
0.01419754
0.01337002
0.01340830
0.01375473
0.01321039
0.01353157
0.01340370
0.01311253
0.01385580
0.01339911
0.01432641
0.01367942
0.01347288
0.01303924
0.01382730
0.01335015
0.01391138
0.01380991
0.01380517
0.01369351
0.01271229
0.01301540
0.00000000
0.00000000
0.00000000
0.00000000
0.00000000
0.00000000
0.00000000
0.00000000
0.00000000
0.00000000
0.00000000
0.00000000
0.00000000
0.00000000
0.00000000
0.00000000
0.00000000
0.00000000
0.00000000
0.00000000
0.00000000
0.00000000
0.00000000
0.00000000
0.00000000
0.00000000
0.00000000
0.00000000
0.00000000
0.00000000
0.00000000
0.00000000
0.00000000
0.00000000
0.00000000
0.00000000
0.00000000
0.00000000
0.00000000
0.00000000
0.00000000
0.00000000
0.00000000
0.00000000
0.00000000
0.00000000
0.00000000
0.00000000
0.00000000
0.00000000
0.00000000
0.00000000
0.00000000
0.00000000
0.00000000
0.00000000
0.00859932
0.01091424
0.01158181
0.01256025
0.01221314
0.01141869
0.00856203
0.01219917
0.01177686
0.01366348
0.01191507
0.01296608
0.01155402
0.01202736
0.01180113
0.01290542
0.01322069
0.00987925
0.01398767
0.01299430
0.01342490
0.01339422
0.00893422
0.01238477
0.01254015
0.00917240
0.01423952
0.01384599
0.00949045
0.01451913
0.01416641
0.01014726
0.01151181
0.01401971
0.01310326
0.01510357
0.01332850
0.01450585
0.01487042
0.01545132
0.01392541
0.01684698
0.01204664
0.01507422
0.01530706
0.01524416
0.01565054
0.01375286
0.01670880
0.01177282
0.01668970
0.01130562
0.01296608
0.01735952
0.01505699
0.01412111
0.01625447
0.01468616
0.01663062
0.01563623
0.01504494
0.01481439
0.01606592
0.01510011
0.01646594
0.01531582
0.01464758
0.01748908
0.01760348
0.01631221
0.01587956
0.01730005
0.01603104
0.00000000
0.00000000
0.00000000
0.00000000
0.00000000
0.00000000
0.00000000
0.00000000
0.00000000
0.00000000
0.00000000
0.00000000
0.00000000
0.00000000
0.00000000
0.00000000
0.00000000
0.00000000
0.00000000
0.00000000
0.00000000
0.00000000
0.00000000
0.00000000
0.00000000
0.00000000
0.00000000
0.00000000
0.00000000
0.00000000
0.00000000
0.00000000
0.00000000
0.00000000
0.00000000
0.00000000
0.00000000
0.00000000
0.00000000
0.00000000
0.00000000
0.00000000
0.00000000
0.00000000
0.00000000
0.00000000
0.00000000
0.00000000
0.00000000
0.00000000
0.00000000
0.00000000
0.00000000
0.00000000
0.00000000
0.01480749
0.01350024
0.01424265
0.01457725
0.01394761
0.01363526
0.01079248
0.01416952
0.01366805
0.01488731
0.01314217
0.01498298
0.01414847
0.01386330
0.01317076
0.01369779
0.01334516
0.01046784
0.01432107
0.01360410
0.01375589
0.01468603
0.01166414
0.01350796
0.01399235
0.01108273
0.01548657
0.01381897
0.01209209
0.01475676
0.01385696
0.01110430
0.01226202
0.01488391
0.01331162
0.01352652
0.01262640
0.01382055
0.01455059
0.01386013
0.01310164
0.01413229
0.01067706
0.01369622
0.01382214
0.01387282
0.01328424
0.01224520
0.01461398
0.01116288
0.01460729
0.01129260
0.01259755
0.01442629
0.01353116
0.01391892
0.01368996
0.01284492
0.01383479
0.01354820
0.01484310
0.01394920
0.01364150
0.01297933
0.01409678
0.01348172
0.01429979
0.01429161
0.01369309
0.01382530
0.01321906
0.01424102
0.01344015
0.01348018
0.00000000
0.00000000
0.00000000
0.00000000
0.00000000
0.00000000
0.00000000
0.00000000
0.00000000
0.00000000
0.00000000
0.00000000
0.00000000
0.00000000
0.00000000
0.00000000
0.00000000
0.00000000
0.00000000
0.00000000
0.00000000
0.00000000
0.00000000
0.00000000
0.00000000
0.00000000
0.00000000
0.00000000
0.00000000
0.00000000
0.00000000
0.00000000
0.00000000
0.00000000
0.00000000
0.00000000
0.00000000
0.00000000
0.00000000
0.00000000
0.00000000
0.00000000
0.00000000
0.00000000
0.00000000
0.00000000
0.00000000
0.00000000
0.00000000
0.00000000
0.00000000
0.00000000
0.00000000
0.00000000
0.00192097
0.00528535
0.00549936
0.00687753
0.00660460
0.00528233
0.00291240
0.00653696
0.00635703
0.00863856
0.00702543
0.00686417
0.00534493
0.00655793
0.00700937
0.00898217
0.01008223
0.00568680
0.00971318
0.00914599
0.01010070
0.00836626
0.00279234
0.00724331
0.00679076
0.00313791
0.00894015
0.01088157
0.00387611
0.01087909
0.01143411
0.00575090
0.00766790
0.00964674
0.01047128
0.01510494
0.01094524
0.01090774
0.01216127
0.01579766
0.01240575
0.02000912
0.01073568
0.01426037
0.01570218
0.01623365
0.01974311
0.01399375
0.01890331
0.00804068
0.01832422
0.00932451
0.01223942
0.02255748
0.01554847
0.01109906
0.01888602
0.01603250
0.02094111
0.01768986
0.01174430
0.01300440
0.01877401
0.01829908
0.01969574
0.01706771
0.01234346
0.02257039
0.02650555
0.02060607
0.02318799
0.02566712
0.02329966
0.03762281
0.08171820
0.00000000
0.00000000
0.00000000
0.00000000
0.00000000
0.00000000
0.00000000
0.00000000
0.00000000
0.00000000
0.00000000
0.00000000
0.00000000
0.00000000
0.00000000
0.00000000
0.00000000
0.00000000
0.00000000
0.00000000
0.00000000
0.00000000
0.00000000
0.00000000
0.00000000
0.00000000
0.00000000
0.00000000
0.00000000
0.00000000
0.00000000
0.00000000
0.00000000
0.00000000
0.00000000
0.00000000
0.00000000
0.00000000
0.00000000
0.00000000
0.00000000
0.00000000
0.00000000
0.00000000
0.00000000
0.00000000
0.00000000
0.00000000
0.00000000
0.00000000
0.00000000
0.00000000
0.00000000
0.01049510
0.01176832
0.01233621
0.01283278
0.01246387
0.01197199
0.00971525
0.01251244
0.01218754
0.01340903
0.01208066
0.01307131
0.01214718
0.01236730
0.01205443
0.01282544
0.01289901
0.01049270
0.01362861
0.01298190
0.01327624
0.01330970
0.01004983
0.01243966
0.01256120
0.01017242
0.01386447
0.01330817
0.01050231
0.01378698
0.01340289
0.01071466
0.01180337
0.01364577
0.01281078
0.01384703
0.01278736
0.01369424
0.01400794
0.01407379
0.01305188
0.01470576
0.01155754
0.01389146
0.01407218
0.01402076
0.01403681
0.01273626
0.01478673
0.01151267
0.01481043
0.01162649
0.01271734
0.01510816
0.01374289
0.01332493
0.01438631
0.01346128
0.01478165
0.01419992
0.01411571
0.01382646
0.01439454
0.01385813
0.01468391
0.01392327
0.01377121
0.01505468
0.01497053
0.01445724
0.01408990
0.01494487
0.01401435
0.01525926
0.01431408
0.01349057
0.00000000
0.00000000
0.00000000
0.00000000
0.00000000
0.00000000
0.00000000
0.00000000
0.00000000
0.00000000
0.00000000
0.00000000
0.00000000
0.00000000
0.00000000
0.00000000
0.00000000
0.00000000
0.00000000
0.00000000
0.00000000
0.00000000
0.00000000
0.00000000
0.00000000
0.00000000
0.00000000
0.00000000
0.00000000
0.00000000
0.00000000
0.00000000
0.00000000
0.00000000
0.00000000
0.00000000
0.00000000
0.00000000
0.00000000
0.00000000
0.00000000
0.00000000
0.00000000
0.00000000
0.00000000
0.00000000
0.00000000
0.00000000
0.00000000
0.00000000
0.00000000
0.00000000
0.01019159
0.01148171
0.01191931
0.01250736
0.01240477
0.01198905
0.01051126
0.01237360
0.01203852
0.01315298
0.01220910
0.01265125
0.01191250
0.01226930
0.01235662
0.01285990
0.01291444
0.01096569
0.01313493
0.01294698
0.01320725
0.01313043
0.01125158
0.01255323
0.01223286
0.01083849
0.01346505
0.01317556
0.01136671
0.01331648
0.01312142
0.01130447
0.01193705
0.01295142
0.01248021
0.01347892
0.01287609
0.01360906
0.01338367
0.01391762
0.01333934
0.01428538
0.01248735
0.01326327
0.01346505
0.01372004
0.01403433
0.01322539
0.01411805
0.01248592
0.01390012
0.01226930
0.01297515
0.01436403
0.01336378
0.01285254
0.01376878
0.01333477
0.01419578
0.01351752
0.01301975
0.01293958
0.01374674
0.01352680
0.01407935
0.01354074
0.01305554
0.01430173
0.01442660
0.01387312
0.01382243
0.01426578
0.01413906
0.01454258
0.01474020
0.01279533
0.01383034
0.00000000
0.00000000
0.00000000
0.00000000
0.00000000
0.00000000
0.00000000
0.00000000
0.00000000
0.00000000
0.00000000
0.00000000
0.00000000
0.00000000
0.00000000
0.00000000
0.00000000
0.00000000
0.00000000
0.00000000
0.00000000
0.00000000
0.00000000
0.00000000
0.00000000
0.00000000
0.00000000
0.00000000
0.00000000
0.00000000
0.00000000
0.00000000
0.00000000
0.00000000
0.00000000
0.00000000
0.00000000
0.00000000
0.00000000
0.00000000
0.00000000
0.00000000
0.00000000
0.00000000
0.00000000
0.00000000
0.00000000
0.00000000
0.00000000
0.00000000
0.00000000
0.01250402
0.01228990
0.01253410
0.01307597
0.01283296
0.01258150
0.01073812
0.01318562
0.01274518
0.01371481
0.01219886
0.01363035
0.01285205
0.01276123
0.01228287
0.01295834
0.01281389
0.01067321
0.01367721
0.01302372
0.01300586
0.01366157
0.01060264
0.01281975
0.01305953
0.01109649
0.01435362
0.01302372
0.01080589
0.01374465
0.01331292
0.01148258
0.01217934
0.01372893
0.01238445
0.01289033
0.01214595
0.01333731
0.01361633
0.01342148
0.01263197
0.01371167
0.01133771
0.01325366
0.01324760
0.01321884
0.01274956
0.01165727
0.01394897
0.01186988
0.01393621
0.01157225
0.01209189
0.01367095
0.01280656
0.01285205
0.01323094
0.01262764
0.01343992
0.01281682
0.01343070
0.01293316
0.01309543
0.01264354
0.01349847
0.01283002
0.01317657
0.01369443
0.01350464
0.01325063
0.01266380
0.01333883
0.01270007
0.01326276
0.01216542
0.01287854
0.01327339
0.01324003
0.00000000
0.00000000
0.00000000
0.00000000
0.00000000
0.00000000
0.00000000
0.00000000
0.00000000
0.00000000
0.00000000
0.00000000
0.00000000
0.00000000
0.00000000
0.00000000
0.00000000
0.00000000
0.00000000
0.00000000
0.00000000
0.00000000
0.00000000
0.00000000
0.00000000
0.00000000
0.00000000
0.00000000
0.00000000
0.00000000
0.00000000
0.00000000
0.00000000
0.00000000
0.00000000
0.00000000
0.00000000
0.00000000
0.00000000
0.00000000
0.00000000
0.00000000
0.00000000
0.00000000
0.00000000
0.00000000
0.00000000
0.00000000
0.00000000
0.00000000
0.01341550
0.01284339
0.01290819
0.01322202
0.01281990
0.01259173
0.01091409
0.01346470
0.01311807
0.01382998
0.01233229
0.01375110
0.01313609
0.01289196
0.01240871
0.01297926
0.01270894
0.01086427
0.01362740
0.01304326
0.01300006
0.01367737
0.01056402
0.01275846
0.01298520
0.01158033
0.01428010
0.01297036
0.01120633
0.01351872
0.01302835
0.01160685
0.01245706
0.01368363
0.01249273
0.01254429
0.01193674
0.01294220
0.01334815
0.01304028
0.01236903
0.01316467
0.01136771
0.01300601
0.01304774
0.01300006
0.01239452
0.01118328
0.01350944
0.01170418
0.01354038
0.01231820
0.01247703
0.01319181
0.01240729
0.01245991
0.01262490
0.01226898
0.01297629
0.01235206
0.01312258
0.01247417
0.01248702
0.01212250
0.01286103
0.01230552
0.01278622
0.01294960
0.01289639
0.01280964
0.01222974
0.01271475
0.01208512
0.01237327
0.01124356
0.01266105
0.01292740
0.01285809
0.01223674
0.00000000
0.00000000
0.00000000
0.00000000
0.00000000
0.00000000
0.00000000
0.00000000
0.00000000
0.00000000
0.00000000
0.00000000
0.00000000
0.00000000
0.00000000
0.00000000
0.00000000
0.00000000
0.00000000
0.00000000
0.00000000
0.00000000
0.00000000
0.00000000
0.00000000
0.00000000
0.00000000
0.00000000
0.00000000
0.00000000
0.00000000
0.00000000
0.00000000
0.00000000
0.00000000
0.00000000
0.00000000
0.00000000
0.00000000
0.00000000
0.00000000
0.00000000
0.00000000
0.00000000
0.00000000
0.00000000
0.00000000
0.00000000
0.00000000
0.01197695
0.01209120
0.01257791
0.01286162
0.01235687
0.01202912
0.00995102
0.01265584
0.01236393
0.01330760
0.01190864
0.01333655
0.01251190
0.01234697
0.01174629
0.01241637
0.01231031
0.01036224
0.01340231
0.01243485
0.01260816
0.01300215
0.01015106
0.01203463
0.01257215
0.01025142
0.01369209
0.01260095
0.01064822
0.01343608
0.01294575
0.01097468
0.01180691
0.01351779
0.01236959
0.01281902
0.01189095
0.01294575
0.01342533
0.01293095
0.01211335
0.01342994
0.01063726
0.01310817
0.01310967
0.01275759
0.01232581
0.01119787
0.01354410
0.01059961
0.01371874
0.01082259
0.01175570
0.01352862
0.01251762
0.01285427
0.01298283
0.01213138
0.01315474
0.01281756
0.01376117
0.01308720
0.01289698
0.01239225
0.01323928
0.01262981
0.01318789
0.01359843
0.01330760
0.01316076
0.01244766
0.01342840
0.01236818
0.01316076
0.01124151
0.01275613
0.01353945
0.01354720
0.01307074
0.01249902
0.00000000
0.00000000
0.00000000
0.00000000
0.00000000
0.00000000
0.00000000
0.00000000
0.00000000
0.00000000
0.00000000
0.00000000
0.00000000
0.00000000
0.00000000
0.00000000
0.00000000
0.00000000
0.00000000
0.00000000
0.00000000
0.00000000
0.00000000
0.00000000
0.00000000
0.00000000
0.00000000
0.00000000
0.00000000
0.00000000
0.00000000
0.00000000
0.00000000
0.00000000
0.00000000
0.00000000
0.00000000
0.00000000
0.00000000
0.00000000
0.00000000
0.00000000
0.00000000
0.00000000
0.00000000
0.00000000
0.00000000
0.00000000
0.00281966
0.00547808
0.00665550
0.00781678
0.00808044
0.00704242
0.00545370
0.00759294
0.00696391
0.00910123
0.00718645
0.00760598
0.00613704
0.00729829
0.00750057
0.00829395
0.00896894
0.00434292
0.00928101
0.00947625
0.01047501
0.00928419
0.00549628
0.00877311
0.00876709
0.00558885
0.00941359
0.00994263
0.00372788
0.00985770
0.00966122
0.00438535
0.00601885
0.00944703
0.00906590
0.01343397
0.01102454
0.01281994
0.01254720
0.01516747
0.01220602
0.01698807
0.00734183
0.01219486
0.01375586
0.01428015
0.01654506
0.01402598
0.01642062
0.00913043
0.01668189
0.00721116
0.00918490
0.01866932
0.01426382
0.01184158
0.01820536
0.01522657
0.01795101
0.01603088
0.01252855
0.01383002
0.01860749
0.01670863
0.01957471
0.01731967
0.01374171
0.02116535
0.02095097
0.01831607
0.01772250
0.01939196
0.01679870
0.02315913
0.02353030
0.01198055
0.01935207
0.01864585
0.02422122
0.01268719
0.03361813
0.00000000
0.00000000
0.00000000
0.00000000
0.00000000
0.00000000
0.00000000
0.00000000
0.00000000
0.00000000
0.00000000
0.00000000
0.00000000
0.00000000
0.00000000
0.00000000
0.00000000
0.00000000
0.00000000
0.00000000
0.00000000
0.00000000
0.00000000
0.00000000
0.00000000
0.00000000
0.00000000
0.00000000
0.00000000
0.00000000
0.00000000
0.00000000
0.00000000
0.00000000
0.00000000
0.00000000
0.00000000
0.00000000
0.00000000
0.00000000
0.00000000
0.00000000
0.00000000
0.00000000
0.00000000
0.00000000
0.00000000
0.01326635
0.01241760
0.01275155
0.01303321
0.01272532
0.01258346
0.01067977
0.01285112
0.01235102
0.01333634
0.01229463
0.01342665
0.01296629
0.01260796
0.01209793
0.01253462
0.01232702
0.01077548
0.01307203
0.01253892
0.01248882
0.01312447
0.01139800
0.01237506
0.01268753
0.01096322
0.01364965
0.01234395
0.01137976
0.01310347
0.01267592
0.01141365
0.01187309
0.01316206
0.01216871
0.01237223
0.01200693
0.01274280
0.01289235
0.01233266
0.01182159
0.01253892
0.01106907
0.01243608
0.01237930
0.01231434
0.01185816
0.01116955
0.01278953
0.01116955
0.01271368
0.01103493
0.01169516
0.01257052
0.01212563
0.01243181
0.01215897
0.01170855
0.01219100
0.01188804
0.01274426
0.01222312
0.01204821
0.01166443
0.01225392
0.01182024
0.01236374
0.01237506
0.01227355
0.01209101
0.01154496
0.01204683
0.01170453
0.01173939
0.01049688
0.01188940
0.01206338
0.01217567
0.01184460
0.01202205
0.01087081
0.01188804
0.00000000
0.00000000
0.00000000
0.00000000
0.00000000
0.00000000
0.00000000
0.00000000
0.00000000
0.00000000
0.00000000
0.00000000
0.00000000
0.00000000
0.00000000
0.00000000
0.00000000
0.00000000
0.00000000
0.00000000
0.00000000
0.00000000
0.00000000
0.00000000
0.00000000
0.00000000
0.00000000
0.00000000
0.00000000
0.00000000
0.00000000
0.00000000
0.00000000
0.00000000
0.00000000
0.00000000
0.00000000
0.00000000
0.00000000
0.00000000
0.00000000
0.00000000
0.00000000
0.00000000
0.00000000
0.00000000
0.01101393
0.01150850
0.01201290
0.01215110
0.01160765
0.01132696
0.00950510
0.01184236
0.01166889
0.01252938
0.01149140
0.01257532
0.01179234
0.01183965
0.01144417
0.01197860
0.01191437
0.01004273
0.01270691
0.01196627
0.01222360
0.01242235
0.01040167
0.01153090
0.01196080
0.00996948
0.01284281
0.01201428
0.01022823
0.01261134
0.01219706
0.01034827
0.01122892
0.01272873
0.01201153
0.01248360
0.01161164
0.01249932
0.01286633
0.01253654
0.01185049
0.01303223
0.01031518
0.01255807
0.01266193
0.01231905
0.01210394
0.01120454
0.01291647
0.01003814
0.01312498
0.01016757
0.01122635
0.01308750
0.01216223
0.01250504
0.01274913
0.01194576
0.01295050
0.01268077
0.01346871
0.01282812
0.01268367
0.01206109
0.01298016
0.01251935
0.01294161
0.01342411
0.01295198
0.01298610
0.01232187
0.01336282
0.01209563
0.01299502
0.01035774
0.01220264
0.01298313
0.01326991
0.01290023
0.01235857
0.01019669
0.01264311
0.01223199
0.00000000
0.00000000
0.00000000
0.00000000
0.00000000
0.00000000
0.00000000
0.00000000
0.00000000
0.00000000
0.00000000
0.00000000
0.00000000
0.00000000
0.00000000
0.00000000
0.00000000
0.00000000
0.00000000
0.00000000
0.00000000
0.00000000
0.00000000
0.00000000
0.00000000
0.00000000
0.00000000
0.00000000
0.00000000
0.00000000
0.00000000
0.00000000
0.00000000
0.00000000
0.00000000
0.00000000
0.00000000
0.00000000
0.00000000
0.00000000
0.00000000
0.00000000
0.00000000
0.00000000
0.00000000
0.01140166
0.01125138
0.01163486
0.01209351
0.01186333
0.01162555
0.00972558
0.01213092
0.01156454
0.01262789
0.01116420
0.01253722
0.01189594
0.01181187
0.01119489
0.01166285
0.01148675
0.00904006
0.01240455
0.01193138
0.01198198
0.01247142
0.00956123
0.01169758
0.01214898
0.01002261
0.01304188
0.01183487
0.00941148
0.01254582
0.01211151
0.00991883
0.01079128
0.01271631
0.01145526
0.01210043
0.01141471
0.01258895
0.01285967
0.01261923
0.01162555
0.01278486
0.00994723
0.01230703
0.01247427
0.01241875
0.01194913
0.01080116
0.01308970
0.01044396
0.01312869
0.01033344
0.01106630
0.01295860
0.01210320
0.01215314
0.01262789
0.01194640
0.01259183
0.01204519
0.01259904
0.01223964
0.01250142
0.01201767
0.01279364
0.01206450
0.01236488
0.01288322
0.01274544
0.01251716
0.01191773
0.01246999
0.01179972
0.01237337
0.01119489
0.01191637
0.01276295
0.01268290
0.01263223
0.01176468
0.01185519
0.01303591
0.01224945
0.01347868
0.00000000
0.00000000
0.00000000
0.00000000
0.00000000
0.00000000
0.00000000
0.00000000
0.00000000
0.00000000
0.00000000
0.00000000
0.00000000
0.00000000
0.00000000
0.00000000
0.00000000
0.00000000
0.00000000
0.00000000
0.00000000
0.00000000
0.00000000
0.00000000
0.00000000
0.00000000
0.00000000
0.00000000
0.00000000
0.00000000
0.00000000
0.00000000
0.00000000
0.00000000
0.00000000
0.00000000
0.00000000
0.00000000
0.00000000
0.00000000
0.00000000
0.00000000
0.00000000
0.00000000
0.01157118
0.01137823
0.01166420
0.01209492
0.01173647
0.01162424
0.00957547
0.01194505
0.01143695
0.01247430
0.01095673
0.01246289
0.01188372
0.01193822
0.01133666
0.01168290
0.01145922
0.00898133
0.01231128
0.01192185
0.01202319
0.01250430
0.00991544
0.01159237
0.01212678
0.00984424
0.01308973
0.01172172
0.00933644
0.01249143
0.01207971
0.01022880
0.01107138
0.01268293
0.01145397
0.01192321
0.01129136
0.01242019
0.01274400
0.01238614
0.01149072
0.01247002
0.00958753
0.01201082
0.01224387
0.01231550
0.01189324
0.01085692
0.01287294
0.01040820
0.01288914
0.01014026
0.01090422
0.01270035
0.01190413
0.01200670
0.01241593
0.01190549
0.01248857
0.01177143
0.01237340
0.01192867
0.01218658
0.01178221
0.01251288
0.01180919
0.01217822
0.01253150
0.01236067
0.01223407
0.01171903
0.01232114
0.01170028
0.01211292
0.01075187
0.01174050
0.01248857
0.01249572
0.01234653
0.01166420
0.01145397
0.01248857
0.01196693
0.01289209
0.01132111
0.00000000
0.00000000
0.00000000
0.00000000
0.00000000
0.00000000
0.00000000
0.00000000
0.00000000
0.00000000
0.00000000
0.00000000
0.00000000
0.00000000
0.00000000
0.00000000
0.00000000
0.00000000
0.00000000
0.00000000
0.00000000
0.00000000
0.00000000
0.00000000
0.00000000
0.00000000
0.00000000
0.00000000
0.00000000
0.00000000
0.00000000
0.00000000
0.00000000
0.00000000
0.00000000
0.00000000
0.00000000
0.00000000
0.00000000
0.00000000
0.00000000
0.00000000
0.00000000
0.01002324
0.01060715
0.01086255
0.01117000
0.01100513
0.01073900
0.00960238
0.01120071
0.01107205
0.01162760
0.01092735
0.01137762
0.01091736
0.01108472
0.01098375
0.01128688
0.01128301
0.00962327
0.01155468
0.01140368
0.01158644
0.01166090
0.00987868
0.01128559
0.01124693
0.01002209
0.01198547
0.01176003
0.01003586
0.01189668
0.01163692
0.00999690
0.01071569
0.01176137
0.01131920
0.01177214
0.01114193
0.01150325
0.01191166
0.01203492
0.01153751
0.01233457
0.01057323
0.01182342
0.01198958
0.01209980
0.01216085
0.01148353
0.01245509
0.01071691
0.01242947
0.01087374
0.01144812
0.01266629
0.01193894
0.01161564
0.01233740
0.01194714
0.01260414
0.01221523
0.01197861
0.01186542
0.01245081
0.01209012
0.01273166
0.01230076
0.01205559
0.01278420
0.01257822
0.01230498
0.01215529
0.01247933
0.01211088
0.01263590
0.01230076
0.01161165
0.01244939
0.01233316
0.01250505
0.01144812
0.01203355
0.01248647
0.01163426
0.01307555
0.01247077
0.01237414
0.00000000
0.00000000
0.00000000
0.00000000
0.00000000
0.00000000
0.00000000
0.00000000
0.00000000
0.00000000
0.00000000
0.00000000
0.00000000
0.00000000
0.00000000
0.00000000
0.00000000
0.00000000
0.00000000
0.00000000
0.00000000
0.00000000
0.00000000
0.00000000
0.00000000
0.00000000
0.00000000
0.00000000
0.00000000
0.00000000
0.00000000
0.00000000
0.00000000
0.00000000
0.00000000
0.00000000
0.00000000
0.00000000
0.00000000
0.00000000
0.00000000
0.00000000
0.01151575
0.01149601
0.01192461
0.01194919
0.01153157
0.01150391
0.01020429
0.01157254
0.01151575
0.01195056
0.01100450
0.01213653
0.01165224
0.01155270
0.01107648
0.01142784
0.01138217
0.01029574
0.01223550
0.01151971
0.01168026
0.01193416
0.01055329
0.01129657
0.01182545
0.01060533
0.01223410
0.01140172
0.01035835
0.01190689
0.01152366
0.01024757
0.01090301
0.01215599
0.01136526
0.01170567
0.01129011
0.01232400
0.01223130
0.01190825
0.01146187
0.01208804
0.01025695
0.01186339
0.01184983
0.01153817
0.01122315
0.01060897
0.01202460
0.01043804
0.01219359
0.01032168
0.01086938
0.01195466
0.01134837
0.01171103
0.01167492
0.01117319
0.01195603
0.01170032
0.01250005
0.01190281
0.01154345
0.01124114
0.01170299
0.01134448
0.01185389
0.01195329
0.01188376
0.01184034
0.01127462
0.01195192
0.01125787
0.01153025
0.00976911
0.01148813
0.01186882
0.01206732
0.01172443
0.01156327
0.01010555
0.01177147
0.01173248
0.01211850
0.01095426
0.01213098
0.01177012
0.00000000
0.00000000
0.00000000
0.00000000
0.00000000
0.00000000
0.00000000
0.00000000
0.00000000
0.00000000
0.00000000
0.00000000
0.00000000
0.00000000
0.00000000
0.00000000
0.00000000
0.00000000
0.00000000
0.00000000
0.00000000
0.00000000
0.00000000
0.00000000
0.00000000
0.00000000
0.00000000
0.00000000
0.00000000
0.00000000
0.00000000
0.00000000
0.00000000
0.00000000
0.00000000
0.00000000
0.00000000
0.00000000
0.00000000
0.00000000
0.00000000
0.01133767
0.01129366
0.01179135
0.01187255
0.01146286
0.01135194
0.01001894
0.01153652
0.01143274
0.01196116
0.01083556
0.01206835
0.01142882
0.01127688
0.01083804
0.01137924
0.01133767
0.01017020
0.01224495
0.01144975
0.01157750
0.01190383
0.01002352
0.01115117
0.01160535
0.01026957
0.01220719
0.01127430
0.01009486
0.01179674
0.01135194
0.00983949
0.01056869
0.01204353
0.01113205
0.01154048
0.01103570
0.01218208
0.01212786
0.01186848
0.01135584
0.01209046
0.01012261
0.01175095
0.01174289
0.01142097
0.01105212
0.01026487
0.01199404
0.01019000
0.01215842
0.01017835
0.01070619
0.01188750
0.01117032
0.01147991
0.01150752
0.01090893
0.01183323
0.01160136
0.01244690
0.01183052
0.01146155
0.01111933
0.01162129
0.01120872
0.01176171
0.01188614
0.01174155
0.01172410
0.01112314
0.01187934
0.01110026
0.01149305
0.00969425
0.01141444
0.01186984
0.01206283
0.01168661
0.01138055
0.00973648
0.01176440
0.01157221
0.01220301
0.01093517
0.01213757
0.01169864
0.01134675
0.00000000
0.00000000
0.00000000
0.00000000
0.00000000
0.00000000
0.00000000
0.00000000
0.00000000
0.00000000
0.00000000
0.00000000
0.00000000
0.00000000
0.00000000
0.00000000
0.00000000
0.00000000
0.00000000
0.00000000
0.00000000
0.00000000
0.00000000
0.00000000
0.00000000
0.00000000
0.00000000
0.00000000
0.00000000
0.00000000
0.00000000
0.00000000
0.00000000
0.00000000
0.00000000
0.00000000
0.00000000
0.00000000
0.00000000
0.00000000
0.00901856
0.00954176
0.01012190
0.01060064
0.01007800
0.00972245
0.00736895
0.01041316
0.00999534
0.01130191
0.00980173
0.01131873
0.01034193
0.01055587
0.00987375
0.01044537
0.01036681
0.00720640
0.01133428
0.01056070
0.01082489
0.01119384
0.00734370
0.01006878
0.01076069
0.00741291
0.01186900
0.01080386
0.00757578
0.01172059
0.01113382
0.00809267
0.00920091
0.01172596
0.01043820
0.01129545
0.00999077
0.01121306
0.01219099
0.01183240
0.01056795
0.01261083
0.00801895
0.01194528
0.01229603
0.01199320
0.01170050
0.01020561
0.01302426
0.00820358
0.01330737
0.00812699
0.00962287
0.01321031
0.01172864
0.01196716
0.01279537
0.01139538
0.01252601
0.01215339
0.01301830
0.01254321
0.01276175
0.01188395
0.01318465
0.01230306
0.01267446
0.01384620
0.01303022
0.01306903
0.01229040
0.01368559
0.01189075
0.01359665
0.01061278
0.01180131
0.01331956
0.01343432
0.01332261
0.01164842
0.01025007
0.01332718
0.01186900
0.01482309
0.01248595
0.01367307
0.01134985
0.01190163
0.01234677
0.00000000
0.00000000
0.00000000
0.00000000
0.00000000
0.00000000
0.00000000
0.00000000
0.00000000
0.00000000
0.00000000
0.00000000
0.00000000
0.00000000
0.00000000
0.00000000
0.00000000
0.00000000
0.00000000
0.00000000
0.00000000
0.00000000
0.00000000
0.00000000
0.00000000
0.00000000
0.00000000
0.00000000
0.00000000
0.00000000
0.00000000
0.00000000
0.00000000
0.00000000
0.00000000
0.00000000
0.00000000
0.00000000
0.00000000
0.01143186
0.01090809
0.01116946
0.01147378
0.01120658
0.01114266
0.00942346
0.01150269
0.01103106
0.01189883
0.01076677
0.01197393
0.01157529
0.01139661
0.01075939
0.01115414
0.01094684
0.00896706
0.01180799
0.01136796
0.01134977
0.01183503
0.00918507
0.01107025
0.01142925
0.00950031
0.01233962
0.01116052
0.00943425
0.01184180
0.01144887
0.00993941
0.01050761
0.01190972
0.01081244
0.01112102
0.01066870
0.01158059
0.01187707
0.01145804
0.01067236
0.01160711
0.00961400
0.01158324
0.01167235
0.01161109
0.01112229
0.01014734
0.01205915
0.00998842
0.01204261
0.01004341
0.01057998
0.01182015
0.01119504
0.01134328
0.01148954
0.01093933
0.01144364
0.01104874
0.01169641
0.01136666
0.01145542
0.01112611
0.01168437
0.01106012
0.01145542
0.01166835
0.01153168
0.01140704
0.01086575
0.01126699
0.01072498
0.01108926
0.01006066
0.01103864
0.01152508
0.01142402
0.01116308
0.01086451
0.01034778
0.01140835
0.01095060
0.01170578
0.01070782
0.01171784
0.01107531
0.01111720
0.01091434
0.01118353
0.00000000
0.00000000
0.00000000
0.00000000
0.00000000
0.00000000
0.00000000
0.00000000
0.00000000
0.00000000
0.00000000
0.00000000
0.00000000
0.00000000
0.00000000
0.00000000
0.00000000
0.00000000
0.00000000
0.00000000
0.00000000
0.00000000
0.00000000
0.00000000
0.00000000
0.00000000
0.00000000
0.00000000
0.00000000
0.00000000
0.00000000
0.00000000
0.00000000
0.00000000
0.00000000
0.00000000
0.00000000
0.00000000
0.01202097
0.01105668
0.01140349
0.01167406
0.01123903
0.01119797
0.00911316
0.01163939
0.01116727
0.01208301
0.01068003
0.01228931
0.01185845
0.01156507
0.01069470
0.01105795
0.01074252
0.00843406
0.01195925
0.01134624
0.01142177
0.01199213
0.00917382
0.01102259
0.01155846
0.00927087
0.01267768
0.01115322
0.00942592
0.01198664
0.01141916
0.00967388
0.01038606
0.01216622
0.01070694
0.01097855
0.01042057
0.01171955
0.01204850
0.01151096
0.01061305
0.01159024
0.00922433
0.01158891
0.01165805
0.01150833
0.01084623
0.00966614
0.01199487
0.00928785
0.01200586
0.00963743
0.01040985
0.01174774
0.01102385
0.01138785
0.01130737
0.01066050
0.01129057
0.01085865
0.01185574
0.01129703
0.01121976
0.01084127
0.01153996
0.01082392
0.01144008
0.01146890
0.01121335
0.01119412
0.01052961
0.01109596
0.01038963
0.01064101
0.00892233
0.01078438
0.01125061
0.01125962
0.01083012
0.01071674
0.00941084
0.01109977
0.01074006
0.01145448
0.01025150
0.01170482
0.01116216
0.01107187
0.01054528
0.01065318
0.01034811
0.00000000
0.00000000
0.00000000
0.00000000
0.00000000
0.00000000
0.00000000
0.00000000
0.00000000
0.00000000
0.00000000
0.00000000
0.00000000
0.00000000
0.00000000
0.00000000
0.00000000
0.00000000
0.00000000
0.00000000
0.00000000
0.00000000
0.00000000
0.00000000
0.00000000
0.00000000
0.00000000
0.00000000
0.00000000
0.00000000
0.00000000
0.00000000
0.00000000
0.00000000
0.00000000
0.00000000
0.00000000
0.00177521
0.00376688
0.00432556
0.00488540
0.00464879
0.00387261
0.00240324
0.00453119
0.00418778
0.00582046
0.00517948
0.00505885
0.00386730
0.00478913
0.00527635
0.00640235
0.00712506
0.00416247
0.00636292
0.00625396
0.00663118
0.00605960
0.00246138
0.00538488
0.00513347
0.00284591
0.00613774
0.00724671
0.00265683
0.00733595
0.00739408
0.00322676
0.00454624
0.00679240
0.00768820
0.01042718
0.00779802
0.00669214
0.00845874
0.00857369
0.00691390
0.01104220
0.00367075
0.00836158
0.00981156
0.00989044
0.01180100
0.01045944
0.01176595
0.00539845
0.01272642
0.00470227
0.00635856
0.01402276
0.01047740
0.00885476
0.01381262
0.01078875
0.01303285
0.01311210
0.01090538
0.01215029
0.01517960
0.01251851
0.01527191
0.01447750
0.01203961
0.01957021
0.01705621
0.01689310
0.01659433
0.01969147
0.01383001
0.02424060
0.01818245
0.01092536
0.01685065
0.01693180
0.02008273
0.01091412
0.01444442
0.01673922
0.01138856
0.02364089
0.01836851
0.01402276
0.00731249
0.00964024
0.01534897
0.03169849
0.03403989
0.07385987
0.00000000
0.00000000
0.00000000
0.00000000
0.00000000
0.00000000
0.00000000
0.00000000
0.00000000
0.00000000
0.00000000
0.00000000
0.00000000
0.00000000
0.00000000
0.00000000
0.00000000
0.00000000
0.00000000
0.00000000
0.00000000
0.00000000
0.00000000
0.00000000
0.00000000
0.00000000
0.00000000
0.00000000
0.00000000
0.00000000
0.00000000
0.00000000
0.00000000
0.00000000
0.00000000
0.00000000
0.00901115
0.00959190
0.00993813
0.01035237
0.01008010
0.00981611
0.00819966
0.01027686
0.00998828
0.01087679
0.00993472
0.01066611
0.01013328
0.01032872
0.01006052
0.01031927
0.01023814
0.00805556
0.01069543
0.01044276
0.01070767
0.01076539
0.00873110
0.01011013
0.01032045
0.00839325
0.01118721
0.01068320
0.00880331
0.01109291
0.01081105
0.00898439
0.00969670
0.01099941
0.01037608
0.01099060
0.01027099
0.01092418
0.01129264
0.01132886
0.01061863
0.01164685
0.00912317
0.01096674
0.01124752
0.01129264
0.01129651
0.01037965
0.01171633
0.00912734
0.01169357
0.00928636
0.01024283
0.01189866
0.01101074
0.01096925
0.01149990
0.01094669
0.01151175
0.01109545
0.01121540
0.01100444
0.01148413
0.01115016
0.01180782
0.01127844
0.01123980
0.01201080
0.01175257
0.01158573
0.01134442
0.01192592
0.01135871
0.01190139
0.01090545
0.01074448
0.01170428
0.01170963
0.01180647
0.01076047
0.01090545
0.01164285
0.01076662
0.01238612
0.01127199
0.01165751
0.01031809
0.01064295
0.01117314
0.01198884
0.01185655
0.01149333
0.01216010
0.00000000
0.00000000
0.00000000
0.00000000
0.00000000
0.00000000
0.00000000
0.00000000
0.00000000
0.00000000
0.00000000
0.00000000
0.00000000
0.00000000
0.00000000
0.00000000
0.00000000
0.00000000
0.00000000
0.00000000
0.00000000
0.00000000
0.00000000
0.00000000
0.00000000
0.00000000
0.00000000
0.00000000
0.00000000
0.00000000
0.00000000
0.00000000
0.00000000
0.00000000
0.00000000
0.01182190
0.01067393
0.01104279
0.01135795
0.01106682
0.01093720
0.00904256
0.01130998
0.01100748
0.01173701
0.01062885
0.01180433
0.01127768
0.01096852
0.01049715
0.01096852
0.01077206
0.00866981
0.01129188
0.01085369
0.01078316
0.01163009
0.00943996
0.01089474
0.01134237
0.00910379
0.01209270
0.01075852
0.00925817
0.01149256
0.01095097
0.00923278
0.01001392
0.01165273
0.01066661
0.01073270
0.01014420
0.01083633
0.01134107
0.01093845
0.01043013
0.01122620
0.00928362
0.01099238
0.01093344
0.01103648
0.01058033
0.00992157
0.01161015
0.00968054
0.01148467
0.00928255
0.01000934
0.01125577
0.01075852
0.01085494
0.01079303
0.01029735
0.01094470
0.01065807
0.01140090
0.01082394
0.01076221
0.01019538
0.01109724
0.01067271
0.01114814
0.01114941
0.01078439
0.01057670
0.01009443
0.01063980
0.01029853
0.01042297
0.00914345
0.01041225
0.01063494
0.01076467
0.01055736
0.01047676
0.00957481
0.01074745
0.01037064
0.01099490
0.01018606
0.01125577
0.01077822
0.01039915
0.00999790
0.01034458
0.01022692
0.00906949
0.01071185
0.01021640
0.00000000
0.00000000
0.00000000
0.00000000
0.00000000
0.00000000
0.00000000
0.00000000
0.00000000
0.00000000
0.00000000
0.00000000
0.00000000
0.00000000
0.00000000
0.00000000
0.00000000
0.00000000
0.00000000
0.00000000
0.00000000
0.00000000
0.00000000
0.00000000
0.00000000
0.00000000
0.00000000
0.00000000
0.00000000
0.00000000
0.00000000
0.00000000
0.00000000
0.00000000
0.00996852
0.00970746
0.01010167
0.01052634
0.01018638
0.00999135
0.00794728
0.01041496
0.01009474
0.01105325
0.00984050
0.01102799
0.01034964
0.01020271
0.00974082
0.01041019
0.01036030
0.00811632
0.01100783
0.01044598
0.01046152
0.01108998
0.00815447
0.01024950
0.01063770
0.00822379
0.01158664
0.01039710
0.00819562
0.01114594
0.01063284
0.00831174
0.00924682
0.01122912
0.01026357
0.01077240
0.01000164
0.01074901
0.01126772
0.01088512
0.01011902
0.01138171
0.00857638
0.01086646
0.01096635
0.01091879
0.01056978
0.00963334
0.01171324
0.00909991
0.01173201
0.00882619
0.00967863
0.01157207
0.01070117
0.01077733
0.01108364
0.01030593
0.01114594
0.01083419
0.01150871
0.01105958
0.01115104
0.01048908
0.01146797
0.01089633
0.01127804
0.01184664
0.01144438
0.01122398
0.01058914
0.01134143
0.01054925
0.01129611
0.00961133
0.01057583
0.01121500
0.01130904
0.01115997
0.01049388
0.00969747
0.01122527
0.01051671
0.01185206
0.01058672
0.01154959
0.01055287
0.01046511
0.01034727
0.01120602
0.01110140
0.01017008
0.01200488
0.01139083
0.01132846
0.00000000
0.00000000
0.00000000
0.00000000
0.00000000
0.00000000
0.00000000
0.00000000
0.00000000
0.00000000
0.00000000
0.00000000
0.00000000
0.00000000
0.00000000
0.00000000
0.00000000
0.00000000
0.00000000
0.00000000
0.00000000
0.00000000
0.00000000
0.00000000
0.00000000
0.00000000
0.00000000
0.00000000
0.00000000
0.00000000
0.00000000
0.00000000
0.00000000
0.01104362
0.01019381
0.01047514
0.01071265
0.01043568
0.01036074
0.00887719
0.01076424
0.01035719
0.01104993
0.00992117
0.01122575
0.01081484
0.01056419
0.00987362
0.01039041
0.01022417
0.00846757
0.01119753
0.01072246
0.01067229
0.01118345
0.00819597
0.01041660
0.01076670
0.00891485
0.01162830
0.01039279
0.00845692
0.01102090
0.01056540
0.00870225
0.00947095
0.01127981
0.01007902
0.01043687
0.00998264
0.01095930
0.01127336
0.01070285
0.00989397
0.01077286
0.00837030
0.01074702
0.01087066
0.01071755
0.01012061
0.00912950
0.01134321
0.00915879
0.01150657
0.00953509
0.00994276
0.01116684
0.01050995
0.01072001
0.01079260
0.01010442
0.01055091
0.01033116
0.01120266
0.01087066
0.01078766
0.01039279
0.01102847
0.01044523
0.01093051
0.01117578
0.01097310
0.01104614
0.01042732
0.01085450
0.00999064
0.01061385
0.00886502
0.01052078
0.01090678
0.01094177
0.01062600
0.01026167
0.00917556
0.01089057
0.01050154
0.01117962
0.01006980
0.01112985
0.01065643
0.01053402
0.01012988
0.01051236
0.01024994
0.00868435
0.01113367
0.01091551
0.01107778
0.01123988
0.00000000
0.00000000
0.00000000
0.00000000
0.00000000
0.00000000
0.00000000
0.00000000
0.00000000
0.00000000
0.00000000
0.00000000
0.00000000
0.00000000
0.00000000
0.00000000
0.00000000
0.00000000
0.00000000
0.00000000
0.00000000
0.00000000
0.00000000
0.00000000
0.00000000
0.00000000
0.00000000
0.00000000
0.00000000
0.00000000
0.00000000
0.00000000
0.00253977
0.00425055
0.00478642
0.00574378
0.00568560
0.00467174
0.00385981
0.00545997
0.00524449
0.00641706
0.00538615
0.00550575
0.00448276
0.00505137
0.00529392
0.00607630
0.00653633
0.00382246
0.00680644
0.00693295
0.00805464
0.00666392
0.00497055
0.00607144
0.00585590
0.00310263
0.00696634
0.00745698
0.00369014
0.00755746
0.00742549
0.00375057
0.00457183
0.00705778
0.00672057
0.00938891
0.00709826
0.00811012
0.00888628
0.01065758
0.00936317
0.01195734
0.00525711
0.00799315
0.00919021
0.00865256
0.00991770
0.00821469
0.01017859
0.00391898
0.01104733
0.00470607
0.00707394
0.01320854
0.01061135
0.01058589
0.01302400
0.01015998
0.01043919
0.01095421
0.01021475
0.01123466
0.01329190
0.01219493
0.01379692
0.01316027
0.01189595
0.01588675
0.01266406
0.01391420
0.01413397
0.01787530
0.01332844
0.02016574
0.01287145
0.01047867
0.01461403
0.01606401
0.01871219
0.01129393
0.01125267
0.01643387
0.01161094
0.02196211
0.01625440
0.01363064
0.00857767
0.01042487
0.01406945
0.01911895
0.01946541
0.02043978
0.02188437
0.02105199
0.02311956
0.01732175
0.03052444
0.00000000
0.00000000
0.00000000
0.00000000
0.00000000
0.00000000
0.00000000
0.00000000
0.00000000
0.00000000
0.00000000
0.00000000
0.00000000
0.00000000
0.00000000
0.00000000
0.00000000
0.00000000
0.00000000
0.00000000
0.00000000
0.00000000
0.00000000
0.00000000
0.00000000
0.00000000
0.00000000
0.00000000
0.00000000
0.00000000
0.00000000
0.01180851
0.01060832
0.01088365
0.01093982
0.01055989
0.01058166
0.00919915
0.01096989
0.01090109
0.01118914
0.01030100
0.01135807
0.01110371
0.01094983
0.01046969
0.01065697
0.01035179
0.00868380
0.01091981
0.01059741
0.01066185
0.01119170
0.00929541
0.01048767
0.01076971
0.00921811
0.01156389
0.01061075
0.00982455
0.01103660
0.01051169
0.00931457
0.01003697
0.01120451
0.01030925
0.01013619
0.00974508
0.01048407
0.01087618
0.01051770
0.01016871
0.01044815
0.00885128
0.01043382
0.01046969
0.01061075
0.01018850
0.00956507
0.01088863
0.00931137
0.01085009
0.00986622
0.01034351
0.01073650
0.01029393
0.01037788
0.01020950
0.00995920
0.01045054
0.01013619
0.01075740
0.01020600
0.01012229
0.00988882
0.01042189
0.01003123
0.01046490
0.01023874
0.01003582
0.01005650
0.00985043
0.01017685
0.01000487
0.00966405
0.00861258
0.00997972
0.01012808
0.01018268
0.00985381
0.00994895
0.00888984
0.00996717
0.00989334
0.01015360
0.00968175
0.01053335
0.01033996
0.01001403
0.00963645
0.00974174
0.00961443
0.00836498
0.00980995
0.00953666
0.00944655
0.01016522
0.00903335
0.00956288
0.00000000
0.00000000
0.00000000
0.00000000
0.00000000
0.00000000
0.00000000
0.00000000
0.00000000
0.00000000
0.00000000
0.00000000
0.00000000
0.00000000
0.00000000
0.00000000
0.00000000
0.00000000
0.00000000
0.00000000
0.00000000
0.00000000
0.00000000
0.00000000
0.00000000
0.00000000
0.00000000
0.00000000
0.00000000
0.00000000
0.00958422
0.00966127
0.01013676
0.01027216
0.00994496
0.00986339
0.00863575
0.01007780
0.00995976
0.01048466
0.00952847
0.01055083
0.00997914
0.00994041
0.00956123
0.00989956
0.00983860
0.00865256
0.01055203
0.00981724
0.00994723
0.01024166
0.00833966
0.00960398
0.01006858
0.00863180
0.01061256
0.00999285
0.00888119
0.01051829
0.01016695
0.00878219
0.00935246
0.01058346
0.00983185
0.01016230
0.00965354
0.01046309
0.01063565
0.01029216
0.00985098
0.01057620
0.00856982
0.01038083
0.01042605
0.01020540
0.00998028
0.00942118
0.01081353
0.00925985
0.01103596
0.00916500
0.00964140
0.01087306
0.01016346
0.01033344
0.01050747
0.00985775
0.01060164
0.01040818
0.01112086
0.01061256
0.01037490
0.01002720
0.01045113
0.01004787
0.01048706
0.01069298
0.01055686
0.01050506
0.01003409
0.01073342
0.01012749
0.01037608
0.00919967
0.01021942
0.01077895
0.01086312
0.01058710
0.01020424
0.00910232
0.01075678
0.01044515
0.01130039
0.01024752
0.01115781
0.01042725
0.01036422
0.01008587
0.01057136
0.01046189
0.00896284
0.01120642
0.01054600
0.01064295
0.01081476
0.00884166
0.00995406
0.01033699
0.00000000
0.00000000
0.00000000
0.00000000
0.00000000
0.00000000
0.00000000
0.00000000
0.00000000
0.00000000
0.00000000
0.00000000
0.00000000
0.00000000
0.00000000
0.00000000
0.00000000
0.00000000
0.00000000
0.00000000
0.00000000
0.00000000
0.00000000
0.00000000
0.00000000
0.00000000
0.00000000
0.00000000
0.00000000
0.00246563
0.00506643
0.00510307
0.00563189
0.00535851
0.00429995
0.00327851
0.00545249
0.00485758
0.00634409
0.00548816
0.00548628
0.00452657
0.00494617
0.00502602
0.00553481
0.00597636
0.00380067
0.00645462
0.00626476
0.00680101
0.00611257
0.00409450
0.00606451
0.00614130
0.00504388
0.00648718
0.00713573
0.00303767
0.00698631
0.00695999
0.00376907
0.00477003
0.00665175
0.00665555
0.00866546
0.00667080
0.00696237
0.00808327
0.00929383
0.00766193
0.01140953
0.00683611
0.00916503
0.01009629
0.00863775
0.00936640
0.00717337
0.00955142
0.00385717
0.01052073
0.00394869
0.00541210
0.01131206
0.00935783
0.00925246
0.01288326
0.01072609
0.01170163
0.01131206
0.01052795
0.01112344
0.01277905
0.01054121
0.01251433
0.01206315
0.01095549
0.01559154
0.01429333
0.01464084
0.01297199
0.01555413
0.01032993
0.01855875
0.01205764
0.01092796
0.01534033
0.01587044
0.01730397
0.01055206
0.00914827
0.01642451
0.01165888
0.02214632
0.01609532
0.01384596
0.00869525
0.01069791
0.01430969
0.01887346
0.01856088
0.02120429
0.02137721
0.01889722
0.02036281
0.01570430
0.01425089
0.01618763
0.00795304
0.03117735
0.00000000
0.00000000
0.00000000
0.00000000
0.00000000
0.00000000
0.00000000
0.00000000
0.00000000
0.00000000
0.00000000
0.00000000
0.00000000
0.00000000
0.00000000
0.00000000
0.00000000
0.00000000
0.00000000
0.00000000
0.00000000
0.00000000
0.00000000
0.00000000
0.00000000
0.00000000
0.00000000
0.00000000
0.01016028
0.00964058
0.00967926
0.01002979
0.00989532
0.00974369
0.00846195
0.01005737
0.00972031
0.01034439
0.00967483
0.01041683
0.01011043
0.00993047
0.00951351
0.00995322
0.00989645
0.00836762
0.01033139
0.01013242
0.01005622
0.01054511
0.00877141
0.01014982
0.01034085
0.00865480
0.01092200
0.00995208
0.00825638
0.01046460
0.01014982
0.00874336
0.00922312
0.01047178
0.00964720
0.00990665
0.00944412
0.00995891
0.01032902
0.01010233
0.00961525
0.01035387
0.00899906
0.01018588
0.01016958
0.01010233
0.00976154
0.00916528
0.01057773
0.00888959
0.01057047
0.00863107
0.00923368
0.01046819
0.01017540
0.01025838
0.01037046
0.00992139
0.01013011
0.00988288
0.01033612
0.01012779
0.01022791
0.00976936
0.01038114
0.01003209
0.01029717
0.01053305
0.01028893
0.01014402
0.00976712
0.01014286
0.00970254
0.01025720
0.00939670
0.00999200
0.01016725
0.01017889
0.01009425
0.00978054
0.00935809
0.01021271
0.00973812
0.01037046
0.00965383
0.01031014
0.00986819
0.00980967
0.00965383
0.00993275
0.00979734
0.00927178
0.01028658
0.01005162
0.00995664
0.01027834
0.00932923
0.01005277
0.00995094
0.01029599
0.01059226
0.00000000
0.00000000
0.00000000
0.00000000
0.00000000
0.00000000
0.00000000
0.00000000
0.00000000
0.00000000
0.00000000
0.00000000
0.00000000
0.00000000
0.00000000
0.00000000
0.00000000
0.00000000
0.00000000
0.00000000
0.00000000
0.00000000
0.00000000
0.00000000
0.00000000
0.00000000
0.00000000
0.01114773
0.00974350
0.00983533
0.01026288
0.01002272
0.01017986
0.00862794
0.01032646
0.01016590
0.01066500
0.00962938
0.01100834
0.01066622
0.01029698
0.00958871
0.01015312
0.01005372
0.00842701
0.01086323
0.01023006
0.01009752
0.01089434
0.00849670
0.01010677
0.01075935
0.00821853
0.01143444
0.00978595
0.00811855
0.01077167
0.01033592
0.00898141
0.00946232
0.01094055
0.00968794
0.00987139
0.00943746
0.01035012
0.01066622
0.01007906
0.00961507
0.01030758
0.00855620
0.01018452
0.01003879
0.00993483
0.00937720
0.00874019
0.01075689
0.00928540
0.01078770
0.00888535
0.00940728
0.01051239
0.01006063
0.01039639
0.01017055
0.00965033
0.01003879
0.00963820
0.01055094
0.01006063
0.00996784
0.00957994
0.01024411
0.00969015
0.01029933
0.01031702
0.01011255
0.00978707
0.00922928
0.00975354
0.00949376
0.00968572
0.00908265
0.00992007
0.00995303
0.00982408
0.00947748
0.00949050
0.00894143
0.00977141
0.00952857
0.00984546
0.00891793
0.01020435
0.00989287
0.00961947
0.00905983
0.00926524
0.00910658
0.00799414
0.00991893
0.00951550
0.00938685
0.01000668
0.00842123
0.00934400
0.01014963
0.00873020
0.01025935
0.00886606
0.00000000
0.00000000
0.00000000
0.00000000
0.00000000
0.00000000
0.00000000
0.00000000
0.00000000
0.00000000
0.00000000
0.00000000
0.00000000
0.00000000
0.00000000
0.00000000
0.00000000
0.00000000
0.00000000
0.00000000
0.00000000
0.00000000
0.00000000
0.00000000
0.00000000
0.00000000
0.00246677
0.00473906
0.00597571
0.00617797
0.00573397
0.00460914
0.00286292
0.00509143
0.00422875
0.00626049
0.00533285
0.00541151
0.00428328
0.00489050
0.00515178
0.00550202
0.00571629
0.00351345
0.00585996
0.00564417
0.00628345
0.00567784
0.00333221
0.00536222
0.00489442
0.00405259
0.00603617
0.00750839
0.00484374
0.00713413
0.00667388
0.00301657
0.00384354
0.00633179
0.00623334
0.00833019
0.00664722
0.00675993
0.00774568
0.00825336
0.00662217
0.00987475
0.00433256
0.00823262
0.00961614
0.00911489
0.01034653
0.00858853
0.00929175
0.00357671
0.00976579
0.00350141
0.00513648
0.01052198
0.00839428
0.00802986
0.01068451
0.00830640
0.01042137
0.01136529
0.01066253
0.01146060
0.01202464
0.01052680
0.01136139
0.01101208
0.01024291
0.01392067
0.01218386
0.01396692
0.01342800
0.01623779
0.01133932
0.01681045
0.00811296
0.00907224
0.01300920
0.01521806
0.01727834
0.01109934
0.00850446
0.01515726
0.01061143
0.02126756
0.01580169
0.01376076
0.00872917
0.01057266
0.01404703
0.01900788
0.01885197
0.01969625
0.02030244
0.01779179
0.01925076
0.01469964
0.01333463
0.01377967
0.00726507
0.01396053
0.01707010
0.02364933
0.02978311
0.00000000
0.00000000
0.00000000
0.00000000
0.00000000
0.00000000
0.00000000
0.00000000
0.00000000
0.00000000
0.00000000
0.00000000
0.00000000
0.00000000
0.00000000
0.00000000
0.00000000
0.00000000
0.00000000
0.00000000
0.00000000
0.00000000
0.00000000
0.00000000
0.00000000
0.01010963
0.00969290
0.00976189
0.00986290
0.00947800
0.00940241
0.00807361
0.00992174
0.00979880
0.01017692
0.00921185
0.01028930
0.00993310
0.00977977
0.00926045
0.00966522
0.00951493
0.00792538
0.01025874
0.00985275
0.00988889
0.01031050
0.00810322
0.00965417
0.01008768
0.00855373
0.01065948
0.00964203
0.00782807
0.01010616
0.00970621
0.00825478
0.00913629
0.01041481
0.00959911
0.00964755
0.00911333
0.00981451
0.01027166
0.00992628
0.00936484
0.01004738
0.00828790
0.00994333
0.01001410
0.00984825
0.00939381
0.00855666
0.01031522
0.00843133
0.01047815
0.00886249
0.00927529
0.01027753
0.00971843
0.00982799
0.01004852
0.00965859
0.01019440
0.00977082
0.01039102
0.00989228
0.00991153
0.00944337
0.01012352
0.00965748
0.01006808
0.01014090
0.00995699
0.00990020
0.00939381
0.00982349
0.00914257
0.00962220
0.00837270
0.00972511
0.01019324
0.01010500
0.00976747
0.00945742
0.00845934
0.00991947
0.00966964
0.01024584
0.00937020
0.01022360
0.00969844
0.00950949
0.00926681
0.00965969
0.00950406
0.00846612
0.01012815
0.00972733
0.00978872
0.01014670
0.00876670
0.00958266
0.00967296
0.00896240
0.01044464
0.00974404
0.00892863
0.01002212
0.00000000
0.00000000
0.00000000
0.00000000
0.00000000
0.00000000
0.00000000
0.00000000
0.00000000
0.00000000
0.00000000
0.00000000
0.00000000
0.00000000
0.00000000
0.00000000
0.00000000
0.00000000
0.00000000
0.00000000
0.00000000
0.00000000
0.00000000
0.00000000
0.00966854
0.00926681
0.00947476
0.00968847
0.00929973
0.00917190
0.00748311
0.00956076
0.00939167
0.00995472
0.00899424
0.01001296
0.00962661
0.00948126
0.00899321
0.00942611
0.00931038
0.00747968
0.00995130
0.00958157
0.00968072
0.01010617
0.00790547
0.00943366
0.00980105
0.00783883
0.01052260
0.00954874
0.00774613
0.01007731
0.00961010
0.00779234
0.00867196
0.01024116
0.00942288
0.00960022
0.00897779
0.00957609
0.01014323
0.00979433
0.00920659
0.01004049
0.00793173
0.00978873
0.00989115
0.00983474
0.00948126
0.00867394
0.01034004
0.00803860
0.01040410
0.00829549
0.00903135
0.01033767
0.00972734
0.00980778
0.00999923
0.00946934
0.01008884
0.00979321
0.01034950
0.00992289
0.00997980
0.00947476
0.01023062
0.00976524
0.01011889
0.01031523
0.01000151
0.00993538
0.00950080
0.01004164
0.00937342
0.00989115
0.00841881
0.00958924
0.01017111
0.01020841
0.01002786
0.00957937
0.00864225
0.01001640
0.00949320
0.01045301
0.00949320
0.01030815
0.00959253
0.00945094
0.00931357
0.00981788
0.00967297
0.00870774
0.01023765
0.00980442
0.00977306
0.01016646
0.00886452
0.00959034
0.00954001
0.00885945
0.01047576
0.00970733
0.00891333
0.01006694
0.00965307
0.00000000
0.00000000
0.00000000
0.00000000
0.00000000
0.00000000
0.00000000
0.00000000
0.00000000
0.00000000
0.00000000
0.00000000
0.00000000
0.00000000
0.00000000
0.00000000
0.00000000
0.00000000
0.00000000
0.00000000
0.00000000
0.00000000
0.00000000
0.00243806
0.00393143
0.00479065
0.00552767
0.00590009
0.00501494
0.00509648
0.00549237
0.00465879
0.00610398
0.00481923
0.00521979
0.00393188
0.00450060
0.00494714
0.00549929
0.00577192
0.00415903
0.00579640
0.00541006
0.00568347
0.00529072
0.00307674
0.00491218
0.00486298
0.00337196
0.00572196
0.00643229
0.00390856
0.00684997
0.00717641
0.00486632
0.00472696
0.00604077
0.00557211
0.00737194
0.00587920
0.00636058
0.00733493
0.00788754
0.00663253
0.00913646
0.00380272
0.00728393
0.00831844
0.00806084
0.00893901
0.00814612
0.00915006
0.00546292
0.00988454
0.00400771
0.00476006
0.00948577
0.00771532
0.00791013
0.01007288
0.00766956
0.00821443
0.00916577
0.00912289
0.01044961
0.01112052
0.01079466
0.01112943
0.01061952
0.01029184
0.01298937
0.01013645
0.01201455
0.01149560
0.01440282
0.01057346
0.01616304
0.01094635
0.00973196
0.01191601
0.01346132
0.01472769
0.00968864
0.00810522
0.01505645
0.01158669
0.02003864
0.01417400
0.01288430
0.00830323
0.01034022
0.01375709
0.01879097
0.01860276
0.01696822
0.01967973
0.01815084
0.01925663
0.01457018
0.01254400
0.01286957
0.00806084
0.01339833
0.01572535
0.01897673
0.01378544
0.01645970
0.02064356
0.02933901
0.00000000
0.00000000
0.00000000
0.00000000
0.00000000
0.00000000
0.00000000
0.00000000
0.00000000
0.00000000
0.00000000
0.00000000
0.00000000
0.00000000
0.00000000
0.00000000
0.00000000
0.00000000
0.00000000
0.00000000
0.00000000
0.00000000
0.00430221
0.00568469
0.00624729
0.00680925
0.00685144
0.00614312
0.00591352
0.00710363
0.00662486
0.00760133
0.00623872
0.00689941
0.00570685
0.00609761
0.00629319
0.00687578
0.00699797
0.00520065
0.00738028
0.00688444
0.00715582
0.00692313
0.00432045
0.00629967
0.00655026
0.00480595
0.00731472
0.00744642
0.00470586
0.00785682
0.00796723
0.00590676
0.00637069
0.00765631
0.00721583
0.00833929
0.00692472
0.00751144
0.00853032
0.00884025
0.00775769
0.00970293
0.00519886
0.00834120
0.00907073
0.00870280
0.00897783
0.00784514
0.00974854
0.00630688
0.01048539
0.00604276
0.00665600
0.01018745
0.00857728
0.00868887
0.01027053
0.00858317
0.00918769
0.00949975
0.00984266
0.01016417
0.01065953
0.01005317
0.01099263
0.01047939
0.01041605
0.01210266
0.01037206
0.01140768
0.01067662
0.01255963
0.00968297
0.01318077
0.00963326
0.00997299
0.01183569
0.01247800
0.01264178
0.00955096
0.00749085
0.01290182
0.01100018
0.01595707
0.01244522
0.01219717
0.00902726
0.01013747
0.01183976
0.01494471
0.01480857
0.01252376
0.01580809
0.01479334
0.01547000
0.01335378
0.01080439
0.01182081
0.00888791
0.01118415
0.01382789
0.01470224
0.01090995
0.01346421
0.01458332
0.01428285
0.01580086
0.00000000
0.00000000
0.00000000
0.00000000
0.00000000
0.00000000
0.00000000
0.00000000
0.00000000
0.00000000
0.00000000
0.00000000
0.00000000
0.00000000
0.00000000
0.00000000
0.00000000
0.00000000
0.00000000
0.00000000
0.00000000
0.00939545
0.00912327
0.00913684
0.00925677
0.00919556
0.00928222
0.00884378
0.00926736
0.00921873
0.00933119
0.00906709
0.00943530
0.00944826
0.00938686
0.00911805
0.00914312
0.00911909
0.00852591
0.00940728
0.00930028
0.00932052
0.00944394
0.00876222
0.00930773
0.00950789
0.00887113
0.00961287
0.00927161
0.00867843
0.00948399
0.00937827
0.00893938
0.00910242
0.00951986
0.00916301
0.00928753
0.00922611
0.00951659
0.00953403
0.00942236
0.00922506
0.00943314
0.00889349
0.00944718
0.00945150
0.00945583
0.00932692
0.00909305
0.00962608
0.00917245
0.00961507
0.00910450
0.00925571
0.00957227
0.00942020
0.00945258
0.00945475
0.00935577
0.00937398
0.00920608
0.00935042
0.00928753
0.00938686
0.00934828
0.00945583
0.00926312
0.00934614
0.00945150
0.00950463
0.00935256
0.00923773
0.00927585
0.00927585
0.00931093
0.00930561
0.00927267
0.00936862
0.00927267
0.00927585
0.00913371
0.00954385
0.00938256
0.00919345
0.00936005
0.00907435
0.00932372
0.00911701
0.00911492
0.00914521
0.00917874
0.00905051
0.00908785
0.00925042
0.00918925
0.00915986
0.00922295
0.00934828
0.00907954
0.00903706
0.00940298
0.00929178
0.00905465
0.00906916
0.00908785
0.00902156
0.00917035
0.00914835
0.00912953
0.00000000
0.00000000
0.00000000
0.00000000
0.00000000
0.00000000
0.00000000
0.00000000
0.00000000
0.00000000
0.00000000
0.00000000
0.00000000
0.00000000
0.00000000
0.00000000
0.00000000
0.00000000
0.00000000
0.00000000
0.00864889
0.00859563
0.00906003
0.00926651
0.00890896
0.00878248
0.00715229
0.00887743
0.00860055
0.00938707
0.00847845
0.00949072
0.00896006
0.00887844
0.00843106
0.00882377
0.00878650
0.00722052
0.00945280
0.00886525
0.00896826
0.00935919
0.00735304
0.00873240
0.00914855
0.00734044
0.00973147
0.00893448
0.00751374
0.00951463
0.00906729
0.00720155
0.00783947
0.00953861
0.00869949
0.00915588
0.00860055
0.00936990
0.00967597
0.00932073
0.00875440
0.00970590
0.00747517
0.00943012
0.00952552
0.00929093
0.00903830
0.00839353
0.00986823
0.00764378
0.01002295
0.00738085
0.00819150
0.00991122
0.00928561
0.00952117
0.00972480
0.00893345
0.00969481
0.00959112
0.01033734
0.00993733
0.00973259
0.00918000
0.00976828
0.00933567
0.00979177
0.01009198
0.00972814
0.00976604
0.00921894
0.00997948
0.00917580
0.00971146
0.00792513
0.00921472
0.00977722
0.01001722
0.00985695
0.00943228
0.00831898
0.00994870
0.00944631
0.01050422
0.00935491
0.01031725
0.00954079
0.00953861
0.00925063
0.00980186
0.00970702
0.00832278
0.01058261
0.00992938
0.01002639
0.01022093
0.00822342
0.00954079
0.00952879
0.00829522
0.01072887
0.00989989
0.00841276
0.01036457
0.01005050
0.00866077
0.00907975
0.01014638
0.00916217
0.00000000
0.00000000
0.00000000
0.00000000
0.00000000
0.00000000
0.00000000
0.00000000
0.00000000
0.00000000
0.00000000
0.00000000
0.00000000
0.00000000
0.00000000
0.00000000
0.00000000
0.00000000
0.00000000
0.00960740
0.00878331
0.00910348
0.00939010
0.00904431
0.00905777
0.00750414
0.00929180
0.00904018
0.00958106
0.00825152
0.00980390
0.00928224
0.00919663
0.00852690
0.00887115
0.00868937
0.00670299
0.00956463
0.00896705
0.00902984
0.00966361
0.00700318
0.00889656
0.00957667
0.00731347
0.01025468
0.00900715
0.00705222
0.00979269
0.00928011
0.00741031
0.00813530
0.00999527
0.00863290
0.00888740
0.00821949
0.00931627
0.00992917
0.00944828
0.00874421
0.00958106
0.00676538
0.00934082
0.00945909
0.00935258
0.00882460
0.00802899
0.01004225
0.00768922
0.01023827
0.00743153
0.00808151
0.00983197
0.00917037
0.00950900
0.00968131
0.00897732
0.00962720
0.00930456
0.01023359
0.00974798
0.00961399
0.00916408
0.00989969
0.00928117
0.00991102
0.00996444
0.00943316
0.00959422
0.00905467
0.00979605
0.00898554
0.00947967
0.00764449
0.00934616
0.00967688
0.00984661
0.00952315
0.00908164
0.00780442
0.00991555
0.00953950
0.01032058
0.00892612
0.01017523
0.00938365
0.00921664
0.00892306
0.00940084
0.00915360
0.00747672
0.00993258
0.00934189
0.00938473
0.00990422
0.00789330
0.00908475
0.00944936
0.00788067
0.01045724
0.00933654
0.00778391
0.00994736
0.00954823
0.00825624
0.00898862
0.01014037
0.00917037
0.00919979
0.00000000
0.00000000
0.00000000
0.00000000
0.00000000
0.00000000
0.00000000
0.00000000
0.00000000
0.00000000
0.00000000
0.00000000
0.00000000
0.00000000
0.00000000
0.00000000
0.00000000
0.00000000
0.00700815
0.00732033
0.00781353
0.00818496
0.00784039
0.00750775
0.00585878
0.00802642
0.00766569
0.00867865
0.00771936
0.00861239
0.00789168
0.00783770
0.00743596
0.00791156
0.00791790
0.00592822
0.00860353
0.00802183
0.00821498
0.00843012
0.00601979
0.00766043
0.00816439
0.00582471
0.00881371
0.00810206
0.00597725
0.00877447
0.00839452
0.00602254
0.00682305
0.00886527
0.00814015
0.00888355
0.00797334
0.00856817
0.00925383
0.00880464
0.00797426
0.00945174
0.00613308
0.00885818
0.00915905
0.00875843
0.00858878
0.00766920
0.00962963
0.00629658
0.01001496
0.00641729
0.00751119
0.01000923
0.00904039
0.00943230
0.00974598
0.00851151
0.00911202
0.00926654
0.01025727
0.00993508
0.00976495
0.00897342
0.00992713
0.00952773
0.00993622
0.01077934
0.01007586
0.01035275
0.00955174
0.01075717
0.00904453
0.01055725
0.00747519
0.00920316
0.01027488
0.01079908
0.01071664
0.00966715
0.00765167
0.01064577
0.00959883
0.01198105
0.01002298
0.01101618
0.00952555
0.00981647
0.00985472
0.01107050
0.01094709
0.00870848
0.01208704
0.01134743
0.01152930
0.01135652
0.00852418
0.01026784
0.00941613
0.00865485
0.01185155
0.01097216
0.00862027
0.01116844
0.01098723
0.00894063
0.00980974
0.01080279
0.00992373
0.01150953
0.01073872
0.00000000
0.00000000
0.00000000
0.00000000
0.00000000
0.00000000
0.00000000
0.00000000
0.00000000
0.00000000
0.00000000
0.00000000
0.00000000
0.00000000
0.00000000
0.00000000
0.00000000
0.00665627
0.00745269
0.00761382
0.00793118
0.00778289
0.00751346
0.00681732
0.00798489
0.00779269
0.00835395
0.00762602
0.00806567
0.00751776
0.00775445
0.00780250
0.00806752
0.00808877
0.00676372
0.00826366
0.00808599
0.00824194
0.00824100
0.00662361
0.00782127
0.00794117
0.00682356
0.00846650
0.00833200
0.00670518
0.00852188
0.00845102
0.00713813
0.00764174
0.00845392
0.00819400
0.00866738
0.00802242
0.00833581
0.00880025
0.00898744
0.00851117
0.00932571
0.00726997
0.00863868
0.00898333
0.00891168
0.00902246
0.00839226
0.00930973
0.00752809
0.00950775
0.00754360
0.00802426
0.00955681
0.00884769
0.00878718
0.00953498
0.00900184
0.00936205
0.00917336
0.00923548
0.00919858
0.00957213
0.00920489
0.00965681
0.00935242
0.00934814
0.00999281
0.00947518
0.00969555
0.00946434
0.01009391
0.00926087
0.01024044
0.00917441
0.00911687
0.00985433
0.01000425
0.01003979
0.00893925
0.00843846
0.00999853
0.00932358
0.01092163
0.00981720
0.00984306
0.00862190
0.00895870
0.00962043
0.01055199
0.01052547
0.01024161
0.01084321
0.01044511
0.01059432
0.01015761
0.00958089
0.00968225
0.00862091
0.00979476
0.01034050
0.01052788
0.00981832
0.01017506
0.01032749
0.01001914
0.01033458
0.00973556
0.00984193
0.01074566
0.01020186
0.01085190
0.00000000
0.00000000
0.00000000
0.00000000
0.00000000
0.00000000
0.00000000
0.00000000
0.00000000
0.00000000
0.00000000
0.00000000
0.00000000
0.00000000
0.00000000
0.00000000
0.00848969
0.00816772
0.00847707
0.00874097
0.00842776
0.00821926
0.00676830
0.00871402
0.00847998
0.00913870
0.00822491
0.00913557
0.00859915
0.00838929
0.00801775
0.00841717
0.00833477
0.00668596
0.00890039
0.00839601
0.00845383
0.00890752
0.00677914
0.00825412
0.00875598
0.00679623
0.00930218
0.00848192
0.00687599
0.00909802
0.00872599
0.00690436
0.00766969
0.00930111
0.00859915
0.00889326
0.00819767
0.00867821
0.00931496
0.00892179
0.00832334
0.00931815
0.00694317
0.00895144
0.00906582
0.00888106
0.00856480
0.00781940
0.00954142
0.00714377
0.00971655
0.00728488
0.00804716
0.00959176
0.00894837
0.00918902
0.00929367
0.00854522
0.00906997
0.00905028
0.00983958
0.00944154
0.00932242
0.00870605
0.00952289
0.00917012
0.00961373
0.00990395
0.00936303
0.00945343
0.00888614
0.00962473
0.00867027
0.00945235
0.00750479
0.00898735
0.00948484
0.00974549
0.00953815
0.00908762
0.00752543
0.00961923
0.00903786
0.01030497
0.00918376
0.01004658
0.00928517
0.00918166
0.00898838
0.00963795
0.00952180
0.00808221
0.01022278
0.00972767
0.00971099
0.01000186
0.00800950
0.00926289
0.00915963
0.00817987
0.01034631
0.00947725
0.00814998
0.00989602
0.00962143
0.00813880
0.00878709
0.00992549
0.00922588
0.00986437
0.00939951
0.01024854
0.00998585
0.00000000
0.00000000
0.00000000
0.00000000
0.00000000
0.00000000
0.00000000
0.00000000
0.00000000
0.00000000
0.00000000
0.00000000
0.00000000
0.00000000
0.00000000
0.00875847
0.00825269
0.00852519
0.00878456
0.00849210
0.00836197
0.00685908
0.00872647
0.00850571
0.00912562
0.00833809
0.00917377
0.00880971
0.00848821
0.00802462
0.00843884
0.00838208
0.00689842
0.00903423
0.00856429
0.00861932
0.00904043
0.00703871
0.00847948
0.00888968
0.00703469
0.00948753
0.00864401
0.00720819
0.00926022
0.00886633
0.00711399
0.00778324
0.00936783
0.00864401
0.00894170
0.00837633
0.00879763
0.00931760
0.00888054
0.00829148
0.00926340
0.00733042
0.00906010
0.00911519
0.00894579
0.00860947
0.00786198
0.00952995
0.00737669
0.00960107
0.00757160
0.00826875
0.00950926
0.00894272
0.00915595
0.00913085
0.00846398
0.00894374
0.00891106
0.00960766
0.00928674
0.00919899
0.00870155
0.00940218
0.00902803
0.00940648
0.00969266
0.00938177
0.00930056
0.00874045
0.00928568
0.00857801
0.00920952
0.00769471
0.00885822
0.00932826
0.00945719
0.00929631
0.00895808
0.00782162
0.00933787
0.00870155
0.00983450
0.00889986
0.00971486
0.00912771
0.00900946
0.00877752
0.00913920
0.00896423
0.00785569
0.00962086
0.00922428
0.00916643
0.00946152
0.00799987
0.00884000
0.00887140
0.00819812
0.00976053
0.00896833
0.00813181
0.00939143
0.00915595
0.00812344
0.00851058
0.00944638
0.00875646
0.00920004
0.00896218
0.00969821
0.00949079
0.00920530
0.00000000
0.00000000
0.00000000
0.00000000
0.00000000
0.00000000
0.00000000
0.00000000
0.00000000
0.00000000
0.00000000
0.00000000
0.00000000
0.00000000
0.00602803
0.00675314
0.00706366
0.00736903
0.00699611
0.00662461
0.00536603
0.00721886
0.00695700
0.00781976
0.00697533
0.00769377
0.00685040
0.00715310
0.00710173
0.00752577
0.00752147
0.00567473
0.00775828
0.00737493
0.00754992
0.00772728
0.00571708
0.00705074
0.00731026
0.00574133
0.00785203
0.00748885
0.00555718
0.00780367
0.00752491
0.00545515
0.00625850
0.00791968
0.00745381
0.00812430
0.00719248
0.00788984
0.00843684
0.00857009
0.00791515
0.00906728
0.00590721
0.00807335
0.00849591
0.00816623
0.00816156
0.00735387
0.00882376
0.00574199
0.00925697
0.00575909
0.00673463
0.00931965
0.00844070
0.00860152
0.00944414
0.00840313
0.00909845
0.00906624
0.00974148
0.00934741
0.00927498
0.00837051
0.00923053
0.00897954
0.00929835
0.01007120
0.00919260
0.00982542
0.00932605
0.01068354
0.00890997
0.01033259
0.00723787
0.00880661
0.00976045
0.01047301
0.01038948
0.00911824
0.00696576
0.01037286
0.00962518
0.01194132
0.01005969
0.01060319
0.00897236
0.00929197
0.00964723
0.01122474
0.01131886
0.00891609
0.01216884
0.01137337
0.01166055
0.01143338
0.00817277
0.01051502
0.00914854
0.00853292
0.01196182
0.01151870
0.00887640
0.01128912
0.01108312
0.00862615
0.00969258
0.01052946
0.00999431
0.01172475
0.01062140
0.01242199
0.01097212
0.01270800
0.01138509
0.00000000
0.00000000
0.00000000
0.00000000
0.00000000
0.00000000
0.00000000
0.00000000
0.00000000
0.00000000
0.00000000
0.00000000
0.00000000
0.00831824
0.00796806
0.00831919
0.00855661
0.00815618
0.00805512
0.00643802
0.00846607
0.00814686
0.00892756
0.00787023
0.00903956
0.00858112
0.00842357
0.00782624
0.00808096
0.00792624
0.00602406
0.00876966
0.00822645
0.00836404
0.00875062
0.00644023
0.00797262
0.00860668
0.00646533
0.00924769
0.00824530
0.00652029
0.00896542
0.00852145
0.00661797
0.00737767
0.00916660
0.00818984
0.00855759
0.00792715
0.00870171
0.00928692
0.00876164
0.00801559
0.00904681
0.00636480
0.00878573
0.00898184
0.00873962
0.00834779
0.00744209
0.00934981
0.00661192
0.00955633
0.00687099
0.00774785
0.00942389
0.00869375
0.00913311
0.00916765
0.00840817
0.00892653
0.00874762
0.00966185
0.00925087
0.00913624
0.00864813
0.00938409
0.00886345
0.00937873
0.00969173
0.00927524
0.00939483
0.00874862
0.00948337
0.00849809
0.00915507
0.00705739
0.00872763
0.00935194
0.00955852
0.00930180
0.00885129
0.00747621
0.00942821
0.00884623
0.01010610
0.00872563
0.00984369
0.00896542
0.00899521
0.00882501
0.00931245
0.00907998
0.00743528
0.00984706
0.00930499
0.00937444
0.00967623
0.00789006
0.00879880
0.00880887
0.00782534
0.01007609
0.00912058
0.00802936
0.00957164
0.00923395
0.00797444
0.00855955
0.00959686
0.00872364
0.00923712
0.00874162
0.00992850
0.00965522
0.00964087
0.00898595
0.00977188
0.00000000
0.00000000
0.00000000
0.00000000
0.00000000
0.00000000
0.00000000
0.00000000
0.00000000
0.00000000
0.00000000
0.00000000
0.00158711
0.00289015
0.00301751
0.00348533
0.00335391
0.00275710
0.00214148
0.00341821
0.00291839
0.00416764
0.00369809
0.00366524
0.00259908
0.00308770
0.00369893
0.00476719
0.00508430
0.00393012
0.00442661
0.00432006
0.00426555
0.00412260
0.00205086
0.00358234
0.00304525
0.00258692
0.00379450
0.00422428
0.00252176
0.00407338
0.00412637
0.00218553
0.00256071
0.00384782
0.00387610
0.00529441
0.00415669
0.00455190
0.00490605
0.00613483
0.00525819
0.00719127
0.00371887
0.00497329
0.00588060
0.00520136
0.00571090
0.00462538
0.00586985
0.00254553
0.00658421
0.00247292
0.00322192
0.00695822
0.00585309
0.00564142
0.00799389
0.00603047
0.00667216
0.00734171
0.00753743
0.00803238
0.00792469
0.00643382
0.00655416
0.00665615
0.00696778
0.00860204
0.00654816
0.00870399
0.00839883
0.01136756
0.00737791
0.01189977
0.00662804
0.00738214
0.00885463
0.01075039
0.01117929
0.00767841
0.00411506
0.01097153
0.00889320
0.01618724
0.01218908
0.01033677
0.00729150
0.00872592
0.01091645
0.01549338
0.01631924
0.01013075
0.01773844
0.01744465
0.01910323
0.01453868
0.00784263
0.01320522
0.00719621
0.00998007
0.01533118
0.01860932
0.01139490
0.01432736
0.01587006
0.01297019
0.01447397
0.01054819
0.01220303
0.01960128
0.01685617
0.02343054
0.01302818
0.02567879
0.01880189
0.03008355
0.06802731
0.00000000
0.00000000
0.00000000
0.00000000
0.00000000
0.00000000
0.00000000
0.00000000
0.00000000
0.00000000
0.00000000
0.00780506
0.00765738
0.00786331
0.00805357
0.00787501
0.00791022
0.00717322
0.00812482
0.00800947
0.00833950
0.00776588
0.00831949
0.00814715
0.00839021
0.00820232
0.00800397
0.00783548
0.00619196
0.00801772
0.00809883
0.00831379
0.00837966
0.00750991
0.00797108
0.00829763
0.00702864
0.00860502
0.00823523
0.00707138
0.00849257
0.00831283
0.00724413
0.00779347
0.00863559
0.00821735
0.00846154
0.00810625
0.00852273
0.00884756
0.00879208
0.00839405
0.00868015
0.00659629
0.00818545
0.00851494
0.00873194
0.00872096
0.00835287
0.00888103
0.00738384
0.00891767
0.00751335
0.00812296
0.00901923
0.00860305
0.00870800
0.00890340
0.00875194
0.00878604
0.00846831
0.00859518
0.00849159
0.00884858
0.00871996
0.00914808
0.00887087
0.00888001
0.00913657
0.00878202
0.00894321
0.00890137
0.00916064
0.00890646
0.00892482
0.00776233
0.00827489
0.00865042
0.00885364
0.00898011
0.00848965
0.00884149
0.00898217
0.00872196
0.00932984
0.00860404
0.00885972
0.00808865
0.00820608
0.00870900
0.00917847
0.00908966
0.00906578
0.00906682
0.00890442
0.00889424
0.00896985
0.00950217
0.00863658
0.00821077
0.00871996
0.00904403
0.00878403
0.00910111
0.00880013
0.00880113
0.00902956
0.00891359
0.00867817
0.00848480
0.00879006
0.00851884
0.00911674
0.00861191
0.00913030
0.00918477
0.00911048
0.00888001
0.00825975
0.00000000
0.00000000
0.00000000
0.00000000
0.00000000
0.00000000
0.00000000
0.00000000
0.00000000
0.00000000
0.00784934
0.00751804
0.00780547
0.00808629
0.00776006
0.00763765
0.00623563
0.00796693
0.00776450
0.00837626
0.00749228
0.00844843
0.00794146
0.00794873
0.00760105
0.00786732
0.00775917
0.00593498
0.00818400
0.00782871
0.00793964
0.00835712
0.00652832
0.00772729
0.00822059
0.00625922
0.00869252
0.00790520
0.00631603
0.00847941
0.00810203
0.00632543
0.00703302
0.00865383
0.00789797
0.00822435
0.00754474
0.00818774
0.00877645
0.00853781
0.00797696
0.00880662
0.00620433
0.00827153
0.00848232
0.00838873
0.00814664
0.00751116
0.00895288
0.00648515
0.00911720
0.00638578
0.00725944
0.00903415
0.00845713
0.00872640
0.00892527
0.00824508
0.00872839
0.00860448
0.00930900
0.00893549
0.00887336
0.00829996
0.00906003
0.00870944
0.00913077
0.00936668
0.00872740
0.00895698
0.00854074
0.00933780
0.00847650
0.00907247
0.00705236
0.00845133
0.00891507
0.00926969
0.00916530
0.00864789
0.00742403
0.00928348
0.00878348
0.00995553
0.00875439
0.00956701
0.00864592
0.00862221
0.00863208
0.00937311
0.00928030
0.00789436
0.00982767
0.00932286
0.00928561
0.00966269
0.00781887
0.00897544
0.00871044
0.00789526
0.01003441
0.00916635
0.00789255
0.00949723
0.00924533
0.00802914
0.00853488
0.00936347
0.00866076
0.00922315
0.00867961
0.00965054
0.00934848
0.00962078
0.00905899
0.00995097
0.00885815
0.00941825
0.00932926
0.00000000
0.00000000
0.00000000
0.00000000
0.00000000
0.00000000
0.00000000
0.00000000
0.00000000
0.00867350
0.00781068
0.00803911
0.00839722
0.00804555
0.00796497
0.00622982
0.00834264
0.00810559
0.00883067
0.00780979
0.00898966
0.00836271
0.00815302
0.00773688
0.00828748
0.00819041
0.00638493
0.00863489
0.00806121
0.00796952
0.00878634
0.00628997
0.00804555
0.00860531
0.00647540
0.00919559
0.00806674
0.00645912
0.00885799
0.00838474
0.00643994
0.00721625
0.00910558
0.00816328
0.00846569
0.00775549
0.00846085
0.00903709
0.00869535
0.00807690
0.00908373
0.00659349
0.00856798
0.00860236
0.00851522
0.00806674
0.00731683
0.00927588
0.00685812
0.00931949
0.00652895
0.00731766
0.00905468
0.00846763
0.00868740
0.00877027
0.00809077
0.00874723
0.00855525
0.00943641
0.00891695
0.00871926
0.00803819
0.00888234
0.00847926
0.00909309
0.00926422
0.00873123
0.00873723
0.00820823
0.00897631
0.00829791
0.00885900
0.00718495
0.00853375
0.00873123
0.00896707
0.00873323
0.00839914
0.00704497
0.00895272
0.00842897
0.00946344
0.00835793
0.00937831
0.00871926
0.00840298
0.00810930
0.00873323
0.00860137
0.00733862
0.00935259
0.00880445
0.00863588
0.00919875
0.00701041
0.00844731
0.00859645
0.00750759
0.00953952
0.00839722
0.00724023
0.00894658
0.00862995
0.00755151
0.00800699
0.00903812
0.00824398
0.00852302
0.00813904
0.00901232
0.00896810
0.00886103
0.00827516
0.00920085
0.00816328
0.00908893
0.00906712
0.00881049
0.00000000
0.00000000
0.00000000
0.00000000
0.00000000
0.00000000
0.00000000
0.00000000
0.00821936
0.00772525
0.00796027
0.00819964
0.00778824
0.00770319
0.00609089
0.00805646
0.00782306
0.00846942
0.00744247
0.00867930
0.00816594
0.00797394
0.00738650
0.00783740
0.00775091
0.00608672
0.00854532
0.00789498
0.00791397
0.00845587
0.00587399
0.00771112
0.00832248
0.00626472
0.00888828
0.00784726
0.00609438
0.00856685
0.00811009
0.00625327
0.00699026
0.00879624
0.00778468
0.00808970
0.00743481
0.00823347
0.00883759
0.00835109
0.00764962
0.00871910
0.00622543
0.00853165
0.00862881
0.00832629
0.00785804
0.00697110
0.00902763
0.00643468
0.00925558
0.00648270
0.00720623
0.00896589
0.00829207
0.00862487
0.00877012
0.00796301
0.00863770
0.00850048
0.00947519
0.00900494
0.00874307
0.00815754
0.00888828
0.00841341
0.00900907
0.00926088
0.00883355
0.00895461
0.00829112
0.00907838
0.00802427
0.00884973
0.00689970
0.00857666
0.00907838
0.00924183
0.00889235
0.00844427
0.00675600
0.00910021
0.00854337
0.00974895
0.00839803
0.00955792
0.00877112
0.00868327
0.00834631
0.00892496
0.00871412
0.00688551
0.00960724
0.00905659
0.00909189
0.00947302
0.00693769
0.00855804
0.00858058
0.00719964
0.00992334
0.00882143
0.00719799
0.00926406
0.00883153
0.00722604
0.00803713
0.00931080
0.00837788
0.00874007
0.00819120
0.00919964
0.00926830
0.00910229
0.00835491
0.00936206
0.00753930
0.00922704
0.00927042
0.00918807
0.00882446
0.00000000
0.00000000
0.00000000
0.00000000
0.00000000
0.00000000
0.00000000
0.00733391
0.00732720
0.00778338
0.00800918
0.00763349
0.00739626
0.00603372
0.00778605
0.00755358
0.00822833
0.00709787
0.00827553
0.00762389
0.00752856
0.00706466
0.00741659
0.00734735
0.00569114
0.00815338
0.00744975
0.00761256
0.00797900
0.00581219
0.00725299
0.00790722
0.00584353
0.00842068
0.00755099
0.00586160
0.00821047
0.00778427
0.00596645
0.00667499
0.00835065
0.00747108
0.00780924
0.00709300
0.00789367
0.00849420
0.00805512
0.00748135
0.00849420
0.00578698
0.00817299
0.00832776
0.00799819
0.00769662
0.00694686
0.00876164
0.00618536
0.00909557
0.00614586
0.00694368
0.00884319
0.00803120
0.00845059
0.00860963
0.00771072
0.00837744
0.00833157
0.00935087
0.00882601
0.00855955
0.00801009
0.00878874
0.00834874
0.00890512
0.00925828
0.00874762
0.00891939
0.00825284
0.00925298
0.00806987
0.00888985
0.00669257
0.00838607
0.00909453
0.00939161
0.00908102
0.00846026
0.00668110
0.00923923
0.00870270
0.01009570
0.00855857
0.00970726
0.00867190
0.00869673
0.00841490
0.00918024
0.00908102
0.00716803
0.01010494
0.00929435
0.00947469
0.00968951
0.00715984
0.00877066
0.00874362
0.00719926
0.01030572
0.00928054
0.00713205
0.00978642
0.00938302
0.00736081
0.00832014
0.00970726
0.00872863
0.00946278
0.00864417
0.00967954
0.00971171
0.00954977
0.00870470
0.01000374
0.00770014
0.00950400
0.00943899
0.00932630
0.00911953
0.00806065
0.00000000
0.00000000
0.00000000
0.00000000
0.00000000
0.00000000
0.00828268
0.00786262
0.00812689
0.00821850
0.00791314
0.00777675
0.00663961
0.00804273
0.00790139
0.00828173
0.00758002
0.00833686
0.00802160
0.00801334
0.00771826
0.00799229
0.00785004
0.00640390
0.00825808
0.00812317
0.00826659
0.00844918
0.00708209
0.00789145
0.00807499
0.00658290
0.00866550
0.00801793
0.00688952
0.00833590
0.00802068
0.00681350
0.00742469
0.00848696
0.00795671
0.00801059
0.00755232
0.00805746
0.00849279
0.00830260
0.00785453
0.00836839
0.00650728
0.00818192
0.00837701
0.00843856
0.00821286
0.00763659
0.00867145
0.00668534
0.00870026
0.00697835
0.00762349
0.00862989
0.00818379
0.00828457
0.00834354
0.00790319
0.00828647
0.00822508
0.00867145
0.00840484
0.00837701
0.00811852
0.00863186
0.00835308
0.00862298
0.00861115
0.00818192
0.00842698
0.00821380
0.00868634
0.00804181
0.00841831
0.00674989
0.00809627
0.00854834
0.00877221
0.00867343
0.00836839
0.00722776
0.00855030
0.00822885
0.00894344
0.00815202
0.00876820
0.00823073
0.00815389
0.00811759
0.00853466
0.00844918
0.00728004
0.00867442
0.00845692
0.00845885
0.00883869
0.00780973
0.00838468
0.00831876
0.00720548
0.00911384
0.00845982
0.00772179
0.00877924
0.00852198
0.00746899
0.00787972
0.00871819
0.00826375
0.00846466
0.00811295
0.00857969
0.00859049
0.00855323
0.00829975
0.00874316
0.00763921
0.00848211
0.00848114
0.00866649
0.00858067
0.00834067
0.00897521
0.00000000
0.00000000
0.00000000
0.00000000
0.00000000
0.00224140
0.00369667
0.00417655
0.00471063
0.00488346
0.00395160
0.00341729
0.00454028
0.00380870
0.00501938
0.00404490
0.00419714
0.00328694
0.00350599
0.00385428
0.00437709
0.00464057
0.00319354
0.00471764
0.00474579
0.00495209
0.00478394
0.00421784
0.00468805
0.00442390
0.00385825
0.00489857
0.00481413
0.00244525
0.00480478
0.00489297
0.00318953
0.00358794
0.00443607
0.00455954
0.00544841
0.00455902
0.00447634
0.00504933
0.00519938
0.00464004
0.00621014
0.00342708
0.00524058
0.00588643
0.00558662
0.00610170
0.00594326
0.00628374
0.00449686
0.00693729
0.00307911
0.00348559
0.00663309
0.00576779
0.00577902
0.00741825
0.00586761
0.00602541
0.00652100
0.00690957
0.00719264
0.00751992
0.00618816
0.00754490
0.00767197
0.00744034
0.00910489
0.00744971
0.00841582
0.00702754
0.00877463
0.00579955
0.00896332
0.00439365
0.00627297
0.00760034
0.00923074
0.00981889
0.00773630
0.00570545
0.01030214
0.00959022
0.01308443
0.00971610
0.00934762
0.00691036
0.00800822
0.00926989
0.01244929
0.01339641
0.01003922
0.01455975
0.01337191
0.01424347
0.01227255
0.00533371
0.01136842
0.00777533
0.00843799
0.01349793
0.01549632
0.00737172
0.01353349
0.01428263
0.00890100
0.01146900
0.01136062
0.01153082
0.01721601
0.01458476
0.01670197
0.01263580
0.01673831
0.01351801
0.01861711
0.01917912
0.01520659
0.01429243
0.01610167
0.01942197
0.01604834
0.01729694
0.02713329
0.00000000
0.00000000
0.00000000
0.00000000
0.00819221
0.00768917
0.00797584
0.00813804
0.00782672
0.00777318
0.00650727
0.00787972
0.00772797
0.00821097
0.00751096
0.00838754
0.00805930
0.00792491
0.00750838
0.00780526
0.00773416
0.00640756
0.00828835
0.00789867
0.00798771
0.00831875
0.00679559
0.00774655
0.00812688
0.00637101
0.00863284
0.00779990
0.00672137
0.00831875
0.00794216
0.00659570
0.00710724
0.00839714
0.00767687
0.00785003
0.00743318
0.00801792
0.00841253
0.00807314
0.00766546
0.00832065
0.00652815
0.00819221
0.00826658
0.00815761
0.00788964
0.00734192
0.00859736
0.00659872
0.00866153
0.00656034
0.00731175
0.00854638
0.00809533
0.00838563
0.00828551
0.00771825
0.00812874
0.00809904
0.00878626
0.00846175
0.00827036
0.00795761
0.00843469
0.00811851
0.00855714
0.00861508
0.00824486
0.00833589
0.00797219
0.00856693
0.00797493
0.00834544
0.00682753
0.00808608
0.00842505
0.00862889
0.00848307
0.00827225
0.00713983
0.00848113
0.00807776
0.00885892
0.00795125
0.00881344
0.00831494
0.00822790
0.00798040
0.00829120
0.00817536
0.00697037
0.00871220
0.00832732
0.00831494
0.00870822
0.00732263
0.00818565
0.00833876
0.00721289
0.00908989
0.00824014
0.00721702
0.00868136
0.00842023
0.00743573
0.00779099
0.00865162
0.00792219
0.00815015
0.00783388
0.00850444
0.00856007
0.00834066
0.00795852
0.00852782
0.00724348
0.00844531
0.00844531
0.00843855
0.00819690
0.00775099
0.00879934
0.00764707
0.00881647
0.00000000
0.00000000
0.00000000
0.00224028
0.00376996
0.00427644
0.00464143
0.00471312
0.00371177
0.00327629
0.00481613
0.00397455
0.00521404
0.00416444
0.00426911
0.00336286
0.00353766
0.00383082
0.00422200
0.00431872
0.00318319
0.00467446
0.00454684
0.00472878
0.00454424
0.00284530
0.00446694
0.00391499
0.00475427
0.00468356
0.00517897
0.00296933
0.00471906
0.00463294
0.00261916
0.00321613
0.00443638
0.00435095
0.00535978
0.00456091
0.00469859
0.00506589
0.00518371
0.00444095
0.00580660
0.00315347
0.00505605
0.00578935
0.00528913
0.00554500
0.00480182
0.00586132
0.00422683
0.00678863
0.00438292
0.00425838
0.00659196
0.00547441
0.00525957
0.00697758
0.00551905
0.00597368
0.00642814
0.00690138
0.00704092
0.00718739
0.00590033
0.00703448
0.00706593
0.00671372
0.00877726
0.00794219
0.00935042
0.00781602
0.00906812
0.00572023
0.00839046
0.00385809
0.00611751
0.00740013
0.00892712
0.00885289
0.00678630
0.00404334
0.00965585
0.00910554
0.01279232
0.01017986
0.00924724
0.00729591
0.00832069
0.00915149
0.01171378
0.01218669
0.00754630
0.01372308
0.01322682
0.01513824
0.01194243
0.00555770
0.01056544
0.00705785
0.00625693
0.01319206
0.01567571
0.00824867
0.01343265
0.01355149
0.00722118
0.01005028
0.01132380
0.01145670
0.01736757
0.01421031
0.01629738
0.01283336
0.01717789
0.01350198
0.01861205
0.01803775
0.01460416
0.01420706
0.01557206
0.01893199
0.01401819
0.01595248
0.01526868
0.01549388
0.02690343
0.00000000
0.00000000
0.00387266
0.00507805
0.00565709
0.00597707
0.00581987
0.00499909
0.00410953
0.00596614
0.00527159
0.00647313
0.00545252
0.00581655
0.00493094
0.00508387
0.00519675
0.00552408
0.00548442
0.00409592
0.00594231
0.00565321
0.00590031
0.00581389
0.00383212
0.00542949
0.00509842
0.00486762
0.00606523
0.00630505
0.00460440
0.00613852
0.00587136
0.00370497
0.00434546
0.00590436
0.00550390
0.00633976
0.00553294
0.00595251
0.00640024
0.00640243
0.00570649
0.00684944
0.00408797
0.00614344
0.00674834
0.00632889
0.00643180
0.00558700
0.00685650
0.00448894
0.00753420
0.00516121
0.00558380
0.00760955
0.00658666
0.00659194
0.00760694
0.00632238
0.00685885
0.00723190
0.00792492
0.00780705
0.00772444
0.00680104
0.00761391
0.00746642
0.00749981
0.00874816
0.00798498
0.00910863
0.00827510
0.00947853
0.00702079
0.00863976
0.00484152
0.00696081
0.00801151
0.00915774
0.00893628
0.00754369
0.00470126
0.00915041
0.00849181
0.01134451
0.00948938
0.00945363
0.00799869
0.00865658
0.00893833
0.01038922
0.01055211
0.00681818
0.01153688
0.01105499
0.01208530
0.01077656
0.00677077
0.00966798
0.00784555
0.00616808
0.01175804
0.01223693
0.00794398
0.01174325
0.01159642
0.00728087
0.00896495
0.01052198
0.01005829
0.01333615
0.01142786
0.01303451
0.01143963
0.01352976
0.01134580
0.01452414
0.01252297
0.01211298
0.01193419
0.01257465
0.01399890
0.01135619
0.01294240
0.01007441
0.01249579
0.01291726
0.01415833
0.00000000
0.00774085
0.00745922
0.00753296
0.00770375
0.00749428
0.00745836
0.00649431
0.00768527
0.00748400
0.00785772
0.00711909
0.00797909
0.00766508
0.00759873
0.00721336
0.00745922
0.00739296
0.00615156
0.00790641
0.00759786
0.00759525
0.00796086
0.00639187
0.00755712
0.00799097
0.00674337
0.00824445
0.00748743
0.00599183
0.00792271
0.00769935
0.00657353
0.00708740
0.00810419
0.00746775
0.00761526
0.00721088
0.00774794
0.00814043
0.00786762
0.00736932
0.00805060
0.00631411
0.00795904
0.00805890
0.00793994
0.00761352
0.00706635
0.00836222
0.00679836
0.00849819
0.00648763
0.00687736
0.00816748
0.00776835
0.00795449
0.00816654
0.00771169
0.00798183
0.00781291
0.00839289
0.00812554
0.00806166
0.00767034
0.00821057
0.00789737
0.00825294
0.00839577
0.00811161
0.00820118
0.00773820
0.00818993
0.00747202
0.00809400
0.00674800
0.00796450
0.00824068
0.00836796
0.00820587
0.00787482
0.00702123
0.00847974
0.00822467
0.00876775
0.00783080
0.00853716
0.00798001
0.00794358
0.00784694
0.00828699
0.00814229
0.00705424
0.00862748
0.00830692
0.00831548
0.00857337
0.00675263
0.00804508
0.00796450
0.00734323
0.00884836
0.00829553
0.00717796
0.00846229
0.00821808
0.00719934
0.00781648
0.00852545
0.00798549
0.00813857
0.00772935
0.00832500
0.00840057
0.00841018
0.00800103
0.00850305
0.00740311
0.00834216
0.00838041
0.00839673
0.00818431
0.00755453
0.00866902
0.00776391
0.00873772
0.00813484
0.00814415
0.00863933
