-0.00121021
-0.00014603
0.00108337
0.00109482
-0.00266457
0.00251389
-0.00154018
0.00083590
-0.00031877
-0.00214386
0.00522995
-0.00111771
-0.00225449
-0.00173855
-0.00028038
-0.00141621
0.00170040
-0.00101852
-0.00188732
0.00200272
0.00059700
-0.00023198
-0.00221252
0.00091934
0.00044799
-0.00013614
0.00202370
0.00123787
0.00266457
0.00877380
-0.00258446
0.00133991
0.00413895
0.00097036
-0.00049019
0.00870514
0.00153923
0.00365448
-0.00520706
0.00135612
-0.00166893
-0.00152779
0.00148010
0.00112534
0.00280190
-0.00304031
-0.00305748
-0.00079441
-0.00209045
0.00142765
-0.00209618
-0.00070190
0.00142860
-0.00036955
-0.00356293
-0.00093603
0.00250816
-0.00068283
-0.00314140
-0.00122261
0.00051403
-0.00212669
-0.00026226
-0.00068092
0.00041372
0.00192188
0.00128013
0.00201696
0.00050609
0.00115561
-0.00073217
0.00023403
-0.00100273
0.00176558
0.00316104
0.00146750
-0.00410091
-0.00108689
0.00169257
0.00101620
-0.00037923
0.00020063
0.00046145
0.00240803
0.00193196
-0.00207666
0.00095491
0.00269714
0.00061191
-0.00196607
0.00106336
0.00127915
0.00169900
-0.03290684
0.00155337
-0.00032208
0.00224401
0.00028519
0.00075309
0.00537794
-0.00078005
0.00362767
-0.00376059
0.00293127
0.00151459
-0.00034214
0.00187040
0.00400970
0.00388165
-0.00053714
-0.00253636
-0.00000014
0.00189404
-0.00005957
0.00026493
-0.00116458
0.00204408
0.00296489
-0.00109755
0.00021852
0.00201171
-0.00236734
-0.00229968
0.00017883
0.00173265
-0.00326650
0.00026046
-0.00020618
0.00022010
0.00177684
0.00028076
0.00150336
0.00080139
0.00055701
0.00090453
0.00022806
-0.00149306
0.00219888
0.00141659
0.00115739
-0.00171867
-0.00082525
0.00146543
0.00094449
0.00020357
0.00052620
0.00050623
0.00129999
0.00129718
-0.00093267
0.00119558
0.00260115
0.00097649
-0.00175009
0.00080856
0.00109086
0.00206261
-0.03445592
0.00018536
0.00008257
0.00172157
-0.00010970
0.00045740
0.00319613
-0.00170204
0.00127029
-0.00148618
0.00126557
0.00098331
0.00033169
0.00130160
0.00355234
0.00277423
-0.00027107
-0.00124352
-0.00079167
0.00147057
-0.00055533
-0.00015386
-0.00100618
0.00018294
0.00110551
-0.00074553
0.00051477
0.00084627
-0.00106503
-0.00121756
0.00043006
0.00199791
-0.00237525
0.00051267
-0.00015726
0.00080019
0.00333307
0.00052287
0.00253158
0.00146604
0.00068202
0.00152546
-0.00088954
-0.00141085
0.00142160
0.00111505
0.00072669
-0.00366424
0.00033120
0.00142300
0.00160360
0.00031610
0.00111730
0.00046704
0.00126172
0.00268952
-0.00015077
0.00122440
0.00270847
0.00057216
-0.00122407
0.00079915
0.00131912
0.00226164
-0.02884029
0.00029765
0.00017336
0.00049896
0.00079507
-0.00044276
0.00206917
-0.00251359
0.00215287
-0.00118760
0.00055574
0.00101749
0.00061665
0.00194840
0.00191054
0.00141092
0.00018304
-0.00176945
-0.00048935
0.00050031
-0.00040372
0.00155963
-0.00057505
-0.00063347
0.00080836
0.00043846
-0.00027968
0.00041087
-0.00177750
-0.00074955
0.00049156
0.00046722
-0.00112304
-0.00057451
-0.00072304
-0.00035193
0.00364419
0.00048889
0.00213087
-0.00006572
0.00059012
0.00083670
-0.00096021
-0.00237796
0.00147101
0.00152170
0.00004972
-0.00416136
-0.00019802
0.00076494
0.00288176
0.00109325
-0.00003212
0.00036812
0.00047071
0.00187911
0.00075541
0.00120474
0.00215679
0.00161493
-0.00085216
0.00004924
0.00058025
0.00279633
-0.02343876
0.00068028
-0.00072286
0.00052326
0.00057065
-0.00054658
0.00171652
-0.00314096
0.00167865
-0.00204105
0.00049581
0.00026511
-0.00030960
0.00227204
0.00185821
0.00147566
0.00058282
-0.00119721
-0.00021697
0.00043942
-0.00029819
0.00102858
-0.00091875
-0.00006234
0.00059236
0.00137494
-0.00146137
0.00103778
-0.00115009
-0.00064288
0.00003570
0.00076469
-0.00082744
0.00021760
-0.00008101
0.00024051
0.00300491
0.00034065
0.00240385
-0.00032474
0.00078389
0.00062710
-0.00129974
-0.00225773
0.00132549
0.00168302
-0.00032823
-0.00334472
-0.00001468
0.00231962
0.00239378
0.00068022
0.00011833
0.00036376
0.00128893
0.00273668
0.00115395
0.00108227
0.00210664
0.00138426
-0.00094991
0.00047386
0.00029274
0.00271173
-0.02843910
0.00099297
-0.00088443
-0.00056360
0.00078572
-0.00088485
0.00196009
-0.00379468
0.00173935
-0.00157809
-0.00004600
0.00071418
-0.00059385
0.00258175
0.00143668
0.00130940
0.00045019
-0.00130002
-0.00038169
0.00030291
-0.00026586
0.00201652
-0.00087888
0.00074706
0.00083284
0.00176966
-0.00091922
0.00058443
-0.00149608
-0.00088322
-0.00049470
0.00079502
-0.00049384
-0.00043504
0.00044447
0.00001125
0.00328410
0.00151432
0.00148907
-0.00037781
0.00117533
0.00060337
0.00008427
-0.00186219
0.00191471
0.00168413
-0.00045805
0.00293476
-0.00032085
0.00159785
0.00262062
0.00050078
0.00127163
0.00004243
0.00177702
0.00165865
0.00107942
0.00096810
0.00126700
0.00023863
-0.00029130
0.00134277
-0.00055405
0.00283154
-0.04366038
-0.00026711
-0.00183530
0.00001949
-0.00001652
-0.00182511
-0.00096112
-0.00309528
0.00048242
-0.00088450
-0.00064835
0.00119838
-0.00056449
0.00121209
0.00092683
0.00069372
0.00047813
-0.00156814
-0.00064799
0.00030349
0.00041870
0.00173151
-0.00041059
0.00029608
0.00038771
0.00284484
-0.00209326
-0.00007827
0.00027269
-0.00074120
0.00092146
0.00110185
0.00151698
-0.00081129
0.00075913
0.00019674
0.00222366
0.00043706
0.00142277
-0.00114799
0.00101681
0.00018957
-0.00066748
-0.00167174
0.00131228
0.00147933
-0.00057066
-0.00085520
-0.00072909
0.00201410
0.00218199
0.00087081
-0.00030291
-0.00030271
0.00193515
0.00175072
0.00118189
0.00086647
0.00134957
0.00046414
-0.00060925
0.00043173
0.00008498
0.00294839
-0.03323161
-0.00060502
-0.00106813
0.00022700
0.00048894
-0.00108434
0.00125831
-0.00206994
0.00154633
-0.00137365
0.00002828
0.00076360
-0.00104528
0.00118629
0.00138271
0.00080527
-0.00065003
-0.00211486
-0.00079192
0.00061004
-0.00050270
0.00119955
-0.00068994
0.00138573
0.00021576
0.00140303
-0.00136847
-0.00030246
-0.00118080
-0.00113862
-0.00013645
0.00065942
-0.00015972
-0.00088729
0.00117799
0.00042653
0.00169948
0.00029659
0.00121217
-0.00120420
0.00012197
0.00061041
-0.00055479
-0.00135384
0.00135322
0.00125536
-0.00061106
-0.00047646
-0.00048132
0.00166933
0.00246487
0.00054837
0.00007462
0.00002881
0.00154595
0.00188995
0.00101546
0.00076253
0.00122408
0.00070922
-0.00032997
-0.00016855
0.00035607
0.00250334
-0.03616663
0.00010350
-0.00102495
-0.00028416
0.00042507
-0.00060390
0.00122982
-0.00201422
0.00168144
-0.00131209
-0.00032310
0.00058389
-0.00115492
0.00146459
0.00045022
0.00080028
-0.00038831
-0.00209890
-0.00078285
0.00121887
-0.00088177
0.00121829
-0.00106940
0.00110701
0.00090705
0.00154426
-0.00127305
0.00000608
-0.00172642
-0.00065573
-0.00038261
0.00070102
0.00006392
-0.00077332
0.00113906
0.00027695
0.00115602
-0.00004576
0.00108444
-0.00130661
-0.00027384
0.00062231
-0.00021706
-0.00123097
0.00126687
0.00085931
-0.00006068
-0.00204910
-0.00097067
0.00145968
0.00244988
0.00046316
-0.00030700
0.00025834
0.00125508
0.00216663
0.00098169
0.00118397
0.00146063
0.00102895
-0.00032864
0.00003646
-0.00000522
0.00263483
-0.03505510
0.00014188
-0.00095320
-0.00034804
0.00065364
-0.00030452
0.00196537
-0.00160771
0.00156177
-0.00106316
0.00009690
0.00032296
-0.00109489
0.00111131
0.00057476
0.00123893
-0.00039453
-0.00152265
-0.00062090
0.00108329
-0.00071062
0.00181559
-0.00141260
0.00072964
0.00100870
0.00157303
-0.00134994
-0.00021914
-0.00192285
-0.00015225
-0.00012444
0.00071140
-0.00021178
-0.00116272
0.00126392
0.00103030
0.00118816
-0.00038965
0.00114960
-0.00102612
-0.00012760
0.00055910
-0.00042901
-0.00156232
0.00148062
0.00064610
-0.00028790
-0.00133162
-0.00123572
0.00150220
0.00242575
0.00030691
-0.00025097
0.00065928
0.00160463
0.00158979
0.00127413
0.00125074
0.00118362
0.00107850
-0.00011678
-0.00011514
-0.00012726
0.00230788
-0.03308233
0.00031842
-0.00117014
-0.00052869
0.00027377
-0.00042788
0.00192009
-0.00162659
0.00213113
-0.00113141
-0.00016428
0.00031168
-0.00123910
0.00097825
0.00094440
0.00124869
0.00000380
-0.00132460
-0.00097598
0.00080186
-0.00039102
0.00144181
-0.00102828
0.00036462
0.00059397
0.00140045
-0.00064752
-0.00035390
-0.00165743
0.00045253
-0.00033367
0.00114400
0.00020282
-0.00113474
0.00132901
0.00096582
0.00093820
-0.00067691
0.00117184
-0.00091921
-0.00009232
0.00042811
-0.00050224
-0.00136703
0.00134728
0.00076472
-0.00036632
-0.00132685
-0.00158050
0.00145842
0.00242063
0.00054407
-0.00014451
0.00075536
0.00118469
0.00155605
0.00124176
0.00144480
0.00121650
0.00113209
-0.00019616
-0.00043116
-0.00016207
0.00250358
-0.03244853
0.00038671
-0.00113355
-0.00089504
0.00035851
-0.00057443
0.00170237
-0.00144389
0.00215660
-0.00093563
-0.00020411
0.00040142
-0.00073774
0.00112299
0.00131360
0.00128077
0.00031323
-0.00123765
-0.00122790
0.00080482
-0.00019465
0.00130571
-0.00122672
0.00023675
0.00077895
0.00139488
-0.00051290
-0.00027450
-0.00146506
0.00060303
-0.00005066
0.00155401
0.00013838
-0.00087315
0.00111428
0.00051507
0.00062402
-0.00045307
0.00116701
-0.00051535
-0.00007704
0.00036219
-0.00054421
-0.00100901
0.00102385
0.00075477
-0.00023357
-0.00128619
-0.00135683
0.00164230
0.00243134
0.00073397
-0.00005580
0.00096303
0.00071508
0.00146678
0.00080526
0.00164373
0.00108070
0.00125827
-0.00024759
-0.00032081
-0.00024652
0.00235565
-0.03342737
0.00040957
-0.00097613
-0.00112328
0.00002160
-0.00031295
0.00195130
-0.00140983
0.00216073
-0.00078882
-0.00042247
0.00022213
-0.00097132
0.00122930
0.00126046
0.00136641
0.00010795
-0.00162269
-0.00143813
0.00064790
-0.00031841
0.00109703
-0.00116546
0.00021381
0.00099718
0.00170067
-0.00062342
-0.00018126
-0.00150108
0.00047104
-0.00010031
0.00138388
0.00001695
-0.00058216
0.00090157
0.00071199
0.00031423
-0.00036152
0.00107284
-0.00075821
0.00039870
0.00032287
-0.00075849
-0.00085906
0.00092110
0.00053828
-0.00006584
-0.00094567
-0.00121552
0.00152622
0.00222996
0.00118478
-0.00005145
0.00107691
0.00041958
0.00146975
0.00058631
0.00158860
0.00129735
0.00108356
-0.00033601
-0.00023514
-0.00018567
0.00221293
-0.03474251
0.00047148
-0.00100999
-0.00102929
-0.00027341
-0.00017596
0.00188342
-0.00133265
0.00214119
-0.00085762
-0.00019445
0.00031343
-0.00116826
0.00159167
0.00111104
0.00141508
0.00022383
-0.00149999
-0.00155346
0.00073581
-0.00030602
0.00086907
-0.00105116
0.00040251
0.00109761
0.00191925
-0.00076465
-0.00006897
-0.00143332
0.00037770
-0.00025343
0.00153172
-0.00006867
-0.00029261
0.00089017
0.00105928
0.00032603
-0.00070678
0.00142435
-0.00106297
0.00017068
0.00025569
-0.00067805
-0.00125963
0.00086903
0.00033217
-0.00016502
-0.00128503
-0.00096390
0.00153814
0.00217263
0.00089267
-0.00039534
0.00087930
0.00037876
0.00166778
0.00091329
0.00173441
0.00143990
0.00113754
-0.00053345
-0.00028180
-0.00070074
0.00247578
-0.03599504
0.00050323
-0.00097934
-0.00088277
-0.00038060
0.00008544
0.00173050
-0.00162840
0.00187193
-0.00063060
-0.00010363
0.00046302
-0.00106452
0.00174251
0.00141568
0.00145795
-0.00000862
-0.00131973
-0.00157983
0.00093077
0.00007317
0.00102784
-0.00111777
0.00074575
0.00127180
0.00212507
-0.00076244
-0.00031734
-0.00191974
0.00061314
-0.00037895
0.00114710
0.00005724
-0.00007848
0.00098951
0.00090564
0.00011403
-0.00056058
0.00128097
-0.00099051
0.00055055
-0.00008561
-0.00059929
-0.00096550
0.00083800
0.00059962
-0.00016620
-0.00063050
-0.00104056
0.00141511
0.00174586
0.00109042
-0.00047248
0.00065530
0.00043366
0.00148756
0.00077390
0.00137982
0.00138498
0.00089764
-0.00035431
-0.00021153
-0.00055342
0.00213602
-0.03516906
0.00066005
-0.00081247
-0.00091997
-0.00023431
0.00020034
0.00182225
-0.00131578
0.00172710
-0.00045658
0.00018352
0.00044775
-0.00116639
0.00146037
0.00145343
0.00150512
0.00031486
-0.00152476
-0.00141734
0.00090246
0.00018524
0.00093960
-0.00118728
0.00118785
0.00138011
0.00198501
-0.00077888
-0.00007965
-0.00149833
0.00051053
-0.00023758
0.00132151
0.00019806
-0.00021509
0.00077559
0.00093093
-0.00005772
-0.00060505
0.00117744
-0.00114544
0.00065823
0.00003727
-0.00080130
-0.00108536
0.00082080
0.00075149
-0.00042322
-0.00095983
-0.00126819
0.00153217
0.00166133
0.00099306
-0.00067927
0.00097557
0.00059886
0.00169142
0.00060818
0.00170577
0.00133890
0.00128527
-0.00041985
-0.00040475
-0.00062472
0.00251141
-0.03420997
0.00068408
-0.00044329
-0.00125293
-0.00008309
0.00029704
0.00192383
-0.00146444
0.00140652
-0.00042434
0.00005951
0.00058762
-0.00132921
0.00143519
0.00158185
0.00147499
0.00022881
-0.00170264
-0.00139272
0.00099522
0.00014176
0.00108954
-0.00111598
0.00111781
0.00144935
0.00209890
-0.00086074
-0.00020043
-0.00146561
0.00058366
-0.00017029
0.00147087
0.00004693
-0.00009148
0.00081688
0.00147572
0.00009769
0.00006565
0.00150861
-0.00094310
0.00074100
-0.00015578
-0.00035880
-0.00117191
0.00144480
0.00174003
-0.00030228
0.00407438
-0.00190350
0.00121518
0.00091589
0.00011652
-0.00015773
0.00038059
0.00135169
0.00194700
0.00042805
0.00151810
0.00094686
0.00037155
-0.00058796
-0.00004087
-0.00079413
0.00232426
-0.04503623
-0.00051751
-0.00073073
-0.00074569
0.00051032
-0.00031713
-0.00051843
-0.00101181
0.00049566
0.00037455
-0.00051228
0.00048683
-0.00121771
0.00026592
0.00116169
0.00140881
0.00020138
-0.00192278
-0.00151745
0.00095931
0.00108883
0.00151259
-0.00101932
0.00106545
0.00080766
0.00198251
-0.00137259
-0.00022676
0.00026477
0.00062407
0.00127018
0.00156902
0.00132928
-0.00069176
0.00087479
0.00094030
0.00020834
-0.00049356
0.00115611
-0.00081241
0.00080622
-0.00015959
-0.00076041
-0.00090343
0.00115625
0.00085089
-0.00029827
-0.00037153
-0.00137277
0.00148889
0.00154374
0.00067624
-0.00035412
0.00088753
0.00059527
0.00191515
0.00042852
0.00145629
0.00140475
0.00086413
-0.00035863
-0.00017635
-0.00075654
0.00254035
-0.03776636
0.00051362
-0.00071964
-0.00101725
-0.00020107
0.00013237
0.00140854
-0.00143001
0.00102559
-0.00006297
-0.00022508
0.00050604
-0.00099944
0.00111868
0.00145200
0.00135378
0.00009228
-0.00155567
-0.00141343
0.00089665
0.00007406
0.00107572
-0.00107310
0.00090948
0.00131707
0.00173780
-0.00083206
-0.00039907
-0.00124153
0.00059240
0.00011251
0.00147761
0.00039882
-0.00014881
0.00083308
0.00085021
0.00018677
-0.00044105
0.00103617
-0.00076477
0.00074829
-0.00029475
-0.00087801
-0.00067795
0.00099301
0.00064713
-0.00040600
-0.00067851
-0.00148144
0.00168482
0.00151921
0.00070931
-0.00055303
0.00104082
0.00047470
0.00196961
0.00028530
0.00136947
0.00121890
0.00117292
-0.00032390
-0.00013647
-0.00067501
0.00268349
-0.03568230
0.00060358
-0.00066308
-0.00091148
-0.00006386
0.00046494
0.00130496
-0.00140902
0.00112757
0.00000827
-0.00014532
0.00030089
-0.00089086
0.00106924
0.00141357
0.00134817
-0.00006502
-0.00150579
-0.00149999
0.00095086
-0.00008532
0.00080283
-0.00096716
0.00079285
0.00145399
0.00182052
-0.00094040
-0.00000825
-0.00123667
0.00041385
-0.00020978
0.00132621
0.00016770
-0.00013906
0.00070894
0.00098749
0.00012364
-0.00059173
0.00111338
-0.00082134
0.00100029
-0.00005500
-0.00073726
-0.00089445
0.00105667
0.00047877
-0.00055035
-0.00057615
-0.00160744
0.00160957
0.00136316
0.00065404
-0.00060509
0.00102319
0.00067042
0.00200799
0.00049598
0.00145940
0.00109854
0.00122076
-0.00054284
-0.00036126
-0.00055372
0.00277583
-0.03528158
0.00076759
-0.00066173
-0.00104447
0.00001108
0.00052554
0.00137591
-0.00143781
0.00095532
0.00018254
-0.00032414
0.00004782
-0.00056191
0.00086496
0.00127977
0.00132529
0.00012257
-0.00144817
-0.00169963
0.00092647
-0.00031592
0.00098814
-0.00092283
0.00091312
0.00145568
0.00189842
-0.00087707
-0.00010667
-0.00119671
0.00072327
-0.00026207
0.00116383
0.00014670
0.00003197
0.00070326
0.00103378
0.00007964
-0.00069061
0.00151347
-0.00114109
0.00091552
0.00011637
-0.00074640
-0.00068119
0.00091415
0.00034498
-0.00058734
-0.00101871
-0.00138578
0.00155650
0.00135630
0.00093452
-0.00054171
0.00092987
0.00053449
0.00221131
0.00028656
0.00157979
0.00124079
0.00161246
-0.00061601
-0.00082851
-0.00046538
0.00246733
-0.03347492
0.00076992
-0.00061732
-0.00100255
0.00032793
0.00057433
0.00100047
-0.00132528
0.00078177
0.00002064
-0.00059077
0.00014434
-0.00064769
0.00056329
0.00107447
0.00147798
0.00019452
-0.00154770
-0.00170767
0.00070046
-0.00042816
0.00102291
-0.00071249
0.00093874
0.00169032
0.00196314
-0.00099761
-0.00028194
-0.00121446
0.00065302
-0.00022717
0.00112665
0.00008186
0.00006507
0.00079356
0.00108547
0.00033763
-0.00041150
0.00130208
-0.00110147
0.00113034
0.00010407
-0.00032443
-0.00071305
0.00125493
0.00037797
-0.00067492
0.00062117
-0.00170365
0.00140984
0.00126999
0.00062591
-0.00031576
0.00079604
0.00099857
0.00210694
0.00038648
0.00151923
0.00098091
0.00128234
-0.00048310
-0.00052524
-0.00069376
0.00266058
-0.03722410
0.00041150
-0.00088536
-0.00080275
0.00037088
0.00026929
0.00012043
-0.00117731
0.00026647
0.00038812
-0.00076270
0.00019015
-0.00040876
-0.00012621
0.00097194
0.00127891
0.00023226
-0.00149830
-0.00171579
0.00064414
-0.00025947
0.00121057
-0.00055381
0.00078166
0.00143610
0.00211052
-0.00128173
-0.00053976
-0.00059083
0.00079739
0.00026174
0.00114198
0.00068244
-0.00024285
0.00091033
0.00120675
0.00022321
-0.00040010
0.00135220
-0.00119559
0.00096187
0.00019163
-0.00042828
-0.00056568
0.00075666
0.00062043
-0.00050051
-0.00001309
-0.00145218
0.00129142
0.00125045
0.00095415
-0.00035515
0.00093446
0.00085027
0.00189673
0.00031397
0.00150218
0.00104353
0.00128545
-0.00048230
-0.00049186
-0.00068710
0.00249838
-0.03412171
0.00044006
-0.00070959
-0.00073518
0.00024527
0.00047295
0.00061632
-0.00110775
0.00053492
-0.00007745
-0.00077681
0.00021746
-0.00051065
0.00036182
0.00107819
0.00129340
0.00008951
-0.00153069
-0.00165065
0.00060379
-0.00017886
0.00113854
-0.00050637
0.00067567
0.00169614
0.00184889
-0.00114204
-0.00013593
-0.00088826
0.00045712
0.00009632
0.00098744
0.00033500
0.00008955
0.00070296
0.00117580
0.00008106
-0.00028925
0.00129347
-0.00102487
0.00092456
0.00031835
-0.00034884
-0.00045238
0.00066944
0.00047989
-0.00072007
-0.00013288
-0.00148453
0.00122921
0.00114036
0.00095051
-0.00043578
0.00114979
0.00043435
0.00180718
0.00015222
0.00144560
0.00090645
0.00131784
-0.00034507
-0.00081066
-0.00069693
0.00249298
-0.03472016
0.00035379
-0.00056172
-0.00081326
0.00020690
0.00039106
0.00031755
-0.00128227
0.00030200
0.00013804
-0.00102080
0.00021616
-0.00038482
0.00037533
0.00094999
0.00114021
0.00021875
-0.00130159
-0.00170035
0.00052000
-0.00009752
0.00121573
-0.00058016
0.00074504
0.00155628
0.00189529
-0.00128958
-0.00037370
-0.00082631
0.00067406
-0.00003093
0.00073686
0.00034304
0.00022346
0.00076192
0.00124143
0.00037343
-0.00011764
0.00112762
-0.00103988
0.00109972
0.00024127
-0.00001901
-0.00052282
0.00102602
0.00055852
-0.00063160
0.00130964
-0.00174341
0.00111174
0.00112432
0.00067652
-0.00019469
0.00092461
0.00101337
0.00175840
0.00030938
0.00142469
0.00078160
0.00097400
-0.00029693
-0.00036752
-0.00089738
0.00265458
-0.03793784
0.00007044
-0.00086959
-0.00058122
0.00024287
0.00017708
-0.00028932
-0.00104223
-0.00002578
0.00037587
-0.00101452
0.00026423
-0.00022337
-0.00022355
0.00095253
0.00104697
0.00017781
-0.00134841
-0.00167197
0.00053556
0.00001374
0.00134139
-0.00043202
0.00055093
0.00139873
0.00196503
-0.00144311
-0.00049223
-0.00033887
0.00070171
0.00048500
0.00087891
0.00085059
-0.00011972
0.00082720
0.00120507
0.00027143
-0.00024503
0.00130554
-0.00102099
0.00107915
0.00030488
0.00000882
-0.00055709
0.00069559
0.00081271
-0.00078751
0.00006745
-0.00149874
0.00112608
0.00120411
0.00089442
-0.00035128
0.00101307
0.00057263
0.00170151
0.00039546
0.00126189
0.00058472
0.00099963
-0.00046827
-0.00067452
-0.00083177
0.00232915
-0.03594947
0.00001034
-0.00082136
-0.00054989
0.00012473
0.00023887
-0.00011814
-0.00096716
0.00028819
0.00005999
-0.00099726
0.00019911
-0.00033046
0.00032199
0.00076354
0.00113429
-0.00010036
-0.00134418
-0.00190158
0.00066407
0.00002185
0.00119884
-0.00043029
0.00079495
0.00142218
0.00173340
-0.00149178
-0.00011470
-0.00064950
0.00032005
0.00018981
0.00060472
0.00042478
0.00016598
0.00076643
0.00129442
0.00031320
-0.00047791
0.00128709
-0.00102833
0.00093040
0.00027232
-0.00017807
-0.00063936
0.00050645
0.00077587
-0.00103141
-0.00022352
-0.00167781
0.00095882
0.00125100
0.00101007
-0.00037140
0.00092395
0.00040521
0.00153293
0.00034054
0.00120006
0.00055406
0.00115405
-0.00039601
-0.00070427
-0.00085634
0.00242061
-0.03467997
0.00012505
-0.00086263
-0.00072392
0.00005766
0.00033561
0.00041702
-0.00093120
0.00031612
-0.00010799
-0.00102759
0.00030033
-0.00041974
0.00045709
0.00061598
0.00115503
0.00002148
-0.00126941
-0.00187897
0.00048803
0.00004954
0.00121435
-0.00063129
0.00057875
0.00144622
0.00164565
-0.00128788
-0.00014422
-0.00074789
0.00051865
0.00010480
0.00052919
0.00015805
0.00025608
0.00069103
0.00143831
0.00058861
-0.00053978
0.00113732
-0.00107375
0.00102715
0.00014282
-0.00005705
-0.00082333
0.00075710
0.00080582
-0.00113976
0.00088336
-0.00205733
0.00079465
0.00129360
0.00081369
-0.00021150
0.00068021
0.00084862
0.00143220
0.00052487
0.00118840
0.00042011
0.00097450
-0.00031318
-0.00034132
-0.00110399
0.00265088
-0.03693732
0.00001470
-0.00119218
-0.00074260
0.00005585
0.00020439
0.00018825
-0.00073903
0.00003031
0.00006560
-0.00102569
0.00041300
-0.00037348
0.00000779
0.00054174
0.00108538
0.00011333
-0.00126232
-0.00185201
0.00041422
0.00018317
0.00138532
-0.00063501
0.00030539
0.00131942
0.00174355
-0.00128754
-0.00029573
-0.00036341
0.00074393
0.00051915
0.00067186
0.00051185
-0.00002484
0.00073068
0.00139450
0.00032231
-0.00030780
0.00113086
-0.00092229
0.00096954
0.00022064
-0.00005375
-0.00071127
0.00047055
0.00088316
-0.00102576
0.00048401
-0.00171128
0.00102919
0.00115064
0.00104388
-0.00023309
0.00094257
0.00050435
0.00157812
0.00045921
0.00117918
0.00043305
0.00079008
-0.00055553
-0.00047562
-0.00087636
0.00245966
-0.03561287
-0.00006678
-0.00092156
-0.00072655
0.00003619
0.00009002
0.00006333
-0.00087439
0.00044472
0.00004173
-0.00121498
0.00042244
-0.00064314
0.00038091
0.00055273
0.00109040
0.00002519
-0.00147917
-0.00164863
0.00056924
0.00023789
0.00110205
-0.00076910
0.00055380
0.00125516
0.00139591
-0.00114444
-0.00014706
-0.00068131
0.00057543
0.00048358
0.00054838
0.00039096
0.00023876
0.00066515
0.00134176
0.00031241
-0.00046857
0.00111837
-0.00080273
0.00079921
0.00022024
-0.00023576
-0.00081589
0.00053673
0.00089912
-0.00098157
0.00052164
-0.00145462
0.00086794
0.00108373
0.00113102
-0.00020800
0.00089427
0.00065683
0.00153026
0.00057640
0.00124755
0.00058843
0.00074596
-0.00076806
-0.00031635
-0.00080107
0.00248439
-0.03489500
0.00011787
-0.00089257
-0.00084384
0.00011181
0.00017396
0.00023244
-0.00089103
0.00031335
0.00001390
-0.00105083
0.00028867
-0.00077903
0.00023184
0.00060634
0.00117552
0.00000312
-0.00147713
-0.00159516
0.00064255
0.00036123
0.00104352
-0.00081649
0.00040174
0.00118140
0.00144665
-0.00117693
-0.00019313
-0.00070386
0.00055569
0.00037893
0.00058779
0.00035431
0.00011510
0.00058272
0.00139367
0.00044445
-0.00046015
0.00093395
-0.00078155
0.00086843
0.00011980
-0.00010523
-0.00089839
0.00078504
0.00092007
-0.00101043
0.00159816
-0.00162811
0.00071819
0.00101586
0.00097281
-0.00004530
0.00071471
0.00109426
0.00146451
0.00068579
0.00124775
0.00052788
0.00052200
-0.00078543
0.00004223
-0.00093340
0.00265811
-0.03704680
0.00005888
-0.00108568
-0.00083116
0.00014114
0.00009929
-0.00000461
-0.00070210
0.00000968
0.00020710
-0.00098168
0.00033448
-0.00077185
-0.00025526
0.00057799
0.00114635
0.00002264
-0.00153715
-0.00154099
0.00068140
0.00048790
0.00110613
-0.00080755
0.00021988
0.00108627
0.00153461
-0.00124344
-0.00034561
-0.00039279
0.00067700
0.00069574
0.00072029
0.00067026
-0.00016263
0.00059446
0.00139673
0.00037574
-0.00033446
0.00108413
-0.00082903
0.00087234
0.00018604
-0.00005863
-0.00084938
0.00067919
0.00085516
-0.00099783
0.00115842
-0.00166188
0.00079496
0.00108546
0.00109395
-0.00004286
0.00068211
0.00092880
0.00164239
0.00051782
0.00132428
0.00049159
0.00067797
-0.00066926
-0.00002164
-0.00096422
0.00251650
-0.03757156
0.00013254
-0.00108579
-0.00089060
0.00014332
0.00021054
0.00004935
-0.00088421
0.00009434
0.00012291
-0.00097346
0.00025322
-0.00076170
-0.00008487
0.00053401
0.00120558
0.00005678
-0.00145337
-0.00152424
0.00064073
0.00044306
0.00112180
-0.00077038
0.00018883
0.00116332
0.00152313
-0.00123195
-0.00030404
-0.00051926
0.00068006
0.00060982
0.00058139
0.00061132
-0.00008152
0.00054927
0.00124420
0.00042820
-0.00007342
0.00104871
-0.00076275
0.00082073
0.00026200
0.00007442
-0.00073501
0.00069356
0.00106903
-0.00095545
0.00180810
-0.00157923
0.00079364
0.00110165
0.00097818
0.00013647
0.00063994
0.00092095
0.00146153
0.00028077
0.00116739
0.00046513
0.00056690
-0.00057597
0.00000146
-0.00094994
0.00234806
-0.03822094
-0.00003647
-0.00102547
-0.00060010
0.00016995
0.00013253
0.00003205
-0.00092189
0.00035823
-0.00002756
-0.00110263
0.00041513
-0.00062669
0.00013023
0.00061565
0.00101794
0.00003580
-0.00161330
-0.00154317
0.00051584
0.00059509
0.00100308
-0.00055470
0.00026572
0.00118007
0.00160998
-0.00134986
-0.00021809
-0.00046962
0.00048338
0.00064614
0.00052173
0.00064928
-0.00009199
0.00054451
0.00121448
0.00041047
-0.00028713
0.00106173
-0.00065575
0.00065983
0.00025419
-0.00009005
-0.00078856
0.00060721
0.00105654
-0.00097978
0.00098039
-0.00165120
0.00063578
0.00121529
0.00105663
-0.00005490
0.00080956
0.00084091
0.00155887
0.00021825
0.00126876
0.00046939
0.00069920
-0.00064259
-0.00022878
-0.00098617
0.00236315
-0.03702305
0.00022952
-0.00088411
-0.00074138
0.00022458
0.00021298
0.00034610
-0.00099497
0.00038728
0.00016513
-0.00092704
0.00033633
-0.00065830
0.00025734
0.00046860
0.00104389
0.00008520
-0.00151848
-0.00149431
0.00041736
0.00051281
0.00093085
-0.00052047
0.00025525
0.00110826
0.00157156
-0.00120718
-0.00025899
-0.00043049
0.00054927
0.00047471
0.00044052
0.00052476
0.00001801
0.00059062
0.00112178
0.00033636
-0.00038466
0.00120158
-0.00059535
0.00062967
0.00019448
-0.00011587
-0.00104543
0.00053701
0.00094104
-0.00086417
0.00106372
-0.00157707
0.00062399
0.00127153
0.00108245
-0.00008631
0.00085711
0.00070657
0.00140460
0.00017921
0.00130068
0.00030995
0.00079806
-0.00078221
-0.00023525
-0.00098762
0.00233679
-0.03656383
0.00019921
-0.00088744
-0.00072026
0.00029092
0.00022712
0.00050496
-0.00085533
0.00058154
-0.00008157
-0.00073311
0.00029804
-0.00070840
0.00034657
0.00048487
0.00095348
0.00005793
-0.00145834
-0.00143313
0.00032728
0.00058582
0.00089653
-0.00046971
0.00017544
0.00103141
0.00152229
-0.00110730
-0.00016064
-0.00045295
0.00060032
0.00039268
0.00052071
0.00038386
0.00007378
0.00057511
0.00112762
0.00029149
-0.00052892
0.00123358
-0.00055101
0.00055206
0.00020487
-0.00012492
-0.00119114
0.00057104
0.00077643
-0.00090448
0.00093771
-0.00162810
0.00064148
0.00130172
0.00110421
-0.00013424
0.00087841
0.00071181
0.00160331
0.00027192
0.00148510
0.00029420
0.00093768
-0.00080678
-0.00018521
-0.00111445
0.00232041
-0.03684371
0.00024856
-0.00092968
-0.00086918
0.00029610
0.00036166
0.00042065
-0.00096642
0.00054328
0.00008637
-0.00072457
0.00021282
-0.00071378
0.00037493
0.00021629
0.00082347
0.00006816
-0.00148407
-0.00142059
0.00035395
0.00056246
0.00086075
-0.00050227
-0.00003602
0.00104049
0.00152573
-0.00111992
-0.00017568
-0.00037998
0.00065618
0.00024192
0.00049499
0.00037462
0.00011319
0.00055461
0.00111505
0.00035336
-0.00031925
0.00116415
-0.00053380
0.00057617
0.00011749
-0.00004796
-0.00117509
0.00068594
0.00078436
-0.00090716
0.00165870
-0.00155489
0.00069119
0.00125698
0.00093795
0.00004756
0.00079915
0.00082938
0.00159537
0.00028234
0.00143562
0.00038364
0.00080480
-0.00080857
0.00004404
-0.00116531
0.00226038
-0.03875677
0.00012181
-0.00097136
-0.00075468
0.00020435
0.00027729
0.00016008
-0.00096912
0.00032553
0.00018023
-0.00073449
0.00027952
-0.00073125
0.00028232
0.00023724
0.00085682
-0.00002008
-0.00148269
-0.00139685
0.00036836
0.00060284
0.00089404
-0.00050743
-0.00011718
0.00096440
0.00153414
-0.00116863
-0.00020228
-0.00022102
0.00057873
0.00035067
0.00051988
0.00060896
-0.00001783
0.00057573
0.00112925
0.00014277
-0.00032390
0.00124525
-0.00048562
0.00057131
0.00006189
-0.00010020
-0.00127056
0.00075436
0.00081793
-0.00084576
0.00105431
-0.00157027
0.00074652
0.00130586
0.00098414
0.00000592
0.00099272
0.00064139
0.00165736
0.00026776
0.00141371
0.00041779
0.00090973
-0.00080175
-0.00011072
-0.00110682
0.00219694
-0.03726598
0.00014024
-0.00091596
-0.00075527
0.00018873
0.00029112
0.00005210
-0.00096038
0.00029515
0.00027036
-0.00074668
0.00007965
-0.00079992
0.00040620
0.00028528
0.00088451
-0.00010199
-0.00141198
-0.00131833
0.00046083
0.00047156
0.00100512
-0.00046826
-0.00011157
0.00093873
0.00152603
-0.00115287
-0.00023055
-0.00038094
0.00050555
0.00024608
0.00053962
0.00044932
0.00004740
0.00053224
0.00123411
0.00035787
-0.00023250
0.00136838
-0.00041709
0.00048906
0.00012734
-0.00009940
-0.00133351
0.00085992
0.00070550
-0.00082174
0.00097973
-0.00161700
0.00061643
0.00128025
0.00089618
-0.00004856
0.00095165
0.00071840
0.00170720
0.00042801
0.00135515
0.00034342
0.00082398
-0.00076082
-0.00015423
-0.00121856
0.00233281
-0.03711868
0.00009453
-0.00091075
-0.00071059
0.00011848
0.00038533
0.00020841
-0.00090290
0.00023572
0.00028667
-0.00074926
0.00025819
-0.00079974
0.00038616
0.00026064
0.00085660
0.00004946
-0.00140405
-0.00119437
0.00056906
0.00048526
0.00108167
-0.00043373
-0.00020953
0.00094980
0.00154020
-0.00125369
-0.00029357
-0.00036243
0.00052329
0.00020242
0.00056130
0.00033762
-0.00001394
0.00043967
0.00132392
0.00042467
-0.00025797
0.00136939
-0.00031488
0.00045645
0.00015246
-0.00019172
-0.00145721
0.00090302
0.00052212
-0.00076956
0.00077672
-0.00160000
0.00060724
0.00129339
0.00084893
-0.00012257
0.00089016
0.00073091
0.00176229
0.00049452
0.00138385
0.00034667
0.00085841
-0.00075376
-0.00022066
-0.00130847
0.00232409
-0.03714512
0.00023631
-0.00083952
-0.00079488
0.00006456
0.00058503
0.00043508
-0.00100079
0.00011646
0.00033673
-0.00079007
0.00028109
-0.00073654
0.00041432
0.00016056
0.00084094
0.00016290
-0.00133544
-0.00110149
0.00058622
0.00042964
0.00117036
-0.00042013
-0.00033627
0.00104702
0.00151707
-0.00127384
-0.00035872
-0.00043589
0.00062868
0.00018403
0.00054700
0.00018723
0.00002571
0.00039296
0.00146539
0.00043059
-0.00013283
0.00136861
-0.00041340
0.00049211
0.00017864
-0.00014363
-0.00120262
0.00089310
0.00058710
-0.00082959
0.00089542
-0.00152873
0.00080500
0.00129158
0.00085772
-0.00010357
0.00083850
0.00067345
0.00172267
0.00044077
0.00139777
0.00027656
0.00077601
-0.00061344
-0.00014436
-0.00121729
0.00232238
-0.03728530
0.00025613
-0.00091992
-0.00071399
0.00007752
0.00050197
0.00060445
-0.00111725
0.00017205
0.00018826
-0.00082385
0.00035206
-0.00061983
0.00051424
0.00011316
0.00093937
0.00001655
-0.00136382
-0.00124699
0.00060974
0.00043448
0.00114154
-0.00034004
-0.00011403
0.00101574
0.00156896
-0.00145114
-0.00042586
-0.00052895
0.00057098
0.00019947
0.00057978
0.00030686
0.00010348
0.00044868
0.00199925
0.00065752
0.00010641
0.00175042
-0.00027099
0.00039043
0.00008936
-0.00009307
-0.00125649
0.00116622
0.00071247
-0.00072581
0.00294730
-0.00166737
0.00078455
0.00097640
0.00040896
0.00012545
0.00042695
0.00090608
0.00195226
0.00054029
0.00133901
0.00003631
0.00033345
-0.00076900
0.00015193
-0.00130436
0.00228500
-0.04196227
-0.00011934
-0.00122941
-0.00046456
0.00021467
0.00047964
0.00009746
-0.00095280
-0.00013683
0.00035323
-0.00105849
0.00032183
-0.00043503
0.00019995
-0.00034244
0.00104119
-0.00008679
-0.00136754
-0.00139476
0.00067217
0.00073270
0.00130896
-0.00029197
-0.00029068
0.00079458
0.00143286
-0.00170306
-0.00039819
-0.00002494
0.00063115
0.00060682
0.00060141
0.00068575
-0.00003183
0.00036469
0.00156594
0.00052075
0.00008181
0.00131853
-0.00033549
0.00054826
0.00012268
-0.00000029
-0.00112403
0.00097254
0.00070168
-0.00070671
0.00200360
-0.00155321
0.00070196
0.00120291
0.00069034
0.00017953
0.00071982
0.00087391
0.00173440
0.00031938
0.00130596
0.00034471
0.00050820
-0.00055338
0.00008721
-0.00122186
0.00225447
-0.03992709
0.00006781
-0.00099962
-0.00048136
0.00007581
0.00021229
0.00024465
-0.00108869
0.00012372
0.00023262
-0.00086120
0.00041091
-0.00057138
0.00041805
0.00006429
0.00092727
-0.00009404
-0.00136846
-0.00122291
0.00062590
0.00054205
0.00113853
-0.00031629
-0.00011960
0.00090853
0.00146702
-0.00148274
-0.00048248
-0.00031797
0.00050645
0.00043317
0.00058572
0.00053887
-0.00006095
0.00048025
0.00146164
0.00053407
-0.00007762
0.00130161
-0.00022042
0.00041733
0.00003102
-0.00009330
-0.00118081
0.00094385
0.00057867
-0.00078622
0.00118289
-0.00157352
0.00068256
0.00115776
0.00069608
0.00002082
0.00080196
0.00066369
0.00169188
0.00040145
0.00146432
0.00037659
0.00071048
-0.00060170
-0.00017489
-0.00125261
0.00225440
-0.03802330
0.00030356
-0.00084355
-0.00054792
0.00011900
0.00030398
0.00039322
-0.00109587
0.00008245
0.00034508
-0.00091480
0.00028146
-0.00066175
0.00036960
0.00011708
0.00089101
-0.00004877
-0.00139085
-0.00111832
0.00069697
0.00045641
0.00113887
-0.00035338
-0.00003457
0.00091464
0.00133322
-0.00130667
-0.00048930
-0.00064579
0.00066015
0.00035104
0.00049587
0.00033620
-0.00011721
0.00046899
0.00145521
0.00054030
-0.00016162
0.00114869
-0.00022921
0.00048985
0.00001180
-0.00012175
-0.00123609
0.00104920
0.00062366
-0.00071789
0.00097235
-0.00162175
0.00078100
0.00122706
0.00065722
-0.00004815
0.00076287
0.00069143
0.00167608
0.00039351
0.00141845
0.00039952
0.00078153
-0.00069746
-0.00015940
-0.00126266
0.00226715
-0.03720970
0.00030398
-0.00090965
-0.00042238
0.00010660
0.00035130
0.00029512
-0.00116360
0.00006431
0.00045619
-0.00091090
0.00028055
-0.00069528
0.00026285
0.00019382
0.00074563
-0.00023417
-0.00148147
-0.00119336
0.00078051
0.00047446
0.00130635
-0.00042839
-0.00011140
0.00085485
0.00134102
-0.00122972
-0.00048247
-0.00062002
0.00060055
0.00040113
0.00032257
0.00029567
-0.00013226
0.00046091
0.00148515
0.00058304
-0.00035137
0.00115966
-0.00026861
0.00050297
0.00006240
-0.00019366
-0.00142429
0.00085579
0.00050934
-0.00078595
0.00060776
-0.00157246
0.00071325
0.00129068
0.00072524
-0.00012551
0.00078781
0.00061445
0.00168527
0.00053775
0.00142893
0.00038325
0.00087255
-0.00077616
-0.00027791
-0.00140158
0.00228577
-0.03671846
0.00038427
-0.00090483
-0.00048944
0.00009850
0.00050635
0.00076563
-0.00123203
0.00015573
0.00042869
-0.00087655
0.00030492
-0.00064662
0.00035805
0.00006917
0.00082195
-0.00025891
-0.00135131
-0.00125477
0.00086265
0.00043454
0.00140138
-0.00041653
-0.00006360
0.00095116
0.00131260
-0.00140174
-0.00040224
-0.00064130
0.00055815
0.00042162
0.00031445
0.00018756
-0.00012270
0.00047618
0.00144711
0.00052703
-0.00036744
0.00116939
-0.00028427
0.00054423
0.00005570
-0.00020939
-0.00154602
0.00091190
0.00051130
-0.00078762
0.00056866
-0.00145485
0.00077001
0.00136279
0.00068770
-0.00008452
0.00081267
0.00062137
0.00167507
0.00056102
0.00141739
0.00044187
0.00086039
-0.00080459
-0.00026269
-0.00145330
0.00217761
-0.03706800
0.00036798
-0.00089871
-0.00040752
0.00007975
0.00050391
0.00081064
-0.00130855
0.00013733
0.00037087
-0.00087097
0.00033153
-0.00056016
0.00035997
0.00006454
0.00091698
-0.00019903
-0.00127357
-0.00128903
0.00086439
0.00040045
0.00136066
-0.00035890
-0.00010317
0.00091278
0.00121647
-0.00148158
-0.00044862
-0.00067160
0.00059494
0.00050185
0.00027267
0.00020623
-0.00016668
0.00042286
0.00141699
0.00036771
-0.00028583
0.00118256
-0.00031727
0.00063639
0.00012858
-0.00014920
-0.00141285
0.00089404
0.00056654
-0.00071050
0.00082398
-0.00143926
0.00059726
0.00144429
0.00080591
-0.00002391
0.00068018
0.00067147
0.00162703
0.00059116
0.00130974
0.00042657
0.00074449
-0.00088100
-0.00016669
-0.00148545
0.00213911
-0.03752383
0.00026161
-0.00094584
-0.00037750
0.00013503
0.00050423
0.00048820
-0.00119422
0.00019352
0.00028409
-0.00079379
0.00036020
-0.00057603
0.00027686
0.00012489
0.00102073
-0.00020708
-0.00130369
-0.00127079
0.00087405
0.00050667
0.00140236
-0.00038580
-0.00007397
0.00096309
0.00123446
-0.00148246
-0.00038053
-0.00064846
0.00051959
0.00049148
0.00031028
0.00024493
-0.00017127
0.00043191
0.00156809
0.00044001
-0.00036106
0.00116657
-0.00027215
0.00065987
0.00010592
-0.00011904
-0.00161289
0.00095595
0.00042833
-0.00073036
0.00126186
-0.00146983
0.00047175
0.00148313
0.00071867
0.00003805
0.00055689
0.00077167
0.00161522
0.00077342
0.00130164
0.00028958
0.00066003
-0.00100427
-0.00003786
-0.00172217
0.00216393
-0.03857361
0.00023022
-0.00110220
-0.00031364
0.00016376
0.00060565
0.00051722
-0.00112906
0.00003267
0.00034042
-0.00078459
0.00042605
-0.00049462
0.00006552
-0.00010707
0.00103038
-0.00028428
-0.00122217
-0.00127034
0.00099424
0.00057498
0.00156755
-0.00034062
-0.00026056
0.00091219
0.00113610
-0.00165502
-0.00041293
-0.00052554
0.00057849
0.00067768
0.00028926
0.00030775
-0.00028436
0.00039530
0.00137591
0.00036221
-0.00019941
0.00125393
-0.00035267
0.00066035
0.00016200
-0.00003095
-0.00135197
0.00089534
0.00061558
-0.00066886
0.00102139
-0.00137096
0.00064756
0.00148882
0.00075468
0.00001447
0.00068283
0.00070303
0.00163383
0.00069066
0.00119148
0.00043596
0.00068083
-0.00091409
-0.00013621
-0.00152902
0.00210944
-0.03791983
0.00020274
-0.00085736
-0.00032046
0.00017314
0.00042953
0.00019823
-0.00121891
0.00021942
0.00029566
-0.00080736
0.00042652
-0.00051722
0.00033749
0.00022504
0.00088769
-0.00014792
-0.00134371
-0.00127857
0.00092445
0.00042526
0.00129279
-0.00033325
0.00002277
0.00109046
0.00128984
-0.00148645
-0.00038656
-0.00063570
0.00041590
0.00053613
0.00038001
0.00026693
-0.00017872
0.00050037
0.00154786
0.00045127
-0.00028998
0.00126889
-0.00029154
0.00066869
0.00015479
0.00000722
-0.00157744
0.00094745
0.00044203
-0.00068926
0.00143164
-0.00140080
0.00053076
0.00153340
0.00065562
0.00006003
0.00058335
0.00079784
0.00160290
0.00090631
0.00118283
0.00027474
0.00061133
-0.00104317
-0.00003358
-0.00176872
0.00214192
-0.03872648
0.00019903
-0.00098582
-0.00026972
0.00018635
0.00054299
0.00028030
-0.00115584
0.00010202
0.00035235
-0.00079525
0.00050591
-0.00042775
0.00017275
-0.00000343
0.00085760
-0.00018630
-0.00126963
-0.00128098
0.00104078
0.00046759
0.00142562
-0.00026581
-0.00015774
0.00106306
0.00121670
-0.00162532
-0.00042521
-0.00052691
0.00049350
0.00069205
0.00038249
0.00029574
-0.00026251
0.00046952
0.00149771
0.00039217
-0.00019873
0.00131179
-0.00033684
0.00066908
0.00016640
0.00002058
-0.00149129
0.00091259
0.00047061
-0.00068728
0.00115428
-0.00144306
0.00058511
0.00153653
0.00076012
0.00005445
0.00056954
0.00074609
0.00171267
0.00075811
0.00125028
0.00030949
0.00069275
-0.00093876
-0.00002977
-0.00171760
0.00209418
-0.03892785
0.00026477
-0.00097437
-0.00035654
0.00019371
0.00056439
0.00026432
-0.00125931
0.00012884
0.00031952
-0.00076646
0.00041560
-0.00048636
0.00023852
0.00006833
0.00091040
-0.00014137
-0.00125573
-0.00123950
0.00098330
0.00046607
0.00139433
-0.00028551
-0.00015327
0.00108680
0.00125828
-0.00156538
-0.00042376
-0.00060784
0.00051153
0.00062838
0.00032206
0.00030177
-0.00023575
0.00044593
0.00132475
0.00038923
0.00003717
0.00127834
-0.00037497
0.00064661
0.00009223
0.00021286
-0.00126160
0.00093018
0.00064844
-0.00072935
0.00138381
-0.00139958
0.00061199
0.00146931
0.00081615
0.00017788
0.00065111
0.00079822
0.00156095
0.00071400
0.00112041
0.00041328
0.00056714
-0.00077641
0.00014359
-0.00156158
0.00207174
-0.03937921
0.00013340
-0.00093733
-0.00032391
0.00014212
0.00034578
0.00003904
-0.00132882
0.00025110
0.00019603
-0.00077218
0.00050148
-0.00055320
0.00016161
0.00023889
0.00088563
-0.00014428
-0.00133206
-0.00117160
0.00096786
0.00051170
0.00122329
-0.00030328
-0.00010427
0.00110685
0.00128711
-0.00159295
-0.00045005
-0.00058233
0.00050113
0.00056796
0.00048420
0.00027117
-0.00029884
0.00043162
0.00135468
0.00031017
-0.00001422
0.00135593
-0.00033897
0.00067473
0.00006300
0.00015631
-0.00134805
0.00087207
0.00066131
-0.00073457
0.00148546
-0.00146879
0.00057492
0.00143964
0.00092049
0.00019501
0.00060513
0.00072436
0.00156393
0.00073440
0.00099094
0.00040513
0.00056050
-0.00083423
0.00003644
-0.00152577
0.00218810
-0.03864140
0.00017966
-0.00091951
-0.00031873
0.00010384
0.00024793
0.00016099
-0.00133012
0.00023818
0.00016886
-0.00079332
0.00053876
-0.00054628
0.00023377
0.00022040
0.00089254
-0.00013004
-0.00132930
-0.00119286
0.00094566
0.00049518
0.00118351
-0.00037482
0.00001504
0.00103908
0.00122273
-0.00158746
-0.00035459
-0.00053390
0.00047455
0.00054990
0.00049074
0.00020852
-0.00023683
0.00043279
0.00141522
0.00023364
-0.00008438
0.00134537
-0.00031331
0.00055349
0.00010067
0.00017604
-0.00132195
0.00084210
0.00057177
-0.00077956
0.00138029
-0.00142683
0.00056698
0.00146097
0.00095744
0.00012643
0.00060073
0.00066109
0.00154023
0.00079564
0.00095542
0.00042849
0.00058240
-0.00076389
-0.00004974
-0.00148118
0.00216374
-0.03864789
0.00023279
-0.00086615
-0.00035928
0.00004769
0.00030767
0.00006561
-0.00138830
0.00016181
0.00027466
-0.00087435
0.00058110
-0.00056927
0.00026482
0.00017295
0.00085821
0.00000104
-0.00116091
-0.00111009
0.00105106
0.00050756
0.00116443
-0.00039012
-0.00002663
0.00114192
0.00122686
-0.00163486
-0.00038817
-0.00063811
0.00059919
0.00048189
0.00046030
0.00006949
-0.00023037
0.00046375
0.00137053
0.00025088
-0.00011339
0.00129323
-0.00026006
0.00050362
0.00008926
0.00015441
-0.00125157
0.00079039
0.00054107
-0.00079305
0.00115289
-0.00139871
0.00055535
0.00153395
0.00092867
0.00011404
0.00059679
0.00069318
0.00152682
0.00080259
0.00101491
0.00045759
0.00069089
-0.00079421
-0.00000771
-0.00151505
0.00223477
-0.03803934
0.00021853
-0.00084840
-0.00034069
0.00019931
0.00034861
-0.00007898
-0.00131026
0.00009917
0.00028556
-0.00081086
0.00063796
-0.00058144
0.00027690
0.00012795
0.00091791
0.00009426
-0.00117626
-0.00107887
0.00095223
0.00055253
0.00112728
-0.00038409
-0.00005585
0.00109199
0.00118900
-0.00157827
-0.00037277
-0.00065508
0.00057610
0.00050783
0.00043892
0.00001084
-0.00027303
0.00043626
0.00142965
0.00026453
-0.00019394
0.00130009
-0.00016500
0.00036439
0.00008887
0.00012352
-0.00144361
0.00081357
0.00040682
-0.00080543
0.00088185
-0.00135002
0.00053066
0.00154137
0.00088420
-0.00000119
0.00058868
0.00063493
0.00159307
0.00097814
0.00106597
0.00048737
0.00078738
-0.00083749
-0.00002454
-0.00166773
0.00219789
-0.03790262
0.00029317
-0.00082196
-0.00035363
0.00022353
0.00047185
0.00003009
-0.00144898
0.00009468
0.00029349
-0.00069318
0.00060762
-0.00054358
0.00030713
0.00013530
0.00084372
0.00013994
-0.00108610
-0.00104058
0.00101674
0.00056109
0.00117306
-0.00036235
-0.00001208
0.00105159
0.00109793
-0.00161875
-0.00045226
-0.00076998
0.00065088
0.00036448
0.00041202
-0.00003050
-0.00020344
0.00045576
0.00139597
0.00031480
-0.00005049
0.00124651
-0.00017572
0.00041827
0.00002983
0.00017628
-0.00143552
0.00087934
0.00043830
-0.00081222
0.00148639
-0.00129969
0.00059293
0.00148606
0.00077708
0.00014175
0.00052651
0.00073709
0.00159688
0.00095136
0.00105076
0.00053770
0.00068143
-0.00083770
0.00015463
-0.00168383
0.00215308
-0.03946113
0.00016827
-0.00088027
-0.00028242
0.00014587
0.00039058
-0.00014239
-0.00142857
-0.00004303
0.00034496
-0.00072076
0.00062877
-0.00055172
0.00023509
0.00013062
0.00087081
0.00006965
-0.00110611
-0.00106640
0.00097798
0.00060107
0.00117688
-0.00036346
-0.00007125
0.00098520
0.00112559
-0.00166195
-0.00045358
-0.00060943
0.00058117
0.00045748
0.00042132
0.00018534
-0.00029096
0.00047239
0.00132060
0.00028256
0.00003547
0.00111746
-0.00022751
0.00042944
0.00000069
0.00024170
-0.00129375
0.00092978
0.00054197
-0.00077385
0.00177620
-0.00133595
0.00061243
0.00144975
0.00075523
0.00021021
0.00050591
0.00077385
0.00156011
0.00096015
0.00096242
0.00059828
0.00056788
-0.00080138
0.00026747
-0.00165673
0.00211143
-0.03996873
0.00009331
-0.00085021
-0.00025526
0.00009983
0.00033433
-0.00010957
-0.00137940
-0.00006277
0.00035003
-0.00072516
0.00059861
-0.00048140
0.00016680
0.00020070
0.00086647
0.00005645
-0.00114250
-0.00109377
0.00099491
0.00058509
0.00114131
-0.00039768
-0.00003819
0.00100351
0.00108018
-0.00170617
-0.00042010
-0.00052727
0.00053747
0.00052682
0.00040581
0.00024914
-0.00031476
0.00051597
0.00128033
0.00022398
-0.00008290
0.00115906
-0.00020010
0.00032120
-0.00001008
0.00014268
-0.00132990
0.00085988
0.00040412
-0.00079766
0.00108685
-0.00133384
0.00065718
0.00149735
0.00074193
0.00016880
0.00057010
0.00060019
0.00156567
0.00102158
0.00093814
0.00066105
0.00068761
-0.00085119
0.00014831
-0.00164830
0.00208231
-0.03874973
0.00021211
-0.00076381
-0.00033918
0.00011600
0.00041812
-0.00001357
-0.00139277
-0.00010310
0.00038839
-0.00067870
0.00059753
-0.00047547
0.00014630
0.00027033
0.00080893
0.00009939
-0.00102071
-0.00102735
0.00101459
0.00051745
0.00117168
-0.00047657
-0.00004097
0.00109706
0.00107836
-0.00165759
-0.00042393
-0.00062736
0.00056343
0.00044792
0.00036189
0.00017789
-0.00024786
0.00052640
0.00115156
0.00019002
-0.00012963
0.00120787
-0.00019827
0.00030757
-0.00003550
0.00011316
-0.00127826
0.00079632
0.00036521
-0.00077050
0.00098007
-0.00137518
0.00070648
0.00142875
0.00080908
0.00017928
0.00062917
0.00050391
0.00158440
0.00097261
0.00093379
0.00070414
0.00069422
-0.00074627
0.00007142
-0.00154421
0.00210380
-0.03823478
0.00028062
-0.00076947
-0.00038633
0.00010029
0.00036296
0.00010537
-0.00135978
-0.00002142
0.00038507
-0.00068804
0.00055441
-0.00043092
0.00023977
0.00032238
0.00076415
0.00007894
-0.00098125
-0.00100843
0.00105246
0.00049617
0.00111664
-0.00058108
-0.00005067
0.00105939
0.00114225
-0.00155042
-0.00046465
-0.00066621
0.00058386
0.00045214
0.00041083
0.00026170
-0.00023022
0.00052631
0.00115048
0.00011972
-0.00018312
0.00119135
-0.00022277
0.00025431
-0.00004496
-0.00004370
-0.00124098
0.00073201
0.00035167
-0.00075490
0.00062305
-0.00135096
0.00068478
0.00145047
0.00081860
0.00005770
0.00056658
0.00040301
0.00159509
0.00109938
0.00091044
0.00075384
0.00083478
-0.00077102
-0.00014862
-0.00153444
0.00215878
-0.03701009
0.00039020
-0.00078523
-0.00046561
0.00015610
0.00039702
0.00013008
-0.00132254
0.00000741
0.00041408
-0.00064601
0.00051585
-0.00047581
0.00031849
0.00022194
0.00071225
0.00011439
-0.00098526
-0.00094486
0.00107448
0.00055050
0.00116708
-0.00063504
-0.00007168
0.00121210
0.00116927
-0.00146737
-0.00053368
-0.00074766
0.00063512
0.00034526
0.00043406
0.00015572
-0.00023624
0.00059758
0.00112304
0.00004001
-0.00024770
0.00123596
-0.00019704
0.00027717
-0.00001308
-0.00004844
-0.00130727
0.00071047
0.00037474
-0.00076223
0.00029869
-0.00133446
0.00069760
0.00147564
0.00073341
-0.00002920
0.00058438
0.00032540
0.00153190
0.00121786
0.00085562
0.00074611
0.00092551
-0.00084165
-0.00018996
-0.00166213
0.00209538
-0.03710418
0.00049330
-0.00086872
-0.00052088
0.00007839
0.00050519
0.00013100
-0.00142670
-0.00002743
0.00037047
-0.00062062
0.00044531
-0.00049214
0.00030677
0.00012326
0.00068728
0.00016526
-0.00093158
-0.00087454
0.00112197
0.00063501
0.00114778
-0.00058044
-0.00020878
0.00122232
0.00121961
-0.00146416
-0.00064836
-0.00080124
0.00068359
0.00032502
0.00050470
0.00003977
-0.00014078
0.00057547
0.00109817
0.00012028
-0.00002260
0.00121833
-0.00025268
0.00038027
-0.00004180
0.00010652
-0.00116347
0.00073592
0.00052072
-0.00073458
0.00052284
-0.00139558
0.00065715
0.00141031
0.00076850
0.00006131
0.00054721
0.00046278
0.00148229
0.00110400
0.00085408
0.00069680
0.00074776
-0.00079630
-0.00003788
-0.00155004
0.00210958
-0.03801828
0.00036688
-0.00085576
-0.00045423
-0.00003092
0.00036130
-0.00000434
-0.00130766
-0.00001505
0.00033176
-0.00063952
0.00038163
-0.00055146
0.00033191
0.00023689
0.00075846
0.00009573
-0.00102056
-0.00092719
0.00109259
0.00070289
0.00110247
-0.00056652
-0.00014000
0.00114239
0.00125218
-0.00146172
-0.00062727
-0.00065089
0.00065430
0.00043321
0.00050531
0.00023893
-0.00028304
0.00065113
0.00114678
0.00014743
-0.00010638
0.00124804
-0.00029061
0.00044099
-0.00007471
-0.00000026
-0.00117363
0.00074444
0.00053367
-0.00076903
0.00054758
-0.00139422
0.00062752
0.00144716
0.00070611
0.00003395
0.00064070
0.00048550
0.00150411
0.00115671
0.00091535
0.00067229
0.00076882
-0.00081259
-0.00013015
-0.00152219
0.00212750
-0.03734707
0.00040445
-0.00082851
-0.00046309
0.00002453
0.00041390
-0.00002388
-0.00130684
0.00001930
0.00033526
-0.00057778
0.00042615
-0.00057423
0.00039141
0.00027103
0.00074788
0.00012865
-0.00095253
-0.00090047
0.00109027
0.00068103
0.00112011
-0.00054114
-0.00017582
0.00112073
0.00125269
-0.00138002
-0.00063161
-0.00072991
0.00059939
0.00039156
0.00047733
0.00017283
-0.00025287
0.00066004
0.00116084
0.00008822
-0.00015121
0.00129316
-0.00024172
0.00034196
-0.00002545
-0.00008901
-0.00124753
0.00065328
0.00048019
-0.00070229
0.00014408
-0.00142670
0.00064824
0.00148910
0.00077575
-0.00011429
0.00072847
0.00040150
0.00157869
0.00117018
0.00087289
0.00063735
0.00087029
-0.00080724
-0.00029699
-0.00147838
0.00206307
-0.03662793
0.00046925
-0.00080409
-0.00049050
0.00005819
0.00043606
0.00001928
-0.00129835
0.00003662
0.00032517
-0.00060008
0.00039732
-0.00064170
0.00047038
0.00020347
0.00080502
0.00020250
-0.00088198
-0.00088969
0.00109428
0.00063676
0.00116305
-0.00056555
-0.00025438
0.00110070
0.00129470
-0.00144765
-0.00065080
-0.00085369
0.00066554
0.00036978
0.00046631
0.00010949
-0.00019153
0.00063424
0.00113722
0.00019775
-0.00012670
0.00126692
-0.00021295
0.00034255
0.00007894
-0.00009015
-0.00126832
0.00067131
0.00049122
-0.00068050
0.00006079
-0.00143001
0.00068456
0.00150949
0.00072875
-0.00011532
0.00061595
0.00055102
0.00158221
0.00110235
0.00092697
0.00053706
0.00090062
-0.00079135
-0.00032652
-0.00146968
0.00213523
-0.03683782
0.00041371
-0.00078387
-0.00040669
0.00012673
0.00041242
0.00019038
-0.00132090
0.00002794
0.00027368
-0.00057264
0.00043657
-0.00065650
0.00040920
0.00023216
0.00081676
0.00017151
-0.00097353
-0.00092257
0.00093994
0.00061177
0.00116526
-0.00055737
-0.00023836
0.00112804
0.00138242
-0.00149902
-0.00055974
-0.00084105
0.00065198
0.00037275
0.00044388
0.00016197
-0.00022167
0.00066883
0.00114537
0.00022734
-0.00010777
0.00124764
-0.00019806
0.00033045
0.00003100
-0.00011479
-0.00133592
0.00072569
0.00042500
-0.00070091
0.00016707
-0.00137431
0.00069786
0.00152449
0.00064962
-0.00008960
0.00059497
0.00055940
0.00160068
0.00119745
0.00093934
0.00058935
0.00090942
-0.00085990
-0.00025791
-0.00155462
0.00210918
-0.03733148
0.00042265
-0.00079851
-0.00039759
0.00011114
0.00045256
0.00012977
-0.00137828
-0.00009939
0.00033065
-0.00055148
0.00044747
-0.00065078
0.00038281
0.00021780
0.00083567
0.00014276
-0.00092044
-0.00089921
0.00096790
0.00061581
0.00120899
-0.00056337
-0.00032602
0.00109369
0.00135433
-0.00152585
-0.00056981
-0.00081116
0.00066662
0.00038834
0.00043728
0.00020635
-0.00027281
0.00067649
0.00099597
0.00022948
-0.00008783
0.00127563
-0.00019737
0.00026221
0.00005564
-0.00013613
-0.00131681
0.00055448
0.00050665
-0.00069526
0.00003332
-0.00137329
0.00064814
0.00150001
0.00072358
-0.00021449
0.00067400
0.00049955
0.00157638
0.00118926
0.00098073
0.00057913
0.00087104
-0.00094600
-0.00026247
-0.00142663
0.00213560
-0.03638887
0.00044122
-0.00080411
-0.00037016
0.00016017
0.00043107
0.00016179
-0.00132295
-0.00006734
0.00031327
-0.00062883
0.00038022
-0.00074033
0.00041675
0.00018066
0.00086374
0.00018730
-0.00094137
-0.00089856
0.00088689
0.00058495
0.00115637
-0.00052702
-0.00034540
0.00114840
0.00139764
-0.00138246
-0.00061319
-0.00088222
0.00060056
0.00035417
0.00042197
0.00010420
-0.00020077
0.00064488
0.00110247
0.00025243
-0.00012648
0.00127329
-0.00017133
0.00028816
0.00004901
-0.00015340
-0.00135791
0.00060708
0.00048832
-0.00071941
0.00021451
-0.00141582
0.00066730
0.00150076
0.00069051
-0.00018714
0.00072435
0.00057946
0.00148907
0.00121288
0.00099918
0.00054481
0.00086288
-0.00089672
-0.00025816
-0.00142679
0.00209137
-0.03628433
0.00043974
-0.00085479
-0.00038776
0.00009922
0.00038462
0.00015072
-0.00131515
0.00004198
0.00028852
-0.00066684
0.00037720
-0.00076844
0.00038831
0.00024379
0.00086733
0.00022786
-0.00093346
-0.00096093
0.00083858
0.00062366
0.00110266
-0.00047559
-0.00038531
0.00107167
0.00137685
-0.00127331
-0.00062898
-0.00082931
0.00067484
0.00033052
0.00049627
0.00019108
-0.00021803
0.00066564
0.00102036
0.00025100
-0.00003942
0.00130324
-0.00018932
0.00033361
-0.00002472
-0.00011208
-0.00140497
0.00061019
0.00048692
-0.00069196
0.00041601
-0.00148529
0.00062334
0.00146903
0.00066308
-0.00014318
0.00073888
0.00065556
0.00141344
0.00119666
0.00096990
0.00055985
0.00079704
-0.00083435
-0.00022125
-0.00142574
0.00210955
-0.03662865
0.00035929
-0.00088291
-0.00035897
0.00009157
0.00032313
0.00018489
-0.00130094
0.00003522
0.00029532
-0.00066606
0.00032081
-0.00079072
0.00035298
0.00021085
0.00089721
0.00023736
-0.00097566
-0.00099575
0.00075622
0.00056778
0.00106533
-0.00040727
-0.00031673
0.00108694
0.00133303
-0.00125642
-0.00061359
-0.00079658
0.00066460
0.00039022
0.00054813
0.00027986
-0.00025081
0.00063798
0.00103846
0.00025810
-0.00016061
0.00139760
-0.00016349
0.00017835
-0.00005395
-0.00025003
-0.00156399
0.00054875
0.00037440
-0.00066529
-0.00011711
-0.00149637
0.00058818
0.00155684
0.00058779
-0.00023549
0.00077632
0.00055046
0.00136149
0.00140514
0.00099606
0.00058400
0.00096831
-0.00095598
-0.00029059
-0.00153232
0.00211281
-0.03570689
0.00055311
-0.00084598
-0.00037449
0.00013890
0.00045093
0.00037376
-0.00142528
-0.00005011
0.00029095
-0.00057473
0.00032452
-0.00084723
0.00040632
0.00019229
0.00092194
0.00031152
-0.00087384
-0.00092579
0.00079003
0.00049323
0.00107457
-0.00038825
-0.00040852
0.00110438
0.00128959
-0.00120318
-0.00063924
-0.00097304
0.00080678
0.00028377
0.00056620
0.00014439
-0.00024461
0.00059159
0.00096406
0.00025283
-0.00014791
0.00131003
-0.00021749
0.00024560
-0.00006622
-0.00017670
-0.00147945
0.00053035
0.00049115
-0.00062182
0.00006696
-0.00151930
0.00061859
0.00160138
0.00063242
-0.00021665
0.00066467
0.00063014
0.00139757
0.00122767
0.00104210
0.00055956
0.00092986
-0.00088510
-0.00028993
-0.00147072
0.00207519
-0.03600343
0.00044765
-0.00078863
-0.00042233
0.00016885
0.00036990
0.00032566
-0.00136121
0.00002146
0.00026405
-0.00061696
0.00033606
-0.00079736
0.00035589
0.00022107
0.00097203
0.00029863
-0.00095341
-0.00103627
0.00074012
0.00042495
0.00102204
-0.00039336
-0.00031158
0.00107146
0.00135786
-0.00119774
-0.00058121
-0.00093234
0.00070722
0.00035175
0.00053123
0.00019385
-0.00022913
0.00062106
0.00098783
0.00033006
-0.00003141
0.00153597
-0.00005472
0.00006076
-0.00032128
-0.00022779
-0.00175686
0.00056137
0.00069202
-0.00039346
0.00103137
-0.00158912
0.00046068
0.00167087
0.00019259
-0.00018684
0.00030411
0.00084164
0.00134948
0.00159430
0.00102921
0.00050261
0.00075216
-0.00124836
-0.00019005
-0.00167563
0.00188557
-0.03820570
0.00022113
-0.00082714
-0.00026006
0.00045575
0.00029678
-0.00004800
-0.00143973
-0.00008709
0.00034851
-0.00064268
0.00019434
-0.00080071
0.00011900
-0.00001135
0.00120070
0.00033774
-0.00091206
-0.00118897
0.00067424
0.00050501
0.00097660
-0.00025728
-0.00043677
0.00085584
0.00117390
-0.00111200
-0.00049993
-0.00077103
0.00076102
0.00063825
0.00060466
0.00034107
-0.00043704
0.00065605
0.00099792
0.00030967
-0.00008245
0.00136606
-0.00013221
0.00021759
-0.00010206
-0.00016928
-0.00151318
0.00061549
0.00053897
-0.00053271
0.00028705
-0.00151283
0.00063383
0.00160333
0.00051110
-0.00015750
0.00062904
0.00069610
0.00142529
0.00120581
0.00106341
0.00059814
0.00086931
-0.00097013
-0.00023933
-0.00146986
0.00202716
-0.03719093
0.00045316
-0.00082631
-0.00036505
0.00019039
0.00036513
0.00024306
-0.00138366
0.00003029
0.00026243
-0.00056865
0.00036861
-0.00077097
0.00033497
0.00024846
0.00103846
0.00031214
-0.00096410
-0.00102867
0.00079893
0.00044665
0.00103999
-0.00039175
-0.00030473
0.00109266
0.00132538
-0.00117018
-0.00055454
-0.00090697
0.00068290
0.00042870
0.00056792
0.00019229
-0.00025809
0.00062007
0.00100710
0.00034432
-0.00004609
0.00134418
-0.00012282
0.00024846
-0.00005022
-0.00011756
-0.00151196
0.00067212
0.00055300
-0.00051772
0.00061896
-0.00149215
0.00064606
0.00156395
0.00049274
-0.00008250
0.00059226
0.00074107
0.00140067
0.00117104
0.00106317
0.00060359
0.00081924
-0.00095712
-0.00016128
-0.00145407
0.00203086
-0.03789975
0.00035334
-0.00083882
-0.00030814
0.00014840
0.00032537
0.00017819
-0.00139153
-0.00002049
0.00028622
-0.00059685
0.00038727
-0.00073499
0.00030333
0.00026200
0.00103862
0.00028826
-0.00097341
-0.00106734
0.00078697
0.00046367
0.00101328
-0.00037370
-0.00033312
0.00102744
0.00131760
-0.00117699
-0.00056841
-0.00080483
0.00065336
0.00047946
0.00059819
0.00024873
-0.00026587
0.00060861
0.00101527
0.00043385
-0.00005158
0.00139498
-0.00007765
0.00024863
0.00001805
-0.00018168
-0.00146995
0.00064865
0.00053232
-0.00051937
0.00031846
-0.00142225
0.00066593
0.00159367
0.00053744
-0.00006220
0.00062428
0.00069933
0.00148908
0.00114848
0.00107156
0.00065151
0.00082383
-0.00092785
-0.00019027
-0.00136778
0.00205165
-0.03722841
0.00038277
-0.00080400
-0.00037116
0.00019763
0.00028834
0.00016314
-0.00142756
0.00006067
0.00028180
-0.00061370
0.00039503
-0.00070334
0.00037582
0.00025847
0.00097806
0.00030313
-0.00100375
-0.00103700
0.00075988
0.00042948
0.00109163
-0.00038738
-0.00034611
0.00103998
0.00136204
-0.00118235
-0.00056188
-0.00088361
0.00064745
0.00045641
0.00053180
0.00024248
-0.00028526
0.00057025
0.00094341
0.00049425
-0.00003996
0.00137757
-0.00016124
0.00025772
0.00000089
-0.00018357
-0.00151553
0.00067119
0.00056954
-0.00054907
0.00026993
-0.00143666
0.00063748
0.00166961
0.00059322
-0.00010804
0.00061969
0.00065964
0.00145746
0.00116210
0.00107626
0.00064142
0.00087898
-0.00089527
-0.00021630
-0.00137147
0.00209060
-0.03689690
0.00040050
-0.00085599
-0.00035969
0.00018151
0.00026847
0.00015938
-0.00147225
0.00006632
0.00020881
-0.00060415
0.00035868
-0.00074388
0.00041442
0.00028381
0.00098311
0.00031876
-0.00099022
-0.00101656
0.00075451
0.00042624
0.00106569
-0.00041436
-0.00030379
0.00102715
0.00141850
-0.00124887
-0.00050724
-0.00084394
0.00062892
0.00043106
0.00054942
0.00025321
-0.00023657
0.00059364
0.00094873
0.00047765
-0.00007414
0.00142209
-0.00016409
0.00024689
-0.00001424
-0.00025542
-0.00154583
0.00064851
0.00057022
-0.00056491
0.00010881
-0.00140691
0.00075465
0.00166782
0.00056853
-0.00013127
0.00063090
0.00069216
0.00152401
0.00122832
0.00107052
0.00066894
0.00090621
-0.00091841
-0.00021816
-0.00136486
0.00209377
-0.03667721
0.00046673
-0.00084490
-0.00045070
0.00022073
0.00024484
0.00024172
-0.00156598
0.00009404
0.00021579
-0.00061950
0.00037562
-0.00076870
0.00048362
0.00027265
0.00098096
0.00033764
-0.00096895
-0.00100099
0.00073650
0.00039990
0.00113204
-0.00042450
-0.00025814
0.00104180
0.00143885
-0.00118258
-0.00052552
-0.00091847
0.00061863
0.00036058
0.00055900
0.00022817
-0.00027292
0.00062667
0.00079622
0.00065230
0.00000414
0.00143360
-0.00014563
0.00019155
-0.00008466
-0.00028587
-0.00175830
0.00065185
0.00053957
-0.00052961
0.00002920
-0.00136103
0.00065330
0.00188583
0.00041979
-0.00021557
0.00051758
0.00076833
0.00137157
0.00163241
0.00105871
0.00063968
0.00095867
-0.00103567
-0.00021750
-0.00153206
0.00212743
-0.03621291
0.00044688
-0.00087474
-0.00036924
0.00030265
0.00019831
0.00013356
-0.00171980
-0.00004854
0.00017329
-0.00056185
0.00037446
-0.00078937
0.00043713
0.00020190
0.00102036
0.00045376
-0.00086192
-0.00096653
0.00068903
0.00038062
0.00112997
-0.00032263
-0.00039381
0.00095327
0.00148609
-0.00123638
-0.00056734
-0.00091282
0.00065957
0.00040939
0.00062611
0.00025546
-0.00037238
0.00069855
0.00095621
0.00046477
-0.00000951
0.00133199
-0.00025700
0.00032397
-0.00003443
-0.00016789
-0.00147473
0.00069029
0.00061293
-0.00058792
0.00056382
-0.00143826
0.00077177
0.00163021
0.00058210
-0.00010248
0.00053940
0.00081034
0.00145623
0.00117195
0.00104510
0.00061303
0.00077146
-0.00086153
-0.00014268
-0.00135411
0.00212629
-0.03765929
0.00026273
-0.00089615
-0.00034705
0.00017142
0.00016675
0.00014439
-0.00142399
0.00010599
0.00019805
-0.00061914
0.00041374
-0.00079703
0.00036870
0.00028272
0.00093122
0.00020406
-0.00109452
-0.00105095
0.00075308
0.00040385
0.00107464
-0.00040517
-0.00015648
0.00096289
0.00142652
-0.00125969
-0.00058619
-0.00082329
0.00052882
0.00041575
0.00055150
0.00031023
-0.00033318
0.00068996
0.00094126
0.00042541
-0.00005572
0.00132444
-0.00026203
0.00019519
0.00000096
-0.00020809
-0.00148172
0.00067539
0.00056101
-0.00058514
0.00034279
-0.00140785
0.00073922
0.00169971
0.00054375
-0.00012197
0.00058136
0.00075515
0.00146696
0.00121523
0.00103625
0.00062114
0.00084423
-0.00084855
-0.00025650
-0.00130668
0.00208912
-0.03732917
0.00038315
-0.00086102
-0.00041462
0.00019522
0.00023175
0.00023068
-0.00145296
0.00013899
0.00018308
-0.00062472
0.00037722
-0.00082328
0.00043123
0.00019820
0.00093969
0.00025442
-0.00106460
-0.00102506
0.00081472
0.00031303
0.00107114
-0.00045230
-0.00018939
0.00103715
0.00142665
-0.00121340
-0.00055768
-0.00095470
0.00059232
0.00034770
0.00056009
0.00027695
-0.00032162
0.00069821
0.00092421
0.00037511
-0.00010364
0.00130833
-0.00030140
0.00014649
0.00002080
-0.00017453
-0.00145924
0.00067474
0.00052185
-0.00052425
0.00007802
-0.00144814
0.00072620
0.00171487
0.00054763
-0.00018259
0.00060168
0.00071554
0.00151378
0.00121937
0.00108163
0.00065929
0.00089438
-0.00084991
-0.00024225
-0.00132994
0.00211772
-0.03702219
0.00038530
-0.00085675
-0.00042505
0.00023276
0.00026944
0.00032061
-0.00141147
0.00014932
0.00018612
-0.00057286
0.00034611
-0.00082069
0.00041023
0.00022089
0.00098676
0.00023637
-0.00101120
-0.00100075
0.00081677
0.00031482
0.00116009
-0.00050958
-0.00020734
0.00105300
0.00143160
-0.00123382
-0.00056982
-0.00100228
0.00062996
0.00035452
0.00055482
0.00021698
-0.00036990
0.00072144
0.00101830
0.00038670
-0.00014654
0.00131311
-0.00027474
0.00016850
0.00002026
-0.00019814
-0.00149893
0.00071260
0.00049820
-0.00055093
0.00016669
-0.00147462
0.00074240
0.00171568
0.00052988
-0.00016997
0.00065264
0.00076791
0.00144853
0.00124404
0.00109425
0.00063283
0.00089918
-0.00081616
-0.00025247
-0.00133316
0.00207782
-0.03681058
0.00040369
-0.00088780
-0.00044766
0.00018296
0.00024735
0.00032598
-0.00141641
0.00023811
0.00016762
-0.00060039
0.00034647
-0.00084004
0.00039900
0.00027569
0.00099040
0.00027873
-0.00099433
-0.00104713
0.00078303
0.00034818
0.00111813
-0.00046613
-0.00024096
0.00099857
0.00141240
-0.00114648
-0.00058257
-0.00097066
0.00069712
0.00032400
0.00061098
0.00027184
-0.00037261
0.00073250
0.00101821
0.00037392
-0.00015765
0.00131010
-0.00026499
0.00017758
-0.00000508
-0.00019288
-0.00148135
0.00071025
0.00054575
-0.00055091
0.00033453
-0.00152846
0.00073765
0.00171443
0.00052257
-0.00012316
0.00063531
0.00076681
0.00142473
0.00124658
0.00111257
0.00063182
0.00087298
-0.00081329
-0.00025680
-0.00133742
0.00209935
-0.03706718
0.00038163
-0.00090216
-0.00047145
0.00018496
0.00019337
0.00031038
-0.00138843
0.00026258
0.00016849
-0.00059833
0.00036804
-0.00077506
0.00040489
0.00031715
0.00100899
0.00031951
-0.00099507
-0.00109079
0.00077070
0.00039446
0.00109141
-0.00048707
-0.00026539
0.00099854
0.00140360
-0.00112412
-0.00057709
-0.00091344
0.00071388
0.00039040
0.00068778
0.00030441
-0.00036953
0.00071263
0.00094117
0.00033180
-0.00011617
0.00130256
-0.00020697
0.00018750
-0.00000087
-0.00019076
-0.00139782
0.00068002
0.00053843
-0.00053063
0.00034957
-0.00148984
0.00079207
0.00170992
0.00056434
-0.00008876
0.00068600
0.00068631
0.00142776
0.00113606
0.00114867
0.00062574
0.00088445
-0.00079308
-0.00023451
-0.00131842
0.00208407
-0.03729983
0.00037946
-0.00088004
-0.00051693
0.00012321
0.00021397
0.00033925
-0.00137651
0.00027549
0.00019568
-0.00064232
0.00034938
-0.00079870
0.00043085
0.00033014
0.00100840
0.00027995
-0.00106575
-0.00112265
0.00074924
0.00035813
0.00106552
-0.00049138
-0.00025067
0.00104089
0.00146839
-0.00114261
-0.00056133
-0.00091400
0.00067883
0.00037849
0.00067147
0.00029886
-0.00032067
0.00067984
0.00096848
0.00028587
-0.00011113
0.00128818
-0.00025159
0.00025747
-0.00000215
-0.00023365
-0.00136920
0.00066566
0.00050309
-0.00050050
0.00035347
-0.00146775
0.00078160
0.00168907
0.00064159
-0.00009468
0.00070853
0.00063395
0.00142991
0.00110264
0.00114517
0.00066576
0.00086595
-0.00080296
-0.00022969
-0.00129491
0.00206631
-0.03738103
0.00039486
-0.00088468
-0.00051272
0.00007950
0.00023426
0.00035249
-0.00136440
0.00029534
0.00017178
-0.00060392
0.00036037
-0.00083212
0.00049923
0.00031785
0.00102118
0.00029737
-0.00105041
-0.00114336
0.00076468
0.00034689
0.00103204
-0.00048332
-0.00021488
0.00105958
0.00150402
-0.00115801
-0.00053679
-0.00091785
0.00066398
0.00034556
0.00070318
0.00027354
-0.00027567
0.00068031
0.00099014
0.00025640
-0.00028690
0.00137646
-0.00031067
0.00014692
-0.00002265
-0.00032646
-0.00149911
0.00059411
0.00039910
-0.00050359
-0.00027985
-0.00142456
0.00076961
0.00175780
0.00062845
-0.00029244
0.00071773
0.00054328
0.00145223
0.00127377
0.00119825
0.00072371
0.00099601
-0.00088934
-0.00036639
-0.00137266
0.00212438
-0.03616733
0.00051140
-0.00082487
-0.00055084
0.00011213
0.00034431
0.00047845
-0.00145911
0.00030886
0.00018015
-0.00053714
0.00034092
-0.00085440
0.00060125
0.00040920
0.00106274
0.00030775
-0.00095471
-0.00112968
0.00080600
0.00034494
0.00104964
-0.00052366
-0.00016460
0.00111492
0.00152155
-0.00108125
-0.00056628
-0.00116093
0.00076540
0.00023219
0.00064614
0.00015888
-0.00021062
0.00071300
0.00100202
0.00023862
-0.00017937
0.00132230
-0.00030875
0.00028406
-0.00006534
-0.00023117
-0.00138337
0.00064398
0.00050896
-0.00051420
0.00028219
-0.00143075
0.00077012
0.00162256
0.00065625
-0.00019796
0.00064830
0.00061442
0.00143517
0.00113938
0.00112385
0.00069410
0.00086131
-0.00081155
-0.00025007
-0.00134011
0.00205879
-0.03714497
0.00044932
-0.00084849
-0.00051648
0.00008667
0.00031169
0.00038195
-0.00136275
0.00027261
0.00021899
-0.00052037
0.00037217
-0.00084956
0.00050965
0.00040191
0.00104774
0.00031300
-0.00105878
-0.00112707
0.00080146
0.00042251
0.00104284
-0.00052518
-0.00005923
0.00111461
0.00152152
-0.00114364
-0.00052299
-0.00096229
0.00068943
0.00031753
0.00067456
0.00028443
-0.00025338
0.00066657
0.00100826
0.00020304
-0.00019796
0.00130281
-0.00034478
0.00030445
-0.00003663
-0.00027383
-0.00139458
0.00064177
0.00052906
-0.00056225
0.00016603
-0.00146987
0.00079922
0.00160868
0.00065348
-0.00024323
0.00071613
0.00062976
0.00147823
0.00110013
0.00118702
0.00069312
0.00094017
-0.00081573
-0.00029621
-0.00134064
0.00213202
-0.03686529
0.00046497
-0.00077705
-0.00059048
0.00011018
0.00033544
0.00041946
-0.00138882
0.00022787
0.00022084
-0.00054074
0.00039869
-0.00088085
0.00051907
0.00043905
0.00104249
0.00029676
-0.00109403
-0.00112177
0.00082601
0.00040481
0.00107388
-0.00052316
-0.00005801
0.00113809
0.00154856
-0.00115688
-0.00054047
-0.00097285
0.00070422
0.00031788
0.00070459
0.00024379
-0.00022308
0.00067293
0.00099211
0.00019677
-0.00016781
0.00146237
-0.00038614
0.00024796
-0.00022623
-0.00040974
-0.00162370
0.00072878
0.00086713
-0.00041436
0.00098859
-0.00170147
0.00073002
0.00153920
0.00029559
-0.00040873
0.00051503
0.00092483
0.00149054
0.00130388
0.00126804
0.00067768
0.00087050
-0.00097810
-0.00037004
-0.00134546
0.00211747
-0.03791223
0.00021325
-0.00068801
-0.00057718
0.00048115
0.00018144
0.00011263
-0.00134822
0.00014108
0.00032595
-0.00049380
0.00028514
-0.00101809
0.00028955
0.00048519
0.00123956
0.00043704
-0.00115363
-0.00121400
0.00071990
0.00056725
0.00112702
-0.00053342
0.00002879
0.00094997
0.00154120
-0.00107344
-0.00047829
-0.00066626
0.00081441
0.00066841
0.00094449
0.00051427
-0.00044797
0.00077551
0.00100332
0.00025718
-0.00018353
0.00130394
-0.00029276
0.00033566
-0.00009695
-0.00029117
-0.00138869
0.00071047
0.00056214
-0.00052215
0.00028833
-0.00148864
0.00079876
0.00159534
0.00056202
-0.00019741
0.00068446
0.00065560
0.00151458
0.00108985
0.00114988
0.00072213
0.00086221
-0.00080954
-0.00024068
-0.00137209
0.00214205
-0.03755831
0.00043425
-0.00082104
-0.00054598
0.00008919
0.00030317
0.00038783
-0.00140010
0.00017577
0.00026793
-0.00056358
0.00038361
-0.00083358
0.00047291
0.00042934
0.00104991
0.00028065
-0.00106992
-0.00113569
0.00079592
0.00038921
0.00106063
-0.00051420
-0.00008502
0.00110304
0.00147309
-0.00113257
-0.00057792
-0.00093949
0.00071506
0.00036936
0.00073913
0.00031736
-0.00024604
0.00068192
0.00099368
0.00024842
-0.00017021
0.00126971
-0.00029243
0.00033462
-0.00010094
-0.00030203
-0.00129708
0.00068532
0.00052450
-0.00055292
0.00023604
-0.00150815
0.00085323
0.00158123
0.00060080
-0.00021956
0.00073413
0.00061084
0.00154367
0.00100869
0.00112969
0.00068295
0.00091808
-0.00077955
-0.00024103
-0.00132797
0.00217588
-0.03717929
0.00044181
-0.00081014
-0.00053280
0.00011374
0.00035870
0.00032869
-0.00137719
0.00020480
0.00028812
-0.00056814
0.00035333
-0.00079627
0.00046660
0.00043717
0.00103128
0.00023136
-0.00107287
-0.00115788
0.00081552
0.00035267
0.00101610
-0.00050953
-0.00008594
0.00114325
0.00150493
-0.00117534
-0.00048462
-0.00092499
0.00066069
0.00030627
0.00069545
0.00027775
-0.00023192
0.00065690
0.00100215
0.00022457
-0.00023786
0.00129383
-0.00030798
0.00037797
-0.00006332
-0.00031307
-0.00135894
0.00068664
0.00046849
-0.00057846
0.00008919
-0.00154157
0.00084624
0.00156141
0.00058750
-0.00028155
0.00074476
0.00063469
0.00155867
0.00108422
0.00116070
0.00067276
0.00096967
-0.00084186
-0.00032248
-0.00129125
0.00221115
-0.03665283
0.00051434
-0.00078891
-0.00058533
0.00014995
0.00039646
0.00039848
-0.00139810
0.00018408
0.00032343
-0.00058532
0.00027446
-0.00073332
0.00044241
0.00042863
0.00104046
0.00028583
-0.00104656
-0.00120051
0.00080955
0.00027152
0.00104654
-0.00050975
-0.00005498
0.00115562
0.00152000
-0.00112932
-0.00049724
-0.00096134
0.00074513
0.00025939
0.00067700
0.00023542
-0.00018577
0.00065941
0.00101491
0.00021685
-0.00024484
0.00137856
-0.00038709
0.00037758
-0.00001838
-0.00029888
-0.00128817
0.00066466
0.00044539
-0.00059035
0.00006210
-0.00149079
0.00084500
0.00154560
0.00065652
-0.00024749
0.00072468
0.00061252
0.00160747
0.00100735
0.00118784
0.00070625
0.00104528
-0.00084203
-0.00041271
-0.00125953
0.00214423
-0.03642780
0.00050167
-0.00079210
-0.00057339
0.00020505
0.00039626
0.00028828
-0.00136169
0.00014854
0.00028831
-0.00065763
0.00030020
-0.00075143
0.00036809
0.00038657
0.00106793
0.00029464
-0.00108707
-0.00120915
0.00075805
0.00024961
0.00105194
-0.00046063
-0.00003859
0.00121353
0.00155002
-0.00115901
-0.00054017
-0.00094747
0.00071690
0.00027139
0.00067377
0.00023732
-0.00017751
0.00067928
0.00093783
0.00029511
-0.00030555
0.00140169
-0.00046843
0.00041971
-0.00008566
-0.00035202
-0.00138116
0.00071132
0.00036553
-0.00057417
-0.00013516
-0.00164431
0.00083516
0.00160837
0.00050919
-0.00042927
0.00067627
0.00078692
0.00158183
0.00120635
0.00125123
0.00067729
0.00116816
-0.00084153
-0.00053879
-0.00126080
0.00227908
-0.03549263
0.00053677
-0.00077340
-0.00061575
0.00036977
0.00038906
0.00031805
-0.00138872
0.00005314
0.00033031
-0.00063452
0.00021560
-0.00070383
0.00016288
0.00041148
0.00116494
0.00045107
-0.00102504
-0.00127218
0.00065322
0.00009258
0.00105154
-0.00038064
-0.00001811
0.00119581
0.00162968
-0.00111725
-0.00061111
-0.00095724
0.00088538
0.00029513
0.00080524
0.00028319
-0.00026056
0.00076411
0.00107858
0.00025880
-0.00015212
0.00132923
-0.00041424
0.00041630
0.00000710
-0.00019703
-0.00124431
0.00064937
0.00053050
-0.00057275
0.00045543
-0.00150028
0.00079172
0.00150492
0.00065808
-0.00016113
0.00071269
0.00071330
0.00153460
0.00097474
0.00116596
0.00065864
0.00093503
-0.00079084
-0.00029329
-0.00131223
0.00214804
-0.03700943
0.00039601
-0.00083014
-0.00049502
0.00015966
0.00035730
0.00019169
-0.00130311
0.00009766
0.00025681
-0.00070421
0.00033943
-0.00071037
0.00031224
0.00039015
0.00102766
0.00025293
-0.00110726
-0.00121104
0.00073829
0.00032591
0.00108366
-0.00040937
-0.00008048
0.00121016
0.00152911
-0.00121837
-0.00050344
-0.00083389
0.00065549
0.00037102
0.00064113
0.00033265
-0.00017969
0.00065302
0.00105168
0.00021970
-0.00013046
0.00132211
-0.00037750
0.00040160
0.00002915
-0.00019471
-0.00121449
0.00062025
0.00048995
-0.00061830
0.00037986
-0.00150676
0.00078627
0.00147748
0.00064691
-0.00019687
0.00076952
0.00060791
0.00151524
0.00094678
0.00115689
0.00064221
0.00095892
-0.00075940
-0.00038321
-0.00130308
0.00215359
-0.03698569
0.00038137
-0.00077974
-0.00051948
0.00016641
0.00033527
0.00013229
-0.00135306
0.00003913
0.00030664
-0.00076177
0.00032689
-0.00067676
0.00031563
0.00036979
0.00099927
0.00029486
-0.00104387
-0.00122485
0.00070587
0.00032727
0.00109505
-0.00043024
-0.00005806
0.00118194
0.00154054
-0.00123941
-0.00056261
-0.00083262
0.00071476
0.00032928
0.00059561
0.00033112
-0.00014596
0.00067296
0.00098790
0.00033170
-0.00018963
0.00128712
-0.00044781
0.00041970
-0.00002613
-0.00023694
-0.00125268
0.00064795
0.00043405
-0.00056161
0.00020121
-0.00164459
0.00074723
0.00152177
0.00052202
-0.00037332
0.00073900
0.00078849
0.00147989
0.00112445
0.00124901
0.00063970
0.00103818
-0.00076731
-0.00046144
-0.00130795
0.00229213
-0.03588228
0.00038199
-0.00076848
-0.00051329
0.00033174
0.00032848
0.00010953
-0.00130724
-0.00006859
0.00035957
-0.00074535
0.00023873
-0.00061038
0.00010152
0.00045178
0.00106104
0.00038954
-0.00099015
-0.00127553
0.00060427
0.00019496
0.00112434
-0.00036334
-0.00007028
0.00117956
0.00158077
-0.00116257
-0.00059346
-0.00083121
0.00081681
0.00039398
0.00068812
0.00039470
-0.00021859
0.00075947
0.00107948
0.00027001
-0.00012243
0.00132441
-0.00038800
0.00045650
0.00003674
-0.00009833
-0.00122422
0.00062755
0.00058913
-0.00064235
0.00045336
-0.00151176
0.00076080
0.00148308
0.00064230
-0.00018162
0.00073531
0.00064627
0.00149525
0.00098949
0.00111519
0.00054712
0.00087752
-0.00078634
-0.00036136
-0.00132959
0.00211646
-0.03729498
0.00027908
-0.00084784
-0.00044977
0.00014966
0.00029637
-0.00000164
-0.00125955
0.00003854
0.00028250
-0.00076833
0.00032202
-0.00065405
0.00029936
0.00032332
0.00099949
0.00020343
-0.00106408
-0.00129510
0.00074031
0.00036310
0.00109662
-0.00038894
-0.00002468
0.00114735
0.00150170
-0.00130573
-0.00048148
-0.00077317
0.00061457
0.00038464
0.00055172
0.00035319
-0.00014949
0.00067683
0.00110282
0.00027133
-0.00018391
0.00132038
-0.00039280
0.00041831
0.00003499
-0.00014456
-0.00122897
0.00057972
0.00057778
-0.00070923
0.00034909
-0.00155679
0.00072121
0.00149389
0.00068731
-0.00018433
0.00071809
0.00058681
0.00146206
0.00096000
0.00109624
0.00054039
0.00091977
-0.00076349
-0.00037319
-0.00132837
0.00214052
-0.03695295
0.00031307
-0.00085680
-0.00050566
0.00013136
0.00032559
0.00012761
-0.00124592
0.00004744
0.00024184
-0.00078066
0.00034866
-0.00067807
0.00034115
0.00028891
0.00099944
0.00023005
-0.00104869
-0.00128469
0.00070133
0.00036677
0.00110414
-0.00044986
-0.00007603
0.00116364
0.00148484
-0.00125745
-0.00048634
-0.00080504
0.00066344
0.00035618
0.00053032
0.00027665
-0.00012027
0.00065507
0.00105971
0.00041623
-0.00042425
0.00128636
-0.00052200
0.00044684
-0.00006050
-0.00027330
-0.00139367
0.00053704
0.00053078
-0.00079036
-0.00005635
-0.00179442
0.00064164
0.00159379
0.00061252
-0.00037638
0.00068057
0.00070867
0.00132274
0.00119678
0.00115251
0.00051349
0.00106358
-0.00075372
-0.00045400
-0.00138252
0.00230960
-0.03519660
0.00038181
-0.00092636
-0.00061367
0.00021788
0.00034201
0.00040491
-0.00118123
-0.00000637
0.00020786
-0.00075145
0.00029859
-0.00066381
0.00019728
0.00031911
0.00107905
0.00035356
-0.00096352
-0.00137785
0.00055437
0.00023458
0.00115708
-0.00046238
-0.00015882
0.00116891
0.00150532
-0.00108248
-0.00050586
-0.00083653
0.00084728
0.00041410
0.00062621
0.00025941
-0.00016794
0.00070176
0.00113309
0.00028511
-0.00014307
0.00127126
-0.00037635
0.00044013
0.00002048
-0.00011260
-0.00124818
0.00056732
0.00060732
-0.00071519
0.00053325
-0.00157414
0.00074225
0.00146161
0.00069282
-0.00015373
0.00072770
0.00061948
0.00146763
0.00098972
0.00109657
0.00050886
0.00082492
-0.00080177
-0.00031292
-0.00132845
0.00215892
-0.03714728
0.00025910
-0.00087449
-0.00050684
0.00011956
0.00026024
0.00005805
-0.00122595
0.00009130
0.00027403
-0.00083114
0.00038003
-0.00073530
0.00031913
0.00027856
0.00098836
0.00023110
-0.00111015
-0.00123410
0.00071520
0.00040897
0.00107326
-0.00048879
-0.00007404
0.00111344
0.00141174
-0.00120468
-0.00048451
-0.00078639
0.00068150
0.00045828
0.00053648
0.00033993
-0.00011862
0.00064964
0.00111341
0.00027668
-0.00021854
0.00127325
-0.00034888
0.00038335
0.00002265
-0.00018739
-0.00128441
0.00057235
0.00060247
-0.00070669
0.00042630
-0.00150150
0.00069528
0.00145082
0.00073361
-0.00017360
0.00072738
0.00064374
0.00145463
0.00103858
0.00112126
0.00055748
0.00083552
-0.00087238
-0.00029613
-0.00129718
0.00217329
-0.03660139
0.00033211
-0.00085506
-0.00055988
0.00015392
0.00029571
0.00013416
-0.00123386
0.00006183
0.00026038
-0.00078361
0.00033212
-0.00077932
0.00028665
0.00030240
0.00101826
0.00023114
-0.00110032
-0.00121812
0.00073609
0.00042873
0.00105723
-0.00051277
-0.00011634
0.00109888
0.00142235
-0.00120184
-0.00049009
-0.00081954
0.00068660
0.00041227
0.00054741
0.00030331
-0.00014296
0.00062541
0.00107051
0.00034872
-0.00033377
0.00118813
-0.00042530
0.00043357
-0.00004628
-0.00023467
-0.00135285
0.00058213
0.00066221
-0.00073091
0.00054009
-0.00160270
0.00061690
0.00143322
0.00068648
-0.00025190
0.00065046
0.00087943
0.00135848
0.00119285
0.00115735
0.00052868
0.00079108
-0.00093025
-0.00023417
-0.00128178
0.00232633
-0.03597536
0.00032335
-0.00090990
-0.00063572
0.00024965
0.00024976
0.00019671
-0.00111236
-0.00001551
0.00025451
-0.00075620
0.00028133
-0.00083892
0.00004804
0.00033085
0.00110957
0.00028576
-0.00114775
-0.00126251
0.00067705
0.00041447
0.00103138
-0.00054268
-0.00015043
0.00105873
0.00145469
-0.00112009
-0.00052415
-0.00078278
0.00077516
0.00054276
0.00066337
0.00039529
-0.00024489
0.00064623
0.00109521
0.00030619
-0.00024271
0.00126124
-0.00041169
0.00041209
-0.00000294
-0.00018698
-0.00131197
0.00056269
0.00060229
-0.00072459
0.00038756
-0.00160145
0.00065461
0.00146101
0.00074077
-0.00021591
0.00065462
0.00076459
0.00146448
0.00108713
0.00117417
0.00051795
0.00085388
-0.00086298
-0.00025309
-0.00130949
0.00223721
-0.03653981
0.00036294
-0.00090296
-0.00063525
0.00022415
0.00031337
0.00017384
-0.00120831
0.00001182
0.00024796
-0.00074873
0.00026872
-0.00081545
0.00015459
0.00030457
0.00109146
0.00028512
-0.00109449
-0.00122095
0.00069226
0.00041052
0.00105660
-0.00052171
-0.00017350
0.00110062
0.00144459
-0.00114907
-0.00051483
-0.00082668
0.00076530
0.00048070
0.00057756
0.00035889
-0.00020370
0.00062494
0.00110274
0.00032738
-0.00003503
0.00123372
-0.00034221
0.00043480
0.00003451
-0.00004014
-0.00123458
0.00064805
0.00070620
-0.00069981
0.00117044
-0.00153068
0.00068495
0.00141744
0.00066095
0.00000708
0.00061481
0.00078653
0.00142387
0.00089791
0.00108531
0.00050793
0.00070881
-0.00078927
-0.00011492
-0.00134684
0.00212653
-0.03843325
0.00021362
-0.00093205
-0.00044561
0.00013544
0.00023464
0.00000944
-0.00122307
0.00006941
0.00024140
-0.00081838
0.00039564
-0.00072643
0.00022503
0.00029113
0.00096859
0.00021552
-0.00118525
-0.00122637
0.00068468
0.00054820
0.00103530
-0.00041788
-0.00014397
0.00107445
0.00148476
-0.00128580
-0.00050236
-0.00066576
0.00063058
0.00054281
0.00053645
0.00047337
-0.00022899
0.00061059
0.00106889
0.00030938
-0.00017631
0.00124931
-0.00031807
0.00034915
0.00003804
-0.00015291
-0.00126080
0.00058640
0.00066163
-0.00071652
0.00054135
-0.00156288
0.00063071
0.00148096
0.00072356
-0.00013232
0.00071199
0.00069896
0.00146302
0.00091225
0.00113345
0.00052753
0.00082330
-0.00082770
-0.00027587
-0.00133325
0.00214893
-0.03711385
0.00036761
-0.00084846
-0.00054346
0.00019131
0.00030117
0.00019072
-0.00125800
0.00009507
0.00030013
-0.00075342
0.00034363
-0.00074197
0.00029814
0.00027317
0.00098319
0.00025687
-0.00112263
-0.00119764
0.00065295
0.00046962
0.00101518
-0.00043130
-0.00014561
0.00107952
0.00146605
-0.00120145
-0.00050335
-0.00073551
0.00068416
0.00043868
0.00050588
0.00035912
-0.00016289
0.00062728
0.00104138
0.00028090
-0.00021178
0.00129408
-0.00030244
0.00033949
0.00002713
-0.00015944
-0.00133637
0.00056349
0.00062180
-0.00068061
0.00052622
-0.00153556
0.00062576
0.00150266
0.00074486
-0.00014878
0.00073179
0.00064273
0.00141719
0.00089439
0.00114155
0.00047331
0.00086026
-0.00087344
-0.00028798
-0.00133062
0.00214143
-0.03690187
0.00036199
-0.00084833
-0.00054175
0.00021362
0.00031323
0.00023556
-0.00120861
0.00016217
0.00021734
-0.00069118
0.00033115
-0.00075915
0.00033437
0.00028332
0.00094852
0.00024474
-0.00110501
-0.00117410
0.00063279
0.00049068
0.00101057
-0.00041885
-0.00016460
0.00106156
0.00145374
-0.00117421
-0.00046887
-0.00075479
0.00069742
0.00040503
0.00052560
0.00030013
-0.00013845
0.00062196
0.00101849
0.00025968
-0.00031252
0.00131753
-0.00029052
0.00029100
0.00002279
-0.00019839
-0.00141530
0.00054279
0.00054908
-0.00069964
0.00034006
-0.00157070
0.00061785
0.00152730
0.00076936
-0.00021526
0.00075998
0.00063543
0.00147494
0.00094065
0.00123285
0.00045823
0.00095151
-0.00089683
-0.00030937
-0.00135932
0.00215136
-0.03646947
0.00040962
-0.00084348
-0.00062599
0.00024979
0.00037467
0.00027847
-0.00124535
0.00018003
0.00026014
-0.00067075
0.00027482
-0.00077591
0.00035481
0.00019250
0.00091265
0.00027006
-0.00110261
-0.00117356
0.00060629
0.00046241
0.00097192
-0.00043043
-0.00024902
0.00106366
0.00144883
-0.00113305
-0.00045944
-0.00075522
0.00074601
0.00032068
0.00052701
0.00026435
-0.00010830
0.00061716
0.00104316
0.00030296
-0.00017384
0.00127791
-0.00028850
0.00033654
-0.00001397
-0.00012040
-0.00139962
0.00061840
0.00060080
-0.00069697
0.00093047
-0.00153619
0.00063736
0.00148120
0.00066864
-0.00008147
0.00068327
0.00074339
0.00146671
0.00091485
0.00119919
0.00047868
0.00083644
-0.00088523
-0.00014452
-0.00140303
0.00211678
-0.03799299
0.00029990
-0.00089247
-0.00053652
0.00018737
0.00031398
0.00013091
-0.00123419
0.00008451
0.00028886
-0.00067961
0.00032452
-0.00077101
0.00028660
0.00017740
0.00092918
0.00021200
-0.00113854
-0.00118323
0.00061123
0.00052533
0.00098696
-0.00041183
-0.00027021
0.00101101
0.00145089
-0.00119071
-0.00047628
-0.00062040
0.00068639
0.00041334
0.00053815
0.00042027
-0.00018507
0.00062097
0.00104372
0.00021177
-0.00020123
0.00131047
-0.00026948
0.00032205
-0.00002042
-0.00015674
-0.00141609
0.00063623
0.00058957
-0.00067826
0.00055772
-0.00154255
0.00066506
0.00150910
0.00071855
-0.00011642
0.00078551
0.00062942
0.00150340
0.00090020
0.00119477
0.00049961
0.00090080
-0.00087725
-0.00024290
-0.00135871
0.00209873
-0.03711964
0.00033535
-0.00085731
-0.00056271
0.00018733
0.00032894
0.00009612
-0.00123199
0.00008308
0.00033058
-0.00069147
0.00024678
-0.00079471
0.00035341
0.00021490
0.00092793
0.00018493
-0.00109875
-0.00114397
0.00065756
0.00045421
0.00103580
-0.00041765
-0.00026277
0.00101992
0.00145449
-0.00117772
-0.00048032
-0.00071213
0.00066762
0.00035098
0.00053837
0.00033001
-0.00014252
0.00060695
0.00108575
0.00029121
-0.00016302
0.00135278
-0.00024401
0.00029735
0.00000475
-0.00015065
-0.00143407
0.00067811
0.00055413
-0.00067030
0.00056150
-0.00155720
0.00061906
0.00149607
0.00068726
-0.00012756
0.00076758
0.00065906
0.00152289
0.00095198
0.00117281
0.00047165
0.00086257
-0.00086300
-0.00024983
-0.00140017
0.00214641
-0.03714614
0.00031193
-0.00086065
-0.00054258
0.00015813
0.00035905
0.00013975
-0.00120926
0.00006053
0.00033776
-0.00069682
0.00031315
-0.00079329
0.00034335
0.00020457
0.00091586
0.00023275
-0.00110059
-0.00110117
0.00069857
0.00046505
0.00106536
-0.00040532
-0.00029806
0.00102144
0.00145928
-0.00121857
-0.00050169
-0.00069703
0.00066904
0.00034013
0.00054397
0.00029499
-0.00016634
0.00057263
0.00110998
0.00032282
-0.00020800
0.00137088
-0.00020971
0.00026591
0.00000414
-0.00022418
-0.00152211
0.00068454
0.00045620
-0.00065249
0.00033643
-0.00156473
0.00060473
0.00150592
0.00066661
-0.00020708
0.00076373
0.00066087
0.00154500
0.00100113
0.00120529
0.00047260
0.00091562
-0.00086738
-0.00031237
-0.00143481
0.00216303
-0.03665848
0.00039042
-0.00080764
-0.00060343
0.00015734
0.00047109
0.00030861
-0.00124393
0.00001499
0.00035268
-0.00069634
0.00030511
-0.00077730
0.00036624
0.00016778
0.00092161
0.00030502
-0.00106437
-0.00105987
0.00068281
0.00041215
0.00109363
-0.00039261
-0.00035636
0.00106462
0.00144599
-0.00119875
-0.00052168
-0.00075095
0.00073026
0.00029662
0.00055187
0.00020082
-0.00013347
0.00054386
0.00117137
0.00031773
-0.00013803
0.00135576
-0.00024730
0.00029808
0.00002583
-0.00017571
-0.00139140
0.00068880
0.00050022
-0.00067828
0.00047246
-0.00152469
0.00068956
0.00150049
0.00068103
-0.00016337
0.00073665
0.00063443
0.00153068
0.00095746
0.00119680
0.00044765
0.00085841
-0.00080901
-0.00025636
-0.00139717
0.00214972
-0.03705213
0.00038211
-0.00086031
-0.00055460
0.00014203
0.00041585
0.00030833
-0.00128856
0.00004058
0.00029995
-0.00072126
0.00034239
-0.00073014
0.00040013
0.00015375
0.00094707
0.00022401
-0.00108540
-0.00111976
0.00071217
0.00043753
0.00108771
-0.00036930
-0.00026135
0.00105015
0.00147347
-0.00128560
-0.00055020
-0.00077062
0.00069038
0.00032221
0.00055188
0.00026844
-0.00011306
0.00057183
0.00154834
0.00050471
-0.00003432
0.00163350
-0.00020336
0.00023827
-0.00003826
-0.00021085
-0.00144289
0.00087572
0.00057035
-0.00063700
0.00165707
-0.00165689
0.00069589
0.00126807
0.00041080
-0.00010727
0.00049931
0.00080918
0.00170374
0.00095869
0.00125135
0.00023695
0.00061914
-0.00086252
-0.00010769
-0.00140967
0.00220310
-0.03913032
0.00015256
-0.00103045
-0.00048411
0.00028348
0.00046353
0.00023721
-0.00114527
-0.00011659
0.00035275
-0.00087049
0.00028941
-0.00059034
0.00023132
-0.00016750
0.00105598
0.00016230
-0.00114589
-0.00125814
0.00066605
0.00056263
0.00117645
-0.00030044
-0.00034141
0.00090157
0.00139943
-0.00142788
-0.00050045
-0.00044460
0.00073741
0.00051468
0.00061974
0.00047626
-0.00012152
0.00048080
0.00123156
0.00036524
-0.00001318
0.00132828
-0.00022358
0.00034788
0.00000319
-0.00008558
-0.00136535
0.00073988
0.00057297
-0.00063186
0.00112578
-0.00152630
0.00065146
0.00144906
0.00059091
-0.00001055
0.00066281
0.00076215
0.00152621
0.00088947
0.00115618
0.00045906
0.00071341
-0.00077271
-0.00010948
-0.00141953
0.00211572
-0.03863423
0.00026748
-0.00091315
-0.00043329
0.00011376
0.00028756
0.00015465
-0.00127498
0.00001532
0.00030676
-0.00073396
0.00038554
-0.00070766
0.00034770
0.00011487
0.00094757
0.00016909
-0.00111046
-0.00112518
0.00070981
0.00051197
0.00108330
-0.00033696
-0.00026054
0.00098965
0.00143947
-0.00132731
-0.00057971
-0.00063675
0.00064783
0.00043867
0.00055697
0.00040534
-0.00019242
0.00057946
0.00118196
0.00036485
-0.00011323
0.00133133
-0.00017760
0.00027316
-0.00002929
-0.00015627
-0.00137905
0.00071653
0.00050125
-0.00066384
0.00060738
-0.00154270
0.00064502
0.00143985
0.00061516
-0.00011213
0.00072182
0.00063623
0.00152476
0.00092685
0.00122800
0.00048178
0.00082845
-0.00079525
-0.00026696
-0.00140765
0.00212736
-0.03736751
0.00039518
-0.00082737
-0.00049064
0.00015911
0.00033996
0.00024239
-0.00127592
0.00000508
0.00035648
-0.00075912
0.00031884
-0.00073977
0.00034588
0.00015215
0.00093128
0.00019448
-0.00110441
-0.00107339
0.00074211
0.00044482
0.00108999
-0.00037130
-0.00022081
0.00100844
0.00138117
-0.00123900
-0.00057222
-0.00080893
0.00072249
0.00038198
0.00052028
0.00028514
-0.00019493
0.00057569
0.00118291
0.00036224
-0.00014846
0.00127163
-0.00018199
0.00030194
-0.00003350
-0.00016688
-0.00139066
0.00075978
0.00052384
-0.00063570
0.00053401
-0.00156297
0.00068553
0.00146647
0.00060701
-0.00013591
0.00070718
0.00064134
0.00152531
0.00091363
0.00120829
0.00048980
0.00085420
-0.00083371
-0.00026324
-0.00140731
0.00213126
-0.03706314
0.00039072
-0.00085343
-0.00044409
0.00015953
0.00035604
0.00018601
-0.00129710
0.00000056
0.00040315
-0.00076213
0.00032067
-0.00075016
0.00030205
0.00018690
0.00087074
0.00011573
-0.00114348
-0.00110546
0.00077801
0.00045387
0.00115917
-0.00040708
-0.00024689
0.00098672
0.00138525
-0.00121258
-0.00056210
-0.00079212
0.00069433
0.00040501
0.00045073
0.00027153
-0.00019828
0.00057336
0.00118740
0.00038287
-0.00023480
0.00127433
-0.00019488
0.00030474
-0.00001415
-0.00020434
-0.00146772
0.00067970
0.00046876
-0.00066473
0.00032378
-0.00154512
0.00065958
0.00149342
0.00063850
-0.00017772
0.00072660
0.00059917
0.00152980
0.00097425
0.00121761
0.00048868
0.00090189
-0.00086768
-0.00032178
-0.00145638
0.00214356
-0.03670626
0.00043670
-0.00084860
-0.00047759
0.00015784
0.00042310
0.00038928
-0.00132750
0.00003938
0.00039584
-0.00075023
0.00032058
-0.00073227
0.00034453
0.00014048
0.00089824
0.00010457
-0.00108851
-0.00112631
0.00081278
0.00042641
0.00119882
-0.00040631
-0.00023071
0.00102835
0.00137183
-0.00126852
-0.00053123
-0.00081637
0.00068114
0.00040498
0.00044505
0.00021385
-0.00019076
0.00057835
0.00117324
0.00036761
-0.00024332
0.00127591
-0.00020338
0.00032352
-0.00001744
-0.00021201
-0.00152664
0.00070508
0.00046909
-0.00066722
0.00030898
-0.00149546
0.00068363
0.00152346
0.00061922
-0.00016114
0.00073668
0.00060818
0.00152364
0.00098197
0.00121823
0.00051116
0.00089630
-0.00087691
-0.00031318
-0.00147837
0.00210188
-0.03684168
0.00042878
-0.00084614
-0.00044094
0.00014892
0.00042174
0.00043040
-0.00136141
0.00003472
0.00036813
-0.00074689
0.00033159
-0.00069610
0.00034650
0.00013429
0.00094020
0.00012612
-0.00105860
-0.00114281
0.00080992
0.00040988
0.00118367
-0.00037959
-0.00024621
0.00100767
0.00132891
-0.00130350
-0.00055139
-0.00082878
0.00069688
0.00043989
0.00042647
0.00022226
-0.00021172
0.00055453
0.00117901
0.00030745
-0.00017739
0.00127402
-0.00022236
0.00038914
0.00001566
-0.00015507
-0.00146014
0.00071434
0.00051505
-0.00063771
0.00059282
-0.00148757
0.00061306
0.00154061
0.00065817
-0.00009798
0.00066312
0.00066281
0.00150081
0.00097195
0.00116421
0.00049456
0.00081570
-0.00089748
-0.00023174
-0.00150210
0.00208000
-0.03748121
0.00035490
-0.00088648
-0.00040829
0.00014940
0.00040799
0.00025973
-0.00130686
0.00005269
0.00033022
-0.00071875
0.00035853
-0.00069614
0.00029420
0.00014994
0.00098108
0.00011223
-0.00108979
-0.00114641
0.00081520
0.00047997
0.00120041
-0.00037825
-0.00023000
0.00102072
0.00134360
-0.00132570
-0.00052513
-0.00077361
0.00065010
0.00045855
0.00044241
0.00027394
-0.00022354
0.00055591
0.00127706
0.00037918
-0.00030916
0.00124658
-0.00022127
0.00043651
0.00001684
-0.00019786
-0.00163534
0.00074653
0.00041207
-0.00066280
0.00060117
-0.00149987
0.00050259
0.00159221
0.00064057
-0.00014111
0.00060183
0.00072615
0.00150161
0.00107787
0.00122173
0.00038631
0.00080978
-0.00100837
-0.00021431
-0.00164935
0.00213245
-0.03712590
0.00035308
-0.00096333
-0.00036913
0.00023166
0.00052106
0.00044012
-0.00124954
-0.00000407
0.00033085
-0.00070451
0.00036614
-0.00063072
0.00016659
-0.00000582
0.00102859
0.00001474
-0.00105755
-0.00117207
0.00086958
0.00048275
0.00135255
-0.00034150
-0.00032677
0.00097549
0.00123600
-0.00142992
-0.00050770
-0.00074324
0.00067495
0.00055744
0.00039059
0.00024624
-0.00028347
0.00051523
0.00116278
0.00030238
-0.00014525
0.00130454
-0.00023502
0.00039750
0.00003087
-0.00010940
-0.00143137
0.00071442
0.00053543
-0.00061992
0.00066547
-0.00145678
0.00063636
0.00155783
0.00064061
-0.00008194
0.00066666
0.00066818
0.00150715
0.00100806
0.00111644
0.00050017
0.00078956
-0.00091186
-0.00022268
-0.00151638
0.00206770
-0.03761631
0.00032997
-0.00084737
-0.00038686
0.00016762
0.00037538
0.00013769
-0.00131615
0.00006506
0.00033647
-0.00072884
0.00038550
-0.00067067
0.00032286
0.00019260
0.00092529
0.00013332
-0.00110687
-0.00114989
0.00083671
0.00044546
0.00115608
-0.00036057
-0.00018697
0.00107349
0.00136484
-0.00132795
-0.00052454
-0.00077091
0.00060615
0.00047584
0.00047025
0.00028073
-0.00022381
0.00058326
0.00126370
0.00039703
-0.00025823
0.00130745
-0.00023355
0.00043928
0.00004036
-0.00011383
-0.00161571
0.00074694
0.00041689
-0.00064144
0.00076153
-0.00146873
0.00053392
0.00161516
0.00059957
-0.00011585
0.00062269
0.00074939
0.00148096
0.00115616
0.00115443
0.00037726
0.00076582
-0.00102967
-0.00018453
-0.00167635
0.00212346
-0.03727978
0.00032843
-0.00090803
-0.00034227
0.00023291
0.00047825
0.00030240
-0.00125497
0.00004594
0.00033812
-0.00071627
0.00041234
-0.00060107
0.00022293
0.00006203
0.00091682
0.00006897
-0.00109939
-0.00117827
0.00088986
0.00041660
0.00125965
-0.00029325
-0.00027557
0.00106796
0.00128386
-0.00138719
-0.00051884
-0.00073396
0.00062406
0.00056603
0.00046078
0.00024819
-0.00027335
0.00055505
0.00122151
0.00034016
-0.00019963
0.00133975
-0.00024921
0.00041107
0.00003658
-0.00011415
-0.00154930
0.00071648
0.00043449
-0.00063486
0.00055995
-0.00149923
0.00058089
0.00161106
0.00066025
-0.00011568
0.00062296
0.00069365
0.00153997
0.00107271
0.00117733
0.00042236
0.00082514
-0.00095147
-0.00019593
-0.00162558
0.00208499
-0.03743270
0.00038379
-0.00089403
-0.00041178
0.00021818
0.00047917
0.00027545
-0.00133000
0.00005582
0.00032598
-0.00069680
0.00035951
-0.00065175
0.00027689
0.00011863
0.00094660
0.00012340
-0.00107214
-0.00113850
0.00085825
0.00042179
0.00122120
-0.00032319
-0.00027430
0.00108245
0.00132067
-0.00133889
-0.00052763
-0.00079719
0.00065580
0.00051004
0.00043872
0.00024998
-0.00024971
0.00054535
0.00114476
0.00031911
-0.00003521
0.00130924
-0.00024811
0.00040092
0.00000399
0.00000497
-0.00138601
0.00073669
0.00055640
-0.00064736
0.00085810
-0.00146480
0.00061907
0.00154578
0.00066604
-0.00000581
0.00064932
0.00071746
0.00147768
0.00100881
0.00108676
0.00048698
0.00073077
-0.00085232
-0.00009215
-0.00153370
0.00205283
-0.03831289
0.00028752
-0.00088404
-0.00037882
0.00015583
0.00033685
0.00005669
-0.00135713
0.00007921
0.00029227
-0.00071583
0.00042086
-0.00068127
0.00024190
0.00019941
0.00092152
0.00012364
-0.00111256
-0.00110793
0.00085665
0.00048607
0.00113034
-0.00034398
-0.00023434
0.00107955
0.00136201
-0.00138107
-0.00055037
-0.00073820
0.00063100
0.00049514
0.00051150
0.00028867
-0.00027851
0.00055408
0.00115698
0.00028312
-0.00005745
0.00134058
-0.00023145
0.00041154
-0.00000484
-0.00001991
-0.00141569
0.00071313
0.00055794
-0.00064978
0.00088482
-0.00149506
0.00060569
0.00153281
0.00071320
0.00000183
0.00063565
0.00067711
0.00148347
0.00101012
0.00103169
0.00048667
0.00073187
-0.00087502
-0.00014391
-0.00151386
0.00210086
-0.03799893
0.00031224
-0.00087438
-0.00037995
0.00013626
0.00029795
0.00010528
-0.00135737
0.00007240
0.00028556
-0.00072574
0.00043577
-0.00067625
0.00027670
0.00019562
0.00092107
0.00012927
-0.00110974
-0.00111618
0.00084988
0.00047471
0.00111586
-0.00037814
-0.00018208
0.00105473
0.00133765
-0.00137691
-0.00050927
-0.00071978
0.00061910
0.00048315
0.00051104
0.00026018
-0.00024741
0.00055623
0.00118621
0.00025431
-0.00008152
0.00133726
-0.00022188
0.00036566
0.00000616
-0.00000509
-0.00140972
0.00070812
0.00052405
-0.00066951
0.00090199
-0.00147527
0.00060561
0.00153593
0.00072458
-0.00001413
0.00062618
0.00066211
0.00147002
0.00103414
0.00101553
0.00049741
0.00072742
-0.00084020
-0.00016080
-0.00149570
0.00209396
-0.03811142
0.00032398
-0.00085734
-0.00039278
0.00010601
0.00031306
0.00007025
-0.00138307
0.00004180
0.00032758
-0.00076170
0.00045879
-0.00068542
0.00028533
0.00017214
0.00090838
0.00018174
-0.00104272
-0.00108168
0.00089310
0.00048630
0.00110343
-0.00038316
-0.00019947
0.00109183
0.00133625
-0.00140172
-0.00052459
-0.00075146
0.00067239
0.00046189
0.00050759
0.00021081
-0.00025236
0.00056589
0.00116313
0.00025403
-0.00011877
0.00132085
-0.00019946
0.00033062
0.00000676
-0.00003150
-0.00138261
0.00067155
0.00049755
-0.00067758
0.00067855
-0.00146654
0.00059542
0.00158203
0.00072984
-0.00004329
0.00063850
0.00065172
0.00146694
0.00104780
0.00104339
0.00051107
0.00080032
-0.00086090
-0.00017482
-0.00150572
0.00212650
-0.03754252
0.00034140
-0.00083766
-0.00040092
0.00018499
0.00034660
0.00002541
-0.00135347
0.00002216
0.00033046
-0.00073194
0.00047800
-0.00069332
0.00030327
0.00015821
0.00093433
0.00023077
-0.00103767
-0.00106256
0.00085336
0.00049064
0.00109039
-0.00038806
-0.00021437
0.00108054
0.00131638
-0.00136790
-0.00051043
-0.00078690
0.00067211
0.00045694
0.00049119
0.00015502
-0.00025884
0.00055291
0.00119414
0.00025971
-0.00017195
0.00132656
-0.00015490
0.00025950
0.00000252
-0.00004980
-0.00148109
0.00068124
0.00042168
-0.00068842
0.00049975
-0.00144241
0.00057565
0.00159047
0.00071835
-0.00011554
0.00063257
0.00062355
0.00149826
0.00114241
0.00107156
0.00052769
0.00085646
-0.00088321
-0.00018837
-0.00158129
0.00212362
-0.03728081
0.00038471
-0.00081572
-0.00040997
0.00021245
0.00041568
0.00009504
-0.00142151
0.00002465
0.00033069
-0.00066891
0.00046538
-0.00067459
0.00031825
0.00016312
0.00090429
0.00025951
-0.00099221
-0.00103832
0.00088816
0.00048876
0.00110888
-0.00037722
-0.00018316
0.00106377
0.00125879
-0.00138631
-0.00054493
-0.00085820
0.00071442
0.00038036
0.00048191
0.00010805
-0.00022724
0.00055729
0.00118890
0.00029303
-0.00007714
0.00129866
-0.00015956
0.00030468
-0.00003054
-0.00000188
-0.00148516
0.00072251
0.00046113
-0.00069132
0.00096166
-0.00141688
0.00060478
0.00155239
0.00064826
-0.00001305
0.00058102
0.00070916
0.00149126
0.00112027
0.00105863
0.00053897
0.00077558
-0.00088107
-0.00006082
-0.00160364
0.00209473
-0.03840467
0.00029387
-0.00086321
-0.00035287
0.00016076
0.00035866
-0.00000677
-0.00140951
-0.00004545
0.00035006
-0.00068698
0.00048569
-0.00067665
0.00026563
0.00014088
0.00092014
0.00021511
-0.00101705
-0.00106190
0.00086067
0.00053281
0.00110636
-0.00036241
-0.00021978
0.00101498
0.00127077
-0.00142127
-0.00054657
-0.00073801
0.00066935
0.00045029
0.00048953
0.00024627
-0.00028372
0.00056101
0.00115541
0.00027772
-0.00000269
0.00123300
-0.00018262
0.00032496
-0.00003896
0.00005171
-0.00139613
0.00074982
0.00053482
-0.00066882
0.00122028
-0.00143026
0.00062157
0.00152150
0.00062835
0.00005102
0.00056026
0.00073958
0.00146803
0.00110357
0.00100490
0.00055903
0.00069113
-0.00085317
0.00001575
-0.00158677
0.00206625
-0.03900155
0.00023181
-0.00086731
-0.00032480
0.00011645
0.00030768
-0.00004046
-0.00137575
-0.00006177
0.00035356
-0.00070638
0.00047881
-0.00064863
0.00022774
0.00016592
0.00091231
0.00020006
-0.00104878
-0.00108052
0.00086634
0.00054618
0.00108606
-0.00037434
-0.00020501
0.00101917
0.00126923
-0.00145338
-0.00053901
-0.00067532
0.00063330
0.00050169
0.00048305
0.00031018
-0.00030103
0.00058403
0.00113358
0.00024778
-0.00007745
0.00125187
-0.00017110
0.00026222
-0.00004544
-0.00000746
-0.00141542
0.00071859
0.00045133
-0.00068240
0.00080448
-0.00142922
0.00064200
0.00155034
0.00063157
0.00001221
0.00060011
0.00064171
0.00147886
0.00113933
0.00100025
0.00059965
0.00076517
-0.00087939
-0.00005499
-0.00157987
0.00205922
-0.03820617
0.00030486
-0.00081238
-0.00037695
0.00013629
0.00036293
0.00002975
-0.00138543
-0.00007815
0.00037463
-0.00067440
0.00047387
-0.00064182
0.00022371
0.00021186
0.00088563
0.00022392
-0.00098356
-0.00104255
0.00088217
0.00049828
0.00110405
-0.00041987
-0.00019847
0.00107070
0.00125882
-0.00142564
-0.00053657
-0.00074282
0.00065261
0.00044954
0.00046135
0.00025409
-0.00026379
0.00058881
0.00107808
0.00023078
-0.00009963
0.00127417
-0.00017462
0.00025602
-0.00004783
-0.00002138
-0.00137923
0.00068695
0.00043309
-0.00067005
0.00072078
-0.00145179
0.00066173
0.00152134
0.00067101
0.00001330
0.00063478
0.00058818
0.00149056
0.00110631
0.00099810
0.00061609
0.00077182
-0.00082648
-0.00010624
-0.00152342
0.00206770
-0.03793965
0.00034377
-0.00081299
-0.00040366
0.00012795
0.00034151
0.00008325
-0.00136681
-0.00003598
0.00037190
-0.00068183
0.00045353
-0.00062192
0.00027399
0.00024114
0.00086529
0.00021423
-0.00096540
-0.00103488
0.00090338
0.00048198
0.00108289
-0.00047150
-0.00019930
0.00106110
0.00129457
-0.00137536
-0.00055396
-0.00077117
0.00066402
0.00044877
0.00047867
0.00028795
-0.00024960
0.00059038
0.00106472
0.00018792
-0.00016435
0.00127250
-0.00018556
0.00021473
-0.00005461
-0.00012724
-0.00137410
0.00064928
0.00040266
-0.00066449
0.00040381
-0.00144104
0.00065664
0.00154415
0.00069405
-0.00007343
0.00062655
0.00050841
0.00150717
0.00117937
0.00099661
0.00065501
0.00087477
-0.00084642
-0.00024449
-0.00151115
0.00210088
-0.03694932
0.00042704
-0.00080167
-0.00046721
0.00017284
0.00037454
0.00013510
-0.00135839
-0.00001120
0.00038929
-0.00064907
0.00042510
-0.00063765
0.00032823
0.00020700
0.00083542
0.00023782
-0.00095009
-0.00099484
0.00091804
0.00048853
0.00111114
-0.00051363
-0.00021090
0.00113954
0.00129969
-0.00132127
-0.00057867
-0.00083213
0.00069979
0.00037428
0.00048897
0.00020678
-0.00024009
0.00062506
0.00104524
0.00014397
-0.00020661
0.00129330
-0.00017628
0.00022581
-0.00004353
-0.00013439
-0.00141027
0.00063697
0.00040135
-0.00067387
0.00019872
-0.00142837
0.00066616
0.00155450
0.00065237
-0.00012766
0.00063370
0.00046074
0.00147562
0.00125745
0.00096504
0.00066078
0.00093092
-0.00088249
-0.00026945
-0.00158064
0.00207751
-0.03684641
0.00048693
-0.00084140
-0.00049866
0.00013699
0.00043801
0.00014866
-0.00141348
-0.00003390
0.00036907
-0.00063341
0.00038635
-0.00063892
0.00032060
0.00015627
0.00081755
0.00026432
-0.00091710
-0.00095264
0.00095004
0.00052698
0.00110331
-0.00049015
-0.00027745
0.00115260
0.00131840
-0.00131962
-0.00064131
-0.00086865
0.00072682
0.00035502
0.00052785
0.00013524
-0.00019144
0.00061353
0.00104976
0.00019509
-0.00005563
0.00127946
-0.00019656
0.00029080
-0.00005436
-0.00002977
-0.00132942
0.00066008
0.00050637
-0.00065357
0.00051745
-0.00145900
0.00064404
0.00151036
0.00065403
-0.00003966
0.00059941
0.00056532
0.00144663
0.00116578
0.00096407
0.00061686
0.00080034
-0.00085323
-0.00015446
-0.00152654
0.00207070
-0.03781985
0.00038296
-0.00085320
-0.00043826
0.00006819
0.00033728
0.00003008
-0.00134390
-0.00003047
0.00035019
-0.00065744
0.00037097
-0.00067517
0.00031901
0.00020147
0.00085750
0.00021801
-0.00098332
-0.00099668
0.00092024
0.00058418
0.00107553
-0.00046859
-0.00024457
0.00109390
0.00134399
-0.00133161
-0.00062686
-0.00075229
0.00069435
0.00043812
0.00052394
0.00028010
-0.00027356
0.00064955
0.00107037
0.00020591
-0.00009912
0.00129212
-0.00021527
0.00032021
-0.00006921
-0.00008139
-0.00133171
0.00066308
0.00050834
-0.00067208
0.00050836
-0.00145728
0.00063149
0.00152774
0.00062973
-0.00005448
0.00064835
0.00056996
0.00145690
0.00118979
0.00099355
0.00060961
0.00081379
-0.00085991
-0.00020060
-0.00151051
0.00208076
-0.03745880
0.00040532
-0.00083910
-0.00044633
0.00009219
0.00036386
0.00002230
-0.00134427
-0.00001272
0.00035288
-0.00062843
0.00039080
-0.00068571
0.00034999
0.00022253
0.00085072
0.00023464
-0.00094948
-0.00098275
0.00092132
0.00057066
0.00108279
-0.00045924
-0.00025936
0.00108696
0.00134458
-0.00128964
-0.00062930
-0.00079489
0.00066955
0.00041425
0.00051059
0.00024395
-0.00025647
0.00065340
0.00107746
0.00017538
-0.00013460
0.00131754
-0.00020067
0.00027070
-0.00004395
-0.00013529
-0.00136764
0.00061933
0.00046966
-0.00064282
0.00022542
-0.00147425
0.00064162
0.00155320
0.00066875
-0.00014535
0.00069827
0.00051694
0.00149973
0.00120840
0.00097261
0.00059667
0.00087945
-0.00085717
-0.00030122
-0.00148765
0.00205591
-0.03689938
0.00045329
-0.00081793
-0.00047006
0.00011545
0.00039143
0.00006674
-0.00134222
-0.00000421
0.00034605
-0.00063199
0.00037271
-0.00071325
0.00039538
0.00019484
0.00087849
0.00027322
-0.00090705
-0.00097054
0.00093302
0.00053670
0.00111237
-0.00047566
-0.00029414
0.00108654
0.00136244
-0.00132432
-0.00063935
-0.00087253
0.00070695
0.00039209
0.00050528
0.00019402
-0.00022233
0.00064162
0.00106415
0.00022634
-0.00012166
0.00130463
-0.00018306
0.00026942
0.00000685
-0.00013529
-0.00138129
0.00062499
0.00047695
-0.00063112
0.00018949
-0.00147399
0.00065898
0.00156423
0.00064615
-0.00014442
0.00064199
0.00058972
0.00149813
0.00117635
0.00099821
0.00054777
0.00089419
-0.00085143
-0.00031366
-0.00148588
0.00208831
-0.03702698
0.00042645
-0.00080960
-0.00042816
0.00014514
0.00037880
0.00014815
-0.00135606
-0.00000688
0.00032061
-0.00061777
0.00039231
-0.00072477
0.00036837
0.00020732
0.00088356
0.00026027
-0.00095191
-0.00098615
0.00085646
0.00052894
0.00111007
-0.00047045
-0.00028849
0.00109841
0.00140713
-0.00134707
-0.00059611
-0.00086722
0.00070042
0.00039222
0.00049327
0.00021931
-0.00023639
0.00065808
0.00107385
0.00024968
-0.00010379
0.00129128
-0.00017676
0.00027200
-0.00002262
-0.00014091
-0.00142410
0.00065734
0.00045176
-0.00064266
0.00030055
-0.00144460
0.00066316
0.00156526
0.00059128
-0.00012486
0.00061348
0.00061788
0.00150287
0.00123492
0.00099993
0.00056843
0.00088855
-0.00088608
-0.00026156
-0.00154095
0.00207855
-0.03737772
0.00041838
-0.00082390
-0.00040810
0.00013565
0.00039586
0.00012657
-0.00138252
-0.00007512
0.00034207
-0.00059839
0.00040166
-0.00072007
0.00034350
0.00019020
0.00089621
0.00024006
-0.00092908
-0.00097369
0.00086830
0.00054785
0.00113247
-0.00046932
-0.00033800
0.00107179
0.00138642
-0.00137105
-0.00060465
-0.00083591
0.00070474
0.00041267
0.00049255
0.00025429
-0.00027479
0.00066379
0.00099479
0.00024247
-0.00010469
0.00130994
-0.00017896
0.00022791
-0.00000162
-0.00015980
-0.00140204
0.00056603
0.00048555
-0.00063957
0.00015511
-0.00144554
0.00064059
0.00155972
0.00064619
-0.00019750
0.00067018
0.00056221
0.00149933
0.00122006
0.00102228
0.00056742
0.00088078
-0.00092697
-0.00028726
-0.00146103
0.00209167
-0.03674857
0.00044088
-0.00081554
-0.00041100
0.00016756
0.00038985
0.00014164
-0.00135452
-0.00005429
0.00033663
-0.00064429
0.00036565
-0.00076362
0.00037332
0.00018223
0.00090758
0.00026723
-0.00093491
-0.00097119
0.00083134
0.00051411
0.00110905
-0.00045955
-0.00033917
0.00111130
0.00141307
-0.00129518
-0.00062048
-0.00089086
0.00067447
0.00038350
0.00048135
0.00018691
-0.00022526
0.00064671
0.00105031
0.00025427
-0.00012321
0.00130932
-0.00016398
0.00023922
-0.00000481
-0.00016842
-0.00142009
0.00059309
0.00047937
-0.00065089
0.00025816
-0.00146864
0.00064971
0.00155939
0.00062912
-0.00018192
0.00069423
0.00060297
0.00145710
0.00122905
0.00103161
0.00054757
0.00087487
-0.00090161
-0.00028608
-0.00145937
0.00206880
-0.03670846
0.00043714
-0.00084091
-0.00041946
0.00014031
0.00036317
0.00013029
-0.00134835
0.00000153
0.00032448
-0.00066550
0.00036420
-0.00077668
0.00035741
0.00021274
0.00090865
0.00028624
-0.00093156
-0.00100312
0.00080564
0.00053575
0.00108202
-0.00043493
-0.00035998
0.00107013
0.00140139
-0.00124131
-0.00062605
-0.00085992
0.00071126
0.00037393
0.00051837
0.00023337
-0.00023448
0.00065838
0.00101327
0.00025792
-0.00004803
0.00131820
-0.00016681
0.00027279
-0.00004267
-0.00012390
-0.00142767
0.00060791
0.00049754
-0.00063253
0.00049937
-0.00150191
0.00063169
0.00153025
0.00060096
-0.00012628
0.00068750
0.00066006
0.00141986
0.00119665
0.00101187
0.00055047
0.00081260
-0.00086050
-0.00023629
-0.00145945
0.00207078
-0.03726562
0.00037014
-0.00086754
-0.00038905
0.00012355
0.00031194
0.00010748
-0.00133440
-0.00000827
0.00033303
-0.00067378
0.00034300
-0.00078397
0.00032759
0.00018808
0.00091955
0.00028038
-0.00096744
-0.00102641
0.00076224
0.00052383
0.00105946
-0.00039546
-0.00032422
0.00106905
0.00138570
-0.00124326
-0.00062196
-0.00081209
0.00069261
0.00042293
0.00054653
0.00030979
-0.00026067
0.00064561
0.00101661
0.00026260
-0.00015949
0.00137668
-0.00016543
0.00018277
-0.00006600
-0.00023282
-0.00155069
0.00055357
0.00040725
-0.00063061
0.00003203
-0.00151250
0.00060162
0.00158835
0.00057388
-0.00022642
0.00072842
0.00059193
0.00137635
0.00135834
0.00103432
0.00057236
0.00094263
-0.00094402
-0.00030424
-0.00152272
0.00208919
-0.03617414
0.00050937
-0.00083699
-0.00040848
0.00016402
0.00041004
0.00028691
-0.00140992
-0.00004544
0.00031835
-0.00060810
0.00033059
-0.00082504
0.00036360
0.00019011
0.00094538
0.00033407
-0.00089284
-0.00098447
0.00077475
0.00046415
0.00106450
-0.00038389
-0.00037769
0.00108835
0.00134059
-0.00119026
-0.00063323
-0.00094758
0.00079145
0.00034171
0.00056031
0.00019580
-0.00025008
0.00061545
0.00098107
0.00025439
-0.00014043
0.00132445
-0.00018779
0.00022195
-0.00006112
-0.00018127
-0.00148032
0.00055383
0.00047207
-0.00060533
0.00015542
-0.00152098
0.00062515
0.00161010
0.00060669
-0.00020017
0.00067299
0.00062096
0.00140929
0.00123361
0.00105806
0.00055942
0.00091495
-0.00089700
-0.00030519
-0.00148045
0.00206107
-0.03651597
0.00044983
-0.00080865
-0.00044028
0.00016814
0.00036274
0.00022340
-0.00137352
-0.00000594
0.00031572
-0.00064178
0.00034001
-0.00079192
0.00034331
0.00020785
0.00096023
0.00032042
-0.00094080
-0.00104364
0.00075954
0.00042902
0.00104203
-0.00039330
-0.00032186
0.00107529
0.00139188
-0.00119488
-0.00060191
-0.00091947
0.00072961
0.00037768
0.00053250
0.00022603
-0.00023504
0.00063395
0.00097461
0.00031342
-0.00010104
0.00149640
-0.00009694
0.00008695
-0.00028037
-0.00025416
-0.00173927
0.00053812
0.00062449
-0.00043983
0.00072501
-0.00158936
0.00048513
0.00167691
0.00027955
-0.00024210
0.00039226
0.00080430
0.00134452
0.00156711
0.00105575
0.00051522
0.00081919
-0.00119383
-0.00024979
-0.00165046
0.00193654
-0.03742610
0.00029658
-0.00081610
-0.00031702
0.00042537
0.00033138
0.00005626
-0.00142907
-0.00007115
0.00034160
-0.00063144
0.00021589
-0.00081138
0.00015098
0.00004172
0.00116847
0.00035983
-0.00090716
-0.00116898
0.00068166
0.00046681
0.00099134
-0.00027726
-0.00040931
0.00091316
0.00121664
-0.00110068
-0.00052540
-0.00083170
0.00077819
0.00058319
0.00060037
0.00030188
-0.00039635
0.00065365
0.00099732
0.00029142
-0.00009668
0.00135361
-0.00014469
0.00021225
-0.00008902
-0.00017150
-0.00150559
0.00060094
0.00051012
-0.00055561
0.00033750
-0.00151935
0.00063168
0.00160557
0.00052864
-0.00016044
0.00064061
0.00067859
0.00141752
0.00122498
0.00106765
0.00057805
0.00087016
-0.00094285
-0.00025883
-0.00148479
0.00203664
-0.03724288
0.00043806
-0.00083305
-0.00039754
0.00018288
0.00035033
0.00018284
-0.00138142
-0.00000318
0.00030776
-0.00061210
0.00035994
-0.00077793
0.00031962
0.00021840
0.00100299
0.00032599
-0.00095307
-0.00104384
0.00078172
0.00044809
0.00104502
-0.00038637
-0.00031759
0.00107837
0.00136785
-0.00118119
-0.00058741
-0.00089073
0.00071201
0.00043188
0.00055975
0.00024077
-0.00026022
0.00063242
0.00100709
0.00031234
-0.00006570
0.00134162
-0.00013773
0.00023481
-0.00006223
-0.00013510
-0.00151105
0.00063398
0.00052490
-0.00054558
0.00057945
-0.00150654
0.00063793
0.00158101
0.00050971
-0.00011037
0.00061173
0.00071845
0.00139822
0.00120564
0.00106610
0.00057467
0.00083335
-0.00093346
-0.00020290
-0.00148381
0.00203522
-0.03777505
0.00037374
-0.00084684
-0.00035635
0.00015091
0.00032398
0.00014508
-0.00138702
-0.00003120
0.00031779
-0.00062607
0.00037475
-0.00076098
0.00029939
0.00021639
0.00100504
0.00031259
-0.00096244
-0.00106835
0.00077185
0.00046928
0.00102743
-0.00036767
-0.00033648
0.00103600
0.00136643
-0.00119026
-0.00059940
-0.00082205
0.00069308
0.00046510
0.00057799
0.00028271
-0.00026970
0.00062568
0.00100809
0.00035215
-0.00008260
0.00136901
-0.00011554
0.00022688
-0.00001914
-0.00018006
-0.00147733
0.00061596
0.00050303
-0.00054956
0.00033096
-0.00146736
0.00065162
0.00160300
0.00054992
-0.00011289
0.00064354
0.00066927
0.00145441
0.00119144
0.00107150
0.00060566
0.00085039
-0.00091758
-0.00024286
-0.00142814
0.00204855
-0.03722952
0.00040311
-0.00081782
-0.00040487
0.00018445
0.00031073
0.00013430
-0.00140687
0.00001266
0.00032048
-0.00064061
0.00037590
-0.00074251
0.00034977
0.00022459
0.00096686
0.00032170
-0.00097122
-0.00104744
0.00076358
0.00043781
0.00107555
-0.00038648
-0.00033723
0.00105257
0.00139339
-0.00119275
-0.00059160
-0.00088455
0.00069322
0.00044021
0.00053584
0.00026306
-0.00026948
0.00060728
0.00097002
0.00038198
-0.00007316
0.00135721
-0.00015959
0.00023181
-0.00002738
-0.00017806
-0.00149523
0.00062819
0.00052427
-0.00056536
0.00031009
-0.00147532
0.00063587
0.00164200
0.00057996
-0.00013620
0.00064102
0.00064668
0.00143879
0.00119574
0.00107284
0.00059894
0.00087734
-0.00090037
-0.00025674
-0.00143035
0.00206787
-0.03707789
0.00041047
-0.00084585
-0.00039784
0.00017594
0.00029990
0.00012241
-0.00142719
0.00001393
0.00028428
-0.00063793
0.00035629
-0.00076455
0.00036866
0.00023839
0.00096726
0.00032689
-0.00096612
-0.00103663
0.00076259
0.00043708
0.00106295
-0.00040150
-0.00031380
0.00104714
0.00142453
-0.00122846
-0.00056335
-0.00086327
0.00068070
0.00042755
0.00054314
0.00027008
-0.00024396
0.00062149
0.00097158
0.00038019
-0.00008881
0.00138070
-0.00016180
0.00022846
-0.00003688
-0.00021452
-0.00151304
0.00062251
0.00052685
-0.00057333
0.00024441
-0.00145929
0.00070007
0.00163985
0.00056425
-0.00013942
0.00064467
0.00066866
0.00147485
0.00122803
0.00106958
0.00061759
0.00088623
-0.00091105
-0.00024650
-0.00142453
0.00207145
-0.03700607
0.00044264
-0.00084324
-0.00044529
0.00019532
0.00028223
0.00017185
-0.00147769
0.00003058
0.00028557
-0.00064399
0.00036669
-0.00077455
0.00040322
0.00023438
0.00096659
0.00033423
-0.00095733
-0.00102713
0.00075222
0.00042287
0.00109825
-0.00040920
-0.00029116
0.00105205
0.00143257
-0.00119302
-0.00057173
-0.00089590
0.00067391
0.00039574
0.00055252
0.00026267
-0.00026699
0.00063672
0.00084972
0.00053477
-0.00007362
0.00142367
-0.00015272
0.00018038
-0.00008755
-0.00028149
-0.00171556
0.00060812
0.00049606
-0.00055716
-0.00002558
-0.00141781
0.00062998
0.00181850
0.00047442
-0.00025641
0.00056619
0.00072678
0.00137913
0.00156934
0.00107362
0.00060355
0.00097896
-0.00102089
-0.00027727
-0.00152890
0.00212468
-0.03597026
0.00047134
-0.00085286
-0.00041391
0.00029894
0.00026882
0.00016405
-0.00162520
-0.00004766
0.00022164
-0.00057974
0.00034560
-0.00079373
0.00039978
0.00018199
0.00100978
0.00044603
-0.00086307
-0.00098703
0.00070217
0.00038681
0.00110227
-0.00033325
-0.00038760
0.00098976
0.00145475
-0.00121082
-0.00057720
-0.00092933
0.00071053
0.00038590
0.00060541
0.00021861
-0.00032874
0.00068117
0.00098203
0.00037067
-0.00004580
0.00133257
-0.00020986
0.00027432
-0.00004722
-0.00015930
-0.00147407
0.00064489
0.00055783
-0.00058531
0.00054258
-0.00147783
0.00070727
0.00161558
0.00056849
-0.00011369
0.00059075
0.00074093
0.00143526
0.00119032
0.00105318
0.00058035
0.00080602
-0.00087670
-0.00019877
-0.00142215
0.00208389
-0.03766005
0.00032617
-0.00087504
-0.00038462
0.00016248
0.00023614
0.00011149
-0.00140035
0.00003767
0.00027515
-0.00064683
0.00039057
-0.00079041
0.00033813
0.00023204
0.00094078
0.00026322
-0.00102824
-0.00105825
0.00075847
0.00043457
0.00106396
-0.00039333
-0.00023825
0.00100649
0.00142806
-0.00123919
-0.00060418
-0.00083254
0.00062506
0.00043135
0.00054780
0.00031620
-0.00030041
0.00066922
0.00097209
0.00035932
-0.00006123
0.00132556
-0.00021436
0.00020854
-0.00003005
-0.00017599
-0.00147676
0.00064720
0.00053252
-0.00058218
0.00045229
-0.00145905
0.00069284
0.00165075
0.00054059
-0.00011650
0.00060623
0.00072186
0.00144255
0.00121249
0.00104846
0.00058780
0.00083531
-0.00086687
-0.00024466
-0.00139547
0.00206786
-0.03756955
0.00038348
-0.00086149
-0.00041556
0.00017287
0.00026558
0.00015968
-0.00141415
0.00005524
0.00026487
-0.00064511
0.00037255
-0.00080378
0.00036840
0.00018777
0.00094493
0.00028396
-0.00101870
-0.00104159
0.00079302
0.00038706
0.00106393
-0.00041916
-0.00025451
0.00104241
0.00142840
-0.00121662
-0.00059269
-0.00089708
0.00065338
0.00039970
0.00055755
0.00030690
-0.00030258
0.00067487
0.00095768
0.00032028
-0.00011677
0.00132404
-0.00023796
0.00016952
-0.00001528
-0.00017829
-0.00146972
0.00062865
0.00049695
-0.00055461
0.00017727
-0.00148218
0.00068345
0.00166903
0.00056267
-0.00018194
0.00063376
0.00067435
0.00147145
0.00122903
0.00107750
0.00061065
0.00089381
-0.00087696
-0.00027477
-0.00140094
0.00208815
-0.03703720
0.00040744
-0.00084544
-0.00043982
0.00020940
0.00030222
0.00022013
-0.00139632
0.00006536
0.00026607
-0.00061885
0.00034503
-0.00080539
0.00036981
0.00020463
0.00097000
0.00028543
-0.00097543
-0.00102557
0.00079430
0.00037193
0.00111228
-0.00045652
-0.00026211
0.00106099
0.00142794
-0.00121763
-0.00059048
-0.00095179
0.00068401
0.00037974
0.00054741
0.00024030
-0.00031288
0.00068821
0.00100900
0.00032541
-0.00014067
0.00132731
-0.00022332
0.00018325
-0.00001567
-0.00019099
-0.00149140
0.00064961
0.00048445
-0.00056779
0.00022385
-0.00149692
0.00069323
0.00167041
0.00055330
-0.00017476
0.00066107
0.00070314
0.00143574
0.00124226
0.00108417
0.00059618
0.00089583
-0.00085849
-0.00028052
-0.00140300
0.00206505
-0.03693016
0.00041868
-0.00086352
-0.00045229
0.00018089
0.00028966
0.00022317
-0.00139996
0.00011639
0.00025618
-0.00063408
0.00034484
-0.00081770
0.00036344
0.00023546
0.00097308
0.00030777
-0.00096719
-0.00105157
0.00077779
0.00039013
0.00108922
-0.00043255
-0.00027989
0.00103180
0.00141887
-0.00116904
-0.00059840
-0.00093659
0.00072094
0.00036422
0.00057952
0.00027052
-0.00031561
0.00069395
0.00101780
0.00033306
-0.00011962
0.00131757
-0.00021864
0.00020038
-0.00003291
-0.00016904
-0.00148025
0.00066380
0.00052917
-0.00056629
0.00045771
-0.00152552
0.00069187
0.00165723
0.00052784
-0.00012032
0.00063387
0.00073477
0.00141647
0.00123331
0.00109089
0.00059145
0.00085336
-0.00084849
-0.00024634
-0.00141204
0.00207509
-0.03740037
0.00037970
-0.00088653
-0.00044559
0.00016898
0.00024376
0.00020300
-0.00137781
0.00012591
0.00025163
-0.00063208
0.00036660
-0.00077716
0.00035345
0.00025019
0.00098396
0.00032239
-0.00098203
-0.00108188
0.00076497
0.00043494
0.00107376
-0.00043568
-0.00029436
0.00101851
0.00141388
-0.00116653
-0.00060058
-0.00087078
0.00071872
0.00042110
0.00062681
0.00032139
-0.00032766
0.00068349
0.00097583
0.00030594
-0.00008667
0.00131201
-0.00018359
0.00021077
-0.00003045
-0.00015852
-0.00142608
0.00065309
0.00052356
-0.00055369
0.00050144
-0.00150142
0.00072429
0.00165070
0.00055096
-0.00008904
0.00066211
0.00068866
0.00142333
0.00115756
0.00111030
0.00058910
0.00085101
-0.00083314
-0.00022462
-0.00140251
0.00206201
-0.03767230
0.00037294
-0.00087332
-0.00046635
0.00012920
0.00025155
0.00020324
-0.00137216
0.00012689
0.00027513
-0.00065820
0.00036059
-0.00078750
0.00036499
0.00025863
0.00098166
0.00029480
-0.00102255
-0.00110007
0.00075557
0.00041583
0.00105834
-0.00043678
-0.00028348
0.00104265
0.00145289
-0.00118386
-0.00059324
-0.00086331
0.00069634
0.00041878
0.00061698
0.00032778
-0.00030176
0.00066457
0.00098879
0.00027877
-0.00009193
0.00130580
-0.00020852
0.00024487
-0.00003059
-0.00018854
-0.00141284
0.00064179
0.00049818
-0.00053772
0.00046349
-0.00148925
0.00071882
0.00164314
0.00059676
-0.00010152
0.00067944
0.00065272
0.00142543
0.00114419
0.00111075
0.00061332
0.00085006
-0.00084094
-0.00023170
-0.00138860
0.00205349
-0.03761587
0.00038872
-0.00087139
-0.00046900
0.00010883
0.00026827
0.00021862
-0.00136778
0.00013949
0.00026201
-0.00063566
0.00036435
-0.00080629
0.00040671
0.00025504
0.00098917
0.00030714
-0.00101029
-0.00111050
0.00076466
0.00040361
0.00104105
-0.00043409
-0.00026327
0.00105619
0.00147155
-0.00118857
-0.00057860
-0.00087480
0.00069119
0.00039368
0.00063372
0.00030465
-0.00027349
0.00066510
0.00099200
0.00025908
-0.00023784
0.00136376
-0.00025020
0.00016267
-0.00003898
-0.00027998
-0.00149701
0.00058478
0.00041716
-0.00054026
-0.00010704
-0.00146790
0.00071134
0.00170189
0.00061236
-0.00025969
0.00070502
0.00056668
0.00144030
0.00127074
0.00115077
0.00065700
0.00096314
-0.00090322
-0.00035532
-0.00141855
0.00210087
-0.03636315
0.00049305
-0.00082538
-0.00052104
0.00014580
0.00035266
0.00034347
-0.00142496
0.00016837
0.00025602
-0.00059012
0.00033666
-0.00082722
0.00048898
0.00032241
0.00101638
0.00032275
-0.00094149
-0.00109411
0.00079457
0.00037703
0.00105720
-0.00047548
-0.00023558
0.00109999
0.00147761
-0.00112119
-0.00058722
-0.00106412
0.00076498
0.00030124
0.00060293
0.00019174
-0.00022212
0.00068489
0.00100253
0.00024724
-0.00014892
0.00132862
-0.00024094
0.00025060
-0.00006369
-0.00020380
-0.00142208
0.00061812
0.00049801
-0.00054598
0.00033967
-0.00147130
0.00071104
0.00161280
0.00061784
-0.00017742
0.00065462
0.00062457
0.00142846
0.00117491
0.00109906
0.00063035
0.00086365
-0.00085190
-0.00026638
-0.00140585
0.00205288
-0.03723671
0.00043440
-0.00084622
-0.00048530
0.00012234
0.00031787
0.00024795
-0.00136599
0.00013561
0.00028427
-0.00059041
0.00036292
-0.00082079
0.00042290
0.00030473
0.00100232
0.00032149
-0.00100937
-0.00109676
0.00078661
0.00043897
0.00104795
-0.00046634
-0.00017891
0.00109144
0.00148023
-0.00117036
-0.00056554
-0.00091824
0.00071076
0.00036763
0.00061596
0.00029052
-0.00025271
0.00065779
0.00100282
0.00022561
-0.00016211
0.00131805
-0.00025980
0.00025874
-0.00004660
-0.00023006
-0.00142636
0.00061566
0.00050366
-0.00057325
0.00024993
-0.00149264
0.00072950
0.00160618
0.00061930
-0.00020536
0.00069776
0.00062503
0.00145382
0.00115264
0.00113515
0.00063342
0.00091219
-0.00085354
-0.00029677
-0.00140335
0.00209430
-0.03703637
0.00044769
-0.00080380
-0.00053050
0.00013480
0.00033302
0.00026982
-0.00138183
0.00011020
0.00028775
-0.00060293
0.00037681
-0.00083833
0.00043180
0.00032920
0.00099714
0.00031384
-0.00102649
-0.00109160
0.00080155
0.00042406
0.00106531
-0.00046777
-0.00017829
0.00110807
0.00149673
-0.00117467
-0.00057608
-0.00093083
0.00072058
0.00036287
0.00063298
0.00026297
-0.00023249
0.00066118
0.00099244
0.00022215
-0.00019234
0.00144007
-0.00034107
0.00022737
-0.00019493
-0.00038876
-0.00162832
0.00068241
0.00077610
-0.00045278
0.00071771
-0.00167150
0.00068367
0.00157401
0.00035925
-0.00040278
0.00054529
0.00087003
0.00146569
0.00133320
0.00123950
0.00063422
0.00089564
-0.00099069
-0.00038117
-0.00138758
0.00211754
-0.03732926
0.00028561
-0.00071738
-0.00056005
0.00044280
0.00023934
0.00017151
-0.00135233
0.00011349
0.00031951
-0.00050969
0.00028005
-0.00098266
0.00029550
0.00040991
0.00118977
0.00041986
-0.00109885
-0.00117254
0.00072779
0.00054074
0.00112047
-0.00049983
-0.00006713
0.00096860
0.00150325
-0.00108513
-0.00050802
-0.00073776
0.00081432
0.00060964
0.00085178
0.00043354
-0.00041106
0.00075082
0.00100518
0.00026327
-0.00014908
0.00131615
-0.00023857
0.00028771
-0.00008532
-0.00023701
-0.00142953
0.00066165
0.00053181
-0.00054864
0.00036628
-0.00150381
0.00072990
0.00159591
0.00055758
-0.00017706
0.00066915
0.00066159
0.00147043
0.00114857
0.00111752
0.00064848
0.00085908
-0.00084769
-0.00024936
-0.00142651
0.00210439
-0.03753269
0.00042223
-0.00083609
-0.00049910
0.00011733
0.00031262
0.00026731
-0.00138716
0.00008694
0.00030564
-0.00060734
0.00037115
-0.00081592
0.00040148
0.00032374
0.00101002
0.00030180
-0.00102299
-0.00110599
0.00078212
0.00042232
0.00105714
-0.00045759
-0.00018775
0.00108335
0.00145482
-0.00116203
-0.00059956
-0.00090312
0.00072457
0.00039876
0.00066155
0.00031537
-0.00025386
0.00066684
0.00100186
0.00025280
-0.00014541
0.00129885
-0.00023644
0.00027986
-0.00007983
-0.00024342
-0.00137198
0.00064309
0.00050175
-0.00056936
0.00029187
-0.00151451
0.00075781
0.00159177
0.00058947
-0.00019235
0.00070534
0.00061932
0.00149117
0.00109998
0.00110162
0.00062490
0.00089938
-0.00083027
-0.00026668
-0.00139875
0.00211898
-0.03723312
0.00043520
-0.00082153
-0.00049659
0.00013527
0.00035112
0.00022801
-0.00137629
0.00009808
0.00032131
-0.00061526
0.00035504
-0.00078814
0.00040220
0.00032751
0.00099430
0.00027731
-0.00101574
-0.00111395
0.00079865
0.00039392
0.00103668
-0.00045759
-0.00018909
0.00111260
0.00147183
-0.00119275
-0.00054374
-0.00090379
0.00069650
0.00035748
0.00062555
0.00028122
-0.00023774
0.00065124
0.00100217
0.00023795
-0.00019801
0.00131452
-0.00024765
0.00030115
-0.00005971
-0.00026307
-0.00141182
0.00064033
0.00046503
-0.00058290
0.00015054
-0.00153526
0.00075513
0.00158632
0.00058594
-0.00024442
0.00071709
0.00062762
0.00150277
0.00114981
0.00112581
0.00062071
0.00094064
-0.00087095
-0.00032473
-0.00137294
0.00214573
-0.03677393
0.00048689
-0.00080410
-0.00053489
0.00016467
0.00037909
0.00028674
-0.00138963
0.00009487
0.00033906
-0.00061848
0.00030298
-0.00075573
0.00039495
0.00032880
0.00100338
0.00030928
-0.00099837
-0.00113814
0.00079445
0.00033968
0.00105409
-0.00046217
-0.00016966
0.00112168
0.00148009
-0.00115826
-0.00054678
-0.00093742
0.00074894
0.00032115
0.00061793
0.00024535
-0.00020908
0.00065434
0.00100944
0.00023508
-0.00019110
0.00136073
-0.00028770
0.00030323
-0.00003413
-0.00024612
-0.00136688
0.00063124
0.00045707
-0.00058921
0.00018935
-0.00150371
0.00075441
0.00157331
0.00062316
-0.00021106
0.00070357
0.00061894
0.00152981
0.00109651
0.00114109
0.00063775
0.00097335
-0.00086961
-0.00036439
-0.00135634
0.00210324
-0.03676922
0.00046790
-0.00081076
-0.00052075
0.00019238
0.00036895
0.00020153
-0.00136602
0.00007057
0.00032280
-0.00066572
0.00032103
-0.00076553
0.00034750
0.00030125
0.00101421
0.00030849
-0.00102540
-0.00114392
0.00076180
0.00033495
0.00105564
-0.00043145
-0.00016452
0.00114921
0.00149812
-0.00117783
-0.00057240
-0.00091474
0.00072596
0.00033471
0.00061476
0.00025852
-0.00020767
0.00066640
0.00095089
0.00029419
-0.00029908
0.00140332
-0.00039614
0.00035010
-0.00009008
-0.00033758
-0.00146416
0.00066631
0.00035900
-0.00058103
-0.00015592
-0.00161956
0.00076534
0.00163428
0.00052957
-0.00041434
0.00068246
0.00074822
0.00152671
0.00126969
0.00122688
0.00063847
0.00113146
-0.00088534
-0.00049665
-0.00134287
0.00223585
-0.03544953
0.00053924
-0.00078578
-0.00058662
0.00033809
0.00041224
0.00033414
-0.00139953
0.00003994
0.00032859
-0.00062099
0.00023652
-0.00074165
0.00020730
0.00034882
0.00112179
0.00043537
-0.00098919
-0.00121247
0.00067689
0.00016502
0.00105699
-0.00036849
-0.00011667
0.00116375
0.00156613
-0.00111531
-0.00061358
-0.00096981
0.00087122
0.00029824
0.00074577
0.00024033
-0.00025726
0.00072732
0.00104973
0.00026265
-0.00012006
0.00132591
-0.00030151
0.00033445
-0.00002082
-0.00017233
-0.00133605
0.00062868
0.00051325
-0.00058049
0.00048803
-0.00150788
0.00072503
0.00154052
0.00061523
-0.00014265
0.00068818
0.00068769
0.00148309
0.00107107
0.00112099
0.00061045
0.00089379
-0.00083393
-0.00027577
-0.00139174
0.00210127
-0.03731432
0.00039578
-0.00084215
-0.00046505
0.00015147
0.00033973
0.00013130
-0.00133027
0.00003464
0.00030651
-0.00069615
0.00034962
-0.00073971
0.00030802
0.00029871
0.00098881
0.00028174
-0.00104321
-0.00114702
0.00075304
0.00038893
0.00107194
-0.00039788
-0.00018809
0.00114491
0.00148760
-0.00121795
-0.00055745
-0.00083568
0.00068522
0.00040303
0.00059570
0.00032847
-0.00021400
0.00064957
0.00103688
0.00024311
-0.00010528
0.00132179
-0.00028645
0.00033366
-0.00000916
-0.00016735
-0.00131739
0.00061545
0.00049542
-0.00060686
0.00047604
-0.00151089
0.00072408
0.00152047
0.00060515
-0.00015740
0.00071602
0.00063733
0.00147386
0.00105126
0.00111665
0.00060161
0.00090218
-0.00081508
-0.00031880
-0.00138632
0.00210654
-0.03735600
0.00037897
-0.00081451
-0.00047502
0.00015810
0.00032278
0.00009667
-0.00135691
-0.00000032
0.00033247
-0.00072964
0.00034404
-0.00071520
0.00030226
0.00028739
0.00097741
0.00030186
-0.00101093
-0.00116105
0.00073079
0.00039030
0.00107880
-0.00040813
-0.00017030
0.00112747
0.00149162
-0.00123519
-0.00058853
-0.00082481
0.00071673
0.00038647
0.00057299
0.00033682
-0.00019833
0.00066067
0.00100713
0.00032283
-0.00018982
0.00131929
-0.00037629
0.00034797
-0.00004692
-0.00023924
-0.00133823
0.00063172
0.00043339
-0.00056219
0.00019535
-0.00162188
0.00070268
0.00155364
0.00052425
-0.00035306
0.00070194
0.00075874
0.00146477
0.00119091
0.00121150
0.00060837
0.00100881
-0.00081901
-0.00043178
-0.00137368
0.00224293
-0.03600258
0.00039971
-0.00078045
-0.00049871
0.00032112
0.00035161
0.00013902
-0.00132757
-0.00006251
0.00035346
-0.00071494
0.00026546
-0.00065616
0.00014733
0.00037281
0.00104817
0.00038381
-0.00097377
-0.00121901
0.00064918
0.00025553
0.00111482
-0.00036254
-0.00013367
0.00114768
0.00152365
-0.00117451
-0.00059595
-0.00085612
0.00081067
0.00039739
0.00066004
0.00034364
-0.00023262
0.00072684
0.00105725
0.00027015
-0.00011045
0.00133022
-0.00029453
0.00035869
-0.00000362
-0.00012158
-0.00133086
0.00061545
0.00054967
-0.00061879
0.00048116
-0.00151639
0.00070665
0.00153094
0.00060684
-0.00016162
0.00069824
0.00065480
0.00146144
0.00108215
0.00109500
0.00054227
0.00086436
-0.00083185
-0.00032073
-0.00140186
0.00208634
-0.03741760
0.00032786
-0.00084934
-0.00044097
0.00015344
0.00030759
0.00003518
-0.00130612
0.00000632
0.00031330
-0.00073115
0.00034108
-0.00070682
0.00030096
0.00026010
0.00098030
0.00025465
-0.00102006
-0.00120087
0.00075099
0.00040720
0.00108103
-0.00038356
-0.00014957
0.00110830
0.00147027
-0.00127246
-0.00053811
-0.00080131
0.00066386
0.00041013
0.00054786
0.00033762
-0.00019568
0.00066149
0.00106273
0.00026502
-0.00015366
0.00132702
-0.00029654
0.00033166
-0.00000108
-0.00015397
-0.00133133
0.00058132
0.00053661
-0.00065973
0.00036780
-0.00154006
0.00068621
0.00154157
0.00064219
-0.00016910
0.00069867
0.00060611
0.00144369
0.00106567
0.00108420
0.00054197
0.00089783
-0.00081945
-0.00033856
-0.00139556
0.00210005
-0.03711278
0.00035648
-0.00084928
-0.00048146
0.00014374
0.00032658
0.00011293
-0.00129967
0.00001232
0.00029167
-0.00073906
0.00035420
-0.00072294
0.00033346
0.00024481
0.00097656
0.00027293
-0.00100525
-0.00118996
0.00072865
0.00040315
0.00108512
-0.00042453
-0.00018185
0.00112251
0.00146361
-0.00124050
-0.00054138
-0.00083189
0.00069476
0.00038615
0.00053272
0.00028504
-0.00017335
0.00064985
0.00105297
0.00038540
-0.00038907
0.00131059
-0.00042885
0.00037099
-0.00007269
-0.00027815
-0.00144412
0.00054638
0.00049042
-0.00073857
-0.00009122
-0.00173706
0.00062474
0.00160988
0.00060121
-0.00036911
0.00067460
0.00067977
0.00135206
0.00124778
0.00114617
0.00052903
0.00105093
-0.00081649
-0.00044376
-0.00142536
0.00225816
-0.03529835
0.00042566
-0.00089520
-0.00058397
0.00023587
0.00037427
0.00037886
-0.00123943
-0.00000857
0.00024968
-0.00071233
0.00029646
-0.00068911
0.00022086
0.00028502
0.00105705
0.00035372
-0.00094418
-0.00129420
0.00062184
0.00027386
0.00114579
-0.00044681
-0.00020185
0.00114711
0.00145965
-0.00109648
-0.00053012
-0.00087360
0.00084062
0.00040267
0.00060505
0.00022209
-0.00018958
0.00068649
0.00108596
0.00027879
-0.00011284
0.00129450
-0.00028613
0.00035252
-0.00001281
-0.00012196
-0.00133435
0.00058252
0.00056533
-0.00066168
0.00055551
-0.00155149
0.00069774
0.00151232
0.00063477
-0.00013808
0.00069200
0.00064113
0.00144703
0.00107403
0.00108252
0.00052051
0.00082565
-0.00083846
-0.00028442
-0.00139855
0.00211070
-0.03741847
0.00030813
-0.00086790
-0.00047061
0.00013320
0.00028043
0.00005205
-0.00128078
0.00003405
0.00031172
-0.00077125
0.00037466
-0.00075402
0.00030884
0.00023459
0.00097073
0.00026633
-0.00105231
-0.00116566
0.00073601
0.00043792
0.00106571
-0.00044298
-0.00017584
0.00108861
0.00142002
-0.00121391
-0.00054188
-0.00080286
0.00069694
0.00045708
0.00053884
0.00033794
-0.00017919
0.00064764
0.00107209
0.00027077
-0.00017554
0.00129854
-0.00027302
0.00031334
-0.00000959
-0.00017916
-0.00135970
0.00057925
0.00055184
-0.00065933
0.00041107
-0.00150996
0.00066911
0.00151225
0.00066862
-0.00016723
0.00070176
0.00064137
0.00144181
0.00111139
0.00110094
0.00055302
0.00084902
-0.00088494
-0.00029365
-0.00137628
0.00212305
-0.03688903
0.00036728
-0.00084908
-0.00051357
0.00016029
0.00031263
0.00011595
-0.00128864
0.00002113
0.00030269
-0.00074012
0.00034081
-0.00078055
0.00029672
0.00025456
0.00098958
0.00027053
-0.00103919
-0.00115389
0.00075107
0.00043838
0.00105897
-0.00046269
-0.00020035
0.00108634
0.00142353
-0.00120512
-0.00054188
-0.00083983
0.00070713
0.00041819
0.00054327
0.00029773
-0.00018632
0.00063308
0.00105112
0.00032656
-0.00033515
0.00123424
-0.00036978
0.00037366
-0.00005425
-0.00025637
-0.00142345
0.00057176
0.00058958
-0.00070037
0.00030503
-0.00157733
0.00061538
0.00149941
0.00066948
-0.00028244
0.00065954
0.00080125
0.00137787
0.00125722
0.00114532
0.00054561
0.00085898
-0.00095480
-0.00028759
-0.00135288
0.00227237
-0.03575409
0.00038453
-0.00088123
-0.00060473
0.00025775
0.00030528
0.00022663
-0.00119715
-0.00001613
0.00027701
-0.00071487
0.00028731
-0.00081887
0.00012010
0.00029570
0.00107940
0.00030405
-0.00107552
-0.00120877
0.00071544
0.00040807
0.00105636
-0.00050982
-0.00019446
0.00106653
0.00142891
-0.00113759
-0.00054306
-0.00083820
0.00078169
0.00049568
0.00062837
0.00031954
-0.00024454
0.00064587
0.00106501
0.00029345
-0.00023320
0.00128897
-0.00034314
0.00034819
-0.00002245
-0.00020173
-0.00138318
0.00056458
0.00054936
-0.00068647
0.00026818
-0.00157267
0.00064363
0.00151910
0.00069482
-0.00023178
0.00065860
0.00071721
0.00145447
0.00116672
0.00114588
0.00053324
0.00088584
-0.00089499
-0.00028635
-0.00137849
0.00219053
-0.03644023
0.00039920
-0.00087749
-0.00058446
0.00022679
0.00034021
0.00017427
-0.00126765
-0.00000480
0.00028031
-0.00071300
0.00028783
-0.00080139
0.00020506
0.00026829
0.00105170
0.00030160
-0.00103677
-0.00116701
0.00072620
0.00041513
0.00107026
-0.00048383
-0.00022049
0.00109408
0.00142819
-0.00116763
-0.00054585
-0.00085968
0.00076333
0.00045400
0.00056317
0.00030915
-0.00021943
0.00063317
0.00107578
0.00031006
-0.00003253
0.00126810
-0.00026685
0.00036351
-0.00000613
-0.00006414
-0.00132524
0.00063942
0.00063818
-0.00065333
0.00104570
-0.00152489
0.00066666
0.00147564
0.00060612
-0.00001811
0.00061454
0.00076136
0.00141705
0.00100629
0.00107330
0.00051562
0.00073652
-0.00082449
-0.00014031
-0.00141358
0.00208865
-0.03843389
0.00026138
-0.00091381
-0.00042154
0.00013088
0.00025151
0.00001210
-0.00127598
0.00002043
0.00029003
-0.00076739
0.00039176
-0.00074458
0.00024257
0.00023499
0.00095962
0.00025010
-0.00110734
-0.00116925
0.00071300
0.00053523
0.00104038
-0.00039471
-0.00021723
0.00105589
0.00146369
-0.00127110
-0.00055286
-0.00070251
0.00065952
0.00052369
0.00054136
0.00044167
-0.00025240
0.00062227
0.00104733
0.00029294
-0.00014921
0.00128273
-0.00025377
0.00029540
-0.00000109
-0.00015639
-0.00134538
0.00059031
0.00058931
-0.00066712
0.00049935
-0.00154670
0.00063050
0.00152630
0.00066193
-0.00013621
0.00069157
0.00067773
0.00144741
0.00103075
0.00110944
0.00053590
0.00083770
-0.00085760
-0.00027379
-0.00139754
0.00210919
-0.03723940
0.00038642
-0.00084708
-0.00050357
0.00018031
0.00031402
0.00015360
-0.00130243
0.00004131
0.00032695
-0.00072157
0.00034819
-0.00075585
0.00030178
0.00023594
0.00096915
0.00028361
-0.00105446
-0.00114281
0.00069903
0.00046607
0.00103236
-0.00041402
-0.00021907
0.00107195
0.00144736
-0.00120519
-0.00054895
-0.00078221
0.00070591
0.00043687
0.00051883
0.00033565
-0.00019897
0.00063241
0.00102590
0.00026944
-0.00018271
0.00131227
-0.00024445
0.00028530
-0.00000461
-0.00016921
-0.00139055
0.00057078
0.00055587
-0.00064613
0.00042278
-0.00152652
0.00063098
0.00154517
0.00068496
-0.00015909
0.00071275
0.00062619
0.00142305
0.00102492
0.00111532
0.00050878
0.00087376
-0.00088825
-0.00029827
-0.00139222
0.00210612
-0.03696043
0.00039393
-0.00084069
-0.00051065
0.00019765
0.00032729
0.00018092
-0.00127714
0.00008321
0.00027901
-0.00068557
0.00033794
-0.00076661
0.00033277
0.00024854
0.00094556
0.00027983
-0.00103700
-0.00112568
0.00069181
0.00046989
0.00103209
-0.00041155
-0.00022651
0.00106759
0.00144184
-0.00118628
-0.00052665
-0.00081083
0.00071605
0.00040536
0.00052796
0.00028404
-0.00017700
0.00062963
0.00101363
0.00026052
-0.00025629
0.00132711
-0.00024767
0.00025680
-0.00000608
-0.00019651
-0.00144144
0.00055649
0.00051310
-0.00066270
0.00028980
-0.00155583
0.00061885
0.00156232
0.00070540
-0.00020911
0.00072999
0.00062808
0.00145796
0.00105575
0.00117635
0.00049150
0.00093503
-0.00090526
-0.00031489
-0.00140794
0.00212059
-0.03658729
0.00042508
-0.00083843
-0.00056904
0.00023056
0.00037032
0.00022676
-0.00129143
0.00010407
0.00029603
-0.00066742
0.00029857
-0.00077697
0.00034109
0.00019185
0.00092561
0.00029265
-0.00103993
-0.00112778
0.00066972
0.00045070
0.00100824
-0.00042027
-0.00028013
0.00106896
0.00143431
-0.00115660
-0.00051444
-0.00080854
0.00075008
0.00035217
0.00053115
0.00025766
-0.00015878
0.00062786
0.00103685
0.00029363
-0.00014449
0.00129713
-0.00024428
0.00029960
-0.00003367
-0.00012925
-0.00143423
0.00061155
0.00056446
-0.00065874
0.00079800
-0.00152928
0.00063246
0.00152046
0.00062419
-0.00010164
0.00066365
0.00072495
0.00144567
0.00102912
0.00115250
0.00049854
0.00083792
-0.00089451
-0.00017884
-0.00144722
0.00209279
-0.03787591
0.00033084
-0.00088248
-0.00049245
0.00017747
0.00031912
0.00011344
-0.00128201
0.00003740
0.00031307
-0.00067497
0.00033873
-0.00077505
0.00028604
0.00017067
0.00093886
0.00025041
-0.00107669
-0.00114350
0.00066687
0.00051225
0.00101299
-0.00039522
-0.00029065
0.00102409
0.00143935
-0.00120378
-0.00053048
-0.00069424
0.00070087
0.00042811
0.00053966
0.00038517
-0.00021693
0.00062857
0.00103185
0.00023130
-0.00017014
0.00131994
-0.00023096
0.00027945
-0.00003285
-0.00016065
-0.00143698
0.00062004
0.00054509
-0.00064575
0.00048118
-0.00153447
0.00065167
0.00154741
0.00066541
-0.00013243
0.00073952
0.00063097
0.00147441
0.00102345
0.00114608
0.00051860
0.00089061
-0.00088682
-0.00026213
-0.00141019
0.00208132
-0.03716936
0.00036873
-0.00085017
-0.00051934
0.00018226
0.00033349
0.00009740
-0.00128495
0.00003797
0.00034204
-0.00068333
0.00028880
-0.00078687
0.00033818
0.00020411
0.00093449
0.00023867
-0.00104030
-0.00111006
0.00070416
0.00045197
0.00104847
-0.00040919
-0.00028561
0.00103936
0.00144136
-0.00119304
-0.00053191
-0.00077286
0.00069473
0.00037986
0.00053747
0.00031184
-0.00018433
0.00062161
0.00105690
0.00027965
-0.00014806
0.00134750
-0.00021378
0.00026141
-0.00001708
-0.00015932
-0.00144805
0.00064453
0.00052213
-0.00063991
0.00047431
-0.00154412
0.00062366
0.00154020
0.00064654
-0.00014098
0.00073013
0.00064618
0.00148720
0.00105549
0.00113276
0.00050181
0.00086902
-0.00087800
-0.00027032
-0.00143436
0.00211015
-0.03716324
0.00035613
-0.00085035
-0.00050840
0.00016544
0.00035227
0.00012570
-0.00127153
0.00002462
0.00034713
-0.00068730
0.00032947
-0.00078617
0.00033359
0.00019809
0.00092674
0.00026972
-0.00103991
-0.00108282
0.00072926
0.00045715
0.00106664
-0.00040268
-0.00030798
0.00104077
0.00144440
-0.00121700
-0.00054457
-0.00076555
0.00069660
0.00037178
0.00054067
0.00028839
-0.00019777
0.00060044
0.00108006
0.00030120
-0.00018778
0.00136063
-0.00019658
0.00024397
-0.00002040
-0.00021077
-0.00151534
0.00064819
0.00045459
-0.00063485
0.00031408
-0.00155240
0.00060642
0.00154228
0.00063727
-0.00020501
0.00072903
0.00065390
0.00150010
0.00109340
0.00116260
0.00049646
0.00090925
-0.00088677
-0.00031009
-0.00146226
0.00212993
-0.03675192
0.00040864
-0.00081735
-0.00055295
0.00016636
0.00043747
0.00025032
-0.00128641
-0.00000344
0.00035470
-0.00068125
0.00031863
-0.00078230
0.00034662
0.00017272
0.00093469
0.00031682
-0.00101972
-0.00105792
0.00071496
0.00042601
0.00108284
-0.00038991
-0.00034853
0.00106714
0.00143225
-0.00119857
-0.00055535
-0.00079996
0.00074135
0.00033458
0.00054808
0.00021878
-0.00017416
0.00057822
0.00110944
0.00029468
-0.00013731
0.00135004
-0.00021518
0.00026127
-0.00000428
-0.00017774
-0.00142133
0.00064954
0.00048539
-0.00064659
0.00040077
-0.00152391
0.00066807
0.00154241
0.00064690
-0.00016788
0.00071384
0.00062619
0.00149280
0.00106053
0.00115019
0.00048735
0.00087025
-0.00084627
-0.00027696
-0.00143098
0.00211484
-0.03704908
0.00040327
-0.00085074
-0.00051979
0.00015595
0.00039003
0.00023132
-0.00132016
0.00001349
0.00032473
-0.00070359
0.00034411
-0.00074882
0.00037079
0.00016722
0.00094510
0.00026375
-0.00102991
-0.00109349
0.00073813
0.00043910
0.00107959
-0.00038167
-0.00028642
0.00105949
0.00145338
-0.00125492
-0.00057448
-0.00081537
0.00071141
0.00035586
0.00054625
0.00026636
-0.00016225
0.00059941
0.00145210
0.00044990
-0.00009423
0.00158510
-0.00020477
0.00021689
-0.00005297
-0.00023371
-0.00147865
0.00080154
0.00053342
-0.00063416
0.00127522
-0.00163888
0.00066707
0.00134541
0.00044970
-0.00017043
0.00053251
0.00077247
0.00164314
0.00105690
0.00122959
0.00029548
0.00070533
-0.00089352
-0.00017629
-0.00144121
0.00218690
-0.03832006
0.00023046
-0.00098015
-0.00049238
0.00028968
0.00047158
0.00025549
-0.00118970
-0.00009628
0.00034798
-0.00080959
0.00029196
-0.00063702
0.00024896
-0.00009554
0.00105144
0.00021150
-0.00109216
-0.00122152
0.00068315
0.00053781
0.00115303
-0.00031675
-0.00033717
0.00093826
0.00138705
-0.00136771
-0.00051798
-0.00055390
0.00076162
0.00047689
0.00060731
0.00040453
-0.00014171
0.00051633
0.00115588
0.00033259
-0.00003243
0.00132702
-0.00020014
0.00030949
-0.00001966
-0.00009852
-0.00140434
0.00069249
0.00054739
-0.00061689
0.00094644
-0.00152201
0.00064514
0.00149868
0.00057676
-0.00004559
0.00065122
0.00073610
0.00148290
0.00100462
0.00112161
0.00048610
0.00075276
-0.00081454
-0.00014976
-0.00145347
0.00209064
-0.03837903
0.00030734
-0.00090122
-0.00042490
0.00012000
0.00029537
0.00011826
-0.00130848
-0.00000397
0.00032544
-0.00071381
0.00037955
-0.00073592
0.00032682
0.00013043
0.00094575
0.00022163
-0.00106083
-0.00110386
0.00073287
0.00050585
0.00107270
-0.00034864
-0.00028563
0.00101056
0.00143805
-0.00129296
-0.00060020
-0.00070229
0.00067392
0.00044483
0.00055248
0.00037944
-0.00022316
0.00060220
0.00112077
0.00032516
-0.00012143
0.00133423
-0.00017275
0.00024792
-0.00003910
-0.00016445
-0.00141621
0.00066837
0.00048530
-0.00063921
0.00049034
-0.00153441
0.00063885
0.00150195
0.00060480
-0.00013644
0.00070369
0.00063046
0.00148842
0.00104025
0.00117198
0.00050742
0.00085121
-0.00083687
-0.00028154
-0.00144046
0.00210132
-0.03726240
0.00041210
-0.00083024
-0.00047879
0.00016358
0.00034615
0.00019643
-0.00131249
-0.00000947
0.00035924
-0.00072534
0.00032996
-0.00075574
0.00033755
0.00016477
0.00093715
0.00024539
-0.00104341
-0.00106527
0.00075708
0.00044561
0.00108096
-0.00037956
-0.00025889
0.00103262
0.00139501
-0.00122750
-0.00058945
-0.00083963
0.00073272
0.00039180
0.00052555
0.00027621
-0.00021308
0.00060011
0.00111907
0.00031844
-0.00015396
0.00129798
-0.00017858
0.00025944
-0.00003932
-0.00017965
-0.00142372
0.00069013
0.00049461
-0.00062075
0.00039332
-0.00154789
0.00066451
0.00152635
0.00060597
-0.00016238
0.00070036
0.00062372
0.00148962
0.00103640
0.00115963
0.00051537
0.00087812
-0.00086181
-0.00029540
-0.00143666
0.00210362
-0.03695145
0.00041762
-0.00083907
-0.00045569
0.00016962
0.00036062
0.00016894
-0.00132837
-0.00000813
0.00038708
-0.00072445
0.00033142
-0.00076306
0.00031651
0.00019363
0.00090026
0.00020119
-0.00106161
-0.00108463
0.00078098
0.00044434
0.00112592
-0.00040720
-0.00027181
0.00102331
0.00139796
-0.00120875
-0.00058034
-0.00084100
0.00071923
0.00040030
0.00047985
0.00025835
-0.00021094
0.00060123
0.00112016
0.00033405
-0.00020708
0.00129937
-0.00018323
0.00026236
-0.00002902
-0.00020340
-0.00147054
0.00064226
0.00046044
-0.00063878
0.00026866
-0.00153685
0.00064922
0.00153982
0.00062374
-0.00018500
0.00071319
0.00059583
0.00149573
0.00107154
0.00116666
0.00051586
0.00090574
-0.00088580
-0.00032829
-0.00146667
0.00211164
-0.03673746
0.00044504
-0.00083696
-0.00047645
0.00017048
0.00040119
0.00029227
-0.00134595
0.00001277
0.00038667
-0.00071990
0.00032870
-0.00074896
0.00034015
0.00016345
0.00091555
0.00018913
-0.00102831
-0.00109730
0.00080262
0.00042640
0.00115217
-0.00040761
-0.00026483
0.00104829
0.00138705
-0.00124236
-0.00055955
-0.00085175
0.00070826
0.00040306
0.00047657
0.00022456
-0.00020682
0.00060323
0.00111469
0.00033061
-0.00020478
0.00129899
-0.00018756
0.00027999
-0.00003165
-0.00020147
-0.00151139
0.00066372
0.00046375
-0.00064060
0.00029449
-0.00150340
0.00066369
0.00155600
0.00060546
-0.00016631
0.00071416
0.00061063
0.00149080
0.00107410
0.00116690
0.00052708
0.00089385
-0.00089148
-0.00031086
-0.00148560
0.00208460
-0.03691426
0.00043347
-0.00084039
-0.00044578
0.00016044
0.00039841
0.00031891
-0.00136827
0.00000706
0.00036860
-0.00071897
0.00033766
-0.00072389
0.00033683
0.00015302
0.00094272
0.00019743
-0.00101373
-0.00110945
0.00080096
0.00041947
0.00114467
-0.00038528
-0.00027656
0.00103119
0.00135800
-0.00127000
-0.00057435
-0.00085172
0.00071456
0.00043126
0.00046375
0.00023596
-0.00022461
0.00058542
0.00111816
0.00029115
-0.00014860
0.00129462
-0.00020122
0.00033023
-0.00001307
-0.00015522
-0.00146296
0.00067221
0.00050429
-0.00062054
0.00054670
-0.00150103
0.00062108
0.00155937
0.00062305
-0.00011428
0.00066035
0.00066034
0.00147172
0.00106082
0.00112865
0.00051382
0.00083139
-0.00089836
-0.00024517
-0.00150120
0.00206793
-0.03749212
0.00037517
-0.00087419
-0.00041887
0.00015187
0.00038088
0.00019224
-0.00132882
0.00001732
0.00034414
-0.00070236
0.00035657
-0.00072675
0.00029654
0.00016101
0.00096832
0.00018974
-0.00104102
-0.00111603
0.00080029
0.00047440
0.00114848
-0.00037972
-0.00026598
0.00103681
0.00137492
-0.00128391
-0.00056127
-0.00080026
0.00068020
0.00045065
0.00047930
0.00028637
-0.00023639
0.00058857
0.00122304
0.00035451
-0.00029128
0.00127898
-0.00021501
0.00038602
-0.00000100
-0.00021144
-0.00162059
0.00069759
0.00042083
-0.00065118
0.00043633
-0.00151649
0.00051399
0.00160371
0.00062738
-0.00018825
0.00061256
0.00071189
0.00148448
0.00114805
0.00119129
0.00040180
0.00085092
-0.00100540
-0.00026756
-0.00162315
0.00212554
-0.03678614
0.00038962
-0.00092835
-0.00039846
0.00024479
0.00050881
0.00039423
-0.00127480
-0.00001785
0.00033120
-0.00068977
0.00034512
-0.00066410
0.00019470
0.00001822
0.00102194
0.00009483
-0.00102156
-0.00114589
0.00084714
0.00046884
0.00129544
-0.00034183
-0.00033894
0.00099983
0.00127026
-0.00137953
-0.00052787
-0.00078788
0.00070359
0.00051875
0.00042005
0.00022513
-0.00027184
0.00054517
0.00110922
0.00028839
-0.00012995
0.00131506
-0.00020867
0.00033372
-0.00000259
-0.00012732
-0.00144586
0.00067298
0.00051530
-0.00060901
0.00058780
-0.00148050
0.00063648
0.00157152
0.00061292
-0.00010239
0.00066365
0.00066079
0.00147686
0.00108258
0.00109849
0.00051867
0.00081495
-0.00090712
-0.00023962
-0.00151003
0.00205955
-0.03757223
0.00036043
-0.00084782
-0.00040610
0.00016346
0.00036040
0.00012028
-0.00133649
0.00002617
0.00034768
-0.00070865
0.00037576
-0.00070891
0.00031671
0.00018866
0.00093317
0.00020257
-0.00105064
-0.00111759
0.00081469
0.00045087
0.00112175
-0.00037011
-0.00023842
0.00107046
0.00138646
-0.00128702
-0.00055957
-0.00079991
0.00065333
0.00046169
0.00049642
0.00028939
-0.00023585
0.00060443
0.00121103
0.00037667
-0.00024375
0.00131946
-0.00021750
0.00038233
0.00001905
-0.00014040
-0.00160060
0.00069817
0.00042318
-0.00063461
0.00058357
-0.00148936
0.00053390
0.00162221
0.00059247
-0.00016508
0.00063023
0.00073145
0.00146558
0.00120480
0.00114514
0.00039226
0.00080959
-0.00102359
-0.00023750
-0.00164392
0.00211850
-0.03694519
0.00036102
-0.00088622
-0.00036707
0.00024709
0.00046857
0.00027217
-0.00127422
0.00001880
0.00034052
-0.00070239
0.00038229
-0.00064190
0.00023622
0.00007291
0.00093014
0.00012988
-0.00105541
-0.00115200
0.00085673
0.00041874
0.00122335
-0.00030291
-0.00030220
0.00106729
0.00130543
-0.00134157
-0.00053680
-0.00077717
0.00065758
0.00052562
0.00046802
0.00023232
-0.00026637
0.00058120
0.00116287
0.00032669
-0.00019238
0.00134170
-0.00022277
0.00034745
0.00000856
-0.00014183
-0.00154482
0.00067119
0.00043418
-0.00062641
0.00042729
-0.00151136
0.00057849
0.00161831
0.00063596
-0.00015709
0.00063696
0.00067791
0.00150349
0.00114305
0.00115640
0.00044638
0.00085530
-0.00095674
-0.00024104
-0.00159738
0.00208290
-0.03711728
0.00040747
-0.00087467
-0.00042296
0.00022257
0.00045779
0.00024312
-0.00133994
0.00002483
0.00033618
-0.00068541
0.00034502
-0.00068986
0.00028307
0.00012884
0.00095024
0.00018212
-0.00102758
-0.00111427
0.00083095
0.00042303
0.00118289
-0.00033482
-0.00030303
0.00107859
0.00133864
-0.00129176
-0.00055137
-0.00083181
0.00068680
0.00047698
0.00045894
0.00023844
-0.00024888
0.00057607
0.00110094
0.00029841
-0.00005671
0.00131804
-0.00021790
0.00033880
-0.00001824
-0.00005124
-0.00141350
0.00068719
0.00053364
-0.00062712
0.00072557
-0.00148419
0.00062469
0.00156168
0.00062953
-0.00005330
0.00064973
0.00069558
0.00145909
0.00108066
0.00107837
0.00050617
0.00077402
-0.00086848
-0.00015646
-0.00152117
0.00205043
-0.03803867
0.00032770
-0.00087120
-0.00039820
0.00015850
0.00033351
0.00005928
-0.00136042
0.00003392
0.00031854
-0.00070350
0.00039936
-0.00071437
0.00026309
0.00019024
0.00093111
0.00019472
-0.00105645
-0.00109290
0.00082711
0.00048041
0.00110573
-0.00035773
-0.00026509
0.00107304
0.00138488
-0.00132695
-0.00057480
-0.00077527
0.00066634
0.00047637
0.00052107
0.00029650
-0.00027119
0.00058652
0.00110594
0.00027299
-0.00006899
0.00133694
-0.00020575
0.00034287
-0.00002307
-0.00006715
-0.00142595
0.00067219
0.00053389
-0.00062777
0.00073673
-0.00150325
0.00061809
0.00155267
0.00066021
-0.00004845
0.00064305
0.00066495
0.00146556
0.00107766
0.00104263
0.00050848
0.00077552
-0.00088111
-0.00019252
-0.00150458
0.00208027
-0.03784639
0.00034430
-0.00086334
-0.00040043
0.00014617
0.00030784
0.00008284
-0.00135925
0.00002797
0.00031723
-0.00071074
0.00040781
-0.00071119
0.00028723
0.00019055
0.00092890
0.00019911
-0.00105375
-0.00109666
0.00082365
0.00047172
0.00109590
-0.00038243
-0.00022981
0.00105907
0.00137180
-0.00132328
-0.00054910
-0.00076554
0.00065769
0.00046675
0.00052019
0.00027878
-0.00024989
0.00058999
0.00112725
0.00026098
-0.00007405
0.00133411
-0.00019714
0.00031780
-0.00001977
-0.00004806
-0.00142883
0.00067602
0.00051624
-0.00063890
0.00080658
-0.00148791
0.00061707
0.00155299
0.00065936
-0.00004309
0.00062694
0.00066768
0.00145358
0.00109397
0.00102958
0.00051602
0.00075970
-0.00085880
-0.00018182
-0.00150077
0.00207407
-0.03806510
0.00034176
-0.00085910
-0.00039854
0.00012055
0.00031002
0.00006072
-0.00137914
0.00000800
0.00034204
-0.00073109
0.00042841
-0.00071474
0.00028642
0.00017015
0.00092207
0.00022770
-0.00101467
-0.00107504
0.00085141
0.00048653
0.00108735
-0.00038204
-0.00024428
0.00107591
0.00136576
-0.00134449
-0.00056114
-0.00077272
0.00068896
0.00046304
0.00052099
0.00025747
-0.00026222
0.00059353
0.00110921
0.00025606
-0.00011787
0.00132574
-0.00018538
0.00028703
-0.00001445
-0.00008001
-0.00141118
0.00064321
0.00048643
-0.00064724
0.00055885
-0.00148609
0.00060804
0.00159025
0.00067581
-0.00008487
0.00065073
0.00064169
0.00145424
0.00110728
0.00105319
0.00052562
0.00082797
-0.00087590
-0.00021946
-0.00150013
0.00209818
-0.03744149
0.00037297
-0.00083621
-0.00041803
0.00017979
0.00034669
0.00004891
-0.00136037
-0.00000054
0.00034487
-0.00071152
0.00043313
-0.00072184
0.00030784
0.00016910
0.00093800
0.00026507
-0.00100324
-0.00106021
0.00082737
0.00047381
0.00108206
-0.00038985
-0.00025344
0.00107878
0.00135360
-0.00131223
-0.00054801
-0.00081897
0.00069620
0.00044388
0.00050504
0.00019897
-0.00025420
0.00058582
0.00113358
0.00026124
-0.00015797
0.00133140
-0.00015557
0.00023985
-0.00002009
-0.00009225
-0.00148486
0.00064939
0.00043608
-0.00065608
0.00043834
-0.00146735
0.00058978
0.00159837
0.00067055
-0.00013512
0.00064045
0.00062604
0.00147265
0.00118103
0.00107059
0.00053542
0.00086396
-0.00089753
-0.00022279
-0.00155787
0.00210095
-0.03721841
0.00039988
-0.00082268
-0.00042178
0.00020342
0.00039399
0.00009781
-0.00140699
0.00000155
0.00034178
-0.00066790
0.00042742
-0.00071033
0.00031579
0.00016877
0.00091997
0.00028230
-0.00097370
-0.00104188
0.00085310
0.00047687
0.00109518
-0.00038178
-0.00023331
0.00106428
0.00130698
-0.00132731
-0.00056899
-0.00086772
0.00072482
0.00039482
0.00049990
0.00016021
-0.00023722
0.00058545
0.00113656
0.00028805
-0.00008279
0.00131015
-0.00015870
0.00027892
-0.00004313
-0.00004941
-0.00149029
0.00068226
0.00047122
-0.00065838
0.00082268
-0.00145167
0.00060788
0.00156691
0.00061467
-0.00005422
0.00059825
0.00070224
0.00146482
0.00115771
0.00106263
0.00053560
0.00079862
-0.00089214
-0.00012145
-0.00157891
0.00207869
-0.03814386
0.00032741
-0.00086167
-0.00037314
0.00016197
0.00035137
0.00002697
-0.00139688
-0.00004505
0.00035299
-0.00067889
0.00044492
-0.00071058
0.00027237
0.00014543
0.00093195
0.00024869
-0.00099809
-0.00106379
0.00083000
0.00051658
0.00109178
-0.00036302
-0.00025927
0.00102563
0.00131563
-0.00135575
-0.00057173
-0.00076772
0.00069015
0.00045053
0.00050524
0.00026794
-0.00028037
0.00058734
0.00111025
0.00027562
-0.00003124
0.00126669
-0.00017498
0.00029540
-0.00004671
-0.00001486
-0.00142522
0.00069842
0.00052176
-0.00064341
0.00100568
-0.00145965
0.00062834
0.00154289
0.00060167
-0.00000576
0.00059095
0.00071777
0.00144898
0.00113896
0.00102670
0.00055182
0.00074222
-0.00086811
-0.00007210
-0.00156031
0.00205739
-0.03857449
0.00028390
-0.00086611
-0.00035660
0.00012530
0.00031020
-0.00000280
-0.00137451
-0.00005719
0.00035726
-0.00069927
0.00044089
-0.00069120
0.00025054
0.00016457
0.00092411
0.00024022
-0.00101816
-0.00107926
0.00082934
0.00052419
0.00107589
-0.00037285
-0.00025009
0.00102948
0.00132288
-0.00137586
-0.00056712
-0.00072189
0.00066498
0.00048458
0.00050244
0.00031850
-0.00028791
0.00060346
0.00109473
0.00025569
-0.00008329
0.00127930
-0.00016591
0.00024930
-0.00005243
-0.00005543
-0.00144052
0.00067829
0.00046349
-0.00065125
0.00070919
-0.00145665
0.00063908
0.00156602
0.00060524
-0.00003478
0.00061461
0.00064940
0.00145690
0.00116992
0.00102233
0.00058145
0.00079200
-0.00088970
-0.00011863
-0.00155878
0.00205397
-0.03800559
0.00033463
-0.00082759
-0.00039158
0.00014238
0.00034915
0.00004622
-0.00138277
-0.00006810
0.00037091
-0.00067458
0.00043784
-0.00068764
0.00024878
0.00019654
0.00090694
0.00025514
-0.00097329
-0.00104985
0.00084438
0.00049145
0.00108956
-0.00040562
-0.00024508
0.00106360
0.00131152
-0.00135833
-0.00056575
-0.00077390
0.00067840
0.00044886
0.00048789
0.00027463
-0.00026553
0.00060631
0.00105437
0.00024309
-0.00009871
0.00129309
-0.00017210
0.00024515
-0.00005068
-0.00006848
-0.00140767
0.00065480
0.00044890
-0.00064381
0.00061878
-0.00147181
0.00065578
0.00154674
0.00063400
-0.00004112
0.00064401
0.00060547
0.00146646
0.00114714
0.00102062
0.00059557
0.00080253
-0.00085216
-0.00016408
-0.00151449
0.00206079
-0.03776956
0.00036539
-0.00082584
-0.00041412
0.00013621
0.00033751
0.00007615
-0.00136894
-0.00004342
0.00037065
-0.00068366
0.00042149
-0.00067551
0.00028678
0.00022201
0.00089258
0.00025199
-0.00095947
-0.00104434
0.00085927
0.00047340
0.00107710
-0.00044232
-0.00024234
0.00106415
0.00134208
-0.00132216
-0.00057868
-0.00080269
0.00068619
0.00044298
0.00049889
0.00029313
-0.00025113
0.00060971
0.00104596
0.00021298
-0.00015155
0.00129437
-0.00017571
0.00020990
-0.00005509
-0.00014316
-0.00141011
0.00062889
0.00042546
-0.00063891
0.00037537
-0.00146920
0.00064349
0.00156865
0.00065656
-0.00010420
0.00064054
0.00054835
0.00147921
0.00119541
0.00102152
0.00061871
0.00087545
-0.00086947
-0.00026292
-0.00150579
0.00208302
-0.03702262
0.00043000
-0.00081266
-0.00046254
0.00017498
0.00036549
0.00012625
-0.00136376
-0.00001791
0.00038072
-0.00065472
0.00039962
-0.00068622
0.00032463
0.00019999
0.00087315
0.00026854
-0.00094707
-0.00101345
0.00087165
0.00047410
0.00109574
-0.00047329
-0.00025192
0.00111526
0.00133792
-0.00128154
-0.00059044
-0.00084960
0.00071467
0.00039106
0.00050292
0.00022808
-0.00024334
0.00063062
0.00103106
0.00017945
-0.00018691
0.00131047
-0.00016740
0.00021485
-0.00005121
-0.00015188
-0.00144039
0.00061979
0.00041792
-0.00064656
0.00021699
-0.00145766
0.00065066
0.00157658
0.00062980
-0.00014580
0.00064430
0.00051104
0.00146006
0.00125836
0.00100033
0.00062660
0.00092026
-0.00089824
-0.00028060
-0.00155764
0.00206978
-0.03688764
0.00047515
-0.00083789
-0.00048633
0.00015387
0.00041273
0.00014069
-0.00140503
-0.00003376
0.00036881
-0.00063933
0.00037141
-0.00068527
0.00032054
0.00016335
0.00085905
0.00028610
-0.00092027
-0.00098079
0.00089656
0.00050174
0.00109067
-0.00045957
-0.00029958
0.00112443
0.00134574
-0.00128035
-0.00063357
-0.00087625
0.00073579
0.00037214
0.00053103
0.00017204
-0.00021102
0.00062281
0.00103960
0.00021922
-0.00006987
0.00129765
-0.00018373
0.00026591
-0.00005511
-0.00007180
-0.00137672
0.00063796
0.00050239
-0.00063191
0.00050973
-0.00148055
0.00063906
0.00153954
0.00062402
-0.00007089
0.00061819
0.00059562
0.00143733
0.00117923
0.00099849
0.00059026
0.00081663
-0.00086879
-0.00019335
-0.00151592
0.00206117
-0.03772799
0.00038875
-0.00085202
-0.00043660
0.00010026
0.00033200
0.00004490
-0.00135126
-0.00003344
0.00035428
-0.00066561
0.00036805
-0.00070999
0.00031390
0.00019217
0.00088786
0.00025352
-0.00097366
-0.00101986
0.00086827
0.00054506
0.00106992
-0.00044030
-0.00027319
0.00108111
0.00137053
-0.00129374
-0.00062280
-0.00078252
0.00070691
0.00044062
0.00052759
0.00029107
-0.00026793
0.00064746
0.00105164
0.00022720
-0.00009829
0.00130573
-0.00019535
0.00028533
-0.00006516
-0.00010631
-0.00137650
0.00064064
0.00050333
-0.00064352
0.00050221
-0.00147935
0.00063207
0.00155101
0.00060799
-0.00007965
0.00065102
0.00059709
0.00144491
0.00119472
0.00101799
0.00058739
0.00082510
-0.00087344
-0.00022332
-0.00150360
0.00206796
-0.03748954
0.00040339
-0.00084327
-0.00044212
0.00011620
0.00034763
0.00003691
-0.00135179
-0.00002204
0.00035714
-0.00064816
0.00038020
-0.00071651
0.00033394
0.00020771
0.00088321
0.00026345
-0.00095109
-0.00101066
0.00086929
0.00053462
0.00107487
-0.00043573
-0.00028344
0.00107658
0.00137078
-0.00126471
-0.00062402
-0.00081106
0.00069027
0.00042558
0.00051949
0.00026770
-0.00025725
0.00065033
0.00105301
0.00020345
-0.00012842
0.00132371
-0.00018540
0.00024966
-0.00004961
-0.00014667
-0.00140562
0.00061006
0.00046887
-0.00062541
0.00027157
-0.00148829
0.00063771
0.00157171
0.00063756
-0.00014969
0.00068783
0.00055507
0.00147450
0.00121558
0.00100612
0.00058183
0.00087793
-0.00087541
-0.00029537
-0.00149136
0.00205353
-0.03702580
0.00044430
-0.00082546
-0.00046280
0.00013267
0.00037470
0.00007509
-0.00135420
-0.00001633
0.00035376
-0.00064379
0.00036488
-0.00073684
0.00036959
0.00019090
0.00090045
0.00029155
-0.00091819
-0.00099740
0.00088053
0.00050920
0.00109495
-0.00044691
-0.00030835
0.00107861
0.00138229
-0.00128511
-0.00063334
-0.00087246
0.00071839
0.00040096
0.00051604
0.00022334
-0.00023265
0.00064250
0.00104400
0.00023653
-0.00012082
0.00131473
-0.00017270
0.00024904
-0.00001493
-0.00014660
-0.00141276
0.00061219
0.00047546
-0.00061798
0.00025022
-0.00148856
0.00064956
0.00157800
0.00062483
-0.00014781
0.00065192
0.00060198
0.00147260
0.00119095
0.00102322
0.00054906
0.00088700
-0.00087131
-0.00030443
-0.00148799
0.00207461
-0.03711078
0.00042619
-0.00082091
-0.00043557
0.00015159
0.00036446
0.00012640
-0.00136215
-0.00001619
0.00033714
-0.00063712
0.00037756
-0.00074520
0.00035185
0.00019973
0.00090284
0.00028263
-0.00094908
-0.00100889
0.00082896
0.00050475
0.00109219
-0.00044443
-0.00030402
0.00108680
0.00141240
-0.00129811
-0.00060339
-0.00086855
0.00071338
0.00040167
0.00050701
0.00024025
-0.00024039
0.00065303
0.00105716
0.00025601
-0.00010049
0.00130511
-0.00016775
0.00025641
-0.00003814
-0.00014419
-0.00144768
0.00063795
0.00046458
-0.00062516
0.00037043
-0.00146723
0.00064992
0.00157429
0.00057666
-0.00012930
0.00061889
0.00063665
0.00147413
0.00123762
0.00101998
0.00055823
0.00087583
-0.00089617
-0.00025728
-0.00153679
0.00206790
-0.03744801
0.00041214
-0.00083525
-0.00041076
0.00014320
0.00037573
0.00011277
-0.00137994
-0.00006650
0.00034866
-0.00061839
0.00038786
-0.00074031
0.00032778
0.00017851
0.00091315
0.00026511
-0.00093711
-0.00100056
0.00083795
0.00053071
0.00110921
-0.00043862
-0.00034033
0.00106360
0.00139472
-0.00132368
-0.00061232
-0.00083495
0.00071337
0.00042351
0.00050737
0.00027185
-0.00027436
0.00065759
0.00099721
0.00024675
-0.00011278
0.00131922
-0.00017192
0.00022015
-0.00001965
-0.00016565
-0.00143026
0.00057124
0.00047691
-0.00062432
0.00019887
-0.00146754
0.00063691
0.00157799
0.00062563
-0.00018937
0.00067160
0.00058077
0.00147406
0.00122657
0.00103880
0.00056393
0.00088351
-0.00092360
-0.00029132
-0.00147375
0.00207744
-0.03687269
0.00044092
-0.00082188
-0.00042503
0.00016715
0.00037769
0.00013113
-0.00136468
-0.00004882
0.00034643
-0.00065089
0.00035999
-0.00077098
0.00035853
0.00018365
0.00092031
0.00028934
-0.00093425
-0.00099689
0.00081447
0.00049216
0.00109388
-0.00043703
-0.00033740
0.00109819
0.00141590
-0.00126516
-0.00062089
-0.00089138
0.00069785
0.00039176
0.00049778
0.00021210
-0.00023190
0.00064541
0.00103636
0.00025435
-0.00012915
0.00132030
-0.00016357
0.00022544
-0.00002067
-0.00017441
-0.00144386
0.00058827
0.00047216
-0.00063220
0.00025537
-0.00148472
0.00064150
0.00157981
0.00061600
-0.00018284
0.00068919
0.00060687
0.00144604
0.00123309
0.00104574
0.00054874
0.00088249
-0.00090664
-0.00029601
-0.00147191
0.00206261
-0.03680255
0.00044057
-0.00083643
-0.00043304
0.00015222
0.00036235
0.00012922
-0.00136006
-0.00000950
0.00033643
-0.00066436
0.00035938
-0.00077960
0.00034930
0.00020485
0.00092192
0.00030372
-0.00093105
-0.00101850
0.00079652
0.00050462
0.00107667
-0.00042087
-0.00035044
0.00107120
0.00140725
-0.00122913
-0.00062244
-0.00087305
0.00072425
0.00038379
0.00052192
0.00024036
-0.00023610
0.00065303
0.00101366
0.00026008
-0.00005995
0.00132249
-0.00016480
0.00025494
-0.00004684
-0.00013105
-0.00144071
0.00060630
0.00049786
-0.00061762
0.00051113
-0.00150519
0.00063375
0.00155208
0.00058753
-0.00012345
0.00067625
0.00065910
0.00142100
0.00119553
0.00102968
0.00054842
0.00082182
-0.00087175
-0.00024169
-0.00147188
0.00205979
-0.03741584
0.00037638
-0.00086090
-0.00040267
0.00013431
0.00031321
0.00009298
-0.00134629
-0.00002038
0.00034288
-0.00067481
0.00035218
-0.00078127
0.00032179
0.00018464
0.00092813
0.00029400
-0.00096446
-0.00103908
0.00076274
0.00050632
0.00105876
-0.00039138
-0.00032390
0.00106389
0.00140048
-0.00123904
-0.00062045
-0.00081874
0.00070276
0.00043030
0.00054332
0.00031546
-0.00025985
0.00064489
0.00101619
0.00026537
-0.00015098
0.00136737
-0.00016283
0.00018897
-0.00006810
-0.00021900
-0.00154006
0.00056224
0.00042166
-0.00061742
0.00010907
-0.00151570
0.00060541
0.00159736
0.00056792
-0.00021522
0.00070467
0.00060779
0.00138655
0.00133789
0.00104436
0.00056584
0.00092698
-0.00094009
-0.00030250
-0.00152393
0.00207880
-0.03643539
0.00049016
-0.00083777
-0.00041651
0.00016810
0.00039609
0.00024402
-0.00140441
-0.00004554
0.00033095
-0.00062089
0.00033540
-0.00081327
0.00034697
0.00018427
0.00095033
0.00033448
-0.00090319
-0.00100382
0.00077800
0.00046130
0.00106679
-0.00038252
-0.00036791
0.00108139
0.00135867
-0.00119443
-0.00063231
-0.00093139
0.00078141
0.00036586
0.00055439
0.00021508
-0.00025508
0.00062419
0.00098896
0.00025596
-0.00013260
0.00132822
-0.00017606
0.00021585
-0.00006012
-0.00017833
-0.00147443
0.00056692
0.00047024
-0.00059972
0.00021904
-0.00152107
0.00062820
0.00160785
0.00059743
-0.00018617
0.00067327
0.00061955
0.00141632
0.00122778
0.00106286
0.00055863
0.00090174
-0.00090015
-0.00030163
-0.00148243
0.00205705
-0.03675816
0.00044300
-0.00081855
-0.00044451
0.00016840
0.00035527
0.00017596
-0.00137267
-0.00001699
0.00033552
-0.00065391
0.00034241
-0.00078799
0.00033519
0.00020260
0.00095325
0.00032186
-0.00094176
-0.00104616
0.00076653
0.00043477
0.00104906
-0.00039495
-0.00032451
0.00107387
0.00140234
-0.00119668
-0.00060716
-0.00090570
0.00073252
0.00039115
0.00053399
0.00024359
-0.00023884
0.00063744
0.00098320
0.00030574
-0.00012651
0.00147652
-0.00010320
0.00009892
-0.00025182
-0.00025987
-0.00172519
0.00053432
0.00058796
-0.00045844
0.00056726
-0.00157761
0.00049347
0.00168351
0.00032190
-0.00026203
0.00042458
0.00077520
0.00135146
0.00155955
0.00105699
0.00051894
0.00084829
-0.00117135
-0.00028163
-0.00164878
0.00195781
-0.03712616
0.00033664
-0.00081244
-0.00033374
0.00040266
0.00035330
0.00009657
-0.00143279
-0.00006405
0.00034268
-0.00062225
0.00023419
-0.00080769
0.00017665
0.00005452
0.00114383
0.00035899
-0.00089933
-0.00114855
0.00070934
0.00046439
0.00101459
-0.00029166
-0.00040046
0.00093886
0.00123358
-0.00111767
-0.00054311
-0.00086259
0.00078223
0.00055589
0.00058487
0.00026988
-0.00038086
0.00065525
0.00100281
0.00028564
-0.00009775
0.00134794
-0.00014841
0.00021374
-0.00008251
-0.00016819
-0.00149959
0.00059977
0.00050196
-0.00056441
0.00037169
-0.00151943
0.00062984
0.00160470
0.00053526
-0.00015657
0.00064141
0.00067288
0.00141756
0.00122955
0.00106735
0.00056862
0.00086599
-0.00093405
-0.00026136
-0.00149335
0.00203934
-0.03731168
0.00042912
-0.00083786
-0.00040625
0.00017816
0.00034515
0.00015379
-0.00138000
-0.00001693
0.00032528
-0.00062900
0.00035882
-0.00077828
0.00031320
0.00020462
0.00098837
0.00032492
-0.00095152
-0.00104904
0.00077983
0.00045376
0.00105109
-0.00038446
-0.00032261
0.00107159
0.00138206
-0.00119189
-0.00059877
-0.00087957
0.00071933
0.00043551
0.00055370
0.00025967
-0.00026285
0.00063666
0.00101202
0.00030159
-0.00006713
0.00133868
-0.00014166
0.00023324
-0.00006478
-0.00013532
-0.00150459
0.00062476
0.00051861
-0.00055670
0.00059013
-0.00151111
0.00063349
0.00158343
0.00051709
-0.00011243
0.00061617
0.00071142
0.00139997
0.00121151
0.00106492
0.00056144
0.00083144
-0.00092455
-0.00021085
-0.00149557
0.00203645
-0.03779724
0.00037651
-0.00085348
-0.00037153
0.00014928
0.00032193
0.00012354
-0.00138160
-0.00003552
0.00033069
-0.00063885
0.00037178
-0.00076848
0.00029568
0.00019716
0.00098925
0.00031447
-0.00096330
-0.00106791
0.00076989
0.00047717
0.00103541
-0.00036649
-0.00033848
0.00103804
0.00138315
-0.00119958
-0.00060975
-0.00082044
0.00070334
0.00046361
0.00056827
0.00029834
-0.00027261
0.00063117
0.00101053
0.00032302
-0.00009489
0.00136025
-0.00012878
0.00022035
-0.00003142
-0.00017834
-0.00147862
0.00060767
0.00049164
-0.00056195
0.00033758
-0.00148402
0.00064513
0.00160481
0.00055744
-0.00012836
0.00065069
0.00065638
0.00144458
0.00120379
0.00107125
0.00058806
0.00085885
-0.00091436
-0.00025962
-0.00145013
0.00204825
-0.03723607
0.00041194
-0.00082438
-0.00041887
0.00017843
0.00032166
0.00012568
-0.00139857
-0.00000307
0.00033481
-0.00065052
0.00036888
-0.00075479
0.00034068
0.00021103
0.00096129
0.00032484
-0.00096085
-0.00104983
0.00076864
0.00044222
0.00107211
-0.00038764
-0.00033520
0.00105706
0.00140208
-0.00119842
-0.00060034
-0.00088276
0.00071010
0.00043393
0.00053609
0.00026755
-0.00026308
0.00061828
0.00098454
0.00034127
-0.00009062
0.00135222
-0.00015870
0.00022244
-0.00003547
-0.00017849
-0.00148774
0.00061508
0.00050544
-0.00057300
0.00031258
-0.00148845
0.00063545
0.00163158
0.00058089
-0.00014671
0.00065122
0.00063634
0.00143623
0.00120491
0.00107233
0.00058374
0.00087908
-0.00090244
-0.00027404
-0.00144973
0.00206197
-0.03710554
0.00041746
-0.00084144
-0.00041574
0.00017502
0.00031442
0.00011363
-0.00141157
-0.00000258
0.00031142
-0.00065061
0.00035565
-0.00076884
0.00035537
0.00022181
0.00096012
0.00032800
-0.00095654
-0.00104223
0.00076901
0.00044074
0.00106482
-0.00039991
-0.00031654
0.00105446
0.00142402
-0.00122426
-0.00057997
-0.00087043
0.00070067
0.00042361
0.00053939
0.00027011
-0.00024348
0.00062877
0.00098476
0.00034475
-0.00009593
0.00136621
-0.00016003
0.00022259
-0.00004391
-0.00019992
-0.00150093
0.00061464
0.00050969
-0.00057784
0.00029108
-0.00147746
0.00067913
0.00162825
0.00056432
-0.00014313
0.00065036
0.00065759
0.00145993
0.00122579
0.00107068
0.00059780
0.00088022
-0.00091018
-0.00025811
-0.00144728
0.00206323
-0.03712042
0.00043519
-0.00084196
-0.00044387
0.00018660
0.00029964
0.00014634
-0.00144625
0.00000646
0.00031248
-0.00065375
0.00036262
-0.00077429
0.00037446
0.00021870
0.00096112
0.00033073
-0.00095268
-0.00103724
0.00076014
0.00043169
0.00108847
-0.00040323
-0.00030246
0.00105522
0.00142787
-0.00119972
-0.00058652
-0.00088684
0.00069426
0.00040670
0.00054677
0.00027180
-0.00026277
0.00063900
0.00086758
0.00048132
-0.00009621
0.00141794
-0.00015810
0.00017967
-0.00008917
-0.00027199
-0.00169688
0.00058715
0.00048486
-0.00056275
-0.00003556
-0.00144302
0.00061643
0.00179916
0.00049659
-0.00026399
0.00057857
0.00071582
0.00137456
0.00154927
0.00106901
0.00058731
0.00097880
-0.00101410
-0.00029520
-0.00153515
0.00211648
-0.03594806
0.00047811
-0.00084714
-0.00042540
0.00029003
0.00029090
0.00017575
-0.00158792
-0.00003972
0.00023614
-0.00058253
0.00034092
-0.00080208
0.00038279
0.00017519
0.00100685
0.00043937
-0.00086677
-0.00099377
0.00071189
0.00039449
0.00109031
-0.00033794
-0.00039072
0.00100795
0.00144353
-0.00120033
-0.00058637
-0.00093643
0.00072935
0.00038608
0.00060028
0.00020910
-0.00032150
0.00067698
0.00099412
0.00033853
-0.00006096
0.00133189
-0.00019362
0.00025769
-0.00005019
-0.00015675
-0.00147242
0.00063195
0.00053458
-0.00058599
0.00052461
-0.00149070
0.00068386
0.00160966
0.00056583
-0.00011885
0.00061168
0.00071251
0.00143079
0.00119498
0.00105748
0.00057007
0.00081988
-0.00088316
-0.00021951
-0.00144708
0.00207039
-0.03764022
0.00035125
-0.00086713
-0.00039884
0.00015921
0.00026562
0.00010185
-0.00139165
0.00001266
0.00030426
-0.00065619
0.00038239
-0.00078501
0.00032817
0.00021564
0.00094241
0.00028110
-0.00100487
-0.00106012
0.00076415
0.00044381
0.00106430
-0.00039022
-0.00026591
0.00102384
0.00142681
-0.00123321
-0.00060963
-0.00083672
0.00065821
0.00043457
0.00054391
0.00031424
-0.00028695
0.00066072
0.00098482
0.00033446
-0.00006464
0.00132531
-0.00019620
0.00021432
-0.00004127
-0.00016489
-0.00147550
0.00063570
0.00052239
-0.00058323
0.00049381
-0.00147619
0.00067562
0.00163045
0.00053998
-0.00011526
0.00061709
0.00070718
0.00143412
0.00121068
0.00105449
0.00057548
0.00083337
-0.00087721
-0.00024031
-0.00142959
0.00205908
-0.03765003
0.00038274
-0.00086128
-0.00041577
0.00016505
0.00027989
0.00012900
-0.00139987
0.00002121
0.00029695
-0.00065528
0.00036927
-0.00079553
0.00034496
0.00018278
0.00094595
0.00029326
-0.00100167
-0.00104961
0.00078399
0.00041511
0.00106199
-0.00040588
-0.00027858
0.00104327
0.00142756
-0.00121804
-0.00060390
-0.00087380
0.00067468
0.00041733
0.00055311
0.00031716
-0.00029286
0.00066553
0.00097293
0.00030101
-0.00012151
0.00133037
-0.00021482
0.00017998
-0.00002798
-0.00017861
-0.00147383
0.00061451
0.00048661
-0.00056546
0.00021367
-0.00149450
0.00066605
0.00165437
0.00056948
-0.00017858
0.00064468
0.00065842
0.00145674
0.00123313
0.00107418
0.00059277
0.00089200
-0.00088771
-0.00028515
-0.00142998
0.00207669
-0.03705095
0.00041669
-0.00084155
-0.00044417
0.00019995
0.00031535
0.00018537
-0.00139241
0.00003557
0.00029523
-0.00063450
0.00034755
-0.00079742
0.00035462
0.00019951
0.00096377
0.00030064
-0.00096218
-0.00103389
0.00078994
0.00039305
0.00109786
-0.00043769
-0.00028329
0.00106474
0.00142415
-0.00121447
-0.00059726
-0.00093227
0.00070377
0.00039143
0.00054417
0.00024771
-0.00029361
0.00067475
0.00100741
0.00030375
-0.00014176
0.00133296
-0.00020431
0.00018886
-0.00002792
-0.00019065
-0.00148969
0.00062830
0.00047628
-0.00057440
0.00023237
-0.00150452
0.00067440
0.00165556
0.00056384
-0.00017608
0.00066667
0.00067462
0.00143298
0.00124210
0.00108024
0.00058385
0.00089627
-0.00087621
-0.00029235
-0.00143064
0.00206053
-0.03694503
0.00042736
-0.00085318
-0.00045491
0.00018058
0.00030838
0.00019087
-0.00139532
0.00007165
0.00028967
-0.00064541
0.00034598
-0.00080608
0.00035200
0.00022193
0.00096509
0.00031534
-0.00095589
-0.00105176
0.00077909
0.00040389
0.00108314
-0.00042219
-0.00029605
0.00104535
0.00141845
-0.00117864
-0.00060272
-0.00092436
0.00072964
0.00037899
0.00056605
0.00026669
-0.00029365
0.00067842
0.00101816
0.00031578
-0.00010406
0.00132159
-0.00019928
0.00020914
-0.00004420
-0.00015902
-0.00148029
0.00064606
0.00052312
-0.00057110
0.00050734
-0.00152325
0.00067327
0.00163681
0.00053069
-0.00011792
0.00063158
0.00072191
0.00141410
0.00122914
0.00108155
0.00057612
0.00084509
-0.00086381
-0.00024120
-0.00144268
0.00206442
-0.03754196
0.00037856
-0.00088012
-0.00043460
0.00016313
0.00026257
0.00015796
-0.00137568
0.00007372
0.00028417
-0.00064418
0.00036706
-0.00077842
0.00033414
0.00022416
0.00097490
0.00032254
-0.00097647
-0.00107810
0.00076412
0.00045207
0.00106678
-0.00041593
-0.00030590
0.00102576
0.00141671
-0.00118404
-0.00060881
-0.00085385
0.00072023
0.00043325
0.00060305
0.00032710
-0.00031284
0.00067243
0.00099188
0.00029803
-0.00007526
0.00131542
-0.00017668
0.00022119
-0.00004065
-0.00014529
-0.00143610
0.00064379
0.00052179
-0.00056366
0.00056761
-0.00150645
0.00069713
0.00162711
0.00054620
-0.00008669
0.00065124
0.00069065
0.00142097
0.00116549
0.00109398
0.00057235
0.00083508
-0.00084966
-0.00021830
-0.00143484
0.00205430
-0.03781746
0.00036813
-0.00087359
-0.00044676
0.00013181
0.00026547
0.00015148
-0.00136798
0.00007088
0.00030307
-0.00066731
0.00036470
-0.00078300
0.00033815
0.00022885
0.00097088
0.00029696
-0.00100913
-0.00109174
0.00075900
0.00043923
0.00105783
-0.00041669
-0.00029710
0.00104206
0.00144534
-0.00120148
-0.00060367
-0.00084178
0.00070150
0.00043721
0.00059525
0.00033932
-0.00029522
0.00065714
0.00100040
0.00027746
-0.00008330
0.00131228
-0.00019369
0.00024194
-0.00004000
-0.00016899
-0.00142728
0.00063377
0.00050119
-0.00055291
0.00051873
-0.00149856
0.00069268
0.00162409
0.00058081
-0.00010062
0.00066562
0.00066176
0.00142299
0.00115837
0.00109537
0.00058913
0.00083904
-0.00085579
-0.00022935
-0.00142404
0.00204936
-0.03772290
0.00038340
-0.00086996
-0.00045169
0.00011991
0.00027995
0.00016587
-0.00136550
0.00008153
0.00029393
-0.00065114
0.00036577
-0.00079701
0.00036932
0.00022765
0.00097630
0.00030706
-0.00099871
-0.00109794
0.00076622
0.00042821
0.00104609
-0.00041611
-0.00028265
0.00105330
0.00145792
-0.00120281
-0.00059302
-0.00085563
0.00070018
0.00041593
0.00060629
0.00031755
-0.00027388
0.00065780
0.00099085
0.00025798
-0.00021702
0.00135928
-0.00022342
0.00016661
-0.00004701
-0.00026182
-0.00149719
0.00058024
0.00042322
-0.00055398
-0.00004135
-0.00148386
0.00068798
0.00168141
0.00060475
-0.00024628
0.00069906
0.00057376
0.00143664
0.00127243
0.00113041
0.00063319
0.00095258
-0.00091077
-0.00035179
-0.00143905
0.00208863
-0.03644609
0.00048642
-0.00082237
-0.00050859
0.00016057
0.00035586
0.00028489
-0.00141520
0.00010963
0.00028831
-0.00060912
0.00033564
-0.00081502
0.00044487
0.00028815
0.00099791
0.00033069
-0.00093272
-0.00107888
0.00078996
0.00039002
0.00105949
-0.00045647
-0.00026511
0.00109367
0.00145817
-0.00113772
-0.00059524
-0.00102447
0.00076550
0.00032753
0.00058493
0.00020410
-0.00022730
0.00067510
0.00100482
0.00025091
-0.00014039
0.00133169
-0.00021603
0.00023715
-0.00006177
-0.00019438
-0.00143811
0.00060961
0.00049090
-0.00055869
0.00034768
-0.00148600
0.00068714
0.00161228
0.00060550
-0.00017046
0.00065804
0.00062590
0.00142789
0.00118979
0.00108926
0.00060768
0.00086708
-0.00086837
-0.00027506
-0.00143235
0.00205091
-0.03724722
0.00043137
-0.00084296
-0.00047396
0.00013773
0.00032289
0.00020078
-0.00136990
0.00008405
0.00030864
-0.00061475
0.00036155
-0.00080671
0.00039107
0.00026973
0.00098559
0.00032428
-0.00098793
-0.00108452
0.00078368
0.00044293
0.00105272
-0.00044525
-0.00022350
0.00108389
0.00146111
-0.00118294
-0.00057996
-0.00090323
0.00071984
0.00038596
0.00059168
0.00028863
-0.00025222
0.00065421
0.00100409
0.00023505
-0.00015126
0.00132440
-0.00022809
0.00024073
-0.00004891
-0.00021340
-0.00143839
0.00060724
0.00049256
-0.00057827
0.00027459
-0.00150099
0.00070052
0.00160767
0.00060881
-0.00019087
0.00069127
0.00062152
0.00144684
0.00117205
0.00111569
0.00061079
0.00090250
-0.00086932
-0.00029886
-0.00142781
0.00207981
-0.03708763
0.00044193
-0.00081217
-0.00050737
0.00014722
0.00033366
0.00021365
-0.00138031
0.00006626
0.00031287
-0.00062540
0.00036979
-0.00081858
0.00039830
0.00028872
0.00098098
0.00031876
-0.00099851
-0.00108066
0.00079378
0.00042992
0.00106437
-0.00044790
-0.00022291
0.00109668
0.00147249
-0.00118414
-0.00058640
-0.00091457
0.00072746
0.00038034
0.00060270
0.00026743
-0.00023604
0.00065675
0.00097949
0.00022919
-0.00019380
0.00142954
-0.00031859
0.00021575
-0.00018415
-0.00038060
-0.00162489
0.00065783
0.00073411
-0.00046471
0.00057648
-0.00165539
0.00067188
0.00159174
0.00037989
-0.00040024
0.00055483
0.00083998
0.00145431
0.00135724
0.00121592
0.00062507
0.00091341
-0.00099114
-0.00039242
-0.00140749
0.00211252
-0.03707508
0.00032079
-0.00072838
-0.00055315
0.00041963
0.00026137
0.00018640
-0.00136058
0.00009215
0.00031932
-0.00051655
0.00027745
-0.00096359
0.00030324
0.00037508
0.00116417
0.00042236
-0.00106818
-0.00114910
0.00073173
0.00052700
0.00111436
-0.00048543
-0.00011330
0.00098178
0.00149417
-0.00109033
-0.00053072
-0.00077380
0.00081374
0.00058002
0.00081450
0.00040065
-0.00039481
0.00074534
0.00100605
0.00026508
-0.00013466
0.00132163
-0.00021401
0.00026681
-0.00008010
-0.00021504
-0.00144544
0.00064236
0.00051914
-0.00055847
0.00039529
-0.00150797
0.00070170
0.00159783
0.00055633
-0.00016748
0.00066262
0.00066102
0.00145458
0.00117295
0.00110329
0.00062005
0.00085824
-0.00086517
-0.00025369
-0.00144946
0.00208768
-0.03752424
0.00041715
-0.00084057
-0.00047896
0.00013023
0.00031552
0.00021365
-0.00138414
0.00005050
0.00032232
-0.00062473
0.00036722
-0.00080661
0.00037382
0.00028102
0.00099280
0.00030891
-0.00100212
-0.00109300
0.00077825
0.00043652
0.00105724
-0.00043612
-0.00022986
0.00107479
0.00144533
-0.00117570
-0.00060711
-0.00088744
0.00072729
0.00041053
0.00062812
0.00031310
-0.00025748
0.00066170
0.00100407
0.00025361
-0.00013861
0.00131028
-0.00021367
0.00025853
-0.00007218
-0.00022113
-0.00140200
0.00062697
0.00048976
-0.00057683
0.00030310
-0.00151527
0.00072000
0.00159672
0.00058824
-0.00018301
0.00069585
0.00061893
0.00147147
0.00113768
0.00109157
0.00060502
0.00089408
-0.00085320
-0.00027600
-0.00142754
0.00209778
-0.03722796
0.00043455
-0.00082632
-0.00048345
0.00014393
0.00034987
0.00018562
-0.00137703
0.00005645
0.00033594
-0.00063298
0.00035475
-0.00078494
0.00037795
0.00028706
0.00097853
0.00029399
-0.00099227
-0.00109569
0.00079404
0.00040951
0.00104487
-0.00043850
-0.00022985
0.00110144
0.00145706
-0.00119727
-0.00056625
-0.00089742
0.00071020
0.00037469
0.00059775
0.00027826
-0.00023938
0.00064860
0.00100094
0.00024318
-0.00018172
0.00132259
-0.00022409
0.00027069
-0.00005816
-0.00024268
-0.00143208
0.00062262
0.00046212
-0.00058481
0.00016647
-0.00153137
0.00071943
0.00159745
0.00058615
-0.00022949
0.00070581
0.00062253
0.00148092
0.00117892
0.00110999
0.00060318
0.00093043
-0.00088279
-0.00032586
-0.00140630
0.00211944
-0.03681611
0.00047718
-0.00081041
-0.00051514
0.00016916
0.00037266
0.00023933
-0.00138800
0.00005812
0.00034572
-0.00063093
0.00031488
-0.00076384
0.00037709
0.00029067
0.00098767
0.00031926
-0.00097763
-0.00111158
0.00079097
0.00036645
0.00105815
-0.00044440
-0.00021554
0.00110953
0.00146419
-0.00117011
-0.00056772
-0.00092936
0.00075013
0.00034490
0.00059442
0.00024738
-0.00021893
0.00065302
0.00100898
0.00024296
-0.00017040
0.00135385
-0.00025182
0.00027345
-0.00003920
-0.00022551
-0.00139627
0.00061914
0.00046240
-0.00058897
0.00023002
-0.00151042
0.00071806
0.00158614
0.00061024
-0.00019748
0.00069373
0.00062164
0.00150002
0.00113417
0.00111963
0.00061094
0.00094566
-0.00087812
-0.00034862
-0.00139338
0.00208758
-0.03689213
0.00045605
-0.00081710
-0.00050169
0.00018839
0.00035895
0.00017094
-0.00136803
0.00004012
0.00033388
-0.00066749
0.00033022
-0.00076895
0.00033994
0.00026853
0.00099450
0.00031584
-0.00099901
-0.00111702
0.00076562
0.00036723
0.00105905
-0.00042216
-0.00021305
0.00112493
0.00147667
-0.00118839
-0.00058452
-0.00090350
0.00073149
0.00036118
0.00059156
0.00026578
-0.00022051
0.00066233
0.00094735
0.00029302
-0.00028843
0.00139516
-0.00035932
0.00031700
-0.00008899
-0.00033000
-0.00148850
0.00063614
0.00036593
-0.00058149
-0.00017199
-0.00161309
0.00073215
0.00164717
0.00053701
-0.00041233
0.00068585
0.00073494
0.00149635
0.00129535
0.00121776
0.00061383
0.00111322
-0.00090238
-0.00048885
-0.00136819
0.00221275
-0.03543032
0.00053825
-0.00079060
-0.00057101
0.00032345
0.00041110
0.00032609
-0.00139717
0.00003620
0.00032928
-0.00061965
0.00023699
-0.00076796
0.00022707
0.00032115
0.00110274
0.00042957
-0.00097243
-0.00118757
0.00067924
0.00020119
0.00105342
-0.00036392
-0.00016674
0.00114594
0.00154697
-0.00110402
-0.00061915
-0.00097800
0.00086437
0.00030251
0.00071457
0.00022908
-0.00025900
0.00072347
0.00103939
0.00026340
-0.00010878
0.00132661
-0.00025556
0.00030021
-0.00003254
-0.00016354
-0.00137066
0.00062214
0.00050740
-0.00058314
0.00050226
-0.00151058
0.00069892
0.00155430
0.00059941
-0.00013452
0.00067755
0.00067512
0.00146660
0.00110855
0.00110247
0.00059229
0.00087697
-0.00085205
-0.00026940
-0.00142203
0.00208356
-0.03743023
0.00039414
-0.00084582
-0.00045431
0.00015267
0.00033114
0.00010175
-0.00134061
0.00000918
0.00032726
-0.00069365
0.00035384
-0.00074866
0.00030626
0.00026275
0.00097295
0.00029181
-0.00101679
-0.00112077
0.00075982
0.00041480
0.00106794
-0.00039632
-0.00022987
0.00111797
0.00146814
-0.00121983
-0.00057587
-0.00083401
0.00069651
0.00041650
0.00057812
0.00032613
-0.00022775
0.00064842
0.00103311
0.00025153
-0.00009637
0.00132470
-0.00024756
0.00030326
-0.00002492
-0.00015838
-0.00136024
0.00061424
0.00049616
-0.00060099
0.00050498
-0.00151273
0.00069783
0.00153867
0.00058789
-0.00014351
0.00069295
0.00064586
0.00145988
0.00109605
0.00109883
0.00058494
0.00088119
-0.00083917
-0.00029602
-0.00142161
0.00208708
-0.03748881
0.00038137
-0.00082706
-0.00045816
0.00015680
0.00032134
0.00008456
-0.00136039
-0.00001665
0.00034361
-0.00071562
0.00035051
-0.00072981
0.00029856
0.00025138
0.00096811
0.00030501
-0.00099612
-0.00113237
0.00074461
0.00041591
0.00107425
-0.00040013
-0.00021652
0.00110597
0.00146984
-0.00123539
-0.00059875
-0.00082411
0.00071884
0.00040807
0.00056326
0.00033427
-0.00021902
0.00065464
0.00100337
0.00031422
-0.00020051
0.00132927
-0.00034811
0.00031432
-0.00005669
-0.00025026
-0.00139275
0.00060708
0.00042853
-0.00056410
0.00014202
-0.00161261
0.00068131
0.00157912
0.00052826
-0.00035841
0.00069767
0.00074658
0.00144124
0.00123091
0.00120321
0.00059244
0.00100947
-0.00084642
-0.00043083
-0.00140342
0.00221558
-0.03592430
0.00041729
-0.00078132
-0.00049549
0.00030970
0.00036357
0.00017351
-0.00134150
-0.00005334
0.00034662
-0.00069670
0.00027252
-0.00069361
0.00017673
0.00034390
0.00104842
0.00039170
-0.00096021
-0.00119971
0.00065448
0.00027568
0.00110113
-0.00035463
-0.00016912
0.00113299
0.00150664
-0.00116110
-0.00060057
-0.00088253
0.00081549
0.00038849
0.00064576
0.00031963
-0.00023549
0.00071646
0.00104490
0.00026995
-0.00011180
0.00133062
-0.00025854
0.00031782
-0.00001988
-0.00013591
-0.00137643
0.00060912
0.00052708
-0.00061068
0.00045696
-0.00151828
0.00068495
0.00155446
0.00059522
-0.00016088
0.00068845
0.00065398
0.00144693
0.00112549
0.00108974
0.00054416
0.00086697
-0.00085183
-0.00031001
-0.00143058
0.00207546
-0.03739220
0.00035518
-0.00084828
-0.00044135
0.00015401
0.00031691
0.00005816
-0.00132738
-0.00000511
0.00032609
-0.00071195
0.00034612
-0.00072998
0.00030552
0.00023987
0.00097284
0.00027774
-0.00099785
-0.00116122
0.00075606
0.00042065
0.00107529
-0.00038307
-0.00020237
0.00109472
0.00145832
-0.00125313
-0.00056261
-0.00082038
0.00068722
0.00041437
0.00054591
0.00032523
-0.00021323
0.00065751
0.00104639
0.00026418
-0.00014735
0.00132964
-0.00025757
0.00029497
-0.00001451
-0.00016130
-0.00137370
0.00058409
0.00051273
-0.00064032
0.00033840
-0.00153375
0.00067128
0.00156460
0.00062687
-0.00016887
0.00069400
0.00060829
0.00143928
0.00111335
0.00108058
0.00054663
0.00089609
-0.00084353
-0.00033067
-0.00142186
0.00208577
-0.03711063
0.00038292
-0.00084509
-0.00047549
0.00014925
0.00033333
0.00011464
-0.00132483
0.00000013
0.00031280
-0.00071816
0.00035347
-0.00073865
0.00033346
0.00023038
0.00096685
0.00029101
-0.00098295
-0.00114830
0.00074518
0.00041306
0.00108080
-0.00041734
-0.00022619
0.00110856
0.00145266
-0.00123108
-0.00056395
-0.00085004
0.00071075
0.00039324
0.00053222
0.00027875
-0.00019388
0.00064861
0.00104283
0.00036608
-0.00035383
0.00132073
-0.00038711
0.00033738
-0.00008367
-0.00027335
-0.00146374
0.00054468
0.00049223
-0.00070783
-0.00002505
-0.00171490
0.00061751
0.00161141
0.00058445
-0.00035505
0.00066325
0.00068542
0.00135542
0.00126253
0.00114107
0.00052777
0.00102842
-0.00084239
-0.00042743
-0.00144286
0.00222556
-0.03550760
0.00042572
-0.00088187
-0.00056355
0.00024313
0.00037277
0.00034353
-0.00125616
-0.00001385
0.00026775
-0.00070160
0.00029640
-0.00071338
0.00022339
0.00026729
0.00105184
0.00035800
-0.00094740
-0.00126417
0.00063563
0.00029907
0.00112631
-0.00043015
-0.00022144
0.00113156
0.00144961
-0.00109726
-0.00054284
-0.00087671
0.00083142
0.00040978
0.00060397
0.00023320
-0.00020357
0.00068189
0.00106516
0.00027538
-0.00010758
0.00130484
-0.00025072
0.00031493
-0.00002569
-0.00013166
-0.00137349
0.00058708
0.00054381
-0.00064017
0.00053482
-0.00154078
0.00068067
0.00153783
0.00061370
-0.00013728
0.00068105
0.00064556
0.00143872
0.00111433
0.00107811
0.00052804
0.00083281
-0.00085510
-0.00027947
-0.00142688
0.00209165
-0.03745817
0.00033387
-0.00086259
-0.00045915
0.00013998
0.00029113
0.00005733
-0.00130716
0.00001195
0.00032619
-0.00074432
0.00037201
-0.00076147
0.00030910
0.00021962
0.00096448
0.00028296
-0.00102334
-0.00113674
0.00074516
0.00044659
0.00106420
-0.00042609
-0.00021885
0.00107904
0.00142338
-0.00121679
-0.00056496
-0.00081530
0.00070628
0.00045262
0.00053936
0.00033189
-0.00020300
0.00064804
0.00105373
0.00026806
-0.00015918
0.00130893
-0.00024190
0.00028392
-0.00002274
-0.00017732
-0.00139160
0.00058203
0.00052958
-0.00063926
0.00039488
-0.00151282
0.00065914
0.00154007
0.00064220
-0.00016620
0.00069212
0.00063899
0.00143666
0.00114380
0.00109277
0.00055242
0.00085666
-0.00089036
-0.00029481
-0.00140886
0.00210228
-0.03699060
0.00038306
-0.00084590
-0.00049503
0.00016307
0.00031937
0.00010857
-0.00131284
0.00000454
0.00032032
-0.00072107
0.00034446
-0.00078099
0.00030293
0.00023651
0.00097780
0.00028752
-0.00101161
-0.00112677
0.00075751
0.00044161
0.00106032
-0.00044264
-0.00023582
0.00108101
0.00142483
-0.00120630
-0.00056363
-0.00084995
0.00071631
0.00041958
0.00054169
0.00029449
-0.00020467
0.00063772
0.00104204
0.00031056
-0.00032536
0.00125943
-0.00033888
0.00034400
-0.00006375
-0.00026149
-0.00145057
0.00056200
0.00056731
-0.00068180
0.00024830
-0.00158077
0.00061042
0.00152066
0.00065548
-0.00029076
0.00065963
0.00077633
0.00138146
0.00127289
0.00113985
0.00054239
0.00088214
-0.00096075
-0.00031064
-0.00137868
0.00224131
-0.03575184
0.00040843
-0.00086754
-0.00059372
0.00026161
0.00032484
0.00023192
-0.00122690
-0.00001528
0.00029051
-0.00070190
0.00028302
-0.00081833
0.00014375
0.00027348
0.00106904
0.00031954
-0.00105070
-0.00118920
0.00072144
0.00040649
0.00105340
-0.00048718
-0.00021681
0.00106860
0.00142230
-0.00113340
-0.00055104
-0.00085531
0.00078968
0.00047913
0.00061984
0.00029722
-0.00024240
0.00064390
0.00105146
0.00028145
-0.00022846
0.00130623
-0.00030639
0.00031558
-0.00003396
-0.00020970
-0.00141642
0.00055892
0.00052850
-0.00066688
0.00022511
-0.00156735
0.00063626
0.00154184
0.00067315
-0.00023957
0.00066089
0.00069709
0.00144731
0.00119641
0.00113432
0.00053405
0.00090149
-0.00090828
-0.00030729
-0.00140538
0.00216478
-0.03640722
0.00041847
-0.00086280
-0.00056607
0.00022885
0.00035167
0.00017457
-0.00129297
-0.00001054
0.00029763
-0.00070021
0.00029103
-0.00080006
0.00022615
0.00024640
0.00103624
0.00031634
-0.00101126
-0.00114529
0.00073493
0.00041684
0.00106731
-0.00046230
-0.00024401
0.00109027
0.00142314
-0.00116863
-0.00055840
-0.00087367
0.00076886
0.00044090
0.00055907
0.00028813
-0.00022224
0.00063486
0.00106421
0.00030360
-0.00003376
0.00128301
-0.00023671
0.00033249
-0.00002333
-0.00007643
-0.00136510
0.00063653
0.00060706
-0.00063307
0.00097625
-0.00152348
0.00065829
0.00150351
0.00058259
-0.00003220
0.00061491
0.00075007
0.00141483
0.00105586
0.00106845
0.00051996
0.00075151
-0.00083990
-0.00015427
-0.00144237
0.00207302
-0.03840489
0.00028497
-0.00090487
-0.00041261
0.00012998
0.00026145
0.00001878
-0.00129999
0.00000059
0.00030970
-0.00074269
0.00038959
-0.00075182
0.00025116
0.00021321
0.00095720
0.00026545
-0.00107226
-0.00114426
0.00072648
0.00052672
0.00104430
-0.00038561
-0.00024885
0.00104939
0.00145412
-0.00126392
-0.00057430
-0.00072153
0.00067341
0.00051409
0.00054391
0.00042529
-0.00026275
0.00062836
0.00103664
0.00028601
-0.00013585
0.00129682
-0.00022689
0.00027168
-0.00001833
-0.00015732
-0.00138123
0.00059181
0.00055924
-0.00064476
0.00048172
-0.00153992
0.00063017
0.00154726
0.00063410
-0.00013776
0.00068121
0.00066937
0.00143944
0.00108423
0.00109747
0.00053987
0.00084297
-0.00087039
-0.00027262
-0.00142553
0.00209162
-0.03729837
0.00039367
-0.00084692
-0.00048524
0.00017553
0.00031825
0.00013563
-0.00132143
0.00001821
0.00033758
-0.00070763
0.00035052
-0.00076301
0.00030297
0.00022062
0.00096331
0.00029542
-0.00102529
-0.00111858
0.00071957
0.00046436
0.00103974
-0.00040700
-0.00025084
0.00106888
0.00143987
-0.00120634
-0.00056958
-0.00080348
0.00071475
0.00043723
0.00052534
0.00032632
-0.00021633
0.00063575
0.00102001
0.00026504
-0.00017072
0.00132140
-0.00022057
0.00026167
-0.00001956
-0.00017415
-0.00141388
0.00057460
0.00052899
-0.00063020
0.00038184
-0.00152649
0.00063246
0.00156427
0.00065799
-0.00016241
0.00070367
0.00062118
0.00142526
0.00108149
0.00110394
0.00052275
0.00087850
-0.00089411
-0.00030261
-0.00141732
0.00209044
-0.03698690
0.00040770
-0.00083800
-0.00049847
0.00019194
0.00033208
0.00015944
-0.00130565
0.00005082
0.00030486
-0.00068374
0.00033970
-0.00077051
0.00032992
0.00023391
0.00094635
0.00029480
-0.00100793
-0.00110564
0.00071634
0.00045934
0.00104057
-0.00040901
-0.00025548
0.00106977
0.00143571
-0.00118915
-0.00055008
-0.00083401
0.00072617
0.00040805
0.00053164
0.00027902
-0.00019512
0.00063295
0.00101010
0.00026028
-0.00022934
0.00133131
-0.00022600
0.00024018
-0.00001899
-0.00019640
-0.00145402
0.00056075
0.00049661
-0.00064555
0.00026467
-0.00154842
0.00061917
0.00157754
0.00067468
-0.00020772
0.00071743
0.00062356
0.00144988
0.00110712
0.00115126
0.00050634
0.00092918
-0.00091009
-0.00032000
-0.00143018
0.00210466
-0.03663967
0.00043271
-0.00083368
-0.00054272
0.00022188
0.00036933
0.00020159
-0.00131347
0.00006682
0.00031418
-0.00066671
0.00030821
-0.00077743
0.00033571
0.00019023
0.00093108
0.00030482
-0.00101068
-0.00110757
0.00069674
0.00044454
0.00102407
-0.00041354
-0.00029423
0.00107114
0.00142895
-0.00116671
-0.00054010
-0.00083320
0.00075166
0.00036479
0.00053089
0.00025469
-0.00017955
0.00063285
0.00103273
0.00028777
-0.00013182
0.00130683
-0.00022368
0.00028240
-0.00004252
-0.00013517
-0.00144816
0.00060640
0.00054935
-0.00064042
0.00073560
-0.00152840
0.00063174
0.00153773
0.00060425
-0.00011183
0.00065616
0.00071578
0.00143587
0.00107917
0.00113180
0.00050678
0.00084008
-0.00089732
-0.00019851
-0.00146352
0.00208133
-0.03781236
0.00034557
-0.00087706
-0.00047482
0.00017314
0.00031934
0.00010415
-0.00130294
0.00001723
0.00032476
-0.00067484
0.00034323
-0.00077824
0.00028651
0.00016793
0.00094361
0.00026982
-0.00104841
-0.00112663
0.00068977
0.00050550
0.00102282
-0.00038816
-0.00030040
0.00102998
0.00143681
-0.00120690
-0.00055473
-0.00072764
0.00070901
0.00043431
0.00054193
0.00037056
-0.00023008
0.00063314
0.00102597
0.00023955
-0.00015640
0.00132417
-0.00021291
0.00026131
-0.00003873
-0.00016311
-0.00144673
0.00061153
0.00052446
-0.00063167
0.00044318
-0.00153065
0.00064581
0.00156347
0.00064119
-0.00014149
0.00072034
0.00063088
0.00146119
0.00107849
0.00112551
0.00052725
0.00088772
-0.00089248
-0.00027236
-0.00143311
0.00207285
-0.03718244
0.00038451
-0.00084601
-0.00050014
0.00017972
0.00033691
0.00009565
-0.00130935
0.00001546
0.00034897
-0.00068106
0.00030565
-0.00078356
0.00033130
0.00019937
0.00093795
0.00026377
-0.00101336
-0.00109629
0.00072382
0.00044967
0.00105328
-0.00040348
-0.00029573
0.00104835
0.00143619
-0.00119834
-0.00055503
-0.00080096
0.00070713
0.00039105
0.00053609
0.00030297
-0.00020119
0.00062796
0.00104476
0.00027464
-0.00014117
0.00134455
-0.00020109
0.00024754
-0.00002667
-0.00016266
-0.00145423
0.00062972
0.00050728
-0.00062700
0.00043378
-0.00153830
0.00062546
0.00155907
0.00062821
-0.00014849
0.00071414
0.00064135
0.00147127
0.00110060
0.00111634
0.00051516
0.00087280
-0.00088530
-0.00027984
-0.00144994
0.00209371
-0.03717250
0.00037612
-0.00084531
-0.00049307
0.00016797
0.00035133
0.00011798
-0.00129953
0.00000692
0.00035236
-0.00068325
0.00033566
-0.00078283
0.00032867
0.00019633
0.00093281
0.00028658
-0.00101305
-0.00107672
0.00074231
0.00045219
0.00106697
-0.00039922
-0.00031094
0.00105027
0.00143863
-0.00121572
-0.00056352
-0.00079663
0.00070880
0.00038462
0.00053847
0.00028520
-0.00021035
0.00061267
0.00106320
0.00029273
-0.00017405
0.00135525
-0.00018732
0.00023313
-0.00003069
-0.00020340
-0.00151065
0.00062970
0.00045743
-0.00062587
0.00031632
-0.00154605
0.00060833
0.00155774
0.00062227
-0.00019953
0.00071244
0.00064993
0.00147698
0.00113458
0.00114024
0.00050610
0.00090257
-0.00089496
-0.00030763
-0.00147293
0.00211371
-0.03681494
0.00041378
-0.00082368
-0.00052812
0.00016874
0.00041607
0.00021731
-0.00130496
-0.00001338
0.00035606
-0.00067971
0.00032494
-0.00078529
0.00033733
0.00017117
0.00093698
0.00032185
-0.00100084
-0.00105560
0.00072827
0.00043407
0.00107756
-0.00038910
-0.00034795
0.00106603
0.00142832
-0.00119845
-0.00057254
-0.00081992
0.00074400
0.00035506
0.00054562
0.00023071
-0.00019320
0.00059379
0.00108194
0.00028509
-0.00013709
0.00134764
-0.00020112
0.00024509
-0.00001750
-0.00017919
-0.00143511
0.00063183
0.00047932
-0.00063223
0.00036890
-0.00152431
0.00065806
0.00156130
0.00063059
-0.00016991
0.00070442
0.00062305
0.00147615
0.00110518
0.00112989
0.00050480
0.00087603
-0.00086347
-0.00028761
-0.00144568
0.00209819
-0.03704641
0.00041218
-0.00084460
-0.00050411
0.00016373
0.00037857
0.00019656
-0.00133447
-0.00000012
0.00033635
-0.00069634
0.00034489
-0.00075555
0.00035671
0.00017394
0.00094518
0.00028198
-0.00100460
-0.00108353
0.00074794
0.00043768
0.00107637
-0.00038613
-0.00029710
0.00106378
0.00144392
-0.00124119
-0.00058380
-0.00083425
0.00072078
0.00037172
0.00054291
0.00026670
-0.00018317
0.00061173
0.00140837
0.00042983
-0.00010878
0.00155967
-0.00020111
0.00020923
-0.00005491
-0.00023552
-0.00148849
0.00076539
0.00052708
-0.00063225
0.00114010
-0.00163186
0.00065090
0.00137639
0.00046629
-0.00018655
0.00054308
0.00076016
0.00160819
0.00109514
0.00121235
0.00031364
0.00073024
-0.00090343
-0.00020152
-0.00145152
0.00217778
-0.03803630
0.00025815
-0.00096450
-0.00049080
0.00028487
0.00046444
0.00025320
-0.00120400
-0.00008821
0.00034384
-0.00079416
0.00029407
-0.00066155
0.00025334
-0.00007296
0.00104382
0.00023159
-0.00107468
-0.00120264
0.00069068
0.00053218
0.00114181
-0.00032312
-0.00034056
0.00095113
0.00138572
-0.00134331
-0.00052978
-0.00059891
0.00076817
0.00047003
0.00059784
0.00037987
-0.00015290
0.00053011
0.00111893
0.00031841
-0.00004008
0.00132702
-0.00018989
0.00029345
-0.00003162
-0.00010558
-0.00141903
0.00067115
0.00054037
-0.00060900
0.00087791
-0.00152278
0.00064482
0.00151873
0.00056713
-0.00005895
0.00064662
0.00072574
0.00146484
0.00105366
0.00110612
0.00049892
0.00076949
-0.00083436
-0.00016812
-0.00146562
0.00207798
-0.03827422
0.00032073
-0.00089481
-0.00042137
0.00012679
0.00029426
0.00009270
-0.00132098
-0.00001583
0.00033632
-0.00070871
0.00037532
-0.00074583
0.00031314
0.00013942
0.00094523
0.00024444
-0.00103946
-0.00109802
0.00073841
0.00050109
0.00106712
-0.00035437
-0.00029771
0.00101965
0.00143751
-0.00127484
-0.00060596
-0.00072501
0.00068380
0.00045180
0.00055267
0.00037484
-0.00023663
0.00061381
0.00109078
0.00030824
-0.00012255
0.00133505
-0.00016947
0.00023741
-0.00004396
-0.00016683
-0.00143165
0.00064626
0.00048082
-0.00062736
0.00044946
-0.00153148
0.00063677
0.00152917
0.00059881
-0.00014387
0.00069493
0.00062915
0.00147071
0.00109013
0.00114550
0.00051878
0.00085858
-0.00085577
-0.00028550
-0.00145380
0.00208884
-0.03723601
0.00041657
-0.00083309
-0.00047251
0.00016532
0.00034471
0.00016954
-0.00132784
-0.00001702
0.00036125
-0.00071321
0.00033456
-0.00076287
0.00033145
0.00017017
0.00093877
0.00026768
-0.00101708
-0.00106254
0.00076183
0.00044596
0.00107580
-0.00038331
-0.00027792
0.00104259
0.00140220
-0.00122071
-0.00059693
-0.00085015
0.00073576
0.00039924
0.00052895
0.00027620
-0.00022193
0.00061126
0.00109049
0.00030144
-0.00015241
0.00130911
-0.00017654
0.00024396
-0.00004153
-0.00018148
-0.00143670
0.00066004
0.00048346
-0.00061507
0.00034354
-0.00154161
0.00065438
0.00155084
0.00060495
-0.00016960
0.00069583
0.00061774
0.00147233
0.00109056
0.00113545
0.00052566
0.00088443
-0.00087464
-0.00030472
-0.00144980
0.00209148
-0.03693187
0.00042702
-0.00083655
-0.00045983
0.00017152
0.00036104
0.00015484
-0.00134087
-0.00001441
0.00038034
-0.00071188
0.00033537
-0.00076775
0.00031976
0.00019455
0.00091208
0.00023780
-0.00102704
-0.00107561
0.00078289
0.00044012
0.00111124
-0.00040585
-0.00028500
0.00104003
0.00140403
-0.00120721
-0.00058873
-0.00086018
0.00072834
0.00040102
0.00049301
0.00025433
-0.00021686
0.00061197
0.00109030
0.00031276
-0.00019290
0.00131083
-0.00017798
0.00024310
-0.00003511
-0.00020135
-0.00147214
0.00062559
0.00045729
-0.00062687
0.00024642
-0.00153335
0.00064309
0.00156179
0.00061705
-0.00018681
0.00070553
0.00059550
0.00147905
0.00111643
0.00114188
0.00052718
0.00090575
-0.00089354
-0.00032999
-0.00147166
0.00209692
-0.03676324
0.00044842
-0.00083248
-0.00047560
0.00017536
0.00039080
0.00024828
-0.00135458
0.00000086
0.00038117
-0.00070633
0.00033304
-0.00075660
0.00033772
0.00017286
0.00092367
0.00022829
-0.00100108
-0.00108345
0.00079866
0.00042637
0.00113099
-0.00040778
-0.00028088
0.00105708
0.00139393
-0.00123164
-0.00057280
-0.00086833
0.00072107
0.00040323
0.00049073
0.00022929
-0.00021465
0.00061388
0.00108582
0.00031173
-0.00018764
0.00131030
-0.00018011
0.00025842
-0.00003880
-0.00019790
-0.00150401
0.00064312
0.00046051
-0.00062744
0.00028123
-0.00150794
0.00065507
0.00157164
0.00059914
-0.00017087
0.00070399
0.00061065
0.00147522
0.00111819
0.00114290
0.00053535
0.00089477
-0.00089757
-0.00031249
-0.00148789
0.00207650
-0.03693537
0.00043737
-0.00083677
-0.00044946
0.00016584
0.00038772
0.00026730
-0.00137176
-0.00000526
0.00036919
-0.00070526
0.00033947
-0.00073814
0.00033319
0.00016258
0.00094413
0.00023298
-0.00099192
-0.00109343
0.00079669
0.00042315
0.00112512
-0.00038847
-0.00029034
0.00104280
0.00137314
-0.00125268
-0.00058598
-0.00086447
0.00072421
0.00042568
0.00048246
0.00024147
-0.00023026
0.00060063
0.00109002
0.00028423
-0.00013432
0.00130330
-0.00018883
0.00030177
-0.00002611
-0.00015446
-0.00146411
0.00065337
0.00050122
-0.00061224
0.00053749
-0.00150573
0.00062435
0.00156791
0.00060764
-0.00011806
0.00065899
0.00065892
0.00145840
0.00109871
0.00111305
0.00052200
0.00083534
-0.00089960
-0.00024806
-0.00150028
0.00206207
-0.03751722
0.00038094
-0.00086885
-0.00042281
0.00015397
0.00036424
0.00015688
-0.00133797
0.00000173
0.00035097
-0.00069592
0.00035674
-0.00074085
0.00029774
0.00016552
0.00096078
0.00022298
-0.00101954
-0.00110174
0.00079189
0.00047437
0.00112425
-0.00038159
-0.00028354
0.00104089
0.00138834
-0.00126541
-0.00057676
-0.00080896
0.00069239
0.00044877
0.00049540
0.00029479
-0.00024292
0.00060368
0.00118868
0.00033657
-0.00028654
0.00129522
-0.00020653
0.00035393
-0.00001320
-0.00022297
-0.00162558
0.00067208
0.00041697
-0.00064266
0.00035239
-0.00151954
0.00052206
0.00161317
0.00062363
-0.00020938
0.00062397
0.00069772
0.00147132
0.00118215
0.00118023
0.00041683
0.00087433
-0.00100513
-0.00028787
-0.00161489
0.00211934
-0.03661655
0.00041246
-0.00091031
-0.00041502
0.00024421
0.00050297
0.00038455
-0.00129215
-0.00001750
0.00033333
-0.00067464
0.00033795
-0.00068952
0.00021714
0.00003289
0.00101345
0.00013706
-0.00100476
-0.00112726
0.00083502
0.00046405
0.00126306
-0.00034310
-0.00034799
0.00100934
0.00128998
-0.00134643
-0.00054305
-0.00081304
0.00071891
0.00049233
0.00043842
0.00021410
-0.00026600
0.00055627
0.00108354
0.00028293
-0.00012117
0.00131828
-0.00019468
0.00030324
-0.00001811
-0.00013423
-0.00145192
0.00065429
0.00050666
-0.00060381
0.00055815
-0.00149093
0.00063552
0.00157787
0.00059997
-0.00011019
0.00066214
0.00065789
0.00146223
0.00111556
0.00109108
0.00052698
0.00082470
-0.00090537
-0.00024491
-0.00150681
0.00205570
-0.03756816
0.00037261
-0.00084869
-0.00041392
0.00016143
0.00035141
0.00010882
-0.00134491
0.00000824
0.00035343
-0.00069921
0.00037103
-0.00072732
0.00031343
0.00018711
0.00093581
0.00023329
-0.00102523
-0.00110225
0.00080352
0.00045466
0.00110525
-0.00037481
-0.00026319
0.00106721
0.00139629
-0.00126715
-0.00057610
-0.00081198
0.00067415
0.00045563
0.00050780
0.00029497
-0.00024213
0.00061498
0.00118462
0.00035859
-0.00023466
0.00133107
-0.00020771
0.00034960
0.00000659
-0.00015542
-0.00159748
0.00067630
0.00042451
-0.00062614
0.00051114
-0.00149697
0.00053914
0.00162581
0.00058886
-0.00018453
0.00063182
0.00071924
0.00145866
0.00122574
0.00113672
0.00040294
0.00082993
-0.00101478
-0.00026131
-0.00163034
0.00211383
-0.03683013
0.00037836
-0.00087318
-0.00038282
0.00024967
0.00046294
0.00026536
-0.00128721
0.00000923
0.00034101
-0.00069140
0.00037470
-0.00066579
0.00024921
0.00007618
0.00093438
0.00016594
-0.00103665
-0.00113326
0.00084389
0.00042317
0.00120268
-0.00030905
-0.00031167
0.00106667
0.00132121
-0.00132389
-0.00055009
-0.00079824
0.00067564
0.00050401
0.00047964
0.00022628
-0.00026332
0.00058951
0.00113522
0.00031370
-0.00018329
0.00134684
-0.00020798
0.00031306
-0.00000570
-0.00015464
-0.00153843
0.00065080
0.00043707
-0.00061778
0.00038435
-0.00151669
0.00058166
0.00161894
0.00062248
-0.00017320
0.00063944
0.00066923
0.00148885
0.00117155
0.00114206
0.00045799
0.00086657
-0.00095266
-0.00026390
-0.00158191
0.00208042
-0.03702600
0.00041619
-0.00086282
-0.00042972
0.00022448
0.00044369
0.00022293
-0.00134403
0.00001009
0.00034189
-0.00068001
0.00034226
-0.00070953
0.00028844
0.00013072
0.00095040
0.00021481
-0.00100902
-0.00109933
0.00081970
0.00042793
0.00116194
-0.00034205
-0.00031152
0.00107613
0.00135269
-0.00127547
-0.00056557
-0.00084567
0.00070151
0.00046208
0.00047400
0.00023752
-0.00024918
0.00059012
0.00107960
0.00028933
-0.00006892
0.00132244
-0.00020369
0.00030862
-0.00002914
-0.00007917
-0.00143076
0.00066417
0.00052112
-0.00061763
0.00066062
-0.00149332
0.00062720
0.00157104
0.00061327
-0.00007455
0.00065124
0.00068474
0.00144866
0.00111517
0.00107541
0.00051594
0.00079501
-0.00087660
-0.00018462
-0.00151613
0.00204939
-0.03790054
0.00034835
-0.00086559
-0.00040901
0.00015800
0.00033231
0.00006783
-0.00136338
0.00001486
0.00032976
-0.00069575
0.00038999
-0.00073133
0.00027483
0.00018652
0.00093526
0.00022851
-0.00102994
-0.00108474
0.00081246
0.00047698
0.00109386
-0.00036455
-0.00028202
0.00106895
0.00139556
-0.00129948
-0.00058642
-0.00079327
0.00068442
0.00046663
0.00052673
0.00029969
-0.00026764
0.00060028
0.00108151
0.00026919
-0.00007711
0.00133578
-0.00019496
0.00031052
-0.00003200
-0.00009100
-0.00143669
0.00065275
0.00052220
-0.00061769
0.00066639
-0.00150609
0.00062418
0.00156496
0.00063655
-0.00007015
0.00064680
0.00065993
0.00145483
0.00111190
0.00104795
0.00051917
0.00079584
-0.00088502
-0.00021208
-0.00150184
0.00207074
-0.03776458
0.00035957
-0.00085901
-0.00041160
0.00014952
0.00031134
0.00007986
-0.00136240
0.00000935
0.00032925
-0.00070223
0.00039674
-0.00072888
0.00029404
0.00018842
0.00093317
0.00023211
-0.00102695
-0.00108692
0.00080993
0.00047021
0.00108650
-0.00038489
-0.00025503
0.00105925
0.00138733
-0.00129793
-0.00056706
-0.00078712
0.00067712
0.00045964
0.00052593
0.00028791
-0.00025163
0.00060412
0.00109793
0.00026365
-0.00007556
0.00133364
-0.00018778
0.00029438
-0.00003189
-0.00007213
-0.00144054
0.00065731
0.00051182
-0.00062507
0.00074316
-0.00149572
0.00062151
0.00156309
0.00063018
-0.00006200
0.00063003
0.00066905
0.00144375
0.00112529
0.00103718
0.00052419
0.00077903
-0.00086920
-0.00019707
-0.00150235
0.00206521
-0.03798336
0.00035339
-0.00085846
-0.00040368
0.00012937
0.00031090
0.00006179
-0.00137704
-0.00000689
0.00034754
-0.00071685
0.00041252
-0.00073025
0.00028772
0.00017076
0.00092994
0.00025176
-0.00100017
-0.00107298
0.00082986
0.00048312
0.00107923
-0.00038104
-0.00026594
0.00106998
0.00137999
-0.00131362
-0.00057733
-0.00078708
0.00069864
0.00046186
0.00052745
0.00027646
-0.00026478
0.00060629
0.00108374
0.00025758
-0.00011323
0.00132750
-0.00017885
0.00026790
-0.00002523
-0.00010044
-0.00142338
0.00063199
0.00048418
-0.00063183
0.00052082
-0.00149471
0.00061519
0.00159260
0.00064832
-0.00010041
0.00065346
0.00064008
0.00144825
0.00113390
0.00105655
0.00053202
0.00083637
-0.00088172
-0.00023527
-0.00149794
0.00208479
-0.03744054
0.00038346
-0.00083775
-0.00042465
0.00017596
0.00034325
0.00005506
-0.00136230
-0.00001226
0.00035144
-0.00070265
0.00041317
-0.00073591
0.00030857
0.00017355
0.00093922
0.00027967
-0.00098961
-0.00105904
0.00081491
0.00046853
0.00107779
-0.00039057
-0.00027167
0.00107627
0.00137293
-0.00128810
-0.00056677
-0.00083046
0.00070554
0.00044054
0.00051369
0.00022484
-0.00025409
0.00060144
0.00110275
0.00026010
-0.00015744
0.00133495
-0.00015588
0.00022785
-0.00003008
-0.00011812
-0.00148838
0.00063049
0.00043872
-0.00064091
0.00038220
-0.00147975
0.00059774
0.00160410
0.00065018
-0.00015047
0.00064890
0.00062130
0.00146034
0.00120167
0.00107167
0.00054067
0.00087450
-0.00090460
-0.00024838
-0.00154453
0.00209033
-0.03711908
0.00041310
-0.00082265
-0.00043103
0.00020020
0.00038622
0.00010595
-0.00140182
-0.00000843
0.00034784
-0.00066740
0.00040774
-0.00072758
0.00031798
0.00017281
0.00092726
0.00029663
-0.00096110
-0.00104324
0.00083603
0.00046722
0.00108890
-0.00038537
-0.00025723
0.00106621
0.00133093
-0.00129643
-0.00058050
-0.00087776
0.00073285
0.00039759
0.00050748
0.00018020
-0.00023890
0.00059928
0.00111153
0.00028592
-0.00008012
0.00131431
-0.00015782
0.00026764
-0.00004831
-0.00006920
-0.00148758
0.00066489
0.00047953
-0.00064119
0.00077385
-0.00146839
0.00061087
0.00157099
0.00059706
-0.00007031
0.00060451
0.00070090
0.00145271
0.00117069
0.00106326
0.00053294
0.00080506
-0.00089400
-0.00014846
-0.00156501
0.00207109
-0.03806737
0.00033917
-0.00086230
-0.00038129
0.00016099
0.00034399
0.00003614
-0.00138737
-0.00004578
0.00035530
-0.00067682
0.00042652
-0.00072692
0.00027437
0.00014704
0.00093576
0.00026381
-0.00099257
-0.00106461
0.00081542
0.00051153
0.00108483
-0.00036363
-0.00027595
0.00102992
0.00134085
-0.00132680
-0.00058564
-0.00077805
0.00069735
0.00045343
0.00051373
0.00028380
-0.00027985
0.00060089
0.00109259
0.00027717
-0.00003760
0.00128237
-0.00016975
0.00028134
-0.00005012
-0.00004098
-0.00143537
0.00067945
0.00051877
-0.00062888
0.00092932
-0.00147783
0.00062826
0.00155129
0.00058605
-0.00002689
0.00060081
0.00071378
0.00144196
0.00114744
0.00103744
0.00054368
0.00075983
-0.00087147
-0.00010836
-0.00154697
0.00205251
-0.03845641
0.00030567
-0.00086779
-0.00037051
0.00012905
0.00031040
0.00001466
-0.00136995
-0.00005264
0.00035885
-0.00069345
0.00042276
-0.00071167
0.00025778
0.00016130
0.00092998
0.00025657
-0.00100871
-0.00107802
0.00081221
0.00051615
0.00107117
-0.00037109
-0.00027192
0.00103292
0.00134933
-0.00134047
-0.00058105
-0.00073847
0.00067953
0.00048035
0.00051313
0.00032781
-0.00028447
0.00061252
0.00107768
0.00025942
-0.00008800
0.00129348
-0.00016303
0.00024138
-0.00005475
-0.00007984
-0.00145115
0.00065900
0.00046772
-0.00063592
0.00065361
-0.00147325
0.00063617
0.00157361
0.00059360
-0.00005985
0.00062308
0.00065167
0.00144789
0.00118182
0.00103412
0.00057110
0.00080738
-0.00089292
-0.00015458
-0.00154616
0.00205175
-0.03788948
0.00035264
-0.00083312
-0.00040125
0.00014696
0.00034516
0.00005907
-0.00138039
-0.00006129
0.00036962
-0.00067403
0.00041868
-0.00070887
0.00026090
0.00018892
0.00091744
0.00027150
-0.00096798
-0.00105313
0.00082672
0.00048549
0.00108305
-0.00039926
-0.00026701
0.00106155
0.00133684
-0.00132457
-0.00057920
-0.00079059
0.00069339
0.00044719
0.00050028
0.00028196
-0.00026466
0.00061463
0.00104409
0.00024706
-0.00010401
0.00130523
-0.00016661
0.00023559
-0.00005252
-0.00009514
-0.00142491
0.00063837
0.00045261
-0.00063071
0.00055614
-0.00148336
0.00065143
0.00156044
0.00061933
-0.00007028
0.00065152
0.00060962
0.00145718
0.00116493
0.00103531
0.00058444
0.00082188
-0.00086592
-0.00019643
-0.00150856
0.00205741
-0.03764985
0.00038084
-0.00082943
-0.00042401
0.00014311
0.00033802
0.00007887
-0.00137171
-0.00004354
0.00037161
-0.00068303
0.00040307
-0.00070173
0.00029539
0.00021131
0.00090582
0.00027150
-0.00095383
-0.00104779
0.00083694
0.00046775
0.00107283
-0.00042917
-0.00026593
0.00106426
0.00136287
-0.00129357
-0.00058817
-0.00081972
0.00070140
0.00043586
0.00050847
0.00029039
-0.00024906
0.00061777
0.00103576
0.00022440
-0.00014543
0.00130421
-0.00017222
0.00020961
-0.00005537
-0.00015187
-0.00142557
0.00061864
0.00043481
-0.00062685
0.00035410
-0.00148067
0.00063992
0.00158002
0.00063776
-0.00012063
0.00064800
0.00056506
0.00146637
0.00120591
0.00103219
0.00060418
0.00087750
-0.00088086
-0.00027413
-0.00150389
0.00207456
-0.03704420
0.00043195
-0.00081724
-0.00045935
0.00017536
0.00036134
0.00011815
-0.00136774
-0.00002451
0.00037802
-0.00065939
0.00038797
-0.00070815
0.00032289
0.00019821
0.00089093
0.00028329
-0.00094432
-0.00102283
0.00085149
0.00046551
0.00109017
-0.00045446
-0.00026961
0.00110544
0.00135733
-0.00126396
-0.00059740
-0.00086007
0.00072065
0.00039891
0.00050935
0.00023769
-0.00024499
0.00063420
0.00102272
0.00019692
-0.00017801
0.00131814
-0.00016570
0.00020964
-0.00005384
-0.00016126
-0.00145219
0.00060906
0.00042742
-0.00063341
0.00021893
-0.00147336
0.00064317
0.00158793
0.00061958
-0.00015579
0.00065029
0.00053480
0.00145100
0.00125946
0.00101566
0.00061015
0.00091537
-0.00090462
-0.00029031
-0.00154394
0.00206617
-0.03688322
0.00046974
-0.00083526
-0.00048027
0.00016322
0.00039894
0.00013669
-0.00139894
-0.00003353
0.00036762
-0.00064447
0.00036467
-0.00070780
0.00031960
0.00016862
0.00087965
0.00029816
-0.00092191
-0.00099533
0.00087040
0.00048696
0.00108498
-0.00044605
-0.00030833
0.00111255
0.00135980
-0.00126050
-0.00062971
-0.00088205
0.00073998
0.00038276
0.00053209
0.00019053
-0.00022079
0.00062823
0.00103639
0.00023237
-0.00007568
0.00130596
-0.00017879
0.00025595
-0.00005504
-0.00009123
-0.00140018
0.00062978
0.00049862
-0.00062143
0.00050620
-0.00149038
0.00063701
0.00155410
0.00060852
-0.00008544
0.00062640
0.00061139
0.00143409
0.00118570
0.00101500
0.00057795
0.00082454
-0.00087576
-0.00021091
-0.00151294
0.00205668
-0.03769685
0.00039204
-0.00085161
-0.00043504
0.00011464
0.00033168
0.00005434
-0.00135629
-0.00003608
0.00035632
-0.00066855
0.00036817
-0.00072515
0.00031080
0.00018785
0.00090293
0.00026968
-0.00096960
-0.00103133
0.00084517
0.00052440
0.00106969
-0.00042560
-0.00028600
0.00107626
0.00138357
-0.00127803
-0.00062134
-0.00079750
0.00071234
0.00044191
0.00052915
0.00029596
-0.00026566
0.00064566
0.00104385
0.00023840
-0.00009843
0.00131257
-0.00018674
0.00026828
-0.00006311
-0.00011972
-0.00140030
0.00063133
0.00049801
-0.00062944
0.00049207
-0.00148990
0.00063262
0.00156334
0.00059601
-0.00009336
0.00065247
0.00061002
0.00144066
0.00119800
0.00103037
0.00057737
0.00083284
-0.00088003
-0.00023555
-0.00150235
0.00206137
-0.03749819
0.00040458
-0.00084344
-0.00044056
0.00012821
0.00034344
0.00005006
-0.00135751
-0.00002820
0.00035927
-0.00065574
0.00037598
-0.00072955
0.00032659
0.00020061
0.00089989
0.00027772
-0.00095099
-0.00102418
0.00084504
0.00051427
0.00107345
-0.00042347
-0.00029470
0.00107288
0.00138305
-0.00125462
-0.00062148
-0.00082024
0.00070111
0.00042985
0.00052344
0.00027792
-0.00025706
0.00064820
0.00103994
0.00021661
-0.00012797
0.00132735
-0.00017867
0.00023819
-0.00005190
-0.00015390
-0.00142293
0.00060358
0.00046858
-0.00061699
0.00028351
-0.00149611
0.00063567
0.00158219
0.00062408
-0.00015304
0.00068329
0.00057125
0.00146199
0.00122101
0.00102076
0.00057521
0.00087864
-0.00088437
-0.00029656
-0.00149137
0.00205286
-0.03705395
0.00044152
-0.00082821
-0.00046060
0.00014340
0.00036545
0.00007950
-0.00135991
-0.00002123
0.00035675
-0.00065116
0.00036088
-0.00074760
0.00035678
0.00018967
0.00091109
0.00030139
-0.00092225
-0.00101006
0.00085566
0.00049376
0.00108679
-0.00043527
-0.00031490
0.00107599
0.00139082
-0.00126522
-0.00062931
-0.00087480
0.00072492
0.00040621
0.00052113
0.00023560
-0.00023767
0.00064340
0.00103569
0.00024320
-0.00011786
0.00131951
-0.00016881
0.00024059
-0.00002558
-0.00015042
-0.00142543
0.00060815
0.00047703
-0.00061087
0.00029298
-0.00149670
0.00064550
0.00158410
0.00061243
-0.00014521
0.00065442
0.00060990
0.00146145
0.00119627
0.00103338
0.00054947
0.00088009
-0.00087951
-0.00029812
-0.00148875
0.00206736
-0.03718174
0.00042309
-0.00082690
-0.00043774
0.00015596
0.00035460
0.00011325
-0.00136430
-0.00002191
0.00034497
-0.00064875
0.00037225
-0.00075191
0.00034048
0.00019538
0.00091267
0.00029146
-0.00094890
-0.00102111
0.00081633
0.00049214
0.00108541
-0.00043259
-0.00031070
0.00108114
0.00141357
-0.00127733
-0.00060577
-0.00086541
0.00071846
0.00041122
0.00051428
0.00025436
-0.00024436
0.00065060
0.00104979
0.00025920
-0.00009712
0.00131169
-0.00016411
0.00024950
-0.00004515
-0.00014414
-0.00145594
0.00062921
0.00047351
-0.00061597
0.00041848
-0.00147959
0.00064390
0.00157736
0.00056988
-0.00012808
0.00062108
0.00064710
0.00146029
0.00123417
0.00102928
0.00055239
0.00086643
-0.00089870
-0.00025438
-0.00153271
0.00206249
-0.03750740
0.00040600
-0.00084100
-0.00041145
0.00014753
0.00036248
0.00010272
-0.00137589
-0.00006149
0.00035205
-0.00063031
0.00038291
-0.00074918
0.00031798
0.00017321
0.00092108
0.00027674
-0.00094360
-0.00101524
0.00082228
0.00052253
0.00109773
-0.00042407
-0.00033898
0.00105945
0.00139949
-0.00130165
-0.00061525
-0.00083067
0.00071626
0.00043230
0.00051539
0.00028451
-0.00027475
0.00065439
0.00099864
0.00024969
-0.00011452
0.00132360
-0.00016784
0.00021781
-0.00002903
-0.00016660
-0.00144018
0.00057524
0.00047508
-0.00061610
0.00023450
-0.00148028
0.00063594
0.00158495
0.00061470
-0.00018130
0.00067077
0.00059110
0.00146225
0.00122668
0.00104573
0.00056164
0.00088136
-0.00092019
-0.00029144
-0.00147802
0.00207054
-0.03696128
0.00043828
-0.00082698
-0.00043143
0.00016722
0.00036777
0.00012009
-0.00136735
-0.00004614
0.00035231
-0.00065772
0.00035687
-0.00077331
0.00034772
0.00018367
0.00092572
0.00029824
-0.00093606
-0.00101037
0.00080654
0.00048152
0.00108626
-0.00042706
-0.00033640
0.00109134
0.00141717
-0.00125033
-0.00062051
-0.00088813
0.00070831
0.00039977
0.00050728
0.00022807
-0.00023676
0.00064477
0.00102967
0.00025478
-0.00013011
0.00132444
-0.00016315
0.00022127
-0.00002849
-0.00017490
-0.00145219
0.00058701
0.00046887
-0.00062312
0.00026046
-0.00149314
0.00063785
0.00158852
0.00060993
-0.00018075
0.00068553
0.00060902
0.00144079
0.00123359
0.00105169
0.00054940
0.00088409
-0.00090809
-0.00029913
-0.00147770
0.00205992
-0.03686974
0.00044144
-0.00083646
-0.00043913
0.00015648
0.00036041
0.00012392
-0.00136492
-0.00001537
0.00034356
-0.00066648
0.00035639
-0.00078047
0.00034276
0.00020038
0.00092752
0.00031023
-0.00093248
-0.00102648
0.00079427
0.00048902
0.00107451
-0.00041443
-0.00034525
0.00107254
0.00141050
-0.00122350
-0.00062130
-0.00087890
0.00072971
0.00039064
0.00052377
0.00024456
-0.00023821
0.00065023
0.00101680
0.00026256
-0.00006586
0.00132329
-0.00016525
0.00024988
-0.00004752
-0.00013192
-0.00144708
0.00060671
0.00049632
-0.00061124
0.00051355
-0.00150681
0.00063344
0.00156418
0.00058240
-0.00012151
0.00066868
0.00066006
0.00142137
0.00119600
0.00103775
0.00054640
0.00082604
-0.00087673
-0.00024358
-0.00148004
0.00205481
-0.03749955
0.00038137
-0.00085975
-0.00040870
0.00013707
0.00031585
0.00008844
-0.00135395
-0.00002538
0.00034667
-0.00067552
0.00035702
-0.00077901
0.00031727
0.00018171
0.00093356
0.00029909
-0.00096316
-0.00104600
0.00076709
0.00049648
0.00106055
-0.00038861
-0.00032315
0.00106273
0.00140715
-0.00123965
-0.00062034
-0.00082454
0.00070864
0.00043491
0.00054008
0.00031538
-0.00026084
0.00064369
0.00101203
0.00026359
-0.00015002
0.00136357
-0.00016021
0.00018792
-0.00006998
-0.00021578
-0.00153292
0.00056366
0.00042799
-0.00061085
0.00013642
-0.00151844
0.00060856
0.00160056
0.00056732
-0.00021307
0.00069682
0.00061053
0.00139208
0.00132644
0.00105083
0.00056435
0.00092279
-0.00093810
-0.00030652
-0.00152055
0.00207430
-0.03652167
0.00048269
-0.00083605
-0.00042471
0.00017225
0.00038911
0.00022006
-0.00139863
-0.00004540
0.00033952
-0.00062798
0.00033543
-0.00080907
0.00034082
0.00018343
0.00095043
0.00033806
-0.00090774
-0.00101217
0.00077723
0.00045907
0.00106516
-0.00038408
-0.00036308
0.00107863
0.00136959
-0.00119095
-0.00063181
-0.00092462
0.00077717
0.00037444
0.00055257
0.00022347
-0.00025441
0.00062911
0.00099335
0.00025581
-0.00012992
0.00133001
-0.00017072
0.00021183
-0.00005954
-0.00017768
-0.00147198
0.00057261
0.00046973
-0.00059731
0.00025118
-0.00152009
0.00062968
0.00160786
0.00059355
-0.00017861
0.00067342
0.00061815
0.00142019
0.00122537
0.00106485
0.00055838
0.00089523
-0.00090224
-0.00030057
-0.00148381
0.00205454
-0.03687403
0.00043859
-0.00082182
-0.00044683
0.00017051
0.00035020
0.00015204
-0.00137286
-0.00002282
0.00034469
-0.00066002
0.00034522
-0.00078499
0.00033141
0.00020019
0.00095026
0.00032250
-0.00094081
-0.00104781
0.00076928
0.00043781
0.00105281
-0.00039695
-0.00032531
0.00107236
0.00140599
-0.00119960
-0.00060821
-0.00089807
0.00073427
0.00039880
0.00053389
0.00025308
-0.00024091
0.00063976
0.00098042
0.00029521
-0.00014027
0.00146979
-0.00010475
0.00009732
-0.00024067
-0.00026781
-0.00171168
0.00052743
0.00056978
-0.00046849
0.00047737
-0.00157645
0.00050068
0.00168027
0.00034497
-0.00027454
0.00044648
0.00075271
0.00135446
0.00155462
0.00105529
0.00052468
0.00086753
-0.00115593
-0.00030418
-0.00163867
0.00196988
-0.03691812
0.00036142
-0.00080799
-0.00035146
0.00039188
0.00036327
0.00011178
-0.00142794
-0.00006348
0.00034619
-0.00061953
0.00023875
-0.00080901
0.00019316
0.00006287
0.00112720
0.00036925
-0.00089380
-0.00113269
0.00071845
0.00046344
0.00101803
-0.00030330
-0.00039841
0.00095401
0.00124613
-0.00111540
-0.00055427
-0.00087879
0.00078869
0.00053676
0.00058279
0.00025435
-0.00036742
0.00065584
0.00100423
0.00028054
-0.00010229
0.00134615
-0.00015014
0.00021160
-0.00007910
-0.00017024
-0.00149663
0.00059693
0.00049563
-0.00056929
0.00037219
-0.00151998
0.00062940
0.00160466
0.00054096
-0.00015859
0.00064475
0.00066538
0.00141811
0.00123314
0.00106774
0.00056479
0.00086804
-0.00092967
-0.00026816
-0.00149586
0.00204147
-0.03729764
0.00042816
-0.00083814
-0.00041425
0.00017729
0.00034443
0.00014177
-0.00137882
-0.00002352
0.00033484
-0.00063743
0.00035695
-0.00077910
0.00031253
0.00019845
0.00097992
0.00032702
-0.00094886
-0.00105025
0.00077864
0.00045517
0.00105372
-0.00038521
-0.00032526
0.00106922
0.00138984
-0.00119519
-0.00060449
-0.00087722
0.00072498
0.00043412
0.00055071
0.00026590
-0.00026179
0.00063886
0.00101439
0.00029601
-0.00006572
0.00133572
-0.00014383
0.00023318
-0.00006566
-0.00013356
-0.00149747
0.00062137
0.00051690
-0.00056283
0.00060649
-0.00151266
0.00063240
0.00158273
0.00052133
-0.00011036
0.00061820
0.00070761
0.00140230
0.00121102
0.00106358
0.00055548
0.00082818
-0.00091839
-0.00021310
-0.00150055
0.00203735
-0.03783190
0.00037478
-0.00085709
-0.00037851
0.00014867
0.00031823
0.00010646
-0.00137650
-0.00003892
0.00033844
-0.00064663
0.00037174
-0.00077053
0.00029254
0.00018798
0.00097917
0.00031404
-0.00096540
-0.00106780
0.00076887
0.00048262
0.00104005
-0.00036725
-0.00033756
0.00103881
0.00139221
-0.00120650
-0.00061481
-0.00081567
0.00070626
0.00046474
0.00056294
0.00030976
-0.00027459
0.00063456
0.00101060
0.00030791
-0.00010026
0.00135442
-0.00013580
0.00021726
-0.00003859
-0.00017633
-0.00147844
0.00060419
0.00048527
-0.00056906
0.00034595
-0.00149253
0.00064215
0.00160495
0.00056143
-0.00013398
0.00065455
0.00064942
0.00143948
0.00120941
0.00107063
0.00058050
0.00086244
-0.00091242
-0.00026529
-0.00146198
0.00204798
-0.03725133
0.00041596
-0.00082837
-0.00042626
0.00017437
0.00032678
0.00012018
-0.00139367
-0.00001187
0.00034276
-0.00065539
0.00036563
-0.00076060
0.00033493
0.00020480
0.00095712
0.00032566
-0.00095620
-0.00105049
0.00077133
0.00044442
0.00106991
-0.00038908
-0.00033482
0.00105976
0.00140599
-0.00120065
-0.00060504
-0.00088012
0.00071819
0.00043116
0.00053672
0.00027122
-0.00026026
0.00062372
0.00099206
0.00031910
-0.00010043
0.00134974
-0.00015906
0.00021739
-0.00004082
-0.00017871
-0.00148564
0.00060823
0.00049421
-0.00057795
0.00031355
-0.00149578
0.00063492
0.00162648
0.00058196
-0.00015038
0.00065647
0.00063051
0.00143435
0.00121085
0.00107089
0.00057701
0.00088068
-0.00090362
-0.00028088
-0.00146128
0.00205823
-0.03712027
0.00042297
-0.00083900
-0.00042678
0.00017328
0.00032343
0.00011367
-0.00140471
-0.00001097
0.00032471
-0.00065585
0.00035587
-0.00077092
0.00034833
0.00021302
0.00095649
0.00032937
-0.00095098
-0.00104418
0.00077274
0.00044177
0.00106493
-0.00039959
-0.00031969
0.00105919
0.00142215
-0.00122154
-0.00058819
-0.00087414
0.00071283
0.00042123
0.00053834
0.00026939
-0.00024324
0.00063114
0.00099145
0.00032407
-0.00010166
0.00136032
-0.00016018
0.00021861
-0.00004842
-0.00019375
-0.00149456
0.00060945
0.00049993
-0.00058022
0.00030742
-0.00148819
0.00066845
0.00162237
0.00056569
-0.00014705
0.00065338
0.00065031
0.00145261
0.00122627
0.00107018
0.00058800
0.00087915
-0.00090939
-0.00026646
-0.00145881
0.00205943
-0.03715682
0.00043355
-0.00084051
-0.00044564
0.00018309
0.00031031
0.00013478
-0.00142973
-0.00000542
0.00032608
-0.00065848
0.00036000
-0.00077483
0.00035989
0.00021092
0.00095863
0.00033076
-0.00094980
-0.00104169
0.00076510
0.00043521
0.00108257
-0.00040101
-0.00030774
0.00105880
0.00142542
-0.00120230
-0.00059384
-0.00088439
0.00070646
0.00041106
0.00054551
0.00027424
-0.00025986
0.00063964
0.00087210
0.00045763
-0.00011678
0.00141248
-0.00015841
0.00017442
-0.00008585
-0.00027774
-0.00168644
0.00057204
0.00047332
-0.00056636
-0.00009150
-0.00145645
0.00060873
0.00179029
0.00051049
-0.00028159
0.00059879
0.00070025
0.00137281
0.00153798
0.00107578
0.00057962
0.00098794
-0.00101472
-0.00032099
-0.00152998
0.00211400
-0.03579569
0.00049036
-0.00083957
-0.00043348
0.00028826
0.00030755
0.00018886
-0.00156457
-0.00003510
0.00024905
-0.00058519
0.00033086
-0.00080827
0.00038091
0.00017705
0.00100223
0.00043624
-0.00086469
-0.00099701
0.00071374
0.00039226
0.00108854
-0.00034165
-0.00039481
0.00101751
0.00144076
-0.00118307
-0.00059248
-0.00094886
0.00073884
0.00037865
0.00058989
0.00019797
-0.00031175
0.00067844
0.00100124
0.00032053
-0.00006532
0.00133054
-0.00018400
0.00024976
-0.00005275
-0.00015292
-0.00146924
0.00062616
0.00052361
-0.00058657
0.00052798
-0.00149672
0.00067161
0.00160418
0.00056327
-0.00011878
0.00062042
0.00069868
0.00142963
0.00119601
0.00105864
0.00056436
0.00082467
-0.00088632
-0.00022693
-0.00146134
0.00206249
-0.03766634
0.00036220
-0.00086362
-0.00040530
0.00015683
0.00028037
0.00009129
-0.00138631
-0.00000294
0.00032068
-0.00066176
0.00037807
-0.00078186
0.00032137
0.00020527
0.00094274
0.00028922
-0.00099360
-0.00106080
0.00076767
0.00045109
0.00106379
-0.00038833
-0.00028056
0.00103247
0.00142580
-0.00123218
-0.00061285
-0.00083624
0.00067460
0.00043725
0.00054171
0.00031548
-0.00028079
0.00065639
0.00099363
0.00031911
-0.00006990
0.00132742
-0.00018740
0.00021737
-0.00004659
-0.00015990
-0.00147350
0.00062887
0.00051645
-0.00058398
0.00050664
-0.00148625
0.00066645
0.00161999
0.00054304
-0.00011724
0.00062271
0.00069743
0.00143205
0.00120924
0.00105722
0.00056848
0.00083464
-0.00088226
-0.00024247
-0.00144651
0.00205549
-0.03766590
0.00038400
-0.00086013
-0.00041796
0.00016378
0.00028879
0.00011188
-0.00139206
0.00000517
0.00031381
-0.00066141
0.00036727
-0.00079013
0.00033244
0.00018016
0.00094703
0.00029860
-0.00099243
-0.00105437
0.00078124
0.00042879
0.00106140
-0.00040005
-0.00028810
0.00104576
0.00142615
-0.00122008
-0.00060772
-0.00086340
0.00068683
0.00042557
0.00055090
0.00031867
-0.00028649
0.00066011
0.00097942
0.00029149
-0.00012517
0.00133248
-0.00020187
0.00018380
-0.00003469
-0.00018149
-0.00147656
0.00060622
0.00047841
-0.00057159
0.00021903
-0.00150122
0.00065627
0.00164695
0.00057213
-0.00017994
0.00065371
0.00064753
0.00144872
0.00123631
0.00107424
0.00058392
0.00089392
-0.00089454
-0.00029382
-0.00144480
0.00207016
-0.03702763
0.00042518
-0.00083770
-0.00044745
0.00019476
0.00032545
0.00017175
-0.00139034
0.00001844
0.00031195
-0.00064178
0.00034671
-0.00079372
0.00034828
0.00019754
0.00096002
0.00030929
-0.00095338
-0.00103730
0.00078711
0.00040194
0.00109102
-0.00042754
-0.00029674
0.00106721
0.00142232
-0.00120974
-0.00060195
-0.00092494
0.00071516
0.00039502
0.00054066
0.00024986
-0.00028208
0.00066829
0.00100679
0.00029190
-0.00014210
0.00133460
-0.00019294
0.00019002
-0.00003430
-0.00019102
-0.00148726
0.00061734
0.00046974
-0.00057851
0.00022986
-0.00150869
0.00066350
0.00164694
0.00056909
-0.00017793
0.00067118
0.00065733
0.00143291
0.00124094
0.00107893
0.00057807
0.00089830
-0.00088550
-0.00030058
-0.00144489
0.00205746
-0.03694713
0.00043463
-0.00084571
-0.00045713
0.00018042
0.00032112
0.00017578
-0.00139266
0.00004658
0.00030892
-0.00064977
0.00034535
-0.00079898
0.00034682
0.00021495
0.00096026
0.00031986
-0.00094838
-0.00105059
0.00078047
0.00041048
0.00108027
-0.00041726
-0.00030517
0.00105319
0.00141726
-0.00118316
-0.00060556
-0.00091899
0.00073530
0.00038479
0.00055687
0.00026313
-0.00028093
0.00067088
0.00101800
0.00030709
-0.00009814
0.00132385
-0.00018916
0.00021269
-0.00004968
-0.00015600
-0.00148154
0.00063564
0.00051880
-0.00057364
0.00052498
-0.00152254
0.00066259
0.00162742
0.00053309
-0.00011837
0.00063257
0.00071345
0.00141197
0.00122735
0.00107793
0.00056727
0.00084195
-0.00087275
-0.00024102
-0.00145820
0.00205873
-0.03758839
0.00037993
-0.00087590
-0.00042963
0.00016060
0.00027347
0.00013869
-0.00137432
0.00004726
0.00030114
-0.00065083
0.00036674
-0.00078006
0.00032506
0.00021075
0.00097023
0.00032256
-0.00097291
-0.00107599
0.00076313
0.00045945
0.00106376
-0.00040565
-0.00031331
0.00102936
0.00141802
-0.00119149
-0.00061285
-0.00084701
0.00072184
0.00043902
0.00058968
0.00032870
-0.00030444
0.00066630
0.00099925
0.00029169
-0.00007593
0.00131792
-0.00017332
0.00022495
-0.00004553
-0.00014308
-0.00144337
0.00063619
0.00051555
-0.00057044
0.00057007
-0.00150792
0.00068352
0.00161677
0.00054688
-0.00009236
0.00064947
0.00068524
0.00142170
0.00117404
0.00108617
0.00056642
0.00083492
-0.00086065
-0.00022271
-0.00145256
0.00205090
-0.03781714
0.00037193
-0.00087011
-0.00044003
0.00013555
0.00027811
0.00012903
-0.00136869
0.00004073
0.00031864
-0.00067062
0.00036550
-0.00077868
0.00032713
0.00021479
0.00096472
0.00030012
-0.00099765
-0.00108642
0.00076248
0.00044783
0.00105932
-0.00040761
-0.00030377
0.00104493
0.00143975
-0.00120988
-0.00060826
-0.00083639
0.00070619
0.00044147
0.00058161
0.00033763
-0.00028830
0.00065350
0.00100509
0.00027517
-0.00008436
0.00131600
-0.00018673
0.00023943
-0.00004456
-0.00016299
-0.00143662
0.00062723
0.00049835
-0.00056261
0.00051974
-0.00150202
0.00068011
0.00161566
0.00057499
-0.00010553
0.00066193
0.00066061
0.00142331
0.00117036
0.00108714
0.00057941
0.00084029
-0.00086574
-0.00023430
-0.00144364
0.00204781
-0.03771051
0.00038577
-0.00086630
-0.00044569
0.00012745
0.00029045
0.00014209
-0.00136678
0.00004945
0.00031133
-0.00065837
0.00036583
-0.00078989
0.00035233
0.00021459
0.00096848
0.00030849
-0.00098871
-0.00109018
0.00076850
0.00043793
0.00105089
-0.00040828
-0.00029303
0.00105473
0.00144943
-0.00121002
-0.00059995
-0.00085009
0.00070609
0.00042342
0.00058994
0.00031817
-0.00027107
0.00065412
0.00099098
0.00025708
-0.00020872
0.00135849
-0.00020921
0.00016687
-0.00005042
-0.00025314
-0.00149745
0.00057628
0.00042628
-0.00056100
-0.00001437
-0.00149442
0.00067290
0.00167187
0.00060321
-0.00024172
0.00069763
0.00057638
0.00143379
0.00127204
0.00112088
0.00061848
0.00094757
-0.00091517
-0.00035368
-0.00144807
0.00208245
-0.03646006
0.00048443
-0.00081976
-0.00050300
0.00017077
0.00035856
0.00025574
-0.00140827
0.00008126
0.00030502
-0.00061996
0.00033419
-0.00080997
0.00042157
0.00027070
0.00098898
0.00033593
-0.00092833
-0.00107143
0.00078690
0.00039491
0.00106010
-0.00044599
-0.00027964
0.00109084
0.00144718
-0.00114394
-0.00059808
-0.00100627
0.00076687
0.00034089
0.00057483
0.00020786
-0.00022883
0.00066904
0.00100671
0.00025360
-0.00013461
0.00133280
-0.00020253
0.00022969
-0.00006079
-0.00018913
-0.00144737
0.00060500
0.00048626
-0.00056562
0.00034992
-0.00149412
0.00067264
0.00161224
0.00059753
-0.00016719
0.00065969
0.00062698
0.00142674
0.00119858
0.00108397
0.00059469
0.00086870
-0.00087781
-0.00027969
-0.00144774
0.00204893
-0.03725458
0.00043127
-0.00084086
-0.00046725
0.00014506
0.00032794
0.00017861
-0.00137255
0.00005532
0.00032160
-0.00062752
0.00036019
-0.00079982
0.00037394
0.00024987
0.00097737
0.00032591
-0.00097622
-0.00107764
0.00078270
0.00044399
0.00105572
-0.00043255
-0.00024843
0.00108024
0.00145033
-0.00118936
-0.00058846
-0.00089716
0.00072531
0.00039539
0.00057736
0.00028666
-0.00025200
0.00065174
0.00100640
0.00024149
-0.00014252
0.00132754
-0.00021189
0.00023145
-0.00005009
-0.00020328
-0.00144518
0.00060355
0.00048716
-0.00058071
0.00029159
-0.00150592
0.00068336
0.00160861
0.00060049
-0.00018202
0.00068569
0.00062171
0.00144256
0.00118343
0.00110372
0.00059704
0.00089550
-0.00087761
-0.00029882
-0.00144277
0.00207084
-0.03713287
0.00043904
-0.00081671
-0.00049352
0.00015310
0.00033580
0.00018685
-0.00138005
0.00004095
0.00032524
-0.00063747
0.00036645
-0.00080780
0.00037933
0.00026469
0.00097352
0.00032108
-0.00098395
-0.00107449
0.00079062
0.00043227
0.00106517
-0.00043567
-0.00024771
0.00109095
0.00145883
-0.00119123
-0.00059263
-0.00090665
0.00073128
0.00039118
0.00058555
0.00027039
-0.00023899
0.00065365
0.00097175
0.00022967
-0.00020442
0.00142825
-0.00030294
0.00020476
-0.00017878
-0.00037975
-0.00162888
0.00064181
0.00070617
-0.00047100
0.00048877
-0.00164720
0.00066377
0.00160315
0.00039874
-0.00040338
0.00056774
0.00081837
0.00144721
0.00136552
0.00121047
0.00062208
0.00092703
-0.00099410
-0.00040234
-0.00141481
0.00211102
-0.03687635
0.00034289
-0.00073092
-0.00055249
0.00041107
0.00027411
0.00019513
-0.00136538
0.00008764
0.00032256
-0.00051998
0.00027563
-0.00095658
0.00031004
0.00036210
0.00115064
0.00042705
-0.00105104
-0.00113884
0.00073118
0.00051585
0.00110710
-0.00047696
-0.00013300
0.00098810
0.00148766
-0.00108401
-0.00053919
-0.00079714
0.00081546
0.00055821
0.00079507
0.00037659
-0.00038156
0.00073892
0.00100807
0.00026572
-0.00012711
0.00132532
-0.00020093
0.00025471
-0.00007688
-0.00020330
-0.00145297
0.00063174
0.00051285
-0.00056389
0.00041163
-0.00151138
0.00068517
0.00159843
0.00055607
-0.00016223
0.00065937
0.00066024
0.00144668
0.00118441
0.00109558
0.00060329
0.00085752
-0.00087457
-0.00025775
-0.00146108
0.00207802
-0.03751567
0.00041459
-0.00084181
-0.00046839
0.00013888
0.00031785
0.00018499
-0.00138121
0.00003061
0.00033147
-0.00063494
0.00036498
-0.00080089
0.00035814
0.00025733
0.00098402
0.00031285
-0.00099092
-0.00108640
0.00077592
0.00044357
0.00105763
-0.00042440
-0.00025218
0.00107032
0.00143914
-0.00118364
-0.00060986
-0.00087849
0.00072918
0.00041766
0.00060905
0.00031178
-0.00025888
0.00065839
0.00100425
0.00025378
-0.00013442
0.00131612
-0.00019903
0.00024562
-0.00006871
-0.00020983
-0.00141824
0.00061693
0.00048382
-0.00058053
0.00031102
-0.00151524
0.00069888
0.00159970
0.00058703
-0.00017689
0.00069083
0.00061761
0.00146044
0.00115853
0.00108615
0.00059371
0.00089031
-0.00086716
-0.00028072
-0.00144292
0.00208518
-0.03722508
0.00043409
-0.00082863
-0.00047595
0.00014937
0.00034749
0.00016138
-0.00137797
0.00003351
0.00034439
-0.00064412
0.00035354
-0.00078401
0.00036478
0.00026359
0.00096981
0.00030195
-0.00097865
-0.00108534
0.00079076
0.00041837
0.00104863
-0.00042880
-0.00025451
0.00109390
0.00144768
-0.00119872
-0.00057797
-0.00089406
0.00071780
0.00038466
0.00058169
0.00027703
-0.00024090
0.00064750
0.00099904
0.00024504
-0.00017401
0.00132753
-0.00020866
0.00025253
-0.00005813
-0.00023262
-0.00144428
0.00061183
0.00045896
-0.00058577
0.00017187
-0.00152840
0.00069938
0.00160368
0.00058709
-0.00022162
0.00070135
0.00061684
0.00146872
0.00119486
0.00110236
0.00059467
0.00092567
-0.00089144
-0.00032664
-0.00142470
0.00210430
-0.03682712
0.00047322
-0.00081310
-0.00050466
0.00017195
0.00036953
0.00021221
-0.00138814
0.00003797
0.00035107
-0.00063849
0.00032026
-0.00076895
0.00036810
0.00026987
0.00097840
0.00032468
-0.00096540
-0.00109671
0.00078892
0.00038041
0.00105939
-0.00043465
-0.00024154
0.00110250
0.00145427
-0.00117404
-0.00057879
-0.00092628
0.00075098
0.00035627
0.00058076
0.00024650
-0.00022334
0.00065146
0.00100746
0.00024699
-0.00016104
0.00135094
-0.00023207
0.00025615
-0.00004250
-0.00021603
-0.00141628
0.00061239
0.00046131
-0.00058891
0.00023878
-0.00151208
0.00069823
0.00159506
0.00060338
-0.00019208
0.00068964
0.00062021
0.00148338
0.00115805
0.00110791
0.00059959
0.00093367
-0.00088478
-0.00034036
-0.00141601
0.00207874
-0.03693651
0.00045339
-0.00081918
-0.00049198
0.00018515
0.00035737
0.00015956
-0.00137306
0.00002313
0.00034006
-0.00066624
0.00033553
-0.00077070
0.00033827
0.00025173
0.00098374
0.00032145
-0.00098293
-0.00110112
0.00076952
0.00038201
0.00106147
-0.00041648
-0.00023908
0.00111323
0.00146411
-0.00119302
-0.00059198
-0.00090178
0.00073517
0.00037211
0.00057848
0.00026516
-0.00022626
0.00065853
0.00094794
0.00029040
-0.00028003
0.00139419
-0.00034143
0.00029889
-0.00008594
-0.00032340
-0.00148878
0.00062598
0.00037367
-0.00057968
-0.00016983
-0.00161030
0.00071927
0.00164986
0.00054360
-0.00040505
0.00068559
0.00072135
0.00148818
0.00130184
0.00120476
0.00060385
0.00109961
-0.00090410
-0.00048736
-0.00137648
0.00220292
-0.03544369
0.00053283
-0.00079308
-0.00056414
0.00031944
0.00040563
0.00030749
-0.00139010
0.00003345
0.00033110
-0.00062261
0.00024229
-0.00077300
0.00023737
0.00030756
0.00108617
0.00042450
-0.00096641
-0.00117042
0.00068818
0.00022228
0.00105683
-0.00036919
-0.00018542
0.00113915
0.00153750
-0.00110744
-0.00062096
-0.00097596
0.00085562
0.00030996
0.00070076
0.00022557
-0.00025941
0.00072095
0.00103381
0.00026325
-0.00010477
0.00132832
-0.00023076
0.00027872
-0.00003927
-0.00016161
-0.00139432
0.00061666
0.00050302
-0.00058400
0.00050145
-0.00151159
0.00068324
0.00156520
0.00059027
-0.00013154
0.00067198
0.00066771
0.00145647
0.00113190
0.00109267
0.00058210
0.00086979
-0.00086353
-0.00026770
-0.00144015
0.00207229
-0.03747316
0.00039588
-0.00084508
-0.00044935
0.00015464
0.00032820
0.00009461
-0.00134968
-0.00000371
0.00033633
-0.00069023
0.00035689
-0.00075454
0.00030751
0.00024224
0.00096659
0.00029920
-0.00099998
-0.00110608
0.00076235
0.00042693
0.00106544
-0.00039499
-0.00025412
0.00110273
0.00145572
-0.00122088
-0.00058491
-0.00083629
0.00070513
0.00042274
0.00056784
0.00032289
-0.00023496
0.00064711
0.00102937
0.00025417
-0.00009571
0.00132689
-0.00022645
0.00028408
-0.00003423
-0.00015735
-0.00138700
0.00061069
0.00049390
-0.00059830
0.00050269
-0.00151369
0.00068274
0.00155044
0.00058032
-0.00014072
0.00068358
0.00064768
0.00145141
0.00112301
0.00109124
0.00057620
0.00087429
-0.00085460
-0.00028704
-0.00144150
0.00207627
-0.03751146
0.00038664
-0.00083170
-0.00045192
0.00015726
0.00032398
0.00008365
-0.00136301
-0.00002481
0.00034949
-0.00070588
0.00035257
-0.00074029
0.00029934
0.00023290
0.00096340
0.00030861
-0.00098622
-0.00111597
0.00075058
0.00042831
0.00107089
-0.00039557
-0.00024337
0.00109513
0.00145804
-0.00123187
-0.00060401
-0.00082792
0.00072187
0.00041569
0.00055754
0.00032926
-0.00022810
0.00065120
0.00100390
0.00030775
-0.00021106
0.00133442
-0.00033468
0.00029758
-0.00005611
-0.00025513
-0.00140955
0.00059526
0.00042243
-0.00056781
0.00008163
-0.00160989
0.00067084
0.00159129
0.00054085
-0.00036583
0.00069992
0.00073006
0.00143285
0.00125082
0.00119524
0.00058456
0.00101326
-0.00085572
-0.00044164
-0.00141118
0.00220679
-0.03581039
0.00043192
-0.00078427
-0.00049823
0.00030247
0.00037119
0.00018512
-0.00134270
-0.00004309
0.00034480
-0.00069000
0.00027423
-0.00071096
0.00019506
0.00033100
0.00104208
0.00039442
-0.00095213
-0.00118452
0.00066764
0.00028715
0.00109912
-0.00035834
-0.00018466
0.00112999
0.00149995
-0.00115535
-0.00060513
-0.00090162
0.00081865
0.00038104
0.00063656
0.00029701
-0.00023552
0.00071310
0.00103664
0.00026960
-0.00011048
0.00133104
-0.00023551
0.00029313
-0.00002907
-0.00014291
-0.00139896
0.00060642
0.00051433
-0.00060515
0.00044468
-0.00151878
0.00067300
0.00156696
0.00058844
-0.00015904
0.00068233
0.00065093
0.00144006
0.00114897
0.00108548
0.00054654
0.00086726
-0.00086266
-0.00030366
-0.00144506
0.00206949
-0.03738910
0.00037043
-0.00084800
-0.00044137
0.00015446
0.00032057
0.00006628
-0.00133943
-0.00001140
0.00033461
-0.00070227
0.00034777
-0.00074234
0.00030848
0.00022782
0.00096675
0.00029008
-0.00098533
-0.00113710
0.00076087
0.00042845
0.00107174
-0.00038463
-0.00023177
0.00108685
0.00145116
-0.00124192
-0.00057703
-0.00083159
0.00069953
0.00041618
0.00054486
0.00031711
-0.00022345
0.00065570
0.00103470
0.00026306
-0.00014000
0.00133176
-0.00023218
0.00027189
-0.00002473
-0.00016489
-0.00139710
0.00058626
0.00049951
-0.00062793
0.00033055
-0.00152986
0.00066284
0.00157617
0.00061472
-0.00016625
0.00068983
0.00060833
0.00143730
0.00114016
0.00107745
0.00055122
0.00089352
-0.00085851
-0.00032263
-0.00143766
0.00207588
-0.03713771
0.00039743
-0.00084245
-0.00047143
0.00015242
0.00033674
0.00011184
-0.00134026
-0.00000911
0.00032666
-0.00070681
0.00035159
-0.00074784
0.00033278
0.00022076
0.00096044
0.00030112
-0.00097079
-0.00112337
0.00075449
0.00041844
0.00107656
-0.00041318
-0.00025279
0.00110038
0.00144524
-0.00122352
-0.00057740
-0.00085966
0.00071893
0.00039673
0.00053298
0.00027595
-0.00020590
0.00064727
0.00103929
0.00035193
-0.00034661
0.00132424
-0.00036949
0.00031932
-0.00008235
-0.00027512
-0.00147102
0.00053940
0.00048591
-0.00069531
-0.00004309
-0.00169888
0.00061452
0.00161702
0.00058879
-0.00035813
0.00066656
0.00067809
0.00135783
0.00127323
0.00114005
0.00052882
0.00102583
-0.00085462
-0.00043356
-0.00144890
0.00221266
-0.03548826
0.00043264
-0.00087146
-0.00055574
0.00024737
0.00037560
0.00032829
-0.00126378
-0.00001138
0.00027583
-0.00069381
0.00029938
-0.00072665
0.00023319
0.00026567
0.00104661
0.00036135
-0.00094376
-0.00124581
0.00064775
0.00031230
0.00112092
-0.00042657
-0.00022650
0.00112729
0.00144633
-0.00110012
-0.00055037
-0.00088904
0.00082801
0.00040666
0.00059815
0.00022866
-0.00020752
0.00068265
0.00105355
0.00027298
-0.00010774
0.00131236
-0.00022986
0.00029119
-0.00003285
-0.00013989
-0.00139773
0.00058899
0.00052807
-0.00062805
0.00050580
-0.00153525
0.00067059
0.00155403
0.00060282
-0.00013932
0.00067650
0.00064393
0.00143470
0.00113931
0.00107554
0.00053374
0.00084067
-0.00086503
-0.00028034
-0.00144253
0.00208087
-0.03744688
0.00035375
-0.00085791
-0.00045547
0.00014377
0.00030058
0.00006803
-0.00132510
0.00000120
0.00033406
-0.00072771
0.00036931
-0.00076527
0.00031208
0.00021076
0.00096115
0.00029433
-0.00100432
-0.00111855
0.00075224
0.00044856
0.00106381
-0.00041789
-0.00024405
0.00107476
0.00142356
-0.00121682
-0.00057784
-0.00082692
0.00071461
0.00044685
0.00053918
0.00032286
-0.00021479
0.00064724
0.00104308
0.00026559
-0.00015201
0.00131593
-0.00022339
0.00026517
-0.00003015
-0.00017842
-0.00141072
0.00058279
0.00051498
-0.00062788
0.00037487
-0.00151393
0.00065348
0.00155690
0.00062808
-0.00016686
0.00068781
0.00063412
0.00143413
0.00116393
0.00108765
0.00055353
0.00086323
-0.00089413
-0.00029796
-0.00142688
0.00209028
-0.03702477
0.00039514
-0.00084263
-0.00048629
0.00016486
0.00032466
0.00010810
-0.00132867
-0.00000416
0.00033022
-0.00070988
0.00034599
-0.00078100
0.00030867
0.00022607
0.00097105
0.00029847
-0.00099389
-0.00110999
0.00076241
0.00044203
0.00106121
-0.00043269
-0.00025645
0.00107837
0.00142430
-0.00120630
-0.00057582
-0.00085868
0.00072329
0.00041833
0.00054038
0.00028918
-0.00021406
0.00063979
0.00103494
0.00030050
-0.00032248
0.00127098
-0.00032724
0.00032927
-0.00006736
-0.00026469
-0.00145970
0.00055584
0.00055481
-0.00067283
0.00020491
-0.00158340
0.00060856
0.00153271
0.00065312
-0.00029773
0.00066499
0.00075993
0.00138210
0.00128006
0.00113702
0.00054298
0.00089554
-0.00096203
-0.00032606
-0.00139031
0.00222615
-0.03570502
0.00042053
-0.00086051
-0.00058716
0.00026373
0.00033437
0.00023008
-0.00123623
-0.00001158
0.00029795
-0.00069397
0.00028327
-0.00082016
0.00015784
0.00027091
0.00106054
0.00032632
-0.00103927
-0.00117816
0.00072487
0.00040621
0.00105369
-0.00047780
-0.00022595
0.00107399
0.00142143
-0.00112659
-0.00055632
-0.00086558
0.00079099
0.00047051
0.00061640
0.00028660
-0.00024165
0.00064546
0.00104278
0.00027324
-0.00022995
0.00131613
-0.00029043
0.00029867
-0.00004024
-0.00021550
-0.00143236
0.00055487
0.00051666
-0.00065667
0.00018869
-0.00156785
0.00063187
0.00155507
0.00066561
-0.00024618
0.00066638
0.00068416
0.00144170
0.00121243
0.00112768
0.00053506
0.00091164
-0.00091455
-0.00032208
-0.00141809
0.00215195
-0.03633873
0.00043071
-0.00085532
-0.00055799
0.00023048
0.00035854
0.00017570
-0.00130150
-0.00000949
0.00030668
-0.00069254
0.00029336
-0.00080144
0.00023779
0.00024056
0.00102651
0.00032418
-0.00099909
-0.00113323
0.00073991
0.00041651
0.00106623
-0.00045217
-0.00025602
0.00109206
0.00142184
-0.00116375
-0.00056487
-0.00088284
0.00077177
0.00043406
0.00055962
0.00027601
-0.00022357
0.00063613
0.00105606
0.00029932
-0.00003584
0.00129134
-0.00021867
0.00031244
-0.00003306
-0.00008559
-0.00138850
0.00063383
0.00058702
-0.00062151
0.00092265
-0.00152169
0.00065310
0.00152058
0.00056935
-0.00004334
0.00061655
0.00074042
0.00141368
0.00108619
0.00106631
0.00052413
0.00076295
-0.00084994
-0.00016496
-0.00145876
0.00206395
-0.03836159
0.00030158
-0.00089798
-0.00040865
0.00012996
0.00026959
0.00002527
-0.00131546
-0.00001079
0.00032121
-0.00072743
0.00038699
-0.00075658
0.00025848
0.00020163
0.00095562
0.00027560
-0.00105049
-0.00112871
0.00073481
0.00052026
0.00104649
-0.00038102
-0.00026702
0.00104637
0.00144832
-0.00125807
-0.00058728
-0.00073667
0.00068231
0.00050535
0.00054432
0.00041242
-0.00026750
0.00063220
0.00103044
0.00028144
-0.00013092
0.00130499
-0.00021110
0.00025717
-0.00002736
-0.00015998
-0.00140222
0.00059129
0.00054010
-0.00063258
0.00045770
-0.00153473
0.00062975
0.00156026
0.00061982
-0.00014192
0.00067767
0.00066115
0.00143558
0.00111581
0.00109168
0.00054270
0.00084886
-0.00087947
-0.00027567
-0.00144175
0.00208166
-0.03729661
0.00039999
-0.00084507
-0.00047552
0.00017409
0.00032277
0.00012634
-0.00133327
0.00000484
0.00034437
-0.00069997
0.00035129
-0.00076669
0.00030557
0.00021242
0.00095956
0.00030194
-0.00100709
-0.00110472
0.00073189
0.00046201
0.00104536
-0.00040324
-0.00026839
0.00106793
0.00143504
-0.00120661
-0.00058082
-0.00081858
0.00071970
0.00043485
0.00052684
0.00031742
-0.00022447
0.00063785
0.00101485
0.00026300
-0.00016679
0.00132597
-0.00020768
0.00024573
-0.00002768
-0.00018031
-0.00142865
0.00057636
0.00050994
-0.00062107
0.00033883
-0.00152575
0.00063332
0.00157793
0.00064259
-0.00016777
0.00070135
0.00061470
0.00142657
0.00111644
0.00109843
0.00053348
0.00088535
-0.00089837
-0.00030878
-0.00143174
0.00208152
-0.03696224
0.00041962
-0.00083391
-0.00049266
0.00018932
0.00033768
0.00015444
-0.00132393
0.00003318
0.00031920
-0.00067983
0.00034050
-0.00077219
0.00033117
0.00022829
0.00094667
0.00030412
-0.00098875
-0.00109295
0.00073105
0.00045001
0.00104703
-0.00040906
-0.00027230
0.00107230
0.00143142
-0.00118878
-0.00056397
-0.00085160
0.00073311
0.00040656
0.00053276
0.00027276
-0.00020468
0.00063589
0.00100890
0.00025722
-0.00021630
0.00133524
-0.00021461
0.00023102
-0.00002617
-0.00019691
-0.00145875
0.00056176
0.00048740
-0.00063621
0.00024181
-0.00154550
0.00061899
0.00158538
0.00066033
-0.00020990
0.00071151
0.00061913
0.00144629
0.00113567
0.00113680
0.00051390
0.00092750
-0.00091270
-0.00032692
-0.00144119
0.00209635
-0.03664189
0.00043838
-0.00083036
-0.00052986
0.00021867
0.00037013
0.00018393
-0.00132357
0.00004649
0.00032514
-0.00066729
0.00031246
-0.00077856
0.00033276
0.00019039
0.00093446
0.00031270
-0.00099421
-0.00109632
0.00071296
0.00044099
0.00103250
-0.00041009
-0.00030021
0.00107451
0.00142664
-0.00117143
-0.00055383
-0.00084922
0.00075314
0.00037072
0.00053129
0.00025048
-0.00018987
0.00063560
0.00103033
0.00028318
-0.00012704
0.00131348
-0.00021172
0.00027073
-0.00004757
-0.00014042
-0.00145615
0.00060294
0.00053902
-0.00062999
0.00068974
-0.00152865
0.00063081
0.00154841
0.00059473
-0.00011897
0.00065423
0.00070725
0.00143073
0.00110803
0.00112006
0.00051217
0.00084336
-0.00089942
-0.00021246
-0.00147214
0.00207478
-0.03774634
0.00035650
-0.00087258
-0.00046658
0.00017167
0.00032100
0.00010118
-0.00131434
0.00000706
0.00033183
-0.00067395
0.00034569
-0.00078004
0.00028829
0.00016773
0.00094557
0.00028143
-0.00103122
-0.00111572
0.00070352
0.00050067
0.00102903
-0.00038547
-0.00030655
0.00103443
0.00143448
-0.00120679
-0.00056798
-0.00074830
0.00071471
0.00043638
0.00054326
0.00035972
-0.00023655
0.00063542
0.00102198
0.00024237
-0.00015072
0.00132785
-0.00020290
0.00025057
-0.00004269
-0.00016634
-0.00145156
0.00060570
0.00051217
-0.00062339
0.00041442
-0.00152916
0.00064325
0.00157260
0.00062882
-0.00014861
0.00071046
0.00062888
0.00145420
0.00111049
0.00111403
0.00053274
0.00088774
-0.00089579
-0.00028065
-0.00144473
0.00206860
-0.03716790
0.00039511
-0.00084330
-0.00049117
0.00017904
0.00033907
0.00009425
-0.00132284
0.00000374
0.00035334
-0.00068021
0.00031397
-0.00078280
0.00032823
0.00019766
0.00094017
0.00027883
-0.00099747
-0.00108818
0.00073535
0.00044786
0.00105520
-0.00040132
-0.00030123
0.00105429
0.00143387
-0.00119955
-0.00056793
-0.00081881
0.00071528
0.00039617
0.00053673
0.00029638
-0.00021029
0.00063174
0.00103627
0.00026962
-0.00013812
0.00134349
-0.00019349
0.00023886
-0.00003283
-0.00016601
-0.00145708
0.00061972
0.00049812
-0.00061924
0.00040383
-0.00153475
0.00062720
0.00157001
0.00061837
-0.00015460
0.00070575
0.00063646
0.00146171
0.00112817
0.00110656
0.00052382
0.00087626
-0.00088968
-0.00028733
-0.00145790
0.00208441
-0.03716192
0.00038917
-0.00084210
-0.00048546
0.00016907
0.00035072
0.00011245
-0.00131592
-0.00000277
0.00035582
-0.00068141
0.00033792
-0.00078283
0.00032730
0.00019596
0.00093636
0.00029760
-0.00099672
-0.00107249
0.00075029
0.00044923
0.00106576
-0.00039804
-0.00031265
0.00105630
0.00143636
-0.00121305
-0.00057535
-0.00081729
0.00071682
0.00039032
0.00053835
0.00028187
-0.00021739
0.00062019
0.00105415
0.00028558
-0.00017158
0.00135438
-0.00018193
0.00022618
-0.00003605
-0.00020202
-0.00150694
0.00061695
0.00045676
-0.00062207
0.00029878
-0.00154392
0.00060929
0.00156618
0.00061764
-0.00020101
0.00070753
0.00064275
0.00146634
0.00115696
0.00112904
0.00051127
0.00090402
-0.00090114
-0.00031345
-0.00147705
0.00210477
-0.03679002
0.00041995
-0.00082447
-0.00051726
0.00017419
0.00040692
0.00019673
-0.00131401
-0.00001933
0.00035899
-0.00068016
0.00032659
-0.00078481
0.00033256
0.00017163
0.00093764
0.00032539
-0.00098788
-0.00105512
0.00073540
0.00043609
0.00107549
-0.00038900
-0.00034686
0.00106806
0.00142495
-0.00119640
-0.00057938
-0.00083273
0.00074641
0.00036387
0.00054260
0.00023307
-0.00020004
0.00060244
0.00106616
0.00027792
-0.00013871
0.00134698
-0.00019394
0.00023482
-0.00002487
-0.00018165
-0.00144259
0.00062053
0.00047413
-0.00062392
0.00033744
-0.00152505
0.00065189
0.00157308
0.00062203
-0.00017465
0.00070026
0.00061942
0.00146681
0.00113212
0.00111840
0.00051530
0.00088212
-0.00087306
-0.00029807
-0.00145338
0.00208865
-0.03701929
0.00042037
-0.00083916
-0.00049654
0.00016879
0.00037452
0.00017918
-0.00134321
-0.00000738
0.00034295
-0.00069107
0.00034444
-0.00076013
0.00035023
0.00017908
0.00094640
0.00029458
-0.00098849
-0.00107755
0.00075442
0.00043509
0.00107424
-0.00038884
-0.00030188
0.00106801
0.00143891
-0.00123228
-0.00058957
-0.00084913
0.00072798
0.00037850
0.00054101
0.00026397
-0.00019421
0.00061934
0.00138105
0.00041708
-0.00012090
0.00154573
-0.00020206
0.00020860
-0.00005547
-0.00023760
-0.00149028
0.00074298
0.00052120
-0.00063402
0.00104678
-0.00162959
0.00064450
0.00139102
0.00048031
-0.00019912
0.00055564
0.00074894
0.00159047
0.00111464
0.00120309
0.00032593
0.00075033
-0.00090805
-0.00022204
-0.00145446
0.00217440
-0.03780829
0.00027498
-0.00095437
-0.00049301
0.00028413
0.00046198
0.00024353
-0.00120766
-0.00008736
0.00034498
-0.00078899
0.00029398
-0.00067172
0.00025429
-0.00005587
0.00103613
0.00024364
-0.00106401
-0.00119294
0.00069370
0.00052542
0.00113744
-0.00032656
-0.00034106
0.00096387
0.00138713
-0.00132694
-0.00053431
-0.00062279
0.00076974
0.00046417
0.00059214
0.00036446
-0.00015484
0.00053774
0.00109813
0.00030785
-0.00004874
0.00132865
-0.00018318
0.00027955
-0.00003790
-0.00011374
-0.00142871
0.00065746
0.00053275
-0.00060338
0.00081686
-0.00152333
0.00064307
0.00153362
0.00056274
-0.00007163
0.00064666
0.00071542
0.00145613
0.00108260
0.00109887
0.00050753
0.00078422
-0.00084631
-0.00018654
-0.00147172
0.00206960
-0.03817227
0.00033363
-0.00088548
-0.00042117
0.00013417
0.00029706
0.00008506
-0.00133064
-0.00002049
0.00034276
-0.00070196
0.00037270
-0.00075110
0.00030890
0.00014674
0.00094686
0.00026054
-0.00102301
-0.00109383
0.00074217
0.00049542
0.00106406
-0.00035897
-0.00030283
0.00102578
0.00143519
-0.00126352
-0.00060841
-0.00074331
0.00069290
0.00045225
0.00055133
0.00036738
-0.00024287
0.00062162
0.00107287
0.00029739
-0.00012612
0.00133649
-0.00016719
0.00022975
-0.00004666
-0.00017090
-0.00144013
0.00063224
0.00047648
-0.00062051
0.00041315
-0.00153038
0.00063564
0.00154555
0.00059627
-0.00015110
0.00069270
0.00062515
0.00146169
0.00111896
0.00113136
0.00052619
0.00086609
-0.00086748
-0.00029265
-0.00145996
0.00208141
-0.03718597
0.00042151
-0.00083211
-0.00047041
0.00016876
0.00034519
0.00015478
-0.00133688
-0.00002136
0.00036360
-0.00070632
0.00033606
-0.00076598
0.00032896
0.00017488
0.00093996
0.00028151
-0.00099968
-0.00106125
0.00076405
0.00044381
0.00107309
-0.00038628
-0.00028857
0.00104940
0.00140549
-0.00121492
-0.00060009
-0.00085812
0.00073865
0.00040175
0.00053023
0.00027395
-0.00022534
0.00061834
0.00107033
0.00028980
-0.00015499
0.00131633
-0.00017440
0.00023399
-0.00004407
-0.00018647
-0.00144366
0.00064063
0.00047433
-0.00061198
0.00030110
-0.00153817
0.00065095
0.00156440
0.00060505
-0.00017728
0.00069740
0.00060988
0.00146332
0.00112232
0.00112351
0.00053496
0.00089274
-0.00088304
-0.00031451
-0.00145479
0.00208481
-0.03687943
0.00043506
-0.00083281
-0.00046473
0.00017413
0.00036156
0.00014476
-0.00134886
-0.00001925
0.00037929
-0.00070574
0.00033499
-0.00077007
0.00032283
0.00019813
0.00091850
0.00026096
-0.00100450
-0.00107109
0.00078207
0.00043446
0.00110095
-0.00040609
-0.00029264
0.00105099
0.00140804
-0.00120153
-0.00059311
-0.00087311
0.00073470
0.00039814
0.00050171
0.00025041
-0.00021780
0.00061902
0.00107124
0.00029918
-0.00018792
0.00131817
-0.00017540
0.00023125
-0.00003892
-0.00020287
-0.00147360
0.00061370
0.00045312
-0.00062080
0.00021683
-0.00153167
0.00063999
0.00157481
0.00061443
-0.00019184
0.00070408
0.00059187
0.00146900
0.00114476
0.00112797
0.00053523
0.00090969
-0.00089913
-0.00033528
-0.00147363
0.00208883
-0.03673293
0.00045365
-0.00082847
-0.00047732
0.00017877
0.00038709
0.00022398
-0.00136007
-0.00000671
0.00037886
-0.00069925
0.00033363
-0.00076137
0.00033771
0.00017982
0.00092823
0.00025297
-0.00098336
-0.00107540
0.00079616
0.00042351
0.00111825
-0.00040807
-0.00029026
0.00106424
0.00139812
-0.00122218
-0.00058050
-0.00088189
0.00072979
0.00040034
0.00049889
0.00022850
-0.00021689
0.00061998
0.00106844
0.00029854
-0.00018030
0.00131784
-0.00017484
0.00024389
-0.00004319
-0.00019763
-0.00150066
0.00062873
0.00045723
-0.00062018
0.00026149
-0.00151051
0.00064896
0.00158163
0.00059740
-0.00017603
0.00070017
0.00060726
0.00146566
0.00114570
0.00112879
0.00053994
0.00089761
-0.00090308
-0.00031642
-0.00148957
0.00207136
-0.03691237
0.00044221
-0.00083342
-0.00045312
0.00017011
0.00038333
0.00023802
-0.00137375
-0.00001180
0.00036990
-0.00069742
0.00033956
-0.00074763
0.00033269
0.00016803
0.00094429
0.00025422
-0.00097781
-0.00108303
0.00079463
0.00042496
0.00111355
-0.00039081
-0.00029952
0.00105062
0.00138107
-0.00124041
-0.00059235
-0.00087500
0.00073077
0.00042026
0.00049242
0.00024111
-0.00023205
0.00060921
0.00107458
0.00028035
-0.00012796
0.00130921
-0.00018313
0.00028458
-0.00003259
-0.00015541
-0.00146368
0.00064142
0.00050049
-0.00060768
0.00052501
-0.00150999
0.00062592
0.00157344
0.00059955
-0.00012165
0.00065859
0.00065746
0.00145103
0.00112062
0.00110305
0.00052606
0.00083866
-0.00089920
-0.00025403
-0.00149727
0.00205909
-0.03750908
0.00038514
-0.00086434
-0.00042668
0.00015733
0.00035434
0.00013846
-0.00134271
-0.00000663
0.00035356
-0.00069337
0.00035669
-0.00074769
0.00029862
0.00016844
0.00095760
0.00024389
-0.00100587
-0.00109398
0.00078664
0.00047257
0.00111058
-0.00038385
-0.00029251
0.00104392
0.00139541
-0.00125523
-0.00058428
-0.00081531
0.00070089
0.00044854
0.00050444
0.00029873
-0.00024573
0.00061271
0.00116874
0.00032732
-0.00028315
0.00130070
-0.00019968
0.00033663
-0.00001797
-0.00022451
-0.00162292
0.00065493
0.00041939
-0.00063985
0.00031045
-0.00152313
0.00052214
0.00161751
0.00062818
-0.00021939
0.00063274
0.00069094
0.00146071
0.00119646
0.00117502
0.00042022
0.00088254
-0.00100618
-0.00029771
-0.00160583
0.00211654
-0.03651356
0.00042264
-0.00090376
-0.00042328
0.00024373
0.00049443
0.00036760
-0.00129416
-0.00001290
0.00033517
-0.00066978
0.00033151
-0.00070821
0.00022712
0.00004256
0.00100553
0.00015630
-0.00099860
-0.00111679
0.00082707
0.00046603
0.00124350
-0.00034495
-0.00035553
0.00101336
0.00130181
-0.00132229
-0.00055065
-0.00082574
0.00072498
0.00048046
0.00044476
0.00020855
-0.00026364
0.00056427
0.00106869
0.00027946
-0.00011611
0.00132064
-0.00018693
0.00028501
-0.00002664
-0.00013857
-0.00145317
0.00064266
0.00050330
-0.00060075
0.00053951
-0.00149754
0.00063504
0.00158108
0.00059256
-0.00011527
0.00066091
0.00065549
0.00145427
0.00113464
0.00108550
0.00053143
0.00083008
-0.00090384
-0.00025040
-0.00150303
0.00205377
-0.03755736
0.00037895
-0.00084860
-0.00041891
0.00016210
0.00034494
0.00009918
-0.00134876
-0.00000271
0.00035651
-0.00069577
0.00036782
-0.00073721
0.00031121
0.00018603
0.00093749
0.00025177
-0.00101010
-0.00109356
0.00079696
0.00045643
0.00109564
-0.00037854
-0.00027642
0.00106563
0.00140176
-0.00125616
-0.00058497
-0.00081942
0.00068619
0.00045300
0.00051428
0.00029819
-0.00024536
0.00062171
0.00116792
0.00034638
-0.00023547
0.00133603
-0.00020274
0.00033175
0.00000013
-0.00016366
-0.00160191
0.00065953
0.00042366
-0.00062436
0.00045623
-0.00150049
0.00053823
0.00163114
0.00059520
-0.00019749
0.00063918
0.00071128
0.00144897
0.00123831
0.00113493
0.00040708
0.00084301
-0.00101386
-0.00027363
-0.00162372
0.00211085
-0.03671290
0.00039034
-0.00086773
-0.00039289
0.00024837
0.00046061
0.00026450
-0.00129267
0.00000976
0.00034009
-0.00068309
0.00036964
-0.00068587
0.00025871
0.00008105
0.00093569
0.00018486
-0.00102592
-0.00112265
0.00083460
0.00042790
0.00118988
-0.00031122
-0.00032053
0.00106564
0.00133034
-0.00130737
-0.00055686
-0.00081294
0.00068621
0.00048897
0.00048309
0.00021919
-0.00026052
0.00059305
0.00111866
0.00030305
-0.00018275
0.00135014
-0.00020054
0.00029289
-0.00001375
-0.00016265
-0.00154075
0.00063518
0.00043723
-0.00061455
0.00034818
-0.00151824
0.00058104
0.00162263
0.00062071
-0.00018421
0.00064516
0.00066301
0.00147600
0.00119016
0.00113455
0.00046298
0.00087479
-0.00095337
-0.00027692
-0.00157556
0.00207830
-0.03692901
0.00042291
-0.00085574
-0.00043505
0.00022420
0.00043709
0.00021542
-0.00134582
0.00000511
0.00034321
-0.00067449
0.00034270
-0.00072543
0.00029443
0.00013349
0.00095013
0.00023393
-0.00099765
-0.00109014
0.00081190
0.00043248
0.00114920
-0.00034479
-0.00031836
0.00107499
0.00136115
-0.00126362
-0.00057292
-0.00085624
0.00071047
0.00045091
0.00048145
0.00023378
-0.00024795
0.00059668
0.00106574
0.00028442
-0.00007900
0.00132417
-0.00019533
0.00029001
-0.00003492
-0.00009709
-0.00144068
0.00064925
0.00051174
-0.00061307
0.00060737
-0.00149967
0.00062769
0.00157757
0.00060561
-0.00009014
0.00065501
0.00067609
0.00144186
0.00113623
0.00107506
0.00052237
0.00081025
-0.00088199
-0.00020455
-0.00151137
0.00204950
-0.03778253
0.00036361
-0.00086177
-0.00041706
0.00015806
0.00033311
0.00007505
-0.00136488
0.00000504
0.00033659
-0.00069104
0.00038218
-0.00074168
0.00028257
0.00018617
0.00093746
0.00024916
-0.00101281
-0.00107980
0.00080371
0.00047260
0.00108662
-0.00036937
-0.00029270
0.00106755
0.00140138
-0.00127955
-0.00059320
-0.00080723
0.00069644
0.00045871
0.00052888
0.00029827
-0.00026417
0.00060905
0.00106554
0.00026783
-0.00008870
0.00133506
-0.00018927
0.00029004
-0.00003593
-0.00010942
-0.00144547
0.00063902
0.00051058
-0.00061326
0.00059480
-0.00150909
0.00062700
0.00157495
0.00062566
-0.00008885
0.00065406
0.00065253
0.00144746
0.00113467
0.00105345
0.00052731
0.00081438
-0.00088807
-0.00023071
-0.00149763
0.00206650
-0.03764341
0.00037548
-0.00085458
-0.00042186
0.00015171
0.00031700
0.00008758
-0.00136648
0.00000098
0.00033586
-0.00069630
0.00038720
-0.00073913
0.00030092
0.00018994
0.00093630
0.00025441
-0.00100734
-0.00108111
0.00080175
0.00046380
0.00108088
-0.00038749
-0.00027078
0.00106094
0.00139554
-0.00127796
-0.00057731
-0.00080661
0.00069246
0.00045105
0.00052798
0.00028649
-0.00024967
0.00061247
0.00108029
0.00026273
-0.00008021
0.00133378
-0.00018126
0.00027848
-0.00003839
-0.00008950
-0.00144870
0.00064310
0.00050527
-0.00061751
0.00068085
-0.00149960
0.00062309
0.00157095
0.00061505
-0.00007894
0.00063502
0.00066496
0.00143812
0.00114708
0.00104217
0.00052927
0.00079580
-0.00087736
-0.00021285
-0.00150401
0.00205942
-0.03788125
0.00036595
-0.00085528
-0.00040853
0.00013516
0.00031599
0.00006679
-0.00137781
-0.00001539
0.00035151
-0.00070738
0.00040157
-0.00074026
0.00029178
0.00017106
0.00093447
0.00026729
-0.00098819
-0.00107053
0.00081881
0.00047930
0.00107533
-0.00038069
-0.00027948
0.00106889
0.00138783
-0.00129366
-0.00058735
-0.00080191
0.00070632
0.00045652
0.00052865
0.00028111
-0.00026390
0.00061450
0.00106715
0.00025732
-0.00011536
0.00132914
-0.00017499
0.00025485
-0.00003126
-0.00011615
-0.00143313
0.00062273
0.00048059
-0.00062357
0.00048125
-0.00149904
0.00061977
0.00159593
0.00063441
-0.00011317
0.00065834
0.00063545
0.00144381
0.00115207
0.00105973
0.00053711
0.00084536
-0.00088647
-0.00024882
-0.00149558
0.00207742
-0.03739103
0.00039278
-0.00083681
-0.00043104
0.00017453
0.00034217
0.00006267
-0.00136522
-0.00001806
0.00035498
-0.00069728
0.00040048
-0.00074491
0.00031202
0.00017753
0.00094009
0.00029043
-0.00097862
-0.00105805
0.00080659
0.00046351
0.00107457
-0.00039203
-0.00028304
0.00107478
0.00138398
-0.00127153
-0.00057734
-0.00084109
0.00071316
0.00043560
0.00051827
0.00023648
-0.00025200
0.00061071
0.00108548
0.00025716
-0.00015785
0.00133871
-0.00015454
0.00021902
-0.00003646
-0.00013372
-0.00149064
0.00061786
0.00043865
-0.00063192
0.00034091
-0.00148845
0.00060054
0.00160757
0.00063928
-0.00016114
0.00065506
0.00061634
0.00145321
0.00121452
0.00107142
0.00054209
0.00088214
-0.00090975
-0.00026603
-0.00153753
0.00208307
-0.03704040
0.00042394
-0.00082153
-0.00043783
0.00019892
0.00038469
0.00011205
-0.00139809
-0.00001395
0.00035222
-0.00066678
0.00039528
-0.00073859
0.00031983
0.00017372
0.00093103
0.00030550
-0.00095282
-0.00104251
0.00082730
0.00046144
0.00108536
-0.00038695
-0.00027294
0.00106938
0.00134432
-0.00127669
-0.00058718
-0.00088602
0.00073887
0.00039749
0.00051126
0.00018856
-0.00023859
0.00060668
0.00109588
0.00028205
-0.00007927
0.00131779
-0.00015651
0.00025974
-0.00005172
-0.00008159
-0.00148620
0.00065231
0.00048451
-0.00063105
0.00074048
-0.00147734
0.00061260
0.00157358
0.00058797
-0.00008075
0.00060922
0.00069792
0.00144491
0.00117969
0.00106245
0.00053142
0.00080966
-0.00089616
-0.00016623
-0.00155699
0.00206591
-0.03800514
0.00034645
-0.00086150
-0.00038672
0.00016107
0.00033940
0.00003872
-0.00138149
-0.00004675
0.00035705
-0.00067616
0.00041605
-0.00073745
0.00027697
0.00014793
0.00093745
0.00027400
-0.00098809
-0.00106432
0.00080661
0.00050965
0.00108000
-0.00036412
-0.00028589
0.00103299
0.00135603
-0.00130922
-0.00059388
-0.00078542
0.00070162
0.00045421
0.00051839
0.00029200
-0.00027854
0.00060893
0.00107828
0.00027868
-0.00003802
0.00128928
-0.00016843
0.00027306
-0.00005236
-0.00005492
-0.00143857
0.00066806
0.00051977
-0.00061996
0.00088951
-0.00148805
0.00062869
0.00155594
0.00057509
-0.00003871
0.00060629
0.00071320
0.00143532
0.00115303
0.00104223
0.00054008
0.00076757
-0.00087228
-0.00012805
-0.00153768
0.00205018
-0.03839630
0.00031505
-0.00086916
-0.00037714
0.00013101
0.00030723
0.00001920
-0.00136447
-0.00005160
0.00035918
-0.00069061
0.00041274
-0.00072520
0.00026140
0.00016234
0.00093267
0.00026724
-0.00100472
-0.00107703
0.00080045
0.00051153
0.00106698
-0.00037019
-0.00028344
0.00103505
0.00136740
-0.00131800
-0.00059134
-0.00074833
0.00068578
0.00047948
0.00052112
0.00033726
-0.00028366
0.00061964
0.00106662
0.00026054
-0.00008859
0.00130164
-0.00016187
0.00023642
-0.00005679
-0.00009307
-0.00145553
0.00064734
0.00047103
-0.00062656
0.00062249
-0.00148376
0.00063382
0.00157734
0.00058594
-0.00007469
0.00062784
0.00065350
0.00144206
0.00118883
0.00103968
0.00056480
0.00081552
-0.00089456
-0.00017542
-0.00153901
0.00205001
-0.03782581
0.00036267
-0.00083611
-0.00040663
0.00014987
0.00034322
0.00006358
-0.00137697
-0.00005839
0.00036921
-0.00067354
0.00040747
-0.00072223
0.00026730
0.00018517
0.00092314
0.00028152
-0.00096591
-0.00105445
0.00081639
0.00048215
0.00107873
-0.00039500
-0.00027955
0.00106202
0.00135270
-0.00130348
-0.00058798
-0.00080073
0.00070126
0.00044641
0.00050840
0.00028719
-0.00026425
0.00061994
0.00103670
0.00024996
-0.00010768
0.00131283
-0.00016562
0.00022870
-0.00005385
-0.00011127
-0.00143450
0.00062834
0.00045668
-0.00062246
0.00051900
-0.00149387
0.00064777
0.00156958
0.00061057
-0.00008703
0.00065597
0.00061393
0.00144997
0.00117490
0.00104315
0.00057693
0.00083238
-0.00087212
-0.00021604
-0.00150242
0.00205589
-0.03757091
0.00039019
-0.00083164
-0.00043171
0.00014831
0.00033700
0.00008470
-0.00137110
-0.00004086
0.00036988
-0.00068231
0.00039176
-0.00071843
0.00029948
0.00020659
0.00091461
0.00028466
-0.00095153
-0.00104973
0.00082196
0.00046230
0.00106859
-0.00042244
-0.00028058
0.00106495
0.00137534
-0.00127340
-0.00059319
-0.00083027
0.00071199
0.00043348
0.00051691
0.00029034
-0.00024843
0.00062258
0.00103095
0.00022991
-0.00014458
0.00131170
-0.00016851
0.00020872
-0.00005591
-0.00015909
-0.00143582
0.00061244
0.00043835
-0.00061977
0.00033667
-0.00148750
0.00063853
0.00158601
0.00062788
-0.00013180
0.00065443
0.00057242
0.00146034
0.00121090
0.00104026
0.00059543
0.00088062
-0.00088827
-0.00028270
-0.00150232
0.00206985
-0.03703915
0.00043486
-0.00081897
-0.00045935
0.00017638
0.00036027
0.00011450
-0.00137059
-0.00002821
0.00037803
-0.00066273
0.00038019
-0.00072076
0.00032301
0.00019676
0.00090115
0.00029191
-0.00094169
-0.00102839
0.00083965
0.00046006
0.00108704
-0.00044339
-0.00028029
0.00109944
0.00136855
-0.00125305
-0.00060059
-0.00086678
0.00072534
0.00040151
0.00051317
0.00024137
-0.00024405
0.00063531
0.00101884
0.00020574
-0.00017303
0.00132336
-0.00016283
0.00020584
-0.00005520
-0.00016749
-0.00145966
0.00060136
0.00043032
-0.00062572
0.00020883
-0.00148125
0.00063791
0.00159477
0.00061370
-0.00016411
0.00065550
0.00054571
0.00144663
0.00126159
0.00102408
0.00060008
0.00091466
-0.00091053
-0.00029937
-0.00153830
0.00206264
-0.03685911
0.00046911
-0.00083152
-0.00047591
0.00016927
0.00039448
0.00013379
-0.00139631
-0.00003573
0.00036887
-0.00064751
0.00036101
-0.00072016
0.00032025
0.00017058
0.00089101
0.00030469
-0.00092103
-0.00100307
0.00085715
0.00047789
0.00108409
-0.00043689
-0.00031360
0.00110772
0.00136734
-0.00124968
-0.00062774
-0.00088818
0.00074182
0.00038698
0.00052960
0.00019785
-0.00022492
0.00063121
0.00103280
0.00023962
-0.00008101
0.00131090
-0.00017517
0.00024922
-0.00005529
-0.00010450
-0.00141444
0.00062432
0.00049445
-0.00061521
0.00049541
-0.00149639
0.00063631
0.00156277
0.00060000
-0.00009680
0.00063357
0.00061892
0.00143183
0.00118971
0.00102665
0.00057173
0.00083132
-0.00088001
-0.00022336
-0.00150970
0.00205487
-0.03765627
0.00039588
-0.00085071
-0.00043563
0.00012304
0.00033228
0.00006044
-0.00135938
-0.00003732
0.00035874
-0.00067020
0.00036639
-0.00073535
0.00031030
0.00018705
0.00091160
0.00028070
-0.00096635
-0.00103795
0.00083084
0.00051063
0.00106827
-0.00041686
-0.00029352
0.00107354
0.00139250
-0.00126560
-0.00062133
-0.00080900
0.00071666
0.00044002
0.00053091
0.00029723
-0.00026300
0.00064480
0.00103852
0.00024422
-0.00010020
0.00131655
-0.00018132
0.00025720
-0.00006186
-0.00012852
-0.00141496
0.00062541
0.00049265
-0.00062128
0.00047721
-0.00149636
0.00063249
0.00157107
0.00059014
-0.00010427
0.00065498
0.00061646
0.00143766
0.00120000
0.00103922
0.00057194
0.00083926
-0.00088349
-0.00024461
-0.00150081
0.00205841
-0.03748557
0.00040754
-0.00084281
-0.00044112
0.00013488
0.00034269
0.00005984
-0.00136100
-0.00003086
0.00036102
-0.00065901
0.00037229
-0.00073871
0.00032378
0.00019787
0.00090979
0.00028796
-0.00095026
-0.00103162
0.00083078
0.00050109
0.00107130
-0.00041592
-0.00030058
0.00107122
0.00139131
-0.00124643
-0.00062106
-0.00082895
0.00070898
0.00042948
0.00052632
0.00028158
-0.00025574
0.00064691
0.00103289
0.00022443
-0.00012918
0.00133033
-0.00017404
0.00023076
-0.00005301
-0.00015964
-0.00143460
0.00059940
0.00046649
-0.00061198
0.00028225
-0.00150060
0.00063404
0.00158898
0.00061593
-0.00015649
0.00068220
0.00057896
0.00145550
0.00122442
0.00102979
0.00057134
0.00088100
-0.00089098
-0.00029963
-0.00149244
0.00205167
-0.03705186
0.00044197
-0.00082801
-0.00045960
0.00015081
0.00036260
0.00008510
-0.00136446
-0.00002503
0.00035936
-0.00065533
0.00035864
-0.00075243
0.00034978
0.00018863
0.00091736
0.00030695
-0.00092345
-0.00101763
0.00084153
0.00048263
0.00108373
-0.00042774
-0.00031896
0.00107576
0.00139473
-0.00125348
-0.00062618
-0.00087755
0.00072888
0.00040823
0.00052255
0.00024066
-0.00023906
0.00064321
0.00103114
0.00024762
-0.00011850
0.00132299
-0.00016669
0.00023429
-0.00003153
-0.00015504
-0.00143469
0.00060626
0.00047503
-0.00060649
0.00030679
-0.00150168
0.00064309
0.00158867
0.00060468
-0.00014659
0.00065823
0.00061286
0.00145574
0.00119935
0.00104109
0.00055069
0.00087895
-0.00088444
-0.00029768
-0.00148919
0.00206322
-0.03719952
0.00042401
-0.00082788
-0.00044008
0.00015957
0.00035185
0.00011093
-0.00136684
-0.00002563
0.00035026
-0.00065402
0.00036911
-0.00075453
0.00033527
0.00019431
0.00091903
0.00029799
-0.00094719
-0.00102840
0.00080891
0.00048164
0.00108257
-0.00042507
-0.00031367
0.00107875
0.00141397
-0.00126443
-0.00060712
-0.00086591
0.00072266
0.00041464
0.00051815
0.00026051
-0.00024491
0.00064880
0.00104540
0.00026002
-0.00009476
0.00131587
-0.00016147
0.00024421
-0.00004919
-0.00014430
-0.00146125
0.00062225
0.00047804
-0.00061026
0.00044101
-0.00148687
0.00063903
0.00158012
0.00056575
-0.00012877
0.00062347
0.00065247
0.00145106
0.00123321
0.00103408
0.00054797
0.00086152
-0.00090075
-0.00025501
-0.00153120
0.00205803
-0.03752977
0.00040367
-0.00084279
-0.00041133
0.00015033
0.00035597
0.00009768
-0.00137340
-0.00005906
0.00035417
-0.00063694
0.00038060
-0.00075499
0.00031306
0.00016979
0.00092599
0.00028454
-0.00094623
-0.00102346
0.00081315
0.00051740
0.00109144
-0.00041437
-0.00033844
0.00105821
0.00140242
-0.00128815
-0.00061761
-0.00083027
0.00071816
0.00043692
0.00051874
0.00029081
-0.00027438
0.00065281
0.00099909
0.00025111
-0.00011677
0.00132703
-0.00016450
0.00021481
-0.00003522
-0.00016915
-0.00144704
0.00057752
0.00047280
-0.00061057
0.00025195
-0.00148805
0.00063570
0.00158944
0.00060720
-0.00017714
0.00067198
0.00059555
0.00145610
0.00122649
0.00105051
0.00056093
0.00088143
-0.00091899
-0.00029327
-0.00148078
0.00206559
-0.03700070
0.00043752
-0.00082792
-0.00043564
0.00016900
0.00036255
0.00011503
-0.00136933
-0.00004534
0.00035696
-0.00066146
0.00035526
-0.00077345
0.00034179
0.00018426
0.00092869
0.00030346
-0.00093598
-0.00101839
0.00080111
0.00047376
0.00108247
-0.00042129
-0.00033632
0.00108750
0.00141699
-0.00124062
-0.00061954
-0.00088606
0.00071465
0.00040411
0.00051278
0.00023760
-0.00023871
0.00064441
0.00102413
0.00025531
-0.00013109
0.00132747
-0.00016164
0.00021838
-0.00003400
-0.00017657
-0.00145623
0.00058705
0.00046640
-0.00061698
0.00026470
-0.00149847
0.00063757
0.00159260
0.00060541
-0.00017874
0.00068506
0.00060856
0.00143884
0.00123239
0.00105588
0.00055126
0.00088512
-0.00090886
-0.00030128
-0.00147968
0.00205860
-0.03690448
0.00044142
-0.00083593
-0.00044329
0.00016006
0.00035770
0.00011835
-0.00136719
-0.00001997
0.00034992
-0.00066932
0.00035421
-0.00077952
0.00033851
0.00019887
0.00092949
0.00031339
-0.00093324
-0.00103121
0.00079219
0.00047848
0.00107349
-0.00041147
-0.00034259
0.00107324
0.00141265
-0.00121859
-0.00062031
-0.00088091
0.00073220
0.00039509
0.00052614
0.00024852
-0.00023889
0.00064851
0.00101606
0.00026521
-0.00007102
0.00132458
-0.00016495
0.00024711
-0.00004894
-0.00013510
-0.00145065
0.00060805
0.00049352
-0.00060688
0.00050817
-0.00150892
0.00063583
0.00157005
0.00057802
-0.00012171
0.00066649
0.00065828
0.00142228
0.00119678
0.00104329
0.00054776
0.00083034
-0.00087958
-0.00024604
-0.00148287
0.00205336
-0.03752545
0.00038601
-0.00085935
-0.00041409
0.00013866
0.00031764
0.00008585
-0.00135842
-0.00002968
0.00035125
-0.00067776
0.00035776
-0.00077665
0.00031450
0.00018172
0.00093524
0.00030263
-0.00096229
-0.00104964
0.00076968
0.00048738
0.00106180
-0.00038764
-0.00032370
0.00106296
0.00141234
-0.00123631
-0.00062119
-0.00082895
0.00071230
0.00043655
0.00054087
0.00031483
-0.00026018
0.00064232
0.00100886
0.00025865
-0.00014704
0.00136164
-0.00015515
0.00018415
-0.00007157
-0.00021192
-0.00152895
0.00056026
0.00043253
-0.00060634
0.00015457
-0.00151842
0.00060748
0.00160410
0.00056813
-0.00021060
0.00069130
0.00061104
0.00139353
0.00132118
0.00105198
0.00056135
0.00091887
-0.00093905
-0.00030912
-0.00152096
0.00206850
-0.03658048
0.00047796
-0.00083340
-0.00042768
0.00017535
0.00038387
0.00020132
-0.00139549
-0.00004520
0.00034460
-0.00063186
0.00033709
-0.00080893
0.00033819
0.00018009
0.00095000
0.00034043
-0.00090888
-0.00101551
0.00077692
0.00046116
0.00106272
-0.00038452
-0.00036179
0.00107735
0.00137484
-0.00118912
-0.00063158
-0.00092191
0.00077410
0.00037965
0.00054861
0.00022728
-0.00025453
0.00063288
0.00099793
0.00025664
-0.00013098
0.00133186
-0.00016927
0.00020950
-0.00005761
-0.00017827
-0.00147153
0.00057644
0.00046780
-0.00059634
0.00025946
-0.00152000
0.00062999
0.00160962
0.00059265
-0.00017596
0.00067406
0.00061655
0.00142296
0.00122469
0.00106583
0.00055798
0.00089311
-0.00090249
-0.00030310
-0.00148425
0.00205403
-0.03692041
0.00043835
-0.00082285
-0.00044944
0.00017233
0.00034921
0.00014366
-0.00137424
-0.00002491
0.00034861
-0.00066311
0.00034766
-0.00078168
0.00033014
0.00019911
0.00094945
0.00032387
-0.00093904
-0.00104878
0.00077254
0.00043713
0.00105681
-0.00039855
-0.00032431
0.00107257
0.00140748
-0.00120306
-0.00060826
-0.00089633
0.00073692
0.00040278
0.00053326
0.00025565
-0.00024134
0.00064045
0.00097825
0.00028555
-0.00014602
0.00146351
-0.00010359
0.00009595
-0.00023439
-0.00026795
-0.00170493
0.00052077
0.00055851
-0.00047622
0.00043523
-0.00157141
0.00050224
0.00167981
0.00036305
-0.00027713
0.00045960
0.00073921
0.00135355
0.00155156
0.00105252
0.00052831
0.00087640
-0.00114972
-0.00031081
-0.00163722
0.00197519
-0.03681960
0.00037387
-0.00080582
-0.00035856
0.00038320
0.00036746
0.00011423
-0.00142509
-0.00006211
0.00034798
-0.00061571
0.00024597
-0.00081273
0.00020334
0.00006797
0.00111503
0.00037279
-0.00089136
-0.00112203
0.00072403
0.00046804
0.00101866
-0.00031002
-0.00039756
0.00096347
0.00125167
-0.00111462
-0.00056023
-0.00088631
0.00078949
0.00052482
0.00057831
0.00024507
-0.00036068
0.00065618
0.00100396
0.00027477
-0.00010497
0.00134587
-0.00014885
0.00020759
-0.00007758
-0.00017155
-0.00149640
0.00059221
0.00049044
-0.00057191
0.00036597
-0.00151946
0.00062761
0.00160616
0.00054539
-0.00016046
0.00064745
0.00065878
0.00141697
0.00123750
0.00106644
0.00056217
0.00087016
-0.00092831
-0.00027359
-0.00149887
0.00204109
-0.03727724
0.00042965
-0.00083683
-0.00041910
0.00017660
0.00034476
0.00013506
-0.00137935
-0.00002707
0.00034065
-0.00064155
0.00035644
-0.00078133
0.00031398
0.00019348
0.00097439
0.00032975
-0.00094527
-0.00104916
0.00077837
0.00045686
0.00105420
-0.00038542
-0.00032828
0.00106879
0.00139388
-0.00119600
-0.00060859
-0.00087875
0.00072919
0.00043168
0.00054768
0.00026703
-0.00026064
0.00064017
0.00101609
0.00029109
-0.00006355
0.00133476
-0.00014374
0.00023189
-0.00006625
-0.00013161
-0.00149307
0.00061753
0.00051668
-0.00056604
0.00061819
-0.00151333
0.00063039
0.00158261
0.00052385
-0.00010883
0.00061895
0.00070524
0.00140309
0.00121082
0.00106135
0.00055038
0.00082527
-0.00091505
-0.00021546
-0.00150414
0.00203652
-0.03785708
0.00037331
-0.00085811
-0.00038175
0.00014913
0.00031549
0.00009383
-0.00137330
-0.00004145
0.00034321
-0.00065184
0.00037249
-0.00077226
0.00029079
0.00018092
0.00097330
0.00031452
-0.00096592
-0.00106739
0.00076811
0.00048699
0.00104233
-0.00036688
-0.00033689
0.00103949
0.00139736
-0.00121140
-0.00061785
-0.00081335
0.00070789
0.00046596
0.00055854
0.00031649
-0.00027567
0.00063671
0.00101009
0.00029895
-0.00010302
0.00135028
-0.00013886
0.00021496
-0.00004258
-0.00017410
-0.00147697
0.00060182
0.00048131
-0.00057335
0.00035148
-0.00149750
0.00063962
0.00160514
0.00056436
-0.00013705
0.00065745
0.00064476
0.00143636
0.00121176
0.00107034
0.00057585
0.00086385
-0.00091125
-0.00026903
-0.00146845
0.00204789
-0.03726120
0.00041771
-0.00083046
-0.00042975
0.00017273
0.00032865
0.00011358
-0.00139000
-0.00001721
0.00034837
-0.00065907
0.00036368
-0.00076360
0.00033084
0.00020159
0.00095399
0.00032561
-0.00095309
-0.00105091
0.00077299
0.00044557
0.00106843
-0.00039018
-0.00033405
0.00106141
0.00140782
-0.00120156
-0.00060780
-0.00087865
0.00072238
0.00042990
0.00053621
0.00027335
-0.00025864
0.00062761
0.00099574
0.00030752
-0.00010804
0.00134665
-0.00016004
0.00021544
-0.00004326
-0.00017833
-0.00148365
0.00060514
0.00048550
-0.00058185
0.00030906
-0.00150054
0.00063437
0.00162404
0.00058442
-0.00015297
0.00066168
0.00062651
0.00143288
0.00121324
0.00107169
0.00057434
0.00088217
-0.00090383
-0.00028475
-0.00146701
0.00205760
-0.03711651
0.00042686
-0.00083820
-0.00043355
0.00017187
0.00032873
0.00011406
-0.00139985
-0.00001464
0.00033316
-0.00065887
0.00035564
-0.00077136
0.00034336
0.00021080
0.00095358
0.00032928
-0.00094789
-0.00104590
0.00077533
0.00044013
0.00106542
-0.00040006
-0.00032070
0.00106268
0.00142079
-0.00121786
-0.00059317
-0.00087728
0.00071992
0.00041943
0.00053756
0.00026800
-0.00024302
0.00063270
0.00099337
0.00031063
-0.00010684
0.00135667
-0.00015887
0.00021438
-0.00005115
-0.00019139
-0.00149332
0.00060416
0.00049162
-0.00058147
0.00030650
-0.00149325
0.00066154
0.00162124
0.00056765
-0.00015103
0.00065732
0.00064366
0.00144657
0.00122886
0.00107029
0.00058324
0.00088049
-0.00091030
-0.00027282
-0.00146673
0.00205651
-0.03715592
0.00043482
-0.00083847
-0.00044677
0.00018037
0.00031730
0.00013052
-0.00142179
-0.00001142
0.00033428
-0.00065993
0.00035885
-0.00077660
0.00035356
0.00020714
0.00095670
0.00033173
-0.00094609
-0.00104343
0.00076794
0.00043658
0.00107850
-0.00039971
-0.00031204
0.00106143
0.00142387
-0.00120164
-0.00059906
-0.00088633
0.00071438
0.00041145
0.00054391
0.00027321
-0.00025749
0.00064026
0.00087575
0.00043732
-0.00011736
0.00140993
-0.00015366
0.00016853
-0.00008605
-0.00027626
-0.00167133
0.00056245
0.00047175
-0.00056519
-0.00010310
-0.00146447
0.00060385
0.00178021
0.00051416
-0.00028747
0.00060410
0.00069154
0.00137460
0.00152915
0.00107262
0.00057236
0.00098827
-0.00101265
-0.00033551
-0.00152802
0.00210852
-0.03578496
0.00049470
-0.00083416
-0.00043640
0.00028654
0.00031532
0.00018217
-0.00154713
-0.00003723
0.00025924
-0.00058687
0.00032551
-0.00081291
0.00037947
0.00017133
0.00099764
0.00043460
-0.00086463
-0.00099466
0.00071806
0.00039972
0.00108614
-0.00034455
-0.00039790
0.00102418
0.00144147
-0.00117747
-0.00059947
-0.00095248
0.00074251
0.00037668
0.00058350
0.00019578
-0.00030814
0.00068206
0.00100480
0.00031008
-0.00006873
0.00132968
-0.00017908
0.00024555
-0.00005401
-0.00015040
-0.00146658
0.00062340
0.00051757
-0.00058691
0.00053337
-0.00150024
0.00066548
0.00160096
0.00056286
-0.00011745
0.00062597
0.00069057
0.00142874
0.00119555
0.00105928
0.00056182
0.00082645
-0.00088665
-0.00023054
-0.00146825
0.00205918
-0.03768278
0.00036715
-0.00086207
-0.00040966
0.00015562
0.00028644
0.00008355
-0.00138231
-0.00001128
0.00033010
-0.00066592
0.00037661
-0.00077946
0.00031709
0.00020079
0.00094256
0.00029432
-0.00098732
-0.00106145
0.00076929
0.00045528
0.00106295
-0.00038846
-0.00028806
0.00103714
0.00142589
-0.00123188
-0.00061454
-0.00083499
0.00068423
0.00044009
0.00054223
0.00031778
-0.00027752
0.00065371
0.00099635
0.00030813
-0.00007372
0.00133024
-0.00018046
0.00021619
-0.00005048
-0.00015924
-0.00147596
0.00062139
0.00051162
-0.00058272
0.00050421
-0.00149200
0.00066046
0.00161658
0.00054371
-0.00012039
0.00062721
0.00069025
0.00142841
0.00121186
0.00105795
0.00056446
0.00083730
-0.00088639
-0.00024660
-0.00145774
0.00205130
-0.03765575
0.00038758
-0.00085734
-0.00041932
0.00016272
0.00029473
0.00010656
-0.00139017
-0.00000360
0.00032334
-0.00066379
0.00036655
-0.00078927
0.00032771
0.00017797
0.00094850
0.00030461
-0.00098454
-0.00105624
0.00077866
0.00043571
0.00105973
-0.00039557
-0.00029572
0.00104811
0.00142592
-0.00121860
-0.00061129
-0.00086149
0.00069557
0.00042889
0.00054988
0.00031783
-0.00028211
0.00065697
0.00098374
0.00028461
-0.00012470
0.00133312
-0.00019313
0.00018628
-0.00003916
-0.00018113
-0.00147476
0.00060261
0.00047394
-0.00057526
0.00022957
-0.00150483
0.00065097
0.00164047
0.00057363
-0.00017897
0.00065791
0.00064079
0.00144543
0.00123652
0.00107296
0.00057890
0.00089324
-0.00089724
-0.00029744
-0.00145361
0.00206648
-0.03703817
0.00042899
-0.00083596
-0.00044917
0.00019112
0.00033069
0.00015811
-0.00138755
0.00000690
0.00032329
-0.00064632
0.00034659
-0.00079087
0.00034383
0.00019604
0.00095635
0.00031375
-0.00094890
-0.00103812
0.00078708
0.00040953
0.00108679
-0.00042235
-0.00030379
0.00106906
0.00142182
-0.00120859
-0.00060575
-0.00091891
0.00072096
0.00039769
0.00053893
0.00025244
-0.00027576
0.00066498
0.00100663
0.00028488
-0.00013743
0.00133480
-0.00018611
0.00019198
-0.00003866
-0.00018713
-0.00148198
0.00061277
0.00046867
-0.00058060
0.00024679
-0.00151113
0.00065718
0.00163938
0.00057131
-0.00017462
0.00067086
0.00064949
0.00143324
0.00123759
0.00107582
0.00057443
0.00089456
-0.00088893
-0.00030070
-0.00145332
0.00205601
-0.03699642
0.00043481
-0.00084305
-0.00045670
0.00017949
0.00032578
0.00015931
-0.00138852
0.00003012
0.00032077
-0.00065336
0.00034658
-0.00079421
0.00034138
0.00021055
0.00095635
0.00032158
-0.00094656
-0.00104932
0.00078213
0.00041710
0.00107782
-0.00041458
-0.00030896
0.00105784
0.00141743
-0.00118820
-0.00060810
-0.00091223
0.00073641
0.00039150
0.00055280
0.00026500
-0.00027504
0.00066629
0.00101765
0.00030053
-0.00009369
0.00132506
-0.00018187
0.00021375
-0.00005326
-0.00015434
-0.00148181
0.00062837
0.00051454
-0.00057514
0.00053040
-0.00152174
0.00065582
0.00162166
0.00053405
-0.00011945
0.00063384
0.00070668
0.00141083
0.00122743
0.00107458
0.00056180
0.00084092
-0.00087822
-0.00024262
-0.00146858
0.00205434
-0.03761038
0.00038260
-0.00087214
-0.00042655
0.00015857
0.00028168
0.00012773
-0.00137382
0.00002983
0.00031236
-0.00065439
0.00036665
-0.00078098
0.00032040
0.00020153
0.00096664
0.00032290
-0.00096929
-0.00107320
0.00076378
0.00046410
0.00106266
-0.00039938
-0.00031875
0.00103279
0.00141886
-0.00119628
-0.00061653
-0.00084447
0.00072312
0.00044154
0.00058031
0.00032841
-0.00029901
0.00066308
0.00100265
0.00028657
-0.00007610
0.00132097
-0.00016907
0.00022505
-0.00004870
-0.00014194
-0.00144796
0.00063064
0.00051141
-0.00057290
0.00056810
-0.00150934
0.00067486
0.00161157
0.00054738
-0.00009639
0.00064806
0.00068129
0.00142221
0.00117913
0.00108096
0.00056309
0.00083527
-0.00086663
-0.00022706
-0.00146225
0.00204829
-0.03781788
0.00037568
-0.00086700
-0.00043650
0.00013826
0.00028526
0.00011564
-0.00137038
0.00002413
0.00032827
-0.00067177
0.00036566
-0.00077700
0.00032170
0.00020608
0.00096151
0.00030425
-0.00098977
-0.00108230
0.00076478
0.00045267
0.00105850
-0.00040224
-0.00030745
0.00104716
0.00143673
-0.00121363
-0.00061157
-0.00083537
0.00071020
0.00044313
0.00057432
0.00033508
-0.00028390
0.00065136
0.00100658
0.00027239
-0.00008574
0.00131970
-0.00017998
0.00023537
-0.00004730
-0.00016013
-0.00144279
0.00062212
0.00049512
-0.00056704
0.00051260
-0.00150434
0.00067223
0.00161195
0.00057218
-0.00010998
0.00066036
0.00065825
0.00142390
0.00117740
0.00108241
0.00057450
0.00084277
-0.00087117
-0.00024001
-0.00145413
0.00204643
-0.03769577
0.00038962
-0.00086245
-0.00044303
0.00013254
0.00029683
0.00012859
-0.00136944
0.00003190
0.00032244
-0.00066135
0.00036528
-0.00078617
0.00034402
0.00020708
0.00096417
0.00031206
-0.00098087
-0.00108459
0.00077003
0.00044283
0.00105201
-0.00040382
-0.00029865
0.00105623
0.00144459
-0.00121266
-0.00060459
-0.00084964
0.00071122
0.00042589
0.00058055
0.00031601
-0.00026850
0.00065214
0.00098922
0.00025426
-0.00020022
0.00135782
-0.00019914
0.00016564
-0.00005336
-0.00024770
-0.00149803
0.00057028
0.00042805
-0.00056438
-0.00000056
-0.00149981
0.00066310
0.00166674
0.00059953
-0.00023974
0.00069654
0.00057780
0.00142967
0.00127550
0.00111237
0.00060853
0.00094443
-0.00091894
-0.00035637
-0.00145595
0.00207567
-0.03647139
0.00048422
-0.00081675
-0.00049746
0.00017551
0.00036091
0.00023742
-0.00140524
0.00006141
0.00031549
-0.00062674
0.00033388
-0.00080918
0.00040846
0.00025781
0.00098383
0.00034027
-0.00092390
-0.00106595
0.00078507
0.00039872
0.00106017
-0.00043787
-0.00029044
0.00109077
0.00144165
-0.00114715
-0.00060211
-0.00099798
0.00076730
0.00034863
0.00056709
0.00021044
-0.00023018
0.00066667
0.00100749
0.00025527
-0.00013011
0.00133235
-0.00019489
0.00022673
-0.00006047
-0.00018506
-0.00145108
0.00060315
0.00048283
-0.00057061
0.00035360
-0.00149871
0.00066506
0.00161048
0.00059256
-0.00016480
0.00066111
0.00062764
0.00142652
0.00120344
0.00108065
0.00058751
0.00086917
-0.00088277
-0.00028140
-0.00145705
0.00204871
-0.03726404
0.00043035
-0.00084048
-0.00046300
0.00014853
0.00033084
0.00016177
-0.00137285
0.00003589
0.00033073
-0.00063634
0.00035928
-0.00079518
0.00036254
0.00023854
0.00097123
0.00032603
-0.00096975
-0.00107330
0.00078278
0.00044486
0.00105795
-0.00042489
-0.00026317
0.00107867
0.00144484
-0.00119362
-0.00059471
-0.00089276
0.00072763
0.00040123
0.00056915
0.00028657
-0.00025204
0.00065050
0.00100676
0.00024551
-0.00013812
0.00132852
-0.00020274
0.00022681
-0.00005093
-0.00019773
-0.00144920
0.00060193
0.00048110
-0.00058309
0.00029473
-0.00150793
0.00067431
0.00160864
0.00059580
-0.00017838
0.00068409
0.00062049
0.00144033
0.00119128
0.00109720
0.00059055
0.00089303
-0.00088230
-0.00029934
-0.00145213
0.00206659
-0.03714546
0.00043845
-0.00081937
-0.00048561
0.00015558
0.00033866
0.00017053
-0.00137999
0.00002381
0.00033406
-0.00064443
0.00036416
-0.00080068
0.00036840
0.00025183
0.00096804
0.00032283
-0.00097434
-0.00107032
0.00078938
0.00043246
0.00106626
-0.00042810
-0.00026222
0.00108857
0.00145164
-0.00119517
-0.00059784
-0.00090329
0.00073343
0.00039580
0.00057535
0.00027129
-0.00024006
0.00065192
0.00096707
0.00022776
-0.00020438
0.00142747
-0.00029172
0.00019846
-0.00017712
-0.00037611
-0.00163024
0.00062665
0.00069531
-0.00047287
0.00045433
-0.00164434
0.00065497
0.00160975
0.00040658
-0.00040231
0.00057153
0.00081017
0.00143757
0.00137216
0.00120317
0.00061404
0.00092930
-0.00099824
-0.00040707
-0.00142129
0.00210495
-0.03679568
0.00035320
-0.00073398
-0.00054748
0.00040421
0.00027883
0.00019543
-0.00136604
0.00008435
0.00032356
-0.00052597
0.00027394
-0.00095725
0.00031076
0.00034891
0.00114505
0.00042881
-0.00104197
-0.00113500
0.00072847
0.00051276
0.00109985
-0.00046834
-0.00014912
0.00099169
0.00148414
-0.00107767
-0.00054496
-0.00081033
0.00081561
0.00055001
0.00078144
0.00036649
-0.00037603
0.00073634
0.00100866
0.00026508
-0.00012057
0.00132736
-0.00019292
0.00024694
-0.00007523
-0.00019529
-0.00145781
0.00062406
0.00050850
-0.00056687
0.00042150
-0.00151298
0.00067478
0.00159923
0.00055489
-0.00015897
0.00065717
0.00066033
0.00144055
0.00119280
0.00108937
0.00059271
0.00085670
-0.00087994
-0.00026034
-0.00146959
0.00207095
-0.03751595
0.00041336
-0.00084195
-0.00046079
0.00014305
0.00031973
0.00016782
-0.00137969
0.00001744
0.00033691
-0.00064049
0.00036482
-0.00079830
0.00034889
0.00024234
0.00097875
0.00031611
-0.00098348
-0.00108168
0.00077487
0.00044827
0.00105782
-0.00041621
-0.00026600
0.00106874
0.00143631
-0.00118887
-0.00061305
-0.00087428
0.00073006
0.00042203
0.00059700
0.00031143
-0.00026022
0.00065679
0.00100533
0.00025554
-0.00013257
0.00131970
-0.00019162
0.00023850
-0.00006597
-0.00020322
-0.00142656
0.00061279
0.00048020
-0.00058318
0.00031671
-0.00151635
0.00068697
0.00160086
0.00058621
-0.00017210
0.00068817
0.00061700
0.00145535
0.00116977
0.00108285
0.00058698
0.00088766
-0.00087395
-0.00028428
-0.00145068
0.00207858
-0.03721934
0.00043314
-0.00082993
-0.00047220
0.00015399
0.00034519
0.00014753
-0.00137720
0.00001892
0.00034948
-0.00065184
0.00035337
-0.00078066
0.00035549
0.00025008
0.00096416
0.00030602
-0.00097041
-0.00107919
0.00078882
0.00042237
0.00105270
-0.00042418
-0.00026915
0.00108938
0.00144147
-0.00120116
-0.00058427
-0.00089008
0.00072249
0.00039260
0.00057257
0.00027787
-0.00024200
0.00064686
0.00099821
0.00024560
-0.00016785
0.00133036
-0.00019897
0.00024197
-0.00005853
-0.00022528
-0.00144993
0.00060452
0.00045854
-0.00058646
0.00018324
-0.00152742
0.00068685
0.00160614
0.00058728
-0.00021492
0.00069831
0.00061432
0.00146090
0.00120315
0.00109690
0.00058807
0.00092076
-0.00089628
-0.00032651
-0.00143561
0.00209415
-0.03684680
0.00046920
-0.00081514
-0.00049750
0.00017391
0.00036590
0.00019241
-0.00138643
0.00002468
0.00035487
-0.00064516
0.00032374
-0.00077214
0.00036062
0.00025616
0.00097268
0.00032703
-0.00095845
-0.00108825
0.00078696
0.00038986
0.00105970
-0.00042848
-0.00025807
0.00109825
0.00144801
-0.00117648
-0.00058523
-0.00092245
0.00075094
0.00036549
0.00057225
0.00024840
-0.00022657
0.00065075
0.00100657
0.00024813
-0.00015605
0.00134824
-0.00021891
0.00024686
-0.00004521
-0.00020949
-0.00142820
0.00060656
0.00046005
-0.00059035
0.00024357
-0.00151323
0.00068483
0.00159900
0.00060058
-0.00018963
0.00068831
0.00061867
0.00147231
0.00117271
0.00110148
0.00059170
0.00092645
-0.00089067
-0.00033504
-0.00143068
0.00207307
-0.03695634
0.00045230
-0.00082116
-0.00048600
0.00018267
0.00035747
0.00014893
-0.00137515
0.00001134
0.00034563
-0.00066729
0.00033682
-0.00077282
0.00033583
0.00024080
0.00097688
0.00032411
-0.00097291
-0.00109225
0.00077180
0.00039158
0.00106173
-0.00041185
-0.00025599
0.00110646
0.00145561
-0.00119390
-0.00059635
-0.00090126
0.00073754
0.00037817
0.00056903
0.00026364
-0.00022889
0.00065571
0.00094514
0.00028238
-0.00027313
0.00139565
-0.00032472
0.00028259
-0.00008700
-0.00032051
-0.00149665
0.00061196
0.00037753
-0.00057700
-0.00016882
-0.00160560
0.00070820
0.00165385
0.00054467
-0.00040174
0.00068590
0.00071258
0.00147948
0.00130918
0.00119550
0.00059742
0.00109368
-0.00091074
-0.00048788
-0.00138703
0.00219021
-0.03545934
0.00053170
-0.00078850
-0.00055784
0.00031725
0.00040459
0.00029752
-0.00139115
0.00002907
0.00033360
-0.00062117
0.00024686
-0.00077945
0.00024689
0.00029544
0.00107871
0.00042730
-0.00095832
-0.00116080
0.00068870
0.00023642
0.00105361
-0.00036725
-0.00019845
0.00113525
0.00153033
-0.00110635
-0.00062247
-0.00097724
0.00085157
0.00031067
0.00068877
0.00022215
-0.00025699
0.00071923
0.00103194
0.00026545
-0.00010486
0.00132800
-0.00021880
0.00026783
-0.00004201
-0.00016067
-0.00140900
0.00061496
0.00049795
-0.00058637
0.00049042
-0.00151315
0.00067316
0.00157263
0.00058630
-0.00013174
0.00066998
0.00066348
0.00145029
0.00114666
0.00108789
0.00057578
0.00086697
-0.00086945
-0.00026797
-0.00145105
0.00206741
-0.03747550
0.00039903
-0.00084523
-0.00044756
0.00015512
0.00032922
0.00009583
-0.00135469
-0.00001113
0.00034094
-0.00068747
0.00035859
-0.00075695
0.00030784
0.00023151
0.00096319
0.00030329
-0.00098966
-0.00109753
0.00076531
0.00043155
0.00106611
-0.00039420
-0.00026820
0.00109467
0.00144802
-0.00122206
-0.00059052
-0.00083974
0.00071146
0.00042605
0.00056110
0.00031892
-0.00023911
0.00064580
0.00102537
0.00025591
-0.00009449
0.00132723
-0.00021369
0.00027198
-0.00003900
-0.00015610
-0.00140195
0.00060795
0.00049287
-0.00059579
0.00049892
-0.00151401
0.00067436
0.00155916
0.00057628
-0.00013917
0.00067783
0.00064943
0.00144527
0.00113928
0.00108650
0.00057157
0.00086974
-0.00086182
-0.00028244
-0.00145159
0.00207002
-0.03753116
0.00038971
-0.00083500
-0.00044798
0.00015625
0.00032300
0.00008270
-0.00136490
-0.00002737
0.00035204
-0.00069922
0.00035428
-0.00074811
0.00030118
0.00022321
0.00096082
0.00031194
-0.00097989
-0.00110579
0.00075414
0.00043599
0.00106794
-0.00039381
-0.00025859
0.00108856
0.00145308
-0.00122899
-0.00060865
-0.00083206
0.00072382
0.00042031
0.00055476
0.00032690
-0.00023463
0.00065094
0.00099786
0.00029948
-0.00020884
0.00134003
-0.00031851
0.00028222
-0.00005988
-0.00025720
-0.00142096
0.00058337
0.00042146
-0.00056656
0.00006408
-0.00160678
0.00066481
0.00159629
0.00054180
-0.00036512
0.00069947
0.00071898
0.00142595
0.00126412
0.00118542
0.00058103
0.00101304
-0.00086375
-0.00044445
-0.00141839
0.00219586
-0.03579081
0.00043953
-0.00078432
-0.00049762
0.00029718
0.00037274
0.00018404
-0.00134598
-0.00004235
0.00034680
-0.00068724
0.00027520
-0.00072282
0.00020699
0.00031726
0.00103595
0.00039964
-0.00094570
-0.00117258
0.00067195
0.00029757
0.00109316
-0.00035833
-0.00019951
0.00112847
0.00149661
-0.00114781
-0.00061049
-0.00091002
0.00081874
0.00037656
0.00063165
0.00028759
-0.00023453
0.00071077
0.00103213
0.00026875
-0.00010822
0.00133127
-0.00022059
0.00027858
-0.00003596
-0.00014581
-0.00141184
0.00060471
0.00050869
-0.00060270
0.00045139
-0.00151936
0.00066506
0.00157204
0.00058383
-0.00015452
0.00067790
0.00064982
0.00143630
0.00116156
0.00108180
0.00054690
0.00086466
-0.00087072
-0.00029649
-0.00145485
0.00206499
-0.03740437
0.00037670
-0.00084811
-0.00044069
0.00015637
0.00032143
0.00006540
-0.00134465
-0.00001832
0.00034121
-0.00069906
0.00034915
-0.00074867
0.00030726
0.00021874
0.00096211
0.00029597
-0.00097884
-0.00112288
0.00076241
0.00043467
0.00106901
-0.00038518
-0.00025102
0.00108140
0.00144473
-0.00123574
-0.00058409
-0.00083393
0.00070560
0.00042003
0.00054379
0.00031507
-0.00022965
0.00065343
0.00102808
0.00026293
-0.00013512
0.00133117
-0.00021748
0.00026015
-0.00003152
-0.00016529
-0.00140928
0.00058903
0.00049307
-0.00062130
0.00033978
-0.00152740
0.00065773
0.00158134
0.00060810
-0.00016204
0.00068749
0.00061050
0.00143680
0.00115294
0.00107728
0.00055354
0.00088891
-0.00086801
-0.00031408
-0.00144699
0.00207042
-0.03717226
0.00040210
-0.00084166
-0.00046768
0.00015600
0.00033611
0.00010368
-0.00134653
-0.00001593
0.00033647
-0.00070171
0.00035090
-0.00075251
0.00032874
0.00021660
0.00095635
0.00030421
-0.00096551
-0.00111027
0.00075856
0.00042253
0.00107359
-0.00041053
-0.00026788
0.00109409
0.00143964
-0.00121946
-0.00058381
-0.00086098
0.00072187
0.00040192
0.00053355
0.00027854
-0.00021428
0.00064656
0.00103532
0.00034129
-0.00033602
0.00132969
-0.00035269
0.00030386
-0.00008264
-0.00027590
-0.00147666
0.00053163
0.00048408
-0.00068490
-0.00005100
-0.00168941
0.00061184
0.00162033
0.00058640
-0.00035776
0.00066513
0.00067212
0.00135687
0.00128350
0.00113234
0.00052781
0.00102300
-0.00086132
-0.00043932
-0.00145322
0.00220127
-0.03550576
0.00043880
-0.00086499
-0.00054995
0.00024628
0.00037623
0.00031957
-0.00127170
-0.00001222
0.00028042
-0.00069046
0.00030101
-0.00073616
0.00024313
0.00025593
0.00104286
0.00036825
-0.00093810
-0.00123136
0.00065531
0.00032310
0.00111563
-0.00042342
-0.00023436
0.00112498
0.00144591
-0.00110184
-0.00055838
-0.00089890
0.00082753
0.00040424
0.00059361
0.00022473
-0.00020911
0.00068294
0.00104606
0.00027164
-0.00010696
0.00131632
-0.00021697
0.00027757
-0.00003850
-0.00014358
-0.00141243
0.00059103
0.00051803
-0.00062137
0.00049408
-0.00153267
0.00066366
0.00156244
0.00059579
-0.00013891
0.00067385
0.00064390
0.00143201
0.00115380
0.00107410
0.00053749
0.00084452
-0.00087185
-0.00027770
-0.00145322
0.00207396
-0.03745057
0.00036569
-0.00085602
-0.00045307
0.00014568
0.00030732
0.00007290
-0.00133483
-0.00000695
0.00034009
-0.00071776
0.00036691
-0.00076737
0.00031149
0.00020547
0.00095846
0.00030030
-0.00099375
-0.00110753
0.00075637
0.00044951
0.00106298
-0.00041189
-0.00026081
0.00107281
0.00142289
-0.00121532
-0.00058560
-0.00083227
0.00071916
0.00044385
0.00053948
0.00031836
-0.00022222
0.00064575
0.00103642
0.00026409
-0.00014671
0.00132010
-0.00021166
0.00025413
-0.00003557
-0.00017803
-0.00142279
0.00058357
0.00050567
-0.00062134
0.00036756
-0.00151505
0.00064964
0.00156639
0.00061895
-0.00016558
0.00068531
0.00063168
0.00143226
0.00117571
0.00108418
0.00055419
0.00086640
-0.00089670
-0.00029776
-0.00143891
0.00208231
-0.03705582
0.00040233
-0.00084110
-0.00048054
0.00016541
0.00032823
0.00010713
-0.00133798
-0.00001062
0.00033705
-0.00070335
0.00034702
-0.00078060
0.00031089
0.00021925
0.00096645
0.00030475
-0.00098329
-0.00109962
0.00076523
0.00044220
0.00106142
-0.00042576
-0.00027012
0.00107713
0.00142330
-0.00120575
-0.00058319
-0.00086273
0.00072731
0.00041827
0.00053957
0.00028680
-0.00021993
0.00064023
0.00102706
0.00029408
-0.00031410
0.00127645
-0.00031226
0.00031436
-0.00006851
-0.00026656
-0.00146517
0.00054744
0.00054887
-0.00066405
0.00017798
-0.00158050
0.00060612
0.00154177
0.00064732
-0.00030156
0.00066643
0.00074887
0.00138051
0.00128733
0.00113266
0.00054267
0.00090143
-0.00096432
-0.00033751
-0.00139724
0.00221380
-0.03570487
0.00042793
-0.00085463
-0.00057884
0.00026267
0.00033663
0.00022579
-0.00124478
-0.00001121
0.00030304
-0.00068857
0.00028369
-0.00082418
0.00017158
0.00026418
0.00105465
0.00033236
-0.00102865
-0.00116839
0.00072634
0.00041070
0.00105295
-0.00047250
-0.00023482
0.00107473
0.00142306
-0.00112256
-0.00056405
-0.00087548
0.00079048
0.00046425
0.00060921
0.00028076
-0.00024184
0.00065012
0.00103184
0.00026763
-0.00022519
0.00132043
-0.00027367
0.00028230
-0.00004373
-0.00021975
-0.00144347
0.00054740
0.00050913
-0.00064696
0.00016089
-0.00156435
0.00062867
0.00156610
0.00065682
-0.00025090
0.00067032
0.00067468
0.00143508
0.00122510
0.00112258
0.00053657
0.00091735
-0.00091957
-0.00033309
-0.00142613
0.00214021
-0.03631590
0.00043971
-0.00084885
-0.00054905
0.00022812
0.00036003
0.00017632
-0.00131047
-0.00000901
0.00031300
-0.00068562
0.00029499
-0.00080654
0.00025071
0.00023473
0.00101972
0.00033133
-0.00098792
-0.00112305
0.00074150
0.00041915
0.00106405
-0.00044565
-0.00026682
0.00109186
0.00142401
-0.00115740
-0.00057397
-0.00089319
0.00077236
0.00042753
0.00055602
0.00026920
-0.00022493
0.00064086
0.00105081
0.00029602
-0.00003529
0.00129627
-0.00020678
0.00030044
-0.00003986
-0.00008978
-0.00140156
0.00063206
0.00057556
-0.00061456
0.00089640
-0.00152034
0.00064974
0.00152973
0.00056089
-0.00004871
0.00061672
0.00073490
0.00141297
0.00110472
0.00106393
0.00052631
0.00076817
-0.00085637
-0.00016984
-0.00146916
0.00205814
-0.03834759
0.00031015
-0.00089430
-0.00040541
0.00013013
0.00027339
0.00002441
-0.00132374
-0.00001961
0.00032923
-0.00071931
0.00038533
-0.00075954
0.00026157
0.00019356
0.00095407
0.00028129
-0.00103747
-0.00111880
0.00073999
0.00051755
0.00104729
-0.00037799
-0.00027846
0.00104430
0.00144445
-0.00125504
-0.00059540
-0.00074460
0.00068691
0.00050113
0.00054460
0.00040579
-0.00027102
0.00063452
0.00102648
0.00027746
-0.00012609
0.00131063
-0.00020119
0.00024831
-0.00003302
-0.00016095
-0.00141358
0.00059052
0.00052964
-0.00062416
0.00044913
-0.00153220
0.00063088
0.00156722
0.00060994
-0.00014374
0.00067483
0.00065728
0.00143336
0.00113352
0.00108744
0.00054398
0.00085162
-0.00088294
-0.00027815
-0.00145021
0.00207491
-0.03731568
0.00040286
-0.00084383
-0.00046967
0.00017254
0.00032389
0.00011862
-0.00134027
-0.00000339
0.00034871
-0.00069615
0.00035189
-0.00076937
0.00030712
0.00020681
0.00095785
0.00030730
-0.00099616
-0.00109694
0.00073870
0.00046097
0.00104750
-0.00040063
-0.00027796
0.00106769
0.00143405
-0.00120711
-0.00058828
-0.00082714
0.00072290
0.00043390
0.00052901
0.00031410
-0.00022933
0.00063979
0.00101240
0.00026175
-0.00016122
0.00132803
-0.00019784
0.00023519
-0.00003284
-0.00018199
-0.00143582
0.00057816
0.00049840
-0.00061540
0.00031771
-0.00152494
0.00063287
0.00158496
0.00063169
-0.00016998
0.00069878
0.00061110
0.00142815
0.00113723
0.00109412
0.00053953
0.00088785
-0.00090073
-0.00031147
-0.00144118
0.00207533
-0.03696943
0.00042618
-0.00083140
-0.00048766
0.00018744
0.00034143
0.00014732
-0.00133459
0.00002002
0.00032938
-0.00067781
0.00034071
-0.00077265
0.00033113
0.00022318
0.00094622
0.00030949
-0.00097688
-0.00108423
0.00074120
0.00044541
0.00105110
-0.00040857
-0.00028269
0.00107387
0.00142822
-0.00118980
-0.00057342
-0.00086198
0.00073662
0.00040591
0.00053206
0.00026931
-0.00021085
0.00063805
0.00100396
0.00025394
-0.00020554
0.00133816
-0.00020526
0.00022279
-0.00003123
-0.00019807
-0.00146415
0.00055931
0.00048261
-0.00062773
0.00022989
-0.00154203
0.00062047
0.00159239
0.00064903
-0.00021041
0.00070783
0.00061697
0.00144109
0.00115488
0.00112682
0.00051955
0.00092569
-0.00091375
-0.00033089
-0.00144784
0.00208886
-0.03666204
0.00044182
-0.00082783
-0.00052061
0.00021398
0.00036720
0.00017465
-0.00133276
0.00003554
0.00033104
-0.00066647
0.00031638
-0.00078304
0.00033449
0.00018996
0.00093694
0.00032007
-0.00098287
-0.00108856
0.00072094
0.00044005
0.00103531
-0.00040752
-0.00030519
0.00107587
0.00142860
-0.00117199
-0.00056502
-0.00086110
0.00075380
0.00037387
0.00053253
0.00025022
-0.00019708
0.00063880
0.00102693
0.00027983
-0.00012019
0.00131687
-0.00020216
0.00026173
-0.00005101
-0.00014213
-0.00146095
0.00059922
0.00053364
-0.00062221
0.00066740
-0.00152810
0.00062975
0.00155550
0.00058684
-0.00012180
0.00065246
0.00070324
0.00142576
0.00112567
0.00111161
0.00051530
0.00084351
-0.00090009
-0.00021997
-0.00147770
0.00206868
-0.03773247
0.00036253
-0.00086958
-0.00045937
0.00016898
0.00032017
0.00009800
-0.00132193
0.00000072
0.00033620
-0.00067252
0.00034807
-0.00078298
0.00029032
0.00016671
0.00094671
0.00028971
-0.00102017
-0.00110826
0.00071106
0.00049921
0.00103139
-0.00038293
-0.00031105
0.00103696
0.00143439
-0.00120571
-0.00057809
-0.00076133
0.00071735
0.00043804
0.00054328
0.00035506
-0.00024130
0.00063811
0.00101754
0.00024376
-0.00014719
0.00133050
-0.00019467
0.00024148
-0.00004579
-0.00016995
-0.00145722
0.00060051
0.00050367
-0.00061718
0.00039331
-0.00152736
0.00064177
0.00158000
0.00062013
-0.00015290
0.00070513
0.00062660
0.00144847
0.00113241
0.00110676
0.00053672
0.00088817
-0.00089884
-0.00028584
-0.00145263
0.00206464
-0.03715426
0.00040304
-0.00084097
-0.00048550
0.00017783
0.00033972
0.00009664
-0.00133322
-0.00000290
0.00035585
-0.00067862
0.00031953
-0.00078392
0.00032848
0.00019597
0.00094134
0.00028898
-0.00098595
-0.00108181
0.00074176
0.00044705
0.00105584
-0.00040020
-0.00030724
0.00105720
0.00143259
-0.00119856
-0.00057693
-0.00083142
0.00072095
0.00039867
0.00053698
0.00029216
-0.00021623
0.00063441
0.00102988
0.00026641
-0.00013592
0.00134281
-0.00018688
0.00023252
-0.00003740
-0.00016873
-0.00146043
0.00061285
0.00049192
-0.00061417
0.00038689
-0.00153125
0.00062877
0.00157716
0.00061182
-0.00015674
0.00070104
0.00063226
0.00145501
0.00114650
0.00110002
0.00052975
0.00087770
-0.00089360
-0.00029031
-0.00146373
0.00207780
-0.03715666
0.00039749
-0.00084042
-0.00048029
0.00016894
0.00034920
0.00010944
-0.00132725
-0.00000928
0.00035840
-0.00068058
0.00033985
-0.00078326
0.00032737
0.00019472
0.00093754
0.00030366
-0.00098563
-0.00106864
0.00075512
0.00044847
0.00106514
-0.00039776
-0.00031620
0.00105905
0.00143441
-0.00121088
-0.00058314
-0.00082985
0.00072152
0.00039423
0.00053784
0.00028031
-0.00022220
0.00062458
0.00104504
0.00027966
-0.00016560
0.00135519
-0.00017657
0.00021856
-0.00003983
-0.00020103
-0.00150580
0.00060728
0.00045798
-0.00061530
0.00029442
-0.00154267
0.00061123
0.00157406
0.00061114
-0.00020126
0.00070304
0.00064134
0.00145786
0.00116969
0.00112157
0.00051494
0.00090362
-0.00090177
-0.00031767
-0.00147799
0.00209654
-0.03681749
0.00042346
-0.00082359
-0.00050920
0.00017530
0.00039760
0.00018649
-0.00132262
-0.00001948
0.00035950
-0.00067757
0.00032907
-0.00078864
0.00033285
0.00017211
0.00094028
0.00033169
-0.00097952
-0.00105478
0.00073749
0.00043765
0.00107066
-0.00038797
-0.00034498
0.00106907
0.00142750
-0.00119295
-0.00058647
-0.00084256
0.00074834
0.00036879
0.00054328
0.00023791
-0.00020572
0.00061008
0.00105491
0.00027329
-0.00013694
0.00134620
-0.00018798
0.00022794
-0.00003026
-0.00018229
-0.00144839
0.00061317
0.00047114
-0.00061787
0.00032325
-0.00152398
0.00064825
0.00158064
0.00061498
-0.00017576
0.00069679
0.00061776
0.00145955
0.00115037
0.00110997
0.00052223
0.00088402
-0.00087956
-0.00030177
-0.00145973
0.00208158
-0.03702272
0.00042487
-0.00083665
-0.00049017
0.00016976
0.00037093
0.00016745
-0.00134970
-0.00001272
0.00034717
-0.00068740
0.00034498
-0.00076470
0.00034703
0.00018119
0.00094654
0.00030222
-0.00097846
-0.00107245
0.00075886
0.00043520
0.00107260
-0.00038994
-0.00030639
0.00107005
0.00143672
-0.00122663
-0.00059501
-0.00085869
0.00073149
0.00038312
0.00053982
0.00026357
-0.00020238
0.00062412
0.00136191
0.00040731
-0.00012555
0.00154086
-0.00019637
0.00020131
-0.00005729
-0.00024135
-0.00149602
0.00072787
0.00051621
-0.00062957
0.00099179
-0.00162686
0.00064137
0.00140396
0.00048494
-0.00020830
0.00056191
0.00074247
0.00157937
0.00112705
0.00119934
0.00033394
0.00076261
-0.00091027
-0.00023583
-0.00145568
0.00216949
-0.03770352
0.00028708
-0.00094605
-0.00049344
0.00028239
0.00045850
0.00024316
-0.00121580
-0.00008213
0.00034573
-0.00078128
0.00029426
-0.00068259
0.00026119
-0.00004733
0.00103423
0.00025542
-0.00105491
-0.00118634
0.00069322
0.00052230
0.00113050
-0.00032743
-0.00034184
0.00096898
0.00139095
-0.00131374
-0.00054023
-0.00064096
0.00077292
0.00045651
0.00059082
0.00035518
-0.00015665
0.00054446
0.00108644
0.00030216
-0.00004797
0.00132866
-0.00017919
0.00027163
-0.00004219
-0.00011483
-0.00143407
0.00064964
0.00053117
-0.00059947
0.00079463
-0.00152371
0.00063962
0.00154194
0.00055708
-0.00007555
0.00064280
0.00071326
0.00144870
0.00110109
0.00109088
0.00050988
0.00078790
-0.00085338
-0.00019318
-0.00147818
0.00206283
-0.03815434
0.00033915
-0.00088145
-0.00041788
0.00013676
0.00029861
0.00007945
-0.00133490
-0.00002550
0.00034530
-0.00069760
0.00037284
-0.00075571
0.00030431
0.00014803
0.00094808
0.00026948
-0.00101488
-0.00108982
0.00074558
0.00049507
0.00106283
-0.00035999
-0.00030750
0.00102932
0.00143394
-0.00125929
-0.00061153
-0.00075314
0.00069691
0.00045634
0.00054958
0.00036605
-0.00024933
0.00062589
0.00106126
0.00029033
-0.00012508
0.00133780
-0.00016470
0.00022351
-0.00004871
-0.00017253
-0.00144567
0.00062356
0.00047476
-0.00061437
0.00039707
-0.00152944
0.00063483
0.00155658
0.00059221
-0.00015413
0.00068960
0.00062439
0.00145562
0.00113687
0.00112132
0.00053042
0.00086894
-0.00087390
-0.00029600
-0.00146432
0.00207516
-0.03718376
0.00042393
-0.00083112
-0.00046757
0.00017011
0.00034447
0.00014619
-0.00134358
-0.00002381
0.00036454
-0.00070062
0.00033820
-0.00076898
0.00032808
0.00017678
0.00094147
0.00029083
-0.00098872
-0.00105979
0.00076545
0.00044348
0.00107096
-0.00038760
-0.00029537
0.00105335
0.00140856
-0.00121208
-0.00060323
-0.00086299
0.00074011
0.00040417
0.00053136
0.00027448
-0.00022879
0.00062349
0.00105780
0.00028164
-0.00015548
0.00132213
-0.00016970
0.00022461
-0.00004662
-0.00018974
-0.00144980
0.00062811
0.00046804
-0.00060847
0.00027731
-0.00153533
0.00064682
0.00157474
0.00060421
-0.00018053
0.00069745
0.00060420
0.00145781
0.00114343
0.00111555
0.00053990
0.00089661
-0.00089011
-0.00031950
-0.00145966
0.00207878
-0.03685791
0.00044070
-0.00082950
-0.00046675
0.00017686
0.00036146
0.00013937
-0.00135545
-0.00002153
0.00037882
-0.00070040
0.00033534
-0.00077243
0.00032556
0.00019836
0.00092280
0.00027474
-0.00098880
-0.00106628
0.00078218
0.00043238
0.00109429
-0.00040647
-0.00030017
0.00105646
0.00140847
-0.00119828
-0.00059559
-0.00088147
0.00073927
0.00039671
0.00050657
0.00024740
-0.00021994
0.00062346
0.00105759
0.00028969
-0.00018353
0.00132315
-0.00017157
0.00022247
-0.00004194
-0.00020396
-0.00147499
0.00060550
0.00044963
-0.00061574
0.00019923
-0.00152944
0.00063881
0.00158367
0.00061195
-0.00019449
0.00070345
0.00058883
0.00146237
0.00116278
0.00111935
0.00054144
0.00091208
-0.00090280
-0.00033813
-0.00147494
0.00208266
-0.03672520
0.00045730
-0.00082550
-0.00047767
0.00017997
0.00038357
0.00020751
-0.00136534
-0.00001116
0.00037825
-0.00069429
0.00033419
-0.00076547
0.00033897
0.00018423
0.00093103
0.00026902
-0.00097123
-0.00106980
0.00079446
0.00042207
0.00110915
-0.00040822
-0.00029653
0.00106855
0.00140154
-0.00121514
-0.00058634
-0.00089128
0.00073518
0.00039756
0.00050425
0.00022822
-0.00021866
0.00062445
0.00105648
0.00029053
-0.00017321
0.00132160
-0.00017188
0.00023573
-0.00004522
-0.00019604
-0.00149632
0.00061955
0.00045746
-0.00061497
0.00025977
-0.00151220
0.00064726
0.00158681
0.00059536
-0.00017702
0.00069764
0.00060739
0.00145917
0.00115934
0.00111990
0.00054305
0.00089740
-0.00090360
-0.00031781
-0.00148812
0.00206784
-0.03693037
0.00044272
-0.00083213
-0.00045476
0.00017094
0.00037693
0.00021734
-0.00137432
-0.00001498
0.00037001
-0.00069345
0.00034050
-0.00075396
0.00033233
0.00017217
0.00094452
0.00026806
-0.00097023
-0.00107809
0.00079151
0.00042673
0.00110493
-0.00039242
-0.00030342
0.00105535
0.00138896
-0.00123261
-0.00059706
-0.00087936
0.00073370
0.00041822
0.00049960
0.00024516
-0.00023328
0.00061587
0.00106409
0.00027755
-0.00012440
0.00131424
-0.00017909
0.00027196
-0.00003724
-0.00015750
-0.00146673
0.00063356
0.00049691
-0.00060384
0.00050587
-0.00151117
0.00062698
0.00157949
0.00059320
-0.00012555
0.00065842
0.00065473
0.00144625
0.00113843
0.00109579
0.00053094
0.00084320
-0.00090002
-0.00025905
-0.00149795
0.00205606
-0.03749215
0.00039113
-0.00085961
-0.00042889
0.00015882
0.00035092
0.00013200
-0.00134993
-0.00001242
0.00035493
-0.00068910
0.00035790
-0.00075180
0.00030157
0.00017057
0.00095631
0.00025895
-0.00099478
-0.00108760
0.00078523
0.00046947
0.00110289
-0.00038477
-0.00029815
0.00104731
0.00139924
-0.00124911
-0.00059014
-0.00082325
0.00070720
0.00044625
0.00050983
0.00029797
-0.00024745
0.00061798
0.00115356
0.00032312
-0.00027480
0.00130424
-0.00019720
0.00032741
-0.00001974
-0.00022493
-0.00161488
0.00064640
0.00042543
-0.00063345
0.00029891
-0.00152521
0.00052953
0.00161989
0.00062524
-0.00022219
0.00063412
0.00068944
0.00145683
0.00120183
0.00116822
0.00042633
0.00088478
-0.00099944
-0.00030555
-0.00159535
0.00211418
-0.03651441
0.00042421
-0.00090063
-0.00042614
0.00024205
0.00048134
0.00035190
-0.00129691
-0.00000954
0.00033532
-0.00066875
0.00033059
-0.00071643
0.00023388
0.00005001
0.00100184
0.00016960
-0.00099573
-0.00111240
0.00082252
0.00046608
0.00123264
-0.00034882
-0.00035405
0.00101671
0.00131512
-0.00131106
-0.00055782
-0.00083099
0.00072529
0.00047755
0.00045246
0.00021335
-0.00026428
0.00057318
0.00105887
0.00027662
-0.00011332
0.00132337
-0.00018145
0.00027219
-0.00003255
-0.00014265
-0.00145639
0.00063465
0.00049968
-0.00059816
0.00052296
-0.00150042
0.00063526
0.00158450
0.00058705
-0.00011911
0.00066025
0.00065275
0.00144928
0.00114887
0.00108143
0.00053553
0.00083483
-0.00090368
-0.00025467
-0.00150216
0.00205158
-0.03754456
0.00038429
-0.00084700
-0.00042195
0.00016262
0.00034178
0.00009556
-0.00135405
-0.00001039
0.00035838
-0.00069259
0.00036695
-0.00074320
0.00031135
0.00018510
0.00093915
0.00026467
-0.00099875
-0.00108751
0.00079321
0.00045669
0.00108996
-0.00038058
-0.00028473
0.00106502
0.00140479
-0.00124996
-0.00059077
-0.00082578
0.00069431
0.00045028
0.00051821
0.00029895
-0.00024713
0.00062560
0.00115445
0.00034073
-0.00023231
0.00133717
-0.00020214
0.00032362
-0.00000140
-0.00016742
-0.00159733
0.00064971
0.00042643
-0.00062073
0.00042670
-0.00150365
0.00054359
0.00163469
0.00059684
-0.00020481
0.00064213
0.00070888
0.00144355
0.00124311
0.00113205
0.00041257
0.00084981
-0.00100613
-0.00028439
-0.00161290
0.00210989
-0.03667963
0.00039573
-0.00086692
-0.00039822
0.00024411
0.00045218
0.00025937
-0.00129645
0.00001374
0.00033851
-0.00068035
0.00036658
-0.00069759
0.00026531
0.00008697
0.00093704
0.00019789
-0.00102047
-0.00111867
0.00082962
0.00042894
0.00118161
-0.00031526
-0.00032060
0.00106658
0.00134286
-0.00129691
-0.00056426
-0.00082247
0.00069092
0.00048210
0.00048794
0.00021986
-0.00026052
0.00060020
0.00110533
0.00029738
-0.00018091
0.00135021
-0.00019901
0.00028299
-0.00001587
-0.00016679
-0.00153794
0.00062448
0.00043955
-0.00061109
0.00032472
-0.00151986
0.00058563
0.00162617
0.00061955
-0.00019162
0.00064907
0.00066180
0.00146691
0.00119862
0.00112977
0.00046849
0.00088025
-0.00094699
-0.00028841
-0.00156523
0.00207776
-0.03689522
0.00042652
-0.00085348
-0.00043849
0.00021925
0.00042741
0.00021055
-0.00134817
0.00000737
0.00034200
-0.00067169
0.00034297
-0.00073682
0.00030054
0.00013880
0.00095132
0.00024858
-0.00099109
-0.00108735
0.00080630
0.00043368
0.00113973
-0.00034820
-0.00031749
0.00107554
0.00137369
-0.00125472
-0.00058052
-0.00086475
0.00071568
0.00044423
0.00048789
0.00023510
-0.00024782
0.00060495
0.00105582
0.00028139
-0.00008213
0.00132566
-0.00018802
0.00027702
-0.00003939
-0.00010755
-0.00144549
0.00064043
0.00050655
-0.00060850
0.00057919
-0.00150306
0.00062860
0.00158143
0.00059820
-0.00009832
0.00065548
0.00067043
0.00143846
0.00115010
0.00107302
0.00052764
0.00081827
-0.00088541
-0.00021609
-0.00150864
0.00204860
-0.03773126
0.00037229
-0.00085940
-0.00042048
0.00015827
0.00033204
0.00007537
-0.00136672
-0.00000264
0.00034198
-0.00068849
0.00037752
-0.00074768
0.00028711
0.00018500
0.00093831
0.00026194
-0.00100182
-0.00107561
0.00079935
0.00047039
0.00108226
-0.00037294
-0.00029939
0.00106672
0.00140498
-0.00126747
-0.00059840
-0.00081563
0.00070270
0.00045473
0.00053050
0.00029846
-0.00026326
0.00061539
0.00105472
0.00026717
-0.00009347
0.00133533
-0.00018278
0.00027539
-0.00004032
-0.00012055
-0.00145070
0.00063141
0.00050176
-0.00060932
0.00054966
-0.00151092
0.00062795
0.00158082
0.00061594
-0.00009961
0.00065711
0.00064641
0.00144386
0.00115144
0.00105521
0.00053380
0.00082555
-0.00089184
-0.00024083
-0.00149707
0.00206246
-0.03757782
0.00038699
-0.00085184
-0.00042720
0.00015337
0.00032223
0.00009015
-0.00137033
-0.00000696
0.00034217
-0.00069240
0.00038011
-0.00074487
0.00030413
0.00018916
0.00093739
0.00026768
-0.00099409
-0.00107506
0.00079917
0.00045950
0.00107814
-0.00038913
-0.00028309
0.00106288
0.00139863
-0.00126455
-0.00058476
-0.00081980
0.00070186
0.00044570
0.00052901
0.00028412
-0.00024963
0.00061728
0.00107071
0.00026344
-0.00007810
0.00133278
-0.00017652
0.00027087
-0.00004204
-0.00009651
-0.00145031
0.00063714
0.00050477
-0.00061240
0.00066744
-0.00150254
0.00062548
0.00157197
0.00060401
-0.00008367
0.00063607
0.00066615
0.00143543
0.00115436
0.00104487
0.00053078
0.00080073
-0.00087930
-0.00021706
-0.00150376
0.00205602
-0.03788118
0.00036893
-0.00085625
-0.00041028
0.00013643
0.00031563
0.00006469
-0.00137517
-0.00002128
0.00035461
-0.00070345
0.00039578
-0.00074597
0.00029210
0.00016949
0.00093583
0.00027488
-0.00098486
-0.00106970
0.00081111
0.00048014
0.00107249
-0.00038006
-0.00028732
0.00106674
0.00139500
-0.00128335
-0.00059429
-0.00080483
0.00070865
0.00045657
0.00053072
0.00029034
-0.00026418
0.00061909
0.00105646
0.00025696
-0.00011745
0.00133111
-0.00017191
0.00024551
-0.00003536
-0.00012701
-0.00144036
0.00061641
0.00047702
-0.00061800
0.00044994
-0.00150190
0.00062258
0.00159904
0.00062544
-0.00012165
0.00066148
0.00063113
0.00144115
0.00116550
0.00106091
0.00054113
0.00085223
-0.00088992
-0.00025860
-0.00149432
0.00207217
-0.03735087
0.00040093
-0.00083581
-0.00043575
0.00017350
0.00034233
0.00007006
-0.00136893
-0.00002136
0.00035705
-0.00069341
0.00039205
-0.00075033
0.00031490
0.00017952
0.00094096
0.00029795
-0.00097000
-0.00105651
0.00080252
0.00045933
0.00107285
-0.00039356
-0.00029111
0.00107443
0.00139006
-0.00126069
-0.00058412
-0.00084972
0.00071925
0.00043188
0.00052095
0.00024195
-0.00025070
0.00061640
0.00107314
0.00025644
-0.00015408
0.00133899
-0.00015549
0.00021594
-0.00003950
-0.00014080
-0.00148864
0.00061151
0.00044226
-0.00062525
0.00033524
-0.00149416
0.00060584
0.00160781
0.00063089
-0.00016410
0.00065843
0.00061799
0.00144816
0.00121611
0.00107234
0.00054372
0.00088328
-0.00090810
-0.00027330
-0.00152963
0.00207886
-0.03705047
0.00042588
-0.00082314
-0.00044102
0.00019464
0.00037843
0.00011234
-0.00139380
-0.00001544
0.00035434
-0.00066681
0.00038888
-0.00074657
0.00032052
0.00017677
0.00093344
0.00031102
-0.00095134
-0.00104481
0.00081892
0.00045898
0.00108111
-0.00038793
-0.00027943
0.00107078
0.00135803
-0.00126381
-0.00059279
-0.00088666
0.00074011
0.00039939
0.00051630
0.00020153
-0.00023909
0.00061314
0.00108521
0.00027939
-0.00007835
0.00131999
-0.00015697
0.00025571
-0.00005306
-0.00008920
-0.00148506
0.00064372
0.00048911
-0.00062391
0.00072359
-0.00148273
0.00061598
0.00157579
0.00058245
-0.00008650
0.00061225
0.00069762
0.00143917
0.00118349
0.00106209
0.00053130
0.00081219
-0.00089508
-0.00017758
-0.00154992
0.00206250
-0.03798387
0.00035014
-0.00086172
-0.00039026
0.00015902
0.00033372
0.00004099
-0.00137881
-0.00004479
0.00035680
-0.00067572
0.00041059
-0.00074514
0.00027987
0.00014981
0.00093953
0.00028173
-0.00098578
-0.00106580
0.00079994
0.00050849
0.00107574
-0.00036472
-0.00028974
0.00103493
0.00136858
-0.00129799
-0.00059953
-0.00078971
0.00070406
0.00045496
0.00052247
0.00029946
-0.00027773
0.00061497
0.00106774
0.00027829
-0.00003793
0.00129392
-0.00016512
0.00026616
-0.00005352
-0.00006456
-0.00144175
0.00065887
0.00051886
-0.00061365
0.00085466
-0.00149014
0.00062937
0.00156111
0.00056831
-0.00004777
0.00060961
0.00070945
0.00143132
0.00116051
0.00104412
0.00053985
0.00077387
-0.00087520
-0.00014260
-0.00153356
0.00204748
-0.03834824
0.00032185
-0.00086840
-0.00037937
0.00013253
0.00030478
0.00001845
-0.00136490
-0.00005236
0.00036004
-0.00068836
0.00040735
-0.00073381
0.00026664
0.00016245
0.00093412
0.00027440
-0.00099878
-0.00107499
0.00079493
0.00050971
0.00106530
-0.00037010
-0.00028990
0.00103593
0.00137830
-0.00130590
-0.00059896
-0.00075798
0.00068873
0.00047715
0.00052326
0.00034028
-0.00028355
0.00062549
0.00105835
0.00026125
-0.00008644
0.00130519
-0.00016102
0.00023428
-0.00005721
-0.00009989
-0.00145665
0.00063978
0.00047493
-0.00062007
0.00061155
-0.00148846
0.00063401
0.00157934
0.00058072
-0.00008276
0.00063066
0.00065623
0.00143778
0.00119089
0.00104373
0.00056139
0.00081881
-0.00089414
-0.00018713
-0.00153336
0.00204874
-0.03781534
0.00036605
-0.00083879
-0.00040824
0.00014991
0.00033861
0.00006182
-0.00137471
-0.00005612
0.00036890
-0.00067348
0.00040152
-0.00073177
0.00027225
0.00018385
0.00092655
0.00028760
-0.00096564
-0.00105650
0.00080867
0.00048184
0.00107508
-0.00039216
-0.00028522
0.00106133
0.00136564
-0.00129083
-0.00059481
-0.00080578
0.00070412
0.00044629
0.00051337
0.00029389
-0.00026451
0.00062503
0.00103057
0.00025301
-0.00010911
0.00131614
-0.00016355
0.00022289
-0.00005430
-0.00012182
-0.00144260
0.00062206
0.00045608
-0.00061692
0.00048479
-0.00149736
0.00064426
0.00157832
0.00060385
-0.00009880
0.00065968
0.00061454
0.00144494
0.00118476
0.00104812
0.00057424
0.00084041
-0.00087862
-0.00022863
-0.00150170
0.00205369
-0.03751204
0.00039803
-0.00083159
-0.00043404
0.00015106
0.00033839
0.00009000
-0.00137391
-0.00004062
0.00036935
-0.00067937
0.00038565
-0.00072855
0.00030400
0.00020415
0.00091953
0.00029203
-0.00094781
-0.00104926
0.00081441
0.00045784
0.00106835
-0.00041777
-0.00029088
0.00106580
0.00138188
-0.00126106
-0.00059796
-0.00084013
0.00071753
0.00043028
0.00051914
0.00028758
-0.00024888
0.00062656
0.00102627
0.00023226
-0.00014545
0.00131706
-0.00016807
0.00020734
-0.00005667
-0.00016554
-0.00144213
0.00060699
0.00044173
-0.00061467
0.00032332
-0.00149403
0.00063931
0.00159020
0.00062135
-0.00014019
0.00065948
0.00057815
0.00145545
0.00121369
0.00104598
0.00059047
0.00088405
-0.00089081
-0.00029020
-0.00149822
0.00206700
-0.03703121
0.00043751
-0.00081977
-0.00046195
0.00017658
0.00035811
0.00011533
-0.00137211
-0.00002812
0.00037658
-0.00066418
0.00037434
-0.00073082
0.00032412
0.00019788
0.00090942
0.00030040
-0.00093967
-0.00103308
0.00082953
0.00045546
0.00108230
-0.00043732
-0.00028659
0.00109603
0.00137808
-0.00124297
-0.00060265
-0.00087181
0.00073055
0.00040265
0.00051863
0.00024553
-0.00024292
0.00063728
0.00101714
0.00021168
-0.00016662
0.00132567
-0.00016343
0.00020690
-0.00005504
-0.00016902
-0.00145981
0.00059848
0.00043691
-0.00062017
0.00022560
-0.00148789
0.00063862
0.00159516
0.00060902
-0.00016635
0.00065784
0.00055810
0.00144476
0.00125432
0.00103110
0.00059301
0.00091073
-0.00090832
-0.00030251
-0.00152984
0.00206150
-0.03690602
0.00046371
-0.00083163
-0.00047371
0.00017022
0.00038698
0.00012783
-0.00139148
-0.00003522
0.00036924
-0.00065094
0.00035915
-0.00072892
0.00031963
0.00017347
0.00089916
0.00030939
-0.00092502
-0.00101176
0.00084560
0.00047383
0.00108094
-0.00043081
-0.00031229
0.00110395
0.00137807
-0.00124332
-0.00062697
-0.00088647
0.00074146
0.00039160
0.00053153
0.00021042
-0.00022719
0.00063429
0.00102842
0.00024294
-0.00008437
0.00131470
-0.00017179
0.00024299
-0.00005663
-0.00011437
-0.00142386
0.00061925
0.00049163
-0.00061034
0.00048475
-0.00149968
0.00063638
0.00156940
0.00059384
-0.00010472
0.00063814
0.00062235
0.00142986
0.00119517
0.00103323
0.00056891
0.00083633
-0.00088375
-0.00023224
-0.00150739
0.00205294
-0.03762209
0.00039907
-0.00084962
-0.00043615
0.00012898
0.00033149
0.00006284
-0.00136250
-0.00003823
0.00036046
-0.00067117
0.00036471
-0.00074337
0.00031102
0.00018664
0.00091745
0.00028874
-0.00096254
-0.00104112
0.00082153
0.00050200
0.00106632
-0.00041227
-0.00029960
0.00107160
0.00139821
-0.00125610
-0.00062179
-0.00081821
0.00071999
0.00043828
0.00053265
0.00029755
-0.00026211
0.00064529
0.00103318
0.00024724
-0.00009997
0.00131906
-0.00017705
0.00024935
-0.00006192
-0.00013397
-0.00142442
0.00062046
0.00048982
-0.00061544
0.00046906
-0.00149956
0.00063281
0.00157652
0.00058562
-0.00011066
0.00065574
0.00062033
0.00143441
0.00120375
0.00104346
0.00056919
0.00084244
-0.00088650
-0.00024928
-0.00150018
0.00205596
-0.03748217
0.00040882
-0.00084310
-0.00044066
0.00013851
0.00034043
0.00006331
-0.00136390
-0.00003312
0.00036207
-0.00066179
0.00036986
-0.00074618
0.00032227
0.00019577
0.00091604
0.00029482
-0.00094929
-0.00103559
0.00082171
0.00049353
0.00106892
-0.00041148
-0.00030539
0.00106981
0.00139701
-0.00124038
-0.00062174
-0.00083554
0.00071371
0.00042961
0.00052875
0.00028439
-0.00025610
0.00064668
0.00102876
0.00022916
-0.00012857
0.00133158
-0.00017199
0.00022703
-0.00005343
-0.00016253
-0.00144010
0.00059748
0.00046616
-0.00060838
0.00028775
-0.00150441
0.00063419
0.00159187
0.00060976
-0.00015852
0.00068135
0.00058604
0.00145186
0.00122325
0.00103669
0.00056867
0.00088196
-0.00089282
-0.00030158
-0.00149149
0.00205094
-0.03707453
0.00044138
-0.00082802
-0.00045921
0.00015447
0.00036028
0.00008817
-0.00136643
-0.00002710
0.00036131
-0.00065779
0.00035695
-0.00075601
0.00034491
0.00018891
0.00092234
0.00031128
-0.00092559
-0.00102412
0.00083138
0.00047544
0.00108058
-0.00042232
-0.00031938
0.00107603
0.00139960
-0.00124571
-0.00062472
-0.00087818
0.00073147
0.00040954
0.00052462
0.00024657
-0.00023966
0.00064390
0.00102753
0.00024905
-0.00011775
0.00132513
-0.00016559
0.00022936
-0.00003617
-0.00015794
-0.00144034
0.00060414
0.00047364
-0.00060318
0.00031397
-0.00150488
0.00064141
0.00159181
0.00059863
-0.00014891
0.00066001
0.00061531
0.00145135
0.00120284
0.00104572
0.00055194
0.00087868
-0.00088733
-0.00029793
-0.00148965
0.00205990
-0.03721743
0.00042552
-0.00082813
-0.00044167
0.00016103
0.00035088
0.00010925
-0.00136903
-0.00002827
0.00035352
-0.00065617
0.00036640
-0.00075816
0.00033269
0.00019392
0.00092437
0.00030397
-0.00094544
-0.00103288
0.00080431
0.00047516
0.00107925
-0.00041976
-0.00031494
0.00107786
0.00141532
-0.00125513
-0.00060931
-0.00086839
0.00072627
0.00041560
0.00052120
0.00026428
-0.00024563
0.00064865
0.00104327
0.00026150
-0.00009052
0.00131722
-0.00016234
0.00024379
-0.00005048
-0.00014214
-0.00146133
0.00061961
0.00048392
-0.00060639
0.00046968
-0.00149178
0.00063881
0.00157981
0.00056251
-0.00012724
0.00062411
0.00065970
0.00144553
0.00122759
0.00103781
0.00054524
0.00085598
-0.00089790
-0.00025335
-0.00152750
0.00205616
-0.03758748
0.00039878
-0.00084611
-0.00041094
0.00014934
0.00034890
0.00009162
-0.00137018
-0.00005615
0.00035468
-0.00064186
0.00038013
-0.00075906
0.00030954
0.00016917
0.00092952
0.00028944
-0.00095111
-0.00103114
0.00080631
0.00051521
0.00108679
-0.00040802
-0.00033409
0.00105736
0.00140870
-0.00128079
-0.00061999
-0.00082680
0.00071756
0.00044100
0.00052258
0.00029979
-0.00027427
0.00065297
0.00100040
0.00025180
-0.00011732
0.00132874
-0.00016307
0.00021259
-0.00003865
-0.00017018
-0.00145032
0.00057961
0.00047206
-0.00060648
0.00026672
-0.00149350
0.00063575
0.00159233
0.00060176
-0.00017441
0.00067226
0.00060003
0.00145254
0.00122412
0.00105422
0.00056021
0.00088110
-0.00091621
-0.00029498
-0.00148158
0.00206211
-0.03704541
0.00043660
-0.00082796
-0.00043835
0.00016974
0.00035889
0.00011282
-0.00137045
-0.00004367
0.00035936
-0.00066253
0.00035476
-0.00077376
0.00033839
0.00018535
0.00093179
0.00030768
-0.00093627
-0.00102448
0.00079723
0.00046901
0.00107944
-0.00041753
-0.00033411
0.00108494
0.00141795
-0.00123512
-0.00061915
-0.00088436
0.00071918
0.00040690
0.00051650
0.00024526
-0.00024007
0.00064523
0.00101984
0.00025430
-0.00013258
0.00132995
-0.00016041
0.00021433
-0.00003801
-0.00017919
-0.00145879
0.00058627
0.00046457
-0.00061206
0.00026391
-0.00150232
0.00063785
0.00159621
0.00060194
-0.00017867
0.00068533
0.00060761
0.00143820
0.00123124
0.00105942
0.00055345
0.00088744
-0.00090891
-0.00030500
-0.00147974
0.00205692
-0.03692521
0.00044235
-0.00083354
-0.00044693
0.00016354
0.00035567
0.00011619
-0.00136961
-0.00002196
0.00035407
-0.00066942
0.00035254
-0.00077920
0.00033707
0.00019911
0.00093209
0.00031707
-0.00093211
-0.00103465
0.00078978
0.00047105
0.00107162
-0.00041043
-0.00033995
0.00107359
0.00141413
-0.00121442
-0.00061919
-0.00088289
0.00073515
0.00039694
0.00052805
0.00025133
-0.00023905
0.00064885
0.00101252
0.00026346
-0.00007729
0.00132641
-0.00016143
0.00024050
-0.00005222
-0.00014109
-0.00145506
0.00060621
0.00048804
-0.00060317
0.00048869
-0.00150913
0.00063727
0.00157572
0.00057507
-0.00012542
0.00066754
0.00065196
0.00142355
0.00120093
0.00104828
0.00055170
0.00083786
-0.00088486
-0.00025114
-0.00148550
0.00205054
-0.03750839
0.00039316
-0.00085541
-0.00041903
0.00014184
0.00032068
0.00008477
-0.00136421
-0.00003299
0.00035661
-0.00067655
0.00035633
-0.00077629
0.00031542
0.00018299
0.00093654
0.00030671
-0.00095721
-0.00105030
0.00077108
0.00048070
0.00106081
-0.00038836
-0.00032610
0.00106321
0.00141366
-0.00123020
-0.00062164
-0.00083543
0.00071688
0.00043352
0.00054069
0.00031082
-0.00025892
0.00064286
0.00101184
0.00026053
-0.00013949
0.00135725
-0.00015729
0.00019054
-0.00006866
-0.00020245
-0.00151950
0.00056413
0.00044356
-0.00060432
0.00020919
-0.00151998
0.00061061
0.00160098
0.00056834
-0.00020006
0.00068504
0.00062107
0.00139574
0.00130398
0.00105375
0.00055603
0.00090717
-0.00093159
-0.00030301
-0.00151664
0.00206705
-0.03672056
0.00046450
-0.00083766
-0.00042738
0.00017306
0.00037333
0.00018340
-0.00138758
-0.00004294
0.00034569
-0.00063905
0.00034179
-0.00080614
0.00033172
0.00017866
0.00094956
0.00033729
-0.00091856
-0.00102373
0.00077454
0.00046498
0.00106250
-0.00038401
-0.00035471
0.00107480
0.00138368
-0.00119404
-0.00063031
-0.00090837
0.00076684
0.00039054
0.00054794
0.00024193
-0.00025555
0.00063502
0.00099932
0.00025639
-0.00013254
0.00133364
-0.00016854
0.00020724
-0.00005724
-0.00018042
-0.00147300
0.00057757
0.00046426
-0.00059571
0.00025371
-0.00152005
0.00063047
0.00161136
0.00059094
-0.00017706
0.00067574
0.00061418
0.00142384
0.00122747
0.00106634
0.00055913
0.00089460
-0.00090353
-0.00030685
-0.00148525
0.00205318
-0.03693007
0.00044134
-0.00082244
-0.00045211
0.00017264
0.00035138
0.00014127
-0.00137697
-0.00002757
0.00035165
-0.00066426
0.00034797
-0.00078040
0.00033055
0.00019892
0.00094957
0.00032705
-0.00093606
-0.00104897
0.00077482
0.00043448
0.00105883
-0.00039868
-0.00032444
0.00107444
0.00140905
-0.00120294
-0.00060946
-0.00089878
0.00074011
0.00040285
0.00053320
0.00025505
-0.00024056
0.00064086
0.00098336
0.00028665
-0.00014545
0.00145591
-0.00010946
0.00010500
-0.00022544
-0.00026136
-0.00169258
0.00052163
0.00056178
-0.00048278
0.00045239
-0.00157283
0.00050604
0.00167303
0.00037494
-0.00027187
0.00046666
0.00074286
0.00135303
0.00153309
0.00105461
0.00052352
0.00087200
-0.00113739
-0.00030875
-0.00162863
0.00198125
-0.03684760
0.00037023
-0.00081172
-0.00036178
0.00037425
0.00036223
0.00010941
-0.00141427
-0.00005799
0.00034626
-0.00062122
0.00025117
-0.00081400
0.00020261
0.00007254
0.00110853
0.00036926
-0.00090001
-0.00112404
0.00072266
0.00047219
0.00101973
-0.00031233
-0.00039184
0.00096670
0.00126179
-0.00111778
-0.00056127
-0.00087904
0.00078523
0.00052581
0.00057685
0.00025252
-0.00035621
0.00065635
0.00100644
0.00027395
-0.00010331
0.00134337
-0.00015097
0.00021050
-0.00007445
-0.00016789
-0.00149201
0.00059283
0.00049151
-0.00057444
0.00038859
-0.00151978
0.00062871
0.00160370
0.00054841
-0.00015595
0.00064778
0.00066009
0.00141687
0.00123198
0.00106655
0.00055895
0.00086599
-0.00092292
-0.00027149
-0.00149827
0.00204230
-0.03732818
0.00042440
-0.00083998
-0.00042085
0.00017307
0.00034061
0.00012632
-0.00137627
-0.00002806
0.00034358
-0.00064697
0.00035799
-0.00078143
0.00031192
0.00019099
0.00097040
0.00032837
-0.00094843
-0.00105215
0.00077692
0.00045965
0.00105492
-0.00038516
-0.00032669
0.00106745
0.00139966
-0.00119945
-0.00061071
-0.00087249
0.00072869
0.00043427
0.00054683
0.00027507
-0.00026057
0.00064087
0.00101880
0.00028909
-0.00006082
0.00133314
-0.00014725
0.00023485
-0.00006526
-0.00012868
-0.00148804
0.00061671
0.00051943
-0.00056857
0.00063861
-0.00151430
0.00063146
0.00158085
0.00052543
-0.00010591
0.00061880
0.00070754
0.00140382
0.00120630
0.00106052
0.00054634
0.00082121
-0.00090950
-0.00021515
-0.00150461
0.00203702
-0.03790545
0.00036920
-0.00086081
-0.00038382
0.00014734
0.00031158
0.00008480
-0.00136961
-0.00004193
0.00034496
-0.00065647
0.00037429
-0.00077321
0.00028864
0.00017747
0.00097020
0.00031404
-0.00096946
-0.00107002
0.00076654
0.00049023
0.00104404
-0.00036622
-0.00033307
0.00103998
0.00140410
-0.00121653
-0.00061963
-0.00080844
0.00070745
0.00046860
0.00055705
0.00032544
-0.00027641
0.00063844
0.00101015
0.00029334
-0.00010269
0.00134761
-0.00014195
0.00021439
-0.00004505
-0.00017184
-0.00147381
0.00060070
0.00048138
-0.00057559
0.00036386
-0.00150141
0.00063903
0.00160403
0.00056448
-0.00013795
0.00065803
0.00064369
0.00143477
0.00121172
0.00106933
0.00057203
0.00086298
-0.00090902
-0.00027135
-0.00147144
0.00204759
-0.03728958
0.00041649
-0.00083218
-0.00043130
0.00017186
0.00032803
0.00010642
-0.00138661
-0.00002164
0.00035179
-0.00066302
0.00036262
-0.00076511
0.00032705
0.00019908
0.00095271
0.00032545
-0.00095204
-0.00105253
0.00077326
0.00044662
0.00106732
-0.00039076
-0.00033213
0.00106241
0.00141028
-0.00120345
-0.00060942
-0.00087566
0.00072419
0.00043095
0.00053661
0.00027792
-0.00025795
0.00063100
0.00099627
0.00029953
-0.00011119
0.00134481
-0.00015949
0.00021280
-0.00004572
-0.00017861
-0.00148036
0.00060163
0.00048092
-0.00058338
0.00030461
-0.00150452
0.00063399
0.00162193
0.00058345
-0.00015593
0.00066482
0.00062369
0.00143168
0.00121624
0.00107132
0.00057238
0.00088310
-0.00090456
-0.00028942
-0.00146953
0.00205623
-0.03711229
0.00042931
-0.00083691
-0.00043732
0.00017219
0.00033133
0.00011037
-0.00139620
-0.00001907
0.00033983
-0.00066236
0.00035351
-0.00077219
0.00033942
0.00020879
0.00095214
0.00032997
-0.00094474
-0.00104704
0.00077623
0.00043840
0.00106487
-0.00040024
-0.00032223
0.00106534
0.00142029
-0.00121353
-0.00059704
-0.00088044
0.00072449
0.00041848
0.00053703
0.00026779
-0.00024310
0.00063541
0.00099562
0.00030232
-0.00010813
0.00135302
-0.00015819
0.00021304
-0.00005215
-0.00018788
-0.00148920
0.00060150
0.00048783
-0.00058270
0.00031444
-0.00149703
0.00065739
0.00161867
0.00056853
-0.00015153
0.00065924
0.00064043
0.00144307
0.00122800
0.00106977
0.00057936
0.00087928
-0.00090922
-0.00027609
-0.00147056
0.00205464
-0.03717924
0.00043388
-0.00083828
-0.00044672
0.00017752
0.00032032
0.00012443
-0.00141498
-0.00001593
0.00034000
-0.00066257
0.00035802
-0.00077686
0.00034807
0.00020405
0.00095506
0.00033131
-0.00094465
-0.00104532
0.00077001
0.00043851
0.00107591
-0.00039923
-0.00031436
0.00106298
0.00142334
-0.00120243
-0.00060265
-0.00088535
0.00071884
0.00041345
0.00054240
0.00027481
-0.00025634
0.00064131
0.00088598
0.00042820
-0.00011286
0.00140476
-0.00015645
0.00017558
-0.00008315
-0.00026526
-0.00165797
0.00056654
0.00048012
-0.00056665
-0.00003899
-0.00146848
0.00060594
0.00176578
0.00051873
-0.00027573
0.00060405
0.00069830
0.00137845
0.00150291
0.00107373
0.00056509
0.00097488
-0.00100349
-0.00032618
-0.00152550
0.00210753
-0.03593626
0.00048151
-0.00083875
-0.00043581
0.00028014
0.00031165
0.00017002
-0.00152952
-0.00003518
0.00026394
-0.00059162
0.00032964
-0.00081298
0.00037182
0.00016885
0.00099265
0.00042470
-0.00087864
-0.00100039
0.00071818
0.00041059
0.00108525
-0.00034508
-0.00039067
0.00102367
0.00144599
-0.00118386
-0.00060038
-0.00093518
0.00073631
0.00038406
0.00058267
0.00021055
-0.00030684
0.00068025
0.00100561
0.00030234
-0.00007331
0.00133013
-0.00017525
0.00024042
-0.00005531
-0.00015156
-0.00146747
0.00061869
0.00051200
-0.00058695
0.00052275
-0.00150266
0.00066069
0.00160093
0.00056216
-0.00011962
0.00063128
0.00068305
0.00142674
0.00119918
0.00105964
0.00056069
0.00083077
-0.00088877
-0.00023671
-0.00147294
0.00205590
-0.03765944
0.00037366
-0.00085906
-0.00041343
0.00015560
0.00029200
0.00008242
-0.00138191
-0.00001702
0.00033602
-0.00066809
0.00037444
-0.00077875
0.00031610
0.00019780
0.00094368
0.00030001
-0.00097979
-0.00106146
0.00076955
0.00045614
0.00106175
-0.00038845
-0.00029492
0.00104071
0.00142505
-0.00122924
-0.00061557
-0.00083802
0.00069278
0.00044012
0.00054171
0.00031645
-0.00027437
0.00065237
0.00099962
0.00030113
-0.00007503
0.00132994
-0.00017657
0.00021746
-0.00005211
-0.00015712
-0.00147545
0.00061811
0.00050786
-0.00058300
0.00050679
-0.00149461
0.00065719
0.00161312
0.00054459
-0.00012069
0.00063053
0.00068557
0.00142695
0.00121169
0.00105868
0.00056254
0.00083833
-0.00088796
-0.00024755
-0.00146576
0.00204855
-0.03766939
0.00038957
-0.00085630
-0.00041929
0.00015956
0.00029913
0.00010259
-0.00138862
-0.00000989
0.00033013
-0.00066475
0.00036709
-0.00078751
0.00032461
0.00017717
0.00094877
0.00030691
-0.00097973
-0.00105761
0.00077838
0.00044177
0.00105993
-0.00039309
-0.00030014
0.00104984
0.00142596
-0.00121974
-0.00061439
-0.00085845
0.00070053
0.00043140
0.00054790
0.00031844
-0.00027969
0.00065540
0.00098712
0.00028096
-0.00012281
0.00133327
-0.00018782
0.00018971
-0.00004177
-0.00017897
-0.00147325
0.00060127
0.00047455
-0.00057760
0.00025525
-0.00150714
0.00064862
0.00163452
0.00057449
-0.00017462
0.00065958
0.00063951
0.00144276
0.00123237
0.00107257
0.00057448
0.00088899
-0.00089758
-0.00029569
-0.00145835
0.00206446
-0.03708253
0.00042692
-0.00083676
-0.00044972
0.00018786
0.00033035
0.00014568
-0.00138423
-0.00000003
0.00033016
-0.00065120
0.00034777
-0.00078912
0.00033966
0.00019478
0.00095375
0.00031572
-0.00094890
-0.00104070
0.00078474
0.00041629
0.00108268
-0.00041839
-0.00030705
0.00106837
0.00142303
-0.00120880
-0.00060748
-0.00091030
0.00072298
0.00040195
0.00053915
0.00025889
-0.00027155
0.00066209
0.00100556
0.00028060
-0.00013451
0.00133449
-0.00018233
0.00019432
-0.00004133
-0.00018474
-0.00147927
0.00060864
0.00046967
-0.00058218
0.00026254
-0.00151192
0.00065396
0.00163422
0.00057276
-0.00017222
0.00067112
0.00064546
0.00143220
0.00123463
0.00107468
0.00057201
0.00089136
-0.00089150
-0.00030000
-0.00145827
0.00205511
-0.03703416
0.00043274
-0.00084171
-0.00045592
0.00017846
0.00032679
0.00014649
-0.00138577
0.00001896
0.00032821
-0.00065702
0.00034773
-0.00079180
0.00033796
0.00020843
0.00095438
0.00032290
-0.00094582
-0.00105046
0.00078085
0.00042171
0.00107516
-0.00041214
-0.00031061
0.00105995
0.00141888
-0.00119107
-0.00060935
-0.00090668
0.00073615
0.00039651
0.00055017
0.00026842
-0.00027051
0.00066353
0.00102017
0.00029801
-0.00008763
0.00132452
-0.00017861
0.00021852
-0.00005435
-0.00014894
-0.00147869
0.00062790
0.00051485
-0.00057656
0.00055915
-0.00152129
0.00065328
0.00161439
0.00053499
-0.00011483
0.00063274
0.00070639
0.00141183
0.00121980
0.00107305
0.00055736
0.00083536
-0.00087815
-0.00023766
-0.00147420
0.00205299
-0.03768764
0.00037888
-0.00087285
-0.00042349
0.00015500
0.00028410
0.00011577
-0.00137074
0.00001904
0.00031983
-0.00065803
0.00036866
-0.00077987
0.00031486
0.00019570
0.00096316
0.00032021
-0.00097189
-0.00107352
0.00076411
0.00046949
0.00106227
-0.00039509
-0.00031871
0.00103398
0.00142165
-0.00120307
-0.00061846
-0.00083574
0.00072096
0.00044611
0.00057550
0.00033383
-0.00029586
0.00066019
0.00100350
0.00028299
-0.00007425
0.00132228
-0.00016672
0.00022545
-0.00005174
-0.00014080
-0.00145084
0.00062619
0.00051003
-0.00057440
0.00057184
-0.00151002
0.00066912
0.00160786
0.00054608
-0.00009765
0.00064673
0.00067974
0.00142101
0.00118372
0.00107654
0.00056119
0.00083410
-0.00087120
-0.00022808
-0.00146931
0.00204537
-0.03782951
0.00037713
-0.00086523
-0.00043289
0.00013913
0.00028890
0.00010552
-0.00137120
0.00001171
0.00033446
-0.00067272
0.00036603
-0.00077702
0.00031757
0.00020050
0.00095979
0.00030701
-0.00098460
-0.00107960
0.00076526
0.00045665
0.00105711
-0.00039821
-0.00031130
0.00104839
0.00143495
-0.00121523
-0.00061439
-0.00083393
0.00071233
0.00044565
0.00056980
0.00033589
-0.00028208
0.00065040
0.00100656
0.00027050
-0.00008368
0.00132177
-0.00017598
0.00023320
-0.00005025
-0.00015706
-0.00144617
0.00061819
0.00049557
-0.00056963
0.00051763
-0.00150636
0.00066664
0.00160867
0.00056813
-0.00011071
0.00065798
0.00065887
0.00142273
0.00118263
0.00107789
0.00057070
0.00084187
-0.00087512
-0.00024117
-0.00146153
0.00204417
-0.03770779
0.00039031
-0.00086071
-0.00043979
0.00013517
0.00029949
0.00011722
-0.00137029
0.00001881
0.00032949
-0.00066410
0.00036493
-0.00078504
0.00033706
0.00020165
0.00096199
0.00031429
-0.00097652
-0.00108113
0.00076981
0.00044726
0.00105156
-0.00040010
-0.00030385
0.00105685
0.00144161
-0.00121357
-0.00060811
-0.00084774
0.00071397
0.00042988
0.00057499
0.00031795
-0.00026826
0.00065110
0.00099413
0.00025540
-0.00019122
0.00135453
-0.00019452
0.00017187
-0.00005238
-0.00023827
-0.00149356
0.00057371
0.00043194
-0.00056842
0.00004061
-0.00150197
0.00065973
0.00165814
0.00059852
-0.00023085
0.00069401
0.00058297
0.00143105
0.00126671
0.00110828
0.00060091
0.00093632
-0.00091644
-0.00035012
-0.00146064
0.00207358
-0.03656201
0.00047734
-0.00081940
-0.00049208
0.00017468
0.00035987
0.00021990
-0.00140011
0.00004851
0.00032314
-0.00063323
0.00033719
-0.00080451
0.00039702
0.00024889
0.00097791
0.00033718
-0.00092732
-0.00106490
0.00078571
0.00040511
0.00106332
-0.00043266
-0.00029297
0.00108890
0.00143999
-0.00115706
-0.00060427
-0.00098235
0.00076307
0.00035729
0.00056191
0.00021856
-0.00023160
0.00066365
0.00100754
0.00025651
-0.00012681
0.00133228
-0.00018865
0.00022455
-0.00006030
-0.00018212
-0.00145370
0.00060222
0.00048145
-0.00057341
0.00036276
-0.00150148
0.00066106
0.00160879
0.00058919
-0.00016191
0.00066201
0.00062856
0.00142643
0.00120488
0.00107917
0.00058272
0.00086834
-0.00088548
-0.00028120
-0.00146217
0.00204889
-0.03728471
0.00042807
-0.00084095
-0.00046019
0.00015045
0.00033044
0.00014859
-0.00137299
0.00002362
0.00033720
-0.00064295
0.00035875
-0.00079245
0.00035523
0.00023082
0.00096672
0.00032591
-0.00096593
-0.00107083
0.00078167
0.00044642
0.00105836
-0.00042002
-0.00027291
0.00107616
0.00144213
-0.00119619
-0.00059888
-0.00088815
0.00072876
0.00040538
0.00056456
0.00028816
-0.00025195
0.00064976
0.00100588
0.00024763
-0.00013434
0.00132957
-0.00019459
0.00022279
-0.00005210
-0.00019359
-0.00145218
0.00060049
0.00047750
-0.00058390
0.00030127
-0.00150878
0.00066865
0.00160853
0.00059244
-0.00017504
0.00068246
0.00061969
0.00143840
0.00119639
0.00109289
0.00058636
0.00089037
-0.00088544
-0.00029839
-0.00145778
0.00206365
-0.03716668
0.00043727
-0.00082189
-0.00048009
0.00015657
0.00033861
0.00015711
-0.00138047
0.00001286
0.00034051
-0.00064935
0.00036211
-0.00079713
0.00036165
0.00024255
0.00096410
0.00032438
-0.00096760
-0.00106703
0.00078803
0.00043398
0.00106526
-0.00042321
-0.00027267
0.00108565
0.00144745
-0.00119691
-0.00060194
-0.00090075
0.00073494
0.00039863
0.00056932
0.00027241
-0.00024118
0.00065102
0.00097493
0.00023130
-0.00020270
0.00142196
-0.00028917
0.00020460
-0.00017032
-0.00036645
-0.00162388
0.00062719
0.00068854
-0.00047881
0.00046403
-0.00163912
0.00065426
0.00160735
0.00041584
-0.00039135
0.00057374
0.00080743
0.00143801
0.00136198
0.00119922
0.00060793
0.00092460
-0.00099425
-0.00040022
-0.00142709
0.00210483
-0.03682756
0.00035316
-0.00074208
-0.00054165
0.00039363
0.00028199
0.00019308
-0.00136238
0.00008171
0.00032486
-0.00053282
0.00028034
-0.00094930
0.00030750
0.00034010
0.00113552
0.00041851
-0.00104420
-0.00113484
0.00073265
0.00051459
0.00110380
-0.00046431
-0.00015341
0.00099436
0.00148289
-0.00108750
-0.00054732
-0.00080660
0.00080837
0.00054855
0.00076937
0.00036573
-0.00037203
0.00073162
0.00101168
0.00026639
-0.00011487
0.00132699
-0.00018929
0.00024559
-0.00007234
-0.00018701
-0.00145896
0.00062183
0.00050739
-0.00057004
0.00044312
-0.00151357
0.00066925
0.00159735
0.00055520
-0.00015387
0.00065505
0.00066325
0.00143748
0.00119310
0.00108648
0.00058459
0.00085336
-0.00088115
-0.00025834
-0.00147450
0.00206776
-0.03755341
0.00040903
-0.00084498
-0.00045503
0.00014344
0.00031953
0.00015359
-0.00137671
0.00000932
0.00034037
-0.00064544
0.00036584
-0.00079555
0.00034142
0.00023243
0.00097428
0.00031562
-0.00098200
-0.00108048
0.00077431
0.00045327
0.00105888
-0.00041038
-0.00027284
0.00106670
0.00143651
-0.00119522
-0.00061503
-0.00086695
0.00072838
0.00042632
0.00058884
0.00031451
-0.00026102
0.00065531
0.00100473
0.00025685
-0.00013148
0.00132283
-0.00018618
0.00023161
-0.00006456
-0.00019994
-0.00143419
0.00060972
0.00047651
-0.00058381
0.00031493
-0.00151734
0.00067888
0.00160314
0.00058413
-0.00017043
0.00068677
0.00061667
0.00145139
0.00117842
0.00108118
0.00058343
0.00088735
-0.00087832
-0.00028793
-0.00145572
0.00207358
-0.03721151
0.00043403
-0.00082924
-0.00046999
0.00015714
0.00034460
0.00014209
-0.00137837
0.00000946
0.00035268
-0.00065471
0.00035312
-0.00077894
0.00035076
0.00024186
0.00096146
0.00031104
-0.00096337
-0.00107465
0.00078668
0.00042350
0.00105457
-0.00042055
-0.00027899
0.00108650
0.00143781
-0.00120133
-0.00058921
-0.00088939
0.00072686
0.00039641
0.00056712
0.00027775
-0.00024236
0.00064685
0.00099993
0.00024776
-0.00016279
0.00133162
-0.00019347
0.00023666
-0.00005759
-0.00021887
-0.00145284
0.00060270
0.00045911
-0.00058684
0.00020127
-0.00152641
0.00067961
0.00160698
0.00058710
-0.00020757
0.00069544
0.00061434
0.00145720
0.00120510
0.00109368
0.00058351
0.00091539
-0.00089744
-0.00032402
-0.00144293
0.00208794
-0.03688952
0.00046417
-0.00081768
-0.00049186
0.00017422
0.00036234
0.00017963
-0.00138480
0.00001634
0.00035708
-0.00064959
0.00032817
-0.00077226
0.00035499
0.00024705
0.00096832
0.00032648
-0.00095565
-0.00108338
0.00078631
0.00039697
0.00106176
-0.00042470
-0.00026759
0.00109462
0.00144429
-0.00118128
-0.00058935
-0.00091636
0.00074944
0.00037352
0.00056680
0.00025235
-0.00022924
0.00064997
0.00100609
0.00024970
-0.00015069
0.00134617
-0.00020950
0.00024204
-0.00004707
-0.00020359
-0.00143411
0.00060459
0.00046095
-0.00059037
0.00025951
-0.00151385
0.00067766
0.00160044
0.00059783
-0.00018426
0.00068591
0.00061881
0.00146580
0.00118037
0.00109614
0.00058659
0.00091835
-0.00089287
-0.00032866
-0.00143977
0.00206976
-0.03699961
0.00044865
-0.00082423
-0.00048077
0.00018033
0.00035383
0.00013822
-0.00137573
0.00000356
0.00034987
-0.00066960
0.00033902
-0.00077309
0.00033286
0.00023309
0.00097119
0.00032376
-0.00096775
-0.00108631
0.00077404
0.00039946
0.00106248
-0.00040995
-0.00026702
0.00110097
0.00145056
-0.00119627
-0.00059957
-0.00089760
0.00073746
0.00038524
0.00056423
0.00026605
-0.00023233
0.00065394
0.00095648
0.00027931
-0.00026316
0.00139107
-0.00032037
0.00028507
-0.00008185
-0.00030551
-0.00149313
0.00061089
0.00038753
-0.00058048
-0.00011816
-0.00160071
0.00070070
0.00164926
0.00055161
-0.00038671
0.00068090
0.00071532
0.00147684
0.00129962
0.00118738
0.00058747
0.00107756
-0.00090908
-0.00047471
-0.00139658
0.00218347
-0.03559729
0.00052065
-0.00079434
-0.00054905
0.00030870
0.00040206
0.00028199
-0.00138492
0.00002788
0.00033280
-0.00062398
0.00025654
-0.00077974
0.00024627
0.00028500
0.00107138
0.00041740
-0.00096393
-0.00115855
0.00069584
0.00025483
0.00105688
-0.00036568
-0.00020018
0.00113213
0.00152558
-0.00112063
-0.00062068
-0.00096416
0.00084128
0.00032030
0.00067704
0.00022769
-0.00025805
0.00071464
0.00102742
0.00026695
-0.00010369
0.00132827
-0.00020897
0.00025901
-0.00004500
-0.00016079
-0.00141948
0.00061327
0.00049312
-0.00058642
0.00047756
-0.00151405
0.00066734
0.00157810
0.00058148
-0.00013337
0.00066887
0.00065985
0.00144523
0.00115898
0.00108443
0.00057330
0.00086603
-0.00087355
-0.00026884
-0.00145789
0.00206394
-0.03747329
0.00040241
-0.00084512
-0.00044612
0.00015449
0.00032974
0.00009590
-0.00135943
-0.00001699
0.00034525
-0.00068507
0.00035832
-0.00075978
0.00030911
0.00022487
0.00096068
0.00030788
-0.00098148
-0.00109060
0.00076726
0.00043347
0.00106533
-0.00039324
-0.00027855
0.00108970
0.00144447
-0.00121999
-0.00059650
-0.00084473
0.00071599
0.00042660
0.00055801
0.00031552
-0.00024201
0.00064568
0.00102282
0.00025844
-0.00009141
0.00132754
-0.00020465
0.00026435
-0.00004234
-0.00015434
-0.00141151
0.00060706
0.00049420
-0.00059375
0.00050620
-0.00151427
0.00066918
0.00156385
0.00057168
-0.00013554
0.00067294
0.00065169
0.00144087
0.00114938
0.00108240
0.00056812
0.00086425
-0.00086661
-0.00027708
-0.00145814
0.00206527
-0.03756595
0.00038973
-0.00083837
-0.00044430
0.00015488
0.00032071
0.00007973
-0.00136579
-0.00003033
0.00035391
-0.00069656
0.00035559
-0.00075284
0.00030156
0.00021551
0.00095867
0.00031345
-0.00097671
-0.00109917
0.00075611
0.00044175
0.00106615
-0.00039224
-0.00026959
0.00108311
0.00144983
-0.00122751
-0.00061177
-0.00083253
0.00072397
0.00042533
0.00055315
0.00032769
-0.00023946
0.00065027
0.00100449
0.00029404
-0.00020583
0.00133976
-0.00031027
0.00028038
-0.00005846
-0.00024954
-0.00142333
0.00058194
0.00042521
-0.00057102
0.00009345
-0.00160172
0.00066052
0.00159408
0.00054939
-0.00035389
0.00069746
0.00071556
0.00142658
0.00125855
0.00118032
0.00057488
0.00100552
-0.00086719
-0.00043526
-0.00142600
0.00218871
-0.03587607
0.00043601
-0.00078881
-0.00049442
0.00029060
0.00037268
0.00017366
-0.00134319
-0.00004021
0.00034820
-0.00068663
0.00028158
-0.00072665
0.00021086
0.00030654
0.00102885
0.00039268
-0.00094948
-0.00116866
0.00067789
0.00031230
0.00109203
-0.00035864
-0.00020400
0.00112529
0.00149173
-0.00115429
-0.00060864
-0.00090136
0.00081218
0.00037812
0.00062360
0.00028674
-0.00023396
0.00070660
0.00103040
0.00026852
-0.00010732
0.00133125
-0.00021135
0.00026971
-0.00003940
-0.00014707
-0.00142053
0.00060449
0.00050455
-0.00060078
0.00045727
-0.00151926
0.00066010
0.00157653
0.00058159
-0.00015093
0.00067466
0.00065009
0.00143449
0.00116826
0.00107974
0.00054714
0.00086261
-0.00087453
-0.00029210
-0.00146132
0.00206235
-0.03742404
0.00038031
-0.00084766
-0.00043949
0.00015773
0.00032118
0.00006644
-0.00134895
-0.00002143
0.00034497
-0.00069596
0.00035212
-0.00075165
0.00030653
0.00021352
0.00095975
0.00029960
-0.00097443
-0.00111430
0.00076399
0.00043846
0.00106795
-0.00038577
-0.00026156
0.00107777
0.00144053
-0.00123401
-0.00058848
-0.00083504
0.00070956
0.00042346
0.00054292
0.00031420
-0.00023428
0.00065219
0.00102368
0.00026399
-0.00013065
0.00133142
-0.00020798
0.00025183
-0.00003521
-0.00016545
-0.00141686
0.00059118
0.00049043
-0.00061491
0.00034815
-0.00152634
0.00065494
0.00158621
0.00060185
-0.00015885
0.00068428
0.00061389
0.00143610
0.00116151
0.00107609
0.00055428
0.00088425
-0.00087218
-0.00031006
-0.00145156
0.00206679
-0.03720680
0.00040388
-0.00084078
-0.00046395
0.00015895
0.00033287
0.00009935
-0.00135121
-0.00001936
0.00034171
-0.00069852
0.00035167
-0.00075524
0.00032620
0.00021372
0.00095505
0.00030709
-0.00096149
-0.00110194
0.00076113
0.00042480
0.00107200
-0.00040915
-0.00027665
0.00108919
0.00143713
-0.00121843
-0.00058867
-0.00086234
0.00072403
0.00040768
0.00053494
0.00028221
-0.00022127
0.00064731
0.00104058
0.00033346
-0.00032841
0.00133117
-0.00034403
0.00030050
-0.00008069
-0.00027107
-0.00147924
0.00053241
0.00048257
-0.00068280
-0.00002980
-0.00167843
0.00061195
0.00161656
0.00059054
-0.00034971
0.00066445
0.00066911
0.00136140
0.00128225
0.00112836
0.00052768
0.00101785
-0.00086624
-0.00043262
-0.00146056
0.00219420
-0.03557526
0.00043959
-0.00086426
-0.00054573
0.00024125
0.00038009
0.00030927
-0.00127584
-0.00001367
0.00028463
-0.00068868
0.00030645
-0.00073916
0.00024760
0.00024881
0.00103637
0.00036574
-0.00094056
-0.00122230
0.00066472
0.00033563
0.00111497
-0.00042082
-0.00023682
0.00112381
0.00144364
-0.00111126
-0.00056065
-0.00089555
0.00082228
0.00040300
0.00058804
0.00022397
-0.00020865
0.00067862
0.00104017
0.00027139
-0.00010458
0.00131781
-0.00020748
0.00026909
-0.00004207
-0.00014432
-0.00142060
0.00059333
0.00051214
-0.00061608
0.00049416
-0.00153030
0.00065951
0.00156789
0.00059051
-0.00013698
0.00067143
0.00064525
0.00143029
0.00116154
0.00107352
0.00054038
0.00084502
-0.00087552
-0.00027420
-0.00145976
0.00206946
-0.03747673
0.00037132
-0.00085547
-0.00044949
0.00014668
0.00030910
0.00007195
-0.00134076
-0.00001214
0.00034490
-0.00071135
0.00036594
-0.00076856
0.00031010
0.00020285
0.00095627
0.00030304
-0.00098755
-0.00110083
0.00075898
0.00045089
0.00106206
-0.00040798
-0.00027086
0.00107081
0.00142324
-0.00121462
-0.00059139
-0.00083428
0.00072054
0.00044321
0.00053993
0.00031771
-0.00022848
0.00064585
0.00103250
0.00026426
-0.00014189
0.00132191
-0.00020426
0.00024854
-0.00003873
-0.00017589
-0.00142960
0.00058598
0.00050022
-0.00061671
0.00037129
-0.00151582
0.00064774
0.00157222
0.00061255
-0.00016285
0.00068280
0.00063203
0.00143163
0.00118106
0.00108247
0.00055471
0.00086674
-0.00089708
-0.00029537
-0.00144670
0.00207743
-0.03710260
0.00040508
-0.00084144
-0.00047541
0.00016496
0.00032911
0.00010429
-0.00134359
-0.00001441
0.00034188
-0.00069904
0.00034843
-0.00077951
0.00031112
0.00021543
0.00096326
0.00030745
-0.00097767
-0.00109381
0.00076724
0.00044273
0.00106185
-0.00042096
-0.00027800
0.00107591
0.00142336
-0.00120639
-0.00058821
-0.00086313
0.00072869
0.00041965
0.00053950
0.00028747
-0.00022478
0.00064089
0.00103266
0.00029014
-0.00030123
0.00128000
-0.00030416
0.00031064
-0.00006689
-0.00025945
-0.00146214
0.00054941
0.00055112
-0.00066090
0.00020531
-0.00157657
0.00060613
0.00153989
0.00064425
-0.00029246
0.00066171
0.00074465
0.00138587
0.00128194
0.00112590
0.00053944
0.00089712
-0.00096230
-0.00033511
-0.00140515
0.00220477
-0.03581571
0.00042417
-0.00085553
-0.00057011
0.00025933
0.00033763
0.00021104
-0.00124680
-0.00001438
0.00030651
-0.00068899
0.00028913
-0.00082071
0.00017735
0.00025395
0.00104696
0.00032914
-0.00102845
-0.00116239
0.00073198
0.00042220
0.00105685
-0.00046815
-0.00023720
0.00107414
0.00142226
-0.00113382
-0.00056620
-0.00086813
0.00078396
0.00046589
0.00060220
0.00028289
-0.00024251
0.00064974
0.00103458
0.00026559
-0.00021458
0.00132121
-0.00026348
0.00027779
-0.00004375
-0.00021396
-0.00144264
0.00055101
0.00051083
-0.00064282
0.00018904
-0.00156049
0.00062746
0.00156551
0.00065090
-0.00024253
0.00066725
0.00067247
0.00143687
0.00122251
0.00111636
0.00053432
0.00091185
-0.00091956
-0.00033019
-0.00143352
0.00213247
-0.03641524
0.00043656
-0.00084979
-0.00053948
0.00022425
0.00035925
0.00016338
-0.00131134
-0.00001179
0.00031818
-0.00068509
0.00030000
-0.00080383
0.00025470
0.00022568
0.00101123
0.00032764
-0.00098805
-0.00111719
0.00074713
0.00042917
0.00106698
-0.00044125
-0.00027062
0.00108956
0.00142388
-0.00116589
-0.00057756
-0.00088590
0.00076644
0.00042962
0.00055130
0.00027160
-0.00022736
0.00064185
0.00104769
0.00029483
-0.00003444
0.00129948
-0.00019971
0.00029418
-0.00004404
-0.00009155
-0.00140996
0.00063226
0.00056922
-0.00060959
0.00088735
-0.00151928
0.00064881
0.00153557
0.00055526
-0.00005022
0.00061603
0.00073305
0.00141280
0.00111528
0.00106245
0.00052785
0.00076984
-0.00085937
-0.00017115
-0.00147546
0.00205494
-0.03835708
0.00031339
-0.00089302
-0.00040256
0.00012977
0.00027347
0.00002238
-0.00132889
-0.00002489
0.00033421
-0.00071451
0.00038552
-0.00076068
0.00026276
0.00018869
0.00095316
0.00028415
-0.00103004
-0.00111339
0.00074300
0.00051607
0.00104801
-0.00037613
-0.00028480
0.00104213
0.00144268
-0.00125453
-0.00060040
-0.00074729
0.00068889
0.00050019
0.00054594
0.00040393
-0.00027412
0.00063600
0.00102516
0.00027500
-0.00012225
0.00131438
-0.00019528
0.00024371
-0.00003681
-0.00016052
-0.00142199
0.00059173
0.00052282
-0.00061861
0.00045180
-0.00152977
0.00063235
0.00157154
0.00060314
-0.00014258
0.00067231
0.00065564
0.00143207
0.00114434
0.00108458
0.00054511
0.00085211
-0.00088485
-0.00027678
-0.00145713
0.00207024
-0.03735026
0.00040342
-0.00084403
-0.00046510
0.00017002
0.00032435
0.00011365
-0.00134536
-0.00000869
0.00035128
-0.00069326
0.00035380
-0.00077073
0.00030795
0.00020305
0.00095647
0.00030976
-0.00098994
-0.00109210
0.00074388
0.00046110
0.00104946
-0.00039864
-0.00028401
0.00106696
0.00143329
-0.00120904
-0.00059317
-0.00083078
0.00072441
0.00043407
0.00053112
0.00031335
-0.00023315
0.00064023
0.00101127
0.00026130
-0.00015391
0.00132902
-0.00019224
0.00023049
-0.00003658
-0.00018003
-0.00143841
0.00058134
0.00049373
-0.00061122
0.00032220
-0.00152380
0.00063423
0.00158773
0.00062312
-0.00016741
0.00069412
0.00061190
0.00142977
0.00114913
0.00108964
0.00054387
0.00088545
-0.00090034
-0.00030872
-0.00144755
0.00207151
-0.03702033
0.00042582
-0.00083168
-0.00048251
0.00018517
0.00034053
0.00013620
-0.00134063
0.00000986
0.00033611
-0.00067791
0.00034277
-0.00077211
0.00032903
0.00021957
0.00094586
0.00031217
-0.00097130
-0.00107941
0.00074797
0.00044430
0.00105333
-0.00040813
-0.00028758
0.00107429
0.00142718
-0.00119346
-0.00057997
-0.00086476
0.00073668
0.00040859
0.00053342
0.00027163
-0.00021656
0.00063943
0.00100586
0.00025332
-0.00019784
0.00133822
-0.00020036
0.00022124
-0.00003303
-0.00019661
-0.00146600
0.00056165
0.00048018
-0.00062421
0.00023310
-0.00153847
0.00062189
0.00159488
0.00064280
-0.00020705
0.00070479
0.00061618
0.00144024
0.00116433
0.00112059
0.00052273
0.00092235
-0.00091411
-0.00032980
-0.00145376
0.00208426
-0.03670481
0.00044240
-0.00082862
-0.00051365
0.00020873
0.00036621
0.00016698
-0.00133814
0.00002741
0.00033532
-0.00066710
0.00032019
-0.00078331
0.00033432
0.00018869
0.00093763
0.00032046
-0.00097730
-0.00108425
0.00072911
0.00044159
0.00104075
-0.00040623
-0.00030803
0.00107570
0.00142836
-0.00117721
-0.00057133
-0.00086455
0.00075251
0.00037779
0.00053112
0.00025123
-0.00020231
0.00063977
0.00102922
0.00027919
-0.00011236
0.00131747
-0.00019736
0.00025994
-0.00005171
-0.00013901
-0.00146066
0.00060081
0.00053280
-0.00061808
0.00067145
-0.00152674
0.00062952
0.00155760
0.00058199
-0.00011908
0.00064845
0.00070332
0.00142473
0.00113342
0.00110486
0.00051617
0.00083913
-0.00089885
-0.00022016
-0.00148263
0.00206544
-0.03777236
0.00036214
-0.00087055
-0.00045223
0.00016562
0.00031854
0.00009023
-0.00132509
-0.00000459
0.00033899
-0.00067334
0.00035195
-0.00078242
0.00028907
0.00016495
0.00094641
0.00029107
-0.00101637
-0.00110437
0.00071881
0.00050115
0.00103589
-0.00038123
-0.00031150
0.00103808
0.00143414
-0.00121100
-0.00058427
-0.00076475
0.00071581
0.00044255
0.00054219
0.00035498
-0.00024583
0.00063923
0.00101649
0.00024619
-0.00014442
0.00133112
-0.00018986
0.00023670
-0.00004690
-0.00017107
-0.00145943
0.00059917
0.00049820
-0.00061374
0.00038376
-0.00152621
0.00064093
0.00158420
0.00061469
-0.00015400
0.00070089
0.00062584
0.00144605
0.00114525
0.00110193
0.00053950
0.00088739
-0.00089968
-0.00028789
-0.00145774
0.00206262
-0.03716125
0.00040772
-0.00084044
-0.00048151
0.00017638
0.00034009
0.00009836
-0.00133968
-0.00000715
0.00035734
-0.00067748
0.00032403
-0.00078272
0.00032779
0.00019491
0.00094172
0.00029440
-0.00097893
-0.00107777
0.00074728
0.00044702
0.00105765
-0.00040029
-0.00031064
0.00105892
0.00143101
-0.00119997
-0.00058258
-0.00083784
0.00072435
0.00040158
0.00053648
0.00029015
-0.00022070
0.00063620
0.00102674
0.00026541
-0.00013477
0.00134165
-0.00018316
0.00022936
-0.00003979
-0.00016984
-0.00146148
0.00060991
0.00048809
-0.00061112
0.00037931
-0.00152939
0.00063063
0.00158153
0.00060788
-0.00015663
0.00069746
0.00063026
0.00145186
0.00115678
0.00109599
0.00053419
0.00087820
-0.00089473
-0.00029143
-0.00146660
0.00207396
-0.03716603
0.00040254
-0.00084009
-0.00047719
0.00016864
0.00034734
0.00010789
-0.00133466
-0.00001287
0.00035986
-0.00067983
0.00034159
-0.00078163
0.00032668
0.00019442
0.00093834
0.00030694
-0.00097851
-0.00106674
0.00075868
0.00044791
0.00106535
-0.00039861
-0.00031784
0.00106062
0.00143270
-0.00121070
-0.00058768
-0.00083623
0.00072471
0.00039807
0.00053765
0.00028045
-0.00022569
0.00062776
0.00104384
0.00027713
-0.00015918
0.00135293
-0.00017554
0.00021786
-0.00004099
-0.00019689
-0.00150333
0.00060405
0.00046127
-0.00061290
0.00030832
-0.00154000
0.00061185
0.00157772
0.00060689
-0.00019714
0.00069830
0.00064271
0.00145281
0.00117587
0.00111652
0.00051546
0.00089949
-0.00090307
-0.00031449
-0.00148198
0.00209032
-0.03687805
0.00042284
-0.00082619
-0.00050107
0.00017373
0.00039221
0.00017748
-0.00132733
-0.00002050
0.00035891
-0.00067659
0.00033250
-0.00079013
0.00033123
0.00017092
0.00094136
0.00033018
-0.00097730
-0.00105602
0.00074127
0.00044213
0.00107078
-0.00038628
-0.00034339
0.00106831
0.00142800
-0.00119558
-0.00059062
-0.00084468
0.00074679
0.00037489
0.00054100
0.00024419
-0.00021110
0.00061453
0.00104801
0.00027092
-0.00013596
0.00134431
-0.00018466
0.00022550
-0.00003340
-0.00018167
-0.00145122
0.00060970
0.00046977
-0.00061472
0.00031985
-0.00152254
0.00064700
0.00158461
0.00061121
-0.00017466
0.00069427
0.00061725
0.00145570
0.00116093
0.00110484
0.00052762
0.00088445
-0.00088335
-0.00030203
-0.00146368
0.00207763
-0.03704034
0.00042634
-0.00083668
-0.00048585
0.00016932
0.00036722
0.00015711
-0.00135353
-0.00001629
0.00035030
-0.00068552
0.00034561
-0.00076670
0.00034414
0.00018311
0.00094589
0.00030570
-0.00097258
-0.00106978
0.00076222
0.00043645
0.00107210
-0.00039157
-0.00030896
0.00107059
0.00143538
-0.00122417
-0.00059823
-0.00086249
0.00073289
0.00038717
0.00053883
0.00026488
-0.00020829
0.00062747
0.00135036
0.00040014
-0.00012782
0.00153333
-0.00019463
0.00019980
-0.00005694
-0.00024086
-0.00149903
0.00071759
0.00051603
-0.00062841
0.00096030
-0.00162383
0.00063600
0.00141373
0.00049081
-0.00021107
0.00056594
0.00073959
0.00156957
0.00113506
0.00119519
0.00033704
0.00076875
-0.00091385
-0.00024163
-0.00145980
0.00216472
-0.03764299
0.00029443
-0.00094209
-0.00049199
0.00027883
0.00045632
0.00024138
-0.00121982
-0.00007708
0.00034413
-0.00077594
0.00029589
-0.00069255
0.00026452
-0.00004131
0.00103115
0.00025869
-0.00105174
-0.00118097
0.00069523
0.00052371
0.00112794
-0.00032809
-0.00034432
0.00097187
0.00139227
-0.00130663
-0.00054313
-0.00065172
0.00077274
0.00045346
0.00058654
0.00034917
-0.00016044
0.00054900
0.00107836
0.00029948
-0.00004786
0.00132603
-0.00017901
0.00027018
-0.00004386
-0.00011413
-0.00143691
0.00064662
0.00052921
-0.00059845
0.00078007
-0.00152120
0.00064007
0.00154701
0.00055506
-0.00007769
0.00064007
0.00071230
0.00144470
0.00111329
0.00108585
0.00051405
0.00079067
-0.00085691
-0.00019510
-0.00148340
0.00206050
-0.03815169
0.00034147
-0.00088080
-0.00041538
0.00013583
0.00029942
0.00007368
-0.00133812
-0.00002952
0.00034689
-0.00069388
0.00037471
-0.00075732
0.00030143
0.00015126
0.00094745
0.00027406
-0.00101060
-0.00108762
0.00074971
0.00049566
0.00106386
-0.00036156
-0.00030786
0.00103214
0.00143505
-0.00125953
-0.00061469
-0.00075856
0.00069733
0.00045868
0.00054828
0.00036589
-0.00025400
0.00062920
0.00105518
0.00028646
-0.00012336
0.00133710
-0.00016513
0.00022195
-0.00004932
-0.00017179
-0.00144886
0.00061982
0.00047467
-0.00061118
0.00039464
-0.00152785
0.00063467
0.00156340
0.00058966
-0.00015423
0.00068630
0.00062591
0.00145217
0.00114789
0.00111440
0.00053310
0.00086915
-0.00087784
-0.00029482
-0.00146865
0.00207139
-0.03720643
0.00042351
-0.00083231
-0.00046486
0.00016950
0.00034428
0.00013947
-0.00134748
-0.00002588
0.00036443
-0.00069634
0.00034095
-0.00077023
0.00032662
0.00017819
0.00094229
0.00029518
-0.00098301
-0.00105964
0.00076729
0.00044470
0.00107098
-0.00038835
-0.00029927
0.00105560
0.00141101
-0.00121302
-0.00060522
-0.00086360
0.00073957
0.00040704
0.00053178
0.00027683
-0.00023190
0.00062676
0.00105011
0.00027862
-0.00015363
0.00132449
-0.00016944
0.00022033
-0.00004744
-0.00019019
-0.00145218
0.00062194
0.00046635
-0.00060626
0.00027258
-0.00153436
0.00064480
0.00158112
0.00060228
-0.00017989
0.00069603
0.00060439
0.00145436
0.00115549
0.00110989
0.00054239
0.00089630
-0.00089222
-0.00032000
-0.00146191
0.00207534
-0.03687362
0.00044147
-0.00082904
-0.00046760
0.00017781
0.00035944
0.00013685
-0.00135778
-0.00002287
0.00037666
-0.00069657
0.00033689
-0.00077297
0.00032588
0.00019905
0.00092635
0.00028293
-0.00098011
-0.00106409
0.00078128
0.00043136
0.00109075
-0.00040705
-0.00030490
0.00105960
0.00141006
-0.00119826
-0.00059719
-0.00088355
0.00074116
0.00039897
0.00051103
0.00025024
-0.00022294
0.00062717
0.00105028
0.00028446
-0.00017856
0.00132575
-0.00017023
0.00021890
-0.00004368
-0.00020256
-0.00147392
0.00060235
0.00044997
-0.00061271
0.00020329
-0.00152855
0.00063839
0.00158791
0.00060969
-0.00019256
0.00070153
0.00058966
0.00145877
0.00117187
0.00111359
0.00054436
0.00091030
-0.00090417
-0.00033606
-0.00147546
0.00207859
-0.03675545
0.00045641
-0.00082565
-0.00047727
0.00018015
0.00037930
0.00019353
-0.00136689
-0.00001439
0.00037735
-0.00069215
0.00033512
-0.00076726
0.00033756
0.00018672
0.00093308
0.00027766
-0.00096534
-0.00106731
0.00079271
0.00042264
0.00110332
-0.00040832
-0.00030100
0.00107022
0.00140388
-0.00121226
-0.00058936
-0.00089297
0.00073767
0.00039852
0.00050864
0.00023215
-0.00022093
0.00062720
0.00105114
0.00028532
-0.00016714
0.00132412
-0.00017038
0.00023175
-0.00004608
-0.00019314
-0.00149227
0.00061516
0.00045884
-0.00061213
0.00026826
-0.00151301
0.00064549
0.00158909
0.00059404
-0.00017517
0.00069449
0.00060822
0.00145606
0.00116728
0.00111307
0.00054437
0.00089544
-0.00090433
-0.00031610
-0.00148856
0.00206516
-0.03696616
0.00044146
-0.00083223
-0.00045523
0.00017129
0.00037306
0.00020053
-0.00137428
-0.00001811
0.00037006
-0.00069137
0.00034198
-0.00075671
0.00033078
0.00017383
0.00094433
0.00027566
-0.00096630
-0.00107506
0.00079060
0.00042945
0.00110029
-0.00039336
-0.00030589
0.00105817
0.00139310
-0.00123007
-0.00059922
-0.00087934
0.00073482
0.00041808
0.00050384
0.00024885
-0.00023431
0.00061955
0.00105733
0.00027615
-0.00012126
0.00131653
-0.00017689
0.00026516
-0.00004066
-0.00015780
-0.00146845
0.00062885
0.00049440
-0.00060188
0.00049752
-0.00151209
0.00062784
0.00158242
0.00058876
-0.00012801
0.00065849
0.00065452
0.00144272
0.00114935
0.00109240
0.00053403
0.00084567
-0.00090046
-0.00026035
-0.00149867
0.00205423
-0.03749471
0.00039467
-0.00085776
-0.00043011
0.00015816
0.00034908
0.00012658
-0.00135416
-0.00001671
0.00035645
-0.00068619
0.00035790
-0.00075557
0.00030269
0.00017259
0.00095577
0.00026852
-0.00098839
-0.00108446
0.00078377
0.00046771
0.00109700
-0.00038420
-0.00030189
0.00104950
0.00140289
-0.00124407
-0.00059459
-0.00082787
0.00071117
0.00044439
0.00051365
0.00029869
-0.00024868
0.00062155
0.00114675
0.00031570
-0.00027214
0.00130921
-0.00019352
0.00031798
-0.00002169
-0.00022757
-0.00161290
0.00063910
0.00042762
-0.00063037
0.00028249
-0.00152406
0.00053257
0.00162171
0.00062420
-0.00022648
0.00063747
0.00068277
0.00145664
0.00120692
0.00116417
0.00043094
0.00089100
-0.00100080
-0.00031328
-0.00159359
0.00210913
-0.03649217
0.00042882
-0.00089326
-0.00042920
0.00024337
0.00047911
0.00034162
-0.00130295
-0.00000939
0.00033762
-0.00066620
0.00033025
-0.00072110
0.00024134
0.00005361
0.00099853
0.00017885
-0.00099168
-0.00110926
0.00082065
0.00046676
0.00122588
-0.00034978
-0.00035265
0.00101945
0.00131972
-0.00130475
-0.00055970
-0.00083482
0.00072619
0.00047043
0.00045349
0.00021082
-0.00026101
0.00057758
0.00105319
0.00027521
-0.00011202
0.00132476
-0.00017891
0.00026484
-0.00003639
-0.00014515
-0.00145898
0.00062979
0.00049684
-0.00059699
0.00051272
-0.00150297
0.00063544
0.00158658
0.00058376
-0.00012193
0.00066008
0.00065220
0.00144576
0.00115765
0.00108000
0.00053791
0.00083827
-0.00090294
-0.00025689
-0.00150148
0.00205052
-0.03754035
0.00038822
-0.00084671
-0.00042450
0.00016186
0.00034040
0.00009510
-0.00135751
-0.00001505
0.00035933
-0.00068995
0.00036607
-0.00074772
0.00031105
0.00018497
0.00094123
0.00027336
-0.00099148
-0.00108446
0.00079028
0.00045658
0.00108595
-0.00038130
-0.00029018
0.00106451
0.00140743
-0.00124560
-0.00059463
-0.00082983
0.00070052
0.00044818
0.00052119
0.00029991
-0.00024826
0.00062796
0.00114664
0.00033258
-0.00023159
0.00134048
-0.00019872
0.00031530
-0.00000402
-0.00017250
-0.00159532
0.00064177
0.00042725
-0.00061921
0.00039901
-0.00150445
0.00054642
0.00163556
0.00059822
-0.00021057
0.00064557
0.00070031
0.00144284
0.00124824
0.00112891
0.00041760
0.00085853
-0.00100627
-0.00029337
-0.00160953
0.00210641
-0.03663481
0.00040297
-0.00086365
-0.00040359
0.00024328
0.00045167
0.00025296
-0.00130222
0.00001286
0.00034040
-0.00067910
0.00036301
-0.00070441
0.00027097
0.00008802
0.00093581
0.00020577
-0.00101511
-0.00111404
0.00082846
0.00043099
0.00117766
-0.00031828
-0.00032301
0.00106791
0.00134746
-0.00128980
-0.00056720
-0.00082866
0.00069422
0.00047341
0.00048814
0.00021521
-0.00025765
0.00060298
0.00109850
0.00029055
-0.00018113
0.00135219
-0.00019549
0.00027470
-0.00001837
-0.00017149
-0.00153689
0.00061655
0.00043987
-0.00061031
0.00030134
-0.00151967
0.00058750
0.00162684
0.00061896
-0.00019730
0.00065275
0.00065469
0.00146276
0.00120763
0.00112429
0.00047298
0.00088704
-0.00094788
-0.00029753
-0.00156208
0.00207548
-0.03684947
0.00043278
-0.00085080
-0.00044224
0.00021655
0.00042628
0.00020506
-0.00135228
0.00000543
0.00034355
-0.00067135
0.00034161
-0.00074327
0.00030541
0.00013865
0.00094973
0.00025711
-0.00098526
-0.00108329
0.00080624
0.00043564
0.00113550
-0.00035084
-0.00031980
0.00107685
0.00137830
-0.00124932
-0.00058429
-0.00087087
0.00071958
0.00043644
0.00048949
0.00023009
-0.00024536
0.00060832
0.00104991
0.00027962
-0.00008362
0.00132637
-0.00018339
0.00026912
-0.00004275
-0.00011442
-0.00144847
0.00063538
0.00050433
-0.00060538
0.00056941
-0.00150516
0.00062992
0.00158283
0.00059221
-0.00010257
0.00065542
0.00066804
0.00143710
0.00115738
0.00107272
0.00053098
0.00082248
-0.00088781
-0.00022224
-0.00150690
0.00204775
-0.03771493
0.00037585
-0.00085789
-0.00042219
0.00015891
0.00033035
0.00007344
-0.00136714
-0.00000911
0.00034628
-0.00068733
0.00037481
-0.00075114
0.00028917
0.00018429
0.00093938
0.00026961
-0.00099536
-0.00107439
0.00079493
0.00046952
0.00107932
-0.00037483
-0.00030316
0.00106509
0.00140748
-0.00126023
-0.00060096
-0.00081828
0.00070587
0.00045319
0.00053175
0.00030158
-0.00026266
0.00061972
0.00104727
0.00026845
-0.00009355
0.00133376
-0.00017865
0.00026789
-0.00004400
-0.00012568
-0.00145199
0.00062902
0.00049851
-0.00060616
0.00054087
-0.00151219
0.00063023
0.00158216
0.00060738
-0.00010295
0.00065804
0.00064630
0.00144248
0.00115761
0.00105846
0.00053819
0.00082904
-0.00089309
-0.00024207
-0.00149594
0.00205989
-0.03758341
0.00038927
-0.00085186
-0.00042889
0.00015416
0.00032221
0.00008586
-0.00137017
-0.00001356
0.00034779
-0.00069065
0.00037590
-0.00074814
0.00030328
0.00018975
0.00093809
0.00027399
-0.00098841
-0.00107343
0.00079487
0.00045812
0.00107564
-0.00038952
-0.00029035
0.00106241
0.00140204
-0.00125599
-0.00058937
-0.00082244
0.00070533
0.00044512
0.00053120
0.00028946
-0.00025093
0.00062102
0.00106305
0.00026356
-0.00007657
0.00133188
-0.00017292
0.00026497
-0.00004504
-0.00010150
-0.00145200
0.00063270
0.00050482
-0.00060879
0.00066087
-0.00150404
0.00062755
0.00157274
0.00059616
-0.00008615
0.00063704
0.00066695
0.00143300
0.00115952
0.00104680
0.00053262
0.00080392
-0.00088083
-0.00021895
-0.00150363
0.00205339
-0.03788540
0.00037018
-0.00085675
-0.00041138
0.00013718
0.00031421
0.00006217
-0.00137340
-0.00002551
0.00035681
-0.00070028
0.00039228
-0.00075028
0.00029274
0.00016905
0.00093650
0.00028071
-0.00098230
-0.00106897
0.00080474
0.00048149
0.00106953
-0.00037989
-0.00029308
0.00106442
0.00140003
-0.00127561
-0.00059921
-0.00080593
0.00071016
0.00045675
0.00053263
0.00029795
-0.00026450
0.00062248
0.00104963
0.00025848
-0.00011780
0.00133178
-0.00017087
0.00024125
-0.00003849
-0.00013334
-0.00144493
0.00061427
0.00047536
-0.00061430
0.00043768
-0.00150465
0.00062525
0.00159977
0.00061812
-0.00012537
0.00066316
0.00063036
0.00144000
0.00117247
0.00106268
0.00054411
0.00085543
-0.00089171
-0.00026211
-0.00149353
0.00206876
-0.03734607
0.00040485
-0.00083669
-0.00043859
0.00017190
0.00034207
0.00007475
-0.00137055
-0.00002412
0.00035882
-0.00069102
0.00038611
-0.00075306
0.00031488
0.00018148
0.00094165
0.00030150
-0.00096602
-0.00105688
0.00079909
0.00045600
0.00107211
-0.00039401
-0.00029660
0.00107396
0.00139453
-0.00125319
-0.00058841
-0.00085257
0.00072239
0.00043079
0.00052375
0.00024860
-0.00025019
0.00061975
0.00106615
0.00025486
-0.00015141
0.00133911
-0.00015480
0.00021285
-0.00004141
-0.00014601
-0.00148750
0.00060639
0.00044487
-0.00062128
0.00032980
-0.00149682
0.00060775
0.00160798
0.00062517
-0.00016626
0.00066073
0.00061683
0.00144502
0.00121869
0.00107232
0.00054384
0.00088427
-0.00090974
-0.00027890
-0.00152625
0.00207455
-0.03705379
0.00042796
-0.00082375
-0.00044266
0.00019209
0.00037576
0.00011078
-0.00139146
-0.00001790
0.00035634
-0.00066750
0.00038381
-0.00075216
0.00032170
0.00017661
0.00093446
0.00031346
-0.00094936
-0.00104555
0.00081446
0.00045895
0.00107927
-0.00038863
-0.00028574
0.00107094
0.00136549
-0.00125605
-0.00059622
-0.00088745
0.00074100
0.00040009
0.00051701
0.00020869
-0.00023916
0.00061747
0.00107961
0.00027690
-0.00008118
0.00132222
-0.00015820
0.00025312
-0.00005363
-0.00009693
-0.00148593
0.00063686
0.00049093
-0.00062008
0.00070021
-0.00148701
0.00061725
0.00157787
0.00057999
-0.00009305
0.00061591
0.00069487
0.00143572
0.00118793
0.00106243
0.00053059
0.00081699
-0.00089672
-0.00018824
-0.00154636
0.00205982
-0.03793729
0.00035622
-0.00086152
-0.00039467
0.00015799
0.00033378
0.00004689
-0.00137787
-0.00004316
0.00035642
-0.00067561
0.00040521
-0.00075045
0.00028271
0.00015020
0.00094114
0.00028647
-0.00098332
-0.00106696
0.00079659
0.00050652
0.00107439
-0.00036515
-0.00029396
0.00103720
0.00137586
-0.00128952
-0.00060231
-0.00079470
0.00070717
0.00045365
0.00052364
0.00030092
-0.00027556
0.00061817
0.00106415
0.00027903
-0.00003848
0.00129855
-0.00016582
0.00026559
-0.00005379
-0.00007070
-0.00144277
0.00065451
0.00052136
-0.00061008
0.00084236
-0.00149341
0.00063130
0.00156206
0.00056429
-0.00005184
0.00061016
0.00070958
0.00143063
0.00116232
0.00104544
0.00053760
0.00077640
-0.00087585
-0.00015126
-0.00152944
0.00204680
-0.03833223
0.00032429
-0.00087032
-0.00038248
0.00013385
0.00030235
0.00001719
-0.00136346
-0.00005281
0.00035968
-0.00068989
0.00040338
-0.00073811
0.00026766
0.00016091
0.00093625
0.00027765
-0.00099751
-0.00107619
0.00079090
0.00050870
0.00106522
-0.00036982
-0.00029315
0.00103621
0.00138650
-0.00130060
-0.00060181
-0.00076030
0.00069045
0.00047844
0.00052622
0.00034501
-0.00028319
0.00062770
0.00105472
0.00026122
-0.00008562
0.00130867
-0.00016086
0.00023344
-0.00005695
-0.00010522
-0.00145694
0.00063412
0.00047913
-0.00061616
0.00060437
-0.00149183
0.00063374
0.00158000
0.00057783
-0.00008846
0.00063193
0.00065743
0.00143569
0.00119272
0.00104563
0.00055742
0.00082102
-0.00089456
-0.00019661
-0.00152944
0.00204791
-0.03780256
0.00036844
-0.00084113
-0.00041012
0.00015077
0.00033575
0.00005939
-0.00137290
-0.00005504
0.00036814
-0.00067540
0.00039681
-0.00073802
0.00027580
0.00018069
0.00092905
0.00029125
-0.00096545
-0.00105800
0.00080409
0.00048269
0.00107344
-0.00039050
-0.00028974
0.00106032
0.00137399
-0.00128392
-0.00059854
-0.00080885
0.00070652
0.00044684
0.00051604
0.00029776
-0.00026430
0.00062797
0.00102879
0.00025683
-0.00010543
0.00131737
-0.00016268
0.00022252
-0.00005395
-0.00012506
-0.00144313
0.00062088
0.00045950
-0.00061312
0.00048167
-0.00150053
0.00064262
0.00158047
0.00059772
-0.00010345
0.00065924
0.00061900
0.00144361
0.00118643
0.00105120
0.00057037
0.00084129
-0.00088058
-0.00023399
-0.00149968
0.00205297
-0.03752378
0.00039855
-0.00083420
-0.00043385
0.00015253
0.00033685
0.00008539
-0.00137257
-0.00004247
0.00036985
-0.00068022
0.00038119
-0.00073381
0.00030352
0.00020091
0.00092283
0.00029476
-0.00094874
-0.00105072
0.00080936
0.00045682
0.00106873
-0.00041365
-0.00029577
0.00106553
0.00138782
-0.00125614
-0.00060115
-0.00084173
0.00071879
0.00043153
0.00052102
0.00029041
-0.00025031
0.00062950
0.00102402
0.00023508
-0.00014598
0.00132013
-0.00016736
0.00020619
-0.00005682
-0.00016944
-0.00144813
0.00060399
0.00044329
-0.00061175
0.00031413
-0.00149749
0.00063848
0.00159403
0.00061682
-0.00014474
0.00066315
0.00058155
0.00145163
0.00121642
0.00105002
0.00058720
0.00088598
-0.00089421
-0.00029320
-0.00149748
0.00206441
-0.03703073
0.00043980
-0.00082084
-0.00046282
0.00017581
0.00035781
0.00011785
-0.00137435
-0.00002796
0.00037506
-0.00066439
0.00037088
-0.00073749
0.00032529
0.00019808
0.00091474
0.00030481
-0.00093815
-0.00103571
0.00082346
0.00045254
0.00108028
-0.00043299
-0.00029245
0.00109301
0.00138280
-0.00123645
-0.00060393
-0.00087538
0.00073399
0.00040344
0.00052080
0.00024729
-0.00024248
0.00063786
0.00101625
0.00021368
-0.00016437
0.00132856
-0.00016224
0.00020472
-0.00005565
-0.00017258
-0.00146389
0.00059395
0.00044005
-0.00061652
0.00022738
-0.00149108
0.00063703
0.00159753
0.00060661
-0.00016969
0.00066048
0.00056339
0.00144217
0.00125379
0.00103551
0.00058782
0.00091009
-0.00091071
-0.00030609
-0.00152685
0.00205918
-0.03691076
0.00046291
-0.00083016
-0.00047276
0.00017137
0.00038421
0.00012656
-0.00139055
-0.00003477
0.00036906
-0.00065248
0.00035763
-0.00073727
0.00032213
0.00017389
0.00090489
0.00031343
-0.00092551
-0.00101599
0.00083827
0.00047185
0.00107861
-0.00042654
-0.00031428
0.00110049
0.00138325
-0.00123781
-0.00062616
-0.00088872
0.00074304
0.00039253
0.00053122
0.00021520
-0.00022829
0.00063562
0.00102731
0.00024748
-0.00008617
0.00131669
-0.00017075
0.00024108
-0.00005686
-0.00011987
-0.00142986
0.00061830
0.00049134
-0.00060752
0.00048975
-0.00150209
0.00063728
0.00157293
0.00058965
-0.00010685
0.00064055
0.00062698
0.00142977
0.00119557
0.00103868
0.00056642
0.00083744
-0.00088544
-0.00023487
-0.00150543
0.00205223
-0.03762411
0.00039833
-0.00085070
-0.00043610
0.00013285
0.00032923
0.00006389
-0.00136369
-0.00003849
0.00036112
-0.00067287
0.00036461
-0.00074713
0.00030978
0.00018624
0.00092148
0.00029180
-0.00096206
-0.00104498
0.00081440
0.00049637
0.00106624
-0.00040928
-0.00030333
0.00106893
0.00140185
-0.00125174
-0.00062055
-0.00082025
0.00072090
0.00043953
0.00053404
0.00030089
-0.00026203
0.00064481
0.00103098
0.00025092
-0.00009984
0.00132021
-0.00017458
0.00024611
-0.00006140
-0.00013685
-0.00143062
0.00061899
0.00048848
-0.00061214
0.00047191
-0.00150117
0.00063416
0.00157920
0.00058299
-0.00011240
0.00065605
0.00062371
0.00143361
0.00120392
0.00104720
0.00056736
0.00084324
-0.00088848
-0.00024975
-0.00149983
0.00205473
-0.03749643
0.00040752
-0.00084475
-0.00043993
0.00014078
0.00033757
0.00006422
-0.00136563
-0.00003510
0.00036306
-0.00066522
0.00036887
-0.00074933
0.00031982
0.00019401
0.00091994
0.00029702
-0.00094990
-0.00103970
0.00081526
0.00048855
0.00106870
-0.00040873
-0.00030858
0.00106776
0.00140026
-0.00123836
-0.00062081
-0.00083652
0.00071575
0.00043139
0.00053008
0.00028827
-0.00025657
0.00064569
0.00102601
0.00023264
-0.00012617
0.00133206
-0.00017013
0.00022454
-0.00005409
-0.00016330
-0.00144410
0.00059694
0.00046705
-0.00060555
0.00030019
-0.00150612
0.00063422
0.00159353
0.00060452
-0.00015777
0.00067942
0.00059199
0.00144862
0.00122246
0.00104086
0.00056663
0.00088032
-0.00089435
-0.00029979
-0.00149199
0.00205010
-0.03711240
0.00043928
-0.00082915
-0.00045765
0.00015594
0.00035752
0.00008863
-0.00136770
-0.00002890
0.00036246
-0.00065961
0.00035663
-0.00075937
0.00034135
0.00018843
0.00092539
0.00031337
-0.00092822
-0.00102811
0.00082457
0.00047226
0.00107823
-0.00041831
-0.00032014
0.00107515
0.00140317
-0.00124103
-0.00062436
-0.00087745
0.00073238
0.00041153
0.00052643
0.00025233
-0.00024129
0.00064411
0.00102613
0.00025148
-0.00011505
0.00132539
-0.00016577
0.00022882
-0.00003931
-0.00015733
-0.00144351
0.00060494
0.00047473
-0.00060151
0.00033505
-0.00150586
0.00064118
0.00159244
0.00059437
-0.00014641
0.00065947
0.00061928
0.00144832
0.00120342
0.00104871
0.00055272
0.00087471
-0.00088895
-0.00029227
-0.00149094
0.00205821
-0.03726613
0.00042275
-0.00083142
-0.00044141
0.00016015
0.00034789
0.00010429
-0.00136956
-0.00003055
0.00035542
-0.00065915
0.00036579
-0.00076034
0.00032928
0.00019305
0.00092730
0.00030530
-0.00094703
-0.00103682
0.00080143
0.00047283
0.00107760
-0.00041593
-0.00031547
0.00107578
0.00141662
-0.00125092
-0.00061082
-0.00086624
0.00072651
0.00041868
0.00052389
0.00027023
-0.00024754
0.00064768
