0.01922607
-0.03701782
0.01123047
-0.00410461
-0.00812531
0.03320312
-0.02395630
-0.03936768
-0.01733398
0.00060272
0.01440430
-0.00457382
0.02575684
0.01301575
-0.03881836
0.02088928
0.03298950
0.01504517
-0.00176907
-0.01550293
-0.01367950
-0.00824738
0.01255798
-0.00444031
0.02551270
-0.00588608
-0.01435852
0.01814270
-0.01177979
-0.01240540
0.01052094
-0.00196457
0.02087402
0.02070618
0.02821350
0.01277924
-0.00551987
-0.00978088
0.02708435
-0.01817322
0.01892090
-0.01225281
0.03662109
-0.02857971
-0.01094055
0.02352905
0.02621460
0.01950073
0.02186584
0.02175903
0.00965881
0.03710938
-0.04400635
0.00112629
-0.02246094
0.02037048
0.01593018
-0.01161957
-0.03295898
-0.01316833
-0.00968170
-0.01271057
0.00039601
-0.00954437
0.43457031
0.47802734
-0.03527832
-0.10333252
0.25634766
0.15014648
-0.23571777
0.05609131
-0.23706055
0.19360352
0.23791504
-0.21398926
0.33422852
0.21289062
0.07745361
0.16931152
0.37915039
0.59326172
0.50683594
-0.16613770
-0.13696289
-0.16259766
0.15417480
1.38769531
0.04156494
-0.14733887
-0.03784180
0.00822449
0.00203133
0.09722900
-0.02076721
0.03991699
-0.47460938
0.09948730
-0.39599609
-0.31713867
-0.09814453
0.19311523
-0.08221436
-0.23193359
-0.14636230
0.16406250
-0.04846191
-0.25170898
-0.26684570
0.13427734
0.22192383
-0.04061890
0.20385742
0.16479492
0.20141602
0.58935547
0.03887939
0.41552734
-0.87451172
0.08197021
-0.79248047
-0.07690430
0.03091431
-0.01474762
-0.02510071
0.02235413
0.03710938
0.02589417
0.65478516
0.18603516
0.33520508
0.24890137
0.34057617
0.01660156
-0.28613281
0.22583008
-0.30810547
0.32153320
0.35839844
-0.36499023
0.34179688
0.32812500
0.21301270
0.20373535
0.50976562
0.61962891
0.44946289
-0.16809082
-0.15856934
-0.24206543
0.20019531
1.28613281
0.00009060
0.11016846
0.18249512
0.05014038
0.17907715
0.10882568
-0.16784668
0.11920166
0.15429688
0.47436523
-0.27514648
-0.31274414
0.18261719
0.33398438
-0.25903320
-0.28710938
-0.31347656
0.34008789
-0.26391602
-0.29833984
-0.34838867
0.17199707
0.20056152
-0.14904785
0.21276855
0.17895508
0.23864746
0.91455078
0.08355713
0.54589844
-1.14355469
0.09423828
-0.55664062
-0.01824951
-0.00979614
0.18542480
-0.07495117
0.17285156
0.11004639
0.16186523
0.15319824
-0.06274414
0.17492676
0.18139648
0.21801758
0.06591797
-0.32055664
0.13024902
-0.30664062
0.28369141
0.33886719
-0.25756836
0.38305664
0.30737305
-0.00852966
0.25463867
0.43994141
0.50341797
0.33325195
-0.22473145
-0.22570801
-0.24853516
0.22802734
1.11523438
0.13452148
0.04974365
0.08984375
0.14697266
0.10705566
0.09667969
-0.11090088
0.12005615
0.39404297
0.24584961
-0.04782104
-0.13073730
0.16186523
0.34472656
-0.22143555
-0.33227539
-0.24340820
0.27441406
-0.05337524
-0.34985352
-0.20568848
0.23339844
0.27221680
-0.02740479
0.28198242
0.24731445
0.26464844
0.83251953
-0.12017822
0.51367188
-1.07324219
0.17089844
-0.44482422
-0.12878418
-0.16870117
0.10266113
-0.13403320
0.10662842
0.12292480
0.11169434
-0.33349609
-0.24072266
0.15661621
0.30883789
0.17553711
0.00195312
-0.32397461
0.21594238
-0.32080078
0.30517578
0.44140625
-0.35327148
0.41845703
0.37890625
-0.01992798
0.32641602
0.47021484
0.50634766
0.37573242
-0.23217773
-0.26147461
-0.22277832
0.22717285
1.00683594
0.16406250
-0.09588623
-0.07305908
0.08282471
-0.04614258
-0.02272034
0.03540039
0.00241089
0.34521484
0.03350830
0.16052246
0.01966858
0.32641602
0.43261719
-0.33813477
-0.36254883
-0.34521484
0.39331055
-0.07122803
-0.39111328
-0.32470703
0.24243164
0.34301758
-0.04998779
0.32763672
0.29443359
0.28295898
0.90527344
-0.05255127
0.48144531
-1.07226562
0.20007324
-0.44604492
-0.09051514
-0.14599609
-0.05590820
-0.04782104
-0.04177856
0.01187897
-0.03111267
-0.70312500
-0.47558594
0.33178711
0.32397461
0.16674805
-0.07073975
-0.10449219
0.17993164
-0.14184570
0.11737061
0.21740723
-0.10546875
0.38183594
0.18920898
-0.02287292
0.18701172
0.35498047
0.54589844
0.44384766
-0.20397949
-0.14440918
-0.15832520
0.17175293
1.31445312
0.08795166
-0.16491699
-0.07818604
0.04711914
-0.03567505
0.06082153
0.01463318
0.02812195
-0.01513672
-0.00683594
0.17907715
-0.06408691
0.22888184
0.25537109
-0.21557617
-0.15625000
-0.25146484
0.20410156
0.12902832
-0.30761719
-0.13500977
0.18127441
0.24877930
-0.00493622
0.24475098
0.21105957
0.21044922
0.56347656
-0.05963135
0.36425781
-0.84082031
0.11914062
-0.71044922
-0.09820557
-0.04339600
-0.05438232
-0.04190063
-0.01858521
0.03009033
-0.00628281
-0.68603516
-0.53173828
0.07641602
0.74023438
0.14880371
-0.36572266
0.16357422
0.58984375
-0.15222168
0.33007812
0.58886719
-0.58496094
0.26367188
0.32543945
0.83789062
0.16333008
0.60449219
0.97705078
0.99218750
-0.09857178
-0.17333984
-0.08660889
0.12109375
2.07031250
-0.15820312
-0.66796875
-0.45214844
-0.35180664
-0.35449219
-0.06256104
0.30468750
-0.25366211
-1.46191406
-1.07128906
1.12988281
0.51123047
0.71972656
0.14221191
-0.54394531
0.04418945
-0.54541016
0.62597656
-0.71142578
-0.14624023
-0.71435547
-0.02331543
0.18676758
-0.50048828
0.13476562
0.10906982
0.28955078
0.47851562
1.02636719
0.45214844
-0.83740234
0.01479340
-1.67871094
0.11694336
0.45874023
-0.39306641
0.30200195
-0.29052734
-0.26220703
-0.29125977
0.23950195
0.11578369
-0.17712402
0.07635498
-0.17065430
-0.28637695
-0.08282471
0.33593750
-0.18701172
0.17602539
0.41699219
-0.29492188
0.42773438
0.33789062
-0.07751465
0.30957031
0.36279297
0.39648438
0.30541992
-0.23620605
-0.26635742
-0.21337891
0.22412109
0.95800781
0.16955566
-0.04129028
-0.01059723
0.09423828
0.01329803
0.02644348
-0.02145386
0.04367065
-0.35839844
-0.20239258
0.14392090
0.30859375
0.33984375
0.30761719
-0.44042969
-0.22570801
-0.40039062
0.42578125
0.02160645
-0.41552734
-0.27587891
0.26098633
0.32495117
0.00376892
0.32128906
0.28808594
0.28417969
0.78759766
-0.11193848
0.46850586
-0.98339844
0.20068359
-0.40527344
-0.11041260
-0.13476562
0.00445557
-0.07226562
0.01728821
0.04992676
0.02371216
0.82714844
0.40820312
-0.30688477
0.18774414
-0.10211182
-0.22326660
0.05859375
0.23437500
-0.01892090
0.03912354
0.16064453
-0.02032471
0.38891602
0.15856934
0.01766968
0.16418457
0.34301758
0.58300781
0.48339844
-0.19567871
-0.11138916
-0.16479492
0.16650391
1.50488281
0.02655029
-0.08673096
0.02333069
0.03552246
0.05111694
0.10357666
-0.06304932
0.06958008
-0.12988281
-0.48730469
0.40722656
0.35937500
0.28857422
0.08935547
-0.19836426
-0.00811768
-0.30053711
0.20593262
0.19445801
-0.32055664
-0.00341797
0.19763184
0.23193359
-0.00627136
0.23657227
0.20654297
0.21728516
0.63867188
-0.01455688
0.41235352
-0.97314453
0.08654785
-0.78515625
-0.06457520
0.00056410
0.04083252
-0.05065918
0.06359863
0.06549072
0.06622314
0.15051270
0.11627197
-0.09790039
-0.04168701
-0.18969727
-0.33447266
-0.05923462
0.32592773
-0.19628906
0.15454102
0.41796875
-0.26757812
0.51123047
0.34838867
-0.10925293
0.33813477
0.43627930
0.49609375
0.33300781
-0.28369141
-0.30102539
-0.28784180
0.28564453
0.93261719
0.22070312
0.08496094
0.10083008
0.20703125
0.12585449
0.12231445
-0.13317871
0.15380859
0.22326660
0.02989197
-0.01647949
0.18957520
0.19897461
0.25146484
-0.46655273
-0.26904297
-0.36767578
0.39550781
0.05371094
-0.50781250
-0.28930664
0.35644531
0.35791016
0.06298828
0.38134766
0.34008789
0.33300781
0.88037109
-0.16772461
0.54980469
-1.06152344
0.25097656
-0.32348633
-0.19287109
-0.24731445
0.11767578
-0.18359375
0.12939453
0.16040039
0.13562012
-0.31542969
0.18920898
-0.23767090
-0.30078125
-0.39062500
-0.42675781
0.19848633
0.40991211
-0.03613281
0.09814453
0.41357422
-0.20837402
0.43334961
0.29541016
0.05169678
0.29394531
0.50244141
0.58496094
0.45068359
-0.24731445
-0.24011230
-0.22534180
0.22827148
1.21289062
0.14233398
-0.26513672
-0.21154785
-0.00546646
-0.17480469
-0.10028076
0.15600586
-0.09704590
0.61230469
0.34228516
-0.24731445
0.23278809
0.09204102
0.00231934
-0.40795898
-0.02099609
-0.45825195
0.47412109
0.04370117
-0.39916992
-0.22680664
0.23620605
0.31567383
-0.08819580
0.32983398
0.29614258
0.28833008
0.78857422
0.08056641
0.43554688
-0.98730469
0.19409180
-0.68310547
-0.04293823
-0.05804443
-0.19091797
0.04290771
-0.16674805
-0.08575439
-0.14855957
-0.21569824
-0.02751160
-0.00603104
-0.15356445
-0.21704102
-0.28930664
0.08001709
0.28369141
-0.08288574
0.07897949
0.30883789
-0.14172363
0.37377930
0.22961426
-0.01644897
0.21826172
0.30078125
0.37280273
0.23059082
-0.20654297
-0.18579102
-0.24340820
0.21398926
0.93261719
0.09472656
0.16882324
0.19287109
0.19348145
0.20288086
0.17517090
-0.20117188
0.19482422
0.02951050
0.12915039
-0.10058594
0.05230713
0.02026367
0.02233887
-0.33105469
-0.11651611
-0.30322266
0.31274414
0.04565430
-0.39697266
-0.10772705
0.29492188
0.23352051
0.04360962
0.26171875
0.22875977
0.24926758
0.76904297
-0.16870117
0.50976562
-1.03027344
0.14758301
-0.30444336
-0.13842773
-0.19335938
0.20227051
-0.19274902
0.20300293
0.19433594
0.20141602
-0.45117188
-0.18164062
-0.16650391
-0.23022461
-0.20068359
-0.17480469
0.07171631
0.14440918
0.04409790
-0.00924683
0.02337646
0.06982422
0.33789062
0.09576416
-0.10668945
0.12866211
0.21972656
0.42138672
0.35375977
-0.18237305
-0.07781982
-0.13793945
0.14428711
1.20605469
0.05279541
-0.02659607
0.04995728
0.09020996
0.07879639
0.13220215
-0.09106445
0.10668945
-0.35522461
0.40869141
-0.32080078
0.16650391
0.04492188
-0.04095459
-0.11065674
0.01106262
-0.18811035
0.10931396
0.25219727
-0.27758789
0.07214355
0.19946289
0.19042969
0.06246948
0.21423340
0.18750000
0.17663574
0.49121094
-0.16918945
0.33593750
-0.80712891
0.08435059
-0.57421875
-0.10345459
-0.06451416
0.06719971
-0.09906006
0.09130859
0.10412598
0.09600830
0.11999512
-0.51855469
0.12109375
-0.36157227
-0.27148438
-0.19335938
0.16650391
0.18969727
0.09899902
-0.02203369
0.05389404
0.07287598
0.37036133
0.12121582
-0.06408691
0.15734863
0.29809570
0.50585938
0.40283203
-0.21582031
-0.09753418
-0.17529297
0.18066406
1.35351562
0.05773926
-0.08117676
0.00779343
0.06854248
0.03836060
0.09448242
-0.05130005
0.07208252
-0.74658203
0.14575195
-0.41748047
-0.01062012
-0.09082031
-0.14978027
-0.10034180
0.09423828
-0.25219727
0.17602539
0.26245117
-0.30468750
0.08209229
0.21166992
0.21899414
0.02609253
0.25146484
0.22619629
0.20825195
0.58593750
-0.11755371
0.37036133
-0.91210938
0.10974121
-0.67480469
-0.08447266
-0.05383301
0.02545166
-0.07135010
0.04980469
0.07080078
0.05670166
0.55664062
-0.38281250
0.24743652
-0.33471680
-0.32568359
-0.30615234
0.24023438
0.30566406
0.00253296
0.01245117
0.27929688
-0.09997559
0.47338867
0.20910645
0.00122070
0.24621582
0.42626953
0.67138672
0.59960938
-0.24975586
-0.21472168
-0.19067383
0.21923828
1.43164062
0.13879395
-0.34082031
-0.24182129
-0.00422668
-0.17248535
0.02299500
0.13403320
-0.05187988
-0.25073242
-0.17602539
-0.24743652
-0.08599854
-0.11120605
-0.17895508
-0.23815918
0.01354980
-0.30493164
0.30224609
0.11657715
-0.37084961
-0.17932129
0.22631836
0.30346680
-0.02774048
0.32763672
0.29663086
0.30371094
0.57128906
0.14501953
0.42578125
-0.85644531
0.17761230
-0.90673828
-0.12384033
-0.00321770
-0.20349121
0.01739502
-0.13769531
-0.04473877
-0.12017822
0.27880859
0.09539795
0.15173340
0.00277710
-0.07861328
-0.22912598
0.47045898
0.41674805
0.13208008
-0.07788086
0.44433594
-0.19775391
0.52050781
0.32617188
-0.04022217
0.35766602
0.44750977
0.47802734
0.35424805
-0.28442383
-0.30664062
-0.24719238
0.27124023
0.97705078
0.19116211
-0.16198730
-0.14074707
0.03845215
-0.11010742
-0.07611084
0.09741211
-0.05310059
0.31494141
-0.19580078
0.16088867
-0.30786133
-0.36279297
-0.37646484
-0.18798828
0.17858887
-0.45971680
0.50585938
0.17224121
-0.52050781
-0.25415039
0.33105469
0.35913086
-0.00891113
0.39208984
0.35571289
0.33740234
0.82128906
-0.02664185
0.46850586
-0.98437500
0.25317383
-0.48364258
-0.06787109
-0.10913086
-0.12280273
0.00047541
-0.10534668
-0.04211426
-0.09222412
-0.12084961
0.25732422
0.15649414
0.09594727
0.01287842
-0.10815430
0.49975586
0.36743164
0.19726562
-0.09875488
0.40917969
-0.11975098
0.51806641
0.29150391
-0.03384399
0.33642578
0.50439453
0.58447266
0.42333984
-0.30102539
-0.28735352
-0.26831055
0.27709961
1.14160156
0.18957520
-0.21411133
-0.16381836
0.02470398
-0.12951660
-0.07220459
0.11206055
-0.06292725
0.61718750
-0.23291016
0.24768066
-0.34545898
-0.40673828
-0.44824219
-0.07049561
0.26684570
-0.44531250
0.50292969
0.18542480
-0.48339844
-0.16918945
0.30810547
0.34619141
-0.03106689
0.40600586
0.36376953
0.34008789
0.83398438
0.05184937
0.47485352
-1.00878906
0.24389648
-0.62207031
-0.07586670
-0.08953857
-0.14416504
0.01182556
-0.12207031
-0.05212402
-0.10656738
-1.46484375
1.22363281
0.26123047
0.37597656
0.01440430
0.14575195
0.42797852
0.02246094
0.40600586
-0.23754883
1.00976562
-0.51904297
0.59326172
0.38598633
0.83593750
0.28173828
0.75000000
1.13671875
1.08203125
-0.14672852
-0.23107910
-0.19799805
0.17102051
2.21093750
-0.15039062
-0.76562500
-0.54931641
-0.39013672
-0.44042969
-0.14489746
0.38769531
-0.32250977
0.72363281
-0.10974121
1.15917969
-0.83398438
-0.75000000
-0.26831055
0.30932617
0.55468750
-0.40014648
0.71337891
-0.26489258
-0.50830078
-0.69970703
0.13427734
0.38256836
-0.49658203
0.24536133
0.21337891
0.37475586
0.68457031
1.11621094
0.56640625
-0.99755859
0.04528809
-1.80761719
0.15295410
0.47436523
-0.48217773
0.35449219
-0.37524414
-0.32739258
-0.37304688
-0.39965820
0.27636719
-0.13989258
0.24133301
0.20581055
0.10894775
0.35717773
0.18347168
0.27636719
-0.18896484
0.40527344
-0.09729004
0.53710938
0.26489258
0.01019287
0.26586914
0.45336914
0.55859375
0.37866211
-0.25878906
-0.20849609
-0.31713867
0.25927734
1.20898438
0.07769775
0.16369629
0.21972656
0.12731934
0.22119141
0.15197754
-0.21215820
0.17285156
-0.22705078
0.20544434
0.27587891
-0.15307617
-0.20251465
-0.27001953
0.10180664
0.28662109
-0.30908203
0.40454102
0.17114258
-0.54052734
-0.15747070
0.35742188
0.27978516
-0.00668335
0.33789062
0.28613281
0.30029297
0.96875000
-0.07745361
0.60644531
-1.20410156
0.15942383
-0.45947266
-0.09155273
-0.10284424
0.22583008
-0.14318848
0.21606445
0.16723633
0.20678711
0.03656006
-0.03570557
-0.16748047
0.27587891
0.29614258
0.14941406
0.51318359
0.31127930
0.27685547
-0.19995117
0.38916016
-0.08654785
0.54687500
0.28222656
-0.09692383
0.36206055
0.46215820
0.50537109
0.37792969
-0.30371094
-0.31250000
-0.24011230
0.27465820
0.95068359
0.21630859
-0.15234375
-0.14135742
0.06744385
-0.11065674
-0.07653809
0.09674072
-0.04412842
-0.39624023
0.17333984
0.02430725
0.01776123
-0.20922852
-0.44165039
0.13024902
0.35302734
-0.39526367
0.47998047
0.26367188
-0.53125000
-0.18090820
0.36425781
0.35302734
0.02008057
0.42504883
0.38769531
0.35253906
0.82226562
-0.02838135
0.45043945
-0.97070312
0.26831055
-0.44775391
-0.09112549
-0.15393066
-0.12341309
-0.01962280
-0.10693359
-0.03083801
-0.09063721
0.57031250
-0.23327637
-0.32202148
0.35229492
0.38427734
0.28808594
0.40844727
0.17224121
0.36718750
-0.25170898
0.33300781
-0.01428223
0.54150391
0.25537109
-0.07745361
0.33032227
0.45043945
0.54589844
0.40356445
-0.30957031
-0.27294922
-0.26611328
0.27636719
1.23046875
0.17138672
-0.12298584
-0.06811523
0.08026123
-0.03469849
0.00908661
0.02035522
0.01673889
-0.34545898
0.30761719
-0.01647949
0.11773682
-0.11688232
-0.34814453
0.26391602
0.41015625
-0.32202148
0.43432617
0.29785156
-0.51904297
-0.05761719
0.35742188
0.34716797
0.00408936
0.41577148
0.36840820
0.34301758
0.87011719
-0.04040527
0.51074219
-1.11425781
0.22973633
-0.60742188
-0.10888672
-0.12573242
-0.04736328
-0.05331421
-0.02638245
0.02468872
-0.01567078
0.11450195
-0.01367188
0.03088379
0.09790039
0.20910645
0.20727539
0.44580078
0.30712891
0.20861816
-0.16040039
0.24084473
0.00000000
0.49902344
0.20983887
-0.17333984
0.30346680
0.33398438
0.35400391
0.21472168
-0.28027344
-0.28076172
-0.24060059
0.26440430
0.70996094
0.21972656
0.01629639
0.01013184
0.15930176
0.03387451
0.03305054
-0.04238892
0.07427979
0.10314941
-0.04055786
-0.03041077
0.06738281
-0.06591797
-0.35107422
0.16467285
0.30761719
-0.33203125
0.33764648
0.28344727
-0.50292969
-0.09045410
0.38623047
0.30175781
0.12268066
0.38525391
0.34765625
0.31225586
0.71777344
-0.21240234
0.43164062
-0.87500000
0.25756836
-0.24243164
-0.14489746
-0.22644043
0.02549744
-0.12231445
0.03585815
0.08465576
0.04565430
0.23632812
-1.02441406
-0.53808594
0.43334961
0.72753906
0.37695312
0.00244141
-0.35229492
0.54980469
-0.46386719
0.92333984
-0.36547852
0.57714844
0.31103516
0.75195312
0.26562500
0.57519531
0.95703125
0.96240234
-0.13061523
-0.22497559
-0.10363770
0.14477539
2.06835938
-0.13134766
-0.66943359
-0.45629883
-0.34912109
-0.35620117
-0.06146240
0.30541992
-0.25317383
1.59765625
-0.61621094
-0.99658203
0.78857422
0.10522461
0.10900879
0.56787109
0.47485352
-0.13610840
0.53466797
0.01879883
-0.47973633
-0.49707031
0.09887695
0.41430664
-0.45483398
0.22937012
0.22509766
0.37792969
0.47070312
1.01562500
0.44848633
-0.83300781
0.05895996
-1.68164062
0.10894775
0.45458984
-0.39526367
0.30029297
-0.29077148
-0.26123047
-0.29174805
-0.33154297
0.06787109
0.12084961
-0.06866455
0.23803711
0.40698242
0.28271484
0.09680176
0.36425781
-0.27783203
0.21582031
0.02221680
0.48120117
0.21118164
-0.10986328
0.31982422
0.37207031
0.39404297
0.30493164
-0.26855469
-0.26489258
-0.17773438
0.23510742
0.81787109
0.18090820
-0.21972656
-0.21569824
0.00358391
-0.18688965
-0.14575195
0.17285156
-0.11590576
0.16137695
-0.15673828
-0.11132812
0.24743652
0.20532227
-0.12280273
0.39501953
0.42358398
-0.24035645
0.33764648
0.32788086
-0.46679688
-0.07263184
0.34155273
0.31201172
0.04708862
0.38452148
0.35473633
0.30615234
0.71093750
-0.04565430
0.34619141
-0.83691406
0.24145508
-0.42749023
-0.02845764
-0.09722900
-0.20019531
0.04757690
-0.18334961
-0.10205078
-0.16625977
-0.61914062
0.01123047
0.00830078
0.07012939
0.19018555
0.17724609
0.03022766
-0.04541016
0.20690918
-0.08514404
-0.16308594
0.22473145
0.23706055
0.02026367
-0.12976074
0.10754395
0.18530273
0.38989258
0.31420898
-0.21154785
-0.06176758
-0.15747070
0.16992188
1.26855469
0.05068970
-0.01190948
0.06719971
0.09674072
0.09509277
0.13757324
-0.10552979
0.11663818
-0.07775879
-0.49902344
-0.39599609
0.29418945
0.09655762
0.02343750
0.12695312
0.14978027
-0.01892090
0.06915283
0.20532227
-0.16601562
0.25463867
0.20556641
0.15551758
0.07080078
0.23352051
0.22143555
0.19775391
0.48413086
-0.20104980
0.33666992
-0.84423828
0.10369873
-0.59375000
-0.09844971
-0.06976318
0.08428955
-0.10601807
0.10644531
0.11334229
0.10974121
-0.45947266
1.12304688
1.05273438
-0.62109375
0.33862305
0.21423340
-0.28686523
-0.50927734
0.56542969
-0.57128906
0.90722656
-0.30200195
0.62158203
0.30322266
0.72851562
0.28369141
0.56787109
0.95166016
0.95605469
-0.13659668
-0.23461914
-0.10681152
0.14929199
2.06835938
-0.12622070
-0.66992188
-0.45703125
-0.34863281
-0.35644531
-0.06127930
0.30566406
-0.25292969
-1.54882812
-0.41015625
-0.41870117
0.65039062
0.65234375
0.32861328
0.49047852
0.30029297
0.03247070
0.41723633
0.17346191
-0.52197266
-0.44067383
0.12060547
0.45410156
-0.44384766
0.24658203
0.24670410
0.39404297
0.46923828
1.01464844
0.44775391
-0.83251953
0.06719971
-1.68066406
0.10742188
0.45385742
-0.39575195
0.30004883
-0.29101562
-0.26098633
-0.29174805
-0.07861328
-0.13671875
-0.12683105
-0.02470398
0.04336548
0.38940430
0.19702148
0.10125732
0.30444336
-0.28662109
0.17797852
0.09179688
0.56542969
0.16711426
-0.29345703
0.29150391
0.25512695
0.28417969
0.20605469
-0.30029297
-0.27929688
-0.24890137
0.27172852
0.53369141
0.23229980
0.16137695
0.14208984
0.21716309
0.15673828
0.12371826
-0.15808105
0.16809082
0.06185913
-0.03781128
0.00415039
0.01925659
0.15527344
-0.00262451
0.40161133
0.39477539
-0.17443848
0.22473145
0.34277344
-0.54931641
-0.06140137
0.45556641
0.25048828
0.19641113
0.39208984
0.35107422
0.31640625
0.73242188
-0.24218750
0.44946289
-0.83984375
0.25390625
-0.05123901
-0.19226074
-0.26025391
0.15319824
-0.19433594
0.15588379
0.17333984
0.15881348
0.48999023
0.03256226
0.08886719
-0.29516602
-0.15319824
0.34814453
-0.08111572
-0.18127441
0.47558594
-0.42602539
0.20104980
0.11437988
0.55371094
0.19189453
-0.12353516
0.33544922
0.45727539
0.52441406
0.37329102
-0.32739258
-0.28393555
-0.25488281
0.27807617
1.07128906
0.19982910
-0.18835449
-0.15942383
0.05493164
-0.12695312
-0.07763672
0.11120605
-0.05468750
0.12084961
0.22656250
0.18395996
-0.08996582
0.35351562
0.29760742
0.49487305
0.40820312
-0.04675293
0.26660156
0.39721680
-0.50585938
-0.00512695
0.39477539
0.32373047
0.03717041
0.45214844
0.40234375
0.34643555
0.83886719
-0.02481079
0.45214844
-1.00683594
0.25488281
-0.54248047
-0.08581543
-0.13647461
-0.14099121
-0.00841522
-0.12200928
-0.04150391
-0.10467529
0.67333984
-0.38647461
0.29370117
-0.80761719
-0.33300781
-0.05230713
-0.49633789
-0.58593750
0.53076172
-0.64990234
0.86523438
-0.23364258
0.66064453
0.29394531
0.70361328
0.30102539
0.56005859
0.94580078
0.94970703
-0.14257812
-0.24414062
-0.11004639
0.15368652
2.06835938
-0.12121582
-0.66992188
-0.45800781
-0.34814453
-0.35668945
-0.06106567
0.30566406
-0.25292969
1.46875000
1.13183594
1.09375000
-0.39697266
0.65527344
0.38867188
0.27661133
0.07812500
0.19824219
0.27954102
0.32324219
-0.55566406
-0.37939453
0.14196777
0.49218750
-0.43237305
0.26342773
0.26806641
0.41015625
0.46752930
1.01171875
0.44677734
-0.83154297
0.07550049
-1.68164062
0.10589600
0.45312500
-0.39624023
0.29956055
-0.29101562
-0.26098633
-0.29199219
-0.24194336
-0.20812988
-0.07568359
-0.13769531
-0.25976562
0.15527344
-0.20434570
-0.24560547
0.43188477
-0.37841797
0.06701660
0.18505859
0.45117188
0.13769531
-0.16125488
0.28808594
0.31298828
0.37377930
0.24121094
-0.31176758
-0.24865723
-0.24377441
0.27807617
0.92285156
0.17822266
0.05685425
0.07110596
0.16015625
0.08416748
0.05874634
-0.08642578
0.10278320
0.33129883
0.09423828
0.16345215
-0.22497559
0.18432617
0.37963867
0.41333008
0.34326172
0.01867676
0.17773438
0.36694336
-0.42626953
0.10888672
0.38720703
0.27954102
0.09863281
0.40478516
0.37036133
0.32983398
0.75146484
-0.20385742
0.43945312
-0.97802734
0.24633789
-0.32617188
-0.12512207
-0.20776367
0.08056641
-0.13317871
0.07989502
0.10906982
0.08819580
-0.53662109
-0.28417969
-0.24450684
-0.01724243
-0.38134766
0.02087402
-0.32861328
-0.34057617
0.42797852
-0.46679688
0.13208008
0.14794922
0.49389648
0.16845703
-0.15478516
0.31445312
0.32031250
0.40966797
0.33154297
-0.32006836
-0.27270508
-0.25341797
0.27099609
1.03613281
0.18823242
-0.13488770
-0.09356689
0.06185913
-0.06341553
-0.01251221
0.04931641
-0.00744247
-0.02017212
-0.11749268
0.12438965
-0.33886719
0.07354736
0.42724609
0.31250000
0.23156738
0.13793945
0.12207031
0.40844727
-0.45483398
0.06799316
0.36914062
0.29882812
0.05694580
0.41455078
0.37353516
0.34326172
0.72802734
-0.03717041
0.44921875
-0.94238281
0.24047852
-0.50976562
-0.10632324
-0.11077881
-0.07568359
-0.03338623
-0.05639648
0.00165272
-0.04431152
-0.87353516
-0.63818359
-1.12109375
0.13574219
-0.72656250
-0.29345703
-0.56787109
-0.57031250
0.44824219
-0.69628906
0.79882812
-0.16174316
0.69335938
0.28295898
0.67626953
0.31811523
0.55224609
0.93945312
0.94238281
-0.14843750
-0.25390625
-0.11315918
0.15808105
2.06835938
-0.11621094
-0.66992188
-0.45874023
-0.34765625
-0.35693359
-0.06085205
0.30590820
-0.25268555
-1.35742188
-1.01074219
0.16503906
-0.88964844
0.11120605
0.26025391
-0.01440430
-0.15612793
0.34619141
0.12744141
0.46411133
-0.58056641
-0.31518555
0.16247559
0.52929688
-0.41967773
0.28027344
0.28906250
0.42602539
0.46582031
1.00976562
0.44628906
-0.83056641
0.08380127
-1.68164062
0.10437012
0.45239258
-0.39672852
0.29931641
-0.29101562
-0.26074219
-0.29199219
0.38134766
0.07580566
-0.71875000
0.28613281
-0.50390625
-0.21118164
-0.38525391
-0.36889648
0.31933594
-0.48291016
0.43457031
0.01910400
0.68310547
0.19213867
0.31689453
0.27294922
0.46679688
0.81689453
0.79785156
-0.18945312
-0.21752930
-0.13610840
0.17358398
1.82617188
-0.04367065
-0.40063477
-0.23413086
-0.17150879
-0.15710449
0.04528809
0.12164307
-0.08886719
-1.01171875
-0.81054688
-0.25146484
-0.54541016
-0.07763672
0.19604492
0.00268555
-0.07446289
0.26391602
0.01708984
0.41333008
-0.53271484
-0.14843750
0.25878906
0.41357422
-0.18286133
0.31835938
0.32006836
0.39550781
0.61816406
0.60693359
0.48071289
-0.93066406
0.10559082
-1.29492188
0.00841522
0.25976562
-0.18762207
0.13061523
-0.11041260
-0.09722900
-0.11120605
0.13610840
0.05804443
0.01980591
0.11248779
-0.14770508
-0.13830566
-0.29858398
-0.26000977
0.29956055
-0.31396484
-0.04394531
0.23999023
0.35644531
0.07397461
-0.18579102
0.22229004
0.20361328
0.30078125
0.22277832
-0.27294922
-0.17797852
-0.21533203
0.23242188
0.81933594
0.13989258
0.11828613
0.12500000
0.17993164
0.13183594
0.11669922
-0.13195801
0.14404297
0.00264549
-0.02819824
-0.03338623
-0.04095459
-0.12524414
0.30957031
0.21679688
0.21289062
0.11804199
0.04504395
0.30664062
-0.32910156
0.17651367
0.35107422
0.21362305
0.11413574
0.33642578
0.30786133
0.27392578
0.70996094
-0.22290039
0.42016602
-0.95166016
0.18505859
-0.22009277
-0.13659668
-0.20800781
0.12976074
-0.16430664
0.12915039
0.14770508
0.13439941
0.56005859
0.54345703
-0.12182617
0.37866211
-0.23852539
-0.25537109
-0.30590820
-0.30566406
0.23681641
-0.33398438
-0.05279541
0.22399902
0.39355469
0.08148193
-0.07189941
0.23010254
0.31591797
0.52099609
0.43481445
-0.28930664
-0.18518066
-0.21606445
0.24157715
1.35839844
0.10156250
-0.22680664
-0.13647461
-0.01705933
-0.09796143
-0.01152039
0.07910156
-0.04074097
0.56738281
-0.04895020
-0.44287109
-0.12890625
-0.25854492
0.15478516
-0.04937744
-0.06298828
0.27514648
-0.03283691
0.28906250
-0.28613281
0.17382812
0.28881836
0.26611328
0.02746582
0.36669922
0.35156250
0.32275391
0.59130859
0.04132080
0.38989258
-0.87011719
0.19079590
-0.78662109
-0.04821777
0.01239014
-0.11505127
0.02478027
-0.08447266
-0.03793335
-0.07275391
-0.20031738
0.24096680
0.15222168
0.33447266
-0.12145996
-0.39843750
-0.47900391
-0.43505859
0.35351562
-0.46118164
-0.02691650
0.30151367
0.47460938
0.08679199
-0.13830566
0.30078125
0.42187500
0.55029297
0.38134766
-0.36669922
-0.25512695
-0.29296875
0.31323242
1.25585938
0.18249512
-0.17431641
-0.12133789
0.07751465
-0.08520508
-0.02627563
0.06744385
-0.01229095
0.63281250
0.26660156
-0.24206543
0.11535645
-0.37573242
0.21118164
-0.02558899
0.01451111
0.30859375
-0.00549316
0.39697266
-0.37500000
0.20410156
0.40429688
0.30200195
0.06652832
0.48339844
0.43750000
0.36987305
0.81982422
-0.04025269
0.46875000
-1.06640625
0.26342773
-0.64941406
-0.09967041
-0.13891602
-0.10046387
-0.03979492
-0.07830811
-0.00150681
-0.05990601
-0.79296875
0.10058594
0.38574219
0.40673828
-0.09521484
-0.34521484
-0.35253906
-0.32934570
0.23986816
-0.39721680
0.06628418
0.21887207
0.56835938
0.11639404
0.00305176
0.28759766
0.43115234
0.71093750
0.63867188
-0.31176758
-0.24511719
-0.22875977
0.26586914
1.58398438
0.10888672
-0.37280273
-0.25244141
-0.08020020
-0.18762207
-0.01497650
0.15356445
-0.09356689
0.30078125
0.58154297
-0.33227539
0.18920898
-0.39990234
0.07238770
-0.12322998
-0.09228516
0.30200195
-0.06652832
0.38964844
-0.38549805
0.11682129
0.31616211
0.34667969
-0.02899170
0.43750000
0.42309570
0.40722656
0.64306641
0.28686523
0.44970703
-0.92626953
0.21301270
-1.03515625
-0.05609131
0.09185791
-0.21582031
0.08020020
-0.15466309
-0.09057617
-0.14233398
-0.59863281
-0.45678711
0.53710938
0.12792969
0.23876953
-0.34155273
-0.34692383
-0.34985352
0.21447754
-0.55322266
0.17968750
0.24121094
0.56542969
0.14892578
0.14123535
0.30346680
0.48339844
0.65087891
0.47241211
-0.30175781
-0.20263672
-0.29101562
0.27246094
1.41406250
0.00801086
0.08618164
0.16955566
0.02691650
0.16699219
0.09698486
-0.15649414
0.10418701
-0.54443359
0.41650391
0.10894775
0.47192383
-0.39282227
-0.16882324
-0.31909180
-0.28588867
0.47949219
-0.16271973
0.53613281
-0.48779297
0.09350586
0.38037109
0.36572266
-0.08813477
0.40893555
0.36962891
0.36425781
0.95068359
0.14074707
0.55761719
-1.19921875
0.16247559
-0.65673828
0.00132275
0.01815796
0.17431641
-0.05462646
0.16210938
0.09405518
0.15002441
-0.02581787
-0.19177246
0.16162109
0.12561035
0.02630615
-0.28906250
-0.30468750
-0.29345703
0.19836426
-0.25927734
-0.10925293
0.33154297
0.33862305
-0.00891113
-0.18957520
0.18627930
0.26293945
0.40380859
0.26708984
-0.32177734
-0.17395020
-0.28295898
0.28466797
1.05273438
0.13891602
0.07897949
0.12194824
0.15991211
0.14416504
0.14355469
-0.14990234
0.15588379
-0.32617188
0.14184570
-0.03012085
0.13659668
-0.18786621
0.02416992
-0.07281494
0.00738525
0.21508789
-0.03765869
0.23901367
-0.24072266
0.26342773
0.36865234
0.18029785
0.13256836
0.38134766
0.34619141
0.30224609
0.68261719
-0.18579102
0.45776367
-0.95849609
0.20959473
-0.40551758
-0.13964844
-0.16088867
0.13732910
-0.15747070
0.14843750
0.15637207
0.15185547
0.57031250
-0.24108887
0.04821777
-0.21752930
0.38159180
-0.37597656
-0.30444336
-0.34423828
0.15747070
-0.46289062
-0.08154297
0.34838867
0.46899414
0.07202148
-0.19177246
0.30712891
0.33300781
0.43579102
0.32031250
-0.37207031
-0.27807617
-0.29711914
0.30932617
1.14355469
0.18872070
-0.11169434
-0.05685425
0.08148193
-0.02679443
0.01002502
0.01413727
0.02012634
-0.25292969
-0.25927734
0.31787109
0.31445312
-0.18920898
-0.23168945
-0.36767578
-0.26196289
0.45605469
-0.20849609
0.44116211
-0.38037109
0.23608398
0.42919922
0.27734375
0.09362793
0.47021484
0.41845703
0.37011719
0.81835938
-0.04162598
0.50146484
-1.05175781
0.25805664
-0.56787109
-0.11474609
-0.12646484
-0.03863525
-0.05538940
-0.02095032
0.02784729
-0.01021576
0.74804688
-0.20666504
0.02124023
-0.23864746
0.32836914
-0.18054199
-0.13037109
-0.18054199
0.07495117
-0.31225586
-0.00329590
0.27807617
0.46044922
0.05035400
0.03503418
0.23718262
0.36035156
0.67236328
0.59960938
-0.29663086
-0.21691895
-0.23754883
0.25976562
1.66015625
0.05526733
-0.26904297
-0.13366699
-0.05923462
-0.07611084
0.06970215
0.04772949
-0.01728821
0.38159180
-0.59814453
0.53027344
0.37646484
-0.19006348
-0.23718262
-0.30224609
-0.25439453
0.34667969
-0.16638184
0.35400391
-0.30175781
0.20385742
0.31103516
0.33276367
-0.00689697
0.39428711
0.39770508
0.40332031
0.63720703
0.29101562
0.48779297
-0.97851562
0.18310547
-1.05566406
-0.05395508
0.11090088
-0.09924316
0.03665161
-0.04351807
-0.02078247
-0.03958130
0.01751709
0.14160156
-0.13574219
-0.24768066
0.33081055
-0.28417969
-0.24157715
-0.33178711
0.13586426
-0.40478516
-0.13476562
0.40234375
0.43676758
0.02380371
-0.21093750
0.28710938
0.35131836
0.48803711
0.33789062
-0.40234375
-0.26049805
-0.33593750
0.34155273
1.23339844
0.19628906
-0.01062012
0.03741455
0.15002441
0.06683350
0.09173584
-0.07733154
0.10388184
0.50439453
-0.25488281
0.18493652
0.12524414
-0.03472900
-0.31201172
-0.38549805
-0.24938965
0.41674805
-0.19555664
0.38574219
-0.31201172
0.30053711
0.44018555
0.25927734
0.11914062
0.50000000
0.44824219
0.38940430
0.84033203
-0.13037109
0.54882812
-1.14453125
0.27246094
-0.53466797
-0.15795898
-0.18237305
0.05685425
-0.13024902
0.07330322
0.10974121
0.08105469
-1.35546875
1.20605469
-1.13574219
-0.91406250
0.74804688
0.04351807
0.18554688
0.08374023
-0.08581543
-0.60986328
0.42724609
0.18554688
0.91455078
0.24499512
0.59033203
0.42846680
0.66601562
1.07812500
1.01757812
-0.21777344
-0.31860352
-0.23120117
0.21533203
2.20898438
-0.10510254
-0.76806641
-0.55566406
-0.38500977
-0.44311523
-0.14257812
0.38916016
-0.32104492
0.91113281
-0.23400879
0.35205078
0.02734375
0.05346680
-0.30224609
-0.49414062
-0.54882812
0.56347656
-0.44018555
0.95263672
-0.70263672
-0.07055664
0.32714844
0.70507812
-0.37695312
0.42333984
0.42163086
0.52246094
0.66503906
1.09472656
0.55322266
-0.98925781
0.11895752
-1.81054688
0.13854980
0.46630859
-0.48632812
0.35107422
-0.37622070
-0.32568359
-0.37402344
-0.53564453
0.34594727
-0.29785156
-0.23901367
0.17736816
0.05517578
0.03662109
-0.08062744
-0.07775879
-0.30395508
-0.10827637
0.37646484
0.39038086
0.01867676
-0.07690430
0.22875977
0.37500000
0.50781250
0.34399414
-0.32666016
-0.14733887
-0.30151367
0.26757812
1.22949219
0.05203247
0.05184937
0.11706543
0.04409790
0.11492920
0.05349731
-0.10528564
0.07360840
-0.23852539
0.21386719
-0.13891602
-0.22753906
0.29248047
-0.31127930
-0.34619141
-0.31640625
0.40429688
-0.29125977
0.36669922
-0.26293945
0.27661133
0.36523438
0.23876953
0.02435303
0.40893555
0.35156250
0.29809570
0.92089844
-0.03125000
0.50683594
-1.15429688
0.15576172
-0.52929688
-0.01867676
-0.03384399
0.11895752
-0.05273438
0.10668945
0.06909180
0.10101318
-0.10668945
0.13623047
-0.19140625
-0.18212891
0.18505859
0.05041504
0.04827881
-0.11669922
-0.03521729
-0.31738281
-0.15551758
0.36962891
0.28417969
-0.00781250
-0.14453125
0.24316406
0.30566406
0.44384766
0.30664062
-0.36279297
-0.21203613
-0.30273438
0.30810547
1.19726562
0.13745117
-0.02177429
0.03204346
0.10522461
0.05328369
0.06793213
-0.06079102
0.07769775
-0.54980469
0.32690430
-0.19946289
-0.22521973
0.24475098
-0.35009766
-0.38598633
-0.34179688
0.39843750
-0.26049805
0.31494141
-0.20043945
0.31225586
0.37597656
0.22607422
0.07836914
0.43652344
0.39599609
0.34912109
0.75927734
-0.06292725
0.48901367
-1.05664062
0.22912598
-0.55517578
-0.10430908
-0.12420654
0.04705811
-0.09289551
0.05654907
0.08087158
0.06304932
0.39672852
-0.16479492
0.04660034
-0.02282715
0.07043457
0.09851074
0.10650635
-0.12927246
-0.07360840
-0.30981445
-0.23303223
0.43408203
0.50488281
0.01086426
-0.27197266
0.30175781
0.29443359
0.38232422
0.30200195
-0.37890625
-0.29174805
-0.26464844
0.30590820
0.91552734
0.23242188
-0.16552734
-0.13659668
0.07183838
-0.09857178
-0.03820801
0.07928467
-0.02423096
-0.27978516
0.16259766
-0.22265625
-0.29418945
0.34130859
-0.42041016
-0.45605469
-0.39379883
0.43945312
-0.36035156
0.37768555
-0.31665039
0.28613281
0.44775391
0.23852539
0.15649414
0.49755859
0.44580078
0.37573242
0.73535156
-0.04626465
0.41552734
-0.88623047
0.28564453
-0.47705078
-0.12225342
-0.14111328
-0.11419678
-0.03173828
-0.08837891
-0.01229095
-0.07324219
0.61523438
-0.29711914
0.09362793
0.02148438
0.03625488
0.18652344
0.18017578
-0.08093262
-0.10223389
-0.29931641
-0.23388672
0.45312500
0.57763672
0.02038574
-0.21630859
0.33349609
0.40478516
0.59716797
0.48779297
-0.40307617
-0.31127930
-0.29248047
0.32543945
1.28906250
0.23657227
-0.32910156
-0.26171875
0.01440430
-0.20239258
-0.05792236
0.16979980
-0.08666992
0.17248535
0.13208008
-0.26245117
-0.32812500
0.37646484
-0.40039062
-0.42846680
-0.40356445
0.43139648
-0.37158203
0.39282227
-0.30834961
0.32299805
0.43823242
0.30786133
0.10290527
0.57128906
0.52441406
0.44262695
0.74560547
0.08361816
0.46533203
-0.96240234
0.30126953
-0.77978516
-0.12469482
-0.07434082
-0.22937012
0.02388000
-0.17919922
-0.07366943
-0.15820312
0.28247070
-0.64648438
0.47021484
0.27270508
-0.15429688
0.35107422
0.34399414
0.17236328
-0.25854492
-0.21105957
-0.20593262
0.36523438
0.45019531
0.03668213
-0.03027344
0.30688477
0.44580078
0.71582031
0.63085938
-0.33593750
-0.24963379
-0.21923828
0.26879883
1.70117188
0.10192871
-0.54980469
-0.41406250
-0.17761230
-0.34448242
-0.14892578
0.30615234
-0.22631836
1.00585938
-0.24633789
-0.36083984
-0.43115234
0.40966797
-0.16503906
-0.23120117
-0.35937500
0.36914062
-0.38964844
0.32690430
-0.21728516
0.30639648
0.32275391
0.36181641
-0.02478027
0.50195312
0.48999023
0.43359375
0.68554688
0.35522461
0.40722656
-0.94824219
0.23095703
-1.20898438
0.01919556
0.16052246
-0.37646484
0.19250488
-0.31274414
-0.21948242
-0.29272461
-0.15930176
0.00512695
0.05929565
0.13452148
-0.11090088
0.24218750
0.20581055
-0.10522461
-0.08203125
-0.19897461
-0.28808594
0.49755859
0.41772461
-0.07055664
-0.29980469
0.24487305
0.21728516
0.29296875
0.19262695
-0.37500000
-0.26367188
-0.28857422
0.32080078
0.80517578
0.20251465
0.06335449
0.07342529
0.15673828
0.09045410
0.06762695
-0.09338379
0.10534668
0.14038086
-0.07940674
0.03201294
-0.09228516
0.20227051
-0.29589844
-0.39404297
-0.39111328
0.37524414
-0.30615234
0.25537109
-0.22717285
0.34619141
0.46679688
0.19897461
0.23229980
0.46630859
0.41894531
0.35815430
0.74511719
-0.22778320
0.46606445
-0.95410156
0.27685547
-0.27221680
-0.13488770
-0.20068359
0.08514404
-0.13305664
0.08978271
0.11169434
0.09417725
-1.59667969
0.43066406
0.96484375
0.89404297
-0.54150391
0.36132812
0.56640625
0.52636719
-0.43896484
-0.27709961
0.03002930
0.28271484
0.75390625
0.19018555
0.47509766
0.40869141
0.49316406
0.89208984
0.89453125
-0.18334961
-0.31079102
-0.13208008
0.18469238
2.06640625
-0.08605957
-0.67138672
-0.46313477
-0.34472656
-0.35864258
-0.05960083
0.30664062
-0.25195312
-0.24060059
-1.11523438
0.59277344
-0.10070801
0.49755859
0.15332031
0.04785156
-0.27001953
0.35791016
-0.65087891
0.92285156
-0.53320312
0.10809326
0.26489258
0.71484375
-0.33203125
0.37451172
0.41308594
0.51904297
0.45288086
0.99267578
0.44091797
-0.82519531
0.13342285
-1.68359375
0.09533691
0.44750977
-0.39941406
0.29736328
-0.29125977
-0.25976562
-0.29272461
-0.13745117
0.12487793
0.07403564
0.17126465
-0.19885254
0.32324219
0.29394531
0.03295898
-0.16320801
-0.14135742
-0.27880859
0.45239258
0.22241211
-0.11199951
-0.26074219
0.18566895
0.20471191
0.31933594
0.18200684
-0.38085938
-0.19970703
-0.31640625
0.32592773
0.94238281
0.16345215
0.14465332
0.17114258
0.19213867
0.18005371
0.13598633
-0.17834473
0.17431641
-0.24975586
-0.11505127
0.08203125
0.02447510
0.08557129
-0.08923340
-0.23828125
-0.34667969
0.30737305
-0.28173828
0.14013672
-0.08093262
0.37988281
0.40307617
0.14514160
0.20019531
0.43164062
0.39501953
0.33032227
0.76074219
-0.23913574
0.48315430
-1.01953125
0.24829102
-0.30444336
-0.14428711
-0.21008301
0.17944336
-0.18188477
0.17529297
0.17639160
0.17785645
0.88330078
1.14355469
-0.11865234
0.66992188
-0.73046875
0.25146484
0.51367188
0.57910156
-0.50097656
-0.17651367
-0.07397461
0.32641602
0.74511719
0.17749023
0.44995117
0.41748047
0.48510742
0.88574219
0.88867188
-0.18701172
-0.31689453
-0.13427734
0.18762207
2.06445312
-0.08258057
-0.67138672
-0.46362305
-0.34423828
-0.35888672
-0.05947876
0.30688477
-0.25195312
-1.35253906
0.35083008
1.12597656
0.60107422
0.08105469
0.30126953
0.24194336
-0.12182617
0.26367188
-0.68505859
0.92041016
-0.50683594
0.15551758
0.27392578
0.73144531
-0.32104492
0.38427734
0.42651367
0.52929688
0.45141602
0.99072266
0.44018555
-0.82470703
0.13879395
-1.68359375
0.09436035
0.44702148
-0.39965820
0.29711914
-0.29125977
-0.25976562
-0.29272461
1.08007812
0.47070312
-0.42187500
0.29931641
-0.50000000
0.18969727
0.35351562
0.36206055
-0.37304688
-0.05114746
-0.18542480
0.41040039
0.63818359
0.05276489
0.15307617
0.31152344
0.39404297
0.75976562
0.74804688
-0.24072266
-0.25537109
-0.15869141
0.20654297
1.82226562
-0.01776123
-0.40063477
-0.23693848
-0.16992188
-0.15795898
0.04580688
0.12200928
-0.08856201
-0.06518555
0.66406250
0.63330078
0.53857422
-0.09851074
0.21728516
0.15283203
-0.10229492
0.18041992
-0.48046875
0.56982422
-0.33984375
0.28417969
0.31762695
0.49780273
-0.10449219
0.40478516
0.43847656
0.48242188
0.60009766
0.59130859
0.47363281
-0.92382812
0.15429688
-1.29589844
0.00241852
0.25708008
-0.18908691
0.12963867
-0.11022949
-0.09680176
-0.11145020
0.21960449
-0.01605225
-0.14160156
0.01361084
-0.20007324
0.31372070
0.40356445
0.19824219
-0.30004883
-0.05761719
-0.33300781
0.53320312
0.35205078
-0.12658691
-0.24438477
0.23779297
0.30419922
0.42968750
0.27490234
-0.40820312
-0.24389648
-0.32421875
0.33544922
1.02734375
0.16357422
0.07153320
0.10815430
0.14904785
0.12225342
0.08374023
-0.12255859
0.12286377
0.29101562
0.19873047
0.06408691
0.21728516
-0.15649414
0.15136719
-0.03915405
-0.30419922
0.25146484
-0.37744141
0.19409180
-0.10107422
0.42211914
0.44580078
0.20446777
0.18457031
0.51757812
0.46337891
0.37817383
0.85595703
-0.11877441
0.50683594
-1.06347656
0.26074219
-0.40087891
-0.11633301
-0.17492676
0.11907959
-0.13500977
0.11785889
0.12585449
0.12274170
-0.23803711
-0.19238281
-0.16162109
-0.12744141
-0.16052246
0.28100586
0.41943359
0.28344727
-0.34375000
-0.06604004
-0.33227539
0.42651367
0.26904297
-0.06561279
-0.22558594
0.26220703
0.29541016
0.39965820
0.27978516
-0.36914062
-0.21569824
-0.23999023
0.27978516
0.99121094
0.18017578
-0.16394043
-0.14489746
0.06262207
-0.11596680
-0.07281494
0.10101318
-0.04479980
0.39257812
0.09381104
-0.06311035
0.21044922
-0.26196289
0.29052734
0.08911133
-0.26562500
0.22167969
-0.40966797
0.13818359
-0.05883789
0.37231445
0.36401367
0.19213867
0.11486816
0.49414062
0.43945312
0.33447266
0.72265625
-0.09649658
0.36816406
-0.91796875
0.24926758
-0.48046875
-0.07635498
-0.14147949
-0.12792969
-0.01712036
-0.11212158
-0.03247070
-0.09411621
-0.68847656
-0.53222656
-0.41113281
-0.13232422
-0.14379883
0.07476807
0.14880371
0.19555664
-0.25561523
0.02520752
-0.21240234
0.28540039
-0.00765991
-0.12817383
-0.18627930
0.10400391
0.13964844
0.39257812
0.33300781
-0.31176758
-0.08813477
-0.21289062
0.25366211
1.36328125
0.07482910
-0.00722504
0.08471680
0.08691406
0.10949707
0.14489746
-0.11853027
0.12115479
0.21618652
0.14001465
-0.11645508
0.31762695
-0.21289062
0.20654297
0.10522461
-0.04650879
0.03924561
-0.16491699
-0.13403320
0.13452148
0.37768555
0.22045898
0.12048340
0.11938477
0.33129883
0.36206055
0.30957031
0.52441406
-0.13378906
0.37231445
-0.90234375
0.18432617
-0.65625000
-0.09735107
-0.05078125
0.10064697
-0.10180664
0.11938477
0.11633301
0.12139893
-0.31567383
-0.19860840
-0.04638672
-0.26293945
0.01611328
0.08239746
0.34472656
0.35449219
-0.38378906
0.00939941
-0.33789062
0.41406250
0.11560059
-0.11529541
-0.25854492
0.22680664
0.20690918
0.33520508
0.22583008
-0.41259766
-0.22241211
-0.30859375
0.34106445
1.07812500
0.18530273
-0.05712891
-0.01577759
0.09851074
0.00295258
0.01860046
-0.01074982
0.03918457
-0.38720703
-0.22167969
-0.21838379
0.07440186
-0.30468750
0.38671875
0.23718262
-0.15820312
0.13281250
-0.38916016
0.05474854
0.03356934
0.40625000
0.35913086
0.16528320
0.16503906
0.47656250
0.44335938
0.36523438
0.70898438
-0.14489746
0.44213867
-0.99560547
0.27880859
-0.48608398
-0.10382080
-0.14331055
-0.00419998
-0.07275391
0.00327682
0.04647827
0.01379395
0.15246582
-0.09704590
0.02331543
-0.40380859
0.02221680
-0.00439453
0.22290039
0.30078125
-0.33374023
0.06018066
-0.30175781
0.40039062
0.31054688
-0.06579590
-0.14086914
0.23754883
0.26660156
0.57568359
0.54492188
-0.34472656
-0.23291016
-0.22656250
0.28515625
1.51660156
0.12963867
-0.29223633
-0.17773438
-0.04379272
-0.12017822
0.03717041
0.09033203
-0.04141235
-0.74755859
-0.54980469
-0.46582031
0.08190918
-0.36718750
0.32666016
0.25097656
-0.04754639
0.05987549
-0.33691406
0.15112305
-0.04040527
0.42553711
0.30273438
0.28564453
0.07983398
0.46704102
0.49877930
0.46093750
0.54785156
0.19799805
0.42114258
-0.86865234
0.24951172
-0.95703125
-0.08416748
0.06762695
-0.14538574
0.03732300
-0.08984375
-0.04034424
-0.08068848
0.78320312
0.47338867
0.46533203
-0.36230469
0.36108398
-0.25292969
0.10961914
0.42529297
-0.52246094
0.16503906
-0.42749023
0.53027344
0.38769531
-0.05078125
-0.00195312
0.31591797
0.38720703
0.58447266
0.42626953
-0.38476562
-0.21154785
-0.31860352
0.31689453
1.40917969
0.02178955
0.08624268
0.16918945
0.02536011
0.16748047
0.09619141
-0.15686035
0.10375977
-0.20263672
-0.39794922
-0.28979492
-0.32861328
-0.28466797
0.28466797
0.45849609
0.15234375
-0.05712891
-0.55273438
0.36962891
-0.12194824
0.42187500
0.40527344
0.39208984
-0.00073242
0.50048828
0.46728516
0.41748047
0.92041016
0.12707520
0.54248047
-1.18750000
0.20202637
-0.65673828
0.00268173
0.02017212
0.17443848
-0.05352783
0.16259766
0.09350586
0.15039062
0.47387695
0.42993164
0.34960938
-0.11309814
0.37744141
-0.25732422
0.07733154
0.34570312
-0.42480469
0.14331055
-0.35156250
0.42578125
0.17968750
-0.11120605
-0.12249756
0.22363281
0.32104492
0.47558594
0.32202148
-0.38818359
-0.14855957
-0.31176758
0.30224609
1.26757812
0.06701660
-0.02825928
0.03884888
0.02053833
0.04049683
0.00468445
-0.03518677
0.02227783
0.44653320
0.02288818
0.02447510
-0.35913086
-0.10479736
0.24951172
0.37817383
0.10308838
-0.07177734
-0.40991211
0.14636230
0.03552246
0.41186523
0.32666016
0.23022461
0.06286621
0.47265625
0.42358398
0.33642578
0.87646484
-0.00512695
0.47802734
-1.14453125
0.19506836
-0.59716797
-0.00376511
-0.02848816
0.04241943
-0.01800537
0.03399658
0.02087402
0.03353882
-0.05242920
0.32543945
0.26562500
-0.11718750
0.17333984
-0.12255859
0.10601807
0.22753906
-0.26293945
0.02331543
-0.18054199
0.26513672
-0.12011719
-0.18041992
-0.12646484
0.06750488
0.15710449
0.31079102
0.13049316
-0.34545898
-0.01086426
-0.32543945
0.29345703
1.13476562
0.03619385
0.27587891
0.32348633
0.20605469
0.31347656
0.22424316
-0.29882812
0.25512695
0.45605469
0.18237305
0.03125000
-0.20178223
-0.11724854
0.16894531
0.20495605
-0.01144409
-0.00457764
-0.22094727
-0.05911255
0.19140625
0.32739258
0.21704102
0.10205078
0.10467529
0.31835938
0.30004883
0.22644043
0.69824219
-0.33984375
0.46289062
-1.08593750
0.15649414
-0.35644531
-0.09967041
-0.17395020
0.32299805
-0.22302246
0.30346680
0.24829102
0.29321289
-0.53515625
0.06115723
0.18518066
0.00225830
0.25268555
-0.23364258
0.05444336
0.29223633
-0.31835938
0.05297852
-0.20593262
0.27099609
-0.12023926
-0.17150879
-0.21984863
0.12475586
0.16943359
0.31494141
0.17175293
-0.38500977
-0.06408691
-0.30322266
0.31616211
1.07617188
0.12939453
0.02944946
0.06390381
0.15197754
0.07403564
0.06390381
-0.07586670
0.09710693
0.19592285
0.33666992
0.18701172
-0.27221680
-0.04553223
0.19494629
0.29345703
0.04016113
-0.04638672
-0.25244141
-0.16259766
0.21289062
0.36206055
0.24072266
0.09069824
0.13684082
0.40527344
0.38378906
0.27050781
0.64746094
-0.29858398
0.37573242
-0.98339844
0.22656250
-0.42797852
-0.09820557
-0.19079590
0.07080078
-0.12719727
0.07025146
0.10272217
0.07843018
-0.19714355
-0.03524780
0.03482056
0.04089355
0.26464844
-0.29663086
0.06793213
0.40576172
-0.38427734
0.12658691
-0.36083984
0.45825195
0.20068359
-0.18481445
-0.29541016
0.21289062
0.19580078
0.31835938
0.20825195
-0.41528320
-0.26220703
-0.31005859
0.34057617
0.95751953
0.23034668
-0.14660645
-0.12402344
0.09985352
-0.08361816
-0.01520538
0.06317139
-0.00234413
-0.12927246
0.07446289
0.05355835
-0.15795898
-0.01489258
0.26147461
0.43530273
0.02087402
0.00512695
-0.37158203
0.02307129
0.08398438
0.44970703
0.36889648
0.13305664
0.21582031
0.51367188
0.46777344
0.37939453
0.63232422
-0.15234375
0.42602539
-0.88281250
0.30566406
-0.47973633
-0.13342285
-0.16955566
-0.10052490
-0.05804443
-0.07257080
0.01033020
-0.05612183
-0.05877686
-0.44750977
-0.10888672
0.23034668
0.29370117
-0.27490234
-0.09191895
0.22827148
-0.29077148
0.19555664
-0.32983398
0.43603516
0.22900391
-0.14160156
-0.19506836
0.22338867
0.22692871
0.51562500
0.48266602
-0.37060547
-0.24487305
-0.24829102
0.30224609
1.44140625
0.13562012
-0.27319336
-0.16821289
-0.02609253
-0.10662842
0.04275513
0.07641602
-0.02725220
-0.68359375
0.18615723
0.40893555
-0.29101562
0.09948730
0.06250000
0.28759766
0.15600586
-0.13427734
-0.25219727
0.01904297
0.07519531
0.48925781
0.32031250
0.23828125
0.12316895
0.48217773
0.50732422
0.45971680
0.59521484
0.15771484
0.44165039
-0.89746094
0.25830078
-0.90429688
-0.08801270
0.04553223
-0.13269043
0.02159119
-0.07556152
-0.02597046
-0.06658936
0.34277344
-0.11254883
-0.19775391
0.28393555
0.13549805
-0.42504883
-0.21264648
0.35083008
-0.40625000
0.31298828
-0.45361328
0.53369141
0.23901367
-0.17956543
-0.29614258
0.24450684
0.16711426
0.25292969
0.18981934
-0.42626953
-0.27050781
-0.29736328
0.34326172
0.84375000
0.19506836
-0.01844788
0.00640106
0.08050537
0.01750183
0.00056314
-0.01963806
0.03108215
-0.17297363
-0.17370605
-0.02835083
0.08654785
0.32836914
-0.03112793
0.44311523
0.25512695
-0.20080566
-0.36425781
0.01196289
0.07336426
0.48852539
0.41162109
0.15686035
0.22436523
0.50048828
0.45068359
0.38574219
0.72363281
-0.12719727
0.43627930
-0.92285156
0.29223633
-0.34619141
-0.08782959
-0.12573242
0.01353455
-0.05792236
0.01400757
0.03698730
0.02033997
0.41992188
0.01632690
-0.18408203
0.25390625
0.07092285
-0.41992188
-0.26782227
0.30029297
-0.37036133
0.28369141
-0.38793945
0.44018555
0.14758301
-0.16992188
-0.26489258
0.24267578
0.20983887
0.36059570
0.29541016
-0.41088867
-0.23461914
-0.24572754
0.30737305
1.01171875
0.19165039
-0.19116211
-0.16796875
0.06683350
-0.13610840
-0.06243896
0.11779785
-0.04922485
0.26025391
-0.23486328
-0.09942627
0.17114258
0.36328125
-0.12841797
0.37573242
0.27832031
-0.22460938
-0.34545898
-0.05688477
0.13232422
0.46582031
0.34936523
0.16870117
0.16845703
0.51464844
0.48291016
0.38623047
0.71484375
-0.04064941
0.38403320
-0.94042969
0.27221680
-0.51708984
-0.09442139
-0.14831543
-0.15087891
-0.01901245
-0.12866211
-0.03564453
-0.10882568
0.11975098
-0.03564453
-0.18188477
0.22436523
0.14001465
-0.30639648
-0.11914062
0.26220703
-0.24707031
0.13452148
-0.17846680
0.31103516
-0.00024414
-0.22961426
-0.30786133
0.09906006
0.07629395
0.28222656
0.23535156
-0.36181641
-0.14843750
-0.23315430
0.29296875
1.06152344
0.18395996
-0.01222229
0.03149414
0.15283203
0.06829834
0.12963867
-0.08477783
0.12121582
0.33984375
-0.23095703
0.06024170
-0.01861572
0.17834473
-0.03283691
0.28125000
0.12768555
-0.11230469
-0.17504883
-0.19116211
0.22595215
0.42822266
0.24926758
0.02856445
0.22070312
0.39794922
0.41748047
0.34155273
0.49121094
-0.26367188
0.36499023
-0.81982422
0.25976562
-0.45971680
-0.16979980
-0.16186523
0.05249023
-0.14160156
0.08160400
0.12475586
0.09136963
-0.28857422
0.19482422
-0.02420044
0.05953979
-0.15234375
-0.31958008
-0.36621094
0.22509766
-0.31323242
0.35400391
-0.40087891
0.48730469
0.13330078
-0.23901367
-0.34057617
0.20947266
0.16088867
0.31884766
0.24096680
-0.46484375
-0.25170898
-0.31420898
0.35815430
0.99023438
0.21899414
0.02207947
0.05456543
0.16564941
0.07696533
0.09197998
-0.08563232
0.11279297
0.26806641
-0.05581665
-0.16638184
0.26171875
0.31225586
-0.28564453
0.27026367
0.33691406
-0.29882812
-0.27905273
-0.10919189
0.20263672
0.54248047
0.37988281
0.09008789
0.24108887
0.53466797
0.50097656
0.40869141
0.75292969
-0.17187500
0.46655273
-0.99023438
0.29907227
-0.38793945
-0.17016602
-0.20385742
0.06835938
-0.14282227
0.07995605
0.11914062
0.08923340
-0.76708984
0.53759766
0.18994141
-0.11700439
-0.36669922
-0.01672363
-0.47119141
-0.04821777
-0.23425293
0.49707031
-0.55859375
0.53369141
0.23730469
-0.14453125
-0.07141113
0.31323242
0.33544922
0.54785156
0.40234375
-0.42333984
-0.21545410
-0.33105469
0.33789062
1.40527344
0.02836609
0.08618164
0.16906738
0.02462769
0.16760254
0.09576416
-0.15698242
0.10357666
-0.25634766
0.30541992
-0.51367188
0.47485352
0.27685547
-0.38037109
0.01281738
0.44921875
-0.47021484
-0.29199219
0.08483887
0.10583496
0.52197266
0.38183594
0.38549805
0.04125977
0.53710938
0.50927734
0.44067383
0.90332031
0.12023926
0.53466797
-1.18164062
0.22082520
-0.65625000
0.00332642
0.02111816
0.17456055
-0.05300903
0.16284180
0.09320068
0.15051270
-0.18225098
0.17578125
0.26171875
-0.17211914
-0.31274414
-0.06213379
-0.44116211
0.03308105
-0.23339844
0.36914062
-0.34814453
0.36865234
-0.00878906
-0.20507812
-0.21777344
0.23608398
0.20117188
0.37939453
0.26318359
-0.44824219
-0.22131348
-0.32641602
0.36694336
1.14941406
0.15649414
-0.01651001
0.02665710
0.09613037
0.04113770
0.03533936
-0.04516602
0.05966187
-0.69433594
0.41113281
-0.26513672
0.33593750
0.20825195
-0.39428711
0.04174805
0.40966797
-0.38525391
-0.24755859
-0.11462402
0.21655273
0.43212891
0.31958008
0.18872070
0.14648438
0.52343750
0.50390625
0.40893555
0.71484375
-0.05895996
0.44091797
-1.01562500
0.28906250
-0.52343750
-0.08374023
-0.12536621
0.03756714
-0.07861328
0.03961182
0.06341553
0.04736328
0.48730469
-0.18969727
0.34301758
-0.33569336
-0.39916992
0.03662109
-0.45019531
-0.03936768
-0.16271973
0.44238281
-0.39208984
0.39965820
0.07580566
-0.19018555
-0.25146484
0.26806641
0.22814941
0.39843750
0.32983398
-0.43701172
-0.25097656
-0.28491211
0.33203125
1.19335938
0.18298340
-0.26269531
-0.20947266
-0.00063324
-0.17553711
-0.09790039
0.15698242
-0.09582520
-0.48706055
0.34204102
-0.00411987
0.17883301
0.04296875
-0.42529297
-0.05749512
0.40869141
-0.42968750
-0.19616699
-0.13793945
0.20703125
0.48339844
0.32714844
0.19763184
0.14941406
0.55566406
0.52099609
0.42138672
0.70166016
0.03384399
0.39941406
-0.95703125
0.29028320
-0.67382812
-0.05480957
-0.06512451
-0.19104004
0.03955078
-0.16821289
-0.08410645
-0.14929199
0.56640625
-0.29858398
0.22753906
-0.30859375
-0.33203125
0.11083984
-0.40722656
-0.03875732
-0.12292480
0.38818359
-0.27880859
0.34692383
-0.07580566
-0.25244141
-0.31103516
0.19812012
0.15417480
0.32373047
0.23461914
-0.48413086
-0.20397949
-0.33251953
0.37231445
1.16503906
0.18701172
-0.00914001
0.03976440
0.13195801
0.05505371
0.05938721
-0.06063843
0.08312988
0.10375977
0.13793945
0.11444092
0.03784180
-0.08514404
-0.39819336
-0.08227539
0.38183594
-0.41479492
-0.13378906
-0.24340820
0.30126953
0.46557617
0.31591797
0.08874512
0.21179199
0.53271484
0.50292969
0.39306641
0.77929688
-0.17236328
0.46484375
-1.09765625
0.29272461
-0.48242188
-0.12133789
-0.16967773
0.04949951
-0.11022949
0.05352783
0.08862305
0.06372070
0.42236328
-0.67675781
0.44873047
-0.50000000
-0.42382812
0.17993164
-0.29687500
-0.16748047
-0.05529785
0.39306641
-0.41870117
0.41577148
0.17590332
-0.13647461
-0.12646484
0.25537109
0.24011230
0.60351562
0.58642578
-0.35839844
-0.23657227
-0.24267578
0.29296875
1.62207031
0.06127930
-0.23327637
-0.10327148
-0.06915283
-0.05187988
0.07659912
0.02815247
-0.00933838
0.76416016
-0.09924316
0.39843750
0.01647949
-0.08093262
-0.25146484
-0.18664551
0.28564453
-0.37841797
-0.09704590
-0.05090332
0.16088867
0.55468750
0.28637695
0.35668945
0.06542969
0.48632812
0.56103516
0.52539062
0.59667969
0.31323242
0.43994141
-0.92382812
0.23620605
-1.01953125
-0.04168701
0.13244629
-0.07202148
0.04022217
-0.02130127
-0.01565552
-0.02105713
-0.25976562
-0.03237915
-0.03656006
-0.19946289
-0.24121094
0.18603516
-0.46704102
-0.03851318
-0.14892578
0.43798828
-0.37963867
0.49804688
0.12719727
-0.30590820
-0.34228516
0.23889160
0.21228027
0.35839844
0.26342773
-0.49609375
-0.28125000
-0.32324219
0.38183594
0.98388672
0.20849609
-0.14526367
-0.12371826
0.03985596
-0.09881592
-0.08789062
0.08868408
-0.05181885
0.28881836
-0.17370605
0.15551758
-0.15014648
-0.18896484
-0.37817383
-0.16906738
0.44604492
-0.43334961
-0.12463379
-0.23828125
0.31909180
0.62500000
0.38916016
0.14526367
0.26928711
0.63281250
0.57666016
0.44677734
0.79345703
-0.10498047
0.43554688
-0.99023438
0.33178711
-0.48168945
-0.05245972
-0.11389160
-0.10931396
0.00055313
-0.09783936
-0.04098511
-0.08496094
-1.63281250
0.29541016
-0.47998047
-0.57031250
-0.54052734
0.30297852
-0.12219238
-0.53125000
0.11877441
0.74707031
-1.02539062
0.72656250
0.54492188
-0.04714966
0.11724854
0.54589844
0.49902344
0.94677734
0.90869141
-0.30541992
-0.42773438
-0.27246094
0.27124023
2.20117188
-0.04711914
-0.77148438
-0.56445312
-0.37841797
-0.44653320
-0.13977051
0.39111328
-0.31958008
0.01245117
-1.19238281
1.08789062
-0.71533203
-0.51953125
-0.03735352
-0.51367188
0.16052246
-0.55761719
-0.08764648
0.19995117
0.02679443
0.73828125
0.40576172
0.91210938
-0.16564941
0.61132812
0.66601562
0.69628906
0.62939453
1.05566406
0.53417969
-0.97558594
0.21313477
-1.81347656
0.12011719
0.45629883
-0.49121094
0.34643555
-0.37744141
-0.32348633
-0.37548828
-0.39306641
0.32177734
-0.25097656
-0.16723633
-0.13806152
0.22607422
-0.14953613
-0.15014648
0.02758789
0.25366211
-0.16577148
0.21936035
-0.04064941
-0.17102051
-0.19531250
0.12719727
0.14245605
0.41748047
0.38208008
-0.33886719
-0.14233398
-0.23266602
0.26757812
1.37304688
0.10003662
-0.14282227
-0.03909302
0.00867462
0.00261688
0.09680176
-0.02125549
0.03967285
-0.50927734
-0.36718750
0.30810547
-0.28857422
-0.23718262
-0.09326172
-0.19982910
0.18542480
-0.27734375
-0.00781250
-0.17736816
0.24719238
0.42578125
0.18481445
0.13085938
0.11877441
0.40625000
0.45263672
0.38916016
0.50976562
0.00604248
0.38085938
-0.84667969
0.21826172
-0.78710938
-0.08496094
0.02929688
-0.01448059
-0.02503967
0.02404785
0.03683472
0.02629089
0.26416016
0.50439453
-0.43188477
0.17822266
0.12548828
0.32617188
-0.09265137
-0.32714844
0.14672852
0.46630859
-0.41259766
0.37109375
0.01245117
-0.22912598
-0.14038086
0.23669434
0.23278809
0.43188477
0.31494141
-0.44091797
-0.17370605
-0.33349609
0.34863281
1.27050781
0.04125977
0.11102295
0.18286133
0.04431152
0.18078613
0.10577393
-0.16931152
0.11761475
-0.61865234
0.07141113
-0.03668213
-0.35766602
-0.36547852
0.07287598
-0.37475586
0.16247559
-0.41430664
0.03710938
-0.16699219
0.29077148
0.48779297
0.29077148
0.25659180
0.08770752
0.50097656
0.47851562
0.39990234
0.81933594
0.04446411
0.49511719
-1.10742188
0.22045898
-0.55517578
-0.01211548
-0.00219727
0.18688965
-0.07067871
0.17480469
0.10784912
0.16308594
0.41430664
0.18322754
-0.15869141
0.15014648
0.12475586
0.35009766
-0.14233398
-0.26025391
0.08447266
0.39453125
-0.22290039
0.26489258
-0.11853027
-0.28564453
-0.26586914
0.16320801
0.13464355
0.29785156
0.19775391
-0.46948242
-0.19177246
-0.33447266
0.36669922
1.09375000
0.16699219
0.05685425
0.09680176
0.14367676
0.11016846
0.09478760
-0.11254883
0.11895752
-0.08319092
0.17553711
-0.08789062
-0.16564941
-0.24108887
0.02819824
-0.36303711
0.24462891
-0.38208008
0.01354980
-0.26098633
0.34423828
0.41845703
0.25927734
0.06042480
0.19738770
0.50488281
0.47583008
0.37695312
0.72363281
-0.16918945
0.46240234
-1.03417969
0.27978516
-0.43383789
-0.12585449
-0.16479492
0.10717773
-0.13146973
0.10833740
0.12145996
0.11285400
0.28295898
-0.08923340
-0.00016785
0.30615234
0.29394531
0.41772461
-0.07995605
-0.35058594
0.16979980
0.48999023
-0.29199219
0.36132812
-0.05773926
-0.30761719
-0.33715820
0.22167969
0.12646484
0.27539062
0.22924805
-0.49877930
-0.24218750
-0.30322266
0.36572266
0.98193359
0.19653320
-0.09069824
-0.06689453
0.08447266
-0.04498291
-0.02198792
0.03524780
0.00271797
0.38793945
0.22607422
-0.22436523
-0.04525757
-0.22558594
0.11346436
-0.46166992
0.23474121
-0.43969727
0.08764648
-0.33886719
0.38354492
0.52636719
0.32812500
0.06713867
0.24475098
0.55908203
0.51757812
0.41113281
0.79003906
-0.11175537
0.43505859
-1.03320312
0.29833984
-0.43286133
-0.09564209
-0.14892578
-0.05331421
-0.04885864
-0.04217529
0.01234436
-0.03108215
-0.13586426
-0.23974609
-0.11254883
0.30346680
0.19921875
0.22717285
0.03381348
-0.22949219
0.16369629
0.22375488
-0.00393677
0.11181641
-0.16882324
-0.21276855
-0.24658203
0.10729980
0.09692383
0.35302734
0.32104492
-0.36669922
-0.12658691
-0.21948242
0.28076172
1.29687500
0.14025879
-0.15917969
-0.07635498
0.04876709
-0.03466797
0.06112671
0.01424408
0.02818298
0.68994141
0.41064453
-0.35986328
-0.13037109
-0.20117188
0.13623047
-0.23742676
0.06408691
-0.23779297
0.07287598
-0.25268555
0.30517578
0.36840820
0.15283203
0.04058838
0.15332031
0.41992188
0.46728516
0.37182617
0.47338867
-0.09143066
0.33105469
-0.81103516
0.24804688
-0.70214844
-0.10717773
-0.04663086
-0.05288696
-0.04269409
-0.01751709
0.03027344
-0.00600433
-1.55859375
-1.19433594
0.73437500
0.83105469
0.68652344
0.03976440
0.43969727
-0.51367188
0.42382812
0.66406250
-0.91406250
0.58789062
0.32983398
-0.03662109
0.03039551
0.50781250
0.35546875
0.77294922
0.79101562
-0.24072266
-0.40649414
-0.16418457
0.22973633
2.05859375
-0.03369141
-0.67333984
-0.47094727
-0.33935547
-0.36132812
-0.05746460
0.30810547
-0.25073242
0.42504883
-0.06372070
-0.86230469
0.34521484
-0.26220703
0.39038086
-0.35986328
-0.29296875
-0.37597656
0.24377441
-0.12902832
0.13403320
0.68652344
0.32421875
0.85791016
-0.13989258
0.50683594
0.60742188
0.66601562
0.42529297
0.95800781
0.42993164
-0.81347656
0.21875000
-1.68554688
0.07965088
0.43945312
-0.40380859
0.29345703
-0.29174805
-0.25805664
-0.29370117
-0.31201172
-0.11920166
0.22741699
0.13903809
0.36303711
0.22033691
0.17749023
-0.40039062
0.27783203
0.41577148
-0.19995117
0.30371094
-0.09948730
-0.31835938
-0.33422852
0.16748047
0.05139160
0.18493652
0.16455078
-0.46679688
-0.23339844
-0.29199219
0.35107422
0.93359375
0.19897461
-0.03509521
-0.00498581
0.09405518
0.01498413
0.02613831
-0.02210999
0.04345703
-0.29736328
-0.20043945
0.02053833
0.28588867
0.11389160
0.35791016
-0.41137695
0.05981445
-0.34350586
0.19824219
-0.36645508
0.40917969
0.49951172
0.28442383
0.00692749
0.26049805
0.48193359
0.45385742
0.38330078
0.67724609
-0.17065430
0.42382812
-0.94531250
0.29418945
-0.39160156
-0.11248779
-0.13513184
0.00739288
-0.07183838
0.01774597
0.04965210
0.02413940
0.01416016
-0.22363281
0.50390625
0.25878906
0.30126953
0.02667236
0.15942383
-0.21520996
0.26171875
0.16699219
0.08166504
0.02703857
-0.26831055
-0.22338867
-0.22009277
0.09576416
0.09375000
0.38671875
0.35424805
-0.38232422
-0.10504150
-0.23437500
0.29248047
1.48925781
0.08453369
-0.08300781
0.02330017
0.03421021
0.05227661
0.10247803
-0.06390381
0.06890869
-0.83789062
-0.59472656
-0.07714844
0.31225586
0.05444336
0.23901367
-0.13195801
-0.09313965
-0.14880371
0.12670898
-0.23876953
0.31982422
0.28173828
0.11987305
0.07562256
0.13354492
0.40576172
0.48266602
0.39428711
0.54785156
-0.03997803
0.37719727
-0.94287109
0.23437500
-0.78125000
-0.06927490
0.00153351
0.04190063
-0.04943848
0.06542969
0.06463623
0.06689453
0.24584961
0.08319092
0.05862427
-0.00122070
0.22680664
0.15368652
0.21142578
-0.40991211
0.24438477
0.37939453
-0.17309570
0.27832031
-0.14782715
-0.41381836
-0.37377930
0.13378906
0.06518555
0.24255371
0.16992188
-0.54052734
-0.25415039
-0.37915039
0.42236328
0.90332031
0.24401855
0.09552002
0.11096191
0.20324707
0.13012695
0.12005615
-0.13525391
0.15246582
-0.10986328
-0.08648682
0.08013916
0.19421387
0.15527344
0.38940430
-0.41992188
0.10333252
-0.33789062
0.19006348
-0.38403320
0.50244141
0.56835938
0.27709961
-0.01553345
0.31665039
0.57519531
0.55078125
0.43945312
0.75048828
-0.23315430
0.49096680
-1.01464844
0.34155273
-0.30615234
-0.18786621
-0.24291992
0.12408447
-0.18054199
0.13159180
0.15869141
0.13708496
0.54931641
0.39111328
-0.00234985
-0.24560547
0.15356445
-0.11120605
0.39257812
-0.37915039
0.39599609
0.39038086
-0.17919922
0.21667480
-0.13842773
-0.28613281
-0.29223633
0.23559570
0.14843750
0.34179688
0.29565430
-0.47753906
-0.25219727
-0.29809570
0.35595703
1.18750000
0.19250488
-0.26220703
-0.20898438
0.00049210
-0.17565918
-0.09735107
0.15722656
-0.09558105
0.41601562
0.00357056
0.34301758
0.29028320
0.37084961
0.41186523
-0.22729492
-0.15698242
-0.23339844
0.28637695
-0.37500000
0.39477539
0.46948242
0.24694824
0.12963867
0.19665527
0.58251953
0.56005859
0.44628906
0.67480469
0.02270508
0.38989258
-0.94873047
0.31250000
-0.67089844
-0.05755615
-0.06677246
-0.19104004
0.03878784
-0.16845703
-0.08374023
-0.14953613
-0.00793457
0.09887695
-0.06585693
-0.13928223
0.05480957
-0.05541992
0.25146484
-0.30615234
0.23608398
0.26806641
-0.12274170
0.15002441
-0.18273926
-0.33203125
-0.22998047
0.08398438
0.04565430
0.19628906
0.11010742
-0.43261719
-0.14147949
-0.32885742
0.34716797
0.91357422
0.11700439
0.17626953
0.20068359
0.18713379
0.20727539
0.17163086
-0.20373535
0.19274902
0.21752930
0.08752441
0.07623291
0.08325195
0.21093750
0.28466797
-0.22998047
-0.01635742
-0.20739746
0.17944336
-0.28686523
0.39379883
0.34375000
0.17163086
0.04293823
0.20605469
0.39624023
0.39111328
0.32128906
0.66845703
-0.20715332
0.45971680
-0.99316406
0.23876953
-0.29663086
-0.12878418
-0.18518066
0.20825195
-0.18798828
0.20605469
0.19165039
0.20336914
-0.42749023
0.26635742
-0.10461426
-0.19030762
0.07666016
-0.08593750
0.12127686
-0.12585449
0.18847656
0.06640625
0.20251465
-0.06408691
-0.28662109
-0.21362305
-0.21105957
0.01879883
0.01782227
0.25927734
0.25219727
-0.32446289
-0.03643799
-0.19458008
0.24902344
1.19140625
0.09509277
-0.02081299
0.05261230
0.08807373
0.08105469
0.13061523
-0.09240723
0.10577393
0.38378906
0.35913086
0.34570312
0.21105957
0.19091797
0.15759277
-0.05163574
-0.07196045
-0.04290771
0.08734131
-0.15197754
0.27905273
0.19262695
0.05761719
-0.05523682
0.14184570
0.30639648
0.38134766
0.30468750
0.41162109
-0.18261719
0.30664062
-0.78125000
0.20275879
-0.56835938
-0.10479736
-0.06237793
0.06994629
-0.09716797
0.09362793
0.10290527
0.09704590
-0.71484375
-0.12841797
-0.37792969
-0.35595703
-0.04608154
-0.19604492
0.19421387
-0.13098145
0.27001953
0.10156250
0.19555664
-0.06646729
-0.31640625
-0.23034668
-0.22790527
0.06500244
0.05065918
0.31079102
0.28417969
-0.38525391
-0.06762695
-0.23730469
0.29882812
1.33691406
0.10742188
-0.07635498
0.01002502
0.06768799
0.03997803
0.09356689
-0.05224609
0.07153320
-0.24633789
0.52294922
0.21459961
0.06506348
0.28247070
0.14660645
0.00994873
-0.16650391
-0.02154541
0.14550781
-0.18334961
0.30615234
0.20898438
0.08050537
-0.00680161
0.14575195
0.38671875
0.45849609
0.35327148
0.49194336
-0.13696289
0.33447266
-0.88134766
0.24267578
-0.66845703
-0.08886719
-0.05346680
0.02757263
-0.07043457
0.05145264
0.07012939
0.05740356
-0.15136719
-0.34155273
-0.34985352
-0.34521484
-0.05755615
-0.25390625
0.33203125
-0.27026367
0.27514648
0.21179199
-0.04699707
0.10778809
-0.20056152
-0.26074219
-0.29321289
0.15893555
0.09399414
0.41455078
0.42553711
-0.41308594
-0.24243164
-0.26220703
0.32983398
1.40722656
0.20556641
-0.33349609
-0.24133301
0.00212860
-0.17272949
0.02542114
0.13464355
-0.05068970
-0.59082031
0.24658203
0.00451660
-0.01428223
0.33935547
0.24731445
-0.06317139
-0.14343262
-0.13146973
0.21606445
-0.29907227
0.36865234
0.46484375
0.16418457
0.07757568
0.19006348
0.52929688
0.60595703
0.52001953
0.46728516
0.09118652
0.38598633
-0.82031250
0.31787109
-0.89404297
-0.14257812
-0.01327515
-0.20361328
0.01334381
-0.13732910
-0.04296875
-0.12066650
0.35815430
-0.12359619
0.00363159
-0.06155396
-0.34570312
-0.42382812
0.49536133
-0.29980469
0.47070312
0.28125000
-0.08599854
0.20849609
-0.17932129
-0.38525391
-0.35766602
0.20458984
0.06616211
0.21911621
0.18786621
-0.52246094
-0.29174805
-0.32519531
0.39794922
0.94726562
0.22631836
-0.15795898
-0.13598633
0.04223633
-0.11004639
-0.07427979
0.09796143
-0.05218506
-0.22045898
-0.17944336
-0.22106934
-0.30151367
0.13586426
0.12060547
0.10693359
-0.34008789
-0.08288574
0.42773438
-0.46875000
0.51611328
0.55078125
0.26025391
0.05160522
0.29370117
0.59082031
0.55468750
0.45166016
0.69384766
-0.09698486
0.41821289
-0.93994141
0.34814453
-0.46801758
-0.07672119
-0.11480713
-0.12158203
-0.00210190
-0.10668945
-0.04083252
-0.09271240
0.58740234
-0.07617188
0.06079102
0.02172852
-0.40356445
-0.46069336
0.45385742
-0.21728516
0.48681641
0.26318359
-0.05639648
0.12988281
-0.23901367
-0.35620117
-0.34350586
0.21142578
0.09887695
0.30468750
0.24963379
-0.54248047
-0.29150391
-0.34716797
0.40722656
1.11132812
0.23498535
-0.20947266
-0.15991211
0.02919006
-0.12963867
-0.07006836
0.11279297
-0.06188965
0.22509766
-0.33862305
-0.28662109
-0.35791016
0.05249023
-0.01501465
0.22070312
-0.39868164
-0.01794434
0.43945312
-0.44580078
0.48095703
0.48999023
0.22998047
0.05450439
0.26342773
0.64013672
0.61718750
0.48217773
0.70166016
-0.01617432
0.42065430
-0.96435547
0.35522461
-0.60644531
-0.08764648
-0.09625244
-0.14331055
0.00878906
-0.12329102
-0.05062866
-0.10717773
0.46118164
0.50634766
0.62207031
0.19311523
-0.74218750
-0.21984863
0.18212891
0.21740723
0.53759766
0.30175781
-0.75488281
0.53027344
0.09008789
-0.20275879
-0.15954590
0.56933594
0.38842773
0.85449219
0.83789062
-0.34960938
-0.48364258
-0.29370117
0.30078125
2.19726562
-0.01623535
-0.77294922
-0.56835938
-0.37475586
-0.44848633
-0.13830566
0.39208984
-0.31860352
1.56542969
-1.11914062
-1.01367188
-0.89453125
0.10595703
-0.21191406
0.49560547
-0.51074219
0.18945312
0.68896484
-0.72167969
0.49731445
0.91308594
0.35473633
0.90576172
-0.03869629
0.68701172
0.78076172
0.78027344
0.60595703
1.03222656
0.52246094
-0.96679688
0.26293945
-1.81445312
0.11029053
0.45092773
-0.49389648
0.34399414
-0.37792969
-0.32226562
-0.37622070
-0.29248047
0.31469727
0.29272461
0.20410156
-0.23291016
-0.23144531
0.23950195
-0.04287720
0.39892578
0.13061523
-0.06628418
0.10852051
-0.26074219
-0.39990234
-0.26831055
0.15234375
0.10705566
0.32373047
0.22485352
-0.54394531
-0.18493652
-0.41796875
0.41503906
1.18847656
0.11145020
0.16857910
0.22363281
0.12017822
0.22436523
0.14819336
-0.21435547
0.17077637
0.35473633
-0.13940430
-0.09991455
-0.20019531
-0.17053223
-0.17687988
0.28417969
-0.33764648
0.11279297
0.42675781
-0.43481445
0.53808594
0.49584961
0.19506836
0.08044434
0.21826172
0.55517578
0.53710938
0.42773438
0.84277344
-0.12377930
0.54150391
-1.16015625
0.27783203
-0.45239258
-0.08233643
-0.09356689
0.22961426
-0.13793945
0.21875000
0.16455078
0.20849609
-0.38403320
0.13342285
0.13684082
0.27319336
-0.25415039
-0.38598633
0.35278320
-0.12976074
0.47656250
0.17285156
0.02087402
0.09765625
-0.25048828
-0.40966797
-0.36621094
0.18286133
0.05468750
0.22570801
0.20300293
-0.54150391
-0.29760742
-0.31494141
0.39965820
0.91992188
0.24890137
-0.14697266
-0.13476562
0.07128906
-0.11016846
-0.07470703
0.09710693
-0.04324341
-0.10406494
0.11633301
0.09948730
-0.04025269
-0.25903320
-0.26171875
0.39477539
-0.45239258
0.07531738
0.49047852
-0.46972656
0.52929688
0.51855469
0.21093750
-0.00477600
0.31298828
0.62548828
0.59570312
0.47509766
0.68945312
-0.10009766
0.40161133
-0.92675781
0.36083984
-0.43041992
-0.09936523
-0.15954590
-0.12121582
-0.02218628
-0.10827637
-0.02955627
-0.09106445
-0.24230957
0.15307617
0.21899414
0.36938477
-0.17700195
-0.25878906
0.19140625
0.02044678
0.45043945
0.10375977
0.07934570
0.02526855
-0.33544922
-0.39794922
-0.35546875
0.17871094
0.05224609
0.27001953
0.23022461
-0.56152344
-0.25610352
-0.35107422
0.42041016
1.20214844
0.21582031
-0.11669922
-0.06280518
0.08166504
-0.03341675
0.00954437
0.02003479
0.01689148
-0.62109375
0.35449219
0.23645020
0.04162598
-0.36083984
-0.37060547
0.44702148
-0.44433594
0.18872070
0.49121094
-0.43945312
0.51855469
0.42919922
0.18579102
0.01251221
0.27783203
0.61083984
0.60107422
0.47680664
0.73291016
-0.10260010
0.45581055
-1.06933594
0.34985352
-0.59326172
-0.11553955
-0.12854004
-0.04479980
-0.05410767
-0.02621460
0.02494812
-0.01551056
0.12127686
-0.04205322
-0.04333496
0.10986328
-0.09869385
-0.28295898
0.27734375
-0.14550781
0.38964844
0.10717773
0.11547852
0.01074219
-0.28247070
-0.41796875
-0.33569336
0.06500244
-0.01330566
0.11791992
0.07019043
-0.48681641
-0.22399902
-0.31225586
0.37695312
0.68212891
0.23706055
0.02432251
0.01954651
0.15844727
0.03671265
0.03240967
-0.04351807
0.07385254
-0.09509277
-0.00804138
0.00021744
0.04547119
-0.19592285
-0.29345703
0.38549805
-0.40966797
0.04187012
0.35839844
-0.35351562
0.50292969
0.42138672
0.13574219
-0.09167480
0.32104492
0.50976562
0.48193359
0.37231445
0.59716797
-0.27172852
0.38330078
-0.83251953
0.32641602
-0.22546387
-0.14379883
-0.22583008
0.03044128
-0.12152100
0.03643799
0.08410645
0.04638672
1.61425781
-1.04101562
-0.31030273
0.58886719
-0.01293945
0.20556641
-0.31518555
0.52197266
0.36352539
0.01367188
-0.46777344
0.37524414
-0.04406738
-0.15405273
-0.21166992
0.52587891
0.27026367
0.69482422
0.72753906
-0.26904297
-0.45434570
-0.18041992
0.25292969
2.05273438
-0.00683594
-0.67480469
-0.47485352
-0.33666992
-0.36303711
-0.05630493
0.30883789
-0.25024414
0.04150391
0.58886719
1.08984375
0.68066406
-0.73535156
-0.33422852
0.47241211
-0.27807617
0.43457031
0.70751953
-0.79589844
0.47192383
0.76074219
0.28759766
0.83203125
-0.02923584
0.55761719
0.69531250
0.73486328
0.40771484
0.93603516
0.42358398
-0.80712891
0.26269531
-1.68652344
0.07165527
0.43505859
-0.40576172
0.29174805
-0.29174805
-0.25732422
-0.29418945
0.10205078
-0.10302734
-0.16430664
-0.01548004
0.16455078
-0.01000977
0.01373291
0.09429932
0.37573242
0.01977539
0.16601562
-0.01257324
-0.28222656
-0.37451172
-0.32958984
0.13708496
0.01562500
0.14807129
0.15539551
-0.47412109
-0.24719238
-0.23535156
0.34326172
0.79052734
0.21215820
-0.21777344
-0.21142578
0.00982666
-0.18786621
-0.14245605
0.17431641
-0.11425781
0.35449219
-0.13623047
-0.00457764
0.25634766
-0.26782227
-0.42504883
0.48559570
-0.42407227
0.22167969
0.43676758
-0.35546875
0.46728516
0.39599609
0.14489746
-0.02763367
0.29272461
0.53466797
0.50878906
0.40332031
0.59375000
-0.10583496
0.30981445
-0.79931641
0.32080078
-0.41284180
-0.04058838
-0.10614014
-0.19982910
0.04315186
-0.18579102
-0.09979248
-0.16735840
-0.18298340
-0.42919922
-0.28222656
0.12988281
0.06475830
0.06976318
-0.04583740
0.10522461
0.10778809
-0.01687622
0.26025391
-0.22119141
-0.34790039
-0.20568848
-0.18334961
0.00024414
-0.02050781
0.21459961
0.20751953
-0.35009766
-0.01348877
-0.21386719
0.27929688
1.25292969
0.09448242
-0.00643158
0.07000732
0.09405518
0.09753418
0.13562012
-0.10699463
0.11560059
0.59667969
-0.25512695
0.27758789
0.27294922
-0.20312500
-0.16455078
0.12207031
-0.11584473
0.17773438
0.10833740
0.03143311
0.17065430
-0.00679016
-0.01763916
-0.08636475
0.12866211
0.29736328
0.39355469
0.30810547
0.39575195
-0.20983887
0.30395508
-0.81542969
0.22827148
-0.58886719
-0.09887695
-0.06689453
0.08728027
-0.10375977
0.10882568
0.11193848
0.11090088
-1.60351562
0.19555664
-1.04589844
-0.47216797
0.58984375
0.37402344
-0.51171875
0.58886719
0.21875000
-0.14465332
-0.32690430
0.31298828
-0.11584473
-0.17407227
-0.25561523
0.52636719
0.25317383
0.67871094
0.71533203
-0.27416992
-0.46313477
-0.18334961
0.25732422
2.05273438
-0.00170898
-0.67431641
-0.47558594
-0.33618164
-0.36328125
-0.05612183
0.30908203
-0.25000000
0.18676758
-1.17968750
-0.43457031
0.76562500
-0.43896484
-0.11901855
0.24633789
-0.05273438
0.52246094
0.69287109
-0.86328125
0.51562500
0.75292969
0.27587891
0.81933594
-0.00817871
0.56542969
0.71142578
0.74658203
0.40454102
0.93164062
0.42236328
-0.80566406
0.27075195
-1.68652344
0.07006836
0.43432617
-0.40625000
0.29150391
-0.29174805
-0.25708008
-0.29443359
0.04745483
-0.10015869
0.09375000
-0.02012634
0.14624023
0.10107422
-0.06103516
0.07788086
0.29003906
-0.06231689
0.19873047
-0.08007812
-0.34936523
-0.47851562
-0.31665039
-0.00317383
-0.07568359
0.05651855
0.06066895
-0.51074219
-0.21557617
-0.32373047
0.37963867
0.50634766
0.23559570
0.17175293
0.15283203
0.21228027
0.16125488
0.12097168
-0.16027832
0.16650391
0.08801270
0.10046387
0.08557129
0.02400208
-0.06762695
-0.37573242
0.44311523
-0.40014648
0.19714355
0.35864258
-0.33105469
0.55126953
0.44897461
0.08105469
-0.22070312
0.35156250
0.46142578
0.44824219
0.37255859
0.60498047
-0.30029297
0.39941406
-0.79736328
0.30517578
-0.03393555
-0.18286133
-0.25390625
0.15991211
-0.19055176
0.15795898
0.17126465
0.16040039
0.20312500
0.21325684
0.06475830
-0.30761719
0.37353516
0.37963867
-0.34375000
0.33886719
0.25048828
-0.13745117
0.23315430
-0.10363770
-0.38110352
-0.42309570
-0.34448242
0.15393066
0.03320312
0.23388672
0.20129395
-0.56884766
-0.27026367
-0.33007812
0.40771484
1.04101562
0.23950195
-0.18322754
-0.15368652
0.05926514
-0.12670898
-0.07543945
0.11175537
-0.05364990
-0.46191406
0.08312988
-0.19372559
-0.02626038
0.09460449
-0.25610352
0.36499023
-0.29125977
0.40673828
0.48339844
-0.37915039
0.50878906
0.40112305
0.11694336
-0.03784180
0.30053711
0.64208984
0.61816406
0.46777344
0.69726562
-0.08996582
0.40087891
-0.96093750
0.35913086
-0.52685547
-0.09613037
-0.14294434
-0.13916016
-0.01138306
-0.12335205
-0.04003906
-0.10522461
1.56152344
0.79541016
0.55371094
-0.87207031
0.70019531
0.36083984
-0.56640625
0.56347656
0.05468750
-0.29541016
-0.17749023
0.24536133
-0.18676758
-0.19335938
-0.29907227
0.52685547
0.23632812
0.66308594
0.70214844
-0.27929688
-0.47216797
-0.18640137
0.26147461
2.05078125
0.00329590
-0.67480469
-0.47631836
-0.33569336
-0.36352539
-0.05590820
0.30908203
-0.25000000
-0.41113281
0.89306641
-0.98876953
-0.21972656
0.22351074
0.15380859
-0.04785156
0.18078613
0.56396484
0.64306641
-0.90625000
0.55078125
0.73876953
0.26293945
0.80468750
0.01293945
0.57226562
0.72607422
0.75878906
0.40087891
0.92724609
0.42089844
-0.80419922
0.27905273
-1.68652344
0.06860352
0.43359375
-0.40673828
0.29101562
-0.29174805
-0.25683594
-0.29443359
0.28466797
-0.02035522
0.16833496
-0.18151855
0.22363281
0.40722656
-0.40039062
0.36889648
0.17236328
-0.16210938
0.27758789
-0.17602539
-0.39184570
-0.40576172
-0.31127930
0.07653809
-0.04199219
0.12255859
0.08740234
-0.52734375
-0.19458008
-0.31689453
0.40429688
0.89453125
0.20190430
0.06372070
0.07965088
0.15759277
0.08721924
0.05731201
-0.08789062
0.10192871
0.29541016
0.22753906
-0.06427002
-0.19128418
0.22680664
-0.04882812
0.22839355
-0.20471191
0.39599609
0.38549805
-0.24926758
0.43017578
0.24829102
0.06433105
-0.08544922
0.29467773
0.50976562
0.51171875
0.39892578
0.61914062
-0.25585938
0.39013672
-0.93310547
0.33642578
-0.31225586
-0.12182617
-0.20458984
0.08557129
-0.13110352
0.08087158
0.10791016
0.08917236
-0.11187744
-0.24206543
0.26220703
-0.08758545
0.13378906
0.41748047
-0.44726562
0.40698242
0.06372070
-0.26464844
0.27880859
-0.13842773
-0.39257812
-0.39355469
-0.32812500
0.12573242
-0.04284668
0.15148926
0.16442871
-0.52783203
-0.25659180
-0.32763672
0.39233398
1.00781250
0.22534180
-0.12890625
-0.08880615
0.06414795
-0.06256104
-0.01152039
0.04928589
-0.00700378
0.52490234
0.18957520
0.08172607
-0.32763672
0.36450195
0.09375000
0.07543945
-0.06311035
0.44482422
0.40332031
-0.32641602
0.45800781
0.30761719
0.09802246
-0.07458496
0.29370117
0.52197266
0.53320312
0.44799805
0.59423828
-0.09936523
0.39794922
-0.89892578
0.34130859
-0.49462891
-0.11364746
-0.11456299
-0.07373047
-0.03485107
-0.05657959
0.00230217
-0.04437256
-1.48828125
-1.19433594
0.91748047
-0.05310059
0.22644043
0.17285156
-0.46289062
0.44799805
-0.11462402
-0.43139648
-0.02270508
0.17382812
-0.25585938
-0.21142578
-0.34130859
0.52587891
0.21899414
0.64599609
0.68945312
-0.28417969
-0.48095703
-0.18945312
0.26586914
2.05078125
0.00830078
-0.67480469
-0.47680664
-0.33520508
-0.36376953
-0.05569458
0.30932617
-0.24987793
0.62792969
0.05834961
0.66357422
-0.89843750
0.69970703
0.35229492
-0.32910156
0.38574219
0.55468750
0.56103516
-0.92285156
0.57763672
0.71728516
0.24841309
0.78759766
0.03399658
0.57910156
0.74072266
0.77050781
0.39746094
0.92285156
0.41967773
-0.80273438
0.28710938
-1.68652344
0.06701660
0.43261719
-0.40722656
0.29077148
-0.29174805
-0.25683594
-0.29467773
-0.93164062
-0.66845703
0.33911133
0.16613770
0.00415039
0.13281250
-0.32104492
0.30126953
-0.09716797
-0.34716797
0.12463379
-0.00787354
-0.36865234
-0.28955078
-0.32031250
0.30322266
0.12963867
0.52539062
0.56982422
-0.37011719
-0.35205078
-0.21801758
0.29418945
1.80761719
0.05206299
-0.40063477
-0.24462891
-0.16552734
-0.16003418
0.04718018
0.12292480
-0.08776855
-0.54931641
-0.46484375
0.68164062
-0.59326172
0.50976562
0.25585938
-0.21301270
0.22546387
0.40283203
0.33618164
-0.58642578
0.53320312
0.59375000
0.14147949
0.41088867
0.12695312
0.54980469
0.70214844
0.68457031
0.53027344
0.54003906
0.44970703
-0.89990234
0.28491211
-1.29492188
-0.01380920
0.24975586
-0.19299316
0.12683105
-0.10961914
-0.09564209
-0.11212158
0.02598572
0.00400543
-0.03747559
0.10144043
-0.09985352
0.26171875
-0.36914062
0.32617188
0.02526855
-0.20300293
0.28442383
-0.23291016
-0.37451172
-0.35864258
-0.25341797
0.02737427
-0.07666016
0.09326172
0.09301758
-0.47802734
-0.12139893
-0.28515625
0.35546875
0.79736328
0.15576172
0.12573242
0.13354492
0.17578125
0.13562012
0.11437988
-0.13391113
0.14270020
-0.13366699
-0.06439209
0.01007843
-0.06353760
0.16577148
0.21582031
0.01287842
-0.08081055
0.32104492
0.24365234
-0.12304688
0.33422852
0.13330078
0.00866699
-0.12597656
0.24841309
0.38623047
0.41992188
0.34057617
0.59179688
-0.25805664
0.37597656
-0.91308594
0.26489258
-0.20910645
-0.12988281
-0.20251465
0.13525391
-0.16113281
0.13098145
0.14599609
0.13586426
0.65527344
0.22497559
-0.22192383
0.34326172
-0.21704102
0.08111572
-0.22631836
0.24914551
-0.14331055
-0.27001953
0.27392578
-0.21777344
-0.39843750
-0.29882812
-0.27563477
0.10400391
-0.01391602
0.25732422
0.26708984
-0.45678711
-0.18969727
-0.28100586
0.35351562
1.33300781
0.15942383
-0.22387695
-0.13684082
-0.01346588
-0.09844971
-0.01003265
0.07958984
-0.04003906
-0.45410156
-0.49755859
0.40234375
-0.20520020
0.27685547
0.28710938
-0.21191406
0.18798828
0.33349609
0.19921875
-0.10626221
0.29077148
0.16186523
0.02722168
-0.00262451
0.20715332
0.48388672
0.57324219
0.47094727
0.47363281
-0.00271606
0.34643555
-0.83056641
0.32373047
-0.77734375
-0.06072998
0.00669861
-0.11553955
0.02249146
-0.08459473
-0.03689575
-0.07318115
0.58886719
0.35058594
-0.27783203
0.35107422
-0.35131836
0.09729004
-0.38305664
0.39941406
-0.12231445
-0.34619141
0.35229492
-0.29370117
-0.47680664
-0.41357422
-0.32714844
0.11035156
-0.01440430
0.23706055
0.19958496
-0.60058594
-0.23889160
-0.37036133
0.45068359
1.22363281
0.22998047
-0.16845703
-0.11541748
0.08056641
-0.08422852
-0.02488708
0.06750488
-0.01170349
0.30615234
-0.07873535
0.06707764
0.04290771
0.18017578
0.44042969
-0.28906250
0.17358398
0.45288086
0.30468750
-0.18493652
0.38110352
0.19921875
0.01123047
-0.05767822
0.28784180
0.64160156
0.66210938
0.49243164
0.66748047
-0.09832764
0.41040039
-1.01562500
0.38574219
-0.63378906
-0.10925293
-0.14379883
-0.09796143
-0.04177856
-0.07867432
-0.00061989
-0.06002808
0.15991211
0.55615234
-0.50830078
0.43725586
-0.37939453
-0.02221680
-0.22351074
0.25781250
-0.16625977
-0.33935547
0.29711914
-0.21069336
-0.47900391
-0.33203125
-0.33496094
0.18261719
0.02343750
0.38134766
0.41992188
-0.49414062
-0.30468750
-0.30371094
0.38525391
1.55566406
0.18518066
-0.36914062
-0.25610352
-0.07342529
-0.18933105
-0.01225281
0.15478516
-0.09216309
0.83300781
0.19836426
-0.03112793
0.10009766
0.15820312
0.35205078
-0.29907227
0.22460938
0.34790039
0.21667480
-0.26049805
0.38989258
0.32714844
0.05657959
0.09039307
0.22387695
0.61376953
0.73437500
0.63085938
0.51660156
0.22204590
0.40283203
-0.88330078
0.36816406
-1.02539062
-0.07672119
0.08123779
-0.21826172
0.07580566
-0.15478516
-0.08856201
-0.14318848
-0.63916016
0.13781738
-0.30859375
0.22363281
-0.42602539
-0.25366211
-0.10949707
0.19335938
-0.33715820
-0.51953125
0.36230469
-0.23095703
-0.46044922
-0.40112305
-0.31835938
0.24084473
0.08117676
0.35839844
0.28515625
-0.57910156
-0.22973633
-0.38403320
0.42724609
1.39062500
0.05657959
0.08599854
0.16857910
0.02146912
0.16821289
0.09405518
-0.15771484
0.10272217
0.49609375
0.60253906
-0.45312500
0.43481445
-0.17260742
0.28417969
-0.45849609
0.40844727
0.40307617
0.24987793
-0.43334961
0.49267578
0.34130859
0.07672119
0.22888184
0.20458984
0.62792969
0.65673828
0.52441406
0.81250000
0.08990479
0.49829102
-1.15234375
0.30078125
-0.65429688
0.00610352
0.02519226
0.17504883
-0.05072021
0.16369629
0.09204102
0.15112305
-0.32592773
0.02911377
-0.13671875
0.15124512
-0.18969727
-0.05364990
-0.21191406
0.26831055
-0.10632324
-0.21765137
0.26074219
-0.32641602
-0.42480469
-0.36108398
-0.22229004
-0.00788879
-0.06286621
0.16088867
0.12219238
-0.51562500
-0.12622070
-0.35864258
0.40820312
1.02734375
0.16845703
0.08666992
0.12854004
0.15563965
0.14770508
0.14086914
-0.15197754
0.15441895
-0.03063965
0.23681641
-0.09130859
0.10736084
0.00421143
0.28491211
-0.23046875
0.11926270
0.27246094
0.14562988
-0.03195190
0.24780273
0.05993652
-0.07604980
-0.13793945
0.22839355
0.45898438
0.50732422
0.38427734
0.55078125
-0.22119141
0.40136719
-0.91308594
0.31250000
-0.39404297
-0.13500977
-0.15563965
0.14233398
-0.15405273
0.15087891
0.15441895
0.15332031
-0.15112305
-0.34448242
0.18750000
-0.14709473
-0.24816895
-0.32348633
-0.04705811
0.19848633
-0.34082031
-0.48339844
0.41870117
-0.34057617
-0.49609375
-0.43505859
-0.31689453
0.09136963
-0.07104492
0.15014648
0.14331055
-0.60546875
-0.26098633
-0.37988281
0.44482422
1.11425781
0.22998047
-0.10516357
-0.05154419
0.08264160
-0.02548218
0.01039124
0.01377106
0.02021790
-0.60546875
0.08245850
-0.26123047
0.35278320
-0.34667969
0.30078125
-0.47509766
0.38427734
0.34179688
0.15539551
-0.16149902
0.38793945
0.17285156
-0.00769043
-0.11572266
0.30786133
0.57177734
0.58544922
0.46826172
0.66455078
-0.10498047
0.44238281
-1.00292969
0.36962891
-0.55273438
-0.12084961
-0.12866211
-0.03610229
-0.05599976
-0.02076721
0.02803040
-0.01001740
0.50488281
-0.62255859
0.35473633
-0.15441895
-0.24035645
-0.27685547
0.06076050
0.05401611
-0.27856445
-0.34326172
0.30322266
-0.27172852
-0.46679688
-0.31494141
-0.31323242
0.13647461
0.00012207
0.36181641
0.38525391
-0.47802734
-0.27832031
-0.31909180
0.38598633
1.63378906
0.13317871
-0.26586914
-0.13830566
-0.05609131
-0.07690430
0.07043457
0.04800415
-0.01690674
-0.67138672
-0.11437988
-0.39453125
0.41772461
-0.29370117
0.11083984
-0.32348633
0.30737305
0.21923828
0.08557129
-0.18249512
0.30737305
0.18933105
-0.00744629
0.11785889
0.19421387
0.53417969
0.69238281
0.61132812
0.51562500
0.23266602
0.43920898
-0.93603516
0.34594727
-1.04882812
-0.06884766
0.10522461
-0.10101318
0.03485107
-0.04229736
-0.02015686
-0.03976440
0.50000000
-0.15234375
0.22631836
-0.21606445
-0.08734131
-0.37597656
0.01512146
0.19311523
-0.31494141
-0.43164062
0.39941406
-0.39575195
-0.51953125
-0.43725586
-0.30419922
0.05902100
-0.07751465
0.17858887
0.15148926
-0.64062500
-0.22302246
-0.42675781
0.48876953
1.20019531
0.23522949
-0.00183868
0.04501343
0.14819336
0.06982422
0.09045410
-0.07879639
0.10308838
0.06951904
-0.24877930
-0.03781128
0.17419434
-0.32104492
0.19067383
-0.45483398
0.36743164
0.30493164
0.12622070
-0.08691406
0.32055664
0.10461426
-0.05712891
-0.13879395
0.30541992
0.60595703
0.63818359
0.49291992
0.67675781
-0.18725586
0.48193359
-1.08886719
0.39257812
-0.51855469
-0.15832520
-0.18066406
0.06149292
-0.12866211
0.07482910
0.10870361
0.08209229
0.66455078
0.38940430
1.05859375
-0.88867188
-0.06713867
-0.27978516
0.43017578
-0.31103516
-0.54394531
-0.74804688
0.58789062
-0.17077637
-0.58544922
-0.36621094
-0.53369141
0.55029297
0.20629883
0.69384766
0.72070312
-0.41162109
-0.56347656
-0.32421875
0.34326172
2.18750000
0.02905273
-0.77490234
-0.57519531
-0.36962891
-0.45141602
-0.13598633
0.39355469
-0.31738281
1.49121094
-1.16503906
0.54101562
0.21777344
-0.74707031
-0.12231445
-0.30639648
0.45996094
0.16979980
0.08154297
-0.86279297
0.70654297
0.70556641
0.18103027
0.74853516
0.14965820
0.76171875
0.92578125
0.88964844
0.56591797
0.99072266
0.50488281
-0.95312500
0.33593750
-1.81250000
0.09576416
0.44287109
-0.49804688
0.34057617
-0.37841797
-0.32055664
-0.37719727
-0.32714844
0.35644531
0.11633301
-0.28149414
0.26025391
-0.28540039
0.22387695
-0.06292725
-0.39746094
-0.42089844
0.36914062
-0.37084961
-0.47021484
-0.36279297
-0.25048828
0.10583496
0.00122070
0.24645996
0.19421387
-0.59375000
-0.13598633
-0.38549805
0.41699219
1.20800781
0.09106445
0.05279541
0.11840820
0.04037476
0.11614990
0.05157471
-0.10620117
0.07257080
0.48730469
-0.19604492
0.30737305
-0.17248535
-0.22192383
-0.13598633
-0.26684570
0.32055664
0.10742188
-0.01269531
-0.09985352
0.27050781
0.08801270
-0.04858398
-0.01422119
0.20422363
0.55468750
0.56640625
0.41162109
0.77636719
-0.06451416
0.44677734
-1.10937500
0.27612305
-0.52441406
-0.01577759
-0.02897644
0.12023926
-0.05004883
0.10760498
0.06768799
0.10174561
-0.56005859
0.35156250
-0.00213623
-0.22509766
0.21215820
-0.32373047
0.25585938
-0.04110718
-0.37353516
-0.41015625
0.34960938
-0.36523438
-0.42211914
-0.36791992
-0.25512695
0.06866455
-0.06860352
0.16821289
0.13903809
-0.57812500
-0.19165039
-0.38354492
0.44384766
1.16992188
0.17822266
-0.01596069
0.03717041
0.10363770
0.05541992
0.06689453
-0.06185913
0.07708740
0.01074219
0.04229736
0.27661133
-0.18212891
-0.22192383
-0.14160156
-0.29345703
0.35839844
0.14306641
0.01916504
-0.03259277
0.20825195
-0.01306152
-0.07641602
-0.08276367
0.24609375
0.52832031
0.57031250
0.44311523
0.61083984
-0.11035156
0.42871094
-1.00683594
0.34619141
-0.54345703
-0.10534668
-0.12280273
0.05032349
-0.09161377
0.05773926
0.08007812
0.06378174
-0.20739746
0.06054688
-0.18872070
-0.08374023
0.32568359
-0.37915039
0.34326172
-0.05206299
-0.42724609
-0.47119141
0.44384766
-0.42724609
-0.55664062
-0.44213867
-0.29931641
0.03585815
-0.11767578
0.09008789
0.12438965
-0.58642578
-0.27319336
-0.33300781
0.41943359
0.88281250
0.26708984
-0.15856934
-0.13073730
0.07531738
-0.09777832
-0.03665161
0.07940674
-0.02351379
-0.43896484
0.22351074
0.12683105
-0.28295898
-0.12420654
-0.20690918
-0.31884766
0.41088867
0.12646484
-0.06018066
0.00109863
0.32568359
0.16357422
-0.07128906
-0.20300293
0.33813477
0.56591797
0.58007812
0.46533203
0.58349609
-0.11260986
0.36279297
-0.83789062
0.37451172
-0.45849609
-0.13122559
-0.14672852
-0.11187744
-0.03405762
-0.08898926
-0.01124573
-0.07348633
0.27563477
-0.03112793
-0.25024414
-0.04742432
0.36572266
-0.33618164
0.38891602
-0.10003662
-0.43261719
-0.47094727
0.45727539
-0.44628906
-0.63427734
-0.43457031
-0.35229492
0.09808350
-0.08679199
0.23120117
0.26757812
-0.61230469
-0.32226562
-0.36914062
0.44897461
1.25390625
0.29345703
-0.32177734
-0.25830078
0.02154541
-0.20288086
-0.05474854
0.17077637
-0.08514404
-0.57617188
0.32348633
0.12274170
-0.32519531
-0.09613037
-0.28637695
-0.25488281
0.39941406
0.09729004
-0.07543945
-0.00646973
0.31787109
0.19018555
-0.05999756
-0.13159180
0.33496094
0.69482422
0.76074219
0.60156250
0.58544922
0.00909424
0.40722656
-0.91162109
0.42700195
-0.76025391
-0.14282227
-0.08514404
-0.22875977
0.01914978
-0.18017578
-0.07147217
-0.15905762
1.04003906
-0.53271484
-0.58837891
0.17675781
0.42919922
-0.06567383
0.41430664
-0.31005859
-0.44531250
-0.41772461
0.38623047
-0.36083984
-0.53320312
-0.32397461
-0.35791016
0.18969727
-0.00927734
0.34985352
0.40185547
-0.53027344
-0.32519531
-0.28710938
0.39111328
1.66992188
0.19104004
-0.55029297
-0.42041016
-0.16577148
-0.34887695
-0.14331055
0.30908203
-0.22351074
-0.10559082
0.44140625
-0.06994629
-0.47875977
0.08679199
-0.38256836
0.00048828
0.25097656
-0.07043457
-0.14794922
0.00427246
0.22497559
0.11035156
-0.02301025
0.06188965
0.24230957
0.67187500
0.79345703
0.65136719
0.54882812
0.28784180
0.36279297
-0.90527344
0.39721680
-1.19726562
-0.01132202
0.14331055
-0.38183594
0.18444824
-0.31518555
-0.21545410
-0.29492188
0.11096191
-0.06658936
-0.02012634
0.11242676
0.21740723
-0.22045898
0.39062500
-0.07287598
-0.37329102
-0.35253906
0.36840820
-0.49267578
-0.53906250
-0.44604492
-0.26831055
-0.05889893
-0.15417480
0.02844238
0.03149414
-0.58593750
-0.20373535
-0.36547852
0.44335938
0.77343750
0.22216797
0.07073975
0.08166504
0.15405273
0.09356689
0.06604004
-0.09484863
0.10443115
0.18103027
-0.04351807
-0.06433105
-0.11840820
0.07708740
-0.31201172
-0.21191406
0.39868164
0.09082031
-0.09423828
0.11181641
0.23767090
0.05932617
-0.15478516
-0.24023438
0.33227539
0.49072266
0.51025391
0.40576172
0.59423828
-0.28271484
0.40869141
-0.90380859
0.35498047
-0.25659180
-0.13110352
-0.19750977
0.08996582
-0.13085938
0.09094238
0.11047363
0.09521484
-0.51123047
-0.75927734
-0.27685547
0.85351562
0.57812500
0.24377441
0.44262695
-0.59082031
-0.51464844
-0.64208984
0.77099609
-0.27124023
-0.60205078
-0.29541016
-0.57177734
0.50244141
0.11169434
0.54052734
0.60839844
-0.31372070
-0.53222656
-0.20703125
0.29150391
2.04296875
0.03869629
-0.67578125
-0.48120117
-0.33203125
-0.36547852
-0.05444336
0.31005859
-0.24914551
1.53222656
-0.92382812
-1.09765625
-0.28515625
0.45507812
-0.30712891
0.35620117
0.01806641
-0.23767090
-0.29809570
-0.50830078
0.53857422
0.46630859
0.13854980
0.64013672
0.15795898
0.60888672
0.82080078
0.83642578
0.37475586
0.89453125
0.41113281
-0.79394531
0.33642578
-1.68554688
0.05792236
0.42773438
-0.40991211
0.28881836
-0.29223633
-0.25585938
-0.29516602
-0.26977539
-0.03878784
0.00427246
0.17260742
0.11633301
0.00000000
0.37695312
-0.17846680
-0.34790039
-0.29345703
0.26538086
-0.45068359
-0.42749023
-0.37573242
-0.20617676
-0.06451416
-0.14001465
0.06311035
0.03295898
-0.59570312
-0.13891602
-0.39599609
0.45678711
0.91357422
0.18554688
0.15246582
0.17993164
0.18640137
0.18420410
0.13281250
-0.18066406
0.17260742
0.09240723
-0.16528320
-0.11035156
-0.01184082
0.18261719
-0.33544922
-0.03350830
0.29882812
-0.01187134
-0.11437988
0.16406250
0.09045410
-0.10449219
-0.18383789
-0.21582031
0.26538086
0.45703125
0.50390625
0.37573242
0.60644531
-0.27880859
0.42041016
-0.96728516
0.33984375
-0.29150391
-0.13610840
-0.20288086
0.18530273
-0.17761230
0.17761230
0.17407227
0.17956543
-1.18066406
0.86718750
0.87109375
0.78076172
0.19726562
0.35717773
0.29101562
-0.57519531
-0.45678711
-0.58984375
0.82324219
-0.31591797
-0.63037109
-0.30175781
-0.59423828
0.49804688
0.09954834
0.52832031
0.59912109
-0.31665039
-0.53808594
-0.20898438
0.29418945
2.04296875
0.04223633
-0.67578125
-0.48168945
-0.33154297
-0.36572266
-0.05432129
0.31005859
-0.24902344
-1.10253906
-0.82226562
-0.72363281
0.44775391
0.70849609
-0.16210938
0.48803711
-0.13818359
-0.33471680
-0.39038086
-0.41894531
0.51367188
0.42773438
0.12438965
0.61962891
0.17138672
0.61132812
0.82958984
0.84326172
0.37231445
0.89062500
0.41015625
-0.79296875
0.34179688
-1.68554688
0.05688477
0.42724609
-0.41015625
0.28857422
-0.29223633
-0.25537109
-0.29516602
0.12145996
0.81005859
0.74414062
0.40527344
-0.01684570
0.25976562
0.20776367
-0.37109375
-0.32568359
-0.35986328
0.58251953
-0.40332031
-0.64843750
-0.32226562
-0.44335938
0.25903320
0.01806641
0.41503906
0.48925781
-0.41357422
-0.38574219
-0.23901367
0.32617188
1.79785156
0.07794189
-0.40039062
-0.24743652
-0.16381836
-0.16088867
0.04769897
0.12322998
-0.08746338
-1.07519531
-0.08312988
-0.15930176
0.46411133
0.50976562
-0.12493896
0.32421875
-0.06298828
-0.25610352
-0.32226562
-0.14038086
0.34863281
0.26123047
-0.00631714
0.27343750
0.20239258
0.56445312
0.77343750
0.74365234
0.49731445
0.51660156
0.43872070
-0.88867188
0.33300781
-1.29394531
-0.01982117
0.24694824
-0.19433594
0.12585449
-0.10937500
-0.09515381
-0.11236572
0.32421875
0.16528320
0.14624023
0.05859375
-0.12243652
0.22949219
0.35668945
-0.30957031
-0.35766602
-0.29589844
0.33959961
-0.53076172
-0.54833984
-0.41528320
-0.25952148
-0.02287292
-0.12451172
0.12109375
0.09875488
-0.65136719
-0.20959473
-0.40771484
0.47216797
0.99755859
0.19287109
0.07788086
0.11535645
0.14526367
0.12536621
0.08160400
-0.12414551
0.12164307
-0.16638184
0.11181641
0.05297852
0.20959473
0.22241211
-0.26220703
0.19311523
0.19006348
-0.15930176
-0.24182129
0.18212891
0.11206055
-0.04028320
-0.20593262
-0.18505859
0.30029297
0.58740234
0.62060547
0.45678711
0.68896484
-0.17211914
0.44238281
-1.01074219
0.36083984
-0.38769531
-0.11218262
-0.17028809
0.12365723
-0.13208008
0.11926270
0.12408447
0.12396240
0.34619141
-0.01306152
0.07177734
-0.08074951
-0.23278809
0.35498047
0.29809570
-0.37011719
-0.34960938
-0.32348633
0.29174805
-0.42529297
-0.45458984
-0.34570312
-0.24279785
0.04867554
-0.11511230
0.10803223
0.12060547
-0.57373047
-0.18737793
-0.30053711
0.39794922
0.96191406
0.21533203
-0.15942383
-0.13891602
0.06658936
-0.11547852
-0.07080078
0.10137939
-0.04388428
0.30200195
0.21362305
0.15795898
0.23242188
0.20043945
-0.19360352
0.30834961
0.11853027
-0.21166992
-0.26000977
0.21081543
0.06774902
-0.06579590
-0.13098145
-0.16979980
0.28198242
0.56396484
0.58447266
0.41894531
0.57470703
-0.14392090
0.32055664
-0.87255859
0.34594727
-0.46557617
-0.08532715
-0.14746094
-0.12597656
-0.01982117
-0.11334229
-0.03112793
-0.09460449
0.09472656
-0.13989258
0.21337891
-0.06298828
-0.18701172
0.21899414
0.06469727
-0.19641113
-0.14733887
-0.09173584
-0.00299072
-0.28808594
-0.26611328
-0.19335938
-0.16357422
-0.04223633
-0.12030029
0.14282227
0.17919922
-0.45751953
-0.05468750
-0.27441406
0.36987305
1.33789062
0.12316895
-0.00181580
0.08679199
0.08374023
0.11175537
0.14282227
-0.11999512
0.11993408
0.71582031
0.53222656
0.37011719
0.33837891
0.17626953
-0.01715088
0.17041016
-0.04180908
-0.21252441
-0.13928223
0.25097656
-0.12841797
-0.26831055
-0.16625977
-0.14978027
0.15270996
0.33886719
0.51464844
0.41772461
0.40307617
-0.15063477
0.32934570
-0.86083984
0.31762695
-0.64892578
-0.09759521
-0.04724121
0.10339355
-0.09918213
0.12188721
0.11474609
0.12255859
-0.43579102
-0.29052734
-0.11914062
-0.24182129
-0.30297852
0.39453125
0.15344238
-0.38818359
-0.28759766
-0.25390625
0.22351074
-0.41503906
-0.37255859
-0.33203125
-0.22509766
-0.01269531
-0.16857910
0.05139160
0.05895996
-0.61035156
-0.18261719
-0.38110352
0.46875000
1.04492188
0.22070312
-0.05126953
-0.00981140
0.09863281
0.00465393
0.01853943
-0.01135254
0.03903198
0.24438477
0.06378174
0.18872070
0.12768555
0.03283691
0.02368164
0.38940430
-0.00907135
-0.28662109
-0.29541016
0.25927734
-0.02465820
-0.19970703
-0.17907715
-0.20849609
0.28027344
0.49145508
0.55371094
0.42529297
0.54833984
-0.19238281
0.38134766
-0.94238281
0.38354492
-0.47094727
-0.10687256
-0.14392090
-0.00112534
-0.07263184
0.00360107
0.04629517
0.01418304
-0.70996094
-0.52636719
-0.34179688
-0.37792969
-0.36596680
0.31347656
0.04470825
-0.29199219
-0.19995117
-0.18090820
0.28662109
-0.39941406
-0.52148438
-0.28564453
-0.31176758
0.06439209
-0.11810303
0.22631836
0.31201172
-0.49658203
-0.27246094
-0.29687500
0.39697266
1.48437500
0.19995117
-0.28710938
-0.18041992
-0.03927612
-0.12097168
0.03872681
0.09082031
-0.04061890
-0.27832031
-0.18579102
0.31738281
0.16455078
0.03686523
0.09130859
0.33276367
-0.08599854
-0.27368164
-0.29028320
0.17797852
0.04858398
-0.07299805
-0.12011719
-0.06427002
0.24218750
0.52490234
0.72753906
0.64160156
0.41577148
0.13842773
0.37524414
-0.82421875
0.39746094
-0.94482422
-0.10021973
0.06011963
-0.14672852
0.03451538
-0.08917236
-0.03912354
-0.08111572
-0.06506348
-0.11364746
-0.53515625
-0.42260742
-0.33886719
0.20703125
-0.16528320
-0.31884766
-0.17761230
-0.24755859
0.53906250
-0.52734375
-0.57324219
-0.38916016
-0.37988281
0.17480469
-0.05151367
0.25073242
0.22106934
-0.64843750
-0.23522949
-0.40820312
0.46997070
1.38085938
0.07025146
0.08593750
0.16821289
0.01991272
0.16857910
0.09326172
-0.15795898
0.10229492
-0.80664062
-0.60742188
-0.11724854
-0.24560547
-0.31079102
0.31958008
0.44140625
-0.32006836
-0.49462891
-0.52050781
0.17065430
0.13293457
-0.01489258
-0.12414551
0.09692383
0.26318359
0.63134766
0.70507812
0.55371094
0.75781250
0.07446289
0.47851562
-1.13574219
0.33984375
-0.65283203
0.00745773
0.02717590
0.17529297
-0.04956055
0.16418457
0.09136963
0.15136719
0.52148438
0.23156738
-0.23327637
-0.18566895
-0.16406250
0.17199707
-0.14709473
-0.26806641
-0.12182617
-0.16821289
0.30859375
-0.42626953
-0.42065430
-0.30078125
-0.25366211
0.07086182
-0.08166504
0.18066406
0.15844727
-0.63818359
-0.14331055
-0.39038086
0.44970703
1.24316406
0.11096191
-0.02801514
0.04000854
0.01921082
0.04092407
0.00408936
-0.03543091
0.02194214
-0.38989258
-0.36328125
-0.26147461
-0.32763672
-0.35595703
0.31445312
0.35668945
-0.24145508
-0.41308594
-0.40014648
0.22277832
-0.02648926
-0.15747070
-0.16918945
-0.06048584
0.22119141
0.56591797
0.61035156
0.43798828
0.71533203
-0.03942871
0.41601562
-1.09472656
0.31884766
-0.59033203
-0.00532532
-0.02682495
0.04306030
-0.01704407
0.03405762
0.02040100
0.03375244
0.43994141
0.31884766
-0.16845703
-0.15673828
-0.14355469
0.13024902
-0.02661133
-0.21044922
-0.11132812
-0.13061523
0.04415894
-0.26904297
-0.15161133
-0.18041992
-0.13061523
-0.05010986
-0.09869385
0.10589600
0.02783203
-0.54345703
0.06817627
-0.40136719
0.43359375
1.11328125
0.06243896
0.28100586
0.33032227
0.19592285
0.31860352
0.21887207
-0.30200195
0.25244141
0.12988281
-0.19372559
-0.20764160
-0.17285156
-0.15222168
0.16308594
0.22912598
-0.08721924
-0.23828125
-0.17968750
0.18481445
-0.18579102
-0.31396484
-0.21716309
-0.09649658
0.11395264
0.34106445
0.41894531
0.25976562
0.55859375
-0.33325195
0.39892578
-1.03808594
0.26757812
-0.35302734
-0.08422852
-0.16040039
0.32958984
-0.21557617
0.30737305
0.24414062
0.29589844
0.10119629
0.32324219
-0.00207520
-0.05462646
-0.08544922
0.12573242
-0.11877441
-0.24682617
-0.09790039
-0.12976074
-0.03070068
-0.27563477
-0.17639160
-0.20532227
-0.14306641
-0.04534912
-0.14819336
0.06542969
0.04772949
-0.56542969
0.00701904
-0.36425781
0.44238281
1.04980469
0.16064453
0.03485107
0.07177734
0.14978027
0.07696533
0.06262207
-0.07720947
0.09631348
0.56054688
0.11242676
-0.26293945
-0.26660156
-0.24206543
0.27685547
0.27368164
-0.16162109
-0.30639648
-0.22265625
0.26074219
-0.20703125
-0.33813477
-0.21264648
-0.18981934
0.17956543
0.41357422
0.49218750
0.31689453
0.49731445
-0.30541992
0.31689453
-0.93310547
0.33178711
-0.41699219
-0.09649658
-0.18786621
0.07550049
-0.12536621
0.07135010
0.10168457
0.07940674
-0.16137695
0.04751587
0.01242065
0.00701904
-0.05731201
0.17309570
-0.18676758
-0.35791016
-0.17309570
-0.15502930
0.20874023
-0.45996094
-0.46289062
-0.32885742
-0.20312500
-0.06262207
-0.20190430
0.02392578
0.03710938
-0.58935547
-0.21948242
-0.37963867
0.45336914
0.92285156
0.26513672
-0.13891602
-0.11688232
0.10302734
-0.08221436
-0.01391602
0.06298828
-0.00179100
0.17187500
0.06732178
-0.06268311
-0.16296387
-0.25903320
0.35571289
0.39892578
-0.19287109
-0.34301758
-0.36035156
0.29516602
-0.07409668
-0.16882324
-0.24914551
-0.25195312
0.29663086
0.51123047
0.56542969
0.43115234
0.47412109
-0.20898438
0.36547852
-0.83007812
0.39843750
-0.46142578
-0.14123535
-0.17456055
-0.09747314
-0.05996704
-0.07281494
0.01116180
-0.05615234
-0.68359375
-0.05834961
0.36352539
0.16455078
0.05114746
-0.01281738
-0.23693848
-0.13928223
-0.00683594
-0.02368164
0.18896484
-0.43750000
-0.51074219
-0.28906250
-0.27978516
0.02032471
-0.15747070
0.17089844
0.25585938
-0.53515625
-0.27490234
-0.32177734
0.41748047
1.40917969
0.20214844
-0.26806641
-0.16992188
-0.02194214
-0.10705566
0.04406738
0.07672119
-0.02661133
-0.05944824
0.48144531
-0.21679688
-0.33300781
-0.30615234
0.28149414
0.18701172
-0.23889160
-0.32006836
-0.31835938
0.27099609
-0.06591797
-0.17565918
-0.19775391
-0.12866211
0.25415039
0.50878906
0.70263672
0.61523438
0.45263672
0.09661865
0.39184570
-0.85009766
0.39892578
-0.89208984
-0.10302734
0.03848267
-0.13354492
0.01908875
-0.07476807
-0.02496338
-0.06683350
-0.11157227
-0.20654297
0.12182617
0.29565430
0.30249023
-0.14294434
-0.42407227
-0.20751953
0.00231934
-0.01184082
0.24780273
-0.53515625
-0.51757812
-0.37158203
-0.22656250
-0.05236816
-0.21411133
-0.02246094
0.01757812
-0.62792969
-0.23352051
-0.36914062
0.46118164
0.81054688
0.22021484
-0.01354218
0.01162720
0.08007812
0.01885986
0.00031710
-0.02011108
0.03088379
-0.36767578
0.01240540
0.15820312
0.02529907
-0.18640137
0.40136719
0.24865723
-0.38085938
-0.45336914
-0.47998047
0.38037109
-0.06225586
-0.16821289
-0.25195312
-0.24719238
0.32763672
0.48217773
0.51660156
0.42968750
0.55810547
-0.18652344
0.37768555
-0.87011719
0.37353516
-0.33081055
-0.08862305
-0.12548828
0.01605225
-0.05749512
0.01400757
0.03671265
0.02066040
0.32885742
-0.19641113
0.06237793
0.28417969
0.34716797
-0.23547363
-0.43212891
-0.15197754
0.03942871
-0.02075195
0.15454102
-0.44287109
-0.43725586
-0.31225586
-0.23010254
-0.00677490
-0.19201660
0.05200195
0.11413574
-0.61035156
-0.21862793
-0.30908203
0.42822266
0.97998047
0.22924805
-0.18566895
-0.16174316
0.07153320
-0.13562012
-0.06011963
0.11822510
-0.04815674
-0.36889648
-0.12976074
0.19970703
0.11444092
-0.12817383
0.37060547
0.16174316
-0.38012695
-0.43115234
-0.44653320
0.36010742
-0.12304688
-0.21813965
-0.23120117
-0.21398926
0.29541016
0.52148438
0.60058594
0.47290039
0.55419922
-0.09393311
0.33520508
-0.89257812
0.37060547
-0.50097656
-0.10485840
-0.15527344
-0.14880371
-0.02218628
-0.12963867
-0.03405762
-0.10931396
0.35546875
-0.21862793
0.17224121
0.21545410
0.15356445
-0.11315918
-0.25585938
-0.18212891
-0.00744629
-0.01733398
-0.06939697
-0.31542969
-0.30761719
-0.20300293
-0.10528564
-0.12939453
-0.21191406
0.02026367
0.07702637
-0.49536133
-0.08319092
-0.29321289
0.39794922
1.03125000
0.21740723
-0.00279236
0.03820801
0.15124512
0.07159424
0.12805176
-0.08636475
0.12030029
-0.05963135
-0.08251953
0.08386230
-0.06506348
-0.16674805
0.28662109
0.16662598
-0.22766113
-0.27148438
-0.21997070
0.25219727
-0.21911621
-0.29809570
-0.27148438
-0.29077148
0.20434570
0.34521484
0.50341797
0.40722656
0.35620117
-0.29101562
0.31884766
-0.77490234
0.36328125
-0.44458008
-0.17041016
-0.16052246
0.05722046
-0.13989258
0.08380127
0.12353516
0.09252930
0.21459961
0.04733276
-0.09881592
0.11291504
0.33276367
-0.36035156
-0.45458984
-0.05902100
0.13122559
0.07604980
0.11682129
-0.49169922
-0.48242188
-0.32958984
-0.17321777
-0.08563232
-0.24157715
0.00695801
0.05517578
-0.67382812
-0.20507812
-0.39086914
0.48510742
0.95605469
0.24731445
0.03149414
0.06298828
0.16345215
0.08032227
0.09051514
-0.08715820
0.11193848
0.33032227
-0.19714355
0.13610840
0.24365234
0.10021973
0.23193359
0.01953125
-0.40063477
-0.41259766
-0.44433594
0.39868164
-0.19250488
-0.28173828
-0.30444336
-0.30712891
0.30761719
0.50341797
0.59375000
0.47119141
0.57421875
-0.22558594
0.40454102
-0.93505859
0.39501953
-0.37084961
-0.16870117
-0.20141602
0.07348633
-0.14099121
0.08154297
0.11791992
0.09033203
-0.38427734
0.53027344
-0.49462891
-0.01519775
0.33227539
-0.37109375
-0.39794922
0.23620605
0.32006836
0.17382812
0.36474609
-0.53564453
-0.54003906
-0.34912109
-0.39111328
0.13830566
-0.11425781
0.19726562
0.18957520
-0.67968750
-0.23742676
-0.41943359
0.49023438
1.37695312
0.07678223
0.08587646
0.16796875
0.01916504
0.16882324
0.09289551
-0.15820312
0.10211182
0.71240234
-0.31787109
0.23559570
0.48852539
0.31762695
-0.08520508
-0.25268555
-0.38525391
-0.41699219
-0.54980469
0.43139648
-0.09448242
-0.19238281
-0.21203613
0.02819824
0.28393555
0.62304688
0.72167969
0.56542969
0.73046875
0.06701660
0.46875000
-1.12792969
0.35815430
-0.65234375
0.00810242
0.02812195
0.17529297
-0.04904175
0.16442871
0.09106445
0.15148926
-0.71582031
0.44433594
-0.37255859
-0.09808350
0.25585938
-0.39648438
-0.38940430
0.14575195
0.24389648
0.10821533
0.08471680
-0.37329102
-0.30419922
-0.27661133
-0.23754883
0.00793457
-0.20422363
0.05676270
0.07543945
-0.64599609
-0.20153809
-0.39843750
0.49682617
1.11523438
0.19482422
-0.01184845
0.03186035
0.09497070
0.04296875
0.03463745
-0.04595947
0.05920410
0.06033325
0.04931641
0.00726318
0.36450195
0.27539062
-0.04504395
-0.21179199
-0.38427734
-0.37866211
-0.43115234
0.35668945
-0.20898438
-0.30664062
-0.26025391
-0.16333008
0.27758789
0.52197266
0.62841797
0.48046875
0.54296875
-0.10870361
0.37695312
-0.95800781
0.40112305
-0.51074219
-0.08453369
-0.12408447
0.04055786
-0.07763672
0.04022217
0.06280518
0.04797363
-0.39624023
0.20446777
-0.24853516
-0.29101562
0.10644531
-0.39990234
-0.34130859
0.21081543
0.31494141
0.19738770
0.08782959
-0.40405273
-0.40014648
-0.28662109
-0.25463867
0.02313232
-0.20642090
0.06384277
0.13134766
-0.63134766
-0.25195312
-0.35034180
0.45483398
1.15820312
0.23242188
-0.25952148
-0.20654297
0.00532913
-0.17651367
-0.09490967
0.15795898
-0.09436035
-0.56347656
0.33349609
-0.23657227
0.24499512
0.38696289
-0.14831543
-0.29907227
-0.35205078
-0.33471680
-0.44189453
0.40600586
-0.19873047
-0.28149414
-0.24670410
-0.19335938
0.30590820
0.56445312
0.65283203
0.51855469
0.53369141
-0.02520752
0.34350586
-0.90576172
0.40625000
-0.65820312
-0.06933594
-0.07379150
-0.19091797
0.03546143
-0.16979980
-0.08203125
-0.15026855
0.19958496
-0.02679443
-0.08300781
-0.29370117
-0.03082275
-0.35424805
-0.29174805
0.19885254
0.31884766
0.19885254
-0.06124878
-0.35327148
-0.28149414
-0.26416016
-0.16430664
-0.06750488
-0.24536133
0.01013184
0.05578613
-0.70019531
-0.15844727
-0.40844727
0.51269531
1.12988281
0.22216797
-0.00240326
0.04675293
0.13037109
0.05761719
0.05844116
-0.06176758
0.08251953
-0.54003906
0.32788086
-0.24060059
0.10137939
0.34179688
-0.21289062
-0.29565430
-0.32836914
-0.29248047
-0.35937500
0.36523438
-0.29394531
-0.37817383
-0.30590820
-0.27905273
0.28198242
0.49731445
0.59814453
0.45410156
0.59326172
-0.21484375
0.39990234
-1.03906250
0.40600586
-0.46728516
-0.12164307
-0.16784668
0.05358887
-0.10888672
0.05456543
0.08776855
0.06457520
0.82519531
-0.41967773
-0.04345703
-0.48583984
-0.01196289
-0.19458008
-0.14184570
0.27368164
0.31591797
0.22680664
0.17578125
-0.41894531
-0.52099609
-0.25659180
-0.37695312
0.08618164
-0.15051270
0.21704102
0.32421875
-0.52441406
-0.30273438
-0.31591797
0.41162109
1.58984375
0.13659668
-0.23071289
-0.10870361
-0.06695557
-0.05282593
0.07696533
0.02835083
-0.00912476
-0.28466797
0.54003906
-0.59863281
0.12072754
0.43115234
-0.24047852
-0.32055664
-0.18603516
-0.21557617
-0.33544922
0.38330078
-0.15209961
-0.25927734
-0.18676758
-0.03259277
0.24902344
0.52050781
0.79443359
0.71777344
0.45849609
0.25000000
0.39038086
-0.87695312
0.39477539
-1.01269531
-0.05456543
0.12792969
-0.07415771
0.03903198
-0.01994324
-0.01526642
-0.02114868
0.23986816
-0.16723633
0.13476562
-0.22656250
-0.14794922
-0.31494141
-0.29272461
0.22631836
0.32421875
0.24157715
-0.00439453
-0.50488281
-0.53759766
-0.32666016
-0.22692871
-0.09289551
-0.26953125
0.00048828
0.06018066
-0.71533203
-0.24938965
-0.39453125
0.50878906
0.94677734
0.24340820
-0.14221191
-0.11883545
0.04327393
-0.09881592
-0.08612061
0.08917236
-0.05099487
0.30541992
-0.05728149
-0.08587646
-0.10534668
0.26806641
-0.28002930
-0.40136719
-0.38671875
-0.32373047
-0.38574219
0.44824219
-0.30859375
-0.34375000
-0.37207031
-0.29492188
0.34790039
0.61035156
0.67871094
0.51562500
0.60253906
-0.16748047
0.37255859
-0.93115234
0.42724609
-0.46484375
-0.06042480
-0.11901855
-0.10797119
-0.00175858
-0.09936523
-0.03979492
-0.08551025
-0.26806641
-0.89257812
1.10253906
-0.70703125
-0.42626953
0.04461670
0.18566895
0.54882812
0.55273438
0.49584961
0.70703125
-0.72705078
-0.90917969
-0.39038086
-0.85302734
0.43896484
-0.04382324
0.45361328
0.54980469
-0.48388672
-0.66064453
-0.36157227
0.39697266
2.16992188
0.08703613
-0.77685547
-0.58300781
-0.36303711
-0.45458984
-0.13305664
0.39501953
-0.31591797
1.61035156
-0.84375000
-0.44360352
-0.58007812
0.61669922
-0.30224609
-0.49414062
0.08288574
-0.13781738
-0.56542969
0.76806641
-0.01150513
-0.12194824
-0.12066650
0.34326172
0.36425781
0.78808594
1.06445312
1.00390625
0.50585938
0.92871094
0.47851562
-0.93164062
0.42895508
-1.81152344
0.07714844
0.43261719
-0.50292969
0.33618164
-0.37963867
-0.31811523
-0.37866211
-0.56982422
-0.16137695
0.39477539
-0.22375488
-0.21203613
-0.02984619
-0.01235962
0.21508789
0.26123047
0.18310547
-0.06427002
-0.22448730
-0.27758789
-0.15039062
-0.17578125
-0.02896118
-0.16857910
0.11621094
0.19201660
-0.47900391
-0.13977051
-0.29541016
0.37646484
1.34472656
0.15795898
-0.13781738
-0.04028320
0.00912476
0.00320435
0.09637451
-0.02172852
0.03939819
0.29980469
-0.46069336
-0.04541016
-0.24731445
0.17431641
-0.24267578
-0.24938965
-0.10314941
-0.09674072
-0.17578125
0.23413086
-0.24243164
-0.32543945
-0.20202637
-0.15588379
0.17163086
0.39599609
0.60449219
0.51025391
0.38110352
-0.02706909
0.33422852
-0.80468750
0.35253906
-0.77783203
-0.09271240
0.02766418
-0.01419830
-0.02497864
0.02574158
0.03652954
0.02668762
-0.56445312
0.31030273
0.28369141
0.09942627
-0.38085938
0.15722656
0.13256836
0.36523438
0.43701172
0.37133789
0.07373047
-0.37695312
-0.35913086
-0.24414062
-0.28369141
0.05731201
-0.16564941
0.11523438
0.12634277
-0.67089844
-0.17919922
-0.41503906
0.49121094
1.24316406
0.08215332
0.11157227
0.18273926
0.03848267
0.18249512
0.10266113
-0.17065430
0.11602783
-0.36669922
-0.40429688
0.32763672
-0.38696289
-0.06530762
-0.29516602
-0.36230469
-0.00659180
-0.04992676
-0.28491211
0.43896484
-0.28271484
-0.33032227
-0.27832031
-0.07122803
0.24584961
0.52636719
0.63476562
0.49316406
0.64404297
0.00299072
0.42919922
-1.05273438
0.34472656
-0.55029297
-0.00592804
0.00540161
0.18823242
-0.06652832
0.17663574
0.10559082
0.16430664
-0.01086426
0.24291992
0.05236816
0.11230469
-0.25805664
0.12030029
0.08483887
0.33984375
0.38037109
0.30200195
-0.10559082
-0.27221680
-0.21789551
-0.20275879
-0.12548828
-0.07464600
-0.24108887
0.00256348
0.02856445
-0.66894531
-0.14721680
-0.41015625
0.49951172
1.06054688
0.19873047
0.06372070
0.10357666
0.14038086
0.11322021
0.09289551
-0.11407471
0.11785889
-0.42236328
-0.07318115
0.17370605
-0.19335938
-0.08453369
-0.33007812
-0.38037109
-0.10925293
-0.09173584
-0.25415039
0.32666016
-0.33886719
-0.37622070
-0.32812500
-0.24182129
0.24499512
0.46362305
0.56103516
0.42456055
0.54443359
-0.20898438
0.39697266
-0.97705078
0.38623047
-0.42041016
-0.12243652
-0.16064453
0.11163330
-0.12890625
0.10998535
0.11993408
0.11407471
0.43041992
0.15283203
-0.15649414
0.29003906
-0.26977539
0.22045898
0.19165039
0.41748047
0.46948242
0.42260742
-0.13574219
-0.36938477
-0.33789062
-0.26611328
-0.14990234
-0.08190918
-0.28369141
-0.03869629
0.04357910
-0.71728516
-0.20971680
-0.37451172
0.49853516
0.94824219
0.22790527
-0.08526611
-0.06066895
0.08612061
-0.04388428
-0.02124023
0.03503418
0.00302505
-0.21215820
0.18896484
0.16088867
-0.10815430
-0.25390625
-0.37255859
-0.42749023
-0.06176758
-0.04028320
-0.26293945
0.42626953
-0.37597656
-0.40771484
-0.36230469
-0.30908203
0.31982422
0.49804688
0.58496094
0.46875000
0.59814453
-0.16479492
0.37524414
-0.97656250
0.39355469
-0.41699219
-0.10058594
-0.15161133
-0.05065918
-0.04992676
-0.04254150
0.01280212
-0.03106689
0.65673828
0.23974609
-0.17041016
0.26953125
-0.23059082
0.19165039
0.16064453
0.23474121
0.28540039
0.21484375
-0.21325684
-0.11828613
-0.14733887
-0.11138916
-0.10144043
-0.06878662
-0.21166992
0.05395508
0.14343262
-0.49462891
-0.10186768
-0.27392578
0.38476562
1.26562500
0.19165039
-0.15295410
-0.07427979
0.05041504
-0.03369141
0.06143188
0.01383972
0.02824402
0.25219727
0.41113281
0.33618164
-0.19091797
-0.16430664
-0.18286133
-0.17785645
0.04058838
0.04284668
-0.09582520
0.13574219
-0.30297852
-0.37768555
-0.23718262
-0.22827148
0.17395020
0.37573242
0.58300781
0.47021484
0.33764648
-0.11828613
0.28759766
-0.76757812
0.37475586
-0.68994141
-0.11590576
-0.04974365
-0.05136108
-0.04354858
-0.01644897
0.03045654
-0.00572968
0.15112305
-0.64257812
-1.12695312
0.88476562
-0.36914062
0.38671875
0.56542969
0.33813477
0.52392578
0.65625000
0.36865234
-0.59082031
-0.72265625
-0.31225586
-0.82275391
0.39648438
-0.07946777
0.33691406
0.45434570
-0.35961914
-0.61767578
-0.23681641
0.33471680
2.02734375
0.09094238
-0.67675781
-0.48876953
-0.32666016
-0.36840820
-0.05230713
0.31127930
-0.24792480
1.60839844
1.00781250
0.10546875
0.16455078
-0.63574219
0.06555176
-0.05273438
0.48510742
0.21594238
-0.26416016
0.84667969
-0.12158203
-0.24047852
-0.09533691
0.24597168
0.34643555
0.61376953
0.92333984
0.92919922
0.33081055
0.83789062
0.39501953
-0.77685547
0.42065430
-1.68359375
0.04223633
0.41943359
-0.41430664
0.28515625
-0.29248047
-0.25390625
-0.29614258
-0.34667969
-0.23315430
-0.14855957
0.19580078
0.05419922
0.40356445
0.37744141
0.38720703
0.43066406
0.44189453
-0.20751953
-0.31250000
-0.28930664
-0.22143555
-0.09094238
-0.12487793
-0.28710938
-0.08203125
-0.00451660
-0.65185547
-0.18750000
-0.36132812
0.47216797
0.89990234
0.22741699
-0.02880859
0.00064087
0.09381104
0.01666260
0.02581787
-0.02275085
0.04321289
0.25634766
0.00520325
-0.17333984
0.25073242
-0.37646484
-0.11706543
-0.24230957
0.11767578
0.09887695
-0.13146973
0.36230469
-0.40283203
-0.41894531
-0.36474609
-0.32153320
0.28344727
0.39062500
0.48339844
0.41699219
0.50146484
-0.22021484
0.36669922
-0.89111328
0.38476562
-0.37597656
-0.11431885
-0.13525391
0.01032257
-0.07153320
0.01820374
0.04934692
0.02456665
-0.82226562
-0.62792969
-0.41479492
0.31835938
0.00537109
0.23754883
0.20593262
0.15441895
0.24853516
0.20898438
-0.24609375
-0.03375244
-0.01593018
-0.07702637
-0.12866211
-0.05856323
-0.20458984
0.07421875
0.16467285
-0.53222656
-0.09289551
-0.29638672
0.41381836
1.45898438
0.14208984
-0.07904053
0.02319336
0.03289795
0.05343628
0.10131836
-0.06469727
0.06823730
-0.15771484
-0.09814453
-0.29638672
0.25146484
-0.30615234
0.03784180
-0.02026367
0.17639160
0.17004395
-0.01776123
0.05548096
-0.31909180
-0.38842773
-0.24145508
-0.19396973
0.15356445
0.36303711
0.61425781
0.50390625
0.40429688
-0.06323242
0.33056641
-0.89599609
0.37988281
-0.77246094
-0.07373047
0.00250053
0.04296875
-0.04821777
0.06719971
0.06372070
0.06762695
-0.06610107
-0.03436279
0.01396179
0.03933716
0.11694336
0.41601562
0.41015625
0.41455078
0.41064453
0.40917969
-0.23681641
-0.28857422
-0.30541992
-0.19665527
-0.07922363
-0.19042969
-0.33984375
-0.08410645
-0.02221680
-0.74462891
-0.19323730
-0.45922852
0.55175781
0.86523438
0.26611328
0.10583496
0.12103271
0.19946289
0.13427734
0.11773682
-0.13732910
0.15112305
-0.26098633
-0.11492920
-0.09826660
0.19006348
-0.24877930
-0.04443359
-0.23010254
0.08251953
0.07153320
-0.11315918
0.34863281
-0.49633789
-0.50146484
-0.45751953
-0.36547852
0.28637695
0.46875000
0.59570312
0.47021484
0.54833984
-0.28564453
0.41723633
-0.95019531
0.42895508
-0.28759766
-0.18237305
-0.23803711
0.13037109
-0.17749023
0.13354492
0.15686035
0.13854980
0.50390625
0.19531250
0.24096680
-0.17944336
0.34130859
0.36718750
0.45288086
0.27539062
0.38330078
0.48144531
-0.22583008
-0.22509766
-0.24096680
-0.19055176
-0.19909668
-0.03405762
-0.28295898
-0.00476074
0.08996582
-0.66162109
-0.25073242
-0.36132812
0.47753906
1.15136719
0.24145508
-0.25878906
-0.20605469
0.00645447
-0.17663574
-0.09436035
0.15820312
-0.09411621
-0.46948242
-0.33862305
-0.24389648
0.33544922
-0.21093750
0.21704102
0.03076172
0.30419922
0.25341797
-0.04895020
0.34912109
-0.39013672
-0.42578125
-0.32666016
-0.25024414
0.30493164
0.53027344
0.65625000
0.52783203
0.49511719
-0.03631592
0.33178711
-0.89404297
0.42822266
-0.65429688
-0.07202148
-0.07543945
-0.19079590
0.03466797
-0.17016602
-0.08160400
-0.15051270
0.21289062
0.12487793
0.10040283
-0.11889648
0.19946289
0.25976562
0.33691406
0.26953125
0.29003906
0.31933594
-0.18029785
-0.15820312
-0.11987305
-0.10791016
-0.09960938
-0.12573242
-0.23352051
-0.03930664
-0.02929688
-0.61718750
-0.08972168
-0.40380859
0.47460938
0.88525391
0.13854980
0.18310547
0.20825195
0.18041992
0.21166992
0.16784668
-0.20617676
0.19079590
0.04522705
-0.04309082
-0.00861359
0.11059570
-0.08795166
0.12927246
-0.05017090
0.14611816
0.12121582
-0.04632568
0.25488281
-0.39062500
-0.37011719
-0.35791016
-0.21179199
0.18371582
0.32324219
0.43579102
0.33837891
0.50341797
-0.23437500
0.39501953
-0.93896484
0.32763672
-0.28710938
-0.11883545
-0.17675781
0.21398926
-0.18310547
0.20898438
0.18896484
0.20532227
0.30444336
0.44384766
0.31640625
-0.14208984
0.17614746
0.12902832
0.12951660
0.08276367
0.12127686
0.10778809
-0.23559570
0.05810547
0.06121826
-0.01757812
0.00027466
-0.10791016
-0.19335938
0.01940918
0.10760498
-0.43505859
0.00689697
-0.24511719
0.34936523
1.16601562
0.13684082
-0.01497650
0.05517578
0.08581543
0.08331299
0.12890625
-0.09375000
0.10485840
0.48706055
-0.05529785
-0.17480469
0.24609375
-0.10626221
0.12487793
0.02494812
0.11895752
0.15051270
0.02035522
-0.09301758
-0.28027344
-0.34008789
-0.22058105
-0.21826172
0.09387207
0.23828125
0.46093750
0.38061523
0.29199219
-0.18603516
0.26806641
-0.74218750
0.31909180
-0.56005859
-0.10577393
-0.06011963
0.07263184
-0.09527588
0.09588623
0.10168457
0.09808350
-0.36572266
0.39208984
0.42041016
-0.33447266
0.28613281
0.08923340
0.15551758
0.04696655
0.13793945
0.17285156
-0.25854492
0.06011963
0.07000732
-0.03704834
-0.05090332
-0.08569336
-0.22326660
0.02233887
0.11706543
-0.51757812
-0.03399658
-0.29199219
0.41186523
1.30566406
0.15649414
-0.07128906
0.01223755
0.06677246
0.04162598
0.09265137
-0.05316162
0.07098389
0.66210938
0.36889648
0.11022949
0.13793945
0.00012207
0.22790527
0.11669922
0.20666504
0.23339844
0.03997803
-0.07061768
-0.30761719
-0.37280273
-0.24108887
-0.22229004
0.13452148
0.31958008
0.55371094
0.43798828
0.34960938
-0.14892578
0.28784180
-0.83447266
0.37304688
-0.65869141
-0.09295654
-0.05300903
0.02966309
-0.06945801
0.05307007
0.06939697
0.05813599
-0.60839844
0.04663086
0.25366211
-0.34082031
0.34423828
0.17089844
0.31103516
0.18273926
0.23876953
0.30200195
-0.22998047
-0.11572266
-0.19445801
-0.11376953
-0.14904785
-0.07104492
-0.28784180
0.03283691
0.17895508
-0.53662109
-0.25708008
-0.32543945
0.43457031
1.36914062
0.27099609
-0.32495117
-0.24072266
0.00846863
-0.17309570
0.02781677
0.13513184
-0.04949951
0.04766846
0.41845703
0.24096680
0.05810547
0.00244141
0.31054688
0.13330078
0.24560547
0.18957520
0.01873779
0.19653320
-0.36621094
-0.46728516
-0.28613281
-0.26416016
0.23730469
0.45458984
0.73339844
0.64746094
0.31738281
0.03247070
0.33422852
-0.77050781
0.45507812
-0.87597656
-0.16088867
-0.02331543
-0.20336914
0.00930023
-0.13684082
-0.04119873
-0.12115479
-0.15576172
-0.21691895
-0.15686035
-0.12322998
0.18945312
0.00341797
0.35107422
0.12524414
0.28100586
0.49511719
-0.35424805
-0.21948242
-0.27075195
-0.18542480
-0.14013672
-0.13208008
-0.34960938
-0.10583496
-0.01086426
-0.71044922
-0.26147461
-0.39306641
0.51806641
0.90869141
0.26025391
-0.15344238
-0.13110352
0.04602051
-0.10998535
-0.07238770
0.09844971
-0.05126953
-0.39062500
0.01940918
0.15576172
-0.28222656
0.31933594
0.44042969
0.36523438
0.43579102
0.38671875
0.12927246
0.31884766
-0.51171875
-0.51171875
-0.42626953
-0.33300781
0.33251953
0.48095703
0.58642578
0.48876953
0.50000000
-0.16198730
0.35498047
-0.88037109
0.43994141
-0.45019531
-0.08538818
-0.12036133
-0.12017822
-0.00467682
-0.10791016
-0.03952026
-0.09326172
0.32250977
-0.33227539
-0.24353027
-0.05352783
0.11639404
-0.13684082
0.25292969
0.02536011
0.22961426
0.48974609
-0.35009766
-0.14013672
-0.18579102
-0.16113281
-0.13940430
-0.10339355
-0.35888672
-0.06591797
0.03344727
-0.73144531
-0.28002930
-0.41528320
0.53027344
1.07128906
0.27929688
-0.20434570
-0.15576172
0.03363037
-0.12976074
-0.06787109
0.11340332
-0.06085205
-0.53955078
-0.10021973
0.16284180
-0.35449219
0.38964844
0.43994141
0.43652344
0.45336914
0.42968750
0.14978027
0.28125000
-0.47802734
-0.51269531
-0.39208984
-0.31860352
0.32177734
0.53955078
0.68457031
0.54199219
0.50048828
-0.08337402
0.35351562
-0.90283203
0.46289062
-0.58740234
-0.09912109
-0.10284424
-0.14233398
0.00575638
-0.12445068
-0.04913330
-0.10784912
1.62207031
-0.72509766
-1.15234375
0.00195312
0.22363281
-0.26269531
-0.12585449
-0.41552734
0.06555176
0.68554688
-0.21960449
-0.54003906
-0.71826172
-0.31201172
-0.91650391
0.34594727
-0.17651367
0.31494141
0.45117188
-0.51855469
-0.70996094
-0.38037109
0.42480469
2.16210938
0.11804199
-0.77783203
-0.58691406
-0.35937500
-0.45629883
-0.13159180
0.39599609
-0.31494141
-0.18542480
-0.99121094
0.29125977
-0.91503906
0.71582031
0.15551758
0.51269531
0.36816406
0.56640625
0.30957031
1.02050781
-0.48583984
-0.57031250
-0.26416016
0.07391357
0.45361328
0.76904297
1.11328125
1.05175781
0.46923828
0.89160156
0.46337891
-0.91943359
0.47802734
-1.80957031
0.06726074
0.42675781
-0.50537109
0.33349609
-0.38012695
-0.31713867
-0.37939453
0.29931641
0.03344727
-0.27929688
0.15795898
-0.13110352
-0.23205566
0.03985596
-0.10607910
0.07360840
0.38305664
-0.33569336
-0.11987305
-0.17492676
-0.11853027
-0.14538574
-0.09826660
-0.29541016
-0.00793457
0.03283691
-0.77587891
-0.15112305
-0.50634766
0.56396484
1.15527344
0.14453125
0.17285156
0.22741699
0.11291504
0.22753906
0.14428711
-0.21655273
0.16870117
0.34887695
-0.34277344
-0.13256836
-0.23828125
0.25708008
0.17602539
0.36962891
0.32324219
0.40820312
0.22937012
0.28417969
-0.53564453
-0.53222656
-0.42871094
-0.23937988
0.24743652
0.48193359
0.62744141
0.48217773
0.63476562
-0.16320801
0.46020508
-1.09472656
0.39355469
-0.44287109
-0.07287598
-0.08416748
0.23339844
-0.13256836
0.22119141
0.16162109
0.21008301
-0.16845703
0.16687012
-0.02862549
0.25878906
-0.21496582
-0.35498047
0.07202148
-0.07690430
0.14135742
0.45678711
-0.41088867
-0.10888672
-0.19860840
-0.13220215
-0.08764648
-0.16027832
-0.38134766
-0.12231445
-0.00622559
-0.72705078
-0.26611328
-0.38037109
0.51757812
0.87988281
0.28002930
-0.14123535
-0.12805176
0.07501221
-0.10961914
-0.07275391
0.09747314
-0.04232788
0.36059570
-0.05889893
-0.16674805
-0.09643555
0.29248047
0.30224609
0.52441406
0.46435547
0.46142578
0.24829102
0.22814941
-0.52685547
-0.54101562
-0.44116211
-0.35546875
0.32519531
0.49902344
0.62548828
0.51660156
0.49023438
-0.16638184
0.34033203
-0.86572266
0.44970703
-0.41113281
-0.10742188
-0.16516113
-0.11895752
-0.02476501
-0.10949707
-0.02827454
-0.09143066
-0.65332031
0.38378906
0.00820923
0.36962891
-0.32763672
-0.42602539
-0.09118652
-0.20910645
0.02795410
0.40600586
-0.41601562
-0.03601074
-0.07507324
-0.10961914
-0.10168457
-0.13317871
-0.37329102
-0.08715820
0.01794434
-0.75976562
-0.22534180
-0.42529297
0.55712891
1.16113281
0.25927734
-0.11016846
-0.05743408
0.08306885
-0.03216553
0.01000977
0.01969910
0.01702881
0.13208008
0.04119873
-0.32226562
-0.03646851
0.23266602
0.15087891
0.47778320
0.39282227
0.48779297
0.29492188
0.16235352
-0.51757812
-0.53906250
-0.42529297
-0.34082031
0.30200195
0.48632812
0.65332031
0.52929688
0.52490234
-0.15917969
0.38793945
-1.00488281
0.46679688
-0.57519531
-0.12176514
-0.13098145
-0.04226685
-0.05487061
-0.02604675
0.02520752
-0.01532745
-0.07287598
-0.02767944
0.03120422
0.11694336
-0.17749023
-0.35815430
0.01458740
-0.04431152
0.13330078
0.31958008
-0.36181641
-0.02124023
-0.10632324
-0.05700684
0.00405884
-0.23181152
-0.35351562
-0.15368652
-0.08618164
-0.64697266
-0.15502930
-0.37451172
0.48291016
0.64599609
0.25317383
0.03225708
0.02893066
0.15747070
0.03955078
0.03176880
-0.04461670
0.07330322
-0.13586426
0.03265381
0.03010559
0.02151489
0.12878418
0.19482422
0.47485352
0.43261719
0.36865234
0.19409180
0.08679199
-0.50292969
-0.49609375
-0.43603516
-0.34814453
0.23120117
0.36743164
0.47143555
0.36889648
0.41894531
-0.31640625
0.32275391
-0.77636719
0.39184570
-0.20727539
-0.14221191
-0.22485352
0.03540039
-0.12060547
0.03701782
0.08349609
0.04708862
0.31835938
0.00048828
0.98242188
0.71777344
-0.72363281
-0.26757812
-0.52539062
-0.59082031
-0.23095703
0.48413086
-0.43383789
-0.38525391
-0.51562500
-0.25439453
-0.85839844
0.31420898
-0.17626953
0.22399902
0.36840820
-0.38134766
-0.65917969
-0.25146484
0.35644531
2.01757812
0.11804199
-0.67724609
-0.49267578
-0.32373047
-0.36987305
-0.05120850
0.31201172
-0.24707031
-1.58398438
1.19628906
-0.56347656
0.54248047
0.13061523
-0.28686523
0.21569824
0.02734375
0.51708984
0.51611328
0.81542969
-0.46411133
-0.56054688
-0.20410156
0.00500488
0.42260742
0.59375000
0.95751953
0.96582031
0.30566406
0.80566406
0.38549805
-0.76708984
0.46362305
-1.68164062
0.03405762
0.41528320
-0.41650391
0.28320312
-0.29272461
-0.25292969
-0.29663086
0.36669922
-0.16918945
0.11437988
0.03839111
-0.29077148
-0.41210938
-0.26000977
-0.26708984
-0.03442383
0.30761719
-0.38989258
0.00256348
-0.08813477
-0.07397461
-0.05636597
-0.16870117
-0.34912109
-0.14233398
-0.02099609
-0.63330078
-0.21582031
-0.28588867
0.44482422
0.75488281
0.24194336
-0.21508789
-0.20690918
0.01605225
-0.18896484
-0.13916016
0.17553711
-0.11254883
-0.03973389
0.02276611
0.11791992
0.25390625
-0.11938477
-0.10333252
0.41040039
0.34277344
0.43481445
0.31079102
0.04461670
-0.46704102
-0.47851562
-0.39477539
-0.32568359
0.27563477
0.40527344
0.51074219
0.43164062
0.41967773
-0.16015625
0.26391602
-0.74707031
0.39721680
-0.39624023
-0.05261230
-0.11480713
-0.19958496
0.03878784
-0.18835449
-0.09747314
-0.16845703
0.55615234
-0.43310547
0.39599609
0.18408203
-0.21093750
-0.14001465
-0.10620117
-0.14477539
-0.11248779
0.06002808
-0.10949707
0.21752930
0.24682617
0.05493164
0.03735352
-0.10729980
-0.21569824
-0.02502441
0.06530762
-0.45458984
0.03558350
-0.26367188
0.38354492
1.22363281
0.13781738
-0.00093079
0.07275391
0.09130859
0.09997559
0.13378906
-0.10845947
0.11444092
0.28295898
0.24816895
-0.00158691
0.23974609
-0.03143311
-0.11108398
0.07568359
0.05950928
0.17480469
0.09179688
-0.23828125
-0.17529297
-0.24523926
-0.19897461
-0.19921875
0.07116699
0.20568848
0.44775391
0.36572266
0.26904297
-0.20727539
0.26196289
-0.77148438
0.35058594
-0.58007812
-0.09918213
-0.06390381
0.09020996
-0.10144043
0.11114502
0.11047363
0.11199951
-0.09155273
-0.93066406
0.44580078
-0.30175781
-0.52783203
-0.01525879
-0.56201172
-0.55468750
-0.37377930
0.35668945
-0.56445312
-0.32348633
-0.45996094
-0.23937988
-0.85791016
0.29736328
-0.19409180
0.20239258
0.35229492
-0.38500977
-0.66650391
-0.25439453
0.36083984
2.01562500
0.12304688
-0.67773438
-0.49316406
-0.32324219
-0.37011719
-0.05102539
0.31225586
-0.24694824
1.61230469
-0.75048828
1.04101562
0.84814453
-0.51220703
-0.39184570
-0.08142090
-0.20495605
0.42578125
0.61132812
0.73095703
-0.50878906
-0.60644531
-0.22180176
-0.04077148
0.43505859
0.58789062
0.96191406
0.97216797
0.30102539
0.79882812
0.38378906
-0.76562500
0.47167969
-1.68164062
0.03259277
0.41430664
-0.41674805
0.28295898
-0.29296875
-0.25292969
-0.29663086
0.09484863
0.03823853
-0.00741577
-0.01467896
-0.09020996
-0.33544922
-0.29809570
-0.24194336
-0.04992676
0.19384766
-0.38647461
0.06835938
-0.07958984
0.00805664
0.13391113
-0.29492188
-0.36743164
-0.18798828
-0.09521484
-0.67138672
-0.14013672
-0.38842773
0.48095703
0.47363281
0.23730469
0.18164062
0.16320801
0.20727539
0.16564941
0.11816406
-0.16247559
0.16479492
-0.03167725
0.13659668
-0.12670898
0.02767944
-0.13354492
-0.19750977
0.33349609
0.32812500
0.34716797
0.30810547
0.00402832
-0.55273438
-0.56347656
-0.48535156
-0.36206055
0.19116211
0.28979492
0.41088867
0.36523438
0.41894531
-0.34228516
0.33642578
-0.74023438
0.35351562
-0.01644897
-0.17321777
-0.24743652
0.16625977
-0.18676758
0.16015625
0.16906738
0.16198730
-0.42041016
0.17724609
-0.18164062
-0.30615234
0.03338623
-0.14599609
-0.48901367
-0.43090820
-0.25561523
0.22155762
-0.44506836
0.09301758
-0.02319336
-0.03735352
-0.05023193
-0.16577148
-0.40844727
-0.12707520
-0.00512695
-0.75585938
-0.24206543
-0.39477539
0.53027344
1.00097656
0.27783203
-0.17761230
-0.14758301
0.06359863
-0.12646484
-0.07330322
0.11224365
-0.05258179
-0.27978516
-0.14477539
0.09356689
0.03854370
-0.38378906
-0.43408203
0.11059570
0.11749268
0.40332031
0.45117188
-0.00012207
-0.51074219
-0.55322266
-0.43750000
-0.34277344
0.29394531
0.49633789
0.64892578
0.50976562
0.48876953
-0.15014648
0.33691406
-0.89941406
0.45996094
-0.50732422
-0.10607910
-0.14929199
-0.13732910
-0.01434326
-0.12463379
-0.03854370
-0.10571289
-0.13696289
1.16796875
-1.08593750
-0.89892578
0.10839844
0.24438477
-0.44262695
-0.43115234
-0.48242188
0.21142578
-0.67968750
-0.25683594
-0.40063477
-0.22302246
-0.85400391
0.27954102
-0.21154785
0.18066406
0.33569336
-0.38867188
-0.67480469
-0.25683594
0.36474609
2.01367188
0.12805176
-0.67724609
-0.49389648
-0.32275391
-0.37036133
-0.05081177
0.31250000
-0.24682617
-1.60937500
-0.25292969
0.32177734
-0.03271484
-0.72705078
-0.30688477
-0.35620117
-0.40478516
0.29638672
0.67529297
0.62597656
-0.54589844
-0.64794922
-0.23815918
-0.08642578
0.44653320
0.58154297
0.96630859
0.97802734
0.29614258
0.79296875
0.38183594
-0.76318359
0.47973633
-1.68066406
0.03106689
0.41357422
-0.41699219
0.28247070
-0.29296875
-0.25268555
-0.29663086
0.33984375
0.18811035
-0.16540527
-0.21752930
0.18811035
0.06140137
-0.45947266
-0.42089844
-0.28051758
0.13757324
-0.35766602
0.16711426
0.09423828
0.01098633
0.00428772
-0.20361328
-0.37475586
-0.16552734
-0.08129883
-0.69189453
-0.13012695
-0.37988281
0.52294922
0.85693359
0.22436523
0.07031250
0.08813477
0.15478516
0.09033203
0.05590820
-0.08923340
0.10101318
-0.22985840
0.12976074
-0.07141113
-0.14892578
-0.25732422
-0.40576172
-0.03424072
0.02667236
0.32910156
0.39453125
-0.10595703
-0.43359375
-0.45410156
-0.41088867
-0.32275391
0.22631836
0.34814453
0.49951172
0.40039062
0.42773438
-0.29394531
0.32910156
-0.87207031
0.42285156
-0.29638672
-0.11810303
-0.20117188
0.09039307
-0.12902832
0.08190918
0.10675049
0.09014893
0.49804688
0.04592896
-0.13061523
-0.15405273
0.33837891
0.20153809
-0.41308594
-0.39477539
-0.37207031
0.07324219
-0.42431641
0.12878418
0.05236816
-0.02429199
-0.01052094
-0.17553711
-0.38378906
-0.15234375
-0.03063965
-0.68505859
-0.22656250
-0.39208984
0.50683594
0.96875000
0.26147461
-0.12237549
-0.08398438
0.06640625
-0.06176758
-0.01052856
0.04925537
-0.00656128
0.20043945
0.30395508
-0.24145508
-0.30224609
-0.19042969
-0.37744141
-0.18725586
-0.11755371
0.25219727
0.47680664
-0.06665039
-0.46044922
-0.49609375
-0.40527344
-0.33618164
0.26708984
0.35644531
0.53320312
0.47607422
0.40380859
-0.15625000
0.33471680
-0.83984375
0.43896484
-0.47729492
-0.12060547
-0.11816406
-0.07165527
-0.03628540
-0.05679321
0.00294876
-0.04443359
0.36279297
-0.53662109
-0.19372559
-0.23974609
0.65429688
0.38549805
-0.20007324
-0.23962402
-0.54882812
0.05517578
-0.77441406
-0.18591309
-0.33715820
-0.20556641
-0.84814453
0.26147461
-0.22888184
0.15893555
0.31933594
-0.39257812
-0.68164062
-0.25976562
0.36889648
2.01171875
0.13317871
-0.67773438
-0.49462891
-0.32226562
-0.37060547
-0.05059814
0.31250000
-0.24670410
1.57421875
1.06835938
-1.11621094
-0.86767578
-0.33569336
-0.07287598
-0.53173828
-0.54101562
0.14038086
0.70556641
0.50244141
-0.57373047
-0.68261719
-0.25341797
-0.13183594
0.45703125
0.57519531
0.97021484
0.98339844
0.29101562
0.78662109
0.38012695
-0.76123047
0.48779297
-1.68066406
0.02960205
0.41259766
-0.41748047
0.28222656
-0.29296875
-0.25244141
-0.29687500
-0.70117188
-0.73339844
0.23254395
0.03845215
0.50244141
0.28198242
-0.14709473
-0.17529297
-0.40454102
-0.03259277
-0.56494141
-0.00341797
-0.17004395
-0.08618164
-0.47827148
0.06115723
-0.27465820
0.07672119
0.24414062
-0.51513672
-0.46777344
-0.29296875
0.40966797
1.76953125
0.14782715
-0.39916992
-0.25488281
-0.15942383
-0.16308594
0.04913330
0.12414551
-0.08660889
0.82373047
0.35302734
-0.72460938
-0.61474609
-0.08581543
-0.05987549
-0.35595703
-0.33300781
0.08935547
0.48242188
0.20080566
-0.53320312
-0.67822266
-0.31054688
-0.20642090
0.32299805
0.49340820
0.87402344
0.85595703
0.39111328
0.44335938
0.40478516
-0.85302734
0.46191406
-1.28808594
-0.03601074
0.23950195
-0.19799805
0.12310791
-0.10876465
-0.09399414
-0.11291504
-0.12719727
-0.05413818
0.03387451
0.08593750
0.17968750
0.27758789
-0.31323242
-0.32934570
-0.27734375
0.01245117
-0.25366211
0.22583008
0.16479492
0.05725098
0.05792236
-0.19226074
-0.31665039
-0.14196777
-0.05261230
-0.63671875
-0.05834961
-0.34667969
0.47216797
0.76708984
0.17089844
0.13269043
0.14184570
0.17150879
0.13940430
0.11206055
-0.13574219
0.14135742
-0.04855347
-0.03515625
0.01895142
-0.08331299
0.07202148
-0.19482422
-0.19555664
-0.06677246
0.16345215
0.31689453
-0.17761230
-0.33911133
-0.36206055
-0.35424805
-0.27734375
0.15991211
0.23339844
0.40625000
0.34912109
0.41674805
-0.27929688
0.32031250
-0.85888672
0.34228516
-0.19702148
-0.12268066
-0.19677734
0.14062500
-0.15795898
0.13305664
0.14404297
0.13720703
-0.33496094
-0.32226562
0.43945312
0.29272461
0.30810547
0.29833984
-0.06909180
-0.14428711
-0.36279297
-0.06689453
-0.23388672
0.21179199
0.16076660
0.02783203
-0.06695557
-0.11541748
-0.33666992
-0.08319092
0.05383301
-0.58007812
-0.18395996
-0.33691406
0.45996094
1.29394531
0.21655273
-0.22021484
-0.13708496
-0.00984192
-0.09899902
-0.00854492
0.08001709
-0.03927612
-0.72363281
-0.44042969
-0.13330078
-0.27246094
0.16992188
-0.00183105
-0.30224609
-0.27661133
0.01745605
0.32885742
-0.17773438
-0.29541016
-0.39892578
-0.29882812
-0.26733398
0.20092773
0.34790039
0.62304688
0.53857422
0.31079102
-0.04669189
0.29199219
-0.77734375
0.45336914
-0.76269531
-0.07305908
0.00099945
-0.11584473
0.02018738
-0.08483887
-0.03582764
-0.07348633
0.40258789
0.10394287
0.24584961
0.35229492
0.23413086
0.45019531
-0.15625000
-0.28613281
-0.46069336
-0.05297852
-0.34204102
0.28540039
0.18872070
0.06445312
-0.02664185
-0.17919922
-0.44311523
-0.14721680
-0.01660156
-0.77636719
-0.20959473
-0.43652344
0.58007812
1.17871094
0.27636719
-0.16223145
-0.10931396
0.08355713
-0.08325195
-0.02349854
0.06744385
-0.01110840
-0.52783203
-0.34375000
0.14587402
-0.03131104
0.31787109
0.02331543
-0.45361328
-0.32788086
0.08886719
0.45825195
-0.20336914
-0.38745117
-0.48095703
-0.40869141
-0.33105469
0.25073242
0.46411133
0.68750000
0.53125000
0.45092773
-0.15100098
0.33935547
-0.94873047
0.50439453
-0.61523438
-0.11840820
-0.14843750
-0.09539795
-0.04373169
-0.07916260
0.00026798
-0.06011963
0.84814453
0.44653320
0.34228516
0.44873047
0.21691895
0.33349609
-0.01812744
-0.13671875
-0.38549805
-0.10681152
-0.37744141
0.20251465
0.09838867
0.00500488
-0.17187500
-0.08605957
-0.39648438
-0.06286621
0.12878418
-0.62890625
-0.34814453
-0.36938477
0.49755859
1.51171875
0.26049805
-0.36450195
-0.25927734
-0.06652832
-0.19116211
-0.00953674
0.15588379
-0.09069824
-0.01452637
-0.38647461
0.37695312
0.00671387
0.34912109
0.11517334
-0.37304688
-0.31372070
0.00317383
0.38818359
-0.11669922
-0.39428711
-0.57128906
-0.33666992
-0.30151367
0.27587891
0.46923828
0.82470703
0.74658203
0.33959961
0.14526367
0.34350586
-0.82470703
0.51953125
-1.00878906
-0.09704590
0.07049561
-0.22045898
0.07135010
-0.15515137
-0.08648682
-0.14404297
0.37890625
0.59228516
-0.09509277
0.30957031
-0.10186768
0.20642090
0.16528320
0.00048828
-0.51025391
-0.21862793
-0.55908203
0.22045898
0.07507324
-0.00207520
-0.30175781
-0.03784180
-0.36376953
-0.04162598
0.04870605
-0.80078125
-0.24438477
-0.46508789
0.57470703
1.35449219
0.10473633
0.08551025
0.16748047
0.01599121
0.16931152
0.09118652
-0.15893555
0.10119629
0.71484375
0.17651367
0.53955078
0.37841797
0.44824219
0.31982422
-0.44140625
-0.45166016
-0.12597656
0.53369141
-0.08203125
-0.49731445
-0.56835938
-0.40844727
-0.25048828
0.31347656
0.51855469
0.74707031
0.59472656
0.59521484
0.03417969
0.42333984
-1.08593750
0.43652344
-0.64843750
0.01086426
0.03216553
0.17565918
-0.04672241
0.16540527
0.08990479
0.15197754
-0.08612061
0.22045898
0.03424072
0.17041016
0.03454590
0.26049805
-0.04684448
-0.19128418
-0.29174805
-0.06408691
-0.16381836
0.32104492
0.25244141
0.14086914
0.07745361
-0.19482422
-0.35595703
-0.13037109
-0.04357910
-0.66015625
-0.07159424
-0.42333984
0.52441406
0.99218750
0.19714355
0.09399414
0.13488770
0.15112305
0.15136719
0.13830566
-0.15393066
0.15270996
0.31567383
0.09106445
0.16088867
0.07342529
0.18664551
0.12756348
-0.30957031
-0.22277832
0.02398682
0.25390625
-0.20544434
-0.25463867
-0.34667969
-0.34106445
-0.24975586
0.11938477
0.29638672
0.51562500
0.40087891
0.36572266
-0.24438477
0.33251953
-0.85156250
0.41210938
-0.38061523
-0.13012695
-0.15026855
0.14709473
-0.15039062
0.15332031
0.15234375
0.15478516
-0.62207031
-0.09765625
-0.31689453
-0.07019043
-0.30224609
0.20385742
0.22631836
-0.01440430
-0.45629883
-0.25488281
-0.35693359
0.33227539
0.22106934
0.08734131
0.03210449
-0.20666504
-0.43798828
-0.18066406
-0.05810547
-0.78027344
-0.22949219
-0.45117188
0.57226562
1.07226562
0.27026367
-0.09832764
-0.04614258
0.08374023
-0.02415466
0.01075745
0.01339722
0.02030945
0.04489136
0.34033203
0.05636597
0.37597656
0.30029297
0.39208984
-0.42016602
-0.43237305
-0.15649414
0.43896484
-0.27197266
-0.39477539
-0.47656250
-0.42626953
-0.33569336
0.24609375
0.37426758
0.57617188
0.48632812
0.44702148
-0.16271973
0.36865234
-0.93554688
0.47753906
-0.53369141
-0.12646484
-0.13073730
-0.03347778
-0.05654907
-0.02058411
0.02819824
-0.00981140
-0.57519531
-0.40576172
-0.52929688
-0.06384277
-0.25146484
0.03320312
0.23120117
0.08300781
-0.31909180
-0.19750977
-0.31420898
0.26513672
0.18884277
0.06494141
-0.19311523
-0.08673096
-0.35986328
-0.05718994
0.10546875
-0.61328125
-0.32470703
-0.39062500
0.50585938
1.59277344
0.21044922
-0.26171875
-0.14245605
-0.05291748
-0.07775879
0.07116699
0.04824829
-0.01649475
-0.61230469
0.48583984
0.03491211
0.44091797
0.28442383
0.29638672
-0.23437500
-0.30078125
-0.15417480
0.29370117
-0.16296387
-0.31298828
-0.46679688
-0.30834961
-0.27343750
0.22094727
0.39453125
0.77929688
0.71533203
0.34375000
0.16174316
0.37670898
-0.87792969
0.50537109
-1.03710938
-0.08349609
0.09942627
-0.10272217
0.03305054
-0.04107666
-0.01951599
-0.03988647
0.15429688
-0.29150391
-0.18835449
-0.17480469
-0.30297852
0.08374023
0.26684570
-0.01673889
-0.41186523
-0.23608398
-0.28320312
0.38867188
0.28662109
0.13623047
0.05773926
-0.22216797
-0.46582031
-0.18444824
-0.06066895
-0.81787109
-0.17358398
-0.50439453
0.62744141
1.15625000
0.27294922
0.00695038
0.05249023
0.14624023
0.07281494
0.08917236
-0.08020020
0.10223389
-0.48071289
0.01025391
-0.13085938
0.21557617
0.13769531
0.41357422
-0.36865234
-0.41479492
-0.14929199
0.38256836
-0.29467773
-0.32885742
-0.44653320
-0.41918945
-0.32934570
0.21765137
0.39550781
0.63720703
0.51171875
0.44677734
-0.23388672
0.40014648
-1.01562500
0.50878906
-0.50000000
-0.15820312
-0.17858887
0.06604004
-0.12695312
0.07647705
0.10766602
0.08306885
1.58300781
-0.82275391
-0.38085938
-0.82373047
-0.72607422
-0.19238281
0.52783203
0.47827148
-0.39111328
-0.50048828
-1.04296875
0.15588379
-0.10009766
-0.11108398
-0.85937500
0.17883301
-0.36132812
0.10186768
0.29931641
-0.56542969
-0.77832031
-0.40747070
0.46533203
2.14453125
0.16308594
-0.77880859
-0.59277344
-0.35375977
-0.45898438
-0.12939453
0.39746094
-0.31347656
-0.39843750
-0.91259766
-1.12597656
0.39868164
0.18627930
0.23706055
-0.01367188
-0.28173828
-0.41455078
0.56103516
-0.04907227
-0.70947266
-0.91162109
-0.39331055
-0.32739258
0.54199219
0.70166016
1.15234375
1.10546875
0.41235352
0.83251953
0.44042969
-0.89941406
0.54980469
-1.80664062
0.05261230
0.41845703
-0.50878906
0.32983398
-0.38110352
-0.31542969
-0.38037109
0.42358398
0.00457764
0.13134766
-0.31127930
-0.26074219
-0.20703125
0.33471680
0.19421387
-0.27099609
-0.32080078
-0.27832031
0.36499023
0.26416016
0.11401367
-0.04934692
-0.11212158
-0.37304688
-0.08898926
0.01110840
-0.80371094
-0.11737061
-0.45727539
0.55908203
1.17480469
0.12951660
0.05361938
0.11944580
0.03659058
0.11724854
0.04968262
-0.10705566
0.07153320
0.40551758
-0.40673828
-0.30126953
-0.10998535
-0.22131348
0.23889160
-0.09600830
-0.26245117
-0.31005859
0.27246094
-0.26220703
-0.27832031
-0.39892578
-0.34765625
-0.24584961
0.20092773
0.41015625
0.61132812
0.45507812
0.55664062
-0.09429932
0.37231445
-1.04492188
0.39379883
-0.51611328
-0.01281738
-0.02401733
0.12139893
-0.04730225
0.10852051
0.06628418
0.10241699
-0.08563232
0.20947266
0.19458008
-0.25805664
-0.25292969
-0.22277832
0.37597656
0.19091797
-0.29272461
-0.29150391
-0.21081543
0.36083984
0.30297852
0.14257812
0.01583862
-0.16748047
-0.40673828
-0.15734863
-0.05187988
-0.73828125
-0.16076660
-0.45263672
0.57226562
1.12890625
0.21777344
-0.01010132
0.04229736
0.10205078
0.05755615
0.06591797
-0.06292725
0.07641602
0.55371094
-0.28540039
-0.19653320
-0.13110352
-0.17382812
0.27416992
-0.10028076
-0.30639648
-0.27294922
0.28881836
-0.28100586
-0.21569824
-0.29418945
-0.34765625
-0.26782227
0.19287109
0.34375000
0.57324219
0.46166992
0.40429688
-0.15173340
0.35498047
-0.93945312
0.45947266
-0.52880859
-0.10607910
-0.12115479
0.05352783
-0.09027100
0.05889893
0.07922363
0.06451416
-0.46777344
0.22424316
0.22375488
-0.14086914
-0.17480469
-0.30029297
0.46264648
0.22351074
-0.30126953
-0.39038086
-0.23156738
0.42041016
0.26977539
0.15087891
0.12103271
-0.26220703
-0.46826172
-0.22912598
-0.07446289
-0.73730469
-0.23950195
-0.39111328
0.52587891
0.84228516
0.30029297
-0.15100098
-0.12451172
0.07879639
-0.09698486
-0.03509521
0.07952881
-0.02278137
0.12902832
0.05718994
0.04086304
-0.25903320
-0.30126953
0.31030273
-0.07257080
-0.34887695
-0.32861328
0.27099609
-0.37866211
-0.33471680
-0.51367188
-0.42187500
-0.34057617
0.21630859
0.33862305
0.54052734
0.47607422
0.37500000
-0.17297363
0.29931641
-0.77636719
0.45971680
-0.43750000
-0.13977051
-0.15209961
-0.10949707
-0.03631592
-0.08966064
-0.01020050
-0.07366943
-0.52050781
0.26660156
0.26489258
-0.11437988
-0.15356445
-0.36547852
0.46459961
0.26147461
-0.27709961
-0.40039062
-0.24475098
0.43994141
0.30444336
0.13854980
0.03857422
-0.22546387
-0.53222656
-0.20410156
0.00122070
-0.76269531
-0.31567383
-0.43457031
0.56445312
1.20605469
0.34912109
-0.31323242
-0.25488281
0.02868652
-0.20324707
-0.05160522
0.17163086
-0.08349609
-0.37060547
0.18627930
0.08679199
-0.30834961
-0.34570312
0.24792480
0.00596619
-0.31787109
-0.34594727
0.25952148
-0.38623047
-0.32763672
-0.58789062
-0.41625977
-0.37402344
0.26660156
0.45458984
0.76855469
0.65917969
0.36962891
-0.06573486
0.33642578
-0.84472656
0.54833984
-0.73681641
-0.16040039
-0.09594727
-0.22802734
0.01439667
-0.18127441
-0.06915283
-0.15991211
0.07458496
0.12261963
0.37255859
0.07263184
0.01672363
-0.38623047
0.34375000
0.38769531
-0.13195801
-0.40917969
-0.19860840
0.35595703
0.29150391
0.08190918
-0.15014648
-0.09753418
-0.45971680
-0.12048340
0.10375977
-0.67333984
-0.38330078
-0.34594727
0.50585938
1.62207031
0.27880859
-0.54882812
-0.42602539
-0.15380859
-0.35302734
-0.13781738
0.31176758
-0.22045898
-1.04199219
0.68066406
0.46093750
-0.50537109
-0.43750000
-0.03857422
0.23193359
-0.09350586
-0.43115234
0.16979980
-0.33129883
-0.23254395
-0.45971680
-0.31420898
-0.33056641
0.29199219
0.48950195
0.85888672
0.75830078
0.35986328
0.20458984
0.30712891
-0.84570312
0.56005859
-1.17968750
-0.04187012
0.12573242
-0.38671875
0.17626953
-0.31787109
-0.21142578
-0.29687500
0.19750977
-0.07061768
-0.03048706
0.08520508
0.04132080
-0.35986328
0.44238281
0.23669434
-0.24548340
-0.32495117
-0.09759521
0.48730469
0.33251953
0.23388672
0.16491699
-0.30957031
-0.44482422
-0.24487305
-0.13513184
-0.73974609
-0.13256836
-0.43115234
0.55810547
0.73486328
0.24035645
0.07788086
0.08984375
0.15124512
0.09655762
0.06445312
-0.09625244
0.10345459
-0.07824707
0.03659058
0.06011963
-0.13928223
-0.22705078
0.12939453
0.04266357
-0.32885742
-0.29565430
0.16625977
-0.37231445
-0.24804688
-0.42846680
-0.41040039
-0.32006836
0.13415527
0.25854492
0.44897461
0.38378906
0.38549805
-0.32226562
0.33862305
-0.83789062
0.42919922
-0.23925781
-0.12707520
-0.19396973
0.09466553
-0.12866211
0.09210205
0.10919189
0.09619141
1.42089844
-1.17773438
-0.56787109
0.77539062
0.35644531
-0.23132324
0.16809082
0.54199219
-0.01220703
-0.67626953
-0.83691406
0.26000977
0.08374023
-0.08221436
-0.76367188
0.14526367
-0.32812500
0.02691650
0.21838379
-0.41333008
-0.72558594
-0.27587891
0.39306641
2.00000000
0.16333008
-0.67773438
-0.49853516
-0.31909180
-0.37207031
-0.04937744
0.31347656
-0.24597168
0.76708984
0.20617676
0.97998047
-0.45703125
-0.64306641
-0.31665039
0.54296875
0.23730469
-0.56640625
0.20874023
-0.39062500
-0.54394531
-0.75732422
-0.31567383
-0.39208984
0.50634766
0.52539062
0.98242188
1.01074219
0.26025391
0.74609375
0.36865234
-0.74902344
0.53564453
-1.67773438
0.02038574
0.40747070
-0.42016602
0.28027344
-0.29321289
-0.25146484
-0.29736328
0.04479980
-0.16308594
-0.08020020
0.16625977
0.16149902
-0.32324219
0.33129883
0.28930664
-0.14196777
-0.29467773
0.00094604
0.44873047
0.37255859
0.24951172
0.15673828
-0.25683594
-0.41162109
-0.21179199
-0.12176514
-0.75390625
-0.07037354
-0.46313477
0.58007812
0.87548828
0.20654297
0.15966797
0.18798828
0.18054199
0.18835449
0.12976074
-0.18286133
0.17077637
0.28173828
-0.04754639
0.07604980
-0.04763794
-0.14416504
-0.08917236
0.18273926
-0.19335938
-0.31762695
0.11175537
-0.31201172
-0.09997559
-0.23461914
-0.33569336
-0.25390625
0.09252930
0.24291992
0.46142578
0.35717773
0.39453125
-0.30322266
0.34472656
-0.89892578
0.42822266
-0.27709961
-0.12731934
-0.19519043
0.19104004
-0.17321777
0.18005371
0.17163086
0.18115234
-1.28906250
-0.28930664
-1.12890625
0.85644531
0.66748047
-0.06115723
-0.03125000
0.45996094
0.10058594
-0.70019531
-0.78759766
0.30468750
0.13146973
-0.06713867
-0.74951172
0.13171387
-0.33862305
0.01214600
0.20678711
-0.41577148
-0.72998047
-0.27734375
0.39575195
1.99707031
0.16650391
-0.67822266
-0.49902344
-0.31860352
-0.37231445
-0.04922485
0.31347656
-0.24597168
0.97363281
-1.16015625
-0.08984375
0.27441406
-0.30834961
-0.38745117
0.56738281
0.37158203
-0.55761719
0.10522461
-0.48193359
-0.52050781
-0.75048828
-0.31933594
-0.41894531
0.50976562
0.51855469
0.98291016
1.01367188
0.25683594
0.74218750
0.36743164
-0.74755859
0.54101562
-1.67773438
0.01934814
0.40698242
-0.42041016
0.28002930
-0.29321289
-0.25146484
-0.29760742
-1.03808594
0.32617188
-0.64404297
0.49316406
0.50537109
-0.05139160
-0.00866699
0.30810547
0.08715820
-0.48339844
-0.42480469
0.39599609
0.26342773
0.06512451
-0.37646484
-0.02600098
-0.36743164
-0.05484009
0.14685059
-0.54638672
-0.49511719
-0.31201172
0.43994141
1.75781250
0.17346191
-0.39868164
-0.25756836
-0.15771484
-0.16381836
0.04965210
0.12451172
-0.08636475
-0.30419922
-0.74609375
-0.40576172
0.36914062
-0.06481934
-0.28369141
0.38525391
0.21594238
-0.40527344
0.00170898
-0.42285156
-0.35717773
-0.64746094
-0.31542969
-0.35986328
0.32763672
0.42895508
0.87597656
0.87841797
0.34619141
0.41259766
0.39038086
-0.83837891
0.50878906
-1.28320312
-0.04199219
0.23645020
-0.19934082
0.12213135
-0.10852051
-0.09350586
-0.11315918
-0.10827637
0.17858887
-0.06768799
0.10107422
0.23925781
-0.19165039
0.18774414
0.36132812
-0.01373291
-0.38159180
-0.02276611
0.52832031
0.41040039
0.27832031
0.11364746
-0.26293945
-0.48779297
-0.22399902
-0.09460449
-0.83105469
-0.16406250
-0.47851562
0.60058594
0.95703125
0.22106934
0.08398438
0.12231445
0.14147949
0.12841797
0.07958984
-0.12585449
0.12036133
-0.34790039
-0.08880615
-0.13989258
0.19274902
0.08520508
-0.29101562
0.35937500
-0.03887939
-0.39135742
0.01843262
-0.38476562
-0.12329102
-0.36572266
-0.37060547
-0.29760742
0.14648438
0.34985352
0.59130859
0.45776367
0.45605469
-0.21606445
0.36450195
-0.94042969
0.45727539
-0.37231445
-0.10772705
-0.16540527
0.12817383
-0.12915039
0.12072754
0.12249756
0.12512207
0.35717773
0.17968750
0.05889893
-0.03042603
0.23522949
-0.09216309
0.07489014
0.38525391
0.03674316
-0.41430664
0.02673340
0.42382812
0.36376953
0.19213867
0.10302734
-0.20837402
-0.46533203
-0.21594238
-0.05883789
-0.72216797
-0.14892578
-0.35180664
0.50878906
0.92285156
0.24902344
-0.15454102
-0.13269043
0.07049561
-0.11499023
-0.06884766
0.10186768
-0.04290771
-0.28906250
0.11645508
-0.16333008
0.24426270
0.19763184
-0.39355469
0.42187500
0.05166626
-0.40722656
0.02368164
-0.35913086
-0.07653809
-0.28100586
-0.31616211
-0.27783203
0.19604492
0.33886719
0.55322266
0.43212891
0.37060547
-0.18334961
0.26293945
-0.81298828
0.43872070
-0.44848633
-0.09399414
-0.15307617
-0.12384033
-0.02252197
-0.11456299
-0.02980042
-0.09497070
0.72119141
0.39428711
0.10571289
0.00903320
0.20397949
0.04180908
-0.04162598
0.15954590
0.12646484
-0.16137695
0.21533203
0.29077148
0.37792969
0.19873047
0.10375977
-0.15075684
-0.31738281
-0.14965820
-0.00463867
-0.55957031
-0.01831055
-0.32763672
0.47973633
1.30078125
0.17089844
0.00360107
0.08868408
0.08050537
0.11413574
0.14074707
-0.12158203
0.11871338
0.02978516
0.38354492
-0.41406250
0.34399414
0.15649414
-0.21557617
0.17736816
0.12207031
-0.22546387
-0.04202271
-0.12890625
0.12225342
-0.00445557
-0.15954590
-0.19604492
0.04888916
0.16918945
0.51269531
0.45458984
0.24316406
-0.15917969
0.27636719
-0.80517578
0.44775391
-0.63769531
-0.09753418
-0.04357910
0.10589600
-0.09661865
0.12438965
0.11322021
0.12371826
0.16601562
-0.08746338
0.21691895
-0.20971680
0.08099365
0.12780762
-0.09027100
0.34667969
0.13159180
-0.38598633
0.10375977
0.41528320
0.40234375
0.23681641
0.14514160
-0.24072266
-0.45605469
-0.24804688
-0.11816406
-0.74902344
-0.13305664
-0.44189453
0.58837891
1.00292969
0.25488281
-0.04528809
-0.00382996
0.09857178
0.00635147
0.01847839
-0.01196289
0.03887939
0.47119141
0.28442383
-0.05197144
0.17529297
0.29370117
-0.37402344
0.40869141
0.17468262
-0.38452148
-0.04943848
-0.32617188
0.01599121
-0.12866211
-0.29394531
-0.27050781
0.14392090
0.24938965
0.49731445
0.41284180
0.33447266
-0.22949219
0.30908203
-0.87255859
0.48486328
-0.45336914
-0.10955811
-0.14428711
0.00195312
-0.07250977
0.00392532
0.04617310
0.01456451
-0.39648438
-0.42089844
0.46606445
-0.33520508
0.09515381
0.17163086
-0.14880371
0.22680664
0.15832520
-0.32885742
0.00146484
0.39843750
0.41552734
0.17041016
-0.01647949
-0.16650391
-0.44091797
-0.19067383
0.02600098
-0.59960938
-0.29736328
-0.35791016
0.50146484
1.43847656
0.26953125
-0.28125000
-0.18273926
-0.03463745
-0.12176514
0.04031372
0.09136963
-0.03979492
0.65136719
0.36694336
0.01135254
0.23974609
0.35546875
-0.27807617
0.30102539
0.20300293
-0.29980469
-0.09436035
-0.33764648
-0.05700684
-0.32397461
-0.25878906
-0.31787109
0.18725586
0.30786133
0.73730469
0.71289062
0.24328613
0.07147217
0.31787109
-0.76464844
0.54199219
-0.92773438
-0.11596680
0.05261230
-0.14782715
0.03167725
-0.08850098
-0.03796387
-0.08148193
-0.80517578
-0.58447266
0.30151367
-0.46484375
-0.25244141
0.36328125
-0.38378906
0.15087891
0.36645508
-0.53271484
-0.13659668
0.52441406
0.40942383
0.19335938
-0.18981934
-0.12310791
-0.46362305
-0.15820312
-0.02160645
-0.85058594
-0.24609375
-0.48559570
0.61523438
1.34082031
0.11840820
0.08538818
0.16687012
0.01443481
0.16967773
0.09039307
-0.15930176
0.10076904
-0.07440186
-0.19982910
0.45776367
-0.15209961
0.38403320
-0.11450195
0.27368164
0.42578125
-0.37646484
-0.22070312
-0.54833984
-0.14416504
-0.40136719
-0.36010742
-0.34326172
0.29101562
0.43115234
0.73095703
0.59619141
0.52246094
0.01794434
0.40014648
-1.06347656
0.47436523
-0.64648438
0.01220703
0.03414917
0.17565918
-0.04562378
0.16589355
0.08935547
0.15234375
-0.29492188
-0.20239258
-0.01544189
-0.24975586
-0.32495117
0.34887695
-0.32128906
0.13842773
0.31787109
-0.39282227
0.02807617
0.42700195
0.40576172
0.22131348
-0.00543213
-0.14550781
-0.44189453
-0.16796875
-0.03198242
-0.82714844
-0.13037109
-0.45703125
0.58935547
1.20507812
0.15441895
-0.02766418
0.04110718
0.01785278
0.04129028
0.00349236
-0.03573608
0.02160645
-0.58056641
-0.38037109
0.35034180
-0.28173828
0.21887207
-0.08197021
0.21386719
0.33300781
-0.29052734
-0.18432617
-0.37988281
0.01745605
-0.19262695
-0.26464844
-0.26074219
0.18115234
0.36254883
0.61425781
0.46459961
0.48486328
-0.07159424
0.34130859
-1.02539062
0.43969727
-0.58105469
-0.00687027
-0.02514648
0.04364014
-0.01609802
0.03414917
0.01994324
0.03393555
0.20349121
-0.01184082
-0.02429199
-0.18920898
-0.12731934
0.19189453
-0.15014648
0.15270996
0.16540527
-0.21752930
0.13427734
0.27294922
0.33129883
0.24645996
0.06045532
-0.12268066
-0.30273438
-0.13061523
-0.07958984
-0.68847656
0.14367676
-0.46484375
0.56591797
1.08203125
0.08837891
0.28491211
0.33666992
0.18554688
0.32373047
0.21350098
-0.30517578
0.24926758
-0.41113281
-0.37280273
0.26635742
-0.13623047
0.16613770
-0.08221436
0.17517090
0.16918945
-0.20434570
-0.04589844
-0.13439941
0.18005371
0.10955811
-0.13769531
-0.15075684
0.02099609
0.18518066
0.41186523
0.24877930
0.36474609
-0.30834961
0.32275391
-0.97265625
0.37597656
-0.34741211
-0.06854248
-0.14648438
0.33544922
-0.20800781
0.31127930
0.24023438
0.29809570
0.56982422
0.25683594
-0.18212891
-0.10900879
-0.22521973
0.30029297
-0.25146484
0.15356445
0.23254395
-0.24560547
0.23803711
0.27978516
0.36572266
0.24658203
0.14758301
-0.17480469
-0.38818359
-0.20361328
-0.08441162
-0.69042969
0.07757568
-0.41406250
0.56103516
1.01171875
0.19104004
0.04016113
0.07952881
0.14733887
0.07989502
0.06130981
-0.07855225
0.09552002
-0.00347900
-0.22619629
0.18994141
-0.24926758
0.12316895
-0.04742432
0.16052246
0.25195312
-0.22241211
-0.07855225
-0.11035156
0.20141602
0.10845947
-0.16284180
-0.18652344
0.06115723
0.20556641
0.45288086
0.30908203
0.30029297
-0.29541016
0.24853516
-0.86669922
0.43334961
-0.40405273
-0.09436035
-0.18481445
0.08020020
-0.12359619
0.07244873
0.10064697
0.08032227
0.14172363
0.08197021
-0.05267334
-0.02722168
-0.24633789
0.38867188
-0.37792969
0.24047852
0.23242188
-0.35668945
0.14233398
0.46142578
0.44335938
0.30517578
0.19262695
-0.28198242
-0.49365234
-0.27734375
-0.14038086
-0.70654297
-0.16503906
-0.43774414
0.55859375
0.87890625
0.29858398
-0.13085938
-0.10955811
0.10595703
-0.08081055
-0.01263428
0.06286621
-0.00123501
0.18835449
-0.00825500
0.03619385
-0.16088867
0.09808350
-0.07214355
0.22644043
0.32788086
-0.30590820
-0.16394043
-0.33251953
0.06433105
-0.21508789
-0.27758789
-0.26025391
0.11132812
0.24169922
0.49316406
0.40917969
0.27050781
-0.25415039
0.29345703
-0.76367188
0.48730469
-0.44067383
-0.14892578
-0.17932129
-0.09411621
-0.06185913
-0.07299805
0.01199341
-0.05615234
-0.17578125
0.39062500
-0.41162109
0.09130859
-0.31030273
0.26806641
-0.30102539
0.02334595
0.28466797
-0.23059082
0.13208008
0.43896484
0.48144531
0.24743652
0.05395508
-0.20092773
-0.45947266
-0.22497559
-0.01501465
-0.64843750
-0.28955078
-0.38525391
0.52539062
1.36230469
0.26757812
-0.26196289
-0.17150879
-0.01776123
-0.10748291
0.04537964
0.07702637
-0.02593994
0.66308594
0.28759766
-0.09838867
-0.35986328
-0.00134277
0.08721924
0.02276611
0.27563477
-0.14660645
-0.22045898
-0.30297852
0.05676270
-0.24462891
-0.24804688
-0.30322266
0.15722656
0.26953125
0.68750000
0.66650391
0.26611328
0.03027344
0.32958984
-0.78857422
0.53613281
-0.87451172
-0.11767578
0.03137207
-0.13427734
0.01657104
-0.07397461
-0.02395630
-0.06707764
-0.38134766
-0.09082031
0.02325439
0.29467773
-0.23242188
0.34887695
-0.49047852
0.02426147
0.40844727
-0.33032227
0.19433594
0.53613281
0.48046875
0.31567383
0.18200684
-0.30224609
-0.48291016
-0.29125977
-0.15759277
-0.76855469
-0.18408203
-0.42944336
0.57128906
0.77001953
0.24401855
-0.00859833
0.01684570
0.07952881
0.02018738
0.00007105
-0.02059937
0.03067017
0.04681396
0.18591309
-0.19836426
-0.03704834
-0.26879883
0.24475098
-0.03067017
0.43310547
-0.19653320
-0.34863281
-0.41040039
0.05078125
-0.25463867
-0.31933594
-0.28149414
0.13696289
0.21179199
0.42700195
0.39990234
0.33837891
-0.23547363
0.30761719
-0.80126953
0.45190430
-0.31347656
-0.08929443
-0.12475586
0.01853943
-0.05700684
0.01400757
0.03643799
0.02095032
-0.30712891
-0.20947266
0.09466553
0.30175781
-0.18237305
0.29467773
-0.44897461
-0.02586365
0.40478516
-0.31469727
0.22595215
0.44531250
0.46093750
0.28417969
0.14892578
-0.25000000
-0.49316406
-0.27221680
-0.08666992
-0.75146484
-0.19104004
-0.36279297
0.54199219
0.93847656
0.26586914
-0.17956543
-0.15515137
0.07617188
-0.13500977
-0.05783081
0.11871338
-0.04705811
-0.38720703
0.10717773
-0.18652344
0.05252075
-0.32226562
0.32568359
-0.10723877
0.40844727
-0.15356445
-0.31762695
-0.32031250
0.11364746
-0.16259766
-0.26489258
-0.27661133
0.15710449
0.25561523
0.53759766
0.47851562
0.34008789
-0.14196777
0.27612305
-0.82861328
0.46533203
-0.48315430
-0.11499023
-0.16174316
-0.14648438
-0.02534485
-0.13073730
-0.03250122
-0.10974121
0.00231934
-0.17944336
-0.06494141
0.19714355
-0.18920898
0.24597168
-0.30517578
0.06683350
0.24047852
-0.16027832
0.25122070
0.32031250
0.42822266
0.30395508
0.25488281
-0.24182129
-0.38916016
-0.24816895
-0.09411621
-0.58105469
-0.01342773
-0.34448242
0.49609375
0.98974609
0.24963379
0.00665283
0.04483032
0.14929199
0.07476807
0.12658691
-0.08801270
0.11938477
-0.36059570
0.14965820
-0.18017578
-0.10858154
-0.12475586
0.18530273
-0.00476074
0.28369141
-0.12561035
-0.15173340
-0.07287598
0.21252441
-0.01367188
-0.14990234
-0.17517090
0.00463867
0.11181641
0.43872070
0.40380859
0.18701172
-0.30224609
0.26269531
-0.71533203
0.46289062
-0.42749023
-0.17016602
-0.15869141
0.06195068
-0.13818359
0.08605957
0.12243652
0.09368896
0.36230469
-0.14843750
0.16589355
0.16125488
0.04553223
0.12756348
-0.38818359
-0.11859131
0.42846680
-0.24121094
0.27856445
0.49560547
0.53808594
0.35937500
0.25317383
-0.30395508
-0.51757812
-0.30664062
-0.13989258
-0.81738281
-0.14709473
-0.45556641
0.60351562
0.91210938
0.27392578
0.04080200
0.07128906
0.16125488
0.08355713
0.08905029
-0.08874512
0.11102295
-0.15478516
-0.13818359
-0.02850342
0.21472168
-0.34448242
0.40917969
-0.23791504
0.38720703
-0.06298828
-0.38085938
-0.30834961
0.18188477
-0.15087891
-0.26831055
-0.24499512
0.09814453
0.20886230
0.50830078
0.45312500
0.33911133
-0.26708984
0.33007812
-0.86328125
0.48730469
-0.35156250
-0.16674805
-0.19860840
0.07861328
-0.13903809
0.08312988
0.11682129
0.09136963
0.63574219
-0.01593018
0.51904297
0.08715820
0.26025391
-0.18090820
-0.18896484
-0.37841797
0.51464844
-0.23925781
0.17675781
0.53759766
0.51416016
0.27221680
-0.12573242
-0.16076660
-0.50439453
-0.21264648
-0.05505371
-0.87158203
-0.24658203
-0.49462891
0.63378906
1.33496094
0.12481689
0.08526611
0.16674805
0.01370239
0.16992188
0.09002686
-0.15942383
0.10052490
0.50048828
-0.61816406
0.17663574
0.48120117
-0.37890625
0.33496094
-0.43188477
0.24658203
0.10473633
-0.52441406
-0.53662109
0.08337402
-0.25390625
-0.30419922
-0.37158203
0.27197266
0.38305664
0.71777344
0.59423828
0.48608398
0.01013184
0.38818359
-1.05371094
0.49218750
-0.64453125
0.01285553
0.03509521
0.17578125
-0.04507446
0.16601562
0.08898926
0.15246582
-0.06347656
0.26147461
0.27197266
-0.01983643
0.23071289
-0.14892578
-0.20446777
-0.29663086
0.44726562
-0.20837402
0.25952148
0.37744141
0.43212891
0.30615234
0.09808350
-0.22717285
-0.50244141
-0.28271484
-0.12524414
-0.78125000
-0.17089844
-0.45800781
0.61816406
1.07031250
0.23205566
-0.00714874
0.03698730
0.09362793
0.04473877
0.03390503
-0.04681396
0.05871582
0.71533203
-0.36279297
0.25488281
0.37695312
-0.29663086
0.37036133
-0.39306641
0.28442383
0.05303955
-0.39257812
-0.25903320
0.20104980
-0.00500488
-0.22436523
-0.27099609
0.15966797
0.24780273
0.56396484
0.46948242
0.31835938
-0.15246582
0.30175781
-0.88476562
0.50927734
-0.49462891
-0.08502197
-0.12274170
0.04348755
-0.07659912
0.04083252
0.06219482
0.04852295
-0.62304688
0.39086914
0.01292419
-0.23315430
0.36499023
-0.24938965
-0.11584473
-0.34155273
0.43896484
-0.14941406
0.30004883
0.40795898
0.48046875
0.29492188
0.12304688
-0.24255371
-0.53320312
-0.28979492
-0.08947754
-0.76464844
-0.23925781
-0.40478516
0.56933594
1.11328125
0.28027344
-0.25537109
-0.20336914
0.01129150
-0.17736816
-0.09191895
0.15905762
-0.09283447
0.29370117
-0.01406860
0.34277344
0.30053711
-0.16711426
0.34619141
-0.43872070
0.22766113
0.13635254
-0.46044922
-0.28759766
0.18994141
-0.09167480
-0.23657227
-0.29516602
0.18798828
0.27783203
0.58886719
0.52734375
0.31396484
-0.08300781
0.27709961
-0.83789062
0.51855469
-0.63916016
-0.08361816
-0.08233643
-0.19067383
0.03131104
-0.17150879
-0.07995605
-0.15112305
-0.49804688
0.27246094
-0.10858154
-0.26586914
0.34228516
-0.29956055
-0.07666016
-0.32031250
0.40234375
-0.09326172
0.34326172
0.35913086
0.46777344
0.34912109
0.22839355
-0.27246094
-0.51660156
-0.30639648
-0.13256836
-0.84863281
-0.10418701
-0.47192383
0.64501953
1.08496094
0.25610352
0.00435638
0.05374146
0.12866211
0.06018066
0.05746460
-0.06292725
0.08184814
-0.28955078
0.18469238
0.23022461
0.16052246
-0.02435303
0.28491211
-0.40820312
0.21142578
0.15832520
-0.39990234
-0.13891602
0.28613281
0.06091309
-0.20385742
-0.22937012
0.09924316
0.20178223
0.51367188
0.43798828
0.34936523
-0.24584961
0.32226562
-0.96289062
0.51562500
-0.44946289
-0.12158203
-0.16577148
0.05761719
-0.10754395
0.05554199
0.08697510
0.06530762
-0.13867188
0.26416016
-0.38696289
-0.44995117
0.42773438
-0.28369141
0.06155396
-0.32714844
0.33227539
-0.05627441
0.23461914
0.42236328
0.54882812
0.23046875
-0.06359863
-0.16027832
-0.46240234
-0.23425293
0.00622559
-0.63964844
-0.35253906
-0.37915039
0.52343750
1.54296875
0.21093750
-0.22729492
-0.11389160
-0.06457520
-0.05371094
0.07727051
0.02854919
-0.00891113
-0.86181641
0.63134766
0.45898438
0.21948242
-0.05761719
0.12341309
-0.34497070
0.05084229
0.18933105
-0.40087891
-0.35058594
0.14318848
-0.19360352
-0.21801758
-0.37329102
0.20922852
0.28320312
0.78955078
0.78759766
0.27490234
0.17297363
0.32958984
-0.81542969
0.54931641
-0.99951172
-0.06726074
0.12329102
-0.07617188
0.03778076
-0.01858521
-0.01490021
-0.02122498
0.34204102
-0.13208008
-0.15649414
-0.24353027
0.28857422
-0.35375977
-0.01864624
-0.37011719
0.43334961
-0.07910156
0.38427734
0.51123047
0.62109375
0.42529297
0.22802734
-0.34130859
-0.61083984
-0.35693359
-0.15319824
-0.86621094
-0.20361328
-0.45336914
0.62646484
0.89990234
0.27709961
-0.13854980
-0.11383057
0.04663086
-0.09875488
-0.08435059
0.08972168
-0.05010986
-0.18395996
0.11737061
-0.03256226
-0.05566406
0.10296631
0.22900391
-0.49633789
0.25244141
0.14929199
-0.44824219
-0.23095703
0.29785156
-0.14709473
-0.25317383
-0.29394531
0.11413574
0.26904297
0.57714844
0.49560547
0.35400391
-0.22070312
0.29785156
-0.85644531
0.51855469
-0.44555664
-0.06823730
-0.12377930
-0.10656738
-0.00407410
-0.10089111
-0.03863525
-0.08593750
1.54101562
-1.17382812
-1.09960938
-0.81250000
0.67675781
-0.27929688
0.43017578
-0.46044922
0.36645508
-0.01025391
0.28417969
0.72656250
0.72021484
0.19006348
-0.54736328
-0.06164551
-0.56347656
-0.17504883
0.09667969
-0.61572266
-0.85839844
-0.43969727
0.51562500
2.11914062
0.22082520
-0.78027344
-0.60009766
-0.34716797
-0.46240234
-0.12646484
0.39916992
-0.31201172
0.54052734
0.36181641
-0.45214844
-0.42041016
0.32177734
-0.12347412
-0.30615234
-0.31005859
0.43652344
-0.75195312
-1.00488281
-0.00378418
-0.56835938
-0.36181641
-0.73876953
0.56689453
0.55224609
1.14453125
1.14062500
0.33227539
0.75048828
0.40820312
-0.87158203
0.64062500
-1.80078125
0.03405762
0.40795898
-0.51367188
0.32519531
-0.38208008
-0.31298828
-0.38159180
0.19738770
-0.48046875
-0.31445312
-0.27050781
0.20605469
-0.24194336
0.12915039
-0.23864746
0.20153809
0.01831055
0.23315430
0.22961426
0.42700195
0.22607422
0.10644531
-0.15905762
-0.39160156
-0.21960449
-0.03051758
-0.57275391
-0.12976074
-0.34936523
0.47851562
1.30371094
0.21508789
-0.13244629
-0.04138184
0.00956726
0.00378609
0.09594727
-0.02221680
0.03912354
0.61230469
-0.08605957
-0.24316406
-0.19506836
0.18115234
-0.03601074
-0.21374512
0.00090027
0.19238281
-0.25292969
-0.06787109
0.23767090
0.02709961
-0.11090088
-0.20947266
0.07043457
0.17871094
0.57470703
0.54443359
0.21545410
-0.05874634
0.27758789
-0.74804688
0.48315430
-0.76416016
-0.10021973
0.02595520
-0.01391602
-0.02490234
0.02743530
0.03625488
0.02706909
-0.45800781
-0.19921875
0.02557373
0.01641846
-0.00341797
-0.24267578
0.31250000
-0.33251953
0.23632812
0.08471680
0.33520508
0.38305664
0.48730469
0.31835938
-0.00268555
-0.17358398
-0.47753906
-0.23632812
-0.08386230
-0.83593750
-0.17504883
-0.48339844
0.62500000
1.20214844
0.12268066
0.11163330
0.18225098
0.03259277
0.18395996
0.09954834
-0.17211914
0.11437988
0.49267578
-0.46899414
-0.43286133
-0.39941406
0.38623047
-0.22998047
-0.22656250
-0.15063477
0.37060547
-0.45996094
-0.29248047
0.27490234
-0.02807617
-0.18896484
-0.29248047
0.18347168
0.27709961
0.60009766
0.50195312
0.40673828
-0.03863525
0.35034180
-0.97851562
0.46533203
-0.54296875
0.00025940
0.01299286
0.18933105
-0.06219482
0.17834473
0.10327148
0.16528320
-0.41796875
0.05578613
0.08374023
0.06945801
-0.04199219
-0.28588867
0.28295898
-0.35375977
0.24938965
0.05407715
0.33349609
0.27929688
0.42187500
0.35986328
0.20239258
-0.24572754
-0.49072266
-0.29345703
-0.14550781
-0.80322266
-0.09466553
-0.47314453
0.62304688
1.01757812
0.22912598
0.07043457
0.11016846
0.13671875
0.11621094
0.09094238
-0.11566162
0.11669922
-0.06195068
-0.24743652
-0.16088867
-0.21264648
0.26831055
-0.20373535
-0.26831055
-0.04708862
0.30175781
-0.39086914
-0.08105469
0.33276367
0.10522461
-0.13916016
-0.18237305
0.07287598
0.17980957
0.47851562
0.39990234
0.31250000
-0.23754883
0.31933594
-0.90283203
0.48901367
-0.40429688
-0.11877441
-0.15612793
0.11596680
-0.12622070
0.11157227
0.11840820
0.11517334
-0.13500977
0.23974609
0.22424316
0.26098633
-0.20751953
-0.30029297
0.39746094
-0.40356445
0.24230957
0.13769531
0.43432617
0.37719727
0.52783203
0.40502930
0.26123047
-0.31201172
-0.54541016
-0.34082031
-0.14965820
-0.86621094
-0.16589355
-0.43457031
0.62207031
0.90478516
0.25830078
-0.07958984
-0.05426025
0.08764648
-0.04266357
-0.02050781
0.03488159
0.00333023
-0.46069336
-0.04019165
-0.00595093
-0.16625977
0.30737305
-0.31176758
-0.24731445
-0.12322998
0.40429688
-0.47851562
-0.10736084
0.36816406
0.04089355
-0.19555664
-0.22302246
0.10797119
0.17687988
0.47656250
0.44604492
0.34960938
-0.20898438
0.30444336
-0.90283203
0.48535156
-0.39916992
-0.10516357
-0.15393066
-0.04794312
-0.05093384
-0.04290771
0.01325989
-0.03102112
0.36132812
0.47558594
0.35693359
0.22375488
-0.12524414
-0.12500000
0.23266602
-0.19470215
0.08673096
0.09545898
0.22729492
0.12463379
0.37353516
0.25341797
0.19543457
-0.18310547
-0.40966797
-0.26123047
-0.05883789
-0.57421875
-0.07171631
-0.31982422
0.48193359
1.22265625
0.24218750
-0.14624023
-0.07214355
0.05200195
-0.03265381
0.06170654
0.01343536
0.02828979
-0.60351562
-0.00646973
-0.12188721
-0.24304199
0.25390625
-0.23339844
-0.05783081
-0.13732910
0.27539062
-0.21508789
0.11065674
0.30053711
0.15673828
-0.06597900
-0.15576172
0.03857422
0.13452148
0.52392578
0.48779297
0.16967773
-0.13867188
0.23535156
-0.70996094
0.49755859
-0.67333984
-0.12420654
-0.05279541
-0.04974365
-0.04431152
-0.01535797
0.03063965
-0.00544739
1.61035156
0.56152344
0.88134766
0.89941406
-0.56835938
0.16601562
0.49853516
-0.09753418
0.03564453
0.31054688
0.52832031
0.59326172
0.67578125
0.15075684
-0.44506836
-0.07043457
-0.47265625
-0.20019531
0.03967285
-0.44384766
-0.79492188
-0.30200195
0.43383789
1.97656250
0.21545410
-0.67822266
-0.50585938
-0.31372070
-0.37475586
-0.04718018
0.31494141
-0.24487305
0.12719727
1.05566406
0.71142578
-0.02416992
0.46606445
-0.35546875
0.27221680
-0.58300781
0.56542969
-0.63574219
-0.75781250
0.10919189
-0.35205078
-0.28930664
-0.73437500
0.52197266
0.39990234
0.96240234
1.03320312
0.20422363
0.67138672
0.34741211
-0.72607422
0.61816406
-1.67285156
0.00457764
0.39868164
-0.42431641
0.27661133
-0.29345703
-0.24987793
-0.29858398
0.19311523
-0.11016846
-0.01467896
0.24389648
-0.38037109
-0.00537109
0.44824219
-0.29931641
0.10009766
0.23974609
0.41748047
0.32080078
0.50195312
0.39916992
0.28833008
-0.30517578
-0.47509766
-0.32421875
-0.17285156
-0.77441406
-0.13134766
-0.41967773
0.58496094
0.85791016
0.25488281
-0.02243042
0.00626373
0.09332275
0.01834106
0.02549744
-0.02340698
0.04293823
0.38525391
0.20556641
0.22778320
0.20434570
0.00689697
-0.41992188
0.00994873
-0.27246094
0.43017578
-0.39331055
-0.01287842
0.39599609
0.08337402
-0.15063477
-0.16906738
0.05206299
0.09484863
0.36743164
0.37988281
0.27685547
-0.25756836
0.29785156
-0.82128906
0.47143555
-0.35815430
-0.11572266
-0.13513184
0.01324463
-0.07110596
0.01864624
0.04901123
0.02497864
-0.29687500
-0.39453125
0.09033203
0.36376953
-0.30297852
0.09973145
0.18200684
-0.06378174
-0.04376221
0.14318848
0.17602539
0.04046631
0.29028320
0.25146484
0.15515137
-0.16040039
-0.39599609
-0.26049805
-0.05297852
-0.63037109
-0.07568359
-0.34960938
0.52783203
1.41406250
0.19885254
-0.07482910
0.02307129
0.03152466
0.05456543
0.10009766
-0.06555176
0.06756592
0.78320312
0.49853516
0.50195312
0.17932129
0.04376221
-0.21887207
0.09826660
-0.22558594
0.29785156
-0.15307617
0.18066406
0.31835938
0.25903320
-0.03137207
-0.17333984
0.03576660
0.13012695
0.56103516
0.52734375
0.22119141
-0.08312988
0.27343750
-0.83398438
0.52197266
-0.76025391
-0.07806396
0.00346565
0.04394531
-0.04693604
0.06896973
0.06292725
0.06823730
-0.26831055
-0.11700439
-0.07861328
0.07812500
-0.26440430
0.06793213
0.46850586
-0.33935547
0.11590576
0.22802734
0.42089844
0.29882812
0.57275391
0.48583984
0.33374023
-0.34399414
-0.56738281
-0.38500977
-0.21069336
-0.87695312
-0.12158203
-0.52490234
0.67187500
0.81884766
0.28662109
0.11572266
0.13085938
0.19519043
0.13842773
0.11535645
-0.13940430
0.14965820
0.02027893
-0.02661133
0.06066895
0.17761230
-0.07543945
-0.41308594
0.03833008
-0.25244141
0.40063477
-0.35815430
0.01916504
0.49023438
0.12951660
-0.10961914
-0.16882324
-0.00102234
0.11682129
0.46191406
0.42138672
0.29345703
-0.32250977
0.33056641
-0.86962891
0.51220703
-0.26708984
-0.17614746
-0.23278809
0.13647461
-0.17431641
0.13562012
0.15502930
0.14001465
-0.37622070
-0.19873047
-0.34301758
-0.10546875
-0.26318359
0.30688477
0.35839844
-0.11822510
-0.05957031
0.32495117
0.41577148
0.23315430
0.47363281
0.35595703
0.19189453
-0.27319336
-0.56640625
-0.34985352
-0.13085938
-0.78173828
-0.23535156
-0.41381836
0.59033203
1.10351562
0.28930664
-0.25439453
-0.20275879
0.01240540
-0.17736816
-0.09136963
0.15930176
-0.09259033
-0.57714844
-0.33715820
0.00646973
0.36547852
-0.30322266
-0.29638672
0.27856445
-0.39282227
0.45556641
-0.35888672
0.00952148
0.38525391
0.12316895
-0.12756348
-0.25585938
0.13964844
0.20068359
0.55468750
0.51904297
0.26855469
-0.09350586
0.26367188
-0.82373047
0.53906250
-0.63476562
-0.08630371
-0.08398438
-0.19055176
0.03053284
-0.17175293
-0.07958984
-0.15136719
0.08111572
0.02389526
-0.07794189
-0.09320068
-0.11877441
0.19384766
0.30737305
-0.18090820
0.01828003
0.20605469
0.31152344
0.16625977
0.34912109
0.37158203
0.17980957
-0.22253418
-0.39038086
-0.26293945
-0.16345215
-0.74169922
-0.03295898
-0.46679688
0.59375000
0.84863281
0.15942383
0.18945312
0.21533203
0.17370605
0.21582031
0.16418457
-0.20861816
0.18872070
-0.20214844
-0.12988281
-0.06390381
0.13293457
-0.18273926
-0.21606445
0.14672852
-0.24755859
0.31396484
-0.24816895
0.02001953
0.38720703
0.17150879
-0.04089355
-0.14965820
-0.00359344
0.08129883
0.34960938
0.29785156
0.28955078
-0.24877930
0.31835938
-0.86865234
0.41308594
-0.27612305
-0.10852051
-0.16784668
0.21948242
-0.17797852
0.21191406
0.18615723
0.20715332
0.53222656
0.17028809
-0.34814453
-0.08752441
-0.13317871
0.15466309
0.09344482
-0.02374268
-0.08209229
0.09368896
0.04406738
-0.05218506
0.20166016
0.21997070
0.21118164
-0.13781738
-0.30371094
-0.22619629
-0.05541992
-0.50390625
0.04986572
-0.28833008
0.44360352
1.12890625
0.17785645
-0.00909424
0.05761719
0.08355713
0.08551025
0.12719727
-0.09509277
0.10382080
-0.21630859
-0.41357422
-0.09570312
0.27026367
-0.15686035
-0.09118652
0.09301758
-0.14294434
0.17492676
-0.05706787
0.24951172
0.28125000
0.28027344
0.02301025
-0.05480957
-0.03826904
0.04553223
0.40161133
0.39160156
0.14428711
-0.17944336
0.22119141
-0.68945312
0.43212891
-0.54833984
-0.10644531
-0.05776978
0.07531738
-0.09326172
0.09814453
0.10040283
0.09912109
0.58935547
0.51464844
-0.22412109
-0.29809570
-0.04571533
0.24340820
0.06365967
0.04620361
-0.14916992
0.15515137
0.07525635
-0.05358887
0.21911621
0.24389648
0.20227051
-0.15954590
-0.38037109
-0.27270508
-0.07006836
-0.60009766
0.00146484
-0.33789062
0.51757812
1.26269531
0.20483398
-0.06604004
0.01443481
0.06585693
0.04324341
0.09173584
-0.05404663
0.07037354
0.47363281
-0.15991211
-0.37231445
0.20458984
-0.28247070
-0.02520752
0.18359375
-0.20678711
0.22631836
-0.08605957
0.25732422
0.30859375
0.30981445
0.00769043
-0.10528564
0.00270462
0.08532715
0.48266602
0.44775391
0.17382812
-0.15283203
0.23217773
-0.77294922
0.50000000
-0.64550781
-0.09674072
-0.05242920
0.03173828
-0.06854248
0.05471802
0.06872559
0.05880737
-0.05749512
0.38720703
-0.01354980
-0.32080078
-0.05285645
0.34472656
0.18334961
-0.05975342
-0.06573486
0.23657227
0.28808594
0.12329102
0.47070312
0.30224609
0.21826172
-0.23718262
-0.51904297
-0.35839844
-0.09814453
-0.60791016
-0.25756836
-0.37890625
0.53173828
1.31738281
0.33496094
-0.31542969
-0.23962402
0.01481628
-0.17321777
0.03021240
0.13562012
-0.04827881
0.60742188
0.16528320
-0.34960938
0.12817383
-0.33984375
-0.08203125
0.28417969
-0.30004883
0.29785156
-0.18835449
0.09313965
0.36376953
0.18518066
-0.05938721
-0.21093750
0.07171631
0.14160156
0.64062500
0.66455078
0.13757324
-0.02795410
0.27246094
-0.70654297
0.58740234
-0.85400391
-0.17858887
-0.03332520
-0.20300293
0.00525665
-0.13635254
-0.03942871
-0.12164307
-0.41162109
-0.08984375
0.22106934
-0.17944336
0.28491211
0.42578125
0.08679199
0.07385254
-0.22448730
0.45434570
0.45703125
0.23010254
0.55615234
0.45288086
0.28686523
-0.35034180
-0.58300781
-0.39892578
-0.20739746
-0.83007812
-0.21679688
-0.44921875
0.62890625
0.86083984
0.29296875
-0.14843750
-0.12597656
0.04974365
-0.10986328
-0.07043457
0.09893799
-0.05035400
0.08630371
0.19848633
-0.00201416
-0.25024414
-0.23828125
0.11395264
0.49902344
-0.44750977
0.42236328
-0.23571777
0.13500977
0.50683594
0.16149902
-0.10424805
-0.21948242
0.07324219
0.11938477
0.44287109
0.44287109
0.25781250
-0.21813965
0.28076172
-0.80468750
0.52734375
-0.42968750
-0.09375000
-0.12573242
-0.11865234
-0.00725174
-0.10919189
-0.03823853
-0.09375000
-0.47656250
-0.25073242
0.28808594
-0.12634277
0.36596680
0.38769531
-0.03408813
0.17150879
-0.28515625
0.46411133
0.42309570
0.15014648
0.49755859
0.41503906
0.27319336
-0.32519531
-0.62890625
-0.41699219
-0.18859863
-0.84960938
-0.25292969
-0.47045898
0.64404297
1.02148438
0.32177734
-0.19848633
-0.15136719
0.03805542
-0.13000488
-0.06567383
0.11401367
-0.05972290
-0.41064453
0.24011230
0.05343628
-0.33544922
-0.17749023
0.24926758
0.50341797
-0.42041016
0.39477539
-0.21679688
0.15112305
0.47509766
0.22302246
-0.08654785
-0.21520996
0.09112549
0.15649414
0.54736328
0.50927734
0.25195312
-0.14599609
0.27563477
-0.82470703
0.56640625
-0.56494141
-0.11029053
-0.10925293
-0.14123535
0.00271606
-0.12573242
-0.04763794
-0.10839844
0.09570312
-1.22070312
1.02929688
-0.18896484
0.67041016
0.07995605
-0.39086914
0.53320312
-0.47998047
0.71582031
0.98486328
0.55078125
0.90917969
0.31665039
-0.30249023
-0.18762207
-0.64892578
-0.31884766
-0.01293945
-0.63769531
-0.89746094
-0.45581055
0.54199219
2.10351562
0.25146484
-0.78027344
-0.60449219
-0.34326172
-0.46411133
-0.12487793
0.40014648
-0.31103516
-1.62988281
0.14367676
0.59667969
-0.89501953
-0.33544922
0.29467773
0.35498047
-0.15417480
0.30712891
-0.22924805
-0.34741211
0.47485352
-0.11926270
-0.25830078
-0.86816406
0.53906250
0.44921875
1.11230469
1.14453125
0.28759766
0.70263672
0.39013672
-0.85546875
0.68847656
-1.79687500
0.02404785
0.40234375
-0.51660156
0.32275391
-0.38256836
-0.31201172
-0.38232422
0.39526367
-0.28198242
0.10742188
0.10467529
0.27490234
0.10784912
-0.17333984
0.23449707
-0.33447266
0.43798828
0.41796875
0.13122559
0.50390625
0.44335938
0.19494629
-0.26049805
-0.54296875
-0.33740234
-0.16479492
-0.93408203
-0.10925293
-0.57910156
0.70312500
1.11035156
0.17687988
0.17675781
0.23071289
0.10571289
0.23071289
0.14050293
-0.21862793
0.16662598
-0.23474121
-0.19763184
0.29003906
-0.26611328
0.08813477
0.27050781
0.32861328
-0.24658203
0.24523926
-0.08618164
0.13708496
0.53320312
0.24462891
-0.03808594
-0.20104980
0.05453491
0.15686035
0.52929688
0.45410156
0.36621094
-0.19372559
0.36474609
-1.01171875
0.50537109
-0.43090820
-0.06311035
-0.07464600
0.23681641
-0.12731934
0.22375488
0.15881348
0.21179199
0.32617188
0.03085327
-0.09594727
0.23303223
0.32299805
0.19714355
-0.23327637
0.26831055
-0.35302734
0.50585938
0.40966797
0.11987305
0.52685547
0.45800781
0.32202148
-0.35961914
-0.61816406
-0.43334961
-0.21459961
-0.84277344
-0.22021484
-0.43408203
0.62695312
0.83105469
0.30957031
-0.13513184
-0.12103271
0.07867432
-0.10900879
-0.07080078
0.09783936
-0.04144287
0.22778320
-0.17431641
0.13952637
-0.14843750
0.16503906
0.42285156
0.47509766
-0.38647461
0.32934570
-0.12158203
0.23071289
0.52441406
0.23376465
-0.04943848
-0.17443848
0.04547119
0.11132812
0.46679688
0.47021484
0.24279785
-0.22351074
0.26879883
-0.79052734
0.53417969
-0.38916016
-0.11511230
-0.17016602
-0.11657715
-0.02731323
-0.11077881
-0.02699280
-0.09185791
0.01788330
0.22473145
-0.23071289
0.35400391
0.28222656
0.03198242
-0.34277344
0.35742188
-0.42626953
0.49926758
0.35644531
0.04711914
0.43969727
0.43823242
0.30419922
-0.32568359
-0.60351562
-0.41821289
-0.19750977
-0.88427734
-0.18225098
-0.48681641
0.68408203
1.10937500
0.30078125
-0.10321045
-0.05187988
0.08428955
-0.03088379
0.01046753
0.01937866
0.01718140
0.66601562
-0.31396484
0.22509766
-0.11291504
0.28613281
0.45068359
0.34497070
-0.26513672
0.23913574
-0.05297852
0.26953125
0.51708984
0.32128906
-0.03015137
-0.18432617
0.05551147
0.10729980
0.50927734
0.49121094
0.26635742
-0.20703125
0.30761719
-0.92285156
0.57910156
-0.55468750
-0.12768555
-0.13330078
-0.03967285
-0.05563354
-0.02586365
0.02546692
-0.01515961
-0.14636230
0.01480865
-0.00133038
0.11883545
0.15551758
0.09259033
-0.25317383
0.22558594
-0.27294922
0.36718750
0.26318359
0.03186035
0.43017578
0.43896484
0.33764648
-0.32055664
-0.50878906
-0.37915039
-0.22802734
-0.74414062
-0.07739258
-0.42504883
0.58056641
0.60400391
0.26757812
0.04010010
0.03826904
0.15625000
0.04235840
0.03111267
-0.04571533
0.07287598
0.04846191
0.04016113
-0.04333496
-0.00335693
0.15454102
0.39697266
0.40209961
-0.37182617
0.28149414
-0.06982422
0.26293945
0.50244141
0.26855469
0.02380371
-0.08374023
-0.06604004
0.03283691
0.31982422
0.30249023
0.19995117
-0.34375000
0.25244141
-0.70605469
0.45361328
-0.18811035
-0.14013672
-0.22351074
0.04028320
-0.11962891
0.03756714
0.08294678
0.04782104
-1.50585938
1.04101562
-1.09667969
0.81494141
0.24487305
-0.34765625
-0.55615234
0.54541016
-0.56591797
0.70507812
0.92138672
0.39501953
0.76171875
0.24731445
-0.22119141
-0.17932129
-0.53027344
-0.31396484
-0.05346680
-0.45678711
-0.82812500
-0.31494141
0.45434570
1.96289062
0.24194336
-0.67822266
-0.50976562
-0.31054688
-0.37646484
-0.04608154
0.31567383
-0.24414062
-0.58496094
0.58789062
-0.28247070
0.38085938
0.69335938
0.18139648
-0.11486816
0.22863770
0.01904297
0.05932617
-0.05737305
0.45556641
0.01953125
-0.21289062
-0.82958984
0.49511719
0.31933594
0.93164062
1.03320312
0.17395020
0.63037109
0.33593750
-0.71337891
0.66015625
-1.66894531
-0.00354004
0.39428711
-0.42602539
0.27441406
-0.29370117
-0.24902344
-0.29907227
0.02381897
-0.06347656
0.00036621
0.09057617
-0.07122803
-0.20947266
-0.44506836
0.38818359
-0.40600586
0.43652344
0.24194336
0.00708008
0.40478516
0.40161133
0.30126953
-0.32324219
-0.53125000
-0.38989258
-0.19360352
-0.73144531
-0.17272949
-0.32763672
0.53906250
0.71240234
0.27075195
-0.21191406
-0.20202637
0.02227783
-0.18981934
-0.13586426
0.17687988
-0.11090088
-0.36816406
0.15856934
-0.16430664
0.24023438
0.30639648
0.37011719
0.19506836
-0.19506836
0.15979004
0.02502441
0.30883789
0.46728516
0.26953125
-0.00048828
-0.13671875
0.01132202
0.06396484
0.35888672
0.38647461
0.20520020
-0.20605469
0.20983887
-0.68212891
0.46972656
-0.37719727
-0.06445312
-0.12335205
-0.19897461
0.03433228
-0.19079590
-0.09515381
-0.16955566
0.37426758
0.00268555
-0.28491211
0.23010254
0.00280762
-0.14440918
-0.13037109
0.15625000
-0.20629883
0.10607910
-0.14562988
-0.21386719
0.00442505
0.18554688
0.20202637
-0.11846924
-0.29785156
-0.25732422
-0.08807373
-0.51513672
0.08258057
-0.30517578
0.48168945
1.18359375
0.18017578
0.00457764
0.07531738
0.08843994
0.10229492
0.13183594
-0.10986328
0.11334229
-0.49951172
0.49926758
-0.27514648
0.19604492
0.21337891
0.10546875
0.00338745
0.00831604
-0.02441406
0.02795410
0.21801758
0.17980957
0.34790039
0.09045410
-0.01406860
-0.05023193
0.00659180
0.36767578
0.36083984
0.11657715
-0.19348145
0.21179199
-0.71435547
0.46923828
-0.56835938
-0.09906006
-0.06088257
0.09301758
-0.09912109
0.11352539
0.10906982
0.11315918
1.57226562
-1.11132812
0.40771484
-0.11816406
-0.42065430
-0.38208008
-0.42065430
0.41308594
-0.54638672
0.67382812
0.91796875
0.33422852
0.75585938
0.26171875
-0.17700195
-0.19897461
-0.53955078
-0.33496094
-0.07080078
-0.45898438
-0.83398438
-0.31738281
0.45800781
1.95996094
0.24694824
-0.67822266
-0.50976562
-0.31005859
-0.37670898
-0.04586792
0.31567383
-0.24414062
0.36694336
0.44116211
-1.05664062
0.89160156
0.60302734
-0.08966064
-0.38159180
0.42309570
-0.14892578
0.21484375
0.09814453
0.50195312
0.09155273
-0.19482422
-0.83984375
0.48779297
0.30346680
0.92431641
1.03125000
0.16821289
0.62255859
0.33374023
-0.71093750
0.66845703
-1.66796875
-0.00506592
0.39355469
-0.42651367
0.27416992
-0.29370117
-0.24877930
-0.29907227
-0.01487732
0.13769531
-0.08312988
-0.00857544
-0.11737061
-0.27978516
-0.43359375
0.35937500
-0.33398438
0.35034180
0.20556641
-0.05676270
0.45996094
0.47583008
0.38403320
-0.32202148
-0.46655273
-0.37646484
-0.23474121
-0.76757812
-0.05700684
-0.44091797
0.57421875
0.43676758
0.23791504
0.19104004
0.17346191
0.20190430
0.17004395
0.11535645
-0.16479492
0.16320801
-0.09887695
0.03393555
0.09594727
0.03013611
0.11047363
0.27099609
0.10998535
-0.19262695
0.10754395
0.09887695
0.32690430
0.55419922
0.33447266
0.09667969
0.03833008
-0.14062500
-0.03381348
0.25000000
0.29565430
0.19238281
-0.36523438
0.26367188
-0.67089844
0.39843750
0.00119019
-0.16284180
-0.24047852
0.17272949
-0.18273926
0.16223145
0.16699219
0.16369629
-0.34741211
-0.03884888
0.19531250
-0.29150391
-0.38452148
-0.45727539
-0.46728516
0.43969727
-0.47485352
0.46679688
0.23291016
-0.08239746
0.41333008
0.43676758
0.31933594
-0.33666992
-0.63623047
-0.44995117
-0.21044922
-0.86914062
-0.20068359
-0.44750977
0.64355469
0.95117188
0.31445312
-0.17150879
-0.14123535
0.06787109
-0.12609863
-0.07104492
0.11273193
-0.05154419
0.36596680
-0.22546387
0.05978394
0.10168457
0.02862549
0.02514648
-0.18139648
0.07861328
-0.05291748
0.18652344
0.37939453
0.51220703
0.36816406
0.04333496
-0.13500977
0.02380371
0.09143066
0.48437500
0.46386719
0.23327637
-0.20227051
0.26293945
-0.82177734
0.55615234
-0.48510742
-0.11578369
-0.15527344
-0.13525391
-0.01730347
-0.12585449
-0.03707886
-0.10626221
-1.60937500
0.35449219
1.00292969
-0.88623047
-0.73535156
-0.23071289
-0.16809082
0.21582031
-0.47802734
0.60937500
0.88867188
0.26806641
0.74414062
0.27465820
-0.13159180
-0.21826172
-0.54882812
-0.35571289
-0.08813477
-0.46093750
-0.84033203
-0.31958008
0.46191406
1.95703125
0.25195312
-0.67822266
-0.51074219
-0.30957031
-0.37695312
-0.04565430
0.31591797
-0.24401855
-0.14135742
-1.14160156
0.52783203
0.15588379
0.00976562
-0.31738281
-0.54296875
0.55078125
-0.30395508
0.35986328
0.25097656
0.54003906
0.16271973
-0.17578125
-0.84863281
0.47949219
0.28710938
0.91650391
1.03027344
0.16235352
0.61474609
0.33154297
-0.70849609
0.67578125
-1.66699219
-0.00659180
0.39257812
-0.42700195
0.27392578
-0.29370117
-0.24865723
-0.29931641
-0.16809082
0.20556641
0.06854248
-0.24389648
-0.28417969
-0.37475586
-0.36206055
0.39184570
-0.41845703
0.36645508
0.09698486
-0.15783691
0.26074219
0.40185547
0.31323242
-0.30102539
-0.51171875
-0.40380859
-0.23620605
-0.79003906
-0.05834961
-0.43164062
0.63281250
0.81103516
0.24572754
0.07678223
0.09637451
0.15197754
0.09332275
0.05444336
-0.09069824
0.10015869
-0.37426758
-0.09997559
0.16662598
-0.10040283
-0.14428711
-0.16711426
-0.28540039
0.15649414
-0.10778809
0.20068359
0.36010742
0.43701172
0.38378906
0.08605957
-0.07720947
-0.04510498
0.00439453
0.33715820
0.33325195
0.19458008
-0.31640625
0.25756836
-0.79589844
0.50537109
-0.27905273
-0.11401367
-0.19726562
0.09521484
-0.12695312
0.08282471
0.10552979
0.09118652
0.28320312
0.28735352
-0.07495117
-0.21386719
-0.24243164
-0.31030273
-0.23803711
0.30615234
-0.38989258
0.37377930
0.16528320
-0.11889648
0.32006836
0.40258789
0.32299805
-0.31933594
-0.52392578
-0.41015625
-0.22045898
-0.77587891
-0.18408203
-0.44482422
0.61279297
0.92089844
0.29589844
-0.11547852
-0.07897949
0.06860352
-0.06091309
-0.00952911
0.04919434
-0.00612640
-0.45605469
0.10943604
0.26391602
-0.26367188
-0.30322266
-0.29443359
-0.38623047
0.27563477
-0.22351074
0.30493164
0.39624023
0.46337891
0.38232422
0.05023193
-0.09497070
0.00067139
0.00476074
0.37304688
0.42309570
0.17382812
-0.20446777
0.26123047
-0.76562500
0.53222656
-0.45605469
-0.12719727
-0.12158203
-0.06958008
-0.03775024
-0.05694580
0.00359726
-0.04449463
1.61230469
0.66601562
-0.64013672
-0.41552734
-0.43627930
0.03234863
0.13134766
-0.01562500
-0.36669922
0.51367188
0.83398438
0.19799805
0.72509766
0.28686523
-0.08624268
-0.23730469
-0.55712891
-0.37597656
-0.10559082
-0.46289062
-0.84570312
-0.32202148
0.46533203
1.95507812
0.25683594
-0.67773438
-0.51123047
-0.30908203
-0.37695312
-0.04544067
0.31591797
-0.24389648
-0.08703613
0.99316406
0.93408203
-0.79785156
-0.59179688
-0.39086914
-0.55273438
0.59082031
-0.43164062
0.48681641
0.39672852
0.56982422
0.23242188
-0.15576172
-0.85449219
0.47021484
0.27050781
0.90820312
1.02929688
0.15649414
0.60693359
0.32885742
-0.70605469
0.68408203
-1.66601562
-0.00811768
0.39160156
-0.42749023
0.27343750
-0.29370117
-0.24853516
-0.29931641
0.69091797
-0.05322266
-0.67285156
-0.09045410
-0.16528320
0.01739502
0.07672119
0.01550293
-0.25756836
0.29907227
0.46679688
0.01452637
0.60546875
0.32080078
0.07916260
-0.23559570
-0.53564453
-0.39550781
-0.12231445
-0.61035156
-0.55810547
-0.35913086
0.51855469
1.71679688
0.24243164
-0.39648438
-0.26464844
-0.15319824
-0.16589355
0.05102539
0.12536621
-0.08551025
0.83251953
0.81250000
0.35644531
-0.60937500
-0.48217773
-0.28784180
-0.37744141
0.37597656
-0.32446289
0.37988281
0.37597656
0.53320312
0.34936523
-0.02792358
-0.51513672
0.22924805
0.17919922
0.78369141
0.88183594
0.21411133
0.32275391
0.34741211
-0.79248047
0.63378906
-1.27246094
-0.05810547
0.22851562
-0.20275879
0.11920166
-0.10784912
-0.09228516
-0.11383057
-0.06964111
-0.05725098
-0.01103973
0.06671143
0.04226685
-0.11383057
-0.15051270
0.26879883
-0.26855469
0.22143555
-0.01858521
-0.21862793
0.14550781
0.33789062
0.28271484
-0.23925781
-0.39111328
-0.33447266
-0.18933105
-0.73388672
0.00805664
-0.39697266
0.58056641
0.72949219
0.18493652
0.13928223
0.15002441
0.16687012
0.14294434
0.10968018
-0.13769531
0.14001465
0.11694336
0.02980042
-0.03723145
-0.09948730
-0.18896484
-0.31958008
-0.33691406
0.20166016
-0.17761230
0.22680664
0.30908203
0.34375000
0.37011719
0.12109375
-0.01382446
-0.07220459
-0.04138184
0.27050781
0.29809570
0.20104980
-0.28515625
0.25512695
-0.78906250
0.41601562
-0.18395996
-0.11511230
-0.19067383
0.14599609
-0.15454102
0.13500977
0.14233398
0.13854980
-0.77001953
-0.54199219
-0.40771484
0.22949219
0.11822510
0.07775879
0.11145020
0.01171875
-0.17456055
0.17053223
-0.02890015
-0.20556641
0.17456055
0.28881836
0.24169922
-0.23132324
-0.48315430
-0.39892578
-0.16833496
-0.64746094
-0.16809082
-0.38281250
0.55761719
1.24316406
0.27221680
-0.21569824
-0.13708496
-0.00623322
-0.09942627
-0.00705719
0.08056641
-0.03857422
0.20568848
0.06408691
-0.21154785
-0.32763672
-0.33154297
-0.28808594
-0.28906250
0.31176758
-0.31811523
0.28881836
0.29248047
0.29980469
0.39306641
0.08209229
-0.13220215
0.01446533
0.02990723
0.48583984
0.51416016
0.11743164
-0.08801270
0.22875977
-0.70996094
0.57861328
-0.74462891
-0.08514404
-0.00469971
-0.11614990
0.01785278
-0.08489990
-0.03479004
-0.07391357
-0.45068359
-0.24829102
-0.07421875
0.33789062
0.27636719
0.14233398
0.12396240
0.11798096
-0.28173828
0.26782227
0.00579834
-0.27734375
0.21423340
0.39013672
0.31347656
-0.30786133
-0.64013672
-0.48730469
-0.22998047
-0.87744141
-0.16882324
-0.48876953
0.69921875
1.12500000
0.32080078
-0.15539551
-0.10308838
0.08654785
-0.08215332
-0.02210999
0.06744385
-0.01051331
-0.48730469
-0.25976562
-0.27612305
-0.10418701
-0.28222656
-0.42797852
-0.46337891
0.41918945
-0.37500000
0.37548828
0.39770508
0.39306641
0.47021484
0.13830566
-0.10925293
-0.01116943
0.04394531
0.50683594
0.47924805
0.19091797
-0.19555664
0.25781250
-0.86425781
0.61816406
-0.59326172
-0.12719727
-0.15295410
-0.09271240
-0.04568481
-0.07958984
0.00115585
-0.06024170
0.13122559
-0.11669922
0.01818848
0.43994141
0.30981445
0.19970703
0.19335938
-0.01098633
-0.17211914
0.18066406
0.09814453
-0.19421387
0.34228516
0.33007812
0.24816895
-0.27758789
-0.60937500
-0.48779297
-0.18383789
-0.70263672
-0.37231445
-0.42382812
0.60156250
1.45312500
0.33422852
-0.35864258
-0.26171875
-0.05963135
-0.19274902
-0.00681305
0.15698242
-0.08929443
-0.83837891
-0.57910156
-0.50878906
-0.08715820
-0.27026367
-0.29077148
-0.31933594
0.34179688
-0.34521484
0.35986328
0.38256836
0.39843750
0.46826172
0.06658936
-0.24230957
0.08020020
0.07922363
0.66796875
0.73437500
0.13000488
0.06054688
0.27392578
-0.75244141
0.66601562
-0.98681641
-0.11712646
0.05969238
-0.22241211
0.06683350
-0.15527344
-0.08447266
-0.14501953
0.76904297
0.44482422
0.44482422
0.38134766
0.45898438
0.36352539
0.38378906
-0.19421387
-0.11010742
0.19482422
0.22302246
-0.20996094
0.35595703
0.40185547
0.16625977
-0.28271484
-0.61816406
-0.42919922
-0.19580078
-0.94482422
-0.24560547
-0.53173828
0.71240234
1.30468750
0.15246582
0.08477783
0.16589355
0.01051331
0.17041016
0.08831787
-0.16015625
0.09967041
-0.25073242
-0.42895508
-0.32006836
0.30517578
0.02868652
-0.11389160
-0.27368164
0.40795898
-0.51367188
0.54296875
0.51953125
0.50195312
0.44921875
0.07269287
-0.35522461
0.14135742
0.13781738
0.61279297
0.56347656
0.32055664
-0.02337646
0.33593750
-1.00195312
0.56787109
-0.63916016
0.01559448
0.03912354
0.17602539
-0.04278564
0.16687012
0.08776855
0.15307617
0.29614258
0.18774414
0.08776855
0.18200684
0.17858887
0.19238281
0.13403320
0.07733154
-0.14941406
0.12249756
-0.08929443
-0.31567383
0.07360840
0.30932617
0.26147461
-0.20690918
-0.46289062
-0.38256836
-0.20202637
-0.74023438
-0.01300049
-0.47460938
0.63134766
0.94580078
0.22473145
0.10107422
0.14099121
0.14636230
0.15478516
0.13562012
-0.15600586
0.15124512
0.13903809
-0.14721680
-0.13903809
0.03619385
-0.06408691
-0.21728516
-0.28295898
0.28344727
-0.25170898
0.23156738
0.24707031
0.26123047
0.42260742
0.20092773
0.01196289
-0.09680176
-0.02099609
0.36987305
0.34912109
0.14550781
-0.25415039
0.25366211
-0.77539062
0.50781250
-0.36474609
-0.12463379
-0.14453125
0.15173340
-0.14697266
0.15576172
0.15039062
0.15625000
-0.06262207
0.24829102
0.26611328
0.00979614
0.34497070
0.43212891
0.42260742
-0.17236328
-0.05944824
0.10485840
-0.04492188
-0.32397461
0.18884277
0.40307617
0.33300781
-0.31909180
-0.57568359
-0.45751953
-0.24951172
-0.87939453
-0.18554688
-0.50878906
0.69042969
1.01953125
0.30908203
-0.09112549
-0.04064941
0.08471680
-0.02282715
0.01111603
0.01302338
0.02041626
0.62060547
0.25244141
0.18066406
0.38208008
0.25000000
-0.09228516
-0.22204590
0.39672852
-0.47851562
0.49707031
0.44653320
0.40185547
0.49023438
0.16381836
-0.05358887
-0.03668213
-0.01892090
0.39453125
0.42114258
0.18554688
-0.21142578
0.28442383
-0.85253906
0.58056641
-0.51220703
-0.13171387
-0.13244629
-0.03085327
-0.05712891
-0.02038574
0.02838135
-0.00961304
-0.70214844
0.22338867
0.40332031
0.02954102
0.32080078
0.29443359
0.32250977
-0.20385742
-0.00146484
0.04992676
0.02587891
-0.25854492
0.20434570
0.29101562
0.21594238
-0.23217773
-0.53222656
-0.45898438
-0.19262695
-0.68945312
-0.35351562
-0.45068359
0.61621094
1.53515625
0.28662109
-0.25659180
-0.14648438
-0.04968262
-0.07849121
0.07189941
0.04849243
-0.01611328
0.46142578
0.59277344
0.34472656
0.44433594
0.20239258
0.04687500
-0.06524658
0.23596191
-0.35449219
0.35034180
0.35302734
0.31860352
0.46044922
0.12023926
-0.25585938
0.04949951
0.04858398
0.63183594
0.69677734
0.13903809
0.08203125
0.30273438
-0.80371094
0.65917969
-1.01855469
-0.09783936
0.09338379
-0.10437012
0.03121948
-0.03979492
-0.01889038
-0.04006958
-0.44702148
-0.13452148
0.04360962
-0.12597656
0.18457031
0.42089844
0.42724609
-0.16284180
-0.04638672
0.08105469
-0.10278320
-0.38183594
0.12145996
0.38696289
0.33325195
-0.30419922
-0.61083984
-0.49218750
-0.26245117
-0.91601562
-0.11474609
-0.56640625
0.75585938
1.09960938
0.30908203
0.01570129
0.05987549
0.14404297
0.07574463
0.08776855
-0.08166504
0.10144043
-0.23449707
0.25878906
0.22534180
0.24731445
0.27709961
0.02941895
-0.15673828
0.38183594
-0.43603516
0.44238281
0.39550781
0.33691406
0.51660156
0.21057129
-0.02716064
-0.06542969
-0.02221680
0.44409180
0.44384766
0.17443848
-0.26782227
0.30566406
-0.92480469
0.62011719
-0.47851562
-0.15759277
-0.17639160
0.07061768
-0.12524414
0.07800293
0.10656738
0.08410645
-0.12072754
-1.19824219
-0.51367188
-0.72216797
0.30029297
0.17736816
0.44531250
-0.55322266
0.20080566
0.00439453
0.50439453
-0.14099121
0.72460938
0.40673828
0.10028076
-0.35351562
-0.73974609
-0.52099609
-0.17309570
-0.66455078
-0.95019531
-0.47802734
0.57910156
2.07812500
0.29614258
-0.78076172
-0.60937500
-0.33789062
-0.46679688
-0.12268066
0.40161133
-0.30981445
-1.62792969
0.26733398
1.07226562
0.56152344
0.68701172
0.24853516
0.28344727
0.04968262
-0.53320312
0.75195312
0.91455078
0.71289062
0.56250000
-0.03717041
-0.91406250
0.44799805
0.27441406
1.03320312
1.13183594
0.21862793
0.63037109
0.36254883
-0.83007812
0.75830078
-1.78906250
0.00939941
0.39355469
-0.52001953
0.31909180
-0.38330078
-0.31030273
-0.38354492
0.47265625
-0.35180664
-0.30419922
-0.32714844
-0.17651367
0.17529297
0.33129883
-0.28808594
0.16003418
-0.05590820
-0.07763672
-0.35888672
0.10314941
0.32080078
0.22546387
-0.22924805
-0.55224609
-0.39794922
-0.17382812
-0.93505859
-0.09228516
-0.51562500
0.69140625
1.12988281
0.16735840
0.05426025
0.12036133
0.03277588
0.11834717
0.04782104
-0.10791016
0.07055664
-0.34790039
-0.20385742
0.12414551
-0.04260254
0.29296875
0.26318359
0.10736084
0.15380859
-0.37939453
0.41748047
0.37451172
0.28588867
0.46728516
0.17578125
-0.10974121
0.01727295
0.05139160
0.47265625
0.42065430
0.28295898
-0.11889648
0.28710938
-0.96289062
0.50781250
-0.50488281
-0.00982666
-0.01904297
0.12255859
-0.04455566
0.10937500
0.06488037
0.10314941
0.53076172
-0.14526367
-0.27661133
-0.27978516
-0.13098145
0.20532227
0.36791992
-0.30395508
0.11706543
-0.02294922
-0.12890625
-0.35595703
0.00048828
0.31567383
0.26318359
-0.25341797
-0.53222656
-0.43603516
-0.23400879
-0.82617188
-0.12121582
-0.50781250
0.69042969
1.07910156
0.25634766
-0.00419617
0.04730225
0.10034180
0.05966187
0.06488037
-0.06396484
0.07580566
0.17944336
-0.32299805
0.00494385
-0.07434082
0.27758789
0.28784180
0.12695312
0.19482422
-0.38256836
0.40991211
0.32666016
0.22326660
0.42260742
0.20373535
-0.05221558
-0.03326416
-0.02038574
0.40454102
0.40112305
0.15771484
-0.18493652
0.27099609
-0.85644531
0.56835938
-0.51123047
-0.10644531
-0.11926270
0.05670166
-0.08892822
0.06005859
0.07843018
0.06524658
0.04681396
0.16015625
-0.13171387
-0.19189453
-0.26928711
0.21923828
0.42431641
-0.35131836
0.16308594
-0.10852051
-0.20129395
-0.41308594
0.18151855
0.38696289
0.36010742
-0.32519531
-0.57421875
-0.47949219
-0.26049805
-0.81689453
-0.19287109
-0.43750000
0.62304688
0.79296875
0.33178711
-0.14294434
-0.11810303
0.08221436
-0.09606934
-0.03350830
0.07971191
-0.02206421
0.48315430
-0.16711426
-0.18542480
-0.22399902
0.22094727
0.37207031
0.19824219
0.21948242
-0.41455078
0.46289062
0.39550781
0.34350586
0.55078125
0.22558594
0.03125000
-0.09948730
-0.06579590
0.33886719
0.40527344
0.13061523
-0.22375488
0.22656250
-0.70019531
0.54052734
-0.41406250
-0.14794922
-0.15710449
-0.10699463
-0.03857422
-0.09027100
-0.00915527
-0.07391357
-0.45410156
0.29321289
-0.12915039
-0.17626953
-0.31665039
0.14160156
0.38232422
-0.37255859
0.18945312
-0.12341309
-0.20092773
-0.43261719
0.21093750
0.38403320
0.37182617
-0.34667969
-0.69970703
-0.57861328
-0.26513672
-0.83886719
-0.29174805
-0.48657227
0.67041016
1.14648438
0.40234375
-0.30395508
-0.25048828
0.03579712
-0.20361328
-0.04840088
0.17260742
-0.08197021
0.44921875
-0.14038086
-0.24707031
-0.27758789
0.20703125
0.41821289
0.26464844
0.17480469
-0.40087891
0.46093750
0.41064453
0.33642578
0.62792969
0.21240234
-0.05706787
-0.04113770
-0.02343750
0.54541016
0.60351562
0.11730957
-0.13720703
0.25537109
-0.76318359
0.66455078
-0.70849609
-0.17749023
-0.10644531
-0.22705078
0.00962830
-0.18200684
-0.06695557
-0.16076660
-1.01367188
0.65283203
0.05456543
-0.03430176
-0.43457031
-0.13964844
0.15551758
-0.39013672
0.32958984
-0.19018555
-0.17822266
-0.35083008
0.12719727
0.29394531
0.28198242
-0.29736328
-0.66992188
-0.55468750
-0.21142578
-0.75097656
-0.42016602
-0.39428711
0.61230469
1.55957031
0.36572266
-0.54541016
-0.43090820
-0.14160156
-0.35717773
-0.13232422
0.31445312
-0.21752930
-0.25244141
0.22814941
-0.59033203
-0.50878906
0.05364990
0.36181641
0.38427734
-0.08166504
-0.30761719
0.40039062
0.34277344
0.23986816
0.52929688
0.13806152
-0.22875977
0.07958984
0.05151367
0.66650391
0.73583984
0.13574219
0.11022949
0.24194336
-0.77197266
0.71728516
-1.15625000
-0.07214355
0.10784912
-0.39135742
0.16784668
-0.32031250
-0.20727539
-0.29931641
-0.04315186
-0.00290680
0.06378174
0.05422974
-0.23071289
0.02911377
0.34326172
-0.35473633
0.15808105
-0.12988281
-0.26611328
-0.48193359
0.07653809
0.36035156
0.35131836
-0.28247070
-0.50292969
-0.44433594
-0.27880859
-0.82324219
-0.05432129
-0.48388672
0.66308594
0.68896484
0.25756836
0.08483887
0.09783936
0.14819336
0.09960938
0.06286621
-0.09777832
0.10253906
-0.20800781
0.07946777
-0.02175903
-0.15393066
-0.00427246
0.38110352
0.28247070
0.19543457
-0.35034180
0.34130859
0.27807617
0.25830078
0.53710938
0.30493164
0.07885742
-0.18432617
-0.10900879
0.25244141
0.29614258
0.14013672
-0.34423828
0.25781250
-0.75683594
0.49951172
-0.22070312
-0.12249756
-0.19006348
0.09936523
-0.12634277
0.09320068
0.10791016
0.09729004
0.99951172
-0.39990234
1.08984375
0.66210938
-0.69238281
-0.36694336
-0.16369629
-0.38769531
0.50390625
-0.36230469
0.10546875
-0.24841309
0.48535156
0.32568359
0.18676758
-0.34228516
-0.59619141
-0.49487305
-0.20898438
-0.47338867
-0.87841797
-0.33593750
0.48779297
1.93750000
0.28686523
-0.67822266
-0.51513672
-0.30590820
-0.37841797
-0.04418945
0.31689453
-0.24316406
-1.26855469
1.12695312
-0.30493164
-0.60888672
-0.24841309
0.13867188
0.54394531
-0.44653320
-0.25927734
0.60742188
0.91748047
0.54980469
0.58691406
-0.02304077
-0.83789062
0.40039062
0.16625977
0.84960938
1.01269531
0.12091064
0.55761719
0.31469727
-0.69140625
0.73046875
-1.66113281
-0.01715088
0.38647461
-0.42993164
0.27124023
-0.29418945
-0.24755859
-0.30004883
0.28515625
-0.12158203
0.11053467
0.15270996
-0.16821289
-0.17199707
0.17260742
-0.34423828
0.22338867
-0.14379883
-0.26635742
-0.44653320
-0.09057617
0.28417969
0.28540039
-0.21875000
-0.46777344
-0.42333984
-0.25561523
-0.83837891
0.00195312
-0.51611328
0.69287109
0.82910156
0.22656250
0.16662598
0.19604492
0.17456055
0.19226074
0.12658691
-0.18530273
0.16906738
0.00427246
0.11853027
0.00143433
-0.08129883
-0.13635254
0.28784180
0.33666992
0.05053711
-0.26708984
0.28002930
0.16259766
0.10937500
0.43066406
0.30664062
0.08770752
-0.16345215
-0.09790039
0.28076172
0.27734375
0.14379883
-0.31152344
0.25878906
-0.81542969
0.51269531
-0.26098633
-0.11840820
-0.18713379
0.19665527
-0.16870117
0.18225098
0.16931152
0.18286133
0.73779297
-1.15332031
0.74609375
0.89550781
-0.41137695
-0.38989258
-0.34277344
-0.25634766
0.54492188
-0.44897461
0.00195312
-0.29394531
0.44750977
0.32617188
0.21655273
-0.35302734
-0.59960938
-0.50732422
-0.22021484
-0.47436523
-0.88232422
-0.33740234
0.49023438
1.93554688
0.29003906
-0.67773438
-0.51562500
-0.30517578
-0.37866211
-0.04406738
0.31689453
-0.24304199
1.43750000
-0.31884766
0.85205078
0.08984375
-0.60937500
-0.04418945
0.45312500
-0.53271484
-0.15393066
0.54687500
0.92382812
0.52685547
0.61621094
-0.00759888
-0.83056641
0.39086914
0.15454102
0.84179688
1.00976562
0.11694336
0.55224609
0.31347656
-0.68896484
0.73535156
-1.66015625
-0.01818848
0.38598633
-0.42993164
0.27099609
-0.29418945
-0.24743652
-0.30004883
-0.47802734
-0.48901367
0.17822266
0.55957031
-0.14526367
-0.28710938
-0.22241211
-0.18579102
0.40234375
-0.35791016
-0.13793945
-0.38842773
0.28173828
0.29833984
0.25366211
-0.28759766
-0.56054688
-0.50830078
-0.22058105
-0.62597656
-0.57714844
-0.37548828
0.54589844
1.69921875
0.26806641
-0.39575195
-0.26708984
-0.15136719
-0.16662598
0.05154419
0.12573242
-0.08526611
0.97070312
-0.65087891
0.74023438
0.25805664
-0.48852539
-0.02600098
0.31445312
-0.32714844
-0.09924316
0.32519531
0.58349609
0.36523438
0.63964844
0.12176514
-0.45532227
0.15893555
0.06909180
0.71582031
0.86230469
0.16186523
0.28662109
0.33007812
-0.77343750
0.67968750
-1.26855469
-0.06402588
0.22558594
-0.20410156
0.11822510
-0.10766602
-0.09185791
-0.11401367
-0.36132812
0.01049805
-0.04919434
0.13903809
0.04559326
-0.33154297
-0.04504395
-0.34277344
0.34570312
-0.27075195
-0.31591797
-0.52539062
-0.02294922
0.31323242
0.31689453
-0.26733398
-0.59619141
-0.50195312
-0.27124023
-0.93164062
-0.10949707
-0.53515625
0.71875000
0.90722656
0.24780273
0.08984375
0.12915039
0.13732910
0.13134766
0.07739258
-0.12744141
0.11920166
0.04690552
-0.19921875
0.14746094
0.16735840
-0.24975586
0.10717773
0.40283203
-0.11981201
-0.18383789
0.26904297
0.22094727
0.13427734
0.54882812
0.34155273
0.03494263
-0.13879395
-0.07080078
0.38476562
0.38037109
0.17883301
-0.24816895
0.27539062
-0.85302734
0.54931641
-0.35498047
-0.10290527
-0.16015625
0.13244629
-0.12609863
0.12207031
0.12091064
0.12634277
-0.22351074
0.18981934
-0.15612793
0.02124023
0.15722656
-0.40405273
-0.17370605
-0.32568359
0.38232422
-0.29199219
-0.31982422
-0.42187500
-0.05102539
0.27563477
0.29467773
-0.27856445
-0.57226562
-0.47509766
-0.22863770
-0.80078125
-0.10229492
-0.39257812
0.61132812
0.87548828
0.28173828
-0.14904785
-0.12622070
0.07434082
-0.11444092
-0.06683350
0.10223389
-0.04199219
-0.40136719
-0.09912109
0.07580566
0.24511719
-0.26391602
-0.01599121
0.39184570
-0.21203613
-0.14550781
0.29516602
0.16503906
0.08557129
0.45654297
0.24670410
0.02970886
-0.06567383
-0.06359863
0.35668945
0.37133789
0.13110352
-0.21289062
0.19763184
-0.73925781
0.52783203
-0.42895508
-0.10241699
-0.15844727
-0.12158203
-0.02520752
-0.11578369
-0.02847290
-0.09539795
0.15319824
0.52783203
-0.36450195
0.08068848
0.12170410
-0.19677734
-0.13366699
-0.09185791
0.25805664
-0.14807129
-0.22253418
-0.29296875
-0.25952148
0.12060547
0.21594238
-0.12390137
-0.34814453
-0.39746094
-0.18811035
-0.60742188
0.01910400
-0.37109375
0.58154297
1.25000000
0.21752930
0.00900269
0.09039307
0.07714844
0.11633301
0.13854980
-0.12304688
0.11749268
-0.70605469
-0.15466309
0.22253418
0.33447266
-0.22631836
-0.09765625
0.12390137
-0.17871094
0.01458740
0.07702637
-0.11608887
-0.11608887
0.27465820
0.22473145
0.05102539
-0.09869385
-0.08911133
0.35693359
0.41381836
0.05981445
-0.15917969
0.21484375
-0.73583984
0.57421875
-0.62353516
-0.09722900
-0.03982544
0.10833740
-0.09387207
0.12683105
0.11157227
0.12493896
0.49267578
0.20458984
-0.19177246
-0.16845703
0.27709961
-0.32666016
-0.30322266
-0.23828125
0.40332031
-0.31982422
-0.33203125
-0.41552734
-0.18725586
0.24548340
0.29809570
-0.25292969
-0.50488281
-0.47314453
-0.27490234
-0.81591797
-0.07629395
-0.48876953
0.69726562
0.94970703
0.28759766
-0.03918457
0.00218201
0.09851074
0.00804138
0.01841736
-0.01257324
0.03875732
-0.08264160
0.21618652
-0.11419678
0.21533203
-0.12707520
-0.22277832
0.28833008
-0.30639648
-0.05029297
0.22192383
0.08239746
-0.00732422
0.37866211
0.28662109
0.07220459
-0.12152100
-0.12329102
0.29199219
0.33007812
0.08813477
-0.25415039
0.22717285
-0.78808594
0.58105469
-0.43334961
-0.11187744
-0.14428711
0.00502396
-0.07232666
0.00424957
0.04598999
0.01495361
0.57324219
0.11242676
-0.32617188
-0.27783203
0.33544922
-0.22241211
-0.29150391
-0.11798096
0.33911133
-0.30737305
-0.28833008
-0.39697266
-0.05615234
0.22338867
0.30371094
-0.24804688
-0.53320312
-0.55078125
-0.26440430
-0.64599609
-0.30566406
-0.40771484
0.59765625
1.37792969
0.33715820
-0.27416992
-0.18481445
-0.03001404
-0.12243652
0.04187012
0.09185791
-0.03900146
0.50195312
0.54687500
-0.33374023
0.30444336
-0.15087891
-0.23937988
0.16638184
-0.28076172
0.01068115
0.15026855
0.17553711
0.06555176
0.52392578
0.21484375
-0.09619141
-0.03576660
-0.06994629
0.52587891
0.66259766
0.04711914
0.00061035
0.25048828
-0.69238281
0.68115234
-0.90527344
-0.13134766
0.04495239
-0.14892578
0.02880859
-0.08776855
-0.03674316
-0.08190918
-0.21142578
-0.46191406
0.10345459
-0.48583984
0.41967773
-0.01379395
-0.47119141
0.04638672
0.49902344
-0.54345703
-0.39550781
-0.52148438
0.00341797
0.31835938
0.28442383
-0.31054688
-0.63330078
-0.51953125
-0.26074219
-0.96923828
-0.24353027
-0.54785156
0.74902344
1.28808594
0.16589355
0.08459473
0.16540527
0.00895691
0.17077637
0.08746338
-0.16040039
0.09930420
0.78125000
0.41088867
-0.53808594
-0.05169678
0.18750000
-0.38061523
0.01245117
-0.44921875
0.16406250
0.19299316
0.40356445
0.15502930
0.57324219
0.25585938
-0.27026367
0.05773926
0.00585938
0.53808594
0.53662109
0.23596191
-0.03961182
0.30908203
-0.97412109
0.60449219
-0.63525391
0.01692200
0.04110718
0.17614746
-0.04165649
0.16735840
0.08721924
0.15332031
-0.62304688
-0.43066406
0.25537109
-0.30297852
0.26806641
0.01391602
-0.38574219
0.01757812
0.40063477
-0.41528320
-0.33813477
-0.42724609
-0.14392090
0.21984863
0.25097656
-0.23120117
-0.57080078
-0.46630859
-0.21704102
-0.93554688
-0.11016846
-0.50976562
0.71875000
1.15625000
0.19689941
-0.02725220
0.04208374
0.01647949
0.04168701
0.00288963
-0.03598022
0.02127075
0.19067383
-0.01086426
-0.23999023
-0.22326660
0.28540039
-0.35815430
-0.00231934
-0.36035156
0.15820312
0.12622070
0.17480469
-0.00866699
0.42578125
0.26611328
-0.07104492
-0.02154541
-0.03015137
0.43310547
0.41210938
0.20739746
-0.09985352
0.25634766
-0.93945312
0.55664062
-0.56787109
-0.00839233
-0.02340698
0.04418945
-0.01511383
0.03417969
0.01947021
0.03417969
-0.37036133
-0.33032227
0.20336914
-0.21362305
0.18432617
-0.02813721
-0.22241211
-0.06542969
0.25634766
-0.19226074
-0.18481445
-0.27661133
-0.30883789
0.09027100
0.16113281
-0.08520508
-0.34838867
-0.32812500
-0.17333984
-0.76757812
0.21142578
-0.51416016
0.68847656
1.03906250
0.11383057
0.28833008
0.34252930
0.17504883
0.32812500
0.20788574
-0.30834961
0.24633789
-0.27124023
-0.17321777
-0.17382812
-0.09381104
0.09887695
-0.20678711
0.06146240
-0.21826172
0.05895996
0.11163330
-0.04406738
-0.17407227
0.16162109
0.26733398
0.02055359
-0.09075928
-0.06738281
0.28125000
0.19543457
0.13574219
-0.26660156
0.23669434
-0.89013672
0.48071289
-0.33984375
-0.05264282
-0.13232422
0.34106445
-0.20043945
0.31494141
0.23608398
0.30078125
0.09442139
-0.07055664
0.26293945
-0.15869141
0.15771484
0.03436279
-0.29833984
-0.03071594
0.30175781
-0.23510742
-0.21875000
-0.28393555
-0.33227539
0.11499023
0.21765137
-0.14746094
-0.42529297
-0.41162109
-0.20227051
-0.74951172
0.14404297
-0.45092773
0.66992188
0.96386719
0.22045898
0.04531860
0.08715820
0.14477539
0.08270264
0.06005859
-0.07983398
0.09472656
-0.56201172
-0.33496094
-0.00885010
-0.22094727
0.20251465
-0.30224609
-0.00730896
-0.29345703
0.11132812
0.10607910
-0.14514160
-0.19531250
0.18725586
0.27221680
0.09576416
-0.11212158
-0.11010742
0.27758789
0.24865723
0.07348633
-0.26928711
0.17224121
-0.78613281
0.53125000
-0.38916016
-0.09197998
-0.18139648
0.08471680
-0.12164307
0.07348633
0.09960938
0.08123779
0.20996094
0.03314209
0.06298828
-0.06021118
0.13623047
0.03387451
-0.43994141
-0.07659912
0.37695312
-0.37451172
-0.35791016
-0.46289062
-0.15368652
0.21716309
0.30029297
-0.24841309
-0.52783203
-0.49536133
-0.29370117
-0.75585938
-0.10162354
-0.48242188
0.65380859
0.82666016
0.33032227
-0.12243652
-0.10192871
0.10882568
-0.07934570
-0.01135254
0.06268311
-0.00068092
-0.10729980
-0.07543945
0.01083374
-0.15161133
0.22753906
-0.39404297
-0.02343750
-0.39916992
0.07464600
0.11706543
0.05279541
-0.05468750
0.46826172
0.35058594
0.12084961
-0.17382812
-0.15454102
0.27294922
0.31738281
0.04028320
-0.28564453
0.21264648
-0.68359375
0.57128906
-0.41723633
-0.15588379
-0.18371582
-0.09082031
-0.06378174
-0.07324219
0.01281738
-0.05615234
0.62304688
0.44213867
0.22607422
0.01416016
0.04833984
0.15551758
-0.26220703
0.09710693
0.25659180
-0.31884766
-0.32739258
-0.43994141
-0.15917969
0.19848633
0.30688477
-0.24194336
-0.52148438
-0.55322266
-0.28295898
-0.69873047
-0.28906250
-0.43676758
0.62402344
1.30371094
0.33154297
-0.25488281
-0.17260742
-0.01356506
-0.10784912
0.04669189
0.07733154
-0.02528381
0.28710938
-0.19848633
0.35791016
-0.37084961
0.30639648
-0.23498535
-0.14929199
-0.25903320
0.19165039
-0.00903320
0.04614258
-0.04748535
0.51562500
0.28857422
-0.02429199
-0.08099365
-0.11071777
0.46557617
0.60351562
0.05419922
-0.03771973
0.25732422
-0.71240234
0.66699219
-0.85205078
-0.13208008
0.02424622
-0.13464355
0.01406860
-0.07318115
-0.02291870
-0.06732178
-0.01936340
0.11724854
-0.15527344
0.28027344
-0.22814941
0.32861328
-0.38964844
0.16381836
0.35595703
-0.47851562
-0.45141602
-0.53759766
-0.15136719
0.25610352
0.31835938
-0.28100586
-0.49951172
-0.47241211
-0.30566406
-0.83544922
-0.12432861
-0.47656250
0.67138672
0.72167969
0.26660156
-0.00364685
0.02201843
0.07891846
0.02153015
-0.00017452
-0.02107239
0.03047180
0.38354492
0.17053223
0.12573242
-0.09777832
0.27270508
-0.27124023
-0.29931641
-0.40161133
0.28076172
-0.03759766
0.04931641
-0.03955078
0.52246094
0.36865234
0.10510254
-0.17651367
-0.16931152
0.20935059
0.30224609
0.08581543
-0.27172852
0.22778320
-0.71972656
0.52539062
-0.29492188
-0.08959961
-0.12408447
0.02099609
-0.05657959
0.01401520
0.03616333
0.02125549
-0.43408203
-0.00976562
-0.19799805
0.30590820
-0.28906250
0.39257812
-0.31250000
0.19860840
0.31567383
-0.44628906
-0.39111328
-0.44775391
-0.20385742
0.20837402
0.30517578
-0.26879883
-0.53662109
-0.51513672
-0.27270508
-0.81884766
-0.15283203
-0.40576172
0.64550781
0.88769531
0.30078125
-0.17285156
-0.14819336
0.08068848
-0.13452148
-0.05554199
0.11907959
-0.04598999
0.23608398
0.23522949
0.06744385
-0.01158142
0.23168945
-0.19726562
-0.33959961
-0.35791016
0.29638672
-0.02526855
-0.02465820
-0.10424805
0.44409180
0.32812500
0.07434082
-0.12207031
-0.14404297
0.31396484
0.40258789
0.09313965
-0.18249512
0.20849609
-0.75048828
0.55566406
-0.46215820
-0.12475586
-0.16809082
-0.14404297
-0.02850342
-0.13171387
-0.03094482
-0.11022949
-0.35473633
0.04217529
-0.07934570
0.17016602
-0.09283447
0.24414062
-0.25048828
0.06127930
0.21838379
-0.22058105
-0.19360352
-0.32470703
-0.28808594
0.09173584
0.23364258
-0.13720703
-0.36279297
-0.44213867
-0.24938965
-0.60986328
0.05694580
-0.38500977
0.58593750
0.93994141
0.28076172
0.01612854
0.05139160
0.14733887
0.07806396
0.12512207
-0.08959961
0.11840820
-0.06402588
0.22998047
0.17443848
-0.14746094
0.20678711
-0.18786621
-0.17456055
-0.28491211
0.16113281
-0.00531006
-0.17578125
-0.20581055
0.31713867
0.32617188
0.20239258
-0.19921875
-0.17993164
0.24206543
0.33154297
-0.00024414
-0.29711914
0.19873047
-0.64404297
0.55810547
-0.40795898
-0.16955566
-0.15661621
0.06652832
-0.13635254
0.08825684
0.12121582
0.09490967
-0.09020996
-0.19335938
-0.13854980
0.20239258
-0.34741211
0.42822266
-0.18884277
0.27319336
0.24462891
-0.43432617
-0.40869141
-0.49926758
-0.26586914
0.19799805
0.30078125
-0.24938965
-0.52343750
-0.52832031
-0.31103516
-0.88183594
-0.08117676
-0.50585938
0.71191406
0.85986328
0.29931641
0.04998779
0.07946777
0.15869141
0.08679199
0.08758545
-0.09027100
0.11004639
-0.38330078
0.06124878
-0.09533691
0.17614746
0.01031494
-0.01416016
-0.41406250
-0.29882812
0.35717773
-0.12133789
-0.07568359
-0.17126465
0.49121094
0.40234375
0.18347168
-0.19934082
-0.19506836
0.27001953
0.35815430
0.07214355
-0.29394531
0.24560547
-0.77636719
0.57519531
-0.33032227
-0.16418457
-0.19543457
0.08355713
-0.13708496
0.08471680
0.11560059
0.09252930
0.60205078
-0.54589844
-0.24804688
0.18566895
-0.41552734
0.27490234
0.08477783
0.44775391
0.13159180
-0.52929688
-0.54980469
-0.53906250
-0.17504883
0.24938965
0.32763672
-0.31542969
-0.63085938
-0.55859375
-0.29052734
-0.97851562
-0.24218750
-0.55517578
0.76660156
1.28027344
0.17211914
0.08447266
0.16528320
0.00820923
0.17077637
0.08703613
-0.16052246
0.09899902
-0.54003906
-0.29003906
-0.48876953
0.45214844
-0.19604492
0.26342773
-0.46362305
-0.06042480
0.50878906
-0.22900391
0.13061523
-0.07202148
0.54589844
0.32348633
-0.21533203
0.01586914
-0.05737305
0.49804688
0.52099609
0.19482422
-0.04730225
0.29614258
-0.96142578
0.62109375
-0.63427734
0.01754761
0.04202271
0.17626953
-0.04110718
0.16760254
0.08691406
0.15344238
0.69335938
-0.18725586
-0.01684570
0.05938721
-0.32983398
0.31713867
0.05014038
0.38964844
0.14855957
-0.41796875
-0.35644531
-0.38183594
-0.29663086
0.16455078
0.28710938
-0.25854492
-0.53808594
-0.53759766
-0.30468750
-0.84130859
-0.13085938
-0.50390625
0.72900391
1.01464844
0.26806641
-0.00241089
0.04205322
0.09222412
0.04650879
0.03320312
-0.04760742
0.05822754
0.18530273
-0.40600586
-0.37207031
0.37304688
-0.18017578
0.24194336
-0.44018555
-0.12988281
0.42504883
-0.15185547
-0.08538818
-0.19311523
0.31396484
0.34228516
0.02655029
-0.10156250
-0.15600586
0.33032227
0.37915039
0.06298828
-0.18798828
0.21691895
-0.79638672
0.61230469
-0.47631836
-0.08532715
-0.12115479
0.04641724
-0.07550049
0.04141235
0.06155396
0.04910278
0.18225098
0.17993164
0.22998047
-0.16552734
-0.22338867
0.26733398
0.14916992
0.40600586
0.06994629
-0.41943359
-0.40209961
-0.41210938
-0.26855469
0.17846680
0.31665039
-0.29052734
-0.58056641
-0.55664062
-0.29516602
-0.82421875
-0.21350098
-0.44677734
0.67480469
1.05664062
0.32666016
-0.25024414
-0.19970703
0.01722717
-0.17797852
-0.08886719
0.16015625
-0.09130859
0.66455078
-0.34741211
-0.25463867
0.34252930
-0.33349609
0.33251953
-0.42871094
-0.05920410
0.45410156
-0.24169922
-0.10510254
-0.18164062
0.40893555
0.33325195
0.04467773
-0.09857178
-0.15417480
0.34765625
0.44628906
0.06420898
-0.13623047
0.20214844
-0.75585938
0.62597656
-0.61621094
-0.09759521
-0.09069824
-0.19018555
0.02716064
-0.17309570
-0.07781982
-0.15209961
-0.37036133
0.29492188
0.23840332
-0.22680664
-0.07885742
0.19482422
0.16455078
0.38012695
0.03430176
-0.33715820
-0.29785156
-0.36523438
-0.36914062
0.13659668
0.27954102
-0.23303223
-0.51757812
-0.53125000
-0.29833984
-0.91503906
-0.04443359
-0.52099609
0.76562500
1.02929688
0.28857422
0.01107788
0.06057739
0.12670898
0.06262207
0.05648804
-0.06408691
0.08123779
0.44067383
-0.14624023
-0.08917236
0.21264648
-0.33349609
0.36425781
-0.38134766
-0.05346680
0.43115234
-0.23474121
-0.21972656
-0.27880859
0.29370117
0.38085938
0.16308594
-0.17248535
-0.19921875
0.27490234
0.34716797
0.07238770
-0.26318359
0.23510742
-0.86962891
0.61962891
-0.42944336
-0.12121582
-0.16345215
0.06161499
-0.10607910
0.05657959
0.08612061
0.06616211
-0.87304688
0.67919922
0.59765625
-0.39428711
-0.12536621
0.04357910
0.24389648
0.31738281
-0.02441406
-0.31030273
-0.42138672
-0.42504883
-0.24255371
0.17211914
0.34521484
-0.26269531
-0.53222656
-0.61523438
-0.31250000
-0.69335938
-0.38281250
-0.43066406
0.62597656
1.48242188
0.28442383
-0.22314453
-0.11895752
-0.06216431
-0.05459595
0.07763672
0.02874756
-0.00870514
-0.01123047
0.08044434
-0.05883789
0.30859375
-0.41308594
0.30615234
-0.25170898
0.09442139
0.38159180
-0.26000977
-0.01623535
-0.13415527
0.52880859
0.26635742
-0.15576172
-0.01837158
-0.10284424
0.54736328
0.72265625
0.06555176
0.08642578
0.25805664
-0.73974609
0.69921875
-0.98095703
-0.07977295
0.11853027
-0.07812500
0.03649902
-0.01722717
-0.01451874
-0.02131653
-0.12243652
0.03723145
0.08929443
-0.24975586
0.05535889
0.12658691
0.26171875
0.44262695
0.05584717
-0.35913086
-0.39794922
-0.51757812
-0.32641602
0.17114258
0.34179688
-0.28344727
-0.63281250
-0.60742188
-0.34033203
-0.93310547
-0.14709473
-0.49853516
0.73339844
0.84472656
0.30957031
-0.13452148
-0.10864258
0.04992676
-0.09863281
-0.08258057
0.09020996
-0.04925537
-0.36889648
0.17272949
0.13256836
-0.00354004
-0.30126953
0.40209961
-0.42187500
-0.06909180
0.45507812
-0.27978516
-0.20629883
-0.28710938
0.54833984
0.46459961
0.14672852
-0.22180176
-0.21325684
0.30273438
0.39135742
0.07092285
-0.26171875
0.21435547
-0.76708984
0.60449219
-0.42407227
-0.07580566
-0.12854004
-0.10510254
-0.00637817
-0.10229492
-0.03744507
-0.08648682
0.79687500
-0.26245117
0.47192383
-0.88232422
0.20898438
-0.19335938
0.52783203
0.28295898
-0.23168945
-0.51171875
-1.00488281
-0.72656250
-0.09277344
0.32104492
0.57714844
-0.50732422
-0.78857422
-0.75146484
-0.37255859
-0.68798828
-1.00878906
-0.50390625
0.62597656
2.04492188
0.35302734
-0.78076172
-0.61718750
-0.33081055
-0.46997070
-0.11975098
0.40356445
-0.30834961
-1.42480469
1.19921875
1.09082031
-0.24145508
-0.71972656
0.23632812
-0.01367188
0.47753906
0.52050781
-0.55175781
0.28369141
0.01907349
0.91259766
0.25292969
-0.71630859
0.26147461
0.02783203
0.87988281
1.08203125
0.12744141
0.53027344
0.32519531
-0.79638672
0.84667969
-1.77929688
-0.00939941
0.38256836
-0.52441406
0.31445312
-0.38403320
-0.30786133
-0.38476562
0.63720703
-0.31127930
0.05541992
-0.30517578
0.14587402
-0.09899902
0.22644043
0.21594238
-0.08447266
-0.15600586
-0.17993164
-0.23437500
-0.31640625
0.06756592
0.22949219
-0.14648438
-0.40966797
-0.48974609
-0.24804688
-0.61132812
-0.11254883
-0.39257812
0.57275391
1.24902344
0.27099609
-0.12670898
-0.04241943
0.00999451
0.00437164
0.09539795
-0.02268982
0.03884888
-0.08929443
0.37597656
0.39355469
-0.13427734
-0.23266602
0.22363281
-0.10504150
0.10150146
0.26538086
-0.20019531
-0.16308594
-0.23278809
0.28784180
0.24255371
0.05029297
-0.09393311
-0.13208008
0.37280273
0.48559570
0.02905273
-0.08728027
0.21252441
-0.67871094
0.60888672
-0.74609375
-0.10742188
0.02421570
-0.01361084
-0.02481079
0.02911377
0.03594971
0.02745056
0.40673828
-0.50634766
-0.32031250
-0.06732178
0.38183594
-0.28637695
0.38574219
0.23583984
-0.22937012
-0.24536133
-0.42480469
-0.38867188
-0.31860352
0.12756348
0.28222656
-0.24877930
-0.53955078
-0.51708984
-0.27978516
-0.92089844
-0.16137695
-0.53759766
0.74804688
1.15039062
0.16247559
0.11151123
0.18164062
0.02665710
0.18542480
0.09643555
-0.17346191
0.11273193
0.53613281
-0.05737305
0.29199219
-0.39404297
-0.05862427
0.17272949
-0.01318359
0.27880859
0.37500000
-0.39843750
-0.13232422
-0.26660156
0.36987305
0.34765625
-0.07629395
-0.04351807
-0.11718750
0.38549805
0.42529297
0.13061523
-0.07824707
0.26049805
-0.88818359
0.58154297
-0.53271484
0.00645447
0.02056885
0.19030762
-0.05792236
0.18017578
0.10101318
0.16650391
-0.13269043
-0.18798828
-0.17224121
0.02343750
0.27148438
-0.27246094
0.38476562
0.29956055
-0.16186523
-0.22192383
-0.24365234
-0.28613281
-0.36889648
0.07092285
0.22753906
-0.19616699
-0.48364258
-0.50195312
-0.29467773
-0.86083984
-0.03704834
-0.52148438
0.73583984
0.96386719
0.25854492
0.07690430
0.11651611
0.13305664
0.11914062
0.08892822
-0.11718750
0.11553955
0.40112305
-0.17041016
0.05679321
-0.22241211
-0.00158691
0.22131348
-0.06427002
0.19421387
0.35644531
-0.32666016
-0.24169922
-0.32690430
0.22998047
0.37915039
0.15002441
-0.16479492
-0.19824219
0.25219727
0.30688477
0.05078125
-0.25292969
0.23193359
-0.81298828
0.58691406
-0.38623047
-0.11474609
-0.15136719
0.12017822
-0.12347412
0.11315918
0.11694336
0.11627197
-0.47705078
0.08294678
-0.16467285
0.22045898
0.33642578
-0.38037109
0.46801758
0.31152344
-0.25732422
-0.21838379
-0.31884766
-0.38476562
-0.39648438
0.11804199
0.28173828
-0.26220703
-0.52197266
-0.54101562
-0.31689453
-0.93212891
-0.11267090
-0.48095703
0.73486328
0.85253906
0.28710938
-0.07354736
-0.04785156
0.08911133
-0.04147339
-0.01974487
0.03469849
0.00363541
0.05392456
-0.22851562
-0.15234375
-0.21716309
0.15539551
0.20666504
0.01702881
0.28417969
0.39501953
-0.44750977
-0.31372070
-0.35986328
0.35083008
0.43408203
0.19665527
-0.20080566
-0.23754883
0.22546387
0.34765625
0.06652832
-0.24169922
0.22375488
-0.81347656
0.57177734
-0.37915039
-0.10931396
-0.15612793
-0.04519653
-0.05191040
-0.04327393
0.01372528
-0.03099060
-0.53222656
0.22827148
-0.34057617
0.16809082
0.27075195
-0.25830078
0.22521973
0.11688232
-0.20947266
-0.07318115
-0.02471924
-0.13085938
-0.37255859
0.01843262
0.19995117
-0.13317871
-0.39331055
-0.49804688
-0.25097656
-0.59912109
-0.03759766
-0.35595703
0.57128906
1.16796875
0.29125977
-0.13928223
-0.06994629
0.05352783
-0.03161621
0.06198120
0.01303101
0.02835083
-0.45922852
-0.41748047
-0.16186523
-0.28442383
0.08282471
0.05847168
0.08203125
0.20751953
0.19860840
-0.22363281
-0.25146484
-0.29785156
0.15930176
0.26123047
0.14978027
-0.13134766
-0.17675781
0.30761719
0.42236328
-0.01489258
-0.15161133
0.17578125
-0.64062500
0.61523438
-0.65429688
-0.13208008
-0.05575562
-0.04809570
-0.04504395
-0.01428223
0.03080750
-0.00516510
0.40185547
1.19531250
-0.13452148
0.87451172
0.55126953
-0.29833984
0.26123047
-0.16210938
-0.49243164
-0.19482422
-0.92187500
-0.59570312
-0.21704102
0.25683594
0.59765625
-0.47436523
-0.61865234
-0.67724609
-0.38134766
-0.48510742
-0.92919922
-0.35815430
0.52539062
1.90527344
0.33813477
-0.67724609
-0.52197266
-0.30004883
-0.38134766
-0.04202271
0.31811523
-0.24194336
-1.56542969
0.03076172
-1.12500000
-0.21142578
0.48632812
-0.25488281
0.50439453
0.56835938
0.27978516
-0.68017578
-0.05346680
-0.09667969
0.72998047
0.20117188
-0.61572266
0.22924805
-0.02343750
0.71240234
0.96093750
0.05816650
0.46923828
0.28955078
-0.66308594
0.80957031
-1.65136719
-0.03289795
0.37744141
-0.43359375
0.26782227
-0.29418945
-0.24560547
-0.30102539
0.41284180
0.12469482
0.16955566
0.28100586
0.06781006
-0.40649414
0.36596680
0.15356445
-0.34301758
-0.08508301
-0.22949219
-0.32910156
-0.40917969
0.07519531
0.23645020
-0.21179199
-0.41503906
-0.46923828
-0.31152344
-0.82226562
-0.06805420
-0.46533203
0.68750000
0.80761719
0.28051758
-0.01596069
0.01188660
0.09289551
0.01998901
0.02517700
-0.02404785
0.04272461
-0.12402344
0.19702148
-0.15295410
0.14880371
0.37426758
-0.10668945
0.25854492
0.37451172
0.27856445
-0.45288086
-0.34887695
-0.38916016
0.30273438
0.42016602
0.23645020
-0.22595215
-0.25048828
0.14160156
0.27758789
0.02563477
-0.28125000
0.21997070
-0.73730469
0.55371094
-0.33813477
-0.11669922
-0.13464355
0.01614380
-0.07067871
0.01910400
0.04873657
0.02540588
0.72070312
0.23999023
0.28540039
0.39306641
0.09167480
-0.18444824
0.09606934
-0.03912354
-0.28710938
0.00378418
0.06167603
-0.04724121
-0.38793945
-0.01513672
0.20690918
-0.11828613
-0.38012695
-0.51660156
-0.26171875
-0.66796875
-0.05432129
-0.39208984
0.63281250
1.35644531
0.25439453
-0.07037354
0.02291870
0.03013611
0.05566406
0.09887695
-0.06634521
0.06689453
0.42675781
0.58886719
-0.42236328
0.09960938
0.29199219
-0.15441895
0.18322754
0.23120117
0.09130859
-0.20971680
-0.24462891
-0.31787109
0.02850342
0.25317383
0.10638428
-0.11413574
-0.17077637
0.33984375
0.46069336
0.01684570
-0.09832764
0.20812988
-0.75732422
0.65869141
-0.74316406
-0.08203125
0.00442505
0.04492188
-0.04568481
0.07067871
0.06204224
0.06890869
-0.02612305
-0.08081055
0.09863281
0.11352539
-0.03210449
-0.37988281
0.36718750
0.19824219
-0.30908203
-0.07055664
-0.20397949
-0.30908203
-0.49169922
0.01879883
0.24755859
-0.18872070
-0.49780273
-0.57128906
-0.36303711
-0.92480469
-0.04345703
-0.57421875
0.77978516
0.76464844
0.30541992
0.12536621
0.14038086
0.19079590
0.14245605
0.11297607
-0.14135742
0.14831543
0.26806641
0.08874512
0.01144409
0.15747070
0.27294922
-0.17541504
0.29370117
0.37353516
0.27954102
-0.41845703
-0.36865234
-0.48388672
0.32177734
0.49780273
0.28051758
-0.28735352
-0.29589844
0.18994141
0.30029297
0.00964355
-0.34228516
0.23400879
-0.77392578
0.59033203
-0.24487305
-0.16955566
-0.22717285
0.14257812
-0.17102051
0.13769531
0.15319824
0.14147949
-0.63330078
-0.39086914
0.25024414
-0.02676392
-0.25708008
-0.20410156
0.14160156
-0.06182861
-0.43579102
0.00097656
-0.20935059
-0.24121094
-0.41796875
0.06018066
0.29589844
-0.26708984
-0.55322266
-0.58935547
-0.32958984
-0.82617188
-0.20727539
-0.45312500
0.69335938
1.04492188
0.33544922
-0.24902344
-0.19909668
0.01834106
-0.17797852
-0.08831787
0.16027832
-0.09106445
0.27148438
0.00729370
0.23486328
0.37939453
0.30810547
-0.37451172
0.43115234
0.40576172
0.14636230
-0.48413086
-0.35913086
-0.37988281
0.25439453
0.37329102
0.12127686
-0.15087891
-0.23364258
0.28735352
0.42187500
0.01550293
-0.14550781
0.18713379
-0.73925781
0.64501953
-0.61181641
-0.10021973
-0.09228516
-0.19018555
0.02636719
-0.17346191
-0.07745361
-0.15234375
-0.18505859
-0.10131836
0.01118469
-0.06335449
-0.16137695
-0.15673828
0.17309570
0.05712891
-0.27416992
-0.01330566
-0.14599609
-0.17443848
-0.36596680
-0.02795410
0.19030762
-0.11962891
-0.34326172
-0.40771484
-0.26977539
-0.79443359
0.02569580
-0.51513672
0.70214844
0.80419922
0.17944336
0.19519043
0.22229004
0.16687012
0.21997070
0.16040039
-0.21118164
0.18664551
-0.11450195
-0.08465576
0.10009766
0.14941406
0.14660645
-0.24438477
0.29345703
0.30126953
0.15405273
-0.32226562
-0.27587891
-0.38354492
0.13159180
0.37280273
0.13623047
-0.18774414
-0.20312500
0.15869141
0.20617676
0.04797363
-0.24951172
0.23205566
-0.78320312
0.49462891
-0.26342773
-0.09783936
-0.15881348
0.22485352
-0.17285156
0.21484375
0.18347168
0.20886230
-0.12170410
-0.27636719
0.18261719
-0.02911377
-0.13342285
-0.04669189
0.02549744
-0.03988647
-0.19323730
0.03137207
0.18945312
0.04632568
-0.34179688
-0.06286621
0.10620117
-0.04403687
-0.25488281
-0.40405273
-0.20898438
-0.52392578
0.09014893
-0.32226562
0.53027344
1.08007812
0.21801758
-0.00317383
0.05993652
0.08117676
0.08770752
0.12548828
-0.09643555
0.10284424
-0.56103516
-0.35131836
0.31152344
0.28271484
0.15661621
-0.17333984
0.12939453
0.13928223
0.00292969
-0.10510254
-0.16809082
-0.28222656
-0.05026245
0.21215820
0.19055176
-0.13598633
-0.17102051
0.22241211
0.33569336
-0.01733398
-0.16308594
0.16748047
-0.62500000
0.54150391
-0.53417969
-0.10675049
-0.05529785
0.07788086
-0.09124756
0.10034180
0.09918213
0.10009766
0.56835938
0.11389160
-0.09924316
-0.24890137
-0.27148438
0.04040527
-0.04980469
-0.13037109
-0.26879883
0.05758667
0.17980957
0.04711914
-0.37475586
-0.05224609
0.15283203
-0.09027100
-0.33837891
-0.48608398
-0.24511719
-0.62402344
0.03680420
-0.37329102
0.61474609
1.20800781
0.25195312
-0.06054688
0.01660156
0.06488037
0.04486084
0.09075928
-0.05499268
0.06982422
-0.49951172
-0.52636719
0.42285156
0.26245117
0.09039307
-0.24145508
0.18786621
0.16699219
-0.03485107
-0.16784668
-0.19873047
-0.30981445
-0.05810547
0.23840332
0.16931152
-0.13159180
-0.19335938
0.26635742
0.38159180
-0.01867676
-0.14831543
0.16967773
-0.69824219
0.62158203
-0.62792969
-0.10021973
-0.05178833
0.03378296
-0.06744385
0.05630493
0.06799316
0.05950928
0.58886719
0.33447266
-0.23437500
-0.28710938
-0.32714844
0.01275635
-0.00677490
-0.07476807
-0.29638672
0.04962158
-0.07153320
-0.13085938
-0.46069336
0.00317383
0.25878906
-0.19067383
-0.47851562
-0.64208984
-0.35864258
-0.62060547
-0.24401855
-0.42065430
0.62011719
1.25292969
0.39746094
-0.30517578
-0.23791504
0.02114868
-0.17333984
0.03259277
0.13610840
-0.04705811
0.16101074
-0.25610352
0.25952148
0.19238281
0.10668945
-0.35400391
0.33813477
0.29663086
0.07153320
-0.29833984
-0.29443359
-0.36108398
0.20922852
0.30810547
0.15795898
-0.15844727
-0.24536133
0.35546875
0.56835938
-0.05578613
-0.08697510
0.20190430
-0.63085938
0.71435547
-0.82666016
-0.19580078
-0.04324341
-0.20251465
0.00119019
-0.13574219
-0.03762817
-0.12207031
0.01435852
0.12854004
-0.15966797
-0.22753906
-0.28076172
0.22314453
-0.20690918
-0.25878906
-0.47778320
0.17944336
-0.12432861
-0.24084473
-0.50292969
0.01940918
0.28466797
-0.25439453
-0.51074219
-0.57226562
-0.36889648
-0.86914062
-0.16027832
-0.49121094
0.72949219
0.80419922
0.32373047
-0.14306641
-0.12060547
0.05340576
-0.10968018
-0.06848145
0.09948730
-0.04940796
0.42016602
0.17590332
-0.15283203
-0.20715332
-0.24291992
-0.38012695
0.46264648
0.37255859
-0.01660156
-0.47924805
-0.46020508
-0.50195312
0.28710938
0.46435547
0.22229004
-0.25195312
-0.30468750
0.16625977
0.32128906
-0.00964355
-0.26245117
0.19812012
-0.71484375
0.60937500
-0.40698242
-0.10186768
-0.13085938
-0.11700439
-0.00981903
-0.11041260
-0.03692627
-0.09423828
-0.48657227
0.08557129
-0.16906738
-0.19360352
-0.23388672
0.34350586
-0.30957031
-0.33544922
-0.47998047
0.19934082
-0.09283447
-0.16015625
-0.50634766
0.00915527
0.27709961
-0.25537109
-0.56982422
-0.64306641
-0.37841797
-0.88671875
-0.21203613
-0.51171875
0.74707031
0.95996094
0.36279297
-0.19213867
-0.14672852
0.04244995
-0.13000488
-0.06347656
0.11468506
-0.05868530
0.39892578
0.33642578
-0.23925781
-0.30175781
-0.33276367
-0.30737305
0.39868164
0.30639648
-0.08331299
-0.47192383
-0.43945312
-0.47167969
0.20239258
0.42382812
0.21008301
-0.22119141
-0.30834961
0.24572754
0.38964844
-0.02111816
-0.20068359
0.18920898
-0.73339844
0.66406250
-0.53955078
-0.12109375
-0.11547852
-0.13989258
-0.00032806
-0.12670898
-0.04614258
-0.10894775
-1.58984375
-0.47509766
-0.32080078
-0.37158203
-0.43872070
0.30541992
-0.52246094
-0.54785156
-0.48632812
0.37841797
-0.81152344
-0.56054688
-0.54687500
0.19592285
0.76416016
-0.55273438
-0.78222656
-0.85742188
-0.47412109
-0.69531250
-1.03515625
-0.51660156
0.64941406
2.02539062
0.38330078
-0.78027344
-0.62060547
-0.32714844
-0.47167969
-0.11810303
0.40454102
-0.30737305
-0.37426758
1.13281250
-1.14550781
-0.83593750
-0.60839844
0.00134277
0.07604980
-0.08923340
-0.29663086
-0.64990234
-0.65673828
-0.46289062
0.73632812
0.35864258
-0.51171875
0.14050293
-0.10601807
0.77734375
1.04101562
0.07775879
0.47607422
0.30468750
-0.77734375
0.89257812
-1.77246094
-0.01928711
0.37646484
-0.52685547
0.31201172
-0.38452148
-0.30664062
-0.38549805
-0.16357422
-0.31079102
0.12548828
0.04675293
0.04290771
0.28955078
-0.32739258
-0.31762695
-0.36694336
0.26757812
-0.10192871
-0.14233398
-0.52587891
-0.04357910
0.24365234
-0.18920898
-0.50683594
-0.56542969
-0.33447266
-1.00097656
-0.06137085
-0.63378906
0.82910156
1.05566406
0.20825195
0.17980957
0.23364258
0.09826660
0.23352051
0.13647461
-0.22070312
0.16455078
-0.42968750
0.14819336
-0.28271484
-0.28198242
-0.28540039
-0.03186035
0.17565918
0.12207031
-0.19311523
-0.35742188
-0.42797852
-0.53027344
0.19201660
0.44287109
0.13793945
-0.18725586
-0.25048828
0.27172852
0.34863281
0.06164551
-0.21386719
0.25805664
-0.91113281
0.61181641
-0.41674805
-0.05322266
-0.06500244
0.23999023
-0.12182617
0.22619629
0.15588379
0.21337891
0.28027344
-0.13659668
0.16601562
0.19702148
0.11120605
0.45996094
-0.45898438
-0.40844727
-0.45092773
0.29394531
-0.01782227
-0.13098145
-0.53417969
-0.03527832
0.25000000
-0.23620605
-0.53125000
-0.61425781
-0.38623047
-0.87646484
-0.16247559
-0.47412109
0.72509766
0.77490234
0.33740234
-0.12841797
-0.11389160
0.08227539
-0.10833740
-0.06884766
0.09826660
-0.04052734
-0.28222656
-0.11260986
-0.03283691
-0.19384766
-0.34545898
-0.07727051
0.26367188
0.23388672
-0.17260742
-0.42871094
-0.46972656
-0.52197266
0.21569824
0.45947266
0.26733398
-0.27514648
-0.33447266
0.16845703
0.34326172
-0.02734375
-0.26855469
0.18920898
-0.70117188
0.61328125
-0.36499023
-0.12237549
-0.17504883
-0.11407471
-0.02987671
-0.11199951
-0.02569580
-0.09234619
0.65966797
-0.16284180
0.32226562
0.32275391
0.23730469
0.44335938
-0.47680664
-0.43652344
-0.40161133
0.33496094
0.04296875
-0.05798340
-0.53662109
-0.05053711
0.25488281
-0.22570801
-0.51806641
-0.62402344
-0.37939453
-0.92333984
-0.12927246
-0.53271484
0.79882812
1.04785156
0.34130859
-0.09594727
-0.04632568
0.08557129
-0.02955627
0.01092529
0.01902771
0.01733398
0.09674072
-0.35009766
-0.00012207
-0.18432617
-0.32446289
0.08911133
0.09497070
0.08618164
-0.27807617
-0.37353516
-0.44458008
-0.51562500
0.09216309
0.43627930
0.24792480
-0.24096680
-0.32763672
0.21264648
0.36962891
-0.01794434
-0.24377441
0.21765137
-0.82519531
0.68505859
-0.53125000
-0.13330078
-0.13537598
-0.03698730
-0.05633545
-0.02568054
0.02572632
-0.01499939
0.02262878
0.04226685
-0.02928162
0.11553955
0.12756348
0.40722656
-0.43457031
-0.36303711
-0.37280273
0.22595215
0.08587646
-0.04235840
-0.49218750
-0.10375977
0.16625977
-0.12176514
-0.39794922
-0.49047852
-0.33081055
-0.76953125
0.00451660
-0.46289062
0.66796875
0.55664062
0.28076172
0.04779053
0.04754639
0.15502930
0.04516602
0.03045654
-0.04681396
0.07244873
0.15246582
0.00686646
0.03195190
-0.02812195
-0.17846680
0.01641846
0.19189453
0.23901367
-0.12176514
-0.29785156
-0.36181641
-0.50146484
0.12231445
0.42724609
0.30590820
-0.30395508
-0.31860352
0.07202148
0.18457031
-0.03820801
-0.35229492
0.17443848
-0.62402344
0.51074219
-0.16772461
-0.13769531
-0.22167969
0.04513550
-0.11865234
0.03811646
0.08233643
0.04855347
-0.83544922
1.02441406
0.58789062
0.87695312
0.64453125
0.08233643
-0.39721680
-0.39453125
-0.26562500
0.56298828
-0.53125000
-0.40429688
-0.54394531
0.16406250
0.74658203
-0.51220703
-0.60693359
-0.75781250
-0.46606445
-0.48803711
-0.95214844
-0.36865234
0.54345703
1.88867188
0.36499023
-0.67675781
-0.52539062
-0.29711914
-0.38281250
-0.04092407
0.31884766
-0.24133301
1.38281250
-0.61718750
0.96728516
0.20214844
-0.35278320
0.38354492
-0.40600586
-0.44042969
-0.50048828
-0.42846680
-0.75537109
-0.44726562
0.53320312
0.28198242
-0.42333984
0.12347412
-0.12170410
0.62597656
0.92333984
0.02532959
0.42138672
0.27563477
-0.64794922
0.85009766
-1.64648438
-0.04119873
0.37280273
-0.43579102
0.26562500
-0.29443359
-0.24475098
-0.30151367
-0.35864258
0.10681152
-0.11492920
0.13867188
0.31372070
0.30078125
-0.47802734
-0.43432617
-0.32177734
0.34082031
0.13635254
-0.01708984
-0.47509766
-0.07299805
0.20812988
-0.18762207
-0.43554688
-0.52050781
-0.33325195
-0.75927734
-0.12036133
-0.35913086
0.62402344
0.66210938
0.29785156
-0.20800781
-0.19653320
0.02848816
-0.19055176
-0.13244629
0.17810059
-0.10919189
-0.08666992
0.13330078
0.11743164
0.21606445
0.02124023
0.30029297
-0.08679199
0.00970459
-0.29467773
-0.27368164
-0.36791992
-0.46679688
0.10327148
0.39501953
0.25683594
-0.26318359
-0.31103516
0.09973145
0.27514648
-0.02954102
-0.24047852
0.14941406
-0.60546875
0.53759766
-0.35620117
-0.07611084
-0.13159180
-0.19812012
0.02989197
-0.19311523
-0.09289551
-0.17077637
-0.42773438
0.43627930
0.01196289
0.26611328
0.21008301
0.06329346
-0.10998535
-0.13769531
-0.06854248
0.09747314
0.26196289
0.20996094
-0.25292969
-0.12280273
0.06457520
-0.02345276
-0.22460938
-0.41210938
-0.22644043
-0.52636719
0.12524414
-0.33740234
0.57128906
1.13085938
0.22167969
0.01006317
0.07781982
0.08544922
0.10461426
0.12976074
-0.11132812
0.11224365
-0.45434570
0.24340820
0.39550781
0.14367676
-0.03698730
0.16723633
-0.07006836
-0.07458496
-0.19616699
-0.05029297
0.00988770
-0.18420410
-0.23889160
0.16577148
0.19201660
-0.12658691
-0.19628906
0.17687988
0.29443359
-0.04711914
-0.16894531
0.15527344
-0.64453125
0.58398438
-0.55371094
-0.09863281
-0.05767822
0.09564209
-0.09667969
0.11584473
0.10760498
0.11425781
0.63232422
-0.16235352
-1.03027344
0.07067871
0.66259766
-0.18811035
-0.13537598
-0.19201660
-0.10559082
0.64453125
-0.39721680
-0.34497070
-0.59179688
0.14355469
0.76855469
-0.51660156
-0.60302734
-0.77148438
-0.48193359
-0.48828125
-0.95556641
-0.37084961
0.54736328
1.88378906
0.36962891
-0.67724609
-0.52587891
-0.29663086
-0.38281250
-0.04071045
0.31884766
-0.24121094
-1.48730469
1.18554688
0.47216797
0.89697266
0.31884766
0.34423828
-0.55175781
-0.55957031
-0.55664062
-0.29199219
-0.83398438
-0.49462891
0.47900391
0.29296875
-0.38305664
0.10290527
-0.13989258
0.60888672
0.91503906
0.01916504
0.41210938
0.27294922
-0.64501953
0.85791016
-1.64453125
-0.04272461
0.37207031
-0.43603516
0.26513672
-0.29467773
-0.24462891
-0.30175781
-0.09997559
0.09735107
0.12646484
-0.00209045
0.12792969
0.18676758
-0.42114258
-0.40722656
-0.24316406
0.32641602
0.17089844
0.04528809
-0.56054688
-0.18200684
0.05981445
-0.06011963
-0.32177734
-0.45166016
-0.33422852
-0.78955078
0.02929688
-0.48022461
0.65722656
0.39526367
0.23730469
0.19970703
0.18334961
0.19641113
0.17419434
0.11248779
-0.16699219
0.16162109
-0.00230789
-0.10327148
-0.01068115
0.03125000
0.09802246
0.34179688
-0.15112305
0.01977539
-0.25292969
-0.16137695
-0.34643555
-0.55517578
0.09765625
0.44995117
0.38134766
-0.34619141
-0.33935547
0.01428223
0.17553711
-0.05249023
-0.36865234
0.18249512
-0.58984375
0.43945312
0.01870728
-0.15197754
-0.23315430
0.17907715
-0.17871094
0.16418457
0.16479492
0.16528320
0.30078125
-0.21533203
-0.09820557
-0.26391602
0.08984375
-0.09765625
-0.28613281
-0.36328125
-0.16040039
0.47167969
0.20117188
0.07141113
-0.55175781
-0.12255859
0.21118164
-0.20556641
-0.53173828
-0.63769531
-0.38012695
-0.89941406
-0.14819336
-0.48681641
0.74609375
0.89111328
0.34936523
-0.16479492
-0.13464355
0.07202148
-0.12561035
-0.06890869
0.11328125
-0.05047607
0.40527344
-0.07714844
-0.17907715
0.16027832
0.37475586
0.44775391
-0.41162109
-0.25976562
-0.44995117
-0.17395020
-0.39697266
-0.51367188
0.04077148
0.42163086
0.27490234
-0.26757812
-0.36181641
0.17504883
0.33935547
-0.04479980
-0.24328613
0.18054199
-0.73046875
0.64746094
-0.46069336
-0.12524414
-0.16101074
-0.13305664
-0.02026367
-0.12719727
-0.03558350
-0.10675049
-0.41552734
-0.81982422
-0.34960938
-0.83398438
0.12756348
-0.36718750
0.16381836
0.04101562
0.06335449
0.69335938
-0.25170898
-0.27954102
-0.63427734
0.12243652
0.78808594
-0.52050781
-0.59863281
-0.78515625
-0.49707031
-0.48852539
-0.95947266
-0.37255859
0.55078125
1.88085938
0.37451172
-0.67675781
-0.52636719
-0.29614258
-0.38305664
-0.04049683
0.31909180
-0.24108887
1.56054688
-0.87011719
-1.07714844
0.33740234
0.72460938
0.13793945
-0.54394531
-0.58984375
-0.56298828
-0.14086914
-0.88867188
-0.53466797
0.42138672
0.30249023
-0.34130859
0.08209229
-0.15795898
0.59179688
0.90722656
0.01306152
0.40332031
0.27050781
-0.64160156
0.86523438
-1.64355469
-0.04425049
0.37109375
-0.43652344
0.26489258
-0.29467773
-0.24438477
-0.30175781
-0.39746094
0.01397705
0.06719971
-0.25952148
-0.09692383
-0.26074219
-0.14086914
-0.28710938
-0.08666992
0.40673828
0.25585938
0.14868164
-0.45703125
-0.15795898
0.15368652
-0.12841797
-0.38085938
-0.52099609
-0.35083008
-0.81152344
0.01660156
-0.46997070
0.73193359
0.75781250
0.26562500
0.08300781
0.10455322
0.14892578
0.09625244
0.05300903
-0.09210205
0.09924316
0.10131836
-0.22802734
-0.16711426
-0.04724121
0.30346680
0.31665039
-0.43896484
-0.30957031
-0.42358398
-0.09655762
-0.27124023
-0.44042969
-0.07946777
0.37939453
0.28393555
-0.27612305
-0.34155273
0.07385254
0.20935059
-0.05737305
-0.32104492
0.17822266
-0.70605469
0.58251953
-0.26000977
-0.10949707
-0.19311523
0.09985352
-0.12469482
0.08380127
0.10437012
0.09216309
-0.40087891
0.23681641
0.23791504
-0.26416016
-0.26074219
-0.36645508
0.01849365
-0.15844727
0.02990723
0.48168945
0.25097656
0.10913086
-0.49731445
-0.12298584
0.17321777
-0.17663574
-0.38989258
-0.54492188
-0.37255859
-0.79150391
-0.13171387
-0.48339844
0.70800781
0.86425781
0.32885742
-0.10815430
-0.07391357
0.07080078
-0.05999756
-0.00852966
0.04916382
-0.00568390
-0.35717773
-0.19616699
-0.13671875
-0.21289062
0.28759766
0.22070312
-0.45312500
-0.38012695
-0.44848633
-0.02416992
-0.34814453
-0.46557617
-0.03601074
0.38671875
0.28857422
-0.26635742
-0.34985352
0.10070801
0.29785156
-0.07287598
-0.24157715
0.17968750
-0.67871094
0.62011719
-0.43310547
-0.13342285
-0.12475586
-0.06738281
-0.03915405
-0.05715942
0.00424576
-0.04458618
0.19128418
1.19238281
1.11035156
-0.57324219
-0.51416016
-0.36816406
0.41748047
0.26757812
0.22705078
0.70751953
-0.09863281
-0.21008301
-0.67138672
0.10058594
0.80468750
-0.52343750
-0.59375000
-0.79833984
-0.51220703
-0.48852539
-0.96337891
-0.37451172
0.55419922
1.87695312
0.37963867
-0.67675781
-0.52685547
-0.29565430
-0.38330078
-0.04028320
0.31909180
-0.24096680
-1.60351562
-0.09143066
-0.22241211
-0.69384766
0.52539062
-0.13525391
-0.38500977
-0.52734375
-0.51855469
0.01733398
-0.91796875
-0.56542969
0.35913086
0.31054688
-0.29858398
0.06115723
-0.17578125
0.57373047
0.89843750
0.00683594
0.39404297
0.26782227
-0.63867188
0.87304688
-1.64257812
-0.04577637
0.37011719
-0.43701172
0.26440430
-0.29467773
-0.24426270
-0.30175781
0.93847656
0.68115234
0.73046875
-0.21594238
-0.44921875
-0.27270508
0.27465820
0.14721680
0.17858887
0.47656250
0.07604980
-0.02575684
-0.67187500
-0.03131104
0.51855469
-0.32104492
-0.51611328
-0.74902344
-0.46826172
-0.64648438
-0.61767578
-0.41455078
0.61767578
1.64453125
0.33618164
-0.39257812
-0.27392578
-0.14672852
-0.16857910
0.05291748
0.12658691
-0.08447266
-0.53759766
0.44604492
0.21386719
-0.57714844
0.24035645
-0.09326172
-0.27026367
-0.34643555
-0.37377930
0.08203125
-0.59472656
-0.53271484
0.19177246
0.32055664
-0.05310059
-0.07025146
-0.22900391
0.45751953
0.75732422
0.01635742
0.18481445
0.27929688
-0.71728516
0.79980469
-1.25195312
-0.08007812
0.21752930
-0.20739746
0.11535645
-0.10699463
-0.09069824
-0.11462402
0.10327148
-0.00220490
-0.01806641
0.04446411
-0.19335938
-0.33837891
0.06359863
-0.15637207
0.04187012
0.31640625
0.27319336
0.21118164
-0.36718750
-0.18090820
0.08459473
-0.07165527
-0.26098633
-0.42700195
-0.29370117
-0.76025391
0.07403564
-0.43554688
0.67919922
0.68554688
0.19799805
0.14550781
0.15771484
0.16223145
0.14660645
0.10729980
-0.13952637
0.13867188
0.08868408
0.06451416
0.03436279
-0.11120605
-0.01141357
0.02478027
-0.36352539
-0.29736328
-0.31933594
0.02008057
-0.14611816
-0.34814453
-0.15307617
0.30981445
0.27001953
-0.23937988
-0.29418945
0.05358887
0.19616699
-0.03393555
-0.27539062
0.18164062
-0.70605469
0.48583984
-0.16967773
-0.10717773
-0.18432617
0.15112305
-0.15124512
0.13696289
0.14050293
0.14001465
0.07031250
-0.21081543
0.14453125
0.15600586
-0.34594727
-0.25708008
0.25390625
0.12310791
0.20947266
0.32031250
0.26440430
0.19921875
-0.40380859
-0.13342285
0.18884277
-0.13964844
-0.37695312
-0.59521484
-0.36181641
-0.65234375
-0.14306641
-0.41674805
0.64599609
1.18066406
0.32666016
-0.21069336
-0.13671875
-0.00260925
-0.09979248
-0.00556564
0.08093262
-0.03784180
0.79394531
0.50390625
0.43579102
-0.36816406
-0.06347656
-0.15161133
-0.17749023
-0.28662109
-0.29663086
0.10028076
-0.12841797
-0.30395508
-0.14794922
0.26855469
0.20056152
-0.18493652
-0.30371094
0.20263672
0.40234375
-0.08685303
-0.12463379
0.15832520
-0.63085938
0.69824219
-0.72216797
-0.09704590
-0.01040649
-0.11633301
0.01551819
-0.08508301
-0.03372192
-0.07434082
-0.55761719
-0.34814453
-0.13952637
0.30883789
-0.32275391
-0.37475586
0.36181641
0.07324219
0.21350098
0.45043945
0.33593750
0.26904297
-0.48706055
-0.20727539
0.18481445
-0.16040039
-0.50244141
-0.68115234
-0.40380859
-0.89355469
-0.11889648
-0.52636719
0.80615234
1.05859375
0.36376953
-0.14807129
-0.09661865
0.08935547
-0.08105469
-0.02072144
0.06744385
-0.00991821
0.36035156
0.08843994
0.24951172
-0.17236328
-0.22729492
-0.25122070
-0.31518555
-0.42919922
-0.41796875
0.09979248
-0.21337891
-0.39892578
-0.17321777
0.35815430
0.27587891
-0.26318359
-0.39916992
0.17407227
0.34521484
-0.08776855
-0.22924805
0.16882324
-0.76464844
0.72607422
-0.56787109
-0.13562012
-0.15710449
-0.09002686
-0.04757690
-0.07995605
0.00204468
-0.06033325
-0.80273438
-0.56103516
-0.36816406
0.41210938
-0.31640625
-0.22717285
0.33886719
0.15661621
0.23486328
0.37500000
0.27465820
0.18579102
-0.57421875
-0.12585449
0.29711914
-0.21997070
-0.50292969
-0.76660156
-0.46533203
-0.70849609
-0.37622070
-0.46508789
0.69531250
1.38085938
0.40625000
-0.35156250
-0.26416016
-0.05270386
-0.19433594
-0.00408936
0.15808105
-0.08782959
-0.27343750
-0.18286133
0.35156250
-0.17700195
-0.26245117
-0.26977539
-0.15698242
-0.30395508
-0.30590820
0.14624023
-0.28417969
-0.40234375
-0.07971191
0.31250000
0.17895508
-0.18737793
-0.35253906
0.31054688
0.59765625
-0.09191895
-0.02722168
0.19555664
-0.66699219
0.80615234
-0.95898438
-0.13684082
0.04870605
-0.22412109
0.06234741
-0.15527344
-0.08233643
-0.14587402
-0.11486816
-0.15454102
-0.54199219
0.43701172
-0.04525757
-0.01293945
0.47119141
0.35058594
0.41308594
0.50830078
0.32568359
0.19934082
-0.57031250
-0.14501953
0.38549805
-0.27368164
-0.54931641
-0.68750000
-0.40673828
-0.99755859
-0.23352051
-0.58251953
0.83740234
1.24218750
0.19934082
0.08380127
0.16418457
0.00500488
0.17150879
0.08538818
-0.16125488
0.09814453
-0.80078125
-0.59863281
-0.08123779
0.21923828
-0.45727539
-0.38037109
-0.01245117
-0.28515625
-0.32446289
0.27221680
-0.46191406
-0.50634766
-0.05664062
0.38183594
0.07141113
-0.15771484
-0.31494141
0.29492188
0.43627930
0.01513672
-0.07977295
0.23803711
-0.89892578
0.69384766
-0.62597656
0.02026367
0.04598999
0.17626953
-0.03878784
0.16857910
0.08569336
0.15405273
0.18798828
-0.03582764
-0.15991211
0.18554688
-0.09185791
-0.15820312
0.26928711
0.05163574
0.16064453
0.24597168
0.25708008
0.31005859
-0.35498047
-0.25415039
0.05429077
-0.03338623
-0.32763672
-0.52001953
-0.32568359
-0.74902344
0.04644775
-0.51171875
0.72753906
0.89160156
0.25097656
0.10784912
0.14697266
0.14160156
0.15820312
0.13293457
-0.15795898
0.14978027
-0.26806641
-0.23583984
0.03823853
-0.00262451
-0.16601562
-0.24316406
-0.15966797
-0.28906250
-0.24487305
0.08984375
-0.05328369
-0.26782227
-0.24121094
0.26733398
0.25585938
-0.22595215
-0.32763672
0.11291504
0.23779297
-0.08886719
-0.25024414
0.16699219
-0.68603516
0.59863281
-0.34716797
-0.11889648
-0.13842773
0.15612793
-0.14331055
0.15808105
0.14819336
0.15783691
0.60107422
0.34204102
-0.06445312
0.08941650
0.19140625
0.02612305
0.47460938
0.32592773
0.40429688
0.41064453
0.40380859
0.31542969
-0.48339844
-0.23498535
0.13586426
-0.14526367
-0.41259766
-0.59667969
-0.39843750
-0.89355469
-0.13159180
-0.55078125
0.79589844
0.95751953
0.34619141
-0.08367920
-0.03515625
0.08563232
-0.02148438
0.01147461
0.01264954
0.02050781
0.16833496
-0.09204102
-0.31518555
0.37182617
-0.38085938
-0.44116211
0.05200195
-0.28442383
-0.26342773
0.29858398
-0.19543457
-0.40869141
-0.20556641
0.36645508
0.30859375
-0.28662109
-0.40234375
0.09460449
0.28417969
-0.09338379
-0.24865723
0.19116211
-0.75439453
0.67871094
-0.48779297
-0.13659668
-0.13403320
-0.02819824
-0.05764771
-0.02020264
0.02853394
-0.00942230
0.33398438
0.62548828
-0.04833984
0.12170410
0.14831543
0.12341309
0.30419922
0.28540039
0.31811523
0.27197266
0.28735352
0.25170898
-0.47265625
-0.17163086
0.30200195
-0.16931152
-0.42529297
-0.72314453
-0.45800781
-0.69873047
-0.36279297
-0.49658203
0.71630859
1.46289062
0.36108398
-0.25073242
-0.15026855
-0.04638672
-0.07916260
0.07263184
0.04873657
-0.01571655
0.77050781
0.09680176
-0.52832031
0.42846680
-0.34912109
-0.27124023
0.12622070
-0.12573242
-0.15686035
0.22680664
-0.20678711
-0.32397461
-0.17358398
0.26440430
0.14453125
-0.16638184
-0.32275391
0.29541016
0.55957031
-0.07922363
-0.00219727
0.21948242
-0.71582031
0.80712891
-0.99365234
-0.11193848
0.08721924
-0.10583496
0.02935791
-0.03854370
-0.01823425
-0.04025269
-0.30786133
0.15917969
0.12609863
-0.07171631
0.24365234
0.14025879
0.44189453
0.31079102
0.37133789
0.35620117
0.39086914
0.37451172
-0.45532227
-0.27783203
0.11029053
-0.11303711
-0.43579102
-0.65234375
-0.41943359
-0.92480469
-0.04949951
-0.61132812
0.87011719
1.03417969
0.34375000
0.02441406
0.06713867
0.14172363
0.07873535
0.08636475
-0.08300781
0.10058594
0.39990234
0.24414062
-0.19165039
0.26806641
-0.22656250
-0.39794922
0.10864258
-0.27514648
-0.23315430
0.27392578
-0.11950684
-0.34497070
-0.27197266
0.34228516
0.31567383
-0.28979492
-0.42822266
0.11828613
0.30004883
-0.11499023
-0.28710938
0.20214844
-0.81787109
0.72558594
-0.45458984
-0.15649414
-0.17370605
0.07507324
-0.12341309
0.07952881
0.10546875
0.08514404
-1.62500000
-0.35693359
1.11621094
-0.58886719
0.62988281
0.28686523
0.21105957
0.52099609
0.56738281
0.50683594
0.51513672
0.12585449
-0.90820312
-0.03790283
0.90966797
-0.56835938
-0.73144531
-0.98681641
-0.61572266
-0.69970703
-1.07031250
-0.53417969
0.68310547
1.99316406
0.42724609
-0.78027344
-0.62597656
-0.32128906
-0.47387695
-0.11584473
0.40576172
-0.30615234
-0.16040039
1.17578125
-0.40966797
0.70019531
-0.40649414
-0.10479736
0.48437500
0.19238281
-0.05322266
0.55517578
-0.90869141
-0.71582031
0.12927246
0.40673828
-0.13354492
-0.04809570
-0.29638672
0.60351562
0.96533203
0.00415039
0.39282227
0.27343750
-0.74755859
0.95947266
-1.76171875
-0.03393555
0.36791992
-0.53027344
0.30786133
-0.38525391
-0.30468750
-0.38671875
-0.26147461
-0.35058594
0.30444336
-0.32910156
0.31738281
0.30029297
0.21472168
0.32617188
0.41113281
0.23803711
0.35986328
0.35278320
-0.40722656
-0.23144531
0.16296387
-0.14086914
-0.44262695
-0.58691406
-0.32910156
-0.97753906
-0.06219482
-0.55761719
0.81152344
1.07519531
0.20422363
0.05471802
0.12109375
0.02891541
0.11932373
0.04586792
-0.10876465
0.06958008
-0.52490234
0.20605469
0.12359619
0.02667236
0.12731934
-0.09887695
0.27392578
-0.01538086
-0.02270508
0.34716797
-0.12988281
-0.29345703
-0.25097656
0.28344727
0.19042969
-0.18176270
-0.33447266
0.19189453
0.31494141
-0.01818848
-0.13708496
0.19250488
-0.86425781
0.61669922
-0.49121094
-0.00679779
-0.01399231
0.12347412
-0.04177856
0.11016846
0.06347656
0.10382080
0.26782227
-0.35253906
0.20141602
-0.28906250
0.29492188
0.33203125
0.23425293
0.35815430
0.39526367
0.25732422
0.34570312
0.35156250
-0.30371094
-0.25830078
0.11688232
-0.11187744
-0.37939453
-0.58398438
-0.37622070
-0.83544922
-0.07501221
-0.54687500
0.79687500
1.01757812
0.29345703
0.00170898
0.05221558
0.09851074
0.06170654
0.06378174
-0.06494141
0.07519531
-0.49194336
-0.03247070
0.18945312
-0.01422119
0.08477783
-0.12115479
0.31079102
-0.04565430
-0.06250000
0.31982422
-0.06121826
-0.23083496
-0.29345703
0.27343750
0.24157715
-0.22961426
-0.37402344
0.11389160
0.27246094
-0.10357666
-0.20800781
0.17810059
-0.75878906
0.67187500
-0.49072266
-0.10650635
-0.11724854
0.05981445
-0.08752441
0.06118774
0.07751465
0.06604004
0.48413086
-0.06671143
-0.03512573
-0.23437500
0.26123047
0.41699219
0.24108887
0.41137695
0.44409180
0.22949219
0.44238281
0.40576172
-0.52197266
-0.29272461
0.06060791
-0.09619141
-0.37988281
-0.58593750
-0.40234375
-0.81738281
-0.13574219
-0.47021484
0.70947266
0.73535156
0.36157227
-0.13452148
-0.11145020
0.08544922
-0.09515381
-0.03192139
0.07977295
-0.02131653
0.03680420
-0.22155762
0.22460938
-0.17895508
0.23059082
-0.11230469
0.40136719
-0.04748535
-0.03527832
0.41625977
-0.03552246
-0.35205078
-0.25317383
0.33911133
0.35644531
-0.32592773
-0.43579102
0.03540039
0.26538086
-0.12646484
-0.26245117
0.14648438
-0.61279297
0.61572266
-0.38842773
-0.15563965
-0.16186523
-0.10437012
-0.04080200
-0.09082031
-0.00810242
-0.07415771
0.36450195
0.02203369
-0.07989502
-0.23034668
0.25512695
0.44116211
0.16894531
0.41162109
0.44335938
0.21691895
0.45507812
0.42529297
-0.59765625
-0.27905273
0.14892578
-0.15673828
-0.50097656
-0.77880859
-0.48632812
-0.83447266
-0.25195312
-0.52392578
0.76464844
1.07519531
0.45410156
-0.29345703
-0.24584961
0.04284668
-0.20373535
-0.04519653
0.17333984
-0.08038330
0.52441406
-0.32446289
0.26708984
-0.23474121
0.27929688
-0.02514648
0.43310547
0.00184631
-0.00537109
0.42480469
-0.04394531
-0.34545898
-0.28515625
0.33862305
0.34545898
-0.31176758
-0.48901367
0.15905762
0.44433594
-0.14575195
-0.20117188
0.16650391
-0.66894531
0.77441406
-0.67675781
-0.19409180
-0.11669922
-0.22583008
0.00486755
-0.18286133
-0.06469727
-0.16162109
-0.42260742
0.52001953
-0.45117188
-0.13977051
0.12268066
0.31152344
-0.08593750
0.31738281
0.42089844
0.12670898
0.38525391
0.34570312
-0.46899414
-0.18945312
0.29248047
-0.23022461
-0.52929688
-0.82275391
-0.49072266
-0.75634766
-0.43432617
-0.43041992
0.70898438
1.48046875
0.45019531
-0.54052734
-0.43505859
-0.12939453
-0.36108398
-0.12658691
0.31713867
-0.21459961
0.95507812
-0.45605469
0.38427734
-0.49072266
0.42016602
0.23107910
0.40551758
0.24096680
0.16113281
0.42456055
-0.02758789
-0.24719238
-0.27661133
0.26367188
0.21545410
-0.20410156
-0.41333008
0.27416992
0.58740234
-0.10137939
0.00964355
0.16955566
-0.68505859
0.86718750
-1.12597656
-0.10229492
0.08984375
-0.39550781
0.15954590
-0.32250977
-0.20300293
-0.30151367
-0.21228027
0.06774902
-0.06091309
0.02084351
0.03271484
0.37500000
0.12670898
0.40454102
0.38403320
0.13195801
0.37622070
0.47656250
-0.43896484
-0.36572266
0.01226807
-0.00192261
-0.29785156
-0.51074219
-0.37475586
-0.82568359
0.02709961
-0.52148438
0.75683594
0.63623047
0.27294922
0.09149170
0.10571289
0.14489746
0.10253906
0.06115723
-0.09912109
0.10156250
0.00681305
0.04162598
-0.02893066
-0.16186523
0.22827148
0.07330322
0.42602539
-0.02429199
-0.01153564
0.34033203
0.08117676
-0.26806641
-0.31860352
0.29858398
0.35986328
-0.33740234
-0.41943359
-0.01965332
0.15844727
-0.11938477
-0.34765625
0.16979980
-0.66406250
0.56542969
-0.20117188
-0.11767578
-0.18579102
0.10394287
-0.12408447
0.09429932
0.10656738
0.09832764
-1.07812500
0.78466797
-0.99414062
0.52099609
-0.13427734
0.03604126
-0.43994141
0.15869141
0.45385742
0.13793945
0.72656250
0.23681641
-0.75927734
-0.03692627
0.85791016
-0.52246094
-0.55273438
-0.86816406
-0.60058594
-0.48779297
-0.98388672
-0.38574219
0.57421875
1.85644531
0.40893555
-0.67626953
-0.53125000
-0.29199219
-0.38500977
-0.03900146
0.32006836
-0.24023438
-1.20312500
0.90185547
-0.54296875
-0.73339844
0.72265625
0.39038086
0.35961914
0.56982422
0.33911133
0.69384766
-0.57031250
-0.55468750
-0.05926514
0.32397461
-0.03039551
-0.06481934
-0.27929688
0.46093750
0.84228516
-0.03024292
0.33862305
0.25122070
-0.62109375
0.91796875
-1.63476562
-0.05480957
0.36474609
-0.43896484
0.26245117
-0.29467773
-0.24328613
-0.30249023
0.05313110
0.04333496
-0.07812500
0.13232422
-0.10754395
0.23181152
-0.04495239
0.33251953
0.33789062
0.08093262
0.27807617
0.44409180
-0.24633789
-0.35351562
-0.01296997
0.01564026
-0.27929688
-0.50781250
-0.34594727
-0.84179688
0.07415771
-0.55371094
0.79394531
0.77441406
0.24511719
0.17285156
0.20361328
0.16821289
0.19616699
0.12335205
-0.18737793
0.16723633
-0.28002930
0.16418457
-0.07812500
-0.11145020
0.18798828
0.24243164
0.37548828
0.10205078
0.08374023
0.30444336
0.14172363
-0.11865234
-0.36474609
0.22338867
0.29809570
-0.27270508
-0.38769531
0.01550293
0.15039062
-0.12023926
-0.30273438
0.16455078
-0.71679688
0.59179688
-0.24353027
-0.10894775
-0.17871094
0.20190430
-0.16430664
0.18444824
0.16674805
0.18457031
1.54199219
-0.84472656
0.06079102
0.89453125
-0.53564453
-0.14636230
-0.53710938
0.00292969
0.37744141
0.03271484
0.78613281
0.28271484
-0.75390625
-0.05224609
0.85839844
-0.52050781
-0.54687500
-0.87500000
-0.60986328
-0.48730469
-0.98632812
-0.38671875
0.57666016
1.85351562
0.41259766
-0.67578125
-0.53125000
-0.29174805
-0.38525391
-0.03887939
0.32006836
-0.24023438
-0.47998047
0.84667969
-1.13085938
-0.09912109
0.50390625
0.36376953
0.18383789
0.59130859
0.42236328
0.70703125
-0.48486328
-0.53271484
-0.10717773
0.32202148
0.00006104
-0.07879639
-0.29028320
0.44824219
0.83544922
-0.03439331
0.33251953
0.24963379
-0.61865234
0.92236328
-1.63574219
-0.05584717
0.36401367
-0.43945312
0.26220703
-0.29467773
-0.24316406
-0.30249023
0.87402344
-0.80712891
0.38867188
0.60107422
-0.45874023
-0.10150146
-0.36035156
0.02734375
0.26562500
-0.04772949
0.56933594
0.38061523
-0.65576172
-0.17431641
0.50439453
-0.29125977
-0.46044922
-0.80859375
-0.55029297
-0.64550781
-0.62792969
-0.42724609
0.64257812
1.62304688
0.36083984
-0.39160156
-0.27636719
-0.14501953
-0.16943359
0.05340576
0.12695312
-0.08416748
0.63720703
0.10571289
-0.65429688
0.13549805
0.22155762
0.26977539
0.13647461
0.37500000
0.31787109
0.48095703
-0.18811035
-0.37353516
-0.24243164
0.27099609
0.13061523
-0.15246582
-0.32714844
0.34033203
0.69970703
-0.03814697
0.14514160
0.25927734
-0.69482422
0.84277344
-1.24414062
-0.08593750
0.21411133
-0.20874023
0.11437988
-0.10675049
-0.09020996
-0.11486816
-0.01586914
-0.16821289
0.13818359
0.17089844
-0.25390625
0.01513672
-0.26220703
0.25830078
0.31689453
-0.02087402
0.35351562
0.52246094
-0.37841797
-0.39306641
0.04605103
-0.03161621
-0.39257812
-0.62890625
-0.40185547
-0.94140625
-0.04901123
-0.57470703
0.82470703
0.84863281
0.27343750
0.09539795
0.13574219
0.13317871
0.13427734
0.07525635
-0.12890625
0.11791992
0.36401367
-0.10717773
-0.07128906
0.13464355
-0.00494385
0.34790039
0.30908203
0.25537109
0.22998047
0.38134766
0.15356445
-0.14550781
-0.39819336
0.24536133
0.31518555
-0.29956055
-0.45410156
0.06237793
0.23828125
-0.11596680
-0.26684570
0.17761230
-0.75097656
0.63574219
-0.33569336
-0.09771729
-0.15466309
0.13671875
-0.12292480
0.12335205
0.11920166
0.12756348
-0.43359375
0.00709534
0.16479492
0.07196045
-0.28564453
-0.12280273
-0.36303711
0.20349121
0.29858398
-0.01904297
0.30810547
0.42016602
-0.29272461
-0.29296875
0.04556274
-0.09869385
-0.37963867
-0.59179688
-0.35888672
-0.80273438
-0.05014038
-0.42089844
0.70263672
0.81933594
0.31274414
-0.14306641
-0.11944580
0.07806396
-0.11383057
-0.06475830
0.10260010
-0.04107666
0.15124512
-0.21398926
0.05474854
0.23522949
-0.11303711
0.38500977
0.22790527
0.33129883
0.27978516
0.41479492
0.18603516
-0.09423828
-0.35449219
0.22583008
0.29272461
-0.26855469
-0.43261719
0.05273438
0.24731445
-0.12121582
-0.23071289
0.12609863
-0.65234375
0.61132812
-0.40722656
-0.11059570
-0.16357422
-0.11926270
-0.02786255
-0.11694336
-0.02713013
-0.09582520
-0.66894531
0.12487793
0.41650391
0.14868164
-0.24279785
-0.14660645
-0.18005371
0.00628662
0.10009766
-0.05834961
0.01770020
0.29565430
-0.01663208
-0.24291992
0.00505447
0.01403809
-0.19726562
-0.52587891
-0.33935547
-0.59619141
0.05548096
-0.40283203
0.67285156
1.18750000
0.26293945
0.01439667
0.09191895
0.07373047
0.11846924
0.13623047
-0.12445068
0.11627197
-0.27197266
-0.53564453
0.09509277
0.31030273
-0.08380127
0.16369629
0.02807617
0.20080566
0.23852539
0.15625000
0.25048828
0.10998535
-0.37768555
0.07739258
0.22167969
-0.15771484
-0.30078125
0.09411621
0.30249023
-0.12939453
-0.15039062
0.14672852
-0.65283203
0.69433594
-0.60595703
-0.09655762
-0.03604126
0.11077881
-0.09112549
0.12927246
0.10992432
0.12609863
0.00317383
0.28881836
0.05752563
-0.11987305
-0.16992188
-0.30175781
-0.41259766
0.08374023
0.22216797
-0.08874512
0.24414062
0.41577148
-0.14147949
-0.32666016
0.00529480
-0.03802490
-0.28955078
-0.55566406
-0.38476562
-0.80371094
-0.01525879
-0.52099609
0.79492188
0.88769531
0.31884766
-0.03286743
0.00819397
0.09826660
0.00973511
0.01832581
-0.01317596
0.03860474
-0.49951172
-0.07183838
0.21557617
0.24584961
-0.25292969
0.25561523
0.06982422
0.37890625
0.34033203
0.37915039
0.23986816
-0.00146484
-0.39794922
0.18872070
0.30664062
-0.27807617
-0.43164062
-0.00085449
0.19055176
-0.16625977
-0.26489258
0.13818359
-0.68945312
0.67187500
-0.41064453
-0.11389160
-0.14404297
0.00810242
-0.07208252
0.00457382
0.04583740
0.01533508
0.59326172
0.53173828
0.00061035
-0.20800781
-0.20275879
-0.28979492
-0.33471680
-0.01383972
0.13891602
-0.12768555
0.30029297
0.39550781
-0.33715820
-0.25195312
0.16955566
-0.10699463
-0.34643555
-0.74511719
-0.50976562
-0.62890625
-0.29736328
-0.44506836
0.68359375
1.30371094
0.40307617
-0.26660156
-0.18652344
-0.02536011
-0.12310791
0.04339600
0.09228516
-0.03820801
-0.47900391
0.17114258
0.46630859
0.35595703
-0.30688477
0.15075684
-0.02491760
0.30395508
0.30932617
0.31738281
0.15380859
-0.07373047
-0.40478516
0.18005371
0.26953125
-0.22668457
-0.41113281
0.15710449
0.49902344
-0.15319824
-0.07025146
0.17517090
-0.60839844
0.81396484
-0.87792969
-0.14648438
0.03726196
-0.14978027
0.02593994
-0.08703613
-0.03552246
-0.08227539
0.73242188
0.13061523
-0.44970703
-0.48608398
0.11779785
-0.37060547
-0.39770508
-0.23474121
0.07153320
-0.27416992
0.55078125
0.51806641
-0.41430664
-0.30981445
0.33300781
-0.21948242
-0.47167969
-0.72558594
-0.45556641
-0.99511719
-0.22778320
-0.59326172
0.87109375
1.22265625
0.21240234
0.08349609
0.16357422
0.00344849
0.17163086
0.08447266
-0.16162109
0.09771729
0.34277344
0.60400391
0.31323242
0.05102539
-0.44433594
-0.08813477
-0.25292969
0.38598633
0.52050781
0.50732422
0.12561035
-0.16589355
-0.39624023
0.26635742
0.20715332
-0.22729492
-0.42260742
0.18371582
0.38549805
-0.07299805
-0.09497070
0.20874023
-0.86718750
0.72851562
-0.62207031
0.02159119
0.04791260
0.17626953
-0.03762817
0.16894531
0.08508301
0.15441895
0.08099365
-0.22131348
-0.35034180
-0.34326172
0.23889160
-0.34179688
-0.31860352
-0.17041016
0.03344727
-0.22375488
0.32592773
0.42749023
-0.20581055
-0.30175781
0.13183594
-0.10955811
-0.40136719
-0.62500000
-0.36499023
-0.95410156
-0.08404541
-0.54687500
0.83593750
1.09570312
0.23828125
-0.02674866
0.04302979
0.01509857
0.04202271
0.00228882
-0.03625488
0.02093506
0.64599609
0.36938477
-0.00650024
-0.15490723
-0.31054688
-0.10870361
-0.21752930
0.31811523
0.42968750
0.37182617
0.19653320
-0.00036621
-0.39941406
0.16723633
0.22485352
-0.20483398
-0.40722656
0.12268066
0.28906250
-0.08996582
-0.12268066
0.16333008
-0.83642578
0.66748047
-0.55126953
-0.00989532
-0.02163696
0.04467773
-0.01412964
0.03424072
0.01898193
0.03439331
-0.33056641
-0.31323242
-0.26684570
-0.22851562
0.06811523
-0.20690918
-0.21875000
-0.03451538
0.05932617
-0.06799316
0.05923462
0.28027344
0.09881592
-0.27929688
0.02073669
0.02877808
-0.21166992
-0.42700195
-0.23767090
-0.77197266
0.26733398
-0.54736328
0.79980469
0.98779297
0.13867188
0.29077148
0.34765625
0.16430664
0.33276367
0.20239258
-0.31152344
0.24353027
0.31811523
0.20251465
-0.01751709
-0.04705811
-0.19775391
-0.02795410
-0.07330322
0.22509766
0.25634766
0.21154785
0.18054199
0.16833496
-0.33447266
0.03973389
0.16113281
-0.12115479
-0.28466797
0.06616211
0.10870361
-0.10632324
-0.21032715
0.14343262
-0.79199219
0.58056641
-0.33056641
-0.03649902
-0.11804199
0.34619141
-0.19262695
0.31860352
0.23217773
0.30322266
-0.53710938
-0.32641602
-0.19458008
-0.20141602
0.17468262
-0.28222656
-0.24316406
-0.09814453
0.03234863
-0.10339355
-0.00909424
0.28808594
0.09661865
-0.28857422
-0.03784180
0.01226807
-0.23999023
-0.49609375
-0.28564453
-0.73583984
0.20227051
-0.47412109
0.76757812
0.90673828
0.24853516
0.05035400
0.09460449
0.14208984
0.08557129
0.05877686
-0.08123779
0.09387207
-0.18957520
-0.10339355
-0.17724609
-0.18310547
-0.18811035
-0.11346436
-0.17260742
0.27807617
0.32006836
0.23620605
0.26220703
0.18920898
-0.36889648
0.06323242
0.23474121
-0.18493652
-0.36816406
0.01904297
0.14562988
-0.16015625
-0.22863770
0.09094238
-0.69091797
0.62353516
-0.37182617
-0.08935547
-0.17749023
0.08923340
-0.11962891
0.07458496
0.09857178
0.08221436
-0.06958008
-0.04937744
-0.03753662
-0.09051514
0.20275879
-0.37060547
-0.35156250
-0.10211182
0.09820557
-0.19970703
0.23217773
0.46362305
-0.22949219
-0.38476562
-0.04122925
0.00818634
-0.28515625
-0.56494141
-0.39721680
-0.73144531
-0.03271484
-0.51220703
0.73828125
0.76660156
0.36035156
-0.11352539
-0.09429932
0.11163330
-0.07781982
-0.01007080
0.06256104
-0.00012779
-0.22521973
-0.06597900
-0.05169678
-0.13574219
-0.17102051
-0.13757324
-0.26538086
0.39355469
0.37133789
0.33789062
0.27709961
0.04492188
-0.43603516
0.14916992
0.32104492
-0.30322266
-0.46972656
-0.02917480
0.17187500
-0.19335938
-0.30126953
0.12524414
-0.59179688
0.65039062
-0.39184570
-0.16235352
-0.18786621
-0.08734131
-0.06561279
-0.07348633
0.01364136
-0.05615234
0.38964844
0.04467773
0.08764648
-0.06359863
0.29467773
-0.18518066
-0.13415527
-0.19873047
-0.05981445
-0.24291992
0.21069336
0.44091797
-0.25976562
-0.32006836
0.10095215
-0.06579590
-0.31005859
-0.71582031
-0.50292969
-0.68164062
-0.27246094
-0.47509766
0.71191406
1.23144531
0.39355469
-0.24719238
-0.17346191
-0.00936890
-0.10815430
0.04794312
0.07769775
-0.02461243
-0.56445312
-0.48291016
-0.41381836
-0.36572266
-0.09686279
-0.21240234
-0.27050781
0.19226074
0.31469727
0.20678711
0.25463867
0.03808594
-0.47314453
0.14233398
0.29077148
-0.24645996
-0.43310547
0.10424805
0.43750000
-0.16296387
-0.10363770
0.17700195
-0.62451172
0.79296875
-0.82568359
-0.14599609
0.01699829
-0.13513184
0.01153564
-0.07238770
-0.02192688
-0.06762695
0.37475586
0.20617676
0.19897461
0.25390625
0.30566406
-0.17407227
-0.15588379
-0.32006836
-0.09625244
-0.38061523
0.27832031
0.53808594
-0.27001953
-0.40917969
-0.02153015
-0.00750732
-0.25488281
-0.51171875
-0.40185547
-0.82128906
-0.05792236
-0.50878906
0.76025391
0.66650391
0.28759766
0.00132751
0.02716064
0.07818604
0.02284241
-0.00042057
-0.02156067
0.03025818
0.08496094
-0.01815796
0.01815796
-0.15417480
0.18139648
-0.38916016
-0.46606445
0.29248047
0.44287109
0.29272461
0.35839844
0.02807617
-0.47216797
0.18457031
0.33471680
-0.33178711
-0.46215820
-0.07092285
0.15283203
-0.17480469
-0.29345703
0.14111328
-0.62500000
0.59423828
-0.27416992
-0.08972168
-0.12304688
0.02346802
-0.05603027
0.01401520
0.03591919
0.02156067
0.15783691
0.19995117
0.18884277
0.29663086
0.27490234
-0.08557129
-0.06915283
-0.33276367
-0.12792969
-0.34814453
0.18371582
0.44970703
-0.17724609
-0.36059570
0.00497437
-0.04650879
-0.29931641
-0.60302734
-0.41235352
-0.80810547
-0.10638428
-0.43554688
0.73828125
0.82910156
0.33422852
-0.16564941
-0.14111328
0.08508301
-0.13378906
-0.05322266
0.11950684
-0.04489136
0.46801758
0.12426758
0.08984375
-0.07519531
0.24780273
-0.43090820
-0.45605469
0.23803711
0.41357422
0.28027344
0.34619141
0.09460449
-0.45556641
0.14501953
0.31420898
-0.29174805
-0.46826172
-0.00476074
0.25805664
-0.16296387
-0.21289062
0.13452148
-0.65917969
0.64062500
-0.43872070
-0.13415527
-0.17407227
-0.14135742
-0.03164673
-0.13269043
-0.02938843
-0.11071777
-0.12420654
0.22094727
0.17858887
0.13549805
0.21899414
-0.11614990
-0.11016846
-0.17761230
-0.04895020
-0.16748047
-0.04840088
0.32885742
-0.02734375
-0.33764648
-0.13696289
0.09051514
-0.14672852
-0.50341797
-0.36206055
-0.58056641
0.12438965
-0.41381836
0.66503906
0.87988281
0.31005859
0.02545166
0.05786133
0.14514160
0.08117676
0.12353516
-0.09118652
0.11755371
0.33862305
0.07641602
-0.06945801
-0.17968750
0.05853271
-0.28540039
-0.28466797
0.23120117
0.26684570
0.14379883
0.25708008
0.19897461
-0.42749023
0.03051758
0.27734375
-0.22424316
-0.37744141
-0.02722168
0.20227051
-0.18762207
-0.27587891
0.12829590
-0.56152344
0.64794922
-0.38598633
-0.16833496
-0.15454102
0.07110596
-0.13464355
0.09045410
0.12011719
0.09606934
-0.39331055
-0.04177856
0.03271484
0.23486328
0.06585693
0.10040283
0.07470703
-0.37500000
-0.21386719
-0.40380859
0.14929199
0.50292969
-0.16809082
-0.43212891
-0.10168457
0.02883911
-0.25488281
-0.59179688
-0.42919922
-0.86083984
-0.01086426
-0.54101562
0.80712891
0.79882812
0.32275391
0.05899048
0.08758545
0.15600586
0.08996582
0.08605957
-0.09179688
0.10919189
0.02304077
0.19848633
0.16503906
0.13012695
0.34130859
-0.41674805
-0.44897461
0.15295410
0.37646484
0.20068359
0.38793945
0.16088867
-0.53271484
0.12121582
0.33740234
-0.31787109
-0.49682617
-0.04858398
0.20166016
-0.20214844
-0.30468750
0.15319824
-0.67675781
0.65673828
-0.30737305
-0.16125488
-0.19189453
0.08850098
-0.13500977
0.08618164
0.11444092
0.09362793
-0.42846680
-0.52099609
-0.16345215
0.27587891
-0.12683105
0.32714844
0.32958984
-0.43041992
-0.39941406
-0.54638672
0.39916992
0.54052734
-0.27026367
-0.36352539
0.29101562
-0.18713379
-0.42724609
-0.73730469
-0.47631836
-0.99121094
-0.22460938
-0.59814453
0.88574219
1.21289062
0.21850586
0.08337402
0.16333008
0.00270081
0.17175293
0.08410645
-0.16174316
0.09753418
-0.68603516
0.33251953
0.52294922
0.40332031
0.44189453
-0.19482422
-0.33715820
-0.13745117
0.34155273
0.18420410
0.40014648
0.06066895
-0.50537109
0.18591309
0.26269531
-0.25439453
-0.46752930
0.12854004
0.35913086
-0.11492920
-0.10211182
0.19445801
-0.85205078
0.74462891
-0.61962891
0.02221680
0.04882812
0.17626953
-0.03704834
0.16906738
0.08483887
0.15454102
0.30175781
-0.44555664
-0.24780273
0.13598633
-0.12493896
0.31762695
0.28759766
-0.40795898
-0.31689453
-0.41210938
0.11376953
0.38574219
-0.01892090
-0.36645508
0.04660034
-0.05780029
-0.29223633
-0.63085938
-0.43188477
-0.82031250
-0.08374023
-0.53369141
0.82714844
0.94970703
0.30249023
0.00231934
0.04705811
0.09075928
0.04827881
0.03244019
-0.04843140
0.05773926
-0.65136719
-0.03674316
0.27832031
0.35229492
0.35424805
-0.24121094
-0.33715820
-0.04992676
0.31958008
0.16699219
0.34863281
0.18493652
-0.43164062
0.09924316
0.28442383
-0.27172852
-0.47802734
-0.00244141
0.22351074
-0.19848633
-0.21325684
0.12585449
-0.69384766
0.70898438
-0.45507812
-0.08532715
-0.11926270
0.04925537
-0.07440186
0.04199219
0.06097412
0.04971313
0.68603516
-0.21374512
-0.34228516
-0.09020996
-0.29345703
0.39160156
0.36303711
-0.39233398
-0.37744141
-0.47338867
0.12097168
0.41577148
-0.10705566
-0.36035156
0.03662109
-0.07788086
-0.32470703
-0.65625000
-0.45068359
-0.80371094
-0.17602539
-0.47534180
0.76806641
0.98974609
0.37158203
-0.24426270
-0.19592285
0.02314758
-0.17846680
-0.08587646
0.16125488
-0.08984375
-0.06542969
-0.32763672
0.02172852
0.36938477
0.27392578
-0.16906738
-0.27197266
-0.12060547
0.26220703
0.10144043
0.39770508
0.17285156
-0.47753906
0.11450195
0.31787109
-0.29687500
-0.50537109
0.00244141
0.28906250
-0.19189453
-0.18200684
0.12109375
-0.66113281
0.72705078
-0.59082031
-0.11132812
-0.09899902
-0.18969727
0.02297974
-0.17456055
-0.07574463
-0.15307617
0.37084961
0.01763916
-0.23303223
-0.17749023
-0.31689453
0.40332031
0.34960938
-0.36645508
-0.37255859
-0.40747070
-0.03103638
0.37084961
0.04565430
-0.39892578
-0.08746338
0.01556396
-0.24780273
-0.59667969
-0.41308594
-0.89257812
0.01782227
-0.55419922
0.87353516
0.96337891
0.31958008
0.01777649
0.06732178
0.12481689
0.06512451
0.05545044
-0.06518555
0.08062744
0.44067383
-0.32861328
-0.10266113
0.25512695
0.13146973
-0.09082031
-0.22436523
-0.11468506
0.21972656
0.05151367
0.36914062
0.27099609
-0.46948242
0.06445312
0.31152344
-0.28930664
-0.49633789
-0.04614258
0.19677734
-0.21215820
-0.26635742
0.14038086
-0.76171875
0.71875000
-0.40698242
-0.12036133
-0.16088867
0.06555176
-0.10461426
0.05755615
0.08526611
0.06695557
-0.16101074
0.40429688
-0.46875000
-0.32104492
-0.38745117
0.30664062
0.34277344
-0.24621582
-0.35351562
-0.40429688
0.20703125
0.42773438
-0.21142578
-0.29345703
0.23779297
-0.12963867
-0.32373047
-0.81152344
-0.57812500
-0.67968750
-0.39257812
-0.46923828
0.71777344
1.40625000
0.35620117
-0.21850586
-0.12377930
-0.05969238
-0.05541992
0.07788086
0.02894592
-0.00849915
0.85742188
-0.55175781
-0.37500000
0.38427734
0.18994141
0.03955078
-0.07250977
-0.22143555
0.14550781
0.01464844
0.36791992
0.12524414
-0.54248047
0.12042236
0.29467773
-0.22949219
-0.43481445
0.14147949
0.53466797
-0.15051270
-0.00476074
0.17883301
-0.65185547
0.84130859
-0.95751953
-0.09204102
0.11346436
-0.08007812
0.03521729
-0.01586914
-0.01414490
-0.02142334
-0.38427734
0.16882324
0.02854919
-0.24487305
-0.30615234
0.42138672
0.45288086
-0.42944336
-0.38452148
-0.45410156
0.03259277
0.52343750
-0.16699219
-0.48828125
-0.05563354
0.02874756
-0.32324219
-0.67578125
-0.46972656
-0.90966797
-0.08227539
-0.52832031
0.82714844
0.78076172
0.33984375
-0.13024902
-0.10308838
0.05316162
-0.09844971
-0.08074951
0.09069824
-0.04843140
0.05734253
0.05258179
-0.15722656
0.04864502
-0.00622559
-0.01513672
-0.20361328
-0.12744141
0.24963379
0.03259277
0.44677734
0.27612305
-0.61621094
0.08325195
0.36791992
-0.35888672
-0.58398438
-0.06311035
0.22045898
-0.21899414
-0.28881836
0.12390137
-0.66455078
0.68457031
-0.39990234
-0.08312988
-0.13293457
-0.10345459
-0.00868988
-0.10375977
-0.03625488
-0.08697510
-1.26757812
0.91601562
0.42358398
-0.91308594
-0.74414062
0.17639160
0.44531250
-0.05078125
-0.56982422
-0.74902344
0.76806641
0.72607422
-0.59082031
-0.30761719
0.83837891
-0.49780273
-0.60107422
-1.10253906
-0.77832031
-0.69384766
-1.10449219
-0.55322266
0.72460938
1.95117188
0.48364258
-0.77880859
-0.63232422
-0.31420898
-0.47729492
-0.11291504
0.40771484
-0.30468750
-1.03027344
0.81884766
-1.11132812
-0.05151367
-0.09082031
0.24926758
0.28369141
-0.55273438
0.02001953
-0.06689453
0.70703125
-0.03433228
-0.70166016
0.26928711
0.37792969
-0.27905273
-0.51123047
0.35205078
0.83935547
-0.09002686
0.28247070
0.23205566
-0.70751953
1.04394531
-1.74804688
-0.05273438
0.35668945
-0.53466797
0.30322266
-0.38623047
-0.30249023
-0.38793945
0.02136230
0.17431641
0.23498535
-0.32666016
-0.25292969
0.18920898
0.24658203
-0.15136719
-0.27563477
-0.24987793
-0.04479980
0.23925781
0.01342773
-0.25073242
0.00927734
-0.00244141
-0.21362305
-0.61230469
-0.42309570
-0.59082031
-0.08923340
-0.42358398
0.65673828
1.18261719
0.32543945
-0.12048340
-0.04339600
0.01041412
0.00495148
0.09490967
-0.02316284
0.03857422
-0.64306641
0.45581055
-0.32055664
-0.06774902
-0.10675049
0.15502930
0.03939819
-0.18432617
0.04046631
-0.04412842
0.23876953
0.22778320
-0.42749023
0.02215576
0.23486328
-0.17407227
-0.37353516
0.05908203
0.34399414
-0.16003418
-0.11090088
0.14062500
-0.59765625
0.72949219
-0.72412109
-0.11425781
0.02243042
-0.01328278
-0.02468872
0.03077698
0.03567505
0.02783203
0.59765625
-0.29882812
0.43310547
-0.14819336
-0.11914062
0.09020996
0.32714844
-0.09344482
-0.43750000
-0.44897461
0.10949707
0.39428711
-0.04394531
-0.36499023
0.14501953
-0.10070801
-0.31933594
-0.64257812
-0.42773438
-0.91650391
-0.13879395
-0.57421875
0.85791016
1.08789062
0.20141602
0.11096191
0.18054199
0.02070618
0.18664551
0.09326172
-0.17480469
0.11108398
-0.30859375
0.41259766
0.01458740
-0.37109375
-0.36743164
0.32202148
0.20458984
-0.35302734
-0.04162598
-0.13134766
0.43115234
0.25854492
-0.48608398
0.06176758
0.25415039
-0.23156738
-0.45068359
0.05529785
0.27587891
-0.15844727
-0.11352539
0.16247559
-0.78271484
0.69238281
-0.51904297
0.01263428
0.02812195
0.19091797
-0.05358887
0.18176270
0.09875488
0.16748047
0.37255859
-0.24084473
0.16296387
-0.02349854
-0.04507446
0.14086914
0.35498047
-0.18725586
-0.39135742
-0.38354492
-0.07830811
0.29321289
0.09155273
-0.38574219
-0.08776855
0.02926636
-0.22387695
-0.55908203
-0.39355469
-0.83496094
0.02264404
-0.55419922
0.83691406
0.90136719
0.28637695
0.08312988
0.12274170
0.12915039
0.12200928
0.08697510
-0.11877441
0.11437988
0.19970703
0.07995605
0.07958984
-0.22241211
-0.26757812
0.32153320
0.16162109
-0.30395508
0.01086426
-0.09393311
0.33398438
0.32080078
-0.42529297
0.00048828
0.25781250
-0.25439453
-0.47265625
-0.05017090
0.16149902
-0.21594238
-0.25463867
0.13745117
-0.70996094
0.67871094
-0.36596680
-0.11022949
-0.14648438
0.12426758
-0.12060547
0.11468506
0.11535645
0.11743164
-0.02877808
-0.15820312
0.01167297
0.17028809
0.09936523
0.09790039
0.37866211
-0.15954590
-0.46777344
-0.46191406
-0.10021973
0.39233398
0.02392578
-0.44848633
-0.11926270
0.02294922
-0.22534180
-0.57861328
-0.43066406
-0.90722656
-0.05368042
-0.51220703
0.83593750
0.79199219
0.31420898
-0.06738281
-0.04132080
0.09045410
-0.04025269
-0.01898193
0.03451538
0.00394058
0.47924805
-0.18457031
0.22399902
-0.25854492
-0.35717773
0.42138672
0.27563477
-0.39062500
-0.05798340
-0.18603516
0.43579102
0.35156250
-0.52880859
0.03662109
0.32226562
-0.32934570
-0.52734375
-0.09338379
0.18981934
-0.22265625
-0.26147461
0.13635254
-0.70996094
0.65283203
-0.35644531
-0.11328125
-0.15795898
-0.04238892
-0.05288696
-0.04360962
0.01417542
-0.03094482
-0.54394531
-0.25097656
0.13085938
0.10498047
0.03839111
-0.01239014
0.14086914
-0.01663208
-0.27050781
-0.20410156
-0.20141602
0.13720703
0.14465332
-0.26025391
-0.09460449
0.03631592
-0.17138672
-0.58544922
-0.40039062
-0.56542969
-0.00140381
-0.38110352
0.64990234
1.10156250
0.33886719
-0.13171387
-0.06756592
0.05496216
-0.03054810
0.06219482
0.01261902
0.02839661
0.44580078
-0.40405273
0.35351562
-0.31323242
-0.28076172
0.26464844
0.19384766
-0.23767090
-0.10119629
-0.11706543
0.15283203
0.29492188
-0.37841797
-0.02966309
0.23132324
-0.18359375
-0.39599609
-0.00109863
0.28491211
-0.19799805
-0.15612793
0.11096191
-0.56005859
0.72753906
-0.63085938
-0.13964844
-0.05862427
-0.04638672
-0.04577637
-0.01318359
0.03097534
-0.00489044
-1.47265625
0.61425781
-0.68847656
0.81103516
0.39160156
-0.32495117
-0.06494141
0.39038086
-0.46752930
-0.60058594
0.43750000
0.59716797
-0.37377930
-0.24487305
0.74658203
-0.45288086
-0.44140625
-0.95117188
-0.73730469
-0.47973633
-1.01269531
-0.40307617
0.60791016
1.81640625
0.45947266
-0.67431641
-0.53710938
-0.28662109
-0.38745117
-0.03686523
0.32128906
-0.23889160
-0.66455078
-1.02539062
0.89892578
-0.38916016
-0.62207031
0.21984863
0.56445312
-0.44409180
-0.31982422
-0.37451172
0.81347656
0.08416748
-0.66357422
0.21582031
0.42333984
-0.26953125
-0.43432617
0.24865723
0.72509766
-0.09356689
0.24072266
0.22229004
-0.58837891
0.99365234
-1.62207031
-0.07061768
0.35546875
-0.44287109
0.25878906
-0.29492188
-0.24133301
-0.30322266
-0.05136108
0.23291016
-0.22814941
0.30590820
0.35839844
-0.21081543
0.15905762
0.02188110
-0.40063477
-0.36669922
-0.17700195
0.33691406
0.06713867
-0.42675781
-0.16906738
0.07171631
-0.13745117
-0.47363281
-0.39721680
-0.79052734
-0.00091553
-0.49658203
0.77832031
0.74902344
0.30468750
-0.00947571
0.01748657
0.09234619
0.02163696
0.02482605
-0.02468872
0.04244995
-0.42797852
-0.01170349
-0.00883484
0.08679199
-0.12695312
0.36328125
0.41918945
-0.40405273
-0.18603516
-0.27905273
0.37792969
0.38208008
-0.50488281
-0.00305176
0.28833008
-0.30126953
-0.46484375
-0.12707520
0.12805176
-0.22802734
-0.28906250
0.13537598
-0.64062500
0.63085938
-0.31640625
-0.11749268
-0.13403320
0.01904297
-0.07012939
0.01954651
0.04840088
0.02583313
0.54394531
0.63037109
-0.49951172
0.40527344
0.27343750
-0.19787598
-0.02267456
0.13439941
-0.20800781
-0.13757324
-0.24072266
0.05383301
0.24951172
-0.24609375
-0.05087280
0.02996826
-0.16552734
-0.61816406
-0.42578125
-0.64062500
-0.03005981
-0.42236328
0.72656250
1.28417969
0.30859375
-0.06567383
0.02272034
0.02871704
0.05670166
0.09759521
-0.06713867
0.06616211
-0.63671875
0.08032227
0.10302734
0.01525879
-0.13745117
0.13671875
0.20568848
-0.19189453
-0.21789551
-0.15820312
0.07556152
0.31640625
-0.29833984
-0.06109619
0.22705078
-0.16162109
-0.38232422
0.01635742
0.31567383
-0.18896484
-0.10827637
0.13671875
-0.66796875
0.78857422
-0.72216797
-0.08581543
0.00537109
0.04583740
-0.04434204
0.07244873
0.06115723
0.06958008
0.25952148
0.03756714
-0.06262207
0.14392090
0.27441406
-0.27026367
0.14062500
-0.01885986
-0.38696289
-0.33276367
-0.20727539
0.31909180
0.11096191
-0.49291992
-0.20910645
0.13574219
-0.16772461
-0.58544922
-0.45336914
-0.88281250
0.03704834
-0.60644531
0.87500000
0.70214844
0.32275391
0.13452148
0.14965820
0.18627930
0.14648438
0.11053467
-0.14343262
0.14685059
0.07177734
0.11401367
-0.07702637
0.13024902
-0.01214600
0.31933594
0.44897461
-0.42236328
-0.15515137
-0.26367188
0.36694336
0.47705078
-0.57714844
-0.07238770
0.31005859
-0.31616211
-0.55419922
-0.13940430
0.12792969
-0.27441406
-0.34277344
0.13000488
-0.66503906
0.66259766
-0.22192383
-0.16235352
-0.22119141
0.14843750
-0.16760254
0.13964844
0.15136719
0.14294434
0.15856934
-0.18591309
-0.01528931
0.05297852
0.34545898
-0.41552734
-0.12353516
0.22998047
-0.32226562
-0.32373047
-0.19628906
0.24914551
0.10778809
-0.37792969
-0.04278564
-0.02136230
-0.25122070
-0.65234375
-0.47167969
-0.79101562
-0.16796875
-0.47900391
0.78466797
0.97607422
0.37988281
-0.24316406
-0.19494629
0.02426147
-0.17871094
-0.08532715
0.16137695
-0.08959961
0.67041016
0.34399414
-0.34252930
0.37646484
0.20410156
0.09692383
0.43652344
-0.33984375
-0.32739258
-0.35986328
0.36645508
0.37500000
-0.47705078
-0.00903320
0.31713867
-0.30590820
-0.54589844
-0.06628418
0.25268555
-0.23901367
-0.18969727
0.10510254
-0.64160156
0.74511719
-0.58544922
-0.11389160
-0.10046387
-0.18945312
0.02221680
-0.17492676
-0.07537842
-0.15307617
-0.14477539
-0.12359619
0.06188965
-0.03082275
0.17053223
-0.27734375
-0.02044678
0.07763672
-0.25854492
-0.22583008
-0.15869141
0.18261719
0.16015625
-0.36132812
-0.08386230
0.09057617
-0.11633301
-0.43017578
-0.33007812
-0.77099609
0.08282471
-0.54785156
0.79931641
0.75097656
0.19848633
0.20019531
0.22863770
0.15979004
0.22387695
0.15661621
-0.21350098
0.18457031
0.16271973
0.04653931
-0.07952881
0.15930176
0.13574219
0.08593750
0.34008789
-0.29687500
-0.17871094
-0.23034668
0.26879883
0.37988281
-0.35449219
-0.09564209
0.21838379
-0.20336914
-0.38134766
-0.07983398
0.07958984
-0.19848633
-0.23681641
0.13854980
-0.68457031
0.57177734
-0.24951172
-0.08691406
-0.14929199
0.22998047
-0.16772461
0.21765137
0.18066406
0.21081543
-0.57421875
-0.44189453
0.08679199
0.03063965
0.17590332
-0.17956543
-0.05111694
0.09576416
-0.08728027
-0.04718018
-0.24243164
-0.04028320
0.27392578
-0.19702148
-0.15771484
0.08923340
-0.07299805
-0.46069336
-0.32690430
-0.49316406
0.12548828
-0.34692383
0.60791016
1.02246094
0.25683594
0.00274658
0.06222534
0.07867432
0.08984375
0.12371826
-0.09765625
0.10180664
0.02343750
0.06774902
-0.35058594
0.28247070
0.10656738
-0.00115967
0.12152100
-0.10876465
-0.17236328
-0.09906006
-0.07324219
0.28320312
-0.21057129
-0.10058594
0.15087891
-0.11175537
-0.29833984
-0.02392578
0.22265625
-0.17724609
-0.13769531
0.10864258
-0.54980469
0.64501953
-0.51611328
-0.10675049
-0.05279541
0.08038330
-0.08917236
0.10253906
0.09790039
0.10113525
-0.39453125
-0.40234375
0.36645508
-0.18872070
0.13281250
-0.22192383
-0.14636230
0.18945312
-0.08642578
-0.06970215
-0.26342773
-0.04058838
0.30249023
-0.22460938
-0.12524414
0.06005859
-0.11962891
-0.55322266
-0.37841797
-0.58837891
0.07019043
-0.39721680
0.70068359
1.14062500
0.29785156
-0.05493164
0.01875305
0.06372070
0.04641724
0.08972168
-0.05584717
0.06921387
-0.64501953
-0.35791016
-0.23364258
0.30859375
0.25341797
-0.10327148
0.12805176
-0.09478760
-0.25683594
-0.16308594
-0.04913330
0.31054688
-0.22900391
-0.09490967
0.19067383
-0.14782715
-0.37109375
-0.02966309
0.24975586
-0.20971680
-0.13574219
0.10205078
-0.61132812
0.73779297
-0.60839844
-0.10345459
-0.05105591
0.03576660
-0.06640625
0.05789185
0.06726074
0.06018066
0.25976562
-0.05847168
0.34912109
-0.24072266
0.15771484
-0.33813477
-0.19458008
0.19482422
-0.19421387
-0.16308594
-0.21325684
0.13842773
0.17004395
-0.30346680
-0.08746338
0.02697754
-0.18786621
-0.73291016
-0.55761719
-0.57421875
-0.21716309
-0.44946289
0.69726562
1.17578125
0.45727539
-0.29394531
-0.23596191
0.02745056
-0.17333984
0.03497314
0.13659668
-0.04586792
-0.55224609
-0.41723633
-0.02233887
0.24804688
0.30566406
-0.10650635
0.27661133
-0.23608398
-0.23498535
-0.25488281
0.21508789
0.35839844
-0.47656250
-0.05340576
0.29052734
-0.24633789
-0.50390625
-0.03588867
0.37500000
-0.24365234
-0.14123535
0.12548828
-0.54345703
0.83447266
-0.79541016
-0.21240234
-0.05310059
-0.20166016
-0.00286865
-0.13525391
-0.03582764
-0.12255859
0.41625977
0.21643066
0.00772095
-0.26586914
-0.19482422
-0.30688477
-0.42993164
0.39331055
-0.19458008
-0.18786621
-0.32690430
0.25122070
0.14355469
-0.46020508
-0.14331055
0.06982422
-0.17175293
-0.57421875
-0.46728516
-0.82373047
-0.09497070
-0.51855469
0.81640625
0.74072266
0.35302734
-0.13720703
-0.11511230
0.05706787
-0.10943604
-0.06652832
0.09991455
-0.04846191
0.05804443
-0.02542114
0.22094727
-0.15502930
0.31616211
-0.31616211
0.26806641
-0.22546387
-0.43652344
-0.47607422
0.34667969
0.49682617
-0.56103516
-0.06591797
0.33154297
-0.35107422
-0.56933594
-0.16040039
0.14440918
-0.27587891
-0.29248047
0.10937500
-0.61279297
0.68554688
-0.38159180
-0.10961914
-0.13586426
-0.11529541
-0.01238251
-0.11157227
-0.03561401
-0.09472656
0.30957031
0.33496094
-0.04598999
-0.25244141
-0.29101562
-0.20507812
-0.47949219
0.43408203
-0.13562012
-0.16809082
-0.32592773
0.17004395
0.20703125
-0.41845703
-0.13354492
0.04364014
-0.21289062
-0.67578125
-0.50341797
-0.83740234
-0.15991211
-0.53662109
0.83691406
0.89013672
0.40185547
-0.18518066
-0.14172363
0.04681396
-0.12988281
-0.06124878
0.11529541
-0.05755615
0.54736328
0.09094238
0.28930664
-0.25463867
0.28417969
-0.41308594
0.15759277
-0.13281250
-0.46777344
-0.48364258
0.30932617
0.46826172
-0.50439453
-0.06860352
0.32128906
-0.33496094
-0.61181641
-0.13000488
0.20324707
-0.29223633
-0.24438477
0.09692383
-0.62890625
0.75537109
-0.51171875
-0.13159180
-0.12145996
-0.13842773
-0.00337219
-0.12780762
-0.04461670
-0.10949707
-0.64160156
0.75292969
-0.56933594
-0.53808594
-0.52929688
0.08258057
-0.47583008
0.45654297
0.05346680
-0.15454102
-0.13488770
0.57031250
-0.14855957
-0.38842773
0.68798828
-0.42236328
-0.50585938
-1.13769531
-0.85498047
-0.68554688
-1.11718750
-0.56201172
0.74609375
1.92675781
0.51367188
-0.77783203
-0.63574219
-0.31054688
-0.47900391
-0.11145020
0.40844727
-0.30346680
1.50097656
0.97119141
1.04394531
-0.74023438
0.53027344
-0.29394531
-0.22888184
0.31567383
-0.56738281
-0.73632812
1.03515625
0.45117188
-0.90527344
0.12695312
0.61035156
-0.38378906
-0.60546875
0.20886230
0.76074219
-0.13940430
0.22265625
0.20935059
-0.68554688
1.08789062
-1.74023438
-0.06262207
0.35058594
-0.53710938
0.30078125
-0.38647461
-0.30126953
-0.38842773
-0.45141602
-0.02392578
-0.28735352
-0.01318359
-0.28857422
0.04626465
-0.36987305
0.33935547
0.01245117
-0.04064941
-0.31103516
0.15356445
0.22802734
-0.42724609
-0.07202148
0.05197144
-0.20532227
-0.62353516
-0.44677734
-0.97167969
-0.01007080
-0.66894531
0.94189453
0.98925781
0.23852539
0.18249512
0.23608398
0.09069824
0.23645020
0.13244629
-0.22277832
0.16235352
0.08728027
0.34375000
0.11486816
-0.28564453
0.00347900
-0.28759766
-0.03732300
0.02587891
-0.41430664
-0.44482422
0.31103516
0.52734375
-0.51123047
-0.12396240
0.27050781
-0.26098633
-0.52685547
-0.06677246
0.18383789
-0.24877930
-0.22229004
0.14367676
-0.79443359
0.71337891
-0.40014648
-0.04324341
-0.05520630
0.24291992
-0.11633301
0.22851562
0.15295410
0.21508789
-0.22998047
-0.16528320
-0.14184570
0.15209961
-0.35888672
0.04772949
-0.52783203
0.46923828
-0.04260254
-0.06909180
-0.39062500
0.14208984
0.21655273
-0.44506836
-0.19592285
0.09918213
-0.16687012
-0.61132812
-0.49194336
-0.82568359
-0.09588623
-0.50000000
0.81054688
0.71044922
0.36352539
-0.12152100
-0.10644531
0.08587646
-0.10766602
-0.06683350
0.09851074
-0.03961182
-0.32495117
0.06347656
-0.09228516
-0.23071289
-0.05432129
-0.46386719
-0.03781128
-0.03619385
-0.48071289
-0.51562500
0.26123047
0.51904297
-0.53369141
-0.11865234
0.30932617
-0.34863281
-0.60546875
-0.18041992
0.15795898
-0.29516602
-0.29882812
0.10327148
-0.60009766
0.68701172
-0.33911133
-0.12927246
-0.17968750
-0.11145020
-0.03240967
-0.11315918
-0.02441406
-0.09271240
0.20849609
-0.38476562
-0.23095703
0.27709961
-0.35839844
0.20385742
-0.44848633
0.43115234
0.07379150
-0.00146484
-0.40136719
0.06884766
0.30688477
-0.41967773
-0.17553711
0.07647705
-0.16149902
-0.64208984
-0.49633789
-0.87304688
-0.06927490
-0.56250000
0.90039062
0.97460938
0.37939453
-0.08837891
-0.04067993
0.08660889
-0.02822876
0.01136780
0.01869202
0.01748657
-0.63378906
-0.03045654
-0.22485352
-0.24755859
-0.18212891
-0.40356445
-0.18774414
0.10937500
-0.48291016
-0.50195312
0.19604492
0.51416016
-0.44970703
-0.12939453
0.30932617
-0.32128906
-0.59130859
-0.14794922
0.18457031
-0.30053711
-0.26684570
0.12145996
-0.71289062
0.78515625
-0.50439453
-0.13842773
-0.13708496
-0.03430176
-0.05697632
-0.02548218
0.02597046
-0.01481628
0.15417480
0.02676392
0.04327393
0.10705566
-0.19653320
0.12426758
-0.46777344
0.43066406
-0.05395508
-0.03161621
-0.35327148
0.05285645
0.25463867
-0.40087891
-0.25390625
0.18652344
-0.07910156
-0.45507812
-0.37719727
-0.72119141
0.08612061
-0.48583984
0.74414062
0.50390625
0.29248047
0.05538940
0.05670166
0.15344238
0.04791260
0.02976990
-0.04788208
0.07189941
0.00390625
-0.03338623
-0.00244141
-0.05163574
-0.09729004
-0.38818359
-0.08367920
-0.06018066
-0.38842773
-0.37255859
0.11627197
0.50048828
-0.43847656
-0.18005371
0.23791504
-0.26928711
-0.50390625
-0.19726562
0.03503418
-0.27270508
-0.34155273
0.09106445
-0.53076172
0.56347656
-0.14648438
-0.13488770
-0.21960449
0.04992676
-0.11749268
0.03863525
0.08172607
0.04925537
1.21875000
-0.03344727
0.25390625
0.89941406
-0.45190430
0.39160156
-0.10278320
0.16760254
0.33325195
0.13110352
-0.36523438
0.41357422
-0.00506592
-0.30712891
0.59814453
-0.38525391
-0.36621094
-0.97412109
-0.79931641
-0.47216797
-1.02343750
-0.41113281
0.62402344
1.79394531
0.48535156
-0.67333984
-0.54003906
-0.28344727
-0.38867188
-0.03570557
0.32202148
-0.23815918
1.06054688
-1.19531250
-1.10351562
0.01513672
-0.58007812
0.02270508
-0.55859375
0.56689453
-0.45800781
-0.69531250
0.84765625
0.43872070
-0.76123047
0.10974121
0.61621094
-0.35888672
-0.49926758
0.13330078
0.65625000
-0.12573242
0.18920898
0.20703125
-0.57031250
1.03125000
-1.61523438
-0.07867432
0.35058594
-0.44482422
0.25659180
-0.29516602
-0.24047852
-0.30371094
-0.14697266
0.16857910
0.16430664
0.18078613
-0.02935791
0.36938477
-0.34765625
0.39672852
0.12384033
0.06970215
-0.38476562
0.02685547
0.25634766
-0.37500000
-0.19616699
0.11608887
-0.11169434
-0.49487305
-0.41601562
-0.71337891
-0.06137085
-0.37963867
0.69824219
0.60595703
0.32324219
-0.20349121
-0.19091797
0.03463745
-0.19116211
-0.12915039
0.17932129
-0.10754395
0.33837891
-0.02746582
-0.00384521
0.18237305
-0.31298828
-0.20996094
-0.33935547
0.17761230
-0.41821289
-0.43164062
0.07653809
0.46630859
-0.41333008
-0.14404297
0.26611328
-0.30175781
-0.52343750
-0.18969727
0.11706543
-0.26123047
-0.26196289
0.08447266
-0.51855469
0.60058594
-0.33300781
-0.08758545
-0.13964844
-0.19726562
0.02540588
-0.19531250
-0.09051514
-0.17175293
-0.52099609
0.42602539
0.26757812
0.29028320
-0.07012939
0.17797852
-0.05212402
0.09234619
0.14624023
0.03863525
-0.12878418
-0.20605469
0.34741211
-0.14050293
-0.16955566
0.09265137
-0.03356934
-0.44360352
-0.32617188
-0.48632812
0.16101074
-0.35937500
0.65039062
1.06933594
0.26196289
0.01552582
0.08020020
0.08245850
0.10681152
0.12768555
-0.11279297
0.11108398
0.34326172
-0.26000977
-0.29174805
0.08496094
-0.20141602
-0.01647949
-0.11956787
0.12634277
-0.14770508
-0.10266113
-0.22851562
0.18859863
-0.01562500
-0.15112305
0.11083984
-0.08935547
-0.29638672
-0.06695557
0.17773438
-0.20642090
-0.13525391
0.09393311
-0.56445312
0.69238281
-0.53564453
-0.09790039
-0.05441284
0.09826660
-0.09417725
0.11804199
0.10607910
0.11535645
-1.35644531
0.95117188
1.06738281
0.25659180
0.20776367
0.28173828
0.19580078
-0.06665039
0.45385742
0.28320312
-0.50244141
0.35522461
0.06713867
-0.31445312
0.56445312
-0.37084961
-0.35107422
-0.97705078
-0.81054688
-0.47045898
-1.02539062
-0.41259766
0.62695312
1.79003906
0.49023438
-0.67382812
-0.54101562
-0.28295898
-0.38916016
-0.03552246
0.32202148
-0.23803711
-0.87792969
0.72412109
0.38037109
0.86279297
-0.70507812
0.27294922
-0.53320312
0.58789062
-0.33886719
-0.64843750
0.77490234
0.48754883
-0.75830078
0.08758545
0.64697266
-0.37402344
-0.50976562
0.11120605
0.64257812
-0.13171387
0.17956543
0.20397949
-0.56738281
1.03906250
-1.61230469
-0.08020020
0.34960938
-0.44531250
0.25610352
-0.29516602
-0.24035645
-0.30395508
-0.01943970
-0.04202271
-0.09802246
0.00447845
0.07629395
0.37915039
-0.26489258
0.37646484
0.12084961
0.13427734
-0.38476562
-0.03356934
0.31958008
-0.40893555
-0.35400391
0.25561523
-0.00891113
-0.39135742
-0.37670898
-0.73535156
0.11395264
-0.50488281
0.72851562
0.35009766
0.23522949
0.20776367
0.19274902
0.19079590
0.17834473
0.10961914
-0.16906738
0.16003418
0.09808350
-0.13549805
-0.08056641
0.03100586
-0.14184570
-0.08886719
-0.36059570
0.15673828
-0.32934570
-0.33862305
0.03576660
0.55615234
-0.47045898
-0.26123047
0.15405273
-0.24121094
-0.46777344
-0.22607422
0.02551270
-0.29223633
-0.35180664
0.09570312
-0.49829102
0.47656250
0.03625488
-0.14062500
-0.22509766
0.18505859
-0.17456055
0.16613770
0.16259766
0.16687012
0.45092773
-0.17321777
-0.05474854
-0.22460938
0.35546875
0.40551758
-0.00732422
0.21691895
0.33374023
0.23339844
-0.44384766
-0.06054688
0.35449219
-0.39208984
-0.21264648
0.11004639
-0.14868164
-0.63378906
-0.48461914
-0.84130859
-0.08782959
-0.51074219
0.83544922
0.82373047
0.38281250
-0.15771484
-0.12780762
0.07617188
-0.12512207
-0.06665039
0.11376953
-0.04943848
-0.22680664
0.14965820
0.19689941
0.21191406
-0.14880371
0.21301270
-0.50146484
0.39038086
-0.34155273
-0.44506836
0.03662109
0.51513672
-0.42504883
-0.19763184
0.27368164
-0.31933594
-0.62597656
-0.18725586
0.15673828
-0.31835938
-0.27099609
0.09313965
-0.62597656
0.73193359
-0.43383789
-0.13403320
-0.16650391
-0.13073730
-0.02319336
-0.12829590
-0.03408813
-0.10723877
1.46582031
-1.16113281
-0.50195312
-0.74511719
0.69433594
0.03533936
0.43994141
-0.29028320
0.53369141
0.42065430
-0.62500000
0.29077148
0.13879395
-0.31982422
0.52880859
-0.35522461
-0.33544922
-0.97900391
-0.82080078
-0.46875000
-1.02636719
-0.41406250
0.62988281
1.78613281
0.49511719
-0.67285156
-0.54150391
-0.28247070
-0.38940430
-0.03530884
0.32226562
-0.23803711
0.67773438
0.28564453
1.01562500
0.50439453
-0.24194336
0.39062500
-0.35961914
0.51513672
-0.18981934
-0.56884766
0.67968750
0.52832031
-0.74902344
0.06506348
0.67578125
-0.38867188
-0.52050781
0.08923340
0.62890625
-0.13769531
0.16979980
0.20117188
-0.56445312
1.04589844
-1.61230469
-0.08154297
0.34863281
-0.44531250
0.25585938
-0.29516602
-0.24023438
-0.30395508
0.03161621
-0.19165039
-0.16479492
-0.26342773
0.31518555
0.23583984
0.12841797
0.12634277
0.34252930
0.23730469
-0.36499023
-0.13928223
0.37500000
-0.34399414
-0.23571777
0.15954590
-0.05090332
-0.48168945
-0.40576172
-0.75439453
0.09057617
-0.49414062
0.81835938
0.69628906
0.28417969
0.08892822
0.11242676
0.14562988
0.09912109
0.05151367
-0.09344482
0.09838867
0.40917969
-0.12438965
0.07275391
0.00799561
0.04705811
0.33544922
-0.44287109
0.40258789
-0.26367188
-0.34423828
-0.07617188
0.44335938
-0.27294922
-0.22485352
0.22033691
-0.25927734
-0.50878906
-0.21166992
0.04956055
-0.30371094
-0.30859375
0.09362793
-0.60400391
0.65429688
-0.23962402
-0.10479736
-0.18859863
0.10449219
-0.12237549
0.08471680
0.10314941
0.09313965
-0.42089844
-0.05444336
-0.26586914
-0.30273438
0.32592773
0.11523438
0.26855469
-0.02001953
0.41625977
0.34155273
-0.42797852
-0.09948730
0.37207031
-0.35766602
-0.23535156
0.12475586
-0.05200195
-0.51660156
-0.46118164
-0.73095703
-0.07208252
-0.50732422
0.79101562
0.79833984
0.35986328
-0.10070801
-0.06860352
0.07287598
-0.05911255
-0.00753021
0.04910278
-0.00524521
0.33349609
-0.30273438
-0.06817627
-0.15307617
0.21118164
0.41210938
-0.36547852
0.41162109
-0.16967773
-0.34057617
-0.03149414
0.46801758
-0.33227539
-0.19165039
0.24035645
-0.29418945
-0.52148438
-0.20166016
0.12170410
-0.31225586
-0.26562500
0.09240723
-0.57958984
0.70214844
-0.40747070
-0.13928223
-0.12768555
-0.06518555
-0.04055786
-0.05728149
0.00489044
-0.04461670
-1.54785156
0.50634766
-0.95068359
-0.70507812
0.60107422
-0.22827148
0.56152344
-0.46801758
0.56591797
0.53710938
-0.73046875
0.22167969
0.20898438
-0.32373047
0.49218750
-0.33959961
-0.32006836
-0.98046875
-0.83203125
-0.46728516
-1.02832031
-0.41577148
0.63330078
1.78222656
0.49975586
-0.67333984
-0.54199219
-0.28198242
-0.38964844
-0.03509521
0.32250977
-0.23791504
-0.46337891
-1.08203125
-0.61621094
-0.55859375
0.42309570
0.31884766
-0.08593750
0.36132812
-0.02343750
-0.46069336
0.56542969
0.56054688
-0.73242188
0.04211426
0.70361328
-0.40283203
-0.53027344
0.06719971
0.61425781
-0.14355469
0.16003418
0.19824219
-0.56103516
1.05371094
-1.61035156
-0.08306885
0.34765625
-0.44580078
0.25561523
-0.29541016
-0.23999023
-0.30419922
-0.36865234
0.72314453
-0.37377930
-0.33178711
0.30932617
-0.16259766
0.37866211
-0.28149414
0.41455078
0.40844727
-0.54638672
0.03698730
0.32958984
-0.30932617
0.18237305
-0.11834717
-0.22680664
-0.87744141
-0.73437500
-0.62011719
-0.64355469
-0.45678711
0.70654297
1.55957031
0.42749023
-0.38769531
-0.28271484
-0.14025879
-0.17114258
0.05480957
0.12780762
-0.08331299
-1.01757812
-0.37353516
-0.66308594
-0.51904297
0.40502930
0.23803711
-0.07043457
0.24963379
-0.00341797
-0.25830078
0.24670410
0.53222656
-0.61669922
-0.08947754
0.48803711
-0.30664062
-0.51708984
-0.00573730
0.50341797
-0.18286133
0.03625488
0.20275879
-0.63037109
0.95800781
-1.22363281
-0.10168457
0.20593262
-0.21203613
0.11132812
-0.10607910
-0.08898926
-0.11541748
0.10510254
0.05505371
0.03692627
0.02023315
0.01971436
-0.06616211
0.25610352
0.01367188
0.30517578
0.24841309
-0.26757812
-0.20410156
0.36547852
-0.27148438
-0.24011230
0.16015625
0.00561523
-0.39111328
-0.34765625
-0.71289062
0.13586426
-0.46069336
0.76562500
0.63378906
0.20996094
0.15124512
0.16528320
0.15747070
0.15014648
0.10498047
-0.14135742
0.13720703
-0.08648682
0.03366089
-0.01200867
-0.11798096
0.19262695
0.33251953
-0.26611328
0.33569336
-0.10241699
-0.19702148
-0.15637207
0.35253906
-0.15734863
-0.23449707
0.15014648
-0.19177246
-0.39355469
-0.17944336
0.06079102
-0.26562500
-0.25097656
0.10302734
-0.61083984
0.55078125
-0.15466309
-0.09899902
-0.17761230
0.15612793
-0.14770508
0.13879395
0.13867188
0.14135742
0.79443359
0.33471680
0.20104980
0.07556152
-0.00720215
-0.21459961
0.31005859
-0.23413086
0.35839844
0.30493164
-0.24780273
-0.19274902
0.38696289
-0.23986816
-0.14660645
0.07739258
-0.07360840
-0.61230469
-0.49365234
-0.59423828
-0.11035156
-0.43798828
0.72363281
1.10546875
0.37890625
-0.20495605
-0.13610840
0.00103760
-0.10015869
-0.00408173
0.08142090
-0.03710938
0.06701660
0.43139648
-0.41308594
-0.39257812
0.35180664
0.20751953
-0.00531006
0.20617676
0.05810547
-0.14001465
-0.15783691
0.30810547
-0.18701172
-0.18041992
0.23339844
-0.21850586
-0.47851562
-0.14135742
0.22192383
-0.28295898
-0.15441895
0.08312988
-0.54101562
0.81152344
-0.69677734
-0.10852051
-0.01608276
-0.11627197
0.01317596
-0.08514404
-0.03265381
-0.07464600
0.25952148
-0.09423828
0.27416992
0.26611328
-0.17272949
-0.34179688
0.47631836
-0.25024414
0.46899414
0.40136719
-0.35791016
-0.26025391
0.46289062
-0.31396484
-0.22033691
0.13098145
-0.10180664
-0.67089844
-0.50927734
-0.82373047
-0.06250000
-0.54785156
0.89990234
0.98193359
0.40502930
-0.14025879
-0.08996582
0.09216309
-0.07995605
-0.01931763
0.06738281
-0.00932312
0.61132812
0.34667969
-0.08129883
-0.23315430
0.35498047
0.29443359
-0.05923462
0.35620117
0.00854492
-0.22766113
-0.17456055
0.40454102
-0.22949219
-0.26928711
0.24853516
-0.27880859
-0.63330078
-0.21105957
0.15246582
-0.35791016
-0.25048828
0.07434082
-0.65185547
0.82666016
-0.53906250
-0.14355469
-0.16088867
-0.08715820
-0.04943848
-0.08026123
0.00292969
-0.06042480
-0.40722656
-0.43554688
0.50927734
0.36621094
-0.20837402
-0.32055664
0.36840820
-0.27197266
0.37792969
0.37646484
-0.38574219
-0.17724609
0.45703125
-0.28417969
-0.09851074
0.03503418
-0.13378906
-0.81494141
-0.66748047
-0.64599609
-0.35937500
-0.49218750
0.77685547
1.29492188
0.47607422
-0.34326172
-0.26586914
-0.04565430
-0.19555664
-0.00136566
0.15917969
-0.08642578
0.74414062
0.39868164
0.00512695
-0.25927734
0.35449219
0.14721680
0.05914307
0.20751953
0.07678223
-0.14282227
-0.08520508
0.40625000
-0.35717773
-0.18090820
0.33251953
-0.28686523
-0.59912109
-0.13989258
0.35888672
-0.30493164
-0.11376953
0.11145020
-0.57031250
0.93750000
-0.92675781
-0.15612793
0.03771973
-0.22558594
0.05776978
-0.15539551
-0.08026123
-0.14672852
-0.80859375
-0.59765625
0.33154297
0.47314453
-0.44433594
-0.37036133
0.39770508
-0.43896484
0.47314453
0.55957031
-0.56396484
-0.18859863
0.43750000
-0.34912109
0.02819824
-0.01928711
-0.19323730
-0.73974609
-0.54833984
-0.95361328
-0.20861816
-0.61523438
0.94824219
1.16796875
0.24499512
0.08251953
0.16210938
-0.00047302
0.17224121
0.08233643
-0.16235352
0.09661865
-0.02423096
-0.15991211
0.43627930
0.12298584
0.11804199
-0.08886719
0.25292969
0.10742188
0.22912598
-0.13830566
-0.03564453
0.51025391
-0.37036133
-0.21240234
0.39111328
-0.31542969
-0.60302734
-0.11151123
0.23461914
-0.29199219
-0.13159180
0.13256836
-0.78173828
0.81250000
-0.60937500
0.02490234
0.05279541
0.17626953
-0.03479004
0.17004395
0.08355713
0.15502930
-0.23181152
-0.22290039
0.14123535
0.18090820
-0.14916992
-0.27661133
0.31250000
-0.17077637
0.29028320
0.24291992
-0.18005371
-0.30419922
0.42016602
-0.21643066
-0.23400879
0.17016602
-0.02111816
-0.50146484
-0.39404297
-0.68554688
0.10321045
-0.53271484
0.81152344
0.82861328
0.27612305
0.11425781
0.15258789
0.13671875
0.16149902
0.13000488
-0.15979004
0.14819336
-0.23095703
-0.08483887
0.08416748
-0.04125977
0.11724854
0.08770752
0.01800537
0.23901367
0.03698730
-0.09820557
-0.19128418
0.27416992
-0.08721924
-0.29882812
0.11712646
-0.15246582
-0.46289062
-0.17822266
0.08581543
-0.31469727
-0.23278809
0.07507324
-0.58447266
0.68310547
-0.32763672
-0.11267090
-0.13220215
0.16064453
-0.13952637
0.16040039
0.14624023
0.15930176
0.26879883
0.08801270
-0.17382812
0.16503906
-0.40649414
-0.41796875
0.36450195
-0.41625977
0.41406250
0.50488281
-0.37792969
-0.30664062
0.48364258
-0.31713867
-0.26440430
0.15893555
-0.03344727
-0.55712891
-0.47949219
-0.82226562
-0.07025146
-0.57568359
0.88867188
0.88623047
0.38134766
-0.07592773
-0.02951050
0.08648682
-0.02014160
0.01182556
0.01227570
0.02059937
-0.56298828
-0.34301758
0.27050781
0.34472656
-0.12817383
-0.14257812
0.30810547
0.11712646
0.24768066
-0.05334473
-0.24169922
0.41503906
-0.20422363
-0.29785156
0.20922852
-0.27929688
-0.57519531
-0.23413086
0.09912109
-0.36328125
-0.27246094
0.09204102
-0.64355469
0.76904297
-0.46118164
-0.14086914
-0.13537598
-0.02552795
-0.05813599
-0.01998901
0.02871704
-0.00921631
0.81640625
0.39184570
-0.33398438
0.20849609
-0.36840820
-0.22863770
0.18164062
-0.31176758
0.28051758
0.35351562
-0.32666016
-0.24487305
0.45361328
-0.22827148
-0.06372070
0.04553223
-0.09667969
-0.77001953
-0.64501953
-0.64013672
-0.35229492
-0.52734375
0.80419922
1.37597656
0.43359375
-0.24414062
-0.15380859
-0.04309082
-0.07989502
0.07318115
0.04898071
-0.01531219
-0.19653320
-0.49682617
0.41210938
0.39355469
-0.09033203
-0.19128418
0.27465820
-0.00885010
0.21691895
-0.01354980
-0.13635254
0.32910156
-0.21875000
-0.21691895
0.32861328
-0.23303223
-0.52539062
-0.12988281
0.32714844
-0.29003906
-0.08624268
0.12927246
-0.61523438
0.94775391
-0.96435547
-0.12573242
0.08093262
-0.10723877
0.02752686
-0.03726196
-0.01760864
-0.04037476
0.34130859
0.29101562
-0.22412109
-0.01416016
-0.26269531
-0.34619141
0.30566406
-0.39868164
0.37231445
0.44824219
-0.30664062
-0.36743164
0.51220703
-0.28564453
-0.27783203
0.17944336
-0.03295898
-0.61669922
-0.50488281
-0.84521484
0.01849365
-0.63720703
0.96972656
0.95703125
0.37646484
0.03308105
0.07434082
0.13928223
0.08154297
0.08502197
-0.08441162
0.09973145
0.37182617
-0.01837158
0.04934692
0.27709961
-0.20434570
-0.24108887
0.33691406
0.11523438
0.23168945
-0.03515625
-0.27026367
0.35253906
-0.13793945
-0.33569336
0.18627930
-0.25415039
-0.61035156
-0.24328613
0.10485840
-0.39355469
-0.29077148
0.09240723
-0.69628906
0.82421875
-0.42749023
-0.15478516
-0.17077637
0.07946777
-0.12158203
0.08099365
0.10443115
0.08612061
-0.43725586
0.84765625
-1.08593750
-0.43017578
-0.50244141
-0.02471924
-0.09558105
-0.38793945
0.29687500
0.74853516
-1.04296875
-0.11077881
0.53906250
-0.39306641
0.35864258
-0.27319336
-0.34033203
-1.15722656
-0.95312500
-0.66748047
-1.13183594
-0.57324219
0.77539062
1.89062500
0.55664062
-0.77685547
-0.64062500
-0.30493164
-0.48120117
-0.10906982
0.40966797
-0.30224609
1.57324219
0.88867188
-0.48583984
0.80761719
-0.55664062
-0.30444336
0.51953125
-0.39721680
0.48632812
0.07275391
0.03710938
0.71826172
-0.74218750
-0.11169434
0.84667969
-0.50097656
-0.71191406
-0.00674438
0.63378906
-0.21081543
0.13366699
0.17602539
-0.65087891
1.15136719
-1.72656250
-0.07714844
0.34130859
-0.54003906
0.29711914
-0.38720703
-0.29956055
-0.38964844
-0.56201172
0.00677490
-0.13195801
-0.31616211
0.07470703
-0.01538086
0.02496338
-0.30126953
0.20068359
0.40942383
-0.29907227
-0.34692383
0.46337891
-0.23608398
-0.14331055
0.07403564
-0.10119629
-0.60058594
-0.42846680
-0.92431641
-0.02870178
-0.58300781
0.91796875
1.00878906
0.23999023
0.05499268
0.12152100
0.02505493
0.12030029
0.04391479
-0.10955811
0.06848145
0.16748047
0.40673828
-0.30102539
0.09472656
-0.33374023
-0.31591797
0.34741211
-0.12597656
0.35986328
0.09838867
-0.23840332
0.30102539
-0.11791992
-0.27929688
0.20581055
-0.21777344
-0.54492188
-0.14611816
0.15466309
-0.31689453
-0.14782715
0.09228516
-0.75000000
0.71923828
-0.47485352
-0.00376892
-0.00895691
0.12432861
-0.03894043
0.11096191
0.06201172
0.10455322
-0.43847656
-0.20166016
-0.01208496
-0.28588867
0.03631592
-0.02856445
0.02053833
-0.34301758
0.22949219
0.40527344
-0.23327637
-0.34619141
0.42211914
-0.22143555
-0.20422363
0.12988281
-0.02795410
-0.55615234
-0.45434570
-0.76318359
-0.02471924
-0.56982422
0.88964844
0.94628906
0.32910156
0.00761414
0.05703735
0.09667969
0.06372070
0.06274414
-0.06597900
0.07446289
-0.34814453
0.29101562
-0.27636719
0.04650879
-0.30468750
-0.35229492
0.38842773
-0.11236572
0.32763672
0.06506348
-0.26245117
0.23803711
-0.01428223
-0.30371094
0.17395020
-0.21997070
-0.53222656
-0.21057129
0.09704590
-0.35498047
-0.21972656
0.07971191
-0.64746094
0.76855469
-0.46777344
-0.10626221
-0.11499023
0.06286621
-0.08605957
0.06228638
0.07666016
0.06677246
0.11938477
-0.22583008
0.18188477
-0.26660156
0.18554688
0.00280762
-0.02444458
-0.39208984
0.22656250
0.44921875
-0.26196289
-0.39843750
0.54492188
-0.27978516
-0.32958984
0.21899414
0.01367188
-0.51660156
-0.47509766
-0.73925781
-0.07122803
-0.48876953
0.78417969
0.67089844
0.38916016
-0.12573242
-0.10461426
0.08874512
-0.09417725
-0.03033447
0.07989502
-0.02059937
-0.47045898
-0.05090332
-0.13635254
-0.12597656
-0.29492188
-0.43188477
0.46752930
-0.13354492
0.38378906
0.15527344
-0.35839844
0.36035156
-0.19897461
-0.34960938
0.14843750
-0.26000977
-0.57812500
-0.27880859
0.07995605
-0.37133789
-0.28686523
0.06213379
-0.51367188
0.68505859
-0.36083984
-0.16296387
-0.16638184
-0.10162354
-0.04302979
-0.09136963
-0.00704956
-0.07434082
0.58007812
-0.27148438
0.24365234
-0.27441406
0.23486328
0.09295654
-0.10180664
-0.37109375
0.19921875
0.44555664
-0.27587891
-0.41821289
0.62011719
-0.28173828
-0.29638672
0.17370605
-0.04052734
-0.74609375
-0.62451172
-0.74951172
-0.19848633
-0.54492188
0.84619141
0.99365234
0.50292969
-0.28247070
-0.24072266
0.04986572
-0.20373535
-0.04199219
0.17419434
-0.07879639
-0.26904297
-0.17871094
-0.13549805
-0.18139648
-0.29663086
-0.43188477
0.45361328
-0.17822266
0.39599609
0.17016602
-0.36450195
0.35449219
-0.23095703
-0.33642578
0.23120117
-0.30273438
-0.69921875
-0.27539062
0.20971680
-0.39501953
-0.25415039
0.07250977
-0.56298828
0.87646484
-0.64160156
-0.21008301
-0.12683105
-0.22448730
0.00009155
-0.18359375
-0.06231689
-0.16235352
0.86865234
-0.14160156
0.59130859
-0.23925781
0.39501953
0.30566406
-0.29785156
-0.18334961
0.03955078
0.37866211
-0.22509766
-0.34057617
0.52490234
-0.22485352
-0.13464355
0.04333496
-0.11193848
-0.84375000
-0.68652344
-0.68896484
-0.42480469
-0.45361328
0.79248047
1.38867188
0.53222656
-0.53417969
-0.43823242
-0.11694336
-0.36450195
-0.12091064
0.31958008
-0.21154785
0.58056641
-0.67724609
0.03955078
-0.45068359
-0.18847656
-0.23889160
0.28833008
-0.35400391
0.44897461
0.23034668
-0.31372070
0.25439453
-0.14416504
-0.23461914
0.33715820
-0.30468750
-0.66210938
-0.20056152
0.33862305
-0.32861328
-0.09118652
0.09179688
-0.58593750
1.00878906
-1.08984375
-0.13208008
0.07171631
-0.39941406
0.15100098
-0.32470703
-0.19885254
-0.30346680
-0.02972412
0.06958008
0.02340698
-0.01339722
0.22021484
0.17053223
-0.13293457
-0.37597656
0.17883301
0.32617188
-0.12792969
-0.47070312
0.53417969
-0.22668457
-0.34497070
0.28027344
0.06311035
-0.42382812
-0.40673828
-0.74902344
0.10681152
-0.54296875
0.83789062
0.57763672
0.28710938
0.09790039
0.11340332
0.14160156
0.10534668
0.05957031
-0.10052490
0.10058594
0.21020508
-0.03854370
0.06323242
-0.16271973
-0.06896973
-0.34204102
0.42431641
-0.15136719
0.34008789
0.16418457
-0.36303711
0.27807617
-0.09375000
-0.41406250
0.10253906
-0.18762207
-0.51074219
-0.28588867
-0.00671387
-0.36718750
-0.33178711
0.07617188
-0.55859375
0.62500000
-0.18041992
-0.11230469
-0.18127441
0.10839844
-0.12152100
0.09533691
0.10534668
0.09930420
-1.36914062
1.17187500
0.33300781
0.35571289
0.73535156
0.38623047
-0.56542969
0.10107422
-0.10559082
0.56738281
-0.86621094
-0.22497559
0.57031250
-0.31201172
0.24572754
-0.23413086
-0.21997070
-0.98095703
-0.88964844
-0.45483398
-1.03515625
-0.42358398
0.65136719
1.75683594
0.52880859
-0.67187500
-0.54589844
-0.27832031
-0.39086914
-0.03387451
0.32299805
-0.23718262
0.85595703
-0.23925781
1.08300781
-0.82617188
0.01660156
0.06927490
0.05249023
-0.58251953
0.55664062
0.42285156
-0.32031250
0.55957031
-0.50390625
-0.09558105
0.82226562
-0.47167969
-0.57910156
-0.06542969
0.52734375
-0.17846680
0.10131836
0.18029785
-0.54003906
1.09570312
-1.60156250
-0.09222412
0.34228516
-0.44799805
0.25341797
-0.29541016
-0.23901367
-0.30468750
-0.26684570
0.16430664
0.00137329
0.10614014
0.20275879
0.29541016
-0.24719238
-0.25683594
0.07281494
0.26416016
-0.02474976
-0.44140625
0.43334961
-0.15490723
-0.29174805
0.23608398
0.05517578
-0.43969727
-0.37719727
-0.76416016
0.14233398
-0.57373047
0.88085938
0.71240234
0.26269531
0.17871094
0.21093750
0.16186523
0.19995117
0.12005615
-0.18957520
0.16540527
-0.10046387
0.04306030
0.11047363
-0.13659668
0.07604980
-0.15893555
0.28662109
-0.23486328
0.34033203
0.17187500
-0.31103516
0.12792969
0.07666016
-0.38842773
0.06262207
-0.13732910
-0.47485352
-0.25415039
-0.00219727
-0.37304688
-0.27709961
0.06518555
-0.60693359
0.66503906
-0.22485352
-0.09924316
-0.17016602
0.20703125
-0.15966797
0.18652344
0.16430664
0.18627930
-0.20776367
0.32153320
-0.83300781
0.85400391
0.58300781
0.31176758
-0.54833984
0.25097656
-0.21411133
0.49780273
-0.82470703
-0.27148438
0.60156250
-0.30712891
0.21630859
-0.22143555
-0.20825195
-0.97998047
-0.89550781
-0.45336914
-1.03613281
-0.42456055
0.65283203
1.75390625
0.53222656
-0.67187500
-0.54589844
-0.27783203
-0.39111328
-0.03372192
0.32299805
-0.23706055
-1.60156250
1.15136719
0.76757812
-0.28369141
0.44750977
0.23779297
-0.14782715
-0.53515625
0.52441406
0.50292969
-0.41552734
0.53857422
-0.46704102
-0.11035156
0.83056641
-0.47778320
-0.58300781
-0.08020020
0.51757812
-0.18237305
0.09472656
0.17810059
-0.53808594
1.09960938
-1.59960938
-0.09326172
0.34179688
-0.44824219
0.25317383
-0.29541016
-0.23901367
-0.30468750
0.77783203
-0.30468750
-0.73535156
0.61621094
0.29223633
0.23315430
-0.37500000
0.13623047
-0.16918945
0.28662109
-0.45825195
-0.37280273
0.63037109
-0.23437500
0.00073242
-0.03356934
-0.11950684
-0.86669922
-0.78613281
-0.60302734
-0.64404297
-0.46582031
0.72851562
1.53222656
0.45214844
-0.38598633
-0.28515625
-0.13842773
-0.17199707
0.05529785
0.12805176
-0.08300781
-0.75146484
0.75488281
0.19714355
0.00708008
0.41748047
0.16955566
-0.08807373
-0.35083008
0.37817383
0.38916016
-0.38647461
0.38134766
-0.30224609
-0.22082520
0.52099609
-0.32690430
-0.55175781
-0.13671875
0.41723633
-0.23461914
-0.00439453
0.18066406
-0.60498047
0.99951172
-1.21484375
-0.10748291
0.20263672
-0.21313477
0.11022949
-0.10577393
-0.08850098
-0.11566162
0.35595703
-0.17602539
-0.14868164
0.19531250
0.03579712
0.33959961
-0.39038086
-0.12396240
-0.06774902
0.23999023
-0.05432129
-0.51953125
0.54931641
-0.16931152
-0.29345703
0.23242188
0.01647949
-0.56738281
-0.46386719
-0.86035156
0.01419067
-0.59667969
0.91601562
0.78222656
0.29736328
0.10058594
0.14196777
0.12890625
0.13720703
0.07305908
-0.13049316
0.11663818
0.07818604
0.09375000
-0.04537964
0.09582520
0.25146484
0.07800293
0.10961914
-0.34155273
0.38549805
0.29711914
-0.38159180
0.15612793
0.00512695
-0.43139648
0.12402344
-0.19140625
-0.60009766
-0.27832031
0.05554199
-0.39941406
-0.27075195
0.07458496
-0.63671875
0.71630859
-0.31445312
-0.09228516
-0.14880371
0.14086914
-0.11975098
0.12475586
0.11749268
0.12866211
0.07458496
-0.18286133
-0.07983398
0.11950684
-0.06567383
0.33862305
-0.42846680
-0.04171753
-0.12048340
0.26367188
-0.00280762
-0.41796875
0.45800781
-0.16845703
-0.27172852
0.16955566
0.01135254
-0.53076172
-0.42822266
-0.72656250
0.00473022
-0.43652344
0.78222656
0.75488281
0.34179688
-0.13671875
-0.11254883
0.08172607
-0.11315918
-0.06268311
0.10290527
-0.04010010
0.45312500
-0.11138916
-0.15417480
0.21508789
0.30004883
0.22094727
-0.01383209
-0.38647461
0.39086914
0.32055664
-0.35986328
0.10327148
0.03637695
-0.32910156
0.11785889
-0.23034668
-0.57568359
-0.26708984
0.08105469
-0.36181641
-0.23620605
0.05078125
-0.55468750
0.68896484
-0.38281250
-0.11834717
-0.16845703
-0.11669922
-0.03053284
-0.11804199
-0.02577209
-0.09625244
-0.38281250
-0.40502930
-0.23181152
0.21020508
-0.04370117
0.11871338
-0.16503906
0.08044434
-0.17041016
0.06137085
0.20410156
-0.29785156
0.28271484
-0.03167725
-0.21337891
0.13940430
0.05712891
-0.49658203
-0.43261719
-0.52783203
0.08892822
-0.42236328
0.75292969
1.11328125
0.30688477
0.01971436
0.09338379
0.07019043
0.12060547
0.13391113
-0.12585449
0.11499023
0.61230469
-0.37255859
-0.35888672
0.27246094
0.25317383
0.18481445
-0.07739258
-0.18420410
0.19433594
0.15515137
-0.14624023
-0.10369873
0.25073242
-0.25292969
0.06079102
-0.07525635
-0.35498047
-0.19714355
0.13940430
-0.30615234
-0.13342285
0.07421875
-0.55859375
0.80810547
-0.58447266
-0.09564209
-0.03216553
0.11291504
-0.08837891
0.13171387
0.10827637
0.12719727
-0.49169922
0.07952881
0.10937500
-0.06579590
-0.22253418
0.16589355
-0.38110352
0.08679199
-0.20849609
0.18786621
0.07666016
-0.41552734
0.38452148
-0.12597656
-0.29565430
0.21093750
0.07714844
-0.47192383
-0.42919922
-0.71337891
0.04663086
-0.53710938
0.87841797
0.81689453
0.34863281
-0.02651978
0.01419067
0.09796143
0.01141357
0.01824951
-0.01377869
0.03845215
-0.08898926
-0.28686523
-0.19458008
0.26538086
0.20825195
0.35864258
-0.17260742
-0.37841797
0.34887695
0.34082031
-0.33349609
0.01013184
0.17529297
-0.35571289
0.08245850
-0.18493652
-0.51367188
-0.29345703
0.01892090
-0.40502930
-0.26123047
0.04504395
-0.57910156
0.75585938
-0.38623047
-0.11553955
-0.14355469
0.01115417
-0.07183838
0.00489426
0.04565430
0.01571655
-0.37011719
0.41015625
0.32495117
-0.12890625
-0.27050781
0.06811523
-0.26367188
0.14282227
-0.21691895
0.11785889
-0.02624512
-0.39379883
0.52539062
-0.13110352
-0.21813965
0.13012695
0.02136230
-0.71582031
-0.66796875
-0.55175781
-0.27319336
-0.46875000
0.75732422
1.21777344
0.46679688
-0.25830078
-0.18798828
-0.02067566
-0.12365723
0.04489136
0.09277344
-0.03738403
-0.66699219
-0.37841797
-0.33447266
0.39160156
0.24926758
0.31982422
-0.20776367
-0.26855469
0.26049805
0.32128906
-0.33642578
0.08203125
0.03930664
-0.28076172
0.23217773
-0.21423340
-0.53759766
-0.25903320
0.25073242
-0.33886719
-0.13720703
0.09497070
-0.51318359
0.93750000
-0.84521484
-0.16088867
0.02941895
-0.15051270
0.02304077
-0.08624268
-0.03430176
-0.08264160
0.46313477
0.59033203
0.54052734
-0.46484375
-0.45751953
-0.18334961
-0.18872070
0.37744141
-0.43652344
0.13598633
-0.18139648
-0.51464844
0.57275391
-0.20507812
-0.11645508
0.06860352
-0.06311035
-0.71289062
-0.57226562
-0.92480469
-0.19946289
-0.62109375
0.97705078
1.14453125
0.25756836
0.08221436
0.16137695
-0.00205994
0.17248535
0.08148193
-0.16259766
0.09619141
-0.66308594
0.18359375
0.08947754
0.15136719
-0.04492188
0.33349609
-0.43164062
-0.24804688
0.29248047
0.56054688
-0.53515625
0.17675781
-0.02197266
-0.35327148
0.37451172
-0.30834961
-0.62988281
-0.22607422
0.16833496
-0.37500000
-0.14526367
0.10180664
-0.74560547
0.84423828
-0.60449219
0.02618408
0.05468750
0.17639160
-0.03363037
0.17041016
0.08294678
0.15527344
0.65039062
0.21289062
0.24658203
-0.36791992
-0.34497070
-0.19580078
-0.14282227
0.29052734
-0.37109375
0.08276367
-0.00317383
-0.42724609
0.42993164
-0.10931396
-0.18432617
0.11047363
-0.02172852
-0.59521484
-0.45068359
-0.88085938
-0.05325317
-0.56689453
0.93847656
1.02343750
0.27856445
-0.02615356
0.04391479
0.01370239
0.04232788
0.00168800
-0.03649902
0.02059937
0.03112793
0.37426758
0.24914551
-0.07989502
-0.18603516
0.30029297
-0.35839844
-0.21411133
0.21850586
0.42626953
-0.38061523
0.00927734
0.13000488
-0.32714844
0.18432617
-0.20434570
-0.57080078
-0.22485352
0.11694336
-0.37890625
-0.13879395
0.06579590
-0.71972656
0.77246094
-0.53222656
-0.01136017
-0.01983643
0.04510498
-0.01315308
0.03427124
0.01850891
0.03457642
0.25683594
0.02233887
0.17895508
-0.23327637
-0.20629883
-0.08203125
-0.14050293
0.12780762
-0.20434570
0.09130859
0.12280273
-0.28369141
0.17150879
0.01208496
-0.15063477
0.11694336
0.03540039
-0.39770508
-0.26123047
-0.70214844
0.30883789
-0.56396484
0.89648438
0.92480469
0.16271973
0.29248047
0.35229492
0.15332031
0.33715820
0.19677734
-0.31445312
0.24035645
0.38037109
0.37231445
0.19873047
0.00164795
-0.03552246
0.19201660
-0.18298340
-0.18859863
0.16564941
0.20263672
-0.14489746
-0.16235352
0.30371094
-0.28198242
0.06066895
-0.04278564
-0.35327148
-0.16870117
0.00341797
-0.33813477
-0.14257812
0.04528809
-0.68017578
0.67480469
-0.31958008
-0.02032471
-0.10345459
0.35107422
-0.18481445
0.32177734
0.22814941
0.30541992
-0.27880859
-0.25048828
0.01562500
-0.23510742
-0.21374512
-0.18457031
-0.10528564
0.20800781
-0.27343750
0.08148193
0.22827148
-0.29199219
0.19787598
-0.00939941
-0.23669434
0.16088867
0.07116699
-0.43188477
-0.32006836
-0.65087891
0.24987793
-0.48242188
0.85156250
0.84130859
0.27539062
0.05523682
0.10192871
0.13916016
0.08831787
0.05743408
-0.08245850
0.09313965
0.49658203
0.23327637
0.26269531
-0.13696289
-0.14208984
0.24182129
-0.27905273
-0.20935059
0.16943359
0.24462891
-0.12951660
-0.18310547
0.32592773
-0.29541016
0.02258301
-0.09161377
-0.43334961
-0.24511719
0.01770020
-0.37817383
-0.17541504
0.00671387
-0.58447266
0.70947266
-0.35229492
-0.08642578
-0.17346191
0.09362793
-0.11761475
0.07556152
0.09747314
0.08312988
-0.23376465
-0.08178711
-0.00921631
-0.11682129
-0.20129395
-0.23120117
-0.14355469
0.26098633
-0.29077148
0.07806396
0.11468506
-0.46459961
0.47265625
-0.07641602
-0.32128906
0.25756836
0.10595703
-0.46484375
-0.43261719
-0.63671875
0.03805542
-0.52636719
0.80908203
0.69824219
0.38818359
-0.10437012
-0.08636475
0.11431885
-0.07623291
-0.00878143
0.06237793
0.00042725
0.02989197
0.01052856
0.06323242
-0.11376953
-0.17272949
0.32080078
-0.41650391
-0.31176758
0.25122070
0.38452148
-0.34301758
-0.03527832
0.13854980
-0.40527344
0.04107666
-0.16040039
-0.53906250
-0.32226562
-0.00354004
-0.40869141
-0.30053711
0.03381348
-0.48999023
0.72265625
-0.36425781
-0.16845703
-0.19152832
-0.08386230
-0.06744385
-0.07360840
0.01446533
-0.05615234
-0.48925781
-0.39843750
-0.35180664
-0.13867188
-0.14294434
-0.25415039
0.03985596
0.26196289
-0.30908203
-0.04174805
0.10668945
-0.44165039
0.52050781
-0.08142090
-0.25634766
0.16931152
0.06311035
-0.66308594
-0.63720703
-0.59912109
-0.24096680
-0.49853516
0.78808594
1.14746094
0.45361328
-0.23876953
-0.17407227
-0.00514221
-0.10839844
0.04922485
0.07794189
-0.02394104
-0.48120117
-0.27661133
0.23522949
-0.34423828
-0.27514648
0.12207031
-0.29907227
-0.08843994
0.08422852
0.31616211
-0.31274414
-0.02893066
0.14257812
-0.34057617
0.17102051
-0.19079590
-0.52929688
-0.28833008
0.19714355
-0.36425781
-0.16406250
0.09130859
-0.52539062
0.91015625
-0.79443359
-0.15954590
0.00982666
-0.13525391
0.00901031
-0.07147217
-0.02090454
-0.06781006
0.14794922
0.08563232
-0.12976074
0.21606445
0.12988281
-0.42138672
0.13122559
0.41455078
-0.43994141
-0.08654785
0.15991211
-0.53857422
0.52734375
-0.10644531
-0.32910156
0.27246094
0.12353516
-0.39770508
-0.42919922
-0.72802734
0.01165771
-0.52587891
0.83593750
0.60449219
0.30712891
0.00631714
0.03225708
0.07745361
0.02413940
-0.00066614
-0.02201843
0.03004456
-0.35449219
-0.18847656
-0.15185547
-0.20361328
-0.33056641
0.06396484
-0.47363281
-0.12695312
0.10778809
0.47241211
-0.42480469
-0.01672363
0.13452148
-0.43603516
0.06347656
-0.18920898
-0.51318359
-0.33007812
-0.02270508
-0.41845703
-0.29882812
0.05017090
-0.52050781
0.65625000
-0.25219727
-0.08947754
-0.12182617
0.02587891
-0.05548096
0.01399231
0.03558350
0.02185059
0.48828125
0.20654297
-0.07257080
0.27441406
0.20068359
-0.43798828
0.19763184
0.40283203
-0.42773438
-0.07080078
0.19873047
-0.45166016
0.45068359
-0.07653809
-0.30273438
0.21752930
0.09472656
-0.50976562
-0.48144531
-0.71875000
-0.05407715
-0.45239258
0.81835938
0.76220703
0.36572266
-0.15808105
-0.13378906
0.08947754
-0.13305664
-0.05087280
0.11987305
-0.04382324
-0.07519531
-0.11297607
-0.19616699
-0.13549805
-0.31103516
-0.03210449
-0.41699219
-0.07232666
0.06646729
0.44140625
-0.33764648
-0.08544922
0.18945312
-0.38085938
0.08398438
-0.19970703
-0.54785156
-0.32153320
0.06933594
-0.40332031
-0.23181152
0.05664062
-0.55664062
0.71875000
-0.41259766
-0.14318848
-0.17980957
-0.13867188
-0.03475952
-0.13354492
-0.02780151
-0.11114502
0.31201172
0.17517090
-0.17639160
0.09503174
0.02258301
-0.30590820
0.06774902
0.25976562
-0.26123047
-0.02792358
0.24426270
-0.33300781
0.32617188
0.03161621
-0.30273438
0.23706055
0.14624023
-0.41333008
-0.41284180
-0.49487305
0.18481445
-0.42968750
0.73339844
0.81152344
0.33764648
0.03475952
0.06420898
0.14282227
0.08435059
0.12194824
-0.09277344
0.11657715
0.18041992
-0.15478516
-0.07482910
-0.20397949
-0.22546387
0.03598022
-0.29785156
-0.13269043
0.07305908
0.21899414
-0.09332275
-0.19213867
0.27783203
-0.33740234
-0.06262207
-0.04806519
-0.37768555
-0.28808594
0.03857422
-0.35693359
-0.23937988
0.05407715
-0.46997070
0.73144531
-0.36181641
-0.16674805
-0.15185547
0.07562256
-0.13256836
0.09259033
0.11889648
0.09722900
-0.04486084
0.15222168
0.09179688
0.25683594
0.32617188
-0.37500000
0.31298828
0.40429688
-0.43212891
-0.16528320
0.25219727
-0.50634766
0.49951172
-0.03991699
-0.35205078
0.28125000
0.14672852
-0.47705078
-0.47436523
-0.75781250
0.06011963
-0.55957031
0.88916016
0.73046875
0.34472656
0.06787109
0.09545898
0.15307617
0.09307861
0.08459473
-0.09332275
0.10827637
0.39160156
0.13403320
-0.14099121
0.07812500
-0.11968994
-0.20764160
-0.33056641
0.02270508
-0.02722168
0.41943359
-0.33032227
-0.15051270
0.24975586
-0.44702148
-0.01329041
-0.15136719
-0.53857422
-0.35302734
0.01086426
-0.45703125
-0.29882812
0.05627441
-0.56445312
0.73242188
-0.28271484
-0.15759277
-0.18811035
0.09326172
-0.13281250
0.08770752
0.11322021
0.09466553
-0.74951172
0.03314209
0.48242188
0.35424805
0.45654297
-0.10064697
0.46166992
0.32958984
-0.48193359
-0.28247070
0.13195801
-0.54150391
0.55126953
-0.11621094
-0.18090820
0.10900879
-0.00024414
-0.69433594
-0.58105469
-0.90771484
-0.19482422
-0.62304688
0.99023438
1.13378906
0.26391602
0.08203125
0.16113281
-0.00279236
0.17260742
0.08111572
-0.16284180
0.09600830
0.30444336
0.61718750
-0.26074219
0.33691406
0.05438232
-0.36718750
-0.09545898
0.30859375
-0.20922852
0.50292969
-0.54931641
-0.04919434
0.15734863
-0.39160156
0.34790039
-0.29663086
-0.63330078
-0.27905273
0.13598633
-0.41357422
-0.15148926
0.08691406
-0.72851562
0.85986328
-0.60156250
0.02680969
0.05557251
0.17639160
-0.03308105
0.17065430
0.08264160
0.15539551
-0.59033203
-0.25122070
0.37158203
0.20642090
0.36987305
-0.14819336
0.42700195
0.34716797
-0.42626953
-0.19396973
0.23730469
-0.38964844
0.32324219
-0.03039551
-0.26367188
0.19482422
0.10656738
-0.53515625
-0.48535156
-0.71972656
-0.03204346
-0.54785156
0.91113281
0.87500000
0.33544922
0.00703430
0.05200195
0.08917236
0.04998779
0.03173828
-0.04925537
0.05722046
-0.40942383
0.37011719
-0.02636719
0.31616211
0.06652832
-0.37060547
-0.11883545
0.21997070
-0.14465332
0.39990234
-0.27954102
-0.17675781
0.28686523
-0.37841797
0.11682129
-0.19799805
-0.55029297
-0.33447266
0.02978516
-0.44091797
-0.22680664
0.03063965
-0.57910156
0.79882812
-0.43164062
-0.08502197
-0.11718750
0.05206299
-0.07324219
0.04257202
0.06033325
0.05023193
0.05334473
-0.39038086
0.26025391
-0.01110840
0.31762695
-0.05883789
0.45312500
0.30273438
-0.40112305
-0.28344727
0.27539062
-0.41943359
0.41748047
-0.04675293
-0.29809570
0.20483398
0.10095215
-0.55908203
-0.52880859
-0.70654297
-0.12915039
-0.48925781
0.84814453
0.91308594
0.41430664
-0.23791504
-0.19152832
0.02905273
-0.17895508
-0.08276367
0.16210938
-0.08831787
-0.68701172
0.02496338
0.22338867
0.37988281
0.24548340
-0.42236328
-0.02270508
0.27734375
-0.22436523
0.39233398
-0.31127930
-0.16406250
0.25512695
-0.37548828
0.11553955
-0.22851562
-0.59228516
-0.34375000
0.08215332
-0.42944336
-0.21789551
0.03613281
-0.55419922
0.82080078
-0.56201172
-0.12475586
-0.10705566
-0.18872070
0.01879883
-0.17614746
-0.07360840
-0.15393066
0.49755859
-0.27758789
0.09527588
-0.11999512
0.18054199
0.01977539
0.41528320
0.28173828
-0.36083984
-0.26806641
0.33056641
-0.37646484
0.30541992
0.00964355
-0.32348633
0.25024414
0.15161133
-0.48242188
-0.45727539
-0.78466797
0.07916260
-0.57031250
0.96533203
0.88769531
0.34863281
0.02444458
0.07397461
0.12268066
0.06756592
0.05444336
-0.06634521
0.07983398
-0.28955078
-0.17712402
0.23608398
0.28662109
0.29150391
-0.41308594
0.00924683
0.26074219
-0.23840332
0.31127930
-0.16674805
-0.26318359
0.35961914
-0.40429688
-0.00606537
-0.14672852
-0.53369141
-0.35327148
0.01293945
-0.47607422
-0.25512695
0.04174805
-0.64111328
0.80957031
-0.38208008
-0.11920166
-0.15783691
0.06945801
-0.10302734
0.05853271
0.08447266
0.06774902
0.81738281
-0.28149414
0.07409668
-0.23376465
0.24963379
0.11981201
0.32495117
0.12744141
-0.28588867
-0.29052734
0.20483398
-0.43017578
0.53662109
-0.06469727
-0.22521973
0.11993408
0.05407715
-0.76416016
-0.74511719
-0.60058594
-0.38085938
-0.49365234
0.79687500
1.31640625
0.42602539
-0.21313477
-0.12841797
-0.05718994
-0.05624390
0.07818604
0.02912903
-0.00828552
0.30615234
-0.62353516
0.59570312
0.44287109
0.35180664
-0.28515625
0.13146973
0.30541992
-0.25415039
0.28173828
-0.36865234
-0.11621094
0.22534180
-0.31054688
0.30419922
-0.23461914
-0.53955078
-0.30712891
0.25537109
-0.35180664
-0.09558105
0.09436035
-0.55175781
0.97558594
-0.92871094
-0.10400391
0.10827637
-0.08190918
0.03390503
-0.01450348
-0.01376343
-0.02148438
-0.00949097
0.12878418
-0.13012695
-0.22949219
0.04290771
0.09759521
0.48950195
0.33349609
-0.39306641
-0.31518555
0.36376953
-0.52880859
0.55859375
0.00756836
-0.36987305
0.31518555
0.15502930
-0.54150391
-0.51855469
-0.79833984
-0.01303101
-0.54150391
0.90771484
0.70947266
0.36865234
-0.12536621
-0.09753418
0.05636597
-0.09820557
-0.07897949
0.09118652
-0.04754639
0.38842773
-0.12103271
0.09265137
0.09875488
0.30322266
-0.41015625
0.08422852
0.29931641
-0.23596191
0.32812500
-0.26171875
-0.26513672
0.30834961
-0.49511719
0.03887939
-0.17382812
-0.64892578
-0.40966797
0.01159668
-0.48779297
-0.30004883
0.02978516
-0.54980469
0.75830078
-0.37377930
-0.09020996
-0.13708496
-0.10174561
-0.01099396
-0.10522461
-0.03506470
-0.08740234
-1.23144531
1.16308594
-1.07910156
-0.90429688
0.02954102
0.28735352
0.21105957
-0.19140625
-0.26806641
-0.60107422
0.20068359
-0.72509766
0.91503906
-0.20837402
-0.15429688
-0.04162598
-0.09930420
-1.12207031
-1.05078125
-0.63281250
-1.13964844
-0.58496094
0.81103516
1.83886719
0.61132812
-0.77490234
-0.64648438
-0.29736328
-0.48388672
-0.10620117
0.41137695
-0.30053711
1.07128906
-0.39453125
0.49975586
0.14025879
0.74902344
-0.10369873
0.48437500
0.52099609
-0.50292969
0.45214844
-1.02441406
0.04959106
0.06323242
-0.35156250
0.90625000
-0.56884766
-0.78271484
-0.28173828
0.45288086
-0.29858398
0.01867676
0.13208008
-0.60595703
1.23144531
-1.70703125
-0.09582520
0.33007812
-0.54394531
0.29223633
-0.38818359
-0.29711914
-0.39062500
-0.62988281
0.48242188
-0.39208984
-0.33349609
-0.06475830
0.19982910
0.18249512
0.05780029
-0.15722656
-0.21508789
0.22680664
-0.24414062
0.29809570
0.02410889
-0.22485352
0.14392090
0.09442139
-0.55175781
-0.52636719
-0.51318359
-0.06106567
-0.44165039
0.72998047
1.10546875
0.37792969
-0.11401367
-0.04428101
0.01081848
0.00552368
0.09429932
-0.02363586
0.03829956
-0.13134766
0.07275391
0.06567383
0.00207520
0.26684570
-0.14111328
0.17041016
0.23144531
-0.22998047
0.13464355
-0.08679199
-0.22265625
0.30688477
-0.25048828
0.06811523
-0.09802246
-0.41992188
-0.27270508
0.14355469
-0.33374023
-0.12866211
0.06445312
-0.50683594
0.84228516
-0.69775391
-0.12084961
0.02059937
-0.01295471
-0.02456665
0.03244019
0.03533936
0.02821350
-0.20141602
0.21215820
-0.30029297
-0.22229004
-0.34375000
0.33422852
0.15698242
-0.06695557
-0.15466309
-0.42138672
0.31005859
-0.39941406
0.37988281
0.00610352
-0.20922852
0.13769531
0.06774902
-0.57519531
-0.50292969
-0.82324219
-0.10870361
-0.59375000
0.95312500
1.01464844
0.23913574
0.11010742
0.17919922
0.01473999
0.18798828
0.09002686
-0.17602539
0.10937500
-0.64160156
0.46313477
-0.31274414
-0.33227539
0.17651367
-0.00134277
0.35253906
0.35888672
-0.41162109
0.20300293
-0.31909180
-0.25000000
0.30639648
-0.37011719
0.20446777
-0.21179199
-0.54785156
-0.29150391
0.07934570
-0.43212891
-0.14257812
0.05993652
-0.66357422
0.79541016
-0.50292969
0.01876831
0.03558350
0.19152832
-0.04916382
0.18334961
0.09649658
0.16857910
0.26074219
-0.04888916
-0.06115723
-0.06939697
-0.25708008
0.34765625
0.20385742
0.03875732
-0.18139648
-0.34765625
0.32568359
-0.29980469
0.24169922
0.07025146
-0.27172852
0.22851562
0.15344238
-0.44873047
-0.42529297
-0.72851562
0.08105469
-0.56982422
0.92285156
0.83056641
0.31250000
0.08911133
0.12866211
0.12536621
0.12481689
0.08489990
-0.12030029
0.11322021
-0.33251953
0.24902344
-0.17077637
-0.21264648
0.08746338
-0.05017090
0.33227539
0.35498047
-0.34692383
0.18701172
-0.10821533
-0.31445312
0.36132812
-0.37939453
-0.01986694
-0.11596680
-0.49951172
-0.33715820
-0.01123047
-0.46191406
-0.24243164
0.03833008
-0.59326172
0.76464844
-0.34399414
-0.10546875
-0.14135742
0.12817383
-0.11773682
0.11627197
0.11383057
0.11853027
0.46704102
-0.23840332
0.14807129
0.11254883
-0.36816406
0.43237305
0.16003418
-0.02337646
-0.15319824
-0.46752930
0.42382812
-0.39941406
0.36328125
0.04602051
-0.34179688
0.28735352
0.18896484
-0.44262695
-0.47070312
-0.79492188
0.00842285
-0.52832031
0.92138672
0.72363281
0.33984375
-0.06103516
-0.03469849
0.09179688
-0.03897095
-0.01820374
0.03436279
0.00424576
0.11059570
0.04690552
-0.16870117
-0.28808594
-0.04083252
0.01782227
0.44018555
0.42114258
-0.44580078
0.17114258
-0.14270020
-0.34350586
0.38500977
-0.44750977
-0.03417969
-0.16247559
-0.54150391
-0.38403320
-0.00036621
-0.49047852
-0.26660156
0.04479980
-0.59423828
0.72802734
-0.33251953
-0.11688232
-0.15954590
-0.03955078
-0.05380249
-0.04391479
0.01463318
-0.03091431
0.34570312
-0.47509766
0.15307617
0.03710938
-0.28295898
0.25170898
0.00851440
-0.08691406
-0.02758789
-0.22998047
0.23559570
-0.14331055
0.17126465
0.07666016
-0.24768066
0.17309570
0.14038086
-0.49707031
-0.48144531
-0.47729492
0.03485107
-0.39453125
0.71826172
1.02441406
0.38476562
-0.12377930
-0.06500244
0.05639648
-0.02944946
0.06240845
0.01220703
0.02844238
0.61230469
0.01977539
-0.34448242
-0.32812500
0.00708008
0.08227539
0.23962402
0.22180176
-0.28735352
0.04986572
0.09155273
-0.29199219
0.36718750
-0.25048828
-0.03320312
-0.07092285
-0.40771484
-0.30932617
0.09851074
-0.36206055
-0.15234375
0.04272461
-0.47021484
0.83251953
-0.60400391
-0.14672852
-0.06137085
-0.04464722
-0.04647827
-0.01210022
0.03114319
-0.00460815
-0.90722656
-0.59082031
1.12011719
0.71240234
-0.67675781
0.12536621
-0.36938477
-0.54296875
0.08251953
-0.69677734
0.46435547
-0.59863281
0.73632812
-0.16735840
-0.22143555
-0.02484131
-0.03277588
-0.93945312
-0.96728516
-0.42773438
-1.04101562
-0.43579102
0.67968750
1.70898438
0.57812500
-0.66943359
-0.55126953
-0.27246094
-0.39331055
-0.03167725
0.32446289
-0.23596191
1.33593750
-1.03906250
-0.16308594
-0.55029297
-0.28662109
0.37182617
0.43164062
0.23388672
-0.56054688
0.12426758
-0.79833984
-0.07153320
0.19335938
-0.28027344
0.82958984
-0.52636719
-0.61816406
-0.28955078
0.36499023
-0.23632812
-0.00061035
0.14868164
-0.50341797
1.16796875
-1.58398438
-0.10778809
0.33276367
-0.45166016
0.24938965
-0.29541016
-0.23718262
-0.30566406
-0.43041992
0.10430908
0.15722656
0.31738281
-0.18286133
0.29394531
-0.10223389
-0.19311523
-0.00866699
-0.45922852
0.41479492
-0.34497070
0.31567383
0.08111572
-0.32153320
0.29077148
0.21166992
-0.33544922
-0.41503906
-0.68212891
0.06616211
-0.51269531
0.85546875
0.68310547
0.32714844
-0.00292969
0.02304077
0.09173584
0.02326965
0.02447510
-0.02532959
0.04217529
-0.02291870
-0.20861816
0.16564941
0.02102661
-0.33349609
0.30004883
0.43652344
0.35571289
-0.44165039
0.03833008
-0.04711914
-0.37500000
0.39941406
-0.41894531
-0.09100342
-0.10620117
-0.43603516
-0.35717773
-0.04345703
-0.45947266
-0.28173828
0.04638672
-0.53320312
0.70166016
-0.29296875
-0.11785889
-0.13317871
0.02192688
-0.06964111
0.01995850
0.04806519
0.02624512
-0.53417969
0.38037109
0.42968750
0.39941406
-0.17944336
0.07904053
-0.13378906
-0.20385742
0.10461426
-0.20800781
0.19030762
-0.06051636
0.04095459
0.10516357
-0.23242188
0.15124512
0.13562012
-0.53417969
-0.51708984
-0.55175781
-0.00413513
-0.43969727
0.80810547
1.20019531
0.36132812
-0.06079102
0.02246094
0.02728271
0.05770874
0.09631348
-0.06793213
0.06555176
-0.64550781
-0.50927734
0.27465820
-0.06970215
-0.24792480
0.22717285
0.15783691
0.11584473
-0.28247070
-0.02539062
0.16552734
-0.31542969
0.38671875
-0.23071289
0.00799561
-0.06408691
-0.39404297
-0.31176758
0.11669922
-0.37670898
-0.11230469
0.06091309
-0.56689453
0.91162109
-0.69726562
-0.08935547
0.00630951
0.04672241
-0.04299927
0.07415771
0.06024170
0.07025146
0.11511230
0.11767578
-0.00889587
0.16796875
-0.05609131
0.23608398
-0.13427734
-0.16418457
-0.03027344
-0.42382812
0.42114258
-0.32910156
0.33740234
0.16149902
-0.35302734
0.33862305
0.24975586
-0.42431641
-0.46630859
-0.75585938
0.11547852
-0.62011719
0.95458984
0.63378906
0.33837891
0.14331055
0.15869141
0.18151855
0.15039062
0.10803223
-0.14538574
0.14550781
-0.24328613
0.02337646
0.09887695
0.09729004
-0.26904297
0.34570312
0.45068359
0.38964844
-0.41601562
0.02709961
-0.01562500
-0.47045898
0.48095703
-0.47119141
-0.12402344
-0.06097412
-0.52246094
-0.42700195
-0.06604004
-0.53222656
-0.32495117
0.02209473
-0.54443359
0.72851562
-0.19714355
-0.15454102
-0.21484375
0.15417480
-0.16418457
0.14160156
0.14941406
0.14440918
0.68798828
0.20800781
-0.22827148
0.13049316
0.14624023
-0.01708984
-0.34619141
-0.35351562
0.15283203
-0.48144531
0.41503906
-0.25683594
0.26806641
0.07806396
-0.31738281
0.24353027
0.18261719
-0.52001953
-0.53369141
-0.67919922
-0.11932373
-0.49023438
0.86181641
0.89794922
0.42187500
-0.23632812
-0.19067383
0.03018188
-0.17907715
-0.08215332
0.16235352
-0.08807373
-0.04107666
0.33129883
0.25610352
0.35717773
-0.37377930
0.42626953
0.29296875
0.20849609
-0.43359375
-0.05053711
-0.02465820
-0.36962891
0.40966797
-0.36987305
0.03851318
-0.18664551
-0.57275391
-0.40039062
0.04040527
-0.47021484
-0.22338867
0.01989746
-0.53320312
0.83789062
-0.55566406
-0.12719727
-0.10852051
-0.18872070
0.01800537
-0.17639160
-0.07318115
-0.15405273
0.13537598
-0.02024841
-0.09985352
0.00317383
0.10662842
0.00909424
-0.20703125
-0.19750977
0.04718018
-0.32202148
0.31225586
-0.19030762
0.14331055
0.16015625
-0.23254395
0.21960449
0.17114258
-0.32348633
-0.33422852
-0.67285156
0.13549805
-0.56347656
0.88232422
0.69140625
0.21630859
0.20483398
0.23461914
0.15234375
0.22778320
0.15283203
-0.21582031
0.18249512
0.17053223
0.13049316
0.01376343
0.16235352
-0.19006348
0.29003906
0.27050781
0.23461914
-0.31079102
-0.01983643
-0.00561523
-0.37573242
0.36181641
-0.33764648
-0.02612305
-0.03656006
-0.35986328
-0.29443359
-0.06079102
-0.42578125
-0.21118164
0.04089355
-0.57324219
0.64306641
-0.23425293
-0.07556152
-0.13964844
0.23474121
-0.16259766
0.22021484
0.17785645
0.21264648
-0.07543945
-0.15844727
-0.30688477
0.08880615
0.07696533
-0.04888916
-0.11035156
-0.13317871
0.11657715
-0.10137939
0.06433105
0.03442383
-0.03918457
0.13500977
-0.18579102
0.14245605
0.14721680
-0.37890625
-0.38916016
-0.41503906
0.15393066
-0.36035156
0.67480469
0.95361328
0.29443359
0.00868225
0.06433105
0.07611084
0.09191895
0.12188721
-0.09893799
0.10089111
0.56933594
0.41845703
0.19055176
0.27001953
-0.19079590
0.17272949
0.07226562
0.05715942
-0.15417480
-0.04199219
0.24487305
-0.28417969
0.34326172
-0.17529297
-0.11450195
0.01278687
-0.26928711
-0.26293945
0.07153320
-0.32031250
-0.10485840
0.04644775
-0.46582031
0.74267578
-0.49584961
-0.10644531
-0.05010986
0.08282471
-0.08703613
0.10467529
0.09655762
0.10211182
-0.70312500
-0.50976562
-0.42529297
-0.11987305
0.22888184
-0.15856934
-0.19287109
-0.21191406
0.19299316
-0.16101074
0.09600830
0.03405762
-0.04589844
0.13452148
-0.21606445
0.15649414
0.16186523
-0.45434570
-0.44677734
-0.49560547
0.09973145
-0.40869141
0.77539062
1.06152344
0.34179688
-0.04910278
0.02085876
0.06256104
0.04797363
0.08868408
-0.05673218
0.06866455
0.27783203
0.17431641
-0.08837891
0.34130859
-0.17175293
0.18640137
0.02444458
0.00445557
-0.19042969
-0.07446289
0.25024414
-0.31152344
0.37670898
-0.20349121
-0.07312012
-0.03140259
-0.35449219
-0.31689453
0.07556152
-0.38012695
-0.11572266
0.03112793
-0.51416016
0.84667969
-0.58447266
-0.10632324
-0.05023193
0.03778076
-0.06530762
0.05941772
0.06652832
0.06085205
-0.49951172
-0.39184570
-0.26562500
-0.18359375
0.27661133
-0.19262695
-0.31591797
-0.27709961
0.12597656
-0.29174805
0.29467773
-0.14575195
0.22436523
0.10791016
-0.30297852
0.22033691
0.20092773
-0.60400391
-0.66210938
-0.47119141
-0.17858887
-0.46435547
0.76269531
1.08886719
0.51513672
-0.28149414
-0.23339844
0.03372192
-0.17321777
0.03735352
0.13708496
-0.04467773
-0.35058594
-0.15441895
-0.22766113
0.29272461
-0.20483398
0.29736328
0.12072754
0.12963867
-0.27783203
-0.07995605
0.06909180
-0.35546875
0.45385742
-0.28857422
-0.01141357
-0.11322021
-0.49877930
-0.41699219
0.11743164
-0.40820312
-0.18774414
0.04528809
-0.44726562
0.94580078
-0.75927734
-0.22839355
-0.06286621
-0.20080566
-0.00689697
-0.13452148
-0.03402710
-0.12298584
0.12854004
0.08428955
0.14868164
-0.29223633
0.34326172
-0.38647461
-0.50634766
-0.45214844
0.30712891
-0.45849609
0.46679688
-0.26171875
0.30322266
0.14892578
-0.35693359
0.33129883
0.25732422
-0.40332031
-0.48583984
-0.69921875
-0.02459717
-0.52929688
0.88964844
0.66943359
0.38037109
-0.13085938
-0.10925293
0.06060791
-0.10906982
-0.06463623
0.10046387
-0.04754639
-0.40014648
-0.20092773
-0.16357422
-0.09606934
0.14147949
0.21166992
-0.01805115
0.03503418
-0.36621094
-0.22778320
0.09704590
-0.49121094
0.49365234
-0.44018555
-0.05514526
-0.13525391
-0.53662109
-0.43896484
-0.05651855
-0.51562500
-0.30664062
0.01733398
-0.50097656
0.75585938
-0.35449219
-0.11706543
-0.14050293
-0.11352539
-0.01494598
-0.11279297
-0.03427124
-0.09515381
0.59228516
0.24401855
0.23498535
-0.30004883
0.32714844
-0.45263672
-0.48559570
-0.44921875
0.36083984
-0.44897461
0.43408203
-0.17980957
0.21838379
0.14392090
-0.34448242
0.30346680
0.25537109
-0.50585938
-0.54296875
-0.70703125
-0.09887695
-0.54541016
0.91210938
0.81103516
0.43823242
-0.17749023
-0.13647461
0.05108643
-0.12988281
-0.05902100
0.11584473
-0.05651855
-0.21093750
-0.24682617
-0.17504883
-0.19616699
0.24169922
0.08776855
-0.13720703
-0.06628418
-0.32714844
-0.24670410
0.11560059
-0.46459961
0.49951172
-0.39892578
-0.04821777
-0.14819336
-0.59570312
-0.46655273
-0.01745605
-0.53515625
-0.27490234
0.00170898
-0.51367188
0.83984375
-0.48046875
-0.14160156
-0.12719727
-0.13708496
-0.00640869
-0.12890625
-0.04309082
-0.11010742
1.36914062
1.21582031
1.13671875
-0.68066406
0.60839844
-0.26147461
-0.26660156
-0.27709961
0.53320312
-0.60791016
0.95312500
-0.57910156
0.75390625
-0.05371094
-0.41723633
0.08740234
0.03460693
-1.07812500
-1.08984375
-0.60937500
-1.13964844
-0.59033203
0.82910156
1.81054688
0.64062500
-0.77392578
-0.64990234
-0.29345703
-0.48559570
-0.10461426
0.41235352
-0.29956055
0.88964844
-0.17761230
-0.35034180
-0.61132812
0.43798828
-0.15771484
-0.45581055
-0.48095703
-0.20092773
-0.44311523
-0.42724609
-0.43920898
0.52294922
-0.40527344
0.81982422
-0.56396484
-0.78808594
-0.42211914
0.35058594
-0.34301758
-0.04260254
0.10815430
-0.58154297
1.27246094
-1.69628906
-0.10571289
0.32397461
-0.54638672
0.28930664
-0.38842773
-0.29565430
-0.39135742
0.00848389
0.28735352
0.28564453
-0.07257080
0.04974365
-0.26489258
-0.28564453
-0.29541016
0.37792969
-0.32788086
0.42773438
-0.16455078
0.20886230
0.19995117
-0.28002930
0.24633789
0.20324707
-0.49487305
-0.48291016
-0.84863281
0.04180908
-0.68359375
1.03808594
0.91455078
0.26733398
0.18469238
0.23828125
0.08306885
0.23901367
0.12854004
-0.22473145
0.16027832
0.45971680
0.18994141
0.11816406
-0.27661133
0.28442383
-0.12115479
-0.23754883
-0.16882324
-0.17041016
-0.30297852
0.10229492
-0.52343750
0.51953125
-0.39721680
-0.00140381
-0.10058594
-0.52685547
-0.38574219
-0.01257324
-0.53515625
-0.21862793
0.02441406
-0.66406250
0.80712891
-0.38134766
-0.03295898
-0.04534912
0.24560547
-0.11071777
0.23095703
0.15002441
0.21667480
-0.35937500
-0.02597046
0.03713989
0.10058594
0.00384521
-0.43432617
-0.41674805
-0.43945312
0.41333008
-0.39648438
0.42724609
-0.15258789
0.23278809
0.19824219
-0.34863281
0.34545898
0.28491211
-0.42407227
-0.51367188
-0.69531250
-0.02389526
-0.51025391
0.88281250
0.63916016
0.38745117
-0.11413574
-0.09899902
0.08923340
-0.10687256
-0.06494141
0.09887695
-0.03869629
0.17065430
0.17517090
0.16516113
-0.25732422
0.36279297
-0.16943359
-0.32641602
-0.16857910
-0.24926758
-0.33642578
0.19628906
-0.51611328
0.52685547
-0.41601562
-0.11151123
-0.10949707
-0.55957031
-0.47558594
-0.05468750
-0.53466797
-0.31274414
0.01440430
-0.48828125
0.75390625
-0.31127930
-0.13586426
-0.18395996
-0.10870361
-0.03491211
-0.11437988
-0.02310181
-0.09307861
-0.58837891
-0.21569824
0.00836182
0.21911621
-0.12225342
-0.33471680
-0.26708984
-0.34277344
0.46630859
-0.33715820
0.37744141
-0.07971191
0.10961914
0.20410156
-0.34350586
0.31005859
0.27954102
-0.46777344
-0.52880859
-0.73828125
-0.00547791
-0.57519531
0.98681641
0.89257812
0.41577148
-0.08056641
-0.03494263
0.08764648
-0.02690125
0.01181030
0.01834106
0.01763916
-0.31445312
0.32031250
0.32226562
-0.30004883
0.38281250
-0.30395508
-0.40625000
-0.28393555
-0.14550781
-0.37158203
0.23937988
-0.51269531
0.53320312
-0.38891602
-0.09191895
-0.11328125
-0.54541016
-0.46386719
-0.03198242
-0.55419922
-0.27587891
0.02148438
-0.58886719
0.87792969
-0.47460938
-0.14306641
-0.13867188
-0.03158569
-0.05764771
-0.02529907
0.02619934
-0.01465607
0.03030396
-0.01591492
-0.03268433
0.09399414
-0.06463623
-0.34106445
-0.34130859
-0.41503906
0.32519531
-0.27319336
0.28417969
-0.06323242
0.13793945
0.25048828
-0.29418945
0.32714844
0.28149414
-0.28271484
-0.35937500
-0.60205078
0.16284180
-0.49462891
0.80761719
0.44580078
0.30273438
0.06280518
0.06579590
0.15185547
0.05065918
0.02911377
-0.04895020
0.07147217
-0.15112305
-0.03973389
-0.02845764
-0.07287598
0.20959473
-0.22314453
-0.33081055
-0.13024902
-0.21875000
-0.25537109
0.24023438
-0.49902344
0.48803711
-0.36108398
-0.18579102
0.00712585
-0.42529297
-0.40722656
-0.12023926
-0.48095703
-0.31225586
0.00476074
-0.42822266
0.61035156
-0.12457275
-0.13171387
-0.21691895
0.05468750
-0.11639404
0.03915405
0.08105469
0.04995728
1.25390625
-1.05761719
-0.95214844
0.88330078
-0.50000000
0.12622070
0.22717285
0.09204102
0.55761719
-0.36816406
0.91357422
-0.42309570
0.55078125
-0.05163574
-0.44555664
0.08715820
0.06616211
-0.89794922
-0.99609375
-0.41088867
-1.03906250
-0.44091797
0.69335938
1.68457031
0.60351562
-0.66796875
-0.55468750
-0.26953125
-0.39453125
-0.03057861
0.32519531
-0.23535156
-1.01855469
-0.55859375
0.61328125
-0.17358398
0.53906250
-0.37158203
-0.52050781
-0.58398438
0.09863281
-0.60400391
-0.13281250
-0.42968750
0.52636719
-0.32226562
0.73388672
-0.51904297
-0.61572266
-0.40014648
0.27685547
-0.26464844
-0.05316162
0.13183594
-0.48388672
1.20410156
-1.57421875
-0.11584473
0.32788086
-0.45336914
0.24755859
-0.29565430
-0.23632812
-0.30639648
0.30810547
0.05902100
-0.12030029
0.21496582
-0.30395508
-0.10400391
-0.09906006
-0.28222656
0.43017578
-0.23730469
0.26660156
-0.03662109
0.11853027
0.21020508
-0.30712891
0.31567383
0.27026367
-0.32055664
-0.42773438
-0.59912109
0.00103760
-0.38867188
0.75976562
0.54394531
0.34716797
-0.19836426
-0.18493652
0.04080200
-0.19177246
-0.12561035
0.18041992
-0.10583496
0.20288086
-0.16027832
-0.11193848
0.14062500
0.07916260
-0.41210938
-0.47534180
-0.33032227
-0.07220459
-0.36718750
0.28784180
-0.46557617
0.47167969
-0.34228516
-0.12268066
-0.06939697
-0.46166992
-0.42187500
-0.06127930
-0.46752930
-0.26879883
0.01696777
-0.42260742
0.65722656
-0.30859375
-0.09863281
-0.14746094
-0.19592285
0.02096558
-0.19763184
-0.08813477
-0.17272949
0.24877930
-0.01672363
-0.39501953
0.30151367
-0.18750000
0.03149414
0.02359009
-0.02923584
0.19689941
-0.04003906
-0.12719727
0.20202637
-0.23034668
0.17431641
-0.14990234
0.12561035
0.17504883
-0.34179688
-0.37011719
-0.39941406
0.18811035
-0.37011719
0.71923828
0.99511719
0.30102539
0.02090454
0.08227539
0.07934570
0.10900879
0.12561035
-0.11413574
0.10992432
0.57226562
-0.49902344
0.02209473
0.02258301
0.10168457
-0.17602539
-0.12817383
-0.15380859
0.06665039
-0.10211182
0.22937012
-0.19299316
0.26049805
-0.11047363
-0.13610840
0.02806091
-0.24133301
-0.29052734
0.03076172
-0.34570312
-0.09429932
0.02978516
-0.47436523
0.79443359
-0.51464844
-0.09692383
-0.05099487
0.10083008
-0.09167480
0.12030029
0.10467529
0.11645508
-1.09765625
1.09863281
-0.49829102
0.43115234
-0.72949219
0.33813477
0.46020508
0.31225586
0.50390625
-0.22436523
0.92333984
-0.36547852
0.49829102
-0.02859497
-0.48388672
0.10784912
0.08459473
-0.88867188
-1.00097656
-0.40747070
-1.03906250
-0.44189453
0.69628906
1.67871094
0.60839844
-0.66845703
-0.55517578
-0.26879883
-0.39477539
-0.03033447
0.32543945
-0.23522949
1.18554688
-0.47192383
-1.01660156
0.79003906
-0.09204102
-0.19897461
-0.33276367
-0.50195312
0.25927734
-0.67089844
0.02246094
-0.47973633
0.57617188
-0.32519531
0.70947266
-0.51513672
-0.61328125
-0.42016602
0.25976562
-0.26977539
-0.06304932
0.12890625
-0.48046875
1.21093750
-1.57324219
-0.11737061
0.32690430
-0.45385742
0.24719238
-0.29565430
-0.23608398
-0.30639648
0.09326172
-0.13867188
0.01394653
0.01086426
-0.15234375
0.01518250
-0.01818848
-0.27294922
0.34912109
-0.12695312
0.23193359
0.02197266
0.11560059
0.33154297
-0.23815918
0.34204102
0.30883789
-0.21362305
-0.35498047
-0.61035156
0.19250488
-0.51416016
0.78808594
0.30175781
0.23193359
0.21533203
0.20202637
0.18493652
0.18237305
0.10662842
-0.17126465
0.15832520
0.03601074
-0.03012085
0.12622070
0.02938843
-0.05258179
-0.38916016
-0.44702148
-0.30297852
-0.03588867
-0.34130859
0.30883789
-0.55664062
0.55664062
-0.35449219
-0.30371094
0.08038330
-0.35131836
-0.39819336
-0.12890625
-0.50390625
-0.31591797
0.00622559
-0.39819336
0.50878906
0.05352783
-0.12890625
-0.21704102
0.19091797
-0.17041016
0.16809082
0.16027832
0.16845703
-0.14599609
0.04513550
0.17663574
-0.17529297
-0.20385742
0.31347656
0.27416992
-0.02853394
0.45336914
-0.12463379
0.26342773
0.04980469
0.05859375
0.26586914
-0.31860352
0.32690430
0.31225586
-0.43994141
-0.50634766
-0.70361328
-0.02264404
-0.51904297
0.91015625
0.74707031
0.41357422
-0.15002441
-0.12084961
0.08020020
-0.12451172
-0.06439209
0.11419678
-0.04837036
-0.48315430
0.22448730
-0.10272217
0.25415039
-0.32714844
-0.33422852
-0.41992188
-0.44555664
0.15002441
-0.48681641
0.35888672
-0.51660156
0.55029297
-0.34912109
-0.13671875
-0.08410645
-0.56250000
-0.49316406
-0.05261230
-0.56152344
-0.28393555
0.00231934
-0.51123047
0.80908203
-0.40429688
-0.14257812
-0.17163086
-0.12829590
-0.02610779
-0.12951660
-0.03259277
-0.10778809
0.91894531
-0.32250977
1.06738281
-0.62353516
-0.35009766
0.38598633
0.56542969
0.48315430
0.40454102
-0.06884766
0.90625000
-0.30175781
0.44140625
-0.00543213
-0.52099609
0.12841797
0.10296631
-0.87890625
-1.00585938
-0.40405273
-1.03808594
-0.44287109
0.69873047
1.67480469
0.61279297
-0.66748047
-0.55566406
-0.26855469
-0.39501953
-0.03012085
0.32543945
-0.23510742
-1.32812500
1.15039062
-0.37719727
0.64843750
-0.64648438
0.07000732
-0.05249023
-0.34106445
0.39648438
-0.70410156
0.17712402
-0.52197266
0.62060547
-0.32617188
0.68261719
-0.51074219
-0.61035156
-0.43994141
0.24291992
-0.27490234
-0.07287598
0.12561035
-0.47656250
1.21777344
-1.57031250
-0.11895752
0.32592773
-0.45434570
0.24670410
-0.29565430
-0.23596191
-0.30639648
0.40844727
-0.20251465
0.16870117
-0.25585938
-0.00415039
0.38623047
0.35400391
0.05850220
0.38696289
-0.05432129
0.12634277
0.13000488
-0.06469727
0.28393555
-0.27270508
0.30419922
0.30566406
-0.29785156
-0.39086914
-0.62500000
0.15966797
-0.50244141
0.89062500
0.62890625
0.30102539
0.09460449
0.12023926
0.14233398
0.10198975
0.05004883
-0.09478760
0.09741211
0.03912354
0.10571289
0.06286621
0.06286621
-0.31860352
-0.13806152
-0.29565430
-0.41796875
0.19213867
-0.41455078
0.35107422
-0.44604492
0.45947266
-0.29711914
-0.17260742
-0.00988007
-0.41015625
-0.43359375
-0.11853027
-0.52050781
-0.27905273
0.00573730
-0.49121094
0.71972656
-0.21801758
-0.09973145
-0.18371582
0.10894775
-0.12011719
0.08563232
0.10192871
0.09411621
0.25634766
-0.29003906
0.14282227
-0.32812500
0.15612793
0.42773438
0.42700195
0.19445801
0.33496094
0.02551270
0.19738770
0.08947754
-0.02001953
0.25390625
-0.29199219
0.31420898
0.31274414
-0.33276367
-0.47119141
-0.59960938
-0.00859070
-0.51562500
0.86035156
0.72509766
0.38916016
-0.09289551
-0.06329346
0.07482910
-0.05810547
-0.00651550
0.04901123
-0.00480652
0.47167969
-0.10144043
0.23425293
-0.08648682
-0.35571289
-0.00122070
-0.15319824
-0.36303711
0.29956055
-0.48144531
0.38110352
-0.46997070
0.49829102
-0.31665039
-0.16723633
-0.05819702
-0.41992188
-0.44335938
-0.07507324
-0.52148438
-0.27490234
0.00231934
-0.47119141
0.77734375
-0.37988281
-0.14453125
-0.13049316
-0.06286621
-0.04193115
-0.05737305
0.00553513
-0.04467773
-0.72265625
-0.69335938
0.25073242
-0.80615234
0.32153320
0.24658203
0.51367188
0.57763672
0.26953125
0.08984375
0.86376953
-0.23352051
0.38061523
0.01770020
-0.55664062
0.14868164
0.12121582
-0.86914062
-1.00878906
-0.40063477
-1.03710938
-0.44384766
0.70117188
1.66992188
0.61718750
-0.66748047
-0.55615234
-0.26757812
-0.39550781
-0.02990723
0.32568359
-0.23498535
1.44433594
-0.97363281
1.10449219
-0.39916992
-0.66113281
0.30493164
0.24230957
-0.12585449
0.49829102
-0.70214844
0.32666016
-0.55566406
0.65966797
-0.32568359
0.65380859
-0.50488281
-0.60693359
-0.45971680
0.22607422
-0.28002930
-0.08276367
0.12261963
-0.47290039
1.22460938
-1.56933594
-0.12030029
0.32495117
-0.45458984
0.24633789
-0.29565430
-0.23583984
-0.30664062
-1.06542969
0.03051758
-0.19531250
-0.43261719
0.35009766
0.18627930
0.35351562
0.36132812
0.18481445
0.13024902
0.49609375
-0.04809570
0.21337891
0.14465332
-0.42626953
0.19042969
0.18127441
-0.74267578
-0.87500000
-0.53417969
-0.63427734
-0.48510742
0.78271484
1.45605469
0.51660156
-0.38159180
-0.29101562
-0.13354492
-0.17382812
0.05664062
0.12890625
-0.08215332
0.18859863
-0.81347656
0.73583984
-0.43847656
-0.37060547
0.22009277
0.15307617
-0.10498047
0.37084961
-0.46533203
0.33642578
-0.53125000
0.66552734
-0.28784180
0.29956055
-0.26782227
-0.53515625
-0.46704102
0.16333008
-0.36450195
-0.11395264
0.11975098
-0.53173828
1.10644531
-1.18847656
-0.12298584
0.19372559
-0.21630859
0.10742188
-0.10504150
-0.08734131
-0.11627197
-0.06713867
0.05636597
-0.03482056
-0.00484467
0.18701172
0.30322266
0.36083984
0.13159180
0.22583008
0.05242920
0.00692749
0.19641113
-0.14123535
0.28027344
-0.20581055
0.24841309
0.26928711
-0.23803711
-0.34277344
-0.59716797
0.19030762
-0.47143555
0.83935547
0.57666016
0.22094727
0.15649414
0.17260742
0.15258789
0.15356445
0.10247803
-0.14318848
0.13586426
-0.11840820
-0.03137207
-0.01718140
-0.11962891
-0.05035400
0.15234375
-0.07769775
-0.30908203
0.22949219
-0.31274414
0.30981445
-0.35693359
0.37158203
-0.22412109
-0.19445801
0.02792358
-0.28662109
-0.35839844
-0.08508301
-0.47167969
-0.21252441
0.02087402
-0.50488281
0.61083984
-0.13854980
-0.09039307
-0.17065430
0.16088867
-0.14428711
0.14062500
0.13684082
0.14270020
0.20239258
0.54003906
-0.43212891
-0.00793457
0.34838867
0.14282227
0.26000977
0.29980469
0.10473633
0.13256836
-0.00473022
0.18615723
-0.13500977
0.22119141
-0.26269531
0.22497559
0.26831055
-0.44628906
-0.54150391
-0.47851562
-0.07147217
-0.44580078
0.78808594
1.02050781
0.42968750
-0.19860840
-0.13537598
0.00465393
-0.10046387
-0.00258636
0.08184814
-0.03637695
-0.77148438
-0.07922363
0.15551758
-0.39965820
-0.04931641
0.26220703
0.16870117
-0.08581543
0.34765625
-0.30810547
0.29370117
-0.31201172
0.40820312
-0.20275879
-0.08294678
-0.05590820
-0.40283203
-0.44262695
0.00329590
-0.45166016
-0.17565918
0.00549316
-0.44140625
0.91601562
-0.66650391
-0.11975098
-0.02172852
-0.11621094
0.01083374
-0.08520508
-0.03161621
-0.07507324
0.64648438
0.25537109
-0.25292969
0.21154785
0.37817383
0.19287109
0.42797852
0.37890625
0.19799805
0.14538574
0.03857422
0.25195312
-0.15722656
0.32226562
-0.29589844
0.30468750
0.35205078
-0.45874023
-0.52734375
-0.67382812
-0.00264740
-0.55224609
0.97753906
0.89453125
0.44384766
-0.13208008
-0.08325195
0.09478760
-0.07879639
-0.01789856
0.06738281
-0.00872803
-0.15075684
0.25268555
-0.13305664
-0.28344727
0.11346436
0.40771484
0.21704102
-0.21447754
0.42553711
-0.43774414
0.39624023
-0.41015625
0.49218750
-0.25952148
-0.15063477
-0.04443359
-0.53662109
-0.53271484
-0.06640625
-0.59375000
-0.25830078
-0.02246094
-0.52832031
0.91943359
-0.50781250
-0.15112305
-0.16455078
-0.08422852
-0.05133057
-0.08062744
0.00381851
-0.06051636
0.66308594
0.13305664
-0.36132812
0.30371094
0.38330078
0.05639648
0.27270508
0.33447266
0.09667969
0.18395996
0.12939453
0.16845703
-0.06103516
0.22985840
-0.34667969
0.25854492
0.30541992
-0.61914062
-0.75537109
-0.52148438
-0.32348633
-0.50390625
0.84472656
1.19531250
0.54296875
-0.33422852
-0.26733398
-0.03857422
-0.19689941
0.00135803
0.16027832
-0.08496094
0.52880859
0.57519531
-0.35888672
-0.33007812
0.14880371
0.34814453
0.25512695
-0.07086182
0.37329102
-0.35815430
0.37329102
-0.40966797
0.57666016
-0.24621582
-0.01147461
-0.12890625
-0.53320312
-0.54882812
0.05822754
-0.48876953
-0.19409180
0.02380371
-0.46337891
1.06054688
-0.88867188
-0.17492676
0.02667236
-0.22692871
0.05313110
-0.15539551
-0.07818604
-0.14758301
-0.16284180
-0.43310547
0.06726074
0.48828125
0.18774414
-0.18408203
0.18872070
0.44238281
0.00146484
0.32324219
0.26489258
0.17785645
-0.03845215
0.27270508
-0.37158203
0.25244141
0.26391602
-0.57031250
-0.59667969
-0.81835938
-0.17236328
-0.62841797
1.04296875
1.08203125
0.28955078
0.08105469
0.15979004
-0.00598145
0.17297363
0.07940674
-0.16357422
0.09515381
0.79248047
0.44116211
-0.54394531
0.02142334
0.41943359
0.33325195
0.43164062
0.09124756
0.52539062
-0.47778320
0.49902344
-0.51416016
0.57226562
-0.30419922
0.12573242
-0.18994141
-0.57568359
-0.48437500
-0.00708008
-0.57031250
-0.17639160
0.02319336
-0.65039062
0.92333984
-0.58984375
0.02943420
0.05944824
0.17626953
-0.03070068
0.17150879
0.08148193
0.15600586
-0.26757812
-0.18359375
-0.04238892
0.16821289
0.13964844
0.01092529
0.24914551
0.25659180
0.09411621
0.11462402
-0.06872559
0.29858398
-0.22973633
0.33349609
-0.17224121
0.22106934
0.29663086
-0.33227539
-0.39501953
-0.55566406
0.15441895
-0.53808594
0.88085938
0.75634766
0.29956055
0.12036133
0.15795898
0.13159180
0.16467285
0.12719727
-0.16162109
0.14660645
0.18872070
0.15234375
-0.15893555
-0.07812500
0.12841797
0.29003906
0.18969727
-0.14270020
0.27709961
-0.23559570
0.25341797
-0.28051758
0.36254883
-0.15808105
-0.19689941
0.05792236
-0.35595703
-0.41552734
-0.08093262
-0.50976562
-0.20239258
-0.01928711
-0.47290039
0.76220703
-0.30664062
-0.10620117
-0.12573242
0.16467285
-0.13574219
0.16259766
0.14404297
0.16076660
-0.50830078
-0.25537109
0.31347656
0.23352051
-0.06121826
-0.24877930
0.13000488
0.42626953
-0.04113770
0.33935547
-0.00805664
0.29785156
-0.18969727
0.35107422
-0.26904297
0.32055664
0.36328125
-0.35009766
-0.47851562
-0.67138672
-0.00515366
-0.58251953
0.96582031
0.80566406
0.41406250
-0.06805420
-0.02383423
0.08728027
-0.01876831
0.01217651
0.01189423
0.02069092
-0.36181641
-0.24536133
-0.07250977
0.30273438
0.42187500
0.36523438
0.45922852
0.07275391
0.48095703
-0.37768555
0.44848633
-0.42163086
0.48974609
-0.25732422
-0.20324707
-0.02139282
-0.44726562
-0.49243164
-0.10302734
-0.59814453
-0.28125000
-0.00976562
-0.52148438
0.85253906
-0.43212891
-0.14489746
-0.13647461
-0.02281189
-0.05859375
-0.01977539
0.02886963
-0.00901031
-0.05346680
-0.23986816
0.52685547
0.28613281
-0.03027344
-0.24511719
-0.00286865
0.27783203
-0.07202148
0.25341797
0.05480957
0.23791504
-0.15832520
0.25488281
-0.33398438
0.21948242
0.28295898
-0.58593750
-0.72216797
-0.52050781
-0.32275391
-0.54150391
0.87792969
1.27539062
0.50390625
-0.23693848
-0.15710449
-0.03970337
-0.08044434
0.07391357
0.04919434
-0.01492310
-0.83789062
-0.58593750
-0.06176758
0.34130859
0.37817383
0.16955566
0.32910156
0.14172363
0.34716797
-0.24707031
0.34960938
-0.33422852
0.47802734
-0.18481445
0.02124023
-0.09057617
-0.45288086
-0.51660156
0.03820801
-0.47265625
-0.16564941
0.03540039
-0.50488281
1.07812500
-0.93017578
-0.13903809
0.07446289
-0.10845947
0.02563477
-0.03598022
-0.01695251
-0.04052734
0.42504883
0.12719727
0.19494629
0.04412842
-0.15954590
-0.32446289
0.06524658
0.40966797
-0.04486084
0.30932617
-0.06982422
0.35986328
-0.25732422
0.38232422
-0.25024414
0.31079102
0.38696289
-0.39599609
-0.50390625
-0.68359375
0.08538818
-0.64306641
1.05273438
0.87109375
0.40722656
0.04159546
0.08135986
0.13684082
0.08435059
0.08355713
-0.08575439
0.09893799
-0.27246094
-0.26245117
0.12103271
0.27392578
0.29199219
0.26953125
0.45043945
0.06701660
0.43603516
-0.32641602
0.40258789
-0.36010742
0.46386719
-0.21923828
-0.22167969
0.00958252
-0.47290039
-0.53173828
-0.10839844
-0.63378906
-0.27856445
-0.02001953
-0.56298828
0.91406250
-0.39868164
-0.15283203
-0.16748047
0.08374023
-0.11956787
0.08251953
0.10327148
0.08703613
1.47460938
1.19042969
0.43823242
-0.25146484
-0.46923828
-0.29980469
-0.36938477
0.17993164
-0.30712891
0.60449219
0.57812500
0.09564209
0.15844727
0.18176270
-0.72900391
0.26708984
0.22875977
-0.97949219
-1.12792969
-0.57031250
-1.13183594
-0.59521484
0.85449219
1.76757812
0.68261719
-0.77148438
-0.65429688
-0.28759766
-0.48803711
-0.10229492
0.41357422
-0.29833984
0.70117188
-0.30053711
1.10546875
0.87939453
0.58496094
-0.05725098
0.37719727
0.52539062
0.48022461
-0.44702148
0.86962891
-0.72070312
0.90332031
-0.36621094
0.56054688
-0.50390625
-0.75537109
-0.61523438
0.19433594
-0.40551758
-0.13244629
0.07312012
-0.54394531
1.33203125
-1.68066406
-0.12023926
0.31445312
-0.54931641
0.28564453
-0.38916016
-0.29394531
-0.39257812
0.06848145
0.35742188
-0.11560059
-0.28955078
-0.34155273
-0.30859375
-0.17333984
0.21801758
-0.23522949
0.36987305
-0.04663086
0.34033203
-0.23767090
0.31787109
-0.23535156
0.22253418
0.29296875
-0.43310547
-0.45434570
-0.78222656
0.00635910
-0.58984375
1.00781250
0.93310547
0.27441406
0.05511475
0.12182617
0.02116394
0.12121582
0.04196167
-0.11035156
0.06750488
0.58251953
0.19409180
0.30786133
0.15881348
-0.02023315
-0.06921387
0.30200195
0.24316406
0.33813477
-0.20129395
0.37963867
-0.30786133
0.41528320
-0.18103027
-0.08673096
-0.05838013
-0.47119141
-0.44042969
-0.03149414
-0.58593750
-0.15039062
-0.01086426
-0.62304688
0.81542969
-0.45581055
-0.00070190
-0.00387573
0.12500000
-0.03613281
0.11169434
0.06057739
0.10522461
-0.41845703
0.15429688
-0.18432617
-0.26977539
-0.30664062
-0.34716797
-0.20019531
0.26171875
-0.19384766
0.34423828
-0.10156250
0.34106445
-0.28344727
0.33935547
-0.21984863
0.25512695
0.33813477
-0.36132812
-0.45458984
-0.61718750
0.02685547
-0.57519531
0.96679688
0.86523438
0.36254883
0.01351929
0.06176758
0.09466553
0.06573486
0.06161499
-0.06695557
0.07385254
0.37207031
0.31884766
0.20629883
0.10510254
0.01306152
-0.06628418
0.33374023
0.24865723
0.35009766
-0.22314453
0.33618164
-0.24536133
0.31298828
-0.16210938
-0.15380859
-0.01290894
-0.41162109
-0.47167969
-0.09472656
-0.57177734
-0.21936035
-0.02099609
-0.52490234
0.85839844
-0.44213867
-0.10565186
-0.11242676
0.06585693
-0.08453369
0.06335449
0.07586670
0.06750488
-0.44262695
-0.15539551
-0.22558594
-0.28710938
-0.32080078
-0.41552734
-0.28173828
0.29687500
-0.24560547
0.43750000
-0.16809082
0.39062500
-0.23608398
0.39501953
-0.22680664
0.33764648
0.39990234
-0.29223633
-0.46679688
-0.58935547
-0.00280762
-0.49194336
0.84472656
0.60058594
0.41503906
-0.11651611
-0.09765625
0.09179688
-0.09313965
-0.02870178
0.07995605
-0.01986694
-0.19848633
0.17150879
-0.02932739
-0.06750488
-0.13598633
-0.11761475
0.37426758
0.28881836
0.37182617
-0.18554688
0.41064453
-0.36889648
0.52978516
-0.21118164
-0.28149414
0.03933716
-0.41772461
-0.50927734
-0.11889648
-0.58007812
-0.29516602
-0.02404785
-0.40649414
0.74804688
-0.33105469
-0.16967773
-0.17065430
-0.09881592
-0.04522705
-0.09185791
-0.00599670
-0.07458496
-0.16540527
-0.28906250
-0.26904297
-0.30615234
-0.33056641
-0.39135742
-0.33789062
0.25878906
-0.26855469
0.44482422
-0.16625977
0.41064453
-0.26586914
0.38232422
-0.29858398
0.34863281
0.44165039
-0.48901367
-0.65625000
-0.59228516
-0.13415527
-0.54882812
0.91259766
0.90234375
0.54882812
-0.27026367
-0.23535156
0.05685425
-0.20373535
-0.03875732
0.17517090
-0.07714844
-0.61718750
0.14843750
-0.07305908
-0.12011719
-0.18420410
-0.20458984
0.31933594
0.32006836
0.35278320
-0.17211914
0.42602539
-0.36328125
0.60644531
-0.21557617
-0.22888184
-0.02209473
-0.54345703
-0.62695312
-0.06042480
-0.60644531
-0.29321289
-0.02368164
-0.44628906
0.97021484
-0.60302734
-0.22534180
-0.13671875
-0.22265625
-0.00466919
-0.18432617
-0.06005859
-0.16308594
0.72119141
-0.65917969
-0.39599609
-0.32812500
-0.24951172
-0.14892578
-0.40820312
0.01391602
-0.38623047
0.43554688
-0.14941406
0.33496094
-0.26147461
0.27172852
-0.36035156
0.27832031
0.36376953
-0.61132812
-0.76513672
-0.55468750
-0.39184570
-0.46240234
0.86230469
1.28222656
0.61083984
-0.52587891
-0.44091797
-0.10437012
-0.36791992
-0.11511230
0.32226562
-0.20861816
-0.75634766
-0.20971680
-0.44091797
-0.39062500
-0.35986328
-0.35839844
0.07263184
0.39843750
0.23242188
-0.08264160
0.35644531
-0.26171875
0.47729492
-0.17797852
-0.04528809
-0.13183594
-0.56445312
-0.61523438
0.03222656
-0.52441406
-0.18725586
0.01110840
-0.47705078
1.14062500
-1.04687500
-0.16149902
0.05322266
-0.40283203
0.14233398
-0.32666016
-0.19470215
-0.30566406
0.20202637
0.00068665
0.02734375
-0.04711914
-0.10333252
-0.28417969
-0.34716797
0.27441406
-0.22717285
0.35205078
-0.24218750
0.46484375
-0.30419922
0.44873047
-0.18627930
0.31127930
0.39062500
-0.20959473
-0.36938477
-0.60058594
0.18090820
-0.54785156
0.90332031
0.51318359
0.29980469
0.10400391
0.12078857
0.13818359
0.10815430
0.05780029
-0.10186768
0.09967041
0.06536865
-0.07952881
-0.06161499
-0.15637207
-0.20617676
-0.25537109
0.27734375
0.29809570
0.30981445
-0.09643555
0.29907227
-0.28808594
0.44921875
-0.14697266
-0.30810547
0.13049316
-0.33447266
-0.46630859
-0.17065430
-0.57958984
-0.29785156
-0.01989746
-0.44384766
0.67871094
-0.15869141
-0.10668945
-0.17639160
0.11279297
-0.11914062
0.09637451
0.10400391
0.10028076
0.60742188
0.36791992
0.51708984
0.17578125
-0.10168457
0.16943359
-0.49829102
-0.34130859
-0.54638672
0.70458984
0.18066406
0.21325684
-0.03479004
0.15100098
-0.73437500
0.26464844
0.22802734
-0.79931641
-1.02734375
-0.37817383
-1.03125000
-0.44848633
0.71630859
1.63964844
0.64599609
-0.66601562
-0.55957031
-0.26416016
-0.39648438
-0.02868652
0.32617188
-0.23425293
1.49609375
-1.13769531
-1.00781250
-0.88281250
-0.72851562
-0.35400391
-0.27246094
0.48315430
0.14904785
-0.06616211
0.90576172
-0.56445312
0.76074219
-0.28930664
0.44506836
-0.45556641
-0.57617188
-0.57226562
0.12268066
-0.30957031
-0.14172363
0.10363770
-0.44995117
1.26367188
-1.55761719
-0.12939453
0.31933594
-0.45629883
0.24414062
-0.29589844
-0.23486328
-0.30712891
-0.14489746
0.11828613
0.07611084
0.07531738
0.04254150
-0.07452393
-0.36523438
0.13122559
-0.27392578
0.31127930
-0.25195312
0.43847656
-0.35644531
0.41015625
-0.13415527
0.24462891
0.36083984
-0.23974609
-0.34399414
-0.61279297
0.20263672
-0.57617188
0.95263672
0.64306641
0.27832031
0.18395996
0.21777344
0.15539551
0.20361328
0.11676025
-0.19165039
0.16357422
0.24548340
-0.12188721
-0.08007812
-0.15576172
-0.21215820
-0.32714844
0.09942627
0.32202148
0.21459961
-0.04913330
0.18383789
-0.13732910
0.25805664
-0.08117676
-0.26660156
0.12127686
-0.31347656
-0.44775391
-0.15454102
-0.58984375
-0.23657227
-0.03576660
-0.48583984
0.73242188
-0.20471191
-0.08911133
-0.16125488
0.21203613
-0.15490723
0.18859863
0.16174316
0.18786621
-1.61425781
1.16015625
1.13183594
0.77587891
0.34814453
0.31225586
-0.37231445
-0.45654297
-0.56542969
0.70654297
0.07788086
0.26000977
-0.08282471
0.16455078
-0.74902344
0.27661133
0.23950195
-0.79052734
-1.02832031
-0.37548828
-1.03027344
-0.44921875
0.71777344
1.63671875
0.64892578
-0.66552734
-0.55957031
-0.26391602
-0.39672852
-0.02853394
0.32617188
-0.23425293
-0.07006836
0.28662109
0.03173828
-0.45556641
-0.64746094
-0.23730469
-0.42895508
0.37597656
0.03759766
0.04003906
0.91992188
-0.54394531
0.75732422
-0.28173828
0.41894531
-0.44799805
-0.57128906
-0.58447266
0.11120605
-0.31274414
-0.14819336
0.10137939
-0.44726562
1.26855469
-1.55664062
-0.13037109
0.31860352
-0.45654297
0.24389648
-0.29589844
-0.23474121
-0.30737305
-0.60644531
0.50732422
0.66406250
0.60400391
0.36523438
0.22546387
-0.26171875
-0.27343750
-0.41406250
0.47338867
-0.08923340
0.36474609
-0.22119141
0.26000977
-0.50390625
0.25439453
0.28369141
-0.66406250
-0.88769531
-0.50097656
-0.62597656
-0.49023438
0.80175781
1.42675781
0.54052734
-0.37963867
-0.29321289
-0.13171387
-0.17443848
0.05712891
0.12927246
-0.08184814
-0.89501953
0.63671875
0.37231445
-0.12194824
-0.35571289
-0.17944336
-0.28271484
0.25854492
0.01379395
0.09704590
0.59277344
-0.38891602
0.66259766
-0.19018555
0.13208008
-0.20825195
-0.48828125
-0.57275391
0.06420898
-0.40820312
-0.15368652
0.09674072
-0.50439453
1.14550781
-1.17675781
-0.12866211
0.19042969
-0.21740723
0.10626221
-0.10485840
-0.08685303
-0.11651611
0.13818359
-0.00494385
0.07482910
0.21105957
0.24243164
0.16552734
-0.38500977
-0.03454590
-0.37622070
0.37744141
-0.29663086
0.51562500
-0.38598633
0.45507812
-0.19409180
0.28784180
0.41674805
-0.33544922
-0.44677734
-0.69628906
0.07666016
-0.60058594
0.99169922
0.70751953
0.31982422
0.10559082
0.14807129
0.12438965
0.13989258
0.07086182
-0.13208008
0.11541748
-0.33715820
0.19946289
0.13635254
0.05297852
-0.07574463
-0.30664062
-0.12719727
0.36157227
0.10821533
0.05981445
0.24609375
-0.16723633
0.39135742
-0.08764648
-0.25268555
0.08831787
-0.43164062
-0.53564453
-0.13684082
-0.64453125
-0.26025391
-0.03063965
-0.51123047
0.79003906
-0.29150391
-0.08654785
-0.14282227
0.14477539
-0.11645508
0.12597656
0.11572266
0.12988281
0.45922852
-0.18701172
-0.05041504
0.16186523
0.30688477
0.30297852
-0.34765625
-0.12805176
-0.40405273
0.41064453
-0.30517578
0.41577148
-0.34472656
0.35449219
-0.18249512
0.28564453
0.39648438
-0.31054688
-0.42431641
-0.58056641
0.05938721
-0.43847656
0.84863281
0.68359375
0.36914062
-0.13000488
-0.10546875
0.08532715
-0.11242676
-0.06063843
0.10327148
-0.03912354
0.00434875
0.10437012
0.16601562
0.18542480
0.01666260
-0.26757812
-0.25097656
0.36694336
0.06317139
0.06140137
0.19079590
-0.11206055
0.30371094
-0.10516357
-0.23327637
0.01446533
-0.41748047
-0.50634766
-0.09918213
-0.56738281
-0.22863770
-0.02624512
-0.44726562
0.76025391
-0.35644531
-0.12573242
-0.17297363
-0.11413574
-0.03317261
-0.11914062
-0.02441406
-0.09655762
0.53759766
-0.52343750
-0.08435059
0.26245117
0.25683594
0.20971680
-0.09356689
-0.15161133
-0.24951172
0.14953613
-0.23132324
0.29980469
-0.37670898
0.25439453
-0.11254883
0.13964844
0.28173828
-0.31835938
-0.45214844
-0.40795898
0.11737061
-0.42871094
0.81933594
1.02832031
0.34936523
0.02497864
0.09466553
0.06665039
0.12261963
0.13159180
-0.12731934
0.11370850
0.48193359
0.16931152
0.41894531
0.22253418
0.00256348
-0.06524658
-0.15637207
0.13183594
-0.06799316
0.07409668
-0.09729004
0.09741211
0.02882385
0.01519775
-0.19116211
0.07476807
-0.22363281
-0.42895508
-0.04724121
-0.45336914
-0.10913086
-0.00061035
-0.45507812
0.91357422
-0.56005859
-0.09436035
-0.02828979
0.11505127
-0.08551025
0.13403320
0.10662842
0.12829590
-0.17199707
-0.21057129
-0.21411133
-0.00897217
0.24133301
0.38989258
-0.21972656
-0.24047852
-0.40478516
0.36791992
-0.32421875
0.41503906
-0.39331055
0.37280273
-0.15429688
0.27075195
0.40356445
-0.24633789
-0.40014648
-0.55468750
0.10589600
-0.53662109
0.94677734
0.73876953
0.37622070
-0.02005005
0.02014160
0.09759521
0.01310730
0.01817322
-0.01438141
0.03826904
0.46899414
-0.21044922
0.06311035
0.27319336
0.18615723
-0.06457520
-0.35620117
0.30468750
-0.03436279
0.12719727
0.10943604
-0.01892090
0.15429688
-0.05859375
-0.26538086
0.07397461
-0.32763672
-0.49829102
-0.15625000
-0.60449219
-0.24328613
-0.04943848
-0.45849609
0.83300781
-0.35913086
-0.11688232
-0.14282227
0.01420593
-0.07159424
0.00521088
0.04547119
0.01608276
-0.72070312
-0.12768555
-0.46630859
-0.04455566
0.28930664
0.32617188
-0.10266113
-0.24438477
-0.32934570
0.30249023
-0.27294922
0.39208984
-0.39355469
0.30004883
-0.27954102
0.25048828
0.37817383
-0.47192383
-0.71191406
-0.42089844
-0.23388672
-0.47827148
0.81787109
1.11914062
0.52832031
-0.24865723
-0.18896484
-0.01594543
-0.12414551
0.04641724
0.09320068
-0.03656006
0.25000000
-0.54345703
0.01257324
0.40966797
0.22692871
0.01940918
-0.31958008
0.18139648
-0.08081055
0.15966797
0.19860840
-0.09033203
0.35009766
-0.07739258
-0.15258789
-0.00958252
-0.38232422
-0.59765625
-0.04077148
-0.49169922
-0.19689941
0.01159668
-0.40966797
1.05371094
-0.80810547
-0.17504883
0.02157593
-0.15100098
0.02015686
-0.08544922
-0.03311157
-0.08300781
-0.57373047
0.45019531
-0.32470703
-0.42285156
0.02905273
0.27270508
0.08489990
-0.44750977
-0.45458984
0.47631836
-0.36083984
0.51074219
-0.38281250
0.38476562
-0.39160156
0.29516602
0.37817383
-0.48681641
-0.59179688
-0.76464844
-0.16040039
-0.62890625
1.06640625
1.05566406
0.30175781
0.08056641
0.15905762
-0.00756836
0.17321777
0.07855225
-0.16369629
0.09466553
-0.57031250
-0.42382812
-0.44140625
0.24511719
0.45898438
0.26562500
-0.46362305
0.06201172
-0.26416016
0.32495117
0.43481445
-0.18750000
0.42700195
-0.13696289
-0.01831055
-0.11279297
-0.50830078
-0.56835938
-0.07739258
-0.64062500
-0.18750000
-0.00805664
-0.61132812
0.95410156
-0.58349609
0.03071594
0.06134033
0.17614746
-0.02954102
0.17187500
0.08081055
0.15625000
0.14233398
0.43090820
-0.00253296
-0.37670898
-0.12829590
0.23754883
0.08197021
-0.35424805
-0.35913086
0.34716797
-0.32275391
0.42675781
-0.39257812
0.34179688
-0.22485352
0.23144531
0.36914062
-0.38769531
-0.45947266
-0.72265625
-0.01962280
-0.56933594
1.02441406
0.94287109
0.31713867
-0.02546692
0.04470825
0.01228333
0.04260254
0.00108337
-0.03674316
0.02023315
-0.63525391
-0.00115967
-0.35058594
-0.00126648
0.37011719
0.26855469
-0.37695312
0.06884766
-0.23791504
0.26098633
0.20202637
-0.01831055
0.21850586
-0.04748535
-0.13183594
-0.02044678
-0.43652344
-0.50488281
-0.07531738
-0.63085938
-0.14746094
-0.03430176
-0.59082031
0.86962891
-0.51074219
-0.01279449
-0.01800537
0.04550171
-0.01214600
0.03430176
0.01803589
0.03479004
0.41870117
0.33496094
0.01062012
-0.22778320
-0.00195312
0.16320801
-0.01425171
-0.19628906
-0.23840332
0.20349121
-0.18774414
0.28710938
-0.33740234
0.27490234
-0.09674072
0.10021973
0.26440430
-0.24902344
-0.24023438
-0.56445312
0.33325195
-0.56347656
0.97753906
0.85449219
0.18591309
0.29296875
0.35644531
0.14233398
0.34155273
0.19091797
-0.31738281
0.23730469
-0.18750000
0.16381836
-0.26733398
0.05029297
0.20922852
0.13012695
-0.23046875
0.11560059
-0.11083984
0.08935547
-0.02868652
0.15649414
-0.08801270
0.06341553
-0.13037109
0.07397461
-0.23693848
-0.35302734
-0.10253906
-0.53710938
-0.06707764
-0.05358887
-0.55615234
0.76318359
-0.30639648
-0.00408936
-0.08862305
0.35595703
-0.17687988
0.32543945
0.22399902
0.30786133
0.44140625
0.07983398
0.17211914
-0.25854492
-0.10601807
0.18395996
0.06872559
-0.27758789
-0.27221680
0.22436523
-0.22985840
0.29565430
-0.37182617
0.29223633
-0.08148193
0.16516113
0.34472656
-0.23767090
-0.29980469
-0.50341797
0.28369141
-0.47656250
0.92089844
0.76708984
0.30078125
0.05993652
0.10906982
0.13623047
0.09106445
0.05609131
-0.08374023
0.09222412
0.36010742
0.33276367
-0.19897461
-0.08477783
0.23364258
0.24230957
-0.29003906
0.09985352
-0.17163086
0.12707520
-0.12658691
0.17700195
-0.08459473
0.04486084
-0.22338867
0.08374023
-0.27221680
-0.43603516
-0.11303711
-0.56005859
-0.11267090
-0.07751465
-0.46777344
0.78906250
-0.33081055
-0.08325195
-0.16906738
0.09790039
-0.11560059
0.07659912
0.09637451
0.08404541
-0.01068115
-0.03103638
0.05072021
-0.13806152
-0.13806152
0.24743652
0.11364746
-0.36938477
-0.35327148
0.31567383
-0.35229492
0.46533203
-0.42846680
0.41235352
-0.12072754
0.27563477
0.44189453
-0.22534180
-0.39428711
-0.48046875
0.10675049
-0.52392578
0.86621094
0.62402344
0.41406250
-0.09484863
-0.07836914
0.11688232
-0.07464600
-0.00748444
0.06219482
0.00098228
0.23559570
0.07635498
-0.03884888
-0.08685303
0.22631836
0.30810547
-0.42578125
0.16967773
-0.15112305
0.23339844
0.08203125
0.02539062
0.24328613
-0.00097656
-0.30029297
0.12634277
-0.32690430
-0.51855469
-0.17810059
-0.58447266
-0.28344727
-0.05847168
-0.37939453
0.78808594
-0.33447266
-0.17395020
-0.19506836
-0.08020020
-0.06921387
-0.07373047
0.01528931
-0.05615234
-0.55761719
-0.43676758
0.41601562
-0.20764160
-0.24877930
0.05004883
0.20031738
-0.27465820
-0.21142578
0.18078613
-0.32226562
0.44213867
-0.46484375
0.34985352
-0.22998047
0.25244141
0.40332031
-0.41186523
-0.66210938
-0.45776367
-0.19616699
-0.50683594
0.85009766
1.05078125
0.51074219
-0.22949219
-0.17431641
-0.00091553
-0.10858154
0.05044556
0.07824707
-0.02326965
0.39941406
0.21081543
0.07714844
-0.30786133
0.18518066
0.27734375
-0.22595215
-0.03250122
-0.24072266
0.26293945
0.07293701
0.01965332
0.27490234
-0.01770020
-0.20483398
0.03601074
-0.34814453
-0.59472656
-0.07739258
-0.53027344
-0.21533203
0.00280762
-0.41796875
1.01953125
-0.75830078
-0.17248535
0.00256348
-0.13525391
0.00645447
-0.07061768
-0.01986694
-0.06805420
-0.32373047
-0.12207031
-0.01306152
0.16870117
-0.34741211
-0.05029297
0.37353516
-0.42895508
-0.29003906
0.25219727
-0.44555664
0.53857422
-0.46337891
0.44824219
-0.14440918
0.30810547
0.43676758
-0.16442871
-0.38330078
-0.56445312
0.08056641
-0.52636719
0.89697266
0.53710938
0.32470703
0.01124573
0.03729248
0.07659912
0.02542114
-0.00091171
-0.02249146
0.02981567
-0.20666504
-0.16723633
0.19934082
-0.24426270
-0.07513428
0.42333984
-0.31933594
-0.06329346
-0.34814453
0.40869141
0.08642578
0.00561523
0.28515625
-0.02465820
-0.30249023
0.12310791
-0.29541016
-0.48974609
-0.19409180
-0.62207031
-0.28784180
-0.04235840
-0.40625000
0.71337891
-0.22875977
-0.08898926
-0.12030029
0.02828979
-0.05490112
0.01398468
0.03530884
0.02215576
0.00973511
0.00319672
-0.08496094
0.24023438
-0.33935547
-0.14746094
0.39672852
-0.39501953
-0.24731445
0.24304199
-0.39184570
0.45312500
-0.44970703
0.38842773
-0.15771484
0.28662109
0.43945312
-0.26416016
-0.46850586
-0.56054688
0.00115967
-0.45532227
0.88476562
0.68750000
0.39526367
-0.14990234
-0.12622070
0.09375000
-0.13220215
-0.04852295
0.12023926
-0.04269409
-0.49389648
-0.23535156
0.19104004
-0.18981934
-0.14819336
0.41357422
-0.23522949
-0.10748291
-0.35546875
0.37500000
0.00756836
0.07580566
0.19177246
-0.00549316
-0.27172852
0.07153320
-0.34057617
-0.54199219
-0.13110352
-0.60449219
-0.23803711
-0.02331543
-0.44433594
0.79052734
-0.38427734
-0.15173340
-0.18530273
-0.13586426
-0.03790283
-0.13452148
-0.02621460
-0.11157227
0.23144531
-0.04852295
0.07403564
0.05038452
-0.22619629
-0.04678345
0.22241211
-0.29125977
-0.18029785
0.12585449
-0.20739746
0.33691406
-0.42626953
0.32592773
-0.01574707
0.17089844
0.36279297
-0.19958496
-0.39331055
-0.36157227
0.23535156
-0.43261719
0.78857422
0.73535156
0.36352539
0.04400635
0.07055664
0.14050293
0.08740234
0.12030029
-0.09442139
0.11560059
-0.27636719
-0.22851562
0.17663574
-0.21948242
0.01391602
0.30444336
-0.20898438
0.00848389
-0.20300293
0.18139648
-0.15917969
0.18505859
0.04113770
0.09295654
-0.30859375
0.17114258
-0.18066406
-0.46264648
-0.13159180
-0.49145508
-0.18994141
-0.02172852
-0.36938477
0.80761719
-0.33593750
-0.16455078
-0.14904785
0.08007812
-0.13061523
0.09472656
0.11767578
0.09832764
0.37792969
0.19152832
-0.16406250
0.26757812
-0.17041016
-0.29980469
0.44409180
-0.35571289
-0.16503906
0.15820312
-0.41357422
0.50927734
-0.52734375
0.44653320
-0.07592773
0.28125000
0.47167969
-0.21960449
-0.43823242
-0.58056641
0.12768555
-0.56054688
0.95605469
0.65429688
0.36450195
0.07647705
0.10321045
0.15002441
0.09619141
0.08300781
-0.09484863
0.10729980
0.11145020
-0.06665039
0.03695679
0.02276611
-0.30273438
0.30615234
-0.09936523
-0.19396973
-0.40039062
0.42236328
-0.04187012
0.13952637
0.18505859
0.04248047
-0.34423828
0.15124512
-0.29882812
-0.55126953
-0.18164062
-0.66699219
-0.27685547
-0.04199219
-0.44335938
0.80078125
-0.25610352
-0.15368652
-0.18395996
0.09802246
-0.13061523
0.08923340
0.11199951
0.09570312
