-0.01925659
-0.02323914
-0.01174927
-0.01223755
-0.07232666
0.00874329
0.01321411
-0.03216553
0.01557922
-0.02391052
-0.08331299
0.16845703
-0.05209351
-0.17810059
-0.04168701
-0.08288574
-0.07495117
-0.05917358
-0.06414795
0.18408203
0.03677368
0.27416992
-0.36010742
-0.04653931
-0.03439331
0.03109741
0.03247070
0.02604675
0.03070068
0.02954102
-0.02978516
0.02900696
0.00914764
-0.02804565
0.04968262
0.05245972
-0.00661469
-0.02119446
0.04693604
-0.00623703
0.03790283
-0.03506470
0.04083252
0.06658936
0.11279297
-0.01599121
-0.03179932
0.03671265
-0.05990601
-0.04751587
-0.06909180
-0.15808105
-0.03047180
-0.21679688
0.17626953
-0.08874512
0.03424072
-0.01583862
-0.02293396
0.03125000
-0.02734375
0.02944946
0.02854919
0.02954102
-0.00955200
0.00271988
-0.02093506
-0.00491333
0.08074951
-0.03698730
-0.00868225
0.04129028
-0.01882935
-0.00428391
0.08111572
-0.49926758
0.07196045
0.64160156
-0.01224518
0.16369629
0.12292480
0.11822510
0.07647705
-0.49316406
-0.27124023
-0.46386719
0.78027344
-0.02323914
0.21350098
0.10980225
0.11901855
0.12951660
0.12292480
0.12597656
-0.12243652
0.12438965
0.01992798
0.01551819
-0.03399658
-0.08593750
0.00134277
0.06591797
-0.03768921
-0.02265930
-0.02734375
0.15002441
-0.10192871
-0.09515381
-0.36450195
0.13940430
0.10729980
-0.01805115
0.23120117
0.19799805
0.26782227
0.36840820
0.06915283
0.79589844
-0.44335938
0.28320312
0.07183838
-0.16223145
-0.13244629
0.12152100
-0.12805176
0.12365723
0.12512207
0.12341309
-0.04516602
-0.00720215
-0.06726074
-0.04220581
0.03050232
0.05432129
-0.02079773
-0.01325989
-0.06024170
0.08496094
-0.03189087
-0.42041016
-0.05191040
0.55664062
0.11694336
0.21069336
0.11077881
0.10302734
0.09722900
-0.52832031
-0.28906250
-0.49755859
0.94238281
0.03448486
0.17004395
0.03103638
0.04403687
0.05523682
0.05316162
0.08612061
-0.05673218
0.06280518
-0.01492310
-0.16284180
-0.00994873
0.03912354
0.01034546
0.03762817
-0.01837158
-0.05664062
-0.01644897
0.10607910
-0.12365723
0.03884888
-0.30273438
-0.01261902
0.09222412
-0.07849121
0.28100586
0.21203613
0.23107910
0.26708984
0.11718750
0.85791016
-0.32055664
0.26782227
-0.00646973
-0.11047363
-0.04446411
0.04959106
-0.05938721
0.05908203
0.06222534
0.05831909
0.03994751
0.13378906
-0.07354736
-0.06127930
0.00343323
0.05374146
-0.03482056
0.01054382
-0.04296875
0.05029297
-0.12274170
-0.16577148
-0.12274170
0.18176270
0.04034424
0.05203247
0.00161362
0.01754761
-0.02227783
-0.05358887
-0.27539062
0.13122559
0.09014893
-0.12536621
0.17297363
0.15087891
0.15209961
0.17248535
0.15881348
0.17407227
-0.15991211
0.16748047
-0.04827881
-0.05886841
-0.05883789
-0.02136230
-0.05282593
0.06451416
0.01270294
-0.05691528
0.02108765
0.05706787
-0.10473633
0.15087891
-0.14550781
-0.03031921
0.05352783
-0.02827454
0.13476562
0.14514160
0.19201660
0.01060486
0.00795746
0.32055664
-0.00005102
0.15649414
0.13708496
-0.19555664
-0.17138672
0.15612793
-0.17114258
0.16064453
0.16821289
0.16113281
0.10620117
0.12548828
-0.02667236
-0.05072021
0.03356934
0.05117798
-0.06341553
0.03536987
-0.06072998
0.08355713
-0.17260742
0.00692749
-0.22180176
-0.04016113
0.05477905
-0.01472473
-0.03054810
-0.00218391
-0.04605103
0.13806152
-0.29394531
0.43481445
-0.18652344
-0.15783691
0.19799805
0.16796875
0.16784668
0.20239258
0.17700195
0.19726562
-0.17907715
0.19140625
0.04855347
0.08258057
-0.08813477
-0.03302002
-0.10247803
0.07458496
0.01074219
-0.06823730
0.02586365
0.02128601
-0.12963867
0.27441406
-0.05081177
-0.11627197
0.00773239
-0.04067993
0.05642700
0.11083984
0.22167969
-0.14880371
-0.00847626
0.05065918
0.16882324
0.17700195
0.16210938
-0.22326660
-0.20520020
0.17321777
-0.19873047
0.17907715
0.19311523
0.18090820
0.01861572
0.01446533
0.03991699
-0.00549316
0.07470703
-0.01328278
-0.06396484
0.00494385
-0.02099609
-0.04785156
-0.06549072
-0.08880615
0.03704834
0.24121094
-0.08453369
0.00640106
-0.01271057
0.00787354
-0.03848267
-0.19580078
-0.21289062
-0.01335144
0.19421387
-0.10931396
0.16467285
0.17590332
0.18640137
0.17810059
0.18237305
0.16992188
-0.17822266
0.17541504
0.00426483
0.05914307
-0.11785889
-0.08935547
-0.09759521
0.00102043
0.05722046
-0.07592773
0.05145264
0.01139069
-0.00815582
-0.00386047
-0.08551025
0.11785889
0.02941895
0.03250122
0.09509277
0.07287598
0.18957520
0.08264160
-0.01409149
0.37207031
-0.16003418
0.16467285
0.14550781
-0.18212891
-0.18115234
0.18395996
-0.17749023
0.17785645
0.17565918
0.17822266
0.12890625
0.27246094
-0.38671875
0.28979492
-0.38549805
-0.42822266
0.50976562
0.34033203
0.15844727
-0.08618164
1.37500000
-2.32617188
1.18945312
2.84375000
0.30346680
1.32421875
0.84863281
0.79589844
0.65673828
-2.72851562
-0.93847656
-3.91796875
5.22265625
0.34790039
0.57421875
-0.05648804
-0.05670166
-0.03713989
-0.04833984
-0.05377197
0.05090332
-0.05581665
-0.26171875
-0.72607422
0.72167969
0.89892578
0.89648438
-0.17419434
-0.44628906
0.50537109
-0.56542969
0.73583984
-0.25415039
-1.68359375
-1.56152344
0.92480469
0.62060547
-0.25439453
1.13183594
0.88720703
1.30175781
2.13476562
0.36914062
3.54687500
-2.44531250
1.26269531
-0.14794922
-0.08666992
0.01567078
-0.05090332
0.04342651
-0.04406738
-0.05303955
-0.04965210
-0.04910278
-0.06240845
0.04306030
-0.01405334
0.06652832
-0.01945496
-0.04690552
0.04257202
-0.05136108
0.04171753
-0.19592285
0.05120850
-0.23510742
-0.06384277
0.03173828
-0.06390381
-0.04992676
-0.01805115
-0.07324219
0.12915039
-0.21777344
0.39038086
-0.23193359
-0.13024902
0.11889648
0.13220215
0.13732910
0.15100098
0.13928223
0.15209961
-0.13916016
0.14636230
-0.06396484
-0.01672363
0.00622559
-0.02165222
-0.03540039
0.02706909
0.01068115
-0.04919434
0.01452637
0.02136230
-0.11468506
0.26367188
-0.01632690
-0.11596680
-0.03036499
-0.02920532
0.02287292
0.08331299
0.15014648
-0.18029785
-0.00057983
0.02195740
0.18835449
0.08209229
0.12573242
-0.16406250
-0.15173340
0.13818359
-0.14929199
0.13867188
0.14709473
0.14013672
-0.05508423
-0.00211334
0.11328125
0.03015137
0.09277344
0.06921387
-0.06805420
-0.07531738
0.00054932
-0.12054443
-0.10742188
-0.03228760
0.12091064
0.30346680
-0.15148926
0.00223541
-0.02822876
-0.01075745
-0.04003906
-0.45214844
-0.15954590
-0.32128906
0.53027344
-0.04113770
0.10925293
0.13452148
0.15307617
0.11383057
0.14404297
0.12683105
-0.13842773
0.12634277
0.04275513
0.03059387
0.01049805
-0.04019165
-0.05334473
-0.09674072
0.09875488
-0.07226562
0.12536621
-0.07238770
0.08947754
-0.15600586
-0.02790833
0.24780273
-0.01333618
0.08502197
0.13427734
0.05850220
0.13500977
0.15869141
-0.01072693
0.61914062
-0.28955078
0.13708496
0.08569336
-0.11981201
-0.10693359
0.14794922
-0.11920166
0.13903809
0.12475586
0.13708496
0.08660889
0.02189636
-0.05554199
-0.00488281
-0.02883911
-0.11804199
0.04064941
0.11627197
-0.02876282
0.01947021
0.05212402
-0.26660156
-0.02261353
0.25732422
0.03601074
0.10046387
0.02148438
0.06835938
-0.01744080
-0.03823853
-0.37500000
0.08624268
0.15991211
-0.14160156
0.17553711
0.16491699
0.15844727
0.17358398
0.15966797
0.15612793
-0.15637207
0.16064453
-0.05529785
-0.10247803
0.04943848
0.09344482
0.09423828
0.00204468
-0.06088257
0.04403687
-0.08703613
0.16589355
-0.14782715
0.04711914
-0.21069336
0.02377319
0.10717773
-0.03488159
0.17004395
0.18652344
0.28710938
0.06439209
0.01549530
0.33007812
-0.03723145
0.19030762
0.15820312
-0.18518066
-0.18090820
0.15966797
-0.16821289
0.15759277
0.16198730
0.15722656
0.09716797
0.00778198
0.02877808
0.06994629
0.07299805
-0.05596924
-0.04598999
0.07440186
-0.06408691
0.05407715
-0.04016113
-0.19458008
-0.10449219
0.15454102
0.06701660
0.06896973
0.01377869
0.03555298
-0.02163696
-0.05114746
-0.31225586
0.13024902
0.11779785
-0.14685059
0.20593262
0.16528320
0.16845703
0.19604492
0.17541504
0.19677734
-0.17675781
0.18835449
-0.03610229
-0.16503906
0.11462402
0.00480652
0.05709839
0.06860352
-0.05511475
-0.02751160
-0.02742004
0.07794189
-0.17138672
0.11712646
-0.17065430
-0.03256226
0.03851318
-0.05072021
0.11859131
0.14782715
0.26513672
-0.02262878
0.00074768
0.25952148
0.02815247
0.20800781
0.15808105
-0.22216797
-0.19714355
0.17211914
-0.19421387
0.17712402
0.18945312
0.17858887
0.01400757
0.04028320
-0.01716614
-0.05865479
-0.11590576
-0.07092285
0.11199951
0.03009033
0.01773071
-0.04791260
0.13183594
-0.39355469
0.04666138
0.42333984
0.06021118
0.13732910
0.06091309
0.08660889
0.04916382
-0.25708008
-0.29833984
-0.26293945
0.50195312
-0.03640747
0.11798096
0.06719971
0.06420898
0.07049561
0.06921387
0.07940674
-0.06878662
0.07104492
0.04516602
-0.03103638
-0.01515961
0.00074387
-0.00198364
-0.05065918
0.02209473
0.06628418
-0.06207275
0.19482422
-0.11779785
-0.13696289
-0.28344727
0.11114502
0.08673096
-0.03082275
0.19360352
0.14892578
0.22412109
0.16992188
0.07019043
0.59570312
-0.17736816
0.16845703
0.04925537
-0.09790039
-0.06866455
0.06805420
-0.07073975
0.07165527
0.07086182
0.06970215
0.00316238
0.01126862
-0.10711670
0.05972290
0.08947754
0.07824707
-0.12524414
0.01132202
-0.06652832
-0.06506348
-0.16735840
0.06781006
0.00608826
0.07794189
-0.13610840
-0.11694336
-0.05853271
-0.03643799
-0.05795288
-0.15380859
-0.09588623
0.06585693
0.04742432
-0.06115723
0.09643555
0.13415527
0.15039062
0.12402344
0.14355469
0.12890625
-0.13854980
0.13061523
0.00409317
0.01730347
0.07232666
0.06286621
0.11328125
0.00599670
-0.00384521
-0.10412598
0.10766602
-0.10296631
0.00109863
0.03442383
0.03765869
0.14672852
-0.07995605
0.06665039
0.01033020
-0.03567505
0.04623413
0.00793457
-0.00724030
0.28808594
-0.11444092
0.08410645
0.09350586
-0.12451172
-0.12158203
0.14648438
-0.12683105
0.13867188
0.12939453
0.13757324
0.00238037
0.02279663
-0.15747070
0.02716064
0.06057739
0.07598877
-0.13281250
0.02816772
-0.08258057
-0.04833984
-0.18505859
0.07409668
-0.01070404
0.08715820
-0.11907959
-0.09704590
-0.05569458
-0.03009033
-0.06072998
-0.19812012
-0.13684082
0.02461243
0.09552002
-0.07507324
0.10583496
0.14477539
0.15954590
0.13757324
0.15332031
0.13867188
-0.14843750
0.14172363
0.01419067
0.02999878
0.00469971
0.08288574
0.14477539
0.03836060
-0.03137207
-0.10845947
0.09478760
-0.10839844
-0.01586914
0.04025269
0.02566528
0.14392090
-0.07312012
0.05673218
0.02742004
-0.01483154
0.09338379
0.00417328
-0.01586914
0.33203125
-0.10430908
0.09246826
0.10632324
-0.13781738
-0.13659668
0.15625000
-0.13952637
0.14831543
0.14086914
0.14770508
0.04251099
-0.01290894
0.09698486
-0.07824707
-0.05218506
0.05184937
0.07360840
-0.01599121
0.07696533
-0.17102051
0.26318359
-0.47534180
0.33886719
0.67236328
-0.06707764
0.25317383
0.09069824
0.10137939
0.02093506
-0.53417969
-0.34228516
-0.63916016
0.90332031
-0.11175537
0.24719238
0.18640137
0.18615723
0.19274902
0.18542480
0.17126465
-0.18164062
0.18115234
0.01342773
-0.11315918
0.01342010
-0.15185547
-0.13964844
-0.10974121
0.04425049
0.13647461
-0.04010010
0.11749268
0.03021240
-0.51660156
-0.34082031
0.43359375
0.17089844
0.03344727
0.29931641
0.28173828
0.38769531
0.41186523
-0.01152039
0.85937500
-0.49291992
0.31787109
0.16308594
-0.20886230
-0.20275879
0.18603516
-0.18847656
0.18273926
0.18261719
0.18225098
0.10131836
-0.07556152
0.04681396
0.01824951
-0.03564453
-0.02030945
0.02661133
0.04553223
-0.00726318
0.00262451
0.00665283
-0.17626953
-0.12158203
0.09680176
0.04553223
0.02658081
-0.02232361
0.01840210
-0.05749512
0.08508301
-0.30834961
0.23767090
-0.06884766
-0.15686035
0.14636230
0.15344238
0.14953613
0.16857910
0.15173340
0.15734863
-0.15002441
0.15808105
-0.04928589
-0.02096558
-0.00906372
-0.04803467
0.00461578
-0.06164551
-0.01948547
0.06762695
-0.06225586
0.10748291
-0.16333008
0.12646484
-0.15429688
-0.05755615
0.03582764
-0.03555298
0.07501221
0.12536621
0.23571777
-0.07708740
-0.01247406
0.12756348
0.11718750
0.13195801
0.15637207
-0.17883301
-0.17419434
0.15087891
-0.16455078
0.15039062
0.15917969
0.15124512
0.11206055
-0.13427734
0.05932617
-0.04779053
-0.04638672
-0.02192688
0.01535797
0.02783203
-0.00101185
-0.05053711
-0.07617188
-0.12719727
-0.18005371
0.02030945
0.00401688
-0.02890015
-0.05798340
-0.03381348
-0.08312988
0.12609863
-0.27905273
0.39135742
-0.28002930
-0.18847656
0.13916016
0.18640137
0.18762207
0.19934082
0.19006348
0.19982910
-0.18920898
0.19519043
-0.00096130
-0.04534912
-0.08605957
-0.02519226
0.03201294
-0.06921387
-0.01547241
0.05477905
-0.02033997
0.05444336
-0.16687012
0.19604492
-0.13171387
-0.06823730
0.01710510
-0.01309204
0.04858398
0.10815430
0.17260742
-0.14941406
-0.04907227
0.08898926
0.20288086
0.07885742
0.18273926
-0.20764160
-0.19726562
0.18884277
-0.19824219
0.18994141
0.19580078
0.19018555
-0.10595703
0.39404297
-0.16577148
0.79736328
0.55224609
0.48095703
0.56347656
-0.42016602
0.82617188
-0.67822266
1.82421875
-1.69921875
2.16015625
3.09375000
0.27368164
1.82617188
0.90039062
0.91894531
0.73535156
-3.34375000
-1.21582031
-4.63281250
6.26953125
0.46411133
0.68994141
-0.12158203
-0.13122559
-0.10729980
-0.12512207
-0.14257812
0.13024902
-0.13818359
-0.05279541
0.24731445
0.81152344
-0.64501953
-1.11132812
-0.38378906
0.78808594
0.76123047
-0.34985352
0.83203125
0.76318359
-3.03515625
-1.27539062
1.90625000
1.04492188
-0.08935547
1.62304688
1.27246094
1.75781250
2.43164062
0.41406250
3.93359375
-2.84375000
1.59472656
-0.22680664
-0.04132080
0.07281494
-0.12634277
0.11944580
-0.12219238
-0.13415527
-0.12902832
0.02905273
-0.04626465
0.05657959
-0.03071594
0.02459717
0.00199890
0.01788330
0.04403687
0.00881958
-0.06518555
0.08020020
-0.35937500
0.06799316
0.45336914
0.08129883
0.17199707
0.04971313
0.07324219
0.05007935
-0.36645508
-0.31494141
-0.32958984
0.72167969
-0.02474976
0.20678711
0.08386230
0.09136963
0.11169434
0.10186768
0.13110352
-0.10504150
0.11315918
0.06787109
-0.12536621
-0.00434875
-0.01060486
-0.03970337
-0.06823730
0.01747131
0.03152466
-0.06500244
0.11956787
-0.13842773
-0.17724609
-0.30004883
0.15258789
0.10809326
-0.04278564
0.25073242
0.21264648
0.24401855
0.18151855
0.09326172
0.71044922
-0.22912598
0.27929688
0.05084229
-0.16149902
-0.10546875
0.09783936
-0.11309814
0.10736084
0.11309814
0.10687256
-0.11413574
0.09246826
0.04183960
-0.01972961
-0.09893799
-0.00728607
0.01447296
0.02627563
-0.05096436
0.00772858
-0.04299927
-0.11706543
-0.18664551
-0.04910278
0.01049042
-0.06082153
-0.07141113
-0.03204346
-0.10217285
0.23620605
-0.28540039
0.44897461
-0.35986328
-0.19592285
0.14221191
0.18310547
0.17480469
0.19860840
0.17810059
0.17956543
-0.17602539
0.18457031
0.01741028
-0.03424072
0.01992798
0.00144768
-0.00144958
-0.04293823
-0.05563354
0.03616333
-0.03619385
0.04336548
-0.20251465
0.22705078
-0.09753418
-0.11285400
-0.01641846
-0.02133179
-0.00151062
0.07440186
0.18139648
-0.18115234
-0.05535889
-0.01998901
0.23095703
0.09069824
0.19018555
-0.19812012
-0.20617676
0.17700195
-0.19287109
0.17651367
0.18591309
0.17687988
-0.05068970
0.08959961
-0.01403046
0.05892944
0.02606201
0.06982422
0.03906250
-0.02264404
0.05014038
-0.07916260
0.09155273
-0.22558594
0.02575684
0.24353027
0.03240967
0.12841797
0.00836182
0.04336548
-0.03341675
-0.17004395
-0.36450195
0.00691223
0.28808594
-0.14257812
0.20190430
0.17602539
0.17736816
0.18908691
0.17968750
0.18750000
-0.17785645
0.18310547
-0.06060791
0.02377319
0.04608154
0.00856018
-0.05975342
-0.05337524
0.04248047
0.09564209
-0.05014038
0.10229492
-0.10705566
-0.06964111
-0.21044922
0.09008789
0.09924316
-0.02291870
0.18774414
0.20300293
0.32714844
0.04901123
-0.00938416
0.39892578
-0.04953003
0.22412109
0.16186523
-0.21166992
-0.19042969
0.17846680
-0.18750000
0.17883301
0.18395996
0.17919922
0.12353516
-0.07617188
-0.10119629
0.07830811
0.07189941
0.11334229
0.00172424
-0.08190918
0.06829834
-0.09906006
0.07202148
-0.13623047
-0.02404785
0.05627441
-0.02685547
0.01408386
-0.05548096
0.00309753
-0.09088135
0.13159180
-0.33471680
0.26196289
-0.13000488
-0.17944336
0.15527344
0.18005371
0.16699219
0.18798828
0.16699219
0.15527344
-0.16235352
0.16833496
-0.08410645
0.10180664
-0.03674316
0.11145020
-0.02474976
0.00791931
0.06414795
0.09509277
-0.01887512
0.07867432
-0.05419922
0.03622437
-0.08782959
0.00762939
0.04876709
0.00278854
0.07684326
0.12347412
0.24499512
-0.06994629
-0.04882812
0.09832764
0.11840820
0.13562012
0.18676758
-0.18505859
-0.20129395
0.16723633
-0.17956543
0.16284180
0.16992188
0.16320801
-0.19897461
-0.16113281
0.05273438
-0.14331055
0.71142578
0.23461914
-0.35693359
-0.60937500
0.56054688
-0.71728516
1.05273438
-0.76318359
1.79882812
2.29882812
0.11706543
1.34863281
0.65820312
0.68408203
0.53710938
-2.86718750
-0.95556641
-4.05078125
5.28906250
0.32080078
0.57666016
-0.05545044
-0.05682373
-0.03680420
-0.04855347
-0.05358887
0.05105591
-0.05569458
0.21362305
-0.75830078
-0.81689453
0.93359375
0.66748047
0.39843750
0.57568359
0.01831055
0.17480469
0.18640137
0.91796875
-2.76757812
-0.78955078
1.91210938
0.68066406
0.03173828
1.25390625
0.97607422
1.35546875
1.94726562
0.32104492
3.39453125
-2.29492188
1.26953125
-0.13879395
-0.08734131
0.01516724
-0.05114746
0.04318237
-0.04425049
-0.05288696
-0.04977417
0.03533936
-0.09777832
-0.02545166
-0.03744507
-0.05718994
0.00972748
0.07275391
0.00994110
-0.02735901
0.01461792
-0.03143311
-0.08953857
-0.21899414
-0.14868164
-0.01562500
-0.12756348
-0.09063721
-0.04513550
-0.11120605
0.35156250
-0.21423340
0.59814453
-0.56152344
-0.17919922
0.10388184
0.15783691
0.14904785
0.17565918
0.15124512
0.14892578
-0.14892578
0.15820312
0.14941406
-0.02583313
-0.01541138
-0.00206757
-0.09844971
-0.02508545
-0.04486084
0.05023193
-0.05065918
0.03247070
-0.19445801
0.29541016
-0.06121826
-0.17480469
-0.05328369
-0.01213074
-0.07928467
-0.00262070
0.10186768
-0.22058105
-0.06134033
-0.18640137
0.28466797
0.03097534
0.17089844
-0.16894531
-0.18591309
0.15051270
-0.16821289
0.14831543
0.15991211
0.14953613
0.01799011
-0.01708984
-0.11511230
0.05718994
0.01319885
-0.07373047
0.05615234
0.10302734
-0.10656738
0.02906799
-0.08483887
0.01025391
0.07702637
0.13928223
-0.09362793
-0.05200195
-0.02899170
0.00542068
-0.03338623
-0.28906250
-0.15332031
-0.09680176
0.25073242
-0.05633545
0.12792969
0.14196777
0.15405273
0.13293457
0.14904785
0.13183594
-0.14416504
0.13635254
-0.00399399
0.00201416
0.00112915
-0.01905823
-0.12286377
0.03036499
-0.09167480
0.02096558
-0.03515625
-0.08081055
-0.08270264
-0.04315186
-0.00100708
0.23168945
-0.05752563
0.03735352
0.08679199
0.01586914
0.12890625
0.07940674
0.00015259
0.42968750
-0.19714355
0.13793945
0.09710693
-0.13769531
-0.13208008
0.15161133
-0.13415527
0.14453125
0.13574219
0.14331055
0.16687012
0.69140625
0.80566406
-0.93310547
-0.12768555
-0.08239746
-0.60009766
-0.56787109
0.48388672
-0.74072266
0.88476562
-0.40722656
1.86523438
2.15625000
0.08056641
1.34765625
0.61962891
0.66162109
0.51416016
-2.89257812
-0.95898438
-4.07421875
5.30078125
0.31567383
0.57666016
-0.05526733
-0.05685425
-0.03671265
-0.04858398
-0.05355835
0.05108643
-0.05569458
-0.23950195
0.35107422
0.14721680
0.14428711
0.96728516
0.45483398
0.31420898
-0.22021484
0.33276367
0.02172852
1.08203125
-2.84179688
-0.61621094
2.07031250
0.68652344
0.08569336
1.27148438
0.99121094
1.36523438
1.91210938
0.31201172
3.36523438
-2.26757812
1.27050781
-0.13696289
-0.08746338
0.01507568
-0.05120850
0.04315186
-0.04428101
-0.05288696
-0.04980469
-0.04568481
0.10876465
0.12158203
-0.10327148
0.05288696
0.06976318
-0.01078796
-0.12060547
0.09631348
-0.09631348
0.11645508
-0.20190430
-0.03945923
0.07794189
0.03033447
0.01490784
-0.00767136
0.03604126
-0.05328369
0.18286133
-0.30126953
0.31909180
-0.12445068
-0.12658691
0.15783691
0.12310791
0.11248779
0.14697266
0.11401367
0.10937500
-0.11181641
0.12182617
-0.11389160
-0.05447388
-0.00912476
0.04187012
0.06579590
0.10107422
0.07086182
0.08081055
-0.03240967
0.09466553
-0.08752441
0.05715942
-0.14147949
-0.05725098
0.05618286
-0.05017090
0.05548096
0.12731934
0.21435547
-0.02978516
0.00637817
0.03201294
0.06970215
0.16247559
0.13305664
-0.15270996
-0.16479492
0.11334229
-0.13549805
0.11065674
0.12420654
0.11248779
-0.02035522
0.12298584
0.01086426
0.04565430
0.15258789
0.09497070
0.08544922
-0.02398682
0.00666809
-0.01465607
0.04833984
-0.20727539
-0.20727539
-0.06384277
0.03115845
-0.08508301
-0.06890869
-0.03707886
-0.10644531
0.28881836
-0.26806641
0.60546875
-0.50634766
-0.19287109
0.13537598
0.18750000
0.18444824
0.20666504
0.18835449
0.19775391
-0.18786621
0.19702148
-0.15380859
-0.12481689
-0.12670898
0.07745361
-0.07501221
-0.00437164
0.04144287
0.08874512
-0.08300781
0.05703735
-0.25512695
0.27221680
-0.16845703
-0.18591309
-0.01931763
-0.05029297
-0.03125000
0.06170654
0.15966797
-0.22021484
-0.06036377
-0.07080078
0.27319336
0.06179810
0.18786621
-0.21081543
-0.20910645
0.18688965
-0.20336914
0.18774414
0.19824219
0.18896484
-0.13122559
-0.70703125
-0.23962402
-0.41845703
-0.86083984
-0.35937500
-0.67626953
-0.43725586
0.36376953
-0.72656250
0.69042969
-0.04589844
1.91503906
2.00390625
0.04394531
1.34179688
0.58154297
0.63916016
0.49072266
-2.91601562
-0.96191406
-4.09765625
5.31250000
0.31054688
0.57714844
-0.05508423
-0.05688477
-0.03665161
-0.04864502
-0.05352783
0.05111694
-0.05566406
0.26074219
0.31738281
0.78320312
-0.84667969
0.45996094
0.29052734
-0.03454590
-0.42407227
0.46093750
-0.14404297
1.21582031
-2.86914062
-0.43701172
2.21875000
0.68945312
0.13940430
1.29003906
1.00585938
1.37304688
1.87500000
0.30297852
3.33593750
-2.23828125
1.27246094
-0.13525391
-0.08764648
0.01497650
-0.05123901
0.04309082
-0.04434204
-0.05285645
-0.04983521
0.11425781
0.11413574
0.08905029
-0.03062439
0.08489990
0.03741455
0.01637268
-0.06689453
0.04611206
-0.07739258
0.07501221
-0.17077637
-0.05877686
0.05932617
0.01161194
-0.01308441
-0.05371094
0.00228882
-0.07110596
0.07214355
-0.27001953
0.27197266
-0.11785889
-0.12719727
0.11682129
0.14111328
0.13745117
0.14587402
0.13806152
0.13610840
-0.13476562
0.13830566
0.04220581
0.09509277
0.00292969
0.03131104
0.05944824
0.06365967
0.05007935
0.06402588
-0.04058838
0.04528809
-0.13122559
0.08636475
-0.11767578
-0.03527832
0.02337646
-0.02838135
0.06054688
0.08111572
0.17443848
-0.08972168
-0.02035522
0.15136719
0.10766602
0.09368896
0.13391113
-0.15161133
-0.14892578
0.13818359
-0.14270020
0.13562012
0.13879395
0.13525391
0.02658081
0.03649902
0.04522705
-0.00603867
0.03778076
0.02853394
0.00598145
-0.05187988
0.03579712
-0.06286621
0.10961914
-0.18908691
-0.01843262
0.12036133
0.03463745
0.05517578
-0.01785278
-0.00399780
-0.06945801
0.00689697
-0.27685547
0.16137695
0.03265381
-0.15332031
0.17138672
0.15832520
0.15832520
0.17480469
0.16101074
0.17187500
-0.16076660
0.16809082
0.03842163
0.06719971
-0.00605774
0.01363373
0.03820801
0.05276489
0.03387451
0.02676392
-0.02972412
0.03570557
-0.11688232
-0.02590942
-0.19152832
0.01342773
0.05264282
-0.02874756
0.08221436
0.14733887
0.22973633
-0.04293823
-0.02719116
0.19995117
0.05181885
0.16442871
0.15722656
-0.19177246
-0.17724609
0.15942383
-0.17272949
0.16088867
0.16918945
0.16210938
0.09320068
0.19677734
-0.75000000
0.68115234
-0.87500000
-0.46240234
-0.56494141
-0.23767090
0.21142578
-0.67626953
0.47656250
0.31689453
1.94726562
1.83984375
0.00708008
1.33496094
0.54199219
0.61669922
0.46752930
-2.93945312
-0.96484375
-4.12109375
5.32421875
0.30566406
0.57763672
-0.05484009
-0.05691528
-0.03659058
-0.04867554
-0.05349731
0.05114746
-0.05563354
-0.27636719
-0.75000000
-0.32885742
-0.65380859
-0.43139648
-0.01464844
-0.37402344
-0.56103516
0.54785156
-0.30249023
1.31445312
-2.85351562
-0.25341797
2.35546875
0.69140625
0.19311523
1.30664062
1.01953125
1.38085938
1.83886719
0.29345703
3.30859375
-2.21093750
1.27343750
-0.13354492
-0.08770752
0.01488495
-0.05130005
0.04302979
-0.04437256
-0.05282593
-0.04986572
0.18481445
0.37548828
-0.23535156
0.45751953
-0.33691406
-0.24462891
-0.21557617
-0.07116699
0.08087158
-0.34765625
0.23742676
0.21435547
1.17773438
1.14746094
-0.06115723
0.77734375
0.25952148
0.31542969
0.21752930
-1.84765625
-0.63964844
-2.50976562
3.26171875
0.10998535
0.40429688
0.05426025
0.05813599
0.06124878
0.06063843
0.05221558
-0.05709839
0.05239868
-0.04156494
-0.19262695
-0.34960938
-0.13720703
-0.36376953
-0.09008789
-0.22705078
-0.28051758
0.26635742
-0.22631836
0.70507812
-1.74609375
-0.16381836
1.56640625
0.38818359
0.16650391
0.82958984
0.64208984
0.83837891
1.09277344
0.15332031
2.17382812
-1.35937500
0.79296875
-0.00138855
-0.13610840
-0.07257080
0.06024170
-0.05850220
0.06130981
0.05331421
0.05773926
0.03326416
-0.04736328
-0.01214600
-0.01705933
0.01948547
-0.00052166
0.01120758
-0.02426147
0.01727295
-0.07110596
0.11474609
-0.22290039
-0.05572510
0.07421875
0.03799438
-0.05395508
-0.01204681
-0.00005150
-0.01647949
0.14538574
-0.16345215
0.33276367
-0.24267578
-0.05740356
0.07751465
0.05209351
0.05087280
0.07275391
0.05642700
0.07177734
-0.05834961
0.06646729
-0.08459473
-0.05078125
0.02447510
0.03234863
0.02325439
0.04370117
0.01699829
0.04135132
-0.04388428
0.00225830
-0.11895752
0.00198364
-0.19714355
-0.04379272
-0.00627136
-0.04214478
-0.00638580
0.01622009
0.06933594
-0.05688477
0.02384949
0.08221436
0.09716797
0.05096436
0.04888916
-0.09161377
-0.07617188
0.05456543
-0.06994629
0.05865479
0.06719971
0.05926514
-0.04284668
-0.06240845
-0.06878662
-0.02967834
-0.01863098
0.01620483
0.04187012
-0.01882935
-0.00212097
0.01376343
0.00888062
0.00685120
0.13354492
0.16406250
-0.08105469
0.05410767
-0.04058838
-0.00169373
-0.06604004
-0.33349609
-0.23352051
-0.26049805
0.44140625
-0.10272217
0.13183594
0.16137695
0.17407227
0.14270020
0.16540527
0.15222168
-0.15930176
0.15124512
-0.02447510
-0.03353882
0.07354736
-0.03704834
0.08752441
-0.02839661
0.06488037
0.05395508
-0.05258179
-0.04315186
-0.04296875
-0.16992188
-0.03015137
0.31567383
0.00521851
0.05932617
0.14184570
0.11297607
0.20629883
0.09106445
-0.03421021
0.49291992
-0.18127441
0.15600586
0.13256836
-0.14953613
-0.13781738
0.16870117
-0.14697266
0.16027832
0.15002441
0.15881348
0.10198975
0.05627441
-0.12377930
0.01158142
-0.07983398
-0.05627441
-0.02696228
-0.06262207
0.02322388
-0.06787109
0.09301758
-0.15905762
0.01797485
0.07946777
-0.05947876
0.01472473
-0.08776855
-0.04260254
-0.11132812
0.03034973
-0.29565430
0.22058105
-0.08880615
-0.19165039
0.15405273
0.21289062
0.20996094
0.20996094
0.20996094
0.20556641
-0.20629883
0.20690918
-0.00521851
-0.17138672
0.00329590
-0.06768799
0.06677246
0.05450439
0.03250122
-0.02215576
-0.01065063
-0.04052734
-0.07153320
-0.05148315
-0.12451172
0.08996582
0.03833008
0.03240967
0.07391357
0.09844971
0.20678711
-0.07153320
-0.07922363
0.24353027
0.08294678
0.11462402
0.20202637
-0.21142578
-0.20886230
0.21057129
-0.20922852
0.20788574
0.20727539
0.20666504
-0.03942871
-0.08746338
0.09606934
0.06420898
0.08184814
-0.03927612
-0.00392151
0.01246643
-0.01602173
-0.07958984
0.05609131
0.14062500
0.50781250
0.42285156
-0.11389160
0.27807617
0.03906250
0.06457520
0.00366211
-0.73388672
-0.34960938
-0.87255859
1.17382812
-0.08569336
0.25097656
0.16479492
0.17016602
0.16918945
0.16992188
0.16381836
-0.16711426
0.16528320
-0.03878784
0.05474854
-0.01156616
0.14147949
-0.12255859
-0.08746338
-0.06726074
-0.09637451
0.06787109
-0.16430664
0.23083496
-0.73535156
-0.07055664
0.77490234
0.14709473
0.11621094
0.36254883
0.32128906
0.39282227
0.41284180
-0.00885010
0.96484375
-0.52294922
0.34790039
0.13647461
-0.19702148
-0.17236328
0.16992188
-0.16857910
0.16870117
0.16613770
0.16760254
0.05908203
0.14172363
-0.05065918
-0.00870514
0.02540588
-0.05984497
-0.02926636
-0.04797363
0.05154419
-0.14746094
0.13903809
-0.02143860
0.35424805
0.46655273
0.06280518
0.30029297
0.04620361
0.09350586
0.09344482
-0.74658203
-0.36425781
-0.82910156
1.33691406
0.05175781
0.22839355
0.02767944
0.03985596
0.05767822
0.05236816
0.09210205
-0.05697632
0.06481934
0.05401611
-0.08728027
-0.04098511
-0.03936768
-0.04919434
0.04244995
-0.04254150
-0.01034546
0.06051636
-0.07238770
0.08538818
-0.55224609
-0.18420410
0.53369141
0.17785645
0.02056885
0.36743164
0.29003906
0.33715820
0.29345703
0.10815430
1.03222656
-0.40380859
0.38183594
-0.01451111
-0.12744141
-0.04675293
0.04739380
-0.06213379
0.06015015
0.06439209
0.05905151
-0.06591797
0.03985596
0.06094360
0.05169678
0.01916504
-0.08764648
-0.00944519
-0.03686523
0.01480103
-0.09326172
0.08001709
-0.05102539
0.17333984
0.18188477
-0.06304932
0.10052490
-0.05053711
-0.01129150
-0.05859375
-0.18200684
-0.28466797
-0.09655762
0.25439453
-0.12493896
0.19921875
0.16235352
0.15722656
0.17993164
0.16247559
0.16467285
-0.16210938
0.16833496
-0.00810242
0.10137939
-0.04541016
0.05883789
-0.07861328
-0.06280518
-0.05532837
-0.06854248
0.03942871
-0.08227539
0.04840088
-0.25463867
-0.06713867
0.27099609
0.10101318
0.04605103
0.18505859
0.17907715
0.23583984
0.06823730
-0.03375244
0.42602539
-0.08929443
0.19873047
0.14794922
-0.19775391
-0.18603516
0.16088867
-0.17541504
0.16308594
0.16967773
0.16333008
-0.06256104
-0.01943970
0.06781006
0.02807617
-0.02603149
-0.07946777
-0.03329468
-0.04296875
0.03366089
-0.09588623
0.14135742
-0.15148926
0.07263184
0.14111328
0.00231934
0.08703613
-0.03643799
-0.00421143
-0.07592773
-0.08032227
-0.32055664
0.09851074
0.11944580
-0.15197754
0.16284180
0.17163086
0.17431641
0.17590332
0.17443848
0.18212891
-0.17248535
0.17541504
-0.06689453
0.13391113
-0.04449463
0.04223633
-0.06628418
-0.04205322
-0.03524780
-0.07336426
0.04306030
-0.05169678
-0.02584839
-0.13110352
-0.17639160
0.10571289
0.08129883
0.00088501
0.13623047
0.16723633
0.25781250
-0.02566528
-0.03131104
0.30249023
0.03460693
0.16149902
0.16040039
-0.19323730
-0.17297363
0.17419434
-0.17639160
0.17370605
0.17553711
0.17333984
-0.04449463
0.12939453
-0.08050537
-0.21411133
0.25317383
0.09350586
0.12683105
0.12145996
-0.09924316
-0.03256226
-0.07458496
0.44873047
0.67431641
0.46044922
-0.15124512
0.37622070
0.04504395
0.09698486
0.03631592
-1.10058594
-0.41455078
-1.39355469
1.75390625
-0.02343750
0.21972656
0.11767578
0.12432861
0.09765625
0.11999512
0.10546875
-0.11505127
0.10437012
0.08776855
-0.09851074
0.12231445
0.07653809
0.05740356
-0.13415527
-0.11560059
-0.09802246
0.09747314
-0.28466797
0.35888672
-0.91894531
0.07348633
1.09667969
0.17883301
0.18518066
0.48730469
0.39013672
0.46728516
0.55029297
0.02233887
1.32031250
-0.70507812
0.38696289
0.07940674
-0.12963867
-0.09552002
0.12237549
-0.10107422
0.11834717
0.10369873
0.11444092
0.06451416
-0.12243652
0.07006836
-0.00206375
0.01727295
-0.06347656
-0.01831055
-0.02114868
0.02236938
-0.08642578
0.13854980
-0.09509277
0.14782715
0.17309570
-0.00561523
0.10357666
-0.03741455
-0.00473022
-0.06567383
-0.15661621
-0.33642578
-0.01037598
0.24633789
-0.14221191
0.20300293
0.17663574
0.17724609
0.19213867
0.18225098
0.19580078
-0.18200684
0.18847656
-0.01867676
-0.00259399
0.02023315
0.04873657
-0.05566406
-0.07238770
-0.05004883
-0.08764648
0.04949951
-0.08416748
0.03265381
-0.23913574
-0.14965820
0.20715332
0.08996582
0.00549316
0.16235352
0.19494629
0.28369141
0.02244568
-0.03195190
0.41748047
-0.03698730
0.20996094
0.15917969
-0.21801758
-0.19067383
0.18017578
-0.19165039
0.18359375
0.18896484
0.18334961
-0.11206055
0.41723633
-0.82275391
-0.92822266
1.08105469
0.31762695
0.61181641
0.55761719
-0.45214844
-0.59033203
-0.45263672
1.79882812
2.42578125
1.49902344
-0.20263672
1.75585938
0.47119141
0.66552734
0.48193359
-3.58007812
-1.24511719
-4.85937500
6.39062500
0.41113281
0.69531250
-0.12072754
-0.13208008
-0.10601807
-0.12609863
-0.14184570
0.13085938
-0.13769531
-0.03829956
0.20581055
-0.10150146
-0.43481445
0.60937500
-0.52685547
-0.75097656
-0.66699219
0.77441406
-0.89599609
1.92578125
-2.97656250
0.63818359
3.30859375
1.06152344
0.51367188
1.79589844
1.42187500
1.84375000
2.06640625
0.31665039
3.65234375
-2.56250000
1.61035156
-0.20935059
-0.04357910
0.07092285
-0.12756348
0.11846924
-0.12304688
-0.13354492
-0.12939453
0.06640625
-0.10986328
0.04797363
0.04583740
0.02957153
-0.10400391
-0.06359863
-0.14282227
0.10156250
-0.17028809
0.26293945
-0.27465820
0.13391113
0.28173828
0.10076904
0.11840820
0.00903320
0.03564453
0.04629517
-0.17272949
-0.28759766
0.08349609
0.23681641
-0.01699829
0.17590332
0.05178833
0.06262207
0.09704590
0.07836914
0.12634277
-0.08544922
0.09954834
0.14208984
-0.29052734
0.18115234
0.15869141
-0.10754395
-0.08795166
-0.04791260
-0.05957031
0.07092285
-0.03530884
-0.02459717
-0.23999023
-0.30712891
0.11511230
0.13037109
-0.05517578
0.18981934
0.15893555
0.17822266
-0.00367737
0.09741211
0.42065430
0.00035095
0.19995117
0.02140808
-0.15551758
-0.08703613
0.07232666
-0.09936523
0.08740234
0.10003662
0.08813477
-0.02952576
0.05856323
-0.03036499
-0.04348755
0.04342651
-0.00622559
0.02798462
0.01333618
-0.00125122
-0.06939697
0.11059570
0.00860596
0.23828125
0.18896484
-0.02429199
0.15136719
-0.03610229
0.00225830
-0.04211426
-0.26586914
-0.31811523
-0.19470215
0.42797852
-0.12322998
0.18835449
0.16162109
0.16369629
0.17102051
0.16931152
0.18457031
-0.16918945
0.17333984
0.05294800
-0.13916016
0.06848145
0.01828003
0.01892090
-0.09838867
-0.04516602
-0.06726074
0.05346680
-0.12103271
0.08703613
-0.34448242
-0.10534668
0.32226562
0.12023926
0.04168701
0.22155762
0.20947266
0.25976562
0.08331299
-0.01979065
0.53613281
-0.09851074
0.20312500
0.14160156
-0.19970703
-0.16455078
0.16687012
-0.17309570
0.17163086
0.17321777
0.17053223
-0.11413574
0.17309570
-0.09497070
-0.08978271
0.12255859
0.02487183
-0.00262451
0.04586792
0.00262451
-0.10729980
0.15563965
-0.18383789
0.07708740
0.10009766
-0.01419067
0.09881592
-0.05004883
-0.01809692
-0.11804199
0.06860352
-0.36645508
0.30249023
-0.03408813
-0.19042969
0.21630859
0.19885254
0.19274902
0.21838379
0.19567871
0.19970703
-0.19335938
0.20227051
-0.05505371
0.01190186
0.02606201
-0.02430725
-0.02220154
-0.14929199
-0.11236572
-0.15063477
0.09899902
-0.08032227
0.07397461
-0.12683105
-0.14636230
0.02575684
0.10290527
-0.00543213
0.11901855
0.20019531
0.31909180
-0.06683350
-0.06311035
0.13439941
0.09667969
0.21984863
0.19934082
-0.23132324
-0.22680664
0.19421387
-0.21240234
0.19384766
0.20410156
0.19470215
0.01493835
0.02008057
-0.05322266
-0.01773071
0.03811646
0.06085205
0.00845337
0.06573486
-0.01333618
0.00233459
0.09753418
-0.00506592
0.19543457
0.11407471
-0.06671143
0.08325195
-0.03790283
-0.02093506
-0.10632324
-0.09020996
-0.32885742
0.01669312
0.14660645
-0.19580078
0.20239258
0.21789551
0.21496582
0.22521973
0.21447754
0.20874023
-0.21142578
0.21435547
-0.06994629
0.07940674
-0.03369141
-0.08184814
0.02069092
-0.04824829
-0.03656006
-0.06762695
0.03384399
-0.10424805
0.08386230
-0.28295898
-0.10675049
0.27978516
0.06262207
0.03680420
0.12048340
0.18615723
0.29077148
0.05334473
-0.07708740
0.33764648
-0.05599976
0.19482422
0.21228027
-0.23034668
-0.23156738
0.21447754
-0.22131348
0.21203613
0.21557617
0.21191406
-0.02049255
0.04724121
-0.03567505
0.02780151
-0.02969360
-0.01038361
-0.04940796
-0.00274658
0.01652527
0.09283447
0.03134155
0.22949219
0.30224609
0.10473633
-0.12243652
0.12109375
-0.05599976
-0.02371216
-0.06604004
-0.48681641
-0.27148438
-0.47924805
0.67089844
-0.12670898
0.19616699
0.19128418
0.19921875
0.18774414
0.19860840
0.19372559
-0.19519043
0.19128418
-0.01876831
-0.00360107
-0.01280212
-0.00350952
-0.03567505
0.03991699
0.00947571
0.03485107
-0.03741455
-0.06323242
0.04238892
-0.36840820
-0.00488281
0.56835938
0.02835083
0.12854004
0.22814941
0.19323730
0.24694824
0.18701172
-0.05114746
0.70800781
-0.27929688
0.21997070
0.16235352
-0.20397949
-0.18322754
0.19885254
-0.19042969
0.19738770
0.19116211
0.19519043
0.01464844
-0.08276367
0.08734131
0.10931396
-0.00956726
0.09582520
0.04791260
0.09185791
-0.04882812
-0.05172729
0.05654907
-0.05581665
0.08728027
0.08062744
-0.03405762
0.04470825
-0.05139160
0.01275635
-0.08422852
0.01535034
-0.31665039
0.11212158
0.06939697
-0.12103271
0.12359619
0.13391113
0.12878418
0.13403320
0.12481689
0.11535645
-0.11981201
0.12219238
0.13220215
-0.05691528
-0.01365662
-0.01021576
0.07354736
0.01593018
-0.02203369
-0.07708740
0.07897949
-0.12011719
0.08331299
-0.13598633
-0.06298828
0.11132812
0.05291748
0.00482178
0.09173584
0.13281250
0.22229004
0.00324059
-0.02510071
0.20910645
0.01783752
0.13171387
0.13183594
-0.13879395
-0.14233398
0.12646484
-0.12878418
0.12005615
0.12304688
0.12036133
-0.14611816
0.71972656
0.36425781
0.80908203
-0.96728516
0.18542480
0.54199219
0.55419922
-0.58154297
0.14660645
-0.86132812
2.19335938
1.77734375
0.70117188
-0.21069336
1.25195312
0.29980469
0.47387695
0.32592773
-3.07031250
-0.97949219
-4.25781250
5.39453125
0.27490234
0.58007812
-0.05368042
-0.05703735
-0.03622437
-0.04891968
-0.05331421
0.05130005
-0.05551147
-0.25244141
-0.28906250
0.73339844
0.48779297
0.12963867
0.42358398
0.40673828
0.25341797
0.08142090
-0.72607422
1.10058594
-1.85253906
0.83593750
2.90625000
0.65820312
0.50488281
1.38281250
1.09375000
1.42187500
1.60937500
0.23840332
3.12890625
-2.03906250
1.28027344
-0.12316895
-0.08843994
0.01428986
-0.05157471
0.04278564
-0.04461670
-0.05264282
-0.04998779
-0.06774902
-0.09252930
0.07061768
0.03051758
-0.00152588
0.08654785
0.02853394
0.04553223
-0.01351166
-0.01022339
0.08465576
-0.06335449
0.08898926
0.06658936
-0.05020142
0.01675415
-0.07354736
-0.01866150
-0.07366943
-0.01423645
-0.26953125
0.14001465
0.00596619
-0.12768555
0.12817383
0.15161133
0.14855957
0.15136719
0.14892578
0.14648438
-0.14611816
0.14733887
0.01544189
-0.06976318
-0.03717041
-0.03469849
0.06262207
0.00775146
-0.01487732
-0.05523682
0.04336548
-0.10131836
0.03155518
-0.14428711
-0.07250977
0.12512207
0.03723145
0.01542664
0.09680176
0.10021973
0.14770508
-0.00801849
-0.03210449
0.27661133
0.02923584
0.10357666
0.13940430
-0.16052246
-0.15136719
0.14941406
-0.14965820
0.14746094
0.14758301
0.14660645
0.29052734
0.33935547
-0.50488281
0.17370605
-0.85644531
-0.02856445
0.36621094
0.46777344
-0.58593750
0.25341797
-0.98046875
2.34179688
1.71972656
0.56152344
-0.23400879
1.23730469
0.27197266
0.45678711
0.30932617
-3.08398438
-0.98095703
-4.27343750
5.40234375
0.27148438
0.58007812
-0.05355835
-0.05706787
-0.03616333
-0.04895020
-0.05331421
0.05133057
-0.05551147
-0.02770996
0.69726562
0.64453125
0.92822266
-0.46704102
0.46166992
0.56982422
0.39013672
-0.03576660
-0.69628906
0.99707031
-1.66015625
0.94628906
2.93750000
0.65039062
0.53808594
1.38867188
1.10058594
1.42480469
1.58398438
0.23217773
3.10742188
-2.01953125
1.28125000
-0.12188721
-0.08856201
0.01422882
-0.05160522
0.04272461
-0.04461670
-0.05264282
-0.04998779
0.11340332
-0.15917969
-0.39697266
-0.13586426
-0.32153320
-0.09759521
0.10571289
0.19152832
-0.27587891
0.20117188
-0.53369141
1.44628906
1.04687500
0.30541992
-0.19262695
0.70654297
0.08959961
0.21594238
0.12194824
-1.93359375
-0.64794922
-2.61132812
3.30664062
0.08874512
0.40429688
0.05627441
0.05895996
0.06072998
0.06100464
0.05191040
-0.05728149
0.05224609
0.15173340
0.39086914
0.14099121
0.45776367
-0.37744141
0.24182129
0.29467773
0.21704102
-0.03735352
-0.36254883
0.51806641
-1.00000000
0.56445312
1.91699219
0.34277344
0.36572266
0.86425781
0.68164062
0.85791016
0.93359375
0.11267090
2.05468750
-1.24218750
0.79541016
0.00669861
-0.13537598
-0.07189941
0.06079102
-0.05813599
0.06155396
0.05313110
0.05789185
0.07043457
0.15283203
0.02575684
0.05068970
-0.07031250
0.07879639
0.05895996
0.08404541
-0.04037476
-0.02160645
0.07104492
-0.02746582
0.12091064
0.07409668
-0.06353760
0.07196045
-0.07666016
-0.00909424
-0.07977295
-0.07287598
-0.31494141
0.06225586
0.12609863
-0.11163330
0.13232422
0.13586426
0.13098145
0.13623047
0.12927246
0.12158203
-0.12500000
0.12658691
-0.07238770
-0.04003906
0.09521484
0.02056885
0.05712891
0.05850220
-0.01657104
-0.05029297
0.06463623
-0.11755371
0.07617188
-0.17187500
-0.04577637
0.17407227
0.07220459
0.04351807
0.14428711
0.14953613
0.20056152
0.02508545
-0.03053284
0.31298828
-0.01541901
0.13269043
0.12780762
-0.14501953
-0.14196777
0.13024902
-0.13232422
0.12609863
0.12744141
0.12536621
0.14038086
0.17871094
0.03524780
0.09362793
-0.06597900
0.10833740
0.06665039
0.07757568
0.01177979
-0.04107666
0.18322754
-0.22692871
0.04663086
0.05181885
-0.00316620
-0.01531982
-0.05621338
-0.04312134
-0.11718750
0.23864746
-0.24597168
0.50244141
-0.40625000
-0.16967773
0.11541748
0.16845703
0.16223145
0.17480469
0.16345215
0.16320801
-0.16113281
0.16589355
0.00576782
0.10479736
0.13037109
0.02505493
0.11572266
0.03704834
-0.04968262
-0.05441284
0.06280518
-0.06060791
0.07525635
-0.12902832
-0.17529297
-0.08270264
0.02920532
-0.03387451
-0.00154114
0.06823730
0.16162109
-0.11669922
-0.08105469
0.00097656
0.17285156
0.06121826
0.16687012
-0.17382812
-0.17895508
0.16296387
-0.17138672
0.16186523
0.16650391
0.16149902
0.02687073
0.00864410
-0.00457764
0.03994751
-0.03582764
-0.06982422
-0.03585815
-0.04302979
0.09576416
0.07604980
0.04730225
0.12890625
0.05197144
-0.06701660
-0.08276367
-0.04116821
-0.06896973
-0.01252747
-0.06811523
-0.39721680
-0.16040039
-0.30004883
0.43725586
-0.05419922
0.10650635
0.13488770
0.14892578
0.11218262
0.14001465
0.11981201
-0.13391113
0.12231445
-0.03512573
0.00172424
0.09869385
0.01695251
0.08337402
-0.04861450
-0.08941650
-0.06848145
0.00576782
0.07537842
-0.09191895
0.00238037
0.10351562
0.34570312
-0.09631348
0.05242920
0.09588623
0.04809570
0.12817383
0.06481934
-0.02777100
0.51611328
-0.21667480
0.12573242
0.09240723
-0.11639404
-0.10766602
0.14379883
-0.11651611
0.13452148
0.12072754
0.13244629
-0.04385376
-0.02395630
-0.05981445
0.02105713
-0.05194092
0.02276611
0.01995850
0.05487061
-0.01224518
0.02424622
0.12634277
-0.08679199
0.09039307
0.06030273
-0.03378296
0.01412964
-0.08361816
-0.05508423
-0.10717773
0.04473877
-0.25854492
0.23693848
-0.11297607
-0.16918945
0.15087891
0.18530273
0.18457031
0.19067383
0.18652344
0.19323730
-0.18542480
0.18945312
0.05310059
0.12561035
0.06317139
0.04101562
0.01422119
0.06591797
-0.00016785
-0.01287079
0.02764893
-0.07409668
0.05010986
-0.15185547
-0.12322998
0.06469727
0.03659058
0.00585938
0.07031250
0.10607910
0.15405273
-0.07257080
-0.06451416
0.21301270
0.09777832
0.10504150
0.17614746
-0.20239258
-0.18750000
0.18566895
-0.19067383
0.18627930
0.18981934
0.18652344
0.08410645
0.11566162
0.05969238
-0.07409668
0.09088135
-0.06439209
-0.01806641
0.00065613
-0.01889038
0.15454102
-0.15393066
0.61767578
0.40600586
-0.01147461
-0.14538574
0.18933105
-0.03997803
0.01098633
-0.04772949
-0.73291016
-0.31152344
-0.88525391
1.13574219
-0.09436035
0.22705078
0.16125488
0.16625977
0.15576172
0.16357422
0.15258789
-0.15930176
0.15515137
0.00210571
-0.03289795
-0.02246094
-0.07666016
-0.03192139
-0.01814270
0.00445938
0.04846191
-0.02629089
-0.04528809
0.10662842
-0.32080078
0.23522949
0.83789062
0.05191040
0.17041016
0.31640625
0.28247070
0.34106445
0.32055664
-0.02859497
0.89648438
-0.45532227
0.31469727
0.13720703
-0.18017578
-0.15771484
0.16467285
-0.15637207
0.16125488
0.15551758
0.15954590
-0.07751465
-0.14514160
-0.06500244
0.02856445
0.04101562
0.02510071
0.00051880
0.04864502
-0.07824707
0.07299805
-0.02612305
0.41381836
0.39233398
0.15502930
-0.00646973
0.28295898
-0.03137207
0.04687500
0.05297852
-0.76953125
-0.37060547
-0.87988281
1.35156250
0.04101562
0.22863770
0.02967834
0.04040527
0.05725098
0.05279541
0.09185791
-0.05722046
0.06469727
0.01986694
0.08154297
0.00502014
0.02848816
-0.03717041
0.06890869
0.05163574
-0.00630569
0.01390076
-0.14709473
0.16101074
-0.36596680
0.07318115
0.69140625
0.18859863
0.10278320
0.36914062
0.30102539
0.34570312
0.22619629
0.08380127
0.98974609
-0.35351562
0.38305664
-0.00972748
-0.12695312
-0.04626465
0.04788208
-0.06179810
0.06060791
0.06414795
0.05923462
0.00360107
-0.24865723
-0.14819336
-0.03283691
-0.13000488
0.03747559
0.07086182
0.12731934
-0.06787109
-0.01649475
0.19909668
-0.13964844
0.21948242
0.20971680
0.10272217
0.07250977
-0.00494385
0.03253174
0.03964233
-0.09716797
-0.27368164
0.18823242
0.08056641
-0.02468872
0.15100098
0.05743408
0.06970215
0.09631348
0.08502197
0.13574219
-0.09173584
0.10467529
-0.18652344
-0.20947266
-0.16113281
0.17492676
-0.07092285
0.12658691
0.03350830
-0.07403564
0.09240723
-0.16430664
0.17993164
-0.32202148
-0.25439453
0.11425781
0.11407471
-0.07244873
0.12158203
0.10266113
0.14404297
-0.07348633
0.08398438
0.35522461
0.06561279
0.15710449
0.02528381
-0.15356445
-0.08148193
0.07904053
-0.10144043
0.09423828
0.10437012
0.09442139
0.06774902
-0.07324219
-0.06246948
-0.05999756
0.02282715
-0.02667236
-0.05957031
0.03189087
-0.01614380
0.09234619
-0.00579834
0.27099609
0.25878906
0.05752563
-0.00709534
0.10498047
-0.06457520
0.04473877
0.01293945
-0.44726562
-0.32177734
-0.40502930
0.71777344
-0.02290344
0.17358398
0.10607910
0.11431885
0.10192871
0.12213135
0.14208984
-0.12219238
0.12011719
-0.12255859
-0.18115234
-0.13403320
0.04382324
-0.09332275
0.01197815
0.01086426
-0.02798462
0.03050232
-0.11425781
0.11413574
-0.24291992
0.07348633
0.48242188
0.07104492
0.04077148
0.23510742
0.13867188
0.23608398
0.08410645
0.05447388
0.72851562
-0.17944336
0.24938965
0.05255127
-0.14721680
-0.08398438
0.11987305
-0.11029053
0.12695312
0.11767578
0.12335205
0.12072754
0.13964844
0.04611206
-0.12402344
-0.09399414
0.01446533
0.08703613
0.09887695
-0.00216675
-0.01602173
0.15771484
-0.12915039
0.09179688
0.04504395
0.01646423
-0.04095459
-0.06274414
0.00710297
-0.06829834
0.06933594
-0.24829102
0.33837891
-0.16699219
-0.12622070
0.15380859
0.18127441
0.18420410
0.18139648
0.18811035
0.19335938
-0.18615723
0.18640137
0.06231689
-0.16137695
-0.21008301
0.06811523
-0.16137695
0.06256104
-0.01132202
-0.07159424
0.10540771
-0.05798340
0.11511230
-0.16406250
-0.09655762
0.03674316
-0.00785065
-0.05197144
0.03695679
0.00839233
0.14025879
-0.08154297
-0.01928711
0.23693848
0.06939697
0.12915039
0.14587402
-0.19653320
-0.17419434
0.18737793
-0.18395996
0.18835449
0.18530273
0.18676758
-0.08569336
0.02062988
0.01547241
0.11785889
0.12646484
-0.12133789
-0.10070801
-0.01266479
-0.04168701
0.14501953
-0.09448242
0.19030762
0.16613770
-0.01240540
-0.11297607
0.07373047
-0.09985352
-0.05371094
-0.14892578
-0.03466797
-0.33764648
-0.00494385
0.10760498
-0.17565918
0.14819336
0.19213867
0.17846680
0.17590332
0.17443848
0.15319824
-0.16796875
0.16577148
0.05630493
0.11798096
0.08911133
-0.10632324
0.01544189
-0.05117798
0.04559326
0.15600586
-0.07611084
-0.08575439
0.10015869
-0.17138672
0.06610107
0.27880859
0.05334473
0.08746338
0.13085938
0.18896484
0.28906250
0.03019714
-0.11431885
0.30517578
-0.01535034
0.15234375
0.18762207
-0.17077637
-0.18420410
0.17687988
-0.17138672
0.17004395
0.16625977
0.16772461
0.02244568
-0.10369873
-0.09100342
0.18530273
0.07684326
-0.04312134
-0.09606934
-0.06408691
-0.01853943
0.19653320
-0.23242188
0.70703125
0.36474609
-0.12695312
-0.17541504
0.20715332
-0.06323242
0.01391602
-0.05853271
-0.72509766
-0.35986328
-0.88574219
1.14257812
-0.08813477
0.22448730
0.15979004
0.16333008
0.15026855
0.15881348
0.14245605
-0.15356445
0.14770508
-0.03668213
-0.06628418
0.09460449
-0.01780701
0.16467285
-0.12988281
-0.01232910
0.09320068
-0.08166504
-0.00492096
0.06677246
-0.16723633
0.34667969
0.84863281
0.07409668
0.20251465
0.35644531
0.31225586
0.37963867
0.33105469
-0.02545166
0.88085938
-0.45581055
0.32641602
0.13293457
-0.17138672
-0.15454102
0.16064453
-0.14978027
0.15539551
0.14782715
0.15319824
-0.01544189
-0.02040100
0.00081635
0.00002670
0.03048706
-0.06481934
0.00730133
0.05554199
-0.06738281
0.03854370
0.11547852
-0.13525391
0.10687256
0.12121582
0.03778076
0.00816345
-0.04168701
-0.01893616
-0.09027100
0.14135742
-0.26904297
0.31494141
-0.16088867
-0.14062500
0.14477539
0.13500977
0.13342285
0.15612793
0.13623047
0.14855957
-0.13562012
0.14550781
-0.10119629
0.06811523
0.04754639
0.01001740
-0.03900146
-0.01559448
0.02996826
0.05502319
0.00521088
-0.09527588
0.13330078
-0.20166016
-0.19506836
-0.02967834
0.04064941
-0.05667114
0.02835083
0.08874512
0.14550781
-0.10003662
-0.02136230
0.10650635
0.15527344
0.11499023
0.13842773
-0.17333984
-0.16064453
0.13452148
-0.15222168
0.13562012
0.14697266
0.13720703
0.04898071
-0.09936523
0.03875732
-0.01058197
0.03509521
-0.05130005
0.02769470
0.02531433
-0.02215576
0.04467773
0.08581543
-0.07006836
0.12829590
0.05072021
0.00935364
-0.02235413
-0.03735352
-0.02908325
-0.09960938
0.18237305
-0.24841309
0.37133789
-0.29711914
-0.15759277
0.11956787
0.15466309
0.14758301
0.16149902
0.15051270
0.15258789
-0.14892578
0.15368652
-0.09887695
0.05325317
0.06640625
-0.01631165
-0.08715820
0.02729797
0.03851318
0.03683472
0.04040527
-0.03588867
0.15197754
-0.20715332
-0.14501953
-0.00480652
0.00414658
-0.03317261
-0.01712036
0.04162598
0.15258789
-0.07836914
-0.07452393
0.10443115
0.12609863
0.07684326
0.15417480
-0.16528320
-0.16528320
0.14978027
-0.15844727
0.15014648
0.15454102
0.14929199
0.04898071
0.00842285
-0.08435059
0.10656738
0.05468750
0.01892090
-0.02401733
-0.00778198
-0.01141357
0.09912109
-0.05493164
0.17736816
0.07678223
-0.08862305
-0.09802246
0.02026367
-0.07904053
-0.01358032
-0.13024902
-0.18139648
-0.28002930
-0.14746094
0.28662109
-0.13549805
0.14892578
0.18188477
0.18334961
0.16687012
0.17395020
0.14843750
-0.16638184
0.16088867
0.04315186
-0.10040283
0.01852417
0.06707764
0.08361816
-0.11334229
-0.00228119
0.09429932
-0.03018188
0.01408386
0.01745605
-0.04467773
0.14086914
0.31591797
-0.02374268
0.05300903
0.10620117
0.12377930
0.24560547
0.05987549
-0.07153320
0.37353516
-0.12524414
0.16540527
0.16308594
-0.16320801
-0.17456055
0.17761230
-0.16430664
0.16625977
0.16076660
0.16564941
0.09716797
-0.11035156
-0.08142090
0.07537842
0.08264160
-0.06304932
-0.02281189
0.01123047
-0.04760742
0.07861328
0.06665039
-0.02545166
0.14562988
0.06246948
-0.03518677
0.03912354
-0.07897949
-0.05273438
-0.13012695
0.06237793
-0.28833008
0.22912598
-0.07366943
-0.16076660
0.13452148
0.17089844
0.16979980
0.16625977
0.16760254
0.16552734
-0.16418457
0.16442871
0.03265381
-0.11755371
0.05575562
-0.00932312
0.03491211
-0.06604004
0.03308105
0.09472656
-0.00658417
-0.04925537
0.14379883
-0.20629883
-0.09814453
0.09478760
0.04870605
0.00514221
0.06536865
0.12756348
0.19433594
-0.06323242
-0.06909180
0.21704102
0.08111572
0.11480713
0.16333008
-0.17260742
-0.16577148
0.16857910
-0.16577148
0.16528320
0.16467285
0.16430664
0.07586670
-0.12695312
-0.04827881
0.01147461
-0.04177856
-0.06604004
-0.05065918
0.01757812
-0.05398560
0.15368652
-0.10797119
0.52734375
0.35034180
-0.01173401
-0.03970337
0.26660156
-0.06811523
0.02416992
0.03356934
-0.77832031
-0.37304688
-0.90283203
1.35742188
0.03585815
0.22863770
0.03063965
0.04067993
0.05703735
0.05297852
0.09167480
-0.05734253
0.06457520
0.02549744
-0.10766602
0.04379272
-0.03866577
0.03631592
-0.03198242
-0.01013184
0.04583740
-0.05831909
-0.05798340
0.12237549
-0.16455078
0.19165039
0.70898438
0.18444824
0.13940430
0.36425781
0.30371094
0.34814453
0.19360352
0.07196045
0.96777344
-0.32934570
0.38378906
-0.00742340
-0.12670898
-0.04605103
0.04812622
-0.06164551
0.06082153
0.06408691
0.05929565
-0.02024841
0.05352783
-0.13537598
0.08972168
0.04843140
-0.06414795
-0.01602173
0.01379395
-0.02687073
0.08270264
0.00103760
0.17431641
0.14636230
-0.02330017
-0.07098389
0.07379150
-0.11016846
-0.04913330
-0.10003662
-0.19348145
-0.28857422
-0.15112305
0.30737305
-0.14807129
0.14575195
0.17895508
0.18151855
0.16845703
0.18176270
0.18554688
-0.17858887
0.17687988
0.07403564
-0.19653320
-0.01214600
0.00112915
0.02621460
-0.05917358
0.03356934
0.04605103
-0.00325012
-0.00604248
0.09826660
-0.13537598
0.04446411
0.26245117
0.04614258
0.07330322
0.13110352
0.12286377
0.19409180
-0.00613403
-0.07409668
0.44604492
-0.00515747
0.14123535
0.16052246
-0.18261719
-0.15869141
0.18139648
-0.17321777
0.18151855
0.17565918
0.17883301
-0.10357666
0.14404297
-0.10327148
0.06811523
0.06542969
-0.06323242
-0.03750610
0.01629639
-0.06921387
0.06469727
-0.00048828
0.09204102
0.19531250
0.05499268
-0.00137329
0.08447266
-0.05554199
-0.03219604
-0.10821533
-0.04385376
-0.30712891
0.09222412
0.11413574
-0.16296387
0.19616699
0.17504883
0.17504883
0.19165039
0.17895508
0.19421387
-0.17871094
0.18688965
0.00476074
-0.08105469
-0.05743408
0.01647949
0.06567383
-0.06201172
0.06121826
0.07763672
-0.00845337
-0.06933594
0.17602539
-0.20751953
-0.04418945
0.14807129
0.07727051
0.01416016
0.10559082
0.14843750
0.24316406
-0.03472900
-0.05816650
0.27563477
0.04052734
0.19555664
0.17016602
-0.21447754
-0.19128418
0.17700195
-0.19079590
0.17993164
0.18762207
0.18005371
-0.02148438
0.18859863
-0.06939697
0.11364746
0.09655762
-0.05526733
-0.02589417
0.04876709
-0.07177734
0.02583313
0.14843750
-0.17382812
0.13586426
0.12469482
0.04156494
-0.03894043
-0.05249023
-0.05325317
-0.09509277
0.20825195
-0.18994141
0.51025391
-0.40966797
-0.14440918
0.10833740
0.15234375
0.15820312
0.16589355
0.16149902
0.18164062
-0.16259766
0.16894531
-0.10949707
0.08953857
-0.16723633
0.07830811
0.10980225
-0.08648682
0.07745361
0.08648682
0.02658081
-0.04150391
0.21337891
-0.26440430
-0.22460938
-0.09240723
0.01708984
-0.08514404
-0.03253174
0.02375793
0.06079102
-0.15686035
-0.04098511
0.08172607
0.19262695
0.02871704
0.14001465
-0.18322754
-0.15844727
0.15979004
-0.16809082
0.16284180
0.16894531
0.16357422
-0.07916260
-0.02581787
0.01237488
-0.13110352
-0.11962891
0.09930420
0.01267242
-0.09899902
0.07055664
0.18286133
-0.30590820
0.94531250
0.29394531
-0.40185547
-0.19226074
0.24914551
-0.08068848
0.02502441
-0.01025391
-1.16601562
-0.36914062
-1.47753906
1.84277344
-0.00491333
0.25854492
0.09808350
0.10528564
0.09283447
0.10449219
0.09515381
-0.10131836
0.09460449
0.05108643
-0.16308594
0.12316895
-0.11511230
-0.15600586
0.05310059
-0.10485840
-0.04016113
-0.07281494
0.15979004
-0.14160156
0.21997070
0.58544922
1.08886719
0.05895996
0.29003906
0.45458984
0.37670898
0.44384766
0.42187500
0.00970459
1.20703125
-0.65576172
0.44458008
0.06109619
-0.13378906
-0.09417725
0.10546875
-0.09436035
0.10406494
0.09466553
0.10125732
0.10290527
-0.12109375
0.06646729
-0.03320312
-0.02806091
0.04345703
-0.03137207
-0.04608154
-0.03277588
0.06243896
0.02038574
-0.03823853
0.06903076
0.01878357
-0.05236816
-0.03041077
-0.11572266
-0.06530762
-0.16503906
0.16479492
-0.30297852
0.31103516
-0.19494629
-0.19714355
0.14794922
0.20507812
0.19506836
0.19958496
0.19287109
0.17907715
-0.18713379
0.18884277
0.09582520
0.04400635
0.01567078
-0.01870728
0.06665039
-0.02183533
0.02502441
0.05029297
-0.01873779
-0.01531982
0.11413574
-0.16796875
-0.07519531
0.02586365
-0.02503967
0.01094055
0.00140381
0.07049561
0.16369629
-0.09387207
-0.10729980
0.13293457
0.13659668
0.11499023
0.20458984
-0.19409180
-0.20556641
0.19433594
-0.19482422
0.18847656
0.18945312
0.18737793
-0.07232666
0.36230469
-0.61621094
-0.20898438
-0.44091797
0.59179688
0.08764648
-0.84228516
0.49707031
1.04101562
-1.77246094
3.30078125
0.74462891
-1.18750000
-0.74316406
1.38574219
-0.11865234
0.30908203
0.14404297
-3.82617188
-1.27148438
-5.12500000
6.52734375
0.34204102
0.70166016
-0.11968994
-0.13342285
-0.10424805
-0.12719727
-0.14099121
0.13159180
-0.13720703
-0.09375000
-0.29150391
0.55371094
-1.00390625
-1.16015625
0.16809082
-0.96484375
-0.21643066
-0.74658203
0.26123047
-0.87792969
1.10058594
2.39453125
3.43164062
0.78466797
1.19433594
1.85351562
1.53906250
1.90039062
1.56445312
0.18896484
3.27343750
-2.19531250
1.62500000
-0.18701172
-0.04647827
0.06854248
-0.12890625
0.11712646
-0.12414551
-0.13281250
-0.13000488
0.01797485
0.01484680
-0.00874329
-0.02275085
-0.01163483
0.05368042
0.01385498
-0.04699707
0.01629639
0.09735107
-0.12927246
0.50146484
0.21203613
-0.25463867
-0.10693359
0.10528564
-0.06512451
-0.00384521
-0.03826904
-0.58251953
-0.27978516
-0.59570312
0.83154297
-0.05102539
0.20764160
0.11865234
0.12445068
0.12561035
0.12585449
0.12377930
-0.12408447
0.12316895
0.01284790
0.00526428
0.03894043
-0.08294678
-0.07989502
0.05316162
-0.03610229
0.00274658
-0.02891541
0.11431885
-0.01574707
0.08465576
0.30517578
0.60595703
0.01519012
0.12670898
0.25366211
0.23071289
0.27587891
0.19885254
0.00439453
0.70263672
-0.33740234
0.27954102
0.08740234
-0.15600586
-0.12744141
0.12548828
-0.12500000
0.12585449
0.12347412
0.12463379
-0.02244568
-0.14526367
0.04125977
-0.03311157
0.00531769
0.05068970
-0.00698853
-0.01232910
-0.01163483
0.13415527
-0.08862305
0.41943359
0.25341797
-0.08935547
-0.05975342
0.18164062
-0.10760498
-0.02410889
-0.00451660
-0.58496094
-0.30834961
-0.63964844
0.97607422
0.00790405
0.17004395
0.03710938
0.04583740
0.05364990
0.05453491
0.08508301
-0.05755615
0.06222534
0.04196167
-0.07373047
0.05407715
0.04708862
-0.03176880
-0.04232788
-0.02685547
0.05685425
-0.06134033
0.02185059
0.09191895
-0.04769897
0.17333984
0.54882812
0.13635254
0.13256836
0.28198242
0.23437500
0.25073242
0.09216309
0.04699707
0.75830078
-0.19421387
0.27001953
0.00611877
-0.10858154
-0.04260254
0.05126953
-0.05810547
0.06060791
0.06149292
0.05892944
-0.04067993
0.01455688
0.01159668
-0.06439209
-0.05270386
0.07653809
-0.03601074
-0.03393555
-0.03778076
0.07556152
-0.02496338
0.16259766
0.18994141
-0.00347900
-0.04162598
0.05230713
-0.08972168
-0.06158447
-0.09802246
-0.05426025
-0.26977539
0.07330322
0.08935547
-0.14013672
0.16235352
0.16149902
0.15917969
0.16760254
0.16271973
0.17126465
-0.16210938
0.16589355
-0.04763794
-0.14538574
0.09350586
-0.00808716
0.00511169
-0.03457642
-0.00893402
0.04690552
-0.02938843
0.00865173
0.15942383
-0.15429688
0.01306152
0.18432617
0.05255127
0.02781677
0.10070801
0.13269043
0.16674805
-0.00634766
-0.05615234
0.33837891
0.01177979
0.14331055
0.14953613
-0.18701172
-0.16491699
0.16137695
-0.16723633
0.16369629
0.16613770
0.16271973
0.06610107
0.13378906
-0.04241943
-0.05648804
-0.10656738
0.08557129
-0.05862427
-0.06121826
-0.04989624
0.07629395
-0.02014160
-0.01269531
0.19079590
0.12164307
0.00632858
0.02581787
-0.06060791
-0.06027222
-0.13183594
0.17700195
-0.28393555
0.41943359
-0.20703125
-0.17443848
0.18542480
0.18005371
0.17626953
0.19677734
0.18151855
0.19409180
-0.18164062
0.18969727
-0.09625244
-0.06860352
0.08178711
-0.02171326
-0.01669312
-0.02944946
-0.02655029
0.04647827
-0.04324341
-0.04013062
0.21508789
-0.27441406
-0.12396240
-0.01821899
0.05496216
-0.03469849
0.02107239
0.09307861
0.18420410
-0.09930420
-0.07641602
0.12585449
0.14282227
0.16064453
0.17626953
-0.21350098
-0.19799805
0.17944336
-0.19445801
0.18249512
0.19079590
0.18273926
0.00739288
0.05859375
-0.11083984
-0.02401733
-0.10827637
-0.00255203
-0.08508301
-0.03698730
-0.05545044
-0.02786255
0.02734375
0.08886719
0.03570557
-0.16003418
-0.04977417
-0.02359009
-0.07354736
-0.03170776
-0.11181641
-0.21154785
-0.20361328
-0.07812500
0.21362305
-0.12500000
0.15356445
0.18566895
0.19384766
0.17224121
0.18640137
0.16687012
-0.18054199
0.17370605
-0.01760864
0.01647949
0.05657959
-0.08624268
-0.05804443
0.01307678
0.01172638
0.06640625
0.00371552
0.04049683
0.06005859
0.00199890
0.08612061
0.21557617
-0.07434082
0.02328491
0.06167603
0.06604004
0.15783691
0.01855469
-0.06304932
0.36376953
-0.13317871
0.15319824
0.15734863
-0.17199707
-0.17321777
0.18945312
-0.17309570
0.18078613
0.17333984
0.17993164
-0.23571777
-0.49804688
0.78125000
0.47119141
0.94677734
-0.28198242
0.67187500
-0.09075928
0.57763672
0.42895508
-0.93554688
2.35937500
0.29443359
-1.42968750
-0.52441406
0.94287109
-0.13623047
0.20874023
0.07421875
-3.25390625
-0.99804688
-4.47656250
5.49609375
0.22155762
0.58349609
-0.05157471
-0.05728149
-0.03552246
-0.04931641
-0.05300903
0.05160522
-0.05532837
-0.17199707
-0.59423828
-0.24707031
0.81835938
0.23669434
0.36645508
-0.08557129
-0.60253906
-0.10546875
0.60449219
-1.03710938
1.63476562
1.94140625
2.62500000
0.45019531
0.96484375
1.40820312
1.17285156
1.45703125
1.19726562
0.14147949
2.80859375
-1.73828125
1.29003906
-0.10510254
-0.08966064
0.01330566
-0.05203247
0.04226685
-0.04498291
-0.05236816
-0.05023193
-0.07147217
-0.04528809
-0.02650452
-0.01824951
-0.04565430
0.02091980
-0.04486084
-0.05953979
-0.03558350
0.04528809
0.00486755
-0.05682373
0.17529297
0.12573242
0.03741455
-0.01084900
-0.05227661
-0.05926514
-0.12768555
0.17834473
-0.21179199
0.38037109
-0.25463867
-0.13781738
0.10919189
0.14111328
0.14355469
0.14648438
0.14257812
0.14965820
-0.14099121
0.14501953
0.03738403
0.04611206
-0.03451538
-0.01823425
-0.05999756
0.02593994
-0.01734924
0.02618408
-0.03979492
-0.01208496
0.22705078
-0.26245117
-0.15771484
-0.04153442
0.02307129
-0.06939697
-0.01676941
0.06137085
0.10772705
-0.13195801
-0.05105591
0.08978271
0.15625000
0.06884766
0.13415527
-0.15649414
-0.14587402
0.14270020
-0.14599609
0.14135742
0.14526367
0.14160156
0.03265381
0.02557373
-0.07379150
0.02108765
-0.06756592
-0.07482910
-0.11157227
0.03704834
-0.11242676
-0.13806152
0.13256836
0.03549194
-0.06408691
-0.29931641
-0.02526855
-0.06970215
-0.11138916
-0.03997803
-0.09124756
-0.47900391
-0.15283203
-0.42431641
0.56298828
-0.05444336
0.10260010
0.14099121
0.15747070
0.10913086
0.14672852
0.12438965
-0.14013672
0.12493896
0.06158447
0.01689148
-0.08666992
-0.04559326
-0.08300781
-0.09240723
0.04388428
0.09759521
0.05548096
0.02699280
0.04467773
0.15515137
0.10626221
0.25341797
-0.14990234
0.04876709
0.08007812
0.04406738
0.10729980
0.01220703
-0.04742432
0.55371094
-0.21752930
0.13232422
0.09350586
-0.11212158
-0.10046387
0.15136719
-0.11578369
0.14123535
0.12292480
0.13830566
-0.03961182
-0.07843018
0.07427979
0.01473999
0.09765625
-0.02938843
0.06774902
-0.08612061
0.06567383
0.12548828
-0.15319824
0.26538086
0.16699219
-0.07043457
-0.09466553
0.08447266
-0.09875488
-0.04016113
-0.13208008
-0.05615234
-0.36865234
0.02728271
0.16345215
-0.15966797
0.16345215
0.17492676
0.16577148
0.16845703
0.16345215
0.15344238
-0.15856934
0.15917969
-0.09478760
-0.06951904
0.00337219
0.09240723
0.01333618
0.11437988
-0.02780151
-0.08972168
-0.06402588
0.11004639
0.03305054
-0.05267334
0.13024902
0.24865723
0.06188965
0.06451416
0.14001465
0.19458008
0.25585938
0.04953003
-0.07189941
0.34008789
-0.01593018
0.17541504
0.17077637
-0.17578125
-0.17431641
0.16503906
-0.16442871
0.16027832
0.15991211
0.15881348
-0.01892090
-0.13989258
0.05935669
0.06939697
0.04464722
0.05123901
-0.00732422
-0.07904053
-0.00343323
0.09234619
-0.12512207
0.19201660
0.19543457
0.00366211
-0.02037048
0.08032227
-0.06976318
-0.04760742
-0.12707520
-0.04174805
-0.30395508
0.08300781
0.11303711
-0.16662598
0.19372559
0.17724609
0.17663574
0.19055176
0.17980957
0.19360352
-0.17919922
0.18664551
-0.10192871
-0.08801270
-0.10217285
-0.00991821
-0.08117676
0.07220459
-0.07141113
-0.00707245
-0.06964111
0.02165222
0.12396240
-0.12121582
0.04370117
0.15795898
0.07458496
0.02960205
0.09686279
0.14428711
0.23400879
-0.03723145
-0.07171631
0.27856445
0.04336548
0.19250488
0.17297363
-0.21264648
-0.18994141
0.17810059
-0.19006348
0.18054199
0.18713379
0.18041992
0.04690552
-0.00723267
0.00172424
-0.05722046
0.01660156
-0.06768799
0.08056641
0.00123596
0.06359863
0.09497070
-0.16931152
0.39599609
0.17102051
-0.18676758
-0.06872559
0.10144043
-0.08557129
-0.00476074
-0.04565430
-0.29687500
-0.30664062
-0.36279297
0.52099609
-0.05282593
0.11401367
0.07257080
0.06701660
0.06829834
0.07080078
0.07812500
-0.06976318
0.07037354
-0.00604248
-0.05035400
0.02284241
0.01297760
0.11468506
0.05487061
0.08093262
-0.07275391
-0.01127625
0.17687988
-0.05072021
0.12866211
0.23059082
0.39575195
0.08013916
0.09753418
0.18408203
0.17224121
0.22485352
0.08282471
-0.00097656
0.54101562
-0.10998535
0.16406250
0.05786133
-0.09405518
-0.06591797
0.07025146
-0.06909180
0.07305908
0.06994629
0.07037354
0.00457764
0.02061462
0.12707520
0.07153320
0.09741211
0.02659607
-0.10168457
-0.05490112
-0.12597656
-0.11730957
0.08856201
-0.06854248
-0.03128052
-0.15844727
0.04302979
-0.12011719
-0.05017090
-0.01216125
-0.07165527
-0.14880371
-0.09155273
0.01455688
0.06201172
-0.06915283
0.08923340
0.14086914
0.15539551
0.11938477
0.14636230
0.12646484
-0.14025879
0.12927246
-0.00241089
-0.00129414
0.02301025
0.04904175
-0.10650635
-0.07373047
-0.07318115
0.08917236
-0.01251221
-0.03286743
0.14208984
-0.03302002
-0.02182007
0.04974365
-0.15197754
-0.06082153
-0.03186035
-0.04953003
0.01887512
-0.03967285
-0.02926636
0.29516602
-0.10723877
0.07769775
0.10034180
-0.11694336
-0.11529541
0.15026855
-0.12329102
0.14099121
0.12756348
0.13879395
0.01438904
0.03732300
0.11608887
0.04385376
0.13330078
0.05722046
-0.09265137
-0.07202148
-0.12145996
-0.10845947
0.08337402
-0.07495117
-0.01098633
-0.15747070
0.04071045
-0.10083008
-0.05960083
-0.01776123
-0.09326172
-0.18981934
-0.12939453
-0.03375244
0.10845947
-0.08380127
0.09765625
0.15222168
0.16516113
0.13256836
0.15649414
0.13610840
-0.15026855
0.14025879
0.00008774
-0.00509644
0.10656738
0.07543945
-0.08306885
-0.06311035
-0.10028076
0.08587646
-0.03262329
-0.04815674
0.16601562
-0.03869629
-0.02554321
0.05935669
-0.13366699
-0.04968262
-0.01730347
-0.02845764
0.06088257
-0.05685425
-0.04718018
0.33154297
-0.09094238
0.08465576
0.11383057
-0.12951660
-0.12988281
0.16052246
-0.13586426
0.15075684
0.13891602
0.14904785
0.02052307
-0.10491943
-0.06011963
-0.10821533
-0.12939453
-0.09197998
0.03631592
0.07299805
0.06982422
-0.04827881
-0.11206055
0.48657227
0.00878906
-0.54931641
-0.18225098
0.11169434
-0.13476562
-0.06225586
-0.13757324
-0.63476562
-0.33007812
-0.77929688
0.96093750
-0.14245605
0.23437500
0.19775391
0.19445801
0.18688965
0.18969727
0.16809082
-0.18395996
0.17944336
-0.03955078
-0.04446411
-0.07727051
-0.13220215
0.07391357
-0.07916260
0.07775879
-0.11633301
0.05163574
0.20178223
-0.23999023
0.50634766
0.48046875
0.58154297
-0.02185059
0.22949219
0.28222656
0.29296875
0.36303711
0.22839355
-0.09051514
0.73437500
-0.37036133
0.30517578
0.18090820
-0.19824219
-0.19482422
0.19201660
-0.18408203
0.18566895
0.18029785
0.18395996
-0.03114319
-0.05541992
-0.03982544
0.00781250
0.01026917
-0.06481934
0.03295898
-0.01214600
0.05273438
0.07391357
-0.14270020
0.17358398
0.19531250
0.03887939
-0.02319336
0.04431152
-0.06707764
-0.05041504
-0.14782715
0.10461426
-0.29687500
0.21179199
-0.08361816
-0.16906738
0.13439941
0.16308594
0.15661621
0.16381836
0.15551758
0.15466309
-0.15222168
0.15649414
-0.10827637
0.05548096
-0.02618408
-0.05078125
0.03445435
0.00314331
-0.00129128
-0.08062744
-0.03384399
0.07812500
0.07983398
-0.13012695
0.02008057
0.10565186
0.05307007
0.00256348
0.04034424
0.11633301
0.19238281
-0.04724121
-0.08367920
0.16711426
0.10711670
0.11578369
0.16674805
-0.16992188
-0.16772461
0.15600586
-0.16088867
0.15307617
0.15722656
0.15270996
0.01831055
-0.10552979
-0.10253906
-0.05203247
0.03906250
-0.07250977
0.02139282
-0.00166321
0.01785278
-0.00106812
-0.10223389
0.12310791
0.21997070
0.06335449
-0.01553345
-0.00502396
-0.07556152
-0.08575439
-0.14575195
0.16589355
-0.26025391
0.37011719
-0.30419922
-0.19531250
0.12524414
0.19750977
0.19555664
0.19335938
0.19458008
0.19653320
-0.19177246
0.19323730
-0.11059570
0.09448242
0.02020264
-0.01466370
0.04064941
0.00268555
-0.00424957
-0.06140137
-0.00983429
0.07427979
0.15234375
-0.19873047
-0.03778076
0.03244019
0.00819397
-0.03134155
-0.00320435
0.07409668
0.12438965
-0.10351562
-0.11248779
0.15600586
0.16442871
0.05984497
0.19250488
-0.19689941
-0.18933105
0.19494629
-0.19372559
0.19348145
0.19323730
0.19213867
-0.07012939
0.40917969
0.68505859
0.64453125
-1.18554688
-0.24206543
0.02685547
0.70605469
0.67626953
0.05371094
-0.30566406
1.76367188
-0.58544922
-2.43945312
-0.94287109
1.08203125
-0.43017578
0.10986328
-0.03808594
-3.92773438
-1.27929688
-5.25000000
6.58984375
0.30517578
0.70507812
-0.11907959
-0.13403320
-0.10327148
-0.12780762
-0.14038086
0.13208008
-0.13684082
0.09533691
-0.22119141
-0.46533203
-0.79736328
-0.36718750
-0.56591797
0.96826172
-0.50732422
0.58886719
1.07226562
-1.95410156
2.99804688
2.43945312
2.69140625
0.52832031
1.47460938
1.80664062
1.56640625
1.90527344
1.28710938
0.12084961
3.06250000
-1.99804688
1.63281250
-0.17504883
-0.04800415
0.06726074
-0.12963867
0.11645508
-0.12475586
-0.13244629
-0.13037109
0.07189941
-0.13183594
-0.04357910
-0.03225708
-0.04312134
-0.06530762
0.00506592
-0.02627563
0.06228638
0.03164673
-0.15991211
0.36279297
0.16821289
-0.23291016
-0.08416748
0.13049316
-0.13220215
-0.04974365
-0.05285645
-0.40429688
-0.32812500
-0.44873047
0.74560547
-0.05218506
0.20251465
0.09271240
0.09564209
0.10852051
0.10443115
0.12927246
-0.10650635
0.11212158
-0.01696777
-0.02140808
-0.03640747
-0.00394440
-0.01788330
-0.02008057
0.02449036
-0.04736328
-0.02058411
0.13244629
0.00415039
0.16943359
0.25732422
0.41796875
0.10589600
0.11987305
0.21875000
0.21948242
0.24340820
0.06018066
0.01770020
0.64160156
-0.13256836
0.27587891
0.06597900
-0.15661621
-0.10156250
0.10119629
-0.11065674
0.10968018
0.11169434
0.10803223
-0.00241089
0.01562500
-0.01605225
-0.01898193
0.01445007
-0.04336548
0.04306030
-0.00820923
0.01018524
0.03479004
-0.15014648
0.11230469
0.19995117
0.11987305
0.01853943
-0.01571655
-0.05169678
-0.06640625
-0.16674805
0.28051758
-0.26464844
0.44555664
-0.38696289
-0.20397949
0.12768555
0.19384766
0.18322754
0.19299316
0.18249512
0.17639160
-0.17846680
0.18286133
0.11547852
-0.09741211
-0.04345703
0.00553513
0.09777832
-0.00440979
-0.03805542
-0.04394531
-0.06164551
0.02703857
0.14257812
-0.22949219
-0.06628418
-0.02758789
0.00601196
-0.06250000
-0.04928589
0.04635620
0.12451172
-0.10003662
-0.11999512
0.05874634
0.18164062
0.07092285
0.20007324
-0.18762207
-0.19873047
0.18310547
-0.18859863
0.17968750
0.18359375
0.17871094
-0.06835938
0.06475830
0.04217529
0.05944824
-0.06317139
-0.03286743
0.00866699
0.06146240
0.06701660
0.00976562
-0.13916016
0.22705078
0.13330078
-0.13317871
-0.08789062
0.08990479
-0.12048340
-0.07006836
-0.16284180
-0.17687988
-0.35205078
-0.06280518
0.29199219
-0.16394043
0.18945312
0.18762207
0.18505859
0.18334961
0.18395996
0.18432617
-0.18029785
0.18139648
0.03952026
-0.06628418
-0.02319336
-0.00392151
-0.01614380
-0.08154297
0.05706787
-0.07666016
0.02305603
0.12902832
-0.02194214
0.06481934
0.16491699
0.22302246
0.05639648
0.09448242
0.14428711
0.19531250
0.28564453
-0.00552368
-0.09362793
0.39379883
-0.01126099
0.20898438
0.17626953
-0.20153809
-0.18286133
0.18432617
-0.18322754
0.18200684
0.18164062
0.18103027
-0.06161499
0.05117798
0.04678345
0.09985352
-0.03601074
0.03784180
-0.03442383
0.11474609
0.04690552
-0.02087402
-0.08392334
0.13549805
0.07983398
-0.01779175
-0.05395508
0.00543594
-0.09283447
-0.06237793
-0.18212891
0.14672852
-0.31420898
0.24072266
-0.14440918
-0.19213867
0.14111328
0.18994141
0.17517090
0.18261719
0.17102051
0.15234375
-0.16467285
0.16674805
-0.13610840
0.11645508
0.09692383
0.09271240
-0.06695557
-0.10711670
0.05419922
-0.05072021
0.05307007
0.12475586
-0.03295898
-0.03909302
0.04385376
0.05392456
-0.01370239
0.01329041
0.01931763
0.10650635
0.18737793
-0.02621460
-0.12512207
0.14257812
0.10034180
0.11730957
0.19775391
-0.17480469
-0.19421387
0.17297363
-0.17553711
0.16552734
0.16784668
0.16491699
0.17626953
-0.73974609
-0.60791016
0.05493164
0.54492188
0.44677734
-0.61767578
0.55810547
0.08874512
-0.40747070
0.23046875
0.82031250
-0.68310547
-2.30078125
-0.62939453
0.71728516
-0.35888672
0.06738281
-0.05712891
-3.32421875
-1.00390625
-4.58203125
5.54687500
0.19409180
0.58544922
-0.05050659
-0.05740356
-0.03518677
-0.04953003
-0.05279541
0.05175781
-0.05520630
0.23254395
-0.23315430
0.54833984
0.94287109
-0.80957031
-0.11999512
0.27783203
0.24462891
0.58056641
0.61914062
-1.37890625
2.75000000
1.84082031
1.91015625
0.28491211
1.14257812
1.36914062
1.18945312
1.45800781
0.97265625
0.09057617
2.63476562
-1.58007812
1.29492188
-0.09582520
-0.09033203
0.01278687
-0.05224609
0.04202271
-0.04516602
-0.05224609
-0.05032349
0.15332031
-0.07061768
0.00745773
-0.03707886
-0.08801270
-0.02160645
0.08538818
0.01257324
0.03350830
0.03259277
-0.14916992
0.08343506
0.19616699
0.19909668
0.04763794
-0.06018066
-0.01348877
-0.03701782
-0.14282227
0.40234375
-0.19396973
0.62158203
-0.59423828
-0.18151855
0.09094238
0.16699219
0.15661621
0.17089844
0.15515137
0.14624023
-0.15112305
0.15673828
-0.00918579
0.07244873
0.02879333
0.00580597
0.07220459
-0.01606750
0.00345039
-0.04965210
-0.04681396
0.01432037
0.12854004
-0.29711914
-0.11474609
-0.11413574
-0.02854919
-0.11309814
-0.11968994
-0.02601624
0.04821777
-0.10205078
-0.10931396
-0.07910156
0.20874023
0.01316833
0.17822266
-0.16003418
-0.17968750
0.15588379
-0.16455078
0.15075684
0.15795898
0.15112305
-0.00084686
-0.00665283
0.08325195
0.05194092
-0.12329102
0.00961304
0.09771729
-0.08404541
-0.01513672
-0.03253174
-0.02600098
-0.00933838
-0.05288696
-0.25317383
0.03204346
-0.05981445
-0.07995605
-0.00375748
-0.08264160
-0.29956055
-0.14916992
-0.17041016
0.27441406
-0.06970215
0.12042236
0.14929199
0.15942383
0.12805176
0.15209961
0.12927246
-0.14587402
0.13500977
-0.01840210
0.01588440
0.07958984
-0.03056335
0.00665283
0.07916260
-0.04461670
-0.06311035
-0.11126709
-0.07940674
0.11560059
0.04333496
0.05603027
0.09448242
-0.10510254
-0.02276611
0.04455566
0.01632690
0.10443115
-0.01312256
-0.03540039
0.40625000
-0.16259766
0.13183594
0.10632324
-0.12963867
-0.12548828
0.15576172
-0.13049316
0.14672852
0.13378906
0.14465332
-0.20727539
0.64550781
-0.47412109
-0.88183594
0.97509766
0.41650391
-0.67333984
0.41845703
-0.08679199
-0.53564453
0.45898438
0.46728516
-0.85449219
-2.42968750
-0.64355469
0.67089844
-0.39941406
0.04003906
-0.08105469
-3.33789062
-1.00488281
-4.60156250
5.55078125
0.18896484
0.58544922
-0.05032349
-0.05743408
-0.03509521
-0.04959106
-0.05276489
0.05178833
-0.05520630
-0.20532227
-0.42968750
-0.66796875
0.33593750
-0.02899170
0.20068359
-0.07470703
0.44262695
0.58105469
0.51269531
-1.32031250
2.83203125
1.76855469
1.74023438
0.25097656
1.17089844
1.35742188
1.19140625
1.45605469
0.93164062
0.08129883
2.60351562
-1.55078125
1.29589844
-0.09399414
-0.09039307
0.01268768
-0.05230713
0.04199219
-0.04519653
-0.05221558
-0.05035400
-0.11999512
0.00601196
-0.09350586
-0.09228516
0.05642700
0.11590576
-0.04852295
0.14355469
0.07128906
-0.00814819
-0.13549805
0.20068359
0.12915039
0.04199219
-0.04669189
0.05007935
-0.04306030
-0.03649902
-0.13537598
0.18310547
-0.29467773
0.30859375
-0.13256836
-0.14208984
0.14758301
0.13134766
0.11920166
0.14331055
0.11718750
0.10736084
-0.11346436
0.12072754
0.02542114
-0.12145996
-0.07836914
0.06250000
-0.06274414
-0.04031372
0.05267334
-0.02127075
0.07232666
0.13476562
-0.05337524
-0.06143188
0.07006836
0.08715820
0.04351807
-0.01523590
0.03579712
0.12731934
0.17456055
0.02777100
-0.06372070
0.08728027
0.05279541
0.14916992
0.14453125
-0.14550781
-0.15991211
0.11779785
-0.13281250
0.11254883
0.12274170
0.11370850
-0.15490723
-0.04815674
-0.09619141
0.06079102
-0.09851074
0.02105713
0.04772949
0.05975342
0.07751465
0.02731323
-0.24279785
0.20141602
0.26513672
0.19433594
0.02655029
-0.00495911
-0.02978516
-0.06402588
-0.16210938
0.34252930
-0.24658203
0.60839844
-0.53759766
-0.19812012
0.12121582
0.19885254
0.19311523
0.20068359
0.19311523
0.19433594
-0.19042969
0.19519043
-0.00634766
-0.16857910
0.08306885
0.06622314
-0.13854980
-0.09265137
0.08209229
-0.06988525
-0.03041077
0.05215454
0.09240723
-0.27636719
-0.03176880
-0.02880859
0.02526855
-0.09869385
-0.06945801
0.03289795
0.10308838
-0.12103271
-0.12084961
0.03594971
0.20422363
0.04254150
0.19750977
-0.19995117
-0.20129395
0.19335938
-0.19885254
0.19116211
0.19580078
0.19091797
0.23425293
-0.07128906
0.71875000
-0.58593750
0.59228516
0.18457031
-0.54199219
0.21313477
-0.25439453
-0.63623047
0.67480469
0.10595703
-1.01757812
-2.54687500
-0.65625000
0.62402344
-0.44018555
0.01367188
-0.10595703
-3.34960938
-1.00585938
-4.61718750
5.56250000
0.18359375
0.58593750
-0.05014038
-0.05746460
-0.03503418
-0.04962158
-0.05273438
0.05181885
-0.05517578
0.17407227
0.77197266
-0.39379883
-0.74072266
0.77539062
0.42407227
-0.40673828
0.57128906
0.52929688
0.37988281
-1.22460938
2.86914062
1.67968750
1.56445312
0.21630859
1.19726562
1.34570312
1.19140625
1.45410156
0.88867188
0.07153320
2.57031250
-1.52148438
1.29687500
-0.09216309
-0.09051514
0.01258850
-0.05236816
0.04193115
-0.04525757
-0.05218506
-0.05038452
0.06121826
0.13891602
-0.06176758
-0.02340698
0.04510498
0.07128906
-0.01440430
0.08789062
0.05670166
-0.02713013
-0.15112305
0.16894531
0.12536621
0.02380371
-0.01968384
0.01646423
-0.08050537
-0.04077148
-0.13562012
0.09619141
-0.25805664
0.24145508
-0.13098145
-0.13586426
0.10656738
0.14929199
0.14355469
0.14160156
0.14123535
0.13366699
-0.13659668
0.13696289
-0.10534668
-0.05261230
-0.06427002
0.03698730
-0.09332275
-0.01911926
0.05065918
-0.02917480
0.02362061
0.08544922
0.00479126
-0.08996582
0.03967285
0.06475830
0.01712036
-0.02655029
0.00846863
0.07012939
0.13085938
-0.06323242
-0.08245850
0.19653320
0.09130859
0.08074951
0.14221191
-0.14355469
-0.14306641
0.14257812
-0.13940430
0.13781738
0.13708496
0.13671875
0.04241943
0.07641602
-0.03662109
-0.00305748
0.03164673
0.05844116
-0.01398468
0.05831909
0.04241943
-0.02276611
-0.15698242
0.18969727
0.15051270
-0.03524780
-0.04223633
0.05438232
-0.06860352
-0.08105469
-0.15637207
0.01972961
-0.26293945
0.12402344
0.02557373
-0.16870117
0.15930176
0.16882324
0.16552734
0.16979980
0.16491699
0.16894531
-0.16308594
0.16650391
-0.01959229
0.00128174
-0.02722168
0.01459503
-0.04345703
-0.01345825
0.03146362
-0.00192261
0.01913452
0.06860352
-0.03219604
0.02191162
0.12005615
0.11584473
0.04678345
0.03019714
0.04864502
0.12316895
0.18212891
-0.03872681
-0.09063721
0.22497559
0.05563354
0.14843750
0.16955566
-0.18273926
-0.17041016
0.16479492
-0.16882324
0.16381836
0.16711426
0.16369629
-0.25634766
-0.55615234
0.30761719
0.52929688
-0.28540039
-0.13720703
-0.25952148
-0.02593994
-0.39965820
-0.70507812
0.87011719
-0.25683594
-1.17187500
-2.65234375
-0.66699219
0.57519531
-0.47998047
-0.01318359
-0.13037109
-3.36132812
-1.00683594
-4.63671875
5.57031250
0.17871094
0.58593750
-0.04992676
-0.05746460
-0.03497314
-0.04965210
-0.05270386
0.05181885
-0.05514526
-0.13940430
-0.54003906
0.75878906
-0.78222656
0.93310547
0.44165039
-0.62597656
0.60888672
0.43017578
0.22851562
-1.09375000
2.85937500
1.57519531
1.37890625
0.18127441
1.21972656
1.33105469
1.19140625
1.45214844
0.84667969
0.06201172
2.53710938
-1.49218750
1.29687500
-0.09045410
-0.09063721
0.01249695
-0.05239868
0.04187012
-0.04528809
-0.05215454
-0.05041504
-0.00921631
0.01708984
-0.07556152
0.41894531
-0.30493164
-0.15209961
-0.05187988
-0.05609131
-0.20397949
-0.40966797
0.47680664
-0.17773438
-0.70214844
-1.75000000
-0.39135742
0.28979492
-0.36767578
-0.07055664
-0.14013672
-2.09375000
-0.65722656
-2.85156250
3.41015625
0.03137207
0.40332031
0.06176758
0.06109619
0.05932617
0.06198120
0.05111694
-0.05780029
0.05181885
-0.18920898
-0.42163086
0.41455078
-0.22973633
0.39086914
0.21179199
-0.30883789
0.28393555
0.18945312
0.06469727
-0.57128906
1.75000000
0.96093750
0.84130859
0.03881836
0.74072266
0.78759766
0.71191406
0.85449219
0.47314453
0.00097656
1.70312500
-0.91943359
0.79980469
0.02847290
-0.13305664
-0.07012939
0.06213379
-0.05706787
0.06219482
0.05258179
0.05825806
-0.07763672
-0.06750488
0.02575684
-0.00991821
0.01983643
0.04199219
-0.00021172
0.03967285
0.04699707
-0.05126953
-0.16149902
0.22290039
0.18041992
0.02951050
0.01565552
0.00542450
-0.00459290
-0.00859070
-0.04309082
0.15588379
-0.16455078
0.31298828
-0.25341797
-0.06213379
0.07366943
0.05709839
0.05398560
0.07098389
0.05804443
0.07067871
-0.05923462
0.06585693
-0.04730225
0.01626587
-0.00904083
0.03521729
-0.02296448
0.01213837
0.02035522
-0.02694702
-0.00372314
0.04928589
-0.03552246
-0.00668335
0.09716797
0.08093262
0.03518677
-0.06829834
-0.01285553
0.01375580
0.05673218
-0.00949097
-0.01470947
0.13891602
0.06457520
0.04504395
0.05447388
-0.08862305
-0.07397461
0.05679321
-0.06860352
0.05987549
0.06646729
0.05990601
-0.03149414
-0.05987549
0.10058594
-0.03677368
0.08935547
-0.02304077
-0.00151062
0.04016113
0.04632568
-0.01867676
-0.04125977
-0.00326538
-0.07122803
-0.34033203
-0.02546692
-0.01965332
-0.12548828
-0.06097412
-0.14379883
-0.34521484
-0.21923828
-0.34252930
0.46118164
-0.11767578
0.12170410
0.16955566
0.17956543
0.13745117
0.16882324
0.14941406
-0.16137695
0.14965820
0.03802490
0.03781128
-0.00466919
-0.03001404
0.00433350
-0.02317810
0.07714844
-0.04067993
-0.02496338
-0.04122925
0.01492310
0.17004395
0.11694336
0.10339355
-0.07714844
0.07788086
0.07733154
0.09509277
0.16198730
-0.01562500
-0.08740234
0.44018555
-0.12170410
0.14526367
0.14196777
-0.14050293
-0.13049316
0.17309570
-0.14294434
0.16284180
0.14794922
0.16027832
0.01239014
-0.12145996
0.09094238
-0.00280762
0.07873535
0.03750610
-0.04052734
0.04705811
0.01976013
-0.07757568
-0.10968018
0.16015625
0.07690430
-0.10302734
-0.05206299
-0.01890564
-0.11462402
-0.08807373
-0.18542480
0.05084229
-0.26928711
0.17468262
-0.09899902
-0.20190430
0.13867188
0.22424316
0.21850586
0.20324707
0.21484375
0.20178223
-0.20898438
0.20495605
-0.10144043
-0.13317871
0.08398438
-0.06860352
0.06805420
0.06878662
0.01188660
0.04687500
0.01620483
0.01531982
-0.04187012
0.04815674
0.09954834
0.06164551
-0.04791260
0.03015137
-0.00457764
0.06118774
0.14416504
-0.05871582
-0.14575195
0.27832031
0.07055664
0.09509277
0.21289062
-0.19934082
-0.19995117
0.21691895
-0.20422363
0.21142578
0.20446777
0.20874023
-0.04501343
0.00463867
-0.07684326
0.09240723
-0.13403320
-0.09472656
0.03430176
-0.05261230
-0.06799316
-0.16918945
0.16723633
-0.12512207
-0.30273438
-0.83886719
-0.17102051
0.05633545
-0.21557617
-0.11444092
-0.15551758
-0.82568359
-0.33789062
-1.02734375
1.23242188
-0.11950684
0.24035645
0.17553711
0.17712402
0.16381836
0.17382812
0.16076660
-0.16931152
0.16369629
0.03219604
0.10302734
-0.05877686
0.12500000
-0.06109619
0.01449585
-0.05792236
0.08166504
0.01537323
-0.06872559
-0.16857910
0.73828125
0.41406250
0.27416992
-0.07312012
0.29589844
0.29394531
0.30712891
0.36083984
0.16772461
-0.08966064
0.79785156
-0.36425781
0.33789062
0.15478516
-0.18750000
-0.16516113
0.17517090
-0.16455078
0.17138672
0.16394043
0.16918945
0.06335449
-0.00628662
0.00767517
-0.01673889
-0.05261230
0.02496338
-0.00050354
0.03890991
-0.03179932
-0.15795898
-0.00006866
0.03305054
-0.11407471
-0.60986328
-0.15637207
0.14843750
-0.21374512
-0.07324219
-0.05090332
-0.80078125
-0.37939453
-0.99707031
1.37890625
0.01388550
0.22875977
0.03472900
0.04177856
0.05618286
0.05380249
0.09100342
-0.05783081
0.06427002
-0.04891968
-0.16638184
0.06469727
-0.03668213
-0.01718140
0.06896973
-0.05163574
0.02992249
0.07281494
0.04504395
-0.16320801
0.55126953
0.38232422
0.36108398
0.10559082
0.26196289
0.30249023
0.29589844
0.34619141
0.05004883
0.02075195
0.87109375
-0.22460938
0.38525391
0.00242615
-0.12573242
-0.04504395
0.04919434
-0.06088257
0.06173706
0.06365967
0.05969238
-0.01930237
0.10791016
-0.07531738
0.06286621
-0.08068848
-0.08386230
0.02308655
0.00393677
-0.02894592
-0.12438965
-0.00062275
0.05636597
-0.07238770
-0.29956055
-0.11364746
0.01699829
-0.16210938
-0.10400391
-0.14892578
-0.19421387
-0.26928711
-0.16943359
0.26391602
-0.14392090
0.18774414
0.17321777
0.16491699
0.17492676
0.16650391
0.16174316
-0.16442871
0.16674805
0.06359863
0.01519775
-0.01004791
0.04672241
-0.00628662
0.06781006
-0.05114746
0.07775879
0.03057861
0.00131226
-0.09350586
0.25366211
0.17126465
0.12939453
-0.03546143
0.10925293
0.10260010
0.14624023
0.19213867
0.00903320
-0.09893799
0.40258789
-0.05514526
0.18542480
0.16223145
-0.18847656
-0.17932129
0.16650391
-0.17150879
0.16589355
0.16760254
0.16503906
-0.07659912
0.10699463
-0.07958984
0.03628540
-0.06127930
-0.06164551
-0.00791168
0.00735474
-0.02394104
-0.10583496
-0.09600830
0.15417480
0.07629395
-0.12976074
-0.07812500
0.04724121
-0.11871338
-0.09167480
-0.17370605
-0.06866455
-0.30468750
0.04431152
0.11389160
-0.16723633
0.15051270
0.18212891
0.18127441
0.17041016
0.17846680
0.17895508
-0.17480469
0.17370605
0.05014038
0.08276367
-0.01548767
0.03540039
0.03634644
0.06542969
-0.04782104
0.08465576
0.04913330
0.02581787
-0.10687256
0.12792969
0.17492676
0.11950684
0.02272034
0.07318115
0.07604980
0.14001465
0.20495605
-0.04910278
-0.10485840
0.31494141
0.04998779
0.14575195
0.17199707
-0.18347168
-0.16552734
0.17968750
-0.17224121
0.17675781
0.17333984
0.17504883
0.07885742
-0.02209473
0.14306641
-0.19335938
0.01608276
-0.10437012
0.16979980
-0.15173340
-0.13098145
-0.21484375
0.34472656
-0.42968750
-0.52197266
-1.16210938
-0.21118164
0.05303955
-0.29541016
-0.12304688
-0.15576172
-1.21679688
-0.40844727
-1.60351562
1.83105469
-0.06146240
0.21325684
0.12475586
0.12829590
0.09375000
0.12237549
0.10333252
-0.11645508
0.10327148
0.05892944
-0.16113281
-0.03143311
0.11950684
-0.25927734
-0.12573242
-0.02494812
0.03643799
-0.04650879
-0.18957520
-0.12426758
0.92871094
0.43359375
0.25219727
-0.10119629
0.41601562
0.39013672
0.38256836
0.44213867
0.18554688
-0.07440186
1.05664062
-0.46850586
0.38256836
0.09545898
-0.12298584
-0.09033203
0.12536621
-0.09826660
0.12011719
0.10217285
0.11547852
-0.00730896
-0.06243896
-0.03610229
0.00815582
-0.05767822
-0.08666992
0.01277161
-0.01846313
-0.03466797
-0.12060547
-0.04473877
0.10009766
0.00476074
-0.23522949
-0.08850098
0.05255127
-0.13708496
-0.10675049
-0.17456055
-0.15600586
-0.31982422
-0.08312988
0.24890137
-0.16223145
0.19067383
0.18859863
0.18505859
0.18640137
0.18664551
0.19238281
-0.18457031
0.18664551
-0.06677246
0.10534668
-0.06341553
0.04809570
-0.00812531
0.04193115
-0.05172729
0.08825684
0.04180908
-0.00454712
-0.13513184
0.23706055
0.21032715
0.13220215
0.01724243
0.08947754
0.09466553
0.16320801
0.23266602
-0.02670288
-0.10906982
0.40917969
-0.00427246
0.19494629
0.17382812
-0.20788574
-0.18334961
0.18603516
-0.18725586
0.18688965
0.18664551
0.18530273
-0.05694580
0.38427734
0.51806641
-0.99902344
0.42822266
-0.42333984
0.92724609
-0.79003906
-0.89453125
-1.03906250
1.87792969
-1.73535156
-2.14453125
-3.52734375
-1.07812500
0.53955078
-0.86425781
-0.18310547
-0.30419922
-4.03906250
-1.28515625
-5.42187500
6.67578125
0.25048828
0.70898438
-0.11810303
-0.13513184
-0.10192871
-0.12878418
-0.13964844
0.13269043
-0.13647461
0.10375977
-0.26196289
0.64648438
-0.23107910
-1.16503906
-0.44628906
-0.28125000
0.36328125
-0.06713867
-0.26953125
-0.62207031
3.01367188
1.29882812
0.86865234
0.07153320
1.74707031
1.64453125
1.55859375
1.88085938
0.86621094
0.01928711
2.74609375
-1.70214844
1.64257812
-0.15747070
-0.05023193
0.06542969
-0.13073730
0.11547852
-0.12548828
-0.13183594
-0.13085938
0.15136719
-0.30664062
0.09197998
0.07800293
-0.11083984
-0.11248779
-0.02597046
0.10351562
-0.01916504
-0.15014648
-0.15869141
0.27978516
0.12731934
-0.16479492
-0.10076904
0.11132812
-0.12145996
-0.05337524
-0.02966309
-0.16333008
-0.30224609
0.00885010
0.23474121
-0.03662109
0.17382812
0.06033325
0.06616211
0.09472656
0.08068848
0.12469482
-0.08673096
0.09869385
-0.04107666
-0.04711914
-0.16320801
0.14562988
-0.01199341
0.07684326
-0.07525635
0.11511230
0.12231445
0.08782959
-0.21118164
0.23437500
0.30957031
0.25585938
0.13049316
0.06835938
0.14624023
0.15380859
0.18176270
-0.05651855
0.02807617
0.42871094
0.03143311
0.19726562
0.03436279
-0.15234375
-0.08441162
0.07531738
-0.09747314
0.08959961
0.09893799
0.08917236
0.04708862
-0.09228516
0.06958008
-0.03869629
0.01173401
-0.09643555
0.04846191
-0.04089355
-0.04858398
-0.13269043
0.01628113
-0.00134277
-0.08996582
-0.35107422
-0.12255859
0.04870605
-0.17614746
-0.10839844
-0.14355469
-0.27856445
-0.30493164
-0.28515625
0.43701172
-0.14270020
0.17749023
0.17248535
0.17053223
0.16564941
0.17333984
0.18151855
-0.17150879
0.17163086
0.03817749
-0.11944580
-0.02784729
0.02694702
-0.04589844
-0.02017212
-0.02185059
0.05502319
0.02230835
-0.04333496
-0.13977051
0.34448242
0.24438477
0.12683105
0.00683594
0.14929199
0.13928223
0.17919922
0.22058105
-0.00238037
-0.09301758
0.49365234
-0.04144287
0.18994141
0.15527344
-0.19042969
-0.15759277
0.17211914
-0.16906738
0.17480469
0.17102051
0.17224121
-0.07385254
0.09545898
0.08618164
-0.09283447
-0.04156494
-0.13720703
0.06060791
-0.10607910
-0.08789062
-0.13342285
-0.01843262
0.18640137
0.05154419
-0.04360962
-0.10314941
0.05905151
-0.11712646
-0.12084961
-0.23681641
0.08581543
-0.34204102
0.27441406
-0.04650879
-0.21130371
0.20104980
0.21142578
0.20202637
0.21215820
0.20056152
0.19628906
-0.19616699
0.20043945
0.10296631
-0.14489746
0.04763794
-0.00502014
-0.11743164
-0.06372070
-0.09460449
0.11645508
0.04577637
0.01220703
-0.17138672
0.12298584
0.15710449
0.09368896
0.01220703
0.07946777
0.05413818
0.16064453
0.24401855
-0.04257202
-0.14636230
0.18530273
0.09143066
0.20007324
0.21484375
-0.21997070
-0.21850586
0.20080566
-0.20776367
0.19726562
0.20166016
0.19665527
-0.06628418
0.07897949
0.01457214
-0.03442383
0.01431274
-0.03030396
0.02742004
-0.08837891
-0.03625488
-0.06805420
0.02032471
0.01098633
-0.05938721
-0.29565430
-0.07739258
0.01516724
-0.10925293
-0.11584473
-0.21472168
-0.10217285
-0.30224609
-0.04248047
0.15283203
-0.21411133
0.18603516
0.23034668
0.22448730
0.21826172
0.21960449
0.20495605
-0.21423340
0.21228027
-0.02673340
0.02157593
0.06127930
-0.07635498
-0.04092407
-0.07147217
-0.02555847
0.03289795
0.00286102
-0.07897949
-0.12695312
0.28295898
0.21459961
0.06097412
-0.04879761
0.08972168
0.06341553
0.14721680
0.22302246
0.02301025
-0.15124512
0.33520508
-0.03631592
0.17468262
0.22668457
-0.21777344
-0.22241211
0.22131348
-0.21618652
0.21557617
0.21276855
0.21398926
-0.02203369
0.02011108
0.01663208
0.02645874
-0.03045654
0.03570557
-0.04626465
0.01742554
0.04086304
0.02658081
0.01969910
-0.22167969
-0.20666504
-0.57763672
-0.05831909
-0.04043579
-0.19519043
-0.12194824
-0.16015625
-0.52050781
-0.25219727
-0.59521484
0.70214844
-0.14782715
0.18371582
0.20227051
0.20666504
0.18139648
0.20300293
0.19018555
-0.19775391
0.18933105
0.01696777
-0.04290771
0.03405762
-0.00925446
0.03503418
0.02064514
-0.01974487
-0.03031921
-0.00155640
-0.10913086
-0.04888916
0.37329102
0.22045898
-0.00109863
-0.11138916
0.17187500
0.13061523
0.15161133
0.19921875
0.02844238
-0.11273193
0.61328125
-0.18908691
0.20642090
0.17639160
-0.19299316
-0.17480469
0.20458984
-0.18579102
0.20068359
0.18859863
0.19702148
0.13281250
-0.09033203
-0.07208252
0.10485840
0.07409668
0.04086304
0.05206299
-0.11608887
-0.09240723
-0.11883545
0.04138184
0.05871582
-0.01547241
-0.12420654
-0.05981445
0.02062988
-0.09979248
-0.05914307
-0.16687012
0.01361084
-0.30224609
0.07385254
0.06646729
-0.13342285
0.11346436
0.14135742
0.13452148
0.12988281
0.12780762
0.11322021
-0.12145996
0.12103271
0.00830078
0.04400635
-0.05117798
-0.03283691
-0.00238037
-0.08807373
0.00847626
0.03024292
-0.00923157
-0.05450439
-0.09179688
0.13476562
0.10656738
0.05889893
-0.01959229
0.03994751
0.03308105
0.11968994
0.16931152
0.00780106
-0.09777832
0.22546387
0.02679443
0.11914062
0.14062500
-0.13110352
-0.13696289
0.13061523
-0.12573242
0.12200928
0.12152100
0.12158203
-0.27416992
0.10205078
0.25146484
0.89306641
0.28295898
0.45751953
0.22216797
-0.39208984
-0.32812500
-0.37744141
1.38867188
-2.15429688
-1.83593750
-2.98437500
-0.68994141
0.26831055
-0.71093750
-0.17333984
-0.27685547
-3.41601562
-1.00878906
-4.73828125
5.61328125
0.14746094
0.58740234
-0.04867554
-0.05758667
-0.03457642
-0.04986572
-0.05252075
0.05200195
-0.05502319
0.10064697
-0.76855469
-0.77929688
0.30786133
0.93408203
-0.06579590
0.64013672
-0.46630859
-0.48706055
-0.63769531
0.15869141
1.89843750
0.69482422
0.15747070
-0.03784180
1.32324219
1.22363281
1.17968750
1.43164062
0.58886719
0.00488281
2.33593750
-1.31152344
1.30175781
-0.07995605
-0.09130859
0.01190948
-0.05267334
0.04162598
-0.04550171
-0.05200195
-0.05053711
0.00356102
-0.10626221
-0.07647705
0.02261353
0.06207275
0.03050232
0.03198242
-0.06475830
-0.04492188
-0.07550049
-0.01742554
0.06640625
-0.00982666
-0.13525391
-0.04873657
-0.00363159
-0.11950684
-0.06872559
-0.12707520
-0.01108551
-0.25488281
0.08966064
0.00207901
-0.13720703
0.11749268
0.16027832
0.15478516
0.14648438
0.15234375
0.14379883
-0.14807129
0.14587402
0.06939697
0.04620361
-0.02267456
-0.04028320
-0.00853729
-0.08142090
0.00358963
0.03034973
0.00687790
-0.06835938
-0.08862305
0.14282227
0.11437988
0.04254150
-0.03918457
0.02247620
0.02186584
0.07537842
0.10534668
-0.01200104
-0.09368896
0.29663086
0.02973938
0.09051514
0.14855957
-0.15185547
-0.14514160
0.15393066
-0.14611816
0.15002441
0.14575195
0.14807129
0.02246094
0.77343750
0.81201172
0.36401367
-0.32373047
0.43725586
-0.01452637
-0.25512695
-0.22485352
-0.27783203
1.36230469
-2.30664062
-1.87695312
-2.98828125
-0.68847656
0.23339844
-0.73535156
-0.19140625
-0.29296875
-3.41992188
-1.00781250
-4.75000000
5.62109375
0.14404297
0.58789062
-0.04855347
-0.05761719
-0.03451538
-0.04989624
-0.05249023
0.05200195
-0.05502319
-0.29101562
0.04711914
-0.10925293
0.87158203
0.92041016
0.15039062
0.67724609
-0.55322266
-0.54199219
-0.68701172
0.31298828
1.70898438
0.57763672
0.01513672
-0.06250000
1.32910156
1.20898438
1.17675781
1.42968750
0.56054688
-0.00146484
2.31640625
-1.29394531
1.30175781
-0.07867432
-0.09136963
0.01184082
-0.05270386
0.04159546
-0.04553223
-0.05194092
-0.05053711
0.16894531
0.26171875
0.38281250
-0.03723145
-0.32104492
0.20715332
-0.07702637
-0.07983398
-0.08740234
-0.09356689
0.72070312
-1.42578125
-1.13378906
-1.94042969
-0.38037109
0.08447266
-0.51660156
-0.17578125
-0.23535156
-2.12695312
-0.65625000
-2.92968750
3.43945312
0.00988770
0.40258789
0.06372070
0.06188965
0.05880737
0.06231689
0.05081177
-0.05795288
0.05166626
-0.08557129
0.33105469
0.17626953
0.47631836
0.37792969
0.15832520
0.30371094
-0.27832031
-0.26416016
-0.40380859
0.18334961
1.03125000
0.35986328
-0.05029297
-0.09991455
0.79101562
0.69921875
0.69335938
0.83349609
0.29492188
-0.04052734
1.56542969
-0.79785156
0.80029297
0.03656006
-0.13208008
-0.06939697
0.06262207
-0.05667114
0.06246948
0.05233765
0.05841064
-0.05920410
0.04031372
0.04803467
0.05386353
0.06762695
0.07739258
0.05816650
-0.09753418
-0.07586670
-0.09478760
0.02774048
0.03100586
-0.05120850
-0.18457031
-0.08587646
0.00338745
-0.15393066
-0.08648682
-0.15405273
-0.07708740
-0.29931641
0.00671387
0.12695312
-0.12414551
0.12255859
0.14367676
0.13671875
0.13208008
0.13232422
0.11938477
-0.12670898
0.12536621
-0.08178711
-0.15270996
-0.08624268
0.00953674
0.06024170
-0.06042480
0.01922607
0.00938416
-0.00793457
-0.07281494
-0.10040283
0.17114258
0.11865234
0.04101562
-0.04327393
0.08404541
0.05490112
0.12219238
0.15124512
0.00146484
-0.10272217
0.31909180
0.00125122
0.12109375
0.13732910
-0.13732910
-0.13647461
0.13452148
-0.12915039
0.12817383
0.12573242
0.12670898
0.02981567
0.17919922
0.06573486
0.09680176
0.12487793
0.06457520
0.08300781
-0.09338379
-0.05126953
-0.07110596
-0.03186035
0.22961426
0.09344482
0.07183838
-0.02905273
0.01980591
-0.04046631
-0.07263184
-0.17260742
0.26318359
-0.22045898
0.49414062
-0.42529297
-0.17480469
0.10278320
0.17785645
0.16955566
0.16979980
0.16748047
0.16027832
-0.16320801
0.16430664
-0.13732910
-0.10400391
-0.11798096
0.00491333
0.04660034
-0.09454346
-0.00396729
0.01589966
0.03808594
-0.01747131
-0.19555664
0.12414551
0.15551758
0.06604004
0.00429535
-0.03146362
-0.03906250
0.03530884
0.10046387
-0.03778076
-0.13586426
0.08862305
0.11804199
0.04412842
0.17492676
-0.16430664
-0.17211914
0.16845703
-0.16748047
0.16467285
0.16430664
0.16308594
-0.03001404
0.00575256
0.07214355
0.04263306
0.08807373
-0.06542969
0.02017212
0.00947571
0.03680420
0.10699463
-0.10302734
-0.12890625
-0.11059570
-0.32763672
0.07226562
-0.06646729
-0.11560059
-0.03598022
-0.11401367
-0.39794922
-0.14953613
-0.38549805
0.46191406
-0.06628418
0.09942627
0.14111328
0.15344238
0.10766602
0.14270020
0.11737061
-0.13537598
0.12103271
-0.03250122
-0.00667191
-0.06750488
0.00822449
0.02197266
0.05438232
-0.09417725
0.08032227
0.08856201
0.00505066
0.00778198
0.00036621
-0.03466797
-0.12915039
-0.10430908
-0.00544357
0.02426147
0.03427124
0.08959961
-0.06042480
-0.06420898
0.45556641
-0.15722656
0.11975098
0.10003662
-0.10870361
-0.10144043
0.14721680
-0.11315918
0.13647461
0.11889648
0.13366699
0.04473877
0.09753418
0.08691406
0.02917480
0.02235413
0.06958008
0.01664734
-0.05508423
-0.03021240
-0.03167725
-0.02340698
0.09008789
0.02569580
-0.07464600
-0.04388428
0.00290680
-0.10919189
-0.10272217
-0.16027832
0.06488037
-0.23645020
0.19592285
-0.12487793
-0.17871094
0.13745117
0.19628906
0.19226074
0.18493652
0.19091797
0.18994141
-0.18774414
0.18762207
0.05233765
0.08270264
-0.00350952
0.03573608
0.04898071
-0.00440979
0.01100159
-0.01189423
0.00110626
-0.07128906
-0.13391113
0.15002441
0.15063477
0.04742432
-0.02346802
0.01502228
-0.00442505
0.06118774
0.09765625
-0.05532837
-0.12268066
0.25097656
0.08215332
0.08789062
0.18676758
-0.19189453
-0.17968750
0.19165039
-0.18615723
0.18957520
0.18725586
0.18835449
0.01651001
0.02822876
-0.05847168
-0.08850098
-0.04611206
-0.03466797
-0.01748657
0.02020264
0.01536560
0.08447266
0.17138672
-0.61083984
-0.45141602
-0.82177734
-0.08691406
-0.03781128
-0.24291992
-0.13952637
-0.18151855
-0.79589844
-0.29663086
-1.02832031
1.18554688
-0.12487793
0.21618652
0.17102051
0.17260742
0.15063477
0.16711426
0.14965820
-0.16125488
0.15356445
-0.08245850
-0.11688232
-0.02560425
-0.05950928
-0.08459473
0.05722046
-0.00640106
-0.04406738
-0.02850342
-0.13708496
0.07519531
0.33374023
0.12817383
-0.16467285
-0.12768555
0.25195312
0.20678711
0.24584961
0.29248047
0.07983398
-0.10009766
0.72851562
-0.30249023
0.30395508
0.15356445
-0.17102051
-0.15063477
0.16955566
-0.15258789
0.16381836
0.15332031
0.16101074
0.00625610
-0.00033951
0.05001831
0.03387451
-0.04330444
0.07312012
-0.02842712
-0.04669189
-0.04681396
-0.04434204
0.15100098
-0.40600586
-0.32543945
-0.70849609
-0.18408203
0.07019043
-0.27197266
-0.11877441
-0.09118652
-0.80175781
-0.37988281
-1.03906250
1.38574219
0.00305176
0.22875977
0.03668213
0.04229736
0.05572510
0.05419922
0.09075928
-0.05804443
0.06408691
0.07977295
0.16638184
0.04174805
0.02188110
-0.03451538
-0.00585938
0.04312134
-0.01517487
-0.06420898
-0.15808105
-0.06213379
0.37451172
0.23095703
0.02590942
0.04132080
0.29272461
0.25146484
0.28027344
0.33764648
-0.02075195
-0.00463867
0.82031250
-0.17309570
0.38549805
0.00720215
-0.12512207
-0.04455566
0.04968262
-0.06051636
0.06219482
0.06335449
0.05987549
-0.18310547
-0.30468750
-0.00622559
0.00439453
-0.04919434
0.13195801
0.04006958
-0.14672852
-0.11279297
-0.12225342
0.04901123
0.14636230
0.03002930
-0.15075684
-0.08441162
0.10046387
-0.08563232
-0.02636719
-0.02194214
-0.06994629
-0.28588867
0.12335205
0.07122803
-0.04003906
0.14868164
0.06585693
0.07312012
0.09387207
0.08740234
0.13403320
-0.09307861
0.10375977
-0.03558350
0.11346436
0.21875000
0.17785645
0.13977051
-0.00242615
0.06738281
0.01232910
-0.02050781
-0.11077881
-0.26391602
0.31884766
0.33447266
0.18518066
0.12805176
0.02058411
0.08642578
0.10437012
0.14770508
-0.09973145
0.01824951
0.38256836
0.07562256
0.15393066
0.03637695
-0.15014648
-0.07849121
0.08203125
-0.09936523
0.09661865
0.10314941
0.09545898
-0.10906982
-0.19372559
-0.04879761
-0.04949951
-0.09582520
0.00444031
-0.05548096
-0.04080200
-0.03448486
-0.00799561
0.10021973
-0.26586914
-0.23266602
-0.48461914
-0.07049561
0.02386475
-0.20629883
-0.03506470
-0.08361816
-0.45166016
-0.32568359
-0.52636719
0.73486328
-0.04736328
0.16931152
0.11413574
0.11767578
0.09814453
0.12463379
0.13989258
-0.12365723
0.11889648
-0.08776855
-0.02531433
0.13964844
0.05535889
-0.00756073
0.02888489
-0.02429199
0.01158905
-0.00112915
-0.14672852
-0.05477905
0.24853516
0.13464355
-0.03170776
0.01107788
0.11010742
0.13012695
0.14135742
0.22119141
-0.05737305
-0.02154541
0.64599609
-0.08374023
0.24597168
0.06524658
-0.14111328
-0.07922363
0.12298584
-0.10736084
0.12939453
0.11602783
0.12451172
0.08203125
-0.07171631
-0.17968750
-0.10699463
-0.14428711
0.06408691
0.07843018
-0.11999512
-0.09564209
-0.05072021
0.01550293
0.13256836
0.00546265
-0.04437256
0.01174164
0.02079773
-0.07128906
0.00161934
-0.11914062
0.09106445
-0.23706055
0.29199219
-0.17480469
-0.13830566
0.14270020
0.19177246
0.19128418
0.17565918
0.19238281
0.18994141
-0.18847656
0.18457031
-0.10827637
-0.20092773
0.11834717
0.09252930
0.11865234
0.00268555
0.03924561
0.02230835
0.04425049
-0.03231812
-0.19470215
0.16125488
0.13305664
0.03753662
0.01394653
-0.06286621
-0.01503754
0.01087189
0.10070801
-0.05633545
-0.07641602
0.29248047
0.04681396
0.11621094
0.15686035
-0.18627930
-0.16638184
0.19311523
-0.17944336
0.19165039
0.18273926
0.18859863
0.04067993
0.11285400
0.05114746
0.09301758
-0.00503540
-0.08160400
-0.10900879
0.07836914
0.05010986
0.05014038
0.13488770
-0.18664551
-0.16308594
-0.27172852
-0.08013916
-0.03228760
-0.16198730
-0.14526367
-0.25292969
-0.04223633
-0.30200195
-0.05813599
0.10858154
-0.18981934
0.13391113
0.20129395
0.18603516
0.17041016
0.17846680
0.15014648
-0.17004395
0.16406250
0.09405518
0.04006958
-0.07458496
-0.12866211
-0.12731934
0.10339355
-0.01840210
-0.13549805
-0.07080078
-0.16064453
0.02799988
0.17529297
0.07342529
-0.06317139
-0.09588623
0.10980225
0.02935791
0.13220215
0.20422363
0.01811218
-0.18957520
0.29956055
-0.00108337
0.13427734
0.19799805
-0.15979004
-0.17651367
0.18237305
-0.16723633
0.17260742
0.16394043
0.16943359
-0.03231812
-0.10876465
0.13122559
0.17749023
0.15026855
-0.13659668
-0.07281494
0.09783936
0.06524658
0.14270020
0.17858887
-0.70312500
-0.50244141
-0.81103516
-0.11602783
-0.05480957
-0.28686523
-0.15270996
-0.20703125
-0.79199219
-0.34448242
-1.02539062
1.19335938
-0.11987305
0.21398926
0.16894531
0.16955566
0.14526367
0.16223145
0.13964844
-0.15539551
0.14611816
-0.02841187
0.05761719
-0.00420380
-0.05615234
-0.10223389
0.00708008
-0.06396484
-0.05673218
-0.05249023
-0.13537598
0.16320801
0.18237305
0.02111816
-0.28027344
-0.15100098
0.28442383
0.22070312
0.27270508
0.32373047
0.09277344
-0.10827637
0.71289062
-0.30224609
0.31616211
0.14916992
-0.16223145
-0.14770508
0.16528320
-0.14599609
0.15771484
0.14575195
0.15466309
-0.10235596
0.04928589
0.03262329
0.00211716
-0.04339600
-0.03225708
-0.01068878
-0.02655029
-0.03424072
-0.03521729
0.05310059
0.13940430
0.06579590
0.00698853
-0.02981567
0.05181885
-0.04992676
-0.06286621
-0.14135742
0.16528320
-0.25683594
0.29174805
-0.17968750
-0.15136719
0.13415527
0.14428711
0.14001465
0.15197754
0.13964844
0.14611816
-0.13745117
0.14428711
-0.00216675
0.05130005
-0.03460693
0.00978851
-0.02383423
0.05828857
0.02893066
-0.07348633
-0.05825806
-0.09655762
-0.16821289
0.19885254
0.21252441
0.12457275
0.04681396
-0.02444458
-0.00717163
0.06542969
0.09667969
-0.05178833
-0.08319092
0.15991211
0.13281250
0.10058594
0.14880371
-0.16552734
-0.15502930
0.13940430
-0.14892578
0.13806152
0.14501953
0.13867188
-0.08905029
-0.00256348
0.01856995
-0.01377106
-0.09161377
0.01264954
0.00141907
-0.00708389
-0.04605103
0.00915527
0.08453369
0.07440186
0.01495361
-0.00456238
-0.00165558
0.01535797
-0.01603699
-0.04669189
-0.15283203
0.19750977
-0.22424316
0.34741211
-0.31127930
-0.16442871
0.10778809
0.16357422
0.15441895
0.15673828
0.15417480
0.14990234
-0.15087891
0.15234375
-0.06524658
0.11273193
-0.07458496
-0.01374817
-0.02066040
0.05670166
0.04742432
-0.04412842
-0.00218964
-0.05657959
-0.15270996
0.20556641
0.19299316
0.05075073
0.01010132
-0.03692627
-0.03784180
0.02008057
0.09936523
-0.01855469
-0.13000488
0.16760254
0.08599854
0.06097412
0.16247559
-0.15625000
-0.15893555
0.15478516
-0.15490723
0.15270996
0.15246582
0.15087891
0.05093384
-0.08325195
0.07336426
0.11822510
0.07373047
-0.10424805
-0.01864624
0.04748535
0.02214050
0.08294678
0.04364014
-0.17639160
-0.15466309
-0.29443359
-0.00173950
-0.03302002
-0.12988281
-0.07678223
-0.21850586
-0.19104004
-0.25561523
-0.21044922
0.30053711
-0.15112305
0.13647461
0.19067383
0.19055176
0.16113281
0.17773438
0.14538574
-0.16833496
0.15930176
-0.04086304
-0.05676270
0.04562378
0.04327393
-0.06738281
-0.04840088
-0.01531219
-0.08184814
-0.02349854
-0.05587769
0.03765869
0.04840088
-0.04287720
-0.14489746
-0.10083008
0.04608154
0.02513123
0.09808350
0.17199707
0.00128174
-0.13452148
0.34204102
-0.08654785
0.15136719
0.17358398
-0.15283203
-0.16687012
0.18273926
-0.16015625
0.16882324
0.15844727
0.16723633
0.04879761
-0.15673828
0.09729004
0.07177734
0.02116394
-0.08044434
-0.03741455
0.03050232
-0.01494598
0.02539062
0.08752441
0.02981567
-0.03073120
-0.10461426
-0.05599976
0.01728821
-0.10241699
-0.11206055
-0.19763184
0.07879639
-0.26440430
0.18786621
-0.08374023
-0.17126465
0.12207031
0.18041992
0.17663574
0.16088867
0.17150879
0.16259766
-0.16625977
0.16284180
-0.09020996
0.03826904
0.01690674
-0.02485657
-0.08715820
0.04315186
0.01467896
-0.09045410
-0.04565430
-0.08923340
-0.13195801
0.20568848
0.17285156
0.04400635
-0.02177429
0.03546143
-0.00495911
0.08062744
0.12512207
-0.04107666
-0.13403320
0.25390625
0.07080078
0.09832764
0.17285156
-0.16296387
-0.15856934
0.17358398
-0.16174316
0.16809082
0.16247559
0.16601562
0.03817749
-0.15612793
0.06512451
0.00315094
0.04254150
-0.04843140
-0.03634644
0.00378227
0.02874756
0.07525635
0.16076660
-0.52392578
-0.38134766
-0.69433594
-0.18847656
0.03070068
-0.29589844
-0.13940430
-0.11004639
-0.80078125
-0.37939453
-1.05761719
1.38964844
-0.00213623
0.22863770
0.03762817
0.04254150
0.05551147
0.05438232
0.09057617
-0.05816650
0.06402588
-0.07037354
0.05752563
0.00231934
-0.04019165
0.03540039
0.05511475
-0.03671265
-0.04891968
-0.07409668
-0.14599609
0.02795410
0.17541504
0.11828613
-0.14123535
0.00811768
0.29931641
0.22302246
0.27075195
0.33203125
-0.05444336
-0.01647949
0.79589844
-0.14843750
0.38525391
0.00947571
-0.12487793
-0.04431152
0.04989624
-0.06036377
0.06240845
0.06329346
0.05993652
0.06945801
-0.14465332
0.08850098
0.08801270
0.01811218
-0.07409668
-0.03204346
0.00729370
-0.00886536
0.05737305
0.08312988
-0.17150879
-0.13366699
-0.25390625
-0.06250000
-0.02044678
-0.16967773
-0.10656738
-0.16992188
-0.18212891
-0.26342773
-0.22668457
0.30541992
-0.16137695
0.13354492
0.18884277
0.18786621
0.16271973
0.18579102
0.18225098
-0.18078613
0.17504883
0.03268433
-0.14331055
0.10321045
-0.01760864
-0.05200195
0.04608154
0.01887512
-0.04751587
-0.02555847
-0.05993652
-0.05236816
0.13903809
0.07421875
-0.07092285
-0.05706787
0.10186768
0.02246094
0.07849121
0.13708496
-0.06518555
-0.13903809
0.41259766
0.03518677
0.12597656
0.17089844
-0.17236328
-0.15100098
0.18664551
-0.16894531
0.18469238
0.17321777
0.18066406
-0.01309204
0.00030518
0.03387451
0.07006836
0.05435181
-0.07653809
-0.06530762
0.01858521
-0.02276611
0.00163269
0.15026855
-0.08764648
-0.10406494
-0.15563965
-0.07513428
0.03472900
-0.11224365
-0.10565186
-0.19738770
-0.03108215
-0.28491211
0.04272461
0.10784912
-0.18139648
0.18310547
0.18664551
0.18273926
0.18603516
0.18359375
0.19104004
-0.18115234
0.18518066
0.10284424
-0.16528320
0.11322021
0.00187683
-0.07507324
0.04446411
0.02983093
-0.07714844
-0.06585693
-0.09478760
-0.09179688
0.20947266
0.17102051
0.02697754
0.01814270
0.07824707
0.04052734
0.10919189
0.17858887
-0.04650879
-0.12780762
0.28759766
0.05514526
0.17858887
0.18420410
-0.20446777
-0.18383789
0.18286133
-0.18664551
0.18322754
0.18518066
0.18200684
-0.11151123
0.17077637
-0.06695557
0.12744141
0.09289551
-0.09814453
-0.06481934
-0.00695801
-0.05535889
-0.00863647
0.10412598
0.17944336
0.06683350
0.06799316
-0.00608826
0.04956055
-0.01681519
-0.05773926
-0.11157227
0.24633789
-0.17517090
0.48803711
-0.43115234
-0.14648438
0.09765625
0.16235352
0.16467285
0.16088867
0.16552734
0.17871094
-0.16467285
0.16735840
0.00234985
-0.12011719
0.16809082
0.05279541
-0.11303711
0.03027344
0.04983521
-0.09906006
-0.05279541
-0.04812622
-0.23828125
0.26074219
0.25366211
0.13952637
0.04449463
-0.07940674
-0.05938721
-0.00785828
0.01715088
-0.08526611
-0.08392334
0.16955566
0.13720703
0.01435852
0.14770508
-0.17443848
-0.15173340
0.16491699
-0.16442871
0.16601562
0.16674805
0.16528320
0.03671265
-0.15478516
0.07708740
-0.15222168
-0.13488770
0.07763672
0.06909180
0.07220459
0.09643555
0.24279785
0.03955078
-0.94970703
-0.62548828
-0.99755859
-0.10546875
-0.10467529
-0.36621094
-0.17724609
-0.18896484
-1.23925781
-0.36132812
-1.66601562
1.91308594
-0.04870605
0.25317383
0.10534668
0.10913086
0.08953857
0.10668945
0.09332275
-0.10253906
0.09362793
0.08679199
-0.05780029
-0.09680176
-0.08520508
0.14294434
-0.08160400
-0.07989502
0.07879639
0.03143311
-0.00379562
0.33496094
-0.19995117
-0.19616699
-0.59472656
-0.17114258
0.36791992
0.28125000
0.33349609
0.40209961
0.04345703
-0.07623291
0.93066406
-0.40795898
0.44165039
0.08001709
-0.12817383
-0.08972168
0.10833740
-0.09191895
0.10571289
0.09326172
0.10217285
0.11206055
-0.02127075
-0.03665161
-0.03634644
0.07031250
-0.00949097
-0.04000854
0.06323242
0.00245667
0.03607178
0.08654785
0.04177856
0.00594711
-0.02886963
0.01101685
-0.02590942
-0.08648682
-0.09259033
-0.21716309
0.18554688
-0.26953125
0.28320312
-0.21118164
-0.20751953
0.13232422
0.21557617
0.20336914
0.19348145
0.19738770
0.17565918
-0.18957520
0.18701172
-0.08496094
0.12707520
-0.05761719
-0.01136017
0.01704407
-0.04769897
0.00321960
-0.02565002
-0.03768921
-0.05319214
-0.07708740
0.16711426
0.10192871
0.01373291
-0.05700684
-0.01934814
-0.07696533
0.02545166
0.08294678
-0.03875732
-0.17468262
0.18530273
0.10974121
0.09497070
0.21496582
-0.18237305
-0.19738770
0.20043945
-0.19030762
0.19152832
0.18688965
0.18933105
-0.10473633
-0.07568359
0.82763672
-0.41381836
-1.07421875
0.31958008
0.61230469
0.66748047
0.88867188
0.94775391
0.18066406
-3.32031250
-2.23828125
-3.15625000
-0.94677734
-0.23217773
-1.33691406
-0.54785156
-0.63623047
-4.12109375
-1.28027344
-5.61328125
6.75781250
0.18017578
0.71386719
-0.11688232
-0.13610840
-0.10021973
-0.13000488
-0.13867188
0.13330078
-0.13586426
0.05511475
-0.45898438
0.03375244
-0.93750000
0.62109375
-0.52587891
-0.75097656
0.55664062
0.11889648
-0.50292969
1.96972656
-1.03125000
-1.12988281
-1.79687500
-0.52099609
1.81445312
1.28906250
1.47070312
1.79589844
0.31542969
-0.11083984
2.32812500
-1.31835938
1.65039062
-0.13476562
-0.05303955
0.06292725
-0.13208008
0.11419678
-0.12658691
-0.13098145
-0.13134766
0.01574707
0.01188660
0.03344727
-0.03958130
-0.07702637
0.06555176
0.03164673
0.04364014
0.03314209
0.14892578
0.05429077
-0.50292969
-0.36669922
-0.54882812
-0.04168701
-0.04760742
-0.21911621
-0.12481689
-0.14648438
-0.61523438
-0.27319336
-0.70898438
0.86914062
-0.07830811
0.20056152
0.12707520
0.12963867
0.12164307
0.12878418
0.12145996
-0.12573242
0.12194824
-0.01551056
-0.01033783
-0.02178955
-0.07641602
0.02430725
-0.03759766
-0.02220154
0.01766968
0.00196838
0.01966858
0.11840820
-0.07409668
-0.06018066
-0.36108398
-0.09960938
0.15771484
0.14331055
0.19396973
0.23681641
0.01049805
-0.06060791
0.58789062
-0.22534180
0.27319336
0.10253906
-0.14916992
-0.12213135
0.12939453
-0.12213135
0.12805176
0.12176514
0.12585449
0.03747559
-0.13574219
0.00820923
-0.02252197
-0.03219604
-0.02732849
0.00920868
0.03552246
0.05004883
0.11425781
0.12469482
-0.41821289
-0.30078125
-0.52343750
-0.14709473
-0.01043701
-0.26953125
-0.14416504
-0.10540771
-0.58496094
-0.31103516
-0.76220703
0.99365234
-0.01873779
0.16906738
0.04309082
0.04757690
0.05200195
0.05587769
0.08398438
-0.05831909
0.06164551
0.02934265
0.09020996
-0.06750488
0.05294800
-0.00016785
-0.06015015
-0.02616882
-0.04608154
-0.03738403
-0.07360840
0.02734375
0.05648804
0.06158447
-0.18835449
-0.02346802
0.22473145
0.13574219
0.18652344
0.22753906
-0.09204102
-0.02581787
0.63476562
-0.06433105
0.26953125
0.01867676
-0.10638428
-0.04067993
0.05291748
-0.05682373
0.06207275
0.06069946
0.05953979
-0.05392456
-0.11938477
0.05697632
-0.06463623
0.01348877
-0.01300812
-0.02485657
0.05081177
0.00982666
0.06195068
0.14892578
-0.15930176
-0.14160156
-0.18054199
-0.06134033
0.00559998
-0.13415527
-0.12225342
-0.15698242
-0.04968262
-0.24951172
0.01306152
0.08703613
-0.15368652
0.15087891
0.17150879
0.16589355
0.16247559
0.16674805
0.16833496
-0.16418457
0.16430664
0.03192139
-0.08422852
-0.07507324
0.00552368
0.05120850
-0.08294678
-0.02752686
-0.02781677
-0.04684448
-0.04418945
-0.06213379
0.15771484
0.12744141
-0.03717041
-0.02703857
0.05895996
0.01383972
0.08032227
0.11279297
-0.02270508
-0.11718750
0.34619141
0.02340698
0.12890625
0.16113281
-0.17773438
-0.15808105
0.16662598
-0.16357422
0.16662598
0.16394043
0.16442871
-0.08349609
0.00604248
0.08746338
-0.05978394
0.00061035
-0.00562286
-0.03378296
0.07531738
0.01698303
0.02975464
0.19372559
0.01846313
-0.04364014
-0.00436401
-0.05157471
0.04321289
-0.05895996
-0.10021973
-0.19506836
0.19897461
-0.25854492
0.39086914
-0.22399902
-0.18945312
0.17187500
0.19165039
0.18432617
0.19116211
0.18615723
0.19079590
-0.18408203
0.18786621
-0.08160400
-0.15014648
-0.02893066
-0.00944519
0.10784912
-0.09033203
-0.05474854
-0.01573181
-0.06378174
-0.08093262
-0.09552002
0.27392578
0.22326660
0.12292480
0.01995850
0.00239563
-0.02529907
0.04733276
0.11523438
-0.04003906
-0.14013672
0.19714355
0.11456299
0.14257812
0.18945312
-0.20324707
-0.19055176
0.18542480
-0.19018555
0.18579102
0.18823242
0.18469238
-0.01608276
0.04318237
0.11883545
-0.04150391
-0.03994751
0.01192474
-0.07708740
0.06192017
-0.02766418
0.00643921
0.03686523
-0.08892822
-0.08666992
-0.18261719
0.05938721
-0.03240967
-0.09582520
-0.06173706
-0.16613770
-0.20703125
-0.18359375
-0.14038086
0.22912598
-0.13952637
0.14135742
0.19494629
0.20080566
0.16625977
0.19055176
0.16357422
-0.18273926
0.17187500
-0.01030731
-0.04290771
0.03683472
-0.07928467
0.11621094
0.00594330
-0.03781128
-0.04418945
-0.04824829
0.04876709
-0.05474854
-0.00012207
-0.03427124
-0.19665527
-0.06689453
-0.00684738
-0.00403595
0.03945923
0.09924316
-0.04742432
-0.10858154
0.34472656
-0.10394287
0.14001465
0.16809082
-0.16149902
-0.16491699
0.19470215
-0.16882324
0.18371582
0.17077637
0.18164062
-0.20996094
-0.76220703
-0.73144531
0.63134766
0.08184814
0.27832031
0.60498047
-0.17626953
0.34814453
0.72265625
-0.39428711
-2.39453125
-1.60058594
-2.32031250
-0.56787109
-0.28540039
-1.04980469
-0.44042969
-0.52099609
-3.46093750
-1.00390625
-4.89843750
5.67968750
0.09326172
0.58984375
-0.04653931
-0.05780029
-0.03390503
-0.05029297
-0.05218506
0.05227661
-0.05484009
0.20275879
0.14135742
-0.36791992
0.70263672
-0.97216797
0.36938477
0.30444336
0.58300781
0.47314453
0.16113281
1.34179688
-1.58496094
-1.13867188
-1.88574219
-0.39379883
1.31933594
0.94824219
1.10742188
1.36230469
0.13964844
-0.09399414
1.98242188
-1.00097656
1.30664062
-0.06158447
-0.09234619
0.01091003
-0.05313110
0.04113770
-0.04589844
-0.05166626
-0.05078125
0.02453613
0.01786804
-0.00509644
-0.02166748
-0.05187988
0.03057861
-0.02751160
0.06500244
0.02017212
0.02552795
0.19079590
0.06231689
-0.00869751
0.01785278
-0.01288605
0.05194092
-0.02731323
-0.08270264
-0.16027832
0.21020508
-0.19409180
0.35888672
-0.27294922
-0.14379883
0.09899902
0.14965820
0.14953613
0.14208984
0.14611816
0.14709473
-0.14282227
0.14355469
0.07678223
0.06210327
0.04321289
-0.01402283
0.05465698
-0.01324463
-0.03945923
0.00187683
-0.04943848
-0.03933716
-0.12310791
0.26123047
0.23559570
0.13110352
0.04199219
-0.04733276
-0.04766846
0.02090454
0.04699707
-0.07086182
-0.09875488
0.15478516
0.12145996
0.05496216
0.14184570
-0.14843750
-0.13964844
0.14733887
-0.14270020
0.14392090
0.14331055
0.14306641
0.06628418
0.02729797
-0.00759888
0.01110840
-0.07104492
-0.10900879
-0.11706543
0.00839233
-0.09912109
-0.08441162
-0.03131104
-0.03878784
-0.03179932
-0.19421387
0.13879395
-0.07910156
-0.13635254
-0.05718994
-0.12683105
-0.45971680
-0.13757324
-0.51416016
0.58740234
-0.06719971
0.09539795
0.14697266
0.16137695
0.10437012
0.14953613
0.12182617
-0.14160156
0.12359619
-0.02160645
-0.01396179
0.11358643
-0.04898071
0.08001709
0.04748535
-0.02597046
-0.10406494
-0.07678223
0.11248779
-0.13623047
-0.15429688
-0.11987305
-0.34057617
-0.06228638
-0.03125000
-0.01596069
0.01640320
0.06130981
-0.13537598
-0.08154297
0.47070312
-0.14184570
0.12634277
0.10089111
-0.10412598
-0.09381104
0.15490723
-0.11236572
0.14331055
0.12103271
0.13964844
-0.10021973
-0.09906006
-0.05084229
0.03369141
-0.00247192
0.10241699
0.07171631
0.03933716
0.08630371
0.16699219
0.10839844
-0.26416016
-0.20971680
-0.23156738
-0.08374023
-0.00729370
-0.16735840
-0.13671875
-0.22412109
-0.06860352
-0.34179688
-0.03247070
0.16418457
-0.17614746
0.15026855
0.18444824
0.17285156
0.16333008
0.16735840
0.15051270
-0.16052246
0.15759277
0.02276611
0.03408813
-0.05426025
0.08728027
-0.09851074
0.05877686
0.01481628
0.11791992
0.03089905
-0.00231934
0.11328125
0.05822754
0.02935791
-0.11486816
-0.07604980
0.10607910
0.03680420
0.14428711
0.18054199
0.02989197
-0.15527344
0.33959961
0.00564575
0.15881348
0.18237305
-0.16577148
-0.16711426
0.17016602
-0.16052246
0.16296387
0.15771484
0.16040039
-0.10369873
-0.14538574
-0.11376953
0.06579590
-0.08728027
0.08319092
0.03381348
0.06835938
0.06106567
0.08300781
0.17114258
-0.18945312
-0.16723633
-0.15588379
-0.07727051
0.01962280
-0.11682129
-0.11651611
-0.21069336
-0.02828979
-0.27929688
0.03302002
0.10644531
-0.18481445
0.18029785
0.18884277
0.18432617
0.18493652
0.18432617
0.19042969
-0.18164062
0.18481445
0.00112915
0.07855225
0.03173828
-0.02420044
-0.03105164
-0.03018188
-0.06335449
0.04028320
-0.03359985
-0.04574585
0.04162598
0.12524414
0.10998535
-0.02526855
-0.00091553
0.08331299
0.02447510
0.09753418
0.16259766
-0.04827881
-0.14025879
0.28881836
0.05783081
0.17517090
0.18676758
-0.20251465
-0.18249512
0.18395996
-0.18579102
0.18383789
0.18469238
0.18237305
0.00210571
-0.04736328
0.01470184
-0.05325317
0.11059570
0.03485107
0.02157593
-0.03234863
0.03802490
0.18896484
0.04544067
-0.39892578
-0.28466797
-0.35473633
-0.09484863
-0.02548218
-0.18725586
-0.09478760
-0.13269043
-0.30810547
-0.29809570
-0.45166016
0.53076172
-0.06872559
0.10943604
0.07763672
0.06970215
0.06610107
0.07238770
0.07684326
-0.07061768
0.06970215
-0.04724121
-0.01844788
-0.01754761
0.02464294
-0.03482056
0.07983398
0.11212158
0.06518555
0.05218506
0.06774902
0.17077637
-0.12017822
-0.03747559
-0.25585938
-0.04629517
0.13842773
0.07824707
0.14379883
0.18725586
-0.01232910
-0.07196045
0.46899414
-0.04052734
0.15795898
0.06610107
-0.08984375
-0.06311035
0.07232666
-0.06738281
0.07440186
0.06896973
0.07110596
-0.00159073
0.00901794
-0.07495117
0.08020020
-0.12078857
-0.06408691
-0.04348755
0.08782959
-0.04397583
-0.10906982
0.07464600
0.06921387
0.03744507
-0.01989746
0.15795898
-0.01544189
-0.01557922
0.01574707
-0.07318115
-0.12939453
-0.08221436
-0.03717041
0.07556152
-0.07647705
0.08160400
0.14709473
0.15991211
0.11462402
0.14929199
0.12390137
-0.14184570
0.12792969
-0.00492096
-0.01856995
-0.10522461
0.03302002
-0.07910156
-0.04528809
-0.11755371
-0.05706787
-0.11871338
0.05419922
-0.14990234
0.03155518
-0.00730133
-0.16491699
0.00338745
-0.13378906
-0.05737305
-0.04849243
-0.01173401
-0.08343506
-0.04971313
0.29296875
-0.09814453
0.07055664
0.10675049
-0.10888672
-0.10870361
0.15393066
-0.11987305
0.14306641
0.12561035
0.14013672
0.00255585
0.01392365
-0.00878906
0.05868530
-0.10333252
-0.04553223
-0.02084351
0.10180664
-0.02392578
-0.11279297
0.09777832
0.07574463
0.02600098
-0.02947998
0.13964844
-0.01412964
-0.03234863
-0.00009918
-0.10986328
-0.16308594
-0.11486816
-0.09106445
0.11944580
-0.09167480
0.08898926
0.15905762
0.17041016
0.12756348
0.15954590
0.13342285
-0.15197754
0.13879395
-0.01416016
-0.03500366
-0.15722656
0.06457520
-0.11816406
-0.07196045
-0.13488770
-0.04669189
-0.12353516
0.03692627
-0.15795898
0.03710938
0.00987244
-0.16577148
0.00573730
-0.11157227
-0.05294800
-0.03353882
0.01797485
-0.11230469
-0.07580566
0.32055664
-0.07586670
0.07598877
0.12072754
-0.12091064
-0.12286377
0.16455078
-0.13208008
0.15307617
0.13684082
0.15051270
-0.03546143
-0.09033203
-0.01091766
-0.13342285
0.09368896
-0.10083008
-0.01335144
-0.11584473
-0.01577759
0.09930420
-0.14562988
-0.49682617
-0.35131836
-0.47119141
-0.02481079
-0.13000488
-0.29003906
-0.20727539
-0.27246094
-0.67382812
-0.30004883
-0.89550781
1.00097656
-0.17187500
0.22033691
0.20837402
0.20239258
0.18078613
0.19396973
0.16479492
-0.18627930
0.17761230
-0.02702332
0.06945801
0.09729004
-0.10668945
0.11596680
0.06762695
0.08483887
0.07385254
0.08532715
0.18212891
0.22106934
-0.49609375
-0.32763672
-0.64648438
-0.18188477
0.21972656
0.11749268
0.21606445
0.27636719
0.02221680
-0.16467285
0.58691406
-0.24121094
0.28955078
0.19775391
-0.18688965
-0.18652344
0.19763184
-0.17968750
0.18859863
0.17773438
0.18579102
-0.11206055
0.02105713
0.01025391
-0.00296021
0.03234863
-0.01422119
0.02804565
-0.02360535
0.05352783
0.10723877
0.14270020
-0.17065430
-0.15039062
-0.11102295
-0.05722046
0.02229309
-0.07672119
-0.10412598
-0.21301270
0.11413574
-0.26953125
0.17944336
-0.09704590
-0.17968750
0.12170410
0.17224121
0.16357422
0.15893555
0.15930176
0.15197754
-0.15417480
0.15502930
0.01205444
0.07562256
0.04656982
-0.05130005
-0.01567078
0.06335449
0.01733398
0.07800293
0.03259277
0.00845337
0.07971191
0.13378906
0.12634277
0.01889038
-0.00906372
0.03839111
-0.01542664
0.07232666
0.11614990
-0.01287842
-0.15026855
0.20141602
0.09527588
0.09857178
0.17626953
-0.16076660
-0.16113281
0.16101074
-0.15722656
0.15576172
0.15502930
0.15429688
-0.10577393
0.03039551
0.08752441
-0.05389404
0.03384399
-0.01670837
0.02011108
-0.02484131
0.01666260
0.04895020
0.18334961
-0.11889648
-0.12585449
-0.04351807
-0.01184082
0.02337646
-0.05364990
-0.11187744
-0.18359375
0.18969727
-0.22692871
0.33691406
-0.32324219
-0.20019531
0.11083984
0.20825195
0.20324707
0.18713379
0.19921875
0.19299316
-0.19421387
0.19140625
-0.03698730
0.13842773
0.05712891
-0.00347137
-0.04504395
0.07067871
0.00842285
0.05618286
0.01172638
0.05587769
0.00735474
0.20129395
0.18432617
0.05636597
-0.01296234
-0.02145386
-0.05334473
0.01782227
0.05480957
-0.04754639
-0.16967773
0.21801758
0.12304688
0.04034424
0.20129395
-0.18566895
-0.18103027
0.20092773
-0.18920898
0.19677734
0.19067383
0.19409180
0.08184814
0.00854492
-0.81591797
0.46435547
-0.17236328
-0.60937500
-0.51855469
-0.85546875
-0.23242188
0.75732422
-1.50488281
-1.82617188
-1.34375000
-2.19921875
-0.74902344
-0.63378906
-1.53613281
-0.73046875
-0.80517578
-4.13281250
-1.27148438
-5.70312500
6.79687500
0.14282227
0.71582031
-0.11621094
-0.13671875
-0.09924316
-0.13049316
-0.13818359
0.13366699
-0.13562012
0.08551025
-0.46484375
-0.14489746
-0.91406250
1.22851562
0.08270264
0.81835938
0.15551758
0.86621094
0.75976562
1.28320312
-2.95898438
-2.11718750
-2.88867188
-0.77929688
1.71484375
1.04492188
1.38867188
1.72656250
0.01953125
-0.17919922
2.09765625
-1.11328125
1.65527344
-0.12237549
-0.05453491
0.06164551
-0.13281250
0.11346436
-0.12707520
-0.13061523
-0.13171387
-0.00437927
-0.08349609
0.00579834
-0.03234863
-0.01074982
-0.03674316
-0.00947571
0.00342178
0.04583740
0.11230469
0.08728027
-0.36645508
-0.30224609
-0.36816406
-0.12365723
-0.02807617
-0.24511719
-0.15795898
-0.14672852
-0.40332031
-0.32299805
-0.55371094
0.75585938
-0.07910156
0.19702148
0.10125732
0.09985352
0.10540771
0.10705566
0.12731934
-0.10797119
0.11096191
-0.07373047
0.10430908
0.05645752
0.00286865
0.04544067
0.05755615
0.02314758
0.05401611
0.04696655
0.07714844
0.13403320
-0.16186523
-0.05828857
-0.30541992
-0.05468750
0.17492676
0.07226562
0.16015625
0.20129395
-0.06677246
-0.05871582
0.55322266
-0.03344727
0.26928711
0.08081055
-0.15124512
-0.09747314
0.10461426
-0.10815430
0.11187744
0.11022949
0.10906982
0.11328125
-0.07708740
-0.01882935
-0.01742554
0.09429932
-0.01579285
0.05700684
-0.01143646
0.05987549
0.04394531
0.20019531
-0.10742188
-0.09143066
0.00518799
-0.00114632
0.04345703
-0.00496292
-0.08093262
-0.20300293
0.29785156
-0.22961426
0.42871094
-0.40747070
-0.20996094
0.11267090
0.20385742
0.19140625
0.18725586
0.18688965
0.17321777
-0.18078613
0.18103027
0.02221680
-0.06149292
0.04232788
0.00938416
-0.02992249
0.04061890
-0.00747681
0.04321289
-0.01789856
-0.00323105
0.05313110
0.23181152
0.18981934
0.12292480
0.01945496
-0.04757690
-0.07122803
0.00440979
0.04650879
-0.00903320
-0.17810059
0.13562012
0.12939453
0.05050659
0.20898438
-0.17651367
-0.19091797
0.18896484
-0.18432617
0.18261719
0.18115234
0.18041992
0.02719116
-0.02586365
-0.04638672
0.05734253
-0.00581360
-0.08734131
-0.02470398
-0.08837891
0.00868225
0.09362793
0.05416870
-0.22827148
-0.21118164
-0.19482422
-0.07678223
-0.02926636
-0.18627930
-0.16259766
-0.26464844
-0.16662598
-0.32104492
-0.13061523
0.29101562
-0.18383789
0.17578125
0.19848633
0.19262695
0.17749023
0.18823242
0.18103027
-0.18261719
0.17944336
0.07409668
-0.08898926
-0.01284027
-0.01623535
0.06494141
0.00997925
0.05215454
0.04290771
0.07037354
0.08917236
0.13000488
-0.06005859
-0.01892090
-0.17175293
-0.07086182
0.12707520
0.02534485
0.12915039
0.19555664
-0.05963135
-0.17285156
0.37719727
0.02716064
0.19189453
0.18981934
-0.19079590
-0.17504883
0.18994141
-0.17883301
0.18530273
0.17919922
0.18273926
-0.14477539
0.12658691
0.03411865
0.11700439
-0.06033325
-0.09326172
-0.05880737
-0.12548828
-0.02711487
0.06799316
0.01583862
-0.13464355
-0.08703613
-0.04974365
-0.00033951
-0.00808716
-0.08154297
-0.10913086
-0.24218750
0.14770508
-0.27661133
0.21228027
-0.15637207
-0.20263672
0.12609863
0.19946289
0.18310547
0.17712402
0.17517090
0.14953613
-0.16674805
0.16503906
0.03738403
0.01272583
-0.10205078
0.06982422
0.04626465
-0.06494141
0.02569580
-0.00335693
0.06542969
0.10662842
0.08874512
0.04196167
0.02682495
-0.02737427
-0.05563354
0.01186371
-0.04830933
0.05767822
0.09777832
0.02014160
-0.19458008
0.18249512
0.08044434
0.09777832
0.20764160
-0.16406250
-0.18676758
0.17871094
-0.17163086
0.16821289
0.16552734
0.16638184
0.25952148
-0.56640625
0.81787109
0.25048828
-0.88623047
0.00317383
-0.66796875
-0.39916992
-0.48291016
0.11181641
-1.29492188
-0.87841797
-0.84765625
-1.45507812
-0.43457031
-0.55810547
-1.18847656
-0.56982422
-0.64111328
-3.46484375
-0.99804688
-4.96875000
5.70312500
0.06567383
0.59033203
-0.04544067
-0.05792236
-0.03353882
-0.05053711
-0.05200195
0.05242920
-0.05468750
-0.13378906
0.52929688
0.03173828
0.91015625
-0.40771484
-0.46240234
-0.11450195
-0.46044922
0.33422852
0.73242188
0.52539062
-2.73242188
-1.77148438
-2.60937500
-0.53759766
1.22851562
0.76855469
1.04687500
1.30957031
-0.09472656
-0.14501953
1.79492188
-0.84082031
1.30761719
-0.05218506
-0.09295654
0.01039124
-0.05334473
0.04086304
-0.04611206
-0.05154419
-0.05084229
0.01727295
0.02833557
0.01475525
-0.03503418
0.08538818
-0.02122498
0.06890869
-0.03265381
0.05676270
0.03381348
0.18762207
-0.07708740
-0.05413818
0.07580566
0.03964233
0.06115723
0.07073975
-0.01773071
-0.15014648
0.41430664
-0.16345215
0.62597656
-0.61572266
-0.18188477
0.07757568
0.17553711
0.16406250
0.16589355
0.15893555
0.14367676
-0.15307617
0.15515137
-0.15258789
0.09704590
-0.02583313
0.01342010
0.07525635
0.01654053
0.05056763
0.03945923
0.00957489
-0.01119995
0.05975342
0.29882812
0.22094727
0.21655273
0.03887939
-0.11254883
-0.09741211
-0.04159546
-0.01361084
0.02636719
-0.15124512
0.03063965
0.12878418
-0.00476074
0.18444824
-0.15039062
-0.17297363
0.16113281
-0.16101074
0.15344238
0.15588379
0.15258789
-0.01828003
0.01055908
-0.00399780
0.04443359
0.02633667
0.07885742
0.10607910
0.04885864
0.09332275
-0.07739258
0.11218262
0.00840759
-0.00344849
-0.04669189
0.10974121
-0.01400757
-0.08905029
-0.01180267
-0.11773682
-0.28100586
-0.13696289
-0.23864746
0.29345703
-0.08227539
0.11218262
0.15637207
0.16442871
0.12316895
0.15515137
0.12670898
-0.14758301
0.13342285
-0.00233459
0.01360321
-0.11511230
-0.04074097
0.12072754
0.01178741
0.01757812
0.09307861
-0.06237793
-0.03720093
-0.03836060
-0.04351807
-0.07702637
-0.26611328
0.00452423
-0.06246948
-0.02101135
0.01190948
0.06204224
-0.10461426
-0.06909180
0.37036133
-0.12524414
0.12432861
0.11492920
-0.12109375
-0.11883545
0.15966797
-0.12695312
0.14904785
0.13183594
0.14587402
-0.23803711
-0.05615234
-0.12646484
-0.79296875
-0.18505859
0.30419922
-0.51660156
-0.18823242
-0.56005859
-0.05444336
-1.36523438
-0.52539062
-0.67675781
-1.26660156
-0.40527344
-0.60693359
-1.21093750
-0.59326172
-0.66308594
-3.46289062
-0.99658203
-4.98437500
5.71093750
0.06030273
0.59033203
-0.04522705
-0.05792236
-0.03347778
-0.05056763
-0.05197144
0.05245972
-0.05468750
0.16894531
-0.77294922
0.80908203
0.51367188
-0.95800781
-0.34814453
-0.43798828
-0.57910156
0.17663574
0.73925781
0.30029297
-2.82031250
-1.84375000
-2.70703125
-0.56005859
1.20605469
0.73242188
1.03417969
1.29882812
-0.13769531
-0.15380859
1.75976562
-0.80957031
1.30859375
-0.05035400
-0.09307861
0.01029205
-0.05340576
0.04083252
-0.04614258
-0.05151367
-0.05087280
0.00445557
-0.10278320
0.01226807
-0.07714844
-0.07098389
-0.00802612
-0.06964111
-0.13891602
-0.03372192
0.08422852
0.02545166
-0.19921875
-0.14013672
-0.09338379
-0.05389404
0.04031372
-0.05593872
-0.09802246
-0.19433594
0.16577148
-0.27197266
0.28881836
-0.13830566
-0.15600586
0.13647461
0.13928223
0.12573242
0.13952637
0.12023926
0.10540771
-0.11505127
0.11950684
0.12261963
-0.06506348
0.12127686
0.08044434
-0.04565430
-0.12255859
0.01658630
-0.04238892
0.09582520
0.10559082
0.14343262
0.06567383
0.04397583
0.02537537
-0.03424072
0.03335571
-0.00260925
0.08892822
0.10485840
0.08258057
-0.13024902
0.13977051
0.03497314
0.13439941
0.15502930
-0.13806152
-0.15478516
0.12225342
-0.13000488
0.11437988
0.12121582
0.11480713
-0.03286743
-0.17041016
0.12695312
0.07324219
-0.12097168
-0.08374023
-0.00628662
-0.08392334
0.06127930
0.05523682
0.20593262
-0.19555664
-0.16174316
-0.00732422
-0.01776123
0.07958984
0.02487183
-0.07177734
-0.18994141
0.36303711
-0.21203613
0.59277344
-0.56005859
-0.20117188
0.10632324
0.20959473
0.20129395
0.19458008
0.19775391
0.19104004
-0.19299316
0.19323730
0.15161133
-0.04101562
0.00765991
0.05206299
0.11944580
-0.04498291
0.09478760
0.03750610
0.05630493
0.02043152
0.15844727
0.28076172
0.21264648
0.19628906
0.03204346
-0.05856323
-0.07141113
-0.00575256
0.02880859
-0.00988770
-0.17480469
0.14160156
0.13208008
0.02276611
0.20581055
-0.18872070
-0.19311523
0.19946289
-0.19433594
0.19470215
0.19311523
0.19274902
0.21179199
0.63671875
-0.78906250
-0.72753906
0.67089844
0.45776367
-0.22204590
0.05215454
-0.58740234
-0.21765137
-1.39648438
-0.16650391
-0.49902344
-1.07226562
-0.37475586
-0.65527344
-1.23144531
-0.61669922
-0.68505859
-3.46093750
-0.99511719
-4.99609375
5.71484375
0.05517578
0.59082031
-0.04501343
-0.05792236
-0.03338623
-0.05059814
-0.05194092
0.05245972
-0.05465698
-0.20092773
0.44189453
-0.21936035
-0.60156250
-0.70849609
-0.06506348
-0.64013672
-0.60693359
0.00329590
0.70800781
0.06689453
-2.86523438
-1.90039062
-2.79101562
-0.58056641
1.17968750
0.69580078
1.02050781
1.28710938
-0.18164062
-0.16357422
1.72558594
-0.77929688
1.30859375
-0.04870605
-0.09320068
0.01019287
-0.05343628
0.04077148
-0.04620361
-0.05148315
-0.05090332
-0.09326172
0.02258301
-0.00061035
-0.01514435
-0.09936523
0.00054932
-0.04025269
-0.09191895
0.00363159
0.03704834
0.08312988
-0.16699219
-0.11578369
-0.06799316
-0.02153015
0.03121948
-0.06512451
-0.07159424
-0.17687988
0.11096191
-0.23168945
0.20336914
-0.14184570
-0.14306641
0.09582520
0.15698242
0.14941406
0.13696289
0.14453125
0.13134766
-0.13830566
0.13549805
-0.07836914
-0.14697266
0.08917236
0.04107666
-0.02954102
-0.07385254
0.03399658
-0.01133728
0.06134033
0.08154297
0.12622070
0.09350586
0.06250000
0.01156616
-0.01473236
-0.00091553
-0.04800415
0.03808594
0.06494141
-0.03063965
-0.13989258
0.23559570
0.07330322
0.06695557
0.14965820
-0.13513184
-0.13696289
0.14697266
-0.13598633
0.14025879
0.13513184
0.13793945
-0.01200867
0.03872681
0.00722504
0.00005722
-0.04797363
0.00258636
-0.02917480
-0.05349731
0.00138855
0.02903748
0.05477905
-0.19006348
-0.19091797
-0.10754395
-0.05590820
0.00480652
-0.08349609
-0.13378906
-0.21655273
0.03068542
-0.23474121
0.08276367
0.01803589
-0.18261719
0.14624023
0.17871094
0.17248535
0.16442871
0.16882324
0.16613770
-0.16516113
0.16479492
-0.04516602
-0.06591797
0.04504395
0.01490021
-0.02426147
-0.05993652
0.01828003
-0.02328491
0.04650879
0.06622314
0.15063477
-0.01794434
0.02459717
-0.05584717
-0.02905273
0.06207275
-0.01033020
0.06195068
0.10339355
-0.03082275
-0.14916992
0.24328613
0.05850220
0.13122559
0.18090820
-0.17309570
-0.16345215
0.17004395
-0.16503906
0.16687012
0.16491699
0.16528320
-0.18127441
-0.74414062
0.30932617
0.35473633
0.96679688
0.38916016
0.13415527
0.28442383
-0.56201172
-0.37060547
-1.38671875
0.19628906
-0.31542969
-0.87011719
-0.34350586
-0.70117188
-1.25292969
-0.63964844
-0.70703125
-3.45898438
-0.99316406
-5.00781250
5.71484375
0.04980469
0.59082031
-0.04483032
-0.05795288
-0.03329468
-0.05065918
-0.05191040
0.05249023
-0.05462646
0.22875977
0.21826172
-0.75830078
-0.87548828
0.13195801
0.24975586
-0.66406250
-0.53857422
-0.17053223
0.64160156
-0.16894531
-2.86328125
-1.93750000
-2.85937500
-0.59960938
1.15332031
0.65917969
1.00585938
1.27539062
-0.22558594
-0.17285156
1.68847656
-0.74902344
1.30859375
-0.04681396
-0.09332275
0.01010132
-0.05346680
0.04074097
-0.04623413
-0.05145264
-0.05093384
-0.18798828
-0.35864258
0.34326172
0.36132812
0.43481445
0.16369629
0.12951660
0.17248535
-0.25976562
-0.26074219
-0.73632812
0.14086914
-0.20141602
-0.50683594
-0.13610840
-0.45825195
-0.80224609
-0.43505859
-0.47412109
-2.13867188
-0.64013672
-3.10351562
3.50000000
-0.04772949
0.40014648
0.06896973
0.06396484
0.05734253
0.06329346
0.05001831
-0.05847168
0.05123901
-0.02337646
-0.22241211
-0.24414062
-0.31225586
0.23852539
0.20288086
-0.28515625
-0.23266602
-0.10021973
0.32250977
-0.10668945
-1.75292969
-1.17285156
-1.87500000
-0.36865234
0.64990234
0.33349609
0.56787109
0.72558594
-0.19287109
-0.15161133
1.17773438
-0.46386719
0.79931641
0.05822754
-0.12939453
-0.06750488
0.06396484
-0.05560303
0.06311035
0.05178833
0.05874634
-0.05993652
-0.01905823
-0.02476501
-0.00234985
-0.02584839
0.02287292
-0.01155090
-0.04739380
0.02395630
-0.00506592
0.05432129
-0.22265625
-0.19531250
-0.08496094
-0.03012085
0.05993652
0.00527191
-0.01454926
-0.06237793
0.15124512
-0.15661621
0.28417969
-0.25976562
-0.06628418
0.06945801
0.06195068
0.05700684
0.06915283
0.05963135
0.06964111
-0.06008911
0.06524658
0.06835938
0.06677246
-0.01149750
0.03649902
-0.01588440
-0.03726196
0.01676941
0.00733948
0.04058838
0.07098389
0.15612793
0.01135254
0.06207275
0.01417542
0.02401733
-0.03311157
-0.01258850
0.00716782
0.03448486
0.03884888
-0.05242920
0.19165039
0.03070068
0.03872681
0.05981445
-0.08532715
-0.07165527
0.05899048
-0.06726074
0.06109619
0.06561279
0.06054688
0.03204346
0.00347137
-0.07525635
-0.04223633
-0.01000977
-0.02847290
-0.04437256
-0.05374146
0.04275513
-0.04150391
0.03430176
-0.00030518
-0.03448486
-0.03948975
0.06817627
-0.07580566
-0.14489746
-0.10192871
-0.19702148
-0.32373047
-0.19299316
-0.41406250
0.47363281
-0.13134766
0.11083984
0.17700195
0.18481445
0.13195801
0.17211914
0.14660645
-0.16320801
0.14807129
0.03753662
0.07073975
-0.06683350
-0.02168274
-0.08898926
0.01605225
0.06311035
0.01951599
0.03067017
-0.01812744
0.02732849
-0.17004395
-0.13256836
-0.35327148
-0.04409790
0.02655029
-0.02758789
0.04873657
0.09008789
-0.12078857
-0.13598633
0.37353516
-0.06018066
0.13281250
0.15063477
-0.13073730
-0.12286377
0.17724609
-0.13903809
0.16552734
0.14575195
0.16162109
-0.09777832
-0.17578125
-0.00646973
-0.01708984
0.05456543
0.07629395
-0.04025269
-0.02239990
-0.00588989
-0.04730225
0.02182007
-0.16113281
-0.12512207
-0.04180908
0.03320312
-0.03558350
-0.08160400
-0.10705566
-0.22802734
0.06640625
-0.22827148
0.12347412
-0.10742188
-0.21032715
0.12255859
0.23498535
0.22656250
0.19641113
0.21960449
0.19812012
-0.21166992
0.20275879
-0.02960205
0.04022217
-0.12365723
-0.06652832
-0.08862305
-0.01786804
-0.01277924
-0.06250000
0.02484131
0.06335449
0.11535645
-0.04479980
-0.01397705
-0.11254883
-0.06243896
0.00083923
-0.08068848
0.00563049
0.05688477
-0.04028320
-0.20410156
0.30444336
0.05697632
0.07482910
0.22253418
-0.18676758
-0.19067383
0.22314453
-0.19921875
0.21496582
0.20166016
0.21069336
0.02398682
0.09204102
0.01403809
0.11645508
-0.03881836
-0.01119995
0.06085205
0.08258057
-0.04364014
-0.17175293
-0.23120117
0.10968018
-0.08691406
-0.11596680
0.02766418
-0.21582031
-0.35742188
-0.25903320
-0.28808594
-0.83691406
-0.30810547
-1.15136719
1.26855469
-0.15222168
0.22814941
0.18566895
0.18395996
0.15832520
0.17761230
0.15783691
-0.17138672
0.16186523
0.04986572
0.04669189
0.09576416
0.10296631
0.14208984
0.09521484
-0.02886963
-0.05130005
-0.05438232
0.06228638
-0.05426025
-0.74072266
-0.50537109
-0.87451172
-0.18395996
0.21020508
0.07165527
0.20080566
0.26708984
-0.09375000
-0.16564941
0.60644531
-0.19946289
0.32421875
0.17211914
-0.17761230
-0.15759277
0.18017578
-0.16052246
0.17431641
0.16162109
0.17065430
-0.03735352
-0.14794922
0.03967285
-0.02401733
-0.00851440
0.07312012
0.02844238
-0.02230835
-0.07940674
-0.08715820
-0.13891602
-0.04464722
-0.19555664
-0.24340820
-0.14160156
-0.13659668
-0.36206055
-0.21813965
-0.18640137
-0.77734375
-0.37377930
-1.13378906
1.39550781
-0.02416992
0.22802734
0.04162598
0.04360962
0.05459595
0.05520630
0.08996582
-0.05865479
0.06359863
-0.07073975
-0.07635498
-0.05169678
-0.03237915
0.05468750
-0.00572205
-0.04312134
-0.04370117
0.00335693
0.13916016
0.08544922
-0.55029297
-0.34814453
-0.66552734
-0.12463379
0.26806641
0.07934570
0.21264648
0.29589844
-0.19824219
-0.06781006
0.68359375
-0.04199219
0.38476562
0.01931763
-0.12359619
-0.04330444
0.05090332
-0.05960083
0.06335449
0.06286621
0.06030273
0.05929565
0.06628418
0.04693604
0.07122803
0.00668335
0.04302979
0.04769897
0.02976990
-0.04019165
-0.09149170
-0.07928467
-0.06167603
-0.07269287
-0.07232666
0.00570679
-0.08172607
-0.18884277
-0.16540527
-0.21398926
-0.18762207
-0.23901367
-0.23718262
0.26879883
-0.16149902
0.17529297
0.18334961
0.17211914
0.16967773
0.17041016
0.15893555
-0.16650391
0.16503906
0.02993774
-0.08642578
0.05975342
0.03259277
0.08062744
0.09887695
-0.02954102
-0.07189941
-0.01258850
0.08435059
0.04946899
-0.25219727
-0.17114258
-0.31811523
-0.11895752
0.07440186
-0.03356934
0.06951904
0.11547852
-0.05102539
-0.15869141
0.36669922
-0.02008057
0.17028809
0.17565918
-0.17871094
-0.17236328
0.17175293
-0.16760254
0.16882324
0.16528320
0.16650391
0.03625488
0.12475586
0.04623413
0.04290771
0.04565430
0.04669189
0.02015686
0.02966309
-0.05465698
-0.06127930
-0.04080200
-0.15686035
-0.17871094
-0.09368896
-0.04168701
-0.03494263
-0.13903809
-0.15161133
-0.24157715
-0.05023193
-0.27197266
-0.01135254
0.10632324
-0.18078613
0.13745117
0.19213867
0.18811035
0.16467285
0.18237305
0.17602539
-0.17700195
0.17187500
0.08404541
-0.05245972
0.06665039
0.02706909
0.05468750
0.07684326
-0.04406738
-0.07958984
0.00004578
0.09008789
0.13769531
-0.12463379
-0.06689453
-0.14941406
-0.06982422
0.07971191
-0.02394104
0.07067871
0.11730957
-0.06781006
-0.17260742
0.31787109
0.06451416
0.12854004
0.18261719
-0.17309570
-0.15795898
0.18481445
-0.16796875
0.18005371
0.17089844
0.17663574
0.07159424
-0.15112305
-0.12438965
-0.16418457
-0.25830078
-0.14916992
0.15478516
0.15270996
-0.01568604
-0.28637695
-0.28637695
0.40991211
0.05175781
-0.03515625
0.04473877
-0.31787109
-0.48120117
-0.30615234
-0.32128906
-1.21484375
-0.38012695
-1.76367188
1.87695312
-0.09887695
0.20568848
0.13134766
0.13183594
0.08978271
0.12457275
0.10119629
-0.11773682
0.10205078
-0.06756592
-0.05999756
-0.07733154
0.15734863
0.02572632
0.06713867
0.07415771
0.03213501
-0.13806152
0.00318146
-0.22875977
-0.93750000
-0.67675781
-1.18847656
-0.23010254
0.27368164
0.08911133
0.26025391
0.34155273
-0.19677734
-0.16699219
0.76025391
-0.22412109
0.37475586
0.11096191
-0.11584473
-0.08489990
0.12817383
-0.09533691
0.12194824
0.10058594
0.11645508
-0.06701660
0.06097412
-0.01844788
0.01803589
0.00123596
0.01733398
0.03952026
0.05450439
-0.05276489
-0.09259033
-0.09167480
-0.10510254
-0.15454102
-0.08691406
-0.03900146
-0.04565430
-0.16516113
-0.17675781
-0.25366211
-0.14025879
-0.28564453
-0.15332031
0.24731445
-0.18066406
0.17749023
0.19970703
0.19250488
0.18054199
0.19091797
0.18908691
-0.18688965
0.18469238
-0.00425720
0.10620117
0.07061768
0.04531860
0.05822754
0.09466553
-0.03576660
-0.07177734
-0.01280975
0.07733154
0.10888672
-0.23498535
-0.14306641
-0.25537109
-0.08129883
0.09320068
-0.02249146
0.08251953
0.14221191
-0.07336426
-0.18017578
0.38867188
0.02844238
0.17785645
0.18750000
-0.19702148
-0.17541504
0.19165039
-0.18286133
0.19042969
0.18408203
0.18701172
0.09246826
-0.03894043
0.08032227
-1.02539062
-1.21875000
-0.54248047
0.92578125
0.86914062
-0.33203125
-0.95117188
-1.51367188
1.67187500
0.55957031
-0.20898438
-0.34082031
-1.16015625
-1.74609375
-0.97656250
-1.03906250
-4.11328125
-1.25390625
-5.82031250
6.83593750
0.08740234
0.71875000
-0.11511230
-0.13769531
-0.09777832
-0.13146973
-0.13745117
0.13427734
-0.13500977
0.07391357
-0.46337891
-0.82470703
-0.01733398
-0.23571777
0.28955078
0.28466797
0.01086426
-0.83300781
0.49511719
-1.27343750
-3.05078125
-2.44531250
-3.62500000
-1.02539062
1.41308594
0.63183594
1.22851562
1.59765625
-0.41601562
-0.27954102
1.75878906
-0.81054688
1.66015625
-0.10461426
-0.05670166
0.05969238
-0.13378906
0.11242676
-0.12792969
-0.13000488
-0.13208008
-0.01440430
-0.19201660
-0.17993164
0.10668945
0.00592041
0.04409790
0.02052307
-0.04412842
-0.11840820
-0.05261230
-0.09680176
-0.28442383
-0.31103516
-0.22155762
-0.15161133
0.00433350
-0.18823242
-0.12646484
-0.10058594
-0.13806152
-0.30078125
-0.06610107
0.22851562
-0.05587769
0.17077637
0.06866455
0.06958008
0.09228516
0.08294678
0.12316895
-0.08801270
0.09771729
-0.15625000
0.24401855
0.05261230
0.12622070
0.11132812
0.12890625
-0.07690430
-0.14831543
0.03643799
0.16577148
0.24584961
-0.22839355
-0.12396240
-0.20886230
-0.06469727
0.13061523
0.02615356
0.10260010
0.15429688
-0.10388184
-0.04272461
0.42358398
0.06201172
0.19274902
0.04711914
-0.14880371
-0.08154297
0.07824707
-0.09558105
0.09179688
0.09777832
0.09008789
0.04571533
-0.14941406
-0.06927490
-0.03222656
-0.04718018
-0.04513550
0.05239868
0.06054688
-0.04138184
-0.12744141
-0.12768555
-0.00585938
-0.11291504
-0.06042480
-0.03747559
-0.09777832
-0.22387695
-0.18652344
-0.22045898
-0.26440430
-0.27490234
-0.36718750
0.43872070
-0.16064453
0.16540527
0.18286133
0.17687988
0.16027832
0.17712402
0.17858887
-0.17370605
0.16979980
-0.03985596
0.02166748
-0.02857971
0.03442383
-0.00422668
0.08758545
0.00897217
-0.03219604
-0.03387451
0.05664062
0.05932617
-0.34448242
-0.23461914
-0.36865234
-0.11682129
0.12292480
-0.01583862
0.09521484
0.14379883
-0.08770752
-0.16113281
0.43627930
0.01623535
0.17504883
0.16784668
-0.18066406
-0.15039062
0.17712402
-0.16491699
0.17797852
0.16870117
0.17395020
0.08874512
-0.07910156
-0.02847290
-0.09185791
-0.10919189
-0.09790039
0.10314941
0.14575195
-0.07965088
-0.09094238
-0.13623047
-0.18908691
-0.14868164
-0.08416748
-0.03784180
-0.03372192
-0.12304688
-0.18737793
-0.31542969
0.09472656
-0.29858398
0.23791504
-0.05810547
-0.23010254
0.18457031
0.22326660
0.21105957
0.20581055
0.20532227
0.19274902
-0.19873047
0.19836426
0.09039307
-0.15429688
-0.09423828
0.01448059
0.05987549
0.11535645
-0.04461670
-0.05966187
-0.05886841
0.09851074
0.10546875
-0.11901855
-0.07226562
-0.05999756
-0.09680176
0.09307861
-0.03903198
0.07281494
0.12731934
-0.01412964
-0.22167969
0.23022461
0.08453369
0.17834473
0.22912598
-0.20800781
-0.21008301
0.20739746
-0.20300293
0.20068359
0.19897461
0.19860840
-0.03771973
0.05764771
0.03234863
-0.04959106
-0.04269409
-0.07696533
0.03704834
0.09399414
-0.01846313
-0.10345459
-0.11877441
-0.01702881
-0.11297607
-0.00576782
0.02772522
-0.06646729
-0.12341309
-0.17602539
-0.28686523
-0.10437012
-0.25903320
-0.10040283
0.15612793
-0.23022461
0.16894531
0.24206543
0.23364258
0.21130371
0.22460938
0.20117188
-0.21691895
0.21008301
0.06072998
-0.05816650
-0.05404663
-0.06750488
-0.00756073
0.01020813
-0.00588226
0.00820923
-0.03131104
-0.01304626
0.04913330
-0.28271484
-0.19201660
-0.30200195
-0.08715820
0.06210327
-0.02685547
0.06402588
0.11718750
-0.00949097
-0.21728516
0.32275391
-0.01589966
0.15258789
0.23974609
-0.20471191
-0.21301270
0.22802734
-0.21093750
0.21923828
0.20996094
0.21606445
0.01293182
-0.02745056
0.01187897
0.02394104
0.03948975
0.02940369
-0.02735901
-0.02874756
0.01931763
-0.05334473
-0.05197144
0.21374512
-0.01461792
0.10681152
0.09301758
-0.16577148
-0.23229980
-0.18359375
-0.22705078
-0.50439453
-0.21936035
-0.69335938
0.72070312
-0.16748047
0.17004395
0.21264648
0.21386719
0.17504883
0.20727539
0.18664551
-0.20019531
0.18737793
0.02459717
-0.03863525
-0.03601074
-0.01458740
0.02444458
-0.02893066
-0.04223633
0.01988220
0.03604126
-0.09881592
0.00881195
-0.37768555
-0.30200195
-0.56787109
-0.08447266
0.06103516
-0.03509521
0.06469727
0.11737061
-0.13281250
-0.16809082
0.50000000
-0.09509277
0.19091797
0.18945312
-0.18139648
-0.16613770
0.21020508
-0.18090820
0.20397949
0.18591309
0.19885254
0.03097534
-0.00604248
0.01589966
0.09564209
-0.01419067
-0.07409668
0.03842163
0.11779785
-0.03222656
-0.12475586
-0.09985352
-0.06149292
-0.06579590
-0.03515625
0.00389099
-0.02194214
-0.09600830
-0.11334229
-0.22106934
0.01055145
-0.27148438
0.03338623
0.06234741
-0.14453125
0.10284424
0.14855957
0.14013672
0.12573242
0.13073730
0.11108398
-0.12304688
0.11981201
-0.12939453
0.10028076
0.08697510
-0.05401611
-0.07275391
-0.06286621
0.03610229
0.02246094
-0.08709717
0.03912354
0.01284027
-0.13342285
-0.08526611
-0.13293457
-0.06280518
0.03924561
-0.04287720
0.07055664
0.08740234
0.01159668
-0.16528320
0.23486328
0.03527832
0.10534668
0.14868164
-0.12304688
-0.13134766
0.13452148
-0.12274170
0.12402344
0.11987305
0.12274170
0.05212402
-0.61865234
-0.72412109
0.93750000
0.87646484
0.05834961
-0.17346191
0.15393066
0.29370117
-0.70751953
-0.59228516
2.11328125
0.77783203
0.39160156
-0.13732910
-0.95605469
-1.34960938
-0.76855469
-0.83203125
-3.42968750
-0.98193359
-5.07421875
5.73828125
0.01855469
0.59179688
-0.04354858
-0.05801392
-0.03292847
-0.05087280
-0.05172729
0.05267334
-0.05450439
0.28710938
-0.46679688
0.38232422
0.11474609
-0.42919922
-0.45874023
0.65478516
0.58984375
-0.50878906
-0.22070312
-1.26660156
-1.94335938
-1.80273438
-2.96484375
-0.67773438
0.95312500
0.42431641
0.91064453
1.19726562
-0.48632812
-0.22949219
1.47460938
-0.56445312
1.30957031
-0.03625488
-0.09387207
0.00950623
-0.05371094
0.04043579
-0.04644775
-0.05130005
-0.05105591
0.06903076
-0.01199341
0.03897095
0.01368713
-0.01837158
-0.07031250
0.02450562
0.07153320
-0.02587891
-0.10180664
-0.06634521
-0.06945801
-0.07537842
-0.01707458
0.02563477
-0.02075195
-0.10308838
-0.09808350
-0.15893555
-0.00686646
-0.22607422
0.03631592
-0.00184631
-0.14550781
0.10620117
0.16845703
0.16064453
0.14172363
0.15576172
0.14123535
-0.14990234
0.14428711
0.00841522
0.11523438
0.06964111
-0.04412842
-0.05987549
-0.05102539
0.02084351
0.00038147
-0.03729248
-0.00021362
0.06121826
-0.14147949
-0.08666992
-0.14074707
-0.05700684
0.00936890
-0.06445312
0.02786255
0.04498291
-0.01482391
-0.15026855
0.30786133
0.02976990
0.07653809
0.15698242
-0.14282227
-0.13854980
0.15844727
-0.14257812
0.15258789
0.14367676
0.14941406
-0.28295898
0.42187500
-0.65722656
0.53808594
0.96044922
0.26123047
-0.39062500
-0.00695801
0.38891602
-0.66650391
-0.44677734
2.26953125
0.89062500
0.53173828
-0.11315918
-0.98095703
-1.35839844
-0.78271484
-0.84570312
-3.42578125
-0.98046875
-5.08203125
5.74218750
0.01489258
0.59179688
-0.04339600
-0.05804443
-0.03289795
-0.05090332
-0.05169678
0.05270386
-0.05450439
-0.07214355
-0.65039062
-0.48828125
0.77636719
0.17187500
-0.38134766
0.55371094
0.60937500
-0.43994141
-0.32397461
-1.32421875
-1.75781250
-1.75000000
-2.94140625
-0.68164062
0.92773438
0.39721680
0.89941406
1.18847656
-0.51660156
-0.23510742
1.44921875
-0.54589844
1.30957031
-0.03515625
-0.09393311
0.00943756
-0.05374146
0.04040527
-0.04647827
-0.05126953
-0.05108643
-0.05535889
0.41699219
-0.15112305
0.06311035
0.42456055
0.20776367
-0.23352051
-0.04718018
0.19921875
-0.33984375
-0.22131348
1.40332031
0.53027344
0.40478516
0.00073242
-0.61328125
-0.85253906
-0.51464844
-0.55273438
-2.11523438
-0.62890625
-3.15820312
3.51562500
-0.06896973
0.39892578
0.07092285
0.06469727
0.05682373
0.06365967
0.04971313
-0.05865479
0.05108643
-0.18115234
-0.06530762
-0.39331055
0.47338867
0.25634766
-0.15747070
0.20874023
0.28564453
-0.19458008
-0.23718262
-0.71044922
-1.06054688
-1.06445312
-1.89843750
-0.39306641
0.50634766
0.16748047
0.49658203
0.66748047
-0.37207031
-0.19177246
1.03125000
-0.33886719
0.79785156
0.06622314
-0.12829590
-0.06677246
0.06445312
-0.05520630
0.06335449
0.05160522
0.05889893
-0.09075928
-0.11309814
-0.09454346
0.05465698
0.04861450
-0.03765869
0.03750610
0.09210205
-0.02612305
-0.11914062
-0.10003662
-0.03454590
-0.04962158
-0.00653076
0.02021790
-0.06823730
-0.15075684
-0.13793945
-0.20202637
-0.07379150
-0.26733398
-0.04913330
0.12573242
-0.13549805
0.11206055
0.15112305
0.14233398
0.12792969
0.13537598
0.11712646
-0.12841797
0.12396240
0.04428101
-0.11016846
0.02819824
-0.00192642
-0.07641602
-0.09063721
0.04840088
0.03332520
-0.07165527
0.00939941
0.02896118
-0.17041016
-0.11938477
-0.18896484
-0.09399414
0.04919434
-0.06329346
0.05834961
0.07592773
-0.02226257
-0.16931152
0.31542969
0.01791382
0.10821533
0.14587402
-0.12902832
-0.13061523
0.13867188
-0.12609863
0.13024902
0.12414551
0.12780762
-0.13024902
-0.00244141
-0.12951660
0.09570312
0.02603149
-0.07397461
0.07104492
0.09118652
-0.05673218
-0.06451416
-0.14990234
-0.23217773
-0.17675781
-0.07806396
-0.01148987
0.03717041
-0.00355530
-0.08032227
-0.19836426
0.26196289
-0.18286133
0.47119141
-0.43701172
-0.17834473
0.08947754
0.18664551
0.17663574
0.16442871
0.17126465
0.15747070
-0.16540527
0.16259766
-0.05300903
-0.20715332
0.03860474
-0.01538086
-0.13073730
-0.08740234
0.04306030
0.02569580
-0.02932739
0.03466797
0.12951660
-0.11938477
-0.04098511
0.05856323
-0.02703857
-0.00081635
-0.05615234
-0.00827026
0.02215576
0.04473877
-0.18322754
0.17370605
0.06115723
0.02676392
0.18200684
-0.15417480
-0.16479492
0.17382812
-0.16345215
0.16760254
0.16223145
0.16467285
-0.03717041
-0.00297928
-0.09881592
0.04339600
0.00756836
0.03500366
0.06933594
0.02590942
-0.06347656
0.08282471
0.06063843
0.12878418
0.10186768
0.18676758
0.11920166
-0.03210449
-0.10168457
-0.04864502
-0.14050293
-0.36035156
-0.13049316
-0.45898438
0.47875977
-0.07775879
0.09179688
0.14697266
0.15747070
0.10308838
0.14526367
0.11499023
-0.13696289
0.11968994
0.02398682
-0.00828552
-0.00204468
-0.00085449
-0.09045410
0.07757568
-0.06677246
-0.07666016
0.07189941
-0.06787109
0.08374023
-0.00305176
-0.05529785
-0.29809570
0.04364014
-0.05847168
-0.05999756
0.01017761
0.03588867
-0.17956543
-0.09710693
0.38110352
-0.09545898
0.11267090
0.10711670
-0.10076904
-0.09490967
0.15063477
-0.10980225
0.13867188
0.11718750
0.13476562
0.05926514
0.11999512
-0.06469727
0.03598022
0.04476929
0.01426697
0.00765228
0.04464722
-0.01425934
-0.07128906
-0.10180664
-0.09313965
-0.12609863
-0.03298950
0.01165771
-0.01093292
-0.07763672
-0.11950684
-0.18603516
0.07873535
-0.20166016
0.14916992
-0.13452148
-0.18652344
0.12329102
0.20654297
0.19958496
0.17871094
0.19519043
0.18652344
-0.19030762
0.18566895
-0.03512573
-0.04425049
-0.05813599
0.02886963
-0.02992249
-0.06823730
0.01841736
0.03436279
-0.02668762
-0.03173828
0.09008789
-0.14807129
-0.08636475
-0.08203125
-0.04843140
0.01071167
-0.07690430
-0.00215530
0.02450562
-0.03277588
-0.17407227
0.28149414
0.06506348
0.06994629
0.19653320
-0.18066406
-0.17163086
0.19714355
-0.18176270
0.19311523
0.18481445
0.19018555
-0.07843018
-0.08782959
0.02398682
-0.09899902
-0.07611084
0.04592896
-0.01092529
-0.03717041
0.03234863
-0.02917480
-0.02563477
0.60351562
0.22204590
0.31225586
0.10162354
-0.23107910
-0.31884766
-0.24792480
-0.28442383
-0.78222656
-0.26538086
-1.13964844
1.21484375
-0.15417480
0.20434570
0.18017578
0.17883301
0.14526367
0.17065430
0.14697266
-0.16333008
0.15197754
-0.03042603
-0.08209229
0.05908203
-0.03973389
0.05911255
0.04861450
-0.01507568
0.03112793
0.00130367
-0.15832520
-0.18554688
-0.34667969
-0.41333008
-0.77734375
-0.11621094
0.10736084
-0.01116943
0.13537598
0.19433594
-0.16845703
-0.16625977
0.53759766
-0.14379883
0.29003906
0.16918945
-0.16125488
-0.14331055
0.17419434
-0.14855957
0.16662598
0.15124512
0.16247559
0.07965088
0.14477539
-0.00668335
0.03768921
-0.02713013
0.01381683
-0.04766846
0.03564453
0.03717041
-0.13879395
-0.13195801
0.39794922
0.06048584
0.10412598
-0.08642578
-0.20556641
-0.37060547
-0.24853516
-0.21984863
-0.75683594
-0.36840820
-1.16601562
1.39648438
-0.03491211
0.22753906
0.04357910
0.04409790
0.05416870
0.05563354
0.08972168
-0.05889893
0.06347656
0.00754547
0.08215332
-0.06481934
0.01433563
0.04827881
-0.07202148
0.01986694
0.03372192
-0.07025146
-0.08764648
-0.09606934
-0.38305664
-0.39477539
-0.70117188
-0.16772461
0.21997070
0.00219727
0.17578125
0.27197266
-0.26611328
-0.09240723
0.62646484
0.01000977
0.38378906
0.02410889
-0.12298584
-0.04275513
0.05136108
-0.05926514
0.06378174
0.06262207
0.06048584
-0.06640625
-0.05120850
0.15710449
0.04144287
0.14587402
0.03277588
-0.00439453
0.13781738
-0.03105164
-0.16491699
-0.25048828
-0.15319824
-0.26123047
-0.15454102
-0.14526367
0.03820801
-0.12145996
-0.07745361
-0.07977295
-0.03591919
-0.28222656
0.05468750
0.06072998
-0.05499268
0.14550781
0.07409668
0.07623291
0.09118652
0.08966064
0.13244629
-0.09448242
0.10278320
0.17431641
0.32128906
-0.15234375
0.17309570
0.02612305
-0.12780762
0.07824707
0.05184937
-0.11041260
-0.00042725
0.09637451
-0.31591797
-0.21118164
-0.18212891
-0.04943848
0.09515381
0.00604248
0.07482910
0.12622070
-0.11645508
-0.04852295
0.39819336
0.08435059
0.14929199
0.04727173
-0.14611816
-0.07537842
0.08489990
-0.09735107
0.09899902
0.10192871
0.09643555
-0.10516357
-0.11730957
0.13244629
-0.03683472
0.00789642
0.02903748
-0.03244019
0.04183960
-0.01410675
-0.10418701
-0.09918213
0.26049805
0.06506348
0.11987305
-0.02847290
-0.07873535
-0.23999023
-0.10430908
-0.16589355
-0.41210938
-0.31201172
-0.63085938
0.73925781
-0.07135010
0.16406250
0.12170410
0.12091064
0.09429932
0.12719727
0.13769531
-0.12524414
0.11761475
0.09234619
0.15625000
-0.06591797
0.06451416
0.09576416
0.00340271
-0.05114746
0.00703430
-0.03149414
-0.10357666
-0.05670166
-0.25390625
-0.26098633
-0.47045898
-0.06542969
0.08062744
-0.04309082
0.10174561
0.16845703
-0.19335938
-0.09655762
0.54443359
0.01342773
0.24023438
0.07763672
-0.13452148
-0.07421875
0.12597656
-0.10443115
0.13183594
0.11444092
0.12573242
-0.09252930
-0.21032715
0.21130371
-0.08526611
0.14025879
0.01966858
0.04318237
0.11798096
-0.08172607
-0.05932617
-0.17407227
-0.13586426
-0.09936523
-0.02879333
-0.01052856
0.06390381
-0.04248047
-0.00435257
-0.14965820
0.10388184
-0.21289062
0.23632812
-0.17932129
-0.14904785
0.13061523
0.20190430
0.19799805
0.16943359
0.19641113
0.18664551
-0.19091797
0.18261719
-0.09942627
-0.03637695
0.04071045
0.11279297
0.12335205
-0.06109619
0.07641602
0.03137207
-0.06652832
0.00999451
0.08880615
-0.15844727
-0.08862305
-0.05047607
0.01488495
-0.01728821
-0.05914307
0.01009369
0.04394531
-0.02569580
-0.12915039
0.33886719
0.02349854
0.10192871
0.16687012
-0.17529297
-0.15832520
0.19836426
-0.17492676
0.19506836
0.18029785
0.19030762
0.09967041
0.09045410
-0.08868408
0.06408691
-0.12481689
0.07788086
-0.08007812
-0.12890625
0.08563232
-0.07037354
-0.04678345
0.18286133
0.06069946
0.11187744
0.07257080
-0.10937500
-0.13952637
-0.19311523
-0.31396484
-0.04577637
-0.24975586
-0.10949707
0.10784912
-0.20214844
0.11889648
0.20996094
0.19323730
0.16455078
0.18225098
0.14709473
-0.17224121
0.16235352
-0.02397156
-0.07855225
0.01773071
-0.14514160
0.02539062
0.10614014
-0.07617188
0.08880615
0.01397705
-0.15295410
-0.12951660
-0.17932129
-0.16821289
-0.25561523
-0.10168457
0.03359985
-0.08752441
0.03588867
0.08453369
0.00425720
-0.25439453
0.28466797
0.01316833
0.11499023
0.20751953
-0.14843750
-0.16870117
0.18750000
-0.16296387
0.17517090
0.16174316
0.17089844
-0.03353882
-0.00329590
-0.09692383
0.16186523
-0.12500000
-0.02955627
-0.02465820
-0.11273193
0.07580566
0.01528931
0.04547119
0.69921875
0.33447266
0.42382812
0.11688232
-0.26757812
-0.36083984
-0.27343750
-0.32031250
-0.78173828
-0.30981445
-1.13476562
1.22265625
-0.15039062
0.20251465
0.17773438
0.17553711
0.14001465
0.16552734
0.13684082
-0.15734863
0.14453125
0.02694702
0.12298584
-0.08862305
-0.09191895
-0.13183594
0.13354492
-0.09368896
0.00927734
0.03564453
-0.19604492
-0.23754883
-0.19689941
-0.37597656
-0.74609375
-0.15039062
0.11114502
-0.03063965
0.15124512
0.21240234
-0.15527344
-0.18505859
0.52246094
-0.14282227
0.30273438
0.16455078
-0.15246582
-0.14050293
0.16967773
-0.14208984
0.16015625
0.14367676
0.15600586
-0.01971436
0.06890869
-0.04751587
0.00411606
-0.01657104
0.04760742
-0.02502441
-0.00753403
0.03735352
-0.09082031
-0.17114258
-0.14355469
-0.19836426
-0.12377930
-0.05279541
0.04895020
-0.03204346
-0.08795166
-0.16845703
0.17333984
-0.23071289
0.25927734
-0.19555664
-0.16064453
0.12280273
0.15332031
0.14624023
0.14758301
0.14306641
0.14367676
-0.13940430
0.14282227
0.10052490
-0.01766968
0.00203705
0.00913239
0.04669189
0.04663086
0.01802063
0.07775879
-0.05627441
-0.04809570
0.04281616
-0.19567871
-0.10058594
-0.01594543
-0.01704407
0.02976990
-0.03894043
0.02250671
0.03121948
0.00140381
-0.14050293
0.20849609
0.10809326
0.08520508
0.15820312
-0.15722656
-0.14904785
0.14416504
-0.14562988
0.14062500
0.14331055
0.14001465
-0.07952881
0.09686279
-0.06536865
-0.01632690
-0.00569153
0.05801392
-0.02532959
-0.01252747
-0.01821899
-0.03109741
-0.17431641
-0.07873535
-0.14916992
-0.04907227
-0.01018524
0.03927612
0.01366425
-0.05023193
-0.17993164
0.19372559
-0.18798828
0.31250000
-0.32006836
-0.16967773
0.09545898
0.17199707
0.16088867
0.15197754
0.15771484
0.14721680
-0.15283203
0.15075684
0.07653809
0.05767822
0.04046631
-0.01055908
0.09381104
0.00289917
0.04013062
0.04290771
-0.04229736
-0.04812622
0.00793457
-0.20397949
-0.12359619
-0.01376343
0.00094604
-0.00755310
-0.03875732
-0.00754166
0.02914429
0.04290771
-0.17846680
0.22558594
0.04437256
0.04446411
0.17004395
-0.14697266
-0.15234375
0.15966797
-0.15124512
0.15527344
0.15051270
0.15222168
-0.03149414
-0.09033203
-0.02067566
0.12463379
-0.07830811
-0.07434082
-0.00691223
-0.07800293
0.03082275
0.02420044
0.00924683
0.17529297
0.13842773
0.19628906
0.09710693
-0.05670166
-0.11291504
-0.11694336
-0.26904297
-0.18212891
-0.21752930
-0.26684570
0.30932617
-0.16528320
0.12329102
0.19885254
0.19714355
0.15551758
0.18139648
0.14245605
-0.17053223
0.15759277
-0.05718994
0.04461670
-0.08386230
0.01763916
-0.06198120
0.08758545
-0.02311707
0.05361938
0.00957489
-0.09710693
-0.05688477
-0.05209351
-0.08129883
-0.26293945
-0.02713013
-0.00213623
-0.06909180
0.04290771
0.06909180
-0.05737305
-0.19018555
0.30029297
-0.04632568
0.13562012
0.18310547
-0.14208984
-0.15869141
0.18774414
-0.15600586
0.17138672
0.15637207
0.16870117
-0.08044434
-0.04379272
-0.05786133
0.06506348
-0.08947754
0.02023315
-0.03924561
-0.06628418
0.03445435
-0.04086304
-0.15820312
-0.03411865
-0.10284424
-0.02416992
0.00695801
-0.02006531
-0.07226562
-0.13769531
-0.23132324
0.08758545
-0.22619629
0.14074707
-0.09228516
-0.18017578
0.10900879
0.18896484
0.18298340
0.15551758
0.17517090
0.15954590
-0.16845703
0.16113281
-0.06359863
0.15527344
-0.08007812
-0.03930664
-0.00691223
0.08898926
-0.00872040
0.06860352
-0.03344727
-0.08325195
-0.00549316
-0.20507812
-0.14233398
-0.11090088
-0.05963135
0.03396606
-0.07275391
0.00947571
0.03460693
-0.01486206
-0.19177246
0.28271484
0.05920410
0.08105469
0.18139648
-0.15258789
-0.15112305
0.17871094
-0.15771484
0.17089844
0.16027832
0.16748047
-0.06274414
-0.02673340
-0.04504395
-0.00531006
0.02810669
0.04025269
-0.00962830
-0.02439880
0.07916260
-0.04187012
-0.06039429
0.52001953
0.18029785
0.26586914
-0.05529785
-0.23291016
-0.36889648
-0.26123047
-0.23486328
-0.74511719
-0.36572266
-1.17968750
1.39648438
-0.04003906
0.22717285
0.04449463
0.04437256
0.05395508
0.05578613
0.08947754
-0.05895996
0.06335449
-0.04965210
0.16430664
-0.04711914
-0.03997803
-0.04769897
0.06130981
-0.05075073
0.04257202
-0.00666809
-0.15881348
-0.15161133
-0.18652344
-0.35620117
-0.65722656
-0.18041992
0.19067383
-0.03479004
0.15673828
0.25927734
-0.29736328
-0.10412598
0.59863281
0.03491211
0.38330078
0.02638245
-0.12255859
-0.04254150
0.05160522
-0.05905151
0.06396484
0.06250000
0.06054688
0.04412842
-0.19604492
0.00866699
0.08239746
-0.05426025
0.02470398
-0.03710938
-0.02697754
0.01910400
0.00244141
-0.08813477
0.16857910
0.03976440
0.11608887
0.03948975
-0.09625244
-0.14050293
-0.13183594
-0.21069336
-0.15332031
-0.22412109
-0.29541016
0.29809570
-0.17297363
0.12048340
0.19812012
0.19396973
0.15686035
0.18945312
0.17907715
-0.18310547
0.17321777
-0.06280518
0.05557251
-0.13574219
-0.03561401
-0.00953674
0.08374023
-0.00225830
0.03979492
-0.01916504
-0.08288574
-0.04345703
-0.14257812
-0.14770508
-0.23657227
-0.07489014
0.03915405
-0.09777832
0.01060486
0.05664062
-0.11791992
-0.19641113
0.36694336
0.07507324
0.10955811
0.18029785
-0.16162109
-0.14306641
0.19165039
-0.16442871
0.18786621
0.17089844
0.18225098
0.09906006
-0.14379883
0.05474854
0.06890869
-0.08282471
0.02249146
-0.07080078
-0.04986572
0.04925537
-0.06228638
-0.15698242
0.08325195
-0.05053711
0.00195312
-0.03649902
-0.04614258
-0.11022949
-0.14733887
-0.25268555
-0.01531982
-0.24755859
-0.00823975
0.09967041
-0.19812012
0.16894531
0.19775391
0.19030762
0.18017578
0.18786621
0.18774414
-0.18359375
0.18334961
0.03051758
-0.08160400
-0.10473633
-0.01278687
-0.04162598
0.08563232
-0.01174927
0.06170654
-0.04934692
-0.07153320
-0.07995605
-0.21130371
-0.19372559
-0.15795898
-0.06811523
0.07214355
-0.04577637
0.03717041
0.08367920
-0.05380249
-0.19042969
0.29052734
0.06884766
0.15991211
0.19726562
-0.19384766
-0.17614746
0.18859863
-0.18225098
0.18652344
0.18273926
0.18371582
-0.01681519
-0.02062988
0.16528320
0.13574219
-0.12634277
0.00306702
-0.08154297
-0.03619385
0.02316284
-0.03866577
-0.25756836
-0.18469238
-0.22875977
-0.14965820
-0.04461670
0.09356689
0.02766418
-0.04495239
-0.10894775
0.26074219
-0.15100098
0.45092773
-0.44555664
-0.14721680
0.08648682
0.17175293
0.17077637
0.15563965
0.16918945
0.17578125
-0.16699219
0.16564941
0.11029053
-0.20776367
-0.07373047
0.02502441
-0.07360840
0.10260010
0.00509644
0.09240723
-0.07287598
-0.02993774
0.03594971
-0.25683594
-0.12854004
0.04135132
0.00534058
-0.00244141
-0.05520630
-0.03710938
-0.02937317
-0.00561523
-0.12237549
0.25195312
0.07946777
-0.00015259
0.15441895
-0.16516113
-0.14465332
0.16979980
-0.16052246
0.16906738
0.16467285
0.16687012
0.09173584
-0.12634277
-0.12286377
-0.16674805
0.16284180
-0.05798340
0.10198975
-0.03143311
0.01399994
0.17761230
0.26464844
0.95410156
0.57568359
0.76660156
0.13916016
-0.36474609
-0.45996094
-0.32617188
-0.33520508
-1.19335938
-0.33398438
-1.80273438
1.95019531
-0.09191895
0.24658203
0.11230469
0.11279297
0.08605957
0.10882568
0.09143066
-0.10375977
0.09259033
-0.02127075
0.10626221
0.01551819
-0.05154419
0.11016846
-0.09655762
-0.02764893
-0.10217285
0.10040283
-0.16552734
-0.20898438
0.17993164
-0.31250000
-0.87207031
-0.14514160
0.11553955
-0.03906250
0.18994141
0.29101562
-0.33886719
-0.15795898
0.62646484
-0.15380859
0.43481445
0.09851074
-0.12207031
-0.08508301
0.11108398
-0.08935547
0.10736084
0.09191895
0.10308838
-0.06445312
0.10021973
-0.01395416
-0.03790283
0.00555420
-0.04849243
-0.03497314
-0.06811523
0.03494263
-0.00883484
-0.11096191
-0.04528809
-0.07733154
-0.00823212
0.05795288
0.00186157
-0.01193237
-0.09216309
-0.23217773
0.18847656
-0.22192383
0.24645996
-0.22375488
-0.21594238
0.11608887
0.22521973
0.21142578
0.18713379
0.20178223
0.17236328
-0.19213867
0.18505859
-0.12500000
0.08105469
0.06689453
-0.00353241
-0.07214355
-0.00355530
-0.01968384
-0.00392151
-0.01431274
-0.06372070
-0.03335571
-0.16625977
-0.06658936
-0.03089905
-0.00369263
-0.03228760
-0.11511230
-0.02717590
-0.01184082
0.02008057
-0.23254395
0.23181152
0.08117676
0.07403564
0.22412109
-0.17016602
-0.18872070
0.20642090
-0.18566895
0.19458008
0.18444824
0.19104004
0.03637695
-0.43676758
-0.56933594
-0.60058594
0.78515625
-0.42187500
0.92724609
-0.36474609
0.28271484
0.36718750
1.58398438
3.34375000
2.37109375
2.34375000
0.26538086
-1.64062500
-1.85546875
-1.24121094
-1.30761719
-4.01562500
-1.21972656
-5.93750000
6.87500000
0.01660156
0.72167969
-0.11383057
-0.13867188
-0.09600830
-0.13256836
-0.13647461
0.13500977
-0.13452148
0.11267090
-0.15979004
-0.60205078
-0.83056641
0.96044922
-0.44799805
-0.28100586
-0.78955078
0.85058594
-1.00781250
-1.18457031
0.96142578
-0.82080078
-2.77539062
-1.04785156
0.80664062
0.04980469
0.96093750
1.38574219
-0.96582031
-0.40478516
1.31250000
-0.42187500
1.66210938
-0.08142090
-0.05944824
0.05725098
-0.13513184
0.11108398
-0.12902832
-0.12927246
-0.13269043
-0.01258087
-0.00315475
-0.03915405
-0.05462646
0.03634644
-0.01876831
0.03869629
-0.03182983
0.01275635
0.12377930
0.07238770
0.50439453
0.29833984
0.45532227
0.08587646
-0.15771484
-0.25830078
-0.20812988
-0.22961426
-0.58886719
-0.25170898
-0.80078125
0.89062500
-0.10479736
0.19238281
0.13525391
0.13464355
0.11749268
0.13159180
0.11920166
-0.12731934
0.12066650
-0.01817322
-0.01542664
-0.00775146
-0.06646729
0.07208252
-0.07318115
-0.00072479
-0.03469849
0.03063965
-0.08508301
-0.10821533
0.06347656
-0.22167969
-0.47338867
-0.06542969
0.04724121
-0.04187012
0.09906006
0.15734863
-0.17895508
-0.12219238
0.45507812
-0.10937500
0.26416016
0.11706543
-0.14172363
-0.11669922
0.13305664
-0.11901855
0.13012695
0.12011719
0.12707520
0.03533936
0.01174927
-0.05297852
-0.01098633
0.00500870
-0.06518555
0.02227783
-0.05181885
0.05551147
0.03543091
-0.04193115
0.41699219
0.16503906
0.28125000
-0.01440430
-0.19323730
-0.29052734
-0.22082520
-0.18847656
-0.52832031
-0.29638672
-0.86132812
0.99316406
-0.04516602
0.16723633
0.04888916
0.04922485
0.05035400
0.05722046
0.08288574
-0.05911255
0.06100464
-0.03186035
0.16247559
0.04260254
0.05648804
0.03179932
0.01033783
-0.01655579
0.02639771
0.02857971
-0.13110352
-0.12054443
-0.06530762
-0.25903320
-0.48046875
-0.14819336
0.11523438
-0.08160400
0.08270264
0.16552734
-0.26708984
-0.09710693
0.49169922
0.06665039
0.26611328
0.03114319
-0.10375977
-0.03866577
0.05453491
-0.05551147
0.06353760
0.05993652
0.06011963
0.02218628
-0.13208008
-0.09313965
-0.06207275
0.04837036
-0.08343506
-0.00523376
-0.05780029
0.04638672
0.01637268
-0.13098145
0.15600586
0.00701904
0.06951904
0.01068115
-0.04611206
-0.10833740
-0.14624023
-0.18920898
-0.04028320
-0.21557617
-0.04760742
0.08319092
-0.16564941
0.13842773
0.18115234
0.17236328
0.15722656
0.17053223
0.16540527
-0.16638184
0.16259766
0.05859375
0.06250000
0.01397705
0.01890564
-0.02153015
-0.00953674
-0.03671265
0.00334167
-0.01173401
-0.07427979
-0.09429932
-0.16101074
-0.19030762
-0.17065430
-0.06616211
0.03720093
-0.08020020
0.00384521
0.03973389
-0.03686523
-0.17175293
0.34301758
0.03460693
0.11315918
0.17187500
-0.16784668
-0.15112305
0.17150879
-0.15966797
0.16955566
0.16186523
0.16589355
-0.09472656
-0.12780762
-0.08282471
-0.06042480
0.10644531
-0.08856201
0.00256348
-0.07476807
0.06475830
-0.03210449
-0.18273926
-0.02424622
-0.13000488
-0.11999512
-0.03234863
0.02182007
-0.02648926
-0.11010742
-0.22497559
0.20166016
-0.21887207
0.35058594
-0.23706055
-0.20263672
0.15747070
0.20275879
0.19201660
0.18530273
0.19042969
0.18762207
-0.18664551
0.18591309
0.06823730
-0.07910156
-0.04031372
0.00325012
-0.01794434
-0.01861572
-0.06427002
-0.01806641
-0.01271057
-0.08007812
-0.11505127
-0.27368164
-0.18676758
-0.02676392
-0.04486084
0.03735352
-0.05844116
-0.01257324
0.02655029
0.02288818
-0.19616699
0.26220703
0.08416748
0.12335205
0.20166016
-0.19238281
-0.18261719
0.19140625
-0.18591309
0.18920898
0.18579102
0.18640137
-0.01292419
-0.01611328
-0.05938721
-0.05715942
0.12109375
0.00890350
-0.04281616
-0.07489014
0.03118896
0.03741455
-0.06591797
0.08892822
0.08496094
0.22680664
0.07971191
-0.01216125
-0.06805420
-0.07330322
-0.19213867
-0.18261719
-0.15344238
-0.19848633
0.24072266
-0.15258789
0.12854004
0.20361328
0.20751953
0.16015625
0.19433594
0.16040039
-0.18505859
0.17004395
0.01406860
-0.05871582
-0.10937500
-0.06890869
0.02075195
-0.00991058
-0.07440186
0.01335144
-0.04602051
0.03192139
-0.00273132
-0.00174713
-0.03845215
-0.14343262
0.04058838
-0.03082275
-0.06762695
0.00099945
0.02359009
-0.10864258
-0.14819336
0.31469727
-0.07293701
0.12561035
0.17810059
-0.15039062
-0.15649414
0.19982910
-0.16418457
0.18652344
0.16845703
0.18334961
0.16369629
-0.25195312
0.26708984
0.76464844
-0.97314453
0.43017578
0.33154297
0.40917969
-0.27221680
0.64501953
1.34960938
2.42578125
1.93066406
2.27734375
0.23791504
-1.25781250
-1.41503906
-0.95800781
-1.02734375
-3.33789062
-0.95458984
-5.17187500
5.75781250
-0.03540039
0.59277344
-0.04135132
-0.05819702
-0.03222656
-0.05126953
-0.05136108
0.05291748
-0.05432129
0.24169922
0.73339844
0.77441406
0.55468750
0.07513428
-0.17004395
0.59033203
-0.45117188
0.52050781
-0.36450195
-0.36645508
1.53515625
-0.35791016
-1.93554688
-0.64892578
0.48925781
-0.00830078
0.70898438
1.03515625
-0.92968750
-0.32421875
1.09765625
-0.24804688
1.30957031
-0.01782227
-0.09484863
0.00849152
-0.05416870
0.03994751
-0.04681396
-0.05096436
-0.05130005
0.07983398
0.06286621
0.03381348
-0.02412415
0.06228638
-0.00461578
-0.00076294
-0.05792236
0.05328369
-0.00737000
-0.20483398
-0.06781006
-0.16320801
-0.13220215
-0.04388428
0.06811523
0.01197815
-0.08123779
-0.16564941
0.22180176
-0.16589355
0.32641602
-0.28662109
-0.14855957
0.08825684
0.15759277
0.15515137
0.13732910
0.14941406
0.14453125
-0.14477539
0.14208984
-0.01102448
0.01499939
-0.02737427
-0.00918579
0.04244995
-0.03302002
-0.04809570
-0.02958679
-0.00358582
-0.04629517
-0.09814453
-0.25976562
-0.17016602
-0.00650024
-0.00189209
0.01722717
-0.05361938
-0.02580261
-0.02185059
-0.00292969
-0.14111328
0.21508789
0.08465576
0.04055786
0.14880371
-0.13989258
-0.13342285
0.15161133
-0.13928223
0.14648438
0.14147949
0.14440918
-0.00988770
0.00126648
0.08471680
0.00062561
0.09033203
0.01675415
-0.08251953
-0.05224609
0.02551270
0.01267242
-0.09967041
0.04196167
0.10827637
0.37036133
0.09527588
-0.01751709
-0.08990479
-0.05725098
-0.14074707
-0.39575195
-0.11492920
-0.58886719
0.60058594
-0.07934570
0.08770752
0.15258789
0.16528320
0.09948730
0.15209961
0.11926270
-0.14331055
0.12213135
-0.06903076
-0.03062439
-0.07598877
-0.05020142
0.05731201
0.11767578
-0.08691406
0.09039307
-0.12274170
0.14001465
0.09802246
0.15356445
0.06054688
-0.12854004
0.11859131
-0.08319092
-0.10369873
-0.01620483
0.00479126
-0.27001953
-0.11126709
0.37377930
-0.06359863
0.11901855
0.10766602
-0.09588623
-0.08703613
0.15795898
-0.10882568
0.14550781
0.11914062
0.14074707
0.00521851
-0.01904297
-0.00146484
0.05117798
-0.09686279
0.08392334
0.05114746
0.01504517
0.01008606
0.12237549
0.03973389
0.26293945
0.12481689
0.15515137
0.05242920
-0.09246826
-0.14843750
-0.19201660
-0.27807617
-0.07452393
-0.29638672
-0.09130859
0.16198730
-0.19104004
0.13647461
0.19335938
0.17968750
0.15783691
0.17114258
0.14770508
-0.16271973
0.15588379
0.10260010
0.10302734
0.07434082
0.07830811
0.01824951
-0.08306885
0.05236816
-0.12341309
0.09112549
-0.11358643
-0.15161133
-0.06372070
-0.17114258
-0.20678711
-0.10021973
0.05239868
-0.08569336
0.05059814
0.07458496
0.00740051
-0.23022461
0.32861328
0.02709961
0.14074707
0.19299316
-0.15527344
-0.15991211
0.17529297
-0.15673828
0.16552734
0.15563965
0.16186523
-0.01669312
-0.00320435
0.10363770
0.05926514
-0.01666260
-0.00692749
0.06341553
-0.04446411
0.05700684
0.03100586
-0.05410767
0.18676758
0.03735352
0.05334473
-0.01860046
-0.05871582
-0.10278320
-0.15039062
-0.25854492
-0.01211548
-0.23901367
-0.01782227
0.09790039
-0.20117188
0.16601562
0.19982910
0.19177246
0.17907715
0.18859863
0.18713379
-0.18408203
0.18298340
0.10241699
0.16528320
0.05670166
-0.03738403
0.09112549
-0.08825684
-0.03363037
-0.06567383
0.04010010
-0.08966064
-0.16760254
-0.12927246
-0.19677734
-0.14868164
-0.07501221
0.06231689
-0.06069946
0.02149963
0.06347656
-0.05459595
-0.20104980
0.29003906
0.07128906
0.15625000
0.19958496
-0.19165039
-0.17480469
0.18957520
-0.18139648
0.18725586
0.18225098
0.18408203
-0.04617310
-0.03936768
-0.02278137
-0.04693604
-0.05209351
0.08624268
-0.04476929
0.05715942
-0.03022766
0.18566895
0.12170410
0.40136719
0.22485352
0.31640625
0.02090454
-0.12951660
-0.19104004
-0.15637207
-0.19702148
-0.28906250
-0.27343750
-0.52636719
0.53173828
-0.08398438
0.10430908
0.08251953
0.07226562
0.06378174
0.07403564
0.07550049
-0.07153320
0.06896973
-0.01017761
0.03216553
0.00231171
0.03521729
-0.10357666
-0.01232910
0.10504150
-0.04504395
0.05706787
-0.07629395
-0.12817383
0.11181641
-0.17846680
-0.30200195
-0.10351562
0.05505371
-0.06848145
0.07232666
0.11767578
-0.10638428
-0.13916016
0.38281250
0.02929688
0.15051270
0.07403564
-0.08544922
-0.06008911
0.07440186
-0.06573486
0.07574463
0.06805420
0.07171631
-0.00512314
-0.01174164
-0.01974487
0.08526611
-0.05871582
-0.06072998
0.02963257
-0.10382080
0.08734131
-0.04473877
-0.16674805
-0.06982422
-0.02078247
0.16577148
0.03659058
0.10308838
0.02719116
0.03894043
-0.06222534
-0.09759521
-0.06848145
-0.08782959
0.08776855
-0.08300781
0.07342529
0.15307617
0.16430664
0.10974121
0.15209961
0.12133789
-0.14355469
0.12646484
0.00072193
-0.01699829
0.12768555
0.01553345
0.13195801
0.04968262
-0.12176514
0.01385498
-0.09161377
0.11322021
0.01483154
-0.03009033
0.03195190
0.01055908
0.15368652
-0.08666992
-0.05285645
-0.03292847
-0.04028320
-0.11914062
-0.06744385
0.28222656
-0.08734131
0.06262207
0.11242676
-0.10058594
-0.10192871
0.15747070
-0.11639404
0.14526367
0.12377930
0.14123535
-0.01350403
-0.02362061
-0.10351562
0.07086182
-0.10015869
-0.08142090
0.05816650
-0.11206055
0.10052490
-0.05902100
-0.18579102
-0.07653809
-0.02517700
0.16821289
0.02966309
0.08526611
0.01184082
0.01759338
-0.10778809
-0.12078857
-0.09423828
-0.14562988
0.12841797
-0.09875488
0.07983398
0.16564941
0.17541504
0.12231445
0.16259766
0.13073730
-0.15380859
0.13720703
-0.00494766
-0.02935791
0.11877441
0.05090332
0.12091064
0.02471924
-0.12353516
-0.00148010
-0.07568359
0.10296631
-0.00061035
-0.03552246
0.01181030
0.00134277
0.13647461
-0.07330322
-0.06091309
-0.02857971
-0.02799988
-0.15698242
-0.10046387
0.29980469
-0.05957031
0.06652832
0.12695312
-0.11181641
-0.11560059
0.16845703
-0.12841797
0.15527344
0.13488770
0.15173340
-0.03268433
0.01602173
0.07574463
-0.15283203
0.09936523
0.03833008
-0.05847168
0.13623047
-0.08361816
0.19580078
0.26464844
0.50683594
0.47973633
0.72216797
0.16979980
-0.25488281
-0.29321289
-0.29003906
-0.36083984
-0.64843750
-0.25390625
-0.98437500
1.02343750
-0.19958496
0.20507812
0.21838379
0.20996094
0.17456055
0.19824219
0.16149902
-0.18872070
0.17565918
0.03025818
0.11279297
-0.06204224
-0.07641602
-0.11108398
0.11511230
0.06286621
-0.01702881
0.02326965
0.06872559
0.00830078
0.48535156
-0.02441406
-0.34472656
-0.06988525
0.01274872
-0.10870361
0.07458496
0.14270020
-0.18566895
-0.22961426
0.42163086
-0.10766602
0.27124023
0.21337891
-0.17504883
-0.17797852
0.20336914
-0.17492676
0.19152832
0.17541504
0.18750000
-0.00735474
0.07611084
0.02514648
-0.01362610
-0.02066040
0.05725098
0.01356506
0.05480957
-0.00579834
0.08520508
-0.00677490
0.16796875
0.01373291
0.00173950
-0.00566101
-0.01974487
-0.04626465
-0.12658691
-0.24169922
0.11260986
-0.22729492
0.14135742
-0.10870361
-0.18859863
0.10833740
0.18090820
0.17004395
0.15380859
0.16284180
0.14916992
-0.15625000
0.15344238
0.11242676
0.01884460
-0.04049683
-0.04956055
-0.02941895
0.03057861
0.03004456
-0.06039429
0.06243896
-0.06549072
-0.16333008
-0.13745117
-0.19592285
-0.11260986
-0.05761719
0.03976440
-0.06317139
0.00659180
0.02017212
0.02282715
-0.20861816
0.22961426
0.08172607
0.08038330
0.18481445
-0.15100098
-0.15417480
0.16601562
-0.15344238
0.15844727
0.15307617
0.15576172
-0.05462646
0.13549805
-0.02282715
-0.05343628
-0.04989624
0.06365967
0.01197052
0.04653931
-0.00323105
0.07379150
-0.08972168
0.11462402
-0.04483032
-0.04748535
0.00955200
0.03079224
-0.00366211
-0.10443115
-0.19018555
0.19506836
-0.18139648
0.29370117
-0.33642578
-0.20336914
0.09552002
0.21813965
0.21069336
0.18078613
0.20349121
0.18969727
-0.19665527
0.18945312
0.09777832
0.04162598
-0.10192871
0.00786591
-0.02618408
0.03491211
0.01821899
-0.04010010
0.02011108
0.00866699
-0.16003418
-0.20385742
-0.21862793
-0.05313110
-0.01472473
0.00766373
-0.07556152
-0.04382324
-0.02410889
0.01293945
-0.21777344
0.27343750
0.07952881
0.02038574
0.20874023
-0.17382812
-0.17248535
0.20666504
-0.18432617
0.20031738
0.18811035
0.19592285
0.09832764
-0.40063477
0.48291016
0.26318359
1.24121094
-0.08251953
-0.88720703
0.83935547
-0.88037109
1.07128906
1.88183594
1.88769531
2.45703125
3.24414062
0.56494141
-1.78027344
-1.83789062
-1.35253906
-1.43457031
-3.94140625
-1.19628906
-5.98437500
6.88281250
-0.02075195
0.72314453
-0.11303711
-0.13928223
-0.09503174
-0.13317871
-0.13598633
0.13549805
-0.13415527
-0.06591797
-0.23620605
0.67333984
-0.99072266
-0.02709961
0.60986328
0.38891602
0.22644043
0.17089844
0.05664062
0.60937500
2.92187500
0.50830078
-1.63281250
-0.92089844
0.41699219
-0.26416016
0.79541016
1.25488281
-1.25000000
-0.46948242
1.07226562
-0.21289062
1.66015625
-0.06933594
-0.06088257
0.05587769
-0.13586426
0.11035156
-0.12951660
-0.12890625
-0.13293457
-0.07336426
0.04968262
0.03527832
-0.03106689
0.04660034
0.04574585
-0.02079773
0.02009583
-0.02209473
0.13500977
0.06848145
0.36987305
0.25195312
0.36767578
0.02172852
-0.16137695
-0.22973633
-0.21862793
-0.21545410
-0.36328125
-0.30053711
-0.64208984
0.75439453
-0.10522461
0.19042969
0.10943604
0.10375977
0.10205078
0.10949707
0.12524414
-0.10937500
0.10992432
-0.00834656
0.12402344
-0.04449463
0.00956726
0.00331116
0.05072021
0.01389313
-0.05029297
0.06176758
-0.01788330
-0.14453125
0.15405273
-0.17651367
-0.30615234
-0.13342285
0.07305908
-0.11193848
0.05297852
0.12475586
-0.18737793
-0.13208008
0.44824219
0.06616211
0.26025391
0.09509277
-0.14538574
-0.09326172
0.10784912
-0.10565186
0.11413574
0.10882568
0.11016846
0.04132080
-0.09149170
0.04302979
-0.01506805
-0.04467773
0.03497314
0.05145264
0.02886963
0.04232788
0.03047180
-0.05947876
0.10247803
-0.07269287
-0.12182617
-0.01910400
0.06365967
0.04437256
-0.07104492
-0.20446777
0.28588867
-0.18200684
0.39843750
-0.42089844
-0.21386719
0.09692383
0.21337891
0.19909668
0.18115234
0.19116211
0.17004395
-0.18334961
0.17932129
-0.10778809
0.03683472
-0.01716614
0.01281738
-0.08825684
0.02603149
0.02563477
-0.03411865
0.04598999
-0.03182983
-0.19824219
-0.23400879
-0.19775391
-0.01736450
0.00379562
0.01003265
-0.05599976
-0.03887939
-0.03945923
0.08282471
-0.22644043
0.20837402
0.07470703
0.02960205
0.21679688
-0.16503906
-0.18273926
0.19470215
-0.17993164
0.18566895
0.17883301
0.18225098
0.07769775
-0.09020996
0.02426147
0.05264282
0.06500244
-0.01361084
-0.04962158
0.09826660
-0.05944824
0.12939453
0.08245850
0.22949219
0.16052246
0.20446777
0.04919434
-0.12213135
-0.15466309
-0.20617676
-0.32080078
-0.14025879
-0.27221680
-0.19445801
0.28491211
-0.20178223
0.16137695
0.20861816
0.19970703
0.17150879
0.19238281
0.17785645
-0.18505859
0.17773438
-0.01405334
-0.02124023
0.04156494
-0.02786255
-0.00469971
0.08679199
0.02944946
-0.00079346
0.03863525
0.00350952
-0.11425781
0.05523682
-0.13867188
-0.16015625
-0.09210205
0.04568481
-0.10693359
0.02407837
0.07196045
-0.10778809
-0.24255371
0.34838867
0.06512451
0.17272949
0.20214844
-0.17944336
-0.16674805
0.19531250
-0.17431641
0.18847656
0.17687988
0.18457031
0.01196289
0.07330322
-0.09570312
0.12890625
0.05535889
-0.08740234
-0.06311035
0.11187744
-0.07073975
0.12194824
0.06732178
0.13366699
0.04129028
0.03601074
0.05374146
-0.01435852
-0.02763367
-0.12316895
-0.26098633
0.13427734
-0.22412109
0.17712402
-0.16552734
-0.21130371
0.11041260
0.20825195
0.19067383
0.17150879
0.17919922
0.14648438
-0.16894531
0.16345215
0.14904785
-0.10394287
0.04925537
0.04382324
0.05212402
0.07257080
-0.01156616
0.05688477
0.00433350
0.03356934
-0.05993652
-0.04479980
-0.08117676
-0.04391479
-0.01435852
-0.00020695
-0.09063721
-0.00848389
-0.00860596
0.06445312
-0.25341797
0.21667480
0.05932617
0.07739258
0.21643066
-0.15258789
-0.17895508
0.18408203
-0.16748047
0.17089844
0.16345215
0.16809082
-0.08715820
0.18188477
-0.56347656
0.43530273
-0.26049805
-0.44482422
-0.48950195
0.16320801
-0.51220703
0.57373047
1.12500000
0.93554688
1.86230469
2.83203125
0.41064453
-1.33300781
-1.39648438
-1.03613281
-1.11523438
-3.26953125
-0.93701172
-5.20703125
5.76562500
-0.06347656
0.59277344
-0.04022217
-0.05828857
-0.03182983
-0.05145264
-0.05120850
0.05307007
-0.05419922
-0.27856445
0.75390625
-0.59375000
0.83837891
0.94042969
-0.12622070
-0.46777344
0.58691406
-0.28710938
0.46923828
0.82861328
2.71484375
0.62304688
-0.95410156
-0.55566406
0.21179199
-0.23339844
0.58935547
0.93896484
-1.15429688
-0.37231445
0.90039062
-0.08398438
1.30859375
-0.00842285
-0.09533691
0.00796509
-0.05435181
0.03967285
-0.04702759
-0.05084229
-0.05142212
-0.14733887
0.09844971
-0.02857971
-0.03146362
0.06057739
0.01029968
0.02886963
0.04641724
0.01629639
0.01757812
-0.04730225
0.07086182
-0.12097168
-0.22680664
-0.02764893
0.12768555
0.11791992
0.00684357
-0.13183594
0.38623047
-0.12390137
0.61083984
-0.62792969
-0.18054199
0.06372070
0.18371582
0.17102051
0.16076660
0.16259766
0.14099121
-0.15515137
0.15368652
-0.04321289
0.02308655
0.00819397
0.02043152
-0.09637451
0.02487183
0.08044434
-0.02165222
0.05523682
-0.03097534
-0.19116211
-0.30029297
-0.19238281
0.03485107
0.04815674
-0.01104736
-0.02426147
-0.04470825
-0.07312012
0.15234375
-0.18518066
0.13940430
0.04687500
-0.02267456
0.18969727
-0.14050293
-0.16601562
0.16625977
-0.15722656
0.15588379
0.15393066
0.15405273
-0.00543594
0.01702881
-0.07745361
0.03494263
0.11492920
0.03234863
0.07812500
-0.00421906
0.09698486
-0.08239746
-0.09136963
-0.00750732
0.05770874
0.27026367
0.02330017
0.04440308
-0.05157471
-0.01631165
-0.13281250
-0.23522949
-0.11718750
-0.29956055
0.30737305
-0.09417725
0.10345459
0.16271973
0.16931152
0.11810303
0.15808105
0.12408447
-0.14941406
0.13208008
0.01760864
-0.00249481
0.08526611
-0.04913330
-0.04541016
-0.07287598
0.07385254
-0.10504150
0.05651855
0.02416992
-0.07543945
0.04370117
0.05108643
0.00286865
0.10736084
-0.04608154
-0.07556152
0.00390625
0.00917053
-0.18554688
-0.09887695
0.32275391
-0.08563232
0.11560059
0.12292480
-0.11224365
-0.11181641
0.16333008
-0.12341309
0.15124512
0.13000488
0.14721680
0.12561035
-0.70117188
0.65527344
-0.66845703
-0.91552734
-0.25439453
-0.18359375
-0.07836914
-0.40429688
0.45458984
0.97070312
0.58642578
1.79492188
2.89257812
0.43945312
-1.33984375
-1.38867188
-1.04882812
-1.13085938
-3.25390625
-0.93359375
-5.21093750
5.76562500
-0.06884766
0.59277344
-0.03997803
-0.05828857
-0.03176880
-0.05148315
-0.05117798
0.05310059
-0.05416870
0.26342773
-0.33154297
-0.49145508
0.66699219
0.33642578
-0.38598633
-0.65185547
0.60449219
-0.42578125
0.58496094
1.00585938
2.80859375
0.79687500
-0.75000000
-0.53320312
0.15820312
-0.27539062
0.56542969
0.91992188
-1.19531250
-0.38110352
0.86523438
-0.05468750
1.30859375
-0.00659180
-0.09545898
0.00787354
-0.05441284
0.03964233
-0.04702759
-0.05081177
-0.05142212
0.12158203
-0.10717773
0.07592773
-0.05871582
-0.03369141
-0.12023926
-0.06707764
0.10729980
-0.10089111
0.13317871
0.10888672
0.19775391
0.06585693
-0.00784302
0.01953125
-0.00561905
-0.03955078
-0.13024902
-0.22021484
0.13232422
-0.23425293
0.25976562
-0.14160156
-0.16845703
0.12457275
0.14660645
0.13208008
0.13574219
0.12329102
0.10333252
-0.11663818
0.11840820
0.01667786
0.05752563
-0.09545898
0.09478760
0.07739258
-0.02490234
-0.02517700
0.09790039
0.01171875
0.02194214
-0.09680176
-0.06982422
-0.13122559
-0.09643555
-0.06076050
0.05203247
-0.03964233
0.02392578
0.01739502
0.12951660
-0.18969727
0.18811035
0.01651001
0.11846924
0.16455078
-0.13012695
-0.14953613
0.12658691
-0.12719727
0.11621094
0.11968994
0.11602783
0.14367676
-0.11956787
-0.08557129
0.08251953
0.13732910
-0.06561279
-0.05816650
0.09191895
-0.02374268
0.05468750
0.02716064
0.18969727
-0.04031372
-0.19165039
-0.03552246
0.09271240
0.06652832
-0.05801392
-0.18530273
0.34863281
-0.16564941
0.55908203
-0.57226562
-0.20263672
0.09082031
0.21972656
0.20898438
0.18823242
0.20227051
0.18762207
-0.19555664
0.19140625
0.05838013
0.12817383
-0.09405518
0.03564453
0.10021973
0.06872559
0.07507324
0.00210571
0.07977295
-0.02182007
-0.25830078
-0.28466797
-0.26416016
-0.04309082
-0.00910950
0.03414917
-0.03598022
-0.04272461
-0.05041504
0.10205078
-0.21911621
0.24291992
0.05725098
0.00283813
0.21325684
-0.17675781
-0.18457031
0.20544434
-0.18969727
0.19787598
0.19055176
0.19470215
-0.16149902
0.69775391
0.41210938
-0.83740234
-0.80664062
0.05932617
0.17346191
-0.30761719
-0.26025391
0.31250000
0.78808594
0.22705078
1.71093750
2.93945312
0.46752930
-1.34472656
-1.37890625
-1.06152344
-1.14648438
-3.23828125
-0.93017578
-5.21875000
5.76562500
-0.07397461
0.59277344
-0.03976440
-0.05831909
-0.03170776
-0.05154419
-0.05114746
0.05313110
-0.05416870
-0.24316406
-0.33740234
0.70800781
-0.43652344
-0.54833984
-0.45874023
-0.65478516
0.52587891
-0.52636719
0.67138672
1.15429688
2.86132812
0.96289062
-0.54296875
-0.50878906
0.10449219
-0.31689453
0.54199219
0.90039062
-1.23730469
-0.38989258
0.82812500
-0.02343750
1.30761719
-0.00476074
-0.09552002
0.00778198
-0.05444336
0.03958130
-0.04705811
-0.05078125
-0.05145264
-0.09326172
-0.11676025
0.06268311
-0.00625610
-0.01321411
-0.07110596
-0.05236816
0.07818604
-0.05352783
0.08215332
0.06390381
0.16503906
0.03558350
0.00108337
0.00882721
0.01797485
-0.01574707
-0.08093262
-0.18798828
0.11499023
-0.19299316
0.15917969
-0.15026855
-0.14892578
0.08447266
0.16418457
0.15490723
0.13244629
0.14770508
0.12878418
-0.14013672
0.13415527
0.07836914
-0.09191895
-0.06341553
0.04333496
0.10278320
-0.02017212
0.00567627
0.04965210
0.03016663
0.03573608
-0.13684082
-0.09698486
-0.12658691
-0.06896973
-0.02455139
0.02555847
-0.07934570
-0.00534058
-0.01216125
0.00488281
-0.18981934
0.26757812
0.05404663
0.05249023
0.15649414
-0.12622070
-0.13061523
0.15124512
-0.13269043
0.14257812
0.13342285
0.13928223
-0.04656982
-0.03836060
0.02627563
0.00317383
-0.01625061
-0.05706787
-0.03442383
0.03833008
-0.04119873
0.06591797
0.09960938
0.19042969
0.11511230
0.07458496
0.01402283
-0.04913330
-0.05468750
-0.14624023
-0.23999023
0.03866577
-0.19372559
0.03906250
0.01022339
-0.19458008
0.13244629
0.18798828
0.17907715
0.15905762
0.17272949
0.16308594
-0.16735840
0.16320801
0.00407410
-0.06616211
-0.03729248
0.01457214
0.05123901
-0.01843262
-0.00114441
0.04397583
0.02163696
0.02969360
-0.12548828
0.01391602
-0.15429688
-0.09545898
-0.06146240
0.03820801
-0.06390381
-0.01780701
0.00691223
-0.01991272
-0.19958496
0.25390625
0.06036377
0.11254883
0.19116211
-0.16296387
-0.15600586
0.17504883
-0.16101074
0.16967773
0.16271973
0.16687012
0.19421387
-0.17590332
-0.75048828
0.16406250
-0.02478027
0.34423828
0.48217773
-0.48828125
-0.09320068
0.15478516
0.58300781
-0.13671875
1.61230469
2.97070312
0.49389648
-1.34863281
-1.36914062
-1.07324219
-1.16210938
-3.22265625
-0.92626953
-5.22656250
5.76562500
-0.07910156
0.59326172
-0.03955078
-0.05831909
-0.03164673
-0.05157471
-0.05111694
0.05316162
-0.05413818
0.21777344
0.75488281
0.32714844
-0.93017578
-0.97558594
-0.30859375
-0.47534180
0.36474609
-0.57958984
0.72460938
1.27050781
2.86718750
1.12109375
-0.33251953
-0.48339844
0.05053711
-0.35791016
0.51855469
0.88183594
-1.27734375
-0.39843750
0.78906250
0.00976562
1.30761719
-0.00317383
-0.09558105
0.00766754
-0.05447388
0.03952026
-0.04711914
-0.05075073
-0.05148315
-0.05532837
-0.37011719
-0.41625977
0.28857422
0.16564941
0.23925781
0.26660156
-0.25561523
-0.02380371
0.02233887
0.29443359
-0.10375977
0.98339844
1.93457031
0.32250977
-0.79541016
-0.81738281
-0.66894531
-0.72607422
-1.97558594
-0.58691406
-3.26171875
3.53320312
-0.12622070
0.39477539
0.07611084
0.06671143
0.05532837
0.06457520
0.04891968
-0.05914307
0.05065918
0.18115234
0.20288086
-0.06488037
-0.38061523
-0.46728516
-0.10375977
-0.16406250
0.13598633
-0.27734375
0.41406250
0.68310547
1.75585938
0.67089844
-0.15576172
-0.22485352
-0.02368164
-0.29443359
0.25366211
0.47192383
-0.84033203
-0.29589844
0.62011719
-0.00097656
0.79101562
0.08764648
-0.12536621
-0.06481934
0.06573486
-0.05407715
0.06396484
0.05102539
0.05926514
0.05703735
0.04876709
0.00969696
0.00532532
-0.01154327
-0.02981567
-0.01895142
0.04595947
-0.02600098
0.04376221
0.10461426
0.22229004
0.09124756
0.00161743
-0.03082275
0.06069946
0.01237488
-0.01614380
-0.07098389
0.13195801
-0.14013672
0.24658203
-0.26147461
-0.06982422
0.06488037
0.06658936
0.05993652
0.06732178
0.06118774
0.06860352
-0.06094360
0.06463623
0.07080078
0.04943848
0.02554321
0.03619385
0.02807617
-0.03195190
0.00745010
0.01371765
0.03933716
0.05606079
-0.12805176
-0.01605225
-0.18347168
-0.08612061
-0.02307129
0.03173828
-0.00574112
-0.00156784
0.00633621
0.08337402
-0.08728027
0.23815918
-0.00360107
0.03198242
0.06475830
-0.08178711
-0.06921387
0.06109619
-0.06579590
0.06231689
0.06488037
0.06118774
0.04248047
0.06335449
0.00726318
-0.04583740
-0.08618164
0.00788879
-0.07208252
0.05691528
-0.00883484
-0.04293823
0.00531387
0.00390625
0.11920166
0.35473633
0.05987549
-0.06396484
-0.08837891
-0.11230469
-0.21655273
-0.27099609
-0.15625000
-0.47314453
0.47705078
-0.14379883
0.09942627
0.18395996
0.18994141
0.12634277
0.17529297
0.14367676
-0.16516113
0.14648438
-0.02511597
0.03179932
0.10046387
-0.01237488
0.02416992
0.03170776
0.02757263
0.00543213
0.05187988
0.01433563
-0.04354858
0.17004395
0.06738281
0.02587891
0.05490112
-0.04858398
-0.11804199
-0.01226807
0.00277710
-0.21459961
-0.17700195
0.29589844
0.00256348
0.11926270
0.15832520
-0.12078857
-0.11505127
0.18127441
-0.13500977
0.16796875
0.14367676
0.16308594
-0.04602051
-0.05145264
-0.08166504
-0.03057861
-0.09625244
0.00308228
-0.02624512
-0.00657654
-0.02490234
0.00730896
0.08685303
0.16210938
0.09704590
0.11828613
0.06878662
-0.02030945
-0.00588989
-0.09399414
-0.23156738
0.07556152
-0.17468262
0.06835938
-0.11389160
-0.21667480
0.10583496
0.24487305
0.23437500
0.18933105
0.22412109
0.19433594
-0.21423340
0.20068359
0.09118652
0.17285156
0.09307861
-0.06146240
-0.03961182
-0.07824707
-0.03311157
0.06610107
0.00559998
0.07873535
-0.07897949
0.04132080
-0.08007812
-0.02047729
0.01640320
-0.02922058
-0.11456299
-0.05163574
-0.04010010
-0.01795959
-0.25146484
0.32128906
0.04244995
0.05377197
0.23095703
-0.17333984
-0.18103027
0.22924805
-0.19396973
0.21838379
0.19885254
0.21264648
0.05322266
0.08587646
0.05679321
0.13549805
0.14660645
0.08880615
0.06658936
-0.09655762
0.02970886
-0.08581543
0.07476807
-0.09399414
0.42358398
0.88134766
0.18505859
-0.29443359
-0.31225586
-0.32617188
-0.37109375
-0.76757812
-0.26123047
-1.23925781
1.28320312
-0.18347168
0.21484375
0.19519043
0.19018555
0.15258789
0.18127441
0.15466309
-0.17358398
0.16027832
-0.01506042
-0.05718994
-0.07836914
0.07635498
0.01553345
0.03616333
0.01004791
0.01090240
-0.06304932
0.16125488
0.22534180
0.74267578
0.28906250
0.04602051
-0.01963806
-0.06420898
-0.18798828
0.03417969
0.12792969
-0.34643555
-0.23266602
0.39672852
-0.03125000
0.30786133
0.18847656
-0.16699219
-0.14990234
0.18505859
-0.15625000
0.17700195
0.15954590
0.17236328
-0.07611084
-0.13916016
-0.06451416
-0.03024292
0.05535889
0.01394653
0.04766846
0.00140572
-0.03781128
0.02856445
0.14562988
0.05621338
0.38598633
0.69921875
0.08489990
-0.29907227
-0.32080078
-0.29736328
-0.29028320
-0.67871094
-0.34814453
-1.23632812
1.38964844
-0.06195068
0.22595215
0.04840088
0.04534912
0.05300903
0.05657959
0.08880615
-0.05947876
0.06304932
0.02462769
0.09118652
0.00935364
-0.02664185
-0.00036621
-0.07202148
-0.01986694
0.04907227
-0.06988525
0.16174316
0.07366943
0.54980469
0.10168457
-0.11743164
-0.16833496
0.03387451
-0.18530273
0.06579590
0.19543457
-0.42724609
-0.15270996
0.47534180
0.14184570
0.38037109
0.03613281
-0.12109375
-0.04141235
0.05258179
-0.05828857
0.06488037
0.06210327
0.06094360
0.03967285
-0.04266357
0.00810242
0.07647705
0.07849121
0.10681152
0.05609131
-0.05773926
-0.00630188
-0.01147461
0.08361816
0.06695557
0.17346191
0.32592773
0.11651611
-0.10717773
-0.11682129
-0.17724609
-0.24230957
-0.16284180
-0.19580078
-0.29736328
0.26928711
-0.17749023
0.16162109
0.19299316
0.17919922
0.16406250
0.17443848
0.15576172
-0.16882324
0.16345215
-0.05328369
-0.10028076
-0.07556152
0.01699829
-0.01954651
-0.01516724
0.00216675
0.05218506
-0.04162598
0.12390137
0.04165649
0.25073242
0.06677246
-0.01290894
-0.02447510
-0.02719116
-0.15209961
-0.02807617
0.01919556
-0.10607910
-0.20959473
0.31982422
0.01544189
0.15356445
0.18811035
-0.16809082
-0.16491699
0.17700195
-0.16357422
0.17150879
0.16320801
0.16821289
0.08905029
0.01562500
0.01344299
0.04760742
0.04663086
0.08654785
0.04135132
-0.06097412
-0.02400208
0.01483154
0.13867188
0.15954590
0.17236328
0.16406250
0.05706787
-0.08575439
-0.08654785
-0.16625977
-0.26855469
-0.02699280
-0.22448730
-0.06671143
0.09692383
-0.19250488
0.12347412
0.20141602
0.19445801
0.15881348
0.18640137
0.17272949
-0.17932129
0.17016602
-0.02127075
-0.13439941
-0.07995605
0.01751709
-0.05383301
-0.02450562
-0.02529907
0.05920410
-0.04910278
0.10791016
-0.03735352
0.12127686
-0.08184814
-0.06475830
-0.05795288
0.01480103
-0.11138916
-0.01986694
0.00964355
-0.07995605
-0.23107910
0.31103516
0.07794189
0.11010742
0.19238281
-0.16210938
-0.14990234
0.18994141
-0.16369629
0.18298340
0.16870117
0.17834473
-0.05426025
-0.12658691
0.03506470
-0.12768555
0.06677246
0.02502441
0.08691406
-0.12420654
0.11730957
-0.21057129
-0.04479980
-0.39013672
0.45019531
1.17480469
0.23376465
-0.40380859
-0.41552734
-0.39746094
-0.43164062
-1.09570312
-0.33105469
-1.86816406
1.89062500
-0.13525391
0.19689941
0.13769531
0.13525391
0.08575439
0.12683105
0.09912109
-0.11907959
0.10095215
-0.08209229
0.10205078
0.14221191
0.18811035
0.25073242
0.16162109
0.14807129
-0.09448242
-0.07470703
0.19421387
0.36376953
0.94580078
0.50781250
0.18286133
-0.01469421
-0.11444092
-0.25878906
0.05981445
0.18249512
-0.56054688
-0.25073242
0.44091797
0.02343750
0.36328125
0.12585449
-0.10839844
-0.07934570
0.13085938
-0.09240723
0.12365723
0.09906006
0.11749268
-0.01571655
0.12243652
0.06250000
0.02711487
0.05731201
0.09588623
0.05273438
-0.07995605
-0.01162720
-0.01696777
0.14074707
0.10998535
0.21020508
0.26708984
0.06884766
-0.10290527
-0.10675049
-0.19360352
-0.28979492
-0.11102295
-0.23620605
-0.21875000
0.24145508
-0.19726562
0.16308594
0.21044922
0.19970703
0.17443848
0.19519043
0.18579102
-0.18945312
0.18298340
0.06530762
-0.00082397
-0.03768921
0.04055786
-0.01055908
0.00848389
-0.00759125
0.04144287
-0.05307007
0.11944580
0.02114868
0.23266602
-0.01153564
-0.03866577
-0.05822754
0.01330566
-0.12792969
-0.02291870
0.02757263
-0.11291504
-0.24169922
0.35546875
0.06066895
0.15917969
0.20007324
-0.18566895
-0.16723633
0.19726562
-0.17846680
0.19360352
0.18164062
0.18884277
0.08868408
-0.42260742
-0.63281250
-1.00585938
-0.03723145
0.13439941
0.60888672
-0.78125000
0.60302734
-0.37500000
-0.29296875
-1.60742188
1.36718750
3.60156250
0.90625000
-1.81835938
-1.71582031
-1.47753906
-1.59570312
-3.78515625
-1.15625000
-6.03906250
6.88281250
-0.07617188
0.72412109
-0.11187744
-0.14001465
-0.09356689
-0.13403320
-0.13525391
0.13610840
-0.13378906
-0.07836914
-0.19409180
0.53466797
0.19714355
1.24121094
0.60009766
0.75390625
-0.38232422
-0.66357422
1.00585938
1.95703125
3.08398438
2.10351562
0.45776367
-0.58837891
-0.18847656
-0.71191406
0.52929688
1.04101562
-1.65722656
-0.56250000
0.71679688
0.09179688
1.65917969
-0.05102539
-0.06298828
0.05389404
-0.13684082
0.10931396
-0.13037109
-0.12829590
-0.13342285
-0.15637207
0.11785889
0.16552734
0.13061523
0.10888672
0.13598633
0.05999756
-0.02374268
-0.08465576
0.07189941
0.26000977
0.28930664
0.30517578
0.24572754
0.02435303
-0.10650635
-0.15661621
-0.16149902
-0.15429688
-0.09948730
-0.28247070
-0.13903809
0.21850586
-0.07464600
0.16687012
0.07684326
0.07293701
0.08984375
0.08520508
0.12152100
-0.08935547
0.09686279
-0.01260376
0.28710938
0.08782959
0.10113525
-0.02374268
-0.00823975
-0.05233765
0.15283203
-0.09045410
0.15832520
-0.04614258
0.22229004
-0.13720703
-0.17956543
-0.16296387
0.07556152
-0.10754395
0.02056885
0.10040283
-0.14123535
-0.11126709
0.40551758
0.09143066
0.18615723
0.05963135
-0.14477539
-0.07861328
0.08111572
-0.09356689
0.09393311
0.09661865
0.09106445
-0.03137207
-0.05468750
0.02963257
-0.02432251
0.00338745
0.07238770
0.03845215
-0.06848145
0.01231384
-0.05676270
0.11743164
0.01312256
0.24719238
0.37329102
0.10363770
-0.15649414
-0.15466309
-0.20874023
-0.25976562
-0.22460938
-0.23022461
-0.43774414
0.43261719
-0.17724609
0.15258789
0.19262695
0.18298340
0.15466309
0.18103027
0.17529297
-0.17602539
0.16821289
-0.05187988
0.14074707
0.06878662
0.04040527
0.04724121
0.06683350
0.03671265
0.00309753
-0.05203247
0.12744141
0.07763672
0.34448242
0.08215332
0.00805664
-0.06573486
-0.01370239
-0.16271973
-0.01733398
0.04235840
-0.16467285
-0.22070312
0.36547852
0.07379150
0.15832520
0.17968750
-0.17004395
-0.14282227
0.18212891
-0.16076660
0.18103027
0.16650391
0.17565918
0.10437012
-0.17333984
-0.04541016
-0.08679199
0.07666016
0.08508301
0.11047363
-0.15734863
0.01795959
-0.00152588
0.16113281
0.19140625
0.15551758
0.07446289
0.08410645
-0.09625244
-0.06457520
-0.19750977
-0.34008789
0.09448242
-0.23913574
0.19409180
-0.06866455
-0.24633789
0.16699219
0.23437500
0.21960449
0.19921875
0.21020508
0.18933105
-0.20129395
0.19653320
-0.07189941
-0.00708008
0.08740234
0.03332520
0.09820557
0.12512207
0.02061462
-0.00860596
-0.09741211
0.13403320
0.06094360
0.11505127
-0.05664062
-0.07177734
-0.06097412
0.02316284
-0.11175537
-0.03686523
-0.01095581
0.01562500
-0.28515625
0.26831055
0.07611084
0.15478516
0.24218750
-0.19519043
-0.20117188
0.21362305
-0.19812012
0.20410156
0.19628906
0.20056152
0.05337524
-0.02229309
-0.06088257
-0.06262207
-0.00060654
-0.01068115
0.03402710
-0.08129883
0.02006531
-0.08551025
0.10406494
0.02294922
0.21643066
0.29809570
0.09136963
-0.08850098
-0.07299805
-0.18347168
-0.30957031
-0.09643555
-0.20141602
-0.15515137
0.15698242
-0.24414062
0.15063477
0.25317383
0.24218750
0.20410156
0.22949219
0.19738770
-0.21972656
0.20800781
0.04757690
-0.07885742
0.01614380
-0.05563354
0.04336548
0.07690430
0.01580811
-0.04776001
-0.03033447
0.05957031
0.07556152
0.28222656
0.05230713
0.04962158
0.00483322
-0.02120972
-0.10308838
-0.03829956
-0.00863647
-0.04101562
-0.27148438
0.30029297
0.00466919
0.12915039
0.25170898
-0.19104004
-0.20300293
0.23461914
-0.20581055
0.22277832
0.20703125
0.21813965
0.02645874
-0.04711914
-0.03363037
0.02037048
0.01777649
-0.02006531
0.00093079
0.03448486
-0.02392578
-0.10583496
0.03472900
-0.20581055
0.22692871
0.53857422
0.10528564
-0.14221191
-0.14782715
-0.19006348
-0.25512695
-0.43896484
-0.17431641
-0.77050781
0.72705078
-0.18554688
0.15563965
0.22241211
0.22058105
0.16833496
0.21154785
0.18310547
-0.20263672
0.18542480
-0.00850677
0.00491333
0.01750183
-0.01925659
-0.04287720
-0.03601074
-0.05032349
-0.00564575
0.03317261
-0.03765869
0.03967285
0.38208008
0.19946289
0.20886230
0.06872559
-0.10461426
-0.18249512
-0.04168701
0.01562500
-0.28125000
-0.21447754
0.37109375
0.00024414
0.17358398
0.20166016
-0.16943359
-0.15710449
0.21557617
-0.17614746
0.20727539
0.18322754
0.20080566
-0.12219238
0.08435059
0.04931641
0.08227539
-0.06958008
-0.08026123
0.01171875
-0.09680176
0.06414795
-0.06640625
0.06323242
0.06433105
0.10693359
0.13708496
0.06176758
-0.04483032
-0.04199219
-0.13354492
-0.23742676
0.00649261
-0.22570801
-0.00817871
0.05722046
-0.15417480
0.09155273
0.15502930
0.14550781
0.12158203
0.13354492
0.10888672
-0.12463379
0.11859131
-0.05273438
0.05456543
-0.07336426
-0.07275391
0.02569580
0.05465698
0.05139160
-0.07073975
-0.06713867
0.11260986
0.07830811
0.13220215
0.01202393
-0.01023865
-0.01208496
0.00331116
-0.09643555
0.00024414
-0.00947571
0.01428223
-0.22375488
0.23706055
0.04315186
0.09069824
0.15588379
-0.11474609
-0.12524414
0.13842773
-0.11962891
0.12597656
0.11828613
0.12396240
0.29199219
-0.71093750
0.78515625
0.94042969
-0.56396484
-0.42651367
-0.50976562
0.11376953
0.58593750
-0.67285156
-0.76855469
-2.07226562
0.75390625
2.84375000
0.62060547
-1.32226562
-1.28320312
-1.13378906
-1.24511719
-3.11523438
-0.90234375
-5.25390625
5.76562500
-0.11035156
0.59277344
-0.03826904
-0.05838013
-0.03121948
-0.05178833
-0.05090332
0.05334473
-0.05401611
-0.00195312
0.30908203
0.23144531
-0.08374023
-0.79638672
-0.17822266
0.44628906
-0.59863281
0.04101562
0.30981445
1.16796875
1.98632812
1.81347656
0.92724609
-0.30346680
-0.27148438
-0.59716797
0.36889648
0.75976562
-1.51660156
-0.45043945
0.56640625
0.19335938
1.30566406
0.00756836
-0.09613037
0.00708771
-0.05471802
0.03921509
-0.04733276
-0.05059814
-0.05160522
0.02014160
0.09436035
0.02070618
0.00416183
-0.05615234
-0.06793213
0.00868225
-0.06451416
0.02221680
-0.07574463
0.08691406
0.07238770
0.11462402
0.14147949
0.06164551
-0.01925659
-0.03259277
-0.09802246
-0.16345215
-0.00198364
-0.18518066
-0.01782227
-0.00573349
-0.15234375
0.09429932
0.17626953
0.16625977
0.13671875
0.15893555
0.13854980
-0.15185547
0.14294434
-0.06652832
0.06719971
-0.07708740
-0.04602051
0.02775574
0.05419922
0.03097534
-0.03103638
-0.03964233
0.06799316
0.02445984
0.14001465
0.00613403
0.00895691
0.01043701
-0.01215363
-0.11712646
-0.02798462
-0.02304077
-0.01620483
-0.19860840
0.30957031
0.02926636
0.06188965
0.16430664
-0.13330078
-0.13171387
0.16284180
-0.13879395
0.15502930
0.14184570
0.15087891
-0.11968994
-0.35888672
0.13024902
0.68798828
0.01559448
-0.29809570
-0.63281250
0.26757812
0.56591797
-0.71191406
-0.89453125
-2.23242188
0.63720703
2.79492188
0.63134766
-1.31347656
-1.27050781
-1.13867188
-1.25292969
-3.10351562
-0.89843750
-5.25781250
5.75781250
-0.11401367
0.59277344
-0.03814697
-0.05841064
-0.03118896
-0.05181885
-0.05090332
0.05334473
-0.05401611
0.26611328
-0.68750000
0.80859375
0.64697266
-0.97558594
-0.35351562
0.24072266
-0.54736328
0.15637207
0.20581055
1.07421875
1.80664062
1.85742188
1.06054688
-0.28125000
-0.30688477
-0.62207031
0.35229492
0.74511719
-1.54296875
-0.45629883
0.54101562
0.21289062
1.30468750
0.00878906
-0.09613037
0.00701904
-0.05474854
0.03918457
-0.04736328
-0.05056763
-0.05163574
-0.18798828
0.14831543
-0.16625977
0.16052246
0.18481445
-0.09649658
-0.31005859
0.16516113
0.26220703
-0.41137695
-0.48901367
-1.38085938
0.39599609
1.79199219
0.38061523
-0.76074219
-0.74316406
-0.69921875
-0.77490234
-1.89843750
-0.56738281
-3.28906250
3.53125000
-0.14733887
0.39306641
0.07794189
0.06744385
0.05474854
0.06488037
0.04861450
-0.05935669
0.05050659
0.02349854
-0.39501953
0.38720703
0.44995117
-0.45996094
-0.24218750
0.04260254
-0.23767090
0.09375000
0.05163574
0.56054688
1.08984375
1.12207031
0.74511719
-0.09851074
-0.23242188
-0.45117188
0.15087891
0.38745117
-1.00390625
-0.33251953
0.46484375
0.12500000
0.78710938
0.09552002
-0.12414551
-0.06402588
0.06616211
-0.05368042
0.06420898
0.05081177
0.05941772
0.02801514
-0.15161133
0.08740234
0.05307007
-0.08319092
-0.09741211
0.00404358
-0.06890869
0.05294800
-0.08215332
0.07708740
0.03814697
0.12023926
0.18688965
0.09606934
-0.07867432
-0.06860352
-0.14794922
-0.21533203
-0.06341553
-0.22082520
-0.10339355
0.12231445
-0.14550781
0.10095215
0.15808105
0.14770508
0.12347412
0.13830566
0.11480713
-0.13000488
0.12274170
0.09698486
0.04431152
0.04577637
-0.01329803
-0.03570557
0.01214600
0.06109619
-0.06958008
-0.05493164
0.08679199
0.07006836
0.16967773
0.04739380
0.02816772
-0.00411987
-0.02984619
-0.14843750
-0.02310181
-0.01211548
-0.04385376
-0.22668457
0.30200195
0.03424072
0.09436035
0.15380859
-0.12048340
-0.12463379
0.14257812
-0.12286377
0.13232422
0.12249756
0.12915039
-0.07452393
-0.18151855
0.11962891
0.09039307
-0.13317871
-0.10394287
0.03482056
-0.07135010
0.00151062
-0.02468872
0.18872070
0.23461914
0.15234375
-0.04327393
0.02326965
0.02117920
0.03521729
-0.06390381
-0.19055176
0.23559570
-0.13537598
0.43359375
-0.44140625
-0.18017578
0.07580566
0.19494629
0.18322754
0.15893555
0.17504883
0.15441895
-0.16772461
0.16101074
0.11914062
-0.09985352
0.06274414
-0.03503418
-0.00463867
0.04803467
0.07543945
-0.06231689
-0.06384277
0.06890869
0.05987549
0.11437988
-0.09844971
-0.08746338
-0.01792908
0.03054810
-0.04382324
-0.04934692
-0.05999756
0.12298584
-0.22058105
0.25341797
0.00341797
0.00906372
0.18811035
-0.14355469
-0.15747070
0.17871094
-0.15930176
0.17028809
0.16015625
0.16625977
0.01724243
-0.00868225
0.06933594
0.04226685
-0.09045410
0.08410645
0.09484863
-0.05627441
-0.09246826
0.01599121
0.03958130
-0.12866211
-0.03115845
0.25903320
-0.01214600
0.03103638
-0.03466797
-0.04669189
-0.14306641
-0.28784180
-0.10449219
-0.51855469
0.48706055
-0.08850098
0.08355713
0.15234375
0.16125488
0.09826660
0.14782715
0.11254883
-0.13854980
0.11834717
0.04077148
-0.00148201
0.07043457
-0.00990295
0.00700378
-0.01306915
-0.01666260
0.05813599
-0.02548218
-0.10589600
-0.09545898
0.00576782
0.11157227
0.23828125
0.12646484
-0.05902100
-0.11285400
-0.01698303
-0.02398682
-0.28149414
-0.12475586
0.29492188
-0.03186035
0.10449219
0.11358643
-0.09246826
-0.08831787
0.15368652
-0.10632324
0.14062500
0.11535645
0.13598633
-0.02441406
0.02047729
0.00573730
0.04119873
-0.03671265
-0.06198120
-0.00394821
-0.02560425
0.01773071
-0.07415771
0.13000488
0.09619141
0.14978027
0.08666992
0.04980469
-0.01495361
-0.00549316
-0.10040283
-0.18005371
0.08496094
-0.15576172
0.09777832
-0.14184570
-0.19262695
0.10839844
0.21630859
0.20642090
0.17260742
0.19946289
0.18322754
-0.19274902
0.18383789
-0.06439209
-0.12622070
0.08679199
0.02070618
-0.03939819
-0.03195190
0.01956177
-0.05020142
-0.02450562
0.02416992
0.03952026
0.14611816
-0.03057861
-0.01739502
-0.00093842
-0.00321960
-0.10913086
-0.06481934
-0.05279541
-0.00698853
-0.21618652
0.30322266
0.04681396
0.05114746
0.20495605
-0.16894531
-0.16308594
0.20275879
-0.17712402
0.19628906
0.18237305
0.19201660
-0.04342651
-0.11468506
0.02409363
-0.10510254
0.07049561
0.05911255
-0.00063324
0.04690552
0.01301575
-0.12780762
-0.14453125
-0.59619141
0.14257812
0.70800781
0.13818359
-0.21691895
-0.22790527
-0.28222656
-0.33862305
-0.69238281
-0.21948242
-1.21582031
1.22363281
-0.18200684
0.19128418
0.18884277
0.18469238
0.13977051
0.17407227
0.14404297
-0.16528320
0.15039062
0.07202148
0.03613281
-0.05908203
-0.01817322
0.06567383
-0.03137207
-0.01861572
-0.01219940
0.02963257
-0.09802246
0.11895752
0.35961914
0.44726562
0.44921875
0.06896973
-0.13366699
-0.22326660
-0.01556396
0.06280518
-0.40039062
-0.22314453
0.33081055
0.01684570
0.27368164
0.18383789
-0.15087891
-0.13586426
0.17871094
-0.14453125
0.16906738
0.14904785
0.16406250
0.02108765
0.14270020
-0.04046631
0.03985596
0.05200195
-0.06573486
-0.05062866
-0.01774597
0.07940674
-0.16186523
-0.01278687
-0.38989258
0.24145508
0.67041016
0.14050293
-0.29663086
-0.27514648
-0.30395508
-0.31103516
-0.63867188
-0.33691406
-1.25781250
1.38281250
-0.07257080
0.22509766
0.05029297
0.04583740
0.05255127
0.05697632
0.08850098
-0.05969238
0.06286621
-0.07720947
-0.08563232
0.05108643
0.00614548
0.01904297
-0.03250122
-0.01016235
-0.04574585
0.00260925
0.02789307
0.16271973
0.39111328
0.31787109
0.23059082
-0.12585449
-0.05010986
-0.24816895
0.01843262
0.15979004
-0.48535156
-0.17541504
0.41333008
0.19335938
0.37841797
0.04089355
-0.12036133
-0.04089355
0.05303955
-0.05792236
0.06530762
0.06182861
0.06112671
0.16027832
0.25439453
-0.21887207
0.07666016
0.00238037
-0.11450195
-0.04742432
-0.10229492
0.08557129
-0.12280273
0.21325684
0.15966797
0.33349609
0.20727539
0.01118469
-0.05831909
-0.09375000
-0.10522461
-0.12402344
0.00158691
-0.26318359
-0.01562500
0.04913330
-0.06945801
0.14172363
0.08209229
0.07934570
0.08850098
0.09197998
0.13061523
-0.09576416
0.10186768
0.09545898
0.20251465
-0.00061035
0.16052246
-0.14807129
-0.06561279
0.06243896
-0.10583496
-0.07635498
0.11022949
0.16296387
0.31250000
-0.04077148
-0.11859131
-0.15307617
0.08435059
-0.07739258
0.02276611
0.08325195
-0.12182617
-0.11273193
0.40185547
0.09155273
0.14306641
0.05792236
-0.14184570
-0.07214355
0.08770752
-0.09515381
0.10119629
0.10064697
0.09747314
0.07299805
0.07830811
-0.14086914
-0.02256775
0.09326172
0.01100159
0.00166321
-0.03475952
0.02210999
-0.14672852
0.00360107
-0.25512695
0.14208984
0.44067383
0.05615234
-0.11065674
-0.14819336
-0.14221191
-0.21984863
-0.33300781
-0.28100586
-0.71630859
0.73144531
-0.09466553
0.15783691
0.12890625
0.12384033
0.09033203
0.12951660
0.13525391
-0.12670898
0.11645508
0.11950684
0.17895508
-0.04522705
0.07080078
-0.02317810
-0.02706909
-0.06057739
-0.02429199
-0.02648926
-0.00708008
0.11419678
0.25952148
0.22827148
0.20385742
-0.04406738
-0.02117920
-0.19360352
0.03149414
0.08703613
-0.31054688
-0.16625977
0.42626953
0.11022949
0.23193359
0.08947754
-0.12756348
-0.06915283
0.12890625
-0.10144043
0.13415527
0.11273193
0.12683105
-0.11389160
-0.13513184
-0.12292480
-0.05987549
0.09924316
-0.05364990
-0.00688934
-0.09307861
0.02395630
-0.03735352
0.16674805
0.13916016
0.13281250
0.05493164
-0.01705933
0.04962158
0.00849915
-0.00901794
-0.15466309
0.10681152
-0.17712402
0.17358398
-0.18090820
-0.15832520
0.11791992
0.21118164
0.20434570
0.16320801
0.20043945
0.18310547
-0.19323730
0.18078613
0.07409668
0.16516113
-0.17651367
0.12817383
-0.15820312
-0.03521729
0.08740234
-0.07891846
-0.10260010
0.04714966
0.10180664
0.15551758
-0.00970459
-0.01905823
-0.00643539
0.04376221
-0.07232666
0.00628662
-0.02032471
0.00747681
-0.17517090
0.37500000
-0.00024414
0.08679199
0.17626953
-0.16369629
-0.14990234
0.20361328
-0.17028809
0.19824219
0.17773438
0.19213867
-0.00650024
-0.02389526
0.07592773
0.03234863
0.04504395
0.12304688
-0.02383423
0.15454102
0.02499390
-0.15466309
-0.08581543
-0.17919922
0.07861328
0.23095703
0.11669922
-0.08831787
-0.04394531
-0.18298340
-0.32128906
-0.04489136
-0.18395996
-0.15747070
0.10516357
-0.21252441
0.10327148
0.21777344
0.20007324
0.15869141
0.18603516
0.14404297
-0.17431641
0.16064453
-0.10235596
-0.11737061
0.04922485
-0.15539551
0.11914062
-0.04681396
-0.10791016
-0.02493286
0.08306885
-0.06640625
0.10760498
0.18310547
0.16064453
0.15673828
0.04458618
-0.07275391
-0.15869141
-0.07128906
-0.04962158
-0.01000214
-0.30541992
0.26123047
0.02720642
0.09448242
0.21569824
-0.13647461
-0.16052246
0.19262695
-0.15856934
0.17785645
0.15942383
0.17260742
0.02078247
0.10546875
0.00756836
0.13903809
-0.11016846
0.12084961
0.03189087
0.10577393
0.00120544
-0.11993408
-0.22631836
-0.69531250
0.03723145
0.65576172
0.17504883
-0.24023438
-0.24572754
-0.31201172
-0.37866211
-0.69628906
-0.25854492
-1.20898438
1.23046875
-0.17956543
0.18969727
0.18603516
0.18139648
0.13464355
0.16894531
0.13403320
-0.15917969
0.14306641
0.03765869
0.06335449
0.13110352
-0.12365723
0.14453125
0.06402588
-0.09149170
0.03997803
0.08374023
-0.15563965
0.08557129
0.21179199
0.50195312
0.55322266
0.07525635
-0.16198730
-0.26586914
-0.01562500
0.06481934
-0.38745117
-0.25195312
0.31689453
0.01806641
0.28662109
0.17907715
-0.14245605
-0.13305664
0.17407227
-0.13818359
0.16259766
0.14160156
0.15747070
0.09558105
0.01849365
0.03546143
0.00593567
0.04873657
0.05761719
-0.03083801
0.04016113
0.06695557
-0.09960938
0.12609863
0.14770508
0.21020508
0.03833008
0.00317383
0.00218201
0.00261688
-0.08654785
-0.16662598
0.16442871
-0.19177246
0.21899414
-0.20812988
-0.16821289
0.11071777
0.16174316
0.15246582
0.14282227
0.14660645
0.14123535
-0.14123535
0.14147949
0.03668213
-0.06872559
0.03170776
0.00807953
0.00888062
-0.03350830
0.00096130
-0.06701660
0.00885010
0.02510071
0.12335205
0.19274902
-0.07263184
-0.11877441
-0.05538940
0.05722046
-0.05032349
-0.02719116
-0.03945923
0.05456543
-0.19018555
0.25048828
0.08142090
0.06896973
0.16699219
-0.14855957
-0.14294434
0.14868164
-0.14233398
0.14318848
0.14135742
0.14147949
0.06170654
0.09790039
0.07501221
-0.01817322
0.09344482
0.01824951
-0.04339600
0.02972412
0.03002930
-0.05532837
0.09802246
0.08300781
0.19250488
0.02252197
-0.00348282
0.02796936
0.03622437
-0.03872681
-0.17626953
0.17114258
-0.14147949
0.26855469
-0.32299805
-0.17321777
0.08264160
0.17980957
0.16699219
0.14685059
0.16125488
0.14453125
-0.15478516
0.14929199
0.09149170
-0.05599976
0.01666260
-0.00692368
-0.00941467
-0.05514526
0.01914978
-0.03338623
-0.03494263
-0.01492310
0.14440918
0.20239258
-0.02114868
-0.04571533
-0.00962067
0.02861023
-0.01940918
-0.03289795
-0.04611206
0.10040283
-0.21728516
0.27685547
0.00195312
0.02749634
0.17663574
-0.13732910
-0.14562988
0.16430664
-0.14758301
0.15783691
0.14843750
0.15380859
-0.06173706
-0.00561523
-0.04373169
0.12561035
-0.04861450
0.06463623
0.00718689
0.09338379
0.00490570
-0.04705811
-0.05328369
-0.17419434
-0.03790283
0.22253418
0.05068970
-0.02946472
-0.03680420
-0.12194824
-0.27441406
-0.15576172
-0.16748047
-0.31494141
0.31274414
-0.17797852
0.10943604
0.20642090
0.20361328
0.14953613
0.18505859
0.13940430
-0.17248535
0.15588379
0.02122498
0.10058594
0.07452393
-0.00878906
0.08721924
0.09497070
-0.02304077
-0.01495361
0.03189087
-0.08831787
0.02189636
0.05578613
0.15588379
0.24108887
0.08715820
-0.04846191
-0.12707520
-0.02520752
-0.04568481
-0.11047363
-0.23535156
0.24902344
-0.00537109
0.11877441
0.19189453
-0.13073730
-0.15039062
0.19262695
-0.15173340
0.17382812
0.15405273
0.17028809
-0.07641602
0.11358643
-0.01446533
0.05535889
0.00750732
0.09118652
-0.02764893
0.08935547
0.04516602
-0.08618164
0.07824707
0.03845215
0.17382812
0.11340332
0.05950928
-0.03939819
-0.00433350
-0.12200928
-0.22558594
0.08789062
-0.17553711
0.08917236
-0.09924316
-0.18725586
0.09533691
0.19726562
0.18908691
0.14990234
0.17871094
0.15661621
-0.17053223
0.15954590
0.06829834
0.11444092
0.09765625
-0.05200195
0.08941650
0.00418091
-0.02914429
-0.03350830
0.01631165
-0.03448486
0.13769531
0.20422363
0.02511597
-0.00347900
-0.00830078
0.00199890
-0.10247803
-0.06445312
-0.06188965
0.01272583
-0.23901367
0.30297852
0.04656982
0.06286621
0.18896484
-0.14184570
-0.14318848
0.18334961
-0.15344238
0.17370605
0.15808105
0.16906738
-0.05972290
0.12988281
-0.00064087
-0.01354218
-0.05157471
0.06982422
0.02037048
0.04031372
0.04071045
-0.13745117
-0.09753418
-0.51562500
0.13061523
0.59667969
0.16064453
-0.28735352
-0.24890137
-0.30444336
-0.31982422
-0.61718750
-0.33154297
-1.26757812
1.37988281
-0.07763672
0.22473145
0.05120850
0.04608154
0.05230713
0.05715942
0.08831787
-0.05978394
0.06280518
0.05328369
0.10400391
0.06518555
-0.03796387
-0.02011108
-0.02247620
-0.04745483
-0.02801514
0.06823730
-0.08984375
0.13073730
0.19750977
0.37719727
0.38159180
-0.09899902
-0.08905029
-0.27441406
-0.00439453
0.14208984
-0.51171875
-0.18591309
0.38354492
0.21801758
0.37768555
0.04309082
-0.11993408
-0.04061890
0.05328369
-0.05773926
0.06555176
0.06170654
0.06115723
-0.05432129
-0.04800415
-0.10095215
0.07312012
-0.00071716
0.08728027
-0.02951050
0.04141235
0.02560425
-0.05371094
0.00918579
-0.16552734
0.07849121
0.21130371
0.08239746
-0.08575439
-0.03775024
-0.11773682
-0.21582031
-0.10968018
-0.17248535
-0.35498047
0.28588867
-0.18286133
0.10681152
0.20678711
0.19982910
0.15087891
0.19335938
0.17565918
-0.18530273
0.17150879
-0.05426025
0.19799805
0.09112549
-0.05206299
0.05505371
-0.00153351
-0.02261353
-0.02439880
0.00874329
-0.06317139
0.09790039
0.14611816
0.13122559
0.15759277
0.01930237
-0.05874634
-0.16687012
-0.06048584
-0.03341675
-0.15930176
-0.24304199
0.30932617
0.11352539
0.09191895
0.18872070
-0.15039062
-0.13488770
0.19641113
-0.16003418
0.19091797
0.16845703
0.18408203
0.04708862
-0.14172363
-0.11230469
0.06469727
-0.02780151
0.08856201
-0.05218506
0.07153320
0.06591797
-0.09411621
0.01403809
-0.07873535
0.17431641
0.15490723
0.05670166
-0.08557129
-0.05053711
-0.14477539
-0.26489258
0.00193787
-0.19677734
-0.05865479
0.08978271
-0.21301270
0.15380859
0.20825195
0.19738770
0.17419434
0.19201660
0.18444824
-0.18603516
0.18139648
-0.09240723
0.08502197
0.03683472
-0.02687073
0.08837891
0.00112152
-0.04931641
-0.03436279
0.02261353
-0.01136017
0.17553711
0.21313477
0.09851074
0.03082275
-0.05249023
0.00128174
-0.10809326
-0.04605103
-0.02560425
-0.05590820
-0.24267578
0.28466797
0.08129883
0.13964844
0.20910645
-0.18249512
-0.16809082
0.19409180
-0.17785645
0.18981934
0.18041992
0.18554688
0.10571289
-0.19104004
-0.16979980
0.13793945
-0.05233765
0.09967041
-0.07049561
0.07232666
0.07568359
-0.04876709
0.16540527
0.19018555
0.25146484
-0.01324463
-0.01641846
0.05364990
0.05761719
-0.01861572
-0.08782959
0.24987793
-0.11859131
0.39990234
-0.45214844
-0.14648438
0.07482910
0.18066406
0.17663574
0.15026855
0.17285156
0.17272949
-0.16906738
0.16406250
0.03555298
-0.08428955
-0.06262207
-0.00384521
0.13647461
0.02435303
-0.04132080
-0.06799316
-0.01113892
0.00365067
0.20043945
0.25292969
-0.07495117
-0.15466309
-0.04180908
0.07678223
-0.02212524
-0.05523682
-0.07092285
0.07464600
-0.15405273
0.32690430
0.02026367
-0.01464844
0.16040039
-0.15551758
-0.13757324
0.17456055
-0.15637207
0.17224121
0.16247559
0.16857910
-0.00521851
0.03039551
0.09875488
-0.17382812
0.08264160
-0.10852051
0.09997559
-0.01538086
-0.08410645
0.02114868
-0.31665039
-0.95703125
-0.17578125
0.71679688
0.17565918
-0.29736328
-0.31347656
-0.37744141
-0.42431641
-1.03125000
-0.28808594
-1.88476562
1.95312500
-0.13427734
0.23876953
0.11889648
0.11621094
0.08258057
0.11090088
0.08953857
-0.10498047
0.09155273
-0.09411621
0.16235352
0.07458496
-0.01559448
-0.17834473
0.03021240
0.03405762
0.10577393
0.05661011
-0.24194336
-0.11596680
-0.15991211
0.63085938
0.91308594
0.09790039
-0.24035645
-0.33935547
-0.01049805
0.13085938
-0.68896484
-0.23095703
0.30224609
0.10351562
0.42382812
0.11645508
-0.11566162
-0.08032227
0.11364746
-0.08679199
0.10894775
0.09057617
0.10394287
-0.13415527
0.11981201
0.05664062
-0.03784180
-0.07208252
-0.01634216
-0.01800537
0.05981445
0.02816772
-0.04922485
0.02969360
0.04876709
0.10168457
0.03189087
0.01818848
0.02795410
0.06884766
-0.06402588
-0.20751953
0.17333984
-0.16186523
0.20214844
-0.23266602
-0.22216797
0.09924316
0.23425293
0.21911621
0.18054199
0.20605469
0.16882324
-0.19445801
0.18310547
0.04202271
-0.04739380
-0.03811646
0.00447083
0.00610352
0.04580688
-0.03588867
0.03274536
0.02511597
-0.04138184
0.11206055
0.16528320
-0.00923157
-0.00243378
0.05511475
-0.01625061
-0.09307861
-0.07165527
-0.10461426
0.07702637
-0.27758789
0.27148438
0.05102539
0.05242920
0.23217773
-0.15734863
-0.17980957
0.21215820
-0.18090820
0.19750977
0.18200684
0.19287109
0.11718750
-0.35400391
-0.01245117
-0.76123047
0.82226562
-0.54394531
0.92578125
-0.00915527
-0.64111328
-0.40283203
-1.83886719
-3.36132812
-1.05859375
2.29882812
1.08007812
-1.57812500
-1.40429688
-1.56152344
-1.75585938
-3.52734375
-1.09277344
-6.07421875
6.87109375
-0.14672852
0.72558594
-0.11035156
-0.14086914
-0.09173584
-0.13513184
-0.13415527
0.13671875
-0.13317871
-0.01644897
0.30151367
0.82861328
-0.68750000
-0.92919922
0.28735352
0.28466797
0.86914062
0.62744141
-0.99462891
-0.72851562
-0.89062500
2.27539062
2.81250000
-0.00732422
-0.92480469
-1.21386719
0.16308594
0.73876953
-2.15234375
-0.67626953
0.25781250
0.48437500
1.65527344
-0.02783203
-0.06567383
0.05139160
-0.13806152
0.10791016
-0.13134766
-0.12744141
-0.13403320
-0.02006531
-0.01498413
0.02264404
-0.06732178
0.06536865
-0.07556152
0.03247070
0.01390076
-0.02194214
0.03485107
-0.13012695
-0.50537109
-0.04833984
0.38232422
0.08496094
-0.12646484
-0.16271973
-0.22924805
-0.27392578
-0.50585938
-0.21655273
-0.86816406
0.89746094
-0.13037109
0.18322754
0.14282227
0.13940430
0.11334229
0.13427734
0.11688232
-0.12890625
0.11938477
0.00926971
-0.00484467
0.03286743
-0.05352783
-0.04742432
-0.00137329
0.02099609
0.04498291
0.02490234
-0.14611816
-0.00500488
-0.05285645
0.36840820
0.53417969
0.06665039
-0.10559082
-0.20520020
-0.02551270
0.05111694
-0.35107422
-0.17749023
0.30834961
0.00830078
0.25244141
0.13098145
-0.13415527
-0.11096191
0.13671875
-0.11590576
0.13220215
0.11846924
0.12817383
-0.02534485
0.14733887
0.06768799
0.00105572
0.03059387
-0.00741577
0.02772522
0.05816650
-0.00133896
-0.06155396
-0.08068848
-0.41552734
0.07128906
0.42089844
0.13977051
-0.20263672
-0.15966797
-0.23120117
-0.23925781
-0.42089844
-0.26586914
-0.93359375
0.97558594
-0.07116699
0.16455078
0.05459595
0.05078125
0.04864502
0.05847168
0.08178711
-0.05990601
0.06042480
-0.04028320
0.06970215
0.00646973
0.05752563
-0.01004791
0.06567383
-0.00128174
-0.00161743
0.06243896
-0.12121582
0.09887695
0.07403564
0.29882812
0.36401367
-0.05123901
-0.09753418
-0.25610352
-0.04602051
0.07513428
-0.41601562
-0.16333008
0.33398438
0.19628906
0.26049805
0.04345703
-0.10095215
-0.03656006
0.05606079
-0.05413818
0.06500244
0.05917358
0.06072998
0.06152344
-0.01049805
0.07647705
-0.05676270
-0.02900696
-0.03140259
0.01617432
0.05364990
0.03086853
-0.03759766
-0.01181030
-0.15246582
0.13183594
0.15502930
0.06671143
-0.05642700
-0.02595520
-0.12634277
-0.18908691
-0.02703857
-0.16979980
-0.10668945
0.07794189
-0.17590332
0.12536621
0.19018555
0.17834473
0.15185547
0.17407227
0.16247559
-0.16845703
0.16101074
-0.01177979
0.14575195
0.05502319
0.03143311
-0.04431152
0.07788086
-0.03338623
0.02177429
0.03656006
-0.06616211
0.16088867
0.16430664
0.13732910
0.09954834
-0.00633240
-0.01797485
-0.13244629
-0.07379150
-0.04013062
-0.04742432
-0.21716309
0.32958984
0.04522705
0.09619141
0.18164062
-0.15759277
-0.14379883
0.17639160
-0.15551758
0.17248535
0.15954590
0.16760254
0.05093384
-0.13171387
0.03115845
-0.05844116
-0.03472900
-0.04150391
0.03805542
0.05975342
0.03982544
-0.07751465
-0.00231934
0.02998352
0.22448730
0.04830933
0.03527832
-0.01916504
0.01986694
-0.08697510
-0.21655273
0.18493652
-0.16735840
0.29931641
-0.24609375
-0.21362305
0.14221191
0.21301270
0.19958496
0.17919922
0.19482422
0.18420410
-0.18896484
0.18408203
0.10504150
0.07238770
0.08666992
0.01582336
-0.10211182
0.08038330
-0.05187988
0.04837036
0.05264282
-0.03790283
0.21594238
0.27294922
0.03643799
-0.11315918
-0.04260254
0.03881836
-0.06106567
-0.06866455
-0.06665039
0.08374023
-0.24157715
0.31933594
0.05230713
0.10272217
0.21276855
-0.18066406
-0.17456055
0.19702148
-0.18139648
0.19238281
0.18347168
0.18835449
0.01162720
-0.05902100
-0.03381348
-0.07031250
0.00112915
-0.00718307
0.00608063
0.07336426
0.05505371
0.04913330
0.03219604
-0.08886719
-0.03143311
0.09948730
-0.01919556
0.01899719
-0.00467682
-0.06280518
-0.18530273
-0.14038086
-0.11480713
-0.25048828
0.24829102
-0.16430664
0.11511230
0.21166992
0.21386719
0.15393066
0.19812012
0.15710449
-0.18725586
0.16821289
0.01514435
-0.01484680
0.11975098
-0.05538940
-0.12286377
-0.01122284
-0.08563232
0.02006531
0.00787354
-0.00138855
0.05761719
0.00362396
0.08776855
0.24926758
0.08734131
-0.02713013
-0.09582520
-0.03778076
-0.05609131
-0.15954590
-0.17968750
0.27539062
-0.04083252
0.10998535
0.18725586
-0.13891602
-0.14770508
0.20471191
-0.15966797
0.18920898
0.16601562
0.18505859
0.26611328
0.51416016
0.34912109
0.86328125
0.23022461
-0.04931641
-0.05505371
-0.56347656
-0.58691406
0.23486328
-1.01855469
-2.45898438
-1.08691406
1.48632812
0.68750000
-1.10156250
-1.03906250
-1.18750000
-1.35742188
-2.89062500
-0.85351562
-5.28125000
5.74218750
-0.16430664
0.59228516
-0.03607178
-0.05853271
-0.03050232
-0.05218506
-0.05056763
0.05361938
-0.05380249
-0.11975098
0.58007812
-0.74121094
0.38281250
0.94824219
-0.45971680
0.67480469
0.23193359
-0.01647949
-0.70263672
-0.95751953
-1.48339844
1.63574219
2.59179688
0.06665039
-0.78027344
-0.96044922
0.09765625
0.53173828
-1.91015625
-0.53710938
0.17968750
0.50976562
1.29980469
0.02587891
-0.09698486
0.00606537
-0.05511475
0.03872681
-0.04769897
-0.05029297
-0.05181885
0.00286865
0.04397583
-0.04333496
-0.02549744
0.03189087
-0.03305054
0.02622986
0.03964233
0.02658081
-0.03646851
0.02355957
0.07324219
0.23583984
0.03057861
-0.00924683
0.02317810
0.04498291
-0.05551147
-0.14270020
0.21203613
-0.12866211
0.28393555
-0.29516602
-0.15185547
0.07702637
0.16503906
0.16052246
0.13256836
0.15258789
0.14208984
-0.14660645
0.14074707
-0.08062744
-0.04736328
-0.00399780
-0.00394440
-0.06829834
-0.00432587
-0.04028320
0.05157471
0.04632568
-0.02944946
0.22583008
0.25830078
0.00109863
-0.12878418
-0.04296875
0.06634521
-0.03149414
-0.06475830
-0.08691406
0.06542969
-0.17578125
0.26879883
0.04626465
0.02569580
0.15490723
-0.13098145
-0.12683105
0.15588379
-0.13574219
0.14904785
0.13952637
0.14575195
-0.06970215
-0.02603149
-0.11364746
-0.00985718
0.04211426
0.11798096
-0.01986694
0.08599854
0.12145996
0.10327148
0.13574219
-0.04522705
-0.11883545
0.05859375
-0.09069824
0.05975342
0.00352478
-0.04013062
-0.13073730
-0.29394531
-0.08593750
-0.64501953
0.60400391
-0.09069824
0.07946777
0.15759277
0.16870117
0.09448242
0.15466309
0.11669922
-0.14477539
0.12078857
-0.00207520
-0.01615906
-0.00465393
-0.04922485
-0.09832764
0.01518250
-0.11816406
-0.05926514
-0.03088379
0.09552002
0.03363037
-0.15270996
0.03564453
0.38745117
0.12207031
-0.06048584
-0.13708496
-0.04391479
-0.05249023
-0.37841797
-0.13476562
0.26513672
0.01611328
0.11071777
0.11383057
-0.08728027
-0.08007812
0.16101074
-0.10522461
0.14758301
0.11730957
0.14196777
0.10192871
0.08032227
0.05291748
0.06646729
0.03353882
-0.05770874
0.01318359
-0.06652832
-0.07745361
0.01477051
-0.14990234
-0.26147461
0.03610229
0.17468262
0.11016846
-0.09466553
-0.05184937
-0.19006348
-0.28442383
-0.07324219
-0.23486328
-0.14721680
0.15698242
-0.20385742
0.12182617
0.20166016
0.18615723
0.15234375
0.17468262
0.14477539
-0.16467285
0.15441895
0.01248932
0.06732178
-0.05221558
0.06591797
0.09265137
-0.10302734
0.07202148
0.10504150
0.04901123
-0.16625977
0.04553223
0.06927490
0.20886230
0.19042969
0.02551270
-0.04824829
-0.16333008
-0.05822754
-0.04421997
-0.01585388
-0.29296875
0.30761719
0.04812622
0.12133789
0.20239258
-0.14440918
-0.15222168
0.18005371
-0.15246582
0.16821289
0.15356445
0.16345215
0.09796143
0.14233398
-0.03463745
0.05014038
0.09265137
-0.08691406
0.07141113
0.01199341
-0.01104736
-0.03698730
-0.11444092
-0.18395996
0.11523438
0.13635254
0.06787109
-0.08435059
-0.03494263
-0.13916016
-0.26220703
0.00524139
-0.18591309
-0.06817627
0.08770752
-0.21557617
0.15087891
0.21008301
0.19885254
0.17309570
0.19274902
0.18383789
-0.18652344
0.18103027
0.03399658
0.08410645
-0.11303711
-0.04895020
0.00180054
-0.01681519
0.00753784
0.07843018
0.06884766
-0.08734131
0.13378906
0.13305664
0.16357422
0.07965088
-0.03692627
-0.01464844
-0.11407471
-0.06091309
-0.04635620
-0.05566406
-0.25122070
0.28247070
0.08349609
0.13562012
0.21130371
-0.18029785
-0.16650391
0.19506836
-0.17700195
0.19042969
0.17993164
0.18591309
-0.01795959
0.00865173
0.01792908
-0.03851318
-0.09381104
0.01104736
-0.09576416
-0.07092285
-0.06451416
0.08666992
-0.17297363
-0.40332031
-0.02832031
0.23901367
0.10540771
-0.11730957
-0.09490967
-0.17089844
-0.22778320
-0.24255371
-0.23339844
-0.58593750
0.52294922
-0.09838867
0.09851074
0.08709717
0.07470703
0.06143188
0.07550049
0.07421875
-0.07238770
0.06823730
0.04373169
0.05010986
0.01425934
0.04425049
0.06805420
-0.08642578
0.06210327
0.01614380
-0.00213623
-0.18090820
-0.03662109
-0.10333252
0.28564453
0.36645508
-0.00588989
-0.07775879
-0.17932129
-0.02093506
0.02798462
-0.18981934
-0.19873047
0.28540039
0.09887695
0.14147949
0.08154297
-0.08068848
-0.05703735
0.07635498
-0.06396484
0.07708740
0.06713867
0.07244873
-0.00016856
-0.02055359
0.10327148
0.08673096
0.13952637
0.03176880
0.09259033
0.09973145
0.12060547
0.04266357
0.09991455
0.07043457
-0.00851440
-0.04074097
-0.13940430
0.12915039
0.05569458
0.05044556
-0.04058838
-0.05627441
-0.05099487
-0.13562012
0.09844971
-0.08874512
0.06494141
0.15832520
0.16833496
0.10485840
0.15466309
0.11883545
-0.14514160
0.12512207
0.00516510
0.00186825
-0.07763672
-0.00262451
0.03677368
0.07177734
-0.08441162
0.03201294
0.03839111
0.11407471
0.13427734
0.02861023
-0.03717041
0.16101074
0.07409668
0.03817749
-0.02072144
-0.00747681
-0.06198120
-0.14331055
-0.08148193
0.26269531
-0.07513428
0.05413818
0.11755371
-0.09197998
-0.09503174
0.16076660
-0.11279297
0.14733887
0.12182617
0.14257812
-0.00719452
-0.03717041
0.15698242
0.07995605
0.13537598
0.00216675
0.11718750
0.10058594
0.11206055
0.02513123
0.09674072
0.07720947
0.00903320
-0.03210449
-0.12469482
0.10815430
0.04983521
0.03002930
-0.08728027
-0.06677246
-0.06835938
-0.19580078
0.13513184
-0.10485840
0.07019043
0.17150879
0.17993164
0.11712646
0.16564941
0.12792969
-0.15563965
0.13574219
0.01245880
0.00613403
-0.01281738
0.03500366
0.07940674
0.08508301
-0.06994629
0.04937744
0.05712891
0.11596680
0.15856934
0.03387451
-0.02629089
0.16516113
0.06311035
0.03070068
-0.03698730
-0.01502228
-0.06915283
-0.18640137
-0.11956787
0.26953125
-0.04220581
0.05651855
0.13256836
-0.10241699
-0.10821533
0.17211914
-0.12451172
0.15759277
0.13281250
0.15319824
0.02423096
0.10607910
-0.09753418
-0.16540527
-0.12561035
0.12115479
-0.08361816
-0.13037109
-0.05758667
0.19128418
-0.13146973
-0.51757812
-0.31616211
0.20715332
0.11035156
-0.15124512
-0.14331055
-0.28564453
-0.38793945
-0.56005859
-0.19360352
-1.04296875
1.02929688
-0.22534180
0.18872070
0.22778320
0.21716309
0.16821289
0.20227051
0.15795898
-0.19104004
0.17382812
0.03741455
0.04150391
-0.00841522
-0.04281616
-0.08026123
-0.00628662
0.01947021
-0.04302979
-0.06494141
-0.08001709
-0.22985840
-0.47509766
0.36181641
0.77246094
0.14672852
-0.20568848
-0.27807617
-0.08953857
-0.01544189
-0.37597656
-0.28222656
0.24340820
0.02734375
0.25024414
0.22802734
-0.16284180
-0.16918945
0.20861816
-0.17028809
0.19421387
0.17285156
0.18920898
0.10949707
0.05389404
-0.04626465
-0.02365112
-0.02572632
0.04467773
-0.00553513
-0.07543945
-0.05865479
0.01939392
-0.13562012
-0.16503906
0.13122559
0.11041260
0.05435181
-0.04406738
0.00840759
-0.11108398
-0.22937012
0.10009766
-0.17285156
0.09918213
-0.11853027
-0.19555664
0.09448242
0.18908691
0.17639160
0.14855957
0.16650391
0.14636230
-0.15820312
0.15197754
0.02656555
-0.05700684
0.01144409
-0.04559326
0.02511597
-0.04708862
0.03250122
0.03103638
0.02215576
-0.10571289
0.09130859
0.14086914
0.14624023
0.02233887
-0.02000427
0.00546265
-0.07781982
-0.06109619
-0.07934570
0.05627441
-0.25561523
0.25073242
0.06677246
0.06143188
0.19238281
-0.14062500
-0.14697266
0.17065430
-0.14965820
0.16088867
0.15100098
0.15734863
0.08703613
0.10290527
-0.05484009
-0.05065918
-0.01785278
0.05059814
-0.00025177
-0.05926514
-0.01948547
0.06057739
-0.08935547
-0.11035156
0.18823242
0.06085205
0.01666260
0.01058960
0.04827881
-0.06573486
-0.16418457
0.18164062
-0.12597656
0.24157715
-0.34423828
-0.20422363
0.07989502
0.22753906
0.21777344
0.17431641
0.20776367
0.18591309
-0.19921875
0.18737793
0.07061768
-0.09741211
0.08898926
0.01885986
0.05346680
-0.05206299
0.02180481
0.01625061
0.00592041
-0.04293823
0.16027832
0.20605469
0.11987305
-0.03695679
0.00553894
0.02990723
-0.05828857
-0.09228516
-0.09893799
0.07220459
-0.25390625
0.32080078
0.03479004
0.00030518
0.21533203
-0.16149902
-0.16345215
0.21215820
-0.17956543
0.20336914
0.18554688
0.19775391
-0.04812622
-0.40283203
0.12390137
0.05053711
-0.22583008
0.56542969
-0.95312500
-0.66113281
-0.53955078
0.83398438
-0.46533203
-1.95117188
-2.07421875
1.01171875
1.03417969
-1.32910156
-1.17871094
-1.56933594
-1.81835938
-3.36523438
-1.05468750
-6.07812500
6.85156250
-0.18457031
0.72558594
-0.10949707
-0.14135742
-0.09069824
-0.13574219
-0.13366699
0.13708496
-0.13293457
-0.10815430
0.23278809
-0.81933594
-1.02441406
-1.22070312
0.24182129
-0.17309570
-0.56445312
-0.71630859
-0.67578125
-1.92187500
-2.88085938
1.41113281
3.48828125
0.31469727
-1.25585938
-1.43457031
-0.03710938
0.56738281
-2.39843750
-0.73388672
0.00976562
0.69140625
1.65136719
-0.01562500
-0.06701660
0.05004883
-0.13879395
0.10717773
-0.13183594
-0.12707520
-0.13427734
-0.02084351
0.13244629
-0.05627441
-0.02838135
-0.00420380
0.06109619
-0.02499390
-0.03970337
-0.06518555
0.08825684
-0.15905762
-0.37280273
-0.04840088
0.23352051
0.13452148
-0.15002441
-0.09417725
-0.21362305
-0.24755859
-0.28808594
-0.26171875
-0.71044922
0.73925781
-0.13037109
0.18298340
0.11730957
0.10754395
0.09863281
0.11199951
0.12329102
-0.11083984
0.10882568
0.07086182
0.01773071
0.00724792
0.01583862
-0.04650879
-0.03054810
-0.00009918
0.03680420
0.00722504
-0.10369873
0.01730347
-0.14648438
0.30371094
0.41748047
-0.01260376
-0.09436035
-0.23767090
-0.07019043
0.02700806
-0.28979492
-0.19812012
0.32958984
0.16430664
0.24853516
0.10900879
-0.13903809
-0.08886719
0.11096191
-0.10308838
0.11627197
0.10736084
0.11126709
-0.09912109
-0.01296997
-0.04278564
-0.01206207
-0.07995605
0.03439331
0.02830505
-0.04071045
-0.02275085
0.00129700
-0.13781738
-0.09753418
0.19250488
0.03936768
-0.00848389
0.02671814
0.07055664
-0.03988647
-0.17114258
0.24682617
-0.12463379
0.35595703
-0.42724609
-0.21582031
0.08050537
0.22229004
0.20654297
0.17517090
0.19531250
0.16674805
-0.18566895
0.17749023
-0.05926514
0.09777832
-0.01776123
0.01568604
0.05822754
-0.02674866
0.05001831
0.01846313
0.05819702
-0.04403687
0.15454102
0.23608398
0.08532715
-0.11657715
-0.01753235
0.05865479
-0.01140594
-0.07049561
-0.11877441
0.16650391
-0.26245117
0.27465820
0.01892090
0.00842285
0.22326660
-0.15283203
-0.17431641
0.20031738
-0.17541504
0.18859863
0.17651367
0.18408203
-0.00050354
-0.06286621
0.01163483
0.04568481
-0.01502991
0.08007812
-0.05761719
-0.08911133
-0.06079102
0.09832764
-0.14050293
-0.23059082
-0.01208496
0.11999512
0.10156250
-0.10546875
-0.04214478
-0.18798828
-0.32275391
-0.10034180
-0.20849609
-0.25244141
0.27392578
-0.21777344
0.14599609
0.21838379
0.20654297
0.16528320
0.19641113
0.17443848
-0.18737793
0.17590332
-0.07897949
0.06805420
-0.04669189
-0.03823853
-0.06347656
0.03622437
-0.00329590
-0.04141235
-0.03643799
-0.08392334
-0.01037598
-0.05041504
0.21166992
0.23022461
0.02438354
-0.07672119
-0.18322754
-0.08813477
-0.06390381
-0.14575195
-0.29907227
0.30908203
0.10192871
0.15209961
0.21362305
-0.16772461
-0.15832520
0.20056152
-0.16979980
0.19165039
0.17431641
0.18627930
0.14880371
-0.05441284
0.10290527
0.13537598
0.04254150
0.04669189
-0.04589844
-0.07666016
-0.03488159
0.11303711
-0.08630371
-0.13269043
0.02963257
0.03656006
0.02746582
-0.00774384
0.04071045
-0.10015869
-0.23522949
0.10803223
-0.15905762
0.13647461
-0.17187500
-0.21801758
0.09405518
0.21630859
0.19799805
0.16564941
0.18298340
0.14343262
-0.17114258
0.16186523
0.01382446
-0.11499023
0.03152466
0.01593018
-0.06298828
0.10357666
-0.04486084
-0.09936523
-0.06164551
-0.05676270
-0.02597046
0.04760742
0.08612061
0.04342651
0.04840088
-0.01209259
-0.08557129
-0.07208252
-0.11340332
0.10260010
-0.29833984
0.24438477
0.03710938
0.05627441
0.22387695
-0.14074707
-0.17089844
0.18933105
-0.16320801
0.17333984
0.16113281
0.16967773
-0.28955078
0.74609375
-0.01062012
0.60058594
0.96972656
-0.23999023
-0.14465332
0.10443115
0.03356934
0.74023438
0.11718750
-0.99169922
-1.74316406
0.41943359
0.64160156
-0.91162109
-0.87304688
-1.19140625
-1.40039062
-2.75585938
-0.82519531
-5.28125000
5.72656250
-0.19189453
0.59179688
-0.03485107
-0.05853271
-0.03013611
-0.05236816
-0.05035400
0.05377197
-0.05368042
0.03808594
0.21228027
0.81884766
0.72851562
0.10620117
0.39526367
-0.66162109
-0.60009766
-0.58642578
-0.03613281
-1.39257812
-2.69335938
0.90429688
2.95898438
0.25708008
-0.99462891
-1.11328125
-0.04541016
0.40771484
-2.10156250
-0.57958984
-0.02148438
0.67187500
1.29589844
0.03552246
-0.09741211
0.00553894
-0.05532837
0.03845215
-0.04791260
-0.05014038
-0.05194092
-0.06787109
0.06854248
0.02619934
-0.02650452
-0.10485840
0.02670288
-0.02101135
-0.05120850
-0.04248047
-0.00768280
-0.13806152
-0.06445312
0.22241211
0.00717163
-0.05355835
0.07958984
0.10345459
0.02934265
-0.09100342
0.32080078
-0.07757568
0.57714844
-0.62792969
-0.17736816
0.04953003
0.19116211
0.17785645
0.15551758
0.16638184
0.13818359
-0.15722656
0.15222168
0.13769531
-0.07434082
0.01408386
0.02655029
-0.04437256
-0.00331497
0.08282471
-0.00035095
0.03884888
-0.03479004
0.14038086
0.30175781
0.04687500
-0.22937012
-0.01457214
0.10046387
0.06164551
-0.03436279
-0.12017822
0.26367188
-0.20874023
0.24426270
-0.03564453
-0.04034424
0.19396973
-0.13000488
-0.15869141
0.17126465
-0.15332031
0.15832520
0.15185547
0.15563965
0.01641846
0.00621033
0.11492920
0.02389526
-0.06317139
-0.06164551
0.02349854
-0.04125977
-0.00827026
-0.04498291
-0.01641846
0.00657654
-0.07684326
-0.05230713
-0.09802246
0.06292725
0.01284790
-0.01591492
-0.12524414
-0.16699219
-0.09112549
-0.35156250
0.31591797
-0.10504150
0.09411621
0.16870117
0.17382812
0.11297607
0.16101074
0.12139893
-0.15112305
0.13061523
0.00837708
-0.01606750
-0.00698853
-0.05532837
-0.10607910
-0.05059814
0.10485840
0.09674072
0.11193848
0.07312012
0.11730957
-0.04382324
0.00592041
0.26513672
0.04959106
0.01161194
-0.09063721
-0.00527191
-0.04531860
-0.24890137
-0.12341309
0.26562500
-0.04443359
0.10571289
0.13024902
-0.10308838
-0.10473633
0.16699219
-0.11968994
0.15344238
0.12792969
0.14855957
0.28125000
-0.63330078
-0.81250000
-0.51464844
0.47900391
-0.43994141
0.21215820
0.33007812
0.20532227
0.72949219
0.34838867
-0.64599609
-1.82031250
0.20825195
0.62695312
-0.87109375
-0.83935547
-1.18945312
-1.40625000
-2.73046875
-0.81933594
-5.28515625
5.72265625
-0.19726562
0.59179688
-0.03463745
-0.05856323
-0.03005981
-0.05242920
-0.05032349
0.05380249
-0.05364990
-0.07843018
0.44726562
-0.10565186
0.79199219
0.85058594
0.14257812
-0.64306641
-0.51220703
-0.54980469
0.12988281
-1.35351562
-2.79687500
0.73437500
2.98242188
0.29101562
-1.03125000
-1.13867188
-0.07177734
0.38403320
-2.13671875
-0.58691406
-0.06054688
0.70507812
1.29394531
0.03723145
-0.09747314
0.00543976
-0.05538940
0.03839111
-0.04794312
-0.05010986
-0.05194092
0.03729248
-0.00268555
-0.12097168
-0.03762817
0.08172607
-0.05599976
-0.04156494
-0.05493164
-0.05480957
0.11364746
-0.13940430
-0.19628906
0.04846191
0.09619141
0.06372070
-0.04650879
-0.00247574
-0.12329102
-0.20837402
0.08618164
-0.18383789
0.22290039
-0.14257812
-0.17932129
0.11212158
0.15368652
0.13818359
0.13171387
0.12622070
0.10131836
-0.11822510
0.11724854
-0.11688232
0.12158203
0.01541138
0.10485840
0.02081299
0.10925293
-0.05834961
-0.13452148
-0.08551025
-0.07293701
-0.04205322
0.07391357
0.13867188
0.00990295
0.00357056
0.02400208
-0.05596924
-0.04824829
-0.07312012
0.16394043
-0.23876953
0.23059082
-0.00225830
0.10131836
0.17346191
-0.12182617
-0.14392090
0.13073730
-0.12426758
0.11804199
0.11816406
0.11718750
0.08227539
0.05282593
-0.00433350
0.08813477
0.07690430
0.04879761
-0.09014893
-0.08209229
-0.08209229
0.02600098
-0.23437500
-0.18383789
0.21765137
0.07739258
-0.00013733
0.02265930
0.07336426
-0.02679443
-0.14916992
0.30053711
-0.11029053
0.50781250
-0.57519531
-0.20178223
0.07470703
0.22924805
0.21655273
0.18176270
0.20654297
0.18408203
-0.19812012
0.18945312
-0.13159180
0.16711426
0.12707520
0.01760864
-0.15161133
0.08154297
0.02975464
-0.04138184
0.01364136
-0.05279541
0.11218262
0.28857422
0.15478516
-0.18066406
-0.03665161
0.09619141
0.01829529
-0.06683350
-0.12097168
0.20422363
-0.25170898
0.33691406
-0.01843262
-0.01708984
0.21923828
-0.16430664
-0.17565918
0.21118164
-0.18481445
0.20129395
0.18811035
0.19653320
-0.26708984
0.04980469
0.19909668
-0.91015625
-0.41186523
-0.42626953
0.50976562
0.50341797
0.35839844
0.68212891
0.57080078
-0.28662109
-1.88281250
-0.00439453
0.61035156
-0.82910156
-0.80517578
-1.18750000
-1.41308594
-2.70117188
-0.81445312
-5.28125000
5.71875000
-0.20239258
0.59179688
-0.03442383
-0.05856323
-0.02999878
-0.05245972
-0.05029297
0.05383301
-0.05364990
0.11730957
-0.77392578
-0.79443359
-0.25195312
0.88525391
-0.17907715
-0.44628906
-0.34326172
-0.46484375
0.28955078
-1.27539062
-2.85546875
0.56005859
2.99023438
0.32397461
-1.06445312
-1.16406250
-0.09863281
0.36035156
-2.16992188
-0.59472656
-0.09765625
0.73437500
1.29492188
0.03906250
-0.09759521
0.00534058
-0.05541992
0.03833008
-0.04797363
-0.05007935
-0.05197144
0.06121826
-0.13745117
-0.08917236
0.00295258
0.10357666
-0.03836060
-0.04663086
-0.04931641
-0.05059814
0.08496094
-0.15014648
-0.16296387
0.06628418
0.06762695
0.02598572
-0.01141357
0.04187012
-0.06597900
-0.16711426
0.10797119
-0.14367676
0.10980225
-0.15600586
-0.15344238
0.07275391
0.17089844
0.16027832
0.12756348
0.15075684
0.12634277
-0.14184570
0.13281250
0.10528564
0.05645752
0.00164795
0.04370117
-0.00341797
0.06317139
-0.02456665
-0.07836914
-0.03488159
-0.02850342
0.01721191
0.10046387
0.11364746
0.01368713
0.00235748
0.02908325
-0.06921387
-0.04721069
-0.08715820
0.03994751
-0.22949219
0.29125977
0.03384399
0.03762817
0.16223145
-0.11682129
-0.12402344
0.15527344
-0.12915039
0.14477539
0.13159180
0.14062500
-0.00398254
-0.07647705
-0.04483032
0.00613785
0.05316162
-0.03295898
-0.02790833
-0.01579285
-0.03753662
0.06884766
-0.15905762
-0.19067383
0.03076172
0.08020020
0.06298828
-0.05895996
0.00272369
-0.11499023
-0.22216797
0.04290771
-0.14221191
-0.00585938
0.00219727
-0.20483398
0.11804199
0.19665527
0.18554688
0.15356445
0.17639160
0.16015625
-0.16955566
0.16162109
0.04656982
0.00082397
0.00836945
0.01358795
0.00784302
0.05010986
-0.02017212
-0.05618286
-0.02752686
-0.02212524
-0.01922607
-0.00988770
0.19006348
0.09075928
-0.00192261
-0.01989746
-0.08410645
-0.09216309
-0.09069824
-0.00707245
-0.23901367
0.25683594
0.06118774
0.09277344
0.20043945
-0.15209961
-0.14855957
0.17993164
-0.15686035
0.17248535
0.16052246
0.16857910
0.24792480
0.57080078
0.76562500
-0.03369141
-0.95898438
-0.20593262
0.66552734
0.59716797
0.47998047
0.60009766
0.77685547
0.07519531
-1.92578125
-0.21704102
0.59228516
-0.78564453
-0.76953125
-1.18554688
-1.41894531
-2.67382812
-0.80859375
-5.28125000
5.71093750
-0.20776367
0.59179688
-0.03417969
-0.05856323
-0.02993774
-0.05249023
-0.05026245
0.05386353
-0.05361938
-0.15380859
0.52441406
0.28979492
-0.94384766
0.18103027
-0.41406250
-0.12487793
-0.12011719
-0.33789062
0.43408203
-1.16210938
-2.86914062
0.37841797
2.98242188
0.35595703
-1.09765625
-1.18750000
-0.12500000
0.33642578
-2.20507812
-0.60253906
-0.13476562
0.76562500
1.29296875
0.04089355
-0.09765625
0.00523376
-0.05548096
0.03829956
-0.04803467
-0.05004883
-0.05200195
0.16894531
-0.00537109
0.25292969
0.20251465
-0.48779297
-0.03637695
0.31298828
0.28930664
0.23876953
0.29394531
0.42822266
0.06738281
-1.16503906
-0.20117188
0.29882812
-0.41870117
-0.40502930
-0.70214844
-0.85546875
-1.62304688
-0.50244141
-3.32031250
3.50195312
-0.20336914
0.38720703
0.08288574
0.06933594
0.05325317
0.06579590
0.04779053
-0.05981445
0.05007935
0.08557129
0.42187500
0.33691406
-0.43261719
-0.08856201
-0.25830078
0.01296997
-0.01327515
-0.14306641
0.29248047
-0.60839844
-1.75781250
0.23925781
1.93066406
0.25537109
-0.67626953
-0.76855469
-0.13671875
0.13818359
-1.40625000
-0.42382812
0.04003906
0.46289062
0.77441406
0.11669922
-0.12084961
-0.06188965
0.06738281
-0.05258179
0.06481934
0.05023193
0.05975342
0.07946777
0.06707764
0.01086426
0.01275635
0.02954102
-0.03875732
-0.01988220
-0.03564453
-0.04675293
0.07006836
-0.16394043
-0.22204590
0.06823730
0.08441162
0.01456451
0.00695801
0.01300812
-0.01289368
-0.06750488
0.10003662
-0.11608887
0.20092773
-0.25878906
-0.07263184
0.05987549
0.07104492
0.06274414
0.06536865
0.06274414
0.06750488
-0.06176758
0.06408691
-0.04400635
-0.01814270
-0.02505493
0.03427124
0.00688934
0.02023315
-0.00440979
-0.03210449
-0.00610352
0.01229858
-0.02212524
0.02072144
0.19323730
0.01736450
-0.03564453
0.06811523
0.00410461
-0.00984192
-0.02288818
0.11987305
-0.11743164
0.27758789
-0.03796387
0.02496338
0.06933594
-0.07788086
-0.06665039
0.06317139
-0.06439209
0.06353760
0.06402588
0.06182861
-0.01745605
0.05883789
0.06488037
-0.04739380
0.03765869
0.03268433
-0.07519531
-0.04907227
-0.05050659
-0.02227783
-0.03988647
-0.00746155
-0.13134766
-0.09033203
-0.03802490
0.00529480
0.01432800
-0.08898926
-0.19921875
-0.19213867
-0.11083984
-0.51757812
0.47265625
-0.15478516
0.08740234
0.19042969
0.19445801
0.12060547
0.17846680
0.14062500
-0.16699219
0.14489746
-0.04614258
-0.03952026
-0.07696533
-0.00251770
0.08117676
0.00083160
-0.01741028
-0.02929688
0.01481628
0.03942871
0.01826477
-0.16992188
0.03875732
0.34399414
0.07177734
-0.08013916
-0.14685059
-0.06964111
-0.08502197
-0.28710938
-0.20837402
0.20849609
0.06506348
0.10455322
0.16528320
-0.11047363
-0.10705566
0.18518066
-0.13073730
0.17053223
0.14147949
0.16467285
0.08197021
0.12512207
0.12341309
-0.04272461
-0.02368164
-0.07464600
-0.00328064
0.03430176
-0.01596069
0.05813599
-0.11273193
-0.16296387
-0.00991821
-0.00150490
0.00148010
0.01316833
0.07293701
-0.05267334
-0.19555664
0.07745361
-0.11157227
0.01123047
-0.11853027
-0.22094727
0.08850098
0.25439453
0.24169922
0.18212891
0.22863770
0.19042969
-0.21679688
0.19860840
0.06097412
0.12976074
-0.00958252
-0.05374146
0.10131836
-0.02380371
-0.04211426
-0.05688477
-0.01994324
0.05355835
-0.03265381
-0.03790283
0.12548828
0.12005615
0.07073975
-0.03305054
-0.08856201
-0.09344482
-0.13024902
0.00611877
-0.28491211
0.32812500
0.02706909
0.03210449
0.23828125
-0.15942383
-0.17114258
0.23498535
-0.18872070
0.22180176
0.19604492
0.21459961
-0.00572205
-0.00750732
-0.09533691
0.14831543
-0.00819397
0.05844116
0.04962158
0.09191895
0.06970215
0.04431152
0.15283203
0.07824707
-0.50244141
-0.20654297
0.06567383
-0.10876465
-0.10375977
-0.29516602
-0.39160156
-0.62402344
-0.20019531
-1.28906250
1.27734375
-0.21289062
0.20031738
0.20422363
0.19628906
0.14672852
0.18493652
0.15161133
-0.17553711
0.15869141
-0.05502319
-0.10290527
0.01649475
0.04641724
-0.14709473
-0.07598877
0.04553223
0.03158569
-0.00093842
0.17712402
-0.18176270
-0.74462891
0.10314941
0.85839844
0.17407227
-0.28100586
-0.34936523
-0.14282227
-0.03308105
-0.56494141
-0.28662109
0.17333984
0.13769531
0.28808594
0.20385742
-0.15588379
-0.14184570
0.18969727
-0.15197754
0.17968750
0.15710449
0.17395020
0.01118469
0.01092529
0.05270386
-0.03518677
-0.00923920
-0.06567383
0.05062866
0.01977539
0.04620361
0.12951660
-0.01350403
-0.06774902
-0.34130859
-0.01242065
0.18444824
-0.19311523
-0.11193848
-0.28759766
-0.34423828
-0.51513672
-0.30297852
-1.29882812
1.35937500
-0.09918213
0.22253418
0.05505371
0.04705811
0.05133057
0.05795288
0.08770752
-0.06027222
0.06246948
0.07922363
0.16613770
0.03833008
-0.01976013
-0.05459595
-0.03259277
0.01016235
-0.04492188
-0.06463623
0.10095215
-0.16271973
-0.54833984
0.20654297
0.70898438
0.03970337
-0.23083496
-0.35327148
-0.10070801
0.06140137
-0.61523438
-0.22924805
0.25244141
0.32299805
0.37231445
0.05273438
-0.11816406
-0.03952026
0.05419922
-0.05697632
0.06646729
0.06127930
0.06155396
-0.04568481
-0.10827637
-0.05856323
0.07830811
-0.03189087
0.01379395
0.04528809
0.07452393
0.03466797
0.07446289
-0.00831604
-0.07226562
-0.16870117
-0.04693604
0.05303955
-0.03640747
0.01631165
-0.13586426
-0.22949219
-0.12237549
-0.14184570
-0.34863281
0.26464844
-0.19177246
0.14733887
0.20202637
0.18591309
0.15844727
0.17822266
0.15283203
-0.17077637
0.16186523
-0.04824829
-0.01214600
0.04846191
0.00064087
-0.07434082
-0.10693359
0.03314209
-0.02236938
-0.02392578
0.09960938
-0.09307861
-0.24938965
0.07818604
0.32275391
0.10662842
-0.10437012
-0.19116211
-0.11724854
-0.08044434
-0.15100098
-0.24938965
0.26293945
0.05059814
0.13537598
0.19970703
-0.15722656
-0.15747070
0.18200684
-0.15942383
0.17431641
0.16088867
0.16992188
-0.00567627
-0.10931396
-0.06549072
0.05020142
-0.06066895
-0.00057983
0.04843140
0.08044434
0.03359985
0.08331299
-0.10443115
-0.16198730
-0.06109619
0.03363037
0.07043457
-0.05969238
0.01123047
-0.13085938
-0.24926758
-0.00112915
-0.16491699
-0.11987305
0.08593750
-0.20251465
0.10888672
0.21020508
0.20043945
0.15283203
0.19018555
0.16955566
-0.18139648
0.16845703
-0.09136963
-0.07971191
0.04794312
0.00718689
-0.03741455
-0.08990479
0.00213242
-0.02734375
-0.04312134
0.07019043
-0.09857178
-0.11791992
0.18078613
0.17321777
0.04061890
-0.06341553
-0.14062500
-0.10443115
-0.09967041
-0.08435059
-0.27661133
0.29443359
0.08996582
0.09057617
0.20092773
-0.15075684
-0.14184570
0.19470215
-0.15930176
0.18603516
0.16613770
0.18017578
-0.09027100
0.02655029
0.07409668
-0.08557129
0.23681641
0.16235352
-0.01064301
0.07165527
0.11859131
-0.02626038
0.33349609
0.37011719
-0.67773438
-0.39501953
0.07318115
-0.12719727
-0.13232422
-0.36962891
-0.46875000
-0.87109375
-0.26367188
-1.91699219
1.87011719
-0.17041016
0.18701172
0.14331055
0.13854980
0.08160400
0.12890625
0.09692383
-0.12030029
0.09973145
0.03933716
0.16040039
-0.12622070
0.21069336
-0.10626221
0.01882935
0.17126465
0.13867188
0.07269287
0.28540039
-0.15234375
-0.95410156
-0.02990723
1.12109375
0.22253418
-0.39990234
-0.47119141
-0.15869141
-0.00756836
-0.86962891
-0.32055664
0.10839844
0.27197266
0.34814453
0.14013672
-0.10052490
-0.07366943
0.13354492
-0.08941650
0.12548828
0.09747314
0.11846924
0.06164551
0.05944824
-0.07104492
0.03497314
-0.01962280
0.03369141
0.04797363
0.09008789
0.04257202
0.06738281
-0.05566406
-0.11486816
-0.13793945
-0.01081848
0.07373047
-0.06781006
0.00747681
-0.15258789
-0.27612305
-0.07098389
-0.17370605
-0.27758789
0.23144531
-0.21215820
0.14794922
0.22045898
0.20629883
0.16821289
0.19921875
0.18225098
-0.19165039
0.18103027
0.02667236
-0.10705566
-0.01664734
0.03402710
-0.05487061
-0.09014893
0.02316284
-0.00311279
-0.03375244
0.10009766
-0.13098145
-0.23034668
0.15893555
0.26977539
0.05191040
-0.07849121
-0.16638184
-0.12152100
-0.09185791
-0.14147949
-0.28979492
0.31225586
0.09173584
0.13903809
0.21166992
-0.17382812
-0.15869141
0.20251465
-0.17370605
0.19677734
0.17907715
0.19079590
-0.06201172
-0.37695312
0.82617188
-0.94287109
1.23046875
0.61474609
0.08398438
0.54150391
0.86083984
0.39501953
1.82031250
1.54199219
-2.46093750
-1.10937500
0.79785156
-0.84570312
-0.78710938
-1.53515625
-1.88085938
-3.09375000
-0.99316406
-6.07031250
6.81640625
-0.23950195
0.72607422
-0.10827637
-0.14221191
-0.08923340
-0.13647461
-0.13281250
0.13769531
-0.13256836
-0.10089111
0.27246094
0.05914307
0.40283203
-0.16235352
0.03025818
0.96533203
0.68066406
0.25122070
0.99707031
-0.77490234
-3.11914062
-0.47998047
3.45898438
0.72851562
-1.62109375
-1.68164062
-0.32861328
0.30761719
-2.74023438
-0.81445312
-0.34765625
0.99414062
1.64355469
0.00256348
-0.06909180
0.04803467
-0.13964844
0.10607910
-0.13269043
-0.12646484
-0.13476562
-0.03921509
0.30810547
-0.05725098
0.14892578
-0.04086304
0.02824402
0.07897949
0.08709717
0.04409790
0.15942383
-0.17553711
-0.29370117
-0.11389160
0.13159180
0.16381836
-0.12176514
-0.04315186
-0.14819336
-0.18188477
-0.05126953
-0.24902344
-0.20776367
0.20458984
-0.09252930
0.16186523
0.08477783
0.07617188
0.08721924
0.08734131
0.11981201
-0.09051514
0.09594727
0.15185547
0.03857422
-0.17846680
0.07159424
-0.10369873
-0.13330078
-0.00988770
-0.12792969
-0.11572266
0.06933594
-0.19738770
-0.21618652
0.31494141
0.27441406
-0.01748657
-0.04718018
-0.18505859
-0.06762695
0.02941895
-0.16491699
-0.17370605
0.37524414
0.11926270
0.17797852
0.07177734
-0.14038086
-0.07550049
0.08386230
-0.09155273
0.09600830
0.09539795
0.09204102
-0.05645752
0.09558105
0.02679443
-0.01535034
0.04608154
0.08367920
0.01136780
0.06323242
0.05218506
0.04321289
0.00473022
-0.02032471
-0.23083496
-0.07623291
0.08972168
-0.07476807
-0.00445557
-0.16821289
-0.25463867
-0.16320801
-0.17272949
-0.49462891
0.41943359
-0.19189453
0.13891602
0.20166016
0.18872070
0.14880371
0.18469238
0.17211914
-0.17797852
0.16650391
0.02203369
0.11682129
-0.06994629
0.04458618
-0.01094055
-0.05200195
0.05194092
0.02658081
-0.01176453
0.13269043
-0.14062500
-0.34399414
0.12042236
0.36572266
0.08367920
-0.13806152
-0.22436523
-0.12475586
-0.06628418
-0.22570801
-0.26806641
0.28369141
0.12988281
0.14001465
0.19042969
-0.15930176
-0.13513184
0.18688965
-0.15649414
0.18408203
0.16406250
0.17736816
-0.05297852
-0.09136963
0.09344482
-0.07794189
0.08465576
0.14331055
0.08013916
0.13830566
0.09545898
0.08862305
-0.03250122
-0.19384766
-0.06750488
0.05691528
0.08026123
-0.07238770
0.02769470
-0.14855957
-0.30639648
0.08514404
-0.16650391
0.14428711
-0.07806396
-0.26049805
0.14880371
0.24487305
0.22778320
0.19250488
0.21472168
0.18554688
-0.20385742
0.19445801
-0.11517334
0.14746094
-0.03088379
0.05072021
-0.09143066
-0.04873657
0.07885742
0.07519531
-0.02658081
0.10052490
-0.16918945
-0.11096191
0.15100098
0.08630371
0.06604004
-0.06750488
-0.12609863
-0.13549805
-0.14746094
0.04385376
-0.33251953
0.29785156
0.06652832
0.12976074
0.25390625
-0.18188477
-0.19177246
0.21984863
-0.19311523
0.20727539
0.19372559
0.20251465
0.05599976
-0.07958984
0.05487061
-0.07287598
0.04290771
0.07128906
0.01936340
0.05300903
0.03607178
-0.02360535
0.00985718
-0.02880859
-0.18823242
-0.10333252
0.01835632
-0.03108215
0.01554871
-0.13562012
-0.27954102
-0.07922363
-0.13293457
-0.20520020
0.15490723
-0.25585938
0.13159180
0.26318359
0.25048828
0.19677734
0.23413086
0.19335938
-0.22241211
0.20581055
-0.04440308
-0.01934814
0.03091431
-0.04135132
-0.00635529
0.03079224
0.03213501
0.07800293
0.00473022
0.10156250
-0.12817383
-0.28149414
0.11914062
0.28393555
0.08966064
-0.08551025
-0.12536621
-0.12915039
-0.13305664
-0.06860352
-0.31054688
0.26855469
0.02520752
0.10449219
0.26196289
-0.17663574
-0.19274902
0.24084473
-0.20019531
0.22607422
0.20422363
0.22021484
-0.00384521
-0.01892090
0.03628540
0.01589966
-0.04516602
-0.04006958
0.02886963
-0.03356934
-0.04031372
-0.10375977
0.01562500
0.19775391
-0.30126953
-0.30371094
-0.04003906
0.00878906
0.01394653
-0.13952637
-0.23962402
-0.33154297
-0.11987305
-0.82275391
0.72070312
-0.20166016
0.14038086
0.23156738
0.22680664
0.16162109
0.21557617
0.17944336
-0.20495605
0.18334961
-0.02752686
0.04345703
0.01095581
-0.02307129
-0.01068115
0.00975037
-0.04119873
-0.00968933
-0.00694275
0.04287720
-0.05035400
-0.38623047
0.02435303
0.49145508
0.11920166
-0.17626953
-0.23437500
-0.13562012
-0.08880615
-0.40234375
-0.24902344
0.23120117
0.09545898
0.15429688
0.21252441
-0.15698242
-0.14770508
0.22070312
-0.17102051
0.21044922
0.18054199
0.20251465
-0.07293701
0.08905029
-0.08654785
0.06524658
0.03649902
0.03134155
-0.01902771
0.05703735
0.08843994
0.02609253
0.03366089
-0.06707764
-0.08306885
-0.01501465
0.02725220
-0.02748108
0.03399658
-0.11352539
-0.21337891
0.00179100
-0.16760254
-0.04931641
0.05105591
-0.16235352
0.07971191
0.16125488
0.15063477
0.11712646
0.13635254
0.10656738
-0.12609863
0.11737061
0.11126709
-0.04656982
0.01814270
-0.08837891
0.06451416
0.09191895
0.04916382
0.10546875
0.02819824
0.12817383
-0.09484863
-0.13085938
0.06848145
0.13659668
0.05673218
-0.03558350
-0.09942627
-0.07019043
-0.10467529
0.01557922
-0.27001953
0.23205566
0.05029297
0.07495117
0.16210938
-0.10589600
-0.11920166
0.14208984
-0.11651611
0.12780762
0.11657715
0.12512207
0.04815674
-0.08056641
-0.40063477
0.90283203
-0.69531250
-0.28540039
-0.67236328
-0.35961914
0.22021484
-0.29223633
1.39746094
2.02929688
-1.82714844
-1.43164062
0.45019531
-0.50244141
-0.54492188
-1.15820312
-1.44628906
-2.49804688
-0.77294922
-5.27343750
5.68750000
-0.23876953
0.59082031
-0.03289795
-0.05865479
-0.02949524
-0.05270386
-0.05004883
0.05401611
-0.05349731
-0.28784180
0.77148438
-0.71386719
-0.27783203
0.68457031
0.36376953
0.08520508
0.49194336
0.54443359
0.68066406
0.04345703
-2.02929688
-0.71972656
2.62500000
0.52441406
-1.25292969
-1.30664062
-0.28369141
0.19116211
-2.40039062
-0.64746094
-0.35937500
0.94531250
1.28808594
0.05139160
-0.09814453
0.00465393
-0.05566406
0.03802490
-0.04821777
-0.04989624
-0.05212402
-0.06210327
0.10498047
-0.06860352
-0.00553894
0.03640747
0.03417969
-0.01010895
0.04492188
0.04534912
-0.01065063
-0.02465820
-0.07531738
-0.08416748
-0.03469849
0.00543976
-0.00048065
0.05487061
-0.06860352
-0.14025879
0.00308990
-0.13403320
-0.07165527
-0.00952148
-0.15771484
0.08203125
0.18322754
0.17150879
0.13146973
0.16223145
0.13574219
-0.15368652
0.14147949
-0.03125000
-0.04913330
0.04077148
-0.04586792
0.05099487
0.07995605
0.03054810
0.05566406
0.00258255
0.10131836
-0.08691406
-0.13842773
0.07806396
0.13745117
0.06231689
-0.02276611
-0.10845947
-0.07543945
-0.08715820
-0.01603699
-0.23620605
0.30151367
0.02825928
0.04650879
0.17089844
-0.12316895
-0.12469482
0.16699219
-0.13513184
0.15747070
0.13977051
0.15234375
0.24169922
-0.77490234
0.47119141
0.80810547
-0.96533203
-0.41992188
-0.65966797
-0.47656250
0.10754395
-0.39062500
1.38281250
2.19335938
-1.77734375
-1.55468750
0.43115234
-0.46899414
-0.51855469
-1.15332031
-1.44824219
-2.47851562
-0.76855469
-5.26953125
5.68359375
-0.24169922
0.59033203
-0.03271484
-0.05865479
-0.02946472
-0.05273438
-0.05004883
0.05401611
-0.05349731
0.16357422
-0.02587891
-0.66943359
0.48901367
0.14111328
0.19323730
-0.15405273
0.37988281
0.57714844
0.62988281
0.20019531
-1.85058594
-0.83349609
2.55273438
0.53955078
-1.26562500
-1.31640625
-0.30053711
0.17529297
-2.42187500
-0.65234375
-0.38476562
0.96679688
1.28808594
0.05261230
-0.09814453
0.00458527
-0.05569458
0.03799438
-0.04824829
-0.04986572
-0.05215454
-0.00921631
-0.27099609
0.38916016
0.25097656
-0.48364258
-0.25903320
-0.28100586
-0.25097656
0.03070068
-0.27099609
0.73339844
1.35742188
-1.08105469
-1.06054688
0.19116211
-0.22558594
-0.24426270
-0.67382812
-0.86523438
-1.49902344
-0.47485352
-3.32031250
3.48242188
-0.22412109
0.38476562
0.08471680
0.07006836
0.05267334
0.06616211
0.04745483
-0.05999756
0.04992676
0.18920898
-0.32373047
-0.16113281
0.40673828
-0.10864258
0.02850342
-0.13793945
0.14404297
0.27685547
0.31396484
0.12329102
-1.11914062
-0.49584961
1.62597656
0.34375000
-0.76269531
-0.83398438
-0.23999023
0.04101562
-1.53710938
-0.45483398
-0.11718750
0.58789062
0.76855469
0.12438965
-0.11962891
-0.06115723
0.06787109
-0.05218506
0.06506348
0.05004883
0.05990601
0.10040283
-0.03607178
-0.03060913
0.04910278
-0.02189636
-0.01422119
-0.03079224
0.03237915
0.07250977
-0.00289917
0.01940918
-0.04168701
-0.11767578
-0.06188965
0.02821350
-0.01847839
0.04934692
-0.11364746
-0.19226074
-0.04693604
-0.16223145
-0.15454102
0.11676025
-0.15405273
0.08935547
0.16455078
0.15270996
0.11901855
0.14111328
0.11242676
-0.13159180
0.12152100
-0.01092529
0.15380859
-0.09381104
-0.02407837
0.08789062
0.09710693
0.05294800
0.09240723
0.02349854
0.11950684
-0.10235596
-0.16894531
0.05343628
0.17858887
0.09185791
-0.08209229
-0.15588379
-0.09759521
-0.09820557
-0.06121826
-0.27197266
0.27929688
0.04998779
0.07958984
0.16088867
-0.11151123
-0.11834717
0.14636230
-0.11968994
0.13427734
0.12072754
0.13037109
0.10461426
-0.17614746
-0.04187012
0.08105469
0.01666260
0.01864624
-0.01321411
0.03771973
0.05807495
0.02784729
-0.04785156
-0.23693848
-0.03527832
0.09393311
0.02320862
-0.01381683
0.05557251
-0.02832031
-0.15002441
0.18640137
-0.08056641
0.38281250
-0.43798828
-0.18017578
0.06173706
0.20263672
0.18969727
0.15319824
0.17871094
0.15136719
-0.16967773
0.15942383
0.09387207
0.10888672
-0.12841797
-0.05313110
0.13220215
0.11297607
0.08203125
0.08697510
-0.02667236
0.06774902
-0.19213867
-0.10949707
0.17797852
-0.02655029
0.01799011
0.03451538
-0.00862122
-0.07556152
-0.13183594
0.18945312
-0.24609375
0.32495117
-0.05456543
-0.00872803
0.19323730
-0.13244629
-0.14965820
0.18359375
-0.15527344
0.17297363
0.15783691
0.16796875
0.04309082
-0.00556183
-0.00048828
0.03924561
0.02145386
0.00976562
0.08801270
0.07574463
-0.01763916
-0.05905151
-0.10205078
0.12854004
-0.05853271
-0.28173828
-0.12536621
0.06634521
0.05050659
-0.03074646
-0.12109375
-0.18750000
-0.07269287
-0.56201172
0.48681641
-0.09838867
0.07495117
0.15722656
0.16479492
0.09350586
0.15026855
0.11004639
-0.14001465
0.11700439
-0.00999451
0.00682831
-0.09881592
-0.01849365
0.08813477
-0.08453369
0.03918457
-0.02836609
-0.09429932
-0.08935547
0.01623535
-0.00842285
-0.10003662
0.21105957
0.02009583
-0.00662231
-0.10675049
-0.03903198
-0.07971191
-0.35644531
-0.14562988
0.20007324
0.03247070
0.09521484
0.11950684
-0.08386230
-0.08148193
0.15686035
-0.10290527
0.14257812
0.11346436
0.13720703
-0.06762695
-0.09985352
0.05648804
0.04461670
-0.03298950
-0.04730225
-0.01420593
0.00159454
0.02981567
-0.03887939
-0.03436279
-0.09936523
-0.08227539
0.00125122
0.01345825
-0.00556564
0.06951904
-0.05120850
-0.14343262
0.08300781
-0.10144043
0.04321289
-0.14672852
-0.19653320
0.09295654
0.22534180
0.21301270
0.16601562
0.20336914
0.17968750
-0.19506836
0.18188477
0.01299286
-0.07995605
-0.06616211
0.01164246
0.04257202
0.05126953
0.01400757
0.05630493
0.00518036
0.06762695
-0.13159180
-0.14404297
0.12878418
0.08837891
0.04791260
-0.01425171
-0.08422852
-0.10797119
-0.12109375
0.01940918
-0.24645996
0.31567383
0.02780151
0.03186035
0.21240234
-0.15661621
-0.15429688
0.20788574
-0.17236328
0.19946289
0.17980957
0.19384766
0.06347656
-0.02499390
-0.05847168
-0.10656738
0.05346680
-0.01449585
0.00986481
-0.04760742
-0.02093506
-0.16052246
0.17700195
0.58837891
-0.42016602
-0.57080078
-0.03195190
-0.00819397
-0.01776123
-0.23168945
-0.33496094
-0.53613281
-0.16174316
-1.25488281
1.21093750
-0.20812988
0.17724609
0.19702148
0.19006348
0.13403320
0.17736816
0.14099121
-0.16723633
0.14880371
0.05517578
0.11761475
0.02549744
0.00415039
-0.08013916
-0.06530762
-0.01577759
-0.00910187
0.02468872
0.01277161
0.06091309
-0.37182617
-0.20849609
0.61279297
0.15112305
-0.25463867
-0.31860352
-0.16198730
-0.07946777
-0.59375000
-0.26782227
0.11328125
0.17700195
0.25439453
0.19750977
-0.14025879
-0.12792969
0.18286133
-0.14038086
0.17163086
0.14685059
0.16552734
-0.07244873
-0.00430298
0.06463623
0.04025269
0.01045227
-0.04882812
-0.03631592
-0.00360298
0.03247070
-0.10144043
0.14538574
0.38159180
-0.39624023
-0.34936523
0.15722656
-0.12182617
-0.03576660
-0.26806641
-0.34912109
-0.45874023
-0.28710938
-1.31054688
1.34570312
-0.10955811
0.22143555
0.05691528
0.04751587
0.05084229
0.05831909
0.08740234
-0.06048584
0.06228638
-0.03405762
-0.16638184
-0.00836182
-0.00231361
-0.05438232
0.05474854
-0.03671265
0.04895020
0.07250977
0.12915039
-0.07434082
-0.39941406
-0.04782104
0.61669922
0.10424805
-0.27514648
-0.36889648
-0.14453125
0.02038574
-0.65820312
-0.24877930
0.18798828
0.37353516
0.36938477
0.05737305
-0.11730957
-0.03897095
0.05462646
-0.05657959
0.06689453
0.06106567
0.06173706
0.12152100
0.30151367
0.15625000
0.10852051
-0.14660645
-0.09375000
-0.07421875
0.04696655
0.10620117
-0.01736450
0.02722168
-0.16625977
-0.20275879
0.07861328
0.15087891
-0.10253906
-0.01702881
-0.10144043
-0.14709473
0.03887939
-0.22998047
-0.08569336
0.03665161
-0.08319092
0.13696289
0.08984375
0.08227539
0.08575439
0.09411621
0.12878418
-0.09710693
0.10083008
-0.14147949
-0.12182617
0.15332031
0.14099121
0.02142334
0.09289551
0.02528381
0.13952637
0.04345703
0.16406250
-0.26708984
-0.30932617
0.26806641
0.22534180
-0.02774048
-0.00214195
-0.12048340
-0.03604126
0.02597046
-0.11547852
-0.17065430
0.39282227
0.09716797
0.13549805
0.06823730
-0.13708496
-0.06878662
0.09045410
-0.09301758
0.10357666
0.09942627
0.09851074
0.13024902
0.19433594
0.06933594
-0.00729370
-0.03784180
-0.02316284
0.03521729
0.02099609
0.03350830
-0.11370850
0.09539795
0.24963379
-0.26269531
-0.28125000
0.05679321
-0.04333496
0.02111816
-0.13745117
-0.23632812
-0.22155762
-0.23486328
-0.78027344
0.71044922
-0.11706543
0.15087891
0.13586426
0.12658691
0.08630371
0.13195801
0.13293457
-0.12817383
0.11517334
-0.05133057
0.01989746
0.13061523
0.07397461
-0.08831787
-0.01782227
-0.04925537
0.03686523
0.00826263
0.09301758
-0.06286621
-0.26464844
-0.05667114
0.39599609
0.04321289
-0.10400391
-0.24291992
-0.04815674
-0.00921631
-0.39770508
-0.22692871
0.29443359
0.20544434
0.22155762
0.10095215
-0.12023926
-0.06390381
0.13159180
-0.09832764
0.13659668
0.11108398
0.12805176
0.05343628
0.07739258
-0.03524780
-0.03179932
-0.17211914
-0.04824829
-0.05459595
0.05029297
0.10272217
0.00384903
-0.00057983
-0.14257812
-0.08544922
0.00868225
0.00192833
-0.00914001
0.05505371
-0.01097107
-0.13330078
0.09936523
-0.13171387
0.10559082
-0.17932129
-0.16613770
0.10461426
0.21997070
0.21057129
0.15673828
0.20434570
0.17968750
-0.19555664
0.17883301
0.12487793
0.19897461
0.21228027
0.13781738
-0.07257080
0.04235840
0.06872559
0.11126709
-0.02345276
0.06002808
-0.19531250
-0.15258789
0.10223389
0.05746460
-0.01814270
0.06555176
-0.04766846
0.00059509
-0.08111572
0.03991699
-0.21142578
0.39965820
-0.02398682
0.07073975
0.18444824
-0.15185547
-0.14123535
0.20861816
-0.16552734
0.20153809
0.17517090
0.19396973
-0.10192871
-0.11395264
-0.02000427
-0.00080872
0.11035156
-0.01239777
0.04052734
-0.15026855
-0.06372070
-0.15930176
0.13659668
0.17529297
-0.17004395
-0.19641113
-0.01372528
0.01197815
0.07458496
-0.11804199
-0.27392578
-0.03964233
-0.10815430
-0.20080566
0.10070801
-0.22070312
0.08703613
0.22497559
0.20666504
0.15258789
0.18969727
0.14086914
-0.17651367
0.15905762
-0.01117706
-0.03692627
-0.08819580
-0.15869141
-0.06359863
-0.13110352
-0.10278320
-0.04379272
0.05892944
0.05429077
0.01678467
-0.18676758
-0.05520630
0.19824219
0.12414551
-0.11376953
-0.14672852
-0.15698242
-0.17529297
-0.02330017
-0.33984375
0.22973633
0.04077148
0.07318115
0.22265625
-0.12432861
-0.15209961
0.19738770
-0.15429688
0.18029785
0.15710449
0.17419434
0.04067993
0.10705566
0.08605957
0.11022949
0.16040039
0.09393311
0.07757568
-0.07843018
-0.07476807
-0.19335938
0.19140625
0.69042969
-0.38647461
-0.66406250
-0.02871704
0.00265503
-0.00231934
-0.25732422
-0.37255859
-0.54345703
-0.19299316
-1.24511719
1.21777344
-0.20703125
0.17590332
0.19348145
0.18664551
0.12927246
0.17211914
0.13122559
-0.16113281
0.14147949
-0.01402283
-0.06066895
-0.09918213
-0.15002441
0.08557129
-0.09948730
-0.05804443
-0.08142090
0.03781128
-0.03533936
0.14794922
-0.22656250
-0.32226562
0.54394531
0.18823242
-0.28979492
-0.36206055
-0.17773438
-0.09381104
-0.58300781
-0.30493164
0.10107422
0.17968750
0.26757812
0.19262695
-0.13195801
-0.12536621
0.17822266
-0.13427734
0.16503906
0.13964844
0.15893555
0.05255127
-0.05072021
-0.00325394
0.00748444
0.00094604
-0.01695251
-0.02609253
-0.06500244
0.02139282
-0.05718994
0.03906250
-0.15173340
-0.09411621
0.10980225
0.05441284
-0.04653931
0.03588867
-0.05926514
-0.13647461
0.13964844
-0.14245605
0.17187500
-0.21691895
-0.17407227
0.09814453
0.16979980
0.15820312
0.13818359
0.14978027
0.13879395
-0.14318848
0.14013672
-0.08789062
-0.04989624
-0.04745483
0.00665283
-0.04949951
-0.06445312
-0.01641846
0.04330444
0.06408691
0.08544922
-0.17187500
-0.18945312
0.20153809
0.05932617
-0.01089478
0.03338623
-0.03540039
-0.06872559
-0.10345459
0.10235596
-0.22949219
0.28491211
0.05346680
0.05209351
0.17468262
-0.13940430
-0.13635254
0.15295410
-0.13879395
0.14562988
0.13964844
0.14294434
0.10070801
-0.00061035
-0.04211426
-0.01922607
-0.02427673
-0.04830933
-0.04669189
-0.04116821
0.04455566
-0.05108643
0.07165527
-0.08728027
-0.11865234
0.04083252
0.00843048
-0.00845337
0.03982544
-0.01559448
-0.14257812
0.13208008
-0.08728027
0.21582031
-0.32031250
-0.17504883
0.06933594
0.18713379
0.17297363
0.14160156
0.16467285
0.14184570
-0.15686035
0.14782715
-0.04504395
-0.11273193
-0.06433105
-0.00297546
-0.09075928
-0.03228760
-0.00839996
0.01739502
0.01168060
0.02598572
-0.15905762
-0.20043945
0.15307617
0.03050232
-0.00579453
0.03909302
0.01009369
-0.04837036
-0.11346436
0.14807129
-0.24414062
0.31933594
-0.04028320
0.01031494
0.18225098
-0.12695312
-0.13842773
0.16882324
-0.14379883
0.16040039
0.14660645
0.15527344
0.01028442
0.08483887
0.08331299
0.12097168
0.09393311
0.10876465
0.01881409
-0.09082031
-0.02651978
-0.09411621
0.04660034
0.17309570
-0.08563232
-0.27783203
-0.07153320
0.02418518
0.05856323
-0.09045410
-0.23242188
-0.11425781
-0.10833740
-0.35375977
0.31079102
-0.18872070
0.09490967
0.21337891
0.20971680
0.14355469
0.18847656
0.13635254
-0.17456055
0.15429688
0.06445312
0.05438232
-0.02281189
-0.03485107
0.03399658
-0.03701782
-0.01508331
-0.02655029
0.01840210
-0.03402710
0.03396606
-0.05938721
-0.13562012
0.17468262
0.07104492
-0.05130005
-0.11871338
-0.08563232
-0.15258789
-0.15307617
-0.26757812
0.19018555
0.03564453
0.10070801
0.19946289
-0.11914062
-0.14184570
0.19702148
-0.14733887
0.17626953
0.15173340
0.17187500
0.05416870
0.15563965
0.07849121
0.04330444
0.08709717
0.02832031
-0.00664520
-0.09503174
0.00515747
-0.08703613
0.07635498
-0.04269409
-0.13891602
-0.01733398
0.02305603
-0.02339172
0.06585693
-0.06976318
-0.18127441
0.07977295
-0.11535645
0.03491211
-0.10449219
-0.19262695
0.08105469
0.20483398
0.19494629
0.14404297
0.18237305
0.15344238
-0.17260742
0.15783691
0.08703613
-0.04263306
-0.05987549
-0.06243896
-0.02174377
-0.08679199
-0.03961182
-0.00802612
0.04776001
0.03216553
-0.13879395
-0.20336914
0.10736084
0.11218262
0.05548096
-0.03176880
-0.07855225
-0.11907959
-0.14770508
0.03912354
-0.27319336
0.31396484
0.03314209
0.04412842
0.19543457
-0.13085938
-0.13525391
0.18798828
-0.14929199
0.17639160
0.15576172
0.17077637
0.04223633
0.15454102
0.04595947
-0.02117920
-0.01156616
-0.00308037
0.04342651
-0.04843140
-0.04345703
-0.16223145
0.16259766
0.51171875
-0.36181641
-0.48437500
0.13635254
-0.08410645
0.00109863
-0.25659180
-0.34960938
-0.43066406
-0.27905273
-1.31445312
1.33886719
-0.11437988
0.22094727
0.05780029
0.04772949
0.05062866
0.05847168
0.08715820
-0.06060791
0.06222534
0.06793213
-0.06188965
-0.04620361
-0.03430176
0.05413818
-0.07324219
-0.02798462
0.00800323
0.06652832
0.02532959
0.01461792
-0.20825195
-0.16870117
0.51757812
0.13037109
-0.28881836
-0.37060547
-0.16430664
0.00073242
-0.67675781
-0.25781250
0.15625000
0.39697266
0.36791992
0.05960083
-0.11688232
-0.03866577
0.05487061
-0.05639648
0.06707764
0.06097412
0.06182861
-0.06274414
0.14868164
0.13586426
0.06066895
0.05444336
0.02174377
-0.01184082
-0.04791260
0.00336456
-0.08221436
0.07861328
0.16247559
-0.14892578
-0.19348145
0.00209045
0.00173950
0.08471680
-0.06817627
-0.18371582
-0.05548096
-0.11145020
-0.40332031
0.26831055
-0.19116211
0.09252930
0.21484375
0.20532227
0.14453125
0.19702148
0.17236328
-0.18750000
0.16967773
0.04418945
0.13916016
0.00518799
-0.06616211
-0.00814819
-0.08447266
-0.03524780
0.00425720
0.02684021
-0.01098633
-0.05905151
-0.14953613
-0.03500366
0.17895508
0.08465576
-0.10388184
-0.14880371
-0.11346436
-0.11779785
-0.18530273
-0.27636719
0.24304199
0.15002441
0.07342529
0.19604492
-0.13879395
-0.12646484
0.20104980
-0.15539551
0.19409180
0.16601562
0.18579102
-0.08288574
0.00427246
0.10607910
0.05767822
0.09173584
0.02464294
-0.01568604
-0.07934570
0.00860596
-0.07751465
0.14208984
0.07421875
-0.19201660
-0.05871582
0.06512451
-0.04824829
0.03558350
-0.09887695
-0.23205566
0.01901245
-0.13513184
-0.10754395
0.07836914
-0.22558594
0.13793945
0.21801758
0.20434570
0.16809082
0.19604492
0.18115234
-0.18835449
0.17968750
-0.06225586
0.16516113
0.05203247
-0.03982544
0.01327515
-0.08502197
-0.07006836
0.00036621
0.06915283
0.05459595
-0.10388184
-0.21459961
0.05670166
0.14660645
0.04162598
-0.07067871
-0.11389160
-0.11541748
-0.13049316
-0.05258179
-0.28173828
0.27001953
0.09240723
0.11785889
0.21997070
-0.17065430
-0.15979004
0.19958496
-0.17333984
0.19299316
0.17797852
0.18737793
0.05310059
-0.16735840
0.07788086
0.13415527
0.14331055
0.05001831
-0.03536987
-0.09454346
0.04318237
-0.03375244
0.08416748
-0.19543457
-0.12109375
0.15441895
0.03634644
-0.03445435
0.05749512
0.01325989
-0.05163574
0.21472168
-0.07965088
0.33666992
-0.45092773
-0.14428711
0.06280518
0.18896484
0.18237305
0.14477539
0.17651367
0.16967773
-0.17114258
0.16247559
-0.09808350
0.12487793
0.16333008
-0.03253174
0.02978516
-0.08959961
-0.07366943
0.03041077
0.06311035
0.03540039
-0.24597168
-0.24877930
0.23291016
0.01525879
-0.02642822
0.08703613
0.02255249
-0.05679321
-0.10034180
0.14770508
-0.17724609
0.39184570
-0.03930664
-0.02899170
0.16552734
-0.14514160
-0.13012695
0.17919922
-0.15222168
0.17517090
0.16015625
0.17016602
-0.09356689
0.15625000
-0.01866150
-0.17321777
-0.18933105
0.00021362
0.06390381
0.05926514
-0.08776855
-0.14624023
0.06689453
0.96044922
-0.33105469
-1.02929688
-0.05044556
0.03659058
-0.00280762
-0.31518555
-0.44116211
-0.77001953
-0.22668457
-1.90820312
1.92382812
-0.17529297
0.22937012
0.12512207
0.11944580
0.07897949
0.11291504
0.08764648
-0.10620117
0.09051514
-0.01103210
0.05346680
-0.12243652
0.02105713
-0.05291748
0.11260986
0.08410645
-0.08898926
-0.05072021
-0.19372559
0.33032227
0.13952637
-0.56542969
0.53710938
0.19470215
-0.38061523
-0.46166992
-0.20764160
-0.05187988
-0.97216797
-0.29150391
-0.03222656
0.35888672
0.40844727
0.13378906
-0.10894775
-0.07543945
0.11614990
-0.08416748
0.11041260
0.08923340
0.10491943
0.01835632
0.01770020
-0.06719971
-0.03604126
0.01762390
0.03979492
0.00511932
-0.03997803
-0.01021576
-0.06427002
0.07983398
-0.05224609
-0.06408691
-0.00344849
-0.04876709
0.02897644
0.11352539
-0.01666260
-0.14746094
0.14135742
-0.09313965
0.15173340
-0.23706055
-0.22619629
0.08166504
0.24267578
0.22631836
0.17370605
0.21020508
0.16528320
-0.19689941
0.18127441
0.13940430
-0.12768555
-0.01223755
0.01227570
0.07019043
0.02793884
-0.03979492
-0.05526733
0.03634644
0.00224304
-0.08392334
-0.16418457
0.07940674
0.03179932
0.03149414
0.01435852
-0.02230835
-0.09466553
-0.17968750
0.12646484
-0.30761719
0.30224609
0.02020264
0.03027344
0.23876953
-0.14404297
-0.17041016
0.21765137
-0.17602539
0.20043945
0.17944336
0.19482422
0.00390625
0.08837891
0.58740234
-0.88769531
-1.04980469
0.13208008
0.60839844
0.38134766
-0.84472656
-0.96484375
0.34179688
3.38085938
-0.89794922
-3.18750000
0.27954102
-0.09838867
-0.21875000
-1.41308594
-1.90625000
-2.69726562
-0.90625000
-6.02343750
6.74609375
-0.30908203
0.72558594
-0.10656738
-0.14294434
-0.08734131
-0.13757324
-0.13183594
0.13842773
-0.13195801
-0.11828613
0.45654297
-0.58447266
-0.51269531
-0.66259766
0.60107422
0.75390625
-0.78125000
-0.30126953
-0.46826172
1.94726562
0.82031250
-2.34179688
1.74609375
1.04394531
-1.82617188
-1.84375000
-0.68408203
-0.03417969
-3.13281250
-0.91113281
-0.80859375
1.38085938
1.63281250
0.02587891
-0.07165527
0.04550171
-0.14086914
0.10479736
-0.13366699
-0.12573242
-0.13537598
0.00568390
-0.01159668
0.00673676
-0.07702637
-0.05731201
-0.02143860
0.01519012
0.00674438
-0.03201294
-0.07202148
0.06384277
0.50683594
-0.23120117
-0.59472656
-0.04306030
0.01837158
0.01824951
-0.18139648
-0.27099609
-0.37353516
-0.16943359
-0.90820312
0.88867188
-0.15466309
0.17309570
0.15002441
0.14379883
0.10900879
0.13696289
0.11462402
-0.13049316
0.11810303
0.02136230
0.01065826
-0.03936768
-0.03833008
-0.05691528
0.07250977
0.03555298
-0.04660034
-0.00879669
-0.13183594
0.11352539
0.04223633
-0.29101562
0.27807617
0.09906006
-0.16369629
-0.26123047
-0.14245605
-0.06384277
-0.48925781
-0.22277832
0.15185547
0.12622070
0.23828125
0.14416504
-0.12597656
-0.10510254
0.14013672
-0.11279297
0.13427734
0.11682129
0.12939453
-0.04403687
0.13305664
-0.04397583
0.01304626
-0.01482391
0.06127930
0.02371216
-0.05322266
-0.05670166
-0.12683105
0.12646484
0.41406250
-0.26416016
-0.43481445
0.08483887
-0.03027344
0.05493164
-0.17224121
-0.24914551
-0.27246094
-0.22070312
-0.97753906
0.94140625
-0.09661865
0.16088867
0.06011963
0.05224609
0.04684448
0.05975342
0.08056641
-0.06069946
0.05978394
0.01805115
-0.09393311
-0.05187988
0.05606079
-0.02859497
0.02462769
0.01441956
-0.02349854
0.02618408
-0.04873657
0.01702881
-0.08276367
-0.15661621
0.34692383
0.12231445
-0.22277832
-0.29687500
-0.16088867
-0.02795410
-0.52539062
-0.22033691
0.16552734
0.32250977
0.25219727
0.05548096
-0.09777832
-0.03442383
0.05755615
-0.05279541
0.06640625
0.05838013
0.06130981
-0.00103760
0.12176514
-0.01641846
-0.04895020
-0.03906250
0.06671143
0.03204346
-0.03912354
-0.01931763
-0.07220459
0.14331055
0.14904785
-0.19042969
-0.12634277
0.02294922
-0.01612854
0.07012939
-0.06848145
-0.15673828
-0.01116943
-0.11480713
-0.16259766
0.07135010
-0.18457031
0.11157227
0.19860840
0.18432617
0.14624023
0.17773438
0.15930176
-0.17053223
0.15930176
-0.06262207
0.08087158
-0.09277344
0.04263306
0.03573608
0.05102539
-0.01864624
-0.04266357
0.04379272
-0.02394104
-0.07421875
-0.16748047
-0.00091553
0.13427734
0.06298828
-0.05697632
-0.11523438
-0.12927246
-0.11315918
-0.05346680
-0.25048828
0.30566406
0.05508423
0.07843018
0.19042969
-0.14672852
-0.13623047
0.18103027
-0.15136719
0.17529297
0.15734863
0.16906738
0.11218262
-0.00177002
0.03814697
-0.05386353
-0.09521484
0.06640625
0.06057739
-0.03323364
-0.02983093
-0.08288574
0.18518066
-0.03573608
-0.18237305
0.10241699
0.05010986
-0.04293823
0.05584717
-0.03771973
-0.17114258
0.15026855
-0.10681152
0.23901367
-0.25097656
-0.22290039
0.12597656
0.22265625
0.20654297
0.17309570
0.19897461
0.18078613
-0.19128418
0.18225098
-0.03210449
0.15026855
-0.08386230
0.02764893
0.05065918
0.06140137
-0.02175903
-0.06933594
0.05889893
0.02371216
-0.11108398
-0.27246094
0.13586426
0.06817627
0.02340698
0.00541687
-0.03167725
-0.10424805
-0.14855957
0.13647461
-0.27392578
0.36669922
0.01953125
0.08123779
0.22253418
-0.16870117
-0.16613770
0.20263672
-0.17675781
0.19555664
0.18090820
0.19006348
0.01690674
-0.04199219
0.10778809
-0.08032227
-0.12145996
-0.01272583
0.05288696
-0.05767822
0.01705933
0.03558350
0.03222656
0.08874512
-0.04119873
-0.26318359
-0.08941650
0.03311157
0.06121826
-0.03347778
-0.14685059
-0.08465576
-0.07000732
-0.29443359
0.25146484
-0.17431641
0.10095215
0.21899414
0.21997070
0.14721680
0.20190430
0.15380859
-0.18933105
0.16638184
-0.00886536
0.04409790
-0.06216431
-0.03948975
0.01861572
0.00394440
-0.06756592
-0.04959106
0.05291748
-0.03393555
-0.05761719
-0.00548553
-0.08361816
0.05224609
0.00346375
0.00090027
-0.07397461
-0.06518555
-0.12609863
-0.19494629
-0.20141602
0.22741699
-0.00781250
0.09326172
0.19519043
-0.12707520
-0.13867188
0.20935059
-0.15502930
0.19201660
0.16345215
0.18664551
-0.07214355
0.75781250
-0.76708984
0.92431641
0.89892578
-0.45654297
-0.42285156
0.60839844
-0.24255371
-0.29638672
-0.28222656
2.48828125
-0.41943359
-2.82226562
0.10888672
0.04296875
-0.12060547
-1.06054688
-1.45703125
-2.16601562
-0.70605469
-5.23046875
5.62890625
-0.29150391
0.58886719
-0.03057861
-0.05868530
-0.02874756
-0.05307007
-0.04971313
0.05426025
-0.05328369
-0.28271484
-0.16259766
0.28662109
0.19421387
-0.37915039
-0.07482910
0.52929688
0.03204346
-0.53466797
-0.67919922
1.36914062
1.43066406
-1.91796875
0.98632812
0.68261719
-1.34863281
-1.41015625
-0.54296875
-0.06250000
-2.70703125
-0.72021484
-0.74804688
1.26074219
1.27636719
0.06970215
-0.09887695
0.00362396
-0.05606079
0.03747559
-0.04858398
-0.04959106
-0.05236816
-0.07891846
-0.01959229
0.02822876
-0.02577209
-0.07250977
-0.01296997
0.04431152
-0.01368713
-0.02998352
-0.04681396
0.18005371
-0.07867432
-0.16479492
0.12097168
0.03924561
-0.04254150
0.05447388
-0.01303864
-0.09539795
0.18176270
-0.08447266
0.23266602
-0.29858398
-0.15368652
0.06530762
0.17211914
0.16577148
0.12756348
0.15576172
0.13940430
-0.14843750
0.13916016
-0.01666260
-0.06158447
0.03311157
0.00147247
-0.02053833
0.03070068
-0.01876831
-0.06359863
0.04418945
0.00258064
-0.13830566
-0.25683594
0.16857910
0.05361938
-0.01977539
0.05587769
0.00706482
-0.08428955
-0.13720703
0.12731934
-0.20080566
0.31445312
0.00720215
0.01058960
0.16015625
-0.12170410
-0.11999512
0.15991211
-0.13208008
0.15148926
0.13757324
0.14709473
-0.01405334
-0.02688599
0.07818604
-0.01992798
-0.10388184
0.04602051
0.04959106
-0.10302734
0.08105469
0.14062500
-0.04241943
0.04843140
0.05706787
-0.39160156
-0.14099121
0.08343506
0.09503174
-0.01096344
-0.09832764
-0.16333008
-0.05236816
-0.68164062
0.59619141
-0.10113525
0.07080078
0.16210938
0.17187500
0.08941650
0.15698242
0.11413574
-0.14636230
0.11932373
0.06829834
0.01471710
0.08276367
-0.04608154
-0.02575684
-0.10961914
-0.10913086
0.01666260
0.09564209
0.00177002
-0.13330078
0.15173340
-0.11010742
-0.01330566
-0.05703735
0.01651001
-0.09893799
-0.05847168
-0.10089111
-0.45043945
-0.15112305
0.14868164
0.09497070
0.10119629
0.11944580
-0.07836914
-0.07299805
0.16394043
-0.10156250
0.14965820
0.11535645
0.14306641
0.02981567
0.09808350
-0.07434082
0.07873535
0.08605957
-0.11468506
-0.02929688
0.10516357
-0.07806396
-0.10040283
0.11730957
0.26000977
-0.17504883
-0.21911621
0.00311279
-0.01199341
0.07183838
-0.13073730
-0.24230957
-0.06475830
-0.16064453
-0.19873047
0.14929199
-0.21484375
0.10650635
0.20935059
0.19238281
0.14672852
0.17810059
0.14172363
-0.16674805
0.15270996
-0.09832764
-0.03686523
0.00047302
0.05059814
-0.04797363
0.02822876
0.06713867
-0.06634521
-0.04815674
-0.13342285
0.10400391
-0.07470703
-0.11926270
0.13708496
0.11303711
-0.10565186
-0.15551758
-0.14965820
-0.15551758
-0.03753662
-0.33935547
0.27734375
0.06835938
0.10052490
0.21093750
-0.13293457
-0.14440918
0.18469238
-0.14843750
0.17065430
0.15136719
0.16491699
0.05032349
0.14318848
-0.05404663
0.03881836
-0.01309204
-0.03936768
0.05499268
0.02279663
-0.06671143
-0.08593750
0.17395020
0.18115234
-0.19775391
-0.10321045
0.05279541
-0.03427124
0.05114746
-0.08618164
-0.22106934
0.02207947
-0.12255859
-0.11645508
0.07598877
-0.22790527
0.13488770
0.21972656
0.20556641
0.16699219
0.19689941
0.18054199
-0.18872070
0.17932129
-0.09063721
-0.08264160
0.10510254
-0.05831909
-0.09173584
0.07934570
0.04614258
-0.07598877
0.02021790
-0.04003906
0.02740479
-0.13696289
-0.03094482
0.11950684
0.05639648
-0.07843018
-0.10784912
-0.12512207
-0.14831543
-0.05139160
-0.28735352
0.26635742
0.09429932
0.11370850
0.22192383
-0.16845703
-0.15808105
0.20043945
-0.17236328
0.19360352
0.17736816
0.18762207
0.04000854
0.04788208
-0.00289154
-0.02845764
0.08221436
-0.08032227
-0.11419678
0.07104492
-0.02639771
-0.05682373
0.05932617
0.40576172
-0.18554688
-0.40380859
0.03222656
0.00012207
0.05090332
-0.13427734
-0.21960449
-0.17260742
-0.18115234
-0.62646484
0.50585938
-0.11187744
0.09222412
0.09143066
0.07702637
0.05905151
0.07702637
0.07281494
-0.07330322
0.06750488
0.02520752
0.01712036
-0.02270508
0.05130005
0.08166504
-0.03369141
-0.00202942
0.01583862
-0.05895996
-0.19250488
0.16650391
0.09484863
-0.21899414
0.16784668
0.10046387
-0.14074707
-0.19628906
-0.10791016
-0.06646729
-0.25537109
-0.24755859
0.17846680
0.16662598
0.13110352
0.08856201
-0.07580566
-0.05389404
0.07824707
-0.06213379
0.07836914
0.06616211
0.07305908
0.00506210
-0.00848389
-0.12817383
0.08422852
0.01390076
0.07757568
0.12396240
-0.07641602
0.01837158
0.10803223
0.06207275
-0.07104492
0.03262329
-0.15087891
-0.10693359
0.03936768
0.05514526
0.04681396
-0.01208496
-0.00956726
-0.03073120
-0.17956543
0.10748291
-0.09362793
0.05609131
0.16320801
0.17224121
0.09973145
0.15734863
0.11627197
-0.14672852
0.12359619
0.00105381
0.01882935
-0.01644897
-0.02069092
-0.14367676
-0.01150513
-0.01824951
-0.07171631
0.12524414
0.05612183
-0.15551758
-0.02713013
0.01974487
-0.06951904
-0.11633301
0.12878418
0.02226257
0.02023315
-0.07318115
-0.15368652
-0.09112549
0.23486328
-0.06152344
0.04513550
0.12207031
-0.08306885
-0.08795166
0.16394043
-0.10913086
0.14953613
0.11987305
0.14379883
0.01103973
-0.01293945
-0.12133789
0.08544922
0.05667114
0.08264160
0.13635254
-0.06964111
-0.00222778
0.09631348
0.08447266
-0.07794189
0.01260376
-0.15649414
-0.09252930
0.03399658
0.06176758
0.03341675
-0.05187988
-0.00625610
-0.03875732
-0.23974609
0.13940430
-0.10992432
0.06021118
0.17700195
0.18432617
0.11157227
0.16857910
0.12524414
-0.15734863
0.13415527
0.00921631
0.03536987
-0.10040283
0.01751709
-0.14636230
0.02058411
0.00747681
-0.08776855
0.12573242
0.06927490
-0.16552734
-0.03225708
0.02478027
-0.06176758
-0.10467529
0.10717773
0.00624084
0.00304413
-0.09851074
-0.19787598
-0.13208008
0.23132324
-0.02413940
0.04589844
0.13745117
-0.09277344
-0.10058594
0.17565918
-0.12072754
0.15979004
0.13073730
0.15441895
0.04101562
0.08837891
0.06396484
-0.17065430
-0.05908203
0.02619934
-0.08026123
0.09936523
0.03314209
0.08850098
-0.12695312
0.52734375
-0.03979492
-0.79785156
-0.11401367
0.08819580
0.08160400
-0.19567871
-0.34863281
-0.41772461
-0.12286377
-1.06933594
1.01660156
-0.24890137
0.17138672
0.23645020
0.22412109
0.16149902
0.20617676
0.15454102
-0.19311523
0.17199707
-0.01742554
-0.07196045
0.07409668
-0.00733948
0.13684082
-0.11853027
-0.03056335
0.09484863
-0.08020020
-0.18762207
0.23242188
0.46386719
-0.47851562
0.06201172
0.14392090
-0.23962402
-0.30175781
-0.22644043
-0.17089844
-0.52978516
-0.31958008
0.05737305
0.16186523
0.22705078
0.24133301
-0.14990234
-0.15991211
0.21374512
-0.16564941
0.19702148
0.17028809
0.19091797
0.04495239
-0.02314758
0.04113770
-0.03265381
0.02890015
-0.03347778
-0.02275085
0.08142090
-0.04565430
-0.05639648
0.14880371
0.16210938
-0.19628906
-0.04214478
0.03308105
-0.02885437
0.05865479
-0.06219482
-0.17761230
0.07800293
-0.10876465
0.05377197
-0.12622070
-0.20068359
0.07995605
0.19653320
0.18237305
0.14318848
0.16992188
0.14343262
-0.16015625
0.15039062
-0.10327148
-0.07495117
0.02410889
-0.03967285
0.02137756
-0.05560303
0.02386475
0.00430298
-0.04296875
-0.09155273
0.06774902
-0.14428711
-0.00744629
0.10443115
0.04754639
-0.03375244
-0.05181885
-0.11047363
-0.16528320
0.08428955
-0.28881836
0.26440430
0.05059814
0.04187012
0.19860840
-0.13000488
-0.13940430
0.17529297
-0.14575195
0.16357422
0.14892578
0.15881348
0.08447266
-0.03421021
0.10137939
-0.04559326
0.05563354
-0.03674316
-0.01240540
0.06048584
-0.01387024
0.01620483
0.18334961
0.10589600
-0.21716309
0.02519226
-0.00115204
-0.01911926
0.07495117
-0.00723267
-0.11010742
0.15075684
-0.06372070
0.18176270
-0.34570312
-0.20336914
0.06365967
0.23608398
0.22424316
0.16748047
0.21203613
0.18237305
-0.20153809
0.18554688
-0.07360840
-0.13745117
-0.02543640
0.02902222
0.00903320
-0.06262207
0.01794434
0.01071167
-0.01491547
-0.07244873
-0.00775146
-0.20837402
0.05181885
0.06658936
0.01751709
0.02531433
-0.01049805
-0.11309814
-0.15673828
0.12451172
-0.27612305
0.35791016
-0.01062012
-0.01983643
0.22058105
-0.14868164
-0.15429688
0.21752930
-0.17468262
0.20666504
0.18286133
0.19958496
-0.11480713
0.00439453
-0.66064453
-0.16442871
-1.16796875
0.38378906
-0.69335938
0.35546875
0.40673828
0.16674805
-1.39453125
2.00976562
0.42773438
-3.61523438
-0.04370117
0.31420898
0.09667969
-1.31445312
-1.89257812
-2.46484375
-0.85546875
-5.98828125
6.70312500
-0.34643555
0.72509766
-0.10559082
-0.14343262
-0.08642578
-0.13818359
-0.13134766
0.13879395
-0.13159180
0.02877808
0.46533203
0.50000000
-1.01269531
0.41845703
-0.48095703
-0.67626953
0.79394531
-0.79882812
-1.05957031
1.40332031
2.83984375
-2.47265625
0.35595703
1.08007812
-1.80175781
-1.85351562
-0.85839844
-0.21679688
-3.31640625
-0.95800781
-1.05273438
1.58398438
1.62500000
0.03820801
-0.07299805
0.04412842
-0.14160156
0.10406494
-0.13415527
-0.12524414
-0.13549805
0.06622314
0.08056641
0.04537964
-0.02444458
-0.04522705
-0.01319885
-0.02069092
0.05166626
-0.03509521
-0.00390625
0.09802246
0.37597656
-0.18457031
-0.45312500
0.04617310
-0.00396729
0.09075928
-0.14465332
-0.23730469
-0.18542480
-0.20874023
-0.75732422
0.71142578
-0.15417480
0.17443848
0.12487793
0.11114502
0.09515381
0.11437988
0.12115479
-0.11224365
0.10772705
0.03268433
-0.10662842
0.03408813
0.02142334
0.01161194
-0.06701660
-0.01406097
-0.01623535
-0.05541992
-0.13610840
0.12646484
0.13842773
-0.24609375
0.15319824
0.12719727
-0.17724609
-0.23901367
-0.17224121
-0.07537842
-0.36450195
-0.25366211
0.20043945
0.26000977
0.23449707
0.12219238
-0.13232422
-0.08428955
0.11401367
-0.10040283
0.11840820
0.10589600
0.11230469
-0.07537842
0.07873535
0.01826477
-0.00852203
0.07031250
-0.01663208
-0.00444794
0.04470825
-0.06228638
-0.02853394
0.20385742
0.09252930
-0.19519043
0.10736084
0.01483154
-0.03417969
0.05981445
0.00320435
-0.10852051
0.18371582
-0.06039429
0.30249023
-0.42578125
-0.21557617
0.06384277
0.23034668
0.21362305
0.16870117
0.19934082
0.16333008
-0.18786621
0.17565918
0.08746338
0.05938721
0.04257202
0.01785278
0.06958008
-0.04028320
0.05728149
0.00078964
0.00509644
-0.03356934
0.03649902
-0.23803711
0.07897949
0.06005859
-0.01264191
0.05462646
0.03915405
-0.08093262
-0.17773438
0.23437500
-0.28417969
0.33251953
-0.03735352
-0.01293945
0.22863770
-0.14025879
-0.16552734
0.20581055
-0.17077637
0.19152832
0.17395020
0.18579102
-0.07788086
0.02833557
-0.04092407
0.03668213
-0.06024170
0.05621338
-0.04592896
0.06274414
0.00610352
0.01678467
0.06469727
0.23156738
-0.14367676
-0.24841309
0.00198364
0.00585938
0.09240723
-0.11328125
-0.26904297
-0.05081177
-0.13354492
-0.30224609
0.25830078
-0.23168945
0.12976074
0.22729492
0.21289062
0.15905762
0.20031738
0.17102051
-0.18957520
0.17407227
-0.01306152
0.08819580
0.02532959
-0.04693604
0.02502441
-0.06756592
-0.03494263
0.07562256
-0.07067871
-0.12829590
0.12512207
0.04553223
-0.15600586
0.07580566
0.10443115
-0.13037109
-0.16381836
-0.17395020
-0.18896484
-0.16943359
-0.33886719
0.26025391
0.13696289
0.12988281
0.22387695
-0.15527344
-0.14965820
0.20556641
-0.16516113
0.19458008
0.17175293
0.18798828
0.03915405
-0.12683105
-0.05169678
0.13562012
-0.06903076
0.11224365
-0.01298523
0.02664185
0.04013062
0.04595947
0.02308655
0.13159180
-0.08245850
-0.04937744
-0.03991699
0.00582123
0.08776855
-0.04718018
-0.16943359
0.07128906
-0.08557129
0.09185791
-0.17529297
-0.22241211
0.07714844
0.22387695
0.20495605
0.15966797
0.18676758
0.14038086
-0.17321777
0.16015625
-0.14428711
-0.00918579
-0.09442139
-0.01268005
-0.03192139
-0.01744080
-0.06286621
0.12261963
-0.05841064
-0.11785889
0.08715820
-0.05035400
-0.03860474
0.02801514
0.03875732
-0.01312256
-0.03576660
-0.11407471
-0.19885254
0.13085938
-0.32739258
0.26440430
0.01422119
0.03448486
0.23022461
-0.12866211
-0.16247559
0.19433594
-0.15869141
0.17578125
0.15893555
0.17126465
-0.01232910
0.55175781
0.57910156
0.73974609
-0.05078125
0.31713867
0.24963379
-0.35180664
0.54150391
0.52539062
-1.24707031
1.04882812
0.56250000
-2.98632812
-0.08691406
0.32763672
0.10595703
-0.98828125
-1.44531250
-1.97753906
-0.66845703
-5.19921875
5.58593750
-0.31884766
0.58740234
-0.02940369
-0.05874634
-0.02838135
-0.05325317
-0.04949951
0.05441284
-0.05316162
0.29174805
-0.54492188
-0.57910156
0.58740234
-0.97412109
0.33666992
-0.62939453
0.49731445
-0.22680664
-0.52246094
0.62988281
2.67187500
-1.88085938
-0.12890625
0.68554688
-1.30859375
-1.41113281
-0.66552734
-0.19287109
-2.84570312
-0.75488281
-0.94531250
1.41992188
1.26953125
0.07910156
-0.09918213
0.00309753
-0.05624390
0.03723145
-0.04879761
-0.04943848
-0.05249023
0.12408447
-0.03103638
-0.00892639
-0.02037048
-0.02696228
0.00391388
-0.06372070
0.04611206
-0.05355835
-0.02899170
0.19201660
0.05810547
-0.18847656
0.22412109
0.00062561
-0.03985596
0.03482056
0.04306030
-0.03463745
0.22436523
-0.02709961
0.52539062
-0.61816406
-0.17260742
0.03503418
0.19799805
0.18432617
0.15014648
0.16979980
0.13549805
-0.15917969
0.15063477
0.09051514
-0.09631348
-0.02838135
0.03149414
0.11053467
-0.02661133
0.05697632
0.02227783
-0.02114868
-0.02066040
0.04412842
-0.30297852
0.12719727
0.04907227
-0.05551147
0.12170410
0.11535645
-0.01374817
-0.14672852
0.34936523
-0.22106934
0.34106445
-0.11816406
-0.05758667
0.19702148
-0.11926270
-0.15112305
0.17590332
-0.14941406
0.16076660
0.14978027
0.15710449
0.01107025
-0.01092529
-0.08721924
0.01182556
-0.09460449
-0.06518555
-0.03909302
0.07873535
-0.10430908
0.01560974
0.10858154
-0.00566101
0.04916382
-0.25122070
-0.07275391
0.02502441
0.07055664
-0.01074982
-0.09619141
-0.08245850
-0.05996704
-0.39233398
0.31909180
-0.11499023
0.08410645
0.17419434
0.17797852
0.10772705
0.16381836
0.11865234
-0.15270996
0.12915039
-0.01473236
-0.01330566
-0.07519531
-0.05911255
0.07940674
0.04595947
0.10015869
-0.06964111
0.04168701
0.08441162
-0.04748535
0.04394531
-0.05932617
-0.09991455
-0.08233643
0.05895996
-0.05819702
-0.01286316
-0.09204102
-0.28833008
-0.14123535
0.20019531
-0.00268555
0.09490967
0.13684082
-0.09356689
-0.09741211
0.17041016
-0.11572266
0.15551758
0.12597656
0.14978027
-0.02893066
0.07739258
0.50781250
-0.33764648
0.76220703
0.02050781
0.53515625
-0.51757812
0.58447266
0.62890625
-1.33593750
0.70410156
0.73876953
-2.97070312
-0.12329102
0.37988281
0.14794922
-0.97314453
-1.44238281
-1.94140625
-0.66113281
-5.19531250
5.57812500
-0.32446289
0.58691406
-0.02917480
-0.05877686
-0.02832031
-0.05331421
-0.04946899
0.05444336
-0.05313110
-0.29052734
0.77099609
0.64208984
0.88183594
-0.60937500
0.46191406
-0.41503906
0.32104492
-0.05664062
-0.39208984
0.41162109
2.78320312
-1.81933594
-0.34082031
0.67968750
-1.29492188
-1.40722656
-0.68750000
-0.21728516
-2.87109375
-0.76123047
-0.98242188
1.44726562
1.26855469
0.08093262
-0.09924316
0.00299835
-0.05627441
0.03717041
-0.04882812
-0.04940796
-0.05249023
-0.10876465
0.10461426
0.09735107
-0.01483154
0.00744629
0.09045410
-0.00186157
-0.00799561
0.05285645
0.03552246
0.03723145
0.19482422
-0.13330078
-0.02735901
0.01258850
-0.04568481
0.03588867
-0.07934570
-0.16113281
0.03173828
-0.12347412
0.17932129
-0.14111328
-0.18847656
0.09899902
0.16015625
0.14404297
0.12756348
0.12915039
0.09924316
-0.11981201
0.11608887
-0.05682373
0.06213379
0.07342529
0.11047363
-0.08404541
0.08306885
-0.07159424
0.14501953
-0.08673096
-0.13024902
0.14086914
-0.07812500
-0.06161499
0.09277344
0.06256104
-0.02554321
-0.04299927
-0.10601807
-0.15112305
0.18249512
-0.27490234
0.26611328
-0.02096558
0.08312988
0.18127441
-0.11303711
-0.13793945
0.13476562
-0.12127686
0.11981201
0.11657715
0.11834717
-0.11547852
0.17138672
0.09179688
0.08990479
-0.16198730
0.09161377
-0.09143066
0.05645752
-0.04827881
-0.01606750
0.21826172
0.17749023
-0.26269531
0.16333008
0.03543091
-0.06774902
0.04187012
0.01245880
-0.08752441
0.22326660
-0.04898071
0.44140625
-0.56738281
-0.19921875
0.05841064
0.23791504
0.22363281
0.17504883
0.21081543
0.18054199
-0.20043945
0.18750000
-0.10351562
0.03625488
-0.08795166
-0.00115967
-0.05163574
-0.02534485
-0.02572632
0.07257080
-0.06774902
-0.05661011
0.14099121
-0.29248047
0.04879761
0.10919189
-0.00938416
0.07196045
0.06298828
-0.07092285
-0.17089844
0.28637695
-0.27026367
0.42041016
-0.09375000
-0.03686523
0.22424316
-0.15136719
-0.16650391
0.21679688
-0.17993164
0.20434570
0.18542480
0.19848633
0.06970215
-0.64892578
-0.69677734
-0.94287109
0.93896484
-0.28613281
0.67236328
-0.60205078
0.57519531
0.70019531
-1.38671875
0.34765625
0.90771484
-2.93945312
-0.15942383
0.43115234
0.19042969
-0.95800781
-1.43750000
-1.90429688
-0.65380859
-5.18750000
5.57031250
-0.32910156
0.58691406
-0.02894592
-0.05874634
-0.02825928
-0.05334473
-0.04943848
0.05447388
-0.05313110
0.28344727
-0.42407227
0.42968750
-0.05627441
0.26464844
0.36328125
-0.08520508
0.09423828
0.11840820
-0.24194336
0.18164062
2.84960938
-1.74218750
-0.55126953
0.67236328
-1.27832031
-1.40234375
-0.70996094
-0.24121094
-2.89453125
-0.76757812
-1.01757812
1.47753906
1.26757812
0.08276367
-0.09930420
0.00289917
-0.05630493
0.03713989
-0.04885864
-0.04937744
-0.05252075
0.11431885
-0.01849365
0.06494141
0.01199341
-0.01998901
0.05062866
-0.02494812
0.01092529
0.00915527
0.04397583
0.09326172
0.16088867
-0.12768555
-0.02581787
0.00428009
-0.03054810
0.07763672
-0.03120422
-0.11755371
0.09045410
-0.08660889
0.05749512
-0.15917969
-0.15637207
0.06051636
0.17712402
0.16528320
0.12268066
0.15368652
0.12377930
-0.14355469
0.13134766
-0.04223633
0.14746094
0.06103516
0.04211426
-0.10168457
0.05377197
-0.04638672
0.09191895
-0.06072998
-0.07806396
0.11889648
-0.10388184
-0.03149414
0.06396484
0.02572632
0.00653076
-0.02288818
-0.07489014
-0.14721680
0.07116699
-0.25634766
0.30590820
0.01318359
0.02233887
0.16711426
-0.10723877
-0.11730957
0.15917969
-0.12561035
0.14697266
0.12963867
0.14184570
0.04519653
-0.03686523
0.03796387
0.00884247
-0.00079346
0.03952026
-0.01186371
-0.00984192
0.00828552
0.03631592
0.06689453
0.19091797
-0.15795898
-0.10394287
0.01774597
-0.01591492
0.05868530
-0.04913330
-0.16662598
0.04299927
-0.08288574
-0.05059814
-0.00584412
-0.21289062
0.10290527
0.20495605
0.19140625
0.14782715
0.18005371
0.15710449
-0.17163086
0.15991211
0.01190186
0.06695557
0.02531433
0.01200104
-0.05377197
0.04510498
-0.03228760
0.05752563
-0.04577637
-0.06256104
0.14562988
0.00592041
-0.11010742
0.06222534
0.06048584
-0.06018066
-0.06024170
-0.13891602
-0.17272949
0.00643921
-0.26538086
0.25195312
0.06091309
0.07220459
0.20849609
-0.14111328
-0.14062500
0.18469238
-0.15283203
0.17529297
0.15832520
0.17016602
-0.10906982
0.73730469
-0.34619141
-0.22985840
0.33251953
-0.45410156
0.62158203
-0.59082031
0.51416016
0.73681641
-1.39648438
-0.01513672
1.06835938
-2.89257812
-0.19531250
0.48193359
0.23242188
-0.94140625
-1.43359375
-1.86914062
-0.64648438
-5.17968750
5.56640625
-0.33422852
0.58691406
-0.02873230
-0.05874634
-0.02819824
-0.05337524
-0.04940796
0.05450439
-0.05310059
-0.27075195
-0.23876953
-0.74218750
-0.91601562
0.91748047
0.08813477
0.26831055
-0.14770508
0.28320312
-0.07971191
-0.05371094
2.87109375
-1.64843750
-0.75878906
0.66308594
-1.25976562
-1.39648438
-0.73095703
-0.26562500
-2.91796875
-0.77343750
-1.05664062
1.50781250
1.26660156
0.08435059
-0.09936523
0.00279999
-0.05633545
0.03707886
-0.04888916
-0.04934692
-0.05255127
0.11340332
0.36474609
0.05413818
0.10766602
-0.00915527
-0.25854492
0.25219727
-0.26708984
0.23327637
0.41406250
-0.74267578
-0.03027344
0.63867188
-1.86230469
-0.17187500
0.33349609
0.21923828
-0.52490234
-0.83789062
-1.11230469
-0.39062500
-3.27734375
3.41015625
-0.27880859
0.37744141
0.08947754
0.07189941
0.05114746
0.06701660
0.04663086
-0.06048584
0.04946899
-0.15173340
0.21215820
-0.41796875
-0.46533203
0.49560547
-0.03375244
0.18566895
-0.11199951
0.15197754
0.02038574
-0.04589844
1.75976562
-1.00390625
-0.55126953
0.35375977
-0.72216797
-0.84082031
-0.48632812
-0.21923828
-1.83593750
-0.52929688
-0.54003906
0.91894531
0.75048828
0.14489746
-0.11608887
-0.05899048
0.06903076
-0.05102539
0.06567383
0.04946899
0.06024170
-0.02972412
0.01719666
-0.02526855
0.01965332
0.00206375
0.00918579
-0.01403046
0.01843262
-0.01500702
0.06024170
0.06701660
0.22155762
-0.18640137
-0.03250122
0.03817749
-0.05297852
0.00683975
-0.00576782
-0.05245972
0.05841064
-0.08569336
0.14953613
-0.25146484
-0.07470703
0.05459595
0.07519531
0.06549072
0.06335449
0.06420898
0.06634521
-0.06262207
0.06341553
-0.08587646
-0.06726074
0.01036072
0.03086853
-0.03027344
0.04272461
-0.01476288
0.04428101
-0.04470825
-0.03778076
0.15124512
-0.02539062
-0.08532715
0.07977295
0.00511169
0.04336548
0.01180267
-0.01515198
-0.04821777
0.14477539
-0.14123535
0.30834961
-0.07147217
0.01770020
0.07360840
-0.07385254
-0.06402588
0.06518555
-0.06286621
0.06469727
0.06323242
0.06243896
-0.04846191
-0.00543976
-0.10021973
-0.04687500
0.07409668
0.00950623
-0.05264282
0.03179932
-0.03546143
0.00985718
0.03646851
0.01103210
0.06353760
-0.32177734
-0.07904053
0.06976318
0.10955811
-0.03894043
-0.14782715
-0.09460449
-0.05960083
-0.54589844
0.46020508
-0.16442871
0.07507324
0.19628906
0.19873047
0.11480713
0.18139648
0.13757324
-0.16894531
0.14318848
0.00926208
-0.07067871
0.00985718
0.00743103
-0.05023193
-0.03128052
-0.05645752
0.04754639
-0.03887939
0.04418945
0.02441406
0.16967773
-0.12121582
-0.15173340
-0.01870728
-0.03979492
-0.09875488
-0.10607910
-0.15832520
-0.33251953
-0.22839355
0.11511230
0.12634277
0.08874512
0.17138672
-0.09973145
-0.09887695
0.18884277
-0.12658691
0.17297363
0.13928223
0.16601562
0.07409668
0.17456055
-0.09515381
-0.05300903
0.10382080
-0.04281616
0.02081299
-0.05535889
0.01091003
0.07904053
0.03121948
0.16369629
-0.08319092
-0.11773682
-0.06811523
0.03485107
0.11358643
0.00444794
-0.12622070
0.07183838
-0.04244995
-0.04626465
-0.12097168
-0.22302246
0.07049561
0.26269531
0.24853516
0.17456055
0.23291016
0.18664551
-0.21948242
0.19653320
-0.07025146
-0.04516602
-0.07928467
-0.04360962
0.00714111
0.06561279
-0.03677368
0.03668213
-0.02310181
0.00082397
0.11322021
0.03448486
-0.09442139
-0.02345276
0.01928711
-0.00725555
-0.01623535
-0.10717773
-0.19824219
0.02958679
-0.30322266
0.32519531
0.01126099
0.01025391
0.24414062
-0.14501953
-0.16088867
0.24047852
-0.18334961
0.22521973
0.19323730
0.21667480
-0.05517578
-0.09332275
0.07977295
0.15478516
-0.14392090
-0.05767822
0.01570129
-0.06951904
0.03140259
0.15161133
-0.23486328
-0.06268311
0.27539062
-0.80566406
-0.15197754
0.17456055
0.15893555
-0.17553711
-0.34472656
-0.42089844
-0.12817383
-1.30078125
1.24804688
-0.24023438
0.18481445
0.21252441
0.20214844
0.14062500
0.18847656
0.14843750
-0.17773438
0.15686035
-0.00382996
-0.04409790
0.05474854
0.01440430
0.03164673
-0.07653809
0.06549072
-0.06799316
0.06225586
0.10180664
-0.03497314
0.74658203
-0.43237305
-0.36010742
0.10736084
-0.24572754
-0.32812500
-0.27661133
-0.18847656
-0.72998047
-0.32519531
-0.05419922
0.30371094
0.26586914
0.21826172
-0.14428711
-0.13354492
0.19421387
-0.14758301
0.18237305
0.15490723
0.17553711
0.08001709
0.15002441
-0.01098633
-0.03851318
-0.05239868
-0.04891968
0.03631592
-0.03710938
0.07836914
0.16381836
-0.13146973
0.07928467
0.08911133
-0.69433594
0.00811768
0.08612061
0.15551758
-0.19140625
-0.33959961
-0.30126953
-0.24169922
-1.32421875
1.30468750
-0.13549805
0.21813965
0.06152344
0.04867554
0.04962158
0.05926514
0.08648682
-0.06109619
0.06182861
0.00258636
0.07220459
-0.06420898
-0.01197815
0.01786804
0.05465698
0.03671265
0.03207397
0.01318359
-0.01177979
0.09667969
0.54638672
-0.38916016
-0.14184570
0.18847656
-0.28833008
-0.33642578
-0.23706055
-0.08300781
-0.74365234
-0.29321289
0.02148438
0.49780273
0.36083984
0.06903076
-0.11499023
-0.03753662
0.05578613
-0.05560303
0.06799316
0.06048584
0.06216431
-0.05535889
-0.06384277
0.07574463
0.07672119
-0.06829834
-0.09936523
0.01905823
-0.07690430
0.03668213
0.12207031
-0.07501221
0.07745361
0.06112671
-0.30859375
-0.08972168
0.06701660
0.14086914
-0.05371094
-0.17736816
-0.07006836
-0.08001709
-0.38916016
0.25585938
-0.20410156
0.13220215
0.21044922
0.19226074
0.15270996
0.18188477
0.14965820
-0.17297363
0.16015625
0.03674316
0.08825684
0.00616074
-0.01571655
0.04339600
-0.04177856
0.05276489
-0.01171875
0.02066040
0.02407837
0.05581665
0.24780273
-0.17553711
-0.10522461
0.07818604
-0.08789062
-0.13012695
-0.17114258
-0.16625977
-0.18127441
-0.27539062
0.19799805
0.08496094
0.11578369
0.20996094
-0.14575195
-0.14941406
0.18688965
-0.15527344
0.17700195
0.15869141
0.17138672
-0.09100342
-0.12316895
0.08032227
0.05059814
-0.02720642
-0.08679199
0.03897095
-0.08441162
0.05346680
0.10888672
-0.02932739
0.16442871
-0.08734131
-0.17639160
-0.02153015
0.02005005
0.10308838
-0.05612183
-0.18786621
0.02482605
-0.09625244
-0.16955566
0.07336426
-0.21032715
0.09381104
0.21801758
0.20617676
0.14672852
0.19384766
0.16625977
-0.18371582
0.16662598
-0.01010132
0.05590820
0.01135254
-0.00345612
0.06585693
-0.02334595
0.02882385
-0.00981140
0.01129150
-0.00372314
0.14062500
0.11444092
-0.16967773
0.00137329
0.07843018
-0.08471680
-0.09625244
-0.15759277
-0.19201660
-0.08062744
-0.30761719
0.26904297
0.10046387
0.07025146
0.20849609
-0.13879395
-0.13330078
0.19934082
-0.15478516
0.18896484
0.16381836
0.18176270
0.02325439
0.15270996
-0.14123535
-0.03970337
-0.14282227
0.06146240
-0.10455322
-0.00524902
-0.01328278
0.17150879
-0.30419922
-0.35009766
0.49291992
-1.03027344
-0.19689941
0.26367188
0.22009277
-0.23046875
-0.42578125
-0.56152344
-0.18225098
-1.90625000
1.81835938
-0.20397949
0.17626953
0.14880371
0.14147949
0.07739258
0.13098145
0.09460449
-0.12164307
0.09857178
0.09558105
0.05572510
0.03869629
0.22375488
-0.21691895
-0.15148926
0.13610840
-0.15588379
0.13842773
0.22949219
-0.20410156
0.96142578
-0.46606445
-0.59326172
0.12683105
-0.32666016
-0.43725586
-0.32934570
-0.19641113
-1.09472656
-0.37280273
-0.22802734
0.51464844
0.32958984
0.15356445
-0.09252930
-0.06787109
0.13598633
-0.08642578
0.12707520
0.09594727
0.11944580
0.03686523
-0.06390381
0.03927612
0.04132080
-0.05099487
-0.07794189
0.02684021
-0.08270264
0.04901123
0.11706543
-0.08239746
0.11962891
-0.01824951
-0.26318359
-0.03167725
0.02810669
0.11779785
-0.06555176
-0.21545410
-0.02410889
-0.10180664
-0.32788086
0.21752930
-0.22485352
0.13183594
0.22973633
0.21301270
0.16174316
0.20336914
0.17883301
-0.19409180
0.17919922
-0.05615234
-0.10449219
0.06152344
0.02597046
0.02816772
-0.05648804
0.04602051
-0.03576660
0.02346802
0.02914429
0.11608887
0.22778320
-0.20959473
-0.05999756
0.08441162
-0.09991455
-0.11785889
-0.18359375
-0.19580078
-0.15649414
-0.32202148
0.25878906
0.12133789
0.11749268
0.22192383
-0.16113281
-0.15014648
0.20776367
-0.16906738
0.19995117
0.17663574
0.19250488
-0.10998535
0.05175781
-0.55029297
-0.83789062
-0.35766602
0.19262695
-0.47021484
-0.19702148
0.15209961
0.96142578
-1.61230469
-1.47656250
2.05859375
-3.19531250
-0.50390625
0.88720703
0.55273438
-1.13085938
-1.84375000
-2.10351562
-0.77734375
-5.91406250
6.62500000
-0.39965820
0.72460938
-0.10418701
-0.14392090
-0.08483887
-0.13903809
-0.13049316
0.13940430
-0.13110352
0.04376221
0.46240234
-0.61914062
0.59082031
-1.18847656
-0.58447266
0.84716797
-0.84716797
0.88378906
0.47631836
-1.14453125
3.15039062
-1.43359375
-1.72460938
0.95605469
-1.59863281
-1.77148438
-1.08789062
-0.47900391
-3.55859375
-1.02246094
-1.40234375
1.88281250
1.61328125
0.05615234
-0.07495117
0.04205322
-0.14245605
0.10296631
-0.13500977
-0.12463379
-0.13598633
0.14282227
0.18505859
-0.08349609
0.16052246
-0.09582520
-0.12097168
0.07104492
-0.13354492
0.12341309
0.16479492
-0.07623291
0.29833984
-0.14685059
-0.29394531
0.05822754
-0.02783203
0.09295654
-0.09033203
-0.17822266
0.00184631
-0.20190430
-0.27001953
0.18713379
-0.10968018
0.15625000
0.09240723
0.07922363
0.08465576
0.08947754
0.11816406
-0.09179688
0.09509277
0.06469727
-0.24902344
0.16772461
0.03894043
0.05700684
-0.06274414
0.03594971
0.07824707
-0.01110840
-0.05529785
0.25292969
0.20996094
-0.30078125
0.07916260
0.15417480
-0.12768555
-0.16577148
-0.13549805
-0.04663086
-0.17272949
-0.22680664
0.33300781
0.14501953
0.16796875
0.08361816
-0.13537598
-0.07226562
0.08654785
-0.08953857
0.09814453
0.09417725
0.09295654
0.01202393
0.14880371
-0.06805420
-0.00569153
-0.01818848
-0.02786255
-0.01959229
-0.04568481
0.03344727
0.12097168
-0.12231445
0.02761841
0.07409668
-0.34545898
-0.05834961
0.07397461
0.14819336
-0.07727051
-0.20617676
-0.08605957
-0.10589600
-0.53662109
0.39892578
-0.20483398
0.12438965
0.21020508
0.19433594
0.14294434
0.18823242
0.16894531
-0.18017578
0.16467285
0.05944824
-0.02575684
0.03140259
0.04681396
-0.04373169
-0.09448242
0.04940796
-0.05111694
0.04174805
0.06951904
0.06970215
0.34350586
-0.24963379
-0.14184570
0.10791016
-0.13842773
-0.16870117
-0.19470215
-0.16357422
-0.26489258
-0.30053711
0.19274902
0.18371582
0.12054443
0.20019531
-0.14782715
-0.12719727
0.19152832
-0.15209961
0.18713379
0.16174316
0.17895508
-0.12255859
0.08337402
-0.08850098
-0.06561279
-0.10375977
-0.00885010
0.02236938
-0.09277344
0.06573486
0.13305664
-0.12719727
0.19616699
-0.06152344
-0.09527588
-0.04367065
0.01641846
0.10546875
-0.05493164
-0.22070312
0.06750488
-0.08489990
0.09008789
-0.08612061
-0.27197266
0.12963867
0.25463867
0.23547363
0.18554688
0.21911621
0.18200684
-0.20629883
0.19250488
0.03237915
0.15209961
-0.04309082
0.06585693
-0.06890869
-0.15100098
0.11010742
-0.12731934
0.07415771
0.01528931
0.11633301
0.10687256
-0.15356445
0.04016113
0.09429932
-0.09765625
-0.07440186
-0.19335938
-0.25878906
0.06787109
-0.36206055
0.31860352
0.05563354
0.10339355
0.26416016
-0.16809082
-0.18212891
0.22570801
-0.18798828
0.21044922
0.19091797
0.20446777
-0.03411865
-0.05603027
-0.01770020
-0.07983398
-0.01314545
0.04861450
-0.00188828
-0.01443481
0.01156616
0.05047607
-0.11444092
0.03472900
0.04534912
-0.26025391
-0.08209229
0.05419922
0.09594727
-0.04727173
-0.20202637
-0.05426025
-0.05725098
-0.24890137
0.15039062
-0.26464844
0.11193848
0.27270508
0.25830078
0.18920898
0.23876953
0.18945312
-0.22509766
0.20361328
-0.06286621
0.05978394
-0.06045532
-0.02522278
-0.04132080
-0.06054688
0.03744507
-0.09326172
0.03448486
0.09118652
0.05874634
0.28100586
-0.21801758
-0.15356445
0.04037476
-0.07305908
-0.08209229
-0.18127441
-0.23474121
-0.08966064
-0.33325195
0.22875977
0.04534912
0.07885742
0.27099609
-0.16186523
-0.18212891
0.24694824
-0.19470215
0.22949219
0.20117188
0.22216797
-0.02777100
0.02854919
-0.01834106
0.01072693
-0.00329018
-0.00127220
0.04699707
0.02616882
-0.01142883
-0.04830933
-0.05105591
-0.18957520
0.19213867
-0.42749023
-0.12536621
0.15197754
0.16845703
-0.04721069
-0.18322754
-0.19201660
-0.05883789
-0.85058594
0.70166016
-0.21582031
0.12420654
0.23974609
0.23278809
0.15454102
0.21936035
0.17565918
-0.20727539
0.18151855
-0.00093079
0.03784180
-0.03317261
-0.02589417
0.04629517
0.04119873
-0.01805115
0.02316284
-0.03924561
0.10137939
0.01306152
0.39038086
-0.23327637
-0.38867188
-0.00866699
-0.08990479
-0.16369629
-0.18884277
-0.17810059
-0.48461914
-0.27001953
0.08398438
0.18920898
0.13378906
0.22241211
-0.14379883
-0.13818359
0.22558594
-0.16589355
0.21362305
0.17773438
0.20446777
0.09710693
0.00326538
0.07458496
0.04537964
0.05786133
0.09698486
-0.04327393
-0.00631714
0.01348877
0.10522461
-0.09851074
0.06982422
0.00860596
-0.13159180
-0.04803467
0.01451874
0.09222412
-0.05960083
-0.15295410
-0.00307846
-0.10052490
-0.08917236
0.04400635
-0.16894531
0.06750488
0.16687012
0.15539551
0.11267090
0.13903809
0.10443115
-0.12768555
0.11614990
0.09094238
-0.10046387
0.04736328
-0.10009766
-0.04641724
-0.00574493
0.03015137
-0.11975098
0.09191895
0.07763672
0.02102661
0.12939453
-0.10729980
-0.03973389
0.04067993
-0.04254150
-0.05056763
-0.11944580
-0.18200684
0.01538086
-0.30151367
0.21997070
0.05654907
0.05868530
0.16760254
-0.09686279
-0.11279297
0.14575195
-0.11328125
0.12976074
0.11486816
0.12622070
-0.27539062
0.63183594
-0.21118164
0.82421875
0.78710938
0.27465820
-0.60449219
0.53564453
-0.39282227
0.23913574
-0.69482422
-1.98632812
1.78710938
-2.31835938
-0.39379883
0.76806641
0.47827148
-0.83447266
-1.39941406
-1.64257812
-0.60156250
-5.12890625
5.51562500
-0.36450195
0.58544922
-0.02738953
-0.05874634
-0.02774048
-0.05355835
-0.04919434
0.05465698
-0.05297852
-0.09692383
0.44946289
0.79101562
-0.46044922
0.57666016
0.37207031
-0.30493164
-0.29003906
0.43652344
0.70117188
-1.21289062
2.07226562
-0.81201172
-1.88867188
0.56787109
-1.11035156
-1.33203125
-0.85107422
-0.40917969
-3.05273438
-0.80859375
-1.27441406
1.68652344
1.25781250
0.09484863
-0.09979248
0.00220490
-0.05657959
0.03674316
-0.04910278
-0.04916382
-0.05267334
-0.04144287
0.00881958
0.07757568
-0.01500702
0.04446411
0.08618164
-0.02545166
-0.01669312
0.01756287
0.05993652
-0.06109619
0.07812500
0.00244141
-0.12878418
-0.05889893
0.01873779
0.11364746
-0.01853943
-0.09295654
0.00786591
-0.07562256
-0.12322998
-0.01314545
-0.16149902
0.06909180
0.18981934
0.17663574
0.12622070
0.16528320
0.13293457
-0.15551758
0.13989258
0.05578613
-0.11553955
0.01872253
-0.04373169
-0.04412842
-0.01168823
0.01969910
-0.06958008
0.04190063
0.08233643
0.06646729
0.13671875
-0.11480713
-0.05926514
0.02096558
-0.01295471
-0.04312134
-0.10028076
-0.13635254
-0.01431274
-0.26049805
0.28442383
0.02677917
0.03076172
0.17651367
-0.11291504
-0.11749268
0.17102051
-0.13122559
0.15979004
0.13769531
0.15368652
0.20263672
-0.40332031
-0.80468750
0.89208984
0.29418945
0.07446289
-0.46093750
0.59277344
-0.47167969
0.13183594
-0.55419922
-2.15429688
1.83593750
-2.22656250
-0.41381836
0.79736328
0.50488281
-0.82177734
-1.39453125
-1.61523438
-0.59667969
-5.12109375
5.50781250
-0.36743164
0.58496094
-0.02723694
-0.05877686
-0.02770996
-0.05358887
-0.04916382
0.05465698
-0.05297852
-0.20996094
0.66162109
0.15075684
0.30957031
0.93017578
0.45605469
-0.49609375
-0.13867188
0.34960938
0.72949219
-1.28320312
1.89746094
-0.69775391
-1.99609375
0.55322266
-1.08886719
-1.32226562
-0.86328125
-0.42504883
-3.06445312
-0.81298828
-1.30175781
1.70605469
1.25683594
0.09606934
-0.09985352
0.00214386
-0.05661011
0.03671265
-0.04913330
-0.04913330
-0.05270386
0.18481445
-0.41503906
-0.39135742
0.33032227
-0.02966309
-0.04150391
-0.15600586
0.28881836
-0.23510742
0.00909424
-0.27880859
-1.33398438
1.10839844
-1.40429688
-0.28417969
0.51171875
0.38232422
-0.44604492
-0.80810547
-0.95507812
-0.35644531
-3.24804688
3.37500000
-0.29882812
0.37451172
0.09124756
0.07250977
0.05053711
0.06738281
0.04635620
-0.06066895
0.04931641
0.04156494
0.07690430
-0.15637207
0.34521484
0.49487305
0.25732422
-0.27148438
-0.02239990
0.14892578
0.41455078
-0.68945312
1.14746094
-0.43188477
-1.33984375
0.27172852
-0.60888672
-0.78027344
-0.55908203
-0.31201172
-1.92382812
-0.55273438
-0.69433594
1.04003906
0.74267578
0.15246582
-0.11474609
-0.05816650
0.06945801
-0.05059814
0.06585693
0.04925537
0.06039429
0.00643921
0.11614990
-0.04357910
0.04299927
0.09027100
0.08978271
-0.05511475
0.01040649
0.01071167
0.07794189
-0.09735107
0.04522705
0.04342651
-0.16430664
-0.08184814
0.05828857
0.14147949
-0.04513550
-0.13598633
-0.02584839
-0.09478760
-0.20104980
0.10919189
-0.16113281
0.07708740
0.17041016
0.15747070
0.11437988
0.14392090
0.11010742
-0.13317871
0.12017822
-0.10076904
0.10705566
0.08856201
-0.03381348
0.00752258
0.03955078
0.02668762
-0.09741211
0.07550049
0.09063721
0.03710938
0.16796875
-0.12170410
-0.09356689
0.05047607
-0.06066895
-0.08178711
-0.14270020
-0.16735840
-0.07269287
-0.30200195
0.24792480
0.06494141
0.06396484
0.16699219
-0.10229492
-0.11187744
0.15002441
-0.11621094
0.13623047
0.11901855
0.13146973
0.11047363
0.00817871
-0.05963135
0.06817627
0.12780762
0.11383057
-0.05682373
0.00319672
0.04940796
0.06604004
-0.13867188
0.23925781
-0.10327148
0.00894165
-0.01155853
-0.03637695
0.04687500
0.01576233
-0.08398438
0.11926270
-0.02136230
0.32031250
-0.42724609
-0.17846680
0.04730225
0.20971680
0.19580078
0.14733887
0.18237305
0.14843750
-0.17175293
0.15771484
-0.08691406
0.20690918
0.12127686
-0.06890869
-0.03771973
0.01210022
0.06060791
-0.09466553
0.04049683
0.03161621
0.14135742
0.10437012
-0.14916992
0.09716797
0.02699280
0.00749207
0.03109741
-0.07916260
-0.18115234
0.23742676
-0.25805664
0.38671875
-0.11157227
-0.02642822
0.19738770
-0.12109375
-0.14160156
0.18823242
-0.15100098
0.17565918
0.15563965
0.16943359
-0.00244141
0.00321007
-0.06860352
0.03454590
0.08361816
-0.07885742
0.05105591
-0.08062744
0.07696533
-0.10363770
0.06726074
-0.12841797
0.11254883
-0.15612793
-0.05108643
0.04211426
0.10925293
-0.00556183
-0.07849121
-0.06896973
-0.03698730
-0.58837891
0.47851562
-0.10729980
0.06591797
0.16162109
0.16809082
0.08850098
0.15258789
0.10754395
-0.14147949
0.11566162
-0.04418945
0.00820923
0.07110596
-0.02630615
-0.03530884
-0.03192139
0.08166504
-0.00685120
-0.05718994
-0.02677917
0.07843018
0.01116943
0.02755737
-0.31542969
-0.11627197
0.05169678
-0.04473877
-0.04937744
-0.12188721
-0.39672852
-0.15844727
0.09875488
0.09631348
0.08508301
0.12469482
-0.07507324
-0.07458496
0.15954590
-0.09936523
0.14453125
0.11163330
0.13830566
0.00119019
-0.11871338
-0.08666992
0.04608154
0.04730225
0.03680420
-0.01959229
0.02270508
0.00841522
0.01640320
-0.09399414
0.10229492
-0.03533936
-0.08715820
-0.04299927
0.00881958
0.10821533
0.01335907
-0.08215332
0.07305908
-0.04147339
-0.01257324
-0.14916992
-0.19873047
0.07696533
0.23364258
0.21948242
0.15954590
0.20739746
0.17614746
-0.19750977
0.18005371
0.06884766
0.04757690
0.00796509
0.00204468
0.02574158
0.05920410
0.00368881
-0.05157471
0.02905273
0.07629395
0.09814453
0.14196777
-0.14880371
-0.01492310
0.02511597
-0.01249695
-0.01533508
-0.11877441
-0.16870117
0.04400635
-0.26318359
0.31835938
0.00830078
0.01239014
0.21875000
-0.14404297
-0.14538574
0.21313477
-0.16760254
0.20263672
0.17712402
0.19567871
0.06524658
0.09008789
0.05969238
-0.10333252
-0.08764648
-0.06683350
0.01701355
0.03909302
-0.03137207
-0.11065674
-0.04077148
-0.58056641
0.44238281
-0.49829102
-0.15417480
0.20800781
0.20166016
-0.11157227
-0.27441406
-0.32836914
-0.09527588
-1.25585938
1.17675781
-0.23217773
0.16198730
0.20446777
0.19531250
0.12841797
0.18066406
0.13793945
-0.16918945
0.14709473
-0.05310059
0.07958984
0.02256775
0.02635193
-0.03991699
-0.00341797
-0.00757980
0.02864075
-0.00798035
0.11706543
-0.18261719
0.38403320
-0.15698242
-0.67382812
0.00717163
-0.14721680
-0.24719238
-0.25952148
-0.20800781
-0.72998047
-0.29809570
-0.10791016
0.33422852
0.23266602
0.20996094
-0.12915039
-0.11999512
0.18701172
-0.13623047
0.17407227
0.14465332
0.16699219
-0.04598999
-0.14697266
-0.05212402
0.03887939
-0.05532837
0.03976440
-0.00961304
0.02423096
-0.05093384
0.01116943
-0.13940430
-0.37304688
0.31005859
-0.54199219
-0.06124878
0.16235352
0.22216797
-0.15173340
-0.32763672
-0.23449707
-0.22167969
-1.32324219
1.28515625
-0.14526367
0.21667480
0.06335449
0.04910278
0.04913330
0.05960083
0.08618164
-0.06130981
0.06164551
0.06549072
-0.07806396
-0.03912354
-0.01066589
-0.00159454
0.06161499
-0.05072021
-0.04269409
0.06097412
0.16381836
-0.08489990
0.40747070
-0.25146484
-0.45629883
0.17846680
-0.25341797
-0.29638672
-0.26391602
-0.12249756
-0.76708984
-0.30859375
-0.04394531
0.54687500
0.35693359
0.07360840
-0.11395264
-0.03692627
0.05621338
-0.05520630
0.06842041
0.06027222
0.06234741
-0.11853027
0.04217529
-0.00506592
0.13562012
0.04461670
0.06463623
-0.07562256
0.01739502
0.00747681
0.09704590
-0.24157715
0.17260742
-0.05151367
-0.23608398
0.06494141
-0.05474854
0.06866455
-0.06719971
-0.14501953
0.07250977
-0.18408203
-0.15283203
0.02362061
-0.09619141
0.13159180
0.09729004
0.08508301
0.08288574
0.09625244
0.12695312
-0.09844971
0.09985352
-0.14404297
-0.32250977
-0.21875000
0.11529541
0.14135742
0.11511230
-0.02046204
-0.14624023
0.11444092
0.13354492
0.11657715
0.30541992
-0.33178711
0.03607178
0.13903809
-0.08673096
-0.10046387
-0.08410645
-0.03564453
-0.09796143
-0.21923828
0.37182617
0.10119629
0.12670898
0.07818604
-0.13195801
-0.06530762
0.09313965
-0.09075928
0.10577393
0.09814453
0.09948730
-0.02822876
0.11291504
0.04156494
0.00830078
-0.08117676
-0.02334595
0.05673218
-0.00314331
0.00725555
-0.02218628
-0.10345459
-0.24401855
0.22351074
-0.33764648
-0.02749634
0.06286621
0.17932129
-0.09149170
-0.21240234
-0.08880615
-0.17578125
-0.81884766
0.67773438
-0.13830566
0.14294434
0.14233398
0.12915039
0.08209229
0.13415527
0.13049316
-0.12963867
0.11389160
-0.13708496
-0.15942383
-0.14196777
0.07379150
0.05151367
0.01759338
-0.02120972
-0.04229736
0.03375244
0.14526367
-0.04840088
0.27001953
-0.14941406
-0.34887695
0.06585693
-0.09350586
-0.16528320
-0.11340332
-0.10400391
-0.44653320
-0.27514648
0.15356445
0.29687500
0.20874023
0.11181641
-0.11254883
-0.05859375
0.13427734
-0.09521484
0.13891602
0.10937500
0.12915039
0.13220215
0.21118164
0.17333984
-0.00228882
-0.04406738
0.02798462
-0.08367920
0.00228882
0.06610107
0.04309082
-0.16625977
0.14575195
-0.01400757
-0.05810547
0.01802063
-0.05972290
0.07275391
-0.00964355
-0.08911133
0.08227539
-0.07916260
0.03417969
-0.17456055
-0.17236328
0.09069824
0.22802734
0.21618652
0.15014648
0.20825195
0.17602539
-0.19799805
0.17700195
-0.03121948
0.03051758
-0.12744141
0.14135742
0.18151855
0.05776978
0.02647400
-0.12207031
0.08203125
0.04199219
0.10278320
0.14965820
-0.13244629
-0.00196838
-0.00270462
0.02850342
0.00190735
-0.00528336
-0.12805176
0.06848145
-0.23620605
0.41162109
-0.04724121
0.05407715
0.19165039
-0.13940430
-0.13244629
0.21337891
-0.16076660
0.20458984
0.17260742
0.19567871
-0.02850342
-0.08813477
-0.04727173
-0.03393555
-0.08050537
-0.12963867
0.09112549
0.11700439
-0.08087158
-0.08190918
-0.05718994
-0.17126465
0.15795898
-0.15905762
-0.12359619
0.10150146
0.15393066
-0.01759338
-0.17956543
-0.03057861
-0.02645874
-0.23791504
0.09448242
-0.22680664
0.07031250
0.23144531
0.21276855
0.14624023
0.19323730
0.13769531
-0.17858887
0.15722656
0.09844971
0.08105469
0.07714844
-0.15502930
-0.09875488
-0.02296448
-0.06262207
0.10400391
-0.03143311
0.14709473
-0.12524414
0.19042969
-0.08380127
-0.22924805
0.01803589
-0.05276489
-0.05813599
-0.19555664
-0.27099609
-0.03433228
-0.35571289
0.19116211
0.05364990
0.05096436
0.22851562
-0.11145020
-0.14331055
0.20214844
-0.14978027
0.18273926
0.15490723
0.17578125
-0.00682068
-0.00015259
-0.13085938
0.07647705
0.05871582
-0.07092285
0.09674072
0.03591919
-0.06677246
-0.16723633
0.02575684
-0.68603516
0.50000000
-0.41308594
-0.18945312
0.24316406
0.24243164
-0.12500000
-0.30297852
-0.33886719
-0.11700439
-1.24316406
1.18359375
-0.23229980
0.16113281
0.20056152
0.19165039
0.12353516
0.17517090
0.12829590
-0.16284180
0.13989258
-0.04248047
-0.12304688
0.01094055
-0.16979980
-0.17199707
-0.11700439
-0.00479126
0.10717773
-0.05062866
0.10333252
-0.24047852
0.24072266
-0.05334473
-0.75195312
0.01966858
-0.15747070
-0.26879883
-0.28662109
-0.23645020
-0.72167969
-0.34155273
-0.11816406
0.33837891
0.24584961
0.20507812
-0.12109375
-0.11761475
0.18212891
-0.13012695
0.16723633
0.13732910
0.16027832
-0.07757568
-0.06835938
-0.03079224
0.00871277
-0.04901123
-0.06665039
-0.01248169
0.07733154
-0.04818726
0.01475525
-0.16699219
0.15576172
-0.07934570
-0.07843018
0.02426147
-0.05349731
0.05038452
-0.01416016
-0.08294678
0.10156250
-0.08538818
0.11956787
-0.22216797
-0.17834473
0.08483887
0.17724609
0.16381836
0.13342285
0.15307617
0.13610840
-0.14501953
0.13867188
-0.06683350
0.01959229
0.03625488
0.00494766
0.00701904
-0.00082397
-0.02821350
-0.01124573
0.04730225
0.10174561
0.05673218
0.18627930
-0.20776367
0.09704590
0.04989624
-0.02041626
-0.00195312
-0.08966064
-0.14965820
0.14025879
-0.25634766
0.31054688
0.02459717
0.03466797
0.18139648
-0.12963867
-0.12963867
0.15722656
-0.13525391
0.14807129
0.13757324
0.14428711
-0.02709961
-0.09851074
-0.01472473
-0.01942444
-0.08569336
-0.04400635
-0.03402710
0.04464722
0.00904846
-0.02053833
-0.17309570
0.09136963
-0.02737427
-0.03744507
0.00773621
-0.03729248
0.02261353
0.01222229
-0.08459473
0.08020020
-0.02828979
0.15698242
-0.31225586
-0.17517090
0.05566406
0.19396973
0.17846680
0.13635254
0.16796875
0.13879395
-0.15869141
0.14624023
-0.10699463
-0.05496216
0.07543945
0.00110626
0.03851318
0.03799438
-0.03308105
0.00193405
0.04516602
0.05349731
0.02221680
0.19860840
-0.19165039
0.03454590
0.00669861
0.01451111
0.03433228
-0.04931641
-0.16137695
0.18139648
-0.25781250
0.35205078
-0.08203125
-0.00695801
0.18676758
-0.11645508
-0.13110352
0.17309570
-0.13989258
0.16296387
0.14440918
0.15673828
0.06530762
0.08911133
-0.07562256
0.11108398
0.01846313
-0.00672913
0.02404785
0.07067871
-0.02816772
-0.09265137
0.00451660
-0.17175293
0.15698242
-0.12091064
-0.08679199
0.05615234
0.12329102
-0.03173828
-0.15075684
-0.06176758
-0.04333496
-0.38159180
0.30346680
-0.19775391
0.07995605
0.21960449
0.21545410
0.13720703
0.19189453
0.13317871
-0.17651367
0.15258789
0.00094604
-0.04711914
-0.04177856
-0.05932617
-0.09814453
-0.11468506
-0.00198364
0.06298828
-0.01576233
0.03778076
-0.05746460
0.06304932
0.03283691
-0.30517578
-0.05133057
-0.00810242
-0.04818726
-0.12042236
-0.23352051
-0.18078613
-0.28540039
0.12536621
0.07623291
0.08154297
0.20581055
-0.10723877
-0.13305664
0.20141602
-0.14282227
0.17871094
0.14953613
0.17333984
0.09509277
0.03942871
-0.09802246
0.02928162
-0.03543091
-0.07611084
0.01663208
0.08239746
-0.04064941
-0.04309082
-0.15820312
0.04696655
0.01953125
-0.10711670
-0.04788208
0.01360321
0.10162354
0.00347900
-0.10601807
0.06390381
-0.04882812
-0.02038574
-0.10797119
-0.19592285
0.06640625
0.21166992
0.20031738
0.13806152
0.18579102
0.15039062
-0.17468262
0.15612793
-0.03842163
-0.15649414
-0.01190186
-0.07006836
-0.08245850
-0.05038452
-0.03659058
0.04803467
0.02557373
0.08215332
0.00756836
0.20251465
-0.17443848
-0.03756714
0.03628540
-0.03704834
-0.01359558
-0.13806152
-0.20837402
0.06170654
-0.29248047
0.31494141
0.01916504
0.02490234
0.20092773
-0.11926270
-0.12695312
0.19238281
-0.14489746
0.17919922
0.15356445
0.17224121
0.07421875
0.02214050
-0.06518555
-0.02787781
0.05529785
-0.07147217
0.05163574
0.04714966
-0.07879639
-0.10351562
-0.07263184
-0.50683594
0.37304688
-0.41967773
-0.09185791
0.19470215
0.25073242
-0.13159180
-0.32031250
-0.20190430
-0.21179199
-1.32226562
1.27539062
-0.15002441
0.21594238
0.06420898
0.04928589
0.04888916
0.05978394
0.08599854
-0.06143188
0.06158447
-0.02993774
-0.16491699
0.00103760
-0.02911377
0.00273895
-0.01654053
0.00105286
0.01353455
-0.00990295
0.12744141
-0.14611816
0.21887207
-0.14257812
-0.57080078
0.16479492
-0.22949219
-0.27270508
-0.27465820
-0.14062500
-0.77636719
-0.31567383
-0.07568359
0.56933594
0.35473633
0.07580566
-0.11352539
-0.03668213
0.05639648
-0.05499268
0.06860352
0.06018066
0.06243896
0.03277588
0.19433594
-0.09368896
0.04550171
-0.01675415
-0.07568359
0.00988007
0.04510498
-0.02265930
-0.06835938
-0.09143066
-0.15917969
0.12878418
-0.14050293
-0.08142090
0.08764648
0.16271973
0.00181580
-0.12048340
0.00411987
-0.04437256
-0.43945312
0.24633789
-0.19738770
0.07788086
0.22216797
0.21044922
0.13830566
0.20068359
0.16894531
-0.18981934
0.16772461
0.06945801
-0.06106567
-0.09857178
-0.07733154
-0.05242920
-0.04345703
-0.03585815
0.01669312
0.01479340
0.04693604
-0.03607178
0.15295410
-0.08264160
-0.22290039
0.02336121
-0.05587769
-0.05273438
-0.13232422
-0.18200684
-0.19335938
-0.29467773
0.16870117
0.18383789
0.05432129
0.20239258
-0.12670898
-0.11779785
0.20544434
-0.15075684
0.19702148
0.16357422
0.18725586
-0.07556152
0.14587402
-0.03958130
0.04806519
-0.00161743
-0.07537842
0.02612305
0.07183838
-0.05841064
-0.02096558
-0.16296387
-0.06970215
0.09283447
-0.13342285
-0.02388000
0.03237915
0.10308838
-0.02317810
-0.15942383
0.03424072
-0.06616211
-0.15307617
0.06549072
-0.23620605
0.12127686
0.22717285
0.21069336
0.16174316
0.20007324
0.17761230
-0.19079590
0.17773438
0.07098389
0.07757568
-0.11132812
-0.05096436
-0.09265137
-0.04638672
-0.06689453
0.03369141
0.03808594
0.09246826
-0.06677246
0.21606445
-0.17736816
-0.08453369
0.07348633
-0.07928467
-0.06011963
-0.15026855
-0.21325684
-0.04425049
-0.30517578
0.24707031
0.10180664
0.09503174
0.22949219
-0.15844727
-0.15112305
0.20458984
-0.16857910
0.19616699
0.17541504
0.18908691
-0.08752441
0.02642822
0.05828857
0.12438965
0.00643921
-0.07305908
0.01183319
0.09838867
-0.03781128
-0.00137711
-0.25366211
0.20056152
-0.08300781
-0.04333496
0.03472900
-0.09155273
0.02726746
0.04116821
-0.00662231
0.15893555
-0.03634644
0.26318359
-0.44189453
-0.14074707
0.05038452
0.19677734
0.18750000
0.13916016
0.18005371
0.16662598
-0.17333984
0.16064453
-0.06921387
0.20715332
-0.17138672
-0.05987549
-0.14611816
-0.07208252
-0.08087158
0.01309204
0.06652832
0.04888916
0.05706787
0.24487305
-0.24914551
0.14904785
0.02848816
0.01927185
0.05538940
-0.04125977
-0.11267090
0.20654297
-0.19091797
0.44458008
-0.09790039
-0.04302979
0.16967773
-0.13439941
-0.12243652
0.18359375
-0.14807129
0.17822266
0.15795898
0.17163086
-0.02693176
0.12341309
-0.07202148
-0.16491699
-0.02185059
0.10864258
0.00600052
-0.09167480
0.00711823
-0.23840332
0.24645996
-0.96337891
0.63623047
-0.34008789
-0.20104980
0.33789062
0.30908203
-0.15844727
-0.38232422
-0.43481445
-0.15295410
-1.87304688
1.85937500
-0.21472168
0.21887207
0.13098145
0.12255859
0.07531738
0.11486816
0.08569336
-0.10729980
0.08947754
0.09033203
-0.10980225
0.10070801
0.05676270
0.19531250
0.02975464
0.10546875
0.05493164
-0.10113525
-0.04586792
-0.22998047
-0.11938477
0.15563965
-1.11035156
0.00020885
-0.17944336
-0.34277344
-0.34277344
-0.22583008
-1.16113281
-0.33618164
-0.36425781
0.60839844
0.38916016
0.15039062
-0.10180664
-0.07037354
0.11865234
-0.08154297
0.11199951
0.08776855
0.10577393
0.14050293
-0.10241699
0.03958130
-0.03271484
0.06646729
0.03753662
0.02647400
0.01245117
-0.03717041
-0.04620361
-0.11340332
0.05566406
-0.01249695
-0.03060913
-0.04275513
0.00399017
0.09887695
0.03570557
-0.06231689
0.09564209
-0.01928711
0.09655762
-0.23779297
-0.22802734
0.06378174
0.25024414
0.23327637
0.16687012
0.21435547
0.16186523
-0.19934082
0.17932129
0.00585938
-0.07818604
0.05563354
0.01953125
-0.02864075
-0.03094482
-0.03015137
0.06701660
0.00675201
0.04467773
-0.02407837
0.16296387
-0.10125732
-0.00920105
-0.03921509
0.03207397
0.06011963
-0.08923340
-0.22387695
0.16369629
-0.32055664
0.32421875
-0.01116943
0.00781250
0.24414062
-0.13037109
-0.16088867
0.22290039
-0.17114258
0.20336914
0.17675781
0.19641113
-0.11584473
0.44091797
-0.82861328
-0.97558594
-0.48608398
0.61474609
0.08398438
-0.67968750
-0.10009766
-1.03027344
1.48046875
-3.39648438
2.30468750
-1.13378906
-0.93945312
1.46875000
1.08203125
-0.84082031
-1.72851562
-1.60742188
-0.66992188
-5.78906250
6.50781250
-0.46850586
0.72167969
-0.10241699
-0.14477539
-0.08294678
-0.14001465
-0.12951660
0.14013672
-0.13061523
-0.02416992
0.14770508
0.00875854
-0.31665039
1.14160156
0.03259277
0.96533203
0.54248047
-0.89160156
0.29858398
-1.31054688
-0.74902344
0.98388672
-3.44921875
0.53369141
-1.08984375
-1.50878906
-1.32519531
-0.80175781
-3.80859375
-1.09667969
-1.84570312
2.25585938
1.59375000
0.07946777
-0.07751465
0.03948975
-0.14355469
0.10156250
-0.13598633
-0.12390137
-0.13659668
0.02200317
0.00358200
-0.03228760
-0.08331299
-0.04696655
0.06414795
-0.00728607
-0.02606201
-0.00613403
-0.14172363
0.06329346
-0.50732422
0.36987305
-0.16442871
-0.10668945
0.14672852
0.18969727
-0.07910156
-0.22216797
-0.20520020
-0.11322021
-0.92089844
0.86425781
-0.17724609
0.16210938
0.15686035
0.14807129
0.10455322
0.13964844
0.11224365
-0.13195801
0.11682129
-0.00193787
0.01534271
0.02349854
-0.02139282
0.06567383
0.03997803
0.03799438
0.03921509
-0.03262329
-0.04968262
-0.11389160
-0.03155518
0.03643799
-0.63574219
-0.01669312
-0.07495117
-0.18066406
-0.21655273
-0.16809082
-0.58056641
-0.25585938
-0.00903320
0.24145508
0.22204590
0.15649414
-0.11749268
-0.09893799
0.14343262
-0.10961914
0.13623047
0.11511230
0.13049316
0.01022339
-0.01626587
-0.00471497
0.02445984
-0.02584839
0.04003906
0.01159668
0.03799438
-0.04840088
-0.12683105
-0.05172729
-0.41186523
0.29614258
-0.26147461
-0.09704590
0.16931152
0.24072266
-0.06158447
-0.21655273
-0.09814453
-0.16357422
-0.99169922
0.89160156
-0.12084961
0.15637207
0.06542969
0.05364990
0.04504395
0.06097412
0.07940674
-0.06149292
0.05920410
0.04647827
-0.16223145
0.06787109
0.05209351
0.01922607
-0.05252075
0.02520752
0.04406738
-0.03948975
0.04873657
-0.11669922
0.09143066
-0.08087158
-0.49145508
0.11297607
-0.14819336
-0.18225098
-0.22753906
-0.12634277
-0.58300781
-0.26562500
-0.00732422
0.44360352
0.24145508
0.06719971
-0.09429932
-0.03222656
0.05899048
-0.05136108
0.06787109
0.05758667
0.06188965
-0.06188965
0.13024902
-0.05297852
-0.03897095
0.04156494
0.06695557
0.03698730
0.01702881
-0.04782104
-0.06970215
-0.13818359
-0.14538574
0.13305664
-0.10888672
-0.05517578
0.03866577
0.12951660
0.00988770
-0.09759521
0.00577545
-0.05355835
-0.21362305
0.06347656
-0.19140625
0.09729004
0.20642090
0.18981934
0.14050293
0.18127441
0.15625000
-0.17260742
0.15759277
-0.00973511
-0.06616211
0.07788086
0.05187988
0.03283691
-0.05072021
0.00245667
0.05535889
0.00183105
0.03056335
-0.08319092
0.17053223
-0.13623047
-0.14880371
0.03811646
-0.04492188
-0.03784180
-0.14599609
-0.16687012
-0.05432129
-0.27026367
0.27270508
0.06396484
0.05981445
0.19812012
-0.13562012
-0.12841797
0.18554688
-0.14721680
0.17810059
0.15515137
0.17065430
-0.01239014
0.12988281
-0.08581543
-0.04687500
0.06530762
0.07684326
0.06237793
0.00028610
-0.06604004
-0.04568481
-0.19165039
0.04141235
0.02917480
-0.08581543
-0.01000214
-0.02819824
0.06256104
0.02284241
-0.09649658
0.10113525
-0.04040527
0.17126465
-0.25122070
-0.22973633
0.10925293
0.23181152
0.21325684
0.16662598
0.20300293
0.17736816
-0.19384766
0.18041992
-0.11608887
0.07543945
0.03338623
0.03826904
0.08581543
-0.04772949
0.01580811
0.07690430
-0.00097656
0.07312012
-0.09960938
0.27148438
-0.22558594
0.08819580
0.05441284
-0.03283691
0.01423645
-0.10845947
-0.20495605
0.17602539
-0.29125977
0.40307617
-0.01348877
0.05871582
0.23144531
-0.15612793
-0.15734863
0.20788574
-0.17187500
0.19860840
0.17834473
0.19189453
-0.00582886
0.01776123
-0.12054443
-0.08679199
0.03784180
0.00041389
0.08166504
0.03083801
-0.04006958
0.00366211
-0.06597900
-0.08862305
0.08874512
-0.00323486
-0.02587891
0.01751709
0.09509277
0.00587463
-0.08319092
-0.02069092
-0.02143860
-0.32983398
0.25048828
-0.18261719
0.08624268
0.22558594
0.22546387
0.14074707
0.20544434
0.15026855
-0.19152832
0.16455078
-0.01818848
0.05822754
-0.03076172
-0.02185059
0.11688232
0.01332092
-0.02651978
0.06951904
0.03851318
-0.04904175
0.00270462
0.00734711
0.02861023
-0.26831055
-0.08563232
0.02813721
-0.01335144
-0.07305908
-0.17468262
-0.21142578
-0.21215820
0.17248535
0.02520752
0.07562256
0.20214844
-0.11462402
-0.12939453
0.21386719
-0.15014648
0.19458008
0.16101074
0.18823242
-0.29101562
0.23144531
0.74902344
0.94433594
-0.51904297
-0.19360352
-0.64648438
-0.53564453
0.37451172
-0.67480469
1.31445312
-2.51757812
1.66992188
-0.45361328
-0.63281250
1.14843750
0.86181641
-0.61621094
-1.30664062
-1.22949219
-0.51953125
-5.01953125
5.41406250
-0.41650391
0.58203125
-0.02503967
-0.05880737
-0.02700806
-0.05392456
-0.04882812
0.05490112
-0.05273438
0.02258301
-0.73974609
0.32983398
-0.00317383
-0.82666016
0.41992188
0.20263672
-0.28979492
-0.45263672
-0.30566406
-0.47607422
-1.37890625
1.03320312
-2.95507812
0.27758789
-0.70800781
-1.12304688
-1.02050781
-0.64648438
-3.24218750
-0.86425781
-1.64843750
1.98437500
1.24218750
0.11315918
-0.10034180
0.00119019
-0.05691528
0.03622437
-0.04946899
-0.04885864
-0.05288696
-0.02996826
-0.06323242
0.00288391
-0.02490234
-0.00863647
0.02615356
0.04724121
-0.01490021
-0.05285645
-0.03305054
-0.21215820
0.08404541
-0.00646973
-0.07489014
0.02905273
-0.07012939
0.03546143
0.03332520
-0.03179932
0.13378906
-0.03561401
0.17419434
-0.29687500
-0.15393066
0.05337524
0.17858887
0.17053223
0.12268066
0.15869141
0.13671875
-0.15026855
0.13781738
0.07489014
-0.01322937
-0.04342651
0.00681686
0.07489014
0.02067566
0.00918579
0.06335449
-0.00755310
0.03326416
-0.08099365
0.25512695
-0.23559570
0.10919189
0.03298950
-0.00465393
0.04196167
-0.07849121
-0.16406250
0.17700195
-0.21496582
0.34985352
-0.03198242
-0.00457764
0.16455078
-0.11193848
-0.11303711
0.16381836
-0.12829590
0.15380859
0.13562012
0.14855957
0.06488037
-0.00041962
0.00177002
-0.02911377
-0.00878143
-0.09344482
0.10205078
0.10028076
-0.05041504
0.10559082
-0.09124756
-0.05157471
0.03945923
0.08477783
0.01965332
0.03222656
0.13684082
0.02149963
-0.04913330
-0.01721191
-0.01589966
-0.69677734
0.57910156
-0.11059570
0.06182861
0.16625977
0.17480469
0.08428955
0.15942383
0.11151123
-0.14782715
0.11798096
0.02557373
0.03065491
-0.11376953
-0.04089355
0.10662842
-0.07354736
-0.06286621
0.02915955
0.11480713
-0.09283447
0.10589600
-0.15063477
0.11761475
-0.38281250
-0.15075684
0.07867432
-0.00891113
-0.05545044
-0.13208008
-0.47875977
-0.15917969
0.02758789
0.17248535
0.09069824
0.12426758
-0.06921387
-0.06579590
0.16650391
-0.09783936
0.15148926
0.11340332
0.14428711
-0.09173584
0.01615906
0.05358887
0.08752441
-0.06115723
-0.00332642
-0.06182861
-0.12341309
0.00901794
-0.16394043
0.02711487
-0.25854492
0.20751953
-0.09454346
-0.10864258
0.08154297
0.15795898
-0.03231812
-0.15881348
-0.05014038
-0.07751465
-0.24414062
0.13903809
-0.22375488
0.09051514
0.21630859
0.19812012
0.14086914
0.18164062
0.13867188
-0.16870117
0.15100098
-0.04623413
-0.10351562
0.05157471
0.03302002
-0.07727051
0.11804199
0.03924561
0.01483154
-0.09124756
-0.03179932
-0.15441895
0.08032227
-0.04281616
-0.24060059
0.03152466
-0.06823730
-0.06640625
-0.19604492
-0.24011230
-0.05563354
-0.36718750
0.23828125
0.08728027
0.07897949
0.21826172
-0.12109375
-0.13623047
0.18920898
-0.14428711
0.17309570
0.14904785
0.16638184
-0.08068848
-0.00143433
0.11206055
0.02575684
-0.08843994
0.06597900
0.01983643
-0.05319214
-0.04742432
-0.09063721
-0.06774902
-0.17822266
0.15991211
-0.09863281
-0.04125977
0.04653931
0.11047363
-0.00732422
-0.14208984
0.03680420
-0.05261230
-0.16113281
0.06298828
-0.23803711
0.11810303
0.22875977
0.21203613
0.16064453
0.20080566
0.17700195
-0.19104004
0.17749023
-0.06512451
-0.16540527
-0.03750610
-0.06518555
0.02764893
0.05905151
0.06896973
0.05886841
-0.05108643
0.02783203
-0.16259766
0.14074707
-0.12054443
-0.12335205
0.06530762
-0.07189941
-0.04516602
-0.15173340
-0.22497559
-0.04211426
-0.30786133
0.24194336
0.10351562
0.09057617
0.23120117
-0.15600586
-0.14953613
0.20568848
-0.16784668
0.19689941
0.17504883
0.18945312
0.03167725
0.03845215
-0.01378632
-0.01710510
0.06750488
-0.05383301
-0.09350586
-0.05737305
0.04141235
-0.17114258
0.11077881
-0.40747070
0.28662109
-0.09112549
-0.08917236
0.11749268
0.17004395
-0.05737305
-0.17407227
-0.08587646
-0.11877441
-0.64794922
0.47949219
-0.12426758
0.08544922
0.09552002
0.07916260
0.05654907
0.07843018
0.07141113
-0.07415771
0.06683350
-0.03509521
-0.03323364
0.01829529
0.05615234
-0.09423828
0.06848145
-0.06549072
-0.04479980
-0.04956055
-0.10485840
-0.13769531
-0.08630371
0.01907349
-0.42797852
0.05654907
-0.07751465
-0.11071777
-0.16247559
-0.14965820
-0.29589844
-0.28271484
0.06640625
0.23168945
0.11944580
0.09515381
-0.07055664
-0.05062866
0.07995605
-0.06036377
0.07958984
0.06518555
0.07379150
0.00190830
0.01221466
0.08032227
0.07806396
-0.14404297
0.00956726
0.11303711
0.03823853
-0.10449219
0.11785889
-0.16491699
0.07159424
-0.03689575
0.09594727
0.08557129
-0.08575439
0.02569580
0.02911377
0.01850891
0.03811646
-0.00876617
-0.21789551
0.11462402
-0.09765625
0.04690552
0.16748047
0.17578125
0.09454346
0.15991211
0.11364746
-0.14831543
0.12225342
-0.00480652
0.01666260
0.10119629
-0.03778076
0.00930786
-0.07788086
0.05410767
0.09753418
0.07147217
-0.03074646
0.02850342
0.02563477
0.00969696
-0.13549805
-0.13269043
0.10382080
0.05358887
0.04183960
-0.07177734
-0.14916992
-0.09576416
0.19995117
-0.04693604
0.03567505
0.12597656
-0.07385254
-0.08068848
0.16699219
-0.10540771
0.15136719
0.11791992
0.14501953
0.01098633
0.02442932
0.01684570
0.08721924
-0.15356445
0.04180908
0.10888672
0.02529907
-0.11401367
0.11791992
-0.18518066
0.07861328
-0.02658081
0.08935547
0.07800293
-0.07067871
0.04135132
0.02680969
-0.00759888
0.05484009
-0.00704956
-0.27636719
0.14135742
-0.11383057
0.04989624
0.18188477
0.18847656
0.10607910
0.17126465
0.12231445
-0.15905762
0.13269043
-0.00928497
0.02868652
0.15661621
-0.00070190
-0.03244019
-0.07415771
0.08239746
0.10919189
0.05316162
-0.01309204
0.01464844
0.03063965
-0.00817871
-0.14257812
-0.11596680
0.08746338
0.04626465
0.02020264
-0.11108398
-0.19030762
-0.13745117
0.18579102
-0.00561523
0.03482056
0.14147949
-0.08288574
-0.09289551
0.17907715
-0.11669922
0.16198730
0.12878418
0.15588379
-0.01013184
-0.01916504
0.00591278
-0.16845703
0.14465332
-0.10723877
-0.04946899
-0.04907227
0.08666992
-0.05993652
0.26464844
-0.53662109
0.37158203
0.08477783
-0.16784668
0.24853516
0.26391602
-0.04699707
-0.24963379
-0.23486328
-0.04544067
-1.06250000
0.98632812
-0.27001953
0.15319824
0.24438477
0.23046875
0.15478516
0.20996094
0.15112305
-0.19543457
0.17004395
-0.04339600
-0.11230469
-0.09777832
0.02847290
0.03637695
-0.05679321
-0.07025146
-0.12829590
-0.00541687
-0.19860840
-0.01342773
-0.45263672
0.30419922
-0.79492188
-0.07409668
-0.05847168
-0.16796875
-0.29565430
-0.29736328
-0.63232422
-0.33935547
-0.12988281
0.29467773
0.20129395
0.25341797
-0.13647461
-0.15039062
0.21875000
-0.16076660
0.19970703
0.16772461
0.19262695
-0.09405518
-0.07666016
-0.01263428
-0.04022217
0.01644897
-0.06250000
-0.03219604
-0.07165527
0.01863098
-0.10321045
-0.02014160
-0.15893555
0.14184570
-0.09490967
-0.03765869
0.01225281
0.07830811
0.00532532
-0.09570312
0.04833984
-0.03887939
0.00689697
-0.13183594
-0.20385742
0.06500244
0.20336914
0.18798828
0.13757324
0.17333984
0.14062500
-0.16223145
0.14868164
-0.06204224
-0.01672363
-0.04595947
-0.03198242
-0.03195190
0.01745605
0.00707626
-0.03881836
-0.05987549
-0.03018188
-0.16210938
0.14758301
-0.13586426
-0.06054688
0.04397583
-0.04266357
0.00132751
-0.12670898
-0.22302246
0.10418701
-0.30615234
0.26953125
0.03366089
0.02185059
0.20410156
-0.11883545
-0.13171387
0.17956543
-0.14160156
0.16601562
0.14685059
0.16027832
-0.05798340
-0.13647461
-0.09033203
-0.03851318
0.00000000
-0.07019043
-0.02030945
-0.05004883
0.00732422
-0.03649902
-0.10253906
-0.10162354
0.11376953
-0.07006836
-0.01724243
-0.03164673
0.06240845
0.05340576
-0.03735352
0.10522461
0.00207520
0.11639404
-0.34130859
-0.20043945
0.04724121
0.24389648
0.23046875
0.16076660
0.21582031
0.17871094
-0.20397949
0.18359375
-0.09594727
-0.03787231
-0.05255127
0.03790283
-0.05639648
0.01872253
0.00794983
-0.03561401
-0.01899719
-0.06469727
-0.15209961
0.21069336
-0.19201660
0.01256561
0.00329971
-0.00198746
0.04278564
-0.09991455
-0.18798828
0.16479492
-0.28344727
0.38427734
-0.05603027
-0.03979492
0.22460938
-0.13525391
-0.14477539
0.22277832
-0.16967773
0.20996094
0.18029785
0.20141602
0.00863647
0.40698242
0.82226562
-0.37231445
0.60058594
-0.36157227
-0.19702148
0.01953125
0.89648438
-0.58642578
1.92578125
-2.06835938
1.47656250
0.31103516
-1.05566406
1.67578125
1.32128906
-0.66503906
-1.64453125
-1.32812500
-0.61035156
-5.71093750
6.43750000
-0.50488281
0.72021484
-0.10137939
-0.14526367
-0.08184814
-0.14062500
-0.12890625
0.14038086
-0.13024902
0.11804199
0.22497559
0.10278320
-0.95507812
1.08593750
-0.49780273
-0.94873047
-0.86914062
0.01538086
-0.89843750
0.45361328
-2.79687500
2.02734375
-3.61914062
0.22949219
-0.73095703
-1.30468750
-1.42187500
-0.96289062
-3.91406250
-1.13085938
-2.08007812
2.44921875
1.58203125
0.09167480
-0.07873535
0.03814697
-0.14416504
0.10076904
-0.13647461
-0.12341309
-0.13696289
0.04357910
-0.05310059
-0.00869751
-0.01942444
0.01870728
-0.06811523
-0.00930023
-0.05361938
0.03439331
-0.09405518
0.05636597
-0.37866211
0.30517578
-0.06768799
-0.11138916
0.14575195
0.22802734
-0.03216553
-0.18664551
-0.06445312
-0.14428711
-0.78027344
0.67089844
-0.17651367
0.16479492
0.13195801
0.11456299
0.09149170
0.11663818
0.11920166
-0.11364746
0.10656738
-0.05960083
-0.12255859
-0.05609131
0.02604675
0.04278564
-0.00509644
-0.02322388
-0.00749207
-0.05581665
-0.09844971
-0.14965820
-0.13037109
0.03863525
-0.47338867
0.07678223
-0.10095215
-0.11535645
-0.22265625
-0.16503906
-0.40380859
-0.29516602
0.06518555
0.35107422
0.21813965
0.13476562
-0.12524414
-0.07958984
0.11694336
-0.09765625
0.12060547
0.10443115
0.11340332
0.07324219
0.09045410
0.01663208
-0.00461197
0.05737305
-0.04324341
-0.03570557
-0.04006958
-0.03189087
-0.04367065
-0.07556152
-0.08752441
0.07904053
-0.07867432
0.01596069
-0.06445312
0.01776123
0.04537964
-0.02728271
0.10296631
0.00723267
0.23962402
-0.41723633
-0.21325684
0.04669189
0.23779297
0.22021484
0.16223145
0.20324707
0.15991211
-0.19018555
0.17382812
0.08929443
-0.03936768
-0.04324341
0.01924133
-0.08056641
0.00531769
0.04504395
-0.01989746
-0.05371094
-0.00581360
-0.19274902
0.23999023
-0.19519043
0.09460449
0.01116180
0.00160217
0.06921387
-0.06713867
-0.20642090
0.27929688
-0.29052734
0.38037109
-0.09289551
-0.03411865
0.23266602
-0.12731934
-0.15661621
0.21093750
-0.16613770
0.19445801
0.17150879
0.18750000
-0.02626038
0.09075928
0.04699707
0.02604675
0.03436279
-0.05014038
-0.01860046
-0.02426147
0.06616211
-0.07342529
0.07275391
-0.23242188
0.21203613
-0.02911377
-0.10058594
0.11193848
0.17858887
-0.00463867
-0.16992188
0.00372314
-0.05120850
-0.34301758
0.23803711
-0.24340820
0.11279297
0.23559570
0.21899414
0.15246582
0.20410156
0.16772461
-0.19189453
0.17211914
0.07452393
0.01873779
0.01043701
-0.05358887
0.05538940
-0.07220459
-0.05462646
-0.09527588
-0.02549744
-0.10644531
-0.12072754
-0.04058838
0.00531006
-0.25805664
0.02825928
-0.06695557
-0.05856323
-0.20751953
-0.28173828
-0.17687988
-0.36083984
0.20361328
0.16979980
0.10644531
0.23278809
-0.14245605
-0.14074707
0.21044922
-0.16040039
0.19750977
0.16931152
0.18969727
-0.13537598
-0.07043457
-0.02890015
0.13000488
-0.02046204
0.01309204
0.02435303
0.02856445
0.07006836
-0.04479980
0.06216431
-0.13061523
0.08514404
-0.01849365
-0.04754639
0.01416016
0.08892822
0.02001953
-0.07458496
0.02770996
-0.00737000
0.04425049
-0.17553711
-0.22460938
0.06005859
0.23071289
0.21142578
0.15356445
0.19042969
0.13745117
-0.17517090
0.15832520
-0.06335449
0.10595703
0.10363770
-0.04074097
0.07324219
-0.11285400
-0.05938721
-0.12225342
0.01043701
-0.11828613
-0.06530762
0.05310059
-0.03237915
-0.05368042
-0.02885437
-0.00238228
0.03280640
-0.12176514
-0.25048828
0.14636230
-0.33813477
0.27636719
-0.00891113
0.01239014
0.23547363
-0.11608887
-0.15380859
0.19921875
-0.15441895
0.17834473
0.15661621
0.17285156
0.28515625
-0.20288086
-0.81933594
0.84667969
-0.95361328
0.40893555
0.55908203
0.53125000
0.44140625
0.04016113
1.18945312
-1.10546875
0.95947266
0.67333984
-0.68505859
1.27343750
1.02929688
-0.48974609
-1.24414062
-1.00781250
-0.47509766
-4.95312500
5.35156250
-0.44238281
0.58007812
-0.02384949
-0.05883789
-0.02664185
-0.05410767
-0.04867554
0.05505371
-0.05264282
0.06219482
-0.74853516
0.01025391
0.41992188
0.20654297
-0.21618652
-0.38256836
-0.29833984
0.38720703
-0.74023438
0.73339844
-2.64843750
1.71289062
-2.91406250
0.08862305
-0.44824219
-0.97070312
-1.08691406
-0.76074219
-3.31640625
-0.88916016
-1.83789062
2.13867188
1.23242188
0.12231445
-0.10064697
0.00065613
-0.05709839
0.03598022
-0.04968262
-0.04870605
-0.05300903
0.11047363
-0.09906006
-0.01340485
-0.01335144
0.11346436
-0.02461243
-0.08465576
-0.03210449
-0.00447083
-0.03540039
-0.06286621
-0.05175781
0.03979492
-0.08929443
0.05389404
-0.12347412
-0.05197144
0.04385376
0.02761841
0.10644531
0.02491760
0.45849609
-0.59716797
-0.16601562
0.02044678
0.20434570
0.19042969
0.14453125
0.17333984
0.13256836
-0.16113281
0.14904785
-0.10662842
-0.02035522
0.02655029
0.03506470
0.00888062
-0.01086426
0.01165009
-0.03991699
-0.05740356
0.00405884
-0.18664551
0.30419922
-0.22387695
0.21142578
-0.01339722
0.03387451
0.10858154
0.01100159
-0.14819336
0.40136719
-0.22131348
0.42773438
-0.19824219
-0.07434082
0.19909668
-0.10815430
-0.14331055
0.18054199
-0.14538574
0.16308594
0.14770508
0.15869141
-0.01261139
-0.01696777
0.00991821
-0.00077820
0.09356689
0.02694702
-0.08831787
-0.10095215
-0.08319092
0.06811523
-0.09729004
0.00471497
0.00842285
0.14416504
0.06134033
-0.03536987
0.09136963
-0.00236130
-0.05078125
0.01000977
-0.02560425
-0.42138672
0.31665039
-0.12377930
0.07385254
0.17907715
0.18188477
0.10223389
0.16638184
0.11590576
-0.15441895
0.12768555
-0.01343536
0.00296783
0.11474609
-0.06027222
0.08068848
0.07507324
0.06118774
0.02917480
-0.07543945
0.05224609
-0.06762695
-0.04409790
0.07659912
-0.22851562
-0.09106445
0.05334473
0.00458145
-0.01660156
-0.12310791
-0.29956055
-0.15124512
0.12866211
0.03918457
0.08306885
0.14270020
-0.08380127
-0.08990479
0.17370605
-0.11193848
0.15759277
0.12390137
0.15112305
-0.29101562
0.70947266
0.08471680
-0.14575195
-0.72363281
0.45068359
0.67578125
0.60546875
0.30737305
0.20397949
1.05078125
-0.76318359
0.79296875
0.87890625
-0.68896484
1.28906250
1.05761719
-0.46484375
-1.23046875
-0.96679688
-0.46679688
-4.94140625
5.34375000
-0.44726562
0.57958984
-0.02363586
-0.05883789
-0.02655029
-0.05416870
-0.04861450
0.05508423
-0.05261230
-0.02124023
0.31176758
-0.81445312
0.93310547
-0.65478516
0.10333252
-0.04516602
-0.06799316
0.50048828
-0.71240234
0.92236328
-2.76757812
1.79687500
-2.85742188
0.05200195
-0.39697266
-0.93896484
-1.09765625
-0.78173828
-3.32812500
-0.89404297
-1.87304688
2.16796875
1.23144531
0.12402344
-0.10076904
0.00054932
-0.05712891
0.03591919
-0.04968262
-0.04867554
-0.05300903
-0.07464600
0.10559082
-0.01846313
0.00854492
-0.08416748
0.10412598
0.03845215
0.06939697
0.10107422
-0.06085205
0.10052490
-0.19299316
0.13696289
-0.08618164
-0.05737305
-0.00385284
0.05548096
-0.01162720
-0.08630371
-0.02587891
-0.05633545
0.13024902
-0.13708496
-0.19580078
0.08532715
0.16625977
0.14965820
0.12329102
0.13183594
0.09716797
-0.12133789
0.11492920
0.09741211
-0.06048584
-0.12054443
0.11114502
0.00613403
-0.06506348
-0.06045532
-0.12756348
0.00945282
-0.12054443
-0.10540771
0.08215332
-0.05288696
-0.04388428
0.02796936
-0.05218506
-0.00753784
-0.13183594
-0.20336914
0.18334961
-0.29614258
0.29321289
-0.03930664
0.06420898
0.18811035
-0.10406494
-0.13183594
0.13867188
-0.11816406
0.12158203
0.11499023
0.11944580
-0.12182617
0.11596680
-0.12707520
0.08764648
-0.02493286
-0.00004578
-0.06146240
-0.01986694
0.03973389
-0.04989624
0.00582886
-0.17138672
0.14770508
-0.13720703
0.01802063
-0.09741211
-0.01156616
0.04797363
-0.01086426
0.12463379
0.01501465
0.36132812
-0.55078125
-0.19458008
0.04162598
0.24609375
0.23046875
0.16833496
0.21496582
0.17700195
-0.20288086
0.18554688
0.09594727
-0.13159180
-0.00109863
-0.01995850
0.16821289
-0.09503174
-0.07238770
-0.08972168
-0.07305908
-0.03131104
-0.25976562
0.29614258
-0.22241211
0.14062500
0.03192139
-0.01686096
0.07470703
-0.05371094
-0.19165039
0.34130859
-0.27416992
0.49121094
-0.16735840
-0.05633545
0.22802734
-0.13793945
-0.15710449
0.22204590
-0.17492676
0.20751953
0.18273926
0.20031738
0.29125977
-0.68847656
0.79882812
-0.93359375
0.11047363
0.27368164
0.60449219
0.58447266
0.14550781
0.35839844
0.88037109
-0.40722656
0.61962891
1.08007812
-0.69091797
1.30468750
1.08593750
-0.43994141
-1.21777344
-0.92382812
-0.45825195
-4.92968750
5.33203125
-0.45239258
0.57958984
-0.02337646
-0.05880737
-0.02648926
-0.05416870
-0.04858398
0.05511475
-0.05261230
-0.01989746
0.35644531
0.17846680
0.14184570
-0.96972656
0.37255859
0.30493164
0.17309570
0.56884766
-0.64892578
1.08593750
-2.84179688
1.86328125
-2.78906250
0.01513672
-0.34521484
-0.90722656
-1.10742188
-0.80273438
-3.33984375
-0.89794922
-1.90917969
2.19531250
1.22949219
0.12573242
-0.10076904
0.00045776
-0.05718994
0.03585815
-0.04971313
-0.04864502
-0.05303955
-0.02197266
0.11926270
-0.00393677
0.02052307
-0.09722900
0.06530762
0.00523376
0.02957153
0.05859375
-0.01962280
0.05249023
-0.15856934
0.11151123
-0.05816650
-0.02383423
-0.02227783
0.07275391
0.01290894
-0.04806519
0.06420898
-0.02474976
0.00311279
-0.15942383
-0.15783691
0.04797363
0.18286133
0.16992188
0.11767578
0.15661621
0.12115479
-0.14526367
0.13000488
-0.11981201
0.08862305
-0.08905029
0.03866577
0.03604126
-0.03448486
-0.05242920
-0.08770752
-0.01840210
-0.08740234
-0.14172363
0.10723877
-0.06982422
-0.03707886
0.01063538
-0.02188110
0.03543091
-0.08007812
-0.18225098
0.09545898
-0.26977539
0.31127930
-0.00787354
0.00677490
0.17114258
-0.09716797
-0.11022949
0.16284180
-0.12194824
0.14916992
0.12780762
0.14331055
0.01950073
0.04016113
-0.00952148
0.01115417
-0.05291748
0.05401611
0.00820160
0.03353882
0.04479980
-0.01492310
0.08898926
-0.19091797
0.18896484
-0.04217529
-0.05407715
0.04141235
0.08392334
0.03149414
-0.08251953
0.03894043
-0.01910400
-0.09387207
-0.01377869
-0.21899414
0.08715820
0.21240234
0.19714355
0.14196777
0.18347168
0.15393066
-0.17370605
0.15820312
-0.04248047
0.06506348
-0.04461670
0.00988770
0.00939941
-0.02609253
-0.03341675
-0.04772949
-0.01262665
-0.07073975
-0.13330078
-0.00189209
-0.03692627
-0.11358643
0.03244019
-0.04644775
-0.00490570
-0.14404297
-0.22534180
0.01933289
-0.27734375
0.23925781
0.05969238
0.05084229
0.21582031
-0.12951660
-0.13256836
0.18920898
-0.14843750
0.17810059
0.15600586
0.17163086
-0.28540039
0.15478516
-0.27001953
-0.41625977
0.85205078
-0.03564453
0.36572266
0.47070312
-0.02893066
0.49365234
0.68554688
-0.04492188
0.43994141
1.27441406
-0.69091797
1.31738281
1.11230469
-0.41503906
-1.20410156
-0.88183594
-0.44970703
-4.91406250
5.32031250
-0.45703125
0.57910156
-0.02317810
-0.05880737
-0.02642822
-0.05419922
-0.04855347
0.05514526
-0.05258179
0.06091309
-0.75976562
0.77294922
-0.84765625
-0.47509766
0.46118164
0.56982422
0.38696289
0.58642578
-0.55273438
1.21777344
-2.86914062
1.91406250
-2.70312500
-0.02148438
-0.29272461
-0.87451172
-1.11718750
-0.82226562
-3.35156250
-0.90234375
-1.94335938
2.22460938
1.22753906
0.12756348
-0.10083008
0.00035858
-0.05722046
0.03579712
-0.04974365
-0.04864502
-0.05307007
-0.13012695
0.36425781
-0.33056641
0.00817871
0.49072266
-0.10125732
0.10546875
0.19311523
-0.03417969
0.32128906
0.34960938
-0.00634766
0.27636719
0.88281250
-0.38574219
0.78613281
0.72900391
-0.18969727
-0.67773438
-0.49511719
-0.25732422
-3.13281250
3.26171875
-0.35107422
0.36572266
0.09582520
0.07427979
0.04895020
0.06823730
0.04547119
-0.06115723
0.04888916
-0.13769531
-0.21313477
0.26147461
-0.47778320
-0.07055664
0.24023438
0.29492188
0.21569824
0.27636719
-0.26245117
0.65625000
-1.75976562
1.15722656
-1.72949219
-0.07714844
-0.11993408
-0.47314453
-0.68994141
-0.53955078
-2.08984375
-0.60546875
-1.10449219
1.35937500
0.71923828
0.17248535
-0.11096191
-0.05596924
0.07061768
-0.04943848
0.06646729
0.04867554
0.06072998
-0.08972168
-0.05010986
0.02532959
0.02565002
-0.03021240
0.04364014
-0.00337982
0.00234985
0.03359985
0.01943970
0.09375000
-0.22094727
0.19091797
-0.07250977
0.00468445
-0.06542969
-0.00291061
0.00308228
-0.02850342
0.01110840
-0.05062866
0.09332275
-0.23999023
-0.07604980
0.04901123
0.07922363
0.06811523
0.06134033
0.06567383
0.06518555
-0.06347656
0.06286621
0.01457214
-0.04803467
0.01023102
0.02607727
0.00281906
0.00251389
-0.02008057
-0.04791260
-0.03308105
-0.06842041
-0.13623047
0.03005981
-0.07446289
-0.04656982
0.03823853
-0.02029419
0.01332855
-0.01591492
-0.06530762
0.15576172
-0.15710449
0.32958984
-0.10388184
0.01022339
0.07739258
-0.06951904
-0.06121826
0.06713867
-0.06140137
0.06585693
0.06240845
0.06304932
0.00079346
-0.06420898
0.07861328
-0.04431152
-0.06143188
-0.02761841
-0.01209259
-0.00833130
0.01940918
0.03692627
0.00171661
-0.01460266
0.04296875
0.20800781
-0.00183105
0.07165527
0.14746094
0.02276611
-0.07122803
0.01190186
-0.00502014
-0.55761719
0.43969727
-0.17236328
0.06213379
0.20153809
0.20263672
0.10888672
0.18432617
0.13464355
-0.17077637
0.14160156
0.04937744
-0.02999878
0.06286621
0.01702881
-0.06506348
-0.01748657
-0.07623291
-0.05654907
-0.04891968
0.02619934
-0.04382324
-0.16931152
0.13000488
-0.28857422
-0.08117676
0.03628540
0.00096130
-0.11059570
-0.20458984
-0.34545898
-0.23583984
0.01806641
0.18591309
0.07214355
0.17639160
-0.08862305
-0.09045410
0.19238281
-0.12231445
0.17541504
0.13708496
0.16735840
-0.05651855
0.04663086
0.01278687
-0.06097412
-0.00964355
0.05187988
0.03781128
0.06573486
0.02554321
0.05926514
0.08007812
-0.16430664
0.12573242
0.04461670
-0.03582764
0.02525330
0.09484863
0.06021118
-0.03527832
0.05926514
0.02905273
-0.10235596
-0.12145996
-0.22290039
0.05236816
0.27026367
0.25488281
0.16699219
0.23730469
0.18261719
-0.22192383
0.19433594
-0.08508301
-0.17419434
0.12316895
-0.03161621
-0.10363770
0.05871582
-0.01885986
-0.00938416
-0.00031281
-0.05233765
-0.08581543
-0.03103638
0.00588989
-0.11145020
-0.06103516
0.02507019
0.06463623
-0.08874512
-0.23229980
0.05023193
-0.30493164
0.31225586
-0.00463867
-0.01184082
0.24865723
-0.13024902
-0.15039062
0.24584961
-0.17785645
0.22827148
0.19030762
0.21862793
-0.01322937
-0.08422852
-0.01893616
0.15441895
0.05438232
-0.08917236
-0.02355957
0.03363037
-0.04214478
0.18078613
0.09301758
0.04687500
0.11950684
0.50146484
-0.14221191
0.30126953
0.33862305
-0.00341797
-0.23901367
-0.17602539
-0.04931641
-1.27050781
1.19726562
-0.26513672
0.16821289
0.22021484
0.20751953
0.13452148
0.19177246
0.14514160
-0.17968750
0.15515137
0.05371094
0.05957031
-0.09490967
-0.01824951
0.13696289
0.03521729
0.06304932
0.09118652
0.05554199
-0.02590942
0.21850586
-0.74707031
0.49853516
-0.72656250
-0.11993408
0.01011658
-0.13513184
-0.32788086
-0.31176758
-0.82324219
-0.34619141
-0.28002930
0.46484375
0.24084473
0.23120117
-0.13232422
-0.12500000
0.19848633
-0.14318848
0.18493652
0.15246582
0.17700195
0.01629639
0.13659668
-0.03695679
-0.04016113
0.02604675
0.03964233
0.00961304
0.04730225
0.02252197
0.11370850
0.15124512
-0.09082031
0.21752930
0.26635742
-0.18041992
0.28784180
0.34130859
-0.03765869
-0.27734375
-0.05859375
-0.16699219
-1.30664062
1.22753906
-0.17016602
0.21252441
0.06787109
0.05017090
0.04785156
0.06054688
0.08526611
-0.06188965
0.06124878
-0.07836914
-0.09503174
0.05368042
-0.00365829
0.04885864
0.06167603
0.05072021
-0.01306915
0.07617188
-0.11846924
0.06143188
-0.54541016
0.33496094
-0.65722656
0.05529785
-0.08715820
-0.14343262
-0.30224609
-0.21337891
-0.79980469
-0.34106445
-0.20947266
0.66552734
0.34594727
0.08496094
-0.11138916
-0.03549194
0.05731201
-0.05419922
0.06951904
0.05969238
0.06274414
0.02667236
0.04547119
-0.04992676
0.07177734
0.05377197
-0.06671143
-0.01370239
0.06445312
-0.00245667
0.10681152
0.08679199
-0.08264160
0.08355713
0.15991211
-0.09826660
0.11029053
0.19177246
0.04461670
-0.09497070
-0.01104736
-0.01399231
-0.41772461
0.24255371
-0.21459961
0.11639404
0.21813965
0.19824219
0.14685059
0.18554688
0.14660645
-0.17504883
0.15844727
0.06085205
0.09899902
-0.05725098
-0.03137207
0.06042480
0.08471680
0.05444336
0.04364014
0.04202271
-0.06384277
0.03463745
-0.24609375
0.16613770
-0.28417969
-0.06713867
0.00744629
-0.00109863
-0.17370605
-0.22387695
-0.19409180
-0.28662109
0.12695312
0.11767578
0.09515381
0.21923828
-0.13391113
-0.14135742
0.19152832
-0.15087891
0.17956543
0.15637207
0.17297363
-0.02557373
-0.01187134
-0.04962158
0.04876709
0.06939697
-0.04562378
0.01620483
0.07202148
0.01330566
0.07836914
0.13513184
-0.16674805
0.18261719
0.03094482
-0.08129883
0.08172607
0.14099121
0.03536987
-0.09423828
0.04837036
-0.02232361
-0.21386719
0.05950928
-0.21630859
0.07818604
0.22558594
0.21166992
0.14038086
0.19726562
0.16284180
-0.18579102
0.16479492
0.08795166
0.13476562
-0.06420898
-0.01395416
0.01626587
0.07745361
0.04568481
0.04504395
0.05300903
-0.07568359
-0.04867554
-0.11096191
0.05523682
-0.17370605
-0.00109863
-0.03002930
-0.00157166
-0.16345215
-0.25146484
-0.06909180
-0.32153320
0.23535156
0.10925293
0.04925537
0.21484375
-0.12658691
-0.12457275
0.20385742
-0.15014648
0.19189453
0.16137695
0.18334961
0.09814453
0.12365723
0.12817383
0.00793457
-0.19116211
-0.12963867
-0.16284180
-0.06219482
-0.13024902
0.28125000
-0.01464844
0.32983398
-0.00781250
0.77197266
-0.17236328
0.41772461
0.45727539
-0.02233887
-0.31005859
-0.19873047
-0.09082031
-1.83691406
1.73437500
-0.23547363
0.16442871
0.15368652
0.14416504
0.07312012
0.13293457
0.09246826
-0.12286377
0.09747314
-0.00648499
-0.10559082
0.07086182
0.22717285
0.17578125
-0.09954834
0.05447388
0.14306641
0.04876709
0.05541992
0.36621094
-0.96875000
0.67822266
-0.90478516
-0.15856934
0.03976440
-0.17443848
-0.40136719
-0.35180664
-1.21484375
-0.40502930
-0.55761719
0.74853516
0.30810547
0.16613770
-0.08410645
-0.06188965
0.13830566
-0.08325195
0.12878418
0.09423828
0.12042236
-0.04895020
-0.12243652
0.01478577
0.04580688
0.03598022
-0.07519531
-0.00345612
0.05932617
0.00038910
0.10650635
0.14208984
-0.12438965
0.16333008
0.10717773
-0.08972168
0.09881592
0.16650391
0.04101562
-0.11798096
0.02505493
-0.02430725
-0.36767578
0.19958496
-0.23510742
0.11499023
0.23828125
0.21887207
0.15515137
0.20727539
0.17529297
-0.19628906
0.17724609
-0.04595947
0.00427246
-0.07147217
0.01676941
0.04583740
0.06005859
0.05319214
0.06781006
0.05432129
-0.05682373
0.00946045
-0.22521973
0.13269043
-0.24768066
-0.00939941
-0.03158569
-0.00767517
-0.19067383
-0.26611328
-0.15637207
-0.33691406
0.19775391
0.14880371
0.09478760
0.23107910
-0.14831543
-0.14111328
0.21276855
-0.16418457
0.20312500
0.17407227
0.19421387
0.02416992
0.42773438
-0.03790283
-0.69580078
-1.11621094
-0.51171875
-0.86279297
-0.18542480
-0.72753906
1.03320312
-0.13085938
1.40820312
-0.40136719
2.27929688
-1.05175781
1.82324219
1.60351562
-0.38769531
-1.49218750
-0.90917969
-0.51904297
-5.57812500
6.32031250
-0.55664062
0.71777344
-0.09985352
-0.14562988
-0.08038330
-0.14135742
-0.12805176
0.14099121
-0.12988281
0.11584473
0.18212891
0.82763672
0.75292969
0.54345703
-0.34130859
0.44018555
0.84912109
0.52441406
-0.29052734
1.97265625
-3.17968750
2.47656250
-2.82812500
-0.24682617
-0.14208984
-0.93652344
-1.52148438
-1.18359375
-4.03125000
-1.17480469
-2.41406250
2.73437500
1.56445312
0.10949707
-0.08068848
0.03604126
-0.14501953
0.09967041
-0.13720703
-0.12280273
-0.13732910
0.08831787
-0.12597656
0.17687988
0.16516113
0.07165527
-0.09259033
0.03881836
0.15417480
0.06408691
0.08532715
0.25537109
-0.30273438
0.31835938
-0.02404785
-0.13452148
0.09118652
0.18041992
-0.00531006
-0.14416504
0.05477905
-0.14379883
-0.32421875
0.16662598
-0.12561035
0.14965820
0.09979248
0.08215332
0.08184814
0.09149170
0.11639404
-0.09307861
0.09417725
-0.12963867
-0.28369141
-0.06182861
0.00451660
0.08544922
0.09991455
0.06951904
-0.01342773
0.10601807
-0.15148926
-0.06732178
-0.20361328
0.10369873
-0.30346680
0.09527588
-0.09356689
-0.05981445
-0.16271973
-0.11468506
-0.16381836
-0.26733398
0.28076172
0.16845703
0.15637207
0.09484863
-0.13000488
-0.06890869
0.08911133
-0.08740234
0.10015869
0.09301758
0.09387207
0.06060791
0.05072021
0.07061768
0.00420761
-0.04025269
-0.09851074
-0.04385376
0.01933289
-0.02284241
0.13635254
0.12335205
-0.03482056
0.12780762
0.20275879
-0.11914062
0.15649414
0.22302246
0.03689575
-0.12243652
-0.00061035
-0.03326416
-0.56152344
0.37109375
-0.21557617
0.10931396
0.21813965
0.19934082
0.13696289
0.19189453
0.16552734
-0.18237305
0.16296387
-0.00161743
-0.14221191
0.02499390
0.04696655
0.02496338
0.00170898
0.03002930
0.06579590
0.04833984
-0.02941895
0.06774902
-0.34277344
0.22692871
-0.31396484
-0.02923584
-0.01467896
-0.02478027
-0.20617676
-0.23291016
-0.27856445
-0.31689453
0.09606934
0.23449707
0.09967041
0.20874023
-0.13598633
-0.11895752
0.19580078
-0.14770508
0.18994141
0.15930176
0.18054199
0.01083374
0.17346191
0.03329468
-0.05038452
-0.05133057
-0.14794922
-0.04296875
0.02920532
-0.03778076
0.10913086
0.16564941
-0.19836426
0.15307617
-0.02206421
-0.10229492
0.09051514
0.12817383
0.05520630
-0.09729004
0.04345703
0.00138855
0.03302002
-0.09265137
-0.28076172
0.10974121
0.26367188
0.24291992
0.17846680
0.22363281
0.17822266
-0.20886230
0.19055176
0.12622070
0.00219727
0.09271240
0.07812500
0.11352539
-0.03167725
0.10382080
0.15478516
0.09161377
-0.07781982
0.04745483
-0.10266113
0.06256104
-0.10095215
-0.01846313
-0.04010010
0.01614380
-0.19335938
-0.32592773
0.08532715
-0.37182617
0.32934570
0.04388428
0.07617188
0.27294922
-0.15368652
-0.17224121
0.23132324
-0.18286133
0.21362305
0.18823242
0.20642090
-0.06781006
0.02447510
-0.02947998
-0.08337402
-0.03869629
-0.04541016
-0.02250671
-0.02694702
-0.02590942
0.09857178
0.10992432
-0.04064941
0.12512207
0.19848633
-0.05975342
0.09082031
0.12622070
0.05526733
-0.08990479
-0.02413940
0.02143860
-0.28491211
0.14306641
-0.27099609
0.09155273
0.28125000
0.26562500
0.18127441
0.24316406
0.18530273
-0.22766113
0.20153809
0.02282715
0.07818604
0.05566406
-0.00796509
0.01962280
-0.06298828
0.02999878
0.09039307
0.02551270
0.03387451
0.06671143
-0.28027344
0.18432617
-0.22778320
-0.06927490
0.00491333
0.00411987
-0.17895508
-0.29638672
-0.10198975
-0.33715820
0.18164062
0.06469727
0.05242920
0.27880859
-0.14648438
-0.17138672
0.25268555
-0.18908691
0.23266602
0.19824219
0.22424316
-0.00569153
0.04699707
-0.01000214
0.00508499
0.04626465
0.03939819
0.04904175
-0.01371002
0.03027344
0.03204346
0.03787231
0.18115234
0.03399658
0.46044922
-0.02319336
0.15881348
0.23474121
0.05935669
-0.09564209
-0.03393555
0.00538254
-0.85253906
0.67089844
-0.22802734
0.10748291
0.24743652
0.23828125
0.14746094
0.22314453
0.17187500
-0.20971680
0.17944336
0.02720642
-0.00624084
0.03656006
-0.02757263
-0.00418091
0.01219940
0.01129150
-0.03213501
-0.02748108
0.10766602
0.03668213
-0.39428711
0.30004883
-0.34912109
-0.12353516
0.07720947
-0.00741577
-0.18530273
-0.23718262
-0.52050781
-0.27636719
-0.06591797
0.27978516
0.11175537
0.23095703
-0.13037109
-0.12829590
0.23034668
-0.16076660
0.21655273
0.17517090
0.20617676
0.10632324
-0.08581543
-0.02035522
0.02346802
-0.05505371
0.02026367
-0.05273438
-0.04565430
-0.07666016
0.13012695
0.06945801
-0.07250977
0.07116699
0.06317139
-0.05148315
0.04351807
0.10217285
0.01229858
-0.06628418
-0.00765610
-0.02786255
-0.12609863
0.03622437
-0.17382812
0.05499268
0.17199707
0.15991211
0.10803223
0.14160156
0.10211182
-0.12915039
0.11492920
-0.08001709
-0.05221558
-0.08605957
-0.10729980
-0.04965210
-0.09497070
0.00083923
0.11083984
0.05236816
-0.01281738
0.07287598
-0.12780762
0.08081055
-0.12207031
-0.03622437
-0.01133728
0.02484131
-0.13293457
-0.22839355
0.01368713
-0.31665039
0.20092773
0.06185913
0.04174805
0.17211914
-0.08740234
-0.10614014
0.14916992
-0.10998535
0.13146973
0.11322021
0.12744141
-0.14270020
0.70214844
0.70312500
0.70996094
0.44287109
0.43164062
-0.33154297
-0.60839844
-0.56445312
0.64746094
-0.66943359
1.94238281
-0.66064453
2.27929688
-0.64892578
1.34960938
1.25195312
-0.26098633
-1.11425781
-0.62500000
-0.39770508
-4.82812500
5.24218750
-0.48632812
0.57666016
-0.02180481
-0.05880737
-0.02597046
-0.05441284
-0.04833984
0.05526733
-0.05245972
0.25439453
-0.32861328
-0.41894531
-0.62304688
-0.86914062
-0.16589355
-0.59082031
0.03234863
-0.16137695
0.36035156
1.22656250
-2.11328125
1.84960938
-1.93359375
-0.23791504
0.02856445
-0.66113281
-1.16308594
-0.94042969
-3.41015625
-0.92675781
-2.15039062
2.39257812
1.21582031
0.13818359
-0.10119629
-0.00023651
-0.05740356
0.03552246
-0.04995728
-0.04843140
-0.05319214
0.04785156
-0.09625244
-0.04248047
-0.02380371
-0.05062866
0.01168823
-0.03210449
-0.01475525
-0.02995300
0.09960938
0.08862305
-0.08099365
0.08074951
0.08184814
-0.03512573
0.02113342
0.11297607
0.03707886
-0.02992249
0.01187897
-0.01308441
-0.17102051
-0.01654053
-0.16381836
0.05578613
0.19580078
0.18127441
0.12091064
0.16833496
0.13012695
-0.15722656
0.13842773
0.05044556
-0.06451416
-0.06750488
-0.03961182
-0.03683472
-0.08612061
0.00209999
0.07000732
0.03414917
0.02105713
0.01724243
-0.13513184
0.08154297
-0.11572266
-0.05172729
0.00848389
0.04479980
-0.09497070
-0.16235352
-0.01121521
-0.27124023
0.25854492
0.02481079
0.01464844
0.18103027
-0.10223389
-0.10998535
0.17480469
-0.12731934
0.16210938
0.13562012
0.15515137
-0.17224121
0.37792969
0.68164062
0.93701172
0.87109375
0.45971680
-0.10498047
-0.59521484
-0.52148438
0.58593750
-0.80273438
2.11328125
-0.77587891
2.36914062
-0.63964844
1.34765625
1.26464844
-0.24340820
-1.10351562
-0.59765625
-0.39184570
-4.81640625
5.23437500
-0.48974609
0.57617188
-0.02166748
-0.05880737
-0.02593994
-0.05444336
-0.04830933
0.05529785
-0.05245972
-0.23571777
0.67675781
0.45385742
0.11633301
-0.43969727
0.04968262
-0.66894531
-0.12915039
-0.27050781
0.45312500
1.14453125
-1.94238281
1.80371094
-1.82324219
-0.26074219
0.06494141
-0.63574219
-1.16699219
-0.95312500
-3.41406250
-0.92919922
-2.17382812
2.41210938
1.21484375
0.13928223
-0.10119629
-0.00029755
-0.05743408
0.03546143
-0.04998779
-0.04843140
-0.05322266
0.07263184
-0.13720703
0.17089844
0.39501953
0.49340820
0.23706055
0.02233887
-0.27050781
-0.23706055
0.28442383
-0.44116211
1.30957031
-0.46044922
1.57421875
-0.33447266
0.79003906
0.80859375
-0.08447266
-0.61328125
-0.31738281
-0.21862793
-3.07617188
3.21093750
-0.37060547
0.36206055
0.09747314
0.07489014
0.04833984
0.06854248
0.04516602
-0.06130981
0.04873657
-0.17492676
0.39916992
0.38525391
0.26855469
-0.05007935
0.10852051
-0.31225586
-0.10363770
-0.14599609
0.30175781
0.59863281
-1.17382812
1.09570312
-1.13574219
-0.20666504
0.09143066
-0.31884766
-0.70996094
-0.61230469
-2.12304688
-0.62011719
-1.25097656
1.47265625
0.70996094
0.17968750
-0.10949707
-0.05508423
0.07098389
-0.04901123
0.06665039
0.04843140
0.06088257
-0.09814453
0.15026855
0.09301758
0.03500366
-0.00705719
0.06204224
-0.06060791
-0.05117798
-0.06311035
0.11853027
0.08258057
-0.04879761
0.05722046
0.12200928
-0.06945801
0.08276367
0.15966797
0.03689575
-0.05679321
-0.00228882
-0.02218628
-0.24121094
0.09973145
-0.16674805
0.06457520
0.17578125
0.16210938
0.10961914
0.14648438
0.10766602
-0.13476562
0.11895752
-0.02366638
-0.04849243
-0.03302002
-0.04205322
-0.09033203
-0.07611084
-0.00866699
0.08349609
0.04272461
0.01513672
0.06347656
-0.16699219
0.11590576
-0.14440918
-0.06646729
0.01517487
0.03503418
-0.14514160
-0.20812988
-0.07708740
-0.31567383
0.20898438
0.07861328
0.04779053
0.17224121
-0.09252930
-0.10534668
0.15344238
-0.11291504
0.13818359
0.11724854
0.13269043
-0.06665039
0.18420410
0.12731934
0.05230713
-0.05770874
0.04196167
-0.08099365
-0.04351807
-0.01470947
0.07025146
0.19299316
-0.24133301
0.17907715
-0.09716797
-0.02902222
-0.02633667
0.01363373
0.05508423
-0.00347900
0.04058838
0.03909302
0.24780273
-0.40869141
-0.17492676
0.03247070
0.21606445
0.20141602
0.14147949
0.18591309
0.14538574
-0.17382812
0.15600586
-0.12371826
0.09478760
-0.04519653
-0.08166504
-0.12011719
-0.10650635
0.01852417
0.08416748
0.06216431
-0.02073669
0.04415894
-0.09948730
0.02952576
-0.00903320
-0.00437164
-0.02622986
0.05456543
-0.05899048
-0.19970703
0.26269531
-0.25585938
0.43701172
-0.16674805
-0.04388428
0.20019531
-0.10925293
-0.13330078
0.19274902
-0.14685059
0.17822266
0.15332031
0.17102051
-0.04394531
0.00872040
0.09875488
0.02827454
-0.04824829
-0.05175781
-0.00329590
0.06982422
0.08520508
-0.09497070
0.03155518
0.12817383
-0.09808350
0.33886719
0.09960938
-0.01991272
0.11090088
0.02128601
-0.02256775
0.05603027
0.00077057
-0.59619141
0.46191406
-0.11511230
0.05648804
0.16552734
0.17102051
0.08349609
0.15490723
0.10498047
-0.14306641
0.11425781
-0.00518799
0.00124359
-0.00305176
-0.03292847
-0.07684326
0.06750488
0.09625244
0.04074097
0.04415894
0.04956055
-0.09838867
-0.01385498
0.06170654
-0.09564209
-0.07867432
0.06365967
0.04064941
-0.04489136
-0.14331055
-0.39843750
-0.16271973
-0.00537109
0.15795898
0.07415771
0.12915039
-0.06591797
-0.06750488
0.16235352
-0.09576416
0.14648438
0.10974121
0.13940430
0.06805420
-0.01696777
0.06762695
0.04550171
0.01782227
0.06689453
-0.01832581
-0.04260254
-0.02241516
0.06329346
0.13281250
-0.10522461
0.13146973
0.03063965
-0.03512573
0.01528931
0.09020996
0.07397461
-0.00698853
0.05606079
0.02067566
-0.06781006
-0.14892578
-0.19897461
0.06060791
0.24133301
0.22534180
0.15283203
0.21130371
0.17260742
-0.19970703
0.17797852
0.01065063
0.12670898
0.05477905
-0.00761414
-0.05081177
-0.01972961
-0.00790405
0.03683472
0.02030945
0.04559326
0.02870178
-0.13977051
0.07806396
-0.08288574
-0.03530884
0.00046539
0.06161499
-0.09393311
-0.18762207
0.06427002
-0.26562500
0.31127930
-0.01135254
-0.00726318
0.22387695
-0.13085938
-0.13610840
0.21789551
-0.16271973
0.20568848
0.17456055
0.19726562
-0.04110718
0.11358643
-0.02700806
-0.09558105
-0.02534485
-0.02108765
0.01834106
-0.02302551
-0.00658417
-0.00379944
-0.13427734
0.57226562
-0.19506836
0.75341797
-0.04583740
0.23742676
0.31567383
0.04199219
-0.16687012
-0.08837891
-0.02354431
-1.21777344
1.12304688
-0.25390625
0.14611816
0.21130371
0.20007324
0.12249756
0.18371582
0.13476562
-0.17114258
0.14538574
-0.07342529
-0.03930664
-0.05780029
0.04730225
0.09289551
0.06347656
0.00321960
-0.04266357
-0.03170776
0.16101074
0.13049316
-0.39599609
0.42675781
-0.36694336
-0.14746094
0.09228516
-0.04663086
-0.27929688
-0.30126953
-0.79541016
-0.31225586
-0.32519531
0.48608398
0.20849609
0.22143555
-0.11755371
-0.11169434
0.19091797
-0.13183594
0.17639160
0.14245605
0.16845703
0.05664062
-0.14025879
0.01000977
0.03579712
0.00730133
0.06994629
0.02038574
-0.04022217
-0.07720947
0.11798096
0.00065613
0.36450195
-0.03500366
0.54785156
-0.18798828
0.30078125
0.36376953
0.01025391
-0.25024414
0.01245117
-0.14404297
-1.29589844
1.20214844
-0.17980957
0.21057129
0.06958008
0.05059814
0.04733276
0.06091309
0.08502197
-0.06210327
0.06100464
0.05654907
0.08953857
0.06439209
-0.01855469
0.05487061
-0.02195740
-0.04742432
0.02815247
-0.01902771
0.11419678
0.16320801
-0.41528320
0.39770508
-0.44970703
-0.01422119
-0.00415039
-0.06903076
-0.30444336
-0.24450684
-0.80224609
-0.35156250
-0.27490234
0.71093750
0.34082031
0.08947754
-0.11035156
-0.03485107
0.05770874
-0.05377197
0.06994629
0.05947876
0.06292725
-0.16223145
-0.26000977
-0.14916992
0.15661621
0.13232422
0.12817383
-0.05130005
-0.07849121
-0.09954834
0.16149902
0.22595215
-0.17919922
0.27416992
0.00781250
-0.11816406
0.04217529
0.11840820
-0.01281738
-0.11816406
0.09899902
-0.12829590
-0.21533203
0.01013184
-0.10815430
0.12536621
0.10449219
0.08776855
0.07995605
0.09838867
0.12512207
-0.09967041
0.09887695
0.09204102
-0.19531250
0.16027832
0.08435059
-0.06677246
-0.03164673
-0.05926514
0.12463379
0.05694580
0.03411865
0.14477539
-0.30175781
0.19396973
-0.23876953
0.09790039
-0.09344482
-0.02789307
-0.10693359
-0.09118652
-0.07104492
-0.25610352
0.33935547
0.10339355
0.11657715
0.08776855
-0.12622070
-0.06173706
0.09564209
-0.08850098
0.10797119
0.09680176
0.10040283
-0.13989258
-0.08325195
-0.12890625
0.02354431
0.06384277
0.01074982
0.05889893
-0.01529694
-0.02713013
0.08081055
0.01298523
0.23852539
-0.04821777
0.40478516
-0.07067871
0.11267090
0.24377441
-0.01800537
-0.15222168
0.05249023
-0.10717773
-0.83349609
0.63281250
-0.15808105
0.13427734
0.14843750
0.13146973
0.07788086
0.13635254
0.12792969
-0.13110352
0.11254883
0.00427246
-0.17675781
0.07269287
0.07043457
0.07183838
0.02719116
0.01412964
0.03955078
0.02133179
0.12268066
0.11352539
-0.27490234
0.26440430
-0.26806641
-0.01000977
0.00088501
-0.00097656
-0.14453125
-0.18090820
-0.45214844
-0.30834961
0.00854492
0.38281250
0.19421387
0.12207031
-0.10449219
-0.05316162
0.13671875
-0.09210205
0.14111328
0.10766602
0.13024902
-0.00805664
0.13037109
-0.21301270
0.02725220
0.18627930
0.06311035
-0.08416748
-0.05444336
-0.04473877
0.06008911
0.17456055
-0.14868164
0.10485840
0.01258850
0.00716782
-0.05673218
0.05242920
-0.00540924
-0.02970886
0.05731201
-0.02218628
-0.03820801
-0.16687012
-0.17675781
0.07629395
0.23535156
0.22155762
0.14355469
0.21191406
0.17236328
-0.20019531
0.17492676
-0.13549805
-0.16882324
-0.02975464
0.13879395
0.01434326
-0.01161194
-0.02479553
0.10925293
0.09545898
0.00232697
0.08776855
-0.14636230
0.08203125
-0.05676270
0.01676941
-0.03411865
0.05050659
-0.00956726
-0.15307617
0.09045410
-0.24804688
0.41162109
-0.06982422
0.03686523
0.19775391
-0.12646484
-0.12329102
0.21801758
-0.15576172
0.20764160
0.17004395
0.19738770
0.09216309
0.02722168
0.08764648
-0.06555176
-0.08453369
-0.05667114
0.11053467
-0.06109619
-0.00723267
0.03768921
-0.07672119
0.16723633
-0.04974365
0.25439453
-0.04858398
0.10003662
0.15307617
0.08813477
-0.05471802
-0.01855469
0.05670166
-0.26757812
0.08666992
-0.23071289
0.05322266
0.23730469
0.21862793
0.14001465
0.19665527
0.13452148
-0.18066406
0.15551758
0.04498291
0.11663818
-0.02227783
-0.14453125
0.09527588
0.11889648
-0.00106812
-0.14416504
-0.08642578
0.16406250
0.11437988
-0.19409180
0.17187500
-0.11431885
-0.11505127
0.05563354
0.06091309
-0.17553711
-0.32055664
-0.04205322
-0.35180664
0.14672852
0.06555176
0.02844238
0.23315430
-0.09851074
-0.13452148
0.20654297
-0.14526367
0.18518066
0.15258789
0.17724609
-0.04299927
-0.10717773
0.10137939
0.03933716
-0.17907715
-0.13171387
0.08294678
0.01355743
0.01617432
-0.05496216
-0.21838379
0.68017578
-0.30981445
0.81494141
-0.06677246
0.26562500
0.36010742
0.04467773
-0.18139648
-0.10083008
-0.03460693
-1.20410156
1.12890625
-0.25537109
0.14550781
0.20703125
0.19641113
0.11779785
0.17822266
0.12524414
-0.16467285
0.13830566
-0.00057983
-0.06042480
0.08355713
-0.18200684
-0.03033447
0.03723145
0.05010986
-0.11224365
-0.08215332
0.18872070
0.10394287
-0.25488281
0.39648438
-0.26855469
-0.17822266
0.11602783
-0.03497314
-0.30932617
-0.33862305
-0.79003906
-0.35913086
-0.33374023
0.48999023
0.22167969
0.21643066
-0.10980225
-0.10943604
0.18579102
-0.12597656
0.16943359
0.13525391
0.16162109
-0.07916260
-0.01655579
0.04733276
0.00955200
0.01479340
-0.01852417
0.00542450
-0.07470703
-0.06365967
0.07910156
0.13574219
-0.15942383
0.20434570
-0.08105469
-0.04217529
-0.01245117
0.03854370
0.03515625
-0.01535034
0.05355835
-0.02362061
0.06347656
-0.22338867
-0.18090820
0.07122803
0.18408203
0.16894531
0.12841797
0.15612793
0.13354492
-0.14685059
0.13720703
0.06488037
0.06915283
-0.00446701
0.00301552
0.04724121
0.06402588
-0.03036499
-0.02301025
-0.02255249
0.06567383
0.11254883
-0.18298340
0.08758545
-0.09490967
0.03604126
-0.05590820
0.03253174
-0.08361816
-0.17041016
0.16479492
-0.26904297
0.32641602
-0.00482178
0.01690674
0.18725586
-0.11962891
-0.12274170
0.16125488
-0.13171387
0.15039062
0.13574219
0.14550781
-0.11004639
-0.09625244
0.06317139
-0.01875305
0.05175781
0.02493286
-0.00974274
-0.03952026
-0.03662109
0.02058411
0.10955811
-0.09558105
0.15686035
-0.02711487
-0.00453186
-0.03268433
-0.00644684
0.03634644
-0.01214600
0.02069092
0.03225708
0.09301758
-0.29882812
-0.17370605
0.04168701
0.20019531
0.18383789
0.13085938
0.17126465
0.13598633
-0.16064453
0.14465332
0.00833130
0.05868530
-0.04376221
0.00513458
0.07836914
0.05249023
-0.04641724
-0.02088928
0.02793884
0.05346680
0.13586426
-0.19665527
0.11364746
-0.04312134
0.00917816
-0.02311707
0.04058838
-0.03546143
-0.18188477
0.19726562
-0.25708008
0.37402344
-0.12225342
-0.02423096
0.19042969
-0.10559082
-0.12365723
0.17736816
-0.13586426
0.16528320
0.14233398
0.15808105
0.01214600
0.00283813
0.02494812
0.09625244
-0.09985352
-0.11236572
0.02105713
-0.03680420
0.00181580
-0.04351807
-0.05133057
0.17028809
-0.13281250
0.32226562
0.02780151
0.03775024
0.12353516
0.03646851
-0.04357910
-0.00329590
0.02407837
-0.39746094
0.29077148
-0.20483398
0.06451416
0.22521973
0.22082520
0.13098145
0.19519043
0.13012695
-0.17858887
0.15087891
-0.06414795
-0.10070801
0.08270264
-0.08117676
-0.00244141
-0.02404785
0.01177979
-0.08715820
-0.03222656
0.09008789
0.02622986
-0.06665039
0.09002686
-0.06304932
-0.09692383
0.04235840
0.04754639
-0.11907959
-0.27465820
-0.19091797
-0.28784180
0.05682373
0.11529541
0.06170654
0.21118164
-0.09472656
-0.12377930
0.20556641
-0.13830566
0.18090820
0.14721680
0.17480469
-0.02154541
-0.11682129
0.06188965
0.01400757
-0.07568359
-0.06884766
0.03424072
-0.05389404
-0.04083252
0.02301025
0.08923340
-0.05123901
0.11181641
0.05651855
-0.04718018
0.03839111
0.08422852
0.07562256
-0.01281738
0.04187012
0.02027893
-0.07513428
-0.10949707
-0.19750977
0.05133057
0.21801758
0.20556641
0.13208008
0.18908691
0.14721680
-0.17675781
0.15441895
-0.10028076
-0.11126709
0.07690430
-0.07464600
0.04821777
0.05993652
-0.02104187
-0.07873535
-0.02532959
0.08984375
0.13085938
-0.20141602
0.13549805
-0.09838867
-0.03717041
-0.00907135
0.05847168
-0.11541748
-0.23364258
0.07830811
-0.29589844
0.30664062
0.00482178
0.00555420
0.20532227
-0.10723877
-0.11859131
0.19665527
-0.14062500
0.18164062
0.15124512
0.17382812
