-0.00121021
-0.00014615
0.00108433
0.00109482
-0.00266457
0.00251389
-0.00154018
0.00083542
-0.00031853
-0.00214386
0.00523376
-0.00111771
-0.00225258
-0.00173950
-0.00028038
-0.00141621
0.00170135
-0.00101852
-0.00188732
0.00200272
0.00059700
-0.00023198
-0.00221252
0.00091934
0.00044751
-0.00013614
0.00202370
0.00123787
0.00266457
0.00877380
-0.00258446
0.00133991
0.00413895
0.00097036
-0.00049019
0.00870514
0.00153923
0.00365639
-0.00520706
0.00135517
-0.00166893
-0.00152779
0.00148010
0.00112534
0.00280190
-0.00304031
-0.00305748
-0.00079441
-0.00209045
0.00142765
-0.00209618
-0.00070238
0.00142860
-0.00036955
-0.00356483
-0.00093555
0.00250816
-0.00068283
-0.00314140
-0.00122261
0.00051403
-0.00212669
-0.00026274
-0.00068045
0.00041371
0.00192182
0.00128055
0.00201695
0.00050501
0.00115574
-0.00073211
0.00023442
-0.00100316
0.00176557
0.00316217
0.00146642
-0.00409578
-0.00108730
0.00169364
0.00101620
-0.00037881
0.00020063
0.00046145
0.00240803
0.00193195
-0.00207666
0.00095491
0.00269714
0.00061143
-0.00196607
0.00106363
0.00127915
0.00169927
-0.03287245
0.00155336
-0.00032208
0.00224428
0.00028519
0.00075362
0.00537901
-0.00078005
0.00362958
-0.00376167
0.00293084
0.00151244
-0.00034214
0.00187040
0.00400969
0.00388165
-0.00053714
-0.00253637
0.00000120
0.00189403
-0.00005903
0.00026492
-0.00116425
0.00204408
0.00296489
-0.00109839
0.00021926
0.00201171
-0.00236734
-0.00230022
0.00017936
0.00173157
-0.00326435
0.00025972
-0.00020678
0.00021994
0.00177680
0.00028174
0.00150282
0.00080071
0.00055700
0.00090458
0.00022834
-0.00149333
0.00219887
0.00141767
0.00115671
-0.00171690
-0.00082534
0.00146609
0.00094448
0.00020349
0.00052620
0.00050640
0.00129998
0.00129717
-0.00093248
0.00119593
0.00260115
0.00097619
-0.00175008
0.00080881
0.00109140
0.00206278
-0.03443454
0.00018606
0.00008293
0.00172174
-0.00010952
0.00045787
0.00319778
-0.00170204
0.00127147
-0.00148683
0.00126493
0.00098179
0.00033133
0.00130213
0.00355233
0.00277422
-0.00027107
-0.00124351
-0.00079156
0.00147056
-0.00055500
-0.00015369
-0.00100598
0.00018293
0.00110584
-0.00074638
0.00051487
0.00084627
-0.00106466
-0.00121789
0.00043039
0.00199724
-0.00237374
0.00051221
-0.00015756
0.00080009
0.00333304
0.00052360
0.00253121
0.00146558
0.00068202
0.00152548
-0.00088936
-0.00141103
0.00142153
0.00111597
0.00072623
-0.00366288
0.00033109
0.00142348
0.00160263
0.00031583
0.00111730
0.00046717
0.00126160
0.00268953
-0.00015066
0.00122466
0.00270798
0.00057181
-0.00122399
0.00079920
0.00131949
0.00226126
-0.02882531
0.00029816
0.00017366
0.00049908
0.00079519
-0.00044291
0.00207080
-0.00251457
0.00215478
-0.00118801
0.00055528
0.00101619
0.00061641
0.00194925
0.00191055
0.00141093
0.00018256
-0.00176945
-0.00048931
0.00050009
-0.00040324
0.00155975
-0.00057505
-0.00063394
0.00080861
0.00043681
-0.00027957
0.00041088
-0.00177775
-0.00075028
0.00049168
0.00046675
-0.00112199
-0.00057485
-0.00072274
-0.00035200
0.00364489
0.00048953
0.00213040
-0.00006608
0.00059007
0.00083654
-0.00095989
-0.00237809
0.00147097
0.00152250
0.00004936
-0.00415951
-0.00019776
0.00076550
0.00288099
0.00109305
-0.00003211
0.00036825
0.00047026
0.00187893
0.00075549
0.00120494
0.00215632
0.00161464
-0.00085174
0.00004892
0.00058054
0.00279603
-0.02342838
0.00068068
-0.00072262
0.00052324
0.00057042
-0.00054669
0.00171804
-0.00314172
0.00167993
-0.00204138
0.00049539
0.00026408
-0.00030979
0.00227271
0.00185823
0.00147585
0.00058244
-0.00119722
-0.00021721
0.00043934
-0.00029765
0.00102850
-0.00091876
-0.00006272
0.00059261
0.00137360
-0.00146127
0.00103778
-0.00115029
-0.00064349
0.00003580
0.00076396
-0.00082669
0.00021731
-0.00008077
0.00024045
0.00300552
0.00034125
0.00240314
-0.00032504
0.00078385
0.00062688
-0.00129946
-0.00225799
0.00132549
0.00168363
-0.00032854
-0.00334226
-0.00001435
0.00232013
0.00239309
0.00068001
0.00011834
0.00036394
0.00128793
0.00273654
0.00115403
0.00108250
0.00210607
0.00138402
-0.00094953
0.00047359
0.00029284
0.00271146
-0.02843052
0.00099332
-0.00088422
-0.00056363
0.00078552
-0.00088497
0.00196141
-0.00379473
0.00174071
-0.00157844
-0.00004635
0.00071332
-0.00059432
0.00258234
0.00143676
0.00130949
0.00044985
-0.00130003
-0.00038191
0.00030283
-0.00026534
0.00201707
-0.00087896
0.00074675
0.00083336
0.00176855
-0.00091914
0.00058473
-0.00149627
-0.00088437
-0.00049463
0.00079439
-0.00049329
-0.00043528
0.00044438
0.00001127
0.00328449
0.00151358
0.00148867
-0.00037815
0.00117530
0.00060324
0.00008432
-0.00186233
0.00191455
0.00168375
-0.00045826
0.00293588
-0.00031996
0.00159849
0.00262016
0.00050042
0.00127166
0.00004260
0.00177634
0.00165897
0.00107962
0.00096801
0.00126659
0.00023952
-0.00029091
0.00134247
-0.00055387
0.00283127
-0.04365543
-0.00026669
-0.00183502
0.00001855
-0.00001685
-0.00182530
-0.00095978
-0.00309542
0.00048357
-0.00088468
-0.00064844
0.00119786
-0.00056484
0.00121280
0.00092668
0.00069377
0.00047782
-0.00156871
-0.00064813
0.00030332
0.00041910
0.00173201
-0.00041061
0.00029580
0.00038792
0.00284411
-0.00209310
-0.00007844
0.00027228
-0.00074230
0.00092128
0.00110116
0.00151728
-0.00081161
0.00075940
0.00019674
0.00222414
0.00043735
0.00142222
-0.00114829
0.00101681
0.00018956
-0.00066724
-0.00167194
0.00131225
0.00147964
-0.00057085
-0.00085224
-0.00072876
0.00201436
0.00218162
0.00087069
-0.00030287
-0.00030233
0.00193413
0.00175075
0.00118192
0.00086653
0.00134914
0.00046442
-0.00060904
0.00043155
0.00008504
0.00294820
-0.03322334
-0.00060479
-0.00106800
0.00022657
0.00048866
-0.00108439
0.00125899
-0.00206982
0.00154747
-0.00137409
0.00002801
0.00076296
-0.00104562
0.00118669
0.00138278
0.00080535
-0.00065073
-0.00211554
-0.00079196
0.00061023
-0.00050229
0.00119988
-0.00068988
0.00138542
0.00021606
0.00140219
-0.00136842
-0.00030231
-0.00118088
-0.00113971
-0.00013623
0.00065885
-0.00015929
-0.00088734
0.00117799
0.00042678
0.00169991
0.00029687
0.00121167
-0.00120448
0.00012199
0.00061037
-0.00055458
-0.00135401
0.00135305
0.00125569
-0.00061126
-0.00047381
-0.00048100
0.00166955
0.00246468
0.00054822
0.00007464
0.00002914
0.00154502
0.00189000
0.00101552
0.00076254
0.00122364
0.00070952
-0.00032977
-0.00016851
0.00035612
0.00250327
-0.03615925
0.00010371
-0.00102478
-0.00028458
0.00042487
-0.00060376
0.00123091
-0.00201410
0.00168244
-0.00131256
-0.00032337
0.00058322
-0.00115526
0.00146498
0.00044984
0.00080033
-0.00038900
-0.00209954
-0.00078304
0.00121860
-0.00088140
0.00121869
-0.00106933
0.00110677
0.00090732
0.00154351
-0.00127302
0.00000618
-0.00172653
-0.00065673
-0.00038245
0.00070059
0.00006420
-0.00077350
0.00113915
0.00027715
0.00115661
-0.00004555
0.00108401
-0.00130675
-0.00027363
0.00062230
-0.00021698
-0.00123106
0.00126679
0.00085936
-0.00006083
-0.00204682
-0.00097080
0.00145985
0.00244955
0.00046285
-0.00030678
0.00025866
0.00125424
0.00216710
0.00098173
0.00118398
0.00146047
0.00102929
-0.00032836
0.00003649
-0.00000496
0.00263456
-0.03504860
0.00014207
-0.00095302
-0.00034843
0.00065324
-0.00030417
0.00196632
-0.00160764
0.00156259
-0.00106358
0.00009669
0.00032247
-0.00109514
0.00111163
0.00057443
0.00123900
-0.00039520
-0.00152323
-0.00062099
0.00108310
-0.00071014
0.00181634
-0.00141255
0.00072940
0.00100893
0.00157259
-0.00135003
-0.00021917
-0.00192252
-0.00015311
-0.00012417
0.00071107
-0.00021155
-0.00116286
0.00126400
0.00103048
0.00118878
-0.00038945
0.00114912
-0.00102624
-0.00012733
0.00055915
-0.00042892
-0.00156241
0.00148055
0.00064633
-0.00028803
-0.00132954
-0.00123584
0.00150234
0.00242562
0.00030673
-0.00025079
0.00065988
0.00160385
0.00159020
0.00127416
0.00125075
0.00118338
0.00107880
-0.00011653
-0.00011519
-0.00012703
0.00230764
-0.03307698
0.00031859
-0.00117014
-0.00052920
0.00027324
-0.00042740
0.00192079
-0.00162661
0.00213189
-0.00113188
-0.00016447
0.00031127
-0.00123933
0.00097855
0.00094410
0.00124883
0.00000319
-0.00132512
-0.00097606
0.00080152
-0.00039059
0.00144248
-0.00102807
0.00036439
0.00059418
0.00140003
-0.00064760
-0.00035391
-0.00165722
0.00045175
-0.00033342
0.00114370
0.00020303
-0.00113491
0.00132908
0.00096599
0.00093883
-0.00067678
0.00117140
-0.00091932
-0.00009204
0.00042816
-0.00050210
-0.00136702
0.00134715
0.00076489
-0.00036644
-0.00132522
-0.00158059
0.00145854
0.00242043
0.00054390
-0.00014432
0.00075594
0.00118415
0.00155647
0.00124182
0.00144464
0.00121629
0.00113239
-0.00019585
-0.00043122
-0.00016189
0.00250337
-0.03244367
0.00038683
-0.00113348
-0.00089556
0.00035803
-0.00057396
0.00170307
-0.00144391
0.00215728
-0.00093601
-0.00020433
0.00040114
-0.00073795
0.00112327
0.00131331
0.00128090
0.00031267
-0.00123822
-0.00122796
0.00080450
-0.00019427
0.00130640
-0.00122652
0.00023656
0.00077931
0.00139461
-0.00051296
-0.00027445
-0.00146475
0.00060231
-0.00005046
0.00155371
0.00013856
-0.00087332
0.00111436
0.00051523
0.00062462
-0.00045289
0.00116657
-0.00051545
-0.00007678
0.00036222
-0.00054407
-0.00100903
0.00102367
0.00075491
-0.00023370
-0.00128421
-0.00135694
0.00164240
0.00243115
0.00073382
-0.00005563
0.00096369
0.00071458
0.00146704
0.00080532
0.00164358
0.00108050
0.00125850
-0.00024738
-0.00032093
-0.00024637
0.00235546
-0.03342273
0.00040971
-0.00097604
-0.00112369
0.00002117
-0.00031269
0.00195209
-0.00140980
0.00216138
-0.00078911
-0.00042269
0.00022186
-0.00097137
0.00122955
0.00126020
0.00136667
0.00010744
-0.00162348
-0.00143820
0.00064760
-0.00031804
0.00109758
-0.00116535
0.00021372
0.00099736
0.00170038
-0.00062361
-0.00018119
-0.00150081
0.00047030
-0.00010006
0.00138365
0.00001717
-0.00058231
0.00090171
0.00071214
0.00031479
-0.00036128
0.00107243
-0.00075803
0.00039894
0.00032286
-0.00075835
-0.00085901
0.00092089
0.00053841
-0.00006609
-0.00094383
-0.00121562
0.00152626
0.00222981
0.00118463
-0.00005131
0.00107752
0.00041886
0.00147007
0.00058637
0.00158854
0.00129716
0.00108371
-0.00033581
-0.00023531
-0.00018553
0.00221271
-0.03474038
0.00047162
-0.00100991
-0.00102968
-0.00027381
-0.00017573
0.00188419
-0.00133270
0.00214186
-0.00085795
-0.00019466
0.00031318
-0.00116831
0.00159190
0.00111074
0.00141533
0.00022342
-0.00150076
-0.00155339
0.00073560
-0.00030569
0.00086958
-0.00105106
0.00040242
0.00109791
0.00191898
-0.00076496
-0.00006884
-0.00143307
0.00037694
-0.00025319
0.00153150
-0.00006839
-0.00029276
0.00089032
0.00105943
0.00032655
-0.00070645
0.00142396
-0.00106281
0.00017088
0.00025564
-0.00067794
-0.00125930
0.00086887
0.00033220
-0.00016524
-0.00128309
-0.00096402
0.00153821
0.00217244
0.00089247
-0.00039521
0.00087987
0.00037814
0.00166817
0.00091337
0.00173435
0.00143974
0.00113765
-0.00053324
-0.00028196
-0.00070033
0.00247557
-0.03599309
0.00050342
-0.00097925
-0.00088305
-0.00038094
0.00008568
0.00173136
-0.00162848
0.00187252
-0.00063090
-0.00010379
0.00046280
-0.00106447
0.00174271
0.00141539
0.00145817
-0.00000905
-0.00132047
-0.00157976
0.00093059
0.00007348
0.00102841
-0.00111768
0.00074592
0.00127210
0.00212483
-0.00076272
-0.00031726
-0.00191951
0.00061245
-0.00037872
0.00114686
0.00005753
-0.00007866
0.00098968
0.00090576
0.00011448
-0.00056025
0.00128060
-0.00099037
0.00055077
-0.00008567
-0.00059923
-0.00096532
0.00083779
0.00059971
-0.00016633
-0.00062839
-0.00104053
0.00141516
0.00174573
0.00109031
-0.00047235
0.00065589
0.00043310
0.00148780
0.00077397
0.00137975
0.00138482
0.00089774
-0.00035413
-0.00021170
-0.00055308
0.00213581
-0.03516726
0.00066023
-0.00081241
-0.00092020
-0.00023467
0.00020055
0.00182301
-0.00131593
0.00172765
-0.00045688
0.00018338
0.00044757
-0.00116636
0.00146045
0.00145316
0.00150533
0.00031453
-0.00152547
-0.00141727
0.00090234
0.00018559
0.00094003
-0.00118719
0.00118799
0.00138038
0.00198465
-0.00077915
-0.00007941
-0.00149809
0.00050981
-0.00023736
0.00132133
0.00019837
-0.00021521
0.00077572
0.00093105
-0.00005730
-0.00060467
0.00117712
-0.00114530
0.00065845
0.00003720
-0.00080124
-0.00108518
0.00082055
0.00075159
-0.00042334
-0.00095759
-0.00126817
0.00153221
0.00166119
0.00099293
-0.00067914
0.00097613
0.00059831
0.00169163
0.00060824
0.00170570
0.00133870
0.00128534
-0.00041962
-0.00040491
-0.00062440
0.00251120
-0.03420832
0.00068426
-0.00044302
-0.00125313
-0.00008342
0.00029724
0.00192466
-0.00146458
0.00140705
-0.00042462
0.00005937
0.00058745
-0.00132918
0.00143526
0.00158160
0.00147517
0.00022859
-0.00170352
-0.00139266
0.00099501
0.00014211
0.00108994
-0.00111591
0.00111796
0.00144961
0.00209878
-0.00086100
-0.00020019
-0.00146540
0.00058298
-0.00017013
0.00147049
0.00004717
-0.00009159
0.00081699
0.00147601
0.00009814
0.00006607
0.00150866
-0.00094306
0.00074103
-0.00015576
-0.00035866
-0.00117211
0.00144456
0.00174015
-0.00030197
0.00407688
-0.00190343
0.00121565
0.00091545
0.00011546
-0.00015733
0.00038089
0.00135167
0.00194765
0.00042828
0.00151802
0.00094658
0.00037143
-0.00058792
-0.00004079
-0.00079387
0.00232409
-0.04503912
-0.00051797
-0.00073044
-0.00074605
0.00051014
-0.00031676
-0.00051660
-0.00101205
0.00049583
0.00037461
-0.00051271
0.00048693
-0.00121750
0.00026583
0.00116125
0.00140867
0.00020069
-0.00192364
-0.00151803
0.00095914
0.00108932
0.00151341
-0.00101924
0.00106524
0.00080765
0.00198253
-0.00137285
-0.00022665
0.00026492
0.00062303
0.00127045
0.00156821
0.00133027
-0.00069243
0.00087504
0.00094036
0.00020872
-0.00049339
0.00115584
-0.00081233
0.00080641
-0.00015965
-0.00076036
-0.00090346
0.00115601
0.00085091
-0.00029830
-0.00036965
-0.00137279
0.00148901
0.00154368
0.00067597
-0.00035402
0.00088804
0.00059483
0.00191541
0.00042859
0.00145628
0.00140455
0.00086422
-0.00035843
-0.00017650
-0.00075635
0.00254016
-0.03776482
0.00051365
-0.00071926
-0.00101755
-0.00020135
0.00013266
0.00140948
-0.00143016
0.00102603
-0.00006327
-0.00022514
0.00050594
-0.00099940
0.00111873
0.00145183
0.00135386
0.00009204
-0.00155647
-0.00141348
0.00089652
0.00007439
0.00107613
-0.00107299
0.00090957
0.00131729
0.00173773
-0.00083223
-0.00039887
-0.00124161
0.00059176
0.00011262
0.00147722
0.00039925
-0.00014908
0.00083324
0.00085026
0.00018713
-0.00044083
0.00103589
-0.00076465
0.00074852
-0.00029482
-0.00087797
-0.00067805
0.00099280
0.00064720
-0.00040595
-0.00067658
-0.00148147
0.00168471
0.00151922
0.00070915
-0.00055294
0.00104131
0.00047427
0.00196978
0.00028534
0.00136942
0.00121863
0.00117300
-0.00032375
-0.00013664
-0.00067490
0.00268329
-0.03568026
0.00060365
-0.00066274
-0.00091177
-0.00006415
0.00046520
0.00130582
-0.00140909
0.00112806
0.00000797
-0.00014535
0.00030078
-0.00089078
0.00106926
0.00141338
0.00134830
-0.00006520
-0.00150657
-0.00149992
0.00095074
-0.00008503
0.00080316
-0.00096706
0.00079290
0.00145413
0.00182024
-0.00094057
-0.00000803
-0.00123675
0.00041325
-0.00020966
0.00132589
0.00016808
-0.00013923
0.00070906
0.00098755
0.00012404
-0.00059154
0.00111312
-0.00082124
0.00100050
-0.00005506
-0.00073722
-0.00089457
0.00105643
0.00047880
-0.00055039
-0.00057447
-0.00160738
0.00160948
0.00136316
0.00065375
-0.00060503
0.00102367
0.00067006
0.00200819
0.00049603
0.00145937
0.00109827
0.00122083
-0.00054270
-0.00036123
-0.00055373
0.00277566
-0.03527967
0.00076764
-0.00066132
-0.00104476
0.00001081
0.00052580
0.00137656
-0.00143790
0.00095572
0.00018221
-0.00032418
0.00004773
-0.00056181
0.00086501
0.00127958
0.00132540
0.00012227
-0.00144891
-0.00169957
0.00092639
-0.00031564
0.00098849
-0.00092273
0.00091325
0.00145580
0.00189815
-0.00087723
-0.00010643
-0.00119685
0.00072270
-0.00026202
0.00116359
0.00014711
0.00003179
0.00070339
0.00103392
0.00008003
-0.00069050
0.00151322
-0.00114079
0.00091577
0.00011631
-0.00074640
-0.00068128
0.00091392
0.00034513
-0.00058739
-0.00101707
-0.00138571
0.00155639
0.00135631
0.00093427
-0.00054167
0.00093031
0.00053412
0.00221148
0.00028660
0.00157976
0.00124054
0.00161251
-0.00061583
-0.00082847
-0.00046541
0.00246717
-0.03347310
0.00077000
-0.00061690
-0.00100271
0.00032748
0.00057456
0.00100069
-0.00132533
0.00078218
0.00002032
-0.00059098
0.00014425
-0.00064761
0.00056335
0.00107429
0.00147810
0.00019425
-0.00154840
-0.00170769
0.00070038
-0.00042790
0.00102322
-0.00071240
0.00093883
0.00169062
0.00196296
-0.00099766
-0.00028171
-0.00121465
0.00065246
-0.00022707
0.00112649
0.00008223
0.00006491
0.00079368
0.00108561
0.00033798
-0.00041182
0.00130189
-0.00110128
0.00113046
0.00010413
-0.00032443
-0.00071332
0.00125471
0.00037782
-0.00067490
0.00062229
-0.00170358
0.00140985
0.00127005
0.00062530
-0.00031574
0.00079644
0.00099847
0.00210741
0.00038662
0.00151920
0.00098062
0.00128272
-0.00048299
-0.00052508
-0.00069388
0.00266062
-0.03722329
0.00041138
-0.00088487
-0.00080313
0.00037044
0.00026955
0.00012065
-0.00117740
0.00026676
0.00038787
-0.00076289
0.00019007
-0.00040855
-0.00012619
0.00097172
0.00127893
0.00023170
-0.00149903
-0.00171585
0.00064413
-0.00025925
0.00121105
-0.00055373
0.00078161
0.00143620
0.00211039
-0.00128172
-0.00053973
-0.00059122
0.00079687
0.00026176
0.00114164
0.00068274
-0.00024311
0.00091060
0.00120686
0.00022353
-0.00040013
0.00135196
-0.00119534
0.00096208
0.00019166
-0.00042833
-0.00056574
0.00075645
0.00062052
-0.00050054
-0.00001160
-0.00145208
0.00129128
0.00125049
0.00095395
-0.00035510
0.00093487
0.00084991
0.00189688
0.00031400
0.00150210
0.00104330
0.00128565
-0.00048213
-0.00049185
-0.00068695
0.00249821
-0.03412009
0.00044013
-0.00070919
-0.00073543
0.00024486
0.00047316
0.00061655
-0.00110778
0.00053534
-0.00007775
-0.00077697
0.00021730
-0.00051058
0.00036179
0.00107802
0.00129359
0.00008933
-0.00153142
-0.00165063
0.00060369
-0.00017864
0.00113879
-0.00050629
0.00067573
0.00169639
0.00184877
-0.00114210
-0.00013574
-0.00088840
0.00045652
0.00009643
0.00098729
0.00033527
0.00008941
0.00070313
0.00117591
0.00008130
-0.00028930
0.00129323
-0.00102463
0.00092477
0.00031838
-0.00034895
-0.00045254
0.00066924
0.00047992
-0.00072025
-0.00013146
-0.00148440
0.00122913
0.00114040
0.00095026
-0.00043574
0.00115017
0.00043404
0.00180737
0.00015242
0.00144553
0.00090622
0.00131798
-0.00034491
-0.00081063
-0.00069678
0.00249284
-0.03471989
0.00035392
-0.00056133
-0.00081351
0.00020652
0.00039126
0.00031777
-0.00128217
0.00030239
0.00013782
-0.00102095
0.00021601
-0.00038474
0.00037526
0.00094981
0.00114038
0.00021853
-0.00130228
-0.00170026
0.00051990
-0.00009731
0.00121600
-0.00058008
0.00074511
0.00155650
0.00189518
-0.00128963
-0.00037368
-0.00082651
0.00067349
-0.00003083
0.00073671
0.00034331
0.00022329
0.00076210
0.00124150
0.00037363
-0.00011812
0.00112744
-0.00103977
0.00109982
0.00024137
-0.00001915
-0.00052311
0.00102583
0.00055828
-0.00063166
0.00131033
-0.00174333
0.00111178
0.00112443
0.00067600
-0.00019475
0.00092500
0.00101323
0.00175887
0.00030960
0.00142464
0.00078137
0.00097452
-0.00029684
-0.00036746
-0.00089729
0.00265462
-0.03793719
0.00007046
-0.00086913
-0.00058172
0.00024249
0.00017738
-0.00028894
-0.00104229
-0.00002545
0.00037567
-0.00101461
0.00026407
-0.00022323
-0.00022357
0.00095235
0.00104708
0.00017737
-0.00134912
-0.00167196
0.00053555
0.00001385
0.00134179
-0.00043198
0.00055092
0.00139881
0.00196496
-0.00144309
-0.00049231
-0.00033928
0.00070118
0.00048496
0.00087863
0.00085075
-0.00011993
0.00082753
0.00120515
0.00027152
-0.00024522
0.00130531
-0.00102081
0.00107934
0.00030492
0.00000872
-0.00055723
0.00069540
0.00081252
-0.00078766
0.00006880
-0.00149858
0.00112594
0.00120419
0.00089428
-0.00035124
0.00101343
0.00057238
0.00170167
0.00039563
0.00126181
0.00058435
0.00099994
-0.00046827
-0.00067450
-0.00083162
0.00232902
-0.03594918
0.00001046
-0.00082100
-0.00055023
0.00012432
0.00023906
-0.00011792
-0.00096702
0.00028855
0.00005978
-0.00099734
0.00019898
-0.00033043
0.00032184
0.00076339
0.00113444
-0.00010055
-0.00134491
-0.00190146
0.00066399
0.00002200
0.00119905
-0.00043017
0.00079506
0.00142234
0.00173331
-0.00149191
-0.00011473
-0.00064967
0.00031947
0.00018984
0.00060458
0.00042504
0.00016584
0.00076655
0.00129450
0.00031330
-0.00047806
0.00128687
-0.00102815
0.00093054
0.00027234
-0.00017817
-0.00063949
0.00050620
0.00077574
-0.00103157
-0.00022211
-0.00167766
0.00095880
0.00125107
0.00100996
-0.00037134
0.00092429
0.00040502
0.00153307
0.00034069
0.00120001
0.00055369
0.00115432
-0.00039600
-0.00070427
-0.00085620
0.00242060
-0.03467971
0.00012517
-0.00086236
-0.00072421
0.00005732
0.00033578
0.00041721
-0.00093102
0.00031646
-0.00010820
-0.00102767
0.00030028
-0.00041972
0.00045695
0.00061582
0.00115519
0.00002132
-0.00127011
-0.00187884
0.00048807
0.00004972
0.00121455
-0.00063118
0.00057886
0.00144636
0.00164557
-0.00128813
-0.00014424
-0.00074804
0.00051810
0.00010487
0.00052910
0.00015830
0.00025602
0.00069114
0.00143837
0.00058871
-0.00054028
0.00113724
-0.00107364
0.00102711
0.00014287
-0.00005717
-0.00082356
0.00075683
0.00080545
-0.00113973
0.00088433
-0.00205720
0.00079484
0.00129370
0.00081329
-0.00021147
0.00068052
0.00084863
0.00143265
0.00052501
0.00118836
0.00041976
0.00097503
-0.00031325
-0.00034127
-0.00110391
0.00265108
-0.03693753
0.00001466
-0.00119190
-0.00074306
0.00005558
0.00020461
0.00018849
-0.00073899
0.00003062
0.00006543
-0.00102571
0.00041297
-0.00037338
0.00000769
0.00054158
0.00108549
0.00011295
-0.00126304
-0.00185196
0.00041441
0.00018333
0.00138565
-0.00063494
0.00030544
0.00131938
0.00174352
-0.00128781
-0.00029580
-0.00036373
0.00074341
0.00051912
0.00067164
0.00051203
-0.00002496
0.00073092
0.00139456
0.00032241
-0.00030807
0.00113063
-0.00092215
0.00096965
0.00022068
-0.00005383
-0.00071146
0.00047024
0.00088303
-0.00102589
0.00048505
-0.00171111
0.00102918
0.00115073
0.00104376
-0.00023307
0.00094289
0.00050419
0.00157815
0.00045936
0.00117913
0.00043271
0.00079045
-0.00055553
-0.00047557
-0.00087621
0.00245967
-0.03561262
-0.00006667
-0.00092127
-0.00072683
0.00003584
0.00009019
0.00006352
-0.00087419
0.00044493
0.00004146
-0.00121502
0.00042239
-0.00064298
0.00038078
0.00055260
0.00109052
0.00002499
-0.00147989
-0.00164850
0.00056929
0.00023806
0.00110217
-0.00076886
0.00055380
0.00125526
0.00139584
-0.00114469
-0.00014711
-0.00068146
0.00057488
0.00048376
0.00054830
0.00039120
0.00023869
0.00066525
0.00134185
0.00031253
-0.00046882
0.00111814
-0.00080253
0.00079932
0.00022027
-0.00023583
-0.00081608
0.00053638
0.00089900
-0.00098171
0.00052254
-0.00145447
0.00086793
0.00108381
0.00113089
-0.00020794
0.00089461
0.00065668
0.00153029
0.00057654
0.00124751
0.00058797
0.00074631
-0.00076806
-0.00031630
-0.00080096
0.00248439
-0.03489482
0.00011797
-0.00089229
-0.00084411
0.00011147
0.00017412
0.00023261
-0.00089086
0.00031355
0.00001364
-0.00105088
0.00028869
-0.00077888
0.00023172
0.00060620
0.00117564
0.00000292
-0.00147786
-0.00159505
0.00064260
0.00036139
0.00104363
-0.00081619
0.00040173
0.00118150
0.00144653
-0.00117716
-0.00019321
-0.00070401
0.00055520
0.00037917
0.00058773
0.00035456
0.00011503
0.00058282
0.00139379
0.00044455
-0.00046068
0.00093382
-0.00078144
0.00086846
0.00011987
-0.00010526
-0.00089865
0.00078459
0.00091971
-0.00101048
0.00159839
-0.00162810
0.00071838
0.00101604
0.00097245
-0.00004532
0.00071509
0.00109415
0.00146482
0.00068591
0.00124771
0.00052732
0.00052263
-0.00078544
0.00004222
-0.00093340
0.00265828
-0.03704653
0.00005880
-0.00108536
-0.00083155
0.00014083
0.00009946
-0.00000449
-0.00070205
0.00000993
0.00020689
-0.00098178
0.00033457
-0.00077159
-0.00025529
0.00057781
0.00114638
0.00002230
-0.00153791
-0.00154088
0.00068151
0.00048796
0.00110634
-0.00080729
0.00021987
0.00108624
0.00153442
-0.00124358
-0.00034574
-0.00039315
0.00067664
0.00069599
0.00072011
0.00067043
-0.00016265
0.00059469
0.00139682
0.00037585
-0.00033484
0.00108388
-0.00082887
0.00087249
0.00018612
-0.00005867
-0.00084960
0.00067882
0.00085491
-0.00099790
0.00115891
-0.00166180
0.00079505
0.00108562
0.00109368
-0.00004284
0.00068246
0.00092871
0.00164258
0.00051795
0.00132424
0.00049109
0.00067843
-0.00066925
-0.00002174
-0.00096418
0.00251657
-0.03756899
0.00013253
-0.00108549
-0.00089091
0.00014300
0.00021068
0.00004951
-0.00088413
0.00009451
0.00012271
-0.00097355
0.00025329
-0.00076150
-0.00008498
0.00053382
0.00120563
0.00005648
-0.00145409
-0.00152414
0.00064080
0.00044316
0.00112198
-0.00077011
0.00018875
0.00116335
0.00152303
-0.00123212
-0.00030414
-0.00051953
0.00067968
0.00061005
0.00058127
0.00061144
-0.00008154
0.00054943
0.00124430
0.00042826
-0.00007382
0.00104843
-0.00076260
0.00082087
0.00026201
0.00007436
-0.00073518
0.00069320
0.00106885
-0.00095555
0.00180890
-0.00157916
0.00079360
0.00110174
0.00097805
0.00013649
0.00064025
0.00092075
0.00146158
0.00028089
0.00116732
0.00046473
0.00056740
-0.00057600
0.00000131
-0.00094984
0.00234803
-0.03821883
-0.00003637
-0.00102521
-0.00060043
0.00016962
0.00013269
0.00003223
-0.00092170
0.00035843
-0.00002779
-0.00110264
0.00041509
-0.00062656
0.00013010
0.00061550
0.00101806
0.00003561
-0.00161402
-0.00154299
0.00051590
0.00059518
0.00100313
-0.00055445
0.00026565
0.00118012
0.00160989
-0.00135007
-0.00021820
-0.00046980
0.00048294
0.00064634
0.00052164
0.00064947
-0.00009202
0.00054464
0.00121460
0.00041057
-0.00028742
0.00106145
-0.00065557
0.00065998
0.00025418
-0.00009007
-0.00078874
0.00060683
0.00105644
-0.00097987
0.00098124
-0.00165117
0.00063576
0.00121536
0.00105646
-0.00005485
0.00080986
0.00084076
0.00155890
0.00021837
0.00126871
0.00046900
0.00069958
-0.00064260
-0.00022888
-0.00098609
0.00236314
-0.03702147
0.00022958
-0.00088385
-0.00074164
0.00022427
0.00021311
0.00034629
-0.00099475
0.00038743
0.00016502
-0.00092717
0.00033633
-0.00065820
0.00025719
0.00046845
0.00104399
0.00008499
-0.00151917
-0.00149413
0.00041742
0.00051290
0.00093091
-0.00052020
0.00025518
0.00110833
0.00157150
-0.00120742
-0.00025910
-0.00043066
0.00054884
0.00047494
0.00044044
0.00052496
0.00001797
0.00059073
0.00112190
0.00033645
-0.00038482
0.00120129
-0.00059519
0.00062984
0.00019447
-0.00011589
-0.00104559
0.00053665
0.00094101
-0.00086431
0.00106456
-0.00157708
0.00062395
0.00127154
0.00108229
-0.00008625
0.00085740
0.00070642
0.00140473
0.00017934
0.00130063
0.00030958
0.00079843
-0.00078221
-0.00023533
-0.00098753
0.00233679
-0.03656216
0.00019929
-0.00088720
-0.00072049
0.00029055
0.00022724
0.00050516
-0.00085521
0.00058158
-0.00008168
-0.00073335
0.00029803
-0.00070831
0.00034648
0.00048476
0.00095354
0.00005774
-0.00145900
-0.00143294
0.00032734
0.00058596
0.00089658
-0.00046942
0.00017536
0.00103148
0.00152227
-0.00110754
-0.00016074
-0.00045317
0.00059995
0.00039292
0.00052069
0.00038405
0.00007369
0.00057522
0.00112776
0.00029158
-0.00052903
0.00123330
-0.00055082
0.00055223
0.00020485
-0.00012494
-0.00119131
0.00057069
0.00077639
-0.00090462
0.00093850
-0.00162812
0.00064150
0.00130173
0.00110401
-0.00013418
0.00087868
0.00071166
0.00160348
0.00027203
0.00148506
0.00029380
0.00093802
-0.00080677
-0.00018529
-0.00111438
0.00232044
-0.03684223
0.00024858
-0.00092944
-0.00086940
0.00029576
0.00036174
0.00042070
-0.00096624
0.00054330
0.00008627
-0.00072486
0.00021284
-0.00071369
0.00037479
0.00021619
0.00082349
0.00006793
-0.00148470
-0.00142039
0.00035402
0.00056259
0.00086084
-0.00050198
-0.00003608
0.00104055
0.00152568
-0.00112009
-0.00017584
-0.00038026
0.00065585
0.00024216
0.00049497
0.00037480
0.00011309
0.00055473
0.00111519
0.00035338
-0.00031945
0.00116387
-0.00053365
0.00057631
0.00011749
-0.00004803
-0.00117533
0.00068559
0.00078427
-0.00090728
0.00165936
-0.00155488
0.00069119
0.00125701
0.00093778
0.00004756
0.00079943
0.00082921
0.00159556
0.00028247
0.00143557
0.00038326
0.00080524
-0.00080862
0.00004392
-0.00116523
0.00226040
-0.03875475
0.00012187
-0.00097110
-0.00075497
0.00020403
0.00027742
0.00016006
-0.00096894
0.00032569
0.00018013
-0.00073477
0.00027951
-0.00073117
0.00028221
0.00023712
0.00085684
-0.00002029
-0.00148330
-0.00139664
0.00036839
0.00060294
0.00089407
-0.00050717
-0.00011725
0.00096444
0.00153412
-0.00116874
-0.00020241
-0.00022129
0.00057840
0.00035087
0.00051984
0.00060912
-0.00001793
0.00057586
0.00112937
0.00014281
-0.00032401
0.00124495
-0.00048544
0.00057149
0.00006187
-0.00010026
-0.00127077
0.00075402
0.00081795
-0.00084589
0.00105508
-0.00157027
0.00074647
0.00130587
0.00098402
0.00000590
0.00099298
0.00064126
0.00165749
0.00026790
0.00141367
0.00041742
0.00091007
-0.00080181
-0.00011081
-0.00110674
0.00219693
-0.03726448
0.00014030
-0.00091574
-0.00075549
0.00018840
0.00029125
0.00005203
-0.00096019
0.00029530
0.00027025
-0.00074697
0.00007966
-0.00079985
0.00040607
0.00028517
0.00088456
-0.00010218
-0.00141257
-0.00131812
0.00046086
0.00047166
0.00100513
-0.00046799
-0.00011160
0.00093879
0.00152601
-0.00115298
-0.00023067
-0.00038119
0.00050520
0.00024632
0.00053961
0.00044948
0.00004727
0.00053234
0.00123422
0.00035790
-0.00023256
0.00136808
-0.00041693
0.00048930
0.00012732
-0.00009945
-0.00133370
0.00085960
0.00070551
-0.00082186
0.00098042
-0.00161699
0.00061638
0.00128024
0.00089603
-0.00004853
0.00095191
0.00071826
0.00170722
0.00042824
0.00135509
0.00034307
0.00082433
-0.00076089
-0.00015431
-0.00121848
0.00233269
-0.03711721
0.00009461
-0.00091054
-0.00071084
0.00011815
0.00038545
0.00020834
-0.00090266
0.00023586
0.00028657
-0.00074954
0.00025828
-0.00079968
0.00038603
0.00026053
0.00085663
0.00004937
-0.00140464
-0.00119412
0.00056909
0.00048538
0.00108167
-0.00043348
-0.00020957
0.00094989
0.00154020
-0.00125381
-0.00029369
-0.00036268
0.00052294
0.00020266
0.00056126
0.00033778
-0.00001405
0.00043978
0.00132410
0.00042466
-0.00025801
0.00136913
-0.00031471
0.00045665
0.00015246
-0.00019178
-0.00145742
0.00090268
0.00052211
-0.00076968
0.00077735
-0.00160003
0.00060724
0.00129338
0.00084872
-0.00012255
0.00089042
0.00073081
0.00176234
0.00049476
0.00138381
0.00034630
0.00085872
-0.00075388
-0.00022076
-0.00130835
0.00232403
-0.03714204
0.00023632
-0.00083933
-0.00079510
0.00006428
0.00058512
0.00043495
-0.00100058
0.00011658
0.00033663
-0.00079039
0.00028126
-0.00073642
0.00041415
0.00016047
0.00084092
0.00016278
-0.00133600
-0.00110123
0.00058627
0.00042975
0.00117038
-0.00041989
-0.00033631
0.00104698
0.00151709
-0.00127397
-0.00035884
-0.00043619
0.00062838
0.00018427
0.00054695
0.00018738
0.00002562
0.00039308
0.00146555
0.00043058
-0.00013289
0.00136834
-0.00041325
0.00049228
0.00017860
-0.00014370
-0.00120280
0.00089277
0.00058707
-0.00082970
0.00089611
-0.00152872
0.00080495
0.00129157
0.00085757
-0.00010355
0.00083871
0.00067333
0.00172269
0.00044099
0.00139772
0.00027622
0.00077634
-0.00061353
-0.00014446
-0.00121717
0.00232233
-0.03728246
0.00025618
-0.00091984
-0.00071420
0.00007721
0.00050207
0.00060438
-0.00111703
0.00017217
0.00018816
-0.00082412
0.00035217
-0.00061973
0.00051402
0.00011306
0.00093938
0.00001640
-0.00136437
-0.00124674
0.00060973
0.00043461
0.00114155
-0.00033986
-0.00011408
0.00101572
0.00156901
-0.00145129
-0.00042597
-0.00052918
0.00057064
0.00019970
0.00057977
0.00030702
0.00010340
0.00044878
0.00199952
0.00065751
0.00010655
0.00175031
-0.00027085
0.00039061
0.00008925
-0.00009309
-0.00125670
0.00116592
0.00071258
-0.00072575
0.00294823
-0.00166747
0.00078479
0.00097620
0.00040833
0.00012561
0.00042703
0.00090608
0.00195239
0.00054055
0.00133887
0.00003587
0.00033351
-0.00076920
0.00015191
-0.00130419
0.00228496
-0.04196065
-0.00011961
-0.00122953
-0.00046477
0.00021455
0.00047968
0.00009768
-0.00095259
-0.00013671
0.00035328
-0.00105897
0.00032214
-0.00043476
0.00019964
-0.00034255
0.00104105
-0.00008709
-0.00136800
-0.00139485
0.00067215
0.00073289
0.00130908
-0.00029189
-0.00029065
0.00079436
0.00143293
-0.00170318
-0.00039820
-0.00002516
0.00063074
0.00060721
0.00060140
0.00068643
-0.00003214
0.00036484
0.00156609
0.00052071
0.00008167
0.00131827
-0.00033537
0.00054841
0.00012264
-0.00000037
-0.00112426
0.00097222
0.00070155
-0.00070678
0.00200414
-0.00155321
0.00070197
0.00120292
0.00069015
0.00017952
0.00072004
0.00087377
0.00173445
0.00031963
0.00130587
0.00034430
0.00050862
-0.00055347
0.00008709
-0.00122175
0.00225439
-0.03992392
0.00006788
-0.00099953
-0.00048164
0.00007550
0.00021246
0.00024489
-0.00108843
0.00012386
0.00023254
-0.00086143
0.00041104
-0.00057128
0.00041787
0.00006418
0.00092725
-0.00009418
-0.00136900
-0.00122271
0.00062590
0.00054212
0.00113856
-0.00031614
-0.00011969
0.00090848
0.00146707
-0.00148287
-0.00048262
-0.00031821
0.00050607
0.00043334
0.00058568
0.00053908
-0.00006104
0.00048036
0.00146179
0.00053406
-0.00007766
0.00130133
-0.00022027
0.00041749
0.00003089
-0.00009335
-0.00118102
0.00094353
0.00057861
-0.00078626
0.00118337
-0.00157352
0.00068259
0.00115774
0.00069588
0.00002084
0.00080216
0.00066357
0.00169190
0.00040174
0.00146424
0.00037621
0.00071079
-0.00060176
-0.00017496
-0.00125251
0.00225433
-0.03802054
0.00030361
-0.00084351
-0.00054815
0.00011870
0.00030412
0.00039335
-0.00109563
0.00008257
0.00034500
-0.00091505
0.00028155
-0.00066165
0.00036940
0.00011698
0.00089100
-0.00004890
-0.00139127
-0.00111812
0.00069696
0.00045646
0.00113891
-0.00035326
-0.00003464
0.00091464
0.00133323
-0.00130681
-0.00048942
-0.00064602
0.00065980
0.00035121
0.00049585
0.00033642
-0.00011721
0.00046909
0.00145536
0.00054027
-0.00016166
0.00114841
-0.00022907
0.00048998
0.00001169
-0.00012183
-0.00123629
0.00104889
0.00062360
-0.00071789
0.00097292
-0.00162174
0.00078102
0.00122705
0.00065707
-0.00004813
0.00076307
0.00069135
0.00167610
0.00039379
0.00141839
0.00039915
0.00078184
-0.00069760
-0.00015949
-0.00126256
0.00226707
-0.03720715
0.00030407
-0.00090962
-0.00042261
0.00010628
0.00035140
0.00029527
-0.00116335
0.00006444
0.00045603
-0.00091114
0.00028064
-0.00069518
0.00026266
0.00019373
0.00074563
-0.00023429
-0.00148187
-0.00119325
0.00078051
0.00047450
0.00130638
-0.00042828
-0.00011138
0.00085487
0.00134098
-0.00122986
-0.00048258
-0.00062024
0.00060020
0.00040129
0.00032255
0.00029587
-0.00013225
0.00046099
0.00148525
0.00058298
-0.00035138
0.00115940
-0.00026846
0.00050310
0.00006228
-0.00019372
-0.00142448
0.00085549
0.00050929
-0.00078595
0.00060844
-0.00157246
0.00071328
0.00129066
0.00072504
-0.00012549
0.00078801
0.00061436
0.00168529
0.00053803
0.00142885
0.00038286
0.00087282
-0.00077630
-0.00027799
-0.00140149
0.00228570
-0.03671614
0.00038430
-0.00090480
-0.00048968
0.00009823
0.00050635
0.00076572
-0.00123179
0.00015585
0.00042852
-0.00087682
0.00030501
-0.00064652
0.00035786
0.00006908
0.00082195
-0.00025902
-0.00135171
-0.00125466
0.00086265
0.00043460
0.00140141
-0.00041641
-0.00006357
0.00095118
0.00131256
-0.00140188
-0.00040235
-0.00064150
0.00055786
0.00042184
0.00031444
0.00018777
-0.00012270
0.00047628
0.00144720
0.00052700
-0.00036744
0.00116915
-0.00028410
0.00054435
0.00005558
-0.00020944
-0.00154621
0.00091160
0.00051128
-0.00078763
0.00056931
-0.00145485
0.00077005
0.00136276
0.00068751
-0.00008450
0.00081286
0.00062131
0.00167509
0.00056128
0.00141732
0.00044148
0.00086065
-0.00080472
-0.00026276
-0.00145320
0.00217751
-0.03706575
0.00036801
-0.00089869
-0.00040776
0.00007949
0.00050389
0.00081078
-0.00130832
0.00013745
0.00037072
-0.00087126
0.00033163
-0.00056010
0.00035975
0.00006448
0.00091697
-0.00019911
-0.00127396
-0.00128893
0.00086437
0.00040052
0.00136071
-0.00035879
-0.00010312
0.00091280
0.00121645
-0.00148171
-0.00044870
-0.00067182
0.00059467
0.00050207
0.00027264
0.00020644
-0.00016673
0.00042296
0.00141706
0.00036768
-0.00028589
0.00118232
-0.00031712
0.00063650
0.00012847
-0.00014928
-0.00141303
0.00089375
0.00056653
-0.00071049
0.00082462
-0.00143924
0.00059729
0.00144427
0.00080583
-0.00002390
0.00068033
0.00067140
0.00162707
0.00059140
0.00130968
0.00042621
0.00074480
-0.00088103
-0.00016678
-0.00148540
0.00213900
-0.03752150
0.00026168
-0.00094581
-0.00037776
0.00013476
0.00050424
0.00048858
-0.00119399
0.00019365
0.00028394
-0.00079405
0.00036027
-0.00057598
0.00027663
0.00012481
0.00102073
-0.00020713
-0.00130408
-0.00127070
0.00087408
0.00050675
0.00140232
-0.00038564
-0.00007394
0.00096311
0.00123441
-0.00148258
-0.00038060
-0.00064870
0.00051930
0.00049167
0.00031024
0.00024512
-0.00017129
0.00043202
0.00156810
0.00043992
-0.00036117
0.00116637
-0.00027203
0.00065994
0.00010579
-0.00011908
-0.00161308
0.00095564
0.00042827
-0.00073036
0.00126220
-0.00146988
0.00047191
0.00148308
0.00071847
0.00003804
0.00055701
0.00077166
0.00161530
0.00077368
0.00130161
0.00028913
0.00066042
-0.00100434
-0.00003797
-0.00172215
0.00216392
-0.03857123
0.00023021
-0.00110219
-0.00031397
0.00016357
0.00060553
0.00051758
-0.00112883
0.00003278
0.00034030
-0.00078496
0.00042621
-0.00049457
0.00006520
-0.00010708
0.00103027
-0.00028435
-0.00122260
-0.00127029
0.00099428
0.00057504
0.00156749
-0.00034050
-0.00026041
0.00091211
0.00113606
-0.00165502
-0.00041304
-0.00052595
0.00057837
0.00067792
0.00028923
0.00030797
-0.00028442
0.00039549
0.00137599
0.00036215
-0.00019951
0.00125370
-0.00035254
0.00066046
0.00016189
-0.00003102
-0.00135213
0.00089505
0.00061554
-0.00066890
0.00102203
-0.00137092
0.00064757
0.00148883
0.00075460
0.00001448
0.00068297
0.00070295
0.00163386
0.00069090
0.00119140
0.00043558
0.00068119
-0.00091412
-0.00013629
-0.00152901
0.00210934
-0.03791767
0.00020280
-0.00085732
-0.00032073
0.00017287
0.00042953
0.00019857
-0.00121866
0.00021961
0.00029552
-0.00080760
0.00042660
-0.00051717
0.00033726
0.00022505
0.00088769
-0.00014794
-0.00134411
-0.00127846
0.00092447
0.00042533
0.00129274
-0.00033310
0.00002279
0.00109047
0.00128975
-0.00148656
-0.00038666
-0.00063593
0.00041560
0.00053633
0.00037998
0.00026712
-0.00017874
0.00050049
0.00154787
0.00045117
-0.00029012
0.00126872
-0.00029143
0.00066878
0.00015466
0.00000722
-0.00157757
0.00094714
0.00044196
-0.00068929
0.00143206
-0.00140081
0.00053091
0.00153336
0.00065540
0.00006005
0.00058345
0.00079782
0.00160297
0.00090658
0.00118275
0.00027429
0.00061175
-0.00104326
-0.00003365
-0.00176874
0.00214191
-0.03872448
0.00019899
-0.00098582
-0.00027002
0.00018615
0.00054283
0.00028050
-0.00115559
0.00010218
0.00035224
-0.00079560
0.00050607
-0.00042766
0.00017245
-0.00000332
0.00085748
-0.00018633
-0.00127006
-0.00128091
0.00104082
0.00046764
0.00142554
-0.00026568
-0.00015756
0.00106297
0.00121662
-0.00162533
-0.00042534
-0.00052728
0.00049334
0.00069232
0.00038249
0.00029597
-0.00026256
0.00046974
0.00149775
0.00039211
-0.00019881
0.00131155
-0.00033670
0.00066922
0.00016630
0.00002056
-0.00149142
0.00091230
0.00047057
-0.00068730
0.00115483
-0.00144306
0.00058519
0.00153652
0.00075994
0.00005449
0.00056964
0.00074607
0.00171273
0.00075836
0.00125020
0.00030908
0.00069308
-0.00093882
-0.00002992
-0.00171761
0.00209411
-0.03892449
0.00026474
-0.00097436
-0.00035679
0.00019349
0.00056427
0.00026456
-0.00125907
0.00012896
0.00031942
-0.00076678
0.00041574
-0.00048628
0.00023822
0.00006836
0.00091033
-0.00014140
-0.00125612
-0.00123942
0.00098332
0.00046614
0.00139427
-0.00028537
-0.00015320
0.00108675
0.00125823
-0.00156545
-0.00042385
-0.00060813
0.00051134
0.00062864
0.00032205
0.00030194
-0.00023578
0.00044610
0.00132482
0.00038916
0.00003700
0.00127805
-0.00037487
0.00064675
0.00009216
0.00021280
-0.00126173
0.00092989
0.00064837
-0.00072938
0.00138439
-0.00139953
0.00061200
0.00146934
0.00081607
0.00017790
0.00065125
0.00079814
0.00156100
0.00071415
0.00112032
0.00041293
0.00056755
-0.00077644
0.00014344
-0.00156157
0.00207164
-0.03937620
0.00013346
-0.00093731
-0.00032421
0.00014184
0.00034579
0.00003943
-0.00132850
0.00025127
0.00019593
-0.00077240
0.00050155
-0.00055317
0.00016138
0.00023888
0.00088561
-0.00014429
-0.00133247
-0.00117149
0.00096788
0.00051178
0.00122321
-0.00030313
-0.00010421
0.00110684
0.00128703
-0.00159306
-0.00045015
-0.00058255
0.00050077
0.00056815
0.00048417
0.00027131
-0.00029884
0.00043175
0.00135476
0.00031012
-0.00001439
0.00135557
-0.00033888
0.00067484
0.00006293
0.00015624
-0.00134811
0.00087177
0.00066124
-0.00073459
0.00148603
-0.00146880
0.00057492
0.00143966
0.00092043
0.00019503
0.00060527
0.00072428
0.00156398
0.00073457
0.00099085
0.00040479
0.00056091
-0.00083425
0.00003630
-0.00152575
0.00218799
-0.03863836
0.00017973
-0.00091948
-0.00031902
0.00010356
0.00024796
0.00016138
-0.00132982
0.00023837
0.00016876
-0.00079353
0.00053882
-0.00054626
0.00023355
0.00022038
0.00089254
-0.00013005
-0.00132971
-0.00119276
0.00094568
0.00049526
0.00118343
-0.00037467
0.00001508
0.00103908
0.00122269
-0.00158758
-0.00035476
-0.00053408
0.00047417
0.00055008
0.00049072
0.00020866
-0.00023685
0.00043294
0.00141530
0.00023359
-0.00008451
0.00134502
-0.00031321
0.00055359
0.00010059
0.00017596
-0.00132201
0.00084182
0.00057170
-0.00077955
0.00138086
-0.00142686
0.00056700
0.00146096
0.00095732
0.00012646
0.00060084
0.00066103
0.00154026
0.00079584
0.00095534
0.00042814
0.00058276
-0.00076392
-0.00004984
-0.00148117
0.00216365
-0.03864513
0.00023282
-0.00086617
-0.00035955
0.00004747
0.00030767
0.00006596
-0.00138799
0.00016198
0.00027457
-0.00087451
0.00058117
-0.00056925
0.00026461
0.00017294
0.00085820
0.00000102
-0.00116131
-0.00111000
0.00105107
0.00050766
0.00116435
-0.00038998
-0.00002659
0.00114190
0.00122686
-0.00163497
-0.00038831
-0.00063828
0.00059883
0.00048209
0.00046028
0.00006964
-0.00023041
0.00046390
0.00137061
0.00025085
-0.00011353
0.00129286
-0.00025992
0.00050372
0.00008920
0.00015433
-0.00125163
0.00079012
0.00054099
-0.00079303
0.00115343
-0.00139875
0.00055536
0.00153395
0.00092856
0.00011408
0.00059689
0.00069309
0.00152683
0.00080278
0.00101482
0.00045725
0.00069124
-0.00079423
-0.00000781
-0.00151504
0.00223468
-0.03803693
0.00021856
-0.00084839
-0.00034097
0.00019908
0.00034863
-0.00007871
-0.00130994
0.00009934
0.00028547
-0.00081100
0.00063802
-0.00058141
0.00027670
0.00012797
0.00091791
0.00009424
-0.00117667
-0.00107878
0.00095225
0.00055262
0.00112721
-0.00038394
-0.00005584
0.00109200
0.00118898
-0.00157838
-0.00037288
-0.00065523
0.00057575
0.00050805
0.00043892
0.00001101
-0.00027310
0.00043638
0.00142972
0.00026451
-0.00019400
0.00129973
-0.00016483
0.00036456
0.00008879
0.00012346
-0.00144366
0.00081330
0.00040677
-0.00080543
0.00088247
-0.00135013
0.00053073
0.00154135
0.00088407
-0.00000113
0.00058875
0.00063484
0.00159307
0.00097833
0.00106590
0.00048701
0.00078767
-0.00083752
-0.00002462
-0.00166773
0.00219782
-0.03790045
0.00029317
-0.00082197
-0.00035385
0.00022330
0.00047182
0.00003040
-0.00144859
0.00009483
0.00029341
-0.00069337
0.00060771
-0.00054356
0.00030692
0.00013534
0.00084370
0.00013994
-0.00108648
-0.00104052
0.00101676
0.00056115
0.00117298
-0.00036220
-0.00001202
0.00105156
0.00109794
-0.00161884
-0.00045238
-0.00077014
0.00065056
0.00036474
0.00041202
-0.00003030
-0.00020352
0.00045588
0.00139604
0.00031473
-0.00005063
0.00124616
-0.00017557
0.00041842
0.00002976
0.00017618
-0.00143562
0.00087907
0.00043821
-0.00081221
0.00148694
-0.00129977
0.00059298
0.00148606
0.00077694
0.00014177
0.00052659
0.00073697
0.00159690
0.00095155
0.00105067
0.00053736
0.00068179
-0.00083778
0.00015451
-0.00168382
0.00215300
-0.03945862
0.00016829
-0.00088026
-0.00028269
0.00014565
0.00039058
-0.00014216
-0.00142819
-0.00004279
0.00034488
-0.00072095
0.00062885
-0.00055170
0.00023490
0.00013065
0.00087079
0.00006966
-0.00110650
-0.00106632
0.00097799
0.00060111
0.00117678
-0.00036333
-0.00007120
0.00098516
0.00112562
-0.00166202
-0.00045367
-0.00060959
0.00058085
0.00045771
0.00042131
0.00018551
-0.00029105
0.00047252
0.00132068
0.00028248
0.00003525
0.00111712
-0.00022736
0.00042959
0.00000064
0.00024159
-0.00129384
0.00092952
0.00054185
-0.00077383
0.00177670
-0.00133597
0.00061244
0.00144978
0.00075511
0.00021022
0.00050601
0.00077369
0.00156014
0.00096040
0.00096232
0.00059797
0.00056831
-0.00080145
0.00026734
-0.00165671
0.00211134
-0.03996582
0.00009333
-0.00085022
-0.00025555
0.00009959
0.00033435
-0.00010938
-0.00137902
-0.00006253
0.00034996
-0.00072528
0.00059867
-0.00048138
0.00016663
0.00020071
0.00086646
0.00005645
-0.00114291
-0.00109369
0.00099497
0.00058513
0.00114122
-0.00039752
-0.00003820
0.00100343
0.00108019
-0.00170631
-0.00042020
-0.00052738
0.00053711
0.00052701
0.00040579
0.00024930
-0.00031483
0.00051609
0.00128041
0.00022390
-0.00008303
0.00115871
-0.00019995
0.00032136
-0.00001015
0.00014258
-0.00132999
0.00085962
0.00040404
-0.00079763
0.00108737
-0.00133390
0.00065722
0.00149735
0.00074179
0.00016882
0.00057018
0.00060006
0.00156569
0.00102184
0.00093805
0.00066073
0.00068797
-0.00085128
0.00014822
-0.00164830
0.00208223
-0.03874735
0.00021211
-0.00076384
-0.00033942
0.00011578
0.00041812
-0.00001342
-0.00139239
-0.00010283
0.00038835
-0.00067884
0.00059760
-0.00047543
0.00014611
0.00027035
0.00080891
0.00009938
-0.00102106
-0.00102729
0.00101467
0.00051748
0.00117156
-0.00047637
-0.00004093
0.00109699
0.00107839
-0.00165772
-0.00042403
-0.00062749
0.00056310
0.00044814
0.00036189
0.00017806
-0.00024795
0.00052650
0.00115158
0.00018996
-0.00012978
0.00120752
-0.00019813
0.00030774
-0.00003556
0.00011306
-0.00127833
0.00079606
0.00036514
-0.00077047
0.00098056
-0.00137524
0.00070651
0.00142876
0.00080895
0.00017930
0.00062926
0.00050384
0.00158444
0.00097284
0.00093370
0.00070383
0.00069456
-0.00074635
0.00007131
-0.00154422
0.00210375
-0.03823246
0.00028064
-0.00076949
-0.00038654
0.00010006
0.00036299
0.00010555
-0.00135943
-0.00002119
0.00038502
-0.00068818
0.00055449
-0.00043088
0.00023966
0.00032240
0.00076414
0.00007891
-0.00098162
-0.00100836
0.00105253
0.00049622
0.00111653
-0.00058088
-0.00005066
0.00105933
0.00114227
-0.00155059
-0.00046474
-0.00066632
0.00058355
0.00045234
0.00041082
0.00026187
-0.00023029
0.00052641
0.00115049
0.00011967
-0.00018324
0.00119101
-0.00022262
0.00025448
-0.00004503
-0.00004378
-0.00124105
0.00073173
0.00035161
-0.00075488
0.00062359
-0.00135101
0.00068481
0.00145047
0.00081848
0.00005773
0.00056673
0.00040296
0.00159514
0.00109960
0.00091035
0.00075353
0.00083508
-0.00077108
-0.00014883
-0.00153448
0.00215873
-0.03700805
0.00039021
-0.00078525
-0.00046579
0.00015588
0.00039703
0.00013022
-0.00132220
0.00000764
0.00041404
-0.00064616
0.00051592
-0.00047573
0.00031838
0.00022198
0.00071225
0.00011438
-0.00098558
-0.00094479
0.00107456
0.00055055
0.00116696
-0.00063483
-0.00007165
0.00121205
0.00116929
-0.00146754
-0.00053370
-0.00074778
0.00063482
0.00034547
0.00043402
0.00015588
-0.00023630
0.00059767
0.00112306
0.00003996
-0.00024781
0.00123559
-0.00019688
0.00027733
-0.00001315
-0.00004851
-0.00130733
0.00071018
0.00037470
-0.00076222
0.00029926
-0.00133452
0.00069764
0.00147563
0.00073327
-0.00002916
0.00058451
0.00032537
0.00153194
0.00121808
0.00085550
0.00074579
0.00092572
-0.00084172
-0.00019018
-0.00166218
0.00209534
-0.03710224
0.00049328
-0.00086876
-0.00052104
0.00007820
0.00050518
0.00013104
-0.00142635
-0.00002721
0.00037044
-0.00062079
0.00044541
-0.00049206
0.00030663
0.00012330
0.00068727
0.00016525
-0.00093188
-0.00087449
0.00112205
0.00063506
0.00114766
-0.00058023
-0.00020871
0.00122226
0.00121964
-0.00146431
-0.00064838
-0.00080138
0.00068333
0.00032524
0.00050473
0.00003993
-0.00014086
0.00057554
0.00109820
0.00012022
-0.00002272
0.00121801
-0.00025254
0.00038043
-0.00004186
0.00010640
-0.00116357
0.00073563
0.00052063
-0.00073456
0.00052336
-0.00139560
0.00065713
0.00141032
0.00076839
0.00006133
0.00054738
0.00046271
0.00148234
0.00110421
0.00085396
0.00069653
0.00074803
-0.00079636
-0.00003810
-0.00155007
0.00210948
-0.03801628
0.00036687
-0.00085574
-0.00045443
-0.00003115
0.00036137
-0.00000418
-0.00130731
-0.00001481
0.00033170
-0.00063963
0.00038169
-0.00055136
0.00033186
0.00023691
0.00075847
0.00009572
-0.00102088
-0.00092712
0.00109261
0.00070294
0.00110237
-0.00056633
-0.00013999
0.00114234
0.00125219
-0.00146187
-0.00062730
-0.00065102
0.00065401
0.00043342
0.00050533
0.00023907
-0.00028309
0.00065120
0.00114681
0.00014737
-0.00010649
0.00124772
-0.00029044
0.00044120
-0.00007477
-0.00000038
-0.00117374
0.00074417
0.00053360
-0.00076900
0.00054811
-0.00139426
0.00062750
0.00144716
0.00070594
0.00003398
0.00064086
0.00048543
0.00150416
0.00115687
0.00091523
0.00067203
0.00076908
-0.00081266
-0.00013035
-0.00152222
0.00212740
-0.03734521
0.00040440
-0.00082850
-0.00046328
0.00002432
0.00041397
-0.00002379
-0.00130648
0.00001953
0.00033521
-0.00057790
0.00042622
-0.00057412
0.00039135
0.00027104
0.00074789
0.00012864
-0.00095287
-0.00090042
0.00109026
0.00068107
0.00111998
-0.00054094
-0.00017581
0.00112067
0.00125271
-0.00138020
-0.00063162
-0.00073004
0.00059911
0.00039177
0.00047735
0.00017297
-0.00025293
0.00066011
0.00116082
0.00008816
-0.00015128
0.00129285
-0.00024155
0.00034217
-0.00002552
-0.00008915
-0.00124764
0.00065301
0.00048014
-0.00070227
0.00014456
-0.00142676
0.00064825
0.00148908
0.00077558
-0.00011424
0.00072861
0.00040146
0.00157873
0.00117033
0.00087278
0.00063711
0.00087047
-0.00080730
-0.00029719
-0.00147842
0.00206299
-0.03662633
0.00046916
-0.00080408
-0.00049066
0.00005803
0.00043610
0.00001934
-0.00129798
0.00003683
0.00032513
-0.00060018
0.00039739
-0.00064159
0.00047035
0.00020349
0.00080501
0.00020249
-0.00088231
-0.00088965
0.00109427
0.00063681
0.00116291
-0.00056536
-0.00025435
0.00110064
0.00129473
-0.00144783
-0.00065080
-0.00085381
0.00066527
0.00037001
0.00046634
0.00010963
-0.00019162
0.00063430
0.00113720
0.00019769
-0.00012680
0.00126661
-0.00021279
0.00034276
0.00007888
-0.00009030
-0.00126843
0.00067105
0.00049115
-0.00068048
0.00006125
-0.00143006
0.00068454
0.00150948
0.00072858
-0.00011528
0.00061610
0.00055095
0.00158225
0.00110249
0.00092686
0.00053689
0.00090082
-0.00079140
-0.00032672
-0.00146970
0.00213508
-0.03683607
0.00041363
-0.00078383
-0.00040687
0.00012656
0.00041247
0.00019046
-0.00132054
0.00002816
0.00027363
-0.00057275
0.00043663
-0.00065639
0.00040917
0.00023218
0.00081674
0.00017148
-0.00097386
-0.00092252
0.00093993
0.00061185
0.00116512
-0.00055718
-0.00023835
0.00112798
0.00138245
-0.00149923
-0.00055973
-0.00084117
0.00065168
0.00037296
0.00044390
0.00016210
-0.00022177
0.00066890
0.00114536
0.00022726
-0.00010786
0.00124733
-0.00019789
0.00033065
0.00003094
-0.00011495
-0.00133607
0.00072541
0.00042494
-0.00070088
0.00016750
-0.00137437
0.00069784
0.00152447
0.00064944
-0.00008959
0.00059512
0.00055934
0.00160073
0.00119760
0.00093922
0.00058917
0.00090962
-0.00085999
-0.00025814
-0.00155463
0.00210902
-0.03732968
0.00042256
-0.00079847
-0.00039776
0.00011100
0.00045259
0.00012974
-0.00137791
-0.00009910
0.00033061
-0.00055162
0.00044754
-0.00065068
0.00038278
0.00021782
0.00083564
0.00014275
-0.00092075
-0.00089916
0.00096788
0.00061588
0.00120881
-0.00056319
-0.00032598
0.00109360
0.00135438
-0.00152602
-0.00056979
-0.00081129
0.00066634
0.00038856
0.00043730
0.00020648
-0.00027293
0.00067656
0.00099602
0.00022941
-0.00008789
0.00127534
-0.00019720
0.00026241
0.00005558
-0.00013628
-0.00131692
0.00055422
0.00050660
-0.00069523
0.00003370
-0.00137336
0.00064815
0.00149999
0.00072341
-0.00021451
0.00067415
0.00049951
0.00157642
0.00118942
0.00098062
0.00057895
0.00087122
-0.00094596
-0.00026267
-0.00142666
0.00213542
-0.03638730
0.00044115
-0.00080410
-0.00037032
0.00016002
0.00043112
0.00016176
-0.00132259
-0.00006707
0.00031323
-0.00062896
0.00038028
-0.00074022
0.00041671
0.00018069
0.00086372
0.00018728
-0.00094170
-0.00089852
0.00088687
0.00058501
0.00115619
-0.00052683
-0.00034537
0.00114834
0.00139768
-0.00138270
-0.00061312
-0.00088233
0.00060028
0.00035437
0.00042200
0.00010434
-0.00020086
0.00064494
0.00110251
0.00025237
-0.00012655
0.00127298
-0.00017117
0.00028837
0.00004896
-0.00015354
-0.00135801
0.00060683
0.00048829
-0.00071938
0.00021489
-0.00141588
0.00066731
0.00150077
0.00069036
-0.00018716
0.00072455
0.00057941
0.00148912
0.00121305
0.00099907
0.00054462
0.00086307
-0.00089668
-0.00025836
-0.00142682
0.00209119
-0.03628286
0.00043968
-0.00085480
-0.00038795
0.00009904
0.00038470
0.00015067
-0.00131482
0.00004224
0.00028847
-0.00066696
0.00037727
-0.00076834
0.00038827
0.00024382
0.00086733
0.00022784
-0.00093379
-0.00096089
0.00083853
0.00062371
0.00110249
-0.00047539
-0.00038529
0.00107162
0.00137689
-0.00127355
-0.00062891
-0.00082944
0.00067455
0.00033072
0.00049630
0.00019122
-0.00021812
0.00066570
0.00102040
0.00025093
-0.00003953
0.00130293
-0.00018917
0.00033382
-0.00002482
-0.00011223
-0.00140508
0.00060995
0.00048684
-0.00069193
0.00041637
-0.00148532
0.00062335
0.00146906
0.00066295
-0.00014321
0.00073908
0.00065550
0.00141346
0.00119683
0.00096979
0.00055967
0.00079727
-0.00083430
-0.00022146
-0.00142576
0.00210938
-0.03662696
0.00035924
-0.00088292
-0.00035920
0.00009138
0.00032323
0.00018488
-0.00130062
0.00003548
0.00029525
-0.00066616
0.00032092
-0.00079062
0.00035295
0.00021089
0.00089722
0.00023731
-0.00097600
-0.00099572
0.00075618
0.00056783
0.00106518
-0.00040708
-0.00031673
0.00108689
0.00133306
-0.00125666
-0.00061353
-0.00079671
0.00066430
0.00039039
0.00054815
0.00027999
-0.00025090
0.00063805
0.00103854
0.00025801
-0.00016059
0.00139728
-0.00016332
0.00017859
-0.00005407
-0.00025017
-0.00156408
0.00054849
0.00037439
-0.00066526
-0.00011672
-0.00149645
0.00058820
0.00155682
0.00058761
-0.00023552
0.00077648
0.00055043
0.00136149
0.00140529
0.00099595
0.00058379
0.00096842
-0.00095592
-0.00029081
-0.00153234
0.00211264
-0.03570576
0.00055300
-0.00084604
-0.00037464
0.00013876
0.00045097
0.00037358
-0.00142493
-0.00004983
0.00029094
-0.00057488
0.00032469
-0.00084713
0.00040629
0.00019235
0.00092192
0.00031148
-0.00087415
-0.00092578
0.00078996
0.00049331
0.00107439
-0.00038805
-0.00040846
0.00110429
0.00128964
-0.00120342
-0.00063914
-0.00097317
0.00080653
0.00028400
0.00056625
0.00014452
-0.00024472
0.00059161
0.00096413
0.00025276
-0.00014795
0.00130968
-0.00021733
0.00024584
-0.00006633
-0.00017685
-0.00147954
0.00053011
0.00049110
-0.00062179
0.00006735
-0.00151935
0.00061859
0.00160138
0.00063227
-0.00021667
0.00066485
0.00063009
0.00139756
0.00122782
0.00104200
0.00055937
0.00093000
-0.00088505
-0.00029012
-0.00147074
0.00207502
-0.03600206
0.00044758
-0.00078866
-0.00042251
0.00016867
0.00036999
0.00032560
-0.00136090
0.00002173
0.00026399
-0.00061709
0.00033617
-0.00079725
0.00035585
0.00022112
0.00097198
0.00029858
-0.00095374
-0.00103624
0.00074006
0.00042503
0.00102189
-0.00039316
-0.00031156
0.00107140
0.00135789
-0.00119798
-0.00058114
-0.00093243
0.00070694
0.00035192
0.00053125
0.00019399
-0.00022923
0.00062109
0.00098802
0.00032996
-0.00003114
0.00153573
-0.00005451
0.00006107
-0.00032148
-0.00022784
-0.00175694
0.00056114
0.00069226
-0.00039327
0.00103245
-0.00158927
0.00046075
0.00167061
0.00019221
-0.00018678
0.00030415
0.00084168
0.00134945
0.00159440
0.00102902
0.00050231
0.00075186
-0.00124832
-0.00019023
-0.00167557
0.00188531
-0.03820681
0.00022078
-0.00082732
-0.00026017
0.00045574
0.00029681
-0.00004802
-0.00143929
-0.00008675
0.00034861
-0.00064303
0.00019459
-0.00080060
0.00011892
-0.00001134
0.00120044
0.00033768
-0.00091237
-0.00118924
0.00067413
0.00050522
0.00097644
-0.00025709
-0.00043656
0.00085567
0.00117394
-0.00111223
-0.00049967
-0.00077095
0.00076064
0.00063857
0.00060469
0.00034162
-0.00043738
0.00065601
0.00099800
0.00030959
-0.00008248
0.00136572
-0.00013207
0.00021784
-0.00010218
-0.00016942
-0.00151330
0.00061525
0.00053893
-0.00053269
0.00028752
-0.00151290
0.00063387
0.00160331
0.00051092
-0.00015753
0.00062921
0.00069606
0.00142528
0.00120597
0.00106331
0.00059793
0.00086942
-0.00097009
-0.00023952
-0.00146987
0.00202699
-0.03718883
0.00045308
-0.00082635
-0.00036523
0.00019025
0.00036524
0.00024309
-0.00138334
0.00003059
0.00026237
-0.00056879
0.00036870
-0.00077087
0.00033494
0.00024851
0.00103837
0.00031210
-0.00096441
-0.00102865
0.00079887
0.00044674
0.00103985
-0.00039154
-0.00030469
0.00109258
0.00132542
-0.00117039
-0.00055445
-0.00090706
0.00068261
0.00042888
0.00056791
0.00019253
-0.00025823
0.00062008
0.00100717
0.00034423
-0.00004613
0.00134384
-0.00012269
0.00024870
-0.00005033
-0.00011770
-0.00151208
0.00067188
0.00055295
-0.00051770
0.00061935
-0.00149220
0.00064610
0.00156395
0.00049254
-0.00008253
0.00059244
0.00074102
0.00140067
0.00117121
0.00106307
0.00060339
0.00081938
-0.00095708
-0.00016149
-0.00145406
0.00203070
-0.03789756
0.00035329
-0.00083884
-0.00030836
0.00014826
0.00032550
0.00017828
-0.00139121
-0.00002020
0.00028616
-0.00059700
0.00038734
-0.00073491
0.00030331
0.00026204
0.00103854
0.00028822
-0.00097373
-0.00106734
0.00078690
0.00046375
0.00101315
-0.00037350
-0.00033308
0.00102737
0.00131763
-0.00117720
-0.00056832
-0.00080491
0.00065306
0.00047963
0.00059818
0.00024897
-0.00026601
0.00060864
0.00101533
0.00043377
-0.00005161
0.00139464
-0.00007753
0.00024887
0.00001795
-0.00018181
-0.00147007
0.00064842
0.00053226
-0.00051936
0.00031883
-0.00142229
0.00066597
0.00159362
0.00053725
-0.00006223
0.00062446
0.00069928
0.00148907
0.00114865
0.00107147
0.00065129
0.00082397
-0.00092780
-0.00019046
-0.00136778
0.00205146
-0.03722622
0.00038274
-0.00080401
-0.00037136
0.00019747
0.00028845
0.00016327
-0.00142730
0.00006100
0.00028173
-0.00061383
0.00039508
-0.00070325
0.00037583
0.00025852
0.00097800
0.00030307
-0.00100406
-0.00103700
0.00075980
0.00042956
0.00109149
-0.00038718
-0.00034612
0.00103992
0.00136201
-0.00118256
-0.00056181
-0.00088371
0.00064713
0.00045657
0.00053179
0.00024271
-0.00028539
0.00057030
0.00094346
0.00049422
-0.00004000
0.00137722
-0.00016112
0.00025795
0.00000078
-0.00018369
-0.00151565
0.00067097
0.00056948
-0.00054905
0.00027034
-0.00143668
0.00063753
0.00166957
0.00059304
-0.00010807
0.00061987
0.00065955
0.00145745
0.00116226
0.00107617
0.00064120
0.00087914
-0.00089520
-0.00021651
-0.00137147
0.00209042
-0.03689469
0.00040048
-0.00085599
-0.00035990
0.00018132
0.00026858
0.00015953
-0.00147200
0.00006663
0.00020874
-0.00060428
0.00035872
-0.00074379
0.00041443
0.00028386
0.00098307
0.00031869
-0.00099053
-0.00101657
0.00075445
0.00042633
0.00106555
-0.00041417
-0.00030381
0.00102711
0.00141847
-0.00124908
-0.00050717
-0.00084405
0.00062860
0.00043121
0.00054939
0.00025342
-0.00023669
0.00059369
0.00094879
0.00047762
-0.00007414
0.00142172
-0.00016397
0.00024712
-0.00001436
-0.00025554
-0.00154595
0.00064828
0.00057018
-0.00056489
0.00010931
-0.00140693
0.00075471
0.00166776
0.00056834
-0.00013130
0.00063107
0.00069204
0.00152399
0.00122849
0.00107044
0.00066870
0.00090632
-0.00091834
-0.00021836
-0.00136487
0.00209358
-0.03667524
0.00046669
-0.00084491
-0.00045089
0.00022056
0.00024494
0.00024184
-0.00156568
0.00009437
0.00021572
-0.00061964
0.00037567
-0.00076864
0.00048364
0.00027270
0.00098090
0.00033757
-0.00096925
-0.00100100
0.00073643
0.00040001
0.00113195
-0.00042432
-0.00025814
0.00104177
0.00143882
-0.00118279
-0.00052542
-0.00091857
0.00061827
0.00036074
0.00055896
0.00022838
-0.00027305
0.00062669
0.00079632
0.00065228
0.00000418
0.00143327
-0.00014551
0.00019181
-0.00008480
-0.00028597
-0.00175836
0.00065159
0.00053960
-0.00052959
0.00002985
-0.00136102
0.00065342
0.00188568
0.00041952
-0.00021557
0.00051771
0.00076828
0.00137157
0.00163253
0.00105859
0.00063941
0.00095868
-0.00103553
-0.00021774
-0.00153205
0.00212723
-0.03621249
0.00044678
-0.00087481
-0.00036945
0.00030255
0.00019828
0.00013355
-0.00171946
-0.00004810
0.00017328
-0.00056207
0.00037463
-0.00078933
0.00043720
0.00020194
0.00102021
0.00045372
-0.00086226
-0.00096661
0.00068889
0.00038078
0.00112986
-0.00032244
-0.00039367
0.00095322
0.00148611
-0.00123659
-0.00056719
-0.00091291
0.00065919
0.00040957
0.00062605
0.00025573
-0.00037261
0.00069858
0.00095626
0.00046475
-0.00000957
0.00133162
-0.00025688
0.00032418
-0.00003453
-0.00016800
-0.00147486
0.00069008
0.00061284
-0.00058790
0.00056439
-0.00143826
0.00077180
0.00163018
0.00058192
-0.00010251
0.00053960
0.00081018
0.00145623
0.00117212
0.00104501
0.00061280
0.00077167
-0.00086147
-0.00014288
-0.00135412
0.00212611
-0.03765704
0.00026271
-0.00089615
-0.00034730
0.00017123
0.00016687
0.00014451
-0.00142369
0.00010632
0.00019797
-0.00061926
0.00041378
-0.00079697
0.00036871
0.00028277
0.00093117
0.00020395
-0.00109490
-0.00105094
0.00075304
0.00040395
0.00107455
-0.00040499
-0.00015650
0.00096285
0.00142649
-0.00125989
-0.00058612
-0.00082339
0.00052844
0.00041591
0.00055146
0.00031043
-0.00033328
0.00068999
0.00094135
0.00042538
-0.00005574
0.00132408
-0.00026192
0.00019542
0.00000085
-0.00020820
-0.00148184
0.00067515
0.00056097
-0.00058512
0.00034338
-0.00140785
0.00073926
0.00169968
0.00054356
-0.00012200
0.00058155
0.00075501
0.00146696
0.00121539
0.00103616
0.00062090
0.00084439
-0.00084848
-0.00025668
-0.00130668
0.00208895
-0.03732711
0.00038310
-0.00086103
-0.00041485
0.00019505
0.00023187
0.00023081
-0.00145265
0.00013932
0.00018300
-0.00062486
0.00037726
-0.00082323
0.00043125
0.00019820
0.00093963
0.00025430
-0.00106496
-0.00102508
0.00081463
0.00031314
0.00107105
-0.00045211
-0.00018939
0.00103711
0.00142663
-0.00121360
-0.00055759
-0.00095479
0.00059195
0.00034786
0.00056006
0.00027715
-0.00032175
0.00069824
0.00092429
0.00037512
-0.00010365
0.00130797
-0.00030128
0.00014673
0.00002070
-0.00017464
-0.00145935
0.00067452
0.00052177
-0.00052423
0.00007862
-0.00144819
0.00072623
0.00171483
0.00054742
-0.00018258
0.00060188
0.00071540
0.00151382
0.00121952
0.00108153
0.00065909
0.00089454
-0.00084983
-0.00024241
-0.00132992
0.00211754
-0.03702023
0.00038526
-0.00085676
-0.00042528
0.00023256
0.00026958
0.00032074
-0.00141118
0.00014964
0.00018603
-0.00057299
0.00034616
-0.00082062
0.00041024
0.00022090
0.00098671
0.00023625
-0.00101156
-0.00100075
0.00081669
0.00031494
0.00116005
-0.00050940
-0.00020735
0.00105297
0.00143160
-0.00123404
-0.00056975
-0.00100233
0.00062959
0.00035470
0.00055480
0.00021717
-0.00037003
0.00072147
0.00101838
0.00038671
-0.00014656
0.00131274
-0.00027461
0.00016876
0.00002017
-0.00019825
-0.00149904
0.00071238
0.00049814
-0.00055092
0.00016729
-0.00147467
0.00074243
0.00171566
0.00052969
-0.00016997
0.00065287
0.00076776
0.00144857
0.00124419
0.00109415
0.00063262
0.00089934
-0.00081608
-0.00025264
-0.00133315
0.00207763
-0.03680873
0.00040366
-0.00088783
-0.00044790
0.00018273
0.00024751
0.00032608
-0.00141613
0.00023842
0.00016752
-0.00060052
0.00034652
-0.00083998
0.00039901
0.00027569
0.00099036
0.00027861
-0.00099469
-0.00104713
0.00078293
0.00034830
0.00111809
-0.00046592
-0.00024097
0.00099854
0.00141240
-0.00114669
-0.00058250
-0.00097071
0.00069676
0.00032418
0.00061096
0.00027203
-0.00037274
0.00073253
0.00101829
0.00037394
-0.00015769
0.00130975
-0.00026487
0.00017784
-0.00000517
-0.00019299
-0.00148145
0.00071002
0.00054569
-0.00055088
0.00033506
-0.00152851
0.00073768
0.00171439
0.00052237
-0.00012316
0.00063554
0.00076669
0.00142479
0.00124674
0.00111245
0.00063161
0.00087316
-0.00081321
-0.00025699
-0.00133740
0.00209917
-0.03706522
0.00038159
-0.00090218
-0.00047172
0.00018476
0.00019353
0.00031051
-0.00138816
0.00026289
0.00016840
-0.00059847
0.00036811
-0.00077500
0.00040491
0.00031715
0.00100894
0.00031939
-0.00099544
-0.00109080
0.00077060
0.00039458
0.00109139
-0.00048687
-0.00026539
0.00099852
0.00140361
-0.00112432
-0.00057701
-0.00091348
0.00071352
0.00039057
0.00068775
0.00030460
-0.00036966
0.00071266
0.00094125
0.00033181
-0.00011622
0.00130220
-0.00020685
0.00018775
-0.00000096
-0.00019087
-0.00139792
0.00067979
0.00053836
-0.00053062
0.00035016
-0.00148988
0.00079209
0.00170989
0.00056415
-0.00008877
0.00068626
0.00068620
0.00142780
0.00113622
0.00114856
0.00062554
0.00088464
-0.00079301
-0.00023470
-0.00131841
0.00208389
-0.03729784
0.00037943
-0.00088005
-0.00051718
0.00012300
0.00021412
0.00033940
-0.00137622
0.00027580
0.00019560
-0.00064245
0.00034944
-0.00079863
0.00043086
0.00033014
0.00100838
0.00027983
-0.00106615
-0.00112266
0.00074914
0.00035824
0.00106548
-0.00049119
-0.00025067
0.00104085
0.00146840
-0.00114283
-0.00056126
-0.00091404
0.00067846
0.00037866
0.00067145
0.00029905
-0.00032080
0.00067989
0.00096856
0.00028589
-0.00011116
0.00128782
-0.00025143
0.00025772
-0.00000224
-0.00023376
-0.00136929
0.00066543
0.00050301
-0.00050051
0.00035405
-0.00146780
0.00078162
0.00168905
0.00064141
-0.00009469
0.00070878
0.00063379
0.00142996
0.00110280
0.00114507
0.00066556
0.00086612
-0.00080289
-0.00022988
-0.00129490
0.00206613
-0.03737940
0.00039483
-0.00088469
-0.00051297
0.00007929
0.00023440
0.00035264
-0.00136413
0.00029566
0.00017169
-0.00060405
0.00036043
-0.00083205
0.00049924
0.00031784
0.00102117
0.00029726
-0.00105081
-0.00114334
0.00076459
0.00034701
0.00103200
-0.00048313
-0.00021488
0.00105956
0.00150402
-0.00115825
-0.00053671
-0.00091789
0.00066360
0.00034574
0.00070316
0.00027374
-0.00027579
0.00068037
0.00099023
0.00025644
-0.00028683
0.00137611
-0.00031050
0.00014718
-0.00002276
-0.00032655
-0.00149912
0.00059388
0.00039906
-0.00050360
-0.00027917
-0.00142464
0.00076965
0.00175773
0.00062825
-0.00029243
0.00071797
0.00054315
0.00145228
0.00127391
0.00119815
0.00072351
0.00099608
-0.00088925
-0.00036657
-0.00137261
0.00212419
-0.03616622
0.00051135
-0.00082489
-0.00055102
0.00011195
0.00034442
0.00047857
-0.00145885
0.00030918
0.00018006
-0.00053728
0.00034101
-0.00085431
0.00060127
0.00040920
0.00106271
0.00030764
-0.00095510
-0.00112968
0.00080590
0.00034508
0.00104962
-0.00052347
-0.00016452
0.00111492
0.00152156
-0.00108150
-0.00056618
-0.00116095
0.00076505
0.00023238
0.00064611
0.00015910
-0.00021076
0.00071303
0.00100210
0.00023864
-0.00017936
0.00132195
-0.00030860
0.00028431
-0.00006544
-0.00023128
-0.00138343
0.00064374
0.00050889
-0.00051419
0.00028285
-0.00143077
0.00077014
0.00162254
0.00065607
-0.00019795
0.00064855
0.00061427
0.00143520
0.00113954
0.00112375
0.00069391
0.00086146
-0.00081148
-0.00025026
-0.00134006
0.00205861
-0.03714345
0.00044930
-0.00084850
-0.00051669
0.00008646
0.00031183
0.00038211
-0.00136251
0.00027291
0.00021890
-0.00052050
0.00037223
-0.00084946
0.00050963
0.00040191
0.00104773
0.00031291
-0.00105917
-0.00112705
0.00080139
0.00042263
0.00104279
-0.00052499
-0.00005919
0.00111461
0.00152150
-0.00114388
-0.00052289
-0.00096233
0.00068905
0.00031771
0.00067455
0.00028464
-0.00025350
0.00066661
0.00100833
0.00020306
-0.00019795
0.00130246
-0.00034462
0.00030469
-0.00003673
-0.00027394
-0.00139464
0.00064153
0.00052899
-0.00056224
0.00016672
-0.00146990
0.00079924
0.00160865
0.00065330
-0.00024323
0.00071638
0.00062962
0.00147826
0.00110028
0.00118692
0.00069292
0.00094031
-0.00081566
-0.00029639
-0.00134060
0.00213184
-0.03686379
0.00046495
-0.00077702
-0.00059068
0.00010997
0.00033557
0.00041964
-0.00138858
0.00022816
0.00022075
-0.00054086
0.00039876
-0.00088076
0.00051905
0.00043905
0.00104248
0.00029668
-0.00109446
-0.00112175
0.00082592
0.00040493
0.00107383
-0.00052298
-0.00005797
0.00113809
0.00154858
-0.00115711
-0.00054037
-0.00097289
0.00070385
0.00031804
0.00070454
0.00024398
-0.00022319
0.00067297
0.00099232
0.00019687
-0.00016755
0.00146221
-0.00038601
0.00024819
-0.00022633
-0.00040978
-0.00162378
0.00072851
0.00086727
-0.00041420
0.00098978
-0.00170149
0.00073022
0.00153896
0.00029510
-0.00040864
0.00051523
0.00092482
0.00149075
0.00130399
0.00126793
0.00067743
0.00087035
-0.00097795
-0.00037021
-0.00134536
0.00211724
-0.03791348
0.00021302
-0.00068797
-0.00057739
0.00048104
0.00018160
0.00011314
-0.00134807
0.00014139
0.00032598
-0.00049409
0.00028538
-0.00101798
0.00028959
0.00048510
0.00123938
0.00043683
-0.00115413
-0.00121426
0.00071977
0.00056756
0.00112718
-0.00053326
0.00002891
0.00094993
0.00154134
-0.00107372
-0.00047807
-0.00066625
0.00081390
0.00066861
0.00094421
0.00051480
-0.00044834
0.00077556
0.00100339
0.00025719
-0.00018353
0.00130361
-0.00029261
0.00033591
-0.00009706
-0.00029128
-0.00138878
0.00071023
0.00056208
-0.00052213
0.00028900
-0.00148867
0.00079880
0.00159531
0.00056180
-0.00019742
0.00068471
0.00065547
0.00151462
0.00109000
0.00114979
0.00072193
0.00086233
-0.00080946
-0.00024088
-0.00137206
0.00214187
-0.03755689
0.00043420
-0.00082099
-0.00054621
0.00008900
0.00030332
0.00038805
-0.00139987
0.00017606
0.00026784
-0.00056370
0.00038370
-0.00083350
0.00047290
0.00042934
0.00104986
0.00028057
-0.00107035
-0.00113570
0.00079584
0.00038934
0.00106061
-0.00051401
-0.00008496
0.00110303
0.00147313
-0.00113279
-0.00057781
-0.00093958
0.00071469
0.00036952
0.00073907
0.00031761
-0.00024620
0.00068197
0.00099374
0.00024844
-0.00017021
0.00126937
-0.00029228
0.00033486
-0.00010103
-0.00030214
-0.00129719
0.00068509
0.00052442
-0.00055288
0.00023670
-0.00150819
0.00085321
0.00158124
0.00060062
-0.00021956
0.00073438
0.00061070
0.00154369
0.00100884
0.00112960
0.00068273
0.00091823
-0.00077948
-0.00024122
-0.00132796
0.00217570
-0.03717768
0.00044178
-0.00081008
-0.00053303
0.00011353
0.00035885
0.00032892
-0.00137696
0.00020509
0.00028802
-0.00056824
0.00035339
-0.00079616
0.00046657
0.00043716
0.00103126
0.00023129
-0.00107329
-0.00115786
0.00081544
0.00035278
0.00101605
-0.00050935
-0.00008593
0.00114323
0.00150492
-0.00117556
-0.00048452
-0.00092509
0.00066032
0.00030642
0.00069540
0.00027798
-0.00023205
0.00065695
0.00100221
0.00022460
-0.00023784
0.00129350
-0.00030782
0.00037821
-0.00006342
-0.00031317
-0.00135905
0.00068639
0.00046843
-0.00057843
0.00008982
-0.00154159
0.00084623
0.00156141
0.00058729
-0.00028156
0.00074501
0.00063457
0.00155870
0.00108436
0.00116061
0.00067255
0.00096979
-0.00084178
-0.00032263
-0.00129126
0.00221097
-0.03665138
0.00051430
-0.00078884
-0.00058555
0.00014975
0.00039661
0.00039865
-0.00139788
0.00018436
0.00032332
-0.00058542
0.00027454
-0.00073321
0.00044240
0.00042863
0.00104043
0.00028573
-0.00104698
-0.00120049
0.00080948
0.00027163
0.00104650
-0.00050956
-0.00005493
0.00115560
0.00151999
-0.00112954
-0.00049712
-0.00096145
0.00074478
0.00025953
0.00067696
0.00023566
-0.00018590
0.00065946
0.00101499
0.00021688
-0.00024486
0.00137823
-0.00038690
0.00037783
-0.00001848
-0.00029900
-0.00128827
0.00066442
0.00044534
-0.00059033
0.00006272
-0.00149081
0.00084498
0.00154560
0.00065632
-0.00024751
0.00072493
0.00061239
0.00160750
0.00100749
0.00118775
0.00070604
0.00104541
-0.00084195
-0.00041285
-0.00125955
0.00214406
-0.03642630
0.00050164
-0.00079202
-0.00057358
0.00020481
0.00039641
0.00028834
-0.00136146
0.00014882
0.00028820
-0.00065776
0.00030027
-0.00075133
0.00036808
0.00038657
0.00106791
0.00029455
-0.00108749
-0.00120915
0.00075798
0.00024972
0.00105190
-0.00046045
-0.00003856
0.00121356
0.00155002
-0.00115920
-0.00054006
-0.00094759
0.00071654
0.00027154
0.00067375
0.00023754
-0.00017763
0.00067932
0.00093797
0.00029519
-0.00030558
0.00140142
-0.00046824
0.00041995
-0.00008575
-0.00035211
-0.00138127
0.00071106
0.00036553
-0.00057412
-0.00013445
-0.00164431
0.00083519
0.00160834
0.00050885
-0.00042928
0.00067650
0.00078688
0.00158197
0.00120644
0.00125114
0.00067705
0.00116822
-0.00084140
-0.00053887
-0.00126086
0.00227895
-0.03549229
0.00053662
-0.00077328
-0.00061596
0.00036956
0.00038919
0.00031795
-0.00138851
0.00005344
0.00033022
-0.00063469
0.00021578
-0.00070373
0.00016292
0.00041146
0.00116483
0.00045085
-0.00102550
-0.00127223
0.00065315
0.00009279
0.00105160
-0.00038047
-0.00001799
0.00119579
0.00162975
-0.00111744
-0.00061096
-0.00095741
0.00088501
0.00029525
0.00080513
0.00028346
-0.00026077
0.00076420
0.00107865
0.00025881
-0.00015219
0.00132891
-0.00041406
0.00041654
0.00000703
-0.00019715
-0.00124442
0.00064915
0.00053043
-0.00057273
0.00045604
-0.00150028
0.00079170
0.00150494
0.00065789
-0.00016113
0.00071292
0.00071317
0.00153463
0.00097488
0.00116586
0.00065844
0.00093522
-0.00079077
-0.00029344
-0.00131220
0.00214787
-0.03700782
0.00039598
-0.00083006
-0.00049524
0.00015942
0.00035745
0.00019179
-0.00130287
0.00009794
0.00025670
-0.00070433
0.00033947
-0.00071027
0.00031220
0.00039014
0.00102766
0.00025285
-0.00110769
-0.00121103
0.00073822
0.00032601
0.00108361
-0.00040919
-0.00008046
0.00121017
0.00152912
-0.00121856
-0.00050335
-0.00083400
0.00065512
0.00037117
0.00064111
0.00033285
-0.00017980
0.00065309
0.00105175
0.00021970
-0.00013053
0.00132179
-0.00037732
0.00040184
0.00002908
-0.00019485
-0.00121461
0.00062002
0.00048989
-0.00061831
0.00038049
-0.00150676
0.00078626
0.00147749
0.00064671
-0.00019688
0.00076975
0.00060779
0.00151528
0.00094695
0.00115679
0.00064200
0.00095908
-0.00075932
-0.00038335
-0.00130305
0.00215342
-0.03698455
0.00038135
-0.00077966
-0.00051970
0.00016619
0.00033541
0.00013236
-0.00135279
0.00003941
0.00030656
-0.00076189
0.00032695
-0.00067667
0.00031559
0.00036978
0.00099927
0.00029477
-0.00104430
-0.00122482
0.00070580
0.00032739
0.00109502
-0.00043007
-0.00005802
0.00118194
0.00154056
-0.00123959
-0.00056255
-0.00083274
0.00071439
0.00032942
0.00059559
0.00033133
-0.00014610
0.00067302
0.00098800
0.00033172
-0.00018974
0.00128686
-0.00044765
0.00041992
-0.00002619
-0.00023708
-0.00125282
0.00064769
0.00043398
-0.00056161
0.00020168
-0.00164459
0.00074729
0.00152176
0.00052170
-0.00037338
0.00073925
0.00078842
0.00148003
0.00112461
0.00124891
0.00063947
0.00103835
-0.00076718
-0.00046157
-0.00130794
0.00229200
-0.03588184
0.00038192
-0.00076834
-0.00051358
0.00033154
0.00032863
0.00010954
-0.00130704
-0.00006825
0.00035948
-0.00074548
0.00023883
-0.00061031
0.00010154
0.00045178
0.00106098
0.00038936
-0.00099062
-0.00127554
0.00060421
0.00019511
0.00112437
-0.00036319
-0.00007016
0.00117955
0.00158086
-0.00116275
-0.00059336
-0.00083140
0.00081643
0.00039407
0.00068802
0.00039492
-0.00021878
0.00075960
0.00107954
0.00026998
-0.00012254
0.00132410
-0.00038784
0.00045673
0.00003667
-0.00009847
-0.00122435
0.00062732
0.00058899
-0.00064236
0.00045394
-0.00151175
0.00076077
0.00148311
0.00064212
-0.00018163
0.00073553
0.00064616
0.00149529
0.00098967
0.00111509
0.00054688
0.00087773
-0.00078630
-0.00036150
-0.00132956
0.00211630
-0.03729381
0.00027908
-0.00084776
-0.00045002
0.00014942
0.00029652
-0.00000154
-0.00125927
0.00003881
0.00028242
-0.00076843
0.00032208
-0.00065396
0.00029930
0.00032331
0.00099948
0.00020335
-0.00106452
-0.00129507
0.00074025
0.00036319
0.00109658
-0.00038876
-0.00002464
0.00114734
0.00150171
-0.00130593
-0.00048143
-0.00077328
0.00061420
0.00038476
0.00055170
0.00035340
-0.00014962
0.00067689
0.00110288
0.00027130
-0.00018401
0.00132006
-0.00039263
0.00041852
0.00003491
-0.00014470
-0.00122910
0.00057947
0.00057765
-0.00070925
0.00034968
-0.00155678
0.00072120
0.00149392
0.00068715
-0.00018434
0.00071831
0.00058671
0.00146209
0.00096017
0.00109614
0.00054015
0.00091997
-0.00076345
-0.00037333
-0.00132835
0.00214039
-0.03695176
0.00031307
-0.00085674
-0.00050590
0.00013113
0.00032573
0.00012771
-0.00124564
0.00004770
0.00024175
-0.00078076
0.00034873
-0.00067798
0.00034109
0.00028891
0.00099944
0.00022998
-0.00104911
-0.00128464
0.00070129
0.00036686
0.00110409
-0.00044968
-0.00007600
0.00116363
0.00148486
-0.00125768
-0.00048630
-0.00080516
0.00066307
0.00035632
0.00053032
0.00027684
-0.00012037
0.00065512
0.00105982
0.00041623
-0.00042440
0.00128615
-0.00052184
0.00044698
-0.00006057
-0.00027344
-0.00139378
0.00053675
0.00053068
-0.00079033
-0.00005572
-0.00179438
0.00064176
0.00159378
0.00061225
-0.00037640
0.00068078
0.00070869
0.00132291
0.00119689
0.00115243
0.00051319
0.00106378
-0.00075366
-0.00045412
-0.00138251
0.00230955
-0.03519667
0.00038173
-0.00092629
-0.00061395
0.00021772
0.00034213
0.00040486
-0.00118104
-0.00000606
0.00020776
-0.00075155
0.00029875
-0.00066376
0.00019726
0.00031910
0.00107900
0.00035339
-0.00096402
-0.00137785
0.00055440
0.00023477
0.00115712
-0.00046223
-0.00015867
0.00116886
0.00150540
-0.00108279
-0.00050576
-0.00083669
0.00084691
0.00041418
0.00062612
0.00025961
-0.00016808
0.00070186
0.00113315
0.00028507
-0.00014320
0.00127094
-0.00037619
0.00044035
0.00002041
-0.00011272
-0.00124832
0.00056706
0.00060720
-0.00071520
0.00053377
-0.00157412
0.00074226
0.00146164
0.00069265
-0.00015374
0.00072792
0.00061939
0.00146763
0.00098989
0.00109648
0.00050862
0.00082515
-0.00080174
-0.00031305
-0.00132842
0.00215879
-0.03714607
0.00025909
-0.00087443
-0.00050708
0.00011933
0.00026038
0.00005813
-0.00122566
0.00009153
0.00027392
-0.00083123
0.00038010
-0.00073519
0.00031907
0.00027855
0.00098835
0.00023101
-0.00111059
-0.00123405
0.00071517
0.00040906
0.00107319
-0.00048858
-0.00007403
0.00111342
0.00141176
-0.00120491
-0.00048447
-0.00078651
0.00068113
0.00045845
0.00053647
0.00034012
-0.00011872
0.00064969
0.00111349
0.00027666
-0.00021865
0.00127293
-0.00034871
0.00038356
0.00002258
-0.00018751
-0.00128455
0.00057207
0.00060236
-0.00070670
0.00042680
-0.00150148
0.00069529
0.00145084
0.00073344
-0.00017360
0.00072761
0.00064366
0.00145463
0.00103874
0.00112117
0.00055720
0.00083572
-0.00087234
-0.00029625
-0.00129716
0.00217317
-0.03660037
0.00033209
-0.00085500
-0.00056011
0.00015369
0.00029584
0.00013423
-0.00123359
0.00006206
0.00026027
-0.00078371
0.00033221
-0.00077920
0.00028659
0.00030239
0.00101824
0.00023105
-0.00110076
-0.00121809
0.00073606
0.00042883
0.00105716
-0.00051253
-0.00011633
0.00109886
0.00142235
-0.00120207
-0.00049005
-0.00081965
0.00068625
0.00041246
0.00054741
0.00030352
-0.00014306
0.00062546
0.00107064
0.00034872
-0.00033395
0.00118791
-0.00042517
0.00043375
-0.00004634
-0.00023475
-0.00135297
0.00058175
0.00066208
-0.00073090
0.00054044
-0.00160276
0.00061704
0.00143328
0.00068620
-0.00025194
0.00065070
0.00087936
0.00135860
0.00119293
0.00115725
0.00052827
0.00079138
-0.00093012
-0.00023433
-0.00128183
0.00232626
-0.03597533
0.00032322
-0.00090978
-0.00063595
0.00024946
0.00024987
0.00019664
-0.00111215
-0.00001522
0.00025440
-0.00075634
0.00028156
-0.00083877
0.00004808
0.00033082
0.00110947
0.00028562
-0.00114828
-0.00126249
0.00067703
0.00041460
0.00103139
-0.00054243
-0.00015031
0.00105869
0.00145470
-0.00112032
-0.00052408
-0.00078296
0.00077485
0.00054298
0.00066328
0.00039551
-0.00024497
0.00064634
0.00109531
0.00030618
-0.00024283
0.00126095
-0.00041153
0.00041232
-0.00000299
-0.00018708
-0.00131208
0.00056237
0.00060218
-0.00072458
0.00038798
-0.00160147
0.00065468
0.00146105
0.00074055
-0.00021593
0.00065485
0.00076453
0.00146454
0.00108724
0.00117409
0.00051761
0.00085410
-0.00086289
-0.00025328
-0.00130950
0.00223710
-0.03653840
0.00036287
-0.00090287
-0.00063547
0.00022396
0.00031348
0.00017383
-0.00120807
0.00001206
0.00024786
-0.00074885
0.00026888
-0.00081532
0.00015457
0.00030454
0.00109140
0.00028499
-0.00109497
-0.00122093
0.00069223
0.00041064
0.00105658
-0.00052147
-0.00017345
0.00110059
0.00144462
-0.00114930
-0.00051477
-0.00082683
0.00076499
0.00048090
0.00057752
0.00035906
-0.00020378
0.00062502
0.00110281
0.00032734
-0.00003523
0.00123340
-0.00034206
0.00043501
0.00003444
-0.00004027
-0.00123472
0.00064777
0.00070606
-0.00069981
0.00117091
-0.00153067
0.00068494
0.00141748
0.00066077
0.00000706
0.00061503
0.00078642
0.00142388
0.00089807
0.00108521
0.00050767
0.00070910
-0.00078925
-0.00011511
-0.00134682
0.00212640
-0.03843148
0.00021361
-0.00093199
-0.00044588
0.00013522
0.00023478
0.00000955
-0.00122278
0.00006965
0.00024130
-0.00081845
0.00039570
-0.00072633
0.00022497
0.00029111
0.00096858
0.00021543
-0.00118571
-0.00122631
0.00068465
0.00054828
0.00103522
-0.00041767
-0.00014399
0.00107441
0.00148477
-0.00128602
-0.00050235
-0.00066589
0.00063023
0.00054297
0.00053644
0.00047356
-0.00022908
0.00061065
0.00106898
0.00030936
-0.00017644
0.00124899
-0.00031791
0.00034937
0.00003796
-0.00015301
-0.00126094
0.00058611
0.00066154
-0.00071652
0.00054187
-0.00156290
0.00063071
0.00148098
0.00072338
-0.00013232
0.00071220
0.00069888
0.00146302
0.00091240
0.00113336
0.00052726
0.00082352
-0.00082767
-0.00027604
-0.00133323
0.00214881
-0.03711249
0.00036758
-0.00084840
-0.00054368
0.00019110
0.00030129
0.00019079
-0.00125770
0.00009529
0.00030007
-0.00075355
0.00034372
-0.00074187
0.00029808
0.00027316
0.00098317
0.00025677
-0.00112308
-0.00119758
0.00065292
0.00046970
0.00101510
-0.00043107
-0.00014562
0.00107949
0.00146607
-0.00120168
-0.00050333
-0.00073563
0.00068382
0.00043888
0.00050587
0.00035932
-0.00016298
0.00062733
0.00104146
0.00028088
-0.00021187
0.00129374
-0.00030228
0.00033972
0.00002705
-0.00015955
-0.00133650
0.00056321
0.00062173
-0.00068063
0.00052673
-0.00153559
0.00062575
0.00150266
0.00074469
-0.00014878
0.00073201
0.00064265
0.00141722
0.00089454
0.00114147
0.00047305
0.00086047
-0.00087340
-0.00028813
-0.00133061
0.00214131
-0.03690046
0.00036197
-0.00084827
-0.00054196
0.00021339
0.00031335
0.00023563
-0.00120835
0.00016234
0.00021727
-0.00069133
0.00033123
-0.00075905
0.00033432
0.00028332
0.00094850
0.00024465
-0.00110545
-0.00117403
0.00063277
0.00049078
0.00101048
-0.00041861
-0.00016461
0.00106154
0.00145377
-0.00117444
-0.00046885
-0.00075492
0.00069710
0.00040522
0.00052561
0.00030032
-0.00013856
0.00062201
0.00101859
0.00025966
-0.00031256
0.00131721
-0.00029035
0.00029123
0.00002271
-0.00019848
-0.00141542
0.00054250
0.00054903
-0.00069966
0.00034059
-0.00157075
0.00061787
0.00152728
0.00076917
-0.00021525
0.00076019
0.00063536
0.00147500
0.00094079
0.00123277
0.00045795
0.00095169
-0.00089676
-0.00030952
-0.00135932
0.00215125
-0.03646831
0.00040957
-0.00084341
-0.00062618
0.00024957
0.00037477
0.00027845
-0.00124508
0.00018020
0.00026008
-0.00067095
0.00027493
-0.00077581
0.00035475
0.00019250
0.00091261
0.00026996
-0.00110304
-0.00117348
0.00060627
0.00046252
0.00097185
-0.00043019
-0.00024900
0.00106364
0.00144887
-0.00113326
-0.00045943
-0.00075537
0.00074571
0.00032087
0.00052701
0.00026454
-0.00010842
0.00061721
0.00104325
0.00030290
-0.00017394
0.00127760
-0.00028835
0.00033676
-0.00001404
-0.00012052
-0.00139977
0.00061811
0.00060072
-0.00069698
0.00093091
-0.00153623
0.00063737
0.00148120
0.00066846
-0.00008150
0.00068348
0.00074329
0.00146677
0.00091500
0.00119910
0.00047841
0.00083669
-0.00088521
-0.00014471
-0.00140301
0.00211667
-0.03799138
0.00029988
-0.00089239
-0.00053676
0.00018715
0.00031410
0.00013092
-0.00123391
0.00008473
0.00028881
-0.00067979
0.00032461
-0.00077093
0.00028655
0.00017739
0.00092913
0.00021191
-0.00113897
-0.00118315
0.00061120
0.00052543
0.00098687
-0.00041161
-0.00027020
0.00101097
0.00145093
-0.00119089
-0.00047627
-0.00062056
0.00068608
0.00041352
0.00053814
0.00042045
-0.00018518
0.00062103
0.00104381
0.00021173
-0.00020129
0.00131014
-0.00026931
0.00032228
-0.00002050
-0.00015686
-0.00141623
0.00063595
0.00058952
-0.00067828
0.00055821
-0.00154259
0.00066505
0.00150910
0.00071839
-0.00011644
0.00078572
0.00062934
0.00150344
0.00090035
0.00119469
0.00049935
0.00090101
-0.00087723
-0.00024306
-0.00135870
0.00209862
-0.03711824
0.00033533
-0.00085725
-0.00056292
0.00018711
0.00032906
0.00009610
-0.00123171
0.00008329
0.00033052
-0.00069164
0.00024686
-0.00079462
0.00035335
0.00021490
0.00092790
0.00018483
-0.00109917
-0.00114389
0.00065752
0.00045430
0.00103571
-0.00041742
-0.00026276
0.00101990
0.00145453
-0.00117791
-0.00048031
-0.00071227
0.00066731
0.00035118
0.00053838
0.00033019
-0.00014264
0.00060700
0.00108583
0.00029117
-0.00016307
0.00135245
-0.00024384
0.00029760
0.00000467
-0.00015077
-0.00143421
0.00067784
0.00055408
-0.00067032
0.00056195
-0.00155723
0.00061905
0.00149606
0.00068709
-0.00012757
0.00076779
0.00065898
0.00152289
0.00095217
0.00117272
0.00047140
0.00086278
-0.00086299
-0.00024998
-0.00140016
0.00214626
-0.03714475
0.00031192
-0.00086059
-0.00054280
0.00015790
0.00035918
0.00013974
-0.00120897
0.00006073
0.00033770
-0.00069700
0.00031326
-0.00079320
0.00034328
0.00020457
0.00091582
0.00023269
-0.00110101
-0.00110107
0.00069854
0.00046514
0.00106527
-0.00040510
-0.00029805
0.00102143
0.00145932
-0.00121876
-0.00050169
-0.00069717
0.00066873
0.00034032
0.00054398
0.00029517
-0.00016646
0.00057268
0.00111011
0.00032277
-0.00020801
0.00137057
-0.00020954
0.00026615
0.00000407
-0.00022428
-0.00152224
0.00068425
0.00045617
-0.00065252
0.00033691
-0.00156478
0.00060475
0.00150590
0.00066641
-0.00020709
0.00076394
0.00066082
0.00154500
0.00100131
0.00120521
0.00047231
0.00091579
-0.00086736
-0.00031253
-0.00143478
0.00216289
-0.03665664
0.00039038
-0.00080759
-0.00060362
0.00015713
0.00047119
0.00030852
-0.00124365
0.00001519
0.00035262
-0.00069655
0.00030529
-0.00077719
0.00036617
0.00016777
0.00092154
0.00030496
-0.00106479
-0.00105977
0.00068278
0.00041226
0.00109355
-0.00039239
-0.00035633
0.00106458
0.00144606
-0.00119895
-0.00052166
-0.00075112
0.00072998
0.00029683
0.00055185
0.00020100
-0.00013359
0.00054392
0.00117147
0.00031767
-0.00013807
0.00135544
-0.00024713
0.00029831
0.00002575
-0.00017582
-0.00139153
0.00068852
0.00050015
-0.00067830
0.00047293
-0.00152472
0.00068955
0.00150048
0.00068085
-0.00016338
0.00073684
0.00063436
0.00153068
0.00095765
0.00119671
0.00044740
0.00085861
-0.00080900
-0.00025651
-0.00139714
0.00214959
-0.03705030
0.00038208
-0.00086030
-0.00055480
0.00014182
0.00041596
0.00030829
-0.00128827
0.00004078
0.00029989
-0.00072143
0.00034252
-0.00073003
0.00040003
0.00015374
0.00094703
0.00022393
-0.00108580
-0.00111966
0.00071212
0.00043762
0.00108762
-0.00036910
-0.00026135
0.00105010
0.00147353
-0.00128581
-0.00055018
-0.00077076
0.00069007
0.00032240
0.00055189
0.00026862
-0.00011316
0.00057188
0.00154868
0.00050470
-0.00003407
0.00163338
-0.00020322
0.00023852
-0.00003837
-0.00021082
-0.00144291
0.00087544
0.00057056
-0.00063693
0.00165837
-0.00165702
0.00069611
0.00126786
0.00041027
-0.00010710
0.00049929
0.00080920
0.00170383
0.00095879
0.00125118
0.00023649
0.00061905
-0.00086248
-0.00010773
-0.00140958
0.00220294
-0.03913077
0.00015222
-0.00103062
-0.00048418
0.00028337
0.00046355
0.00023713
-0.00114501
-0.00011637
0.00035275
-0.00087094
0.00028976
-0.00059007
0.00023116
-0.00016763
0.00105582
0.00016206
-0.00114636
-0.00125831
0.00066601
0.00056294
0.00117647
-0.00030028
-0.00034125
0.00090141
0.00139958
-0.00142819
-0.00050033
-0.00044462
0.00073701
0.00051509
0.00061971
0.00047689
-0.00012178
0.00048089
0.00123166
0.00036517
-0.00001328
0.00132797
-0.00022343
0.00034809
0.00000310
-0.00008570
-0.00136550
0.00073960
0.00057286
-0.00063186
0.00112621
-0.00152633
0.00065147
0.00144907
0.00059072
-0.00001057
0.00066300
0.00076206
0.00152622
0.00088967
0.00115608
0.00045878
0.00071367
-0.00077271
-0.00010966
-0.00141949
0.00211557
-0.03863212
0.00026747
-0.00091313
-0.00043354
0.00011355
0.00028770
0.00015475
-0.00127468
0.00001553
0.00030670
-0.00073412
0.00038567
-0.00070757
0.00034761
0.00011486
0.00094752
0.00016901
-0.00111088
-0.00112510
0.00070976
0.00051204
0.00108321
-0.00033678
-0.00026055
0.00098959
0.00143953
-0.00132750
-0.00057971
-0.00063689
0.00064751
0.00043883
0.00055696
0.00040554
-0.00019253
0.00057952
0.00118206
0.00036479
-0.00011326
0.00133101
-0.00017744
0.00027338
-0.00002941
-0.00015638
-0.00137919
0.00071626
0.00050118
-0.00066384
0.00060779
-0.00154273
0.00064505
0.00143984
0.00061496
-0.00011214
0.00072200
0.00063616
0.00152476
0.00092707
0.00122791
0.00048150
0.00082865
-0.00079523
-0.00026711
-0.00140762
0.00212723
-0.03736568
0.00039516
-0.00082738
-0.00049085
0.00015889
0.00034008
0.00024244
-0.00127562
0.00000528
0.00035643
-0.00075929
0.00031896
-0.00073966
0.00034579
0.00015214
0.00093123
0.00019440
-0.00110477
-0.00107331
0.00074207
0.00044490
0.00108991
-0.00037112
-0.00022081
0.00100840
0.00138122
-0.00123920
-0.00057222
-0.00080908
0.00072217
0.00038216
0.00052028
0.00028534
-0.00019500
0.00057574
0.00118301
0.00036218
-0.00014849
0.00127130
-0.00018183
0.00030214
-0.00003362
-0.00016700
-0.00139080
0.00075951
0.00052375
-0.00063568
0.00053443
-0.00156300
0.00068554
0.00146646
0.00060684
-0.00013592
0.00070737
0.00064129
0.00152530
0.00091385
0.00120820
0.00048954
0.00085439
-0.00083372
-0.00026338
-0.00140728
0.00213112
-0.03706135
0.00039071
-0.00085344
-0.00044430
0.00015930
0.00035616
0.00018608
-0.00129681
0.00000075
0.00040307
-0.00076229
0.00032078
-0.00075006
0.00030196
0.00018690
0.00087070
0.00011566
-0.00114383
-0.00110542
0.00077797
0.00045393
0.00115909
-0.00040691
-0.00024687
0.00098669
0.00138528
-0.00121278
-0.00056210
-0.00079226
0.00069401
0.00040517
0.00045074
0.00027173
-0.00019835
0.00057340
0.00118748
0.00038280
-0.00023481
0.00127402
-0.00019472
0.00030495
-0.00001427
-0.00020445
-0.00146785
0.00067944
0.00046869
-0.00066471
0.00032426
-0.00154516
0.00065960
0.00149341
0.00063831
-0.00017772
0.00072678
0.00059912
0.00152979
0.00097446
0.00121752
0.00048841
0.00090206
-0.00086770
-0.00032192
-0.00145636
0.00214343
-0.03670460
0.00043667
-0.00084861
-0.00047780
0.00015763
0.00042317
0.00038931
-0.00132721
0.00003957
0.00039575
-0.00075041
0.00032069
-0.00073216
0.00034444
0.00014048
0.00089820
0.00010450
-0.00108886
-0.00112627
0.00081274
0.00042648
0.00119874
-0.00040614
-0.00023068
0.00102832
0.00137185
-0.00126871
-0.00053122
-0.00081650
0.00068085
0.00040517
0.00044507
0.00021404
-0.00019083
0.00057840
0.00117333
0.00036755
-0.00024333
0.00127560
-0.00020321
0.00032372
-0.00001756
-0.00021212
-0.00152677
0.00070481
0.00046904
-0.00066720
0.00030945
-0.00149550
0.00068366
0.00152344
0.00061903
-0.00016115
0.00073687
0.00060813
0.00152364
0.00098217
0.00121814
0.00051088
0.00089647
-0.00087692
-0.00031332
-0.00147834
0.00210174
-0.03684007
0.00042875
-0.00084615
-0.00044115
0.00014872
0.00042180
0.00043045
-0.00136112
0.00003492
0.00036804
-0.00074708
0.00033172
-0.00069601
0.00034641
0.00013430
0.00094015
0.00012606
-0.00105895
-0.00114277
0.00080988
0.00040996
0.00118360
-0.00037941
-0.00024616
0.00100764
0.00132894
-0.00130370
-0.00055137
-0.00082892
0.00069660
0.00044008
0.00042647
0.00022246
-0.00021181
0.00055458
0.00117908
0.00030739
-0.00017745
0.00127372
-0.00022220
0.00038933
0.00001555
-0.00015519
-0.00146028
0.00071408
0.00051499
-0.00063769
0.00059328
-0.00148758
0.00061308
0.00154060
0.00065802
-0.00009799
0.00066328
0.00066276
0.00150082
0.00097215
0.00116412
0.00049429
0.00081591
-0.00089746
-0.00023189
-0.00150209
0.00207985
-0.03747940
0.00035489
-0.00088649
-0.00040852
0.00014920
0.00040806
0.00025990
-0.00130658
0.00005289
0.00033014
-0.00071893
0.00035863
-0.00069606
0.00029408
0.00014993
0.00098104
0.00011218
-0.00109014
-0.00114637
0.00081517
0.00048004
0.00120031
-0.00037806
-0.00022998
0.00102069
0.00134362
-0.00132589
-0.00052511
-0.00077376
0.00064980
0.00045873
0.00044241
0.00027413
-0.00022362
0.00055597
0.00127717
0.00037911
-0.00030920
0.00124638
-0.00022114
0.00043666
0.00001674
-0.00019792
-0.00163544
0.00074620
0.00041204
-0.00066280
0.00060161
-0.00149997
0.00050273
0.00159216
0.00064036
-0.00014114
0.00060192
0.00072613
0.00150167
0.00107804
0.00122165
0.00038588
0.00081003
-0.00100827
-0.00021448
-0.00164937
0.00213234
-0.03712464
0.00035302
-0.00096337
-0.00036937
0.00023150
0.00052105
0.00044032
-0.00124929
-0.00000384
0.00033074
-0.00070482
0.00036635
-0.00063062
0.00016646
-0.00000587
0.00102846
0.00001470
-0.00105794
-0.00117209
0.00086956
0.00048288
0.00135247
-0.00034132
-0.00032661
0.00097544
0.00123606
-0.00143009
-0.00050768
-0.00074350
0.00067477
0.00055767
0.00039054
0.00024645
-0.00028353
0.00051536
0.00116285
0.00030232
-0.00014533
0.00130424
-0.00023487
0.00039769
0.00003076
-0.00010952
-0.00143150
0.00071416
0.00053536
-0.00061991
0.00066592
-0.00145679
0.00063638
0.00155783
0.00064046
-0.00008195
0.00066683
0.00066812
0.00150716
0.00100826
0.00111635
0.00049990
0.00078980
-0.00091184
-0.00022283
-0.00151638
0.00206755
-0.03761460
0.00032996
-0.00084738
-0.00038710
0.00016741
0.00037545
0.00013785
-0.00131586
0.00006528
0.00033639
-0.00072901
0.00038561
-0.00067059
0.00032274
0.00019264
0.00092525
0.00013329
-0.00110723
-0.00114984
0.00083668
0.00044554
0.00115598
-0.00036039
-0.00018695
0.00107345
0.00136484
-0.00132814
-0.00052453
-0.00077106
0.00060585
0.00047602
0.00047025
0.00028092
-0.00022389
0.00058332
0.00126382
0.00039694
-0.00025831
0.00130726
-0.00023345
0.00043943
0.00004026
-0.00011388
-0.00161578
0.00074662
0.00041684
-0.00064146
0.00076195
-0.00146879
0.00053406
0.00161512
0.00059937
-0.00011589
0.00062279
0.00074935
0.00148102
0.00115634
0.00115435
0.00037685
0.00076613
-0.00102960
-0.00018470
-0.00167639
0.00212336
-0.03727851
0.00032836
-0.00090807
-0.00034252
0.00023275
0.00047823
0.00030251
-0.00125473
0.00004621
0.00033801
-0.00071657
0.00041255
-0.00060095
0.00022282
0.00006206
0.00091669
0.00006895
-0.00109977
-0.00117827
0.00088986
0.00041671
0.00125956
-0.00029307
-0.00027540
0.00106791
0.00128388
-0.00138738
-0.00051883
-0.00073421
0.00062387
0.00056626
0.00046075
0.00024839
-0.00027339
0.00055520
0.00122161
0.00034009
-0.00019967
0.00133948
-0.00024908
0.00041127
0.00003648
-0.00011422
-0.00154939
0.00071620
0.00043446
-0.00063486
0.00056042
-0.00149928
0.00058096
0.00161104
0.00066008
-0.00011570
0.00062309
0.00069362
0.00154000
0.00107289
0.00117724
0.00042201
0.00082536
-0.00095141
-0.00019613
-0.00162561
0.00208486
-0.03743056
0.00038373
-0.00089406
-0.00041199
0.00021799
0.00047917
0.00027555
-0.00132974
0.00005604
0.00032589
-0.00069705
0.00035968
-0.00065165
0.00027676
0.00011866
0.00094651
0.00012336
-0.00107250
-0.00113849
0.00085823
0.00042189
0.00122110
-0.00032300
-0.00027421
0.00108240
0.00132070
-0.00133908
-0.00052761
-0.00079738
0.00065558
0.00051025
0.00043870
0.00025015
-0.00024976
0.00054545
0.00114483
0.00031903
-0.00003532
0.00130891
-0.00024798
0.00040112
0.00000390
0.00000485
-0.00138613
0.00073642
0.00055631
-0.00064735
0.00085854
-0.00146481
0.00061909
0.00154579
0.00066590
-0.00000582
0.00064948
0.00071740
0.00147769
0.00100897
0.00108666
0.00048671
0.00073104
-0.00085230
-0.00009233
-0.00153370
0.00205268
-0.03831080
0.00028751
-0.00088405
-0.00037907
0.00015562
0.00033692
0.00005688
-0.00135680
0.00007942
0.00029221
-0.00071599
0.00042096
-0.00068120
0.00024179
0.00019943
0.00092147
0.00012362
-0.00111293
-0.00110787
0.00085662
0.00048614
0.00113022
-0.00034380
-0.00023430
0.00107950
0.00136201
-0.00138124
-0.00055036
-0.00073835
0.00063067
0.00049531
0.00051150
0.00028883
-0.00027858
0.00055416
0.00115704
0.00028305
-0.00005756
0.00134022
-0.00023132
0.00041173
-0.00000494
-0.00002002
-0.00141578
0.00071287
0.00055785
-0.00064977
0.00088527
-0.00149509
0.00060570
0.00153282
0.00071306
0.00000183
0.00063581
0.00067705
0.00148348
0.00101029
0.00103159
0.00048642
0.00073213
-0.00087500
-0.00014408
-0.00151386
0.00210071
-0.03799682
0.00031224
-0.00087439
-0.00038020
0.00013604
0.00029803
0.00010546
-0.00135706
0.00007262
0.00028549
-0.00072590
0.00043586
-0.00067618
0.00027659
0.00019564
0.00092103
0.00012924
-0.00111010
-0.00111613
0.00084986
0.00047479
0.00111574
-0.00037795
-0.00018206
0.00105469
0.00133767
-0.00137709
-0.00050930
-0.00071991
0.00061877
0.00048332
0.00051104
0.00026035
-0.00024748
0.00055630
0.00118628
0.00025424
-0.00008162
0.00133692
-0.00022175
0.00036584
0.00000606
-0.00000521
-0.00140981
0.00070786
0.00052396
-0.00066948
0.00090242
-0.00147531
0.00060562
0.00153593
0.00072442
-0.00001414
0.00062633
0.00066205
0.00147003
0.00103432
0.00101543
0.00049714
0.00072767
-0.00084018
-0.00016096
-0.00149571
0.00209382
-0.03810938
0.00032395
-0.00085736
-0.00039302
0.00010582
0.00031313
0.00007042
-0.00138274
0.00004202
0.00032752
-0.00076183
0.00045889
-0.00068536
0.00028523
0.00017216
0.00090834
0.00018171
-0.00104309
-0.00108164
0.00089307
0.00048638
0.00110332
-0.00038298
-0.00019944
0.00109178
0.00133628
-0.00140190
-0.00052461
-0.00075159
0.00067207
0.00046207
0.00050759
0.00021098
-0.00025245
0.00056597
0.00116320
0.00025398
-0.00011886
0.00132049
-0.00019931
0.00033081
0.00000667
-0.00003162
-0.00138270
0.00067129
0.00049746
-0.00067756
0.00067898
-0.00146658
0.00059544
0.00158202
0.00072969
-0.00004328
0.00063864
0.00065165
0.00146694
0.00104798
0.00104329
0.00051081
0.00080055
-0.00086087
-0.00017497
-0.00150572
0.00212636
-0.03754073
0.00034138
-0.00083768
-0.00040115
0.00018479
0.00034667
0.00002554
-0.00135315
0.00002237
0.00033040
-0.00073206
0.00047809
-0.00069325
0.00030317
0.00015825
0.00093429
0.00023074
-0.00103803
-0.00106252
0.00085334
0.00049071
0.00109028
-0.00038787
-0.00021435
0.00108051
0.00131641
-0.00136808
-0.00051044
-0.00078701
0.00067179
0.00045713
0.00049121
0.00015520
-0.00025893
0.00055297
0.00119422
0.00025965
-0.00017200
0.00132621
-0.00015473
0.00025972
0.00000243
-0.00004990
-0.00148115
0.00068098
0.00042162
-0.00068840
0.00050022
-0.00144250
0.00057570
0.00159046
0.00071819
-0.00011554
0.00063270
0.00062347
0.00149826
0.00114258
0.00107147
0.00052740
0.00085666
-0.00088318
-0.00018852
-0.00158130
0.00212349
-0.03727911
0.00038467
-0.00081574
-0.00041018
0.00021226
0.00041573
0.00009519
-0.00142116
0.00002486
0.00033062
-0.00066907
0.00046550
-0.00067452
0.00031815
0.00016316
0.00090424
0.00025950
-0.00099256
-0.00103829
0.00088813
0.00048883
0.00110877
-0.00037704
-0.00018310
0.00106373
0.00125884
-0.00138648
-0.00054494
-0.00085832
0.00071413
0.00038057
0.00048191
0.00010824
-0.00022733
0.00055736
0.00118897
0.00029296
-0.00007724
0.00129832
-0.00015941
0.00030488
-0.00003063
-0.00000200
-0.00148525
0.00072224
0.00046105
-0.00069129
0.00096208
-0.00141694
0.00060482
0.00155238
0.00064809
-0.00001307
0.00058116
0.00070908
0.00149127
0.00112045
0.00105854
0.00053869
0.00077583
-0.00088107
-0.00006100
-0.00160364
0.00209459
-0.03840277
0.00029384
-0.00086323
-0.00035311
0.00016058
0.00035873
-0.00000664
-0.00140916
-0.00004519
0.00035000
-0.00068714
0.00048580
-0.00067659
0.00026553
0.00014091
0.00092009
0.00021509
-0.00101740
-0.00106187
0.00086064
0.00053287
0.00110624
-0.00036224
-0.00021974
0.00101493
0.00127082
-0.00142143
-0.00054656
-0.00073814
0.00066905
0.00045048
0.00048952
0.00024645
-0.00028383
0.00056109
0.00115548
0.00027764
-0.00000283
0.00123265
-0.00018247
0.00032516
-0.00003905
0.00005157
-0.00139623
0.00074958
0.00053471
-0.00066878
0.00122069
-0.00143028
0.00062158
0.00152151
0.00062819
0.00005100
0.00056040
0.00073948
0.00146804
0.00110377
0.00100479
0.00055878
0.00069142
-0.00085318
0.00001558
-0.00158677
0.00206611
-0.03899945
0.00023178
-0.00086734
-0.00032506
0.00011625
0.00030776
-0.00004034
-0.00137539
-0.00006152
0.00035351
-0.00070649
0.00047891
-0.00064857
0.00022765
0.00016595
0.00091226
0.00020004
-0.00104916
-0.00108048
0.00086633
0.00054623
0.00108594
-0.00037416
-0.00020500
0.00101910
0.00126927
-0.00145356
-0.00053901
-0.00067542
0.00063297
0.00050187
0.00048306
0.00031036
-0.00030113
0.00058410
0.00113366
0.00024770
-0.00007755
0.00125152
-0.00017095
0.00026242
-0.00004553
-0.00000759
-0.00141552
0.00071833
0.00045124
-0.00068237
0.00080489
-0.00142927
0.00064202
0.00155034
0.00063141
0.00001219
0.00060025
0.00064162
0.00147886
0.00113954
0.00100016
0.00059939
0.00076543
-0.00087940
-0.00005515
-0.00157987
0.00205909
-0.03820427
0.00030483
-0.00081241
-0.00037718
0.00013610
0.00036300
0.00002984
-0.00138508
-0.00007788
0.00037459
-0.00067452
0.00047397
-0.00064175
0.00022361
0.00021190
0.00088558
0.00022389
-0.00098389
-0.00104252
0.00088218
0.00049834
0.00110392
-0.00041967
-0.00019843
0.00107063
0.00125886
-0.00142582
-0.00053656
-0.00074293
0.00065230
0.00044972
0.00046136
0.00025427
-0.00026389
0.00058888
0.00107812
0.00023071
-0.00009973
0.00127382
-0.00017447
0.00025623
-0.00004792
-0.00002150
-0.00137932
0.00068670
0.00043299
-0.00067002
0.00072120
-0.00145184
0.00066175
0.00152135
0.00067085
0.00001329
0.00063492
0.00058812
0.00149057
0.00110651
0.00099801
0.00061584
0.00077207
-0.00082649
-0.00010639
-0.00152344
0.00206758
-0.03793777
0.00034374
-0.00081301
-0.00040387
0.00012775
0.00034159
0.00008335
-0.00136647
-0.00003574
0.00037185
-0.00068195
0.00045363
-0.00062185
0.00027392
0.00024118
0.00086525
0.00021419
-0.00096576
-0.00103484
0.00090338
0.00048204
0.00108276
-0.00047130
-0.00019929
0.00106103
0.00129462
-0.00137556
-0.00055397
-0.00077127
0.00066371
0.00044895
0.00047868
0.00028813
-0.00024970
0.00059044
0.00106477
0.00018786
-0.00016443
0.00127216
-0.00018540
0.00021493
-0.00005470
-0.00012736
-0.00137419
0.00064902
0.00040258
-0.00066446
0.00040423
-0.00144109
0.00065666
0.00154414
0.00069390
-0.00007343
0.00062672
0.00050836
0.00150719
0.00117957
0.00099652
0.00065475
0.00087499
-0.00084641
-0.00024470
-0.00151118
0.00210076
-0.03694762
0.00042702
-0.00080169
-0.00046740
0.00017265
0.00037461
0.00013518
-0.00135806
-0.00001096
0.00038926
-0.00064921
0.00042520
-0.00063756
0.00032817
0.00020705
0.00083539
0.00023779
-0.00095040
-0.00099481
0.00091805
0.00048859
0.00111101
-0.00051342
-0.00021088
0.00113949
0.00129973
-0.00132148
-0.00057864
-0.00083223
0.00069950
0.00037446
0.00048896
0.00020695
-0.00024018
0.00062510
0.00104530
0.00014390
-0.00020668
0.00129295
-0.00017613
0.00022602
-0.00004363
-0.00013450
-0.00141034
0.00063670
0.00040129
-0.00067385
0.00019916
-0.00142843
0.00066619
0.00155449
0.00065221
-0.00012767
0.00063386
0.00046069
0.00147564
0.00125764
0.00096493
0.00066051
0.00093109
-0.00088248
-0.00026968
-0.00158068
0.00207739
-0.03684483
0.00048690
-0.00084143
-0.00049883
0.00013681
0.00043808
0.00014867
-0.00141315
-0.00003365
0.00036903
-0.00063356
0.00038646
-0.00063883
0.00032053
0.00015631
0.00081751
0.00026430
-0.00091740
-0.00095262
0.00095005
0.00052705
0.00110318
-0.00048994
-0.00027740
0.00115254
0.00131845
-0.00131982
-0.00064127
-0.00086877
0.00072656
0.00035521
0.00052787
0.00013540
-0.00019153
0.00061357
0.00104981
0.00019501
-0.00005572
0.00127913
-0.00019641
0.00029100
-0.00005445
-0.00002991
-0.00132953
0.00065982
0.00050627
-0.00065354
0.00051788
-0.00145904
0.00064404
0.00151036
0.00065388
-0.00003966
0.00059958
0.00056526
0.00144665
0.00116598
0.00096395
0.00061663
0.00080054
-0.00085324
-0.00015467
-0.00152656
0.00207056
-0.03781817
0.00038292
-0.00085321
-0.00043846
0.00006799
0.00033738
0.00003018
-0.00134356
-0.00003023
0.00035015
-0.00065755
0.00037106
-0.00067507
0.00031896
0.00020151
0.00085746
0.00021798
-0.00098365
-0.00099664
0.00092022
0.00058425
0.00107541
-0.00046840
-0.00024456
0.00109384
0.00134403
-0.00133181
-0.00062683
-0.00075240
0.00069405
0.00043830
0.00052396
0.00028027
-0.00027365
0.00064959
0.00107041
0.00020584
-0.00009920
0.00129179
-0.00021510
0.00032044
-0.00006930
-0.00008153
-0.00133182
0.00066282
0.00050825
-0.00067204
0.00050880
-0.00145733
0.00063148
0.00152774
0.00062955
-0.00005448
0.00064852
0.00056990
0.00145692
0.00118995
0.00099343
0.00060937
0.00081399
-0.00085992
-0.00020080
-0.00151054
0.00208062
-0.03745722
0.00040527
-0.00083911
-0.00044654
0.00009199
0.00036396
0.00002235
-0.00134393
-0.00001248
0.00035284
-0.00062854
0.00039089
-0.00068560
0.00034994
0.00022257
0.00085069
0.00023460
-0.00094981
-0.00098272
0.00092128
0.00057072
0.00108265
-0.00045904
-0.00025934
0.00108690
0.00134462
-0.00128984
-0.00062927
-0.00079499
0.00066926
0.00041443
0.00051061
0.00024412
-0.00025656
0.00065345
0.00107748
0.00017531
-0.00013466
0.00131721
-0.00020050
0.00027094
-0.00004404
-0.00013543
-0.00136775
0.00061908
0.00046959
-0.00064279
0.00022582
-0.00147430
0.00064164
0.00155319
0.00066857
-0.00014535
0.00069843
0.00051689
0.00149975
0.00120855
0.00097251
0.00059645
0.00087961
-0.00085717
-0.00030142
-0.00148768
0.00205577
-0.03689789
0.00045321
-0.00081793
-0.00047024
0.00011529
0.00039152
0.00006678
-0.00134188
-0.00000398
0.00034601
-0.00063210
0.00037280
-0.00071314
0.00039536
0.00019488
0.00087845
0.00027319
-0.00090738
-0.00097052
0.00093298
0.00053677
0.00111223
-0.00047546
-0.00029411
0.00108647
0.00136249
-0.00132453
-0.00063931
-0.00087264
0.00070666
0.00039228
0.00050530
0.00019417
-0.00022243
0.00064166
0.00106417
0.00022627
-0.00012174
0.00130429
-0.00018290
0.00026964
0.00000676
-0.00013544
-0.00138140
0.00062473
0.00047687
-0.00063109
0.00018990
-0.00147404
0.00065897
0.00156422
0.00064597
-0.00014441
0.00064216
0.00058967
0.00149815
0.00117650
0.00099810
0.00054758
0.00089436
-0.00085143
-0.00031386
-0.00148590
0.00208814
-0.03702545
0.00042638
-0.00080959
-0.00042835
0.00014497
0.00037889
0.00014819
-0.00135571
-0.00000664
0.00032057
-0.00061787
0.00039240
-0.00072466
0.00036834
0.00020735
0.00088352
0.00026024
-0.00095223
-0.00098612
0.00085642
0.00052902
0.00110993
-0.00047025
-0.00028847
0.00109835
0.00140717
-0.00134729
-0.00059607
-0.00086732
0.00070013
0.00039241
0.00049329
0.00021947
-0.00023650
0.00065812
0.00107388
0.00024960
-0.00010387
0.00129096
-0.00017660
0.00027223
-0.00002270
-0.00014107
-0.00142422
0.00065707
0.00045169
-0.00064263
0.00030092
-0.00144465
0.00066316
0.00156524
0.00059109
-0.00012488
0.00061365
0.00061782
0.00150290
0.00123507
0.00099983
0.00056823
0.00088873
-0.00088609
-0.00026179
-0.00154097
0.00207838
-0.03737611
0.00041830
-0.00082389
-0.00040829
0.00013550
0.00039594
0.00012657
-0.00138217
-0.00007485
0.00034203
-0.00059852
0.00040176
-0.00071997
0.00034349
0.00019023
0.00089616
0.00024004
-0.00092940
-0.00097366
0.00086826
0.00054792
0.00113230
-0.00046913
-0.00033796
0.00107172
0.00138648
-0.00137126
-0.00060458
-0.00083603
0.00070446
0.00041286
0.00049256
0.00025444
-0.00027491
0.00066384
0.00099484
0.00024240
-0.00010475
0.00130962
-0.00017879
0.00022814
-0.00000171
-0.00015995
-0.00140214
0.00056578
0.00048548
-0.00063954
0.00015546
-0.00144560
0.00064060
0.00155970
0.00064602
-0.00019753
0.00067034
0.00056216
0.00149934
0.00122022
0.00102218
0.00056723
0.00088094
-0.00092692
-0.00028746
-0.00146105
0.00209149
-0.03674711
0.00044081
-0.00081554
-0.00041118
0.00016740
0.00038994
0.00014164
-0.00135418
-0.00005403
0.00033659
-0.00064441
0.00036574
-0.00076352
0.00037329
0.00018227
0.00090753
0.00026720
-0.00093524
-0.00097117
0.00083130
0.00051418
0.00110889
-0.00045936
-0.00033914
0.00111124
0.00141312
-0.00129542
-0.00062040
-0.00089096
0.00067418
0.00038368
0.00048137
0.00018707
-0.00022535
0.00064675
0.00105036
0.00025421
-0.00012327
0.00130899
-0.00016381
0.00023946
-0.00000489
-0.00016857
-0.00142019
0.00059284
0.00047930
-0.00065085
0.00025851
-0.00146870
0.00064972
0.00155939
0.00062895
-0.00018194
0.00069442
0.00060292
0.00145711
0.00122921
0.00103151
0.00054737
0.00087504
-0.00090156
-0.00028628
-0.00145939
0.00206862
-0.03670703
0.00043708
-0.00084092
-0.00041965
0.00014013
0.00036327
0.00013028
-0.00134802
0.00000178
0.00032444
-0.00066561
0.00036430
-0.00077657
0.00035738
0.00021278
0.00090861
0.00028620
-0.00093189
-0.00100310
0.00080559
0.00053582
0.00108186
-0.00043473
-0.00035997
0.00107007
0.00140145
-0.00124154
-0.00062598
-0.00086003
0.00071097
0.00037411
0.00051839
0.00023353
-0.00023459
0.00065842
0.00101331
0.00025785
-0.00004812
0.00131787
-0.00016665
0.00027302
-0.00004277
-0.00012406
-0.00142778
0.00060767
0.00049744
-0.00063249
0.00049970
-0.00150195
0.00063169
0.00153026
0.00060080
-0.00012631
0.00068769
0.00066000
0.00141986
0.00119682
0.00101176
0.00055028
0.00081279
-0.00086046
-0.00023649
-0.00145947
0.00207061
-0.03726399
0.00037009
-0.00086756
-0.00038927
0.00012336
0.00031206
0.00010751
-0.00133407
-0.00000802
0.00033298
-0.00067388
0.00034311
-0.00078387
0.00032756
0.00018813
0.00091952
0.00028033
-0.00096777
-0.00102638
0.00076218
0.00052389
0.00105931
-0.00039526
-0.00032422
0.00106899
0.00138575
-0.00124349
-0.00062190
-0.00081220
0.00069231
0.00042310
0.00054654
0.00030994
-0.00026077
0.00064566
0.00101671
0.00026252
-0.00015951
0.00137636
-0.00016527
0.00018301
-0.00006612
-0.00023297
-0.00155079
0.00055332
0.00040719
-0.00063058
0.00003236
-0.00151257
0.00060165
0.00158834
0.00057369
-0.00022646
0.00072860
0.00059189
0.00137635
0.00135849
0.00103423
0.00057214
0.00094277
-0.00094394
-0.00030447
-0.00152275
0.00208901
-0.03617298
0.00050929
-0.00083704
-0.00040865
0.00016388
0.00041013
0.00028682
-0.00140960
-0.00004517
0.00031832
-0.00060825
0.00033075
-0.00082493
0.00036358
0.00019017
0.00094534
0.00033403
-0.00089315
-0.00098447
0.00077468
0.00046424
0.00106434
-0.00038368
-0.00037763
0.00108828
0.00134066
-0.00119051
-0.00063312
-0.00094770
0.00079120
0.00034190
0.00056034
0.00019595
-0.00025018
0.00061548
0.00098113
0.00025431
-0.00014047
0.00132410
-0.00018762
0.00022220
-0.00006123
-0.00018142
-0.00148042
0.00055359
0.00047200
-0.00060530
0.00015579
-0.00152103
0.00062516
0.00161010
0.00060652
-0.00020019
0.00067318
0.00062092
0.00140928
0.00123377
0.00105796
0.00055922
0.00091508
-0.00089695
-0.00030537
-0.00148047
0.00206089
-0.03651462
0.00044977
-0.00080867
-0.00044047
0.00016796
0.00036285
0.00022337
-0.00137321
-0.00000569
0.00031567
-0.00064190
0.00034012
-0.00079182
0.00034328
0.00020790
0.00096017
0.00032037
-0.00094113
-0.00104362
0.00075947
0.00042909
0.00104188
-0.00039309
-0.00032184
0.00107522
0.00139192
-0.00119511
-0.00060183
-0.00091955
0.00072932
0.00037784
0.00053252
0.00022619
-0.00023514
0.00063397
0.00097483
0.00031334
-0.00010092
0.00149613
-0.00009680
0.00008724
-0.00028053
-0.00025428
-0.00173934
0.00053792
0.00062456
-0.00043971
0.00072561
-0.00158949
0.00048528
0.00167678
0.00027916
-0.00024208
0.00039235
0.00080428
0.00134450
0.00156723
0.00105562
0.00051495
0.00081913
-0.00119369
-0.00025004
-0.00165052
0.00193626
-0.03742668
0.00029637
-0.00081623
-0.00031719
0.00042533
0.00033153
0.00005637
-0.00142879
-0.00007085
0.00034165
-0.00063171
0.00021616
-0.00081120
0.00015095
0.00004177
0.00116825
0.00035976
-0.00090742
-0.00116921
0.00068157
0.00046692
0.00099121
-0.00027706
-0.00040915
0.00091306
0.00121672
-0.00110099
-0.00052512
-0.00083173
0.00077790
0.00058340
0.00060038
0.00030233
-0.00039659
0.00065363
0.00099740
0.00029133
-0.00009673
0.00135328
-0.00014455
0.00021250
-0.00008913
-0.00017164
-0.00150571
0.00060070
0.00051005
-0.00055558
0.00033789
-0.00151941
0.00063172
0.00160556
0.00052845
-0.00016048
0.00064078
0.00067855
0.00141751
0.00122515
0.00106754
0.00057784
0.00087029
-0.00094279
-0.00025904
-0.00148481
0.00203646
-0.03724108
0.00043798
-0.00083308
-0.00039774
0.00018273
0.00035046
0.00018288
-0.00138110
-0.00000290
0.00030772
-0.00061224
0.00036005
-0.00077783
0.00031959
0.00021845
0.00100291
0.00032595
-0.00095338
-0.00104383
0.00078165
0.00044817
0.00104488
-0.00038616
-0.00031756
0.00107829
0.00136790
-0.00118141
-0.00058731
-0.00089083
0.00071172
0.00043204
0.00055975
0.00024098
-0.00026035
0.00063244
0.00100716
0.00031225
-0.00006576
0.00134129
-0.00013759
0.00023505
-0.00006233
-0.00013525
-0.00151116
0.00063374
0.00052483
-0.00054555
0.00057978
-0.00150659
0.00063797
0.00158101
0.00050951
-0.00011041
0.00061191
0.00071839
0.00139821
0.00120582
0.00106600
0.00057447
0.00083351
-0.00093341
-0.00020311
-0.00148382
0.00203505
-0.03777317
0.00037369
-0.00084686
-0.00035657
0.00015076
0.00032412
0.00014516
-0.00138671
-0.00003093
0.00031774
-0.00062621
0.00037484
-0.00076089
0.00029938
0.00021643
0.00100496
0.00031255
-0.00096276
-0.00106835
0.00077178
0.00046936
0.00102729
-0.00036747
-0.00033645
0.00103593
0.00136647
-0.00119049
-0.00059931
-0.00082215
0.00069279
0.00046526
0.00057798
0.00028292
-0.00026983
0.00062570
0.00100815
0.00035207
-0.00008264
0.00136867
-0.00011540
0.00022712
-0.00001925
-0.00018021
-0.00147745
0.00061573
0.00050295
-0.00054953
0.00033132
-0.00146740
0.00065164
0.00160297
0.00054973
-0.00011292
0.00064371
0.00066921
0.00145440
0.00119162
0.00107140
0.00060545
0.00085054
-0.00091753
-0.00024306
-0.00142815
0.00204836
-0.03722774
0.00040307
-0.00081784
-0.00040507
0.00018428
0.00031085
0.00013438
-0.00140658
0.00001295
0.00032042
-0.00064073
0.00037598
-0.00074242
0.00034976
0.00022464
0.00096680
0.00032165
-0.00097154
-0.00104743
0.00076351
0.00043789
0.00107541
-0.00038627
-0.00033722
0.00105251
0.00139340
-0.00119297
-0.00059152
-0.00088465
0.00069291
0.00044037
0.00053585
0.00026327
-0.00026960
0.00060731
0.00097008
0.00038192
-0.00007321
0.00135686
-0.00015945
0.00023205
-0.00002750
-0.00017820
-0.00149535
0.00062796
0.00052419
-0.00056534
0.00031047
-0.00147535
0.00063590
0.00164197
0.00057978
-0.00013622
0.00064120
0.00064661
0.00143877
0.00119591
0.00107274
0.00059873
0.00087749
-0.00090030
-0.00025694
-0.00143035
0.00206769
-0.03707612
0.00041043
-0.00084586
-0.00039806
0.00017576
0.00030002
0.00012250
-0.00142691
0.00001420
0.00028422
-0.00063805
0.00035636
-0.00076445
0.00036865
0.00023844
0.00096720
0.00032683
-0.00096644
-0.00103662
0.00076253
0.00043717
0.00106281
-0.00040130
-0.00031380
0.00104708
0.00142454
-0.00122868
-0.00056328
-0.00086336
0.00068038
0.00042770
0.00054313
0.00027028
-0.00024407
0.00062153
0.00097164
0.00038014
-0.00008884
0.00138034
-0.00016166
0.00022870
-0.00003700
-0.00021465
-0.00151316
0.00062228
0.00052678
-0.00057330
0.00024484
-0.00145932
0.00070010
0.00163981
0.00056406
-0.00013945
0.00064484
0.00066857
0.00147484
0.00122820
0.00106949
0.00061737
0.00088636
-0.00091098
-0.00024670
-0.00142454
0.00207126
-0.03700439
0.00044259
-0.00084326
-0.00044549
0.00019515
0.00028234
0.00017193
-0.00147738
0.00003087
0.00028552
-0.00064412
0.00036677
-0.00077447
0.00040322
0.00023443
0.00096652
0.00033417
-0.00095765
-0.00102714
0.00075215
0.00042297
0.00109814
-0.00040900
-0.00029116
0.00105200
0.00143258
-0.00119324
-0.00057164
-0.00089600
0.00067358
0.00039590
0.00055251
0.00026287
-0.00026711
0.00063674
0.00084988
0.00053472
-0.00007367
0.00142334
-0.00015261
0.00018062
-0.00008765
-0.00028163
-0.00171562
0.00060788
0.00049599
-0.00055715
-0.00002526
-0.00141782
0.00063012
0.00181842
0.00047415
-0.00025645
0.00056635
0.00072669
0.00137916
0.00156949
0.00107352
0.00060331
0.00097908
-0.00102073
-0.00027755
-0.00152896
0.00212446
-0.03596947
0.00047127
-0.00085287
-0.00041415
0.00029884
0.00026892
0.00016410
-0.00162494
-0.00004729
0.00022163
-0.00057993
0.00034580
-0.00079361
0.00039985
0.00018204
0.00100965
0.00044598
-0.00086335
-0.00098711
0.00070208
0.00038690
0.00110215
-0.00033305
-0.00038751
0.00098972
0.00145477
-0.00121107
-0.00057705
-0.00092950
0.00071024
0.00038604
0.00060537
0.00021881
-0.00032891
0.00068119
0.00098209
0.00037062
-0.00004586
0.00133221
-0.00020973
0.00027456
-0.00004732
-0.00015944
-0.00147419
0.00064466
0.00055774
-0.00058528
0.00054304
-0.00147785
0.00070730
0.00161556
0.00056831
-0.00011372
0.00059095
0.00074082
0.00143526
0.00119048
0.00105308
0.00058013
0.00080620
-0.00087665
-0.00019897
-0.00142216
0.00208371
-0.03765818
0.00032613
-0.00087505
-0.00038486
0.00016230
0.00023626
0.00011158
-0.00140004
0.00003796
0.00027509
-0.00064694
0.00039064
-0.00079033
0.00033812
0.00023208
0.00094073
0.00026314
-0.00102860
-0.00105825
0.00075842
0.00043466
0.00106385
-0.00039314
-0.00023826
0.00100644
0.00142807
-0.00123941
-0.00060410
-0.00083263
0.00062472
0.00043151
0.00054779
0.00031640
-0.00030053
0.00066925
0.00097217
0.00035926
-0.00006128
0.00132520
-0.00021423
0.00020877
-0.00003016
-0.00017612
-0.00147688
0.00064696
0.00053245
-0.00058215
0.00045277
-0.00145907
0.00069287
0.00165074
0.00054040
-0.00011654
0.00060642
0.00072176
0.00144254
0.00121265
0.00104836
0.00058758
0.00083548
-0.00086680
-0.00024485
-0.00139548
0.00206769
-0.03756772
0.00038342
-0.00086151
-0.00041579
0.00017270
0.00026570
0.00015977
-0.00141384
0.00005553
0.00026481
-0.00064524
0.00037262
-0.00080371
0.00036840
0.00018779
0.00094487
0.00028387
-0.00101905
-0.00104160
0.00079294
0.00038715
0.00106382
-0.00041896
-0.00025450
0.00104235
0.00142842
-0.00121684
-0.00059261
-0.00089717
0.00065304
0.00039986
0.00055754
0.00030709
-0.00030270
0.00067491
0.00095776
0.00032026
-0.00011681
0.00132368
-0.00023781
0.00016977
-0.00001539
-0.00017842
-0.00146983
0.00062842
0.00049686
-0.00055459
0.00017773
-0.00148224
0.00068347
0.00166900
0.00056247
-0.00018195
0.00063395
0.00067425
0.00147147
0.00122919
0.00107740
0.00061045
0.00089396
-0.00087688
-0.00027496
-0.00140094
0.00208797
-0.03703551
0.00040739
-0.00084545
-0.00044003
0.00020922
0.00030236
0.00022021
-0.00139602
0.00006564
0.00026600
-0.00061898
0.00034512
-0.00080531
0.00036981
0.00020466
0.00096994
0.00028534
-0.00097577
-0.00102557
0.00079423
0.00037203
0.00111220
-0.00045632
-0.00026211
0.00106094
0.00142797
-0.00121785
-0.00059041
-0.00095185
0.00068368
0.00037991
0.00054740
0.00024048
-0.00031300
0.00068824
0.00100907
0.00032538
-0.00014071
0.00132695
-0.00022318
0.00018350
-0.00001577
-0.00019112
-0.00149151
0.00064938
0.00048438
-0.00056776
0.00022433
-0.00149697
0.00069325
0.00167040
0.00055312
-0.00017477
0.00066128
0.00070304
0.00143576
0.00124242
0.00108407
0.00059597
0.00089598
-0.00085842
-0.00028070
-0.00140301
0.00206487
-0.03692855
0.00041863
-0.00086355
-0.00045251
0.00018069
0.00028980
0.00022323
-0.00139966
0.00011667
0.00025611
-0.00063421
0.00034492
-0.00081761
0.00036344
0.00023549
0.00097302
0.00030769
-0.00096753
-0.00105156
0.00077771
0.00039023
0.00108914
-0.00043234
-0.00027988
0.00103176
0.00141889
-0.00116927
-0.00059832
-0.00093666
0.00072061
0.00036439
0.00057951
0.00027071
-0.00031572
0.00069398
0.00101788
0.00033303
-0.00011969
0.00131722
-0.00021851
0.00020063
-0.00003300
-0.00016917
-0.00148035
0.00066356
0.00052908
-0.00056626
0.00045812
-0.00152557
0.00069190
0.00165721
0.00052764
-0.00012035
0.00063409
0.00073467
0.00141650
0.00123348
0.00109077
0.00059125
0.00085355
-0.00084842
-0.00024655
-0.00141204
0.00207491
-0.03739854
0.00037965
-0.00088655
-0.00044585
0.00016879
0.00024391
0.00020310
-0.00137752
0.00012620
0.00025157
-0.00063221
0.00036670
-0.00077709
0.00035345
0.00025021
0.00098390
0.00032230
-0.00098238
-0.00108188
0.00076488
0.00043504
0.00107369
-0.00043548
-0.00029436
0.00101847
0.00141391
-0.00116675
-0.00060050
-0.00087086
0.00071840
0.00042126
0.00062679
0.00032157
-0.00032778
0.00068352
0.00097590
0.00030591
-0.00008673
0.00131165
-0.00018345
0.00021102
-0.00003055
-0.00015864
-0.00142619
0.00065286
0.00052347
-0.00055366
0.00050192
-0.00150146
0.00072431
0.00165069
0.00055077
-0.00008905
0.00066233
0.00068857
0.00142335
0.00115772
0.00111019
0.00058890
0.00085120
-0.00083308
-0.00022481
-0.00140251
0.00206183
-0.03767052
0.00037289
-0.00087334
-0.00046659
0.00012900
0.00025168
0.00020335
-0.00137185
0.00012717
0.00027507
-0.00065832
0.00036067
-0.00078742
0.00036498
0.00025864
0.00098163
0.00029471
-0.00102292
-0.00110007
0.00075549
0.00041593
0.00105826
-0.00043659
-0.00028348
0.00104259
0.00145292
-0.00118408
-0.00059317
-0.00086338
0.00069599
0.00041895
0.00061698
0.00032798
-0.00030189
0.00066461
0.00098886
0.00027875
-0.00009198
0.00130544
-0.00020837
0.00024512
-0.00003069
-0.00018866
-0.00141294
0.00064155
0.00049809
-0.00053771
0.00046397
-0.00148929
0.00071884
0.00164313
0.00059657
-0.00010154
0.00067966
0.00065261
0.00142545
0.00114435
0.00111064
0.00061311
0.00085023
-0.00084088
-0.00023190
-0.00138860
0.00205330
-0.03761432
0.00038867
-0.00087141
-0.00046923
0.00010864
0.00026840
0.00021872
-0.00136748
0.00013977
0.00026195
-0.00063578
0.00036443
-0.00080621
0.00040670
0.00025505
0.00098914
0.00030706
-0.00101066
-0.00111049
0.00076458
0.00040371
0.00104097
-0.00043389
-0.00026327
0.00105614
0.00147158
-0.00118880
-0.00057852
-0.00087486
0.00069084
0.00039384
0.00063372
0.00030485
-0.00027361
0.00066514
0.00099208
0.00025907
-0.00023782
0.00136340
-0.00025004
0.00016292
-0.00003909
-0.00028010
-0.00149706
0.00058454
0.00041710
-0.00054025
-0.00010653
-0.00146798
0.00071137
0.00170185
0.00061216
-0.00025971
0.00070524
0.00056658
0.00144033
0.00127090
0.00115067
0.00065679
0.00096324
-0.00090313
-0.00035552
-0.00141853
0.00210069
-0.03636195
0.00049299
-0.00082541
-0.00052123
0.00014563
0.00035278
0.00034354
-0.00142468
0.00016867
0.00025596
-0.00059026
0.00033676
-0.00082711
0.00048898
0.00032243
0.00101634
0.00032267
-0.00094185
-0.00109411
0.00079450
0.00037713
0.00105712
-0.00047528
-0.00023552
0.00109997
0.00147764
-0.00112144
-0.00058713
-0.00106418
0.00076467
0.00030142
0.00060292
0.00019193
-0.00022225
0.00068492
0.00100260
0.00024722
-0.00014894
0.00132827
-0.00024078
0.00025084
-0.00006379
-0.00020392
-0.00142216
0.00061788
0.00049792
-0.00054595
0.00034018
-0.00147133
0.00071105
0.00161278
0.00061766
-0.00017744
0.00065485
0.00062447
0.00142848
0.00117507
0.00109895
0.00063015
0.00086380
-0.00085183
-0.00026658
-0.00140583
0.00205270
-0.03723525
0.00043437
-0.00084623
-0.00048551
0.00012214
0.00031800
0.00024806
-0.00136572
0.00013588
0.00028421
-0.00059052
0.00036301
-0.00082069
0.00042288
0.00030474
0.00100228
0.00032142
-0.00100973
-0.00109674
0.00078654
0.00043907
0.00104787
-0.00046614
-0.00017888
0.00109141
0.00148025
-0.00117060
-0.00056545
-0.00091830
0.00071042
0.00036780
0.00061596
0.00029072
-0.00025283
0.00065782
0.00100289
0.00022559
-0.00016212
0.00131770
-0.00025963
0.00025899
-0.00004670
-0.00023019
-0.00142645
0.00061542
0.00050358
-0.00057322
0.00025047
-0.00149267
0.00072951
0.00160616
0.00061912
-0.00020537
0.00069798
0.00062493
0.00145383
0.00115280
0.00113504
0.00063322
0.00091233
-0.00085347
-0.00029696
-0.00140334
0.00209412
-0.03703496
0.00044766
-0.00080379
-0.00053070
0.00013460
0.00033315
0.00026992
-0.00138155
0.00011047
0.00028768
-0.00060305
0.00037690
-0.00083823
0.00043177
0.00032922
0.00099710
0.00031377
-0.00102687
-0.00109158
0.00080147
0.00042417
0.00106522
-0.00046757
-0.00017827
0.00110805
0.00149677
-0.00117490
-0.00057599
-0.00093089
0.00072024
0.00036303
0.00063296
0.00026316
-0.00023260
0.00066121
0.00099268
0.00022217
-0.00019218
0.00143987
-0.00034097
0.00022762
-0.00019505
-0.00038884
-0.00162834
0.00068221
0.00077619
-0.00045265
0.00071884
-0.00167161
0.00068388
0.00157378
0.00035876
-0.00040269
0.00054546
0.00087002
0.00146589
0.00133328
0.00123940
0.00063399
0.00089556
-0.00099051
-0.00038138
-0.00138752
0.00211732
-0.03733045
0.00028532
-0.00071734
-0.00056025
0.00044275
0.00023950
0.00017189
-0.00135212
0.00011376
0.00031957
-0.00050995
0.00028029
-0.00098248
0.00029549
0.00040987
0.00118961
0.00041965
-0.00109933
-0.00117280
0.00072769
0.00054097
0.00112058
-0.00049969
-0.00006701
0.00096851
0.00150332
-0.00108546
-0.00050779
-0.00073772
0.00081390
0.00060990
0.00085162
0.00043401
-0.00041139
0.00075087
0.00100525
0.00026325
-0.00014911
0.00131582
-0.00023842
0.00028796
-0.00008542
-0.00023714
-0.00142963
0.00066141
0.00053173
-0.00054861
0.00036679
-0.00150385
0.00072993
0.00159589
0.00055738
-0.00017708
0.00066937
0.00066148
0.00147045
0.00114873
0.00111743
0.00064827
0.00085923
-0.00084762
-0.00024957
-0.00142650
0.00210421
-0.03753123
0.00042218
-0.00083607
-0.00049932
0.00011715
0.00031277
0.00026745
-0.00138690
0.00008721
0.00030557
-0.00060746
0.00037125
-0.00081582
0.00040146
0.00032377
0.00100997
0.00030174
-0.00102337
-0.00110599
0.00078205
0.00042242
0.00105706
-0.00045740
-0.00018771
0.00108331
0.00145486
-0.00116225
-0.00059945
-0.00090322
0.00072424
0.00039891
0.00066152
0.00031558
-0.00025400
0.00066689
0.00100193
0.00025278
-0.00014544
0.00129850
-0.00023628
0.00028011
-0.00007993
-0.00024355
-0.00137209
0.00064286
0.00050166
-0.00056932
0.00029240
-0.00151455
0.00075781
0.00159177
0.00058928
-0.00019236
0.00070556
0.00061922
0.00149118
0.00110014
0.00110152
0.00062469
0.00089953
-0.00083021
-0.00026687
-0.00139875
0.00211880
-0.03723162
0.00043516
-0.00082151
-0.00049681
0.00013508
0.00035126
0.00022814
-0.00137602
0.00009835
0.00032124
-0.00061536
0.00035513
-0.00078804
0.00040217
0.00032753
0.00099426
0.00027724
-0.00101612
-0.00111393
0.00079858
0.00039402
0.00103659
-0.00045740
-0.00018907
0.00111256
0.00147186
-0.00119298
-0.00054364
-0.00090387
0.00069616
0.00035764
0.00062552
0.00028143
-0.00023786
0.00065128
0.00100224
0.00023793
-0.00019802
0.00131418
-0.00024750
0.00030139
-0.00005982
-0.00026319
-0.00141193
0.00064008
0.00046495
-0.00058288
0.00015104
-0.00153529
0.00075513
0.00158631
0.00058574
-0.00024444
0.00071732
0.00062753
0.00150279
0.00114997
0.00112572
0.00062049
0.00094077
-0.00087088
-0.00032490
-0.00137296
0.00214555
-0.03677252
0.00048684
-0.00080407
-0.00053510
0.00016448
0.00037923
0.00028685
-0.00138937
0.00009513
0.00033898
-0.00061859
0.00030307
-0.00075563
0.00039494
0.00032882
0.00100333
0.00030921
-0.00099874
-0.00113813
0.00079439
0.00033977
0.00105401
-0.00046197
-0.00016962
0.00112164
0.00148011
-0.00115849
-0.00054668
-0.00093752
0.00074861
0.00032130
0.00061791
0.00024556
-0.00020920
0.00065438
0.00100951
0.00023507
-0.00019113
0.00136039
-0.00028752
0.00030347
-0.00003423
-0.00024625
-0.00136699
0.00063101
0.00045699
-0.00058919
0.00018985
-0.00150373
0.00075440
0.00157331
0.00062297
-0.00021108
0.00070379
0.00061885
0.00152982
0.00109667
0.00114099
0.00063754
0.00097349
-0.00086953
-0.00036455
-0.00135636
0.00210306
-0.03676777
0.00046786
-0.00081073
-0.00052095
0.00019216
0.00036908
0.00020158
-0.00136575
0.00007084
0.00032272
-0.00066585
0.00032112
-0.00076543
0.00034748
0.00030127
0.00101417
0.00030842
-0.00102577
-0.00114391
0.00076173
0.00033504
0.00105555
-0.00043125
-0.00016450
0.00114920
0.00149815
-0.00117804
-0.00057231
-0.00091485
0.00072563
0.00033486
0.00061476
0.00025873
-0.00020778
0.00066644
0.00095105
0.00029421
-0.00029915
0.00140301
-0.00039599
0.00035036
-0.00009019
-0.00033770
-0.00146421
0.00066609
0.00035895
-0.00058099
-0.00015538
-0.00161963
0.00076540
0.00163425
0.00052925
-0.00041437
0.00068268
0.00074816
0.00152683
0.00126978
0.00122681
0.00063825
0.00113156
-0.00088518
-0.00049680
-0.00134293
0.00223571
-0.03544903
0.00053909
-0.00078569
-0.00058683
0.00033792
0.00041237
0.00033410
-0.00139929
0.00004022
0.00032852
-0.00062116
0.00023670
-0.00074149
0.00020730
0.00034884
0.00112170
0.00043517
-0.00098960
-0.00121254
0.00067682
0.00016514
0.00105700
-0.00036833
-0.00011655
0.00116370
0.00156614
-0.00111553
-0.00061345
-0.00096998
0.00087091
0.00029839
0.00074573
0.00024056
-0.00025745
0.00072741
0.00104980
0.00026263
-0.00012013
0.00132558
-0.00030134
0.00033469
-0.00002091
-0.00017246
-0.00133616
0.00062845
0.00051316
-0.00058046
0.00048855
-0.00150789
0.00072502
0.00154053
0.00061504
-0.00014266
0.00068839
0.00068760
0.00148310
0.00107122
0.00112088
0.00061024
0.00089397
-0.00083387
-0.00027594
-0.00139173
0.00210109
-0.03731279
0.00039574
-0.00084212
-0.00046527
0.00015126
0.00033987
0.00013136
-0.00132999
0.00003490
0.00030643
-0.00069626
0.00034969
-0.00073961
0.00030798
0.00029872
0.00098879
0.00028167
-0.00104361
-0.00114701
0.00075297
0.00038902
0.00107185
-0.00039769
-0.00018807
0.00114488
0.00148764
-0.00121815
-0.00055736
-0.00083577
0.00068488
0.00040319
0.00059570
0.00032867
-0.00021411
0.00064961
0.00103695
0.00024308
-0.00010535
0.00132146
-0.00028629
0.00033391
-0.00000925
-0.00016749
-0.00131751
0.00061522
0.00049534
-0.00060685
0.00047656
-0.00151090
0.00072408
0.00152048
0.00060495
-0.00015742
0.00071623
0.00063724
0.00147388
0.00105144
0.00111655
0.00060140
0.00090235
-0.00081501
-0.00031896
-0.00138632
0.00210637
-0.03735475
0.00037893
-0.00081447
-0.00047525
0.00015789
0.00032291
0.00009672
-0.00135661
-0.00000005
0.00033240
-0.00072976
0.00034412
-0.00071511
0.00030222
0.00028740
0.00097738
0.00030178
-0.00101133
-0.00116103
0.00073072
0.00039040
0.00107872
-0.00040794
-0.00017028
0.00112744
0.00149165
-0.00123539
-0.00058847
-0.00082492
0.00071639
0.00038663
0.00057298
0.00033703
-0.00019846
0.00066073
0.00100727
0.00032280
-0.00018997
0.00131898
-0.00037618
0.00034821
-0.00004700
-0.00023939
-0.00133831
0.00063149
0.00043328
-0.00056217
0.00019567
-0.00162196
0.00070274
0.00155363
0.00052396
-0.00035314
0.00070218
0.00075866
0.00146489
0.00119107
0.00121143
0.00060816
0.00100899
-0.00081885
-0.00043198
-0.00137368
0.00224281
-0.03600175
0.00039963
-0.00078035
-0.00049899
0.00032095
0.00035179
0.00013909
-0.00132732
-0.00006223
0.00035341
-0.00071509
0.00026559
-0.00065600
0.00014732
0.00037284
0.00104810
0.00038365
-0.00097416
-0.00121905
0.00064913
0.00025560
0.00111483
-0.00036240
-0.00013357
0.00114764
0.00152367
-0.00117471
-0.00059584
-0.00085631
0.00081036
0.00039751
0.00065998
0.00034384
-0.00023278
0.00072696
0.00105732
0.00027010
-0.00011055
0.00132989
-0.00029437
0.00035893
-0.00000371
-0.00012173
-0.00133098
0.00061522
0.00054954
-0.00061878
0.00048164
-0.00151640
0.00070664
0.00153095
0.00060666
-0.00016164
0.00069845
0.00065471
0.00146146
0.00108233
0.00109490
0.00054204
0.00086455
-0.00083180
-0.00032090
-0.00140185
0.00208617
-0.03741631
0.00032783
-0.00084931
-0.00044121
0.00015323
0.00030773
0.00003527
-0.00130583
0.00000658
0.00031323
-0.00073126
0.00034116
-0.00070672
0.00030091
0.00026011
0.00098027
0.00025459
-0.00102045
-0.00120084
0.00075092
0.00040729
0.00108094
-0.00038337
-0.00014954
0.00110827
0.00147031
-0.00127268
-0.00053805
-0.00080142
0.00066351
0.00041026
0.00054785
0.00033782
-0.00019580
0.00066153
0.00106279
0.00026497
-0.00015374
0.00132668
-0.00029637
0.00033189
-0.00000117
-0.00015411
-0.00133145
0.00058108
0.00053650
-0.00065972
0.00036830
-0.00154007
0.00068622
0.00154158
0.00064202
-0.00016911
0.00069888
0.00060603
0.00144370
0.00106583
0.00108410
0.00054174
0.00089801
-0.00081941
-0.00033872
-0.00139555
0.00209990
-0.03711154
0.00035645
-0.00084926
-0.00048169
0.00014353
0.00032672
0.00011300
-0.00129937
0.00001258
0.00029160
-0.00073916
0.00035429
-0.00072285
0.00033341
0.00024482
0.00097653
0.00027287
-0.00100564
-0.00118993
0.00072860
0.00040324
0.00108502
-0.00042433
-0.00018183
0.00112248
0.00146366
-0.00124073
-0.00054132
-0.00083199
0.00069442
0.00038629
0.00053272
0.00028523
-0.00017346
0.00064989
0.00105310
0.00038536
-0.00038921
0.00131031
-0.00042874
0.00037119
-0.00007277
-0.00027827
-0.00144416
0.00054614
0.00049030
-0.00073852
-0.00009070
-0.00173709
0.00062485
0.00160986
0.00060095
-0.00036914
0.00067482
0.00067977
0.00135220
0.00124789
0.00114611
0.00052877
0.00105110
-0.00081639
-0.00044393
-0.00142537
0.00225810
-0.03529810
0.00042554
-0.00089514
-0.00058422
0.00023574
0.00037440
0.00037883
-0.00123918
-0.00000830
0.00024963
-0.00071246
0.00029662
-0.00068897
0.00022082
0.00028504
0.00105699
0.00035355
-0.00094460
-0.00129424
0.00062187
0.00027397
0.00114580
-0.00044665
-0.00020172
0.00114704
0.00145965
-0.00109679
-0.00053002
-0.00087375
0.00084030
0.00040281
0.00060501
0.00022229
-0.00018971
0.00068658
0.00108602
0.00027874
-0.00011295
0.00129417
-0.00028598
0.00035274
-0.00001289
-0.00012210
-0.00133448
0.00058227
0.00056521
-0.00066167
0.00055595
-0.00155149
0.00069775
0.00151234
0.00063459
-0.00013811
0.00069220
0.00064106
0.00144702
0.00107421
0.00108242
0.00052028
0.00082585
-0.00083842
-0.00028458
-0.00139854
0.00211056
-0.03741713
0.00030810
-0.00086787
-0.00047084
0.00013299
0.00028056
0.00005213
-0.00128048
0.00003429
0.00031164
-0.00077135
0.00037475
-0.00075391
0.00030879
0.00023461
0.00097070
0.00026625
-0.00105270
-0.00116563
0.00073596
0.00043801
0.00106561
-0.00044277
-0.00017583
0.00108857
0.00142006
-0.00121414
-0.00054183
-0.00080297
0.00069660
0.00045724
0.00053884
0.00033814
-0.00017929
0.00064768
0.00107216
0.00027073
-0.00017562
0.00129821
-0.00027285
0.00031357
-0.00000968
-0.00017929
-0.00135982
0.00057899
0.00055173
-0.00065933
0.00041150
-0.00150996
0.00066912
0.00151226
0.00066844
-0.00016724
0.00070197
0.00064130
0.00144180
0.00111156
0.00110085
0.00055277
0.00084920
-0.00088489
-0.00029380
-0.00137627
0.00212291
-0.03688784
0.00036724
-0.00084905
-0.00051379
0.00016008
0.00031276
0.00011600
-0.00128834
0.00002137
0.00030261
-0.00074022
0.00034091
-0.00078044
0.00029667
0.00025458
0.00098954
0.00027045
-0.00103959
-0.00115387
0.00075103
0.00043847
0.00105888
-0.00046247
-0.00020033
0.00108631
0.00142356
-0.00120535
-0.00054182
-0.00083993
0.00070680
0.00041837
0.00054327
0.00029792
-0.00018643
0.00063312
0.00105127
0.00032652
-0.00033537
0.00123396
-0.00036964
0.00037384
-0.00005432
-0.00025650
-0.00142354
0.00057143
0.00058944
-0.00070034
0.00030526
-0.00157739
0.00061548
0.00149943
0.00066925
-0.00028250
0.00065979
0.00080118
0.00137799
0.00125735
0.00114526
0.00054528
0.00085921
-0.00095472
-0.00028778
-0.00135291
0.00227231
-0.03575347
0.00038442
-0.00088112
-0.00060499
0.00025761
0.00030541
0.00022662
-0.00119690
-0.00001586
0.00027695
-0.00071502
0.00028749
-0.00081872
0.00012010
0.00029570
0.00107933
0.00030391
-0.00107598
-0.00120875
0.00071545
0.00040816
0.00105632
-0.00050962
-0.00019438
0.00106646
0.00142882
-0.00113780
-0.00054298
-0.00083840
0.00078142
0.00049591
0.00062833
0.00031971
-0.00024463
0.00064595
0.00106512
0.00029341
-0.00023333
0.00128864
-0.00034299
0.00034842
-0.00002252
-0.00020185
-0.00138328
0.00056429
0.00054925
-0.00068646
0.00026852
-0.00157271
0.00064368
0.00151911
0.00069462
-0.00023182
0.00065884
0.00071716
0.00145452
0.00116687
0.00114581
0.00053295
0.00088602
-0.00089491
-0.00028656
-0.00137851
0.00219042
-0.03643874
0.00039912
-0.00087742
-0.00058469
0.00022661
0.00034033
0.00017428
-0.00126739
-0.00000456
0.00028024
-0.00071314
0.00028798
-0.00080127
0.00020503
0.00026828
0.00105164
0.00030149
-0.00103719
-0.00116699
0.00072618
0.00041522
0.00107019
-0.00048361
-0.00022045
0.00109403
0.00142818
-0.00116785
-0.00054579
-0.00085983
0.00076305
0.00045420
0.00056315
0.00030931
-0.00021952
0.00063323
0.00107585
0.00031000
-0.00003270
0.00126778
-0.00026670
0.00036373
-0.00000622
-0.00006428
-0.00132537
0.00063916
0.00063805
-0.00065332
0.00104610
-0.00152490
0.00066666
0.00147567
0.00060594
-0.00001814
0.00061475
0.00076127
0.00141705
0.00100647
0.00107319
0.00051538
0.00073678
-0.00082447
-0.00014052
-0.00141356
0.00208850
-0.03843215
0.00026136
-0.00091378
-0.00042180
0.00013068
0.00025166
0.00001220
-0.00127568
0.00002067
0.00028995
-0.00076748
0.00039185
-0.00074448
0.00024252
0.00023499
0.00095959
0.00025003
-0.00110776
-0.00116921
0.00071296
0.00053531
0.00104028
-0.00039450
-0.00021724
0.00105583
0.00146372
-0.00127132
-0.00055282
-0.00070263
0.00065919
0.00052385
0.00054135
0.00044186
-0.00025250
0.00062233
0.00104741
0.00029290
-0.00014931
0.00128239
-0.00025361
0.00029564
-0.00000119
-0.00015651
-0.00134550
0.00059004
0.00058922
-0.00066711
0.00049981
-0.00154673
0.00063051
0.00152630
0.00066174
-0.00013622
0.00069177
0.00067767
0.00144741
0.00103091
0.00110935
0.00053565
0.00083788
-0.00085756
-0.00027397
-0.00139753
0.00210904
-0.03723802
0.00038638
-0.00084705
-0.00050378
0.00018011
0.00031414
0.00015365
-0.00130212
0.00004154
0.00032690
-0.00072169
0.00034829
-0.00075575
0.00030172
0.00023594
0.00096912
0.00028353
-0.00105486
-0.00114277
0.00069900
0.00046615
0.00103226
-0.00041380
-0.00021906
0.00107190
0.00144739
-0.00120542
-0.00054891
-0.00078231
0.00070559
0.00043706
0.00051883
0.00033584
-0.00019908
0.00063245
0.00102597
0.00026940
-0.00018278
0.00131192
-0.00024429
0.00028553
-0.00000471
-0.00016933
-0.00139066
0.00057052
0.00055579
-0.00064613
0.00042324
-0.00152656
0.00063098
0.00154516
0.00068478
-0.00015909
0.00071295
0.00062612
0.00142306
0.00102508
0.00111523
0.00050854
0.00087395
-0.00088820
-0.00029844
-0.00139222
0.00210598
-0.03695910
0.00039389
-0.00084067
-0.00051085
0.00019743
0.00032741
0.00018096
-0.00127686
0.00008341
0.00027895
-0.00068571
0.00033803
-0.00076651
0.00033273
0.00024856
0.00094552
0.00027976
-0.00103739
-0.00112564
0.00069177
0.00046998
0.00103198
-0.00041132
-0.00022651
0.00106756
0.00144188
-0.00118651
-0.00052661
-0.00081095
0.00071574
0.00040554
0.00052797
0.00028423
-0.00017711
0.00062967
0.00101373
0.00026048
-0.00025634
0.00132677
-0.00024750
0.00025704
-0.00000618
-0.00019662
-0.00144155
0.00055621
0.00051303
-0.00066270
0.00029023
-0.00155589
0.00061887
0.00156230
0.00070522
-0.00020912
0.00073019
0.00062801
0.00145800
0.00105590
0.00117627
0.00049124
0.00093519
-0.00090520
-0.00031507
-0.00140795
0.00212046
-0.03658602
0.00042502
-0.00083839
-0.00056923
0.00023036
0.00037042
0.00022675
-0.00129114
0.00010426
0.00029598
-0.00066760
0.00029868
-0.00077687
0.00034105
0.00019187
0.00092557
0.00029256
-0.00104032
-0.00112773
0.00066969
0.00045079
0.00100814
-0.00042004
-0.00028010
0.00106893
0.00143434
-0.00115682
-0.00051441
-0.00080868
0.00074979
0.00035236
0.00053116
0.00025784
-0.00015890
0.00062790
0.00103694
0.00029357
-0.00014460
0.00129680
-0.00024413
0.00029982
-0.00003375
-0.00012938
-0.00143436
0.00061127
0.00056436
-0.00065873
0.00079838
-0.00152932
0.00063247
0.00152046
0.00062401
-0.00010168
0.00066385
0.00072486
0.00144571
0.00102929
0.00115241
0.00049829
0.00083814
-0.00089448
-0.00017904
-0.00144721
0.00209266
-0.03787430
0.00033080
-0.00088244
-0.00049269
0.00017727
0.00031924
0.00011347
-0.00128171
0.00003763
0.00031302
-0.00067513
0.00033883
-0.00077496
0.00028600
0.00017068
0.00093881
0.00025033
-0.00107708
-0.00114345
0.00066683
0.00051233
0.00101288
-0.00039500
-0.00029064
0.00102403
0.00143938
-0.00120398
-0.00053044
-0.00069438
0.00070058
0.00042828
0.00053966
0.00038534
-0.00021704
0.00062863
0.00103193
0.00023125
-0.00017021
0.00131960
-0.00023080
0.00027969
-0.00003294
-0.00016078
-0.00143710
0.00061978
0.00054502
-0.00064575
0.00048159
-0.00153451
0.00065168
0.00154740
0.00066524
-0.00013246
0.00073973
0.00063090
0.00147443
0.00102361
0.00114599
0.00051836
0.00089080
-0.00088679
-0.00026230
-0.00141019
0.00208118
-0.03716793
0.00036870
-0.00085014
-0.00051955
0.00018206
0.00033362
0.00009740
-0.00128466
0.00003819
0.00034199
-0.00068349
0.00028890
-0.00078678
0.00033813
0.00020413
0.00093445
0.00023859
-0.00104069
-0.00111001
0.00070412
0.00045204
0.00104835
-0.00040897
-0.00028560
0.00103933
0.00144140
-0.00119324
-0.00053188
-0.00077299
0.00069443
0.00038004
0.00053748
0.00031201
-0.00018444
0.00062165
0.00105697
0.00027960
-0.00014812
0.00134716
-0.00021362
0.00026165
-0.00001717
-0.00015945
-0.00144817
0.00064427
0.00052206
-0.00063991
0.00047471
-0.00154415
0.00062366
0.00154019
0.00064636
-0.00014100
0.00073033
0.00064611
0.00148720
0.00105567
0.00113267
0.00050157
0.00086922
-0.00087797
-0.00027049
-0.00143436
0.00210999
-0.03716179
0.00035610
-0.00085032
-0.00050862
0.00016523
0.00035239
0.00012571
-0.00127123
0.00002484
0.00034708
-0.00068745
0.00032958
-0.00078608
0.00033354
0.00019811
0.00092669
0.00026967
-0.00104030
-0.00108275
0.00072922
0.00045723
0.00106653
-0.00040247
-0.00030798
0.00104074
0.00144445
-0.00121721
-0.00054454
-0.00076568
0.00069630
0.00037196
0.00054067
0.00028857
-0.00019788
0.00060048
0.00108018
0.00030114
-0.00018781
0.00136030
-0.00019642
0.00024422
-0.00002048
-0.00021089
-0.00151545
0.00064792
0.00045453
-0.00063485
0.00031449
-0.00155246
0.00060644
0.00154226
0.00063708
-0.00020503
0.00072923
0.00065385
0.00150010
0.00109358
0.00116252
0.00049621
0.00090941
-0.00088674
-0.00031027
-0.00146225
0.00212978
-0.03675020
0.00040858
-0.00081732
-0.00055315
0.00016618
0.00043758
0.00025027
-0.00128611
-0.00000323
0.00035465
-0.00068144
0.00031879
-0.00078219
0.00034656
0.00017273
0.00093464
0.00031676
-0.00102011
-0.00105785
0.00071493
0.00042610
0.00108273
-0.00038970
-0.00034850
0.00106708
0.00143229
-0.00119878
-0.00055531
-0.00080011
0.00074107
0.00033479
0.00054808
0.00021895
-0.00017428
0.00057826
0.00110953
0.00029462
-0.00013736
0.00134970
-0.00021502
0.00026151
-0.00000438
-0.00017787
-0.00142145
0.00064928
0.00048531
-0.00064659
0.00040118
-0.00152394
0.00066807
0.00154240
0.00064672
-0.00016790
0.00071404
0.00062612
0.00149280
0.00106071
0.00115010
0.00048712
0.00087043
-0.00084624
-0.00027713
-0.00143097
0.00211470
-0.03704739
0.00040324
-0.00085074
-0.00052000
0.00015575
0.00039015
0.00023131
-0.00131987
0.00001370
0.00032468
-0.00070374
0.00034423
-0.00074871
0.00037072
0.00016724
0.00094505
0.00026368
-0.00103029
-0.00109342
0.00073808
0.00043919
0.00107947
-0.00038146
-0.00028641
0.00105944
0.00145344
-0.00125513
-0.00057445
-0.00081550
0.00071111
0.00035604
0.00054626
0.00026653
-0.00016236
0.00059945
0.00145233
0.00044983
-0.00009416
0.00158484
-0.00020461
0.00021714
-0.00005308
-0.00023380
-0.00147873
0.00080122
0.00053350
-0.00063407
0.00127584
-0.00163900
0.00066720
0.00134525
0.00044933
-0.00017040
0.00053263
0.00077248
0.00164322
0.00105708
0.00122949
0.00029515
0.00070531
-0.00089355
-0.00017644
-0.00144114
0.00218680
-0.03831898
0.00023023
-0.00098019
-0.00049258
0.00028958
0.00047167
0.00025555
-0.00118939
-0.00009607
0.00034803
-0.00080994
0.00029227
-0.00063685
0.00024879
-0.00009554
0.00105131
0.00021135
-0.00109257
-0.00122156
0.00068313
0.00053799
0.00115300
-0.00031666
-0.00033708
0.00093811
0.00138705
-0.00136788
-0.00051787
-0.00055404
0.00076131
0.00047726
0.00060731
0.00040496
-0.00014194
0.00051639
0.00115597
0.00033251
-0.00003253
0.00132670
-0.00019999
0.00030972
-0.00001976
-0.00009866
-0.00140448
0.00069223
0.00054728
-0.00061688
0.00094680
-0.00152204
0.00064515
0.00149868
0.00057657
-0.00004562
0.00065141
0.00073602
0.00148291
0.00100482
0.00112150
0.00048585
0.00075299
-0.00081453
-0.00014995
-0.00145345
0.00209048
-0.03837705
0.00030731
-0.00090122
-0.00042514
0.00011979
0.00029551
0.00011835
-0.00130817
-0.00000375
0.00032539
-0.00071395
0.00037966
-0.00073582
0.00032676
0.00013044
0.00094570
0.00022157
-0.00106121
-0.00110380
0.00073282
0.00050593
0.00107260
-0.00034845
-0.00028563
0.00101050
0.00143811
-0.00129317
-0.00060017
-0.00070243
0.00067361
0.00044499
0.00055248
0.00037962
-0.00022326
0.00060225
0.00112086
0.00032510
-0.00012147
0.00133389
-0.00017259
0.00024816
-0.00003922
-0.00016458
-0.00141634
0.00066811
0.00048521
-0.00063919
0.00049071
-0.00153445
0.00063887
0.00150194
0.00060462
-0.00013646
0.00070388
0.00063040
0.00148841
0.00104045
0.00117189
0.00050718
0.00085139
-0.00083684
-0.00028171
-0.00144045
0.00210117
-0.03726070
0.00041206
-0.00083025
-0.00047900
0.00016338
0.00034627
0.00019647
-0.00131218
-0.00000926
0.00035919
-0.00072550
0.00033008
-0.00075564
0.00033748
0.00016478
0.00093709
0.00024533
-0.00104376
-0.00106521
0.00075703
0.00044568
0.00108086
-0.00037938
-0.00025888
0.00103257
0.00139506
-0.00122771
-0.00058942
-0.00083976
0.00073242
0.00039197
0.00052556
0.00027640
-0.00021316
0.00060015
0.00111915
0.00031838
-0.00015400
0.00129764
-0.00017841
0.00025967
-0.00003944
-0.00017978
-0.00142385
0.00068987
0.00049452
-0.00062072
0.00039370
-0.00154793
0.00066452
0.00152634
0.00060580
-0.00016239
0.00070054
0.00062367
0.00148961
0.00103660
0.00115954
0.00051513
0.00087830
-0.00086180
-0.00029557
-0.00143665
0.00210346
-0.03694983
0.00041760
-0.00083908
-0.00045590
0.00016941
0.00036074
0.00016900
-0.00132808
-0.00000793
0.00038701
-0.00072459
0.00033153
-0.00076295
0.00031644
0.00019364
0.00090021
0.00020112
-0.00106194
-0.00108460
0.00078093
0.00044441
0.00112582
-0.00040701
-0.00027180
0.00102326
0.00139800
-0.00120897
-0.00058031
-0.00084112
0.00071892
0.00040047
0.00047985
0.00025854
-0.00021103
0.00060126
0.00112023
0.00033398
-0.00020711
0.00129904
-0.00018307
0.00026258
-0.00002914
-0.00020353
-0.00147066
0.00064201
0.00046036
-0.00063875
0.00026909
-0.00153689
0.00064924
0.00153981
0.00062355
-0.00018501
0.00071337
0.00059578
0.00149573
0.00107174
0.00116657
0.00051561
0.00090590
-0.00088579
-0.00032845
-0.00146666
0.00211149
-0.03673595
0.00044500
-0.00083698
-0.00047665
0.00017029
0.00040128
0.00029230
-0.00134565
0.00001298
0.00038660
-0.00072006
0.00032882
-0.00074886
0.00034008
0.00016347
0.00091550
0.00018907
-0.00102865
-0.00109727
0.00080257
0.00042647
0.00115207
-0.00040742
-0.00026480
0.00104825
0.00138709
-0.00124257
-0.00055952
-0.00085187
0.00070797
0.00040325
0.00047658
0.00022475
-0.00020691
0.00060327
0.00111477
0.00033055
-0.00020480
0.00129866
-0.00018739
0.00028021
-0.00003177
-0.00020159
-0.00151152
0.00066346
0.00046368
-0.00064058
0.00029492
-0.00150344
0.00066371
0.00155598
0.00060528
-0.00016633
0.00071434
0.00061059
0.00149079
0.00107430
0.00116681
0.00052683
0.00089400
-0.00089147
-0.00031102
-0.00148560
0.00208444
-0.03691274
0.00043342
-0.00084041
-0.00044598
0.00016024
0.00039848
0.00031895
-0.00136797
0.00000727
0.00036854
-0.00071914
0.00033778
-0.00072380
0.00033675
0.00015304
0.00094267
0.00019738
-0.00101407
-0.00110941
0.00080091
0.00041954
0.00114457
-0.00038510
-0.00027653
0.00103115
0.00135803
-0.00127020
-0.00057432
-0.00085185
0.00071428
0.00043145
0.00046376
0.00023615
-0.00022471
0.00058546
0.00111823
0.00029108
-0.00014867
0.00129430
-0.00020106
0.00033044
-0.00001318
-0.00015535
-0.00146309
0.00067195
0.00050421
-0.00062051
0.00054711
-0.00150105
0.00062110
0.00155936
0.00062289
-0.00011430
0.00066052
0.00066028
0.00147172
0.00106101
0.00112855
0.00051358
0.00083159
-0.00089833
-0.00024534
-0.00150120
0.00206777
-0.03749042
0.00037514
-0.00087420
-0.00041909
0.00015168
0.00038097
0.00019236
-0.00132852
0.00001754
0.00034408
-0.00070251
0.00035667
-0.00072666
0.00029646
0.00016103
0.00096828
0.00018969
-0.00104136
-0.00111600
0.00080025
0.00047447
0.00114836
-0.00037953
-0.00026596
0.00103676
0.00137495
-0.00128411
-0.00056123
-0.00080039
0.00067990
0.00045082
0.00047931
0.00028656
-0.00023648
0.00058861
0.00122313
0.00035440
-0.00029138
0.00127868
-0.00021487
0.00038619
-0.00000112
-0.00021156
-0.00162070
0.00069728
0.00042078
-0.00065114
0.00043655
-0.00151658
0.00051407
0.00160367
0.00062722
-0.00018832
0.00061271
0.00071189
0.00148453
0.00114825
0.00119123
0.00040148
0.00085113
-0.00100537
-0.00026776
-0.00162315
0.00212545
-0.03678434
0.00038955
-0.00092834
-0.00039872
0.00024465
0.00050882
0.00039434
-0.00127449
-0.00001764
0.00033116
-0.00069003
0.00034531
-0.00066404
0.00019454
0.00001826
0.00102182
0.00009479
-0.00102193
-0.00114585
0.00084713
0.00046892
0.00129532
-0.00034171
-0.00033884
0.00099975
0.00127023
-0.00137963
-0.00052784
-0.00078814
0.00070342
0.00051898
0.00042002
0.00022529
-0.00027192
0.00054526
0.00110929
0.00028831
-0.00013003
0.00131474
-0.00020852
0.00033393
-0.00000270
-0.00012745
-0.00144599
0.00067273
0.00051522
-0.00060899
0.00058821
-0.00148052
0.00063650
0.00157152
0.00061276
-0.00010241
0.00066382
0.00066073
0.00147687
0.00108277
0.00109839
0.00051842
0.00081516
-0.00090709
-0.00023979
-0.00151004
0.00205939
-0.03757058
0.00036040
-0.00084784
-0.00040633
0.00016326
0.00036049
0.00012039
-0.00133619
0.00002639
0.00034762
-0.00070880
0.00037587
-0.00070883
0.00031663
0.00018870
0.00093312
0.00020253
-0.00105098
-0.00111755
0.00081465
0.00045094
0.00112164
-0.00036992
-0.00023840
0.00107041
0.00138648
-0.00128722
-0.00055954
-0.00080004
0.00065303
0.00046186
0.00049643
0.00028958
-0.00023594
0.00060448
0.00121113
0.00037654
-0.00024389
0.00131918
-0.00021738
0.00038250
0.00001893
-0.00014053
-0.00160069
0.00069786
0.00042310
-0.00063459
0.00058370
-0.00148943
0.00053399
0.00162218
0.00059231
-0.00016518
0.00063040
0.00073141
0.00146564
0.00120501
0.00114507
0.00039195
0.00080986
-0.00102357
-0.00023771
-0.00164394
0.00211842
-0.03694322
0.00036098
-0.00088621
-0.00036736
0.00024695
0.00046860
0.00027225
-0.00127392
0.00001904
0.00034048
-0.00070264
0.00038247
-0.00064184
0.00023608
0.00007301
0.00093003
0.00012986
-0.00105577
-0.00115194
0.00085673
0.00041880
0.00122323
-0.00030279
-0.00030208
0.00106721
0.00130538
-0.00134167
-0.00053677
-0.00077745
0.00065741
0.00052585
0.00046800
0.00023245
-0.00026643
0.00058130
0.00116296
0.00032660
-0.00019245
0.00134138
-0.00022263
0.00034767
0.00000845
-0.00014193
-0.00154491
0.00067091
0.00043412
-0.00062639
0.00042763
-0.00151141
0.00057855
0.00161829
0.00063580
-0.00015713
0.00063712
0.00067789
0.00150351
0.00114325
0.00115633
0.00044609
0.00085549
-0.00095670
-0.00024125
-0.00159740
0.00208277
-0.03711516
0.00040740
-0.00087468
-0.00042318
0.00022240
0.00045782
0.00024318
-0.00133964
0.00002505
0.00033614
-0.00068563
0.00034518
-0.00068978
0.00028294
0.00012890
0.00095017
0.00018208
-0.00102792
-0.00111424
0.00083093
0.00042311
0.00118277
-0.00033466
-0.00030296
0.00107852
0.00133864
-0.00129193
-0.00055133
-0.00083200
0.00068658
0.00047720
0.00045894
0.00023859
-0.00024896
0.00057615
0.00110101
0.00029833
-0.00005681
0.00131771
-0.00021775
0.00033902
-0.00001834
-0.00005137
-0.00141362
0.00068694
0.00053354
-0.00062709
0.00072595
-0.00148421
0.00062470
0.00156169
0.00062938
-0.00005332
0.00064990
0.00069552
0.00145909
0.00108082
0.00107827
0.00050592
0.00077425
-0.00086845
-0.00015665
-0.00152118
0.00205027
-0.03803675
0.00032768
-0.00087121
-0.00039844
0.00015830
0.00033360
0.00005942
-0.00136010
0.00003414
0.00031849
-0.00070364
0.00039946
-0.00071429
0.00026301
0.00019027
0.00093106
0.00019469
-0.00105680
-0.00109287
0.00082707
0.00048048
0.00110561
-0.00035754
-0.00026506
0.00107299
0.00138490
-0.00132714
-0.00057478
-0.00077541
0.00066603
0.00047654
0.00052108
0.00029667
-0.00027127
0.00058658
0.00110600
0.00027292
-0.00006909
0.00133659
-0.00020561
0.00034308
-0.00002317
-0.00006728
-0.00142606
0.00067194
0.00053379
-0.00062775
0.00073712
-0.00150328
0.00061809
0.00155268
0.00066006
-0.00004846
0.00064322
0.00066489
0.00146556
0.00107784
0.00104253
0.00050825
0.00077575
-0.00088108
-0.00019270
-0.00150460
0.00208011
-0.03784448
0.00034428
-0.00086335
-0.00040067
0.00014596
0.00030794
0.00008298
-0.00135893
0.00002820
0.00031717
-0.00071087
0.00040791
-0.00071111
0.00028715
0.00019058
0.00092885
0.00019908
-0.00105410
-0.00109663
0.00082361
0.00047179
0.00109578
-0.00038223
-0.00022979
0.00105902
0.00137183
-0.00132347
-0.00054910
-0.00076566
0.00065736
0.00046691
0.00052020
0.00027894
-0.00024997
0.00059004
0.00112732
0.00026091
-0.00007414
0.00133377
-0.00019700
0.00031800
-0.00001987
-0.00004819
-0.00142892
0.00067577
0.00051614
-0.00063887
0.00080699
-0.00148794
0.00061708
0.00155299
0.00065919
-0.00004311
0.00062710
0.00066763
0.00145358
0.00109416
0.00102948
0.00051577
0.00075992
-0.00085877
-0.00018199
-0.00150078
0.00207392
-0.03806327
0.00034172
-0.00085912
-0.00039877
0.00012036
0.00031011
0.00006085
-0.00137881
0.00000823
0.00034199
-0.00073122
0.00042852
-0.00071467
0.00028633
0.00017017
0.00092202
0.00022766
-0.00101502
-0.00107501
0.00085137
0.00048662
0.00108723
-0.00038186
-0.00024425
0.00107585
0.00136580
-0.00134468
-0.00056113
-0.00077284
0.00068865
0.00046321
0.00052099
0.00025765
-0.00026232
0.00059360
0.00110928
0.00025600
-0.00011794
0.00132539
-0.00018522
0.00028724
-0.00001455
-0.00008014
-0.00141128
0.00064296
0.00048633
-0.00064721
0.00055924
-0.00148613
0.00060805
0.00159024
0.00067565
-0.00008488
0.00065089
0.00064163
0.00145423
0.00110746
0.00105309
0.00052538
0.00082817
-0.00087587
-0.00021962
-0.00150014
0.00209803
-0.03743979
0.00037294
-0.00083623
-0.00041825
0.00017960
0.00034678
0.00004900
-0.00136005
-0.00000032
0.00034482
-0.00071164
0.00043323
-0.00072175
0.00030776
0.00016914
0.00093795
0.00026503
-0.00100359
-0.00106018
0.00082733
0.00047388
0.00108193
-0.00038965
-0.00025342
0.00107874
0.00135364
-0.00131243
-0.00054799
-0.00081908
0.00069589
0.00044406
0.00050505
0.00019915
-0.00025430
0.00058587
0.00113365
0.00026118
-0.00015802
0.00133104
-0.00015541
0.00024008
-0.00002019
-0.00009236
-0.00148493
0.00064913
0.00043600
-0.00065605
0.00043877
-0.00146743
0.00058981
0.00159835
0.00067039
-0.00013513
0.00064060
0.00062598
0.00147265
0.00118120
0.00107049
0.00053516
0.00086413
-0.00089749
-0.00022295
-0.00155788
0.00210081
-0.03721685
0.00039982
-0.00082271
-0.00042199
0.00020324
0.00039406
0.00009790
-0.00140664
0.00000177
0.00034173
-0.00066805
0.00042754
-0.00071026
0.00031570
0.00016883
0.00091991
0.00028227
-0.00097404
-0.00104186
0.00085306
0.00047694
0.00109505
-0.00038159
-0.00023326
0.00106422
0.00130702
-0.00132750
-0.00056897
-0.00086783
0.00072453
0.00039503
0.00049990
0.00016039
-0.00023733
0.00058551
0.00113664
0.00028796
-0.00008289
0.00130980
-0.00015855
0.00027914
-0.00004323
-0.00004955
-0.00149039
0.00068200
0.00047113
-0.00065834
0.00082304
-0.00145173
0.00060791
0.00156691
0.00061451
-0.00005426
0.00059841
0.00070217
0.00146483
0.00115789
0.00106253
0.00053535
0.00079884
-0.00089213
-0.00012164
-0.00157891
0.00207854
-0.03814197
0.00032737
-0.00086169
-0.00037338
0.00016178
0.00035146
0.00002707
-0.00139653
-0.00004481
0.00035294
-0.00067904
0.00044503
-0.00071052
0.00027229
0.00014547
0.00093190
0.00024867
-0.00099843
-0.00106376
0.00082997
0.00051664
0.00109165
-0.00036284
-0.00025923
0.00102557
0.00131568
-0.00135592
-0.00057170
-0.00076785
0.00068986
0.00045071
0.00050524
0.00026811
-0.00028047
0.00058740
0.00111032
0.00027554
-0.00003138
0.00126635
-0.00017483
0.00029562
-0.00004680
-0.00001501
-0.00142534
0.00069817
0.00052164
-0.00064338
0.00100602
-0.00145968
0.00062836
0.00154290
0.00060150
-0.00000579
0.00059111
0.00071768
0.00144899
0.00113916
0.00102659
0.00055159
0.00074248
-0.00086811
-0.00007230
-0.00156032
0.00205724
-0.03857250
0.00028387
-0.00086613
-0.00035686
0.00012512
0.00031031
-0.00000270
-0.00137417
-0.00005695
0.00035722
-0.00069937
0.00044099
-0.00069113
0.00025047
0.00016460
0.00092406
0.00024019
-0.00101851
-0.00107923
0.00082931
0.00052425
0.00107576
-0.00037266
-0.00025008
0.00102941
0.00132293
-0.00137605
-0.00056710
-0.00072200
0.00066466
0.00048474
0.00050244
0.00031867
-0.00028802
0.00060352
0.00109480
0.00025561
-0.00008340
0.00127895
-0.00016576
0.00024952
-0.00005252
-0.00005557
-0.00144063
0.00067804
0.00046339
-0.00065121
0.00070956
-0.00145670
0.00063909
0.00156602
0.00060507
-0.00003481
0.00061476
0.00064932
0.00145690
0.00117012
0.00102223
0.00058121
0.00079222
-0.00088969
-0.00011880
-0.00155879
0.00205383
-0.03800379
0.00033458
-0.00082761
-0.00039180
0.00014220
0.00034924
0.00004629
-0.00138242
-0.00006784
0.00037087
-0.00067470
0.00043794
-0.00068757
0.00024870
0.00019658
0.00090689
0.00025511
-0.00097362
-0.00104982
0.00084436
0.00049151
0.00108942
-0.00040542
-0.00024505
0.00106353
0.00131156
-0.00135852
-0.00056572
-0.00077401
0.00067810
0.00044904
0.00048790
0.00027480
-0.00026563
0.00060636
0.00105442
0.00024301
-0.00009881
0.00129274
-0.00017194
0.00024538
-0.00005077
-0.00006861
-0.00140778
0.00065456
0.00044880
-0.00064378
0.00061916
-0.00147186
0.00065580
0.00154675
0.00063383
-0.00004114
0.00064416
0.00060541
0.00146646
0.00114733
0.00102052
0.00059534
0.00080275
-0.00085215
-0.00016425
-0.00151451
0.00206065
-0.03776783
0.00036536
-0.00082587
-0.00041433
0.00013602
0.00033761
0.00007623
-0.00136861
-0.00004318
0.00037060
-0.00068378
0.00042160
-0.00067542
0.00028672
0.00022205
0.00089253
0.00025195
-0.00095982
-0.00104431
0.00085924
0.00047346
0.00107697
-0.00044212
-0.00024233
0.00106408
0.00134213
-0.00132236
-0.00057865
-0.00080279
0.00068588
0.00044316
0.00049890
0.00029330
-0.00025123
0.00060976
0.00104601
0.00021291
-0.00015162
0.00129402
-0.00017556
0.00021012
-0.00005520
-0.00014328
-0.00141021
0.00062864
0.00042538
-0.00063888
0.00037577
-0.00146925
0.00064351
0.00156864
0.00065640
-0.00010421
0.00064071
0.00054830
0.00147921
0.00119560
0.00102143
0.00061848
0.00087564
-0.00086944
-0.00026312
-0.00150582
0.00208288
-0.03702102
0.00042996
-0.00081269
-0.00046274
0.00017480
0.00036557
0.00012630
-0.00136343
-0.00001767
0.00038069
-0.00065485
0.00039973
-0.00068613
0.00032457
0.00020004
0.00087311
0.00026850
-0.00094739
-0.00101343
0.00087164
0.00047417
0.00109561
-0.00047308
-0.00025190
0.00111520
0.00133796
-0.00128175
-0.00059039
-0.00084970
0.00071438
0.00039124
0.00050292
0.00022825
-0.00024344
0.00063066
0.00103112
0.00017938
-0.00018697
0.00131010
-0.00016724
0.00021507
-0.00005131
-0.00015200
-0.00144047
0.00061953
0.00041786
-0.00064653
0.00021741
-0.00145772
0.00065068
0.00157656
0.00062964
-0.00014581
0.00064447
0.00051100
0.00146007
0.00125855
0.00100022
0.00062636
0.00092040
-0.00089822
-0.00028081
-0.00155767
0.00206964
-0.03688615
0.00047510
-0.00083792
-0.00048651
0.00015370
0.00041280
0.00014070
-0.00140469
-0.00003352
0.00036878
-0.00063948
0.00037152
-0.00068518
0.00032047
0.00016340
0.00085901
0.00028607
-0.00092058
-0.00098076
0.00089655
0.00050181
0.00109053
-0.00045936
-0.00029953
0.00112437
0.00134577
-0.00128056
-0.00063352
-0.00087636
0.00073552
0.00037234
0.00053106
0.00017221
-0.00021113
0.00062285
0.00103964
0.00021915
-0.00006996
0.00129731
-0.00018358
0.00026612
-0.00005521
-0.00007194
-0.00137683
0.00063771
0.00050228
-0.00063187
0.00051011
-0.00148059
0.00063906
0.00153954
0.00062385
-0.00007091
0.00061837
0.00059556
0.00143734
0.00117942
0.00099838
0.00059004
0.00081683
-0.00086877
-0.00019356
-0.00151594
0.00206102
-0.03772632
0.00038871
-0.00085203
-0.00043682
0.00010007
0.00033212
0.00004498
-0.00135093
-0.00003320
0.00035424
-0.00066572
0.00036815
-0.00070989
0.00031387
0.00019221
0.00088781
0.00025349
-0.00097399
-0.00101983
0.00086823
0.00054513
0.00106979
-0.00044010
-0.00027318
0.00108105
0.00137057
-0.00129394
-0.00062276
-0.00078263
0.00070661
0.00044080
0.00052760
0.00029124
-0.00026803
0.00064750
0.00105169
0.00022713
-0.00009837
0.00130538
-0.00019518
0.00028557
-0.00006526
-0.00010645
-0.00137661
0.00064039
0.00050323
-0.00064348
0.00050260
-0.00147940
0.00063208
0.00155101
0.00060781
-0.00007966
0.00065119
0.00059703
0.00144492
0.00119489
0.00101788
0.00058717
0.00082530
-0.00087343
-0.00022352
-0.00150362
0.00206781
-0.03748795
0.00040334
-0.00084329
-0.00044232
0.00011602
0.00034774
0.00003696
-0.00135146
-0.00002180
0.00035710
-0.00064827
0.00038029
-0.00071641
0.00033390
0.00020774
0.00088316
0.00026341
-0.00095142
-0.00101063
0.00086924
0.00053469
0.00107473
-0.00043552
-0.00028343
0.00107651
0.00137083
-0.00126492
-0.00062398
-0.00081116
0.00068998
0.00042575
0.00051951
0.00026787
-0.00025735
0.00065037
0.00105306
0.00020338
-0.00012847
0.00132337
-0.00018523
0.00024990
-0.00004971
-0.00014681
-0.00140572
0.00060981
0.00046880
-0.00062537
0.00027197
-0.00148834
0.00063772
0.00157170
0.00063737
-0.00014969
0.00068800
0.00055503
0.00147450
0.00121574
0.00100601
0.00058162
0.00087808
-0.00087539
-0.00029556
-0.00149139
0.00205338
-0.03702438
0.00044422
-0.00082547
-0.00046299
0.00013250
0.00037479
0.00007511
-0.00135385
-0.00001609
0.00035372
-0.00064391
0.00036499
-0.00073674
0.00036956
0.00019094
0.00090041
0.00029151
-0.00091852
-0.00099738
0.00088048
0.00050927
0.00109481
-0.00044671
-0.00030833
0.00107854
0.00138233
-0.00128532
-0.00063329
-0.00087256
0.00071810
0.00040115
0.00051606
0.00022351
-0.00023276
0.00064254
0.00104404
0.00023646
-0.00012089
0.00131439
-0.00017253
0.00024927
-0.00001503
-0.00014675
-0.00141287
0.00061194
0.00047537
-0.00061795
0.00025060
-0.00148861
0.00064956
0.00157799
0.00062465
-0.00014782
0.00065209
0.00060192
0.00147261
0.00119112
0.00102312
0.00054887
0.00088716
-0.00087129
-0.00030462
-0.00148801
0.00207444
-0.03710929
0.00042612
-0.00082092
-0.00043576
0.00015142
0.00036456
0.00012643
-0.00136181
-0.00001595
0.00033710
-0.00063723
0.00037765
-0.00074510
0.00035182
0.00019977
0.00090279
0.00028259
-0.00094941
-0.00100886
0.00082891
0.00050483
0.00109205
-0.00044422
-0.00030400
0.00108673
0.00141245
-0.00129833
-0.00060333
-0.00086865
0.00071308
0.00040185
0.00050703
0.00024042
-0.00024050
0.00065307
0.00105721
0.00025593
-0.00010057
0.00130477
-0.00016759
0.00025665
-0.00003823
-0.00014435
-0.00144779
0.00063769
0.00046450
-0.00062513
0.00037076
-0.00146728
0.00064992
0.00157428
0.00057648
-0.00012933
0.00061907
0.00063659
0.00147414
0.00123779
0.00101987
0.00055803
0.00087600
-0.00089617
-0.00025751
-0.00153680
0.00206773
-0.03744637
0.00041207
-0.00083525
-0.00041097
0.00014305
0.00037583
0.00011277
-0.00137960
-0.00006623
0.00034863
-0.00061852
0.00038796
-0.00074022
0.00032775
0.00017855
0.00091309
0.00026507
-0.00093743
-0.00100053
0.00083790
0.00053079
0.00110905
-0.00043843
-0.00034029
0.00106352
0.00139477
-0.00132388
-0.00061225
-0.00083506
0.00071309
0.00042369
0.00050738
0.00027200
-0.00027447
0.00065764
0.00099727
0.00024667
-0.00011283
0.00131888
-0.00017175
0.00022039
-0.00001975
-0.00016579
-0.00143037
0.00057099
0.00047683
-0.00062428
0.00019923
-0.00146760
0.00063692
0.00157798
0.00062545
-0.00018940
0.00067177
0.00058072
0.00147406
0.00122674
0.00103870
0.00056374
0.00088366
-0.00092355
-0.00029151
-0.00147377
0.00207727
-0.03687128
0.00044085
-0.00082189
-0.00042521
0.00016698
0.00037778
0.00013113
-0.00136434
-0.00004857
0.00034639
-0.00065101
0.00036009
-0.00077087
0.00035850
0.00018369
0.00092026
0.00028930
-0.00093457
-0.00099687
0.00081442
0.00049223
0.00109372
-0.00043683
-0.00033738
0.00109813
0.00141595
-0.00126539
-0.00062081
-0.00089148
0.00069756
0.00039194
0.00049780
0.00021226
-0.00023201
0.00064545
0.00103641
0.00025428
-0.00012920
0.00131996
-0.00016341
0.00022568
-0.00002076
-0.00017456
-0.00144396
0.00058803
0.00047208
-0.00063217
0.00025572
-0.00148477
0.00064151
0.00157981
0.00061583
-0.00018286
0.00068938
0.00060683
0.00144605
0.00123326
0.00104563
0.00054854
0.00088265
-0.00090659
-0.00029621
-0.00147194
0.00206243
-0.03680114
0.00044050
-0.00083645
-0.00043324
0.00015205
0.00036245
0.00012922
-0.00135973
-0.00000925
0.00033639
-0.00066447
0.00035948
-0.00077950
0.00034927
0.00020489
0.00092187
0.00030368
-0.00093137
-0.00101847
0.00079646
0.00050469
0.00107651
-0.00042066
-0.00035042
0.00107113
0.00140731
-0.00122937
-0.00062237
-0.00087315
0.00072396
0.00038397
0.00052194
0.00024052
-0.00023620
0.00065307
0.00101371
0.00026000
-0.00006004
0.00132216
-0.00016463
0.00025517
-0.00004694
-0.00013121
-0.00144083
0.00060606
0.00049776
-0.00061759
0.00051145
-0.00150523
0.00063376
0.00155209
0.00058735
-0.00012349
0.00067644
0.00065904
0.00142100
0.00119571
0.00102958
0.00054823
0.00082202
-0.00087170
-0.00024190
-0.00147190
0.00205961
-0.03741424
0.00037633
-0.00086092
-0.00040289
0.00013413
0.00031333
0.00009302
-0.00134597
-0.00002013
0.00034283
-0.00067491
0.00035229
-0.00078117
0.00032176
0.00018468
0.00092809
0.00029395
-0.00096479
-0.00103906
0.00076268
0.00050639
0.00105862
-0.00039118
-0.00032389
0.00106382
0.00140053
-0.00123926
-0.00062038
-0.00081885
0.00070247
0.00043046
0.00054334
0.00031563
-0.00025996
0.00064493
0.00101628
0.00026528
-0.00015101
0.00136703
-0.00016268
0.00018923
-0.00006822
-0.00021914
-0.00154014
0.00056199
0.00042161
-0.00061738
0.00010942
-0.00151576
0.00060542
0.00159734
0.00056775
-0.00021527
0.00070485
0.00060776
0.00138654
0.00133805
0.00104426
0.00056563
0.00092708
-0.00094003
-0.00030271
-0.00152394
0.00207863
-0.03643415
0.00049007
-0.00083781
-0.00041670
0.00016794
0.00039618
0.00024394
-0.00140407
-0.00004528
0.00033092
-0.00062104
0.00033554
-0.00081318
0.00034694
0.00018434
0.00095029
0.00033443
-0.00090351
-0.00100382
0.00077795
0.00046138
0.00106663
-0.00038232
-0.00036786
0.00108132
0.00135872
-0.00119466
-0.00063221
-0.00093150
0.00078115
0.00036606
0.00055441
0.00021523
-0.00025520
0.00062422
0.00098902
0.00025589
-0.00013264
0.00132787
-0.00017590
0.00021609
-0.00006023
-0.00017848
-0.00147453
0.00056669
0.00047016
-0.00059969
0.00021940
-0.00152112
0.00062821
0.00160785
0.00059726
-0.00018619
0.00067346
0.00061950
0.00141631
0.00122795
0.00106276
0.00055843
0.00090189
-0.00090009
-0.00030182
-0.00148246
0.00205688
-0.03675679
0.00044294
-0.00081858
-0.00044470
0.00016823
0.00035539
0.00017594
-0.00137235
-0.00001674
0.00033547
-0.00065403
0.00034252
-0.00078788
0.00033516
0.00020265
0.00095319
0.00032181
-0.00094209
-0.00104615
0.00076646
0.00043484
0.00104891
-0.00039474
-0.00032449
0.00107381
0.00140239
-0.00119691
-0.00060708
-0.00090579
0.00073223
0.00039132
0.00053401
0.00024375
-0.00023895
0.00063747
0.00098341
0.00030566
-0.00012631
0.00147625
-0.00010304
0.00009928
-0.00025197
-0.00025994
-0.00172519
0.00053411
0.00058820
-0.00045828
0.00056822
-0.00157776
0.00049349
0.00168329
0.00032160
-0.00026201
0.00042464
0.00077528
0.00135145
0.00155965
0.00105682
0.00051862
0.00084799
-0.00117135
-0.00028181
-0.00164870
0.00195756
-0.03712694
0.00033631
-0.00081258
-0.00033387
0.00040259
0.00035334
0.00009645
-0.00143236
-0.00006370
0.00034274
-0.00062259
0.00023437
-0.00080760
0.00017656
0.00005459
0.00114365
0.00035889
-0.00089966
-0.00114874
0.00070927
0.00046463
0.00101444
-0.00029150
-0.00040033
0.00093870
0.00123361
-0.00111789
-0.00054283
-0.00086248
0.00078189
0.00055624
0.00058486
0.00027030
-0.00038114
0.00065527
0.00100289
0.00028556
-0.00009780
0.00134759
-0.00014827
0.00021400
-0.00008262
-0.00016834
-0.00149969
0.00059953
0.00050189
-0.00056437
0.00037208
-0.00151948
0.00062987
0.00160469
0.00053508
-0.00015661
0.00064159
0.00067284
0.00141755
0.00122972
0.00106725
0.00056841
0.00086611
-0.00093400
-0.00026156
-0.00149337
0.00203917
-0.03731001
0.00042904
-0.00083789
-0.00040645
0.00017799
0.00034527
0.00015381
-0.00137967
-0.00001666
0.00032524
-0.00062913
0.00035892
-0.00077818
0.00031317
0.00020467
0.00098829
0.00032487
-0.00095184
-0.00104903
0.00077977
0.00045385
0.00105095
-0.00038426
-0.00032258
0.00107151
0.00138211
-0.00119210
-0.00059868
-0.00087966
0.00071904
0.00043568
0.00055371
0.00025987
-0.00026298
0.00063669
0.00101209
0.00030150
-0.00006720
0.00133834
-0.00014152
0.00023349
-0.00006489
-0.00013547
-0.00150470
0.00062452
0.00051853
-0.00055667
0.00059046
-0.00151116
0.00063351
0.00158343
0.00051691
-0.00011248
0.00061635
0.00071137
0.00139996
0.00121169
0.00106482
0.00056123
0.00083159
-0.00092451
-0.00021106
-0.00149557
0.00203628
-0.03779543
0.00037645
-0.00085350
-0.00037175
0.00014912
0.00032207
0.00012360
-0.00138127
-0.00003525
0.00033065
-0.00063898
0.00037188
-0.00076840
0.00029565
0.00019720
0.00098918
0.00031443
-0.00096362
-0.00106791
0.00076983
0.00047726
0.00103527
-0.00036630
-0.00033845
0.00103797
0.00138320
-0.00119980
-0.00060966
-0.00082054
0.00070305
0.00046377
0.00056827
0.00029854
-0.00027274
0.00063120
0.00101059
0.00032295
-0.00009493
0.00135990
-0.00012863
0.00022059
-0.00003153
-0.00017848
-0.00147873
0.00060744
0.00049156
-0.00056192
0.00033793
-0.00148406
0.00064515
0.00160479
0.00055725
-0.00012840
0.00065087
0.00065633
0.00144457
0.00120396
0.00107115
0.00058785
0.00085899
-0.00091431
-0.00025982
-0.00145014
0.00204807
-0.03723439
0.00041189
-0.00082440
-0.00041908
0.00017827
0.00032178
0.00012575
-0.00139827
-0.00000280
0.00033476
-0.00065064
0.00036898
-0.00075469
0.00034067
0.00021108
0.00096122
0.00032478
-0.00096117
-0.00104983
0.00076857
0.00044230
0.00107197
-0.00038743
-0.00033519
0.00105700
0.00140211
-0.00119864
-0.00060026
-0.00088286
0.00070979
0.00043409
0.00053610
0.00026775
-0.00026320
0.00061831
0.00098460
0.00034121
-0.00009068
0.00135187
-0.00015855
0.00022268
-0.00003559
-0.00017863
-0.00148786
0.00061484
0.00050535
-0.00057297
0.00031293
-0.00148849
0.00063548
0.00163156
0.00058070
-0.00014673
0.00065140
0.00063628
0.00143621
0.00120508
0.00107223
0.00058354
0.00087923
-0.00090238
-0.00027424
-0.00144974
0.00206179
-0.03710387
0.00041742
-0.00084146
-0.00041595
0.00017484
0.00031454
0.00011370
-0.00141127
-0.00000231
0.00031137
-0.00065072
0.00035573
-0.00076874
0.00035536
0.00022186
0.00096006
0.00032795
-0.00095686
-0.00104222
0.00076894
0.00044082
0.00106467
-0.00039970
-0.00031654
0.00105441
0.00142405
-0.00122448
-0.00057990
-0.00087052
0.00070036
0.00042377
0.00053939
0.00027030
-0.00024360
0.00062880
0.00098483
0.00034469
-0.00009597
0.00136585
-0.00015988
0.00022283
-0.00004403
-0.00020005
-0.00150105
0.00061441
0.00050961
-0.00057781
0.00029150
-0.00147750
0.00067916
0.00162823
0.00056413
-0.00014316
0.00065054
0.00065752
0.00145991
0.00122596
0.00107059
0.00059758
0.00088035
-0.00091012
-0.00025830
-0.00144729
0.00206305
-0.03711884
0.00043513
-0.00084198
-0.00044407
0.00018643
0.00029975
0.00014640
-0.00144594
0.00000673
0.00031243
-0.00065387
0.00036271
-0.00077421
0.00037445
0.00021875
0.00096106
0.00033067
-0.00095300
-0.00103724
0.00076008
0.00043178
0.00108834
-0.00040303
-0.00030245
0.00105517
0.00142789
-0.00119994
-0.00058643
-0.00088693
0.00069394
0.00040687
0.00054677
0.00027200
-0.00026290
0.00063903
0.00086771
0.00048129
-0.00009619
0.00141760
-0.00015799
0.00017998
-0.00008927
-0.00027211
-0.00169690
0.00058689
0.00048491
-0.00056272
-0.00003512
-0.00144305
0.00061648
0.00179906
0.00049641
-0.00026404
0.00057873
0.00071579
0.00137456
0.00154940
0.00106889
0.00058704
0.00097879
-0.00101402
-0.00029545
-0.00153511
0.00211630
-0.03594722
0.00047800
-0.00084717
-0.00042561
0.00028989
0.00029093
0.00017568
-0.00158759
-0.00003933
0.00023612
-0.00058276
0.00034106
-0.00080202
0.00038283
0.00017528
0.00100675
0.00043931
-0.00086709
-0.00099382
0.00071181
0.00039465
0.00109018
-0.00033776
-0.00039064
0.00100789
0.00144356
-0.00120053
-0.00058621
-0.00093651
0.00072904
0.00038630
0.00060024
0.00020928
-0.00032169
0.00067702
0.00099418
0.00033847
-0.00006103
0.00133153
-0.00019348
0.00025792
-0.00005030
-0.00015689
-0.00147254
0.00063172
0.00053448
-0.00058596
0.00052502
-0.00149072
0.00068388
0.00160965
0.00056564
-0.00011888
0.00061187
0.00071242
0.00143078
0.00119515
0.00105738
0.00056986
0.00082007
-0.00088311
-0.00021971
-0.00144709
0.00207021
-0.03763844
0.00035121
-0.00086715
-0.00039907
0.00015903
0.00026574
0.00010193
-0.00139134
0.00001293
0.00030421
-0.00065631
0.00038247
-0.00078492
0.00032816
0.00021568
0.00094235
0.00028103
-0.00100522
-0.00106011
0.00076409
0.00044389
0.00106418
-0.00039002
-0.00026592
0.00102379
0.00142684
-0.00123343
-0.00060956
-0.00083682
0.00065788
0.00043473
0.00054390
0.00031443
-0.00028706
0.00066075
0.00098489
0.00033440
-0.00006469
0.00132495
-0.00019607
0.00021457
-0.00004137
-0.00016502
-0.00147561
0.00063546
0.00052232
-0.00058320
0.00049427
-0.00147622
0.00067564
0.00163044
0.00053979
-0.00011530
0.00061728
0.00070710
0.00143411
0.00121084
0.00105439
0.00057526
0.00083353
-0.00087715
-0.00024050
-0.00142959
0.00205891
-0.03764836
0.00038267
-0.00086130
-0.00041599
0.00016488
0.00028001
0.00012906
-0.00139954
0.00002149
0.00029690
-0.00065540
0.00036937
-0.00079546
0.00034495
0.00018280
0.00094589
0.00029318
-0.00100202
-0.00104961
0.00078392
0.00041520
0.00106187
-0.00040568
-0.00027857
0.00104321
0.00142758
-0.00121826
-0.00060382
-0.00087388
0.00067435
0.00041750
0.00055311
0.00031735
-0.00029299
0.00066556
0.00097301
0.00030097
-0.00012155
0.00133002
-0.00021467
0.00018022
-0.00002809
-0.00017875
-0.00147394
0.00061428
0.00048652
-0.00056543
0.00021410
-0.00149455
0.00066607
0.00165435
0.00056929
-0.00017860
0.00064487
0.00065834
0.00145676
0.00123330
0.00107408
0.00059257
0.00089215
-0.00088764
-0.00028533
-0.00142999
0.00207651
-0.03704934
0.00041664
-0.00084156
-0.00044439
0.00019977
0.00031549
0.00018543
-0.00139210
0.00003584
0.00029517
-0.00063462
0.00034765
-0.00079733
0.00035461
0.00019954
0.00096371
0.00030057
-0.00096251
-0.00103388
0.00078987
0.00039314
0.00109775
-0.00043749
-0.00028328
0.00106469
0.00142418
-0.00121470
-0.00059718
-0.00093234
0.00070345
0.00039160
0.00054417
0.00024789
-0.00029373
0.00067477
0.00100748
0.00030371
-0.00014179
0.00133260
-0.00020416
0.00018911
-0.00002802
-0.00019078
-0.00148980
0.00062807
0.00047620
-0.00057437
0.00023281
-0.00150457
0.00067442
0.00165554
0.00056365
-0.00017609
0.00066687
0.00067454
0.00143299
0.00124227
0.00108014
0.00058365
0.00089641
-0.00087615
-0.00029254
-0.00143065
0.00206035
-0.03694350
0.00042731
-0.00085321
-0.00045512
0.00018039
0.00030851
0.00019092
-0.00139502
0.00007192
0.00028960
-0.00064553
0.00034608
-0.00080600
0.00035198
0.00022197
0.00096504
0.00031527
-0.00095622
-0.00105175
0.00077901
0.00040398
0.00108304
-0.00042198
-0.00029604
0.00104530
0.00141848
-0.00117886
-0.00060265
-0.00092444
0.00072932
0.00037916
0.00056605
0.00026688
-0.00029377
0.00067844
0.00101823
0.00031574
-0.00010413
0.00132124
-0.00019914
0.00020939
-0.00004430
-0.00015916
-0.00148039
0.00064582
0.00052303
-0.00057107
0.00050773
-0.00152329
0.00067329
0.00163680
0.00053050
-0.00011795
0.00063179
0.00072183
0.00141412
0.00122931
0.00108144
0.00057591
0.00084527
-0.00086375
-0.00024140
-0.00144268
0.00206424
-0.03754023
0.00037851
-0.00088014
-0.00043484
0.00016294
0.00026271
0.00015804
-0.00137537
0.00007400
0.00028412
-0.00064431
0.00036716
-0.00077834
0.00033413
0.00022418
0.00097484
0.00032247
-0.00097681
-0.00107810
0.00076405
0.00045216
0.00106669
-0.00041573
-0.00030589
0.00102571
0.00141675
-0.00118426
-0.00060873
-0.00085393
0.00071991
0.00043341
0.00060305
0.00032728
-0.00031296
0.00067247
0.00099195
0.00029799
-0.00007532
0.00131507
-0.00017654
0.00022144
-0.00004075
-0.00014542
-0.00143621
0.00064355
0.00052170
-0.00056363
0.00056806
-0.00150649
0.00069714
0.00162710
0.00054600
-0.00008671
0.00065144
0.00069058
0.00142098
0.00116566
0.00109387
0.00057214
0.00083526
-0.00084960
-0.00021850
-0.00143484
0.00205413
-0.03781577
0.00036808
-0.00087361
-0.00044699
0.00013162
0.00026561
0.00015157
-0.00136767
0.00007115
0.00030301
-0.00066743
0.00036479
-0.00078291
0.00033813
0.00022888
0.00097083
0.00029688
-0.00100950
-0.00109174
0.00075892
0.00043933
0.00105773
-0.00041649
-0.00029709
0.00104200
0.00144538
-0.00120170
-0.00060359
-0.00084185
0.00070117
0.00043738
0.00059525
0.00033952
-0.00029534
0.00065719
0.00100047
0.00027742
-0.00008335
0.00131193
-0.00019354
0.00024219
-0.00004011
-0.00016912
-0.00142738
0.00063354
0.00050110
-0.00055289
0.00051918
-0.00149859
0.00069269
0.00162408
0.00058062
-0.00010064
0.00066583
0.00066168
0.00142300
0.00115854
0.00109526
0.00058892
0.00083921
-0.00085573
-0.00022955
-0.00142405
0.00204918
-0.03772138
0.00038335
-0.00086998
-0.00045192
0.00011972
0.00028008
0.00016595
-0.00136519
0.00008180
0.00029387
-0.00065126
0.00036587
-0.00079693
0.00036930
0.00022767
0.00097625
0.00030699
-0.00099907
-0.00109792
0.00076614
0.00042830
0.00104599
-0.00041591
-0.00028264
0.00105324
0.00145796
-0.00120304
-0.00059294
-0.00085570
0.00069984
0.00041610
0.00060629
0.00031774
-0.00027400
0.00065784
0.00099094
0.00025795
-0.00021701
0.00135892
-0.00022326
0.00016687
-0.00004712
-0.00026194
-0.00149724
0.00058000
0.00042315
-0.00055396
-0.00004085
-0.00148392
0.00068801
0.00168137
0.00060456
-0.00024629
0.00069927
0.00057369
0.00143666
0.00127259
0.00113031
0.00063299
0.00095267
-0.00091069
-0.00035198
-0.00143903
0.00208845
-0.03644493
0.00048635
-0.00082240
-0.00050877
0.00016039
0.00035597
0.00028492
-0.00141490
0.00010991
0.00028825
-0.00060926
0.00033575
-0.00081492
0.00044486
0.00028818
0.00099786
0.00033061
-0.00093307
-0.00107888
0.00078989
0.00039012
0.00105939
-0.00045627
-0.00026506
0.00109363
0.00145820
-0.00113796
-0.00059515
-0.00102452
0.00076518
0.00032772
0.00058493
0.00020429
-0.00022743
0.00067513
0.00100488
0.00025088
-0.00014043
0.00133134
-0.00021586
0.00023740
-0.00006188
-0.00019452
-0.00143820
0.00060938
0.00049081
-0.00055867
0.00034813
-0.00148604
0.00068715
0.00161227
0.00060531
-0.00017048
0.00065826
0.00062581
0.00142790
0.00118996
0.00108916
0.00060748
0.00086723
-0.00086830
-0.00027525
-0.00143234
0.00205073
-0.03724574
0.00043132
-0.00084298
-0.00047417
0.00013754
0.00032302
0.00020087
-0.00136962
0.00008431
0.00030858
-0.00061486
0.00036165
-0.00080661
0.00039105
0.00026976
0.00098555
0.00032421
-0.00098828
-0.00108450
0.00078361
0.00044302
0.00105262
-0.00044505
-0.00022348
0.00108385
0.00146114
-0.00118318
-0.00057987
-0.00090330
0.00071951
0.00038612
0.00059168
0.00028882
-0.00025234
0.00065424
0.00100415
0.00023502
-0.00015129
0.00132405
-0.00022793
0.00024097
-0.00004902
-0.00021353
-0.00143848
0.00060700
0.00049247
-0.00057824
0.00027506
-0.00150103
0.00070054
0.00160765
0.00060862
-0.00019089
0.00069148
0.00062143
0.00144684
0.00117221
0.00111558
0.00061059
0.00090265
-0.00086926
-0.00029905
-0.00142781
0.00207964
-0.03708621
0.00044189
-0.00081217
-0.00050758
0.00014703
0.00033379
0.00021374
-0.00138002
0.00006652
0.00031281
-0.00062551
0.00036989
-0.00081848
0.00039827
0.00028875
0.00098093
0.00031869
-0.00099888
-0.00108064
0.00079370
0.00043001
0.00106427
-0.00044771
-0.00022289
0.00109664
0.00147254
-0.00118438
-0.00058631
-0.00091464
0.00072713
0.00038050
0.00060269
0.00026761
-0.00023616
0.00065678
0.00097970
0.00022923
-0.00019361
0.00142931
-0.00031848
0.00021605
-0.00018422
-0.00038067
-0.00162489
0.00065758
0.00073428
-0.00046457
0.00057746
-0.00165549
0.00067201
0.00159153
0.00037953
-0.00040021
0.00055502
0.00084000
0.00145449
0.00135733
0.00121582
0.00062481
0.00091326
-0.00099105
-0.00039263
-0.00140735
0.00211233
-0.03707568
0.00032053
-0.00072833
-0.00055337
0.00041954
0.00026148
0.00018668
-0.00136033
0.00009247
0.00031934
-0.00051684
0.00027763
-0.00096348
0.00030324
0.00037508
0.00116405
0.00042219
-0.00106863
-0.00114931
0.00073163
0.00052727
0.00111443
-0.00048530
-0.00011322
0.00098170
0.00149426
-0.00109061
-0.00053048
-0.00077372
0.00081333
0.00058030
0.00081434
0.00040105
-0.00039512
0.00074541
0.00100612
0.00026504
-0.00013471
0.00132129
-0.00021386
0.00026705
-0.00008021
-0.00021517
-0.00144554
0.00064212
0.00051905
-0.00055843
0.00039575
-0.00150802
0.00070172
0.00159781
0.00055614
-0.00016751
0.00066283
0.00066094
0.00145460
0.00117311
0.00110319
0.00061985
0.00085838
-0.00086511
-0.00025389
-0.00144945
0.00208751
-0.03752279
0.00041710
-0.00084056
-0.00047918
0.00013005
0.00031566
0.00021376
-0.00138386
0.00005077
0.00032226
-0.00062485
0.00036733
-0.00080652
0.00037379
0.00028105
0.00099275
0.00030885
-0.00100248
-0.00109300
0.00077818
0.00043662
0.00105715
-0.00043593
-0.00022983
0.00107475
0.00144537
-0.00117592
-0.00060701
-0.00088754
0.00072697
0.00041069
0.00062810
0.00031330
-0.00025761
0.00066174
0.00100413
0.00025358
-0.00013865
0.00130993
-0.00021350
0.00025877
-0.00007229
-0.00022127
-0.00140211
0.00062674
0.00048966
-0.00057679
0.00030358
-0.00151531
0.00072000
0.00159672
0.00058805
-0.00018302
0.00069606
0.00061885
0.00147147
0.00113784
0.00109147
0.00060482
0.00089423
-0.00085314
-0.00027619
-0.00142755
0.00209760
-0.03722649
0.00043450
-0.00082632
-0.00048367
0.00014374
0.00035000
0.00018572
-0.00137674
0.00005670
0.00033588
-0.00063309
0.00035484
-0.00078484
0.00037792
0.00028709
0.00097848
0.00029393
-0.00099264
-0.00109567
0.00079397
0.00040959
0.00104477
-0.00043830
-0.00022984
0.00110139
0.00145709
-0.00119750
-0.00056616
-0.00089751
0.00070987
0.00037485
0.00059774
0.00027846
-0.00023950
0.00064863
0.00100100
0.00024315
-0.00018174
0.00132224
-0.00022393
0.00027094
-0.00005827
-0.00024281
-0.00143218
0.00062238
0.00046203
-0.00058478
0.00016693
-0.00153141
0.00071943
0.00159744
0.00058596
-0.00022952
0.00070602
0.00062246
0.00148093
0.00117907
0.00110989
0.00060298
0.00093056
-0.00088272
-0.00032603
-0.00140632
0.00211926
-0.03681473
0.00047713
-0.00081040
-0.00051534
0.00016898
0.00037279
0.00023940
-0.00138772
0.00005837
0.00034565
-0.00063104
0.00031499
-0.00076374
0.00037707
0.00029070
0.00098762
0.00031918
-0.00097799
-0.00111157
0.00079091
0.00036654
0.00105805
-0.00044420
-0.00021550
0.00110948
0.00146422
-0.00117034
-0.00056763
-0.00092946
0.00074982
0.00034506
0.00059441
0.00024758
-0.00021905
0.00065305
0.00100905
0.00024293
-0.00017044
0.00135350
-0.00025165
0.00027369
-0.00003931
-0.00022565
-0.00139638
0.00061890
0.00046232
-0.00058894
0.00023046
-0.00151045
0.00071806
0.00158614
0.00061005
-0.00019750
0.00069394
0.00062156
0.00150003
0.00113433
0.00111953
0.00061074
0.00094581
-0.00087805
-0.00034879
-0.00139340
0.00208740
-0.03689069
0.00045600
-0.00081708
-0.00050190
0.00018819
0.00035909
0.00017099
-0.00136774
0.00004037
0.00033381
-0.00066761
0.00033032
-0.00076885
0.00033992
0.00026856
0.00099445
0.00031577
-0.00099937
-0.00111702
0.00076555
0.00036732
0.00105895
-0.00042196
-0.00021303
0.00112490
0.00147671
-0.00118861
-0.00058443
-0.00090360
0.00073117
0.00036133
0.00059156
0.00026597
-0.00022063
0.00066236
0.00094751
0.00029304
-0.00028844
0.00139484
-0.00035917
0.00031729
-0.00008907
-0.00033011
-0.00148854
0.00063589
0.00036596
-0.00058143
-0.00017142
-0.00161315
0.00073215
0.00164712
0.00053676
-0.00041238
0.00068608
0.00073492
0.00149644
0.00129546
0.00121767
0.00061358
0.00111323
-0.00090227
-0.00048899
-0.00136818
0.00221261
-0.03542969
0.00053810
-0.00079052
-0.00057123
0.00032325
0.00041120
0.00032599
-0.00139690
0.00003652
0.00032920
-0.00061985
0.00023715
-0.00076786
0.00022708
0.00032119
0.00110267
0.00042940
-0.00097283
-0.00118760
0.00067918
0.00020137
0.00105341
-0.00036377
-0.00016665
0.00114589
0.00154701
-0.00110422
-0.00061899
-0.00097811
0.00086407
0.00030269
0.00071453
0.00022928
-0.00025919
0.00072356
0.00103945
0.00026336
-0.00010886
0.00132627
-0.00025539
0.00030045
-0.00003264
-0.00016368
-0.00137077
0.00062191
0.00050730
-0.00058310
0.00050271
-0.00151061
0.00069892
0.00155431
0.00059921
-0.00013453
0.00067776
0.00067504
0.00146660
0.00110872
0.00110237
0.00059209
0.00087715
-0.00085200
-0.00026957
-0.00142204
0.00208338
-0.03742870
0.00039410
-0.00084581
-0.00045453
0.00015247
0.00033127
0.00010181
-0.00134032
0.00000944
0.00032719
-0.00069376
0.00035393
-0.00074856
0.00030622
0.00026277
0.00097291
0.00029175
-0.00101716
-0.00112076
0.00075975
0.00041488
0.00106783
-0.00039612
-0.00022986
0.00111793
0.00146819
-0.00122004
-0.00057579
-0.00083411
0.00069617
0.00041666
0.00057812
0.00032633
-0.00022787
0.00064846
0.00103318
0.00025149
-0.00009644
0.00132437
-0.00024740
0.00030350
-0.00002502
-0.00015852
-0.00136035
0.00061401
0.00049607
-0.00060097
0.00050545
-0.00151276
0.00069784
0.00153867
0.00058769
-0.00014353
0.00069315
0.00064578
0.00145990
0.00109623
0.00109873
0.00058473
0.00088135
-0.00083912
-0.00029619
-0.00142161
0.00208691
-0.03748750
0.00038132
-0.00082704
-0.00045837
0.00015661
0.00032146
0.00008460
-0.00136008
-0.00001639
0.00034356
-0.00071574
0.00035060
-0.00072972
0.00029852
0.00025140
0.00096807
0.00030494
-0.00099650
-0.00113236
0.00074454
0.00041600
0.00107416
-0.00039994
-0.00021650
0.00110592
0.00146988
-0.00123560
-0.00059869
-0.00082421
0.00071850
0.00040823
0.00056326
0.00033447
-0.00021915
0.00065469
0.00100349
0.00031420
-0.00020059
0.00132896
-0.00034799
0.00031459
-0.00005675
-0.00025041
-0.00139281
0.00060682
0.00042850
-0.00056407
0.00014235
-0.00161268
0.00068132
0.00157911
0.00052804
-0.00035850
0.00069792
0.00074651
0.00144133
0.00123107
0.00120312
0.00059220
0.00100957
-0.00084633
-0.00043102
-0.00140336
0.00221545
-0.03592343
0.00041722
-0.00078124
-0.00049577
0.00030951
0.00036372
0.00017354
-0.00134124
-0.00005301
0.00034655
-0.00069686
0.00027263
-0.00069352
0.00017674
0.00034395
0.00104837
0.00039158
-0.00096059
-0.00119972
0.00065443
0.00027581
0.00110111
-0.00035450
-0.00016905
0.00113295
0.00150670
-0.00116128
-0.00060045
-0.00088267
0.00081519
0.00038864
0.00064571
0.00031979
-0.00023567
0.00071657
0.00104496
0.00026989
-0.00011189
0.00133029
-0.00025837
0.00031806
-0.00001997
-0.00013606
-0.00137655
0.00060888
0.00052697
-0.00061066
0.00045740
-0.00151830
0.00068494
0.00155447
0.00059503
-0.00016090
0.00068865
0.00065390
0.00144694
0.00112566
0.00108963
0.00054394
0.00086716
-0.00085179
-0.00031019
-0.00143057
0.00207528
-0.03739084
0.00035515
-0.00084826
-0.00044159
0.00015381
0.00031705
0.00005822
-0.00132708
-0.00000486
0.00032603
-0.00071206
0.00034621
-0.00072989
0.00030548
0.00023989
0.00097280
0.00027768
-0.00099823
-0.00116120
0.00075599
0.00042073
0.00107519
-0.00038288
-0.00020234
0.00109468
0.00145837
-0.00125335
-0.00056255
-0.00082048
0.00068688
0.00041451
0.00054591
0.00032542
-0.00021335
0.00065755
0.00104645
0.00026413
-0.00014742
0.00132930
-0.00025741
0.00029521
-0.00001461
-0.00016145
-0.00137382
0.00058386
0.00051262
-0.00064031
0.00033884
-0.00153377
0.00067129
0.00156461
0.00062668
-0.00016888
0.00069420
0.00060822
0.00143929
0.00111352
0.00108048
0.00054641
0.00089627
-0.00084348
-0.00033084
-0.00142186
0.00208561
-0.03710932
0.00038289
-0.00084508
-0.00047570
0.00014906
0.00033346
0.00011469
-0.00132453
0.00000038
0.00031274
-0.00071826
0.00035357
-0.00073855
0.00033341
0.00023040
0.00096681
0.00029095
-0.00098332
-0.00114828
0.00074512
0.00041314
0.00108070
-0.00041714
-0.00022617
0.00110851
0.00145270
-0.00123132
-0.00056389
-0.00085014
0.00071042
0.00039339
0.00053222
0.00027893
-0.00019399
0.00064865
0.00104296
0.00036605
-0.00035394
0.00132044
-0.00038699
0.00033761
-0.00008374
-0.00027349
-0.00146379
0.00054441
0.00049217
-0.00070779
-0.00002459
-0.00171494
0.00061756
0.00161139
0.00058425
-0.00035511
0.00066348
0.00068541
0.00135551
0.00126266
0.00114098
0.00052750
0.00102853
-0.00084233
-0.00042760
-0.00144282
0.00222550
-0.03550697
0.00042563
-0.00088183
-0.00056383
0.00024296
0.00037289
0.00034353
-0.00125589
-0.00001354
0.00026766
-0.00070174
0.00029655
-0.00071331
0.00022338
0.00026733
0.00105180
0.00035788
-0.00094780
-0.00126419
0.00063565
0.00029922
0.00112629
-0.00043002
-0.00022135
0.00113150
0.00144965
-0.00109752
-0.00054272
-0.00087683
0.00083113
0.00040992
0.00060392
0.00023336
-0.00020371
0.00068197
0.00106522
0.00027533
-0.00010768
0.00130451
-0.00025056
0.00031516
-0.00002578
-0.00013181
-0.00137361
0.00058683
0.00054369
-0.00064015
0.00053522
-0.00154079
0.00068068
0.00153784
0.00061352
-0.00013731
0.00068125
0.00064549
0.00143872
0.00111451
0.00107801
0.00052782
0.00083301
-0.00085505
-0.00027964
-0.00142688
0.00209150
-0.03745678
0.00033383
-0.00086258
-0.00045938
0.00013979
0.00029126
0.00005739
-0.00130686
0.00001218
0.00032612
-0.00074442
0.00037210
-0.00076137
0.00030906
0.00021965
0.00096444
0.00028289
-0.00102371
-0.00113671
0.00074511
0.00044667
0.00106409
-0.00042589
-0.00021884
0.00107899
0.00142342
-0.00121702
-0.00056490
-0.00081540
0.00070595
0.00045278
0.00053936
0.00033208
-0.00020310
0.00064807
0.00105380
0.00026801
-0.00015926
0.00130859
-0.00024173
0.00028415
-0.00002284
-0.00017746
-0.00139172
0.00058178
0.00052947
-0.00063924
0.00039529
-0.00151284
0.00065915
0.00154008
0.00064202
-0.00016621
0.00069232
0.00063893
0.00143665
0.00114397
0.00109267
0.00055219
0.00085684
-0.00089031
-0.00029498
-0.00140886
0.00210213
-0.03698935
0.00038302
-0.00084589
-0.00049524
0.00016287
0.00031950
0.00010861
-0.00131254
0.00000478
0.00032025
-0.00072117
0.00034457
-0.00078088
0.00030289
0.00023654
0.00097776
0.00028745
-0.00101199
-0.00112675
0.00075746
0.00044170
0.00106021
-0.00044242
-0.00023581
0.00108096
0.00142487
-0.00120653
-0.00056358
-0.00085005
0.00071598
0.00041976
0.00054170
0.00029468
-0.00020478
0.00063775
0.00104216
0.00031055
-0.00032550
0.00125914
-0.00033875
0.00034422
-0.00006381
-0.00026160
-0.00145063
0.00056168
0.00056724
-0.00068177
0.00024860
-0.00158084
0.00061045
0.00152067
0.00065527
-0.00029082
0.00065985
0.00077629
0.00138152
0.00127300
0.00113976
0.00054205
0.00088232
-0.00096066
-0.00031083
-0.00137867
0.00224123
-0.03575132
0.00040833
-0.00086747
-0.00059396
0.00026143
0.00032496
0.00023192
-0.00122663
-0.00001500
0.00029041
-0.00070204
0.00028319
-0.00081819
0.00014376
0.00027350
0.00106898
0.00031943
-0.00105112
-0.00118922
0.00072142
0.00040662
0.00105336
-0.00048697
-0.00021674
0.00106856
0.00142231
-0.00113362
-0.00055095
-0.00085544
0.00078941
0.00047934
0.00061981
0.00029737
-0.00024252
0.00064399
0.00105155
0.00028142
-0.00022855
0.00130591
-0.00030625
0.00031584
-0.00003403
-0.00020982
-0.00141650
0.00055864
0.00052842
-0.00066686
0.00022549
-0.00156740
0.00063627
0.00154185
0.00067297
-0.00023961
0.00066110
0.00069706
0.00144734
0.00119654
0.00113423
0.00053376
0.00090164
-0.00090821
-0.00030748
-0.00140537
0.00216466
-0.03640595
0.00041839
-0.00086275
-0.00056629
0.00022866
0.00035178
0.00017457
-0.00129268
-0.00001030
0.00029756
-0.00070034
0.00029117
-0.00079995
0.00022612
0.00024641
0.00103619
0.00031625
-0.00101165
-0.00114529
0.00073489
0.00041695
0.00106723
-0.00046208
-0.00024397
0.00109023
0.00142317
-0.00116886
-0.00055832
-0.00087378
0.00076858
0.00044109
0.00055906
0.00028828
-0.00022236
0.00063492
0.00106427
0.00030353
-0.00003392
0.00128268
-0.00023656
0.00033272
-0.00002342
-0.00007658
-0.00136523
0.00063628
0.00060693
-0.00063304
0.00097661
-0.00152349
0.00065830
0.00150353
0.00058240
-0.00003223
0.00061511
0.00074998
0.00141483
0.00105604
0.00106835
0.00051973
0.00075176
-0.00083987
-0.00015448
-0.00144236
0.00207286
-0.03840313
0.00028494
-0.00090486
-0.00041286
0.00012979
0.00026160
0.00001887
-0.00129968
0.00000083
0.00030964
-0.00074278
0.00038968
-0.00075172
0.00025112
0.00021322
0.00095716
0.00026538
-0.00107265
-0.00114423
0.00072643
0.00052679
0.00104420
-0.00038541
-0.00024885
0.00104933
0.00145415
-0.00126414
-0.00057425
-0.00072165
0.00067308
0.00051425
0.00054390
0.00042547
-0.00026285
0.00062841
