-0.00121021
-0.00014615
0.00108433
0.00109482
-0.00266457
0.00251389
-0.00154018
0.00083542
-0.00031853
-0.00214386
0.00523376
-0.00111771
-0.00225258
-0.00173950
-0.00028038
-0.00141621
0.00170135
-0.00101852
-0.00188732
0.00200272
0.00059700
-0.00023198
-0.00221252
0.00091934
0.00044751
-0.00013614
0.00202370
0.00123787
0.00266457
0.00877380
-0.00258446
0.00133991
0.00413895
0.00097036
-0.00049019
0.00870514
0.00153923
0.00365639
-0.00520706
0.00135517
-0.00166893
-0.00152779
0.00148010
0.00112534
0.00280190
-0.00304031
-0.00305748
-0.00079441
-0.00209045
0.00142765
-0.00209618
-0.00070238
0.00142860
-0.00036955
-0.00356483
-0.00093555
0.00250816
-0.00068283
-0.00314140
-0.00122261
0.00051403
-0.00212669
-0.00026274
-0.00068045
0.00041694
0.00192593
0.00128094
0.00201879
0.00051130
0.00115305
-0.00073050
0.00023323
-0.00100452
0.00177333
0.00315806
0.00147155
-0.00409944
-0.00108601
0.00169756
0.00102103
-0.00038294
0.00020305
0.00046611
0.00240883
0.00193460
-0.00208032
0.00096120
0.00270067
0.00061176
-0.00196970
0.00106172
0.00127923
0.00169735
-0.03295515
0.00156158
-0.00032538
0.00224052
0.00028383
0.00075609
0.00537241
-0.00078466
0.00362953
-0.00375880
0.00293397
0.00151876
-0.00033979
0.00187118
0.00401542
0.00388380
-0.00053217
-0.00253533
0.00000278
0.00190195
-0.00006198
0.00026961
-0.00116517
0.00204530
0.00297151
-0.00109349
0.00022155
0.00201073
-0.00237068
-0.00229855
0.00018214
0.00173399
-0.00326661
0.00026075
-0.00020584
0.00022070
0.00177784
0.00028122
0.00150300
0.00080262
0.00055589
0.00090605
0.00022801
-0.00149401
0.00220126
0.00141544
0.00115793
-0.00171640
-0.00082482
0.00146702
0.00094576
0.00020272
0.00052707
0.00050770
0.00129951
0.00129750
-0.00093277
0.00119780
0.00260205
0.00097651
-0.00175094
0.00080813
0.00109130
0.00206248
-0.03445817
0.00018745
0.00008229
0.00172038
-0.00011014
0.00045836
0.00319460
-0.00170388
0.00126997
-0.00148462
0.00126474
0.00098319
0.00033240
0.00130199
0.00355362
0.00277411
-0.00026954
-0.00124242
-0.00079163
0.00147246
-0.00055612
-0.00015267
-0.00100613
0.00018209
0.00110649
-0.00074482
0.00051568
0.00084526
-0.00106476
-0.00121675
0.00043131
0.00199807
-0.00237380
0.00051265
-0.00015727
0.00080110
0.00333599
0.00052201
0.00253219
0.00146812
0.00068068
0.00153016
-0.00089149
-0.00141206
0.00142198
0.00111134
0.00072544
-0.00366184
0.00033384
0.00142340
0.00160422
0.00031674
0.00111931
0.00046775
0.00125934
0.00269100
-0.00014735
0.00122596
0.00270840
0.00057188
-0.00122305
0.00079843
0.00131951
0.00226214
-0.02882849
0.00029651
0.00017426
0.00049538
0.00079582
-0.00044482
0.00206351
-0.00251846
0.00215147
-0.00118244
0.00055096
0.00101591
0.00061859
0.00194932
0.00190738
0.00140648
0.00018451
-0.00176759
-0.00049022
0.00049844
-0.00040435
0.00156248
-0.00057407
-0.00063909
0.00080503
0.00044022
-0.00028009
0.00040758
-0.00177672
-0.00074701
0.00049264
0.00046488
-0.00111820
-0.00057613
-0.00072353
-0.00035076
0.00364490
0.00048941
0.00213106
-0.00006452
0.00059032
0.00083786
-0.00096025
-0.00237697
0.00146998
0.00152184
0.00004939
-0.00415901
-0.00019666
0.00076583
0.00287945
0.00109273
-0.00003068
0.00036795
0.00047079
0.00188013
0.00075543
0.00120449
0.00215666
0.00161334
-0.00085154
0.00004986
0.00058142
0.00279578
-0.02342499
0.00067928
-0.00072120
0.00052283
0.00057113
-0.00054729
0.00171795
-0.00314124
0.00168032
-0.00204000
0.00049446
0.00026427
-0.00030866
0.00227246
0.00185690
0.00147468
0.00058184
-0.00119789
-0.00021769
0.00043816
-0.00029756
0.00102941
-0.00091806
-0.00006429
0.00059170
0.00137279
-0.00146046
0.00103668
-0.00115073
-0.00064328
0.00003615
0.00076275
-0.00082602
0.00021588
-0.00008183
0.00023928
0.00300280
0.00034187
0.00240358
-0.00033285
0.00078596
0.00062092
-0.00130104
-0.00225941
0.00132264
0.00168917
-0.00033308
-0.00334274
-0.00001579
0.00232498
0.00239385
0.00068048
0.00011445
0.00036255
0.00129085
0.00273848
0.00115782
0.00108016
0.00210350
0.00138556
-0.00094838
0.00047405
0.00028942
0.00271260
-0.02841744
0.00099631
-0.00088770
-0.00056714
0.00078673
-0.00088699
0.00196616
-0.00379743
0.00174308
-0.00158294
-0.00004727
0.00071256
-0.00060009
0.00258552
0.00143405
0.00131011
0.00044901
-0.00130090
-0.00038099
0.00030094
-0.00026348
0.00201976
-0.00087989
0.00075492
0.00083522
0.00177178
-0.00092119
0.00058650
-0.00149720
-0.00088716
-0.00049955
0.00079454
-0.00049163
-0.00043652
0.00044860
0.00001051
0.00328260
0.00152199
0.00148229
-0.00037781
0.00117986
0.00060236
0.00009553
-0.00185576
0.00191429
0.00168664
-0.00045866
0.00297802
-0.00032254
0.00159201
0.00261506
0.00049898
0.00128022
0.00003824
0.00178162
0.00165141
0.00107598
0.00096371
0.00126102
0.00022904
-0.00028639
0.00135117
-0.00055671
0.00283100
-0.04372094
-0.00027963
-0.00183680
0.00002732
-0.00002123
-0.00183085
-0.00097081
-0.00308391
0.00047857
-0.00088238
-0.00065082
0.00119973
-0.00056368
0.00120218
0.00092286
0.00069100
0.00047348
-0.00157352
-0.00065081
0.00030059
0.00042514
0.00172686
-0.00040663
0.00029208
0.00038392
0.00284346
-0.00209853
-0.00008193
0.00028329
-0.00074388
0.00093060
0.00110192
0.00152806
-0.00081552
0.00075870
0.00020073
0.00223057
0.00043452
0.00142671
-0.00114054
0.00101301
0.00019652
-0.00067279
-0.00167516
0.00131736
0.00147179
-0.00056854
-0.00086034
-0.00072337
0.00201927
0.00218655
0.00086868
-0.00029922
-0.00029750
0.00193146
0.00175704
0.00118413
0.00087248
0.00135338
0.00046667
-0.00061124
0.00042907
0.00008557
0.00294762
-0.03326883
-0.00059807
-0.00106883
0.00021706
0.00048966
-0.00108451
0.00124900
-0.00208104
0.00154453
-0.00136584
0.00002459
0.00076669
-0.00104134
0.00119040
0.00138271
0.00080228
-0.00064381
-0.00211138
-0.00079145
0.00061291
-0.00050575
0.00120844
-0.00068990
0.00138045
0.00021738
0.00140979
-0.00136575
-0.00030574
-0.00118377
-0.00113466
-0.00013536
0.00065821
-0.00015768
-0.00088790
0.00117718
0.00042483
0.00170163
0.00029299
0.00121398
-0.00120549
0.00012264
0.00061049
-0.00055910
-0.00135724
0.00135054
0.00125511
-0.00061196
-0.00049372
-0.00048090
0.00166934
0.00246481
0.00055193
0.00006906
0.00002857
0.00154178
0.00189075
0.00101831
0.00076285
0.00122555
0.00071356
-0.00033115
-0.00017093
0.00035762
0.00250535
-0.03608401
0.00010333
-0.00102188
-0.00028413
0.00042722
-0.00060279
0.00123736
-0.00201651
0.00168378
-0.00131434
-0.00032208
0.00057981
-0.00115515
0.00146781
0.00045251
0.00080050
-0.00038952
-0.00209750
-0.00078257
0.00121552
-0.00088259
0.00121759
-0.00106966
0.00110632
0.00090374
0.00154051
-0.00127194
0.00000724
-0.00172834
-0.00065705
-0.00038586
0.00069892
0.00005898
-0.00077159
0.00113801
0.00027650
0.00115408
-0.00004367
0.00108066
-0.00130888
-0.00027290
0.00062196
-0.00021350
-0.00122829
0.00126530
0.00086061
-0.00006266
-0.00203227
-0.00097181
0.00145631
0.00244757
0.00046340
-0.00030517
0.00025620
0.00125532
0.00216315
0.00098118
0.00118087
0.00145727
0.00102608
-0.00032588
0.00003736
-0.00000479
0.00263433
-0.03505374
0.00013648
-0.00095266
-0.00034484
0.00065174
-0.00030531
0.00196408
-0.00160196
0.00156159
-0.00106385
0.00009500
0.00032134
-0.00109601
0.00110811
0.00057121
0.00123718
-0.00039822
-0.00152595
-0.00062256
0.00108247
-0.00070938
0.00181193
-0.00141159
0.00072879
0.00100680
0.00157053
-0.00135191
-0.00021980
-0.00191962
-0.00015388
-0.00012285
0.00071077
-0.00020826
-0.00116344
0.00126411
0.00102989
0.00118888
-0.00039023
0.00114955
-0.00102761
-0.00012653
0.00055764
-0.00043019
-0.00156294
0.00147958
0.00064684
-0.00028819
-0.00133667
-0.00123665
0.00150275
0.00242581
0.00030777
-0.00025361
0.00065918
0.00160409
0.00159043
0.00127470
0.00125091
0.00118361
0.00107932
-0.00011703
-0.00011588
-0.00012690
0.00230855
-0.03305665
0.00031824
-0.00116983
-0.00052854
0.00027422
-0.00042713
0.00192363
-0.00162584
0.00213353
-0.00113349
-0.00016281
0.00031070
-0.00124020
0.00097875
0.00094548
0.00124915
0.00000202
-0.00132573
-0.00097562
0.00080107
-0.00039098
0.00144236
-0.00102823
0.00036634
0.00059370
0.00139901
-0.00064788
-0.00035389
-0.00165860
0.00045077
-0.00033449
0.00114281
0.00020088
-0.00113503
0.00132966
0.00096681
0.00094145
-0.00067248
0.00116948
-0.00092324
-0.00008819
0.00042526
-0.00050012
-0.00136938
0.00134821
0.00076658
-0.00036976
-0.00130818
-0.00158092
0.00145877
0.00242135
0.00054309
-0.00014469
0.00075394
0.00119061
0.00155208
0.00124508
0.00144193
0.00121160
0.00112938
-0.00019252
-0.00042728
-0.00016563
0.00250300
-0.03246043
0.00038307
-0.00113824
-0.00089252
0.00035504
-0.00057777
0.00169843
-0.00144397
0.00215700
-0.00093847
-0.00020645
0.00040119
-0.00074408
0.00111947
0.00131058
0.00127855
0.00031079
-0.00124015
-0.00122787
0.00080166
-0.00019169
0.00130539
-0.00122251
0.00023933
0.00077478
0.00139777
-0.00051652
-0.00027655
-0.00146019
0.00060126
-0.00005129
0.00155258
0.00014590
-0.00087617
0.00111845
0.00051447
0.00062234
-0.00045220
0.00116663
-0.00051504
-0.00007617
0.00036109
-0.00054391
-0.00100696
0.00102198
0.00075671
-0.00023375
-0.00128326
-0.00135674
0.00164358
0.00242953
0.00073398
-0.00005504
0.00096349
0.00071433
0.00146743
0.00080336
0.00164299
0.00108025
0.00125801
-0.00024789
-0.00032044
-0.00024582
0.00235495
-0.03342352
0.00040979
-0.00097498
-0.00112393
0.00002094
-0.00031207
0.00195477
-0.00140846
0.00216245
-0.00078971
-0.00042270
0.00022193
-0.00097152
0.00123036
0.00126018
0.00136750
0.00010613
-0.00162549
-0.00143888
0.00064753
-0.00031804
0.00109660
-0.00116561
0.00021519
0.00099909
0.00169940
-0.00062301
-0.00018016
-0.00150152
0.00046855
-0.00010051
0.00138369
0.00001590
-0.00058163
0.00090087
0.00071041
0.00031401
-0.00036596
0.00107115
-0.00076002
0.00039432
0.00032414
-0.00075847
-0.00085973
0.00092192
0.00053317
-0.00006574
-0.00095282
-0.00121919
0.00152631
0.00223453
0.00118533
-0.00005504
0.00107776
0.00041606
0.00147186
0.00059115
0.00159328
0.00129694
0.00108586
-0.00033502
-0.00023865
-0.00018896
0.00221686
-0.03474917
0.00047008
-0.00101140
-0.00103481
-0.00027071
-0.00017682
0.00187891
-0.00133249
0.00213811
-0.00085187
-0.00019558
0.00031240
-0.00116651
0.00158827
0.00111081
0.00141280
0.00022426
-0.00149754
-0.00155324
0.00073632
-0.00030722
0.00087535
-0.00105402
0.00040048
0.00109628
0.00192339
-0.00076759
-0.00007432
-0.00143400
0.00038181
-0.00025035
0.00153060
-0.00006706
-0.00029620
0.00089362
0.00106383
0.00033221
-0.00070623
0.00142496
-0.00106365
0.00017061
0.00025602
-0.00067714
-0.00126440
0.00087300
0.00033128
-0.00016703
-0.00127726
-0.00096298
0.00153861
0.00217362
0.00088826
-0.00039588
0.00087828
0.00038487
0.00166636
0.00091714
0.00173341
0.00143857
0.00113606
-0.00053256
-0.00028122
-0.00070180
0.00247550
-0.03600711
0.00050246
-0.00098175
-0.00087983
-0.00038172
0.00008423
0.00172685
-0.00163112
0.00187237
-0.00063164
-0.00010408
0.00046474
-0.00106577
0.00173991
0.00141681
0.00145655
-0.00000964
-0.00132014
-0.00157858
0.00093159
0.00007450
0.00102899
-0.00111518
0.00074713
0.00126893
0.00212446
-0.00076170
-0.00031994
-0.00191957
0.00061346
-0.00037940
0.00114531
0.00006120
-0.00008075
0.00099244
0.00090298
0.00011577
-0.00056206
0.00128094
-0.00098690
0.00054810
-0.00008259
-0.00060173
-0.00096472
0.00083795
0.00059797
-0.00016388
-0.00064404
-0.00104086
0.00141420
0.00174807
0.00109220
-0.00047254
0.00065821
0.00042867
0.00148955
0.00077244
0.00138198
0.00138717
0.00090121
-0.00035524
-0.00021473
-0.00054919
0.00213602
-0.03513733
0.00066219
-0.00081014
-0.00092224
-0.00023214
0.00020181
0.00182603
-0.00131668
0.00172876
-0.00045683
0.00018409
0.00044568
-0.00116379
0.00146209
0.00145367
0.00150594
0.00031645
-0.00152393
-0.00141637
0.00090262
0.00018158
0.00094074
-0.00118907
0.00118347
0.00138054
0.00198288
-0.00077816
-0.00007778
-0.00149967
0.00051047
-0.00023699
0.00132189
0.00019310
-0.00021439
0.00077350
0.00093051
-0.00005986
-0.00060481
0.00117763
-0.00114285
0.00065432
0.00003895
-0.00080206
-0.00108176
0.00081881
0.00074954
-0.00042072
-0.00096377
-0.00126591
0.00153313
0.00166373
0.00099303
-0.00067652
0.00097854
0.00059410
0.00169351
0.00060542
0.00170688
0.00133938
0.00128610
-0.00042031
-0.00040625
-0.00062235
0.00250888
-0.03422212
0.00068691
-0.00044353
-0.00125534
-0.00008484
0.00029925
0.00192793
-0.00146379
0.00141169
-0.00042564
0.00005813
0.00058607
-0.00132900
0.00143898
0.00157799
0.00147621
0.00022763
-0.00170417
-0.00139403
0.00099636
0.00013877
0.00108986
-0.00111743
0.00111587
0.00145334
0.00209944
-0.00085992
-0.00019869
-0.00147072
0.00058296
-0.00017221
0.00146917
0.00004445
-0.00009052
0.00081629
0.00147434
0.00010696
0.00006659
0.00150663
-0.00093834
0.00074491
-0.00015391
-0.00036158
-0.00117558
0.00144986
0.00174058
-0.00030426
0.00407081
-0.00190621
0.00121619
0.00091566
0.00011581
-0.00015952
0.00038111
0.00135928
0.00194512
0.00043165
0.00151695
0.00094539
0.00037293
-0.00058428
-0.00004133
-0.00078942
0.00232356
-0.04497970
-0.00051764
-0.00072787
-0.00074866
0.00051614
-0.00032021
-0.00051766
-0.00101480
0.00049352
0.00037641
-0.00051197
0.00048717
-0.00121830
0.00025800
0.00116411
0.00140485
0.00020663
-0.00192435
-0.00151305
0.00095583
0.00108590
0.00151670
-0.00101657
0.00106243
0.00079979
0.00197938
-0.00137117
-0.00022850
0.00027222
0.00062408
0.00127280
0.00157059
0.00133148
-0.00069928
0.00087442
0.00094079
0.00020968
-0.00049236
0.00115545
-0.00081213
0.00080452
-0.00015761
-0.00075728
-0.00090310
0.00115584
0.00084840
-0.00029668
-0.00036617
-0.00137023
0.00148752
0.00154464
0.00067651
-0.00035241
0.00088613
0.00059559
0.00191245
0.00042923
0.00145559
0.00140454
0.00086217
-0.00035836
-0.00017520
-0.00075492
0.00253828
-0.03777363
0.00051192
-0.00071988
-0.00101407
-0.00020263
0.00013263
0.00140909
-0.00142815
0.00102849
-0.00006472
-0.00022306
0.00050693
-0.00099892
0.00111847
0.00145154
0.00135381
0.00009133
-0.00155696
-0.00141351
0.00089775
0.00007423
0.00107466
-0.00107269
0.00090939
0.00131701
0.00173795
-0.00083223
-0.00039890
-0.00124310
0.00059083
0.00011244
0.00147552
0.00039889
-0.00015012
0.00083305
0.00084881
0.00018539
-0.00044295
0.00103391
-0.00076743
0.00074860
-0.00029698
-0.00088006
-0.00067783
0.00099184
0.00064582
-0.00040762
-0.00068775
-0.00148453
0.00168458
0.00151920
0.00071067
-0.00055948
0.00104234
0.00047333
0.00197011
0.00028557
0.00137003
0.00121767
0.00117725
-0.00032293
-0.00013960
-0.00067500
0.00268563
-0.03564195
0.00060567
-0.00066048
-0.00091290
-0.00006124
0.00046919
0.00130795
-0.00140800
0.00112705
0.00000870
-0.00014234
0.00029911
-0.00089212
0.00106744
0.00141504
0.00134837
-0.00006523
-0.00150640
-0.00149863
0.00095225
-0.00008673
0.00080262
-0.00096785
0.00079497
0.00145526
0.00182064
-0.00094224
-0.00000645
-0.00123748
0.00041382
-0.00021177
0.00132549
0.00016509
-0.00013928
0.00070934
0.00099141
0.00012222
-0.00058652
0.00111242
-0.00082435
0.00100181
-0.00005856
-0.00073309
-0.00089508
0.00105738
0.00048742
-0.00055333
-0.00053986
-0.00161105
0.00160794
0.00135780
0.00064950
-0.00060394
0.00101947
0.00067921
0.00200407
0.00049581
0.00145631
0.00109303
0.00121587
-0.00054046
-0.00035814
-0.00055557
0.00277343
-0.03531437
0.00075970
-0.00066127
-0.00104067
0.00001275
0.00052201
0.00136801
-0.00143249
0.00095450
0.00018135
-0.00032510
0.00004994
-0.00056736
0.00085820
0.00127910
0.00132532
0.00012050
-0.00145434
-0.00169943
0.00092606
-0.00030695
0.00098719
-0.00092067
0.00091657
0.00145200
0.00189688
-0.00087946
-0.00010594
-0.00118713
0.00072084
-0.00025627
0.00116593
0.00015535
0.00002691
0.00070489
0.00103635
0.00008040
-0.00068547
0.00151185
-0.00113646
0.00091583
0.00011554
-0.00074322
-0.00068108
0.00091675
0.00034776
-0.00058450
-0.00099200
-0.00138494
0.00155703
0.00135576
0.00093019
-0.00053568
0.00092975
0.00053741
0.00220815
0.00028486
0.00157902
0.00123912
0.00160448
-0.00061595
-0.00082205
-0.00046688
0.00246495
-0.03355707
0.00076585
-0.00062024
-0.00099990
0.00032186
0.00057130
0.00099577
-0.00132395
0.00078411
0.00002093
-0.00059129
0.00014705
-0.00064884
0.00056401
0.00107467
0.00147785
0.00019241
-0.00155048
-0.00170928
0.00070236
-0.00042393
0.00102185
-0.00071182
0.00093847
0.00168883
0.00196349
-0.00099687
-0.00028214
-0.00121163
0.00065105
-0.00022326
0.00112783
0.00008704
0.00006377
0.00079404
0.00108650
0.00034348
-0.00040868
0.00129827
-0.00110073
0.00113266
0.00010211
-0.00032466
-0.00071895
0.00125913
0.00038367
-0.00067874
0.00063929
-0.00170695
0.00140978
0.00127085
0.00062271
-0.00031813
0.00079347
0.00100894
0.00210020
0.00039187
0.00151696
0.00097561
0.00127792
-0.00047964
-0.00052359
-0.00069278
0.00266113
-0.03722453
0.00040689
-0.00088511
-0.00080270
0.00037157
0.00026417
0.00011714
-0.00117720
0.00026864
0.00038647
-0.00076089
0.00019220
-0.00041373
-0.00013024
0.00097527
0.00127465
0.00023282
-0.00150401
-0.00171303
0.00064556
-0.00025670
0.00121069
-0.00055282
0.00078506
0.00142809
0.00210886
-0.00128175
-0.00054029
-0.00058453
0.00079586
0.00026461
0.00114367
0.00068775
-0.00024855
0.00091244
0.00120513
0.00022483
-0.00040283
0.00135336
-0.00119217
0.00095923
0.00019385
-0.00043047
-0.00056802
0.00075927
0.00061731
-0.00049844
-0.00002129
-0.00144993
0.00129231
0.00125424
0.00095354
-0.00035390
0.00093532
0.00084554
0.00189980
0.00031556
0.00150459
0.00104721
0.00128614
-0.00048317
-0.00049326
-0.00068594
0.00249833
-0.03413888
0.00044278
-0.00070938
-0.00073968
0.00024446
0.00047157
0.00061809
-0.00111192
0.00053648
-0.00007524
-0.00077550
0.00021841
-0.00050971
0.00036595
0.00107848
0.00129383
0.00009227
-0.00152927
-0.00164983
0.00060516
-0.00018001
0.00114158
-0.00050993
0.00067463
0.00169549
0.00185107
-0.00114060
-0.00013872
-0.00089187
0.00045982
0.00009690
0.00098884
0.00033454
0.00008850
0.00070340
0.00117064
0.00008265
-0.00029344
0.00129261
-0.00102296
0.00091965
0.00031945
-0.00035290
-0.00045297
0.00066881
0.00047743
-0.00071920
-0.00016006
-0.00148427
0.00122948
0.00114704
0.00095363
-0.00043846
0.00115215
0.00042705
0.00180751
0.00015419
0.00144713
0.00090916
0.00132192
-0.00034295
-0.00081523
-0.00069473
0.00249330
-0.03467091
0.00035595
-0.00056060
-0.00081749
0.00020757
0.00038936
0.00032594
-0.00128454
0.00030718
0.00013534
-0.00101944
0.00021522
-0.00038561
0.00037983
0.00095138
0.00114002
0.00022009
-0.00129929
-0.00169776
0.00051866
-0.00010105
0.00121691
-0.00058430
0.00074241
0.00155405
0.00189291
-0.00128781
-0.00037589
-0.00083230
0.00067495
-0.00003355
0.00073779
0.00033790
0.00022213
0.00076336
0.00124404
0.00037682
-0.00011277
0.00112119
-0.00104230
0.00110467
0.00024133
-0.00001455
-0.00052503
0.00102773
0.00056520
-0.00063829
0.00133847
-0.00174858
0.00110827
0.00112149
0.00067466
-0.00019599
0.00092209
0.00102707
0.00174841
0.00031392
0.00142048
0.00077211
0.00096823
-0.00029152
-0.00036751
-0.00089665
0.00265469
-0.03793322
0.00006351
-0.00086879
-0.00057990
0.00024435
0.00017217
-0.00029687
-0.00103758
-0.00002916
0.00037468
-0.00101767
0.00026545
-0.00022602
-0.00023409
0.00095223
0.00104019
0.00017827
-0.00135514
-0.00167015
0.00053532
0.00001547
0.00134205
-0.00042808
0.00055426
0.00139212
0.00196193
-0.00144529
-0.00049357
-0.00032875
0.00069991
0.00048937
0.00087816
0.00085826
-0.00012412
0.00082948
0.00120641
0.00027247
-0.00023713
0.00130248
-0.00101812
0.00108000
0.00030280
0.00001269
-0.00055697
0.00070104
0.00081574
-0.00078600
0.00011412
-0.00149936
0.00112746
0.00120221
0.00088750
-0.00034236
0.00100928
0.00058159
0.00169879
0.00039371
0.00126072
0.00058374
0.00099083
-0.00046568
-0.00066439
-0.00083301
0.00232950
-0.03605667
0.00000441
-0.00082420
-0.00054775
0.00012099
0.00023179
-0.00012509
-0.00096638
0.00028841
0.00006221
-0.00099797
0.00020387
-0.00033322
0.00031740
0.00076367
0.00113311
-0.00010026
-0.00134988
-0.00190054
0.00066380
0.00002822
0.00119848
-0.00042999
0.00079462
0.00141843
0.00173698
-0.00149195
-0.00011961
-0.00064184
0.00032024
0.00019688
0.00060961
0.00043642
0.00015923
0.00076825
0.00129640
0.00031500
-0.00047455
0.00128667
-0.00102975
0.00093267
0.00027156
-0.00017547
-0.00064027
0.00050903
0.00077812
-0.00103117
-0.00019628
-0.00167837
0.00095907
0.00124861
0.00100663
-0.00036746
0.00091996
0.00041387
0.00153300
0.00034104
0.00119914
0.00055269
0.00115076
-0.00039669
-0.00069867
-0.00085628
0.00242128
-0.03472021
0.00012246
-0.00086429
-0.00072128
0.00005826
0.00033426
0.00041212
-0.00092909
0.00031445
-0.00010733
-0.00102789
0.00030134
-0.00042010
0.00045163
0.00061488
0.00115510
0.00002057
-0.00127409
-0.00187872
0.00048846
0.00005135
0.00121445
-0.00062906
0.00057918
0.00144610
0.00164736
-0.00128890
-0.00014404
-0.00074269
0.00051675
0.00010912
0.00053087
0.00016386
0.00025276
0.00069118
0.00144212
0.00059326
-0.00054234
0.00113415
-0.00107357
0.00103048
0.00014011
-0.00005782
-0.00082884
0.00075973
0.00080821
-0.00114432
0.00089288
-0.00206261
0.00079103
0.00129202
0.00081286
-0.00021549
0.00067758
0.00085693
0.00142478
0.00052997
0.00118584
0.00041603
0.00097283
-0.00030966
-0.00034090
-0.00110434
0.00265115
-0.03690585
0.00001487
-0.00119154
-0.00074389
0.00005688
0.00020410
0.00018940
-0.00073651
0.00002957
0.00006554
-0.00102195
0.00041530
-0.00037594
0.00000180
0.00054615
0.00108305
0.00011792
-0.00126461
-0.00184909
0.00041439
0.00018648
0.00138569
-0.00063460
0.00030680
0.00131471
0.00174043
-0.00128490
-0.00029570
-0.00035748
0.00074665
0.00052202
0.00067395
0.00051493
-0.00002826
0.00073008
0.00139250
0.00032198
-0.00030654
0.00113155
-0.00091866
0.00096965
0.00022311
-0.00005397
-0.00071004
0.00047012
0.00088185
-0.00102481
0.00048022
-0.00170764
0.00103094
0.00115152
0.00104406
-0.00023029
0.00094515
0.00050027
0.00157988
0.00045749
0.00117995
0.00043453
0.00079011
-0.00055577
-0.00047628
-0.00087501
0.00245854
-0.03562745
-0.00006580
-0.00092015
-0.00072887
0.00003422
0.00008829
0.00006392
-0.00087755
0.00044546
0.00004233
-0.00121657
0.00042321
-0.00064173
0.00038446
0.00055173
0.00109013
0.00002582
-0.00147927
-0.00164899
0.00056868
0.00023705
0.00110335
-0.00076925
0.00055356
0.00125539
0.00139736
-0.00114477
-0.00014914
-0.00068349
0.00057489
0.00048272
0.00054789
0.00039073
0.00023970
0.00066495
0.00134146
0.00031585
-0.00046445
0.00111786
-0.00080060
0.00079998
0.00022032
-0.00023368
-0.00081568
0.00053775
0.00090412
-0.00098230
0.00053646
-0.00145559
0.00086754
0.00108281
0.00112865
-0.00020436
0.00089344
0.00066032
0.00153021
0.00057614
0.00124586
0.00058582
0.00074276
-0.00076722
-0.00031340
-0.00080144
0.00248434
-0.03491899
0.00011361
-0.00089367
-0.00084275
0.00011319
0.00016959
0.00022529
-0.00089067
0.00031050
0.00001430
-0.00105435
0.00028936
-0.00077846
0.00022818
0.00060417
0.00117386
0.00000237
-0.00147909
-0.00159394
0.00064090
0.00036383
0.00104575
-0.00081507
0.00039976
0.00117867
0.00144524
-0.00117937
-0.00019329
-0.00069804
0.00055298
0.00038401
0.00058760
0.00035890
0.00011227
0.00058281
0.00139378
0.00044785
-0.00046702
0.00093084
-0.00078323
0.00086769
0.00011895
-0.00010832
-0.00090190
0.00078797
0.00091893
-0.00101492
0.00158743
-0.00163297
0.00071362
0.00101787
0.00097258
-0.00005234
0.00071338
0.00110025
0.00145764
0.00069037
0.00124618
0.00052497
0.00052738
-0.00078059
0.00003801
-0.00093219
0.00265879
-0.03698454
0.00006290
-0.00108483
-0.00083387
0.00014429
0.00010331
0.00000280
-0.00069959
0.00000696
0.00020487
-0.00097649
0.00033200
-0.00077158
-0.00026214
0.00058064
0.00114474
0.00002536
-0.00153550
-0.00154059
0.00068144
0.00048467
0.00110788
-0.00080631
0.00021913
0.00108395
0.00153363
-0.00124335
-0.00034599
-0.00039056
0.00067894
0.00069161
0.00072120
0.00066773
-0.00016703
0.00059556
0.00139680
0.00037881
-0.00032790
0.00108183
-0.00082785
0.00087543
0.00018331
-0.00005490
-0.00084818
0.00068341
0.00086123
-0.00099857
0.00119039
-0.00166287
0.00079379
0.00108248
0.00108906
-0.00003807
0.00067750
0.00093865
0.00163783
0.00051569
0.00132048
0.00048924
0.00067197
-0.00066470
-0.00001453
-0.00096561
0.00251558
-0.03763116
0.00012729
-0.00108717
-0.00088647
0.00014249
0.00020642
0.00004336
-0.00088214
0.00008974
0.00012228
-0.00097148
0.00025649
-0.00076186
-0.00009160
0.00053538
0.00120394
0.00005553
-0.00145676
-0.00152384
0.00063988
0.00044840
0.00112230
-0.00076670
0.00018978
0.00116044
0.00152441
-0.00123556
-0.00030613
-0.00050988
0.00067564
0.00061389
0.00058398
0.00061915
-0.00008796
0.00055016
0.00124376
0.00042723
-0.00007094
0.00104843
-0.00076441
0.00082230
0.00026200
0.00007641
-0.00073410
0.00069495
0.00106653
-0.00095361
0.00181530
-0.00157808
0.00079545
0.00110241
0.00097661
0.00013750
0.00063874
0.00092234
0.00146137
0.00027923
0.00116778
0.00046600
0.00056716
-0.00057365
0.00000298
-0.00094986
0.00234755
-0.03825526
-0.00003679
-0.00102541
-0.00059841
0.00016707
0.00013283
0.00003281
-0.00092250
0.00035905
-0.00002824
-0.00109937
0.00041647
-0.00062649
0.00013093
0.00061694
0.00101879
0.00003516
-0.00161458
-0.00154382
0.00051718
0.00059398
0.00100272
-0.00055345
0.00026861
0.00118152
0.00161354
-0.00135094
-0.00021977
-0.00047026
0.00048218
0.00064492
0.00052302
0.00065108
-0.00009296
0.00054603
0.00121506
0.00040975
-0.00028751
0.00106238
-0.00065574
0.00066042
0.00025385
-0.00009042
-0.00078791
0.00060693
0.00105709
-0.00097972
0.00097920
-0.00165154
0.00063688
0.00121474
0.00105560
-0.00005583
0.00081139
0.00083979
0.00155917
0.00021808
0.00126920
0.00046966
0.00070063
-0.00064120
-0.00023101
-0.00098640
0.00236286
-0.03701696
0.00022889
-0.00088232
-0.00074245
0.00022466
0.00021199
0.00034460
-0.00099510
0.00038652
0.00016567
-0.00092759
0.00033749
-0.00065804
0.00025721
0.00047028
0.00104425
0.00008584
-0.00151856
-0.00149432
0.00041707
0.00051359
0.00093249
-0.00052035
0.00025651
0.00110855
0.00157151
-0.00120739
-0.00025997
-0.00042974
0.00054920
0.00047536
0.00044219
0.00052570
0.00001790
0.00059138
0.00112097
0.00033353
-0.00039400
0.00120389
-0.00059690
0.00062805
0.00019652
-0.00012196
-0.00104489
0.00053127
0.00093911
-0.00086655
0.00102225
-0.00157744
0.00062375
0.00127221
0.00108759
-0.00009526
0.00086248
0.00069622
0.00140778
0.00018049
0.00130168
0.00031102
0.00080783
-0.00078483
-0.00024799
-0.00098472
0.00233588
-0.03644604
0.00020502
-0.00088189
-0.00072478
0.00029521
0.00023390
0.00051326
-0.00085570
0.00058389
-0.00008261
-0.00073572
0.00029403
-0.00070605
0.00035159
0.00048538
0.00095436
0.00005892
-0.00145632
-0.00143427
0.00032696
0.00058016
0.00089703
-0.00047086
0.00017680
0.00103529
0.00151808
-0.00110578
-0.00015653
-0.00046112
0.00060103
0.00038698
0.00051740
0.00037277
0.00008007
0.00057362
0.00112814
0.00029249
-0.00053239
0.00123253
-0.00055361
0.00055362
0.00020486
-0.00012686
-0.00119134
0.00056970
0.00077564
-0.00090748
0.00092825
-0.00162973
0.00064093
0.00130159
0.00110613
-0.00013809
0.00087915
0.00071135
0.00160135
0.00027531
0.00148413
0.00029301
0.00094092
-0.00080606
-0.00018890
-0.00111372
0.00232217
-0.03679040
0.00024950
-0.00092943
-0.00087075
0.00029773
0.00036311
0.00042131
-0.00096510
0.00054095
0.00008490
-0.00072667
0.00021140
-0.00071237
0.00037217
0.00021786
0.00082274
0.00006886
-0.00148301
-0.00142124
0.00035357
0.00056024
0.00086249
-0.00050204
-0.00003561
0.00104114
0.00152499
-0.00112095
-0.00017509
-0.00038111
0.00065646
0.00024064
0.00049432
0.00037225
0.00011360
0.00055483
0.00111491
0.00035450
-0.00031709
0.00116259
-0.00053170
0.00057555
0.00011656
-0.00004579
-0.00117614
0.00068641
0.00078723
-0.00090765
0.00167145
-0.00155559
0.00068824
0.00125635
0.00093718
0.00005035
0.00079692
0.00083355
0.00159351
0.00028165
0.00143454
0.00038106
0.00080142
-0.00080814
0.00004821
-0.00116614
0.00225949
-0.03878198
0.00012005
-0.00097236
-0.00075402
0.00020430
0.00027550
0.00015927
-0.00096690
0.00032433
0.00017967
-0.00073285
0.00027974
-0.00073289
0.00027882
0.00023525
0.00085632
-0.00002111
-0.00148433
-0.00139493
0.00036759
0.00060622
0.00089357
-0.00050659
-0.00011965
0.00096141
0.00153254
-0.00116918
-0.00020337
-0.00021725
0.00057746
0.00035336
0.00051952
0.00061198
-0.00002115
0.00057551
0.00112911
0.00014091
-0.00032525
0.00124491
-0.00048228
0.00056825
0.00006212
-0.00010089
-0.00127282
0.00075314
0.00081760
-0.00084589
0.00105404
-0.00156999
0.00074399
0.00130685
0.00098461
0.00000691
0.00099439
0.00063991
0.00165626
0.00026603
0.00141447
0.00041648
0.00091026
-0.00080231
-0.00011102
-0.00110705
0.00219525
-0.03726781
0.00014246
-0.00091472
-0.00075753
0.00018770
0.00029180
0.00005691
-0.00096019
0.00029720
0.00027030
-0.00074513
0.00007932
-0.00080177
0.00040841
0.00028262
0.00088389
-0.00010138
-0.00141223
-0.00131648
0.00045968
0.00047288
0.00100413
-0.00046839
-0.00011440
0.00093730
0.00152496
-0.00115025
-0.00023174
-0.00038157
0.00050701
0.00024464
0.00053910
0.00044824
0.00004788
0.00053174
0.00123531
0.00036086
-0.00022844
0.00136711
-0.00041703
0.00048965
0.00012802
-0.00009480
-0.00133364
0.00085992
0.00070835
-0.00082358
0.00100017
-0.00161943
0.00061228
0.00127863
0.00089396
-0.00004583
0.00094919
0.00072545
0.00170448
0.00042739
0.00135358
0.00033814
0.00082124
-0.00075902
-0.00015123
-0.00122004
0.00233340
-0.03714763
0.00009146
-0.00091192
-0.00070837
0.00011911
0.00038359
0.00020500
-0.00089964
0.00023248
0.00028585
-0.00074987
0.00025971
-0.00079941
0.00037988
0.00025628
0.00085485
0.00004973
-0.00140631
-0.00119320
0.00056736
0.00048815
0.00108214
-0.00043095
-0.00021155
0.00094840
0.00154017
-0.00125623
-0.00029413
-0.00035524
0.00052223
0.00020569
0.00056024
0.00034201
-0.00001662
0.00043986
0.00132399
0.00043127
-0.00024767
0.00136598
-0.00031202
0.00045942
0.00015147
-0.00018527
-0.00145733
0.00090503
0.00052752
-0.00077027
0.00082469
-0.00159825
0.00060629
0.00129053
0.00084405
-0.00011205
0.00088285
0.00074272
0.00175733
0.00049333
0.00138128
0.00034480
0.00084805
-0.00075129
-0.00020610
-0.00131094
0.00232428
-0.03724825
0.00022875
-0.00084342
-0.00079023
0.00006091
0.00057643
0.00042802
-0.00100146
0.00011270
0.00033513
-0.00079013
0.00028764
-0.00073686
0.00040901
0.00015806
0.00083853
0.00016208
-0.00133967
-0.00110012
0.00058248
0.00043848
0.00117009
-0.00041847
-0.00033889
0.00104227
0.00151892
-0.00127655
-0.00036189
-0.00042453
0.00062520
0.00019139
0.00054790
0.00019894
0.00001933
0.00039371
0.00146629
0.00043060
-0.00013625
0.00136887
-0.00041463
0.00049082
0.00017811
-0.00014501
-0.00120450
0.00089112
0.00058765
-0.00083077
0.00089294
-0.00153059
0.00080341
0.00129242
0.00085885
-0.00010667
0.00083901
0.00067537
0.00172102
0.00044245
0.00139972
0.00027467
0.00077875
-0.00061334
-0.00014591
-0.00121791
0.00232265
-0.03725841
0.00025727
-0.00091969
-0.00071628
0.00007928
0.00050236
0.00060689
-0.00111606
0.00017423
0.00018648
-0.00082219
0.00035153
-0.00062179
0.00051246
0.00011338
0.00093945
0.00001745
-0.00136449
-0.00124681
0.00060805
0.00043631
0.00114122
-0.00033985
-0.00011439
0.00101470
0.00156885
-0.00145001
-0.00042548
-0.00052759
0.00057227
0.00019880
0.00058018
0.00030696
0.00010273
0.00044970
0.00199889
0.00066507
0.00010674
0.00174508
-0.00026929
0.00039187
0.00008908
-0.00009459
-0.00125639
0.00116724
0.00070931
-0.00073023
0.00295217
-0.00166804
0.00078121
0.00097530
0.00040674
0.00012688
0.00042249
0.00091181
0.00194748
0.00054171
0.00133642
0.00003798
0.00033253
-0.00076644
0.00015584
-0.00130544
0.00228581
-0.04196335
-0.00011695
-0.00122915
-0.00046528
0.00021278
0.00048195
0.00010490
-0.00095374
-0.00014409
0.00035264
-0.00105771
0.00032589
-0.00043107
0.00019481
-0.00034091
0.00103960
-0.00008400
-0.00136519
-0.00139384
0.00066876
0.00073148
0.00130972
-0.00029219
-0.00029645
0.00079346
0.00143025
-0.00170188
-0.00040026
-0.00002184
0.00063256
0.00060673
0.00059962
0.00068695
-0.00003547
0.00036402
0.00156639
0.00052127
0.00008632
0.00131886
-0.00033236
0.00055023
0.00012250
0.00000215
-0.00112309
0.00097384
0.00070343
-0.00070588
0.00202320
-0.00155225
0.00070341
0.00120111
0.00068695
0.00018456
0.00071957
0.00087587
0.00173468
0.00031733
0.00130552
0.00034364
0.00050502
-0.00055274
0.00009090
-0.00122196
0.00225271
-0.03997498
0.00006444
-0.00100040
-0.00047990
0.00007403
0.00020850
0.00023902
-0.00108926
0.00012235
0.00023438
-0.00086301
0.00041205
-0.00056997
0.00041712
0.00006160
0.00092628
-0.00009505
-0.00137020
-0.00122413
0.00062426
0.00054419
0.00113867
-0.00031450
-0.00012027
0.00090648
0.00146779
-0.00148389
-0.00048380
-0.00031259
0.00050470
0.00043550
0.00058678
0.00054429
-0.00006207
0.00048065
0.00146314
0.00053434
-0.00007358
0.00130071
-0.00021921
0.00042017
0.00002950
-0.00009115
-0.00117831
0.00094443
0.00058193
-0.00078664
0.00120329
-0.00157473
0.00068219
0.00115370
0.00069381
0.00002395
0.00080039
0.00066720
0.00169099
0.00039962
0.00146313
0.00037493
0.00070679
-0.00060081
-0.00017197
-0.00125294
0.00225371
-0.03805982
0.00030031
-0.00084420
-0.00054612
0.00011883
0.00030136
0.00038638
-0.00109418
0.00007909
0.00034661
-0.00091700
0.00028194
-0.00066098
0.00036456
0.00011669
0.00089096
-0.00004939
-0.00139267
-0.00111944
0.00069619
0.00045968
0.00113859
-0.00035194
-0.00003382
0.00091335
0.00133271
-0.00130837
-0.00048994
-0.00064012
0.00065892
0.00035508
0.00049641
0.00034155
-0.00011918
0.00046905
0.00145273
0.00053741
-0.00016738
0.00114743
-0.00023024
0.00048866
0.00001256
-0.00012524
-0.00123543
0.00104701
0.00061984
-0.00071825
0.00093804
-0.00162196
0.00078122
0.00123024
0.00066126
-0.00005404
0.00076772
0.00068342
0.00167595
0.00039506
0.00141975
0.00040197
0.00078796
-0.00069675
-0.00016780
-0.00126058
0.00226713
-0.03712866
0.00030883
-0.00090593
-0.00042580
0.00010700
0.00035388
0.00030356
-0.00116382
0.00006713
0.00045520
-0.00090990
0.00027863
-0.00069485
0.00026675
0.00019837
0.00074690
-0.00023326
-0.00147863
-0.00119272
0.00078155
0.00046902
0.00130662
-0.00043002
-0.00010968
0.00085612
0.00133924
-0.00122780
-0.00048319
-0.00062901
0.00060228
0.00039702
0.00032257
0.00028842
-0.00013000
0.00046132
0.00148524
0.00058340
-0.00034875
0.00115989
-0.00026670
0.00050418
0.00006138
-0.00019258
-0.00142532
0.00085616
0.00051140
-0.00078615
0.00061744
-0.00157226
0.00071304
0.00128878
0.00072400
-0.00012372
0.00078692
0.00061637
0.00168624
0.00053729
0.00142830
0.00038160
0.00087090
-0.00077691
-0.00027531
-0.00140301
0.00228497
-0.03673352
0.00038262
-0.00090475
-0.00048880
0.00009909
0.00050542
0.00076340
-0.00123214
0.00015299
0.00042995
-0.00087674
0.00030543
-0.00064653
0.00035621
0.00006713
0.00082115
-0.00025999
-0.00135231
-0.00125378
0.00086194
0.00043739
0.00140250
-0.00041493
-0.00006492
0.00094937
0.00131209
-0.00140397
-0.00040280
-0.00063711
0.00055604
0.00042360
0.00031422
0.00018999
-0.00012409
0.00047545
0.00144480
0.00052656
-0.00036703
0.00116949
-0.00028416
0.00054320
0.00005678
-0.00020876
-0.00154261
0.00091282
0.00051217
-0.00078711
0.00056850
-0.00145616
0.00077043
0.00136360
0.00068740
-0.00008324
0.00081217
0.00062146
0.00167706
0.00055947
0.00141731
0.00044260
0.00086017
-0.00080296
-0.00026322
-0.00144947
0.00217785
-0.03708264
0.00036844
-0.00089861
-0.00041144
0.00008060
0.00050213
0.00080960
-0.00130708
0.00013869
0.00037098
-0.00087035
0.00033077
-0.00055963
0.00036003
0.00006522
0.00091799
-0.00019690
-0.00127451
-0.00128872
0.00086267
0.00039845
0.00135967
-0.00036105
-0.00010233
0.00091371
0.00121802
-0.00147929
-0.00044928
-0.00067183
0.00059576
0.00050164
0.00027594
0.00020806
-0.00016707
0.00042450
0.00141889
0.00036839
-0.00027814
0.00118145
-0.00031915
0.00064241
0.00012689
-0.00014361
-0.00141111
0.00089477
0.00057121
-0.00071213
0.00086479
-0.00143900
0.00059921
0.00143811
0.00080190
-0.00001714
0.00067637
0.00068035
0.00162578
0.00058935
0.00130673
0.00042396
0.00073779
-0.00087964
-0.00015841
-0.00148741
0.00213848
-0.03760879
0.00025377
-0.00094887
-0.00037378
0.00013125
0.00050110
0.00047754
-0.00119129
0.00018760
0.00028532
-0.00079781
0.00036305
-0.00057547
0.00027024
0.00012220
0.00101995
-0.00020789
-0.00130797
-0.00127423
0.00087242
0.00051108
0.00140121
-0.00038279
-0.00007343
0.00096375
0.00123756
-0.00148696
-0.00038074
-0.00063810
0.00051578
0.00049731
0.00031063
0.00025465
-0.00017373
0.00043171
0.00156719
0.00044486
-0.00036676
0.00116358
-0.00027353
0.00065850
0.00010526
-0.00012239
-0.00161359
0.00095582
0.00042579
-0.00073465
0.00125568
-0.00147338
0.00046706
0.00148303
0.00072117
0.00003165
0.00055091
0.00077566
0.00160907
0.00078064
0.00130092
0.00028635
0.00066259
-0.00100727
-0.00003661
-0.00172336
0.00216994
-0.03851597
0.00023308
-0.00110433
-0.00031803
0.00016497
0.00061143
0.00052125
-0.00112460
0.00002853
0.00033888
-0.00078216
0.00042681
-0.00049792
0.00005689
-0.00010332
0.00102785
-0.00028317
-0.00122422
-0.00126921
0.00099275
0.00057726
0.00156986
-0.00034477
-0.00026390
0.00091149
0.00113719
-0.00165031
-0.00041148
-0.00052516
0.00058082
0.00067352
0.00028817
0.00030517
-0.00028533
0.00039594
0.00137506
0.00035975
-0.00020603
0.00125465
-0.00035243
0.00066040
0.00016310
-0.00003487
-0.00135210
0.00089290
0.00061129
-0.00066995
0.00099122
-0.00137119
0.00064743
0.00149017
0.00075825
0.00000951
0.00068661
0.00069588
0.00163765
0.00069178
0.00119266
0.00043758
0.00068796
-0.00091736
-0.00014387
-0.00152799
0.00210917
-0.03785774
0.00020986
-0.00085444
-0.00032517
0.00017533
0.00043513
0.00020169
-0.00122033
0.00021904
0.00029820
-0.00080774
0.00042313
-0.00051572
0.00033953
0.00022603
0.00088794
-0.00014718
-0.00134136
-0.00127862
0.00092661
0.00041924
0.00129439
-0.00033470
0.00002347
0.00109426
0.00128832
-0.00148375
-0.00038496
-0.00064303
0.00041730
0.00053207
0.00037723
0.00025953
-0.00017512
0.00049965
0.00154545
0.00045487
-0.00029148
0.00126550
-0.00029432
0.00066896
0.00015438
0.00000784
-0.00157460
0.00094748
0.00044330
-0.00069236
0.00143895
-0.00140309
0.00052715
0.00153249
0.00065658
0.00005775
0.00057636
0.00080485
0.00159630
0.00091092
0.00118020
0.00027348
0.00061074
-0.00104387
-0.00003020
-0.00176928
0.00214529
-0.03871324
0.00019817
-0.00098783
-0.00027142
0.00018609
0.00054505
0.00027798
-0.00115067
0.00009889
0.00035081
-0.00079361
0.00050782
-0.00043049
0.00016340
0.00000201
0.00085629
-0.00018457
-0.00127328
-0.00128169
0.00103833
0.00047090
0.00142601
-0.00026892
-0.00015795
0.00106411
0.00121990
-0.00162186
-0.00042410
-0.00052378
0.00049306
0.00069084
0.00038250
0.00029769
-0.00026574
0.00047150
0.00149956
0.00039507
-0.00019604
0.00131012
-0.00033768
0.00067075
0.00016612
0.00002189
-0.00149026
0.00091366
0.00047223
-0.00068816
0.00117361
-0.00144245
0.00058375
0.00153539
0.00075684
0.00005612
0.00056253
0.00075289
0.00170924
0.00076052
0.00124734
0.00030871
0.00068882
-0.00093783
-0.00002594
-0.00172058
0.00209392
-0.03896695
0.00026305
-0.00097568
-0.00035431
0.00019224
0.00056506
0.00026566
-0.00125903
0.00012614
0.00031827
-0.00076608
0.00042043
-0.00048572
0.00023277
0.00006852
0.00091199
-0.00014034
-0.00125764
-0.00124075
0.00098357
0.00047022
0.00139630
-0.00028561
-0.00015181
0.00108768
0.00125894
-0.00156775
-0.00042485
-0.00060361
0.00051060
0.00063205
0.00032258
0.00030630
-0.00023986
0.00044688
0.00132524
0.00039026
0.00004342
0.00127719
-0.00037543
0.00064945
0.00009129
0.00021617
-0.00125922
0.00093161
0.00065468
-0.00072862
0.00141615
-0.00140015
0.00061399
0.00146588
0.00081187
0.00018330
0.00064784
0.00080585
0.00155960
0.00070977
0.00111947
0.00041177
0.00056165
-0.00077310
0.00014915
-0.00156013
0.00207137
-0.03944789
0.00012691
-0.00093950
-0.00032094
0.00014029
0.00033968
0.00003454
-0.00132657
0.00025100
0.00019494
-0.00077334
0.00050330
-0.00055374
0.00015792
0.00023815
0.00088690
-0.00014478
-0.00133620
-0.00117393
0.00096467
0.00051656
0.00122185
-0.00030184
-0.00010178
0.00110429
0.00128916
-0.00159481
-0.00045103
-0.00057399
0.00049844
0.00057320
0.00048664
0.00028074
-0.00030212
0.00043320
0.00135362
0.00031227
-0.00000950
0.00135417
-0.00033716
0.00067683
0.00006281
0.00015936
-0.00135050
0.00087411
0.00066215
-0.00073381
0.00150389
-0.00146718
0.00057557
0.00143919
0.00091751
0.00020032
0.00060275
0.00072903
0.00156342
0.00073254
0.00099085
0.00040514
0.00055715
-0.00083333
0.00004253
-0.00152766
0.00218729
-0.03869951
0.00017686
-0.00092085
-0.00031599
0.00010046
0.00024564
0.00016142
-0.00133145
0.00023636
0.00016984
-0.00079206
0.00054151
-0.00054615
0.00023240
0.00021848
0.00089241
-0.00013034
-0.00133096
-0.00119216
0.00094514
0.00049767
0.00118407
-0.00037303
0.00001343
0.00103717
0.00122439
-0.00158961
-0.00035729
-0.00052952
0.00047266
0.00055363
0.00049059
0.00021317
-0.00023991
0.00043230
0.00141424
0.00023470
-0.00008358
0.00134243
-0.00031310
0.00055468
0.00009970
0.00017639
-0.00132149
0.00084221
0.00057379
-0.00077976
0.00139020
-0.00142646
0.00056664
0.00146036
0.00095646
0.00012818
0.00059959
0.00066382
0.00153882
0.00079591
0.00095496
0.00042783
0.00058044
-0.00076464
-0.00004649
-0.00148180
0.00216412
-0.03865871
0.00023055
-0.00086791
-0.00035832
0.00004717
0.00030571
0.00006248
-0.00138599
0.00016065
0.00027507
-0.00087475
0.00058109
-0.00057065
0.00026232
0.00017297
0.00085733
-0.00000086
-0.00116310
-0.00111037
0.00105061
0.00050941
0.00116455
-0.00039034
-0.00002691
0.00114045
0.00122730
-0.00163491
-0.00038832
-0.00063580
0.00059646
0.00048375
0.00045981
0.00007303
-0.00023234
0.00046460
0.00137314
0.00025237
-0.00010641
0.00129186
-0.00025821
0.00050558
0.00008780
0.00015865
-0.00125156
0.00079209
0.00054491
-0.00079225
0.00119061
-0.00140002
0.00055455
0.00152954
0.00092360
0.00012044
0.00059314
0.00070043
0.00152517
0.00079805
0.00101512
0.00045301
0.00068404
-0.00079220
-0.00000019
-0.00151787
0.00223352
-0.03812548
0.00021211
-0.00085179
-0.00033714
0.00019584
0.00034561
-0.00008150
-0.00130627
0.00009663
0.00028633
-0.00081140
0.00063993
-0.00058231
0.00027244
0.00012330
0.00091750
0.00009173
-0.00118065
-0.00108027
0.00094972
0.00055938
0.00112741
-0.00038114
-0.00005759
0.00108878
0.00119103
-0.00158126
-0.00037490
-0.00064511
0.00057354
0.00051337
0.00043935
0.00002085
-0.00027589
0.00043630
0.00142935
0.00026384
-0.00020050
0.00130145
-0.00016679
0.00036066
0.00009087
0.00011956
-0.00144273
0.00081104
0.00040316
-0.00080766
0.00084773
-0.00135132
0.00052786
0.00154473
0.00088832
-0.00000955
0.00059061
0.00063001
0.00159317
0.00098288
0.00106491
0.00048683
0.00079488
-0.00083898
-0.00003360
-0.00166620
0.00220026
-0.03780299
0.00029994
-0.00081823
-0.00035844
0.00022858
0.00047885
0.00003557
-0.00144866
0.00009506
0.00029231
-0.00069257
0.00060696
-0.00054313
0.00030824
0.00013679
0.00084349
0.00014357
-0.00108383
-0.00103771
0.00101848
0.00055646
0.00117473
-0.00036409
-0.00001207
0.00105572
0.00109701
-0.00161711
-0.00045044
-0.00077761
0.00065306
0.00035864
0.00041073
-0.00004141
-0.00020082
0.00045515
0.00139559
0.00031684
-0.00004946
0.00124503
-0.00017638
0.00041987
0.00003005
0.00017746
-0.00143420
0.00088055
0.00043621
-0.00081311
0.00148835
-0.00130118
0.00059307
0.00148516
0.00077579
0.00014192
0.00052550
0.00073935
0.00159667
0.00095058
0.00105143
0.00053596
0.00068225
-0.00083634
0.00015557
-0.00168395
0.00215359
-0.03946796
0.00016897
-0.00088111
-0.00028335
0.00014444
0.00039337
-0.00014102
-0.00142654
-0.00004528
0.00034653
-0.00072073
0.00062863
-0.00055118
0.00023217
0.00012990
0.00086989
0.00006961
-0.00110758
-0.00106642
0.00097772
0.00059967
0.00117796
-0.00036245
-0.00007340
0.00098690
0.00112828
-0.00166147
-0.00045434
-0.00060826
0.00058091
0.00045682
0.00042114
0.00018624
-0.00029184
0.00047211
0.00132231
0.00028668
0.00004161
0.00111632
-0.00022648
0.00043296
0.00000150
0.00024562
-0.00129177
0.00093203
0.00054609
-0.00077351
0.00180526
-0.00133581
0.00061363
0.00144660
0.00075116
0.00021716
0.00050269
0.00077965
0.00155941
0.00095658
0.00096220
0.00059595
0.00056058
-0.00079884
0.00027329
-0.00165551
0.00211073
-0.04004537
0.00008733
-0.00085422
-0.00025309
0.00009672
0.00032879
-0.00011507
-0.00137716
-0.00006468
0.00035052
-0.00072877
0.00060062
-0.00048036
0.00016324
0.00019810
0.00086675
0.00005538
-0.00114548
-0.00109554
0.00099303
0.00058875
0.00114215
-0.00039605
-0.00003908
0.00100164
0.00108272
-0.00170849
-0.00042248
-0.00052073
0.00053575
0.00053383
0.00040689
0.00025829
-0.00031750
0.00051628
0.00128111
0.00022478
-0.00007999
0.00115962
-0.00020030
0.00032365
-0.00001041
0.00014505
-0.00132885
0.00086001
0.00040749
-0.00079738
0.00110575
-0.00133529
0.00065662
0.00149659
0.00074091
0.00017217
0.00056734
0.00060502
0.00156414
0.00102007
0.00093670
0.00065854
0.00068444
-0.00084970
0.00015145
-0.00164813
0.00208262
-0.03878362
0.00020858
-0.00076607
-0.00033781
0.00011569
0.00041461
-0.00001780
-0.00139100
-0.00010188
0.00038712
-0.00067956
0.00059951
-0.00047608
0.00014324
0.00026891
0.00080918
0.00009930
-0.00102333
-0.00102818
0.00101316
0.00052056
0.00117095
-0.00047562
-0.00004112
0.00109629
0.00107950
-0.00165837
-0.00042396
-0.00062204
0.00056205
0.00045152
0.00036402
0.00018198
-0.00025060
0.00052668
0.00115325
0.00019189
-0.00012024
0.00120481
-0.00019841
0.00031393
-0.00003728
0.00012048
-0.00127753
0.00079904
0.00037272
-0.00076986
0.00103318
-0.00137661
0.00070620
0.00142365
0.00080385
0.00018822
0.00062319
0.00051661
0.00158257
0.00096737
0.00093294
0.00069992
0.00068538
-0.00074397
0.00008306
-0.00154738
0.00210280
-0.03835428
0.00027041
-0.00077485
-0.00038006
0.00009703
0.00035682
0.00009639
-0.00135567
-0.00002403
0.00038523
-0.00068853
0.00055682
-0.00043137
0.00023239
0.00031852
0.00076481
0.00007586
-0.00098803
-0.00101232
0.00104898
0.00050384
0.00111548
-0.00057670
-0.00005050
0.00105516
0.00114423
-0.00155448
-0.00046599
-0.00065222
0.00057938
0.00046075
0.00041213
0.00027547
-0.00023544
0.00052683
0.00115040
0.00011905
-0.00017687
0.00119021
-0.00022032
0.00025521
-0.00004626
-0.00003965
-0.00123944
0.00073222
0.00035418
-0.00075461
0.00064714
-0.00134935
0.00068452
0.00144844
0.00081658
0.00006361
0.00056328
0.00040666
0.00159383
0.00109898
0.00090757
0.00075344
0.00082942
-0.00076927
-0.00014279
-0.00153595
0.00215765
-0.03706884
0.00038623
-0.00078692
-0.00046283
0.00015345
0.00039296
0.00012369
-0.00132221
0.00000550
0.00041448
-0.00064699
0.00051877
-0.00047641
0.00031687
0.00021961
0.00071205
0.00011468
-0.00098643
-0.00094384
0.00107460
0.00055536
0.00116571
-0.00063427
-0.00007197
0.00121094
0.00116943
-0.00146988
-0.00053563
-0.00074372
0.00063337
0.00034848
0.00043473
0.00016063
-0.00023938
0.00059766
0.00112297
0.00004126
-0.00024564
0.00123443
-0.00019786
0.00027758
-0.00001317
-0.00004613
-0.00130272
0.00071008
0.00037772
-0.00076299
0.00031078
-0.00133684
0.00069678
0.00147380
0.00073419
-0.00002773
0.00058267
0.00032914
0.00153021
0.00121493
0.00085636
0.00074360
0.00092309
-0.00083871
-0.00018779
-0.00165893
0.00209736
-0.03711982
0.00048968
-0.00087147
-0.00052171
0.00007817
0.00050219
0.00012413
-0.00142112
-0.00002641
0.00036995
-0.00062211
0.00044531
-0.00049523
0.00030434
0.00012421
0.00068716
0.00016552
-0.00093499
-0.00087493
0.00111929
0.00063768
0.00114563
-0.00058107
-0.00020870
0.00122192
0.00122257
-0.00146200
-0.00064825
-0.00079910
0.00068287
0.00032586
0.00050675
0.00004345
-0.00014230
0.00057635
0.00109674
0.00012013
-0.00002365
0.00121879
-0.00025262
0.00037836
-0.00004175
0.00010554
-0.00116227
0.00073472
0.00052057
-0.00073486
0.00050793
-0.00139670
0.00065621
0.00141044
0.00076917
0.00005924
0.00054792
0.00045971
0.00148335
0.00110540
0.00085312
0.00069750
0.00075042
-0.00079712
-0.00004092
-0.00154869
0.00210945
-0.03798365
0.00036895
-0.00085409
-0.00045609
-0.00002920
0.00036316
-0.00000320
-0.00130659
-0.00001548
0.00033168
-0.00063882
0.00037974
-0.00055082
0.00033246
0.00023806
0.00075801
0.00009600
-0.00101970
-0.00092524
0.00109328
0.00070159
0.00110324
-0.00056785
-0.00014052
0.00114360
0.00125090
-0.00146047
-0.00062689
-0.00065322
0.00065440
0.00043202
0.00050462
0.00023614
-0.00028223
0.00065139
0.00114545
0.00014659
-0.00011003
0.00124871
-0.00028927
0.00043822
-0.00007470
-0.00000261
-0.00117418
0.00074335
0.00052957
-0.00077017
0.00052628
-0.00139490
0.00062683
0.00144797
0.00070835
0.00003082
0.00064372
0.00047989
0.00150573
0.00115916
0.00091561
0.00067325
0.00077350
-0.00081444
-0.00013428
-0.00152162
0.00212783
-0.03729371
0.00040813
-0.00082620
-0.00046683
0.00002673
0.00041719
-0.00002345
-0.00130654
0.00001729
0.00033723
-0.00057818
0.00042411
-0.00057315
0.00039217
0.00027208
0.00074647
0.00012991
-0.00095001
-0.00089821
0.00109110
0.00067765
0.00112091
-0.00054246
-0.00017789
0.00112181
0.00125122
-0.00137867
-0.00063088
-0.00073368
0.00060124
0.00038836
0.00047649
0.00016802
-0.00025094
0.00065919
0.00116161
0.00008792
-0.00014943
0.00129175
-0.00024323
0.00034435
-0.00002555
-0.00008738
-0.00124670
0.00065218
0.00048352
-0.00070269
0.00015664
-0.00142763
0.00064735
0.00148787
0.00077485
-0.00011317
0.00072708
0.00040572
0.00157700
0.00116920
0.00087222
0.00063552
0.00086850
-0.00080581
-0.00029591
-0.00147827
0.00206272
-0.03664957
0.00046672
-0.00080540
-0.00048899
0.00005692
0.00043456
0.00001829
-0.00129610
0.00003737
0.00032382
-0.00059990
0.00039795
-0.00064261
0.00046882
0.00020270
0.00080666
0.00020269
-0.00088341
-0.00089140
0.00109295
0.00063994
0.00116234
-0.00056437
-0.00025376
0.00109988
0.00129578
-0.00144864
-0.00065140
-0.00085060
0.00066471
0.00037235
0.00046647
0.00011311
-0.00019311
0.00063514
0.00114025
0.00019955
-0.00012372
0.00126592
-0.00021197
0.00034398
0.00007826
-0.00008695
-0.00126865
0.00067216
0.00049282
-0.00068176
0.00008111
-0.00143101
0.00068222
0.00150778
0.00072705
-0.00011041
0.00061406
0.00055412
0.00158085
0.00110232
0.00092562
0.00053497
0.00089626
-0.00079134
-0.00032193
-0.00147182
0.00213411
-0.03687741
0.00041085
-0.00078631
-0.00040520
0.00012530
0.00041106
0.00018774
-0.00131978
0.00002583
0.00027400
-0.00057517
0.00043792
-0.00065466
0.00040535
0.00022874
0.00081716
0.00017060
-0.00097416
-0.00092350
0.00094003
0.00061424
0.00116602
-0.00055583
-0.00024059
0.00112642
0.00137977
-0.00150115
-0.00055975
-0.00083606
0.00065203
0.00037745
0.00044297
0.00016539
-0.00022347
0.00066760
0.00114455
0.00022774
-0.00011036
0.00124678
-0.00019644
0.00032798
0.00003150
-0.00011772
-0.00133422
0.00072379
0.00042244
-0.00070135
0.00014898
-0.00137460
0.00069644
0.00152584
0.00065044
-0.00009277
0.00059568
0.00055663
0.00160019
0.00119985
0.00093910
0.00058943
0.00091279
-0.00086117
-0.00026261
-0.00155364
0.00211008
-0.03728887
0.00042646
-0.00079681
-0.00039919
0.00011346
0.00045462
0.00012925
-0.00137763
-0.00010035
0.00033171
-0.00055135
0.00044690
-0.00065192
0.00038308
0.00021932
0.00083474
0.00014340
-0.00091906
-0.00089704
0.00096892
0.00061449
0.00120967
-0.00056564
-0.00032725
0.00109545
0.00135432
-0.00152356
-0.00056939
-0.00081602
0.00066801
0.00038629
0.00043607
0.00020305
-0.00027310
0.00067749
0.00099754
0.00023150
-0.00008138
0.00127332
-0.00019899
0.00026725
0.00005471
-0.00013099
-0.00131610
0.00055635
0.00051192
-0.00069612
0.00006655
-0.00137440
0.00064649
0.00149646
0.00072052
-0.00020912
0.00066962
0.00050830
0.00157443
0.00118645
0.00097885
0.00057616
0.00086553
-0.00094413
-0.00025504
-0.00142913
0.00213586
-0.03645324
0.00043486
-0.00080720
-0.00036647
0.00015810
0.00042910
0.00015703
-0.00131944
-0.00006958
0.00031225
-0.00062865
0.00038248
-0.00073962
0.00041181
0.00017806
0.00086358
0.00018615
-0.00094629
-0.00090022
0.00088504
0.00058980
0.00115604
-0.00052369
-0.00034493
0.00114673
0.00139869
-0.00138572
-0.00061369
-0.00087286
0.00059684
0.00035912
0.00042242
0.00011148
-0.00020348
0.00064436
0.00110447
0.00025323
-0.00012629
0.00127330
-0.00017017
0.00028922
0.00004825
-0.00015239
-0.00136008
0.00060726
0.00049034
-0.00071933
0.00022877
-0.00141738
0.00066546
0.00149966
0.00069059
-0.00018535
0.00072241
0.00058277
0.00148795
0.00121137
0.00099977
0.00054211
0.00086098
-0.00089694
-0.00025529
-0.00142848
0.00209200
-0.03630205
0.00043762
-0.00085711
-0.00038710
0.00009908
0.00038375
0.00015109
-0.00131325
0.00004419
0.00028804
-0.00066648
0.00037786
-0.00076958
0.00038628
0.00024157
0.00086689
0.00022622
-0.00093674
-0.00096154
0.00083799
0.00062725
0.00110276
-0.00047460
-0.00038573
0.00106956
0.00137633
-0.00127340
-0.00062843
-0.00082531
0.00067390
0.00033256
0.00049649
0.00019275
-0.00021942
0.00066447
0.00102118
0.00024874
-0.00004581
0.00130425
-0.00019191
0.00033530
-0.00002491
-0.00011605
-0.00140604
0.00060791
0.00048494
-0.00069334
0.00039362
-0.00148715
0.00062322
0.00146870
0.00066649
-0.00014859
0.00074202
0.00065147
0.00141466
0.00119809
0.00097011
0.00056057
0.00080256
-0.00083605
-0.00022766
-0.00142499
0.00211005
-0.03655684
0.00036321
-0.00088057
-0.00036246
0.00009324
0.00032780
0.00019051
-0.00130011
0.00003617
0.00029555
-0.00066683
0.00031842
-0.00079008
0.00035348
0.00021294
0.00089832
0.00023710
-0.00097504
-0.00099696
0.00075756
0.00056415
0.00106689
-0.00040794
-0.00031519
0.00108923
0.00133124
-0.00125488
-0.00061129
-0.00080027
0.00066560
0.00038802
0.00054741
0.00027450
-0.00024814
0.00063659
0.00103761
0.00025979
-0.00016373
0.00139798
-0.00016260
0.00017464
-0.00005251
-0.00025296
-0.00156395
0.00054753
0.00036998
-0.00066518
-0.00013897
-0.00149691
0.00058568
0.00156064
0.00058985
-0.00023953
0.00077676
0.00054834
0.00136205
0.00140688
0.00099658
0.00058371
0.00097230
-0.00095603
-0.00029644
-0.00153075
0.00211463
-0.03565702
0.00055778
-0.00084319
-0.00037651
0.00014282
0.00045431
0.00037949
-0.00142551
-0.00004841
0.00029091
-0.00057227
0.00032537
-0.00084661
0.00040773
0.00019291
0.00092184
0.00031365
-0.00087192
-0.00092349
0.00079064
0.00048994
0.00107633
-0.00039012
-0.00040865
0.00110703
0.00128954
-0.00120241
-0.00063818
-0.00097810
0.00080855
0.00028095
0.00056451
0.00013891
-0.00024519
0.00059212
0.00096304
0.00025108
-0.00015156
0.00131134
-0.00021627
0.00024165
-0.00006662
-0.00017978
-0.00148231
0.00052680
0.00048944
-0.00062149
0.00005166
-0.00152020
0.00061671
0.00160367
0.00063524
-0.00022062
0.00066663
0.00062697
0.00139645
0.00122924
0.00104283
0.00055937
0.00093346
-0.00088562
-0.00029436
-0.00146947
0.00207513
-0.03595047
0.00045042
-0.00078610
-0.00042440
0.00017051
0.00037106
0.00033210
-0.00136143
0.00002556
0.00026249
-0.00061534
0.00033531
-0.00079976
0.00035906
0.00022190
0.00097257
0.00030049
-0.00095194
-0.00103495
0.00073896
0.00042404
0.00102071
-0.00039421
-0.00031186
0.00107109
0.00135659
-0.00119510
-0.00058003
-0.00093648
0.00070886
0.00034824
0.00053103
0.00018911
-0.00022788
0.00062076
0.00098509
0.00033480
-0.00004020
0.00153274
-0.00005764
0.00005660
-0.00031903
-0.00023506
-0.00175348
0.00055609
0.00068065
-0.00039601
0.00097162
-0.00158974
0.00045430
0.00168043
0.00020089
-0.00019841
0.00030525
0.00083982
0.00134560
0.00160172
0.00103252
0.00050244
0.00076283
-0.00124858
-0.00020100
-0.00167425
0.00189353
-0.03804765
0.00023412
-0.00082125
-0.00026653
0.00046453
0.00030623
-0.00003302
-0.00143948
-0.00008466
0.00034736
-0.00063733
0.00019858
-0.00080222
0.00011999
-0.00000642
0.00120193
0.00034233
-0.00090997
-0.00118596
0.00067504
0.00049644
0.00098019
-0.00026043
-0.00043615
0.00086618
0.00117595
-0.00110729
-0.00049770
-0.00078584
0.00076612
0.00063025
0.00060200
0.00032806
-0.00044007
0.00065702
0.00099766
0.00031219
-0.00007928
0.00136433
-0.00013305
0.00022089
-0.00010267
-0.00016805
-0.00151300
0.00061632
0.00054355
-0.00053168
0.00030610
-0.00151323
0.00063343
0.00160299
0.00050833
-0.00015516
0.00062521
0.00070304
0.00142311
0.00120548
0.00106266
0.00059643
0.00086567
-0.00096937
-0.00023636
-0.00147001
0.00202759
-0.03722227
0.00044906
-0.00082914
-0.00036229
0.00019007
0.00036166
0.00023967
-0.00138161
0.00003113
0.00026095
-0.00056891
0.00036990
-0.00077187
0.00033222
0.00024756
0.00103926
0.00031155
-0.00096743
-0.00103026
0.00079745
0.00044993
0.00103992
-0.00039039
-0.00030445
0.00109062
0.00132751
-0.00117074
-0.00055500
-0.00090229
0.00068002
0.00043288
0.00056887
0.00019760
-0.00026193
0.00062121
0.00100934
0.00034511
-0.00004581
0.00134396
-0.00012299
0.00024892
-0.00005097
-0.00011703
-0.00151301
0.00067201
0.00055115
-0.00051940
0.00062337
-0.00149216
0.00064457
0.00156343
0.00049248
-0.00008063
0.00059081
0.00074156
0.00140028
0.00117265
0.00106214
0.00060291
0.00081882
-0.00095729
-0.00015913
-0.00145684
0.00203073
-0.03790650
0.00035377
-0.00083941
-0.00030825
0.00014777
0.00032749
0.00018002
-0.00139152
-0.00002263
0.00028666
-0.00059680
0.00038906
-0.00073397
0.00030173
0.00025997
0.00103841
0.00028820
-0.00097318
-0.00106688
0.00078722
0.00046465
0.00101449
-0.00037319
-0.00033471
0.00102804
0.00131617
-0.00117915
-0.00056810
-0.00080347
0.00065443
0.00048029
0.00059710
0.00024938
-0.00026705
0.00060710
0.00101536
0.00043355
-0.00005304
0.00139455
-0.00007901
0.00024903
0.00001786
-0.00018292
-0.00146921
0.00064785
0.00053234
-0.00051992
0.00031107
-0.00142409
0.00066482
0.00159371
0.00053920
-0.00006554
0.00062482
0.00069932
0.00148942
0.00114872
0.00107242
0.00064927
0.00082532
-0.00092779
-0.00019310
-0.00136677
0.00205306
-0.03719675
0.00038349
-0.00080389
-0.00037313
0.00019935
0.00028987
0.00016395
-0.00142485
0.00006101
0.00028145
-0.00061400
0.00039344
-0.00070460
0.00037543
0.00025873
0.00097828
0.00030253
-0.00100462
-0.00103680
0.00075967
0.00042895
0.00109229
-0.00038758
-0.00034606
0.00104036
0.00136288
-0.00118229
-0.00056094
-0.00088448
0.00064722
0.00045542
0.00053187
0.00024130
-0.00028511
0.00057071
0.00094547
0.00049375
-0.00003202
0.00137579
-0.00016118
0.00026287
0.00000021
-0.00017615
-0.00151257
0.00067137
0.00057471
-0.00054987
0.00030640
-0.00143729
0.00063774
0.00166456
0.00059019
-0.00010069
0.00061576
0.00066643
0.00145545
0.00115830
0.00107354
0.00063733
0.00087139
-0.00089270
-0.00020847
-0.00137345
0.00208902
-0.03698480
0.00039332
-0.00086063
-0.00035534
0.00017689
0.00026451
0.00015128
-0.00146863
0.00006419
0.00020881
-0.00060769
0.00036062
-0.00074439
0.00040961
0.00027937
0.00098285
0.00031611
-0.00099462
-0.00101881
0.00075349
0.00043191
0.00106461
-0.00041126
-0.00030369
0.00102630
0.00142009
-0.00125249
-0.00050898
-0.00083653
0.00062565
0.00043656
0.00054968
0.00026110
-0.00023928
0.00059332
0.00095221
0.00047948
-0.00006720
0.00142020
-0.00016432
0.00025194
-0.00001511
-0.00024950
-0.00154570
0.00065174
0.00057719
-0.00056433
0.00015380
-0.00140725
0.00075424
0.00166443
0.00056435
-0.00012315
0.00062516
0.00070179
0.00152301
0.00122300
0.00106946
0.00066435
0.00089774
-0.00091661
-0.00020907
-0.00136780
0.00209249
-0.03677656
0.00045824
-0.00084935
-0.00044554
0.00021841
0.00024019
0.00023620
-0.00156280
0.00009347
0.00021499
-0.00062051
0.00037889
-0.00076829
0.00047844
0.00026825
0.00098145
0.00033388
-0.00097464
-0.00100373
0.00073502
0.00040673
0.00113235
-0.00042135
-0.00025733
0.00103791
0.00143976
-0.00118798
-0.00052567
-0.00090713
0.00061412
0.00036795
0.00055941
0.00023813
-0.00027708
0.00062635
0.00079828
0.00065786
0.00000339
0.00143438
-0.00014581
0.00018886
-0.00008240
-0.00028899
-0.00175910
0.00065086
0.00054005
-0.00052833
0.00002878
-0.00136136
0.00064813
0.00189075
0.00042043
-0.00021777
0.00051137
0.00077480
0.00136974
0.00163268
0.00106045
0.00063476
0.00095966
-0.00103525
-0.00022115
-0.00153101
0.00213080
-0.03619349
0.00044729
-0.00087409
-0.00036795
0.00030870
0.00019972
0.00013701
-0.00171865
-0.00004491
0.00017041
-0.00055927
0.00037868
-0.00079222
0.00043702
0.00019988
0.00102216
0.00045733
-0.00086449
-0.00096669
0.00068501
0.00038197
0.00113055
-0.00032206
-0.00039348
0.00095468
0.00148881
-0.00123652
-0.00056416
-0.00091415
0.00066025
0.00040846
0.00062419
0.00025402
-0.00037589
0.00069882
0.00095203
0.00046306
-0.00001796
0.00133411
-0.00025796
0.00031952
-0.00003329
-0.00017558
-0.00147772
0.00068652
0.00060503
-0.00058863
0.00051289
-0.00143802
0.00077304
0.00163564
0.00058628
-0.00011200
0.00054644
0.00080049
0.00145849
0.00117737
0.00104746
0.00061626
0.00078240
-0.00086275
-0.00015391
-0.00135162
0.00212709
-0.03754589
0.00027225
-0.00089084
-0.00035420
0.00017431
0.00017223
0.00015519
-0.00142815
0.00010771
0.00019832
-0.00061719
0.00041064
-0.00079784
0.00037518
0.00028661
0.00093156
0.00020741
-0.00108876
-0.00104832
0.00075345
0.00039562
0.00107641
-0.00040781
-0.00015752
0.00096656
0.00142718
-0.00125614
-0.00058564
-0.00083499
0.00053290
0.00040775
0.00055105
0.00030110
-0.00032975
0.00069042
0.00094016
0.00042358
-0.00006128
0.00132520
-0.00026137
0.00019159
0.00000102
-0.00021326
-0.00148403
0.00067161
0.00055526
-0.00058608
0.00030894
-0.00140685
0.00073770
0.00170247
0.00054618
-0.00012843
0.00058446
0.00074805
0.00146760
0.00122067
0.00103583
0.00062346
0.00085158
-0.00085137
-0.00026440
-0.00130723
0.00208911
-0.03724477
0.00039025
-0.00085646
-0.00041799
0.00019778
0.00023800
0.00023718
-0.00145521
0.00013762
0.00018383
-0.00062339
0.00037625
-0.00082300
0.00043461
0.00019942
0.00094010
0.00025739
-0.00106026
-0.00102289
0.00081611
0.00030869
0.00107254
-0.00045352
-0.00018976
0.00104067
0.00142433
-0.00121164
-0.00055663
-0.00096323
0.00059460
0.00034259
0.00055763
0.00026876
-0.00031882
0.00069747
0.00092615
0.00037693
-0.00009841
0.00130745
-0.00029822
0.00014753
0.00001990
-0.00017084
-0.00145833
0.00067777
0.00052326
-0.00052328
0.00010234
-0.00144811
0.00072545
0.00171231
0.00054472
-0.00017761
0.00059905
0.00071869
0.00151386
0.00121639
0.00108171
0.00065756
0.00088974
-0.00084912
-0.00023643
-0.00133175
0.00211669
-0.03708099
0.00038155
-0.00085924
-0.00042170
0.00023055
0.00026789
0.00031544
-0.00140995
0.00014800
0.00018787
-0.00057346
0.00034752
-0.00082037
0.00040767
0.00021885
0.00098590
0.00023381
-0.00101396
-0.00100068
0.00081730
0.00031905
0.00116025
-0.00050794
-0.00020889
0.00105100
0.00143166
-0.00123588
-0.00057057
-0.00099649
0.00062773
0.00035741
0.00055541
0.00022130
-0.00037231
0.00072068
0.00102064
0.00038736
-0.00014316
0.00131192
-0.00027578
0.00017088
0.00002014
-0.00019540
-0.00149991
0.00071169
0.00050056
-0.00055144
0.00018072
-0.00147507
0.00074066
0.00171511
0.00052741
-0.00016890
0.00064989
0.00077303
0.00144594
0.00124541
0.00109274
0.00062963
0.00089723
-0.00081486
-0.00025112
-0.00133612
0.00207689
-0.03684091
0.00040170
-0.00088986
-0.00044475
0.00018066
0.00024738
0.00032572
-0.00141549
0.00023789
0.00016567
-0.00060019
0.00034848
-0.00084112
0.00039726
0.00027299
0.00099181
0.00027952
-0.00099584
-0.00104850
0.00078255
0.00035193
0.00111840
-0.00046328
-0.00024060
0.00099864
0.00141366
-0.00114917
-0.00058377
-0.00096837
0.00069648
0.00032635
0.00061054
0.00027510
-0.00037443
0.00073299
0.00101975
0.00037736
-0.00015295
0.00130880
-0.00026510
0.00018134
-0.00000591
-0.00018983
-0.00148246
0.00071242
0.00055005
-0.00055050
0.00036330
-0.00152813
0.00073666
0.00171310
0.00051999
-0.00011817
0.00063177
0.00077415
0.00142326
0.00124346
0.00111242
0.00062966
0.00086782
-0.00081216
-0.00025034
-0.00133899
0.00209885
-0.03712488
0.00037670
-0.00090502
-0.00046765
0.00018333
0.00019041
0.00030779
-0.00138750
0.00026278
0.00016731
-0.00059807
0.00037052
-0.00077523
0.00040199
0.00031549
0.00100977
0.00031813
-0.00099887
-0.00109269
0.00076856
0.00039855
0.00109106
-0.00048421
-0.00026462
0.00099590
0.00140451
-0.00112659
-0.00057656
-0.00090594
0.00071071
0.00039490
0.00068773
0.00031107
-0.00037236
0.00071225
0.00094024
0.00032986
-0.00011765
0.00130230
-0.00020477
0.00018504
-0.00000088
-0.00019264
-0.00139747
0.00067767
0.00053591
-0.00053126
0.00033813
-0.00148911
0.00079210
0.00170964
0.00056574
-0.00009003
0.00068837
0.00068182
0.00142868
0.00113636
0.00114892
0.00062622
0.00088683
-0.00079359
-0.00023708
-0.00131760
0.00208392
-0.03727466
0.00038246
-0.00087820
-0.00051972
0.00012297
0.00021581
0.00034191
-0.00137648
0.00027472
0.00019690
-0.00064253
0.00034855
-0.00079926
0.00043366
0.00032952
0.00100766
0.00028068
-0.00106421
-0.00112071
0.00074932
0.00035764
0.00106559
-0.00049272
-0.00025198
0.00104180
0.00146814
-0.00114173
-0.00056158
-0.00091744
0.00067978
0.00037585
0.00067027
0.00029613
-0.00031909
0.00067945
0.00096585
0.00028524
-0.00011355
0.00128918
-0.00025020
0.00025540
-0.00000273
-0.00023615
-0.00136887
0.00066439
0.00050206
-0.00050001
0.00034104
-0.00146863
0.00078174
0.00168941
0.00064285
-0.00009637
0.00071008
0.00063022
0.00143244
0.00110223
0.00114655
0.00066723
0.00086869
-0.00080460
-0.00023222
-0.00129278
0.00206680
-0.03735255
0.00039695
-0.00088279
-0.00051620
0.00008257
0.00023497
0.00035242
-0.00136417
0.00029479
0.00017346
-0.00060377
0.00035817
-0.00083175
0.00049990
0.00031943
0.00102130
0.00029769
-0.00104956
-0.00114215
0.00076390
0.00034479
0.00103223
-0.00048531
-0.00021581
0.00106037
0.00150366
-0.00115569
-0.00053555
-0.00091989
0.00066439
0.00034478
0.00070340
0.00027163
-0.00027475
0.00068003
0.00099082
0.00025648
-0.00028386
0.00137455
-0.00031025
0.00014704
-0.00002279
-0.00032433
-0.00149524
0.00059573
0.00039963
-0.00050363
-0.00026637
-0.00142466
0.00076890
0.00175587
0.00062793
-0.00028984
0.00071540
0.00054413
0.00145286
0.00127174
0.00119697
0.00072293
0.00099331
-0.00088787
-0.00036429
-0.00137222
0.00212546
-0.03619209
0.00050836
-0.00082581
-0.00054980
0.00011250
0.00034372
0.00047313
-0.00145546
0.00030652
0.00018141
-0.00053828
0.00034251
-0.00085344
0.00059874
0.00040765
0.00106136
0.00030654
-0.00095690
-0.00112857
0.00080689
0.00034669
0.00105027
-0.00052458
-0.00016437
0.00111540
0.00152180
-0.00108405
-0.00056634
-0.00115758
0.00076344
0.00023401
0.00064668
0.00016070
-0.00021233
0.00071303
0.00100065
0.00023750
-0.00017733
0.00132171
-0.00030798
0.00028460
-0.00006532
-0.00023007
-0.00137960
0.00064276
0.00051053
-0.00051378
0.00028680
-0.00143103
0.00077084
0.00162096
0.00065655
-0.00019570
0.00064877
0.00061312
0.00143557
0.00113711
0.00112271
0.00069459
0.00085971
-0.00081088
-0.00024972
-0.00133791
0.00205825
-0.03715840
0.00044760
-0.00084859
-0.00051663
0.00008615
0.00030960
0.00037717
-0.00136087
0.00027167
0.00021970
-0.00052305
0.00037203
-0.00084923
0.00050891
0.00040230
0.00104799
0.00031256
-0.00105954
-0.00112752
0.00080122
0.00042255
0.00104172
-0.00052612
-0.00005911
0.00111568
0.00152193
-0.00114383
-0.00052255
-0.00096165
0.00068822
0.00031962
0.00067517
0.00028600
-0.00025328
0.00066656
0.00100271
0.00020177
-0.00020404
0.00130400
-0.00034268
0.00029946
-0.00003511
-0.00027900
-0.00139302
0.00063742
0.00052290
-0.00056222
0.00012008
-0.00146919
0.00079882
0.00161271
0.00066009
-0.00024925
0.00072198
0.00061714
0.00148108
0.00110306
0.00118773
0.00069634
0.00094769
-0.00081829
-0.00030530
-0.00133639
0.00213287
-0.03675858
0.00047130
-0.00077315
-0.00059539
0.00011395
0.00033857
0.00042315
-0.00138963
0.00022873
0.00022205
-0.00054179
0.00039453
-0.00087964
0.00052421
0.00044131
0.00104140
0.00029744
-0.00108911
-0.00111862
0.00082682
0.00039768
0.00107530
-0.00052733
-0.00006049
0.00114123
0.00154667
-0.00115454
-0.00053818
-0.00098273
0.00070514
0.00031229
0.00070205
0.00023331
-0.00021985
0.00067230
0.00098489
0.00020179
-0.00016844
0.00146034
-0.00038300
0.00024331
-0.00022660
-0.00041309
-0.00161948
0.00072450
0.00086354
-0.00040936
0.00096773
-0.00169879
0.00072477
0.00154487
0.00029951
-0.00041100
0.00050779
0.00092223
0.00148974
0.00130721
0.00126523
0.00067765
0.00087096
-0.00097919
-0.00037357
-0.00134129
0.00211720
-0.03784942
0.00021680
-0.00068648
-0.00057528
0.00049071
0.00018382
0.00011923
-0.00134468
0.00013983
0.00032681
-0.00048804
0.00028611
-0.00101652
0.00028845
0.00048060
0.00124129
0.00044282
-0.00115124
-0.00121055
0.00071396
0.00056287
0.00112908
-0.00053742
0.00002720
0.00095431
0.00154101
-0.00107385
-0.00047259
-0.00067031
0.00081237
0.00066839
0.00093944
0.00050940
-0.00045261
0.00077412
0.00100169
0.00025650
-0.00018642
0.00130446
-0.00029101
0.00033260
-0.00009714
-0.00029413
-0.00138922
0.00070757
0.00055959
-0.00052137
0.00027338
-0.00148783
0.00079806
0.00159816
0.00056459
-0.00019987
0.00068547
0.00065136
0.00151439
0.00109242
0.00115001
0.00072338
0.00086511
-0.00081068
-0.00024429
-0.00137130
0.00214183
-0.03751815
0.00043712
-0.00081959
-0.00054743
0.00009090
0.00030368
0.00039078
-0.00140121
0.00017809
0.00026754
-0.00056254
0.00038365
-0.00083415
0.00047550
0.00043007
0.00105025
0.00028204
-0.00106753
-0.00113443
0.00079568
0.00038842
0.00106074
-0.00051627
-0.00008558
0.00110380
0.00147232
-0.00113132
-0.00057678
-0.00094330
0.00071586
0.00036720
0.00073812
0.00031344
-0.00024602
0.00068240
0.00099341
0.00024769
-0.00016971
0.00126898
-0.00029354
0.00033546
-0.00010210
-0.00030195
-0.00129945
0.00068495
0.00052538
-0.00055334
0.00023960
-0.00150820
0.00085216
0.00158214
0.00060000
-0.00022064
0.00073332
0.00061257
0.00154253
0.00101147
0.00112876
0.00068235
0.00091872
-0.00077989
-0.00024107
-0.00133016
0.00217551
-0.03717660
0.00044143
-0.00081001
-0.00053195
0.00011376
0.00035898
0.00032865
-0.00137789
0.00020505
0.00028734
-0.00056660
0.00035375
-0.00079730
0.00046628
0.00043696
0.00103164
0.00023160
-0.00107313
-0.00115758
0.00081619
0.00035457
0.00101634
-0.00050873
-0.00008564
0.00114226
0.00150493
-0.00117659
-0.00048487
-0.00092378
0.00066009
0.00030665
0.00069539
0.00027864
-0.00023370
0.00065760
0.00100571
0.00022683
-0.00023207
0.00129359
-0.00030864
0.00038101
-0.00006471
-0.00030988
-0.00136137
0.00068739
0.00047392
-0.00057843
0.00012485
-0.00154200
0.00084531
0.00155898
0.00058269
-0.00027634
0.00074086
0.00064311
0.00155527
0.00108324
0.00115956
0.00066857
0.00096413
-0.00084055
-0.00031651
-0.00129437
0.00220876
-0.03671881
0.00050901
-0.00079261
-0.00058097
0.00014669
0.00039372
0.00039655
-0.00139675
0.00018374
0.00032136
-0.00058651
0.00027715
-0.00073534
0.00043937
0.00042451
0.00104174
0.00028487
-0.00105028
-0.00120257
0.00080742
0.00027806
0.00104629
-0.00050578
-0.00005607
0.00115264
0.00152150
-0.00113177
-0.00049763
-0.00095322
0.00074285
0.00026461
0.00067730
0.00024371
-0.00018884
0.00065919
0.00101313
0.00021779
-0.00024533
0.00137807
-0.00038712
0.00037626
-0.00001847
-0.00029944
-0.00128946
0.00066387
0.00044473
-0.00059008
0.00005417
-0.00149161
0.00084273
0.00154764
0.00065681
-0.00024976
0.00072524
0.00061211
0.00160600
0.00100977
0.00118798
0.00070594
0.00104684
-0.00084266
-0.00041436
-0.00125914
0.00214437
-0.03639975
0.00050271
-0.00079155
-0.00057347
0.00020599
0.00039724
0.00028938
-0.00136123
0.00014931
0.00028733
-0.00065681
0.00029893
-0.00075263
0.00036818
0.00038755
0.00106836
0.00029546
-0.00108671
-0.00120809
0.00075791
0.00024833
0.00105180
-0.00046050
-0.00004001
0.00121347
0.00154964
-0.00115739
-0.00053992
-0.00094967
0.00071700
0.00027057
0.00067378
0.00023544
-0.00017825
0.00067949
0.00093910
0.00029489
-0.00030351
0.00140007
-0.00046743
0.00041901
-0.00008693
-0.00035180
-0.00137673
0.00070939
0.00036735
-0.00057180
-0.00011677
-0.00164132
0.00083281
0.00160659
0.00050805
-0.00042708
0.00066851
0.00078991
0.00158145
0.00120375
0.00124884
0.00067579
0.00116414
-0.00084092
-0.00053654
-0.00126155
0.00227857
-0.03552766
0.00053505
-0.00077428
-0.00061200
0.00037245
0.00039097
0.00031747
-0.00138385
0.00005175
0.00033132
-0.00063164
0.00022060
-0.00070513
0.00016090
0.00040616
0.00116582
0.00045189
-0.00102848
-0.00127125
0.00065148
0.00009737
0.00105219
-0.00038131
-0.00001509
0.00119989
0.00163095
-0.00111934
-0.00060982
-0.00095583
0.00088145
0.00029712
0.00080369
0.00028465
-0.00026381
0.00076353
0.00107835
0.00025833
-0.00015127
0.00133012
-0.00041281
0.00041486
0.00000647
-0.00019688
-0.00124420
0.00065020
0.00053090
-0.00057155
0.00045765
-0.00150118
0.00079194
0.00150509
0.00065617
-0.00015990
0.00071237
0.00071279
0.00153551
0.00097463
0.00116549
0.00065978
0.00093476
-0.00079042
-0.00029309
-0.00131199
0.00214691
-0.03702667
0.00039586
-0.00082943
-0.00049612
0.00016011
0.00035653
0.00019053
-0.00130388
0.00009773
0.00025744
-0.00070421
0.00033957
-0.00070988
0.00031157
0.00039085
0.00102892
0.00025435
-0.00110727
-0.00121090
0.00073851
0.00032558
0.00108327
-0.00040994
-0.00008020
0.00121024
0.00152846
-0.00121820
-0.00050387
-0.00083390
0.00065676
0.00037251
0.00064315
0.00033390
-0.00018056
0.00065292
0.00105231
0.00022018
-0.00013119
0.00132158
-0.00037747
0.00040275
0.00002874
-0.00019602
-0.00121375
0.00062106
0.00049027
-0.00061847
0.00038309
-0.00150750
0.00078677
0.00147630
0.00064618
-0.00019603
0.00077043
0.00060793
0.00151699
0.00094423
0.00115727
0.00064225
0.00095921
-0.00075895
-0.00038394
-0.00130256
0.00215363
-0.03698459
0.00038109
-0.00077863
-0.00052027
0.00016785
0.00033559
0.00013227
-0.00135217
0.00003744
0.00030812
-0.00076318
0.00032708
-0.00067469
0.00031386
0.00036981
0.00099920
0.00029404
-0.00104469
-0.00122562
0.00070517
0.00032578
0.00109635
-0.00043011
-0.00005744
0.00118225
0.00153954
-0.00124019
-0.00056139
-0.00083038
0.00071380
0.00033070
0.00059567
0.00033286
-0.00014581
0.00067236
0.00098797
0.00033402
-0.00018167
0.00128423
-0.00044618
0.00042064
-0.00002742
-0.00023169
-0.00124661
0.00064759
0.00043996
-0.00055849
0.00023527
-0.00164185
0.00074322
0.00151994
0.00051932
-0.00036639
0.00072670
0.00079562
0.00147810
0.00112391
0.00124278
0.00063692
0.00102920
-0.00076730
-0.00045450
-0.00130971
0.00229190
-0.03595226
0.00037403
-0.00077065
-0.00050478
0.00033499
0.00032589
0.00009969
-0.00130079
-0.00007337
0.00036024
-0.00074296
0.00024514
-0.00060954
0.00009556
0.00044583
0.00106038
0.00038845
-0.00099458
-0.00127343
0.00060286
0.00020252
0.00112524
-0.00036347
-0.00006893
0.00118103
0.00158050
-0.00116893
-0.00059186
-0.00082384
0.00080970
0.00040187
0.00068577
0.00039948
-0.00022525
0.00076002
0.00107867
0.00027012
-0.00012610
0.00132491
-0.00038892
0.00045527
0.00003584
-0.00010191
-0.00122723
0.00062553
0.00058708
-0.00064210
0.00043612
-0.00151317
0.00075911
0.00148528
0.00064278
-0.00018745
0.00073606
0.00064555
0.00149400
0.00099479
0.00111627
0.00054748
0.00088217
-0.00078819
-0.00036579
-0.00132979
0.00211692
-0.03724286
0.00028362
-0.00084692
-0.00045174
0.00015094
0.00029999
0.00000319
-0.00126022
0.00003989
0.00028151
-0.00076615
0.00031985
-0.00065612
0.00030036
0.00032497
0.00100116
0.00020591
-0.00106270
-0.00129422
0.00074087
0.00036182
0.00109648
-0.00038885
-0.00002584
0.00114839
0.00150197
-0.00130248
-0.00048130
-0.00077777
0.00061662
0.00038253
0.00055199
0.00034929
-0.00014933
0.00067730
0.00109808
0.00026766
-0.00019567
0.00132367
-0.00039306
0.00041332
0.00003600
-0.00015406
-0.00122894
0.00057467
0.00057018
-0.00070987
0.00028427
-0.00155807
0.00072226
0.00149809
0.00069421
-0.00019675
0.00072614
0.00057258
0.00146712
0.00096383
0.00109940
0.00054399
0.00093333
-0.00076623
-0.00038846
-0.00132376
0.00214162
-0.03681137
0.00032465
-0.00085079
-0.00051588
0.00013682
0.00033323
0.00013696
-0.00124806
0.00004897
0.00024298
-0.00077975
0.00034238
-0.00067795
0.00034740
0.00029300
0.00100088
0.00023353
-0.00104266
-0.00128282
0.00070240
0.00035716
0.00110500
-0.00045422
-0.00007639
0.00116889
0.00148413
-0.00125280
-0.00048402
-0.00081877
0.00066805
0.00034715
0.00052981
0.00026355
-0.00011426
0.00065481
0.00105919
0.00041830
-0.00042230
0.00128503
-0.00052296
0.00044649
-0.00006120
-0.00027273
-0.00138973
0.00053447
0.00053471
-0.00078707
-0.00004666
-0.00179335
0.00063869
0.00159409
0.00061220
-0.00037762
0.00067200
0.00071370
0.00132187
0.00119710
0.00115047
0.00051047
0.00105993
-0.00075406
-0.00045493
-0.00138199
0.00231014
-0.03520429
0.00037798
-0.00092685
-0.00060943
0.00022306
0.00034202
0.00040200
-0.00117497
-0.00000801
0.00020769
-0.00074897
0.00030228
-0.00066527
0.00019326
0.00031607
0.00108027
0.00035360
-0.00096733
-0.00137734
0.00055232
0.00023748
0.00115870
-0.00046244
-0.00015528
0.00117181
0.00150687
-0.00108536
-0.00050350
-0.00083500
0.00084176
0.00041830
0.00062419
0.00026045
-0.00017172
0.00070316
0.00112831
0.00027908
-0.00016094
0.00127438
-0.00037779
0.00043260
0.00002284
-0.00012568
-0.00124774
0.00055998
0.00059565
-0.00071741
0.00044230
-0.00157592
0.00074270
0.00146798
0.00070438
-0.00017187
0.00073933
0.00059949
0.00147381
0.00099576
0.00109993
0.00051276
0.00084394
-0.00080501
-0.00033584
-0.00132215
0.00216157
-0.03692970
0.00027508
-0.00086564
-0.00052071
0.00012779
0.00027134
0.00007167
-0.00122744
0.00009521
0.00027501
-0.00083019
0.00037236
-0.00073480
0.00032792
0.00028349
0.00098810
0.00023549
-0.00110195
-0.00123045
0.00071786
0.00039565
0.00107499
-0.00049604
-0.00007388
0.00112068
0.00140870
-0.00119810
-0.00048099
-0.00080551
0.00068792
0.00044480
0.00053430
0.00031991
-0.00011002
0.00064999
0.00111347
0.00027637
-0.00021838
0.00127340
-0.00034915
0.00038360
0.00002227
-0.00018816
-0.00128518
0.00057189
0.00060319
-0.00070683
0.00042748
-0.00150151
0.00069579
0.00145089
0.00073289
-0.00017378
0.00072743
0.00064438
0.00145492
0.00103903
0.00112084
0.00055752
0.00083674
-0.00087159
-0.00029690
-0.00129744
0.00217294
-0.03660310
0.00033250
-0.00085455
-0.00056072
0.00015400
0.00029562
0.00013470
-0.00123481
0.00006159
0.00026008
-0.00078309
0.00033268
-0.00077926
0.00028716
0.00030206
0.00101875
0.00023246
-0.00109995
-0.00121784
0.00073552
0.00042988
0.00105782
-0.00051236
-0.00011609
0.00109882
0.00142319
-0.00120299
-0.00049021
-0.00081847
0.00068676
0.00041254
0.00054785
0.00030439
-0.00014352
0.00062590
0.00107079
0.00035159
-0.00033562
0.00118682
-0.00042668
0.00043179
-0.00004552
-0.00023551
-0.00135064
0.00058079
0.00066316
-0.00072969
0.00054804
-0.00159948
0.00061092
0.00143328
0.00068663
-0.00025309
0.00064281
0.00088522
0.00135624
0.00119447
0.00115654
0.00052650
0.00078895
-0.00093134
-0.00023388
-0.00128106
0.00232808
-0.03596945
0.00032221
-0.00091104
-0.00063249
0.00025376
0.00025313
0.00019881
-0.00110641
-0.00001982
0.00025344
-0.00075306
0.00028188
-0.00083871
0.00004233
0.00032707
0.00111059
0.00028422
-0.00114951
-0.00126426
0.00067510
0.00041514
0.00103318
-0.00054174
-0.00014949
0.00106182
0.00145692
-0.00112364
-0.00052232
-0.00078216
0.00077045
0.00054199
0.00065996
0.00039472
-0.00024802
0.00064652
0.00109517
0.00030785
-0.00024040
0.00126089
-0.00041250
0.00041170
-0.00000360
-0.00018616
-0.00131117
0.00056307
0.00060479
-0.00072242
0.00040354
-0.00160008
0.00065182
0.00146198
0.00073910
-0.00021356
0.00064904
0.00077057
0.00146283
0.00108755
0.00117261
0.00051598
0.00085064
-0.00086180
-0.00025050
-0.00131044
0.00223732
-0.03656400
0.00035992
-0.00090381
-0.00063216
0.00022653
0.00031285
0.00017340
-0.00120579
0.00000954
0.00024652
-0.00074627
0.00027122
-0.00081550
0.00015043
0.00030241
0.00109257
0.00028473
-0.00109601
-0.00122145
0.00069055
0.00041255
0.00105750
-0.00051974
-0.00017298
0.00110111
0.00144620
-0.00115368
-0.00051387
-0.00082337
0.00076178
0.00048308
0.00057754
0.00036234
-0.00020796
0.00062512
0.00110414
0.00032970
-0.00002900
0.00123185
-0.00034254
0.00043760
0.00003461
-0.00003507
-0.00123306
0.00065032
0.00070958
-0.00069935
0.00119835
-0.00153205
0.00068383
0.00141601
0.00065760
0.00001275
0.00061200
0.00079334
0.00142153
0.00089457
0.00108442
0.00050543
0.00070332
-0.00078609
-0.00010900
-0.00134721
0.00212569
-0.03849819
0.00020864
-0.00093463
-0.00044229
0.00013283
0.00023120
0.00000569
-0.00122097
0.00006938
0.00024032
-0.00081923
0.00039769
-0.00072635
0.00022120
0.00029045
0.00096934
0.00021501
-0.00118862
-0.00122785
0.00068322
0.00055091
0.00103443
-0.00041537
-0.00014415
0.00107290
0.00148625
-0.00128750
-0.00050345
-0.00066011
0.00062919
0.00054782
0.00053782
0.00048045
-0.00023214
0.00061078
0.00106802
0.00030984
-0.00017565
0.00124920
-0.00031632
0.00034888
0.00003700
-0.00015319
-0.00126077
0.00058708
0.00066183
-0.00071521
0.00054685
-0.00156117
0.00063209
0.00148116
0.00072348
-0.00012948
0.00071019
0.00069783
0.00146358
0.00091313
0.00113202
0.00052929
0.00082155
-0.00082820
-0.00027336
-0.00133322
0.00214900
-0.03712487
0.00036611
-0.00084941
-0.00054294
0.00019127
0.00029875
0.00018875
-0.00125831
0.00009541
0.00030001
-0.00075357
0.00034520
-0.00074127
0.00029806
0.00027379
0.00098258
0.00025572
-0.00112308
-0.00119651
0.00065413
0.00047106
0.00101582
-0.00043330
-0.00014553
0.00107868
0.00146522
-0.00120291
-0.00050309
-0.00073493
0.00068242
0.00044060
0.00050671
0.00036000
-0.00016472
0.00062702
0.00103756
0.00027942
-0.00021976
0.00129642
-0.00030249
0.00033522
0.00002730
-0.00016621
-0.00133918
0.00055941
0.00061695
-0.00068050
0.00048913
-0.00153669
0.00062567
0.00150687
0.00074856
-0.00015715
0.00073610
0.00063570
0.00141814
0.00089880
0.00114391
0.00047485
0.00086887
-0.00087601
-0.00029730
-0.00132791
0.00214243
-0.03680680
0.00036924
-0.00084547
-0.00054773
0.00021769
0.00031741
0.00024265
-0.00121030
0.00016544
0.00021665
-0.00069048
0.00032728
-0.00076046
0.00033819
0.00028591
0.00094928
0.00024807
-0.00110177
-0.00117299
0.00063220
0.00048482
0.00101018
-0.00042089
-0.00016556
0.00106430
0.00145399
-0.00116926
-0.00046715
-0.00076404
0.00070073
0.00039924
0.00052578
0.00029199
-0.00013553
0.00062211
0.00101890
0.00026051
-0.00030864
0.00131623
-0.00029122
0.00029380
0.00002181
-0.00019711
-0.00141277
0.00054343
0.00055253
-0.00069909
0.00036121
-0.00157045
0.00061902
0.00152480
0.00076649
-0.00021103
0.00075718
0.00064014
0.00147459
0.00093890
0.00123131
0.00045746
0.00094752
-0.00089493
-0.00030593
-0.00135878
0.00215132
-0.03651172
0.00040579
-0.00084521
-0.00062403
0.00024874
0.00037158
0.00027452
-0.00124324
0.00017702
0.00026056
-0.00067230
0.00027628
-0.00077555
0.00035110
0.00019132
0.00091363
0.00026908
-0.00110477
-0.00117520
0.00060481
0.00046434
0.00097228
-0.00042971
-0.00024811
0.00106343
0.00145081
-0.00113540
-0.00045981
-0.00075037
0.00074310
0.00032446
0.00052803
0.00027095
-0.00011076
0.00061764
0.00104165
0.00030291
-0.00017671
0.00127796
-0.00028911
0.00033564
-0.00001411
-0.00012400
-0.00139922
0.00061676
0.00059942
-0.00069629
0.00091452
-0.00153589
0.00063677
0.00148290
0.00066980
-0.00008543
0.00068366
0.00074154
0.00146741
0.00091685
0.00119955
0.00047949
0.00083993
-0.00088636
-0.00014906
-0.00140151
0.00211729
-0.03795059
0.00030318
-0.00089104
-0.00053788
0.00018970
0.00031645
0.00013373
-0.00123375
0.00008426
0.00028873
-0.00067812
0.00032322
-0.00077152
0.00028719
0.00017880
0.00093035
0.00021262
-0.00113718
-0.00118258
0.00061140
0.00052325
0.00098810
-0.00041269
-0.00027021
0.00101293
0.00145160
-0.00118973
-0.00047546
-0.00062415
0.00068606
0.00041160
0.00053753
0.00041723
-0.00018526
0.00062175
0.00104382
0.00021240
-0.00020086
0.00130980
-0.00026961
0.00032123
-0.00002034
-0.00015713
-0.00141673
0.00063553
0.00058997
-0.00067790
0.00055739
-0.00154302
0.00066358
0.00150978
0.00071776
-0.00011711
0.00078510
0.00063049
0.00150229
0.00090078
0.00119438
0.00049851
0.00090120
-0.00087659
-0.00024397
-0.00135899
0.00209858
-0.03711267
0.00033571
-0.00085710
-0.00056242
0.00018715
0.00032972
0.00009883
-0.00123074
0.00008336
0.00032954
-0.00069058
0.00024728
-0.00079552
0.00035341
0.00021423
0.00092825
0.00018535
-0.00109936
-0.00114323
0.00065718
0.00045477
0.00103647
-0.00041708
-0.00026340
0.00102020
0.00145503
-0.00117783
-0.00048081
-0.00071249
0.00066711
0.00035127
0.00053818
0.00033017
-0.00014315
0.00060720
0.00108757
0.00029331
-0.00015690
0.00135100
-0.00024445
0.00030120
0.00000416
-0.00014573
-0.00143442
0.00067941
0.00055814
-0.00067068
0.00059662
-0.00155750
0.00061830
0.00149382
0.00068385
-0.00012094
0.00076409
0.00066728
0.00151973
0.00095008
0.00117150
0.00046826
0.00085657
-0.00086084
-0.00024185
-0.00140241
0.00214562
-0.03721551
0.00030646
-0.00086439
-0.00053878
0.00015446
0.00035539
0.00013699
-0.00120755
0.00006032
0.00033636
-0.00069776
0.00031588
-0.00079389
0.00033930
0.00020111
0.00091571
0.00023117
-0.00110488
-0.00110292
0.00069665
0.00046995
0.00106468
-0.00040218
-0.00029901
0.00101925
0.00146096
-0.00122104
-0.00050277
-0.00068878
0.00066654
0.00034487
0.00054493
0.00030307
-0.00016972
0.00057244
0.00111177
0.00032398
-0.00020595
0.00136996
-0.00020946
0.00026687
0.00000303
-0.00022349
-0.00152058
0.00068434
0.00045941
-0.00065220
0.00035767
-0.00156445
0.00060371
0.00150279
0.00066478
-0.00020393
0.00076003
0.00066550
0.00154392
0.00099937
0.00120472
0.00047136
0.00091170
-0.00086754
-0.00030847
-0.00143464
0.00216408
-0.03668994
0.00038670
-0.00080956
-0.00060111
0.00015765
0.00046934
0.00030531
-0.00123995
0.00001283
0.00035271
-0.00069654
0.00030698
-0.00077771
0.00036262
0.00016682
0.00092197
0.00030388
-0.00106725
-0.00106113
0.00068076
0.00041587
0.00109345
-0.00039213
-0.00035555
0.00106428
0.00144678
-0.00119926
-0.00052122
-0.00074662
0.00072754
0.00029943
0.00055193
0.00020523
-0.00013519
0.00054380
0.00117435
0.00031981
-0.00013292
0.00135487
-0.00024645
0.00029960
0.00002450
-0.00017270
-0.00139326
0.00069019
0.00050362
-0.00067771
0.00050478
-0.00152515
0.00068799
0.00149873
0.00067699
-0.00015881
0.00073218
0.00064278
0.00152810
0.00095690
0.00119660
0.00044392
0.00085341
-0.00080748
-0.00024940
-0.00140036
0.00214940
-0.03711704
0.00037772
-0.00086354
-0.00055156
0.00013947
0.00041348
0.00030726
-0.00128722
0.00004023
0.00029843
-0.00072001
0.00034513
-0.00073164
0.00039709
0.00014992
0.00094735
0.00022347
-0.00108854
-0.00112016
0.00071032
0.00044423
0.00108716
-0.00036658
-0.00026338
0.00104716
0.00147511
-0.00128806
-0.00055162
-0.00076300
0.00068914
0.00032595
0.00055305
0.00027526
-0.00011654
0.00057216
0.00155422
0.00050815
-0.00003073
0.00164020
-0.00020251
0.00023363
-0.00003747
-0.00021214
-0.00143829
0.00087631
0.00057430
-0.00063310
0.00166976
-0.00165245
0.00069291
0.00126466
0.00040697
-0.00010504
0.00049143
0.00081054
0.00170520
0.00096014
0.00124821
0.00023473
0.00061064
-0.00086412
-0.00010750
-0.00140709
0.00220353
-0.03915828
0.00014800
-0.00103311
-0.00047830
0.00028741
0.00046297
0.00023808
-0.00113962
-0.00012314
0.00035219
-0.00087074
0.00029097
-0.00058876
0.00022848
-0.00017305
0.00105982
0.00015862
-0.00114551
-0.00125969
0.00066570
0.00056591
0.00118167
-0.00029954
-0.00033878
0.00090122
0.00139967
-0.00143463
-0.00050147
-0.00044438
0.00073251
0.00051791
0.00061737
0.00047919
-0.00012451
0.00048012
0.00123355
0.00036438
-0.00001939
0.00132872
-0.00022661
0.00034743
0.00000428
-0.00008914
-0.00136545
0.00073651
0.00057082
-0.00063403
0.00110363
-0.00152794
0.00064947
0.00144955
0.00059444
-0.00001748
0.00066498
0.00075916
0.00152552
0.00089230
0.00115652
0.00045781
0.00071884
-0.00077354
-0.00011717
-0.00141867
0.00211728
-0.03855777
0.00027171
-0.00091156
-0.00043643
0.00011626
0.00029280
0.00015987
-0.00127284
0.00001591
0.00030527
-0.00073490
0.00038454
-0.00070781
0.00034778
0.00011621
0.00094873
0.00017100
-0.00110955
-0.00112586
0.00071020
0.00050944
0.00108448
-0.00033726
-0.00025914
0.00099322
0.00143896
-0.00132629
-0.00057787
-0.00064194
0.00064979
0.00043601
0.00055590
0.00039949
-0.00018958
0.00057889
0.00118195
0.00036395
-0.00011791
0.00133223
-0.00017916
0.00027233
-0.00003014
-0.00016082
-0.00138143
0.00071382
0.00050126
-0.00066410
0.00059609
-0.00154335
0.00064466
0.00144090
0.00061691
-0.00011666
0.00072261
0.00063568
0.00152426
0.00093011
0.00122868
0.00048240
0.00083241
-0.00079660
-0.00027105
-0.00140680
0.00212849
-0.03731885
0.00039779
-0.00082615
-0.00049352
0.00016147
0.00034152
0.00024623
-0.00127609
0.00000675
0.00035505
-0.00075755
0.00031839
-0.00074134
0.00034701
0.00015413
0.00093263
0.00019692
-0.00110334
-0.00107344
0.00074109
0.00044511
0.00108995
-0.00037225
-0.00022018
0.00100902
0.00138155
-0.00123729
-0.00057081
-0.00081085
0.00072368
0.00038047
0.00052099
0.00028289
-0.00019420
0.00057612
0.00118153
0.00036049
-0.00015194
0.00127263
-0.00018074
0.00029769
-0.00003299
-0.00017071
-0.00139104
0.00075860
0.00051990
-0.00063476
0.00050899
-0.00156241
0.00068622
0.00146898
0.00060832
-0.00013952
0.00071064
0.00063463
0.00152753
0.00091441
0.00120957
0.00049218
0.00085889
-0.00083369
-0.00026896
-0.00140574
0.00213040
-0.03701914
0.00039599
-0.00085017
-0.00044776
0.00016068
0.00035892
0.00019352
-0.00129893
0.00000243
0.00040333
-0.00076083
0.00031990
-0.00075034
0.00030662
0.00018849
0.00087156
0.00011706
-0.00114112
-0.00110330
0.00077927
0.00045022
0.00116027
-0.00040923
-0.00024673
0.00098876
0.00138457
-0.00121131
-0.00056267
-0.00079937
0.00069651
0.00040151
0.00045101
0.00026658
-0.00019672
0.00057327
0.00118928
0.00038154
-0.00023258
0.00127466
-0.00019503
0.00030470
-0.00001435
-0.00020359
-0.00146612
0.00067927
0.00046979
-0.00066468
0.00033352
-0.00154490
0.00066014
0.00149171
0.00063730
-0.00017619
0.00072611
0.00059985
0.00152986
0.00097283
0.00121696
0.00048803
0.00090056
-0.00086559
-0.00032133
-0.00145628
0.00214291
-0.03672882
0.00043501
-0.00084807
-0.00047762
0.00015694
0.00042220
0.00038841
-0.00132692
0.00003846
0.00039544
-0.00075097
0.00032241
-0.00073204
0.00034471
0.00013982
0.00089916
0.00010553
-0.00108880
-0.00112673
0.00081187
0.00042845
0.00119851
-0.00040581
-0.00022927
0.00102866
0.00137263
-0.00127096
-0.00053183
-0.00081473
0.00068127
0.00040575
0.00044611
0.00021642
-0.00019082
0.00057856
0.00117488
0.00036777
-0.00024264
0.00127579
-0.00020344
0.00032355
-0.00001681
-0.00021080
-0.00152595
0.00070365
0.00046980
-0.00066732
0.00031069
-0.00149545
0.00068138
0.00152305
0.00061960
-0.00016039
0.00073537
0.00060867
0.00152273
0.00098140
0.00121710
0.00050981
0.00089482
-0.00087694
-0.00031288
-0.00147888
0.00210132
-0.03684646
0.00042861
-0.00084646
-0.00044011
0.00014860
0.00042291
0.00043147
-0.00135981
0.00003394
0.00036721
-0.00074735
0.00033284
-0.00069602
0.00034574
0.00013324
0.00094136
0.00012617
-0.00105917
-0.00114298
0.00080990
0.00041046
0.00118375
-0.00037865
-0.00024584
0.00100923
0.00132834
-0.00130457
-0.00055124
-0.00082980
0.00069627
0.00044131
0.00042552
0.00022179
-0.00021138
0.00055338
0.00117907
0.00030859
-0.00017432
0.00127276
-0.00022233
0.00039198
0.00001422
-0.00015332
-0.00146100
0.00071527
0.00051748
-0.00063750
0.00061291
-0.00148688
0.00061337
0.00153895
0.00065599
-0.00009448
0.00066043
0.00066762
0.00149988
0.00097142
0.00116348
0.00049431
0.00081232
-0.00089747
-0.00022679
-0.00150341
0.00207983
-0.03752176
0.00035179
-0.00088858
-0.00040611
0.00014786
0.00040577
0.00025666
-0.00130642
0.00005133
0.00033033
-0.00071923
0.00035998
-0.00069645
0.00029134
0.00014904
0.00098156
0.00011150
-0.00109204
-0.00114745
0.00081473
0.00048259
0.00119989
-0.00037687
-0.00022991
0.00101955
0.00134455
-0.00132712
-0.00052560
-0.00076924
0.00064791
0.00046197
0.00044311
0.00027845
-0.00022615
0.00055566
0.00128425
0.00038362
-0.00030753
0.00124788
-0.00022245
0.00043555
0.00001644
-0.00019896
-0.00163162
0.00074711
0.00041479
-0.00066152
0.00061655
-0.00149904
0.00050162
0.00158885
0.00063776
-0.00014038
0.00059678
0.00073123
0.00150202
0.00107809
0.00121992
0.00038345
0.00080489
-0.00100685
-0.00021317
-0.00164823
0.00213552
-0.03713795
0.00034995
-0.00096585
-0.00036464
0.00023332
0.00052021
0.00044119
-0.00124591
-0.00000922
0.00033076
-0.00070420
0.00036940
-0.00062967
0.00016317
-0.00000883
0.00102847
0.00001127
-0.00105854
-0.00117414
0.00086912
0.00048516
0.00135460
-0.00033990
-0.00032498
0.00097476
0.00123730
-0.00143513
-0.00050864
-0.00073979
0.00067083
0.00055937
0.00038880
0.00024929
-0.00028441
0.00051548
0.00116097
0.00030037
-0.00015346
0.00130568
-0.00023678
0.00039525
0.00003176
-0.00011535
-0.00143071
0.00071069
0.00053185
-0.00062047
0.00062659
-0.00145802
0.00063653
0.00156023
0.00064543
-0.00009013
0.00067100
0.00066043
0.00150900
0.00101070
0.00111765
0.00050278
0.00079759
-0.00091375
-0.00023256
-0.00151308
0.00206897
-0.03751785
0.00033709
-0.00084396
-0.00039259
0.00017121
0.00038001
0.00014315
-0.00131646
0.00006739
0.00033642
-0.00072914
0.00038244
-0.00067120
0.00032595
0.00019734
0.00092620
0.00013519
-0.00110471
-0.00114946
0.00083811
0.00043926
0.00115690
-0.00036359
-0.00018473
0.00107793
0.00136439
-0.00132364
-0.00052232
-0.00078079
0.00060812
0.00047102
0.00046973
0.00027220
-0.00022001
0.00058323
0.00126840
0.00039991
-0.00025612
0.00130854
-0.00023573
0.00043980
0.00004082
-0.00011389
-0.00161140
0.00074775
0.00041941
-0.00063917
0.00077384
-0.00146617
0.00053337
0.00161387
0.00059785
-0.00011495
0.00061722
0.00075419
0.00148247
0.00115667
0.00115219
0.00037525
0.00076130
-0.00102875
-0.00018331
-0.00167631
0.00212584
-0.03729583
0.00032485
-0.00091022
-0.00033723
0.00023530
0.00047723
0.00030048
-0.00125225
0.00004094
0.00033842
-0.00071530
0.00041557
-0.00059985
0.00021928
0.00005980
0.00091686
0.00006423
-0.00110080
-0.00118037
0.00089113
0.00041776
0.00126289
-0.00029155
-0.00027213
0.00106860
0.00128674
-0.00139470
-0.00051967
-0.00073131
0.00061747
0.00056805
0.00045898
0.00025157
-0.00027569
0.00055601
0.00122447
0.00034237
-0.00019753
0.00133923
-0.00025108
0.00041145
0.00003654
-0.00011318
-0.00154576
0.00071501
0.00043699
-0.00063494
0.00057164
-0.00149947
0.00057920
0.00160887
0.00065903
-0.00011488
0.00061830
0.00069833
0.00153926
0.00107235
0.00117542
0.00042025
0.00082251
-0.00094993
-0.00019476
-0.00162527
0.00208680
-0.03744716
0.00038136
-0.00089606
-0.00040883
0.00021893
0.00047913
0.00027452
-0.00132616
0.00005198
0.00032537
-0.00069655
0.00036174
-0.00065174
0.00027320
0.00011700
0.00094715
0.00012217
-0.00107342
-0.00113993
0.00085702
0.00042379
0.00122225
-0.00032212
-0.00027295
0.00108418
0.00132260
-0.00134155
-0.00052799
-0.00079484
0.00065243
0.00051199
0.00043725
0.00025245
-0.00025103
0.00054604
0.00114648
0.00031920
-0.00003759
0.00130843
-0.00024870
0.00040106
0.00000406
0.00000333
-0.00138729
0.00073674
0.00055524
-0.00064789
0.00085600
-0.00146594
0.00061789
0.00154544
0.00066684
-0.00000828
0.00064934
0.00071822
0.00147818
0.00100784
0.00108829
0.00048562
0.00073277
-0.00085237
-0.00009389
-0.00153420
0.00205407
-0.03829540
0.00028909
-0.00088377
-0.00038000
0.00015643
0.00033994
0.00006111
-0.00135551
0.00007995
0.00029245
-0.00071461
0.00042075
-0.00068177
0.00024154
0.00019918
0.00092132
0.00012346
-0.00111399
-0.00110798
0.00085691
0.00048634
0.00113129
-0.00034364
-0.00023384
0.00107989
0.00136235
-0.00138081
-0.00054994
-0.00073804
0.00063099
0.00049414
0.00051090
0.00028744
-0.00027803
0.00055376
0.00115786
0.00028227
-0.00005511
0.00133995
-0.00023217
0.00041377
-0.00000448
-0.00001772
-0.00141574
0.00071363
0.00055834
-0.00064991
0.00089467
-0.00149474
0.00060614
0.00153171
0.00071168
0.00000357
0.00063463
0.00067978
0.00148352
0.00100831
0.00103128
0.00048627
0.00073090
-0.00087328
-0.00014214
-0.00151500
0.00209976
-0.03803534
0.00031171
-0.00087490
-0.00037932
0.00013376
0.00029861
0.00010641
-0.00135798
0.00007246
0.00028538
-0.00072531
0.00043700
-0.00067594
0.00027595
0.00019437
0.00092217
0.00013010
-0.00111109
-0.00111700
0.00085022
0.00047590
0.00111550
-0.00037647
-0.00018093
0.00105576
0.00133922
-0.00137870
-0.00051100
-0.00071820
0.00061908
0.00048443
0.00051171
0.00026250
-0.00024817
0.00055599
0.00118544
0.00025560
-0.00008117
0.00133636
-0.00022110
0.00036566
0.00000629
-0.00000515
-0.00140910
0.00070828
0.00052348
-0.00066915
0.00090065
-0.00147483
0.00060567
0.00153595
0.00072421
-0.00001414
0.00062534
0.00066184
0.00147096
0.00103393
0.00101584
0.00049727
0.00072779
-0.00084052
-0.00016052
-0.00149561
0.00209461
-0.03810996
0.00032406
-0.00085817
-0.00039277
0.00010638
0.00031353
0.00006905
-0.00138218
0.00004082
0.00032844
-0.00076190
0.00045817
-0.00068520
0.00028487
0.00017153
0.00090755
0.00018077
-0.00104360
-0.00108102
0.00089357
0.00048597
0.00110431
-0.00038326
-0.00019972
0.00109189
0.00133714
-0.00140195
-0.00052488
-0.00075212
0.00067072
0.00046190
0.00050662
0.00021074
-0.00025290
0.00056589
0.00116301
0.00025552
-0.00011188
0.00131945
-0.00019785
0.00033271
0.00000585
-0.00002686
-0.00138291
0.00067389
0.00049948
-0.00067688
0.00070843
-0.00146603
0.00059614
0.00157996
0.00072630
-0.00003597
0.00063563
0.00065736
0.00146647
0.00104453
0.00104296
0.00050933
0.00079461
-0.00085861
-0.00016643
-0.00150722
0.00212476
-0.03762137
0.00033673
-0.00084070
-0.00039807
0.00018095
0.00034321
0.00002329
-0.00135279
0.00002096
0.00033091
-0.00073231
0.00047980
-0.00069374
0.00030075
0.00015482
0.00093394
0.00022904
-0.00104059
-0.00106259
0.00085190
0.00049411
0.00108958
-0.00038582
-0.00021696
0.00107839
0.00131806
-0.00137046
-0.00051241
-0.00078017
0.00066992
0.00046078
0.00049240
0.00016253
-0.00026233
0.00055244
0.00119402
0.00025964
-0.00017319
0.00132686
-0.00015475
0.00025773
0.00000184
-0.00005191
-0.00148009
0.00067997
0.00041945
-0.00068750
0.00049177
-0.00144265
0.00057673
0.00159046
0.00071682
-0.00011830
0.00063186
0.00062223
0.00149949
0.00114400
0.00107227
0.00052932
0.00085929
-0.00088276
-0.00019125
-0.00158070
0.00212427
-0.03726821
0.00038697
-0.00081503
-0.00041052
0.00021318
0.00041753
0.00009671
-0.00142173
0.00002395
0.00033177
-0.00066790
0.00046471
-0.00067471
0.00031873
0.00016426
0.00090480
0.00026065
-0.00099129
-0.00103855
0.00088854
0.00048699
0.00110931
-0.00037783
-0.00018116
0.00106606
0.00126001
-0.00138478
-0.00054581
-0.00086184
0.00071461
0.00037829
0.00048199
0.00010681
-0.00022705
0.00055856
0.00118846
0.00029476
-0.00007487
0.00129795
-0.00015840
0.00030477
-0.00003084
-0.00000147
-0.00148450
0.00072325
0.00046165
-0.00069031
0.00096790
-0.00141625
0.00060440
0.00155158
0.00064611
-0.00001125
0.00057922
0.00071080
0.00149211
0.00111899
0.00105835
0.00053859
0.00077432
-0.00088114
-0.00005884
-0.00160368
0.00209462
-0.03842303
0.00029353
-0.00086409
-0.00035159
0.00016069
0.00035890
-0.00000670
-0.00140816
-0.00004737
0.00035076
-0.00068591
0.00048581
-0.00067641
0.00026471
0.00013960
0.00091972
0.00021396
-0.00101816
-0.00106114
0.00086042
0.00053337
0.00110719
-0.00036163
-0.00022074
0.00101498
0.00127191
-0.00142173
-0.00054744
-0.00073685
0.00066696
0.00045133
0.00048893
0.00024821
-0.00028499
0.00056091
0.00115566
0.00027598
-0.00000887
0.00123368
-0.00018387
0.00032292
-0.00003811
0.00004704
-0.00139804
0.00074815
0.00053053
-0.00066921
0.00119258
-0.00143008
0.00062103
0.00152416
0.00063082
0.00004455
0.00056308
0.00073473
0.00146922
0.00110642
0.00100617
0.00056042
0.00069747
-0.00085431
0.00000891
-0.00158670
0.00206653
-0.03893987
0.00023846
-0.00086474
-0.00032880
0.00011788
0.00031345
-0.00003165
-0.00137769
-0.00005986
0.00035306
-0.00070441
0.00047771
-0.00064918
0.00023087
0.00016765
0.00091343
0.00020172
-0.00104646
-0.00107927
0.00086867
0.00054267
0.00108754
-0.00037552
-0.00020442
0.00102220
0.00126908
-0.00145213
-0.00053903
-0.00068276
0.00063588
0.00049741
0.00048261
0.00030336
-0.00029891
0.00058376
0.00113433
0.00024816
-0.00007489
0.00125055
-0.00017064
0.00026297
-0.00004595
-0.00000510
-0.00141630
0.00071857
0.00045209
-0.00068260
0.00081861
-0.00142792
0.00064155
0.00154936
0.00063029
0.00001482
0.00059687
0.00064511
0.00147746
0.00114016
0.00099880
0.00059920
0.00076285
-0.00087848
-0.00005068
-0.00158206
0.00205918
-0.03823935
0.00030293
-0.00081434
-0.00037478
0.00013393
0.00036253
0.00002967
-0.00138498
-0.00007901
0.00037385
-0.00067312
0.00047601
-0.00064218
0.00022245
0.00021037
0.00088548
0.00022433
-0.00098464
-0.00104231
0.00088226
0.00050180
0.00110348
-0.00041864
-0.00019819
0.00107021
0.00125959
-0.00142797
-0.00053804
-0.00074064
0.00065112
0.00045099
0.00046111
0.00025654
-0.00026554
0.00058862
0.00107684
0.00023011
-0.00010197
0.00127459
-0.00017377
0.00025280
-0.00004790
-0.00002371
-0.00137973
0.00068574
0.00043051
-0.00067013
0.00070539
-0.00145252
0.00066066
0.00152295
0.00067236
0.00001099
0.00063698
0.00058453
0.00149114
0.00110793
0.00099797
0.00061703
0.00077509
-0.00082659
-0.00010962
-0.00152241
0.00206733
-0.03789866
0.00034719
-0.00081054
-0.00040613
0.00012942
0.00034384
0.00008755
-0.00136725
-0.00003539
0.00037175
-0.00068079
0.00045282
-0.00062158
0.00027580
0.00024228
0.00086486
0.00021563
-0.00096325
-0.00103260
0.00090384
0.00047967
0.00108284
-0.00047271
-0.00020098
0.00106222
0.00129309
-0.00137407
-0.00055342
-0.00077446
0.00066537
0.00044649
0.00047852
0.00028435
-0.00024850
0.00059014
0.00106551
0.00018681
-0.00016559
0.00127280
-0.00018629
0.00021507
-0.00005448
-0.00012779
-0.00137443
0.00064770
0.00040341
-0.00066506
0.00040246
-0.00144175
0.00065549
0.00154435
0.00069545
-0.00007447
0.00062658
0.00050844
0.00150630
0.00118061
0.00099561
0.00065324
0.00087580
-0.00084631
-0.00024658
-0.00151118
0.00210139
-0.03692821
0.00042735
-0.00080178
-0.00046765
0.00017314
0.00037484
0.00013592
-0.00135693
-0.00000996
0.00038821
-0.00064909
0.00042516
-0.00063819
0.00032853
0.00020634
0.00083502
0.00023797
-0.00095035
-0.00099461
0.00091795
0.00048993
0.00111093
-0.00051335
-0.00021126
0.00113972
0.00129978
-0.00132179
-0.00057822
-0.00083177
0.00069967
0.00037398
0.00048896
0.00020598
-0.00024002
0.00062518
0.00104542
0.00014363
-0.00021103
0.00129358
-0.00017687
0.00022405
-0.00004309
-0.00013825
-0.00140879
0.00063530
0.00039766
-0.00067410
0.00017635
-0.00142838
0.00066695
0.00155515
0.00065303
-0.00013297
0.00063569
0.00045624
0.00147755
0.00125931
0.00096615
0.00066223
0.00093576
-0.00088310
-0.00027590
-0.00157920
0.00207914
-0.03679518
0.00049128
-0.00083939
-0.00050107
0.00013891
0.00044173
0.00015104
-0.00141302
-0.00003479
0.00037058
-0.00063325
0.00038501
-0.00063844
0.00032215
0.00015895
0.00081729
0.00026494
-0.00091522
-0.00095240
0.00095147
0.00052325
0.00110494
-0.00049162
-0.00027531
0.00115589
0.00131941
-0.00131782
-0.00064143
-0.00087511
0.00072741
0.00035147
0.00052691
0.00013106
-0.00018936
0.00061447
0.00104566
0.00019035
-0.00006816
0.00128170
-0.00019565
0.00028352
-0.00005405
-0.00003996
-0.00133064
0.00065447
0.00049649
-0.00065472
0.00045012
-0.00145903
0.00064347
0.00151556
0.00066090
-0.00005196
0.00060779
0.00054999
0.00144986
0.00117336
0.00096543
0.00062137
0.00081365
-0.00085762
-0.00016978
-0.00152377
0.00207150
-0.03766104
0.00039653
-0.00084595
-0.00044775
0.00007393
0.00034589
0.00003925
-0.00134676
-0.00002964
0.00035223
-0.00065605
0.00036650
-0.00067572
0.00032557
0.00020614
0.00085683
0.00022180
-0.00097550
-0.00099163
0.00092385
0.00057531
0.00107690
-0.00047396
-0.00024642
0.00109955
0.00134141
-0.00132582
-0.00062556
-0.00076847
0.00069995
0.00042873
0.00052229
0.00026505
-0.00026840
0.00064955
0.00106926
0.00020431
-0.00009864
0.00129185
-0.00021399
0.00031957
-0.00006872
-0.00008079
-0.00132955
0.00066239
0.00050763
-0.00067195
0.00050546
-0.00145716
0.00063199
0.00152743
0.00063106
-0.00005389
0.00064968
0.00056769
0.00145811
0.00118768
0.00099343
0.00060958
0.00081418
-0.00085889
-0.00020150
-0.00150891
0.00208013
-0.03745737
0.00040527
-0.00083828
-0.00044750
0.00009214
0.00036319
0.00001971
-0.00134342
-0.00001247
0.00035385
-0.00062965
0.00039029
-0.00068600
0.00035074
0.00022287
0.00084992
0.00023437
-0.00094965
-0.00098200
0.00092132
0.00057001
0.00108199
-0.00045995
-0.00025936
0.00108763
0.00134521
-0.00128993
-0.00062925
-0.00079608
0.00066929
0.00041348
0.00051072
0.00024370
-0.00025611
0.00065344
0.00107835
0.00017472
-0.00013456
0.00131731
-0.00020079
0.00027076
-0.00004392
-0.00013496
-0.00136794
0.00061861
0.00046860
-0.00064337
0.00022453
-0.00147327
0.00064153
0.00155309
0.00066863
-0.00014579
0.00069774
0.00051675
0.00149990
0.00120969
0.00097199
0.00059702
0.00088006
-0.00085700
-0.00030128
-0.00148892
0.00205587
-0.03690075
0.00045383
-0.00081774
-0.00046993
0.00011473
0.00039278
0.00006705
-0.00134273
-0.00000490
0.00034592
-0.00063151
0.00037382
-0.00071319
0.00039567
0.00019487
0.00087880
0.00027398
-0.00090668
-0.00097025
0.00093380
0.00053726
0.00111246
-0.00047520
-0.00029321
0.00108771
0.00136261
-0.00132567
-0.00064009
-0.00087397
0.00070697
0.00039153
0.00050509
0.00019329
-0.00022231
0.00064151
0.00106519
0.00022751
-0.00011761
0.00130356
-0.00018155
0.00027008
0.00000596
-0.00013255
-0.00138247
0.00062617
0.00047748
-0.00063137
0.00020874
-0.00147307
0.00065851
0.00156258
0.00064368
-0.00014026
0.00063969
0.00059292
0.00149683
0.00117600
0.00099752
0.00054716
0.00089067
-0.00085048
-0.00030818
-0.00148811
0.00208755
-0.03707311
0.00042387
-0.00081166
-0.00042628
0.00014198
0.00037785
0.00014743
-0.00135592
-0.00000811
0.00032048
-0.00061784
0.00039431
-0.00072497
0.00036727
0.00020501
0.00088309
0.00026034
-0.00095347
-0.00098567
0.00085592
0.00053211
0.00110941
-0.00046877
-0.00028981
0.00109718
0.00140735
-0.00134864
-0.00059772
-0.00086386
0.00069947
0.00039397
0.00049376
0.00022254
-0.00023795
0.00065730
0.00107537
0.00025108
-0.00010361
0.00129086
-0.00017587
0.00027174
-0.00002234
-0.00014156
-0.00142488
0.00065780
0.00045188
-0.00064227
0.00030485
-0.00144319
0.00066257
0.00156557
0.00058996
-0.00012317
0.00061208
0.00061871
0.00150308
0.00123518
0.00099929
0.00056755
0.00088717
-0.00088669
-0.00026059
-0.00154202
0.00207837
-0.03738573
0.00041786
-0.00082426
-0.00040678
0.00013598
0.00039594
0.00012868
-0.00138207
-0.00007621
0.00034177
-0.00059766
0.00040343
-0.00071938
0.00034314
0.00018899
0.00089606
0.00023854
-0.00092916
-0.00097317
0.00086842
0.00054898
0.00113402
-0.00046919
-0.00033885
0.00107132
0.00138593
-0.00137346
-0.00060447
-0.00083525
0.00070334
0.00041426
0.00049152
0.00025546
-0.00027590
0.00066353
0.00099812
0.00024487
-0.00009709
0.00130844
-0.00017887
0.00023229
-0.00000222
-0.00015362
-0.00140178
0.00056900
0.00049224
-0.00063914
0.00020239
-0.00144561
0.00063980
0.00155644
0.00064273
-0.00018907
0.00066460
0.00057222
0.00149730
0.00121482
0.00102124
0.00056266
0.00087215
-0.00092380
-0.00027768
-0.00146327
0.00209149
-0.03684398
0.00043160
-0.00082042
-0.00040617
0.00016504
0.00038400
0.00013475
-0.00135119
-0.00005431
0.00033481
-0.00064564
0.00036915
-0.00076366
0.00036901
0.00017789
0.00090704
0.00026470
-0.00094102
-0.00097359
0.00082851
0.00052103
0.00110791
-0.00045575
-0.00033825
0.00110690
0.00141463
-0.00130010
-0.00062077
-0.00087977
0.00067010
0.00038962
0.00048255
0.00019698
-0.00022888
0.00064621
0.00105346
0.00025647
-0.00011162
0.00130598
-0.00016290
0.00024533
-0.00000624
-0.00015914
-0.00141889
0.00059640
0.00048782
-0.00065072
0.00032288
-0.00146799
0.00064971
0.00155346
0.00062293
-0.00016814
0.00068717
0.00061539
0.00145346
0.00122291
0.00102818
0.00054442
0.00086214
-0.00089733
-0.00027130
-0.00146264
0.00206660
-0.03685694
0.00042567
-0.00084706
-0.00041201
0.00013363
0.00035509
0.00012218
-0.00134540
-0.00000015
0.00032323
-0.00066735
0.00036951
-0.00077598
0.00035134
0.00020774
0.00090836
0.00028383
-0.00093800
-0.00100597
0.00080285
0.00054540
0.00107948
-0.00043097
-0.00035983
0.00106563
0.00140227
-0.00124667
-0.00062821
-0.00084543
0.00070657
0.00038379
0.00051990
0.00024784
-0.00023940
0.00065765
0.00101327
0.00025567
-0.00005337
0.00131857
-0.00016742
0.00027110
-0.00004253
-0.00012818
-0.00142919
0.00060508
0.00049490
-0.00063342
0.00047798
-0.00150243
0.00063127
0.00153157
0.00060409
-0.00013166
0.00069045
0.00065580
0.00141979
0.00119950
0.00101236
0.00055110
0.00081796
-0.00086126
-0.00024255
-0.00145884
0.00207143
-0.03720178
0.00037472
-0.00086553
-0.00039265
0.00012446
0.00031525
0.00011317
-0.00133475
-0.00000589
0.00033220
-0.00067312
0.00034180
-0.00078526
0.00033067
0.00018957
0.00091956
0.00028204
-0.00096577
-0.00102532
0.00076309
0.00052256
0.00105961
-0.00039703
-0.00032413
0.00107033
0.00138529
-0.00124138
-0.00062134
-0.00081712
0.00069470
0.00041918
0.00054607
0.00030453
-0.00025861
0.00064571
0.00101820
0.00026394
-0.00015893
0.00137621
-0.00016538
0.00018355
-0.00006497
-0.00023266
-0.00154991
0.00055259
0.00040887
-0.00063045
0.00003880
-0.00151071
0.00060206
0.00158725
0.00057265
-0.00022420
0.00072655
0.00059253
0.00137736
0.00135686
0.00103358
0.00057124
0.00094071
-0.00094471
-0.00030257
-0.00152335
0.00208909
-0.03619219
0.00050813
-0.00083806
-0.00040638
0.00016425
0.00040999
0.00028793
-0.00140871
-0.00004772
0.00031814
-0.00060864
0.00033265
-0.00082364
0.00036266
0.00018819
0.00094532
0.00033167
-0.00089383
-0.00098524
0.00077444
0.00046533
0.00106633
-0.00038346
-0.00037727
0.00108936
0.00134108
-0.00119362
-0.00063290
-0.00094665
0.00078861
0.00034427
0.00055840
0.00019777
-0.00025005
0.00061472
0.00098017
0.00025432
-0.00014245
0.00132455
-0.00018711
0.00021940
-0.00006193
-0.00018379
-0.00148163
0.00055220
0.00047009
-0.00060525
0.00014286
-0.00152209
0.00062359
0.00161131
0.00060692
-0.00020394
0.00067424
0.00061906
0.00140917
0.00123608
0.00105921
0.00055981
0.00091810
-0.00089841
-0.00030852
-0.00148026
0.00206098
-0.03647982
0.00045253
-0.00080705
-0.00044197
0.00016995
0.00036530
0.00022585
-0.00137356
-0.00000569
0.00031599
-0.00064097
0.00033836
-0.00079297
0.00034403
0.00020886
0.00096078
0.00032183
-0.00093968
-0.00104281
0.00075914
0.00042717
0.00104182
-0.00039340
-0.00032273
0.00107601
0.00139100
-0.00119233
-0.00060141
-0.00092278
0.00073081
0.00037550
0.00053221
0.00022298
-0.00023435
0.00063425
0.00097313
0.00031655
-0.00011020
0.00149341
-0.00009913
0.00008159
-0.00027530
-0.00026127
-0.00173831
0.00052971
0.00061898
-0.00044031
0.00067620
-0.00158570
0.00048478
0.00168250
0.00028478
-0.00025548
0.00039222
0.00079776
0.00134788
0.00157213
0.00105922
0.00051400
0.00082877
-0.00119707
-0.00025856
-0.00165030
0.00194341
-0.03730266
0.00030743
-0.00081322
-0.00031955
0.00042989
0.00034014
0.00007361
-0.00142884
-0.00007528
0.00034041
-0.00062730
0.00021805
-0.00081094
0.00015583
0.00004152
0.00116625
0.00035963
-0.00090430
-0.00116728
0.00068276
0.00046011
0.00099614
-0.00027832
-0.00040807
0.00092091
0.00122220
-0.00110163
-0.00052704
-0.00084452
0.00077401
0.00057448
0.00059412
0.00029015
-0.00039024
0.00065533
0.00100117
0.00029289
-0.00009023
0.00135265
-0.00014499
0.00021665
-0.00008951
-0.00016692
-0.00150401
0.00060164
0.00051648
-0.00055524
0.00037777
-0.00151901
0.00063239
0.00160106
0.00052355
-0.00015443
0.00063495
0.00068679
0.00141613
0.00122213
0.00106584
0.00057474
0.00086346
-0.00094096
-0.00025219
-0.00148672
0.00203575
-0.03732823
0.00043046
-0.00083753
-0.00039210
0.00018000
0.00034644
0.00017564
-0.00137868
-0.00000518
0.00030689
-0.00061466
0.00036267
-0.00077735
0.00031539
0.00021409
0.00100358
0.00032433
-0.00095730
-0.00104749
0.00077971
0.00045449
0.00104440
-0.00038292
-0.00031619
0.00107647
0.00136980
-0.00118530
-0.00058830
-0.00088206
0.00070808
0.00043747
0.00056010
0.00024935
-0.00026257
0.00063270
0.00100819
0.00031253
-0.00006238
0.00134165
-0.00013792
0.00023661
-0.00006214
-0.00013313
-0.00151041
0.00063400
0.00052843
-0.00054519
0.00059828
-0.00150575
0.00063881
0.00157906
0.00050716
-0.00010680
0.00060921
0.00072218
0.00139832
0.00120337
0.00106529
0.00057250
0.00083024
-0.00093256
-0.00019950
-0.00148402
0.00203425
-0.03782042
0.00037020
-0.00084872
-0.00035435
0.00014968
0.00032216
0.00014259
-0.00138538
-0.00003262
0.00031719
-0.00062653
0.00037610
-0.00076106
0.00029803
0.00021361
0.00100551
0.00031195
-0.00096437
-0.00106950
0.00076986
0.00047255
0.00102690
-0.00036586
-0.00033678
0.00103515
0.00136858
-0.00119334
-0.00059976
-0.00081773
0.00069098
0.00046772
0.00057824
0.00028769
-0.00027084
0.00062554
0.00100890
0.00035263
-0.00008042
0.00136843
-0.00011530
0.00022837
-0.00001955
-0.00017835
-0.00147580
0.00061760
0.00050488
-0.00054892
0.00034621
-0.00146703
0.00065199
0.00160204
0.00054847
-0.00010922
0.00064158
0.00067125
0.00145545
0.00118937
0.00107049
0.00060597
0.00084760
-0.00091687
-0.00024033
-0.00142810
0.00204786
-0.03726121
0.00039998
-0.00081804
-0.00040315
0.00018522
0.00030824
0.00013008
-0.00140642
0.00001217
0.00032095
-0.00064166
0.00037756
-0.00074036
0.00034738
0.00022466
0.00096701
0.00032029
-0.00097264
-0.00104853
0.00076377
0.00043861
0.00107577
-0.00038648
-0.00033575
0.00105176
0.00139241
-0.00119512
-0.00059067
-0.00088076
0.00069130
0.00044361
0.00053625
0.00026644
-0.00027141
0.00060732
0.00097089
0.00038326
-0.00006973
0.00135597
-0.00015911
0.00023374
-0.00002746
-0.00017578
-0.00149594
0.00062899
0.00052582
-0.00056544
0.00032781
-0.00147509
0.00063585
0.00164028
0.00057756
-0.00013399
0.00063917
0.00065101
0.00143771
0.00119438
0.00107315
0.00059720
0.00087453
-0.00089920
-0.00025330
-0.00143163
0.00206781
-0.03711869
0.00040762
-0.00084811
-0.00039610
0.00017393
0.00029869
0.00012066
-0.00142640
0.00001372
0.00028399
-0.00063849
0.00035738
-0.00076519
0.00036706
0.00023641
0.00096695
0.00032668
-0.00096887
-0.00103749
0.00076153
0.00043970
0.00106265
-0.00039935
-0.00031357
0.00104617
0.00142638
-0.00122956
-0.00056503
-0.00086011
0.00067923
0.00042931
0.00054365
0.00027389
-0.00024525
0.00062156
0.00097181
0.00037957
-0.00009164
0.00138177
-0.00016192
0.00022616
-0.00003689
-0.00021722
-0.00151397
0.00062094
0.00052425
-0.00057325
0.00023100
-0.00145948
0.00070000
0.00164167
0.00056530
-0.00014282
0.00064559
0.00066590
0.00147588
0.00123018
0.00106992
0.00061807
0.00088987
-0.00091110
-0.00025081
-0.00142435
0.00207172
-0.03696887
0.00044558
-0.00084114
-0.00044709
0.00019738
0.00028435
0.00017555
-0.00147896
0.00003147
0.00028526
-0.00064338
0.00036688
-0.00077441
0.00040476
0.00023518
0.00096690
0.00033545
-0.00095570
-0.00102641
0.00075280
0.00042066
0.00109905
-0.00040992
-0.00029020
0.00105358
0.00143204
-0.00119309
-0.00057087
-0.00089956
0.00067492
0.00039337
0.00055228
0.00025929
-0.00026622
0.00063697
0.00085300
0.00053897
-0.00006989
0.00142345
-0.00015276
0.00018119
-0.00008484
-0.00027966
-0.00171208
0.00060718
0.00050172
-0.00055482
-0.00000777
-0.00141409
0.00063026
0.00181759
0.00047159
-0.00025412
0.00055991
0.00072901
0.00138217
0.00156650
0.00107202
0.00059986
0.00097424
-0.00102199
-0.00027365
-0.00152970
0.00212620
-0.03601518
0.00046759
-0.00085722
-0.00040826
0.00029904
0.00026821
0.00016081
-0.00162105
-0.00005054
0.00022046
-0.00057948
0.00034920
-0.00079215
0.00039930
0.00017703
0.00100817
0.00044143
-0.00086625
-0.00098812
0.00070319
0.00039127
0.00110611
-0.00033192
-0.00038671
0.00099157
0.00145950
-0.00121742
-0.00057803
-0.00092587
0.00070176
0.00038931
0.00060209
0.00022149
-0.00032852
0.00068146
0.00097739
0.00036847
-0.00005460
0.00133384
-0.00020906
0.00026786
-0.00004548
-0.00016668
-0.00147554
0.00064068
0.00054929
-0.00058619
0.00048424
-0.00147705
0.00070607
0.00162141
0.00057528
-0.00012493
0.00059691
0.00072898
0.00143754
0.00119683
0.00105456
0.00058315
0.00081684
-0.00087955
-0.00021131
-0.00141932
0.00208575
-0.03752511
0.00033637
-0.00086966
-0.00039188
0.00016710
0.00024292
0.00011892
-0.00140289
0.00003936
0.00027565
-0.00064513
0.00038664
-0.00079190
0.00034470
0.00023540
0.00093923
0.00026610
-0.00102291
-0.00105308
0.00076118
0.00042697
0.00106537
-0.00039718
-0.00023967
0.00101039
0.00142733
-0.00123558
-0.00060369
-0.00084699
0.00062838
0.00042231
0.00054565
0.00030263
-0.00029666
0.00066959
0.00097124
0.00035833
-0.00006366
0.00132575
-0.00021242
0.00020657
-0.00003028
-0.00017816
-0.00147537
0.00064600
0.00052996
-0.00058262
0.00044119
-0.00145873
0.00069331
0.00165025
0.00054197
-0.00011720
0.00060793
0.00071662
0.00144454
0.00121334
0.00104781
0.00058937
0.00083759
-0.00086785
-0.00024702
-0.00139455
0.00206836
-0.03753856
0.00038598
-0.00086037
-0.00041783
0.00017457
0.00026671
0.00015935
-0.00141379
0.00005368
0.00026675
-0.00064620
0.00037183
-0.00080216
0.00036890
0.00018804
0.00094326
0.00028365
-0.00101686
-0.00103959
0.00079410
0.00038593
0.00106483
-0.00042158
-0.00025595
0.00104392
0.00142697
-0.00121627
-0.00059211
-0.00089925
0.00065378
0.00039882
0.00055692
0.00030426
-0.00030146
0.00067438
0.00095881
0.00032161
-0.00011388
0.00132301
-0.00023746
0.00017142
-0.00001509
-0.00017572
-0.00147053
0.00062980
0.00049740
-0.00055522
0.00019274
-0.00148148
0.00068338
0.00166771
0.00056084
-0.00017898
0.00063261
0.00067709
0.00147098
0.00122746
0.00107773
0.00060875
0.00089142
-0.00087597
-0.00027084
-0.00140242
0.00208774
-0.03707546
0.00040540
-0.00084777
-0.00043853
0.00020671
0.00030200
0.00021912
-0.00139600
0.00006441
0.00026620
-0.00061984
0.00034566
-0.00080544
0.00036865
0.00020188
0.00096936
0.00028433
-0.00097734
-0.00102621
0.00079375
0.00037355
0.00111235
-0.00045433
-0.00026309
0.00106016
0.00142938
-0.00121953
-0.00059151
-0.00094886
0.00068267
0.00038075
0.00054736
0.00024334
-0.00031369
0.00068748
0.00101257
0.00032672
-0.00013084
0.00132538
-0.00022312
0.00018760
-0.00001650
-0.00018351
-0.00148923
0.00065224
0.00049118
-0.00056725
0.00027508
-0.00149616
0.00069402
0.00166592
0.00054695
-0.00016531
0.00065483
0.00071311
0.00143367
0.00123752
0.00108153
0.00059359
0.00088673
-0.00085454
-0.00027077
-0.00140529
0.00206269
-0.03705453
0.00040946
-0.00086771
-0.00044596
0.00017619
0.00028408
0.00021427
-0.00139820
0.00011472
0.00025515
-0.00063604
0.00034917
-0.00081688
0.00035890
0.00023170
0.00097389
0.00030687
-0.00097204
-0.00105508
0.00077590
0.00039684
0.00108720
-0.00042869
-0.00027724
0.00102937
0.00142046
-0.00117401
-0.00059986
-0.00092614
0.00071707
0.00037066
0.00058093
0.00028176
-0.00031909
0.00069445
0.00102104
0.00033685
-0.00011113
0.00131576
-0.00021780
0.00020647
-0.00003434
-0.00016246
-0.00148131
0.00066708
0.00053613
-0.00056594
0.00050803
-0.00152437
0.00069144
0.00165298
0.00052190
-0.00011072
0.00062717
0.00074537
0.00141453
0.00122986
0.00108880
0.00058806
0.00084396
-0.00084764
-0.00023436
-0.00141617
0.00207345
-0.03751344
0.00037123
-0.00089249
-0.00043870
0.00016484
0.00023924
0.00019602
-0.00137629
0.00012348
0.00025095
-0.00063338
0.00036983
-0.00077634
0.00034766
0.00024490
0.00098403
0.00031910
-0.00098748
-0.00108464
0.00076347
0.00044244
0.00107334
-0.00043094
-0.00029455
0.00101456
0.00141463
-0.00117155
-0.00060149
-0.00085902
0.00071368
0.00042904
0.00062666
0.00033194
-0.00033175
0.00068244
0.00097609
0.00030618
-0.00008550
0.00131153
-0.00018286
0.00021074
-0.00003045
-0.00015768
-0.00142567
0.00065227
0.00052354
-0.00055392
0.00050598
-0.00150091
0.00072459
0.00164999
0.00055065
-0.00008738
0.00066189
0.00068851
0.00142262
0.00115718
0.00110985
0.00058892
0.00084990
-0.00083256
-0.00022304
-0.00140254
0.00206147
-0.03768371
0.00037204
-0.00087407
-0.00046615
0.00012760
0.00025095
0.00020264
-0.00137173
0.00012631
0.00027508
-0.00065957
0.00036154
-0.00078810
0.00036490
0.00025807
0.00098174
0.00029477
-0.00102325
-0.00110006
0.00075499
0.00041637
0.00105782
-0.00043650
-0.00028386
0.00104296
0.00145309
-0.00118428
-0.00059354
-0.00086353
0.00069593
0.00041948
0.00061708
0.00032879
-0.00030189
0.00066394
0.00098939
0.00027782
-0.00008982
0.00130466
-0.00020855
0.00024613
-0.00003057
-0.00018670
-0.00140990
0.00064185
0.00050080
-0.00053770
0.00047481
-0.00148932
0.00071911
0.00164089
0.00059655
-0.00009882
0.00067829
0.00065369
0.00142575
0.00114139
0.00110929
0.00061262
0.00084767
-0.00083978
-0.00023008
-0.00138784
0.00205289
-0.03763912
0.00038577
-0.00087181
-0.00046829
0.00010844
0.00026659
0.00021445
-0.00136495
0.00013877
0.00026213
-0.00063674
0.00036534
-0.00080585
0.00040531
0.00025487
0.00098878
0.00030616
-0.00101242
-0.00111096
0.00076424
0.00040579
0.00104034
-0.00043431
-0.00026209
0.00105620
0.00147180
-0.00119035
-0.00057824
-0.00087186
0.00068925
0.00039601
0.00063407
0.00030769
-0.00027387
0.00066516
0.00099300
0.00025967
-0.00023126
0.00136223
-0.00025021
0.00016624
-0.00003859
-0.00027515
-0.00149255
0.00058560
0.00042302
-0.00053981
-0.00007829
-0.00146640
0.00071216
0.00169829
0.00060999
-0.00025355
0.00070115
0.00057104
0.00144108
0.00126604
0.00114802
0.00065495
0.00095695
-0.00090187
-0.00034965
-0.00141840
0.00209980
-0.03643113
0.00048653
-0.00082782
-0.00051676
0.00014448
0.00034888
0.00033414
-0.00142166
0.00016555
0.00025600
-0.00059242
0.00033889
-0.00082594
0.00048587
0.00031981
0.00101568
0.00031956
-0.00094539
-0.00109557
0.00079400
0.00038115
0.00105711
-0.00047398
-0.00023398
0.00109955
0.00147923
-0.00112612
-0.00058698
-0.00105722
0.00075942
0.00030612
0.00060233
0.00019840
-0.00022387
0.00068511
0.00100298
0.00024694
-0.00014814
0.00132779
-0.00024107
0.00025098
-0.00006288
-0.00020251
-0.00142102
0.00061862
0.00049744
-0.00054592
0.00034071
-0.00147027
0.00071165
0.00161284
0.00061737
-0.00017626
0.00065442
0.00062411
0.00142930
0.00117410
0.00109830
0.00063107
0.00086304
-0.00085069
-0.00026624
-0.00140595
0.00205227
-0.03725080
0.00043419
-0.00084586
-0.00048517
0.00012166
0.00031792
0.00024806
-0.00136643
0.00013559
0.00028438
-0.00059071
0.00036421
-0.00081950
0.00042286
0.00030497
0.00100250
0.00032130
-0.00100967
-0.00109681
0.00078799
0.00043838
0.00104899
-0.00046673
-0.00017703
0.00109260
0.00148034
-0.00117252
-0.00056606
-0.00091918
0.00071021
0.00036847
0.00061577
0.00029100
-0.00025335
0.00065772
0.00099884
0.00022521
-0.00016533
0.00131854
-0.00025851
0.00025593
-0.00004599
-0.00023327
-0.00142574
0.00061371
0.00049953
-0.00057276
0.00022303
-0.00149242
0.00073060
0.00160844
0.00062155
-0.00020836
0.00070165
0.00061808
0.00145534
0.00115417
0.00113589
0.00063673
0.00091672
-0.00085426
-0.00030142
-0.00140038
0.00209406
-0.03698452
0.00045241
-0.00080163
-0.00053416
0.00013542
0.00033484
0.00027318
-0.00138340
0.00011100
0.00028883
-0.00060345
0.00037424
-0.00083801
0.00043511
0.00033186
0.00099678
0.00031501
-0.00102374
-0.00108971
0.00080210
0.00041884
0.00106559
-0.00047016
-0.00017982
0.00111061
0.00149669
-0.00117143
-0.00057580
-0.00093768
0.00072175
0.00035955
0.00063283
0.00025787
-0.00023071
0.00066094
0.00099421
0.00022714
-0.00018319
0.00144346
-0.00034050
0.00022554
-0.00019344
-0.00038410
-0.00162351
0.00068239
0.00078630
-0.00044499
0.00075651
-0.00166647
0.00068380
0.00157121
0.00035414
-0.00039547
0.00053527
0.00087156
0.00147043
0.00132727
0.00123509
0.00063192
0.00088399
-0.00099333
-0.00037159
-0.00138543
0.00211449
-0.03743883
0.00027656
-0.00072417
-0.00054894
0.00044420
0.00023550
0.00016458
-0.00134718
0.00011129
0.00031772
-0.00050907
0.00028218
-0.00098045
0.00029466
0.00040244
0.00119105
0.00041423
-0.00110222
-0.00117484
0.00072661
0.00054645
0.00112388
-0.00049978
-0.00006416
0.00096916
0.00150800
-0.00109457
-0.00050500
-0.00073044
0.00080264
0.00061660
0.00084751
0.00044080
-0.00041210
0.00075006
0.00100627
0.00026372
-0.00014633
0.00131609
-0.00023784
0.00028812
-0.00008557
-0.00023580
-0.00142955
0.00066193
0.00053309
-0.00054723
0.00038035
-0.00150204
0.00073109
0.00159500
0.00055465
-0.00017407
0.00066695
0.00066331
0.00147045
0.00114746
0.00111684
0.00064843
0.00085610
-0.00084697
-0.00024650
-0.00142750
0.00210312
-0.03757428
0.00041994
-0.00083710
-0.00049679
0.00011574
0.00031120
0.00026680
-0.00138746
0.00008611
0.00030551
-0.00060777
0.00037353
-0.00081582
0.00040116
0.00032223
0.00101079
0.00030109
-0.00102427
-0.00110684
0.00078213
0.00042410
0.00105754
-0.00045661
-0.00018637
0.00108327
0.00145607
-0.00116468
-0.00060037
-0.00090197
0.00072278
0.00040101
0.00066182
0.00031877
-0.00025512
0.00066661
0.00100268
0.00025423
-0.00014381
0.00129748
-0.00023617
0.00028187
-0.00008065
-0.00024201
-0.00137306
0.00064472
0.00050318
-0.00057023
0.00030551
-0.00151540
0.00075691
0.00159044
0.00058791
-0.00019002
0.00070415
0.00062250
0.00149042
0.00110026
0.00110109
0.00062399
0.00089762
-0.00082998
-0.00026379
-0.00139995
0.00211901
-0.03725266
0.00043355
-0.00082309
-0.00049600
0.00013436
0.00035008
0.00022631
-0.00137574
0.00009767
0.00032144
-0.00061552
0.00035501
-0.00078737
0.00039998
0.00032660
0.00099336
0.00027666
-0.00101711
-0.00111385
0.00079856
0.00039627
0.00103664
-0.00045669
-0.00019063
0.00111056
0.00147124
-0.00119315
-0.00054418
-0.00089945
0.00069589
0.00035979
0.00062597
0.00028408
-0.00023945
0.00065123
0.00100405
0.00023901
-0.00019502
0.00131361
-0.00024820
0.00030290
-0.00005960
-0.00026082
-0.00141020
0.00064128
0.00046686
-0.00058301
0.00016497
-0.00153604
0.00075510
0.00158478
0.00058420
-0.00024158
0.00071596
0.00063054
0.00150265
0.00114712
0.00112525
0.00061942
0.00093851
-0.00086875
-0.00032255
-0.00137331
0.00214470
-0.03680547
0.00048443
-0.00080487
-0.00053323
0.00016331
0.00037820
0.00028569
-0.00138825
0.00009462
0.00033867
-0.00061915
0.00030449
-0.00075487
0.00039296
0.00032841
0.00100365
0.00030837
-0.00100034
-0.00113950
0.00079370
0.00034103
0.00105442
-0.00046065
-0.00016888
0.00112166
0.00148055
-0.00116015
-0.00054678
-0.00093370
0.00074734
0.00032343
0.00061818
0.00024903
-0.00021015
0.00065440
0.00100896
0.00023399
-0.00018991
0.00136033
-0.00028681
0.00030330
-0.00003477
-0.00024629
-0.00136668
0.00063089
0.00045808
-0.00058791
0.00019468
-0.00150270
0.00075535
0.00157290
0.00062191
-0.00021047
0.00070272
0.00061910
0.00152999
0.00109603
0.00114053
0.00063821
0.00097247
-0.00086935
-0.00036425
-0.00135650
0.00210226
-0.03678361
0.00046709
-0.00081049
-0.00051992
0.00019174
0.00036804
0.00020052
-0.00136603
0.00007091
0.00032292
-0.00066554
0.00032199
-0.00076607
0.00034821
0.00030124
0.00101449
0.00030837
-0.00102629
-0.00114384
0.00076233
0.00033643
0.00105525
-0.00043154
-0.00016322
0.00114894
0.00149909
-0.00117876
-0.00057298
-0.00091467
0.00072459
0.00033557
0.00061519
0.00025999
-0.00020836
0.00066684
0.00095078
0.00029671
-0.00030225
0.00140603
-0.00039974
0.00034812
-0.00008923
-0.00034216
-0.00146122
0.00066198
0.00035928
-0.00057890
-0.00017088
-0.00161711
0.00076524
0.00163718
0.00053281
-0.00041995
0.00068072
0.00074280
0.00153084
0.00126833
0.00122697
0.00063754
0.00113643
-0.00088686
-0.00050099
-0.00134168
0.00223718
-0.03540494
0.00054305
-0.00078783
-0.00058577
0.00034285
0.00041667
0.00033662
-0.00139796
0.00003994
0.00032550
-0.00061896
0.00023691
-0.00074210
0.00020900
0.00034640
0.00112338
0.00043423
-0.00098835
-0.00121267
0.00067669
0.00016341
0.00106013
-0.00036876
-0.00011411
0.00116946
0.00157122
-0.00111913
-0.00061031
-0.00097320
0.00086562
0.00029524
0.00074310
0.00023581
-0.00025456
0.00072755
0.00104857
0.00026296
-0.00011622
0.00132500
-0.00029892
0.00033504
-0.00002102
-0.00017003
-0.00133449
0.00062942
0.00051435
-0.00057964
0.00050091
-0.00150696
0.00072667
0.00153827
0.00061252
-0.00013820
0.00068768
0.00068811
0.00148330
0.00106857
0.00112048
0.00061189
0.00089045
-0.00083282
-0.00027223
-0.00139075
0.00209954
-0.03736196
0.00039370
-0.00084316
-0.00046413
0.00014851
0.00033683
0.00012770
-0.00133056
0.00003385
0.00030811
-0.00069795
0.00034983
-0.00073930
0.00030783
0.00029817
0.00098837
0.00028137
-0.00104447
-0.00114709
0.00075271
0.00039012
0.00107094
-0.00039796
-0.00018814
0.00114447
0.00148841
-0.00121741
-0.00055911
-0.00083421
0.00068424
0.00040522
0.00059646
0.00033231
-0.00021472
0.00064954
0.00103752
0.00024433
-0.00010291
0.00132167
-0.00028705
0.00033518
-0.00000947
-0.00016622
-0.00131707
0.00061661
0.00049817
-0.00060589
0.00048699
-0.00151142
0.00072413
0.00152008
0.00060342
-0.00015568
0.00071408
0.00064044
0.00147448
0.00104966
0.00111638
0.00060052
0.00090051
-0.00081449
-0.00031681
-0.00138659
0.00210564
-0.03737966
0.00037639
-0.00081508
-0.00047355
0.00015841
0.00032182
0.00009484
-0.00135624
-0.00000063
0.00033200
-0.00072968
0.00034460
-0.00071496
0.00030049
0.00028699
0.00097830
0.00030076
-0.00101306
-0.00116203
0.00072996
0.00039113
0.00107913
-0.00040660
-0.00016970
0.00112662
0.00149198
-0.00123708
-0.00058777
-0.00082163
0.00071446
0.00038882
0.00057345
0.00033984
-0.00019979
0.00066067
0.00100755
0.00032645
-0.00018778
0.00132104
-0.00037815
0.00034619
-0.00004723
-0.00024034
-0.00133735
0.00062977
0.00043836
-0.00055862
0.00020697
-0.00161880
0.00070294
0.00155389
0.00052295
-0.00035201
0.00069666
0.00075839
0.00146699
0.00118791
0.00121036
0.00060788
0.00100726
-0.00081970
-0.00042772
-0.00137382
0.00224191
-0.03603593
0.00039864
-0.00078478
-0.00049533
0.00032171
0.00035228
0.00014094
-0.00132553
-0.00006238
0.00034966
-0.00071172
0.00026726
-0.00065804
0.00014876
0.00036922
0.00104970
0.00038173
-0.00097606
-0.00121920
0.00064826
0.00025940
0.00111676
-0.00036245
-0.00013209
0.00115007
0.00152863
-0.00117889
-0.00059427
-0.00085446
0.00080418
0.00039913
0.00065866
0.00034606
-0.00023239
0.00072636
0.00105655
0.00026964
-0.00011414
0.00133038
-0.00029572
0.00035896
-0.00000379
-0.00012398
-0.00133325
0.00061478
0.00054883
-0.00061887
0.00046820
-0.00151674
0.00070632
0.00153289
0.00060749
-0.00016565
0.00069886
0.00065408
0.00146183
0.00108569
0.00109525
0.00054273
0.00086814
-0.00083324
-0.00032450
-0.00140246
0.00208704
-0.03738011
0.00033049
-0.00084854
-0.00044254
0.00015516
0.00030968
0.00003791
-0.00130695
0.00000781
0.00031276
-0.00072944
0.00033985
-0.00070670
0.00030158
0.00026120
0.00098056
0.00025525
-0.00101941
-0.00120054
0.00075226
0.00040624
0.00108212
-0.00038376
-0.00014897
0.00110883
0.00147026
-0.00127213
-0.00053774
-0.00080362
0.00066420
0.00040890
0.00054797
0.00033476
-0.00019590
0.00066212
0.00105965
0.00026274
-0.00016111
0.00132814
-0.00029491
0.00032696
-0.00000056
-0.00016003
-0.00133088
0.00057852
0.00052995
-0.00065998
0.00032445
-0.00153993
0.00068641
0.00154441
0.00064594
-0.00017623
0.00070400
0.00059499
0.00144709
0.00106930
0.00108561
0.00054564
0.00090584
-0.00082205
-0.00034849
-0.00139304
0.00210030
-0.03702016
0.00036410
-0.00084459
-0.00048710
0.00014733
0.00033145
0.00011752
-0.00130112
0.00001185
0.00029399
-0.00073919
0.00035089
-0.00072171
0.00033752
0.00024787
0.00097630
0.00027444
-0.00100037
-0.00118742
0.00073075
0.00039647
0.00108641
-0.00042841
-0.00018282
0.00112605
0.00146130
-0.00123748
-0.00054036
-0.00084213
0.00069773
0.00038088
0.00053162
0.00027587
-0.00016988
0.00064984
0.00105175
0.00038943
-0.00038526
0.00131181
-0.00043136
0.00037121
-0.00007222
-0.00027689
-0.00144263
0.00054614
0.00049373
-0.00073559
-0.00008210
-0.00173294
0.00062556
0.00161135
0.00059923
-0.00036967
0.00067020
0.00068175
0.00135597
0.00124697
0.00114493
0.00052717
0.00105026
-0.00081862
-0.00044019
-0.00142570
0.00225816
-0.03532449
0.00042417
-0.00089870
-0.00057865
0.00023856
0.00037608
0.00037518
-0.00123808
-0.00001020
0.00024781
-0.00070916
0.00029709
-0.00068956
0.00021969
0.00028135
0.00105801
0.00035055
-0.00094657
-0.00129497
0.00062248
0.00027455
0.00114782
-0.00044378
-0.00019883
0.00115073
0.00146514
-0.00110324
-0.00052763
-0.00087136
0.00083192
0.00040280
0.00060338
0.00022372
-0.00019044
0.00068727
0.00108385
0.00027579
-0.00011888
0.00129537
-0.00028612
0.00034901
-0.00001115
-0.00012665
-0.00133271
0.00057912
0.00056118
-0.00066285
0.00052249
-0.00155140
0.00069835
0.00151384
0.00063982
-0.00014423
0.00069709
0.00063227
0.00144993
0.00107447
0.00108350
0.00052159
0.00083240
-0.00083882
-0.00029358
-0.00139465
0.00211168
-0.03733978
0.00031343
-0.00086403
-0.00047659
0.00013626
0.00028385
0.00005526
-0.00128056
0.00003465
0.00031229
-0.00077220
0.00037190
-0.00075365
0.00031312
0.00023603
0.00096972
0.00026789
-0.00104925
-0.00116371
0.00073652
0.00043318
0.00106603
-0.00044623
-0.00017551
0.00109134
0.00141988
-0.00121272
-0.00054037
-0.00081016
0.00069873
0.00045159
0.00053758
0.00033096
-0.00017501
0.00064784
0.00107219
0.00027171
-0.00017112
0.00129780
-0.00027173
0.00031484
-0.00001003
-0.00017689
-0.00136054
0.00057990
0.00055493
-0.00065822
0.00043301
-0.00150943
0.00067003
0.00151084
0.00066538
-0.00016259
0.00070001
0.00064585
0.00144043
0.00110850
0.00110076
0.00055196
0.00084503
-0.00088331
-0.00028864
-0.00137669
0.00212158
-0.03694618
0.00036428
-0.00085096
-0.00051150
0.00015713
0.00030949
0.00011569
-0.00128884
0.00002223
0.00030203
-0.00074009
0.00034242
-0.00078181
0.00029635
0.00025311
0.00098983
0.00027012
-0.00104196
-0.00115470
0.00074936
0.00044165
0.00105795
-0.00046083
-0.00020032
0.00108462
0.00142578
-0.00120562
-0.00054329
-0.00083596
0.00070538
0.00042095
0.00054433
0.00030339
-0.00018811
0.00063308
0.00105243
0.00033144
-0.00032792
0.00123421
-0.00037258
0.00037598
-0.00005410
-0.00025185
-0.00141995
0.00057144
0.00059525
-0.00069823
0.00032704
-0.00157572
0.00061752
0.00149900
0.00066621
-0.00027947
0.00065535
0.00080422
0.00138122
0.00125390
0.00114258
0.00054112
0.00085452
-0.00095458
-0.00028220
-0.00135362
0.00227191
-0.03581116
0.00037883
-0.00088636
-0.00059813
0.00025773
0.00030363
0.00021892
-0.00119363
-0.00001745
0.00027531
-0.00071563
0.00029047
-0.00081908
0.00011852
0.00029072
0.00107982
0.00030063
-0.00107970
-0.00120985
0.00071475
0.00041042
0.00105764
-0.00050687
-0.00019149
0.00106871
0.00143270
-0.00114434
-0.00054030
-0.00083329
0.00077347
0.00050022
0.00062639
0.00032539
-0.00024460
0.00064660
0.00106494
0.00029518
-0.00022863
0.00128913
-0.00034448
0.00034931
-0.00002247
-0.00019942
-0.00138092
0.00056323
0.00055362
-0.00068507
0.00028236
-0.00157114
0.00064470
0.00151866
0.00069419
-0.00022904
0.00065499
0.00071928
0.00145673
0.00116440
0.00114371
0.00053027
0.00088295
-0.00089483
-0.00028282
-0.00137881
0.00218994
-0.03647377
0.00039595
-0.00088049
-0.00058123
0.00022767
0.00033879
0.00016999
-0.00126534
-0.00000602
0.00027856
-0.00071300
0.00028961
-0.00080180
0.00020362
0.00026453
0.00105183
0.00029953
-0.00103948
-0.00116703
0.00072544
0.00041767
0.00107076
-0.00048245
-0.00021921
0.00109513
0.00143043
-0.00117262
-0.00054420
-0.00085639
0.00075774
0.00045722
0.00056133
0.00031338
-0.00022007
0.00063323
0.00107736
0.00031217
-0.00002649
0.00126686
-0.00026612
0.00036638
-0.00000681
-0.00005975
-0.00132506
0.00064171
0.00064089
-0.00065218
0.00107242
-0.00152487
0.00066645
0.00147429
0.00060156
-0.00001269
0.00061115
0.00076739
0.00141546
0.00100506
0.00107201
0.00051390
0.00073113
-0.00082284
-0.00013405
-0.00141591
0.00208733
-0.03850089
0.00025645
-0.00091641
-0.00041698
0.00012782
0.00024850
0.00000858
-0.00127524
0.00001958
0.00028971
-0.00076766
0.00039416
-0.00074402
0.00023943
0.00023337
0.00096003
0.00024833
-0.00111001
-0.00117050
0.00071260
0.00053861
0.00104053
-0.00039198
-0.00021768
0.00105406
0.00146448
-0.00127368
-0.00055453
-0.00069707
0.00065718
0.00052835
0.00054224
0.00044796
-0.00025586
0.00062260
0.00104945
0.00029387
-0.00014734
0.00128285
-0.00025312
0.00029560
-0.00000102
-0.00015561
-0.00134527
0.00059033
0.00058998
-0.00066673
0.00050876
-0.00154677
0.00063015
0.00152551
0.00066053
-0.00013452
0.00069030
0.00067896
0.00144737
0.00102985
0.00110907
0.00053380
0.00083589
-0.00085691
-0.00027261
-0.00139844
0.00210877
-0.03725770
0.00038463
-0.00084767
-0.00050256
0.00017993
0.00031369
0.00015355
-0.00130141
0.00004031
0.00032658
-0.00072262
0.00034968
-0.00075548
0.00030069
0.00023397
0.00096928
0.00028286
-0.00105557
-0.00114310
0.00069853
0.00046728
0.00103327
-0.00041291
-0.00021931
0.00107164
0.00144751
-0.00120762
-0.00054894
-0.00078051
0.00070491
0.00043857
0.00051864
0.00033756
-0.00019934
0.00063192
0.00102417
0.00026837
-0.00018608
0.00131310
-0.00024434
0.00028335
-0.00000413
-0.00017239
-0.00139139
0.00056845
0.00055269
-0.00064673
0.00040221
-0.00152706
0.00063137
0.00154642
0.00068622
-0.00016367
0.00071575
0.00062205
0.00142422
0.00102689
0.00111661
0.00050919
0.00087891
-0.00088868
-0.00030382
-0.00139080
0.00210646
-0.03691417
0.00039834
-0.00083917
-0.00051436
0.00019837
0.00033034
0.00018495
-0.00127769
0.00008398
0.00027937
-0.00068530
0.00033552
-0.00076746
0.00033570
0.00024885
0.00094513
0.00028160
-0.00103523
-0.00112437
0.00069157
0.00046726
0.00103246
-0.00041231
-0.00022765
0.00106966
0.00144313
-0.00118378
-0.00052700
-0.00081582
0.00071773
0.00040145
0.00052779
0.00028011
-0.00017495
0.00063019
0.00101430
0.00026240
-0.00024942
0.00132607
-0.00024757
0.00025887
-0.00000710
-0.00019188
-0.00144028
0.00055773
0.00051754
-0.00066124
0.00032190
-0.00155486
0.00061963
0.00156040
0.00070194
-0.00020326
0.00072494
0.00063425
0.00145742
0.00105313
0.00117567
0.00048988
0.00092926
-0.00090371
-0.00030678
-0.00140936
0.00211964
-0.03666319
0.00041902
-0.00084242
-0.00056435
0.00022815
0.00036627
0.00022040
-0.00128987
0.00010362
0.00029534
-0.00066759
0.00030092
-0.00077843
0.00033844
0.00018939
0.00092565
0.00029034
-0.00104440
-0.00112881
0.00066851
0.00045550
0.00100745
-0.00041814
-0.00027933
0.00106745
0.00143696
-0.00115919
-0.00051527
-0.00080251
0.00074557
0.00035625
0.00053196
0.00026496
-0.00016203
0.00062832
0.00103706
0.00029409
-0.00013698
0.00129617
-0.00024436
0.00030332
-0.00003375
-0.00012379
-0.00143055
0.00061369
0.00056838
-0.00065726
0.00082725
-0.00152726
0.00063517
0.00151739
0.00062044
-0.00009445
0.00065946
0.00072921
0.00144721
0.00102458
0.00115048
0.00049804
0.00083186
-0.00089219
-0.00017139
-0.00144787
0.00209118
-0.03796399
0.00032519
-0.00088580
-0.00048801
0.00017434
0.00031537
0.00010576
-0.00128089
0.00003491
0.00031400
-0.00067619
0.00034109
-0.00077411
0.00028316
0.00016810
0.00093880
0.00024743
-0.00108047
-0.00114474
0.00066726
0.00051561
0.00101309
-0.00039346
-0.00028870
0.00102414
0.00144262
-0.00120866
-0.00053203
-0.00068856
0.00069595
0.00043266
0.00054034
0.00039302
-0.00021969
0.00062863
0.00103435
0.00023168
-0.00016312
0.00131846
-0.00022993
0.00028148
-0.00003283
-0.00015517
-0.00143387
0.00062203
0.00054890
-0.00064507
0.00051473
-0.00153316
0.00065263
0.00154412
0.00066279
-0.00012484
0.00073588
0.00063501
0.00147413
0.00101806
0.00114423
0.00051683
0.00088377
-0.00088349
-0.00025504
-0.00141135
0.00207988
-0.03725196
0.00036200
-0.00085262
-0.00051527
0.00017883
0.00032939
0.00009130
-0.00128283
0.00003703
0.00034185
-0.00068528
0.00029258
-0.00078588
0.00033610
0.00020148
0.00093351
0.00023610
-0.00104431
-0.00111116
0.00070387
0.00045680
0.00104799
-0.00040774
-0.00028376
0.00103782
0.00144250
-0.00119796
-0.00053281
-0.00076605
0.00069086
0.00038413
0.00053768
0.00031891
-0.00018628
0.00062133
0.00105836
0.00028172
-0.00014188
0.00134597
-0.00021368
0.00026553
-0.00001802
-0.00015501
-0.00144833
0.00064645
0.00052808
-0.00063919
0.00051170
-0.00154373
0.00062435
0.00153766
0.00064228
-0.00013342
0.00072551
0.00065413
0.00148580
0.00105195
0.00113159
0.00049940
0.00086217
-0.00087656
-0.00026188
-0.00143603
0.00210874
-0.03724786
0.00034963
-0.00085381
-0.00050437
0.00016317
0.00034733
0.00012130
-0.00127086
0.00002381
0.00034601
-0.00068838
0.00033193
-0.00078552
0.00032975
0.00019499
0.00092724
0.00026754
-0.00104406
-0.00108515
0.00072721
0.00046215
0.00106589
-0.00040008
-0.00030772
0.00103757
0.00144548
-0.00122058
-0.00054491
-0.00075685
0.00069326
0.00037835
0.00054144
0.00029764
-0.00020108
0.00060026
0.00108114
0.00030174
-0.00018647
0.00136161
-0.00019871
0.00024454
-0.00002033
-0.00021043
-0.00151458
0.00064656
0.00045667
-0.00063392
0.00032012
-0.00155221
0.00060700
0.00154214
0.00063656
-0.00020617
0.00072614
0.00065588
0.00150091
0.00109390
0.00116269
0.00049482
0.00090936
-0.00088669
-0.00031014
-0.00146253
0.00213009
-0.03675853
0.00040699
-0.00081910
-0.00055151
0.00016762
0.00043740
0.00024780
-0.00128547
-0.00000332
0.00035334
-0.00068165
0.00031922
-0.00078362
0.00034552
0.00017096
0.00093572
0.00031627
-0.00102190
-0.00105916
0.00071440
0.00042724
0.00108364
-0.00038864
-0.00034622
0.00106852
0.00143484
-0.00120035
-0.00055478
-0.00079975
0.00073873
0.00033522
0.00054784
0.00022020
-0.00017456
0.00057898
0.00111017
0.00029542
-0.00013345
0.00134941
-0.00021397
0.00026185
-0.00000541
-0.00017570
-0.00142174
0.00065065
0.00048568
-0.00064561
0.00041651
-0.00152302
0.00066901
0.00154149
0.00064344
-0.00016411
0.00071156
0.00062860
0.00149262
0.00106020
0.00114952
0.00048731
0.00086739
-0.00084520
-0.00027228
-0.00143310
0.00211356
-0.03709553
0.00040110
-0.00085182
-0.00051768
0.00015353
0.00038887
0.00023068
-0.00132103
0.00001163
0.00032516
-0.00070355
0.00034619
-0.00074845
0.00036962
0.00016554
0.00094550
0.00026300
-0.00103083
-0.00109358
0.00073808
0.00044077
0.00107950
-0.00038040
-0.00028701
0.00105879
0.00145371
-0.00125702
-0.00057588
-0.00081294
0.00071035
0.00035811
0.00054716
0.00027030
-0.00016413
0.00059918
0.00145097
0.00045198
-0.00008722
0.00158550
-0.00020655
0.00021626
-0.00005255
-0.00022976
-0.00147424
0.00080076
0.00053626
-0.00062998
0.00128110
-0.00163535
0.00067091
0.00134651
0.00044812
-0.00016799
0.00052800
0.00077074
0.00165034
0.00105569
0.00122831
0.00029577
0.00070211
-0.00089460
-0.00017108
-0.00144111
0.00218383
-0.03836861
0.00022725
-0.00098434
-0.00048625
0.00029112
0.00047071
0.00024757
-0.00119083
-0.00009749
0.00034823
-0.00081047
0.00029303
-0.00063792
0.00024914
-0.00010041
0.00105253
0.00020711
-0.00109512
-0.00122104
0.00068468
0.00053694
0.00115456
-0.00031676
-0.00033400
0.00094216
0.00138774
-0.00137323
-0.00051586
-0.00055592
0.00075424
0.00047997
0.00060445
0.00040856
-0.00014215
0.00051713
0.00115507
0.00033203
-0.00003524
0.00132768
-0.00020034
0.00030902
-0.00001917
-0.00010043
-0.00140613
0.00069017
0.00054668
-0.00061780
0.00093282
-0.00152163
0.00064496
0.00149983
0.00057821
-0.00004789
0.00065249
0.00073345
0.00148303
0.00100662
0.00112132
0.00048592
0.00075575
-0.00081607
-0.00015270
-0.00145360
0.00209070
-0.03834522
0.00031020
-0.00090051
-0.00042695
0.00012104
0.00029749
0.00012150
-0.00130954
-0.00000380
0.00032477
-0.00071392
0.00037890
-0.00073606
0.00032805
0.00013017
0.00094588
0.00022255
-0.00105986
-0.00110312
0.00073304
0.00050487
0.00107342
-0.00034869
-0.00028590
0.00101191
0.00143802
-0.00129299
-0.00059962
-0.00070574
0.00067440
0.00044393
0.00055142
0.00037649
-0.00022190
0.00060146
0.00112305
0.00032714
-0.00011511
0.00133333
-0.00017278
0.00024959
-0.00004021
-0.00016067
-0.00141623
0.00067006
0.00048892
-0.00063798
0.00052160
-0.00153422
0.00063907
0.00150004
0.00059980
-0.00013125
0.00069921
0.00063716
0.00148680
0.00103879
0.00117112
0.00050569
0.00084587
-0.00083475
-0.00027473
-0.00144270
0.00210017
-0.03733626
0.00040661
-0.00083310
-0.00047449
0.00016082
0.00034311
0.00019360
-0.00131157
-0.00001002
0.00035796
-0.00072497
0.00033297
-0.00075610
0.00033504
0.00016267
0.00093789
0.00024461
-0.00104653
-0.00106671
0.00075556
0.00045037
0.00108046
-0.00037707
-0.00025830
0.00103067
0.00139645
-0.00123024
-0.00059088
-0.00083342
0.00073045
0.00039600
0.00052691
0.00028363
-0.00021609
0.00060072
0.00111769
0.00031687
-0.00015605
0.00129858
-0.00017691
0.00025759
-0.00003934
-0.00018171
-0.00142333
0.00068887
0.00049289
-0.00062016
0.00038129
-0.00154742
0.00066579
0.00152672
0.00060663
-0.00016284
0.00070247
0.00061890
0.00149169
0.00103571
0.00115995
0.00051713
0.00088020
-0.00086252
-0.00029827
-0.00143526
0.00210231
-0.03693362
0.00041998
-0.00083703
-0.00045793
0.00017054
0.00036137
0.00017118
-0.00132924
-0.00000772
0.00038827
-0.00072531
0.00033051
-0.00076221
0.00031823
0.00019455
0.00090041
0.00020112
-0.00106046
-0.00108412
0.00078143
0.00044182
0.00112629
-0.00040891
-0.00027142
0.00102486
0.00139689
-0.00120803
-0.00057963
-0.00084465
0.00071988
0.00039956
0.00047962
0.00025652
-0.00020968
0.00060080
0.00112151
0.00033492
-0.00020185
0.00129843
-0.00018319
0.00026502
-0.00002937
-0.00019903
-0.00146965
0.00064327
0.00046320
-0.00063855
0.00029582
-0.00153627
0.00065043
0.00153702
0.00062060
-0.00017954
0.00070991
0.00060057
0.00149528
0.00106860
0.00116577
0.00051467
0.00090103
-0.00088374
-0.00032200
-0.00146799
0.00211088
-0.03680815
0.00044011
-0.00083985
-0.00047365
0.00016725
0.00039839
0.00028840
-0.00134501
0.00001192
0.00038652
-0.00072124
0.00033091
-0.00074871
0.00033781
0.00016110
0.00091553
0.00018779
-0.00103156
-0.00109902
0.00080163
0.00042976
0.00115166
-0.00040592
-0.00026359
0.00104778
0.00138886
-0.00124498
-0.00056061
-0.00084644
0.00070581
0.00040661
0.00047756
0.00023070
-0.00020864
0.00060319
0.00111558
0.00033294
-0.00019788
0.00129746
-0.00018591
0.00028042
-0.00003173
-0.00019704
-0.00150984
0.00066529
0.00046615
-0.00063979
0.00031948
-0.00150171
0.00066321
0.00155438
0.00060232
-0.00015973
0.00071058
0.00061427
0.00148997
0.00107189
0.00116515
0.00052670
0.00088764
-0.00088982
-0.00030337
-0.00148669
0.00208338
-0.03698288
0.00042894
-0.00084286
-0.00044239
0.00015744
0.00039529
0.00031495
-0.00136744
0.00000531
0.00036795
-0.00071971
0.00034064
-0.00072368
0.00033550
0.00015074
0.00094254
0.00019654
-0.00101613
-0.00110882
0.00080046
0.00042261
0.00114418
-0.00038412
-0.00027678
0.00103007
0.00135828
-0.00127262
-0.00057587
-0.00084785
0.00071172
0.00043492
0.00046411
0.00024125
-0.00022671
0.00058499
0.00111850
0.00029088
-0.00014722
0.00129396
-0.00020223
0.00033217
-0.00001348
-0.00015386
-0.00146278
0.00067177
0.00050734
-0.00062074
0.00055851
-0.00150147
0.00062096
0.00155876
0.00062316
-0.00011248
0.00065897
0.00066342
0.00147099
0.00106017
0.00112747
0.00051228
0.00082990
-0.00089766
-0.00024332
-0.00150143
0.00206761
-0.03750601
0.00037237
-0.00087524
-0.00041780
0.00015162
0.00037893
0.00018957
-0.00132735
0.00001800
0.00034293
-0.00070272
0.00035747
-0.00072703
0.00029501
0.00016049
0.00096832
0.00018910
-0.00104273
-0.00111682
0.00079924
0.00047695
0.00114779
-0.00037904
-0.00026584
0.00103571
0.00137528
-0.00128560
-0.00056033
-0.00079642
0.00067842
0.00045288
0.00047943
0.00028930
-0.00023775
0.00058893
0.00122401
0.00035530
-0.00028460
0.00128091
-0.00021748
0.00038612
-0.00000137
-0.00020779
-0.00161602
0.00069689
0.00042474
-0.00064897
0.00045649
-0.00151447
0.00051608
0.00160216
0.00062615
-0.00018549
0.00060764
0.00071466
0.00148960
0.00114719
0.00119062
0.00040050
0.00084731
-0.00100529
-0.00026217
-0.00162351
0.00212366
-0.03684078
0.00038494
-0.00093187
-0.00039532
0.00024619
0.00050749
0.00038519
-0.00127242
-0.00001860
0.00033026
-0.00068978
0.00034688
-0.00066546
0.00019228
0.00001408
0.00102484
0.00009389
-0.00102554
-0.00114639
0.00084703
0.00047127
0.00129378
-0.00034072
-0.00033588
0.00100268
0.00127251
-0.00138439
-0.00052592
-0.00078422
0.00069771
0.00052152
0.00042141
0.00023120
-0.00027241
0.00054583
0.00110764
0.00028748
-0.00013715
0.00131637
-0.00020850
0.00033013
-0.00000172
-0.00013285
-0.00144776
0.00067018
0.00051129
-0.00060918
0.00055428
-0.00148102
0.00063612
0.00157454
0.00061667
-0.00010928
0.00066765
0.00065369
0.00147873
0.00108499
0.00110089
0.00051976
0.00082183
-0.00090963
-0.00024732
-0.00150826
0.00206045
-0.03749030
0.00036675
-0.00084533
-0.00041126
0.00016669
0.00036477
0.00012700
-0.00133722
0.00002870
0.00034770
-0.00070808
0.00037287
-0.00070992
0.00032052
0.00019084
0.00093301
0.00020345
-0.00104865
-0.00111599
0.00081550
0.00044640
0.00112313
-0.00037237
-0.00023870
0.00107271
0.00138603
-0.00128346
-0.00055816
-0.00080822
0.00065515
0.00045715
0.00049537
0.00028193
-0.00023271
0.00060419
0.00120924
0.00037629
-0.00023516
0.00132022
-0.00021983
0.00038321
0.00001856
-0.00013620
-0.00159492
0.00069816
0.00042816
-0.00063171
0.00060624
-0.00148624
0.00053694
0.00162091
0.00059162
-0.00016096
0.00062531
0.00073483
0.00147047
0.00120342
0.00114383
0.00039214
0.00080471
-0.00102326
-0.00023014
-0.00164295
0.00211700
-0.03700888
0.00035557
-0.00088979
-0.00036370
0.00024788
0.00046510
0.00025989
-0.00127253
0.00001743
0.00033986
-0.00070185
0.00038380
-0.00064429
0.00023378
0.00007025
0.00093230
0.00012864
-0.00105985
-0.00115147
0.00085646
0.00042136
0.00122106
-0.00030258
-0.00029923
0.00106955
0.00130927
-0.00134618
-0.00053576
-0.00077360
0.00065055
0.00052795
0.00046957
0.00023953
-0.00026785
0.00058228
0.00116334
0.00032782
-0.00018447
0.00134109
-0.00022463
0.00034999
0.00000796
-0.00013722
-0.00154034
0.00067167
0.00043908
-0.00062527
0.00046019
-0.00150962
0.00058085
0.00161496
0.00063355
-0.00015093
0.00063210
0.00068359
0.00150523
0.00113971
0.00115514
0.00044539
0.00084908
-0.00095489
-0.00023275
-0.00159674
0.00208221
-0.03719496
0.00040063
-0.00087894
-0.00041912
0.00022076
0.00045368
0.00023413
-0.00133705
0.00002273
0.00033557
-0.00068685
0.00034774
-0.00069129
0.00027946
0.00012592
0.00095160
0.00018036
-0.00103232
-0.00111574
0.00082924
0.00042665
0.00118155
-0.00033378
-0.00030100
0.00107952
0.00134219
-0.00129576
-0.00055103
-0.00082538
0.00068116
0.00048079
0.00046042
0.00024682
-0.00025092
0.00057652
0.00110092
0.00029802
-0.00005949
0.00131757
-0.00021948
0.00033967
-0.00001865
-0.00005323
-0.00141322
0.00068564
0.00053382
-0.00062770
0.00071923
-0.00148574
0.00062376
0.00156189
0.00063113
-0.00005637
0.00065035
0.00069524
0.00145875
0.00108195
0.00107860
0.00050562
0.00077640
-0.00086951
-0.00015968
-0.00152026
0.00205143
-0.03800101
0.00032839
-0.00087056
-0.00039939
0.00016043
0.00033459
0.00005852
-0.00135856
0.00003397
0.00031840
-0.00070436
0.00039808
-0.00071461
0.00026192
0.00019190
0.00093152
0.00019505
-0.00105669
-0.00109388
0.00082650
0.00047920
0.00110551
-0.00035789
-0.00026451
0.00107360
0.00138449
-0.00132563
-0.00057291
-0.00077578
0.00066617
0.00047606
0.00052090
0.00029513
-0.00027057
0.00058697
0.00110679
0.00027495
-0.00006062
0.00133546
-0.00020506
0.00034666
-0.00002364
-0.00006084
-0.00142503
0.00067473
0.00053904
-0.00062723
0.00077758
-0.00150331
0.00061901
0.00154945
0.00065579
-0.00003914
0.00063958
0.00067259
0.00146390
0.00107232
0.00104124
0.00050620
0.00076766
-0.00087768
-0.00018311
-0.00150521
0.00207869
-0.03794559
0.00033641
-0.00086683
-0.00039613
0.00014197
0.00030173
0.00007723
-0.00135773
0.00002723
0.00031638
-0.00071250
0.00041055
-0.00071045
0.00028391
0.00018797
0.00092885
0.00019765
-0.00105782
-0.00109874
0.00082059
0.00047620
0.00109407
-0.00037962
-0.00022996
0.00105587
0.00137330
-0.00132642
-0.00055013
-0.00075620
0.00065474
0.00047278
0.00052172
0.00028891
-0.00025298
0.00058979
0.00112546
0.00026054
-0.00007801
0.00133447
-0.00019776
0.00031574
-0.00001902
-0.00005136
-0.00142926
0.00067361
0.00051332
-0.00063989
0.00078533
-0.00148817
0.00061709
0.00155461
0.00066139
-0.00004759
0.00062967
0.00066375
0.00145447
0.00109607
0.00103077
0.00051705
0.00076465
-0.00085971
-0.00018674
-0.00149870
0.00207480
-0.03801370
0.00034600
-0.00085755
-0.00040262
0.00012239
0.00031291
0.00006394
-0.00137975
0.00000834
0.00034198
-0.00073133
0.00042615
-0.00071531
0.00028824
0.00017123
0.00092224
0.00023005
-0.00101277
-0.00107397
0.00085098
0.00048266
0.00108727
-0.00038311
-0.00024475
0.00107818
0.00136613
-0.00134182
-0.00056072
-0.00077818
0.00069069
0.00045959
0.00052075
0.00025311
-0.00025998
0.00059368
0.00110803
0.00025677
-0.00011496
0.00132475
-0.00018502
0.00028700
-0.00001425
-0.00007874
-0.00140968
0.00064448
0.00048568
-0.00064673
0.00056220
-0.00148588
0.00060916
0.00158990
0.00067402
-0.00008317
0.00065126
0.00064137
0.00145500
0.00110579
0.00105342
0.00052602
0.00082708
-0.00087410
-0.00021794
-0.00149916
0.00209725
-0.03746253
0.00037213
-0.00083640
-0.00041818
0.00017805
0.00034603
0.00004817
-0.00136040
-0.00000156
0.00034549
-0.00071213
0.00043260
-0.00072137
0.00030815
0.00016923
0.00093758
0.00026453
-0.00100349
-0.00105971
0.00082697
0.00047243
0.00108210
-0.00038950
-0.00025425
0.00107885
0.00135485
-0.00131259
-0.00054938
-0.00081892
0.00069568
0.00044377
0.00050593
0.00020123
-0.00025463
0.00058632
0.00113497
0.00026148
-0.00015631
0.00133090
-0.00015694
0.00024069
-0.00001975
-0.00009105
-0.00148310
0.00064899
0.00043867
-0.00065614
0.00044736
-0.00146726
0.00058959
0.00159727
0.00066990
-0.00013342
0.00063836
0.00062794
0.00147342
0.00117986
0.00106964
0.00053446
0.00086240
-0.00089704
-0.00022126
-0.00155800
0.00210043
-0.03723845
0.00039815
-0.00082372
-0.00042109
0.00020383
0.00039367
0.00009663
-0.00140508
0.00000133
0.00034064
-0.00066784
0.00042866
-0.00071026
0.00031445
0.00016773
0.00092071
0.00028184
-0.00097574
-0.00104236
0.00085278
0.00047882
0.00109563
-0.00038162
-0.00023174
0.00106521
0.00130722
-0.00132951
-0.00056842
-0.00086574
0.00072296
0.00039725
0.00049970
0.00016293
-0.00023783
0.00058566
0.00113527
0.00028777
-0.00008471
0.00131046
-0.00015893
0.00027811
-0.00004305
-0.00005147
-0.00149098
0.00068108
0.00046928
-0.00065808
0.00081182
-0.00145062
0.00060836
0.00156815
0.00061553
-0.00005695
0.00059853
0.00070027
0.00146654
0.00115942
0.00106366
0.00053616
0.00080167
-0.00089374
-0.00012325
-0.00157898
0.00207886
-0.03811815
0.00032997
-0.00086158
-0.00037460
0.00016321
0.00035405
0.00002852
-0.00139702
-0.00004506
0.00035344
-0.00067789
0.00044388
-0.00071145
0.00027327
0.00014508
0.00093203
0.00024884
-0.00099796
-0.00106277
0.00083065
0.00051528
0.00109260
-0.00036318
-0.00025959
0.00102740
0.00131683
-0.00135514
-0.00057160
-0.00077058
0.00068920
0.00044850
0.00050485
0.00026568
-0.00027989
0.00058738
0.00110927
0.00027539
-0.00003274
0.00126718
-0.00017520
0.00029492
-0.00004630
-0.00001654
-0.00142601
0.00069796
0.00052082
-0.00064270
0.00099603
-0.00145943
0.00062921
0.00154451
0.00060192
-0.00000733
0.00059193
0.00071596
0.00144994
0.00113931
0.00102707
0.00055215
0.00074442
-0.00086804
-0.00007435
-0.00155972
0.00205722
-0.03855793
0.00028596
-0.00086587
-0.00035820
0.00012532
0.00031114
0.00000063
-0.00137521
-0.00005543
0.00035666
-0.00069831
0.00044041
-0.00069152
0.00025254
0.00016486
0.00092423
0.00024018
-0.00101782
-0.00107850
0.00082987
0.00052313
0.00107680
-0.00037334
-0.00025022
0.00103014
0.00132409
-0.00137559
-0.00056747
-0.00072427
0.00066483
0.00048345
0.00050264
0.00031716
-0.00028778
0.00060381
0.00109555
0.00025886
-0.00007402
0.00127734
-0.00016488
0.00025273
-0.00005406
-0.00004964
-0.00143957
0.00068077
0.00046991
-0.00064970
0.00075640
-0.00145578
0.00064019
0.00156211
0.00059930
-0.00002499
0.00060837
0.00065870
0.00145566
0.00116567
0.00102122
0.00057983
0.00078282
-0.00088752
-0.00010698
-0.00156019
0.00205227
-0.03811913
0.00032569
-0.00083267
-0.00038587
0.00013861
0.00034257
0.00003924
-0.00138036
-0.00006980
0.00037035
-0.00067564
0.00044080
-0.00068809
0.00024441
0.00019311
0.00090775
0.00025305
-0.00097840
-0.00105200
0.00084136
0.00049790
0.00108803
-0.00040303
-0.00024522
0.00105998
0.00131343
-0.00136148
-0.00056703
-0.00076374
0.00067388
0.00045634
0.00048935
0.00028662
-0.00027011
0.00060644
0.00105323
0.00024313
-0.00010132
0.00129300
-0.00017139
0.00024313
-0.00005109
-0.00007139
-0.00140755
0.00065471
0.00044574
-0.00064310
0.00060026
-0.00147205
0.00065573
0.00154838
0.00063426
-0.00004408
0.00064570
0.00060096
0.00146787
0.00114920
0.00102112
0.00059783
0.00080575
-0.00085331
-0.00016769
-0.00151399
0.00206069
-0.03773137
0.00036886
-0.00082387
-0.00041610
0.00013765
0.00033993
0.00007862
-0.00136974
-0.00004393
0.00037182
-0.00068331
0.00042028
-0.00067482
0.00028801
0.00022439
0.00089259
0.00025206
-0.00095759
-0.00104265
0.00086100
0.00047012
0.00107849
-0.00044392
-0.00024302
0.00106558
0.00134075
-0.00132065
-0.00057868
-0.00080749
0.00068724
0.00044154
0.00049881
0.00028943
-0.00025063
0.00060978
0.00104513
0.00021077
-0.00015720
0.00129496
-0.00017719
0.00020939
-0.00005553
-0.00014748
-0.00141083
0.00062552
0.00042381
-0.00063956
0.00035601
-0.00147008
0.00064386
0.00156965
0.00065927
-0.00010962
0.00064233
0.00054507
0.00148001
0.00119878
0.00102212
0.00061961
0.00088090
-0.00087117
-0.00026928
-0.00150483
0.00208397
-0.03696155
0.00043380
-0.00081096
-0.00046591
0.00017769
0.00036796
0.00012869
-0.00136369
-0.00001679
0.00038081
-0.00065473
0.00039780
-0.00068681
0.00032553
0.00020161
0.00087384
0.00026998
-0.00094575
-0.00101381
0.00087209
0.00047206
0.00109589
-0.00047484
-0.00025064
0.00111739
0.00133772
-0.00127968
-0.00058892
-0.00085361
0.00071601
0.00038892
0.00050277
0.00022429
-0.00024180
0.00063124
0.00103116
0.00017947
-0.00018759
0.00131101
-0.00016766
0.00021426
-0.00005073
-0.00015220
-0.00144043
0.00061887
0.00041664
-0.00064624
0.00020923
-0.00145668
0.00065023
0.00157777
0.00063016
-0.00014735
0.00064327
0.00050993
0.00146211
0.00126006
0.00100045
0.00062675
0.00092177
-0.00089988
-0.00028163
-0.00155888
0.00206939
-0.03687776
0.00047684
-0.00083770
-0.00048635
0.00015547
0.00041532
0.00014151
-0.00140538
-0.00003376
0.00036897
-0.00063825
0.00037173
-0.00068547
0.00032023
0.00016281
0.00085976
0.00028568
-0.00092059
-0.00098008
0.00089826
0.00050097
0.00109236
-0.00045960
-0.00029852
0.00112702
0.00134571
-0.00128148
-0.00063336
-0.00087894
0.00073456
0.00037185
0.00053016
0.00017005
-0.00021131
0.00062275
0.00103712
0.00021556
-0.00007907
0.00129968
-0.00018370
0.00026115
-0.00005400
-0.00007864
-0.00137751
0.00063438
0.00049527
-0.00063234
0.00046112
-0.00148002
0.00063995
0.00154371
0.00062944
-0.00007950
0.00062419
0.00058413
0.00144015
0.00118326
0.00099966
0.00059347
0.00082603
-0.00087079
-0.00020458
-0.00151354
0.00206181
-0.03762053
0.00039798
-0.00084688
-0.00044360
0.00010371
0.00033782
0.00005266
-0.00135391
-0.00003133
0.00035519
-0.00066482
0.00036555
-0.00071003
0.00031963
0.00019589
0.00088748
0.00025574
-0.00096881
-0.00101694
0.00087131
0.00053823
0.00107142
-0.00044416
-0.00027222
0.00108535
0.00136967
-0.00129114
-0.00062175
-0.00079479
0.00071044
0.00043371
0.00052663
0.00028037
-0.00026395
0.00064729
0.00105133
0.00022580
-0.00009784
0.00130584
-0.00019537
0.00028561
-0.00006474
-0.00010529
-0.00137599
0.00064005
0.00050244
-0.00064389
0.00050089
-0.00147929
0.00063280
0.00155096
0.00060802
-0.00007887
0.00065182
0.00059587
0.00144569
0.00119412
0.00101721
0.00058737
0.00082579
-0.00087250
-0.00022373
-0.00150375
0.00206687
-0.03749592
0.00040388
-0.00084279
-0.00044270
0.00011527
0.00034834
0.00003752
-0.00135237
-0.00002185
0.00035731
-0.00064850
0.00038043
-0.00071564
0.00033434
0.00020730
0.00088302
0.00026354
-0.00095078
-0.00101058
0.00086969
0.00053391
0.00107480
-0.00043555
-0.00028326
0.00107799
0.00137096
-0.00126587
-0.00062424
-0.00081171
0.00069041
0.00042540
0.00051946
0.00026770
-0.00025695
0.00065019
0.00105278
0.00020211
-0.00012946
0.00132324
-0.00018532
0.00024927
-0.00004991
-0.00014770
-0.00140538
0.00060868
0.00046809
-0.00062582
0.00026643
-0.00148720
0.00063831
0.00157129
0.00063798
-0.00015060
0.00068792
0.00055325
0.00147536
0.00121695
0.00100565
0.00058314
0.00087932
-0.00087595
-0.00029630
-0.00149176
0.00205340
-0.03701865
0.00044579
-0.00082530
-0.00046416
0.00013235
0.00037587
0.00007544
-0.00135428
-0.00001672
0.00035399
-0.00064325
0.00036492
-0.00073719
0.00037058
0.00019087
0.00090040
0.00029221
-0.00091776
-0.00099653
0.00088158
0.00050997
0.00109516
-0.00044799
-0.00030759
0.00107980
0.00138245
-0.00128537
-0.00063403
-0.00087431
0.00071841
0.00040035
0.00051578
0.00022254
-0.00023227
0.00064281
0.00104488
0.00023732
-0.00011703
0.00131406
-0.00017253
0.00025143
-0.00001591
-0.00014476
-0.00141351
0.00061301
0.00047884
-0.00061726
0.00027325
-0.00148828
0.00065072
0.00157602
0.00062152
-0.00014349
0.00064939
0.00060665
0.00147194
0.00118887
0.00102280
0.00054811
0.00088323
-0.00086990
-0.00029974
-0.00148908
0.00207341
-0.03716584
0.00042249
-0.00082320
-0.00043357
0.00014912
0.00036167
0.00012556
-0.00136183
-0.00001615
0.00033635
-0.00063736
0.00037912
-0.00074542
0.00035070
0.00019776
0.00090368
0.00028208
-0.00095159
-0.00101042
0.00082729
0.00050831
0.00109148
-0.00044277
-0.00030358
0.00108491
0.00141370
-0.00130000
-0.00060410
-0.00086355
0.00071163
0.00040527
0.00050807
0.00024647
-0.00024221
0.00065303
0.00105695
0.00025680
-0.00009876
0.00130458
-0.00016772
0.00025706
-0.00003843
-0.00014284
-0.00144707
0.00063806
0.00046575
-0.00062468
0.00037797
-0.00146641
0.00064983
0.00157428
0.00057591
-0.00012692
0.00061668
0.00063814
0.00147486
0.00123775
0.00101916
0.00055821
0.00087428
-0.00089667
-0.00025445
-0.00153758
0.00206733
-0.03746760
0.00041079
-0.00083658
-0.00040944
0.00014329
0.00037488
0.00011087
-0.00137927
-0.00006676
0.00034840
-0.00061787
0.00038881
-0.00074006
0.00032636
0.00017741
0.00091330
0.00026400
-0.00093828
-0.00100019
0.00083829
0.00053225
0.00110949
-0.00043859
-0.00034045
0.00106384
0.00139458
-0.00132518
-0.00061202
-0.00083302
0.00071132
0.00042567
0.00050718
0.00027390
-0.00027620
0.00065781
0.00099679
0.00024679
-0.00011198
0.00131900
-0.00017162
0.00022060
-0.00001973
-0.00016611
-0.00143066
0.00057121
0.00047708
-0.00062404
0.00020040
-0.00146706
0.00063710
0.00157829
0.00062488
-0.00018881
0.00067138
0.00058140
0.00147478
0.00122661
0.00103871
0.00056343
0.00088363
-0.00092357
-0.00029116
-0.00147397
0.00207710
-0.03687844
0.00044131
-0.00082193
-0.00042541
0.00016723
0.00037769
0.00013172
-0.00136496
-0.00004899
0.00034621
-0.00065024
0.00036009
-0.00077106
0.00035897
0.00018268
0.00092034
0.00028942
-0.00093443
-0.00099617
0.00081423
0.00049270
0.00109415
-0.00043672
-0.00033804
0.00109796
0.00141662
-0.00126611
-0.00062114
-0.00089087
0.00069732
0.00039217
0.00049783
0.00021335
-0.00023267
0.00064574
0.00103859
0.00025419
-0.00013003
0.00132006
-0.00016473
0.00022620
-0.00002119
-0.00017518
-0.00144383
0.00058751
0.00047354
-0.00063253
0.00026027
-0.00148608
0.00064031
0.00157899
0.00061608
-0.00018424
0.00068822
0.00060852
0.00144570
0.00123343
0.00104589
0.00054674
0.00088294
-0.00090676
-0.00029743
-0.00147257
0.00206324
-0.03679230
0.00043950
-0.00083654
-0.00043293
0.00015381
0.00036289
0.00012841
-0.00135781
-0.00000925
0.00033568
-0.00066472
0.00035967
-0.00077966
0.00034791
0.00020449
0.00092228
0.00030349
-0.00093245
-0.00101966
0.00079587
0.00050616
0.00107690
-0.00042018
-0.00034921
0.00107076
0.00140687
-0.00123003
-0.00062110
-0.00087112
0.00072374
0.00038459
0.00052189
0.00024119
-0.00023620
0.00065344
0.00101283
0.00026064
-0.00006186
0.00132272
-0.00016416
0.00025489
-0.00004722
-0.00013286
-0.00144321
0.00060601
0.00049781
-0.00061757
0.00050529
-0.00150602
0.00063240
0.00155360
0.00058822
-0.00012445
0.00067699
0.00065869
0.00142121
0.00119697
0.00103001
0.00054734
0.00082332
-0.00087343
-0.00024300
-0.00147226
0.00205995
-0.03739159
0.00037807
-0.00086082
-0.00040402
0.00013585
0.00031400
0.00009583
-0.00134636
-0.00001883
0.00034221
-0.00067376
0.00035096
-0.00078117
0.00032231
0.00018418
0.00092763
0.00029350
-0.00096433
-0.00103799
0.00076265
0.00050631
0.00105934
-0.00039149
-0.00032636
0.00106274
0.00139959
-0.00123827
-0.00061955
-0.00081884
0.00070292
0.00043054
0.00054285
0.00031423
-0.00026032
0.00064463
0.00101517
0.00026446
-0.00015625
0.00136890
-0.00016292
0.00018555
-0.00006737
-0.00022348
-0.00154067
0.00055924
0.00041800
-0.00061759
0.00008318
-0.00151510
0.00060473
0.00160005
0.00057152
-0.00022040
0.00070682
0.00060244
0.00138849
0.00134106
0.00104571
0.00056670
0.00093228
-0.00094250
-0.00030835
-0.00152263
0.00208006
-0.03636664
0.00049513
-0.00083582
-0.00042017
0.00017205
0.00039940
0.00024782
-0.00140481
-0.00004439
0.00033101
-0.00062025
0.00033424
-0.00081446
0.00034934
0.00018474
0.00095029
0.00033539
-0.00090149
-0.00100178
0.00077881
0.00045829
0.00106821
-0.00038457
-0.00036767
0.00108444
0.00135820
-0.00119287
-0.00063067
-0.00093759
0.00078217
0.00036217
0.00055352
0.00020908
-0.00025347
0.00062428
0.00098855
0.00025641
-0.00012821
0.00132667
-0.00017456
0.00021658
-0.00006074
-0.00017565
-0.00147196
0.00056772
0.00047259
-0.00059935
0.00023715
-0.00152118
0.00062892
0.00160516
0.00059522
-0.00018112
0.00067235
0.00062129
0.00141619
0.00122398
0.00106214
0.00055856
0.00089780
-0.00089849
-0.00029722
-0.00148152
0.00205554
-0.03680531
0.00043935
-0.00081946
-0.00044312
0.00016653
0.00035214
0.00017146
-0.00137086
-0.00001875
0.00033645
-0.00065568
0.00034303
-0.00078742
0.00033351
0.00020214
0.00095280
0.00032079
-0.00094352
-0.00104654
0.00076489
0.00043651
0.00104765
-0.00039469
-0.00032506
0.00107275
0.00140254
-0.00119741
-0.00060741
-0.00090153
0.00073096
0.00039423
0.00053460
0.00024896
-0.00023979
0.00063737
0.00098101
0.00030779
-0.00011712
0.00147813
-0.00010441
0.00009723
-0.00025283
-0.00025603
-0.00171845
0.00053350
0.00059396
-0.00045480
0.00059170
-0.00157721
0.00049354
0.00168046
0.00031739
-0.00025686
0.00041809
0.00078058
0.00135325
0.00155767
0.00105730
0.00051892
0.00084048
-0.00117219
-0.00027455
-0.00164569
0.00195686
-0.03719216
0.00032898
-0.00081388
-0.00032925
0.00040583
0.00034911
0.00008569
-0.00142745
-0.00006856
0.00034424
-0.00062461
0.00023316
-0.00080921
0.00017290
0.00005154
0.00114756
0.00035960
-0.00090449
-0.00115045
0.00070507
0.00046558
0.00101174
-0.00029008
-0.00039604
0.00094079
0.00123468
-0.00111829
-0.00054138
-0.00085769
0.00077703
0.00056191
0.00058548
0.00027993
-0.00038455
0.00065655
0.00100647
0.00028787
-0.00009038
0.00134653
-0.00014837
0.00021812
-0.00008348
-0.00016243
-0.00149991
0.00060202
0.00050850
-0.00056379
0.00041766
-0.00151883
0.00062922
0.00160145
0.00053070
-0.00014853
0.00063472
0.00068275
0.00141558
0.00122717
0.00106579
0.00056496
0.00085782
-0.00093260
-0.00025137
-0.00149686
0.00203834
-0.03740878
0.00042060
-0.00084324
-0.00040027
0.00017492
0.00034049
0.00014746
-0.00137756
-0.00001736
0.00032370
-0.00062963
0.00036247
-0.00077866
0.00030875
0.00019970
0.00098863
0.00032255
-0.00095680
-0.00105134
0.00077812
0.00046196
0.00105040
-0.00038097
-0.00032263
0.00106789
0.00138297
-0.00119649
-0.00059961
-0.00086881
0.00071514
0.00044216
0.00055449
0.00026909
-0.00026719
0.00063656
0.00101178
0.00030054
-0.00007138
0.00133949
-0.00014262
0.00023130
-0.00006370
-0.00013852
-0.00150534
0.00062191
0.00051660
-0.00055753
0.00057091
-0.00151149
0.00063260
0.00158517
0.00052021
-0.00011666
0.00061838
0.00070817
0.00140086
0.00121285
0.00106557
0.00056080
0.00083584
-0.00092530
-0.00021607
-0.00149431
0.00203737
-0.03774336
0.00038044
-0.00085167
-0.00037521
0.00015167
0.00032503
0.00012830
-0.00138134
-0.00003420
0.00032967
-0.00063830
0.00037081
-0.00076915
0.00029790
0.00019725
0.00098923
0.00031604
-0.00096217
-0.00106685
0.00076962
0.00047492
0.00103588
-0.00036742
-0.00033826
0.00104025
0.00138344
-0.00119876
-0.00060833
-0.00082480
0.00070441
0.00046058
0.00056726
0.00029419
-0.00027029
0.00063103
0.00101198
0.00032405
-0.00009169
0.00135942
-0.00012834
0.00022318
-0.00003205
-0.00017555
-0.00147912
0.00060915
0.00049447
-0.00056144
0.00035891
-0.00148422
0.00064508
0.00160280
0.00055494
-0.00012473
0.00064798
0.00066112
0.00144453
0.00120138
0.00107148
0.00058602
0.00085537
-0.00091406
-0.00025466
-0.00145202
0.00204740
-0.03728572
0.00040852
-0.00082718
-0.00041657
0.00017687
0.00032036
0.00012346
-0.00139723
-0.00000282
0.00033487
-0.00065063
0.00036956
-0.00075494
0.00033795
0.00020863
0.00096138
0.00032256
-0.00096435
-0.00105122
0.00076809
0.00044571
0.00107218
-0.00038553
-0.00033542
0.00105559
0.00140288
-0.00119995
-0.00060081
-0.00087758
0.00070774
0.00043731
0.00053658
0.00027229
-0.00026515
0.00061792
0.00098454
0.00033963
-0.00009436
0.00135230
-0.00015869
0.00022225
-0.00003546
-0.00018083
-0.00148911
0.00061301
0.00050341
-0.00057402
0.00029768
-0.00148907
0.00063449
0.00163228
0.00058364
-0.00015036
0.00065339
0.00063357
0.00143632
0.00120649
0.00107269
0.00058312
0.00088285
-0.00090355
-0.00027795
-0.00144996
0.00206244
-0.03705993
0.00042114
-0.00084047
-0.00041842
0.00017551
0.00031759
0.00011723
-0.00141133
-0.00000130
0.00031135
-0.00065024
0.00035415
-0.00076955
0.00035679
0.00022189
0.00095955
0.00032840
-0.00095583
-0.00104133
0.00076987
0.00044000
0.00106507
-0.00040017
-0.00031732
0.00105567
0.00142366
-0.00122308
-0.00057937
-0.00087328
0.00070167
0.00042110
0.00053853
0.00026606
-0.00024195
0.00062834
0.00098507
0.00034404
-0.00009687
0.00136577
-0.00016105
0.00022306
-0.00004370
-0.00020055
-0.00149981
0.00061359
0.00050942
-0.00057879
0.00028881
-0.00147834
0.00067943
0.00162746
0.00056534
-0.00014382
0.00065149
0.00065679
0.00146013
0.00122494
0.00107090
0.00059722
0.00088144
-0.00090939
-0.00025964
-0.00144602
0.00206357
-0.03710721
0.00043563
-0.00084179
-0.00044556
0.00018643
0.00030025
0.00014714
-0.00144459
0.00000687
0.00031229
-0.00065448
0.00036216
-0.00077449
0.00037452
0.00021905
0.00096086
0.00033090
-0.00095312
-0.00103748
0.00075930
0.00043133
0.00108836
-0.00040362
-0.00030226
0.00105621
0.00142851
-0.00119932
-0.00058601
-0.00088678
0.00069439
0.00040598
0.00054693
0.00027180
-0.00026197
0.00063923
0.00086662
0.00048266
-0.00009626
0.00141720
-0.00016253
0.00017887
-0.00008995
-0.00027349
-0.00169522
0.00058459
0.00048675
-0.00056278
-0.00003816
-0.00144281
0.00061364
0.00180028
0.00049808
-0.00026667
0.00057572
0.00071773
0.00137434
0.00155311
0.00107023
0.00058724
0.00097947
-0.00101532
-0.00029621
-0.00153460
0.00211724
-0.03592142
0.00047822
-0.00084742
-0.00042562
0.00029315
0.00029191
0.00017494
-0.00158520
-0.00004078
0.00023464
-0.00058187
0.00033953
-0.00080454
0.00038217
0.00017478
0.00101001
0.00044167
-0.00086769
-0.00099462
0.00071038
0.00039468
0.00108928
-0.00033765
-0.00038767
0.00100998
0.00144353
-0.00119998
-0.00058434
-0.00093642
0.00072769
0.00038668
0.00059977
0.00021128
-0.00032283
0.00067893
0.00099111
0.00033676
-0.00006640
0.00133335
-0.00019323
0.00025394
-0.00004878
-0.00016111
-0.00147322
0.00062906
0.00052946
-0.00058629
0.00048794
-0.00149015
0.00068422
0.00161320
0.00056961
-0.00012592
0.00061583
0.00070475
0.00143334
0.00119804
0.00105873
0.00057166
0.00082725
-0.00088493
-0.00022763
-0.00144515
0.00207103
-0.03756266
0.00035729
-0.00086361
-0.00040358
0.00016244
0.00026977
0.00010559
-0.00139377
0.00001373
0.00030480
-0.00065562
0.00037959
-0.00078544
0.00033230
0.00021757
0.00094174
0.00028239
-0.00100172
-0.00105778
0.00076540
0.00043836
0.00106545
-0.00039226
-0.00026602
0.00102682
0.00142700
-0.00123140
-0.00060898
-0.00084570
0.00065989
0.00042876
0.00054271
0.00030631
-0.00028417
0.00066115
0.00098440
0.00033500
-0.00006450
0.00132533
-0.00019474
0.00021289
-0.00004072
-0.00016562
-0.00147546
0.00063518
0.00052167
-0.00058285
0.00049134
-0.00147530
0.00067589
0.00163065
0.00053964
-0.00011488
0.00061743
0.00070581
0.00143531
0.00120994
0.00105492
0.00057536
0.00083354
-0.00087746
-0.00024076
-0.00142894
0.00205858
-0.03764772
0.00038330
-0.00086073
-0.00041643
0.00016570
0.00028002
0.00012995
-0.00139981
0.00002100
0.00029741
-0.00065570
0.00036957
-0.00079559
0.00034574
0.00018192
0.00094543
0.00029293
-0.00100182
-0.00104854
0.00078371
0.00041470
0.00106276
-0.00040627
-0.00027922
0.00104373
0.00142776
-0.00121822
-0.00060394
-0.00087496
0.00067400
0.00041721
0.00055249
0.00031711
-0.00029282
0.00066534
0.00097100
0.00029863
-0.00012839
0.00133140
-0.00021510
0.00017717
-0.00002726
-0.00018345
-0.00147534
0.00061043
0.00048396
-0.00056585
0.00018202
-0.00149506
0.00066507
0.00165714
0.00057421
-0.00018559
0.00064767
0.00065261
0.00145799
0.00123654
0.00107468
0.00059340
0.00089877
-0.00089012
-0.00029321
-0.00142862
0.00207770
-0.03696553
0.00042245
-0.00083908
-0.00044874
0.00020368
0.00031905
0.00019022
-0.00139261
0.00003827
0.00029472
-0.00063354
0.00034504
-0.00079868
0.00035765
0.00020038
0.00096319
0.00030191
-0.00096029
-0.00103199
0.00079105
0.00039039
0.00109890
-0.00043997
-0.00028311
0.00106705
0.00142355
-0.00121207
-0.00059580
-0.00093904
0.00070493
0.00038741
0.00054261
0.00024014
-0.00029133
0.00067503
0.00100712
0.00030408
-0.00014449
0.00133291
-0.00020522
0.00018878
-0.00002845
-0.00019347
-0.00149188
0.00062685
0.00047714
-0.00057418
0.00022783
-0.00150568
0.00067363
0.00165711
0.00056495
-0.00017861
0.00066712
0.00067536
0.00143194
0.00124342
0.00108111
0.00058324
0.00089810
-0.00087689
-0.00029497
-0.00142988
0.00206108
-0.03691380
0.00042840
-0.00085299
-0.00045651
0.00018216
0.00030822
0.00019390
-0.00139499
0.00007442
0.00028801
-0.00064498
0.00034528
-0.00080745
0.00035264
0.00022274
0.00096585
0.00031621
-0.00095637
-0.00105232
0.00077785
0.00040364
0.00108294
-0.00042227
-0.00029557
0.00104440
0.00141847
-0.00117680
-0.00060150
-0.00092487
0.00072966
0.00037878
0.00056628
0.00026596
-0.00029372
0.00067900
0.00102027
0.00031552
-0.00010414
0.00132081
-0.00019964
0.00020997
-0.00004450
-0.00015874
-0.00148153
0.00064472
0.00052416
-0.00057187
0.00051503
-0.00152320
0.00067171
0.00163628
0.00053130
-0.00011836
0.00063011
0.00072443
0.00141247
0.00123041
0.00108106
0.00057358
0.00084454
-0.00086386
-0.00024072
-0.00144434
0.00206499
-0.03753881
0.00037747
-0.00088156
-0.00043396
0.00016263
0.00026294
0.00015796
-0.00137362
0.00007463
0.00028278
-0.00064396
0.00036830
-0.00077999
0.00033356
0.00022196
0.00097442
0.00032261
-0.00097814
-0.00107820
0.00076366
0.00045554
0.00106655
-0.00041467
-0.00030583
0.00102494
0.00141695
-0.00118506
-0.00060893
-0.00085206
0.00071921
0.00043347
0.00060247
0.00032769
-0.00031339
0.00067259
0.00099007
0.00029701
-0.00007819
0.00131527
-0.00017740
0.00022125
-0.00004047
-0.00014730
-0.00143543
0.00064295
0.00051968
-0.00056439
0.00055231
-0.00150637
0.00069769
0.00162806
0.00054841
-0.00008873
0.00065352
0.00068674
0.00142243
0.00116678
0.00109372
0.00057420
0.00083841
-0.00085028
-0.00022154
-0.00143352
0.00205484
-0.03777932
0.00037091
-0.00087206
-0.00044937
0.00013302
0.00026689
0.00015241
-0.00136850
0.00007084
0.00030373
-0.00066737
0.00036345
-0.00078186
0.00033916
0.00023074
0.00097027
0.00029721
-0.00100758
-0.00109074
0.00076008
0.00043664
0.00105849
-0.00041835
-0.00029709
0.00104366
0.00144489
-0.00120099
-0.00060288
-0.00084438
0.00070189
0.00043570
0.00059502
0.00033638
-0.00029448
0.00065726
0.00100150
0.00027826
-0.00008105
0.00131140
-0.00019327
0.00024367
-0.00004036
-0.00016738
-0.00142543
0.00063437
0.00050329
-0.00055286
0.00053220
-0.00149921
0.00069244
0.00162202
0.00057996
-0.00009765
0.00066458
0.00066344
0.00142281
0.00115585
0.00109491
0.00058827
0.00083638
-0.00085521
-0.00022697
-0.00142373
0.00204868
-0.03774740
0.00038053
-0.00087096
-0.00045043
0.00011929
0.00027827
0.00016258
-0.00136333
0.00008095
0.00029428
-0.00065269
0.00036633
-0.00079619
0.00036706
0.00022739
0.00097622
0.00030570
-0.00100075
-0.00109913
0.00076525
0.00042979
0.00104582
-0.00041545
-0.00028231
0.00105265
0.00145751
-0.00120366
-0.00059233
-0.00085174
0.00069853
0.00041870
0.00060635
0.00032078
-0.00027463
0.00065762
0.00099104
0.00025897
-0.00021467
0.00135810
-0.00022379
0.00016685
-0.00004738
-0.00026051
-0.00149530
0.00058056
0.00042432
-0.00055379
-0.00003229
-0.00148327
0.00068793
0.00168068
0.00060343
-0.00024473
0.00069693
0.00057560
0.00143648
0.00127266
0.00113001
0.00063370
0.00095088
-0.00091012
-0.00034963
-0.00143882
0.00208856
-0.03646463
0.00048393
-0.00082328
-0.00050722
0.00016029
0.00035449
0.00028051
-0.00141379
0.00010832
0.00028835
-0.00060964
0.00033662
-0.00081544
0.00044333
0.00028842
0.00099816
0.00033055
-0.00093393
-0.00107887
0.00078945
0.00039139
0.00105909
-0.00045649
-0.00026453
0.00109367
0.00145837
-0.00113832
-0.00059554
-0.00102279
0.00076398
0.00032895
0.00058538
0.00020658
-0.00022894
0.00067594
0.00100557
0.00025084
-0.00013470
0.00133051
-0.00021536
0.00023951
-0.00006110
-0.00019039
-0.00143534
0.00061054
0.00049442
-0.00055849
0.00036975
-0.00148541
0.00068872
0.00160912
0.00060288
-0.00016495
0.00065653
0.00062932
0.00142851
0.00118474
0.00108805
0.00060608
0.00086276
-0.00086580
-0.00027055
-0.00143190
0.00204935
-0.03731284
0.00042718
-0.00084474
-0.00047200
0.00013481
0.00032014
0.00019664
-0.00136829
0.00008316
0.00030857
-0.00061614
0.00036299
-0.00080633
0.00038993
0.00026748
0.00098525
0.00032293
-0.00099089
-0.00108537
0.00078244
0.00044624
0.00105209
-0.00044401
-0.00022297
0.00108345
0.00146324
-0.00118585
-0.00058104
-0.00089843
0.00071737
0.00038910
0.00059189
0.00029481
-0.00025313
0.00065440
0.00100164
0.00023500
-0.00015211
0.00132440
-0.00022659
0.00023944
-0.00004959
-0.00021498
-0.00143904
0.00060670
0.00049068
-0.00057765
0.00026577
-0.00150068
0.00070096
0.00160865
0.00060926
-0.00019125
0.00069258
0.00061861
0.00144775
0.00117297
0.00111599
0.00061233
0.00090411
-0.00087029
-0.00029955
-0.00142706
0.00207931
-0.03706969
0.00044381
-0.00081156
-0.00050872
0.00014758
0.00033407
0.00021476
-0.00138111
0.00006621
0.00031382
-0.00062523
0.00036844
-0.00081870
0.00039947
0.00028922
0.00098047
0.00031854
-0.00099752
-0.00107905
0.00079395
0.00042834
0.00106445
-0.00044887
-0.00022479
0.00109681
0.00147207
-0.00118281
-0.00058631
-0.00091659
0.00072747
0.00037954
0.00060274
0.00026610
-0.00023626
0.00065654
0.00097874
0.00023157
-0.00019609
0.00142957
-0.00032333
0.00021456
-0.00018389
-0.00038272
-0.00162651
0.00065390
0.00073200
-0.00046652
0.00056677
-0.00165354
0.00067200
0.00159462
0.00038064
-0.00040511
0.00055357
0.00084216
0.00145357
0.00136180
0.00122022
0.00062559
0.00091576
-0.00099193
-0.00039402
-0.00140815
0.00211655
-0.03704076
0.00032094
-0.00072823
-0.00055314
0.00042052
0.00026208
0.00018859
-0.00136219
0.00009169
0.00031784
-0.00051722
0.00027837
-0.00096615
0.00030437
0.00037636
0.00116602
0.00042333
-0.00106822
-0.00115087
0.00072906
0.00052512
0.00111181
-0.00048332
-0.00010954
0.00098368
0.00149593
-0.00108745
-0.00053246
-0.00077896
0.00081276
0.00057671
0.00081274
0.00040054
-0.00039346
0.00074818
0.00100703
0.00026596
-0.00013599
0.00132156
-0.00021434
0.00026658
-0.00008073
-0.00021614
-0.00144624
0.00064226
0.00051894
-0.00055845
0.00039661
-0.00150813
0.00070131
0.00159787
0.00055624
-0.00016769
0.00066174
0.00066121
0.00145502
0.00117389
0.00110386
0.00062024
0.00085858
-0.00086625
-0.00025355
-0.00144993
0.00208812
-0.03751558
0.00041689
-0.00084064
-0.00047913
0.00013179
0.00031579
0.00021419
-0.00138358
0.00005044
0.00032226
-0.00062464
0.00036775
-0.00080624
0.00037273
0.00028126
0.00099323
0.00030830
-0.00100261
-0.00109323
0.00077822
0.00043687
0.00105802
-0.00043650
-0.00022943
0.00107449
0.00144428
-0.00117597
-0.00060606
-0.00088688
0.00072682
0.00041161
0.00062796
0.00031326
-0.00025814
0.00066161
0.00100306
0.00025412
-0.00013867
0.00130972
-0.00021410
0.00025930
-0.00007280
-0.00022168
-0.00140293
0.00062796
0.00048982
-0.00057642
0.00030405
-0.00151542
0.00072076
0.00159766
0.00058743
-0.00018253
0.00069595
0.00061947
0.00147150
0.00113806
0.00109139
0.00060600
0.00089430
-0.00085269
-0.00027561
-0.00142716
0.00209769
-0.03722964
0.00043438
-0.00082623
-0.00048412
0.00014388
0.00034898
0.00018622
-0.00137806
0.00005704
0.00033557
-0.00063285
0.00035464
-0.00078441
0.00037786
0.00028800
0.00097894
0.00029417
-0.00099242
-0.00109580
0.00079408
0.00040828
0.00104486
-0.00043869
-0.00022951
0.00110066
0.00145696
-0.00119749
-0.00056606
-0.00089707
0.00071004
0.00037536
0.00059892
0.00027917
-0.00024053
0.00064879
0.00100044
0.00024224
-0.00018316
0.00132147
-0.00022441
0.00027134
-0.00005868
-0.00024382
-0.00143169
0.00062183
0.00046249
-0.00058561
0.00016229
-0.00153173
0.00071895
0.00159692
0.00058726
-0.00023082
0.00070612
0.00062198
0.00148112
0.00118007
0.00110924
0.00060336
0.00093175
-0.00088357
-0.00032716
-0.00140589
0.00212017
-0.03679342
0.00047831
-0.00080999
-0.00051659
0.00017014
0.00037359
0.00023850
-0.00138677
0.00005776
0.00034600
-0.00063076
0.00031407
-0.00076399
0.00037672
0.00029125
0.00098712
0.00031947
-0.00097802
-0.00111075
0.00079175
0.00036708
0.00105804
-0.00044528
-0.00021549
0.00110984
0.00146379
-0.00116975
-0.00056708
-0.00092945
0.00074979
0.00034491
0.00059426
0.00024659
-0.00021898
0.00065308
0.00100975
0.00024214
-0.00017072
0.00135338
-0.00025188
0.00027362
-0.00003929
-0.00022551
-0.00139552
0.00061833
0.00046204
-0.00058926
0.00023079
-0.00151045
0.00071800
0.00158523
0.00061037
-0.00019778
0.00069400
0.00062103
0.00150014
0.00113380
0.00111960
0.00061089
0.00094600
-0.00087786
-0.00034938
-0.00139339
0.00208739
-0.03688928
0.00045599
-0.00081677
-0.00050214
0.00018834
0.00035962
0.00017012
-0.00136713
0.00003969
0.00033417
-0.00066859
0.00033040
-0.00076876
0.00033941
0.00026851
0.00099467
0.00031591
-0.00099959
-0.00111749
0.00076580
0.00036724
0.00105894
-0.00042211
-0.00021203
0.00112578
0.00147655
-0.00118878
-0.00058429
-0.00090399
0.00073139
0.00036135
0.00059146
0.00026586
-0.00022002
0.00066214
0.00094814
0.00029385
-0.00028972
0.00139396
-0.00036236
0.00031611
-0.00008902
-0.00033291
-0.00148922
0.00063411
0.00036837
-0.00058222
-0.00017137
-0.00161215
0.00073113
0.00164741
0.00053655
-0.00041637
0.00068367
0.00073728
0.00149605
0.00129816
0.00122093
0.00061377
0.00111351
-0.00090409
-0.00048979
-0.00136834
0.00221475
-0.03541654
0.00053705
-0.00078993
-0.00057191
0.00032499
0.00041207
0.00032584
-0.00139573
0.00003530
0.00032903
-0.00061865
0.00023729
-0.00077143
0.00022801
0.00032219
0.00110422
0.00043000
-0.00097407
-0.00118824
0.00067877
0.00020387
0.00105364
-0.00036386
-0.00016363
0.00114632
0.00154840
-0.00110236
-0.00061943
-0.00097835
0.00086242
0.00030246
0.00071376
0.00023039
-0.00025897
0.00072571
0.00103938
0.00026420
-0.00010710
0.00132633
-0.00025359
0.00030040
-0.00003354
-0.00016237
-0.00137154
0.00062383
0.00050742
-0.00058195
0.00050818
-0.00151019
0.00069939
0.00155421
0.00059702
-0.00013212
0.00067618
0.00067517
0.00146742
0.00110841
0.00110193
0.00059347
0.00087536
-0.00085236
-0.00026664
-0.00142357
0.00208208
-0.03745861
0.00039326
-0.00084646
-0.00045295
0.00015169
0.00033056
0.00010121
-0.00134192
0.00000918
0.00032808
-0.00069319
0.00035438
-0.00074765
0.00030567
0.00026276
0.00097329
0.00029043
-0.00101734
-0.00112066
0.00076119
0.00041545
0.00106856
-0.00039636
-0.00022984
0.00111718
0.00146688
-0.00122072
-0.00057633
-0.00083350
0.00069568
0.00041856
0.00057836
0.00032740
-0.00022944
0.00064793
0.00103241
0.00025315
-0.00009417
0.00132394
-0.00024665
0.00030315
-0.00002555
-0.00015777
-0.00136168
0.00061541
0.00049688
-0.00060065
0.00051213
-0.00151209
0.00069753
0.00153923
0.00058584
-0.00014128
0.00069169
0.00064769
0.00145977
0.00109687
0.00109831
0.00058464
0.00087962
-0.00083920
-0.00029309
-0.00142250
0.00208638
-0.03750807
0.00038034
-0.00082787
-0.00045739
0.00015602
0.00032046
0.00008496
-0.00136073
-0.00001736
0.00034319
-0.00071478
0.00035103
-0.00073005
0.00029838
0.00025009
0.00096797
0.00030465
-0.00099652
-0.00113115
0.00074426
0.00041698
0.00107441
-0.00039955
-0.00021856
0.00110432
0.00146964
-0.00123637
-0.00059938
-0.00082243
0.00071777
0.00040949
0.00056345
0.00033641
-0.00022108
0.00065470
0.00100460
0.00031386
-0.00020163
0.00132871
-0.00035082
0.00031358
-0.00005553
-0.00025150
-0.00139322
0.00060381
0.00043025
-0.00056521
0.00014415
-0.00161059
0.00068017
0.00157844
0.00052818
-0.00036164
0.00069487
0.00074803
0.00144089
0.00123353
0.00120542
0.00059218
0.00101002
-0.00084823
-0.00043188
-0.00140450
0.00221657
-0.03592132
0.00041640
-0.00078079
-0.00049549
0.00031039
0.00036527
0.00017315
-0.00134075
-0.00005447
0.00034606
-0.00069614
0.00027334
-0.00069572
0.00017735
0.00034390
0.00104929
0.00039223
-0.00096120
-0.00120046
0.00065441
0.00027938
0.00110184
-0.00035468
-0.00016591
0.00113438
0.00150821
-0.00116068
-0.00060125
-0.00088298
0.00081388
0.00038772
0.00064329
0.00032017
-0.00023484
0.00071826
0.00104493
0.00026802
-0.00011207
0.00133022
-0.00025822
0.00031737
-0.00002011
-0.00013666
-0.00137623
0.00060738
0.00052601
-0.00061122
0.00045391
-0.00151830
0.00068462
0.00155441
0.00059577
-0.00016199
0.00068945
0.00065276
0.00144645
0.00112658
0.00108889
0.00054403
0.00086862
-0.00085123
-0.00031208
-0.00143087
0.00207505
-0.03737944
0.00035683
-0.00084746
-0.00044244
0.00015331
0.00031811
0.00005919
-0.00132741
-0.00000466
0.00032589
-0.00071172
0.00034626
-0.00073045
0.00030672
0.00023942
0.00097233
0.00027912
-0.00099721
-0.00116035
0.00075630
0.00042142
0.00107489
-0.00038313
-0.00020252
0.00109564
0.00145865
-0.00125295
-0.00056323
-0.00082148
0.00068771
0.00041302
0.00054557
0.00032421
-0.00021268
0.00065799
0.00104382
0.00026329
-0.00014960
0.00132996
-0.00025719
0.00029299
-0.00001394
-0.00016308
-0.00137324
0.00058317
0.00050991
-0.00064011
0.00031970
-0.00153422
0.00067169
0.00156715
0.00062890
-0.00017136
0.00069708
0.00060401
0.00144061
0.00111405
0.00108108
0.00054743
0.00089957
-0.00084365
-0.00033462
-0.00141978
0.00208565
-0.03707145
0.00038587
-0.00084305
-0.00047838
0.00015083
0.00033454
0.00011663
-0.00132561
0.00000131
0.00031308
-0.00071829
0.00035179
-0.00073837
0.00033520
0.00023196
0.00096670
0.00029152
-0.00098132
-0.00114704
0.00074542
0.00040881
0.00108087
-0.00041858
-0.00022694
0.00110989
0.00145248
-0.00123007
-0.00056312
-0.00085430
0.00071161
0.00039080
0.00053242
0.00027525
-0.00019295
0.00064887
0.00104388
0.00036759
-0.00035063
0.00131905
-0.00038996
0.00033823
-0.00008281
-0.00027211
-0.00146348
0.00054175
0.00049596
-0.00070983
-0.00000226
-0.00171346
0.00061658
0.00160870
0.00058258
-0.00035471
0.00065849
0.00069115
0.00135284
0.00126199
0.00114275
0.00052578
0.00102557
-0.00084182
-0.00042397
-0.00144305
0.00222765
-0.03554636
0.00042053
-0.00088352
-0.00056085
0.00024152
0.00037083
0.00033996
-0.00125385
-0.00001604
0.00026648
-0.00070241
0.00029836
-0.00071664
0.00022268
0.00026590
0.00105215
0.00035839
-0.00095048
-0.00126575
0.00063216
0.00030499
0.00112500
-0.00042892
-0.00021906
0.00113097
0.00145365
-0.00109695
-0.00054504
-0.00087287
0.00082919
0.00041076
0.00060218
0.00023878
-0.00020412
0.00068422
0.00106525
0.00027619
-0.00010628
0.00130384
-0.00025059
0.00031548
-0.00002569
-0.00013053
-0.00137283
0.00058827
0.00054404
-0.00064020
0.00054013
-0.00154123
0.00068064
0.00153736
0.00061321
-0.00013571
0.00068117
0.00064645
0.00143909
0.00111262
0.00107852
0.00052759
0.00083206
-0.00085428
-0.00027746
-0.00142661
0.00209135
-0.03747145
0.00033295
-0.00086326
-0.00045937
0.00013926
0.00029093
0.00005661
-0.00130623
0.00001183
0.00032630
-0.00074461
0.00037171
-0.00076118
0.00030813
0.00021968
0.00096417
0.00028192
-0.00102462
-0.00113661
0.00074476
0.00044655
0.00106423
-0.00042561
-0.00021964
0.00107858
0.00142359
-0.00121726
-0.00056488
-0.00081367
0.00070553
0.00045326
0.00053982
0.00033348
-0.00020361
0.00064785
0.00105440
0.00026815
-0.00016074
0.00130871
-0.00024221
0.00028421
-0.00002310
-0.00017847
-0.00139322
0.00058115
0.00052993
-0.00063970
0.00039149
-0.00151352
0.00065774
0.00154059
0.00064295
-0.00016797
0.00069180
0.00063949
0.00143635
0.00114549
0.00109276
0.00055116
0.00085823
-0.00089141
-0.00029611
-0.00140984
0.00210267
-0.03696938
0.00038411
-0.00084609
-0.00049569
0.00016417
0.00032096
0.00010977
-0.00131219
0.00000495
0.00031949
-0.00072035
0.00034403
-0.00078141
0.00030270
0.00023608
0.00097778
0.00028760
-0.00101187
-0.00112611
0.00075770
0.00044280
0.00106094
-0.00044218
-0.00023677
0.00108079
0.00142443
-0.00120654
-0.00056290
-0.00085005
0.00071612
0.00041976
0.00054101
0.00029320
-0.00020484
0.00063757
0.00104383
0.00031387
-0.00031897
0.00125720
-0.00033949
0.00034509
-0.00006370
-0.00025775
-0.00144981
0.00056212
0.00057192
-0.00068259
0.00028716
-0.00157692
0.00060995
0.00151833
0.00065097
-0.00028454
0.00065298
0.00078483
0.00137723
0.00127114
0.00114003
0.00054124
0.00087485
-0.00095899
-0.00030141
-0.00138064
0.00224226
-0.03583876
0.00040058
-0.00087016
-0.00058828
0.00025758
0.00032007
0.00022696
-0.00122590
-0.00001787
0.00028896
-0.00070203
0.00028815
-0.00082013
0.00014143
0.00027259
0.00106972
0.00031828
-0.00105415
-0.00119179
0.00071874
0.00041428
0.00105131
-0.00048440
-0.00021443
0.00106616
0.00142642
-0.00113625
-0.00055385
-0.00084850
0.00078555
0.00048242
0.00061939
0.00030626
-0.00024591
0.00064575
0.00105521
0.00028428
-0.00022058
0.00130442
-0.00030628
0.00031794
-0.00003423
-0.00020454
-0.00141612
0.00056049
0.00053381
-0.00066695
0.00026818
-0.00156488
0.00063590
0.00153851
0.00066784
-0.00023171
0.00065399
0.00070607
0.00144488
0.00119338
0.00113382
0.00053173
0.00089362
-0.00090632
-0.00029687
-0.00140892
0.00216356
-0.03651053
0.00041081
-0.00086651
-0.00056037
0.00022460
0.00034819
0.00016983
-0.00129186
-0.00001305
0.00029645
-0.00070037
0.00029589
-0.00080134
0.00022281
0.00024335
0.00103700
0.00031456
-0.00101544
-0.00114711
0.00073316
0.00042531
0.00106687
-0.00045890
-0.00024326
0.00108767
0.00142540
-0.00117271
-0.00056055
-0.00086522
0.00076488
0.00044613
0.00055858
0.00029770
-0.00022613
0.00063512
0.00106648
0.00030513
-0.00002898
0.00128178
-0.00023717
0.00033599
-0.00002424
-0.00007251
-0.00136526
0.00063845
0.00060993
-0.00063278
0.00100489
-0.00152386
0.00065848
0.00150149
0.00057910
-0.00002723
0.00061216
0.00075636
0.00141300
0.00105374
0.00106801
0.00051808
0.00074678
-0.00083814
-0.00014800
-0.00144420
0.00207219
-0.03846761
0.00027985
-0.00090778
-0.00040917
0.00012703
0.00025860
0.00001517
-0.00129897
0.00000015
0.00030912
-0.00074371
0.00039161
-0.00075174
0.00024771
0.00021163
0.00095798
0.00026407
-0.00107548
-0.00114664
0.00072513
0.00052972
0.00104363
-0.00038273
-0.00024825
0.00104742
0.00145496
-0.00126599
-0.00057493
-0.00071538
0.00067151
0.00051802
0.00054519
0.00043168
-0.00026520
0.00062828
