0.01922607
-0.03701782
0.01123047
-0.00409317
-0.00811005
0.03323364
-0.02395630
-0.03936768
-0.01734924
0.00058746
0.01442719
-0.00457001
0.02578735
0.01301575
-0.03881836
0.02087402
0.03298950
0.01506042
-0.00178146
-0.01550293
-0.01368713
-0.00824738
0.01255798
-0.00451660
0.02552795
-0.00588226
-0.01435852
0.01815796
-0.01177979
-0.01241302
0.01052094
-0.00196457
0.02084351
0.02072144
0.02821350
0.01277161
-0.00551605
-0.00977325
0.02708435
-0.01817322
0.01893616
-0.01224518
0.03662109
-0.02857971
-0.01094818
0.02352905
0.02621460
0.01950073
0.02186584
0.02175903
0.00965118
0.03710938
-0.04400635
0.00112915
-0.02244568
0.02037048
0.01596069
-0.01162720
-0.03295898
-0.01316833
-0.00967407
-0.01271057
0.00039291
-0.00955200
0.43457031
0.47802734
-0.03540039
-0.10333252
0.25634766
0.15014648
-0.23571777
0.05609131
-0.23706055
0.19360352
0.23791504
-0.21411133
0.33422852
0.21289062
0.07739258
0.16931152
0.37915039
0.59326172
0.50683594
-0.16613770
-0.13708496
-0.16259766
0.15417480
1.38671875
0.04156494
-0.14746094
-0.03778076
0.00818634
0.00203705
0.09716797
-0.02067566
0.03997803
-0.47460938
0.09948730
-0.39575195
-0.31713867
-0.09826660
0.19311523
-0.08215332
-0.23193359
-0.14636230
0.16406250
-0.04846191
-0.25170898
-0.26660156
0.13427734
0.22192383
-0.04067993
0.20373535
0.16479492
0.20129395
0.58935547
0.03890991
0.41552734
-0.87451172
0.08190918
-0.79199219
-0.07696533
0.03092957
-0.01472473
-0.02507019
0.02233887
0.03717041
0.02590942
0.65478516
0.18603516
0.33520508
0.24890137
0.34057617
0.01660156
-0.28613281
0.22583008
-0.30810547
0.32153320
0.35815430
-0.36499023
0.34179688
0.32812500
0.21301270
0.20373535
0.50976562
0.61962891
0.44946289
-0.16809082
-0.15856934
-0.24206543
0.20019531
1.28613281
0.00008011
0.11029053
0.18249512
0.05007935
0.17895508
0.10882568
-0.16784668
0.11920166
0.15429688
0.47412109
-0.27514648
-0.31274414
0.18261719
0.33398438
-0.25878906
-0.28686523
-0.31347656
0.34008789
-0.26391602
-0.29833984
-0.34838867
0.17199707
0.20056152
-0.14904785
0.21264648
0.17895508
0.23876953
0.91455078
0.08349609
0.54589844
-1.14355469
0.09423828
-0.55664062
-0.01824951
-0.00984955
0.18542480
-0.07495117
0.17285156
0.10998535
0.16186523
0.15319824
-0.06274414
0.17480469
0.18139648
0.21801758
0.06591797
-0.32031250
0.13024902
-0.30664062
0.28417969
0.33886719
-0.25756836
0.38305664
0.30737305
-0.00858307
0.25463867
0.44018555
0.50390625
0.33325195
-0.22473145
-0.22570801
-0.24865723
0.22802734
1.11523438
0.13464355
0.04980469
0.08984375
0.14685059
0.10705566
0.09667969
-0.11083984
0.12005615
0.39453125
0.24584961
-0.04785156
-0.13073730
0.16186523
0.34472656
-0.22131348
-0.33227539
-0.24340820
0.27441406
-0.05337524
-0.34985352
-0.20568848
0.23339844
0.27221680
-0.02737427
0.28198242
0.24731445
0.26464844
0.83251953
-0.12023926
0.51367188
-1.07324219
0.17089844
-0.44458008
-0.12878418
-0.16870117
0.10260010
-0.13403320
0.10662842
0.12292480
0.11169434
-0.33349609
-0.24072266
0.15673828
0.30883789
0.17553711
0.00195312
-0.32421875
0.21594238
-0.32080078
0.30517578
0.44140625
-0.35327148
0.41845703
0.37890625
-0.01992798
0.32641602
0.47021484
0.50634766
0.37573242
-0.23217773
-0.26147461
-0.22277832
0.22705078
1.00683594
0.16406250
-0.09594727
-0.07305908
0.08282471
-0.04614258
-0.02273560
0.03540039
0.00240517
0.34521484
0.03350830
0.16064453
0.01969910
0.32641602
0.43261719
-0.33837891
-0.36254883
-0.34521484
0.39331055
-0.07122803
-0.39111328
-0.32470703
0.24243164
0.34301758
-0.04998779
0.32763672
0.29443359
0.28295898
0.90527344
-0.05255127
0.48144531
-1.07226562
0.20019531
-0.44604492
-0.09045410
-0.14599609
-0.05590820
-0.04779053
-0.04180908
0.01187897
-0.03109741
-0.70312500
-0.47558594
0.33203125
0.32421875
0.16674805
-0.07067871
-0.10455322
0.17993164
-0.14172363
0.11737061
0.21740723
-0.10546875
0.38208008
0.18920898
-0.02288818
0.18701172
0.35498047
0.54589844
0.44384766
-0.20397949
-0.14440918
-0.15832520
0.17175293
1.31445312
0.08795166
-0.16491699
-0.07818604
0.04711914
-0.03564453
0.06076050
0.01469421
0.02813721
-0.01513672
-0.00646973
0.17895508
-0.06396484
0.22900391
0.25512695
-0.21557617
-0.15612793
-0.25146484
0.20410156
0.12902832
-0.30761719
-0.13500977
0.18127441
0.24877930
-0.00496674
0.24475098
0.21105957
0.21044922
0.56396484
-0.05963135
0.36450195
-0.84130859
0.11907959
-0.71044922
-0.09814453
-0.04345703
-0.05441284
-0.04187012
-0.01855469
0.03004456
-0.00630569
-0.68652344
-0.53173828
0.07666016
0.74121094
0.14880371
-0.36596680
0.16345215
0.58935547
-0.15222168
0.33007812
0.58886719
-0.58447266
0.26367188
0.32568359
0.83837891
0.16308594
0.60449219
0.97705078
0.99218750
-0.09863281
-0.17309570
-0.08673096
0.12115479
2.06835938
-0.15832520
-0.66748047
-0.45214844
-0.35180664
-0.35449219
-0.06256104
0.30493164
-0.25366211
-1.46191406
-1.07128906
1.12890625
0.51171875
0.71972656
0.14233398
-0.54394531
0.04443359
-0.54589844
0.62597656
-0.71142578
-0.14624023
-0.71435547
-0.02334595
0.18688965
-0.50048828
0.13488770
0.10900879
0.28955078
0.47802734
1.02636719
0.45214844
-0.83789062
0.01475525
-1.67773438
0.11688232
0.45874023
-0.39282227
0.30200195
-0.29052734
-0.26220703
-0.29125977
0.23950195
0.11572266
-0.17712402
0.07635498
-0.17065430
-0.28637695
-0.08288574
0.33593750
-0.18701172
0.17602539
0.41699219
-0.29492188
0.42797852
0.33789062
-0.07751465
0.30957031
0.36279297
0.39648438
0.30541992
-0.23620605
-0.26635742
-0.21337891
0.22412109
0.95800781
0.16955566
-0.04125977
-0.01058960
0.09417725
0.01329803
0.02641296
-0.02143860
0.04370117
-0.35839844
-0.20239258
0.14404297
0.30859375
0.33984375
0.30761719
-0.44042969
-0.22570801
-0.40039062
0.42578125
0.02160645
-0.41552734
-0.27612305
0.26098633
0.32495117
0.00378418
0.32128906
0.28808594
0.28417969
0.78759766
-0.11193848
0.46850586
-0.98388672
0.20068359
-0.40527344
-0.11035156
-0.13476562
0.00445938
-0.07220459
0.01728821
0.04995728
0.02371216
0.82714844
0.40820312
-0.30664062
0.18774414
-0.10217285
-0.22326660
0.05868530
0.23437500
-0.01892090
0.03918457
0.16064453
-0.02032471
0.38891602
0.15856934
0.01763916
0.16418457
0.34301758
0.58300781
0.48339844
-0.19567871
-0.11138916
-0.16479492
0.16650391
1.50488281
0.02655029
-0.08666992
0.02331543
0.03549194
0.05108643
0.10351562
-0.06311035
0.06958008
-0.12988281
-0.48730469
0.40698242
0.35937500
0.28857422
0.08935547
-0.19848633
-0.00817871
-0.30053711
0.20605469
0.19458008
-0.32055664
-0.00354004
0.19775391
0.23217773
-0.00625610
0.23657227
0.20654297
0.21728516
0.63867188
-0.01463318
0.41235352
-0.97314453
0.08654785
-0.78515625
-0.06463623
0.00054741
0.04074097
-0.05059814
0.06365967
0.06549072
0.06622314
0.15051270
0.11621094
-0.09790039
-0.04168701
-0.18969727
-0.33447266
-0.05917358
0.32592773
-0.19628906
0.15454102
0.41796875
-0.26757812
0.51171875
0.34838867
-0.10931396
0.33813477
0.43627930
0.49609375
0.33300781
-0.28369141
-0.30102539
-0.28784180
0.28564453
0.93212891
0.22070312
0.08496094
0.10083008
0.20703125
0.12585449
0.12225342
-0.13317871
0.15393066
0.22326660
0.02984619
-0.01649475
0.18957520
0.19885254
0.25170898
-0.46655273
-0.26904297
-0.36767578
0.39550781
0.05371094
-0.50781250
-0.28955078
0.35644531
0.35791016
0.06298828
0.38134766
0.33984375
0.33300781
0.88037109
-0.16772461
0.55029297
-1.06152344
0.25097656
-0.32348633
-0.19299316
-0.24731445
0.11767578
-0.18359375
0.12939453
0.16040039
0.13562012
-0.31542969
0.18920898
-0.23767090
-0.30078125
-0.39062500
-0.42675781
0.19848633
0.40991211
-0.03613281
0.09814453
0.41357422
-0.20837402
0.43334961
0.29541016
0.05169678
0.29370117
0.50244141
0.58496094
0.45068359
-0.24731445
-0.24011230
-0.22534180
0.22827148
1.21289062
0.14233398
-0.26513672
-0.21154785
-0.00545120
-0.17480469
-0.10028076
0.15600586
-0.09704590
0.61230469
0.34228516
-0.24731445
0.23278809
0.09204102
0.00231934
-0.40795898
-0.02099609
-0.45825195
0.47412109
0.04370117
-0.39916992
-0.22680664
0.23620605
0.31567383
-0.08825684
0.32983398
0.29614258
0.28833008
0.78857422
0.08056641
0.43554688
-0.98730469
0.19409180
-0.68261719
-0.04296875
-0.05804443
-0.19091797
0.04290771
-0.16674805
-0.08581543
-0.14855957
-0.21582031
-0.02754211
-0.00601959
-0.15356445
-0.21704102
-0.28930664
0.07995605
0.28369141
-0.08300781
0.07897949
0.30883789
-0.14172363
0.37377930
0.22961426
-0.01644897
0.21813965
0.30078125
0.37280273
0.23059082
-0.20654297
-0.18579102
-0.24328613
0.21398926
0.93261719
0.09466553
0.16870117
0.19287109
0.19348145
0.20288086
0.17529297
-0.20129395
0.19470215
0.02951050
0.12915039
-0.10058594
0.05230713
0.02032471
0.02227783
-0.33105469
-0.11651611
-0.30346680
0.31274414
0.04565430
-0.39697266
-0.10772705
0.29492188
0.23352051
0.04364014
0.26171875
0.22900391
0.24926758
0.76953125
-0.16870117
0.50976562
-1.03027344
0.14758301
-0.30444336
-0.13842773
-0.19335938
0.20227051
-0.19274902
0.20300293
0.19445801
0.20141602
-0.45117188
-0.18164062
-0.16638184
-0.23022461
-0.20068359
-0.17492676
0.07165527
0.14453125
0.04409790
-0.00912476
0.02337646
0.06994629
0.33789062
0.09576416
-0.10668945
0.12866211
0.21972656
0.42138672
0.35375977
-0.18237305
-0.07781982
-0.13793945
0.14428711
1.20605469
0.05279541
-0.02665710
0.04992676
0.09020996
0.07885742
0.13220215
-0.09100342
0.10662842
-0.35522461
0.40869141
-0.32080078
0.16650391
0.04492188
-0.04101562
-0.11071777
0.01105499
-0.18811035
0.10931396
0.25219727
-0.27758789
0.07208252
0.19946289
0.19042969
0.06246948
0.21423340
0.18750000
0.17651367
0.49121094
-0.16931152
0.33569336
-0.80712891
0.08435059
-0.57421875
-0.10345459
-0.06451416
0.06726074
-0.09906006
0.09130859
0.10412598
0.09606934
0.12011719
-0.51855469
0.12121582
-0.36157227
-0.27148438
-0.19335938
0.16650391
0.18969727
0.09906006
-0.02203369
0.05389404
0.07269287
0.37036133
0.12121582
-0.06402588
0.15734863
0.29809570
0.50537109
0.40283203
-0.21582031
-0.09759521
-0.17529297
0.18066406
1.35351562
0.05773926
-0.08123779
0.00778580
0.06854248
0.03839111
0.09460449
-0.05123901
0.07214355
-0.74658203
0.14575195
-0.41699219
-0.01062012
-0.09094238
-0.14978027
-0.10034180
0.09423828
-0.25219727
0.17602539
0.26269531
-0.30444336
0.08209229
0.21166992
0.21899414
0.02613831
0.25146484
0.22607422
0.20825195
0.58544922
-0.11749268
0.37060547
-0.91162109
0.10968018
-0.67480469
-0.08447266
-0.05383301
0.02545166
-0.07135010
0.04980469
0.07073975
0.05670166
0.55664062
-0.38281250
0.24743652
-0.33471680
-0.32568359
-0.30615234
0.24023438
0.30566406
0.00250244
0.01257324
0.27929688
-0.09997559
0.47338867
0.20910645
0.00122070
0.24609375
0.42626953
0.67138672
0.59960938
-0.24975586
-0.21484375
-0.19067383
0.21936035
1.43164062
0.13879395
-0.34082031
-0.24169922
-0.00426102
-0.17248535
0.02297974
0.13415527
-0.05197144
-0.25073242
-0.17602539
-0.24743652
-0.08599854
-0.11120605
-0.17895508
-0.23803711
0.01361084
-0.30493164
0.30249023
0.11657715
-0.37084961
-0.17932129
0.22631836
0.30346680
-0.02777100
0.32763672
0.29663086
0.30371094
0.57128906
0.14477539
0.42578125
-0.85644531
0.17761230
-0.90722656
-0.12384033
-0.00324631
-0.20349121
0.01742554
-0.13757324
-0.04464722
-0.12017822
0.27880859
0.09539795
0.15173340
0.00273132
-0.07861328
-0.22949219
0.47045898
0.41699219
0.13208008
-0.07788086
0.44433594
-0.19787598
0.52050781
0.32617188
-0.04025269
0.35766602
0.44750977
0.47753906
0.35424805
-0.28442383
-0.30688477
-0.24707031
0.27124023
0.97656250
0.19128418
-0.16198730
-0.14074707
0.03839111
-0.11010742
-0.07611084
0.09741211
-0.05313110
0.31494141
-0.19580078
0.16088867
-0.30786133
-0.36279297
-0.37646484
-0.18798828
0.17871094
-0.45971680
0.50585938
0.17224121
-0.52001953
-0.25390625
0.33105469
0.35913086
-0.00891113
0.39208984
0.35546875
0.33740234
0.82128906
-0.02668762
0.46850586
-0.98437500
0.25317383
-0.48364258
-0.06787109
-0.10913086
-0.12280273
0.00043917
-0.10528564
-0.04211426
-0.09216309
-0.12084961
0.25756836
0.15661621
0.09582520
0.01287842
-0.10815430
0.49975586
0.36743164
0.19738770
-0.09875488
0.40917969
-0.11975098
0.51806641
0.29150391
-0.03384399
0.33642578
0.50439453
0.58447266
0.42333984
-0.30102539
-0.28735352
-0.26831055
0.27709961
1.14160156
0.18957520
-0.21411133
-0.16369629
0.02471924
-0.12951660
-0.07214355
0.11206055
-0.06292725
0.61718750
-0.23291016
0.24768066
-0.34521484
-0.40673828
-0.44824219
-0.07049561
0.26708984
-0.44531250
0.50292969
0.18542480
-0.48339844
-0.16918945
0.30810547
0.34619141
-0.03106689
0.40600586
0.36376953
0.34008789
0.83398438
0.05191040
0.47509766
-1.00878906
0.24389648
-0.62255859
-0.07586670
-0.08953857
-0.14416504
0.01185608
-0.12200928
-0.05209351
-0.10650635
-1.46484375
1.22265625
0.26123047
0.37573242
0.01464844
0.14587402
0.42797852
0.02270508
0.40576172
-0.23754883
1.00976562
-0.51904297
0.59326172
0.38623047
0.83642578
0.28149414
0.75000000
1.13671875
1.08300781
-0.14672852
-0.23107910
-0.19799805
0.17114258
2.21093750
-0.15039062
-0.76611328
-0.54931641
-0.39013672
-0.44042969
-0.14489746
0.38769531
-0.32250977
0.72363281
-0.10998535
1.15917969
-0.83496094
-0.75000000
-0.26806641
0.30932617
0.55468750
-0.40014648
0.71337891
-0.26513672
-0.50830078
-0.69970703
0.13439941
0.38281250
-0.49658203
0.24536133
0.21337891
0.37475586
0.68457031
1.11621094
0.56591797
-0.99853516
0.04528809
-1.80859375
0.15295410
0.47460938
-0.48217773
0.35449219
-0.37524414
-0.32739258
-0.37304688
-0.39965820
0.27636719
-0.13977051
0.24133301
0.20605469
0.10894775
0.35717773
0.18359375
0.27636719
-0.18896484
0.40527344
-0.09729004
0.53759766
0.26489258
0.01013184
0.26586914
0.45288086
0.55859375
0.37866211
-0.25878906
-0.20861816
-0.31713867
0.25927734
1.20898438
0.07769775
0.16369629
0.21972656
0.12731934
0.22119141
0.15197754
-0.21215820
0.17285156
-0.22705078
0.20556641
0.27587891
-0.15307617
-0.20263672
-0.27001953
0.10180664
0.28662109
-0.30908203
0.40454102
0.17138672
-0.54052734
-0.15734863
0.35742188
0.27978516
-0.00668335
0.33789062
0.28613281
0.30029297
0.96875000
-0.07751465
0.60644531
-1.20410156
0.15942383
-0.45947266
-0.09155273
-0.10284424
0.22583008
-0.14318848
0.21618652
0.16723633
0.20678711
0.03656006
-0.03573608
-0.16748047
0.27587891
0.29614258
0.14941406
0.51318359
0.31127930
0.27685547
-0.19995117
0.38916016
-0.08654785
0.54687500
0.28271484
-0.09704590
0.36206055
0.46215820
0.50537109
0.37792969
-0.30371094
-0.31250000
-0.24011230
0.27465820
0.95068359
0.21630859
-0.15234375
-0.14135742
0.06744385
-0.11065674
-0.07647705
0.09667969
-0.04418945
-0.39624023
0.17333984
0.02430725
0.01774597
-0.20922852
-0.44165039
0.13012695
0.35302734
-0.39526367
0.48022461
0.26367188
-0.53125000
-0.18078613
0.36425781
0.35302734
0.02008057
0.42504883
0.38793945
0.35253906
0.82226562
-0.02838135
0.45043945
-0.97070312
0.26831055
-0.44775391
-0.09118652
-0.15393066
-0.12341309
-0.01962280
-0.10693359
-0.03083801
-0.09069824
0.57031250
-0.23315430
-0.32202148
0.35229492
0.38427734
0.28808594
0.40844727
0.17236328
0.36718750
-0.25170898
0.33300781
-0.01428223
0.54150391
0.25537109
-0.07751465
0.33032227
0.45043945
0.54589844
0.40380859
-0.30957031
-0.27294922
-0.26611328
0.27661133
1.23046875
0.17138672
-0.12298584
-0.06805420
0.08026123
-0.03466797
0.00904846
0.02035522
0.01675415
-0.34545898
0.30761719
-0.01647949
0.11773682
-0.11688232
-0.34814453
0.26391602
0.41040039
-0.32226562
0.43457031
0.29785156
-0.51904297
-0.05761719
0.35742188
0.34716797
0.00415039
0.41577148
0.36840820
0.34301758
0.87011719
-0.04040527
0.51074219
-1.11425781
0.22973633
-0.60742188
-0.10888672
-0.12573242
-0.04730225
-0.05331421
-0.02638245
0.02470398
-0.01567078
0.11450195
-0.01370239
0.03086853
0.09796143
0.20922852
0.20739746
0.44580078
0.30737305
0.20861816
-0.16040039
0.24084473
0.00000000
0.49902344
0.20983887
-0.17333984
0.30346680
0.33398438
0.35400391
0.21472168
-0.28027344
-0.28076172
-0.24060059
0.26440430
0.70996094
0.21997070
0.01629639
0.01013947
0.15930176
0.03384399
0.03302002
-0.04241943
0.07427979
0.10314941
-0.04052734
-0.03042603
0.06738281
-0.06604004
-0.35107422
0.16467285
0.30786133
-0.33203125
0.33764648
0.28344727
-0.50292969
-0.09045410
0.38623047
0.30175781
0.12268066
0.38525391
0.34765625
0.31225586
0.71777344
-0.21240234
0.43139648
-0.87500000
0.25756836
-0.24255371
-0.14489746
-0.22644043
0.02548218
-0.12231445
0.03585815
0.08465576
0.04562378
0.23657227
-1.02441406
-0.53759766
0.43334961
0.72753906
0.37719727
0.00244141
-0.35229492
0.54980469
-0.46386719
0.92333984
-0.36499023
0.57714844
0.31103516
0.75244141
0.26538086
0.57519531
0.95703125
0.96240234
-0.13073730
-0.22473145
-0.10375977
0.14489746
2.06640625
-0.13146973
-0.66894531
-0.45629883
-0.34912109
-0.35620117
-0.06146240
0.30566406
-0.25317383
1.59765625
-0.61621094
-0.99560547
0.78906250
0.10522461
0.10900879
0.56835938
0.47485352
-0.13635254
0.53466797
0.01904297
-0.47949219
-0.49707031
0.09893799
0.41455078
-0.45483398
0.22949219
0.22509766
0.37792969
0.47021484
1.01562500
0.44848633
-0.83349609
0.05886841
-1.68066406
0.10888672
0.45458984
-0.39501953
0.30029297
-0.29077148
-0.26123047
-0.29174805
-0.33154297
0.06787109
0.12084961
-0.06860352
0.23803711
0.40673828
0.28271484
0.09680176
0.36425781
-0.27783203
0.21594238
0.02197266
0.48120117
0.21118164
-0.10986328
0.31982422
0.37207031
0.39428711
0.30493164
-0.26855469
-0.26489258
-0.17773438
0.23510742
0.81787109
0.18090820
-0.21960449
-0.21569824
0.00357246
-0.18688965
-0.14575195
0.17285156
-0.11590576
0.16137695
-0.15673828
-0.11132812
0.24743652
0.20532227
-0.12255859
0.39501953
0.42358398
-0.24035645
0.33764648
0.32812500
-0.46655273
-0.07263184
0.34155273
0.31201172
0.04708862
0.38452148
0.35473633
0.30615234
0.71093750
-0.04565430
0.34643555
-0.83642578
0.24145508
-0.42749023
-0.02847290
-0.09716797
-0.20007324
0.04757690
-0.18334961
-0.10211182
-0.16638184
-0.61914062
0.01135254
0.00830078
0.07012939
0.19006348
0.17736816
0.03024292
-0.04534912
0.20703125
-0.08508301
-0.16308594
0.22485352
0.23681641
0.02032471
-0.12988281
0.10754395
0.18530273
0.38989258
0.31445312
-0.21154785
-0.06170654
-0.15747070
0.16992188
1.26855469
0.05068970
-0.01184082
0.06726074
0.09674072
0.09503174
0.13757324
-0.10546875
0.11663818
-0.07788086
-0.49902344
-0.39599609
0.29418945
0.09643555
0.02343750
0.12695312
0.14978027
-0.01898193
0.06921387
0.20544434
-0.16589355
0.25439453
0.20556641
0.15551758
0.07080078
0.23352051
0.22143555
0.19799805
0.48413086
-0.20104980
0.33666992
-0.84423828
0.10375977
-0.59375000
-0.09844971
-0.06970215
0.08422852
-0.10601807
0.10644531
0.11334229
0.10974121
-0.45971680
1.12304688
1.05175781
-0.62207031
0.33862305
0.21435547
-0.28686523
-0.50927734
0.56591797
-0.57128906
0.90722656
-0.30175781
0.62158203
0.30346680
0.72900391
0.28344727
0.56787109
0.95166016
0.95605469
-0.13659668
-0.23437500
-0.10693359
0.14929199
2.06640625
-0.12634277
-0.66943359
-0.45703125
-0.34863281
-0.35644531
-0.06127930
0.30590820
-0.25292969
-1.54882812
-0.41015625
-0.41870117
0.65087891
0.65234375
0.32861328
0.49072266
0.30004883
0.03222656
0.41723633
0.17370605
-0.52148438
-0.44042969
0.12072754
0.45434570
-0.44384766
0.24658203
0.24658203
0.39404297
0.46875000
1.01464844
0.44775391
-0.83300781
0.06713867
-1.67968750
0.10736084
0.45385742
-0.39550781
0.30004883
-0.29101562
-0.26098633
-0.29174805
-0.07861328
-0.13671875
-0.12695312
-0.02467346
0.04333496
0.38964844
0.19702148
0.10125732
0.30468750
-0.28662109
0.17797852
0.09179688
0.56542969
0.16711426
-0.29345703
0.29150391
0.25512695
0.28417969
0.20617676
-0.30029297
-0.27929688
-0.24890137
0.27172852
0.53369141
0.23229980
0.16137695
0.14196777
0.21728516
0.15673828
0.12377930
-0.15808105
0.16809082
0.06185913
-0.03768921
0.00421143
0.01924133
0.15502930
-0.00262451
0.40161133
0.39477539
-0.17456055
0.22473145
0.34277344
-0.54931641
-0.06140137
0.45556641
0.25048828
0.19641113
0.39208984
0.35107422
0.31616211
0.73242188
-0.24230957
0.44946289
-0.83984375
0.25390625
-0.05120850
-0.19226074
-0.26025391
0.15319824
-0.19433594
0.15600586
0.17333984
0.15881348
0.48999023
0.03253174
0.08880615
-0.29516602
-0.15319824
0.34814453
-0.08117676
-0.18127441
0.47558594
-0.42602539
0.20104980
0.11437988
0.55371094
0.19189453
-0.12353516
0.33544922
0.45727539
0.52441406
0.37329102
-0.32714844
-0.28393555
-0.25488281
0.27807617
1.07128906
0.19982910
-0.18835449
-0.15942383
0.05493164
-0.12695312
-0.07763672
0.11120605
-0.05471802
0.12084961
0.22644043
0.18395996
-0.08996582
0.35351562
0.29760742
0.49487305
0.40820312
-0.04675293
0.26660156
0.39721680
-0.50585938
-0.00512695
0.39477539
0.32373047
0.03717041
0.45214844
0.40234375
0.34643555
0.83886719
-0.02481079
0.45239258
-1.00683594
0.25488281
-0.54248047
-0.08575439
-0.13659668
-0.14099121
-0.00845337
-0.12200928
-0.04141235
-0.10461426
0.67382812
-0.38647461
0.29394531
-0.80810547
-0.33300781
-0.05230713
-0.49658203
-0.58593750
0.53125000
-0.64990234
0.86523438
-0.23327637
0.66064453
0.29394531
0.70361328
0.30102539
0.56005859
0.94580078
0.94970703
-0.14257812
-0.24389648
-0.11016846
0.15380859
2.06640625
-0.12127686
-0.66943359
-0.45800781
-0.34814453
-0.35668945
-0.06106567
0.30590820
-0.25292969
1.46777344
1.13183594
1.09277344
-0.39746094
0.65527344
0.38891602
0.27685547
0.07788086
0.19824219
0.27954102
0.32348633
-0.55517578
-0.37939453
0.14208984
0.49218750
-0.43237305
0.26367188
0.26782227
0.41015625
0.46704102
1.01171875
0.44677734
-0.83203125
0.07543945
-1.68066406
0.10583496
0.45312500
-0.39599609
0.29956055
-0.29101562
-0.26098633
-0.29199219
-0.24194336
-0.20800781
-0.07568359
-0.13769531
-0.25976562
0.15563965
-0.20434570
-0.24560547
0.43212891
-0.37841797
0.06695557
0.18505859
0.45117188
0.13769531
-0.16125488
0.28808594
0.31298828
0.37377930
0.24121094
-0.31152344
-0.24865723
-0.24389648
0.27832031
0.92285156
0.17822266
0.05688477
0.07116699
0.16015625
0.08416748
0.05871582
-0.08642578
0.10278320
0.33129883
0.09423828
0.16345215
-0.22497559
0.18444824
0.37988281
0.41333008
0.34326172
0.01861572
0.17773438
0.36694336
-0.42626953
0.10876465
0.38720703
0.27954102
0.09851074
0.40478516
0.37036133
0.32983398
0.75146484
-0.20385742
0.43969727
-0.97802734
0.24633789
-0.32617188
-0.12512207
-0.20776367
0.08050537
-0.13317871
0.07989502
0.10906982
0.08819580
-0.53662109
-0.28417969
-0.24450684
-0.01721191
-0.38134766
0.02087402
-0.32861328
-0.34057617
0.42797852
-0.46679688
0.13208008
0.14807129
0.49389648
0.16845703
-0.15466309
0.31445312
0.32031250
0.40991211
0.33154297
-0.31982422
-0.27270508
-0.25341797
0.27099609
1.03613281
0.18823242
-0.13488770
-0.09350586
0.06185913
-0.06341553
-0.01251221
0.04931641
-0.00744629
-0.02017212
-0.11743164
0.12438965
-0.33886719
0.07360840
0.42724609
0.31225586
0.23168945
0.13781738
0.12207031
0.40844727
-0.45458984
0.06799316
0.36914062
0.29858398
0.05694580
0.41455078
0.37353516
0.34326172
0.72802734
-0.03717041
0.44921875
-0.94189453
0.24047852
-0.50976562
-0.10632324
-0.11071777
-0.07568359
-0.03338623
-0.05639648
0.00166321
-0.04428101
-0.87402344
-0.63818359
-1.11914062
0.13598633
-0.72656250
-0.29345703
-0.56787109
-0.57031250
0.44848633
-0.69628906
0.79833984
-0.16149902
0.69335938
0.28320312
0.67626953
0.31787109
0.55175781
0.93945312
0.94238281
-0.14843750
-0.25366211
-0.11328125
0.15820312
2.06640625
-0.11621094
-0.66943359
-0.45874023
-0.34765625
-0.35693359
-0.06085205
0.30615234
-0.25268555
-1.35742188
-1.01074219
0.16516113
-0.88964844
0.11120605
0.26049805
-0.01440430
-0.15637207
0.34619141
0.12744141
0.46435547
-0.58056641
-0.31518555
0.16271973
0.52929688
-0.41967773
0.28027344
0.28906250
0.42602539
0.46533203
1.00976562
0.44628906
-0.83105469
0.08367920
-1.68066406
0.10430908
0.45239258
-0.39648438
0.29931641
-0.29101562
-0.26074219
-0.29199219
0.38134766
0.07604980
-0.71875000
0.28637695
-0.50390625
-0.21118164
-0.38525391
-0.36889648
0.31958008
-0.48315430
0.43457031
0.01910400
0.68310547
0.19226074
0.31689453
0.27319336
0.46679688
0.81640625
0.79785156
-0.18933105
-0.21752930
-0.13610840
0.17358398
1.82617188
-0.04370117
-0.40063477
-0.23413086
-0.17138672
-0.15710449
0.04528809
0.12158203
-0.08886719
-1.01171875
-0.81103516
-0.25122070
-0.54541016
-0.07763672
0.19604492
0.00268555
-0.07446289
0.26391602
0.01696777
0.41308594
-0.53271484
-0.14831543
0.25878906
0.41357422
-0.18286133
0.31835938
0.31982422
0.39550781
0.61816406
0.60693359
0.48071289
-0.93066406
0.10565186
-1.29394531
0.00839996
0.25976562
-0.18762207
0.13061523
-0.11047363
-0.09722900
-0.11114502
0.13610840
0.05786133
0.01980591
0.11248779
-0.14770508
-0.13842773
-0.29858398
-0.26000977
0.29980469
-0.31396484
-0.04394531
0.23986816
0.35644531
0.07397461
-0.18579102
0.22229004
0.20361328
0.30078125
0.22277832
-0.27294922
-0.17797852
-0.21533203
0.23242188
0.81933594
0.13989258
0.11828613
0.12500000
0.17993164
0.13183594
0.11676025
-0.13195801
0.14416504
0.00267029
-0.02816772
-0.03335571
-0.04095459
-0.12524414
0.30957031
0.21679688
0.21289062
0.11810303
0.04504395
0.30664062
-0.32934570
0.17651367
0.35107422
0.21362305
0.11413574
0.33642578
0.30786133
0.27392578
0.71044922
-0.22290039
0.42016602
-0.95166016
0.18505859
-0.22009277
-0.13659668
-0.20800781
0.12976074
-0.16430664
0.12927246
0.14770508
0.13439941
0.56005859
0.54345703
-0.12170410
0.37866211
-0.23852539
-0.25537109
-0.30590820
-0.30517578
0.23681641
-0.33398438
-0.05279541
0.22399902
0.39355469
0.08148193
-0.07177734
0.23010254
0.31640625
0.52099609
0.43481445
-0.28930664
-0.18518066
-0.21606445
0.24157715
1.35839844
0.10150146
-0.22680664
-0.13647461
-0.01702881
-0.09796143
-0.01148224
0.07910156
-0.04071045
0.56835938
-0.04919434
-0.44287109
-0.12890625
-0.25854492
0.15478516
-0.04943848
-0.06298828
0.27514648
-0.03283691
0.28906250
-0.28588867
0.17382812
0.28857422
0.26586914
0.02752686
0.36694336
0.35156250
0.32275391
0.59130859
0.04125977
0.39013672
-0.87011719
0.19079590
-0.78662109
-0.04821777
0.01239014
-0.11505127
0.02478027
-0.08441162
-0.03793335
-0.07275391
-0.20043945
0.24096680
0.15222168
0.33447266
-0.12158203
-0.39843750
-0.47924805
-0.43505859
0.35351562
-0.46142578
-0.02679443
0.30151367
0.47460938
0.08666992
-0.13830566
0.30078125
0.42187500
0.55029297
0.38134766
-0.36669922
-0.25512695
-0.29296875
0.31323242
1.25683594
0.18249512
-0.17431641
-0.12133789
0.07751465
-0.08520508
-0.02627563
0.06744385
-0.01229095
0.63281250
0.26660156
-0.24206543
0.11535645
-0.37597656
0.21118164
-0.02560425
0.01452637
0.30859375
-0.00561523
0.39697266
-0.37500000
0.20410156
0.40454102
0.30200195
0.06646729
0.48339844
0.43750000
0.36962891
0.81982422
-0.04025269
0.46875000
-1.06640625
0.26342773
-0.64941406
-0.09967041
-0.13891602
-0.10046387
-0.03979492
-0.07830811
-0.00151062
-0.05987549
-0.79296875
0.10058594
0.38574219
0.40698242
-0.09521484
-0.34521484
-0.35253906
-0.32934570
0.23986816
-0.39721680
0.06628418
0.21887207
0.56835938
0.11633301
0.00305176
0.28759766
0.43115234
0.71093750
0.63867188
-0.31152344
-0.24511719
-0.22875977
0.26586914
1.58398438
0.10888672
-0.37304688
-0.25268555
-0.08026123
-0.18774414
-0.01499176
0.15356445
-0.09350586
0.30078125
0.58154297
-0.33227539
0.18908691
-0.39990234
0.07263184
-0.12322998
-0.09228516
0.30200195
-0.06640625
0.38964844
-0.38549805
0.11657715
0.31616211
0.34667969
-0.02899170
0.43750000
0.42309570
0.40722656
0.64306641
0.28662109
0.44970703
-0.92626953
0.21301270
-1.03515625
-0.05609131
0.09185791
-0.21582031
0.08026123
-0.15466309
-0.09057617
-0.14233398
-0.59863281
-0.45727539
0.53710938
0.12792969
0.23876953
-0.34155273
-0.34692383
-0.34985352
0.21423340
-0.55322266
0.17968750
0.24121094
0.56591797
0.14904785
0.14135742
0.30346680
0.48388672
0.65087891
0.47192383
-0.30175781
-0.20263672
-0.29101562
0.27246094
1.41406250
0.00801086
0.08612061
0.16955566
0.02691650
0.16699219
0.09692383
-0.15661621
0.10406494
-0.54443359
0.41674805
0.10894775
0.47216797
-0.39282227
-0.16882324
-0.31909180
-0.28588867
0.47949219
-0.16247559
0.53613281
-0.48754883
0.09313965
0.38012695
0.36572266
-0.08813477
0.40917969
0.36962891
0.36425781
0.95068359
0.14086914
0.55761719
-1.19921875
0.16235352
-0.65673828
0.00135326
0.01814270
0.17431641
-0.05465698
0.16198730
0.09411621
0.15014648
-0.02581787
-0.19177246
0.16162109
0.12548828
0.02630615
-0.28906250
-0.30468750
-0.29345703
0.19836426
-0.25927734
-0.10931396
0.33154297
0.33837891
-0.00891113
-0.18969727
0.18627930
0.26293945
0.40380859
0.26684570
-0.32177734
-0.17395020
-0.28295898
0.28491211
1.05175781
0.13879395
0.07897949
0.12194824
0.15991211
0.14416504
0.14355469
-0.14990234
0.15588379
-0.32617188
0.14184570
-0.03012085
0.13671875
-0.18786621
0.02410889
-0.07293701
0.00738525
0.21508789
-0.03771973
0.23889160
-0.24072266
0.26342773
0.36865234
0.18029785
0.13244629
0.38134766
0.34619141
0.30200195
0.68261719
-0.18579102
0.45751953
-0.95849609
0.20947266
-0.40551758
-0.13964844
-0.16088867
0.13732910
-0.15747070
0.14843750
0.15637207
0.15185547
0.56982422
-0.24108887
0.04818726
-0.21752930
0.38159180
-0.37597656
-0.30444336
-0.34423828
0.15783691
-0.46289062
-0.08154297
0.34838867
0.46899414
0.07202148
-0.19177246
0.30712891
0.33300781
0.43579102
0.32031250
-0.37207031
-0.27807617
-0.29711914
0.30932617
1.14355469
0.18872070
-0.11175537
-0.05679321
0.08148193
-0.02676392
0.01000214
0.01418304
0.02008057
-0.25268555
-0.25927734
0.31787109
0.31445312
-0.18920898
-0.23168945
-0.36767578
-0.26196289
0.45629883
-0.20849609
0.44116211
-0.38037109
0.23608398
0.42919922
0.27734375
0.09368896
0.47021484
0.41845703
0.37011719
0.81835938
-0.04162598
0.50146484
-1.05175781
0.25781250
-0.56787109
-0.11468506
-0.12646484
-0.03860474
-0.05538940
-0.02093506
0.02784729
-0.01017761
0.74853516
-0.20666504
0.02124023
-0.23864746
0.32836914
-0.18066406
-0.13037109
-0.18054199
0.07495117
-0.31225586
-0.00329590
0.27807617
0.46044922
0.05029297
0.03491211
0.23718262
0.36035156
0.67236328
0.59960938
-0.29663086
-0.21691895
-0.23730469
0.25976562
1.66015625
0.05523682
-0.26928711
-0.13366699
-0.05920410
-0.07611084
0.06964111
0.04776001
-0.01736450
0.38208008
-0.59814453
0.53027344
0.37646484
-0.19006348
-0.23706055
-0.30224609
-0.25439453
0.34667969
-0.16650391
0.35400391
-0.30200195
0.20385742
0.31103516
0.33300781
-0.00689697
0.39428711
0.39770508
0.40332031
0.63720703
0.29077148
0.48730469
-0.97851562
0.18310547
-1.05468750
-0.05401611
0.11090088
-0.09930420
0.03662109
-0.04354858
-0.02081299
-0.03948975
0.01751709
0.14160156
-0.13574219
-0.24768066
0.33081055
-0.28417969
-0.24157715
-0.33178711
0.13586426
-0.40502930
-0.13476562
0.40234375
0.43676758
0.02380371
-0.21093750
0.28710938
0.35131836
0.48803711
0.33789062
-0.40234375
-0.26049805
-0.33593750
0.34155273
1.23339844
0.19628906
-0.01062775
0.03744507
0.15002441
0.06683350
0.09173584
-0.07733154
0.10382080
0.50439453
-0.25488281
0.18493652
0.12536621
-0.03472900
-0.31201172
-0.38549805
-0.24938965
0.41674805
-0.19531250
0.38574219
-0.31201172
0.30053711
0.44018555
0.25927734
0.11914062
0.50000000
0.44824219
0.38964844
0.84082031
-0.13037109
0.54882812
-1.14453125
0.27246094
-0.53466797
-0.15795898
-0.18237305
0.05682373
-0.13024902
0.07330322
0.10974121
0.08099365
-1.35546875
1.20507812
-1.13574219
-0.91503906
0.74804688
0.04364014
0.18554688
0.08361816
-0.08557129
-0.60986328
0.42749023
0.18554688
0.91503906
0.24511719
0.59082031
0.42822266
0.66601562
1.07812500
1.01855469
-0.21777344
-0.31860352
-0.23120117
0.21545410
2.20898438
-0.10510254
-0.76855469
-0.55566406
-0.38500977
-0.44311523
-0.14257812
0.38916016
-0.32104492
0.91113281
-0.23413086
0.35205078
0.02734375
0.05371094
-0.30224609
-0.49414062
-0.54882812
0.56347656
-0.44018555
0.95214844
-0.70263672
-0.07043457
0.32739258
0.70507812
-0.37695312
0.42333984
0.42138672
0.52246094
0.66503906
1.09472656
0.55273438
-0.99023438
0.11895752
-1.81152344
0.13854980
0.46655273
-0.48632812
0.35107422
-0.37622070
-0.32568359
-0.37402344
-0.53564453
0.34594727
-0.29785156
-0.23901367
0.17736816
0.05505371
0.03656006
-0.08068848
-0.07775879
-0.30395508
-0.10827637
0.37646484
0.39038086
0.01867676
-0.07696533
0.22875977
0.37500000
0.50781250
0.34399414
-0.32666016
-0.14733887
-0.30151367
0.26757812
1.22851562
0.05206299
0.05181885
0.11706543
0.04412842
0.11486816
0.05355835
-0.10522461
0.07360840
-0.23852539
0.21386719
-0.13891602
-0.22753906
0.29248047
-0.31103516
-0.34643555
-0.31640625
0.40405273
-0.29125977
0.36669922
-0.26293945
0.27661133
0.36523438
0.23864746
0.02429199
0.40893555
0.35156250
0.29809570
0.92089844
-0.03134155
0.50683594
-1.15429688
0.15576172
-0.52929688
-0.01867676
-0.03381348
0.11895752
-0.05276489
0.10668945
0.06909180
0.10095215
-0.10662842
0.13623047
-0.19140625
-0.18200684
0.18505859
0.05041504
0.04824829
-0.11669922
-0.03533936
-0.31738281
-0.15551758
0.36962891
0.28417969
-0.00769043
-0.14465332
0.24316406
0.30566406
0.44384766
0.30688477
-0.36279297
-0.21203613
-0.30322266
0.30810547
1.19824219
0.13745117
-0.02177429
0.03207397
0.10528564
0.05328369
0.06793213
-0.06076050
0.07775879
-0.54980469
0.32690430
-0.19946289
-0.22521973
0.24475098
-0.35009766
-0.38598633
-0.34179688
0.39868164
-0.26049805
0.31494141
-0.20043945
0.31225586
0.37597656
0.22595215
0.07836914
0.43652344
0.39599609
0.34912109
0.75927734
-0.06286621
0.48901367
-1.05664062
0.22924805
-0.55517578
-0.10437012
-0.12414551
0.04705811
-0.09289551
0.05654907
0.08087158
0.06311035
0.39672852
-0.16467285
0.04660034
-0.02285767
0.07043457
0.09851074
0.10650635
-0.12927246
-0.07360840
-0.30981445
-0.23303223
0.43408203
0.50488281
0.01086426
-0.27221680
0.30175781
0.29492188
0.38281250
0.30200195
-0.37890625
-0.29174805
-0.26464844
0.30590820
0.91552734
0.23242188
-0.16540527
-0.13659668
0.07183838
-0.09857178
-0.03820801
0.07928467
-0.02424622
-0.27954102
0.16259766
-0.22265625
-0.29418945
0.34130859
-0.42041016
-0.45605469
-0.39379883
0.43945312
-0.36035156
0.37768555
-0.31665039
0.28613281
0.44775391
0.23852539
0.15649414
0.49731445
0.44580078
0.37573242
0.73535156
-0.04632568
0.41552734
-0.88623047
0.28564453
-0.47705078
-0.12225342
-0.14111328
-0.11425781
-0.03179932
-0.08843994
-0.01234436
-0.07324219
0.61523438
-0.29711914
0.09362793
0.02148438
0.03649902
0.18652344
0.18005371
-0.08093262
-0.10223389
-0.29931641
-0.23388672
0.45312500
0.57763672
0.02050781
-0.21630859
0.33349609
0.40478516
0.59716797
0.48730469
-0.40307617
-0.31127930
-0.29248047
0.32543945
1.28906250
0.23657227
-0.32910156
-0.26171875
0.01440430
-0.20251465
-0.05786133
0.16979980
-0.08666992
0.17248535
0.13208008
-0.26269531
-0.32812500
0.37646484
-0.40039062
-0.42846680
-0.40356445
0.43139648
-0.37158203
0.39282227
-0.30834961
0.32299805
0.43823242
0.30786133
0.10290527
0.57128906
0.52490234
0.44238281
0.74560547
0.08361816
0.46533203
-0.96240234
0.30126953
-0.78027344
-0.12463379
-0.07434082
-0.22937012
0.02384949
-0.17919922
-0.07373047
-0.15820312
0.28247070
-0.64648438
0.47070312
0.27270508
-0.15429688
0.35083008
0.34375000
0.17248535
-0.25854492
-0.21105957
-0.20593262
0.36523438
0.45019531
0.03668213
-0.03027344
0.30688477
0.44580078
0.71582031
0.63085938
-0.33593750
-0.24963379
-0.21923828
0.26879883
1.70117188
0.10192871
-0.54980469
-0.41406250
-0.17761230
-0.34448242
-0.14892578
0.30590820
-0.22644043
1.00585938
-0.24633789
-0.36083984
-0.43115234
0.40942383
-0.16528320
-0.23120117
-0.35937500
0.36914062
-0.38964844
0.32690430
-0.21728516
0.30639648
0.32275391
0.36181641
-0.02478027
0.50195312
0.48999023
0.43359375
0.68554688
0.35522461
0.40722656
-0.94824219
0.23095703
-1.20898438
0.01919556
0.16040039
-0.37646484
0.19250488
-0.31274414
-0.21936035
-0.29248047
-0.15930176
0.00510406
0.05926514
0.13452148
-0.11096191
0.24218750
0.20581055
-0.10522461
-0.08203125
-0.19897461
-0.28808594
0.49755859
0.41772461
-0.07055664
-0.29980469
0.24475098
0.21728516
0.29296875
0.19262695
-0.37500000
-0.26367188
-0.28857422
0.32080078
0.80566406
0.20251465
0.06335449
0.07342529
0.15673828
0.09045410
0.06762695
-0.09338379
0.10534668
0.14038086
-0.07946777
0.03198242
-0.09228516
0.20214844
-0.29589844
-0.39428711
-0.39111328
0.37548828
-0.30615234
0.25537109
-0.22717285
0.34619141
0.46679688
0.19897461
0.23229980
0.46630859
0.41894531
0.35815430
0.74511719
-0.22778320
0.46606445
-0.95410156
0.27709961
-0.27221680
-0.13488770
-0.20068359
0.08514404
-0.13305664
0.08978271
0.11163330
0.09417725
-1.59667969
0.43066406
0.96386719
0.89453125
-0.54150391
0.36132812
0.56640625
0.52587891
-0.43896484
-0.27709961
0.02978516
0.28247070
0.75390625
0.19042969
0.47558594
0.40869141
0.49316406
0.89208984
0.89453125
-0.18334961
-0.31054688
-0.13232422
0.18481445
2.06445312
-0.08605957
-0.67089844
-0.46313477
-0.34472656
-0.35864258
-0.05960083
0.30688477
-0.25195312
-0.24035645
-1.11523438
0.59228516
-0.10058594
0.49755859
0.15332031
0.04785156
-0.26977539
0.35839844
-0.65087891
0.92285156
-0.53271484
0.10815430
0.26513672
0.71484375
-0.33227539
0.37475586
0.41284180
0.51904297
0.45239258
0.99267578
0.44091797
-0.82568359
0.13330078
-1.68261719
0.09533691
0.44750977
-0.39916992
0.29736328
-0.29125977
-0.25976562
-0.29272461
-0.13745117
0.12487793
0.07397461
0.17126465
-0.19885254
0.32324219
0.29418945
0.03302002
-0.16333008
-0.14135742
-0.27880859
0.45239258
0.22241211
-0.11199951
-0.26074219
0.18603516
0.20458984
0.31933594
0.18188477
-0.38085938
-0.19970703
-0.31640625
0.32592773
0.94238281
0.16345215
0.14465332
0.17114258
0.19226074
0.18005371
0.13586426
-0.17834473
0.17431641
-0.24975586
-0.11505127
0.08190918
0.02447510
0.08569336
-0.08905029
-0.23852539
-0.34643555
0.30761719
-0.28173828
0.14013672
-0.08093262
0.37988281
0.40307617
0.14501953
0.20019531
0.43212891
0.39501953
0.33056641
0.76074219
-0.23913574
0.48315430
-1.01953125
0.24829102
-0.30419922
-0.14428711
-0.21008301
0.17944336
-0.18188477
0.17529297
0.17639160
0.17785645
0.88330078
1.14355469
-0.11840820
0.66992188
-0.73046875
0.25146484
0.51416016
0.57861328
-0.50146484
-0.17651367
-0.07421875
0.32617188
0.74511719
0.17773438
0.44970703
0.41748047
0.48510742
0.88574219
0.88867188
-0.18701172
-0.31689453
-0.13439941
0.18774414
2.06250000
-0.08264160
-0.67089844
-0.46362305
-0.34423828
-0.35888672
-0.05947876
0.30712891
-0.25195312
-1.35253906
0.35083008
1.12500000
0.60156250
0.08105469
0.30126953
0.24194336
-0.12158203
0.26391602
-0.68505859
0.92041016
-0.50634766
0.15551758
0.27416992
0.73193359
-0.32104492
0.38452148
0.42651367
0.52929688
0.45092773
0.99121094
0.44018555
-0.82519531
0.13867188
-1.68261719
0.09429932
0.44702148
-0.39941406
0.29711914
-0.29125977
-0.25976562
-0.29272461
1.08007812
0.47094727
-0.42138672
0.29907227
-0.50000000
0.18969727
0.35351562
0.36206055
-0.37304688
-0.05102539
-0.18518066
0.41040039
0.63818359
0.05282593
0.15307617
0.31176758
0.39404297
0.75927734
0.74804688
-0.24072266
-0.25537109
-0.15869141
0.20654297
1.82226562
-0.01782227
-0.40063477
-0.23693848
-0.16979980
-0.15795898
0.04580688
0.12194824
-0.08856201
-0.06518555
0.66455078
0.63330078
0.53857422
-0.09851074
0.21728516
0.15283203
-0.10229492
0.18066406
-0.48046875
0.56982422
-0.33984375
0.28417969
0.31787109
0.49780273
-0.10443115
0.40478516
0.43823242
0.48242188
0.60009766
0.59130859
0.47363281
-0.92382812
0.15429688
-1.29492188
0.00240326
0.25708008
-0.18908691
0.12963867
-0.11029053
-0.09680176
-0.11138916
0.21972656
-0.01605225
-0.14172363
0.01361084
-0.20007324
0.31372070
0.40356445
0.19824219
-0.29980469
-0.05737305
-0.33300781
0.53320312
0.35205078
-0.12658691
-0.24438477
0.23779297
0.30419922
0.42968750
0.27490234
-0.40820312
-0.24389648
-0.32421875
0.33544922
1.02734375
0.16357422
0.07141113
0.10815430
0.14916992
0.12219238
0.08374023
-0.12261963
0.12286377
0.29125977
0.19897461
0.06408691
0.21728516
-0.15649414
0.15136719
-0.03912354
-0.30419922
0.25146484
-0.37744141
0.19409180
-0.10107422
0.42211914
0.44580078
0.20434570
0.18457031
0.51757812
0.46362305
0.37817383
0.85595703
-0.11865234
0.50683594
-1.06347656
0.26074219
-0.40087891
-0.11633301
-0.17492676
0.11907959
-0.13500977
0.11791992
0.12585449
0.12268066
-0.23803711
-0.19262695
-0.16162109
-0.12768555
-0.16052246
0.28100586
0.41943359
0.28344727
-0.34375000
-0.06591797
-0.33227539
0.42651367
0.26904297
-0.06561279
-0.22558594
0.26220703
0.29541016
0.39990234
0.27978516
-0.36914062
-0.21582031
-0.23999023
0.27978516
0.99121094
0.18029785
-0.16406250
-0.14489746
0.06262207
-0.11596680
-0.07275391
0.10101318
-0.04473877
0.39257812
0.09375000
-0.06311035
0.21044922
-0.26196289
0.29052734
0.08917236
-0.26562500
0.22167969
-0.40942383
0.13818359
-0.05883789
0.37231445
0.36401367
0.19213867
0.11486816
0.49414062
0.43969727
0.33447266
0.72265625
-0.09655762
0.36816406
-0.91796875
0.24926758
-0.48071289
-0.07635498
-0.14147949
-0.12792969
-0.01705933
-0.11206055
-0.03253174
-0.09411621
-0.68896484
-0.53222656
-0.41113281
-0.13208008
-0.14392090
0.07476807
0.14892578
0.19567871
-0.25537109
0.02520752
-0.21240234
0.28540039
-0.00769043
-0.12817383
-0.18627930
0.10400391
0.13964844
0.39257812
0.33300781
-0.31176758
-0.08825684
-0.21289062
0.25390625
1.36328125
0.07482910
-0.00720978
0.08465576
0.08691406
0.10949707
0.14489746
-0.11846924
0.12121582
0.21606445
0.14001465
-0.11645508
0.31787109
-0.21313477
0.20654297
0.10522461
-0.04653931
0.03912354
-0.16503906
-0.13403320
0.13452148
0.37768555
0.22045898
0.12036133
0.11938477
0.33129883
0.36206055
0.30957031
0.52441406
-0.13378906
0.37231445
-0.90234375
0.18432617
-0.65625000
-0.09735107
-0.05075073
0.10064697
-0.10180664
0.11932373
0.11639404
0.12139893
-0.31567383
-0.19860840
-0.04638672
-0.26293945
0.01611328
0.08239746
0.34472656
0.35449219
-0.38378906
0.00939941
-0.33789062
0.41406250
0.11572266
-0.11529541
-0.25830078
0.22680664
0.20666504
0.33520508
0.22583008
-0.41259766
-0.22241211
-0.30883789
0.34082031
1.07812500
0.18530273
-0.05712891
-0.01576233
0.09851074
0.00294876
0.01860046
-0.01073456
0.03918457
-0.38720703
-0.22167969
-0.21838379
0.07440186
-0.30468750
0.38671875
0.23718262
-0.15820312
0.13281250
-0.38916016
0.05477905
0.03369141
0.40625000
0.35913086
0.16516113
0.16503906
0.47656250
0.44335938
0.36523438
0.70947266
-0.14489746
0.44213867
-0.99560547
0.27880859
-0.48608398
-0.10388184
-0.14331055
-0.00419617
-0.07275391
0.00326538
0.04647827
0.01380920
0.15234375
-0.09716797
0.02331543
-0.40380859
0.02221680
-0.00427246
0.22265625
0.30078125
-0.33374023
0.06018066
-0.30175781
0.40039062
0.31054688
-0.06579590
-0.14086914
0.23754883
0.26635742
0.57568359
0.54492188
-0.34472656
-0.23315430
-0.22656250
0.28515625
1.51660156
0.12963867
-0.29199219
-0.17773438
-0.04385376
-0.12017822
0.03717041
0.09027100
-0.04153442
-0.74755859
-0.54980469
-0.46582031
0.08190918
-0.36718750
0.32666016
0.25073242
-0.04748535
0.05987549
-0.33691406
0.15112305
-0.04040527
0.42553711
0.30273438
0.28564453
0.07958984
0.46704102
0.49877930
0.46093750
0.54785156
0.19799805
0.42114258
-0.86816406
0.24951172
-0.95703125
-0.08422852
0.06756592
-0.14550781
0.03741455
-0.08978271
-0.04043579
-0.08074951
0.78320312
0.47338867
0.46533203
-0.36230469
0.36108398
-0.25292969
0.10961914
0.42529297
-0.52246094
0.16479492
-0.42749023
0.53027344
0.38818359
-0.05065918
-0.00183105
0.31591797
0.38769531
0.58447266
0.42578125
-0.38476562
-0.21154785
-0.31835938
0.31689453
1.40917969
0.02178955
0.08618164
0.16918945
0.02536011
0.16748047
0.09613037
-0.15698242
0.10363770
-0.20263672
-0.39819336
-0.28979492
-0.32861328
-0.28466797
0.28466797
0.45849609
0.15234375
-0.05725098
-0.55273438
0.36962891
-0.12170410
0.42187500
0.40527344
0.39208984
-0.00073242
0.50097656
0.46728516
0.41699219
0.92041016
0.12719727
0.54248047
-1.18750000
0.20190430
-0.65673828
0.00271225
0.02014160
0.17443848
-0.05355835
0.16247559
0.09356689
0.15051270
0.47387695
0.42993164
0.34960938
-0.11315918
0.37744141
-0.25732422
0.07733154
0.34570312
-0.42480469
0.14331055
-0.35156250
0.42578125
0.17968750
-0.11132812
-0.12249756
0.22363281
0.32104492
0.47558594
0.32202148
-0.38818359
-0.14855957
-0.31176758
0.30224609
1.26660156
0.06701660
-0.02828979
0.03881836
0.02052307
0.04049683
0.00467682
-0.03518677
0.02226257
0.44653320
0.02288818
0.02447510
-0.35913086
-0.10479736
0.24963379
0.37817383
0.10302734
-0.07177734
-0.40991211
0.14636230
0.03552246
0.41186523
0.32666016
0.23022461
0.06286621
0.47265625
0.42358398
0.33642578
0.87646484
-0.00514221
0.47802734
-1.14453125
0.19482422
-0.59716797
-0.00373459
-0.02848816
0.04241943
-0.01800537
0.03399658
0.02085876
0.03350830
-0.05242920
0.32543945
0.26562500
-0.11718750
0.17346191
-0.12261963
0.10601807
0.22766113
-0.26293945
0.02337646
-0.18041992
0.26513672
-0.12011719
-0.18041992
-0.12646484
0.06750488
0.15710449
0.31079102
0.13049316
-0.34545898
-0.01092529
-0.32543945
0.29345703
1.13476562
0.03622437
0.27587891
0.32348633
0.20605469
0.31347656
0.22424316
-0.29882812
0.25512695
0.45629883
0.18237305
0.03125000
-0.20166016
-0.11718750
0.16894531
0.20483398
-0.01141357
-0.00457764
-0.22094727
-0.05908203
0.19165039
0.32763672
0.21704102
0.10205078
0.10461426
0.31835938
0.30029297
0.22644043
0.69824219
-0.33984375
0.46289062
-1.08496094
0.15649414
-0.35668945
-0.09967041
-0.17395020
0.32299805
-0.22302246
0.30346680
0.24829102
0.29321289
-0.53564453
0.06115723
0.18518066
0.00219727
0.25244141
-0.23364258
0.05444336
0.29223633
-0.31835938
0.05297852
-0.20593262
0.27099609
-0.12023926
-0.17163086
-0.21984863
0.12475586
0.16943359
0.31494141
0.17199707
-0.38500977
-0.06408691
-0.30322266
0.31616211
1.07617188
0.12939453
0.02941895
0.06396484
0.15197754
0.07409668
0.06396484
-0.07586670
0.09710693
0.19604492
0.33642578
0.18701172
-0.27221680
-0.04553223
0.19494629
0.29370117
0.04016113
-0.04632568
-0.25244141
-0.16259766
0.21289062
0.36206055
0.24072266
0.09069824
0.13684082
0.40527344
0.38378906
0.27050781
0.64746094
-0.29858398
0.37573242
-0.98339844
0.22656250
-0.42797852
-0.09820557
-0.19067383
0.07073975
-0.12719727
0.07025146
0.10272217
0.07849121
-0.19726562
-0.03524780
0.03479004
0.04089355
0.26464844
-0.29663086
0.06793213
0.40576172
-0.38427734
0.12658691
-0.36083984
0.45825195
0.20056152
-0.18481445
-0.29541016
0.21289062
0.19580078
0.31835938
0.20825195
-0.41528320
-0.26171875
-0.31005859
0.34057617
0.95751953
0.23046875
-0.14660645
-0.12402344
0.09985352
-0.08361816
-0.01516724
0.06317139
-0.00237465
-0.12939453
0.07446289
0.05355835
-0.15795898
-0.01489258
0.26147461
0.43530273
0.02087402
0.00512695
-0.37158203
0.02307129
0.08398438
0.45019531
0.36889648
0.13305664
0.21582031
0.51367188
0.46777344
0.37939453
0.63232422
-0.15234375
0.42602539
-0.88281250
0.30566406
-0.47973633
-0.13342285
-0.16955566
-0.10058594
-0.05804443
-0.07263184
0.01030731
-0.05609131
-0.05877686
-0.44750977
-0.10888672
0.23034668
0.29394531
-0.27490234
-0.09191895
0.22827148
-0.29101562
0.19555664
-0.32983398
0.43603516
0.22888184
-0.14160156
-0.19506836
0.22338867
0.22692871
0.51562500
0.48266602
-0.37060547
-0.24487305
-0.24829102
0.30224609
1.44140625
0.13562012
-0.27319336
-0.16821289
-0.02618408
-0.10662842
0.04275513
0.07647705
-0.02729797
-0.68359375
0.18603516
0.40869141
-0.29101562
0.09960938
0.06250000
0.28759766
0.15612793
-0.13427734
-0.25219727
0.01892090
0.07495117
0.48925781
0.32031250
0.23828125
0.12316895
0.48217773
0.50732422
0.45971680
0.59570312
0.15771484
0.44165039
-0.89697266
0.25830078
-0.90429688
-0.08801270
0.04553223
-0.13269043
0.02165222
-0.07537842
-0.02606201
-0.06646729
0.34277344
-0.11254883
-0.19775391
0.28369141
0.13549805
-0.42504883
-0.21276855
0.35107422
-0.40625000
0.31298828
-0.45361328
0.53369141
0.23901367
-0.17956543
-0.29638672
0.24450684
0.16711426
0.25292969
0.18981934
-0.42626953
-0.27050781
-0.29736328
0.34326172
0.84423828
0.19506836
-0.01841736
0.00641632
0.08050537
0.01751709
0.00050497
-0.01959229
0.03106689
-0.17297363
-0.17370605
-0.02835083
0.08648682
0.32836914
-0.03112793
0.44311523
0.25512695
-0.20080566
-0.36425781
0.01196289
0.07336426
0.48852539
0.41162109
0.15698242
0.22436523
0.50048828
0.45068359
0.38574219
0.72314453
-0.12719727
0.43627930
-0.92285156
0.29223633
-0.34619141
-0.08782959
-0.12573242
0.01353455
-0.05789185
0.01399231
0.03698730
0.02035522
0.41992188
0.01634216
-0.18395996
0.25390625
0.07086182
-0.41992188
-0.26782227
0.30029297
-0.37036133
0.28369141
-0.38793945
0.44018555
0.14758301
-0.16992188
-0.26489258
0.24255371
0.20983887
0.36059570
0.29589844
-0.41088867
-0.23449707
-0.24584961
0.30737305
1.01171875
0.19165039
-0.19116211
-0.16784668
0.06677246
-0.13610840
-0.06250000
0.11779785
-0.04925537
0.26025391
-0.23486328
-0.09936523
0.17114258
0.36328125
-0.12841797
0.37597656
0.27832031
-0.22460938
-0.34545898
-0.05688477
0.13232422
0.46582031
0.34936523
0.16870117
0.16845703
0.51464844
0.48291016
0.38623047
0.71484375
-0.04067993
0.38427734
-0.94042969
0.27197266
-0.51708984
-0.09442139
-0.14831543
-0.15087891
-0.01902771
-0.12866211
-0.03564453
-0.10882568
0.11975098
-0.03564453
-0.18188477
0.22436523
0.13989258
-0.30639648
-0.11938477
0.26220703
-0.24707031
0.13452148
-0.17846680
0.31103516
-0.00012207
-0.22961426
-0.30786133
0.09906006
0.07629395
0.28222656
0.23535156
-0.36230469
-0.14843750
-0.23315430
0.29296875
1.06152344
0.18395996
-0.01223755
0.03152466
0.15283203
0.06829834
0.12951660
-0.08471680
0.12121582
0.34008789
-0.23095703
0.06021118
-0.01861572
0.17834473
-0.03283691
0.28125000
0.12768555
-0.11230469
-0.17480469
-0.19104004
0.22595215
0.42822266
0.24914551
0.02850342
0.22070312
0.39794922
0.41748047
0.34155273
0.49169922
-0.26367188
0.36499023
-0.81982422
0.25976562
-0.45971680
-0.16979980
-0.16186523
0.05249023
-0.14172363
0.08166504
0.12475586
0.09136963
-0.28857422
0.19470215
-0.02423096
0.05957031
-0.15222168
-0.31982422
-0.36621094
0.22509766
-0.31323242
0.35400391
-0.40087891
0.48730469
0.13305664
-0.23901367
-0.34057617
0.20947266
0.16113281
0.31884766
0.24121094
-0.46484375
-0.25170898
-0.31420898
0.35815430
0.99023438
0.21899414
0.02206421
0.05459595
0.16564941
0.07696533
0.09191895
-0.08563232
0.11279297
0.26831055
-0.05581665
-0.16638184
0.26171875
0.31250000
-0.28564453
0.27026367
0.33691406
-0.29882812
-0.27905273
-0.10919189
0.20263672
0.54248047
0.37988281
0.09020996
0.24108887
0.53466797
0.50097656
0.40869141
0.75292969
-0.17187500
0.46655273
-0.99023438
0.29907227
-0.38818359
-0.17028809
-0.20385742
0.06842041
-0.14282227
0.07995605
0.11914062
0.08923340
-0.76708984
0.53808594
0.18994141
-0.11700439
-0.36669922
-0.01672363
-0.47119141
-0.04821777
-0.23400879
0.49707031
-0.55859375
0.53369141
0.23767090
-0.14453125
-0.07128906
0.31323242
0.33593750
0.54785156
0.40185547
-0.42333984
-0.21545410
-0.33105469
0.33789062
1.40527344
0.02836609
0.08612061
0.16906738
0.02462769
0.16760254
0.09570312
-0.15710449
0.10345459
-0.25634766
0.30566406
-0.51367188
0.47509766
0.27685547
-0.38037109
0.01281738
0.44921875
-0.47021484
-0.29223633
0.08483887
0.10595703
0.52148438
0.38183594
0.38549805
0.04125977
0.53710938
0.50927734
0.44042969
0.90332031
0.12036133
0.53466797
-1.18164062
0.22070312
-0.65625000
0.00335503
0.02110291
0.17456055
-0.05303955
0.16271973
0.09326172
0.15063477
-0.18225098
0.17578125
0.26147461
-0.17211914
-0.31274414
-0.06213379
-0.44116211
0.03302002
-0.23339844
0.36914062
-0.34863281
0.36865234
-0.00878906
-0.20507812
-0.21777344
0.23608398
0.20141602
0.37939453
0.26318359
-0.44848633
-0.22119141
-0.32666016
0.36669922
1.14941406
0.15649414
-0.01651001
0.02667236
0.09613037
0.04113770
0.03536987
-0.04516602
0.05966187
-0.69433594
0.41113281
-0.26513672
0.33593750
0.20825195
-0.39428711
0.04174805
0.40942383
-0.38525391
-0.24755859
-0.11486816
0.21655273
0.43212891
0.31933594
0.18872070
0.14648438
0.52343750
0.50390625
0.40893555
0.71484375
-0.05895996
0.44091797
-1.01562500
0.28906250
-0.52343750
-0.08374023
-0.12524414
0.03756714
-0.07861328
0.03964233
0.06341553
0.04736328
0.48730469
-0.18969727
0.34301758
-0.33569336
-0.39916992
0.03662109
-0.45019531
-0.03936768
-0.16271973
0.44238281
-0.39208984
0.39965820
0.07580566
-0.19018555
-0.25146484
0.26782227
0.22814941
0.39843750
0.32983398
-0.43701172
-0.25097656
-0.28491211
0.33203125
1.19335938
0.18298340
-0.26269531
-0.20947266
-0.00061798
-0.17553711
-0.09790039
0.15698242
-0.09582520
-0.48706055
0.34204102
-0.00411987
0.17883301
0.04296875
-0.42529297
-0.05749512
0.40869141
-0.42968750
-0.19616699
-0.13793945
0.20703125
0.48339844
0.32714844
0.19763184
0.14916992
0.55566406
0.52099609
0.42138672
0.70166016
0.03384399
0.39941406
-0.95703125
0.29028320
-0.67333984
-0.05484009
-0.06512451
-0.19104004
0.03955078
-0.16821289
-0.08416748
-0.14929199
0.56591797
-0.29858398
0.22753906
-0.30859375
-0.33203125
0.11108398
-0.40722656
-0.03872681
-0.12292480
0.38818359
-0.27929688
0.34692383
-0.07580566
-0.25244141
-0.31103516
0.19812012
0.15417480
0.32373047
0.23461914
-0.48388672
-0.20410156
-0.33251953
0.37231445
1.16503906
0.18701172
-0.00912476
0.03979492
0.13195801
0.05502319
0.05938721
-0.06063843
0.08312988
0.10363770
0.13793945
0.11437988
0.03784180
-0.08514404
-0.39819336
-0.08227539
0.38183594
-0.41503906
-0.13378906
-0.24353027
0.30102539
0.46557617
0.31591797
0.08874512
0.21179199
0.53271484
0.50292969
0.39306641
0.77929688
-0.17236328
0.46484375
-1.09765625
0.29272461
-0.48266602
-0.12127686
-0.16967773
0.04949951
-0.11022949
0.05349731
0.08862305
0.06378174
0.42211914
-0.67675781
0.44897461
-0.50000000
-0.42382812
0.17993164
-0.29663086
-0.16735840
-0.05505371
0.39306641
-0.41894531
0.41577148
0.17590332
-0.13671875
-0.12646484
0.25537109
0.24011230
0.60351562
0.58642578
-0.35815430
-0.23657227
-0.24267578
0.29296875
1.62207031
0.06127930
-0.23339844
-0.10327148
-0.06915283
-0.05191040
0.07653809
0.02816772
-0.00933838
0.76416016
-0.09924316
0.39892578
0.01647949
-0.08081055
-0.25146484
-0.18652344
0.28564453
-0.37841797
-0.09704590
-0.05114746
0.16088867
0.55468750
0.28637695
0.35668945
0.06542969
0.48632812
0.56103516
0.52539062
0.59667969
0.31323242
0.43994141
-0.92431641
0.23620605
-1.01953125
-0.04174805
0.13244629
-0.07202148
0.04025269
-0.02119446
-0.01558685
-0.02102661
-0.25976562
-0.03240967
-0.03656006
-0.19946289
-0.24121094
0.18603516
-0.46728516
-0.03857422
-0.14868164
0.43798828
-0.37963867
0.49804688
0.12719727
-0.30590820
-0.34228516
0.23889160
0.21228027
0.35839844
0.26342773
-0.49609375
-0.28125000
-0.32324219
0.38183594
0.98388672
0.20849609
-0.14526367
-0.12371826
0.03985596
-0.09881592
-0.08789062
0.08868408
-0.05184937
0.28881836
-0.17382812
0.15551758
-0.15014648
-0.18896484
-0.37817383
-0.16906738
0.44628906
-0.43334961
-0.12463379
-0.23828125
0.31909180
0.62500000
0.38916016
0.14526367
0.26928711
0.63281250
0.57666016
0.44677734
0.79345703
-0.10498047
0.43554688
-0.99023438
0.33178711
-0.48193359
-0.05245972
-0.11389160
-0.10931396
0.00056648
-0.09783936
-0.04098511
-0.08489990
-1.63281250
0.29492188
-0.47998047
-0.57031250
-0.54052734
0.30297852
-0.12219238
-0.53125000
0.11853027
0.74707031
-1.02539062
0.72656250
0.54443359
-0.04721069
0.11737061
0.54589844
0.49902344
0.94677734
0.90966797
-0.30541992
-0.42773438
-0.27246094
0.27148438
2.20117188
-0.04711914
-0.77197266
-0.56445312
-0.37841797
-0.44653320
-0.13977051
0.39111328
-0.31958008
0.01245117
-1.19140625
1.08789062
-0.71582031
-0.52001953
-0.03723145
-0.51367188
0.16076660
-0.55761719
-0.08764648
0.20019531
0.02679443
0.73828125
0.40600586
0.91259766
-0.16577148
0.61132812
0.66552734
0.69677734
0.62939453
1.05566406
0.53369141
-0.97656250
0.21313477
-1.81445312
0.12011719
0.45654297
-0.49121094
0.34643555
-0.37744141
-0.32348633
-0.37548828
-0.39306641
0.32177734
-0.25073242
-0.16723633
-0.13818359
0.22607422
-0.14953613
-0.15014648
0.02758789
0.25366211
-0.16577148
0.21948242
-0.04077148
-0.17102051
-0.19531250
0.12719727
0.14245605
0.41748047
0.38208008
-0.33886719
-0.14245605
-0.23266602
0.26757812
1.37207031
0.09997559
-0.14294434
-0.03903198
0.00863647
0.00262260
0.09674072
-0.02117920
0.03973389
-0.50927734
-0.36718750
0.30810547
-0.28857422
-0.23718262
-0.09326172
-0.19982910
0.18542480
-0.27734375
-0.00781250
-0.17736816
0.24719238
0.42578125
0.18481445
0.13085938
0.11877441
0.40600586
0.45263672
0.38916016
0.50976562
0.00604248
0.38085938
-0.84667969
0.21813965
-0.78662109
-0.08502197
0.02932739
-0.01445770
-0.02500916
0.02403259
0.03689575
0.02630615
0.26416016
0.50439453
-0.43188477
0.17810059
0.12548828
0.32617188
-0.09277344
-0.32690430
0.14648438
0.46630859
-0.41235352
0.37109375
0.01245117
-0.22912598
-0.14038086
0.23669434
0.23291016
0.43188477
0.31469727
-0.44091797
-0.17370605
-0.33349609
0.34863281
1.27050781
0.04122925
0.11114502
0.18286133
0.04425049
0.18066406
0.10577393
-0.16931152
0.11761475
-0.61865234
0.07128906
-0.03668213
-0.35766602
-0.36547852
0.07287598
-0.37475586
0.16210938
-0.41430664
0.03710938
-0.16674805
0.29077148
0.48779297
0.29077148
0.25659180
0.08770752
0.50048828
0.47851562
0.39990234
0.81933594
0.04440308
0.49511719
-1.10742188
0.22045898
-0.55517578
-0.01210022
-0.00225067
0.18688965
-0.07073975
0.17480469
0.10778809
0.16308594
0.41455078
0.18310547
-0.15856934
0.15014648
0.12475586
0.35009766
-0.14221191
-0.26025391
0.08447266
0.39453125
-0.22290039
0.26489258
-0.11853027
-0.28564453
-0.26586914
0.16320801
0.13488770
0.29833984
0.19775391
-0.46948242
-0.19177246
-0.33447266
0.36669922
1.09375000
0.16723633
0.05688477
0.09680176
0.14355469
0.11016846
0.09478760
-0.11248779
0.11895752
-0.08319092
0.17553711
-0.08776855
-0.16564941
-0.24108887
0.02819824
-0.36279297
0.24462891
-0.38208008
0.01342773
-0.26098633
0.34423828
0.41845703
0.25927734
0.06036377
0.19738770
0.50537109
0.47607422
0.37695312
0.72363281
-0.16931152
0.46240234
-1.03417969
0.27978516
-0.43359375
-0.12585449
-0.16479492
0.10711670
-0.13146973
0.10833740
0.12145996
0.11285400
0.28295898
-0.08929443
-0.00019836
0.30615234
0.29394531
0.41772461
-0.08001709
-0.35058594
0.16979980
0.48999023
-0.29199219
0.36132812
-0.05773926
-0.30761719
-0.33715820
0.22167969
0.12646484
0.27539062
0.22924805
-0.49877930
-0.24218750
-0.30322266
0.36572266
0.98193359
0.19653320
-0.09075928
-0.06689453
0.08447266
-0.04498291
-0.02200317
0.03524780
0.00271225
0.38793945
0.22607422
-0.22448730
-0.04522705
-0.22558594
0.11346436
-0.46191406
0.23474121
-0.43969727
0.08764648
-0.33886719
0.38354492
0.52636719
0.32812500
0.06713867
0.24475098
0.55908203
0.51757812
0.41113281
0.79003906
-0.11175537
0.43505859
-1.03320312
0.29833984
-0.43286133
-0.09558105
-0.14892578
-0.05331421
-0.04882812
-0.04220581
0.01234436
-0.03106689
-0.13586426
-0.23950195
-0.11279297
0.30371094
0.19934082
0.22705078
0.03372192
-0.22949219
0.16381836
0.22375488
-0.00393677
0.11181641
-0.16906738
-0.21276855
-0.24658203
0.10729980
0.09692383
0.35302734
0.32104492
-0.36718750
-0.12658691
-0.21948242
0.28076172
1.29687500
0.14025879
-0.15917969
-0.07635498
0.04876709
-0.03463745
0.06106567
0.01429749
0.02819824
0.68994141
0.41088867
-0.35986328
-0.13037109
-0.20117188
0.13610840
-0.23742676
0.06396484
-0.23767090
0.07287598
-0.25268555
0.30517578
0.36865234
0.15283203
0.04055786
0.15319824
0.41992188
0.46728516
0.37182617
0.47387695
-0.09143066
0.33129883
-0.81152344
0.24804688
-0.70214844
-0.10711670
-0.04669189
-0.05291748
-0.04266357
-0.01748657
0.03024292
-0.00602722
-1.55859375
-1.19433594
0.73339844
0.83105469
0.68652344
0.03985596
0.43969727
-0.51367188
0.42382812
0.66406250
-0.91406250
0.58740234
0.32958984
-0.03662109
0.03045654
0.50781250
0.35546875
0.77294922
0.79101562
-0.24072266
-0.40625000
-0.16430664
0.22998047
2.05664062
-0.03381348
-0.67285156
-0.47094727
-0.33935547
-0.36132812
-0.05746460
0.30834961
-0.25073242
0.42529297
-0.06372070
-0.86230469
0.34570312
-0.26220703
0.39062500
-0.36010742
-0.29321289
-0.37622070
0.24377441
-0.12927246
0.13403320
0.68652344
0.32446289
0.85839844
-0.13989258
0.50683594
0.60742188
0.66601562
0.42480469
0.95800781
0.42993164
-0.81396484
0.21850586
-1.68457031
0.07958984
0.43945312
-0.40356445
0.29345703
-0.29174805
-0.25805664
-0.29370117
-0.31201172
-0.11914062
0.22741699
0.13903809
0.36303711
0.22033691
0.17736816
-0.40039062
0.27783203
0.41577148
-0.19995117
0.30371094
-0.09936523
-0.31835938
-0.33422852
0.16748047
0.05139160
0.18493652
0.16455078
-0.46679688
-0.23339844
-0.29199219
0.35107422
0.93359375
0.19897461
-0.03506470
-0.00497818
0.09399414
0.01497650
0.02610779
-0.02209473
0.04348755
-0.29736328
-0.20031738
0.02049255
0.28588867
0.11389160
0.35791016
-0.41137695
0.05981445
-0.34350586
0.19824219
-0.36645508
0.40917969
0.49951172
0.28442383
0.00695801
0.26049805
0.48193359
0.45385742
0.38330078
0.67724609
-0.17065430
0.42382812
-0.94580078
0.29418945
-0.39160156
-0.11242676
-0.13513184
0.00739288
-0.07177734
0.01774597
0.04968262
0.02413940
0.01416016
-0.22363281
0.50390625
0.25878906
0.30126953
0.02667236
0.15942383
-0.21533203
0.26171875
0.16711426
0.08166504
0.02703857
-0.26831055
-0.22338867
-0.22021484
0.09576416
0.09375000
0.38671875
0.35424805
-0.38232422
-0.10498047
-0.23437500
0.29248047
1.48925781
0.08453369
-0.08288574
0.02328491
0.03417969
0.05224609
0.10241699
-0.06396484
0.06890869
-0.83789062
-0.59472656
-0.07727051
0.31225586
0.05438232
0.23901367
-0.13183594
-0.09313965
-0.14880371
0.12670898
-0.23876953
0.31982422
0.28198242
0.11987305
0.07562256
0.13354492
0.40576172
0.48266602
0.39428711
0.54785156
-0.04006958
0.37719727
-0.94287109
0.23437500
-0.78125000
-0.06933594
0.00151634
0.04180908
-0.04937744
0.06549072
0.06463623
0.06689453
0.24584961
0.08312988
0.05859375
-0.00122070
0.22668457
0.15380859
0.21142578
-0.40991211
0.24438477
0.37939453
-0.17309570
0.27832031
-0.14770508
-0.41381836
-0.37377930
0.13391113
0.06518555
0.24267578
0.16992188
-0.54052734
-0.25415039
-0.37939453
0.42236328
0.90283203
0.24401855
0.09552002
0.11096191
0.20324707
0.13012695
0.11999512
-0.13525391
0.15258789
-0.10992432
-0.08648682
0.08013916
0.19421387
0.15527344
0.38916016
-0.41992188
0.10333252
-0.33789062
0.19006348
-0.38403320
0.50244141
0.56835938
0.27709961
-0.01559448
0.31665039
0.57519531
0.55029297
0.43945312
0.75048828
-0.23315430
0.49145508
-1.01464844
0.34155273
-0.30615234
-0.18798828
-0.24291992
0.12408447
-0.18054199
0.13159180
0.15869141
0.13708496
0.54931641
0.39111328
-0.00234985
-0.24560547
0.15356445
-0.11120605
0.39257812
-0.37915039
0.39599609
0.39038086
-0.17919922
0.21667480
-0.13842773
-0.28613281
-0.29223633
0.23559570
0.14843750
0.34179688
0.29565430
-0.47753906
-0.25219727
-0.29809570
0.35595703
1.18750000
0.19238281
-0.26220703
-0.20898438
0.00050735
-0.17565918
-0.09735107
0.15722656
-0.09558105
0.41601562
0.00357056
0.34301758
0.29028320
0.37084961
0.41186523
-0.22729492
-0.15698242
-0.23339844
0.28637695
-0.37500000
0.39477539
0.46948242
0.24694824
0.12963867
0.19641113
0.58251953
0.56005859
0.44628906
0.67480469
0.02270508
0.38989258
-0.94873047
0.31250000
-0.67041016
-0.05758667
-0.06677246
-0.19104004
0.03878784
-0.16845703
-0.08380127
-0.14953613
-0.00796509
0.09887695
-0.06591797
-0.13928223
0.05487061
-0.05554199
0.25146484
-0.30615234
0.23645020
0.26806641
-0.12274170
0.15002441
-0.18273926
-0.33203125
-0.22998047
0.08392334
0.04565430
0.19616699
0.11010742
-0.43261719
-0.14147949
-0.32861328
0.34716797
0.91357422
0.11694336
0.17614746
0.20068359
0.18713379
0.20727539
0.17175293
-0.20385742
0.19262695
0.21765137
0.08752441
0.07623291
0.08325195
0.21093750
0.28491211
-0.22998047
-0.01635742
-0.20764160
0.17944336
-0.28686523
0.39379883
0.34375000
0.17163086
0.04293823
0.20605469
0.39624023
0.39111328
0.32128906
0.66894531
-0.20715332
0.45971680
-0.99316406
0.23876953
-0.29663086
-0.12890625
-0.18518066
0.20825195
-0.18798828
0.20605469
0.19177246
0.20336914
-0.42749023
0.26635742
-0.10473633
-0.19030762
0.07666016
-0.08605957
0.12121582
-0.12597656
0.18847656
0.06646729
0.20251465
-0.06420898
-0.28662109
-0.21362305
-0.21105957
0.01879883
0.01782227
0.25927734
0.25219727
-0.32446289
-0.03640747
-0.19458008
0.24902344
1.19140625
0.09509277
-0.02087402
0.05258179
0.08807373
0.08111572
0.13061523
-0.09234619
0.10571289
0.38378906
0.35913086
0.34570312
0.21105957
0.19091797
0.15759277
-0.05172729
-0.07202148
-0.04290771
0.08728027
-0.15197754
0.27929688
0.19262695
0.05749512
-0.05523682
0.14184570
0.30639648
0.38134766
0.30468750
0.41162109
-0.18273926
0.30664062
-0.78125000
0.20275879
-0.56835938
-0.10479736
-0.06237793
0.07000732
-0.09716797
0.09362793
0.10290527
0.09710693
-0.71484375
-0.12841797
-0.37792969
-0.35595703
-0.04620361
-0.19604492
0.19421387
-0.13098145
0.27001953
0.10156250
0.19555664
-0.06628418
-0.31640625
-0.23034668
-0.22790527
0.06494141
0.05065918
0.31030273
0.28417969
-0.38525391
-0.06768799
-0.23742676
0.29882812
1.33691406
0.10742188
-0.07641602
0.01001740
0.06768799
0.04003906
0.09368896
-0.05218506
0.07159424
-0.24645996
0.52294922
0.21435547
0.06506348
0.28247070
0.14660645
0.00991821
-0.16650391
-0.02154541
0.14550781
-0.18347168
0.30590820
0.20898438
0.08050537
-0.00677109
0.14575195
0.38671875
0.45825195
0.35327148
0.49145508
-0.13696289
0.33447266
-0.88085938
0.24255371
-0.66845703
-0.08886719
-0.05346680
0.02757263
-0.07043457
0.05145264
0.07006836
0.05740356
-0.15136719
-0.34155273
-0.34985352
-0.34521484
-0.05755615
-0.25390625
0.33203125
-0.27026367
0.27514648
0.21203613
-0.04699707
0.10778809
-0.20056152
-0.26074219
-0.29321289
0.15893555
0.09399414
0.41455078
0.42553711
-0.41308594
-0.24255371
-0.26220703
0.33007812
1.40722656
0.20556641
-0.33349609
-0.24121094
0.00209427
-0.17272949
0.02539062
0.13476562
-0.05078125
-0.59082031
0.24658203
0.00451660
-0.01428223
0.33935547
0.24731445
-0.06311035
-0.14343262
-0.13146973
0.21618652
-0.29907227
0.36865234
0.46484375
0.16418457
0.07757568
0.19006348
0.52929688
0.60595703
0.52001953
0.46728516
0.09100342
0.38598633
-0.82031250
0.31787109
-0.89453125
-0.14257812
-0.01329803
-0.20361328
0.01337433
-0.13720703
-0.04287720
-0.12066650
0.35791016
-0.12359619
0.00363159
-0.06161499
-0.34570312
-0.42382812
0.49536133
-0.30029297
0.47070312
0.28125000
-0.08599854
0.20861816
-0.17956543
-0.38525391
-0.35766602
0.20458984
0.06616211
0.21887207
0.18786621
-0.52246094
-0.29199219
-0.32519531
0.39794922
0.94677734
0.22644043
-0.15795898
-0.13598633
0.04220581
-0.11004639
-0.07427979
0.09796143
-0.05221558
-0.22045898
-0.17944336
-0.22106934
-0.30151367
0.13586426
0.12097168
0.10693359
-0.34008789
-0.08288574
0.42773438
-0.46875000
0.51562500
0.55078125
0.26025391
0.05157471
0.29370117
0.59082031
0.55371094
0.45166016
0.69384766
-0.09710693
0.41845703
-0.93994141
0.34814453
-0.46801758
-0.07672119
-0.11480713
-0.12158203
-0.00213623
-0.10662842
-0.04086304
-0.09265137
0.58740234
-0.07617188
0.06076050
0.02166748
-0.40356445
-0.46069336
0.45385742
-0.21728516
0.48681641
0.26318359
-0.05639648
0.12988281
-0.23901367
-0.35620117
-0.34350586
0.21142578
0.09887695
0.30468750
0.24963379
-0.54248047
-0.29150391
-0.34716797
0.40722656
1.11132812
0.23510742
-0.20947266
-0.15966797
0.02920532
-0.12963867
-0.07000732
0.11279297
-0.06188965
0.22509766
-0.33862305
-0.28662109
-0.35766602
0.05249023
-0.01501465
0.22070312
-0.39868164
-0.01782227
0.43945312
-0.44580078
0.48095703
0.48999023
0.22998047
0.05450439
0.26342773
0.64013672
0.61718750
0.48217773
0.70166016
-0.01611328
0.42089844
-0.96435547
0.35522461
-0.60693359
-0.08764648
-0.09625244
-0.14331055
0.00881958
-0.12322998
-0.05059814
-0.10711670
0.46118164
0.50585938
0.62207031
0.19335938
-0.74267578
-0.21972656
0.18212891
0.21728516
0.53759766
0.30175781
-0.75488281
0.53027344
0.08996582
-0.20288086
-0.15966797
0.56933594
0.38842773
0.85449219
0.83886719
-0.34960938
-0.48364258
-0.29370117
0.30078125
2.19726562
-0.01623535
-0.77343750
-0.56835938
-0.37475586
-0.44848633
-0.13830566
0.39208984
-0.31860352
1.56542969
-1.11816406
-1.01367188
-0.89501953
0.10571289
-0.21191406
0.49560547
-0.51074219
0.18920898
0.68896484
-0.72167969
0.49731445
0.91308594
0.35498047
0.90625000
-0.03881836
0.68652344
0.78076172
0.78076172
0.60595703
1.03222656
0.52197266
-0.96777344
0.26293945
-1.81542969
0.11022949
0.45117188
-0.49389648
0.34399414
-0.37792969
-0.32226562
-0.37622070
-0.29248047
0.31469727
0.29272461
0.20410156
-0.23291016
-0.23144531
0.23950195
-0.04290771
0.39892578
0.13061523
-0.06616211
0.10876465
-0.26098633
-0.39990234
-0.26831055
0.15234375
0.10681152
0.32373047
0.22485352
-0.54394531
-0.18505859
-0.41796875
0.41503906
1.18847656
0.11145020
0.16857910
0.22363281
0.12017822
0.22436523
0.14819336
-0.21435547
0.17077637
0.35473633
-0.13940430
-0.09997559
-0.20019531
-0.17077637
-0.17687988
0.28417969
-0.33789062
0.11279297
0.42675781
-0.43505859
0.53808594
0.49584961
0.19506836
0.08038330
0.21826172
0.55468750
0.53710938
0.42773438
0.84277344
-0.12384033
0.54150391
-1.16015625
0.27783203
-0.45239258
-0.08233643
-0.09356689
0.22961426
-0.13793945
0.21887207
0.16455078
0.20849609
-0.38403320
0.13342285
0.13684082
0.27319336
-0.25415039
-0.38598633
0.35278320
-0.12976074
0.47656250
0.17309570
0.02099609
0.09765625
-0.25073242
-0.40966797
-0.36621094
0.18286133
0.05468750
0.22558594
0.20288086
-0.54150391
-0.29760742
-0.31494141
0.39965820
0.91992188
0.24890137
-0.14697266
-0.13476562
0.07128906
-0.11016846
-0.07458496
0.09704590
-0.04330444
-0.10406494
0.11633301
0.09948730
-0.04025269
-0.25903320
-0.26171875
0.39453125
-0.45239258
0.07531738
0.49047852
-0.46972656
0.52929688
0.51855469
0.21118164
-0.00488281
0.31298828
0.62548828
0.59619141
0.47509766
0.68945312
-0.10009766
0.40161133
-0.92675781
0.36083984
-0.43041992
-0.09942627
-0.15954590
-0.12121582
-0.02218628
-0.10827637
-0.02955627
-0.09112549
-0.24218750
0.15307617
0.21899414
0.36938477
-0.17700195
-0.25878906
0.19140625
0.02043152
0.45068359
0.10400391
0.07934570
0.02526855
-0.33544922
-0.39794922
-0.35546875
0.17871094
0.05224609
0.27001953
0.23046875
-0.56152344
-0.25610352
-0.35107422
0.42041016
1.20214844
0.21582031
-0.11669922
-0.06274414
0.08166504
-0.03338623
0.00950623
0.02003479
0.01690674
-0.62109375
0.35449219
0.23645020
0.04162598
-0.36083984
-0.37060547
0.44702148
-0.44458008
0.18859863
0.49121094
-0.43945312
0.51855469
0.42919922
0.18579102
0.01248169
0.27783203
0.61083984
0.60107422
0.47705078
0.73291016
-0.10260010
0.45581055
-1.06933594
0.34985352
-0.59326172
-0.11553955
-0.12854004
-0.04473877
-0.05410767
-0.02621460
0.02496338
-0.01551056
0.12127686
-0.04202271
-0.04333496
0.10986328
-0.09881592
-0.28295898
0.27734375
-0.14550781
0.38964844
0.10717773
0.11547852
0.01074219
-0.28247070
-0.41796875
-0.33569336
0.06500244
-0.01330566
0.11791992
0.07019043
-0.48681641
-0.22399902
-0.31225586
0.37695312
0.68212891
0.23718262
0.02430725
0.01954651
0.15844727
0.03668213
0.03237915
-0.04354858
0.07385254
-0.09509277
-0.00801086
0.00023890
0.04544067
-0.19592285
-0.29345703
0.38549805
-0.40991211
0.04187012
0.35839844
-0.35351562
0.50292969
0.42138672
0.13574219
-0.09167480
0.32104492
0.50976562
0.48193359
0.37231445
0.59716797
-0.27172852
0.38305664
-0.83251953
0.32641602
-0.22558594
-0.14379883
-0.22583008
0.03042603
-0.12152100
0.03643799
0.08410645
0.04635620
1.61425781
-1.04101562
-0.30981445
0.58886719
-0.01293945
0.20544434
-0.31518555
0.52197266
0.36376953
0.01367188
-0.46752930
0.37500000
-0.04412842
-0.15405273
-0.21166992
0.52587891
0.27001953
0.69482422
0.72753906
-0.26879883
-0.45410156
-0.18054199
0.25317383
2.05078125
-0.00695801
-0.67431641
-0.47485352
-0.33666992
-0.36303711
-0.05630493
0.30908203
-0.25024414
0.04125977
0.58886719
1.08886719
0.68115234
-0.73535156
-0.33471680
0.47265625
-0.27783203
0.43457031
0.70751953
-0.79638672
0.47167969
0.76074219
0.28784180
0.83251953
-0.02935791
0.55761719
0.69531250
0.73486328
0.40722656
0.93603516
0.42358398
-0.80761719
0.26245117
-1.68554688
0.07165527
0.43505859
-0.40551758
0.29174805
-0.29174805
-0.25732422
-0.29418945
0.10205078
-0.10302734
-0.16430664
-0.01544189
0.16455078
-0.00988770
0.01374054
0.09429932
0.37573242
0.01977539
0.16625977
-0.01232910
-0.28222656
-0.37451172
-0.32983398
0.13708496
0.01562500
0.14831543
0.15539551
-0.47412109
-0.24719238
-0.23547363
0.34301758
0.79052734
0.21215820
-0.21765137
-0.21142578
0.00981140
-0.18786621
-0.14245605
0.17431641
-0.11425781
0.35449219
-0.13623047
-0.00457764
0.25634766
-0.26782227
-0.42480469
0.48559570
-0.42407227
0.22167969
0.43676758
-0.35546875
0.46704102
0.39599609
0.14489746
-0.02764893
0.29272461
0.53466797
0.50927734
0.40332031
0.59375000
-0.10583496
0.31005859
-0.79882812
0.32080078
-0.41284180
-0.04058838
-0.10607910
-0.19970703
0.04315186
-0.18579102
-0.09985352
-0.16748047
-0.18310547
-0.42895508
-0.28222656
0.12988281
0.06469727
0.06982422
-0.04580688
0.10516357
0.10791016
-0.01678467
0.26049805
-0.22131348
-0.34765625
-0.20581055
-0.18334961
0.00027466
-0.02050781
0.21459961
0.20776367
-0.35009766
-0.01342773
-0.21386719
0.27929688
1.25292969
0.09448242
-0.00636292
0.07006836
0.09405518
0.09747314
0.13562012
-0.10693359
0.11560059
0.59667969
-0.25537109
0.27758789
0.27294922
-0.20300293
-0.16455078
0.12207031
-0.11590576
0.17773438
0.10839844
0.03131104
0.17053223
-0.00683594
-0.01757812
-0.08642578
0.12866211
0.29736328
0.39355469
0.30810547
0.39575195
-0.20983887
0.30395508
-0.81542969
0.22827148
-0.58886719
-0.09887695
-0.06683350
0.08721924
-0.10375977
0.10882568
0.11193848
0.11090088
-1.60351562
0.19555664
-1.04492188
-0.47265625
0.58984375
0.37426758
-0.51171875
0.58886719
0.21899414
-0.14465332
-0.32666016
0.31250000
-0.11590576
-0.17431641
-0.25585938
0.52636719
0.25317383
0.67871094
0.71533203
-0.27392578
-0.46289062
-0.18359375
0.25732422
2.05078125
-0.00183105
-0.67382812
-0.47558594
-0.33618164
-0.36328125
-0.05612183
0.30932617
-0.25000000
0.18701172
-1.17968750
-0.43408203
0.76660156
-0.43896484
-0.11920166
0.24658203
-0.05273438
0.52246094
0.69287109
-0.86328125
0.51513672
0.75292969
0.27612305
0.81982422
-0.00830078
0.56542969
0.71142578
0.74658203
0.40405273
0.93164062
0.42236328
-0.80615234
0.27050781
-1.68554688
0.07006836
0.43432617
-0.40600586
0.29150391
-0.29174805
-0.25708008
-0.29443359
0.04745483
-0.10003662
0.09387207
-0.02009583
0.14611816
0.10119629
-0.06103516
0.07788086
0.29028320
-0.06231689
0.19873047
-0.08007812
-0.34936523
-0.47851562
-0.31665039
-0.00317383
-0.07568359
0.05651855
0.06079102
-0.51074219
-0.21545410
-0.32373047
0.37963867
0.50634766
0.23559570
0.17175293
0.15270996
0.21240234
0.16125488
0.12103271
-0.16027832
0.16650391
0.08801270
0.10040283
0.08557129
0.02398682
-0.06762695
-0.37597656
0.44311523
-0.40014648
0.19726562
0.35864258
-0.33105469
0.55126953
0.44897461
0.08105469
-0.22070312
0.35156250
0.46142578
0.44824219
0.37255859
0.60498047
-0.30029297
0.39941406
-0.79736328
0.30517578
-0.03393555
-0.18286133
-0.25390625
0.15991211
-0.19055176
0.15808105
0.17126465
0.16040039
0.20300293
0.21313477
0.06475830
-0.30761719
0.37353516
0.37963867
-0.34375000
0.33886719
0.25048828
-0.13745117
0.23315430
-0.10363770
-0.38110352
-0.42309570
-0.34448242
0.15393066
0.03320312
0.23388672
0.20129395
-0.56884766
-0.27026367
-0.33007812
0.40771484
1.04101562
0.23950195
-0.18322754
-0.15368652
0.05926514
-0.12670898
-0.07543945
0.11175537
-0.05368042
-0.46191406
0.08300781
-0.19372559
-0.02626038
0.09460449
-0.25610352
0.36499023
-0.29125977
0.40673828
0.48339844
-0.37915039
0.50878906
0.40112305
0.11694336
-0.03784180
0.30053711
0.64208984
0.61816406
0.46777344
0.69726562
-0.08996582
0.40112305
-0.96093750
0.35913086
-0.52685547
-0.09606934
-0.14306641
-0.13916016
-0.01142120
-0.12335205
-0.03994751
-0.10516357
1.56152344
0.79541016
0.55273438
-0.87304688
0.70019531
0.36132812
-0.56640625
0.56298828
0.05468750
-0.29541016
-0.17749023
0.24511719
-0.18676758
-0.19335938
-0.29931641
0.52636719
0.23620605
0.66308594
0.70214844
-0.27905273
-0.47167969
-0.18652344
0.26171875
2.04882812
0.00317383
-0.67431641
-0.47631836
-0.33569336
-0.36352539
-0.05590820
0.30957031
-0.25000000
-0.41162109
0.89306641
-0.98779297
-0.21997070
0.22351074
0.15405273
-0.04785156
0.18090820
0.56396484
0.64306641
-0.90625000
0.55029297
0.73876953
0.26318359
0.80517578
0.01281738
0.57275391
0.72607422
0.75878906
0.40039062
0.92724609
0.42089844
-0.80468750
0.27880859
-1.68554688
0.06854248
0.43359375
-0.40649414
0.29101562
-0.29174805
-0.25683594
-0.29443359
0.28466797
-0.02029419
0.16833496
-0.18151855
0.22363281
0.40722656
-0.40039062
0.36914062
0.17260742
-0.16210938
0.27758789
-0.17602539
-0.39184570
-0.40576172
-0.31103516
0.07666016
-0.04199219
0.12255859
0.08740234
-0.52734375
-0.19458008
-0.31689453
0.40429688
0.89453125
0.20190430
0.06372070
0.07971191
0.15759277
0.08721924
0.05728149
-0.08789062
0.10192871
0.29541016
0.22753906
-0.06427002
-0.19128418
0.22680664
-0.04907227
0.22839355
-0.20471191
0.39648438
0.38549805
-0.24926758
0.43017578
0.24853516
0.06433105
-0.08551025
0.29467773
0.50976562
0.51171875
0.39892578
0.61914062
-0.25585938
0.39038086
-0.93310547
0.33642578
-0.31225586
-0.12182617
-0.20458984
0.08551025
-0.13110352
0.08087158
0.10791016
0.08917236
-0.11187744
-0.24194336
0.26220703
-0.08752441
0.13378906
0.41748047
-0.44702148
0.40698242
0.06384277
-0.26464844
0.27880859
-0.13854980
-0.39257812
-0.39355469
-0.32788086
0.12573242
-0.04284668
0.15148926
0.16442871
-0.52734375
-0.25659180
-0.32763672
0.39208984
1.00781250
0.22534180
-0.12890625
-0.08874512
0.06414795
-0.06256104
-0.01152039
0.04928589
-0.00700760
0.52490234
0.18957520
0.08166504
-0.32763672
0.36450195
0.09375000
0.07531738
-0.06311035
0.44482422
0.40332031
-0.32641602
0.45776367
0.30761719
0.09802246
-0.07446289
0.29370117
0.52197266
0.53320312
0.44799805
0.59423828
-0.09936523
0.39794922
-0.89843750
0.34130859
-0.49462891
-0.11364746
-0.11450195
-0.07373047
-0.03485107
-0.05657959
0.00231171
-0.04434204
-1.48828125
-1.19433594
0.91699219
-0.05297852
0.22644043
0.17309570
-0.46337891
0.44775391
-0.11450195
-0.43139648
-0.02246094
0.17358398
-0.25585938
-0.21166992
-0.34155273
0.52587891
0.21875000
0.64599609
0.68945312
-0.28393555
-0.48046875
-0.18957520
0.26611328
2.04882812
0.00817871
-0.67431641
-0.47680664
-0.33520508
-0.36376953
-0.05569458
0.30957031
-0.24987793
0.62792969
0.05834961
0.66308594
-0.89892578
0.69970703
0.35253906
-0.32910156
0.38574219
0.55517578
0.56103516
-0.92285156
0.57714844
0.71728516
0.24853516
0.78808594
0.03387451
0.57910156
0.74072266
0.77050781
0.39697266
0.92285156
0.41967773
-0.80322266
0.28686523
-1.68554688
0.06701660
0.43261719
-0.40698242
0.29077148
-0.29174805
-0.25683594
-0.29467773
-0.93164062
-0.66845703
0.33911133
0.16638184
0.00415039
0.13281250
-0.32104492
0.30126953
-0.09692383
-0.34741211
0.12438965
-0.00787354
-0.36865234
-0.28979492
-0.32031250
0.30322266
0.12976074
0.52490234
0.56982422
-0.37011719
-0.35205078
-0.21801758
0.29418945
1.80761719
0.05206299
-0.40063477
-0.24462891
-0.16540527
-0.16003418
0.04718018
0.12286377
-0.08776855
-0.54931641
-0.46533203
0.68115234
-0.59277344
0.50976562
0.25585938
-0.21301270
0.22546387
0.40283203
0.33618164
-0.58642578
0.53320312
0.59375000
0.14160156
0.41088867
0.12707520
0.54980469
0.70214844
0.68457031
0.53027344
0.54003906
0.44970703
-0.89990234
0.28491211
-1.29394531
-0.01382446
0.24975586
-0.19299316
0.12683105
-0.10968018
-0.09564209
-0.11206055
0.02601624
0.00394440
-0.03747559
0.10144043
-0.09985352
0.26171875
-0.36914062
0.32617188
0.02532959
-0.20300293
0.28442383
-0.23291016
-0.37451172
-0.35888672
-0.25341797
0.02737427
-0.07666016
0.09326172
0.09301758
-0.47802734
-0.12139893
-0.28515625
0.35546875
0.79736328
0.15576172
0.12573242
0.13354492
0.17578125
0.13562012
0.11444092
-0.13391113
0.14282227
-0.13366699
-0.06420898
0.01005554
-0.06353760
0.16577148
0.21582031
0.01287842
-0.08081055
0.32128906
0.24365234
-0.12304688
0.33447266
0.13330078
0.00854492
-0.12585449
0.24841309
0.38623047
0.41992188
0.34057617
0.59277344
-0.25805664
0.37597656
-0.91308594
0.26489258
-0.20910645
-0.12988281
-0.20251465
0.13525391
-0.16113281
0.13110352
0.14599609
0.13586426
0.65576172
0.22460938
-0.22192383
0.34326172
-0.21704102
0.08111572
-0.22631836
0.24890137
-0.14331055
-0.27001953
0.27392578
-0.21777344
-0.39843750
-0.29858398
-0.27539062
0.10394287
-0.01379395
0.25732422
0.26708984
-0.45678711
-0.18969727
-0.28100586
0.35351562
1.33300781
0.15942383
-0.22387695
-0.13684082
-0.01343536
-0.09844971
-0.00999451
0.07958984
-0.04000854
-0.45410156
-0.49731445
0.40209961
-0.20520020
0.27685547
0.28710938
-0.21203613
0.18798828
0.33349609
0.19921875
-0.10632324
0.29052734
0.16186523
0.02722168
-0.00250244
0.20715332
0.48413086
0.57324219
0.47094727
0.47363281
-0.00277710
0.34667969
-0.83056641
0.32373047
-0.77734375
-0.06072998
0.00669098
-0.11553955
0.02249146
-0.08453369
-0.03689575
-0.07318115
0.58886719
0.35058594
-0.27783203
0.35107422
-0.35156250
0.09729004
-0.38330078
0.39941406
-0.12231445
-0.34619141
0.35229492
-0.29370117
-0.47680664
-0.41357422
-0.32714844
0.11047363
-0.01440430
0.23706055
0.19970703
-0.60058594
-0.23889160
-0.37036133
0.45068359
1.22460938
0.22998047
-0.16845703
-0.11541748
0.08056641
-0.08422852
-0.02488708
0.06750488
-0.01170349
0.30615234
-0.07873535
0.06707764
0.04290771
0.18029785
0.44042969
-0.28906250
0.17346191
0.45288086
0.30468750
-0.18505859
0.38110352
0.19921875
0.01110840
-0.05767822
0.28784180
0.64160156
0.66210938
0.49218750
0.66748047
-0.09838867
0.41040039
-1.01562500
0.38598633
-0.63378906
-0.10925293
-0.14379883
-0.09796143
-0.04177856
-0.07867432
-0.00062370
-0.05999756
0.15991211
0.55615234
-0.50830078
0.43750000
-0.37939453
-0.02209473
-0.22351074
0.25781250
-0.16625977
-0.33935547
0.29711914
-0.21069336
-0.47900391
-0.33203125
-0.33496094
0.18261719
0.02343750
0.38134766
0.41992188
-0.49414062
-0.30468750
-0.30371094
0.38525391
1.55566406
0.18518066
-0.36938477
-0.25634766
-0.07348633
-0.18945312
-0.01226807
0.15478516
-0.09210205
0.83300781
0.19836426
-0.03112793
0.09997559
0.15820312
0.35205078
-0.29907227
0.22460938
0.34790039
0.21679688
-0.26049805
0.38989258
0.32714844
0.05657959
0.09051514
0.22387695
0.61376953
0.73437500
0.63085938
0.51660156
0.22180176
0.40283203
-0.88330078
0.36816406
-1.02539062
-0.07672119
0.08123779
-0.21826172
0.07586670
-0.15478516
-0.08856201
-0.14318848
-0.63916016
0.13781738
-0.30859375
0.22363281
-0.42602539
-0.25366211
-0.10949707
0.19335938
-0.33715820
-0.51953125
0.36230469
-0.23095703
-0.46044922
-0.40087891
-0.31835938
0.24084473
0.08142090
0.35839844
0.28466797
-0.57910156
-0.22973633
-0.38378906
0.42724609
1.39062500
0.05657959
0.08593750
0.16857910
0.02146912
0.16821289
0.09399414
-0.15783691
0.10260010
0.49609375
0.60302734
-0.45312500
0.43481445
-0.17260742
0.28417969
-0.45849609
0.40844727
0.40283203
0.25000000
-0.43334961
0.49243164
0.34155273
0.07684326
0.22900391
0.20458984
0.62841797
0.65673828
0.52392578
0.81250000
0.09002686
0.49829102
-1.15234375
0.30078125
-0.65429688
0.00613022
0.02517700
0.17504883
-0.05075073
0.16357422
0.09210205
0.15124512
-0.32592773
0.02911377
-0.13671875
0.15124512
-0.18969727
-0.05371094
-0.21203613
0.26831055
-0.10638428
-0.21777344
0.26074219
-0.32641602
-0.42480469
-0.36108398
-0.22216797
-0.00785828
-0.06286621
0.16088867
0.12219238
-0.51562500
-0.12622070
-0.35864258
0.40820312
1.02636719
0.16833496
0.08666992
0.12854004
0.15563965
0.14770508
0.14086914
-0.15197754
0.15441895
-0.03063965
0.23681641
-0.09130859
0.10742188
0.00421143
0.28491211
-0.23071289
0.11926270
0.27246094
0.14562988
-0.03189087
0.24780273
0.05981445
-0.07604980
-0.13793945
0.22839355
0.45898438
0.50732422
0.38427734
0.55078125
-0.22119141
0.40112305
-0.91308594
0.31201172
-0.39404297
-0.13500977
-0.15563965
0.14233398
-0.15405273
0.15087891
0.15441895
0.15332031
-0.15112305
-0.34448242
0.18750000
-0.14709473
-0.24816895
-0.32348633
-0.04705811
0.19848633
-0.34082031
-0.48339844
0.41870117
-0.34057617
-0.49609375
-0.43505859
-0.31689453
0.09130859
-0.07104492
0.15014648
0.14331055
-0.60546875
-0.26098633
-0.37988281
0.44482422
1.11425781
0.22998047
-0.10522461
-0.05148315
0.08264160
-0.02545166
0.01036835
0.01381683
0.02017212
-0.60498047
0.08245850
-0.26123047
0.35278320
-0.34667969
0.30078125
-0.47509766
0.38427734
0.34179688
0.15539551
-0.16149902
0.38793945
0.17285156
-0.00769043
-0.11572266
0.30786133
0.57177734
0.58544922
0.46826172
0.66455078
-0.10504150
0.44238281
-1.00292969
0.36938477
-0.55273438
-0.12078857
-0.12866211
-0.03607178
-0.05599976
-0.02075195
0.02803040
-0.00997925
0.50488281
-0.62255859
0.35473633
-0.15441895
-0.24035645
-0.27661133
0.06076050
0.05395508
-0.27856445
-0.34350586
0.30371094
-0.27172852
-0.46679688
-0.31494141
-0.31323242
0.13647461
0.00012207
0.36181641
0.38525391
-0.47802734
-0.27832031
-0.31884766
0.38598633
1.63378906
0.13317871
-0.26611328
-0.13830566
-0.05606079
-0.07690430
0.07037354
0.04803467
-0.01698303
-0.67187500
-0.11437988
-0.39453125
0.41772461
-0.29370117
0.11102295
-0.32348633
0.30737305
0.21923828
0.08544922
-0.18261719
0.30761719
0.18933105
-0.00756836
0.11779785
0.19421387
0.53417969
0.69238281
0.61132812
0.51562500
0.23242188
0.43872070
-0.93603516
0.34594727
-1.04785156
-0.06884766
0.10522461
-0.10107422
0.03482056
-0.04232788
-0.02018738
-0.03967285
0.50000000
-0.15234375
0.22631836
-0.21606445
-0.08734131
-0.37597656
0.01511383
0.19311523
-0.31494141
-0.43164062
0.39941406
-0.39575195
-0.51953125
-0.43725586
-0.30419922
0.05902100
-0.07751465
0.17858887
0.15136719
-0.64111328
-0.22314453
-0.42675781
0.48876953
1.20019531
0.23522949
-0.00184631
0.04504395
0.14819336
0.06982422
0.09045410
-0.07879639
0.10302734
0.06951904
-0.24877930
-0.03781128
0.17431641
-0.32104492
0.19067383
-0.45483398
0.36743164
0.30493164
0.12646484
-0.08691406
0.32055664
0.10461426
-0.05712891
-0.13879395
0.30541992
0.60595703
0.63818359
0.49316406
0.67724609
-0.18725586
0.48193359
-1.08886719
0.39257812
-0.51855469
-0.15832520
-0.18066406
0.06146240
-0.12866211
0.07482910
0.10870361
0.08203125
0.66455078
0.38891602
1.05859375
-0.88916016
-0.06689453
-0.27978516
0.43017578
-0.31103516
-0.54394531
-0.74804688
0.58789062
-0.17077637
-0.58544922
-0.36645508
-0.53369141
0.55029297
0.20629883
0.69384766
0.72119141
-0.41162109
-0.56347656
-0.32421875
0.34375000
2.18750000
0.02917480
-0.77539062
-0.57519531
-0.36962891
-0.45141602
-0.13598633
0.39355469
-0.31738281
1.49121094
-1.16406250
0.54101562
0.21789551
-0.74707031
-0.12243652
-0.30639648
0.46020508
0.17004395
0.08154297
-0.86279297
0.70654297
0.70556641
0.18115234
0.74902344
0.14953613
0.76171875
0.92578125
0.89013672
0.56591797
0.99072266
0.50439453
-0.95410156
0.33593750
-1.81347656
0.09576416
0.44335938
-0.49804688
0.34057617
-0.37841797
-0.32055664
-0.37719727
-0.32714844
0.35644531
0.11645508
-0.28149414
0.26025391
-0.28515625
0.22387695
-0.06286621
-0.39746094
-0.42089844
0.36914062
-0.37084961
-0.47021484
-0.36279297
-0.25048828
0.10589600
0.00122070
0.24645996
0.19421387
-0.59375000
-0.13598633
-0.38549805
0.41699219
1.20703125
0.09106445
0.05276489
0.11834717
0.04040527
0.11608887
0.05163574
-0.10614014
0.07257080
0.48730469
-0.19604492
0.30737305
-0.17248535
-0.22192383
-0.13574219
-0.26708984
0.32055664
0.10742188
-0.01269531
-0.09973145
0.27050781
0.08801270
-0.04858398
-0.01428223
0.20422363
0.55468750
0.56640625
0.41162109
0.77636719
-0.06463623
0.44677734
-1.10937500
0.27587891
-0.52441406
-0.01577759
-0.02894592
0.12023926
-0.05007935
0.10760498
0.06768799
0.10168457
-0.56005859
0.35156250
-0.00213623
-0.22497559
0.21215820
-0.32373047
0.25585938
-0.04110718
-0.37353516
-0.41015625
0.34985352
-0.36523438
-0.42211914
-0.36791992
-0.25512695
0.06866455
-0.06860352
0.16821289
0.13928223
-0.57812500
-0.19165039
-0.38378906
0.44384766
1.17089844
0.17810059
-0.01596069
0.03720093
0.10369873
0.05541992
0.06689453
-0.06182861
0.07714844
0.01068115
0.04229736
0.27661133
-0.18212891
-0.22192383
-0.14160156
-0.29345703
0.35839844
0.14294434
0.01916504
-0.03259277
0.20825195
-0.01306152
-0.07629395
-0.08288574
0.24609375
0.52832031
0.57031250
0.44335938
0.61083984
-0.11035156
0.42871094
-1.00683594
0.34619141
-0.54345703
-0.10534668
-0.12274170
0.05029297
-0.09161377
0.05773926
0.08007812
0.06384277
-0.20739746
0.06054688
-0.18872070
-0.08374023
0.32568359
-0.37915039
0.34326172
-0.05206299
-0.42724609
-0.47119141
0.44384766
-0.42724609
-0.55664062
-0.44213867
-0.29931641
0.03585815
-0.11730957
0.09057617
0.12438965
-0.58642578
-0.27319336
-0.33300781
0.41943359
0.88281250
0.26708984
-0.15844727
-0.13073730
0.07531738
-0.09777832
-0.03665161
0.07946777
-0.02352905
-0.43896484
0.22338867
0.12683105
-0.28295898
-0.12420654
-0.20690918
-0.31884766
0.41088867
0.12646484
-0.06005859
0.00109863
0.32568359
0.16381836
-0.07128906
-0.20312500
0.33813477
0.56591797
0.58056641
0.46533203
0.58349609
-0.11267090
0.36279297
-0.83789062
0.37451172
-0.45849609
-0.13122559
-0.14672852
-0.11193848
-0.03408813
-0.08905029
-0.01129913
-0.07348633
0.27563477
-0.03112793
-0.25024414
-0.04742432
0.36547852
-0.33618164
0.38891602
-0.10003662
-0.43261719
-0.47094727
0.45727539
-0.44628906
-0.63427734
-0.43457031
-0.35229492
0.09808350
-0.08679199
0.23107910
0.26708984
-0.61230469
-0.32226562
-0.36914062
0.44897461
1.25390625
0.29345703
-0.32177734
-0.25830078
0.02154541
-0.20300293
-0.05468750
0.17077637
-0.08514404
-0.57617188
0.32348633
0.12280273
-0.32519531
-0.09631348
-0.28637695
-0.25488281
0.39941406
0.09729004
-0.07543945
-0.00646973
0.31787109
0.19018555
-0.05987549
-0.13159180
0.33496094
0.69482422
0.76123047
0.60156250
0.58544922
0.00909424
0.40722656
-0.91162109
0.42675781
-0.76074219
-0.14270020
-0.08514404
-0.22875977
0.01910400
-0.18017578
-0.07153320
-0.15905762
1.04003906
-0.53271484
-0.58886719
0.17675781
0.42895508
-0.06591797
0.41430664
-0.31005859
-0.44531250
-0.41772461
0.38623047
-0.36083984
-0.53320312
-0.32397461
-0.35791016
0.18969727
-0.00927734
0.34985352
0.40185547
-0.53027344
-0.32519531
-0.28710938
0.39111328
1.66992188
0.19104004
-0.55029297
-0.42041016
-0.16577148
-0.34887695
-0.14331055
0.30883789
-0.22363281
-0.10559082
0.44140625
-0.07031250
-0.47875977
0.08666992
-0.38232422
0.00036621
0.25097656
-0.07043457
-0.14794922
0.00427246
0.22497559
0.11035156
-0.02301025
0.06188965
0.24230957
0.67187500
0.79345703
0.65136719
0.54882812
0.28784180
0.36279297
-0.90527344
0.39721680
-1.19726562
-0.01132202
0.14318848
-0.38183594
0.18444824
-0.31518555
-0.21533203
-0.29467773
0.11096191
-0.06665039
-0.02011108
0.11242676
0.21728516
-0.22045898
0.39086914
-0.07287598
-0.37329102
-0.35253906
0.36840820
-0.49267578
-0.53906250
-0.44604492
-0.26831055
-0.05889893
-0.15417480
0.02844238
0.03149414
-0.58593750
-0.20373535
-0.36547852
0.44335938
0.77392578
0.22216797
0.07073975
0.08166504
0.15405273
0.09356689
0.06604004
-0.09484863
0.10443115
0.18103027
-0.04351807
-0.06427002
-0.11840820
0.07708740
-0.31201172
-0.21203613
0.39868164
0.09088135
-0.09423828
0.11181641
0.23767090
0.05932617
-0.15478516
-0.24023438
0.33227539
0.49072266
0.51025391
0.40576172
0.59423828
-0.28271484
0.40869141
-0.90380859
0.35498047
-0.25659180
-0.13110352
-0.19750977
0.08996582
-0.13085938
0.09094238
0.11041260
0.09521484
-0.51123047
-0.75927734
-0.27709961
0.85400391
0.57812500
0.24389648
0.44287109
-0.59082031
-0.51464844
-0.64208984
0.77148438
-0.27099609
-0.60205078
-0.29565430
-0.57226562
0.50244141
0.11157227
0.54052734
0.60839844
-0.31347656
-0.53222656
-0.20727539
0.29150391
2.04101562
0.03857422
-0.67529297
-0.48120117
-0.33203125
-0.36547852
-0.05444336
0.31054688
-0.24914551
1.53222656
-0.92382812
-1.09667969
-0.28515625
0.45507812
-0.30761719
0.35620117
0.01806641
-0.23754883
-0.29809570
-0.50781250
0.53808594
0.46630859
0.13867188
0.64062500
0.15783691
0.60888672
0.82080078
0.83642578
0.37451172
0.89453125
0.41088867
-0.79443359
0.33618164
-1.68457031
0.05789185
0.42773438
-0.40966797
0.28881836
-0.29223633
-0.25585938
-0.29516602
-0.26977539
-0.03878784
0.00424194
0.17260742
0.11645508
0.00024414
0.37719727
-0.17846680
-0.34814453
-0.29345703
0.26538086
-0.45068359
-0.42749023
-0.37573242
-0.20617676
-0.06445312
-0.14025879
0.06311035
0.03283691
-0.59570312
-0.13891602
-0.39599609
0.45678711
0.91357422
0.18554688
0.15246582
0.17993164
0.18652344
0.18420410
0.13269043
-0.18066406
0.17260742
0.09240723
-0.16528320
-0.11035156
-0.01184082
0.18261719
-0.33544922
-0.03353882
0.29882812
-0.01181030
-0.11437988
0.16406250
0.09045410
-0.10449219
-0.18383789
-0.21582031
0.26562500
0.45703125
0.50390625
0.37597656
0.60644531
-0.27880859
0.42041016
-0.96728516
0.33984375
-0.29125977
-0.13610840
-0.20288086
0.18530273
-0.17761230
0.17761230
0.17407227
0.17956543
-1.18066406
0.86718750
0.87011719
0.78125000
0.19726562
0.35742188
0.29125977
-0.57470703
-0.45703125
-0.58984375
0.82324219
-0.31567383
-0.63037109
-0.30200195
-0.59472656
0.49804688
0.09942627
0.52832031
0.59912109
-0.31640625
-0.53808594
-0.20910645
0.29443359
2.04101562
0.04211426
-0.67529297
-0.48168945
-0.33154297
-0.36572266
-0.05432129
0.31030273
-0.24902344
-1.10253906
-0.82226562
-0.72363281
0.44824219
0.70849609
-0.16223145
0.48803711
-0.13830566
-0.33471680
-0.39038086
-0.41894531
0.51318359
0.42749023
0.12451172
0.62011719
0.17114258
0.61132812
0.82958984
0.84326172
0.37182617
0.89062500
0.41015625
-0.79345703
0.34130859
-1.68554688
0.05688477
0.42724609
-0.40991211
0.28857422
-0.29223633
-0.25537109
-0.29516602
0.12145996
0.81005859
0.74414062
0.40502930
-0.01684570
0.25976562
0.20776367
-0.37109375
-0.32592773
-0.35986328
0.58251953
-0.40332031
-0.64843750
-0.32250977
-0.44335938
0.25903320
0.01818848
0.41455078
0.48925781
-0.41357422
-0.38574219
-0.23901367
0.32617188
1.79785156
0.07781982
-0.40039062
-0.24743652
-0.16369629
-0.16088867
0.04772949
0.12316895
-0.08752441
-1.07519531
-0.08300781
-0.15942383
0.46411133
0.50976562
-0.12493896
0.32421875
-0.06298828
-0.25585938
-0.32250977
-0.14062500
0.34863281
0.26123047
-0.00628662
0.27343750
0.20251465
0.56445312
0.77294922
0.74365234
0.49731445
0.51660156
0.43872070
-0.88867188
0.33300781
-1.29296875
-0.01983643
0.24694824
-0.19433594
0.12585449
-0.10943604
-0.09515381
-0.11230469
0.32446289
0.16528320
0.14624023
0.05859375
-0.12243652
0.22949219
0.35668945
-0.30957031
-0.35766602
-0.29541016
0.33959961
-0.53076172
-0.54833984
-0.41528320
-0.25927734
-0.02287292
-0.12451172
0.12084961
0.09875488
-0.65136719
-0.20971680
-0.40771484
0.47216797
0.99755859
0.19287109
0.07775879
0.11535645
0.14538574
0.12524414
0.08160400
-0.12420654
0.12164307
-0.16650391
0.11193848
0.05303955
0.20959473
0.22241211
-0.26220703
0.19311523
0.19006348
-0.15917969
-0.24194336
0.18212891
0.11206055
-0.04028320
-0.20593262
-0.18493652
0.30029297
0.58740234
0.62060547
0.45678711
0.68896484
-0.17199707
0.44238281
-1.01074219
0.36083984
-0.38769531
-0.11218262
-0.17028809
0.12365723
-0.13208008
0.11932373
0.12408447
0.12390137
0.34619141
-0.01309204
0.07177734
-0.08074951
-0.23278809
0.35498047
0.29785156
-0.37011719
-0.34960938
-0.32324219
0.29150391
-0.42529297
-0.45458984
-0.34570312
-0.24267578
0.04867554
-0.11511230
0.10827637
0.12060547
-0.57373047
-0.18750000
-0.30053711
0.39770508
0.96191406
0.21533203
-0.15954590
-0.13891602
0.06658936
-0.11547852
-0.07073975
0.10144043
-0.04382324
0.30200195
0.21374512
0.15795898
0.23254395
0.20043945
-0.19360352
0.30834961
0.11846924
-0.21166992
-0.25976562
0.21093750
0.06774902
-0.06579590
-0.13098145
-0.16992188
0.28198242
0.56396484
0.58496094
0.41894531
0.57470703
-0.14404297
0.32055664
-0.87255859
0.34570312
-0.46582031
-0.08532715
-0.14746094
-0.12597656
-0.01976013
-0.11328125
-0.03118896
-0.09460449
0.09448242
-0.13989258
0.21325684
-0.06274414
-0.18713379
0.21899414
0.06469727
-0.19653320
-0.14721680
-0.09179688
-0.00299072
-0.28808594
-0.26611328
-0.19335938
-0.16333008
-0.04223633
-0.12030029
0.14282227
0.17919922
-0.45751953
-0.05474854
-0.27441406
0.37011719
1.33789062
0.12316895
-0.00180054
0.08673096
0.08374023
0.11175537
0.14282227
-0.11993408
0.11999512
0.71630859
0.53222656
0.37036133
0.33837891
0.17639160
-0.01715088
0.17028809
-0.04183960
-0.21240234
-0.13940430
0.25097656
-0.12841797
-0.26831055
-0.16625977
-0.14990234
0.15270996
0.33886719
0.51464844
0.41772461
0.40307617
-0.15063477
0.32934570
-0.86083984
0.31762695
-0.64892578
-0.09759521
-0.04721069
0.10339355
-0.09918213
0.12182617
0.11480713
0.12255859
-0.43579102
-0.29052734
-0.11914062
-0.24182129
-0.30297852
0.39453125
0.15344238
-0.38818359
-0.28759766
-0.25390625
0.22351074
-0.41479492
-0.37255859
-0.33203125
-0.22485352
-0.01269531
-0.16870117
0.05139160
0.05895996
-0.61035156
-0.18261719
-0.38134766
0.46875000
1.04492188
0.22070312
-0.05126953
-0.00979614
0.09863281
0.00465012
0.01853943
-0.01133728
0.03903198
0.24438477
0.06378174
0.18872070
0.12768555
0.03283691
0.02368164
0.38940430
-0.00909424
-0.28662109
-0.29541016
0.25927734
-0.02490234
-0.19970703
-0.17907715
-0.20837402
0.28027344
0.49121094
0.55371094
0.42529297
0.54882812
-0.19238281
0.38110352
-0.94238281
0.38354492
-0.47094727
-0.10693359
-0.14392090
-0.00112152
-0.07263184
0.00358963
0.04629517
0.01419830
-0.70996094
-0.52636719
-0.34179688
-0.37792969
-0.36596680
0.31347656
0.04458618
-0.29199219
-0.19995117
-0.18090820
0.28662109
-0.39941406
-0.52197266
-0.28564453
-0.31176758
0.06457520
-0.11816406
0.22631836
0.31201172
-0.49658203
-0.27270508
-0.29687500
0.39672852
1.48437500
0.19995117
-0.28686523
-0.18041992
-0.03930664
-0.12097168
0.03872681
0.09075928
-0.04074097
-0.27832031
-0.18579102
0.31738281
0.16455078
0.03686523
0.09118652
0.33251953
-0.08599854
-0.27368164
-0.29028320
0.17797852
0.04858398
-0.07287598
-0.12011719
-0.06427002
0.24206543
0.52441406
0.72753906
0.64160156
0.41577148
0.13842773
0.37524414
-0.82373047
0.39746094
-0.94482422
-0.10028076
0.06005859
-0.14685059
0.03460693
-0.08911133
-0.03921509
-0.08117676
-0.06506348
-0.11364746
-0.53515625
-0.42285156
-0.33886719
0.20703125
-0.16528320
-0.31884766
-0.17736816
-0.24768066
0.53906250
-0.52734375
-0.57324219
-0.38916016
-0.37988281
0.17480469
-0.05139160
0.25073242
0.22082520
-0.64843750
-0.23535156
-0.40820312
0.46997070
1.38085938
0.07025146
0.08587646
0.16821289
0.01991272
0.16857910
0.09320068
-0.15808105
0.10217285
-0.80664062
-0.60791016
-0.11724854
-0.24584961
-0.31079102
0.31958008
0.44140625
-0.32006836
-0.49414062
-0.52050781
0.17065430
0.13269043
-0.01452637
-0.12402344
0.09704590
0.26318359
0.63183594
0.70507812
0.55371094
0.75781250
0.07458496
0.47851562
-1.13574219
0.33984375
-0.65283203
0.00748062
0.02716064
0.17529297
-0.04962158
0.16406250
0.09143066
0.15148926
0.52148438
0.23156738
-0.23327637
-0.18566895
-0.16406250
0.17211914
-0.14709473
-0.26806641
-0.12182617
-0.16821289
0.30859375
-0.42626953
-0.42065430
-0.30078125
-0.25366211
0.07086182
-0.08178711
0.18066406
0.15844727
-0.63818359
-0.14331055
-0.39038086
0.44970703
1.24218750
0.11096191
-0.02804565
0.03997803
0.01919556
0.04092407
0.00407410
-0.03543091
0.02192688
-0.39013672
-0.36328125
-0.26147461
-0.32763672
-0.35595703
0.31469727
0.35668945
-0.24145508
-0.41308594
-0.40014648
0.22277832
-0.02648926
-0.15747070
-0.16931152
-0.06048584
0.22119141
0.56591797
0.61035156
0.43798828
0.71533203
-0.03942871
0.41601562
-1.09472656
0.31884766
-0.59033203
-0.00529861
-0.02684021
0.04306030
-0.01704407
0.03405762
0.02038574
0.03372192
0.44018555
0.31884766
-0.16845703
-0.15673828
-0.14355469
0.13012695
-0.02658081
-0.21057129
-0.11132812
-0.13061523
0.04415894
-0.26904297
-0.15161133
-0.18041992
-0.13061523
-0.05010986
-0.09863281
0.10601807
0.02783203
-0.54345703
0.06811523
-0.40136719
0.43334961
1.11328125
0.06246948
0.28100586
0.33032227
0.19592285
0.31860352
0.21887207
-0.30200195
0.25244141
0.13012695
-0.19372559
-0.20764160
-0.17272949
-0.15234375
0.16308594
0.22900391
-0.08728027
-0.23828125
-0.17968750
0.18469238
-0.18591309
-0.31396484
-0.21716309
-0.09649658
0.11395264
0.34130859
0.41918945
0.25976562
0.55859375
-0.33325195
0.39892578
-1.03710938
0.26757812
-0.35327148
-0.08422852
-0.16040039
0.32958984
-0.21557617
0.30737305
0.24414062
0.29589844
0.10131836
0.32324219
-0.00207520
-0.05474854
-0.08544922
0.12573242
-0.11889648
-0.24682617
-0.09796143
-0.12976074
-0.03070068
-0.27563477
-0.17639160
-0.20532227
-0.14306641
-0.04537964
-0.14819336
0.06555176
0.04785156
-0.56542969
0.00701904
-0.36425781
0.44238281
1.04980469
0.16064453
0.03485107
0.07183838
0.14978027
0.07702637
0.06268311
-0.07720947
0.09631348
0.56103516
0.11224365
-0.26293945
-0.26660156
-0.24194336
0.27685547
0.27392578
-0.16162109
-0.30639648
-0.22265625
0.26074219
-0.20703125
-0.33813477
-0.21289062
-0.18981934
0.17956543
0.41357422
0.49218750
0.31713867
0.49731445
-0.30541992
0.31689453
-0.93310547
0.33178711
-0.41699219
-0.09649658
-0.18774414
0.07543945
-0.12536621
0.07135010
0.10168457
0.07946777
-0.16137695
0.04751587
0.01243591
0.00701904
-0.05731201
0.17309570
-0.18676758
-0.35791016
-0.17309570
-0.15502930
0.20874023
-0.45996094
-0.46289062
-0.32885742
-0.20312500
-0.06262207
-0.20190430
0.02392578
0.03710938
-0.58935547
-0.21923828
-0.37963867
0.45336914
0.92285156
0.26538086
-0.13891602
-0.11688232
0.10302734
-0.08221436
-0.01388550
0.06298828
-0.00182152
0.17187500
0.06732178
-0.06262207
-0.16308594
-0.25903320
0.35571289
0.39892578
-0.19287109
-0.34301758
-0.36035156
0.29516602
-0.07409668
-0.16906738
-0.24914551
-0.25195312
0.29663086
0.51123047
0.56542969
0.43115234
0.47412109
-0.20898438
0.36547852
-0.83007812
0.39843750
-0.46142578
-0.14123535
-0.17456055
-0.09753418
-0.05996704
-0.07287598
0.01113892
-0.05612183
-0.68359375
-0.05847168
0.36352539
0.16455078
0.05126953
-0.01281738
-0.23693848
-0.13916016
-0.00695801
-0.02368164
0.18896484
-0.43774414
-0.51074219
-0.28906250
-0.27978516
0.02032471
-0.15747070
0.17089844
0.25585938
-0.53564453
-0.27490234
-0.32177734
0.41723633
1.40917969
0.20214844
-0.26806641
-0.16992188
-0.02203369
-0.10705566
0.04406738
0.07678223
-0.02664185
-0.05944824
0.48144531
-0.21667480
-0.33300781
-0.30615234
0.28149414
0.18713379
-0.23889160
-0.32031250
-0.31835938
0.27124023
-0.06555176
-0.17590332
-0.19775391
-0.12866211
0.25415039
0.50878906
0.70263672
0.61523438
0.45312500
0.09661865
0.39184570
-0.84960938
0.39892578
-0.89208984
-0.10302734
0.03848267
-0.13354492
0.01914978
-0.07458496
-0.02503967
-0.06671143
-0.11157227
-0.20654297
0.12182617
0.29541016
0.30249023
-0.14294434
-0.42407227
-0.20776367
0.00231934
-0.01184082
0.24780273
-0.53515625
-0.51757812
-0.37158203
-0.22668457
-0.05236816
-0.21411133
-0.02246094
0.01757812
-0.62744141
-0.23352051
-0.36914062
0.46118164
0.81103516
0.22021484
-0.01351166
0.01164246
0.08007812
0.01885986
0.00025916
-0.02006531
0.03086853
-0.36767578
0.01240540
0.15820312
0.02532959
-0.18640137
0.40136719
0.24865723
-0.38110352
-0.45336914
-0.47998047
0.38037109
-0.06225586
-0.16821289
-0.25195312
-0.24719238
0.32763672
0.48217773
0.51660156
0.42968750
0.55761719
-0.18652344
0.37744141
-0.87011719
0.37402344
-0.33081055
-0.08862305
-0.12548828
0.01605225
-0.05746460
0.01399994
0.03671265
0.02067566
0.32885742
-0.19641113
0.06231689
0.28417969
0.34716797
-0.23547363
-0.43237305
-0.15197754
0.03942871
-0.02075195
0.15454102
-0.44287109
-0.43725586
-0.31225586
-0.23010254
-0.00683594
-0.19201660
0.05200195
0.11437988
-0.61035156
-0.21862793
-0.30908203
0.42822266
0.97998047
0.22924805
-0.18566895
-0.16162109
0.07147217
-0.13562012
-0.06018066
0.11822510
-0.04818726
-0.36889648
-0.12976074
0.19958496
0.11450195
-0.12817383
0.37060547
0.16186523
-0.38012695
-0.43115234
-0.44653320
0.36010742
-0.12304688
-0.21813965
-0.23120117
-0.21398926
0.29541016
0.52148438
0.60058594
0.47314453
0.55419922
-0.09399414
0.33544922
-0.89257812
0.37060547
-0.50097656
-0.10485840
-0.15527344
-0.14880371
-0.02220154
-0.12963867
-0.03405762
-0.10931396
0.35571289
-0.21862793
0.17224121
0.21545410
0.15356445
-0.11315918
-0.25610352
-0.18212891
-0.00743103
-0.01721191
-0.06933594
-0.31542969
-0.30761719
-0.20288086
-0.10522461
-0.12939453
-0.21191406
0.02026367
0.07702637
-0.49560547
-0.08319092
-0.29321289
0.39794922
1.03125000
0.21740723
-0.00280762
0.03823853
0.15124512
0.07159424
0.12792969
-0.08630371
0.12030029
-0.05957031
-0.08251953
0.08386230
-0.06506348
-0.16674805
0.28662109
0.16674805
-0.22766113
-0.27148438
-0.21997070
0.25219727
-0.21911621
-0.29785156
-0.27148438
-0.29077148
0.20434570
0.34521484
0.50341797
0.40722656
0.35668945
-0.29101562
0.31884766
-0.77490234
0.36328125
-0.44458008
-0.17041016
-0.16052246
0.05722046
-0.14001465
0.08386230
0.12353516
0.09252930
0.21484375
0.04727173
-0.09881592
0.11291504
0.33276367
-0.36035156
-0.45458984
-0.05899048
0.13122559
0.07604980
0.11682129
-0.49169922
-0.48242188
-0.32958984
-0.17333984
-0.08563232
-0.24145508
0.00683594
0.05541992
-0.67382812
-0.20507812
-0.39086914
0.48510742
0.95605469
0.24731445
0.03149414
0.06304932
0.16345215
0.08032227
0.09045410
-0.08715820
0.11193848
0.33056641
-0.19702148
0.13610840
0.24365234
0.10015869
0.23217773
0.01951599
-0.40063477
-0.41259766
-0.44433594
0.39868164
-0.19250488
-0.28173828
-0.30444336
-0.30712891
0.30761719
0.50390625
0.59375000
0.47143555
0.57421875
-0.22558594
0.40454102
-0.93505859
0.39501953
-0.37109375
-0.16882324
-0.20141602
0.07354736
-0.14099121
0.08154297
0.11791992
0.09033203
-0.38427734
0.53027344
-0.49462891
-0.01525879
0.33227539
-0.37109375
-0.39794922
0.23620605
0.32006836
0.17358398
0.36474609
-0.53564453
-0.54052734
-0.34912109
-0.39111328
0.13830566
-0.11419678
0.19726562
0.18933105
-0.67968750
-0.23754883
-0.41943359
0.49023438
1.37695312
0.07678223
0.08581543
0.16796875
0.01916504
0.16882324
0.09283447
-0.15832520
0.10198975
0.71240234
-0.31787109
0.23559570
0.48876953
0.31762695
-0.08520508
-0.25268555
-0.38525391
-0.41674805
-0.54980469
0.43139648
-0.09460449
-0.19213867
-0.21191406
0.02832031
0.28393555
0.62353516
0.72167969
0.56542969
0.73046875
0.06713867
0.46875000
-1.12792969
0.35815430
-0.65234375
0.00812531
0.02810669
0.17529297
-0.04907227
0.16430664
0.09112549
0.15161133
-0.71582031
0.44433594
-0.37231445
-0.09808350
0.25585938
-0.39648438
-0.38940430
0.14575195
0.24389648
0.10821533
0.08465576
-0.37329102
-0.30419922
-0.27636719
-0.23754883
0.00787354
-0.20410156
0.05676270
0.07543945
-0.64599609
-0.20153809
-0.39843750
0.49658203
1.11523438
0.19482422
-0.01184845
0.03186035
0.09497070
0.04296875
0.03466797
-0.04595947
0.05920410
0.06033325
0.04931641
0.00732422
0.36450195
0.27539062
-0.04504395
-0.21179199
-0.38403320
-0.37866211
-0.43115234
0.35693359
-0.20898438
-0.30664062
-0.26000977
-0.16333008
0.27758789
0.52197266
0.62841797
0.48046875
0.54248047
-0.10864258
0.37695312
-0.95800781
0.40087891
-0.51074219
-0.08453369
-0.12396240
0.04055786
-0.07763672
0.04025269
0.06280518
0.04797363
-0.39624023
0.20446777
-0.24853516
-0.29101562
0.10644531
-0.39990234
-0.34130859
0.21081543
0.31494141
0.19738770
0.08782959
-0.40405273
-0.40014648
-0.28662109
-0.25463867
0.02325439
-0.20642090
0.06384277
0.13134766
-0.63134766
-0.25195312
-0.35034180
0.45483398
1.15820312
0.23242188
-0.25952148
-0.20654297
0.00534439
-0.17651367
-0.09490967
0.15795898
-0.09436035
-0.56347656
0.33349609
-0.23657227
0.24499512
0.38696289
-0.14831543
-0.29907227
-0.35205078
-0.33471680
-0.44189453
0.40600586
-0.19873047
-0.28149414
-0.24670410
-0.19335938
0.30566406
0.56445312
0.65283203
0.51855469
0.53369141
-0.02520752
0.34350586
-0.90576172
0.40625000
-0.65771484
-0.06933594
-0.07379150
-0.19091797
0.03546143
-0.16979980
-0.08209229
-0.15026855
0.19934082
-0.02679443
-0.08300781
-0.29370117
-0.03082275
-0.35449219
-0.29174805
0.19873047
0.31909180
0.19885254
-0.06127930
-0.35327148
-0.28149414
-0.26416016
-0.16430664
-0.06750488
-0.24536133
0.01013184
0.05578613
-0.70019531
-0.15844727
-0.40844727
0.51269531
1.12988281
0.22216797
-0.00238800
0.04681396
0.13037109
0.05758667
0.05844116
-0.06176758
0.08251953
-0.53955078
0.32788086
-0.24060059
0.10137939
0.34179688
-0.21313477
-0.29565430
-0.32861328
-0.29248047
-0.35961914
0.36547852
-0.29345703
-0.37817383
-0.30590820
-0.27905273
0.28198242
0.49755859
0.59814453
0.45410156
0.59375000
-0.21484375
0.39990234
-1.03906250
0.40600586
-0.46752930
-0.12158203
-0.16784668
0.05358887
-0.10894775
0.05453491
0.08776855
0.06463623
0.82519531
-0.41967773
-0.04321289
-0.48583984
-0.01196289
-0.19470215
-0.14160156
0.27368164
0.31591797
0.22680664
0.17578125
-0.41894531
-0.52099609
-0.25634766
-0.37695312
0.08618164
-0.15051270
0.21704102
0.32421875
-0.52441406
-0.30273438
-0.31591797
0.41186523
1.58984375
0.13659668
-0.23083496
-0.10876465
-0.06689453
-0.05285645
0.07690430
0.02836609
-0.00913239
-0.28466797
0.54003906
-0.59912109
0.12072754
0.43115234
-0.24047852
-0.32031250
-0.18603516
-0.21533203
-0.33544922
0.38378906
-0.15209961
-0.25927734
-0.18676758
-0.03259277
0.24902344
0.52050781
0.79443359
0.71777344
0.45849609
0.25000000
0.39038086
-0.87744141
0.39477539
-1.01269531
-0.05462646
0.12792969
-0.07421875
0.03906250
-0.01983643
-0.01520538
-0.02111816
0.23986816
-0.16735840
0.13476562
-0.22656250
-0.14794922
-0.31494141
-0.29296875
0.22656250
0.32421875
0.24157715
-0.00439453
-0.50488281
-0.53759766
-0.32666016
-0.22692871
-0.09289551
-0.26953125
0.00048828
0.06018066
-0.71533203
-0.24938965
-0.39453125
0.50878906
0.94677734
0.24353027
-0.14221191
-0.11883545
0.04327393
-0.09881592
-0.08612061
0.08917236
-0.05102539
0.30541992
-0.05731201
-0.08587646
-0.10534668
0.26806641
-0.28002930
-0.40136719
-0.38696289
-0.32373047
-0.38574219
0.44824219
-0.30859375
-0.34375000
-0.37207031
-0.29492188
0.34790039
0.61035156
0.67871094
0.51562500
0.60302734
-0.16748047
0.37255859
-0.93115234
0.42724609
-0.46508789
-0.06042480
-0.11901855
-0.10797119
-0.00174522
-0.09936523
-0.03979492
-0.08544922
-0.26806641
-0.89208984
1.10253906
-0.70751953
-0.42675781
0.04467773
0.18566895
0.54882812
0.55273438
0.49584961
0.70751953
-0.72705078
-0.90917969
-0.39062500
-0.85351562
0.43920898
-0.04376221
0.45385742
0.54980469
-0.48388672
-0.66064453
-0.36132812
0.39721680
2.16992188
0.08728027
-0.77734375
-0.58300781
-0.36303711
-0.45458984
-0.13305664
0.39501953
-0.31591797
1.61035156
-0.84277344
-0.44360352
-0.58056641
0.61718750
-0.30224609
-0.49414062
0.08276367
-0.13793945
-0.56542969
0.76757812
-0.01150513
-0.12207031
-0.12078857
0.34350586
0.36425781
0.78808594
1.06347656
1.00488281
0.50585938
0.92871094
0.47802734
-0.93261719
0.42895508
-1.81250000
0.07708740
0.43261719
-0.50292969
0.33618164
-0.37963867
-0.31811523
-0.37866211
-0.56982422
-0.16137695
0.39453125
-0.22375488
-0.21203613
-0.02984619
-0.01239014
0.21508789
0.26123047
0.18310547
-0.06427002
-0.22460938
-0.27734375
-0.15039062
-0.17578125
-0.02890015
-0.16845703
0.11621094
0.19213867
-0.47900391
-0.13989258
-0.29541016
0.37646484
1.34375000
0.15783691
-0.13793945
-0.04022217
0.00908661
0.00320816
0.09631348
-0.02163696
0.03945923
0.29980469
-0.46069336
-0.04553223
-0.24731445
0.17443848
-0.24267578
-0.24938965
-0.10308838
-0.09674072
-0.17578125
0.23413086
-0.24243164
-0.32543945
-0.20202637
-0.15588379
0.17163086
0.39599609
0.60449219
0.51025391
0.38110352
-0.02709961
0.33422852
-0.80468750
0.35205078
-0.77734375
-0.09277344
0.02767944
-0.01418304
-0.02494812
0.02572632
0.03659058
0.02670288
-0.56445312
0.31005859
0.28369141
0.09936523
-0.38085938
0.15722656
0.13244629
0.36499023
0.43701172
0.37133789
0.07397461
-0.37695312
-0.35913086
-0.24414062
-0.28369141
0.05731201
-0.16552734
0.11523438
0.12622070
-0.67089844
-0.17919922
-0.41503906
0.49121094
1.24316406
0.08215332
0.11169434
0.18273926
0.03842163
0.18237305
0.10266113
-0.17065430
0.11602783
-0.36669922
-0.40405273
0.32763672
-0.38696289
-0.06530762
-0.29516602
-0.36230469
-0.00634766
-0.05004883
-0.28491211
0.43872070
-0.28271484
-0.33032227
-0.27832031
-0.07122803
0.24584961
0.52636719
0.63476562
0.49316406
0.64404297
0.00292969
0.42919922
-1.05273438
0.34472656
-0.55029297
-0.00591278
0.00535583
0.18823242
-0.06652832
0.17663574
0.10552979
0.16430664
-0.01080322
0.24291992
0.05236816
0.11230469
-0.25805664
0.12030029
0.08483887
0.33984375
0.38037109
0.30224609
-0.10559082
-0.27221680
-0.21789551
-0.20275879
-0.12536621
-0.07470703
-0.24108887
0.00280762
0.02856445
-0.66894531
-0.14721680
-0.41015625
0.49951172
1.06054688
0.19873047
0.06378174
0.10357666
0.14025879
0.11322021
0.09289551
-0.11401367
0.11785889
-0.42285156
-0.07312012
0.17358398
-0.19335938
-0.08453369
-0.33007812
-0.38012695
-0.10925293
-0.09173584
-0.25439453
0.32666016
-0.33886719
-0.37622070
-0.32812500
-0.24194336
0.24499512
0.46386719
0.56152344
0.42456055
0.54443359
-0.20910645
0.39697266
-0.97705078
0.38623047
-0.42016602
-0.12243652
-0.16064453
0.11157227
-0.12890625
0.10998535
0.11993408
0.11407471
0.43041992
0.15283203
-0.15649414
0.29003906
-0.26977539
0.22045898
0.19165039
0.41748047
0.46948242
0.42260742
-0.13574219
-0.36938477
-0.33789062
-0.26611328
-0.14990234
-0.08190918
-0.28369141
-0.03869629
0.04357910
-0.71728516
-0.20971680
-0.37451172
0.49829102
0.94824219
0.22790527
-0.08532715
-0.06066895
0.08612061
-0.04388428
-0.02125549
0.03503418
0.00301743
-0.21215820
0.18896484
0.16101074
-0.10815430
-0.25390625
-0.37255859
-0.42773438
-0.06179810
-0.04028320
-0.26293945
0.42626953
-0.37597656
-0.40771484
-0.36230469
-0.30908203
0.31982422
0.49804688
0.58496094
0.46875000
0.59814453
-0.16479492
0.37524414
-0.97656250
0.39355469
-0.41699219
-0.10052490
-0.15161133
-0.05065918
-0.04989624
-0.04257202
0.01280212
-0.03105164
0.65673828
0.23999023
-0.17041016
0.26977539
-0.23071289
0.19165039
0.16064453
0.23474121
0.28540039
0.21484375
-0.21325684
-0.11828613
-0.14721680
-0.11138916
-0.10144043
-0.06872559
-0.21166992
0.05395508
0.14343262
-0.49511719
-0.10186768
-0.27392578
0.38476562
1.26562500
0.19165039
-0.15307617
-0.07427979
0.05041504
-0.03366089
0.06137085
0.01389313
0.02825928
0.25219727
0.41088867
0.33642578
-0.19091797
-0.16442871
-0.18273926
-0.17797852
0.04067993
0.04296875
-0.09582520
0.13574219
-0.30297852
-0.37792969
-0.23718262
-0.22827148
0.17407227
0.37573242
0.58300781
0.47021484
0.33813477
-0.11828613
0.28784180
-0.76806641
0.37451172
-0.68994141
-0.11584473
-0.04980469
-0.05139160
-0.04351807
-0.01641846
0.03041077
-0.00575256
0.15136719
-0.64257812
-1.12597656
0.88525391
-0.36914062
0.38720703
0.56542969
0.33789062
0.52392578
0.65625000
0.36840820
-0.59033203
-0.72265625
-0.31225586
-0.82324219
0.39672852
-0.07958984
0.33691406
0.45434570
-0.35937500
-0.61718750
-0.23693848
0.33496094
2.02539062
0.09094238
-0.67626953
-0.48876953
-0.32666016
-0.36840820
-0.05230713
0.31152344
-0.24792480
1.60839844
1.00781250
0.10571289
0.16479492
-0.63574219
0.06542969
-0.05297852
0.48486328
0.21582031
-0.26416016
0.84667969
-0.12158203
-0.24047852
-0.09539795
0.24609375
0.34643555
0.61376953
0.92333984
0.92919922
0.33032227
0.83789062
0.39501953
-0.77734375
0.42016602
-1.68261719
0.04223633
0.41943359
-0.41406250
0.28515625
-0.29248047
-0.25390625
-0.29614258
-0.34667969
-0.23303223
-0.14855957
0.19580078
0.05419922
0.40356445
0.37744141
0.38720703
0.43066406
0.44189453
-0.20751953
-0.31250000
-0.28955078
-0.22143555
-0.09094238
-0.12487793
-0.28710938
-0.08203125
-0.00451660
-0.65185547
-0.18750000
-0.36132812
0.47241211
0.89990234
0.22741699
-0.02879333
0.00064850
0.09375000
0.01666260
0.02578735
-0.02273560
0.04324341
0.25634766
0.00521088
-0.17333984
0.25073242
-0.37646484
-0.11706543
-0.24230957
0.11767578
0.09887695
-0.13146973
0.36230469
-0.40283203
-0.41894531
-0.36499023
-0.32153320
0.28344727
0.39062500
0.48339844
0.41699219
0.50146484
-0.22021484
0.36669922
-0.89160156
0.38476562
-0.37597656
-0.11425781
-0.13525391
0.01032257
-0.07147217
0.01820374
0.04937744
0.02456665
-0.82226562
-0.62792969
-0.41479492
0.31835938
0.00537109
0.23754883
0.20581055
0.15454102
0.24853516
0.20898438
-0.24621582
-0.03375244
-0.01605225
-0.07696533
-0.12866211
-0.05859375
-0.20458984
0.07421875
0.16467285
-0.53222656
-0.09283447
-0.29638672
0.41381836
1.45898438
0.14208984
-0.07891846
0.02317810
0.03289795
0.05340576
0.10125732
-0.06475830
0.06823730
-0.15771484
-0.09814453
-0.29614258
0.25146484
-0.30615234
0.03784180
-0.02014160
0.17651367
0.17004395
-0.01782227
0.05541992
-0.31909180
-0.38842773
-0.24169922
-0.19396973
0.15356445
0.36303711
0.61425781
0.50390625
0.40429688
-0.06335449
0.33056641
-0.89599609
0.37988281
-0.77246094
-0.07379150
0.00248337
0.04287720
-0.04815674
0.06726074
0.06372070
0.06762695
-0.06610107
-0.03436279
0.01397705
0.03933716
0.11700439
0.41601562
0.41015625
0.41455078
0.41064453
0.40917969
-0.23681641
-0.28857422
-0.30566406
-0.19665527
-0.07910156
-0.19042969
-0.33984375
-0.08386230
-0.02221680
-0.74462891
-0.19323730
-0.45947266
0.55175781
0.86474609
0.26611328
0.10583496
0.12103271
0.19946289
0.13427734
0.11767578
-0.13732910
0.15124512
-0.26098633
-0.11486816
-0.09826660
0.19006348
-0.24877930
-0.04455566
-0.22998047
0.08251953
0.07153320
-0.11315918
0.34863281
-0.49633789
-0.50195312
-0.45751953
-0.36547852
0.28637695
0.46875000
0.59570312
0.47021484
0.54833984
-0.28564453
0.41772461
-0.95019531
0.42871094
-0.28759766
-0.18237305
-0.23803711
0.13037109
-0.17749023
0.13354492
0.15686035
0.13854980
0.50390625
0.19531250
0.24096680
-0.17944336
0.34130859
0.36718750
0.45288086
0.27539062
0.38330078
0.48144531
-0.22583008
-0.22509766
-0.24096680
-0.19055176
-0.19909668
-0.03393555
-0.28295898
-0.00476074
0.08996582
-0.66162109
-0.25073242
-0.36132812
0.47753906
1.15136719
0.24145508
-0.25878906
-0.20605469
0.00646973
-0.17663574
-0.09436035
0.15820312
-0.09411621
-0.46948242
-0.33862305
-0.24389648
0.33544922
-0.21093750
0.21704102
0.03076172
0.30419922
0.25341797
-0.04895020
0.34912109
-0.39013672
-0.42578125
-0.32666016
-0.25024414
0.30468750
0.53027344
0.65625000
0.52783203
0.49511719
-0.03631592
0.33178711
-0.89404297
0.42822266
-0.65380859
-0.07208252
-0.07543945
-0.19079590
0.03466797
-0.17016602
-0.08166504
-0.15051270
0.21313477
0.12487793
0.10040283
-0.11889648
0.19946289
0.25976562
0.33691406
0.26953125
0.29028320
0.31933594
-0.18029785
-0.15820312
-0.11987305
-0.10791016
-0.09960938
-0.12573242
-0.23352051
-0.03930664
-0.02929688
-0.61767578
-0.08972168
-0.40380859
0.47460938
0.88525391
0.13854980
0.18298340
0.20825195
0.18041992
0.21166992
0.16796875
-0.20629883
0.19067383
0.04522705
-0.04306030
-0.00859833
0.11059570
-0.08801270
0.12939453
-0.05020142
0.14611816
0.12139893
-0.04632568
0.25488281
-0.39062500
-0.37011719
-0.35791016
-0.21179199
0.18371582
0.32324219
0.43579102
0.33837891
0.50390625
-0.23437500
0.39501953
-0.93896484
0.32763672
-0.28710938
-0.11883545
-0.17675781
0.21398926
-0.18310547
0.20898438
0.18896484
0.20532227
0.30444336
0.44384766
0.31640625
-0.14208984
0.17614746
0.12902832
0.12951660
0.08282471
0.12127686
0.10778809
-0.23559570
0.05822754
0.06121826
-0.01745605
0.00027466
-0.10791016
-0.19335938
0.01940918
0.10772705
-0.43505859
0.00695801
-0.24499512
0.34936523
1.16601562
0.13684082
-0.01503754
0.05514526
0.08581543
0.08337402
0.12890625
-0.09368896
0.10473633
0.48706055
-0.05529785
-0.17468262
0.24609375
-0.10626221
0.12493896
0.02487183
0.11907959
0.15051270
0.02026367
-0.09301758
-0.28051758
-0.34008789
-0.22045898
-0.21826172
0.09387207
0.23828125
0.46093750
0.38037109
0.29199219
-0.18615723
0.26782227
-0.74218750
0.31909180
-0.56005859
-0.10577393
-0.06011963
0.07269287
-0.09527588
0.09588623
0.10168457
0.09814453
-0.36572266
0.39208984
0.42016602
-0.33447266
0.28637695
0.08923340
0.15551758
0.04696655
0.13781738
0.17285156
-0.25854492
0.05993652
0.07000732
-0.03704834
-0.05090332
-0.08575439
-0.22326660
0.02233887
0.11706543
-0.51757812
-0.03408813
-0.29199219
0.41186523
1.30566406
0.15649414
-0.07135010
0.01223755
0.06677246
0.04165649
0.09277344
-0.05307007
0.07104492
0.66210938
0.36889648
0.11035156
0.13793945
0.00024414
0.22790527
0.11669922
0.20666504
0.23339844
0.03997803
-0.07055664
-0.30737305
-0.37280273
-0.24108887
-0.22229004
0.13452148
0.31958008
0.55273438
0.43798828
0.34912109
-0.14892578
0.28784180
-0.83398438
0.37304688
-0.65869141
-0.09295654
-0.05300903
0.02966309
-0.06945801
0.05310059
0.06933594
0.05813599
-0.60839844
0.04663086
0.25366211
-0.34082031
0.34423828
0.17089844
0.31079102
0.18261719
0.23876953
0.30224609
-0.22998047
-0.11572266
-0.19445801
-0.11376953
-0.14904785
-0.07092285
-0.28784180
0.03283691
0.17895508
-0.53662109
-0.25708008
-0.32543945
0.43457031
1.36914062
0.27099609
-0.32495117
-0.24060059
0.00843811
-0.17309570
0.02780151
0.13525391
-0.04959106
0.04766846
0.41845703
0.24096680
0.05810547
0.00244141
0.31054688
0.13330078
0.24560547
0.18957520
0.01867676
0.19653320
-0.36621094
-0.46728516
-0.28613281
-0.26416016
0.23730469
0.45458984
0.73339844
0.64746094
0.31738281
0.03228760
0.33422852
-0.77050781
0.45507812
-0.87646484
-0.16088867
-0.02333069
-0.20336914
0.00933075
-0.13671875
-0.04107666
-0.12115479
-0.15576172
-0.21691895
-0.15686035
-0.12322998
0.18945312
0.00390625
0.35107422
0.12524414
0.28100586
0.49511719
-0.35424805
-0.21960449
-0.27050781
-0.18542480
-0.14001465
-0.13208008
-0.34960938
-0.10571289
-0.01086426
-0.71044922
-0.26171875
-0.39306641
0.51806641
0.90820312
0.26049805
-0.15344238
-0.13110352
0.04598999
-0.10998535
-0.07238770
0.09844971
-0.05130005
-0.39062500
0.01940918
0.15576172
-0.28198242
0.31933594
0.44067383
0.36523438
0.43603516
0.38671875
0.12927246
0.31884766
-0.51123047
-0.51220703
-0.42626953
-0.33300781
0.33251953
0.48095703
0.58593750
0.48876953
0.50000000
-0.16210938
0.35498047
-0.88037109
0.43994141
-0.45019531
-0.08538818
-0.12036133
-0.12017822
-0.00471115
-0.10784912
-0.03955078
-0.09320068
0.32250977
-0.33227539
-0.24353027
-0.05352783
0.11639404
-0.13684082
0.25292969
0.02534485
0.22949219
0.48974609
-0.35009766
-0.14013672
-0.18579102
-0.16113281
-0.13940430
-0.10339355
-0.35888672
-0.06591797
0.03344727
-0.73144531
-0.28002930
-0.41552734
0.53027344
1.07128906
0.27929688
-0.20434570
-0.15563965
0.03366089
-0.12976074
-0.06787109
0.11340332
-0.06085205
-0.53955078
-0.10028076
0.16284180
-0.35424805
0.38964844
0.43994141
0.43652344
0.45336914
0.42968750
0.14978027
0.28125000
-0.47802734
-0.51269531
-0.39208984
-0.31860352
0.32177734
0.53955078
0.68457031
0.54199219
0.50048828
-0.08331299
0.35375977
-0.90283203
0.46289062
-0.58789062
-0.09912109
-0.10284424
-0.14233398
0.00578690
-0.12438965
-0.04910278
-0.10778809
1.62207031
-0.72460938
-1.15234375
0.00195312
0.22351074
-0.26269531
-0.12585449
-0.41552734
0.06567383
0.68554688
-0.21936035
-0.54003906
-0.71826172
-0.31225586
-0.91699219
0.34619141
-0.17639160
0.31494141
0.45166016
-0.51855469
-0.70996094
-0.38037109
0.42529297
2.16210938
0.11804199
-0.77832031
-0.58691406
-0.35937500
-0.45629883
-0.13159180
0.39599609
-0.31494141
-0.18542480
-0.99023438
0.29125977
-0.91552734
0.71582031
0.15539551
0.51269531
0.36840820
0.56591797
0.30957031
1.02050781
-0.48583984
-0.57031250
-0.26416016
0.07397461
0.45361328
0.76904297
1.11328125
1.05273438
0.46923828
0.89160156
0.46289062
-0.92041016
0.47802734
-1.81054688
0.06719971
0.42700195
-0.50537109
0.33349609
-0.38012695
-0.31713867
-0.37939453
0.29931641
0.03350830
-0.27929688
0.15795898
-0.13134766
-0.23205566
0.03985596
-0.10607910
0.07360840
0.38305664
-0.33593750
-0.12011719
-0.17480469
-0.11853027
-0.14538574
-0.09826660
-0.29541016
-0.00805664
0.03283691
-0.77587891
-0.15124512
-0.50634766
0.56396484
1.15527344
0.14453125
0.17285156
0.22741699
0.11291504
0.22753906
0.14428711
-0.21655273
0.16870117
0.34887695
-0.34277344
-0.13256836
-0.23828125
0.25732422
0.17602539
0.36962891
0.32324219
0.40820312
0.22937012
0.28417969
-0.53613281
-0.53222656
-0.42871094
-0.23937988
0.24743652
0.48144531
0.62744141
0.48217773
0.63476562
-0.16333008
0.46020508
-1.09472656
0.39355469
-0.44287109
-0.07287598
-0.08416748
0.23339844
-0.13256836
0.22131348
0.16162109
0.21008301
-0.16845703
0.16687012
-0.02862549
0.25878906
-0.21496582
-0.35498047
0.07208252
-0.07678223
0.14135742
0.45703125
-0.41088867
-0.10888672
-0.19848633
-0.13244629
-0.08758545
-0.16027832
-0.38134766
-0.12255859
-0.00646973
-0.72705078
-0.26611328
-0.38037109
0.51757812
0.87988281
0.28002930
-0.14123535
-0.12805176
0.07501221
-0.10961914
-0.07269287
0.09741211
-0.04238892
0.36059570
-0.05889893
-0.16674805
-0.09649658
0.29248047
0.30224609
0.52441406
0.46435547
0.46142578
0.24829102
0.22802734
-0.52685547
-0.54101562
-0.44116211
-0.35546875
0.32519531
0.49902344
0.62548828
0.51660156
0.49023438
-0.16638184
0.34033203
-0.86572266
0.44970703
-0.41113281
-0.10748291
-0.16516113
-0.11895752
-0.02476501
-0.10949707
-0.02827454
-0.09149170
-0.65332031
0.38378906
0.00820923
0.36962891
-0.32763672
-0.42602539
-0.09118652
-0.20922852
0.02807617
0.40625000
-0.41601562
-0.03601074
-0.07507324
-0.10961914
-0.10168457
-0.13330078
-0.37329102
-0.08715820
0.01794434
-0.75976562
-0.22534180
-0.42529297
0.55712891
1.16113281
0.25927734
-0.11016846
-0.05737305
0.08306885
-0.03213501
0.00997162
0.01969910
0.01704407
0.13208008
0.04113770
-0.32226562
-0.03646851
0.23266602
0.15087891
0.47778320
0.39306641
0.48803711
0.29492188
0.16235352
-0.51757812
-0.53906250
-0.42529297
-0.34082031
0.30200195
0.48632812
0.65332031
0.52978516
0.52490234
-0.15917969
0.38793945
-1.00488281
0.46679688
-0.57519531
-0.12176514
-0.13098145
-0.04220581
-0.05487061
-0.02604675
0.02522278
-0.01532745
-0.07287598
-0.02763367
0.03121948
0.11694336
-0.17749023
-0.35815430
0.01458740
-0.04443359
0.13330078
0.31958008
-0.36181641
-0.02124023
-0.10632324
-0.05700684
0.00405884
-0.23181152
-0.35351562
-0.15368652
-0.08618164
-0.64697266
-0.15502930
-0.37451172
0.48291016
0.64599609
0.25317383
0.03222656
0.02893066
0.15747070
0.03948975
0.03173828
-0.04461670
0.07330322
-0.13586426
0.03265381
0.03009033
0.02148438
0.12890625
0.19482422
0.47485352
0.43286133
0.36865234
0.19409180
0.08679199
-0.50292969
-0.49609375
-0.43603516
-0.34814453
0.23120117
0.36743164
0.47143555
0.36889648
0.41894531
-0.31640625
0.32250977
-0.77636719
0.39184570
-0.20739746
-0.14233398
-0.22485352
0.03536987
-0.12060547
0.03701782
0.08349609
0.04705811
0.31787109
0.00048828
0.98144531
0.71777344
-0.72363281
-0.26782227
-0.52539062
-0.59082031
-0.23095703
0.48413086
-0.43408203
-0.38500977
-0.51562500
-0.25463867
-0.85888672
0.31420898
-0.17639160
0.22399902
0.36840820
-0.38085938
-0.65917969
-0.25170898
0.35668945
2.01562500
0.11779785
-0.67675781
-0.49267578
-0.32373047
-0.36987305
-0.05120850
0.31250000
-0.24707031
-1.58398438
1.19628906
-0.56298828
0.54296875
0.13061523
-0.28710938
0.21594238
0.02709961
0.51708984
0.51611328
0.81542969
-0.46362305
-0.56054688
-0.20434570
0.00500488
0.42236328
0.59375000
0.95751953
0.96582031
0.30541992
0.80566406
0.38549805
-0.76757812
0.46313477
-1.68066406
0.03405762
0.41528320
-0.41625977
0.28320312
-0.29272461
-0.25292969
-0.29663086
0.36669922
-0.16918945
0.11437988
0.03845215
-0.29077148
-0.41186523
-0.26000977
-0.26708984
-0.03436279
0.30761719
-0.39013672
0.00244141
-0.08813477
-0.07397461
-0.05639648
-0.16870117
-0.34912109
-0.14221191
-0.02099609
-0.63330078
-0.21582031
-0.28613281
0.44482422
0.75488281
0.24194336
-0.21496582
-0.20690918
0.01603699
-0.18896484
-0.13916016
0.17553711
-0.11254883
-0.03973389
0.02276611
0.11791992
0.25390625
-0.11938477
-0.10339355
0.41040039
0.34277344
0.43481445
0.31079102
0.04455566
-0.46679688
-0.47851562
-0.39477539
-0.32592773
0.27563477
0.40527344
0.51074219
0.43164062
0.41967773
-0.16015625
0.26416016
-0.74707031
0.39721680
-0.39624023
-0.05261230
-0.11474609
-0.19946289
0.03878784
-0.18835449
-0.09753418
-0.16857910
0.55615234
-0.43310547
0.39599609
0.18408203
-0.21093750
-0.14001465
-0.10620117
-0.14477539
-0.11248779
0.06011963
-0.10961914
0.21752930
0.24670410
0.05487061
0.03741455
-0.10729980
-0.21569824
-0.02502441
0.06530762
-0.45458984
0.03564453
-0.26367188
0.38354492
1.22363281
0.13781738
-0.00086212
0.07281494
0.09130859
0.09991455
0.13378906
-0.10839844
0.11444092
0.28295898
0.24792480
-0.00158691
0.23974609
-0.03137207
-0.11108398
0.07568359
0.05957031
0.17492676
0.09173584
-0.23828125
-0.17517090
-0.24487305
-0.19909668
-0.19921875
0.07122803
0.20568848
0.44775391
0.36596680
0.26904297
-0.20727539
0.26196289
-0.77148438
0.35058594
-0.58007812
-0.09918213
-0.06384277
0.09014893
-0.10144043
0.11114502
0.11047363
0.11199951
-0.09130859
-0.93066406
0.44555664
-0.30175781
-0.52783203
-0.01531982
-0.56250000
-0.55468750
-0.37377930
0.35668945
-0.56445312
-0.32324219
-0.45996094
-0.23962402
-0.85839844
0.29736328
-0.19409180
0.20239258
0.35229492
-0.38476562
-0.66601562
-0.25439453
0.36083984
2.01367188
0.12280273
-0.67724609
-0.49316406
-0.32324219
-0.37011719
-0.05102539
0.31250000
-0.24694824
1.61230469
-0.75048828
1.04003906
0.84814453
-0.51220703
-0.39208984
-0.08129883
-0.20507812
0.42602539
0.61132812
0.73095703
-0.50878906
-0.60693359
-0.22204590
-0.04080200
0.43481445
0.58789062
0.96191406
0.97216797
0.30053711
0.79882812
0.38378906
-0.76513672
0.47119141
-1.68066406
0.03259277
0.41430664
-0.41650391
0.28295898
-0.29296875
-0.25292969
-0.29663086
0.09484863
0.03826904
-0.00747681
-0.01464844
-0.09014893
-0.33569336
-0.29809570
-0.24194336
-0.04995728
0.19384766
-0.38647461
0.06835938
-0.07958984
0.00805664
0.13391113
-0.29492188
-0.36743164
-0.18798828
-0.09497070
-0.67138672
-0.14013672
-0.38842773
0.48095703
0.47363281
0.23730469
0.18164062
0.16308594
0.20727539
0.16564941
0.11822510
-0.16247559
0.16479492
-0.03167725
0.13647461
-0.12670898
0.02764893
-0.13342285
-0.19775391
0.33349609
0.32812500
0.34741211
0.30810547
0.00402832
-0.55273438
-0.56347656
-0.48535156
-0.36206055
0.19116211
0.28979492
0.41088867
0.36523438
0.41894531
-0.34228516
0.33642578
-0.74023438
0.35351562
-0.01641846
-0.17321777
-0.24743652
0.16625977
-0.18676758
0.16027832
0.16906738
0.16198730
-0.42041016
0.17712402
-0.18164062
-0.30615234
0.03338623
-0.14599609
-0.48901367
-0.43090820
-0.25561523
0.22155762
-0.44506836
0.09301758
-0.02319336
-0.03735352
-0.05023193
-0.16577148
-0.40844727
-0.12707520
-0.00512695
-0.75537109
-0.24206543
-0.39501953
0.53027344
1.00097656
0.27783203
-0.17761230
-0.14758301
0.06359863
-0.12646484
-0.07330322
0.11224365
-0.05261230
-0.27954102
-0.14465332
0.09350586
0.03854370
-0.38378906
-0.43408203
0.11059570
0.11749268
0.40332031
0.45117188
-0.00012207
-0.51074219
-0.55322266
-0.43750000
-0.34277344
0.29394531
0.49633789
0.64892578
0.50976562
0.48876953
-0.15014648
0.33715820
-0.89941406
0.45996094
-0.50732422
-0.10607910
-0.14941406
-0.13732910
-0.01438904
-0.12463379
-0.03845215
-0.10565186
-0.13720703
1.16796875
-1.08496094
-0.89941406
0.10839844
0.24426270
-0.44287109
-0.43066406
-0.48266602
0.21142578
-0.67968750
-0.25634766
-0.40063477
-0.22314453
-0.85449219
0.27954102
-0.21166992
0.18066406
0.33569336
-0.38842773
-0.67431641
-0.25708008
0.36499023
2.01171875
0.12780762
-0.67675781
-0.49389648
-0.32275391
-0.37036133
-0.05081177
0.31274414
-0.24682617
-1.60937500
-0.25292969
0.32177734
-0.03295898
-0.72705078
-0.30712891
-0.35620117
-0.40478516
0.29663086
0.67529297
0.62597656
-0.54541016
-0.64794922
-0.23828125
-0.08648682
0.44628906
0.58154297
0.96630859
0.97802734
0.29541016
0.79296875
0.38183594
-0.76367188
0.47924805
-1.67968750
0.03106689
0.41357422
-0.41674805
0.28247070
-0.29296875
-0.25268555
-0.29663086
0.33984375
0.18811035
-0.16540527
-0.21752930
0.18798828
0.06115723
-0.45947266
-0.42089844
-0.28051758
0.13757324
-0.35766602
0.16711426
0.09411621
0.01098633
0.00430298
-0.20361328
-0.37475586
-0.16552734
-0.08129883
-0.69189453
-0.13012695
-0.38012695
0.52343750
0.85693359
0.22436523
0.07037354
0.08819580
0.15478516
0.09033203
0.05587769
-0.08923340
0.10101318
-0.22985840
0.12951660
-0.07135010
-0.14892578
-0.25732422
-0.40576172
-0.03424072
0.02661133
0.32910156
0.39453125
-0.10601807
-0.43359375
-0.45434570
-0.41088867
-0.32275391
0.22631836
0.34814453
0.49951172
0.40039062
0.42797852
-0.29394531
0.32910156
-0.87207031
0.42285156
-0.29638672
-0.11810303
-0.20117188
0.09033203
-0.12902832
0.08190918
0.10675049
0.09014893
0.49804688
0.04595947
-0.13061523
-0.15405273
0.33837891
0.20153809
-0.41284180
-0.39477539
-0.37207031
0.07324219
-0.42431641
0.12890625
0.05236816
-0.02429199
-0.01055145
-0.17553711
-0.38378906
-0.15222168
-0.03063965
-0.68505859
-0.22656250
-0.39208984
0.50683594
0.96875000
0.26147461
-0.12237549
-0.08392334
0.06640625
-0.06176758
-0.01052856
0.04925537
-0.00656891
0.20043945
0.30395508
-0.24145508
-0.30224609
-0.19042969
-0.37744141
-0.18725586
-0.11755371
0.25244141
0.47680664
-0.06665039
-0.46020508
-0.49609375
-0.40527344
-0.33593750
0.26708984
0.35644531
0.53320312
0.47607422
0.40380859
-0.15612793
0.33471680
-0.83886719
0.43896484
-0.47729492
-0.12060547
-0.11810303
-0.07165527
-0.03628540
-0.05679321
0.00296021
-0.04440308
0.36279297
-0.53662109
-0.19384766
-0.23974609
0.65429688
0.38574219
-0.20031738
-0.23937988
-0.54882812
0.05517578
-0.77441406
-0.18566895
-0.33715820
-0.20568848
-0.84863281
0.26147461
-0.22900391
0.15905762
0.31933594
-0.39208984
-0.68164062
-0.25976562
0.36914062
2.00976562
0.13293457
-0.67724609
-0.49462891
-0.32226562
-0.37060547
-0.05059814
0.31274414
-0.24670410
1.57421875
1.06835938
-1.11523438
-0.86816406
-0.33569336
-0.07299805
-0.53173828
-0.54052734
0.14062500
0.70556641
0.50195312
-0.57324219
-0.68261719
-0.25366211
-0.13183594
0.45703125
0.57519531
0.97021484
0.98339844
0.29077148
0.78662109
0.38012695
-0.76171875
0.48730469
-1.67968750
0.02960205
0.41259766
-0.41723633
0.28222656
-0.29296875
-0.25244141
-0.29687500
-0.70117188
-0.73388672
0.23229980
0.03869629
0.50244141
0.28198242
-0.14709473
-0.17529297
-0.40478516
-0.03259277
-0.56445312
-0.00341797
-0.16992188
-0.08618164
-0.47827148
0.06115723
-0.27465820
0.07666016
0.24414062
-0.51513672
-0.46777344
-0.29296875
0.40966797
1.76953125
0.14758301
-0.39916992
-0.25488281
-0.15930176
-0.16308594
0.04913330
0.12408447
-0.08660889
0.82373047
0.35302734
-0.72460938
-0.61474609
-0.08581543
-0.05987549
-0.35595703
-0.33300781
0.08959961
0.48242188
0.20092773
-0.53320312
-0.67822266
-0.31079102
-0.20642090
0.32324219
0.49340820
0.87353516
0.85595703
0.39111328
0.44335938
0.40478516
-0.85302734
0.46191406
-1.28710938
-0.03601074
0.23950195
-0.19799805
0.12310791
-0.10882568
-0.09399414
-0.11285400
-0.12719727
-0.05398560
0.03387451
0.08593750
0.17968750
0.27783203
-0.31323242
-0.32934570
-0.27758789
0.01245117
-0.25366211
0.22583008
0.16491699
0.05737305
0.05792236
-0.19226074
-0.31665039
-0.14196777
-0.05261230
-0.63671875
-0.05834961
-0.34667969
0.47216797
0.76708984
0.17089844
0.13269043
0.14184570
0.17150879
0.13940430
0.11212158
-0.13574219
0.14147949
-0.04858398
-0.03503418
0.01895142
-0.08331299
0.07202148
-0.19470215
-0.19555664
-0.06677246
0.16357422
0.31689453
-0.17761230
-0.33935547
-0.36181641
-0.35424805
-0.27734375
0.15991211
0.23339844
0.40625000
0.34912109
0.41723633
-0.27929688
0.32031250
-0.85888672
0.34228516
-0.19702148
-0.12268066
-0.19677734
0.14062500
-0.15795898
0.13317871
0.14404297
0.13720703
-0.33496094
-0.32250977
0.43945312
0.29272461
0.30810547
0.29833984
-0.06903076
-0.14428711
-0.36279297
-0.06689453
-0.23388672
0.21179199
0.16076660
0.02777100
-0.06695557
-0.11547852
-0.33666992
-0.08319092
0.05383301
-0.58007812
-0.18395996
-0.33715820
0.45996094
1.29394531
0.21643066
-0.22021484
-0.13708496
-0.00981140
-0.09899902
-0.00850677
0.08001709
-0.03924561
-0.72363281
-0.44018555
-0.13305664
-0.27246094
0.16992188
-0.00183105
-0.30224609
-0.27636719
0.01745605
0.32885742
-0.17773438
-0.29516602
-0.39892578
-0.29858398
-0.26708984
0.20092773
0.34814453
0.62304688
0.53857422
0.31079102
-0.04675293
0.29223633
-0.77734375
0.45336914
-0.76269531
-0.07305908
0.00099182
-0.11584473
0.02018738
-0.08477783
-0.03582764
-0.07348633
0.40258789
0.10394287
0.24584961
0.35229492
0.23437500
0.45019531
-0.15625000
-0.28613281
-0.46069336
-0.05310059
-0.34204102
0.28540039
0.18872070
0.06457520
-0.02664185
-0.17907715
-0.44311523
-0.14721680
-0.01647949
-0.77636719
-0.20959473
-0.43652344
0.58007812
1.17968750
0.27636719
-0.16223145
-0.10931396
0.08355713
-0.08325195
-0.02349854
0.06744385
-0.01110840
-0.52783203
-0.34375000
0.14587402
-0.03131104
0.31811523
0.02331543
-0.45385742
-0.32788086
0.08886719
0.45825195
-0.20336914
-0.38745117
-0.48095703
-0.40869141
-0.33105469
0.25073242
0.46411133
0.68750000
0.53125000
0.45092773
-0.15100098
0.33935547
-0.94873047
0.50439453
-0.61523438
-0.11840820
-0.14843750
-0.09539795
-0.04373169
-0.07916260
0.00026417
-0.06008911
0.84814453
0.44653320
0.34228516
0.44873047
0.21691895
0.33374023
-0.01812744
-0.13671875
-0.38549805
-0.10668945
-0.37744141
0.20251465
0.09814453
0.00506592
-0.17211914
-0.08605957
-0.39648438
-0.06286621
0.12878418
-0.62841797
-0.34814453
-0.36938477
0.49755859
1.51171875
0.26049805
-0.36474609
-0.25927734
-0.06665039
-0.19128418
-0.00955200
0.15588379
-0.09063721
-0.01452637
-0.38647461
0.37695312
0.00646973
0.34912109
0.11511230
-0.37304688
-0.31372070
0.00317383
0.38818359
-0.11669922
-0.39428711
-0.57128906
-0.33666992
-0.30151367
0.27587891
0.46923828
0.82470703
0.74658203
0.33984375
0.14501953
0.34350586
-0.82470703
0.51953125
-1.00878906
-0.09710693
0.07049561
-0.22045898
0.07141113
-0.15515137
-0.08648682
-0.14404297
0.37890625
0.59277344
-0.09509277
0.30957031
-0.10186768
0.20642090
0.16528320
0.00048828
-0.50976562
-0.21838379
-0.55908203
0.22045898
0.07470703
-0.00219727
-0.30175781
-0.03784180
-0.36376953
-0.04162598
0.04846191
-0.80078125
-0.24438477
-0.46484375
0.57470703
1.35449219
0.10473633
0.08544922
0.16748047
0.01599121
0.16931152
0.09112549
-0.15905762
0.10107422
0.71484375
0.17675781
0.53955078
0.37841797
0.44824219
0.31982422
-0.44140625
-0.45166016
-0.12609863
0.53369141
-0.08203125
-0.49707031
-0.56835938
-0.40844727
-0.25048828
0.31347656
0.51904297
0.74707031
0.59423828
0.59570312
0.03430176
0.42358398
-1.08593750
0.43652344
-0.64843750
0.01088715
0.03216553
0.17565918
-0.04675293
0.16528320
0.08996582
0.15209961
-0.08612061
0.22045898
0.03424072
0.17041016
0.03454590
0.26049805
-0.04681396
-0.19128418
-0.29174805
-0.06408691
-0.16369629
0.32104492
0.25244141
0.14086914
0.07751465
-0.19482422
-0.35595703
-0.13037109
-0.04370117
-0.66015625
-0.07159424
-0.42309570
0.52441406
0.99121094
0.19702148
0.09399414
0.13488770
0.15112305
0.15136719
0.13830566
-0.15393066
0.15270996
0.31567383
0.09106445
0.16088867
0.07348633
0.18664551
0.12768555
-0.30981445
-0.22277832
0.02395630
0.25390625
-0.20544434
-0.25463867
-0.34667969
-0.34106445
-0.24975586
0.11944580
0.29638672
0.51562500
0.40087891
0.36572266
-0.24438477
0.33227539
-0.85156250
0.41162109
-0.38061523
-0.13012695
-0.15026855
0.14709473
-0.15039062
0.15332031
0.15234375
0.15478516
-0.62158203
-0.09765625
-0.31689453
-0.07019043
-0.30224609
0.20385742
0.22631836
-0.01440430
-0.45654297
-0.25488281
-0.35693359
0.33227539
0.22106934
0.08734131
0.03210449
-0.20666504
-0.43798828
-0.18066406
-0.05810547
-0.78027344
-0.22949219
-0.45117188
0.57226562
1.07226562
0.27026367
-0.09838867
-0.04608154
0.08374023
-0.02412415
0.01073456
0.01344299
0.02026367
0.04498291
0.34033203
0.05633545
0.37597656
0.30029297
0.39208984
-0.42016602
-0.43237305
-0.15637207
0.43896484
-0.27197266
-0.39477539
-0.47656250
-0.42626953
-0.33569336
0.24609375
0.37426758
0.57617188
0.48632812
0.44702148
-0.16271973
0.36865234
-0.93554688
0.47729492
-0.53369141
-0.12634277
-0.13073730
-0.03344727
-0.05654907
-0.02056885
0.02819824
-0.00978088
-0.57519531
-0.40576172
-0.52929688
-0.06384277
-0.25146484
0.03332520
0.23120117
0.08306885
-0.31909180
-0.19763184
-0.31445312
0.26513672
0.18884277
0.06506348
-0.19311523
-0.08673096
-0.35986328
-0.05718994
0.10546875
-0.61328125
-0.32470703
-0.39062500
0.50585938
1.59277344
0.21032715
-0.26196289
-0.14245605
-0.05288696
-0.07775879
0.07110596
0.04827881
-0.01657104
-0.61279297
0.48583984
0.03491211
0.44091797
0.28442383
0.29638672
-0.23437500
-0.30078125
-0.15417480
0.29370117
-0.16284180
-0.31323242
-0.46679688
-0.30834961
-0.27343750
0.22094727
0.39453125
0.77929688
0.71533203
0.34375000
0.16149902
0.37622070
-0.87792969
0.50537109
-1.03613281
-0.08349609
0.09942627
-0.10278320
0.03302002
-0.04110718
-0.01954651
-0.03979492
0.15429688
-0.29150391
-0.18835449
-0.17480469
-0.30297852
0.08374023
0.26684570
-0.01673889
-0.41186523
-0.23596191
-0.28320312
0.38867188
0.28662109
0.13623047
0.05773926
-0.22216797
-0.46582031
-0.18444824
-0.06066895
-0.81787109
-0.17358398
-0.50439453
0.62744141
1.15625000
0.27294922
0.00694275
0.05252075
0.14624023
0.07281494
0.08917236
-0.08020020
0.10217285
-0.48071289
0.01031494
-0.13085938
0.21557617
0.13769531
0.41357422
-0.36865234
-0.41479492
-0.14929199
0.38281250
-0.29467773
-0.32885742
-0.44653320
-0.41918945
-0.32934570
0.21765137
0.39550781
0.63720703
0.51171875
0.44726562
-0.23388672
0.40014648
-1.01562500
0.50878906
-0.50000000
-0.15820312
-0.17858887
0.06604004
-0.12695312
0.07647705
0.10766602
0.08300781
1.58300781
-0.82226562
-0.38085938
-0.82421875
-0.72656250
-0.19250488
0.52783203
0.47827148
-0.39135742
-0.50048828
-1.04296875
0.15588379
-0.09997559
-0.11108398
-0.85986328
0.17895508
-0.36132812
0.10192871
0.29980469
-0.56542969
-0.77832031
-0.40722656
0.46582031
2.14453125
0.16333008
-0.77929688
-0.59277344
-0.35375977
-0.45898438
-0.12939453
0.39746094
-0.31347656
-0.39843750
-0.91162109
-1.12597656
0.39892578
0.18615723
0.23706055
-0.01367188
-0.28222656
-0.41430664
0.56103516
-0.04882812
-0.70947266
-0.91162109
-0.39355469
-0.32763672
0.54199219
0.70166016
1.15234375
1.10546875
0.41235352
0.83251953
0.43994141
-0.90039062
0.54980469
-1.80761719
0.05255127
0.41870117
-0.50878906
0.32983398
-0.38110352
-0.31542969
-0.38037109
0.42358398
0.00457764
0.13122559
-0.31127930
-0.26074219
-0.20678711
0.33496094
0.19409180
-0.27075195
-0.32080078
-0.27832031
0.36499023
0.26416016
0.11401367
-0.04928589
-0.11206055
-0.37304688
-0.08898926
0.01110840
-0.80371094
-0.11730957
-0.45727539
0.55908203
1.17382812
0.12951660
0.05358887
0.11944580
0.03662109
0.11718750
0.04974365
-0.10699463
0.07153320
0.40551758
-0.40673828
-0.30126953
-0.10998535
-0.22131348
0.23876953
-0.09613037
-0.26245117
-0.31005859
0.27246094
-0.26220703
-0.27832031
-0.39892578
-0.34765625
-0.24584961
0.20092773
0.41015625
0.61132812
0.45507812
0.55664062
-0.09436035
0.37231445
-1.04492188
0.39355469
-0.51611328
-0.01281738
-0.02398682
0.12139893
-0.04733276
0.10852051
0.06628418
0.10235596
-0.08569336
0.20947266
0.19458008
-0.25805664
-0.25292969
-0.22277832
0.37597656
0.19091797
-0.29248047
-0.29150391
-0.21093750
0.36083984
0.30297852
0.14245605
0.01589966
-0.16748047
-0.40673828
-0.15734863
-0.05175781
-0.73828125
-0.16076660
-0.45263672
0.57226562
1.12988281
0.21777344
-0.01009369
0.04229736
0.10211182
0.05755615
0.06591797
-0.06286621
0.07647705
0.55371094
-0.28540039
-0.19653320
-0.13110352
-0.17382812
0.27416992
-0.10034180
-0.30639648
-0.27319336
0.28881836
-0.28125000
-0.21569824
-0.29418945
-0.34765625
-0.26782227
0.19287109
0.34375000
0.57324219
0.46191406
0.40429688
-0.15173340
0.35498047
-0.93945312
0.45996094
-0.52880859
-0.10614014
-0.12109375
0.05349731
-0.09027100
0.05889893
0.07922363
0.06457520
-0.46777344
0.22412109
0.22375488
-0.14099121
-0.17480469
-0.30029297
0.46264648
0.22351074
-0.30126953
-0.39013672
-0.23156738
0.42041016
0.26953125
0.15087891
0.12109375
-0.26220703
-0.46826172
-0.22900391
-0.07446289
-0.73730469
-0.23950195
-0.39111328
0.52587891
0.84228516
0.30029297
-0.15087891
-0.12451172
0.07879639
-0.09698486
-0.03509521
0.07952881
-0.02279663
0.12902832
0.05715942
0.04086304
-0.25903320
-0.30126953
0.31030273
-0.07257080
-0.34887695
-0.32861328
0.27099609
-0.37866211
-0.33471680
-0.51416016
-0.42187500
-0.34082031
0.21630859
0.33886719
0.54101562
0.47607422
0.37500000
-0.17297363
0.29931641
-0.77636719
0.45996094
-0.43750000
-0.13977051
-0.15209961
-0.10955811
-0.03634644
-0.08972168
-0.01025391
-0.07366943
-0.52050781
0.26660156
0.26489258
-0.11437988
-0.15368652
-0.36547852
0.46459961
0.26147461
-0.27709961
-0.40039062
-0.24475098
0.43994141
0.30444336
0.13842773
0.03863525
-0.22546387
-0.53222656
-0.20434570
0.00097656
-0.76269531
-0.31567383
-0.43457031
0.56445312
1.20605469
0.34912109
-0.31323242
-0.25488281
0.02868652
-0.20336914
-0.05154419
0.17163086
-0.08349609
-0.37060547
0.18627930
0.08679199
-0.30834961
-0.34545898
0.24792480
0.00593567
-0.31787109
-0.34594727
0.25952148
-0.38623047
-0.32763672
-0.58789062
-0.41625977
-0.37402344
0.26660156
0.45458984
0.76855469
0.65820312
0.36962891
-0.06573486
0.33642578
-0.84472656
0.54833984
-0.73730469
-0.16040039
-0.09594727
-0.22802734
0.01435852
-0.18127441
-0.06921387
-0.15991211
0.07458496
0.12261963
0.37280273
0.07263184
0.01660156
-0.38598633
0.34375000
0.38769531
-0.13195801
-0.40917969
-0.19860840
0.35595703
0.29150391
0.08190918
-0.15014648
-0.09753418
-0.45971680
-0.12048340
0.10375977
-0.67333984
-0.38330078
-0.34594727
0.50585938
1.62207031
0.27880859
-0.54882812
-0.42602539
-0.15380859
-0.35302734
-0.13781738
0.31152344
-0.22058105
-1.04199219
0.68066406
0.46142578
-0.50537109
-0.43750000
-0.03820801
0.23181152
-0.09350586
-0.43115234
0.16979980
-0.33129883
-0.23254395
-0.45971680
-0.31420898
-0.33056641
0.29199219
0.48950195
0.85888672
0.75830078
0.35986328
0.20458984
0.30712891
-0.84570312
0.56005859
-1.17968750
-0.04187012
0.12561035
-0.38671875
0.17626953
-0.31787109
-0.21130371
-0.29663086
0.19750977
-0.07067871
-0.03042603
0.08520508
0.04138184
-0.35986328
0.44262695
0.23669434
-0.24548340
-0.32495117
-0.09759521
0.48730469
0.33251953
0.23388672
0.16491699
-0.30957031
-0.44482422
-0.24487305
-0.13513184
-0.73974609
-0.13256836
-0.43115234
0.55810547
0.73535156
0.24035645
0.07788086
0.08984375
0.15124512
0.09655762
0.06445312
-0.09625244
0.10345459
-0.07818604
0.03662109
0.06008911
-0.13928223
-0.22692871
0.12939453
0.04266357
-0.32885742
-0.29565430
0.16625977
-0.37231445
-0.24804688
-0.42846680
-0.41040039
-0.32006836
0.13403320
0.25854492
0.44897461
0.38378906
0.38549805
-0.32226562
0.33862305
-0.83789062
0.42944336
-0.23925781
-0.12707520
-0.19396973
0.09466553
-0.12866211
0.09210205
0.10913086
0.09619141
1.42187500
-1.17773438
-0.56738281
0.77587891
0.35644531
-0.23156738
0.16833496
0.54150391
-0.01220703
-0.67626953
-0.83691406
0.25976562
0.08374023
-0.08227539
-0.76416016
0.14550781
-0.32812500
0.02697754
0.21838379
-0.41308594
-0.72509766
-0.27587891
0.39331055
1.99804688
0.16308594
-0.67724609
-0.49853516
-0.31909180
-0.37207031
-0.04937744
0.31372070
-0.24597168
0.76660156
0.20617676
0.97949219
-0.45727539
-0.64306641
-0.31689453
0.54296875
0.23742676
-0.56640625
0.20874023
-0.39062500
-0.54345703
-0.75732422
-0.31591797
-0.39233398
0.50634766
0.52539062
0.98242188
1.01074219
0.26000977
0.74609375
0.36865234
-0.74951172
0.53515625
-1.67675781
0.02038574
0.40747070
-0.41992188
0.28027344
-0.29321289
-0.25146484
-0.29736328
0.04479980
-0.16308594
-0.08007812
0.16625977
0.16149902
-0.32324219
0.33154297
0.28930664
-0.14208984
-0.29467773
0.00094604
0.44873047
0.37255859
0.24951172
0.15686035
-0.25708008
-0.41162109
-0.21179199
-0.12200928
-0.75390625
-0.07037354
-0.46313477
0.58007812
0.87548828
0.20654297
0.15966797
0.18798828
0.18066406
0.18835449
0.12963867
-0.18286133
0.17077637
0.28173828
-0.04754639
0.07604980
-0.04763794
-0.14428711
-0.08935547
0.18286133
-0.19335938
-0.31787109
0.11175537
-0.31201172
-0.09997559
-0.23461914
-0.33569336
-0.25390625
0.09265137
0.24291992
0.46142578
0.35717773
0.39453125
-0.30322266
0.34472656
-0.89892578
0.42822266
-0.27685547
-0.12731934
-0.19519043
0.19104004
-0.17321777
0.18005371
0.17163086
0.18115234
-1.28906250
-0.28930664
-1.12792969
0.85693359
0.66748047
-0.06124878
-0.03125000
0.45971680
0.10046387
-0.70019531
-0.78759766
0.30468750
0.13146973
-0.06719971
-0.75000000
0.13183594
-0.33886719
0.01220703
0.20678711
-0.41528320
-0.72949219
-0.27758789
0.39575195
1.99609375
0.16625977
-0.67773438
-0.49902344
-0.31884766
-0.37231445
-0.04922485
0.31372070
-0.24597168
0.97363281
-1.16015625
-0.08959961
0.27490234
-0.30834961
-0.38769531
0.56738281
0.37158203
-0.55761719
0.10522461
-0.48193359
-0.52001953
-0.75048828
-0.31958008
-0.41918945
0.50976562
0.51855469
0.98291016
1.01367188
0.25659180
0.74218750
0.36718750
-0.74755859
0.54052734
-1.67675781
0.01934814
0.40698242
-0.42016602
0.28002930
-0.29321289
-0.25146484
-0.29760742
-1.03808594
0.32617188
-0.64404297
0.49267578
0.50537109
-0.05139160
-0.00866699
0.30810547
0.08703613
-0.48339844
-0.42504883
0.39599609
0.26342773
0.06518555
-0.37646484
-0.02612305
-0.36718750
-0.05480957
0.14685059
-0.54638672
-0.49511719
-0.31201172
0.43994141
1.75781250
0.17321777
-0.39868164
-0.25756836
-0.15759277
-0.16381836
0.04965210
0.12445068
-0.08636475
-0.30419922
-0.74658203
-0.40527344
0.36938477
-0.06481934
-0.28369141
0.38525391
0.21594238
-0.40527344
0.00158691
-0.42260742
-0.35717773
-0.64746094
-0.31567383
-0.35986328
0.32763672
0.42895508
0.87548828
0.87841797
0.34619141
0.41259766
0.39038086
-0.83837891
0.50878906
-1.28320312
-0.04199219
0.23645020
-0.19934082
0.12213135
-0.10858154
-0.09350586
-0.11309814
-0.10827637
0.17871094
-0.06768799
0.10107422
0.23925781
-0.19165039
0.18774414
0.36132812
-0.01379395
-0.38134766
-0.02276611
0.52832031
0.41040039
0.27832031
0.11346436
-0.26293945
-0.48779297
-0.22424316
-0.09460449
-0.83105469
-0.16406250
-0.47851562
0.60058594
0.95703125
0.22106934
0.08392334
0.12231445
0.14160156
0.12829590
0.07958984
-0.12585449
0.12042236
-0.34814453
-0.08880615
-0.14001465
0.19274902
0.08520508
-0.29101562
0.35937500
-0.03887939
-0.39135742
0.01831055
-0.38476562
-0.12329102
-0.36572266
-0.37060547
-0.29736328
0.14648438
0.34985352
0.59130859
0.45776367
0.45605469
-0.21594238
0.36450195
-0.94042969
0.45727539
-0.37231445
-0.10772705
-0.16540527
0.12817383
-0.12915039
0.12072754
0.12249756
0.12512207
0.35717773
0.17980957
0.05889893
-0.03048706
0.23522949
-0.09216309
0.07482910
0.38525391
0.03674316
-0.41406250
0.02679443
0.42382812
0.36376953
0.19213867
0.10308838
-0.20837402
-0.46533203
-0.21594238
-0.05883789
-0.72216797
-0.14892578
-0.35180664
0.50878906
0.92285156
0.24914551
-0.15466309
-0.13269043
0.07049561
-0.11499023
-0.06878662
0.10186768
-0.04284668
-0.28906250
0.11657715
-0.16320801
0.24438477
0.19763184
-0.39355469
0.42187500
0.05172729
-0.40722656
0.02355957
-0.35888672
-0.07653809
-0.28100586
-0.31616211
-0.27783203
0.19604492
0.33886719
0.55371094
0.43212891
0.37060547
-0.18347168
0.26293945
-0.81298828
0.43872070
-0.44873047
-0.09405518
-0.15307617
-0.12384033
-0.02246094
-0.11450195
-0.02986145
-0.09497070
0.72167969
0.39428711
0.10595703
0.00915527
0.20410156
0.04180908
-0.04156494
0.15966797
0.12646484
-0.16149902
0.21533203
0.29077148
0.37792969
0.19873047
0.10382080
-0.15075684
-0.31738281
-0.14965820
-0.00476074
-0.55957031
-0.01837158
-0.32763672
0.47998047
1.30078125
0.17089844
0.00361633
0.08862305
0.08050537
0.11413574
0.14074707
-0.12152100
0.11877441
0.03002930
0.38354492
-0.41430664
0.34399414
0.15649414
-0.21557617
0.17736816
0.12219238
-0.22534180
-0.04205322
-0.12890625
0.12225342
-0.00442505
-0.15954590
-0.19580078
0.04888916
0.16918945
0.51269531
0.45458984
0.24316406
-0.15917969
0.27636719
-0.80517578
0.44775391
-0.63769531
-0.09753418
-0.04354858
0.10589600
-0.09661865
0.12438965
0.11328125
0.12371826
0.16601562
-0.08746338
0.21691895
-0.20971680
0.08099365
0.12780762
-0.09027100
0.34667969
0.13159180
-0.38598633
0.10375977
0.41503906
0.40234375
0.23681641
0.14501953
-0.24072266
-0.45581055
-0.24804688
-0.11816406
-0.74951172
-0.13305664
-0.44189453
0.58789062
1.00292969
0.25488281
-0.04528809
-0.00381470
0.09857178
0.00634766
0.01847839
-0.01194763
0.03887939
0.47119141
0.28442383
-0.05197144
0.17529297
0.29370117
-0.37402344
0.40869141
0.17468262
-0.38452148
-0.04943848
-0.32617188
0.01611328
-0.12866211
-0.29394531
-0.27026367
0.14392090
0.24914551
0.49731445
0.41284180
0.33496094
-0.22949219
0.30908203
-0.87255859
0.48486328
-0.45336914
-0.10961914
-0.14428711
0.00195694
-0.07250977
0.00391388
0.04617310
0.01457977
-0.39624023
-0.42065430
0.46606445
-0.33520508
0.09515381
0.17138672
-0.14880371
0.22680664
0.15832520
-0.32885742
0.00146484
0.39843750
0.41552734
0.17041016
-0.01647949
-0.16638184
-0.44091797
-0.19067383
0.02600098
-0.59960938
-0.29736328
-0.35791016
0.50097656
1.43847656
0.26953125
-0.28100586
-0.18273926
-0.03469849
-0.12176514
0.04031372
0.09130859
-0.03991699
0.65136719
0.36694336
0.01135254
0.23974609
0.35546875
-0.27783203
0.30078125
0.20300293
-0.29980469
-0.09436035
-0.33764648
-0.05700684
-0.32421875
-0.25878906
-0.31787109
0.18737793
0.30761719
0.73730469
0.71289062
0.24328613
0.07153320
0.31787109
-0.76416016
0.54199219
-0.92773438
-0.11602783
0.05255127
-0.14794922
0.03173828
-0.08843994
-0.03805542
-0.08154297
-0.80517578
-0.58496094
0.30151367
-0.46508789
-0.25244141
0.36328125
-0.38378906
0.15087891
0.36645508
-0.53271484
-0.13659668
0.52441406
0.40917969
0.19311523
-0.18994141
-0.12310791
-0.46386719
-0.15820312
-0.02172852
-0.85058594
-0.24609375
-0.48535156
0.61523438
1.34082031
0.11840820
0.08532715
0.16687012
0.01443481
0.16967773
0.09033203
-0.15942383
0.10064697
-0.07440186
-0.20007324
0.45776367
-0.15209961
0.38403320
-0.11450195
0.27368164
0.42578125
-0.37622070
-0.22045898
-0.54833984
-0.14392090
-0.40185547
-0.36010742
-0.34326172
0.29101562
0.43164062
0.73095703
0.59570312
0.52246094
0.01806641
0.40014648
-1.06347656
0.47412109
-0.64648438
0.01222992
0.03414917
0.17565918
-0.04565430
0.16577148
0.08935547
0.15246582
-0.29492188
-0.20239258
-0.01544189
-0.24987793
-0.32495117
0.34912109
-0.32128906
0.13854980
0.31787109
-0.39282227
0.02807617
0.42700195
0.40576172
0.22143555
-0.00543213
-0.14550781
-0.44189453
-0.16796875
-0.03198242
-0.82714844
-0.13037109
-0.45703125
0.58935547
1.20410156
0.15441895
-0.02769470
0.04107666
0.01783752
0.04129028
0.00348091
-0.03573608
0.02159119
-0.58056641
-0.38037109
0.35034180
-0.28173828
0.21887207
-0.08209229
0.21386719
0.33300781
-0.29052734
-0.18432617
-0.37988281
0.01745605
-0.19262695
-0.26464844
-0.26074219
0.18115234
0.36254883
0.61425781
0.46459961
0.48486328
-0.07159424
0.34130859
-1.02539062
0.43945312
-0.58105469
-0.00684738
-0.02516174
0.04364014
-0.01609802
0.03414917
0.01992798
0.03390503
0.20349121
-0.01184082
-0.02429199
-0.18920898
-0.12744141
0.19189453
-0.15014648
0.15283203
0.16540527
-0.21752930
0.13427734
0.27294922
0.33129883
0.24645996
0.06045532
-0.12268066
-0.30273438
-0.13073730
-0.07958984
-0.68847656
0.14367676
-0.46484375
0.56542969
1.08203125
0.08843994
0.28491211
0.33666992
0.18554688
0.32373047
0.21350098
-0.30517578
0.24926758
-0.41137695
-0.37280273
0.26635742
-0.13610840
0.16613770
-0.08215332
0.17517090
0.16931152
-0.20434570
-0.04595947
-0.13427734
0.18017578
0.10949707
-0.13769531
-0.15075684
0.02102661
0.18542480
0.41210938
0.24877930
0.36474609
-0.30834961
0.32275391
-0.97167969
0.37597656
-0.34765625
-0.06854248
-0.14648438
0.33544922
-0.20800781
0.31127930
0.24023438
0.29809570
0.57031250
0.25659180
-0.18212891
-0.10913086
-0.22509766
0.30029297
-0.25170898
0.15356445
0.23242188
-0.24560547
0.23803711
0.27978516
0.36572266
0.24670410
0.14758301
-0.17492676
-0.38818359
-0.20349121
-0.08435059
-0.69042969
0.07757568
-0.41381836
0.56103516
1.01171875
0.19104004
0.04013062
0.07958984
0.14733887
0.07995605
0.06137085
-0.07855225
0.09552002
-0.00344849
-0.22607422
0.18994141
-0.24938965
0.12316895
-0.04742432
0.16064453
0.25195312
-0.22253418
-0.07855225
-0.11035156
0.20141602
0.10845947
-0.16284180
-0.18652344
0.06112671
0.20556641
0.45288086
0.30932617
0.30029297
-0.29541016
0.24853516
-0.86669922
0.43334961
-0.40405273
-0.09436035
-0.18469238
0.08013916
-0.12359619
0.07244873
0.10064697
0.08038330
0.14184570
0.08197021
-0.05264282
-0.02716064
-0.24633789
0.38867188
-0.37792969
0.24047852
0.23242188
-0.35668945
0.14233398
0.46142578
0.44335938
0.30517578
0.19262695
-0.28198242
-0.49365234
-0.27734375
-0.14038086
-0.70654297
-0.16491699
-0.43774414
0.55859375
0.87890625
0.29882812
-0.13085938
-0.10955811
0.10595703
-0.08081055
-0.01260376
0.06286621
-0.00126648
0.18847656
-0.00825500
0.03616333
-0.16088867
0.09808350
-0.07214355
0.22644043
0.32788086
-0.30590820
-0.16394043
-0.33251953
0.06433105
-0.21484375
-0.27758789
-0.26025391
0.11132812
0.24169922
0.49316406
0.40917969
0.27050781
-0.25390625
0.29345703
-0.76367188
0.48730469
-0.44067383
-0.14892578
-0.17932129
-0.09417725
-0.06185913
-0.07305908
0.01197052
-0.05612183
-0.17578125
0.39038086
-0.41137695
0.09130859
-0.31054688
0.26806641
-0.30102539
0.02330017
0.28491211
-0.23059082
0.13208008
0.43896484
0.48144531
0.24743652
0.05395508
-0.20092773
-0.45947266
-0.22497559
-0.01501465
-0.64892578
-0.28955078
-0.38525391
0.52539062
1.36230469
0.26757812
-0.26196289
-0.17150879
-0.01785278
-0.10748291
0.04537964
0.07714844
-0.02597046
0.66308594
0.28759766
-0.09838867
-0.35986328
-0.00146484
0.08721924
0.02281189
0.27563477
-0.14672852
-0.22045898
-0.30297852
0.05639648
-0.24462891
-0.24804688
-0.30322266
0.15722656
0.26953125
0.68750000
0.66650391
0.26635742
0.03027344
0.32958984
-0.78808594
0.53613281
-0.87451172
-0.11767578
0.03137207
-0.13427734
0.01663208
-0.07379150
-0.02404785
-0.06695557
-0.38134766
-0.09082031
0.02325439
0.29443359
-0.23242188
0.34887695
-0.49047852
0.02429199
0.40844727
-0.33032227
0.19433594
0.53613281
0.48046875
0.31567383
0.18212891
-0.30224609
-0.48291016
-0.29125977
-0.15759277
-0.76855469
-0.18408203
-0.42968750
0.57128906
0.77050781
0.24401855
-0.00856781
0.01686096
0.07952881
0.02020264
0.00001335
-0.02055359
0.03065491
0.04681396
0.18591309
-0.19836426
-0.03698730
-0.26879883
0.24475098
-0.03070068
0.43334961
-0.19653320
-0.34863281
-0.41040039
0.05078125
-0.25463867
-0.31933594
-0.28173828
0.13696289
0.21179199
0.42700195
0.39990234
0.33789062
-0.23547363
0.30761719
-0.80126953
0.45214844
-0.31347656
-0.08929443
-0.12475586
0.01853943
-0.05697632
0.01399994
0.03643799
0.02096558
-0.30712891
-0.20947266
0.09460449
0.30175781
-0.18225098
0.29467773
-0.44897461
-0.02583313
0.40478516
-0.31469727
0.22595215
0.44531250
0.46093750
0.28417969
0.14904785
-0.25000000
-0.49316406
-0.27221680
-0.08654785
-0.75146484
-0.19104004
-0.36303711
0.54199219
0.93847656
0.26586914
-0.17956543
-0.15502930
0.07604980
-0.13500977
-0.05789185
0.11871338
-0.04708862
-0.38720703
0.10717773
-0.18652344
0.05255127
-0.32226562
0.32568359
-0.10729980
0.40844727
-0.15356445
-0.31762695
-0.32031250
0.11364746
-0.16259766
-0.26489258
-0.27661133
0.15698242
0.25561523
0.53759766
0.47875977
0.34008789
-0.14208984
0.27636719
-0.82861328
0.46533203
-0.48315430
-0.11499023
-0.16174316
-0.14648438
-0.02536011
-0.13073730
-0.03250122
-0.10974121
0.00238037
-0.17944336
-0.06494141
0.19714355
-0.18908691
0.24597168
-0.30566406
0.06683350
0.24047852
-0.16015625
0.25122070
0.32031250
0.42822266
0.30395508
0.25488281
-0.24182129
-0.38916016
-0.24816895
-0.09411621
-0.58105469
-0.01342773
-0.34448242
0.49609375
0.98974609
0.24963379
0.00663757
0.04486084
0.14929199
0.07482910
0.12646484
-0.08795166
0.11938477
-0.36083984
0.14965820
-0.18029785
-0.10858154
-0.12487793
0.18530273
-0.00488281
0.28369141
-0.12561035
-0.15173340
-0.07287598
0.21252441
-0.01379395
-0.14978027
-0.17517090
0.00463867
0.11181641
0.43872070
0.40380859
0.18725586
-0.30224609
0.26269531
-0.71533203
0.46289062
-0.42749023
-0.17016602
-0.15869141
0.06195068
-0.13830566
0.08612061
0.12243652
0.09368896
0.36254883
-0.14831543
0.16589355
0.16137695
0.04553223
0.12780762
-0.38818359
-0.11865234
0.42846680
-0.24121094
0.27856445
0.49560547
0.53808594
0.35937500
0.25317383
-0.30395508
-0.51806641
-0.30688477
-0.13977051
-0.81738281
-0.14721680
-0.45556641
0.60351562
0.91210938
0.27392578
0.04080200
0.07135010
0.16125488
0.08355713
0.08898926
-0.08874512
0.11102295
-0.15478516
-0.13818359
-0.02850342
0.21459961
-0.34448242
0.40917969
-0.23791504
0.38720703
-0.06298828
-0.38085938
-0.30834961
0.18188477
-0.15063477
-0.26831055
-0.24499512
0.09814453
0.20910645
0.50830078
0.45336914
0.33911133
-0.26708984
0.33007812
-0.86328125
0.48730469
-0.35180664
-0.16687012
-0.19860840
0.07861328
-0.13903809
0.08312988
0.11682129
0.09136963
0.63574219
-0.01580811
0.51904297
0.08715820
0.26025391
-0.18090820
-0.18896484
-0.37841797
0.51464844
-0.23937988
0.17675781
0.53759766
0.51367188
0.27221680
-0.12585449
-0.16076660
-0.50488281
-0.21264648
-0.05517578
-0.87158203
-0.24670410
-0.49462891
0.63378906
1.33496094
0.12481689
0.08520508
0.16674805
0.01370239
0.16992188
0.08996582
-0.15954590
0.10040283
0.50048828
-0.61865234
0.17663574
0.48144531
-0.37890625
0.33496094
-0.43188477
0.24658203
0.10485840
-0.52441406
-0.53662109
0.08349609
-0.25439453
-0.30419922
-0.37133789
0.27197266
0.38354492
0.71777344
0.59375000
0.48632812
0.01025391
0.38818359
-1.05371094
0.49218750
-0.64453125
0.01287842
0.03509521
0.17578125
-0.04510498
0.16589355
0.08905029
0.15258789
-0.06347656
0.26147461
0.27172852
-0.01983643
0.23071289
-0.14892578
-0.20446777
-0.29638672
0.44726562
-0.20837402
0.25976562
0.37744141
0.43212891
0.30615234
0.09808350
-0.22717285
-0.50292969
-0.28271484
-0.12524414
-0.78125000
-0.17077637
-0.45825195
0.61816406
1.07031250
0.23205566
-0.00714874
0.03698730
0.09362793
0.04473877
0.03393555
-0.04681396
0.05871582
0.71533203
-0.36279297
0.25463867
0.37695312
-0.29663086
0.37036133
-0.39306641
0.28417969
0.05303955
-0.39257812
-0.25927734
0.20104980
-0.00500488
-0.22412109
-0.27099609
0.15966797
0.24780273
0.56396484
0.46948242
0.31835938
-0.15246582
0.30151367
-0.88476562
0.50878906
-0.49462891
-0.08502197
-0.12261963
0.04348755
-0.07659912
0.04086304
0.06219482
0.04852295
-0.62304688
0.39086914
0.01292419
-0.23315430
0.36499023
-0.24938965
-0.11584473
-0.34155273
0.43896484
-0.14941406
0.30004883
0.40795898
0.48046875
0.29492188
0.12304688
-0.24230957
-0.53320312
-0.28979492
-0.08947754
-0.76464844
-0.23925781
-0.40478516
0.56933594
1.11328125
0.28027344
-0.25537109
-0.20336914
0.01130676
-0.17736816
-0.09191895
0.15905762
-0.09283447
0.29345703
-0.01406860
0.34277344
0.30053711
-0.16711426
0.34619141
-0.43872070
0.22766113
0.13635254
-0.46044922
-0.28759766
0.18994141
-0.09167480
-0.23657227
-0.29516602
0.18798828
0.27783203
0.58886719
0.52734375
0.31396484
-0.08300781
0.27709961
-0.83789062
0.51855469
-0.63867188
-0.08361816
-0.08233643
-0.19067383
0.03131104
-0.17150879
-0.08001709
-0.15112305
-0.49780273
0.27246094
-0.10858154
-0.26586914
0.34228516
-0.29980469
-0.07666016
-0.32031250
0.40258789
-0.09350586
0.34350586
0.35913086
0.46777344
0.34912109
0.22839355
-0.27246094
-0.51660156
-0.30639648
-0.13256836
-0.84814453
-0.10424805
-0.47192383
0.64501953
1.08496094
0.25610352
0.00436401
0.05377197
0.12866211
0.06015015
0.05746460
-0.06292725
0.08184814
-0.28906250
0.18469238
0.23034668
0.16052246
-0.02435303
0.28491211
-0.40820312
0.21142578
0.15832520
-0.40014648
-0.13903809
0.28588867
0.06091309
-0.20385742
-0.22937012
0.09918213
0.20202637
0.51367188
0.43798828
0.34960938
-0.24584961
0.32226562
-0.96289062
0.51562500
-0.44970703
-0.12152100
-0.16577148
0.05761719
-0.10754395
0.05554199
0.08697510
0.06536865
-0.13867188
0.26416016
-0.38745117
-0.44995117
0.42773438
-0.28369141
0.06146240
-0.32714844
0.33203125
-0.05627441
0.23486328
0.42236328
0.54882812
0.23046875
-0.06359863
-0.16027832
-0.46240234
-0.23425293
0.00622559
-0.63916016
-0.35253906
-0.37915039
0.52343750
1.54296875
0.21093750
-0.22741699
-0.11395264
-0.06457520
-0.05374146
0.07720947
0.02856445
-0.00891113
-0.86181641
0.63134766
0.45922852
0.21948242
-0.05773926
0.12353516
-0.34472656
0.05084229
0.18933105
-0.40087891
-0.35083008
0.14318848
-0.19360352
-0.21801758
-0.37329102
0.20922852
0.28320312
0.78955078
0.78759766
0.27514648
0.17297363
0.32958984
-0.81591797
0.54931641
-0.99951172
-0.06732178
0.12329102
-0.07623291
0.03781128
-0.01849365
-0.01483917
-0.02119446
0.34204102
-0.13220215
-0.15649414
-0.24353027
0.28857422
-0.35375977
-0.01870728
-0.37036133
0.43310547
-0.07910156
0.38427734
0.51123047
0.62109375
0.42529297
0.22802734
-0.34130859
-0.61083984
-0.35693359
-0.15319824
-0.86621094
-0.20361328
-0.45336914
0.62646484
0.89990234
0.27709961
-0.13854980
-0.11383057
0.04663086
-0.09875488
-0.08435059
0.08972168
-0.05017090
-0.18395996
0.11749268
-0.03256226
-0.05566406
0.10296631
0.22900391
-0.49633789
0.25244141
0.14929199
-0.44824219
-0.23095703
0.29785156
-0.14709473
-0.25317383
-0.29394531
0.11413574
0.26904297
0.57714844
0.49560547
0.35400391
-0.22070312
0.29785156
-0.85644531
0.51855469
-0.44580078
-0.06823730
-0.12377930
-0.10656738
-0.00405884
-0.10089111
-0.03863525
-0.08587646
1.54101562
-1.17285156
-1.09960938
-0.81298828
0.67724609
-0.27929688
0.43017578
-0.46069336
0.36645508
-0.01025391
0.28417969
0.72656250
0.72070312
0.19018555
-0.54785156
-0.06152344
-0.56347656
-0.17504883
0.09692383
-0.61572266
-0.85839844
-0.43945312
0.51611328
2.11914062
0.22106934
-0.78076172
-0.60009766
-0.34716797
-0.46240234
-0.12646484
0.39916992
-0.31201172
0.54052734
0.36181641
-0.45214844
-0.42016602
0.32226562
-0.12353516
-0.30615234
-0.31005859
0.43603516
-0.75195312
-1.00488281
-0.00378418
-0.56835938
-0.36206055
-0.73925781
0.56689453
0.55224609
1.14453125
1.14160156
0.33227539
0.75048828
0.40771484
-0.87207031
0.64062500
-1.80175781
0.03393555
0.40820312
-0.51367188
0.32519531
-0.38208008
-0.31298828
-0.38159180
0.19738770
-0.48046875
-0.31445312
-0.27050781
0.20617676
-0.24194336
0.12915039
-0.23864746
0.20153809
0.01831055
0.23315430
0.22973633
0.42675781
0.22607422
0.10656738
-0.15905762
-0.39160156
-0.21960449
-0.03039551
-0.57275391
-0.12976074
-0.34936523
0.47851562
1.30273438
0.21496582
-0.13256836
-0.04132080
0.00952148
0.00378990
0.09588623
-0.02214050
0.03918457
0.61230469
-0.08605957
-0.24291992
-0.19506836
0.18115234
-0.03601074
-0.21374512
0.00088501
0.19238281
-0.25292969
-0.06787109
0.23767090
0.02722168
-0.11090088
-0.20947266
0.07049561
0.17883301
0.57470703
0.54443359
0.21545410
-0.05877686
0.27758789
-0.74804688
0.48291016
-0.76367188
-0.10028076
0.02597046
-0.01389313
-0.02487183
0.02740479
0.03631592
0.02708435
-0.45800781
-0.19909668
0.02557373
0.01635742
-0.00338745
-0.24267578
0.31225586
-0.33227539
0.23645020
0.08471680
0.33496094
0.38305664
0.48730469
0.31835938
-0.00268555
-0.17358398
-0.47753906
-0.23632812
-0.08398438
-0.83593750
-0.17504883
-0.48339844
0.62500000
1.20214844
0.12261963
0.11175537
0.18225098
0.03253174
0.18383789
0.09954834
-0.17211914
0.11437988
0.49267578
-0.46875000
-0.43286133
-0.39941406
0.38623047
-0.22998047
-0.22656250
-0.15075684
0.37060547
-0.45996094
-0.29248047
0.27490234
-0.02807617
-0.18896484
-0.29248047
0.18347168
0.27734375
0.60009766
0.50195312
0.40673828
-0.03869629
0.35034180
-0.97851562
0.46533203
-0.54296875
0.00028992
0.01293945
0.18933105
-0.06222534
0.17834473
0.10327148
0.16528320
-0.41845703
0.05584717
0.08361816
0.06945801
-0.04199219
-0.28588867
0.28271484
-0.35375977
0.24938965
0.05395508
0.33349609
0.27929688
0.42187500
0.35986328
0.20239258
-0.24572754
-0.49072266
-0.29370117
-0.14550781
-0.80322266
-0.09466553
-0.47338867
0.62304688
1.01757812
0.22924805
0.07043457
0.11016846
0.13671875
0.11621094
0.09094238
-0.11560059
0.11669922
-0.06207275
-0.24743652
-0.16076660
-0.21264648
0.26831055
-0.20373535
-0.26806641
-0.04708862
0.30175781
-0.39111328
-0.08105469
0.33276367
0.10522461
-0.13916016
-0.18237305
0.07287598
0.18005371
0.47900391
0.39990234
0.31250000
-0.23754883
0.31933594
-0.90283203
0.48901367
-0.40405273
-0.11877441
-0.15612793
0.11590576
-0.12622070
0.11157227
0.11840820
0.11517334
-0.13500977
0.23974609
0.22436523
0.26098633
-0.20751953
-0.30029297
0.39770508
-0.40356445
0.24230957
0.13769531
0.43432617
0.37719727
0.52783203
0.40502930
0.26123047
-0.31201172
-0.54541016
-0.34082031
-0.14965820
-0.86621094
-0.16589355
-0.43457031
0.62207031
0.90478516
0.25830078
-0.07965088
-0.05426025
0.08764648
-0.04266357
-0.02050781
0.03488159
0.00332260
-0.46069336
-0.04019165
-0.00596619
-0.16625977
0.30737305
-0.31176758
-0.24755859
-0.12322998
0.40429688
-0.47851562
-0.10736084
0.36816406
0.04089355
-0.19555664
-0.22302246
0.10797119
0.17687988
0.47656250
0.44604492
0.34960938
-0.20898438
0.30444336
-0.90283203
0.48535156
-0.39916992
-0.10510254
-0.15393066
-0.04794312
-0.05090332
-0.04293823
0.01325989
-0.03100586
0.36132812
0.47558594
0.35693359
0.22387695
-0.12524414
-0.12500000
0.23254395
-0.19458008
0.08666992
0.09545898
0.22729492
0.12463379
0.37377930
0.25341797
0.19543457
-0.18310547
-0.40966797
-0.26123047
-0.05883789
-0.57470703
-0.07171631
-0.31982422
0.48217773
1.22265625
0.24218750
-0.14636230
-0.07214355
0.05200195
-0.03262329
0.06164551
0.01348877
0.02832031
-0.60351562
-0.00695801
-0.12213135
-0.24304199
0.25415039
-0.23327637
-0.05792236
-0.13745117
0.27539062
-0.21508789
0.11065674
0.30053711
0.15673828
-0.06597900
-0.15576172
0.03860474
0.13452148
0.52392578
0.48779297
0.16992188
-0.13867188
0.23559570
-0.71044922
0.49731445
-0.67333984
-0.12414551
-0.05285645
-0.04977417
-0.04428101
-0.01533508
0.03059387
-0.00547028
1.61035156
0.56152344
0.88085938
0.89990234
-0.56835938
0.16613770
0.49877930
-0.09729004
0.03588867
0.31054688
0.52832031
0.59277344
0.67578125
0.15087891
-0.44555664
-0.07031250
-0.47290039
-0.20019531
0.03967285
-0.44335938
-0.79492188
-0.30224609
0.43408203
1.97460938
0.21520996
-0.67773438
-0.50585938
-0.31372070
-0.37475586
-0.04718018
0.31518555
-0.24487305
0.12695312
1.05566406
0.71093750
-0.02416992
0.46606445
-0.35571289
0.27221680
-0.58300781
0.56542969
-0.63574219
-0.75781250
0.10913086
-0.35205078
-0.28955078
-0.73486328
0.52197266
0.39965820
0.96240234
1.03320312
0.20385742
0.67138672
0.34741211
-0.72656250
0.61718750
-1.67187500
0.00457764
0.39868164
-0.42407227
0.27661133
-0.29345703
-0.24987793
-0.29858398
0.19311523
-0.11010742
-0.01463318
0.24389648
-0.38037109
-0.00537109
0.44824219
-0.29931641
0.10009766
0.23974609
0.41748047
0.32080078
0.50244141
0.39941406
0.28833008
-0.30517578
-0.47509766
-0.32421875
-0.17285156
-0.77441406
-0.13134766
-0.41967773
0.58496094
0.85791016
0.25488281
-0.02241516
0.00627136
0.09326172
0.01832581
0.02546692
-0.02339172
0.04296875
0.38525391
0.20544434
0.22778320
0.20434570
0.00689697
-0.41992188
0.00988770
-0.27246094
0.43017578
-0.39331055
-0.01287842
0.39599609
0.08325195
-0.15051270
-0.16906738
0.05206299
0.09484863
0.36743164
0.37988281
0.27685547
-0.25756836
0.29785156
-0.82177734
0.47143555
-0.35815430
-0.11566162
-0.13513184
0.01324463
-0.07104492
0.01864624
0.04904175
0.02499390
-0.29687500
-0.39453125
0.09045410
0.36376953
-0.30322266
0.09973145
0.18188477
-0.06390381
-0.04376221
0.14318848
0.17602539
0.04046631
0.29052734
0.25170898
0.15527344
-0.16040039
-0.39599609
-0.26049805
-0.05297852
-0.63037109
-0.07562256
-0.34960938
0.52783203
1.41406250
0.19885254
-0.07476807
0.02305603
0.03149414
0.05453491
0.10003662
-0.06561279
0.06756592
0.78320312
0.49853516
0.50195312
0.17932129
0.04388428
-0.21887207
0.09826660
-0.22558594
0.29785156
-0.15319824
0.18066406
0.31835938
0.25878906
-0.03131104
-0.17346191
0.03573608
0.13012695
0.56103516
0.52734375
0.22119141
-0.08312988
0.27343750
-0.83398438
0.52197266
-0.76025391
-0.07812500
0.00344658
0.04388428
-0.04690552
0.06903076
0.06292725
0.06823730
-0.26831055
-0.11694336
-0.07861328
0.07812500
-0.26440430
0.06781006
0.46850586
-0.33935547
0.11590576
0.22802734
0.42089844
0.29882812
0.57324219
0.48583984
0.33398438
-0.34399414
-0.56738281
-0.38476562
-0.21069336
-0.87695312
-0.12158203
-0.52539062
0.67187500
0.81835938
0.28662109
0.11572266
0.13085938
0.19519043
0.13842773
0.11529541
-0.13940430
0.14978027
0.02030945
-0.02658081
0.06063843
0.17761230
-0.07556152
-0.41308594
0.03839111
-0.25244141
0.40063477
-0.35815430
0.01916504
0.49023438
0.12939453
-0.10961914
-0.16882324
-0.00100708
0.11682129
0.46215820
0.42138672
0.29345703
-0.32250977
0.33105469
-0.86962891
0.51171875
-0.26708984
-0.17626953
-0.23278809
0.13647461
-0.17431641
0.13562012
0.15502930
0.14001465
-0.37622070
-0.19873047
-0.34301758
-0.10546875
-0.26318359
0.30688477
0.35839844
-0.11822510
-0.05957031
0.32495117
0.41577148
0.23315430
0.47363281
0.35595703
0.19189453
-0.27294922
-0.56640625
-0.34985352
-0.13085938
-0.78173828
-0.23535156
-0.41381836
0.59033203
1.10351562
0.28906250
-0.25439453
-0.20275879
0.01242065
-0.17736816
-0.09136963
0.15930176
-0.09259033
-0.57763672
-0.33715820
0.00646973
0.36547852
-0.30322266
-0.29638672
0.27856445
-0.39282227
0.45556641
-0.35888672
0.00952148
0.38525391
0.12316895
-0.12756348
-0.25585938
0.13964844
0.20068359
0.55468750
0.51904297
0.26855469
-0.09350586
0.26367188
-0.82373047
0.53906250
-0.63427734
-0.08630371
-0.08398438
-0.19055176
0.03053284
-0.17175293
-0.07965088
-0.15136719
0.08117676
0.02392578
-0.07788086
-0.09320068
-0.11889648
0.19384766
0.30737305
-0.18090820
0.01828003
0.20605469
0.31152344
0.16625977
0.34912109
0.37158203
0.17980957
-0.22253418
-0.39038086
-0.26293945
-0.16345215
-0.74218750
-0.03295898
-0.46679688
0.59375000
0.84863281
0.15942383
0.18933105
0.21533203
0.17370605
0.21582031
0.16430664
-0.20874023
0.18859863
-0.20214844
-0.12988281
-0.06390381
0.13293457
-0.18273926
-0.21594238
0.14672852
-0.24755859
0.31420898
-0.24816895
0.02001953
0.38720703
0.17150879
-0.04089355
-0.14965820
-0.00361633
0.08129883
0.34960938
0.29785156
0.28979492
-0.24877930
0.31835938
-0.86865234
0.41308594
-0.27612305
-0.10858154
-0.16784668
0.21948242
-0.17797852
0.21203613
0.18627930
0.20715332
0.53222656
0.17028809
-0.34814453
-0.08752441
-0.13317871
0.15478516
0.09350586
-0.02377319
-0.08209229
0.09368896
0.04406738
-0.05230713
0.20166016
0.21997070
0.21118164
-0.13781738
-0.30371094
-0.22619629
-0.05529785
-0.50390625
0.04998779
-0.28808594
0.44360352
1.12890625
0.17785645
-0.00915527
0.05758667
0.08355713
0.08557129
0.12719727
-0.09503174
0.10375977
-0.21630859
-0.41357422
-0.09582520
0.27026367
-0.15686035
-0.09118652
0.09295654
-0.14306641
0.17492676
-0.05712891
0.24951172
0.28149414
0.28027344
0.02307129
-0.05480957
-0.03826904
0.04553223
0.40161133
0.39160156
0.14428711
-0.17944336
0.22094727
-0.68945312
0.43212891
-0.54833984
-0.10644531
-0.05776978
0.07537842
-0.09326172
0.09814453
0.10040283
0.09918213
0.58935547
0.51464844
-0.22387695
-0.29809570
-0.04565430
0.24340820
0.06372070
0.04620361
-0.14916992
0.15515137
0.07525635
-0.05340576
0.21911621
0.24389648
0.20227051
-0.15954590
-0.38037109
-0.27246094
-0.07006836
-0.59960938
0.00134277
-0.33789062
0.51757812
1.26269531
0.20483398
-0.06610107
0.01442719
0.06585693
0.04327393
0.09185791
-0.05398560
0.07043457
0.47387695
-0.15991211
-0.37207031
0.20458984
-0.28271484
-0.02520752
0.18359375
-0.20678711
0.22619629
-0.08605957
0.25732422
0.30859375
0.30981445
0.00769043
-0.10528564
0.00265121
0.08532715
0.48217773
0.44775391
0.17358398
-0.15283203
0.23242188
-0.77246094
0.50000000
-0.64550781
-0.09680176
-0.05242920
0.03173828
-0.06854248
0.05471802
0.06866455
0.05880737
-0.05749512
0.38720703
-0.01354980
-0.32080078
-0.05285645
0.34472656
0.18334961
-0.05969238
-0.06567383
0.23681641
0.28808594
0.12329102
0.47070312
0.30224609
0.21826172
-0.23706055
-0.51904297
-0.35839844
-0.09814453
-0.60791016
-0.25756836
-0.37890625
0.53173828
1.31738281
0.33496094
-0.31542969
-0.23950195
0.01478577
-0.17321777
0.03019714
0.13574219
-0.04837036
0.60742188
0.16528320
-0.34960938
0.12817383
-0.33984375
-0.08197021
0.28417969
-0.30004883
0.29785156
-0.18859863
0.09313965
0.36376953
0.18518066
-0.05938721
-0.21093750
0.07171631
0.14160156
0.64062500
0.66455078
0.13757324
-0.02813721
0.27246094
-0.70654297
0.58740234
-0.85449219
-0.17858887
-0.03332520
-0.20300293
0.00528717
-0.13623047
-0.03933716
-0.12164307
-0.41162109
-0.08984375
0.22106934
-0.17944336
0.28491211
0.42602539
0.08685303
0.07391357
-0.22448730
0.45434570
0.45703125
0.23022461
0.55615234
0.45288086
0.28686523
-0.35034180
-0.58300781
-0.39868164
-0.20739746
-0.83007812
-0.21679688
-0.44897461
0.62890625
0.86035156
0.29296875
-0.14843750
-0.12597656
0.04971313
-0.10986328
-0.07043457
0.09893799
-0.05038452
0.08630371
0.19848633
-0.00201416
-0.25024414
-0.23828125
0.11364746
0.49902344
-0.44775391
0.42236328
-0.23571777
0.13500977
0.50683594
0.16174316
-0.10424805
-0.21948242
0.07324219
0.11938477
0.44238281
0.44287109
0.25781250
-0.21850586
0.28100586
-0.80468750
0.52734375
-0.42968750
-0.09375000
-0.12573242
-0.11865234
-0.00728989
-0.10913086
-0.03826904
-0.09368896
-0.47656250
-0.25073242
0.28808594
-0.12634277
0.36596680
0.38769531
-0.03408813
0.17150879
-0.28540039
0.46411133
0.42309570
0.15014648
0.49755859
0.41503906
0.27319336
-0.32519531
-0.62890625
-0.41699219
-0.18859863
-0.84960938
-0.25292969
-0.47070312
0.64404297
1.02148438
0.32177734
-0.19848633
-0.15124512
0.03808594
-0.13000488
-0.06567383
0.11401367
-0.05972290
-0.41064453
0.24011230
0.05340576
-0.33520508
-0.17749023
0.24926758
0.50341797
-0.42041016
0.39477539
-0.21679688
0.15112305
0.47509766
0.22302246
-0.08654785
-0.21520996
0.09112549
0.15649414
0.54736328
0.50927734
0.25195312
-0.14599609
0.27587891
-0.82470703
0.56640625
-0.56542969
-0.11029053
-0.10925293
-0.14111328
0.00274658
-0.12561035
-0.04760742
-0.10833740
0.09570312
-1.21972656
1.02929688
-0.18908691
0.67089844
0.07983398
-0.39086914
0.53320312
-0.47998047
0.71582031
0.98486328
0.55078125
0.90917969
0.31689453
-0.30273438
-0.18750000
-0.64892578
-0.31884766
-0.01269531
-0.63769531
-0.89746094
-0.45556641
0.54248047
2.10351562
0.25146484
-0.78076172
-0.60449219
-0.34326172
-0.46411133
-0.12487793
0.40014648
-0.31103516
-1.62988281
0.14392090
0.59667969
-0.89550781
-0.33544922
0.29467773
0.35498047
-0.15441895
0.30712891
-0.22924805
-0.34765625
0.47485352
-0.11914062
-0.25830078
-0.86865234
0.53906250
0.44921875
1.11230469
1.14550781
0.28759766
0.70263672
0.38964844
-0.85644531
0.68847656
-1.79785156
0.02392578
0.40258789
-0.51660156
0.32275391
-0.38256836
-0.31201172
-0.38232422
0.39526367
-0.28198242
0.10748291
0.10467529
0.27514648
0.10784912
-0.17333984
0.23461914
-0.33447266
0.43798828
0.41796875
0.13146973
0.50390625
0.44335938
0.19494629
-0.26049805
-0.54296875
-0.33740234
-0.16479492
-0.93408203
-0.10931396
-0.57910156
0.70312500
1.11035156
0.17687988
0.17675781
0.23071289
0.10571289
0.23071289
0.14050293
-0.21862793
0.16662598
-0.23474121
-0.19775391
0.29003906
-0.26611328
0.08825684
0.27050781
0.32861328
-0.24682617
0.24523926
-0.08618164
0.13732910
0.53320312
0.24487305
-0.03808594
-0.20104980
0.05453491
0.15637207
0.52929688
0.45410156
0.36621094
-0.19396973
0.36474609
-1.01171875
0.50537109
-0.43090820
-0.06311035
-0.07464600
0.23681641
-0.12731934
0.22387695
0.15881348
0.21179199
0.32617188
0.03088379
-0.09594727
0.23303223
0.32299805
0.19714355
-0.23315430
0.26831055
-0.35302734
0.50585938
0.40942383
0.11987305
0.52685547
0.45800781
0.32202148
-0.35961914
-0.61816406
-0.43359375
-0.21484375
-0.84277344
-0.22021484
-0.43408203
0.62695312
0.83105469
0.30957031
-0.13513184
-0.12103271
0.07867432
-0.10900879
-0.07073975
0.09777832
-0.04150391
0.22778320
-0.17431641
0.13952637
-0.14843750
0.16503906
0.42285156
0.47509766
-0.38647461
0.32934570
-0.12182617
0.23071289
0.52441406
0.23400879
-0.04956055
-0.17431641
0.04547119
0.11132812
0.46679688
0.47021484
0.24279785
-0.22351074
0.26879883
-0.79052734
0.53417969
-0.38916016
-0.11517334
-0.17016602
-0.11657715
-0.02731323
-0.11077881
-0.02699280
-0.09191895
0.01782227
0.22460938
-0.23071289
0.35400391
0.28222656
0.03198242
-0.34277344
0.35742188
-0.42626953
0.49951172
0.35644531
0.04711914
0.43969727
0.43823242
0.30419922
-0.32568359
-0.60351562
-0.41821289
-0.19750977
-0.88427734
-0.18225098
-0.48681641
0.68408203
1.10937500
0.30078125
-0.10321045
-0.05181885
0.08428955
-0.03085327
0.01042938
0.01937866
0.01719666
0.66601562
-0.31396484
0.22509766
-0.11291504
0.28613281
0.45068359
0.34497070
-0.26513672
0.23913574
-0.05297852
0.26953125
0.51708984
0.32128906
-0.03015137
-0.18432617
0.05545044
0.10729980
0.50927734
0.49145508
0.26635742
-0.20703125
0.30761719
-0.92285156
0.57910156
-0.55468750
-0.12768555
-0.13330078
-0.03961182
-0.05563354
-0.02586365
0.02548218
-0.01515961
-0.14636230
0.01483154
-0.00135231
0.11883545
0.15576172
0.09252930
-0.25317383
0.22583008
-0.27294922
0.36718750
0.26318359
0.03186035
0.43017578
0.43896484
0.33764648
-0.32055664
-0.50878906
-0.37915039
-0.22802734
-0.74414062
-0.07739258
-0.42480469
0.58056641
0.60400391
0.26782227
0.04010010
0.03826904
0.15625000
0.04232788
0.03108215
-0.04574585
0.07287598
0.04846191
0.04013062
-0.04333496
-0.00338745
0.15454102
0.39697266
0.40209961
-0.37207031
0.28149414
-0.06982422
0.26293945
0.50244141
0.26855469
0.02380371
-0.08374023
-0.06604004
0.03283691
0.31982422
0.30249023
0.19995117
-0.34375000
0.25244141
-0.70605469
0.45361328
-0.18823242
-0.14013672
-0.22351074
0.04028320
-0.11962891
0.03756714
0.08294678
0.04779053
-1.50585938
1.04101562
-1.09570312
0.81542969
0.24487305
-0.34790039
-0.55615234
0.54492188
-0.56640625
0.70507812
0.92138672
0.39453125
0.76171875
0.24743652
-0.22143555
-0.17919922
-0.53027344
-0.31396484
-0.05346680
-0.45629883
-0.82763672
-0.31518555
0.45458984
1.96093750
0.24169922
-0.67773438
-0.50976562
-0.31054688
-0.37646484
-0.04608154
0.31591797
-0.24414062
-0.58496094
0.58789062
-0.28198242
0.38134766
0.69335938
0.18164062
-0.11474609
0.22863770
0.01928711
0.05932617
-0.05712891
0.45556641
0.01959229
-0.21301270
-0.83007812
0.49511719
0.31933594
0.93164062
1.03320312
0.17358398
0.63085938
0.33569336
-0.71386719
0.65966797
-1.66796875
-0.00354004
0.39428711
-0.42578125
0.27441406
-0.29370117
-0.24902344
-0.29907227
0.02381897
-0.06347656
0.00036621
0.09057617
-0.07122803
-0.20947266
-0.44506836
0.38818359
-0.40600586
0.43652344
0.24218750
0.00732422
0.40478516
0.40161133
0.30151367
-0.32324219
-0.53125000
-0.38989258
-0.19360352
-0.73144531
-0.17272949
-0.32763672
0.53906250
0.71240234
0.27075195
-0.21179199
-0.20202637
0.02224731
-0.18981934
-0.13586426
0.17687988
-0.11090088
-0.36816406
0.15856934
-0.16430664
0.24023438
0.30639648
0.36962891
0.19506836
-0.19506836
0.15991211
0.02502441
0.30908203
0.46679688
0.26953125
-0.00048828
-0.13671875
0.01132202
0.06396484
0.35913086
0.38647461
0.20520020
-0.20605469
0.21008301
-0.68164062
0.46972656
-0.37719727
-0.06445312
-0.12329102
-0.19885254
0.03433228
-0.19079590
-0.09521484
-0.16967773
0.37426758
0.00244141
-0.28491211
0.23010254
0.00286865
-0.14440918
-0.13037109
0.15625000
-0.20654297
0.10607910
-0.14562988
-0.21386719
0.00437927
0.18554688
0.20202637
-0.11846924
-0.29785156
-0.25732422
-0.08819580
-0.51513672
0.08264160
-0.30517578
0.48168945
1.18359375
0.18017578
0.00463867
0.07537842
0.08843994
0.10223389
0.13183594
-0.10986328
0.11334229
-0.49951172
0.49902344
-0.27514648
0.19604492
0.21313477
0.10546875
0.00340271
0.00825500
-0.02435303
0.02786255
0.21813965
0.17968750
0.34765625
0.09039307
-0.01403809
-0.05020142
0.00659180
0.36767578
0.36132812
0.11657715
-0.19335938
0.21179199
-0.71435547
0.46948242
-0.56835938
-0.09906006
-0.06079102
0.09295654
-0.09912109
0.11352539
0.10906982
0.11315918
1.57226562
-1.11132812
0.40722656
-0.11840820
-0.42065430
-0.38232422
-0.42089844
0.41284180
-0.54687500
0.67382812
0.91845703
0.33398438
0.75585938
0.26196289
-0.17687988
-0.19873047
-0.53955078
-0.33496094
-0.07080078
-0.45849609
-0.83349609
-0.31738281
0.45825195
1.95800781
0.24670410
-0.67773438
-0.50976562
-0.31005859
-0.37670898
-0.04586792
0.31591797
-0.24414062
0.36669922
0.44116211
-1.05566406
0.89257812
0.60302734
-0.08966064
-0.38159180
0.42309570
-0.14880371
0.21484375
0.09838867
0.50146484
0.09155273
-0.19494629
-0.84033203
0.48779297
0.30322266
0.92431641
1.03125000
0.16784668
0.62304688
0.33349609
-0.71142578
0.66748047
-1.66699219
-0.00506592
0.39355469
-0.42626953
0.27416992
-0.29370117
-0.24877930
-0.29907227
-0.01487732
0.13769531
-0.08312988
-0.00856781
-0.11724854
-0.28002930
-0.43359375
0.35937500
-0.33422852
0.35034180
0.20556641
-0.05676270
0.45996094
0.47583008
0.38403320
-0.32202148
-0.46655273
-0.37646484
-0.23449707
-0.76757812
-0.05688477
-0.44091797
0.57421875
0.43676758
0.23791504
0.19104004
0.17333984
0.20202637
0.17004395
0.11535645
-0.16479492
0.16320801
-0.09887695
0.03387451
0.09600830
0.03010559
0.11035156
0.27099609
0.10998535
-0.19262695
0.10754395
0.09887695
0.32690430
0.55419922
0.33447266
0.09667969
0.03833008
-0.14062500
-0.03381348
0.25000000
0.29565430
0.19238281
-0.36523438
0.26367188
-0.67089844
0.39843750
0.00122070
-0.16284180
-0.24060059
0.17272949
-0.18273926
0.16235352
0.16699219
0.16369629
-0.34741211
-0.03884888
0.19531250
-0.29150391
-0.38452148
-0.45727539
-0.46728516
0.43969727
-0.47485352
0.46679688
0.23291016
-0.08239746
0.41333008
0.43676758
0.31933594
-0.33666992
-0.63623047
-0.44995117
-0.21044922
-0.86914062
-0.20068359
-0.44775391
0.64355469
0.95117188
0.31445312
-0.17150879
-0.14123535
0.06787109
-0.12609863
-0.07104492
0.11273193
-0.05157471
0.36596680
-0.22546387
0.05981445
0.10168457
0.02862549
0.02514648
-0.18151855
0.07867432
-0.05291748
0.18652344
0.37939453
0.51220703
0.36816406
0.04333496
-0.13500977
0.02380371
0.09143066
0.48437500
0.46386719
0.23339844
-0.20227051
0.26293945
-0.82177734
0.55615234
-0.48510742
-0.11572266
-0.15539551
-0.13525391
-0.01733398
-0.12585449
-0.03698730
-0.10620117
-1.60937500
0.35449219
1.00195312
-0.88671875
-0.73535156
-0.23095703
-0.16833496
0.21557617
-0.47802734
0.60937500
0.88916016
0.26782227
0.74414062
0.27490234
-0.13171387
-0.21826172
-0.54882812
-0.35571289
-0.08813477
-0.46044922
-0.83984375
-0.31982422
0.46215820
1.95507812
0.25170898
-0.67773438
-0.51074219
-0.30957031
-0.37695312
-0.04565430
0.31616211
-0.24401855
-0.14111328
-1.14160156
0.52685547
0.15576172
0.00976562
-0.31738281
-0.54296875
0.55029297
-0.30395508
0.35986328
0.25122070
0.53955078
0.16284180
-0.17578125
-0.84912109
0.47949219
0.28710938
0.91650391
1.03027344
0.16210938
0.61474609
0.33129883
-0.70898438
0.67529297
-1.66601562
-0.00659180
0.39257812
-0.42675781
0.27392578
-0.29370117
-0.24865723
-0.29931641
-0.16809082
0.20532227
0.06854248
-0.24389648
-0.28417969
-0.37500000
-0.36206055
0.39184570
-0.41870117
0.36645508
0.09692383
-0.15783691
0.26098633
0.40185547
0.31323242
-0.30126953
-0.51171875
-0.40380859
-0.23620605
-0.78955078
-0.05834961
-0.43164062
0.63281250
0.81103516
0.24572754
0.07684326
0.09643555
0.15197754
0.09332275
0.05441284
-0.09069824
0.10015869
-0.37426758
-0.09997559
0.16662598
-0.10040283
-0.14428711
-0.16699219
-0.28540039
0.15649414
-0.10772705
0.20068359
0.36010742
0.43701172
0.38378906
0.08605957
-0.07720947
-0.04504395
0.00439453
0.33715820
0.33325195
0.19470215
-0.31640625
0.25781250
-0.79589844
0.50537109
-0.27905273
-0.11401367
-0.19726562
0.09515381
-0.12695312
0.08282471
0.10552979
0.09118652
0.28320312
0.28735352
-0.07495117
-0.21386719
-0.24243164
-0.31030273
-0.23779297
0.30615234
-0.38989258
0.37377930
0.16528320
-0.11901855
0.32006836
0.40258789
0.32275391
-0.31933594
-0.52392578
-0.41040039
-0.22045898
-0.77587891
-0.18420410
-0.44482422
0.61230469
0.92089844
0.29589844
-0.11547852
-0.07897949
0.06860352
-0.06091309
-0.00952911
0.04919434
-0.00613022
-0.45605469
0.10943604
0.26391602
-0.26367188
-0.30322266
-0.29443359
-0.38623047
0.27563477
-0.22338867
0.30493164
0.39624023
0.46313477
0.38232422
0.05023193
-0.09497070
0.00067139
0.00476074
0.37329102
0.42309570
0.17395020
-0.20446777
0.26123047
-0.76513672
0.53222656
-0.45605469
-0.12719727
-0.12152100
-0.06958008
-0.03775024
-0.05694580
0.00360870
-0.04446411
1.61230469
0.66601562
-0.63916016
-0.41552734
-0.43627930
0.03228760
0.13122559
-0.01586914
-0.36694336
0.51367188
0.83398438
0.19763184
0.72509766
0.28710938
-0.08630371
-0.23718262
-0.55712891
-0.37597656
-0.10559082
-0.46240234
-0.84521484
-0.32202148
0.46582031
1.95312500
0.25683594
-0.67724609
-0.51123047
-0.30908203
-0.37695312
-0.04544067
0.31616211
-0.24389648
-0.08728027
0.99316406
0.93359375
-0.79833984
-0.59179688
-0.39111328
-0.55273438
0.59082031
-0.43164062
0.48681641
0.39697266
0.56933594
0.23254395
-0.15588379
-0.85498047
0.47021484
0.27050781
0.90820312
1.02929688
0.15625000
0.60693359
0.32861328
-0.70654297
0.68310547
-1.66601562
-0.00811768
0.39160156
-0.42724609
0.27343750
-0.29370117
-0.24853516
-0.29931641
0.69091797
-0.05346680
-0.67236328
-0.09020996
-0.16528320
0.01739502
0.07672119
0.01550293
-0.25781250
0.29882812
0.46704102
0.01452637
0.60546875
0.32128906
0.07916260
-0.23583984
-0.53564453
-0.39526367
-0.12231445
-0.61035156
-0.55810547
-0.35913086
0.51855469
1.71679688
0.24218750
-0.39648438
-0.26464844
-0.15307617
-0.16589355
0.05102539
0.12536621
-0.08557129
0.83251953
0.81298828
0.35644531
-0.60937500
-0.48217773
-0.28784180
-0.37744141
0.37597656
-0.32446289
0.38012695
0.37597656
0.53320312
0.34960938
-0.02798462
-0.51513672
0.22924805
0.17932129
0.78320312
0.88183594
0.21423340
0.32275391
0.34741211
-0.79248047
0.63378906
-1.27148438
-0.05810547
0.22851562
-0.20275879
0.11920166
-0.10791016
-0.09228516
-0.11376953
-0.06964111
-0.05703735
-0.01101685
0.06671143
0.04226685
-0.11376953
-0.15051270
0.26879883
-0.26879883
0.22143555
-0.01858521
-0.21850586
0.14538574
0.33789062
0.28271484
-0.23925781
-0.39111328
-0.33447266
-0.18933105
-0.73437500
0.00805664
-0.39697266
0.58056641
0.72949219
0.18493652
0.13928223
0.15002441
0.16687012
0.14294434
0.10974121
-0.13769531
0.14013672
0.11694336
0.02975464
-0.03720093
-0.09948730
-0.18908691
-0.31958008
-0.33691406
0.20166016
-0.17773438
0.22680664
0.30908203
0.34399414
0.37011719
0.12121582
-0.01385498
-0.07220459
-0.04138184
0.27050781
0.29809570
0.20129395
-0.28515625
0.25512695
-0.78906250
0.41601562
-0.18395996
-0.11511230
-0.19067383
0.14599609
-0.15454102
0.13513184
0.14233398
0.13854980
