-0.00377394
-117935.60964750
-117935.60964750
-117935.60964750
-117935.60964750
-117935.60964750
-117935.60964750
-117935.60964750
-117935.60964750
-117935.60964750
-117935.60964750
-117935.60964750
-117935.60964750
-117935.60964750
-117935.60964750
-117935.60964750
-117935.60964750
-117935.60964750
-117935.60964750
-117935.60964750
-117935.60964750
-117935.60964750
-117935.60964750
-117935.60964750
-117935.60964750
-117935.60964750
-117935.60964750
-117935.60964750
-117935.60964750
-117935.60964750
-117935.60964750
-117935.60964750
-117935.60964750
-117935.60964750
-117935.60964750
-117935.60964750
-117935.60964750
-117935.60964750
-117935.60964750
-117935.60964750
-117935.60964750
-117935.60964750
-117935.60964750
-117935.60964750
-117935.60964750
-117935.60964750
-117935.60964750
-117935.60964750
-117935.60964750
-117935.60964750
-117935.60964750
-117935.60964750
-117935.60964750
-117935.60964750
-117935.60964750
-117935.60964750
-117935.60964750
-117935.60964750
-117935.60964750
-117935.60964750
-117935.60964750
-117935.60964750
-117935.60964750
-117935.60964750
-117935.60964750
-117935.60964750
-117935.60964750
-117935.60964750
-117935.60964750
-117935.60964750
-117935.60964750
-117935.60964750
-117935.60964750
-117935.60964750
-117935.60964750
-117935.60964750
-117935.60964750
-117935.60964750
-117935.60964750
-117935.60964750
-117935.60964750
-117935.60964750
-117935.60964750
-117935.60964750
-117935.60964750
-117935.60964750
-117935.60964750
-117935.60964750
-117935.60964750
-117935.60964750
-117935.60964750
-117935.60964750
-117935.60964750
-117935.60964750
-117935.60964750
-117935.60964750
-117935.60964750
-117935.60964750
-117935.60964750
-117935.60964750
-117935.60964750
-117935.60964750
-117935.60964750
-117935.60964750
-117935.60964750
-117935.60964750
-117935.60964750
-117935.60964750
-117935.60964750
-117935.60964750
-117935.60964750
-117935.60964750
-117935.60964750
-117935.60964750
-117935.60964750
-117935.60964750
-117935.60964750
-117935.60964750
-117935.60964750
-117935.60964750
-117935.60964750
-117935.60964750
-117935.60964750
-117935.60964750
-117935.60964750
-117935.60964750
-117935.60964750
-117935.60964750
-117935.60964750
-117935.60964750
-117935.60964750
-117935.60964750
-117935.60964750
-117935.60964750
-117935.60964750
-117935.60964750
-117935.60964750
-117935.60964750
-117935.60964750
-117935.60964750
-117935.60964750
-117935.60964750
-117935.60964750
-117935.60964750
-117935.60964750
-117935.60964750
-117935.60964750
-117935.60964750
-117935.60964750
-117935.60964750
-117935.60964750
-117935.60964750
-117935.60964750
-117935.60964750
-117935.60964750
-117935.60964750
-117935.60964750
-117935.60964750
-117935.60964750
-117935.60964750
-117935.60964750
-117935.60964750
-117935.60964750
-117935.60964750
-117935.60964750
-117935.60964750
-117935.60964750
-117935.60964750
-117935.60964750
-117935.60964750
-117935.60964750
-117935.60964750
-117935.60964750
-117935.60964750
-117935.60964750
-117935.60964750
-117935.60964750
-117935.60964750
-117935.60964750
-117935.60964750
-117935.60964750
-117935.60964750
-117935.60964750
-117935.60964750
-117935.60964750
-117935.60964750
-117935.60964750
-117935.60964750
-117935.60964750
-117935.60964750
-117935.60964750
-117935.60964750
-117935.60964750
-117935.60964750
-117935.60964750
-117935.60964750
-117935.60964750
-117935.60964750
-117935.60964750
-117935.60964750
-117935.60964750
-117935.60964750
-117935.60964750
-117935.60964750
-117935.60964750
-117935.60964750
-117935.60964750
-117935.60964750
-117935.60964750
-117935.60964750
-117935.60964750
-117935.60964750
-117935.60964750
-117935.60964750
-117935.60964750
-117935.60964750
-117935.60964750
-117935.60964750
-117935.60964750
-117935.60964750
-117935.60964750
-117935.60964750
-117935.60964750
-117935.60964750
-117935.60964750
-117935.60964750
-117935.60964750
-117935.60964750
-117935.60964750
-117935.60964750
-117935.60964750
-117935.60964750
-117935.60964750
-117935.60964750
-117935.60964750
-117935.60964750
-117935.60964750
-117935.60964750
-117935.60964750
-117935.60964750
-117935.60964750
-117935.60964750
-117935.60964750
-117935.60964750
-117935.60964750
-117935.60964750
-117935.60964750
-117935.60964750
-117935.60964750
-117935.60964750
-117935.60964750
-117935.60964750
-117935.60964750
-117935.60964750
-117935.60964750
-117935.60964750
0.01049627
0.26500131
-117935.60964750
-117935.60964750
-117935.60964750
-117935.60964750
-117935.60964750
-117935.60964750
-117935.60964750
-117935.60964750
-117935.60964750
-117935.60964750
-117935.60964750
-117935.60964750
-117935.60964750
-117935.60964750
-117935.60964750
-117935.60964750
-117935.60964750
-117935.60964750
-117935.60964750
-117935.60964750
-117935.60964750
-117935.60964750
-117935.60964750
-117935.60964750
-117935.60964750
-117935.60964750
-117935.60964750
-117935.60964750
-117935.60964750
-117935.60964750
-117935.60964750
-117935.60964750
-117935.60964750
-117935.60964750
-117935.60964750
-117935.60964750
-117935.60964750
-117935.60964750
-117935.60964750
-117935.60964750
-117935.60964750
-117935.60964750
-117935.60964750
-117935.60964750
-117935.60964750
-117935.60964750
-117935.60964750
-117935.60964750
-117935.60964750
-117935.60964750
-117935.60964750
-117935.60964750
-117935.60964750
-117935.60964750
-117935.60964750
-117935.60964750
-117935.60964750
-117935.60964750
-117935.60964750
-117935.60964750
-117935.60964750
-117935.60964750
-117935.60964750
-117935.60964750
-117935.60964750
-117935.60964750
-117935.60964750
-117935.60964750
-117935.60964750
-117935.60964750
-117935.60964750
-117935.60964750
-117935.60964750
-117935.60964750
-117935.60964750
-117935.60964750
-117935.60964750
-117935.60964750
-117935.60964750
-117935.60964750
-117935.60964750
-117935.60964750
-117935.60964750
-117935.60964750
-117935.60964750
-117935.60964750
-117935.60964750
-117935.60964750
-117935.60964750
-117935.60964750
-117935.60964750
-117935.60964750
-117935.60964750
-117935.60964750
-117935.60964750
-117935.60964750
-117935.60964750
-117935.60964750
-117935.60964750
-117935.60964750
-117935.60964750
-117935.60964750
-117935.60964750
-117935.60964750
-117935.60964750
-117935.60964750
-117935.60964750
-117935.60964750
-117935.60964750
-117935.60964750
-117935.60964750
-117935.60964750
-117935.60964750
-117935.60964750
-117935.60964750
-117935.60964750
-117935.60964750
-117935.60964750
-117935.60964750
-117935.60964750
-117935.60964750
-117935.60964750
-117935.60964750
-117935.60964750
-117935.60964750
-117935.60964750
-117935.60964750
-117935.60964750
-117935.60964750
-117935.60964750
-117935.60964750
-117935.60964750
-117935.60964750
-117935.60964750
-117935.60964750
-117935.60964750
-117935.60964750
-117935.60964750
-117935.60964750
-117935.60964750
-117935.60964750
-117935.60964750
-117935.60964750
-117935.60964750
-117935.60964750
-117935.60964750
-117935.60964750
-117935.60964750
-117935.60964750
-117935.60964750
-117935.60964750
-117935.60964750
-117935.60964750
-117935.60964750
-117935.60964750
-117935.60964750
-117935.60964750
-117935.60964750
-117935.60964750
-117935.60964750
-117935.60964750
-117935.60964750
-117935.60964750
-117935.60964750
-117935.60964750
-117935.60964750
-117935.60964750
-117935.60964750
-117935.60964750
-117935.60964750
-117935.60964750
-117935.60964750
-117935.60964750
-117935.60964750
-117935.60964750
-117935.60964750
-117935.60964750
-117935.60964750
-117935.60964750
-117935.60964750
-117935.60964750
-117935.60964750
-117935.60964750
-117935.60964750
-117935.60964750
-117935.60964750
-117935.60964750
-117935.60964750
-117935.60964750
-117935.60964750
-117935.60964750
-117935.60964750
-117935.60964750
-117935.60964750
-117935.60964750
-117935.60964750
-117935.60964750
-117935.60964750
-117935.60964750
-117935.60964750
-117935.60964750
-117935.60964750
-117935.60964750
-117935.60964750
-117935.60964750
-117935.60964750
-117935.60964750
-117935.60964750
-117935.60964750
-117935.60964750
-117935.60964750
-117935.60964750
-117935.60964750
-117935.60964750
-117935.60964750
-117935.60964750
-117935.60964750
-117935.60964750
-117935.60964750
-117935.60964750
-117935.60964750
-117935.60964750
-117935.60964750
-117935.60964750
-117935.60964750
-117935.60964750
-117935.60964750
-117935.60964750
-117935.60964750
-117935.60964750
-117935.60964750
-117935.60964750
-117935.60964750
-117935.60964750
-117935.60964750
-117935.60964750
-117935.60964750
-117935.60964750
-117935.60964750
-117935.60964750
-117935.60964750
-117935.60964750
-117935.60964750
-117935.60964750
-117935.60964750
-117935.60964750
-117935.60964750
-117935.60964750
-117935.60964750
-117935.60964750
-117935.60964750
-117935.60964750
-117935.60964750
-117935.60964750
0.00884517
0.24318323
0.31819027
-117935.60964750
-117935.60964750
-117935.60964750
-117935.60964750
-117935.60964750
-117935.60964750
-117935.60964750
-117935.60964750
-117935.60964750
-117935.60964750
-117935.60964750
-117935.60964750
-117935.60964750
-117935.60964750
-117935.60964750
-117935.60964750
-117935.60964750
-117935.60964750
-117935.60964750
-117935.60964750
-117935.60964750
-117935.60964750
-117935.60964750
-117935.60964750
-117935.60964750
-117935.60964750
-117935.60964750
-117935.60964750
-117935.60964750
-117935.60964750
-117935.60964750
-117935.60964750
-117935.60964750
-117935.60964750
-117935.60964750
-117935.60964750
-117935.60964750
-117935.60964750
-117935.60964750
-117935.60964750
-117935.60964750
-117935.60964750
-117935.60964750
-117935.60964750
-117935.60964750
-117935.60964750
-117935.60964750
-117935.60964750
-117935.60964750
-117935.60964750
-117935.60964750
-117935.60964750
-117935.60964750
-117935.60964750
-117935.60964750
-117935.60964750
-117935.60964750
-117935.60964750
-117935.60964750
-117935.60964750
-117935.60964750
-117935.60964750
-117935.60964750
-117935.60964750
-117935.60964750
-117935.60964750
-117935.60964750
-117935.60964750
-117935.60964750
-117935.60964750
-117935.60964750
-117935.60964750
-117935.60964750
-117935.60964750
-117935.60964750
-117935.60964750
-117935.60964750
-117935.60964750
-117935.60964750
-117935.60964750
-117935.60964750
-117935.60964750
-117935.60964750
-117935.60964750
-117935.60964750
-117935.60964750
-117935.60964750
-117935.60964750
-117935.60964750
-117935.60964750
-117935.60964750
-117935.60964750
-117935.60964750
-117935.60964750
-117935.60964750
-117935.60964750
-117935.60964750
-117935.60964750
-117935.60964750
-117935.60964750
-117935.60964750
-117935.60964750
-117935.60964750
-117935.60964750
-117935.60964750
-117935.60964750
-117935.60964750
-117935.60964750
-117935.60964750
-117935.60964750
-117935.60964750
-117935.60964750
-117935.60964750
-117935.60964750
-117935.60964750
-117935.60964750
-117935.60964750
-117935.60964750
-117935.60964750
-117935.60964750
-117935.60964750
-117935.60964750
-117935.60964750
-117935.60964750
-117935.60964750
-117935.60964750
-117935.60964750
-117935.60964750
-117935.60964750
-117935.60964750
-117935.60964750
-117935.60964750
-117935.60964750
-117935.60964750
-117935.60964750
-117935.60964750
-117935.60964750
-117935.60964750
-117935.60964750
-117935.60964750
-117935.60964750
-117935.60964750
-117935.60964750
-117935.60964750
-117935.60964750
-117935.60964750
-117935.60964750
-117935.60964750
-117935.60964750
-117935.60964750
-117935.60964750
-117935.60964750
-117935.60964750
-117935.60964750
-117935.60964750
-117935.60964750
-117935.60964750
-117935.60964750
-117935.60964750
-117935.60964750
-117935.60964750
-117935.60964750
-117935.60964750
-117935.60964750
-117935.60964750
-117935.60964750
-117935.60964750
-117935.60964750
-117935.60964750
-117935.60964750
-117935.60964750
-117935.60964750
-117935.60964750
-117935.60964750
-117935.60964750
-117935.60964750
-117935.60964750
-117935.60964750
-117935.60964750
-117935.60964750
-117935.60964750
-117935.60964750
-117935.60964750
-117935.60964750
-117935.60964750
-117935.60964750
-117935.60964750
-117935.60964750
-117935.60964750
-117935.60964750
-117935.60964750
-117935.60964750
-117935.60964750
-117935.60964750
-117935.60964750
-117935.60964750
-117935.60964750
-117935.60964750
-117935.60964750
-117935.60964750
-117935.60964750
-117935.60964750
-117935.60964750
-117935.60964750
-117935.60964750
-117935.60964750
-117935.60964750
-117935.60964750
-117935.60964750
-117935.60964750
-117935.60964750
-117935.60964750
-117935.60964750
-117935.60964750
-117935.60964750
-117935.60964750
-117935.60964750
-117935.60964750
-117935.60964750
-117935.60964750
-117935.60964750
-117935.60964750
-117935.60964750
-117935.60964750
-117935.60964750
-117935.60964750
-117935.60964750
-117935.60964750
-117935.60964750
-117935.60964750
-117935.60964750
-117935.60964750
-117935.60964750
-117935.60964750
-117935.60964750
-117935.60964750
-117935.60964750
-117935.60964750
-117935.60964750
-117935.60964750
-117935.60964750
-117935.60964750
-117935.60964750
-117935.60964750
-117935.60964750
-117935.60964750
-117935.60964750
-117935.60964750
-117935.60964750
-117935.60964750
-117935.60964750
-117935.60964750
-117935.60964750
0.00082555
0.03443720
0.07264834
0.06911027
-117935.60964750
-117935.60964750
-117935.60964750
-117935.60964750
-117935.60964750
-117935.60964750
-117935.60964750
-117935.60964750
-117935.60964750
-117935.60964750
-117935.60964750
-117935.60964750
-117935.60964750
-117935.60964750
-117935.60964750
-117935.60964750
-117935.60964750
-117935.60964750
-117935.60964750
-117935.60964750
-117935.60964750
-117935.60964750
-117935.60964750
-117935.60964750
-117935.60964750
-117935.60964750
-117935.60964750
-117935.60964750
-117935.60964750
-117935.60964750
-117935.60964750
-117935.60964750
-117935.60964750
-117935.60964750
-117935.60964750
-117935.60964750
-117935.60964750
-117935.60964750
-117935.60964750
-117935.60964750
-117935.60964750
-117935.60964750
-117935.60964750
-117935.60964750
-117935.60964750
-117935.60964750
-117935.60964750
-117935.60964750
-117935.60964750
-117935.60964750
-117935.60964750
-117935.60964750
-117935.60964750
-117935.60964750
-117935.60964750
-117935.60964750
-117935.60964750
-117935.60964750
-117935.60964750
-117935.60964750
-117935.60964750
-117935.60964750
-117935.60964750
-117935.60964750
-117935.60964750
-117935.60964750
-117935.60964750
-117935.60964750
-117935.60964750
-117935.60964750
-117935.60964750
-117935.60964750
-117935.60964750
-117935.60964750
-117935.60964750
-117935.60964750
-117935.60964750
-117935.60964750
-117935.60964750
-117935.60964750
-117935.60964750
-117935.60964750
-117935.60964750
-117935.60964750
-117935.60964750
-117935.60964750
-117935.60964750
-117935.60964750
-117935.60964750
-117935.60964750
-117935.60964750
-117935.60964750
-117935.60964750
-117935.60964750
-117935.60964750
-117935.60964750
-117935.60964750
-117935.60964750
-117935.60964750
-117935.60964750
-117935.60964750
-117935.60964750
-117935.60964750
-117935.60964750
-117935.60964750
-117935.60964750
-117935.60964750
-117935.60964750
-117935.60964750
-117935.60964750
-117935.60964750
-117935.60964750
-117935.60964750
-117935.60964750
-117935.60964750
-117935.60964750
-117935.60964750
-117935.60964750
-117935.60964750
-117935.60964750
-117935.60964750
-117935.60964750
-117935.60964750
-117935.60964750
-117935.60964750
-117935.60964750
-117935.60964750
-117935.60964750
-117935.60964750
-117935.60964750
-117935.60964750
-117935.60964750
-117935.60964750
-117935.60964750
-117935.60964750
-117935.60964750
-117935.60964750
-117935.60964750
-117935.60964750
-117935.60964750
-117935.60964750
-117935.60964750
-117935.60964750
-117935.60964750
-117935.60964750
-117935.60964750
-117935.60964750
-117935.60964750
-117935.60964750
-117935.60964750
-117935.60964750
-117935.60964750
-117935.60964750
-117935.60964750
-117935.60964750
-117935.60964750
-117935.60964750
-117935.60964750
-117935.60964750
-117935.60964750
-117935.60964750
-117935.60964750
-117935.60964750
-117935.60964750
-117935.60964750
-117935.60964750
-117935.60964750
-117935.60964750
-117935.60964750
-117935.60964750
-117935.60964750
-117935.60964750
-117935.60964750
-117935.60964750
-117935.60964750
-117935.60964750
-117935.60964750
-117935.60964750
-117935.60964750
-117935.60964750
-117935.60964750
-117935.60964750
-117935.60964750
-117935.60964750
-117935.60964750
-117935.60964750
-117935.60964750
-117935.60964750
-117935.60964750
-117935.60964750
-117935.60964750
-117935.60964750
-117935.60964750
-117935.60964750
-117935.60964750
-117935.60964750
-117935.60964750
-117935.60964750
-117935.60964750
-117935.60964750
-117935.60964750
-117935.60964750
-117935.60964750
-117935.60964750
-117935.60964750
-117935.60964750
-117935.60964750
-117935.60964750
-117935.60964750
-117935.60964750
-117935.60964750
-117935.60964750
-117935.60964750
-117935.60964750
-117935.60964750
-117935.60964750
-117935.60964750
-117935.60964750
-117935.60964750
-117935.60964750
-117935.60964750
-117935.60964750
-117935.60964750
-117935.60964750
-117935.60964750
-117935.60964750
-117935.60964750
-117935.60964750
-117935.60964750
-117935.60964750
-117935.60964750
-117935.60964750
-117935.60964750
-117935.60964750
-117935.60964750
-117935.60964750
-117935.60964750
-117935.60964750
-117935.60964750
-117935.60964750
-117935.60964750
-117935.60964750
-117935.60964750
-117935.60964750
-117935.60964750
-117935.60964750
-117935.60964750
-117935.60964750
-117935.60964750
-117935.60964750
-117935.60964750
-117935.60964750
-0.00294839
-0.06262381
-0.03490894
-0.03986224
-0.09387675
-117935.60964750
-117935.60964750
-117935.60964750
-117935.60964750
-117935.60964750
-117935.60964750
-117935.60964750
-117935.60964750
-117935.60964750
-117935.60964750
-117935.60964750
-117935.60964750
-117935.60964750
-117935.60964750
-117935.60964750
-117935.60964750
-117935.60964750
-117935.60964750
-117935.60964750
-117935.60964750
-117935.60964750
-117935.60964750
-117935.60964750
-117935.60964750
-117935.60964750
-117935.60964750
-117935.60964750
-117935.60964750
-117935.60964750
-117935.60964750
-117935.60964750
-117935.60964750
-117935.60964750
-117935.60964750
-117935.60964750
-117935.60964750
-117935.60964750
-117935.60964750
-117935.60964750
-117935.60964750
-117935.60964750
-117935.60964750
-117935.60964750
-117935.60964750
-117935.60964750
-117935.60964750
-117935.60964750
-117935.60964750
-117935.60964750
-117935.60964750
-117935.60964750
-117935.60964750
-117935.60964750
-117935.60964750
-117935.60964750
-117935.60964750
-117935.60964750
-117935.60964750
-117935.60964750
-117935.60964750
-117935.60964750
-117935.60964750
-117935.60964750
-117935.60964750
-117935.60964750
-117935.60964750
-117935.60964750
-117935.60964750
-117935.60964750
-117935.60964750
-117935.60964750
-117935.60964750
-117935.60964750
-117935.60964750
-117935.60964750
-117935.60964750
-117935.60964750
-117935.60964750
-117935.60964750
-117935.60964750
-117935.60964750
-117935.60964750
-117935.60964750
-117935.60964750
-117935.60964750
-117935.60964750
-117935.60964750
-117935.60964750
-117935.60964750
-117935.60964750
-117935.60964750
-117935.60964750
-117935.60964750
-117935.60964750
-117935.60964750
-117935.60964750
-117935.60964750
-117935.60964750
-117935.60964750
-117935.60964750
-117935.60964750
-117935.60964750
-117935.60964750
-117935.60964750
-117935.60964750
-117935.60964750
-117935.60964750
-117935.60964750
-117935.60964750
-117935.60964750
-117935.60964750
-117935.60964750
-117935.60964750
-117935.60964750
-117935.60964750
-117935.60964750
-117935.60964750
-117935.60964750
-117935.60964750
-117935.60964750
-117935.60964750
-117935.60964750
-117935.60964750
-117935.60964750
-117935.60964750
-117935.60964750
-117935.60964750
-117935.60964750
-117935.60964750
-117935.60964750
-117935.60964750
-117935.60964750
-117935.60964750
-117935.60964750
-117935.60964750
-117935.60964750
-117935.60964750
-117935.60964750
-117935.60964750
-117935.60964750
-117935.60964750
-117935.60964750
-117935.60964750
-117935.60964750
-117935.60964750
-117935.60964750
-117935.60964750
-117935.60964750
-117935.60964750
-117935.60964750
-117935.60964750
-117935.60964750
-117935.60964750
-117935.60964750
-117935.60964750
-117935.60964750
-117935.60964750
-117935.60964750
-117935.60964750
-117935.60964750
-117935.60964750
-117935.60964750
-117935.60964750
-117935.60964750
-117935.60964750
-117935.60964750
-117935.60964750
-117935.60964750
-117935.60964750
-117935.60964750
-117935.60964750
-117935.60964750
-117935.60964750
-117935.60964750
-117935.60964750
-117935.60964750
-117935.60964750
-117935.60964750
-117935.60964750
-117935.60964750
-117935.60964750
-117935.60964750
-117935.60964750
-117935.60964750
-117935.60964750
-117935.60964750
-117935.60964750
-117935.60964750
-117935.60964750
-117935.60964750
-117935.60964750
-117935.60964750
-117935.60964750
-117935.60964750
-117935.60964750
-117935.60964750
-117935.60964750
-117935.60964750
-117935.60964750
-117935.60964750
-117935.60964750
-117935.60964750
-117935.60964750
-117935.60964750
-117935.60964750
-117935.60964750
-117935.60964750
-117935.60964750
-117935.60964750
-117935.60964750
-117935.60964750
-117935.60964750
-117935.60964750
-117935.60964750
-117935.60964750
-117935.60964750
-117935.60964750
-117935.60964750
-117935.60964750
-117935.60964750
-117935.60964750
-117935.60964750
-117935.60964750
-117935.60964750
-117935.60964750
-117935.60964750
-117935.60964750
-117935.60964750
-117935.60964750
-117935.60964750
-117935.60964750
-117935.60964750
-117935.60964750
-117935.60964750
-117935.60964750
-117935.60964750
-117935.60964750
-117935.60964750
-117935.60964750
-117935.60964750
-117935.60964750
-117935.60964750
-117935.60964750
-117935.60964750
-117935.60964750
-117935.60964750
-117935.60964750
-117935.60964750
-117935.60964750
-117935.60964750
-117935.60964750
0.00518917
0.06097271
0.11734593
0.12324271
0.08868758
0.04457966
-117935.60964750
-117935.60964750
-117935.60964750
-117935.60964750
-117935.60964750
-117935.60964750
-117935.60964750
-117935.60964750
-117935.60964750
-117935.60964750
-117935.60964750
-117935.60964750
-117935.60964750
-117935.60964750
-117935.60964750
-117935.60964750
-117935.60964750
-117935.60964750
-117935.60964750
-117935.60964750
-117935.60964750
-117935.60964750
-117935.60964750
-117935.60964750
-117935.60964750
-117935.60964750
-117935.60964750
-117935.60964750
-117935.60964750
-117935.60964750
-117935.60964750
-117935.60964750
-117935.60964750
-117935.60964750
-117935.60964750
-117935.60964750
-117935.60964750
-117935.60964750
-117935.60964750
-117935.60964750
-117935.60964750
-117935.60964750
-117935.60964750
-117935.60964750
-117935.60964750
-117935.60964750
-117935.60964750
-117935.60964750
-117935.60964750
-117935.60964750
-117935.60964750
-117935.60964750
-117935.60964750
-117935.60964750
-117935.60964750
-117935.60964750
-117935.60964750
-117935.60964750
-117935.60964750
-117935.60964750
-117935.60964750
-117935.60964750
-117935.60964750
-117935.60964750
-117935.60964750
-117935.60964750
-117935.60964750
-117935.60964750
-117935.60964750
-117935.60964750
-117935.60964750
-117935.60964750
-117935.60964750
-117935.60964750
-117935.60964750
-117935.60964750
-117935.60964750
-117935.60964750
-117935.60964750
-117935.60964750
-117935.60964750
-117935.60964750
-117935.60964750
-117935.60964750
-117935.60964750
-117935.60964750
-117935.60964750
-117935.60964750
-117935.60964750
-117935.60964750
-117935.60964750
-117935.60964750
-117935.60964750
-117935.60964750
-117935.60964750
-117935.60964750
-117935.60964750
-117935.60964750
-117935.60964750
-117935.60964750
-117935.60964750
-117935.60964750
-117935.60964750
-117935.60964750
-117935.60964750
-117935.60964750
-117935.60964750
-117935.60964750
-117935.60964750
-117935.60964750
-117935.60964750
-117935.60964750
-117935.60964750
-117935.60964750
-117935.60964750
-117935.60964750
-117935.60964750
-117935.60964750
-117935.60964750
-117935.60964750
-117935.60964750
-117935.60964750
-117935.60964750
-117935.60964750
-117935.60964750
-117935.60964750
-117935.60964750
-117935.60964750
-117935.60964750
-117935.60964750
-117935.60964750
-117935.60964750
-117935.60964750
-117935.60964750
-117935.60964750
-117935.60964750
-117935.60964750
-117935.60964750
-117935.60964750
-117935.60964750
-117935.60964750
-117935.60964750
-117935.60964750
-117935.60964750
-117935.60964750
-117935.60964750
-117935.60964750
-117935.60964750
-117935.60964750
-117935.60964750
-117935.60964750
-117935.60964750
-117935.60964750
-117935.60964750
-117935.60964750
-117935.60964750
-117935.60964750
-117935.60964750
-117935.60964750
-117935.60964750
-117935.60964750
-117935.60964750
-117935.60964750
-117935.60964750
-117935.60964750
-117935.60964750
-117935.60964750
-117935.60964750
-117935.60964750
-117935.60964750
-117935.60964750
-117935.60964750
-117935.60964750
-117935.60964750
-117935.60964750
-117935.60964750
-117935.60964750
-117935.60964750
-117935.60964750
-117935.60964750
-117935.60964750
-117935.60964750
-117935.60964750
-117935.60964750
-117935.60964750
-117935.60964750
-117935.60964750
-117935.60964750
-117935.60964750
-117935.60964750
-117935.60964750
-117935.60964750
-117935.60964750
-117935.60964750
-117935.60964750
-117935.60964750
-117935.60964750
-117935.60964750
-117935.60964750
-117935.60964750
-117935.60964750
-117935.60964750
-117935.60964750
-117935.60964750
-117935.60964750
-117935.60964750
-117935.60964750
-117935.60964750
-117935.60964750
-117935.60964750
-117935.60964750
-117935.60964750
-117935.60964750
-117935.60964750
-117935.60964750
-117935.60964750
-117935.60964750
-117935.60964750
-117935.60964750
-117935.60964750
-117935.60964750
-117935.60964750
-117935.60964750
-117935.60964750
-117935.60964750
-117935.60964750
-117935.60964750
-117935.60964750
-117935.60964750
-117935.60964750
-117935.60964750
-117935.60964750
-117935.60964750
-117935.60964750
-117935.60964750
-117935.60964750
-117935.60964750
-117935.60964750
-117935.60964750
-117935.60964750
-117935.60964750
-117935.60964750
-117935.60964750
-117935.60964750
-117935.60964750
-117935.60964750
-117935.60964750
-117935.60964750
-117935.60964750
-117935.60964750
0.06616188
1.48127126
1.95549034
1.91645366
2.17331741
1.52891724
2.51745352
-117935.60964750
-117935.60964750
-117935.60964750
-117935.60964750
-117935.60964750
-117935.60964750
-117935.60964750
-117935.60964750
-117935.60964750
-117935.60964750
-117935.60964750
-117935.60964750
-117935.60964750
-117935.60964750
-117935.60964750
-117935.60964750
-117935.60964750
-117935.60964750
-117935.60964750
-117935.60964750
-117935.60964750
-117935.60964750
-117935.60964750
-117935.60964750
-117935.60964750
-117935.60964750
-117935.60964750
-117935.60964750
-117935.60964750
-117935.60964750
-117935.60964750
-117935.60964750
-117935.60964750
-117935.60964750
-117935.60964750
-117935.60964750
-117935.60964750
-117935.60964750
-117935.60964750
-117935.60964750
-117935.60964750
-117935.60964750
-117935.60964750
-117935.60964750
-117935.60964750
-117935.60964750
-117935.60964750
-117935.60964750
-117935.60964750
-117935.60964750
-117935.60964750
-117935.60964750
-117935.60964750
-117935.60964750
-117935.60964750
-117935.60964750
-117935.60964750
-117935.60964750
-117935.60964750
-117935.60964750
-117935.60964750
-117935.60964750
-117935.60964750
-117935.60964750
-117935.60964750
-117935.60964750
-117935.60964750
-117935.60964750
-117935.60964750
-117935.60964750
-117935.60964750
-117935.60964750
-117935.60964750
-117935.60964750
-117935.60964750
-117935.60964750
-117935.60964750
-117935.60964750
-117935.60964750
-117935.60964750
-117935.60964750
-117935.60964750
-117935.60964750
-117935.60964750
-117935.60964750
-117935.60964750
-117935.60964750
-117935.60964750
-117935.60964750
-117935.60964750
-117935.60964750
-117935.60964750
-117935.60964750
-117935.60964750
-117935.60964750
-117935.60964750
-117935.60964750
-117935.60964750
-117935.60964750
-117935.60964750
-117935.60964750
-117935.60964750
-117935.60964750
-117935.60964750
-117935.60964750
-117935.60964750
-117935.60964750
-117935.60964750
-117935.60964750
-117935.60964750
-117935.60964750
-117935.60964750
-117935.60964750
-117935.60964750
-117935.60964750
-117935.60964750
-117935.60964750
-117935.60964750
-117935.60964750
-117935.60964750
-117935.60964750
-117935.60964750
-117935.60964750
-117935.60964750
-117935.60964750
-117935.60964750
-117935.60964750
-117935.60964750
-117935.60964750
-117935.60964750
-117935.60964750
-117935.60964750
-117935.60964750
-117935.60964750
-117935.60964750
-117935.60964750
-117935.60964750
-117935.60964750
-117935.60964750
-117935.60964750
-117935.60964750
-117935.60964750
-117935.60964750
-117935.60964750
-117935.60964750
-117935.60964750
-117935.60964750
-117935.60964750
-117935.60964750
-117935.60964750
-117935.60964750
-117935.60964750
-117935.60964750
-117935.60964750
-117935.60964750
-117935.60964750
-117935.60964750
-117935.60964750
-117935.60964750
-117935.60964750
-117935.60964750
-117935.60964750
-117935.60964750
-117935.60964750
-117935.60964750
-117935.60964750
-117935.60964750
-117935.60964750
-117935.60964750
-117935.60964750
-117935.60964750
-117935.60964750
-117935.60964750
-117935.60964750
-117935.60964750
-117935.60964750
-117935.60964750
-117935.60964750
-117935.60964750
-117935.60964750
-117935.60964750
-117935.60964750
-117935.60964750
-117935.60964750
-117935.60964750
-117935.60964750
-117935.60964750
-117935.60964750
-117935.60964750
-117935.60964750
-117935.60964750
-117935.60964750
-117935.60964750
-117935.60964750
-117935.60964750
-117935.60964750
-117935.60964750
-117935.60964750
-117935.60964750
-117935.60964750
-117935.60964750
-117935.60964750
-117935.60964750
-117935.60964750
-117935.60964750
-117935.60964750
-117935.60964750
-117935.60964750
-117935.60964750
-117935.60964750
-117935.60964750
-117935.60964750
-117935.60964750
-117935.60964750
-117935.60964750
-117935.60964750
-117935.60964750
-117935.60964750
-117935.60964750
-117935.60964750
-117935.60964750
-117935.60964750
-117935.60964750
-117935.60964750
-117935.60964750
-117935.60964750
-117935.60964750
-117935.60964750
-117935.60964750
-117935.60964750
-117935.60964750
-117935.60964750
-117935.60964750
-117935.60964750
-117935.60964750
-117935.60964750
-117935.60964750
-117935.60964750
-117935.60964750
-117935.60964750
-117935.60964750
-117935.60964750
-117935.60964750
-117935.60964750
-117935.60964750
-117935.60964750
-117935.60964750
-117935.60964750
-117935.60964750
-0.00436362
-0.08880551
-0.07453531
-0.06852059
-0.09989146
-0.08255493
-0.17195012
-0.09293326
-117935.60964750
-117935.60964750
-117935.60964750
-117935.60964750
-117935.60964750
-117935.60964750
-117935.60964750
-117935.60964750
-117935.60964750
-117935.60964750
-117935.60964750
-117935.60964750
-117935.60964750
-117935.60964750
-117935.60964750
-117935.60964750
-117935.60964750
-117935.60964750
-117935.60964750
-117935.60964750
-117935.60964750
-117935.60964750
-117935.60964750
-117935.60964750
-117935.60964750
-117935.60964750
-117935.60964750
-117935.60964750
-117935.60964750
-117935.60964750
-117935.60964750
-117935.60964750
-117935.60964750
-117935.60964750
-117935.60964750
-117935.60964750
-117935.60964750
-117935.60964750
-117935.60964750
-117935.60964750
-117935.60964750
-117935.60964750
-117935.60964750
-117935.60964750
-117935.60964750
-117935.60964750
-117935.60964750
-117935.60964750
-117935.60964750
-117935.60964750
-117935.60964750
-117935.60964750
-117935.60964750
-117935.60964750
-117935.60964750
-117935.60964750
-117935.60964750
-117935.60964750
-117935.60964750
-117935.60964750
-117935.60964750
-117935.60964750
-117935.60964750
-117935.60964750
-117935.60964750
-117935.60964750
-117935.60964750
-117935.60964750
-117935.60964750
-117935.60964750
-117935.60964750
-117935.60964750
-117935.60964750
-117935.60964750
-117935.60964750
-117935.60964750
-117935.60964750
-117935.60964750
-117935.60964750
-117935.60964750
-117935.60964750
-117935.60964750
-117935.60964750
-117935.60964750
-117935.60964750
-117935.60964750
-117935.60964750
-117935.60964750
-117935.60964750
-117935.60964750
-117935.60964750
-117935.60964750
-117935.60964750
-117935.60964750
-117935.60964750
-117935.60964750
-117935.60964750
-117935.60964750
-117935.60964750
-117935.60964750
-117935.60964750
-117935.60964750
-117935.60964750
-117935.60964750
-117935.60964750
-117935.60964750
-117935.60964750
-117935.60964750
-117935.60964750
-117935.60964750
-117935.60964750
-117935.60964750
-117935.60964750
-117935.60964750
-117935.60964750
-117935.60964750
-117935.60964750
-117935.60964750
-117935.60964750
-117935.60964750
-117935.60964750
-117935.60964750
-117935.60964750
-117935.60964750
-117935.60964750
-117935.60964750
-117935.60964750
-117935.60964750
-117935.60964750
-117935.60964750
-117935.60964750
-117935.60964750
-117935.60964750
-117935.60964750
-117935.60964750
-117935.60964750
-117935.60964750
-117935.60964750
-117935.60964750
-117935.60964750
-117935.60964750
-117935.60964750
-117935.60964750
-117935.60964750
-117935.60964750
-117935.60964750
-117935.60964750
-117935.60964750
-117935.60964750
-117935.60964750
-117935.60964750
-117935.60964750
-117935.60964750
-117935.60964750
-117935.60964750
-117935.60964750
-117935.60964750
-117935.60964750
-117935.60964750
-117935.60964750
-117935.60964750
-117935.60964750
-117935.60964750
-117935.60964750
-117935.60964750
-117935.60964750
-117935.60964750
-117935.60964750
-117935.60964750
-117935.60964750
-117935.60964750
-117935.60964750
-117935.60964750
-117935.60964750
-117935.60964750
-117935.60964750
-117935.60964750
-117935.60964750
-117935.60964750
-117935.60964750
-117935.60964750
-117935.60964750
-117935.60964750
-117935.60964750
-117935.60964750
-117935.60964750
-117935.60964750
-117935.60964750
-117935.60964750
-117935.60964750
-117935.60964750
-117935.60964750
-117935.60964750
-117935.60964750
-117935.60964750
-117935.60964750
-117935.60964750
-117935.60964750
-117935.60964750
-117935.60964750
-117935.60964750
-117935.60964750
-117935.60964750
-117935.60964750
-117935.60964750
-117935.60964750
-117935.60964750
-117935.60964750
-117935.60964750
-117935.60964750
-117935.60964750
-117935.60964750
-117935.60964750
-117935.60964750
-117935.60964750
-117935.60964750
-117935.60964750
-117935.60964750
-117935.60964750
-117935.60964750
-117935.60964750
-117935.60964750
-117935.60964750
-117935.60964750
-117935.60964750
-117935.60964750
-117935.60964750
-117935.60964750
-117935.60964750
-117935.60964750
-117935.60964750
-117935.60964750
-117935.60964750
-117935.60964750
-117935.60964750
-117935.60964750
-117935.60964750
-117935.60964750
-117935.60964750
-117935.60964750
-117935.60964750
-117935.60964750
-117935.60964750
-117935.60964750
-117935.60964750
-117935.60964750
-117935.60964750
-117935.60964750
0.00931691
0.10024527
0.16404843
0.18291813
0.15378803
0.11121328
-0.08573919
0.13444659
0.09482023
-117935.60964750
-117935.60964750
-117935.60964750
-117935.60964750
-117935.60964750
-117935.60964750
-117935.60964750
-117935.60964750
-117935.60964750
-117935.60964750
-117935.60964750
-117935.60964750
-117935.60964750
-117935.60964750
-117935.60964750
-117935.60964750
-117935.60964750
-117935.60964750
-117935.60964750
-117935.60964750
-117935.60964750
-117935.60964750
-117935.60964750
-117935.60964750
-117935.60964750
-117935.60964750
-117935.60964750
-117935.60964750
-117935.60964750
-117935.60964750
-117935.60964750
-117935.60964750
-117935.60964750
-117935.60964750
-117935.60964750
-117935.60964750
-117935.60964750
-117935.60964750
-117935.60964750
-117935.60964750
-117935.60964750
-117935.60964750
-117935.60964750
-117935.60964750
-117935.60964750
-117935.60964750
-117935.60964750
-117935.60964750
-117935.60964750
-117935.60964750
-117935.60964750
-117935.60964750
-117935.60964750
-117935.60964750
-117935.60964750
-117935.60964750
-117935.60964750
-117935.60964750
-117935.60964750
-117935.60964750
-117935.60964750
-117935.60964750
-117935.60964750
-117935.60964750
-117935.60964750
-117935.60964750
-117935.60964750
-117935.60964750
-117935.60964750
-117935.60964750
-117935.60964750
-117935.60964750
-117935.60964750
-117935.60964750
-117935.60964750
-117935.60964750
-117935.60964750
-117935.60964750
-117935.60964750
-117935.60964750
-117935.60964750
-117935.60964750
-117935.60964750
-117935.60964750
-117935.60964750
-117935.60964750
-117935.60964750
-117935.60964750
-117935.60964750
-117935.60964750
-117935.60964750
-117935.60964750
-117935.60964750
-117935.60964750
-117935.60964750
-117935.60964750
-117935.60964750
-117935.60964750
-117935.60964750
-117935.60964750
-117935.60964750
-117935.60964750
-117935.60964750
-117935.60964750
-117935.60964750
-117935.60964750
-117935.60964750
-117935.60964750
-117935.60964750
-117935.60964750
-117935.60964750
-117935.60964750
-117935.60964750
-117935.60964750
-117935.60964750
-117935.60964750
-117935.60964750
-117935.60964750
-117935.60964750
-117935.60964750
-117935.60964750
-117935.60964750
-117935.60964750
-117935.60964750
-117935.60964750
-117935.60964750
-117935.60964750
-117935.60964750
-117935.60964750
-117935.60964750
-117935.60964750
-117935.60964750
-117935.60964750
-117935.60964750
-117935.60964750
-117935.60964750
-117935.60964750
-117935.60964750
-117935.60964750
-117935.60964750
-117935.60964750
-117935.60964750
-117935.60964750
-117935.60964750
-117935.60964750
-117935.60964750
-117935.60964750
-117935.60964750
-117935.60964750
-117935.60964750
-117935.60964750
-117935.60964750
-117935.60964750
-117935.60964750
-117935.60964750
-117935.60964750
-117935.60964750
-117935.60964750
-117935.60964750
-117935.60964750
-117935.60964750
-117935.60964750
-117935.60964750
-117935.60964750
-117935.60964750
-117935.60964750
-117935.60964750
-117935.60964750
-117935.60964750
-117935.60964750
-117935.60964750
-117935.60964750
-117935.60964750
-117935.60964750
-117935.60964750
-117935.60964750
-117935.60964750
-117935.60964750
-117935.60964750
-117935.60964750
-117935.60964750
-117935.60964750
-117935.60964750
-117935.60964750
-117935.60964750
-117935.60964750
-117935.60964750
-117935.60964750
-117935.60964750
-117935.60964750
-117935.60964750
-117935.60964750
-117935.60964750
-117935.60964750
-117935.60964750
-117935.60964750
-117935.60964750
-117935.60964750
-117935.60964750
-117935.60964750
-117935.60964750
-117935.60964750
-117935.60964750
-117935.60964750
-117935.60964750
-117935.60964750
-117935.60964750
-117935.60964750
-117935.60964750
-117935.60964750
-117935.60964750
-117935.60964750
-117935.60964750
-117935.60964750
-117935.60964750
-117935.60964750
-117935.60964750
-117935.60964750
-117935.60964750
-117935.60964750
-117935.60964750
-117935.60964750
-117935.60964750
-117935.60964750
-117935.60964750
-117935.60964750
-117935.60964750
-117935.60964750
-117935.60964750
-117935.60964750
-117935.60964750
-117935.60964750
-117935.60964750
-117935.60964750
-117935.60964750
-117935.60964750
-117935.60964750
-117935.60964750
-117935.60964750
-117935.60964750
-117935.60964750
-117935.60964750
-117935.60964750
-117935.60964750
-117935.60964750
-117935.60964750
-117935.60964750
0.00247665
0.04375411
0.11793561
0.11439754
0.10909044
0.03573449
0.04634869
0.14624016
0.08090383
0.17784690
-117935.60964750
-117935.60964750
-117935.60964750
-117935.60964750
-117935.60964750
-117935.60964750
-117935.60964750
-117935.60964750
-117935.60964750
-117935.60964750
-117935.60964750
-117935.60964750
-117935.60964750
-117935.60964750
-117935.60964750
-117935.60964750
-117935.60964750
-117935.60964750
-117935.60964750
-117935.60964750
-117935.60964750
-117935.60964750
-117935.60964750
-117935.60964750
-117935.60964750
-117935.60964750
-117935.60964750
-117935.60964750
-117935.60964750
-117935.60964750
-117935.60964750
-117935.60964750
-117935.60964750
-117935.60964750
-117935.60964750
-117935.60964750
-117935.60964750
-117935.60964750
-117935.60964750
-117935.60964750
-117935.60964750
-117935.60964750
-117935.60964750
-117935.60964750
-117935.60964750
-117935.60964750
-117935.60964750
-117935.60964750
-117935.60964750
-117935.60964750
-117935.60964750
-117935.60964750
-117935.60964750
-117935.60964750
-117935.60964750
-117935.60964750
-117935.60964750
-117935.60964750
-117935.60964750
-117935.60964750
-117935.60964750
-117935.60964750
-117935.60964750
-117935.60964750
-117935.60964750
-117935.60964750
-117935.60964750
-117935.60964750
-117935.60964750
-117935.60964750
-117935.60964750
-117935.60964750
-117935.60964750
-117935.60964750
-117935.60964750
-117935.60964750
-117935.60964750
-117935.60964750
-117935.60964750
-117935.60964750
-117935.60964750
-117935.60964750
-117935.60964750
-117935.60964750
-117935.60964750
-117935.60964750
-117935.60964750
-117935.60964750
-117935.60964750
-117935.60964750
-117935.60964750
-117935.60964750
-117935.60964750
-117935.60964750
-117935.60964750
-117935.60964750
-117935.60964750
-117935.60964750
-117935.60964750
-117935.60964750
-117935.60964750
-117935.60964750
-117935.60964750
-117935.60964750
-117935.60964750
-117935.60964750
-117935.60964750
-117935.60964750
-117935.60964750
-117935.60964750
-117935.60964750
-117935.60964750
-117935.60964750
-117935.60964750
-117935.60964750
-117935.60964750
-117935.60964750
-117935.60964750
-117935.60964750
-117935.60964750
-117935.60964750
-117935.60964750
-117935.60964750
-117935.60964750
-117935.60964750
-117935.60964750
-117935.60964750
-117935.60964750
-117935.60964750
-117935.60964750
-117935.60964750
-117935.60964750
-117935.60964750
-117935.60964750
-117935.60964750
-117935.60964750
-117935.60964750
-117935.60964750
-117935.60964750
-117935.60964750
-117935.60964750
-117935.60964750
-117935.60964750
-117935.60964750
-117935.60964750
-117935.60964750
-117935.60964750
-117935.60964750
-117935.60964750
-117935.60964750
-117935.60964750
-117935.60964750
-117935.60964750
-117935.60964750
-117935.60964750
-117935.60964750
-117935.60964750
-117935.60964750
-117935.60964750
-117935.60964750
-117935.60964750
-117935.60964750
-117935.60964750
-117935.60964750
-117935.60964750
-117935.60964750
-117935.60964750
-117935.60964750
-117935.60964750
-117935.60964750
-117935.60964750
-117935.60964750
-117935.60964750
-117935.60964750
-117935.60964750
-117935.60964750
-117935.60964750
-117935.60964750
-117935.60964750
-117935.60964750
-117935.60964750
-117935.60964750
-117935.60964750
-117935.60964750
-117935.60964750
-117935.60964750
-117935.60964750
-117935.60964750
-117935.60964750
-117935.60964750
-117935.60964750
-117935.60964750
-117935.60964750
-117935.60964750
-117935.60964750
-117935.60964750
-117935.60964750
-117935.60964750
-117935.60964750
-117935.60964750
-117935.60964750
-117935.60964750
-117935.60964750
-117935.60964750
-117935.60964750
-117935.60964750
-117935.60964750
-117935.60964750
-117935.60964750
-117935.60964750
-117935.60964750
-117935.60964750
-117935.60964750
-117935.60964750
-117935.60964750
-117935.60964750
-117935.60964750
-117935.60964750
-117935.60964750
-117935.60964750
-117935.60964750
-117935.60964750
-117935.60964750
-117935.60964750
-117935.60964750
-117935.60964750
-117935.60964750
-117935.60964750
-117935.60964750
-117935.60964750
-117935.60964750
-117935.60964750
-117935.60964750
-117935.60964750
-117935.60964750
-117935.60964750
-117935.60964750
-117935.60964750
-117935.60964750
-117935.60964750
-117935.60964750
-117935.60964750
-117935.60964750
-117935.60964750
-117935.60964750
-117935.60964750
0.00200491
0.01438814
0.07795544
0.07913479
0.06297762
0.00801962
-0.01886970
0.08066796
0.03030945
0.10979805
-0.02311538
-117935.60964750
-117935.60964750
-117935.60964750
-117935.60964750
-117935.60964750
-117935.60964750
-117935.60964750
-117935.60964750
-117935.60964750
-117935.60964750
-117935.60964750
-117935.60964750
-117935.60964750
-117935.60964750
-117935.60964750
-117935.60964750
-117935.60964750
-117935.60964750
-117935.60964750
-117935.60964750
-117935.60964750
-117935.60964750
-117935.60964750
-117935.60964750
-117935.60964750
-117935.60964750
-117935.60964750
-117935.60964750
-117935.60964750
-117935.60964750
-117935.60964750
-117935.60964750
-117935.60964750
-117935.60964750
-117935.60964750
-117935.60964750
-117935.60964750
-117935.60964750
-117935.60964750
-117935.60964750
-117935.60964750
-117935.60964750
-117935.60964750
-117935.60964750
-117935.60964750
-117935.60964750
-117935.60964750
-117935.60964750
-117935.60964750
-117935.60964750
-117935.60964750
-117935.60964750
-117935.60964750
-117935.60964750
-117935.60964750
-117935.60964750
-117935.60964750
-117935.60964750
-117935.60964750
-117935.60964750
-117935.60964750
-117935.60964750
-117935.60964750
-117935.60964750
-117935.60964750
-117935.60964750
-117935.60964750
-117935.60964750
-117935.60964750
-117935.60964750
-117935.60964750
-117935.60964750
-117935.60964750
-117935.60964750
-117935.60964750
-117935.60964750
-117935.60964750
-117935.60964750
-117935.60964750
-117935.60964750
-117935.60964750
-117935.60964750
-117935.60964750
-117935.60964750
-117935.60964750
-117935.60964750
-117935.60964750
-117935.60964750
-117935.60964750
-117935.60964750
-117935.60964750
-117935.60964750
-117935.60964750
-117935.60964750
-117935.60964750
-117935.60964750
-117935.60964750
-117935.60964750
-117935.60964750
-117935.60964750
-117935.60964750
-117935.60964750
-117935.60964750
-117935.60964750
-117935.60964750
-117935.60964750
-117935.60964750
-117935.60964750
-117935.60964750
-117935.60964750
-117935.60964750
-117935.60964750
-117935.60964750
-117935.60964750
-117935.60964750
-117935.60964750
-117935.60964750
-117935.60964750
-117935.60964750
-117935.60964750
-117935.60964750
-117935.60964750
-117935.60964750
-117935.60964750
-117935.60964750
-117935.60964750
-117935.60964750
-117935.60964750
-117935.60964750
-117935.60964750
-117935.60964750
-117935.60964750
-117935.60964750
-117935.60964750
-117935.60964750
-117935.60964750
-117935.60964750
-117935.60964750
-117935.60964750
-117935.60964750
-117935.60964750
-117935.60964750
-117935.60964750
-117935.60964750
-117935.60964750
-117935.60964750
-117935.60964750
-117935.60964750
-117935.60964750
-117935.60964750
-117935.60964750
-117935.60964750
-117935.60964750
-117935.60964750
-117935.60964750
-117935.60964750
-117935.60964750
-117935.60964750
-117935.60964750
-117935.60964750
-117935.60964750
-117935.60964750
-117935.60964750
-117935.60964750
-117935.60964750
-117935.60964750
-117935.60964750
-117935.60964750
-117935.60964750
-117935.60964750
-117935.60964750
-117935.60964750
-117935.60964750
-117935.60964750
-117935.60964750
-117935.60964750
-117935.60964750
-117935.60964750
-117935.60964750
-117935.60964750
-117935.60964750
-117935.60964750
-117935.60964750
-117935.60964750
-117935.60964750
-117935.60964750
-117935.60964750
-117935.60964750
-117935.60964750
-117935.60964750
-117935.60964750
-117935.60964750
-117935.60964750
-117935.60964750
-117935.60964750
-117935.60964750
-117935.60964750
-117935.60964750
-117935.60964750
-117935.60964750
-117935.60964750
-117935.60964750
-117935.60964750
-117935.60964750
-117935.60964750
-117935.60964750
-117935.60964750
-117935.60964750
-117935.60964750
-117935.60964750
-117935.60964750
-117935.60964750
-117935.60964750
-117935.60964750
-117935.60964750
-117935.60964750
-117935.60964750
-117935.60964750
-117935.60964750
-117935.60964750
-117935.60964750
-117935.60964750
-117935.60964750
-117935.60964750
-117935.60964750
-117935.60964750
-117935.60964750
-117935.60964750
-117935.60964750
-117935.60964750
-117935.60964750
-117935.60964750
-117935.60964750
-117935.60964750
-117935.60964750
-117935.60964750
-117935.60964750
-117935.60964750
-117935.60964750
-117935.60964750
-117935.60964750
-117935.60964750
-117935.60964750
-117935.60964750
-117935.60964750
0.00672233
0.14859887
0.21794501
0.21275584
0.22726192
0.13916402
0.18728175
0.23009237
0.15473152
0.27431823
0.22655431
0.21511455
-117935.60964750
-117935.60964750
-117935.60964750
-117935.60964750
-117935.60964750
-117935.60964750
-117935.60964750
-117935.60964750
-117935.60964750
-117935.60964750
-117935.60964750
-117935.60964750
-117935.60964750
-117935.60964750
-117935.60964750
-117935.60964750
-117935.60964750
-117935.60964750
-117935.60964750
-117935.60964750
-117935.60964750
-117935.60964750
-117935.60964750
-117935.60964750
-117935.60964750
-117935.60964750
-117935.60964750
-117935.60964750
-117935.60964750
-117935.60964750
-117935.60964750
-117935.60964750
-117935.60964750
-117935.60964750
-117935.60964750
-117935.60964750
-117935.60964750
-117935.60964750
-117935.60964750
-117935.60964750
-117935.60964750
-117935.60964750
-117935.60964750
-117935.60964750
-117935.60964750
-117935.60964750
-117935.60964750
-117935.60964750
-117935.60964750
-117935.60964750
-117935.60964750
-117935.60964750
-117935.60964750
-117935.60964750
-117935.60964750
-117935.60964750
-117935.60964750
-117935.60964750
-117935.60964750
-117935.60964750
-117935.60964750
-117935.60964750
-117935.60964750
-117935.60964750
-117935.60964750
-117935.60964750
-117935.60964750
-117935.60964750
-117935.60964750
-117935.60964750
-117935.60964750
-117935.60964750
-117935.60964750
-117935.60964750
-117935.60964750
-117935.60964750
-117935.60964750
-117935.60964750
-117935.60964750
-117935.60964750
-117935.60964750
-117935.60964750
-117935.60964750
-117935.60964750
-117935.60964750
-117935.60964750
-117935.60964750
-117935.60964750
-117935.60964750
-117935.60964750
-117935.60964750
-117935.60964750
-117935.60964750
-117935.60964750
-117935.60964750
-117935.60964750
-117935.60964750
-117935.60964750
-117935.60964750
-117935.60964750
-117935.60964750
-117935.60964750
-117935.60964750
-117935.60964750
-117935.60964750
-117935.60964750
-117935.60964750
-117935.60964750
-117935.60964750
-117935.60964750
-117935.60964750
-117935.60964750
-117935.60964750
-117935.60964750
-117935.60964750
-117935.60964750
-117935.60964750
-117935.60964750
-117935.60964750
-117935.60964750
-117935.60964750
-117935.60964750
-117935.60964750
-117935.60964750
-117935.60964750
-117935.60964750
-117935.60964750
-117935.60964750
-117935.60964750
-117935.60964750
-117935.60964750
-117935.60964750
-117935.60964750
-117935.60964750
-117935.60964750
-117935.60964750
-117935.60964750
-117935.60964750
-117935.60964750
-117935.60964750
-117935.60964750
-117935.60964750
-117935.60964750
-117935.60964750
-117935.60964750
-117935.60964750
-117935.60964750
-117935.60964750
-117935.60964750
-117935.60964750
-117935.60964750
-117935.60964750
-117935.60964750
-117935.60964750
-117935.60964750
-117935.60964750
-117935.60964750
-117935.60964750
-117935.60964750
-117935.60964750
-117935.60964750
-117935.60964750
-117935.60964750
-117935.60964750
-117935.60964750
-117935.60964750
-117935.60964750
-117935.60964750
-117935.60964750
-117935.60964750
-117935.60964750
-117935.60964750
-117935.60964750
-117935.60964750
-117935.60964750
-117935.60964750
-117935.60964750
-117935.60964750
-117935.60964750
-117935.60964750
-117935.60964750
-117935.60964750
-117935.60964750
-117935.60964750
-117935.60964750
-117935.60964750
-117935.60964750
-117935.60964750
-117935.60964750
-117935.60964750
-117935.60964750
-117935.60964750
-117935.60964750
-117935.60964750
-117935.60964750
-117935.60964750
-117935.60964750
-117935.60964750
-117935.60964750
-117935.60964750
-117935.60964750
-117935.60964750
-117935.60964750
-117935.60964750
-117935.60964750
-117935.60964750
-117935.60964750
-117935.60964750
-117935.60964750
-117935.60964750
-117935.60964750
-117935.60964750
-117935.60964750
-117935.60964750
-117935.60964750
-117935.60964750
-117935.60964750
-117935.60964750
-117935.60964750
-117935.60964750
-117935.60964750
-117935.60964750
-117935.60964750
-117935.60964750
-117935.60964750
-117935.60964750
-117935.60964750
-117935.60964750
-117935.60964750
-117935.60964750
-117935.60964750
-117935.60964750
-117935.60964750
-117935.60964750
-117935.60964750
-117935.60964750
-117935.60964750
-117935.60964750
-117935.60964750
-117935.60964750
-117935.60964750
-117935.60964750
-117935.60964750
-117935.60964750
0.00165110
-0.00577884
0.02394093
0.04139540
0.01155769
-0.00224078
-0.13869228
0.01863383
0.01438814
0.04693837
-0.05153786
0.04823566
0.01886970
-117935.60964750
-117935.60964750
-117935.60964750
-117935.60964750
-117935.60964750
-117935.60964750
-117935.60964750
-117935.60964750
-117935.60964750
-117935.60964750
-117935.60964750
-117935.60964750
-117935.60964750
-117935.60964750
-117935.60964750
-117935.60964750
-117935.60964750
-117935.60964750
-117935.60964750
-117935.60964750
-117935.60964750
-117935.60964750
-117935.60964750
-117935.60964750
-117935.60964750
-117935.60964750
-117935.60964750
-117935.60964750
-117935.60964750
-117935.60964750
-117935.60964750
-117935.60964750
-117935.60964750
-117935.60964750
-117935.60964750
-117935.60964750
-117935.60964750
-117935.60964750
-117935.60964750
-117935.60964750
-117935.60964750
-117935.60964750
-117935.60964750
-117935.60964750
-117935.60964750
-117935.60964750
-117935.60964750
-117935.60964750
-117935.60964750
-117935.60964750
-117935.60964750
-117935.60964750
-117935.60964750
-117935.60964750
-117935.60964750
-117935.60964750
-117935.60964750
-117935.60964750
-117935.60964750
-117935.60964750
-117935.60964750
-117935.60964750
-117935.60964750
-117935.60964750
-117935.60964750
-117935.60964750
-117935.60964750
-117935.60964750
-117935.60964750
-117935.60964750
-117935.60964750
-117935.60964750
-117935.60964750
-117935.60964750
-117935.60964750
-117935.60964750
-117935.60964750
-117935.60964750
-117935.60964750
-117935.60964750
-117935.60964750
-117935.60964750
-117935.60964750
-117935.60964750
-117935.60964750
-117935.60964750
-117935.60964750
-117935.60964750
-117935.60964750
-117935.60964750
-117935.60964750
-117935.60964750
-117935.60964750
-117935.60964750
-117935.60964750
-117935.60964750
-117935.60964750
-117935.60964750
-117935.60964750
-117935.60964750
-117935.60964750
-117935.60964750
-117935.60964750
-117935.60964750
-117935.60964750
-117935.60964750
-117935.60964750
-117935.60964750
-117935.60964750
-117935.60964750
-117935.60964750
-117935.60964750
-117935.60964750
-117935.60964750
-117935.60964750
-117935.60964750
-117935.60964750
-117935.60964750
-117935.60964750
-117935.60964750
-117935.60964750
-117935.60964750
-117935.60964750
-117935.60964750
-117935.60964750
-117935.60964750
-117935.60964750
-117935.60964750
-117935.60964750
-117935.60964750
-117935.60964750
-117935.60964750
-117935.60964750
-117935.60964750
-117935.60964750
-117935.60964750
-117935.60964750
-117935.60964750
-117935.60964750
-117935.60964750
-117935.60964750
-117935.60964750
-117935.60964750
-117935.60964750
-117935.60964750
-117935.60964750
-117935.60964750
-117935.60964750
-117935.60964750
-117935.60964750
-117935.60964750
-117935.60964750
-117935.60964750
-117935.60964750
-117935.60964750
-117935.60964750
-117935.60964750
-117935.60964750
-117935.60964750
-117935.60964750
-117935.60964750
-117935.60964750
-117935.60964750
-117935.60964750
-117935.60964750
-117935.60964750
-117935.60964750
-117935.60964750
-117935.60964750
-117935.60964750
-117935.60964750
-117935.60964750
-117935.60964750
-117935.60964750
-117935.60964750
-117935.60964750
-117935.60964750
-117935.60964750
-117935.60964750
-117935.60964750
-117935.60964750
-117935.60964750
-117935.60964750
-117935.60964750
-117935.60964750
-117935.60964750
-117935.60964750
-117935.60964750
-117935.60964750
-117935.60964750
-117935.60964750
-117935.60964750
-117935.60964750
-117935.60964750
-117935.60964750
-117935.60964750
-117935.60964750
-117935.60964750
-117935.60964750
-117935.60964750
-117935.60964750
-117935.60964750
-117935.60964750
-117935.60964750
-117935.60964750
-117935.60964750
-117935.60964750
-117935.60964750
-117935.60964750
-117935.60964750
-117935.60964750
-117935.60964750
-117935.60964750
-117935.60964750
-117935.60964750
-117935.60964750
-117935.60964750
-117935.60964750
-117935.60964750
-117935.60964750
-117935.60964750
-117935.60964750
-117935.60964750
-117935.60964750
-117935.60964750
-117935.60964750
-117935.60964750
-117935.60964750
-117935.60964750
-117935.60964750
-117935.60964750
-117935.60964750
-117935.60964750
-117935.60964750
-117935.60964750
-117935.60964750
-117935.60964750
-117935.60964750
-117935.60964750
-117935.60964750
-117935.60964750
-117935.60964750
-117935.60964750
0.00224078
0.01238324
0.05425038
0.07288421
0.04186714
0.01450608
-0.13126233
0.05436832
0.03408339
0.09187184
-0.01934144
0.08255493
0.04269269
0.01214737
-117935.60964750
-117935.60964750
-117935.60964750
-117935.60964750
-117935.60964750
-117935.60964750
-117935.60964750
-117935.60964750
-117935.60964750
-117935.60964750
-117935.60964750
-117935.60964750
-117935.60964750
-117935.60964750
-117935.60964750
-117935.60964750
-117935.60964750
-117935.60964750
-117935.60964750
-117935.60964750
-117935.60964750
-117935.60964750
-117935.60964750
-117935.60964750
-117935.60964750
-117935.60964750
-117935.60964750
-117935.60964750
-117935.60964750
-117935.60964750
-117935.60964750
-117935.60964750
-117935.60964750
-117935.60964750
-117935.60964750
-117935.60964750
-117935.60964750
-117935.60964750
-117935.60964750
-117935.60964750
-117935.60964750
-117935.60964750
-117935.60964750
-117935.60964750
-117935.60964750
-117935.60964750
-117935.60964750
-117935.60964750
-117935.60964750
-117935.60964750
-117935.60964750
-117935.60964750
-117935.60964750
-117935.60964750
-117935.60964750
-117935.60964750
-117935.60964750
-117935.60964750
-117935.60964750
-117935.60964750
-117935.60964750
-117935.60964750
-117935.60964750
-117935.60964750
-117935.60964750
-117935.60964750
-117935.60964750
-117935.60964750
-117935.60964750
-117935.60964750
-117935.60964750
-117935.60964750
-117935.60964750
-117935.60964750
-117935.60964750
-117935.60964750
-117935.60964750
-117935.60964750
-117935.60964750
-117935.60964750
-117935.60964750
-117935.60964750
-117935.60964750
-117935.60964750
-117935.60964750
-117935.60964750
-117935.60964750
-117935.60964750
-117935.60964750
-117935.60964750
-117935.60964750
-117935.60964750
-117935.60964750
-117935.60964750
-117935.60964750
-117935.60964750
-117935.60964750
-117935.60964750
-117935.60964750
-117935.60964750
-117935.60964750
-117935.60964750
-117935.60964750
-117935.60964750
-117935.60964750
-117935.60964750
-117935.60964750
-117935.60964750
-117935.60964750
-117935.60964750
-117935.60964750
-117935.60964750
-117935.60964750
-117935.60964750
-117935.60964750
-117935.60964750
-117935.60964750
-117935.60964750
-117935.60964750
-117935.60964750
-117935.60964750
-117935.60964750
-117935.60964750
-117935.60964750
-117935.60964750
-117935.60964750
-117935.60964750
-117935.60964750
-117935.60964750
-117935.60964750
-117935.60964750
-117935.60964750
-117935.60964750
-117935.60964750
-117935.60964750
-117935.60964750
-117935.60964750
-117935.60964750
-117935.60964750
-117935.60964750
-117935.60964750
-117935.60964750
-117935.60964750
-117935.60964750
-117935.60964750
-117935.60964750
-117935.60964750
-117935.60964750
-117935.60964750
-117935.60964750
-117935.60964750
-117935.60964750
-117935.60964750
-117935.60964750
-117935.60964750
-117935.60964750
-117935.60964750
-117935.60964750
-117935.60964750
-117935.60964750
-117935.60964750
-117935.60964750
-117935.60964750
-117935.60964750
-117935.60964750
-117935.60964750
-117935.60964750
-117935.60964750
-117935.60964750
-117935.60964750
-117935.60964750
-117935.60964750
-117935.60964750
-117935.60964750
-117935.60964750
-117935.60964750
-117935.60964750
-117935.60964750
-117935.60964750
-117935.60964750
-117935.60964750
-117935.60964750
-117935.60964750
-117935.60964750
-117935.60964750
-117935.60964750
-117935.60964750
-117935.60964750
-117935.60964750
-117935.60964750
-117935.60964750
-117935.60964750
-117935.60964750
-117935.60964750
-117935.60964750
-117935.60964750
-117935.60964750
-117935.60964750
-117935.60964750
-117935.60964750
-117935.60964750
-117935.60964750
-117935.60964750
-117935.60964750
-117935.60964750
-117935.60964750
-117935.60964750
-117935.60964750
-117935.60964750
-117935.60964750
-117935.60964750
-117935.60964750
-117935.60964750
-117935.60964750
-117935.60964750
-117935.60964750
-117935.60964750
-117935.60964750
-117935.60964750
-117935.60964750
-117935.60964750
-117935.60964750
-117935.60964750
-117935.60964750
-117935.60964750
-117935.60964750
-117935.60964750
-117935.60964750
-117935.60964750
-117935.60964750
-117935.60964750
-117935.60964750
-117935.60964750
-117935.60964750
-117935.60964750
-117935.60964750
-117935.60964750
-117935.60964750
-117935.60964750
-117935.60964750
-117935.60964750
-117935.60964750
0.01922350
0.28068675
0.40098107
0.41194908
0.40475501
0.26724209
0.14447112
0.40440121
0.28269166
0.50724106
0.34873560
0.41973283
0.23374838
0.28351721
0.32974796
-117935.60964750
-117935.60964750
-117935.60964750
-117935.60964750
-117935.60964750
-117935.60964750
-117935.60964750
-117935.60964750
-117935.60964750
-117935.60964750
-117935.60964750
-117935.60964750
-117935.60964750
-117935.60964750
-117935.60964750
-117935.60964750
-117935.60964750
-117935.60964750
-117935.60964750
-117935.60964750
-117935.60964750
-117935.60964750
-117935.60964750
-117935.60964750
-117935.60964750
-117935.60964750
-117935.60964750
-117935.60964750
-117935.60964750
-117935.60964750
-117935.60964750
-117935.60964750
-117935.60964750
-117935.60964750
-117935.60964750
-117935.60964750
-117935.60964750
-117935.60964750
-117935.60964750
-117935.60964750
-117935.60964750
-117935.60964750
-117935.60964750
-117935.60964750
-117935.60964750
-117935.60964750
-117935.60964750
-117935.60964750
-117935.60964750
-117935.60964750
-117935.60964750
-117935.60964750
-117935.60964750
-117935.60964750
-117935.60964750
-117935.60964750
-117935.60964750
-117935.60964750
-117935.60964750
-117935.60964750
-117935.60964750
-117935.60964750
-117935.60964750
-117935.60964750
-117935.60964750
-117935.60964750
-117935.60964750
-117935.60964750
-117935.60964750
-117935.60964750
-117935.60964750
-117935.60964750
-117935.60964750
-117935.60964750
-117935.60964750
-117935.60964750
-117935.60964750
-117935.60964750
-117935.60964750
-117935.60964750
-117935.60964750
-117935.60964750
-117935.60964750
-117935.60964750
-117935.60964750
-117935.60964750
-117935.60964750
-117935.60964750
-117935.60964750
-117935.60964750
-117935.60964750
-117935.60964750
-117935.60964750
-117935.60964750
-117935.60964750
-117935.60964750
-117935.60964750
-117935.60964750
-117935.60964750
-117935.60964750
-117935.60964750
-117935.60964750
-117935.60964750
-117935.60964750
-117935.60964750
-117935.60964750
-117935.60964750
-117935.60964750
-117935.60964750
-117935.60964750
-117935.60964750
-117935.60964750
-117935.60964750
-117935.60964750
-117935.60964750
-117935.60964750
-117935.60964750
-117935.60964750
-117935.60964750
-117935.60964750
-117935.60964750
-117935.60964750
-117935.60964750
-117935.60964750
-117935.60964750
-117935.60964750
-117935.60964750
-117935.60964750
-117935.60964750
-117935.60964750
-117935.60964750
-117935.60964750
-117935.60964750
-117935.60964750
-117935.60964750
-117935.60964750
-117935.60964750
-117935.60964750
-117935.60964750
-117935.60964750
-117935.60964750
-117935.60964750
-117935.60964750
-117935.60964750
-117935.60964750
-117935.60964750
-117935.60964750
-117935.60964750
-117935.60964750
-117935.60964750
-117935.60964750
-117935.60964750
-117935.60964750
-117935.60964750
-117935.60964750
-117935.60964750
-117935.60964750
-117935.60964750
-117935.60964750
-117935.60964750
-117935.60964750
-117935.60964750
-117935.60964750
-117935.60964750
-117935.60964750
-117935.60964750
-117935.60964750
-117935.60964750
-117935.60964750
-117935.60964750
-117935.60964750
-117935.60964750
-117935.60964750
-117935.60964750
-117935.60964750
-117935.60964750
-117935.60964750
-117935.60964750
-117935.60964750
-117935.60964750
-117935.60964750
-117935.60964750
-117935.60964750
-117935.60964750
-117935.60964750
-117935.60964750
-117935.60964750
-117935.60964750
-117935.60964750
-117935.60964750
-117935.60964750
-117935.60964750
-117935.60964750
-117935.60964750
-117935.60964750
-117935.60964750
-117935.60964750
-117935.60964750
-117935.60964750
-117935.60964750
-117935.60964750
-117935.60964750
-117935.60964750
-117935.60964750
-117935.60964750
-117935.60964750
-117935.60964750
-117935.60964750
-117935.60964750
-117935.60964750
-117935.60964750
-117935.60964750
-117935.60964750
-117935.60964750
-117935.60964750
-117935.60964750
-117935.60964750
-117935.60964750
-117935.60964750
-117935.60964750
-117935.60964750
-117935.60964750
-117935.60964750
-117935.60964750
-117935.60964750
-117935.60964750
-117935.60964750
-117935.60964750
-117935.60964750
-117935.60964750
-117935.60964750
-117935.60964750
-117935.60964750
-117935.60964750
-117935.60964750
-117935.60964750
-117935.60964750
-117935.60964750
-117935.60964750
-117935.60964750
-117935.60964750
-0.00035381
-0.03337578
0.01698273
0.00801962
-0.01851589
-0.04929708
-0.10779315
0.00342013
-0.03974430
0.03042739
-0.06392110
0.02865835
-0.03302197
-0.03066326
-0.04965089
-0.01851589
-117935.60964750
-117935.60964750
-117935.60964750
-117935.60964750
-117935.60964750
-117935.60964750
-117935.60964750
-117935.60964750
-117935.60964750
-117935.60964750
-117935.60964750
-117935.60964750
-117935.60964750
-117935.60964750
-117935.60964750
-117935.60964750
-117935.60964750
-117935.60964750
-117935.60964750
-117935.60964750
-117935.60964750
-117935.60964750
-117935.60964750
-117935.60964750
-117935.60964750
-117935.60964750
-117935.60964750
-117935.60964750
-117935.60964750
-117935.60964750
-117935.60964750
-117935.60964750
-117935.60964750
-117935.60964750
-117935.60964750
-117935.60964750
-117935.60964750
-117935.60964750
-117935.60964750
-117935.60964750
-117935.60964750
-117935.60964750
-117935.60964750
-117935.60964750
-117935.60964750
-117935.60964750
-117935.60964750
-117935.60964750
-117935.60964750
-117935.60964750
-117935.60964750
-117935.60964750
-117935.60964750
-117935.60964750
-117935.60964750
-117935.60964750
-117935.60964750
-117935.60964750
-117935.60964750
-117935.60964750
-117935.60964750
-117935.60964750
-117935.60964750
-117935.60964750
-117935.60964750
-117935.60964750
-117935.60964750
-117935.60964750
-117935.60964750
-117935.60964750
-117935.60964750
-117935.60964750
-117935.60964750
-117935.60964750
-117935.60964750
-117935.60964750
-117935.60964750
-117935.60964750
-117935.60964750
-117935.60964750
-117935.60964750
-117935.60964750
-117935.60964750
-117935.60964750
-117935.60964750
-117935.60964750
-117935.60964750
-117935.60964750
-117935.60964750
-117935.60964750
-117935.60964750
-117935.60964750
-117935.60964750
-117935.60964750
-117935.60964750
-117935.60964750
-117935.60964750
-117935.60964750
-117935.60964750
-117935.60964750
-117935.60964750
-117935.60964750
-117935.60964750
-117935.60964750
-117935.60964750
-117935.60964750
-117935.60964750
-117935.60964750
-117935.60964750
-117935.60964750
-117935.60964750
-117935.60964750
-117935.60964750
-117935.60964750
-117935.60964750
-117935.60964750
-117935.60964750
-117935.60964750
-117935.60964750
-117935.60964750
-117935.60964750
-117935.60964750
-117935.60964750
-117935.60964750
-117935.60964750
-117935.60964750
-117935.60964750
-117935.60964750
-117935.60964750
-117935.60964750
-117935.60964750
-117935.60964750
-117935.60964750
-117935.60964750
-117935.60964750
-117935.60964750
-117935.60964750
-117935.60964750
-117935.60964750
-117935.60964750
-117935.60964750
-117935.60964750
-117935.60964750
-117935.60964750
-117935.60964750
-117935.60964750
-117935.60964750
-117935.60964750
-117935.60964750
-117935.60964750
-117935.60964750
-117935.60964750
-117935.60964750
-117935.60964750
-117935.60964750
-117935.60964750
-117935.60964750
-117935.60964750
-117935.60964750
-117935.60964750
-117935.60964750
-117935.60964750
-117935.60964750
-117935.60964750
-117935.60964750
-117935.60964750
-117935.60964750
-117935.60964750
-117935.60964750
-117935.60964750
-117935.60964750
-117935.60964750
-117935.60964750
-117935.60964750
-117935.60964750
-117935.60964750
-117935.60964750
-117935.60964750
-117935.60964750
-117935.60964750
-117935.60964750
-117935.60964750
-117935.60964750
-117935.60964750
-117935.60964750
-117935.60964750
-117935.60964750
-117935.60964750
-117935.60964750
-117935.60964750
-117935.60964750
-117935.60964750
-117935.60964750
-117935.60964750
-117935.60964750
-117935.60964750
-117935.60964750
-117935.60964750
-117935.60964750
-117935.60964750
-117935.60964750
-117935.60964750
-117935.60964750
-117935.60964750
-117935.60964750
-117935.60964750
-117935.60964750
-117935.60964750
-117935.60964750
-117935.60964750
-117935.60964750
-117935.60964750
-117935.60964750
-117935.60964750
-117935.60964750
-117935.60964750
-117935.60964750
-117935.60964750
-117935.60964750
-117935.60964750
-117935.60964750
-117935.60964750
-117935.60964750
-117935.60964750
-117935.60964750
-117935.60964750
-117935.60964750
-117935.60964750
-117935.60964750
-117935.60964750
-117935.60964750
-117935.60964750
-117935.60964750
-117935.60964750
-117935.60964750
-117935.60964750
-117935.60964750
-117935.60964750
-117935.60964750
-117935.60964750
-0.00271252
-0.09576372
-0.06144445
-0.05802432
-0.09918385
-0.10555237
-0.23056412
-0.06887440
-0.09670720
-0.03939049
-0.14211241
-0.02158222
-0.06415697
-0.07205866
-0.11534103
-0.10767521
-0.13468247
-117935.60964750
-117935.60964750
-117935.60964750
-117935.60964750
-117935.60964750
-117935.60964750
-117935.60964750
-117935.60964750
-117935.60964750
-117935.60964750
-117935.60964750
-117935.60964750
-117935.60964750
-117935.60964750
-117935.60964750
-117935.60964750
-117935.60964750
-117935.60964750
-117935.60964750
-117935.60964750
-117935.60964750
-117935.60964750
-117935.60964750
-117935.60964750
-117935.60964750
-117935.60964750
-117935.60964750
-117935.60964750
-117935.60964750
-117935.60964750
-117935.60964750
-117935.60964750
-117935.60964750
-117935.60964750
-117935.60964750
-117935.60964750
-117935.60964750
-117935.60964750
-117935.60964750
-117935.60964750
-117935.60964750
-117935.60964750
-117935.60964750
-117935.60964750
-117935.60964750
-117935.60964750
-117935.60964750
-117935.60964750
-117935.60964750
-117935.60964750
-117935.60964750
-117935.60964750
-117935.60964750
-117935.60964750
-117935.60964750
-117935.60964750
-117935.60964750
-117935.60964750
-117935.60964750
-117935.60964750
-117935.60964750
-117935.60964750
-117935.60964750
-117935.60964750
-117935.60964750
-117935.60964750
-117935.60964750
-117935.60964750
-117935.60964750
-117935.60964750
-117935.60964750
-117935.60964750
-117935.60964750
-117935.60964750
-117935.60964750
-117935.60964750
-117935.60964750
-117935.60964750
-117935.60964750
-117935.60964750
-117935.60964750
-117935.60964750
-117935.60964750
-117935.60964750
-117935.60964750
-117935.60964750
-117935.60964750
-117935.60964750
-117935.60964750
-117935.60964750
-117935.60964750
-117935.60964750
-117935.60964750
-117935.60964750
-117935.60964750
-117935.60964750
-117935.60964750
-117935.60964750
-117935.60964750
-117935.60964750
-117935.60964750
-117935.60964750
-117935.60964750
-117935.60964750
-117935.60964750
-117935.60964750
-117935.60964750
-117935.60964750
-117935.60964750
-117935.60964750
-117935.60964750
-117935.60964750
-117935.60964750
-117935.60964750
-117935.60964750
-117935.60964750
-117935.60964750
-117935.60964750
-117935.60964750
-117935.60964750
-117935.60964750
-117935.60964750
-117935.60964750
-117935.60964750
-117935.60964750
-117935.60964750
-117935.60964750
-117935.60964750
-117935.60964750
-117935.60964750
-117935.60964750
-117935.60964750
-117935.60964750
-117935.60964750
-117935.60964750
-117935.60964750
-117935.60964750
-117935.60964750
-117935.60964750
-117935.60964750
-117935.60964750
-117935.60964750
-117935.60964750
-117935.60964750
-117935.60964750
-117935.60964750
-117935.60964750
-117935.60964750
-117935.60964750
-117935.60964750
-117935.60964750
-117935.60964750
-117935.60964750
-117935.60964750
-117935.60964750
-117935.60964750
-117935.60964750
-117935.60964750
-117935.60964750
-117935.60964750
-117935.60964750
-117935.60964750
-117935.60964750
-117935.60964750
-117935.60964750
-117935.60964750
-117935.60964750
-117935.60964750
-117935.60964750
-117935.60964750
-117935.60964750
-117935.60964750
-117935.60964750
-117935.60964750
-117935.60964750
-117935.60964750
-117935.60964750
-117935.60964750
-117935.60964750
-117935.60964750
-117935.60964750
-117935.60964750
-117935.60964750
-117935.60964750
-117935.60964750
-117935.60964750
-117935.60964750
-117935.60964750
-117935.60964750
-117935.60964750
-117935.60964750
-117935.60964750
-117935.60964750
-117935.60964750
-117935.60964750
-117935.60964750
-117935.60964750
-117935.60964750
-117935.60964750
-117935.60964750
-117935.60964750
-117935.60964750
-117935.60964750
-117935.60964750
-117935.60964750
-117935.60964750
-117935.60964750
-117935.60964750
-117935.60964750
-117935.60964750
-117935.60964750
-117935.60964750
-117935.60964750
-117935.60964750
-117935.60964750
-117935.60964750
-117935.60964750
-117935.60964750
-117935.60964750
-117935.60964750
-117935.60964750
-117935.60964750
-117935.60964750
-117935.60964750
-117935.60964750
-117935.60964750
-117935.60964750
-117935.60964750
-117935.60964750
-117935.60964750
-117935.60964750
-117935.60964750
-117935.60964750
-117935.60964750
-117935.60964750
-117935.60964750
-117935.60964750
-117935.60964750
-117935.60964750
0.10684966
1.86715657
2.29974439
2.29950852
2.46544392
1.85312223
2.14513080
2.28547418
1.88696975
2.62100099
2.39267765
2.08451190
1.43256385
1.70216465
2.18463923
2.90947149
3.00134333
3.77051938
-117935.60964750
-117935.60964750
-117935.60964750
-117935.60964750
-117935.60964750
-117935.60964750
-117935.60964750
-117935.60964750
-117935.60964750
-117935.60964750
-117935.60964750
-117935.60964750
-117935.60964750
-117935.60964750
-117935.60964750
-117935.60964750
-117935.60964750
-117935.60964750
-117935.60964750
-117935.60964750
-117935.60964750
-117935.60964750
-117935.60964750
-117935.60964750
-117935.60964750
-117935.60964750
-117935.60964750
-117935.60964750
-117935.60964750
-117935.60964750
-117935.60964750
-117935.60964750
-117935.60964750
-117935.60964750
-117935.60964750
-117935.60964750
-117935.60964750
-117935.60964750
-117935.60964750
-117935.60964750
-117935.60964750
-117935.60964750
-117935.60964750
-117935.60964750
-117935.60964750
-117935.60964750
-117935.60964750
-117935.60964750
-117935.60964750
-117935.60964750
-117935.60964750
-117935.60964750
-117935.60964750
-117935.60964750
-117935.60964750
-117935.60964750
-117935.60964750
-117935.60964750
-117935.60964750
-117935.60964750
-117935.60964750
-117935.60964750
-117935.60964750
-117935.60964750
-117935.60964750
-117935.60964750
-117935.60964750
-117935.60964750
-117935.60964750
-117935.60964750
-117935.60964750
-117935.60964750
-117935.60964750
-117935.60964750
-117935.60964750
-117935.60964750
-117935.60964750
-117935.60964750
-117935.60964750
-117935.60964750
-117935.60964750
-117935.60964750
-117935.60964750
-117935.60964750
-117935.60964750
-117935.60964750
-117935.60964750
-117935.60964750
-117935.60964750
-117935.60964750
-117935.60964750
-117935.60964750
-117935.60964750
-117935.60964750
-117935.60964750
-117935.60964750
-117935.60964750
-117935.60964750
-117935.60964750
-117935.60964750
-117935.60964750
-117935.60964750
-117935.60964750
-117935.60964750
-117935.60964750
-117935.60964750
-117935.60964750
-117935.60964750
-117935.60964750
-117935.60964750
-117935.60964750
-117935.60964750
-117935.60964750
-117935.60964750
-117935.60964750
-117935.60964750
-117935.60964750
-117935.60964750
-117935.60964750
-117935.60964750
-117935.60964750
-117935.60964750
-117935.60964750
-117935.60964750
-117935.60964750
-117935.60964750
-117935.60964750
-117935.60964750
-117935.60964750
-117935.60964750
-117935.60964750
-117935.60964750
-117935.60964750
-117935.60964750
-117935.60964750
-117935.60964750
-117935.60964750
-117935.60964750
-117935.60964750
-117935.60964750
-117935.60964750
-117935.60964750
-117935.60964750
-117935.60964750
-117935.60964750
-117935.60964750
-117935.60964750
-117935.60964750
-117935.60964750
-117935.60964750
-117935.60964750
-117935.60964750
-117935.60964750
-117935.60964750
-117935.60964750
-117935.60964750
-117935.60964750
-117935.60964750
-117935.60964750
-117935.60964750
-117935.60964750
-117935.60964750
-117935.60964750
-117935.60964750
-117935.60964750
-117935.60964750
-117935.60964750
-117935.60964750
-117935.60964750
-117935.60964750
-117935.60964750
-117935.60964750
-117935.60964750
-117935.60964750
-117935.60964750
-117935.60964750
-117935.60964750
-117935.60964750
-117935.60964750
-117935.60964750
-117935.60964750
-117935.60964750
-117935.60964750
-117935.60964750
-117935.60964750
-117935.60964750
-117935.60964750
-117935.60964750
-117935.60964750
-117935.60964750
-117935.60964750
-117935.60964750
-117935.60964750
-117935.60964750
-117935.60964750
-117935.60964750
-117935.60964750
-117935.60964750
-117935.60964750
-117935.60964750
-117935.60964750
-117935.60964750
-117935.60964750
-117935.60964750
-117935.60964750
-117935.60964750
-117935.60964750
-117935.60964750
-117935.60964750
-117935.60964750
-117935.60964750
-117935.60964750
-117935.60964750
-117935.60964750
-117935.60964750
-117935.60964750
-117935.60964750
-117935.60964750
-117935.60964750
-117935.60964750
-117935.60964750
-117935.60964750
-117935.60964750
-117935.60964750
-117935.60964750
-117935.60964750
-117935.60964750
-117935.60964750
-117935.60964750
-117935.60964750
-117935.60964750
-117935.60964750
-117935.60964750
-117935.60964750
-117935.60964750
-117935.60964750
-117935.60964750
-117935.60964750
0.00860930
0.18362574
0.27172364
0.26712416
0.26806764
0.17324741
0.19541931
0.26146325
0.18386162
0.32019518
0.22903095
0.25592027
0.13338517
0.16369463
0.21617597
0.28505037
0.27384649
0.24223974
0.29719774
-117935.60964750
-117935.60964750
-117935.60964750
-117935.60964750
-117935.60964750
-117935.60964750
-117935.60964750
-117935.60964750
-117935.60964750
-117935.60964750
-117935.60964750
-117935.60964750
-117935.60964750
-117935.60964750
-117935.60964750
-117935.60964750
-117935.60964750
-117935.60964750
-117935.60964750
-117935.60964750
-117935.60964750
-117935.60964750
-117935.60964750
-117935.60964750
-117935.60964750
-117935.60964750
-117935.60964750
-117935.60964750
-117935.60964750
-117935.60964750
-117935.60964750
-117935.60964750
-117935.60964750
-117935.60964750
-117935.60964750
-117935.60964750
-117935.60964750
-117935.60964750
-117935.60964750
-117935.60964750
-117935.60964750
-117935.60964750
-117935.60964750
-117935.60964750
-117935.60964750
-117935.60964750
-117935.60964750
-117935.60964750
-117935.60964750
-117935.60964750
-117935.60964750
-117935.60964750
-117935.60964750
-117935.60964750
-117935.60964750
-117935.60964750
-117935.60964750
-117935.60964750
-117935.60964750
-117935.60964750
-117935.60964750
-117935.60964750
-117935.60964750
-117935.60964750
-117935.60964750
-117935.60964750
-117935.60964750
-117935.60964750
-117935.60964750
-117935.60964750
-117935.60964750
-117935.60964750
-117935.60964750
-117935.60964750
-117935.60964750
-117935.60964750
-117935.60964750
-117935.60964750
-117935.60964750
-117935.60964750
-117935.60964750
-117935.60964750
-117935.60964750
-117935.60964750
-117935.60964750
-117935.60964750
-117935.60964750
-117935.60964750
-117935.60964750
-117935.60964750
-117935.60964750
-117935.60964750
-117935.60964750
-117935.60964750
-117935.60964750
-117935.60964750
-117935.60964750
-117935.60964750
-117935.60964750
-117935.60964750
-117935.60964750
-117935.60964750
-117935.60964750
-117935.60964750
-117935.60964750
-117935.60964750
-117935.60964750
-117935.60964750
-117935.60964750
-117935.60964750
-117935.60964750
-117935.60964750
-117935.60964750
-117935.60964750
-117935.60964750
-117935.60964750
-117935.60964750
-117935.60964750
-117935.60964750
-117935.60964750
-117935.60964750
-117935.60964750
-117935.60964750
-117935.60964750
-117935.60964750
-117935.60964750
-117935.60964750
-117935.60964750
-117935.60964750
-117935.60964750
-117935.60964750
-117935.60964750
-117935.60964750
-117935.60964750
-117935.60964750
-117935.60964750
-117935.60964750
-117935.60964750
-117935.60964750
-117935.60964750
-117935.60964750
-117935.60964750
-117935.60964750
-117935.60964750
-117935.60964750
-117935.60964750
-117935.60964750
-117935.60964750
-117935.60964750
-117935.60964750
-117935.60964750
-117935.60964750
-117935.60964750
-117935.60964750
-117935.60964750
-117935.60964750
-117935.60964750
-117935.60964750
-117935.60964750
-117935.60964750
-117935.60964750
-117935.60964750
-117935.60964750
-117935.60964750
-117935.60964750
-117935.60964750
-117935.60964750
-117935.60964750
-117935.60964750
-117935.60964750
-117935.60964750
-117935.60964750
-117935.60964750
-117935.60964750
-117935.60964750
-117935.60964750
-117935.60964750
-117935.60964750
-117935.60964750
-117935.60964750
-117935.60964750
-117935.60964750
-117935.60964750
-117935.60964750
-117935.60964750
-117935.60964750
-117935.60964750
-117935.60964750
-117935.60964750
-117935.60964750
-117935.60964750
-117935.60964750
-117935.60964750
-117935.60964750
-117935.60964750
-117935.60964750
-117935.60964750
-117935.60964750
-117935.60964750
-117935.60964750
-117935.60964750
-117935.60964750
-117935.60964750
-117935.60964750
-117935.60964750
-117935.60964750
-117935.60964750
-117935.60964750
-117935.60964750
-117935.60964750
-117935.60964750
-117935.60964750
-117935.60964750
-117935.60964750
-117935.60964750
-117935.60964750
-117935.60964750
-117935.60964750
-117935.60964750
-117935.60964750
-117935.60964750
-117935.60964750
-117935.60964750
-117935.60964750
-117935.60964750
-117935.60964750
-117935.60964750
-117935.60964750
-117935.60964750
-117935.60964750
-117935.60964750
-117935.60964750
-117935.60964750
-117935.60964750
-117935.60964750
-117935.60964750
-117935.60964750
-0.00412775
-0.12913949
-0.10897250
-0.09552784
-0.11864322
-0.12489381
-0.22926683
-0.09658926
-0.13715911
-0.07465324
-0.15602881
-0.05130199
-0.09246152
-0.12902156
-0.17407296
-0.13892815
-0.15190107
-0.28280959
-0.10236811
-0.14977822
-117935.60964750
-117935.60964750
-117935.60964750
-117935.60964750
-117935.60964750
-117935.60964750
-117935.60964750
-117935.60964750
-117935.60964750
-117935.60964750
-117935.60964750
-117935.60964750
-117935.60964750
-117935.60964750
-117935.60964750
-117935.60964750
-117935.60964750
-117935.60964750
-117935.60964750
-117935.60964750
-117935.60964750
-117935.60964750
-117935.60964750
-117935.60964750
-117935.60964750
-117935.60964750
-117935.60964750
-117935.60964750
-117935.60964750
-117935.60964750
-117935.60964750
-117935.60964750
-117935.60964750
-117935.60964750
-117935.60964750
-117935.60964750
-117935.60964750
-117935.60964750
-117935.60964750
-117935.60964750
-117935.60964750
-117935.60964750
-117935.60964750
-117935.60964750
-117935.60964750
-117935.60964750
-117935.60964750
-117935.60964750
-117935.60964750
-117935.60964750
-117935.60964750
-117935.60964750
-117935.60964750
-117935.60964750
-117935.60964750
-117935.60964750
-117935.60964750
-117935.60964750
-117935.60964750
-117935.60964750
-117935.60964750
-117935.60964750
-117935.60964750
-117935.60964750
-117935.60964750
-117935.60964750
-117935.60964750
-117935.60964750
-117935.60964750
-117935.60964750
-117935.60964750
-117935.60964750
-117935.60964750
-117935.60964750
-117935.60964750
-117935.60964750
-117935.60964750
-117935.60964750
-117935.60964750
-117935.60964750
-117935.60964750
-117935.60964750
-117935.60964750
-117935.60964750
-117935.60964750
-117935.60964750
-117935.60964750
-117935.60964750
-117935.60964750
-117935.60964750
-117935.60964750
-117935.60964750
-117935.60964750
-117935.60964750
-117935.60964750
-117935.60964750
-117935.60964750
-117935.60964750
-117935.60964750
-117935.60964750
-117935.60964750
-117935.60964750
-117935.60964750
-117935.60964750
-117935.60964750
-117935.60964750
-117935.60964750
-117935.60964750
-117935.60964750
-117935.60964750
-117935.60964750
-117935.60964750
-117935.60964750
-117935.60964750
-117935.60964750
-117935.60964750
-117935.60964750
-117935.60964750
-117935.60964750
-117935.60964750
-117935.60964750
-117935.60964750
-117935.60964750
-117935.60964750
-117935.60964750
-117935.60964750
-117935.60964750
-117935.60964750
-117935.60964750
-117935.60964750
-117935.60964750
-117935.60964750
-117935.60964750
-117935.60964750
-117935.60964750
-117935.60964750
-117935.60964750
-117935.60964750
-117935.60964750
-117935.60964750
-117935.60964750
-117935.60964750
-117935.60964750
-117935.60964750
-117935.60964750
-117935.60964750
-117935.60964750
-117935.60964750
-117935.60964750
-117935.60964750
-117935.60964750
-117935.60964750
-117935.60964750
-117935.60964750
-117935.60964750
-117935.60964750
-117935.60964750
-117935.60964750
-117935.60964750
-117935.60964750
-117935.60964750
-117935.60964750
-117935.60964750
-117935.60964750
-117935.60964750
-117935.60964750
-117935.60964750
-117935.60964750
-117935.60964750
-117935.60964750
-117935.60964750
-117935.60964750
-117935.60964750
-117935.60964750
-117935.60964750
-117935.60964750
-117935.60964750
-117935.60964750
-117935.60964750
-117935.60964750
-117935.60964750
-117935.60964750
-117935.60964750
-117935.60964750
-117935.60964750
-117935.60964750
-117935.60964750
-117935.60964750
-117935.60964750
-117935.60964750
-117935.60964750
-117935.60964750
-117935.60964750
-117935.60964750
-117935.60964750
-117935.60964750
-117935.60964750
-117935.60964750
-117935.60964750
-117935.60964750
-117935.60964750
-117935.60964750
-117935.60964750
-117935.60964750
-117935.60964750
-117935.60964750
-117935.60964750
-117935.60964750
-117935.60964750
-117935.60964750
-117935.60964750
-117935.60964750
-117935.60964750
-117935.60964750
-117935.60964750
-117935.60964750
-117935.60964750
-117935.60964750
-117935.60964750
-117935.60964750
-117935.60964750
-117935.60964750
-117935.60964750
-117935.60964750
-117935.60964750
-117935.60964750
-117935.60964750
-117935.60964750
-117935.60964750
-117935.60964750
-117935.60964750
-117935.60964750
-117935.60964750
-117935.60964750
-117935.60964750
-117935.60964750
0.00566091
0.05413244
0.11239264
0.12123781
0.10826489
0.04835360
-0.02264364
0.12277097
0.05366070
0.17147838
0.06333142
0.14399938
0.05083025
0.04387205
0.03667797
0.12454000
0.11593070
0.03290404
0.18468716
0.13515421
0.12807807
-117935.60964750
-117935.60964750
-117935.60964750
-117935.60964750
-117935.60964750
-117935.60964750
-117935.60964750
-117935.60964750
-117935.60964750
-117935.60964750
-117935.60964750
-117935.60964750
-117935.60964750
-117935.60964750
-117935.60964750
-117935.60964750
-117935.60964750
-117935.60964750
-117935.60964750
-117935.60964750
-117935.60964750
-117935.60964750
-117935.60964750
-117935.60964750
-117935.60964750
-117935.60964750
-117935.60964750
-117935.60964750
-117935.60964750
-117935.60964750
-117935.60964750
-117935.60964750
-117935.60964750
-117935.60964750
-117935.60964750
-117935.60964750
-117935.60964750
-117935.60964750
-117935.60964750
-117935.60964750
-117935.60964750
-117935.60964750
-117935.60964750
-117935.60964750
-117935.60964750
-117935.60964750
-117935.60964750
-117935.60964750
-117935.60964750
-117935.60964750
-117935.60964750
-117935.60964750
-117935.60964750
-117935.60964750
-117935.60964750
-117935.60964750
-117935.60964750
-117935.60964750
-117935.60964750
-117935.60964750
-117935.60964750
-117935.60964750
-117935.60964750
-117935.60964750
-117935.60964750
-117935.60964750
-117935.60964750
-117935.60964750
-117935.60964750
-117935.60964750
-117935.60964750
-117935.60964750
-117935.60964750
-117935.60964750
-117935.60964750
-117935.60964750
-117935.60964750
-117935.60964750
-117935.60964750
-117935.60964750
-117935.60964750
-117935.60964750
-117935.60964750
-117935.60964750
-117935.60964750
-117935.60964750
-117935.60964750
-117935.60964750
-117935.60964750
-117935.60964750
-117935.60964750
-117935.60964750
-117935.60964750
-117935.60964750
-117935.60964750
-117935.60964750
-117935.60964750
-117935.60964750
-117935.60964750
-117935.60964750
-117935.60964750
-117935.60964750
-117935.60964750
-117935.60964750
-117935.60964750
-117935.60964750
-117935.60964750
-117935.60964750
-117935.60964750
-117935.60964750
-117935.60964750
-117935.60964750
-117935.60964750
-117935.60964750
-117935.60964750
-117935.60964750
-117935.60964750
-117935.60964750
-117935.60964750
-117935.60964750
-117935.60964750
-117935.60964750
-117935.60964750
-117935.60964750
-117935.60964750
-117935.60964750
-117935.60964750
-117935.60964750
-117935.60964750
-117935.60964750
-117935.60964750
-117935.60964750
-117935.60964750
-117935.60964750
-117935.60964750
-117935.60964750
-117935.60964750
-117935.60964750
-117935.60964750
-117935.60964750
-117935.60964750
-117935.60964750
-117935.60964750
-117935.60964750
-117935.60964750
-117935.60964750
-117935.60964750
-117935.60964750
-117935.60964750
-117935.60964750
-117935.60964750
-117935.60964750
-117935.60964750
-117935.60964750
-117935.60964750
-117935.60964750
-117935.60964750
-117935.60964750
-117935.60964750
-117935.60964750
-117935.60964750
-117935.60964750
-117935.60964750
-117935.60964750
-117935.60964750
-117935.60964750
-117935.60964750
-117935.60964750
-117935.60964750
-117935.60964750
-117935.60964750
-117935.60964750
-117935.60964750
-117935.60964750
-117935.60964750
-117935.60964750
-117935.60964750
-117935.60964750
-117935.60964750
-117935.60964750
-117935.60964750
-117935.60964750
-117935.60964750
-117935.60964750
-117935.60964750
-117935.60964750
-117935.60964750
-117935.60964750
-117935.60964750
-117935.60964750
-117935.60964750
-117935.60964750
-117935.60964750
-117935.60964750
-117935.60964750
-117935.60964750
-117935.60964750
-117935.60964750
-117935.60964750
-117935.60964750
-117935.60964750
-117935.60964750
-117935.60964750
-117935.60964750
-117935.60964750
-117935.60964750
-117935.60964750
-117935.60964750
-117935.60964750
-117935.60964750
-117935.60964750
-117935.60964750
-117935.60964750
-117935.60964750
-117935.60964750
-117935.60964750
-117935.60964750
-117935.60964750
-117935.60964750
-117935.60964750
-117935.60964750
-117935.60964750
-117935.60964750
-117935.60964750
-117935.60964750
-117935.60964750
-117935.60964750
-117935.60964750
-117935.60964750
-117935.60964750
-117935.60964750
-117935.60964750
-117935.60964750
-117935.60964750
-117935.60964750
0.00259458
-0.03738559
-0.00707614
-0.00212284
-0.03479100
-0.06002923
-0.17454470
-0.00459949
-0.04163127
0.02016699
-0.08161144
0.01863383
-0.01816208
-0.03054532
-0.07618640
-0.04351824
-0.06651568
-0.22796953
0.02111047
-0.00377394
0.01344466
0.02582790
-117935.60964750
-117935.60964750
-117935.60964750
-117935.60964750
-117935.60964750
-117935.60964750
-117935.60964750
-117935.60964750
-117935.60964750
-117935.60964750
-117935.60964750
-117935.60964750
-117935.60964750
-117935.60964750
-117935.60964750
-117935.60964750
-117935.60964750
-117935.60964750
-117935.60964750
-117935.60964750
-117935.60964750
-117935.60964750
-117935.60964750
-117935.60964750
-117935.60964750
-117935.60964750
-117935.60964750
-117935.60964750
-117935.60964750
-117935.60964750
-117935.60964750
-117935.60964750
-117935.60964750
-117935.60964750
-117935.60964750
-117935.60964750
-117935.60964750
-117935.60964750
-117935.60964750
-117935.60964750
-117935.60964750
-117935.60964750
-117935.60964750
-117935.60964750
-117935.60964750
-117935.60964750
-117935.60964750
-117935.60964750
-117935.60964750
-117935.60964750
-117935.60964750
-117935.60964750
-117935.60964750
-117935.60964750
-117935.60964750
-117935.60964750
-117935.60964750
-117935.60964750
-117935.60964750
-117935.60964750
-117935.60964750
-117935.60964750
-117935.60964750
-117935.60964750
-117935.60964750
-117935.60964750
-117935.60964750
-117935.60964750
-117935.60964750
-117935.60964750
-117935.60964750
-117935.60964750
-117935.60964750
-117935.60964750
-117935.60964750
-117935.60964750
-117935.60964750
-117935.60964750
-117935.60964750
-117935.60964750
-117935.60964750
-117935.60964750
-117935.60964750
-117935.60964750
-117935.60964750
-117935.60964750
-117935.60964750
-117935.60964750
-117935.60964750
-117935.60964750
-117935.60964750
-117935.60964750
-117935.60964750
-117935.60964750
-117935.60964750
-117935.60964750
-117935.60964750
-117935.60964750
-117935.60964750
-117935.60964750
-117935.60964750
-117935.60964750
-117935.60964750
-117935.60964750
-117935.60964750
-117935.60964750
-117935.60964750
-117935.60964750
-117935.60964750
-117935.60964750
-117935.60964750
-117935.60964750
-117935.60964750
-117935.60964750
-117935.60964750
-117935.60964750
-117935.60964750
-117935.60964750
-117935.60964750
-117935.60964750
-117935.60964750
-117935.60964750
-117935.60964750
-117935.60964750
-117935.60964750
-117935.60964750
-117935.60964750
-117935.60964750
-117935.60964750
-117935.60964750
-117935.60964750
-117935.60964750
-117935.60964750
-117935.60964750
-117935.60964750
-117935.60964750
-117935.60964750
-117935.60964750
-117935.60964750
-117935.60964750
-117935.60964750
-117935.60964750
-117935.60964750
-117935.60964750
-117935.60964750
-117935.60964750
-117935.60964750
-117935.60964750
-117935.60964750
-117935.60964750
-117935.60964750
-117935.60964750
-117935.60964750
-117935.60964750
-117935.60964750
-117935.60964750
-117935.60964750
-117935.60964750
-117935.60964750
-117935.60964750
-117935.60964750
-117935.60964750
-117935.60964750
-117935.60964750
-117935.60964750
-117935.60964750
-117935.60964750
-117935.60964750
-117935.60964750
-117935.60964750
-117935.60964750
-117935.60964750
-117935.60964750
-117935.60964750
-117935.60964750
-117935.60964750
-117935.60964750
-117935.60964750
-117935.60964750
-117935.60964750
-117935.60964750
-117935.60964750
-117935.60964750
-117935.60964750
-117935.60964750
-117935.60964750
-117935.60964750
-117935.60964750
-117935.60964750
-117935.60964750
-117935.60964750
-117935.60964750
-117935.60964750
-117935.60964750
-117935.60964750
-117935.60964750
-117935.60964750
-117935.60964750
-117935.60964750
-117935.60964750
-117935.60964750
-117935.60964750
-117935.60964750
-117935.60964750
-117935.60964750
-117935.60964750
-117935.60964750
-117935.60964750
-117935.60964750
-117935.60964750
-117935.60964750
-117935.60964750
-117935.60964750
-117935.60964750
-117935.60964750
-117935.60964750
-117935.60964750
-117935.60964750
-117935.60964750
-117935.60964750
-117935.60964750
-117935.60964750
-117935.60964750
-117935.60964750
-117935.60964750
-117935.60964750
-117935.60964750
-117935.60964750
-117935.60964750
-117935.60964750
-117935.60964750
-117935.60964750
-117935.60964750
-117935.60964750
0.08915932
1.45957110
1.78212500
1.88284201
2.03474307
1.52077969
1.52278459
1.90631119
1.54483855
2.17945007
1.90359868
1.69968801
1.23537551
1.41888332
1.72999746
2.04240889
2.07790751
2.11505722
2.17591200
2.14029544
2.23995103
1.93992284
2.51922256
-117935.60964750
-117935.60964750
-117935.60964750
-117935.60964750
-117935.60964750
-117935.60964750
-117935.60964750
-117935.60964750
-117935.60964750
-117935.60964750
-117935.60964750
-117935.60964750
-117935.60964750
-117935.60964750
-117935.60964750
-117935.60964750
-117935.60964750
-117935.60964750
-117935.60964750
-117935.60964750
-117935.60964750
-117935.60964750
-117935.60964750
-117935.60964750
-117935.60964750
-117935.60964750
-117935.60964750
-117935.60964750
-117935.60964750
-117935.60964750
-117935.60964750
-117935.60964750
-117935.60964750
-117935.60964750
-117935.60964750
-117935.60964750
-117935.60964750
-117935.60964750
-117935.60964750
-117935.60964750
-117935.60964750
-117935.60964750
-117935.60964750
-117935.60964750
-117935.60964750
-117935.60964750
-117935.60964750
-117935.60964750
-117935.60964750
-117935.60964750
-117935.60964750
-117935.60964750
-117935.60964750
-117935.60964750
-117935.60964750
-117935.60964750
-117935.60964750
-117935.60964750
-117935.60964750
-117935.60964750
-117935.60964750
-117935.60964750
-117935.60964750
-117935.60964750
-117935.60964750
-117935.60964750
-117935.60964750
-117935.60964750
-117935.60964750
-117935.60964750
-117935.60964750
-117935.60964750
-117935.60964750
-117935.60964750
-117935.60964750
-117935.60964750
-117935.60964750
-117935.60964750
-117935.60964750
-117935.60964750
-117935.60964750
-117935.60964750
-117935.60964750
-117935.60964750
-117935.60964750
-117935.60964750
-117935.60964750
-117935.60964750
-117935.60964750
-117935.60964750
-117935.60964750
-117935.60964750
-117935.60964750
-117935.60964750
-117935.60964750
-117935.60964750
-117935.60964750
-117935.60964750
-117935.60964750
-117935.60964750
-117935.60964750
-117935.60964750
-117935.60964750
-117935.60964750
-117935.60964750
-117935.60964750
-117935.60964750
-117935.60964750
-117935.60964750
-117935.60964750
-117935.60964750
-117935.60964750
-117935.60964750
-117935.60964750
-117935.60964750
-117935.60964750
-117935.60964750
-117935.60964750
-117935.60964750
-117935.60964750
-117935.60964750
-117935.60964750
-117935.60964750
-117935.60964750
-117935.60964750
-117935.60964750
-117935.60964750
-117935.60964750
-117935.60964750
-117935.60964750
-117935.60964750
-117935.60964750
-117935.60964750
-117935.60964750
-117935.60964750
-117935.60964750
-117935.60964750
-117935.60964750
-117935.60964750
-117935.60964750
-117935.60964750
-117935.60964750
-117935.60964750
-117935.60964750
-117935.60964750
-117935.60964750
-117935.60964750
-117935.60964750
-117935.60964750
-117935.60964750
-117935.60964750
-117935.60964750
-117935.60964750
-117935.60964750
-117935.60964750
-117935.60964750
-117935.60964750
-117935.60964750
-117935.60964750
-117935.60964750
-117935.60964750
-117935.60964750
-117935.60964750
-117935.60964750
-117935.60964750
-117935.60964750
-117935.60964750
-117935.60964750
-117935.60964750
-117935.60964750
-117935.60964750
-117935.60964750
-117935.60964750
-117935.60964750
-117935.60964750
-117935.60964750
-117935.60964750
-117935.60964750
-117935.60964750
-117935.60964750
-117935.60964750
-117935.60964750
-117935.60964750
-117935.60964750
-117935.60964750
-117935.60964750
-117935.60964750
-117935.60964750
-117935.60964750
-117935.60964750
-117935.60964750
-117935.60964750
-117935.60964750
-117935.60964750
-117935.60964750
-117935.60964750
-117935.60964750
-117935.60964750
-117935.60964750
-117935.60964750
-117935.60964750
-117935.60964750
-117935.60964750
-117935.60964750
-117935.60964750
-117935.60964750
-117935.60964750
-117935.60964750
-117935.60964750
-117935.60964750
-117935.60964750
-117935.60964750
-117935.60964750
-117935.60964750
-117935.60964750
-117935.60964750
-117935.60964750
-117935.60964750
-117935.60964750
-117935.60964750
-117935.60964750
-117935.60964750
-117935.60964750
-117935.60964750
-117935.60964750
-117935.60964750
-117935.60964750
-117935.60964750
-117935.60964750
-117935.60964750
-117935.60964750
-117935.60964750
-117935.60964750
-0.00648646
-0.17124251
-0.14718364
-0.14057925
-0.17796483
-0.16770444
-0.29000366
-0.16581747
-0.17324741
-0.14458906
-0.20308512
-0.10767521
-0.12972917
-0.15909514
-0.20060847
-0.19046601
-0.20721287
-0.35451444
-0.18150290
-0.21499662
-0.21888849
-0.14553254
-0.27443616
-0.20992539
-117935.60964750
-117935.60964750
-117935.60964750
-117935.60964750
-117935.60964750
-117935.60964750
-117935.60964750
-117935.60964750
-117935.60964750
-117935.60964750
-117935.60964750
-117935.60964750
-117935.60964750
-117935.60964750
-117935.60964750
-117935.60964750
-117935.60964750
-117935.60964750
-117935.60964750
-117935.60964750
-117935.60964750
-117935.60964750
-117935.60964750
-117935.60964750
-117935.60964750
-117935.60964750
-117935.60964750
-117935.60964750
-117935.60964750
-117935.60964750
-117935.60964750
-117935.60964750
-117935.60964750
-117935.60964750
-117935.60964750
-117935.60964750
-117935.60964750
-117935.60964750
-117935.60964750
-117935.60964750
-117935.60964750
-117935.60964750
-117935.60964750
-117935.60964750
-117935.60964750
-117935.60964750
-117935.60964750
-117935.60964750
-117935.60964750
-117935.60964750
-117935.60964750
-117935.60964750
-117935.60964750
-117935.60964750
-117935.60964750
-117935.60964750
-117935.60964750
-117935.60964750
-117935.60964750
-117935.60964750
-117935.60964750
-117935.60964750
-117935.60964750
-117935.60964750
-117935.60964750
-117935.60964750
-117935.60964750
-117935.60964750
-117935.60964750
-117935.60964750
-117935.60964750
-117935.60964750
-117935.60964750
-117935.60964750
-117935.60964750
-117935.60964750
-117935.60964750
-117935.60964750
-117935.60964750
-117935.60964750
-117935.60964750
-117935.60964750
-117935.60964750
-117935.60964750
-117935.60964750
-117935.60964750
-117935.60964750
-117935.60964750
-117935.60964750
-117935.60964750
-117935.60964750
-117935.60964750
-117935.60964750
-117935.60964750
-117935.60964750
-117935.60964750
-117935.60964750
-117935.60964750
-117935.60964750
-117935.60964750
-117935.60964750
-117935.60964750
-117935.60964750
-117935.60964750
-117935.60964750
-117935.60964750
-117935.60964750
-117935.60964750
-117935.60964750
-117935.60964750
-117935.60964750
-117935.60964750
-117935.60964750
-117935.60964750
-117935.60964750
-117935.60964750
-117935.60964750
-117935.60964750
-117935.60964750
-117935.60964750
-117935.60964750
-117935.60964750
-117935.60964750
-117935.60964750
-117935.60964750
-117935.60964750
-117935.60964750
-117935.60964750
-117935.60964750
-117935.60964750
-117935.60964750
-117935.60964750
-117935.60964750
-117935.60964750
-117935.60964750
-117935.60964750
-117935.60964750
-117935.60964750
-117935.60964750
-117935.60964750
-117935.60964750
-117935.60964750
-117935.60964750
-117935.60964750
-117935.60964750
-117935.60964750
-117935.60964750
-117935.60964750
-117935.60964750
-117935.60964750
-117935.60964750
-117935.60964750
-117935.60964750
-117935.60964750
-117935.60964750
-117935.60964750
-117935.60964750
-117935.60964750
-117935.60964750
-117935.60964750
-117935.60964750
-117935.60964750
-117935.60964750
-117935.60964750
-117935.60964750
-117935.60964750
-117935.60964750
-117935.60964750
-117935.60964750
-117935.60964750
-117935.60964750
-117935.60964750
-117935.60964750
-117935.60964750
-117935.60964750
-117935.60964750
-117935.60964750
-117935.60964750
-117935.60964750
-117935.60964750
-117935.60964750
-117935.60964750
-117935.60964750
-117935.60964750
-117935.60964750
-117935.60964750
-117935.60964750
-117935.60964750
-117935.60964750
-117935.60964750
-117935.60964750
-117935.60964750
-117935.60964750
-117935.60964750
-117935.60964750
-117935.60964750
-117935.60964750
-117935.60964750
-117935.60964750
-117935.60964750
-117935.60964750
-117935.60964750
-117935.60964750
-117935.60964750
-117935.60964750
-117935.60964750
-117935.60964750
-117935.60964750
-117935.60964750
-117935.60964750
-117935.60964750
-117935.60964750
-117935.60964750
-117935.60964750
-117935.60964750
-117935.60964750
-117935.60964750
-117935.60964750
-117935.60964750
-117935.60964750
-117935.60964750
-117935.60964750
-117935.60964750
-117935.60964750
-117935.60964750
-117935.60964750
-117935.60964750
-117935.60964750
-117935.60964750
-117935.60964750
-117935.60964750
-117935.60964750
0.00153316
0.06097271
0.11769974
0.12560142
0.09859417
0.05932161
-0.05425038
0.11475135
0.07972447
0.16369463
0.06179826
0.14977822
0.07795544
0.07087930
0.04292856
0.08974900
0.07842718
-0.08161144
0.14930648
0.08573919
0.09552784
0.11510516
-0.09198978
0.03148881
0.07312008
-117935.60964750
-117935.60964750
-117935.60964750
-117935.60964750
-117935.60964750
-117935.60964750
-117935.60964750
-117935.60964750
-117935.60964750
-117935.60964750
-117935.60964750
-117935.60964750
-117935.60964750
-117935.60964750
-117935.60964750
-117935.60964750
-117935.60964750
-117935.60964750
-117935.60964750
-117935.60964750
-117935.60964750
-117935.60964750
-117935.60964750
-117935.60964750
-117935.60964750
-117935.60964750
-117935.60964750
-117935.60964750
-117935.60964750
-117935.60964750
-117935.60964750
-117935.60964750
-117935.60964750
-117935.60964750
-117935.60964750
-117935.60964750
-117935.60964750
-117935.60964750
-117935.60964750
-117935.60964750
-117935.60964750
-117935.60964750
-117935.60964750
-117935.60964750
-117935.60964750
-117935.60964750
-117935.60964750
-117935.60964750
-117935.60964750
-117935.60964750
-117935.60964750
-117935.60964750
-117935.60964750
-117935.60964750
-117935.60964750
-117935.60964750
-117935.60964750
-117935.60964750
-117935.60964750
-117935.60964750
-117935.60964750
-117935.60964750
-117935.60964750
-117935.60964750
-117935.60964750
-117935.60964750
-117935.60964750
-117935.60964750
-117935.60964750
-117935.60964750
-117935.60964750
-117935.60964750
-117935.60964750
-117935.60964750
-117935.60964750
-117935.60964750
-117935.60964750
-117935.60964750
-117935.60964750
-117935.60964750
-117935.60964750
-117935.60964750
-117935.60964750
-117935.60964750
-117935.60964750
-117935.60964750
-117935.60964750
-117935.60964750
-117935.60964750
-117935.60964750
-117935.60964750
-117935.60964750
-117935.60964750
-117935.60964750
-117935.60964750
-117935.60964750
-117935.60964750
-117935.60964750
-117935.60964750
-117935.60964750
-117935.60964750
-117935.60964750
-117935.60964750
-117935.60964750
-117935.60964750
-117935.60964750
-117935.60964750
-117935.60964750
-117935.60964750
-117935.60964750
-117935.60964750
-117935.60964750
-117935.60964750
-117935.60964750
-117935.60964750
-117935.60964750
-117935.60964750
-117935.60964750
-117935.60964750
-117935.60964750
-117935.60964750
-117935.60964750
-117935.60964750
-117935.60964750
-117935.60964750
-117935.60964750
-117935.60964750
-117935.60964750
-117935.60964750
-117935.60964750
-117935.60964750
-117935.60964750
-117935.60964750
-117935.60964750
-117935.60964750
-117935.60964750
-117935.60964750
-117935.60964750
-117935.60964750
-117935.60964750
-117935.60964750
-117935.60964750
-117935.60964750
-117935.60964750
-117935.60964750
-117935.60964750
-117935.60964750
-117935.60964750
-117935.60964750
-117935.60964750
-117935.60964750
-117935.60964750
-117935.60964750
-117935.60964750
-117935.60964750
-117935.60964750
-117935.60964750
-117935.60964750
-117935.60964750
-117935.60964750
-117935.60964750
-117935.60964750
-117935.60964750
-117935.60964750
-117935.60964750
-117935.60964750
-117935.60964750
-117935.60964750
-117935.60964750
-117935.60964750
-117935.60964750
-117935.60964750
-117935.60964750
-117935.60964750
-117935.60964750
-117935.60964750
-117935.60964750
-117935.60964750
-117935.60964750
-117935.60964750
-117935.60964750
-117935.60964750
-117935.60964750
-117935.60964750
-117935.60964750
-117935.60964750
-117935.60964750
-117935.60964750
-117935.60964750
-117935.60964750
-117935.60964750
-117935.60964750
-117935.60964750
-117935.60964750
-117935.60964750
-117935.60964750
-117935.60964750
-117935.60964750
-117935.60964750
-117935.60964750
-117935.60964750
-117935.60964750
-117935.60964750
-117935.60964750
-117935.60964750
-117935.60964750
-117935.60964750
-117935.60964750
-117935.60964750
-117935.60964750
-117935.60964750
-117935.60964750
-117935.60964750
-117935.60964750
-117935.60964750
-117935.60964750
-117935.60964750
-117935.60964750
-117935.60964750
-117935.60964750
-117935.60964750
-117935.60964750
-117935.60964750
-117935.60964750
-117935.60964750
-117935.60964750
-117935.60964750
-117935.60964750
-117935.60964750
-117935.60964750
-117935.60964750
0.09081042
1.49754637
1.82198723
1.86255708
1.94900389
1.44872103
1.30660862
1.90454216
1.55297611
2.18534685
1.89487144
1.71372234
1.24929191
1.44718787
1.74615464
2.02990771
2.02743107
2.13475247
2.14737158
2.03262023
2.11305232
1.84168248
1.75535361
1.88119091
1.17770500
2.51662797
-117935.60964750
-117935.60964750
-117935.60964750
-117935.60964750
-117935.60964750
-117935.60964750
-117935.60964750
-117935.60964750
-117935.60964750
-117935.60964750
-117935.60964750
-117935.60964750
-117935.60964750
-117935.60964750
-117935.60964750
-117935.60964750
-117935.60964750
-117935.60964750
-117935.60964750
-117935.60964750
-117935.60964750
-117935.60964750
-117935.60964750
-117935.60964750
-117935.60964750
-117935.60964750
-117935.60964750
-117935.60964750
-117935.60964750
-117935.60964750
-117935.60964750
-117935.60964750
-117935.60964750
-117935.60964750
-117935.60964750
-117935.60964750
-117935.60964750
-117935.60964750
-117935.60964750
-117935.60964750
-117935.60964750
-117935.60964750
-117935.60964750
-117935.60964750
-117935.60964750
-117935.60964750
-117935.60964750
-117935.60964750
-117935.60964750
-117935.60964750
-117935.60964750
-117935.60964750
-117935.60964750
-117935.60964750
-117935.60964750
-117935.60964750
-117935.60964750
-117935.60964750
-117935.60964750
-117935.60964750
-117935.60964750
-117935.60964750
-117935.60964750
-117935.60964750
-117935.60964750
-117935.60964750
-117935.60964750
-117935.60964750
-117935.60964750
-117935.60964750
-117935.60964750
-117935.60964750
-117935.60964750
-117935.60964750
-117935.60964750
-117935.60964750
-117935.60964750
-117935.60964750
-117935.60964750
-117935.60964750
-117935.60964750
-117935.60964750
-117935.60964750
-117935.60964750
-117935.60964750
-117935.60964750
-117935.60964750
-117935.60964750
-117935.60964750
-117935.60964750
-117935.60964750
-117935.60964750
-117935.60964750
-117935.60964750
-117935.60964750
-117935.60964750
-117935.60964750
-117935.60964750
-117935.60964750
-117935.60964750
-117935.60964750
-117935.60964750
-117935.60964750
-117935.60964750
-117935.60964750
-117935.60964750
-117935.60964750
-117935.60964750
-117935.60964750
-117935.60964750
-117935.60964750
-117935.60964750
-117935.60964750
-117935.60964750
-117935.60964750
-117935.60964750
-117935.60964750
-117935.60964750
-117935.60964750
-117935.60964750
-117935.60964750
-117935.60964750
-117935.60964750
-117935.60964750
-117935.60964750
-117935.60964750
-117935.60964750
-117935.60964750
-117935.60964750
-117935.60964750
-117935.60964750
-117935.60964750
-117935.60964750
-117935.60964750
-117935.60964750
-117935.60964750
-117935.60964750
-117935.60964750
-117935.60964750
-117935.60964750
-117935.60964750
-117935.60964750
-117935.60964750
-117935.60964750
-117935.60964750
-117935.60964750
-117935.60964750
-117935.60964750
-117935.60964750
-117935.60964750
-117935.60964750
-117935.60964750
-117935.60964750
-117935.60964750
-117935.60964750
-117935.60964750
-117935.60964750
-117935.60964750
-117935.60964750
-117935.60964750
-117935.60964750
-117935.60964750
-117935.60964750
-117935.60964750
-117935.60964750
-117935.60964750
-117935.60964750
-117935.60964750
-117935.60964750
-117935.60964750
-117935.60964750
-117935.60964750
-117935.60964750
-117935.60964750
-117935.60964750
-117935.60964750
-117935.60964750
-117935.60964750
-117935.60964750
-117935.60964750
-117935.60964750
-117935.60964750
-117935.60964750
-117935.60964750
-117935.60964750
-117935.60964750
-117935.60964750
-117935.60964750
-117935.60964750
-117935.60964750
-117935.60964750
-117935.60964750
-117935.60964750
-117935.60964750
-117935.60964750
-117935.60964750
-117935.60964750
-117935.60964750
-117935.60964750
-117935.60964750
-117935.60964750
-117935.60964750
-117935.60964750
-117935.60964750
-117935.60964750
-117935.60964750
-117935.60964750
-117935.60964750
-117935.60964750
-117935.60964750
-117935.60964750
-117935.60964750
-117935.60964750
-117935.60964750
-117935.60964750
-117935.60964750
-117935.60964750
-117935.60964750
-117935.60964750
-117935.60964750
-117935.60964750
-117935.60964750
-117935.60964750
-117935.60964750
-117935.60964750
-117935.60964750
-117935.60964750
-117935.60964750
-117935.60964750
-117935.60964750
0.00082555
-0.00837343
0.00919898
0.01014246
0.00188697
-0.02146428
-0.04316443
0.01792621
-0.02688932
0.02995564
-0.03762146
0.02441267
-0.01639305
-0.02594583
-0.04186714
-0.01497782
-0.02488441
-0.05625529
0.02535616
-0.00471742
-0.01356260
0.01544956
-0.07300214
-0.00448155
-0.00813756
0.03431926
0.04316443
-117935.60964750
-117935.60964750
-117935.60964750
-117935.60964750
-117935.60964750
-117935.60964750
-117935.60964750
-117935.60964750
-117935.60964750
-117935.60964750
-117935.60964750
-117935.60964750
-117935.60964750
-117935.60964750
-117935.60964750
-117935.60964750
-117935.60964750
-117935.60964750
-117935.60964750
-117935.60964750
-117935.60964750
-117935.60964750
-117935.60964750
-117935.60964750
-117935.60964750
-117935.60964750
-117935.60964750
-117935.60964750
-117935.60964750
-117935.60964750
-117935.60964750
-117935.60964750
-117935.60964750
-117935.60964750
-117935.60964750
-117935.60964750
-117935.60964750
-117935.60964750
-117935.60964750
-117935.60964750
-117935.60964750
-117935.60964750
-117935.60964750
-117935.60964750
-117935.60964750
-117935.60964750
-117935.60964750
-117935.60964750
-117935.60964750
-117935.60964750
-117935.60964750
-117935.60964750
-117935.60964750
-117935.60964750
-117935.60964750
-117935.60964750
-117935.60964750
-117935.60964750
-117935.60964750
-117935.60964750
-117935.60964750
-117935.60964750
-117935.60964750
-117935.60964750
-117935.60964750
-117935.60964750
-117935.60964750
-117935.60964750
-117935.60964750
-117935.60964750
-117935.60964750
-117935.60964750
-117935.60964750
-117935.60964750
-117935.60964750
-117935.60964750
-117935.60964750
-117935.60964750
-117935.60964750
-117935.60964750
-117935.60964750
-117935.60964750
-117935.60964750
-117935.60964750
-117935.60964750
-117935.60964750
-117935.60964750
-117935.60964750
-117935.60964750
-117935.60964750
-117935.60964750
-117935.60964750
-117935.60964750
-117935.60964750
-117935.60964750
-117935.60964750
-117935.60964750
-117935.60964750
-117935.60964750
-117935.60964750
-117935.60964750
-117935.60964750
-117935.60964750
-117935.60964750
-117935.60964750
-117935.60964750
-117935.60964750
-117935.60964750
-117935.60964750
-117935.60964750
-117935.60964750
-117935.60964750
-117935.60964750
-117935.60964750
-117935.60964750
-117935.60964750
-117935.60964750
-117935.60964750
-117935.60964750
-117935.60964750
-117935.60964750
-117935.60964750
-117935.60964750
-117935.60964750
-117935.60964750
-117935.60964750
-117935.60964750
-117935.60964750
-117935.60964750
-117935.60964750
-117935.60964750
-117935.60964750
-117935.60964750
-117935.60964750
-117935.60964750
-117935.60964750
-117935.60964750
-117935.60964750
-117935.60964750
-117935.60964750
-117935.60964750
-117935.60964750
-117935.60964750
-117935.60964750
-117935.60964750
-117935.60964750
-117935.60964750
-117935.60964750
-117935.60964750
-117935.60964750
-117935.60964750
-117935.60964750
-117935.60964750
-117935.60964750
-117935.60964750
-117935.60964750
-117935.60964750
-117935.60964750
-117935.60964750
-117935.60964750
-117935.60964750
-117935.60964750
-117935.60964750
-117935.60964750
-117935.60964750
-117935.60964750
-117935.60964750
-117935.60964750
-117935.60964750
-117935.60964750
-117935.60964750
-117935.60964750
-117935.60964750
-117935.60964750
-117935.60964750
-117935.60964750
-117935.60964750
-117935.60964750
-117935.60964750
-117935.60964750
-117935.60964750
-117935.60964750
-117935.60964750
-117935.60964750
-117935.60964750
-117935.60964750
-117935.60964750
-117935.60964750
-117935.60964750
-117935.60964750
-117935.60964750
-117935.60964750
-117935.60964750
-117935.60964750
-117935.60964750
-117935.60964750
-117935.60964750
-117935.60964750
-117935.60964750
-117935.60964750
-117935.60964750
-117935.60964750
-117935.60964750
-117935.60964750
-117935.60964750
-117935.60964750
-117935.60964750
-117935.60964750
-117935.60964750
-117935.60964750
-117935.60964750
-117935.60964750
-117935.60964750
-117935.60964750
-117935.60964750
-117935.60964750
-117935.60964750
-117935.60964750
-117935.60964750
-117935.60964750
-117935.60964750
-117935.60964750
-117935.60964750
-117935.60964750
-117935.60964750
-117935.60964750
-117935.60964750
-117935.60964750
-117935.60964750
-0.00672233
-0.11734593
-0.11427961
-0.12642697
-0.15921307
-0.15543913
-0.19211711
-0.12359652
-0.14966029
-0.12465794
-0.21499662
-0.09375881
-0.12111987
-0.14624016
-0.19824976
-0.17489851
-0.19306059
-0.30274071
-0.11911497
-0.15060377
-0.16192559
-0.10484476
-0.26393989
-0.16558160
-0.10000940
-0.22525701
-0.08538538
-0.21818088
-117935.60964750
-117935.60964750
-117935.60964750
-117935.60964750
-117935.60964750
-117935.60964750
-117935.60964750
-117935.60964750
-117935.60964750
-117935.60964750
-117935.60964750
-117935.60964750
-117935.60964750
-117935.60964750
-117935.60964750
-117935.60964750
-117935.60964750
-117935.60964750
-117935.60964750
-117935.60964750
-117935.60964750
-117935.60964750
-117935.60964750
-117935.60964750
-117935.60964750
-117935.60964750
-117935.60964750
-117935.60964750
-117935.60964750
-117935.60964750
-117935.60964750
-117935.60964750
-117935.60964750
-117935.60964750
-117935.60964750
-117935.60964750
-117935.60964750
-117935.60964750
-117935.60964750
-117935.60964750
-117935.60964750
-117935.60964750
-117935.60964750
-117935.60964750
-117935.60964750
-117935.60964750
-117935.60964750
-117935.60964750
-117935.60964750
-117935.60964750
-117935.60964750
-117935.60964750
-117935.60964750
-117935.60964750
-117935.60964750
-117935.60964750
-117935.60964750
-117935.60964750
-117935.60964750
-117935.60964750
-117935.60964750
-117935.60964750
-117935.60964750
-117935.60964750
-117935.60964750
-117935.60964750
-117935.60964750
-117935.60964750
-117935.60964750
-117935.60964750
-117935.60964750
-117935.60964750
-117935.60964750
-117935.60964750
-117935.60964750
-117935.60964750
-117935.60964750
-117935.60964750
-117935.60964750
-117935.60964750
-117935.60964750
-117935.60964750
-117935.60964750
-117935.60964750
-117935.60964750
-117935.60964750
-117935.60964750
-117935.60964750
-117935.60964750
-117935.60964750
-117935.60964750
-117935.60964750
-117935.60964750
-117935.60964750
-117935.60964750
-117935.60964750
-117935.60964750
-117935.60964750
-117935.60964750
-117935.60964750
-117935.60964750
-117935.60964750
-117935.60964750
-117935.60964750
-117935.60964750
-117935.60964750
-117935.60964750
-117935.60964750
-117935.60964750
-117935.60964750
-117935.60964750
-117935.60964750
-117935.60964750
-117935.60964750
-117935.60964750
-117935.60964750
-117935.60964750
-117935.60964750
-117935.60964750
-117935.60964750
-117935.60964750
-117935.60964750
-117935.60964750
-117935.60964750
-117935.60964750
-117935.60964750
-117935.60964750
-117935.60964750
-117935.60964750
-117935.60964750
-117935.60964750
-117935.60964750
-117935.60964750
-117935.60964750
-117935.60964750
-117935.60964750
-117935.60964750
-117935.60964750
-117935.60964750
-117935.60964750
-117935.60964750
-117935.60964750
-117935.60964750
-117935.60964750
-117935.60964750
-117935.60964750
-117935.60964750
-117935.60964750
-117935.60964750
-117935.60964750
-117935.60964750
-117935.60964750
-117935.60964750
-117935.60964750
-117935.60964750
-117935.60964750
-117935.60964750
-117935.60964750
-117935.60964750
-117935.60964750
-117935.60964750
-117935.60964750
-117935.60964750
-117935.60964750
-117935.60964750
-117935.60964750
-117935.60964750
-117935.60964750
-117935.60964750
-117935.60964750
-117935.60964750
-117935.60964750
-117935.60964750
-117935.60964750
-117935.60964750
-117935.60964750
-117935.60964750
-117935.60964750
-117935.60964750
-117935.60964750
-117935.60964750
-117935.60964750
-117935.60964750
-117935.60964750
-117935.60964750
-117935.60964750
-117935.60964750
-117935.60964750
-117935.60964750
-117935.60964750
-117935.60964750
-117935.60964750
-117935.60964750
-117935.60964750
-117935.60964750
-117935.60964750
-117935.60964750
-117935.60964750
-117935.60964750
-117935.60964750
-117935.60964750
-117935.60964750
-117935.60964750
-117935.60964750
-117935.60964750
-117935.60964750
-117935.60964750
-117935.60964750
-117935.60964750
-117935.60964750
-117935.60964750
-117935.60964750
-117935.60964750
-117935.60964750
-117935.60964750
-117935.60964750
-117935.60964750
-117935.60964750
-117935.60964750
-117935.60964750
-117935.60964750
-117935.60964750
-117935.60964750
-117935.60964750
-117935.60964750
-117935.60964750
-117935.60964750
-117935.60964750
0.09470229
1.33915885
1.69155045
1.84887655
1.97294481
1.51853891
1.26356212
1.83838028
1.47678970
2.17202012
1.90418835
1.73483282
1.26839748
1.46759073
1.76396291
2.07389770
2.07472324
2.10809902
2.12861982
2.00042381
2.08179938
1.79934360
1.72752081
1.74155515
1.10541047
1.75747645
1.95289576
2.29054541
2.52358618
-117935.60964750
-117935.60964750
-117935.60964750
-117935.60964750
-117935.60964750
-117935.60964750
-117935.60964750
-117935.60964750
-117935.60964750
-117935.60964750
-117935.60964750
-117935.60964750
-117935.60964750
-117935.60964750
-117935.60964750
-117935.60964750
-117935.60964750
-117935.60964750
-117935.60964750
-117935.60964750
-117935.60964750
-117935.60964750
-117935.60964750
-117935.60964750
-117935.60964750
-117935.60964750
-117935.60964750
-117935.60964750
-117935.60964750
-117935.60964750
-117935.60964750
-117935.60964750
-117935.60964750
-117935.60964750
-117935.60964750
-117935.60964750
-117935.60964750
-117935.60964750
-117935.60964750
-117935.60964750
-117935.60964750
-117935.60964750
-117935.60964750
-117935.60964750
-117935.60964750
-117935.60964750
-117935.60964750
-117935.60964750
-117935.60964750
-117935.60964750
-117935.60964750
-117935.60964750
-117935.60964750
-117935.60964750
-117935.60964750
-117935.60964750
-117935.60964750
-117935.60964750
-117935.60964750
-117935.60964750
-117935.60964750
-117935.60964750
-117935.60964750
-117935.60964750
-117935.60964750
-117935.60964750
-117935.60964750
-117935.60964750
-117935.60964750
-117935.60964750
-117935.60964750
-117935.60964750
-117935.60964750
-117935.60964750
-117935.60964750
-117935.60964750
-117935.60964750
-117935.60964750
-117935.60964750
-117935.60964750
-117935.60964750
-117935.60964750
-117935.60964750
-117935.60964750
-117935.60964750
-117935.60964750
-117935.60964750
-117935.60964750
-117935.60964750
-117935.60964750
-117935.60964750
-117935.60964750
-117935.60964750
-117935.60964750
-117935.60964750
-117935.60964750
-117935.60964750
-117935.60964750
-117935.60964750
-117935.60964750
-117935.60964750
-117935.60964750
-117935.60964750
-117935.60964750
-117935.60964750
-117935.60964750
-117935.60964750
-117935.60964750
-117935.60964750
-117935.60964750
-117935.60964750
-117935.60964750
-117935.60964750
-117935.60964750
-117935.60964750
-117935.60964750
-117935.60964750
-117935.60964750
-117935.60964750
-117935.60964750
-117935.60964750
-117935.60964750
-117935.60964750
-117935.60964750
-117935.60964750
-117935.60964750
-117935.60964750
-117935.60964750
-117935.60964750
-117935.60964750
-117935.60964750
-117935.60964750
-117935.60964750
-117935.60964750
-117935.60964750
-117935.60964750
-117935.60964750
-117935.60964750
-117935.60964750
-117935.60964750
-117935.60964750
-117935.60964750
-117935.60964750
-117935.60964750
-117935.60964750
-117935.60964750
-117935.60964750
-117935.60964750
-117935.60964750
-117935.60964750
-117935.60964750
-117935.60964750
-117935.60964750
-117935.60964750
-117935.60964750
-117935.60964750
-117935.60964750
-117935.60964750
-117935.60964750
-117935.60964750
-117935.60964750
-117935.60964750
-117935.60964750
-117935.60964750
-117935.60964750
-117935.60964750
-117935.60964750
-117935.60964750
-117935.60964750
-117935.60964750
-117935.60964750
-117935.60964750
-117935.60964750
-117935.60964750
-117935.60964750
-117935.60964750
-117935.60964750
-117935.60964750
-117935.60964750
-117935.60964750
-117935.60964750
-117935.60964750
-117935.60964750
-117935.60964750
-117935.60964750
-117935.60964750
-117935.60964750
-117935.60964750
-117935.60964750
-117935.60964750
-117935.60964750
-117935.60964750
-117935.60964750
-117935.60964750
-117935.60964750
-117935.60964750
-117935.60964750
-117935.60964750
-117935.60964750
-117935.60964750
-117935.60964750
-117935.60964750
-117935.60964750
-117935.60964750
-117935.60964750
-117935.60964750
-117935.60964750
-117935.60964750
-117935.60964750
-117935.60964750
-117935.60964750
-117935.60964750
-117935.60964750
-117935.60964750
-117935.60964750
-117935.60964750
-117935.60964750
-117935.60964750
-117935.60964750
-117935.60964750
-117935.60964750
-117935.60964750
-117935.60964750
-117935.60964750
-117935.60964750
-117935.60964750
-117935.60964750
-0.00011794
-0.02512028
0.02134635
0.01085008
-0.02512028
-0.05271722
-0.15414184
-0.01462402
-0.03679591
0.01615718
-0.06498252
0.01297292
-0.03420133
-0.05189167
-0.07288421
-0.04056985
-0.05283515
-0.14576841
0.00306633
-0.03832907
-0.02783280
0.00318426
-0.11121328
-0.04611282
-0.03479100
-0.09045661
0.02913010
-0.03019152
-0.08892345
-0.00566091
-117935.60964750
-117935.60964750
-117935.60964750
-117935.60964750
-117935.60964750
-117935.60964750
-117935.60964750
-117935.60964750
-117935.60964750
-117935.60964750
-117935.60964750
-117935.60964750
-117935.60964750
-117935.60964750
-117935.60964750
-117935.60964750
-117935.60964750
-117935.60964750
-117935.60964750
-117935.60964750
-117935.60964750
-117935.60964750
-117935.60964750
-117935.60964750
-117935.60964750
-117935.60964750
-117935.60964750
-117935.60964750
-117935.60964750
-117935.60964750
-117935.60964750
-117935.60964750
-117935.60964750
-117935.60964750
-117935.60964750
-117935.60964750
-117935.60964750
-117935.60964750
-117935.60964750
-117935.60964750
-117935.60964750
-117935.60964750
-117935.60964750
-117935.60964750
-117935.60964750
-117935.60964750
-117935.60964750
-117935.60964750
-117935.60964750
-117935.60964750
-117935.60964750
-117935.60964750
-117935.60964750
-117935.60964750
-117935.60964750
-117935.60964750
-117935.60964750
-117935.60964750
-117935.60964750
-117935.60964750
-117935.60964750
-117935.60964750
-117935.60964750
-117935.60964750
-117935.60964750
-117935.60964750
-117935.60964750
-117935.60964750
-117935.60964750
-117935.60964750
-117935.60964750
-117935.60964750
-117935.60964750
-117935.60964750
-117935.60964750
-117935.60964750
-117935.60964750
-117935.60964750
-117935.60964750
-117935.60964750
-117935.60964750
-117935.60964750
-117935.60964750
-117935.60964750
-117935.60964750
-117935.60964750
-117935.60964750
-117935.60964750
-117935.60964750
-117935.60964750
-117935.60964750
-117935.60964750
-117935.60964750
-117935.60964750
-117935.60964750
-117935.60964750
-117935.60964750
-117935.60964750
-117935.60964750
-117935.60964750
-117935.60964750
-117935.60964750
-117935.60964750
-117935.60964750
-117935.60964750
-117935.60964750
-117935.60964750
-117935.60964750
-117935.60964750
-117935.60964750
-117935.60964750
-117935.60964750
-117935.60964750
-117935.60964750
-117935.60964750
-117935.60964750
-117935.60964750
-117935.60964750
-117935.60964750
-117935.60964750
-117935.60964750
-117935.60964750
-117935.60964750
-117935.60964750
-117935.60964750
-117935.60964750
-117935.60964750
-117935.60964750
-117935.60964750
-117935.60964750
-117935.60964750
-117935.60964750
-117935.60964750
-117935.60964750
-117935.60964750
-117935.60964750
-117935.60964750
-117935.60964750
-117935.60964750
-117935.60964750
-117935.60964750
-117935.60964750
-117935.60964750
-117935.60964750
-117935.60964750
-117935.60964750
-117935.60964750
-117935.60964750
-117935.60964750
-117935.60964750
-117935.60964750
-117935.60964750
-117935.60964750
-117935.60964750
-117935.60964750
-117935.60964750
-117935.60964750
-117935.60964750
-117935.60964750
-117935.60964750
-117935.60964750
-117935.60964750
-117935.60964750
-117935.60964750
-117935.60964750
-117935.60964750
-117935.60964750
-117935.60964750
-117935.60964750
-117935.60964750
-117935.60964750
-117935.60964750
-117935.60964750
-117935.60964750
-117935.60964750
-117935.60964750
-117935.60964750
-117935.60964750
-117935.60964750
-117935.60964750
-117935.60964750
-117935.60964750
-117935.60964750
-117935.60964750
-117935.60964750
-117935.60964750
-117935.60964750
-117935.60964750
-117935.60964750
-117935.60964750
-117935.60964750
-117935.60964750
-117935.60964750
-117935.60964750
-117935.60964750
-117935.60964750
-117935.60964750
-117935.60964750
-117935.60964750
-117935.60964750
-117935.60964750
-117935.60964750
-117935.60964750
-117935.60964750
-117935.60964750
-117935.60964750
-117935.60964750
-117935.60964750
-117935.60964750
-117935.60964750
-117935.60964750
-117935.60964750
-117935.60964750
-117935.60964750
-117935.60964750
-117935.60964750
-117935.60964750
-117935.60964750
-117935.60964750
-117935.60964750
-117935.60964750
-117935.60964750
-117935.60964750
-117935.60964750
-117935.60964750
-117935.60964750
0.00306633
-0.00389188
0.05495799
0.05932161
0.03738559
-0.00849136
-0.12017639
0.03785733
-0.01698273
0.08102176
-0.01828002
0.06510046
-0.00554297
-0.02535616
-0.04198508
0.01485989
0.00247665
-0.09729688
0.06486459
0.01615718
0.01639305
0.05389657
-0.08373428
-0.00271252
-0.00754788
-0.08137557
0.08880551
0.00978866
-0.07819131
0.04858947
0.00436362
-117935.60964750
-117935.60964750
-117935.60964750
-117935.60964750
-117935.60964750
-117935.60964750
-117935.60964750
-117935.60964750
-117935.60964750
-117935.60964750
-117935.60964750
-117935.60964750
-117935.60964750
-117935.60964750
-117935.60964750
-117935.60964750
-117935.60964750
-117935.60964750
-117935.60964750
-117935.60964750
-117935.60964750
-117935.60964750
-117935.60964750
-117935.60964750
-117935.60964750
-117935.60964750
-117935.60964750
-117935.60964750
-117935.60964750
-117935.60964750
-117935.60964750
-117935.60964750
-117935.60964750
-117935.60964750
-117935.60964750
-117935.60964750
-117935.60964750
-117935.60964750
-117935.60964750
-117935.60964750
-117935.60964750
-117935.60964750
-117935.60964750
-117935.60964750
-117935.60964750
-117935.60964750
-117935.60964750
-117935.60964750
-117935.60964750
-117935.60964750
-117935.60964750
-117935.60964750
-117935.60964750
-117935.60964750
-117935.60964750
-117935.60964750
-117935.60964750
-117935.60964750
-117935.60964750
-117935.60964750
-117935.60964750
-117935.60964750
-117935.60964750
-117935.60964750
-117935.60964750
-117935.60964750
-117935.60964750
-117935.60964750
-117935.60964750
-117935.60964750
-117935.60964750
-117935.60964750
-117935.60964750
-117935.60964750
-117935.60964750
-117935.60964750
-117935.60964750
-117935.60964750
-117935.60964750
-117935.60964750
-117935.60964750
-117935.60964750
-117935.60964750
-117935.60964750
-117935.60964750
-117935.60964750
-117935.60964750
-117935.60964750
-117935.60964750
-117935.60964750
-117935.60964750
-117935.60964750
-117935.60964750
-117935.60964750
-117935.60964750
-117935.60964750
-117935.60964750
-117935.60964750
-117935.60964750
-117935.60964750
-117935.60964750
-117935.60964750
-117935.60964750
-117935.60964750
-117935.60964750
-117935.60964750
-117935.60964750
-117935.60964750
-117935.60964750
-117935.60964750
-117935.60964750
-117935.60964750
-117935.60964750
-117935.60964750
-117935.60964750
-117935.60964750
-117935.60964750
-117935.60964750
-117935.60964750
-117935.60964750
-117935.60964750
-117935.60964750
-117935.60964750
-117935.60964750
-117935.60964750
-117935.60964750
-117935.60964750
-117935.60964750
-117935.60964750
-117935.60964750
-117935.60964750
-117935.60964750
-117935.60964750
-117935.60964750
-117935.60964750
-117935.60964750
-117935.60964750
-117935.60964750
-117935.60964750
-117935.60964750
-117935.60964750
-117935.60964750
-117935.60964750
-117935.60964750
-117935.60964750
-117935.60964750
-117935.60964750
-117935.60964750
-117935.60964750
-117935.60964750
-117935.60964750
-117935.60964750
-117935.60964750
-117935.60964750
-117935.60964750
-117935.60964750
-117935.60964750
-117935.60964750
-117935.60964750
-117935.60964750
-117935.60964750
-117935.60964750
-117935.60964750
-117935.60964750
-117935.60964750
-117935.60964750
-117935.60964750
-117935.60964750
-117935.60964750
-117935.60964750
-117935.60964750
-117935.60964750
-117935.60964750
-117935.60964750
-117935.60964750
-117935.60964750
-117935.60964750
-117935.60964750
-117935.60964750
-117935.60964750
-117935.60964750
-117935.60964750
-117935.60964750
-117935.60964750
-117935.60964750
-117935.60964750
-117935.60964750
-117935.60964750
-117935.60964750
-117935.60964750
-117935.60964750
-117935.60964750
-117935.60964750
-117935.60964750
-117935.60964750
-117935.60964750
-117935.60964750
-117935.60964750
-117935.60964750
-117935.60964750
-117935.60964750
-117935.60964750
-117935.60964750
-117935.60964750
-117935.60964750
-117935.60964750
-117935.60964750
-117935.60964750
-117935.60964750
-117935.60964750
-117935.60964750
-117935.60964750
-117935.60964750
-117935.60964750
-117935.60964750
-117935.60964750
-117935.60964750
-117935.60964750
-117935.60964750
-117935.60964750
-117935.60964750
-117935.60964750
-117935.60964750
-117935.60964750
-117935.60964750
0.08055002
1.42855404
1.62397334
1.74320625
1.83425254
1.40260821
1.23525758
1.85772172
1.58705950
2.13899815
1.81644426
1.69284774
1.23690867
1.45862762
1.74933890
2.08038415
2.07802544
1.96716597
2.12402033
2.04606489
2.10467889
1.81443935
1.67338837
1.68789445
1.22759176
1.72575178
1.89062576
2.08757823
1.74509322
1.93945110
2.15550914
2.51851494
-117935.60964750
-117935.60964750
-117935.60964750
-117935.60964750
-117935.60964750
-117935.60964750
-117935.60964750
-117935.60964750
-117935.60964750
-117935.60964750
-117935.60964750
-117935.60964750
-117935.60964750
-117935.60964750
-117935.60964750
-117935.60964750
-117935.60964750
-117935.60964750
-117935.60964750
-117935.60964750
-117935.60964750
-117935.60964750
-117935.60964750
-117935.60964750
-117935.60964750
-117935.60964750
-117935.60964750
-117935.60964750
-117935.60964750
-117935.60964750
-117935.60964750
-117935.60964750
-117935.60964750
-117935.60964750
-117935.60964750
-117935.60964750
-117935.60964750
-117935.60964750
-117935.60964750
-117935.60964750
-117935.60964750
-117935.60964750
-117935.60964750
-117935.60964750
-117935.60964750
-117935.60964750
-117935.60964750
-117935.60964750
-117935.60964750
-117935.60964750
-117935.60964750
-117935.60964750
-117935.60964750
-117935.60964750
-117935.60964750
-117935.60964750
-117935.60964750
-117935.60964750
-117935.60964750
-117935.60964750
-117935.60964750
-117935.60964750
-117935.60964750
-117935.60964750
-117935.60964750
-117935.60964750
-117935.60964750
-117935.60964750
-117935.60964750
-117935.60964750
-117935.60964750
-117935.60964750
-117935.60964750
-117935.60964750
-117935.60964750
-117935.60964750
-117935.60964750
-117935.60964750
-117935.60964750
-117935.60964750
-117935.60964750
-117935.60964750
-117935.60964750
-117935.60964750
-117935.60964750
-117935.60964750
-117935.60964750
-117935.60964750
-117935.60964750
-117935.60964750
-117935.60964750
-117935.60964750
-117935.60964750
-117935.60964750
-117935.60964750
-117935.60964750
-117935.60964750
-117935.60964750
-117935.60964750
-117935.60964750
-117935.60964750
-117935.60964750
-117935.60964750
-117935.60964750
-117935.60964750
-117935.60964750
-117935.60964750
-117935.60964750
-117935.60964750
-117935.60964750
-117935.60964750
-117935.60964750
-117935.60964750
-117935.60964750
-117935.60964750
-117935.60964750
-117935.60964750
-117935.60964750
-117935.60964750
-117935.60964750
-117935.60964750
-117935.60964750
-117935.60964750
-117935.60964750
-117935.60964750
-117935.60964750
-117935.60964750
-117935.60964750
-117935.60964750
-117935.60964750
-117935.60964750
-117935.60964750
-117935.60964750
-117935.60964750
-117935.60964750
-117935.60964750
-117935.60964750
-117935.60964750
-117935.60964750
-117935.60964750
-117935.60964750
-117935.60964750
-117935.60964750
-117935.60964750
-117935.60964750
-117935.60964750
-117935.60964750
-117935.60964750
-117935.60964750
-117935.60964750
-117935.60964750
-117935.60964750
-117935.60964750
-117935.60964750
-117935.60964750
-117935.60964750
-117935.60964750
-117935.60964750
-117935.60964750
-117935.60964750
-117935.60964750
-117935.60964750
-117935.60964750
-117935.60964750
-117935.60964750
-117935.60964750
-117935.60964750
-117935.60964750
-117935.60964750
-117935.60964750
-117935.60964750
-117935.60964750
-117935.60964750
-117935.60964750
-117935.60964750
-117935.60964750
-117935.60964750
-117935.60964750
-117935.60964750
-117935.60964750
-117935.60964750
-117935.60964750
-117935.60964750
-117935.60964750
-117935.60964750
-117935.60964750
-117935.60964750
-117935.60964750
-117935.60964750
-117935.60964750
-117935.60964750
-117935.60964750
-117935.60964750
-117935.60964750
-117935.60964750
-117935.60964750
-117935.60964750
-117935.60964750
-117935.60964750
-117935.60964750
-117935.60964750
-117935.60964750
-117935.60964750
-117935.60964750
-117935.60964750
-117935.60964750
-117935.60964750
-117935.60964750
-117935.60964750
-117935.60964750
-117935.60964750
-117935.60964750
-117935.60964750
-117935.60964750
-117935.60964750
-117935.60964750
-117935.60964750
-117935.60964750
-117935.60964750
-117935.60964750
-117935.60964750
-117935.60964750
-117935.60964750
-117935.60964750
0.04858947
0.86293486
1.02415283
1.07687005
1.09149407
0.81186874
0.57293119
1.11048170
0.94265933
1.31969947
1.08536142
1.05269325
0.74558892
0.86234518
1.01967128
1.25896263
1.25625011
1.08453587
1.31486411
1.24469242
1.28573402
1.13843244
0.91058084
1.01518973
0.74110737
0.96636439
1.17393106
1.23973913
0.93004022
1.15187710
1.22782763
1.22299227
1.30743417
-117935.60964750
-117935.60964750
-117935.60964750
-117935.60964750
-117935.60964750
-117935.60964750
-117935.60964750
-117935.60964750
-117935.60964750
-117935.60964750
-117935.60964750
-117935.60964750
-117935.60964750
-117935.60964750
-117935.60964750
-117935.60964750
-117935.60964750
-117935.60964750
-117935.60964750
-117935.60964750
-117935.60964750
-117935.60964750
-117935.60964750
-117935.60964750
-117935.60964750
-117935.60964750
-117935.60964750
-117935.60964750
-117935.60964750
-117935.60964750
-117935.60964750
-117935.60964750
-117935.60964750
-117935.60964750
-117935.60964750
-117935.60964750
-117935.60964750
-117935.60964750
-117935.60964750
-117935.60964750
-117935.60964750
-117935.60964750
-117935.60964750
-117935.60964750
-117935.60964750
-117935.60964750
-117935.60964750
-117935.60964750
-117935.60964750
-117935.60964750
-117935.60964750
-117935.60964750
-117935.60964750
-117935.60964750
-117935.60964750
-117935.60964750
-117935.60964750
-117935.60964750
-117935.60964750
-117935.60964750
-117935.60964750
-117935.60964750
-117935.60964750
-117935.60964750
-117935.60964750
-117935.60964750
-117935.60964750
-117935.60964750
-117935.60964750
-117935.60964750
-117935.60964750
-117935.60964750
-117935.60964750
-117935.60964750
-117935.60964750
-117935.60964750
-117935.60964750
-117935.60964750
-117935.60964750
-117935.60964750
-117935.60964750
-117935.60964750
-117935.60964750
-117935.60964750
-117935.60964750
-117935.60964750
-117935.60964750
-117935.60964750
-117935.60964750
-117935.60964750
-117935.60964750
-117935.60964750
-117935.60964750
-117935.60964750
-117935.60964750
-117935.60964750
-117935.60964750
-117935.60964750
-117935.60964750
-117935.60964750
-117935.60964750
-117935.60964750
-117935.60964750
-117935.60964750
-117935.60964750
-117935.60964750
-117935.60964750
-117935.60964750
-117935.60964750
-117935.60964750
-117935.60964750
-117935.60964750
-117935.60964750
-117935.60964750
-117935.60964750
-117935.60964750
-117935.60964750
-117935.60964750
-117935.60964750
-117935.60964750
-117935.60964750
-117935.60964750
-117935.60964750
-117935.60964750
-117935.60964750
-117935.60964750
-117935.60964750
-117935.60964750
-117935.60964750
-117935.60964750
-117935.60964750
-117935.60964750
-117935.60964750
-117935.60964750
-117935.60964750
-117935.60964750
-117935.60964750
-117935.60964750
-117935.60964750
-117935.60964750
-117935.60964750
-117935.60964750
-117935.60964750
-117935.60964750
-117935.60964750
-117935.60964750
-117935.60964750
-117935.60964750
-117935.60964750
-117935.60964750
-117935.60964750
-117935.60964750
-117935.60964750
-117935.60964750
-117935.60964750
-117935.60964750
-117935.60964750
-117935.60964750
-117935.60964750
-117935.60964750
-117935.60964750
-117935.60964750
-117935.60964750
-117935.60964750
-117935.60964750
-117935.60964750
-117935.60964750
-117935.60964750
-117935.60964750
-117935.60964750
-117935.60964750
-117935.60964750
-117935.60964750
-117935.60964750
-117935.60964750
-117935.60964750
-117935.60964750
-117935.60964750
-117935.60964750
-117935.60964750
-117935.60964750
-117935.60964750
-117935.60964750
-117935.60964750
-117935.60964750
-117935.60964750
-117935.60964750
-117935.60964750
-117935.60964750
-117935.60964750
-117935.60964750
-117935.60964750
-117935.60964750
-117935.60964750
-117935.60964750
-117935.60964750
-117935.60964750
-117935.60964750
-117935.60964750
-117935.60964750
-117935.60964750
-117935.60964750
-117935.60964750
-117935.60964750
-117935.60964750
-117935.60964750
-117935.60964750
-117935.60964750
-117935.60964750
-117935.60964750
-117935.60964750
-117935.60964750
-117935.60964750
-117935.60964750
-117935.60964750
-117935.60964750
-117935.60964750
-117935.60964750
-117935.60964750
-117935.60964750
-117935.60964750
-117935.60964750
-117935.60964750
-0.00117936
-0.01568544
-0.00530710
-0.01662892
-0.01733653
-0.02924803
0.02405886
0.00047174
-0.02429474
-0.00695820
-0.04434379
-0.01049627
-0.03160674
-0.02889422
-0.02830455
-0.03042739
-0.04811773
-0.05649116
-0.02264364
-0.02806868
-0.03078119
-0.02417680
-0.02559203
-0.04375411
-0.04398998
-0.01167563
-0.01721860
-0.05012263
-0.06014716
-0.04398998
-0.05047644
-0.03054532
-0.03137087
-0.03620623
-117935.60964750
-117935.60964750
-117935.60964750
-117935.60964750
-117935.60964750
-117935.60964750
-117935.60964750
-117935.60964750
-117935.60964750
-117935.60964750
-117935.60964750
-117935.60964750
-117935.60964750
-117935.60964750
-117935.60964750
-117935.60964750
-117935.60964750
-117935.60964750
-117935.60964750
-117935.60964750
-117935.60964750
-117935.60964750
-117935.60964750
-117935.60964750
-117935.60964750
-117935.60964750
-117935.60964750
-117935.60964750
-117935.60964750
-117935.60964750
-117935.60964750
-117935.60964750
-117935.60964750
-117935.60964750
-117935.60964750
-117935.60964750
-117935.60964750
-117935.60964750
-117935.60964750
-117935.60964750
-117935.60964750
-117935.60964750
-117935.60964750
-117935.60964750
-117935.60964750
-117935.60964750
-117935.60964750
-117935.60964750
-117935.60964750
-117935.60964750
-117935.60964750
-117935.60964750
-117935.60964750
-117935.60964750
-117935.60964750
-117935.60964750
-117935.60964750
-117935.60964750
-117935.60964750
-117935.60964750
-117935.60964750
-117935.60964750
-117935.60964750
-117935.60964750
-117935.60964750
-117935.60964750
-117935.60964750
-117935.60964750
-117935.60964750
-117935.60964750
-117935.60964750
-117935.60964750
-117935.60964750
-117935.60964750
-117935.60964750
-117935.60964750
-117935.60964750
-117935.60964750
-117935.60964750
-117935.60964750
-117935.60964750
-117935.60964750
-117935.60964750
-117935.60964750
-117935.60964750
-117935.60964750
-117935.60964750
-117935.60964750
-117935.60964750
-117935.60964750
-117935.60964750
-117935.60964750
-117935.60964750
-117935.60964750
-117935.60964750
-117935.60964750
-117935.60964750
-117935.60964750
-117935.60964750
-117935.60964750
-117935.60964750
-117935.60964750
-117935.60964750
-117935.60964750
-117935.60964750
-117935.60964750
-117935.60964750
-117935.60964750
-117935.60964750
-117935.60964750
-117935.60964750
-117935.60964750
-117935.60964750
-117935.60964750
-117935.60964750
-117935.60964750
-117935.60964750
-117935.60964750
-117935.60964750
-117935.60964750
-117935.60964750
-117935.60964750
-117935.60964750
-117935.60964750
-117935.60964750
-117935.60964750
-117935.60964750
-117935.60964750
-117935.60964750
-117935.60964750
-117935.60964750
-117935.60964750
-117935.60964750
-117935.60964750
-117935.60964750
-117935.60964750
-117935.60964750
-117935.60964750
-117935.60964750
-117935.60964750
-117935.60964750
-117935.60964750
-117935.60964750
-117935.60964750
-117935.60964750
-117935.60964750
-117935.60964750
-117935.60964750
-117935.60964750
-117935.60964750
-117935.60964750
-117935.60964750
-117935.60964750
-117935.60964750
-117935.60964750
-117935.60964750
-117935.60964750
-117935.60964750
-117935.60964750
-117935.60964750
-117935.60964750
-117935.60964750
-117935.60964750
-117935.60964750
-117935.60964750
-117935.60964750
-117935.60964750
-117935.60964750
-117935.60964750
-117935.60964750
-117935.60964750
-117935.60964750
-117935.60964750
-117935.60964750
-117935.60964750
-117935.60964750
-117935.60964750
-117935.60964750
-117935.60964750
-117935.60964750
-117935.60964750
-117935.60964750
-117935.60964750
-117935.60964750
-117935.60964750
-117935.60964750
-117935.60964750
-117935.60964750
-117935.60964750
-117935.60964750
-117935.60964750
-117935.60964750
-117935.60964750
-117935.60964750
-117935.60964750
-117935.60964750
-117935.60964750
-117935.60964750
-117935.60964750
-117935.60964750
-117935.60964750
-117935.60964750
-117935.60964750
-117935.60964750
-117935.60964750
-117935.60964750
-117935.60964750
-117935.60964750
-117935.60964750
-117935.60964750
-117935.60964750
-117935.60964750
-117935.60964750
-117935.60964750
-117935.60964750
-117935.60964750
-117935.60964750
-117935.60964750
-117935.60964750
-117935.60964750
-117935.60964750
-117935.60964750
0.00672233
0.06498252
0.12418620
0.14977822
0.13031885
0.08585712
-0.04741012
0.14128686
0.09257945
0.19931118
0.08432396
0.18008768
0.09753275
0.09658926
0.07064343
0.13456453
0.12642697
-0.03679591
0.20520796
0.14164067
0.15095758
0.17572406
-0.04139540
0.10508063
0.10378334
-0.04611282
0.22171895
0.13586182
-0.03290404
0.18114910
0.14494286
-0.01356260
0.04304650
0.16039243
0.06368523
-117935.60964750
-117935.60964750
-117935.60964750
-117935.60964750
-117935.60964750
-117935.60964750
-117935.60964750
-117935.60964750
-117935.60964750
-117935.60964750
-117935.60964750
-117935.60964750
-117935.60964750
-117935.60964750
-117935.60964750
-117935.60964750
-117935.60964750
-117935.60964750
-117935.60964750
-117935.60964750
-117935.60964750
-117935.60964750
-117935.60964750
-117935.60964750
-117935.60964750
-117935.60964750
-117935.60964750
-117935.60964750
-117935.60964750
-117935.60964750
-117935.60964750
-117935.60964750
-117935.60964750
-117935.60964750
-117935.60964750
-117935.60964750
-117935.60964750
-117935.60964750
-117935.60964750
-117935.60964750
-117935.60964750
-117935.60964750
-117935.60964750
-117935.60964750
-117935.60964750
-117935.60964750
-117935.60964750
-117935.60964750
-117935.60964750
-117935.60964750
-117935.60964750
-117935.60964750
-117935.60964750
-117935.60964750
-117935.60964750
-117935.60964750
-117935.60964750
-117935.60964750
-117935.60964750
-117935.60964750
-117935.60964750
-117935.60964750
-117935.60964750
-117935.60964750
-117935.60964750
-117935.60964750
-117935.60964750
-117935.60964750
-117935.60964750
-117935.60964750
-117935.60964750
-117935.60964750
-117935.60964750
-117935.60964750
-117935.60964750
-117935.60964750
-117935.60964750
-117935.60964750
-117935.60964750
-117935.60964750
-117935.60964750
-117935.60964750
-117935.60964750
-117935.60964750
-117935.60964750
-117935.60964750
-117935.60964750
-117935.60964750
-117935.60964750
-117935.60964750
-117935.60964750
-117935.60964750
-117935.60964750
-117935.60964750
-117935.60964750
-117935.60964750
-117935.60964750
-117935.60964750
-117935.60964750
-117935.60964750
-117935.60964750
-117935.60964750
-117935.60964750
-117935.60964750
-117935.60964750
-117935.60964750
-117935.60964750
-117935.60964750
-117935.60964750
-117935.60964750
-117935.60964750
-117935.60964750
-117935.60964750
-117935.60964750
-117935.60964750
-117935.60964750
-117935.60964750
-117935.60964750
-117935.60964750
-117935.60964750
-117935.60964750
-117935.60964750
-117935.60964750
-117935.60964750
-117935.60964750
-117935.60964750
-117935.60964750
-117935.60964750
-117935.60964750
-117935.60964750
-117935.60964750
-117935.60964750
-117935.60964750
-117935.60964750
-117935.60964750
-117935.60964750
-117935.60964750
-117935.60964750
-117935.60964750
-117935.60964750
-117935.60964750
-117935.60964750
-117935.60964750
-117935.60964750
-117935.60964750
-117935.60964750
-117935.60964750
-117935.60964750
-117935.60964750
-117935.60964750
-117935.60964750
-117935.60964750
-117935.60964750
-117935.60964750
-117935.60964750
-117935.60964750
-117935.60964750
-117935.60964750
-117935.60964750
-117935.60964750
-117935.60964750
-117935.60964750
-117935.60964750
-117935.60964750
-117935.60964750
-117935.60964750
-117935.60964750
-117935.60964750
-117935.60964750
-117935.60964750
-117935.60964750
-117935.60964750
-117935.60964750
-117935.60964750
-117935.60964750
-117935.60964750
-117935.60964750
-117935.60964750
-117935.60964750
-117935.60964750
-117935.60964750
-117935.60964750
-117935.60964750
-117935.60964750
-117935.60964750
-117935.60964750
-117935.60964750
-117935.60964750
-117935.60964750
-117935.60964750
-117935.60964750
-117935.60964750
-117935.60964750
-117935.60964750
-117935.60964750
-117935.60964750
-117935.60964750
-117935.60964750
-117935.60964750
-117935.60964750
-117935.60964750
-117935.60964750
-117935.60964750
-117935.60964750
-117935.60964750
-117935.60964750
-117935.60964750
-117935.60964750
-117935.60964750
-117935.60964750
-117935.60964750
-117935.60964750
-117935.60964750
-117935.60964750
-117935.60964750
-117935.60964750
-117935.60964750
-117935.60964750
-117935.60964750
-117935.60964750
-117935.60964750
0.00141523
-0.04788186
-0.00825549
0.00801962
-0.02960184
-0.06934614
-0.22690811
0.01320879
-0.02405886
0.05377864
-0.09104629
0.04540521
-0.03455513
-0.05224548
-0.08821584
-0.03479100
-0.06179826
-0.26936493
0.01898763
-0.04398998
-0.03868288
0.02063873
-0.20839222
-0.06745917
-0.02783280
-0.21770914
0.07547879
-0.04457966
-0.22101133
0.02158222
-0.02476648
-0.18126703
-0.09269739
0.03927256
-0.06498252
-0.06415697
-117935.60964750
-117935.60964750
-117935.60964750
-117935.60964750
-117935.60964750
-117935.60964750
-117935.60964750
-117935.60964750
-117935.60964750
-117935.60964750
-117935.60964750
-117935.60964750
-117935.60964750
-117935.60964750
-117935.60964750
-117935.60964750
-117935.60964750
-117935.60964750
-117935.60964750
-117935.60964750
-117935.60964750
-117935.60964750
-117935.60964750
-117935.60964750
-117935.60964750
-117935.60964750
-117935.60964750
-117935.60964750
-117935.60964750
-117935.60964750
-117935.60964750
-117935.60964750
-117935.60964750
-117935.60964750
-117935.60964750
-117935.60964750
-117935.60964750
-117935.60964750
-117935.60964750
-117935.60964750
-117935.60964750
-117935.60964750
-117935.60964750
-117935.60964750
-117935.60964750
-117935.60964750
-117935.60964750
-117935.60964750
-117935.60964750
-117935.60964750
-117935.60964750
-117935.60964750
-117935.60964750
-117935.60964750
-117935.60964750
-117935.60964750
-117935.60964750
-117935.60964750
-117935.60964750
-117935.60964750
-117935.60964750
-117935.60964750
-117935.60964750
-117935.60964750
-117935.60964750
-117935.60964750
-117935.60964750
-117935.60964750
-117935.60964750
-117935.60964750
-117935.60964750
-117935.60964750
-117935.60964750
-117935.60964750
-117935.60964750
-117935.60964750
-117935.60964750
-117935.60964750
-117935.60964750
-117935.60964750
-117935.60964750
-117935.60964750
-117935.60964750
-117935.60964750
-117935.60964750
-117935.60964750
-117935.60964750
-117935.60964750
-117935.60964750
-117935.60964750
-117935.60964750
-117935.60964750
-117935.60964750
-117935.60964750
-117935.60964750
-117935.60964750
-117935.60964750
-117935.60964750
-117935.60964750
-117935.60964750
-117935.60964750
-117935.60964750
-117935.60964750
-117935.60964750
-117935.60964750
-117935.60964750
-117935.60964750
-117935.60964750
-117935.60964750
-117935.60964750
-117935.60964750
-117935.60964750
-117935.60964750
-117935.60964750
-117935.60964750
-117935.60964750
-117935.60964750
-117935.60964750
-117935.60964750
-117935.60964750
-117935.60964750
-117935.60964750
-117935.60964750
-117935.60964750
-117935.60964750
-117935.60964750
-117935.60964750
-117935.60964750
-117935.60964750
-117935.60964750
-117935.60964750
-117935.60964750
-117935.60964750
-117935.60964750
-117935.60964750
-117935.60964750
-117935.60964750
-117935.60964750
-117935.60964750
-117935.60964750
-117935.60964750
-117935.60964750
-117935.60964750
-117935.60964750
-117935.60964750
-117935.60964750
-117935.60964750
-117935.60964750
-117935.60964750
-117935.60964750
-117935.60964750
-117935.60964750
-117935.60964750
-117935.60964750
-117935.60964750
-117935.60964750
-117935.60964750
-117935.60964750
-117935.60964750
-117935.60964750
-117935.60964750
-117935.60964750
-117935.60964750
-117935.60964750
-117935.60964750
-117935.60964750
-117935.60964750
-117935.60964750
-117935.60964750
-117935.60964750
-117935.60964750
-117935.60964750
-117935.60964750
-117935.60964750
-117935.60964750
-117935.60964750
-117935.60964750
-117935.60964750
-117935.60964750
-117935.60964750
-117935.60964750
-117935.60964750
-117935.60964750
-117935.60964750
-117935.60964750
-117935.60964750
-117935.60964750
-117935.60964750
-117935.60964750
-117935.60964750
-117935.60964750
-117935.60964750
-117935.60964750
-117935.60964750
-117935.60964750
-117935.60964750
-117935.60964750
-117935.60964750
-117935.60964750
-117935.60964750
-117935.60964750
-117935.60964750
-117935.60964750
-117935.60964750
-117935.60964750
-117935.60964750
-117935.60964750
-117935.60964750
-117935.60964750
-117935.60964750
-117935.60964750
-117935.60964750
-117935.60964750
-117935.60964750
-117935.60964750
-117935.60964750
-117935.60964750
-117935.60964750
-117935.60964750
-117935.60964750
0.02335125
0.27066222
0.38305486
0.43317749
0.42421439
0.31665711
0.07901686
0.42044045
0.31111414
0.53601735
0.35675522
0.45204719
0.30215103
0.33281429
0.33234255
0.45216513
0.44013570
0.18610239
0.54285761
0.47870064
0.49874969
0.48247458
0.18810730
0.38234725
0.29814122
0.21098681
0.52811566
0.45228306
0.19848563
0.46761469
0.44520693
0.22726192
0.32149247
0.43742318
0.34224914
0.49462195
0.42232742
-117935.60964750
-117935.60964750
-117935.60964750
-117935.60964750
-117935.60964750
-117935.60964750
-117935.60964750
-117935.60964750
-117935.60964750
-117935.60964750
-117935.60964750
-117935.60964750
-117935.60964750
-117935.60964750
-117935.60964750
-117935.60964750
-117935.60964750
-117935.60964750
-117935.60964750
-117935.60964750
-117935.60964750
-117935.60964750
-117935.60964750
-117935.60964750
-117935.60964750
-117935.60964750
-117935.60964750
-117935.60964750
-117935.60964750
-117935.60964750
-117935.60964750
-117935.60964750
-117935.60964750
-117935.60964750
-117935.60964750
-117935.60964750
-117935.60964750
-117935.60964750
-117935.60964750
-117935.60964750
-117935.60964750
-117935.60964750
-117935.60964750
-117935.60964750
-117935.60964750
-117935.60964750
-117935.60964750
-117935.60964750
-117935.60964750
-117935.60964750
-117935.60964750
-117935.60964750
-117935.60964750
-117935.60964750
-117935.60964750
-117935.60964750
-117935.60964750
-117935.60964750
-117935.60964750
-117935.60964750
-117935.60964750
-117935.60964750
-117935.60964750
-117935.60964750
-117935.60964750
-117935.60964750
-117935.60964750
-117935.60964750
-117935.60964750
-117935.60964750
-117935.60964750
-117935.60964750
-117935.60964750
-117935.60964750
-117935.60964750
-117935.60964750
-117935.60964750
-117935.60964750
-117935.60964750
-117935.60964750
-117935.60964750
-117935.60964750
-117935.60964750
-117935.60964750
-117935.60964750
-117935.60964750
-117935.60964750
-117935.60964750
-117935.60964750
-117935.60964750
-117935.60964750
-117935.60964750
-117935.60964750
-117935.60964750
-117935.60964750
-117935.60964750
-117935.60964750
-117935.60964750
-117935.60964750
-117935.60964750
-117935.60964750
-117935.60964750
-117935.60964750
-117935.60964750
-117935.60964750
-117935.60964750
-117935.60964750
-117935.60964750
-117935.60964750
-117935.60964750
-117935.60964750
-117935.60964750
-117935.60964750
-117935.60964750
-117935.60964750
-117935.60964750
-117935.60964750
-117935.60964750
-117935.60964750
-117935.60964750
-117935.60964750
-117935.60964750
-117935.60964750
-117935.60964750
-117935.60964750
-117935.60964750
-117935.60964750
-117935.60964750
-117935.60964750
-117935.60964750
-117935.60964750
-117935.60964750
-117935.60964750
-117935.60964750
-117935.60964750
-117935.60964750
-117935.60964750
-117935.60964750
-117935.60964750
-117935.60964750
-117935.60964750
-117935.60964750
-117935.60964750
-117935.60964750
-117935.60964750
-117935.60964750
-117935.60964750
-117935.60964750
-117935.60964750
-117935.60964750
-117935.60964750
-117935.60964750
-117935.60964750
-117935.60964750
-117935.60964750
-117935.60964750
-117935.60964750
-117935.60964750
-117935.60964750
-117935.60964750
-117935.60964750
-117935.60964750
-117935.60964750
-117935.60964750
-117935.60964750
-117935.60964750
-117935.60964750
-117935.60964750
-117935.60964750
-117935.60964750
-117935.60964750
-117935.60964750
-117935.60964750
-117935.60964750
-117935.60964750
-117935.60964750
-117935.60964750
-117935.60964750
-117935.60964750
-117935.60964750
-117935.60964750
-117935.60964750
-117935.60964750
-117935.60964750
-117935.60964750
-117935.60964750
-117935.60964750
-117935.60964750
-117935.60964750
-117935.60964750
-117935.60964750
-117935.60964750
-117935.60964750
-117935.60964750
-117935.60964750
-117935.60964750
-117935.60964750
-117935.60964750
-117935.60964750
-117935.60964750
-117935.60964750
-117935.60964750
-117935.60964750
-117935.60964750
-117935.60964750
-117935.60964750
-117935.60964750
-117935.60964750
-117935.60964750
-117935.60964750
-117935.60964750
-117935.60964750
-117935.60964750
-117935.60964750
-117935.60964750
-117935.60964750
-117935.60964750
-117935.60964750
-117935.60964750
0.01686479
0.32290770
0.39461255
0.41277463
0.41513335
0.29955645
0.23929135
0.41725619
0.34519753
0.50205189
0.40227836
0.39520223
0.26146325
0.29825916
0.37185098
0.46796850
0.46879405
0.44037157
0.49356053
0.45523145
0.47138863
0.42728071
0.37951679
0.38329073
0.26960080
0.40086314
0.45004229
0.47044515
0.39708920
0.43801285
0.45169338
0.43022910
0.45523145
0.39072067
0.40381153
0.48943278
0.43706937
0.49415020
-117935.60964750
-117935.60964750
-117935.60964750
-117935.60964750
-117935.60964750
-117935.60964750
-117935.60964750
-117935.60964750
-117935.60964750
-117935.60964750
-117935.60964750
-117935.60964750
-117935.60964750
-117935.60964750
-117935.60964750
-117935.60964750
-117935.60964750
-117935.60964750
-117935.60964750
-117935.60964750
-117935.60964750
-117935.60964750
-117935.60964750
-117935.60964750
-117935.60964750
-117935.60964750
-117935.60964750
-117935.60964750
-117935.60964750
-117935.60964750
-117935.60964750
-117935.60964750
-117935.60964750
-117935.60964750
-117935.60964750
-117935.60964750
-117935.60964750
-117935.60964750
-117935.60964750
-117935.60964750
-117935.60964750
-117935.60964750
-117935.60964750
-117935.60964750
-117935.60964750
-117935.60964750
-117935.60964750
-117935.60964750
-117935.60964750
-117935.60964750
-117935.60964750
-117935.60964750
-117935.60964750
-117935.60964750
-117935.60964750
-117935.60964750
-117935.60964750
-117935.60964750
-117935.60964750
-117935.60964750
-117935.60964750
-117935.60964750
-117935.60964750
-117935.60964750
-117935.60964750
-117935.60964750
-117935.60964750
-117935.60964750
-117935.60964750
-117935.60964750
-117935.60964750
-117935.60964750
-117935.60964750
-117935.60964750
-117935.60964750
-117935.60964750
-117935.60964750
-117935.60964750
-117935.60964750
-117935.60964750
-117935.60964750
-117935.60964750
-117935.60964750
-117935.60964750
-117935.60964750
-117935.60964750
-117935.60964750
-117935.60964750
-117935.60964750
-117935.60964750
-117935.60964750
-117935.60964750
-117935.60964750
-117935.60964750
-117935.60964750
-117935.60964750
-117935.60964750
-117935.60964750
-117935.60964750
-117935.60964750
-117935.60964750
-117935.60964750
-117935.60964750
-117935.60964750
-117935.60964750
-117935.60964750
-117935.60964750
-117935.60964750
-117935.60964750
-117935.60964750
-117935.60964750
-117935.60964750
-117935.60964750
-117935.60964750
-117935.60964750
-117935.60964750
-117935.60964750
-117935.60964750
-117935.60964750
-117935.60964750
-117935.60964750
-117935.60964750
-117935.60964750
-117935.60964750
-117935.60964750
-117935.60964750
-117935.60964750
-117935.60964750
-117935.60964750
-117935.60964750
-117935.60964750
-117935.60964750
-117935.60964750
-117935.60964750
-117935.60964750
-117935.60964750
-117935.60964750
-117935.60964750
-117935.60964750
-117935.60964750
-117935.60964750
-117935.60964750
-117935.60964750
-117935.60964750
-117935.60964750
-117935.60964750
-117935.60964750
-117935.60964750
-117935.60964750
-117935.60964750
-117935.60964750
-117935.60964750
-117935.60964750
-117935.60964750
-117935.60964750
-117935.60964750
-117935.60964750
-117935.60964750
-117935.60964750
-117935.60964750
-117935.60964750
-117935.60964750
-117935.60964750
-117935.60964750
-117935.60964750
-117935.60964750
-117935.60964750
-117935.60964750
-117935.60964750
-117935.60964750
-117935.60964750
-117935.60964750
-117935.60964750
-117935.60964750
-117935.60964750
-117935.60964750
-117935.60964750
-117935.60964750
-117935.60964750
-117935.60964750
-117935.60964750
-117935.60964750
-117935.60964750
-117935.60964750
-117935.60964750
-117935.60964750
-117935.60964750
-117935.60964750
-117935.60964750
-117935.60964750
-117935.60964750
-117935.60964750
-117935.60964750
-117935.60964750
-117935.60964750
-117935.60964750
-117935.60964750
-117935.60964750
-117935.60964750
-117935.60964750
-117935.60964750
-117935.60964750
-117935.60964750
-117935.60964750
-117935.60964750
-117935.60964750
-117935.60964750
-117935.60964750
-117935.60964750
-117935.60964750
-117935.60964750
-117935.60964750
-117935.60964750
-117935.60964750
-117935.60964750
-117935.60964750
-117935.60964750
-117935.60964750
0.00801962
0.05955748
0.11663832
0.14105099
0.11593070
0.07099724
-0.12288891
0.12807807
0.06521839
0.19565518
0.07925273
0.17124251
0.09328707
0.08066796
0.05377864
0.12053019
0.10732140
-0.06309555
0.18504097
0.12760633
0.13008298
0.15838752
-0.06745917
0.08137557
0.08007828
-0.03608830
0.19471169
0.10873663
-0.04115953
0.15414184
0.12465794
-0.04151333
0.03467307
0.15838752
0.08632887
0.15119345
0.10390127
0.19482963
0.16534572
-117935.60964750
-117935.60964750
-117935.60964750
-117935.60964750
-117935.60964750
-117935.60964750
-117935.60964750
-117935.60964750
-117935.60964750
-117935.60964750
-117935.60964750
-117935.60964750
-117935.60964750
-117935.60964750
-117935.60964750
-117935.60964750
-117935.60964750
-117935.60964750
-117935.60964750
-117935.60964750
-117935.60964750
-117935.60964750
-117935.60964750
-117935.60964750
-117935.60964750
-117935.60964750
-117935.60964750
-117935.60964750
-117935.60964750
-117935.60964750
-117935.60964750
-117935.60964750
-117935.60964750
-117935.60964750
-117935.60964750
-117935.60964750
-117935.60964750
-117935.60964750
-117935.60964750
-117935.60964750
-117935.60964750
-117935.60964750
-117935.60964750
-117935.60964750
-117935.60964750
-117935.60964750
-117935.60964750
-117935.60964750
-117935.60964750
-117935.60964750
-117935.60964750
-117935.60964750
-117935.60964750
-117935.60964750
-117935.60964750
-117935.60964750
-117935.60964750
-117935.60964750
-117935.60964750
-117935.60964750
-117935.60964750
-117935.60964750
-117935.60964750
-117935.60964750
-117935.60964750
-117935.60964750
-117935.60964750
-117935.60964750
-117935.60964750
-117935.60964750
-117935.60964750
-117935.60964750
-117935.60964750
-117935.60964750
-117935.60964750
-117935.60964750
-117935.60964750
-117935.60964750
-117935.60964750
-117935.60964750
-117935.60964750
-117935.60964750
-117935.60964750
-117935.60964750
-117935.60964750
-117935.60964750
-117935.60964750
-117935.60964750
-117935.60964750
-117935.60964750
-117935.60964750
-117935.60964750
-117935.60964750
-117935.60964750
-117935.60964750
-117935.60964750
-117935.60964750
-117935.60964750
-117935.60964750
-117935.60964750
-117935.60964750
-117935.60964750
-117935.60964750
-117935.60964750
-117935.60964750
-117935.60964750
-117935.60964750
-117935.60964750
-117935.60964750
-117935.60964750
-117935.60964750
-117935.60964750
-117935.60964750
-117935.60964750
-117935.60964750
-117935.60964750
-117935.60964750
-117935.60964750
-117935.60964750
-117935.60964750
-117935.60964750
-117935.60964750
-117935.60964750
-117935.60964750
-117935.60964750
-117935.60964750
-117935.60964750
-117935.60964750
-117935.60964750
-117935.60964750
-117935.60964750
-117935.60964750
-117935.60964750
-117935.60964750
-117935.60964750
-117935.60964750
-117935.60964750
-117935.60964750
-117935.60964750
-117935.60964750
-117935.60964750
-117935.60964750
-117935.60964750
-117935.60964750
-117935.60964750
-117935.60964750
-117935.60964750
-117935.60964750
-117935.60964750
-117935.60964750
-117935.60964750
-117935.60964750
-117935.60964750
-117935.60964750
-117935.60964750
-117935.60964750
-117935.60964750
-117935.60964750
-117935.60964750
-117935.60964750
-117935.60964750
-117935.60964750
-117935.60964750
-117935.60964750
-117935.60964750
-117935.60964750
-117935.60964750
-117935.60964750
-117935.60964750
-117935.60964750
-117935.60964750
-117935.60964750
-117935.60964750
-117935.60964750
-117935.60964750
-117935.60964750
-117935.60964750
-117935.60964750
-117935.60964750
-117935.60964750
-117935.60964750
-117935.60964750
-117935.60964750
-117935.60964750
-117935.60964750
-117935.60964750
-117935.60964750
-117935.60964750
-117935.60964750
-117935.60964750
-117935.60964750
-117935.60964750
-117935.60964750
-117935.60964750
-117935.60964750
-117935.60964750
-117935.60964750
-117935.60964750
-117935.60964750
-117935.60964750
-117935.60964750
-117935.60964750
-117935.60964750
-117935.60964750
-117935.60964750
-117935.60964750
-117935.60964750
-117935.60964750
-117935.60964750
-117935.60964750
-117935.60964750
-117935.60964750
-117935.60964750
-117935.60964750
-117935.60964750
-117935.60964750
-117935.60964750
0.00566091
0.01509576
0.06474665
0.08043209
0.06144445
0.02075667
-0.11852529
0.07229453
-0.00058968
0.12241716
0.01344466
0.10625998
0.03726765
0.02299744
-0.00353807
0.05059438
0.03137087
-0.10413714
0.10684966
0.06085477
0.05708084
0.08727235
-0.09198978
0.01816208
0.01745447
-0.05955748
0.12123781
0.03137087
-0.08090383
0.07771957
0.05130199
-0.06911027
-0.02075667
0.08361635
0.00542504
0.05448625
0.02087460
0.10932631
0.08597506
0.06144445
-117935.60964750
-117935.60964750
-117935.60964750
-117935.60964750
-117935.60964750
-117935.60964750
-117935.60964750
-117935.60964750
-117935.60964750
-117935.60964750
-117935.60964750
-117935.60964750
-117935.60964750
-117935.60964750
-117935.60964750
-117935.60964750
-117935.60964750
-117935.60964750
-117935.60964750
-117935.60964750
-117935.60964750
-117935.60964750
-117935.60964750
-117935.60964750
-117935.60964750
-117935.60964750
-117935.60964750
-117935.60964750
-117935.60964750
-117935.60964750
-117935.60964750
-117935.60964750
-117935.60964750
-117935.60964750
-117935.60964750
-117935.60964750
-117935.60964750
-117935.60964750
-117935.60964750
-117935.60964750
-117935.60964750
-117935.60964750
-117935.60964750
-117935.60964750
-117935.60964750
-117935.60964750
-117935.60964750
-117935.60964750
-117935.60964750
-117935.60964750
-117935.60964750
-117935.60964750
-117935.60964750
-117935.60964750
-117935.60964750
-117935.60964750
-117935.60964750
-117935.60964750
-117935.60964750
-117935.60964750
-117935.60964750
-117935.60964750
-117935.60964750
-117935.60964750
-117935.60964750
-117935.60964750
-117935.60964750
-117935.60964750
-117935.60964750
-117935.60964750
-117935.60964750
-117935.60964750
-117935.60964750
-117935.60964750
-117935.60964750
-117935.60964750
-117935.60964750
-117935.60964750
-117935.60964750
-117935.60964750
-117935.60964750
-117935.60964750
-117935.60964750
-117935.60964750
-117935.60964750
-117935.60964750
-117935.60964750
-117935.60964750
-117935.60964750
-117935.60964750
-117935.60964750
-117935.60964750
-117935.60964750
-117935.60964750
-117935.60964750
-117935.60964750
-117935.60964750
-117935.60964750
-117935.60964750
-117935.60964750
-117935.60964750
-117935.60964750
-117935.60964750
-117935.60964750
-117935.60964750
-117935.60964750
-117935.60964750
-117935.60964750
-117935.60964750
-117935.60964750
-117935.60964750
-117935.60964750
-117935.60964750
-117935.60964750
-117935.60964750
-117935.60964750
-117935.60964750
-117935.60964750
-117935.60964750
-117935.60964750
-117935.60964750
-117935.60964750
-117935.60964750
-117935.60964750
-117935.60964750
-117935.60964750
-117935.60964750
-117935.60964750
-117935.60964750
-117935.60964750
-117935.60964750
-117935.60964750
-117935.60964750
-117935.60964750
-117935.60964750
-117935.60964750
-117935.60964750
-117935.60964750
-117935.60964750
-117935.60964750
-117935.60964750
-117935.60964750
-117935.60964750
-117935.60964750
-117935.60964750
-117935.60964750
-117935.60964750
-117935.60964750
-117935.60964750
-117935.60964750
-117935.60964750
-117935.60964750
-117935.60964750
-117935.60964750
-117935.60964750
-117935.60964750
-117935.60964750
-117935.60964750
-117935.60964750
-117935.60964750
-117935.60964750
-117935.60964750
-117935.60964750
-117935.60964750
-117935.60964750
-117935.60964750
-117935.60964750
-117935.60964750
-117935.60964750
-117935.60964750
-117935.60964750
-117935.60964750
-117935.60964750
-117935.60964750
-117935.60964750
-117935.60964750
-117935.60964750
-117935.60964750
-117935.60964750
-117935.60964750
-117935.60964750
-117935.60964750
-117935.60964750
-117935.60964750
-117935.60964750
-117935.60964750
-117935.60964750
-117935.60964750
-117935.60964750
-117935.60964750
-117935.60964750
-117935.60964750
-117935.60964750
-117935.60964750
-117935.60964750
-117935.60964750
-117935.60964750
-117935.60964750
-117935.60964750
-117935.60964750
-117935.60964750
-117935.60964750
-117935.60964750
-117935.60964750
-117935.60964750
-117935.60964750
-117935.60964750
-117935.60964750
-117935.60964750
-117935.60964750
-117935.60964750
-117935.60964750
-117935.60964750
-117935.60964750
-117935.60964750
-117935.60964750
0.02877629
0.39921204
0.49544750
0.56644473
0.55948653
0.42704484
0.16676095
0.55311801
0.47303973
0.69133854
0.52457759
0.57045454
0.40180662
0.43860253
0.47704954
0.62694570
0.63850339
0.40121694
0.70985443
0.64286701
0.66916665
0.64440017
0.34118772
0.56514744
0.43435685
0.37586079
0.69133854
0.66079322
0.40027346
0.63873926
0.62022337
0.39201797
0.49521162
0.56880345
0.51691178
0.67695040
0.58425301
0.74346608
0.60406619
0.75231125
0.64982521
-117935.60964750
-117935.60964750
-117935.60964750
-117935.60964750
-117935.60964750
-117935.60964750
-117935.60964750
-117935.60964750
-117935.60964750
-117935.60964750
-117935.60964750
-117935.60964750
-117935.60964750
-117935.60964750
-117935.60964750
-117935.60964750
-117935.60964750
-117935.60964750
-117935.60964750
-117935.60964750
-117935.60964750
-117935.60964750
-117935.60964750
-117935.60964750
-117935.60964750
-117935.60964750
-117935.60964750
-117935.60964750
-117935.60964750
-117935.60964750
-117935.60964750
-117935.60964750
-117935.60964750
-117935.60964750
-117935.60964750
-117935.60964750
-117935.60964750
-117935.60964750
-117935.60964750
-117935.60964750
-117935.60964750
-117935.60964750
-117935.60964750
-117935.60964750
-117935.60964750
-117935.60964750
-117935.60964750
-117935.60964750
-117935.60964750
-117935.60964750
-117935.60964750
-117935.60964750
-117935.60964750
-117935.60964750
-117935.60964750
-117935.60964750
-117935.60964750
-117935.60964750
-117935.60964750
-117935.60964750
-117935.60964750
-117935.60964750
-117935.60964750
-117935.60964750
-117935.60964750
-117935.60964750
-117935.60964750
-117935.60964750
-117935.60964750
-117935.60964750
-117935.60964750
-117935.60964750
-117935.60964750
-117935.60964750
-117935.60964750
-117935.60964750
-117935.60964750
-117935.60964750
-117935.60964750
-117935.60964750
-117935.60964750
-117935.60964750
-117935.60964750
-117935.60964750
-117935.60964750
-117935.60964750
-117935.60964750
-117935.60964750
-117935.60964750
-117935.60964750
-117935.60964750
-117935.60964750
-117935.60964750
-117935.60964750
-117935.60964750
-117935.60964750
-117935.60964750
-117935.60964750
-117935.60964750
-117935.60964750
-117935.60964750
-117935.60964750
-117935.60964750
-117935.60964750
-117935.60964750
-117935.60964750
-117935.60964750
-117935.60964750
-117935.60964750
-117935.60964750
-117935.60964750
-117935.60964750
-117935.60964750
-117935.60964750
-117935.60964750
-117935.60964750
-117935.60964750
-117935.60964750
-117935.60964750
-117935.60964750
-117935.60964750
-117935.60964750
-117935.60964750
-117935.60964750
-117935.60964750
-117935.60964750
-117935.60964750
-117935.60964750
-117935.60964750
-117935.60964750
-117935.60964750
-117935.60964750
-117935.60964750
-117935.60964750
-117935.60964750
-117935.60964750
-117935.60964750
-117935.60964750
-117935.60964750
-117935.60964750
-117935.60964750
-117935.60964750
-117935.60964750
-117935.60964750
-117935.60964750
-117935.60964750
-117935.60964750
-117935.60964750
-117935.60964750
-117935.60964750
-117935.60964750
-117935.60964750
-117935.60964750
-117935.60964750
-117935.60964750
-117935.60964750
-117935.60964750
-117935.60964750
-117935.60964750
-117935.60964750
-117935.60964750
-117935.60964750
-117935.60964750
-117935.60964750
-117935.60964750
-117935.60964750
-117935.60964750
-117935.60964750
-117935.60964750
-117935.60964750
-117935.60964750
-117935.60964750
-117935.60964750
-117935.60964750
-117935.60964750
-117935.60964750
-117935.60964750
-117935.60964750
-117935.60964750
-117935.60964750
-117935.60964750
-117935.60964750
-117935.60964750
-117935.60964750
-117935.60964750
-117935.60964750
-117935.60964750
-117935.60964750
-117935.60964750
-117935.60964750
-117935.60964750
-117935.60964750
-117935.60964750
-117935.60964750
-117935.60964750
-117935.60964750
-117935.60964750
-117935.60964750
-117935.60964750
-117935.60964750
-117935.60964750
-117935.60964750
-117935.60964750
-117935.60964750
-117935.60964750
-117935.60964750
-117935.60964750
-117935.60964750
-117935.60964750
-117935.60964750
-117935.60964750
-117935.60964750
-117935.60964750
-117935.60964750
-117935.60964750
0.00919898
0.04434379
0.10625998
0.13362105
0.11156709
0.05826019
-0.10083495
0.12701665
0.05696290
0.18940459
0.05519387
0.15767991
0.06569013
0.06887440
0.05849606
0.11640245
0.09092836
-0.10472682
0.15543913
0.11298231
0.11817148
0.14895267
-0.04823566
0.06227000
0.05000470
-0.06474665
0.18421542
0.09257945
-0.03597036
0.13291343
0.10083495
-0.03832907
0.02641758
0.13314930
0.04894328
0.10154256
0.04835360
0.16192559
0.13621563
0.14246622
0.07288421
0.15166519
-117935.60964750
-117935.60964750
-117935.60964750
-117935.60964750
-117935.60964750
-117935.60964750
-117935.60964750
-117935.60964750
-117935.60964750
-117935.60964750
-117935.60964750
-117935.60964750
-117935.60964750
-117935.60964750
-117935.60964750
-117935.60964750
-117935.60964750
-117935.60964750
-117935.60964750
-117935.60964750
-117935.60964750
-117935.60964750
-117935.60964750
-117935.60964750
-117935.60964750
-117935.60964750
-117935.60964750
-117935.60964750
-117935.60964750
-117935.60964750
-117935.60964750
-117935.60964750
-117935.60964750
-117935.60964750
-117935.60964750
-117935.60964750
-117935.60964750
-117935.60964750
-117935.60964750
-117935.60964750
-117935.60964750
-117935.60964750
-117935.60964750
-117935.60964750
-117935.60964750
-117935.60964750
-117935.60964750
-117935.60964750
-117935.60964750
-117935.60964750
-117935.60964750
-117935.60964750
-117935.60964750
-117935.60964750
-117935.60964750
-117935.60964750
-117935.60964750
-117935.60964750
-117935.60964750
-117935.60964750
-117935.60964750
-117935.60964750
-117935.60964750
-117935.60964750
-117935.60964750
-117935.60964750
-117935.60964750
-117935.60964750
-117935.60964750
-117935.60964750
-117935.60964750
-117935.60964750
-117935.60964750
-117935.60964750
-117935.60964750
-117935.60964750
-117935.60964750
-117935.60964750
-117935.60964750
-117935.60964750
-117935.60964750
-117935.60964750
-117935.60964750
-117935.60964750
-117935.60964750
-117935.60964750
-117935.60964750
-117935.60964750
-117935.60964750
-117935.60964750
-117935.60964750
-117935.60964750
-117935.60964750
-117935.60964750
-117935.60964750
-117935.60964750
-117935.60964750
-117935.60964750
-117935.60964750
-117935.60964750
-117935.60964750
-117935.60964750
-117935.60964750
-117935.60964750
-117935.60964750
-117935.60964750
-117935.60964750
-117935.60964750
-117935.60964750
-117935.60964750
-117935.60964750
-117935.60964750
-117935.60964750
-117935.60964750
-117935.60964750
-117935.60964750
-117935.60964750
-117935.60964750
-117935.60964750
-117935.60964750
-117935.60964750
-117935.60964750
-117935.60964750
-117935.60964750
-117935.60964750
-117935.60964750
-117935.60964750
-117935.60964750
-117935.60964750
-117935.60964750
-117935.60964750
-117935.60964750
-117935.60964750
-117935.60964750
-117935.60964750
-117935.60964750
-117935.60964750
-117935.60964750
-117935.60964750
-117935.60964750
-117935.60964750
-117935.60964750
-117935.60964750
-117935.60964750
-117935.60964750
-117935.60964750
-117935.60964750
-117935.60964750
-117935.60964750
-117935.60964750
-117935.60964750
-117935.60964750
-117935.60964750
-117935.60964750
-117935.60964750
-117935.60964750
-117935.60964750
-117935.60964750
-117935.60964750
-117935.60964750
-117935.60964750
-117935.60964750
-117935.60964750
-117935.60964750
-117935.60964750
-117935.60964750
-117935.60964750
-117935.60964750
-117935.60964750
-117935.60964750
-117935.60964750
-117935.60964750
-117935.60964750
-117935.60964750
-117935.60964750
-117935.60964750
-117935.60964750
-117935.60964750
-117935.60964750
-117935.60964750
-117935.60964750
-117935.60964750
-117935.60964750
-117935.60964750
-117935.60964750
-117935.60964750
-117935.60964750
-117935.60964750
-117935.60964750
-117935.60964750
-117935.60964750
-117935.60964750
-117935.60964750
-117935.60964750
-117935.60964750
-117935.60964750
-117935.60964750
-117935.60964750
-117935.60964750
-117935.60964750
-117935.60964750
-117935.60964750
-117935.60964750
-117935.60964750
-117935.60964750
-117935.60964750
-117935.60964750
-117935.60964750
-117935.60964750
-117935.60964750
-117935.60964750
-117935.60964750
-117935.60964750
-117935.60964750
0.09918385
1.60569333
1.77033144
1.96091538
1.99558845
1.60144764
0.99018738
1.97447798
1.75346664
2.35706109
2.09394675
1.90784436
1.53953145
1.73129475
1.94865008
2.31649124
2.37593079
1.87824252
2.45659875
2.44268235
2.53337483
2.24490433
1.64531969
2.15031997
1.55144294
1.88402136
2.29915471
2.51202849
2.00313633
2.24113039
2.32934623
2.15527327
2.25551853
1.94452233
2.07743576
2.55141898
2.41154735
2.74719209
2.12390239
2.81087732
2.51851494
2.96879310
3.77323190
-117935.60964750
-117935.60964750
-117935.60964750
-117935.60964750
-117935.60964750
-117935.60964750
-117935.60964750
-117935.60964750
-117935.60964750
-117935.60964750
-117935.60964750
-117935.60964750
-117935.60964750
-117935.60964750
-117935.60964750
-117935.60964750
-117935.60964750
-117935.60964750
-117935.60964750
-117935.60964750
-117935.60964750
-117935.60964750
-117935.60964750
-117935.60964750
-117935.60964750
-117935.60964750
-117935.60964750
-117935.60964750
-117935.60964750
-117935.60964750
-117935.60964750
-117935.60964750
-117935.60964750
-117935.60964750
-117935.60964750
-117935.60964750
-117935.60964750
-117935.60964750
-117935.60964750
-117935.60964750
-117935.60964750
-117935.60964750
-117935.60964750
-117935.60964750
-117935.60964750
-117935.60964750
-117935.60964750
-117935.60964750
-117935.60964750
-117935.60964750
-117935.60964750
-117935.60964750
-117935.60964750
-117935.60964750
-117935.60964750
-117935.60964750
-117935.60964750
-117935.60964750
-117935.60964750
-117935.60964750
-117935.60964750
-117935.60964750
-117935.60964750
-117935.60964750
-117935.60964750
-117935.60964750
-117935.60964750
-117935.60964750
-117935.60964750
-117935.60964750
-117935.60964750
-117935.60964750
-117935.60964750
-117935.60964750
-117935.60964750
-117935.60964750
-117935.60964750
-117935.60964750
-117935.60964750
-117935.60964750
-117935.60964750
-117935.60964750
-117935.60964750
-117935.60964750
-117935.60964750
-117935.60964750
-117935.60964750
-117935.60964750
-117935.60964750
-117935.60964750
-117935.60964750
-117935.60964750
-117935.60964750
-117935.60964750
-117935.60964750
-117935.60964750
-117935.60964750
-117935.60964750
-117935.60964750
-117935.60964750
-117935.60964750
-117935.60964750
-117935.60964750
-117935.60964750
-117935.60964750
-117935.60964750
-117935.60964750
-117935.60964750
-117935.60964750
-117935.60964750
-117935.60964750
-117935.60964750
-117935.60964750
-117935.60964750
-117935.60964750
-117935.60964750
-117935.60964750
-117935.60964750
-117935.60964750
-117935.60964750
-117935.60964750
-117935.60964750
-117935.60964750
-117935.60964750
-117935.60964750
-117935.60964750
-117935.60964750
-117935.60964750
-117935.60964750
-117935.60964750
-117935.60964750
-117935.60964750
-117935.60964750
-117935.60964750
-117935.60964750
-117935.60964750
-117935.60964750
-117935.60964750
-117935.60964750
-117935.60964750
-117935.60964750
-117935.60964750
-117935.60964750
-117935.60964750
-117935.60964750
-117935.60964750
-117935.60964750
-117935.60964750
-117935.60964750
-117935.60964750
-117935.60964750
-117935.60964750
-117935.60964750
-117935.60964750
-117935.60964750
-117935.60964750
-117935.60964750
-117935.60964750
-117935.60964750
-117935.60964750
-117935.60964750
-117935.60964750
-117935.60964750
-117935.60964750
-117935.60964750
-117935.60964750
-117935.60964750
-117935.60964750
-117935.60964750
-117935.60964750
-117935.60964750
-117935.60964750
-117935.60964750
-117935.60964750
-117935.60964750
-117935.60964750
-117935.60964750
-117935.60964750
-117935.60964750
-117935.60964750
-117935.60964750
-117935.60964750
-117935.60964750
-117935.60964750
-117935.60964750
-117935.60964750
-117935.60964750
-117935.60964750
-117935.60964750
-117935.60964750
-117935.60964750
-117935.60964750
-117935.60964750
-117935.60964750
-117935.60964750
-117935.60964750
-117935.60964750
-117935.60964750
-117935.60964750
-117935.60964750
-117935.60964750
-117935.60964750
-117935.60964750
-117935.60964750
-117935.60964750
-117935.60964750
-117935.60964750
-117935.60964750
-117935.60964750
-117935.60964750
-117935.60964750
-117935.60964750
-117935.60964750
0.00825549
0.07264834
0.11982258
0.14116892
0.15260868
0.10036320
0.14399938
0.14753745
0.11769974
0.18480510
0.11003392
0.13421072
0.04646663
0.05837813
0.11769974
0.16852999
0.16357669
0.17890832
0.15992069
0.13668737
0.13998957
0.14199447
0.22407766
0.10684966
0.06344936
0.13079059
0.14694777
0.12041226
0.17619580
0.12548349
0.12689872
0.16345875
0.14682983
0.11203883
0.10083495
0.13763086
0.11463341
0.17843658
0.11074154
0.16817618
0.17501644
0.16829411
0.15390597
0.06863852
-117935.60964750
-117935.60964750
-117935.60964750
-117935.60964750
-117935.60964750
-117935.60964750
-117935.60964750
-117935.60964750
-117935.60964750
-117935.60964750
-117935.60964750
-117935.60964750
-117935.60964750
-117935.60964750
-117935.60964750
-117935.60964750
-117935.60964750
-117935.60964750
-117935.60964750
-117935.60964750
-117935.60964750
-117935.60964750
-117935.60964750
-117935.60964750
-117935.60964750
-117935.60964750
-117935.60964750
-117935.60964750
-117935.60964750
-117935.60964750
-117935.60964750
-117935.60964750
-117935.60964750
-117935.60964750
-117935.60964750
-117935.60964750
-117935.60964750
-117935.60964750
-117935.60964750
-117935.60964750
-117935.60964750
-117935.60964750
-117935.60964750
-117935.60964750
-117935.60964750
-117935.60964750
-117935.60964750
-117935.60964750
-117935.60964750
-117935.60964750
-117935.60964750
-117935.60964750
-117935.60964750
-117935.60964750
-117935.60964750
-117935.60964750
-117935.60964750
-117935.60964750
-117935.60964750
-117935.60964750
-117935.60964750
-117935.60964750
-117935.60964750
-117935.60964750
-117935.60964750
-117935.60964750
-117935.60964750
-117935.60964750
-117935.60964750
-117935.60964750
-117935.60964750
-117935.60964750
-117935.60964750
-117935.60964750
-117935.60964750
-117935.60964750
-117935.60964750
-117935.60964750
-117935.60964750
-117935.60964750
-117935.60964750
-117935.60964750
-117935.60964750
-117935.60964750
-117935.60964750
-117935.60964750
-117935.60964750
-117935.60964750
-117935.60964750
-117935.60964750
-117935.60964750
-117935.60964750
-117935.60964750
-117935.60964750
-117935.60964750
-117935.60964750
-117935.60964750
-117935.60964750
-117935.60964750
-117935.60964750
-117935.60964750
-117935.60964750
-117935.60964750
-117935.60964750
-117935.60964750
-117935.60964750
-117935.60964750
-117935.60964750
-117935.60964750
-117935.60964750
-117935.60964750
-117935.60964750
-117935.60964750
-117935.60964750
-117935.60964750
-117935.60964750
-117935.60964750
-117935.60964750
-117935.60964750
-117935.60964750
-117935.60964750
-117935.60964750
-117935.60964750
-117935.60964750
-117935.60964750
-117935.60964750
-117935.60964750
-117935.60964750
-117935.60964750
-117935.60964750
-117935.60964750
-117935.60964750
-117935.60964750
-117935.60964750
-117935.60964750
-117935.60964750
-117935.60964750
-117935.60964750
-117935.60964750
-117935.60964750
-117935.60964750
-117935.60964750
-117935.60964750
-117935.60964750
-117935.60964750
-117935.60964750
-117935.60964750
-117935.60964750
-117935.60964750
-117935.60964750
-117935.60964750
-117935.60964750
-117935.60964750
-117935.60964750
-117935.60964750
-117935.60964750
-117935.60964750
-117935.60964750
-117935.60964750
-117935.60964750
-117935.60964750
-117935.60964750
-117935.60964750
-117935.60964750
-117935.60964750
-117935.60964750
-117935.60964750
-117935.60964750
-117935.60964750
-117935.60964750
-117935.60964750
-117935.60964750
-117935.60964750
-117935.60964750
-117935.60964750
-117935.60964750
-117935.60964750
-117935.60964750
-117935.60964750
-117935.60964750
-117935.60964750
-117935.60964750
-117935.60964750
-117935.60964750
-117935.60964750
-117935.60964750
-117935.60964750
-117935.60964750
-117935.60964750
-117935.60964750
-117935.60964750
-117935.60964750
-117935.60964750
-117935.60964750
-117935.60964750
-117935.60964750
-117935.60964750
-117935.60964750
-117935.60964750
-117935.60964750
-117935.60964750
-117935.60964750
-117935.60964750
-117935.60964750
-117935.60964750
-117935.60964750
-117935.60964750
-117935.60964750
-117935.60964750
-117935.60964750
-117935.60964750
-117935.60964750
0.00955278
0.08361635
0.13362105
0.17136044
0.15602881
0.09729688
-0.05153786
0.17230393
0.11781767
0.24082451
0.11368993
0.20308512
0.10048114
0.09729688
0.09411262
0.18209258
0.17478057
0.01662892
0.23610709
0.17702135
0.17619580
0.21122268
0.00377394
0.13621563
0.11545896
0.00459949
0.24990556
0.15767991
-0.00141523
0.19695247
0.17018108
0.04080572
0.09812243
0.18209258
0.10743934
0.16510985
0.10307572
0.20968951
0.18020561
0.20603351
0.14694777
0.24412671
0.13161614
0.19235298
0.18515891
-117935.60964750
-117935.60964750
-117935.60964750
-117935.60964750
-117935.60964750
-117935.60964750
-117935.60964750
-117935.60964750
-117935.60964750
-117935.60964750
-117935.60964750
-117935.60964750
-117935.60964750
-117935.60964750
-117935.60964750
-117935.60964750
-117935.60964750
-117935.60964750
-117935.60964750
-117935.60964750
-117935.60964750
-117935.60964750
-117935.60964750
-117935.60964750
-117935.60964750
-117935.60964750
-117935.60964750
-117935.60964750
-117935.60964750
-117935.60964750
-117935.60964750
-117935.60964750
-117935.60964750
-117935.60964750
-117935.60964750
-117935.60964750
-117935.60964750
-117935.60964750
-117935.60964750
-117935.60964750
-117935.60964750
-117935.60964750
-117935.60964750
-117935.60964750
-117935.60964750
-117935.60964750
-117935.60964750
-117935.60964750
-117935.60964750
-117935.60964750
-117935.60964750
-117935.60964750
-117935.60964750
-117935.60964750
-117935.60964750
-117935.60964750
-117935.60964750
-117935.60964750
-117935.60964750
-117935.60964750
-117935.60964750
-117935.60964750
-117935.60964750
-117935.60964750
-117935.60964750
-117935.60964750
-117935.60964750
-117935.60964750
-117935.60964750
-117935.60964750
-117935.60964750
-117935.60964750
-117935.60964750
-117935.60964750
-117935.60964750
-117935.60964750
-117935.60964750
-117935.60964750
-117935.60964750
-117935.60964750
-117935.60964750
-117935.60964750
-117935.60964750
-117935.60964750
-117935.60964750
-117935.60964750
-117935.60964750
-117935.60964750
-117935.60964750
-117935.60964750
-117935.60964750
-117935.60964750
-117935.60964750
-117935.60964750
-117935.60964750
-117935.60964750
-117935.60964750
-117935.60964750
-117935.60964750
-117935.60964750
-117935.60964750
-117935.60964750
-117935.60964750
-117935.60964750
-117935.60964750
-117935.60964750
-117935.60964750
-117935.60964750
-117935.60964750
-117935.60964750
-117935.60964750
-117935.60964750
-117935.60964750
-117935.60964750
-117935.60964750
-117935.60964750
-117935.60964750
-117935.60964750
-117935.60964750
-117935.60964750
-117935.60964750
-117935.60964750
-117935.60964750
-117935.60964750
-117935.60964750
-117935.60964750
-117935.60964750
-117935.60964750
-117935.60964750
-117935.60964750
-117935.60964750
-117935.60964750
-117935.60964750
-117935.60964750
-117935.60964750
-117935.60964750
-117935.60964750
-117935.60964750
-117935.60964750
-117935.60964750
-117935.60964750
-117935.60964750
-117935.60964750
-117935.60964750
-117935.60964750
-117935.60964750
-117935.60964750
-117935.60964750
-117935.60964750
-117935.60964750
-117935.60964750
-117935.60964750
-117935.60964750
-117935.60964750
-117935.60964750
-117935.60964750
-117935.60964750
-117935.60964750
-117935.60964750
-117935.60964750
-117935.60964750
-117935.60964750
-117935.60964750
-117935.60964750
-117935.60964750
-117935.60964750
-117935.60964750
-117935.60964750
-117935.60964750
-117935.60964750
-117935.60964750
-117935.60964750
-117935.60964750
-117935.60964750
-117935.60964750
-117935.60964750
-117935.60964750
-117935.60964750
-117935.60964750
-117935.60964750
-117935.60964750
-117935.60964750
-117935.60964750
-117935.60964750
-117935.60964750
-117935.60964750
-117935.60964750
-117935.60964750
-117935.60964750
-117935.60964750
-117935.60964750
-117935.60964750
-117935.60964750
-117935.60964750
-117935.60964750
-117935.60964750
-117935.60964750
-117935.60964750
-117935.60964750
-117935.60964750
-117935.60964750
-117935.60964750
-117935.60964750
-117935.60964750
-117935.60964750
-117935.60964750
-117935.60964750
-117935.60964750
-117935.60964750
-117935.60964750
-117935.60964750
0.00365600
-0.02264364
0.00518917
0.02936597
0.00165110
-0.03821114
-0.20509003
0.03313991
-0.03538068
0.08444190
-0.04186714
0.07618640
0.00117936
-0.03349371
-0.07406356
-0.00058968
-0.01875176
-0.19140949
0.06816678
0.00707614
-0.01096801
0.05224548
-0.21476075
-0.03207849
-0.01179356
-0.14706571
0.08998487
-0.04340030
-0.19907531
0.02099254
-0.01745447
-0.14871680
-0.08963106
0.03219642
-0.06403904
-0.03443720
-0.08031415
0.03101707
0.02736106
0.00955278
-0.06203413
0.04375411
-0.08750822
0.03632417
0.03479100
0.00613265
-117935.60964750
-117935.60964750
-117935.60964750
-117935.60964750
-117935.60964750
-117935.60964750
-117935.60964750
-117935.60964750
-117935.60964750
-117935.60964750
-117935.60964750
-117935.60964750
-117935.60964750
-117935.60964750
-117935.60964750
-117935.60964750
-117935.60964750
-117935.60964750
-117935.60964750
-117935.60964750
-117935.60964750
-117935.60964750
-117935.60964750
-117935.60964750
-117935.60964750
-117935.60964750
-117935.60964750
-117935.60964750
-117935.60964750
-117935.60964750
-117935.60964750
-117935.60964750
-117935.60964750
-117935.60964750
-117935.60964750
-117935.60964750
-117935.60964750
-117935.60964750
-117935.60964750
-117935.60964750
-117935.60964750
-117935.60964750
-117935.60964750
-117935.60964750
-117935.60964750
-117935.60964750
-117935.60964750
-117935.60964750
-117935.60964750
-117935.60964750
-117935.60964750
-117935.60964750
-117935.60964750
-117935.60964750
-117935.60964750
-117935.60964750
-117935.60964750
-117935.60964750
-117935.60964750
-117935.60964750
-117935.60964750
-117935.60964750
-117935.60964750
-117935.60964750
-117935.60964750
-117935.60964750
-117935.60964750
-117935.60964750
-117935.60964750
-117935.60964750
-117935.60964750
-117935.60964750
-117935.60964750
-117935.60964750
-117935.60964750
-117935.60964750
-117935.60964750
-117935.60964750
-117935.60964750
-117935.60964750
-117935.60964750
-117935.60964750
-117935.60964750
-117935.60964750
-117935.60964750
-117935.60964750
-117935.60964750
-117935.60964750
-117935.60964750
-117935.60964750
-117935.60964750
-117935.60964750
-117935.60964750
-117935.60964750
-117935.60964750
-117935.60964750
-117935.60964750
-117935.60964750
-117935.60964750
-117935.60964750
-117935.60964750
-117935.60964750
-117935.60964750
-117935.60964750
-117935.60964750
-117935.60964750
-117935.60964750
-117935.60964750
-117935.60964750
-117935.60964750
-117935.60964750
-117935.60964750
-117935.60964750
-117935.60964750
-117935.60964750
-117935.60964750
-117935.60964750
-117935.60964750
-117935.60964750
-117935.60964750
-117935.60964750
-117935.60964750
-117935.60964750
-117935.60964750
-117935.60964750
-117935.60964750
-117935.60964750
-117935.60964750
-117935.60964750
-117935.60964750
-117935.60964750
-117935.60964750
-117935.60964750
-117935.60964750
-117935.60964750
-117935.60964750
-117935.60964750
-117935.60964750
-117935.60964750
-117935.60964750
-117935.60964750
-117935.60964750
-117935.60964750
-117935.60964750
-117935.60964750
-117935.60964750
-117935.60964750
-117935.60964750
-117935.60964750
-117935.60964750
-117935.60964750
-117935.60964750
-117935.60964750
-117935.60964750
-117935.60964750
-117935.60964750
-117935.60964750
-117935.60964750
-117935.60964750
-117935.60964750
-117935.60964750
-117935.60964750
-117935.60964750
-117935.60964750
-117935.60964750
-117935.60964750
-117935.60964750
-117935.60964750
-117935.60964750
-117935.60964750
-117935.60964750
-117935.60964750
-117935.60964750
-117935.60964750
-117935.60964750
-117935.60964750
-117935.60964750
-117935.60964750
-117935.60964750
-117935.60964750
-117935.60964750
-117935.60964750
-117935.60964750
-117935.60964750
-117935.60964750
-117935.60964750
-117935.60964750
-117935.60964750
-117935.60964750
-117935.60964750
-117935.60964750
-117935.60964750
-117935.60964750
-117935.60964750
-117935.60964750
-117935.60964750
-117935.60964750
-117935.60964750
-117935.60964750
-117935.60964750
-117935.60964750
-117935.60964750
-117935.60964750
-117935.60964750
-117935.60964750
-117935.60964750
-117935.60964750
-117935.60964750
-117935.60964750
-117935.60964750
0.00742994
0.03431926
0.09210771
0.11569483
0.07866305
0.02948390
-0.20308512
0.09812243
0.02759693
0.16676095
0.01438814
0.14907061
0.06050097
0.04965089
0.00471742
0.08090383
0.05814226
-0.17867245
0.15944894
0.09576372
0.09977353
0.14199447
-0.15815165
0.04139540
0.04634869
-0.14258415
0.19482963
0.06934614
-0.13892815
0.12760633
0.08290873
-0.10331159
-0.01332672
0.12854981
0.01792621
0.06451078
-0.00129729
0.12147368
0.12241716
0.10048114
0.00943485
0.12843188
-0.08868758
0.11298231
0.11758180
0.10944425
0.06569013
-117935.60964750
-117935.60964750
-117935.60964750
-117935.60964750
-117935.60964750
-117935.60964750
-117935.60964750
-117935.60964750
-117935.60964750
-117935.60964750
-117935.60964750
-117935.60964750
-117935.60964750
-117935.60964750
-117935.60964750
-117935.60964750
-117935.60964750
-117935.60964750
-117935.60964750
-117935.60964750
-117935.60964750
-117935.60964750
-117935.60964750
-117935.60964750
-117935.60964750
-117935.60964750
-117935.60964750
-117935.60964750
-117935.60964750
-117935.60964750
-117935.60964750
-117935.60964750
-117935.60964750
-117935.60964750
-117935.60964750
-117935.60964750
-117935.60964750
-117935.60964750
-117935.60964750
-117935.60964750
-117935.60964750
-117935.60964750
-117935.60964750
-117935.60964750
-117935.60964750
-117935.60964750
-117935.60964750
-117935.60964750
-117935.60964750
-117935.60964750
-117935.60964750
-117935.60964750
-117935.60964750
-117935.60964750
-117935.60964750
-117935.60964750
-117935.60964750
-117935.60964750
-117935.60964750
-117935.60964750
-117935.60964750
-117935.60964750
-117935.60964750
-117935.60964750
-117935.60964750
-117935.60964750
-117935.60964750
-117935.60964750
-117935.60964750
-117935.60964750
-117935.60964750
-117935.60964750
-117935.60964750
-117935.60964750
-117935.60964750
-117935.60964750
-117935.60964750
-117935.60964750
-117935.60964750
-117935.60964750
-117935.60964750
-117935.60964750
-117935.60964750
-117935.60964750
-117935.60964750
-117935.60964750
-117935.60964750
-117935.60964750
-117935.60964750
-117935.60964750
-117935.60964750
-117935.60964750
-117935.60964750
-117935.60964750
-117935.60964750
-117935.60964750
-117935.60964750
-117935.60964750
-117935.60964750
-117935.60964750
-117935.60964750
-117935.60964750
-117935.60964750
-117935.60964750
-117935.60964750
-117935.60964750
-117935.60964750
-117935.60964750
-117935.60964750
-117935.60964750
-117935.60964750
-117935.60964750
-117935.60964750
-117935.60964750
-117935.60964750
-117935.60964750
-117935.60964750
-117935.60964750
-117935.60964750
-117935.60964750
-117935.60964750
-117935.60964750
-117935.60964750
-117935.60964750
-117935.60964750
-117935.60964750
-117935.60964750
-117935.60964750
-117935.60964750
-117935.60964750
-117935.60964750
-117935.60964750
-117935.60964750
-117935.60964750
-117935.60964750
-117935.60964750
-117935.60964750
-117935.60964750
-117935.60964750
-117935.60964750
-117935.60964750
-117935.60964750
-117935.60964750
-117935.60964750
-117935.60964750
-117935.60964750
-117935.60964750
-117935.60964750
-117935.60964750
-117935.60964750
-117935.60964750
-117935.60964750
-117935.60964750
-117935.60964750
-117935.60964750
-117935.60964750
-117935.60964750
-117935.60964750
-117935.60964750
-117935.60964750
-117935.60964750
-117935.60964750
-117935.60964750
-117935.60964750
-117935.60964750
-117935.60964750
-117935.60964750
-117935.60964750
-117935.60964750
-117935.60964750
-117935.60964750
-117935.60964750
-117935.60964750
-117935.60964750
-117935.60964750
-117935.60964750
-117935.60964750
-117935.60964750
-117935.60964750
-117935.60964750
-117935.60964750
-117935.60964750
-117935.60964750
-117935.60964750
-117935.60964750
-117935.60964750
-117935.60964750
-117935.60964750
-117935.60964750
-117935.60964750
-117935.60964750
-117935.60964750
-117935.60964750
-117935.60964750
-117935.60964750
-117935.60964750
-117935.60964750
-117935.60964750
-117935.60964750
-117935.60964750
-117935.60964750
-117935.60964750
-117935.60964750
-117935.60964750
-117935.60964750
-117935.60964750
-117935.60964750
-117935.60964750
-117935.60964750
0.01085008
0.13869228
0.21853468
0.25202840
0.21711946
0.14612222
-0.09234358
0.23740438
0.17643167
0.32668164
0.16074624
0.28339927
0.16864792
0.16805824
0.13597976
0.22679018
0.21582217
-0.01910557
0.32444086
0.23728645
0.25816105
0.27809217
-0.03019152
0.17419090
0.17419090
-0.02122841
0.34012630
0.23905548
-0.01415227
0.29189063
0.24837239
0.01509576
0.13031885
0.28198404
0.17831864
0.25827899
0.16935554
0.28599385
0.28280959
0.26771383
0.17572406
0.31300111
0.05955748
0.26016595
0.25816105
0.24412671
0.22136514
0.09045661
-117935.60964750
-117935.60964750
-117935.60964750
-117935.60964750
-117935.60964750
-117935.60964750
-117935.60964750
-117935.60964750
-117935.60964750
-117935.60964750
-117935.60964750
-117935.60964750
-117935.60964750
-117935.60964750
-117935.60964750
-117935.60964750
-117935.60964750
-117935.60964750
-117935.60964750
-117935.60964750
-117935.60964750
-117935.60964750
-117935.60964750
-117935.60964750
-117935.60964750
-117935.60964750
-117935.60964750
-117935.60964750
-117935.60964750
-117935.60964750
-117935.60964750
-117935.60964750
-117935.60964750
-117935.60964750
-117935.60964750
-117935.60964750
-117935.60964750
-117935.60964750
-117935.60964750
-117935.60964750
-117935.60964750
-117935.60964750
-117935.60964750
-117935.60964750
-117935.60964750
-117935.60964750
-117935.60964750
-117935.60964750
-117935.60964750
-117935.60964750
-117935.60964750
-117935.60964750
-117935.60964750
-117935.60964750
-117935.60964750
-117935.60964750
-117935.60964750
-117935.60964750
-117935.60964750
-117935.60964750
-117935.60964750
-117935.60964750
-117935.60964750
-117935.60964750
-117935.60964750
-117935.60964750
-117935.60964750
-117935.60964750
-117935.60964750
-117935.60964750
-117935.60964750
-117935.60964750
-117935.60964750
-117935.60964750
-117935.60964750
-117935.60964750
-117935.60964750
-117935.60964750
-117935.60964750
-117935.60964750
-117935.60964750
-117935.60964750
-117935.60964750
-117935.60964750
-117935.60964750
-117935.60964750
-117935.60964750
-117935.60964750
-117935.60964750
-117935.60964750
-117935.60964750
-117935.60964750
-117935.60964750
-117935.60964750
-117935.60964750
-117935.60964750
-117935.60964750
-117935.60964750
-117935.60964750
-117935.60964750
-117935.60964750
-117935.60964750
-117935.60964750
-117935.60964750
-117935.60964750
-117935.60964750
-117935.60964750
-117935.60964750
-117935.60964750
-117935.60964750
-117935.60964750
-117935.60964750
-117935.60964750
-117935.60964750
-117935.60964750
-117935.60964750
-117935.60964750
-117935.60964750
-117935.60964750
-117935.60964750
-117935.60964750
-117935.60964750
-117935.60964750
-117935.60964750
-117935.60964750
-117935.60964750
-117935.60964750
-117935.60964750
-117935.60964750
-117935.60964750
-117935.60964750
-117935.60964750
-117935.60964750
-117935.60964750
-117935.60964750
-117935.60964750
-117935.60964750
-117935.60964750
-117935.60964750
-117935.60964750
-117935.60964750
-117935.60964750
-117935.60964750
-117935.60964750
-117935.60964750
-117935.60964750
-117935.60964750
-117935.60964750
-117935.60964750
-117935.60964750
-117935.60964750
-117935.60964750
-117935.60964750
-117935.60964750
-117935.60964750
-117935.60964750
-117935.60964750
-117935.60964750
-117935.60964750
-117935.60964750
-117935.60964750
-117935.60964750
-117935.60964750
-117935.60964750
-117935.60964750
-117935.60964750
-117935.60964750
-117935.60964750
-117935.60964750
-117935.60964750
-117935.60964750
-117935.60964750
-117935.60964750
-117935.60964750
-117935.60964750
-117935.60964750
-117935.60964750
-117935.60964750
-117935.60964750
-117935.60964750
-117935.60964750
-117935.60964750
-117935.60964750
-117935.60964750
-117935.60964750
-117935.60964750
-117935.60964750
-117935.60964750
-117935.60964750
-117935.60964750
-117935.60964750
-117935.60964750
-117935.60964750
-117935.60964750
-117935.60964750
-117935.60964750
-117935.60964750
-117935.60964750
-117935.60964750
-117935.60964750
-117935.60964750
-117935.60964750
-117935.60964750
-117935.60964750
-117935.60964750
-117935.60964750
-117935.60964750
-117935.60964750
0.00601472
-0.00625059
0.04210301
0.06863852
0.05849606
0.03137087
-0.09635339
0.04823566
0.01061420
0.08833377
0.00271252
0.07194072
0.01509576
0.01014246
0.00330220
0.04882534
0.04056985
-0.09623546
0.06887440
0.04564108
0.04741012
0.08432396
-0.03644210
0.03549862
0.02606377
-0.09588165
0.11097741
0.03939049
-0.05389657
0.07146898
0.04316443
-0.07854512
-0.02983771
0.06215207
0.00684027
0.03502688
0.00271252
0.05967542
0.05307102
0.04847154
0.01851589
0.06498252
-0.05660909
0.03726765
0.04092366
0.06002923
0.05047644
0.02405886
0.09198978
-117935.60964750
-117935.60964750
-117935.60964750
-117935.60964750
-117935.60964750
-117935.60964750
-117935.60964750
-117935.60964750
-117935.60964750
-117935.60964750
-117935.60964750
-117935.60964750
-117935.60964750
-117935.60964750
-117935.60964750
-117935.60964750
-117935.60964750
-117935.60964750
-117935.60964750
-117935.60964750
-117935.60964750
-117935.60964750
-117935.60964750
-117935.60964750
-117935.60964750
-117935.60964750
-117935.60964750
-117935.60964750
-117935.60964750
-117935.60964750
-117935.60964750
-117935.60964750
-117935.60964750
-117935.60964750
-117935.60964750
-117935.60964750
-117935.60964750
-117935.60964750
-117935.60964750
-117935.60964750
-117935.60964750
-117935.60964750
-117935.60964750
-117935.60964750
-117935.60964750
-117935.60964750
-117935.60964750
-117935.60964750
-117935.60964750
-117935.60964750
-117935.60964750
-117935.60964750
-117935.60964750
-117935.60964750
-117935.60964750
-117935.60964750
-117935.60964750
-117935.60964750
-117935.60964750
-117935.60964750
-117935.60964750
-117935.60964750
-117935.60964750
-117935.60964750
-117935.60964750
-117935.60964750
-117935.60964750
-117935.60964750
-117935.60964750
-117935.60964750
-117935.60964750
-117935.60964750
-117935.60964750
-117935.60964750
-117935.60964750
-117935.60964750
-117935.60964750
-117935.60964750
-117935.60964750
-117935.60964750
-117935.60964750
-117935.60964750
-117935.60964750
-117935.60964750
-117935.60964750
-117935.60964750
-117935.60964750
-117935.60964750
-117935.60964750
-117935.60964750
-117935.60964750
-117935.60964750
-117935.60964750
-117935.60964750
-117935.60964750
-117935.60964750
-117935.60964750
-117935.60964750
-117935.60964750
-117935.60964750
-117935.60964750
-117935.60964750
-117935.60964750
-117935.60964750
-117935.60964750
-117935.60964750
-117935.60964750
-117935.60964750
-117935.60964750
-117935.60964750
-117935.60964750
-117935.60964750
-117935.60964750
-117935.60964750
-117935.60964750
-117935.60964750
-117935.60964750
-117935.60964750
-117935.60964750
-117935.60964750
-117935.60964750
-117935.60964750
-117935.60964750
-117935.60964750
-117935.60964750
-117935.60964750
-117935.60964750
-117935.60964750
-117935.60964750
-117935.60964750
-117935.60964750
-117935.60964750
-117935.60964750
-117935.60964750
-117935.60964750
-117935.60964750
-117935.60964750
-117935.60964750
-117935.60964750
-117935.60964750
-117935.60964750
-117935.60964750
-117935.60964750
-117935.60964750
-117935.60964750
-117935.60964750
-117935.60964750
-117935.60964750
-117935.60964750
-117935.60964750
-117935.60964750
-117935.60964750
-117935.60964750
-117935.60964750
-117935.60964750
-117935.60964750
-117935.60964750
-117935.60964750
-117935.60964750
-117935.60964750
-117935.60964750
-117935.60964750
-117935.60964750
-117935.60964750
-117935.60964750
-117935.60964750
-117935.60964750
-117935.60964750
-117935.60964750
-117935.60964750
-117935.60964750
-117935.60964750
-117935.60964750
-117935.60964750
-117935.60964750
-117935.60964750
-117935.60964750
-117935.60964750
-117935.60964750
-117935.60964750
-117935.60964750
-117935.60964750
-117935.60964750
-117935.60964750
-117935.60964750
-117935.60964750
-117935.60964750
-117935.60964750
-117935.60964750
-117935.60964750
-117935.60964750
-117935.60964750
-117935.60964750
-117935.60964750
-117935.60964750
-117935.60964750
-117935.60964750
-117935.60964750
-117935.60964750
-117935.60964750
-117935.60964750
-117935.60964750
-117935.60964750
-117935.60964750
-117935.60964750
-117935.60964750
-117935.60964750
0.07606847
1.08701251
1.26603877
1.45721239
1.52703027
1.27453013
0.97745033
1.56689251
1.48327616
1.80748115
1.52231285
1.46122220
1.15010807
1.29870693
1.45119768
1.75570742
1.83330905
1.52443569
1.91161830
1.83496015
1.89947093
1.73730947
0.90020251
1.65782086
1.27594536
1.35720300
1.83472428
1.98945580
1.21379329
1.84050312
1.88744150
1.42808230
1.66395352
1.66407145
1.66666604
2.07991241
1.91397701
2.06292968
1.74969270
2.04488554
1.83814441
2.14406938
2.15515533
1.93614890
1.91138243
2.02212396
2.20480622
2.00325427
2.10621205
2.52476553
-117935.60964750
-117935.60964750
-117935.60964750
-117935.60964750
-117935.60964750
-117935.60964750
-117935.60964750
-117935.60964750
-117935.60964750
-117935.60964750
-117935.60964750
-117935.60964750
-117935.60964750
-117935.60964750
-117935.60964750
-117935.60964750
-117935.60964750
-117935.60964750
-117935.60964750
-117935.60964750
-117935.60964750
-117935.60964750
-117935.60964750
-117935.60964750
-117935.60964750
-117935.60964750
-117935.60964750
-117935.60964750
-117935.60964750
-117935.60964750
-117935.60964750
-117935.60964750
-117935.60964750
-117935.60964750
-117935.60964750
-117935.60964750
-117935.60964750
-117935.60964750
-117935.60964750
-117935.60964750
-117935.60964750
-117935.60964750
-117935.60964750
-117935.60964750
-117935.60964750
-117935.60964750
-117935.60964750
-117935.60964750
-117935.60964750
-117935.60964750
-117935.60964750
-117935.60964750
-117935.60964750
-117935.60964750
-117935.60964750
-117935.60964750
-117935.60964750
-117935.60964750
-117935.60964750
-117935.60964750
-117935.60964750
-117935.60964750
-117935.60964750
-117935.60964750
-117935.60964750
-117935.60964750
-117935.60964750
-117935.60964750
-117935.60964750
-117935.60964750
-117935.60964750
-117935.60964750
-117935.60964750
-117935.60964750
-117935.60964750
-117935.60964750
-117935.60964750
-117935.60964750
-117935.60964750
-117935.60964750
-117935.60964750
-117935.60964750
-117935.60964750
-117935.60964750
-117935.60964750
-117935.60964750
-117935.60964750
-117935.60964750
-117935.60964750
-117935.60964750
-117935.60964750
-117935.60964750
-117935.60964750
-117935.60964750
-117935.60964750
-117935.60964750
-117935.60964750
-117935.60964750
-117935.60964750
-117935.60964750
-117935.60964750
-117935.60964750
-117935.60964750
-117935.60964750
-117935.60964750
-117935.60964750
-117935.60964750
-117935.60964750
-117935.60964750
-117935.60964750
-117935.60964750
-117935.60964750
-117935.60964750
-117935.60964750
-117935.60964750
-117935.60964750
-117935.60964750
-117935.60964750
-117935.60964750
-117935.60964750
-117935.60964750
-117935.60964750
-117935.60964750
-117935.60964750
-117935.60964750
-117935.60964750
-117935.60964750
-117935.60964750
-117935.60964750
-117935.60964750
-117935.60964750
-117935.60964750
-117935.60964750
-117935.60964750
-117935.60964750
-117935.60964750
-117935.60964750
-117935.60964750
-117935.60964750
-117935.60964750
-117935.60964750
-117935.60964750
-117935.60964750
-117935.60964750
-117935.60964750
-117935.60964750
-117935.60964750
-117935.60964750
-117935.60964750
-117935.60964750
-117935.60964750
-117935.60964750
-117935.60964750
-117935.60964750
-117935.60964750
-117935.60964750
-117935.60964750
-117935.60964750
-117935.60964750
-117935.60964750
-117935.60964750
-117935.60964750
-117935.60964750
-117935.60964750
-117935.60964750
-117935.60964750
-117935.60964750
-117935.60964750
-117935.60964750
-117935.60964750
-117935.60964750
-117935.60964750
-117935.60964750
-117935.60964750
-117935.60964750
-117935.60964750
-117935.60964750
-117935.60964750
-117935.60964750
-117935.60964750
-117935.60964750
-117935.60964750
-117935.60964750
-117935.60964750
-117935.60964750
-117935.60964750
-117935.60964750
-117935.60964750
-117935.60964750
-117935.60964750
-117935.60964750
-117935.60964750
-117935.60964750
-117935.60964750
-117935.60964750
-117935.60964750
-117935.60964750
-117935.60964750
-117935.60964750
-117935.60964750
-117935.60964750
-117935.60964750
-117935.60964750
-117935.60964750
-117935.60964750
-117935.60964750
0.00448155
-0.00625059
0.03667797
0.05932161
0.03891875
0.01886970
-0.12949330
0.03950843
-0.00672233
0.08267286
-0.02535616
0.07972447
0.02311538
0.01497782
-0.01922350
0.02122841
0.00825549
-0.15036790
0.07595053
0.02889422
0.03066326
0.07229453
-0.09765068
0.00872724
0.02924803
-0.11711006
0.11357199
0.01332672
-0.12241716
0.06580807
0.03337578
-0.08845171
-0.03950843
0.06144445
-0.02405886
0.00448155
-0.03101707
0.05366070
0.05460419
0.02535616
-0.02205396
0.04634869
-0.11758180
0.03868288
0.03998017
0.03891875
0.01167563
-0.04351824
0.08066796
-0.04976883
0.08231906
-117935.60964750
-117935.60964750
-117935.60964750
-117935.60964750
-117935.60964750
-117935.60964750
-117935.60964750
-117935.60964750
-117935.60964750
-117935.60964750
-117935.60964750
-117935.60964750
-117935.60964750
-117935.60964750
-117935.60964750
-117935.60964750
-117935.60964750
-117935.60964750
-117935.60964750
-117935.60964750
-117935.60964750
-117935.60964750
-117935.60964750
-117935.60964750
-117935.60964750
-117935.60964750
-117935.60964750
-117935.60964750
-117935.60964750
-117935.60964750
-117935.60964750
-117935.60964750
-117935.60964750
-117935.60964750
-117935.60964750
-117935.60964750
-117935.60964750
-117935.60964750
-117935.60964750
-117935.60964750
-117935.60964750
-117935.60964750
-117935.60964750
-117935.60964750
-117935.60964750
-117935.60964750
-117935.60964750
-117935.60964750
-117935.60964750
-117935.60964750
-117935.60964750
-117935.60964750
-117935.60964750
-117935.60964750
-117935.60964750
-117935.60964750
-117935.60964750
-117935.60964750
-117935.60964750
-117935.60964750
-117935.60964750
-117935.60964750
-117935.60964750
-117935.60964750
-117935.60964750
-117935.60964750
-117935.60964750
-117935.60964750
-117935.60964750
-117935.60964750
-117935.60964750
-117935.60964750
-117935.60964750
-117935.60964750
-117935.60964750
-117935.60964750
-117935.60964750
-117935.60964750
-117935.60964750
-117935.60964750
-117935.60964750
-117935.60964750
-117935.60964750
-117935.60964750
-117935.60964750
-117935.60964750
-117935.60964750
-117935.60964750
-117935.60964750
-117935.60964750
-117935.60964750
-117935.60964750
-117935.60964750
-117935.60964750
-117935.60964750
-117935.60964750
-117935.60964750
-117935.60964750
-117935.60964750
-117935.60964750
-117935.60964750
-117935.60964750
-117935.60964750
-117935.60964750
-117935.60964750
-117935.60964750
-117935.60964750
-117935.60964750
-117935.60964750
-117935.60964750
-117935.60964750
-117935.60964750
-117935.60964750
-117935.60964750
-117935.60964750
-117935.60964750
-117935.60964750
-117935.60964750
-117935.60964750
-117935.60964750
-117935.60964750
-117935.60964750
-117935.60964750
-117935.60964750
-117935.60964750
-117935.60964750
-117935.60964750
-117935.60964750
-117935.60964750
-117935.60964750
-117935.60964750
-117935.60964750
-117935.60964750
-117935.60964750
-117935.60964750
-117935.60964750
-117935.60964750
-117935.60964750
-117935.60964750
-117935.60964750
-117935.60964750
-117935.60964750
-117935.60964750
-117935.60964750
-117935.60964750
-117935.60964750
-117935.60964750
-117935.60964750
-117935.60964750
-117935.60964750
-117935.60964750
-117935.60964750
-117935.60964750
-117935.60964750
-117935.60964750
-117935.60964750
-117935.60964750
-117935.60964750
-117935.60964750
-117935.60964750
-117935.60964750
-117935.60964750
-117935.60964750
-117935.60964750
-117935.60964750
-117935.60964750
-117935.60964750
-117935.60964750
-117935.60964750
-117935.60964750
-117935.60964750
-117935.60964750
-117935.60964750
-117935.60964750
-117935.60964750
-117935.60964750
-117935.60964750
-117935.60964750
-117935.60964750
-117935.60964750
-117935.60964750
-117935.60964750
-117935.60964750
-117935.60964750
-117935.60964750
-117935.60964750
-117935.60964750
-117935.60964750
-117935.60964750
-117935.60964750
-117935.60964750
-117935.60964750
-117935.60964750
-117935.60964750
-117935.60964750
-117935.60964750
-117935.60964750
-117935.60964750
-117935.60964750
-117935.60964750
-117935.60964750
-117935.60964750
-117935.60964750
-117935.60964750
-117935.60964750
0.07677608
1.06118462
1.22959667
1.41569906
1.41770396
1.14079115
0.63897513
1.49247514
1.42560565
1.77516680
1.56311857
1.43940412
1.19527740
1.32335548
1.43126656
1.68105418
1.72669526
1.25058920
1.83602157
1.80370721
1.93886142
1.69237600
0.94702295
1.57078438
1.17440280
1.05929765
1.79604140
1.98497425
1.32842671
1.82186930
1.82753021
1.22782763
1.52915311
1.65086266
1.65805674
2.08014828
1.88154472
2.02035493
1.75287697
2.05549974
1.83531396
2.13097853
2.10703760
1.88036536
1.88838498
1.96893500
2.16223147
1.86279295
2.00867930
1.95360337
1.96126919
2.51721765
-117935.60964750
-117935.60964750
-117935.60964750
-117935.60964750
-117935.60964750
-117935.60964750
-117935.60964750
-117935.60964750
-117935.60964750
-117935.60964750
-117935.60964750
-117935.60964750
-117935.60964750
-117935.60964750
-117935.60964750
-117935.60964750
-117935.60964750
-117935.60964750
-117935.60964750
-117935.60964750
-117935.60964750
-117935.60964750
-117935.60964750
-117935.60964750
-117935.60964750
-117935.60964750
-117935.60964750
-117935.60964750
-117935.60964750
-117935.60964750
-117935.60964750
-117935.60964750
-117935.60964750
-117935.60964750
-117935.60964750
-117935.60964750
-117935.60964750
-117935.60964750
-117935.60964750
-117935.60964750
-117935.60964750
-117935.60964750
-117935.60964750
-117935.60964750
-117935.60964750
-117935.60964750
-117935.60964750
-117935.60964750
-117935.60964750
-117935.60964750
-117935.60964750
-117935.60964750
-117935.60964750
-117935.60964750
-117935.60964750
-117935.60964750
-117935.60964750
-117935.60964750
-117935.60964750
-117935.60964750
-117935.60964750
-117935.60964750
-117935.60964750
-117935.60964750
-117935.60964750
-117935.60964750
-117935.60964750
-117935.60964750
-117935.60964750
-117935.60964750
-117935.60964750
-117935.60964750
-117935.60964750
-117935.60964750
-117935.60964750
-117935.60964750
-117935.60964750
-117935.60964750
-117935.60964750
-117935.60964750
-117935.60964750
-117935.60964750
-117935.60964750
-117935.60964750
-117935.60964750
-117935.60964750
-117935.60964750
-117935.60964750
-117935.60964750
-117935.60964750
-117935.60964750
-117935.60964750
-117935.60964750
-117935.60964750
-117935.60964750
-117935.60964750
-117935.60964750
-117935.60964750
-117935.60964750
-117935.60964750
-117935.60964750
-117935.60964750
-117935.60964750
-117935.60964750
-117935.60964750
-117935.60964750
-117935.60964750
-117935.60964750
-117935.60964750
-117935.60964750
-117935.60964750
-117935.60964750
-117935.60964750
-117935.60964750
-117935.60964750
-117935.60964750
-117935.60964750
-117935.60964750
-117935.60964750
-117935.60964750
-117935.60964750
-117935.60964750
-117935.60964750
-117935.60964750
-117935.60964750
-117935.60964750
-117935.60964750
-117935.60964750
-117935.60964750
-117935.60964750
-117935.60964750
-117935.60964750
-117935.60964750
-117935.60964750
-117935.60964750
-117935.60964750
-117935.60964750
-117935.60964750
-117935.60964750
-117935.60964750
-117935.60964750
-117935.60964750
-117935.60964750
-117935.60964750
-117935.60964750
-117935.60964750
-117935.60964750
-117935.60964750
-117935.60964750
-117935.60964750
-117935.60964750
-117935.60964750
-117935.60964750
-117935.60964750
-117935.60964750
-117935.60964750
-117935.60964750
-117935.60964750
-117935.60964750
-117935.60964750
-117935.60964750
-117935.60964750
-117935.60964750
-117935.60964750
-117935.60964750
-117935.60964750
-117935.60964750
-117935.60964750
-117935.60964750
-117935.60964750
-117935.60964750
-117935.60964750
-117935.60964750
-117935.60964750
-117935.60964750
-117935.60964750
-117935.60964750
-117935.60964750
-117935.60964750
-117935.60964750
-117935.60964750
-117935.60964750
-117935.60964750
-117935.60964750
-117935.60964750
-117935.60964750
-117935.60964750
-117935.60964750
-117935.60964750
-117935.60964750
-117935.60964750
-117935.60964750
-117935.60964750
-117935.60964750
-117935.60964750
-117935.60964750
-117935.60964750
-117935.60964750
-117935.60964750
-117935.60964750
-117935.60964750
-117935.60964750
-117935.60964750
-117935.60964750
0.04646663
0.62152066
0.75160364
0.88522469
0.86505770
0.68921570
0.22867715
0.88286597
0.80844860
1.09915988
0.93688048
0.91388304
0.74039976
0.82047804
0.85774569
1.01318482
1.03264420
0.59463134
1.11378390
1.07215263
1.16343479
1.04148937
0.58932424
0.93204512
0.73179046
0.47929032
1.12758236
1.18006371
0.74252260
1.13666341
1.11850132
0.66786936
0.85927885
1.02486045
0.98122427
1.26544909
1.11071757
1.24268752
1.09680117
1.27075619
1.11048170
1.34269692
1.19173934
1.15270265
1.15859943
1.20247148
1.31073637
1.10458492
1.24268752
0.97556336
1.19563121
1.22110530
1.31321301
-117935.60964750
-117935.60964750
-117935.60964750
-117935.60964750
-117935.60964750
-117935.60964750
-117935.60964750
-117935.60964750
-117935.60964750
-117935.60964750
-117935.60964750
-117935.60964750
-117935.60964750
-117935.60964750
-117935.60964750
-117935.60964750
-117935.60964750
-117935.60964750
-117935.60964750
-117935.60964750
-117935.60964750
-117935.60964750
-117935.60964750
-117935.60964750
-117935.60964750
-117935.60964750
-117935.60964750
-117935.60964750
-117935.60964750
-117935.60964750
-117935.60964750
-117935.60964750
-117935.60964750
-117935.60964750
-117935.60964750
-117935.60964750
-117935.60964750
-117935.60964750
-117935.60964750
-117935.60964750
-117935.60964750
-117935.60964750
-117935.60964750
-117935.60964750
-117935.60964750
-117935.60964750
-117935.60964750
-117935.60964750
-117935.60964750
-117935.60964750
-117935.60964750
-117935.60964750
-117935.60964750
-117935.60964750
-117935.60964750
-117935.60964750
-117935.60964750
-117935.60964750
-117935.60964750
-117935.60964750
-117935.60964750
-117935.60964750
-117935.60964750
-117935.60964750
-117935.60964750
-117935.60964750
-117935.60964750
-117935.60964750
-117935.60964750
-117935.60964750
-117935.60964750
-117935.60964750
-117935.60964750
-117935.60964750
-117935.60964750
-117935.60964750
-117935.60964750
-117935.60964750
-117935.60964750
-117935.60964750
-117935.60964750
-117935.60964750
-117935.60964750
-117935.60964750
-117935.60964750
-117935.60964750
-117935.60964750
-117935.60964750
-117935.60964750
-117935.60964750
-117935.60964750
-117935.60964750
-117935.60964750
-117935.60964750
-117935.60964750
-117935.60964750
-117935.60964750
-117935.60964750
-117935.60964750
-117935.60964750
-117935.60964750
-117935.60964750
-117935.60964750
-117935.60964750
-117935.60964750
-117935.60964750
-117935.60964750
-117935.60964750
-117935.60964750
-117935.60964750
-117935.60964750
-117935.60964750
-117935.60964750
-117935.60964750
-117935.60964750
-117935.60964750
-117935.60964750
-117935.60964750
-117935.60964750
-117935.60964750
-117935.60964750
-117935.60964750
-117935.60964750
-117935.60964750
-117935.60964750
-117935.60964750
-117935.60964750
-117935.60964750
-117935.60964750
-117935.60964750
-117935.60964750
-117935.60964750
-117935.60964750
-117935.60964750
-117935.60964750
-117935.60964750
-117935.60964750
-117935.60964750
-117935.60964750
-117935.60964750
-117935.60964750
-117935.60964750
-117935.60964750
-117935.60964750
-117935.60964750
-117935.60964750
-117935.60964750
-117935.60964750
-117935.60964750
-117935.60964750
-117935.60964750
-117935.60964750
-117935.60964750
-117935.60964750
-117935.60964750
-117935.60964750
-117935.60964750
-117935.60964750
-117935.60964750
-117935.60964750
-117935.60964750
-117935.60964750
-117935.60964750
-117935.60964750
-117935.60964750
-117935.60964750
-117935.60964750
-117935.60964750
-117935.60964750
-117935.60964750
-117935.60964750
-117935.60964750
-117935.60964750
-117935.60964750
-117935.60964750
-117935.60964750
-117935.60964750
-117935.60964750
-117935.60964750
-117935.60964750
-117935.60964750
-117935.60964750
-117935.60964750
-117935.60964750
-117935.60964750
-117935.60964750
-117935.60964750
-117935.60964750
-117935.60964750
-117935.60964750
-117935.60964750
-117935.60964750
-117935.60964750
-117935.60964750
-117935.60964750
-117935.60964750
-117935.60964750
-117935.60964750
-117935.60964750
-117935.60964750
-117935.60964750
-117935.60964750
-117935.60964750
0.00542504
0.03243229
0.06132652
0.07854512
0.06274174
0.02323332
-0.07146898
0.09151803
0.05908574
0.12277097
0.01922350
0.09423055
0.02936597
0.02087460
0.01356260
0.06592601
0.05248135
-0.06899233
0.10319366
0.06639775
0.06486459
0.09623546
-0.11911497
0.03844701
0.03078119
-0.04835360
0.12560142
0.06238794
-0.07394563
0.08279080
0.05708084
-0.05767051
0.01226530
0.08632887
0.02901216
0.04505140
-0.00082555
0.06050097
0.07335595
0.07194072
0.02948390
0.08703648
-0.02618171
0.06981788
0.07441737
0.07512498
0.05224548
-0.01886970
0.10909044
0.01757241
0.11581277
0.04941502
0.04941502
0.10814695
-117935.60964750
-117935.60964750
-117935.60964750
-117935.60964750
-117935.60964750
-117935.60964750
-117935.60964750
-117935.60964750
-117935.60964750
-117935.60964750
-117935.60964750
-117935.60964750
-117935.60964750
-117935.60964750
-117935.60964750
-117935.60964750
-117935.60964750
-117935.60964750
-117935.60964750
-117935.60964750
-117935.60964750
-117935.60964750
-117935.60964750
-117935.60964750
-117935.60964750
-117935.60964750
-117935.60964750
-117935.60964750
-117935.60964750
-117935.60964750
-117935.60964750
-117935.60964750
-117935.60964750
-117935.60964750
-117935.60964750
-117935.60964750
-117935.60964750
-117935.60964750
-117935.60964750
-117935.60964750
-117935.60964750
-117935.60964750
-117935.60964750
-117935.60964750
-117935.60964750
-117935.60964750
-117935.60964750
-117935.60964750
-117935.60964750
-117935.60964750
-117935.60964750
-117935.60964750
-117935.60964750
-117935.60964750
-117935.60964750
-117935.60964750
-117935.60964750
-117935.60964750
-117935.60964750
-117935.60964750
-117935.60964750
-117935.60964750
-117935.60964750
-117935.60964750
-117935.60964750
-117935.60964750
-117935.60964750
-117935.60964750
-117935.60964750
-117935.60964750
-117935.60964750
-117935.60964750
-117935.60964750
-117935.60964750
-117935.60964750
-117935.60964750
-117935.60964750
-117935.60964750
-117935.60964750
-117935.60964750
-117935.60964750
-117935.60964750
-117935.60964750
-117935.60964750
-117935.60964750
-117935.60964750
-117935.60964750
-117935.60964750
-117935.60964750
-117935.60964750
-117935.60964750
-117935.60964750
-117935.60964750
-117935.60964750
-117935.60964750
-117935.60964750
-117935.60964750
-117935.60964750
-117935.60964750
-117935.60964750
-117935.60964750
-117935.60964750
-117935.60964750
-117935.60964750
-117935.60964750
-117935.60964750
-117935.60964750
-117935.60964750
-117935.60964750
-117935.60964750
-117935.60964750
-117935.60964750
-117935.60964750
-117935.60964750
-117935.60964750
-117935.60964750
-117935.60964750
-117935.60964750
-117935.60964750
-117935.60964750
-117935.60964750
-117935.60964750
-117935.60964750
-117935.60964750
-117935.60964750
-117935.60964750
-117935.60964750
-117935.60964750
-117935.60964750
-117935.60964750
-117935.60964750
-117935.60964750
-117935.60964750
-117935.60964750
-117935.60964750
-117935.60964750
-117935.60964750
-117935.60964750
-117935.60964750
-117935.60964750
-117935.60964750
-117935.60964750
-117935.60964750
-117935.60964750
-117935.60964750
-117935.60964750
-117935.60964750
-117935.60964750
-117935.60964750
-117935.60964750
-117935.60964750
-117935.60964750
-117935.60964750
-117935.60964750
-117935.60964750
-117935.60964750
-117935.60964750
-117935.60964750
-117935.60964750
-117935.60964750
-117935.60964750
-117935.60964750
-117935.60964750
-117935.60964750
-117935.60964750
-117935.60964750
-117935.60964750
-117935.60964750
-117935.60964750
-117935.60964750
-117935.60964750
-117935.60964750
-117935.60964750
-117935.60964750
-117935.60964750
-117935.60964750
-117935.60964750
-117935.60964750
-117935.60964750
-117935.60964750
-117935.60964750
-117935.60964750
-117935.60964750
-117935.60964750
-117935.60964750
-117935.60964750
-117935.60964750
-117935.60964750
-117935.60964750
-117935.60964750
-117935.60964750
-117935.60964750
-117935.60964750
-117935.60964750
-117935.60964750
-117935.60964750
-117935.60964750
-117935.60964750
-117935.60964750
-117935.60964750
-117935.60964750
-117935.60964750
0.00106142
-0.05955748
-0.01509576
-0.02193602
-0.05271722
-0.08326254
-0.18893285
-0.02382299
-0.04965089
-0.00294839
-0.10696760
-0.01261911
-0.06698743
-0.09305120
-0.11427961
-0.06887440
-0.09340500
-0.20497209
-0.03078119
-0.07264834
-0.07017169
-0.02759693
-0.21169442
-0.09470229
-0.09033868
-0.16617127
0.00035381
-0.07689402
-0.13597976
-0.05130199
-0.09824036
-0.21853468
-0.13668737
-0.03502688
-0.10130669
-0.11805355
-0.15602881
-0.09246152
-0.06592601
-0.10012733
-0.13138027
-0.09576372
-0.23787612
-0.09352294
-0.08644680
-0.08680061
-0.12642697
-0.19306059
-0.05601941
-0.18256432
-0.04658457
-0.11427961
-0.09894798
-0.06816678
-0.12218129
-117935.60964750
-117935.60964750
-117935.60964750
-117935.60964750
-117935.60964750
-117935.60964750
-117935.60964750
-117935.60964750
-117935.60964750
-117935.60964750
-117935.60964750
-117935.60964750
-117935.60964750
-117935.60964750
-117935.60964750
-117935.60964750
-117935.60964750
-117935.60964750
-117935.60964750
-117935.60964750
-117935.60964750
-117935.60964750
-117935.60964750
-117935.60964750
-117935.60964750
-117935.60964750
-117935.60964750
-117935.60964750
-117935.60964750
-117935.60964750
-117935.60964750
-117935.60964750
-117935.60964750
-117935.60964750
-117935.60964750
-117935.60964750
-117935.60964750
-117935.60964750
-117935.60964750
-117935.60964750
-117935.60964750
-117935.60964750
-117935.60964750
-117935.60964750
-117935.60964750
-117935.60964750
-117935.60964750
-117935.60964750
-117935.60964750
-117935.60964750
-117935.60964750
-117935.60964750
-117935.60964750
-117935.60964750
-117935.60964750
-117935.60964750
-117935.60964750
-117935.60964750
-117935.60964750
-117935.60964750
-117935.60964750
-117935.60964750
-117935.60964750
-117935.60964750
-117935.60964750
-117935.60964750
-117935.60964750
-117935.60964750
-117935.60964750
-117935.60964750
-117935.60964750
-117935.60964750
-117935.60964750
-117935.60964750
-117935.60964750
-117935.60964750
-117935.60964750
-117935.60964750
-117935.60964750
-117935.60964750
-117935.60964750
-117935.60964750
-117935.60964750
-117935.60964750
-117935.60964750
-117935.60964750
-117935.60964750
-117935.60964750
-117935.60964750
-117935.60964750
-117935.60964750
-117935.60964750
-117935.60964750
-117935.60964750
-117935.60964750
-117935.60964750
-117935.60964750
-117935.60964750
-117935.60964750
-117935.60964750
-117935.60964750
-117935.60964750
-117935.60964750
-117935.60964750
-117935.60964750
-117935.60964750
-117935.60964750
-117935.60964750
-117935.60964750
-117935.60964750
-117935.60964750
-117935.60964750
-117935.60964750
-117935.60964750
-117935.60964750
-117935.60964750
-117935.60964750
-117935.60964750
-117935.60964750
-117935.60964750
-117935.60964750
-117935.60964750
-117935.60964750
-117935.60964750
-117935.60964750
-117935.60964750
-117935.60964750
-117935.60964750
-117935.60964750
-117935.60964750
-117935.60964750
-117935.60964750
-117935.60964750
-117935.60964750
-117935.60964750
-117935.60964750
-117935.60964750
-117935.60964750
-117935.60964750
-117935.60964750
-117935.60964750
-117935.60964750
-117935.60964750
-117935.60964750
-117935.60964750
-117935.60964750
-117935.60964750
-117935.60964750
-117935.60964750
-117935.60964750
-117935.60964750
-117935.60964750
-117935.60964750
-117935.60964750
-117935.60964750
-117935.60964750
-117935.60964750
-117935.60964750
-117935.60964750
-117935.60964750
-117935.60964750
-117935.60964750
-117935.60964750
-117935.60964750
-117935.60964750
-117935.60964750
-117935.60964750
-117935.60964750
-117935.60964750
-117935.60964750
-117935.60964750
-117935.60964750
-117935.60964750
-117935.60964750
-117935.60964750
-117935.60964750
-117935.60964750
-117935.60964750
-117935.60964750
-117935.60964750
-117935.60964750
-117935.60964750
-117935.60964750
-117935.60964750
-117935.60964750
-117935.60964750
-117935.60964750
-117935.60964750
-117935.60964750
-117935.60964750
-117935.60964750
-117935.60964750
-117935.60964750
-117935.60964750
-117935.60964750
-117935.60964750
-117935.60964750
-117935.60964750
-117935.60964750
-117935.60964750
-117935.60964750
0.00342013
0.05637322
0.11251057
0.12854981
0.10944425
0.07500705
-0.02170015
0.12678078
0.09670720
0.16770444
0.06663362
0.15367010
0.08503157
0.08514951
0.05684496
0.09824036
0.09045661
-0.05649116
0.16510985
0.10260398
0.11711006
0.12760633
-0.08514951
0.06309555
0.09198978
-0.04670250
0.16145385
0.10696760
-0.03608830
0.14541461
0.11982258
-0.01945938
0.04021604
0.14718364
0.07807337
0.12442207
0.06686949
0.15308042
0.16605334
0.15355216
0.09269739
0.18091323
-0.04410792
0.14966029
0.15685436
0.13833847
0.11711006
0.02806868
0.18445129
-0.03066326
0.19282472
-0.02417680
0.03998017
0.17159631
0.09257945
0.11215676
-117935.60964750
-117935.60964750
-117935.60964750
-117935.60964750
-117935.60964750
-117935.60964750
-117935.60964750
-117935.60964750
-117935.60964750
-117935.60964750
-117935.60964750
-117935.60964750
-117935.60964750
-117935.60964750
-117935.60964750
-117935.60964750
-117935.60964750
-117935.60964750
-117935.60964750
-117935.60964750
-117935.60964750
-117935.60964750
-117935.60964750
-117935.60964750
-117935.60964750
-117935.60964750
-117935.60964750
-117935.60964750
-117935.60964750
-117935.60964750
-117935.60964750
-117935.60964750
-117935.60964750
-117935.60964750
-117935.60964750
-117935.60964750
-117935.60964750
-117935.60964750
-117935.60964750
-117935.60964750
-117935.60964750
-117935.60964750
-117935.60964750
-117935.60964750
-117935.60964750
-117935.60964750
-117935.60964750
-117935.60964750
-117935.60964750
-117935.60964750
-117935.60964750
-117935.60964750
-117935.60964750
-117935.60964750
-117935.60964750
-117935.60964750
-117935.60964750
-117935.60964750
-117935.60964750
-117935.60964750
-117935.60964750
-117935.60964750
-117935.60964750
-117935.60964750
-117935.60964750
-117935.60964750
-117935.60964750
-117935.60964750
-117935.60964750
-117935.60964750
-117935.60964750
-117935.60964750
-117935.60964750
-117935.60964750
-117935.60964750
-117935.60964750
-117935.60964750
-117935.60964750
-117935.60964750
-117935.60964750
-117935.60964750
-117935.60964750
-117935.60964750
-117935.60964750
-117935.60964750
-117935.60964750
-117935.60964750
-117935.60964750
-117935.60964750
-117935.60964750
-117935.60964750
-117935.60964750
-117935.60964750
-117935.60964750
-117935.60964750
-117935.60964750
-117935.60964750
-117935.60964750
-117935.60964750
-117935.60964750
-117935.60964750
-117935.60964750
-117935.60964750
-117935.60964750
-117935.60964750
-117935.60964750
-117935.60964750
-117935.60964750
-117935.60964750
-117935.60964750
-117935.60964750
-117935.60964750
-117935.60964750
-117935.60964750
-117935.60964750
-117935.60964750
-117935.60964750
-117935.60964750
-117935.60964750
-117935.60964750
-117935.60964750
-117935.60964750
-117935.60964750
-117935.60964750
-117935.60964750
-117935.60964750
-117935.60964750
-117935.60964750
-117935.60964750
-117935.60964750
-117935.60964750
-117935.60964750
-117935.60964750
-117935.60964750
-117935.60964750
-117935.60964750
-117935.60964750
-117935.60964750
-117935.60964750
-117935.60964750
-117935.60964750
-117935.60964750
-117935.60964750
-117935.60964750
-117935.60964750
-117935.60964750
-117935.60964750
-117935.60964750
-117935.60964750
-117935.60964750
-117935.60964750
-117935.60964750
-117935.60964750
-117935.60964750
-117935.60964750
-117935.60964750
-117935.60964750
-117935.60964750
-117935.60964750
-117935.60964750
-117935.60964750
-117935.60964750
-117935.60964750
-117935.60964750
-117935.60964750
-117935.60964750
-117935.60964750
-117935.60964750
-117935.60964750
-117935.60964750
-117935.60964750
-117935.60964750
-117935.60964750
-117935.60964750
-117935.60964750
-117935.60964750
-117935.60964750
-117935.60964750
-117935.60964750
-117935.60964750
-117935.60964750
-117935.60964750
-117935.60964750
-117935.60964750
-117935.60964750
-117935.60964750
-117935.60964750
-117935.60964750
-117935.60964750
-117935.60964750
-117935.60964750
-117935.60964750
-117935.60964750
-117935.60964750
-117935.60964750
-117935.60964750
-117935.60964750
-117935.60964750
-117935.60964750
-117935.60964750
0.00342013
-0.04410792
-0.00141523
0.02653551
0.00318426
-0.02523822
-0.19577311
0.01745447
-0.03384752
0.06474665
-0.03809320
0.05908574
0.00259458
-0.03089913
-0.06875646
-0.01721860
-0.03337578
-0.18515891
0.04139540
-0.01320879
-0.01427021
0.03549862
-0.16581747
-0.03502688
-0.01875176
-0.18032355
0.08172938
-0.02228983
-0.13008298
0.03691385
-0.00353807
-0.16322288
-0.10531650
0.03656004
-0.05672703
-0.02441267
-0.06793091
0.00365600
0.01981318
-0.02122841
-0.07441737
0.00377394
-0.15944894
-0.01332672
-0.01344466
-0.02641758
-0.06533633
-0.14388144
0.02500235
-0.15461358
0.02806868
-0.14423525
-0.07866305
0.01981318
-0.03207849
-0.00943485
-0.02311538
-117935.60964750
-117935.60964750
-117935.60964750
-117935.60964750
-117935.60964750
-117935.60964750
-117935.60964750
-117935.60964750
-117935.60964750
-117935.60964750
-117935.60964750
-117935.60964750
-117935.60964750
-117935.60964750
-117935.60964750
-117935.60964750
-117935.60964750
-117935.60964750
-117935.60964750
-117935.60964750
-117935.60964750
-117935.60964750
-117935.60964750
-117935.60964750
-117935.60964750
-117935.60964750
-117935.60964750
-117935.60964750
-117935.60964750
-117935.60964750
-117935.60964750
-117935.60964750
-117935.60964750
-117935.60964750
-117935.60964750
-117935.60964750
-117935.60964750
-117935.60964750
-117935.60964750
-117935.60964750
-117935.60964750
-117935.60964750
-117935.60964750
-117935.60964750
-117935.60964750
-117935.60964750
-117935.60964750
-117935.60964750
-117935.60964750
-117935.60964750
-117935.60964750
-117935.60964750
-117935.60964750
-117935.60964750
-117935.60964750
-117935.60964750
-117935.60964750
-117935.60964750
-117935.60964750
-117935.60964750
-117935.60964750
-117935.60964750
-117935.60964750
-117935.60964750
-117935.60964750
-117935.60964750
-117935.60964750
-117935.60964750
-117935.60964750
-117935.60964750
-117935.60964750
-117935.60964750
-117935.60964750
-117935.60964750
-117935.60964750
-117935.60964750
-117935.60964750
-117935.60964750
-117935.60964750
-117935.60964750
-117935.60964750
-117935.60964750
-117935.60964750
-117935.60964750
-117935.60964750
-117935.60964750
-117935.60964750
-117935.60964750
-117935.60964750
-117935.60964750
-117935.60964750
-117935.60964750
-117935.60964750
-117935.60964750
-117935.60964750
-117935.60964750
-117935.60964750
-117935.60964750
-117935.60964750
-117935.60964750
-117935.60964750
-117935.60964750
-117935.60964750
-117935.60964750
-117935.60964750
-117935.60964750
-117935.60964750
-117935.60964750
-117935.60964750
-117935.60964750
-117935.60964750
-117935.60964750
-117935.60964750
-117935.60964750
-117935.60964750
-117935.60964750
-117935.60964750
-117935.60964750
-117935.60964750
-117935.60964750
-117935.60964750
-117935.60964750
-117935.60964750
-117935.60964750
-117935.60964750
-117935.60964750
-117935.60964750
-117935.60964750
-117935.60964750
-117935.60964750
-117935.60964750
-117935.60964750
-117935.60964750
-117935.60964750
-117935.60964750
-117935.60964750
-117935.60964750
-117935.60964750
-117935.60964750
-117935.60964750
-117935.60964750
-117935.60964750
-117935.60964750
-117935.60964750
-117935.60964750
-117935.60964750
-117935.60964750
-117935.60964750
-117935.60964750
-117935.60964750
-117935.60964750
-117935.60964750
-117935.60964750
-117935.60964750
-117935.60964750
-117935.60964750
-117935.60964750
-117935.60964750
-117935.60964750
-117935.60964750
-117935.60964750
-117935.60964750
-117935.60964750
-117935.60964750
-117935.60964750
-117935.60964750
-117935.60964750
-117935.60964750
-117935.60964750
-117935.60964750
-117935.60964750
-117935.60964750
-117935.60964750
-117935.60964750
-117935.60964750
-117935.60964750
-117935.60964750
-117935.60964750
-117935.60964750
-117935.60964750
-117935.60964750
-117935.60964750
-117935.60964750
-117935.60964750
-117935.60964750
-117935.60964750
-117935.60964750
-117935.60964750
-117935.60964750
-117935.60964750
-117935.60964750
-117935.60964750
-117935.60964750
-117935.60964750
-117935.60964750
-117935.60964750
-117935.60964750
-117935.60964750
-117935.60964750
0.01485989
0.20131609
0.27714868
0.31925170
0.27431823
0.19895737
-0.10118875
0.29719774
0.25662789
0.40027346
0.23162554
0.34507959
0.22443147
0.25297188
0.23021031
0.33010177
0.32550228
0.00919898
0.40888276
0.34130565
0.37232272
0.38199344
-0.01132182
0.28080469
0.26228880
0.03821114
0.43612588
0.37008194
0.03443720
0.39756094
0.35050463
0.03302197
0.20178783
0.39048480
0.30226897
0.40416533
0.28646560
0.40947244
0.41230289
0.44803738
0.33493713
0.49615511
0.20037260
0.41006211
0.41890729
0.42539374
0.42067632
0.26712416
0.47775715
0.16192559
0.46737882
0.19836770
0.29507490
0.49603717
0.35722696
0.28646560
0.41819967
0.34189533
-117935.60964750
-117935.60964750
-117935.60964750
-117935.60964750
-117935.60964750
-117935.60964750
-117935.60964750
-117935.60964750
-117935.60964750
-117935.60964750
-117935.60964750
-117935.60964750
-117935.60964750
-117935.60964750
-117935.60964750
-117935.60964750
-117935.60964750
-117935.60964750
-117935.60964750
-117935.60964750
-117935.60964750
-117935.60964750
-117935.60964750
-117935.60964750
-117935.60964750
-117935.60964750
-117935.60964750
-117935.60964750
-117935.60964750
-117935.60964750
-117935.60964750
-117935.60964750
-117935.60964750
-117935.60964750
-117935.60964750
-117935.60964750
-117935.60964750
-117935.60964750
-117935.60964750
-117935.60964750
-117935.60964750
-117935.60964750
-117935.60964750
-117935.60964750
-117935.60964750
-117935.60964750
-117935.60964750
-117935.60964750
-117935.60964750
-117935.60964750
-117935.60964750
-117935.60964750
-117935.60964750
-117935.60964750
-117935.60964750
-117935.60964750
-117935.60964750
-117935.60964750
-117935.60964750
-117935.60964750
-117935.60964750
-117935.60964750
-117935.60964750
-117935.60964750
-117935.60964750
-117935.60964750
-117935.60964750
-117935.60964750
-117935.60964750
-117935.60964750
-117935.60964750
-117935.60964750
-117935.60964750
-117935.60964750
-117935.60964750
-117935.60964750
-117935.60964750
-117935.60964750
-117935.60964750
-117935.60964750
-117935.60964750
-117935.60964750
-117935.60964750
-117935.60964750
-117935.60964750
-117935.60964750
-117935.60964750
-117935.60964750
-117935.60964750
-117935.60964750
-117935.60964750
-117935.60964750
-117935.60964750
-117935.60964750
-117935.60964750
-117935.60964750
-117935.60964750
-117935.60964750
-117935.60964750
-117935.60964750
-117935.60964750
-117935.60964750
-117935.60964750
-117935.60964750
-117935.60964750
-117935.60964750
-117935.60964750
-117935.60964750
-117935.60964750
-117935.60964750
-117935.60964750
-117935.60964750
-117935.60964750
-117935.60964750
-117935.60964750
-117935.60964750
-117935.60964750
-117935.60964750
-117935.60964750
-117935.60964750
-117935.60964750
-117935.60964750
-117935.60964750
-117935.60964750
-117935.60964750
-117935.60964750
-117935.60964750
-117935.60964750
-117935.60964750
-117935.60964750
-117935.60964750
-117935.60964750
-117935.60964750
-117935.60964750
-117935.60964750
-117935.60964750
-117935.60964750
-117935.60964750
-117935.60964750
-117935.60964750
-117935.60964750
-117935.60964750
-117935.60964750
-117935.60964750
-117935.60964750
-117935.60964750
-117935.60964750
-117935.60964750
-117935.60964750
-117935.60964750
-117935.60964750
-117935.60964750
-117935.60964750
-117935.60964750
-117935.60964750
-117935.60964750
-117935.60964750
-117935.60964750
-117935.60964750
-117935.60964750
-117935.60964750
-117935.60964750
-117935.60964750
-117935.60964750
-117935.60964750
-117935.60964750
-117935.60964750
-117935.60964750
-117935.60964750
-117935.60964750
-117935.60964750
-117935.60964750
-117935.60964750
-117935.60964750
-117935.60964750
-117935.60964750
-117935.60964750
-117935.60964750
-117935.60964750
-117935.60964750
-117935.60964750
-117935.60964750
-117935.60964750
-117935.60964750
-117935.60964750
-117935.60964750
-117935.60964750
-117935.60964750
-117935.60964750
-117935.60964750
-117935.60964750
-117935.60964750
-117935.60964750
-117935.60964750
-117935.60964750
-117935.60964750
-117935.60964750
-117935.60964750
0.01733653
0.25049523
0.31477014
0.36265200
0.36182645
0.29448522
0.15225487
0.34566927
0.28363514
0.42963943
0.33647029
0.35734490
0.27384649
0.30380213
0.32220009
0.38505977
0.39001306
0.25379743
0.44048950
0.41678444
0.44532486
0.40145282
0.27101603
0.35144812
0.27832804
0.23150760
0.43706937
0.42775246
0.28528624
0.42456819
0.42492200
0.30616084
0.34177740
0.37668634
0.34555134
0.46089236
0.42338884
0.49544750
0.41418986
0.47268592
0.40475501
0.49816002
0.44355583
0.43105465
0.44096124
0.45393416
0.48848930
0.40817514
0.46443043
0.39355113
0.44284821
0.40239630
0.42928562
0.49874969
0.41194908
0.34295675
0.44249441
0.40345772
0.49179149
-117935.60964750
-117935.60964750
-117935.60964750
-117935.60964750
-117935.60964750
-117935.60964750
-117935.60964750
-117935.60964750
-117935.60964750
-117935.60964750
-117935.60964750
-117935.60964750
-117935.60964750
-117935.60964750
-117935.60964750
-117935.60964750
-117935.60964750
-117935.60964750
-117935.60964750
-117935.60964750
-117935.60964750
-117935.60964750
-117935.60964750
-117935.60964750
-117935.60964750
-117935.60964750
-117935.60964750
-117935.60964750
-117935.60964750
-117935.60964750
-117935.60964750
-117935.60964750
-117935.60964750
-117935.60964750
-117935.60964750
-117935.60964750
-117935.60964750
-117935.60964750
-117935.60964750
-117935.60964750
-117935.60964750
-117935.60964750
-117935.60964750
-117935.60964750
-117935.60964750
-117935.60964750
-117935.60964750
-117935.60964750
-117935.60964750
-117935.60964750
-117935.60964750
-117935.60964750
-117935.60964750
-117935.60964750
-117935.60964750
-117935.60964750
-117935.60964750
-117935.60964750
-117935.60964750
-117935.60964750
-117935.60964750
-117935.60964750
-117935.60964750
-117935.60964750
-117935.60964750
-117935.60964750
-117935.60964750
-117935.60964750
-117935.60964750
-117935.60964750
-117935.60964750
-117935.60964750
-117935.60964750
-117935.60964750
-117935.60964750
-117935.60964750
-117935.60964750
-117935.60964750
-117935.60964750
-117935.60964750
-117935.60964750
-117935.60964750
-117935.60964750
-117935.60964750
-117935.60964750
-117935.60964750
-117935.60964750
-117935.60964750
-117935.60964750
-117935.60964750
-117935.60964750
-117935.60964750
-117935.60964750
-117935.60964750
-117935.60964750
-117935.60964750
-117935.60964750
-117935.60964750
-117935.60964750
-117935.60964750
-117935.60964750
-117935.60964750
-117935.60964750
-117935.60964750
-117935.60964750
-117935.60964750
-117935.60964750
-117935.60964750
-117935.60964750
-117935.60964750
-117935.60964750
-117935.60964750
-117935.60964750
-117935.60964750
-117935.60964750
-117935.60964750
-117935.60964750
-117935.60964750
-117935.60964750
-117935.60964750
-117935.60964750
-117935.60964750
-117935.60964750
-117935.60964750
-117935.60964750
-117935.60964750
-117935.60964750
-117935.60964750
-117935.60964750
-117935.60964750
-117935.60964750
-117935.60964750
-117935.60964750
-117935.60964750
-117935.60964750
-117935.60964750
-117935.60964750
-117935.60964750
-117935.60964750
-117935.60964750
-117935.60964750
-117935.60964750
-117935.60964750
-117935.60964750
-117935.60964750
-117935.60964750
-117935.60964750
-117935.60964750
-117935.60964750
-117935.60964750
-117935.60964750
-117935.60964750
-117935.60964750
-117935.60964750
-117935.60964750
-117935.60964750
-117935.60964750
-117935.60964750
-117935.60964750
-117935.60964750
-117935.60964750
-117935.60964750
-117935.60964750
-117935.60964750
-117935.60964750
-117935.60964750
-117935.60964750
-117935.60964750
-117935.60964750
-117935.60964750
-117935.60964750
-117935.60964750
-117935.60964750
-117935.60964750
-117935.60964750
-117935.60964750
-117935.60964750
-117935.60964750
-117935.60964750
-117935.60964750
-117935.60964750
-117935.60964750
-117935.60964750
-117935.60964750
-117935.60964750
-117935.60964750
-117935.60964750
-117935.60964750
-117935.60964750
-117935.60964750
-117935.60964750
-117935.60964750
-117935.60964750
-117935.60964750
-117935.60964750
-117935.60964750
-117935.60964750
0.00577884
0.07996034
0.07984241
0.10095288
0.10661379
0.08314460
0.11380786
0.13550802
0.08503157
0.15237281
0.07937067
0.12170955
0.08455983
0.10614205
0.11545896
0.09847623
0.07382769
0.00601472
0.11793561
0.11392580
0.12111987
0.11321819
0.15850546
0.07925273
0.07017169
0.11310025
0.14211241
0.08715442
0.03903669
0.09824036
0.11215676
0.20615145
0.17289360
0.08491364
0.04281063
0.05672703
0.06073684
0.13515421
0.08220112
0.10295779
0.09116423
0.08031415
0.10602411
0.06710536
0.07264834
0.07819131
0.07642228
0.04823566
0.07429943
0.12524762
0.07665815
0.11074154
0.08880551
0.08479570
0.06344936
0.06698743
0.08904139
0.10932631
0.08184731
0.00188697
-117935.60964750
-117935.60964750
-117935.60964750
-117935.60964750
-117935.60964750
-117935.60964750
-117935.60964750
-117935.60964750
-117935.60964750
-117935.60964750
-117935.60964750
-117935.60964750
-117935.60964750
-117935.60964750
-117935.60964750
-117935.60964750
-117935.60964750
-117935.60964750
-117935.60964750
-117935.60964750
-117935.60964750
-117935.60964750
-117935.60964750
-117935.60964750
-117935.60964750
-117935.60964750
-117935.60964750
-117935.60964750
-117935.60964750
-117935.60964750
-117935.60964750
-117935.60964750
-117935.60964750
-117935.60964750
-117935.60964750
-117935.60964750
-117935.60964750
-117935.60964750
-117935.60964750
-117935.60964750
-117935.60964750
-117935.60964750
-117935.60964750
-117935.60964750
-117935.60964750
-117935.60964750
-117935.60964750
-117935.60964750
-117935.60964750
-117935.60964750
-117935.60964750
-117935.60964750
-117935.60964750
-117935.60964750
-117935.60964750
-117935.60964750
-117935.60964750
-117935.60964750
-117935.60964750
-117935.60964750
-117935.60964750
-117935.60964750
-117935.60964750
-117935.60964750
-117935.60964750
-117935.60964750
-117935.60964750
-117935.60964750
-117935.60964750
-117935.60964750
-117935.60964750
-117935.60964750
-117935.60964750
-117935.60964750
-117935.60964750
-117935.60964750
-117935.60964750
-117935.60964750
-117935.60964750
-117935.60964750
-117935.60964750
-117935.60964750
-117935.60964750
-117935.60964750
-117935.60964750
-117935.60964750
-117935.60964750
-117935.60964750
-117935.60964750
-117935.60964750
-117935.60964750
-117935.60964750
-117935.60964750
-117935.60964750
-117935.60964750
-117935.60964750
-117935.60964750
-117935.60964750
-117935.60964750
-117935.60964750
-117935.60964750
-117935.60964750
-117935.60964750
-117935.60964750
-117935.60964750
-117935.60964750
-117935.60964750
-117935.60964750
-117935.60964750
-117935.60964750
-117935.60964750
-117935.60964750
-117935.60964750
-117935.60964750
-117935.60964750
-117935.60964750
-117935.60964750
-117935.60964750
-117935.60964750
-117935.60964750
-117935.60964750
-117935.60964750
-117935.60964750
-117935.60964750
-117935.60964750
-117935.60964750
-117935.60964750
-117935.60964750
-117935.60964750
-117935.60964750
-117935.60964750
-117935.60964750
-117935.60964750
-117935.60964750
-117935.60964750
-117935.60964750
-117935.60964750
-117935.60964750
-117935.60964750
-117935.60964750
-117935.60964750
-117935.60964750
-117935.60964750
-117935.60964750
-117935.60964750
-117935.60964750
-117935.60964750
-117935.60964750
-117935.60964750
-117935.60964750
-117935.60964750
-117935.60964750
-117935.60964750
-117935.60964750
-117935.60964750
-117935.60964750
-117935.60964750
-117935.60964750
-117935.60964750
-117935.60964750
-117935.60964750
-117935.60964750
-117935.60964750
-117935.60964750
-117935.60964750
-117935.60964750
-117935.60964750
-117935.60964750
-117935.60964750
-117935.60964750
-117935.60964750
-117935.60964750
-117935.60964750
-117935.60964750
-117935.60964750
-117935.60964750
-117935.60964750
-117935.60964750
-117935.60964750
-117935.60964750
-117935.60964750
-117935.60964750
-117935.60964750
-117935.60964750
-117935.60964750
-117935.60964750
-117935.60964750
-117935.60964750
-117935.60964750
-117935.60964750
-117935.60964750
-117935.60964750
-117935.60964750
-117935.60964750
-117935.60964750
-117935.60964750
0.00872724
0.15024997
0.17419090
0.20261338
0.18032355
0.13928195
0.02476648
0.20744874
0.17371915
0.26181705
0.15237281
0.22384179
0.15532120
0.18456923
0.17890832
0.20626938
0.19494756
0.01969525
0.25120285
0.21829881
0.23834787
0.23327664
0.07830924
0.17112457
0.17489851
0.09470229
0.26747796
0.21841675
0.03361165
0.23610709
0.22820540
0.14364557
0.20674112
0.23480980
0.18952252
0.24188594
0.19176330
0.28080469
0.25627408
0.28953192
0.23339457
0.30132548
0.17713929
0.24955175
0.26040183
0.26299641
0.26370402
0.17584199
0.28363514
0.15968482
0.28139436
0.17265773
0.20485415
0.29707980
0.21888849
0.18999427
0.26806764
0.25155666
0.31665711
0.23103586
0.21369932
-117935.60964750
-117935.60964750
-117935.60964750
-117935.60964750
-117935.60964750
-117935.60964750
-117935.60964750
-117935.60964750
-117935.60964750
-117935.60964750
-117935.60964750
-117935.60964750
-117935.60964750
-117935.60964750
-117935.60964750
-117935.60964750
-117935.60964750
-117935.60964750
-117935.60964750
-117935.60964750
-117935.60964750
-117935.60964750
-117935.60964750
-117935.60964750
-117935.60964750
-117935.60964750
-117935.60964750
-117935.60964750
-117935.60964750
-117935.60964750
-117935.60964750
-117935.60964750
-117935.60964750
-117935.60964750
-117935.60964750
-117935.60964750
-117935.60964750
-117935.60964750
-117935.60964750
-117935.60964750
-117935.60964750
-117935.60964750
-117935.60964750
-117935.60964750
-117935.60964750
-117935.60964750
-117935.60964750
-117935.60964750
-117935.60964750
-117935.60964750
-117935.60964750
-117935.60964750
-117935.60964750
-117935.60964750
-117935.60964750
-117935.60964750
-117935.60964750
-117935.60964750
-117935.60964750
-117935.60964750
-117935.60964750
-117935.60964750
-117935.60964750
-117935.60964750
-117935.60964750
-117935.60964750
-117935.60964750
-117935.60964750
-117935.60964750
-117935.60964750
-117935.60964750
-117935.60964750
-117935.60964750
-117935.60964750
-117935.60964750
-117935.60964750
-117935.60964750
-117935.60964750
-117935.60964750
-117935.60964750
-117935.60964750
-117935.60964750
-117935.60964750
-117935.60964750
-117935.60964750
-117935.60964750
-117935.60964750
-117935.60964750
-117935.60964750
-117935.60964750
-117935.60964750
-117935.60964750
-117935.60964750
-117935.60964750
-117935.60964750
-117935.60964750
-117935.60964750
-117935.60964750
-117935.60964750
-117935.60964750
-117935.60964750
-117935.60964750
-117935.60964750
-117935.60964750
-117935.60964750
-117935.60964750
-117935.60964750
-117935.60964750
-117935.60964750
-117935.60964750
-117935.60964750
-117935.60964750
-117935.60964750
-117935.60964750
-117935.60964750
-117935.60964750
-117935.60964750
-117935.60964750
-117935.60964750
-117935.60964750
-117935.60964750
-117935.60964750
-117935.60964750
-117935.60964750
-117935.60964750
-117935.60964750
-117935.60964750
-117935.60964750
-117935.60964750
-117935.60964750
-117935.60964750
-117935.60964750
-117935.60964750
-117935.60964750
-117935.60964750
-117935.60964750
-117935.60964750
-117935.60964750
-117935.60964750
-117935.60964750
-117935.60964750
-117935.60964750
-117935.60964750
-117935.60964750
-117935.60964750
-117935.60964750
-117935.60964750
-117935.60964750
-117935.60964750
-117935.60964750
-117935.60964750
-117935.60964750
-117935.60964750
-117935.60964750
-117935.60964750
-117935.60964750
-117935.60964750
-117935.60964750
-117935.60964750
-117935.60964750
-117935.60964750
-117935.60964750
-117935.60964750
-117935.60964750
-117935.60964750
-117935.60964750
-117935.60964750
-117935.60964750
-117935.60964750
-117935.60964750
-117935.60964750
-117935.60964750
-117935.60964750
-117935.60964750
-117935.60964750
-117935.60964750
-117935.60964750
-117935.60964750
-117935.60964750
-117935.60964750
-117935.60964750
-117935.60964750
-117935.60964750
-117935.60964750
-117935.60964750
-117935.60964750
-117935.60964750
-117935.60964750
-117935.60964750
-117935.60964750
-117935.60964750
-117935.60964750
-117935.60964750
-117935.60964750
-117935.60964750
0.00023587
-0.00153316
0.01568544
0.01886970
-0.02264364
-0.04976883
-0.19541931
0.02075667
-0.00318426
0.06486459
-0.02712519
0.05884987
-0.00471742
-0.00849136
-0.02016699
0.01191150
-0.00884517
-0.15815165
0.02854042
-0.01521369
-0.01780828
0.03868288
-0.10342953
-0.03078119
-0.00165110
-0.08904139
0.06344936
-0.02700725
-0.15532120
0.00860930
-0.02700725
-0.13786673
-0.04151333
0.03420133
-0.01297292
-0.02217189
-0.06934614
-0.01214737
0.00790169
-0.01309085
-0.03915462
0.00589678
-0.11628451
-0.01839796
-0.01922350
-0.02382299
-0.05189167
-0.10814695
0.01497782
-0.11050567
0.02512028
-0.10791108
-0.06215207
0.01945938
-0.02901216
-0.03066326
-0.00778375
-0.02594583
0.03007358
-0.02771487
0.03042739
-0.04245682
-117935.60964750
-117935.60964750
-117935.60964750
-117935.60964750
-117935.60964750
-117935.60964750
-117935.60964750
-117935.60964750
-117935.60964750
-117935.60964750
-117935.60964750
-117935.60964750
-117935.60964750
-117935.60964750
-117935.60964750
-117935.60964750
-117935.60964750
-117935.60964750
-117935.60964750
-117935.60964750
-117935.60964750
-117935.60964750
-117935.60964750
-117935.60964750
-117935.60964750
-117935.60964750
-117935.60964750
-117935.60964750
-117935.60964750
-117935.60964750
-117935.60964750
-117935.60964750
-117935.60964750
-117935.60964750
-117935.60964750
-117935.60964750
-117935.60964750
-117935.60964750
-117935.60964750
-117935.60964750
-117935.60964750
-117935.60964750
-117935.60964750
-117935.60964750
-117935.60964750
-117935.60964750
-117935.60964750
-117935.60964750
-117935.60964750
-117935.60964750
-117935.60964750
-117935.60964750
-117935.60964750
-117935.60964750
-117935.60964750
-117935.60964750
-117935.60964750
-117935.60964750
-117935.60964750
-117935.60964750
-117935.60964750
-117935.60964750
-117935.60964750
-117935.60964750
-117935.60964750
-117935.60964750
-117935.60964750
-117935.60964750
-117935.60964750
-117935.60964750
-117935.60964750
-117935.60964750
-117935.60964750
-117935.60964750
-117935.60964750
-117935.60964750
-117935.60964750
-117935.60964750
-117935.60964750
-117935.60964750
-117935.60964750
-117935.60964750
-117935.60964750
-117935.60964750
-117935.60964750
-117935.60964750
-117935.60964750
-117935.60964750
-117935.60964750
-117935.60964750
-117935.60964750
-117935.60964750
-117935.60964750
-117935.60964750
-117935.60964750
-117935.60964750
-117935.60964750
-117935.60964750
-117935.60964750
-117935.60964750
-117935.60964750
-117935.60964750
-117935.60964750
-117935.60964750
-117935.60964750
-117935.60964750
-117935.60964750
-117935.60964750
-117935.60964750
-117935.60964750
-117935.60964750
-117935.60964750
-117935.60964750
-117935.60964750
-117935.60964750
-117935.60964750
-117935.60964750
-117935.60964750
-117935.60964750
-117935.60964750
-117935.60964750
-117935.60964750
-117935.60964750
-117935.60964750
-117935.60964750
-117935.60964750
-117935.60964750
-117935.60964750
-117935.60964750
-117935.60964750
-117935.60964750
-117935.60964750
-117935.60964750
-117935.60964750
-117935.60964750
-117935.60964750
-117935.60964750
-117935.60964750
-117935.60964750
-117935.60964750
-117935.60964750
-117935.60964750
-117935.60964750
-117935.60964750
-117935.60964750
-117935.60964750
-117935.60964750
-117935.60964750
-117935.60964750
-117935.60964750
-117935.60964750
-117935.60964750
-117935.60964750
-117935.60964750
-117935.60964750
-117935.60964750
-117935.60964750
-117935.60964750
-117935.60964750
-117935.60964750
-117935.60964750
-117935.60964750
-117935.60964750
-117935.60964750
-117935.60964750
-117935.60964750
-117935.60964750
-117935.60964750
-117935.60964750
-117935.60964750
-117935.60964750
-117935.60964750
-117935.60964750
-117935.60964750
-117935.60964750
-117935.60964750
-117935.60964750
-117935.60964750
-117935.60964750
-117935.60964750
-117935.60964750
-117935.60964750
-117935.60964750
-117935.60964750
-117935.60964750
-117935.60964750
-117935.60964750
-117935.60964750
-117935.60964750
-117935.60964750
-117935.60964750
-117935.60964750
-117935.60964750
-117935.60964750
0.00613265
-0.01922350
0.03255023
0.07182279
0.04375411
0.02394093
-0.21947817
0.03903669
0.00023587
0.09930178
-0.01639305
0.09788656
0.04080572
0.01332672
-0.04222095
0.03691385
0.03420133
-0.16947347
0.11215676
0.05212754
0.05472212
0.10248604
-0.20178783
0.02464854
0.04564108
-0.21216616
0.15201900
0.04257476
-0.15331629
0.11581277
0.06981788
-0.17006315
-0.08231906
0.11663832
0.01002453
0.07276627
0.00978866
0.08455983
0.11486928
0.07441737
-0.00695820
0.11357199
-0.12607317
0.08149351
0.08043209
0.07359182
0.03608830
-0.05920368
0.13244169
-0.09210771
0.12371445
-0.10814695
-0.02346919
0.11946877
0.04870741
0.05719877
0.07642228
-0.00141523
0.10743934
0.08668267
0.12678078
0.10413714
0.10802902
-117935.60964750
-117935.60964750
-117935.60964750
-117935.60964750
-117935.60964750
-117935.60964750
-117935.60964750
-117935.60964750
-117935.60964750
-117935.60964750
-117935.60964750
-117935.60964750
-117935.60964750
-117935.60964750
-117935.60964750
-117935.60964750
-117935.60964750
-117935.60964750
-117935.60964750
-117935.60964750
-117935.60964750
-117935.60964750
-117935.60964750
-117935.60964750
-117935.60964750
-117935.60964750
-117935.60964750
-117935.60964750
-117935.60964750
-117935.60964750
-117935.60964750
-117935.60964750
-117935.60964750
-117935.60964750
-117935.60964750
-117935.60964750
-117935.60964750
-117935.60964750
-117935.60964750
-117935.60964750
-117935.60964750
-117935.60964750
-117935.60964750
-117935.60964750
-117935.60964750
-117935.60964750
-117935.60964750
-117935.60964750
-117935.60964750
-117935.60964750
-117935.60964750
-117935.60964750
-117935.60964750
-117935.60964750
-117935.60964750
-117935.60964750
-117935.60964750
-117935.60964750
-117935.60964750
-117935.60964750
-117935.60964750
-117935.60964750
-117935.60964750
-117935.60964750
-117935.60964750
-117935.60964750
-117935.60964750
-117935.60964750
-117935.60964750
-117935.60964750
-117935.60964750
-117935.60964750
-117935.60964750
-117935.60964750
-117935.60964750
-117935.60964750
-117935.60964750
-117935.60964750
-117935.60964750
-117935.60964750
-117935.60964750
-117935.60964750
-117935.60964750
-117935.60964750
-117935.60964750
-117935.60964750
-117935.60964750
-117935.60964750
-117935.60964750
-117935.60964750
-117935.60964750
-117935.60964750
-117935.60964750
-117935.60964750
-117935.60964750
-117935.60964750
-117935.60964750
-117935.60964750
-117935.60964750
-117935.60964750
-117935.60964750
-117935.60964750
-117935.60964750
-117935.60964750
-117935.60964750
-117935.60964750
-117935.60964750
-117935.60964750
-117935.60964750
-117935.60964750
-117935.60964750
-117935.60964750
-117935.60964750
-117935.60964750
-117935.60964750
-117935.60964750
-117935.60964750
-117935.60964750
-117935.60964750
-117935.60964750
-117935.60964750
-117935.60964750
-117935.60964750
-117935.60964750
-117935.60964750
-117935.60964750
-117935.60964750
-117935.60964750
-117935.60964750
-117935.60964750
-117935.60964750
-117935.60964750
-117935.60964750
-117935.60964750
-117935.60964750
-117935.60964750
-117935.60964750
-117935.60964750
-117935.60964750
-117935.60964750
-117935.60964750
-117935.60964750
-117935.60964750
-117935.60964750
-117935.60964750
-117935.60964750
-117935.60964750
-117935.60964750
-117935.60964750
-117935.60964750
-117935.60964750
-117935.60964750
-117935.60964750
-117935.60964750
-117935.60964750
-117935.60964750
-117935.60964750
-117935.60964750
-117935.60964750
-117935.60964750
-117935.60964750
-117935.60964750
-117935.60964750
-117935.60964750
-117935.60964750
-117935.60964750
-117935.60964750
-117935.60964750
-117935.60964750
-117935.60964750
-117935.60964750
-117935.60964750
-117935.60964750
-117935.60964750
-117935.60964750
-117935.60964750
-117935.60964750
-117935.60964750
-117935.60964750
-117935.60964750
-117935.60964750
-117935.60964750
-117935.60964750
-117935.60964750
-117935.60964750
-117935.60964750
-117935.60964750
-117935.60964750
-117935.60964750
-117935.60964750
-117935.60964750
-117935.60964750
-117935.60964750
0.01462402
0.16746857
0.24837239
0.30958098
0.28729115
0.22549289
-0.01273705
0.30085374
0.26323228
0.38812609
0.22148307
0.33694204
0.23598915
0.25556647
0.21617597
0.30215103
0.30403800
-0.01969525
0.40499088
0.34507959
0.38352660
0.37515317
0.00990659
0.28127643
0.28045088
-0.00731201
0.44025363
0.36324168
0.02193602
0.41029799
0.37244066
0.09281532
0.21381726
0.38977719
0.28446069
0.39885823
0.29023954
0.41442573
0.42775246
0.44815532
0.33422952
0.49768827
0.16487398
0.41666651
0.42952149
0.43695143
0.43412098
0.28599385
0.49792414
0.18869698
0.48424361
0.20225957
0.30191516
0.50323125
0.36206232
0.32679957
0.42244535
0.33847520
0.48046967
0.41336431
0.38730054
0.36854878
0.44508899
0.41843554
-117935.60964750
-117935.60964750
-117935.60964750
-117935.60964750
-117935.60964750
-117935.60964750
-117935.60964750
-117935.60964750
-117935.60964750
-117935.60964750
-117935.60964750
-117935.60964750
-117935.60964750
-117935.60964750
-117935.60964750
-117935.60964750
-117935.60964750
-117935.60964750
-117935.60964750
-117935.60964750
-117935.60964750
-117935.60964750
-117935.60964750
-117935.60964750
-117935.60964750
-117935.60964750
-117935.60964750
-117935.60964750
-117935.60964750
-117935.60964750
-117935.60964750
-117935.60964750
-117935.60964750
-117935.60964750
-117935.60964750
-117935.60964750
-117935.60964750
-117935.60964750
-117935.60964750
-117935.60964750
-117935.60964750
-117935.60964750
-117935.60964750
-117935.60964750
-117935.60964750
-117935.60964750
-117935.60964750
-117935.60964750
-117935.60964750
-117935.60964750
-117935.60964750
-117935.60964750
-117935.60964750
-117935.60964750
-117935.60964750
-117935.60964750
-117935.60964750
-117935.60964750
-117935.60964750
-117935.60964750
-117935.60964750
-117935.60964750
-117935.60964750
-117935.60964750
-117935.60964750
-117935.60964750
-117935.60964750
-117935.60964750
-117935.60964750
-117935.60964750
-117935.60964750
-117935.60964750
-117935.60964750
-117935.60964750
-117935.60964750
-117935.60964750
-117935.60964750
-117935.60964750
-117935.60964750
-117935.60964750
-117935.60964750
-117935.60964750
-117935.60964750
-117935.60964750
-117935.60964750
-117935.60964750
-117935.60964750
-117935.60964750
-117935.60964750
-117935.60964750
-117935.60964750
-117935.60964750
-117935.60964750
-117935.60964750
-117935.60964750
-117935.60964750
-117935.60964750
-117935.60964750
-117935.60964750
-117935.60964750
-117935.60964750
-117935.60964750
-117935.60964750
-117935.60964750
-117935.60964750
-117935.60964750
-117935.60964750
-117935.60964750
-117935.60964750
-117935.60964750
-117935.60964750
-117935.60964750
-117935.60964750
-117935.60964750
-117935.60964750
-117935.60964750
-117935.60964750
-117935.60964750
-117935.60964750
-117935.60964750
-117935.60964750
-117935.60964750
-117935.60964750
-117935.60964750
-117935.60964750
-117935.60964750
-117935.60964750
-117935.60964750
-117935.60964750
-117935.60964750
-117935.60964750
-117935.60964750
-117935.60964750
-117935.60964750
-117935.60964750
-117935.60964750
-117935.60964750
-117935.60964750
-117935.60964750
-117935.60964750
-117935.60964750
-117935.60964750
-117935.60964750
-117935.60964750
-117935.60964750
-117935.60964750
-117935.60964750
-117935.60964750
-117935.60964750
-117935.60964750
-117935.60964750
-117935.60964750
-117935.60964750
-117935.60964750
-117935.60964750
-117935.60964750
-117935.60964750
-117935.60964750
-117935.60964750
-117935.60964750
-117935.60964750
-117935.60964750
-117935.60964750
-117935.60964750
-117935.60964750
-117935.60964750
-117935.60964750
-117935.60964750
-117935.60964750
-117935.60964750
-117935.60964750
-117935.60964750
-117935.60964750
-117935.60964750
-117935.60964750
-117935.60964750
-117935.60964750
-117935.60964750
-117935.60964750
-117935.60964750
-117935.60964750
-117935.60964750
-117935.60964750
-117935.60964750
-117935.60964750
-117935.60964750
-117935.60964750
-117935.60964750
-117935.60964750
-117935.60964750
-117935.60964750
-117935.60964750
0.00247665
-0.03679591
-0.01427021
-0.00507123
-0.02453061
-0.03915462
-0.12807807
-0.00153316
-0.04611282
0.02299744
-0.06887440
0.02099254
-0.02134635
-0.03573449
-0.06356729
-0.02677138
-0.04823566
-0.15272661
0.01533163
-0.01615718
-0.02382299
0.01238324
-0.15850546
-0.05024057
-0.04776392
-0.11616658
0.04068779
-0.05094818
-0.13928195
-0.01344466
-0.04151333
-0.12100194
-0.08184731
-0.00294839
-0.08868758
-0.07253040
-0.09446642
-0.01780828
-0.01568544
-0.04434379
-0.09069248
-0.04894328
-0.15921307
-0.05295309
-0.04705631
-0.05531180
-0.09670720
-0.17077076
-0.03313991
-0.13031885
-0.02771487
-0.09965559
-0.08727235
-0.04198508
-0.07996034
-0.06380316
-0.05719877
-0.08597506
-0.04009811
-0.07677608
-0.02476648
-0.05366070
-0.05802432
-0.07996034
-0.04693837
-117935.60964750
-117935.60964750
-117935.60964750
-117935.60964750
-117935.60964750
-117935.60964750
-117935.60964750
-117935.60964750
-117935.60964750
-117935.60964750
-117935.60964750
-117935.60964750
-117935.60964750
-117935.60964750
-117935.60964750
-117935.60964750
-117935.60964750
-117935.60964750
-117935.60964750
-117935.60964750
-117935.60964750
-117935.60964750
-117935.60964750
-117935.60964750
-117935.60964750
-117935.60964750
-117935.60964750
-117935.60964750
-117935.60964750
-117935.60964750
-117935.60964750
-117935.60964750
-117935.60964750
-117935.60964750
-117935.60964750
-117935.60964750
-117935.60964750
-117935.60964750
-117935.60964750
-117935.60964750
-117935.60964750
-117935.60964750
-117935.60964750
-117935.60964750
-117935.60964750
-117935.60964750
-117935.60964750
-117935.60964750
-117935.60964750
-117935.60964750
-117935.60964750
-117935.60964750
-117935.60964750
-117935.60964750
-117935.60964750
-117935.60964750
-117935.60964750
-117935.60964750
-117935.60964750
-117935.60964750
-117935.60964750
-117935.60964750
-117935.60964750
-117935.60964750
-117935.60964750
-117935.60964750
-117935.60964750
-117935.60964750
-117935.60964750
-117935.60964750
-117935.60964750
-117935.60964750
-117935.60964750
-117935.60964750
-117935.60964750
-117935.60964750
-117935.60964750
-117935.60964750
-117935.60964750
-117935.60964750
-117935.60964750
-117935.60964750
-117935.60964750
-117935.60964750
-117935.60964750
-117935.60964750
-117935.60964750
-117935.60964750
-117935.60964750
-117935.60964750
-117935.60964750
-117935.60964750
-117935.60964750
-117935.60964750
-117935.60964750
-117935.60964750
-117935.60964750
-117935.60964750
-117935.60964750
-117935.60964750
-117935.60964750
-117935.60964750
-117935.60964750
-117935.60964750
-117935.60964750
-117935.60964750
-117935.60964750
-117935.60964750
-117935.60964750
-117935.60964750
-117935.60964750
-117935.60964750
-117935.60964750
-117935.60964750
-117935.60964750
-117935.60964750
-117935.60964750
-117935.60964750
-117935.60964750
-117935.60964750
-117935.60964750
-117935.60964750
-117935.60964750
-117935.60964750
-117935.60964750
-117935.60964750
-117935.60964750
-117935.60964750
-117935.60964750
-117935.60964750
-117935.60964750
-117935.60964750
-117935.60964750
-117935.60964750
-117935.60964750
-117935.60964750
-117935.60964750
-117935.60964750
-117935.60964750
-117935.60964750
-117935.60964750
-117935.60964750
-117935.60964750
-117935.60964750
-117935.60964750
-117935.60964750
-117935.60964750
-117935.60964750
-117935.60964750
-117935.60964750
-117935.60964750
-117935.60964750
-117935.60964750
-117935.60964750
-117935.60964750
-117935.60964750
-117935.60964750
-117935.60964750
-117935.60964750
-117935.60964750
-117935.60964750
-117935.60964750
-117935.60964750
-117935.60964750
-117935.60964750
-117935.60964750
-117935.60964750
-117935.60964750
-117935.60964750
-117935.60964750
-117935.60964750
-117935.60964750
-117935.60964750
-117935.60964750
-117935.60964750
-117935.60964750
-117935.60964750
-117935.60964750
-117935.60964750
-117935.60964750
-117935.60964750
-117935.60964750
-117935.60964750
-117935.60964750
-117935.60964750
-117935.60964750
-117935.60964750
-117935.60964750
-117935.60964750
-117935.60964750
-117935.60964750
0.00283045
-0.05012263
-0.01993112
-0.00978866
-0.03773940
-0.04422585
-0.17312947
-0.01450608
-0.05189167
0.01250117
-0.09104629
0.02146428
-0.02075667
-0.02570996
-0.06899233
-0.03467307
-0.06097271
-0.20851016
0.01344466
-0.02335125
-0.02063873
0.01250117
-0.17265773
-0.05755258
-0.04351824
-0.15461358
0.04752805
-0.04776392
-0.15355216
-0.00306633
-0.03821114
-0.14859887
-0.09458436
0.01226530
-0.09081042
-0.06981788
-0.10331159
-0.00271252
-0.00094348
-0.03184261
-0.08739029
-0.04587695
-0.22065753
-0.05743464
-0.04835360
-0.05330690
-0.09776862
-0.17442677
-0.02629964
-0.17006315
-0.01922350
-0.13692324
-0.10095288
-0.03207849
-0.07771957
-0.05991129
-0.05307102
-0.08927726
-0.03691385
-0.07712989
-0.01662892
-0.05601941
-0.06344936
-0.08632887
-0.05153786
-0.10012733
-117935.60964750
-117935.60964750
-117935.60964750
-117935.60964750
-117935.60964750
-117935.60964750
-117935.60964750
-117935.60964750
-117935.60964750
-117935.60964750
-117935.60964750
-117935.60964750
-117935.60964750
-117935.60964750
-117935.60964750
-117935.60964750
-117935.60964750
-117935.60964750
-117935.60964750
-117935.60964750
-117935.60964750
-117935.60964750
-117935.60964750
-117935.60964750
-117935.60964750
-117935.60964750
-117935.60964750
-117935.60964750
-117935.60964750
-117935.60964750
-117935.60964750
-117935.60964750
-117935.60964750
-117935.60964750
-117935.60964750
-117935.60964750
-117935.60964750
-117935.60964750
-117935.60964750
-117935.60964750
-117935.60964750
-117935.60964750
-117935.60964750
-117935.60964750
-117935.60964750
-117935.60964750
-117935.60964750
-117935.60964750
-117935.60964750
-117935.60964750
-117935.60964750
-117935.60964750
-117935.60964750
-117935.60964750
-117935.60964750
-117935.60964750
-117935.60964750
-117935.60964750
-117935.60964750
-117935.60964750
-117935.60964750
-117935.60964750
-117935.60964750
-117935.60964750
-117935.60964750
-117935.60964750
-117935.60964750
-117935.60964750
-117935.60964750
-117935.60964750
-117935.60964750
-117935.60964750
-117935.60964750
-117935.60964750
-117935.60964750
-117935.60964750
-117935.60964750
-117935.60964750
-117935.60964750
-117935.60964750
-117935.60964750
-117935.60964750
-117935.60964750
-117935.60964750
-117935.60964750
-117935.60964750
-117935.60964750
-117935.60964750
-117935.60964750
-117935.60964750
-117935.60964750
-117935.60964750
-117935.60964750
-117935.60964750
-117935.60964750
-117935.60964750
-117935.60964750
-117935.60964750
-117935.60964750
-117935.60964750
-117935.60964750
-117935.60964750
-117935.60964750
-117935.60964750
-117935.60964750
-117935.60964750
-117935.60964750
-117935.60964750
-117935.60964750
-117935.60964750
-117935.60964750
-117935.60964750
-117935.60964750
-117935.60964750
-117935.60964750
-117935.60964750
-117935.60964750
-117935.60964750
-117935.60964750
-117935.60964750
-117935.60964750
-117935.60964750
-117935.60964750
-117935.60964750
-117935.60964750
-117935.60964750
-117935.60964750
-117935.60964750
-117935.60964750
-117935.60964750
-117935.60964750
-117935.60964750
-117935.60964750
-117935.60964750
-117935.60964750
-117935.60964750
-117935.60964750
-117935.60964750
-117935.60964750
-117935.60964750
-117935.60964750
-117935.60964750
-117935.60964750
-117935.60964750
-117935.60964750
-117935.60964750
-117935.60964750
-117935.60964750
-117935.60964750
-117935.60964750
-117935.60964750
-117935.60964750
-117935.60964750
-117935.60964750
-117935.60964750
-117935.60964750
-117935.60964750
-117935.60964750
-117935.60964750
-117935.60964750
-117935.60964750
-117935.60964750
-117935.60964750
-117935.60964750
-117935.60964750
-117935.60964750
-117935.60964750
-117935.60964750
-117935.60964750
-117935.60964750
-117935.60964750
-117935.60964750
-117935.60964750
-117935.60964750
-117935.60964750
-117935.60964750
-117935.60964750
-117935.60964750
-117935.60964750
-117935.60964750
-117935.60964750
-117935.60964750
-117935.60964750
-117935.60964750
-117935.60964750
-117935.60964750
-117935.60964750
-117935.60964750
-117935.60964750
-117935.60964750
0.00424568
0.00259458
0.05330690
0.08326254
0.05307102
0.01828002
-0.15060377
0.07701195
0.06120858
0.12678078
0.00908104
0.11392580
0.04575902
0.03632417
-0.00141523
0.06026510
0.05401451
-0.18445129
0.12312478
0.07689402
0.09482023
0.12701665
-0.10696760
0.04929708
0.07913479
-0.16829411
0.16723269
0.06569013
-0.16475605
0.11781767
0.07040756
-0.14270209
-0.03455513
0.12548349
0.04021604
0.07382769
-0.00825549
0.07241246
0.12501175
0.10567031
0.04670250
0.14458906
-0.11545896
0.09930178
0.10543444
0.10142462
0.07654021
-0.01415227
0.16062830
-0.09505610
0.16239733
-0.08974900
0.00389188
0.15602881
0.07370976
0.08526745
0.10637792
0.04233888
0.12725252
0.09930178
0.14352764
0.10142462
0.11333612
0.07158692
0.16817618
0.12371445
0.13987163
-117935.60964750
-117935.60964750
-117935.60964750
-117935.60964750
-117935.60964750
-117935.60964750
-117935.60964750
-117935.60964750
-117935.60964750
-117935.60964750
-117935.60964750
-117935.60964750
-117935.60964750
-117935.60964750
-117935.60964750
-117935.60964750
-117935.60964750
-117935.60964750
-117935.60964750
-117935.60964750
-117935.60964750
-117935.60964750
-117935.60964750
-117935.60964750
-117935.60964750
-117935.60964750
-117935.60964750
-117935.60964750
-117935.60964750
-117935.60964750
-117935.60964750
-117935.60964750
-117935.60964750
-117935.60964750
-117935.60964750
-117935.60964750
-117935.60964750
-117935.60964750
-117935.60964750
-117935.60964750
-117935.60964750
-117935.60964750
-117935.60964750
-117935.60964750
-117935.60964750
-117935.60964750
-117935.60964750
-117935.60964750
-117935.60964750
-117935.60964750
-117935.60964750
-117935.60964750
-117935.60964750
-117935.60964750
-117935.60964750
-117935.60964750
-117935.60964750
-117935.60964750
-117935.60964750
-117935.60964750
-117935.60964750
-117935.60964750
-117935.60964750
-117935.60964750
-117935.60964750
-117935.60964750
-117935.60964750
-117935.60964750
-117935.60964750
-117935.60964750
-117935.60964750
-117935.60964750
-117935.60964750
-117935.60964750
-117935.60964750
-117935.60964750
-117935.60964750
-117935.60964750
-117935.60964750
-117935.60964750
-117935.60964750
-117935.60964750
-117935.60964750
-117935.60964750
-117935.60964750
-117935.60964750
-117935.60964750
-117935.60964750
-117935.60964750
-117935.60964750
-117935.60964750
-117935.60964750
-117935.60964750
-117935.60964750
-117935.60964750
-117935.60964750
-117935.60964750
-117935.60964750
-117935.60964750
-117935.60964750
-117935.60964750
-117935.60964750
-117935.60964750
-117935.60964750
-117935.60964750
-117935.60964750
-117935.60964750
-117935.60964750
-117935.60964750
-117935.60964750
-117935.60964750
-117935.60964750
-117935.60964750
-117935.60964750
-117935.60964750
-117935.60964750
-117935.60964750
-117935.60964750
-117935.60964750
-117935.60964750
-117935.60964750
-117935.60964750
-117935.60964750
-117935.60964750
-117935.60964750
-117935.60964750
-117935.60964750
-117935.60964750
-117935.60964750
-117935.60964750
-117935.60964750
-117935.60964750
-117935.60964750
-117935.60964750
-117935.60964750
-117935.60964750
-117935.60964750
-117935.60964750
-117935.60964750
-117935.60964750
-117935.60964750
-117935.60964750
-117935.60964750
-117935.60964750
-117935.60964750
-117935.60964750
-117935.60964750
-117935.60964750
-117935.60964750
-117935.60964750
-117935.60964750
-117935.60964750
-117935.60964750
-117935.60964750
-117935.60964750
-117935.60964750
-117935.60964750
-117935.60964750
-117935.60964750
-117935.60964750
-117935.60964750
-117935.60964750
-117935.60964750
-117935.60964750
-117935.60964750
-117935.60964750
-117935.60964750
-117935.60964750
-117935.60964750
-117935.60964750
-117935.60964750
-117935.60964750
-117935.60964750
-117935.60964750
-117935.60964750
-117935.60964750
-117935.60964750
-117935.60964750
-117935.60964750
-117935.60964750
-117935.60964750
-117935.60964750
-117935.60964750
-117935.60964750
-117935.60964750
-117935.60964750
-117935.60964750
-117935.60964750
-117935.60964750
0.00495330
-0.03196055
0.00896311
0.03443720
0.00967072
-0.01769034
-0.16015656
0.03148881
0.00908104
0.06934614
-0.04599489
0.05649116
-0.00400981
-0.01226530
-0.03714972
0.01698273
-0.00224078
-0.19766008
0.05519387
0.02276157
0.03490894
0.06958201
-0.09092836
-0.00436362
0.00212284
-0.17713929
0.10838283
0.00648646
-0.12784220
0.05212754
0.01120388
-0.12253510
-0.05248135
0.05637322
-0.03207849
-0.01603924
-0.07866305
0.01049627
0.03762146
0.03066326
-0.01368053
0.04127746
-0.14081512
-0.00224078
0.00165110
0.01085008
-0.01851589
-0.09328707
0.04505140
-0.13232375
0.03679591
-0.12135574
-0.05495799
0.03302197
-0.02629964
-0.01615718
-0.00872724
-0.04847154
0.02594583
-0.01096801
0.02960184
-0.01356260
-0.00365600
-0.03184261
0.03998017
-0.00235871
0.02559203
0.02523822
-117935.60964750
-117935.60964750
-117935.60964750
-117935.60964750
-117935.60964750
-117935.60964750
-117935.60964750
-117935.60964750
-117935.60964750
-117935.60964750
-117935.60964750
-117935.60964750
-117935.60964750
-117935.60964750
-117935.60964750
-117935.60964750
-117935.60964750
-117935.60964750
-117935.60964750
-117935.60964750
-117935.60964750
-117935.60964750
-117935.60964750
-117935.60964750
-117935.60964750
-117935.60964750
-117935.60964750
-117935.60964750
-117935.60964750
-117935.60964750
-117935.60964750
-117935.60964750
-117935.60964750
-117935.60964750
-117935.60964750
-117935.60964750
-117935.60964750
-117935.60964750
-117935.60964750
-117935.60964750
-117935.60964750
-117935.60964750
-117935.60964750
-117935.60964750
-117935.60964750
-117935.60964750
-117935.60964750
-117935.60964750
-117935.60964750
-117935.60964750
-117935.60964750
-117935.60964750
-117935.60964750
-117935.60964750
-117935.60964750
-117935.60964750
-117935.60964750
-117935.60964750
-117935.60964750
-117935.60964750
-117935.60964750
-117935.60964750
-117935.60964750
-117935.60964750
-117935.60964750
-117935.60964750
-117935.60964750
-117935.60964750
-117935.60964750
-117935.60964750
-117935.60964750
-117935.60964750
-117935.60964750
-117935.60964750
-117935.60964750
-117935.60964750
-117935.60964750
-117935.60964750
-117935.60964750
-117935.60964750
-117935.60964750
-117935.60964750
-117935.60964750
-117935.60964750
-117935.60964750
-117935.60964750
-117935.60964750
-117935.60964750
-117935.60964750
-117935.60964750
-117935.60964750
-117935.60964750
-117935.60964750
-117935.60964750
-117935.60964750
-117935.60964750
-117935.60964750
-117935.60964750
-117935.60964750
-117935.60964750
-117935.60964750
-117935.60964750
-117935.60964750
-117935.60964750
-117935.60964750
-117935.60964750
-117935.60964750
-117935.60964750
-117935.60964750
-117935.60964750
-117935.60964750
-117935.60964750
-117935.60964750
-117935.60964750
-117935.60964750
-117935.60964750
-117935.60964750
-117935.60964750
-117935.60964750
-117935.60964750
-117935.60964750
-117935.60964750
-117935.60964750
-117935.60964750
-117935.60964750
-117935.60964750
-117935.60964750
-117935.60964750
-117935.60964750
-117935.60964750
-117935.60964750
-117935.60964750
-117935.60964750
-117935.60964750
-117935.60964750
-117935.60964750
-117935.60964750
-117935.60964750
-117935.60964750
-117935.60964750
-117935.60964750
-117935.60964750
-117935.60964750
-117935.60964750
-117935.60964750
-117935.60964750
-117935.60964750
-117935.60964750
-117935.60964750
-117935.60964750
-117935.60964750
-117935.60964750
-117935.60964750
-117935.60964750
-117935.60964750
-117935.60964750
-117935.60964750
-117935.60964750
-117935.60964750
-117935.60964750
-117935.60964750
-117935.60964750
-117935.60964750
-117935.60964750
-117935.60964750
-117935.60964750
-117935.60964750
-117935.60964750
-117935.60964750
-117935.60964750
-117935.60964750
-117935.60964750
-117935.60964750
-117935.60964750
-117935.60964750
-117935.60964750
-117935.60964750
-117935.60964750
-117935.60964750
-117935.60964750
-117935.60964750
-117935.60964750
-117935.60964750
-117935.60964750
-117935.60964750
-117935.60964750
-117935.60964750
-117935.60964750
0.01474195
0.22242656
0.27160571
0.32290770
0.31535982
0.25474092
0.12241716
0.32361531
0.29047541
0.39697126
0.29601838
0.32915829
0.24341910
0.28705527
0.30840162
0.36076503
0.36359548
0.17324741
0.38918751
0.36807704
0.39720713
0.37055369
0.17690341
0.31418046
0.27195952
0.16015656
0.40499088
0.40015552
0.21157648
0.40192456
0.39697126
0.26205292
0.32137454
0.36501071
0.33670617
0.42480407
0.35734490
0.42032251
0.40109901
0.46289727
0.40192456
0.49603717
0.35368889
0.41100560
0.42739865
0.44992435
0.48365394
0.39885823
0.46891198
0.34224914
0.44898087
0.34743831
0.38930545
0.48907897
0.39060274
0.32939416
0.43624382
0.40617024
0.50346712
0.43129052
0.35663728
0.35404270
0.44485312
0.43364924
0.48884310
0.43966395
0.37232272
0.49379640
0.50464647
-117935.60964750
-117935.60964750
-117935.60964750
-117935.60964750
-117935.60964750
-117935.60964750
-117935.60964750
-117935.60964750
-117935.60964750
-117935.60964750
-117935.60964750
-117935.60964750
-117935.60964750
-117935.60964750
-117935.60964750
-117935.60964750
-117935.60964750
-117935.60964750
-117935.60964750
-117935.60964750
-117935.60964750
-117935.60964750
-117935.60964750
-117935.60964750
-117935.60964750
-117935.60964750
-117935.60964750
-117935.60964750
-117935.60964750
-117935.60964750
-117935.60964750
-117935.60964750
-117935.60964750
-117935.60964750
-117935.60964750
-117935.60964750
-117935.60964750
-117935.60964750
-117935.60964750
-117935.60964750
-117935.60964750
-117935.60964750
-117935.60964750
-117935.60964750
-117935.60964750
-117935.60964750
-117935.60964750
-117935.60964750
-117935.60964750
-117935.60964750
-117935.60964750
-117935.60964750
-117935.60964750
-117935.60964750
-117935.60964750
-117935.60964750
-117935.60964750
-117935.60964750
-117935.60964750
-117935.60964750
-117935.60964750
-117935.60964750
-117935.60964750
-117935.60964750
-117935.60964750
-117935.60964750
-117935.60964750
-117935.60964750
-117935.60964750
-117935.60964750
-117935.60964750
-117935.60964750
-117935.60964750
-117935.60964750
-117935.60964750
-117935.60964750
-117935.60964750
-117935.60964750
-117935.60964750
-117935.60964750
-117935.60964750
-117935.60964750
-117935.60964750
-117935.60964750
-117935.60964750
-117935.60964750
-117935.60964750
-117935.60964750
-117935.60964750
-117935.60964750
-117935.60964750
-117935.60964750
-117935.60964750
-117935.60964750
-117935.60964750
-117935.60964750
-117935.60964750
-117935.60964750
-117935.60964750
-117935.60964750
-117935.60964750
-117935.60964750
-117935.60964750
-117935.60964750
-117935.60964750
-117935.60964750
-117935.60964750
-117935.60964750
-117935.60964750
-117935.60964750
-117935.60964750
-117935.60964750
-117935.60964750
-117935.60964750
-117935.60964750
-117935.60964750
-117935.60964750
-117935.60964750
-117935.60964750
-117935.60964750
-117935.60964750
-117935.60964750
-117935.60964750
-117935.60964750
-117935.60964750
-117935.60964750
-117935.60964750
-117935.60964750
-117935.60964750
-117935.60964750
-117935.60964750
-117935.60964750
-117935.60964750
-117935.60964750
-117935.60964750
-117935.60964750
-117935.60964750
-117935.60964750
-117935.60964750
-117935.60964750
-117935.60964750
-117935.60964750
-117935.60964750
-117935.60964750
-117935.60964750
-117935.60964750
-117935.60964750
-117935.60964750
-117935.60964750
-117935.60964750
-117935.60964750
-117935.60964750
-117935.60964750
-117935.60964750
-117935.60964750
-117935.60964750
-117935.60964750
-117935.60964750
-117935.60964750
-117935.60964750
-117935.60964750
-117935.60964750
-117935.60964750
-117935.60964750
-117935.60964750
-117935.60964750
-117935.60964750
-117935.60964750
-117935.60964750
-117935.60964750
-117935.60964750
-117935.60964750
-117935.60964750
-117935.60964750
-117935.60964750
-117935.60964750
-117935.60964750
-117935.60964750
-117935.60964750
-117935.60964750
-117935.60964750
-117935.60964750
-117935.60964750
-117935.60964750
-117935.60964750
-117935.60964750
-117935.60964750
0.00448155
0.00212284
0.03656004
0.07465324
0.04929708
0.01651099
-0.15390597
0.07477118
0.05177373
0.12501175
0.00235871
0.10850076
0.03420133
0.02264364
-0.00554297
0.06804885
0.06215207
-0.14494286
0.12182748
0.07264834
0.07866305
0.12312478
-0.10107082
0.04729218
0.07300214
-0.14565048
0.16534572
0.05554767
-0.16888379
0.11486928
0.07960654
-0.09576372
-0.00719407
0.12300684
0.04316443
0.07536085
-0.00330220
0.07229453
0.11333612
0.09989146
0.04233888
0.13739499
-0.07370976
0.08550332
0.08526745
0.08302667
0.05425038
-0.03231436
0.14423525
-0.05389657
0.14258415
-0.08007828
-0.01085008
0.13232375
0.05814226
0.05979335
0.09458436
0.03856494
0.12229923
0.08090383
0.12111987
0.07677608
0.09623546
0.04410792
0.13881021
0.09022074
0.11262851
0.14741951
0.10826489
0.08231906
-117935.60964750
-117935.60964750
-117935.60964750
-117935.60964750
-117935.60964750
-117935.60964750
-117935.60964750
-117935.60964750
-117935.60964750
-117935.60964750
-117935.60964750
-117935.60964750
-117935.60964750
-117935.60964750
-117935.60964750
-117935.60964750
-117935.60964750
-117935.60964750
-117935.60964750
-117935.60964750
-117935.60964750
-117935.60964750
-117935.60964750
-117935.60964750
-117935.60964750
-117935.60964750
-117935.60964750
-117935.60964750
-117935.60964750
-117935.60964750
-117935.60964750
-117935.60964750
-117935.60964750
-117935.60964750
-117935.60964750
-117935.60964750
-117935.60964750
-117935.60964750
-117935.60964750
-117935.60964750
-117935.60964750
-117935.60964750
-117935.60964750
-117935.60964750
-117935.60964750
-117935.60964750
-117935.60964750
-117935.60964750
-117935.60964750
-117935.60964750
-117935.60964750
-117935.60964750
-117935.60964750
-117935.60964750
-117935.60964750
-117935.60964750
-117935.60964750
-117935.60964750
-117935.60964750
-117935.60964750
-117935.60964750
-117935.60964750
-117935.60964750
-117935.60964750
-117935.60964750
-117935.60964750
-117935.60964750
-117935.60964750
-117935.60964750
-117935.60964750
-117935.60964750
-117935.60964750
-117935.60964750
-117935.60964750
-117935.60964750
-117935.60964750
-117935.60964750
-117935.60964750
-117935.60964750
-117935.60964750
-117935.60964750
-117935.60964750
-117935.60964750
-117935.60964750
-117935.60964750
-117935.60964750
-117935.60964750
-117935.60964750
-117935.60964750
-117935.60964750
-117935.60964750
-117935.60964750
-117935.60964750
-117935.60964750
-117935.60964750
-117935.60964750
-117935.60964750
-117935.60964750
-117935.60964750
-117935.60964750
-117935.60964750
-117935.60964750
-117935.60964750
-117935.60964750
-117935.60964750
-117935.60964750
-117935.60964750
-117935.60964750
-117935.60964750
-117935.60964750
-117935.60964750
-117935.60964750
-117935.60964750
-117935.60964750
-117935.60964750
-117935.60964750
-117935.60964750
-117935.60964750
-117935.60964750
-117935.60964750
-117935.60964750
-117935.60964750
-117935.60964750
-117935.60964750
-117935.60964750
-117935.60964750
-117935.60964750
-117935.60964750
-117935.60964750
-117935.60964750
-117935.60964750
-117935.60964750
-117935.60964750
-117935.60964750
-117935.60964750
-117935.60964750
-117935.60964750
-117935.60964750
-117935.60964750
-117935.60964750
-117935.60964750
-117935.60964750
-117935.60964750
-117935.60964750
-117935.60964750
-117935.60964750
-117935.60964750
-117935.60964750
-117935.60964750
-117935.60964750
-117935.60964750
-117935.60964750
-117935.60964750
-117935.60964750
-117935.60964750
-117935.60964750
-117935.60964750
-117935.60964750
-117935.60964750
-117935.60964750
-117935.60964750
-117935.60964750
-117935.60964750
-117935.60964750
-117935.60964750
-117935.60964750
-117935.60964750
-117935.60964750
-117935.60964750
-117935.60964750
-117935.60964750
-117935.60964750
-117935.60964750
-117935.60964750
-117935.60964750
-117935.60964750
-117935.60964750
-117935.60964750
-117935.60964750
-117935.60964750
-117935.60964750
-117935.60964750
-117935.60964750
-117935.60964750
-117935.60964750
-117935.60964750
0.00483536
-0.00188697
0.02122841
0.05743464
0.03349371
0.00448155
-0.18338987
0.05708084
0.01450608
0.10755728
-0.00436362
0.09328707
0.03526275
0.00389188
-0.03502688
0.03384752
0.02771487
-0.14624016
0.10166050
0.05118405
0.04540521
0.09658926
-0.14116892
0.03054532
0.04835360
-0.11168502
0.14364557
0.03160674
-0.16510985
0.09140010
0.05743464
-0.10107082
-0.02865835
0.09540991
0.01179356
0.04988676
-0.00625059
0.05849606
0.08149351
0.05318896
-0.01651099
0.09364087
-0.05153786
0.07123311
0.06580807
0.05366070
0.01427021
-0.08562125
0.10401921
-0.05837813
0.09800449
-0.07795544
-0.03278610
0.08172938
0.01875176
0.02158222
0.04658457
-0.00566091
0.07099724
0.02877629
0.07689402
0.04021604
0.05224548
-0.00129729
0.08102176
0.03372958
0.05849606
0.09918385
0.08503157
0.05118405
-0.02299744
-117935.60964750
-117935.60964750
-117935.60964750
-117935.60964750
-117935.60964750
-117935.60964750
-117935.60964750
-117935.60964750
-117935.60964750
-117935.60964750
-117935.60964750
-117935.60964750
-117935.60964750
-117935.60964750
-117935.60964750
-117935.60964750
-117935.60964750
-117935.60964750
-117935.60964750
-117935.60964750
-117935.60964750
-117935.60964750
-117935.60964750
-117935.60964750
-117935.60964750
-117935.60964750
-117935.60964750
-117935.60964750
-117935.60964750
-117935.60964750
-117935.60964750
-117935.60964750
-117935.60964750
-117935.60964750
-117935.60964750
-117935.60964750
-117935.60964750
-117935.60964750
-117935.60964750
-117935.60964750
-117935.60964750
-117935.60964750
-117935.60964750
-117935.60964750
-117935.60964750
-117935.60964750
-117935.60964750
-117935.60964750
-117935.60964750
-117935.60964750
-117935.60964750
-117935.60964750
-117935.60964750
-117935.60964750
-117935.60964750
-117935.60964750
-117935.60964750
-117935.60964750
-117935.60964750
-117935.60964750
-117935.60964750
-117935.60964750
-117935.60964750
-117935.60964750
-117935.60964750
-117935.60964750
-117935.60964750
-117935.60964750
-117935.60964750
-117935.60964750
-117935.60964750
-117935.60964750
-117935.60964750
-117935.60964750
-117935.60964750
-117935.60964750
-117935.60964750
-117935.60964750
-117935.60964750
-117935.60964750
-117935.60964750
-117935.60964750
-117935.60964750
-117935.60964750
-117935.60964750
-117935.60964750
-117935.60964750
-117935.60964750
-117935.60964750
-117935.60964750
-117935.60964750
-117935.60964750
-117935.60964750
-117935.60964750
-117935.60964750
-117935.60964750
-117935.60964750
-117935.60964750
-117935.60964750
-117935.60964750
-117935.60964750
-117935.60964750
-117935.60964750
-117935.60964750
-117935.60964750
-117935.60964750
-117935.60964750
-117935.60964750
-117935.60964750
-117935.60964750
-117935.60964750
-117935.60964750
-117935.60964750
-117935.60964750
-117935.60964750
-117935.60964750
-117935.60964750
-117935.60964750
-117935.60964750
-117935.60964750
-117935.60964750
-117935.60964750
-117935.60964750
-117935.60964750
-117935.60964750
-117935.60964750
-117935.60964750
-117935.60964750
-117935.60964750
-117935.60964750
-117935.60964750
-117935.60964750
-117935.60964750
-117935.60964750
-117935.60964750
-117935.60964750
-117935.60964750
-117935.60964750
-117935.60964750
-117935.60964750
-117935.60964750
-117935.60964750
-117935.60964750
-117935.60964750
-117935.60964750
-117935.60964750
-117935.60964750
-117935.60964750
-117935.60964750
-117935.60964750
-117935.60964750
-117935.60964750
-117935.60964750
-117935.60964750
-117935.60964750
-117935.60964750
-117935.60964750
-117935.60964750
-117935.60964750
-117935.60964750
-117935.60964750
-117935.60964750
-117935.60964750
-117935.60964750
-117935.60964750
-117935.60964750
-117935.60964750
-117935.60964750
-117935.60964750
-117935.60964750
-117935.60964750
-117935.60964750
-117935.60964750
-117935.60964750
-117935.60964750
-117935.60964750
-117935.60964750
-117935.60964750
-117935.60964750
-117935.60964750
-117935.60964750
-117935.60964750
-117935.60964750
-117935.60964750
-117935.60964750
-0.00082555
-0.05554767
-0.03656004
-0.04446172
-0.07441737
-0.08196525
-0.19247091
-0.03785733
-0.07087930
-0.01863383
-0.10130669
-0.01061420
-0.03785733
-0.07099724
-0.11758180
-0.07889892
-0.09953765
-0.21322758
-0.01427021
-0.04929708
-0.05472212
-0.01698273
-0.16463811
-0.07677608
-0.06227000
-0.11486928
0.00896311
-0.10142462
-0.20980745
-0.06557220
-0.10189637
-0.18221052
-0.11876116
-0.04222095
-0.11640245
-0.12159161
-0.13833847
-0.07406356
-0.06498252
-0.11534103
-0.16735063
-0.10968012
-0.19671660
-0.08279080
-0.08621093
-0.10354747
-0.15638262
-0.23999897
-0.08656474
-0.19034807
-0.08455983
-0.15425978
-0.14600428
-0.11569483
-0.15661849
-0.12843188
-0.14057925
-0.16381256
-0.10956218
-0.14376351
-0.07441737
-0.12017639
-0.13539008
-0.16581747
-0.10684966
-0.14411731
-0.10225017
-0.10944425
-0.11085947
-0.11734593
-0.19152743
-0.16628921
-117935.60964750
-117935.60964750
-117935.60964750
-117935.60964750
-117935.60964750
-117935.60964750
-117935.60964750
-117935.60964750
-117935.60964750
-117935.60964750
-117935.60964750
-117935.60964750
-117935.60964750
-117935.60964750
-117935.60964750
-117935.60964750
-117935.60964750
-117935.60964750
-117935.60964750
-117935.60964750
-117935.60964750
-117935.60964750
-117935.60964750
-117935.60964750
-117935.60964750
-117935.60964750
-117935.60964750
-117935.60964750
-117935.60964750
-117935.60964750
-117935.60964750
-117935.60964750
-117935.60964750
-117935.60964750
-117935.60964750
-117935.60964750
-117935.60964750
-117935.60964750
-117935.60964750
-117935.60964750
-117935.60964750
-117935.60964750
-117935.60964750
-117935.60964750
-117935.60964750
-117935.60964750
-117935.60964750
-117935.60964750
-117935.60964750
-117935.60964750
-117935.60964750
-117935.60964750
-117935.60964750
-117935.60964750
-117935.60964750
-117935.60964750
-117935.60964750
-117935.60964750
-117935.60964750
-117935.60964750
-117935.60964750
-117935.60964750
-117935.60964750
-117935.60964750
-117935.60964750
-117935.60964750
-117935.60964750
-117935.60964750
-117935.60964750
-117935.60964750
-117935.60964750
-117935.60964750
-117935.60964750
-117935.60964750
-117935.60964750
-117935.60964750
-117935.60964750
-117935.60964750
-117935.60964750
-117935.60964750
-117935.60964750
-117935.60964750
-117935.60964750
-117935.60964750
-117935.60964750
-117935.60964750
-117935.60964750
-117935.60964750
-117935.60964750
-117935.60964750
-117935.60964750
-117935.60964750
-117935.60964750
-117935.60964750
-117935.60964750
-117935.60964750
-117935.60964750
-117935.60964750
-117935.60964750
-117935.60964750
-117935.60964750
-117935.60964750
-117935.60964750
-117935.60964750
-117935.60964750
-117935.60964750
-117935.60964750
-117935.60964750
-117935.60964750
-117935.60964750
-117935.60964750
-117935.60964750
-117935.60964750
-117935.60964750
-117935.60964750
-117935.60964750
-117935.60964750
-117935.60964750
-117935.60964750
-117935.60964750
-117935.60964750
-117935.60964750
-117935.60964750
-117935.60964750
-117935.60964750
-117935.60964750
-117935.60964750
-117935.60964750
-117935.60964750
-117935.60964750
-117935.60964750
-117935.60964750
-117935.60964750
-117935.60964750
-117935.60964750
-117935.60964750
-117935.60964750
-117935.60964750
-117935.60964750
-117935.60964750
-117935.60964750
-117935.60964750
-117935.60964750
-117935.60964750
-117935.60964750
-117935.60964750
-117935.60964750
-117935.60964750
-117935.60964750
-117935.60964750
-117935.60964750
-117935.60964750
-117935.60964750
-117935.60964750
-117935.60964750
-117935.60964750
-117935.60964750
-117935.60964750
-117935.60964750
-117935.60964750
-117935.60964750
-117935.60964750
-117935.60964750
-117935.60964750
-117935.60964750
-117935.60964750
-117935.60964750
-117935.60964750
-117935.60964750
-117935.60964750
-117935.60964750
-117935.60964750
-117935.60964750
-117935.60964750
-117935.60964750
-117935.60964750
-117935.60964750
-117935.60964750
-117935.60964750
-117935.60964750
-117935.60964750
-117935.60964750
-117935.60964750
-117935.60964750
0.01497782
0.25957628
0.32420499
0.40039139
0.36949227
0.29637219
0.01368053
0.37043575
0.33753171
0.48294632
0.34366437
0.42763452
0.30816575
0.35309922
0.33705997
0.42669104
0.44862706
0.15107552
0.50264157
0.43046498
0.46655327
0.45983094
0.05767051
0.37880918
0.38954132
0.07866305
0.51820907
0.49603717
0.12041226
0.53896574
0.51207642
0.17761103
0.31028859
0.50582583
0.44096124
0.57823829
0.44839119
0.53660702
0.56314254
0.60536348
0.50323125
0.68886190
0.34390024
0.57517197
0.59250850
0.58885250
0.61680324
0.48754581
0.67754008
0.31913376
0.67848356
0.29354173
0.43199814
0.71952515
0.57493610
0.50912803
0.65159424
0.55193865
0.68261131
0.61904402
0.57812036
0.55854305
0.63814958
0.57800242
0.66633619
0.59545689
0.54887233
0.72341703
0.73002142
0.65690135
0.63366803
0.72129419
0.64440017
-117935.60964750
-117935.60964750
-117935.60964750
-117935.60964750
-117935.60964750
-117935.60964750
-117935.60964750
-117935.60964750
-117935.60964750
-117935.60964750
-117935.60964750
-117935.60964750
-117935.60964750
-117935.60964750
-117935.60964750
-117935.60964750
-117935.60964750
-117935.60964750
-117935.60964750
-117935.60964750
-117935.60964750
-117935.60964750
-117935.60964750
-117935.60964750
-117935.60964750
-117935.60964750
-117935.60964750
-117935.60964750
-117935.60964750
-117935.60964750
-117935.60964750
-117935.60964750
-117935.60964750
-117935.60964750
-117935.60964750
-117935.60964750
-117935.60964750
-117935.60964750
-117935.60964750
-117935.60964750
-117935.60964750
-117935.60964750
-117935.60964750
-117935.60964750
-117935.60964750
-117935.60964750
-117935.60964750
-117935.60964750
-117935.60964750
-117935.60964750
-117935.60964750
-117935.60964750
-117935.60964750
-117935.60964750
-117935.60964750
-117935.60964750
-117935.60964750
-117935.60964750
-117935.60964750
-117935.60964750
-117935.60964750
-117935.60964750
-117935.60964750
-117935.60964750
-117935.60964750
-117935.60964750
-117935.60964750
-117935.60964750
-117935.60964750
-117935.60964750
-117935.60964750
-117935.60964750
-117935.60964750
-117935.60964750
-117935.60964750
-117935.60964750
-117935.60964750
-117935.60964750
-117935.60964750
-117935.60964750
-117935.60964750
-117935.60964750
-117935.60964750
-117935.60964750
-117935.60964750
-117935.60964750
-117935.60964750
-117935.60964750
-117935.60964750
-117935.60964750
-117935.60964750
-117935.60964750
-117935.60964750
-117935.60964750
-117935.60964750
-117935.60964750
-117935.60964750
-117935.60964750
-117935.60964750
-117935.60964750
-117935.60964750
-117935.60964750
-117935.60964750
-117935.60964750
-117935.60964750
-117935.60964750
-117935.60964750
-117935.60964750
-117935.60964750
-117935.60964750
-117935.60964750
-117935.60964750
-117935.60964750
-117935.60964750
-117935.60964750
-117935.60964750
-117935.60964750
-117935.60964750
-117935.60964750
-117935.60964750
-117935.60964750
-117935.60964750
-117935.60964750
-117935.60964750
-117935.60964750
-117935.60964750
-117935.60964750
-117935.60964750
-117935.60964750
-117935.60964750
-117935.60964750
-117935.60964750
-117935.60964750
-117935.60964750
-117935.60964750
-117935.60964750
-117935.60964750
-117935.60964750
-117935.60964750
-117935.60964750
-117935.60964750
-117935.60964750
-117935.60964750
-117935.60964750
-117935.60964750
-117935.60964750
-117935.60964750
-117935.60964750
-117935.60964750
-117935.60964750
-117935.60964750
-117935.60964750
-117935.60964750
-117935.60964750
-117935.60964750
-117935.60964750
-117935.60964750
-117935.60964750
-117935.60964750
-117935.60964750
-117935.60964750
-117935.60964750
-117935.60964750
-117935.60964750
-117935.60964750
-117935.60964750
-117935.60964750
-117935.60964750
-117935.60964750
-117935.60964750
-117935.60964750
-117935.60964750
-117935.60964750
-117935.60964750
-117935.60964750
-117935.60964750
-117935.60964750
-117935.60964750
-117935.60964750
-117935.60964750
-117935.60964750
-117935.60964750
-117935.60964750
0.00353807
-0.09576372
-0.04552315
-0.02028492
-0.06120858
-0.08455983
-0.31630331
-0.04646663
-0.08455983
0.00011794
-0.11817148
0.00507123
-0.04929708
-0.06922820
-0.11699212
-0.07771957
-0.10413714
-0.34614101
-0.04198508
-0.08467777
-0.07595053
-0.01014246
-0.23622503
-0.08868758
-0.06120858
-0.28894224
0.04080572
-0.06828472
-0.19907531
-0.00648646
-0.06722330
-0.28693734
-0.19105569
0.00106142
-0.10708553
-0.09187184
-0.15992069
-0.07618640
-0.02323332
-0.06840265
-0.12512968
-0.05165580
-0.32573815
-0.08373428
-0.07335595
-0.06498252
-0.10743934
-0.18610239
-0.01674686
-0.28151230
-0.02004905
-0.26960080
-0.16310495
-0.03125294
-0.08963106
-0.06722330
-0.08149351
-0.14399938
-0.07500705
-0.09257945
-0.00695820
-0.06392110
-0.08302667
-0.13385692
-0.05130199
-0.09316913
-0.03868288
-0.03986224
-0.08562125
-0.07229453
-0.11192089
-0.04257476
-0.09894798
-0.09411262
-117935.60964750
-117935.60964750
-117935.60964750
-117935.60964750
-117935.60964750
-117935.60964750
-117935.60964750
-117935.60964750
-117935.60964750
-117935.60964750
-117935.60964750
-117935.60964750
-117935.60964750
-117935.60964750
-117935.60964750
-117935.60964750
-117935.60964750
-117935.60964750
-117935.60964750
-117935.60964750
-117935.60964750
-117935.60964750
-117935.60964750
-117935.60964750
-117935.60964750
-117935.60964750
-117935.60964750
-117935.60964750
-117935.60964750
-117935.60964750
-117935.60964750
-117935.60964750
-117935.60964750
-117935.60964750
-117935.60964750
-117935.60964750
-117935.60964750
-117935.60964750
-117935.60964750
-117935.60964750
-117935.60964750
-117935.60964750
-117935.60964750
-117935.60964750
-117935.60964750
-117935.60964750
-117935.60964750
-117935.60964750
-117935.60964750
-117935.60964750
-117935.60964750
-117935.60964750
-117935.60964750
-117935.60964750
-117935.60964750
-117935.60964750
-117935.60964750
-117935.60964750
-117935.60964750
-117935.60964750
-117935.60964750
-117935.60964750
-117935.60964750
-117935.60964750
-117935.60964750
-117935.60964750
-117935.60964750
-117935.60964750
-117935.60964750
-117935.60964750
-117935.60964750
-117935.60964750
-117935.60964750
-117935.60964750
-117935.60964750
-117935.60964750
-117935.60964750
-117935.60964750
-117935.60964750
-117935.60964750
-117935.60964750
-117935.60964750
-117935.60964750
-117935.60964750
-117935.60964750
-117935.60964750
-117935.60964750
-117935.60964750
-117935.60964750
-117935.60964750
-117935.60964750
-117935.60964750
-117935.60964750
-117935.60964750
-117935.60964750
-117935.60964750
-117935.60964750
-117935.60964750
-117935.60964750
-117935.60964750
-117935.60964750
-117935.60964750
-117935.60964750
-117935.60964750
-117935.60964750
-117935.60964750
-117935.60964750
-117935.60964750
-117935.60964750
-117935.60964750
-117935.60964750
-117935.60964750
-117935.60964750
-117935.60964750
-117935.60964750
-117935.60964750
-117935.60964750
-117935.60964750
-117935.60964750
-117935.60964750
-117935.60964750
-117935.60964750
-117935.60964750
-117935.60964750
-117935.60964750
-117935.60964750
-117935.60964750
-117935.60964750
-117935.60964750
-117935.60964750
-117935.60964750
-117935.60964750
-117935.60964750
-117935.60964750
-117935.60964750
-117935.60964750
-117935.60964750
-117935.60964750
-117935.60964750
-117935.60964750
-117935.60964750
-117935.60964750
-117935.60964750
-117935.60964750
-117935.60964750
-117935.60964750
-117935.60964750
-117935.60964750
-117935.60964750
-117935.60964750
-117935.60964750
-117935.60964750
-117935.60964750
-117935.60964750
-117935.60964750
-117935.60964750
-117935.60964750
-117935.60964750
-117935.60964750
-117935.60964750
-117935.60964750
-117935.60964750
-117935.60964750
-117935.60964750
-117935.60964750
-117935.60964750
-117935.60964750
-117935.60964750
-117935.60964750
-117935.60964750
-117935.60964750
-117935.60964750
-117935.60964750
-117935.60964750
-117935.60964750
-117935.60964750
-117935.60964750
-117935.60964750
-117935.60964750
-117935.60964750
-117935.60964750
-117935.60964750
0.04953296
1.05823623
1.10517460
1.32771909
1.28408292
1.05611338
0.42503994
1.27287903
1.23360648
1.55769353
1.34257898
1.32760116
1.07250643
1.27570949
1.33609252
1.59083344
1.70322607
1.10658983
1.67291662
1.60923139
1.70652827
1.52431775
0.39260764
1.37489334
1.30590101
0.52316236
1.59543293
1.78507339
0.73509265
1.78755004
1.83236557
1.11767577
1.41569906
1.66643016
1.73919644
2.10998599
1.78306848
1.78542719
1.89546112
2.14961236
1.89416383
2.38819610
1.73907850
2.05455626
2.15102758
2.18570065
2.37593079
2.02023699
2.33854520
1.45155148
2.30528736
1.59684815
1.87800665
2.50860835
2.13145027
1.79061636
2.32521848
2.15267868
2.42841214
2.26000009
1.85854727
1.95560828
2.31814234
2.28476657
2.36543452
2.21766120
1.89758396
2.50495235
2.66911872
2.41768000
2.53030850
2.63503533
2.52747805
3.01337276
3.75931549
-117935.60964750
-117935.60964750
-117935.60964750
-117935.60964750
-117935.60964750
-117935.60964750
-117935.60964750
-117935.60964750
-117935.60964750
-117935.60964750
-117935.60964750
-117935.60964750
-117935.60964750
-117935.60964750
-117935.60964750
-117935.60964750
-117935.60964750
-117935.60964750
-117935.60964750
-117935.60964750
-117935.60964750
-117935.60964750
-117935.60964750
-117935.60964750
-117935.60964750
-117935.60964750
-117935.60964750
-117935.60964750
-117935.60964750
-117935.60964750
-117935.60964750
-117935.60964750
-117935.60964750
-117935.60964750
-117935.60964750
-117935.60964750
-117935.60964750
-117935.60964750
-117935.60964750
-117935.60964750
-117935.60964750
-117935.60964750
-117935.60964750
-117935.60964750
-117935.60964750
-117935.60964750
-117935.60964750
-117935.60964750
-117935.60964750
-117935.60964750
-117935.60964750
-117935.60964750
-117935.60964750
-117935.60964750
-117935.60964750
-117935.60964750
-117935.60964750
-117935.60964750
-117935.60964750
-117935.60964750
-117935.60964750
-117935.60964750
-117935.60964750
-117935.60964750
-117935.60964750
-117935.60964750
-117935.60964750
-117935.60964750
-117935.60964750
-117935.60964750
-117935.60964750
-117935.60964750
-117935.60964750
-117935.60964750
-117935.60964750
-117935.60964750
-117935.60964750
-117935.60964750
-117935.60964750
-117935.60964750
-117935.60964750
-117935.60964750
-117935.60964750
-117935.60964750
-117935.60964750
-117935.60964750
-117935.60964750
-117935.60964750
-117935.60964750
-117935.60964750
-117935.60964750
-117935.60964750
-117935.60964750
-117935.60964750
-117935.60964750
-117935.60964750
-117935.60964750
-117935.60964750
-117935.60964750
-117935.60964750
-117935.60964750
-117935.60964750
-117935.60964750
-117935.60964750
-117935.60964750
-117935.60964750
-117935.60964750
-117935.60964750
-117935.60964750
-117935.60964750
-117935.60964750
-117935.60964750
-117935.60964750
-117935.60964750
-117935.60964750
-117935.60964750
-117935.60964750
-117935.60964750
-117935.60964750
-117935.60964750
-117935.60964750
-117935.60964750
-117935.60964750
-117935.60964750
-117935.60964750
-117935.60964750
-117935.60964750
-117935.60964750
-117935.60964750
-117935.60964750
-117935.60964750
-117935.60964750
-117935.60964750
-117935.60964750
-117935.60964750
-117935.60964750
-117935.60964750
-117935.60964750
-117935.60964750
-117935.60964750
-117935.60964750
-117935.60964750
-117935.60964750
-117935.60964750
-117935.60964750
-117935.60964750
-117935.60964750
-117935.60964750
-117935.60964750
-117935.60964750
-117935.60964750
-117935.60964750
-117935.60964750
-117935.60964750
-117935.60964750
-117935.60964750
-117935.60964750
-117935.60964750
-117935.60964750
-117935.60964750
-117935.60964750
-117935.60964750
-117935.60964750
-117935.60964750
-117935.60964750
-117935.60964750
-117935.60964750
-117935.60964750
-117935.60964750
-117935.60964750
-117935.60964750
-117935.60964750
-117935.60964750
-117935.60964750
-117935.60964750
-117935.60964750
-117935.60964750
-117935.60964750
-117935.60964750
-117935.60964750
-117935.60964750
0.00813756
0.12512968
0.17619580
0.21546836
0.18704588
0.14399938
-0.06309555
0.19070188
0.16216146
0.25981215
0.15225487
0.23233315
0.15673643
0.17395502
0.14812713
0.20980745
0.21511455
0.00448155
0.27278507
0.22242656
0.24565987
0.24849033
-0.03479100
0.18091323
0.19023014
-0.01934144
0.29094715
0.25014143
0.01309085
0.28516830
0.25556647
0.02936597
0.12595523
0.27266713
0.20697699
0.28469656
0.20391067
0.27384649
0.29814122
0.30215103
0.22608256
0.34791005
0.10319366
0.29259825
0.30521736
0.30120755
0.30250484
0.20426448
0.35451444
0.10225017
0.35604761
0.10909044
0.19931118
0.37397382
0.27738455
0.24790065
0.32373325
0.25592027
0.35121225
0.31229349
0.30792988
0.28658353
0.32609196
0.28858844
0.34802798
0.29483902
0.28387101
0.37409175
0.36795910
0.33293223
0.30509942
0.36524658
0.29920264
0.38435215
0.31524188
0.26099150
-117935.60964750
-117935.60964750
-117935.60964750
-117935.60964750
-117935.60964750
-117935.60964750
-117935.60964750
-117935.60964750
-117935.60964750
-117935.60964750
-117935.60964750
-117935.60964750
-117935.60964750
-117935.60964750
-117935.60964750
-117935.60964750
-117935.60964750
-117935.60964750
-117935.60964750
-117935.60964750
-117935.60964750
-117935.60964750
-117935.60964750
-117935.60964750
-117935.60964750
-117935.60964750
-117935.60964750
-117935.60964750
-117935.60964750
-117935.60964750
-117935.60964750
-117935.60964750
-117935.60964750
-117935.60964750
-117935.60964750
-117935.60964750
-117935.60964750
-117935.60964750
-117935.60964750
-117935.60964750
-117935.60964750
-117935.60964750
-117935.60964750
-117935.60964750
-117935.60964750
-117935.60964750
-117935.60964750
-117935.60964750
-117935.60964750
-117935.60964750
-117935.60964750
-117935.60964750
-117935.60964750
-117935.60964750
-117935.60964750
-117935.60964750
-117935.60964750
-117935.60964750
-117935.60964750
-117935.60964750
-117935.60964750
-117935.60964750
-117935.60964750
-117935.60964750
-117935.60964750
-117935.60964750
-117935.60964750
-117935.60964750
-117935.60964750
-117935.60964750
-117935.60964750
-117935.60964750
-117935.60964750
-117935.60964750
-117935.60964750
-117935.60964750
-117935.60964750
-117935.60964750
-117935.60964750
-117935.60964750
-117935.60964750
-117935.60964750
-117935.60964750
-117935.60964750
-117935.60964750
-117935.60964750
-117935.60964750
-117935.60964750
-117935.60964750
-117935.60964750
-117935.60964750
-117935.60964750
-117935.60964750
-117935.60964750
-117935.60964750
-117935.60964750
-117935.60964750
-117935.60964750
-117935.60964750
-117935.60964750
-117935.60964750
-117935.60964750
-117935.60964750
-117935.60964750
-117935.60964750
-117935.60964750
-117935.60964750
-117935.60964750
-117935.60964750
-117935.60964750
-117935.60964750
-117935.60964750
-117935.60964750
-117935.60964750
-117935.60964750
-117935.60964750
-117935.60964750
-117935.60964750
-117935.60964750
-117935.60964750
-117935.60964750
-117935.60964750
-117935.60964750
-117935.60964750
-117935.60964750
-117935.60964750
-117935.60964750
-117935.60964750
-117935.60964750
-117935.60964750
-117935.60964750
-117935.60964750
-117935.60964750
-117935.60964750
-117935.60964750
-117935.60964750
-117935.60964750
-117935.60964750
-117935.60964750
-117935.60964750
-117935.60964750
-117935.60964750
-117935.60964750
-117935.60964750
-117935.60964750
-117935.60964750
-117935.60964750
-117935.60964750
-117935.60964750
-117935.60964750
-117935.60964750
-117935.60964750
-117935.60964750
-117935.60964750
-117935.60964750
-117935.60964750
-117935.60964750
-117935.60964750
-117935.60964750
-117935.60964750
-117935.60964750
-117935.60964750
-117935.60964750
-117935.60964750
-117935.60964750
-117935.60964750
-117935.60964750
-117935.60964750
-117935.60964750
-117935.60964750
-117935.60964750
-117935.60964750
-117935.60964750
-117935.60964750
-117935.60964750
-117935.60964750
-117935.60964750
-117935.60964750
-117935.60964750
-117935.60964750
0.01108595
0.13126233
0.16841205
0.21747326
0.20815635
0.17513438
0.03962636
0.20544383
0.18008768
0.26747796
0.19294266
0.22938476
0.16994521
0.20037260
0.20662319
0.24825446
0.25379743
0.09257945
0.27290300
0.25792518
0.27986120
0.27184158
0.12229923
0.22855921
0.19907531
0.08361635
0.29967438
0.27986120
0.13173408
0.28964986
0.27467203
0.12430413
0.17749309
0.25934041
0.21994991
0.29979232
0.25250014
0.30958098
0.29047541
0.33033764
0.28693734
0.35616554
0.22254450
0.28045088
0.29507490
0.31347285
0.33705997
0.27797423
0.34201327
0.22360592
0.32679957
0.20603351
0.26075563
0.36147264
0.28882431
0.24825446
0.31936963
0.28705527
0.35262747
0.30144342
0.26217086
0.25580234
0.31795440
0.30085374
0.34118772
0.30144342
0.26382196
0.35581173
0.36359548
0.32337944
0.31866202
0.35074050
0.34213120
0.36913846
0.38222931
0.23999897
0.31712885
-117935.60964750
-117935.60964750
-117935.60964750
-117935.60964750
-117935.60964750
-117935.60964750
-117935.60964750
-117935.60964750
-117935.60964750
-117935.60964750
-117935.60964750
-117935.60964750
-117935.60964750
-117935.60964750
-117935.60964750
-117935.60964750
-117935.60964750
-117935.60964750
-117935.60964750
-117935.60964750
-117935.60964750
-117935.60964750
-117935.60964750
-117935.60964750
-117935.60964750
-117935.60964750
-117935.60964750
-117935.60964750
-117935.60964750
-117935.60964750
-117935.60964750
-117935.60964750
-117935.60964750
-117935.60964750
-117935.60964750
-117935.60964750
-117935.60964750
-117935.60964750
-117935.60964750
-117935.60964750
-117935.60964750
-117935.60964750
-117935.60964750
-117935.60964750
-117935.60964750
-117935.60964750
-117935.60964750
-117935.60964750
-117935.60964750
-117935.60964750
-117935.60964750
-117935.60964750
-117935.60964750
-117935.60964750
-117935.60964750
-117935.60964750
-117935.60964750
-117935.60964750
-117935.60964750
-117935.60964750
-117935.60964750
-117935.60964750
-117935.60964750
-117935.60964750
-117935.60964750
-117935.60964750
-117935.60964750
-117935.60964750
-117935.60964750
-117935.60964750
-117935.60964750
-117935.60964750
-117935.60964750
-117935.60964750
-117935.60964750
-117935.60964750
-117935.60964750
-117935.60964750
-117935.60964750
-117935.60964750
-117935.60964750
-117935.60964750
-117935.60964750
-117935.60964750
-117935.60964750
-117935.60964750
-117935.60964750
-117935.60964750
-117935.60964750
-117935.60964750
-117935.60964750
-117935.60964750
-117935.60964750
-117935.60964750
-117935.60964750
-117935.60964750
-117935.60964750
-117935.60964750
-117935.60964750
-117935.60964750
-117935.60964750
-117935.60964750
-117935.60964750
-117935.60964750
-117935.60964750
-117935.60964750
-117935.60964750
-117935.60964750
-117935.60964750
-117935.60964750
-117935.60964750
-117935.60964750
-117935.60964750
-117935.60964750
-117935.60964750
-117935.60964750
-117935.60964750
-117935.60964750
-117935.60964750
-117935.60964750
-117935.60964750
-117935.60964750
-117935.60964750
-117935.60964750
-117935.60964750
-117935.60964750
-117935.60964750
-117935.60964750
-117935.60964750
-117935.60964750
-117935.60964750
-117935.60964750
-117935.60964750
-117935.60964750
-117935.60964750
-117935.60964750
-117935.60964750
-117935.60964750
-117935.60964750
-117935.60964750
-117935.60964750
-117935.60964750
-117935.60964750
-117935.60964750
-117935.60964750
-117935.60964750
-117935.60964750
-117935.60964750
-117935.60964750
-117935.60964750
-117935.60964750
-117935.60964750
-117935.60964750
-117935.60964750
-117935.60964750
-117935.60964750
-117935.60964750
-117935.60964750
-117935.60964750
-117935.60964750
-117935.60964750
-117935.60964750
-117935.60964750
-117935.60964750
-117935.60964750
-117935.60964750
-117935.60964750
-117935.60964750
-117935.60964750
-117935.60964750
-117935.60964750
-117935.60964750
-117935.60964750
-117935.60964750
-117935.60964750
-117935.60964750
-117935.60964750
-117935.60964750
-117935.60964750
0.00530710
-0.01462402
0.00566091
0.04776392
0.02818661
0.00872724
-0.15107552
0.05590148
0.02217189
0.09493817
-0.02370506
0.09010281
0.03066326
0.02311538
-0.01710066
0.03738559
0.02582790
-0.15885927
0.09316913
0.04198508
0.04056985
0.09104629
-0.16593540
0.02641758
0.04682044
-0.11923290
0.14116892
0.04163127
-0.14682983
0.09729688
0.06462871
-0.08455983
-0.02535616
0.09658926
-0.00896311
0.03066326
-0.02960184
0.06710536
0.08774409
0.07205866
0.01096801
0.09364087
-0.09941972
0.06073684
0.05920368
0.05601941
0.01839796
-0.07205866
0.11144915
-0.05200960
0.11109534
-0.07830924
-0.03396546
0.09057455
0.02441267
0.02924803
0.05778845
0.00978866
0.07418150
0.02606377
0.07524292
0.03549862
0.04670250
0.01096801
0.07807337
0.02594583
0.05401451
0.09222565
0.07901686
0.05932161
0.01261911
0.06592601
0.01580337
0.05955748
-0.02901216
0.03113500
0.06191620
0.05884987
-117935.60964750
-117935.60964750
-117935.60964750
-117935.60964750
-117935.60964750
-117935.60964750
-117935.60964750
-117935.60964750
-117935.60964750
-117935.60964750
-117935.60964750
-117935.60964750
-117935.60964750
-117935.60964750
-117935.60964750
-117935.60964750
-117935.60964750
-117935.60964750
-117935.60964750
-117935.60964750
-117935.60964750
-117935.60964750
-117935.60964750
-117935.60964750
-117935.60964750
-117935.60964750
-117935.60964750
-117935.60964750
-117935.60964750
-117935.60964750
-117935.60964750
-117935.60964750
-117935.60964750
-117935.60964750
-117935.60964750
-117935.60964750
-117935.60964750
-117935.60964750
-117935.60964750
-117935.60964750
-117935.60964750
-117935.60964750
-117935.60964750
-117935.60964750
-117935.60964750
-117935.60964750
-117935.60964750
-117935.60964750
-117935.60964750
-117935.60964750
-117935.60964750
-117935.60964750
-117935.60964750
-117935.60964750
-117935.60964750
-117935.60964750
-117935.60964750
-117935.60964750
-117935.60964750
-117935.60964750
-117935.60964750
-117935.60964750
-117935.60964750
-117935.60964750
-117935.60964750
-117935.60964750
-117935.60964750
-117935.60964750
-117935.60964750
-117935.60964750
-117935.60964750
-117935.60964750
-117935.60964750
-117935.60964750
-117935.60964750
-117935.60964750
-117935.60964750
-117935.60964750
-117935.60964750
-117935.60964750
-117935.60964750
-117935.60964750
-117935.60964750
-117935.60964750
-117935.60964750
-117935.60964750
-117935.60964750
-117935.60964750
-117935.60964750
-117935.60964750
-117935.60964750
-117935.60964750
-117935.60964750
-117935.60964750
-117935.60964750
-117935.60964750
-117935.60964750
-117935.60964750
-117935.60964750
-117935.60964750
-117935.60964750
-117935.60964750
-117935.60964750
-117935.60964750
-117935.60964750
-117935.60964750
-117935.60964750
-117935.60964750
-117935.60964750
-117935.60964750
-117935.60964750
-117935.60964750
-117935.60964750
-117935.60964750
-117935.60964750
-117935.60964750
-117935.60964750
-117935.60964750
-117935.60964750
-117935.60964750
-117935.60964750
-117935.60964750
-117935.60964750
-117935.60964750
-117935.60964750
-117935.60964750
-117935.60964750
-117935.60964750
-117935.60964750
-117935.60964750
-117935.60964750
-117935.60964750
-117935.60964750
-117935.60964750
-117935.60964750
-117935.60964750
-117935.60964750
-117935.60964750
-117935.60964750
-117935.60964750
-117935.60964750
-117935.60964750
-117935.60964750
-117935.60964750
-117935.60964750
-117935.60964750
-117935.60964750
-117935.60964750
-117935.60964750
-117935.60964750
-117935.60964750
-117935.60964750
-117935.60964750
-117935.60964750
-117935.60964750
-117935.60964750
-117935.60964750
-117935.60964750
-117935.60964750
-117935.60964750
-117935.60964750
-117935.60964750
-117935.60964750
-117935.60964750
-117935.60964750
-117935.60964750
-117935.60964750
-117935.60964750
-117935.60964750
-117935.60964750
-117935.60964750
-117935.60964750
-117935.60964750
-117935.60964750
-117935.60964750
-117935.60964750
-117935.60964750
-117935.60964750
0.00412775
-0.04304650
-0.03750352
-0.01261911
-0.04387205
-0.05873193
-0.20308512
0.00294839
-0.02158222
0.02971977
-0.08680061
0.02665345
-0.01651099
-0.03337578
-0.07453531
-0.03325784
-0.05495799
-0.21393520
0.01898763
-0.02523822
-0.02606377
0.02276157
-0.22679018
-0.04682044
-0.02854042
-0.14753745
0.06969995
-0.02901216
-0.17265773
0.01427021
-0.02370506
-0.13680531
-0.06993582
0.02405886
-0.07359182
-0.06816678
-0.11711006
-0.03148881
-0.00165110
-0.02783280
-0.07948860
-0.02075667
-0.17419090
-0.03278610
-0.02948390
-0.03266816
-0.07996034
-0.18032355
0.00577884
-0.13633356
0.00884517
-0.08715442
-0.07111517
-0.01533163
-0.07630434
-0.06828472
-0.05802432
-0.08609300
-0.03066326
-0.08220112
-0.02063873
-0.07111517
-0.06958201
-0.09623546
-0.03856494
-0.08455983
-0.04552315
-0.03455513
-0.04080572
-0.04670250
-0.09246152
-0.05248135
-0.10048114
-0.08314460
-0.18197465
-0.05991129
-0.04115953
-0.04611282
-0.09611752
-117935.60964750
-117935.60964750
-117935.60964750
-117935.60964750
-117935.60964750
-117935.60964750
-117935.60964750
-117935.60964750
-117935.60964750
-117935.60964750
-117935.60964750
-117935.60964750
-117935.60964750
-117935.60964750
-117935.60964750
-117935.60964750
-117935.60964750
-117935.60964750
-117935.60964750
-117935.60964750
-117935.60964750
-117935.60964750
-117935.60964750
-117935.60964750
-117935.60964750
-117935.60964750
-117935.60964750
-117935.60964750
-117935.60964750
-117935.60964750
-117935.60964750
-117935.60964750
-117935.60964750
-117935.60964750
-117935.60964750
-117935.60964750
-117935.60964750
-117935.60964750
-117935.60964750
-117935.60964750
-117935.60964750
-117935.60964750
-117935.60964750
-117935.60964750
-117935.60964750
-117935.60964750
-117935.60964750
-117935.60964750
-117935.60964750
-117935.60964750
-117935.60964750
-117935.60964750
-117935.60964750
-117935.60964750
-117935.60964750
-117935.60964750
-117935.60964750
-117935.60964750
-117935.60964750
-117935.60964750
-117935.60964750
-117935.60964750
-117935.60964750
-117935.60964750
-117935.60964750
-117935.60964750
-117935.60964750
-117935.60964750
-117935.60964750
-117935.60964750
-117935.60964750
-117935.60964750
-117935.60964750
-117935.60964750
-117935.60964750
-117935.60964750
-117935.60964750
-117935.60964750
-117935.60964750
-117935.60964750
-117935.60964750
-117935.60964750
-117935.60964750
-117935.60964750
-117935.60964750
-117935.60964750
-117935.60964750
-117935.60964750
-117935.60964750
-117935.60964750
-117935.60964750
-117935.60964750
-117935.60964750
-117935.60964750
-117935.60964750
-117935.60964750
-117935.60964750
-117935.60964750
-117935.60964750
-117935.60964750
-117935.60964750
-117935.60964750
-117935.60964750
-117935.60964750
-117935.60964750
-117935.60964750
-117935.60964750
-117935.60964750
-117935.60964750
-117935.60964750
-117935.60964750
-117935.60964750
-117935.60964750
-117935.60964750
-117935.60964750
-117935.60964750
-117935.60964750
-117935.60964750
-117935.60964750
-117935.60964750
-117935.60964750
-117935.60964750
-117935.60964750
-117935.60964750
-117935.60964750
-117935.60964750
-117935.60964750
-117935.60964750
-117935.60964750
-117935.60964750
-117935.60964750
-117935.60964750
-117935.60964750
-117935.60964750
-117935.60964750
-117935.60964750
-117935.60964750
-117935.60964750
-117935.60964750
-117935.60964750
-117935.60964750
-117935.60964750
-117935.60964750
-117935.60964750
-117935.60964750
-117935.60964750
-117935.60964750
-117935.60964750
-117935.60964750
-117935.60964750
-117935.60964750
-117935.60964750
-117935.60964750
-117935.60964750
-117935.60964750
-117935.60964750
-117935.60964750
-117935.60964750
-117935.60964750
-117935.60964750
-117935.60964750
-117935.60964750
-117935.60964750
-117935.60964750
-117935.60964750
-117935.60964750
-117935.60964750
-117935.60964750
-117935.60964750
-117935.60964750
-117935.60964750
-117935.60964750
-117935.60964750
-117935.60964750
-117935.60964750
-117935.60964750
-117935.60964750
0.00271252
0.00754788
0.04210301
0.06698743
0.02889422
0.00306633
-0.18456923
0.05283515
0.02877629
0.10177843
-0.00577884
0.10248604
0.04139540
0.02806868
-0.01828002
0.03561655
0.02724313
-0.14199447
0.10625998
0.03726765
0.04941502
0.08090383
-0.16404843
0.00601472
0.04587695
-0.15390597
0.13173408
0.05118405
-0.11475135
0.11298231
0.07830924
-0.08349841
-0.01332672
0.11828942
0.03302197
0.06793091
-0.00589678
0.07170485
0.11133122
0.07571466
0.01061420
0.11215676
-0.11498722
0.08585712
0.08797996
0.06439284
0.03089913
-0.06439284
0.12123781
-0.11911497
0.13232375
-0.09765068
-0.01780828
0.11887909
0.04457966
0.06793091
0.07937067
0.01368053
0.08833377
0.06451078
0.13220582
0.08621093
0.07512498
0.03514481
0.09953765
0.05425038
0.09564578
0.12571936
0.10024527
0.09257945
0.04009811
0.11251057
0.03184261
0.09540991
-0.05778845
0.06285968
0.11828942
0.12088400
0.08703648
0.04269269
-117935.60964750
-117935.60964750
-117935.60964750
-117935.60964750
-117935.60964750
-117935.60964750
-117935.60964750
-117935.60964750
-117935.60964750
-117935.60964750
-117935.60964750
-117935.60964750
-117935.60964750
-117935.60964750
-117935.60964750
-117935.60964750
-117935.60964750
-117935.60964750
-117935.60964750
-117935.60964750
-117935.60964750
-117935.60964750
-117935.60964750
-117935.60964750
-117935.60964750
-117935.60964750
-117935.60964750
-117935.60964750
-117935.60964750
-117935.60964750
-117935.60964750
-117935.60964750
-117935.60964750
-117935.60964750
-117935.60964750
-117935.60964750
-117935.60964750
-117935.60964750
-117935.60964750
-117935.60964750
-117935.60964750
-117935.60964750
-117935.60964750
-117935.60964750
-117935.60964750
-117935.60964750
-117935.60964750
-117935.60964750
-117935.60964750
-117935.60964750
-117935.60964750
-117935.60964750
-117935.60964750
-117935.60964750
-117935.60964750
-117935.60964750
-117935.60964750
-117935.60964750
-117935.60964750
-117935.60964750
-117935.60964750
-117935.60964750
-117935.60964750
-117935.60964750
-117935.60964750
-117935.60964750
-117935.60964750
-117935.60964750
-117935.60964750
-117935.60964750
-117935.60964750
-117935.60964750
-117935.60964750
-117935.60964750
-117935.60964750
-117935.60964750
-117935.60964750
-117935.60964750
-117935.60964750
-117935.60964750
-117935.60964750
-117935.60964750
-117935.60964750
-117935.60964750
-117935.60964750
-117935.60964750
-117935.60964750
-117935.60964750
-117935.60964750
-117935.60964750
-117935.60964750
-117935.60964750
-117935.60964750
-117935.60964750
-117935.60964750
-117935.60964750
-117935.60964750
-117935.60964750
-117935.60964750
-117935.60964750
-117935.60964750
-117935.60964750
-117935.60964750
-117935.60964750
-117935.60964750
-117935.60964750
-117935.60964750
-117935.60964750
-117935.60964750
-117935.60964750
-117935.60964750
-117935.60964750
-117935.60964750
-117935.60964750
-117935.60964750
-117935.60964750
-117935.60964750
-117935.60964750
-117935.60964750
-117935.60964750
-117935.60964750
-117935.60964750
-117935.60964750
-117935.60964750
-117935.60964750
-117935.60964750
-117935.60964750
-117935.60964750
-117935.60964750
-117935.60964750
-117935.60964750
-117935.60964750
-117935.60964750
-117935.60964750
-117935.60964750
-117935.60964750
-117935.60964750
-117935.60964750
-117935.60964750
-117935.60964750
-117935.60964750
-117935.60964750
-117935.60964750
-117935.60964750
-117935.60964750
-117935.60964750
-117935.60964750
-117935.60964750
-117935.60964750
-117935.60964750
-117935.60964750
-117935.60964750
-117935.60964750
-117935.60964750
-117935.60964750
-117935.60964750
-117935.60964750
-117935.60964750
-117935.60964750
-117935.60964750
-117935.60964750
-117935.60964750
-117935.60964750
-117935.60964750
-117935.60964750
-117935.60964750
-117935.60964750
-117935.60964750
-117935.60964750
-117935.60964750
-117935.60964750
-117935.60964750
-117935.60964750
-117935.60964750
-117935.60964750
-117935.60964750
0.03337578
0.69747120
0.88758340
1.05033454
1.08335651
0.94784849
0.68945157
1.02108651
0.93534732
1.20188180
0.96612851
1.02415283
0.81116112
0.98499821
1.01106198
1.10942028
1.18796540
0.46454837
1.22110530
1.24080055
1.34080995
1.21898246
0.69853262
1.16060433
1.16744460
0.70525495
1.23372441
1.28762099
0.30486355
1.28384705
1.26839748
0.49002246
0.80054692
1.24351307
1.20435845
1.59625848
1.39730110
1.54448474
1.52714821
1.71336854
1.49624908
1.82670466
0.98263950
1.49353656
1.61465643
1.64991918
1.79674901
1.63246471
1.79073430
1.19916928
1.80795290
0.96058554
1.20648129
1.91904824
1.65133441
1.47065705
1.89758396
1.72020880
1.87694523
1.76561401
1.52266666
1.62208638
1.91751508
1.81208064
1.96681216
1.84486674
1.61772276
2.04582902
2.03191262
1.90029648
1.86892561
1.96150506
1.81668013
2.14064925
2.16022656
1.48587075
1.96256648
1.92518089
2.18534685
1.54224397
2.50931597
-117935.60964750
-117935.60964750
-117935.60964750
-117935.60964750
-117935.60964750
-117935.60964750
-117935.60964750
-117935.60964750
-117935.60964750
-117935.60964750
-117935.60964750
-117935.60964750
-117935.60964750
-117935.60964750
-117935.60964750
-117935.60964750
-117935.60964750
-117935.60964750
-117935.60964750
-117935.60964750
-117935.60964750
-117935.60964750
-117935.60964750
-117935.60964750
-117935.60964750
-117935.60964750
-117935.60964750
-117935.60964750
-117935.60964750
-117935.60964750
-117935.60964750
-117935.60964750
-117935.60964750
-117935.60964750
-117935.60964750
-117935.60964750
-117935.60964750
-117935.60964750
-117935.60964750
-117935.60964750
-117935.60964750
-117935.60964750
-117935.60964750
-117935.60964750
-117935.60964750
-117935.60964750
-117935.60964750
-117935.60964750
-117935.60964750
-117935.60964750
-117935.60964750
-117935.60964750
-117935.60964750
-117935.60964750
-117935.60964750
-117935.60964750
-117935.60964750
-117935.60964750
-117935.60964750
-117935.60964750
-117935.60964750
-117935.60964750
-117935.60964750
-117935.60964750
-117935.60964750
-117935.60964750
-117935.60964750
-117935.60964750
-117935.60964750
-117935.60964750
-117935.60964750
-117935.60964750
-117935.60964750
-117935.60964750
-117935.60964750
-117935.60964750
-117935.60964750
-117935.60964750
-117935.60964750
-117935.60964750
-117935.60964750
-117935.60964750
-117935.60964750
-117935.60964750
-117935.60964750
-117935.60964750
-117935.60964750
-117935.60964750
-117935.60964750
-117935.60964750
-117935.60964750
-117935.60964750
-117935.60964750
-117935.60964750
-117935.60964750
-117935.60964750
-117935.60964750
-117935.60964750
-117935.60964750
-117935.60964750
-117935.60964750
-117935.60964750
-117935.60964750
-117935.60964750
-117935.60964750
-117935.60964750
-117935.60964750
-117935.60964750
-117935.60964750
-117935.60964750
-117935.60964750
-117935.60964750
-117935.60964750
-117935.60964750
-117935.60964750
-117935.60964750
-117935.60964750
-117935.60964750
-117935.60964750
-117935.60964750
-117935.60964750
-117935.60964750
-117935.60964750
-117935.60964750
-117935.60964750
-117935.60964750
-117935.60964750
-117935.60964750
-117935.60964750
-117935.60964750
-117935.60964750
-117935.60964750
-117935.60964750
-117935.60964750
-117935.60964750
-117935.60964750
-117935.60964750
-117935.60964750
-117935.60964750
-117935.60964750
-117935.60964750
-117935.60964750
-117935.60964750
-117935.60964750
-117935.60964750
-117935.60964750
-117935.60964750
-117935.60964750
-117935.60964750
-117935.60964750
-117935.60964750
-117935.60964750
-117935.60964750
-117935.60964750
-117935.60964750
-117935.60964750
-117935.60964750
-117935.60964750
-117935.60964750
-117935.60964750
-117935.60964750
-117935.60964750
-117935.60964750
-117935.60964750
-117935.60964750
-117935.60964750
-117935.60964750
-117935.60964750
-117935.60964750
-117935.60964750
-117935.60964750
-117935.60964750
-117935.60964750
-117935.60964750
-117935.60964750
0.00200491
-0.05731671
-0.02677138
-0.00660439
-0.03089913
-0.04186714
-0.20685906
-0.02417680
-0.06439284
0.01474195
-0.06840265
0.02134635
-0.01580337
-0.04127746
-0.08161144
-0.04682044
-0.06297762
-0.19400408
-0.00471742
-0.04894328
-0.05259928
-0.00259458
-0.14376351
-0.06132652
-0.03691385
-0.17324741
0.03561655
-0.06262381
-0.13975370
-0.00412775
-0.03844701
-0.14624016
-0.10449095
0.00011794
-0.07878099
-0.05920368
-0.08715442
-0.02512028
-0.01934144
-0.06368523
-0.10543444
-0.04799979
-0.17584199
-0.05708084
-0.06191620
-0.06651568
-0.10295779
-0.15968482
-0.02865835
-0.15461358
-0.03443720
-0.17442677
-0.11828942
-0.04623076
-0.08373428
-0.06002923
-0.08031415
-0.11675625
-0.07146898
-0.09906591
-0.03078119
-0.07406356
-0.08974900
-0.12147368
-0.07406356
-0.11015186
-0.06569013
-0.06238794
-0.06651568
-0.08373428
-0.12984711
-0.08750822
-0.11333612
-0.11581277
-0.22643637
-0.10413714
-0.08986693
-0.07984241
-0.10684966
-0.09257945
-0.18433336
-0.10260398
-117935.60964750
-117935.60964750
-117935.60964750
-117935.60964750
-117935.60964750
-117935.60964750
-117935.60964750
-117935.60964750
-117935.60964750
-117935.60964750
-117935.60964750
-117935.60964750
-117935.60964750
-117935.60964750
-117935.60964750
-117935.60964750
-117935.60964750
-117935.60964750
-117935.60964750
-117935.60964750
-117935.60964750
-117935.60964750
-117935.60964750
-117935.60964750
-117935.60964750
-117935.60964750
-117935.60964750
-117935.60964750
-117935.60964750
-117935.60964750
-117935.60964750
-117935.60964750
-117935.60964750
-117935.60964750
-117935.60964750
-117935.60964750
-117935.60964750
-117935.60964750
-117935.60964750
-117935.60964750
-117935.60964750
-117935.60964750
-117935.60964750
-117935.60964750
-117935.60964750
-117935.60964750
-117935.60964750
-117935.60964750
-117935.60964750
-117935.60964750
-117935.60964750
-117935.60964750
-117935.60964750
-117935.60964750
-117935.60964750
-117935.60964750
-117935.60964750
-117935.60964750
-117935.60964750
-117935.60964750
-117935.60964750
-117935.60964750
-117935.60964750
-117935.60964750
-117935.60964750
-117935.60964750
-117935.60964750
-117935.60964750
-117935.60964750
-117935.60964750
-117935.60964750
-117935.60964750
-117935.60964750
-117935.60964750
-117935.60964750
-117935.60964750
-117935.60964750
-117935.60964750
-117935.60964750
-117935.60964750
-117935.60964750
-117935.60964750
-117935.60964750
-117935.60964750
-117935.60964750
-117935.60964750
-117935.60964750
-117935.60964750
-117935.60964750
-117935.60964750
-117935.60964750
-117935.60964750
-117935.60964750
-117935.60964750
-117935.60964750
-117935.60964750
-117935.60964750
-117935.60964750
-117935.60964750
-117935.60964750
-117935.60964750
-117935.60964750
-117935.60964750
-117935.60964750
-117935.60964750
-117935.60964750
-117935.60964750
-117935.60964750
-117935.60964750
-117935.60964750
-117935.60964750
-117935.60964750
-117935.60964750
-117935.60964750
-117935.60964750
-117935.60964750
-117935.60964750
-117935.60964750
-117935.60964750
-117935.60964750
-117935.60964750
-117935.60964750
-117935.60964750
-117935.60964750
-117935.60964750
-117935.60964750
-117935.60964750
-117935.60964750
-117935.60964750
-117935.60964750
-117935.60964750
-117935.60964750
-117935.60964750
-117935.60964750
-117935.60964750
-117935.60964750
-117935.60964750
-117935.60964750
-117935.60964750
-117935.60964750
-117935.60964750
-117935.60964750
-117935.60964750
-117935.60964750
-117935.60964750
-117935.60964750
-117935.60964750
-117935.60964750
-117935.60964750
-117935.60964750
-117935.60964750
-117935.60964750
-117935.60964750
-117935.60964750
-117935.60964750
-117935.60964750
-117935.60964750
-117935.60964750
-117935.60964750
-117935.60964750
-117935.60964750
-117935.60964750
-117935.60964750
-117935.60964750
-117935.60964750
-117935.60964750
-117935.60964750
-117935.60964750
-117935.60964750
-117935.60964750
-117935.60964750
-117935.60964750
-117935.60964750
-117935.60964750
0.00129729
0.03832907
0.07937067
0.09069248
0.04174921
0.02158222
-0.16345875
0.06250587
0.05248135
0.11911497
0.03137087
0.12654491
0.06604394
0.06863852
0.02948390
0.07217659
0.06698743
-0.11227470
0.13444659
0.07170485
0.09423055
0.11274644
-0.07312008
0.03703178
0.08161144
-0.11628451
0.14789125
0.07830924
-0.08880551
0.13043678
0.09564578
-0.07547879
0.01120388
0.14293796
0.08361635
0.12064813
0.04693837
0.12241716
0.15390597
0.12666284
0.06922820
0.16593540
-0.07477118
0.13067266
0.13833847
0.11085947
0.09163597
0.01391640
0.15968482
-0.09765068
0.17607787
-0.08349841
0.01757241
0.17336535
0.09965559
0.12725252
0.14694777
0.08007828
0.16475605
0.14246622
0.20343893
0.15308042
0.14128686
0.08915932
0.16581747
0.12854981
0.16133591
0.19895737
0.16345875
0.16452018
0.11062360
0.19247091
0.09187184
0.16357669
-0.06521839
0.09989146
0.16322288
0.18421542
0.15484946
0.11133122
-0.08267286
0.13338517
0.09953765
-117935.60964750
-117935.60964750
-117935.60964750
-117935.60964750
-117935.60964750
-117935.60964750
-117935.60964750
-117935.60964750
-117935.60964750
-117935.60964750
-117935.60964750
-117935.60964750
-117935.60964750
-117935.60964750
-117935.60964750
-117935.60964750
-117935.60964750
-117935.60964750
-117935.60964750
-117935.60964750
-117935.60964750
-117935.60964750
-117935.60964750
-117935.60964750
-117935.60964750
-117935.60964750
-117935.60964750
-117935.60964750
-117935.60964750
-117935.60964750
-117935.60964750
-117935.60964750
-117935.60964750
-117935.60964750
-117935.60964750
-117935.60964750
-117935.60964750
-117935.60964750
-117935.60964750
-117935.60964750
-117935.60964750
-117935.60964750
-117935.60964750
-117935.60964750
-117935.60964750
-117935.60964750
-117935.60964750
-117935.60964750
-117935.60964750
-117935.60964750
-117935.60964750
-117935.60964750
-117935.60964750
-117935.60964750
-117935.60964750
-117935.60964750
-117935.60964750
-117935.60964750
-117935.60964750
-117935.60964750
-117935.60964750
-117935.60964750
-117935.60964750
-117935.60964750
-117935.60964750
-117935.60964750
-117935.60964750
-117935.60964750
-117935.60964750
-117935.60964750
-117935.60964750
-117935.60964750
-117935.60964750
-117935.60964750
-117935.60964750
-117935.60964750
-117935.60964750
-117935.60964750
-117935.60964750
-117935.60964750
-117935.60964750
-117935.60964750
-117935.60964750
-117935.60964750
-117935.60964750
-117935.60964750
-117935.60964750
-117935.60964750
-117935.60964750
-117935.60964750
-117935.60964750
-117935.60964750
-117935.60964750
-117935.60964750
-117935.60964750
-117935.60964750
-117935.60964750
-117935.60964750
-117935.60964750
-117935.60964750
-117935.60964750
-117935.60964750
-117935.60964750
-117935.60964750
-117935.60964750
-117935.60964750
-117935.60964750
-117935.60964750
-117935.60964750
-117935.60964750
-117935.60964750
-117935.60964750
-117935.60964750
-117935.60964750
-117935.60964750
-117935.60964750
-117935.60964750
-117935.60964750
-117935.60964750
-117935.60964750
-117935.60964750
-117935.60964750
-117935.60964750
-117935.60964750
-117935.60964750
-117935.60964750
-117935.60964750
-117935.60964750
-117935.60964750
-117935.60964750
-117935.60964750
-117935.60964750
-117935.60964750
-117935.60964750
-117935.60964750
-117935.60964750
-117935.60964750
-117935.60964750
-117935.60964750
-117935.60964750
-117935.60964750
-117935.60964750
-117935.60964750
-117935.60964750
-117935.60964750
-117935.60964750
-117935.60964750
-117935.60964750
-117935.60964750
-117935.60964750
-117935.60964750
-117935.60964750
-117935.60964750
-117935.60964750
-117935.60964750
-117935.60964750
-117935.60964750
-117935.60964750
-117935.60964750
-117935.60964750
-117935.60964750
-117935.60964750
-117935.60964750
-117935.60964750
-117935.60964750
-117935.60964750
-117935.60964750
-117935.60964750
-117935.60964750
-117935.60964750
-117935.60964750
-117935.60964750
-117935.60964750
0.00436362
-0.00589678
0.02830455
0.06734123
0.04788186
0.02736106
-0.15284455
0.07040756
0.02228983
0.11192089
-0.01427021
0.10378334
0.05047644
0.04351824
-0.01049627
0.03007358
0.01485989
-0.22761573
0.09387675
0.05377864
0.05826019
0.09824036
-0.17065283
0.03290404
0.07194072
-0.12206336
0.14435319
0.04528727
-0.18692794
0.10460889
0.06887440
-0.13291343
-0.04693837
0.11840735
0.01214737
0.06828472
0.00990659
0.10968012
0.13020091
0.11109534
0.02842248
0.12465794
-0.12937536
0.08550332
0.09918385
0.09446642
0.05601941
-0.04717424
0.14800919
-0.08007828
0.15095758
-0.09104629
-0.02134635
0.13822053
0.06781298
0.07241246
0.11121328
0.05613735
0.10956218
0.06309555
0.10814695
0.07866305
0.10071701
0.06191620
0.12442207
0.06462871
0.08963106
0.13196995
0.12194542
0.10236811
0.05224548
0.09824036
0.04375411
0.09045661
-0.00837343
0.05248135
0.12277097
0.11545896
0.11156709
0.03880082
0.04988676
0.14352764
0.08066796
0.17808277
-117935.60964750
-117935.60964750
-117935.60964750
-117935.60964750
-117935.60964750
-117935.60964750
-117935.60964750
-117935.60964750
-117935.60964750
-117935.60964750
-117935.60964750
-117935.60964750
-117935.60964750
-117935.60964750
-117935.60964750
-117935.60964750
-117935.60964750
-117935.60964750
-117935.60964750
-117935.60964750
-117935.60964750
-117935.60964750
-117935.60964750
-117935.60964750
-117935.60964750
-117935.60964750
-117935.60964750
-117935.60964750
-117935.60964750
-117935.60964750
-117935.60964750
-117935.60964750
-117935.60964750
-117935.60964750
-117935.60964750
-117935.60964750
-117935.60964750
-117935.60964750
-117935.60964750
-117935.60964750
-117935.60964750
-117935.60964750
-117935.60964750
-117935.60964750
-117935.60964750
-117935.60964750
-117935.60964750
-117935.60964750
-117935.60964750
-117935.60964750
-117935.60964750
-117935.60964750
-117935.60964750
-117935.60964750
-117935.60964750
-117935.60964750
-117935.60964750
-117935.60964750
-117935.60964750
-117935.60964750
-117935.60964750
-117935.60964750
-117935.60964750
-117935.60964750
-117935.60964750
-117935.60964750
-117935.60964750
-117935.60964750
-117935.60964750
-117935.60964750
-117935.60964750
-117935.60964750
-117935.60964750
-117935.60964750
-117935.60964750
-117935.60964750
-117935.60964750
-117935.60964750
-117935.60964750
-117935.60964750
-117935.60964750
-117935.60964750
-117935.60964750
-117935.60964750
-117935.60964750
-117935.60964750
-117935.60964750
-117935.60964750
-117935.60964750
-117935.60964750
-117935.60964750
-117935.60964750
-117935.60964750
-117935.60964750
-117935.60964750
-117935.60964750
-117935.60964750
-117935.60964750
-117935.60964750
-117935.60964750
-117935.60964750
-117935.60964750
-117935.60964750
-117935.60964750
-117935.60964750
-117935.60964750
-117935.60964750
-117935.60964750
-117935.60964750
-117935.60964750
-117935.60964750
-117935.60964750
-117935.60964750
-117935.60964750
-117935.60964750
-117935.60964750
-117935.60964750
-117935.60964750
-117935.60964750
-117935.60964750
-117935.60964750
-117935.60964750
-117935.60964750
-117935.60964750
-117935.60964750
-117935.60964750
-117935.60964750
-117935.60964750
-117935.60964750
-117935.60964750
-117935.60964750
-117935.60964750
-117935.60964750
-117935.60964750
-117935.60964750
-117935.60964750
-117935.60964750
-117935.60964750
-117935.60964750
-117935.60964750
-117935.60964750
-117935.60964750
-117935.60964750
-117935.60964750
-117935.60964750
-117935.60964750
-117935.60964750
-117935.60964750
-117935.60964750
-117935.60964750
-117935.60964750
-117935.60964750
-117935.60964750
-117935.60964750
-117935.60964750
-117935.60964750
-117935.60964750
-117935.60964750
-117935.60964750
-117935.60964750
-117935.60964750
-117935.60964750
-117935.60964750
-117935.60964750
-117935.60964750
-117935.60964750
-117935.60964750
-117935.60964750
-117935.60964750
-117935.60964750
-117935.60964750
-117935.60964750
0.00459949
-0.01438814
0.01297292
0.04906121
0.02087460
0.01061420
-0.17890832
0.03950843
-0.00554297
0.08161144
-0.04858947
0.07937067
0.03148881
0.03585243
-0.01568544
0.01332672
-0.00672233
-0.25863279
0.06462871
0.03455513
0.04233888
0.08349841
-0.15414184
0.00837343
0.05130199
-0.15909514
0.12949330
0.01780828
-0.21428900
0.08007828
0.04528727
-0.12395033
-0.04410792
0.09352294
-0.01049627
0.02842248
-0.02606377
0.06958201
0.09776862
0.06899233
-0.00613265
0.07630434
-0.18657413
0.04233888
0.06132652
0.06899233
0.03408339
-0.05578354
0.11251057
-0.09658926
0.11333612
-0.12607317
-0.05531180
0.09788656
0.03313991
0.04056985
0.07571466
0.03266816
0.08113970
0.02252570
0.07087930
0.03573449
0.05943955
0.02464854
0.08809790
0.02936597
0.05826019
0.08786203
0.07111517
0.06156239
0.01757241
0.06639775
0.01309085
0.04953296
-0.07724782
0.01592131
0.07571466
0.07807337
0.06627981
0.00908104
-0.01085008
0.07996034
0.03691385
0.11156709
-0.01816208
-117935.60964750
-117935.60964750
-117935.60964750
-117935.60964750
-117935.60964750
-117935.60964750
-117935.60964750
-117935.60964750
-117935.60964750
-117935.60964750
-117935.60964750
-117935.60964750
-117935.60964750
-117935.60964750
-117935.60964750
-117935.60964750
-117935.60964750
-117935.60964750
-117935.60964750
-117935.60964750
-117935.60964750
-117935.60964750
-117935.60964750
-117935.60964750
-117935.60964750
-117935.60964750
-117935.60964750
-117935.60964750
-117935.60964750
-117935.60964750
-117935.60964750
-117935.60964750
-117935.60964750
-117935.60964750
-117935.60964750
-117935.60964750
-117935.60964750
-117935.60964750
-117935.60964750
-117935.60964750
-117935.60964750
-117935.60964750
-117935.60964750
-117935.60964750
-117935.60964750
-117935.60964750
-117935.60964750
-117935.60964750
-117935.60964750
-117935.60964750
-117935.60964750
-117935.60964750
-117935.60964750
-117935.60964750
-117935.60964750
-117935.60964750
-117935.60964750
-117935.60964750
-117935.60964750
-117935.60964750
-117935.60964750
-117935.60964750
-117935.60964750
-117935.60964750
-117935.60964750
-117935.60964750
-117935.60964750
-117935.60964750
-117935.60964750
-117935.60964750
-117935.60964750
-117935.60964750
-117935.60964750
-117935.60964750
-117935.60964750
-117935.60964750
-117935.60964750
-117935.60964750
-117935.60964750
-117935.60964750
-117935.60964750
-117935.60964750
-117935.60964750
-117935.60964750
-117935.60964750
-117935.60964750
-117935.60964750
-117935.60964750
-117935.60964750
-117935.60964750
-117935.60964750
-117935.60964750
-117935.60964750
-117935.60964750
-117935.60964750
-117935.60964750
-117935.60964750
-117935.60964750
-117935.60964750
-117935.60964750
-117935.60964750
-117935.60964750
-117935.60964750
-117935.60964750
-117935.60964750
-117935.60964750
-117935.60964750
-117935.60964750
-117935.60964750
-117935.60964750
-117935.60964750
-117935.60964750
-117935.60964750
-117935.60964750
-117935.60964750
-117935.60964750
-117935.60964750
-117935.60964750
-117935.60964750
-117935.60964750
-117935.60964750
-117935.60964750
-117935.60964750
-117935.60964750
-117935.60964750
-117935.60964750
-117935.60964750
-117935.60964750
-117935.60964750
-117935.60964750
-117935.60964750
-117935.60964750
-117935.60964750
-117935.60964750
-117935.60964750
-117935.60964750
-117935.60964750
-117935.60964750
-117935.60964750
-117935.60964750
-117935.60964750
-117935.60964750
-117935.60964750
-117935.60964750
-117935.60964750
-117935.60964750
-117935.60964750
-117935.60964750
-117935.60964750
-117935.60964750
-117935.60964750
-117935.60964750
-117935.60964750
-117935.60964750
-117935.60964750
-117935.60964750
-117935.60964750
-117935.60964750
-117935.60964750
-117935.60964750
-117935.60964750
-117935.60964750
-117935.60964750
-117935.60964750
-117935.60964750
-117935.60964750
-117935.60964750
-117935.60964750
-117935.60964750
-117935.60964750
-117935.60964750
0.00412775
0.06309555
0.09081042
0.11711006
0.10272192
0.07406356
-0.03349371
0.11923290
0.10366540
0.15614675
0.09092836
0.13279550
0.08809790
0.10236811
0.09375881
0.11946877
0.11746387
-0.04233888
0.14223035
0.12630904
0.14175860
0.14895267
-0.01556750
0.11486928
0.11557690
0.00070761
0.17619580
0.15697230
0.00412775
0.17029902
0.14942442
0.00141523
0.06934614
0.16110004
0.12336065
0.16204353
0.10673173
0.14069718
0.17454470
0.18539478
0.14199447
0.20945364
0.05071231
0.16558160
0.17961593
0.18763555
0.19117362
0.13149820
0.21582217
0.05837813
0.21322758
0.07170485
0.12595523
0.22832334
0.16876586
0.14553254
0.20166989
0.16994521
0.22183688
0.19247091
0.17678548
0.16569953
0.21075093
0.18315400
0.23480980
0.20096228
0.18327194
0.24117832
0.22561082
0.20497209
0.19270679
0.22018578
0.18928665
0.23127173
0.19978292
0.14883474
0.21723739
0.20957158
0.22207275
0.13444659
0.17537025
0.22042165
0.14989616
0.26618067
0.21594010
0.21145855
-117935.60964750
-117935.60964750
-117935.60964750
-117935.60964750
-117935.60964750
-117935.60964750
-117935.60964750
-117935.60964750
-117935.60964750
-117935.60964750
-117935.60964750
-117935.60964750
-117935.60964750
-117935.60964750
-117935.60964750
-117935.60964750
-117935.60964750
-117935.60964750
-117935.60964750
-117935.60964750
-117935.60964750
-117935.60964750
-117935.60964750
-117935.60964750
-117935.60964750
-117935.60964750
-117935.60964750
-117935.60964750
-117935.60964750
-117935.60964750
-117935.60964750
-117935.60964750
-117935.60964750
-117935.60964750
-117935.60964750
-117935.60964750
-117935.60964750
-117935.60964750
-117935.60964750
-117935.60964750
-117935.60964750
-117935.60964750
-117935.60964750
-117935.60964750
-117935.60964750
-117935.60964750
-117935.60964750
-117935.60964750
-117935.60964750
-117935.60964750
-117935.60964750
-117935.60964750
-117935.60964750
-117935.60964750
-117935.60964750
-117935.60964750
-117935.60964750
-117935.60964750
-117935.60964750
-117935.60964750
-117935.60964750
-117935.60964750
-117935.60964750
-117935.60964750
-117935.60964750
-117935.60964750
-117935.60964750
-117935.60964750
-117935.60964750
-117935.60964750
-117935.60964750
-117935.60964750
-117935.60964750
-117935.60964750
-117935.60964750
-117935.60964750
-117935.60964750
-117935.60964750
-117935.60964750
-117935.60964750
-117935.60964750
-117935.60964750
-117935.60964750
-117935.60964750
-117935.60964750
-117935.60964750
-117935.60964750
-117935.60964750
-117935.60964750
-117935.60964750
-117935.60964750
-117935.60964750
-117935.60964750
-117935.60964750
-117935.60964750
-117935.60964750
-117935.60964750
-117935.60964750
-117935.60964750
-117935.60964750
-117935.60964750
-117935.60964750
-117935.60964750
-117935.60964750
-117935.60964750
-117935.60964750
-117935.60964750
-117935.60964750
-117935.60964750
-117935.60964750
-117935.60964750
-117935.60964750
-117935.60964750
-117935.60964750
-117935.60964750
-117935.60964750
-117935.60964750
-117935.60964750
-117935.60964750
-117935.60964750
-117935.60964750
-117935.60964750
-117935.60964750
-117935.60964750
-117935.60964750
-117935.60964750
-117935.60964750
-117935.60964750
-117935.60964750
-117935.60964750
-117935.60964750
-117935.60964750
-117935.60964750
-117935.60964750
-117935.60964750
-117935.60964750
-117935.60964750
-117935.60964750
-117935.60964750
-117935.60964750
-117935.60964750
-117935.60964750
-117935.60964750
-117935.60964750
-117935.60964750
-117935.60964750
-117935.60964750
-117935.60964750
-117935.60964750
-117935.60964750
-117935.60964750
-117935.60964750
-117935.60964750
-117935.60964750
-117935.60964750
-117935.60964750
-117935.60964750
-117935.60964750
-117935.60964750
-117935.60964750
-117935.60964750
-117935.60964750
-117935.60964750
-117935.60964750
-117935.60964750
-117935.60964750
-117935.60964750
-117935.60964750
-117935.60964750
-117935.60964750
0.00035381
-0.00507123
0.03278610
0.03467307
-0.00129729
-0.00247665
-0.12465794
0.00436362
-0.00070761
0.03726765
-0.04623076
0.05330690
0.01167563
0.00271252
-0.04021604
-0.00896311
-0.01391640
-0.11970464
0.05826019
-0.00318426
0.00978866
0.03302197
-0.09505610
-0.02429474
0.02453061
-0.08880551
0.05731671
-0.01509576
-0.11133122
0.03101707
-0.00188697
-0.12076606
-0.05767051
0.05448625
-0.01379847
0.01698273
-0.02052080
0.06911027
0.06168032
0.03431926
-0.00636852
0.04870741
-0.12288891
0.02747900
0.02641758
-0.00094348
-0.03042739
-0.08904139
0.04033398
-0.10614205
0.05401451
-0.11687419
-0.06344936
0.03361165
-0.01886970
0.01497782
0.01120388
-0.03337578
0.03738559
0.01556750
0.08279080
0.03361165
0.00224078
-0.02535616
0.01710066
-0.01462402
0.03007358
0.03797527
0.02948390
0.02677138
-0.02417680
0.03502688
-0.02688932
-0.00235871
-0.17466264
-0.00601472
0.02618171
0.04328237
0.01332672
0.00106142
-0.13727705
0.01886970
0.01698273
0.04882534
-0.05283515
0.05153786
0.02158222
-117935.60964750
-117935.60964750
-117935.60964750
-117935.60964750
-117935.60964750
-117935.60964750
-117935.60964750
-117935.60964750
-117935.60964750
-117935.60964750
-117935.60964750
-117935.60964750
-117935.60964750
-117935.60964750
-117935.60964750
-117935.60964750
-117935.60964750
-117935.60964750
-117935.60964750
-117935.60964750
-117935.60964750
-117935.60964750
-117935.60964750
-117935.60964750
-117935.60964750
-117935.60964750
-117935.60964750
-117935.60964750
-117935.60964750
-117935.60964750
-117935.60964750
-117935.60964750
-117935.60964750
-117935.60964750
-117935.60964750
-117935.60964750
-117935.60964750
-117935.60964750
-117935.60964750
-117935.60964750
-117935.60964750
-117935.60964750
-117935.60964750
-117935.60964750
-117935.60964750
-117935.60964750
-117935.60964750
-117935.60964750
-117935.60964750
-117935.60964750
-117935.60964750
-117935.60964750
-117935.60964750
-117935.60964750
-117935.60964750
-117935.60964750
-117935.60964750
-117935.60964750
-117935.60964750
-117935.60964750
-117935.60964750
-117935.60964750
-117935.60964750
-117935.60964750
-117935.60964750
-117935.60964750
-117935.60964750
-117935.60964750
-117935.60964750
-117935.60964750
-117935.60964750
-117935.60964750
-117935.60964750
-117935.60964750
-117935.60964750
-117935.60964750
-117935.60964750
-117935.60964750
-117935.60964750
-117935.60964750
-117935.60964750
-117935.60964750
-117935.60964750
-117935.60964750
-117935.60964750
-117935.60964750
-117935.60964750
-117935.60964750
-117935.60964750
-117935.60964750
-117935.60964750
-117935.60964750
-117935.60964750
-117935.60964750
-117935.60964750
-117935.60964750
-117935.60964750
-117935.60964750
-117935.60964750
-117935.60964750
-117935.60964750
-117935.60964750
-117935.60964750
-117935.60964750
-117935.60964750
-117935.60964750
-117935.60964750
-117935.60964750
-117935.60964750
-117935.60964750
-117935.60964750
-117935.60964750
-117935.60964750
-117935.60964750
-117935.60964750
-117935.60964750
-117935.60964750
-117935.60964750
-117935.60964750
-117935.60964750
-117935.60964750
-117935.60964750
-117935.60964750
-117935.60964750
-117935.60964750
-117935.60964750
-117935.60964750
-117935.60964750
-117935.60964750
-117935.60964750
-117935.60964750
-117935.60964750
-117935.60964750
-117935.60964750
-117935.60964750
-117935.60964750
-117935.60964750
-117935.60964750
-117935.60964750
-117935.60964750
-117935.60964750
-117935.60964750
-117935.60964750
-117935.60964750
-117935.60964750
-117935.60964750
-117935.60964750
-117935.60964750
-117935.60964750
-117935.60964750
-117935.60964750
-117935.60964750
-117935.60964750
-117935.60964750
-117935.60964750
-117935.60964750
-117935.60964750
-117935.60964750
-117935.60964750
-117935.60964750
-117935.60964750
-117935.60964750
-117935.60964750
-117935.60964750
-117935.60964750
-117935.60964750
-117935.60964750
-117935.60964750
-117935.60964750
0.00141523
-0.00294839
0.04045191
0.04823566
0.01320879
0.00271252
-0.12359652
0.02205396
0.01191150
0.05884987
-0.04068779
0.06734123
0.01167563
-0.00129729
-0.04092366
0.00790169
0.00342013
-0.10567031
0.08031415
0.01132182
0.02205396
0.05106612
-0.12548349
-0.01533163
0.02441267
-0.09753275
0.07748370
-0.00153316
-0.11050567
0.04481553
0.00672233
-0.13397485
-0.06368523
0.06474665
-0.01403434
0.02193602
-0.02299744
0.07595053
0.07064343
0.04717424
0.00330220
0.06604394
-0.11321819
0.03832907
0.03703178
0.00955278
-0.02323332
-0.09647133
0.06026510
-0.09788656
0.07429943
-0.09765068
-0.04976883
0.05177373
-0.01214737
0.01533163
0.01686479
-0.03632417
0.04552315
0.02382299
0.09564578
0.04292856
0.01096801
-0.01886970
0.02629964
-0.01026040
0.03738559
0.05047644
0.04233888
0.03856494
-0.01438814
0.05130199
-0.01485989
0.01769034
-0.14777332
0.01014246
0.04917915
0.06380316
0.03042739
0.00377394
-0.15225487
0.03632417
0.02063873
0.07406356
-0.03620623
0.07017169
0.03219642
0.00200491
-117935.60964750
-117935.60964750
-117935.60964750
-117935.60964750
-117935.60964750
-117935.60964750
-117935.60964750
-117935.60964750
-117935.60964750
-117935.60964750
-117935.60964750
-117935.60964750
-117935.60964750
-117935.60964750
-117935.60964750
-117935.60964750
-117935.60964750
-117935.60964750
-117935.60964750
-117935.60964750
-117935.60964750
-117935.60964750
-117935.60964750
-117935.60964750
-117935.60964750
-117935.60964750
-117935.60964750
-117935.60964750
-117935.60964750
-117935.60964750
-117935.60964750
-117935.60964750
-117935.60964750
-117935.60964750
-117935.60964750
-117935.60964750
-117935.60964750
-117935.60964750
-117935.60964750
-117935.60964750
-117935.60964750
-117935.60964750
-117935.60964750
-117935.60964750
-117935.60964750
-117935.60964750
-117935.60964750
-117935.60964750
-117935.60964750
-117935.60964750
-117935.60964750
-117935.60964750
-117935.60964750
-117935.60964750
-117935.60964750
-117935.60964750
-117935.60964750
-117935.60964750
-117935.60964750
-117935.60964750
-117935.60964750
-117935.60964750
-117935.60964750
-117935.60964750
-117935.60964750
-117935.60964750
-117935.60964750
-117935.60964750
-117935.60964750
-117935.60964750
-117935.60964750
-117935.60964750
-117935.60964750
-117935.60964750
-117935.60964750
-117935.60964750
-117935.60964750
-117935.60964750
-117935.60964750
-117935.60964750
-117935.60964750
-117935.60964750
-117935.60964750
-117935.60964750
-117935.60964750
-117935.60964750
-117935.60964750
-117935.60964750
-117935.60964750
-117935.60964750
-117935.60964750
-117935.60964750
-117935.60964750
-117935.60964750
-117935.60964750
-117935.60964750
-117935.60964750
-117935.60964750
-117935.60964750
-117935.60964750
-117935.60964750
-117935.60964750
-117935.60964750
-117935.60964750
-117935.60964750
-117935.60964750
-117935.60964750
-117935.60964750
-117935.60964750
-117935.60964750
-117935.60964750
-117935.60964750
-117935.60964750
-117935.60964750
-117935.60964750
-117935.60964750
-117935.60964750
-117935.60964750
-117935.60964750
-117935.60964750
-117935.60964750
-117935.60964750
-117935.60964750
-117935.60964750
-117935.60964750
-117935.60964750
-117935.60964750
-117935.60964750
-117935.60964750
-117935.60964750
-117935.60964750
-117935.60964750
-117935.60964750
-117935.60964750
-117935.60964750
-117935.60964750
-117935.60964750
-117935.60964750
-117935.60964750
-117935.60964750
-117935.60964750
-117935.60964750
-117935.60964750
-117935.60964750
-117935.60964750
-117935.60964750
-117935.60964750
-117935.60964750
-117935.60964750
-117935.60964750
-117935.60964750
-117935.60964750
-117935.60964750
-117935.60964750
-117935.60964750
-117935.60964750
-117935.60964750
-117935.60964750
-117935.60964750
-117935.60964750
-117935.60964750
-117935.60964750
-117935.60964750
-117935.60964750
-117935.60964750
-117935.60964750
-117935.60964750
-117935.60964750
0.00507123
0.06344936
0.12253510
0.17171425
0.12324271
0.08573919
-0.19400408
0.15791578
0.11593070
0.23905548
0.09635339
0.23716851
0.14765538
0.16746857
0.10012733
0.15555707
0.14741951
-0.22254450
0.23799406
0.16900173
0.19494756
0.22690811
-0.18975840
0.12501175
0.18798936
-0.17831864
0.28799876
0.19742421
-0.16157179
0.27655900
0.22584669
-0.09694307
0.03231436
0.27632313
0.15862339
0.24188594
0.11793561
0.23528154
0.31406253
0.28729115
0.17242186
0.34838179
-0.09941972
0.29177270
0.31960550
0.29542870
0.27125190
0.13456453
0.37821950
-0.07689402
0.39968378
-0.08102176
0.08420603
0.39638158
0.27773836
0.29283412
0.36359548
0.24790065
0.34201327
0.30875543
0.37303033
0.33588062
0.35817045
0.28446069
0.39119242
0.32054899
0.34578721
0.43718730
0.37951679
0.37857331
0.31724679
0.42185568
0.28375308
0.41619477
0.17301154
0.27254919
0.39555603
0.40333978
0.39708920
0.26016595
0.14317383
0.40039139
0.28245579
0.50535409
0.33623442
0.42303503
0.23551741
0.28292753
0.32125660
-117935.60964750
-117935.60964750
-117935.60964750
-117935.60964750
-117935.60964750
-117935.60964750
-117935.60964750
-117935.60964750
-117935.60964750
-117935.60964750
-117935.60964750
-117935.60964750
-117935.60964750
-117935.60964750
-117935.60964750
-117935.60964750
-117935.60964750
-117935.60964750
-117935.60964750
-117935.60964750
-117935.60964750
-117935.60964750
-117935.60964750
-117935.60964750
-117935.60964750
-117935.60964750
-117935.60964750
-117935.60964750
-117935.60964750
-117935.60964750
-117935.60964750
-117935.60964750
-117935.60964750
-117935.60964750
-117935.60964750
-117935.60964750
-117935.60964750
-117935.60964750
-117935.60964750
-117935.60964750
-117935.60964750
-117935.60964750
-117935.60964750
-117935.60964750
-117935.60964750
-117935.60964750
-117935.60964750
-117935.60964750
-117935.60964750
-117935.60964750
-117935.60964750
-117935.60964750
-117935.60964750
-117935.60964750
-117935.60964750
-117935.60964750
-117935.60964750
-117935.60964750
-117935.60964750
-117935.60964750
-117935.60964750
-117935.60964750
-117935.60964750
-117935.60964750
-117935.60964750
-117935.60964750
-117935.60964750
-117935.60964750
-117935.60964750
-117935.60964750
-117935.60964750
-117935.60964750
-117935.60964750
-117935.60964750
-117935.60964750
-117935.60964750
-117935.60964750
-117935.60964750
-117935.60964750
-117935.60964750
-117935.60964750
-117935.60964750
-117935.60964750
-117935.60964750
-117935.60964750
-117935.60964750
-117935.60964750
-117935.60964750
-117935.60964750
-117935.60964750
-117935.60964750
-117935.60964750
-117935.60964750
-117935.60964750
-117935.60964750
-117935.60964750
-117935.60964750
-117935.60964750
-117935.60964750
-117935.60964750
-117935.60964750
-117935.60964750
-117935.60964750
-117935.60964750
-117935.60964750
-117935.60964750
-117935.60964750
-117935.60964750
-117935.60964750
-117935.60964750
-117935.60964750
-117935.60964750
-117935.60964750
-117935.60964750
-117935.60964750
-117935.60964750
-117935.60964750
-117935.60964750
-117935.60964750
-117935.60964750
-117935.60964750
-117935.60964750
-117935.60964750
-117935.60964750
-117935.60964750
-117935.60964750
-117935.60964750
-117935.60964750
-117935.60964750
-117935.60964750
-117935.60964750
-117935.60964750
-117935.60964750
-117935.60964750
-117935.60964750
-117935.60964750
-117935.60964750
-117935.60964750
-117935.60964750
-117935.60964750
-117935.60964750
-117935.60964750
-117935.60964750
-117935.60964750
-117935.60964750
-117935.60964750
-117935.60964750
-117935.60964750
-117935.60964750
-117935.60964750
-117935.60964750
-117935.60964750
-117935.60964750
-117935.60964750
-117935.60964750
-117935.60964750
-117935.60964750
-117935.60964750
-117935.60964750
-117935.60964750
-117935.60964750
-117935.60964750
-117935.60964750
-117935.60964750
-117935.60964750
-117935.60964750
-117935.60964750
0.00165110
-0.04847154
-0.02287951
0.00165110
-0.02311538
-0.02759693
-0.19188124
0.00400981
-0.03679591
0.03785733
-0.06262381
0.04693837
0.01273705
-0.00318426
-0.06333142
-0.02653551
-0.04528727
-0.24306529
0.03443720
-0.00648646
-0.00742994
0.03479100
-0.22089340
-0.03325784
0.00082555
-0.18846110
0.07795544
-0.02570996
-0.19836770
0.03561655
-0.00058968
-0.14718364
-0.08904139
0.04163127
-0.05967542
-0.03172468
-0.07453531
0.00860930
0.03785733
-0.00330220
-0.07453531
0.01061420
-0.18798936
0.00990659
0.01686479
0.00943485
-0.03526275
-0.12772427
0.04976883
-0.14647603
0.05024057
-0.13987163
-0.08385222
0.03066326
-0.02464854
-0.00625059
0.00318426
-0.04693837
0.00035381
-0.03467307
0.02570996
-0.00365600
0.00106142
-0.02736106
0.02323332
-0.03243229
0.00412775
0.02311538
0.01202943
0.00106142
-0.04941502
-0.01120388
-0.06344936
-0.02771487
-0.13232375
-0.03302197
0.01143975
0.00247665
-0.02146428
-0.04976883
-0.10413714
0.00011794
-0.04233888
0.02653551
-0.06663362
0.02771487
-0.03066326
-0.02759693
-0.04752805
-0.02311538
-117935.60964750
-117935.60964750
-117935.60964750
-117935.60964750
-117935.60964750
-117935.60964750
-117935.60964750
-117935.60964750
-117935.60964750
-117935.60964750
-117935.60964750
-117935.60964750
-117935.60964750
-117935.60964750
-117935.60964750
-117935.60964750
-117935.60964750
-117935.60964750
-117935.60964750
-117935.60964750
-117935.60964750
-117935.60964750
-117935.60964750
-117935.60964750
-117935.60964750
-117935.60964750
-117935.60964750
-117935.60964750
-117935.60964750
-117935.60964750
-117935.60964750
-117935.60964750
-117935.60964750
-117935.60964750
-117935.60964750
-117935.60964750
-117935.60964750
-117935.60964750
-117935.60964750
-117935.60964750
-117935.60964750
-117935.60964750
-117935.60964750
-117935.60964750
-117935.60964750
-117935.60964750
-117935.60964750
-117935.60964750
-117935.60964750
-117935.60964750
-117935.60964750
-117935.60964750
-117935.60964750
-117935.60964750
-117935.60964750
-117935.60964750
-117935.60964750
-117935.60964750
-117935.60964750
-117935.60964750
-117935.60964750
-117935.60964750
-117935.60964750
-117935.60964750
-117935.60964750
-117935.60964750
-117935.60964750
-117935.60964750
-117935.60964750
-117935.60964750
-117935.60964750
-117935.60964750
-117935.60964750
-117935.60964750
-117935.60964750
-117935.60964750
-117935.60964750
-117935.60964750
-117935.60964750
-117935.60964750
-117935.60964750
-117935.60964750
-117935.60964750
-117935.60964750
-117935.60964750
-117935.60964750
-117935.60964750
-117935.60964750
-117935.60964750
-117935.60964750
-117935.60964750
-117935.60964750
-117935.60964750
-117935.60964750
-117935.60964750
-117935.60964750
-117935.60964750
-117935.60964750
-117935.60964750
-117935.60964750
-117935.60964750
-117935.60964750
-117935.60964750
-117935.60964750
-117935.60964750
-117935.60964750
-117935.60964750
-117935.60964750
-117935.60964750
-117935.60964750
-117935.60964750
-117935.60964750
-117935.60964750
-117935.60964750
-117935.60964750
-117935.60964750
-117935.60964750
-117935.60964750
-117935.60964750
-117935.60964750
-117935.60964750
-117935.60964750
-117935.60964750
-117935.60964750
-117935.60964750
-117935.60964750
-117935.60964750
-117935.60964750
-117935.60964750
-117935.60964750
-117935.60964750
-117935.60964750
-117935.60964750
-117935.60964750
-117935.60964750
-117935.60964750
-117935.60964750
-117935.60964750
-117935.60964750
-117935.60964750
-117935.60964750
-117935.60964750
-117935.60964750
-117935.60964750
-117935.60964750
-117935.60964750
-117935.60964750
-117935.60964750
-117935.60964750
-117935.60964750
-117935.60964750
-117935.60964750
-117935.60964750
-117935.60964750
-117935.60964750
-117935.60964750
-117935.60964750
-117935.60964750
-117935.60964750
-117935.60964750
-117935.60964750
-117935.60964750
-117935.60964750
-117935.60964750
-117935.60964750
-117935.60964750
0.00106142
-0.08467777
-0.05318896
-0.03007358
-0.06899233
-0.07205866
-0.28115849
-0.03290404
-0.07465324
0.00495330
-0.12100194
0.02276157
-0.01320879
-0.03891875
-0.11923290
-0.08550332
-0.11522309
-0.36088297
-0.00471742
-0.05932161
-0.05224548
-0.00271252
-0.27431823
-0.08880551
-0.03962636
-0.26346815
0.05436832
-0.07689402
-0.24636749
-0.00306633
-0.05236341
-0.21959611
-0.14765538
0.01226530
-0.11793561
-0.09316913
-0.14541461
-0.02476648
0.00259458
-0.04422585
-0.12642697
-0.03750352
-0.26853938
-0.03667797
-0.03113500
-0.04457966
-0.10519856
-0.22242656
-0.00235871
-0.26158118
-0.00141523
-0.22348798
-0.14529667
-0.02358712
-0.08892345
-0.05484006
-0.06274174
-0.12206336
-0.06321349
-0.10378334
-0.01415227
-0.06403904
-0.07099724
-0.10484476
-0.04163127
-0.10791108
-0.05083025
-0.04858947
-0.07028962
-0.07300214
-0.13574389
-0.08243699
-0.14812713
-0.12524762
-0.30297658
-0.11038773
-0.06698743
-0.06722330
-0.10732140
-0.11746387
-0.24813652
-0.08184731
-0.11486928
-0.05012263
-0.16334082
-0.02747900
-0.07559673
-0.08385222
-0.13385692
-0.12406826
-0.15390597
-117935.60964750
-117935.60964750
-117935.60964750
-117935.60964750
-117935.60964750
-117935.60964750
-117935.60964750
-117935.60964750
-117935.60964750
-117935.60964750
-117935.60964750
-117935.60964750
-117935.60964750
-117935.60964750
-117935.60964750
-117935.60964750
-117935.60964750
-117935.60964750
-117935.60964750
-117935.60964750
-117935.60964750
-117935.60964750
-117935.60964750
-117935.60964750
-117935.60964750
-117935.60964750
-117935.60964750
-117935.60964750
-117935.60964750
-117935.60964750
-117935.60964750
-117935.60964750
-117935.60964750
-117935.60964750
-117935.60964750
-117935.60964750
-117935.60964750
-117935.60964750
-117935.60964750
-117935.60964750
-117935.60964750
-117935.60964750
-117935.60964750
-117935.60964750
-117935.60964750
-117935.60964750
-117935.60964750
-117935.60964750
-117935.60964750
-117935.60964750
-117935.60964750
-117935.60964750
-117935.60964750
-117935.60964750
-117935.60964750
-117935.60964750
-117935.60964750
-117935.60964750
-117935.60964750
-117935.60964750
-117935.60964750
-117935.60964750
-117935.60964750
-117935.60964750
-117935.60964750
-117935.60964750
-117935.60964750
-117935.60964750
-117935.60964750
-117935.60964750
-117935.60964750
-117935.60964750
-117935.60964750
-117935.60964750
-117935.60964750
-117935.60964750
-117935.60964750
-117935.60964750
-117935.60964750
-117935.60964750
-117935.60964750
-117935.60964750
-117935.60964750
-117935.60964750
-117935.60964750
-117935.60964750
-117935.60964750
-117935.60964750
-117935.60964750
-117935.60964750
-117935.60964750
-117935.60964750
-117935.60964750
-117935.60964750
-117935.60964750
-117935.60964750
-117935.60964750
-117935.60964750
-117935.60964750
-117935.60964750
-117935.60964750
-117935.60964750
-117935.60964750
-117935.60964750
-117935.60964750
-117935.60964750
-117935.60964750
-117935.60964750
-117935.60964750
-117935.60964750
-117935.60964750
-117935.60964750
-117935.60964750
-117935.60964750
-117935.60964750
-117935.60964750
-117935.60964750
-117935.60964750
-117935.60964750
-117935.60964750
-117935.60964750
-117935.60964750
-117935.60964750
-117935.60964750
-117935.60964750
-117935.60964750
-117935.60964750
-117935.60964750
-117935.60964750
-117935.60964750
-117935.60964750
-117935.60964750
-117935.60964750
-117935.60964750
-117935.60964750
-117935.60964750
-117935.60964750
-117935.60964750
-117935.60964750
-117935.60964750
-117935.60964750
-117935.60964750
-117935.60964750
-117935.60964750
-117935.60964750
-117935.60964750
-117935.60964750
-117935.60964750
-117935.60964750
-117935.60964750
-117935.60964750
-117935.60964750
-117935.60964750
-117935.60964750
-117935.60964750
-117935.60964750
-117935.60964750
-117935.60964750
-117935.60964750
-117935.60964750
-117935.60964750
-117935.60964750
-117935.60964750
-117935.60964750
-117935.60964750
0.02983771
0.79547569
0.93947507
1.05811829
1.00516520
0.81870900
0.33340397
0.97308672
0.89418779
1.22617653
1.10163653
1.08559729
0.81222254
1.02639361
1.12050623
1.31722282
1.42619533
0.89348018
1.32028915
1.29552267
1.35755680
1.26615671
0.36630800
1.14786729
1.10281589
0.51337371
1.28337530
1.44895690
0.43671556
1.46322711
1.46853421
0.62989409
0.97839382
1.38550754
1.50521219
1.81208064
1.51771336
1.36651991
1.60180145
1.60887759
1.39340923
1.86467992
0.75431616
1.58776711
1.74615464
1.75028238
1.92753960
1.80936812
1.92801135
1.15175916
2.01021247
1.00823153
1.31167985
2.10762728
1.81219858
1.64602730
2.09347501
1.84498468
2.04500347
2.04689044
1.86220328
1.96657629
2.18794143
1.99429116
2.19489963
2.13864435
1.95525447
2.44362583
2.30941511
2.29514490
2.27332681
2.44834326
2.09241359
2.65708929
2.36354755
1.85736792
2.29644219
2.29986232
2.46898199
1.85512714
2.13392692
2.28287960
1.89746602
2.62984616
2.36802911
2.10503270
1.44919277
1.72292132
2.18640827
2.91383511
2.98601170
3.77346777
-117935.60964750
-117935.60964750
-117935.60964750
-117935.60964750
-117935.60964750
-117935.60964750
-117935.60964750
-117935.60964750
-117935.60964750
-117935.60964750
-117935.60964750
-117935.60964750
-117935.60964750
-117935.60964750
-117935.60964750
-117935.60964750
-117935.60964750
-117935.60964750
-117935.60964750
-117935.60964750
-117935.60964750
-117935.60964750
-117935.60964750
-117935.60964750
-117935.60964750
-117935.60964750
-117935.60964750
-117935.60964750
-117935.60964750
-117935.60964750
-117935.60964750
-117935.60964750
-117935.60964750
-117935.60964750
-117935.60964750
-117935.60964750
-117935.60964750
-117935.60964750
-117935.60964750
-117935.60964750
-117935.60964750
-117935.60964750
-117935.60964750
-117935.60964750
-117935.60964750
-117935.60964750
-117935.60964750
-117935.60964750
-117935.60964750
-117935.60964750
-117935.60964750
-117935.60964750
-117935.60964750
-117935.60964750
-117935.60964750
-117935.60964750
-117935.60964750
-117935.60964750
-117935.60964750
-117935.60964750
-117935.60964750
-117935.60964750
-117935.60964750
-117935.60964750
-117935.60964750
-117935.60964750
-117935.60964750
-117935.60964750
-117935.60964750
-117935.60964750
-117935.60964750
-117935.60964750
-117935.60964750
-117935.60964750
-117935.60964750
-117935.60964750
-117935.60964750
-117935.60964750
-117935.60964750
-117935.60964750
-117935.60964750
-117935.60964750
-117935.60964750
-117935.60964750
-117935.60964750
-117935.60964750
-117935.60964750
-117935.60964750
-117935.60964750
-117935.60964750
-117935.60964750
-117935.60964750
-117935.60964750
-117935.60964750
-117935.60964750
-117935.60964750
-117935.60964750
-117935.60964750
-117935.60964750
-117935.60964750
-117935.60964750
-117935.60964750
-117935.60964750
-117935.60964750
-117935.60964750
-117935.60964750
-117935.60964750
-117935.60964750
-117935.60964750
-117935.60964750
-117935.60964750
-117935.60964750
-117935.60964750
-117935.60964750
-117935.60964750
-117935.60964750
-117935.60964750
-117935.60964750
-117935.60964750
-117935.60964750
-117935.60964750
-117935.60964750
-117935.60964750
-117935.60964750
-117935.60964750
-117935.60964750
-117935.60964750
-117935.60964750
-117935.60964750
-117935.60964750
-117935.60964750
-117935.60964750
-117935.60964750
-117935.60964750
-117935.60964750
-117935.60964750
-117935.60964750
-117935.60964750
-117935.60964750
-117935.60964750
-117935.60964750
-117935.60964750
-117935.60964750
-117935.60964750
-117935.60964750
-117935.60964750
-117935.60964750
-117935.60964750
-117935.60964750
-117935.60964750
-117935.60964750
-117935.60964750
-117935.60964750
-117935.60964750
-117935.60964750
-117935.60964750
-117935.60964750
-117935.60964750
-117935.60964750
-117935.60964750
-117935.60964750
-117935.60964750
-117935.60964750
-117935.60964750
0.00566091
0.06545426
0.09694307
0.13727705
0.10802902
0.08231906
-0.10413714
0.13020091
0.10531650
0.18763555
0.09611752
0.16770444
0.11781767
0.13373898
0.10696760
0.13338517
0.12630904
-0.11274644
0.17077076
0.14494286
0.16852999
0.17761103
-0.04328237
0.11451548
0.13727705
-0.06863852
0.21676565
0.16970934
-0.02901216
0.20709493
0.18044148
-0.00896311
0.07382769
0.20119815
0.14576841
0.20096228
0.13232375
0.19105569
0.22679018
0.22985650
0.16440224
0.25969421
0.02087460
0.20131609
0.22525701
0.22903095
0.22796953
0.13987163
0.26653448
0.01839796
0.26476544
0.04127746
0.13491834
0.28221991
0.20343893
0.19518343
0.24589575
0.19695247
0.25238220
0.21358139
0.22289830
0.20225957
0.24589575
0.21228410
0.27384649
0.22773366
0.22325211
0.29165476
0.27160571
0.25438711
0.23068205
0.27915359
0.22844128
0.27938946
0.19329646
0.17820071
0.26476544
0.26311435
0.26889319
0.17537025
0.18244639
0.25415124
0.17442677
0.31760060
0.22384179
0.25721756
0.13586182
0.16345875
0.21075093
0.28174817
0.27030842
0.24176800
0.29743361
-117935.60964750
-117935.60964750
-117935.60964750
-117935.60964750
-117935.60964750
-117935.60964750
-117935.60964750
-117935.60964750
-117935.60964750
-117935.60964750
-117935.60964750
-117935.60964750
-117935.60964750
-117935.60964750
-117935.60964750
-117935.60964750
-117935.60964750
-117935.60964750
-117935.60964750
-117935.60964750
-117935.60964750
-117935.60964750
-117935.60964750
-117935.60964750
-117935.60964750
-117935.60964750
-117935.60964750
-117935.60964750
-117935.60964750
-117935.60964750
-117935.60964750
-117935.60964750
-117935.60964750
-117935.60964750
-117935.60964750
-117935.60964750
-117935.60964750
-117935.60964750
-117935.60964750
-117935.60964750
-117935.60964750
-117935.60964750
-117935.60964750
-117935.60964750
-117935.60964750
-117935.60964750
-117935.60964750
-117935.60964750
-117935.60964750
-117935.60964750
-117935.60964750
-117935.60964750
-117935.60964750
-117935.60964750
-117935.60964750
-117935.60964750
-117935.60964750
-117935.60964750
-117935.60964750
-117935.60964750
-117935.60964750
-117935.60964750
-117935.60964750
-117935.60964750
-117935.60964750
-117935.60964750
-117935.60964750
-117935.60964750
-117935.60964750
-117935.60964750
-117935.60964750
-117935.60964750
-117935.60964750
-117935.60964750
-117935.60964750
-117935.60964750
-117935.60964750
-117935.60964750
-117935.60964750
-117935.60964750
-117935.60964750
-117935.60964750
-117935.60964750
-117935.60964750
-117935.60964750
-117935.60964750
-117935.60964750
-117935.60964750
-117935.60964750
-117935.60964750
-117935.60964750
-117935.60964750
-117935.60964750
-117935.60964750
-117935.60964750
-117935.60964750
-117935.60964750
-117935.60964750
-117935.60964750
-117935.60964750
-117935.60964750
-117935.60964750
-117935.60964750
-117935.60964750
-117935.60964750
-117935.60964750
-117935.60964750
-117935.60964750
-117935.60964750
-117935.60964750
-117935.60964750
-117935.60964750
-117935.60964750
-117935.60964750
-117935.60964750
-117935.60964750
-117935.60964750
-117935.60964750
-117935.60964750
-117935.60964750
-117935.60964750
-117935.60964750
-117935.60964750
-117935.60964750
-117935.60964750
-117935.60964750
-117935.60964750
-117935.60964750
-117935.60964750
-117935.60964750
-117935.60964750
-117935.60964750
-117935.60964750
-117935.60964750
-117935.60964750
-117935.60964750
-117935.60964750
-117935.60964750
-117935.60964750
-117935.60964750
-117935.60964750
-117935.60964750
-117935.60964750
-117935.60964750
-117935.60964750
-117935.60964750
-117935.60964750
-117935.60964750
-117935.60964750
-117935.60964750
-117935.60964750
-117935.60964750
-117935.60964750
-117935.60964750
-117935.60964750
-117935.60964750
-117935.60964750
-117935.60964750
-117935.60964750
-117935.60964750
-117935.60964750
-117935.60964750
-117935.60964750
0.00047174
-0.10637792
-0.07264834
-0.04434379
-0.07111517
-0.08196525
-0.27714868
-0.04906121
-0.07524292
-0.01214737
-0.11227470
-0.00530710
-0.05012263
-0.07889892
-0.12465794
-0.08055002
-0.09906591
-0.32054899
-0.05094818
-0.09151803
-0.09824036
-0.02028492
-0.23233315
-0.08573919
-0.04398998
-0.26889319
0.01981318
-0.09894798
-0.25061317
-0.03148881
-0.08007828
-0.25238220
-0.16970934
-0.01662892
-0.10543444
-0.10000940
-0.15650055
-0.08845171
-0.04398998
-0.07925273
-0.12748839
-0.05330690
-0.24235768
-0.07288421
-0.07948860
-0.06887440
-0.11203883
-0.17607787
-0.01780828
-0.19848563
-0.02948390
-0.24153213
-0.16687889
-0.04917915
-0.09434849
-0.08774409
-0.09187184
-0.13987163
-0.07547879
-0.10354747
-0.03750352
-0.09010281
-0.09505610
-0.15083964
-0.06309555
-0.10319366
-0.06085477
-0.06002923
-0.09246152
-0.11368993
-0.16110004
-0.10861870
-0.14093305
-0.12878569
-0.26051976
-0.13102646
-0.10932631
-0.09788656
-0.11758180
-0.12536555
-0.21582217
-0.10012733
-0.13609769
-0.07795544
-0.15496739
-0.05330690
-0.09670720
-0.13362105
-0.17442677
-0.14046131
-0.15225487
-0.27431823
-0.10555237
-0.15402391
-117935.60964750
-117935.60964750
-117935.60964750
-117935.60964750
-117935.60964750
-117935.60964750
-117935.60964750
-117935.60964750
-117935.60964750
-117935.60964750
-117935.60964750
-117935.60964750
-117935.60964750
-117935.60964750
-117935.60964750
-117935.60964750
-117935.60964750
-117935.60964750
-117935.60964750
-117935.60964750
-117935.60964750
-117935.60964750
-117935.60964750
-117935.60964750
-117935.60964750
-117935.60964750
-117935.60964750
-117935.60964750
-117935.60964750
-117935.60964750
-117935.60964750
-117935.60964750
-117935.60964750
-117935.60964750
-117935.60964750
-117935.60964750
-117935.60964750
-117935.60964750
-117935.60964750
-117935.60964750
-117935.60964750
-117935.60964750
-117935.60964750
-117935.60964750
-117935.60964750
-117935.60964750
-117935.60964750
-117935.60964750
-117935.60964750
-117935.60964750
-117935.60964750
-117935.60964750
-117935.60964750
-117935.60964750
-117935.60964750
-117935.60964750
-117935.60964750
-117935.60964750
-117935.60964750
-117935.60964750
-117935.60964750
-117935.60964750
-117935.60964750
-117935.60964750
-117935.60964750
-117935.60964750
-117935.60964750
-117935.60964750
-117935.60964750
-117935.60964750
-117935.60964750
-117935.60964750
-117935.60964750
-117935.60964750
-117935.60964750
-117935.60964750
-117935.60964750
-117935.60964750
-117935.60964750
-117935.60964750
-117935.60964750
-117935.60964750
-117935.60964750
-117935.60964750
-117935.60964750
-117935.60964750
-117935.60964750
-117935.60964750
-117935.60964750
-117935.60964750
-117935.60964750
-117935.60964750
-117935.60964750
-117935.60964750
-117935.60964750
-117935.60964750
-117935.60964750
-117935.60964750
-117935.60964750
-117935.60964750
-117935.60964750
-117935.60964750
-117935.60964750
-117935.60964750
-117935.60964750
-117935.60964750
-117935.60964750
-117935.60964750
-117935.60964750
-117935.60964750
-117935.60964750
-117935.60964750
-117935.60964750
-117935.60964750
-117935.60964750
-117935.60964750
-117935.60964750
-117935.60964750
-117935.60964750
-117935.60964750
-117935.60964750
-117935.60964750
-117935.60964750
-117935.60964750
-117935.60964750
-117935.60964750
-117935.60964750
-117935.60964750
-117935.60964750
-117935.60964750
-117935.60964750
-117935.60964750
-117935.60964750
-117935.60964750
-117935.60964750
-117935.60964750
-117935.60964750
-117935.60964750
-117935.60964750
-117935.60964750
-117935.60964750
-117935.60964750
-117935.60964750
-117935.60964750
-117935.60964750
-117935.60964750
-117935.60964750
-117935.60964750
-117935.60964750
-117935.60964750
-117935.60964750
-117935.60964750
-117935.60964750
-117935.60964750
-117935.60964750
-117935.60964750
-117935.60964750
-117935.60964750
-117935.60964750
-117935.60964750
-117935.60964750
-117935.60964750
0.00400981
-0.02582790
0.01132182
0.05330690
0.02335125
0.00389188
-0.21936023
0.04410792
0.01285498
0.10107082
-0.00919898
0.09883004
0.03785733
0.02394093
-0.02016699
0.04540521
0.04092366
-0.19777802
0.09552784
0.04835360
0.04847154
0.10614205
-0.19565518
0.03137087
0.06557220
-0.18763555
0.14730158
0.04363618
-0.19152743
0.11050567
0.06545426
-0.17761103
-0.07382769
0.11793561
0.03172468
0.07925273
0.00601472
0.07194072
0.12064813
0.08786203
0.01615718
0.13138027
-0.14529667
0.08503157
0.09505610
0.09210771
0.06050097
-0.02795074
0.15968482
-0.08573919
0.16086417
-0.11734593
-0.02818661
0.14706571
0.07370976
0.07854512
0.10684966
0.03538068
0.10885457
0.08420603
0.14152273
0.10567031
0.11380786
0.05318896
0.14010750
0.09269739
0.12406826
0.17218599
0.13633356
0.11935084
0.06451078
0.12972917
0.05837813
0.12713459
-0.02889422
0.06120858
0.11604864
0.12571936
0.11475135
0.05448625
-0.02004905
0.11994052
0.05566561
0.17136044
0.06498252
0.14541461
0.05908574
0.05106612
0.04198508
0.12029432
0.11180296
0.03078119
0.18456923
0.13715911
0.13090853
-117935.60964750
-117935.60964750
-117935.60964750
-117935.60964750
-117935.60964750
-117935.60964750
-117935.60964750
-117935.60964750
-117935.60964750
-117935.60964750
-117935.60964750
-117935.60964750
-117935.60964750
-117935.60964750
-117935.60964750
-117935.60964750
-117935.60964750
-117935.60964750
-117935.60964750
-117935.60964750
-117935.60964750
-117935.60964750
-117935.60964750
-117935.60964750
-117935.60964750
-117935.60964750
-117935.60964750
-117935.60964750
-117935.60964750
-117935.60964750
-117935.60964750
-117935.60964750
-117935.60964750
-117935.60964750
-117935.60964750
-117935.60964750
-117935.60964750
-117935.60964750
-117935.60964750
-117935.60964750
-117935.60964750
-117935.60964750
-117935.60964750
-117935.60964750
-117935.60964750
-117935.60964750
-117935.60964750
-117935.60964750
-117935.60964750
-117935.60964750
-117935.60964750
-117935.60964750
-117935.60964750
-117935.60964750
-117935.60964750
-117935.60964750
-117935.60964750
-117935.60964750
-117935.60964750
-117935.60964750
-117935.60964750
-117935.60964750
-117935.60964750
-117935.60964750
-117935.60964750
-117935.60964750
-117935.60964750
-117935.60964750
-117935.60964750
-117935.60964750
-117935.60964750
-117935.60964750
-117935.60964750
-117935.60964750
-117935.60964750
-117935.60964750
-117935.60964750
-117935.60964750
-117935.60964750
-117935.60964750
-117935.60964750
-117935.60964750
-117935.60964750
-117935.60964750
-117935.60964750
-117935.60964750
-117935.60964750
-117935.60964750
-117935.60964750
-117935.60964750
-117935.60964750
-117935.60964750
-117935.60964750
-117935.60964750
-117935.60964750
-117935.60964750
-117935.60964750
-117935.60964750
-117935.60964750
-117935.60964750
-117935.60964750
-117935.60964750
-117935.60964750
-117935.60964750
-117935.60964750
-117935.60964750
-117935.60964750
-117935.60964750
-117935.60964750
-117935.60964750
-117935.60964750
-117935.60964750
-117935.60964750
-117935.60964750
-117935.60964750
-117935.60964750
-117935.60964750
-117935.60964750
-117935.60964750
-117935.60964750
-117935.60964750
-117935.60964750
-117935.60964750
-117935.60964750
-117935.60964750
-117935.60964750
-117935.60964750
-117935.60964750
-117935.60964750
-117935.60964750
-117935.60964750
-117935.60964750
-117935.60964750
-117935.60964750
-117935.60964750
-117935.60964750
-117935.60964750
-117935.60964750
-117935.60964750
-117935.60964750
-117935.60964750
-117935.60964750
-117935.60964750
-117935.60964750
-117935.60964750
-117935.60964750
-117935.60964750
-117935.60964750
-117935.60964750
-117935.60964750
-117935.60964750
-117935.60964750
-117935.60964750
-117935.60964750
-117935.60964750
-117935.60964750
-117935.60964750
-117935.60964750
-117935.60964750
-117935.60964750
-117935.60964750
0.00176903
-0.08314460
-0.05484006
-0.03207849
-0.05955748
-0.06675156
-0.22631843
-0.02783280
-0.06710536
-0.00106142
-0.11192089
0.01639305
-0.02205396
-0.04646663
-0.11734593
-0.06498252
-0.08161144
-0.27714868
0.01273705
-0.03278610
-0.03750352
0.01108595
-0.31123207
-0.06250587
-0.02606377
-0.22502114
0.05094818
-0.06498252
-0.27974327
-0.00377394
-0.04752805
-0.25037730
-0.16275114
0.02099254
-0.09576372
-0.05991129
-0.10720347
-0.01026040
0.02087460
-0.03396546
-0.11545896
-0.02688932
-0.29200857
-0.02865835
-0.01651099
-0.03313991
-0.09281532
-0.19872150
0.02629964
-0.19860357
0.04269269
-0.15709023
-0.11286438
0.01073214
-0.05141993
-0.02936597
-0.02287951
-0.09328707
-0.04835360
-0.06804885
0.01828002
-0.01332672
-0.02405886
-0.06356729
-0.00165110
-0.05731671
-0.00943485
0.01273705
-0.00695820
0.00188697
-0.05861400
-0.01580337
-0.10437301
-0.04056985
-0.23103586
-0.04882534
-0.01143975
-0.00707614
-0.03821114
-0.07347388
-0.19471169
-0.01226530
-0.04929708
0.01521369
-0.09328707
0.01132182
-0.03372958
-0.04528727
-0.08739029
-0.04847154
-0.07418150
-0.24966969
0.01202943
-0.00943485
0.00660439
0.02170015
-117935.60964750
-117935.60964750
-117935.60964750
-117935.60964750
-117935.60964750
-117935.60964750
-117935.60964750
-117935.60964750
-117935.60964750
-117935.60964750
-117935.60964750
-117935.60964750
-117935.60964750
-117935.60964750
-117935.60964750
-117935.60964750
-117935.60964750
-117935.60964750
-117935.60964750
-117935.60964750
-117935.60964750
-117935.60964750
-117935.60964750
-117935.60964750
-117935.60964750
-117935.60964750
-117935.60964750
-117935.60964750
-117935.60964750
-117935.60964750
-117935.60964750
-117935.60964750
-117935.60964750
-117935.60964750
-117935.60964750
-117935.60964750
-117935.60964750
-117935.60964750
-117935.60964750
-117935.60964750
-117935.60964750
-117935.60964750
-117935.60964750
-117935.60964750
-117935.60964750
-117935.60964750
-117935.60964750
-117935.60964750
-117935.60964750
-117935.60964750
-117935.60964750
-117935.60964750
-117935.60964750
-117935.60964750
-117935.60964750
-117935.60964750
-117935.60964750
-117935.60964750
-117935.60964750
-117935.60964750
-117935.60964750
-117935.60964750
-117935.60964750
-117935.60964750
-117935.60964750
-117935.60964750
-117935.60964750
-117935.60964750
-117935.60964750
-117935.60964750
-117935.60964750
-117935.60964750
-117935.60964750
-117935.60964750
-117935.60964750
-117935.60964750
-117935.60964750
-117935.60964750
-117935.60964750
-117935.60964750
-117935.60964750
-117935.60964750
-117935.60964750
-117935.60964750
-117935.60964750
-117935.60964750
-117935.60964750
-117935.60964750
-117935.60964750
-117935.60964750
-117935.60964750
-117935.60964750
-117935.60964750
-117935.60964750
-117935.60964750
-117935.60964750
-117935.60964750
-117935.60964750
-117935.60964750
-117935.60964750
-117935.60964750
-117935.60964750
-117935.60964750
-117935.60964750
-117935.60964750
-117935.60964750
-117935.60964750
-117935.60964750
-117935.60964750
-117935.60964750
-117935.60964750
-117935.60964750
-117935.60964750
-117935.60964750
-117935.60964750
-117935.60964750
-117935.60964750
-117935.60964750
-117935.60964750
-117935.60964750
-117935.60964750
-117935.60964750
-117935.60964750
-117935.60964750
-117935.60964750
-117935.60964750
-117935.60964750
-117935.60964750
-117935.60964750
-117935.60964750
-117935.60964750
-117935.60964750
-117935.60964750
-117935.60964750
-117935.60964750
-117935.60964750
-117935.60964750
-117935.60964750
-117935.60964750
-117935.60964750
-117935.60964750
-117935.60964750
-117935.60964750
-117935.60964750
-117935.60964750
-117935.60964750
-117935.60964750
-117935.60964750
-117935.60964750
-117935.60964750
-117935.60964750
-117935.60964750
-117935.60964750
-117935.60964750
-117935.60964750
-117935.60964750
-117935.60964750
-117935.60964750
-117935.60964750
-117935.60964750
0.03266816
0.54273968
0.66008561
0.84300374
0.83085637
0.63909307
0.44520693
0.78615877
0.74889112
0.94784849
0.77259618
0.79807027
0.59368786
0.71586915
0.76363307
0.90149980
0.97556336
0.44567867
1.01342069
1.03181865
1.18254036
0.99313577
0.70466527
0.89984870
0.86387834
0.22926683
1.03641814
1.10564634
0.40994418
1.11897306
1.10210827
0.41949696
0.61515214
1.05033454
1.00127333
1.33538491
1.05741068
1.19209314
1.28125246
1.46523201
1.33762568
1.57797846
0.75360855
1.17263377
1.31403856
1.25566044
1.39340923
1.20942968
1.41735016
0.46914786
1.49896160
0.64369256
1.05045248
1.67657263
1.45933523
1.45556129
1.66418939
1.41569906
1.44258838
1.49176753
1.42253932
1.51724162
1.68305909
1.59802751
1.71513757
1.66819920
1.57113819
1.85441953
1.62468096
1.72303926
1.74214483
1.97884159
1.68978142
2.09665927
1.65215996
1.44624438
1.77528473
1.87246367
2.02542616
1.52396395
1.52361014
1.89652254
1.55285817
2.18522891
1.88425724
1.70853318
1.24705114
1.44046554
1.74084753
2.04724425
2.06658569
2.11411374
2.18251639
2.14359764
2.23782819
1.94982943
2.51686385
-117935.60964750
-117935.60964750
-117935.60964750
-117935.60964750
-117935.60964750
-117935.60964750
-117935.60964750
-117935.60964750
-117935.60964750
-117935.60964750
-117935.60964750
-117935.60964750
-117935.60964750
-117935.60964750
-117935.60964750
-117935.60964750
-117935.60964750
-117935.60964750
-117935.60964750
-117935.60964750
-117935.60964750
-117935.60964750
-117935.60964750
-117935.60964750
-117935.60964750
-117935.60964750
-117935.60964750
-117935.60964750
-117935.60964750
-117935.60964750
-117935.60964750
-117935.60964750
-117935.60964750
-117935.60964750
-117935.60964750
-117935.60964750
-117935.60964750
-117935.60964750
-117935.60964750
-117935.60964750
-117935.60964750
-117935.60964750
-117935.60964750
-117935.60964750
-117935.60964750
-117935.60964750
-117935.60964750
-117935.60964750
-117935.60964750
-117935.60964750
-117935.60964750
-117935.60964750
-117935.60964750
-117935.60964750
-117935.60964750
-117935.60964750
-117935.60964750
-117935.60964750
-117935.60964750
-117935.60964750
-117935.60964750
-117935.60964750
-117935.60964750
-117935.60964750
-117935.60964750
-117935.60964750
-117935.60964750
-117935.60964750
-117935.60964750
-117935.60964750
-117935.60964750
-117935.60964750
-117935.60964750
-117935.60964750
-117935.60964750
-117935.60964750
-117935.60964750
-117935.60964750
-117935.60964750
-117935.60964750
-117935.60964750
-117935.60964750
-117935.60964750
-117935.60964750
-117935.60964750
-117935.60964750
-117935.60964750
-117935.60964750
-117935.60964750
-117935.60964750
-117935.60964750
-117935.60964750
-117935.60964750
-117935.60964750
-117935.60964750
-117935.60964750
-117935.60964750
-117935.60964750
-117935.60964750
-117935.60964750
-117935.60964750
-117935.60964750
-117935.60964750
-117935.60964750
-117935.60964750
-117935.60964750
-117935.60964750
-117935.60964750
-117935.60964750
-117935.60964750
-117935.60964750
-117935.60964750
-117935.60964750
-117935.60964750
-117935.60964750
-117935.60964750
-117935.60964750
-117935.60964750
-117935.60964750
-117935.60964750
-117935.60964750
-117935.60964750
-117935.60964750
-117935.60964750
-117935.60964750
-117935.60964750
-117935.60964750
-117935.60964750
-117935.60964750
-117935.60964750
-117935.60964750
-117935.60964750
-117935.60964750
-117935.60964750
-117935.60964750
-117935.60964750
-117935.60964750
-117935.60964750
-117935.60964750
-117935.60964750
-117935.60964750
-117935.60964750
-117935.60964750
-117935.60964750
-117935.60964750
-117935.60964750
-117935.60964750
-117935.60964750
-117935.60964750
-117935.60964750
-117935.60964750
-117935.60964750
-117935.60964750
-117935.60964750
-117935.60964750
-117935.60964750
-117935.60964750
-117935.60964750
-117935.60964750
-0.00023587
-0.10720347
-0.07972447
-0.07453531
-0.11156709
-0.11038773
-0.25415124
-0.07264834
-0.07948860
-0.05141993
-0.13751292
-0.03644210
-0.06109065
-0.07488911
-0.12088400
-0.10272192
-0.13220582
-0.31429840
-0.07642228
-0.10861870
-0.10166050
-0.05236341
-0.24542400
-0.12029432
-0.09151803
-0.25426917
-0.01875176
-0.10673173
-0.18881491
-0.06592601
-0.11616658
-0.24365497
-0.16581747
-0.05035851
-0.13597976
-0.15249074
-0.19400408
-0.11828942
-0.07948860
-0.11416167
-0.14930648
-0.11970464
-0.29519283
-0.12182748
-0.11781767
-0.10531650
-0.14647603
-0.21228410
-0.07748370
-0.24353703
-0.07996034
-0.18362574
-0.13314930
-0.09057455
-0.13539008
-0.12630904
-0.14199447
-0.16923760
-0.11852529
-0.14942442
-0.08715442
-0.14187654
-0.15060377
-0.17548819
-0.12064813
-0.16027449
-0.11663832
-0.13727705
-0.15838752
-0.15602881
-0.17808277
-0.14270209
-0.16286908
-0.19612692
-0.31760060
-0.16558160
-0.14789125
-0.14187654
-0.17572406
-0.16841205
-0.28622972
-0.16404843
-0.17371915
-0.14282002
-0.19435788
-0.10696760
-0.12949330
-0.16145385
-0.20001879
-0.18633826
-0.19990086
-0.34425404
-0.17749309
-0.20839222
-0.21747326
-0.14317383
-0.26736003
-0.20744874
-117935.60964750
-117935.60964750
-117935.60964750
-117935.60964750
-117935.60964750
-117935.60964750
-117935.60964750
-117935.60964750
-117935.60964750
-117935.60964750
-117935.60964750
-117935.60964750
-117935.60964750
-117935.60964750
-117935.60964750
-117935.60964750
-117935.60964750
-117935.60964750
-117935.60964750
-117935.60964750
-117935.60964750
-117935.60964750
-117935.60964750
-117935.60964750
-117935.60964750
-117935.60964750
-117935.60964750
-117935.60964750
-117935.60964750
-117935.60964750
-117935.60964750
-117935.60964750
-117935.60964750
-117935.60964750
-117935.60964750
-117935.60964750
-117935.60964750
-117935.60964750
-117935.60964750
-117935.60964750
-117935.60964750
-117935.60964750
-117935.60964750
-117935.60964750
-117935.60964750
-117935.60964750
-117935.60964750
-117935.60964750
-117935.60964750
-117935.60964750
-117935.60964750
-117935.60964750
-117935.60964750
-117935.60964750
-117935.60964750
-117935.60964750
-117935.60964750
-117935.60964750
-117935.60964750
-117935.60964750
-117935.60964750
-117935.60964750
-117935.60964750
-117935.60964750
-117935.60964750
-117935.60964750
-117935.60964750
-117935.60964750
-117935.60964750
-117935.60964750
-117935.60964750
-117935.60964750
-117935.60964750
-117935.60964750
-117935.60964750
-117935.60964750
-117935.60964750
-117935.60964750
-117935.60964750
-117935.60964750
-117935.60964750
-117935.60964750
-117935.60964750
-117935.60964750
-117935.60964750
-117935.60964750
-117935.60964750
-117935.60964750
-117935.60964750
-117935.60964750
-117935.60964750
-117935.60964750
-117935.60964750
-117935.60964750
-117935.60964750
-117935.60964750
-117935.60964750
-117935.60964750
-117935.60964750
-117935.60964750
-117935.60964750
-117935.60964750
-117935.60964750
-117935.60964750
-117935.60964750
-117935.60964750
-117935.60964750
-117935.60964750
-117935.60964750
-117935.60964750
-117935.60964750
-117935.60964750
-117935.60964750
-117935.60964750
-117935.60964750
-117935.60964750
-117935.60964750
-117935.60964750
-117935.60964750
-117935.60964750
-117935.60964750
-117935.60964750
-117935.60964750
-117935.60964750
-117935.60964750
-117935.60964750
-117935.60964750
-117935.60964750
-117935.60964750
-117935.60964750
-117935.60964750
-117935.60964750
-117935.60964750
-117935.60964750
-117935.60964750
-117935.60964750
-117935.60964750
-117935.60964750
-117935.60964750
-117935.60964750
-117935.60964750
-117935.60964750
-117935.60964750
-117935.60964750
-117935.60964750
-117935.60964750
-117935.60964750
-117935.60964750
-117935.60964750
-117935.60964750
-117935.60964750
-117935.60964750
-117935.60964750
-117935.60964750
-117935.60964750
-117935.60964750
-117935.60964750
-117935.60964750
0.00106142
0.01061420
0.05861400
0.06911027
0.03644210
0.02783280
-0.10614205
0.04988676
0.03691385
0.09033868
0.00047174
0.09800449
0.04316443
0.04174921
0.00306633
0.03821114
0.03243229
-0.10024527
0.09859417
0.03101707
0.04281063
0.07087930
-0.12854981
0.00707614
0.05177373
-0.09941972
0.10236811
0.04151333
-0.08172938
0.09069248
0.05649116
-0.08727235
-0.02311538
0.09729688
0.02783280
0.05979335
0.00955278
0.08821584
0.10354747
0.06934614
0.02453061
0.09753275
-0.11321819
0.08172938
0.08609300
0.06533633
0.04351824
-0.01368053
0.12017639
-0.04092366
0.13881021
-0.05637322
-0.00188697
0.12229923
0.05578354
0.07264834
0.08833377
0.02665345
0.09776862
0.07901686
0.14494286
0.09753275
0.07453531
0.04009811
0.08420603
0.04658457
0.08727235
0.10956218
0.10071701
0.09423055
0.04811773
0.11357199
0.05354277
0.08055002
-0.04599489
0.06215207
0.11746387
0.12501175
0.10083495
0.06415697
-0.04575902
0.11380786
0.08503157
0.16180766
0.06439284
0.14977822
0.08043209
0.07595053
0.05000470
0.10177843
0.09281532
-0.05330690
0.16015656
0.09977353
0.10802902
0.12418620
-0.08161144
0.04340030
0.07382769
-117935.60964750
-117935.60964750
-117935.60964750
-117935.60964750
-117935.60964750
-117935.60964750
-117935.60964750
-117935.60964750
-117935.60964750
-117935.60964750
-117935.60964750
-117935.60964750
-117935.60964750
-117935.60964750
-117935.60964750
-117935.60964750
-117935.60964750
-117935.60964750
-117935.60964750
-117935.60964750
-117935.60964750
-117935.60964750
-117935.60964750
-117935.60964750
-117935.60964750
-117935.60964750
-117935.60964750
-117935.60964750
-117935.60964750
-117935.60964750
-117935.60964750
-117935.60964750
-117935.60964750
-117935.60964750
-117935.60964750
-117935.60964750
-117935.60964750
-117935.60964750
-117935.60964750
-117935.60964750
-117935.60964750
-117935.60964750
-117935.60964750
-117935.60964750
-117935.60964750
-117935.60964750
-117935.60964750
-117935.60964750
-117935.60964750
-117935.60964750
-117935.60964750
-117935.60964750
-117935.60964750
-117935.60964750
-117935.60964750
-117935.60964750
-117935.60964750
-117935.60964750
-117935.60964750
-117935.60964750
-117935.60964750
-117935.60964750
-117935.60964750
-117935.60964750
-117935.60964750
-117935.60964750
-117935.60964750
-117935.60964750
-117935.60964750
-117935.60964750
-117935.60964750
-117935.60964750
-117935.60964750
-117935.60964750
-117935.60964750
-117935.60964750
-117935.60964750
-117935.60964750
-117935.60964750
-117935.60964750
-117935.60964750
-117935.60964750
-117935.60964750
-117935.60964750
-117935.60964750
-117935.60964750
-117935.60964750
-117935.60964750
-117935.60964750
-117935.60964750
-117935.60964750
-117935.60964750
-117935.60964750
-117935.60964750
-117935.60964750
-117935.60964750
-117935.60964750
-117935.60964750
-117935.60964750
-117935.60964750
-117935.60964750
-117935.60964750
-117935.60964750
-117935.60964750
-117935.60964750
-117935.60964750
-117935.60964750
-117935.60964750
-117935.60964750
-117935.60964750
-117935.60964750
-117935.60964750
-117935.60964750
-117935.60964750
-117935.60964750
-117935.60964750
-117935.60964750
-117935.60964750
-117935.60964750
-117935.60964750
-117935.60964750
-117935.60964750
-117935.60964750
-117935.60964750
-117935.60964750
-117935.60964750
-117935.60964750
-117935.60964750
-117935.60964750
-117935.60964750
-117935.60964750
-117935.60964750
-117935.60964750
-117935.60964750
-117935.60964750
-117935.60964750
-117935.60964750
-117935.60964750
-117935.60964750
-117935.60964750
-117935.60964750
-117935.60964750
-117935.60964750
-117935.60964750
-117935.60964750
-117935.60964750
-117935.60964750
-117935.60964750
-117935.60964750
-117935.60964750
-117935.60964750
-117935.60964750
-117935.60964750
-117935.60964750
-117935.60964750
-117935.60964750
-117935.60964750
0.01627511
0.72046864
0.72070451
0.82295468
0.77448315
0.55960447
0.28976779
0.79594743
0.68603144
0.94501804
0.80031105
0.80066485
0.61314723
0.69829674
0.71339250
0.81116112
0.88923450
0.43589001
0.96553884
0.93782397
1.01731257
0.91470859
0.49839589
0.90751452
0.92048743
0.71162347
0.97615304
1.06719933
0.20249544
1.04726821
1.04431982
0.42787039
0.66527477
1.00009397
0.99950429
1.26120341
0.99926842
1.03889479
1.19280076
1.33220065
1.13949386
1.53705480
1.02769090
1.31981741
1.41628874
1.26309038
1.34234311
1.07545482
1.36687372
0.46973753
1.46369885
0.49686272
0.80337737
1.53611132
1.34741434
1.33007781
1.66383558
1.47867667
1.56229302
1.52938899
1.45638684
1.51358561
1.65546215
1.46098633
1.63411581
1.59661228
1.49955128
1.85111733
1.76030691
1.78519132
1.66395352
1.84333358
1.43492256
2.02424680
1.60050416
1.49695669
1.83236557
1.86503373
1.95089085
1.45567923
1.31132604
1.90053235
1.55616037
2.19902738
1.88048330
1.72905397
1.26568496
1.47030325
1.76160420
2.03745559
2.01964732
2.15067378
2.16034450
2.04111160
2.11375993
1.85548095
1.75948136
1.88531866
1.17581803
2.54056890
-117935.60964750
-117935.60964750
-117935.60964750
-117935.60964750
-117935.60964750
-117935.60964750
-117935.60964750
-117935.60964750
-117935.60964750
-117935.60964750
-117935.60964750
-117935.60964750
-117935.60964750
-117935.60964750
-117935.60964750
-117935.60964750
-117935.60964750
-117935.60964750
-117935.60964750
-117935.60964750
-117935.60964750
-117935.60964750
-117935.60964750
-117935.60964750
-117935.60964750
-117935.60964750
-117935.60964750
-117935.60964750
-117935.60964750
-117935.60964750
-117935.60964750
-117935.60964750
-117935.60964750
-117935.60964750
-117935.60964750
-117935.60964750
-117935.60964750
-117935.60964750
-117935.60964750
-117935.60964750
-117935.60964750
-117935.60964750
-117935.60964750
-117935.60964750
-117935.60964750
-117935.60964750
-117935.60964750
-117935.60964750
-117935.60964750
-117935.60964750
-117935.60964750
-117935.60964750
-117935.60964750
-117935.60964750
-117935.60964750
-117935.60964750
-117935.60964750
-117935.60964750
-117935.60964750
-117935.60964750
-117935.60964750
-117935.60964750
-117935.60964750
-117935.60964750
-117935.60964750
-117935.60964750
-117935.60964750
-117935.60964750
-117935.60964750
-117935.60964750
-117935.60964750
-117935.60964750
-117935.60964750
-117935.60964750
-117935.60964750
-117935.60964750
-117935.60964750
-117935.60964750
-117935.60964750
-117935.60964750
-117935.60964750
-117935.60964750
-117935.60964750
-117935.60964750
-117935.60964750
-117935.60964750
-117935.60964750
-117935.60964750
-117935.60964750
-117935.60964750
-117935.60964750
-117935.60964750
-117935.60964750
-117935.60964750
-117935.60964750
-117935.60964750
-117935.60964750
-117935.60964750
-117935.60964750
-117935.60964750
-117935.60964750
-117935.60964750
-117935.60964750
-117935.60964750
-117935.60964750
-117935.60964750
-117935.60964750
-117935.60964750
-117935.60964750
-117935.60964750
-117935.60964750
-117935.60964750
-117935.60964750
-117935.60964750
-117935.60964750
-117935.60964750
-117935.60964750
-117935.60964750
-117935.60964750
-117935.60964750
-117935.60964750
-117935.60964750
-117935.60964750
-117935.60964750
-117935.60964750
-117935.60964750
-117935.60964750
-117935.60964750
-117935.60964750
-117935.60964750
-117935.60964750
-117935.60964750
-117935.60964750
-117935.60964750
-117935.60964750
-117935.60964750
-117935.60964750
-117935.60964750
-117935.60964750
-117935.60964750
-117935.60964750
-117935.60964750
-117935.60964750
-117935.60964750
-117935.60964750
-117935.60964750
-117935.60964750
-117935.60964750
-117935.60964750
-117935.60964750
-117935.60964750
-117935.60964750
-117935.60964750
-117935.60964750
-117935.60964750
-117935.60964750
0.00176903
-0.05000470
-0.04776392
-0.01214737
-0.02618171
-0.03986224
-0.18268226
-0.01014246
-0.04186714
0.01839796
-0.04870741
0.02570996
-0.00188697
-0.02028492
-0.06380316
-0.02075667
-0.02594583
-0.19388614
0.01828002
-0.00212284
-0.00943485
0.03832907
-0.14553254
0.00082555
0.02158222
-0.15838752
0.07488911
-0.01886970
-0.20615145
0.03196055
0.00188697
-0.14624016
-0.09198978
0.03337578
-0.04799979
-0.02158222
-0.06804885
-0.01450608
0.02040286
-0.00070761
-0.04929708
0.02453061
-0.11180296
0.00919898
0.00672233
0.00023587
-0.03349371
-0.09623546
0.04611282
-0.12442207
0.04540521
-0.15461358
-0.08797996
0.03667797
0.00837343
0.01544956
0.02736106
-0.01627511
0.00566091
-0.02099254
0.02217189
0.00224078
0.01273705
-0.03325784
0.02783280
-0.00648646
0.01839796
0.04233888
0.01993112
0.00389188
-0.03455513
0.00283045
-0.04045191
0.01485989
-0.07076137
-0.01214737
0.00507123
0.00507123
-0.00353807
-0.03502688
-0.07854512
0.00719407
-0.03950843
0.02264364
-0.04988676
0.01651099
-0.02653551
-0.03243229
-0.04882534
-0.02252570
-0.03620623
-0.09057455
0.01368053
-0.01061420
-0.02016699
0.01191150
-0.08538538
-0.01014246
-0.01792621
0.01615718
0.04245682
-117935.60964750
-117935.60964750
-117935.60964750
-117935.60964750
-117935.60964750
-117935.60964750
-117935.60964750
-117935.60964750
-117935.60964750
-117935.60964750
-117935.60964750
-117935.60964750
-117935.60964750
-117935.60964750
-117935.60964750
-117935.60964750
-117935.60964750
-117935.60964750
-117935.60964750
-117935.60964750
-117935.60964750
-117935.60964750
-117935.60964750
-117935.60964750
-117935.60964750
-117935.60964750
-117935.60964750
-117935.60964750
-117935.60964750
-117935.60964750
-117935.60964750
-117935.60964750
-117935.60964750
-117935.60964750
-117935.60964750
-117935.60964750
-117935.60964750
-117935.60964750
-117935.60964750
-117935.60964750
-117935.60964750
-117935.60964750
-117935.60964750
-117935.60964750
-117935.60964750
-117935.60964750
-117935.60964750
-117935.60964750
-117935.60964750
-117935.60964750
-117935.60964750
-117935.60964750
-117935.60964750
-117935.60964750
-117935.60964750
-117935.60964750
-117935.60964750
-117935.60964750
-117935.60964750
-117935.60964750
-117935.60964750
-117935.60964750
-117935.60964750
-117935.60964750
-117935.60964750
-117935.60964750
-117935.60964750
-117935.60964750
-117935.60964750
-117935.60964750
-117935.60964750
-117935.60964750
-117935.60964750
-117935.60964750
-117935.60964750
-117935.60964750
-117935.60964750
-117935.60964750
-117935.60964750
-117935.60964750
-117935.60964750
-117935.60964750
-117935.60964750
-117935.60964750
-117935.60964750
-117935.60964750
-117935.60964750
-117935.60964750
-117935.60964750
-117935.60964750
-117935.60964750
-117935.60964750
-117935.60964750
-117935.60964750
-117935.60964750
-117935.60964750
-117935.60964750
-117935.60964750
-117935.60964750
-117935.60964750
-117935.60964750
-117935.60964750
-117935.60964750
-117935.60964750
-117935.60964750
-117935.60964750
-117935.60964750
-117935.60964750
-117935.60964750
-117935.60964750
-117935.60964750
-117935.60964750
-117935.60964750
-117935.60964750
-117935.60964750
-117935.60964750
-117935.60964750
-117935.60964750
-117935.60964750
-117935.60964750
-117935.60964750
-117935.60964750
-117935.60964750
-117935.60964750
-117935.60964750
-117935.60964750
-117935.60964750
-117935.60964750
-117935.60964750
-117935.60964750
-117935.60964750
-117935.60964750
-117935.60964750
-117935.60964750
-117935.60964750
-117935.60964750
-117935.60964750
-117935.60964750
-117935.60964750
-117935.60964750
-117935.60964750
-117935.60964750
-117935.60964750
-117935.60964750
-117935.60964750
-117935.60964750
-117935.60964750
-117935.60964750
-117935.60964750
-117935.60964750
-117935.60964750
-117935.60964750
-117935.60964750
-117935.60964750
-117935.60964750
0.00023587
-0.13562595
-0.12548349
-0.08007828
-0.10378334
-0.08986693
-0.26476544
-0.07276627
-0.09198978
-0.03844701
-0.14553254
-0.00790169
-0.04281063
-0.07866305
-0.15072171
-0.08974900
-0.09989146
-0.28528624
-0.02040286
-0.08184731
-0.09564578
-0.01757241
-0.27738455
-0.09623546
-0.03455513
-0.31170382
0.03278610
-0.12831394
-0.32432293
-0.03030945
-0.07229453
-0.22030372
-0.16617127
-0.01533163
-0.14140480
-0.12041226
-0.16782237
-0.07253040
-0.04115953
-0.09894798
-0.14930648
-0.07559673
-0.27101603
-0.08939519
-0.10390127
-0.11427961
-0.17395502
-0.24849033
-0.03243229
-0.18940459
-0.02948390
-0.23539948
-0.17489851
-0.05637322
-0.10260398
-0.06875646
-0.09033868
-0.14612222
-0.10649586
-0.14706571
-0.05271722
-0.10130669
-0.11109534
-0.15331629
-0.08361635
-0.14105099
-0.07689402
-0.07512498
-0.09894798
-0.12996504
-0.19117362
-0.13220582
-0.16369463
-0.13987163
-0.21523249
-0.11663832
-0.11380786
-0.12489381
-0.16192559
-0.16051036
-0.23138967
-0.12996504
-0.15579294
-0.12076606
-0.22431353
-0.08550332
-0.11699212
-0.14517874
-0.20780254
-0.18327194
-0.20072641
-0.34272088
-0.11286438
-0.15508533
-0.16841205
-0.10307572
-0.28823463
-0.17395502
-0.09010281
-0.24955175
-0.07677608
-0.22631843
-117935.60964750
-117935.60964750
-117935.60964750
-117935.60964750
-117935.60964750
-117935.60964750
-117935.60964750
-117935.60964750
-117935.60964750
-117935.60964750
-117935.60964750
-117935.60964750
-117935.60964750
-117935.60964750
-117935.60964750
-117935.60964750
-117935.60964750
-117935.60964750
-117935.60964750
-117935.60964750
-117935.60964750
-117935.60964750
-117935.60964750
-117935.60964750
-117935.60964750
-117935.60964750
-117935.60964750
-117935.60964750
-117935.60964750
-117935.60964750
-117935.60964750
-117935.60964750
-117935.60964750
-117935.60964750
-117935.60964750
-117935.60964750
-117935.60964750
-117935.60964750
-117935.60964750
-117935.60964750
-117935.60964750
-117935.60964750
-117935.60964750
-117935.60964750
-117935.60964750
-117935.60964750
-117935.60964750
-117935.60964750
-117935.60964750
-117935.60964750
-117935.60964750
-117935.60964750
-117935.60964750
-117935.60964750
-117935.60964750
-117935.60964750
-117935.60964750
-117935.60964750
-117935.60964750
-117935.60964750
-117935.60964750
-117935.60964750
-117935.60964750
-117935.60964750
-117935.60964750
-117935.60964750
-117935.60964750
-117935.60964750
-117935.60964750
-117935.60964750
-117935.60964750
-117935.60964750
-117935.60964750
-117935.60964750
-117935.60964750
-117935.60964750
-117935.60964750
-117935.60964750
-117935.60964750
-117935.60964750
-117935.60964750
-117935.60964750
-117935.60964750
-117935.60964750
-117935.60964750
-117935.60964750
-117935.60964750
-117935.60964750
-117935.60964750
-117935.60964750
-117935.60964750
-117935.60964750
-117935.60964750
-117935.60964750
-117935.60964750
-117935.60964750
-117935.60964750
-117935.60964750
-117935.60964750
-117935.60964750
-117935.60964750
-117935.60964750
-117935.60964750
-117935.60964750
-117935.60964750
-117935.60964750
-117935.60964750
-117935.60964750
-117935.60964750
-117935.60964750
-117935.60964750
-117935.60964750
-117935.60964750
-117935.60964750
-117935.60964750
-117935.60964750
-117935.60964750
-117935.60964750
-117935.60964750
-117935.60964750
-117935.60964750
-117935.60964750
-117935.60964750
-117935.60964750
-117935.60964750
-117935.60964750
-117935.60964750
-117935.60964750
-117935.60964750
-117935.60964750
-117935.60964750
-117935.60964750
-117935.60964750
-117935.60964750
-117935.60964750
-117935.60964750
-117935.60964750
-117935.60964750
-117935.60964750
-117935.60964750
-117935.60964750
-117935.60964750
-117935.60964750
-117935.60964750
-117935.60964750
-117935.60964750
-117935.60964750
-117935.60964750
-117935.60964750
-117935.60964750
-117935.60964750
-117935.60964750
-117935.60964750
-117935.60964750
0.02193602
0.67117155
0.89760793
0.93121957
0.85562285
0.63932894
0.16558160
0.73992801
0.55606640
0.94560772
0.78710226
0.80078279
0.56809583
0.70112720
0.75490584
0.81859107
0.85585872
0.36654387
0.87531809
0.83993741
0.94607946
0.84630593
0.31842615
0.78828161
0.70325004
0.50464647
0.90680690
1.12404430
0.68461621
1.07651624
1.01259514
0.22466734
0.46549185
0.96105728
0.94855611
1.23513964
1.00610869
1.01860986
1.16201956
1.22794557
1.00752391
1.40673595
0.58095081
1.21933627
1.37595476
1.32194025
1.44777754
1.26120341
1.33963059
0.37609666
1.38880974
0.35475031
0.74311228
1.46346298
1.24127229
1.20034863
1.48587075
1.23643693
1.46063253
1.54696139
1.48186094
1.55533482
1.60463190
1.47065705
1.54755107
1.51724162
1.44636232
1.74827748
1.60793410
1.74804161
1.71018428
1.90147583
1.54247984
1.93850762
1.21497265
1.32347341
1.68164386
1.83779061
1.96421758
1.52302046
1.25589631
1.83224763
1.47643590
2.17119457
1.87576587
1.73660185
1.28078072
1.47277989
1.76030691
2.06328349
2.05608942
2.10656586
2.12519969
1.99393735
2.07047756
1.80370721
1.71230712
1.74120134
1.10022130
1.77080318
1.95112673
2.27945946
2.52075572
-117935.60964750
-117935.60964750
-117935.60964750
-117935.60964750
-117935.60964750
-117935.60964750
-117935.60964750
-117935.60964750
-117935.60964750
-117935.60964750
-117935.60964750
-117935.60964750
-117935.60964750
-117935.60964750
-117935.60964750
-117935.60964750
-117935.60964750
-117935.60964750
-117935.60964750
-117935.60964750
-117935.60964750
-117935.60964750
-117935.60964750
-117935.60964750
-117935.60964750
-117935.60964750
-117935.60964750
-117935.60964750
-117935.60964750
-117935.60964750
-117935.60964750
-117935.60964750
-117935.60964750
-117935.60964750
-117935.60964750
-117935.60964750
-117935.60964750
-117935.60964750
-117935.60964750
-117935.60964750
-117935.60964750
-117935.60964750
-117935.60964750
-117935.60964750
-117935.60964750
-117935.60964750
-117935.60964750
-117935.60964750
-117935.60964750
-117935.60964750
-117935.60964750
-117935.60964750
-117935.60964750
-117935.60964750
-117935.60964750
-117935.60964750
-117935.60964750
-117935.60964750
-117935.60964750
-117935.60964750
-117935.60964750
-117935.60964750
-117935.60964750
-117935.60964750
-117935.60964750
-117935.60964750
-117935.60964750
-117935.60964750
-117935.60964750
-117935.60964750
-117935.60964750
-117935.60964750
-117935.60964750
-117935.60964750
-117935.60964750
-117935.60964750
-117935.60964750
-117935.60964750
-117935.60964750
-117935.60964750
-117935.60964750
-117935.60964750
-117935.60964750
-117935.60964750
-117935.60964750
-117935.60964750
-117935.60964750
-117935.60964750
-117935.60964750
-117935.60964750
-117935.60964750
-117935.60964750
-117935.60964750
-117935.60964750
-117935.60964750
-117935.60964750
-117935.60964750
-117935.60964750
-117935.60964750
-117935.60964750
-117935.60964750
-117935.60964750
-117935.60964750
-117935.60964750
-117935.60964750
-117935.60964750
-117935.60964750
-117935.60964750
-117935.60964750
-117935.60964750
-117935.60964750
-117935.60964750
-117935.60964750
-117935.60964750
-117935.60964750
-117935.60964750
-117935.60964750
-117935.60964750
-117935.60964750
-117935.60964750
-117935.60964750
-117935.60964750
-117935.60964750
-117935.60964750
-117935.60964750
-117935.60964750
-117935.60964750
-117935.60964750
-117935.60964750
-117935.60964750
-117935.60964750
-117935.60964750
-117935.60964750
-117935.60964750
-117935.60964750
-117935.60964750
-117935.60964750
-117935.60964750
-117935.60964750
-117935.60964750
-117935.60964750
-117935.60964750
-117935.60964750
-117935.60964750
-117935.60964750
-117935.60964750
-117935.60964750
-117935.60964750
-117935.60964750
-117935.60964750
-117935.60964750
-117935.60964750
-117935.60964750
-0.00058968
-0.04222095
-0.03431926
-0.02394093
-0.06427491
-0.07347388
-0.23115379
-0.01804415
-0.03101707
0.00884517
-0.09305120
0.01910557
-0.01769034
-0.03302197
-0.08880551
-0.04398998
-0.05967542
-0.24837239
0.01721860
-0.02382299
-0.02052080
0.02205396
-0.22737986
-0.04516934
-0.00200491
-0.17159631
0.05578354
-0.04599489
-0.26311435
0.00117936
-0.04021604
-0.20839222
-0.10354747
0.03125294
-0.05177373
-0.04540521
-0.10496269
-0.02854042
0.01769034
-0.01686479
-0.07748370
-0.00436362
-0.20225957
-0.01474195
-0.00801962
-0.02476648
-0.07288421
-0.16888379
0.02240777
-0.18669207
0.03821114
-0.13515421
-0.08809790
0.01922350
-0.03832907
-0.02913010
-0.00459949
-0.04599489
0.01026040
-0.03266816
0.02877629
-0.02122841
-0.01851589
-0.06922820
0.00318426
-0.04528727
-0.00424568
0.00448155
-0.01403434
-0.02016699
-0.07347388
-0.02818661
-0.10295779
-0.04811773
-0.19164537
-0.03986224
0.00967072
0.00058968
-0.03384752
-0.06852059
-0.18338987
-0.01851589
-0.04599489
0.01485989
-0.07630434
0.01179356
-0.04375411
-0.06333142
-0.08927726
-0.04505140
-0.06168032
-0.18032355
0.00306633
-0.03809320
-0.03207849
0.00448155
-0.14647603
-0.05354277
-0.04682044
-0.12359652
0.03384752
-0.03644210
-0.12748839
-0.00860930
-117935.60964750
-117935.60964750
-117935.60964750
-117935.60964750
-117935.60964750
-117935.60964750
-117935.60964750
-117935.60964750
-117935.60964750
-117935.60964750
-117935.60964750
-117935.60964750
-117935.60964750
-117935.60964750
-117935.60964750
-117935.60964750
-117935.60964750
-117935.60964750
-117935.60964750
-117935.60964750
-117935.60964750
-117935.60964750
-117935.60964750
-117935.60964750
-117935.60964750
-117935.60964750
-117935.60964750
-117935.60964750
-117935.60964750
-117935.60964750
-117935.60964750
-117935.60964750
-117935.60964750
-117935.60964750
-117935.60964750
-117935.60964750
-117935.60964750
-117935.60964750
-117935.60964750
-117935.60964750
-117935.60964750
-117935.60964750
-117935.60964750
-117935.60964750
-117935.60964750
-117935.60964750
-117935.60964750
-117935.60964750
-117935.60964750
-117935.60964750
-117935.60964750
-117935.60964750
-117935.60964750
-117935.60964750
-117935.60964750
-117935.60964750
-117935.60964750
-117935.60964750
-117935.60964750
-117935.60964750
-117935.60964750
-117935.60964750
-117935.60964750
-117935.60964750
-117935.60964750
-117935.60964750
-117935.60964750
-117935.60964750
-117935.60964750
-117935.60964750
-117935.60964750
-117935.60964750
-117935.60964750
-117935.60964750
-117935.60964750
-117935.60964750
-117935.60964750
-117935.60964750
-117935.60964750
-117935.60964750
-117935.60964750
-117935.60964750
-117935.60964750
-117935.60964750
-117935.60964750
-117935.60964750
-117935.60964750
-117935.60964750
-117935.60964750
-117935.60964750
-117935.60964750
-117935.60964750
-117935.60964750
-117935.60964750
-117935.60964750
-117935.60964750
-117935.60964750
-117935.60964750
-117935.60964750
-117935.60964750
-117935.60964750
-117935.60964750
-117935.60964750
-117935.60964750
-117935.60964750
-117935.60964750
-117935.60964750
-117935.60964750
-117935.60964750
-117935.60964750
-117935.60964750
-117935.60964750
-117935.60964750
-117935.60964750
-117935.60964750
-117935.60964750
-117935.60964750
-117935.60964750
-117935.60964750
-117935.60964750
-117935.60964750
-117935.60964750
-117935.60964750
-117935.60964750
-117935.60964750
-117935.60964750
-117935.60964750
-117935.60964750
-117935.60964750
-117935.60964750
-117935.60964750
-117935.60964750
-117935.60964750
-117935.60964750
-117935.60964750
-117935.60964750
-117935.60964750
-117935.60964750
-117935.60964750
-117935.60964750
-117935.60964750
-117935.60964750
-117935.60964750
-117935.60964750
-117935.60964750
-117935.60964750
-117935.60964750
-117935.60964750
-117935.60964750
-117935.60964750
-117935.60964750
-117935.60964750
0.00153316
-0.03832907
-0.01521369
0.00695820
-0.03526275
-0.04929708
-0.25615614
-0.00742994
-0.02464854
0.03479100
-0.06911027
0.03998017
-0.00023587
-0.01533163
-0.06863852
-0.02158222
-0.03349371
-0.25556647
0.03490894
-0.00448155
0.00636852
0.04941502
-0.19966499
-0.02122841
0.01804415
-0.20839222
0.09057455
-0.00790169
-0.22077546
0.04658457
-0.00200491
-0.21464281
-0.10519856
0.06274174
-0.02158222
-0.00212284
-0.07017169
-0.00412775
0.05354277
0.01769034
-0.04446172
0.04363618
-0.19541931
0.01757241
0.02783280
0.02158222
-0.01474195
-0.10567031
0.07264834
-0.18291813
0.07913479
-0.15048584
-0.06368523
0.07335595
0.01037833
0.01886970
0.03832907
-0.01615718
0.04929708
0.01780828
0.07370976
0.03030945
0.03620623
-0.01592131
0.06144445
0.01415227
0.05024057
0.07028962
0.03998017
0.03207849
-0.01391640
0.04269269
-0.02641758
0.02736106
-0.13491834
-0.00424568
0.05660909
0.05943955
0.04092366
-0.00577884
-0.10909044
0.03915462
-0.01485989
0.08349841
-0.01509576
0.06875646
-0.00495330
-0.01993112
-0.03431926
0.01875176
0.00400981
-0.10071701
0.06262381
0.01733653
0.01438814
0.05401451
-0.08338048
-0.00589678
-0.01096801
-0.08408809
0.08444190
0.00707614
-0.07795544
0.04387205
0.00082555
-117935.60964750
-117935.60964750
-117935.60964750
-117935.60964750
-117935.60964750
-117935.60964750
-117935.60964750
-117935.60964750
-117935.60964750
-117935.60964750
-117935.60964750
-117935.60964750
-117935.60964750
-117935.60964750
-117935.60964750
-117935.60964750
-117935.60964750
-117935.60964750
-117935.60964750
-117935.60964750
-117935.60964750
-117935.60964750
-117935.60964750
-117935.60964750
-117935.60964750
-117935.60964750
-117935.60964750
-117935.60964750
-117935.60964750
-117935.60964750
-117935.60964750
-117935.60964750
-117935.60964750
-117935.60964750
-117935.60964750
-117935.60964750
-117935.60964750
-117935.60964750
-117935.60964750
-117935.60964750
-117935.60964750
-117935.60964750
-117935.60964750
-117935.60964750
-117935.60964750
-117935.60964750
-117935.60964750
-117935.60964750
-117935.60964750
-117935.60964750
-117935.60964750
-117935.60964750
-117935.60964750
-117935.60964750
-117935.60964750
-117935.60964750
-117935.60964750
-117935.60964750
-117935.60964750
-117935.60964750
-117935.60964750
-117935.60964750
-117935.60964750
-117935.60964750
-117935.60964750
-117935.60964750
-117935.60964750
-117935.60964750
-117935.60964750
-117935.60964750
-117935.60964750
-117935.60964750
-117935.60964750
-117935.60964750
-117935.60964750
-117935.60964750
-117935.60964750
-117935.60964750
-117935.60964750
-117935.60964750
-117935.60964750
-117935.60964750
-117935.60964750
-117935.60964750
-117935.60964750
-117935.60964750
-117935.60964750
-117935.60964750
-117935.60964750
-117935.60964750
-117935.60964750
-117935.60964750
-117935.60964750
-117935.60964750
-117935.60964750
-117935.60964750
-117935.60964750
-117935.60964750
-117935.60964750
-117935.60964750
-117935.60964750
-117935.60964750
-117935.60964750
-117935.60964750
-117935.60964750
-117935.60964750
-117935.60964750
-117935.60964750
-117935.60964750
-117935.60964750
-117935.60964750
-117935.60964750
-117935.60964750
-117935.60964750
-117935.60964750
-117935.60964750
-117935.60964750
-117935.60964750
-117935.60964750
-117935.60964750
-117935.60964750
-117935.60964750
-117935.60964750
-117935.60964750
-117935.60964750
-117935.60964750
-117935.60964750
-117935.60964750
-117935.60964750
-117935.60964750
-117935.60964750
-117935.60964750
-117935.60964750
-117935.60964750
-117935.60964750
-117935.60964750
-117935.60964750
-117935.60964750
-117935.60964750
-117935.60964750
-117935.60964750
-117935.60964750
-117935.60964750
-117935.60964750
-117935.60964750
-117935.60964750
-117935.60964750
-117935.60964750
-117935.60964750
-117935.60964750
-117935.60964750
0.02181809
0.50570789
0.70277830
0.84689561
0.91341130
0.74900906
0.77035540
0.84359342
0.68107815
0.94890992
0.71056205
0.79087620
0.50452854
0.63862133
0.73355949
0.84288580
0.89253669
0.57045454
0.89819760
0.82519546
0.87425667
0.80184421
0.25415124
0.72872413
0.72176593
0.35982155
0.87897410
0.99950429
0.49650892
1.06295365
1.11154312
0.72200180
0.69452281
0.94065442
0.86246311
1.14609825
0.91706730
0.99856081
1.13630960
1.21261394
1.03795130
1.36038726
0.48294632
1.12911553
1.26155722
1.22641240
1.32937019
1.23431409
1.35755680
0.84512658
1.43704540
0.53660702
0.70301417
1.39399891
1.18501701
1.20707096
1.45237703
1.17735119
1.24669733
1.35708506
1.35401873
1.48763978
1.54884836
1.51653400
1.54731520
1.50132031
1.47006737
1.70499511
1.45980698
1.62762935
1.58175240
1.80854257
1.49695669
1.92518089
1.54436681
1.41959093
1.62550651
1.74497528
1.83460634
1.41098163
1.23655487
1.85984456
1.59767370
2.14689984
1.80146644
1.70275433
1.26061373
1.47950222
1.76431672
2.08144557
2.07212866
1.98190792
2.13392692
2.05196167
2.11340612
1.82800195
1.67775198
1.70381575
1.23054015
1.74733399
1.90336280
2.09323914
1.76502433
1.94735279
2.17319948
2.51816114
-117935.60964750
-117935.60964750
-117935.60964750
-117935.60964750
-117935.60964750
-117935.60964750
-117935.60964750
-117935.60964750
-117935.60964750
-117935.60964750
-117935.60964750
-117935.60964750
-117935.60964750
-117935.60964750
-117935.60964750
-117935.60964750
-117935.60964750
-117935.60964750
-117935.60964750
-117935.60964750
-117935.60964750
-117935.60964750
-117935.60964750
-117935.60964750
-117935.60964750
-117935.60964750
-117935.60964750
-117935.60964750
-117935.60964750
-117935.60964750
-117935.60964750
-117935.60964750
-117935.60964750
-117935.60964750
-117935.60964750
-117935.60964750
-117935.60964750
-117935.60964750
-117935.60964750
-117935.60964750
-117935.60964750
-117935.60964750
-117935.60964750
-117935.60964750
-117935.60964750
-117935.60964750
-117935.60964750
-117935.60964750
-117935.60964750
-117935.60964750
-117935.60964750
-117935.60964750
-117935.60964750
-117935.60964750
-117935.60964750
-117935.60964750
-117935.60964750
-117935.60964750
-117935.60964750
-117935.60964750
-117935.60964750
-117935.60964750
-117935.60964750
-117935.60964750
-117935.60964750
-117935.60964750
-117935.60964750
-117935.60964750
-117935.60964750
-117935.60964750
-117935.60964750
-117935.60964750
-117935.60964750
-117935.60964750
-117935.60964750
-117935.60964750
-117935.60964750
-117935.60964750
-117935.60964750
-117935.60964750
-117935.60964750
-117935.60964750
-117935.60964750
-117935.60964750
-117935.60964750
-117935.60964750
-117935.60964750
-117935.60964750
-117935.60964750
-117935.60964750
-117935.60964750
-117935.60964750
-117935.60964750
-117935.60964750
-117935.60964750
-117935.60964750
-117935.60964750
-117935.60964750
-117935.60964750
-117935.60964750
-117935.60964750
-117935.60964750
-117935.60964750
-117935.60964750
-117935.60964750
-117935.60964750
-117935.60964750
-117935.60964750
-117935.60964750
-117935.60964750
-117935.60964750
-117935.60964750
-117935.60964750
-117935.60964750
-117935.60964750
-117935.60964750
-117935.60964750
-117935.60964750
-117935.60964750
-117935.60964750
-117935.60964750
-117935.60964750
-117935.60964750
-117935.60964750
-117935.60964750
-117935.60964750
-117935.60964750
-117935.60964750
-117935.60964750
-117935.60964750
-117935.60964750
-117935.60964750
-117935.60964750
-117935.60964750
-117935.60964750
-117935.60964750
-117935.60964750
-117935.60964750
-117935.60964750
-117935.60964750
-117935.60964750
-117935.60964750
-117935.60964750
-117935.60964750
-117935.60964750
-117935.60964750
-117935.60964750
-117935.60964750
-117935.60964750
-117935.60964750
0.01096801
0.28858844
0.39072067
0.47728541
0.48412568
0.37149717
0.32939416
0.51679384
0.44957054
0.58731934
0.39060274
0.48978659
0.29448522
0.35887806
0.39237177
0.48672026
0.50641551
0.20957158
0.55630227
0.48212077
0.52174714
0.49108388
0.02335125
0.39579191
0.43506446
0.11015186
0.54580600
0.56349634
0.10767521
0.61975163
0.63083758
0.32113867
0.39968378
0.59180089
0.53365863
0.67871943
0.48789962
0.56609093
0.69758913
0.73120078
0.60500968
0.83038463
0.19954705
0.67518137
0.75608519
0.71445392
0.74771177
0.61927989
0.83368682
0.39248971
0.90633516
0.34106978
0.44709390
0.87932791
0.70584462
0.72117625
0.88345565
0.69947610
0.77377553
0.81304809
0.85007987
0.88015345
0.92296408
0.86234518
0.95633986
0.91093465
0.90562755
1.05599545
0.89819760
0.99054119
0.92496899
1.09397072
0.83474825
1.14373954
0.82460578
0.85798156
1.03040342
1.08606903
1.10175447
0.82024217
0.56939312
1.11873719
0.95468876
1.33361587
1.08524348
1.06519443
0.76198197
0.87425667
1.02710122
1.26509528
1.25790121
1.09408865
1.32547832
1.25377347
1.29505093
1.15116949
0.93381416
1.02934200
0.74617860
0.96895897
1.18666810
1.24256958
0.93853158
1.16036846
1.24233371
1.22287434
1.32005328
-117935.60964750
-117935.60964750
-117935.60964750
-117935.60964750
-117935.60964750
-117935.60964750
-117935.60964750
-117935.60964750
-117935.60964750
-117935.60964750
-117935.60964750
-117935.60964750
-117935.60964750
-117935.60964750
-117935.60964750
-117935.60964750
-117935.60964750
-117935.60964750
-117935.60964750
-117935.60964750
-117935.60964750
-117935.60964750
-117935.60964750
-117935.60964750
-117935.60964750
-117935.60964750
-117935.60964750
-117935.60964750
-117935.60964750
-117935.60964750
-117935.60964750
-117935.60964750
-117935.60964750
-117935.60964750
-117935.60964750
-117935.60964750
-117935.60964750
-117935.60964750
-117935.60964750
-117935.60964750
-117935.60964750
-117935.60964750
-117935.60964750
-117935.60964750
-117935.60964750
-117935.60964750
-117935.60964750
-117935.60964750
-117935.60964750
-117935.60964750
-117935.60964750
-117935.60964750
-117935.60964750
-117935.60964750
-117935.60964750
-117935.60964750
-117935.60964750
-117935.60964750
-117935.60964750
-117935.60964750
-117935.60964750
-117935.60964750
-117935.60964750
-117935.60964750
-117935.60964750
-117935.60964750
-117935.60964750
-117935.60964750
-117935.60964750
-117935.60964750
-117935.60964750
-117935.60964750
-117935.60964750
-117935.60964750
-117935.60964750
-117935.60964750
-117935.60964750
-117935.60964750
-117935.60964750
-117935.60964750
-117935.60964750
-117935.60964750
-117935.60964750
-117935.60964750
-117935.60964750
-117935.60964750
-117935.60964750
-117935.60964750
-117935.60964750
-117935.60964750
-117935.60964750
-117935.60964750
-117935.60964750
-117935.60964750
-117935.60964750
-117935.60964750
-117935.60964750
-117935.60964750
-117935.60964750
-117935.60964750
-117935.60964750
-117935.60964750
-117935.60964750
-117935.60964750
-117935.60964750
-117935.60964750
-117935.60964750
-117935.60964750
-117935.60964750
-117935.60964750
-117935.60964750
-117935.60964750
-117935.60964750
-117935.60964750
-117935.60964750
-117935.60964750
-117935.60964750
-117935.60964750
-117935.60964750
-117935.60964750
-117935.60964750
-117935.60964750
-117935.60964750
-117935.60964750
-117935.60964750
-117935.60964750
-117935.60964750
-117935.60964750
-117935.60964750
-117935.60964750
-117935.60964750
-117935.60964750
-117935.60964750
-117935.60964750
-117935.60964750
-117935.60964750
-117935.60964750
-117935.60964750
-117935.60964750
-117935.60964750
-117935.60964750
-117935.60964750
-117935.60964750
-117935.60964750
-117935.60964750
-117935.60964750
-117935.60964750
-117935.60964750
-117935.60964750
-0.00058968
-0.03313991
-0.03219642
-0.01945938
-0.02665345
-0.01509576
-0.06227000
-0.01780828
-0.02122841
-0.01155769
-0.03880082
0.00117936
0.00424568
-0.00212284
-0.03266816
-0.02948390
-0.03148881
-0.09765068
0.00035381
-0.01096801
-0.00825549
0.00448155
-0.06981788
-0.00955278
0.01155769
-0.05837813
0.02287951
-0.01403434
-0.08267286
0.00908104
-0.00318426
-0.05377864
-0.03526275
0.01226530
-0.02865835
-0.01485989
-0.02181809
0.00837343
0.01226530
-0.00212284
-0.02311538
-0.00082555
-0.06297762
0.00070761
0.00082555
0.00047174
-0.01356260
-0.03880082
0.01886970
-0.02865835
0.01839796
-0.03549862
-0.01863383
0.01379847
-0.00188697
0.00400981
0.00259458
-0.00707614
-0.00436362
-0.02287951
-0.00684027
-0.01368053
-0.00365600
-0.00660439
0.00518917
-0.01544956
-0.00660439
0.00542504
0.01202943
-0.00436362
-0.01733653
-0.01309085
-0.01356260
-0.00919898
-0.01191150
-0.01391640
-0.00424568
-0.01403434
-0.01427021
-0.03007358
0.01155769
-0.00330220
-0.02417680
-0.00542504
-0.03891875
-0.00955278
-0.03219642
-0.03337578
-0.03019152
-0.02854042
-0.04316443
-0.04045191
-0.01993112
-0.02771487
-0.03089913
-0.02323332
-0.00943485
-0.03939049
-0.04115953
-0.00176903
-0.01509576
-0.04127746
-0.03738559
-0.03656004
-0.04340030
-0.02441267
-0.02724313
-0.03054532
-117935.60964750
-117935.60964750
-117935.60964750
-117935.60964750
-117935.60964750
-117935.60964750
-117935.60964750
-117935.60964750
-117935.60964750
-117935.60964750
-117935.60964750
-117935.60964750
-117935.60964750
-117935.60964750
-117935.60964750
-117935.60964750
-117935.60964750
-117935.60964750
-117935.60964750
-117935.60964750
-117935.60964750
-117935.60964750
-117935.60964750
-117935.60964750
-117935.60964750
-117935.60964750
-117935.60964750
-117935.60964750
-117935.60964750
-117935.60964750
-117935.60964750
-117935.60964750
-117935.60964750
-117935.60964750
-117935.60964750
-117935.60964750
-117935.60964750
-117935.60964750
-117935.60964750
-117935.60964750
-117935.60964750
-117935.60964750
-117935.60964750
-117935.60964750
-117935.60964750
-117935.60964750
-117935.60964750
-117935.60964750
-117935.60964750
-117935.60964750
-117935.60964750
-117935.60964750
-117935.60964750
-117935.60964750
-117935.60964750
-117935.60964750
-117935.60964750
-117935.60964750
-117935.60964750
-117935.60964750
-117935.60964750
-117935.60964750
-117935.60964750
-117935.60964750
-117935.60964750
-117935.60964750
-117935.60964750
-117935.60964750
-117935.60964750
-117935.60964750
-117935.60964750
-117935.60964750
-117935.60964750
-117935.60964750
-117935.60964750
-117935.60964750
-117935.60964750
-117935.60964750
-117935.60964750
-117935.60964750
-117935.60964750
-117935.60964750
-117935.60964750
-117935.60964750
-117935.60964750
-117935.60964750
-117935.60964750
-117935.60964750
-117935.60964750
-117935.60964750
-117935.60964750
-117935.60964750
-117935.60964750
-117935.60964750
-117935.60964750
-117935.60964750
-117935.60964750
-117935.60964750
-117935.60964750
-117935.60964750
-117935.60964750
-117935.60964750
-117935.60964750
-117935.60964750
-117935.60964750
-117935.60964750
-117935.60964750
-117935.60964750
-117935.60964750
-117935.60964750
-117935.60964750
-117935.60964750
-117935.60964750
-117935.60964750
-117935.60964750
-117935.60964750
-117935.60964750
-117935.60964750
-117935.60964750
-117935.60964750
-117935.60964750
-117935.60964750
-117935.60964750
-117935.60964750
-117935.60964750
-117935.60964750
-117935.60964750
-117935.60964750
-117935.60964750
-117935.60964750
-117935.60964750
-117935.60964750
-117935.60964750
-117935.60964750
-117935.60964750
-117935.60964750
-117935.60964750
-117935.60964750
-117935.60964750
-117935.60964750
-117935.60964750
-117935.60964750
-117935.60964750
-117935.60964750
-117935.60964750
-117935.60964750
-117935.60964750
-117935.60964750
0.00212284
-0.00636852
0.04729218
0.07017169
0.02971977
0.01556750
-0.19494756
0.02606377
-0.00589678
0.08279080
-0.02146428
0.09493817
0.03656004
0.02665345
-0.02700725
0.01934144
0.01474195
-0.18610239
0.08998487
0.02405886
0.03573449
0.08007828
-0.16676095
0.00919898
0.05767051
-0.16852999
0.12017639
0.03172468
-0.14447112
0.09682514
0.04705631
-0.18846110
-0.10130669
0.09989146
0.00483536
0.05649116
-0.00719407
0.08078589
0.11392580
0.07488911
0.01108595
0.11616658
-0.15119345
0.08715442
0.09729688
0.07170485
0.04292856
-0.03243229
0.13362105
-0.12737046
0.14954235
-0.16345875
-0.05649116
0.13774879
0.07135104
0.09776862
0.11817148
0.03172468
0.11522309
0.10413714
0.18150290
0.14081512
0.11899703
0.05955748
0.12288891
0.07654021
0.12619110
0.15602881
0.11840735
0.12218129
0.06321349
0.14423525
0.05908574
0.11616658
-0.09187184
0.06380316
0.12347858
0.14824506
0.13161614
0.08762616
-0.04056985
0.14140480
0.08904139
0.19636279
0.07795544
0.17890832
0.09989146
0.09894798
0.06698743
0.12548349
0.11522309
-0.04174921
0.20379273
0.13881021
0.14848093
0.16900173
-0.05271722
0.09859417
0.09835830
-0.04398998
0.21877056
0.13539008
-0.02948390
0.18315400
0.15131139
0.00047174
0.04835360
0.16180766
0.05672703
-117935.60964750
-117935.60964750
-117935.60964750
-117935.60964750
-117935.60964750
-117935.60964750
-117935.60964750
-117935.60964750
-117935.60964750
-117935.60964750
-117935.60964750
-117935.60964750
-117935.60964750
-117935.60964750
-117935.60964750
-117935.60964750
-117935.60964750
-117935.60964750
-117935.60964750
-117935.60964750
-117935.60964750
-117935.60964750
-117935.60964750
-117935.60964750
-117935.60964750
-117935.60964750
-117935.60964750
-117935.60964750
-117935.60964750
-117935.60964750
-117935.60964750
-117935.60964750
-117935.60964750
-117935.60964750
-117935.60964750
-117935.60964750
-117935.60964750
-117935.60964750
-117935.60964750
-117935.60964750
-117935.60964750
-117935.60964750
-117935.60964750
-117935.60964750
-117935.60964750
-117935.60964750
-117935.60964750
-117935.60964750
-117935.60964750
-117935.60964750
-117935.60964750
-117935.60964750
-117935.60964750
-117935.60964750
-117935.60964750
-117935.60964750
-117935.60964750
-117935.60964750
-117935.60964750
-117935.60964750
-117935.60964750
-117935.60964750
-117935.60964750
-117935.60964750
-117935.60964750
-117935.60964750
-117935.60964750
-117935.60964750
-117935.60964750
-117935.60964750
-117935.60964750
-117935.60964750
-117935.60964750
-117935.60964750
-117935.60964750
-117935.60964750
-117935.60964750
-117935.60964750
-117935.60964750
-117935.60964750
-117935.60964750
-117935.60964750
-117935.60964750
-117935.60964750
-117935.60964750
-117935.60964750
-117935.60964750
-117935.60964750
-117935.60964750
-117935.60964750
-117935.60964750
-117935.60964750
-117935.60964750
-117935.60964750
-117935.60964750
-117935.60964750
-117935.60964750
-117935.60964750
-117935.60964750
-117935.60964750
-117935.60964750
-117935.60964750
-117935.60964750
-117935.60964750
-117935.60964750
-117935.60964750
-117935.60964750
-117935.60964750
-117935.60964750
-117935.60964750
-117935.60964750
-117935.60964750
-117935.60964750
-117935.60964750
-117935.60964750
-117935.60964750
-117935.60964750
-117935.60964750
-117935.60964750
-117935.60964750
-117935.60964750
-117935.60964750
-117935.60964750
-117935.60964750
-117935.60964750
-117935.60964750
-117935.60964750
-117935.60964750
-117935.60964750
-117935.60964750
-117935.60964750
-117935.60964750
-117935.60964750
-117935.60964750
-117935.60964750
-117935.60964750
-117935.60964750
-117935.60964750
-117935.60964750
-117935.60964750
-117935.60964750
-117935.60964750
-117935.60964750
-117935.60964750
-117935.60964750
-117935.60964750
-117935.60964750
0.00047174
-0.08797996
-0.04894328
-0.01934144
-0.05908574
-0.05743464
-0.25497679
-0.03337578
-0.06238794
0.00000000
-0.15107552
0.02358712
-0.03007358
-0.04104159
-0.11982258
-0.08078589
-0.10189637
-0.36418516
-0.00023587
-0.06698743
-0.05873193
0.00754788
-0.32326151
-0.07783750
-0.00424568
-0.27726662
0.06875646
-0.06215207
-0.30427387
0.02228983
-0.03396546
-0.26783177
-0.17124251
0.04245682
-0.10732140
-0.07559673
-0.15225487
-0.02535616
0.03703178
-0.01651099
-0.09670720
-0.00200491
-0.35581173
-0.02488441
-0.01132182
-0.02429474
-0.08302667
-0.18209258
0.04670250
-0.23079999
0.06627981
-0.25603821
-0.16841205
0.02736106
-0.04516934
-0.00707614
0.00825549
-0.06969995
0.00259458
-0.03042739
0.06745917
0.01875176
0.00294839
-0.04375411
0.03137087
-0.03479100
0.03255023
0.03927256
-0.01368053
0.00353807
-0.05613735
0.02287951
-0.06533633
-0.01285498
-0.23716851
-0.02795074
0.01037833
0.02818661
-0.00566091
-0.05271722
-0.20909984
0.03255023
-0.00860930
0.07477118
-0.07347388
0.06085477
-0.01981318
-0.03703178
-0.07135104
-0.02193602
-0.05012263
-0.26004802
0.03526275
-0.02629964
-0.01993112
0.03219642
-0.19329646
-0.05719877
-0.01710066
-0.20709493
0.08880551
-0.02712519
-0.20591557
0.03832907
-0.00365600
-0.15083964
-0.06757710
0.05613735
-0.04929708
-0.04363618
-117935.60964750
-117935.60964750
-117935.60964750
-117935.60964750
-117935.60964750
-117935.60964750
-117935.60964750
-117935.60964750
-117935.60964750
-117935.60964750
-117935.60964750
-117935.60964750
-117935.60964750
-117935.60964750
-117935.60964750
-117935.60964750
-117935.60964750
-117935.60964750
-117935.60964750
-117935.60964750
-117935.60964750
-117935.60964750
-117935.60964750
-117935.60964750
-117935.60964750
-117935.60964750
-117935.60964750
-117935.60964750
-117935.60964750
-117935.60964750
-117935.60964750
-117935.60964750
-117935.60964750
-117935.60964750
-117935.60964750
-117935.60964750
-117935.60964750
-117935.60964750
-117935.60964750
-117935.60964750
-117935.60964750
-117935.60964750
-117935.60964750
-117935.60964750
-117935.60964750
-117935.60964750
-117935.60964750
-117935.60964750
-117935.60964750
-117935.60964750
-117935.60964750
-117935.60964750
-117935.60964750
-117935.60964750
-117935.60964750
-117935.60964750
-117935.60964750
-117935.60964750
-117935.60964750
-117935.60964750
-117935.60964750
-117935.60964750
-117935.60964750
-117935.60964750
-117935.60964750
-117935.60964750
-117935.60964750
-117935.60964750
-117935.60964750
-117935.60964750
-117935.60964750
-117935.60964750
-117935.60964750
-117935.60964750
-117935.60964750
-117935.60964750
-117935.60964750
-117935.60964750
-117935.60964750
-117935.60964750
-117935.60964750
-117935.60964750
-117935.60964750
-117935.60964750
-117935.60964750
-117935.60964750
-117935.60964750
-117935.60964750
-117935.60964750
-117935.60964750
-117935.60964750
-117935.60964750
-117935.60964750
-117935.60964750
-117935.60964750
-117935.60964750
-117935.60964750
-117935.60964750
-117935.60964750
-117935.60964750
-117935.60964750
-117935.60964750
-117935.60964750
-117935.60964750
-117935.60964750
-117935.60964750
-117935.60964750
-117935.60964750
-117935.60964750
-117935.60964750
-117935.60964750
-117935.60964750
-117935.60964750
-117935.60964750
-117935.60964750
-117935.60964750
-117935.60964750
-117935.60964750
-117935.60964750
-117935.60964750
-117935.60964750
-117935.60964750
-117935.60964750
-117935.60964750
-117935.60964750
-117935.60964750
-117935.60964750
-117935.60964750
-117935.60964750
-117935.60964750
-117935.60964750
-117935.60964750
-117935.60964750
-117935.60964750
-117935.60964750
-117935.60964750
-117935.60964750
-117935.60964750
-117935.60964750
-117935.60964750
-117935.60964750
-117935.60964750
-117935.60964750
-117935.60964750
-117935.60964750
-117935.60964750
0.00342013
0.04788186
0.11734593
0.16098211
0.11675625
0.07194072
-0.17442677
0.13774879
0.09198978
0.21558629
0.09694307
0.20980745
0.12053019
0.11274644
0.05743464
0.12265303
0.12383239
-0.16428430
0.21134061
0.13845641
0.16345875
0.18775349
-0.14423525
0.09140010
0.15720817
-0.18138497
0.23115379
0.14447112
-0.15933101
0.22561082
0.17949800
-0.15484946
-0.02854042
0.23752232
0.15001410
0.23799406
0.12972917
0.20756667
0.28115849
0.23186141
0.13255963
0.30309452
-0.12854981
0.23917342
0.27148777
0.22313417
0.20214163
0.08833377
0.31866202
-0.11026980
0.35899600
-0.09222565
0.06769504
0.35758077
0.25497679
0.30061787
0.33198874
0.19482963
0.26842145
0.28493243
0.38824403
0.35451444
0.33399365
0.25002349
0.35097637
0.30875543
0.35250954
0.43176227
0.36560039
0.39119242
0.30781194
0.42893181
0.25450505
0.40923657
0.06061890
0.27408236
0.38812609
0.43647969
0.42893181
0.32585609
0.09446642
0.42303503
0.31984137
0.54026303
0.35993948
0.45735429
0.31146795
0.34036217
0.34142359
0.45652874
0.44426344
0.21346345
0.54851852
0.48164903
0.49886763
0.48447948
0.19860357
0.38399835
0.29955645
0.21782707
0.52917708
0.45086784
0.21405313
0.46985547
0.45204719
0.24825446
0.33953662
0.43565414
0.34802798
0.49509369
0.42633723
-117935.60964750
-117935.60964750
-117935.60964750
-117935.60964750
-117935.60964750
-117935.60964750
-117935.60964750
-117935.60964750
-117935.60964750
-117935.60964750
-117935.60964750
-117935.60964750
-117935.60964750
-117935.60964750
-117935.60964750
-117935.60964750
-117935.60964750
-117935.60964750
-117935.60964750
-117935.60964750
-117935.60964750
-117935.60964750
-117935.60964750
-117935.60964750
-117935.60964750
-117935.60964750
-117935.60964750
-117935.60964750
-117935.60964750
-117935.60964750
-117935.60964750
-117935.60964750
-117935.60964750
-117935.60964750
-117935.60964750
-117935.60964750
-117935.60964750
-117935.60964750
-117935.60964750
-117935.60964750
-117935.60964750
-117935.60964750
-117935.60964750
-117935.60964750
-117935.60964750
-117935.60964750
-117935.60964750
-117935.60964750
-117935.60964750
-117935.60964750
-117935.60964750
-117935.60964750
-117935.60964750
-117935.60964750
-117935.60964750
-117935.60964750
-117935.60964750
-117935.60964750
-117935.60964750
-117935.60964750
-117935.60964750
-117935.60964750
-117935.60964750
-117935.60964750
-117935.60964750
-117935.60964750
-117935.60964750
-117935.60964750
-117935.60964750
-117935.60964750
-117935.60964750
-117935.60964750
-117935.60964750
-117935.60964750
-117935.60964750
-117935.60964750
-117935.60964750
-117935.60964750
-117935.60964750
-117935.60964750
-117935.60964750
-117935.60964750
-117935.60964750
-117935.60964750
-117935.60964750
-117935.60964750
-117935.60964750
-117935.60964750
-117935.60964750
-117935.60964750
-117935.60964750
-117935.60964750
-117935.60964750
-117935.60964750
-117935.60964750
-117935.60964750
-117935.60964750
-117935.60964750
-117935.60964750
-117935.60964750
-117935.60964750
-117935.60964750
-117935.60964750
-117935.60964750
-117935.60964750
-117935.60964750
-117935.60964750
-117935.60964750
-117935.60964750
-117935.60964750
-117935.60964750
-117935.60964750
-117935.60964750
-117935.60964750
-117935.60964750
-117935.60964750
-117935.60964750
-117935.60964750
-117935.60964750
-117935.60964750
-117935.60964750
-117935.60964750
-117935.60964750
-117935.60964750
-117935.60964750
-117935.60964750
-117935.60964750
-117935.60964750
-117935.60964750
-117935.60964750
-117935.60964750
-117935.60964750
-117935.60964750
-117935.60964750
-117935.60964750
-117935.60964750
-117935.60964750
-117935.60964750
-117935.60964750
-117935.60964750
-117935.60964750
-117935.60964750
-117935.60964750
-117935.60964750
-117935.60964750
0.00495330
0.11569483
0.13656944
0.17784690
0.15874133
0.12383239
0.02488441
0.18504097
0.16086417
0.22950270
0.13739499
0.19506550
0.12477588
0.15567500
0.16074624
0.19435788
0.19648073
0.01391640
0.21806294
0.19612692
0.21535042
0.21594010
-0.00660439
0.16322288
0.17996974
0.02358712
0.24330116
0.22620050
0.00530710
0.24966969
0.24094245
0.06934614
0.13857434
0.24235768
0.20980745
0.26523719
0.18657413
0.22561082
0.28174817
0.30238690
0.24683923
0.33894694
0.08467777
0.26252467
0.30179723
0.29377760
0.30498149
0.23209728
0.33800346
0.12182748
0.35946774
0.12383239
0.18633826
0.36359548
0.28693734
0.28045088
0.36206232
0.30321245
0.34260295
0.32278976
0.33069145
0.32632783
0.36536452
0.32538435
0.37468143
0.34236707
0.34260295
0.40852895
0.35380683
0.37774776
0.35357096
0.41867141
0.33080939
0.43246988
0.31901582
0.31677505
0.39437668
0.40970831
0.41301050
0.29649012
0.23539948
0.40970831
0.33894694
0.49745240
0.39013100
0.39390494
0.26075563
0.29861296
0.36890259
0.46301520
0.45994888
0.42987530
0.48966865
0.45216513
0.46608153
0.42503994
0.36418516
0.37668634
0.26028389
0.38647499
0.44308409
0.45994888
0.38859783
0.42645516
0.44096124
0.40923657
0.44084331
0.38270105
0.39272558
0.47999793
0.42669104
0.48943278
-117935.60964750
-117935.60964750
-117935.60964750
-117935.60964750
-117935.60964750
-117935.60964750
-117935.60964750
-117935.60964750
-117935.60964750
-117935.60964750
-117935.60964750
-117935.60964750
-117935.60964750
-117935.60964750
-117935.60964750
-117935.60964750
-117935.60964750
-117935.60964750
-117935.60964750
-117935.60964750
-117935.60964750
-117935.60964750
-117935.60964750
-117935.60964750
-117935.60964750
-117935.60964750
-117935.60964750
-117935.60964750
-117935.60964750
-117935.60964750
-117935.60964750
-117935.60964750
-117935.60964750
-117935.60964750
-117935.60964750
-117935.60964750
-117935.60964750
-117935.60964750
-117935.60964750
-117935.60964750
-117935.60964750
-117935.60964750
-117935.60964750
-117935.60964750
-117935.60964750
-117935.60964750
-117935.60964750
-117935.60964750
-117935.60964750
-117935.60964750
-117935.60964750
-117935.60964750
-117935.60964750
-117935.60964750
-117935.60964750
-117935.60964750
-117935.60964750
-117935.60964750
-117935.60964750
-117935.60964750
-117935.60964750
-117935.60964750
-117935.60964750
-117935.60964750
-117935.60964750
-117935.60964750
-117935.60964750
-117935.60964750
-117935.60964750
-117935.60964750
-117935.60964750
-117935.60964750
-117935.60964750
-117935.60964750
-117935.60964750
-117935.60964750
-117935.60964750
-117935.60964750
-117935.60964750
-117935.60964750
-117935.60964750
-117935.60964750
-117935.60964750
-117935.60964750
-117935.60964750
-117935.60964750
-117935.60964750
-117935.60964750
-117935.60964750
-117935.60964750
-117935.60964750
-117935.60964750
-117935.60964750
-117935.60964750
-117935.60964750
-117935.60964750
-117935.60964750
-117935.60964750
-117935.60964750
-117935.60964750
-117935.60964750
-117935.60964750
-117935.60964750
-117935.60964750
-117935.60964750
-117935.60964750
-117935.60964750
-117935.60964750
-117935.60964750
-117935.60964750
-117935.60964750
-117935.60964750
-117935.60964750
-117935.60964750
-117935.60964750
-117935.60964750
-117935.60964750
-117935.60964750
-117935.60964750
-117935.60964750
-117935.60964750
-117935.60964750
-117935.60964750
-117935.60964750
-117935.60964750
-117935.60964750
-117935.60964750
-117935.60964750
-117935.60964750
-117935.60964750
-117935.60964750
-117935.60964750
-117935.60964750
-117935.60964750
-117935.60964750
-117935.60964750
-117935.60964750
-117935.60964750
-117935.60964750
-117935.60964750
-117935.60964750
-117935.60964750
-117935.60964750
-117935.60964750
-0.00023587
-0.04210301
-0.00342013
0.02523822
-0.01250117
-0.03667797
-0.23374838
0.01934144
-0.00589678
0.06651568
-0.04056985
0.06840265
0.00801962
-0.01816208
-0.06686949
-0.01603924
-0.02535616
-0.24813652
0.04398998
-0.01615718
-0.00849136
0.04387205
-0.22867715
-0.03266816
0.02924803
-0.22903095
0.08691854
-0.00860930
-0.22148307
0.06309555
0.01910557
-0.22006785
-0.11168502
0.08727235
0.00672233
0.04033398
-0.04210301
0.01957731
0.08963106
0.04658457
-0.02335125
0.09033868
-0.20509003
0.05094818
0.06262381
0.03998017
0.00176903
-0.09057455
0.11239264
-0.18421542
0.13102646
-0.16534572
-0.06262381
0.11758180
0.04752805
0.07583260
0.08668267
0.00106142
0.06557220
0.06368523
0.14824506
0.10578824
0.09092836
0.02181809
0.11262851
0.07370976
0.12253510
0.15001410
0.09316913
0.10225017
0.03809320
0.11994052
0.01368053
0.10225017
-0.13456453
0.05248135
0.11003392
0.13609769
0.11534103
0.06604394
-0.12324271
0.12454000
0.06144445
0.19282472
0.07583260
0.16770444
0.08809790
0.07536085
0.05153786
0.12135574
0.10826489
-0.06014716
0.18327194
0.13114440
0.12984711
0.16098211
-0.06415697
0.08514951
0.07406356
-0.03844701
0.19718834
0.10850076
-0.04151333
0.15260868
0.12265303
-0.04611282
0.03019152
0.15425978
0.07842718
0.14482493
0.09552784
0.18563065
0.15921307
-117935.60964750
-117935.60964750
-117935.60964750
-117935.60964750
-117935.60964750
-117935.60964750
-117935.60964750
-117935.60964750
-117935.60964750
-117935.60964750
-117935.60964750
-117935.60964750
-117935.60964750
-117935.60964750
-117935.60964750
-117935.60964750
-117935.60964750
-117935.60964750
-117935.60964750
-117935.60964750
-117935.60964750
-117935.60964750
-117935.60964750
-117935.60964750
-117935.60964750
-117935.60964750
-117935.60964750
-117935.60964750
-117935.60964750
-117935.60964750
-117935.60964750
-117935.60964750
-117935.60964750
-117935.60964750
-117935.60964750
-117935.60964750
-117935.60964750
-117935.60964750
-117935.60964750
-117935.60964750
-117935.60964750
-117935.60964750
-117935.60964750
-117935.60964750
-117935.60964750
-117935.60964750
-117935.60964750
-117935.60964750
-117935.60964750
-117935.60964750
-117935.60964750
-117935.60964750
-117935.60964750
-117935.60964750
-117935.60964750
-117935.60964750
-117935.60964750
-117935.60964750
-117935.60964750
-117935.60964750
-117935.60964750
-117935.60964750
-117935.60964750
-117935.60964750
-117935.60964750
-117935.60964750
-117935.60964750
-117935.60964750
-117935.60964750
-117935.60964750
-117935.60964750
-117935.60964750
-117935.60964750
-117935.60964750
-117935.60964750
-117935.60964750
-117935.60964750
-117935.60964750
-117935.60964750
-117935.60964750
-117935.60964750
-117935.60964750
-117935.60964750
-117935.60964750
-117935.60964750
-117935.60964750
-117935.60964750
-117935.60964750
-117935.60964750
-117935.60964750
-117935.60964750
-117935.60964750
-117935.60964750
-117935.60964750
-117935.60964750
-117935.60964750
-117935.60964750
-117935.60964750
-117935.60964750
-117935.60964750
-117935.60964750
-117935.60964750
-117935.60964750
-117935.60964750
-117935.60964750
-117935.60964750
-117935.60964750
-117935.60964750
-117935.60964750
-117935.60964750
-117935.60964750
-117935.60964750
-117935.60964750
-117935.60964750
-117935.60964750
-117935.60964750
-117935.60964750
-117935.60964750
-117935.60964750
-117935.60964750
-117935.60964750
-117935.60964750
-117935.60964750
-117935.60964750
-117935.60964750
-117935.60964750
-117935.60964750
-117935.60964750
-117935.60964750
-117935.60964750
-117935.60964750
-117935.60964750
-117935.60964750
-117935.60964750
-117935.60964750
-117935.60964750
-117935.60964750
-117935.60964750
-117935.60964750
-117935.60964750
-117935.60964750
-117935.60964750
-117935.60964750
0.00011794
-0.06156239
-0.02559203
0.00424568
-0.03078119
-0.04552315
-0.25155666
-0.00495330
-0.03231436
0.04163127
-0.05236341
0.04776392
0.00483536
-0.03148881
-0.08856964
-0.03726765
-0.04422585
-0.24436258
0.03101707
-0.02429474
-0.01863383
0.03290404
-0.22903095
-0.03255023
0.01533163
-0.21888849
0.08161144
-0.01297292
-0.19883944
0.05696290
0.01096801
-0.22195482
-0.12654491
0.06946407
-0.01438814
0.02240777
-0.04340030
0.00825549
0.06486459
0.01462402
-0.05637322
0.05684496
-0.19117362
0.03290404
0.03986224
0.02217189
-0.01710066
-0.10814695
0.08739029
-0.17053489
0.09517404
-0.15095758
-0.06215207
0.08385222
0.02040286
0.04292856
0.04257476
-0.03514481
0.02476648
0.02016699
0.09717894
0.06168032
0.05083025
-0.00742994
0.07182279
0.02995564
0.07241246
0.10437301
0.07217659
0.06368523
0.00023587
0.06179826
-0.01839796
0.05153786
-0.13680531
0.01002453
0.06203413
0.07807337
0.06144445
0.02252570
-0.11168502
0.06757710
-0.00330220
0.11982258
0.01651099
0.10637792
0.04186714
0.02653551
-0.00011794
0.04387205
0.02429474
-0.10791108
0.09883004
0.05436832
0.04847154
0.07937067
-0.09552784
0.00849136
0.01132182
-0.07524292
0.11227470
0.02488441
-0.07276627
0.07312008
0.04752805
-0.07135104
-0.02736106
0.07771957
-0.00176903
0.04882534
0.02028492
0.10295779
0.08184731
0.05259928
-117935.60964750
-117935.60964750
-117935.60964750
-117935.60964750
-117935.60964750
-117935.60964750
-117935.60964750
-117935.60964750
-117935.60964750
-117935.60964750
-117935.60964750
-117935.60964750
-117935.60964750
-117935.60964750
-117935.60964750
-117935.60964750
-117935.60964750
-117935.60964750
-117935.60964750
-117935.60964750
-117935.60964750
-117935.60964750
-117935.60964750
-117935.60964750
-117935.60964750
-117935.60964750
-117935.60964750
-117935.60964750
-117935.60964750
-117935.60964750
-117935.60964750
-117935.60964750
-117935.60964750
-117935.60964750
-117935.60964750
-117935.60964750
-117935.60964750
-117935.60964750
-117935.60964750
-117935.60964750
-117935.60964750
-117935.60964750
-117935.60964750
-117935.60964750
-117935.60964750
-117935.60964750
-117935.60964750
-117935.60964750
-117935.60964750
-117935.60964750
-117935.60964750
-117935.60964750
-117935.60964750
-117935.60964750
-117935.60964750
-117935.60964750
-117935.60964750
-117935.60964750
-117935.60964750
-117935.60964750
-117935.60964750
-117935.60964750
-117935.60964750
-117935.60964750
-117935.60964750
-117935.60964750
-117935.60964750
-117935.60964750
-117935.60964750
-117935.60964750
-117935.60964750
-117935.60964750
-117935.60964750
-117935.60964750
-117935.60964750
-117935.60964750
-117935.60964750
-117935.60964750
-117935.60964750
-117935.60964750
-117935.60964750
-117935.60964750
-117935.60964750
-117935.60964750
-117935.60964750
-117935.60964750
-117935.60964750
-117935.60964750
-117935.60964750
-117935.60964750
-117935.60964750
-117935.60964750
-117935.60964750
-117935.60964750
-117935.60964750
-117935.60964750
-117935.60964750
-117935.60964750
-117935.60964750
-117935.60964750
-117935.60964750
-117935.60964750
-117935.60964750
-117935.60964750
-117935.60964750
-117935.60964750
-117935.60964750
-117935.60964750
-117935.60964750
-117935.60964750
-117935.60964750
-117935.60964750
-117935.60964750
-117935.60964750
-117935.60964750
-117935.60964750
-117935.60964750
-117935.60964750
-117935.60964750
-117935.60964750
-117935.60964750
-117935.60964750
-117935.60964750
-117935.60964750
-117935.60964750
-117935.60964750
-117935.60964750
-117935.60964750
-117935.60964750
-117935.60964750
-117935.60964750
-117935.60964750
-117935.60964750
-117935.60964750
-117935.60964750
-117935.60964750
-117935.60964750
-117935.60964750
-117935.60964750
-117935.60964750
-117935.60964750
-117935.60964750
0.00636852
0.11569483
0.15909514
0.20579764
0.15650055
0.10449095
-0.10956218
0.18527684
0.14388144
0.26688828
0.15473152
0.25273601
0.13763086
0.17761103
0.16746857
0.22855921
0.23044618
-0.04858947
0.26158118
0.20957158
0.22879508
0.25639202
-0.05177373
0.16652508
0.20461828
-0.04340030
0.27325681
0.22053959
-0.08526745
0.26736003
0.23138967
-0.09470229
0.03703178
0.27938946
0.21476075
0.30663259
0.18669207
0.27738455
0.34354643
0.35439651
0.27290300
0.41489747
-0.01285498
0.29896677
0.34885353
0.30592497
0.30368419
0.20037260
0.38789022
-0.03856494
0.43565414
-0.05224548
0.10567031
0.43942808
0.34319262
0.36607213
0.45652874
0.33705997
0.41124147
0.40911863
0.48554090
0.44709390
0.43718730
0.33305016
0.42857801
0.40015552
0.43824873
0.52056778
0.43211607
0.49521162
0.43895634
0.57446435
0.39532016
0.54639568
0.20166989
0.38789022
0.48636645
0.55559466
0.54851852
0.42055838
0.16534572
0.55134898
0.47374734
0.68897983
0.51561449
0.57116216
0.40546263
0.44214060
0.47799303
0.62694570
0.63425771
0.40062727
0.71197728
0.64498985
0.66834110
0.64640508
0.30486355
0.56231699
0.42386058
0.36925639
0.69145648
0.65230186
0.38659293
0.63119138
0.61479833
0.37574285
0.48660233
0.56208112
0.50582583
0.66586445
0.57010074
0.73179046
0.60571729
0.75160364
0.63873926
-117935.60964750
-117935.60964750
-117935.60964750
-117935.60964750
-117935.60964750
-117935.60964750
-117935.60964750
-117935.60964750
-117935.60964750
-117935.60964750
-117935.60964750
-117935.60964750
-117935.60964750
-117935.60964750
-117935.60964750
-117935.60964750
-117935.60964750
-117935.60964750
-117935.60964750
-117935.60964750
-117935.60964750
-117935.60964750
-117935.60964750
-117935.60964750
-117935.60964750
-117935.60964750
-117935.60964750
-117935.60964750
-117935.60964750
-117935.60964750
-117935.60964750
-117935.60964750
-117935.60964750
-117935.60964750
-117935.60964750
-117935.60964750
-117935.60964750
-117935.60964750
-117935.60964750
-117935.60964750
-117935.60964750
-117935.60964750
-117935.60964750
-117935.60964750
-117935.60964750
-117935.60964750
-117935.60964750
-117935.60964750
-117935.60964750
-117935.60964750
-117935.60964750
-117935.60964750
-117935.60964750
-117935.60964750
-117935.60964750
-117935.60964750
-117935.60964750
-117935.60964750
-117935.60964750
-117935.60964750
-117935.60964750
-117935.60964750
-117935.60964750
-117935.60964750
-117935.60964750
-117935.60964750
-117935.60964750
-117935.60964750
-117935.60964750
-117935.60964750
-117935.60964750
-117935.60964750
-117935.60964750
-117935.60964750
-117935.60964750
-117935.60964750
-117935.60964750
-117935.60964750
-117935.60964750
-117935.60964750
-117935.60964750
-117935.60964750
-117935.60964750
-117935.60964750
-117935.60964750
-117935.60964750
-117935.60964750
-117935.60964750
-117935.60964750
-117935.60964750
-117935.60964750
-117935.60964750
-117935.60964750
-117935.60964750
-117935.60964750
-117935.60964750
-117935.60964750
-117935.60964750
-117935.60964750
-117935.60964750
-117935.60964750
-117935.60964750
-117935.60964750
-117935.60964750
-117935.60964750
-117935.60964750
-117935.60964750
-117935.60964750
-117935.60964750
-117935.60964750
-117935.60964750
-117935.60964750
-117935.60964750
-117935.60964750
-117935.60964750
-117935.60964750
-117935.60964750
-117935.60964750
-117935.60964750
-117935.60964750
-117935.60964750
-117935.60964750
-117935.60964750
-117935.60964750
-117935.60964750
-117935.60964750
-117935.60964750
-117935.60964750
-117935.60964750
-117935.60964750
-117935.60964750
-117935.60964750
-117935.60964750
-117935.60964750
-117935.60964750
-117935.60964750
-117935.60964750
-117935.60964750
-117935.60964750
-117935.60964750
-117935.60964750
0.00094348
-0.03974430
-0.00483536
0.02712519
-0.01226530
-0.02641758
-0.23822993
0.02264364
-0.01816208
0.06969995
-0.03998017
0.07712989
0.03172468
0.01651099
-0.04717424
-0.01603924
-0.03443720
-0.29519283
0.04929708
0.00247665
0.01568544
0.05531180
-0.23138967
-0.02488441
0.03278610
-0.22620050
0.10472682
0.00648646
-0.21629391
0.07771957
0.03585243
-0.19990086
-0.10260398
0.09658926
-0.00389188
0.04127746
-0.02995564
0.04799979
0.10814695
0.06215207
-0.02606377
0.08809790
-0.23044618
0.05767051
0.08078589
0.06227000
0.02193602
-0.08550332
0.11828942
-0.19872150
0.13409279
-0.15944894
-0.05295309
0.12430413
0.05484006
0.08892345
0.10107082
0.02170015
0.07040756
0.05448625
0.13503627
0.10319366
0.10107082
0.04835360
0.12406826
0.07335595
0.11604864
0.15095758
0.10649586
0.12218129
0.06250587
0.12972917
0.02712519
0.10319366
-0.13456453
0.04894328
0.11074154
0.13409279
0.11475135
0.06344936
-0.08455983
0.12454000
0.05932161
0.18728175
0.05719877
0.15732610
0.07076137
0.07677608
0.06840265
0.11840735
0.09423055
-0.08963106
0.15744404
0.11734593
0.12147368
0.14848093
-0.03573449
0.06616188
0.05413244
-0.04493347
0.18244639
0.09918385
-0.01875176
0.13633356
0.10826489
-0.02594583
0.03644210
0.13763086
0.05554767
0.11239264
0.06215207
0.17206805
0.14517874
0.15331629
0.08526745
0.16192559
-117935.60964750
-117935.60964750
-117935.60964750
-117935.60964750
-117935.60964750
-117935.60964750
-117935.60964750
-117935.60964750
-117935.60964750
-117935.60964750
-117935.60964750
-117935.60964750
-117935.60964750
-117935.60964750
-117935.60964750
-117935.60964750
-117935.60964750
-117935.60964750
-117935.60964750
-117935.60964750
-117935.60964750
-117935.60964750
-117935.60964750
-117935.60964750
-117935.60964750
-117935.60964750
-117935.60964750
-117935.60964750
-117935.60964750
-117935.60964750
-117935.60964750
-117935.60964750
-117935.60964750
-117935.60964750
-117935.60964750
-117935.60964750
-117935.60964750
-117935.60964750
-117935.60964750
-117935.60964750
-117935.60964750
-117935.60964750
-117935.60964750
-117935.60964750
-117935.60964750
-117935.60964750
-117935.60964750
-117935.60964750
-117935.60964750
-117935.60964750
-117935.60964750
-117935.60964750
-117935.60964750
-117935.60964750
-117935.60964750
-117935.60964750
-117935.60964750
-117935.60964750
-117935.60964750
-117935.60964750
-117935.60964750
-117935.60964750
-117935.60964750
-117935.60964750
-117935.60964750
-117935.60964750
-117935.60964750
-117935.60964750
-117935.60964750
-117935.60964750
-117935.60964750
-117935.60964750
-117935.60964750
-117935.60964750
-117935.60964750
-117935.60964750
-117935.60964750
-117935.60964750
-117935.60964750
-117935.60964750
-117935.60964750
-117935.60964750
-117935.60964750
-117935.60964750
-117935.60964750
-117935.60964750
-117935.60964750
-117935.60964750
-117935.60964750
-117935.60964750
-117935.60964750
-117935.60964750
-117935.60964750
-117935.60964750
-117935.60964750
-117935.60964750
-117935.60964750
-117935.60964750
-117935.60964750
-117935.60964750
-117935.60964750
-117935.60964750
-117935.60964750
-117935.60964750
-117935.60964750
-117935.60964750
-117935.60964750
-117935.60964750
-117935.60964750
-117935.60964750
-117935.60964750
-117935.60964750
-117935.60964750
-117935.60964750
-117935.60964750
-117935.60964750
-117935.60964750
-117935.60964750
-117935.60964750
-117935.60964750
-117935.60964750
-117935.60964750
-117935.60964750
-117935.60964750
-117935.60964750
-117935.60964750
-117935.60964750
-117935.60964750
-117935.60964750
-117935.60964750
-117935.60964750
-117935.60964750
-117935.60964750
-117935.60964750
-117935.60964750
-117935.60964750
-117935.60964750
-117935.60964750
-117935.60964750
-117935.60964750
0.03384752
0.63638055
0.68426241
0.82779004
0.78828161
0.59073947
0.33729584
0.80502847
0.64793824
1.00410378
0.87732300
0.87496429
0.52681837
0.69782500
0.87708713
1.13336121
1.19846167
0.94030062
1.06389713
1.03299800
1.02144032
0.98853628
0.28387101
0.84500864
0.68803635
0.52115746
0.90609929
1.01129785
0.49603717
0.97827588
0.98983357
0.35133018
0.51195848
0.92343582
0.92850705
1.24150816
0.99773526
1.09420659
1.16768047
1.39069671
1.23561138
1.55144294
0.88298391
1.18112513
1.34765021
1.22263847
1.31498205
1.10234414
1.34658879
0.51172261
1.46204775
0.47846477
0.74193292
1.51405736
1.33621046
1.30259881
1.65074473
1.36675578
1.47785112
1.57278929
1.60109384
1.66147687
1.64531969
1.43869650
1.45968904
1.47360544
1.52019001
1.73341759
1.46228362
1.74414973
1.70452337
2.01068421
1.57597355
2.05491006
1.46629343
1.57644529
1.76148627
1.95525447
1.99205038
1.61335914
0.98546995
1.97388830
1.76384498
2.36472691
2.07519499
1.91574604
1.56406206
1.74108341
1.96197680
2.31307111
2.36543452
1.88295994
2.45565526
2.43301163
2.52582695
2.25257014
1.62503477
2.15208900
1.55108914
1.86432612
2.30823575
2.49764034
1.99900858
2.24018691
2.34161153
2.13675738
2.25056524
1.93532335
2.08073796
2.55413150
2.40140488
2.73292188
2.14725364
2.82337849
2.50978771
2.98518615
3.79457824
-117935.60964750
-117935.60964750
-117935.60964750
-117935.60964750
-117935.60964750
-117935.60964750
-117935.60964750
-117935.60964750
-117935.60964750
-117935.60964750
-117935.60964750
-117935.60964750
-117935.60964750
-117935.60964750
-117935.60964750
-117935.60964750
-117935.60964750
-117935.60964750
-117935.60964750
-117935.60964750
-117935.60964750
-117935.60964750
-117935.60964750
-117935.60964750
-117935.60964750
-117935.60964750
-117935.60964750
-117935.60964750
-117935.60964750
-117935.60964750
-117935.60964750
-117935.60964750
-117935.60964750
-117935.60964750
-117935.60964750
-117935.60964750
-117935.60964750
-117935.60964750
-117935.60964750
-117935.60964750
-117935.60964750
-117935.60964750
-117935.60964750
-117935.60964750
-117935.60964750
-117935.60964750
-117935.60964750
-117935.60964750
-117935.60964750
-117935.60964750
-117935.60964750
-117935.60964750
-117935.60964750
-117935.60964750
-117935.60964750
-117935.60964750
-117935.60964750
-117935.60964750
-117935.60964750
-117935.60964750
-117935.60964750
-117935.60964750
-117935.60964750
-117935.60964750
-117935.60964750
-117935.60964750
-117935.60964750
-117935.60964750
-117935.60964750
-117935.60964750
-117935.60964750
-117935.60964750
-117935.60964750
-117935.60964750
-117935.60964750
-117935.60964750
-117935.60964750
-117935.60964750
-117935.60964750
-117935.60964750
-117935.60964750
-117935.60964750
-117935.60964750
-117935.60964750
-117935.60964750
-117935.60964750
-117935.60964750
-117935.60964750
-117935.60964750
-117935.60964750
-117935.60964750
-117935.60964750
-117935.60964750
-117935.60964750
-117935.60964750
-117935.60964750
-117935.60964750
-117935.60964750
-117935.60964750
-117935.60964750
-117935.60964750
-117935.60964750
-117935.60964750
-117935.60964750
-117935.60964750
-117935.60964750
-117935.60964750
-117935.60964750
-117935.60964750
-117935.60964750
-117935.60964750
-117935.60964750
-117935.60964750
-117935.60964750
-117935.60964750
-117935.60964750
-117935.60964750
-117935.60964750
-117935.60964750
-117935.60964750
-117935.60964750
-117935.60964750
-117935.60964750
-117935.60964750
-117935.60964750
-117935.60964750
-117935.60964750
-117935.60964750
-117935.60964750
-117935.60964750
-117935.60964750
-117935.60964750
-117935.60964750
-117935.60964750
-117935.60964750
-117935.60964750
-117935.60964750
-117935.60964750
-117935.60964750
0.00094348
-0.01886970
0.00731201
0.03243229
0.01037833
0.01485989
-0.08385222
0.04210301
0.02712519
0.06828472
-0.00318426
0.06521839
0.04446172
0.07512498
0.05318896
0.02747900
0.00566091
-0.23492773
0.02700725
0.03962636
0.06616188
0.07382769
-0.03656004
0.02382299
0.06333142
-0.10484476
0.10036320
0.05696290
-0.09859417
0.08727235
0.06627981
-0.07359182
0.00035381
0.10413714
0.05460419
0.08467777
0.04115953
0.09033868
0.12913949
0.12383239
0.07630434
0.10991599
-0.16970934
0.04906121
0.09022074
0.11722800
0.11663832
0.07312008
0.13338517
-0.05389657
0.13704118
-0.03597036
0.04304650
0.14907061
0.10201430
0.11298231
0.13656944
0.11970464
0.12170955
0.08467777
0.09812243
0.08727235
0.13079059
0.11581277
0.16440224
0.13373898
0.13338517
0.16275114
0.12123781
0.14093305
0.13751292
0.16558160
0.13727705
0.13975370
-0.00176903
0.06109065
0.10567031
0.13008298
0.14576841
0.08774409
0.13185201
0.14553254
0.11498722
0.18397955
0.10248604
0.13008298
0.03703178
0.05224548
0.11498722
0.16864792
0.15874133
0.15826959
0.15378803
0.13739499
0.13574389
0.14399938
0.20615145
0.10649586
0.05236341
0.11758180
0.15166519
0.12347858
0.16168972
0.12395033
0.12512968
0.15355216
0.13881021
0.10920837
0.08762616
0.12395033
0.09234358
0.15980275
0.10130669
0.16263321
0.16911966
0.15980275
0.13692324
0.05837813
-117935.60964750
-117935.60964750
-117935.60964750
-117935.60964750
-117935.60964750
-117935.60964750
-117935.60964750
-117935.60964750
-117935.60964750
-117935.60964750
-117935.60964750
-117935.60964750
-117935.60964750
-117935.60964750
-117935.60964750
-117935.60964750
-117935.60964750
-117935.60964750
-117935.60964750
-117935.60964750
-117935.60964750
-117935.60964750
-117935.60964750
-117935.60964750
-117935.60964750
-117935.60964750
-117935.60964750
-117935.60964750
-117935.60964750
-117935.60964750
-117935.60964750
-117935.60964750
-117935.60964750
-117935.60964750
-117935.60964750
-117935.60964750
-117935.60964750
-117935.60964750
-117935.60964750
-117935.60964750
-117935.60964750
-117935.60964750
-117935.60964750
-117935.60964750
-117935.60964750
-117935.60964750
-117935.60964750
-117935.60964750
-117935.60964750
-117935.60964750
-117935.60964750
-117935.60964750
-117935.60964750
-117935.60964750
-117935.60964750
-117935.60964750
-117935.60964750
-117935.60964750
-117935.60964750
-117935.60964750
-117935.60964750
-117935.60964750
-117935.60964750
-117935.60964750
-117935.60964750
-117935.60964750
-117935.60964750
-117935.60964750
-117935.60964750
-117935.60964750
-117935.60964750
-117935.60964750
-117935.60964750
-117935.60964750
-117935.60964750
-117935.60964750
-117935.60964750
-117935.60964750
-117935.60964750
-117935.60964750
-117935.60964750
-117935.60964750
-117935.60964750
-117935.60964750
-117935.60964750
-117935.60964750
-117935.60964750
-117935.60964750
-117935.60964750
-117935.60964750
-117935.60964750
-117935.60964750
-117935.60964750
-117935.60964750
-117935.60964750
-117935.60964750
-117935.60964750
-117935.60964750
-117935.60964750
-117935.60964750
-117935.60964750
-117935.60964750
-117935.60964750
-117935.60964750
-117935.60964750
-117935.60964750
-117935.60964750
-117935.60964750
-117935.60964750
-117935.60964750
-117935.60964750
-117935.60964750
-117935.60964750
-117935.60964750
-117935.60964750
-117935.60964750
-117935.60964750
-117935.60964750
-117935.60964750
-117935.60964750
-117935.60964750
-117935.60964750
-117935.60964750
-117935.60964750
-117935.60964750
-117935.60964750
-117935.60964750
-117935.60964750
-117935.60964750
-117935.60964750
-117935.60964750
-117935.60964750
-117935.60964750
-117935.60964750
-117935.60964750
-117935.60964750
-117935.60964750
-117935.60964750
0.00153316
-0.03667797
0.00400981
0.03927256
-0.00330220
-0.02217189
-0.23398425
0.02075667
-0.00896311
0.07382769
-0.04281063
0.08161144
0.01462402
0.01710066
-0.02724313
0.01108595
-0.00365600
-0.27691281
0.04953296
0.00271252
0.01592131
0.06922820
-0.19176330
-0.01379847
0.04764599
-0.23480980
0.10944425
0.01108595
-0.21865262
0.08361635
0.03726765
-0.21417107
-0.10661379
0.10272192
0.00872724
0.04858947
-0.04009811
0.04222095
0.11522309
0.08573919
0.01556750
0.11864322
-0.23917342
0.05672703
0.08208318
0.07194072
0.04210301
-0.04092366
0.13727705
-0.19176330
0.15449565
-0.21216616
-0.08055002
0.14435319
0.07618640
0.10673173
0.13232375
0.05153786
0.11451548
0.09847623
0.17619580
0.13456453
0.12772427
0.06073684
0.14907061
0.10708553
0.15520326
0.18103116
0.10920837
0.13480040
0.08739029
0.17890832
0.08113970
0.15036790
-0.09977353
0.07842718
0.13468247
0.17242186
0.16003862
0.10000940
-0.05519387
0.17029902
0.11262851
0.24141419
0.10979805
0.20155196
0.09670720
0.09470229
0.09658926
0.18197465
0.17253980
0.01037833
0.22891302
0.17371915
0.16876586
0.20968951
-0.01143975
0.13208788
0.10401921
-0.00353807
0.24695717
0.15425978
0.00141523
0.19235298
0.16475605
0.02252570
0.08361635
0.17749309
0.09824036
0.15956688
0.09717894
0.20178783
0.17513438
0.19990086
0.13963576
0.23669677
0.11203883
0.18315400
0.17383709
-117935.60964750
-117935.60964750
-117935.60964750
-117935.60964750
-117935.60964750
-117935.60964750
-117935.60964750
-117935.60964750
-117935.60964750
-117935.60964750
-117935.60964750
-117935.60964750
-117935.60964750
-117935.60964750
-117935.60964750
-117935.60964750
-117935.60964750
-117935.60964750
-117935.60964750
-117935.60964750
-117935.60964750
-117935.60964750
-117935.60964750
-117935.60964750
-117935.60964750
-117935.60964750
-117935.60964750
-117935.60964750
-117935.60964750
-117935.60964750
-117935.60964750
-117935.60964750
-117935.60964750
-117935.60964750
-117935.60964750
-117935.60964750
-117935.60964750
-117935.60964750
-117935.60964750
-117935.60964750
-117935.60964750
-117935.60964750
-117935.60964750
-117935.60964750
-117935.60964750
-117935.60964750
-117935.60964750
-117935.60964750
-117935.60964750
-117935.60964750
-117935.60964750
-117935.60964750
-117935.60964750
-117935.60964750
-117935.60964750
-117935.60964750
-117935.60964750
-117935.60964750
-117935.60964750
-117935.60964750
-117935.60964750
-117935.60964750
-117935.60964750
-117935.60964750
-117935.60964750
-117935.60964750
-117935.60964750
-117935.60964750
-117935.60964750
-117935.60964750
-117935.60964750
-117935.60964750
-117935.60964750
-117935.60964750
-117935.60964750
-117935.60964750
-117935.60964750
-117935.60964750
-117935.60964750
-117935.60964750
-117935.60964750
-117935.60964750
-117935.60964750
-117935.60964750
-117935.60964750
-117935.60964750
-117935.60964750
-117935.60964750
-117935.60964750
-117935.60964750
-117935.60964750
-117935.60964750
-117935.60964750
-117935.60964750
-117935.60964750
-117935.60964750
-117935.60964750
-117935.60964750
-117935.60964750
-117935.60964750
-117935.60964750
-117935.60964750
-117935.60964750
-117935.60964750
-117935.60964750
-117935.60964750
-117935.60964750
-117935.60964750
-117935.60964750
-117935.60964750
-117935.60964750
-117935.60964750
-117935.60964750
-117935.60964750
-117935.60964750
-117935.60964750
-117935.60964750
-117935.60964750
-117935.60964750
-117935.60964750
-117935.60964750
-117935.60964750
-117935.60964750
-117935.60964750
-117935.60964750
-117935.60964750
-117935.60964750
-117935.60964750
-117935.60964750
-117935.60964750
-117935.60964750
-117935.60964750
-117935.60964750
-117935.60964750
-117935.60964750
-117935.60964750
-117935.60964750
0.00035381
-0.10484476
-0.07370976
-0.03172468
-0.07453531
-0.08621093
-0.32845067
-0.03915462
-0.06911027
0.01792621
-0.10637792
0.03549862
-0.03844701
-0.06451078
-0.11640245
-0.04835360
-0.06050097
-0.30804781
-0.00754788
-0.07830924
-0.09081042
0.00860930
-0.32644577
-0.08125764
-0.01073214
-0.29778741
0.05354277
-0.08055002
-0.30144342
0.01474195
-0.04163127
-0.30568910
-0.19046601
0.04363618
-0.06686949
-0.03243229
-0.11911497
-0.03184261
0.03549862
-0.00613265
-0.07760163
0.03868288
-0.28387101
-0.01875176
-0.01568544
-0.02736106
-0.08196525
-0.17867245
0.05991129
-0.24212181
0.06592601
-0.29259825
-0.17702135
0.03644210
-0.03030945
-0.00117936
0.00530710
-0.07477118
0.00459949
-0.01804415
0.08267286
0.02476648
-0.00082555
-0.08161144
0.01851589
-0.02712519
0.04469760
0.06274174
0.00459949
0.00448155
-0.05920368
0.03172468
-0.04623076
0.01710066
-0.19270679
-0.01769034
0.00518917
0.03137087
0.00377394
-0.03372958
-0.21275584
0.02901216
-0.02983771
0.08514951
-0.03998017
0.07712989
0.00530710
-0.03266816
-0.07076137
0.00259458
-0.01202943
-0.17419090
0.07359182
0.01108595
-0.00849136
0.05601941
-0.22207275
-0.03113500
-0.00872724
-0.15249074
0.09269739
-0.03821114
-0.19070188
0.02736106
-0.01085008
-0.14800919
-0.08656474
0.03868288
-0.05542974
-0.02299744
-0.06934614
0.03361165
0.03148881
0.01580337
-0.05189167
0.05531180
-0.06922820
0.04434379
0.04104159
0.01073214
-117935.60964750
-117935.60964750
-117935.60964750
-117935.60964750
-117935.60964750
-117935.60964750
-117935.60964750
-117935.60964750
-117935.60964750
-117935.60964750
-117935.60964750
-117935.60964750
-117935.60964750
-117935.60964750
-117935.60964750
-117935.60964750
-117935.60964750
-117935.60964750
-117935.60964750
-117935.60964750
-117935.60964750
-117935.60964750
-117935.60964750
-117935.60964750
-117935.60964750
-117935.60964750
-117935.60964750
-117935.60964750
-117935.60964750
-117935.60964750
-117935.60964750
-117935.60964750
-117935.60964750
-117935.60964750
-117935.60964750
-117935.60964750
-117935.60964750
-117935.60964750
-117935.60964750
-117935.60964750
-117935.60964750
-117935.60964750
-117935.60964750
-117935.60964750
-117935.60964750
-117935.60964750
-117935.60964750
-117935.60964750
-117935.60964750
-117935.60964750
-117935.60964750
-117935.60964750
-117935.60964750
-117935.60964750
-117935.60964750
-117935.60964750
-117935.60964750
-117935.60964750
-117935.60964750
-117935.60964750
-117935.60964750
-117935.60964750
-117935.60964750
-117935.60964750
-117935.60964750
-117935.60964750
-117935.60964750
-117935.60964750
-117935.60964750
-117935.60964750
-117935.60964750
-117935.60964750
-117935.60964750
-117935.60964750
-117935.60964750
-117935.60964750
-117935.60964750
-117935.60964750
-117935.60964750
-117935.60964750
-117935.60964750
-117935.60964750
-117935.60964750
-117935.60964750
-117935.60964750
-117935.60964750
-117935.60964750
-117935.60964750
-117935.60964750
-117935.60964750
-117935.60964750
-117935.60964750
-117935.60964750
-117935.60964750
-117935.60964750
-117935.60964750
-117935.60964750
-117935.60964750
-117935.60964750
-117935.60964750
-117935.60964750
-117935.60964750
-117935.60964750
-117935.60964750
-117935.60964750
-117935.60964750
-117935.60964750
-117935.60964750
-117935.60964750
-117935.60964750
-117935.60964750
-117935.60964750
-117935.60964750
-117935.60964750
-117935.60964750
-117935.60964750
-117935.60964750
-117935.60964750
-117935.60964750
-117935.60964750
-117935.60964750
-117935.60964750
-117935.60964750
-117935.60964750
-117935.60964750
-117935.60964750
-117935.60964750
-117935.60964750
-117935.60964750
-117935.60964750
-117935.60964750
-117935.60964750
-117935.60964750
-117935.60964750
-117935.60964750
-117935.60964750
0.00058968
-0.06769504
-0.02830455
0.00412775
-0.04693837
-0.06132652
-0.30734020
-0.01969525
-0.05189167
0.03549862
-0.09493817
0.06002923
-0.00648646
-0.03078119
-0.10637792
-0.04281063
-0.05366070
-0.30415594
0.04104159
-0.03986224
-0.03597036
0.03255023
-0.32149247
-0.06238794
0.01285498
-0.29212651
0.08361635
-0.04505140
-0.29082921
0.04764599
-0.01096801
-0.28280959
-0.17218599
0.06981788
-0.05578354
-0.01403434
-0.10213224
0.00153316
0.07288421
0.01438814
-0.07087930
0.06120858
-0.28870637
0.03255023
0.04304650
0.00896311
-0.04682044
-0.16133591
0.09399468
-0.25910453
0.11663832
-0.26417577
-0.14175860
0.08762616
0.00896311
0.05271722
0.06120858
-0.04021604
0.04269269
0.03113500
0.14482493
0.09151803
0.05814226
-0.01250117
0.07559673
0.02122841
0.09352294
0.11876116
0.06604394
0.07866305
0.00342013
0.10154256
-0.01674686
0.07441737
-0.18256432
0.03679591
0.09364087
0.11640245
0.08184731
0.03266816
-0.18916872
0.10201430
0.03479100
0.17183218
0.02146428
0.15484946
0.06675156
0.05484006
0.01273705
0.08338048
0.06156239
-0.17159631
0.16098211
0.09753275
0.09824036
0.14435319
-0.16334082
0.04398998
0.05035851
-0.13267756
0.19353234
0.06745917
-0.14164067
0.12430413
0.07807337
-0.11769974
-0.02217189
0.12607317
0.01368053
0.06120858
-0.00342013
0.11746387
0.12100194
0.10036320
0.01438814
0.13232375
-0.08326254
0.11734593
0.11864322
0.10684966
0.06451078
-117935.60964750
-117935.60964750
-117935.60964750
-117935.60964750
-117935.60964750
-117935.60964750
-117935.60964750
-117935.60964750
-117935.60964750
-117935.60964750
-117935.60964750
-117935.60964750
-117935.60964750
-117935.60964750
-117935.60964750
-117935.60964750
-117935.60964750
-117935.60964750
-117935.60964750
-117935.60964750
-117935.60964750
-117935.60964750
-117935.60964750
-117935.60964750
-117935.60964750
-117935.60964750
-117935.60964750
-117935.60964750
-117935.60964750
-117935.60964750
-117935.60964750
-117935.60964750
-117935.60964750
-117935.60964750
-117935.60964750
-117935.60964750
-117935.60964750
-117935.60964750
-117935.60964750
-117935.60964750
-117935.60964750
-117935.60964750
-117935.60964750
-117935.60964750
-117935.60964750
-117935.60964750
-117935.60964750
-117935.60964750
-117935.60964750
-117935.60964750
-117935.60964750
-117935.60964750
-117935.60964750
-117935.60964750
-117935.60964750
-117935.60964750
-117935.60964750
-117935.60964750
-117935.60964750
-117935.60964750
-117935.60964750
-117935.60964750
-117935.60964750
-117935.60964750
-117935.60964750
-117935.60964750
-117935.60964750
-117935.60964750
-117935.60964750
-117935.60964750
-117935.60964750
-117935.60964750
-117935.60964750
-117935.60964750
-117935.60964750
-117935.60964750
-117935.60964750
-117935.60964750
-117935.60964750
-117935.60964750
-117935.60964750
-117935.60964750
-117935.60964750
-117935.60964750
-117935.60964750
-117935.60964750
-117935.60964750
-117935.60964750
-117935.60964750
-117935.60964750
-117935.60964750
-117935.60964750
-117935.60964750
-117935.60964750
-117935.60964750
-117935.60964750
-117935.60964750
-117935.60964750
-117935.60964750
-117935.60964750
-117935.60964750
-117935.60964750
-117935.60964750
-117935.60964750
-117935.60964750
-117935.60964750
-117935.60964750
-117935.60964750
-117935.60964750
-117935.60964750
-117935.60964750
-117935.60964750
-117935.60964750
-117935.60964750
-117935.60964750
-117935.60964750
-117935.60964750
-117935.60964750
-117935.60964750
-117935.60964750
-117935.60964750
-117935.60964750
-117935.60964750
-117935.60964750
-117935.60964750
-117935.60964750
-117935.60964750
-117935.60964750
-117935.60964750
-117935.60964750
-117935.60964750
-117935.60964750
-117935.60964750
-117935.60964750
-117935.60964750
0.00082555
-0.00978866
0.04516934
0.07536085
0.02700725
-0.00212284
-0.21063300
0.05000470
0.01922350
0.10449095
-0.03950843
0.11180296
0.03290404
0.02063873
-0.04316443
0.00377394
-0.00613265
-0.26511925
0.09434849
0.00742994
0.02724313
0.07760163
-0.24165006
-0.01415227
0.06852059
-0.22820540
0.13314930
0.02665345
-0.22337004
0.10909044
0.05613735
-0.21110474
-0.10189637
0.12406826
0.01191150
0.05625529
-0.04092366
0.06627981
0.14069718
0.09116423
0.01592131
0.14305589
-0.23657883
0.10390127
0.12324271
0.08385222
0.04422585
-0.06002923
0.17277567
-0.18173877
0.20898190
-0.18751762
-0.06427491
0.18103116
0.08774409
0.13704118
0.15732610
0.04705631
0.12630904
0.12111987
0.23681470
0.18020561
0.15001410
0.08055002
0.17360122
0.12253510
0.18810730
0.22620050
0.16687889
0.19034807
0.11439754
0.22773366
0.09163597
0.18869698
-0.09800449
0.12972917
0.20567970
0.23952722
0.20556177
0.13633356
-0.10826489
0.22513908
0.16428430
0.31453427
0.15178313
0.27561552
0.16510985
0.16876586
0.13633356
0.22254450
0.21110474
-0.02924803
0.31441634
0.23363044
0.25108491
0.27667694
-0.03066326
0.17973387
0.17183218
-0.01674686
0.34059804
0.23811200
-0.02264364
0.28941399
0.24837239
0.00530710
0.12512968
0.27915359
0.17265773
0.25403330
0.16275114
0.27632313
0.27903565
0.26700622
0.17230393
0.31252937
0.05908574
0.26110944
0.25415124
0.24448052
0.22160101
0.09576372
-117935.60964750
-117935.60964750
-117935.60964750
-117935.60964750
-117935.60964750
-117935.60964750
-117935.60964750
-117935.60964750
-117935.60964750
-117935.60964750
-117935.60964750
-117935.60964750
-117935.60964750
-117935.60964750
-117935.60964750
-117935.60964750
-117935.60964750
-117935.60964750
-117935.60964750
-117935.60964750
-117935.60964750
-117935.60964750
-117935.60964750
-117935.60964750
-117935.60964750
-117935.60964750
-117935.60964750
-117935.60964750
-117935.60964750
-117935.60964750
-117935.60964750
-117935.60964750
-117935.60964750
-117935.60964750
-117935.60964750
-117935.60964750
-117935.60964750
-117935.60964750
-117935.60964750
-117935.60964750
-117935.60964750
-117935.60964750
-117935.60964750
-117935.60964750
-117935.60964750
-117935.60964750
-117935.60964750
-117935.60964750
-117935.60964750
-117935.60964750
-117935.60964750
-117935.60964750
-117935.60964750
-117935.60964750
-117935.60964750
-117935.60964750
-117935.60964750
-117935.60964750
-117935.60964750
-117935.60964750
-117935.60964750
-117935.60964750
-117935.60964750
-117935.60964750
-117935.60964750
-117935.60964750
-117935.60964750
-117935.60964750
-117935.60964750
-117935.60964750
-117935.60964750
-117935.60964750
-117935.60964750
-117935.60964750
-117935.60964750
-117935.60964750
-117935.60964750
-117935.60964750
-117935.60964750
-117935.60964750
-117935.60964750
-117935.60964750
-117935.60964750
-117935.60964750
-117935.60964750
-117935.60964750
-117935.60964750
-117935.60964750
-117935.60964750
-117935.60964750
-117935.60964750
-117935.60964750
-117935.60964750
-117935.60964750
-117935.60964750
-117935.60964750
-117935.60964750
-117935.60964750
-117935.60964750
-117935.60964750
-117935.60964750
-117935.60964750
-117935.60964750
-117935.60964750
-117935.60964750
-117935.60964750
-117935.60964750
-117935.60964750
-117935.60964750
-117935.60964750
-117935.60964750
-117935.60964750
-117935.60964750
-117935.60964750
-117935.60964750
-117935.60964750
-117935.60964750
-117935.60964750
-117935.60964750
-117935.60964750
-117935.60964750
-117935.60964750
-117935.60964750
-117935.60964750
-117935.60964750
-117935.60964750
-117935.60964750
-117935.60964750
-117935.60964750
-117935.60964750
-117935.60964750
-117935.60964750
-117935.60964750
-117935.60964750
0.00283045
-0.03691385
-0.00424568
0.01002453
-0.02512028
-0.04056985
-0.19718834
-0.01332672
-0.03302197
0.01757241
-0.06769504
0.02535616
-0.01238324
-0.01509576
-0.05448625
-0.01839796
-0.03302197
-0.22395972
0.02052080
-0.00011794
0.01651099
0.03620623
-0.13456453
-0.02936597
-0.00448155
-0.20497209
0.06179826
-0.01568544
-0.16546366
0.02594583
-0.00990659
-0.16628921
-0.08904139
0.04009811
-0.02476648
-0.01143975
-0.06592601
-0.00212284
0.04281063
0.01886970
-0.03656004
0.03101707
-0.20685906
0.01061420
0.03137087
0.03431926
0.00872724
-0.06097271
0.06380316
-0.18114910
0.06686949
-0.15414184
-0.06769504
0.05743464
0.00601472
0.02122841
0.02606377
-0.02936597
0.01485989
0.00801962
0.06156239
0.03325784
0.02818661
-0.00117936
0.05413244
0.02181809
0.05413244
0.05625529
0.01073214
0.03443720
0.00518917
0.06073684
-0.01391640
0.03313991
-0.17242186
-0.00459949
0.04611282
0.07017169
0.05955748
0.02665345
-0.10567031
0.04729218
0.00990659
0.08880551
-0.00459949
0.06993582
0.01002453
0.00400981
-0.00294839
0.04104159
0.03078119
-0.11168502
0.06285968
0.03644210
0.03809320
0.07536085
-0.04976883
0.02335125
0.02063873
-0.11133122
0.10472682
0.03408339
-0.06168032
0.06946407
0.04304650
-0.07547879
-0.02618171
0.06356729
0.00931691
0.03420133
-0.00424568
0.05590148
0.05295309
0.04882534
0.01745447
0.06793091
-0.06498252
0.04222095
0.04375411
0.06097271
0.05130199
0.02134635
0.09364087
-117935.60964750
-117935.60964750
-117935.60964750
-117935.60964750
-117935.60964750
-117935.60964750
-117935.60964750
-117935.60964750
-117935.60964750
-117935.60964750
-117935.60964750
-117935.60964750
-117935.60964750
-117935.60964750
-117935.60964750
-117935.60964750
-117935.60964750
-117935.60964750
-117935.60964750
-117935.60964750
-117935.60964750
-117935.60964750
-117935.60964750
-117935.60964750
-117935.60964750
-117935.60964750
-117935.60964750
-117935.60964750
-117935.60964750
-117935.60964750
-117935.60964750
-117935.60964750
-117935.60964750
-117935.60964750
-117935.60964750
-117935.60964750
-117935.60964750
-117935.60964750
-117935.60964750
-117935.60964750
-117935.60964750
-117935.60964750
-117935.60964750
-117935.60964750
-117935.60964750
-117935.60964750
-117935.60964750
-117935.60964750
-117935.60964750
-117935.60964750
-117935.60964750
-117935.60964750
-117935.60964750
-117935.60964750
-117935.60964750
-117935.60964750
-117935.60964750
-117935.60964750
-117935.60964750
-117935.60964750
-117935.60964750
-117935.60964750
-117935.60964750
-117935.60964750
-117935.60964750
-117935.60964750
-117935.60964750
-117935.60964750
-117935.60964750
-117935.60964750
-117935.60964750
-117935.60964750
-117935.60964750
-117935.60964750
-117935.60964750
-117935.60964750
-117935.60964750
-117935.60964750
-117935.60964750
-117935.60964750
-117935.60964750
-117935.60964750
-117935.60964750
-117935.60964750
-117935.60964750
-117935.60964750
-117935.60964750
-117935.60964750
-117935.60964750
-117935.60964750
-117935.60964750
-117935.60964750
-117935.60964750
-117935.60964750
-117935.60964750
-117935.60964750
-117935.60964750
-117935.60964750
-117935.60964750
-117935.60964750
-117935.60964750
-117935.60964750
-117935.60964750
-117935.60964750
-117935.60964750
-117935.60964750
-117935.60964750
-117935.60964750
-117935.60964750
-117935.60964750
-117935.60964750
-117935.60964750
-117935.60964750
-117935.60964750
-117935.60964750
-117935.60964750
-117935.60964750
-117935.60964750
-117935.60964750
-117935.60964750
-117935.60964750
-117935.60964750
-117935.60964750
-117935.60964750
-117935.60964750
-117935.60964750
-117935.60964750
-117935.60964750
-117935.60964750
-117935.60964750
-117935.60964750
-117935.60964750
-117935.60964750
0.03089913
0.52846947
0.65312741
0.77637012
0.81340190
0.59757973
0.44155092
0.73992801
0.55818924
0.84312167
0.62682777
0.66268019
0.41430780
0.47775715
0.57316706
0.70655224
0.76445862
0.38706467
0.78014406
0.78615877
0.82613895
0.79311697
0.65159424
0.77106302
0.70537288
0.56986487
0.81658616
0.79948550
0.12383239
0.79724472
0.81481713
0.37574285
0.49356053
0.71645883
0.73933834
0.92485105
0.74523512
0.73108284
0.84689561
0.87885616
0.75950533
1.05552371
0.45865159
0.88239423
0.99832494
0.94537185
1.03181865
0.99962223
1.06259984
0.71834580
1.16095814
0.34637689
0.47268592
1.11932687
0.97992698
0.97851175
1.23077602
0.99172054
1.02238380
1.10340556
1.16025053
1.20282528
1.24681527
1.04844757
1.24681527
1.26273657
1.23183744
1.43574811
1.23183744
1.35649538
1.17593596
1.39836252
0.98087047
1.41923713
0.69758913
1.05811829
1.24905604
1.44541883
1.50698122
1.26875129
0.95480670
1.55580656
1.48138919
1.79686695
1.50084857
1.46051459
1.16107608
1.30920320
1.45320258
1.74851335
1.82116168
1.51641607
1.90501390
1.82505356
1.88767737
1.73801708
0.89595683
1.66017958
1.27488394
1.34788608
1.83295525
1.96740184
1.21532646
1.83059653
1.88354962
1.40626421
1.65982577
1.65345725
1.66466113
2.06847266
1.90300900
2.04429586
1.76172214
2.04700838
1.82882750
2.15315043
2.18841317
1.95395718
1.89145131
2.01209944
2.19938118
2.00337220
2.07932273
2.52158127
-117935.60964750
-117935.60964750
-117935.60964750
-117935.60964750
-117935.60964750
-117935.60964750
-117935.60964750
-117935.60964750
-117935.60964750
-117935.60964750
-117935.60964750
-117935.60964750
-117935.60964750
-117935.60964750
-117935.60964750
-117935.60964750
-117935.60964750
-117935.60964750
-117935.60964750
-117935.60964750
-117935.60964750
-117935.60964750
-117935.60964750
-117935.60964750
-117935.60964750
-117935.60964750
-117935.60964750
-117935.60964750
-117935.60964750
-117935.60964750
-117935.60964750
-117935.60964750
-117935.60964750
-117935.60964750
-117935.60964750
-117935.60964750
-117935.60964750
-117935.60964750
-117935.60964750
-117935.60964750
-117935.60964750
-117935.60964750
-117935.60964750
-117935.60964750
-117935.60964750
-117935.60964750
-117935.60964750
-117935.60964750
-117935.60964750
-117935.60964750
-117935.60964750
-117935.60964750
-117935.60964750
-117935.60964750
-117935.60964750
-117935.60964750
-117935.60964750
-117935.60964750
-117935.60964750
-117935.60964750
-117935.60964750
-117935.60964750
-117935.60964750
-117935.60964750
-117935.60964750
-117935.60964750
-117935.60964750
-117935.60964750
-117935.60964750
-117935.60964750
-117935.60964750
-117935.60964750
-117935.60964750
-117935.60964750
-117935.60964750
-117935.60964750
-117935.60964750
-117935.60964750
-117935.60964750
-117935.60964750
-117935.60964750
-117935.60964750
-117935.60964750
-117935.60964750
-117935.60964750
-117935.60964750
-117935.60964750
-117935.60964750
-117935.60964750
-117935.60964750
-117935.60964750
-117935.60964750
-117935.60964750
-117935.60964750
-117935.60964750
-117935.60964750
-117935.60964750
-117935.60964750
-117935.60964750
-117935.60964750
-117935.60964750
-117935.60964750
-117935.60964750
-117935.60964750
-117935.60964750
-117935.60964750
-117935.60964750
-117935.60964750
-117935.60964750
-117935.60964750
-117935.60964750
-117935.60964750
-117935.60964750
-117935.60964750
-117935.60964750
-117935.60964750
-117935.60964750
-117935.60964750
-117935.60964750
-117935.60964750
-117935.60964750
-117935.60964750
-117935.60964750
-117935.60964750
-117935.60964750
-117935.60964750
-117935.60964750
-117935.60964750
-117935.60964750
-117935.60964750
-117935.60964750
-117935.60964750
0.00070761
-0.06616188
-0.02842248
-0.00766581
-0.04717424
-0.05472212
-0.23764025
-0.04045191
-0.06132652
0.00153316
-0.08986693
0.02299744
-0.01780828
-0.03526275
-0.09069248
-0.05024057
-0.05991129
-0.25403330
0.01026040
-0.03821114
-0.02712519
0.01485989
-0.19306059
-0.05802432
-0.00978866
-0.25969421
0.05271722
-0.05177373
-0.20450035
0.01438814
-0.03325784
-0.22407766
-0.14789125
0.02370506
-0.06840265
-0.04599489
-0.10189637
-0.02429474
0.02476648
-0.01745447
-0.07087930
0.01297292
-0.23563535
-0.00271252
0.00660439
-0.00648646
-0.04127746
-0.11486928
0.04670250
-0.22407766
0.05401451
-0.23021031
-0.11946877
0.03998017
-0.01462402
0.02134635
0.00849136
-0.06415697
-0.01143975
-0.01509576
0.06840265
0.03019152
0.00625059
-0.03325784
0.02653551
-0.01250117
0.04151333
0.04764599
0.00259458
0.01415227
-0.03148881
0.04174921
-0.03101707
0.01462402
-0.19129156
-0.01662892
0.02464854
0.04906121
0.03148881
0.00695820
-0.14435319
0.03137087
-0.01804415
0.07512498
-0.03467307
0.07064343
0.01238324
0.00129729
-0.03078119
0.00754788
-0.00672233
-0.17088870
0.05767051
0.01191150
0.01014246
0.05814226
-0.11899703
-0.00495330
0.01544956
-0.13468247
0.10189637
0.00106142
-0.13421072
0.05507593
0.02346919
-0.10354747
-0.05625529
0.05177373
-0.03832907
-0.01037833
-0.05047644
0.03302197
0.04068779
0.01320879
-0.03431926
0.03573449
-0.13220582
0.02641758
0.02653551
0.02570996
-0.00448155
-0.06120858
0.06852059
-0.07524292
0.07087930
-117935.60964750
-117935.60964750
-117935.60964750
-117935.60964750
-117935.60964750
-117935.60964750
-117935.60964750
-117935.60964750
-117935.60964750
-117935.60964750
-117935.60964750
-117935.60964750
-117935.60964750
-117935.60964750
-117935.60964750
-117935.60964750
-117935.60964750
-117935.60964750
-117935.60964750
-117935.60964750
-117935.60964750
-117935.60964750
-117935.60964750
-117935.60964750
-117935.60964750
-117935.60964750
-117935.60964750
-117935.60964750
-117935.60964750
-117935.60964750
-117935.60964750
-117935.60964750
-117935.60964750
-117935.60964750
-117935.60964750
-117935.60964750
-117935.60964750
-117935.60964750
-117935.60964750
-117935.60964750
-117935.60964750
-117935.60964750
-117935.60964750
-117935.60964750
-117935.60964750
-117935.60964750
-117935.60964750
-117935.60964750
-117935.60964750
-117935.60964750
-117935.60964750
-117935.60964750
-117935.60964750
-117935.60964750
-117935.60964750
-117935.60964750
-117935.60964750
-117935.60964750
-117935.60964750
-117935.60964750
-117935.60964750
-117935.60964750
-117935.60964750
-117935.60964750
-117935.60964750
-117935.60964750
-117935.60964750
-117935.60964750
-117935.60964750
-117935.60964750
-117935.60964750
-117935.60964750
-117935.60964750
-117935.60964750
-117935.60964750
-117935.60964750
-117935.60964750
-117935.60964750
-117935.60964750
-117935.60964750
-117935.60964750
-117935.60964750
-117935.60964750
-117935.60964750
-117935.60964750
-117935.60964750
-117935.60964750
-117935.60964750
-117935.60964750
-117935.60964750
-117935.60964750
-117935.60964750
-117935.60964750
-117935.60964750
-117935.60964750
-117935.60964750
-117935.60964750
-117935.60964750
-117935.60964750
-117935.60964750
-117935.60964750
-117935.60964750
-117935.60964750
-117935.60964750
-117935.60964750
-117935.60964750
-117935.60964750
-117935.60964750
-117935.60964750
-117935.60964750
-117935.60964750
-117935.60964750
-117935.60964750
-117935.60964750
-117935.60964750
-117935.60964750
-117935.60964750
-117935.60964750
-117935.60964750
-117935.60964750
-117935.60964750
-117935.60964750
-117935.60964750
-117935.60964750
-117935.60964750
-117935.60964750
-117935.60964750
-117935.60964750
-117935.60964750
-117935.60964750
-117935.60964750
0.03455513
0.55087723
0.67871943
0.76398688
0.77872883
0.54226793
0.40275011
0.79441427
0.60312271
0.87826649
0.65501438
0.67812976
0.43942808
0.49084801
0.57411055
0.67211504
0.69629184
0.38847990
0.76681733
0.74098944
0.78002612
0.74346608
0.27974327
0.72471432
0.59250850
0.77000160
0.77353966
0.87295938
0.32314357
0.78285658
0.76398688
0.18421542
0.39072067
0.71893548
0.70289623
0.91246781
0.75160364
0.77283205
0.85114129
0.87319525
0.72200180
0.98936183
0.37196891
0.84371135
0.98087047
0.89583889
0.94737675
0.81057145
0.99962223
0.67258678
1.14303193
0.69582010
0.67577104
1.11649642
0.93204512
0.89147527
1.17098267
0.93664461
1.01483592
1.09149407
1.16119401
1.18206862
1.20199973
1.00492933
1.17864848
1.18513494
1.13571992
1.40284408
1.29917868
1.46299124
1.28868241
1.44022967
0.98735692
1.36451500
0.58932424
1.04148937
1.22936079
1.42230345
1.41876538
1.15399994
0.64074417
1.49848986
1.43621985
1.78047390
1.54955598
1.45343845
1.21603407
1.34399421
1.44223457
1.68860206
1.73058714
1.26132135
1.84734339
1.80866051
1.94039459
1.70582066
0.94725882
1.58422904
1.18607843
1.05929765
1.80630180
1.97506765
1.33892298
1.82646879
1.84073900
1.22476131
1.54318745
1.65440073
1.66843507
2.08746029
1.89133337
2.02554410
1.78306848
2.07719989
1.83838028
2.16046243
2.14371558
1.91609985
1.88720563
1.97907747
2.17602993
1.87871426
2.00549504
1.97565733
1.97377036
2.52146333
-117935.60964750
-117935.60964750
-117935.60964750
-117935.60964750
-117935.60964750
-117935.60964750
-117935.60964750
-117935.60964750
-117935.60964750
-117935.60964750
-117935.60964750
-117935.60964750
-117935.60964750
-117935.60964750
-117935.60964750
-117935.60964750
-117935.60964750
-117935.60964750
-117935.60964750
-117935.60964750
-117935.60964750
-117935.60964750
-117935.60964750
-117935.60964750
-117935.60964750
-117935.60964750
-117935.60964750
-117935.60964750
-117935.60964750
-117935.60964750
-117935.60964750
-117935.60964750
-117935.60964750
-117935.60964750
-117935.60964750
-117935.60964750
-117935.60964750
-117935.60964750
-117935.60964750
-117935.60964750
-117935.60964750
-117935.60964750
-117935.60964750
-117935.60964750
-117935.60964750
-117935.60964750
-117935.60964750
-117935.60964750
-117935.60964750
-117935.60964750
-117935.60964750
-117935.60964750
-117935.60964750
-117935.60964750
-117935.60964750
-117935.60964750
-117935.60964750
-117935.60964750
-117935.60964750
-117935.60964750
-117935.60964750
-117935.60964750
-117935.60964750
-117935.60964750
-117935.60964750
-117935.60964750
-117935.60964750
-117935.60964750
-117935.60964750
-117935.60964750
-117935.60964750
-117935.60964750
-117935.60964750
-117935.60964750
-117935.60964750
-117935.60964750
-117935.60964750
-117935.60964750
-117935.60964750
-117935.60964750
-117935.60964750
-117935.60964750
-117935.60964750
-117935.60964750
-117935.60964750
-117935.60964750
-117935.60964750
-117935.60964750
-117935.60964750
-117935.60964750
-117935.60964750
-117935.60964750
-117935.60964750
-117935.60964750
-117935.60964750
-117935.60964750
-117935.60964750
-117935.60964750
-117935.60964750
-117935.60964750
-117935.60964750
-117935.60964750
-117935.60964750
-117935.60964750
-117935.60964750
-117935.60964750
-117935.60964750
-117935.60964750
-117935.60964750
-117935.60964750
-117935.60964750
-117935.60964750
-117935.60964750
-117935.60964750
-117935.60964750
-117935.60964750
-117935.60964750
-117935.60964750
-117935.60964750
-117935.60964750
-117935.60964750
-117935.60964750
-117935.60964750
-117935.60964750
-117935.60964750
-117935.60964750
-117935.60964750
-117935.60964750
-117935.60964750
-117935.60964750
0.02040286
0.29000366
0.39885823
0.45393416
0.42751658
0.27620520
0.07783750
0.45534939
0.33175287
0.53601735
0.36430310
0.42904975
0.26452957
0.29483902
0.31535982
0.37704014
0.36890259
0.06887440
0.44909880
0.40074520
0.44320202
0.43011117
0.00094348
0.36111884
0.29672599
0.24624955
0.47221418
0.50983564
0.18846110
0.48200284
0.43471066
-0.03573449
0.12902156
0.44261234
0.37043575
0.51136880
0.37491730
0.44732977
0.52257269
0.52080365
0.40605230
0.58826282
0.06816678
0.48035174
0.57493610
0.51148674
0.52717218
0.38671086
0.59286231
0.17029902
0.68815428
0.31500601
0.39201797
0.69924023
0.55382562
0.55370769
0.69794294
0.51290197
0.59533896
0.64758443
0.73804105
0.72306322
0.71457186
0.58578617
0.70100926
0.67989879
0.68343686
0.83899393
0.74771177
0.87897410
0.78273864
0.91694937
0.61668530
0.82401610
0.24117832
0.60571729
0.74665034
0.87991758
0.85574078
0.68485209
0.21440694
0.88015345
0.80479260
1.09503214
0.91789285
0.91282162
0.74535305
0.82401610
0.85609459
1.00834946
1.02332728
0.59250850
1.11401977
1.07156295
1.16154782
1.04479157
0.58920631
0.93747016
0.72530400
0.49061214
1.13277153
1.17522835
0.74841938
1.13371502
1.12062416
0.65501438
0.86081201
1.02250174
0.97650685
1.26014199
1.10387731
1.23466790
1.10470286
1.27099207
1.09456039
1.34151756
1.18843714
1.15718420
1.14314986
1.19350837
1.30059390
1.09043265
1.22334608
0.96424154
1.18879095
1.21969007
1.31498205
-117935.60964750
-117935.60964750
-117935.60964750
-117935.60964750
-117935.60964750
-117935.60964750
-117935.60964750
-117935.60964750
-117935.60964750
-117935.60964750
-117935.60964750
-117935.60964750
-117935.60964750
-117935.60964750
-117935.60964750
-117935.60964750
-117935.60964750
-117935.60964750
-117935.60964750
-117935.60964750
-117935.60964750
-117935.60964750
-117935.60964750
-117935.60964750
-117935.60964750
-117935.60964750
-117935.60964750
-117935.60964750
-117935.60964750
-117935.60964750
-117935.60964750
-117935.60964750
-117935.60964750
-117935.60964750
-117935.60964750
-117935.60964750
-117935.60964750
-117935.60964750
-117935.60964750
-117935.60964750
-117935.60964750
-117935.60964750
-117935.60964750
-117935.60964750
-117935.60964750
-117935.60964750
-117935.60964750
-117935.60964750
-117935.60964750
-117935.60964750
-117935.60964750
-117935.60964750
-117935.60964750
-117935.60964750
-117935.60964750
-117935.60964750
-117935.60964750
-117935.60964750
-117935.60964750
-117935.60964750
-117935.60964750
-117935.60964750
-117935.60964750
-117935.60964750
-117935.60964750
-117935.60964750
-117935.60964750
-117935.60964750
-117935.60964750
-117935.60964750
-117935.60964750
-117935.60964750
-117935.60964750
-117935.60964750
-117935.60964750
-117935.60964750
-117935.60964750
-117935.60964750
-117935.60964750
-117935.60964750
-117935.60964750
-117935.60964750
-117935.60964750
-117935.60964750
-117935.60964750
-117935.60964750
-117935.60964750
-117935.60964750
-117935.60964750
-117935.60964750
-117935.60964750
-117935.60964750
-117935.60964750
-117935.60964750
-117935.60964750
-117935.60964750
-117935.60964750
-117935.60964750
-117935.60964750
-117935.60964750
-117935.60964750
-117935.60964750
-117935.60964750
-117935.60964750
-117935.60964750
-117935.60964750
-117935.60964750
-117935.60964750
-117935.60964750
-117935.60964750
-117935.60964750
-117935.60964750
-117935.60964750
-117935.60964750
-117935.60964750
-117935.60964750
-117935.60964750
-117935.60964750
-117935.60964750
-117935.60964750
-117935.60964750
-117935.60964750
-117935.60964750
-117935.60964750
-117935.60964750
-117935.60964750
-117935.60964750
-117935.60964750
-117935.60964750
0.00058968
-0.03632417
-0.02830455
-0.00483536
-0.03030945
-0.03644210
-0.17100663
-0.00554297
-0.03420133
0.01509576
-0.08149351
0.02901216
-0.01073214
-0.01875176
-0.06840265
-0.03431926
-0.04340030
-0.22513908
0.02004905
-0.01592131
-0.01745447
0.02924803
-0.18751762
-0.02040286
0.03137087
-0.13244169
0.06297762
-0.03125294
-0.25426917
0.02299744
-0.00353807
-0.15874133
-0.08573919
0.04516934
-0.03443720
-0.01509576
-0.06863852
-0.00023587
0.04917915
0.01745447
-0.04847154
0.03903669
-0.19919324
0.02712519
0.04045191
0.02771487
-0.01379847
-0.08727235
0.07724782
-0.12465794
0.09222565
-0.17301154
-0.11769974
0.05212754
0.00471742
0.02559203
0.05401451
-0.00188697
0.02913010
0.00860930
0.07677608
0.04717424
0.04151333
-0.00813756
0.05908574
0.02134635
0.06297762
0.08031415
0.04516934
0.05731671
0.00117936
0.05507593
-0.03573449
0.04540521
-0.13255963
0.02865835
0.06050097
0.07642228
0.05849606
0.01686479
-0.09305120
0.09151803
0.06050097
0.12288891
0.01285498
0.09493817
0.02865835
0.02453061
0.01521369
0.06934614
0.05165580
-0.08786203
0.10555237
0.07135104
0.07146898
0.10130669
-0.13409279
0.03998017
0.02641758
-0.04776392
0.13149820
0.07028962
-0.07135104
0.08727235
0.05979335
-0.06840265
0.01191150
0.09434849
0.03207849
0.04988676
-0.00011794
0.07017169
0.07925273
0.08267286
0.03384752
0.09222565
-0.03915462
0.07312008
0.07830924
0.08220112
0.05767051
-0.02087460
0.11180296
0.00896311
0.11876116
0.05708084
0.05389657
0.10814695
-117935.60964750
-117935.60964750
-117935.60964750
-117935.60964750
-117935.60964750
-117935.60964750
-117935.60964750
-117935.60964750
-117935.60964750
-117935.60964750
-117935.60964750
-117935.60964750
-117935.60964750
-117935.60964750
-117935.60964750
-117935.60964750
-117935.60964750
-117935.60964750
-117935.60964750
-117935.60964750
-117935.60964750
-117935.60964750
-117935.60964750
-117935.60964750
-117935.60964750
-117935.60964750
-117935.60964750
-117935.60964750
-117935.60964750
-117935.60964750
-117935.60964750
-117935.60964750
-117935.60964750
-117935.60964750
-117935.60964750
-117935.60964750
-117935.60964750
-117935.60964750
-117935.60964750
-117935.60964750
-117935.60964750
-117935.60964750
-117935.60964750
-117935.60964750
-117935.60964750
-117935.60964750
-117935.60964750
-117935.60964750
-117935.60964750
-117935.60964750
-117935.60964750
-117935.60964750
-117935.60964750
-117935.60964750
-117935.60964750
-117935.60964750
-117935.60964750
-117935.60964750
-117935.60964750
-117935.60964750
-117935.60964750
-117935.60964750
-117935.60964750
-117935.60964750
-117935.60964750
-117935.60964750
-117935.60964750
-117935.60964750
-117935.60964750
-117935.60964750
-117935.60964750
-117935.60964750
-117935.60964750
-117935.60964750
-117935.60964750
-117935.60964750
-117935.60964750
-117935.60964750
-117935.60964750
-117935.60964750
-117935.60964750
-117935.60964750
-117935.60964750
-117935.60964750
-117935.60964750
-117935.60964750
-117935.60964750
-117935.60964750
-117935.60964750
-117935.60964750
-117935.60964750
-117935.60964750
-117935.60964750
-117935.60964750
-117935.60964750
-117935.60964750
-117935.60964750
-117935.60964750
-117935.60964750
-117935.60964750
-117935.60964750
-117935.60964750
-117935.60964750
-117935.60964750
-117935.60964750
-117935.60964750
-117935.60964750
-117935.60964750
-117935.60964750
-117935.60964750
-117935.60964750
-117935.60964750
-117935.60964750
-117935.60964750
-117935.60964750
-117935.60964750
-117935.60964750
-117935.60964750
-117935.60964750
-117935.60964750
-117935.60964750
-117935.60964750
-117935.60964750
-117935.60964750
-117935.60964750
-117935.60964750
-117935.60964750
-117935.60964750
-0.00247665
-0.07359182
-0.06852059
-0.06852059
-0.11180296
-0.10484476
-0.23598915
-0.07123311
-0.07253040
-0.06002923
-0.16440224
-0.03266816
-0.05755258
-0.07253040
-0.13810260
-0.11038773
-0.12477588
-0.30981685
-0.04351824
-0.08455983
-0.08102176
-0.03349371
-0.27443616
-0.09658926
-0.02276157
-0.19176330
-0.00625059
-0.11451548
-0.33658823
-0.06262381
-0.10531650
-0.25886866
-0.14883474
-0.01674686
-0.09776862
-0.11003392
-0.15779785
-0.08055002
-0.02170015
-0.06627981
-0.12630904
-0.05554767
-0.29649012
-0.04599489
-0.03608830
-0.04741012
-0.10083495
-0.18775349
-0.00259458
-0.21228410
0.01332672
-0.20225957
-0.15850546
-0.03196055
-0.08715442
-0.06510046
-0.05083025
-0.08762616
-0.03821114
-0.07323801
-0.00129729
-0.04823566
-0.05908574
-0.09706101
-0.02818661
-0.07087930
-0.02170015
-0.02488441
-0.04564108
-0.04434379
-0.10107082
-0.05861400
-0.13928195
-0.08102176
-0.25403330
-0.05979335
-0.01875176
-0.02299744
-0.05212754
-0.08408809
-0.18798936
-0.02158222
-0.04174921
0.00212284
-0.09824036
-0.00825549
-0.06533633
-0.09069248
-0.10755728
-0.05920368
-0.08314460
-0.19848563
-0.02500235
-0.06368523
-0.06356729
-0.01898763
-0.20402860
-0.08974900
-0.08786203
-0.17265773
0.00589678
-0.07453531
-0.13916402
-0.05024057
-0.09953765
-0.22407766
-0.13822053
-0.03420133
-0.10024527
-0.11887909
-0.15874133
-0.09941972
-0.07017169
-0.10307572
-0.12571936
-0.09411262
-0.23469186
-0.09564578
-0.08927726
-0.09010281
-0.12701665
-0.19046601
-0.05484006
-0.18445129
-0.04446172
-0.11451548
-0.09694307
-0.06580807
-0.12041226
-117935.60964750
-117935.60964750
-117935.60964750
-117935.60964750
-117935.60964750
-117935.60964750
-117935.60964750
-117935.60964750
-117935.60964750
-117935.60964750
-117935.60964750
-117935.60964750
-117935.60964750
-117935.60964750
-117935.60964750
-117935.60964750
-117935.60964750
-117935.60964750
-117935.60964750
-117935.60964750
-117935.60964750
-117935.60964750
-117935.60964750
-117935.60964750
-117935.60964750
-117935.60964750
-117935.60964750
-117935.60964750
-117935.60964750
-117935.60964750
-117935.60964750
-117935.60964750
-117935.60964750
-117935.60964750
-117935.60964750
-117935.60964750
-117935.60964750
-117935.60964750
-117935.60964750
-117935.60964750
-117935.60964750
-117935.60964750
-117935.60964750
-117935.60964750
-117935.60964750
-117935.60964750
-117935.60964750
-117935.60964750
-117935.60964750
-117935.60964750
-117935.60964750
-117935.60964750
-117935.60964750
-117935.60964750
-117935.60964750
-117935.60964750
-117935.60964750
-117935.60964750
-117935.60964750
-117935.60964750
-117935.60964750
-117935.60964750
-117935.60964750
-117935.60964750
-117935.60964750
-117935.60964750
-117935.60964750
-117935.60964750
-117935.60964750
-117935.60964750
-117935.60964750
-117935.60964750
-117935.60964750
-117935.60964750
-117935.60964750
-117935.60964750
-117935.60964750
-117935.60964750
-117935.60964750
-117935.60964750
-117935.60964750
-117935.60964750
-117935.60964750
-117935.60964750
-117935.60964750
-117935.60964750
-117935.60964750
-117935.60964750
-117935.60964750
-117935.60964750
-117935.60964750
-117935.60964750
-117935.60964750
-117935.60964750
-117935.60964750
-117935.60964750
-117935.60964750
-117935.60964750
-117935.60964750
-117935.60964750
-117935.60964750
-117935.60964750
-117935.60964750
-117935.60964750
-117935.60964750
-117935.60964750
-117935.60964750
-117935.60964750
-117935.60964750
-117935.60964750
-117935.60964750
-117935.60964750
-117935.60964750
-117935.60964750
-117935.60964750
-117935.60964750
-117935.60964750
-117935.60964750
-117935.60964750
-117935.60964750
-117935.60964750
-117935.60964750
-117935.60964750
-117935.60964750
-117935.60964750
-117935.60964750
-117935.60964750
-0.00106142
0.02075667
0.06592601
0.06958201
0.03950843
0.02747900
-0.07559673
0.04729218
0.01769034
0.08279080
-0.00742994
0.08915932
0.03832907
0.03125294
-0.01202943
0.01651099
0.00896311
-0.12583730
0.08573919
0.02441267
0.03325784
0.05767051
-0.11486928
-0.00259458
0.05814226
-0.09081042
0.08397015
0.00931691
-0.14152273
0.06368523
0.03479100
-0.10861870
-0.04528727
0.08184731
0.01285498
0.04847154
0.00377394
0.08208318
0.09989146
0.06427491
0.00943485
0.09163597
-0.12029432
0.07595053
0.08455983
0.05012263
0.02146428
-0.04670250
0.09906591
-0.09116423
0.12005845
-0.11545896
-0.05094818
0.09434849
0.03703178
0.07406356
0.08927726
0.02688932
0.08585712
0.06981788
0.14175860
0.10331159
0.08113970
0.04328237
0.09010281
0.05059438
0.09305120
0.11451548
0.10272192
0.10413714
0.04281063
0.10519856
0.02346919
0.07689402
-0.07795544
0.06168032
0.12277097
0.13373898
0.11074154
0.07347388
-0.02311538
0.13031885
0.10260398
0.17147838
0.06415697
0.15626468
0.08739029
0.09081042
0.06238794
0.09953765
0.08915932
-0.06852059
0.16735063
0.10578824
0.12395033
0.13173408
-0.07500705
0.06451078
0.09293326
-0.04056985
0.16475605
0.10779315
-0.03809320
0.14541461
0.11652038
-0.02783280
0.04434379
0.15036790
0.07937067
0.12312478
0.06274174
0.15272661
0.16876586
0.15673643
0.09611752
0.18126703
-0.05059438
0.14800919
0.15555707
0.13715911
0.11604864
0.02618171
0.17855451
-0.03986224
0.19105569
-0.01910557
0.04799979
0.17077076
0.09033868
0.11097741
-117935.60964750
-117935.60964750
-117935.60964750
-117935.60964750
-117935.60964750
-117935.60964750
-117935.60964750
-117935.60964750
-117935.60964750
-117935.60964750
-117935.60964750
-117935.60964750
-117935.60964750
-117935.60964750
-117935.60964750
-117935.60964750
-117935.60964750
-117935.60964750
-117935.60964750
-117935.60964750
-117935.60964750
-117935.60964750
-117935.60964750
-117935.60964750
-117935.60964750
-117935.60964750
-117935.60964750
-117935.60964750
-117935.60964750
-117935.60964750
-117935.60964750
-117935.60964750
-117935.60964750
-117935.60964750
-117935.60964750
-117935.60964750
-117935.60964750
-117935.60964750
-117935.60964750
-117935.60964750
-117935.60964750
-117935.60964750
-117935.60964750
-117935.60964750
-117935.60964750
-117935.60964750
-117935.60964750
-117935.60964750
-117935.60964750
-117935.60964750
-117935.60964750
-117935.60964750
-117935.60964750
-117935.60964750
-117935.60964750
-117935.60964750
-117935.60964750
-117935.60964750
-117935.60964750
-117935.60964750
-117935.60964750
-117935.60964750
-117935.60964750
-117935.60964750
-117935.60964750
-117935.60964750
-117935.60964750
-117935.60964750
-117935.60964750
-117935.60964750
-117935.60964750
-117935.60964750
-117935.60964750
-117935.60964750
-117935.60964750
-117935.60964750
-117935.60964750
-117935.60964750
-117935.60964750
-117935.60964750
-117935.60964750
-117935.60964750
-117935.60964750
-117935.60964750
-117935.60964750
-117935.60964750
-117935.60964750
-117935.60964750
-117935.60964750
-117935.60964750
-117935.60964750
-117935.60964750
-117935.60964750
-117935.60964750
-117935.60964750
-117935.60964750
-117935.60964750
-117935.60964750
-117935.60964750
-117935.60964750
-117935.60964750
-117935.60964750
-117935.60964750
-117935.60964750
-117935.60964750
-117935.60964750
-117935.60964750
-117935.60964750
-117935.60964750
-117935.60964750
-117935.60964750
-117935.60964750
-117935.60964750
-117935.60964750
-117935.60964750
-117935.60964750
-117935.60964750
-117935.60964750
-117935.60964750
-117935.60964750
-117935.60964750
-117935.60964750
-117935.60964750
-117935.60964750
-117935.60964750
-117935.60964750
-0.00035381
-0.07595053
-0.02983771
-0.01780828
-0.06745917
-0.08055002
-0.29377760
-0.04953296
-0.06533633
-0.00837343
-0.11887909
0.00754788
-0.03809320
-0.06887440
-0.12972917
-0.08927726
-0.10142462
-0.30557116
-0.02016699
-0.08314460
-0.07064343
-0.01344466
-0.27007255
-0.08715442
-0.02618171
-0.24507020
0.02842248
-0.07040756
-0.23386631
-0.00790169
-0.06875646
-0.31441634
-0.19211711
0.01839796
-0.07111517
-0.05495799
-0.11640245
-0.04481553
0.01191150
-0.04446172
-0.10248604
-0.01332672
-0.29436728
-0.02842248
-0.01910557
-0.03467307
-0.07783750
-0.15992069
0.02924803
-0.23386631
0.04469760
-0.20721287
-0.11711006
0.02535616
-0.04292856
-0.01568544
-0.02181809
-0.09434849
-0.01580337
-0.02335125
0.06816678
0.01250117
-0.01792621
-0.07441737
0.00566091
-0.03479100
0.02240777
0.03467307
0.00294839
0.00507123
-0.05389657
0.01485989
-0.06592601
-0.02488441
-0.26417577
-0.04516934
0.00518917
0.03007358
0.00577884
-0.02240777
-0.19329646
0.01415227
-0.03302197
0.06333142
-0.04281063
0.05955748
0.00365600
-0.03078119
-0.07300214
-0.02335125
-0.03927256
-0.19317853
0.04304650
-0.01403434
-0.01238324
0.03290404
-0.16074624
-0.04304650
-0.02299744
-0.19824976
0.07972447
-0.02665345
-0.12347858
0.03667797
-0.00566091
-0.16357669
-0.10637792
0.03691385
-0.05932161
-0.02559203
-0.06639775
0.01155769
0.02087460
-0.02240777
-0.07182279
0.00330220
-0.16546366
-0.01049627
-0.01238324
-0.02641758
-0.06415697
-0.13963576
0.02594583
-0.15591088
0.03160674
-0.13444659
-0.06627981
0.02523822
-0.02960184
-0.00330220
-0.02417680
-117935.60964750
-117935.60964750
-117935.60964750
-117935.60964750
-117935.60964750
-117935.60964750
-117935.60964750
-117935.60964750
-117935.60964750
-117935.60964750
-117935.60964750
-117935.60964750
-117935.60964750
-117935.60964750
-117935.60964750
-117935.60964750
-117935.60964750
-117935.60964750
-117935.60964750
-117935.60964750
-117935.60964750
-117935.60964750
-117935.60964750
-117935.60964750
-117935.60964750
-117935.60964750
-117935.60964750
-117935.60964750
-117935.60964750
-117935.60964750
-117935.60964750
-117935.60964750
-117935.60964750
-117935.60964750
-117935.60964750
-117935.60964750
-117935.60964750
-117935.60964750
-117935.60964750
-117935.60964750
-117935.60964750
-117935.60964750
-117935.60964750
-117935.60964750
-117935.60964750
-117935.60964750
-117935.60964750
-117935.60964750
-117935.60964750
-117935.60964750
-117935.60964750
-117935.60964750
-117935.60964750
-117935.60964750
-117935.60964750
-117935.60964750
-117935.60964750
-117935.60964750
-117935.60964750
-117935.60964750
-117935.60964750
-117935.60964750
-117935.60964750
-117935.60964750
-117935.60964750
-117935.60964750
-117935.60964750
-117935.60964750
-117935.60964750
-117935.60964750
-117935.60964750
-117935.60964750
-117935.60964750
-117935.60964750
-117935.60964750
-117935.60964750
-117935.60964750
-117935.60964750
-117935.60964750
-117935.60964750
-117935.60964750
-117935.60964750
-117935.60964750
-117935.60964750
-117935.60964750
-117935.60964750
-117935.60964750
-117935.60964750
-117935.60964750
-117935.60964750
-117935.60964750
-117935.60964750
-117935.60964750
-117935.60964750
-117935.60964750
-117935.60964750
-117935.60964750
-117935.60964750
-117935.60964750
-117935.60964750
-117935.60964750
-117935.60964750
-117935.60964750
-117935.60964750
-117935.60964750
-117935.60964750
-117935.60964750
-117935.60964750
-117935.60964750
-117935.60964750
-117935.60964750
-117935.60964750
-117935.60964750
-117935.60964750
-117935.60964750
-117935.60964750
-117935.60964750
-117935.60964750
-117935.60964750
-117935.60964750
-117935.60964750
-117935.60964750
-117935.60964750
-117935.60964750
-117935.60964750
0.00318426
0.07052549
0.11015186
0.14093305
0.10000940
0.04811773
-0.12784220
0.13668737
0.07406356
0.19140949
0.05059438
0.17902626
0.07913479
0.08680061
0.04729218
0.10048114
0.08338048
-0.16180766
0.16510985
0.09175390
0.09918385
0.13833847
-0.19942912
0.04056985
0.10024527
-0.14128686
0.17654961
0.08373428
-0.19530137
0.15095758
0.11769974
-0.11404373
-0.02004905
0.16617127
0.06639775
0.11652038
0.01544956
0.11569483
0.19023014
0.15614675
0.07135104
0.20249544
-0.15308042
0.15567500
0.18645620
0.13220582
0.09505610
-0.02087460
0.20721287
-0.14317383
0.25745344
-0.12866775
-0.02453061
0.23162554
0.14777332
0.19400408
0.25002349
0.14246622
0.20898190
0.19683453
0.30297658
0.25674582
0.23162554
0.15154726
0.23457393
0.18846110
0.24872620
0.29047541
0.22384179
0.27632313
0.19813182
0.31347285
0.14010750
0.27101603
-0.02040286
0.21711946
0.29554664
0.33328603
0.28575798
0.21240203
-0.08809790
0.30875543
0.26736003
0.41395399
0.24896207
0.35970361
0.24660336
0.27596933
0.25367950
0.34283882
0.33859314
0.02842248
0.42256329
0.35533999
0.38553151
0.39213590
-0.00330220
0.29071128
0.26936493
0.05920368
0.44237647
0.37645047
0.05377864
0.40145282
0.35640141
0.04446172
0.21652978
0.39213590
0.30934510
0.41088766
0.29920264
0.41702032
0.42244535
0.45534939
0.34189533
0.50818454
0.23256902
0.43270575
0.43482859
0.43824873
0.43730524
0.28434275
0.48058761
0.17407296
0.47598812
0.21759120
0.31618537
0.50228776
0.36913846
0.29967438
0.42928562
0.36677975
-117935.60964750
-117935.60964750
-117935.60964750
-117935.60964750
-117935.60964750
-117935.60964750
-117935.60964750
-117935.60964750
-117935.60964750
-117935.60964750
-117935.60964750
-117935.60964750
-117935.60964750
-117935.60964750
-117935.60964750
-117935.60964750
-117935.60964750
-117935.60964750
-117935.60964750
-117935.60964750
-117935.60964750
-117935.60964750
-117935.60964750
-117935.60964750
-117935.60964750
-117935.60964750
-117935.60964750
-117935.60964750
-117935.60964750
-117935.60964750
-117935.60964750
-117935.60964750
-117935.60964750
-117935.60964750
-117935.60964750
-117935.60964750
-117935.60964750
-117935.60964750
-117935.60964750
-117935.60964750
-117935.60964750
-117935.60964750
-117935.60964750
-117935.60964750
-117935.60964750
-117935.60964750
-117935.60964750
-117935.60964750
-117935.60964750
-117935.60964750
-117935.60964750
-117935.60964750
-117935.60964750
-117935.60964750
-117935.60964750
-117935.60964750
-117935.60964750
-117935.60964750
-117935.60964750
-117935.60964750
-117935.60964750
-117935.60964750
-117935.60964750
-117935.60964750
-117935.60964750
-117935.60964750
-117935.60964750
-117935.60964750
-117935.60964750
-117935.60964750
-117935.60964750
-117935.60964750
-117935.60964750
-117935.60964750
-117935.60964750
-117935.60964750
-117935.60964750
-117935.60964750
-117935.60964750
-117935.60964750
-117935.60964750
-117935.60964750
-117935.60964750
-117935.60964750
-117935.60964750
-117935.60964750
-117935.60964750
-117935.60964750
-117935.60964750
-117935.60964750
-117935.60964750
-117935.60964750
-117935.60964750
-117935.60964750
-117935.60964750
-117935.60964750
-117935.60964750
-117935.60964750
-117935.60964750
-117935.60964750
-117935.60964750
-117935.60964750
-117935.60964750
-117935.60964750
-117935.60964750
-117935.60964750
-117935.60964750
-117935.60964750
-117935.60964750
-117935.60964750
-117935.60964750
-117935.60964750
-117935.60964750
-117935.60964750
-117935.60964750
-117935.60964750
-117935.60964750
-117935.60964750
-117935.60964750
-117935.60964750
-117935.60964750
-117935.60964750
-117935.60964750
-117935.60964750
0.00695820
0.09104629
0.13149820
0.16664302
0.14199447
0.09941972
-0.04670250
0.13527214
0.08915932
0.18916872
0.11392580
0.16062830
0.09670720
0.10142462
0.10130669
0.14317383
0.14706571
0.01710066
0.17784690
0.14883474
0.16628921
0.16805824
-0.01615718
0.11510516
0.11368993
-0.02158222
0.19034807
0.17041696
0.03797527
0.19553724
0.17784690
-0.02335125
0.03738559
0.18138497
0.15178313
0.21558629
0.15980275
0.17855451
0.21865262
0.20756667
0.15579294
0.24931588
0.01462402
0.18787143
0.22820540
0.20709493
0.21405313
0.15119345
0.25014143
0.02830455
0.27384649
0.05224548
0.12937536
0.28316340
0.22018578
0.23433806
0.27526171
0.19306059
0.23115379
0.25226427
0.29613632
0.29295205
0.29118302
0.24530607
0.28163024
0.26205292
0.28151230
0.33670617
0.28729115
0.32998384
0.29330586
0.36383136
0.25969421
0.34791005
0.14541461
0.24577781
0.31193969
0.35970361
0.35734490
0.28976779
0.13904608
0.33776759
0.28033294
0.42397852
0.32314357
0.35215573
0.27125190
0.29873090
0.31630331
0.37762982
0.38376247
0.24931588
0.43423891
0.40829308
0.43447479
0.39649952
0.25827899
0.34673069
0.27526171
0.21983198
0.43317749
0.42044045
0.27514378
0.41996871
0.42374265
0.30026406
0.34106978
0.37279446
0.34390024
0.45617494
0.41324638
0.48117729
0.41277463
0.46855818
0.39756094
0.49886763
0.44685802
0.43659763
0.43624382
0.45122164
0.48660233
0.40923657
0.46006681
0.39154622
0.44249441
0.39355113
0.42244535
0.49273498
0.41218496
0.33753171
0.44084331
0.40675992
0.49379640
-117935.60964750
-117935.60964750
-117935.60964750
-117935.60964750
-117935.60964750
-117935.60964750
-117935.60964750
-117935.60964750
-117935.60964750
-117935.60964750
-117935.60964750
-117935.60964750
-117935.60964750
-117935.60964750
-117935.60964750
-117935.60964750
-117935.60964750
-117935.60964750
-117935.60964750
-117935.60964750
-117935.60964750
-117935.60964750
-117935.60964750
-117935.60964750
-117935.60964750
-117935.60964750
-117935.60964750
-117935.60964750
-117935.60964750
-117935.60964750
-117935.60964750
-117935.60964750
-117935.60964750
-117935.60964750
-117935.60964750
-117935.60964750
-117935.60964750
-117935.60964750
-117935.60964750
-117935.60964750
-117935.60964750
-117935.60964750
-117935.60964750
-117935.60964750
-117935.60964750
-117935.60964750
-117935.60964750
-117935.60964750
-117935.60964750
-117935.60964750
-117935.60964750
-117935.60964750
-117935.60964750
-117935.60964750
-117935.60964750
-117935.60964750
-117935.60964750
-117935.60964750
-117935.60964750
-117935.60964750
-117935.60964750
-117935.60964750
-117935.60964750
-117935.60964750
-117935.60964750
-117935.60964750
-117935.60964750
-117935.60964750
-117935.60964750
-117935.60964750
-117935.60964750
-117935.60964750
-117935.60964750
-117935.60964750
-117935.60964750
-117935.60964750
-117935.60964750
-117935.60964750
-117935.60964750
-117935.60964750
-117935.60964750
-117935.60964750
-117935.60964750
-117935.60964750
-117935.60964750
-117935.60964750
-117935.60964750
-117935.60964750
-117935.60964750
-117935.60964750
-117935.60964750
-117935.60964750
-117935.60964750
-117935.60964750
-117935.60964750
-117935.60964750
-117935.60964750
-117935.60964750
-117935.60964750
-117935.60964750
-117935.60964750
-117935.60964750
-117935.60964750
-117935.60964750
-117935.60964750
-117935.60964750
-117935.60964750
-117935.60964750
-117935.60964750
-117935.60964750
-117935.60964750
-117935.60964750
-117935.60964750
-117935.60964750
-117935.60964750
-117935.60964750
-117935.60964750
-117935.60964750
-117935.60964750
-117935.60964750
-117935.60964750
-117935.60964750
-117935.60964750
0.00330220
-0.05755258
-0.03903669
0.00931691
0.00731201
0.02346919
-0.03915462
-0.00283045
-0.02547409
0.01273705
-0.04575902
0.02865835
0.02759693
0.01167563
-0.03526275
-0.04799979
-0.04658457
-0.15013203
0.01875176
-0.00860930
0.00672233
0.01898763
-0.08727235
-0.00495330
0.03608830
-0.10814695
0.06462871
0.01261911
-0.04587695
0.06415697
0.04528727
-0.05802432
-0.06934614
0.04398998
-0.04363618
0.00908104
0.00283045
0.06498252
0.07429943
0.04835360
0.01710066
0.05896780
-0.10920837
0.04446172
0.06109065
0.05271722
0.04163127
0.00471742
0.09871211
-0.02240777
0.10755728
-0.04906121
0.00613265
0.10366540
0.07135104
0.11581277
0.08786203
0.03479100
0.00849136
0.01686479
0.07488911
0.08809790
0.08656474
0.09670720
0.09246152
0.06215207
0.09364087
0.11711006
0.09375881
0.10496269
0.08066796
0.11239264
0.09977353
0.10614205
0.03891875
0.06616188
0.06651568
0.08597506
0.09387675
0.06981788
0.09010281
0.12843188
0.08055002
0.14836300
0.07028962
0.11569483
0.07701195
0.09941972
0.10885457
0.09517404
0.06663362
-0.02429474
0.10625998
0.10684966
0.10873663
0.10779315
0.11923290
0.06675156
0.05767051
0.07854512
0.13350311
0.07370976
0.00483536
0.08514951
0.09953765
0.17855451
0.15697230
0.07984241
0.03490894
0.04575902
0.04434379
0.12088400
0.07465324
0.09387675
0.07807337
0.07005375
0.07370976
0.05743464
0.06238794
0.07170485
0.06675156
0.03691385
0.06922820
0.10968012
0.07347388
0.10390127
0.07783750
0.07996034
0.05719877
0.05342483
0.08161144
0.09883004
0.07441737
-0.00648646
-117935.60964750
-117935.60964750
-117935.60964750
-117935.60964750
-117935.60964750
-117935.60964750
-117935.60964750
-117935.60964750
-117935.60964750
-117935.60964750
-117935.60964750
-117935.60964750
-117935.60964750
-117935.60964750
-117935.60964750
-117935.60964750
-117935.60964750
-117935.60964750
-117935.60964750
-117935.60964750
-117935.60964750
-117935.60964750
-117935.60964750
-117935.60964750
-117935.60964750
-117935.60964750
-117935.60964750
-117935.60964750
-117935.60964750
-117935.60964750
-117935.60964750
-117935.60964750
-117935.60964750
-117935.60964750
-117935.60964750
-117935.60964750
-117935.60964750
-117935.60964750
-117935.60964750
-117935.60964750
-117935.60964750
-117935.60964750
-117935.60964750
-117935.60964750
-117935.60964750
-117935.60964750
-117935.60964750
-117935.60964750
-117935.60964750
-117935.60964750
-117935.60964750
-117935.60964750
-117935.60964750
-117935.60964750
-117935.60964750
-117935.60964750
-117935.60964750
-117935.60964750
-117935.60964750
-117935.60964750
-117935.60964750
-117935.60964750
-117935.60964750
-117935.60964750
-117935.60964750
-117935.60964750
-117935.60964750
-117935.60964750
-117935.60964750
-117935.60964750
-117935.60964750
-117935.60964750
-117935.60964750
-117935.60964750
-117935.60964750
-117935.60964750
-117935.60964750
-117935.60964750
-117935.60964750
-117935.60964750
-117935.60964750
-117935.60964750
-117935.60964750
-117935.60964750
-117935.60964750
-117935.60964750
-117935.60964750
-117935.60964750
-117935.60964750
-117935.60964750
-117935.60964750
-117935.60964750
-117935.60964750
-117935.60964750
-117935.60964750
-117935.60964750
-117935.60964750
-117935.60964750
-117935.60964750
-117935.60964750
-117935.60964750
-117935.60964750
-117935.60964750
-117935.60964750
-117935.60964750
-117935.60964750
-117935.60964750
-117935.60964750
-117935.60964750
-117935.60964750
-117935.60964750
-117935.60964750
-117935.60964750
-117935.60964750
-117935.60964750
-117935.60964750
-117935.60964750
-117935.60964750
-117935.60964750
-117935.60964750
-117935.60964750
-117935.60964750
0.00294839
0.01556750
0.04092366
0.08149351
0.06922820
0.05507593
-0.01214737
0.07972447
0.03207849
0.10850076
0.01804415
0.10767521
0.06061890
0.06026510
0.02677138
0.03455513
0.02488441
-0.10331159
0.09458436
0.04552315
0.05613735
0.07205866
-0.09953765
0.01804415
0.06415697
-0.08668267
0.11392580
0.05460419
-0.06026510
0.11215676
0.10154256
-0.00330220
-0.00165110
0.10366540
0.01662892
0.07123311
0.03172468
0.11251057
0.13503627
0.11239264
0.06297762
0.13043678
-0.08762616
0.09776862
0.12218129
0.08963106
0.07017169
0.00507123
0.14211241
-0.03597036
0.17088870
-0.04446172
0.01356260
0.15673643
0.10649586
0.15968482
0.16723269
0.09658926
0.09941972
0.09623546
0.17395502
0.16546366
0.15567500
0.13774879
0.15709023
0.11958671
0.16216146
0.19188124
0.15343423
0.18928665
0.14435319
0.20933571
0.13314930
0.18468716
0.05118405
0.14694777
0.17124251
0.19801389
0.17407296
0.13656944
0.01875176
0.20461828
0.17478057
0.25981215
0.14517874
0.22289830
0.16051036
0.19447582
0.18787143
0.20461828
0.19011220
-0.00459949
0.24672130
0.21865262
0.24200387
0.23480980
0.08786203
0.17100663
0.17713929
0.08797996
0.27101603
0.21829881
0.02512028
0.23705058
0.23280489
0.14836300
0.21652978
0.23988103
0.19105569
0.24165006
0.18751762
0.27797423
0.26311435
0.29696187
0.23728645
0.30474562
0.16499192
0.25108491
0.26158118
0.26724209
0.26877525
0.18291813
0.28021501
0.15072171
0.28163024
0.16664302
0.20450035
0.29696187
0.22278037
0.19471169
0.27773836
0.27030842
0.33210668
0.24047071
0.21499662
-117935.60964750
-117935.60964750
-117935.60964750
-117935.60964750
-117935.60964750
-117935.60964750
-117935.60964750
-117935.60964750
-117935.60964750
-117935.60964750
-117935.60964750
-117935.60964750
-117935.60964750
-117935.60964750
-117935.60964750
-117935.60964750
-117935.60964750
-117935.60964750
-117935.60964750
-117935.60964750
-117935.60964750
-117935.60964750
-117935.60964750
-117935.60964750
-117935.60964750
-117935.60964750
-117935.60964750
-117935.60964750
-117935.60964750
-117935.60964750
-117935.60964750
-117935.60964750
-117935.60964750
-117935.60964750
-117935.60964750
-117935.60964750
-117935.60964750
-117935.60964750
-117935.60964750
-117935.60964750
-117935.60964750
-117935.60964750
-117935.60964750
-117935.60964750
-117935.60964750
-117935.60964750
-117935.60964750
-117935.60964750
-117935.60964750
-117935.60964750
-117935.60964750
-117935.60964750
-117935.60964750
-117935.60964750
-117935.60964750
-117935.60964750
-117935.60964750
-117935.60964750
-117935.60964750
-117935.60964750
-117935.60964750
-117935.60964750
-117935.60964750
-117935.60964750
-117935.60964750
-117935.60964750
-117935.60964750
-117935.60964750
-117935.60964750
-117935.60964750
-117935.60964750
-117935.60964750
-117935.60964750
-117935.60964750
-117935.60964750
-117935.60964750
-117935.60964750
-117935.60964750
-117935.60964750
-117935.60964750
-117935.60964750
-117935.60964750
-117935.60964750
-117935.60964750
-117935.60964750
-117935.60964750
-117935.60964750
-117935.60964750
-117935.60964750
-117935.60964750
-117935.60964750
-117935.60964750
-117935.60964750
-117935.60964750
-117935.60964750
-117935.60964750
-117935.60964750
-117935.60964750
-117935.60964750
-117935.60964750
-117935.60964750
-117935.60964750
-117935.60964750
-117935.60964750
-117935.60964750
-117935.60964750
-117935.60964750
-117935.60964750
-117935.60964750
-117935.60964750
-117935.60964750
-117935.60964750
-117935.60964750
-117935.60964750
-117935.60964750
-117935.60964750
-117935.60964750
-117935.60964750
-117935.60964750
-117935.60964750
-117935.60964750
-0.00106142
-0.07076137
-0.05719877
-0.03762146
-0.07453531
-0.08621093
-0.16393050
-0.01721860
-0.01863383
-0.00294839
-0.12218129
0.01096801
-0.03325784
-0.04198508
-0.09552784
-0.09010281
-0.11357199
-0.31028859
-0.02476648
-0.08408809
-0.06663362
-0.02335125
-0.22490321
-0.09210771
-0.01521369
-0.20909984
0.03089913
-0.06569013
-0.23197934
-0.00483536
-0.04540521
-0.16051036
-0.09364087
0.01556750
-0.09116423
-0.09906591
-0.16947347
-0.05908574
0.00566091
-0.02276157
-0.06109065
-0.01191150
-0.26287847
-0.02688932
-0.02028492
-0.03927256
-0.08279080
-0.16699682
0.02264364
-0.20792048
0.04953296
-0.16157179
-0.09765068
0.02523822
-0.03927256
0.00530710
0.00011794
-0.04705631
-0.01391640
-0.05283515
0.03620623
-0.02040286
-0.02995564
-0.05873193
0.01521369
-0.02889422
0.02276157
0.02228983
-0.01757241
-0.00577884
-0.05189167
0.01662892
-0.04894328
-0.02512028
-0.17501644
-0.01403434
0.01049627
0.01297292
-0.03325784
-0.06474665
-0.23480980
0.00636852
-0.01167563
0.05731671
-0.04469760
0.05342483
-0.01403434
-0.02205396
-0.04210301
-0.00495330
-0.02488441
-0.19258885
0.02252570
-0.03007358
-0.02995564
0.03078119
-0.12029432
-0.04375411
-0.00955278
-0.12206336
0.06227000
-0.03608830
-0.16935554
0.00601472
-0.03785733
-0.17501644
-0.06604394
0.03502688
-0.02464854
-0.03078119
-0.08703648
-0.01733653
0.00365600
-0.01922350
-0.04422585
0.00518917
-0.14116892
-0.02382299
-0.02771487
-0.03809320
-0.06993582
-0.13067266
0.00849136
-0.14989616
0.02193602
-0.13798466
-0.07701195
0.01804415
-0.03832907
-0.03479100
-0.01886970
-0.04304650
0.02535616
-0.03325784
0.03372958
-0.04682044
-117935.60964750
-117935.60964750
-117935.60964750
-117935.60964750
-117935.60964750
-117935.60964750
-117935.60964750
-117935.60964750
-117935.60964750
-117935.60964750
-117935.60964750
-117935.60964750
-117935.60964750
-117935.60964750
-117935.60964750
-117935.60964750
-117935.60964750
-117935.60964750
-117935.60964750
-117935.60964750
-117935.60964750
-117935.60964750
-117935.60964750
-117935.60964750
-117935.60964750
-117935.60964750
-117935.60964750
-117935.60964750
-117935.60964750
-117935.60964750
-117935.60964750
-117935.60964750
-117935.60964750
-117935.60964750
-117935.60964750
-117935.60964750
-117935.60964750
-117935.60964750
-117935.60964750
-117935.60964750
-117935.60964750
-117935.60964750
-117935.60964750
-117935.60964750
-117935.60964750
-117935.60964750
-117935.60964750
-117935.60964750
-117935.60964750
-117935.60964750
-117935.60964750
-117935.60964750
-117935.60964750
-117935.60964750
-117935.60964750
-117935.60964750
-117935.60964750
-117935.60964750
-117935.60964750
-117935.60964750
-117935.60964750
-117935.60964750
-117935.60964750
-117935.60964750
-117935.60964750
-117935.60964750
-117935.60964750
-117935.60964750
-117935.60964750
-117935.60964750
-117935.60964750
-117935.60964750
-117935.60964750
-117935.60964750
-117935.60964750
-117935.60964750
-117935.60964750
-117935.60964750
-117935.60964750
-117935.60964750
-117935.60964750
-117935.60964750
-117935.60964750
-117935.60964750
-117935.60964750
-117935.60964750
-117935.60964750
-117935.60964750
-117935.60964750
-117935.60964750
-117935.60964750
-117935.60964750
-117935.60964750
-117935.60964750
-117935.60964750
-117935.60964750
-117935.60964750
-117935.60964750
-117935.60964750
-117935.60964750
-117935.60964750
-117935.60964750
-117935.60964750
-117935.60964750
-117935.60964750
-117935.60964750
-117935.60964750
-117935.60964750
-117935.60964750
-117935.60964750
-117935.60964750
-117935.60964750
-117935.60964750
-117935.60964750
-117935.60964750
-117935.60964750
-117935.60964750
-117935.60964750
-117935.60964750
-117935.60964750
0.00000000
-0.06085477
-0.00389188
0.01261911
-0.03313991
-0.07146898
-0.32656370
-0.02464854
-0.07017169
0.02653551
-0.09623546
0.03113500
-0.04481553
-0.07335595
-0.12241716
-0.05778845
-0.07771957
-0.30840162
-0.01521369
-0.08043209
-0.07948860
-0.00990659
-0.29601838
-0.09989146
-0.04092366
-0.31311904
0.02700725
-0.07996034
-0.26665241
-0.00117936
-0.05047644
-0.30061787
-0.18162084
0.03361165
-0.04705631
-0.02700725
-0.11097741
-0.04917915
0.02134635
-0.03644210
-0.11038773
-0.00023587
-0.31241143
-0.03231436
-0.02004905
-0.03667797
-0.08550332
-0.16735063
0.02960184
-0.27443616
0.04670250
-0.26818558
-0.15685436
0.02901216
-0.03278610
-0.01202943
0.00212284
-0.09128216
0.00000000
0.00566091
0.10000940
0.04575902
0.01356260
-0.07111517
0.02488441
-0.01533163
0.04906121
0.05000470
-0.01957731
0.00400981
-0.05708084
0.03337578
-0.08279080
-0.00330220
-0.29318793
-0.03361165
0.02618171
0.06415697
0.03762146
0.01191150
-0.23197934
0.03455513
-0.01014246
0.09470229
-0.02028492
0.09375881
0.03278610
0.00400981
-0.04906121
0.03372958
0.03007358
-0.18515891
0.10484476
0.05059438
0.05024057
0.10130669
-0.20556177
0.02087460
0.03467307
-0.22761573
0.14895267
0.03278610
-0.17077076
0.10732140
0.05861400
-0.19813182
-0.10236811
0.10932631
-0.00058968
0.06321349
-0.00283045
0.06592601
0.10378334
0.05932161
-0.02405886
0.10142462
-0.15473152
0.06781298
0.06627981
0.06179826
0.02335125
-0.07335595
0.11982258
-0.12053019
0.11345406
-0.13456453
-0.04163127
0.10519856
0.03762146
0.04646663
0.06285968
-0.01462402
0.08998487
0.07382769
0.11604864
0.09387675
0.09894798
-117935.60964750
-117935.60964750
-117935.60964750
-117935.60964750
-117935.60964750
-117935.60964750
-117935.60964750
-117935.60964750
-117935.60964750
-117935.60964750
-117935.60964750
-117935.60964750
-117935.60964750
-117935.60964750
-117935.60964750
-117935.60964750
-117935.60964750
-117935.60964750
-117935.60964750
-117935.60964750
-117935.60964750
-117935.60964750
-117935.60964750
-117935.60964750
-117935.60964750
-117935.60964750
-117935.60964750
-117935.60964750
-117935.60964750
-117935.60964750
-117935.60964750
-117935.60964750
-117935.60964750
-117935.60964750
-117935.60964750
-117935.60964750
-117935.60964750
-117935.60964750
-117935.60964750
-117935.60964750
-117935.60964750
-117935.60964750
-117935.60964750
-117935.60964750
-117935.60964750
-117935.60964750
-117935.60964750
-117935.60964750
-117935.60964750
-117935.60964750
-117935.60964750
-117935.60964750
-117935.60964750
-117935.60964750
-117935.60964750
-117935.60964750
-117935.60964750
-117935.60964750
-117935.60964750
-117935.60964750
-117935.60964750
-117935.60964750
-117935.60964750
-117935.60964750
-117935.60964750
-117935.60964750
-117935.60964750
-117935.60964750
-117935.60964750
-117935.60964750
-117935.60964750
-117935.60964750
-117935.60964750
-117935.60964750
-117935.60964750
-117935.60964750
-117935.60964750
-117935.60964750
-117935.60964750
-117935.60964750
-117935.60964750
-117935.60964750
-117935.60964750
-117935.60964750
-117935.60964750
-117935.60964750
-117935.60964750
-117935.60964750
-117935.60964750
-117935.60964750
-117935.60964750
-117935.60964750
-117935.60964750
-117935.60964750
-117935.60964750
-117935.60964750
-117935.60964750
-117935.60964750
-117935.60964750
-117935.60964750
-117935.60964750
-117935.60964750
-117935.60964750
-117935.60964750
-117935.60964750
-117935.60964750
-117935.60964750
-117935.60964750
-117935.60964750
-117935.60964750
-117935.60964750
-117935.60964750
-117935.60964750
-117935.60964750
-117935.60964750
-117935.60964750
-117935.60964750
-117935.60964750
-117935.60964750
0.00448155
0.06533633
0.15190107
0.17713929
0.14741951
0.09540991
-0.08951313
0.14447112
0.05814226
0.20792048
0.06014716
0.19306059
0.08231906
0.08644680
0.04776392
0.12229923
0.10625998
-0.14305589
0.18987633
0.12300684
0.12866775
0.15980275
-0.15767991
0.04976883
0.09387675
-0.17077076
0.18162084
0.06993582
-0.18468716
0.14423525
0.10743934
-0.15319836
-0.06085477
0.16239733
0.05649116
0.13444659
0.05200960
0.16275114
0.20096228
0.15767991
0.06038303
0.19506550
-0.19530137
0.13951783
0.17619580
0.12961124
0.09316913
-0.00955278
0.19766008
-0.13869228
0.23681470
-0.17018108
-0.05448625
0.20674112
0.12418620
0.17820071
0.21924230
0.09540991
0.17796483
0.18798936
0.29649012
0.26405783
0.22796953
0.15933101
0.22844128
0.17890832
0.24306529
0.27502584
0.19836770
0.25851486
0.17442677
0.29118302
0.11593070
0.23834787
-0.11545896
0.17183218
0.25910453
0.31701092
0.28764495
0.22820540
-0.02358712
0.30297658
0.26983667
0.39024893
0.21617597
0.34154153
0.24341910
0.26712416
0.22808747
0.30875543
0.31005272
-0.03101707
0.41289257
0.35144812
0.39296145
0.38399835
0.00389188
0.28658353
0.28776289
-0.00766581
0.44556073
0.36489278
0.01155769
0.41124147
0.37255859
0.07606847
0.21523249
0.39520223
0.29189063
0.40404740
0.28941399
0.41937903
0.43989982
0.46325107
0.34307469
0.51431719
0.15815165
0.43423891
0.44308409
0.45381623
0.45192926
0.30179723
0.50700519
0.18362574
0.50063666
0.19447582
0.30274071
0.50865628
0.36902052
0.32880448
0.42940355
0.35168399
0.49580130
0.42857801
0.40192456
0.37645047
0.45051403
0.42751658
-117935.60964750
-117935.60964750
-117935.60964750
-117935.60964750
-117935.60964750
-117935.60964750
-117935.60964750
-117935.60964750
-117935.60964750
-117935.60964750
-117935.60964750
-117935.60964750
-117935.60964750
-117935.60964750
-117935.60964750
-117935.60964750
-117935.60964750
-117935.60964750
-117935.60964750
-117935.60964750
-117935.60964750
-117935.60964750
-117935.60964750
-117935.60964750
-117935.60964750
-117935.60964750
-117935.60964750
-117935.60964750
-117935.60964750
-117935.60964750
-117935.60964750
-117935.60964750
-117935.60964750
-117935.60964750
-117935.60964750
-117935.60964750
-117935.60964750
-117935.60964750
-117935.60964750
-117935.60964750
-117935.60964750
-117935.60964750
-117935.60964750
-117935.60964750
-117935.60964750
-117935.60964750
-117935.60964750
-117935.60964750
-117935.60964750
-117935.60964750
-117935.60964750
-117935.60964750
-117935.60964750
-117935.60964750
-117935.60964750
-117935.60964750
-117935.60964750
-117935.60964750
-117935.60964750
-117935.60964750
-117935.60964750
-117935.60964750
-117935.60964750
-117935.60964750
-117935.60964750
-117935.60964750
-117935.60964750
-117935.60964750
-117935.60964750
-117935.60964750
-117935.60964750
-117935.60964750
-117935.60964750
-117935.60964750
-117935.60964750
-117935.60964750
-117935.60964750
-117935.60964750
-117935.60964750
-117935.60964750
-117935.60964750
-117935.60964750
-117935.60964750
-117935.60964750
-117935.60964750
-117935.60964750
-117935.60964750
-117935.60964750
-117935.60964750
-117935.60964750
-117935.60964750
-117935.60964750
-117935.60964750
-117935.60964750
-117935.60964750
-117935.60964750
-117935.60964750
-117935.60964750
-117935.60964750
-117935.60964750
-117935.60964750
-117935.60964750
-117935.60964750
-117935.60964750
-117935.60964750
-117935.60964750
-117935.60964750
-117935.60964750
-117935.60964750
-117935.60964750
-117935.60964750
-117935.60964750
-117935.60964750
-117935.60964750
-117935.60964750
-117935.60964750
-117935.60964750
-117935.60964750
-0.00106142
-0.07866305
-0.05189167
-0.02913010
-0.06132652
-0.06498252
-0.25308982
-0.04858947
-0.08208318
-0.01309085
-0.09894798
0.00967072
-0.02370506
-0.05495799
-0.11805355
-0.08762616
-0.09670720
-0.26794971
-0.02665345
-0.08338048
-0.08774409
-0.02523822
-0.26193499
-0.08361635
-0.01875176
-0.22171895
0.01651099
-0.08290873
-0.24353703
-0.00813756
-0.04929708
-0.23598915
-0.16227940
0.01026040
-0.07842718
-0.05295309
-0.09599959
-0.04021604
0.00625059
-0.05755258
-0.11675625
-0.02618171
-0.24742891
-0.02488441
-0.02358712
-0.04410792
-0.08856964
-0.15331629
0.01733653
-0.18315400
0.03243229
-0.20509003
-0.13043678
0.01415227
-0.02865835
0.00318426
-0.00094348
-0.06616188
-0.01721860
-0.02924803
0.05212754
0.01969525
-0.00188697
-0.05649116
0.00754788
-0.03243229
0.01886970
0.03656004
0.01096801
0.00424568
-0.05743464
-0.00507123
-0.07217659
-0.01839796
-0.18869698
-0.03467307
-0.00778375
0.00377394
-0.01592131
-0.03042739
-0.13633356
0.00601472
-0.03844701
0.03667797
-0.06109065
0.03809320
-0.00778375
-0.02205396
-0.05719877
-0.01721860
-0.03915462
-0.15591088
0.03337578
-0.00530710
-0.01368053
0.02382299
-0.16959141
-0.04658457
-0.03962636
-0.12713459
0.05413244
-0.04233888
-0.13550802
0.00247665
-0.02759693
-0.11593070
-0.07748370
0.01191150
-0.08338048
-0.06050097
-0.08432396
0.00436362
-0.00141523
-0.03137087
-0.08125764
-0.03172468
-0.15885927
-0.03349371
-0.02995564
-0.04210301
-0.08526745
-0.16322288
-0.01427021
-0.12512968
-0.00766581
-0.09647133
-0.08055002
-0.02594583
-0.06922820
-0.04965089
-0.04729218
-0.08326254
-0.03431926
-0.07182279
-0.01120388
-0.04316443
-0.05236341
-0.07429943
-0.04174921
-117935.60964750
-117935.60964750
-117935.60964750
-117935.60964750
-117935.60964750
-117935.60964750
-117935.60964750
-117935.60964750
-117935.60964750
-117935.60964750
-117935.60964750
-117935.60964750
-117935.60964750
-117935.60964750
-117935.60964750
-117935.60964750
-117935.60964750
-117935.60964750
-117935.60964750
-117935.60964750
-117935.60964750
-117935.60964750
-117935.60964750
-117935.60964750
-117935.60964750
-117935.60964750
-117935.60964750
-117935.60964750
-117935.60964750
-117935.60964750
-117935.60964750
-117935.60964750
-117935.60964750
-117935.60964750
-117935.60964750
-117935.60964750
-117935.60964750
-117935.60964750
-117935.60964750
-117935.60964750
-117935.60964750
-117935.60964750
-117935.60964750
-117935.60964750
-117935.60964750
-117935.60964750
-117935.60964750
-117935.60964750
-117935.60964750
-117935.60964750
-117935.60964750
-117935.60964750
-117935.60964750
-117935.60964750
-117935.60964750
-117935.60964750
-117935.60964750
-117935.60964750
-117935.60964750
-117935.60964750
-117935.60964750
-117935.60964750
-117935.60964750
-117935.60964750
-117935.60964750
-117935.60964750
-117935.60964750
-117935.60964750
-117935.60964750
-117935.60964750
-117935.60964750
-117935.60964750
-117935.60964750
-117935.60964750
-117935.60964750
-117935.60964750
-117935.60964750
-117935.60964750
-117935.60964750
-117935.60964750
-117935.60964750
-117935.60964750
-117935.60964750
-117935.60964750
-117935.60964750
-117935.60964750
-117935.60964750
-117935.60964750
-117935.60964750
-117935.60964750
-117935.60964750
-117935.60964750
-117935.60964750
-117935.60964750
-117935.60964750
-117935.60964750
-117935.60964750
-117935.60964750
-117935.60964750
-117935.60964750
-117935.60964750
-117935.60964750
-117935.60964750
-117935.60964750
-117935.60964750
-117935.60964750
-117935.60964750
-117935.60964750
-117935.60964750
-117935.60964750
-117935.60964750
-117935.60964750
-117935.60964750
-117935.60964750
-117935.60964750
-117935.60964750
-117935.60964750
-0.00200491
-0.08055002
-0.05094818
-0.03703178
-0.06840265
-0.07370976
-0.23032825
-0.05649116
-0.09493817
-0.02865835
-0.10826489
0.00094348
-0.02830455
-0.05873193
-0.12902156
-0.10850076
-0.12135574
-0.26983667
-0.03773940
-0.09765068
-0.09918385
-0.04811773
-0.26134531
-0.10602411
-0.03809320
-0.22549289
-0.00672233
-0.10366540
-0.24212181
-0.03054532
-0.06899233
-0.22112927
-0.16569953
-0.01332672
-0.10802902
-0.08892345
-0.12359652
-0.05908574
-0.01863383
-0.09305120
-0.14930648
-0.06899233
-0.27986120
-0.04682044
-0.04670250
-0.07654021
-0.12406826
-0.18645620
-0.01851589
-0.21688359
0.00377394
-0.22065753
-0.14954235
-0.01839796
-0.05696290
-0.01143975
-0.03125294
-0.09647133
-0.06403904
-0.07111517
0.02464854
-0.00884517
-0.04139540
-0.08385222
-0.03325784
-0.07229453
-0.01391640
-0.00554297
-0.02370506
-0.02299744
-0.08408809
-0.03337578
-0.10496269
-0.05731671
-0.23516361
-0.05401451
-0.03089913
-0.02016699
-0.04705631
-0.04858947
-0.17796483
-0.02217189
-0.05625529
0.00471742
-0.09387675
0.01568544
-0.01934144
-0.02641758
-0.07158692
-0.04340030
-0.06793091
-0.21476075
0.00495330
-0.03007358
-0.03089913
0.00459949
-0.18456923
-0.06592601
-0.04623076
-0.16098211
0.03915462
-0.05802432
-0.16605334
-0.01132182
-0.04434379
-0.14588635
-0.09493817
0.00554297
-0.09635339
-0.07736576
-0.10590618
-0.01179356
-0.00943485
-0.04328237
-0.09446642
-0.05366070
-0.22006785
-0.06014716
-0.05307102
-0.05802432
-0.10295779
-0.17867245
-0.03148881
-0.16735063
-0.02453061
-0.13586182
-0.10484476
-0.04115953
-0.08514951
-0.06403904
-0.06215207
-0.09399468
-0.04906121
-0.09081042
-0.02924803
-0.06698743
-0.07229453
-0.09364087
-0.06002923
-0.10732140
-117935.60964750
-117935.60964750
-117935.60964750
-117935.60964750
-117935.60964750
-117935.60964750
-117935.60964750
-117935.60964750
-117935.60964750
-117935.60964750
-117935.60964750
-117935.60964750
-117935.60964750
-117935.60964750
-117935.60964750
-117935.60964750
-117935.60964750
-117935.60964750
-117935.60964750
-117935.60964750
-117935.60964750
-117935.60964750
-117935.60964750
-117935.60964750
-117935.60964750
-117935.60964750
-117935.60964750
-117935.60964750
-117935.60964750
-117935.60964750
-117935.60964750
-117935.60964750
-117935.60964750
-117935.60964750
-117935.60964750
-117935.60964750
-117935.60964750
-117935.60964750
-117935.60964750
-117935.60964750
-117935.60964750
-117935.60964750
-117935.60964750
-117935.60964750
-117935.60964750
-117935.60964750
-117935.60964750
-117935.60964750
-117935.60964750
-117935.60964750
-117935.60964750
-117935.60964750
-117935.60964750
-117935.60964750
-117935.60964750
-117935.60964750
-117935.60964750
-117935.60964750
-117935.60964750
-117935.60964750
-117935.60964750
-117935.60964750
-117935.60964750
-117935.60964750
-117935.60964750
-117935.60964750
-117935.60964750
-117935.60964750
-117935.60964750
-117935.60964750
-117935.60964750
-117935.60964750
-117935.60964750
-117935.60964750
-117935.60964750
-117935.60964750
-117935.60964750
-117935.60964750
-117935.60964750
-117935.60964750
-117935.60964750
-117935.60964750
-117935.60964750
-117935.60964750
-117935.60964750
-117935.60964750
-117935.60964750
-117935.60964750
-117935.60964750
-117935.60964750
-117935.60964750
-117935.60964750
-117935.60964750
-117935.60964750
-117935.60964750
-117935.60964750
-117935.60964750
-117935.60964750
-117935.60964750
-117935.60964750
-117935.60964750
-117935.60964750
-117935.60964750
-117935.60964750
-117935.60964750
-117935.60964750
-117935.60964750
-117935.60964750
-117935.60964750
-117935.60964750
-117935.60964750
-117935.60964750
-117935.60964750
-117935.60964750
-117935.60964750
-117935.60964750
0.00200491
-0.02818661
0.03054532
0.04682044
0.01509576
-0.01085008
-0.14470699
0.03467307
-0.00601472
0.07170485
-0.05719877
0.07429943
-0.00023587
-0.00283045
-0.04705631
-0.00247665
-0.02500235
-0.24966969
0.05047644
-0.00389188
0.00330220
0.04481553
-0.20355686
-0.04870741
0.00672233
-0.22313417
0.06922820
-0.04127746
-0.23068205
0.02370506
-0.01804415
-0.20143402
-0.11522309
0.05307102
-0.04717424
-0.01603924
-0.08231906
0.03337578
0.06663362
0.03337578
-0.03137087
0.04528727
-0.26382196
0.00931691
0.02830455
0.00766581
-0.03490894
-0.11911497
0.06580807
-0.18987633
0.09010281
-0.18610239
-0.10449095
0.06356729
-0.00412775
0.03420133
0.04811773
-0.03113500
0.03585243
0.02040286
0.11239264
0.06545426
0.04316443
-0.00459949
0.06757710
0.02016699
0.07583260
0.07948860
0.02264364
0.05472212
-0.00377394
0.07889892
-0.02641758
0.02594583
-0.22513908
0.00636852
0.05790638
0.08821584
0.05472212
0.02205396
-0.15579294
0.07878099
0.06521839
0.13008298
0.00754788
0.12053019
0.05271722
0.04705631
0.00648646
0.06569013
0.05955748
-0.18622033
0.13291343
0.08255493
0.10189637
0.13456453
-0.10873663
0.05448625
0.08739029
-0.16298701
0.17607787
0.07135104
-0.16852999
0.12642697
0.07760163
-0.14671190
-0.03101707
0.13609769
0.04540521
0.08302667
-0.00106142
0.08774409
0.13668737
0.11840735
0.05743464
0.15697230
-0.12064813
0.10838283
0.11298231
0.10779315
0.08196525
-0.01014246
0.16782237
-0.09316913
0.17572406
-0.08821584
0.00943485
0.16534572
0.08149351
0.09257945
0.11569483
0.05472212
0.13963576
0.10602411
0.15284455
0.10578824
0.11663832
0.07642228
0.16982728
0.12465794
0.14317383
-117935.60964750
-117935.60964750
-117935.60964750
-117935.60964750
-117935.60964750
-117935.60964750
-117935.60964750
-117935.60964750
-117935.60964750
-117935.60964750
-117935.60964750
-117935.60964750
-117935.60964750
-117935.60964750
-117935.60964750
-117935.60964750
-117935.60964750
-117935.60964750
-117935.60964750
-117935.60964750
-117935.60964750
-117935.60964750
-117935.60964750
-117935.60964750
-117935.60964750
-117935.60964750
-117935.60964750
-117935.60964750
-117935.60964750
-117935.60964750
-117935.60964750
-117935.60964750
-117935.60964750
-117935.60964750
-117935.60964750
-117935.60964750
-117935.60964750
-117935.60964750
-117935.60964750
-117935.60964750
-117935.60964750
-117935.60964750
-117935.60964750
-117935.60964750
-117935.60964750
-117935.60964750
-117935.60964750
-117935.60964750
-117935.60964750
-117935.60964750
-117935.60964750
-117935.60964750
-117935.60964750
-117935.60964750
-117935.60964750
-117935.60964750
-117935.60964750
-117935.60964750
-117935.60964750
-117935.60964750
-117935.60964750
-117935.60964750
-117935.60964750
-117935.60964750
-117935.60964750
-117935.60964750
-117935.60964750
-117935.60964750
-117935.60964750
-117935.60964750
-117935.60964750
-117935.60964750
-117935.60964750
-117935.60964750
-117935.60964750
-117935.60964750
-117935.60964750
-117935.60964750
-117935.60964750
-117935.60964750
-117935.60964750
-117935.60964750
-117935.60964750
-117935.60964750
-117935.60964750
-117935.60964750
-117935.60964750
-117935.60964750
-117935.60964750
-117935.60964750
-117935.60964750
-117935.60964750
-117935.60964750
-117935.60964750
-117935.60964750
-117935.60964750
-117935.60964750
-117935.60964750
-117935.60964750
-117935.60964750
-117935.60964750
-117935.60964750
-117935.60964750
-117935.60964750
-117935.60964750
-117935.60964750
-117935.60964750
-117935.60964750
-117935.60964750
-117935.60964750
-117935.60964750
-117935.60964750
-117935.60964750
-117935.60964750
-117935.60964750
-0.00023587
-0.07111517
-0.03160674
-0.01592131
-0.05248135
-0.05767051
-0.22431353
-0.03467307
-0.07453531
-0.00742994
-0.12170955
0.01450608
-0.02924803
-0.03302197
-0.09588165
-0.07866305
-0.10590618
-0.33080939
-0.02971977
-0.07335595
-0.06462871
-0.02111047
-0.27007255
-0.10319366
-0.03549862
-0.26158118
0.01238324
-0.08856964
-0.25886866
-0.02016699
-0.06014716
-0.23999897
-0.15897720
0.01273705
-0.09187184
-0.06804885
-0.11840735
-0.02063873
0.02287951
-0.02771487
-0.09694307
-0.03113500
-0.34342850
-0.04799979
-0.02358712
-0.03538068
-0.08267286
-0.15921307
0.01226530
-0.24235768
0.03514481
-0.22183688
-0.13822053
0.01450608
-0.03832907
0.00106142
0.00613265
-0.05896780
-0.01568544
-0.03278610
0.05354277
0.01875176
0.00094348
-0.03667797
0.01651099
-0.03278610
0.02488441
0.02181809
-0.02688932
0.00825549
-0.03408339
0.02759693
-0.05837813
-0.01886970
-0.25403330
-0.03455513
0.00613265
0.03137087
0.00849136
-0.01780828
-0.15367010
0.02889422
0.00577884
0.06415697
-0.05448625
0.05236341
-0.00754788
-0.01285498
-0.03785733
0.01037833
-0.01085008
-0.20709493
0.04575902
0.01438814
0.02594583
0.06073684
-0.10319366
-0.01509576
-0.00353807
-0.18044148
0.09812243
-0.00165110
-0.13432866
0.04564108
0.00719407
-0.12619110
-0.05814226
0.05425038
-0.03880082
-0.01993112
-0.08220112
0.00849136
0.03538068
0.02924803
-0.01415227
0.03514481
-0.16180766
-0.01285498
-0.00684027
0.00188697
-0.02830455
-0.10177843
0.03502688
-0.13987163
0.03054532
-0.12560142
-0.06179826
0.02311538
-0.03313991
-0.01981318
-0.01202943
-0.04835360
0.02264364
-0.01556750
0.02429474
-0.01686479
-0.00601472
-0.02971977
0.03714972
-0.00459949
0.02228983
0.02405886
-117935.60964750
-117935.60964750
-117935.60964750
-117935.60964750
-117935.60964750
-117935.60964750
-117935.60964750
-117935.60964750
-117935.60964750
-117935.60964750
-117935.60964750
-117935.60964750
-117935.60964750
-117935.60964750
-117935.60964750
-117935.60964750
-117935.60964750
-117935.60964750
-117935.60964750
-117935.60964750
-117935.60964750
-117935.60964750
-117935.60964750
-117935.60964750
-117935.60964750
-117935.60964750
-117935.60964750
-117935.60964750
-117935.60964750
-117935.60964750
-117935.60964750
-117935.60964750
-117935.60964750
-117935.60964750
-117935.60964750
-117935.60964750
-117935.60964750
-117935.60964750
-117935.60964750
-117935.60964750
-117935.60964750
-117935.60964750
-117935.60964750
-117935.60964750
-117935.60964750
-117935.60964750
-117935.60964750
-117935.60964750
-117935.60964750
-117935.60964750
-117935.60964750
-117935.60964750
-117935.60964750
-117935.60964750
-117935.60964750
-117935.60964750
-117935.60964750
-117935.60964750
-117935.60964750
-117935.60964750
-117935.60964750
-117935.60964750
-117935.60964750
-117935.60964750
-117935.60964750
-117935.60964750
-117935.60964750
-117935.60964750
-117935.60964750
-117935.60964750
-117935.60964750
-117935.60964750
-117935.60964750
-117935.60964750
-117935.60964750
-117935.60964750
-117935.60964750
-117935.60964750
-117935.60964750
-117935.60964750
-117935.60964750
-117935.60964750
-117935.60964750
-117935.60964750
-117935.60964750
-117935.60964750
-117935.60964750
-117935.60964750
-117935.60964750
-117935.60964750
-117935.60964750
-117935.60964750
-117935.60964750
-117935.60964750
-117935.60964750
-117935.60964750
-117935.60964750
-117935.60964750
-117935.60964750
-117935.60964750
-117935.60964750
-117935.60964750
-117935.60964750
-117935.60964750
-117935.60964750
-117935.60964750
-117935.60964750
-117935.60964750
-117935.60964750
-117935.60964750
-117935.60964750
-117935.60964750
-117935.60964750
-117935.60964750
0.00613265
0.09706101
0.13998957
0.17100663
0.15461358
0.11286438
0.00849136
0.15850546
0.09364087
0.20060847
0.10649586
0.16628921
0.09658926
0.11946877
0.12229923
0.14352764
0.12925743
-0.04552315
0.16086417
0.14494286
0.16098211
0.16074624
-0.00860930
0.10118875
0.10401921
-0.01261911
0.18032355
0.15190107
0.01922350
0.17478057
0.16546366
0.01580337
0.05578354
0.16393050
0.12005845
0.17478057
0.12100194
0.16911966
0.20520796
0.20992539
0.14989616
0.22820540
-0.01945938
0.16510985
0.21511455
0.20119815
0.20190576
0.13220582
0.22171895
0.00011794
0.24129626
0.00330220
0.07441737
0.23469186
0.17595993
0.20001879
0.25014143
0.18268226
0.20615145
0.21275584
0.25580234
0.25344363
0.26040183
0.22820540
0.25686376
0.22938476
0.25261808
0.28681940
0.22549289
0.28941399
0.25768931
0.32479467
0.22183688
0.29000366
0.08597506
0.21452487
0.27396442
0.32455880
0.31653918
0.25698169
0.11911497
0.32054899
0.28988573
0.39803268
0.29519283
0.32974796
0.24589575
0.28729115
0.31394459
0.36194439
0.36571833
0.17725722
0.38635706
0.36359548
0.39260764
0.37043575
0.19164537
0.31500601
0.27066222
0.15543913
0.40487295
0.39815062
0.22454940
0.40216043
0.40050933
0.25816105
0.32184628
0.36607213
0.34236707
0.43294162
0.36335961
0.42091219
0.40558056
0.46584566
0.40522675
0.50193395
0.36100090
0.41230289
0.42126600
0.44898087
0.48707407
0.41147734
0.46525598
0.34967908
0.44780151
0.34401817
0.39272558
0.48719200
0.39602778
0.32939416
0.43471066
0.41159528
0.50771280
0.43860253
0.35793458
0.35250954
0.44579660
0.43647969
0.48754581
0.44414551
0.37385588
0.49556543
0.50665138
-117935.60964750
-117935.60964750
-117935.60964750
-117935.60964750
-117935.60964750
-117935.60964750
-117935.60964750
-117935.60964750
-117935.60964750
-117935.60964750
-117935.60964750
-117935.60964750
-117935.60964750
-117935.60964750
-117935.60964750
-117935.60964750
-117935.60964750
-117935.60964750
-117935.60964750
-117935.60964750
-117935.60964750
-117935.60964750
-117935.60964750
-117935.60964750
-117935.60964750
-117935.60964750
-117935.60964750
-117935.60964750
-117935.60964750
-117935.60964750
-117935.60964750
-117935.60964750
-117935.60964750
-117935.60964750
-117935.60964750
-117935.60964750
-117935.60964750
-117935.60964750
-117935.60964750
-117935.60964750
-117935.60964750
-117935.60964750
-117935.60964750
-117935.60964750
-117935.60964750
-117935.60964750
-117935.60964750
-117935.60964750
-117935.60964750
-117935.60964750
-117935.60964750
-117935.60964750
-117935.60964750
-117935.60964750
-117935.60964750
-117935.60964750
-117935.60964750
-117935.60964750
-117935.60964750
-117935.60964750
-117935.60964750
-117935.60964750
-117935.60964750
-117935.60964750
-117935.60964750
-117935.60964750
-117935.60964750
-117935.60964750
-117935.60964750
-117935.60964750
-117935.60964750
-117935.60964750
-117935.60964750
-117935.60964750
-117935.60964750
-117935.60964750
-117935.60964750
-117935.60964750
-117935.60964750
-117935.60964750
-117935.60964750
-117935.60964750
-117935.60964750
-117935.60964750
-117935.60964750
-117935.60964750
-117935.60964750
-117935.60964750
-117935.60964750
-117935.60964750
-117935.60964750
-117935.60964750
-117935.60964750
-117935.60964750
-117935.60964750
-117935.60964750
-117935.60964750
-117935.60964750
-117935.60964750
-117935.60964750
-117935.60964750
-117935.60964750
-117935.60964750
-117935.60964750
-117935.60964750
-117935.60964750
-117935.60964750
-117935.60964750
-117935.60964750
-117935.60964750
-117935.60964750
-117935.60964750
-117935.60964750
0.00176903
-0.05932161
-0.00389188
0.02641758
-0.00117936
-0.02405886
-0.17112457
0.00566091
-0.02995564
0.04269269
-0.08927726
0.04469760
-0.03243229
-0.03667797
-0.06993582
-0.02759693
-0.04682044
-0.25886866
0.00837343
-0.04646663
-0.03927256
0.01792621
-0.19931118
-0.06580807
-0.00601472
-0.25709963
0.05436832
-0.05153786
-0.21877056
0.02299744
-0.01769034
-0.21216616
-0.13468247
0.04340030
-0.05566561
-0.02854042
-0.10295779
-0.01073214
0.04587695
0.00943485
-0.04127746
0.02606377
-0.30580704
-0.03290404
-0.01368053
-0.01981318
-0.05554767
-0.11510516
0.04976883
-0.19683453
0.06946407
-0.23752232
-0.13951783
0.04434379
-0.01544956
0.02429474
0.03007358
-0.04835360
0.00695820
0.00283045
0.09647133
0.05189167
0.02960184
-0.02217189
0.05071231
0.00884517
0.07441737
0.06651568
-0.01474195
0.02205396
-0.02052080
0.07205866
-0.01026040
0.03172468
-0.20497209
0.00106142
0.03243229
0.07571466
0.05472212
0.02240777
-0.14977822
0.07889892
0.05413244
0.12890362
0.00778375
0.11215676
0.04174921
0.02335125
-0.00742994
0.06356729
0.05920368
-0.14411731
0.12288891
0.07028962
0.07441737
0.12076606
-0.09824036
0.04847154
0.07795544
-0.14553254
0.16617127
0.05224548
-0.16994521
0.11840735
0.08739029
-0.08290873
-0.00200491
0.12642697
0.04410792
0.08172938
0.00306633
0.07547879
0.11510516
0.10095288
0.04245682
0.14376351
-0.05342483
0.09305120
0.08739029
0.07960654
0.04953296
-0.03585243
0.14199447
-0.04858947
0.14211241
-0.08361635
-0.01285498
0.12796014
0.05943955
0.06592601
0.09328707
0.03856494
0.11345406
0.07453531
0.11722800
0.07618640
0.09434849
0.04469760
0.13503627
0.08880551
0.11227470
0.14859887
0.11097741
0.08055002
-117935.60964750
-117935.60964750
-117935.60964750
-117935.60964750
-117935.60964750
-117935.60964750
-117935.60964750
-117935.60964750
-117935.60964750
-117935.60964750
-117935.60964750
-117935.60964750
-117935.60964750
-117935.60964750
-117935.60964750
-117935.60964750
-117935.60964750
-117935.60964750
-117935.60964750
-117935.60964750
-117935.60964750
-117935.60964750
-117935.60964750
-117935.60964750
-117935.60964750
-117935.60964750
-117935.60964750
-117935.60964750
-117935.60964750
-117935.60964750
-117935.60964750
-117935.60964750
-117935.60964750
-117935.60964750
-117935.60964750
-117935.60964750
-117935.60964750
-117935.60964750
-117935.60964750
-117935.60964750
-117935.60964750
-117935.60964750
-117935.60964750
-117935.60964750
-117935.60964750
-117935.60964750
-117935.60964750
-117935.60964750
-117935.60964750
-117935.60964750
-117935.60964750
-117935.60964750
-117935.60964750
-117935.60964750
-117935.60964750
-117935.60964750
-117935.60964750
-117935.60964750
-117935.60964750
-117935.60964750
-117935.60964750
-117935.60964750
-117935.60964750
-117935.60964750
-117935.60964750
-117935.60964750
-117935.60964750
-117935.60964750
-117935.60964750
-117935.60964750
-117935.60964750
-117935.60964750
-117935.60964750
-117935.60964750
-117935.60964750
-117935.60964750
-117935.60964750
-117935.60964750
-117935.60964750
-117935.60964750
-117935.60964750
-117935.60964750
-117935.60964750
-117935.60964750
-117935.60964750
-117935.60964750
-117935.60964750
-117935.60964750
-117935.60964750
-117935.60964750
-117935.60964750
-117935.60964750
-117935.60964750
-117935.60964750
-117935.60964750
-117935.60964750
-117935.60964750
-117935.60964750
-117935.60964750
-117935.60964750
-117935.60964750
-117935.60964750
-117935.60964750
-117935.60964750
-117935.60964750
-117935.60964750
-117935.60964750
-117935.60964750
-117935.60964750
-117935.60964750
-117935.60964750
-117935.60964750
0.00082555
-0.06958201
-0.02629964
0.00648646
-0.02193602
-0.04741012
-0.20709493
-0.01474195
-0.04269269
0.02252570
-0.09493817
0.02606377
-0.04587695
-0.06686949
-0.10000940
-0.04363618
-0.05318896
-0.23469186
-0.00424568
-0.06203413
-0.06050097
0.00471742
-0.20768461
-0.06757710
-0.01167563
-0.24459845
0.04068779
-0.06321349
-0.22337004
0.01132182
-0.03266816
-0.23197934
-0.15201900
0.03007358
-0.06085477
-0.03773940
-0.11168502
-0.04092366
0.02134635
-0.01544956
-0.05908574
0.01592131
-0.25792518
-0.03773940
-0.02877629
-0.04328237
-0.08078589
-0.13869228
0.03042739
-0.19553724
0.04858947
-0.23646090
-0.14388144
0.02771487
-0.02346919
0.01191150
0.01391640
-0.06073684
0.00165110
0.00082555
0.08797996
0.04552315
0.01910557
-0.04139540
0.03479100
0.00153316
0.06592601
0.06014716
-0.01615718
0.00495330
-0.04493347
0.04398998
-0.03266816
0.02004905
-0.18846110
-0.00318426
0.01981318
0.05495799
0.03420133
0.00967072
-0.16428430
0.05613735
0.02370506
0.10449095
0.00011794
0.09246152
0.03844701
0.00990659
-0.02712519
0.03561655
0.03243229
-0.13244169
0.10166050
0.05165580
0.04717424
0.09599959
-0.12147368
0.03325784
0.05200960
-0.10567031
0.14034338
0.03290404
-0.15119345
0.09128216
0.05955748
-0.08868758
-0.02087460
0.09411262
0.01332672
0.04917915
-0.00424568
0.05672703
0.07819131
0.05212754
-0.00566091
0.09411262
-0.03420133
0.07394563
0.06380316
0.05094818
0.01686479
-0.06793091
0.10071701
-0.03337578
0.09941972
-0.05767051
-0.01698273
0.08573919
0.02783280
0.03019152
0.05318896
0.00778375
0.08196525
0.03915462
0.07972447
0.04422585
0.05778845
0.01002453
0.08573919
0.04174921
0.06333142
0.10319366
0.08904139
0.05106612
-0.01945938
-117935.60964750
-117935.60964750
-117935.60964750
-117935.60964750
-117935.60964750
-117935.60964750
-117935.60964750
-117935.60964750
-117935.60964750
-117935.60964750
-117935.60964750
-117935.60964750
-117935.60964750
-117935.60964750
-117935.60964750
-117935.60964750
-117935.60964750
-117935.60964750
-117935.60964750
-117935.60964750
-117935.60964750
-117935.60964750
-117935.60964750
-117935.60964750
-117935.60964750
-117935.60964750
-117935.60964750
-117935.60964750
-117935.60964750
-117935.60964750
-117935.60964750
-117935.60964750
-117935.60964750
-117935.60964750
-117935.60964750
-117935.60964750
-117935.60964750
-117935.60964750
-117935.60964750
-117935.60964750
-117935.60964750
-117935.60964750
-117935.60964750
-117935.60964750
-117935.60964750
-117935.60964750
-117935.60964750
-117935.60964750
-117935.60964750
-117935.60964750
-117935.60964750
-117935.60964750
-117935.60964750
-117935.60964750
-117935.60964750
-117935.60964750
-117935.60964750
-117935.60964750
-117935.60964750
-117935.60964750
-117935.60964750
-117935.60964750
-117935.60964750
-117935.60964750
-117935.60964750
-117935.60964750
-117935.60964750
-117935.60964750
-117935.60964750
-117935.60964750
-117935.60964750
-117935.60964750
-117935.60964750
-117935.60964750
-117935.60964750
-117935.60964750
-117935.60964750
-117935.60964750
-117935.60964750
-117935.60964750
-117935.60964750
-117935.60964750
-117935.60964750
-117935.60964750
-117935.60964750
-117935.60964750
-117935.60964750
-117935.60964750
-117935.60964750
-117935.60964750
-117935.60964750
-117935.60964750
-117935.60964750
-117935.60964750
-117935.60964750
-117935.60964750
-117935.60964750
-117935.60964750
-117935.60964750
-117935.60964750
-117935.60964750
-117935.60964750
-117935.60964750
-117935.60964750
-117935.60964750
-117935.60964750
-117935.60964750
-117935.60964750
-117935.60964750
-117935.60964750
-117935.60964750
-0.00365600
-0.09965559
-0.08326254
-0.06215207
-0.08585712
-0.08880551
-0.19400408
-0.07052549
-0.07630434
-0.05413244
-0.14647603
-0.03219642
-0.07099724
-0.11581277
-0.16935554
-0.12229923
-0.12383239
-0.22655431
-0.05389657
-0.12147368
-0.12984711
-0.06958201
-0.27325681
-0.12843188
-0.04446172
-0.24412671
-0.04009811
-0.14859887
-0.28858844
-0.06911027
-0.10390127
-0.23929135
-0.17572406
-0.03113500
-0.11380786
-0.10437301
-0.14848093
-0.08715442
-0.03927256
-0.08939519
-0.12501175
-0.06285968
-0.23740438
-0.07654021
-0.08597506
-0.11852529
-0.16935554
-0.23032825
-0.04292856
-0.20013673
-0.02170015
-0.20898190
-0.15909514
-0.04764599
-0.08550332
-0.04281063
-0.06050097
-0.11581277
-0.06793091
-0.07253040
0.00943485
-0.02382299
-0.05248135
-0.09364087
-0.03880082
-0.07382769
-0.01061420
-0.02252570
-0.06592601
-0.07477118
-0.13314930
-0.07583260
-0.13255963
-0.07394563
-0.18704588
-0.05366070
-0.04033398
-0.04422585
-0.06958201
-0.08007828
-0.18633826
-0.03455513
-0.06722330
-0.01497782
-0.09765068
-0.01014246
-0.03620623
-0.07052549
-0.11746387
-0.08361635
-0.10390127
-0.21829881
-0.02016699
-0.05318896
-0.06085477
-0.02134635
-0.16817618
-0.07842718
-0.05979335
-0.11333612
0.00648646
-0.10118875
-0.21369932
-0.06274174
-0.09729688
-0.17619580
-0.11569483
-0.03880082
-0.11451548
-0.11911497
-0.13680531
-0.07771957
-0.06675156
-0.11663832
-0.16463811
-0.10755728
-0.19258885
-0.08267286
-0.08656474
-0.10625998
-0.15909514
-0.23952722
-0.08668267
-0.18504097
-0.08326254
-0.14977822
-0.14399938
-0.11439754
-0.15284455
-0.12312478
-0.13656944
-0.15815165
-0.10909044
-0.14458906
-0.07677608
-0.11828942
-0.13079059
-0.16204353
-0.10260398
-0.13798466
-0.09953765
-0.10201430
-0.10578824
-0.11604864
-0.18905078
-0.16758650
-117935.60964750
-117935.60964750
-117935.60964750
-117935.60964750
-117935.60964750
-117935.60964750
-117935.60964750
-117935.60964750
-117935.60964750
-117935.60964750
-117935.60964750
-117935.60964750
-117935.60964750
-117935.60964750
-117935.60964750
-117935.60964750
-117935.60964750
-117935.60964750
-117935.60964750
-117935.60964750
-117935.60964750
-117935.60964750
-117935.60964750
-117935.60964750
-117935.60964750
-117935.60964750
-117935.60964750
-117935.60964750
-117935.60964750
-117935.60964750
-117935.60964750
-117935.60964750
-117935.60964750
-117935.60964750
-117935.60964750
-117935.60964750
-117935.60964750
-117935.60964750
-117935.60964750
-117935.60964750
-117935.60964750
-117935.60964750
-117935.60964750
-117935.60964750
-117935.60964750
-117935.60964750
-117935.60964750
-117935.60964750
-117935.60964750
-117935.60964750
-117935.60964750
-117935.60964750
-117935.60964750
-117935.60964750
-117935.60964750
-117935.60964750
-117935.60964750
-117935.60964750
-117935.60964750
-117935.60964750
-117935.60964750
-117935.60964750
-117935.60964750
-117935.60964750
-117935.60964750
-117935.60964750
-117935.60964750
-117935.60964750
-117935.60964750
-117935.60964750
-117935.60964750
-117935.60964750
-117935.60964750
-117935.60964750
-117935.60964750
-117935.60964750
-117935.60964750
-117935.60964750
-117935.60964750
-117935.60964750
-117935.60964750
-117935.60964750
-117935.60964750
-117935.60964750
-117935.60964750
-117935.60964750
-117935.60964750
-117935.60964750
-117935.60964750
-117935.60964750
-117935.60964750
-117935.60964750
-117935.60964750
-117935.60964750
-117935.60964750
-117935.60964750
-117935.60964750
-117935.60964750
-117935.60964750
-117935.60964750
-117935.60964750
-117935.60964750
-117935.60964750
-117935.60964750
-117935.60964750
-117935.60964750
-117935.60964750
-117935.60964750
-117935.60964750
-117935.60964750
0.00896311
0.13385692
0.21134061
0.24707510
0.21971404
0.14506080
-0.02629964
0.22737986
0.13928195
0.30521736
0.18952252
0.26193499
0.14093305
0.17265773
0.18209258
0.24106039
0.22454940
-0.02358712
0.25650995
0.21476075
0.22867715
0.25474092
0.02582790
0.16982728
0.15249074
-0.03172468
0.28233785
0.22337004
0.02901216
0.25485885
0.22136514
-0.01261911
0.05401451
0.21818088
0.14848093
0.21181235
0.11522309
0.18964046
0.24212181
0.23728645
0.17242186
0.29660806
-0.02264364
0.22289830
0.26464751
0.23929135
0.24094245
0.16216146
0.28552211
-0.02842248
0.30840162
-0.08656474
0.03903669
0.28976779
0.20756667
0.23834787
0.29295205
0.18492304
0.24613162
0.25450505
0.34366437
0.29932058
0.27821010
0.20249544
0.28104056
0.25415124
0.29436728
0.34814592
0.27903565
0.34390024
0.28587592
0.40687785
0.26051976
0.34059804
0.03302197
0.24530607
0.31441634
0.39520223
0.36442103
0.30521736
0.01627511
0.36206232
0.33328603
0.47681367
0.34272088
0.43022910
0.32184628
0.36394929
0.34908940
0.43176227
0.45983094
0.17548819
0.51136880
0.43305956
0.46643534
0.46808643
0.06474665
0.39355113
0.39638158
0.08951313
0.53035644
0.50158015
0.14317383
0.54887233
0.52469553
0.18739968
0.31441634
0.50653344
0.43636176
0.58154049
0.45641081
0.54014509
0.57069042
0.60512761
0.50228776
0.69534835
0.36288787
0.58625792
0.59191882
0.59227263
0.62328970
0.50464647
0.67765801
0.35250954
0.68296512
0.29719774
0.43695143
0.71775612
0.58271985
0.51443513
0.65336328
0.56526538
0.69015919
0.62906854
0.58177636
0.56326047
0.64345669
0.59345199
0.66751555
0.60005638
0.55323594
0.73061110
0.74440957
0.66869491
0.63944688
0.72329909
0.66173671
-117935.60964750
-117935.60964750
-117935.60964750
-117935.60964750
-117935.60964750
-117935.60964750
-117935.60964750
-117935.60964750
-117935.60964750
-117935.60964750
-117935.60964750
-117935.60964750
-117935.60964750
-117935.60964750
-117935.60964750
-117935.60964750
-117935.60964750
-117935.60964750
-117935.60964750
-117935.60964750
-117935.60964750
-117935.60964750
-117935.60964750
-117935.60964750
-117935.60964750
-117935.60964750
-117935.60964750
-117935.60964750
-117935.60964750
-117935.60964750
-117935.60964750
-117935.60964750
-117935.60964750
-117935.60964750
-117935.60964750
-117935.60964750
-117935.60964750
-117935.60964750
-117935.60964750
-117935.60964750
-117935.60964750
-117935.60964750
-117935.60964750
-117935.60964750
-117935.60964750
-117935.60964750
-117935.60964750
-117935.60964750
-117935.60964750
-117935.60964750
-117935.60964750
-117935.60964750
-117935.60964750
-117935.60964750
-117935.60964750
-117935.60964750
-117935.60964750
-117935.60964750
-117935.60964750
-117935.60964750
-117935.60964750
-117935.60964750
-117935.60964750
-117935.60964750
-117935.60964750
-117935.60964750
-117935.60964750
-117935.60964750
-117935.60964750
-117935.60964750
-117935.60964750
-117935.60964750
-117935.60964750
-117935.60964750
-117935.60964750
-117935.60964750
-117935.60964750
-117935.60964750
-117935.60964750
-117935.60964750
-117935.60964750
-117935.60964750
-117935.60964750
-117935.60964750
-117935.60964750
-117935.60964750
-117935.60964750
-117935.60964750
-117935.60964750
-117935.60964750
-117935.60964750
-117935.60964750
-117935.60964750
-117935.60964750
-117935.60964750
-117935.60964750
-117935.60964750
-117935.60964750
-117935.60964750
-117935.60964750
-117935.60964750
-117935.60964750
-117935.60964750
-117935.60964750
-117935.60964750
-117935.60964750
-117935.60964750
-117935.60964750
-117935.60964750
-0.00141523
-0.08691854
-0.05259928
-0.04752805
-0.09941972
-0.11498722
-0.31205762
-0.05943955
-0.09293326
-0.02995564
-0.14741951
-0.00518917
-0.04882534
-0.06710536
-0.14423525
-0.11168502
-0.14258415
-0.39649952
-0.04540521
-0.09482023
-0.08467777
-0.03479100
-0.32420499
-0.12512968
-0.06415697
-0.30038200
0.00436362
-0.11557690
-0.31394459
-0.05094818
-0.10979805
-0.31866202
-0.20874603
-0.01745447
-0.13397485
-0.12949330
-0.19600898
-0.09104629
-0.02394093
-0.08220112
-0.15897720
-0.07264834
-0.37149717
-0.06993582
-0.05377864
-0.07665815
-0.13869228
-0.25167459
-0.03007358
-0.35781664
-0.01002453
-0.28304546
-0.18563065
-0.03514481
-0.09918385
-0.05472212
-0.05896780
-0.12713459
-0.06120858
-0.08231906
0.01828002
-0.03561655
-0.06085477
-0.10909044
-0.02665345
-0.07913479
-0.01816208
-0.01804415
-0.05896780
-0.03148881
-0.08986693
-0.02346919
-0.13574389
-0.07595053
-0.36041122
-0.08055002
-0.02724313
-0.00719407
-0.04776392
-0.07418150
-0.30392007
-0.03490894
-0.07217659
0.01226530
-0.11074154
0.01568544
-0.04151333
-0.05708084
-0.10390127
-0.06285968
-0.08904139
-0.33328603
-0.02405886
-0.06651568
-0.05778845
0.00495330
-0.22844128
-0.07606847
-0.05271722
-0.26877525
0.05389657
-0.05401451
-0.19176330
0.00377394
-0.05802432
-0.28080469
-0.17902626
0.01261911
-0.09824036
-0.08161144
-0.14883474
-0.06085477
-0.01285498
-0.05330690
-0.10873663
-0.03703178
-0.31241143
-0.06863852
-0.05767051
-0.04941502
-0.09163597
-0.17253980
-0.00436362
-0.26594480
-0.00530710
-0.24908001
-0.14765538
-0.01804415
-0.07937067
-0.06085477
-0.06722330
-0.12607317
-0.04847154
-0.07288421
0.00495330
-0.05177373
-0.06734123
-0.11534103
-0.03490894
-0.07807337
-0.02936597
-0.02559203
-0.06922820
-0.05849606
-0.09812243
-0.03042739
-0.08774409
-0.08326254
-117935.60964750
-117935.60964750
-117935.60964750
-117935.60964750
-117935.60964750
-117935.60964750
-117935.60964750
-117935.60964750
-117935.60964750
-117935.60964750
-117935.60964750
-117935.60964750
-117935.60964750
-117935.60964750
-117935.60964750
-117935.60964750
-117935.60964750
-117935.60964750
-117935.60964750
-117935.60964750
-117935.60964750
-117935.60964750
-117935.60964750
-117935.60964750
-117935.60964750
-117935.60964750
-117935.60964750
-117935.60964750
-117935.60964750
-117935.60964750
-117935.60964750
-117935.60964750
-117935.60964750
-117935.60964750
-117935.60964750
-117935.60964750
-117935.60964750
-117935.60964750
-117935.60964750
-117935.60964750
-117935.60964750
-117935.60964750
-117935.60964750
-117935.60964750
-117935.60964750
-117935.60964750
-117935.60964750
-117935.60964750
-117935.60964750
-117935.60964750
-117935.60964750
-117935.60964750
-117935.60964750
-117935.60964750
-117935.60964750
-117935.60964750
-117935.60964750
-117935.60964750
-117935.60964750
-117935.60964750
-117935.60964750
-117935.60964750
-117935.60964750
-117935.60964750
-117935.60964750
-117935.60964750
-117935.60964750
-117935.60964750
-117935.60964750
-117935.60964750
-117935.60964750
-117935.60964750
-117935.60964750
-117935.60964750
-117935.60964750
-117935.60964750
-117935.60964750
-117935.60964750
-117935.60964750
-117935.60964750
-117935.60964750
-117935.60964750
-117935.60964750
-117935.60964750
-117935.60964750
-117935.60964750
-117935.60964750
-117935.60964750
-117935.60964750
-117935.60964750
-117935.60964750
-117935.60964750
-117935.60964750
-117935.60964750
-117935.60964750
-117935.60964750
-117935.60964750
-117935.60964750
-117935.60964750
-117935.60964750
-117935.60964750
-117935.60964750
-117935.60964750
-117935.60964750
-117935.60964750
-117935.60964750
-117935.60964750
-117935.60964750
0.03832907
0.50158015
0.59404167
0.74794764
0.79016858
0.62423318
0.34614101
0.84500864
0.56243492
1.01212340
0.85279239
0.82625688
0.51596829
0.69629184
0.87909203
1.09373484
1.07191676
0.59982051
0.90055632
0.94053649
0.86859577
0.95763715
0.11192089
0.82708243
0.53342276
0.37279446
0.95291973
0.95657573
0.43471066
0.90621722
0.92579454
0.45676462
0.50570789
0.71268489
0.66857697
0.85444349
0.66904871
0.68001673
0.78580497
0.88864482
0.73072904
1.03500291
0.48613058
0.84323961
0.99054119
1.02981374
1.09727291
0.98877215
1.06790695
0.78462561
1.08642284
0.43176227
0.46277933
0.99549448
0.84359342
0.73096491
1.07156295
0.84147057
0.90916561
0.95150450
1.00186300
1.01401037
1.04939105
0.86741641
0.97450194
0.95362734
0.94431043
1.17794087
1.03311594
1.26556703
1.21108078
1.41345828
1.07580863
1.34658879
0.90267916
1.02238380
1.09090439
1.32017121
1.27158174
1.05151390
0.41536922
1.26450561
1.22181292
1.54247984
1.31627934
1.32040709
1.08819187
1.26533116
1.34187137
1.57715291
1.69402710
1.11567087
1.67055791
1.59106931
1.68612541
1.52101556
0.39437668
1.38126186
1.29646616
0.51443513
1.59743783
1.75806613
0.74063563
1.77257221
1.82717640
1.09750878
1.40685389
1.64779634
1.72138816
2.10526857
1.77717170
1.77292602
1.90654707
2.14678190
1.87281748
2.38654500
1.75771233
2.05738671
2.12437414
2.16883586
2.36260407
2.00620266
2.30481562
1.44671612
2.29066335
1.58128065
1.87281748
2.47511464
2.13663944
1.78342229
2.30799988
2.17095870
2.41897729
2.26377403
1.84840481
1.94039459
2.30457975
2.29396554
2.34491373
2.20586764
1.89274860
2.49256911
2.66039148
2.42393059
2.50778280
2.60154161
2.51662797
3.00216888
3.73726153
-117935.60964750
-117935.60964750
-117935.60964750
-117935.60964750
-117935.60964750
-117935.60964750
-117935.60964750
-117935.60964750
-117935.60964750
-117935.60964750
-117935.60964750
-117935.60964750
-117935.60964750
-117935.60964750
-117935.60964750
-117935.60964750
-117935.60964750
-117935.60964750
-117935.60964750
-117935.60964750
-117935.60964750
-117935.60964750
-117935.60964750
-117935.60964750
-117935.60964750
-117935.60964750
-117935.60964750
-117935.60964750
-117935.60964750
-117935.60964750
-117935.60964750
-117935.60964750
-117935.60964750
-117935.60964750
-117935.60964750
-117935.60964750
-117935.60964750
-117935.60964750
-117935.60964750
-117935.60964750
-117935.60964750
-117935.60964750
-117935.60964750
-117935.60964750
-117935.60964750
-117935.60964750
-117935.60964750
-117935.60964750
-117935.60964750
-117935.60964750
-117935.60964750
-117935.60964750
-117935.60964750
-117935.60964750
-117935.60964750
-117935.60964750
-117935.60964750
-117935.60964750
-117935.60964750
-117935.60964750
-117935.60964750
-117935.60964750
-117935.60964750
-117935.60964750
-117935.60964750
-117935.60964750
-117935.60964750
-117935.60964750
-117935.60964750
-117935.60964750
-117935.60964750
-117935.60964750
-117935.60964750
-117935.60964750
-117935.60964750
-117935.60964750
-117935.60964750
-117935.60964750
-117935.60964750
-117935.60964750
-117935.60964750
-117935.60964750
-117935.60964750
-117935.60964750
-117935.60964750
-117935.60964750
-117935.60964750
-117935.60964750
-117935.60964750
-117935.60964750
-117935.60964750
-117935.60964750
-117935.60964750
-117935.60964750
-117935.60964750
-117935.60964750
-117935.60964750
-117935.60964750
-117935.60964750
-117935.60964750
-117935.60964750
-117935.60964750
-117935.60964750
-117935.60964750
-117935.60964750
-117935.60964750
-117935.60964750
0.00365600
0.05071231
0.09611752
0.11640245
0.09010281
0.05012263
-0.07453531
0.10248604
0.04929708
0.14812713
0.05767051
0.13550802
0.05896780
0.06580807
0.05024057
0.09930178
0.08904139
-0.07076137
0.13314930
0.09010281
0.09352294
0.12277097
-0.09918385
0.05366070
0.06616188
-0.08550332
0.14234828
0.07689402
-0.08668267
0.11333612
0.08196525
-0.09835830
-0.03384752
0.10732140
0.03868288
0.07571466
0.01438814
0.07453531
0.11876116
0.09175390
0.04151333
0.12913949
-0.10850076
0.09576372
0.12005845
0.09104629
0.07323801
0.00566091
0.13975370
-0.08055002
0.16676095
-0.09387675
-0.01969525
0.14659396
0.08809790
0.11675625
0.14671190
0.06934614
0.11640245
0.11805355
0.19612692
0.16168972
0.13763086
0.08479570
0.13645150
0.10873663
0.15343423
0.18126703
0.13881021
0.17772896
0.12701665
0.20768461
0.09918385
0.16569953
-0.04505140
0.12725252
0.17371915
0.21523249
0.18539478
0.14706571
-0.05578354
0.19423995
0.17100663
0.26417577
0.16062830
0.23716851
0.17136044
0.18622033
0.16251527
0.21735533
0.22490321
0.01757241
0.28363514
0.23539948
0.25945834
0.26087357
-0.01002453
0.19636279
0.19990086
-0.00117936
0.30368419
0.25910453
0.02476648
0.29118302
0.26240673
0.03597036
0.13597976
0.27490791
0.20992539
0.28823463
0.20980745
0.27549758
0.30309452
0.30804781
0.23528154
0.35640141
0.12996504
0.30120755
0.30910923
0.30509942
0.30875543
0.21086887
0.35392476
0.10956218
0.35946774
0.12406826
0.21594010
0.37774776
0.28693734
0.25745344
0.32939416
0.27325681
0.35722696
0.31594950
0.30698639
0.28528624
0.32868654
0.29719774
0.34920734
0.29873090
0.28681940
0.37680427
0.37586079
0.33953662
0.30840162
0.36430310
0.30698639
0.38564944
0.32927622
0.26830351
-117935.60964750
-117935.60964750
-117935.60964750
-117935.60964750
-117935.60964750
-117935.60964750
-117935.60964750
-117935.60964750
-117935.60964750
-117935.60964750
-117935.60964750
-117935.60964750
-117935.60964750
-117935.60964750
-117935.60964750
-117935.60964750
-117935.60964750
-117935.60964750
-117935.60964750
-117935.60964750
-117935.60964750
-117935.60964750
-117935.60964750
-117935.60964750
-117935.60964750
-117935.60964750
-117935.60964750
-117935.60964750
-117935.60964750
-117935.60964750
-117935.60964750
-117935.60964750
-117935.60964750
-117935.60964750
-117935.60964750
-117935.60964750
-117935.60964750
-117935.60964750
-117935.60964750
-117935.60964750
-117935.60964750
-117935.60964750
-117935.60964750
-117935.60964750
-117935.60964750
-117935.60964750
-117935.60964750
-117935.60964750
-117935.60964750
-117935.60964750
-117935.60964750
-117935.60964750
-117935.60964750
-117935.60964750
-117935.60964750
-117935.60964750
-117935.60964750
-117935.60964750
-117935.60964750
-117935.60964750
-117935.60964750
-117935.60964750
-117935.60964750
-117935.60964750
-117935.60964750
-117935.60964750
-117935.60964750
-117935.60964750
-117935.60964750
-117935.60964750
-117935.60964750
-117935.60964750
-117935.60964750
-117935.60964750
-117935.60964750
-117935.60964750
-117935.60964750
-117935.60964750
-117935.60964750
-117935.60964750
-117935.60964750
-117935.60964750
-117935.60964750
-117935.60964750
-117935.60964750
-117935.60964750
-117935.60964750
-117935.60964750
-117935.60964750
-117935.60964750
-117935.60964750
-117935.60964750
-117935.60964750
-117935.60964750
-117935.60964750
-117935.60964750
-117935.60964750
-117935.60964750
-117935.60964750
-117935.60964750
-117935.60964750
-117935.60964750
-117935.60964750
-117935.60964750
-117935.60964750
-117935.60964750
0.00389188
0.03998017
0.07665815
0.10460889
0.08680061
0.05660909
-0.05106612
0.09482023
0.04611282
0.13527214
0.07488911
0.11534103
0.06474665
0.07406356
0.07394563
0.09128216
0.07819131
-0.08290873
0.09529197
0.08750822
0.10012733
0.10909044
-0.01332672
0.05224548
0.05672703
-0.08361635
0.12005845
0.07889892
-0.01686479
0.10342953
0.08632887
-0.05908574
-0.01403434
0.09599959
0.06415697
0.10012733
0.05967542
0.08455983
0.12395033
0.11345406
0.07559673
0.13385692
-0.07241246
0.08090383
0.11994052
0.11168502
0.11215676
0.06427491
0.13621563
-0.06580807
0.14895267
-0.04953296
0.03266816
0.15284455
0.10909044
0.13963576
0.15296249
0.09529197
0.10331159
0.11817148
0.16923760
0.15933101
0.15885927
0.12560142
0.16251527
0.14529667
0.17029902
0.19577311
0.14234828
0.19058395
0.16534572
0.22360592
0.14600428
0.18551271
-0.00684027
0.12182748
0.16110004
0.21287378
0.20792048
0.17926213
0.05566561
0.20108021
0.17560612
0.26193499
0.18822523
0.22620050
0.17112457
0.19636279
0.20414654
0.24412671
0.25344363
0.10519856
0.27078016
0.25509472
0.27254919
0.26830351
0.13421072
0.22761573
0.20202370
0.08208318
0.29472109
0.26582686
0.11828942
0.28257372
0.27384649
0.13055472
0.17654961
0.25273601
0.21476075
0.29649012
0.25214633
0.30061787
0.28823463
0.32054899
0.27773836
0.35097637
0.22089340
0.27608726
0.28516830
0.30297658
0.32656370
0.27644107
0.33257842
0.23103586
0.32066692
0.18987633
0.24577781
0.34755624
0.28446069
0.24990556
0.31370872
0.28740908
0.34083391
0.29472109
0.25521266
0.25238220
0.31500601
0.30474562
0.33764965
0.30179723
0.26523719
0.35651935
0.36489278
0.32290770
0.31241143
0.34177740
0.33941868
0.37114336
0.39638158
0.24507020
0.31689298
-117935.60964750
-117935.60964750
-117935.60964750
-117935.60964750
-117935.60964750
-117935.60964750
-117935.60964750
-117935.60964750
-117935.60964750
-117935.60964750
-117935.60964750
-117935.60964750
-117935.60964750
-117935.60964750
-117935.60964750
-117935.60964750
-117935.60964750
-117935.60964750
-117935.60964750
-117935.60964750
-117935.60964750
-117935.60964750
-117935.60964750
-117935.60964750
-117935.60964750
-117935.60964750
-117935.60964750
-117935.60964750
-117935.60964750
-117935.60964750
-117935.60964750
-117935.60964750
-117935.60964750
-117935.60964750
-117935.60964750
-117935.60964750
-117935.60964750
-117935.60964750
-117935.60964750
-117935.60964750
-117935.60964750
-117935.60964750
-117935.60964750
-117935.60964750
-117935.60964750
-117935.60964750
-117935.60964750
-117935.60964750
-117935.60964750
-117935.60964750
-117935.60964750
-117935.60964750
-117935.60964750
-117935.60964750
-117935.60964750
-117935.60964750
-117935.60964750
-117935.60964750
-117935.60964750
-117935.60964750
-117935.60964750
-117935.60964750
-117935.60964750
-117935.60964750
-117935.60964750
-117935.60964750
-117935.60964750
-117935.60964750
-117935.60964750
-117935.60964750
-117935.60964750
-117935.60964750
-117935.60964750
-117935.60964750
-117935.60964750
-117935.60964750
-117935.60964750
-117935.60964750
-117935.60964750
-117935.60964750
-117935.60964750
-117935.60964750
-117935.60964750
-117935.60964750
-117935.60964750
-117935.60964750
-117935.60964750
-117935.60964750
-117935.60964750
-117935.60964750
-117935.60964750
-117935.60964750
-117935.60964750
-117935.60964750
-117935.60964750
-117935.60964750
-117935.60964750
-117935.60964750
-117935.60964750
-117935.60964750
-117935.60964750
-117935.60964750
-117935.60964750
-117935.60964750
-117935.60964750
0.00023587
-0.05755258
-0.01096801
0.01521369
-0.01002453
-0.03349371
-0.18456923
-0.00117936
-0.04894328
0.03785733
-0.06203413
0.05118405
-0.01450608
-0.02582790
-0.06899233
-0.02995564
-0.04564108
-0.25497679
0.00801962
-0.04269269
-0.04575902
0.01745447
-0.19164537
-0.05531180
-0.00117936
-0.22749779
0.04623076
-0.06710536
-0.23091792
0.00365600
-0.03974430
-0.21723739
-0.15284455
0.01415227
-0.08220112
-0.05861400
-0.11498722
-0.02901216
0.01674686
-0.02453061
-0.07370976
0.00849136
-0.24955175
-0.01332672
-0.00554297
-0.02382299
-0.06203413
-0.12076606
0.03738559
-0.20296718
0.05141993
-0.27219539
-0.16911966
0.02016699
-0.02759693
0.01957731
0.01179356
-0.06215207
-0.01851589
-0.02323332
0.07630434
0.03266816
-0.00058968
-0.05366070
0.01922350
-0.01391640
0.04705631
0.05601941
0.00636852
0.02405886
-0.03113500
0.05047644
-0.03125294
0.01710066
-0.20662319
-0.00896311
0.01143975
0.04894328
0.02724313
0.00967072
-0.15272661
0.05177373
0.02311538
0.09222565
-0.02028492
0.09010281
0.03431926
0.02476648
-0.01627511
0.03467307
0.02700725
-0.14883474
0.09458436
0.04056985
0.03915462
0.08998487
-0.16534572
0.02677138
0.05189167
-0.11427961
0.13786673
0.04021604
-0.14989616
0.09611752
0.06297762
-0.08963106
-0.02547409
0.09694307
-0.00342013
0.03384752
-0.02394093
0.06427491
0.08573919
0.06710536
0.01179356
0.09552784
-0.08184731
0.07111517
0.06663362
0.05991129
0.02417680
-0.05908574
0.11534103
-0.03644210
0.11923290
-0.06439284
-0.02264364
0.09847623
0.03455513
0.03549862
0.06486459
0.01957731
0.08420603
0.03526275
0.08137557
0.03915462
0.04953296
0.01379847
0.07547879
0.02736106
0.05377864
0.09505610
0.09069248
0.06403904
0.01580337
0.06651568
0.02016699
0.06462871
-0.01085008
0.03750352
0.07465324
0.06934614
-117935.60964750
-117935.60964750
-117935.60964750
-117935.60964750
-117935.60964750
-117935.60964750
-117935.60964750
-117935.60964750
-117935.60964750
-117935.60964750
-117935.60964750
-117935.60964750
-117935.60964750
-117935.60964750
-117935.60964750
-117935.60964750
-117935.60964750
-117935.60964750
-117935.60964750
-117935.60964750
-117935.60964750
-117935.60964750
-117935.60964750
-117935.60964750
-117935.60964750
-117935.60964750
-117935.60964750
-117935.60964750
-117935.60964750
-117935.60964750
-117935.60964750
-117935.60964750
-117935.60964750
-117935.60964750
-117935.60964750
-117935.60964750
-117935.60964750
-117935.60964750
-117935.60964750
-117935.60964750
-117935.60964750
-117935.60964750
-117935.60964750
-117935.60964750
-117935.60964750
-117935.60964750
-117935.60964750
-117935.60964750
-117935.60964750
-117935.60964750
-117935.60964750
-117935.60964750
-117935.60964750
-117935.60964750
-117935.60964750
-117935.60964750
-117935.60964750
-117935.60964750
-117935.60964750
-117935.60964750
-117935.60964750
-117935.60964750
-117935.60964750
-117935.60964750
-117935.60964750
-117935.60964750
-117935.60964750
-117935.60964750
-117935.60964750
-117935.60964750
-117935.60964750
-117935.60964750
-117935.60964750
-117935.60964750
-117935.60964750
-117935.60964750
-117935.60964750
-117935.60964750
-117935.60964750
-117935.60964750
-117935.60964750
-117935.60964750
-117935.60964750
-117935.60964750
-117935.60964750
-117935.60964750
-117935.60964750
-117935.60964750
-117935.60964750
-117935.60964750
-117935.60964750
-117935.60964750
-117935.60964750
-117935.60964750
-117935.60964750
-117935.60964750
-117935.60964750
-117935.60964750
-117935.60964750
-117935.60964750
-117935.60964750
-117935.60964750
-117935.60964750
-117935.60964750
-0.00117936
-0.08373428
-0.06179826
-0.03467307
-0.05873193
-0.06533633
-0.20190576
-0.03207849
-0.07866305
-0.01026040
-0.11923290
0.01485989
-0.03538068
-0.05106612
-0.11380786
-0.08373428
-0.10177843
-0.31099620
-0.03172468
-0.08243699
-0.09446642
-0.02028492
-0.28717321
-0.08656474
-0.01485989
-0.21039713
0.01462402
-0.10956218
-0.31748266
-0.03372958
-0.07583260
-0.23929135
-0.17442677
-0.01191150
-0.12784220
-0.11026980
-0.15944894
-0.06686949
-0.01202943
-0.06710536
-0.13102646
-0.04363618
-0.31028859
-0.04575902
-0.03809320
-0.06061890
-0.11758180
-0.19388614
0.00070761
-0.21381726
0.01922350
-0.28481450
-0.21688359
-0.03408339
-0.07937067
-0.02724313
-0.02842248
-0.08845171
-0.05342483
-0.07477118
0.02795074
-0.00967072
-0.03762146
-0.08491364
-0.01273705
-0.05389657
0.00967072
0.02240777
-0.01427021
-0.00035381
-0.06616188
-0.00400981
-0.09328707
-0.02677138
-0.23598915
-0.02936597
-0.02476648
-0.00141523
-0.03231436
-0.05354277
-0.20096228
0.01615718
-0.00801962
0.04233888
-0.08090383
0.03467307
-0.01403434
-0.02641758
-0.06427491
-0.02287951
-0.04646663
-0.21676565
0.02512028
-0.01769034
-0.01863383
0.02995564
-0.23657883
-0.04257476
-0.02358712
-0.14093305
0.07441737
-0.01816208
-0.17560612
0.02323332
-0.01379847
-0.13314930
-0.05884987
0.03726765
-0.05943955
-0.05507593
-0.11097741
-0.02547409
0.00731201
-0.01297292
-0.06451078
-0.00707614
-0.17525232
-0.02453061
-0.01839796
-0.02146428
-0.06875646
-0.17159631
0.01580337
-0.13373898
0.02134635
-0.07500705
-0.06415697
-0.00530710
-0.06769504
-0.06604394
-0.04682044
-0.07229453
-0.01391640
-0.06911027
-0.01273705
-0.06510046
-0.05943955
-0.08750822
-0.03007358
-0.07488911
-0.03809320
-0.02629964
-0.03585243
-0.03927256
-0.08125764
-0.04269269
-0.09364087
-0.07335595
-0.17112457
-0.05094818
-0.02665345
-0.03243229
-0.08514951
-117935.60964750
-117935.60964750
-117935.60964750
-117935.60964750
-117935.60964750
-117935.60964750
-117935.60964750
-117935.60964750
-117935.60964750
-117935.60964750
-117935.60964750
-117935.60964750
-117935.60964750
-117935.60964750
-117935.60964750
-117935.60964750
-117935.60964750
-117935.60964750
-117935.60964750
-117935.60964750
-117935.60964750
-117935.60964750
-117935.60964750
-117935.60964750
-117935.60964750
-117935.60964750
-117935.60964750
-117935.60964750
-117935.60964750
-117935.60964750
-117935.60964750
-117935.60964750
-117935.60964750
-117935.60964750
-117935.60964750
-117935.60964750
-117935.60964750
-117935.60964750
-117935.60964750
-117935.60964750
-117935.60964750
-117935.60964750
-117935.60964750
-117935.60964750
-117935.60964750
-117935.60964750
-117935.60964750
-117935.60964750
-117935.60964750
-117935.60964750
-117935.60964750
-117935.60964750
-117935.60964750
-117935.60964750
-117935.60964750
-117935.60964750
-117935.60964750
-117935.60964750
-117935.60964750
-117935.60964750
-117935.60964750
-117935.60964750
-117935.60964750
-117935.60964750
-117935.60964750
-117935.60964750
-117935.60964750
-117935.60964750
-117935.60964750
-117935.60964750
-117935.60964750
-117935.60964750
-117935.60964750
-117935.60964750
-117935.60964750
-117935.60964750
-117935.60964750
-117935.60964750
-117935.60964750
-117935.60964750
-117935.60964750
-117935.60964750
-117935.60964750
-117935.60964750
-117935.60964750
-117935.60964750
-117935.60964750
-117935.60964750
-117935.60964750
-117935.60964750
-117935.60964750
-117935.60964750
-117935.60964750
-117935.60964750
-117935.60964750
-117935.60964750
-117935.60964750
-117935.60964750
-117935.60964750
-117935.60964750
-117935.60964750
-117935.60964750
-117935.60964750
-0.00023587
-0.01898763
0.04304650
0.05071231
0.01804415
-0.01568544
-0.14800919
0.03632417
-0.00860930
0.07606847
-0.04281063
0.07807337
-0.00235871
-0.01521369
-0.05460419
-0.00884517
-0.02641758
-0.19931118
0.04693837
-0.02865835
-0.02901216
0.02995564
-0.22266243
-0.04799979
0.00117936
-0.16735063
0.06521839
-0.02865835
-0.17631374
0.03231436
-0.01674686
-0.19624485
-0.11982258
0.04292856
-0.05719877
-0.03549862
-0.10036320
-0.00412775
0.03773940
-0.00955278
-0.06215207
0.02500235
-0.23339457
0.01120388
0.01462402
-0.01521369
-0.05708084
-0.13279550
0.04870741
-0.17607787
0.07241246
-0.20225957
-0.12831394
0.03549862
-0.03113500
0.00990659
0.01427021
-0.06085477
0.01804415
0.00495330
0.10673173
0.04858947
0.00695820
-0.04634869
0.02523822
-0.01544956
0.04752805
0.05920368
0.02606377
0.03927256
-0.02570996
0.05637322
-0.03502688
0.01026040
-0.20709493
0.00271252
0.03868288
0.06309555
0.02052080
-0.00448155
-0.21299171
0.04823566
0.02582790
0.10189637
-0.00967072
0.10649586
0.04705631
0.03089913
-0.02346919
0.02901216
0.02063873
-0.17324741
0.10708553
0.03337578
0.04493347
0.08326254
-0.19023014
0.00212284
0.04764599
-0.17501644
0.13515421
0.04398998
-0.14270209
0.11038773
0.06934614
-0.12159161
-0.03372958
0.12029432
0.02594583
0.06415697
-0.01309085
0.07170485
0.11380786
0.07583260
0.00731201
0.11746387
-0.12418620
0.09364087
0.09305120
0.06498252
0.02736106
-0.07441737
0.12595523
-0.13916402
0.14293796
-0.10614205
-0.01651099
0.13043678
0.05283515
0.07630434
0.08845171
0.02004905
0.09906591
0.07241246
0.14388144
0.09328707
0.07984241
0.03455513
0.10437301
0.05637322
0.09953765
0.13480040
0.11227470
0.10154256
0.04174921
0.11805355
0.03113500
0.09788656
-0.07606847
0.06356729
0.12454000
0.12831394
0.09092836
0.04375411
-117935.60964750
-117935.60964750
-117935.60964750
-117935.60964750
-117935.60964750
-117935.60964750
-117935.60964750
-117935.60964750
-117935.60964750
-117935.60964750
-117935.60964750
-117935.60964750
-117935.60964750
-117935.60964750
-117935.60964750
-117935.60964750
-117935.60964750
-117935.60964750
-117935.60964750
-117935.60964750
-117935.60964750
-117935.60964750
-117935.60964750
-117935.60964750
-117935.60964750
-117935.60964750
-117935.60964750
-117935.60964750
-117935.60964750
-117935.60964750
-117935.60964750
-117935.60964750
-117935.60964750
-117935.60964750
-117935.60964750
-117935.60964750
-117935.60964750
-117935.60964750
-117935.60964750
-117935.60964750
-117935.60964750
-117935.60964750
-117935.60964750
-117935.60964750
-117935.60964750
-117935.60964750
-117935.60964750
-117935.60964750
-117935.60964750
-117935.60964750
-117935.60964750
-117935.60964750
-117935.60964750
-117935.60964750
-117935.60964750
-117935.60964750
-117935.60964750
-117935.60964750
-117935.60964750
-117935.60964750
-117935.60964750
-117935.60964750
-117935.60964750
-117935.60964750
-117935.60964750
-117935.60964750
-117935.60964750
-117935.60964750
-117935.60964750
-117935.60964750
-117935.60964750
-117935.60964750
-117935.60964750
-117935.60964750
-117935.60964750
-117935.60964750
-117935.60964750
-117935.60964750
-117935.60964750
-117935.60964750
-117935.60964750
-117935.60964750
-117935.60964750
-117935.60964750
-117935.60964750
-117935.60964750
-117935.60964750
-117935.60964750
-117935.60964750
-117935.60964750
-117935.60964750
-117935.60964750
-117935.60964750
-117935.60964750
-117935.60964750
-117935.60964750
-117935.60964750
-117935.60964750
-117935.60964750
-117935.60964750
-117935.60964750
-117935.60964750
0.03891875
0.37987060
0.44744770
0.62517667
0.64475398
0.49863176
0.16133591
0.61798259
0.40227836
0.77578044
0.63307835
0.61644943
0.45322655
0.49698066
0.54710329
0.75148570
0.75950533
0.36111884
0.79689091
0.86753434
0.91293955
0.81458126
0.69275377
0.70230656
0.52363411
0.07854512
0.84913639
0.72683716
0.14246622
0.76823256
0.80113660
0.33021971
0.39154622
0.66916665
0.61279343
0.86364247
0.70171688
0.71374631
0.73686169
0.76139230
0.60276890
0.82837972
0.35758077
0.56432189
0.69027712
0.65159424
0.70631637
0.58448888
0.74688622
0.26511925
0.79465014
0.28516830
0.49627305
0.88687578
0.80290563
0.80361324
0.95115069
0.70985443
0.62470492
0.67577104
0.75926945
0.79358872
0.87626158
0.71669470
0.80962796
0.75561345
0.76092055
0.87248764
0.71893548
0.86163756
0.76103849
0.95339147
0.65666547
0.91152433
0.44886293
0.67199710
0.87956378
1.05092422
1.07970051
0.95704747
0.70065546
1.01554353
0.93180925
1.19728231
0.95079688
1.02261967
0.83238953
0.98818247
1.02120444
1.10623602
1.18619636
0.48129522
1.23702661
1.23962119
1.33420555
1.22086943
0.69051299
1.17216202
1.16885983
0.71280282
1.24551797
1.27842201
0.31901582
1.27948343
1.27028445
0.47858270
0.80149040
1.23030428
1.18808333
1.59389976
1.39741904
1.55415546
1.54648965
1.72115229
1.48186094
1.83849822
1.00339617
1.51276006
1.60663681
1.65121647
1.80099469
1.62715761
1.77575647
1.22157704
1.81243445
0.96789755
1.21497265
1.90265519
1.65463660
1.46358092
1.88767737
1.73282791
1.87859633
1.77398744
1.52396395
1.62090702
1.91551017
1.83142208
1.96091538
1.83602157
1.61571785
2.03356372
2.03132294
1.90855197
1.85088146
1.93803587
1.80818877
2.13463453
2.15704230
1.49896160
1.95914635
1.92388360
2.18121910
1.53221944
2.52299650
-117935.60964750
-117935.60964750
-117935.60964750
-117935.60964750
-117935.60964750
-117935.60964750
-117935.60964750
-117935.60964750
-117935.60964750
-117935.60964750
-117935.60964750
-117935.60964750
-117935.60964750
-117935.60964750
-117935.60964750
-117935.60964750
-117935.60964750
-117935.60964750
-117935.60964750
-117935.60964750
-117935.60964750
-117935.60964750
-117935.60964750
-117935.60964750
-117935.60964750
-117935.60964750
-117935.60964750
-117935.60964750
-117935.60964750
-117935.60964750
-117935.60964750
-117935.60964750
-117935.60964750
-117935.60964750
-117935.60964750
-117935.60964750
-117935.60964750
-117935.60964750
-117935.60964750
-117935.60964750
-117935.60964750
-117935.60964750
-117935.60964750
-117935.60964750
-117935.60964750
-117935.60964750
-117935.60964750
-117935.60964750
-117935.60964750
-117935.60964750
-117935.60964750
-117935.60964750
-117935.60964750
-117935.60964750
-117935.60964750
-117935.60964750
-117935.60964750
-117935.60964750
-117935.60964750
-117935.60964750
-117935.60964750
-117935.60964750
-117935.60964750
-117935.60964750
-117935.60964750
-117935.60964750
-117935.60964750
-117935.60964750
-117935.60964750
-117935.60964750
-117935.60964750
-117935.60964750
-117935.60964750
-117935.60964750
-117935.60964750
-117935.60964750
-117935.60964750
-117935.60964750
-117935.60964750
-117935.60964750
-117935.60964750
-117935.60964750
-117935.60964750
-117935.60964750
-117935.60964750
-117935.60964750
-117935.60964750
-117935.60964750
-117935.60964750
-117935.60964750
-117935.60964750
-117935.60964750
-117935.60964750
-117935.60964750
-117935.60964750
-117935.60964750
-117935.60964750
-117935.60964750
-117935.60964750
-117935.60964750
-117935.60964750
-0.00165110
-0.09246152
-0.05106612
-0.03479100
-0.06545426
-0.08161144
-0.23221522
-0.05224548
-0.07842718
-0.02441267
-0.11085947
-0.00530710
-0.04988676
-0.07842718
-0.13055472
-0.09446642
-0.10897250
-0.26948287
-0.04469760
-0.09859417
-0.09470229
-0.04092366
-0.24165006
-0.10496269
-0.05318896
-0.25238220
-0.00566091
-0.09883004
-0.20744874
-0.03514481
-0.08385222
-0.24955175
-0.18244639
-0.02205396
-0.11144915
-0.10307572
-0.15131139
-0.08455983
-0.03455513
-0.08868758
-0.12913949
-0.06285968
-0.27644107
-0.06604394
-0.06427491
-0.08184731
-0.12300684
-0.18232845
-0.02429474
-0.23657883
-0.01061420
-0.23174347
-0.15072171
-0.03066326
-0.07712989
-0.03620623
-0.06368523
-0.12713459
-0.07913479
-0.07677608
0.01533163
-0.02736106
-0.06309555
-0.10154256
-0.04139540
-0.07276627
-0.01344466
-0.01556750
-0.05153786
-0.04340030
-0.08880551
-0.02512028
-0.08774409
-0.05389657
-0.24813652
-0.06238794
-0.04033398
-0.01733653
-0.03974430
-0.04965089
-0.21782707
-0.02771487
-0.06710536
0.00672233
-0.08385222
0.01391640
-0.02028492
-0.04575902
-0.09352294
-0.06038303
-0.07819131
-0.22242656
-0.01261911
-0.05531180
-0.05884987
-0.00849136
-0.16687889
-0.06710536
-0.03797527
-0.18138497
0.03538068
-0.06439284
-0.16369463
-0.00224078
-0.03313991
-0.14046131
-0.10012733
0.00589678
-0.08290873
-0.06262381
-0.09588165
-0.02877629
-0.01945938
-0.06097271
-0.10743934
-0.04799979
-0.18374368
-0.05613735
-0.05932161
-0.06569013
-0.10767521
-0.17136044
-0.02771487
-0.15744404
-0.03042739
-0.16735063
-0.12076606
-0.04575902
-0.08279080
-0.06097271
-0.07406356
-0.11215676
-0.06969995
-0.10295779
-0.03644210
-0.07748370
-0.08727235
-0.11946877
-0.07158692
-0.11097741
-0.06863852
-0.06451078
-0.07205866
-0.08715442
-0.13432866
-0.09352294
-0.12571936
-0.11911497
-0.22690811
-0.10519856
-0.08762616
-0.08078589
-0.11251057
-0.10142462
-0.20273131
-0.10118875
-117935.60964750
-117935.60964750
-117935.60964750
-117935.60964750
-117935.60964750
-117935.60964750
-117935.60964750
-117935.60964750
-117935.60964750
-117935.60964750
-117935.60964750
-117935.60964750
-117935.60964750
-117935.60964750
-117935.60964750
-117935.60964750
-117935.60964750
-117935.60964750
-117935.60964750
-117935.60964750
-117935.60964750
-117935.60964750
-117935.60964750
-117935.60964750
-117935.60964750
-117935.60964750
-117935.60964750
-117935.60964750
-117935.60964750
-117935.60964750
-117935.60964750
-117935.60964750
-117935.60964750
-117935.60964750
-117935.60964750
-117935.60964750
-117935.60964750
-117935.60964750
-117935.60964750
-117935.60964750
-117935.60964750
-117935.60964750
-117935.60964750
-117935.60964750
-117935.60964750
-117935.60964750
-117935.60964750
-117935.60964750
-117935.60964750
-117935.60964750
-117935.60964750
-117935.60964750
-117935.60964750
-117935.60964750
-117935.60964750
-117935.60964750
-117935.60964750
-117935.60964750
-117935.60964750
-117935.60964750
-117935.60964750
-117935.60964750
-117935.60964750
-117935.60964750
-117935.60964750
-117935.60964750
-117935.60964750
-117935.60964750
-117935.60964750
-117935.60964750
-117935.60964750
-117935.60964750
-117935.60964750
-117935.60964750
-117935.60964750
-117935.60964750
-117935.60964750
-117935.60964750
-117935.60964750
-117935.60964750
-117935.60964750
-117935.60964750
-117935.60964750
-117935.60964750
-117935.60964750
-117935.60964750
-117935.60964750
-117935.60964750
-117935.60964750
-117935.60964750
-117935.60964750
-117935.60964750
-117935.60964750
-117935.60964750
-117935.60964750
-117935.60964750
-117935.60964750
-117935.60964750
-117935.60964750
-117935.60964750
-0.00035381
0.03714972
0.09965559
0.09741481
0.06569013
0.02889422
-0.04658457
0.08349841
0.05283515
0.12064813
0.01710066
0.10979805
0.03266816
0.02500235
0.00471742
0.04033398
0.02547409
-0.08066796
0.09576372
0.01957731
0.03137087
0.05613735
-0.11616658
-0.01533163
0.02842248
-0.08585712
0.08479570
0.02983771
-0.05248135
0.07642228
0.04493347
-0.07205866
-0.01922350
0.08514951
0.02075667
0.04304650
-0.01662892
0.06321349
0.08927726
0.06050097
0.01875176
0.08856964
-0.11687419
0.06132652
0.06722330
0.03290404
0.00766581
-0.06403904
0.08243699
-0.10814695
0.10614205
-0.08621093
-0.02806868
0.08432396
0.01721860
0.05684496
0.06227000
-0.00047174
0.07536085
0.06510046
0.14364557
0.09340500
0.06321349
0.02688932
0.07842718
0.04163127
0.09010281
0.09859417
0.06852059
0.08078589
0.02665345
0.09918385
0.02052080
0.05413244
-0.10625998
0.04693837
0.09458436
0.10661379
0.06297762
0.03856494
-0.13810260
0.07771957
0.06262381
0.13550802
0.04906121
0.14069718
0.08113970
0.07665815
0.03691385
0.08290873
0.08078589
-0.07642228
0.15484946
0.08668267
0.10614205
0.12265303
-0.06168032
0.04976883
0.08762616
-0.09257945
0.15897720
0.09081042
-0.05908574
0.14258415
0.11109534
-0.05613735
0.02405886
0.15154726
0.08892345
0.13314930
0.06510046
0.13774879
0.16216146
0.13279550
0.07170485
0.17784690
-0.04281063
0.14907061
0.15036790
0.11675625
0.09670720
0.01875176
0.16534572
-0.07842718
0.18445129
-0.06580807
0.03184261
0.17890832
0.10567031
0.13539008
0.14871680
0.08149351
0.16145385
0.14777332
0.20898190
0.16440224
0.14812713
0.10213224
0.16841205
0.13173408
0.16699682
0.20402860
0.17265773
0.17029902
0.10897250
0.18952252
0.08986693
0.16263321
-0.05896780
0.10861870
0.16864792
0.18775349
0.15838752
0.11887909
-0.07488911
0.14069718
0.10484476
-117935.60964750
-117935.60964750
-117935.60964750
-117935.60964750
-117935.60964750
-117935.60964750
-117935.60964750
-117935.60964750
-117935.60964750
-117935.60964750
-117935.60964750
-117935.60964750
-117935.60964750
-117935.60964750
-117935.60964750
-117935.60964750
-117935.60964750
-117935.60964750
-117935.60964750
-117935.60964750
-117935.60964750
-117935.60964750
-117935.60964750
-117935.60964750
-117935.60964750
-117935.60964750
-117935.60964750
-117935.60964750
-117935.60964750
-117935.60964750
-117935.60964750
-117935.60964750
-117935.60964750
-117935.60964750
-117935.60964750
-117935.60964750
-117935.60964750
-117935.60964750
-117935.60964750
-117935.60964750
-117935.60964750
-117935.60964750
-117935.60964750
-117935.60964750
-117935.60964750
-117935.60964750
-117935.60964750
-117935.60964750
-117935.60964750
-117935.60964750
-117935.60964750
-117935.60964750
-117935.60964750
-117935.60964750
-117935.60964750
-117935.60964750
-117935.60964750
-117935.60964750
-117935.60964750
-117935.60964750
-117935.60964750
-117935.60964750
-117935.60964750
-117935.60964750
-117935.60964750
-117935.60964750
-117935.60964750
-117935.60964750
-117935.60964750
-117935.60964750
-117935.60964750
-117935.60964750
-117935.60964750
-117935.60964750
-117935.60964750
-117935.60964750
-117935.60964750
-117935.60964750
-117935.60964750
-117935.60964750
-117935.60964750
-117935.60964750
-117935.60964750
-117935.60964750
-117935.60964750
-117935.60964750
-117935.60964750
-117935.60964750
-117935.60964750
-117935.60964750
-117935.60964750
-117935.60964750
-117935.60964750
-117935.60964750
-117935.60964750
-117935.60964750
-117935.60964750
-117935.60964750
-117935.60964750
0.00212284
-0.05991129
-0.02134635
0.01580337
-0.00919898
-0.03113500
-0.22702605
0.00070761
-0.05743464
0.04151333
-0.05920368
0.05542974
0.00400981
-0.01981318
-0.08597506
-0.02818661
-0.04186714
-0.25639202
0.04080572
-0.00518917
-0.00224078
0.04398998
-0.18952252
-0.02736106
0.01285498
-0.24483433
0.08573919
-0.03891875
-0.25875073
0.03703178
-0.00695820
-0.23315870
-0.16027449
0.04304650
-0.07253040
-0.02901216
-0.08856964
-0.00931691
0.03714972
-0.02724313
-0.09694307
0.00106142
-0.27384649
-0.01615718
-0.00389188
-0.03372958
-0.07984241
-0.15496739
0.03785733
-0.22667224
0.06156239
-0.24271148
-0.13951783
0.04304650
-0.00377394
0.04387205
0.03431926
-0.05684496
-0.03089913
-0.02995564
0.07972447
0.04351824
0.01391640
-0.04410792
0.02228983
-0.02099254
0.04398998
0.05601941
0.01533163
0.03502688
-0.03054532
0.04941502
-0.05330690
0.01839796
-0.22572876
-0.00129729
0.03939049
0.07654021
0.05696290
0.03738559
-0.13656944
0.07642228
0.03337578
0.11687419
-0.01179356
0.10720347
0.05601941
0.05401451
0.00247665
0.03762146
0.02264364
-0.22325211
0.10342953
0.06427491
0.07441737
0.10861870
-0.14494286
0.04363618
0.07948860
-0.11286438
0.15496739
0.05967542
-0.17336535
0.11593070
0.07736576
-0.12831394
-0.03880082
0.12583730
0.01568544
0.07300214
0.01179356
0.11239264
0.13597976
0.11392580
0.03703178
0.12630904
-0.14741951
0.08338048
0.09706101
0.09611752
0.06238794
-0.03490894
0.14671190
-0.07642228
0.15402391
-0.08656474
-0.01556750
0.13975370
0.07040756
0.07630434
0.11310025
0.06297762
0.11699212
0.06934614
0.11180296
0.08066796
0.10354747
0.07182279
0.13114440
0.07312008
0.09552784
0.13692324
0.12536555
0.10826489
0.06168032
0.10861870
0.05684496
0.09765068
-0.01179356
0.05472212
0.12796014
0.12524762
0.12123781
0.04729218
0.06073684
0.15343423
0.09210771
0.18716381
-117935.60964750
-117935.60964750
-117935.60964750
-117935.60964750
-117935.60964750
-117935.60964750
-117935.60964750
-117935.60964750
-117935.60964750
-117935.60964750
-117935.60964750
-117935.60964750
-117935.60964750
-117935.60964750
-117935.60964750
-117935.60964750
-117935.60964750
-117935.60964750
-117935.60964750
-117935.60964750
-117935.60964750
-117935.60964750
-117935.60964750
-117935.60964750
-117935.60964750
-117935.60964750
-117935.60964750
-117935.60964750
-117935.60964750
-117935.60964750
-117935.60964750
-117935.60964750
-117935.60964750
-117935.60964750
-117935.60964750
-117935.60964750
-117935.60964750
-117935.60964750
-117935.60964750
-117935.60964750
-117935.60964750
-117935.60964750
-117935.60964750
-117935.60964750
-117935.60964750
-117935.60964750
-117935.60964750
-117935.60964750
-117935.60964750
-117935.60964750
-117935.60964750
-117935.60964750
-117935.60964750
-117935.60964750
-117935.60964750
-117935.60964750
-117935.60964750
-117935.60964750
-117935.60964750
-117935.60964750
-117935.60964750
-117935.60964750
-117935.60964750
-117935.60964750
-117935.60964750
-117935.60964750
-117935.60964750
-117935.60964750
-117935.60964750
-117935.60964750
-117935.60964750
-117935.60964750
-117935.60964750
-117935.60964750
-117935.60964750
-117935.60964750
-117935.60964750
-117935.60964750
-117935.60964750
-117935.60964750
-117935.60964750
-117935.60964750
-117935.60964750
-117935.60964750
-117935.60964750
-117935.60964750
-117935.60964750
-117935.60964750
-117935.60964750
-117935.60964750
-117935.60964750
-117935.60964750
-117935.60964750
-117935.60964750
-117935.60964750
-117935.60964750
-117935.60964750
-117935.60964750
0.00188697
-0.07984241
-0.04587695
-0.00424568
-0.02759693
-0.03880082
-0.21405313
-0.01379847
-0.06403904
0.02488441
-0.07182279
0.04363618
-0.00448155
-0.02771487
-0.08951313
-0.03785733
-0.05189167
-0.25474092
0.02287951
-0.02476648
-0.02512028
0.02453061
-0.22608256
-0.05601941
-0.01155769
-0.29000366
0.06451078
-0.06168032
-0.24341910
0.01934144
-0.02193602
-0.20615145
-0.15779785
0.01839796
-0.09493817
-0.06227000
-0.11427961
-0.03514481
0.01639305
-0.04682044
-0.10602411
-0.01639305
-0.27537965
-0.02594583
-0.01332672
-0.03679591
-0.08078589
-0.15367010
0.03313991
-0.21664771
0.05130199
-0.23480980
-0.13869228
0.02795074
-0.02122841
0.03231436
0.00813756
-0.07996034
-0.06179826
-0.05660909
0.05708084
0.02594583
-0.00625059
-0.04634869
0.00742994
-0.03561655
0.03349371
0.04033398
-0.00518917
0.01816208
-0.03773940
0.04115953
-0.04646663
0.01403434
-0.19659866
-0.00365600
0.02193602
0.05413244
0.02924803
0.01615718
-0.16617127
0.04422585
-0.00047174
0.08479570
-0.04186714
0.08125764
0.03561655
0.03632417
-0.01332672
0.01497782
-0.00235871
-0.23728645
0.06934614
0.03549862
0.04092366
0.08102176
-0.14588635
0.00908104
0.05460419
-0.14859887
0.12406826
0.01309085
-0.21747326
0.07524292
0.04398998
-0.12111987
-0.04092366
0.09069248
-0.00860930
0.02889422
-0.02240777
0.06686949
0.09305120
0.06274174
-0.00542504
0.07382769
-0.17136044
0.04434379
0.05849606
0.06073684
0.02641758
-0.05719877
0.10543444
-0.09022074
0.11203883
-0.12005845
-0.05425038
0.09399468
0.03561655
0.04481553
0.07748370
0.03785733
0.08090383
0.02323332
0.07135104
0.03479100
0.05436832
0.02217189
0.07760163
0.02134635
0.05224548
0.08031415
0.07087930
0.05637322
0.01085008
0.05908574
0.00943485
0.04705631
-0.06073684
0.02158222
0.08361635
0.08196525
0.06875646
0.01533163
0.00224078
0.08609300
0.04222095
0.11239264
-0.01143975
-117935.60964750
-117935.60964750
-117935.60964750
-117935.60964750
-117935.60964750
-117935.60964750
-117935.60964750
-117935.60964750
-117935.60964750
-117935.60964750
-117935.60964750
-117935.60964750
-117935.60964750
-117935.60964750
-117935.60964750
-117935.60964750
-117935.60964750
-117935.60964750
-117935.60964750
-117935.60964750
-117935.60964750
-117935.60964750
-117935.60964750
-117935.60964750
-117935.60964750
-117935.60964750
-117935.60964750
-117935.60964750
-117935.60964750
-117935.60964750
-117935.60964750
-117935.60964750
-117935.60964750
-117935.60964750
-117935.60964750
-117935.60964750
-117935.60964750
-117935.60964750
-117935.60964750
-117935.60964750
-117935.60964750
-117935.60964750
-117935.60964750
-117935.60964750
-117935.60964750
-117935.60964750
-117935.60964750
-117935.60964750
-117935.60964750
-117935.60964750
-117935.60964750
-117935.60964750
-117935.60964750
-117935.60964750
-117935.60964750
-117935.60964750
-117935.60964750
-117935.60964750
-117935.60964750
-117935.60964750
-117935.60964750
-117935.60964750
-117935.60964750
-117935.60964750
-117935.60964750
-117935.60964750
-117935.60964750
-117935.60964750
-117935.60964750
-117935.60964750
-117935.60964750
-117935.60964750
-117935.60964750
-117935.60964750
-117935.60964750
-117935.60964750
-117935.60964750
-117935.60964750
-117935.60964750
-117935.60964750
-117935.60964750
-117935.60964750
-117935.60964750
-117935.60964750
-117935.60964750
-117935.60964750
-117935.60964750
-117935.60964750
-117935.60964750
-117935.60964750
-117935.60964750
-117935.60964750
-117935.60964750
-117935.60964750
-117935.60964750
-117935.60964750
-117935.60964750
0.00424568
0.03089913
0.04469760
0.06592601
0.05189167
0.02724313
-0.06132652
0.05542974
0.01438814
0.07724782
0.01309085
0.06745917
0.02818661
0.03325784
0.01780828
0.04894328
0.04056985
-0.05991129
0.07748370
0.06333142
0.06934614
0.07807337
-0.03538068
0.04528727
0.04033398
-0.03184261
0.09930178
0.05802432
-0.05637322
0.07724782
0.06250587
-0.05130199
-0.01957731
0.07099724
0.01332672
0.04469760
0.00471742
0.04575902
0.07394563
0.06179826
0.02052080
0.07017169
-0.07724782
0.03868288
0.06026510
0.04198508
0.02606377
-0.02559203
0.06486459
-0.07960654
0.08066796
-0.07429943
-0.02901216
0.07158692
0.04210301
0.06179826
0.08821584
0.04540521
0.06179826
0.05849606
0.09965559
0.08656474
0.08408809
0.05542974
0.07925273
0.05519387
0.08314460
0.09198978
0.05826019
0.09281532
0.06439284
0.10885457
0.04080572
0.08444190
-0.04328237
0.06911027
0.09694307
0.12442207
0.10968012
0.08467777
-0.02346919
0.12312478
0.10991599
0.16015656
0.09375881
0.13609769
0.09847623
0.11262851
0.10543444
0.12666284
0.12654491
-0.03137087
0.15367010
0.13928195
0.15744404
0.15956688
0.00212284
0.12843188
0.12512968
0.01474195
0.18822523
0.17018108
0.01934144
0.18091323
0.16168972
0.01497782
0.08125764
0.16852999
0.12878569
0.17088870
0.11781767
0.15190107
0.18456923
0.19577311
0.15284455
0.21947817
0.06793091
0.17784690
0.18999427
0.19872150
0.20556177
0.14907061
0.22160101
0.07795544
0.22254450
0.08868758
0.14128686
0.23764025
0.18291813
0.15685436
0.21464281
0.18928665
0.23893755
0.20756667
0.18504097
0.17678548
0.22502114
0.20438241
0.24565987
0.21251997
0.19282472
0.24884414
0.23469186
0.21546836
0.20143402
0.22620050
0.20178783
0.23976309
0.21594010
0.15862339
0.22796953
0.21888849
0.23245109
0.14612222
0.20332099
0.23150760
0.16227940
0.27490791
0.22832334
0.21723739
-117935.60964750
-117935.60964750
-117935.60964750
-117935.60964750
-117935.60964750
-117935.60964750
-117935.60964750
-117935.60964750
-117935.60964750
-117935.60964750
-117935.60964750
-117935.60964750
-117935.60964750
-117935.60964750
-117935.60964750
-117935.60964750
-117935.60964750
-117935.60964750
-117935.60964750
-117935.60964750
-117935.60964750
-117935.60964750
-117935.60964750
-117935.60964750
-117935.60964750
-117935.60964750
-117935.60964750
-117935.60964750
-117935.60964750
-117935.60964750
-117935.60964750
-117935.60964750
-117935.60964750
-117935.60964750
-117935.60964750
-117935.60964750
-117935.60964750
-117935.60964750
-117935.60964750
-117935.60964750
-117935.60964750
-117935.60964750
-117935.60964750
-117935.60964750
-117935.60964750
-117935.60964750
-117935.60964750
-117935.60964750
-117935.60964750
-117935.60964750
-117935.60964750
-117935.60964750
-117935.60964750
-117935.60964750
-117935.60964750
-117935.60964750
-117935.60964750
-117935.60964750
-117935.60964750
-117935.60964750
-117935.60964750
-117935.60964750
-117935.60964750
-117935.60964750
-117935.60964750
-117935.60964750
-117935.60964750
-117935.60964750
-117935.60964750
-117935.60964750
-117935.60964750
-117935.60964750
-117935.60964750
-117935.60964750
-117935.60964750
-117935.60964750
-117935.60964750
-117935.60964750
-117935.60964750
-117935.60964750
-117935.60964750
-117935.60964750
-117935.60964750
-117935.60964750
-117935.60964750
-117935.60964750
-117935.60964750
-117935.60964750
-117935.60964750
-117935.60964750
-117935.60964750
-117935.60964750
-117935.60964750
-117935.60964750
-117935.60964750
-117935.60964750
-0.00365600
0.00507123
0.05295309
0.04375411
0.01615718
-0.00377394
-0.06050097
0.03773940
0.01415227
0.06852059
0.00283045
0.07524292
0.02488441
0.01556750
-0.01450608
0.00483536
-0.00801962
-0.11062360
0.05153786
-0.00542504
0.00058968
0.02252570
-0.08137557
-0.04387205
0.01344466
-0.10956218
0.03467307
-0.03939049
-0.12442207
0.01002453
-0.01757241
-0.08632887
-0.03962636
0.02971977
-0.01662892
-0.00919898
-0.03868288
0.02570996
0.03479100
-0.00790169
-0.03396546
0.01615718
-0.13043678
0.01580337
0.01309085
-0.01816208
-0.04163127
-0.08892345
0.02523822
-0.12111987
0.04493347
-0.11569483
-0.05672703
0.02889422
-0.01851589
0.02924803
0.00648646
-0.03160674
0.00943485
-0.01037833
0.06722330
0.01816208
-0.01191150
-0.03726765
0.01073214
-0.01509576
0.02759693
0.03691385
0.03726765
0.02582790
-0.02618171
0.02795074
-0.02842248
-0.00542504
-0.14211241
-0.00424568
0.03455513
0.03703178
0.00518917
0.00094348
-0.10814695
0.00860930
0.00212284
0.04104159
-0.04281063
0.05484006
0.01214737
0.00436362
-0.03514481
-0.00471742
-0.00978866
-0.10331159
0.06073684
-0.00023587
0.01002453
0.03502688
-0.09128216
-0.02170015
0.02087460
-0.07807337
0.05991129
-0.00990659
-0.09316913
0.03349371
0.00129729
-0.11144915
-0.05259928
0.05330690
-0.01651099
0.01391640
-0.02028492
0.06863852
0.05826019
0.03396546
-0.00176903
0.04906121
-0.11722800
0.02641758
0.02606377
0.00023587
-0.02924803
-0.08467777
0.04174921
-0.09517404
0.05660909
-0.10401921
-0.05566561
0.03431926
-0.01957731
0.01485989
0.00731201
-0.03479100
0.02842248
0.00884517
0.07654021
0.02830455
-0.00318426
-0.02570996
0.01073214
-0.01898763
0.02606377
0.03431926
0.02830455
0.02618171
-0.02122841
0.03738559
-0.02004905
-0.00212284
-0.16110004
-0.00271252
0.02570996
0.04304650
0.01238324
-0.00082555
-0.13845641
0.01910557
0.01698273
0.04847154
-0.04847154
0.05071231
0.02335125
-117935.60964750
-117935.60964750
-117935.60964750
-117935.60964750
-117935.60964750
-117935.60964750
-117935.60964750
-117935.60964750
-117935.60964750
-117935.60964750
-117935.60964750
-117935.60964750
-117935.60964750
-117935.60964750
-117935.60964750
-117935.60964750
-117935.60964750
-117935.60964750
-117935.60964750
-117935.60964750
-117935.60964750
-117935.60964750
-117935.60964750
-117935.60964750
-117935.60964750
-117935.60964750
-117935.60964750
-117935.60964750
-117935.60964750
-117935.60964750
-117935.60964750
-117935.60964750
-117935.60964750
-117935.60964750
-117935.60964750
-117935.60964750
-117935.60964750
-117935.60964750
-117935.60964750
-117935.60964750
-117935.60964750
-117935.60964750
-117935.60964750
-117935.60964750
-117935.60964750
-117935.60964750
-117935.60964750
-117935.60964750
-117935.60964750
-117935.60964750
-117935.60964750
-117935.60964750
-117935.60964750
-117935.60964750
-117935.60964750
-117935.60964750
-117935.60964750
-117935.60964750
-117935.60964750
-117935.60964750
-117935.60964750
-117935.60964750
-117935.60964750
-117935.60964750
-117935.60964750
-117935.60964750
-117935.60964750
-117935.60964750
-117935.60964750
-117935.60964750
-117935.60964750
-117935.60964750
-117935.60964750
-117935.60964750
-117935.60964750
-117935.60964750
-117935.60964750
-117935.60964750
-117935.60964750
-117935.60964750
-117935.60964750
-117935.60964750
-117935.60964750
-117935.60964750
-117935.60964750
-117935.60964750
-117935.60964750
-117935.60964750
-117935.60964750
-117935.60964750
-117935.60964750
-117935.60964750
-117935.60964750
-117935.60964750
-117935.60964750
-0.00436362
-0.01250117
0.03290404
0.02570996
-0.00507123
-0.02170015
-0.09411262
0.02111047
-0.00684027
0.05472212
-0.01627511
0.06675156
0.01002453
0.00495330
-0.02606377
-0.00070761
-0.01521369
-0.13633356
0.04056985
-0.01497782
-0.01297292
0.01993112
-0.09883004
-0.05200960
0.00754788
-0.12713459
0.03113500
-0.05637322
-0.17006315
-0.00200491
-0.03148881
-0.11817148
-0.06203413
0.02252570
-0.02948390
-0.02205396
-0.05696290
0.01061420
0.02677138
-0.02063873
-0.05165580
0.00294839
-0.17277567
-0.00306633
-0.00224078
-0.03172468
-0.06002923
-0.10861870
0.01769034
-0.14553254
0.03998017
-0.15944894
-0.09411262
0.01839796
-0.02995564
0.01733653
0.00271252
-0.03986224
0.00000000
-0.02323332
0.06451078
0.00955278
-0.02205396
-0.06014716
-0.00283045
-0.03125294
0.01957731
0.02594583
0.01863383
0.01356260
-0.04233888
0.01957731
-0.04623076
-0.01592131
-0.17725722
-0.01450608
0.02535616
0.03396546
0.00283045
-0.00330220
-0.12088400
0.01202943
0.00660439
0.04587695
-0.04906121
0.05708084
0.00577884
-0.00483536
-0.04410792
0.00294839
-0.00129729
-0.10897250
0.07099724
0.00754788
0.01497782
0.04717424
-0.12336065
-0.01580337
0.02004905
-0.09493817
0.07264834
-0.00731201
-0.11368993
0.03750352
0.00082555
-0.13692324
-0.06793091
0.05708084
-0.02228983
0.01191150
-0.03101707
0.06639775
0.06132652
0.04340030
0.00247665
0.06097271
-0.11192089
0.03137087
0.03066326
0.00613265
-0.02783280
-0.09599959
0.05425038
-0.09482023
0.06769504
-0.10071701
-0.05578354
0.04281063
-0.01816208
0.00766581
0.01026040
-0.03844701
0.03632417
0.01592131
0.08208318
0.03184261
0.00459949
-0.02299744
0.01922350
-0.01603924
0.03019152
0.04068779
0.02901216
0.02582790
-0.02382299
0.03844701
-0.02217189
0.00577884
-0.14765538
0.00235871
0.03714972
0.05141993
0.02040286
-0.00589678
-0.14824506
0.03231436
0.01710066
0.06616188
-0.03573449
0.06156239
0.02512028
-0.00294839
-117935.60964750
-117935.60964750
-117935.60964750
-117935.60964750
-117935.60964750
-117935.60964750
-117935.60964750
-117935.60964750
-117935.60964750
-117935.60964750
-117935.60964750
-117935.60964750
-117935.60964750
-117935.60964750
-117935.60964750
-117935.60964750
-117935.60964750
-117935.60964750
-117935.60964750
-117935.60964750
-117935.60964750
-117935.60964750
-117935.60964750
-117935.60964750
-117935.60964750
-117935.60964750
-117935.60964750
-117935.60964750
-117935.60964750
-117935.60964750
-117935.60964750
-117935.60964750
-117935.60964750
-117935.60964750
-117935.60964750
-117935.60964750
-117935.60964750
-117935.60964750
-117935.60964750
-117935.60964750
-117935.60964750
-117935.60964750
-117935.60964750
-117935.60964750
-117935.60964750
-117935.60964750
-117935.60964750
-117935.60964750
-117935.60964750
-117935.60964750
-117935.60964750
-117935.60964750
-117935.60964750
-117935.60964750
-117935.60964750
-117935.60964750
-117935.60964750
-117935.60964750
-117935.60964750
-117935.60964750
-117935.60964750
-117935.60964750
-117935.60964750
-117935.60964750
-117935.60964750
-117935.60964750
-117935.60964750
-117935.60964750
-117935.60964750
-117935.60964750
-117935.60964750
-117935.60964750
-117935.60964750
-117935.60964750
-117935.60964750
-117935.60964750
-117935.60964750
-117935.60964750
-117935.60964750
-117935.60964750
-117935.60964750
-117935.60964750
-117935.60964750
-117935.60964750
-117935.60964750
-117935.60964750
-117935.60964750
-117935.60964750
-117935.60964750
-117935.60964750
-117935.60964750
-117935.60964750
-117935.60964750
-117935.60964750
0.00648646
0.01368053
0.08833377
0.12324271
0.08963106
0.04151333
-0.17796483
0.09706101
0.01379847
0.16086417
0.01061420
0.14930648
0.05012263
0.03856494
-0.01155769
0.06911027
0.04776392
-0.18999427
0.14812713
0.07087930
0.07760163
0.12630904
-0.18303607
0.03632417
0.04976883
-0.17654961
0.18468716
0.07618640
-0.12630904
0.14966029
0.10059908
-0.16039243
-0.09423055
0.13444659
-0.00849136
0.06262381
-0.03538068
0.08892345
0.13303137
0.09328707
-0.00684027
0.13244169
-0.20685906
0.08408809
0.10248604
0.06309555
0.01485989
-0.10531650
0.12784220
-0.21134061
0.14635809
-0.23622503
-0.12053019
0.11239264
0.03337578
0.07948860
0.10661379
-0.01391640
0.07771957
0.07677608
0.19199917
0.14293796
0.10826489
0.03703178
0.11345406
0.05118405
0.12076606
0.13975370
0.07453531
0.11687419
0.03479100
0.14293796
0.00766581
0.08184731
-0.20178783
0.05307102
0.11180296
0.15838752
0.11003392
0.07665815
-0.18987633
0.14352764
0.10425508
0.22148307
0.08302667
0.22337004
0.14293796
0.15709023
0.09399468
0.14411731
0.13963576
-0.21499662
0.23068205
0.16121798
0.18539478
0.21924230
-0.18492304
0.12170955
0.18138497
-0.18055942
0.28304546
0.18492304
-0.16923760
0.26393989
0.21664771
-0.09871211
0.03019152
0.26228880
0.14565048
0.22384179
0.10378334
0.21169442
0.29932058
0.26535512
0.15166519
0.33163493
-0.10932631
0.28257372
0.30427387
0.28257372
0.25851486
0.12737046
0.36135471
-0.07819131
0.38859783
-0.09092836
0.07394563
0.37774776
0.26523719
0.28115849
0.34684863
0.24058864
0.32526641
0.29625425
0.35817045
0.32278976
0.34366437
0.27938946
0.38175757
0.31229349
0.33918281
0.42739865
0.37220478
0.37208685
0.30474562
0.40817514
0.27420029
0.40699579
0.16381256
0.27101603
0.38741848
0.39649952
0.38859783
0.25474092
0.13774879
0.39083861
0.27502584
0.49356053
0.32904035
0.41041592
0.22820540
0.27903565
0.31618537
-117935.60964750
-117935.60964750
-117935.60964750
-117935.60964750
-117935.60964750
-117935.60964750
-117935.60964750
-117935.60964750
-117935.60964750
-117935.60964750
-117935.60964750
-117935.60964750
-117935.60964750
-117935.60964750
-117935.60964750
-117935.60964750
-117935.60964750
-117935.60964750
-117935.60964750
-117935.60964750
-117935.60964750
-117935.60964750
-117935.60964750
-117935.60964750
-117935.60964750
-117935.60964750
-117935.60964750
-117935.60964750
-117935.60964750
-117935.60964750
-117935.60964750
-117935.60964750
-117935.60964750
-117935.60964750
-117935.60964750
-117935.60964750
-117935.60964750
-117935.60964750
-117935.60964750
-117935.60964750
-117935.60964750
-117935.60964750
-117935.60964750
-117935.60964750
-117935.60964750
-117935.60964750
-117935.60964750
-117935.60964750
-117935.60964750
-117935.60964750
-117935.60964750
-117935.60964750
-117935.60964750
-117935.60964750
-117935.60964750
-117935.60964750
-117935.60964750
-117935.60964750
-117935.60964750
-117935.60964750
-117935.60964750
-117935.60964750
-117935.60964750
-117935.60964750
-117935.60964750
-117935.60964750
-117935.60964750
-117935.60964750
-117935.60964750
-117935.60964750
-117935.60964750
-117935.60964750
-117935.60964750
-117935.60964750
-117935.60964750
-117935.60964750
-117935.60964750
-117935.60964750
-117935.60964750
-117935.60964750
-117935.60964750
-117935.60964750
-117935.60964750
-117935.60964750
-117935.60964750
-117935.60964750
-117935.60964750
-117935.60964750
-117935.60964750
-117935.60964750
-117935.60964750
-117935.60964750
-117935.60964750
0.00023587
-0.07948860
-0.04446172
-0.01886970
-0.04552315
-0.05767051
-0.23127173
-0.03844701
-0.08243699
-0.00483536
-0.09883004
0.01568544
-0.03243229
-0.06250587
-0.12371445
-0.06816678
-0.07913479
-0.23846580
-0.00294839
-0.06097271
-0.06592601
-0.00978866
-0.24955175
-0.07441737
-0.03007358
-0.23822993
0.02889422
-0.07937067
-0.23339457
-0.00648646
-0.05035851
-0.23622503
-0.17902626
0.00082555
-0.10743934
-0.07866305
-0.13020091
-0.05542974
-0.00990659
-0.07064343
-0.13079059
-0.04139540
-0.26393989
-0.04387205
-0.04080572
-0.07158692
-0.12135574
-0.19211711
-0.00896311
-0.22844128
0.00872724
-0.25415124
-0.17548819
-0.02028492
-0.06297762
-0.01910557
-0.03125294
-0.11109534
-0.06451078
-0.06038303
0.04139540
0.00589678
-0.03361165
-0.08220112
-0.03148881
-0.07229453
-0.00176903
-0.00648646
-0.04752805
-0.03160674
-0.09340500
-0.02335125
-0.10543444
-0.04835360
-0.24341910
-0.04222095
-0.01886970
0.00518917
-0.02181809
-0.02688932
-0.19919324
0.00766581
-0.02913010
0.04163127
-0.06120858
0.04811773
0.01485989
0.00247665
-0.05436832
-0.02464854
-0.04304650
-0.25320775
0.03278610
-0.00554297
-0.00306633
0.03691385
-0.21204823
-0.03137087
0.00613265
-0.18020561
0.07984241
-0.01898763
-0.19742421
0.04045191
0.00577884
-0.14116892
-0.07595053
0.05035851
-0.04646663
-0.02016699
-0.06745917
0.01250117
0.04493347
0.00648646
-0.06238794
0.02099254
-0.18975840
0.01438814
0.02335125
0.01934144
-0.02276157
-0.11522309
0.05566561
-0.14340970
0.05743464
-0.13586182
-0.07984241
0.03502688
-0.02170015
-0.00660439
0.00672233
-0.03679591
0.00943485
-0.02960184
0.02677138
-0.00660439
0.00212284
-0.02476648
0.02665345
-0.02653551
0.00742994
0.02806868
0.01568544
0.00507123
-0.04269269
-0.00459949
-0.05507593
-0.02134635
-0.13079059
-0.02960184
0.01969525
0.01320879
-0.01096801
-0.04068779
-0.09670720
0.01167563
-0.03089913
0.03903669
-0.05413244
0.03585243
-0.02971977
-0.02688932
-0.04021604
-0.01002453
-117935.60964750
-117935.60964750
-117935.60964750
-117935.60964750
-117935.60964750
-117935.60964750
-117935.60964750
-117935.60964750
-117935.60964750
-117935.60964750
-117935.60964750
-117935.60964750
-117935.60964750
-117935.60964750
-117935.60964750
-117935.60964750
-117935.60964750
-117935.60964750
-117935.60964750
-117935.60964750
-117935.60964750
-117935.60964750
-117935.60964750
-117935.60964750
-117935.60964750
-117935.60964750
-117935.60964750
-117935.60964750
-117935.60964750
-117935.60964750
-117935.60964750
-117935.60964750
-117935.60964750
-117935.60964750
-117935.60964750
-117935.60964750
-117935.60964750
-117935.60964750
-117935.60964750
-117935.60964750
-117935.60964750
-117935.60964750
-117935.60964750
-117935.60964750
-117935.60964750
-117935.60964750
-117935.60964750
-117935.60964750
-117935.60964750
-117935.60964750
-117935.60964750
-117935.60964750
-117935.60964750
-117935.60964750
-117935.60964750
-117935.60964750
-117935.60964750
-117935.60964750
-117935.60964750
-117935.60964750
-117935.60964750
-117935.60964750
-117935.60964750
-117935.60964750
-117935.60964750
-117935.60964750
-117935.60964750
-117935.60964750
-117935.60964750
-117935.60964750
-117935.60964750
-117935.60964750
-117935.60964750
-117935.60964750
-117935.60964750
-117935.60964750
-117935.60964750
-117935.60964750
-117935.60964750
-117935.60964750
-117935.60964750
-117935.60964750
-117935.60964750
-117935.60964750
-117935.60964750
-117935.60964750
-117935.60964750
-117935.60964750
-117935.60964750
-117935.60964750
-117935.60964750
-117935.60964750
-0.00259458
-0.10000940
-0.05484006
-0.04410792
-0.08491364
-0.09151803
-0.28847050
-0.07217659
-0.11781767
-0.03644210
-0.14329177
0.00047174
-0.04741012
-0.08397015
-0.16805824
-0.11758180
-0.13326724
-0.30026406
-0.02783280
-0.10779315
-0.11215676
-0.04693837
-0.33529094
-0.12336065
-0.05837813
-0.26217086
-0.00377394
-0.12701665
-0.28410688
-0.04481553
-0.10425508
-0.32585609
-0.24436258
-0.02264364
-0.15591088
-0.12430413
-0.17112457
-0.07123311
-0.03125294
-0.11640245
-0.18563065
-0.09092836
-0.35427857
-0.07854512
-0.07795544
-0.12418620
-0.18964046
-0.27821010
-0.05177373
-0.30745813
-0.02358712
-0.30474562
-0.21936023
-0.05837813
-0.11203883
-0.05047644
-0.07441737
-0.15779785
-0.09175390
-0.09599959
0.03019152
-0.02122841
-0.07925273
-0.12949330
-0.07583260
-0.12666284
-0.04068779
-0.04139540
-0.06262381
-0.05212754
-0.12796014
-0.05566561
-0.14800919
-0.09670720
-0.33517300
-0.07866305
-0.04752805
-0.02842248
-0.06627981
-0.07017169
-0.26665241
-0.03030945
-0.06757710
0.00471742
-0.11911497
0.02016699
-0.01344466
-0.03632417
-0.11239264
-0.08408809
-0.11357199
-0.34967908
-0.00459949
-0.05708084
-0.04670250
-0.00424568
-0.26806764
-0.08974900
-0.04422585
-0.25639202
0.05189167
-0.06911027
-0.22337004
0.00011794
-0.04847154
-0.20827429
-0.13892815
0.01415227
-0.11475135
-0.09246152
-0.14458906
-0.02783280
0.00153316
-0.04281063
-0.11746387
-0.03762146
-0.27195952
-0.03844701
-0.03054532
-0.04292856
-0.10118875
-0.21629391
-0.00507123
-0.26405783
-0.00176903
-0.20909984
-0.13362105
-0.02405886
-0.08927726
-0.05330690
-0.06392110
-0.11911497
-0.06380316
-0.10177843
-0.01615718
-0.06356729
-0.07028962
-0.09470229
-0.04045191
-0.10413714
-0.04906121
-0.04929708
-0.07370976
-0.07170485
-0.12678078
-0.07571466
-0.13668737
-0.11994052
-0.29472109
-0.10531650
-0.06038303
-0.05979335
-0.10177843
-0.10991599
-0.24766478
-0.07488911
-0.10826489
-0.04316443
-0.14859887
-0.02205396
-0.07064343
-0.07606847
-0.12100194
-0.11298231
-0.14246622
-117935.60964750
-117935.60964750
-117935.60964750
-117935.60964750
-117935.60964750
-117935.60964750
-117935.60964750
-117935.60964750
-117935.60964750
-117935.60964750
-117935.60964750
-117935.60964750
-117935.60964750
-117935.60964750
-117935.60964750
-117935.60964750
-117935.60964750
-117935.60964750
-117935.60964750
-117935.60964750
-117935.60964750
-117935.60964750
-117935.60964750
-117935.60964750
-117935.60964750
-117935.60964750
-117935.60964750
-117935.60964750
-117935.60964750
-117935.60964750
-117935.60964750
-117935.60964750
-117935.60964750
-117935.60964750
-117935.60964750
-117935.60964750
-117935.60964750
-117935.60964750
-117935.60964750
-117935.60964750
-117935.60964750
-117935.60964750
-117935.60964750
-117935.60964750
-117935.60964750
-117935.60964750
-117935.60964750
-117935.60964750
-117935.60964750
-117935.60964750
-117935.60964750
-117935.60964750
-117935.60964750
-117935.60964750
-117935.60964750
-117935.60964750
-117935.60964750
-117935.60964750
-117935.60964750
-117935.60964750
-117935.60964750
-117935.60964750
-117935.60964750
-117935.60964750
-117935.60964750
-117935.60964750
-117935.60964750
-117935.60964750
-117935.60964750
-117935.60964750
-117935.60964750
-117935.60964750
-117935.60964750
-117935.60964750
-117935.60964750
-117935.60964750
-117935.60964750
-117935.60964750
-117935.60964750
-117935.60964750
-117935.60964750
-117935.60964750
-117935.60964750
-117935.60964750
-117935.60964750
-117935.60964750
-117935.60964750
-117935.60964750
-117935.60964750
-117935.60964750
-117935.60964750
0.04634869
0.53743257
0.59368786
0.76398688
0.78934304
0.56691648
0.21664771
0.79689091
0.57658720
0.92650215
0.64156972
0.65183011
0.43011117
0.47433702
0.60347651
0.77660599
0.75856184
0.29413141
0.75702868
0.78262071
0.81752965
0.78816368
0.40923657
0.72766271
0.53802225
0.27927152
0.93581906
0.96424154
0.44780151
0.98098840
1.05953352
0.73957421
0.74771177
0.82944114
0.83109224
0.98476234
0.67966292
0.59840528
0.83132811
0.93310654
0.68921570
1.07026566
0.48884310
0.79205555
0.91742111
0.96376980
1.00410378
0.77401141
0.95457082
0.43895634
0.90338677
0.31984137
0.43813079
0.84465484
0.68379066
0.62246415
0.90645310
0.70608049
0.80373118
0.85385381
0.80526434
0.85939679
1.03441323
0.89100353
1.09915988
1.02627568
0.93912126
1.09963162
0.83769664
0.99018738
0.88251217
1.03747956
0.69558423
1.02910613
0.68213957
0.76599178
0.92732770
1.06118462
1.00374997
0.81764758
0.35144812
0.96990245
0.89041385
1.22098737
1.08123367
1.08430000
0.83121018
1.01813812
1.13454056
1.31392063
1.42867198
0.92166679
1.32241199
1.28856447
1.33845123
1.26238277
0.36430310
1.15447168
1.10081098
0.51195848
1.28514434
1.43232798
0.45511352
1.44824929
1.46818040
0.62482286
0.98853628
1.37654444
1.49506972
1.81054748
1.52514330
1.36227423
1.61725102
1.61583579
1.37394985
1.87376097
0.77731360
1.59885306
1.72374687
1.73896056
1.92459121
1.80441483
1.90973133
1.16827015
2.00808963
1.01059024
1.31639727
2.08911139
1.81715187
1.63505929
2.07012376
1.86232121
2.03191262
2.04865948
1.85654237
1.96138712
2.17602993
2.01009453
2.18617240
2.12803014
1.95301370
2.42676104
2.30257484
2.30281071
2.25162666
2.42770452
2.10007940
2.65024902
2.37557699
1.88638008
2.29408348
2.29703187
2.47440703
1.85701411
2.16411844
2.28335134
1.90230138
2.63385597
2.38772435
2.09194184
1.45674065
1.73990405
2.20374480
2.90876388
2.99249816
3.79092224
-117935.60964750
-117935.60964750
-117935.60964750
-117935.60964750
-117935.60964750
-117935.60964750
-117935.60964750
-117935.60964750
-117935.60964750
-117935.60964750
-117935.60964750
-117935.60964750
-117935.60964750
-117935.60964750
-117935.60964750
-117935.60964750
-117935.60964750
-117935.60964750
-117935.60964750
-117935.60964750
-117935.60964750
-117935.60964750
-117935.60964750
-117935.60964750
-117935.60964750
-117935.60964750
-117935.60964750
-117935.60964750
-117935.60964750
-117935.60964750
-117935.60964750
-117935.60964750
-117935.60964750
-117935.60964750
-117935.60964750
-117935.60964750
-117935.60964750
-117935.60964750
-117935.60964750
-117935.60964750
-117935.60964750
-117935.60964750
-117935.60964750
-117935.60964750
-117935.60964750
-117935.60964750
-117935.60964750
-117935.60964750
-117935.60964750
-117935.60964750
-117935.60964750
-117935.60964750
-117935.60964750
-117935.60964750
-117935.60964750
-117935.60964750
-117935.60964750
-117935.60964750
-117935.60964750
-117935.60964750
-117935.60964750
-117935.60964750
-117935.60964750
-117935.60964750
-117935.60964750
-117935.60964750
-117935.60964750
-117935.60964750
-117935.60964750
-117935.60964750
-117935.60964750
-117935.60964750
-117935.60964750
-117935.60964750
-117935.60964750
-117935.60964750
-117935.60964750
-117935.60964750
-117935.60964750
-117935.60964750
-117935.60964750
-117935.60964750
-117935.60964750
-117935.60964750
-117935.60964750
-117935.60964750
-117935.60964750
-117935.60964750
-117935.60964750
-117935.60964750
0.00365600
0.01627511
0.05637322
0.08255493
0.06227000
0.03396546
-0.08338048
0.07878099
0.01910557
0.11451548
0.02370506
0.10342953
0.04552315
0.04410792
0.01828002
0.05106612
0.03266816
-0.12512968
0.09128216
0.05708084
0.06533633
0.08503157
-0.10519856
0.02299744
0.03278610
-0.09434849
0.11628451
0.05425038
-0.06297762
0.09352294
0.06816678
-0.08691854
-0.04835360
0.08538538
0.00271252
0.04540521
-0.00530710
0.06026510
0.09611752
0.06911027
0.00872724
0.08432396
-0.14234828
0.04894328
0.07854512
0.05295309
0.02724313
-0.05083025
0.08727235
-0.12866775
0.10637792
-0.11026980
-0.04245682
0.08797996
0.03667797
0.07996034
0.09069248
0.02158222
0.04587695
0.05083025
0.12972917
0.10814695
0.09104629
0.05814226
0.09151803
0.05613735
0.10484476
0.11581277
0.06781298
0.11675625
0.07040756
0.13480040
0.04351824
0.08668267
-0.11486928
0.06804885
0.09930178
0.14152273
0.11345406
0.09446642
-0.08149351
0.13562595
0.11652038
0.19211711
0.09977353
0.17478057
0.12949330
0.14848093
0.12571936
0.14659396
0.14187654
-0.09140010
0.18397955
0.15767991
0.18185671
0.18881491
-0.02111047
0.12666284
0.14836300
-0.05024057
0.22690811
0.17926213
-0.01085008
0.21711946
0.19530137
0.01957731
0.09658926
0.21063300
0.15308042
0.21193029
0.14541461
0.20803842
0.24058864
0.24707510
0.18386162
0.27620520
0.03667797
0.21251997
0.23422012
0.24058864
0.24188594
0.15756197
0.27396442
0.04257476
0.27478997
0.05189167
0.14317383
0.28587592
0.21016126
0.20273131
0.25250014
0.21393520
0.26370402
0.22266243
0.22714398
0.20638732
0.25226427
0.23091792
0.28163024
0.23716851
0.23197934
0.29991026
0.28139436
0.26594480
0.24294736
0.29106508
0.24990556
0.29377760
0.22171895
0.19423995
0.27585139
0.27478997
0.27997914
0.18598446
0.20579764
0.26806764
0.19223504
0.32904035
0.23634296
0.26452957
0.14211241
0.17513438
0.22643637
0.29531077
0.28752702
0.26169912
0.30969891
-117935.60964750
-117935.60964750
-117935.60964750
-117935.60964750
-117935.60964750
-117935.60964750
-117935.60964750
-117935.60964750
-117935.60964750
-117935.60964750
-117935.60964750
-117935.60964750
-117935.60964750
-117935.60964750
-117935.60964750
-117935.60964750
-117935.60964750
-117935.60964750
-117935.60964750
-117935.60964750
-117935.60964750
-117935.60964750
-117935.60964750
-117935.60964750
-117935.60964750
-117935.60964750
-117935.60964750
-117935.60964750
-117935.60964750
-117935.60964750
-117935.60964750
-117935.60964750
-117935.60964750
-117935.60964750
-117935.60964750
-117935.60964750
-117935.60964750
-117935.60964750
-117935.60964750
-117935.60964750
-117935.60964750
-117935.60964750
-117935.60964750
-117935.60964750
-117935.60964750
-117935.60964750
-117935.60964750
-117935.60964750
-117935.60964750
-117935.60964750
-117935.60964750
-117935.60964750
-117935.60964750
-117935.60964750
-117935.60964750
-117935.60964750
-117935.60964750
-117935.60964750
-117935.60964750
-117935.60964750
-117935.60964750
-117935.60964750
-117935.60964750
-117935.60964750
-117935.60964750
-117935.60964750
-117935.60964750
-117935.60964750
-117935.60964750
-117935.60964750
-117935.60964750
-117935.60964750
-117935.60964750
-117935.60964750
-117935.60964750
-117935.60964750
-117935.60964750
-117935.60964750
-117935.60964750
-117935.60964750
-117935.60964750
-117935.60964750
-117935.60964750
-117935.60964750
-117935.60964750
-117935.60964750
-117935.60964750
-117935.60964750
-117935.60964750
-0.00070761
-0.10283985
-0.06168032
-0.04882534
-0.08644680
-0.10449095
-0.26559099
-0.06274174
-0.08373428
-0.03915462
-0.14812713
-0.01828002
-0.07312008
-0.08644680
-0.14340970
-0.09375881
-0.11663832
-0.32302563
-0.04705631
-0.09257945
-0.08397015
-0.03431926
-0.24955175
-0.11003392
-0.06403904
-0.28221991
-0.00283045
-0.10968012
-0.26971874
-0.04906121
-0.10390127
-0.28752702
-0.19860357
-0.02264364
-0.13409279
-0.12949330
-0.19954705
-0.09941972
-0.04387205
-0.08668267
-0.13833847
-0.08078589
-0.34472579
-0.10036320
-0.09246152
-0.10897250
-0.15921307
-0.23221522
-0.05554767
-0.30863749
-0.03679591
-0.28446069
-0.19683453
-0.05814226
-0.10661379
-0.07158692
-0.08019621
-0.14199447
-0.07842718
-0.09116423
-0.00047174
-0.05495799
-0.08750822
-0.13161614
-0.06368523
-0.10260398
-0.03714972
-0.06344936
-0.11935084
-0.09375881
-0.13503627
-0.06038303
-0.13751292
-0.10519856
-0.33422952
-0.09493817
-0.06026510
-0.03620623
-0.06403904
-0.07889892
-0.27231332
-0.04233888
-0.06627981
-0.00518917
-0.10425508
-0.00117936
-0.04623076
-0.07606847
-0.12170955
-0.07547879
-0.09198978
-0.30486355
-0.03714972
-0.07996034
-0.08137557
-0.01309085
-0.21487868
-0.07748370
-0.04186714
-0.25391537
0.02948390
-0.08314460
-0.22832334
-0.01910557
-0.06899233
-0.24117832
-0.15874133
-0.00660439
-0.09635339
-0.08939519
-0.14930648
-0.08137557
-0.03891875
-0.07253040
-0.11758180
-0.04422585
-0.22891302
-0.06474665
-0.07099724
-0.06498252
-0.10732140
-0.17725722
-0.01745447
-0.20756667
-0.02747900
-0.23197934
-0.15638262
-0.04540521
-0.09352294
-0.08538538
-0.09198978
-0.13928195
-0.07076137
-0.09871211
-0.03479100
-0.08762616
-0.09305120
-0.14399938
-0.06026510
-0.09989146
-0.05932161
-0.05767051
-0.09010281
-0.11357199
-0.16027449
-0.10791108
-0.14164067
-0.12819601
-0.26158118
-0.13067266
-0.09965559
-0.09116423
-0.11333612
-0.11958671
-0.21877056
-0.09529197
-0.13515421
-0.07264834
-0.14494286
-0.04670250
-0.09140010
-0.12701665
-0.16864792
-0.13621563
-0.14812713
-0.27490791
-0.10248604
-0.15119345
-117935.60964750
-117935.60964750
-117935.60964750
-117935.60964750
-117935.60964750
-117935.60964750
-117935.60964750
-117935.60964750
-117935.60964750
-117935.60964750
-117935.60964750
-117935.60964750
-117935.60964750
-117935.60964750
-117935.60964750
-117935.60964750
-117935.60964750
-117935.60964750
-117935.60964750
-117935.60964750
-117935.60964750
-117935.60964750
-117935.60964750
-117935.60964750
-117935.60964750
-117935.60964750
-117935.60964750
-117935.60964750
-117935.60964750
-117935.60964750
-117935.60964750
-117935.60964750
-117935.60964750
-117935.60964750
-117935.60964750
-117935.60964750
-117935.60964750
-117935.60964750
-117935.60964750
-117935.60964750
-117935.60964750
-117935.60964750
-117935.60964750
-117935.60964750
-117935.60964750
-117935.60964750
-117935.60964750
-117935.60964750
-117935.60964750
-117935.60964750
-117935.60964750
-117935.60964750
-117935.60964750
-117935.60964750
-117935.60964750
-117935.60964750
-117935.60964750
-117935.60964750
-117935.60964750
-117935.60964750
-117935.60964750
-117935.60964750
-117935.60964750
-117935.60964750
-117935.60964750
-117935.60964750
-117935.60964750
-117935.60964750
-117935.60964750
-117935.60964750
-117935.60964750
-117935.60964750
-117935.60964750
-117935.60964750
-117935.60964750
-117935.60964750
-117935.60964750
-117935.60964750
-117935.60964750
-117935.60964750
-117935.60964750
-117935.60964750
-117935.60964750
-117935.60964750
-117935.60964750
-117935.60964750
-117935.60964750
-117935.60964750
0.00200491
-0.06569013
-0.02004905
0.01085008
-0.02535616
-0.05802432
-0.25108491
0.00448155
-0.03514481
0.04575902
-0.08326254
0.04587695
-0.02948390
-0.04870741
-0.09529197
-0.03243229
-0.05318896
-0.29507490
0.01568544
-0.03880082
-0.03243229
0.02747900
-0.22042165
-0.05625529
-0.00908104
-0.26087357
0.07182279
-0.04457966
-0.24931588
0.02983771
-0.01875176
-0.23834787
-0.14541461
0.04705631
-0.05708084
-0.03679591
-0.12937536
-0.04599489
0.03137087
-0.01450608
-0.08373428
0.01662892
-0.30521736
-0.03137087
-0.01651099
-0.03502688
-0.08361635
-0.17513438
0.03219642
-0.26606274
0.04705631
-0.27195952
-0.16711476
0.01556750
-0.05083025
-0.00648646
-0.00448155
-0.08691854
-0.02016699
-0.02618171
0.07712989
0.02122841
-0.00271252
-0.06686949
0.03125294
-0.01261911
0.05153786
0.05153786
-0.01910557
0.00707614
-0.05684496
0.03538068
-0.07087930
-0.00766581
-0.26747796
-0.02370506
0.01886970
0.05637322
0.02146428
-0.00389188
-0.23138967
0.04493347
0.01143975
0.10531650
-0.01073214
0.10366540
0.03656004
0.01910557
-0.02429474
0.04269269
0.03797527
-0.20379273
0.09953765
0.04587695
0.04493347
0.10661379
-0.19848563
0.02559203
0.06144445
-0.19129156
0.14836300
0.03420133
-0.20579764
0.10366540
0.05554767
-0.19365027
-0.07937067
0.11451548
0.02653551
0.07017169
-0.00459949
0.06415697
0.11392580
0.07677608
0.00684027
0.12666284
-0.14954235
0.08514951
0.09116423
0.08491364
0.05094818
-0.04163127
0.15555707
-0.10048114
0.16168972
-0.12807807
-0.03490894
0.14470699
0.06769504
0.07241246
0.09894798
0.02913010
0.10378334
0.07524292
0.13975370
0.09446642
0.10036320
0.03644210
0.12666284
0.07712989
0.11463341
0.16133591
0.12630904
0.10649586
0.04316443
0.11357199
0.03974430
0.10991599
-0.06227000
0.05094818
0.11215676
0.12076606
0.10555237
0.04835360
-0.04269269
0.11427961
0.04729218
0.16723269
0.05802432
0.14399938
0.05425038
0.04481553
0.02936597
0.11357199
0.10625998
0.01816208
0.18480510
0.13102646
0.12595523
-117935.60964750
-117935.60964750
-117935.60964750
-117935.60964750
-117935.60964750
-117935.60964750
-117935.60964750
-117935.60964750
-117935.60964750
-117935.60964750
-117935.60964750
-117935.60964750
-117935.60964750
-117935.60964750
-117935.60964750
-117935.60964750
-117935.60964750
-117935.60964750
-117935.60964750
-117935.60964750
-117935.60964750
-117935.60964750
-117935.60964750
-117935.60964750
-117935.60964750
-117935.60964750
-117935.60964750
-117935.60964750
-117935.60964750
-117935.60964750
-117935.60964750
-117935.60964750
-117935.60964750
-117935.60964750
-117935.60964750
-117935.60964750
-117935.60964750
-117935.60964750
-117935.60964750
-117935.60964750
-117935.60964750
-117935.60964750
-117935.60964750
-117935.60964750
-117935.60964750
-117935.60964750
-117935.60964750
-117935.60964750
-117935.60964750
-117935.60964750
-117935.60964750
-117935.60964750
-117935.60964750
-117935.60964750
-117935.60964750
-117935.60964750
-117935.60964750
-117935.60964750
-117935.60964750
-117935.60964750
-117935.60964750
-117935.60964750
-117935.60964750
-117935.60964750
-117935.60964750
-117935.60964750
-117935.60964750
-117935.60964750
-117935.60964750
-117935.60964750
-117935.60964750
-117935.60964750
-117935.60964750
-117935.60964750
-117935.60964750
-117935.60964750
-117935.60964750
-117935.60964750
-117935.60964750
-117935.60964750
-117935.60964750
-117935.60964750
-117935.60964750
-117935.60964750
-117935.60964750
-117935.60964750
-117935.60964750
-0.00023587
-0.09824036
-0.05802432
-0.03113500
-0.05566561
-0.07477118
-0.27821010
-0.04623076
-0.09717894
-0.00860930
-0.10378334
0.01061420
-0.04045191
-0.08455983
-0.15072171
-0.09234358
-0.10354747
-0.29023954
-0.03054532
-0.09316913
-0.10720347
-0.03019152
-0.27101603
-0.09069248
-0.02877629
-0.25061317
0.00919898
-0.11345406
-0.29837709
-0.02629964
-0.06946407
-0.27372855
-0.19801389
-0.00165110
-0.09741481
-0.06651568
-0.12347858
-0.06002923
-0.01568544
-0.08915932
-0.16298701
-0.04799979
-0.30132548
-0.05425038
-0.05979335
-0.08656474
-0.14494286
-0.21782707
-0.01403434
-0.23988103
-0.00542504
-0.30250484
-0.21936023
-0.04882534
-0.09269739
-0.04941502
-0.06863852
-0.15083964
-0.09505610
-0.09222565
0.01886970
-0.02747900
-0.06828472
-0.13692324
-0.04658457
-0.08290873
-0.02217189
-0.00495330
-0.03089913
-0.04045191
-0.12194542
-0.05696290
-0.14848093
-0.07642228
-0.29920264
-0.08231906
-0.05873193
-0.03337578
-0.05908574
-0.06262381
-0.22006785
-0.02971977
-0.06816678
-0.00283045
-0.10920837
0.01780828
-0.01910557
-0.04481553
-0.11345406
-0.06321349
-0.07807337
-0.26252467
0.01356260
-0.03384752
-0.04174921
0.00919898
-0.30875543
-0.06462871
-0.02382299
-0.22561082
0.04788186
-0.06934614
-0.27349268
-0.00188697
-0.04375411
-0.23433806
-0.15567500
0.02134635
-0.09411262
-0.05778845
-0.10166050
-0.00943485
0.02040286
-0.03255023
-0.10956218
-0.02028492
-0.27478997
-0.02287951
-0.01309085
-0.03113500
-0.09010281
-0.19294266
0.02736106
-0.19081982
0.04304650
-0.16239733
-0.11817148
0.00754788
-0.05000470
-0.02358712
-0.02205396
-0.08963106
-0.05047644
-0.06887440
0.01945938
-0.00919898
-0.02228983
-0.05884987
-0.00507123
-0.05790638
-0.00648646
0.01273705
-0.01155769
-0.00224078
-0.06356729
-0.01851589
-0.10236811
-0.03844701
-0.22124720
-0.04328237
-0.01344466
-0.00837343
-0.04151333
-0.06840265
-0.19435788
-0.01096801
-0.04858947
0.01391640
-0.09281532
0.01297292
-0.02759693
-0.03738559
-0.08161144
-0.04623076
-0.07099724
-0.24624955
0.01521369
-0.00613265
0.01037833
0.02453061
-117935.60964750
-117935.60964750
-117935.60964750
-117935.60964750
-117935.60964750
-117935.60964750
-117935.60964750
-117935.60964750
-117935.60964750
-117935.60964750
-117935.60964750
-117935.60964750
-117935.60964750
-117935.60964750
-117935.60964750
-117935.60964750
-117935.60964750
-117935.60964750
-117935.60964750
-117935.60964750
-117935.60964750
-117935.60964750
-117935.60964750
-117935.60964750
-117935.60964750
-117935.60964750
-117935.60964750
-117935.60964750
-117935.60964750
-117935.60964750
-117935.60964750
-117935.60964750
-117935.60964750
-117935.60964750
-117935.60964750
-117935.60964750
-117935.60964750
-117935.60964750
-117935.60964750
-117935.60964750
-117935.60964750
-117935.60964750
-117935.60964750
-117935.60964750
-117935.60964750
-117935.60964750
-117935.60964750
-117935.60964750
-117935.60964750
-117935.60964750
-117935.60964750
-117935.60964750
-117935.60964750
-117935.60964750
-117935.60964750
-117935.60964750
-117935.60964750
-117935.60964750
-117935.60964750
-117935.60964750
-117935.60964750
-117935.60964750
-117935.60964750
-117935.60964750
-117935.60964750
-117935.60964750
-117935.60964750
-117935.60964750
-117935.60964750
-117935.60964750
-117935.60964750
-117935.60964750
-117935.60964750
-117935.60964750
-117935.60964750
-117935.60964750
-117935.60964750
-117935.60964750
-117935.60964750
-117935.60964750
-117935.60964750
-117935.60964750
-117935.60964750
-117935.60964750
-117935.60964750
-117935.60964750
0.04776392
0.38270105
0.52434172
0.65194805
0.65407089
0.48601265
0.14977822
0.66857697
0.39932997
0.82059597
0.58248398
0.62553047
0.42456819
0.52245475
0.61538801
0.68520589
0.61833640
0.08208318
0.60949123
0.66716174
0.68662112
0.67317646
0.15791578
0.52917708
0.35911393
0.20792048
0.69275377
0.69475868
0.33116319
0.66515684
0.68131402
0.14211241
0.30356626
0.63508326
0.59852322
0.86423215
0.73403123
0.85302826
0.78780987
0.87968171
0.64793824
0.85066955
0.05094818
0.54203206
0.71575121
0.79075826
0.81552474
0.59026773
0.81410951
0.27172364
0.80550021
0.40157075
0.51301990
0.80691544
0.63461152
0.56090176
0.74865525
0.56432189
0.56090176
0.56797790
0.63119138
0.63355010
0.73072904
0.60618903
0.73591820
0.66209051
0.60571729
0.83286128
0.77872883
0.95339147
0.92237440
1.00139126
0.75160364
0.84618800
0.29283412
0.51561449
0.65489644
0.84819290
0.83498412
0.63956481
0.42008664
0.77990819
0.74110737
0.94454630
0.75490584
0.79972137
0.60630697
0.70690604
0.76316133
0.90232535
0.97320465
0.44025363
1.02120444
1.03299800
1.17027505
1.00209888
0.69652771
0.90892974
0.86258105
0.21310965
1.05068835
1.09585768
0.40510882
1.10694363
1.09361691
0.37810156
0.59875909
1.03936653
0.98476234
1.32948813
1.05281119
1.18277623
1.28868241
1.46900595
1.30696243
1.58316762
0.76151023
1.18997030
1.30165532
1.25224030
1.39069671
1.19775405
1.40732563
0.45452384
1.50167412
0.62517667
1.05174977
1.66643016
1.45921730
1.44081934
1.64461208
1.41275067
1.42761055
1.49389037
1.41970887
1.51134484
1.67150140
1.60109384
1.71042015
1.65947196
1.56984090
1.84121074
1.62939838
1.72976159
1.72421861
1.96256648
1.68376670
2.09147010
1.63010600
1.46405266
1.77964835
1.88024742
2.04323444
1.52125143
1.52938899
1.89239479
1.54448474
2.18770556
1.89192305
1.70027768
1.24811256
1.44648025
1.73719153
2.03462514
2.06198620
2.10408921
2.18074736
2.14784332
2.23287490
1.95419305
2.50082460
-117935.60964750
-117935.60964750
-117935.60964750
-117935.60964750
-117935.60964750
-117935.60964750
-117935.60964750
-117935.60964750
-117935.60964750
-117935.60964750
-117935.60964750
-117935.60964750
-117935.60964750
-117935.60964750
-117935.60964750
-117935.60964750
-117935.60964750
-117935.60964750
-117935.60964750
-117935.60964750
-117935.60964750
-117935.60964750
-117935.60964750
-117935.60964750
-117935.60964750
-117935.60964750
-117935.60964750
-117935.60964750
-117935.60964750
-117935.60964750
-117935.60964750
-117935.60964750
-117935.60964750
-117935.60964750
-117935.60964750
-117935.60964750
-117935.60964750
-117935.60964750
-117935.60964750
-117935.60964750
-117935.60964750
-117935.60964750
-117935.60964750
-117935.60964750
-117935.60964750
-117935.60964750
-117935.60964750
-117935.60964750
-117935.60964750
-117935.60964750
-117935.60964750
-117935.60964750
-117935.60964750
-117935.60964750
-117935.60964750
-117935.60964750
-117935.60964750
-117935.60964750
-117935.60964750
-117935.60964750
-117935.60964750
-117935.60964750
-117935.60964750
-117935.60964750
-117935.60964750
-117935.60964750
-117935.60964750
-117935.60964750
-117935.60964750
-117935.60964750
-117935.60964750
-117935.60964750
-117935.60964750
-117935.60964750
-117935.60964750
-117935.60964750
-117935.60964750
-117935.60964750
-117935.60964750
-117935.60964750
-117935.60964750
-117935.60964750
-117935.60964750
-117935.60964750
-117935.60964750
-0.00259458
-0.08562125
-0.06875646
-0.07205866
-0.10897250
-0.10413714
-0.22690811
-0.08125764
-0.09588165
-0.07241246
-0.15119345
-0.03490894
-0.05071231
-0.07253040
-0.15142932
-0.12996504
-0.14765538
-0.28398895
-0.05153786
-0.10130669
-0.09529197
-0.06262381
-0.26618067
-0.11463341
-0.05943955
-0.18315400
-0.03160674
-0.11876116
-0.24613162
-0.06863852
-0.11593070
-0.24200387
-0.17867245
-0.04351824
-0.14954235
-0.14682983
-0.18067735
-0.08986693
-0.05542974
-0.11522309
-0.16959141
-0.11227470
-0.29342380
-0.08113970
-0.07913479
-0.11628451
-0.17253980
-0.25202840
-0.07996034
-0.26889319
-0.05672703
-0.22278037
-0.17843658
-0.08856964
-0.12796014
-0.08066796
-0.09883004
-0.14152273
-0.09281532
-0.11168502
-0.02453061
-0.06627981
-0.10378334
-0.12406826
-0.08703648
-0.12560142
-0.06887440
-0.08055002
-0.08585712
-0.07830924
-0.13303137
-0.09411262
-0.16558160
-0.13409279
-0.30250484
-0.09281532
-0.06415697
-0.06592601
-0.10213224
-0.10319366
-0.24330116
-0.06722330
-0.08137557
-0.04705631
-0.13149820
-0.03231436
-0.05507593
-0.06793091
-0.11687419
-0.10661379
-0.13774879
-0.31877995
-0.07477118
-0.10496269
-0.09564578
-0.05330690
-0.23150760
-0.11994052
-0.09175390
-0.23516361
-0.01981318
-0.10578824
-0.18103116
-0.06686949
-0.11734593
-0.23398425
-0.16168972
-0.05212754
-0.13975370
-0.15685436
-0.19247091
-0.11628451
-0.08361635
-0.12241716
-0.15543913
-0.12843188
-0.29790535
-0.12147368
-0.11463341
-0.10590618
-0.14800919
-0.21393520
-0.08609300
-0.24990556
-0.08786203
-0.18834317
-0.14093305
-0.10177843
-0.14423525
-0.12807807
-0.14765538
-0.17324741
-0.12454000
-0.15756197
-0.09269739
-0.14482493
-0.15555707
-0.17678548
-0.12701665
-0.16522779
-0.12324271
-0.14376351
-0.16416637
-0.15968482
-0.18504097
-0.15378803
-0.17843658
-0.21240203
-0.35133018
-0.17902626
-0.15956688
-0.15225487
-0.18916872
-0.17029902
-0.29259825
-0.17301154
-0.17761103
-0.15709023
-0.20862809
-0.11534103
-0.13350311
-0.16121798
-0.20249544
-0.19695247
-0.21181235
-0.35958567
-0.18975840
-0.22018578
-0.22242656
-0.15131139
-0.27526171
-0.21075093
-117935.60964750
-117935.60964750
-117935.60964750
-117935.60964750
-117935.60964750
-117935.60964750
-117935.60964750
-117935.60964750
-117935.60964750
-117935.60964750
-117935.60964750
-117935.60964750
-117935.60964750
-117935.60964750
-117935.60964750
-117935.60964750
-117935.60964750
-117935.60964750
-117935.60964750
-117935.60964750
-117935.60964750
-117935.60964750
-117935.60964750
-117935.60964750
-117935.60964750
-117935.60964750
-117935.60964750
-117935.60964750
-117935.60964750
-117935.60964750
-117935.60964750
-117935.60964750
-117935.60964750
-117935.60964750
-117935.60964750
-117935.60964750
-117935.60964750
-117935.60964750
-117935.60964750
-117935.60964750
-117935.60964750
-117935.60964750
-117935.60964750
-117935.60964750
-117935.60964750
-117935.60964750
-117935.60964750
-117935.60964750
-117935.60964750
-117935.60964750
-117935.60964750
-117935.60964750
-117935.60964750
-117935.60964750
-117935.60964750
-117935.60964750
-117935.60964750
-117935.60964750
-117935.60964750
-117935.60964750
-117935.60964750
-117935.60964750
-117935.60964750
-117935.60964750
-117935.60964750
-117935.60964750
-117935.60964750
-117935.60964750
-117935.60964750
-117935.60964750
-117935.60964750
-117935.60964750
-117935.60964750
-117935.60964750
-117935.60964750
-117935.60964750
-117935.60964750
-117935.60964750
-117935.60964750
-117935.60964750
-117935.60964750
-117935.60964750
-117935.60964750
-117935.60964750
-0.00141523
0.00129729
0.04929708
0.04599489
0.01509576
0.00094348
-0.09293326
0.03148881
0.00790169
0.06592601
-0.01002453
0.07300214
0.02252570
0.01698273
-0.01721860
0.02205396
0.01403434
-0.09883004
0.08326254
0.03042739
0.04163127
0.06415697
-0.06061890
0.00636852
0.03148881
-0.07606847
0.09187184
0.01603924
-0.10130669
0.05684496
0.02004905
-0.09411262
-0.04210301
0.05366070
-0.01474195
-0.00106142
-0.04127746
0.02276157
0.04528727
0.00011794
-0.03620623
0.03042739
-0.13031885
0.03337578
0.03467307
0.01014246
-0.01297292
-0.06510046
0.05130199
-0.09493817
0.06793091
-0.11687419
-0.06238794
0.04658457
-0.00695820
0.02606377
0.02700725
-0.02311538
0.03526275
0.01603924
0.08880551
0.04115953
0.01580337
-0.01816208
0.03325784
-0.00023587
0.04316443
0.05141993
0.04127746
0.03797527
-0.02052080
0.04068779
-0.02665345
0.00459949
-0.15638262
0.00389188
0.05071231
0.06274174
0.03361165
0.02170015
-0.10602411
0.04528727
0.03113500
0.08479570
-0.00695820
0.09010281
0.03714972
0.03219642
-0.00448155
0.02971977
0.02405886
-0.10779315
0.08880551
0.02394093
0.03278610
0.06356729
-0.13786673
-0.00165110
0.04021604
-0.11604864
0.09517404
0.02842248
-0.09175390
0.07901686
0.04693837
-0.09352294
-0.02854042
0.08762616
0.01721860
0.04752805
0.00011794
0.07642228
0.09293326
0.05991129
0.01745447
0.08845171
-0.11380786
0.07146898
0.07524292
0.05684496
0.03349371
-0.02429474
0.11085947
-0.04469760
0.13055472
-0.05130199
-0.00023587
0.11463341
0.04988676
0.06510046
0.07866305
0.02099254
0.08656474
0.06934614
0.12949330
0.08479570
0.06639775
0.03644210
0.07842718
0.04033398
0.07913479
0.10166050
0.09257945
0.08585712
0.04009811
0.10366540
0.04693837
0.07394563
-0.04080572
0.05708084
0.11203883
0.11781767
0.09411262
0.05542974
-0.05000470
0.10437301
0.07205866
0.15190107
0.05613735
0.13774879
0.06993582
0.06604394
0.03974430
0.08786203
0.07901686
-0.06757710
0.14399938
0.08845171
0.09623546
0.11333612
-0.07984241
0.03384752
0.06580807
-117935.60964750
-117935.60964750
-117935.60964750
-117935.60964750
-117935.60964750
-117935.60964750
-117935.60964750
-117935.60964750
-117935.60964750
-117935.60964750
-117935.60964750
-117935.60964750
-117935.60964750
-117935.60964750
-117935.60964750
-117935.60964750
-117935.60964750
-117935.60964750
-117935.60964750
-117935.60964750
-117935.60964750
-117935.60964750
-117935.60964750
-117935.60964750
-117935.60964750
-117935.60964750
-117935.60964750
-117935.60964750
-117935.60964750
-117935.60964750
-117935.60964750
-117935.60964750
-117935.60964750
-117935.60964750
-117935.60964750
-117935.60964750
-117935.60964750
-117935.60964750
-117935.60964750
-117935.60964750
-117935.60964750
-117935.60964750
-117935.60964750
-117935.60964750
-117935.60964750
-117935.60964750
-117935.60964750
-117935.60964750
-117935.60964750
-117935.60964750
-117935.60964750
-117935.60964750
-117935.60964750
-117935.60964750
-117935.60964750
-117935.60964750
-117935.60964750
-117935.60964750
-117935.60964750
-117935.60964750
-117935.60964750
-117935.60964750
-117935.60964750
-117935.60964750
-117935.60964750
-117935.60964750
-117935.60964750
-117935.60964750
-117935.60964750
-117935.60964750
-117935.60964750
-117935.60964750
-117935.60964750
-117935.60964750
-117935.60964750
-117935.60964750
-117935.60964750
-117935.60964750
-117935.60964750
-117935.60964750
-117935.60964750
-117935.60964750
-117935.60964750
0.04068779
0.39213590
0.38659293
0.59911290
0.63744197
0.45358035
0.26287847
0.67329440
0.45417003
0.81705790
0.58531443
0.61562388
0.35463238
0.41183115
0.56361428
0.75466997
0.74323021
0.41360018
0.65984974
0.64923553
0.59651831
0.67824769
0.14718364
0.56302460
0.41973283
0.17914419
0.70478320
0.63826752
0.23764025
0.66232638
0.71527947
0.35592967
0.38093202
0.58649379
0.53047437
0.75950533
0.56785996
0.71209521
0.68756460
0.92614834
0.79665504
0.99313577
0.66173671
0.62246415
0.70325004
0.71421805
0.72695510
0.49922144
0.82625688
0.36843084
0.81021764
0.28280959
0.39555603
0.80231595
0.68532383
0.59781561
0.82779004
0.65065076
0.62034131
0.59545689
0.64593333
0.63744197
0.73462091
0.55936860
0.66055735
0.58979598
0.60760426
0.76540211
0.63697023
0.75384442
0.73686169
0.90055632
0.74181498
0.92473312
0.89265463
0.69416900
0.71669470
0.82130359
0.77236031
0.55559466
0.27691281
0.78191309
0.67836563
0.93711635
0.78155929
0.79712679
0.62293589
0.69181029
0.72058657
0.80951002
0.88192249
0.43600795
0.96388774
0.92544073
0.99749939
0.91234988
0.50028286
0.90480200
0.91128846
0.70596256
0.98051666
1.06130255
0.22867715
1.03229039
1.03688988
0.40369359
0.65855244
0.98700312
0.98523408
1.25341966
0.98794660
1.02085064
1.19445185
1.32819084
1.10564634
1.53056834
1.01625115
1.32005328
1.39399891
1.24351307
1.32512451
1.05587751
1.33562078
0.42952149
1.44742374
0.45676462
0.79146588
1.50674535
1.32701148
1.30436784
1.62975219
1.47242609
1.54059287
1.52585092
1.44730580
1.50179205
1.63411581
1.46181188
1.61795863
1.57927575
1.49719256
1.82882750
1.75240522
1.78755004
1.65062679
1.82929924
1.43492256
2.01351466
1.57255342
1.51264213
1.82717640
1.86786419
1.96079745
1.45037213
1.30366023
1.88873879
1.55297611
2.19737628
1.88638008
1.71761422
1.26721813
1.47914842
1.76266562
2.02318538
2.01469402
2.13699325
2.15008410
2.03651211
2.10007940
1.85017384
1.73660185
1.86798212
1.16343479
2.51014152
-117935.60964750
-117935.60964750
-117935.60964750
-117935.60964750
-117935.60964750
-117935.60964750
-117935.60964750
-117935.60964750
-117935.60964750
-117935.60964750
-117935.60964750
-117935.60964750
-117935.60964750
-117935.60964750
-117935.60964750
-117935.60964750
-117935.60964750
-117935.60964750
-117935.60964750
-117935.60964750
-117935.60964750
-117935.60964750
-117935.60964750
-117935.60964750
-117935.60964750
-117935.60964750
-117935.60964750
-117935.60964750
-117935.60964750
-117935.60964750
-117935.60964750
-117935.60964750
-117935.60964750
-117935.60964750
-117935.60964750
-117935.60964750
-117935.60964750
-117935.60964750
-117935.60964750
-117935.60964750
-117935.60964750
-117935.60964750
-117935.60964750
-117935.60964750
-117935.60964750
-117935.60964750
-117935.60964750
-117935.60964750
-117935.60964750
-117935.60964750
-117935.60964750
-117935.60964750
-117935.60964750
-117935.60964750
-117935.60964750
-117935.60964750
-117935.60964750
-117935.60964750
-117935.60964750
-117935.60964750
-117935.60964750
-117935.60964750
-117935.60964750
-117935.60964750
-117935.60964750
-117935.60964750
-117935.60964750
-117935.60964750
-117935.60964750
-117935.60964750
-117935.60964750
-117935.60964750
-117935.60964750
-117935.60964750
-117935.60964750
-117935.60964750
-117935.60964750
-117935.60964750
-117935.60964750
-117935.60964750
-117935.60964750
-117935.60964750
0.00436362
-0.08514951
-0.05425038
-0.01462402
-0.03255023
-0.06038303
-0.22561082
-0.03030945
-0.06533633
0.00058968
-0.08231906
0.00778375
-0.04269269
-0.05967542
-0.09529197
-0.04953296
-0.06427491
-0.24400878
-0.03113500
-0.06297762
-0.06427491
-0.01108595
-0.19164537
-0.06380316
-0.03703178
-0.24754684
0.01934144
-0.06144445
-0.17218599
-0.00353807
-0.03903669
-0.20332099
-0.15201900
0.00577884
-0.07736576
-0.05024057
-0.11227470
-0.03903669
-0.00400981
-0.02146428
-0.06875646
-0.00483536
-0.22950270
-0.04788186
-0.04139540
-0.04387205
-0.07878099
-0.13609769
0.00695820
-0.21794501
0.00577884
-0.23834787
-0.14671190
-0.01167563
-0.04646663
-0.02547409
-0.04033398
-0.10555237
-0.07264834
-0.06521839
0.01061420
-0.02429474
-0.04776392
-0.08986693
-0.02971977
-0.05236341
-0.00766581
-0.00625059
-0.05460419
-0.03656004
-0.06120858
0.00176903
-0.04929708
-0.02441267
-0.18492304
-0.04847154
-0.03939049
-0.00554297
-0.01863383
-0.03396546
-0.17702135
-0.00825549
-0.04222095
0.02287951
-0.04717424
0.02854042
-0.00377394
-0.02205396
-0.06061890
-0.01934144
-0.02264364
-0.18928665
0.01934144
-0.00271252
-0.00967072
0.03915462
-0.13480040
-0.00011794
0.02370506
-0.15697230
0.07547879
-0.01886970
-0.20461828
0.03361165
0.00377394
-0.14494286
-0.09022074
0.03573449
-0.04245682
-0.01521369
-0.06132652
-0.01214737
0.02217189
-0.00106142
-0.04611282
0.02665345
-0.11805355
0.00967072
0.00660439
0.00330220
-0.02712519
-0.08432396
0.04906121
-0.11593070
0.04823566
-0.16192559
-0.09352294
0.03762146
0.00849136
0.01391640
0.02523822
-0.01627511
0.00448155
-0.02264364
0.02193602
0.00035381
0.01132182
-0.03361165
0.02441267
-0.00860930
0.01851589
0.03986224
0.01427021
-0.00377394
-0.04233888
-0.00271252
-0.04056985
0.01143975
-0.07712989
-0.01710066
0.00342013
0.00566091
-0.00023587
-0.02889422
-0.05955748
0.01462402
-0.03361165
0.02724313
-0.04469760
0.02075667
-0.02712519
-0.03502688
-0.04776392
-0.01485989
-0.02629964
-0.06427491
0.02264364
-0.00459949
-0.01403434
0.01651099
-0.07559673
-0.00342013
-0.01780828
0.02346919
0.04682044
-117935.60964750
-117935.60964750
-117935.60964750
-117935.60964750
-117935.60964750
-117935.60964750
-117935.60964750
-117935.60964750
-117935.60964750
-117935.60964750
-117935.60964750
-117935.60964750
-117935.60964750
-117935.60964750
-117935.60964750
-117935.60964750
-117935.60964750
-117935.60964750
-117935.60964750
-117935.60964750
-117935.60964750
-117935.60964750
-117935.60964750
-117935.60964750
-117935.60964750
-117935.60964750
-117935.60964750
-117935.60964750
-117935.60964750
-117935.60964750
-117935.60964750
-117935.60964750
-117935.60964750
-117935.60964750
-117935.60964750
-117935.60964750
-117935.60964750
-117935.60964750
-117935.60964750
-117935.60964750
-117935.60964750
-117935.60964750
-117935.60964750
-117935.60964750
-117935.60964750
-117935.60964750
-117935.60964750
-117935.60964750
-117935.60964750
-117935.60964750
-117935.60964750
-117935.60964750
-117935.60964750
-117935.60964750
-117935.60964750
-117935.60964750
-117935.60964750
-117935.60964750
-117935.60964750
-117935.60964750
-117935.60964750
-117935.60964750
-117935.60964750
-117935.60964750
-117935.60964750
-117935.60964750
-117935.60964750
-117935.60964750
-117935.60964750
-117935.60964750
-117935.60964750
-117935.60964750
-117935.60964750
-117935.60964750
-117935.60964750
-117935.60964750
-117935.60964750
-117935.60964750
-117935.60964750
-117935.60964750
-117935.60964750
0.00035381
-0.14836300
-0.08680061
-0.05448625
-0.08585712
-0.09434849
-0.30698639
-0.08397015
-0.11133122
-0.04292856
-0.14848093
-0.00908104
-0.06368523
-0.09458436
-0.16522779
-0.12041226
-0.13597976
-0.35026876
-0.06250587
-0.13244169
-0.12678078
-0.05071231
-0.23669677
-0.11970464
-0.05236341
-0.31323698
-0.00035381
-0.12430413
-0.24742891
-0.02924803
-0.09069248
-0.29507490
-0.22844128
-0.01757241
-0.14246622
-0.11593070
-0.18185671
-0.08538538
-0.04174921
-0.11545896
-0.16487398
-0.08479570
-0.38671086
-0.10885457
-0.11427961
-0.13138027
-0.18091323
-0.22596463
-0.05425038
-0.28269166
-0.04493347
-0.35852425
-0.24353703
-0.07606847
-0.12383239
-0.06215207
-0.11156709
-0.19081982
-0.12430413
-0.12277097
0.00070761
-0.06050097
-0.11451548
-0.16534572
-0.08043209
-0.11298231
-0.03856494
-0.04634869
-0.09576372
-0.09647133
-0.15862339
-0.07111517
-0.12913949
-0.12135574
-0.36819497
-0.12678078
-0.12076606
-0.07948860
-0.10319366
-0.08644680
-0.25580234
-0.07229453
-0.09010281
-0.03998017
-0.14482493
-0.00684027
-0.03939049
-0.07288421
-0.14741951
-0.09552784
-0.10401921
-0.29035747
-0.02170015
-0.08290873
-0.09552784
-0.01828002
-0.27891772
-0.09316913
-0.02700725
-0.29000366
0.03030945
-0.12748839
-0.32856861
-0.03019152
-0.07323801
-0.21629391
-0.16216146
-0.01320879
-0.13881021
-0.11876116
-0.16251527
-0.06427491
-0.03927256
-0.09375881
-0.14010750
-0.06816678
-0.25745344
-0.07571466
-0.08868758
-0.10095288
-0.16039243
-0.23374838
-0.02311538
-0.16876586
-0.01922350
-0.22242656
-0.17218599
-0.05047644
-0.09635339
-0.06592601
-0.08255493
-0.13597976
-0.09588165
-0.14258415
-0.04988676
-0.09941972
-0.10732140
-0.14883474
-0.08149351
-0.13763086
-0.07807337
-0.07111517
-0.08856964
-0.12430413
-0.18704588
-0.13279550
-0.16357669
-0.14010750
-0.21086887
-0.11793561
-0.11109534
-0.12418620
-0.16416637
-0.16074624
-0.21888849
-0.12253510
-0.14859887
-0.11887909
-0.22018578
-0.08220112
-0.11817148
-0.14458906
-0.20461828
-0.17926213
-0.19860357
-0.32691751
-0.11015186
-0.15543913
-0.16404843
-0.10260398
-0.28835257
-0.16852999
-0.09352294
-0.23634296
-0.07559673
-0.21617597
-117935.60964750
-117935.60964750
-117935.60964750
-117935.60964750
-117935.60964750
-117935.60964750
-117935.60964750
-117935.60964750
-117935.60964750
-117935.60964750
-117935.60964750
-117935.60964750
-117935.60964750
-117935.60964750
-117935.60964750
-117935.60964750
-117935.60964750
-117935.60964750
-117935.60964750
-117935.60964750
-117935.60964750
-117935.60964750
-117935.60964750
-117935.60964750
-117935.60964750
-117935.60964750
-117935.60964750
-117935.60964750
-117935.60964750
-117935.60964750
-117935.60964750
-117935.60964750
-117935.60964750
-117935.60964750
-117935.60964750
-117935.60964750
-117935.60964750
-117935.60964750
-117935.60964750
-117935.60964750
-117935.60964750
-117935.60964750
-117935.60964750
-117935.60964750
-117935.60964750
-117935.60964750
-117935.60964750
-117935.60964750
-117935.60964750
-117935.60964750
-117935.60964750
-117935.60964750
-117935.60964750
-117935.60964750
-117935.60964750
-117935.60964750
-117935.60964750
-117935.60964750
-117935.60964750
-117935.60964750
-117935.60964750
-117935.60964750
-117935.60964750
-117935.60964750
-117935.60964750
-117935.60964750
-117935.60964750
-117935.60964750
-117935.60964750
-117935.60964750
-117935.60964750
-117935.60964750
-117935.60964750
-117935.60964750
-117935.60964750
-117935.60964750
-117935.60964750
-117935.60964750
-117935.60964750
-117935.60964750
0.02795074
0.60324064
0.59628244
0.65418883
0.58201223
0.36654387
-0.05484006
0.64381049
0.40062727
0.81269429
0.60194335
0.60831187
0.40062727
0.43742318
0.53106405
0.72966762
0.69428693
0.30038200
0.71976103
0.73379536
0.71999690
0.69405106
0.02240777
0.51809113
0.34625895
0.14270209
0.69876849
0.65171218
0.15083964
0.60548142
0.63331422
0.23752232
0.41442573
0.56361428
0.60253303
0.72094038
0.54014509
0.57670513
0.65124044
0.82047804
0.59380579
0.91470859
0.72294529
0.75797216
0.87402080
0.84276787
0.83746076
0.45841571
0.81269429
0.02228983
0.79512188
0.29719774
0.45417003
0.81375571
0.65536818
0.52752598
0.82283675
0.65572199
0.72872413
0.69688152
0.69322551
0.68025260
0.78745607
0.60831187
0.68461621
0.58024320
0.58672966
0.70749572
0.62836093
0.76127436
0.69381519
0.81281222
0.48907897
0.81918074
0.57352087
0.65477850
0.90904768
0.94136204
0.86458595
0.64168765
0.15555707
0.73756930
0.55984034
0.94973546
0.77495489
0.80667957
0.58849869
0.70513701
0.77283205
0.83050256
0.86493976
0.37102543
0.89017798
0.84724942
0.94407456
0.85692014
0.33092732
0.79276317
0.70230656
0.51467100
0.91942601
1.12628507
0.70608049
1.06259984
1.01129785
0.20402860
0.47563431
0.95633986
0.95126863
1.24575384
1.01860986
1.03004961
1.17935610
1.23997500
0.99219228
1.41416590
0.58755521
1.23525758
1.36758133
1.32276580
1.45296671
1.26509528
1.33090335
0.37208685
1.39848046
0.36288787
0.76693527
1.45815588
1.24127229
1.18713985
1.47384131
1.25271205
1.45721239
1.55863702
1.48280442
1.54861249
1.59472531
1.47714351
1.54259777
1.50910406
1.44494709
1.73424314
1.61159011
1.76018897
1.70452337
1.89298447
1.54778694
1.93048799
1.19232901
1.34434801
1.68742270
1.84569229
1.98485631
1.52703027
1.27523775
1.82434595
1.48551694
2.17378916
1.88567246
1.72586971
1.28113453
1.48504520
1.76349117
2.05620735
2.06127859
2.11364200
2.13133234
2.01033040
2.07814338
1.80960399
1.71902945
1.73070507
1.09585768
1.75157967
1.95383925
2.27474204
2.52629869
-117935.60964750
-117935.60964750
-117935.60964750
-117935.60964750
-117935.60964750
-117935.60964750
-117935.60964750
-117935.60964750
-117935.60964750
-117935.60964750
-117935.60964750
-117935.60964750
-117935.60964750
-117935.60964750
-117935.60964750
-117935.60964750
-117935.60964750
-117935.60964750
-117935.60964750
-117935.60964750
-117935.60964750
-117935.60964750
-117935.60964750
-117935.60964750
-117935.60964750
-117935.60964750
-117935.60964750
-117935.60964750
-117935.60964750
-117935.60964750
-117935.60964750
-117935.60964750
-117935.60964750
-117935.60964750
-117935.60964750
-117935.60964750
-117935.60964750
-117935.60964750
-117935.60964750
-117935.60964750
-117935.60964750
-117935.60964750
-117935.60964750
-117935.60964750
-117935.60964750
-117935.60964750
-117935.60964750
-117935.60964750
-117935.60964750
-117935.60964750
-117935.60964750
-117935.60964750
-117935.60964750
-117935.60964750
-117935.60964750
-117935.60964750
-117935.60964750
-117935.60964750
-117935.60964750
-117935.60964750
-117935.60964750
-117935.60964750
-117935.60964750
-117935.60964750
-117935.60964750
-117935.60964750
-117935.60964750
-117935.60964750
-117935.60964750
-117935.60964750
-117935.60964750
-117935.60964750
-117935.60964750
-117935.60964750
-117935.60964750
-117935.60964750
-117935.60964750
-117935.60964750
-117935.60964750
0.00094348
-0.08055002
-0.06533633
-0.03255023
-0.04882534
-0.05873193
-0.17100663
-0.02629964
-0.05790638
-0.00754788
-0.10248604
0.01155769
-0.03573449
-0.05613735
-0.10897250
-0.06439284
-0.07606847
-0.20851016
-0.00896311
-0.06580807
-0.07441737
-0.01828002
-0.22089340
-0.07158692
-0.01910557
-0.18421542
0.02063873
-0.07996034
-0.22926683
-0.00813756
-0.03750352
-0.15508533
-0.12241716
0.00530710
-0.09788656
-0.07465324
-0.12713459
-0.03986224
-0.00742994
-0.05377864
-0.10283985
-0.03573449
-0.24731097
-0.05342483
-0.05566561
-0.08385222
-0.13444659
-0.19883944
-0.01662892
-0.17961593
0.00224078
-0.21947817
-0.17147838
-0.03950843
-0.07925273
-0.03231436
-0.04646663
-0.10460889
-0.07724782
-0.09033868
0.00967072
-0.03196055
-0.06439284
-0.10142462
-0.04658457
-0.08208318
-0.01993112
-0.01886970
-0.04646663
-0.03974430
-0.09458436
-0.03255023
-0.09765068
-0.05354277
-0.18739968
-0.03585243
-0.03514481
-0.02358712
-0.05991129
-0.06722330
-0.21322758
-0.01733653
-0.02865835
0.00695820
-0.08833377
0.01780828
-0.01238324
-0.02582790
-0.08031415
-0.04304650
-0.05672703
-0.23469186
0.01780828
-0.01922350
-0.01556750
0.02299744
-0.20060847
-0.03750352
0.00554297
-0.15095758
0.05719877
-0.04151333
-0.25096698
0.00518917
-0.03219642
-0.17808277
-0.08526745
0.03325784
-0.04799979
-0.04222095
-0.09647133
-0.02335125
0.01733653
-0.01415227
-0.06828472
-0.00058968
-0.17843658
-0.00896311
-0.00436362
-0.02228983
-0.06722330
-0.15744404
0.02016699
-0.16770444
0.03479100
-0.12737046
-0.08573919
0.01509576
-0.03620623
-0.02464854
-0.00306633
-0.03538068
0.01356260
-0.03408339
0.02193602
-0.02405886
-0.01851589
-0.06179826
0.00353807
-0.04174921
-0.00483536
0.00483536
-0.00990659
-0.02016699
-0.07276627
-0.03184261
-0.09835830
-0.04788186
-0.17407296
-0.03750352
0.00766581
-0.00424568
-0.03939049
-0.06722330
-0.16628921
-0.01981318
-0.04257476
0.00695820
-0.07913479
0.00577884
-0.04505140
-0.06038303
-0.08491364
-0.04799979
-0.06285968
-0.16900173
-0.00259458
-0.04210301
-0.03420133
0.00023587
-0.14234828
-0.04929708
-0.04186714
-0.10142462
0.02795074
-0.03455513
-0.12159161
-0.01155769
-117935.60964750
-117935.60964750
-117935.60964750
-117935.60964750
-117935.60964750
-117935.60964750
-117935.60964750
-117935.60964750
-117935.60964750
-117935.60964750
-117935.60964750
-117935.60964750
-117935.60964750
-117935.60964750
-117935.60964750
-117935.60964750
-117935.60964750
-117935.60964750
-117935.60964750
-117935.60964750
-117935.60964750
-117935.60964750
-117935.60964750
-117935.60964750
-117935.60964750
-117935.60964750
-117935.60964750
-117935.60964750
-117935.60964750
-117935.60964750
-117935.60964750
-117935.60964750
-117935.60964750
-117935.60964750
-117935.60964750
-117935.60964750
-117935.60964750
-117935.60964750
-117935.60964750
-117935.60964750
-117935.60964750
-117935.60964750
-117935.60964750
-117935.60964750
-117935.60964750
-117935.60964750
-117935.60964750
-117935.60964750
-117935.60964750
-117935.60964750
-117935.60964750
-117935.60964750
-117935.60964750
-117935.60964750
-117935.60964750
-117935.60964750
-117935.60964750
-117935.60964750
-117935.60964750
-117935.60964750
-117935.60964750
-117935.60964750
-117935.60964750
-117935.60964750
-117935.60964750
-117935.60964750
-117935.60964750
-117935.60964750
-117935.60964750
-117935.60964750
-117935.60964750
-117935.60964750
-117935.60964750
-117935.60964750
-117935.60964750
-117935.60964750
-117935.60964750
-117935.60964750
0.00129729
-0.06852059
-0.04623076
-0.02170015
-0.05259928
-0.06946407
-0.22962063
-0.02181809
-0.05566561
0.00471742
-0.10472682
0.01674686
-0.03479100
-0.05460419
-0.10838283
-0.06203413
-0.08149351
-0.26783177
-0.00990659
-0.06227000
-0.06403904
-0.00860930
-0.26370402
-0.07795544
-0.02960184
-0.22018578
0.02948390
-0.07264834
-0.24424465
-0.00896311
-0.04811773
-0.21452487
-0.14388144
0.01143975
-0.08786203
-0.07241246
-0.13739499
-0.05153786
-0.00035381
-0.04434379
-0.10767521
-0.02594583
-0.27714868
-0.04398998
-0.03372958
-0.05767051
-0.11062360
-0.19707040
-0.00212284
-0.22938476
0.01580337
-0.22466734
-0.16369463
-0.02441267
-0.07701195
-0.03856494
-0.04021604
-0.10661379
-0.05932161
-0.06969995
0.03042739
-0.01780828
-0.04929708
-0.09635339
-0.02924803
-0.06804885
-0.00577884
-0.00636852
-0.04587695
-0.02264364
-0.08019621
-0.01273705
-0.10425508
-0.05200960
-0.25485885
-0.04021604
-0.01945938
0.00330220
-0.03891875
-0.05165580
-0.25981215
-0.01096801
-0.02629964
0.02971977
-0.07217659
0.03703178
0.00058968
-0.01568544
-0.06922820
-0.03019152
-0.04104159
-0.25993008
0.02641758
-0.01497782
-0.00436362
0.03891875
-0.21818088
-0.03054532
0.01427021
-0.20851016
0.08137557
-0.01226530
-0.21452487
0.04351824
-0.00271252
-0.21145855
-0.10307572
0.06262381
-0.01945938
0.00023587
-0.06545426
-0.00389188
0.05366070
0.01674686
-0.04375411
0.04387205
-0.19872150
0.01839796
0.02913010
0.02217189
-0.01391640
-0.10590618
0.07111517
-0.17879038
0.07960654
-0.14140480
-0.05991129
0.06875646
0.00684027
0.01651099
0.03160674
-0.01816208
0.04163127
0.01143975
0.06899233
0.02618171
0.03019152
-0.01568544
0.05531180
0.01037833
0.04599489
0.06946407
0.04233888
0.03479100
-0.01026040
0.04281063
-0.02193602
0.02783280
-0.12902156
-0.00224078
0.05507593
0.05790638
0.03620623
-0.00695820
-0.11310025
0.03632417
-0.01769034
0.07878099
-0.01627511
0.06427491
-0.00471742
-0.01922350
-0.03361165
0.01627511
0.00224078
-0.09458436
0.06061890
0.01745447
0.01839796
0.05212754
-0.07441737
-0.00554297
-0.01273705
-0.08455983
0.08279080
0.00801962
-0.06816678
0.04434379
0.00117936
-117935.60964750
-117935.60964750
-117935.60964750
-117935.60964750
-117935.60964750
-117935.60964750
-117935.60964750
-117935.60964750
-117935.60964750
-117935.60964750
-117935.60964750
-117935.60964750
-117935.60964750
-117935.60964750
-117935.60964750
-117935.60964750
-117935.60964750
-117935.60964750
-117935.60964750
-117935.60964750
-117935.60964750
-117935.60964750
-117935.60964750
-117935.60964750
-117935.60964750
-117935.60964750
-117935.60964750
-117935.60964750
-117935.60964750
-117935.60964750
-117935.60964750
-117935.60964750
-117935.60964750
-117935.60964750
-117935.60964750
-117935.60964750
-117935.60964750
-117935.60964750
-117935.60964750
-117935.60964750
-117935.60964750
-117935.60964750
-117935.60964750
-117935.60964750
-117935.60964750
-117935.60964750
-117935.60964750
-117935.60964750
-117935.60964750
-117935.60964750
-117935.60964750
-117935.60964750
-117935.60964750
-117935.60964750
-117935.60964750
-117935.60964750
-117935.60964750
-117935.60964750
-117935.60964750
-117935.60964750
-117935.60964750
-117935.60964750
-117935.60964750
-117935.60964750
-117935.60964750
-117935.60964750
-117935.60964750
-117935.60964750
-117935.60964750
-117935.60964750
-117935.60964750
-117935.60964750
-117935.60964750
-117935.60964750
-117935.60964750
-117935.60964750
-117935.60964750
0.02901216
0.47410115
0.66138290
0.74075356
0.74216879
0.59486722
0.15355216
0.59427754
0.27160571
0.78344625
0.54781091
0.60217922
0.38152170
0.45865159
0.55653814
0.71645883
0.69546629
0.17879038
0.66409542
0.72247354
0.71303870
0.72801652
0.36265200
0.57977146
0.42562962
0.03726765
0.73686169
0.61668530
0.14588635
0.64675888
0.66138290
0.18103116
0.27703075
0.54297555
0.52787979
0.72471432
0.61963369
0.64628714
0.65914212
0.73497472
0.52009604
0.82401610
0.34307469
0.65749102
0.78898923
0.87496429
0.92779944
0.79960343
0.85703808
0.31960550
0.79406046
-0.03691385
0.21334552
0.77931851
0.67058188
0.56727028
0.82248294
0.60571729
0.66480303
0.68555970
0.68225750
0.73273394
0.83274334
0.67282265
0.73084697
0.61715705
0.63378597
0.71327457
0.55323594
0.67848356
0.61385485
0.75478790
0.54568807
0.75301887
0.34507959
0.47752128
0.69546629
0.84276787
0.90951942
0.74334815
0.75525964
0.82920527
0.67718627
0.93369622
0.68579557
0.78014406
0.50924596
0.62364350
0.73379536
0.83899393
0.88593230
0.56750615
0.89973077
0.81705790
0.86034027
0.80101866
0.26700622
0.72518606
0.71280282
0.35038670
0.88239423
0.99289990
0.51797320
1.04903725
1.10576428
0.70419353
0.69357932
0.93074783
0.84984400
1.13972973
0.90763245
0.98546995
1.13855038
1.20931174
1.01342069
1.35472635
0.48624852
1.13112043
1.23690867
1.21178839
1.31769457
1.22676621
1.33196478
0.82531340
1.42926165
0.52740805
0.71292076
1.37524714
1.17711532
1.18997030
1.43386114
1.17970990
1.23490377
1.36769927
1.34588118
1.47643590
1.53422435
1.51948239
1.54271571
1.49070611
1.47289783
1.68447431
1.45025419
1.62373747
1.56300063
1.79273920
1.49837192
1.91350527
1.52761995
1.43834270
1.61878418
1.74084753
1.84592816
1.40826911
1.23643693
1.83861615
1.59083344
2.14230035
1.80724528
1.68848412
1.25742947
1.48563487
1.76172214
2.06870853
2.07047756
1.98450250
2.12897363
2.05632529
2.10279192
1.82870956
1.68046450
1.68400257
1.22311021
1.73601217
1.89734809
2.07885099
1.76030691
1.96374584
2.14112099
2.53030850
-117935.60964750
-117935.60964750
-117935.60964750
-117935.60964750
-117935.60964750
-117935.60964750
-117935.60964750
-117935.60964750
-117935.60964750
-117935.60964750
-117935.60964750
-117935.60964750
-117935.60964750
-117935.60964750
-117935.60964750
-117935.60964750
-117935.60964750
-117935.60964750
-117935.60964750
-117935.60964750
-117935.60964750
-117935.60964750
-117935.60964750
-117935.60964750
-117935.60964750
-117935.60964750
-117935.60964750
-117935.60964750
-117935.60964750
-117935.60964750
-117935.60964750
-117935.60964750
-117935.60964750
-117935.60964750
-117935.60964750
-117935.60964750
-117935.60964750
-117935.60964750
-117935.60964750
-117935.60964750
-117935.60964750
-117935.60964750
-117935.60964750
-117935.60964750
-117935.60964750
-117935.60964750
-117935.60964750
-117935.60964750
-117935.60964750
-117935.60964750
-117935.60964750
-117935.60964750
-117935.60964750
-117935.60964750
-117935.60964750
-117935.60964750
-117935.60964750
-117935.60964750
-117935.60964750
-117935.60964750
-117935.60964750
-117935.60964750
-117935.60964750
-117935.60964750
-117935.60964750
-117935.60964750
-117935.60964750
-117935.60964750
-117935.60964750
-117935.60964750
-117935.60964750
-117935.60964750
-117935.60964750
-117935.60964750
-117935.60964750
-117935.60964750
0.01615718
0.22643637
0.34614101
0.41135941
0.41878935
0.33953662
0.12406826
0.36854878
0.18103116
0.46785056
0.25804311
0.36536452
0.20131609
0.24212181
0.27986120
0.39508429
0.37833744
0.02830455
0.40546263
0.39909410
0.38777228
0.43329543
0.10897250
0.32762512
0.27231332
0.01427021
0.46513804
0.33859314
-0.05873193
0.38989513
0.38836196
0.06215207
0.13362105
0.34000836
0.26016595
0.38623912
0.29224444
0.36972814
0.39614571
0.41678444
0.27207745
0.46879405
0.04811773
0.35309922
0.42503994
0.46254346
0.46289727
0.36689768
0.50535409
0.21322758
0.49462195
-0.05153786
0.05554767
0.44214060
0.34944321
0.31205762
0.47752128
0.32373325
0.37880918
0.36890259
0.41843554
0.42232742
0.47433702
0.35828838
0.44155092
0.34897147
0.38435215
0.43565414
0.31972344
0.39520223
0.31123207
0.42433232
0.26110944
0.40734960
0.10838283
0.27113397
0.38104995
0.47233212
0.48011587
0.36866672
0.31630331
0.50134428
0.43423891
0.57010074
0.36854878
0.47964412
0.29519283
0.34661276
0.38447009
0.47716748
0.49603717
0.20626938
0.55335388
0.47339354
0.50511822
0.48601265
0.01816208
0.39307939
0.42952149
0.11015186
0.54321142
0.54887233
0.10484476
0.60630697
0.62328970
0.30675052
0.39284352
0.58260191
0.51785526
0.67034601
0.48377187
0.55936860
0.69534835
0.72329909
0.57929971
0.82330849
0.20343893
0.67695040
0.74252260
0.70218862
0.73308775
0.60677871
0.81469919
0.38706467
0.89914109
0.32479467
0.43742318
0.85951472
0.69617390
0.70643430
0.86989306
0.69794294
0.76186404
0.81469919
0.84170645
0.87461048
0.91341130
0.86199137
0.94655120
0.89560302
0.90208948
1.03877685
0.88958830
0.98546995
0.90444819
1.07250643
0.82118565
1.12793617
0.80797686
0.86635499
1.01955335
1.07628037
1.10045717
0.81351984
0.57375674
1.10458492
0.94997134
1.32465277
1.07946464
1.05080628
0.75820803
0.87755887
1.02179412
1.25212237
1.25023540
1.08830981
1.32205818
1.25589631
1.29163080
1.15105155
0.91789285
1.01754844
0.73969214
0.96777961
1.18454526
1.23797009
0.93534732
1.17251583
1.22511511
1.23714455
1.32394515
-117935.60964750
-117935.60964750
-117935.60964750
-117935.60964750
-117935.60964750
-117935.60964750
-117935.60964750
-117935.60964750
-117935.60964750
-117935.60964750
-117935.60964750
-117935.60964750
-117935.60964750
-117935.60964750
-117935.60964750
-117935.60964750
-117935.60964750
-117935.60964750
-117935.60964750
-117935.60964750
-117935.60964750
-117935.60964750
-117935.60964750
-117935.60964750
-117935.60964750
-117935.60964750
-117935.60964750
-117935.60964750
-117935.60964750
-117935.60964750
-117935.60964750
-117935.60964750
-117935.60964750
-117935.60964750
-117935.60964750
-117935.60964750
-117935.60964750
-117935.60964750
-117935.60964750
-117935.60964750
-117935.60964750
-117935.60964750
-117935.60964750
-117935.60964750
-117935.60964750
-117935.60964750
-117935.60964750
-117935.60964750
-117935.60964750
-117935.60964750
-117935.60964750
-117935.60964750
-117935.60964750
-117935.60964750
-117935.60964750
-117935.60964750
-117935.60964750
-117935.60964750
-117935.60964750
-117935.60964750
-117935.60964750
-117935.60964750
-117935.60964750
-117935.60964750
-117935.60964750
-117935.60964750
-117935.60964750
-117935.60964750
-117935.60964750
-117935.60964750
-117935.60964750
-117935.60964750
-117935.60964750
-117935.60964750
-117935.60964750
0.00106142
-0.03243229
-0.01875176
-0.00636852
-0.01415227
-0.02228983
-0.09128216
-0.01674686
-0.03172468
-0.00247665
-0.02570996
0.00530710
-0.00955278
-0.02618171
-0.04634869
-0.02570996
-0.02747900
-0.07429943
-0.00412775
-0.02276157
-0.02417680
-0.00648646
-0.05731671
-0.02346919
-0.01285498
-0.07323801
0.00400981
-0.03066326
-0.05554767
-0.00695820
-0.02193602
-0.08125764
-0.06592601
-0.00412775
-0.03620623
-0.02158222
-0.03514481
-0.01037833
-0.00978866
-0.02641758
-0.04363618
-0.01415227
-0.07005375
-0.01898763
-0.02052080
-0.03467307
-0.04941502
-0.06863852
-0.01427021
-0.07972447
-0.01261911
-0.09293326
-0.06227000
-0.02228983
-0.03337578
-0.01485989
-0.03526275
-0.06132652
-0.05047644
-0.04245682
-0.00035381
-0.01710066
-0.03962636
-0.05354277
-0.03915462
-0.04328237
-0.01816208
-0.01993112
-0.02618171
-0.02594583
-0.04882534
-0.02464854
-0.04493347
-0.03998017
-0.10684966
-0.03219642
-0.03349371
-0.01875176
-0.02736106
-0.01415227
-0.07253040
-0.02063873
-0.02382299
-0.01096801
-0.03632417
0.00141523
0.00766581
-0.00165110
-0.03101707
-0.03137087
-0.03148881
-0.09835830
-0.00011794
-0.01167563
-0.00931691
0.00424568
-0.07477118
-0.01002453
0.01226530
-0.06144445
0.02394093
-0.01238324
-0.07677608
0.01132182
-0.00106142
-0.05531180
-0.03667797
0.01427021
-0.02441267
-0.00884517
-0.01356260
0.01379847
0.01615718
0.00176903
-0.01710066
0.00672233
-0.05000470
0.00837343
0.00896311
0.01002453
-0.00294839
-0.02983771
0.02629964
-0.02170015
0.02429474
-0.02818661
-0.01132182
0.02111047
0.00542504
0.00813756
0.00695820
-0.00294839
-0.00058968
-0.01910557
-0.00400981
-0.01049627
0.00224078
-0.00117936
0.00849136
-0.01191150
-0.00448155
0.01108595
0.01780828
-0.00047174
-0.01356260
-0.01085008
-0.00801962
-0.00436362
-0.00459949
-0.01403434
-0.00330220
-0.01261911
-0.01309085
-0.02606377
0.01733653
-0.00129729
-0.02795074
-0.00459949
-0.03608830
-0.00754788
-0.02960184
-0.03019152
-0.02641758
-0.02688932
-0.04092366
-0.03420133
-0.01792621
-0.02453061
-0.02747900
-0.02087460
-0.00518917
-0.03514481
-0.04080572
0.00082555
-0.01238324
-0.03939049
-0.03137087
-0.03526275
-0.04139540
-0.02111047
-0.02889422
-0.03337578
-117935.60964750
-117935.60964750
-117935.60964750
-117935.60964750
-117935.60964750
-117935.60964750
-117935.60964750
-117935.60964750
-117935.60964750
-117935.60964750
-117935.60964750
-117935.60964750
-117935.60964750
-117935.60964750
-117935.60964750
-117935.60964750
-117935.60964750
-117935.60964750
-117935.60964750
-117935.60964750
-117935.60964750
-117935.60964750
-117935.60964750
-117935.60964750
-117935.60964750
-117935.60964750
-117935.60964750
-117935.60964750
-117935.60964750
-117935.60964750
-117935.60964750
-117935.60964750
-117935.60964750
-117935.60964750
-117935.60964750
-117935.60964750
-117935.60964750
-117935.60964750
-117935.60964750
-117935.60964750
-117935.60964750
-117935.60964750
-117935.60964750
-117935.60964750
-117935.60964750
-117935.60964750
-117935.60964750
-117935.60964750
-117935.60964750
-117935.60964750
-117935.60964750
-117935.60964750
-117935.60964750
-117935.60964750
-117935.60964750
-117935.60964750
-117935.60964750
-117935.60964750
-117935.60964750
-117935.60964750
-117935.60964750
-117935.60964750
-117935.60964750
-117935.60964750
-117935.60964750
-117935.60964750
-117935.60964750
-117935.60964750
-117935.60964750
-117935.60964750
-117935.60964750
-117935.60964750
-117935.60964750
-117935.60964750
0.00188697
-0.01415227
0.02606377
0.04104159
-0.00566091
-0.02971977
-0.22454940
0.01580337
-0.01509576
0.06604394
-0.03278610
0.07099724
0.01273705
-0.00011794
-0.04457966
0.00365600
-0.01273705
-0.18905078
0.06097271
-0.00023587
0.01509576
0.04870741
-0.13267756
-0.02688932
0.01143975
-0.16534572
0.08680061
0.00412775
-0.12713459
0.06203413
0.02240777
-0.15190107
-0.07771957
0.07264834
-0.00400981
0.02464854
-0.04469760
0.03726765
0.06734123
0.03278610
-0.02806868
0.05967542
-0.17065283
0.02358712
0.03219642
0.00459949
-0.03078119
-0.11970464
0.05248135
-0.21027919
0.06592601
-0.18291813
-0.08727235
0.05236341
-0.00931691
0.02535616
0.02759693
-0.04163127
0.02665345
0.01120388
0.10248604
0.04304650
0.01592131
-0.04198508
0.02771487
-0.01368053
0.04387205
0.04847154
0.01368053
0.02712519
-0.03066326
0.04858947
-0.03915462
0.00000000
-0.21735533
-0.01120388
0.03832907
0.06333142
0.02405886
0.01297292
-0.19223504
0.02606377
0.00365600
0.08090383
-0.01945938
0.09470229
0.04222095
0.03172468
-0.02158222
0.02346919
0.02134635
-0.18397955
0.09458436
0.03207849
0.04528727
0.08833377
-0.15001410
0.01969525
0.06545426
-0.16074624
0.12878569
0.03903669
-0.14057925
0.10201430
0.05377864
-0.18303607
-0.09163597
0.10567031
0.01155769
0.06309555
-0.00283045
0.08302667
0.11970464
0.08503157
0.02181809
0.12784220
-0.14022544
0.09269739
0.10059908
0.07547879
0.04752805
-0.02960184
0.13633356
-0.12654491
0.15272661
-0.15673643
-0.04811773
0.13892815
0.07217659
0.10177843
0.11781767
0.03880082
0.11687419
0.10696760
0.17973387
0.13869228
0.12147368
0.06793091
0.13362105
0.08927726
0.13515421
0.16782237
0.13008298
0.13244169
0.07229453
0.15272661
0.06875646
0.12713459
-0.08172938
0.07205866
0.12878569
0.15437771
0.13774879
0.09081042
-0.03797527
0.14647603
0.09482023
0.20225957
0.08762616
0.18256432
0.10378334
0.10425508
0.07323801
0.13208788
0.12442207
-0.02771487
0.21016126
0.14741951
0.15697230
0.17855451
-0.03608830
0.11156709
0.10637792
-0.02228983
0.22679018
0.14447112
-0.02146428
0.18987633
0.15414184
0.00365600
0.05507593
0.16581747
0.06639775
-117935.60964750
-117935.60964750
-117935.60964750
-117935.60964750
-117935.60964750
-117935.60964750
-117935.60964750
-117935.60964750
-117935.60964750
-117935.60964750
-117935.60964750
-117935.60964750
-117935.60964750
-117935.60964750
-117935.60964750
-117935.60964750
-117935.60964750
-117935.60964750
-117935.60964750
-117935.60964750
-117935.60964750
-117935.60964750
-117935.60964750
-117935.60964750
-117935.60964750
-117935.60964750
-117935.60964750
-117935.60964750
-117935.60964750
-117935.60964750
-117935.60964750
-117935.60964750
-117935.60964750
-117935.60964750
-117935.60964750
-117935.60964750
-117935.60964750
-117935.60964750
-117935.60964750
-117935.60964750
-117935.60964750
-117935.60964750
-117935.60964750
-117935.60964750
-117935.60964750
-117935.60964750
-117935.60964750
-117935.60964750
-117935.60964750
-117935.60964750
-117935.60964750
-117935.60964750
-117935.60964750
-117935.60964750
-117935.60964750
-117935.60964750
-117935.60964750
-117935.60964750
-117935.60964750
-117935.60964750
-117935.60964750
-117935.60964750
-117935.60964750
-117935.60964750
-117935.60964750
-117935.60964750
-117935.60964750
-117935.60964750
-117935.60964750
-117935.60964750
-117935.60964750
-117935.60964750
-117935.60964750
0.00000000
-0.08007828
-0.03538068
-0.01226530
-0.05448625
-0.06203413
-0.29649012
-0.04847154
-0.10814695
-0.00247665
-0.12854981
0.03172468
-0.02004905
-0.04387205
-0.13350311
-0.08739029
-0.11015186
-0.34201327
0.00106142
-0.07135104
-0.06875646
-0.00943485
-0.26724209
-0.09788656
-0.02476648
-0.29389554
0.04139540
-0.10449095
-0.30557116
-0.00731201
-0.05625529
-0.25403330
-0.18822523
0.01085008
-0.12607317
-0.08856964
-0.14694777
-0.02535616
0.00530710
-0.07005375
-0.15496739
-0.04764599
-0.34448992
-0.04634869
-0.03986224
-0.07606847
-0.13928195
-0.23162554
-0.01026040
-0.30380213
0.00919898
-0.34602308
-0.23339457
-0.03019152
-0.08420603
-0.02264364
-0.04080572
-0.13055472
-0.07925273
-0.09741481
0.03726765
-0.01945938
-0.06616188
-0.12182748
-0.05873193
-0.11722800
-0.03042739
-0.03632417
-0.06863852
-0.05472212
-0.13244169
-0.04705631
-0.14730158
-0.09458436
-0.35121225
-0.08255493
-0.04398998
-0.01969525
-0.05955748
-0.05802432
-0.24624955
-0.03361165
-0.05861400
-0.00188697
-0.15201900
0.02099254
-0.02983771
-0.03821114
-0.11368993
-0.08137557
-0.10319366
-0.36619007
0.00047174
-0.06321349
-0.05071231
0.00801962
-0.29637219
-0.07760163
-0.00448155
-0.26641654
0.06958201
-0.05908574
-0.29460315
0.02134635
-0.03302197
-0.25273601
-0.15697230
0.04422585
-0.10319366
-0.07418150
-0.15225487
-0.02429474
0.03714972
-0.01214737
-0.08939519
0.00023587
-0.35227367
-0.02488441
-0.01037833
-0.02240777
-0.07960654
-0.17996974
0.03998017
-0.24058864
0.06050097
-0.25674582
-0.16746857
0.02075667
-0.05094818
-0.01037833
0.00459949
-0.06698743
0.00424568
-0.03101707
0.06191620
0.01250117
0.00070761
-0.04045191
0.03349371
-0.03219642
0.03219642
0.03372958
-0.02276157
-0.00412775
-0.06309555
0.01556750
-0.07323801
-0.02394093
-0.25580234
-0.03632417
0.00648646
0.02441267
-0.01108595
-0.05401451
-0.21086887
0.02783280
-0.00849136
0.07005375
-0.07429943
0.05755258
-0.02453061
-0.03856494
-0.07087930
-0.02158222
-0.04799979
-0.26193499
0.02889422
-0.03113500
-0.02299744
0.03302197
-0.19164537
-0.05542974
-0.01792621
-0.21275584
0.08550332
-0.02806868
-0.20284925
0.03443720
-0.01214737
-0.16369463
-0.07689402
0.04917915
-0.04858947
-0.04693837
-117935.60964750
-117935.60964750
-117935.60964750
-117935.60964750
-117935.60964750
-117935.60964750
-117935.60964750
-117935.60964750
-117935.60964750
-117935.60964750
-117935.60964750
-117935.60964750
-117935.60964750
-117935.60964750
-117935.60964750
-117935.60964750
-117935.60964750
-117935.60964750
-117935.60964750
-117935.60964750
-117935.60964750
-117935.60964750
-117935.60964750
-117935.60964750
-117935.60964750
-117935.60964750
-117935.60964750
-117935.60964750
-117935.60964750
-117935.60964750
-117935.60964750
-117935.60964750
-117935.60964750
-117935.60964750
-117935.60964750
-117935.60964750
-117935.60964750
-117935.60964750
-117935.60964750
-117935.60964750
-117935.60964750
-117935.60964750
-117935.60964750
-117935.60964750
-117935.60964750
-117935.60964750
-117935.60964750
-117935.60964750
-117935.60964750
-117935.60964750
-117935.60964750
-117935.60964750
-117935.60964750
-117935.60964750
-117935.60964750
-117935.60964750
-117935.60964750
-117935.60964750
-117935.60964750
-117935.60964750
-117935.60964750
-117935.60964750
-117935.60964750
-117935.60964750
-117935.60964750
-117935.60964750
-117935.60964750
-117935.60964750
-117935.60964750
-117935.60964750
-117935.60964750
-117935.60964750
0.00577884
0.02570996
0.10708553
0.13987163
0.11380786
0.05590148
-0.12324271
0.14458906
0.07194072
0.20792048
0.05908574
0.16852999
0.06203413
0.03597036
0.01285498
0.10307572
0.08420603
-0.14624016
0.16947347
0.10095288
0.10519856
0.15874133
-0.15897720
0.06439284
0.06510046
-0.14211241
0.20556177
0.09894798
-0.12218129
0.15367010
0.10661379
-0.16970934
-0.06663362
0.14635809
0.04611282
0.10260398
0.01108595
0.10059908
0.14223035
0.11392580
0.02712519
0.15956688
-0.13303137
0.10743934
0.12418620
0.10649586
0.06781298
-0.04741012
0.18067735
-0.09257945
0.19683453
-0.07972447
-0.00813756
0.17171425
0.08066796
0.08797996
0.12772427
0.00931691
0.09352294
0.09187184
0.19235298
0.13928195
0.12571936
0.03561655
0.13939989
0.08031415
0.13185201
0.16275114
0.10331159
0.12689872
0.04056985
0.13409279
0.00436362
0.08314460
-0.18881491
0.04434379
0.10850076
0.15378803
0.11038773
0.06580807
-0.17961593
0.13397485
0.08467777
0.20886396
0.08821584
0.20485415
0.12454000
0.11310025
0.05731671
0.11026980
0.10791108
-0.18067735
0.19978292
0.12890362
0.14883474
0.17678548
-0.15756197
0.08220112
0.14824506
-0.17336535
0.22466734
0.13645150
-0.16180766
0.21711946
0.17820071
-0.14423525
-0.01521369
0.23480980
0.14529667
0.23469186
0.13220582
0.20815635
0.28139436
0.23103586
0.12076606
0.29884883
-0.12807807
0.23893755
0.26877525
0.22160101
0.19624485
0.07512498
0.30969891
-0.11711006
0.35710903
-0.08184731
0.07441737
0.35085844
0.25108491
0.29389554
0.32656370
0.20131609
0.25863279
0.27431823
0.37185098
0.34130565
0.32479467
0.24837239
0.34295675
0.29696187
0.34130565
0.42114806
0.36359548
0.39248971
0.30486355
0.41973283
0.24731097
0.40133488
0.05743464
0.27797423
0.38588531
0.43199814
0.42409645
0.31512395
0.08314460
0.41418986
0.31323698
0.53318689
0.35156605
0.44461725
0.30203310
0.33847520
0.33906488
0.44744770
0.43423891
0.19176330
0.53318689
0.47433702
0.49261704
0.47740335
0.18940459
0.37220478
0.28729115
0.21193029
0.51903462
0.44461725
0.21240203
0.46502011
0.43541827
0.23374838
0.33139906
0.43211607
0.34378230
0.49096594
0.42574755
-117935.60964750
-117935.60964750
-117935.60964750
-117935.60964750
-117935.60964750
-117935.60964750
-117935.60964750
-117935.60964750
-117935.60964750
-117935.60964750
-117935.60964750
-117935.60964750
-117935.60964750
-117935.60964750
-117935.60964750
-117935.60964750
-117935.60964750
-117935.60964750
-117935.60964750
-117935.60964750
-117935.60964750
-117935.60964750
-117935.60964750
-117935.60964750
-117935.60964750
-117935.60964750
-117935.60964750
-117935.60964750
-117935.60964750
-117935.60964750
-117935.60964750
-117935.60964750
-117935.60964750
-117935.60964750
-117935.60964750
-117935.60964750
-117935.60964750
-117935.60964750
-117935.60964750
-117935.60964750
-117935.60964750
-117935.60964750
-117935.60964750
-117935.60964750
-117935.60964750
-117935.60964750
-117935.60964750
-117935.60964750
-117935.60964750
-117935.60964750
-117935.60964750
-117935.60964750
-117935.60964750
-117935.60964750
-117935.60964750
-117935.60964750
-117935.60964750
-117935.60964750
-117935.60964750
-117935.60964750
-117935.60964750
-117935.60964750
-117935.60964750
-117935.60964750
-117935.60964750
-117935.60964750
-117935.60964750
-117935.60964750
-117935.60964750
-117935.60964750
-117935.60964750
0.00636852
0.05991129
0.08055002
0.12336065
0.11439754
0.09682514
-0.01509576
0.12630904
0.05802432
0.16711476
0.07925273
0.13904608
0.08397015
0.09894798
0.09847623
0.13102646
0.11876116
-0.04811773
0.14435319
0.13597976
0.13539008
0.15767991
-0.01261911
0.10484476
0.09635339
-0.01792621
0.18362574
0.12336065
-0.03243229
0.15308042
0.15013203
0.01957731
0.04056985
0.13090853
0.07878099
0.12760633
0.08550332
0.12961124
0.15414184
0.15567500
0.09423055
0.17407296
-0.02028492
0.12064813
0.15921307
0.16039243
0.15119345
0.08597506
0.18445129
0.02641758
0.18775349
-0.03431926
0.01297292
0.16168972
0.11451548
0.12725252
0.17513438
0.11569483
0.11203883
0.10248604
0.15543913
0.14624016
0.16204353
0.12135574
0.15119345
0.10991599
0.14470699
0.16617127
0.11769974
0.16180766
0.12300684
0.17572406
0.10531650
0.15083964
0.01993112
0.11534103
0.13857434
0.17996974
0.16298701
0.13291343
0.05177373
0.18480510
0.16687889
0.22832334
0.13621563
0.19754215
0.13385692
0.16263321
0.17195012
0.19836770
0.20190576
0.03821114
0.22679018
0.20108021
0.22053959
0.21853468
0.01603924
0.16711476
0.18598446
0.04163127
0.24589575
0.22891302
0.02936597
0.25143872
0.24896207
0.09434849
0.15650055
0.24471639
0.21275584
0.27078016
0.19872150
0.23858374
0.29059334
0.31087827
0.25627408
0.34625895
0.10248604
0.27078016
0.30592497
0.29707980
0.31111414
0.24282942
0.33823933
0.13963576
0.36501071
0.13704118
0.19742421
0.36312374
0.29035747
0.28670147
0.36229819
0.31359079
0.33871107
0.32361531
0.32986590
0.32550228
0.36300581
0.33776759
0.37031781
0.33812139
0.34378230
0.40263217
0.35569380
0.38187550
0.35533999
0.41914316
0.34460785
0.43435685
0.34331056
0.33234255
0.40333978
0.41713825
0.42256329
0.30698639
0.26488338
0.41843554
0.35298128
0.50582583
0.40074520
0.39850442
0.26747796
0.31229349
0.38340867
0.46785056
0.46737882
0.44390963
0.49580130
0.46089236
0.47528051
0.43117259
0.38753641
0.37880918
0.26889319
0.40345772
0.44544280
0.46053856
0.39838649
0.43364924
0.44060744
0.43872047
0.46419456
0.38647499
0.39980172
0.48164903
0.43848460
0.49674479
-117935.60964750
-117935.60964750
-117935.60964750
-117935.60964750
-117935.60964750
-117935.60964750
-117935.60964750
-117935.60964750
-117935.60964750
-117935.60964750
-117935.60964750
-117935.60964750
-117935.60964750
-117935.60964750
-117935.60964750
-117935.60964750
-117935.60964750
-117935.60964750
-117935.60964750
-117935.60964750
-117935.60964750
-117935.60964750
-117935.60964750
-117935.60964750
-117935.60964750
-117935.60964750
-117935.60964750
-117935.60964750
-117935.60964750
-117935.60964750
-117935.60964750
-117935.60964750
-117935.60964750
-117935.60964750
-117935.60964750
-117935.60964750
-117935.60964750
-117935.60964750
-117935.60964750
-117935.60964750
-117935.60964750
-117935.60964750
-117935.60964750
-117935.60964750
-117935.60964750
-117935.60964750
-117935.60964750
-117935.60964750
-117935.60964750
-117935.60964750
-117935.60964750
-117935.60964750
-117935.60964750
-117935.60964750
-117935.60964750
-117935.60964750
-117935.60964750
-117935.60964750
-117935.60964750
-117935.60964750
-117935.60964750
-117935.60964750
-117935.60964750
-117935.60964750
-117935.60964750
-117935.60964750
-117935.60964750
-117935.60964750
-117935.60964750
-117935.60964750
0.00153316
-0.04033398
0.01273705
0.03420133
0.00530710
-0.02806868
-0.18280019
0.03078119
-0.00766581
0.06863852
-0.05755258
0.05896780
-0.01910557
-0.03773940
-0.06946407
-0.00837343
-0.02759693
-0.22620050
0.03714972
-0.01981318
-0.01710066
0.04292856
-0.19105569
-0.03313991
-0.00176903
-0.19376821
0.08007828
-0.02370506
-0.20049054
0.03113500
-0.01556750
-0.21947817
-0.12619110
0.04375411
-0.04953296
-0.03172468
-0.10696760
-0.02111047
0.02500235
-0.00601472
-0.06026510
0.01898763
-0.23021031
-0.01686479
-0.00978866
-0.02040286
-0.06120858
-0.13527214
0.04398998
-0.17053489
0.05991129
-0.18445129
-0.11722800
0.03113500
-0.03113500
-0.01556750
-0.00094348
-0.07748370
-0.01309085
-0.02523822
0.06816678
0.00754788
-0.01533163
-0.08385222
-0.00106142
-0.04434379
0.01839796
0.01037833
-0.04552315
-0.02842248
-0.08656474
-0.00542504
-0.08845171
-0.04953296
-0.26606274
-0.04693837
-0.01403434
0.01898763
-0.01603924
-0.03561655
-0.23304076
0.01297292
-0.00967072
0.05955748
-0.04021604
0.06569013
0.01155769
-0.01993112
-0.07076137
-0.02040286
-0.02570996
-0.23363044
0.04587695
-0.01745447
-0.01226530
0.04163127
-0.21853468
-0.02889422
0.03384752
-0.21829881
0.08750822
-0.00896311
-0.21487868
0.06604394
0.02488441
-0.20721287
-0.10661379
0.08786203
0.00507123
0.04316443
-0.03632417
0.01993112
0.08691854
0.04139540
-0.02688932
0.09104629
-0.18515891
0.05307102
0.06073684
0.03231436
-0.00660439
-0.09588165
0.10555237
-0.17584199
0.12796014
-0.16723269
-0.06627981
0.10968012
0.04422585
0.07606847
0.08078589
-0.00247665
0.05165580
0.05318896
0.14093305
0.09953765
0.07960654
0.01450608
0.09694307
0.05849606
0.11168502
0.13763086
0.08809790
0.09163597
0.02287951
0.10449095
0.00648646
0.09175390
-0.12288891
0.05318896
0.10519856
0.12854981
0.10814695
0.06403904
-0.11628451
0.12088400
0.05672703
0.18515891
0.07017169
0.16263321
0.08833377
0.07736576
0.04776392
0.10850076
0.09493817
-0.07111517
0.17360122
0.12029432
0.11911497
0.15001410
-0.08055002
0.07500705
0.07241246
-0.02983771
0.18421542
0.09576372
-0.05436832
0.14270209
0.11121328
-0.04387205
0.02795074
0.14612222
0.07099724
0.13562595
0.09375881
0.18327194
0.15591088
-117935.60964750
-117935.60964750
-117935.60964750
-117935.60964750
-117935.60964750
-117935.60964750
-117935.60964750
-117935.60964750
-117935.60964750
-117935.60964750
-117935.60964750
-117935.60964750
-117935.60964750
-117935.60964750
-117935.60964750
-117935.60964750
-117935.60964750
-117935.60964750
-117935.60964750
-117935.60964750
-117935.60964750
-117935.60964750
-117935.60964750
-117935.60964750
-117935.60964750
-117935.60964750
-117935.60964750
-117935.60964750
-117935.60964750
-117935.60964750
-117935.60964750
-117935.60964750
-117935.60964750
-117935.60964750
-117935.60964750
-117935.60964750
-117935.60964750
-117935.60964750
-117935.60964750
-117935.60964750
-117935.60964750
-117935.60964750
-117935.60964750
-117935.60964750
-117935.60964750
-117935.60964750
-117935.60964750
-117935.60964750
-117935.60964750
-117935.60964750
-117935.60964750
-117935.60964750
-117935.60964750
-117935.60964750
-117935.60964750
-117935.60964750
-117935.60964750
-117935.60964750
-117935.60964750
-117935.60964750
-117935.60964750
-117935.60964750
-117935.60964750
-117935.60964750
-117935.60964750
-117935.60964750
-117935.60964750
-117935.60964750
-117935.60964750
0.00117936
-0.05896780
-0.00849136
0.01356260
-0.02075667
-0.05307102
-0.24683923
-0.00318426
-0.03502688
0.03679591
-0.08420603
0.03290404
-0.03927256
-0.06675156
-0.10472682
-0.03703178
-0.05283515
-0.25945834
0.00613265
-0.05012263
-0.04835360
0.01780828
-0.23339457
-0.05790638
-0.02134635
-0.24235768
0.05259928
-0.05295309
-0.22325211
0.00648646
-0.04705631
-0.27467203
-0.16947347
0.02323332
-0.06510046
-0.05200960
-0.12925743
-0.05484006
0.00212284
-0.03361165
-0.08656474
-0.00047174
-0.24943381
-0.03420133
-0.02736106
-0.04045191
-0.08302667
-0.15579294
0.02394093
-0.20874603
0.03632417
-0.21994991
-0.14116892
0.00849136
-0.05177373
-0.03396546
-0.02783280
-0.10673173
-0.02936597
-0.03160674
0.06156239
0.00106142
-0.03007358
-0.09906591
-0.01474195
-0.05236341
0.01202943
0.00365600
-0.05318896
-0.03868288
-0.09623546
-0.01344466
-0.09658926
-0.05295309
-0.27844597
-0.05554767
-0.01981318
0.01427021
-0.01721860
-0.03490894
-0.24448052
-0.00058968
-0.03089913
0.04799979
-0.04776392
0.05542974
0.00931691
-0.02924803
-0.08526745
-0.03384752
-0.03679591
-0.22773366
0.03915462
-0.02335125
-0.02052080
0.03479100
-0.22065753
-0.02936597
0.02358712
-0.21959611
0.08786203
-0.01026040
-0.19530137
0.06734123
0.02476648
-0.19942912
-0.11310025
0.07748370
-0.00955278
0.03113500
-0.03632417
0.01132182
0.06993582
0.01556750
-0.05224548
0.06686949
-0.17843658
0.04304650
0.04481553
0.02441267
-0.01438814
-0.10036320
0.09328707
-0.16051036
0.10378334
-0.16499192
-0.06981788
0.08727235
0.02665345
0.05283515
0.04941502
-0.02865835
0.02653551
0.02429474
0.10319366
0.06899233
0.05507593
-0.00058968
0.07406356
0.03207849
0.07760163
0.11097741
0.07854512
0.06415697
-0.00200491
0.06439284
-0.01061420
0.06297762
-0.10956218
0.02181809
0.07194072
0.08503157
0.06863852
0.03066326
-0.09776862
0.07654021
0.00117936
0.12619110
0.02040286
0.11368993
0.04587695
0.03431926
0.00507123
0.05189167
0.03361165
-0.08668267
0.11251057
0.06392110
0.05684496
0.08656474
-0.09729688
0.01769034
0.01981318
-0.05083025
0.11994052
0.03219642
-0.07712989
0.08243699
0.05660909
-0.04847154
-0.01049627
0.08514951
0.00353807
0.05484006
0.02712519
0.11144915
0.08821584
0.05377864
-117935.60964750
-117935.60964750
-117935.60964750
-117935.60964750
-117935.60964750
-117935.60964750
-117935.60964750
-117935.60964750
-117935.60964750
-117935.60964750
-117935.60964750
-117935.60964750
-117935.60964750
-117935.60964750
-117935.60964750
-117935.60964750
-117935.60964750
-117935.60964750
-117935.60964750
-117935.60964750
-117935.60964750
-117935.60964750
-117935.60964750
-117935.60964750
-117935.60964750
-117935.60964750
-117935.60964750
-117935.60964750
-117935.60964750
-117935.60964750
-117935.60964750
-117935.60964750
-117935.60964750
-117935.60964750
-117935.60964750
-117935.60964750
-117935.60964750
-117935.60964750
-117935.60964750
-117935.60964750
-117935.60964750
-117935.60964750
-117935.60964750
-117935.60964750
-117935.60964750
-117935.60964750
-117935.60964750
-117935.60964750
-117935.60964750
-117935.60964750
-117935.60964750
-117935.60964750
-117935.60964750
-117935.60964750
-117935.60964750
-117935.60964750
-117935.60964750
-117935.60964750
-117935.60964750
-117935.60964750
-117935.60964750
-117935.60964750
-117935.60964750
-117935.60964750
-117935.60964750
-117935.60964750
-117935.60964750
-117935.60964750
0.00625059
0.04835360
0.09104629
0.13704118
0.11239264
0.07630434
-0.06651568
0.18504097
0.10578824
0.24908001
0.13574389
0.21228410
0.12430413
0.14340970
0.13491834
0.18563065
0.15355216
-0.12689872
0.20556177
0.17772896
0.18397955
0.22160101
-0.05696290
0.12772427
0.10885457
-0.08172938
0.26582686
0.17537025
-0.07394563
0.21711946
0.19353234
-0.03184261
0.03691385
0.19400408
0.10000940
0.16310495
0.07170485
0.15673643
0.20603351
0.20060847
0.10779315
0.22266243
-0.08420603
0.14576841
0.18103116
0.17985180
0.15473152
0.03467307
0.22914889
-0.06793091
0.24400878
-0.03196055
0.05342483
0.24153213
0.16440224
0.17277567
0.24117832
0.14730158
0.17855451
0.14470699
0.21912436
0.18291813
0.21499662
0.12418620
0.23068205
0.16369463
0.19011220
0.24223974
0.17324741
0.22042165
0.15909514
0.23799406
0.11085947
0.18327194
-0.06451078
0.10826489
0.15685436
0.20685906
0.16168972
0.10779315
-0.09941972
0.18598446
0.14470699
0.26641654
0.14694777
0.25120285
0.14093305
0.17407296
0.16852999
0.22855921
0.22737986
-0.06191620
0.26028389
0.21287378
0.22655431
0.25827899
-0.05212754
0.16334082
0.19766008
-0.06156239
0.27266713
0.20709493
-0.09529197
0.25273601
0.22065753
-0.10095288
0.03762146
0.26971874
0.20308512
0.29542870
0.18032355
0.27773836
0.34224914
0.35970361
0.26806764
0.41890729
-0.00459949
0.30439181
0.35038670
0.31028859
0.30557116
0.19730627
0.38824403
-0.04764599
0.43954602
-0.05366070
0.11015186
0.43801285
0.34224914
0.36288787
0.44921674
0.33776759
0.39991965
0.40475501
0.47551638
0.44025363
0.43188020
0.33906488
0.42846007
0.39673539
0.43919221
0.51325577
0.42586549
0.49485782
0.43364924
0.56903932
0.39131035
0.54380110
0.19707040
0.39579191
0.48966865
0.55972240
0.55712782
0.41890729
0.16676095
0.55028755
0.47469083
0.69133854
0.51443513
0.56479363
0.40192456
0.44461725
0.47539844
0.61845434
0.62718157
0.37326620
0.70195275
0.64156972
0.66338780
0.64652301
0.30651465
0.55665608
0.42268122
0.36194439
0.68933364
0.64557953
0.36937433
0.63319629
0.60099987
0.36701562
0.48424361
0.56043002
0.50169808
0.66020354
0.57021867
0.72471432
0.60312271
0.74523512
0.63638055
-117935.60964750
-117935.60964750
-117935.60964750
-117935.60964750
-117935.60964750
-117935.60964750
-117935.60964750
-117935.60964750
-117935.60964750
-117935.60964750
-117935.60964750
-117935.60964750
-117935.60964750
-117935.60964750
-117935.60964750
-117935.60964750
-117935.60964750
-117935.60964750
-117935.60964750
-117935.60964750
-117935.60964750
-117935.60964750
-117935.60964750
-117935.60964750
-117935.60964750
-117935.60964750
-117935.60964750
-117935.60964750
-117935.60964750
-117935.60964750
-117935.60964750
-117935.60964750
-117935.60964750
-117935.60964750
-117935.60964750
-117935.60964750
-117935.60964750
-117935.60964750
-117935.60964750
-117935.60964750
-117935.60964750
-117935.60964750
-117935.60964750
-117935.60964750
-117935.60964750
-117935.60964750
-117935.60964750
-117935.60964750
-117935.60964750
-117935.60964750
-117935.60964750
-117935.60964750
-117935.60964750
-117935.60964750
-117935.60964750
-117935.60964750
-117935.60964750
-117935.60964750
-117935.60964750
-117935.60964750
-117935.60964750
-117935.60964750
-117935.60964750
-117935.60964750
-117935.60964750
-117935.60964750
-117935.60964750
0.00153316
-0.05436832
-0.00306633
0.02335125
-0.01085008
-0.03561655
-0.24353703
0.01485989
-0.04092366
0.06168032
-0.06356729
0.06356729
-0.00117936
-0.03644210
-0.09717894
-0.03608830
-0.05590148
-0.27667694
0.03856494
-0.02983771
-0.03066326
0.03196055
-0.27078016
-0.05094818
-0.00990659
-0.23834787
0.07996034
-0.03891875
-0.22879508
0.03349371
-0.01769034
-0.25851486
-0.16817618
0.04328237
-0.07111517
-0.03349371
-0.10142462
-0.00636852
0.03502688
-0.01698273
-0.09623546
0.01485989
-0.24825446
0.00070761
0.00955278
-0.02016699
-0.07453531
-0.17407296
0.04811773
-0.21688359
0.06757710
-0.20626938
-0.12630904
0.03962636
-0.02559203
0.00648646
0.00990659
-0.08809790
-0.02417680
-0.02901216
0.08514951
0.03290404
-0.00117936
-0.07135104
0.00353807
-0.05047644
0.02099254
0.02700725
-0.01509576
0.00165110
-0.07724782
0.00224078
-0.10059908
-0.04434379
-0.28646560
-0.04186714
-0.00011794
0.02995564
-0.01155769
-0.02394093
-0.23917342
0.02028492
-0.01757241
0.07111517
-0.04434379
0.08338048
0.03608830
0.02016699
-0.04658457
-0.01686479
-0.03325784
-0.29637219
0.05861400
0.00141523
0.01379847
0.05637322
-0.23646090
-0.02913010
0.03632417
-0.22926683
0.10802902
0.00306633
-0.21511455
0.08031415
0.03573449
-0.20096228
-0.10118875
0.10059908
-0.00648646
0.04257476
-0.02842248
0.06321349
0.11593070
0.06804885
-0.01910557
0.09918385
-0.23079999
0.06922820
0.08880551
0.06686949
0.02453061
-0.08467777
0.12548349
-0.19895737
0.14659396
-0.16723269
-0.05460419
0.13043678
0.05613735
0.09517404
0.10295779
0.02382299
0.07500705
0.05696290
0.14399938
0.10673173
0.09729688
0.05047644
0.12194542
0.06793091
0.11663832
0.15260868
0.11475135
0.12607317
0.06109065
0.13480040
0.03726765
0.10602411
-0.12925743
0.05625529
0.12147368
0.14175860
0.11946877
0.06804885
-0.07724782
0.13232375
0.06852059
0.19612692
0.06109065
0.16664302
0.07642228
0.08514951
0.07040756
0.12194542
0.09871211
-0.08680061
0.17065283
0.12300684
0.12984711
0.15555707
-0.03196055
0.06745917
0.05943955
-0.04363618
0.18987633
0.09847623
-0.02146428
0.14093305
0.10496269
-0.01721860
0.04398998
0.13845641
0.05259928
0.10649586
0.05802432
0.17831864
0.14624016
0.15083964
0.08762616
0.16192559
-117935.60964750
-117935.60964750
-117935.60964750
-117935.60964750
-117935.60964750
-117935.60964750
-117935.60964750
-117935.60964750
-117935.60964750
-117935.60964750
-117935.60964750
-117935.60964750
-117935.60964750
-117935.60964750
-117935.60964750
-117935.60964750
-117935.60964750
-117935.60964750
-117935.60964750
-117935.60964750
-117935.60964750
-117935.60964750
-117935.60964750
-117935.60964750
-117935.60964750
-117935.60964750
-117935.60964750
-117935.60964750
-117935.60964750
-117935.60964750
-117935.60964750
-117935.60964750
-117935.60964750
-117935.60964750
-117935.60964750
-117935.60964750
-117935.60964750
-117935.60964750
-117935.60964750
-117935.60964750
-117935.60964750
-117935.60964750
-117935.60964750
-117935.60964750
-117935.60964750
-117935.60964750
-117935.60964750
-117935.60964750
-117935.60964750
-117935.60964750
-117935.60964750
-117935.60964750
-117935.60964750
-117935.60964750
-117935.60964750
-117935.60964750
-117935.60964750
-117935.60964750
-117935.60964750
-117935.60964750
-117935.60964750
-117935.60964750
-117935.60964750
-117935.60964750
-117935.60964750
-117935.60964750
0.01886970
0.38954132
0.40227836
0.52328030
0.51278403
0.39638158
0.11958671
0.72070451
0.45935920
0.89914109
0.80479260
0.71928928
0.50028286
0.64593333
0.81552474
0.92319995
0.86092995
0.23351251
0.69015919
0.78745607
0.72447845
0.84807497
0.19400408
0.70454733
0.47186037
0.23115379
0.87838442
0.80550021
0.10602411
0.78203103
0.79689091
0.23881961
0.41808174
0.65241979
0.63130932
0.76493036
0.56243492
0.47138863
0.68202163
0.75360855
0.56892138
0.84453690
0.30144342
0.60206129
0.72542193
0.82932321
0.86659086
0.69464074
0.87484635
0.33741378
0.87696919
0.28717321
0.46608153
0.94466423
0.84925433
0.70714192
1.07014772
0.92036950
0.88770133
0.78898923
0.75254713
0.76540211
0.99254609
0.67152536
0.94065442
0.82790798
0.76917605
0.99113086
0.78710226
0.92367169
0.87673332
0.98146014
0.71964309
0.95999586
0.58802695
0.61468040
0.67518137
0.82319056
0.78780987
0.59062153
0.32632783
0.79571156
0.65525025
0.99549448
0.86281692
0.87225177
0.54863646
0.69782500
0.89265463
1.14444716
1.19952309
0.94089029
1.06873249
1.04160730
1.00846740
0.99962223
0.28493243
0.85314620
0.68449828
0.53165373
0.91694937
1.01059024
0.51243022
0.96530296
0.98181395
0.33812139
0.52811566
0.91624175
0.92355376
1.24080055
1.00422172
1.09420659
1.17345932
1.39765491
1.20836826
1.55733973
0.90951942
1.20235354
1.34375834
1.22570479
1.31509998
1.10222621
1.34305072
0.49945731
1.47089292
0.48400774
0.76575591
1.50969374
1.34092788
1.28868241
1.63435168
1.38822006
1.47289783
1.58517253
1.59024376
1.64921157
1.63104948
1.44046554
1.45155148
1.45957110
1.52113349
1.72009087
1.46912389
1.75830200
1.70145704
1.99771129
1.58116272
2.05125406
1.47785112
1.61312327
1.76985969
1.96115125
2.01469402
1.60781617
0.99301783
1.95879254
1.76785479
2.36743943
2.07826131
1.90017854
1.55910876
1.75523568
1.95702351
2.30528736
2.36531659
1.89274860
2.45801398
2.44173886
2.52122746
2.25209840
1.62916251
2.13357311
1.53080421
1.86715657
2.30210310
2.48513917
2.01681686
2.26153325
2.30682052
2.14147480
2.25834899
1.93744620
2.06163239
2.54434284
2.42157187
2.72678923
2.13722912
2.80085279
2.50742900
2.96985452
3.77429332
-117935.60964750
-117935.60964750
-117935.60964750
-117935.60964750
-117935.60964750
-117935.60964750
-117935.60964750
-117935.60964750
-117935.60964750
-117935.60964750
-117935.60964750
-117935.60964750
-117935.60964750
-117935.60964750
-117935.60964750
-117935.60964750
-117935.60964750
-117935.60964750
-117935.60964750
-117935.60964750
-117935.60964750
-117935.60964750
-117935.60964750
-117935.60964750
-117935.60964750
-117935.60964750
-117935.60964750
-117935.60964750
-117935.60964750
-117935.60964750
-117935.60964750
-117935.60964750
-117935.60964750
-117935.60964750
-117935.60964750
-117935.60964750
-117935.60964750
-117935.60964750
-117935.60964750
-117935.60964750
-117935.60964750
-117935.60964750
-117935.60964750
-117935.60964750
-117935.60964750
-117935.60964750
-117935.60964750
-117935.60964750
-117935.60964750
-117935.60964750
-117935.60964750
-117935.60964750
-117935.60964750
-117935.60964750
-117935.60964750
-117935.60964750
-117935.60964750
-117935.60964750
-117935.60964750
-117935.60964750
-117935.60964750
-117935.60964750
-117935.60964750
-117935.60964750
-117935.60964750
0.00459949
-0.01214737
0.01014246
0.04009811
0.02983771
0.01603924
-0.08892345
0.04493347
-0.01226530
0.05955748
-0.02582790
0.04858947
0.03396546
0.01592131
-0.03007358
-0.02913010
-0.05425038
-0.22124720
0.02629964
0.01603924
0.03089913
0.02700725
-0.12666284
-0.02441267
-0.00436362
-0.14223035
0.06250587
0.00106142
-0.09198978
0.03679591
0.02394093
-0.07253040
-0.05637322
0.03703178
-0.03797527
-0.00589678
-0.02854042
0.03785733
0.05212754
0.02759693
-0.03762146
0.01780828
-0.15260868
0.01485989
0.04965089
0.03337578
0.00389188
-0.07583260
0.04729218
-0.13149820
0.05967542
-0.05814226
-0.01981318
0.04516934
0.00601472
0.04245682
0.02924803
-0.02830455
-0.05248135
-0.04469760
0.03007358
0.02441267
0.01981318
0.01780828
0.02040286
-0.01721860
0.02394093
0.01544956
-0.01485989
0.03007358
-0.00896311
0.02181809
-0.04410792
-0.02759693
-0.17737516
-0.00990659
0.02075667
0.04575902
0.02358712
0.02641758
-0.07477118
0.04623076
0.03538068
0.07595053
0.00188697
0.07087930
0.05271722
0.07901686
0.06061890
0.03313991
0.01462402
-0.21617597
0.03868288
0.04481553
0.07359182
0.07795544
-0.01603924
0.02759693
0.07182279
-0.10861870
0.10873663
0.06604394
-0.08007828
0.09883004
0.07984241
-0.05601941
0.01627511
0.11510516
0.06604394
0.09611752
0.05236341
0.09682514
0.13774879
0.12701665
0.08609300
0.11970464
-0.15756197
0.05778845
0.09505610
0.12170955
0.12512968
0.08762616
0.13763086
-0.03998017
0.14529667
-0.02618171
0.05613735
0.15744404
0.11203883
0.12454000
0.14411731
0.12843188
0.13173408
0.09658926
0.10968012
0.09647133
0.13845641
0.12949330
0.17324741
0.14199447
0.14199447
0.16959141
0.12796014
0.14329177
0.13857434
0.17242186
0.15048584
0.14895267
0.01627511
0.07099724
0.11781767
0.14081512
0.15579294
0.10095288
0.14470699
0.14977822
0.11699212
0.18798936
0.10519856
0.13562595
0.04233888
0.05802432
0.11769974
0.16711476
0.16180766
0.17218599
0.15897720
0.13715911
0.13715911
0.14470699
0.22183688
0.10791108
0.06356729
0.12784220
0.15319836
0.12241716
0.16522779
0.13220582
0.13090853
0.17136044
0.15166519
0.11628451
0.09706101
0.13173408
0.10449095
0.16829411
0.10979805
0.16310495
0.17041696
0.16404843
0.13763086
0.06250587
-117935.60964750
-117935.60964750
-117935.60964750
-117935.60964750
-117935.60964750
-117935.60964750
-117935.60964750
-117935.60964750
-117935.60964750
-117935.60964750
-117935.60964750
-117935.60964750
-117935.60964750
-117935.60964750
-117935.60964750
-117935.60964750
-117935.60964750
-117935.60964750
-117935.60964750
-117935.60964750
-117935.60964750
-117935.60964750
-117935.60964750
-117935.60964750
-117935.60964750
-117935.60964750
-117935.60964750
-117935.60964750
-117935.60964750
-117935.60964750
-117935.60964750
-117935.60964750
-117935.60964750
-117935.60964750
-117935.60964750
-117935.60964750
-117935.60964750
-117935.60964750
-117935.60964750
-117935.60964750
-117935.60964750
-117935.60964750
-117935.60964750
-117935.60964750
-117935.60964750
-117935.60964750
-117935.60964750
-117935.60964750
-117935.60964750
-117935.60964750
-117935.60964750
-117935.60964750
-117935.60964750
-117935.60964750
-117935.60964750
-117935.60964750
-117935.60964750
-117935.60964750
-117935.60964750
-117935.60964750
-117935.60964750
-117935.60964750
-117935.60964750
-117935.60964750
0.00247665
-0.03561655
0.00589678
0.03443720
0.00212284
-0.02075667
-0.20131609
0.03962636
-0.01863383
0.08161144
-0.04151333
0.07842718
0.01792621
0.01226530
-0.03632417
-0.00365600
-0.03585243
-0.29755154
0.04127746
0.00000000
0.00813756
0.05460419
-0.19270679
-0.03125294
0.00471742
-0.22219069
0.10036320
-0.00990659
-0.20827429
0.05283515
0.01379847
-0.18256432
-0.10614205
0.06168032
-0.04870741
-0.01839796
-0.08986693
0.00919898
0.05743464
0.02122841
-0.05625529
0.03101707
-0.25875073
-0.00082555
0.02146428
0.00955278
-0.03455513
-0.12913949
0.05731671
-0.22030372
0.07406356
-0.19966499
-0.10791108
0.05649116
-0.00247665
0.02983771
0.04540521
-0.03148881
0.00707614
-0.01662892
0.07830924
0.03148881
0.02323332
-0.03656004
0.03891875
-0.01639305
0.04009811
0.04186714
-0.01462402
0.01957731
-0.03714972
0.03691385
-0.05896780
-0.02040286
-0.26040183
-0.03078119
0.00872724
0.04316443
0.00530710
-0.01202943
-0.19872150
0.03184261
0.00943485
0.08208318
-0.03361165
0.08656474
0.02063873
0.02311538
-0.01143975
0.02405886
0.01120388
-0.24731097
0.06061890
0.01368053
0.02335125
0.07701195
-0.17961593
-0.00471742
0.05248135
-0.20367480
0.11380786
0.01886970
-0.19648073
0.08397015
0.04021604
-0.19730627
-0.08951313
0.10614205
0.01368053
0.05495799
-0.02936597
0.05719877
0.12064813
0.10059908
0.03714972
0.13291343
-0.20438241
0.06616188
0.08833377
0.07783750
0.04976883
-0.03196055
0.13998957
-0.15826959
0.16110004
-0.17466264
-0.05767051
0.14682983
0.07795544
0.10543444
0.13244169
0.06262381
0.12383239
0.10531650
0.17619580
0.13338517
0.12760633
0.06934614
0.15119345
0.11038773
0.15638262
0.18232845
0.11545896
0.13939989
0.09151803
0.18020561
0.09151803
0.15260868
-0.07937067
0.08750822
0.13586182
0.17171425
0.15673643
0.09470229
-0.05542974
0.16923760
0.12064813
0.24070658
0.11486928
0.19860357
0.10024527
0.09694307
0.09540991
0.17454470
0.16841205
0.01415227
0.22761573
0.17136044
0.17147838
0.20709493
0.00495330
0.13255963
0.11015186
0.01026040
0.24318323
0.15720817
0.01250117
0.19518343
0.16298701
0.03526275
0.09741481
0.17973387
0.11215676
0.16829411
0.10743934
0.20520796
0.17985180
0.20662319
0.15119345
0.24731097
0.13975370
0.19188124
0.18433336
-117935.60964750
-117935.60964750
-117935.60964750
-117935.60964750
-117935.60964750
-117935.60964750
-117935.60964750
-117935.60964750
-117935.60964750
-117935.60964750
-117935.60964750
-117935.60964750
-117935.60964750
-117935.60964750
-117935.60964750
-117935.60964750
-117935.60964750
-117935.60964750
-117935.60964750
-117935.60964750
-117935.60964750
-117935.60964750
-117935.60964750
-117935.60964750
-117935.60964750
-117935.60964750
-117935.60964750
-117935.60964750
-117935.60964750
-117935.60964750
-117935.60964750
-117935.60964750
-117935.60964750
-117935.60964750
-117935.60964750
-117935.60964750
-117935.60964750
-117935.60964750
-117935.60964750
-117935.60964750
-117935.60964750
-117935.60964750
-117935.60964750
-117935.60964750
-117935.60964750
-117935.60964750
-117935.60964750
-117935.60964750
-117935.60964750
-117935.60964750
-117935.60964750
-117935.60964750
-117935.60964750
-117935.60964750
-117935.60964750
-117935.60964750
-117935.60964750
-117935.60964750
-117935.60964750
-117935.60964750
-117935.60964750
-117935.60964750
-117935.60964750
-0.00117936
-0.10531650
-0.05531180
-0.02641758
-0.07028962
-0.09918385
-0.33977249
-0.01957731
-0.06285968
0.02924803
-0.10614205
0.03632417
-0.04222095
-0.06002923
-0.11545896
-0.06545426
-0.10142462
-0.43612588
-0.04080572
-0.09552784
-0.09529197
-0.00294839
-0.30816575
-0.10401921
-0.04068779
-0.37397382
0.04457966
-0.10000940
-0.34106978
-0.01415227
-0.07925273
-0.33906488
-0.21405313
0.00860930
-0.11133122
-0.10956218
-0.21358139
-0.11722800
-0.02264364
-0.07264834
-0.14105099
-0.04174921
-0.38329073
-0.07771957
-0.06745917
-0.07453531
-0.13043678
-0.21346345
-0.00283045
-0.33446539
0.01297292
-0.34578721
-0.21546836
-0.00931691
-0.06969995
-0.03667797
-0.03372958
-0.12041226
-0.05000470
-0.07253040
0.04257476
-0.03313991
-0.05719877
-0.14918855
-0.02700725
-0.07618640
-0.00188697
-0.01497782
-0.09859417
-0.07571466
-0.13810260
-0.03762146
-0.13562595
-0.09529197
-0.38222931
-0.10272192
-0.07052549
-0.02913010
-0.07017169
-0.08055002
-0.33057351
-0.04363618
-0.07500705
0.01627511
-0.10012733
0.03797527
-0.03408339
-0.06285968
-0.11416167
-0.04292856
-0.05024057
-0.28328133
0.00483536
-0.06781298
-0.08255493
0.01592131
-0.31135001
-0.07146898
-0.00731201
-0.28764495
0.06179826
-0.07312008
-0.28717321
0.02264364
-0.03431926
-0.30144342
-0.19093775
0.04776392
-0.06533633
-0.02394093
-0.10791108
-0.02818661
0.03585243
-0.01002453
-0.07901686
0.04269269
-0.27243126
-0.01297292
-0.01026040
-0.02464854
-0.07889892
-0.17301154
0.06097271
-0.23999897
0.06745917
-0.30144342
-0.18114910
0.03408339
-0.03019152
0.00011794
0.00212284
-0.07795544
-0.00212284
-0.01993112
0.08231906
0.02677138
-0.00389188
-0.08066796
0.01238324
-0.03184261
0.04021604
0.06297762
0.00919898
0.00424568
-0.06073684
0.02995564
-0.04493347
0.01969525
-0.18421542
-0.01686479
0.00778375
0.03431926
0.00896311
-0.02665345
-0.19671660
0.03290404
-0.03313991
0.08444190
-0.04104159
0.07795544
0.00684027
-0.02913010
-0.07158692
0.00129729
-0.01356260
-0.16475605
0.07724782
0.01356260
-0.00389188
0.05566561
-0.21959611
-0.02783280
-0.01096801
-0.14246622
0.09281532
-0.03644210
-0.17938006
0.02901216
-0.00860930
-0.12961124
-0.08137557
0.03431926
-0.06250587
-0.02830455
-0.06911027
0.03762146
0.02983771
0.01085008
-0.05767051
0.04764599
-0.06238794
0.04410792
0.04281063
0.01120388
-117935.60964750
-117935.60964750
-117935.60964750
-117935.60964750
-117935.60964750
-117935.60964750
-117935.60964750
-117935.60964750
-117935.60964750
-117935.60964750
-117935.60964750
-117935.60964750
-117935.60964750
-117935.60964750
-117935.60964750
-117935.60964750
-117935.60964750
-117935.60964750
-117935.60964750
-117935.60964750
-117935.60964750
-117935.60964750
-117935.60964750
-117935.60964750
-117935.60964750
-117935.60964750
-117935.60964750
-117935.60964750
-117935.60964750
-117935.60964750
-117935.60964750
-117935.60964750
-117935.60964750
-117935.60964750
-117935.60964750
-117935.60964750
-117935.60964750
-117935.60964750
-117935.60964750
-117935.60964750
-117935.60964750
-117935.60964750
-117935.60964750
-117935.60964750
-117935.60964750
-117935.60964750
-117935.60964750
-117935.60964750
-117935.60964750
-117935.60964750
-117935.60964750
-117935.60964750
-117935.60964750
-117935.60964750
-117935.60964750
-117935.60964750
-117935.60964750
-117935.60964750
-117935.60964750
-117935.60964750
-117935.60964750
-117935.60964750
0.00082555
-0.06238794
-0.00695820
0.01651099
-0.02547409
-0.05059438
-0.28446069
0.00294839
-0.05083025
0.06168032
-0.06887440
0.07335595
-0.00813756
-0.03243229
-0.09222565
-0.01769034
-0.03868288
-0.28446069
0.04422585
-0.03361165
-0.04115953
0.04281063
-0.27879978
-0.05236341
-0.00554297
-0.26653448
0.08986693
-0.05083025
-0.27785630
0.03443720
-0.02453061
-0.27514378
-0.17206805
0.04670250
-0.07807337
-0.04564108
-0.12913949
-0.02559203
0.02547409
-0.03431926
-0.11463341
0.00825549
-0.28811669
-0.01120388
-0.01155769
-0.03691385
-0.09529197
-0.18975840
0.03927256
-0.24011690
0.05554767
-0.28387101
-0.18374368
0.02052080
-0.04564108
-0.01544956
-0.00353807
-0.10071701
-0.00872724
-0.03125294
0.08691854
0.01792621
-0.02028492
-0.10861870
-0.00577884
-0.06073684
0.01238324
0.02335125
-0.02323332
-0.01792621
-0.10177843
-0.00754788
-0.11640245
-0.05460419
-0.31465221
-0.06144445
-0.02476648
0.00554297
-0.04316443
-0.05578354
-0.29035747
-0.01769034
-0.04941502
0.03384752
-0.09588165
0.05967542
-0.00235871
-0.02747900
-0.10260398
-0.04340030
-0.05200960
-0.29283412
0.04741012
-0.03290404
-0.03137087
0.03372958
-0.33139906
-0.06097271
0.01285498
-0.27903565
0.08514951
-0.04210301
-0.28953192
0.04741012
-0.00860930
-0.27313887
-0.16369463
0.07099724
-0.05778845
-0.01391640
-0.09729688
0.00660439
0.07524292
0.01662892
-0.07040756
0.06368523
-0.28210198
0.04127746
0.05283515
0.01615718
-0.04163127
-0.15968482
0.09670720
-0.24896207
0.12536555
-0.24542400
-0.13208788
0.08986693
0.01143975
0.05460419
0.06439284
-0.03278610
0.04222095
0.03231436
0.14399938
0.09540991
0.06061890
-0.00070761
0.07630434
0.02099254
0.09434849
0.12029432
0.07182279
0.08750822
0.01085008
0.10567031
-0.01533163
0.08007828
-0.17242186
0.04929708
0.10567031
0.12689872
0.08998487
0.03750352
-0.18763555
0.11156709
0.04457966
0.18008768
0.02677138
0.15732610
0.07158692
0.06380316
0.02087460
0.08514951
0.06097271
-0.17879038
0.16263321
0.10260398
0.10956218
0.14777332
-0.15414184
0.04646663
0.05000470
-0.12654491
0.19695247
0.07889892
-0.12619110
0.13114440
0.08220112
-0.10342953
-0.00518917
0.13173408
0.02570996
0.07076137
0.00625059
0.12312478
0.12843188
0.10838283
0.02276157
0.13574389
-0.07677608
0.11994052
0.12666284
0.11852529
0.07889892
-117935.60964750
-117935.60964750
-117935.60964750
-117935.60964750
-117935.60964750
-117935.60964750
-117935.60964750
-117935.60964750
-117935.60964750
-117935.60964750
-117935.60964750
-117935.60964750
-117935.60964750
-117935.60964750
-117935.60964750
-117935.60964750
-117935.60964750
-117935.60964750
-117935.60964750
-117935.60964750
-117935.60964750
-117935.60964750
-117935.60964750
-117935.60964750
-117935.60964750
-117935.60964750
-117935.60964750
-117935.60964750
-117935.60964750
-117935.60964750
-117935.60964750
-117935.60964750
-117935.60964750
-117935.60964750
-117935.60964750
-117935.60964750
-117935.60964750
-117935.60964750
-117935.60964750
-117935.60964750
-117935.60964750
-117935.60964750
-117935.60964750
-117935.60964750
-117935.60964750
-117935.60964750
-117935.60964750
-117935.60964750
-117935.60964750
-117935.60964750
-117935.60964750
-117935.60964750
-117935.60964750
-117935.60964750
-117935.60964750
-117935.60964750
-117935.60964750
-117935.60964750
-117935.60964750
-117935.60964750
-117935.60964750
0.00342013
-0.00318426
0.05165580
0.07323801
0.02736106
0.00070761
-0.20037260
0.04552315
-0.00094348
0.10366540
-0.03868288
0.10390127
0.02677138
0.01509576
-0.03856494
0.01839796
-0.00058968
-0.22749779
0.09906591
0.02193602
0.03538068
0.08408809
-0.15815165
-0.00790169
0.04292856
-0.17489851
0.13385692
0.01450608
-0.18468716
0.08715442
0.04340030
-0.15767991
-0.07429943
0.09694307
-0.00837343
0.03243229
-0.04398998
0.08066796
0.10095288
0.07028962
-0.00931691
0.10295779
-0.17949800
0.06875646
0.07618640
0.05342483
0.00849136
-0.10024527
0.11498722
-0.17006315
0.12548349
-0.19718834
-0.10177843
0.09128216
0.00931691
0.04021604
0.06061890
-0.02795074
0.05625529
0.02405886
0.12937536
0.06144445
0.03797527
-0.02783280
0.06156239
0.00023587
0.06120858
0.08019621
0.04988676
0.05566561
-0.02181809
0.07005375
-0.03455513
0.01945938
-0.22077546
0.00035381
0.06014716
0.08597506
0.03986224
0.00790169
-0.19400408
0.05554767
0.02559203
0.10850076
-0.03479100
0.11581277
0.03679591
0.02512028
-0.03573449
0.00919898
0.00129729
-0.25120285
0.09871211
0.01120388
0.02889422
0.08125764
-0.23138967
-0.00742994
0.07406356
-0.20803842
0.13409279
0.02936597
-0.22006785
0.10838283
0.05637322
-0.21487868
-0.09776862
0.12512968
0.01415227
0.05861400
-0.03502688
0.07005375
0.14140480
0.09305120
0.01769034
0.14529667
-0.22655431
0.10814695
0.12288891
0.08196525
0.04292856
-0.05342483
0.16711476
-0.16829411
0.20933571
-0.18055942
-0.06120858
0.17879038
0.08927726
0.13656944
0.16039243
0.05755258
0.13810260
0.13350311
0.24011690
0.18433336
0.15331629
0.08668267
0.17560612
0.12536555
0.19011220
0.22513908
0.16994521
0.19282472
0.11416167
0.22643637
0.09116423
0.18775349
-0.10107082
0.13480040
0.20674112
0.24223974
0.21027919
0.13881021
-0.10166050
0.22737986
0.17277567
0.31477014
0.15484946
0.27195952
0.16581747
0.16829411
0.13161614
0.21487868
0.20591557
-0.02618171
0.31099620
0.22761573
0.24790065
0.27066222
-0.03502688
0.17619580
0.17171425
-0.00825549
0.33399365
0.24306529
-0.00448155
0.29649012
0.25061317
0.02028492
0.13385692
0.28221991
0.17890832
0.26051976
0.16923760
0.27750249
0.28174817
0.26995461
0.17737516
0.31559569
0.06911027
0.26146325
0.25603821
0.24282942
0.22171895
0.09446642
-117935.60964750
-117935.60964750
-117935.60964750
-117935.60964750
-117935.60964750
-117935.60964750
-117935.60964750
-117935.60964750
-117935.60964750
-117935.60964750
-117935.60964750
-117935.60964750
-117935.60964750
-117935.60964750
-117935.60964750
-117935.60964750
-117935.60964750
-117935.60964750
-117935.60964750
-117935.60964750
-117935.60964750
-117935.60964750
-117935.60964750
-117935.60964750
-117935.60964750
-117935.60964750
-117935.60964750
-117935.60964750
-117935.60964750
-117935.60964750
-117935.60964750
-117935.60964750
-117935.60964750
-117935.60964750
-117935.60964750
-117935.60964750
-117935.60964750
-117935.60964750
-117935.60964750
-117935.60964750
-117935.60964750
-117935.60964750
-117935.60964750
-117935.60964750
-117935.60964750
-117935.60964750
-117935.60964750
-117935.60964750
-117935.60964750
-117935.60964750
-117935.60964750
-117935.60964750
-117935.60964750
-117935.60964750
-117935.60964750
-117935.60964750
-117935.60964750
-117935.60964750
-117935.60964750
-117935.60964750
0.00106142
-0.05507593
-0.01922350
-0.01261911
-0.03773940
-0.05083025
-0.16829411
-0.00849136
-0.04422585
0.01250117
-0.07677608
0.02087460
-0.02453061
-0.03396546
-0.07654021
-0.02028492
-0.04210301
-0.20402860
0.02075667
-0.00943485
-0.01250117
0.02052080
-0.24223974
-0.05342483
-0.04493347
-0.21794501
0.04033398
-0.05047644
-0.20957158
-0.00825549
-0.04481553
-0.20485415
-0.13279550
0.00908104
-0.08102176
-0.06521839
-0.11368993
-0.03844701
0.00129729
-0.03797527
-0.10342953
-0.03832907
-0.26311435
-0.04210301
-0.02559203
-0.03608830
-0.08231906
-0.16216146
-0.00035381
-0.19718834
0.01533163
-0.14128686
-0.10118875
-0.00601472
-0.05236341
-0.03573449
-0.02299744
-0.08691854
-0.03231436
-0.03962636
0.02582790
-0.00058968
-0.01509576
-0.04906121
0.00082555
-0.04446172
-0.00318426
-0.00719407
-0.04953296
-0.01710066
-0.05873193
-0.01332672
-0.10189637
-0.04988676
-0.24294736
-0.05189167
-0.01603924
-0.00188697
-0.03549862
-0.05519387
-0.21688359
-0.02453061
-0.04469760
0.00695820
-0.07618640
0.01309085
-0.02429474
-0.03266816
-0.06899233
-0.03231436
-0.04717424
-0.24389084
0.00400981
-0.01427021
0.00023587
0.02441267
-0.13539008
-0.03998017
-0.01710066
-0.22242656
0.05295309
-0.02842248
-0.17702135
0.01450608
-0.02299744
-0.18775349
-0.10567031
0.03078119
-0.03384752
-0.02311538
-0.08043209
-0.02370506
0.02629964
-0.00058968
-0.05295309
0.01533163
-0.22018578
-0.00542504
0.01285498
0.01686479
-0.00919898
-0.07406356
0.04752805
-0.19683453
0.05307102
-0.16723269
-0.07677608
0.04493347
-0.00306633
0.01096801
0.01320879
-0.04198508
0.00106142
-0.00400981
0.05000470
0.02040286
0.01485989
-0.01863383
0.04281063
0.01061420
0.04398998
0.04387205
-0.00672233
0.01497782
-0.01745447
0.03962636
-0.03125294
0.01261911
-0.19990086
-0.02252570
0.02854042
0.05413244
0.04528727
0.01721860
-0.11769974
0.03349371
-0.00625059
0.07524292
-0.01320879
0.05943955
0.00165110
-0.00766581
-0.01698273
0.02889422
0.02004905
-0.11876116
0.05012263
0.02358712
0.02111047
0.06545426
-0.06333142
0.01509576
0.01214737
-0.11970464
0.09340500
0.01828002
-0.07229453
0.05896780
0.02913010
-0.09257945
-0.04552315
0.05283515
-0.00188697
0.02618171
-0.00636852
0.04976883
0.04398998
0.03479100
0.00400981
0.05566561
-0.07418150
0.02842248
0.02995564
0.04764599
0.03573449
0.00742994
0.08503157
-117935.60964750
-117935.60964750
-117935.60964750
-117935.60964750
-117935.60964750
-117935.60964750
-117935.60964750
-117935.60964750
-117935.60964750
-117935.60964750
-117935.60964750
-117935.60964750
-117935.60964750
-117935.60964750
-117935.60964750
-117935.60964750
-117935.60964750
-117935.60964750
-117935.60964750
-117935.60964750
-117935.60964750
-117935.60964750
-117935.60964750
-117935.60964750
-117935.60964750
-117935.60964750
-117935.60964750
-117935.60964750
-117935.60964750
-117935.60964750
-117935.60964750
-117935.60964750
-117935.60964750
-117935.60964750
-117935.60964750
-117935.60964750
-117935.60964750
-117935.60964750
-117935.60964750
-117935.60964750
-117935.60964750
-117935.60964750
-117935.60964750
-117935.60964750
-117935.60964750
-117935.60964750
-117935.60964750
-117935.60964750
-117935.60964750
-117935.60964750
-117935.60964750
-117935.60964750
-117935.60964750
-117935.60964750
-117935.60964750
-117935.60964750
-117935.60964750
-117935.60964750
-117935.60964750
0.02842248
0.20721287
0.27019048
0.41772793
0.42503994
0.35958567
0.23457393
0.41336431
0.34897147
0.52740805
0.33422952
0.38352660
0.23127173
0.27231332
0.36949227
0.63425771
0.67329440
0.35958567
0.67506343
0.74028182
0.79299904
0.73226220
0.56738822
0.60241509
0.41890729
-0.04906121
0.77542663
0.62152066
0.07158692
0.66079322
0.67812976
0.25981215
0.33387571
0.56620886
0.50511822
0.68673905
0.49214530
0.51691178
0.63060170
0.74205086
0.60265097
0.80019311
0.26500131
0.45287274
0.55182072
0.63343216
0.66680794
0.48294632
0.70997237
0.18456923
0.66798729
0.13586182
0.33930075
0.70525495
0.57694100
0.54262174
0.71893548
0.53271515
0.56915725
0.60406619
0.56550125
0.64510778
0.82165739
0.71421805
0.88263010
0.76917605
0.74299434
0.82036010
0.51820907
0.64369256
0.60689665
0.77353966
0.53554560
0.84158851
0.44744770
0.51160467
0.64357462
0.76929398
0.80396705
0.58802695
0.42692691
0.72270942
0.55736369
0.83392270
0.60795807
0.65796277
0.42244535
0.47421909
0.57411055
0.70560875
0.75773629
0.38234725
0.78179516
0.78509735
0.81422745
0.79311697
0.64027242
0.76728908
0.69534835
0.57186977
0.81800139
0.79040446
0.12159161
0.78049786
0.80844860
0.36182645
0.50594377
0.70761366
0.73804105
0.92143092
0.74877319
0.73544646
0.85326414
0.88581436
0.73214426
1.05870797
0.47504464
0.90185361
0.99419719
0.94053649
1.02568600
0.98664931
1.05422641
0.69971197
1.16626524
0.34849973
0.48377187
1.11378390
0.97568130
0.96400567
1.21568026
1.00044778
1.01896367
1.11154312
1.15223091
1.19362631
1.23891358
1.05481609
1.23985706
1.24504623
1.23561138
1.41923713
1.23266299
1.36699165
1.16909570
1.38633309
0.97579923
1.41711429
0.70784953
1.09019678
1.26379799
1.45025419
1.52879931
1.26710019
0.96412361
1.54236190
1.48551694
1.80299960
1.51063722
1.45025419
1.15777388
1.31568966
1.45296671
1.74662638
1.82411007
1.52007207
1.90277313
1.83613951
1.88767737
1.74391386
0.89961283
1.64189956
1.25695773
1.35095241
1.82811989
1.95725938
1.22464337
1.84710752
1.85760379
1.41699635
1.66914268
1.64968331
1.65180615
2.06198620
1.91798682
2.04217302
1.75323077
2.02955391
1.82729434
2.13675738
2.17213806
1.93249290
1.89251273
1.99134277
2.19655073
2.00950485
2.08911139
2.52040191
-117935.60964750
-117935.60964750
-117935.60964750
-117935.60964750
-117935.60964750
-117935.60964750
-117935.60964750
-117935.60964750
-117935.60964750
-117935.60964750
-117935.60964750
-117935.60964750
-117935.60964750
-117935.60964750
-117935.60964750
-117935.60964750
-117935.60964750
-117935.60964750
-117935.60964750
-117935.60964750
-117935.60964750
-117935.60964750
-117935.60964750
-117935.60964750
-117935.60964750
-117935.60964750
-117935.60964750
-117935.60964750
-117935.60964750
-117935.60964750
-117935.60964750
-117935.60964750
-117935.60964750
-117935.60964750
-117935.60964750
-117935.60964750
-117935.60964750
-117935.60964750
-117935.60964750
-117935.60964750
-117935.60964750
-117935.60964750
-117935.60964750
-117935.60964750
-117935.60964750
-117935.60964750
-117935.60964750
-117935.60964750
-117935.60964750
-117935.60964750
-117935.60964750
-117935.60964750
-117935.60964750
-117935.60964750
-117935.60964750
-117935.60964750
-117935.60964750
-117935.60964750
0.00129729
-0.04882534
-0.00094348
0.00731201
-0.03125294
-0.04799979
-0.22466734
-0.00978866
-0.04340030
0.03137087
-0.07052549
0.04233888
-0.01356260
-0.02759693
-0.07465324
-0.02087460
-0.04186714
-0.22101133
0.02936597
-0.02488441
-0.02158222
0.02323332
-0.22773366
-0.05849606
-0.03278610
-0.21877056
0.05366070
-0.04257476
-0.17654961
0.01120388
-0.03608830
-0.22219069
-0.13774879
0.02724313
-0.06816678
-0.04493347
-0.10166050
-0.01273705
0.01674686
-0.02323332
-0.08715442
-0.00908104
-0.24636749
-0.02559203
-0.01662892
-0.03255023
-0.07712989
-0.16216146
0.01061420
-0.22112927
0.02122841
-0.19176330
-0.11864322
0.00023587
-0.05696290
-0.03278610
-0.03243229
-0.10000940
-0.02417680
-0.03679591
0.04776392
-0.00212284
-0.03290404
-0.07807337
-0.01910557
-0.06227000
-0.00707614
-0.00849136
-0.04387205
-0.02559203
-0.07547879
-0.01061420
-0.09104629
-0.06120858
-0.27349268
-0.06274174
-0.02641758
-0.00424568
-0.04245682
-0.05200960
-0.24153213
-0.03667797
-0.05566561
0.00448155
-0.08927726
0.02323332
-0.01474195
-0.03526275
-0.09033868
-0.05519387
-0.06439284
-0.26464751
0.00672233
-0.04174921
-0.02913010
0.01143975
-0.19482963
-0.06026510
-0.00766581
-0.25839692
0.05283515
-0.04658457
-0.19883944
0.02040286
-0.02488441
-0.21334552
-0.13704118
0.03290404
-0.05837813
-0.03455513
-0.09458436
-0.01981318
0.03137087
-0.00990659
-0.06415697
0.02252570
-0.22832334
0.00377394
0.01379847
-0.00129729
-0.03597036
-0.11003392
0.04941502
-0.21900643
0.06014716
-0.21747326
-0.10850076
0.04505140
-0.00931691
0.02677138
0.01474195
-0.05507593
-0.00271252
-0.00589678
0.07477118
0.03703178
0.01462402
-0.02228983
0.03679591
-0.00165110
0.04976883
0.05696290
0.01143975
0.02193602
-0.02512028
0.04776392
-0.02500235
0.02099254
-0.18173877
-0.00931691
0.03467307
0.05826019
0.03903669
0.01403434
-0.13951783
0.03762146
-0.01108595
0.08326254
-0.02523822
0.07795544
0.01886970
0.00955278
-0.02228983
0.01391640
0.00058968
-0.15956688
0.06403904
0.01757241
0.01804415
0.06510046
-0.10814695
0.00247665
0.02228983
-0.12347858
0.10743934
0.01155769
-0.12041226
0.06580807
0.03172468
-0.09540991
-0.04540521
0.06203413
-0.02311538
0.00790169
-0.03172468
0.04564108
0.05377864
0.02358712
-0.02335125
0.04741012
-0.12265303
0.03290404
0.03420133
0.03408339
0.00719407
-0.04917915
0.07701195
-0.06274174
0.07677608
-117935.60964750
-117935.60964750
-117935.60964750
-117935.60964750
-117935.60964750
-117935.60964750
-117935.60964750
-117935.60964750
-117935.60964750
-117935.60964750
-117935.60964750
-117935.60964750
-117935.60964750
-117935.60964750
-117935.60964750
-117935.60964750
-117935.60964750
-117935.60964750
-117935.60964750
-117935.60964750
-117935.60964750
-117935.60964750
-117935.60964750
-117935.60964750
-117935.60964750
-117935.60964750
-117935.60964750
-117935.60964750
-117935.60964750
-117935.60964750
-117935.60964750
-117935.60964750
-117935.60964750
-117935.60964750
-117935.60964750
-117935.60964750
-117935.60964750
-117935.60964750
-117935.60964750
-117935.60964750
-117935.60964750
-117935.60964750
-117935.60964750
-117935.60964750
-117935.60964750
-117935.60964750
-117935.60964750
-117935.60964750
-117935.60964750
-117935.60964750
-117935.60964750
-117935.60964750
-117935.60964750
-117935.60964750
-117935.60964750
-117935.60964750
-117935.60964750
0.02063873
0.28681940
0.26110944
0.38317280
0.38612119
0.29943851
0.18739968
0.44756564
0.35687315
0.53259721
0.36442103
0.38104995
0.27431823
0.25639202
0.30392007
0.51313784
0.56373221
0.26452957
0.63755991
0.68555970
0.71351044
0.69310758
0.55005168
0.65937799
0.53259721
0.39697126
0.75738249
0.60984504
-0.12548349
0.61550595
0.63638055
0.21027919
0.35050463
0.55571259
0.53236134
0.69546629
0.52563901
0.50382092
0.61762879
0.70053752
0.52139333
0.80915622
0.46018475
0.55866098
0.62211034
0.63626261
0.62647396
0.37114336
0.71339250
0.24353703
0.68968745
0.16499192
0.27490791
0.66315193
0.53920161
0.50547202
0.72683716
0.58802695
0.59604657
0.57128009
0.55217452
0.59840528
0.78521529
0.59781561
0.86611912
0.76799669
0.70360385
0.89418779
0.74771177
0.77047334
0.61255756
0.70902889
0.39024893
0.81788345
0.40640611
0.53872986
0.68119608
0.76846843
0.78155929
0.54108858
0.40782134
0.78556910
0.60795807
0.87791268
0.64522572
0.68402654
0.44992435
0.49462195
0.58130462
0.68060640
0.69688152
0.40015552
0.77578044
0.74582480
0.77000160
0.75042428
0.27832804
0.72813445
0.58590411
0.79016858
0.77825709
0.86942131
0.33953662
0.77306792
0.76056675
0.17572406
0.40734960
0.71044411
0.70065546
0.90810419
0.76151023
0.78391800
0.85703808
0.87979965
0.69758913
0.99054119
0.39649952
0.86104789
0.97308672
0.88793721
0.93841365
0.79901376
0.98995151
0.66645413
1.14562651
0.70938269
0.69310758
1.11189693
0.93133751
0.87897410
1.15694833
0.94867404
1.01613321
1.10269795
1.15175916
1.17298757
1.19669263
1.01035437
1.16850602
1.17015712
1.13418676
1.38609722
1.29953248
1.47549241
1.28207801
1.42536978
0.98228569
1.35767474
0.59510309
1.06967598
1.23396028
1.41793983
1.43126656
1.14621619
0.64463604
1.47773319
1.43327146
1.77728964
1.55179675
1.43409701
1.20789651
1.34835783
1.43645573
1.67527534
1.72410068
1.25542456
1.83861615
1.81078335
1.93437987
1.69850865
0.94572565
1.55781147
1.16579350
1.05953352
1.79556966
1.96044364
1.34305072
1.83979551
1.81420348
1.23348854
1.54932010
1.64779634
1.65098060
2.07708196
1.89746602
2.01516576
1.77103905
2.05302309
1.83189382
2.13628563
2.11847736
1.88755943
1.87953981
1.95030118
2.15869340
1.87541206
2.00419775
1.95796699
1.96091538
2.51238229
-117935.60964750
-117935.60964750
-117935.60964750
-117935.60964750
-117935.60964750
-117935.60964750
-117935.60964750
-117935.60964750
-117935.60964750
-117935.60964750
-117935.60964750
-117935.60964750
-117935.60964750
-117935.60964750
-117935.60964750
-117935.60964750
-117935.60964750
-117935.60964750
-117935.60964750
-117935.60964750
-117935.60964750
-117935.60964750
-117935.60964750
-117935.60964750
-117935.60964750
-117935.60964750
-117935.60964750
-117935.60964750
-117935.60964750
-117935.60964750
-117935.60964750
-117935.60964750
-117935.60964750
-117935.60964750
-117935.60964750
-117935.60964750
-117935.60964750
-117935.60964750
-117935.60964750
-117935.60964750
-117935.60964750
-117935.60964750
-117935.60964750
-117935.60964750
-117935.60964750
-117935.60964750
-117935.60964750
-117935.60964750
-117935.60964750
-117935.60964750
-117935.60964750
-117935.60964750
-117935.60964750
-117935.60964750
-117935.60964750
-117935.60964750
0.01273705
0.19046601
0.20084434
0.25143872
0.21558629
0.14859887
-0.03455513
0.28068675
0.19471169
0.35250954
0.20685906
0.26582686
0.18681001
0.17301154
0.16534572
0.27113397
0.27644107
0.00377394
0.37963473
0.37090749
0.39508429
0.40239630
0.14305589
0.35191986
0.28917811
0.24742891
0.46101030
0.37149717
-0.08467777
0.36984607
0.34720243
-0.01686479
0.13326724
0.34201327
0.28681940
0.38930545
0.27868185
0.31760060
0.38270105
0.40369359
0.25285395
0.46902992
0.16664302
0.35616554
0.40298598
0.39343319
0.36265200
0.13951783
0.43789492
0.03172468
0.43612588
0.07689402
0.15095758
0.40758547
0.28988573
0.26901113
0.41525128
0.31087827
0.36666181
0.32904035
0.36512865
0.34908940
0.43683350
0.29884883
0.48223871
0.39956585
0.38010647
0.52092159
0.47929032
0.49603717
0.36984607
0.43129052
0.19600898
0.43683350
0.06804885
0.28363514
0.40640611
0.46289727
0.43754111
0.28410688
0.08691854
0.45275481
0.33505507
0.53979129
0.36772323
0.43777698
0.27691281
0.30132548
0.32349738
0.38576738
0.37515317
0.08550332
0.45546732
0.40416533
0.43754111
0.43506446
0.01415227
0.36406723
0.29519283
0.25556647
0.47245005
0.50771280
0.21452487
0.47940825
0.43612588
-0.03762146
0.13739499
0.43754111
0.37185098
0.51490687
0.39083861
0.45912333
0.52776185
0.52398791
0.39296145
0.59144708
0.08585712
0.49143769
0.57080835
0.50641551
0.52269062
0.38741848
0.58743727
0.16959141
0.69004125
0.31877995
0.40345772
0.69711739
0.55642021
0.55488704
0.68945157
0.51750146
0.58956011
0.65466057
0.73591820
0.72259148
0.71009031
0.59050360
0.69251790
0.67258678
0.68379066
0.83156398
0.75396235
0.89088560
0.78250277
0.91459065
0.62399731
0.82401610
0.24966969
0.62623809
0.75266506
0.88534262
0.87319525
0.69464074
0.23410219
0.87543603
0.80892035
1.10010337
0.92709183
0.91010910
0.75018841
0.83852218
0.86045821
1.00445759
1.02533219
0.59203676
1.11578880
1.07840321
1.16343479
1.04526331
0.59038566
0.92567660
0.72377084
0.49002246
1.12946933
1.16709079
0.74771177
1.14668793
1.11130725
0.67305852
0.87178003
1.02356316
0.97037420
1.26143928
1.12074210
1.24410275
1.10753331
1.26733606
1.10163653
1.33668220
1.18761159
1.14975426
1.14774935
1.18560668
1.29953248
1.10010337
1.23230919
0.97414814
1.18938062
1.22452543
1.30660862
-117935.60964750
-117935.60964750
-117935.60964750
-117935.60964750
-117935.60964750
-117935.60964750
-117935.60964750
-117935.60964750
-117935.60964750
-117935.60964750
-117935.60964750
-117935.60964750
-117935.60964750
-117935.60964750
-117935.60964750
-117935.60964750
-117935.60964750
-117935.60964750
-117935.60964750
-117935.60964750
-117935.60964750
-117935.60964750
-117935.60964750
-117935.60964750
-117935.60964750
-117935.60964750
-117935.60964750
-117935.60964750
-117935.60964750
-117935.60964750
-117935.60964750
-117935.60964750
-117935.60964750
-117935.60964750
-117935.60964750
-117935.60964750
-117935.60964750
-117935.60964750
-117935.60964750
-117935.60964750
-117935.60964750
-117935.60964750
-117935.60964750
-117935.60964750
-117935.60964750
-117935.60964750
-117935.60964750
-117935.60964750
-117935.60964750
-117935.60964750
-117935.60964750
-117935.60964750
-117935.60964750
-117935.60964750
-117935.60964750
0.00070761
-0.07878099
-0.04823566
-0.01391640
-0.02854042
-0.03703178
-0.17124251
-0.01438814
-0.04799979
0.01710066
-0.06333142
0.03278610
-0.01674686
-0.03726765
-0.08208318
-0.01261911
-0.02193602
-0.19258885
0.03172468
-0.00872724
-0.01603924
0.03597036
-0.16157179
-0.02736106
-0.00306633
-0.24330116
0.06545426
-0.05389657
-0.22785160
0.01639305
-0.01509576
-0.17265773
-0.12972917
0.01981318
-0.07677608
-0.04658457
-0.10331159
-0.02594583
0.00813756
-0.02228983
-0.07689402
0.00283045
-0.19388614
-0.02181809
-0.02346919
-0.03750352
-0.07948860
-0.13739499
0.02134635
-0.16935554
0.02606377
-0.22160101
-0.14506080
0.00283045
-0.03066326
-0.00047174
-0.00365600
-0.08019621
-0.03915462
-0.04127746
0.03679591
0.00766581
-0.00943485
-0.06026510
0.00801962
-0.03290404
0.01592131
0.01580337
-0.04080572
-0.03125294
-0.08302667
-0.01485989
-0.08786203
-0.02865835
-0.19553724
-0.04422585
-0.03313991
-0.00943485
-0.03325784
-0.04115953
-0.17855451
-0.01368053
-0.04304650
0.00813756
-0.08444190
0.02476648
-0.01191150
-0.02287951
-0.07406356
-0.03986224
-0.04705631
-0.23068205
0.01922350
-0.01710066
-0.01969525
0.02818661
-0.18940459
-0.02004905
0.02877629
-0.14458906
0.06415697
-0.03526275
-0.26276054
0.02040286
-0.00837343
-0.17041696
-0.09682514
0.04068779
-0.04304650
-0.02217189
-0.07406356
-0.00495330
0.04281063
0.00766581
-0.05672703
0.03408339
-0.20273131
0.02830455
0.03844701
0.02535616
-0.01651099
-0.08691854
0.07618640
-0.12619110
0.09269739
-0.17690341
-0.11828942
0.05283515
0.00672233
0.02653551
0.05224548
-0.00483536
0.02594583
0.00577884
0.07335595
0.04387205
0.03762146
-0.00931691
0.05849606
0.01934144
0.05873193
0.08172938
0.05460419
0.06038303
0.00235871
0.05542974
-0.03184261
0.04870741
-0.12277097
0.02759693
0.06368523
0.07677608
0.06085477
0.01615718
-0.08149351
0.09151803
0.05366070
0.12159161
0.01073214
0.09411262
0.02476648
0.02264364
0.01049627
0.06533633
0.04717424
-0.08644680
0.10366540
0.06887440
0.06769504
0.09906591
-0.13421072
0.03750352
0.02099254
-0.04776392
0.12737046
0.06203413
-0.08161144
0.08078589
0.04929708
-0.07312008
0.00283045
0.08408809
0.01780828
0.03561655
-0.01073214
0.06392110
0.07064343
0.06793091
0.02217189
0.07630434
-0.05271722
0.06321349
0.06840265
0.07076137
0.04552315
-0.02877629
0.10590618
0.00849136
0.11498722
0.05106612
0.04493347
0.10437301
-117935.60964750
-117935.60964750
-117935.60964750
-117935.60964750
-117935.60964750
-117935.60964750
-117935.60964750
-117935.60964750
-117935.60964750
-117935.60964750
-117935.60964750
-117935.60964750
-117935.60964750
-117935.60964750
-117935.60964750
-117935.60964750
-117935.60964750
-117935.60964750
-117935.60964750
-117935.60964750
-117935.60964750
-117935.60964750
-117935.60964750
-117935.60964750
-117935.60964750
-117935.60964750
-117935.60964750
-117935.60964750
-117935.60964750
-117935.60964750
-117935.60964750
-117935.60964750
-117935.60964750
-117935.60964750
-117935.60964750
-117935.60964750
-117935.60964750
-117935.60964750
-117935.60964750
-117935.60964750
-117935.60964750
-117935.60964750
-117935.60964750
-117935.60964750
-117935.60964750
-117935.60964750
-117935.60964750
-117935.60964750
-117935.60964750
-117935.60964750
-117935.60964750
-117935.60964750
-117935.60964750
-117935.60964750
-0.00117936
-0.08786203
-0.07276627
-0.04894328
-0.06533633
-0.06710536
-0.16900173
-0.03620623
-0.05696290
-0.01863383
-0.11298231
0.00589678
-0.03950843
-0.06274174
-0.11946877
-0.05943955
-0.07182279
-0.22761573
-0.00424568
-0.05625529
-0.07005375
-0.01132182
-0.23610709
-0.08066796
-0.02358712
-0.25827899
0.01438814
-0.12100194
-0.32196421
-0.04304650
-0.07512498
-0.19105569
-0.13845641
-0.01662892
-0.12041226
-0.11180296
-0.16440224
-0.07536085
-0.03703178
-0.08267286
-0.13031885
-0.06486459
-0.25521266
-0.06793091
-0.07595053
-0.10236811
-0.15767991
-0.21381726
-0.03667797
-0.18244639
-0.01792621
-0.22596463
-0.18150290
-0.05649116
-0.08880551
-0.04894328
-0.05861400
-0.11746387
-0.07524292
-0.09706101
-0.00801962
-0.04929708
-0.07724782
-0.11758180
-0.05413244
-0.09316913
-0.03632417
-0.04835360
-0.08597506
-0.08774409
-0.14918855
-0.08691854
-0.15803372
-0.10437301
-0.23032825
-0.07370976
-0.06804885
-0.06804885
-0.10897250
-0.10720347
-0.23563535
-0.07642228
-0.07618640
-0.06309555
-0.15756197
-0.03620623
-0.06262381
-0.08196525
-0.14234828
-0.11133122
-0.12064813
-0.28245579
-0.04222095
-0.08503157
-0.08243699
-0.03585243
-0.24742891
-0.09293326
-0.02512028
-0.18185671
-0.00625059
-0.11180296
-0.32161041
-0.06038303
-0.10472682
-0.25592027
-0.15060377
-0.01674686
-0.09682514
-0.10637792
-0.15555707
-0.08727235
-0.03184261
-0.08043209
-0.12937536
-0.06227000
-0.28233785
-0.05519387
-0.04870741
-0.06474665
-0.11593070
-0.19235298
-0.01745447
-0.20827429
0.00165110
-0.20273131
-0.15850546
-0.04009811
-0.09022074
-0.06710536
-0.05884987
-0.09493817
-0.04398998
-0.07689402
-0.00412775
-0.05224548
-0.06852059
-0.10850076
-0.03868288
-0.07689402
-0.02865835
-0.02913010
-0.04776392
-0.05271722
-0.10991599
-0.06498252
-0.14211241
-0.08408809
-0.25462298
-0.06569013
-0.02641758
-0.02854042
-0.05767051
-0.08408809
-0.19624485
-0.03030945
-0.05389657
-0.00908104
-0.10814695
-0.01627511
-0.06639775
-0.09847623
-0.12300684
-0.07854512
-0.09977353
-0.20567970
-0.03538068
-0.07819131
-0.07724782
-0.03184261
-0.21299171
-0.09316913
-0.08632887
-0.16463811
-0.00377394
-0.08172938
-0.14388144
-0.05472212
-0.10201430
-0.22667224
-0.14765538
-0.03891875
-0.10437301
-0.11581277
-0.15237281
-0.09305120
-0.06958201
-0.10543444
-0.13267756
-0.09599959
-0.22219069
-0.09352294
-0.08974900
-0.09222565
-0.13279550
-0.19754215
-0.05696290
-0.17501644
-0.04788186
-0.11416167
-0.10107082
-0.06911027
-0.11852529
-117935.60964750
-117935.60964750
-117935.60964750
-117935.60964750
-117935.60964750
-117935.60964750
-117935.60964750
-117935.60964750
-117935.60964750
-117935.60964750
-117935.60964750
-117935.60964750
-117935.60964750
-117935.60964750
-117935.60964750
-117935.60964750
-117935.60964750
-117935.60964750
-117935.60964750
-117935.60964750
-117935.60964750
-117935.60964750
-117935.60964750
-117935.60964750
-117935.60964750
-117935.60964750
-117935.60964750
-117935.60964750
-117935.60964750
-117935.60964750
-117935.60964750
-117935.60964750
-117935.60964750
-117935.60964750
-117935.60964750
-117935.60964750
-117935.60964750
-117935.60964750
-117935.60964750
-117935.60964750
-117935.60964750
-117935.60964750
-117935.60964750
-117935.60964750
-117935.60964750
-117935.60964750
-117935.60964750
-117935.60964750
-117935.60964750
-117935.60964750
-117935.60964750
-117935.60964750
-117935.60964750
0.00141523
0.01733653
0.05118405
0.06911027
0.03939049
0.02004905
-0.10590618
0.04882534
0.01993112
0.08774409
0.00000000
0.08715442
0.03667797
0.02134635
-0.01733653
0.02429474
0.01733653
-0.10437301
0.08786203
0.02629964
0.03514481
0.05861400
-0.09812243
-0.00931691
0.04045191
-0.12501175
0.08444190
0.00330220
-0.12041226
0.06002923
0.03561655
-0.07087930
-0.02806868
0.06639775
0.00766581
0.03054532
-0.00860930
0.06580807
0.07099724
0.04163127
0.00283045
0.07194072
-0.06026510
0.06403904
0.06179826
0.03148881
0.00742994
-0.05519387
0.08432396
-0.06132652
0.10154256
-0.06215207
-0.01356260
0.09045661
0.03703178
0.06168032
0.06816678
0.00931691
0.06026510
0.03620623
0.10873663
0.06203413
0.04493347
0.00577884
0.04941502
0.00695820
0.05307102
0.06285968
0.05719877
0.04316443
-0.01344466
0.04835360
-0.00931691
0.02665345
-0.07253040
0.02877629
0.08031415
0.07854512
0.04575902
0.02983771
-0.07618640
0.05425038
0.02830455
0.09033868
-0.00459949
0.09611752
0.04457966
0.04186714
-0.00235871
0.02205396
0.01356260
-0.13704118
0.09057455
0.02924803
0.04222095
0.06651568
-0.11156709
0.00247665
0.06238794
-0.08974900
0.09069248
0.01651099
-0.14364557
0.06686949
0.03207849
-0.12866775
-0.04693837
0.08562125
0.01509576
0.04611282
-0.00141523
0.07771957
0.10283985
0.06415697
0.01096801
0.09092836
-0.13881021
0.07595053
0.08491364
0.05224548
0.02464854
-0.04080572
0.09918385
-0.09835830
0.12654491
-0.10968012
-0.04139540
0.10272192
0.04174921
0.07984241
0.09670720
0.03856494
0.10201430
0.08432396
0.15213694
0.11003392
0.08856964
0.05165580
0.10201430
0.06191620
0.10236811
0.12371445
0.11192089
0.11439754
0.05295309
0.11769974
0.03172468
0.08137557
-0.09234358
0.06510046
0.13185201
0.14470699
0.12170955
0.08007828
-0.02335125
0.13822053
0.11333612
0.18397955
0.07677608
0.16569953
0.09022074
0.09399468
0.06616188
0.11026980
0.10225017
-0.05542974
0.17631374
0.11298231
0.13326724
0.14223035
-0.06451078
0.07111517
0.09623546
-0.04682044
0.17442677
0.11876116
-0.02087460
0.15838752
0.12241716
-0.03101707
0.04387205
0.15874133
0.08656474
0.13279550
0.06781298
0.15532120
0.17383709
0.16062830
0.10519856
0.18822523
-0.04611282
0.14954235
0.15661849
0.13680531
0.11958671
0.03490894
0.18563065
-0.03738559
0.19671660
-0.01615718
0.05613735
0.18303607
0.09977353
0.12064813
-117935.60964750
-117935.60964750
-117935.60964750
-117935.60964750
-117935.60964750
-117935.60964750
-117935.60964750
-117935.60964750
-117935.60964750
-117935.60964750
-117935.60964750
-117935.60964750
-117935.60964750
-117935.60964750
-117935.60964750
-117935.60964750
-117935.60964750
-117935.60964750
-117935.60964750
-117935.60964750
-117935.60964750
-117935.60964750
-117935.60964750
-117935.60964750
-117935.60964750
-117935.60964750
-117935.60964750
-117935.60964750
-117935.60964750
-117935.60964750
-117935.60964750
-117935.60964750
-117935.60964750
-117935.60964750
-117935.60964750
-117935.60964750
-117935.60964750
-117935.60964750
-117935.60964750
-117935.60964750
-117935.60964750
-117935.60964750
-117935.60964750
-117935.60964750
-117935.60964750
-117935.60964750
-117935.60964750
-117935.60964750
-117935.60964750
-117935.60964750
-117935.60964750
-117935.60964750
-0.00094348
-0.06156239
-0.03160674
-0.02570996
-0.07205866
-0.08479570
-0.25863279
-0.02936597
-0.04682044
0.00353807
-0.11722800
0.01981318
-0.03172468
-0.05495799
-0.12041226
-0.06651568
-0.08774409
-0.29896677
0.00790169
-0.05519387
-0.04965089
0.00306633
-0.25273601
-0.08184731
-0.02228983
-0.23893755
0.04056985
-0.08762616
-0.30085374
-0.02181809
-0.07264834
-0.25969421
-0.14942442
0.01391640
-0.08786203
-0.08172938
-0.15083964
-0.04764599
-0.00294839
-0.05012263
-0.11593070
-0.03101707
-0.27868185
-0.03962636
-0.03762146
-0.06557220
-0.12371445
-0.22089340
-0.00801962
-0.25120285
0.01226530
-0.21924230
-0.15272661
-0.01993112
-0.08361635
-0.05035851
-0.04646663
-0.11062360
-0.03054532
-0.06368523
0.03325784
-0.03467307
-0.06297762
-0.11982258
-0.03054532
-0.07960654
-0.02075667
-0.02193602
-0.04870741
-0.04623076
-0.11982258
-0.04811773
-0.14859887
-0.09552784
-0.32184628
-0.07654021
-0.02854042
-0.01922350
-0.06981788
-0.08467777
-0.29165476
-0.05259928
-0.06344936
-0.01191150
-0.12760633
0.00672233
-0.04068779
-0.06981788
-0.13491834
-0.09694307
-0.10838283
-0.32455880
-0.01945938
-0.08668267
-0.07347388
-0.01627511
-0.27396442
-0.09222565
-0.02228983
-0.25592027
0.02830455
-0.07724782
-0.25533059
-0.01073214
-0.07441737
-0.32196421
-0.19435788
0.01981318
-0.07665815
-0.06120858
-0.12878569
-0.04634869
0.01320879
-0.04222095
-0.09883004
-0.00707614
-0.30509942
-0.02500235
-0.01651099
-0.03561655
-0.08196525
-0.16911966
0.03030945
-0.25403330
0.04965089
-0.22773366
-0.12843188
0.02570996
-0.04587695
-0.01403434
-0.02099254
-0.09316913
-0.01191150
-0.02276157
0.07076137
0.01179356
-0.01934144
-0.07323801
0.01085008
-0.03219642
0.02488441
0.03856494
0.00636852
0.00613265
-0.05578354
0.01863383
-0.06580807
-0.02170015
-0.26252467
-0.04151333
0.01769034
0.03856494
0.01297292
-0.02228983
-0.19176330
0.02559203
-0.02547409
0.07512498
-0.03573449
0.06863852
0.00412775
-0.02806868
-0.07146898
-0.01698273
-0.03384752
-0.19553724
0.05083025
-0.01132182
-0.00860930
0.04009811
-0.16381256
-0.03703178
-0.02028492
-0.19317853
0.08609300
-0.02382299
-0.13397485
0.03785733
-0.01226530
-0.18020561
-0.11404373
0.03573449
-0.06392110
-0.03325784
-0.07996034
0.00153316
0.01686479
-0.03325784
-0.08043209
-0.00353807
-0.18114910
-0.01509576
-0.01945938
-0.03431926
-0.07453531
-0.15060377
0.02346919
-0.16546366
0.02960184
-0.14942442
-0.07901686
0.02122841
-0.03809320
-0.01037833
-0.02995564
-117935.60964750
-117935.60964750
-117935.60964750
-117935.60964750
-117935.60964750
-117935.60964750
-117935.60964750
-117935.60964750
-117935.60964750
-117935.60964750
-117935.60964750
-117935.60964750
-117935.60964750
-117935.60964750
-117935.60964750
-117935.60964750
-117935.60964750
-117935.60964750
-117935.60964750
-117935.60964750
-117935.60964750
-117935.60964750
-117935.60964750
-117935.60964750
-117935.60964750
-117935.60964750
-117935.60964750
-117935.60964750
-117935.60964750
-117935.60964750
-117935.60964750
-117935.60964750
-117935.60964750
-117935.60964750
-117935.60964750
-117935.60964750
-117935.60964750
-117935.60964750
-117935.60964750
-117935.60964750
-117935.60964750
-117935.60964750
-117935.60964750
-117935.60964750
-117935.60964750
-117935.60964750
-117935.60964750
-117935.60964750
-117935.60964750
-117935.60964750
-117935.60964750
0.00554297
0.00825549
0.05141993
0.09387675
0.06215207
0.03538068
-0.14352764
0.08680061
0.02264364
0.14282002
0.00342013
0.13244169
0.05236341
0.05165580
0.01061420
0.06793091
0.04929708
-0.17159631
0.13491834
0.06769504
0.07559673
0.12666284
-0.15024997
0.04528727
0.07040756
-0.12442207
0.18905078
0.08727235
-0.12725252
0.15543913
0.12312478
-0.07984241
-0.02783280
0.13869228
0.01981318
0.07642228
-0.00448155
0.10909044
0.14258415
0.12041226
0.03196055
0.15260868
-0.13515421
0.10743934
0.12053019
0.10920837
0.06875646
-0.04552315
0.17242186
-0.09835830
0.18197465
-0.13963576
-0.05790638
0.15131139
0.07264834
0.08939519
0.13833847
0.04328237
0.10767521
0.07429943
0.16381256
0.11769974
0.11852529
0.04764599
0.13314930
0.06215207
0.11251057
0.14871680
0.10413714
0.12100194
0.05448625
0.13987163
0.03656004
0.10649586
-0.09151803
0.06297762
0.11050567
0.13845641
0.09717894
0.04186714
-0.14046131
0.12831394
0.07312008
0.18421542
0.04163127
0.17277567
0.07264834
0.08078589
0.04623076
0.09776862
0.08078589
-0.17749309
0.15378803
0.08349841
0.09281532
0.13727705
-0.18209258
0.04068779
0.09623546
-0.14671190
0.17537025
0.08385222
-0.18657413
0.14824506
0.11392580
-0.12347858
-0.01721860
0.16310495
0.06840265
0.11227470
0.00884517
0.10519856
0.18291813
0.15449565
0.06875646
0.20166989
-0.15461358
0.15308042
0.17973387
0.13279550
0.09859417
-0.00754788
0.20343893
-0.14364557
0.25379743
-0.13668737
-0.02641758
0.22714398
0.14376351
0.18280019
0.23976309
0.14093305
0.20862809
0.19919324
0.29483902
0.24483433
0.22230862
0.14376351
0.23009237
0.18586652
0.24565987
0.27997914
0.21016126
0.26276054
0.18539478
0.30321245
0.13727705
0.25804311
-0.03832907
0.20827429
0.28363514
0.32550228
0.28434275
0.20827429
-0.08739029
0.29755154
0.26240673
0.40734960
0.24813652
0.35180192
0.23539948
0.26276054
0.24129626
0.33776759
0.34000836
0.05059438
0.41631270
0.34590514
0.37114336
0.38741848
-0.00589678
0.28505037
0.26181705
0.05094818
0.43777698
0.37161511
0.06073684
0.40687785
0.35380683
0.04835360
0.21322758
0.39001306
0.30663259
0.41124147
0.30215103
0.40451914
0.41336431
0.44072537
0.33552681
0.49992905
0.23327664
0.41914316
0.42126600
0.42338884
0.42621929
0.28375308
0.47881858
0.18893285
0.46761469
0.21322758
0.30498149
0.49485782
0.36324168
0.29401347
0.41996871
0.35250954
-117935.60964750
-117935.60964750
-117935.60964750
-117935.60964750
-117935.60964750
-117935.60964750
-117935.60964750
-117935.60964750
-117935.60964750
-117935.60964750
-117935.60964750
-117935.60964750
-117935.60964750
-117935.60964750
-117935.60964750
-117935.60964750
-117935.60964750
-117935.60964750
-117935.60964750
-117935.60964750
-117935.60964750
-117935.60964750
-117935.60964750
-117935.60964750
-117935.60964750
-117935.60964750
-117935.60964750
-117935.60964750
-117935.60964750
-117935.60964750
-117935.60964750
-117935.60964750
-117935.60964750
-117935.60964750
-117935.60964750
-117935.60964750
-117935.60964750
-117935.60964750
-117935.60964750
-117935.60964750
-117935.60964750
-117935.60964750
-117935.60964750
-117935.60964750
-117935.60964750
-117935.60964750
-117935.60964750
-117935.60964750
-117935.60964750
-117935.60964750
0.00448155
0.04222095
0.05873193
0.08397015
0.05342483
0.03054532
-0.11746387
0.08750822
0.04752805
0.13291343
0.05578354
0.10189637
0.05542974
0.04858947
0.04717424
0.09611752
0.08739029
-0.06533633
0.11911497
0.10225017
0.10779315
0.13255963
-0.08125764
0.07547879
0.06061890
-0.04021604
0.15956688
0.11227470
-0.04611282
0.12996504
0.11368993
-0.07276627
0.00448155
0.12336065
0.09800449
0.13020091
0.07547879
0.08514951
0.13468247
0.12760633
0.05943955
0.15744404
-0.03337578
0.10614205
0.13857434
0.14234828
0.12607317
0.03030945
0.16628921
-0.03597036
0.16605334
0.00577884
0.04717424
0.15260868
0.09069248
0.08267286
0.13515421
0.07453531
0.11321819
0.11003392
0.14989616
0.13090853
0.15201900
0.08963106
0.16015656
0.12076606
0.13892815
0.17973387
0.13597976
0.16652508
0.12041226
0.16357669
0.06510046
0.14258415
-0.04469760
0.08691854
0.13079059
0.16852999
0.14282002
0.09906591
-0.06344936
0.13444659
0.08951313
0.19176330
0.11286438
0.16581747
0.10602411
0.10767521
0.10543444
0.14576841
0.14777332
0.00035381
0.18079529
0.15414184
0.16982728
0.17430883
-0.02075667
0.11711006
0.11345406
-0.03101707
0.19612692
0.17124251
0.03750352
0.19624485
0.17973387
-0.03313991
0.03832907
0.18492304
0.15461358
0.22112927
0.16746857
0.18716381
0.22773366
0.21735533
0.15461358
0.25827899
0.01863383
0.19813182
0.23587122
0.21676565
0.22219069
0.15284455
0.25698169
0.01580337
0.28174817
0.05248135
0.13668737
0.28858844
0.22620050
0.23716851
0.27644107
0.19931118
0.22962063
0.25509472
0.29519283
0.29177270
0.29342380
0.25179253
0.28446069
0.26240673
0.28269166
0.33764965
0.29224444
0.33823933
0.29802329
0.36642594
0.26370402
0.35050463
0.14435319
0.25273601
0.32031312
0.36831291
0.37090749
0.29790535
0.15095758
0.34319262
0.28245579
0.43223401
0.33175287
0.35616554
0.27290300
0.30710433
0.32337944
0.38234725
0.38812609
0.24389084
0.43518240
0.41513335
0.43919221
0.40381153
0.26217086
0.34755624
0.27478997
0.21393520
0.43577208
0.41878935
0.27596933
0.42610136
0.41760999
0.29377760
0.33588062
0.37244066
0.33823933
0.45251893
0.41690238
0.48105935
0.41253876
0.46655327
0.40157075
0.49686272
0.43730524
0.42987530
0.43718730
0.44968848
0.48966865
0.41808174
0.46631740
0.39296145
0.44367376
0.39013100
0.41926109
0.49509369
0.41395399
0.34413611
0.44532486
0.40900069
0.49910350
-117935.60964750
-117935.60964750
-117935.60964750
-117935.60964750
-117935.60964750
-117935.60964750
-117935.60964750
-117935.60964750
-117935.60964750
-117935.60964750
-117935.60964750
-117935.60964750
-117935.60964750
-117935.60964750
-117935.60964750
-117935.60964750
-117935.60964750
-117935.60964750
-117935.60964750
-117935.60964750
-117935.60964750
-117935.60964750
-117935.60964750
-117935.60964750
-117935.60964750
-117935.60964750
-117935.60964750
-117935.60964750
-117935.60964750
-117935.60964750
-117935.60964750
-117935.60964750
-117935.60964750
-117935.60964750
-117935.60964750
-117935.60964750
-117935.60964750
-117935.60964750
-117935.60964750
-117935.60964750
-117935.60964750
-117935.60964750
-117935.60964750
-117935.60964750
-117935.60964750
-117935.60964750
-117935.60964750
-117935.60964750
-117935.60964750
0.00283045
-0.02924803
0.01533163
0.02618171
-0.00082555
-0.00283045
-0.18798936
-0.01922350
-0.05330690
0.02960184
-0.01202943
0.03349371
0.01934144
-0.00872724
-0.03950843
-0.00825549
-0.01061420
-0.15095758
0.02700725
0.01533163
0.01922350
0.05130199
-0.06297762
0.00825549
0.00483536
-0.13550802
0.06427491
-0.01285498
-0.09611752
0.01627511
-0.03030945
-0.25084904
-0.16334082
0.01627511
-0.03313991
0.00742994
-0.00365600
0.01403434
0.02170015
-0.01922350
-0.05778845
0.00542504
-0.13810260
-0.01320879
0.00247665
-0.00318426
-0.01769034
-0.05071231
0.02087460
-0.13043678
0.01733653
-0.13845641
-0.05590148
0.02476648
-0.00035381
0.01898763
-0.00035381
-0.05460419
-0.01403434
-0.00165110
0.05295309
0.03384752
0.01085008
-0.03219642
0.00754788
-0.00978866
0.01934144
0.03703178
0.02205396
0.02677138
-0.01910557
0.01568544
-0.02995564
-0.02547409
-0.22985650
-0.06050097
-0.03856494
0.00990659
0.00978866
0.02488441
-0.03797527
-0.00872724
-0.02747900
0.00955278
-0.04776392
0.02346919
0.02252570
0.00106142
-0.04115953
-0.05307102
-0.04811773
-0.14175860
0.01686479
-0.01202943
0.00117936
0.01521369
-0.07807337
-0.00695820
0.03396546
-0.10720347
0.06085477
0.01085008
-0.03915462
0.06215207
0.04292856
-0.06297762
-0.07571466
0.04316443
-0.04340030
0.01179356
0.00436362
0.06191620
0.07146898
0.04328237
0.01533163
0.05814226
-0.10496269
0.04033398
0.05554767
0.04729218
0.03573449
0.00400981
0.09198978
-0.02040286
0.10331159
-0.04988676
0.00566091
0.09682514
0.06911027
0.11203883
0.08184731
0.02865835
0.00389188
0.01733653
0.07347388
0.08632887
0.08338048
0.09482023
0.08963106
0.06014716
0.09128216
0.11321819
0.09069248
0.09941972
0.07394563
0.10637792
0.09835830
0.10413714
0.04115953
0.06368523
0.06333142
0.08526745
0.09482023
0.07111517
0.09470229
0.12630904
0.07276627
0.14447112
0.06875646
0.11192089
0.07488911
0.09411262
0.10130669
0.08314460
0.05566561
-0.02464854
0.09871211
0.09788656
0.09859417
0.09776862
0.12135574
0.06073684
0.05401451
0.08597506
0.12512968
0.06557220
0.01026040
0.08137557
0.09505610
0.18881491
0.15697230
0.07276627
0.03207849
0.04422585
0.04799979
0.12111987
0.06981788
0.08703648
0.07076137
0.06356729
0.08055002
0.05307102
0.05696290
0.06427491
0.05932161
0.02971977
0.06392110
0.11652038
0.06486459
0.10260398
0.07170485
0.06863852
0.04917915
0.04870741
0.07205866
0.08797996
0.06179826
-0.01698273
-117935.60964750
-117935.60964750
-117935.60964750
-117935.60964750
-117935.60964750
-117935.60964750
-117935.60964750
-117935.60964750
-117935.60964750
-117935.60964750
-117935.60964750
-117935.60964750
-117935.60964750
-117935.60964750
-117935.60964750
-117935.60964750
-117935.60964750
-117935.60964750
-117935.60964750
-117935.60964750
-117935.60964750
-117935.60964750
-117935.60964750
-117935.60964750
-117935.60964750
-117935.60964750
-117935.60964750
-117935.60964750
-117935.60964750
-117935.60964750
-117935.60964750
-117935.60964750
-117935.60964750
-117935.60964750
-117935.60964750
-117935.60964750
-117935.60964750
-117935.60964750
-117935.60964750
-117935.60964750
-117935.60964750
-117935.60964750
-117935.60964750
-117935.60964750
-117935.60964750
-117935.60964750
-117935.60964750
-117935.60964750
0.00400981
0.00424568
0.05200960
0.08243699
0.05979335
0.04693837
-0.12312478
0.04988676
-0.00342013
0.10460889
0.03160674
0.09599959
0.05566561
0.03738559
0.01061420
0.03844701
0.03266816
-0.11722800
0.08243699
0.04163127
0.04705631
0.08644680
-0.06498252
0.03667797
0.05047644
-0.08797996
0.12312478
0.05566561
-0.03219642
0.10213224
0.07076137
-0.11286438
-0.06899233
0.08184731
0.01922350
0.07264834
0.04434379
0.09104629
0.09635339
0.06911027
0.01780828
0.10496269
-0.06250587
0.07500705
0.08644680
0.08055002
0.06627981
0.00967072
0.11946877
-0.04882534
0.11522309
-0.09776862
-0.01945938
0.10767521
0.06085477
0.08043209
0.08385222
0.01568544
0.05472212
0.05236341
0.11828942
0.09352294
0.08326254
0.03526275
0.08220112
0.04434379
0.07984241
0.11498722
0.09918385
0.09894798
0.04788186
0.09871211
0.05177373
0.07064343
-0.08373428
0.02264364
0.04799979
0.08656474
0.07488911
0.06215207
-0.01309085
0.07937067
0.03656004
0.11203883
0.02677138
0.11321819
0.07017169
0.06840265
0.03656004
0.04233888
0.03644210
-0.08632887
0.10142462
0.05141993
0.05908574
0.07901686
-0.08279080
0.02700725
0.07512498
-0.07017169
0.11781767
0.05991129
-0.05448625
0.11746387
0.10779315
0.00153316
0.00731201
0.10956218
0.02747900
0.08290873
0.04646663
0.11864322
0.14093305
0.11439754
0.06545426
0.13810260
-0.07040756
0.10755728
0.12760633
0.09305120
0.07524292
0.01745447
0.14423525
-0.02500235
0.17548819
-0.04446172
0.01603924
0.15909514
0.11310025
0.16664302
0.17265773
0.10991599
0.11062360
0.10826489
0.17985180
0.17053489
0.15980275
0.14411731
0.16086417
0.12607317
0.16794031
0.20001879
0.17230393
0.20131609
0.15319836
0.21735533
0.14612222
0.19766008
0.07465324
0.16074624
0.18315400
0.20898190
0.18846110
0.14918855
0.04316443
0.21086887
0.18114910
0.26618067
0.15272661
0.22737986
0.16322288
0.19883944
0.19129156
0.20792048
0.19600898
0.02747900
0.25521266
0.22395972
0.24459845
0.23669677
0.09151803
0.17277567
0.17725722
0.11522309
0.26995461
0.22313417
0.05071231
0.24353703
0.23504567
0.17018108
0.22761573
0.24047071
0.19235298
0.24589575
0.19966499
0.29047541
0.26535512
0.29967438
0.24424465
0.30627878
0.18952252
0.25497679
0.26523719
0.26452957
0.26865732
0.18456923
0.28151230
0.17324741
0.27962533
0.18681001
0.20992539
0.29354173
0.21959611
0.19306059
0.27573346
0.26865732
0.33717791
0.24518813
0.21818088
-117935.60964750
-117935.60964750
-117935.60964750
-117935.60964750
-117935.60964750
-117935.60964750
-117935.60964750
-117935.60964750
-117935.60964750
-117935.60964750
-117935.60964750
-117935.60964750
-117935.60964750
-117935.60964750
-117935.60964750
-117935.60964750
-117935.60964750
-117935.60964750
-117935.60964750
-117935.60964750
-117935.60964750
-117935.60964750
-117935.60964750
-117935.60964750
-117935.60964750
-117935.60964750
-117935.60964750
-117935.60964750
-117935.60964750
-117935.60964750
-117935.60964750
-117935.60964750
-117935.60964750
-117935.60964750
-117935.60964750
-117935.60964750
-117935.60964750
-117935.60964750
-117935.60964750
-117935.60964750
-117935.60964750
-117935.60964750
-117935.60964750
-117935.60964750
-117935.60964750
-117935.60964750
-117935.60964750
0.00153316
-0.05967542
-0.00601472
0.01167563
-0.01073214
-0.00837343
-0.13338517
-0.00188697
-0.04882534
0.02865835
-0.09092836
0.05377864
0.00365600
-0.00294839
-0.07229453
-0.04292856
-0.06309555
-0.26818558
0.03396546
-0.02582790
-0.02712519
0.03113500
-0.20638732
-0.03632417
0.00860930
-0.16286908
0.07017169
-0.05719877
-0.22844128
0.00908104
-0.04493347
-0.22867715
-0.16805824
0.01603924
-0.13456453
-0.08797996
-0.12430413
0.02240777
0.02040286
-0.02146428
-0.08255493
-0.01686479
-0.26146325
-0.01934144
-0.01745447
-0.04292856
-0.09411262
-0.15944894
0.01179356
-0.15331629
0.03054532
-0.22089340
-0.16098211
-0.00471742
-0.05318896
-0.00554297
-0.00400981
-0.06993582
-0.00188697
-0.04127746
0.05118405
0.00707614
-0.02346919
-0.05743464
-0.00577884
-0.06250587
-0.00684027
0.00342013
-0.01167563
-0.00754788
-0.07630434
-0.01603924
-0.07724782
-0.07040756
-0.25875073
-0.06498252
-0.05248135
-0.03231436
-0.06793091
-0.07724782
-0.16098211
-0.01214737
-0.01167563
0.00412775
-0.11498722
0.02063873
-0.02181809
-0.03125294
-0.08927726
-0.08514951
-0.10661379
-0.31359079
-0.00978866
-0.07370976
-0.05554767
-0.01427021
-0.22938476
-0.08455983
-0.00224078
-0.20839222
0.04198508
-0.05696290
-0.23186141
0.00742994
-0.03361165
-0.14671190
-0.08444190
0.02747900
-0.08573919
-0.08974900
-0.16204353
-0.04328237
0.01804415
-0.00719407
-0.04799979
0.00931691
-0.24188594
-0.00224078
0.00424568
-0.01816208
-0.06439284
-0.15367010
0.04068779
-0.19813182
0.06899233
-0.15779785
-0.08998487
0.03962636
-0.02806868
0.01733653
0.01356260
-0.03514481
-0.00117936
-0.04139540
0.04658457
-0.00872724
-0.01851589
-0.04127746
0.02854042
-0.01886970
0.03302197
0.03608830
0.00106142
0.00731201
-0.04163127
0.02854042
-0.03703178
-0.01014246
-0.14883474
0.00082555
0.02971977
0.02854042
-0.01851589
-0.05425038
-0.21629391
0.02441267
-0.00106142
0.07630434
-0.03042739
0.06946407
-0.00412775
-0.00695820
-0.02453061
0.00919898
-0.01391640
-0.18126703
0.03608830
-0.01934144
-0.01780828
0.04139540
-0.11581277
-0.03549862
-0.00400981
-0.10413714
0.07111517
-0.02405886
-0.15638262
0.01450608
-0.03089913
-0.15484946
-0.04906121
0.04045191
-0.01627511
-0.02512028
-0.08172938
-0.00695820
0.01191150
-0.01167563
-0.03880082
0.01073214
-0.13881021
-0.01415227
-0.01792621
-0.02606377
-0.05778845
-0.12147368
0.01769034
-0.14187654
0.02936597
-0.13220582
-0.07488911
0.02134635
-0.03762146
-0.03372958
-0.01580337
-0.03868288
0.03207849
-0.03030945
0.03868288
-0.04658457
-117935.60964750
-117935.60964750
-117935.60964750
-117935.60964750
-117935.60964750
-117935.60964750
-117935.60964750
-117935.60964750
-117935.60964750
-117935.60964750
-117935.60964750
-117935.60964750
-117935.60964750
-117935.60964750
-117935.60964750
-117935.60964750
-117935.60964750
-117935.60964750
-117935.60964750
-117935.60964750
-117935.60964750
-117935.60964750
-117935.60964750
-117935.60964750
-117935.60964750
-117935.60964750
-117935.60964750
-117935.60964750
-117935.60964750
-117935.60964750
-117935.60964750
-117935.60964750
-117935.60964750
-117935.60964750
-117935.60964750
-117935.60964750
-117935.60964750
-117935.60964750
-117935.60964750
-117935.60964750
-117935.60964750
-117935.60964750
-117935.60964750
-117935.60964750
-117935.60964750
-117935.60964750
0.00047174
-0.06816678
-0.03243229
-0.01710066
-0.06627981
-0.09552784
-0.31477014
-0.02854042
-0.05743464
0.00896311
-0.12241716
0.01686479
-0.04776392
-0.06993582
-0.13043678
-0.06403904
-0.08939519
-0.30934510
-0.00153316
-0.07123311
-0.06026510
-0.00224078
-0.29059334
-0.08538538
-0.03667797
-0.28611179
0.05672703
-0.04799979
-0.26087357
0.02441267
-0.02217189
-0.23233315
-0.12984711
0.04422585
-0.05743464
-0.05425038
-0.15390597
-0.07335595
0.00943485
-0.04210301
-0.12512968
-0.01462402
-0.32314357
-0.03384752
-0.02842248
-0.03880082
-0.09706101
-0.20450035
0.02276157
-0.29000366
0.03443720
-0.25580234
-0.16499192
0.00047174
-0.06922820
-0.05283515
-0.03714972
-0.12064813
-0.03703178
-0.05236341
0.04387205
-0.02122841
-0.04481553
-0.11368993
-0.01191150
-0.06486459
-0.00542504
-0.00695820
-0.05590148
-0.04021604
-0.09623546
-0.01285498
-0.12524762
-0.04941502
-0.28611179
-0.05401451
0.00495330
0.02276157
-0.02228983
-0.06026510
-0.32786099
-0.01945938
-0.07076137
0.03443720
-0.08632887
0.04257476
-0.03278610
-0.06038303
-0.11192089
-0.04540521
-0.06215207
-0.29932058
-0.00153316
-0.06627981
-0.06969995
0.00283045
-0.30120755
-0.08904139
-0.03172468
-0.31406253
0.03927256
-0.07488911
-0.27313887
0.00731201
-0.04446172
-0.30887336
-0.18551271
0.03844701
-0.04906121
-0.02370506
-0.10401921
-0.04540521
0.02629964
-0.03703178
-0.11274644
0.00672233
-0.31429840
-0.02040286
-0.00943485
-0.02913010
-0.07677608
-0.15874133
0.03950843
-0.27313887
0.05837813
-0.28221991
-0.16357669
0.03608830
-0.02476648
0.00153316
0.01273705
-0.07984241
0.00860930
0.01438814
0.10991599
0.06014716
0.02405886
-0.05790638
0.03302197
-0.00908104
0.05837813
0.06439284
-0.00188697
0.02087460
-0.04422585
0.04882534
-0.06875646
0.01533163
-0.27655900
-0.01757241
0.04186714
0.07937067
0.05590148
0.02889422
-0.20839222
0.05236341
0.00318426
0.11192089
-0.00908104
0.10708553
0.04340030
0.01957731
-0.03467307
0.04799979
0.04269269
-0.17006315
0.12123781
0.06604394
0.06569013
0.11404373
-0.20591557
0.02960184
0.03962636
-0.21464281
0.15944894
0.04587695
-0.15567500
0.11982258
0.06969995
-0.16982728
-0.08302667
0.11522309
0.00259458
0.06663362
0.00459949
0.07937067
0.11239264
0.06899233
-0.01250117
0.10956218
-0.13326724
0.08055002
0.08220112
0.07724782
0.03915462
-0.05943955
0.13409279
-0.09493817
0.12666284
-0.10968012
-0.02830455
0.11652038
0.04705631
0.05366070
0.07559673
-0.00283045
0.10272192
0.08255493
0.12454000
0.10225017
0.10708553
-117935.60964750
-117935.60964750
-117935.60964750
-117935.60964750
-117935.60964750
-117935.60964750
-117935.60964750
-117935.60964750
-117935.60964750
-117935.60964750
-117935.60964750
-117935.60964750
-117935.60964750
-117935.60964750
-117935.60964750
-117935.60964750
-117935.60964750
-117935.60964750
-117935.60964750
-117935.60964750
-117935.60964750
-117935.60964750
-117935.60964750
-117935.60964750
-117935.60964750
-117935.60964750
-117935.60964750
-117935.60964750
-117935.60964750
-117935.60964750
-117935.60964750
-117935.60964750
-117935.60964750
-117935.60964750
-117935.60964750
-117935.60964750
-117935.60964750
-117935.60964750
-117935.60964750
-117935.60964750
-117935.60964750
-117935.60964750
-117935.60964750
-117935.60964750
-117935.60964750
0.00365600
0.01757241
0.07253040
0.10484476
0.06109065
0.02618171
-0.21358139
0.07807337
0.00695820
0.14859887
0.01639305
0.13562595
0.05696290
0.03750352
-0.00931691
0.06002923
0.04316443
-0.17831864
0.13432866
0.06144445
0.07135104
0.11192089
-0.16982728
0.01061420
0.05649116
-0.19860357
0.16581747
0.05719877
-0.16463811
0.14105099
0.11604864
-0.10071701
-0.02417680
0.14718364
0.06911027
0.12241716
0.04552315
0.11899703
0.15697230
0.10932631
0.00448155
0.15355216
-0.14848093
0.11746387
0.13338517
0.12041226
0.07948860
-0.04564108
0.18504097
-0.13491834
0.19117362
-0.13421072
-0.03196055
0.17088870
0.08479570
0.09859417
0.13597976
0.02877629
0.09611752
0.08007828
0.17419090
0.12843188
0.12760633
0.04705631
0.13892815
0.06828472
0.12111987
0.15803372
0.11722800
0.12359652
0.04611282
0.13173408
0.00707614
0.10826489
-0.12689872
0.05708084
0.14458906
0.16794031
0.13550802
0.08455983
-0.10578824
0.13173408
0.05389657
0.19388614
0.04163127
0.18185671
0.07689402
0.08196525
0.04528727
0.11345406
0.09682514
-0.15944894
0.17501644
0.11121328
0.11711006
0.15296249
-0.17478057
0.04104159
0.08503157
-0.17478057
0.17442677
0.06639775
-0.18173877
0.13751292
0.10071701
-0.16770444
-0.05920368
0.15720817
0.05755258
0.12972917
0.05083025
0.15732610
0.19895737
0.15956688
0.05826019
0.19459376
-0.20697699
0.14034338
0.17619580
0.13715911
0.10213224
0.00023587
0.20131609
-0.13539008
0.24282942
-0.15661849
-0.04552315
0.20768461
0.12135574
0.17018108
0.21275584
0.09835830
0.17607787
0.18869698
0.29082921
0.25650995
0.22266243
0.16003862
0.22584669
0.17737516
0.24129626
0.27184158
0.19777802
0.26346815
0.18126703
0.29649012
0.12406826
0.23999897
-0.11758180
0.17855451
0.26264260
0.32243596
0.29707980
0.22997444
-0.02629964
0.30156135
0.27384649
0.39543810
0.22254450
0.34059804
0.23917342
0.26335022
0.22478527
0.31158588
0.31606743
-0.01497782
0.41230289
0.35404270
0.39614571
0.38812609
0.01721860
0.28351721
0.28080469
-0.01910557
0.44732977
0.36866672
0.03278610
0.42103013
0.37468143
0.08974900
0.22714398
0.39850442
0.30097168
0.41360018
0.30250484
0.41819967
0.43895634
0.46266140
0.35239160
0.51585036
0.18055942
0.42869594
0.44237647
0.45216513
0.45700049
0.31193969
0.51337371
0.19530137
0.49910350
0.21417107
0.31760060
0.51549655
0.37409175
0.33116319
0.42916768
0.34979702
0.49615511
0.43176227
0.40086314
0.37491730
0.45051403
0.42692691
-117935.60964750
-117935.60964750
-117935.60964750
-117935.60964750
-117935.60964750
-117935.60964750
-117935.60964750
-117935.60964750
-117935.60964750
-117935.60964750
-117935.60964750
-117935.60964750
-117935.60964750
-117935.60964750
-117935.60964750
-117935.60964750
-117935.60964750
-117935.60964750
-117935.60964750
-117935.60964750
-117935.60964750
-117935.60964750
-117935.60964750
-117935.60964750
-117935.60964750
-117935.60964750
-117935.60964750
-117935.60964750
-117935.60964750
-117935.60964750
-117935.60964750
-117935.60964750
-117935.60964750
-117935.60964750
-117935.60964750
-117935.60964750
-117935.60964750
-117935.60964750
-117935.60964750
-117935.60964750
-117935.60964750
-117935.60964750
-117935.60964750
-117935.60964750
0.00070761
-0.08161144
-0.04717424
-0.02618171
-0.05908574
-0.07689402
-0.26842145
-0.04186714
-0.06521839
-0.00448155
-0.10012733
0.00495330
-0.03986224
-0.07477118
-0.12619110
-0.07170485
-0.08550332
-0.26429370
-0.01733653
-0.07111517
-0.06793091
-0.00790169
-0.21346345
-0.06734123
-0.03196055
-0.24872620
0.03832907
-0.06486459
-0.21487868
-0.00129729
-0.05200960
-0.25285395
-0.16770444
0.00719407
-0.08550332
-0.07288421
-0.14105099
-0.07996034
-0.02358712
-0.07064343
-0.12229923
-0.03856494
-0.25120285
-0.05578354
-0.05672703
-0.07241246
-0.11675625
-0.18221052
-0.01450608
-0.23705058
-0.00731201
-0.24235768
-0.15697230
-0.02747900
-0.07170485
-0.04599489
-0.06038303
-0.13149820
-0.06911027
-0.07182279
0.01780828
-0.03361165
-0.06781298
-0.12524762
-0.04870741
-0.08090383
-0.02570996
-0.03078119
-0.06816678
-0.06616188
-0.12147368
-0.05200960
-0.12041226
-0.08668267
-0.27266713
-0.08243699
-0.05519387
-0.03089913
-0.06026510
-0.06344936
-0.24424465
-0.05130199
-0.08255493
-0.01580337
-0.09859417
0.00672233
-0.02594583
-0.05719877
-0.11675625
-0.09022074
-0.09776862
-0.26511925
-0.03160674
-0.08632887
-0.09116423
-0.02983771
-0.25002349
-0.08750822
-0.02122841
-0.22761573
0.01261911
-0.08597506
-0.23280489
-0.00967072
-0.04953296
-0.22749779
-0.15968482
0.00931691
-0.07972447
-0.05389657
-0.09647133
-0.04328237
0.00247665
-0.05991129
-0.11203883
-0.02535616
-0.24448052
-0.03030945
-0.02712519
-0.04611282
-0.08797996
-0.14942442
0.01438814
-0.18244639
0.02913010
-0.20803842
-0.13031885
0.00884517
-0.03160674
0.00165110
-0.00860930
-0.06922820
-0.02806868
-0.03903669
0.04198508
0.01073214
-0.01096801
-0.05837813
-0.00023587
-0.03891875
0.01273705
0.02936597
0.00400981
-0.00412775
-0.06061890
-0.00684027
-0.06403904
-0.01804415
-0.17218599
-0.03455513
-0.00778375
0.00459949
-0.01250117
-0.02700725
-0.12170955
0.00931691
-0.04104159
0.03750352
-0.05955748
0.03667797
-0.01014246
-0.02488441
-0.05672703
-0.02205396
-0.04446172
-0.15661849
0.02405886
-0.01403434
-0.02394093
0.01556750
-0.16381256
-0.05200960
-0.04056985
-0.12713459
0.04410792
-0.05401451
-0.14305589
-0.00707614
-0.03490894
-0.11085947
-0.07842718
0.00247665
-0.08703648
-0.06604394
-0.08691854
-0.00400981
-0.00778375
-0.03903669
-0.08562125
-0.03844701
-0.15744404
-0.04257476
-0.03856494
-0.04917915
-0.09234358
-0.16664302
-0.02134635
-0.12512968
-0.01662892
-0.11168502
-0.09470229
-0.03762146
-0.07595053
-0.05259928
-0.05271722
-0.08727235
-0.04457966
-0.08019621
-0.01804415
-0.04870741
-0.05826019
-0.07937067
-0.04741012
-117935.60964750
-117935.60964750
-117935.60964750
-117935.60964750
-117935.60964750
-117935.60964750
-117935.60964750
-117935.60964750
-117935.60964750
-117935.60964750
-117935.60964750
-117935.60964750
-117935.60964750
-117935.60964750
-117935.60964750
-117935.60964750
-117935.60964750
-117935.60964750
-117935.60964750
-117935.60964750
-117935.60964750
-117935.60964750
-117935.60964750
-117935.60964750
-117935.60964750
-117935.60964750
-117935.60964750
-117935.60964750
-117935.60964750
-117935.60964750
-117935.60964750
-117935.60964750
-117935.60964750
-117935.60964750
-117935.60964750
-117935.60964750
-117935.60964750
-117935.60964750
-117935.60964750
-117935.60964750
-117935.60964750
-117935.60964750
-117935.60964750
0.00082555
-0.06734123
-0.03019152
-0.01580337
-0.04599489
-0.06356729
-0.22844128
-0.03243229
-0.05401451
0.00153316
-0.08833377
0.01474195
-0.02653551
-0.06604394
-0.12371445
-0.06875646
-0.07771957
-0.22148307
0.00471742
-0.05920368
-0.05802432
-0.00400981
-0.22395972
-0.05920368
-0.02488441
-0.21310965
0.04068779
-0.05767051
-0.19919324
0.00212284
-0.04906121
-0.23551741
-0.15815165
0.00825549
-0.08998487
-0.07288421
-0.13008298
-0.06250587
-0.01886970
-0.07158692
-0.12288891
-0.03656004
-0.21888849
-0.03231436
-0.04186714
-0.06734123
-0.11357199
-0.18244639
-0.00837343
-0.20202370
0.00200491
-0.19919324
-0.13279550
-0.02040286
-0.06663362
-0.04033398
-0.05578354
-0.12678078
-0.05472212
-0.05908574
0.02582790
-0.02063873
-0.05778845
-0.10590618
-0.03691385
-0.07135104
-0.02370506
-0.01674686
-0.03514481
-0.04599489
-0.10838283
-0.04917915
-0.11864322
-0.07889892
-0.24058864
-0.07146898
-0.04422585
-0.03266816
-0.06698743
-0.07264834
-0.23822993
-0.05401451
-0.08668267
-0.02358712
-0.10225017
0.00306633
-0.02394093
-0.05106612
-0.11652038
-0.09989146
-0.11262851
-0.27007255
-0.03361165
-0.08715442
-0.08703648
-0.03939049
-0.24731097
-0.09965559
-0.03597036
-0.22160101
0.00094348
-0.09281532
-0.23091792
-0.02512028
-0.06569013
-0.22207275
-0.15567500
-0.00471742
-0.09576372
-0.08007828
-0.11593070
-0.05660909
-0.01450608
-0.08609300
-0.13774879
-0.06038303
-0.27549758
-0.04422585
-0.03974430
-0.06462871
-0.10873663
-0.17195012
-0.01226530
-0.21405313
0.01002453
-0.20320306
-0.13055472
-0.00931691
-0.05000470
-0.01037833
-0.02771487
-0.08538538
-0.05212754
-0.06380316
0.02523822
-0.00978866
-0.03844701
-0.07866305
-0.02818661
-0.06639775
-0.01179356
-0.00294839
-0.02099254
-0.02016699
-0.07618640
-0.02547409
-0.09352294
-0.05366070
-0.23186141
-0.05248135
-0.02358712
-0.01214737
-0.03809320
-0.04139540
-0.16982728
-0.01910557
-0.05413244
0.01014246
-0.08656474
0.01839796
-0.02004905
-0.02865835
-0.06781298
-0.04009811
-0.06309555
-0.20461828
0.00330220
-0.03172468
-0.03207849
0.00507123
-0.17537025
-0.06486459
-0.04599489
-0.17077076
0.03538068
-0.05932161
-0.15461358
-0.01344466
-0.04953296
-0.15838752
-0.10614205
0.00035381
-0.09340500
-0.07453531
-0.10201430
-0.01509576
-0.01085008
-0.04387205
-0.08786203
-0.05000470
-0.20921777
-0.06120858
-0.05330690
-0.05554767
-0.09588165
-0.16381256
-0.02759693
-0.15944894
-0.02193602
-0.13562595
-0.09859417
-0.03443720
-0.07500705
-0.05625529
-0.05708084
-0.09234358
-0.04587695
-0.08007828
-0.01922350
-0.05660909
-0.06439284
-0.08774409
-0.05649116
-0.09965559
-117935.60964750
-117935.60964750
-117935.60964750
-117935.60964750
-117935.60964750
-117935.60964750
-117935.60964750
-117935.60964750
-117935.60964750
-117935.60964750
-117935.60964750
-117935.60964750
-117935.60964750
-117935.60964750
-117935.60964750
-117935.60964750
-117935.60964750
-117935.60964750
-117935.60964750
-117935.60964750
-117935.60964750
-117935.60964750
-117935.60964750
-117935.60964750
-117935.60964750
-117935.60964750
-117935.60964750
-117935.60964750
-117935.60964750
-117935.60964750
-117935.60964750
-117935.60964750
-117935.60964750
-117935.60964750
-117935.60964750
-117935.60964750
-117935.60964750
-117935.60964750
-117935.60964750
-117935.60964750
-117935.60964750
-117935.60964750
0.00165110
-0.03313991
0.01898763
0.03844701
0.00400981
-0.01273705
-0.20214163
0.01757241
-0.03667797
0.06227000
-0.05224548
0.07276627
0.01863383
0.00365600
-0.06215207
-0.01863383
-0.03950843
-0.24330116
0.05637322
-0.00719407
0.00212284
0.04198508
-0.17985180
-0.03620623
0.01686479
-0.19813182
0.08927726
-0.01886970
-0.21063300
0.05884987
0.02217189
-0.15897720
-0.09281532
0.07099724
-0.03349371
0.00754788
-0.05106612
0.04233888
0.06757710
0.00577884
-0.07783750
0.02488441
-0.25521266
0.01309085
0.01981318
-0.00058968
-0.04705631
-0.13362105
0.05637322
-0.18657413
0.07158692
-0.19966499
-0.11522309
0.04811773
-0.01037833
0.02429474
0.03007358
-0.04917915
0.01014246
-0.01415227
0.08055002
0.03443720
0.01556750
-0.03927256
0.03396546
-0.02335125
0.02865835
0.04505140
0.02382299
0.02441267
-0.04434379
0.02264364
-0.07005375
-0.01497782
-0.23009237
-0.02995564
0.02736106
0.04398998
0.01320879
-0.00837343
-0.14494286
0.03113500
-0.00625059
0.06604394
-0.06344936
0.07253040
0.00141523
-0.00106142
-0.04847154
-0.00448155
-0.02523822
-0.24577781
0.05212754
-0.00554297
0.00094348
0.04422585
-0.21499662
-0.04729218
0.01014246
-0.22053959
0.07194072
-0.03750352
-0.23127173
0.03078119
-0.01167563
-0.20355686
-0.11498722
0.05790638
-0.04858947
-0.01474195
-0.08290873
0.03089913
0.06899233
0.03302197
-0.03467307
0.04682044
-0.27644107
0.00943485
0.02724313
0.00471742
-0.03927256
-0.12324271
0.06380316
-0.19247091
0.09175390
-0.19388614
-0.11298231
0.06002923
-0.00660439
0.03608830
0.04929708
-0.02854042
0.03821114
0.02547409
0.11687419
0.07312008
0.04717424
0.00294839
0.07064343
0.02276157
0.08125764
0.08361635
0.02559203
0.05943955
-0.00011794
0.08479570
-0.02311538
0.03255023
-0.21676565
0.01710066
0.06521839
0.09599959
0.06297762
0.02818661
-0.15437771
0.08904139
0.07512498
0.14116892
0.01639305
0.12843188
0.05896780
0.05448625
0.01226530
0.07217659
0.06462871
-0.18739968
0.13668737
0.08727235
0.10696760
0.13951783
-0.11734593
0.05307102
0.08750822
-0.16876586
0.17702135
0.07276627
-0.16900173
0.12854981
0.07878099
-0.13244169
-0.01721860
0.13798466
0.05271722
0.08703648
0.00283045
0.08856964
0.14034338
0.12265303
0.06191620
0.16110004
-0.10519856
0.11522309
0.12159161
0.11616658
0.09092836
-0.00389188
0.17537025
-0.08361635
0.18032355
-0.07099724
0.01898763
0.17171425
0.08691854
0.09658926
0.12324271
0.06203413
0.15048584
0.11522309
0.15909514
0.11203883
0.12619110
0.08514951
0.18091323
0.13267756
0.14918855
-117935.60964750
-117935.60964750
-117935.60964750
-117935.60964750
-117935.60964750
-117935.60964750
-117935.60964750
-117935.60964750
-117935.60964750
-117935.60964750
-117935.60964750
-117935.60964750
-117935.60964750
-117935.60964750
-117935.60964750
-117935.60964750
-117935.60964750
-117935.60964750
-117935.60964750
-117935.60964750
-117935.60964750
-117935.60964750
-117935.60964750
-117935.60964750
-117935.60964750
-117935.60964750
-117935.60964750
-117935.60964750
-117935.60964750
-117935.60964750
-117935.60964750
-117935.60964750
-117935.60964750
-117935.60964750
-117935.60964750
-117935.60964750
-117935.60964750
-117935.60964750
-117935.60964750
-117935.60964750
-117935.60964750
0.00094348
-0.06781298
-0.03125294
-0.01427021
-0.04823566
-0.05861400
-0.26028389
-0.03219642
-0.08090383
0.00330220
-0.09717894
0.02217189
-0.01132182
-0.04115953
-0.11628451
-0.07960654
-0.10295779
-0.28941399
-0.00483536
-0.06427491
-0.05920368
-0.01403434
-0.25650995
-0.08125764
-0.03313991
-0.25167459
0.04068779
-0.06250587
-0.22620050
0.01250117
-0.02712519
-0.20980745
-0.14506080
0.02358712
-0.08550332
-0.05743464
-0.11262851
-0.03844701
0.00554297
-0.06627981
-0.14895267
-0.04906121
-0.30651465
-0.04127746
-0.03479100
-0.05719877
-0.11215676
-0.19718834
-0.00731201
-0.25332569
0.00589678
-0.23516361
-0.15461358
-0.01993112
-0.06592601
-0.02818661
-0.04127746
-0.12005845
-0.07135104
-0.07866305
0.02075667
-0.01875176
-0.05083025
-0.09647133
-0.03502688
-0.08349841
-0.02924803
-0.02217189
-0.04056985
-0.03160674
-0.09352294
-0.03703178
-0.12689872
-0.07901686
-0.28292753
-0.07394563
-0.03325784
-0.01592131
-0.05141993
-0.05660909
-0.22808747
-0.04045191
-0.07512498
-0.01120388
-0.11946877
0.01143975
-0.03042739
-0.03703178
-0.09588165
-0.07677608
-0.09918385
-0.32243596
-0.03137087
-0.07406356
-0.06769504
-0.02252570
-0.26205292
-0.10437301
-0.03431926
-0.28233785
0.01108595
-0.09257945
-0.26028389
-0.01910557
-0.06002923
-0.24282942
-0.16110004
0.01344466
-0.09045661
-0.06686949
-0.12029432
-0.03302197
0.01828002
-0.03467307
-0.09800449
-0.02865835
-0.34460785
-0.05083025
-0.02936597
-0.04009811
-0.08397015
-0.15461358
0.00860930
-0.24754684
0.03007358
-0.23834787
-0.14482493
0.00955278
-0.03868288
0.00436362
0.00342013
-0.05943955
-0.01297292
-0.02641758
0.05507593
0.02382299
0.00566091
-0.02971977
0.02594583
-0.02122841
0.03420133
0.03148881
-0.02488441
0.00636852
-0.03502688
0.03113500
-0.05118405
-0.00955278
-0.23881961
-0.03125294
0.00636852
0.03255023
0.01179356
-0.01155769
-0.14494286
0.02736106
-0.00106142
0.06297762
-0.05283515
0.05259928
-0.00707614
-0.01332672
-0.03773940
0.01191150
-0.00636852
-0.18905078
0.04717424
0.01592131
0.02193602
0.06179826
-0.10508063
-0.01332672
-0.00235871
-0.17607787
0.09411262
-0.01073214
-0.14517874
0.03821114
-0.00023587
-0.12029432
-0.05884987
0.04375411
-0.04340030
-0.02665345
-0.08066796
0.00330220
0.02830455
0.01721860
-0.02335125
0.02842248
-0.15131139
-0.01214737
-0.00754788
0.00212284
-0.02795074
-0.09658926
0.03667797
-0.11887909
0.02913010
-0.13126233
-0.07441737
0.01580337
-0.03620623
-0.02335125
-0.01568544
-0.05248135
0.01521369
-0.02122841
0.02170015
-0.01757241
-0.00884517
-0.03361165
0.03030945
-0.01073214
0.01969525
0.02016699
-117935.60964750
-117935.60964750
-117935.60964750
-117935.60964750
-117935.60964750
-117935.60964750
-117935.60964750
-117935.60964750
-117935.60964750
-117935.60964750
-117935.60964750
-117935.60964750
-117935.60964750
-117935.60964750
-117935.60964750
-117935.60964750
-117935.60964750
-117935.60964750
-117935.60964750
-117935.60964750
-117935.60964750
-117935.60964750
-117935.60964750
-117935.60964750
-117935.60964750
-117935.60964750
-117935.60964750
-117935.60964750
-117935.60964750
-117935.60964750
-117935.60964750
-117935.60964750
-117935.60964750
-117935.60964750
-117935.60964750
-117935.60964750
-117935.60964750
-117935.60964750
-117935.60964750
-117935.60964750
0.00400981
0.03266816
0.04127746
0.07394563
0.04705631
0.03644210
-0.11534103
0.06085477
0.00495330
0.10555237
0.03290404
0.08727235
0.05495799
0.04693837
0.02913010
0.06651568
0.05908574
-0.08255493
0.10331159
0.08609300
0.08998487
0.10979805
-0.08809790
0.05542974
0.05613735
-0.07241246
0.14223035
0.08455983
-0.06875646
0.11887909
0.11003392
-0.05684496
-0.01285498
0.10637792
0.06533633
0.10956218
0.07229453
0.09316913
0.12984711
0.11569483
0.04233888
0.14057925
-0.03325784
0.10413714
0.13668737
0.13421072
0.11498722
0.02087460
0.15944894
-0.05436832
0.16003862
-0.03538068
0.02111047
0.15166519
0.10225017
0.10496269
0.15225487
0.08479570
0.09800449
0.09434849
0.13998957
0.13609769
0.15744404
0.10449095
0.14671190
0.09635339
0.12548349
0.15933101
0.12100194
0.15201900
0.10920837
0.15013203
0.06333142
0.14305589
-0.00707614
0.09257945
0.13951783
0.16982728
0.15484946
0.11133122
0.00247665
0.15378803
0.08986693
0.19683453
0.10083495
0.16428430
0.09906591
0.11711006
0.11946877
0.14010750
0.12689872
-0.04505140
0.15980275
0.14282002
0.15567500
0.15980275
-0.02063873
0.10071701
0.10048114
-0.00778375
0.17914419
0.15001410
0.01769034
0.17112457
0.16251527
0.00188697
0.05071231
0.16015656
0.11604864
0.17206805
0.12371445
0.16794031
0.20450035
0.20391067
0.13704118
0.22207275
-0.02287951
0.16805824
0.21228410
0.19931118
0.19848563
0.12972917
0.21983198
0.00283045
0.24377291
0.01226530
0.07937067
0.23374838
0.17831864
0.19883944
0.24908001
0.18645620
0.20450035
0.21499662
0.25308982
0.25250014
0.26051976
0.23150760
0.25450505
0.22620050
0.24978762
0.28457863
0.22997444
0.29472109
0.25792518
0.32019518
0.21936023
0.28835257
0.08585712
0.22042165
0.27644107
0.32573815
0.32196421
0.25934041
0.12666284
0.32113867
0.29059334
0.40074520
0.30038200
0.32833274
0.24530607
0.29106508
0.31488808
0.36100090
0.36489278
0.17737516
0.38470596
0.36890259
0.39543810
0.37173304
0.18964046
0.30840162
0.26193499
0.14989616
0.40192456
0.39437668
0.23032825
0.40428327
0.39343319
0.26500131
0.32691751
0.36312374
0.33823933
0.42881388
0.36807704
0.42091219
0.40157075
0.46112823
0.40510882
0.49379640
0.36229819
0.40617024
0.42079426
0.44461725
0.48565884
0.41159528
0.46525598
0.35121225
0.44343789
0.35793458
0.39909410
0.48672026
0.39496636
0.32951209
0.43376717
0.40864689
0.50405680
0.43400304
0.35368889
0.35050463
0.44237647
0.43471066
0.48754581
0.43671556
0.36548245
0.48636645
0.49179149
-117935.60964750
-117935.60964750
-117935.60964750
-117935.60964750
-117935.60964750
-117935.60964750
-117935.60964750
-117935.60964750
-117935.60964750
-117935.60964750
-117935.60964750
-117935.60964750
-117935.60964750
-117935.60964750
-117935.60964750
-117935.60964750
-117935.60964750
-117935.60964750
-117935.60964750
-117935.60964750
-117935.60964750
-117935.60964750
-117935.60964750
-117935.60964750
-117935.60964750
-117935.60964750
-117935.60964750
-117935.60964750
-117935.60964750
-117935.60964750
-117935.60964750
-117935.60964750
-117935.60964750
-117935.60964750
-117935.60964750
-117935.60964750
-117935.60964750
-117935.60964750
-117935.60964750
0.00129729
-0.04658457
0.00530710
0.01969525
-0.02441267
-0.03431926
-0.24165006
-0.00908104
-0.05649116
0.03431926
-0.09246152
0.04658457
0.00000000
-0.00684027
-0.07500705
-0.05342483
-0.08326254
-0.33552681
0.01238324
-0.04127746
-0.02287951
0.01816208
-0.20273131
-0.06828472
-0.00483536
-0.25981215
0.07158692
-0.04245682
-0.23988103
0.03431926
-0.00778375
-0.20013673
-0.11746387
0.05071231
-0.05613735
-0.03196055
-0.09611752
-0.00141523
0.04693837
-0.01698273
-0.09847623
-0.00684027
-0.33246048
-0.01922350
-0.00117936
-0.00849136
-0.05330690
-0.13704118
0.03891875
-0.23952722
0.05248135
-0.23846580
-0.13645150
0.03101707
-0.03113500
0.00754788
0.01238324
-0.06250587
-0.00377394
-0.03196055
0.06215207
0.01214737
-0.00106142
-0.05083025
0.02854042
-0.03243229
0.02016699
0.02618171
-0.01049627
0.00589678
-0.05271722
0.01698273
-0.07595053
-0.03632417
-0.28941399
-0.05660909
0.00342013
0.02971977
-0.00200491
-0.02346919
-0.17737516
0.00483536
-0.02570996
0.04328237
-0.09387675
0.04988676
-0.02818661
-0.03148881
-0.06969995
-0.02677138
-0.04505140
-0.26547306
0.01662892
-0.04599489
-0.03785733
0.01945938
-0.21464281
-0.07076137
-0.00318426
-0.26606274
0.05672703
-0.05330690
-0.22702605
0.02641758
-0.01686479
-0.21912436
-0.13362105
0.05130199
-0.05448625
-0.02570996
-0.10401921
-0.00424568
0.05377864
0.01415227
-0.04009811
0.03408339
-0.32078486
-0.02417680
-0.00625059
-0.01769034
-0.05625529
-0.12029432
0.05318896
-0.20638732
0.07783750
-0.24330116
-0.14128686
0.04741012
-0.01686479
0.02983771
0.03479100
-0.04422585
0.02134635
0.01580337
0.11062360
0.06392110
0.03667797
-0.01167563
0.06274174
0.01757241
0.08479570
0.07736576
-0.00342013
0.03313991
-0.01556750
0.08290873
-0.00742994
0.03644210
-0.21263790
0.00967072
0.04516934
0.08597506
0.06073684
0.02747900
-0.15756197
0.08361635
0.06333142
0.13869228
0.01285498
0.12288891
0.04941502
0.03396546
-0.00294839
0.07312008
0.07064343
-0.14565048
0.13892815
0.08231906
0.08927726
0.13539008
-0.10378334
0.05283515
0.08491364
-0.16086417
0.17772896
0.05814226
-0.17666754
0.12713459
0.08739029
-0.09022074
0.00035381
0.13279550
0.05000470
0.08526745
0.00518917
0.08196525
0.12336065
0.10625998
0.04858947
0.15355216
-0.05448625
0.10508063
0.09989146
0.09140010
0.06203413
-0.02712519
0.15838752
-0.04799979
0.15720817
-0.08090383
-0.00648646
0.14329177
0.06745917
0.07500705
0.10283985
0.04281063
0.12972917
0.08951313
0.13515421
0.08821584
0.10484476
0.05425038
0.15095758
0.09989146
0.12454000
0.16440224
0.12371445
0.09246152
-117935.60964750
-117935.60964750
-117935.60964750
-117935.60964750
-117935.60964750
-117935.60964750
-117935.60964750
-117935.60964750
-117935.60964750
-117935.60964750
-117935.60964750
-117935.60964750
-117935.60964750
-117935.60964750
-117935.60964750
-117935.60964750
-117935.60964750
-117935.60964750
-117935.60964750
-117935.60964750
-117935.60964750
-117935.60964750
-117935.60964750
-117935.60964750
-117935.60964750
-117935.60964750
-117935.60964750
-117935.60964750
-117935.60964750
-117935.60964750
-117935.60964750
-117935.60964750
-117935.60964750
-117935.60964750
-117935.60964750
-117935.60964750
-117935.60964750
-117935.60964750
0.00247665
-0.08668267
-0.03939049
-0.01191150
-0.05106612
-0.07264834
-0.29932058
-0.02759693
-0.07111517
0.01556750
-0.11569483
0.02111047
-0.03998017
-0.04682044
-0.09953765
-0.05837813
-0.08963106
-0.36949227
-0.02594583
-0.06875646
-0.05861400
0.00731201
-0.22950270
-0.07477118
-0.02618171
-0.30380213
0.06156239
-0.05578354
-0.27443616
0.02040286
-0.02889422
-0.26358609
-0.15862339
0.04033398
-0.07052549
-0.05059438
-0.14046131
-0.05448625
0.01721860
-0.03384752
-0.11109534
-0.02228983
-0.38659293
-0.06993582
-0.05259928
-0.04375411
-0.09175390
-0.16888379
0.01556750
-0.28658353
0.02323332
-0.30226897
-0.18456923
0.00188697
-0.05484006
-0.03148881
-0.02240777
-0.09824036
-0.03726765
-0.06050097
0.03184261
-0.02582790
-0.03880082
-0.10767521
-0.00377394
-0.05377864
-0.00035381
0.00000000
-0.05884987
-0.03679591
-0.08137557
-0.00082555
-0.08739029
-0.05106612
-0.30922717
-0.08031415
-0.03538068
0.00365600
-0.02111047
-0.05106612
-0.22690811
-0.01344466
-0.04823566
0.02771487
-0.09446642
0.03196055
-0.04788186
-0.07194072
-0.10708553
-0.03939049
-0.04882534
-0.25627408
-0.00141523
-0.05991129
-0.06793091
0.00919898
-0.24106039
-0.07111517
-0.01309085
-0.28174817
0.04410792
-0.07748370
-0.26877525
0.00742994
-0.03821114
-0.25910453
-0.17159631
0.03160674
-0.06981788
-0.03880082
-0.11982258
-0.04340030
0.02122841
-0.01592131
-0.06627981
0.02217189
-0.27101603
-0.03644210
-0.02983771
-0.04705631
-0.09010281
-0.15555707
0.03502688
-0.21358139
0.05401451
-0.26417577
-0.16310495
0.02877629
-0.02252570
0.01297292
0.01686479
-0.06333142
0.00094348
-0.00082555
0.08963106
0.04847154
0.02228983
-0.04481553
0.04045191
0.00247665
0.06934614
0.06745917
-0.01427021
0.00424568
-0.05259928
0.04210301
-0.04163127
0.02629964
-0.19117362
-0.00306633
0.02004905
0.05425038
0.03443720
0.00436362
-0.17183218
0.05849606
0.01792621
0.10779315
-0.00471742
0.09446642
0.03502688
0.00625059
-0.03479100
0.03608830
0.03125294
-0.14388144
0.10814695
0.05849606
0.05083025
0.10413714
-0.13810260
0.03809320
0.05024057
-0.10213224
0.14647603
0.02995564
-0.17678548
0.08904139
0.05177373
-0.10295779
-0.02995564
0.09222565
0.00507123
0.04398998
-0.01037833
0.05920368
0.07878099
0.05248135
-0.01391640
0.09529197
-0.03998017
0.07689402
0.06816678
0.05448625
0.01403434
-0.08573919
0.10649586
-0.04729218
0.10083495
-0.07370976
-0.03691385
0.07901686
0.01721860
0.01934144
0.04764599
-0.00224078
0.07642228
0.03113500
0.07642228
0.03891875
0.05259928
0.00117936
0.08550332
0.03679591
0.05755258
0.10319366
0.09116423
0.05448625
-0.02146428
-117935.60964750
-117935.60964750
-117935.60964750
-117935.60964750
-117935.60964750
-117935.60964750
-117935.60964750
-117935.60964750
-117935.60964750
-117935.60964750
-117935.60964750
-117935.60964750
-117935.60964750
-117935.60964750
-117935.60964750
-117935.60964750
-117935.60964750
-117935.60964750
-117935.60964750
-117935.60964750
-117935.60964750
-117935.60964750
-117935.60964750
-117935.60964750
-117935.60964750
-117935.60964750
-117935.60964750
-117935.60964750
-117935.60964750
-117935.60964750
-117935.60964750
-117935.60964750
-117935.60964750
-117935.60964750
-117935.60964750
-117935.60964750
-117935.60964750
-0.00023587
-0.08043209
-0.04033398
-0.02417680
-0.05083025
-0.05943955
-0.21723739
-0.04599489
-0.05849606
-0.01544956
-0.12029432
-0.00271252
-0.05283515
-0.07194072
-0.11427961
-0.07571466
-0.08821584
-0.24483433
-0.03714972
-0.09599959
-0.09599959
-0.02747900
-0.18987633
-0.08149351
-0.01851589
-0.22419559
0.01615718
-0.08432396
-0.24330116
-0.01155769
-0.05200960
-0.22089340
-0.13385692
0.01615718
-0.06946407
-0.05767051
-0.12229923
-0.06498252
-0.01721860
-0.07312008
-0.11404373
-0.05295309
-0.30958098
-0.08632887
-0.09163597
-0.09399468
-0.13291343
-0.16027449
-0.02806868
-0.16487398
-0.01769034
-0.23822993
-0.17195012
-0.04646663
-0.08491364
-0.06250587
-0.06887440
-0.11840735
-0.04693837
-0.06911027
0.00518917
-0.05177373
-0.08161144
-0.13220582
-0.05094818
-0.07878099
-0.03467307
-0.03514481
-0.06014716
-0.07465324
-0.12159161
-0.05755258
-0.10177843
-0.08833377
-0.23079999
-0.08739029
-0.06757710
-0.04858947
-0.07135104
-0.08208318
-0.18044148
-0.06132652
-0.06734123
-0.04292856
-0.13456453
-0.02453061
-0.06946407
-0.11498722
-0.16251527
-0.11392580
-0.11333612
-0.20379273
-0.04328237
-0.11321819
-0.12194542
-0.06521839
-0.25721756
-0.12442207
-0.04163127
-0.23870167
-0.03372958
-0.14010750
-0.27420029
-0.05979335
-0.09246152
-0.21676565
-0.15532120
-0.01957731
-0.09741481
-0.08774409
-0.13468247
-0.08031415
-0.03396546
-0.08455983
-0.11616658
-0.05083025
-0.22419559
-0.06580807
-0.07477118
-0.10767521
-0.15602881
-0.21487868
-0.03243229
-0.18209258
-0.01143975
-0.19317853
-0.14494286
-0.04009811
-0.08007828
-0.03962636
-0.05896780
-0.11392580
-0.06356729
-0.06663362
0.01344466
-0.01934144
-0.04764599
-0.08703648
-0.02877629
-0.06274174
-0.00389188
-0.01167563
-0.05484006
-0.06828472
-0.12784220
-0.06804885
-0.12807807
-0.06521839
-0.17784690
-0.04953296
-0.03231436
-0.03714972
-0.06403904
-0.07453531
-0.18386162
-0.03420133
-0.06911027
-0.01474195
-0.09647133
-0.00695820
-0.03384752
-0.06934614
-0.11722800
-0.07901686
-0.09647133
-0.19152743
-0.00849136
-0.04634869
-0.05106612
-0.01580337
-0.15390597
-0.06981788
-0.05366070
-0.10177843
0.01096801
-0.09340500
-0.20414654
-0.05590148
-0.08892345
-0.16699682
-0.10944425
-0.03196055
-0.10378334
-0.10366540
-0.11935084
-0.06486459
-0.05802432
-0.11357199
-0.16263321
-0.10378334
-0.18657413
-0.07819131
-0.08338048
-0.10307572
-0.15602881
-0.23398425
-0.08220112
-0.16829411
-0.07760163
-0.13822053
-0.13704118
-0.10979805
-0.14824506
-0.11769974
-0.13149820
-0.15614675
-0.10437301
-0.13527214
-0.06698743
-0.10920837
-0.12371445
-0.15496739
-0.09835830
-0.13244169
-0.09375881
-0.09493817
-0.09399468
-0.10590618
-0.18114910
-0.15956688
-117935.60964750
-117935.60964750
-117935.60964750
-117935.60964750
-117935.60964750
-117935.60964750
-117935.60964750
-117935.60964750
-117935.60964750
-117935.60964750
-117935.60964750
-117935.60964750
-117935.60964750
-117935.60964750
-117935.60964750
-117935.60964750
-117935.60964750
-117935.60964750
-117935.60964750
-117935.60964750
-117935.60964750
-117935.60964750
-117935.60964750
-117935.60964750
-117935.60964750
-117935.60964750
-117935.60964750
-117935.60964750
-117935.60964750
-117935.60964750
-117935.60964750
-117935.60964750
-117935.60964750
-117935.60964750
-117935.60964750
-117935.60964750
0.00707614
0.06592601
0.11864322
0.15390597
0.10991599
0.06333142
-0.12253510
0.13196995
0.06569013
0.19990086
0.08113970
0.16569953
0.08314460
0.09364087
0.08231906
0.13373898
0.11368993
-0.14282002
0.16888379
0.13444659
0.15614675
0.17643167
-0.07429943
0.07937067
0.08137557
-0.10331159
0.20520796
0.13645150
-0.03054532
0.17065283
0.13951783
-0.07158692
-0.00247665
0.15225487
0.09316913
0.14069718
0.06934614
0.16334082
0.19459376
0.21617597
0.13232375
0.25132078
0.00412775
0.19093775
0.22407766
0.22785160
0.21216616
0.07158692
0.25615614
-0.09753275
0.24919794
-0.05590148
0.05177373
0.24660336
0.15390597
0.14977822
0.21735533
0.12630904
0.19258885
0.17383709
0.22785160
0.19412201
0.22561082
0.15437771
0.23893755
0.16864792
0.20013673
0.24247561
0.17501644
0.20886396
0.16345875
0.24035277
0.12949330
0.20827429
-0.03066326
0.11840735
0.20190576
0.24011690
0.21711946
0.14199447
-0.03750352
0.22101133
0.12996504
0.29884883
0.18044148
0.26075563
0.14199447
0.16652508
0.16982728
0.23445599
0.21947817
-0.03691385
0.25120285
0.20497209
0.21358139
0.25261808
-0.01344466
0.16452018
0.14541461
-0.05448625
0.27762043
0.21098681
0.00306633
0.24695717
0.21322758
-0.04799979
0.03089913
0.20780254
0.13421072
0.20119815
0.11050567
0.18515891
0.23799406
0.22891302
0.15072171
0.28740908
-0.03644210
0.22348798
0.25533059
0.23021031
0.22502114
0.14824506
0.28233785
-0.03549862
0.31123207
-0.09069248
0.03349371
0.29094715
0.21075093
0.23929135
0.29248031
0.18162084
0.23563535
0.25285395
0.34083391
0.29955645
0.27549758
0.19895737
0.27384649
0.24624955
0.29000366
0.34531547
0.28186611
0.34767418
0.28316340
0.40216043
0.25285395
0.34106978
0.02736106
0.25226427
0.31547776
0.39720713
0.37267653
0.30521736
0.00778375
0.36347755
0.33269635
0.48117729
0.34378230
0.42975736
0.32043105
0.36583626
0.33847520
0.42185568
0.44886293
0.14376351
0.50464647
0.43364924
0.46525598
0.46643534
0.04457966
0.38152170
0.39036687
0.07312008
0.52681837
0.49308878
0.11887909
0.55217452
0.51856288
0.18468716
0.31512395
0.50924596
0.43129052
0.58047907
0.45688255
0.54179619
0.57281326
0.60406619
0.49568337
0.68897983
0.34260295
0.57977146
0.59439547
0.58543237
0.61444453
0.48742787
0.67812976
0.32255389
0.67848356
0.28375308
0.42256329
0.71492567
0.57682307
0.51419926
0.65371708
0.55818924
0.68202163
0.61963369
0.57764862
0.56149144
0.64003655
0.58814489
0.67117155
0.59274437
0.54332935
0.72577574
0.73544646
0.66621826
0.64027242
0.72660129
0.64746650
-117935.60964750
-117935.60964750
-117935.60964750
-117935.60964750
-117935.60964750
-117935.60964750
-117935.60964750
-117935.60964750
-117935.60964750
-117935.60964750
-117935.60964750
-117935.60964750
-117935.60964750
-117935.60964750
-117935.60964750
-117935.60964750
-117935.60964750
-117935.60964750
-117935.60964750
-117935.60964750
-117935.60964750
-117935.60964750
-117935.60964750
-117935.60964750
-117935.60964750
-117935.60964750
-117935.60964750
-117935.60964750
-117935.60964750
-117935.60964750
-117935.60964750
-117935.60964750
-117935.60964750
-117935.60964750
-117935.60964750
-0.00082555
-0.07807337
-0.04457966
-0.03597036
-0.07701195
-0.09010281
-0.26724209
-0.04481553
-0.08314460
-0.01297292
-0.12984711
0.01356260
-0.03644210
-0.06804885
-0.14789125
-0.09517404
-0.11746387
-0.29389554
-0.00766581
-0.08809790
-0.09163597
-0.03125294
-0.32833274
-0.10802902
-0.04599489
-0.23964516
0.01556750
-0.10283985
-0.28363514
-0.02594583
-0.07477118
-0.26110944
-0.17855451
0.00283045
-0.12111987
-0.09670720
-0.15838752
-0.04587695
-0.01143975
-0.07229453
-0.15390597
-0.05472212
-0.30686846
-0.04882534
-0.05259928
-0.09128216
-0.16168972
-0.27042635
-0.02830455
-0.28516830
-0.00825549
-0.25863279
-0.19258885
-0.04858947
-0.10661379
-0.06533633
-0.06981788
-0.14600428
-0.06922820
-0.09269739
0.01686479
-0.04068779
-0.08243699
-0.13456453
-0.06297762
-0.11817148
-0.05224548
-0.04599489
-0.05637322
-0.05578354
-0.13008298
-0.06710536
-0.16369463
-0.10814695
-0.30191516
-0.08338048
-0.04351824
-0.04292856
-0.09411262
-0.10956218
-0.30073580
-0.06179826
-0.09081042
-0.03007358
-0.14175860
-0.00377394
-0.04741012
-0.06745917
-0.14164067
-0.10944425
-0.13574389
-0.36807704
-0.03915462
-0.09470229
-0.08455983
-0.03597036
-0.30427387
-0.12347858
-0.06333142
-0.28776289
0.00448155
-0.11097741
-0.28528624
-0.04611282
-0.10578824
-0.30946304
-0.20343893
-0.01474195
-0.13008298
-0.12359652
-0.18739968
-0.08526745
-0.02594583
-0.08562125
-0.15343423
-0.06969995
-0.35840632
-0.06769504
-0.05519387
-0.08113970
-0.14034338
-0.24424465
-0.03302197
-0.34555134
-0.01143975
-0.27962533
-0.18079529
-0.03738559
-0.10118875
-0.05354277
-0.06486459
-0.13114440
-0.06168032
-0.08031415
0.02099254
-0.03420133
-0.06510046
-0.10968012
-0.03313991
-0.08385222
-0.02052080
-0.02181809
-0.06179826
-0.03986224
-0.09894798
-0.02924803
-0.13291343
-0.08326254
-0.35911393
-0.08385222
-0.03302197
-0.01368053
-0.05460419
-0.07312008
-0.29707980
-0.04021604
-0.07488911
0.00530710
-0.11074154
0.01521369
-0.03691385
-0.05425038
-0.10732140
-0.06604394
-0.08927726
-0.31830821
-0.01851589
-0.06616188
-0.05554767
0.00436362
-0.22266243
-0.07453531
-0.04858947
-0.26806764
0.05295309
-0.05719877
-0.19188124
0.00294839
-0.05837813
-0.27007255
-0.17737516
0.00872724
-0.10225017
-0.08491364
-0.14753745
-0.06109065
-0.01427021
-0.06215207
-0.11451548
-0.04340030
-0.30427387
-0.06745917
-0.05943955
-0.05613735
-0.10000940
-0.17690341
-0.00872724
-0.26040183
-0.00884517
-0.24966969
-0.15024997
-0.02264364
-0.08149351
-0.05566561
-0.06757710
-0.12866775
-0.05436832
-0.07547879
0.00731201
-0.04941502
-0.06852059
-0.11286438
-0.03738559
-0.08279080
-0.02889422
-0.02771487
-0.06769504
-0.05943955
-0.10248604
-0.03420133
-0.09104629
-0.08562125
-117935.60964750
-117935.60964750
-117935.60964750
-117935.60964750
-117935.60964750
-117935.60964750
-117935.60964750
-117935.60964750
-117935.60964750
-117935.60964750
-117935.60964750
-117935.60964750
-117935.60964750
-117935.60964750
-117935.60964750
-117935.60964750
-117935.60964750
-117935.60964750
-117935.60964750
-117935.60964750
-117935.60964750
-117935.60964750
-117935.60964750
-117935.60964750
-117935.60964750
-117935.60964750
-117935.60964750
-117935.60964750
-117935.60964750
-117935.60964750
-117935.60964750
-117935.60964750
-117935.60964750
-117935.60964750
0.01804415
0.23363044
0.24165006
0.38482389
0.33481920
0.24990556
-0.10437301
0.36300581
0.16275114
0.50193395
0.36147264
0.38364454
0.23457393
0.30226897
0.39178210
0.46667121
0.44143299
-0.13550802
0.38081408
0.44520693
0.46407662
0.50405680
0.18397955
0.37503524
0.30804781
0.01332672
0.53141786
0.47645986
0.16334082
0.50299538
0.55205659
0.30993478
0.28752702
0.38458802
0.45994888
0.53165373
0.41076973
0.44898087
0.55830718
0.76894017
0.57411055
0.89112147
0.60500968
0.73721550
0.85361794
0.97214323
1.00705217
0.72931381
0.92437931
0.14612222
0.81257635
-0.05472212
0.20355686
0.79016858
0.65289154
0.53979129
0.82849766
0.63732403
0.59722593
0.62234621
0.61102439
0.66716174
0.88392739
0.66834110
0.83757870
0.70230656
0.73249807
0.80632576
0.48353600
0.64274907
0.60241509
0.73638995
0.49108388
0.80113660
0.33835726
0.49851382
0.61432659
0.76092055
0.80597196
0.63260661
0.36607213
0.85597665
0.57788449
1.01908160
0.85397175
0.84217819
0.54179619
0.71138760
0.89737205
1.11024583
1.08972503
0.62246415
0.90904768
0.94265933
0.87461048
0.97438401
0.13763086
0.83993741
0.53660702
0.40251424
0.95244798
0.95775509
0.45817984
0.90668897
0.93487558
0.45334448
0.52717218
0.70041959
0.67836563
0.85703808
0.69546629
0.70100926
0.79960343
0.90798626
0.72094038
1.03594640
0.52316236
0.86777022
0.98228569
1.02462458
1.09326310
1.00150920
1.05693893
0.78238483
1.08430000
0.45039609
0.47587018
1.00032984
0.85833537
0.74464544
1.08111573
0.87472842
0.92779944
0.98028079
1.00221681
1.01035437
1.05387261
0.88310185
0.97025626
0.95975999
0.95185831
1.17829468
1.04773996
1.28667750
1.21697756
1.40473105
1.08300270
1.33951265
0.90845800
1.05080628
1.10092892
1.32488864
1.29646616
1.07309611
0.44674009
1.25849089
1.24834843
1.55215056
1.34446595
1.32477070
1.08960710
1.28927208
1.34470182
1.58753124
1.71678867
1.13984767
1.67680850
1.61548198
1.70169291
1.53705480
0.40911863
1.37135527
1.30000423
0.52870534
1.59684815
1.75724058
0.76174610
1.80382515
1.82257691
1.12911553
1.44176283
1.65758499
1.72610558
2.11092948
1.80311754
1.78578100
1.90996720
2.14383351
1.89758396
2.38678087
1.77210047
2.05101819
2.14123893
2.15645262
2.36177852
2.03203055
2.32439293
1.47572828
2.29703187
1.61029281
1.88319581
2.48832343
2.13781880
1.79981534
2.32651577
2.17355329
2.44044157
2.27969533
1.86845386
1.96209474
2.30788195
2.30729227
2.37333621
2.21329759
1.88319581
2.50518822
2.66605239
2.43136053
2.53950748
2.64965934
2.54222000
3.02233587
3.78915320
-117935.60964750
-117935.60964750
-117935.60964750
-117935.60964750
-117935.60964750
-117935.60964750
-117935.60964750
-117935.60964750
-117935.60964750
-117935.60964750
-117935.60964750
-117935.60964750
-117935.60964750
-117935.60964750
-117935.60964750
-117935.60964750
-117935.60964750
-117935.60964750
-117935.60964750
-117935.60964750
-117935.60964750
-117935.60964750
-117935.60964750
-117935.60964750
-117935.60964750
-117935.60964750
-117935.60964750
-117935.60964750
-117935.60964750
-117935.60964750
-117935.60964750
-117935.60964750
-117935.60964750
0.00377394
0.01969525
0.05259928
0.07960654
0.05000470
0.02028492
-0.12253510
0.06439284
0.01910557
0.10909044
0.01415227
0.09517404
0.03608830
0.03030945
0.00801962
0.05460419
0.04304650
-0.12583730
0.09482023
0.05413244
0.06132652
0.09387675
-0.10920837
0.02700725
0.04516934
-0.10767521
0.12383239
0.05177373
-0.09505610
0.09434849
0.06816678
-0.08715442
-0.03255023
0.08892345
0.02842248
0.05802432
0.00483536
0.07076137
0.10012733
0.09340500
0.03325784
0.12477588
-0.05814226
0.09364087
0.10637792
0.10154256
0.07783750
-0.01332672
0.14010750
-0.07937067
0.13987163
-0.08196525
-0.01544956
0.12571936
0.06439284
0.06781298
0.10578824
0.03962636
0.09364087
0.07512498
0.12760633
0.09540991
0.10531650
0.05141993
0.11781767
0.06875646
0.09953765
0.12807807
0.09187184
0.09835830
0.05283515
0.11026980
0.03431926
0.09246152
-0.05224548
0.05177373
0.10189637
0.11899703
0.09611752
0.05083025
-0.06828472
0.10625998
0.04917915
0.15201900
0.06026510
0.13822053
0.06191620
0.06639775
0.05165580
0.09765068
0.08644680
-0.07559673
0.13102646
0.08833377
0.09081042
0.12288891
-0.09175390
0.05507593
0.06392110
-0.07830924
0.14447112
0.07948860
-0.08208318
0.11545896
0.08621093
-0.09116423
-0.02417680
0.10708553
0.04104159
0.07606847
0.01745447
0.07347388
0.11805355
0.09057455
0.03408339
0.12748839
-0.10272192
0.10142462
0.12100194
0.09482023
0.07500705
0.01014246
0.13928195
-0.07925273
0.16687889
-0.09187184
-0.01910557
0.14565048
0.08880551
0.11581277
0.14576841
0.07241246
0.11498722
0.11817148
0.19011220
0.15791578
0.13668737
0.08526745
0.13751292
0.11015186
0.15166519
0.18008768
0.13963576
0.17820071
0.12336065
0.20143402
0.09175390
0.16039243
-0.05519387
0.12583730
0.17218599
0.21369932
0.18834317
0.14765538
-0.05684496
0.19258885
0.16982728
0.26452957
0.16204353
0.23634296
0.16723269
0.18681001
0.16098211
0.21558629
0.22348798
0.01544956
0.27632313
0.23021031
0.25226427
0.25603821
-0.02335125
0.18822523
0.19365027
-0.00365600
0.29672599
0.25698169
0.03089913
0.29542870
0.26346815
0.04375411
0.14140480
0.27856391
0.21476075
0.29672599
0.21983198
0.28233785
0.30710433
0.31193969
0.23870167
0.35663728
0.12017639
0.29649012
0.30958098
0.30498149
0.30958098
0.21369932
0.35710903
0.11427961
0.35840632
0.12654491
0.21251997
0.37668634
0.28422482
0.25391537
0.32821480
0.26912906
0.35592967
0.31571363
0.30675052
0.28564005
0.32774306
0.29542870
0.35097637
0.29790535
0.28245579
0.37704014
0.37350208
0.34071598
0.31559569
0.37196891
0.31158588
0.38836196
0.33399365
0.26547306
-117935.60964750
-117935.60964750
-117935.60964750
-117935.60964750
-117935.60964750
-117935.60964750
-117935.60964750
-117935.60964750
-117935.60964750
-117935.60964750
-117935.60964750
-117935.60964750
-117935.60964750
-117935.60964750
-117935.60964750
-117935.60964750
-117935.60964750
-117935.60964750
-117935.60964750
-117935.60964750
-117935.60964750
-117935.60964750
-117935.60964750
-117935.60964750
-117935.60964750
-117935.60964750
-117935.60964750
-117935.60964750
-117935.60964750
-117935.60964750
-117935.60964750
-117935.60964750
0.00283045
-0.00153316
0.01320879
0.03502688
0.00872724
-0.00106142
-0.10496269
0.03408339
0.00342013
0.06262381
-0.00436362
0.04847154
0.02358712
0.01427021
-0.00389188
0.01427021
0.00058968
-0.13373898
0.04564108
0.02795074
0.03915462
0.05366070
-0.11616658
0.00330220
0.01415227
-0.09364087
0.08031415
0.03880082
-0.06120858
0.06274174
0.04682044
-0.09305120
-0.04469760
0.06274174
0.02323332
0.04870741
0.01202943
0.04516934
0.08208318
0.07347388
0.01686479
0.08397015
-0.08880551
0.04941502
0.07760163
0.07712989
0.05696290
-0.03125294
0.09717894
-0.10048114
0.09894798
-0.03349371
0.01061420
0.09163597
0.04198508
0.05012263
0.07606847
0.02323332
0.04233888
0.04269269
0.08609300
0.07394563
0.08986693
0.05389657
0.09871211
0.05767051
0.08007828
0.10213224
0.06392110
0.09470229
0.06392110
0.09540991
0.02476648
0.06934614
-0.07512498
0.03620623
0.07359182
0.10000940
0.08055002
0.04705631
-0.06698743
0.08845171
0.04163127
0.12925743
0.06439284
0.11192089
0.06191620
0.07064343
0.06804885
0.08715442
0.07453531
-0.09540991
0.09387675
0.08455983
0.09576372
0.10956218
-0.02429474
0.05295309
0.05590148
-0.08621093
0.12241716
0.07701195
-0.03880082
0.10095288
0.08243699
-0.07771957
-0.01945938
0.09505610
0.05873193
0.09293326
0.04906121
0.07547879
0.12159161
0.10743934
0.06203413
0.12878569
-0.09257945
0.07996034
0.11416167
0.10590618
0.10213224
0.05035851
0.13232375
-0.09081042
0.14918855
-0.07205866
0.01603924
0.14765538
0.10508063
0.13409279
0.14859887
0.09364087
0.09741481
0.11310025
0.16534572
0.15272661
0.15131139
0.11569483
0.15579294
0.13810260
0.16569953
0.18999427
0.13609769
0.18787143
0.15885927
0.21924230
0.13480040
0.18280019
-0.02854042
0.12454000
0.16227940
0.21476075
0.21145855
0.17666754
0.03207849
0.20108021
0.17501644
0.26523719
0.18716381
0.22502114
0.16617127
0.19270679
0.19600898
0.24117832
0.25108491
0.09069248
0.26865732
0.25379743
0.26948287
0.27042635
0.11215676
0.22537495
0.19695247
0.07229453
0.29766948
0.26771383
0.11097741
0.28917811
0.27007255
0.11121328
0.16758650
0.25639202
0.21228410
0.29519283
0.24778272
0.29436728
0.28587592
0.31677505
0.27219539
0.34791005
0.20532590
0.27019048
0.28186611
0.29601838
0.31877995
0.26346815
0.33340397
0.21075093
0.31901582
0.17489851
0.23256902
0.34566927
0.27927152
0.24223974
0.30981685
0.27585139
0.33611649
0.29248031
0.25816105
0.25238220
0.30946304
0.29141889
0.33363984
0.29189063
0.25945834
0.34897147
0.34885353
0.31276524
0.30498149
0.34106978
0.32656370
0.36453897
0.37043575
0.23587122
0.31311904
-117935.60964750
-117935.60964750
-117935.60964750
-117935.60964750
-117935.60964750
-117935.60964750
-117935.60964750
-117935.60964750
-117935.60964750
-117935.60964750
-117935.60964750
-117935.60964750
-117935.60964750
-117935.60964750
-117935.60964750
-117935.60964750
-117935.60964750
-117935.60964750
-117935.60964750
-117935.60964750
-117935.60964750
-117935.60964750
-117935.60964750
-117935.60964750
-117935.60964750
-117935.60964750
-117935.60964750
-117935.60964750
-117935.60964750
-117935.60964750
-117935.60964750
0.00094348
-0.06321349
-0.02099254
0.00200491
-0.03219642
-0.04976883
-0.22985650
-0.01497782
-0.05448625
0.03019152
-0.07158692
0.03868288
-0.01108595
-0.03538068
-0.08703648
-0.04599489
-0.06734123
-0.27502584
0.00766581
-0.04611282
-0.03939049
0.00955278
-0.19907531
-0.06793091
-0.02063873
-0.26158118
0.05224548
-0.05578354
-0.19801389
0.01592131
-0.02688932
-0.21299171
-0.14317383
0.02783280
-0.06934614
-0.04151333
-0.10543444
-0.02004905
0.02370506
-0.01226530
-0.07960654
0.01167563
-0.23657883
-0.01780828
-0.01096801
-0.02523822
-0.06981788
-0.16098211
0.02523822
-0.26665241
0.02629964
-0.25922247
-0.14565048
0.01014246
-0.04281063
-0.00542504
-0.01757241
-0.09423055
-0.04104159
-0.04705631
0.04363618
0.00023587
-0.02193602
-0.07182279
-0.00035381
-0.04623076
0.00884517
0.01037833
-0.03585243
-0.02429474
-0.07524292
-0.00365600
-0.07996034
-0.04198508
-0.24035277
-0.05708084
-0.01698273
0.00778375
-0.01828002
-0.03396546
-0.19211711
-0.00695820
-0.05330690
0.03125294
-0.06616188
0.04729218
-0.00813756
-0.01851589
-0.06486459
-0.03502688
-0.05035851
-0.26240673
0.00589678
-0.04056985
-0.04434379
0.01627511
-0.20249544
-0.05484006
-0.00094348
-0.21122268
0.04788186
-0.06097271
-0.22796953
0.00825549
-0.03243229
-0.21016126
-0.14458906
0.02099254
-0.07736576
-0.04965089
-0.10272192
-0.02111047
0.02488441
-0.02075667
-0.07689402
0.00967072
-0.25922247
-0.01155769
0.00141523
-0.01757241
-0.05826019
-0.12253510
0.03644210
-0.20391067
0.05224548
-0.26181705
-0.16463811
0.01733653
-0.03066326
0.01863383
0.01297292
-0.05271722
-0.01521369
-0.02311538
0.07276627
0.03408339
0.00530710
-0.04080572
0.02488441
-0.01002453
0.04835360
0.06179826
0.01603924
0.03691385
-0.01898763
0.05542974
-0.02854042
0.02122841
-0.20615145
-0.00306633
0.01639305
0.05295309
0.03078119
0.01214737
-0.14494286
0.05472212
0.02806868
0.09588165
-0.01886970
0.08904139
0.03443720
0.03030945
-0.00636852
0.04068779
0.03137087
-0.14411731
0.09529197
0.04882534
0.05106612
0.09505610
-0.15543913
0.02818661
0.04564108
-0.11368993
0.14010750
0.04965089
-0.12560142
0.09989146
0.06486459
-0.07842718
-0.01509576
0.09753275
0.00235871
0.03832907
-0.01816208
0.06899233
0.09057455
0.07724782
0.02323332
0.09883004
-0.08338048
0.06639775
0.06887440
0.06734123
0.03585243
-0.05212754
0.11699212
-0.04257476
0.11652038
-0.05130199
-0.01108595
0.09906591
0.03431926
0.03372958
0.06285968
0.02040286
0.08408809
0.03632417
0.07854512
0.03844701
0.05224548
0.02370506
0.08090383
0.03137087
0.05590148
0.09340500
0.08267286
0.06510046
0.02594583
0.07500705
0.02995564
0.06639775
-0.01096801
0.03785733
0.07524292
0.07052549
-117935.60964750
-117935.60964750
-117935.60964750
-117935.60964750
-117935.60964750
-117935.60964750
-117935.60964750
-117935.60964750
-117935.60964750
-117935.60964750
-117935.60964750
-117935.60964750
-117935.60964750
-117935.60964750
-117935.60964750
-117935.60964750
-117935.60964750
-117935.60964750
-117935.60964750
-117935.60964750
-117935.60964750
-117935.60964750
-117935.60964750
-117935.60964750
-117935.60964750
-117935.60964750
-117935.60964750
-117935.60964750
-117935.60964750
-117935.60964750
0.00011794
-0.10425508
-0.06816678
-0.03714972
-0.06686949
-0.07807337
-0.28280959
-0.05283515
-0.09977353
-0.00943485
-0.11935084
0.01214737
-0.03714972
-0.07300214
-0.14282002
-0.09128216
-0.11121328
-0.34083391
-0.02594583
-0.08727235
-0.09281532
-0.02028492
-0.25155666
-0.09411262
-0.03137087
-0.31394459
0.03054532
-0.11097741
-0.30167929
-0.01769034
-0.06356729
-0.26382196
-0.19435788
-0.00011794
-0.12123781
-0.08927726
-0.15838752
-0.06038303
-0.01261911
-0.06144445
-0.13939989
-0.03172468
-0.29590044
-0.05224548
-0.05578354
-0.07583260
-0.13597976
-0.22443147
-0.01096801
-0.31170382
-0.01049627
-0.36288787
-0.23870167
-0.04139540
-0.08420603
-0.03856494
-0.05755258
-0.14352764
-0.09305120
-0.10107082
0.00719407
-0.03797527
-0.07052549
-0.13291343
-0.04965089
-0.09824036
-0.03042739
-0.03502688
-0.08432396
-0.08102176
-0.14753745
-0.06958201
-0.15190107
-0.09658926
-0.30616084
-0.09871211
-0.07276627
-0.04929708
-0.07583260
-0.08137557
-0.23669677
-0.04799979
-0.09198978
-0.02299744
-0.13385692
0.00235871
-0.04670250
-0.06333142
-0.12595523
-0.09588165
-0.11545896
-0.33894694
-0.04292856
-0.09387675
-0.10661379
-0.03030945
-0.31087827
-0.10071701
-0.03455513
-0.23716851
0.00896311
-0.11616658
-0.31866202
-0.04033398
-0.08479570
-0.26075563
-0.18928665
-0.01580337
-0.13621563
-0.11758180
-0.17159631
-0.07264834
-0.02146428
-0.07571466
-0.14164067
-0.05271722
-0.33387571
-0.05637322
-0.04705631
-0.06627981
-0.12560142
-0.20556177
-0.00766581
-0.23587122
0.01026040
-0.29094715
-0.22124720
-0.04198508
-0.09140010
-0.04552315
-0.04516934
-0.10673173
-0.06392110
-0.08668267
0.01603924
-0.02582790
-0.05330690
-0.10059908
-0.02641758
-0.07158692
-0.00754788
0.00259458
-0.03703178
-0.02158222
-0.08597506
-0.02228983
-0.10991599
-0.05059438
-0.27278507
-0.05401451
-0.04434379
-0.02146428
-0.05436832
-0.07370976
-0.23174347
-0.00754788
-0.03337578
0.02146428
-0.09941972
0.01945938
-0.03054532
-0.04493347
-0.08644680
-0.03998017
-0.06368523
-0.24176800
0.00766581
-0.03585243
-0.03679591
0.01651099
-0.24919794
-0.05967542
-0.04163127
-0.18798936
0.06050097
-0.04163127
-0.19777802
0.00530710
-0.03608830
-0.16381256
-0.08951313
0.01816208
-0.07925273
-0.07559673
-0.13350311
-0.04481553
-0.00931691
-0.03420133
-0.08644680
-0.02606377
-0.20225957
-0.04304650
-0.03856494
-0.03891875
-0.08880551
-0.19011220
0.00247665
-0.16699682
0.00483536
-0.11357199
-0.08998487
-0.02063873
-0.08125764
-0.07665815
-0.06262381
-0.09788656
-0.03467307
-0.08408809
-0.02158222
-0.07677608
-0.07512498
-0.10637792
-0.04198508
-0.08986693
-0.05000470
-0.04127746
-0.05542974
-0.05778845
-0.09989146
-0.05542974
-0.10838283
-0.08632887
-0.20155196
-0.06922820
-0.04304650
-0.04634869
-0.09741481
-117935.60964750
-117935.60964750
-117935.60964750
-117935.60964750
-117935.60964750
-117935.60964750
-117935.60964750
-117935.60964750
-117935.60964750
-117935.60964750
-117935.60964750
-117935.60964750
-117935.60964750
-117935.60964750
-117935.60964750
-117935.60964750
-117935.60964750
-117935.60964750
-117935.60964750
-117935.60964750
-117935.60964750
-117935.60964750
-117935.60964750
-117935.60964750
-117935.60964750
-117935.60964750
-117935.60964750
-117935.60964750
-117935.60964750
0.00035381
-0.01309085
0.03302197
0.04505140
0.00471742
-0.02370506
-0.20520796
0.02111047
-0.01910557
0.06651568
-0.04823566
0.07158692
0.00943485
-0.00424568
-0.05955748
-0.01037833
-0.02736106
-0.23103586
0.05590148
-0.00919898
0.00000000
0.04363618
-0.16569953
-0.03325784
0.02111047
-0.18020561
0.08208318
-0.02311538
-0.20497209
0.04351824
-0.00188697
-0.17513438
-0.09647133
0.05590148
-0.03832907
-0.01568544
-0.08361635
0.01238324
0.04870741
0.00801962
-0.05743464
0.03986224
-0.19553724
0.02170015
0.02193602
-0.00530710
-0.04823566
-0.14093305
0.04693837
-0.21711946
0.05660909
-0.23304076
-0.13645150
0.02936597
-0.03384752
0.00342013
0.00801962
-0.05495799
0.02299744
-0.00825549
0.07913479
0.01816208
-0.00601472
-0.05672703
0.02063873
-0.02889422
0.02323332
0.03703178
0.02370506
0.01155769
-0.05189167
0.02134635
-0.05802432
-0.01073214
-0.18303607
-0.01816208
0.04505140
0.04882534
0.01521369
-0.01580337
-0.15249074
0.02747900
-0.01356260
0.06769504
-0.04729218
0.07477118
-0.00141523
-0.01285498
-0.05719877
-0.01226530
-0.02736106
-0.19506550
0.04988676
-0.02618171
-0.02394093
0.03172468
-0.21216616
-0.04469760
0.00259458
-0.16133591
0.06769504
-0.02464854
-0.17041696
0.03561655
-0.01521369
-0.20072641
-0.12194542
0.04469760
-0.05767051
-0.03325784
-0.09800449
-0.00389188
0.03762146
-0.01368053
-0.06710536
0.02099254
-0.24070658
0.00778375
0.01132182
-0.02075667
-0.06321349
-0.13680531
0.04021604
-0.18527684
0.06533633
-0.20744874
-0.13149820
0.02854042
-0.03738559
0.00707614
0.00884517
-0.06262381
0.01863383
0.00684027
0.10425508
0.04835360
0.00625059
-0.04210301
0.02606377
-0.01474195
0.04564108
0.05849606
0.02948390
0.03998017
-0.02547409
0.05460419
-0.03691385
0.00790169
-0.21004332
0.00000000
0.04009811
0.06321349
0.02311538
-0.00294839
-0.20037260
0.04646663
0.02299744
0.09906591
-0.01214737
0.10354747
0.04186714
0.02783280
-0.02759693
0.02405886
0.01580337
-0.17041696
0.10307572
0.03042739
0.04457966
0.08019621
-0.18291813
-0.00058968
0.04151333
-0.17371915
0.13090853
0.04245682
-0.13350311
0.10802902
0.06427491
-0.11699212
-0.03726765
0.11227470
0.01662892
0.05425038
-0.02193602
0.06297762
0.10625998
0.06368523
-0.00117936
0.10236811
-0.13656944
0.08113970
0.08220112
0.05495799
0.01804415
-0.07889892
0.11640245
-0.14105099
0.13114440
-0.11085947
-0.02559203
0.11899703
0.04233888
0.06911027
0.07819131
0.00731201
0.08668267
0.06227000
0.13621563
0.08609300
0.07300214
0.02924803
0.09883004
0.04882534
0.09175390
0.12442207
0.09847623
0.09033868
0.03290404
0.10767521
0.02228983
0.08420603
-0.09010281
0.05177373
0.11015186
0.11463341
0.07724782
0.03455513
-117935.60964750
-117935.60964750
-117935.60964750
-117935.60964750
-117935.60964750
-117935.60964750
-117935.60964750
-117935.60964750
-117935.60964750
-117935.60964750
-117935.60964750
-117935.60964750
-117935.60964750
-117935.60964750
-117935.60964750
-117935.60964750
-117935.60964750
-117935.60964750
-117935.60964750
-117935.60964750
-117935.60964750
-117935.60964750
-117935.60964750
-117935.60964750
-117935.60964750
-117935.60964750
-117935.60964750
-117935.60964750
0.03066326
0.06804885
0.20343893
0.35722696
0.34849973
0.24165006
-0.02488441
0.33953662
0.19023014
0.44532486
0.29814122
0.31488808
0.16699682
0.17654961
0.25191046
0.38954132
0.38612119
0.05354277
0.36654387
0.39425874
0.43140846
0.44308409
-0.07323801
0.29684393
0.14246622
-0.17973387
0.46985547
0.44992435
0.22289830
0.44992435
0.42645516
-0.10130669
-0.00896311
0.34201327
0.33564475
0.47268592
0.40251424
0.39532016
0.44768357
0.45063196
0.35250954
0.49851382
-0.01191150
0.34378230
0.45570320
0.56349634
0.60901949
0.48447948
0.67482756
0.35817045
0.69004125
0.54828265
0.58236604
0.76375101
0.60276890
0.48506916
0.63814958
0.39060274
0.38376247
0.48153109
0.53259721
0.57847417
0.71905341
0.55524085
0.70525495
0.58979598
0.59404167
0.73568233
0.51325577
0.65277360
0.63720610
0.72848826
0.52858740
0.70643430
0.14388144
0.36229819
0.44178679
0.61975163
0.64168765
0.48754581
0.15083964
0.61810053
0.40369359
0.76764288
0.61479833
0.61904402
0.46242553
0.50806661
0.54450871
0.75537758
0.75844391
0.34048011
0.79299904
0.86175550
0.90834007
0.82142152
0.67376614
0.70383972
0.51136880
0.07040756
0.84524451
0.72447845
0.14553254
0.76552004
0.79807027
0.31524188
0.40062727
0.65312741
0.60147161
0.84406516
0.69829674
0.71174140
0.74193292
0.77648805
0.58389920
0.82472372
0.36017535
0.58330953
0.67907324
0.65194805
0.69806087
0.56868551
0.73615408
0.22348798
0.78851749
0.27750249
0.49025833
0.87909203
0.80007518
0.80243389
0.94513598
0.71575121
0.62022337
0.68131402
0.74323021
0.78427180
0.86706260
0.72188387
0.80196215
0.74606067
0.75372648
0.86034027
0.71987896
0.86847783
0.76339720
0.94714088
0.65784483
0.90609929
0.45546732
0.69157441
0.89760793
1.05882590
1.10081098
0.96211870
0.69829674
1.01518973
0.94820230
1.20671716
0.97544543
1.02910613
0.82684656
1.00410378
1.02167619
1.12133178
1.20459432
0.46631740
1.22818144
1.25471695
1.34364040
1.23903151
0.69228203
1.16968538
1.16296305
0.70006578
1.24929191
1.27488394
0.31276524
1.29882487
1.25943438
0.47787509
0.81009970
1.23914945
1.18560668
1.58823886
1.40060330
1.54094668
1.53339880
1.70523098
1.48716804
1.82304865
0.98900802
1.49966921
1.61182598
1.63246471
1.79356475
1.64425827
1.78401197
1.21674168
1.80524038
0.95799096
1.20258941
1.90925958
1.65369312
1.46841628
1.89793777
1.73907850
1.89699428
1.78872939
1.53115802
1.63423374
1.91574604
1.82340246
1.98285141
1.84239009
1.60533952
2.03946050
2.02754900
1.91114655
1.87494032
1.97082197
1.81514697
2.14383351
2.15833959
1.47950222
1.96292029
1.91775095
2.18794143
1.53976732
2.51379752
-117935.60964750
-117935.60964750
-117935.60964750
-117935.60964750
-117935.60964750
-117935.60964750
-117935.60964750
-117935.60964750
-117935.60964750
-117935.60964750
-117935.60964750
-117935.60964750
-117935.60964750
-117935.60964750
-117935.60964750
-117935.60964750
-117935.60964750
-117935.60964750
-117935.60964750
-117935.60964750
-117935.60964750
-117935.60964750
-117935.60964750
-117935.60964750
-117935.60964750
-117935.60964750
-117935.60964750
0.00000000
-0.06392110
-0.02877629
-0.02629964
-0.06415697
-0.07830924
-0.23669677
-0.04363618
-0.06745917
-0.01214737
-0.11486928
0.00058968
-0.04257476
-0.06403904
-0.11486928
-0.08102176
-0.10213224
-0.28658353
-0.03007358
-0.08102176
-0.07889892
-0.02358712
-0.23988103
-0.09022074
-0.03880082
-0.22289830
0.00919898
-0.09151803
-0.24318323
-0.03726765
-0.08526745
-0.26240673
-0.16381256
-0.00884517
-0.09293326
-0.08833377
-0.14352764
-0.06439284
-0.02016699
-0.05967542
-0.11687419
-0.04281063
-0.27762043
-0.05165580
-0.04634869
-0.05731671
-0.10496269
-0.18209258
-0.01356260
-0.24825446
-0.00719407
-0.24436258
-0.16758650
-0.03880082
-0.08939519
-0.06580807
-0.06969995
-0.12583730
-0.06097271
-0.07748370
0.00518917
-0.04788186
-0.07830924
-0.12406826
-0.05330690
-0.08927726
-0.03950843
-0.04245682
-0.06380316
-0.05908574
-0.11015186
-0.05436832
-0.12454000
-0.09871211
-0.28115849
-0.08797996
-0.04965089
-0.03538068
-0.06557220
-0.07948860
-0.21723739
-0.05130199
-0.07028962
-0.02346919
-0.10460889
-0.00577884
-0.04882534
-0.07536085
-0.12170955
-0.08739029
-0.09800449
-0.24860827
-0.03844701
-0.09022074
-0.08868758
-0.03632417
-0.23681470
-0.10059908
-0.05153786
-0.24341910
-0.00330220
-0.09387675
-0.20155196
-0.03408339
-0.08279080
-0.24648542
-0.17737516
-0.02004905
-0.10743934
-0.10012733
-0.14812713
-0.08845171
-0.03502688
-0.09033868
-0.12194542
-0.06061890
-0.27113397
-0.06710536
-0.06344936
-0.08220112
-0.12029432
-0.17643167
-0.02464854
-0.22596463
-0.00778375
-0.21440694
-0.13786673
-0.02818661
-0.07488911
-0.03384752
-0.06168032
-0.11817148
-0.07253040
-0.07170485
0.01627511
-0.02441267
-0.05849606
-0.09198978
-0.03620623
-0.06639775
-0.00825549
-0.00931691
-0.04599489
-0.03809320
-0.08102176
-0.01828002
-0.07606847
-0.04505140
-0.22844128
-0.05212754
-0.03255023
-0.01132182
-0.03467307
-0.04493347
-0.21027919
-0.02299744
-0.06191620
0.01332672
-0.07312008
0.01710066
-0.01544956
-0.04104159
-0.08408809
-0.05307102
-0.06875646
-0.19942912
-0.00436362
-0.04611282
-0.04823566
-0.00259458
-0.14624016
-0.05955748
-0.03408339
-0.16605334
0.03762146
-0.05731671
-0.14836300
-0.00094348
-0.03219642
-0.13114440
-0.09175390
0.00412775
-0.07429943
-0.05601941
-0.08550332
-0.02641758
-0.01721860
-0.06014716
-0.10201430
-0.04493347
-0.16310495
-0.05330690
-0.05672703
-0.06203413
-0.10130669
-0.16628921
-0.02629964
-0.15496739
-0.03101707
-0.16003862
-0.11251057
-0.04481553
-0.08137557
-0.06014716
-0.07583260
-0.11015186
-0.07182279
-0.10248604
-0.03573449
-0.07866305
-0.08845171
-0.11805355
-0.07488911
-0.11310025
-0.06828472
-0.06686949
-0.06981788
-0.08680061
-0.13267756
-0.09316913
-0.12123781
-0.11722800
-0.21487868
-0.09835830
-0.07913479
-0.07418150
-0.10484476
-0.09128216
-0.18551271
-0.09647133
-117935.60964750
-117935.60964750
-117935.60964750
-117935.60964750
-117935.60964750
-117935.60964750
-117935.60964750
-117935.60964750
-117935.60964750
-117935.60964750
-117935.60964750
-117935.60964750
-117935.60964750
-117935.60964750
-117935.60964750
-117935.60964750
-117935.60964750
-117935.60964750
-117935.60964750
-117935.60964750
-117935.60964750
-117935.60964750
-117935.60964750
-117935.60964750
-117935.60964750
-117935.60964750
-0.00070761
0.02146428
0.06993582
0.07583260
0.04611282
0.02818661
-0.08739029
0.05625529
0.02146428
0.08880551
-0.01155769
0.08491364
0.03113500
0.03196055
-0.00695820
0.02453061
0.01309085
-0.13126233
0.07878099
0.02358712
0.03585243
0.06120858
-0.10177843
0.00459949
0.05106612
-0.05908574
0.09010281
0.02700725
-0.10991599
0.07477118
0.04174921
-0.09470229
-0.04068779
0.07878099
0.00507123
0.03266816
-0.01639305
0.05979335
0.08172938
0.04646663
-0.00507123
0.06698743
-0.13656944
0.04257476
0.05189167
0.02476648
-0.00212284
-0.06958201
0.06356729
-0.09423055
0.07913479
-0.12123781
-0.07264834
0.04870741
-0.00872724
0.02948390
0.04446172
0.00342013
0.07524292
0.04139540
0.10543444
0.05755258
0.03950843
0.01202943
0.05955748
0.01450608
0.05283515
0.07406356
0.08172938
0.06981788
0.01674686
0.06887440
0.01651099
0.04045191
-0.06533633
0.03372958
0.09293326
0.09198978
0.06415697
0.02653551
-0.03573449
0.08373428
0.05366070
0.11769974
0.01320879
0.10637792
0.03019152
0.02370506
0.00330220
0.03396546
0.01863383
-0.08939519
0.08904139
0.01261911
0.02500235
0.05094818
-0.11581277
-0.02087460
0.02500235
-0.08715442
0.08102176
0.02394093
-0.05271722
0.07087930
0.04328237
-0.05696290
-0.01026040
0.07866305
0.01757241
0.03538068
-0.02346919
0.05542974
0.08373428
0.05896780
0.01816208
0.08644680
-0.11286438
0.05932161
0.06474665
0.03231436
0.00542504
-0.06745917
0.07760163
-0.10944425
0.10000940
-0.08845171
-0.03420133
0.07217659
0.00613265
0.05024057
0.05000470
-0.00684027
0.05660909
0.05000470
0.12748839
0.08078589
0.05141993
0.02240777
0.07241246
0.03726765
0.08503157
0.09175390
0.06156239
0.07477118
0.02028492
0.09081042
0.01332672
0.04693837
-0.10909044
0.04682044
0.08809790
0.09989146
0.05472212
0.03325784
-0.14942442
0.06969995
0.05908574
0.12796014
0.04375411
0.13220582
0.07630434
0.07559673
0.03443720
0.07500705
0.07453531
-0.08479570
0.14282002
0.07819131
0.09918385
0.11711006
-0.06734123
0.04434379
0.08833377
-0.08998487
0.15225487
0.08739029
-0.06922820
0.14093305
0.10732140
-0.05708084
0.02594583
0.15048584
0.09387675
0.13468247
0.06698743
0.12937536
0.16051036
0.12595523
0.06887440
0.16947347
-0.05814226
0.13869228
0.14435319
0.11038773
0.09257945
0.01898763
0.16098211
-0.07925273
0.17926213
-0.06793091
0.02476648
0.17324741
0.09930178
0.13338517
0.14612222
0.08314460
0.16086417
0.14388144
0.20662319
0.16015656
0.14482493
0.09611752
0.16735063
0.13043678
0.16416637
0.20626938
0.17619580
0.17525232
0.11663832
0.19447582
0.09434849
0.16829411
-0.05649116
0.11097741
0.17006315
0.19034807
0.15897720
0.12064813
-0.07618640
0.13939989
0.10625998
-117935.60964750
-117935.60964750
-117935.60964750
-117935.60964750
-117935.60964750
-117935.60964750
-117935.60964750
-117935.60964750
-117935.60964750
-117935.60964750
-117935.60964750
-117935.60964750
-117935.60964750
-117935.60964750
-117935.60964750
-117935.60964750
-117935.60964750
-117935.60964750
-117935.60964750
-117935.60964750
-117935.60964750
-117935.60964750
-117935.60964750
-117935.60964750
-117935.60964750
0.00330220
-0.08833377
-0.03290404
-0.00507123
-0.04457966
-0.07642228
-0.29790535
-0.03585243
-0.08055002
0.01462402
-0.09753275
0.02559203
-0.03950843
-0.07359182
-0.12784220
-0.06085477
-0.07854512
-0.29436728
-0.00117936
-0.06309555
-0.06026510
0.00766581
-0.26960080
-0.07795544
-0.04269269
-0.31288317
0.05024057
-0.07099724
-0.24306529
-0.00011794
-0.05684496
-0.30710433
-0.20697699
0.01037833
-0.08915932
-0.06486459
-0.13220582
-0.04764599
0.00047174
-0.05083025
-0.11711006
-0.01509576
-0.29542870
-0.03007358
-0.02677138
-0.03207849
-0.08019621
-0.16711476
0.04245682
-0.25403330
0.04894328
-0.24483433
-0.13904608
0.03066326
-0.03384752
-0.01981318
-0.02464854
-0.12866775
-0.06321349
-0.05684496
0.04988676
-0.00353807
-0.03125294
-0.10767521
-0.01073214
-0.05967542
0.00141523
0.01285498
-0.03915462
-0.02806868
-0.08514951
-0.00518917
-0.10118875
-0.04398998
-0.30875543
-0.07724782
-0.03762146
0.00035381
-0.02629964
-0.04811773
-0.26346815
-0.02028492
-0.07960654
0.02217189
-0.08267286
0.03927256
-0.01368053
-0.04080572
-0.10826489
-0.04505140
-0.05743464
-0.27856391
0.02370506
-0.02299744
-0.02464854
0.03255023
-0.21994991
-0.04151333
-0.00660439
-0.27219539
0.07771957
-0.05318896
-0.27655900
0.02606377
-0.02181809
-0.26511925
-0.18598446
0.03042739
-0.09340500
-0.05047644
-0.11227470
-0.03443720
0.01839796
-0.04941502
-0.12159161
-0.01733653
-0.29896677
-0.03219642
-0.02264364
-0.04929708
-0.09977353
-0.17595993
0.02429474
-0.24990556
0.04835360
-0.26924700
-0.16357669
0.02747900
-0.01969525
0.02417680
0.01745447
-0.07724782
-0.04634869
-0.04434379
0.06627981
0.02936597
-0.00070761
-0.06403904
0.00377394
-0.04292856
0.02747900
0.03538068
-0.01309085
0.00978866
-0.05708084
0.02700725
-0.07642228
-0.00294839
-0.25851486
-0.02063873
0.01910557
0.05873193
0.03939049
0.01922350
-0.17301154
0.05861400
0.01037833
0.10095288
-0.03054532
0.09434849
0.04033398
0.03526275
-0.02264364
0.01769034
0.00200491
-0.25993008
0.08279080
0.04493347
0.05165580
0.09529197
-0.18822523
0.02618171
0.06227000
-0.15767991
0.14517874
0.04080572
-0.20792048
0.10519856
0.06262381
-0.15874133
-0.06710536
0.11321819
-0.00330220
0.05307102
-0.01226530
0.08338048
0.12041226
0.09033868
0.00754788
0.10614205
-0.18008768
0.06675156
0.08338048
0.08255493
0.04316443
-0.05861400
0.13881021
-0.10625998
0.14399938
-0.11982258
-0.04304650
0.12878569
0.06073684
0.06474665
0.10543444
0.04398998
0.09918385
0.05790638
0.10602411
0.07689402
0.09883004
0.05849606
0.12560142
0.06203413
0.08821584
0.12689872
0.10496269
0.09458436
0.04552315
0.09658926
0.03302197
0.08550332
-0.03950843
0.04127746
0.11522309
0.11451548
0.11074154
0.03762146
0.03148881
0.14576841
0.07418150
0.18114910
-117935.60964750
-117935.60964750
-117935.60964750
-117935.60964750
-117935.60964750
-117935.60964750
-117935.60964750
-117935.60964750
-117935.60964750
-117935.60964750
-117935.60964750
-117935.60964750
-117935.60964750
-117935.60964750
-117935.60964750
-117935.60964750
-117935.60964750
-117935.60964750
-117935.60964750
-117935.60964750
-117935.60964750
-117935.60964750
-117935.60964750
-117935.60964750
0.00259458
-0.09045661
-0.02358712
-0.00518917
-0.04528727
-0.06887440
-0.29731567
-0.04351824
-0.09081042
0.00967072
-0.10484476
0.02134635
-0.04269269
-0.07583260
-0.12949330
-0.06403904
-0.08302667
-0.30002819
-0.00754788
-0.07099724
-0.07146898
0.00011794
-0.29306999
-0.08597506
-0.05165580
-0.30734020
0.03974430
-0.07677608
-0.22761573
-0.00636852
-0.06757710
-0.32762512
-0.22454940
0.00483536
-0.09741481
-0.06863852
-0.13279550
-0.04788186
-0.00094348
-0.05354277
-0.12902156
-0.01804415
-0.31677505
-0.03384752
-0.02700725
-0.02995564
-0.08019621
-0.17136044
0.03255023
-0.27231332
0.03066326
-0.28575798
-0.17619580
0.00082555
-0.06486459
-0.04670250
-0.05413244
-0.15591088
-0.07229453
-0.06061890
0.04469760
-0.00554297
-0.04398998
-0.11168502
-0.02535616
-0.07288421
-0.00967072
-0.00224078
-0.04976883
-0.03538068
-0.09352294
-0.01686479
-0.10885457
-0.06132652
-0.32703545
-0.09045661
-0.04575902
-0.00672233
-0.03042739
-0.05094818
-0.24849033
-0.02205396
-0.08113970
0.01875176
-0.08338048
0.03773940
-0.01662892
-0.04552315
-0.11121328
-0.05436832
-0.06887440
-0.28941399
0.00919898
-0.04222095
-0.04552315
0.01179356
-0.25934041
-0.07182279
-0.02830455
-0.32208215
0.05625529
-0.07394563
-0.26228880
0.01379847
-0.03019152
-0.23492773
-0.17996974
0.01391640
-0.10590618
-0.07087930
-0.13114440
-0.05059438
0.00625059
-0.06250587
-0.13149820
-0.02594583
-0.30616084
-0.03101707
-0.02087460
-0.04493347
-0.09482023
-0.17230393
0.02629964
-0.25308982
0.04493347
-0.27160571
-0.16617127
0.01639305
-0.03431926
0.01769034
-0.00636852
-0.10366540
-0.07760163
-0.06639775
0.05141993
0.01922350
-0.01721860
-0.06344936
-0.00188697
-0.04717424
0.02453061
0.03160674
-0.01898763
0.00589678
-0.05542974
0.02889422
-0.06887440
0.00129729
-0.23787612
-0.01934144
0.01250117
0.04776392
0.02299744
0.00766581
-0.20013673
0.03490894
-0.01839796
0.07889892
-0.05047644
0.07901686
0.02818661
0.02842248
-0.02889422
0.00801962
-0.01026040
-0.25768931
0.06451078
0.02889422
0.03231436
0.07783750
-0.17713929
0.00271252
0.04375411
-0.17761103
0.12465794
0.01120388
-0.22973857
0.08078589
0.04516934
-0.13609769
-0.05708084
0.09293326
-0.01580337
0.02983771
-0.02688932
0.06321349
0.09316913
0.05248135
-0.02665345
0.06451078
-0.20827429
0.03408339
0.04953296
0.05259928
0.01273705
-0.07771957
0.10201430
-0.11699212
0.10413714
-0.15154726
-0.07878099
0.08432396
0.02417680
0.03302197
0.06592601
0.01568544
0.06651568
0.01474195
0.06840265
0.03278610
0.04941502
0.01250117
0.07583260
0.01379847
0.04564108
0.07807337
0.06569013
0.05472212
0.00801962
0.05943955
-0.00129729
0.04682044
-0.08290873
0.01179356
0.07712989
0.07760163
0.06580807
0.00908104
-0.02075667
0.08031415
0.02712519
0.10838283
-0.02394093
-117935.60964750
-117935.60964750
-117935.60964750
-117935.60964750
-117935.60964750
-117935.60964750
-117935.60964750
-117935.60964750
-117935.60964750
-117935.60964750
-117935.60964750
-117935.60964750
-117935.60964750
-117935.60964750
-117935.60964750
-117935.60964750
-117935.60964750
-117935.60964750
-117935.60964750
-117935.60964750
-117935.60964750
-117935.60964750
-117935.60964750
0.00353807
-0.01533163
-0.00070761
0.02854042
0.01179356
-0.00919898
-0.13067266
0.01143975
-0.03632417
0.03974430
-0.01910557
0.03726765
0.00412775
-0.00566091
-0.02889422
-0.00023587
-0.00978866
-0.12843188
0.02346919
0.00271252
0.00129729
0.03490894
-0.11734593
-0.00660439
0.00365600
-0.12548349
0.05991129
0.00000000
-0.11687419
0.03585243
0.01769034
-0.12100194
-0.08397015
0.03089913
-0.02299744
0.00412775
-0.02547409
0.00967072
0.03667797
0.01202943
-0.03042739
0.02712519
-0.11935084
0.00967072
0.01981318
0.01780828
-0.00400981
-0.05519387
0.05625529
-0.10012733
0.06333142
-0.09682514
-0.04292856
0.06238794
0.03467307
0.04056985
0.06050097
0.00518917
0.01816208
0.01368053
0.06038303
0.04705631
0.05460419
0.00542504
0.05425038
0.01733653
0.04422585
0.06734123
0.03597036
0.05000470
0.02287951
0.05861400
0.00023587
0.05083025
-0.08290873
0.01085008
0.02677138
0.05224548
0.04068779
0.01568544
-0.07842718
0.04658457
0.00153316
0.06698743
-0.00247665
0.05826019
0.02004905
0.02111047
0.00129729
0.03243229
0.02170015
-0.10118875
0.05991129
0.04634869
0.05024057
0.06887440
-0.05826019
0.03443720
0.03184261
-0.05590148
0.09198978
0.04316443
-0.08739029
0.06734123
0.04965089
-0.08279080
-0.04540521
0.06073684
-0.00625059
0.02665345
-0.01533163
0.02913010
0.06274174
0.04776392
0.00047174
0.05377864
-0.10743934
0.02405886
0.04198508
0.02523822
0.00389188
-0.04729218
0.05236341
-0.10130669
0.07052549
-0.09611752
-0.04858947
0.06132652
0.03561655
0.05719877
0.08338048
0.03762146
0.05071231
0.04741012
0.09033868
0.07901686
0.07925273
0.04363618
0.07418150
0.04682044
0.07677608
0.08302667
0.04375411
0.08066796
0.04741012
0.09187184
0.02146428
0.06816678
-0.07429943
0.05354277
0.07760163
0.10767521
0.09482023
0.07017169
-0.03974430
0.11392580
0.09965559
0.15095758
0.08338048
0.12866775
0.08739029
0.10295779
0.09116423
0.11368993
0.11180296
-0.06061890
0.13763086
0.12595523
0.14010750
0.15060377
-0.01910557
0.11534103
0.11380786
0.00200491
0.17843658
0.15461358
-0.00342013
0.17230393
0.14848093
0.00129729
0.06828472
0.16062830
0.11663832
0.15968482
0.10378334
0.14211241
0.17654961
0.18798936
0.14258415
0.21004332
0.04552315
0.16334082
0.17855451
0.18504097
0.18716381
0.12442207
0.21358139
0.05413244
0.21169442
0.06521839
0.11699212
0.22372385
0.16829411
0.14388144
0.20355686
0.17383709
0.22148307
0.18916872
0.17513438
0.16452018
0.21181235
0.18303607
0.23622503
0.19919324
0.18114910
0.23705058
0.21617597
0.20202370
0.18728175
0.21428900
0.18032355
0.22289830
0.18362574
0.14187654
0.20827429
0.20096228
0.21228410
0.12866775
0.17147838
0.22195482
0.15154726
0.26511925
0.21877056
0.20980745
-117935.60964750
-117935.60964750
-117935.60964750
-117935.60964750
-117935.60964750
-117935.60964750
-117935.60964750
-117935.60964750
-117935.60964750
-117935.60964750
-117935.60964750
-117935.60964750
-117935.60964750
-117935.60964750
-117935.60964750
-117935.60964750
-117935.60964750
-117935.60964750
-117935.60964750
-117935.60964750
-117935.60964750
-117935.60964750
-0.00011794
-0.00695820
0.05083025
0.05484006
0.03738559
0.01792621
-0.05071231
0.05189167
0.03514481
0.08031415
-0.00365600
0.07677608
0.02523822
0.01344466
-0.01945938
0.02052080
0.01202943
-0.08656474
0.08007828
0.01875176
0.02936597
0.04646663
-0.09658926
-0.00801962
0.02594583
-0.09092836
0.07370976
0.01592131
-0.06663362
0.06073684
0.02877629
-0.07028962
-0.03030945
0.06238794
-0.00542504
0.01721860
-0.02582790
0.04811773
0.05601941
0.02405886
-0.01202943
0.04481553
-0.11876116
0.03089913
0.02818661
0.00495330
-0.01863383
-0.07406356
0.05035851
-0.07418150
0.06120858
-0.07488911
-0.03762146
0.03762146
-0.01934144
0.01085008
-0.00330220
-0.04847154
0.01320879
-0.00153316
0.06392110
0.01898763
-0.00990659
-0.01945938
0.01533163
-0.01686479
0.01757241
0.02677138
0.03750352
0.01627511
-0.02830455
0.02016699
-0.00943485
-0.01014246
-0.06380316
0.00106142
0.05401451
0.04139540
0.01698273
-0.00507123
-0.05236341
0.03549862
0.01214737
0.06592601
0.00011794
0.07429943
0.01828002
0.01014246
-0.02016699
0.00766581
-0.00412775
-0.09635339
0.05743464
-0.00235871
0.00188697
0.02264364
-0.08385222
-0.04717424
0.00412775
-0.12418620
0.03420133
-0.04516934
-0.13008298
0.00566091
-0.02087460
-0.08562125
-0.04021604
0.02736106
-0.02287951
-0.01544956
-0.04811773
0.02004905
0.02818661
-0.01662892
-0.04257476
0.00884517
-0.13845641
0.00967072
0.00648646
-0.02653551
-0.05271722
-0.09847623
0.01804415
-0.12347858
0.04056985
-0.11687419
-0.06262381
0.02252570
-0.02653551
0.02004905
-0.00235871
-0.04457966
0.00070761
-0.01438814
0.06333142
0.01544956
-0.01934144
-0.04198508
0.00448155
-0.02287951
0.02063873
0.02570996
0.02240777
0.01179356
-0.04104159
0.01769034
-0.04422585
-0.01627511
-0.15484946
-0.01014246
0.03420133
0.03502688
0.00283045
-0.00353807
-0.12312478
0.00483536
-0.00365600
0.03832907
-0.04858947
0.05318896
0.00778375
-0.00047174
-0.04481553
-0.01073214
-0.01627511
-0.12984711
0.05472212
-0.00530710
0.00660439
0.03278610
-0.11144915
-0.02948390
0.01969525
-0.10944425
0.05377864
-0.02358712
-0.13043678
0.02394093
-0.00943485
-0.13326724
-0.06627981
0.04929708
-0.01934144
0.01014246
-0.02759693
0.06132652
0.05708084
0.02889422
-0.01368053
0.04410792
-0.13680531
0.02771487
0.02724313
0.00365600
-0.02747900
-0.08338048
0.04599489
-0.10390127
0.06014716
-0.11828942
-0.06710536
0.03632417
-0.02004905
0.01250117
0.00860930
-0.04080572
0.02924803
0.01250117
0.07960654
0.03101707
0.00047174
-0.02724313
0.01804415
-0.01533163
0.02795074
0.03832907
0.02877629
0.02618171
-0.02500235
0.03384752
-0.03078119
-0.00259458
-0.17820071
-0.00801962
0.02854042
0.04599489
0.01710066
-0.00023587
-0.13727705
0.02146428
0.01379847
0.05165580
-0.05295309
0.05153786
0.01651099
-117935.60964750
-117935.60964750
-117935.60964750
-117935.60964750
-117935.60964750
-117935.60964750
-117935.60964750
-117935.60964750
-117935.60964750
-117935.60964750
-117935.60964750
-117935.60964750
-117935.60964750
-117935.60964750
-117935.60964750
-117935.60964750
-117935.60964750
-117935.60964750
-117935.60964750
-117935.60964750
-117935.60964750
-0.00035381
-0.02724313
0.01568544
0.03066326
0.01273705
-0.00577884
-0.07795544
0.04552315
0.02818661
0.07323801
-0.01344466
0.07040756
0.01922350
0.00283045
-0.03243229
0.00684027
-0.00672233
-0.13279550
0.06168032
0.00200491
0.01037833
0.03632417
-0.12064813
-0.02382299
0.01792621
-0.12831394
0.06734123
-0.00389188
-0.10331159
0.04917915
0.01957731
-0.07677608
-0.03927256
0.05330690
-0.01721860
0.00035381
-0.05189167
0.02582790
0.04646663
0.01993112
-0.02028492
0.04233888
-0.12925743
0.01981318
0.01816208
-0.00566091
-0.03597036
-0.10472682
0.04446172
-0.11298231
0.05318896
-0.10236811
-0.05731671
0.02688932
-0.03042739
0.00684027
-0.01179356
-0.06038303
-0.01261911
-0.02795074
0.04917915
0.00117936
-0.02264364
-0.04045191
0.00919898
-0.02512028
0.01391640
0.02205396
0.01993112
0.00400981
-0.04422585
0.00919898
-0.02995564
-0.02111047
-0.08573919
-0.00813756
0.03420133
0.02512028
-0.00672233
-0.02464854
-0.10331159
0.01839796
-0.00625059
0.05295309
-0.01368053
0.06734123
0.01226530
0.00684027
-0.02712519
0.00235871
-0.00978866
-0.12666284
0.04658457
-0.00896311
-0.00801962
0.02464854
-0.10519856
-0.04587695
0.00766581
-0.12088400
0.03384752
-0.05342483
-0.16817618
-0.00247665
-0.03337578
-0.12937536
-0.06510046
0.02464854
-0.02559203
-0.01733653
-0.05318896
0.01544956
0.02818661
-0.01603924
-0.04788186
0.01143975
-0.15756197
0.00436362
0.00648646
-0.02606377
-0.05637322
-0.10909044
0.02134635
-0.14458906
0.04316443
-0.14800919
-0.08727235
0.02004905
-0.02983771
0.01415227
0.00000000
-0.04080572
0.00271252
-0.01945938
0.06510046
0.01037833
-0.02323332
-0.05979335
-0.00271252
-0.03019152
0.01710066
0.02924803
0.02924803
0.02052080
-0.03538068
0.02441267
-0.04481553
-0.01085008
-0.17065283
-0.00990659
0.03278610
0.03950843
0.00707614
-0.00330220
-0.12583730
0.01155769
0.00212284
0.04552315
-0.04776392
0.05531180
0.00648646
-0.00613265
-0.04906121
-0.00448155
-0.00813756
-0.11475135
0.06734123
0.00577884
0.01733653
0.04540521
-0.12371445
-0.01521369
0.01898763
-0.09434849
0.07040756
-0.00436362
-0.10625998
0.03750352
-0.00165110
-0.14694777
-0.07783750
0.05318896
-0.02535616
0.00955278
-0.03137087
0.06333142
0.05932161
0.03880082
-0.00330220
0.05578354
-0.11168502
0.03302197
0.03325784
0.00778375
-0.02429474
-0.09293326
0.05448625
-0.10366540
0.06734123
-0.09918385
-0.05295309
0.04587695
-0.01438814
0.01155769
0.01191150
-0.04092366
0.03278610
0.01698273
0.08349841
0.03538068
0.00672233
-0.02099254
0.02016699
-0.01686479
0.02924803
0.04174921
0.03302197
0.03172468
-0.01721860
0.04210301
-0.01993112
0.00884517
-0.15390597
0.00294839
0.03986224
0.05625529
0.02618171
0.00023587
-0.14659396
0.03514481
0.01462402
0.06969995
-0.03184261
0.06274174
0.02936597
0.00117936
-117935.60964750
-117935.60964750
-117935.60964750
-117935.60964750
-117935.60964750
-117935.60964750
-117935.60964750
-117935.60964750
-117935.60964750
-117935.60964750
-117935.60964750
-117935.60964750
-117935.60964750
-117935.60964750
-117935.60964750
-117935.60964750
-117935.60964750
-117935.60964750
-117935.60964750
-117935.60964750
0.00259458
0.00047174
0.07488911
0.10413714
0.05625529
0.00259458
-0.26912906
0.05649116
-0.02924803
0.12737046
-0.00566091
0.12395033
0.02877629
0.01320879
-0.04304650
0.03679591
0.01957731
-0.23940929
0.10189637
0.02700725
0.03184261
0.09647133
-0.22997444
-0.00330220
0.02948390
-0.22596463
0.13939989
0.02040286
-0.20886396
0.09670720
0.03585243
-0.26417577
-0.16251527
0.09163597
-0.02759693
0.02594583
-0.05307102
0.04976883
0.09423055
0.03880082
-0.04729218
0.08668267
-0.20709493
0.06179826
0.06734123
0.03832907
-0.00707614
-0.11722800
0.11380786
-0.22219069
0.13362105
-0.22867715
-0.10354747
0.12748839
0.05130199
0.07559673
0.11392580
0.00365600
0.10826489
0.08550332
0.18232845
0.12465794
0.11050567
0.01143975
0.11510516
0.04009811
0.10307572
0.14329177
0.09788656
0.09989146
0.02535616
0.11982258
0.00035381
0.09316913
-0.19435788
0.02618171
0.10083495
0.13244169
0.10154256
0.04670250
-0.16911966
0.11156709
0.01898763
0.17324741
0.01816208
0.16204353
0.06191620
0.05236341
-0.00283045
0.07264834
0.04870741
-0.19671660
0.15555707
0.07477118
0.08113970
0.13279550
-0.19011220
0.04115953
0.05389657
-0.15319836
0.19152743
0.08326254
-0.12925743
0.15543913
0.10684966
-0.15378803
-0.08314460
0.13704118
-0.00943485
0.06250587
-0.03137087
0.09670720
0.13822053
0.10000940
-0.00978866
0.13503627
-0.20284925
0.09717894
0.10968012
0.06969995
0.01450608
-0.11215676
0.12996504
-0.21818088
0.15213694
-0.23245109
-0.11946877
0.11439754
0.03490894
0.08444190
0.11368993
-0.00212284
0.08231906
0.07783750
0.18964046
0.14211241
0.10732140
0.03950843
0.11392580
0.05118405
0.11734593
0.14352764
0.09128216
0.13090853
0.04434379
0.14682983
0.00648646
0.08479570
-0.20060847
0.06238794
0.12336065
0.16664302
0.11793561
0.07842718
-0.19412201
0.15154726
0.11510516
0.23127173
0.08951313
0.23009237
0.14352764
0.16617127
0.09847623
0.14647603
0.13857434
-0.23610709
0.22572876
0.15968482
0.18633826
0.21983198
-0.20744874
0.11475135
0.17666754
-0.18492304
0.27997914
0.18834317
-0.16510985
0.26806764
0.21287378
-0.10543444
0.03266816
0.26783177
0.15083964
0.22867715
0.10555237
0.21782707
0.30545323
0.27596933
0.16475605
0.33552681
-0.11604864
0.28398895
0.31300111
0.28705527
0.26335022
0.13020091
0.36760530
-0.08739029
0.39307939
-0.07913479
0.08338048
0.38800816
0.26971874
0.28505037
0.35722696
0.24943381
0.34165946
0.30769401
0.36843084
0.33080939
0.35286334
0.28387101
0.39154622
0.31842615
0.33977249
0.43211607
0.37291240
0.37928092
0.31960550
0.42303503
0.28151230
0.41135941
0.15732610
0.27089810
0.39319732
0.40109901
0.39166416
0.25344363
0.12076606
0.39602778
0.27785630
0.50110841
0.33941868
0.41666651
0.23174347
0.28009707
0.32361531
-117935.60964750
-117935.60964750
-117935.60964750
-117935.60964750
-117935.60964750
-117935.60964750
-117935.60964750
-117935.60964750
-117935.60964750
-117935.60964750
-117935.60964750
-117935.60964750
-117935.60964750
-117935.60964750
-117935.60964750
-117935.60964750
-117935.60964750
-117935.60964750
-117935.60964750
0.00082555
-0.06061890
-0.01969525
-0.00625059
-0.04446172
-0.07052549
-0.26747796
-0.04021604
-0.07606847
0.00424568
-0.09706101
0.01368053
-0.04351824
-0.07347388
-0.11840735
-0.06592601
-0.08149351
-0.25367950
-0.01769034
-0.07760163
-0.07901686
-0.01202943
-0.22655431
-0.08385222
-0.03809320
-0.26370402
0.02712519
-0.08326254
-0.23988103
-0.01639305
-0.06710536
-0.27078016
-0.17548819
-0.00082555
-0.08585712
-0.07724782
-0.13951783
-0.07996034
-0.02335125
-0.07913479
-0.12866775
-0.04481553
-0.27007255
-0.05554767
-0.05908574
-0.07052549
-0.11404373
-0.17643167
-0.00731201
-0.24742891
0.00247665
-0.26252467
-0.16393050
-0.01238324
-0.05837813
-0.03903669
-0.04151333
-0.11640245
-0.04847154
-0.05566561
0.03243229
-0.02052080
-0.04988676
-0.12088400
-0.03821114
-0.07771957
-0.01733653
-0.02252570
-0.06781298
-0.06569013
-0.11911497
-0.04611282
-0.12324271
-0.07642228
-0.28505037
-0.08326254
-0.05035851
-0.02535616
-0.05212754
-0.06050097
-0.23988103
-0.04776392
-0.08491364
-0.01544956
-0.10437301
0.00613265
-0.03632417
-0.06745917
-0.12784220
-0.07677608
-0.08373428
-0.23999897
-0.01403434
-0.06993582
-0.07583260
-0.01721860
-0.24790065
-0.07783750
-0.03078119
-0.23032825
0.02052080
-0.08125764
-0.23115379
-0.00790169
-0.05318896
-0.24530607
-0.18374368
0.00141523
-0.10519856
-0.07536085
-0.12713459
-0.06498252
-0.01391640
-0.08031415
-0.13633356
-0.04741012
-0.27691281
-0.05484006
-0.05165580
-0.08231906
-0.13079059
-0.19482963
-0.01969525
-0.22820540
-0.00070761
-0.25674582
-0.17879038
-0.03054532
-0.07087930
-0.02417680
-0.03844701
-0.11074154
-0.06132652
-0.05743464
0.03844701
0.00507123
-0.03337578
-0.08055002
-0.02889422
-0.06722330
0.00035381
-0.00106142
-0.04222095
-0.03030945
-0.09151803
-0.02394093
-0.10083495
-0.04729218
-0.23905548
-0.04398998
-0.02252570
0.00176903
-0.02228983
-0.02688932
-0.18751762
0.00660439
-0.02960184
0.03974430
-0.05873193
0.04587695
0.01226530
-0.00247665
-0.05672703
-0.02394093
-0.04092366
-0.23245109
0.03372958
-0.00365600
-0.00377394
0.03585243
-0.21216616
-0.03231436
-0.00058968
-0.18032355
0.07595053
-0.02264364
-0.18975840
0.03502688
-0.00023587
-0.13786673
-0.07842718
0.04163127
-0.05130199
-0.02523822
-0.06781298
0.00566091
0.03726765
-0.00306633
-0.06781298
0.01202943
-0.18055942
0.00648646
0.01485989
0.01085008
-0.03231436
-0.12477588
0.04799979
-0.13822053
0.04729218
-0.12595523
-0.07677608
0.02629964
-0.02724313
-0.01273705
-0.00224078
-0.04741012
-0.00306633
-0.03691385
0.02004905
-0.01026040
-0.00188697
-0.02830455
0.02111047
-0.03160674
0.00235871
0.02028492
0.00518917
-0.00459949
-0.05200960
-0.01615718
-0.06722330
-0.03396546
-0.13480040
-0.03726765
0.00495330
-0.00306633
-0.02877629
-0.05200960
-0.10850076
-0.00577884
-0.04552315
0.01993112
-0.06569013
0.01981318
-0.03443720
-0.03148881
-0.04917915
-0.02335125
-117935.60964750
-117935.60964750
-117935.60964750
-117935.60964750
-117935.60964750
-117935.60964750
-117935.60964750
-117935.60964750
-117935.60964750
-117935.60964750
-117935.60964750
-117935.60964750
-117935.60964750
-117935.60964750
-117935.60964750
-117935.60964750
-117935.60964750
-117935.60964750
-0.00153316
-0.07135104
-0.02016699
-0.01379847
-0.05802432
-0.08998487
-0.31477014
-0.04387205
-0.08715442
0.00742994
-0.10036320
0.02417680
-0.03868288
-0.08361635
-0.14800919
-0.08833377
-0.10543444
-0.29460315
-0.01627511
-0.09930178
-0.10472682
-0.02358712
-0.28446069
-0.10071701
-0.04151333
-0.27879978
0.02358712
-0.10449095
-0.28434275
-0.02594583
-0.08904139
-0.32703545
-0.21275584
-0.00542504
-0.10802902
-0.09599959
-0.16275114
-0.08974900
-0.03431926
-0.10991599
-0.17029902
-0.06203413
-0.29743361
-0.05354277
-0.06828472
-0.09694307
-0.15367010
-0.23138967
-0.01886970
-0.28941399
-0.00459949
-0.30085374
-0.19412201
-0.02724313
-0.08302667
-0.05354277
-0.06722330
-0.15319836
-0.06698743
-0.07878099
0.03290404
-0.03762146
-0.08432396
-0.16628921
-0.06675156
-0.11097741
-0.04387205
-0.03443720
-0.05177373
-0.07170485
-0.14836300
-0.07076137
-0.15885927
-0.10614205
-0.32727132
-0.10378334
-0.05873193
-0.04375411
-0.08007828
-0.08821584
-0.28351721
-0.06946407
-0.11593070
-0.03384752
-0.13362105
0.00235871
-0.04540521
-0.08220112
-0.16357669
-0.11274644
-0.12666284
-0.28953192
-0.02724313
-0.10460889
-0.11144915
-0.04670250
-0.32585609
-0.12206336
-0.06168032
-0.26641654
-0.00306633
-0.11935084
-0.26228880
-0.03467307
-0.09092836
-0.30321245
-0.23304076
-0.01568544
-0.14989616
-0.11345406
-0.16286908
-0.06863852
-0.02960184
-0.11345406
-0.18067735
-0.08432396
-0.34661276
-0.07701195
-0.07595053
-0.12135574
-0.18574859
-0.26995461
-0.04953296
-0.30167929
-0.02240777
-0.29743361
-0.21122268
-0.05637322
-0.10720347
-0.04469760
-0.07288421
-0.15638262
-0.09599959
-0.09576372
0.02747900
-0.01816208
-0.07524292
-0.12241716
-0.07135104
-0.12017639
-0.03738559
-0.03691385
-0.06297762
-0.05118405
-0.12312478
-0.05000470
-0.13916402
-0.08904139
-0.32007724
-0.07583260
-0.04882534
-0.02771487
-0.06439284
-0.06616188
-0.26476544
-0.02983771
-0.07052549
0.00542504
-0.11345406
0.02252570
-0.00978866
-0.02877629
-0.10390127
-0.07701195
-0.10602411
-0.34224914
-0.00318426
-0.05024057
-0.04222095
-0.00070761
-0.25780724
-0.08491364
-0.04009811
-0.25285395
0.05024057
-0.07040756
-0.22914889
-0.00212284
-0.04623076
-0.19317853
-0.12925743
0.01297292
-0.10708553
-0.08255493
-0.13067266
-0.01639305
0.00636852
-0.03502688
-0.11085947
-0.03137087
-0.25155666
-0.03290404
-0.02429474
-0.03325784
-0.09092836
-0.20426448
0.00070761
-0.24695717
-0.00023587
-0.20450035
-0.13232375
-0.02146428
-0.08172938
-0.05130199
-0.05613735
-0.10873663
-0.05637322
-0.09635339
-0.01592131
-0.06144445
-0.06285968
-0.09022074
-0.03644210
-0.09977353
-0.04788186
-0.04776392
-0.06981788
-0.06922820
-0.12324271
-0.07512498
-0.13550802
-0.11687419
-0.28033294
-0.10283985
-0.06050097
-0.06156239
-0.10130669
-0.10826489
-0.22749779
-0.07701195
-0.10625998
-0.04835360
-0.15461358
-0.03078119
-0.07524292
-0.07771957
-0.12111987
-0.11192089
-0.13998957
-117935.60964750
-117935.60964750
-117935.60964750
-117935.60964750
-117935.60964750
-117935.60964750
-117935.60964750
-117935.60964750
-117935.60964750
-117935.60964750
-117935.60964750
-117935.60964750
-117935.60964750
-117935.60964750
-117935.60964750
-117935.60964750
-117935.60964750
0.01934144
0.23858374
0.35781664
0.50075460
0.49992905
0.37126130
0.09989146
0.38258312
0.15826959
0.44237647
0.18504097
0.28988573
0.06710536
0.15402391
0.25709963
0.44025363
0.43600795
0.07005375
0.33564475
0.38494183
0.39732507
0.43058291
-0.07783750
0.30061787
0.18881491
-0.06722330
0.43034704
0.41407193
0.07771957
0.44685802
0.46289727
0.03821114
0.03962636
0.35427857
0.29059334
0.42256329
0.29153683
0.31819027
0.45888746
0.54144238
0.40003759
0.56349634
0.08184731
0.32562022
0.45546732
0.53224341
0.55370769
0.42386058
0.54816471
0.25415124
0.55170278
0.12029432
0.17136044
0.55724576
0.46266140
0.40192456
0.72589368
0.55724576
0.71056205
0.74075356
0.64581540
0.75301887
0.94466423
0.79736266
0.89607476
0.72813445
0.75573139
0.80915622
0.43341337
0.64451811
0.65206599
0.77613425
0.53825812
0.87260558
0.34106978
0.52870534
0.59687212
0.76669940
0.79323491
0.56007621
0.22089340
0.80373118
0.57210564
0.92650215
0.63862133
0.66385955
0.44615041
0.48613058
0.60937330
0.79193762
0.77129889
0.30792988
0.77141682
0.78309245
0.82779004
0.80608989
0.38093202
0.73391330
0.53200754
0.28245579
0.93074783
0.95834476
0.45145751
0.97131768
1.04962693
0.70891095
0.73497472
0.79818821
0.81752965
0.96660026
0.69381519
0.60253303
0.82896940
0.94914579
0.67353027
1.06024113
0.52693630
0.82094978
0.90739658
0.96306219
0.99690971
0.76103849
0.94041855
0.41489747
0.89477747
0.32620990
0.44072537
0.83864012
0.69593803
0.63130932
0.90963736
0.71586915
0.79641917
0.86541150
0.79783440
0.86600118
1.03311594
0.89878728
1.08701251
1.02026096
0.93393209
1.09444246
0.85562285
1.00858533
0.88888069
1.02132238
0.68791841
1.02474251
0.68249337
0.78344625
0.93664461
1.05976939
1.01695876
0.83734283
0.36005742
0.96318012
0.90433025
1.21886453
1.11012789
1.08194128
0.83486618
1.04384808
1.13312534
1.31781250
1.43492256
0.89631063
1.31698695
1.30955701
1.35637745
1.27936549
0.36241613
1.15435375
1.09821640
0.50889216
1.28703131
1.42902578
0.45240100
1.47289783
1.45697652
0.64593333
1.00433965
1.37996457
1.48775772
1.79722076
1.53056834
1.35897203
1.60828791
1.59838132
1.38409231
1.85524508
0.76622766
1.59425357
1.74521115
1.72775668
1.92128902
1.82068994
1.92164282
1.15742007
2.00478743
1.00752391
1.30814178
2.09312120
1.81314206
1.65133441
2.08734236
1.86503373
2.03486101
2.04016811
1.85359398
1.97117578
2.17473264
2.00738201
2.20280132
2.12791220
1.92824722
2.42841214
2.30068787
2.30682052
2.28405895
2.45612701
2.09547991
2.65991974
2.36626007
1.86314676
2.30009819
2.29502696
2.47900651
1.86184947
2.14465906
2.29891884
1.88968227
2.62666190
2.39692333
2.10255605
1.45273084
1.73212030
2.22261450
2.89980077
3.00523521
3.76934002
-117935.60964750
-117935.60964750
-117935.60964750
-117935.60964750
-117935.60964750
-117935.60964750
-117935.60964750
-117935.60964750
-117935.60964750
-117935.60964750
-117935.60964750
-117935.60964750
-117935.60964750
-117935.60964750
-117935.60964750
-117935.60964750
0.00188697
-0.00330220
0.03125294
0.05283515
0.02323332
-0.00483536
-0.16593540
0.02736106
-0.03207849
0.07052549
-0.01639305
0.06285968
0.01179356
-0.00577884
-0.03608830
0.00483536
-0.00577884
-0.15944894
0.04870741
0.00837343
0.00778375
0.05165580
-0.16015656
-0.00684027
0.01568544
-0.12512968
0.08326254
0.00754788
-0.14116892
0.05259928
0.02122841
-0.17312947
-0.10602411
0.05189167
-0.01297292
0.02016699
-0.02205396
0.02323332
0.06097271
0.02641758
-0.03691385
0.05660909
-0.14128686
0.03644210
0.05118405
0.04021604
0.00919898
-0.07359182
0.08491364
-0.13998957
0.09234358
-0.14340970
-0.07064343
0.07748370
0.02736106
0.03974430
0.06639775
-0.00436362
0.03502688
0.02960184
0.09682514
0.06899233
0.06698743
0.00342013
0.06486459
0.01745447
0.06109065
0.08750822
0.05542974
0.06663362
0.01627511
0.06710536
-0.01273705
0.05071231
-0.12630904
0.01651099
0.05943955
0.08573919
0.06934614
0.03408339
-0.08326254
0.08479570
0.02146428
0.12182748
0.02842248
0.10767521
0.04505140
0.04151333
0.01875176
0.06109065
0.04398998
-0.11038773
0.10059908
0.06533633
0.06852059
0.09411262
-0.11416167
0.03078119
0.02806868
-0.08809790
0.12489381
0.06191620
-0.06168032
0.09859417
0.07276627
-0.08821584
-0.04587695
0.08621093
0.00153316
0.04646663
-0.00448155
0.05943955
0.09387675
0.06781298
0.00294839
0.08455983
-0.12996504
0.05366070
0.07677608
0.05318896
0.02405886
-0.05554767
0.08797996
-0.12229923
0.10802902
-0.09953765
-0.03950843
0.08845171
0.03785733
0.07300214
0.08892345
0.02063873
0.04752805
0.05271722
0.12512968
0.10484476
0.09022074
0.05507593
0.08880551
0.05318896
0.09847623
0.11286438
0.06769504
0.11416167
0.06510046
0.12713459
0.03514481
0.08455983
-0.11097741
0.06804885
0.10000940
0.13833847
0.11168502
0.08739029
-0.09540991
0.13020091
0.10802902
0.18881491
0.09906591
0.17136044
0.12277097
0.14340970
0.11522309
0.13998957
0.13586182
-0.09894798
0.17890832
0.15555707
0.17831864
0.18539478
-0.03561655
0.12017639
0.13892815
-0.05814226
0.22219069
0.17525232
-0.02028492
0.21629391
0.18905078
0.01132182
0.09092836
0.20851016
0.15013203
0.21063300
0.14352764
0.20214163
0.23622503
0.23881961
0.17206805
0.26771383
0.02901216
0.20933571
0.23351251
0.23492773
0.23363044
0.14647603
0.27042635
0.02724313
0.26912906
0.04693837
0.13597976
0.28280959
0.20638732
0.19766008
0.25143872
0.20650525
0.26252467
0.22195482
0.22702605
0.20744874
0.25096698
0.22419559
0.28245579
0.23363044
0.22431353
0.29672599
0.27891772
0.26488338
0.24223974
0.29000366
0.23657883
0.29000366
0.20827429
0.18610239
0.27691281
0.27219539
0.27797423
0.18173877
0.19081982
0.26488338
0.18032355
0.32550228
0.23245109
0.26158118
0.13704118
0.16829411
0.22101133
0.28882431
0.28245579
0.24742891
0.30321245
-117935.60964750
-117935.60964750
-117935.60964750
-117935.60964750
-117935.60964750
-117935.60964750
-117935.60964750
-117935.60964750
-117935.60964750
-117935.60964750
-117935.60964750
-117935.60964750
-117935.60964750
-117935.60964750
-117935.60964750
0.00094348
-0.07418150
-0.02747900
-0.02594583
-0.06462871
-0.08078589
-0.24200387
-0.04163127
-0.08585712
-0.00978866
-0.12819601
0.01462402
-0.03868288
-0.04835360
-0.11663832
-0.07854512
-0.11074154
-0.31984137
-0.01391640
-0.07194072
-0.06969995
-0.01828002
-0.28835257
-0.10508063
-0.05660909
-0.27832804
0.02063873
-0.09989146
-0.28646560
-0.03561655
-0.08727235
-0.27290300
-0.17914419
-0.00719407
-0.13149820
-0.11534103
-0.17183218
-0.05106612
-0.01792621
-0.07536085
-0.14836300
-0.07642228
-0.36902052
-0.06793091
-0.06238794
-0.07642228
-0.13562595
-0.22219069
-0.02170015
-0.29377760
-0.00200491
-0.26405783
-0.17914419
-0.02759693
-0.08290873
-0.05637322
-0.05649116
-0.13114440
-0.07076137
-0.09682514
0.00342013
-0.05083025
-0.08302667
-0.12984711
-0.06274174
-0.11746387
-0.05649116
-0.06427491
-0.09033868
-0.07123311
-0.12064813
-0.05684496
-0.14777332
-0.11286438
-0.34319262
-0.10413714
-0.05908574
-0.04587695
-0.08279080
-0.10225017
-0.27007255
-0.06333142
-0.08302667
-0.03797527
-0.14694777
-0.01780828
-0.07217659
-0.08656474
-0.14494286
-0.09694307
-0.11899703
-0.33812139
-0.04799979
-0.09482023
-0.08397015
-0.03526275
-0.23197934
-0.11310025
-0.06321349
-0.30132548
-0.00035381
-0.11133122
-0.26877525
-0.04599489
-0.10295779
-0.28764495
-0.20084434
-0.02181809
-0.13751292
-0.13208788
-0.20709493
-0.10437301
-0.04752805
-0.09163597
-0.13774879
-0.07937067
-0.35475031
-0.10342953
-0.09611752
-0.11286438
-0.16216146
-0.23174347
-0.05755258
-0.32691751
-0.03986224
-0.30946304
-0.20638732
-0.06203413
-0.11310025
-0.06958201
-0.08797996
-0.15083964
-0.08774409
-0.10000940
-0.00495330
-0.06203413
-0.09741481
-0.13727705
-0.06639775
-0.10649586
-0.03832907
-0.06521839
-0.12288891
-0.10130669
-0.14105099
-0.05873193
-0.13279550
-0.10567031
-0.34000836
-0.09894798
-0.06085477
-0.03467307
-0.06073684
-0.07477118
-0.27125190
-0.04222095
-0.06969995
-0.00459949
-0.10885457
0.00176903
-0.04741012
-0.07819131
-0.12630904
-0.08243699
-0.09824036
-0.31689298
-0.04375411
-0.09305120
-0.09623546
-0.01863383
-0.22537495
-0.08361635
-0.03644210
-0.26452957
0.02370506
-0.09399468
-0.24884414
-0.02429474
-0.07500705
-0.25061317
-0.16864792
-0.01096801
-0.10154256
-0.09340500
-0.15343423
-0.08467777
-0.03950843
-0.07913479
-0.12312478
-0.04764599
-0.24330116
-0.06875646
-0.07783750
-0.07040756
-0.11545896
-0.17961593
-0.01592131
-0.20131609
-0.02547409
-0.25202840
-0.17312947
-0.04788186
-0.09458436
-0.08255493
-0.08963106
-0.13975370
-0.07217659
-0.09906591
-0.02806868
-0.08538538
-0.09293326
-0.14730158
-0.06014716
-0.10059908
-0.05519387
-0.05283515
-0.08373428
-0.11085947
-0.16074624
-0.10401921
-0.13609769
-0.12359652
-0.25379743
-0.12442207
-0.09941972
-0.08856964
-0.11062360
-0.11711006
-0.20567970
-0.08762616
-0.12666284
-0.06592601
-0.14706571
-0.04387205
-0.08998487
-0.12666284
-0.17041696
-0.13444659
-0.14706571
-0.26393989
-0.09399468
-0.14753745
-117935.60964750
-117935.60964750
-117935.60964750
-117935.60964750
-117935.60964750
-117935.60964750
-117935.60964750
-117935.60964750
-117935.60964750
-117935.60964750
-117935.60964750
-117935.60964750
-117935.60964750
-117935.60964750
0.00129729
-0.07076137
-0.00731201
0.01356260
-0.02346919
-0.05684496
-0.24837239
-0.01061420
-0.06887440
0.02948390
-0.11203883
0.03349371
-0.04351824
-0.06179826
-0.11640245
-0.05696290
-0.08573919
-0.32679957
0.00047174
-0.05991129
-0.05318896
0.00825549
-0.26783177
-0.08597506
-0.04245682
-0.30592497
0.05660909
-0.06993582
-0.26783177
0.00625059
-0.04717424
-0.27738455
-0.18692794
0.02004905
-0.10425508
-0.08196525
-0.16051036
-0.05507593
0.00707614
-0.04741012
-0.12324271
-0.03089913
-0.35309922
-0.05460419
-0.04340030
-0.05283515
-0.10767521
-0.19872150
0.01238324
-0.28599385
0.02877629
-0.27903565
-0.17702135
0.00613265
-0.05790638
-0.02594583
-0.01438814
-0.10897250
-0.03231436
-0.04387205
0.05566561
0.00530710
-0.01273705
-0.08031415
0.01238324
-0.05236341
0.01485989
0.00790169
-0.06616188
-0.03656004
-0.09423055
-0.00872724
-0.11569483
-0.05295309
-0.33764965
-0.07488911
-0.02854042
0.00660439
-0.02747900
-0.05637322
-0.27738455
-0.00660439
-0.05389657
0.03632417
-0.09269739
0.04257476
-0.02688932
-0.04693837
-0.10295779
-0.04174921
-0.06097271
-0.31795440
0.01191150
-0.04410792
-0.03903669
0.02500235
-0.23115379
-0.05696290
-0.00849136
-0.27714868
0.07606847
-0.04469760
-0.26016595
0.03868288
-0.00766581
-0.23681470
-0.14954235
0.05189167
-0.06144445
-0.03184261
-0.12288891
-0.03927256
0.03420133
-0.01721860
-0.09611752
0.01592131
-0.31925170
-0.02594583
-0.01344466
-0.03066326
-0.08267286
-0.17029902
0.03549862
-0.26665241
0.05071231
-0.29401347
-0.18291813
0.01615718
-0.04575902
-0.00129729
0.00200491
-0.08597506
-0.02252570
-0.02712519
0.07630434
0.02618171
0.00129729
-0.06427491
0.03125294
-0.01651099
0.04835360
0.05153786
-0.01934144
0.00542504
-0.06250587
0.03054532
-0.07736576
-0.01014246
-0.27891772
-0.02936597
0.01297292
0.05130199
0.02016699
-0.00176903
-0.22313417
0.04281063
0.00931691
0.09977353
-0.02228983
0.10071701
0.03196055
0.02134635
-0.02795074
0.04127746
0.03597036
-0.21310965
0.09989146
0.04682044
0.04599489
0.10755728
-0.21900643
0.02382299
0.06144445
-0.20273131
0.15036790
0.03431926
-0.22313417
0.10897250
0.06002923
-0.18280019
-0.07429943
0.11864322
0.02122841
0.06804885
-0.00943485
0.06769504
0.12005845
0.08113970
0.00660439
0.12512968
-0.17206805
0.08302667
0.09222565
0.08656474
0.04917915
-0.04481553
0.16039243
-0.09588165
0.16652508
-0.13055472
-0.04422585
0.14635809
0.06875646
0.07347388
0.10991599
0.03467307
0.11357199
0.08279080
0.14517874
0.10401921
0.11227470
0.05071231
0.14211241
0.08550332
0.12005845
0.16782237
0.12843188
0.11368993
0.05401451
0.12489381
0.04328237
0.12053019
-0.04611282
0.05873193
0.12288891
0.12748839
0.11144915
0.04670250
-0.03632417
0.12583730
0.05849606
0.17761103
0.06191620
0.14859887
0.05118405
0.04611282
0.03726765
0.12560142
0.11722800
0.02170015
0.19306059
0.14282002
0.13774879
-117935.60964750
-117935.60964750
-117935.60964750
-117935.60964750
-117935.60964750
-117935.60964750
-117935.60964750
-117935.60964750
-117935.60964750
-117935.60964750
-117935.60964750
-117935.60964750
-117935.60964750
0.00011794
-0.08597506
-0.02240777
0.00153316
-0.02311538
-0.06498252
-0.23598915
-0.00896311
-0.04257476
0.03030945
-0.08432396
0.02901216
-0.04906121
-0.08904139
-0.13350311
-0.05578354
-0.07158692
-0.27927152
-0.00601472
-0.07111517
-0.07182279
-0.00129729
-0.22407766
-0.08043209
-0.03325784
-0.30816575
0.03549862
-0.09045661
-0.27101603
-0.01214737
-0.06804885
-0.28552211
-0.18881491
0.00754788
-0.09257945
-0.07807337
-0.16216146
-0.08526745
-0.02181809
-0.07099724
-0.12277097
-0.03207849
-0.28045088
-0.06238794
-0.07595053
-0.09116423
-0.13987163
-0.20780254
-0.01285498
-0.26228880
-0.00507123
-0.27821010
-0.17607787
-0.02240777
-0.07559673
-0.04493347
-0.05991129
-0.14506080
-0.05696290
-0.05672703
0.03325784
-0.02276157
-0.05071231
-0.12159161
-0.01049627
-0.05118405
0.00283045
-0.00023587
-0.06415697
-0.07182279
-0.13468247
-0.04988676
-0.13515421
-0.07146898
-0.30167929
-0.09210771
-0.05660909
-0.03066326
-0.05649116
-0.07547879
-0.27290300
-0.04292856
-0.09257945
-0.00601472
-0.10095288
0.01474195
-0.03561655
-0.07724782
-0.14506080
-0.08727235
-0.09706101
-0.28127643
-0.01792621
-0.08078589
-0.09446642
-0.02004905
-0.26217086
-0.08196525
-0.02405886
-0.23256902
0.01898763
-0.10449095
-0.29837709
-0.01910557
-0.06321349
-0.26452957
-0.18751762
0.00448155
-0.09599959
-0.06344936
-0.12029432
-0.05342483
-0.01167563
-0.08420603
-0.15744404
-0.04163127
-0.29755154
-0.04752805
-0.05200960
-0.08172938
-0.14234828
-0.22053959
-0.00978866
-0.24153213
0.00212284
-0.29554664
-0.21452487
-0.04328237
-0.09128216
-0.04575902
-0.06451078
-0.14376351
-0.09175390
-0.09340500
0.01886970
-0.02700725
-0.06757710
-0.13326724
-0.04398998
-0.08125764
-0.02111047
0.00058968
-0.02217189
-0.03255023
-0.11557690
-0.05024057
-0.14612222
-0.07087930
-0.29660806
-0.07595053
-0.04976883
-0.02759693
-0.05590148
-0.06203413
-0.22454940
-0.02382299
-0.06109065
0.00318426
-0.10472682
0.02240777
-0.01710066
-0.03974430
-0.10909044
-0.05590148
-0.07076137
-0.26099150
0.02193602
-0.02417680
-0.02830455
0.01957731
-0.29932058
-0.05389657
-0.02122841
-0.21417107
0.05731671
-0.05708084
-0.26747796
0.00342013
-0.04269269
-0.24165006
-0.15579294
0.02370506
-0.09104629
-0.05590148
-0.10272192
-0.00695820
0.02287951
-0.03054532
-0.10590618
-0.01981318
-0.27172364
-0.02205396
-0.01037833
-0.02842248
-0.08715442
-0.19117362
0.03030945
-0.19105569
0.04788186
-0.15166519
-0.10897250
0.01580337
-0.04446172
-0.02264364
-0.01497782
-0.08467777
-0.04068779
-0.06014716
0.02688932
-0.00695820
-0.01851589
-0.05908574
-0.00224078
-0.05696290
-0.00601472
0.01214737
-0.00955278
0.00129729
-0.05943955
-0.01297292
-0.10142462
-0.03927256
-0.23115379
-0.04281063
-0.00813756
-0.00153316
-0.03573449
-0.06557220
-0.20119815
-0.00660439
-0.04210301
0.02217189
-0.08621093
0.01627511
-0.02441267
-0.03490894
-0.07878099
-0.04434379
-0.06840265
-0.25120285
0.01804415
-0.00412775
0.01285498
0.02854042
-117935.60964750
-117935.60964750
-117935.60964750
-117935.60964750
-117935.60964750
-117935.60964750
-117935.60964750
-117935.60964750
-117935.60964750
-117935.60964750
-117935.60964750
-117935.60964750
0.00577884
0.13185201
0.22136514
0.33305016
0.34755624
0.20851016
0.00825549
0.45499558
0.21405313
0.50676931
0.42209155
0.36147264
0.27620520
0.24294736
0.22679018
0.28292753
0.24660336
-0.29472109
0.29012160
0.36736942
0.39296145
0.36654387
-0.01863383
0.27254919
0.21983198
0.03608830
0.37338414
0.32550228
-0.09399468
0.34507959
0.35191986
-0.02889422
0.02476648
0.29082921
0.30321245
0.41843554
0.34460785
0.28882431
0.41124147
0.36347755
0.15237281
0.43447479
0.03089913
0.35722696
0.46667121
0.45617494
0.43600795
0.16900173
0.46466630
-0.03821114
0.46431250
0.18574859
0.24624955
0.44839119
0.32231802
0.39013100
0.46478424
0.31948757
0.26629861
0.32444086
0.39555603
0.44732977
0.58861663
0.47103482
0.70277830
0.60607110
0.54403697
0.79240936
0.73049317
0.78722019
0.64734856
0.65654754
0.33812139
0.68473415
0.05448625
0.37916299
0.53731464
0.66197258
0.66527477
0.49426814
0.17607787
0.68001673
0.40286804
0.82389817
0.57682307
0.64357462
0.44390963
0.54816471
0.62895061
0.69298964
0.62022337
0.09092836
0.62211034
0.66138290
0.68414447
0.68225750
0.15095758
0.53719670
0.36666181
0.23433806
0.69841468
0.69605597
0.34566927
0.67400201
0.69157441
0.16027449
0.33163493
0.62387938
0.59923083
0.85562285
0.75148570
0.86777022
0.80113660
0.90503787
0.64805618
0.85609459
0.08125764
0.57175184
0.71905341
0.80373118
0.81906281
0.59038566
0.81269429
0.27113397
0.80550021
0.40628818
0.50523615
0.80538228
0.64451811
0.57564371
0.76056675
0.58767314
0.56738822
0.58095081
0.62859680
0.63744197
0.73285188
0.62128479
0.73049317
0.66739761
0.59722593
0.82955908
0.79523982
0.96978452
0.92791738
0.99266403
0.75007048
0.84253200
0.31736473
0.54309348
0.68178576
0.85963266
0.85302826
0.65548612
0.44532486
0.79134794
0.76434069
0.95799096
0.78108754
0.80467466
0.60831187
0.73509265
0.77247824
0.91895427
0.99573035
0.43659763
1.02026096
1.04773996
1.18820127
1.01200547
0.69263584
0.90609929
0.85963266
0.22620050
1.04915518
1.09456039
0.40876482
1.12770030
1.09314517
0.40711372
0.63331422
1.05127802
0.99490480
1.32712942
1.05458022
1.17829468
1.28608782
1.46016078
1.32217612
1.57196374
0.74841938
1.17888435
1.31203366
1.23926739
1.38444612
1.21768517
1.41275067
0.45912333
1.49506972
0.62989409
1.04101763
1.66489700
1.45013626
1.45049006
1.65652357
1.42855404
1.45603304
1.50426870
1.42277519
1.52396395
1.67680850
1.60640094
1.73506869
1.66454319
1.55922670
1.84911242
1.62503477
1.73424314
1.74815954
1.98697915
1.68636128
2.10243811
1.63152122
1.44883896
1.78707829
1.87529413
2.03545069
1.51794923
1.50391489
1.90206551
1.53752654
2.18121910
1.90336280
1.70770763
1.24398481
1.43291766
1.74556496
2.03179468
2.08297874
2.11776974
2.17084077
2.13699325
2.23605916
1.93780000
2.50754693
-117935.60964750
-117935.60964750
-117935.60964750
-117935.60964750
-117935.60964750
-117935.60964750
-117935.60964750
-117935.60964750
-117935.60964750
-117935.60964750
-117935.60964750
-0.00023587
-0.05802432
-0.03832907
-0.03089913
-0.05507593
-0.06557220
-0.19895737
-0.04186714
-0.07724782
-0.01132182
-0.09446642
0.01497782
-0.02500235
-0.06168032
-0.12501175
-0.07205866
-0.08196525
-0.18775349
0.00943485
-0.05979335
-0.07547879
-0.01757241
-0.23940929
-0.07453531
-0.02818661
-0.19447582
0.01993112
-0.09871211
-0.26228880
-0.03125294
-0.07064343
-0.21263790
-0.14859887
-0.00978866
-0.11699212
-0.09375881
-0.13255963
-0.04894328
-0.02924803
-0.08680061
-0.14340970
-0.06085477
-0.20862809
-0.03738559
-0.05755258
-0.09423055
-0.15201900
-0.22278037
-0.03207849
-0.21039713
-0.01568544
-0.23009237
-0.16970934
-0.04139540
-0.07406356
-0.04481553
-0.05436832
-0.11946877
-0.06533633
-0.08444190
0.00353807
-0.03644210
-0.07595053
-0.12630904
-0.07323801
-0.11251057
-0.05554767
-0.05578354
-0.06427491
-0.07889892
-0.14765538
-0.09493817
-0.16935554
-0.11121328
-0.24577781
-0.08231906
-0.06427491
-0.06958201
-0.10543444
-0.10449095
-0.23457393
-0.07842718
-0.09741481
-0.06734123
-0.15001410
-0.03467307
-0.05354277
-0.07194072
-0.14553254
-0.12784220
-0.14753745
-0.30097168
-0.05590148
-0.09977353
-0.09741481
-0.06215207
-0.27125190
-0.11711006
-0.06427491
-0.18126703
-0.03207849
-0.11769974
-0.25179253
-0.07099724
-0.11711006
-0.24282942
-0.17489851
-0.04127746
-0.14718364
-0.14423525
-0.18020561
-0.08526745
-0.05601941
-0.11144915
-0.16617127
-0.10779315
-0.29943851
-0.07819131
-0.07182279
-0.10366540
-0.15980275
-0.23870167
-0.07205866
-0.26205292
-0.04917915
-0.22230862
-0.17949800
-0.08432396
-0.12654491
-0.08762616
-0.09741481
-0.13833847
-0.08868758
-0.11239264
-0.02759693
-0.07052549
-0.10567031
-0.12902156
-0.08939519
-0.12796014
-0.07241246
-0.08385222
-0.09340500
-0.08220112
-0.13480040
-0.09517404
-0.16864792
-0.13892815
-0.32255389
-0.10107082
-0.07123311
-0.06922820
-0.10508063
-0.10661379
-0.25214633
-0.06840265
-0.07925273
-0.04752805
-0.13444659
-0.03479100
-0.06050097
-0.07488911
-0.11911497
-0.10449095
-0.13468247
-0.31618537
-0.07571466
-0.10673173
-0.09812243
-0.05354277
-0.24507020
-0.12064813
-0.09623546
-0.25273601
-0.01910557
-0.10177843
-0.17595993
-0.06616188
-0.11616658
-0.23811200
-0.16345875
-0.05130199
-0.13527214
-0.14989616
-0.19046601
-0.11439754
-0.08078589
-0.11404373
-0.14765538
-0.11923290
-0.28457863
-0.11828942
-0.11416167
-0.09800449
-0.13998957
-0.20968951
-0.07889892
-0.23999897
-0.08408809
-0.17360122
-0.12831394
-0.09470229
-0.13869228
-0.13373898
-0.14942442
-0.17631374
-0.12064813
-0.15072171
-0.09187184
-0.14671190
-0.15308042
-0.17489851
-0.12406826
-0.16062830
-0.12147368
-0.14211241
-0.16192559
-0.16074624
-0.18138497
-0.14930648
-0.16852999
-0.20450035
-0.32856861
-0.17478057
-0.15484946
-0.14800919
-0.18421542
-0.17371915
-0.29637219
-0.17501644
-0.18421542
-0.15414184
-0.20638732
-0.11828942
-0.13668737
-0.16735063
-0.20909984
-0.20166989
-0.21782707
-0.36029329
-0.19317853
-0.22337004
-0.23068205
-0.15720817
-0.27514378
-0.21829881
-117935.60964750
-117935.60964750
-117935.60964750
-117935.60964750
-117935.60964750
-117935.60964750
-117935.60964750
-117935.60964750
-117935.60964750
-117935.60964750
0.00200491
-0.00117936
0.03726765
0.05106612
0.01898763
0.00271252
-0.12406826
0.02629964
0.01120388
0.06403904
-0.03137087
0.06734123
0.01745447
0.00636852
-0.03278610
0.02382299
0.01945938
-0.10425508
0.09293326
0.03490894
0.04799979
0.06686949
-0.11274644
0.00200491
0.03361165
-0.13008298
0.09505610
0.01886970
-0.10779315
0.06745917
0.03455513
-0.10048114
-0.04634869
0.07040756
0.00082555
0.02629964
-0.02417680
0.06144445
0.07194072
0.05507593
0.00990659
0.07913479
-0.09045661
0.05755258
0.06203413
0.03762146
0.01096801
-0.06085477
0.08420603
-0.09647133
0.09599959
-0.09187184
-0.03644210
0.07736576
0.02004905
0.03939049
0.04705631
-0.01427021
0.04788186
0.03219642
0.10000940
0.05778845
0.03679591
0.00554297
0.04257476
0.00106142
0.04953296
0.04764599
0.02570996
0.02323332
-0.02370506
0.03903669
-0.01438814
0.01332672
-0.08915932
0.01721860
0.06757710
0.06262381
0.03372958
0.01332672
-0.08043209
0.04446172
0.02087460
0.07996034
0.00129729
0.08420603
0.03266816
0.02771487
-0.00967072
0.02830455
0.02217189
-0.09057455
0.09753275
0.04174921
0.05696290
0.07359182
-0.03821114
0.01792621
0.04281063
-0.06168032
0.10460889
0.03125294
-0.08927726
0.07052549
0.03549862
-0.07889892
-0.02523822
0.06734123
-0.00070761
0.01509576
-0.02948390
0.03773940
0.05837813
0.01438814
-0.02346919
0.04658457
-0.11050567
0.04858947
0.04811773
0.01898763
-0.00318426
-0.05495799
0.05837813
-0.08986693
0.07842718
-0.10496269
-0.04953296
0.05778845
0.00495330
0.03950843
0.04045191
-0.00943485
0.04941502
0.03066326
0.10000940
0.05377864
0.02806868
-0.00400981
0.04634869
0.01238324
0.05436832
0.06238794
0.05354277
0.04717424
-0.01320879
0.04847154
-0.02170015
0.01226530
-0.14930648
0.01344466
0.06545426
0.07583260
0.04693837
0.03313991
-0.09588165
0.05531180
0.04198508
0.09647133
0.00400981
0.09977353
0.04481553
0.04304650
0.00412775
0.03372958
0.02759693
-0.10684966
0.09281532
0.02747900
0.03950843
0.06911027
-0.12996504
0.00365600
0.05153786
-0.09953765
0.09953765
0.03880082
-0.08184731
0.08974900
0.05566561
-0.08739029
-0.02122841
0.09765068
0.02736106
0.06144445
0.01250117
0.08845171
0.10378334
0.06828472
0.02523822
0.09529197
-0.11251057
0.07937067
0.08326254
0.06250587
0.04210301
-0.01037833
0.11746387
-0.02913010
0.13845641
-0.04009811
0.00766581
0.12406826
0.05837813
0.07488911
0.09163597
0.03113500
0.10484476
0.08597506
0.14565048
0.10095288
0.08066796
0.04717424
0.09529197
0.05601941
0.09104629
0.11769974
0.10873663
0.10071701
0.05318896
0.11486928
0.05460419
0.08090383
-0.04764599
0.06085477
0.11427961
0.12300684
0.09706101
0.06120858
-0.04670250
0.11050567
0.08279080
0.15850546
0.06285968
0.14447112
0.07795544
0.07300214
0.04776392
0.09470229
0.08762616
-0.05920368
0.15296249
0.09364087
0.10331159
0.11781767
-0.08326254
0.03750352
0.07370976
-117935.60964750
-117935.60964750
-117935.60964750
-117935.60964750
-117935.60964750
-117935.60964750
-117935.60964750
-117935.60964750
-117935.60964750
0.01096801
0.00778375
0.09281532
0.26830351
0.27750249
0.18881491
-0.09529197
0.36583626
0.14836300
0.45994888
0.39307939
0.36359548
0.21122268
0.32880448
0.40074520
0.41018005
0.35758077
-0.32243596
0.17006315
0.27714868
0.27431823
0.38317280
0.04906121
0.29153683
0.22337004
-0.02205396
0.36854878
0.34614101
0.03231436
0.37503524
0.35781664
-0.08338048
-0.05024057
0.27679488
0.25084904
0.37527111
0.26158118
0.27844597
0.38505977
0.43188020
0.31795440
0.47339354
-0.14376351
0.21617597
0.33882901
0.43824873
0.47339354
0.36996401
0.47693161
0.03538068
0.44674009
-0.12878569
0.04941502
0.43565414
0.35133018
0.37621459
0.49084801
0.39897617
0.33281429
0.31972344
0.38730054
0.36984607
0.49851382
0.33705997
0.57245945
0.50936390
0.48341806
0.71480773
0.60524555
0.69699945
0.70702398
0.78663052
0.66834110
0.76799669
0.28233785
0.37692221
0.38140376
0.59085740
0.63272455
0.45393416
0.27325681
0.67270472
0.45417003
0.80903828
0.57741274
0.62682777
0.36571833
0.42468613
0.56868551
0.76080262
0.74488131
0.42079426
0.66904871
0.64086210
0.59498515
0.69204616
0.13220582
0.56998280
0.42492200
0.17454470
0.71209521
0.62635602
0.22384179
0.65890625
0.70843921
0.34012630
0.37963473
0.56644473
0.52658250
0.74724002
0.57552578
0.70796746
0.69098474
0.94112616
0.78792781
0.98936183
0.67683246
0.64451811
0.70171688
0.72105832
0.72436051
0.49521162
0.82354436
0.35817045
0.80302357
0.27726662
0.38482389
0.79748059
0.69298964
0.60972710
0.83168192
0.66102909
0.61656737
0.60394826
0.63873926
0.63767784
0.73285188
0.56833170
0.65831657
0.60170748
0.60736839
0.76941192
0.66032148
0.77200650
0.74193292
0.88864482
0.73084697
0.92131298
0.89666444
0.71138760
0.73296981
0.83156398
0.78733813
0.57010074
0.29306999
0.78828161
0.69452281
0.94655120
0.80031105
0.80243389
0.62470492
0.71386425
0.71976103
0.81965249
0.89713618
0.42574755
0.96376980
0.93782397
1.01353863
0.92437931
0.48636645
0.90633516
0.90798626
0.70784953
0.97756827
1.04903725
0.21511455
1.04290460
1.02804471
0.41442573
0.67341233
0.99089499
0.98511615
1.24563591
0.99183848
1.02568600
1.18973443
1.32170438
1.11873719
1.52113349
1.00917501
1.31863805
1.41251480
1.23914945
1.32771909
1.08076193
1.35625951
0.45098577
1.45131561
0.47398322
0.78580497
1.51405736
1.32618593
1.31887392
1.64484795
1.48138919
1.55568863
1.52537918
1.44836722
1.51582639
1.63576691
1.46051459
1.63246471
1.57762465
1.47690764
1.83401667
1.75075413
1.79250333
1.66914268
1.84297977
1.42902578
2.01964732
1.55993431
1.49907953
1.83047860
1.86161360
1.95454686
1.45131561
1.29375364
1.90123996
1.54531029
2.19360234
1.89699428
1.72610558
1.26875129
1.46841628
1.77009557
2.01893970
2.03002565
2.13604976
2.14277209
2.03297404
2.11069361
1.84003138
1.74709812
1.87859633
1.18784746
2.49598924
-117935.60964750
-117935.60964750
-117935.60964750
-117935.60964750
-117935.60964750
-117935.60964750
-117935.60964750
-117935.60964750
0.00176903
-0.05519387
-0.00695820
0.00129729
-0.02464854
-0.05330690
-0.19919324
-0.00058968
-0.04493347
0.02641758
-0.05519387
0.03066326
-0.01627511
-0.02111047
-0.06203413
-0.04198508
-0.07347388
-0.29943851
-0.02488441
-0.04752805
-0.04222095
0.00271252
-0.18964046
-0.06085477
-0.03620623
-0.21511455
0.02795074
-0.05413244
-0.20343893
-0.01332672
-0.06050097
-0.24648542
-0.15402391
0.00731201
-0.08184731
-0.06663362
-0.12218129
-0.04882534
-0.00271252
-0.04186714
-0.10154256
-0.04021604
-0.29660806
-0.05389657
-0.04564108
-0.04292856
-0.08149351
-0.14600428
-0.01049627
-0.25214633
-0.00365600
-0.21700152
-0.12701665
-0.00884517
-0.04799979
-0.02783280
-0.02688932
-0.08102176
-0.02570996
-0.04033398
0.01863383
-0.01792621
-0.02629964
-0.07630434
0.01132182
-0.02276157
0.00129729
0.01509576
-0.02559203
-0.00625059
-0.04009811
0.00577884
-0.07724782
-0.04068779
-0.29991026
-0.08184731
-0.05318896
-0.01580337
-0.03290404
-0.05684496
-0.21688359
-0.02771487
-0.05755258
0.00117936
-0.07937067
0.00790169
-0.03939049
-0.05531180
-0.08727235
-0.04540521
-0.06085477
-0.23740438
-0.02936597
-0.05932161
-0.06179826
-0.00707614
-0.17996974
-0.05896780
-0.03526275
-0.22572876
0.01934144
-0.05672703
-0.16039243
-0.00235871
-0.04021604
-0.20332099
-0.14954235
0.00731201
-0.07712989
-0.04882534
-0.10791108
-0.03337578
-0.00530710
-0.01792621
-0.06026510
-0.00412775
-0.22443147
-0.05106612
-0.04552315
-0.04682044
-0.08220112
-0.13574389
0.00165110
-0.20909984
0.00176903
-0.22466734
-0.13939989
-0.01332672
-0.04729218
-0.02736106
-0.04104159
-0.10083495
-0.06462871
-0.06179826
0.01049627
-0.02488441
-0.04858947
-0.09116423
-0.03113500
-0.05189167
-0.00919898
-0.00919898
-0.05814226
-0.03998017
-0.06403904
-0.00259458
-0.05118405
-0.03337578
-0.19954705
-0.05590148
-0.05189167
-0.01686479
-0.03137087
-0.04257476
-0.18728175
-0.01686479
-0.04163127
0.01179356
-0.05200960
0.02134635
-0.00636852
-0.02747900
-0.07064343
-0.02842248
-0.03054532
-0.19848563
0.01167563
-0.01132182
-0.01615718
0.03325784
-0.13609769
-0.00306633
0.02063873
-0.16546366
0.06639775
-0.02570996
-0.20520796
0.02582790
-0.00813756
-0.15591088
-0.09989146
0.02712519
-0.04729218
-0.02417680
-0.07205866
-0.02087460
0.01462402
-0.00636852
-0.04752805
0.02335125
-0.10861870
0.00566091
0.00129729
-0.00483536
-0.03714972
-0.09482023
0.04328237
-0.12418620
0.04163127
-0.15968482
-0.09257945
0.03278610
0.00636852
0.01226530
0.02040286
-0.02441267
-0.00082555
-0.02405886
0.02370506
-0.00176903
0.00660439
-0.04222095
0.02052080
-0.01026040
0.01580337
0.03526275
0.00990659
-0.00766581
-0.04729218
-0.00625059
-0.04705631
0.00377394
-0.08550332
-0.02181809
-0.00507123
-0.00117936
-0.00967072
-0.03431926
-0.07960654
0.00507123
-0.04092366
0.01922350
-0.04764599
0.01627511
-0.02453061
-0.03361165
-0.05366070
-0.02618171
-0.03667797
-0.08774409
0.01273705
-0.01273705
-0.02441267
0.01108595
-0.09246152
-0.00837343
-0.01521369
0.01026040
0.03974430
-117935.60964750
-117935.60964750
-117935.60964750
-117935.60964750
-117935.60964750
-117935.60964750
-117935.60964750
0.00011794
-0.06969995
0.00566091
-0.00283045
-0.04811773
-0.08385222
-0.26983667
-0.03443720
-0.06675156
0.00518917
-0.12501175
0.01273705
-0.04646663
-0.07595053
-0.13998957
-0.10107082
-0.13362105
-0.38104995
-0.02594583
-0.08420603
-0.06215207
-0.02028492
-0.20685906
-0.11239264
-0.05861400
-0.31724679
0.02512028
-0.10331159
-0.26830351
-0.03868288
-0.10779315
-0.32467673
-0.19860357
-0.00684027
-0.12123781
-0.11746387
-0.19117362
-0.08585712
-0.02806868
-0.08939519
-0.15343423
-0.07606847
-0.37762982
-0.08113970
-0.08043209
-0.09246152
-0.14482493
-0.23174347
-0.04292856
-0.37668634
-0.03290404
-0.32078486
-0.18645620
-0.04163127
-0.10673173
-0.06356729
-0.09128216
-0.16699682
-0.07901686
-0.08927726
0.00672233
-0.05590148
-0.08774409
-0.13692324
-0.03915462
-0.08656474
-0.02877629
-0.05083025
-0.10838283
-0.09588165
-0.15602881
-0.07583260
-0.17666754
-0.14175860
-0.46336901
-0.14777332
-0.08385222
-0.05448625
-0.08220112
-0.09128216
-0.30026406
-0.08220112
-0.10779315
-0.04457966
-0.14682983
-0.01674686
-0.06840265
-0.09883004
-0.16440224
-0.12253510
-0.13727705
-0.35368889
-0.07005375
-0.13220582
-0.12878569
-0.05307102
-0.23339457
-0.11876116
-0.05837813
-0.30427387
-0.00601472
-0.12053019
-0.23870167
-0.03255023
-0.09446642
-0.30262277
-0.23209728
-0.01981318
-0.14164067
-0.11640245
-0.18020561
-0.09140010
-0.04953296
-0.12347858
-0.16640715
-0.09187184
-0.39909410
-0.11793561
-0.11970464
-0.13126233
-0.17867245
-0.21570423
-0.05672703
-0.26960080
-0.04705631
-0.34118772
-0.23433806
-0.07925273
-0.12925743
-0.07276627
-0.12206336
-0.19766008
-0.13173408
-0.12890362
-0.01061420
-0.07076137
-0.12312478
-0.16982728
-0.08514951
-0.11616658
-0.04646663
-0.05189167
-0.09859417
-0.10024527
-0.15673643
-0.07253040
-0.12571936
-0.12418620
-0.37303033
-0.13480040
-0.12607317
-0.08326254
-0.10248604
-0.08927726
-0.25108491
-0.07370976
-0.09257945
-0.04410792
-0.14388144
-0.01427021
-0.04634869
-0.08514951
-0.15555707
-0.10225017
-0.10979805
-0.28280959
-0.03089913
-0.09092836
-0.10342953
-0.02877629
-0.26948287
-0.09989146
-0.03597036
-0.30285865
0.01957731
-0.13114440
-0.31783647
-0.03608830
-0.07559673
-0.21181235
-0.16345875
-0.01993112
-0.13515421
-0.11534103
-0.15921307
-0.06922820
-0.04398998
-0.10036320
-0.14435319
-0.07571466
-0.25485885
-0.08786203
-0.10331159
-0.11109534
-0.17029902
-0.24011690
-0.03207849
-0.17147838
-0.02877629
-0.21440694
-0.16499192
-0.05519387
-0.09588165
-0.06769504
-0.09033868
-0.14706571
-0.11239264
-0.14954235
-0.05719877
-0.10602411
-0.11286438
-0.15390597
-0.08774409
-0.14128686
-0.08243699
-0.07960654
-0.09741481
-0.13373898
-0.19341440
-0.13939989
-0.16628921
-0.14411731
-0.20556177
-0.12170955
-0.11687419
-0.12925743
-0.16522779
-0.16051036
-0.21641184
-0.13043678
-0.15803372
-0.12642697
-0.22419559
-0.09281532
-0.12147368
-0.15013203
-0.21204823
-0.19058395
-0.20980745
-0.33128113
-0.12064813
-0.16086417
-0.17407296
-0.11286438
-0.27266713
-0.17643167
-0.09871211
-0.22903095
-0.08833377
-0.23115379
-117935.60964750
-117935.60964750
-117935.60964750
-117935.60964750
-117935.60964750
-117935.60964750
0.00660439
0.08408809
0.03278610
0.18551271
0.16652508
0.10319366
-0.10920837
0.30734020
0.15508533
0.37515317
0.30049993
0.31123207
0.13232375
0.21570423
0.29035747
0.49167356
0.49344259
0.26818558
0.34000836
0.33623442
0.25768931
0.37609666
-0.46325107
0.25969421
0.14506080
0.06604394
0.33989043
0.34118772
-0.00589678
0.35840632
0.37503524
0.04351824
0.03762146
0.26901113
0.24117832
0.32951209
0.20721287
0.20237751
0.33293223
0.38954132
0.26759590
0.46950166
0.15308042
0.29047541
0.38163963
0.37821950
0.35085844
0.12784220
0.46289727
0.18103116
0.48247458
0.17572406
0.11510516
0.39921204
0.28941399
0.24837239
0.46726089
0.36123677
0.38116789
0.36725149
0.43400304
0.41926109
0.48837136
0.34460785
0.43541827
0.34177740
0.39579191
0.58283778
0.52375204
0.62057718
0.61739292
0.69534835
0.53389450
0.78521529
0.74087150
0.59333405
0.60064606
0.65525025
0.58637585
0.36418516
-0.04752805
0.64074417
0.39437668
0.80467466
0.59333405
0.61727498
0.40911863
0.44674009
0.53495593
0.73273394
0.69428693
0.32066692
0.72046864
0.71752025
0.71551534
0.69865055
0.01757241
0.52033191
0.34118772
0.14553254
0.70183481
0.64357462
0.17053489
0.59899496
0.62423318
0.22348798
0.41289257
0.53707877
0.59805148
0.70879301
0.54698536
0.57328500
0.64782030
0.82743624
0.58307365
0.90256122
0.75372648
0.77271411
0.85986853
0.83486618
0.82708243
0.45204719
0.79606537
0.01415227
0.77613425
0.29684393
0.44862706
0.79689091
0.65749102
0.53177166
0.81670410
0.66244432
0.71928928
0.69924023
0.68060640
0.67529930
0.77754947
0.60784013
0.66515684
0.57234151
0.57316706
0.69487661
0.63248867
0.76221785
0.68544176
0.78368213
0.47669573
0.79795233
0.56833170
0.66043941
0.90798626
0.93405003
0.86069408
0.65006108
0.16864792
0.72742684
0.56479363
0.93758810
0.78214896
0.79759853
0.58578617
0.72259148
0.76186404
0.82036010
0.85951472
0.35569380
0.87520016
0.84654181
0.95008927
0.85692014
0.32137454
0.79123001
0.70325004
0.51042532
0.91081671
1.11130725
0.69239996
1.07816734
1.00445759
0.21393520
0.47787509
0.95940618
0.93723429
1.22912492
1.01625115
1.01212340
1.16709079
1.21568026
0.99372545
1.39022497
0.56561918
1.22181292
1.37678031
1.29965042
1.43680953
1.27641710
1.33078542
0.37031781
1.38102599
0.35050463
0.74665034
1.44966451
1.23077602
1.20141006
1.48103539
1.25707566
1.46192982
1.54873043
1.47502067
1.56476967
1.59448944
1.47985603
1.55722179
1.50733503
1.42914372
1.73919644
1.61005694
1.76054278
1.72256751
1.90418835
1.54413094
1.93591303
1.18796540
1.32913432
1.68765857
1.83720093
1.97400623
1.52125143
1.26698225
1.83684712
1.47042118
2.16635921
1.89298447
1.73117681
1.27995517
1.47985603
1.77752551
2.05078232
2.07118518
2.10562237
2.11706213
1.99936239
2.07873306
1.79309301
1.72374687
1.74037579
1.12074210
1.74568289
1.94063046
2.28983780
2.52193508
-117935.60964750
-117935.60964750
-117935.60964750
-117935.60964750
-117935.60964750
0.00035381
-0.06380316
-0.01485989
0.00625059
-0.00684027
-0.02618171
-0.14671190
-0.00625059
-0.05342483
0.02512028
-0.06403904
0.03514481
-0.01839796
-0.03962636
-0.08373428
-0.04894328
-0.06333142
-0.22855921
-0.00353807
-0.05542974
-0.06191620
0.00058968
-0.15897720
-0.05259928
-0.00589678
-0.19176330
0.03750352
-0.06887440
-0.21075093
-0.00011794
-0.03939049
-0.19211711
-0.14140480
0.00625059
-0.09104629
-0.06403904
-0.10932631
-0.03278610
-0.00224078
-0.05200960
-0.09906591
-0.02570996
-0.23940929
-0.03644210
-0.04634869
-0.05719877
-0.09658926
-0.14116892
0.00259458
-0.17584199
0.00719407
-0.25556647
-0.17077076
-0.01875176
-0.05507593
-0.01592131
-0.03030945
-0.09257945
-0.04623076
-0.05778845
0.02217189
-0.01427021
-0.03644210
-0.08385222
-0.00872724
-0.04717424
-0.00117936
0.00978866
-0.02158222
-0.03042739
-0.08503157
-0.02641758
-0.08314460
-0.04505140
-0.22053959
-0.06557220
-0.05531180
-0.03125294
-0.04729218
-0.05778845
-0.15237281
-0.01698273
-0.04682044
-0.00259458
-0.09328707
0.01214737
-0.03113500
-0.04788186
-0.09564578
-0.05896780
-0.07312008
-0.20249544
-0.00625059
-0.05767051
-0.06698743
-0.01556750
-0.21546836
-0.06745917
-0.02099254
-0.15131139
0.01792621
-0.07217659
-0.21652978
-0.01120388
-0.03738559
-0.13645150
-0.10201430
0.00566091
-0.08986693
-0.07229453
-0.11994052
-0.03502688
-0.00801962
-0.04682044
-0.09446642
-0.03278610
-0.22631843
-0.04363618
-0.04328237
-0.07076137
-0.12135574
-0.18810730
-0.01462402
-0.16546366
0.00448155
-0.18622033
-0.15331629
-0.03773940
-0.07996034
-0.03880082
-0.04540521
-0.09340500
-0.06757710
-0.08644680
0.00294839
-0.03750352
-0.06333142
-0.09529197
-0.04434379
-0.07984241
-0.02358712
-0.02205396
-0.04363618
-0.03597036
-0.08927726
-0.03549862
-0.10142462
-0.05908574
-0.18928665
-0.03549862
-0.03160674
-0.02476648
-0.06356729
-0.07135104
-0.21570423
-0.01910557
-0.02382299
0.00542504
-0.08149351
0.01485989
-0.01415227
-0.02429474
-0.07253040
-0.03667797
-0.05012263
-0.21983198
0.01615718
-0.01745447
-0.01037833
0.02335125
-0.19081982
-0.03526275
-0.00200491
-0.14612222
0.05413244
-0.02971977
-0.21535042
0.00731201
-0.03184261
-0.17855451
-0.08172938
0.03290404
-0.03597036
-0.03313991
-0.08739029
-0.02252570
0.01945938
-0.00908104
-0.05814226
0.00188697
-0.17430883
-0.01191150
-0.00518917
-0.01615718
-0.05719877
-0.14517874
0.02122841
-0.17053489
0.03172468
-0.10979805
-0.06734123
0.01733653
-0.03573449
-0.02901216
-0.00860930
-0.03726765
0.01533163
-0.02641758
0.02158222
-0.02688932
-0.01898763
-0.05802432
0.00601472
-0.03620623
-0.00530710
0.00648646
-0.00495330
-0.01297292
-0.05519387
-0.01733653
-0.07736576
-0.03691385
-0.15909514
-0.03349371
0.01368053
0.00389188
-0.02736106
-0.05943955
-0.15956688
-0.01828002
-0.04446172
0.01309085
-0.06474665
0.00707614
-0.04233888
-0.06109065
-0.07830924
-0.04021604
-0.05283515
-0.14376351
-0.00094348
-0.03679591
-0.03137087
0.00129729
-0.11262851
-0.04670250
-0.04564108
-0.10519856
0.02594583
-0.03372958
-0.09364087
-0.01014246
-117935.60964750
-117935.60964750
-117935.60964750
-117935.60964750
0.00047174
-0.07312008
-0.02736106
-0.00542504
-0.02960184
-0.05460419
-0.22042165
-0.01332672
-0.06899233
0.02240777
-0.08668267
0.03278610
-0.02877629
-0.05106612
-0.10472682
-0.05542974
-0.07748370
-0.28752702
-0.00389188
-0.05731671
-0.06321349
0.00283045
-0.23457393
-0.07017169
-0.02641758
-0.24778272
0.04528727
-0.07712989
-0.26736003
-0.00400981
-0.04917915
-0.23976309
-0.16699682
0.00955278
-0.10378334
-0.07830924
-0.14152273
-0.05448625
-0.00318426
-0.05991129
-0.13031885
-0.03514481
-0.30167929
-0.04646663
-0.04752805
-0.06061890
-0.11416167
-0.19388614
0.00011794
-0.25485885
0.00919898
-0.29059334
-0.19600898
-0.02111047
-0.07017169
-0.03302197
-0.03549862
-0.11262851
-0.05601941
-0.06793091
0.02677138
-0.01651099
-0.03832907
-0.09965559
-0.00978866
-0.05896780
-0.00353807
0.00566091
-0.04233888
-0.03361165
-0.09552784
-0.02629964
-0.12041226
-0.05330690
-0.29354173
-0.07382769
-0.04764599
-0.01945938
-0.04693837
-0.06757710
-0.24306529
-0.02099254
-0.06309555
0.00837343
-0.10637792
0.02028492
-0.03597036
-0.05318896
-0.10696760
-0.05696290
-0.07736576
-0.28233785
-0.00707614
-0.05637322
-0.06156239
0.00011794
-0.26794971
-0.07052549
-0.02936597
-0.22584669
0.03986224
-0.06616188
-0.25391537
0.00058968
-0.03939049
-0.21994991
-0.14730158
0.02016699
-0.08904139
-0.06439284
-0.13267756
-0.04139540
0.00542504
-0.03620623
-0.10649586
-0.01839796
-0.29059334
-0.04056985
-0.03019152
-0.04894328
-0.10449095
-0.19058395
0.00754788
-0.22926683
0.02370506
-0.23811200
-0.17242186
-0.01639305
-0.06946407
-0.03726765
-0.03184261
-0.10130669
-0.05200960
-0.06557220
0.03054532
-0.01509576
-0.04186714
-0.09293326
-0.02217189
-0.06344936
-0.00459949
-0.00082555
-0.04410792
-0.02146428
-0.07901686
-0.01096801
-0.10248604
-0.04764599
-0.25934041
-0.04587695
-0.02358712
0.00035381
-0.03714972
-0.05507593
-0.24990556
-0.00695820
-0.02618171
0.03266816
-0.07323801
0.03797527
-0.00766581
-0.02217189
-0.07253040
-0.02240777
-0.03431926
-0.25037730
0.03337578
-0.00601472
0.00141523
0.04693837
-0.21794501
-0.02370506
0.00778375
-0.20862809
0.08880551
-0.00884517
-0.21841675
0.04505140
-0.00200491
-0.20249544
-0.09965559
0.06097271
-0.02606377
-0.00483536
-0.07441737
-0.00342013
0.05024057
0.01839796
-0.04363618
0.04375411
-0.18964046
0.01733653
0.02677138
0.02205396
-0.01769034
-0.11239264
0.07300214
-0.17088870
0.07878099
-0.13562595
-0.06344936
0.06793091
0.00613265
0.00849136
0.03160674
-0.02323332
0.04127746
0.00955278
0.06498252
0.02205396
0.02995564
-0.02052080
0.05590148
0.00825549
0.04127746
0.06285968
0.02901216
0.02476648
-0.02052080
0.03431926
-0.03679591
0.02004905
-0.13939989
-0.01026040
0.04410792
0.04623076
0.02264364
-0.02323332
-0.14022544
0.02594583
-0.02700725
0.06946407
-0.02677138
0.05436832
-0.01391640
-0.02948390
-0.04505140
0.00695820
-0.00672233
-0.11286438
0.05259928
0.01285498
0.01155769
0.04764599
-0.08538538
-0.00896311
-0.01733653
-0.08951313
0.08019621
0.00377394
-0.08904139
0.03891875
-0.00365600
-117935.60964750
-117935.60964750
-117935.60964750
0.00990659
0.08833377
0.12512968
0.25238220
0.17737516
0.09340500
-0.38222931
0.19789595
0.06179826
0.32161041
0.26641654
0.25934041
0.13303137
0.18032355
0.20992539
0.47256799
0.47787509
0.14388144
0.39284352
0.45287274
0.47952619
0.42586549
-0.11133122
0.22749779
0.07512498
-0.45688255
0.38057821
0.33293223
0.06026510
0.37656840
0.37574285
-0.00577884
0.00330220
0.26747796
0.30274071
0.37149717
0.23669677
0.17053489
0.33080939
0.34920734
0.20945364
0.43117259
0.07571466
0.26535512
0.40534469
0.41772793
0.43789492
0.20792048
0.44048950
-0.23056412
0.42209155
0.00412775
0.18975840
0.45617494
0.34177740
0.32986590
0.42562962
0.24448052
0.24377291
0.34224914
0.41371812
0.42987530
0.49249911
0.41183115
0.43140846
0.33092732
0.41277463
0.46313314
0.30297658
0.44768357
0.48613058
0.62364350
0.43765905
0.68355479
0.43211607
0.46643534
0.66928458
0.74193292
0.74464544
0.58755521
0.15213694
0.59769767
0.27101603
0.78474355
0.55099517
0.61538801
0.39331526
0.47127070
0.56514744
0.72164800
0.69982991
0.18739968
0.66680794
0.70643430
0.70938269
0.73190839
0.35038670
0.58083288
0.42044045
0.03974430
0.74381989
0.61184994
0.15909514
0.63496532
0.64911760
0.15296249
0.27195952
0.51184055
0.52705424
0.70961856
0.61680324
0.63378597
0.65631167
0.73969214
0.51101500
0.81847313
0.38152170
0.68225750
0.78191309
0.87720506
0.93169132
0.80078279
0.84736736
0.31182175
0.78427180
-0.03101707
0.21063300
0.76634559
0.67246885
0.57222358
0.82142152
0.61232169
0.65914212
0.69063093
0.67636072
0.72565781
0.82248294
0.66610032
0.71822786
0.61338311
0.62317176
0.70761366
0.56691648
0.68532383
0.60996297
0.73591820
0.53566354
0.74134324
0.34401817
0.48577678
0.70301417
0.84194232
0.91293955
0.75384442
0.75525964
0.82083184
0.67848356
0.93098370
0.70313210
0.77896470
0.51018945
0.64357462
0.72530400
0.83604554
0.88935243
0.56255286
0.88180455
0.81693997
0.86281692
0.80278769
0.24507020
0.71822786
0.71079792
0.34224914
0.87284145
0.98075253
0.51514274
1.06708140
1.10199034
0.70902889
0.69546629
0.93216306
0.84418309
1.12935140
0.91317543
0.97296878
1.12722856
1.18737572
1.01707670
1.33573871
0.47893651
1.11979861
1.24999953
1.19103172
1.30908527
1.24433862
1.33915885
0.83875806
1.41982680
0.52245475
0.70195275
1.37571889
1.17345932
1.20577367
1.44188076
1.18029958
1.23738042
1.35213176
1.33915885
1.48999849
1.52714821
1.51794923
1.54507442
1.47749732
1.44435741
1.68506399
1.44931071
1.61949179
1.58198827
1.80028708
1.49648495
1.91834063
1.53622925
1.42289313
1.62137876
1.73400727
1.83271937
1.40425930
1.22924286
1.84887655
1.57113819
2.12873775
1.81078335
1.69143251
1.25200443
1.47726145
1.77080318
2.05467419
2.07083137
1.97259101
2.11092948
2.03934256
2.09276739
1.79887185
1.67633676
1.68152592
1.24197991
1.71997293
1.87364303
2.08368635
1.75452806
1.93850762
2.15680643
2.53726671
-117935.60964750
-117935.60964750
0.00613265
0.01037833
0.05837813
0.15944894
0.12017639
0.07453531
-0.26311435
0.10826489
-0.00330220
0.19612692
0.10661379
0.16829411
0.07937067
0.09611752
0.07630434
0.23504567
0.23775819
-0.06969995
0.23528154
0.25191046
0.27337474
0.26629861
-0.01214737
0.13975370
0.09906591
-0.33470126
0.27089810
0.16157179
-0.12017639
0.24459845
0.23575328
-0.04575902
-0.04340030
0.17949800
0.14376351
0.21511455
0.11970464
0.13196995
0.21959611
0.20001879
0.09104629
0.26016595
-0.07040756
0.14706571
0.22620050
0.22702605
0.22360592
0.09340500
0.27762043
-0.16829411
0.27042635
-0.17501644
-0.01202943
0.26971874
0.19801389
0.22749779
0.27266713
0.13102646
0.12123781
0.16334082
0.25816105
0.25415124
0.28858844
0.21110474
0.26464751
0.18162084
0.25721756
0.28375308
0.16817618
0.23551741
0.20945364
0.32609196
0.19990086
0.35805251
0.12418620
0.22667224
0.35239160
0.40994418
0.41996871
0.33894694
0.14918855
0.37232272
0.18327194
0.46773263
0.26087357
0.37420969
0.20921777
0.25898660
0.29424935
0.40227836
0.38494183
0.04493347
0.41289257
0.39732507
0.39260764
0.43848460
0.10909044
0.33328603
0.27313887
0.04564108
0.46926579
0.33918281
-0.04469760
0.38246518
0.38211138
0.06274174
0.14305589
0.32326151
0.26028389
0.37916299
0.29696187
0.37715808
0.40098107
0.43117259
0.27962533
0.47174244
0.08172938
0.37267653
0.42975736
0.47115276
0.47197831
0.37255859
0.50122634
0.21983198
0.49261704
-0.03644210
0.05731671
0.43541827
0.35191986
0.31712885
0.48330013
0.34083391
0.38329073
0.37432763
0.41324638
0.42008664
0.47245005
0.36477484
0.43506446
0.34802798
0.37975266
0.43152640
0.33092732
0.40499088
0.31701092
0.41702032
0.26146325
0.40333978
0.12170955
0.28493243
0.39355113
0.47575225
0.48683820
0.37715808
0.33599855
0.50676931
0.45299068
0.57953559
0.39095655
0.48294632
0.29979232
0.36725149
0.39520223
0.49084801
0.51337371
0.22266243
0.55406149
0.49002246
0.52658250
0.50051873
0.02936597
0.40121694
0.43081878
0.12913949
0.55028755
0.56090176
0.12949330
0.62470492
0.62812506
0.32951209
0.41407193
0.58684759
0.52245475
0.66810523
0.48742787
0.55476911
0.69074887
0.72070451
0.59604657
0.81823726
0.22124720
0.67447375
0.75360855
0.69865055
0.74051769
0.62647396
0.82106771
0.40322185
0.89359811
0.34696656
0.44909880
0.86364247
0.69381519
0.71327457
0.87413874
0.70513701
0.77389347
0.81139699
0.83439444
0.87708713
0.90940149
0.86694467
0.95516050
0.89631063
0.88687578
1.04290460
0.89277257
0.98688518
0.92532279
1.08312064
0.82885146
1.13583786
0.81847313
0.86175550
1.02521425
1.07557276
1.09326310
0.81021764
0.55547672
1.10847680
0.93888539
1.31875599
1.08807393
1.05068835
0.75502377
0.86953925
1.03099310
1.24268752
1.25035333
1.07887496
1.30177326
1.23797009
1.27747852
1.12722856
0.91777491
1.01176960
0.74924493
0.95221211
1.16402447
1.24056468
0.93935713
1.15364613
1.23065809
1.22959667
1.32158644
-117935.60964750
0.00141523
-0.00058968
0.02582790
0.02476648
0.01391640
-0.00872724
-0.06203413
0.02217189
0.00884517
0.03998017
0.00542504
0.03207849
0.00330220
-0.00684027
-0.01202943
0.00990659
0.00165110
-0.06439284
0.02240777
0.00471742
0.00660439
0.02264364
-0.05083025
-0.00707614
-0.00719407
-0.06132652
0.02948390
-0.00176903
-0.04045191
0.00778375
-0.01544956
-0.09316913
-0.04457966
0.01497782
-0.01096801
-0.00636852
-0.02795074
-0.00424568
0.00813756
-0.00176903
-0.01875176
0.00931691
-0.06757710
0.00023587
-0.00353807
-0.00283045
-0.01474195
-0.04705631
0.01368053
-0.08644680
0.01085008
-0.06120858
-0.02170015
0.01179356
-0.01403434
-0.01155769
-0.01757241
-0.03844701
-0.00577884
-0.00601472
0.01662892
-0.00436362
-0.00978866
-0.02960184
0.00636852
-0.00365600
0.00896311
0.01356260
-0.00330220
-0.00601472
-0.02158222
0.00117936
-0.02936597
-0.01568544
-0.11392580
-0.02924803
-0.01509576
-0.00247665
-0.00908104
-0.01816208
-0.08927726
-0.01155769
-0.02677138
0.00448155
-0.01438814
0.01143975
-0.00153316
-0.01639305
-0.03538068
-0.01356260
-0.01568544
-0.06250587
0.00507123
-0.01002453
-0.01108595
0.00507123
-0.04528727
-0.01226530
-0.01073214
-0.06875646
0.01427021
-0.01497782
-0.03773940
0.00636852
-0.01155769
-0.07323801
-0.06014716
0.00247665
-0.03148881
-0.01556750
-0.02948390
-0.00766581
-0.00766581
-0.02747900
-0.04198508
-0.01403434
-0.07500705
-0.01934144
-0.01969525
-0.03137087
-0.04528727
-0.06120858
-0.01108595
-0.08031415
-0.01061420
-0.08727235
-0.05425038
-0.01721860
-0.02960184
-0.01132182
-0.03561655
-0.06061890
-0.05224548
-0.04434379
-0.00271252
-0.01981318
-0.04186714
-0.05248135
-0.03962636
-0.04245682
-0.02052080
-0.01721860
-0.01816208
-0.01957731
-0.03714972
-0.01391640
-0.03042739
-0.03078119
-0.09234358
-0.02889422
-0.02724313
-0.01344466
-0.01945938
-0.00872724
-0.06474665
-0.01804415
-0.02523822
-0.00908104
-0.03231436
0.00518917
0.00684027
-0.00058968
-0.02901216
-0.02665345
-0.02606377
-0.08538538
0.00235871
-0.00825549
-0.00648646
0.00566091
-0.05755258
-0.00742994
0.01155769
-0.06002923
0.02264364
-0.01226530
-0.07111517
0.01191150
-0.00082555
-0.05047644
-0.03714972
0.01155769
-0.02653551
-0.00908104
-0.01415227
0.01427021
0.01415227
-0.00165110
-0.01792621
0.00212284
-0.05130199
0.00165110
0.00165110
0.00153316
-0.01132182
-0.03361165
0.01981318
-0.02971977
0.01851589
-0.04068779
-0.01851589
0.01875176
0.00766581
0.01096801
0.00884517
-0.00318426
-0.00330220
-0.01969525
-0.00271252
-0.00978866
0.00000000
-0.00459949
0.00165110
-0.01733653
-0.00719407
0.00330220
0.01085008
-0.00577884
-0.01627511
-0.00967072
-0.00613265
-0.00436362
-0.00011794
-0.01226530
-0.00117936
-0.00955278
-0.00648646
-0.01957731
0.02712519
0.00283045
-0.02335125
-0.00188697
-0.03502688
-0.00707614
-0.02806868
-0.02830455
-0.02606377
-0.02677138
-0.04033398
-0.03927256
-0.01757241
-0.02276157
-0.02747900
-0.01910557
-0.00542504
-0.03255023
-0.03750352
0.00365600
-0.01167563
-0.03974430
-0.03915462
-0.03420133
-0.04092366
-0.02122841
-0.03066326
-0.03255023
