1.00000000
0.00000000
0.00000000
0.00000000
0.00000000
0.00000000
0.00000000
0.00000000
0.00000000
0.00000000
0.00000000
0.00000000
0.00000000
0.00000000
0.00000000
0.00000000
0.00000000
0.00000000
0.00000000
0.00000000
0.00000000
0.00000000
0.00000000
0.00000000
0.00000000
0.00000000
0.00000000
0.00000000
0.00000000
0.00000000
0.00000000
0.00000000
0.00000000
0.00000000
0.00000000
0.00000000
0.00000000
0.00000000
0.00000000
0.00000000
0.00000000
0.00000000
0.00000000
0.00000000
0.00000000
0.00000000
0.00000000
0.00000000
0.00000000
0.00000000
0.00000000
0.00000000
0.00000000
0.00000000
0.00000000
0.00000000
0.00000000
0.00000000
0.00000000
0.00000000
0.00000000
0.00000000
0.00000000
0.00000000
0.00000000
0.00000000
0.00000000
0.00000000
0.00000000
0.00000000
0.00000000
0.00000000
0.00000000
0.00000000
0.00000000
0.00000000
0.00000000
0.00000000
0.00000000
0.00000000
0.00000000
0.00000000
0.00000000
0.00000000
0.00000000
0.00000000
0.00000000
0.00000000
0.00000000
0.00000000
0.00000000
0.00000000
0.00000000
0.00000000
0.00000000
0.00000000
0.00000000
0.00000000
0.00000000
0.00000000
0.00000000
0.00000000
0.00000000
0.00000000
0.00000000
0.00000000
0.00000000
0.00000000
0.00000000
0.00000000
0.00000000
0.00000000
0.00000000
0.00000000
0.00000000
0.00000000
0.00000000
0.00000000
0.00000000
0.00000000
0.00000000
0.00000000
0.00000000
0.00000000
0.00000000
0.00000000
0.00000000
0.00000000
0.00000000
0.00000000
0.00000000
0.00000000
0.00000000
0.00000000
0.00000000
0.00000000
0.00000000
0.00000000
0.00000000
0.00000000
0.00000000
0.00000000
0.00000000
0.00000000
0.00000000
0.00000000
0.00000000
0.00000000
0.00000000
0.00000000
0.00000000
0.00000000
0.00000000
0.00000000
0.00000000
0.00000000
0.00000000
0.00000000
0.00000000
0.00000000
0.00000000
0.00000000
0.00000000
0.00000000
0.00000000
0.00000000
0.00000000
0.00000000
0.00000000
0.00000000
0.00000000
0.00000000
0.00000000
0.00000000
0.00000000
0.00000000
0.00000000
0.00000000
0.00000000
0.00000000
0.00000000
0.00000000
0.00000000
0.00000000
0.00000000
0.00000000
0.00000000
0.00000000
0.00000000
0.00000000
0.00000000
0.00000000
0.00000000
0.00000000
0.00000000
0.00000000
0.00000000
0.00000000
0.00000000
0.00000000
0.00000000
0.00000000
0.00000000
0.00000000
0.00000000
0.00000000
0.00000000
0.00000000
0.00000000
0.00000000
0.00000000
0.00000000
0.00000000
0.00000000
0.00000000
0.00000000
0.00000000
0.00000000
0.00000000
0.00000000
0.00000000
0.00000000
0.00000000
0.00000000
0.00000000
0.00000000
0.00000000
0.00000000
0.00000000
0.00000000
0.00000000
0.00000000
0.00000000
0.00000000
0.00000000
0.00000000
0.00000000
0.00000000
0.00000000
0.00000000
0.00000000
0.00000000
0.00000000
0.00000000
0.00000000
0.00000000
0.00000000
0.00000000
0.00000000
0.00000000
0.00000000
0.00000000
0.00000000
0.00000000
0.00000000
0.00000000
0.43671497
0.56328503
0.00000000
0.00000000
0.00000000
0.00000000
0.00000000
0.00000000
0.00000000
0.00000000
0.00000000
0.00000000
0.00000000
0.00000000
0.00000000
0.00000000
0.00000000
0.00000000
0.00000000
0.00000000
0.00000000
0.00000000
0.00000000
0.00000000
0.00000000
0.00000000
0.00000000
0.00000000
0.00000000
0.00000000
0.00000000
0.00000000
0.00000000
0.00000000
0.00000000
0.00000000
0.00000000
0.00000000
0.00000000
0.00000000
0.00000000
0.00000000
0.00000000
0.00000000
0.00000000
0.00000000
0.00000000
0.00000000
0.00000000
0.00000000
0.00000000
0.00000000
0.00000000
0.00000000
0.00000000
0.00000000
0.00000000
0.00000000
0.00000000
0.00000000
0.00000000
0.00000000
0.00000000
0.00000000
0.00000000
0.00000000
0.00000000
0.00000000
0.00000000
0.00000000
0.00000000
0.00000000
0.00000000
0.00000000
0.00000000
0.00000000
0.00000000
0.00000000
0.00000000
0.00000000
0.00000000
0.00000000
0.00000000
0.00000000
0.00000000
0.00000000
0.00000000
0.00000000
0.00000000
0.00000000
0.00000000
0.00000000
0.00000000
0.00000000
0.00000000
0.00000000
0.00000000
0.00000000
0.00000000
0.00000000
0.00000000
0.00000000
0.00000000
0.00000000
0.00000000
0.00000000
0.00000000
0.00000000
0.00000000
0.00000000
0.00000000
0.00000000
0.00000000
0.00000000
0.00000000
0.00000000
0.00000000
0.00000000
0.00000000
0.00000000
0.00000000
0.00000000
0.00000000
0.00000000
0.00000000
0.00000000
0.00000000
0.00000000
0.00000000
0.00000000
0.00000000
0.00000000
0.00000000
0.00000000
0.00000000
0.00000000
0.00000000
0.00000000
0.00000000
0.00000000
0.00000000
0.00000000
0.00000000
0.00000000
0.00000000
0.00000000
0.00000000
0.00000000
0.00000000
0.00000000
0.00000000
0.00000000
0.00000000
0.00000000
0.00000000
0.00000000
0.00000000
0.00000000
0.00000000
0.00000000
0.00000000
0.00000000
0.00000000
0.00000000
0.00000000
0.00000000
0.00000000
0.00000000
0.00000000
0.00000000
0.00000000
0.00000000
0.00000000
0.00000000
0.00000000
0.00000000
0.00000000
0.00000000
0.00000000
0.00000000
0.00000000
0.00000000
0.00000000
0.00000000
0.00000000
0.00000000
0.00000000
0.00000000
0.00000000
0.00000000
0.00000000
0.00000000
0.00000000
0.00000000
0.00000000
0.00000000
0.00000000
0.00000000
0.00000000
0.00000000
0.00000000
0.00000000
0.00000000
0.00000000
0.00000000
0.00000000
0.00000000
0.00000000
0.00000000
0.00000000
0.00000000
0.00000000
0.00000000
0.00000000
0.00000000
0.00000000
0.00000000
0.00000000
0.00000000
0.00000000
0.00000000
0.00000000
0.00000000
0.00000000
0.00000000
0.00000000
0.00000000
0.00000000
0.00000000
0.00000000
0.00000000
0.00000000
0.00000000
0.00000000
0.00000000
0.00000000
0.00000000
0.00000000
0.00000000
0.00000000
0.00000000
0.00000000
0.00000000
0.00000000
0.00000000
0.00000000
0.00000000
0.00000000
0.00000000
0.00000000
0.00000000
0.00000000
0.00000000
0.00000000
0.00000000
0.00000000
0.27574004
0.34855519
0.37570477
0.00000000
0.00000000
0.00000000
0.00000000
0.00000000
0.00000000
0.00000000
0.00000000
0.00000000
0.00000000
0.00000000
0.00000000
0.00000000
0.00000000
0.00000000
0.00000000
0.00000000
0.00000000
0.00000000
0.00000000
0.00000000
0.00000000
0.00000000
0.00000000
0.00000000
0.00000000
0.00000000
0.00000000
0.00000000
0.00000000
0.00000000
0.00000000
0.00000000
0.00000000
0.00000000
0.00000000
0.00000000
0.00000000
0.00000000
0.00000000
0.00000000
0.00000000
0.00000000
0.00000000
0.00000000
0.00000000
0.00000000
0.00000000
0.00000000
0.00000000
0.00000000
0.00000000
0.00000000
0.00000000
0.00000000
0.00000000
0.00000000
0.00000000
0.00000000
0.00000000
0.00000000
0.00000000
0.00000000
0.00000000
0.00000000
0.00000000
0.00000000
0.00000000
0.00000000
0.00000000
0.00000000
0.00000000
0.00000000
0.00000000
0.00000000
0.00000000
0.00000000
0.00000000
0.00000000
0.00000000
0.00000000
0.00000000
0.00000000
0.00000000
0.00000000
0.00000000
0.00000000
0.00000000
0.00000000
0.00000000
0.00000000
0.00000000
0.00000000
0.00000000
0.00000000
0.00000000
0.00000000
0.00000000
0.00000000
0.00000000
0.00000000
0.00000000
0.00000000
0.00000000
0.00000000
0.00000000
0.00000000
0.00000000
0.00000000
0.00000000
0.00000000
0.00000000
0.00000000
0.00000000
0.00000000
0.00000000
0.00000000
0.00000000
0.00000000
0.00000000
0.00000000
0.00000000
0.00000000
0.00000000
0.00000000
0.00000000
0.00000000
0.00000000
0.00000000
0.00000000
0.00000000
0.00000000
0.00000000
0.00000000
0.00000000
0.00000000
0.00000000
0.00000000
0.00000000
0.00000000
0.00000000
0.00000000
0.00000000
0.00000000
0.00000000
0.00000000
0.00000000
0.00000000
0.00000000
0.00000000
0.00000000
0.00000000
0.00000000
0.00000000
0.00000000
0.00000000
0.00000000
0.00000000
0.00000000
0.00000000
0.00000000
0.00000000
0.00000000
0.00000000
0.00000000
0.00000000
0.00000000
0.00000000
0.00000000
0.00000000
0.00000000
0.00000000
0.00000000
0.00000000
0.00000000
0.00000000
0.00000000
0.00000000
0.00000000
0.00000000
0.00000000
0.00000000
0.00000000
0.00000000
0.00000000
0.00000000
0.00000000
0.00000000
0.00000000
0.00000000
0.00000000
0.00000000
0.00000000
0.00000000
0.00000000
0.00000000
0.00000000
0.00000000
0.00000000
0.00000000
0.00000000
0.00000000
0.00000000
0.00000000
0.00000000
0.00000000
0.00000000
0.00000000
0.00000000
0.00000000
0.00000000
0.00000000
0.00000000
0.00000000
0.00000000
0.00000000
0.00000000
0.00000000
0.00000000
0.00000000
0.00000000
0.00000000
0.00000000
0.00000000
0.00000000
0.00000000
0.00000000
0.00000000
0.00000000
0.00000000
0.00000000
0.00000000
0.00000000
0.00000000
0.00000000
0.00000000
0.00000000
0.00000000
0.00000000
0.00000000
0.00000000
0.00000000
0.00000000
0.00000000
0.00000000
0.00000000
0.00000000
0.00000000
0.00000000
0.00000000
0.00000000
0.00000000
0.00000000
0.23927349
0.24745256
0.25709097
0.25618298
0.00000000
0.00000000
0.00000000
0.00000000
0.00000000
0.00000000
0.00000000
0.00000000
0.00000000
0.00000000
0.00000000
0.00000000
0.00000000
0.00000000
0.00000000
0.00000000
0.00000000
0.00000000
0.00000000
0.00000000
0.00000000
0.00000000
0.00000000
0.00000000
0.00000000
0.00000000
0.00000000
0.00000000
0.00000000
0.00000000
0.00000000
0.00000000
0.00000000
0.00000000
0.00000000
0.00000000
0.00000000
0.00000000
0.00000000
0.00000000
0.00000000
0.00000000
0.00000000
0.00000000
0.00000000
0.00000000
0.00000000
0.00000000
0.00000000
0.00000000
0.00000000
0.00000000
0.00000000
0.00000000
0.00000000
0.00000000
0.00000000
0.00000000
0.00000000
0.00000000
0.00000000
0.00000000
0.00000000
0.00000000
0.00000000
0.00000000
0.00000000
0.00000000
0.00000000
0.00000000
0.00000000
0.00000000
0.00000000
0.00000000
0.00000000
0.00000000
0.00000000
0.00000000
0.00000000
0.00000000
0.00000000
0.00000000
0.00000000
0.00000000
0.00000000
0.00000000
0.00000000
0.00000000
0.00000000
0.00000000
0.00000000
0.00000000
0.00000000
0.00000000
0.00000000
0.00000000
0.00000000
0.00000000
0.00000000
0.00000000
0.00000000
0.00000000
0.00000000
0.00000000
0.00000000
0.00000000
0.00000000
0.00000000
0.00000000
0.00000000
0.00000000
0.00000000
0.00000000
0.00000000
0.00000000
0.00000000
0.00000000
0.00000000
0.00000000
0.00000000
0.00000000
0.00000000
0.00000000
0.00000000
0.00000000
0.00000000
0.00000000
0.00000000
0.00000000
0.00000000
0.00000000
0.00000000
0.00000000
0.00000000
0.00000000
0.00000000
0.00000000
0.00000000
0.00000000
0.00000000
0.00000000
0.00000000
0.00000000
0.00000000
0.00000000
0.00000000
0.00000000
0.00000000
0.00000000
0.00000000
0.00000000
0.00000000
0.00000000
0.00000000
0.00000000
0.00000000
0.00000000
0.00000000
0.00000000
0.00000000
0.00000000
0.00000000
0.00000000
0.00000000
0.00000000
0.00000000
0.00000000
0.00000000
0.00000000
0.00000000
0.00000000
0.00000000
0.00000000
0.00000000
0.00000000
0.00000000
0.00000000
0.00000000
0.00000000
0.00000000
0.00000000
0.00000000
0.00000000
0.00000000
0.00000000
0.00000000
0.00000000
0.00000000
0.00000000
0.00000000
0.00000000
0.00000000
0.00000000
0.00000000
0.00000000
0.00000000
0.00000000
0.00000000
0.00000000
0.00000000
0.00000000
0.00000000
0.00000000
0.00000000
0.00000000
0.00000000
0.00000000
0.00000000
0.00000000
0.00000000
0.00000000
0.00000000
0.00000000
0.00000000
0.00000000
0.00000000
0.00000000
0.00000000
0.00000000
0.00000000
0.00000000
0.00000000
0.00000000
0.00000000
0.00000000
0.00000000
0.00000000
0.00000000
0.00000000
0.00000000
0.00000000
0.00000000
0.00000000
0.00000000
0.00000000
0.00000000
0.00000000
0.00000000
0.00000000
0.00000000
0.00000000
0.00000000
0.00000000
0.00000000
0.00000000
0.00000000
0.00000000
0.00000000
0.00000000
0.00000000
0.00000000
0.00000000
0.20887915
0.19677883
0.20230881
0.20130919
0.19072402
0.00000000
0.00000000
0.00000000
0.00000000
0.00000000
0.00000000
0.00000000
0.00000000
0.00000000
0.00000000
0.00000000
0.00000000
0.00000000
0.00000000
0.00000000
0.00000000
0.00000000
0.00000000
0.00000000
0.00000000
0.00000000
0.00000000
0.00000000
0.00000000
0.00000000
0.00000000
0.00000000
0.00000000
0.00000000
0.00000000
0.00000000
0.00000000
0.00000000
0.00000000
0.00000000
0.00000000
0.00000000
0.00000000
0.00000000
0.00000000
0.00000000
0.00000000
0.00000000
0.00000000
0.00000000
0.00000000
0.00000000
0.00000000
0.00000000
0.00000000
0.00000000
0.00000000
0.00000000
0.00000000
0.00000000
0.00000000
0.00000000
0.00000000
0.00000000
0.00000000
0.00000000
0.00000000
0.00000000
0.00000000
0.00000000
0.00000000
0.00000000
0.00000000
0.00000000
0.00000000
0.00000000
0.00000000
0.00000000
0.00000000
0.00000000
0.00000000
0.00000000
0.00000000
0.00000000
0.00000000
0.00000000
0.00000000
0.00000000
0.00000000
0.00000000
0.00000000
0.00000000
0.00000000
0.00000000
0.00000000
0.00000000
0.00000000
0.00000000
0.00000000
0.00000000
0.00000000
0.00000000
0.00000000
0.00000000
0.00000000
0.00000000
0.00000000
0.00000000
0.00000000
0.00000000
0.00000000
0.00000000
0.00000000
0.00000000
0.00000000
0.00000000
0.00000000
0.00000000
0.00000000
0.00000000
0.00000000
0.00000000
0.00000000
0.00000000
0.00000000
0.00000000
0.00000000
0.00000000
0.00000000
0.00000000
0.00000000
0.00000000
0.00000000
0.00000000
0.00000000
0.00000000
0.00000000
0.00000000
0.00000000
0.00000000
0.00000000
0.00000000
0.00000000
0.00000000
0.00000000
0.00000000
0.00000000
0.00000000
0.00000000
0.00000000
0.00000000
0.00000000
0.00000000
0.00000000
0.00000000
0.00000000
0.00000000
0.00000000
0.00000000
0.00000000
0.00000000
0.00000000
0.00000000
0.00000000
0.00000000
0.00000000
0.00000000
0.00000000
0.00000000
0.00000000
0.00000000
0.00000000
0.00000000
0.00000000
0.00000000
0.00000000
0.00000000
0.00000000
0.00000000
0.00000000
0.00000000
0.00000000
0.00000000
0.00000000
0.00000000
0.00000000
0.00000000
0.00000000
0.00000000
0.00000000
0.00000000
0.00000000
0.00000000
0.00000000
0.00000000
0.00000000
0.00000000
0.00000000
0.00000000
0.00000000
0.00000000
0.00000000
0.00000000
0.00000000
0.00000000
0.00000000
0.00000000
0.00000000
0.00000000
0.00000000
0.00000000
0.00000000
0.00000000
0.00000000
0.00000000
0.00000000
0.00000000
0.00000000
0.00000000
0.00000000
0.00000000
0.00000000
0.00000000
0.00000000
0.00000000
0.00000000
0.00000000
0.00000000
0.00000000
0.00000000
0.00000000
0.00000000
0.00000000
0.00000000
0.00000000
0.00000000
0.00000000
0.00000000
0.00000000
0.00000000
0.00000000
0.00000000
0.00000000
0.00000000
0.00000000
0.00000000
0.00000000
0.00000000
0.00000000
0.00000000
0.00000000
0.00000000
0.00000000
0.00000000
0.00000000
0.00000000
0.15555435
0.16447831
0.17401681
0.17504598
0.16910056
0.16180399
0.00000000
0.00000000
0.00000000
0.00000000
0.00000000
0.00000000
0.00000000
0.00000000
0.00000000
0.00000000
0.00000000
0.00000000
0.00000000
0.00000000
0.00000000
0.00000000
0.00000000
0.00000000
0.00000000
0.00000000
0.00000000
0.00000000
0.00000000
0.00000000
0.00000000
0.00000000
0.00000000
0.00000000
0.00000000
0.00000000
0.00000000
0.00000000
0.00000000
0.00000000
0.00000000
0.00000000
0.00000000
0.00000000
0.00000000
0.00000000
0.00000000
0.00000000
0.00000000
0.00000000
0.00000000
0.00000000
0.00000000
0.00000000
0.00000000
0.00000000
0.00000000
0.00000000
0.00000000
0.00000000
0.00000000
0.00000000
0.00000000
0.00000000
0.00000000
0.00000000
0.00000000
0.00000000
0.00000000
0.00000000
0.00000000
0.00000000
0.00000000
0.00000000
0.00000000
0.00000000
0.00000000
0.00000000
0.00000000
0.00000000
0.00000000
0.00000000
0.00000000
0.00000000
0.00000000
0.00000000
0.00000000
0.00000000
0.00000000
0.00000000
0.00000000
0.00000000
0.00000000
0.00000000
0.00000000
0.00000000
0.00000000
0.00000000
0.00000000
0.00000000
0.00000000
0.00000000
0.00000000
0.00000000
0.00000000
0.00000000
0.00000000
0.00000000
0.00000000
0.00000000
0.00000000
0.00000000
0.00000000
0.00000000
0.00000000
0.00000000
0.00000000
0.00000000
0.00000000
0.00000000
0.00000000
0.00000000
0.00000000
0.00000000
0.00000000
0.00000000
0.00000000
0.00000000
0.00000000
0.00000000
0.00000000
0.00000000
0.00000000
0.00000000
0.00000000
0.00000000
0.00000000
0.00000000
0.00000000
0.00000000
0.00000000
0.00000000
0.00000000
0.00000000
0.00000000
0.00000000
0.00000000
0.00000000
0.00000000
0.00000000
0.00000000
0.00000000
0.00000000
0.00000000
0.00000000
0.00000000
0.00000000
0.00000000
0.00000000
0.00000000
0.00000000
0.00000000
0.00000000
0.00000000
0.00000000
0.00000000
0.00000000
0.00000000
0.00000000
0.00000000
0.00000000
0.00000000
0.00000000
0.00000000
0.00000000
0.00000000
0.00000000
0.00000000
0.00000000
0.00000000
0.00000000
0.00000000
0.00000000
0.00000000
0.00000000
0.00000000
0.00000000
0.00000000
0.00000000
0.00000000
0.00000000
0.00000000
0.00000000
0.00000000
0.00000000
0.00000000
0.00000000
0.00000000
0.00000000
0.00000000
0.00000000
0.00000000
0.00000000
0.00000000
0.00000000
0.00000000
0.00000000
0.00000000
0.00000000
0.00000000
0.00000000
0.00000000
0.00000000
0.00000000
0.00000000
0.00000000
0.00000000
0.00000000
0.00000000
0.00000000
0.00000000
0.00000000
0.00000000
0.00000000
0.00000000
0.00000000
0.00000000
0.00000000
0.00000000
0.00000000
0.00000000
0.00000000
0.00000000
0.00000000
0.00000000
0.00000000
0.00000000
0.00000000
0.00000000
0.00000000
0.00000000
0.00000000
0.00000000
0.00000000
0.00000000
0.00000000
0.00000000
0.00000000
0.00000000
0.00000000
0.00000000
0.00000000
0.00000000
0.00000000
0.00000000
0.00000000
0.02367451
0.09746648
0.15660514
0.15060958
0.19471845
0.10222277
0.27470307
0.00000000
0.00000000
0.00000000
0.00000000
0.00000000
0.00000000
0.00000000
0.00000000
0.00000000
0.00000000
0.00000000
0.00000000
0.00000000
0.00000000
0.00000000
0.00000000
0.00000000
0.00000000
0.00000000
0.00000000
0.00000000
0.00000000
0.00000000
0.00000000
0.00000000
0.00000000
0.00000000
0.00000000
0.00000000
0.00000000
0.00000000
0.00000000
0.00000000
0.00000000
0.00000000
0.00000000
0.00000000
0.00000000
0.00000000
0.00000000
0.00000000
0.00000000
0.00000000
0.00000000
0.00000000
0.00000000
0.00000000
0.00000000
0.00000000
0.00000000
0.00000000
0.00000000
0.00000000
0.00000000
0.00000000
0.00000000
0.00000000
0.00000000
0.00000000
0.00000000
0.00000000
0.00000000
0.00000000
0.00000000
0.00000000
0.00000000
0.00000000
0.00000000
0.00000000
0.00000000
0.00000000
0.00000000
0.00000000
0.00000000
0.00000000
0.00000000
0.00000000
0.00000000
0.00000000
0.00000000
0.00000000
0.00000000
0.00000000
0.00000000
0.00000000
0.00000000
0.00000000
0.00000000
0.00000000
0.00000000
0.00000000
0.00000000
0.00000000
0.00000000
0.00000000
0.00000000
0.00000000
0.00000000
0.00000000
0.00000000
0.00000000
0.00000000
0.00000000
0.00000000
0.00000000
0.00000000
0.00000000
0.00000000
0.00000000
0.00000000
0.00000000
0.00000000
0.00000000
0.00000000
0.00000000
0.00000000
0.00000000
0.00000000
0.00000000
0.00000000
0.00000000
0.00000000
0.00000000
0.00000000
0.00000000
0.00000000
0.00000000
0.00000000
0.00000000
0.00000000
0.00000000
0.00000000
0.00000000
0.00000000
0.00000000
0.00000000
0.00000000
0.00000000
0.00000000
0.00000000
0.00000000
0.00000000
0.00000000
0.00000000
0.00000000
0.00000000
0.00000000
0.00000000
0.00000000
0.00000000
0.00000000
0.00000000
0.00000000
0.00000000
0.00000000
0.00000000
0.00000000
0.00000000
0.00000000
0.00000000
0.00000000
0.00000000
0.00000000
0.00000000
0.00000000
0.00000000
0.00000000
0.00000000
0.00000000
0.00000000
0.00000000
0.00000000
0.00000000
0.00000000
0.00000000
0.00000000
0.00000000
0.00000000
0.00000000
0.00000000
0.00000000
0.00000000
0.00000000
0.00000000
0.00000000
0.00000000
0.00000000
0.00000000
0.00000000
0.00000000
0.00000000
0.00000000
0.00000000
0.00000000
0.00000000
0.00000000
0.00000000
0.00000000
0.00000000
0.00000000
0.00000000
0.00000000
0.00000000
0.00000000
0.00000000
0.00000000
0.00000000
0.00000000
0.00000000
0.00000000
0.00000000
0.00000000
0.00000000
0.00000000
0.00000000
0.00000000
0.00000000
0.00000000
0.00000000
0.00000000
0.00000000
0.00000000
0.00000000
0.00000000
0.00000000
0.00000000
0.00000000
0.00000000
0.00000000
0.00000000
0.00000000
0.00000000
0.00000000
0.00000000
0.00000000
0.00000000
0.00000000
0.00000000
0.00000000
0.00000000
0.00000000
0.00000000
0.00000000
0.00000000
0.00000000
0.00000000
0.00000000
0.00000000
0.00000000
0.13543272
0.12446606
0.12625495
0.12701663
0.12309386
0.12524649
0.11453592
0.12395336
0.00000000
0.00000000
0.00000000
0.00000000
0.00000000
0.00000000
0.00000000
0.00000000
0.00000000
0.00000000
0.00000000
0.00000000
0.00000000
0.00000000
0.00000000
0.00000000
0.00000000
0.00000000
0.00000000
0.00000000
0.00000000
0.00000000
0.00000000
0.00000000
0.00000000
0.00000000
0.00000000
0.00000000
0.00000000
0.00000000
0.00000000
0.00000000
0.00000000
0.00000000
0.00000000
0.00000000
0.00000000
0.00000000
0.00000000
0.00000000
0.00000000
0.00000000
0.00000000
0.00000000
0.00000000
0.00000000
0.00000000
0.00000000
0.00000000
0.00000000
0.00000000
0.00000000
0.00000000
0.00000000
0.00000000
0.00000000
0.00000000
0.00000000
0.00000000
0.00000000
0.00000000
0.00000000
0.00000000
0.00000000
0.00000000
0.00000000
0.00000000
0.00000000
0.00000000
0.00000000
0.00000000
0.00000000
0.00000000
0.00000000
0.00000000
0.00000000
0.00000000
0.00000000
0.00000000
0.00000000
0.00000000
0.00000000
0.00000000
0.00000000
0.00000000
0.00000000
0.00000000
0.00000000
0.00000000
0.00000000
0.00000000
0.00000000
0.00000000
0.00000000
0.00000000
0.00000000
0.00000000
0.00000000
0.00000000
0.00000000
0.00000000
0.00000000
0.00000000
0.00000000
0.00000000
0.00000000
0.00000000
0.00000000
0.00000000
0.00000000
0.00000000
0.00000000
0.00000000
0.00000000
0.00000000
0.00000000
0.00000000
0.00000000
0.00000000
0.00000000
0.00000000
0.00000000
0.00000000
0.00000000
0.00000000
0.00000000
0.00000000
0.00000000
0.00000000
0.00000000
0.00000000
0.00000000
0.00000000
0.00000000
0.00000000
0.00000000
0.00000000
0.00000000
0.00000000
0.00000000
0.00000000
0.00000000
0.00000000
0.00000000
0.00000000
0.00000000
0.00000000
0.00000000
0.00000000
0.00000000
0.00000000
0.00000000
0.00000000
0.00000000
0.00000000
0.00000000
0.00000000
0.00000000
0.00000000
0.00000000
0.00000000
0.00000000
0.00000000
0.00000000
0.00000000
0.00000000
0.00000000
0.00000000
0.00000000
0.00000000
0.00000000
0.00000000
0.00000000
0.00000000
0.00000000
0.00000000
0.00000000
0.00000000
0.00000000
0.00000000
0.00000000
0.00000000
0.00000000
0.00000000
0.00000000
0.00000000
0.00000000
0.00000000
0.00000000
0.00000000
0.00000000
0.00000000
0.00000000
0.00000000
0.00000000
0.00000000
0.00000000
0.00000000
0.00000000
0.00000000
0.00000000
0.00000000
0.00000000
0.00000000
0.00000000
0.00000000
0.00000000
0.00000000
0.00000000
0.00000000
0.00000000
0.00000000
0.00000000
0.00000000
0.00000000
0.00000000
0.00000000
0.00000000
0.00000000
0.00000000
0.00000000
0.00000000
0.00000000
0.00000000
0.00000000
0.00000000
0.00000000
0.00000000
0.00000000
0.00000000
0.00000000
0.00000000
0.00000000
0.00000000
0.00000000
0.00000000
0.00000000
0.00000000
0.00000000
0.00000000
0.00000000
0.00000000
0.00000000
0.00000000
0.00000000
0.00000000
0.00000000
0.00000000
0.10155691
0.11122417
0.11855190
0.12081018
0.11734173
0.11245079
0.09234793
0.11509398
0.11062241
0.00000000
0.00000000
0.00000000
0.00000000
0.00000000
0.00000000
0.00000000
0.00000000
0.00000000
0.00000000
0.00000000
0.00000000
0.00000000
0.00000000
0.00000000
0.00000000
0.00000000
0.00000000
0.00000000
0.00000000
0.00000000
0.00000000
0.00000000
0.00000000
0.00000000
0.00000000
0.00000000
0.00000000
0.00000000
0.00000000
0.00000000
0.00000000
0.00000000
0.00000000
0.00000000
0.00000000
0.00000000
0.00000000
0.00000000
0.00000000
0.00000000
0.00000000
0.00000000
0.00000000
0.00000000
0.00000000
0.00000000
0.00000000
0.00000000
0.00000000
0.00000000
0.00000000
0.00000000
0.00000000
0.00000000
0.00000000
0.00000000
0.00000000
0.00000000
0.00000000
0.00000000
0.00000000
0.00000000
0.00000000
0.00000000
0.00000000
0.00000000
0.00000000
0.00000000
0.00000000
0.00000000
0.00000000
0.00000000
0.00000000
0.00000000
0.00000000
0.00000000
0.00000000
0.00000000
0.00000000
0.00000000
0.00000000
0.00000000
0.00000000
0.00000000
0.00000000
0.00000000
0.00000000
0.00000000
0.00000000
0.00000000
0.00000000
0.00000000
0.00000000
0.00000000
0.00000000
0.00000000
0.00000000
0.00000000
0.00000000
0.00000000
0.00000000
0.00000000
0.00000000
0.00000000
0.00000000
0.00000000
0.00000000
0.00000000
0.00000000
0.00000000
0.00000000
0.00000000
0.00000000
0.00000000
0.00000000
0.00000000
0.00000000
0.00000000
0.00000000
0.00000000
0.00000000
0.00000000
0.00000000
0.00000000
0.00000000
0.00000000
0.00000000
0.00000000
0.00000000
0.00000000
0.00000000
0.00000000
0.00000000
0.00000000
0.00000000
0.00000000
0.00000000
0.00000000
0.00000000
0.00000000
0.00000000
0.00000000
0.00000000
0.00000000
0.00000000
0.00000000
0.00000000
0.00000000
0.00000000
0.00000000
0.00000000
0.00000000
0.00000000
0.00000000
0.00000000
0.00000000
0.00000000
0.00000000
0.00000000
0.00000000
0.00000000
0.00000000
0.00000000
0.00000000
0.00000000
0.00000000
0.00000000
0.00000000
0.00000000
0.00000000
0.00000000
0.00000000
0.00000000
0.00000000
0.00000000
0.00000000
0.00000000
0.00000000
0.00000000
0.00000000
0.00000000
0.00000000
0.00000000
0.00000000
0.00000000
0.00000000
0.00000000
0.00000000
0.00000000
0.00000000
0.00000000
0.00000000
0.00000000
0.00000000
0.00000000
0.00000000
0.00000000
0.00000000
0.00000000
0.00000000
0.00000000
0.00000000
0.00000000
0.00000000
0.00000000
0.00000000
0.00000000
0.00000000
0.00000000
0.00000000
0.00000000
0.00000000
0.00000000
0.00000000
0.00000000
0.00000000
0.00000000
0.00000000
0.00000000
0.00000000
0.00000000
0.00000000
0.00000000
0.00000000
0.00000000
0.00000000
0.00000000
0.00000000
0.00000000
0.00000000
0.00000000
0.00000000
0.00000000
0.00000000
0.00000000
0.00000000
0.00000000
0.00000000
0.00000000
0.00000000
0.00000000
0.00000000
0.00000000
0.00000000
0.00000000
0.00000000
0.09172623
0.09559168
0.10295246
0.10258885
0.10204584
0.09482814
0.09584003
0.10590811
0.09920967
0.10930899
0.00000000
0.00000000
0.00000000
0.00000000
0.00000000
0.00000000
0.00000000
0.00000000
0.00000000
0.00000000
0.00000000
0.00000000
0.00000000
0.00000000
0.00000000
0.00000000
0.00000000
0.00000000
0.00000000
0.00000000
0.00000000
0.00000000
0.00000000
0.00000000
0.00000000
0.00000000
0.00000000
0.00000000
0.00000000
0.00000000
0.00000000
0.00000000
0.00000000
0.00000000
0.00000000
0.00000000
0.00000000
0.00000000
0.00000000
0.00000000
0.00000000
0.00000000
0.00000000
0.00000000
0.00000000
0.00000000
0.00000000
0.00000000
0.00000000
0.00000000
0.00000000
0.00000000
0.00000000
0.00000000
0.00000000
0.00000000
0.00000000
0.00000000
0.00000000
0.00000000
0.00000000
0.00000000
0.00000000
0.00000000
0.00000000
0.00000000
0.00000000
0.00000000
0.00000000
0.00000000
0.00000000
0.00000000
0.00000000
0.00000000
0.00000000
0.00000000
0.00000000
0.00000000
0.00000000
0.00000000
0.00000000
0.00000000
0.00000000
0.00000000
0.00000000
0.00000000
0.00000000
0.00000000
0.00000000
0.00000000
0.00000000
0.00000000
0.00000000
0.00000000
0.00000000
0.00000000
0.00000000
0.00000000
0.00000000
0.00000000
0.00000000
0.00000000
0.00000000
0.00000000
0.00000000
0.00000000
0.00000000
0.00000000
0.00000000
0.00000000
0.00000000
0.00000000
0.00000000
0.00000000
0.00000000
0.00000000
0.00000000
0.00000000
0.00000000
0.00000000
0.00000000
0.00000000
0.00000000
0.00000000
0.00000000
0.00000000
0.00000000
0.00000000
0.00000000
0.00000000
0.00000000
0.00000000
0.00000000
0.00000000
0.00000000
0.00000000
0.00000000
0.00000000
0.00000000
0.00000000
0.00000000
0.00000000
0.00000000
0.00000000
0.00000000
0.00000000
0.00000000
0.00000000
0.00000000
0.00000000
0.00000000
0.00000000
0.00000000
0.00000000
0.00000000
0.00000000
0.00000000
0.00000000
0.00000000
0.00000000
0.00000000
0.00000000
0.00000000
0.00000000
0.00000000
0.00000000
0.00000000
0.00000000
0.00000000
0.00000000
0.00000000
0.00000000
0.00000000
0.00000000
0.00000000
0.00000000
0.00000000
0.00000000
0.00000000
0.00000000
0.00000000
0.00000000
0.00000000
0.00000000
0.00000000
0.00000000
0.00000000
0.00000000
0.00000000
0.00000000
0.00000000
0.00000000
0.00000000
0.00000000
0.00000000
0.00000000
0.00000000
0.00000000
0.00000000
0.00000000
0.00000000
0.00000000
0.00000000
0.00000000
0.00000000
0.00000000
0.00000000
0.00000000
0.00000000
0.00000000
0.00000000
0.00000000
0.00000000
0.00000000
0.00000000
0.00000000
0.00000000
0.00000000
0.00000000
0.00000000
0.00000000
0.00000000
0.00000000
0.00000000
0.00000000
0.00000000
0.00000000
0.00000000
0.00000000
0.00000000
0.00000000
0.00000000
0.00000000
0.00000000
0.00000000
0.00000000
0.00000000
0.00000000
0.00000000
0.00000000
0.00000000
0.00000000
0.00000000
0.00000000
0.00000000
0.00000000
0.08757062
0.08866177
0.09448075
0.09459224
0.09307618
0.08809892
0.08576157
0.09473738
0.09008468
0.09753767
0.08539822
0.00000000
0.00000000
0.00000000
0.00000000
0.00000000
0.00000000
0.00000000
0.00000000
0.00000000
0.00000000
0.00000000
0.00000000
0.00000000
0.00000000
0.00000000
0.00000000
0.00000000
0.00000000
0.00000000
0.00000000
0.00000000
0.00000000
0.00000000
0.00000000
0.00000000
0.00000000
0.00000000
0.00000000
0.00000000
0.00000000
0.00000000
0.00000000
0.00000000
0.00000000
0.00000000
0.00000000
0.00000000
0.00000000
0.00000000
0.00000000
0.00000000
0.00000000
0.00000000
0.00000000
0.00000000
0.00000000
0.00000000
0.00000000
0.00000000
0.00000000
0.00000000
0.00000000
0.00000000
0.00000000
0.00000000
0.00000000
0.00000000
0.00000000
0.00000000
0.00000000
0.00000000
0.00000000
0.00000000
0.00000000
0.00000000
0.00000000
0.00000000
0.00000000
0.00000000
0.00000000
0.00000000
0.00000000
0.00000000
0.00000000
0.00000000
0.00000000
0.00000000
0.00000000
0.00000000
0.00000000
0.00000000
0.00000000
0.00000000
0.00000000
0.00000000
0.00000000
0.00000000
0.00000000
0.00000000
0.00000000
0.00000000
0.00000000
0.00000000
0.00000000
0.00000000
0.00000000
0.00000000
0.00000000
0.00000000
0.00000000
0.00000000
0.00000000
0.00000000
0.00000000
0.00000000
0.00000000
0.00000000
0.00000000
0.00000000
0.00000000
0.00000000
0.00000000
0.00000000
0.00000000
0.00000000
0.00000000
0.00000000
0.00000000
0.00000000
0.00000000
0.00000000
0.00000000
0.00000000
0.00000000
0.00000000
0.00000000
0.00000000
0.00000000
0.00000000
0.00000000
0.00000000
0.00000000
0.00000000
0.00000000
0.00000000
0.00000000
0.00000000
0.00000000
0.00000000
0.00000000
0.00000000
0.00000000
0.00000000
0.00000000
0.00000000
0.00000000
0.00000000
0.00000000
0.00000000
0.00000000
0.00000000
0.00000000
0.00000000
0.00000000
0.00000000
0.00000000
0.00000000
0.00000000
0.00000000
0.00000000
0.00000000
0.00000000
0.00000000
0.00000000
0.00000000
0.00000000
0.00000000
0.00000000
0.00000000
0.00000000
0.00000000
0.00000000
0.00000000
0.00000000
0.00000000
0.00000000
0.00000000
0.00000000
0.00000000
0.00000000
0.00000000
0.00000000
0.00000000
0.00000000
0.00000000
0.00000000
0.00000000
0.00000000
0.00000000
0.00000000
0.00000000
0.00000000
0.00000000
0.00000000
0.00000000
0.00000000
0.00000000
0.00000000
0.00000000
0.00000000
0.00000000
0.00000000
0.00000000
0.00000000
0.00000000
0.00000000
0.00000000
0.00000000
0.00000000
0.00000000
0.00000000
0.00000000
0.00000000
0.00000000
0.00000000
0.00000000
0.00000000
0.00000000
0.00000000
0.00000000
0.00000000
0.00000000
0.00000000
0.00000000
0.00000000
0.00000000
0.00000000
0.00000000
0.00000000
0.00000000
0.00000000
0.00000000
0.00000000
0.00000000
0.00000000
0.00000000
0.00000000
0.00000000
0.00000000
0.00000000
0.00000000
0.00000000
0.00000000
0.00000000
0.00000000
0.06945962
0.08004765
0.08579564
0.08535159
0.08659873
0.07929596
0.08320479
0.08684419
0.08054006
0.09077114
0.08653747
0.08555315
0.00000000
0.00000000
0.00000000
0.00000000
0.00000000
0.00000000
0.00000000
0.00000000
0.00000000
0.00000000
0.00000000
0.00000000
0.00000000
0.00000000
0.00000000
0.00000000
0.00000000
0.00000000
0.00000000
0.00000000
0.00000000
0.00000000
0.00000000
0.00000000
0.00000000
0.00000000
0.00000000
0.00000000
0.00000000
0.00000000
0.00000000
0.00000000
0.00000000
0.00000000
0.00000000
0.00000000
0.00000000
0.00000000
0.00000000
0.00000000
0.00000000
0.00000000
0.00000000
0.00000000
0.00000000
0.00000000
0.00000000
0.00000000
0.00000000
0.00000000
0.00000000
0.00000000
0.00000000
0.00000000
0.00000000
0.00000000
0.00000000
0.00000000
0.00000000
0.00000000
0.00000000
0.00000000
0.00000000
0.00000000
0.00000000
0.00000000
0.00000000
0.00000000
0.00000000
0.00000000
0.00000000
0.00000000
0.00000000
0.00000000
0.00000000
0.00000000
0.00000000
0.00000000
0.00000000
0.00000000
0.00000000
0.00000000
0.00000000
0.00000000
0.00000000
0.00000000
0.00000000
0.00000000
0.00000000
0.00000000
0.00000000
0.00000000
0.00000000
0.00000000
0.00000000
0.00000000
0.00000000
0.00000000
0.00000000
0.00000000
0.00000000
0.00000000
0.00000000
0.00000000
0.00000000
0.00000000
0.00000000
0.00000000
0.00000000
0.00000000
0.00000000
0.00000000
0.00000000
0.00000000
0.00000000
0.00000000
0.00000000
0.00000000
0.00000000
0.00000000
0.00000000
0.00000000
0.00000000
0.00000000
0.00000000
0.00000000
0.00000000
0.00000000
0.00000000
0.00000000
0.00000000
0.00000000
0.00000000
0.00000000
0.00000000
0.00000000
0.00000000
0.00000000
0.00000000
0.00000000
0.00000000
0.00000000
0.00000000
0.00000000
0.00000000
0.00000000
0.00000000
0.00000000
0.00000000
0.00000000
0.00000000
0.00000000
0.00000000
0.00000000
0.00000000
0.00000000
0.00000000
0.00000000
0.00000000
0.00000000
0.00000000
0.00000000
0.00000000
0.00000000
0.00000000
0.00000000
0.00000000
0.00000000
0.00000000
0.00000000
0.00000000
0.00000000
0.00000000
0.00000000
0.00000000
0.00000000
0.00000000
0.00000000
0.00000000
0.00000000
0.00000000
0.00000000
0.00000000
0.00000000
0.00000000
0.00000000
0.00000000
0.00000000
0.00000000
0.00000000
0.00000000
0.00000000
0.00000000
0.00000000
0.00000000
0.00000000
0.00000000
0.00000000
0.00000000
0.00000000
0.00000000
0.00000000
0.00000000
0.00000000
0.00000000
0.00000000
0.00000000
0.00000000
0.00000000
0.00000000
0.00000000
0.00000000
0.00000000
0.00000000
0.00000000
0.00000000
0.00000000
0.00000000
0.00000000
0.00000000
0.00000000
0.00000000
0.00000000
0.00000000
0.00000000
0.00000000
0.00000000
0.00000000
0.00000000
0.00000000
0.00000000
0.00000000
0.00000000
0.00000000
0.00000000
0.00000000
0.00000000
0.00000000
0.00000000
0.00000000
0.00000000
0.00000000
0.00000000
0.00000000
0.07680289
0.07623436
0.07853403
0.07991684
0.07756753
0.07650456
0.06674630
0.07811835
0.07778739
0.08036104
0.07282456
0.08046536
0.07813678
0.00000000
0.00000000
0.00000000
0.00000000
0.00000000
0.00000000
0.00000000
0.00000000
0.00000000
0.00000000
0.00000000
0.00000000
0.00000000
0.00000000
0.00000000
0.00000000
0.00000000
0.00000000
0.00000000
0.00000000
0.00000000
0.00000000
0.00000000
0.00000000
0.00000000
0.00000000
0.00000000
0.00000000
0.00000000
0.00000000
0.00000000
0.00000000
0.00000000
0.00000000
0.00000000
0.00000000
0.00000000
0.00000000
0.00000000
0.00000000
0.00000000
0.00000000
0.00000000
0.00000000
0.00000000
0.00000000
0.00000000
0.00000000
0.00000000
0.00000000
0.00000000
0.00000000
0.00000000
0.00000000
0.00000000
0.00000000
0.00000000
0.00000000
0.00000000
0.00000000
0.00000000
0.00000000
0.00000000
0.00000000
0.00000000
0.00000000
0.00000000
0.00000000
0.00000000
0.00000000
0.00000000
0.00000000
0.00000000
0.00000000
0.00000000
0.00000000
0.00000000
0.00000000
0.00000000
0.00000000
0.00000000
0.00000000
0.00000000
0.00000000
0.00000000
0.00000000
0.00000000
0.00000000
0.00000000
0.00000000
0.00000000
0.00000000
0.00000000
0.00000000
0.00000000
0.00000000
0.00000000
0.00000000
0.00000000
0.00000000
0.00000000
0.00000000
0.00000000
0.00000000
0.00000000
0.00000000
0.00000000
0.00000000
0.00000000
0.00000000
0.00000000
0.00000000
0.00000000
0.00000000
0.00000000
0.00000000
0.00000000
0.00000000
0.00000000
0.00000000
0.00000000
0.00000000
0.00000000
0.00000000
0.00000000
0.00000000
0.00000000
0.00000000
0.00000000
0.00000000
0.00000000
0.00000000
0.00000000
0.00000000
0.00000000
0.00000000
0.00000000
0.00000000
0.00000000
0.00000000
0.00000000
0.00000000
0.00000000
0.00000000
0.00000000
0.00000000
0.00000000
0.00000000
0.00000000
0.00000000
0.00000000
0.00000000
0.00000000
0.00000000
0.00000000
0.00000000
0.00000000
0.00000000
0.00000000
0.00000000
0.00000000
0.00000000
0.00000000
0.00000000
0.00000000
0.00000000
0.00000000
0.00000000
0.00000000
0.00000000
0.00000000
0.00000000
0.00000000
0.00000000
0.00000000
0.00000000
0.00000000
0.00000000
0.00000000
0.00000000
0.00000000
0.00000000
0.00000000
0.00000000
0.00000000
0.00000000
0.00000000
0.00000000
0.00000000
0.00000000
0.00000000
0.00000000
0.00000000
0.00000000
0.00000000
0.00000000
0.00000000
0.00000000
0.00000000
0.00000000
0.00000000
0.00000000
0.00000000
0.00000000
0.00000000
0.00000000
0.00000000
0.00000000
0.00000000
0.00000000
0.00000000
0.00000000
0.00000000
0.00000000
0.00000000
0.00000000
0.00000000
0.00000000
0.00000000
0.00000000
0.00000000
0.00000000
0.00000000
0.00000000
0.00000000
0.00000000
0.00000000
0.00000000
0.00000000
0.00000000
0.00000000
0.00000000
0.00000000
0.00000000
0.00000000
0.00000000
0.00000000
0.00000000
0.00000000
0.00000000
0.00000000
0.00000000
0.00000000
0.06964896
0.07035897
0.07336723
0.07474716
0.07246431
0.07050849
0.06094457
0.07337589
0.07190246
0.07618000
0.06816189
0.07547353
0.07252416
0.07034238
0.00000000
0.00000000
0.00000000
0.00000000
0.00000000
0.00000000
0.00000000
0.00000000
0.00000000
0.00000000
0.00000000
0.00000000
0.00000000
0.00000000
0.00000000
0.00000000
0.00000000
0.00000000
0.00000000
0.00000000
0.00000000
0.00000000
0.00000000
0.00000000
0.00000000
0.00000000
0.00000000
0.00000000
0.00000000
0.00000000
0.00000000
0.00000000
0.00000000
0.00000000
0.00000000
0.00000000
0.00000000
0.00000000
0.00000000
0.00000000
0.00000000
0.00000000
0.00000000
0.00000000
0.00000000
0.00000000
0.00000000
0.00000000
0.00000000
0.00000000
0.00000000
0.00000000
0.00000000
0.00000000
0.00000000
0.00000000
0.00000000
0.00000000
0.00000000
0.00000000
0.00000000
0.00000000
0.00000000
0.00000000
0.00000000
0.00000000
0.00000000
0.00000000
0.00000000
0.00000000
0.00000000
0.00000000
0.00000000
0.00000000
0.00000000
0.00000000
0.00000000
0.00000000
0.00000000
0.00000000
0.00000000
0.00000000
0.00000000
0.00000000
0.00000000
0.00000000
0.00000000
0.00000000
0.00000000
0.00000000
0.00000000
0.00000000
0.00000000
0.00000000
0.00000000
0.00000000
0.00000000
0.00000000
0.00000000
0.00000000
0.00000000
0.00000000
0.00000000
0.00000000
0.00000000
0.00000000
0.00000000
0.00000000
0.00000000
0.00000000
0.00000000
0.00000000
0.00000000
0.00000000
0.00000000
0.00000000
0.00000000
0.00000000
0.00000000
0.00000000
0.00000000
0.00000000
0.00000000
0.00000000
0.00000000
0.00000000
0.00000000
0.00000000
0.00000000
0.00000000
0.00000000
0.00000000
0.00000000
0.00000000
0.00000000
0.00000000
0.00000000
0.00000000
0.00000000
0.00000000
0.00000000
0.00000000
0.00000000
0.00000000
0.00000000
0.00000000
0.00000000
0.00000000
0.00000000
0.00000000
0.00000000
0.00000000
0.00000000
0.00000000
0.00000000
0.00000000
0.00000000
0.00000000
0.00000000
0.00000000
0.00000000
0.00000000
0.00000000
0.00000000
0.00000000
0.00000000
0.00000000
0.00000000
0.00000000
0.00000000
0.00000000
0.00000000
0.00000000
0.00000000
0.00000000
0.00000000
0.00000000
0.00000000
0.00000000
0.00000000
0.00000000
0.00000000
0.00000000
0.00000000
0.00000000
0.00000000
0.00000000
0.00000000
0.00000000
0.00000000
0.00000000
0.00000000
0.00000000
0.00000000
0.00000000
0.00000000
0.00000000
0.00000000
0.00000000
0.00000000
0.00000000
0.00000000
0.00000000
0.00000000
0.00000000
0.00000000
0.00000000
0.00000000
0.00000000
0.00000000
0.00000000
0.00000000
0.00000000
0.00000000
0.00000000
0.00000000
0.00000000
0.00000000
0.00000000
0.00000000
0.00000000
0.00000000
0.00000000
0.00000000
0.00000000
0.00000000
0.00000000
0.00000000
0.00000000
0.00000000
0.00000000
0.00000000
0.00000000
0.00000000
0.00000000
0.00000000
0.00000000
0.00000000
0.00000000
0.00000000
0.00000000
0.00000000
0.04921454
0.06392128
0.07209225
0.07288732
0.07236484
0.06306763
0.05578119
0.07233924
0.06404956
0.08017459
0.06842246
0.07345687
0.06099024
0.06410246
0.06713554
0.00000000
0.00000000
0.00000000
0.00000000
0.00000000
0.00000000
0.00000000
0.00000000
0.00000000
0.00000000
0.00000000
0.00000000
0.00000000
0.00000000
0.00000000
0.00000000
0.00000000
0.00000000
0.00000000
0.00000000
0.00000000
0.00000000
0.00000000
0.00000000
0.00000000
0.00000000
0.00000000
0.00000000
0.00000000
0.00000000
0.00000000
0.00000000
0.00000000
0.00000000
0.00000000
0.00000000
0.00000000
0.00000000
0.00000000
0.00000000
0.00000000
0.00000000
0.00000000
0.00000000
0.00000000
0.00000000
0.00000000
0.00000000
0.00000000
0.00000000
0.00000000
0.00000000
0.00000000
0.00000000
0.00000000
0.00000000
0.00000000
0.00000000
0.00000000
0.00000000
0.00000000
0.00000000
0.00000000
0.00000000
0.00000000
0.00000000
0.00000000
0.00000000
0.00000000
0.00000000
0.00000000
0.00000000
0.00000000
0.00000000
0.00000000
0.00000000
0.00000000
0.00000000
0.00000000
0.00000000
0.00000000
0.00000000
0.00000000
0.00000000
0.00000000
0.00000000
0.00000000
0.00000000
0.00000000
0.00000000
0.00000000
0.00000000
0.00000000
0.00000000
0.00000000
0.00000000
0.00000000
0.00000000
0.00000000
0.00000000
0.00000000
0.00000000
0.00000000
0.00000000
0.00000000
0.00000000
0.00000000
0.00000000
0.00000000
0.00000000
0.00000000
0.00000000
0.00000000
0.00000000
0.00000000
0.00000000
0.00000000
0.00000000
0.00000000
0.00000000
0.00000000
0.00000000
0.00000000
0.00000000
0.00000000
0.00000000
0.00000000
0.00000000
0.00000000
0.00000000
0.00000000
0.00000000
0.00000000
0.00000000
0.00000000
0.00000000
0.00000000
0.00000000
0.00000000
0.00000000
0.00000000
0.00000000
0.00000000
0.00000000
0.00000000
0.00000000
0.00000000
0.00000000
0.00000000
0.00000000
0.00000000
0.00000000
0.00000000
0.00000000
0.00000000
0.00000000
0.00000000
0.00000000
0.00000000
0.00000000
0.00000000
0.00000000
0.00000000
0.00000000
0.00000000
0.00000000
0.00000000
0.00000000
0.00000000
0.00000000
0.00000000
0.00000000
0.00000000
0.00000000
0.00000000
0.00000000
0.00000000
0.00000000
0.00000000
0.00000000
0.00000000
0.00000000
0.00000000
0.00000000
0.00000000
0.00000000
0.00000000
0.00000000
0.00000000
0.00000000
0.00000000
0.00000000
0.00000000
0.00000000
0.00000000
0.00000000
0.00000000
0.00000000
0.00000000
0.00000000
0.00000000
0.00000000
0.00000000
0.00000000
0.00000000
0.00000000
0.00000000
0.00000000
0.00000000
0.00000000
0.00000000
0.00000000
0.00000000
0.00000000
0.00000000
0.00000000
0.00000000
0.00000000
0.00000000
0.00000000
0.00000000
0.00000000
0.00000000
0.00000000
0.00000000
0.00000000
0.00000000
0.00000000
0.00000000
0.00000000
0.00000000
0.00000000
0.00000000
0.00000000
0.00000000
0.00000000
0.00000000
0.00000000
0.00000000
0.00000000
0.00000000
0.06384901
0.06177502
0.06496558
0.06438589
0.06269984
0.06079927
0.05734477
0.06409042
0.06138285
0.06584492
0.05991661
0.06572854
0.06179688
0.06194281
0.06077776
0.06269984
0.00000000
0.00000000
0.00000000
0.00000000
0.00000000
0.00000000
0.00000000
0.00000000
0.00000000
0.00000000
0.00000000
0.00000000
0.00000000
0.00000000
0.00000000
0.00000000
0.00000000
0.00000000
0.00000000
0.00000000
0.00000000
0.00000000
0.00000000
0.00000000
0.00000000
0.00000000
0.00000000
0.00000000
0.00000000
0.00000000
0.00000000
0.00000000
0.00000000
0.00000000
0.00000000
0.00000000
0.00000000
0.00000000
0.00000000
0.00000000
0.00000000
0.00000000
0.00000000
0.00000000
0.00000000
0.00000000
0.00000000
0.00000000
0.00000000
0.00000000
0.00000000
0.00000000
0.00000000
0.00000000
0.00000000
0.00000000
0.00000000
0.00000000
0.00000000
0.00000000
0.00000000
0.00000000
0.00000000
0.00000000
0.00000000
0.00000000
0.00000000
0.00000000
0.00000000
0.00000000
0.00000000
0.00000000
0.00000000
0.00000000
0.00000000
0.00000000
0.00000000
0.00000000
0.00000000
0.00000000
0.00000000
0.00000000
0.00000000
0.00000000
0.00000000
0.00000000
0.00000000
0.00000000
0.00000000
0.00000000
0.00000000
0.00000000
0.00000000
0.00000000
0.00000000
0.00000000
0.00000000
0.00000000
0.00000000
0.00000000
0.00000000
0.00000000
0.00000000
0.00000000
0.00000000
0.00000000
0.00000000
0.00000000
0.00000000
0.00000000
0.00000000
0.00000000
0.00000000
0.00000000
0.00000000
0.00000000
0.00000000
0.00000000
0.00000000
0.00000000
0.00000000
0.00000000
0.00000000
0.00000000
0.00000000
0.00000000
0.00000000
0.00000000
0.00000000
0.00000000
0.00000000
0.00000000
0.00000000
0.00000000
0.00000000
0.00000000
0.00000000
0.00000000
0.00000000
0.00000000
0.00000000
0.00000000
0.00000000
0.00000000
0.00000000
0.00000000
0.00000000
0.00000000
0.00000000
0.00000000
0.00000000
0.00000000
0.00000000
0.00000000
0.00000000
0.00000000
0.00000000
0.00000000
0.00000000
0.00000000
0.00000000
0.00000000
0.00000000
0.00000000
0.00000000
0.00000000
0.00000000
0.00000000
0.00000000
0.00000000
0.00000000
0.00000000
0.00000000
0.00000000
0.00000000
0.00000000
0.00000000
0.00000000
0.00000000
0.00000000
0.00000000
0.00000000
0.00000000
0.00000000
0.00000000
0.00000000
0.00000000
0.00000000
0.00000000
0.00000000
0.00000000
0.00000000
0.00000000
0.00000000
0.00000000
0.00000000
0.00000000
0.00000000
0.00000000
0.00000000
0.00000000
0.00000000
0.00000000
0.00000000
0.00000000
0.00000000
0.00000000
0.00000000
0.00000000
0.00000000
0.00000000
0.00000000
0.00000000
0.00000000
0.00000000
0.00000000
0.00000000
0.00000000
0.00000000
0.00000000
0.00000000
0.00000000
0.00000000
0.00000000
0.00000000
0.00000000
0.00000000
0.00000000
0.00000000
0.00000000
0.00000000
0.00000000
0.00000000
0.00000000
0.00000000
0.00000000
0.00000000
0.00000000
0.00000000
0.00000000
0.06405369
0.05836232
0.06040003
0.06060696
0.05816305
0.05779381
0.05100226
0.05995293
0.05830728
0.06174689
0.05571903
0.06285635
0.06023642
0.05976233
0.05723085
0.05767126
0.05613456
0.00000000
0.00000000
0.00000000
0.00000000
0.00000000
0.00000000
0.00000000
0.00000000
0.00000000
0.00000000
0.00000000
0.00000000
0.00000000
0.00000000
0.00000000
0.00000000
0.00000000
0.00000000
0.00000000
0.00000000
0.00000000
0.00000000
0.00000000
0.00000000
0.00000000
0.00000000
0.00000000
0.00000000
0.00000000
0.00000000
0.00000000
0.00000000
0.00000000
0.00000000
0.00000000
0.00000000
0.00000000
0.00000000
0.00000000
0.00000000
0.00000000
0.00000000
0.00000000
0.00000000
0.00000000
0.00000000
0.00000000
0.00000000
0.00000000
0.00000000
0.00000000
0.00000000
0.00000000
0.00000000
0.00000000
0.00000000
0.00000000
0.00000000
0.00000000
0.00000000
0.00000000
0.00000000
0.00000000
0.00000000
0.00000000
0.00000000
0.00000000
0.00000000
0.00000000
0.00000000
0.00000000
0.00000000
0.00000000
0.00000000
0.00000000
0.00000000
0.00000000
0.00000000
0.00000000
0.00000000
0.00000000
0.00000000
0.00000000
0.00000000
0.00000000
0.00000000
0.00000000
0.00000000
0.00000000
0.00000000
0.00000000
0.00000000
0.00000000
0.00000000
0.00000000
0.00000000
0.00000000
0.00000000
0.00000000
0.00000000
0.00000000
0.00000000
0.00000000
0.00000000
0.00000000
0.00000000
0.00000000
0.00000000
0.00000000
0.00000000
0.00000000
0.00000000
0.00000000
0.00000000
0.00000000
0.00000000
0.00000000
0.00000000
0.00000000
0.00000000
0.00000000
0.00000000
0.00000000
0.00000000
0.00000000
0.00000000
0.00000000
0.00000000
0.00000000
0.00000000
0.00000000
0.00000000
0.00000000
0.00000000
0.00000000
0.00000000
0.00000000
0.00000000
0.00000000
0.00000000
0.00000000
0.00000000
0.00000000
0.00000000
0.00000000
0.00000000
0.00000000
0.00000000
0.00000000
0.00000000
0.00000000
0.00000000
0.00000000
0.00000000
0.00000000
0.00000000
0.00000000
0.00000000
0.00000000
0.00000000
0.00000000
0.00000000
0.00000000
0.00000000
0.00000000
0.00000000
0.00000000
0.00000000
0.00000000
0.00000000
0.00000000
0.00000000
0.00000000
0.00000000
0.00000000
0.00000000
0.00000000
0.00000000
0.00000000
0.00000000
0.00000000
0.00000000
0.00000000
0.00000000
0.00000000
0.00000000
0.00000000
0.00000000
0.00000000
0.00000000
0.00000000
0.00000000
0.00000000
0.00000000
0.00000000
0.00000000
0.00000000
0.00000000
0.00000000
0.00000000
0.00000000
0.00000000
0.00000000
0.00000000
0.00000000
0.00000000
0.00000000
0.00000000
0.00000000
0.00000000
0.00000000
0.00000000
0.00000000
0.00000000
0.00000000
0.00000000
0.00000000
0.00000000
0.00000000
0.00000000
0.00000000
0.00000000
0.00000000
0.00000000
0.00000000
0.00000000
0.00000000
0.00000000
0.00000000
0.00000000
0.00000000
0.00000000
0.00000000
0.00000000
0.00000000
0.00000000
0.00000000
0.00000000
0.00000000
0.00546002
0.03174578
0.04892789
0.04891635
0.05774560
0.03130336
0.04191879
0.04823464
0.03238104
0.06746468
0.05369291
0.03945320
0.02055629
0.02691727
0.04360808
0.09002386
0.09868634
0.21296389
0.00000000
0.00000000
0.00000000
0.00000000
0.00000000
0.00000000
0.00000000
0.00000000
0.00000000
0.00000000
0.00000000
0.00000000
0.00000000
0.00000000
0.00000000
0.00000000
0.00000000
0.00000000
0.00000000
0.00000000
0.00000000
0.00000000
0.00000000
0.00000000
0.00000000
0.00000000
0.00000000
0.00000000
0.00000000
0.00000000
0.00000000
0.00000000
0.00000000
0.00000000
0.00000000
0.00000000
0.00000000
0.00000000
0.00000000
0.00000000
0.00000000
0.00000000
0.00000000
0.00000000
0.00000000
0.00000000
0.00000000
0.00000000
0.00000000
0.00000000
0.00000000
0.00000000
0.00000000
0.00000000
0.00000000
0.00000000
0.00000000
0.00000000
0.00000000
0.00000000
0.00000000
0.00000000
0.00000000
0.00000000
0.00000000
0.00000000
0.00000000
0.00000000
0.00000000
0.00000000
0.00000000
0.00000000
0.00000000
0.00000000
0.00000000
0.00000000
0.00000000
0.00000000
0.00000000
0.00000000
0.00000000
0.00000000
0.00000000
0.00000000
0.00000000
0.00000000
0.00000000
0.00000000
0.00000000
0.00000000
0.00000000
0.00000000
0.00000000
0.00000000
0.00000000
0.00000000
0.00000000
0.00000000
0.00000000
0.00000000
0.00000000
0.00000000
0.00000000
0.00000000
0.00000000
0.00000000
0.00000000
0.00000000
0.00000000
0.00000000
0.00000000
0.00000000
0.00000000
0.00000000
0.00000000
0.00000000
0.00000000
0.00000000
0.00000000
0.00000000
0.00000000
0.00000000
0.00000000
0.00000000
0.00000000
0.00000000
0.00000000
0.00000000
0.00000000
0.00000000
0.00000000
0.00000000
0.00000000
0.00000000
0.00000000
0.00000000
0.00000000
0.00000000
0.00000000
0.00000000
0.00000000
0.00000000
0.00000000
0.00000000
0.00000000
0.00000000
0.00000000
0.00000000
0.00000000
0.00000000
0.00000000
0.00000000
0.00000000
0.00000000
0.00000000
0.00000000
0.00000000
0.00000000
0.00000000
0.00000000
0.00000000
0.00000000
0.00000000
0.00000000
0.00000000
0.00000000
0.00000000
0.00000000
0.00000000
0.00000000
0.00000000
0.00000000
0.00000000
0.00000000
0.00000000
0.00000000
0.00000000
0.00000000
0.00000000
0.00000000
0.00000000
0.00000000
0.00000000
0.00000000
0.00000000
0.00000000
0.00000000
0.00000000
0.00000000
0.00000000
0.00000000
0.00000000
0.00000000
0.00000000
0.00000000
0.00000000
0.00000000
0.00000000
0.00000000
0.00000000
0.00000000
0.00000000
0.00000000
0.00000000
0.00000000
0.00000000
0.00000000
0.00000000
0.00000000
0.00000000
0.00000000
0.00000000
0.00000000
0.00000000
0.00000000
0.00000000
0.00000000
0.00000000
0.00000000
0.00000000
0.00000000
0.00000000
0.00000000
0.00000000
0.00000000
0.00000000
0.00000000
0.00000000
0.00000000
0.00000000
0.00000000
0.00000000
0.00000000
0.00000000
0.00000000
0.00000000
0.00000000
0.00000000
0.04238892
0.05049647
0.05514694
0.05489388
0.05494569
0.04997511
0.05109553
0.05458401
0.05050838
0.05788584
0.05284212
0.05428229
0.04802217
0.04949998
0.05216719
0.05588679
0.05526414
0.05354473
0.05656981
0.00000000
0.00000000
0.00000000
0.00000000
0.00000000
0.00000000
0.00000000
0.00000000
0.00000000
0.00000000
0.00000000
0.00000000
0.00000000
0.00000000
0.00000000
0.00000000
0.00000000
0.00000000
0.00000000
0.00000000
0.00000000
0.00000000
0.00000000
0.00000000
0.00000000
0.00000000
0.00000000
0.00000000
0.00000000
0.00000000
0.00000000
0.00000000
0.00000000
0.00000000
0.00000000
0.00000000
0.00000000
0.00000000
0.00000000
0.00000000
0.00000000
0.00000000
0.00000000
0.00000000
0.00000000
0.00000000
0.00000000
0.00000000
0.00000000
0.00000000
0.00000000
0.00000000
0.00000000
0.00000000
0.00000000
0.00000000
0.00000000
0.00000000
0.00000000
0.00000000
0.00000000
0.00000000
0.00000000
0.00000000
0.00000000
0.00000000
0.00000000
0.00000000
0.00000000
0.00000000
0.00000000
0.00000000
0.00000000
0.00000000
0.00000000
0.00000000
0.00000000
0.00000000
0.00000000
0.00000000
0.00000000
0.00000000
0.00000000
0.00000000
0.00000000
0.00000000
0.00000000
0.00000000
0.00000000
0.00000000
0.00000000
0.00000000
0.00000000
0.00000000
0.00000000
0.00000000
0.00000000
0.00000000
0.00000000
0.00000000
0.00000000
0.00000000
0.00000000
0.00000000
0.00000000
0.00000000
0.00000000
0.00000000
0.00000000
0.00000000
0.00000000
0.00000000
0.00000000
0.00000000
0.00000000
0.00000000
0.00000000
0.00000000
0.00000000
0.00000000
0.00000000
0.00000000
0.00000000
0.00000000
0.00000000
0.00000000
0.00000000
0.00000000
0.00000000
0.00000000
0.00000000
0.00000000
0.00000000
0.00000000
0.00000000
0.00000000
0.00000000
0.00000000
0.00000000
0.00000000
0.00000000
0.00000000
0.00000000
0.00000000
0.00000000
0.00000000
0.00000000
0.00000000
0.00000000
0.00000000
0.00000000
0.00000000
0.00000000
0.00000000
0.00000000
0.00000000
0.00000000
0.00000000
0.00000000
0.00000000
0.00000000
0.00000000
0.00000000
0.00000000
0.00000000
0.00000000
0.00000000
0.00000000
0.00000000
0.00000000
0.00000000
0.00000000
0.00000000
0.00000000
0.00000000
0.00000000
0.00000000
0.00000000
0.00000000
0.00000000
0.00000000
0.00000000
0.00000000
0.00000000
0.00000000
0.00000000
0.00000000
0.00000000
0.00000000
0.00000000
0.00000000
0.00000000
0.00000000
0.00000000
0.00000000
0.00000000
0.00000000
0.00000000
0.00000000
0.00000000
0.00000000
0.00000000
0.00000000
0.00000000
0.00000000
0.00000000
0.00000000
0.00000000
0.00000000
0.00000000
0.00000000
0.00000000
0.00000000
0.00000000
0.00000000
0.00000000
0.00000000
0.00000000
0.00000000
0.00000000
0.00000000
0.00000000
0.00000000
0.00000000
0.00000000
0.00000000
0.00000000
0.00000000
0.00000000
0.00000000
0.00000000
0.00000000
0.00000000
0.00000000
0.00000000
0.00000000
0.00000000
0.05646523
0.04982981
0.05084492
0.05153313
0.05035559
0.05004182
0.04508213
0.05147846
0.04943179
0.05262017
0.04850777
0.05386338
0.05169139
0.04983568
0.04764034
0.04934442
0.04870841
0.04273179
0.05118184
0.04881192
0.00000000
0.00000000
0.00000000
0.00000000
0.00000000
0.00000000
0.00000000
0.00000000
0.00000000
0.00000000
0.00000000
0.00000000
0.00000000
0.00000000
0.00000000
0.00000000
0.00000000
0.00000000
0.00000000
0.00000000
0.00000000
0.00000000
0.00000000
0.00000000
0.00000000
0.00000000
0.00000000
0.00000000
0.00000000
0.00000000
0.00000000
0.00000000
0.00000000
0.00000000
0.00000000
0.00000000
0.00000000
0.00000000
0.00000000
0.00000000
0.00000000
0.00000000
0.00000000
0.00000000
0.00000000
0.00000000
0.00000000
0.00000000
0.00000000
0.00000000
0.00000000
0.00000000
0.00000000
0.00000000
0.00000000
0.00000000
0.00000000
0.00000000
0.00000000
0.00000000
0.00000000
0.00000000
0.00000000
0.00000000
0.00000000
0.00000000
0.00000000
0.00000000
0.00000000
0.00000000
0.00000000
0.00000000
0.00000000
0.00000000
0.00000000
0.00000000
0.00000000
0.00000000
0.00000000
0.00000000
0.00000000
0.00000000
0.00000000
0.00000000
0.00000000
0.00000000
0.00000000
0.00000000
0.00000000
0.00000000
0.00000000
0.00000000
0.00000000
0.00000000
0.00000000
0.00000000
0.00000000
0.00000000
0.00000000
0.00000000
0.00000000
0.00000000
0.00000000
0.00000000
0.00000000
0.00000000
0.00000000
0.00000000
0.00000000
0.00000000
0.00000000
0.00000000
0.00000000
0.00000000
0.00000000
0.00000000
0.00000000
0.00000000
0.00000000
0.00000000
0.00000000
0.00000000
0.00000000
0.00000000
0.00000000
0.00000000
0.00000000
0.00000000
0.00000000
0.00000000
0.00000000
0.00000000
0.00000000
0.00000000
0.00000000
0.00000000
0.00000000
0.00000000
0.00000000
0.00000000
0.00000000
0.00000000
0.00000000
0.00000000
0.00000000
0.00000000
0.00000000
0.00000000
0.00000000
0.00000000
0.00000000
0.00000000
0.00000000
0.00000000
0.00000000
0.00000000
0.00000000
0.00000000
0.00000000
0.00000000
0.00000000
0.00000000
0.00000000
0.00000000
0.00000000
0.00000000
0.00000000
0.00000000
0.00000000
0.00000000
0.00000000
0.00000000
0.00000000
0.00000000
0.00000000
0.00000000
0.00000000
0.00000000
0.00000000
0.00000000
0.00000000
0.00000000
0.00000000
0.00000000
0.00000000
0.00000000
0.00000000
0.00000000
0.00000000
0.00000000
0.00000000
0.00000000
0.00000000
0.00000000
0.00000000
0.00000000
0.00000000
0.00000000
0.00000000
0.00000000
0.00000000
0.00000000
0.00000000
0.00000000
0.00000000
0.00000000
0.00000000
0.00000000
0.00000000
0.00000000
0.00000000
0.00000000
0.00000000
0.00000000
0.00000000
0.00000000
0.00000000
0.00000000
0.00000000
0.00000000
0.00000000
0.00000000
0.00000000
0.00000000
0.00000000
0.00000000
0.00000000
0.00000000
0.00000000
0.00000000
0.00000000
0.00000000
0.00000000
0.00000000
0.00000000
0.00000000
0.04381794
0.04599418
0.04875340
0.04918655
0.04855258
0.04572915
0.04259508
0.04926202
0.04597249
0.05172084
0.04641923
0.05031895
0.04584255
0.04552467
0.04519834
0.04934924
0.04892620
0.04502808
0.05240854
0.04987583
0.04952415
0.00000000
0.00000000
0.00000000
0.00000000
0.00000000
0.00000000
0.00000000
0.00000000
0.00000000
0.00000000
0.00000000
0.00000000
0.00000000
0.00000000
0.00000000
0.00000000
0.00000000
0.00000000
0.00000000
0.00000000
0.00000000
0.00000000
0.00000000
0.00000000
0.00000000
0.00000000
0.00000000
0.00000000
0.00000000
0.00000000
0.00000000
0.00000000
0.00000000
0.00000000
0.00000000
0.00000000
0.00000000
0.00000000
0.00000000
0.00000000
0.00000000
0.00000000
0.00000000
0.00000000
0.00000000
0.00000000
0.00000000
0.00000000
0.00000000
0.00000000
0.00000000
0.00000000
0.00000000
0.00000000
0.00000000
0.00000000
0.00000000
0.00000000
0.00000000
0.00000000
0.00000000
0.00000000
0.00000000
0.00000000
0.00000000
0.00000000
0.00000000
0.00000000
0.00000000
0.00000000
0.00000000
0.00000000
0.00000000
0.00000000
0.00000000
0.00000000
0.00000000
0.00000000
0.00000000
0.00000000
0.00000000
0.00000000
0.00000000
0.00000000
0.00000000
0.00000000
0.00000000
0.00000000
0.00000000
0.00000000
0.00000000
0.00000000
0.00000000
0.00000000
0.00000000
0.00000000
0.00000000
0.00000000
0.00000000
0.00000000
0.00000000
0.00000000
0.00000000
0.00000000
0.00000000
0.00000000
0.00000000
0.00000000
0.00000000
0.00000000
0.00000000
0.00000000
0.00000000
0.00000000
0.00000000
0.00000000
0.00000000
0.00000000
0.00000000
0.00000000
0.00000000
0.00000000
0.00000000
0.00000000
0.00000000
0.00000000
0.00000000
0.00000000
0.00000000
0.00000000
0.00000000
0.00000000
0.00000000
0.00000000
0.00000000
0.00000000
0.00000000
0.00000000
0.00000000
0.00000000
0.00000000
0.00000000
0.00000000
0.00000000
0.00000000
0.00000000
0.00000000
0.00000000
0.00000000
0.00000000
0.00000000
0.00000000
0.00000000
0.00000000
0.00000000
0.00000000
0.00000000
0.00000000
0.00000000
0.00000000
0.00000000
0.00000000
0.00000000
0.00000000
0.00000000
0.00000000
0.00000000
0.00000000
0.00000000
0.00000000
0.00000000
0.00000000
0.00000000
0.00000000
0.00000000
0.00000000
0.00000000
0.00000000
0.00000000
0.00000000
0.00000000
0.00000000
0.00000000
0.00000000
0.00000000
0.00000000
0.00000000
0.00000000
0.00000000
0.00000000
0.00000000
0.00000000
0.00000000
0.00000000
0.00000000
0.00000000
0.00000000
0.00000000
0.00000000
0.00000000
0.00000000
0.00000000
0.00000000
0.00000000
0.00000000
0.00000000
0.00000000
0.00000000
0.00000000
0.00000000
0.00000000
0.00000000
0.00000000
0.00000000
0.00000000
0.00000000
0.00000000
0.00000000
0.00000000
0.00000000
0.00000000
0.00000000
0.00000000
0.00000000
0.00000000
0.00000000
0.00000000
0.00000000
0.00000000
0.00000000
0.00000000
0.00000000
0.00000000
0.00000000
0.00000000
0.04719307
0.04534350
0.04673888
0.04697097
0.04546130
0.04432830
0.03953189
0.04685478
0.04515140
0.04802970
0.04338185
0.04795612
0.04622360
0.04565473
0.04361783
0.04506628
0.04404170
0.03747533
0.04807503
0.04689348
0.04770791
0.04830236
0.00000000
0.00000000
0.00000000
0.00000000
0.00000000
0.00000000
0.00000000
0.00000000
0.00000000
0.00000000
0.00000000
0.00000000
0.00000000
0.00000000
0.00000000
0.00000000
0.00000000
0.00000000
0.00000000
0.00000000
0.00000000
0.00000000
0.00000000
0.00000000
0.00000000
0.00000000
0.00000000
0.00000000
0.00000000
0.00000000
0.00000000
0.00000000
0.00000000
0.00000000
0.00000000
0.00000000
0.00000000
0.00000000
0.00000000
0.00000000
0.00000000
0.00000000
0.00000000
0.00000000
0.00000000
0.00000000
0.00000000
0.00000000
0.00000000
0.00000000
0.00000000
0.00000000
0.00000000
0.00000000
0.00000000
0.00000000
0.00000000
0.00000000
0.00000000
0.00000000
0.00000000
0.00000000
0.00000000
0.00000000
0.00000000
0.00000000
0.00000000
0.00000000
0.00000000
0.00000000
0.00000000
0.00000000
0.00000000
0.00000000
0.00000000
0.00000000
0.00000000
0.00000000
0.00000000
0.00000000
0.00000000
0.00000000
0.00000000
0.00000000
0.00000000
0.00000000
0.00000000
0.00000000
0.00000000
0.00000000
0.00000000
0.00000000
0.00000000
0.00000000
0.00000000
0.00000000
0.00000000
0.00000000
0.00000000
0.00000000
0.00000000
0.00000000
0.00000000
0.00000000
0.00000000
0.00000000
0.00000000
0.00000000
0.00000000
0.00000000
0.00000000
0.00000000
0.00000000
0.00000000
0.00000000
0.00000000
0.00000000
0.00000000
0.00000000
0.00000000
0.00000000
0.00000000
0.00000000
0.00000000
0.00000000
0.00000000
0.00000000
0.00000000
0.00000000
0.00000000
0.00000000
0.00000000
0.00000000
0.00000000
0.00000000
0.00000000
0.00000000
0.00000000
0.00000000
0.00000000
0.00000000
0.00000000
0.00000000
0.00000000
0.00000000
0.00000000
0.00000000
0.00000000
0.00000000
0.00000000
0.00000000
0.00000000
0.00000000
0.00000000
0.00000000
0.00000000
0.00000000
0.00000000
0.00000000
0.00000000
0.00000000
0.00000000
0.00000000
0.00000000
0.00000000
0.00000000
0.00000000
0.00000000
0.00000000
0.00000000
0.00000000
0.00000000
0.00000000
0.00000000
0.00000000
0.00000000
0.00000000
0.00000000
0.00000000
0.00000000
0.00000000
0.00000000
0.00000000
0.00000000
0.00000000
0.00000000
0.00000000
0.00000000
0.00000000
0.00000000
0.00000000
0.00000000
0.00000000
0.00000000
0.00000000
0.00000000
0.00000000
0.00000000
0.00000000
0.00000000
0.00000000
0.00000000
0.00000000
0.00000000
0.00000000
0.00000000
0.00000000
0.00000000
0.00000000
0.00000000
0.00000000
0.00000000
0.00000000
0.00000000
0.00000000
0.00000000
0.00000000
0.00000000
0.00000000
0.00000000
0.00000000
0.00000000
0.00000000
0.00000000
0.00000000
0.00000000
0.00000000
0.00000000
0.00000000
0.00000000
0.00000000
0.00000000
0.00000000
0.00000000
0.00726685
0.02860938
0.03949952
0.04368503
0.05085135
0.03041522
0.03047626
0.04472241
0.03115585
0.05876895
0.04460126
0.03637390
0.02286344
0.02746869
0.03749325
0.05124266
0.05309438
0.05510391
0.05856139
0.05651234
0.06243429
0.04625115
0.08254851
0.00000000
0.00000000
0.00000000
0.00000000
0.00000000
0.00000000
0.00000000
0.00000000
0.00000000
0.00000000
0.00000000
0.00000000
0.00000000
0.00000000
0.00000000
0.00000000
0.00000000
0.00000000
0.00000000
0.00000000
0.00000000
0.00000000
0.00000000
0.00000000
0.00000000
0.00000000
0.00000000
0.00000000
0.00000000
0.00000000
0.00000000
0.00000000
0.00000000
0.00000000
0.00000000
0.00000000
0.00000000
0.00000000
0.00000000
0.00000000
0.00000000
0.00000000
0.00000000
0.00000000
0.00000000
0.00000000
0.00000000
0.00000000
0.00000000
0.00000000
0.00000000
0.00000000
0.00000000
0.00000000
0.00000000
0.00000000
0.00000000
0.00000000
0.00000000
0.00000000
0.00000000
0.00000000
0.00000000
0.00000000
0.00000000
0.00000000
0.00000000
0.00000000
0.00000000
0.00000000
0.00000000
0.00000000
0.00000000
0.00000000
0.00000000
0.00000000
0.00000000
0.00000000
0.00000000
0.00000000
0.00000000
0.00000000
0.00000000
0.00000000
0.00000000
0.00000000
0.00000000
0.00000000
0.00000000
0.00000000
0.00000000
0.00000000
0.00000000
0.00000000
0.00000000
0.00000000
0.00000000
0.00000000
0.00000000
0.00000000
0.00000000
0.00000000
0.00000000
0.00000000
0.00000000
0.00000000
0.00000000
0.00000000
0.00000000
0.00000000
0.00000000
0.00000000
0.00000000
0.00000000
0.00000000
0.00000000
0.00000000
0.00000000
0.00000000
0.00000000
0.00000000
0.00000000
0.00000000
0.00000000
0.00000000
0.00000000
0.00000000
0.00000000
0.00000000
0.00000000
0.00000000
0.00000000
0.00000000
0.00000000
0.00000000
0.00000000
0.00000000
0.00000000
0.00000000
0.00000000
0.00000000
0.00000000
0.00000000
0.00000000
0.00000000
0.00000000
0.00000000
0.00000000
0.00000000
0.00000000
0.00000000
0.00000000
0.00000000
0.00000000
0.00000000
0.00000000
0.00000000
0.00000000
0.00000000
0.00000000
0.00000000
0.00000000
0.00000000
0.00000000
0.00000000
0.00000000
0.00000000
0.00000000
0.00000000
0.00000000
0.00000000
0.00000000
0.00000000
0.00000000
0.00000000
0.00000000
0.00000000
0.00000000
0.00000000
0.00000000
0.00000000
0.00000000
0.00000000
0.00000000
0.00000000
0.00000000
0.00000000
0.00000000
0.00000000
0.00000000
0.00000000
0.00000000
0.00000000
0.00000000
0.00000000
0.00000000
0.00000000
0.00000000
0.00000000
0.00000000
0.00000000
0.00000000
0.00000000
0.00000000
0.00000000
0.00000000
0.00000000
0.00000000
0.00000000
0.00000000
0.00000000
0.00000000
0.00000000
0.00000000
0.00000000
0.00000000
0.00000000
0.00000000
0.00000000
0.00000000
0.00000000
0.00000000
0.00000000
0.00000000
0.00000000
0.00000000
0.00000000
0.00000000
0.00000000
0.00000000
0.00000000
0.00000000
0.00000000
0.04958695
0.04205472
0.04307878
0.04336423
0.04177297
0.04220378
0.03734543
0.04228349
0.04197049
0.04319070
0.04073669
0.04481483
0.04383730
0.04256869
0.04083770
0.04125401
0.04056888
0.03501231
0.04162543
0.04025433
0.04009797
0.04314997
0.03793135
0.04045899
0.00000000
0.00000000
0.00000000
0.00000000
0.00000000
0.00000000
0.00000000
0.00000000
0.00000000
0.00000000
0.00000000
0.00000000
0.00000000
0.00000000
0.00000000
0.00000000
0.00000000
0.00000000
0.00000000
0.00000000
0.00000000
0.00000000
0.00000000
0.00000000
0.00000000
0.00000000
0.00000000
0.00000000
0.00000000
0.00000000
0.00000000
0.00000000
0.00000000
0.00000000
0.00000000
0.00000000
0.00000000
0.00000000
0.00000000
0.00000000
0.00000000
0.00000000
0.00000000
0.00000000
0.00000000
0.00000000
0.00000000
0.00000000
0.00000000
0.00000000
0.00000000
0.00000000
0.00000000
0.00000000
0.00000000
0.00000000
0.00000000
0.00000000
0.00000000
0.00000000
0.00000000
0.00000000
0.00000000
0.00000000
0.00000000
0.00000000
0.00000000
0.00000000
0.00000000
0.00000000
0.00000000
0.00000000
0.00000000
0.00000000
0.00000000
0.00000000
0.00000000
0.00000000
0.00000000
0.00000000
0.00000000
0.00000000
0.00000000
0.00000000
0.00000000
0.00000000
0.00000000
0.00000000
0.00000000
0.00000000
0.00000000
0.00000000
0.00000000
0.00000000
0.00000000
0.00000000
0.00000000
0.00000000
0.00000000
0.00000000
0.00000000
0.00000000
0.00000000
0.00000000
0.00000000
0.00000000
0.00000000
0.00000000
0.00000000
0.00000000
0.00000000
0.00000000
0.00000000
0.00000000
0.00000000
0.00000000
0.00000000
0.00000000
0.00000000
0.00000000
0.00000000
0.00000000
0.00000000
0.00000000
0.00000000
0.00000000
0.00000000
0.00000000
0.00000000
0.00000000
0.00000000
0.00000000
0.00000000
0.00000000
0.00000000
0.00000000
0.00000000
0.00000000
0.00000000
0.00000000
0.00000000
0.00000000
0.00000000
0.00000000
0.00000000
0.00000000
0.00000000
0.00000000
0.00000000
0.00000000
0.00000000
0.00000000
0.00000000
0.00000000
0.00000000
0.00000000
0.00000000
0.00000000
0.00000000
0.00000000
0.00000000
0.00000000
0.00000000
0.00000000
0.00000000
0.00000000
0.00000000
0.00000000
0.00000000
0.00000000
0.00000000
0.00000000
0.00000000
0.00000000
0.00000000
0.00000000
0.00000000
0.00000000
0.00000000
0.00000000
0.00000000
0.00000000
0.00000000
0.00000000
0.00000000
0.00000000
0.00000000
0.00000000
0.00000000
0.00000000
0.00000000
0.00000000
0.00000000
0.00000000
0.00000000
0.00000000
0.00000000
0.00000000
0.00000000
0.00000000
0.00000000
0.00000000
0.00000000
0.00000000
0.00000000
0.00000000
0.00000000
0.00000000
0.00000000
0.00000000
0.00000000
0.00000000
0.00000000
0.00000000
0.00000000
0.00000000
0.00000000
0.00000000
0.00000000
0.00000000
0.00000000
0.00000000
0.00000000
0.00000000
0.00000000
0.00000000
0.00000000
0.00000000
0.00000000
0.00000000
0.00000000
0.00000000
0.03732739
0.03961338
0.04192549
0.04225809
0.04113208
0.03954803
0.03530215
0.04180206
0.04036321
0.04389888
0.03964610
0.04329220
0.04029187
0.04000777
0.03890500
0.04076987
0.04031088
0.03434934
0.04327178
0.04060672
0.04100615
0.04181685
0.03399470
0.03846248
0.04009752
0.00000000
0.00000000
0.00000000
0.00000000
0.00000000
0.00000000
0.00000000
0.00000000
0.00000000
0.00000000
0.00000000
0.00000000
0.00000000
0.00000000
0.00000000
0.00000000
0.00000000
0.00000000
0.00000000
0.00000000
0.00000000
0.00000000
0.00000000
0.00000000
0.00000000
0.00000000
0.00000000
0.00000000
0.00000000
0.00000000
0.00000000
0.00000000
0.00000000
0.00000000
0.00000000
0.00000000
0.00000000
0.00000000
0.00000000
0.00000000
0.00000000
0.00000000
0.00000000
0.00000000
0.00000000
0.00000000
0.00000000
0.00000000
0.00000000
0.00000000
0.00000000
0.00000000
0.00000000
0.00000000
0.00000000
0.00000000
0.00000000
0.00000000
0.00000000
0.00000000
0.00000000
0.00000000
0.00000000
0.00000000
0.00000000
0.00000000
0.00000000
0.00000000
0.00000000
0.00000000
0.00000000
0.00000000
0.00000000
0.00000000
0.00000000
0.00000000
0.00000000
0.00000000
0.00000000
0.00000000
0.00000000
0.00000000
0.00000000
0.00000000
0.00000000
0.00000000
0.00000000
0.00000000
0.00000000
0.00000000
0.00000000
0.00000000
0.00000000
0.00000000
0.00000000
0.00000000
0.00000000
0.00000000
0.00000000
0.00000000
0.00000000
0.00000000
0.00000000
0.00000000
0.00000000
0.00000000
0.00000000
0.00000000
0.00000000
0.00000000
0.00000000
0.00000000
0.00000000
0.00000000
0.00000000
0.00000000
0.00000000
0.00000000
0.00000000
0.00000000
0.00000000
0.00000000
0.00000000
0.00000000
0.00000000
0.00000000
0.00000000
0.00000000
0.00000000
0.00000000
0.00000000
0.00000000
0.00000000
0.00000000
0.00000000
0.00000000
0.00000000
0.00000000
0.00000000
0.00000000
0.00000000
0.00000000
0.00000000
0.00000000
0.00000000
0.00000000
0.00000000
0.00000000
0.00000000
0.00000000
0.00000000
0.00000000
0.00000000
0.00000000
0.00000000
0.00000000
0.00000000
0.00000000
0.00000000
0.00000000
0.00000000
0.00000000
0.00000000
0.00000000
0.00000000
0.00000000
0.00000000
0.00000000
0.00000000
0.00000000
0.00000000
0.00000000
0.00000000
0.00000000
0.00000000
0.00000000
0.00000000
0.00000000
0.00000000
0.00000000
0.00000000
0.00000000
0.00000000
0.00000000
0.00000000
0.00000000
0.00000000
0.00000000
0.00000000
0.00000000
0.00000000
0.00000000
0.00000000
0.00000000
0.00000000
0.00000000
0.00000000
0.00000000
0.00000000
0.00000000
0.00000000
0.00000000
0.00000000
0.00000000
0.00000000
0.00000000
0.00000000
0.00000000
0.00000000
0.00000000
0.00000000
0.00000000
0.00000000
0.00000000
0.00000000
0.00000000
0.00000000
0.00000000
0.00000000
0.00000000
0.00000000
0.00000000
0.00000000
0.00000000
0.00000000
0.00000000
0.00000000
0.00000000
0.00000000
0.00000000
0.00000000
0.00677671
0.02766666
0.03827011
0.03985464
0.04345325
0.02634828
0.02285776
0.04156357
0.02924352
0.05503827
0.04116356
0.03434321
0.02158446
0.02630791
0.03547529
0.04711491
0.04699837
0.05232291
0.05298736
0.04724289
0.05119973
0.03903132
0.03580314
0.04060425
0.02009331
0.07665462
0.00000000
0.00000000
0.00000000
0.00000000
0.00000000
0.00000000
0.00000000
0.00000000
0.00000000
0.00000000
0.00000000
0.00000000
0.00000000
0.00000000
0.00000000
0.00000000
0.00000000
0.00000000
0.00000000
0.00000000
0.00000000
0.00000000
0.00000000
0.00000000
0.00000000
0.00000000
0.00000000
0.00000000
0.00000000
0.00000000
0.00000000
0.00000000
0.00000000
0.00000000
0.00000000
0.00000000
0.00000000
0.00000000
0.00000000
0.00000000
0.00000000
0.00000000
0.00000000
0.00000000
0.00000000
0.00000000
0.00000000
0.00000000
0.00000000
0.00000000
0.00000000
0.00000000
0.00000000
0.00000000
0.00000000
0.00000000
0.00000000
0.00000000
0.00000000
0.00000000
0.00000000
0.00000000
0.00000000
0.00000000
0.00000000
0.00000000
0.00000000
0.00000000
0.00000000
0.00000000
0.00000000
0.00000000
0.00000000
0.00000000
0.00000000
0.00000000
0.00000000
0.00000000
0.00000000
0.00000000
0.00000000
0.00000000
0.00000000
0.00000000
0.00000000
0.00000000
0.00000000
0.00000000
0.00000000
0.00000000
0.00000000
0.00000000
0.00000000
0.00000000
0.00000000
0.00000000
0.00000000
0.00000000
0.00000000
0.00000000
0.00000000
0.00000000
0.00000000
0.00000000
0.00000000
0.00000000
0.00000000
0.00000000
0.00000000
0.00000000
0.00000000
0.00000000
0.00000000
0.00000000
0.00000000
0.00000000
0.00000000
0.00000000
0.00000000
0.00000000
0.00000000
0.00000000
0.00000000
0.00000000
0.00000000
0.00000000
0.00000000
0.00000000
0.00000000
0.00000000
0.00000000
0.00000000
0.00000000
0.00000000
0.00000000
0.00000000
0.00000000
0.00000000
0.00000000
0.00000000
0.00000000
0.00000000
0.00000000
0.00000000
0.00000000
0.00000000
0.00000000
0.00000000
0.00000000
0.00000000
0.00000000
0.00000000
0.00000000
0.00000000
0.00000000
0.00000000
0.00000000
0.00000000
0.00000000
0.00000000
0.00000000
0.00000000
0.00000000
0.00000000
0.00000000
0.00000000
0.00000000
0.00000000
0.00000000
0.00000000
0.00000000
0.00000000
0.00000000
0.00000000
0.00000000
0.00000000
0.00000000
0.00000000
0.00000000
0.00000000
0.00000000
0.00000000
0.00000000
0.00000000
0.00000000
0.00000000
0.00000000
0.00000000
0.00000000
0.00000000
0.00000000
0.00000000
0.00000000
0.00000000
0.00000000
0.00000000
0.00000000
0.00000000
0.00000000
0.00000000
0.00000000
0.00000000
0.00000000
0.00000000
0.00000000
0.00000000
0.00000000
0.00000000
0.00000000
0.00000000
0.00000000
0.00000000
0.00000000
0.00000000
0.00000000
0.00000000
0.00000000
0.00000000
0.00000000
0.00000000
0.00000000
0.00000000
0.00000000
0.00000000
0.00000000
0.00000000
0.00000000
0.00000000
0.00000000
0.00000000
0.03734120
0.03699928
0.03765519
0.03769073
0.03738086
0.03651808
0.03573417
0.03798525
0.03632051
0.03844495
0.03593279
0.03823245
0.03670374
0.03635479
0.03578056
0.03675573
0.03639340
0.03526943
0.03826853
0.03713480
0.03680778
0.03789129
0.03468369
0.03714356
0.03700801
0.03861308
0.03895613
0.00000000
0.00000000
0.00000000
0.00000000
0.00000000
0.00000000
0.00000000
0.00000000
0.00000000
0.00000000
0.00000000
0.00000000
0.00000000
0.00000000
0.00000000
0.00000000
0.00000000
0.00000000
0.00000000
0.00000000
0.00000000
0.00000000
0.00000000
0.00000000
0.00000000
0.00000000
0.00000000
0.00000000
0.00000000
0.00000000
0.00000000
0.00000000
0.00000000
0.00000000
0.00000000
0.00000000
0.00000000
0.00000000
0.00000000
0.00000000
0.00000000
0.00000000
0.00000000
0.00000000
0.00000000
0.00000000
0.00000000
0.00000000
0.00000000
0.00000000
0.00000000
0.00000000
0.00000000
0.00000000
0.00000000
0.00000000
0.00000000
0.00000000
0.00000000
0.00000000
0.00000000
0.00000000
0.00000000
0.00000000
0.00000000
0.00000000
0.00000000
0.00000000
0.00000000
0.00000000
0.00000000
0.00000000
0.00000000
0.00000000
0.00000000
0.00000000
0.00000000
0.00000000
0.00000000
0.00000000
0.00000000
0.00000000
0.00000000
0.00000000
0.00000000
0.00000000
0.00000000
0.00000000
0.00000000
0.00000000
0.00000000
0.00000000
0.00000000
0.00000000
0.00000000
0.00000000
0.00000000
0.00000000
0.00000000
0.00000000
0.00000000
0.00000000
0.00000000
0.00000000
0.00000000
0.00000000
0.00000000
0.00000000
0.00000000
0.00000000
0.00000000
0.00000000
0.00000000
0.00000000
0.00000000
0.00000000
0.00000000
0.00000000
0.00000000
0.00000000
0.00000000
0.00000000
0.00000000
0.00000000
0.00000000
0.00000000
0.00000000
0.00000000
0.00000000
0.00000000
0.00000000
0.00000000
0.00000000
0.00000000
0.00000000
0.00000000
0.00000000
0.00000000
0.00000000
0.00000000
0.00000000
0.00000000
0.00000000
0.00000000
0.00000000
0.00000000
0.00000000
0.00000000
0.00000000
0.00000000
0.00000000
0.00000000
0.00000000
0.00000000
0.00000000
0.00000000
0.00000000
0.00000000
0.00000000
0.00000000
0.00000000
0.00000000
0.00000000
0.00000000
0.00000000
0.00000000
0.00000000
0.00000000
0.00000000
0.00000000
0.00000000
0.00000000
0.00000000
0.00000000
0.00000000
0.00000000
0.00000000
0.00000000
0.00000000
0.00000000
0.00000000
0.00000000
0.00000000
0.00000000
0.00000000
0.00000000
0.00000000
0.00000000
0.00000000
0.00000000
0.00000000
0.00000000
0.00000000
0.00000000
0.00000000
0.00000000
0.00000000
0.00000000
0.00000000
0.00000000
0.00000000
0.00000000
0.00000000
0.00000000
0.00000000
0.00000000
0.00000000
0.00000000
0.00000000
0.00000000
0.00000000
0.00000000
0.00000000
0.00000000
0.00000000
0.00000000
0.00000000
0.00000000
0.00000000
0.00000000
0.00000000
0.00000000
0.00000000
0.00000000
0.00000000
0.00000000
0.00000000
0.00000000
0.00000000
0.04130689
0.03698105
0.03709462
0.03664675
0.03546473
0.03559882
0.03431678
0.03675062
0.03580514
0.03671163
0.03354055
0.03786370
0.03684175
0.03592781
0.03410697
0.03491279
0.03428442
0.03072298
0.03691569
0.03577137
0.03536866
0.03744626
0.03193849
0.03523959
0.03762777
0.03319817
0.03818208
0.03343391
0.00000000
0.00000000
0.00000000
0.00000000
0.00000000
0.00000000
0.00000000
0.00000000
0.00000000
0.00000000
0.00000000
0.00000000
0.00000000
0.00000000
0.00000000
0.00000000
0.00000000
0.00000000
0.00000000
0.00000000
0.00000000
0.00000000
0.00000000
0.00000000
0.00000000
0.00000000
0.00000000
0.00000000
0.00000000
0.00000000
0.00000000
0.00000000
0.00000000
0.00000000
0.00000000
0.00000000
0.00000000
0.00000000
0.00000000
0.00000000
0.00000000
0.00000000
0.00000000
0.00000000
0.00000000
0.00000000
0.00000000
0.00000000
0.00000000
0.00000000
0.00000000
0.00000000
0.00000000
0.00000000
0.00000000
0.00000000
0.00000000
0.00000000
0.00000000
0.00000000
0.00000000
0.00000000
0.00000000
0.00000000
0.00000000
0.00000000
0.00000000
0.00000000
0.00000000
0.00000000
0.00000000
0.00000000
0.00000000
0.00000000
0.00000000
0.00000000
0.00000000
0.00000000
0.00000000
0.00000000
0.00000000
0.00000000
0.00000000
0.00000000
0.00000000
0.00000000
0.00000000
0.00000000
0.00000000
0.00000000
0.00000000
0.00000000
0.00000000
0.00000000
0.00000000
0.00000000
0.00000000
0.00000000
0.00000000
0.00000000
0.00000000
0.00000000
0.00000000
0.00000000
0.00000000
0.00000000
0.00000000
0.00000000
0.00000000
0.00000000
0.00000000
0.00000000
0.00000000
0.00000000
0.00000000
0.00000000
0.00000000
0.00000000
0.00000000
0.00000000
0.00000000
0.00000000
0.00000000
0.00000000
0.00000000
0.00000000
0.00000000
0.00000000
0.00000000
0.00000000
0.00000000
0.00000000
0.00000000
0.00000000
0.00000000
0.00000000
0.00000000
0.00000000
0.00000000
0.00000000
0.00000000
0.00000000
0.00000000
0.00000000
0.00000000
0.00000000
0.00000000
0.00000000
0.00000000
0.00000000
0.00000000
0.00000000
0.00000000
0.00000000
0.00000000
0.00000000
0.00000000
0.00000000
0.00000000
0.00000000
0.00000000
0.00000000
0.00000000
0.00000000
0.00000000
0.00000000
0.00000000
0.00000000
0.00000000
0.00000000
0.00000000
0.00000000
0.00000000
0.00000000
0.00000000
0.00000000
0.00000000
0.00000000
0.00000000
0.00000000
0.00000000
0.00000000
0.00000000
0.00000000
0.00000000
0.00000000
0.00000000
0.00000000
0.00000000
0.00000000
0.00000000
0.00000000
0.00000000
0.00000000
0.00000000
0.00000000
0.00000000
0.00000000
0.00000000
0.00000000
0.00000000
0.00000000
0.00000000
0.00000000
0.00000000
0.00000000
0.00000000
0.00000000
0.00000000
0.00000000
0.00000000
0.00000000
0.00000000
0.00000000
0.00000000
0.00000000
0.00000000
0.00000000
0.00000000
0.00000000
0.00000000
0.00000000
0.00000000
0.00000000
0.00000000
0.00000000
0.00000000
0.00000000
0.00607003
0.02106935
0.02997043
0.03507671
0.03971010
0.02520896
0.01953530
0.03471046
0.02417818
0.04845720
0.03707152
0.03129610
0.01962998
0.02395678
0.03222117
0.04392828
0.04396456
0.04545668
0.04639912
0.04081642
0.04427677
0.03338158
0.03106810
0.03150719
0.01667768
0.03201284
0.03892188
0.05455482
0.06887181
0.00000000
0.00000000
0.00000000
0.00000000
0.00000000
0.00000000
0.00000000
0.00000000
0.00000000
0.00000000
0.00000000
0.00000000
0.00000000
0.00000000
0.00000000
0.00000000
0.00000000
0.00000000
0.00000000
0.00000000
0.00000000
0.00000000
0.00000000
0.00000000
0.00000000
0.00000000
0.00000000
0.00000000
0.00000000
0.00000000
0.00000000
0.00000000
0.00000000
0.00000000
0.00000000
0.00000000
0.00000000
0.00000000
0.00000000
0.00000000
0.00000000
0.00000000
0.00000000
0.00000000
0.00000000
0.00000000
0.00000000
0.00000000
0.00000000
0.00000000
0.00000000
0.00000000
0.00000000
0.00000000
0.00000000
0.00000000
0.00000000
0.00000000
0.00000000
0.00000000
0.00000000
0.00000000
0.00000000
0.00000000
0.00000000
0.00000000
0.00000000
0.00000000
0.00000000
0.00000000
0.00000000
0.00000000
0.00000000
0.00000000
0.00000000
0.00000000
0.00000000
0.00000000
0.00000000
0.00000000
0.00000000
0.00000000
0.00000000
0.00000000
0.00000000
0.00000000
0.00000000
0.00000000
0.00000000
0.00000000
0.00000000
0.00000000
0.00000000
0.00000000
0.00000000
0.00000000
0.00000000
0.00000000
0.00000000
0.00000000
0.00000000
0.00000000
0.00000000
0.00000000
0.00000000
0.00000000
0.00000000
0.00000000
0.00000000
0.00000000
0.00000000
0.00000000
0.00000000
0.00000000
0.00000000
0.00000000
0.00000000
0.00000000
0.00000000
0.00000000
0.00000000
0.00000000
0.00000000
0.00000000
0.00000000
0.00000000
0.00000000
0.00000000
0.00000000
0.00000000
0.00000000
0.00000000
0.00000000
0.00000000
0.00000000
0.00000000
0.00000000
0.00000000
0.00000000
0.00000000
0.00000000
0.00000000
0.00000000
0.00000000
0.00000000
0.00000000
0.00000000
0.00000000
0.00000000
0.00000000
0.00000000
0.00000000
0.00000000
0.00000000
0.00000000
0.00000000
0.00000000
0.00000000
0.00000000
0.00000000
0.00000000
0.00000000
0.00000000
0.00000000
0.00000000
0.00000000
0.00000000
0.00000000
0.00000000
0.00000000
0.00000000
0.00000000
0.00000000
0.00000000
0.00000000
0.00000000
0.00000000
0.00000000
0.00000000
0.00000000
0.00000000
0.00000000
0.00000000
0.00000000
0.00000000
0.00000000
0.00000000
0.00000000
0.00000000
0.00000000
0.00000000
0.00000000
0.00000000
0.00000000
0.00000000
0.00000000
0.00000000
0.00000000
0.00000000
0.00000000
0.00000000
0.00000000
0.00000000
0.00000000
0.00000000
0.00000000
0.00000000
0.00000000
0.00000000
0.00000000
0.00000000
0.00000000
0.00000000
0.00000000
0.00000000
0.00000000
0.00000000
0.00000000
0.00000000
0.00000000
0.00000000
0.00000000
0.00000000
0.00000000
0.00000000
0.00000000
0.00000000
0.03459526
0.03374102
0.03534584
0.03497679
0.03374102
0.03282260
0.02965684
0.03409704
0.03334936
0.03516290
0.03242248
0.03505111
0.03343600
0.03284971
0.03216730
0.03322374
0.03281873
0.02990621
0.03470559
0.03329827
0.03364962
0.03470968
0.03095768
0.03304009
0.03341629
0.03160698
0.03562204
0.03357034
0.03165547
0.03440403
0.00000000
0.00000000
0.00000000
0.00000000
0.00000000
0.00000000
0.00000000
0.00000000
0.00000000
0.00000000
0.00000000
0.00000000
0.00000000
0.00000000
0.00000000
0.00000000
0.00000000
0.00000000
0.00000000
0.00000000
0.00000000
0.00000000
0.00000000
0.00000000
0.00000000
0.00000000
0.00000000
0.00000000
0.00000000
0.00000000
0.00000000
0.00000000
0.00000000
0.00000000
0.00000000
0.00000000
0.00000000
0.00000000
0.00000000
0.00000000
0.00000000
0.00000000
0.00000000
0.00000000
0.00000000
0.00000000
0.00000000
0.00000000
0.00000000
0.00000000
0.00000000
0.00000000
0.00000000
0.00000000
0.00000000
0.00000000
0.00000000
0.00000000
0.00000000
0.00000000
0.00000000
0.00000000
0.00000000
0.00000000
0.00000000
0.00000000
0.00000000
0.00000000
0.00000000
0.00000000
0.00000000
0.00000000
0.00000000
0.00000000
0.00000000
0.00000000
0.00000000
0.00000000
0.00000000
0.00000000
0.00000000
0.00000000
0.00000000
0.00000000
0.00000000
0.00000000
0.00000000
0.00000000
0.00000000
0.00000000
0.00000000
0.00000000
0.00000000
0.00000000
0.00000000
0.00000000
0.00000000
0.00000000
0.00000000
0.00000000
0.00000000
0.00000000
0.00000000
0.00000000
0.00000000
0.00000000
0.00000000
0.00000000
0.00000000
0.00000000
0.00000000
0.00000000
0.00000000
0.00000000
0.00000000
0.00000000
0.00000000
0.00000000
0.00000000
0.00000000
0.00000000
0.00000000
0.00000000
0.00000000
0.00000000
0.00000000
0.00000000
0.00000000
0.00000000
0.00000000
0.00000000
0.00000000
0.00000000
0.00000000
0.00000000
0.00000000
0.00000000
0.00000000
0.00000000
0.00000000
0.00000000
0.00000000
0.00000000
0.00000000
0.00000000
0.00000000
0.00000000
0.00000000
0.00000000
0.00000000
0.00000000
0.00000000
0.00000000
0.00000000
0.00000000
0.00000000
0.00000000
0.00000000
0.00000000
0.00000000
0.00000000
0.00000000
0.00000000
0.00000000
0.00000000
0.00000000
0.00000000
0.00000000
0.00000000
0.00000000
0.00000000
0.00000000
0.00000000
0.00000000
0.00000000
0.00000000
0.00000000
0.00000000
0.00000000
0.00000000
0.00000000
0.00000000
0.00000000
0.00000000
0.00000000
0.00000000
0.00000000
0.00000000
0.00000000
0.00000000
0.00000000
0.00000000
0.00000000
0.00000000
0.00000000
0.00000000
0.00000000
0.00000000
0.00000000
0.00000000
0.00000000
0.00000000
0.00000000
0.00000000
0.00000000
0.00000000
0.00000000
0.00000000
0.00000000
0.00000000
0.00000000
0.00000000
0.00000000
0.00000000
0.00000000
0.00000000
0.00000000
0.00000000
0.00000000
0.00000000
0.00000000
0.00000000
0.00000000
0.00000000
0.00000000
0.00000000
0.03224303
0.03201945
0.03396034
0.03410886
0.03336879
0.03187252
0.02850442
0.03338454
0.03160302
0.03485711
0.03156205
0.03430654
0.03196663
0.03133950
0.03082267
0.03262554
0.03222402
0.02916410
0.03429845
0.03266789
0.03267560
0.03392432
0.02956234
0.03205724
0.03190260
0.02963215
0.03512949
0.03246051
0.02972666
0.03374475
0.03228488
0.00000000
0.00000000
0.00000000
0.00000000
0.00000000
0.00000000
0.00000000
0.00000000
0.00000000
0.00000000
0.00000000
0.00000000
0.00000000
0.00000000
0.00000000
0.00000000
0.00000000
0.00000000
0.00000000
0.00000000
0.00000000
0.00000000
0.00000000
0.00000000
0.00000000
0.00000000
0.00000000
0.00000000
0.00000000
0.00000000
0.00000000
0.00000000
0.00000000
0.00000000
0.00000000
0.00000000
0.00000000
0.00000000
0.00000000
0.00000000
0.00000000
0.00000000
0.00000000
0.00000000
0.00000000
0.00000000
0.00000000
0.00000000
0.00000000
0.00000000
0.00000000
0.00000000
0.00000000
0.00000000
0.00000000
0.00000000
0.00000000
0.00000000
0.00000000
0.00000000
0.00000000
0.00000000
0.00000000
0.00000000
0.00000000
0.00000000
0.00000000
0.00000000
0.00000000
0.00000000
0.00000000
0.00000000
0.00000000
0.00000000
0.00000000
0.00000000
0.00000000
0.00000000
0.00000000
0.00000000
0.00000000
0.00000000
0.00000000
0.00000000
0.00000000
0.00000000
0.00000000
0.00000000
0.00000000
0.00000000
0.00000000
0.00000000
0.00000000
0.00000000
0.00000000
0.00000000
0.00000000
0.00000000
0.00000000
0.00000000
0.00000000
0.00000000
0.00000000
0.00000000
0.00000000
0.00000000
0.00000000
0.00000000
0.00000000
0.00000000
0.00000000
0.00000000
0.00000000
0.00000000
0.00000000
0.00000000
0.00000000
0.00000000
0.00000000
0.00000000
0.00000000
0.00000000
0.00000000
0.00000000
0.00000000
0.00000000
0.00000000
0.00000000
0.00000000
0.00000000
0.00000000
0.00000000
0.00000000
0.00000000
0.00000000
0.00000000
0.00000000
0.00000000
0.00000000
0.00000000
0.00000000
0.00000000
0.00000000
0.00000000
0.00000000
0.00000000
0.00000000
0.00000000
0.00000000
0.00000000
0.00000000
0.00000000
0.00000000
0.00000000
0.00000000
0.00000000
0.00000000
0.00000000
0.00000000
0.00000000
0.00000000
0.00000000
0.00000000
0.00000000
0.00000000
0.00000000
0.00000000
0.00000000
0.00000000
0.00000000
0.00000000
0.00000000
0.00000000
0.00000000
0.00000000
0.00000000
0.00000000
0.00000000
0.00000000
0.00000000
0.00000000
0.00000000
0.00000000
0.00000000
0.00000000
0.00000000
0.00000000
0.00000000
0.00000000
0.00000000
0.00000000
0.00000000
0.00000000
0.00000000
0.00000000
0.00000000
0.00000000
0.00000000
0.00000000
0.00000000
0.00000000
0.00000000
0.00000000
0.00000000
0.00000000
0.00000000
0.00000000
0.00000000
0.00000000
0.00000000
0.00000000
0.00000000
0.00000000
0.00000000
0.00000000
0.00000000
0.00000000
0.00000000
0.00000000
0.00000000
0.00000000
0.00000000
0.00000000
0.00000000
0.00000000
0.00551728
0.02124005
0.02582410
0.02909426
0.03186752
0.02069605
0.01750685
0.03262427
0.02488821
0.04322127
0.03130503
0.02766540
0.01753578
0.02188852
0.02927323
0.04076072
0.04066469
0.03639752
0.04257874
0.03938557
0.04176312
0.03124233
0.02713225
0.02752870
0.01737316
0.02859084
0.03371559
0.04105501
0.02914921
0.03540262
0.04394082
0.06317127
0.00000000
0.00000000
0.00000000
0.00000000
0.00000000
0.00000000
0.00000000
0.00000000
0.00000000
0.00000000
0.00000000
0.00000000
0.00000000
0.00000000
0.00000000
0.00000000
0.00000000
0.00000000
0.00000000
0.00000000
0.00000000
0.00000000
0.00000000
0.00000000
0.00000000
0.00000000
0.00000000
0.00000000
0.00000000
0.00000000
0.00000000
0.00000000
0.00000000
0.00000000
0.00000000
0.00000000
0.00000000
0.00000000
0.00000000
0.00000000
0.00000000
0.00000000
0.00000000
0.00000000
0.00000000
0.00000000
0.00000000
0.00000000
0.00000000
0.00000000
0.00000000
0.00000000
0.00000000
0.00000000
0.00000000
0.00000000
0.00000000
0.00000000
0.00000000
0.00000000
0.00000000
0.00000000
0.00000000
0.00000000
0.00000000
0.00000000
0.00000000
0.00000000
0.00000000
0.00000000
0.00000000
0.00000000
0.00000000
0.00000000
0.00000000
0.00000000
0.00000000
0.00000000
0.00000000
0.00000000
0.00000000
0.00000000
0.00000000
0.00000000
0.00000000
0.00000000
0.00000000
0.00000000
0.00000000
0.00000000
0.00000000
0.00000000
0.00000000
0.00000000
0.00000000
0.00000000
0.00000000
0.00000000
0.00000000
0.00000000
0.00000000
0.00000000
0.00000000
0.00000000
0.00000000
0.00000000
0.00000000
0.00000000
0.00000000
0.00000000
0.00000000
0.00000000
0.00000000
0.00000000
0.00000000
0.00000000
0.00000000
0.00000000
0.00000000
0.00000000
0.00000000
0.00000000
0.00000000
0.00000000
0.00000000
0.00000000
0.00000000
0.00000000
0.00000000
0.00000000
0.00000000
0.00000000
0.00000000
0.00000000
0.00000000
0.00000000
0.00000000
0.00000000
0.00000000
0.00000000
0.00000000
0.00000000
0.00000000
0.00000000
0.00000000
0.00000000
0.00000000
0.00000000
0.00000000
0.00000000
0.00000000
0.00000000
0.00000000
0.00000000
0.00000000
0.00000000
0.00000000
0.00000000
0.00000000
0.00000000
0.00000000
0.00000000
0.00000000
0.00000000
0.00000000
0.00000000
0.00000000
0.00000000
0.00000000
0.00000000
0.00000000
0.00000000
0.00000000
0.00000000
0.00000000
0.00000000
0.00000000
0.00000000
0.00000000
0.00000000
0.00000000
0.00000000
0.00000000
0.00000000
0.00000000
0.00000000
0.00000000
0.00000000
0.00000000
0.00000000
0.00000000
0.00000000
0.00000000
0.00000000
0.00000000
0.00000000
0.00000000
0.00000000
0.00000000
0.00000000
0.00000000
0.00000000
0.00000000
0.00000000
0.00000000
0.00000000
0.00000000
0.00000000
0.00000000
0.00000000
0.00000000
0.00000000
0.00000000
0.00000000
0.00000000
0.00000000
0.00000000
0.00000000
0.00000000
0.00000000
0.00000000
0.00000000
0.00000000
0.00000000
0.01100876
0.02485445
0.02920251
0.03078328
0.03123677
0.02361709
0.01859761
0.03183555
0.02691708
0.03924411
0.03104579
0.03004797
0.02210250
0.02483979
0.02907193
0.03693148
0.03683144
0.03102017
0.03905480
0.03640821
0.03793354
0.03273793
0.02606732
0.02894193
0.02200367
0.02756278
0.03392095
0.03622831
0.02657955
0.03318105
0.03579934
0.03562665
0.03876570
0.00000000
0.00000000
0.00000000
0.00000000
0.00000000
0.00000000
0.00000000
0.00000000
0.00000000
0.00000000
0.00000000
0.00000000
0.00000000
0.00000000
0.00000000
0.00000000
0.00000000
0.00000000
0.00000000
0.00000000
0.00000000
0.00000000
0.00000000
0.00000000
0.00000000
0.00000000
0.00000000
0.00000000
0.00000000
0.00000000
0.00000000
0.00000000
0.00000000
0.00000000
0.00000000
0.00000000
0.00000000
0.00000000
0.00000000
0.00000000
0.00000000
0.00000000
0.00000000
0.00000000
0.00000000
0.00000000
0.00000000
0.00000000
0.00000000
0.00000000
0.00000000
0.00000000
0.00000000
0.00000000
0.00000000
0.00000000
0.00000000
0.00000000
0.00000000
0.00000000
0.00000000
0.00000000
0.00000000
0.00000000
0.00000000
0.00000000
0.00000000
0.00000000
0.00000000
0.00000000
0.00000000
0.00000000
0.00000000
0.00000000
0.00000000
0.00000000
0.00000000
0.00000000
0.00000000
0.00000000
0.00000000
0.00000000
0.00000000
0.00000000
0.00000000
0.00000000
0.00000000
0.00000000
0.00000000
0.00000000
0.00000000
0.00000000
0.00000000
0.00000000
0.00000000
0.00000000
0.00000000
0.00000000
0.00000000
0.00000000
0.00000000
0.00000000
0.00000000
0.00000000
0.00000000
0.00000000
0.00000000
0.00000000
0.00000000
0.00000000
0.00000000
0.00000000
0.00000000
0.00000000
0.00000000
0.00000000
0.00000000
0.00000000
0.00000000
0.00000000
0.00000000
0.00000000
0.00000000
0.00000000
0.00000000
0.00000000
0.00000000
0.00000000
0.00000000
0.00000000
0.00000000
0.00000000
0.00000000
0.00000000
0.00000000
0.00000000
0.00000000
0.00000000
0.00000000
0.00000000
0.00000000
0.00000000
0.00000000
0.00000000
0.00000000
0.00000000
0.00000000
0.00000000
0.00000000
0.00000000
0.00000000
0.00000000
0.00000000
0.00000000
0.00000000
0.00000000
0.00000000
0.00000000
0.00000000
0.00000000
0.00000000
0.00000000
0.00000000
0.00000000
0.00000000
0.00000000
0.00000000
0.00000000
0.00000000
0.00000000
0.00000000
0.00000000
0.00000000
0.00000000
0.00000000
0.00000000
0.00000000
0.00000000
0.00000000
0.00000000
0.00000000
0.00000000
0.00000000
0.00000000
0.00000000
0.00000000
0.00000000
0.00000000
0.00000000
0.00000000
0.00000000
0.00000000
0.00000000
0.00000000
0.00000000
0.00000000
0.00000000
0.00000000
0.00000000
0.00000000
0.00000000
0.00000000
0.00000000
0.00000000
0.00000000
0.00000000
0.00000000
0.00000000
0.00000000
0.00000000
0.00000000
0.00000000
0.00000000
0.00000000
0.00000000
0.00000000
0.00000000
0.00000000
0.00000000
0.00000000
0.00000000
0.00000000
0.00000000
0.03017947
0.02974485
0.03005516
0.02971680
0.02969577
0.02934415
0.03095084
0.03022934
0.02948986
0.03000557
0.02890451
0.02989960
0.02927502
0.02935454
0.02937185
0.02930957
0.02879563
0.02855552
0.02953859
0.02937878
0.02929920
0.02949334
0.02945163
0.02892156
0.02891474
0.02986436
0.02969928
0.02873795
0.02845131
0.02891474
0.02872779
0.02930611
0.02928193
0.02914068
0.00000000
0.00000000
0.00000000
0.00000000
0.00000000
0.00000000
0.00000000
0.00000000
0.00000000
0.00000000
0.00000000
0.00000000
0.00000000
0.00000000
0.00000000
0.00000000
0.00000000
0.00000000
0.00000000
0.00000000
0.00000000
0.00000000
0.00000000
0.00000000
0.00000000
0.00000000
0.00000000
0.00000000
0.00000000
0.00000000
0.00000000
0.00000000
0.00000000
0.00000000
0.00000000
0.00000000
0.00000000
0.00000000
0.00000000
0.00000000
0.00000000
0.00000000
0.00000000
0.00000000
0.00000000
0.00000000
0.00000000
0.00000000
0.00000000
0.00000000
0.00000000
0.00000000
0.00000000
0.00000000
0.00000000
0.00000000
0.00000000
0.00000000
0.00000000
0.00000000
0.00000000
0.00000000
0.00000000
0.00000000
0.00000000
0.00000000
0.00000000
0.00000000
0.00000000
0.00000000
0.00000000
0.00000000
0.00000000
0.00000000
0.00000000
0.00000000
0.00000000
0.00000000
0.00000000
0.00000000
0.00000000
0.00000000
0.00000000
0.00000000
0.00000000
0.00000000
0.00000000
0.00000000
0.00000000
0.00000000
0.00000000
0.00000000
0.00000000
0.00000000
0.00000000
0.00000000
0.00000000
0.00000000
0.00000000
0.00000000
0.00000000
0.00000000
0.00000000
0.00000000
0.00000000
0.00000000
0.00000000
0.00000000
0.00000000
0.00000000
0.00000000
0.00000000
0.00000000
0.00000000
0.00000000
0.00000000
0.00000000
0.00000000
0.00000000
0.00000000
0.00000000
0.00000000
0.00000000
0.00000000
0.00000000
0.00000000
0.00000000
0.00000000
0.00000000
0.00000000
0.00000000
0.00000000
0.00000000
0.00000000
0.00000000
0.00000000
0.00000000
0.00000000
0.00000000
0.00000000
0.00000000
0.00000000
0.00000000
0.00000000
0.00000000
0.00000000
0.00000000
0.00000000
0.00000000
0.00000000
0.00000000
0.00000000
0.00000000
0.00000000
0.00000000
0.00000000
0.00000000
0.00000000
0.00000000
0.00000000
0.00000000
0.00000000
0.00000000
0.00000000
0.00000000
0.00000000
0.00000000
0.00000000
0.00000000
0.00000000
0.00000000
0.00000000
0.00000000
0.00000000
0.00000000
0.00000000
0.00000000
0.00000000
0.00000000
0.00000000
0.00000000
0.00000000
0.00000000
0.00000000
0.00000000
0.00000000
0.00000000
0.00000000
0.00000000
0.00000000
0.00000000
0.00000000
0.00000000
0.00000000
0.00000000
0.00000000
0.00000000
0.00000000
0.00000000
0.00000000
0.00000000
0.00000000
0.00000000
0.00000000
0.00000000
0.00000000
0.00000000
0.00000000
0.00000000
0.00000000
0.00000000
0.00000000
0.00000000
0.00000000
0.00000000
0.00000000
0.00000000
0.00000000
0.00000000
0.00000000
0.00000000
0.00000000
0.02602732
0.02758872
0.02927140
0.03003018
0.02945146
0.02817068
0.02465586
0.02977626
0.02836069
0.03155512
0.02812752
0.03095431
0.02850152
0.02847464
0.02774534
0.02957677
0.02933706
0.02491895
0.03174174
0.02978680
0.03006562
0.03081953
0.02480460
0.02871746
0.02868023
0.02468786
0.03227018
0.02961516
0.02501612
0.03098718
0.02988532
0.02550468
0.02699013
0.03035062
0.02755296
0.00000000
0.00000000
0.00000000
0.00000000
0.00000000
0.00000000
0.00000000
0.00000000
0.00000000
0.00000000
0.00000000
0.00000000
0.00000000
0.00000000
0.00000000
0.00000000
0.00000000
0.00000000
0.00000000
0.00000000
0.00000000
0.00000000
0.00000000
0.00000000
0.00000000
0.00000000
0.00000000
0.00000000
0.00000000
0.00000000
0.00000000
0.00000000
0.00000000
0.00000000
0.00000000
0.00000000
0.00000000
0.00000000
0.00000000
0.00000000
0.00000000
0.00000000
0.00000000
0.00000000
0.00000000
0.00000000
0.00000000
0.00000000
0.00000000
0.00000000
0.00000000
0.00000000
0.00000000
0.00000000
0.00000000
0.00000000
0.00000000
0.00000000
0.00000000
0.00000000
0.00000000
0.00000000
0.00000000
0.00000000
0.00000000
0.00000000
0.00000000
0.00000000
0.00000000
0.00000000
0.00000000
0.00000000
0.00000000
0.00000000
0.00000000
0.00000000
0.00000000
0.00000000
0.00000000
0.00000000
0.00000000
0.00000000
0.00000000
0.00000000
0.00000000
0.00000000
0.00000000
0.00000000
0.00000000
0.00000000
0.00000000
0.00000000
0.00000000
0.00000000
0.00000000
0.00000000
0.00000000
0.00000000
0.00000000
0.00000000
0.00000000
0.00000000
0.00000000
0.00000000
0.00000000
0.00000000
0.00000000
0.00000000
0.00000000
0.00000000
0.00000000
0.00000000
0.00000000
0.00000000
0.00000000
0.00000000
0.00000000
0.00000000
0.00000000
0.00000000
0.00000000
0.00000000
0.00000000
0.00000000
0.00000000
0.00000000
0.00000000
0.00000000
0.00000000
0.00000000
0.00000000
0.00000000
0.00000000
0.00000000
0.00000000
0.00000000
0.00000000
0.00000000
0.00000000
0.00000000
0.00000000
0.00000000
0.00000000
0.00000000
0.00000000
0.00000000
0.00000000
0.00000000
0.00000000
0.00000000
0.00000000
0.00000000
0.00000000
0.00000000
0.00000000
0.00000000
0.00000000
0.00000000
0.00000000
0.00000000
0.00000000
0.00000000
0.00000000
0.00000000
0.00000000
0.00000000
0.00000000
0.00000000
0.00000000
0.00000000
0.00000000
0.00000000
0.00000000
0.00000000
0.00000000
0.00000000
0.00000000
0.00000000
0.00000000
0.00000000
0.00000000
0.00000000
0.00000000
0.00000000
0.00000000
0.00000000
0.00000000
0.00000000
0.00000000
0.00000000
0.00000000
0.00000000
0.00000000
0.00000000
0.00000000
0.00000000
0.00000000
0.00000000
0.00000000
0.00000000
0.00000000
0.00000000
0.00000000
0.00000000
0.00000000
0.00000000
0.00000000
0.00000000
0.00000000
0.00000000
0.00000000
0.00000000
0.00000000
0.00000000
0.00000000
0.00000000
0.00000000
0.00000000
0.00000000
0.00000000
0.00000000
0.02933512
0.02792405
0.02905280
0.02952950
0.02843920
0.02733107
0.02334685
0.02968313
0.02859727
0.03091214
0.02674437
0.03065438
0.02829868
0.02780247
0.02682017
0.02829200
0.02753814
0.02237637
0.02985517
0.02803294
0.02818211
0.02990450
0.02378317
0.02738269
0.02848955
0.02356261
0.03159027
0.02801641
0.02348493
0.02993273
0.02857704
0.02443712
0.02670025
0.03046696
0.02745059
0.02747326
0.00000000
0.00000000
0.00000000
0.00000000
0.00000000
0.00000000
0.00000000
0.00000000
0.00000000
0.00000000
0.00000000
0.00000000
0.00000000
0.00000000
0.00000000
0.00000000
0.00000000
0.00000000
0.00000000
0.00000000
0.00000000
0.00000000
0.00000000
0.00000000
0.00000000
0.00000000
0.00000000
0.00000000
0.00000000
0.00000000
0.00000000
0.00000000
0.00000000
0.00000000
0.00000000
0.00000000
0.00000000
0.00000000
0.00000000
0.00000000
0.00000000
0.00000000
0.00000000
0.00000000
0.00000000
0.00000000
0.00000000
0.00000000
0.00000000
0.00000000
0.00000000
0.00000000
0.00000000
0.00000000
0.00000000
0.00000000
0.00000000
0.00000000
0.00000000
0.00000000
0.00000000
0.00000000
0.00000000
0.00000000
0.00000000
0.00000000
0.00000000
0.00000000
0.00000000
0.00000000
0.00000000
0.00000000
0.00000000
0.00000000
0.00000000
0.00000000
0.00000000
0.00000000
0.00000000
0.00000000
0.00000000
0.00000000
0.00000000
0.00000000
0.00000000
0.00000000
0.00000000
0.00000000
0.00000000
0.00000000
0.00000000
0.00000000
0.00000000
0.00000000
0.00000000
0.00000000
0.00000000
0.00000000
0.00000000
0.00000000
0.00000000
0.00000000
0.00000000
0.00000000
0.00000000
0.00000000
0.00000000
0.00000000
0.00000000
0.00000000
0.00000000
0.00000000
0.00000000
0.00000000
0.00000000
0.00000000
0.00000000
0.00000000
0.00000000
0.00000000
0.00000000
0.00000000
0.00000000
0.00000000
0.00000000
0.00000000
0.00000000
0.00000000
0.00000000
0.00000000
0.00000000
0.00000000
0.00000000
0.00000000
0.00000000
0.00000000
0.00000000
0.00000000
0.00000000
0.00000000
0.00000000
0.00000000
0.00000000
0.00000000
0.00000000
0.00000000
0.00000000
0.00000000
0.00000000
0.00000000
0.00000000
0.00000000
0.00000000
0.00000000
0.00000000
0.00000000
0.00000000
0.00000000
0.00000000
0.00000000
0.00000000
0.00000000
0.00000000
0.00000000
0.00000000
0.00000000
0.00000000
0.00000000
0.00000000
0.00000000
0.00000000
0.00000000
0.00000000
0.00000000
0.00000000
0.00000000
0.00000000
0.00000000
0.00000000
0.00000000
0.00000000
0.00000000
0.00000000
0.00000000
0.00000000
0.00000000
0.00000000
0.00000000
0.00000000
0.00000000
0.00000000
0.00000000
0.00000000
0.00000000
0.00000000
0.00000000
0.00000000
0.00000000
0.00000000
0.00000000
0.00000000
0.00000000
0.00000000
0.00000000
0.00000000
0.00000000
0.00000000
0.00000000
0.00000000
0.00000000
0.00000000
0.00000000
0.00000000
0.00000000
0.00000000
0.00000000
0.00000000
0.00000000
0.00000000
0.00000000
0.01907905
0.02443219
0.02733846
0.02874365
0.02848717
0.02558219
0.02017121
0.02837987
0.02544079
0.03185699
0.02662884
0.02929119
0.02521378
0.02599889
0.02598663
0.02929464
0.02894435
0.02245115
0.03207565
0.03008239
0.03069160
0.03019614
0.02249621
0.02731912
0.02511288
0.02301684
0.03160626
0.02929810
0.02273090
0.02975074
0.02909151
0.02339451
0.02570619
0.02886595
0.02624534
0.03056518
0.02843347
0.00000000
0.00000000
0.00000000
0.00000000
0.00000000
0.00000000
0.00000000
0.00000000
0.00000000
0.00000000
0.00000000
0.00000000
0.00000000
0.00000000
0.00000000
0.00000000
0.00000000
0.00000000
0.00000000
0.00000000
0.00000000
0.00000000
0.00000000
0.00000000
0.00000000
0.00000000
0.00000000
0.00000000
0.00000000
0.00000000
0.00000000
0.00000000
0.00000000
0.00000000
0.00000000
0.00000000
0.00000000
0.00000000
0.00000000
0.00000000
0.00000000
0.00000000
0.00000000
0.00000000
0.00000000
0.00000000
0.00000000
0.00000000
0.00000000
0.00000000
0.00000000
0.00000000
0.00000000
0.00000000
0.00000000
0.00000000
0.00000000
0.00000000
0.00000000
0.00000000
0.00000000
0.00000000
0.00000000
0.00000000
0.00000000
0.00000000
0.00000000
0.00000000
0.00000000
0.00000000
0.00000000
0.00000000
0.00000000
0.00000000
0.00000000
0.00000000
0.00000000
0.00000000
0.00000000
0.00000000
0.00000000
0.00000000
0.00000000
0.00000000
0.00000000
0.00000000
0.00000000
0.00000000
0.00000000
0.00000000
0.00000000
0.00000000
0.00000000
0.00000000
0.00000000
0.00000000
0.00000000
0.00000000
0.00000000
0.00000000
0.00000000
0.00000000
0.00000000
0.00000000
0.00000000
0.00000000
0.00000000
0.00000000
0.00000000
0.00000000
0.00000000
0.00000000
0.00000000
0.00000000
0.00000000
0.00000000
0.00000000
0.00000000
0.00000000
0.00000000
0.00000000
0.00000000
0.00000000
0.00000000
0.00000000
0.00000000
0.00000000
0.00000000
0.00000000
0.00000000
0.00000000
0.00000000
0.00000000
0.00000000
0.00000000
0.00000000
0.00000000
0.00000000
0.00000000
0.00000000
0.00000000
0.00000000
0.00000000
0.00000000
0.00000000
0.00000000
0.00000000
0.00000000
0.00000000
0.00000000
0.00000000
0.00000000
0.00000000
0.00000000
0.00000000
0.00000000
0.00000000
0.00000000
0.00000000
0.00000000
0.00000000
0.00000000
0.00000000
0.00000000
0.00000000
0.00000000
0.00000000
0.00000000
0.00000000
0.00000000
0.00000000
0.00000000
0.00000000
0.00000000
0.00000000
0.00000000
0.00000000
0.00000000
0.00000000
0.00000000
0.00000000
0.00000000
0.00000000
0.00000000
0.00000000
0.00000000
0.00000000
0.00000000
0.00000000
0.00000000
0.00000000
0.00000000
0.00000000
0.00000000
0.00000000
0.00000000
0.00000000
0.00000000
0.00000000
0.00000000
0.00000000
0.00000000
0.00000000
0.00000000
0.00000000
0.00000000
0.00000000
0.00000000
0.00000000
0.00000000
0.00000000
0.00000000
0.00000000
0.00000000
0.00000000
0.00000000
0.00000000
0.00000000
0.00000000
0.01793638
0.02435834
0.02616909
0.02664872
0.02671165
0.02379613
0.02240441
0.02676841
0.02490737
0.02913728
0.02637047
0.02618453
0.02290670
0.02376528
0.02558017
0.02816091
0.02818417
0.02739438
0.02889091
0.02780450
0.02825739
0.02703810
0.02577701
0.02587448
0.02309387
0.02633317
0.02766059
0.02823074
0.02623398
0.02732984
0.02770630
0.02711794
0.02780450
0.02606744
0.02641093
0.02877190
0.02730407
0.02890795
0.00000000
0.00000000
0.00000000
0.00000000
0.00000000
0.00000000
0.00000000
0.00000000
0.00000000
0.00000000
0.00000000
0.00000000
0.00000000
0.00000000
0.00000000
0.00000000
0.00000000
0.00000000
0.00000000
0.00000000
0.00000000
0.00000000
0.00000000
0.00000000
0.00000000
0.00000000
0.00000000
0.00000000
0.00000000
0.00000000
0.00000000
0.00000000
0.00000000
0.00000000
0.00000000
0.00000000
0.00000000
0.00000000
0.00000000
0.00000000
0.00000000
0.00000000
0.00000000
0.00000000
0.00000000
0.00000000
0.00000000
0.00000000
0.00000000
0.00000000
0.00000000
0.00000000
0.00000000
0.00000000
0.00000000
0.00000000
0.00000000
0.00000000
0.00000000
0.00000000
0.00000000
0.00000000
0.00000000
0.00000000
0.00000000
0.00000000
0.00000000
0.00000000
0.00000000
0.00000000
0.00000000
0.00000000
0.00000000
0.00000000
0.00000000
0.00000000
0.00000000
0.00000000
0.00000000
0.00000000
0.00000000
0.00000000
0.00000000
0.00000000
0.00000000
0.00000000
0.00000000
0.00000000
0.00000000
0.00000000
0.00000000
0.00000000
0.00000000
0.00000000
0.00000000
0.00000000
0.00000000
0.00000000
0.00000000
0.00000000
0.00000000
0.00000000
0.00000000
0.00000000
0.00000000
0.00000000
0.00000000
0.00000000
0.00000000
0.00000000
0.00000000
0.00000000
0.00000000
0.00000000
0.00000000
0.00000000
0.00000000
0.00000000
0.00000000
0.00000000
0.00000000
0.00000000
0.00000000
0.00000000
0.00000000
0.00000000
0.00000000
0.00000000
0.00000000
0.00000000
0.00000000
0.00000000
0.00000000
0.00000000
0.00000000
0.00000000
0.00000000
0.00000000
0.00000000
0.00000000
0.00000000
0.00000000
0.00000000
0.00000000
0.00000000
0.00000000
0.00000000
0.00000000
0.00000000
0.00000000
0.00000000
0.00000000
0.00000000
0.00000000
0.00000000
0.00000000
0.00000000
0.00000000
0.00000000
0.00000000
0.00000000
0.00000000
0.00000000
0.00000000
0.00000000
0.00000000
0.00000000
0.00000000
0.00000000
0.00000000
0.00000000
0.00000000
0.00000000
0.00000000
0.00000000
0.00000000
0.00000000
0.00000000
0.00000000
0.00000000
0.00000000
0.00000000
0.00000000
0.00000000
0.00000000
0.00000000
0.00000000
0.00000000
0.00000000
0.00000000
0.00000000
0.00000000
0.00000000
0.00000000
0.00000000
0.00000000
0.00000000
0.00000000
0.00000000
0.00000000
0.00000000
0.00000000
0.00000000
0.00000000
0.00000000
0.00000000
0.00000000
0.00000000
0.00000000
0.00000000
0.00000000
0.00000000
0.00000000
0.00000000
0.00000000
0.00000000
0.00000000
0.00000000
0.02357328
0.02482005
0.02627801
0.02692742
0.02625942
0.02510561
0.02068079
0.02658035
0.02496095
0.02843866
0.02531373
0.02775280
0.02567150
0.02534958
0.02467703
0.02638048
0.02603432
0.02195508
0.02813840
0.02656781
0.02663370
0.02739832
0.02185949
0.02536752
0.02533464
0.02255611
0.02841184
0.02607119
0.02244201
0.02728224
0.02648960
0.02243407
0.02421004
0.02739832
0.02549349
0.02720192
0.02594543
0.02841519
0.02758963
0.00000000
0.00000000
0.00000000
0.00000000
0.00000000
0.00000000
0.00000000
0.00000000
0.00000000
0.00000000
0.00000000
0.00000000
0.00000000
0.00000000
0.00000000
0.00000000
0.00000000
0.00000000
0.00000000
0.00000000
0.00000000
0.00000000
0.00000000
0.00000000
0.00000000
0.00000000
0.00000000
0.00000000
0.00000000
0.00000000
0.00000000
0.00000000
0.00000000
0.00000000
0.00000000
0.00000000
0.00000000
0.00000000
0.00000000
0.00000000
0.00000000
0.00000000
0.00000000
0.00000000
0.00000000
0.00000000
0.00000000
0.00000000
0.00000000
0.00000000
0.00000000
0.00000000
0.00000000
0.00000000
0.00000000
0.00000000
0.00000000
0.00000000
0.00000000
0.00000000
0.00000000
0.00000000
0.00000000
0.00000000
0.00000000
0.00000000
0.00000000
0.00000000
0.00000000
0.00000000
0.00000000
0.00000000
0.00000000
0.00000000
0.00000000
0.00000000
0.00000000
0.00000000
0.00000000
0.00000000
0.00000000
0.00000000
0.00000000
0.00000000
0.00000000
0.00000000
0.00000000
0.00000000
0.00000000
0.00000000
0.00000000
0.00000000
0.00000000
0.00000000
0.00000000
0.00000000
0.00000000
0.00000000
0.00000000
0.00000000
0.00000000
0.00000000
0.00000000
0.00000000
0.00000000
0.00000000
0.00000000
0.00000000
0.00000000
0.00000000
0.00000000
0.00000000
0.00000000
0.00000000
0.00000000
0.00000000
0.00000000
0.00000000
0.00000000
0.00000000
0.00000000
0.00000000
0.00000000
0.00000000
0.00000000
0.00000000
0.00000000
0.00000000
0.00000000
0.00000000
0.00000000
0.00000000
0.00000000
0.00000000
0.00000000
0.00000000
0.00000000
0.00000000
0.00000000
0.00000000
0.00000000
0.00000000
0.00000000
0.00000000
0.00000000
0.00000000
0.00000000
0.00000000
0.00000000
0.00000000
0.00000000
0.00000000
0.00000000
0.00000000
0.00000000
0.00000000
0.00000000
0.00000000
0.00000000
0.00000000
0.00000000
0.00000000
0.00000000
0.00000000
0.00000000
0.00000000
0.00000000
0.00000000
0.00000000
0.00000000
0.00000000
0.00000000
0.00000000
0.00000000
0.00000000
0.00000000
0.00000000
0.00000000
0.00000000
0.00000000
0.00000000
0.00000000
0.00000000
0.00000000
0.00000000
0.00000000
0.00000000
0.00000000
0.00000000
0.00000000
0.00000000
0.00000000
0.00000000
0.00000000
0.00000000
0.00000000
0.00000000
0.00000000
0.00000000
0.00000000
0.00000000
0.00000000
0.00000000
0.00000000
0.00000000
0.00000000
0.00000000
0.00000000
0.00000000
0.00000000
0.00000000
0.00000000
0.00000000
0.00000000
0.00000000
0.00000000
0.00000000
0.02435041
0.02458124
0.02583252
0.02624091
0.02574736
0.02472078
0.02150665
0.02602824
0.02419868
0.02736609
0.02454068
0.02692749
0.02513234
0.02477624
0.02412743
0.02546951
0.02498457
0.02181833
0.02694337
0.02573218
0.02563525
0.02642102
0.02208498
0.02465673
0.02463928
0.02281299
0.02733384
0.02498457
0.02233118
0.02616983
0.02548754
0.02259610
0.02371555
0.02632460
0.02434466
0.02556883
0.02472370
0.02701018
0.02638677
0.02574736
0.00000000
0.00000000
0.00000000
0.00000000
0.00000000
0.00000000
0.00000000
0.00000000
0.00000000
0.00000000
0.00000000
0.00000000
0.00000000
0.00000000
0.00000000
0.00000000
0.00000000
0.00000000
0.00000000
0.00000000
0.00000000
0.00000000
0.00000000
0.00000000
0.00000000
0.00000000
0.00000000
0.00000000
0.00000000
0.00000000
0.00000000
0.00000000
0.00000000
0.00000000
0.00000000
0.00000000
0.00000000
0.00000000
0.00000000
0.00000000
0.00000000
0.00000000
0.00000000
0.00000000
0.00000000
0.00000000
0.00000000
0.00000000
0.00000000
0.00000000
0.00000000
0.00000000
0.00000000
0.00000000
0.00000000
0.00000000
0.00000000
0.00000000
0.00000000
0.00000000
0.00000000
0.00000000
0.00000000
0.00000000
0.00000000
0.00000000
0.00000000
0.00000000
0.00000000
0.00000000
0.00000000
0.00000000
0.00000000
0.00000000
0.00000000
0.00000000
0.00000000
0.00000000
0.00000000
0.00000000
0.00000000
0.00000000
0.00000000
0.00000000
0.00000000
0.00000000
0.00000000
0.00000000
0.00000000
0.00000000
0.00000000
0.00000000
0.00000000
0.00000000
0.00000000
0.00000000
0.00000000
0.00000000
0.00000000
0.00000000
0.00000000
0.00000000
0.00000000
0.00000000
0.00000000
0.00000000
0.00000000
0.00000000
0.00000000
0.00000000
0.00000000
0.00000000
0.00000000
0.00000000
0.00000000
0.00000000
0.00000000
0.00000000
0.00000000
0.00000000
0.00000000
0.00000000
0.00000000
0.00000000
0.00000000
0.00000000
0.00000000
0.00000000
0.00000000
0.00000000
0.00000000
0.00000000
0.00000000
0.00000000
0.00000000
0.00000000
0.00000000
0.00000000
0.00000000
0.00000000
0.00000000
0.00000000
0.00000000
0.00000000
0.00000000
0.00000000
0.00000000
0.00000000
0.00000000
0.00000000
0.00000000
0.00000000
0.00000000
0.00000000
0.00000000
0.00000000
0.00000000
0.00000000
0.00000000
0.00000000
0.00000000
0.00000000
0.00000000
0.00000000
0.00000000
0.00000000
0.00000000
0.00000000
0.00000000
0.00000000
0.00000000
0.00000000
0.00000000
0.00000000
0.00000000
0.00000000
0.00000000
0.00000000
0.00000000
0.00000000
0.00000000
0.00000000
0.00000000
0.00000000
0.00000000
0.00000000
0.00000000
0.00000000
0.00000000
0.00000000
0.00000000
0.00000000
0.00000000
0.00000000
0.00000000
0.00000000
0.00000000
0.00000000
0.00000000
0.00000000
0.00000000
0.00000000
0.00000000
0.00000000
0.00000000
0.00000000
0.00000000
0.00000000
0.00000000
0.00000000
0.00000000
0.00000000
0.00000000
0.00000000
0.00000000
0.00000000
0.01459136
0.02113363
0.02326851
0.02498057
0.02480735
0.02173010
0.01675027
0.02464987
0.02275291
0.02830369
0.02395629
0.02508094
0.02118853
0.02198271
0.02284433
0.02653857
0.02684707
0.02117604
0.02883264
0.02696448
0.02768304
0.02700585
0.01994226
0.02494818
0.02188957
0.02064585
0.02830369
0.02745221
0.02115607
0.02685341
0.02636077
0.02098214
0.02326302
0.02503956
0.02377335
0.02789936
0.02542941
0.02981822
0.02593827
0.03008314
0.02715276
0.00000000
0.00000000
0.00000000
0.00000000
0.00000000
0.00000000
0.00000000
0.00000000
0.00000000
0.00000000
0.00000000
0.00000000
0.00000000
0.00000000
0.00000000
0.00000000
0.00000000
0.00000000
0.00000000
0.00000000
0.00000000
0.00000000
0.00000000
0.00000000
0.00000000
0.00000000
0.00000000
0.00000000
0.00000000
0.00000000
0.00000000
0.00000000
0.00000000
0.00000000
0.00000000
0.00000000
0.00000000
0.00000000
0.00000000
0.00000000
0.00000000
0.00000000
0.00000000
0.00000000
0.00000000
0.00000000
0.00000000
0.00000000
0.00000000
0.00000000
0.00000000
0.00000000
0.00000000
0.00000000
0.00000000
0.00000000
0.00000000
0.00000000
0.00000000
0.00000000
0.00000000
0.00000000
0.00000000
0.00000000
0.00000000
0.00000000
0.00000000
0.00000000
0.00000000
0.00000000
0.00000000
0.00000000
0.00000000
0.00000000
0.00000000
0.00000000
0.00000000
0.00000000
0.00000000
0.00000000
0.00000000
0.00000000
0.00000000
0.00000000
0.00000000
0.00000000
0.00000000
0.00000000
0.00000000
0.00000000
0.00000000
0.00000000
0.00000000
0.00000000
0.00000000
0.00000000
0.00000000
0.00000000
0.00000000
0.00000000
0.00000000
0.00000000
0.00000000
0.00000000
0.00000000
0.00000000
0.00000000
0.00000000
0.00000000
0.00000000
0.00000000
0.00000000
0.00000000
0.00000000
0.00000000
0.00000000
0.00000000
0.00000000
0.00000000
0.00000000
0.00000000
0.00000000
0.00000000
0.00000000
0.00000000
0.00000000
0.00000000
0.00000000
0.00000000
0.00000000
0.00000000
0.00000000
0.00000000
0.00000000
0.00000000
0.00000000
0.00000000
0.00000000
0.00000000
0.00000000
0.00000000
0.00000000
0.00000000
0.00000000
0.00000000
0.00000000
0.00000000
0.00000000
0.00000000
0.00000000
0.00000000
0.00000000
0.00000000
0.00000000
0.00000000
0.00000000
0.00000000
0.00000000
0.00000000
0.00000000
0.00000000
0.00000000
0.00000000
0.00000000
0.00000000
0.00000000
0.00000000
0.00000000
0.00000000
0.00000000
0.00000000
0.00000000
0.00000000
0.00000000
0.00000000
0.00000000
0.00000000
0.00000000
0.00000000
0.00000000
0.00000000
0.00000000
0.00000000
0.00000000
0.00000000
0.00000000
0.00000000
0.00000000
0.00000000
0.00000000
0.00000000
0.00000000
0.00000000
0.00000000
0.00000000
0.00000000
0.00000000
0.00000000
0.00000000
0.00000000
0.00000000
0.00000000
0.00000000
0.00000000
0.00000000
0.00000000
0.00000000
0.00000000
0.00000000
0.00000000
0.00000000
0.00000000
0.00000000
0.00000000
0.00000000
0.02218862
0.02298230
0.02445025
0.02512847
0.02458035
0.02330436
0.01987665
0.02496306
0.02327415
0.02657006
0.02323301
0.02574036
0.02347816
0.02355304
0.02330986
0.02469950
0.02407825
0.01979944
0.02568275
0.02461517
0.02474323
0.02551670
0.02095013
0.02339800
0.02311277
0.02060706
0.02643254
0.02411803
0.02120867
0.02511070
0.02431797
0.02115870
0.02257398
0.02511662
0.02308825
0.02433518
0.02307464
0.02584988
0.02519375
0.02535172
0.02364767
0.02558601
0.00000000
0.00000000
0.00000000
0.00000000
0.00000000
0.00000000
0.00000000
0.00000000
0.00000000
0.00000000
0.00000000
0.00000000
0.00000000
0.00000000
0.00000000
0.00000000
0.00000000
0.00000000
0.00000000
0.00000000
0.00000000
0.00000000
0.00000000
0.00000000
0.00000000
0.00000000
0.00000000
0.00000000
0.00000000
0.00000000
0.00000000
0.00000000
0.00000000
0.00000000
0.00000000
0.00000000
0.00000000
0.00000000
0.00000000
0.00000000
0.00000000
0.00000000
0.00000000
0.00000000
0.00000000
0.00000000
0.00000000
0.00000000
0.00000000
0.00000000
0.00000000
0.00000000
0.00000000
0.00000000
0.00000000
0.00000000
0.00000000
0.00000000
0.00000000
0.00000000
0.00000000
0.00000000
0.00000000
0.00000000
0.00000000
0.00000000
0.00000000
0.00000000
0.00000000
0.00000000
0.00000000
0.00000000
0.00000000
0.00000000
0.00000000
0.00000000
0.00000000
0.00000000
0.00000000
0.00000000
0.00000000
0.00000000
0.00000000
0.00000000
0.00000000
0.00000000
0.00000000
0.00000000
0.00000000
0.00000000
0.00000000
0.00000000
0.00000000
0.00000000
0.00000000
0.00000000
0.00000000
0.00000000
0.00000000
0.00000000
0.00000000
0.00000000
0.00000000
0.00000000
0.00000000
0.00000000
0.00000000
0.00000000
0.00000000
0.00000000
0.00000000
0.00000000
0.00000000
0.00000000
0.00000000
0.00000000
0.00000000
0.00000000
0.00000000
0.00000000
0.00000000
0.00000000
0.00000000
0.00000000
0.00000000
0.00000000
0.00000000
0.00000000
0.00000000
0.00000000
0.00000000
0.00000000
0.00000000
0.00000000
0.00000000
0.00000000
0.00000000
0.00000000
0.00000000
0.00000000
0.00000000
0.00000000
0.00000000
0.00000000
0.00000000
0.00000000
0.00000000
0.00000000
0.00000000
0.00000000
0.00000000
0.00000000
0.00000000
0.00000000
0.00000000
0.00000000
0.00000000
0.00000000
0.00000000
0.00000000
0.00000000
0.00000000
0.00000000
0.00000000
0.00000000
0.00000000
0.00000000
0.00000000
0.00000000
0.00000000
0.00000000
0.00000000
0.00000000
0.00000000
0.00000000
0.00000000
0.00000000
0.00000000
0.00000000
0.00000000
0.00000000
0.00000000
0.00000000
0.00000000
0.00000000
0.00000000
0.00000000
0.00000000
0.00000000
0.00000000
0.00000000
0.00000000
0.00000000
0.00000000
0.00000000
0.00000000
0.00000000
0.00000000
0.00000000
0.00000000
0.00000000
0.00000000
0.00000000
0.00000000
0.00000000
0.00000000
0.00000000
0.00000000
0.00000000
0.00000000
0.00000000
0.00000000
0.00000000
0.00000000
0.00269333
0.01214950
0.01432386
0.01733123
0.01794270
0.01209803
0.00656520
0.01756789
0.01408431
0.02575570
0.01979722
0.01643543
0.01137168
0.01377547
0.01711996
0.02473171
0.02624632
0.01595604
0.02845130
0.02805810
0.03072172
0.02302313
0.01264061
0.02094531
0.01150795
0.01604851
0.02430664
0.03007287
0.01807864
0.02293640
0.02505169
0.02104932
0.02326880
0.01704944
0.01947304
0.03128110
0.02719797
0.03804566
0.02039923
0.04054743
0.03026857
0.04748377
0.10614720
0.00000000
0.00000000
0.00000000
0.00000000
0.00000000
0.00000000
0.00000000
0.00000000
0.00000000
0.00000000
0.00000000
0.00000000
0.00000000
0.00000000
0.00000000
0.00000000
0.00000000
0.00000000
0.00000000
0.00000000
0.00000000
0.00000000
0.00000000
0.00000000
0.00000000
0.00000000
0.00000000
0.00000000
0.00000000
0.00000000
0.00000000
0.00000000
0.00000000
0.00000000
0.00000000
0.00000000
0.00000000
0.00000000
0.00000000
0.00000000
0.00000000
0.00000000
0.00000000
0.00000000
0.00000000
0.00000000
0.00000000
0.00000000
0.00000000
0.00000000
0.00000000
0.00000000
0.00000000
0.00000000
0.00000000
0.00000000
0.00000000
0.00000000
0.00000000
0.00000000
0.00000000
0.00000000
0.00000000
0.00000000
0.00000000
0.00000000
0.00000000
0.00000000
0.00000000
0.00000000
0.00000000
0.00000000
0.00000000
0.00000000
0.00000000
0.00000000
0.00000000
0.00000000
0.00000000
0.00000000
0.00000000
0.00000000
0.00000000
0.00000000
0.00000000
0.00000000
0.00000000
0.00000000
0.00000000
0.00000000
0.00000000
0.00000000
0.00000000
0.00000000
0.00000000
0.00000000
0.00000000
0.00000000
0.00000000
0.00000000
0.00000000
0.00000000
0.00000000
0.00000000
0.00000000
0.00000000
0.00000000
0.00000000
0.00000000
0.00000000
0.00000000
0.00000000
0.00000000
0.00000000
0.00000000
0.00000000
0.00000000
0.00000000
0.00000000
0.00000000
0.00000000
0.00000000
0.00000000
0.00000000
0.00000000
0.00000000
0.00000000
0.00000000
0.00000000
0.00000000
0.00000000
0.00000000
0.00000000
0.00000000
0.00000000
0.00000000
0.00000000
0.00000000
0.00000000
0.00000000
0.00000000
0.00000000
0.00000000
0.00000000
0.00000000
0.00000000
0.00000000
0.00000000
0.00000000
0.00000000
0.00000000
0.00000000
0.00000000
0.00000000
0.00000000
0.00000000
0.00000000
0.00000000
0.00000000
0.00000000
0.00000000
0.00000000
0.00000000
0.00000000
0.00000000
0.00000000
0.00000000
0.00000000
0.00000000
0.00000000
0.00000000
0.00000000
0.00000000
0.00000000
0.00000000
0.00000000
0.00000000
0.00000000
0.00000000
0.00000000
0.00000000
0.00000000
0.00000000
0.00000000
0.00000000
0.00000000
0.00000000
0.00000000
0.00000000
0.00000000
0.00000000
0.00000000
0.00000000
0.00000000
0.00000000
0.00000000
0.00000000
0.00000000
0.00000000
0.00000000
0.00000000
0.00000000
0.00000000
0.00000000
0.00000000
0.00000000
0.00000000
0.00000000
0.00000000
0.00000000
0.00000000
0.00000000
0.00000000
0.02008494
0.02142082
0.02245555
0.02294004
0.02320398
0.02202280
0.02300506
0.02308660
0.02240793
0.02396322
0.02223681
0.02278097
0.02086726
0.02111731
0.02240793
0.02357637
0.02345988
0.02382233
0.02337427
0.02283747
0.02291300
0.02295899
0.02492304
0.02216611
0.02122467
0.02270319
0.02307299
0.02246879
0.02375780
0.02258302
0.02261501
0.02345711
0.02307027
0.02228144
0.02203319
0.02285902
0.02233932
0.02381109
0.02225255
0.02356803
0.02372980
0.02357081
0.02323410
0.02133510
0.00000000
0.00000000
0.00000000
0.00000000
0.00000000
0.00000000
0.00000000
0.00000000
0.00000000
0.00000000
0.00000000
0.00000000
0.00000000
0.00000000
0.00000000
0.00000000
0.00000000
0.00000000
0.00000000
0.00000000
0.00000000
0.00000000
0.00000000
0.00000000
0.00000000
0.00000000
0.00000000
0.00000000
0.00000000
0.00000000
0.00000000
0.00000000
0.00000000
0.00000000
0.00000000
0.00000000
0.00000000
0.00000000
0.00000000
0.00000000
0.00000000
0.00000000
0.00000000
0.00000000
0.00000000
0.00000000
0.00000000
0.00000000
0.00000000
0.00000000
0.00000000
0.00000000
0.00000000
0.00000000
0.00000000
0.00000000
0.00000000
0.00000000
0.00000000
0.00000000
0.00000000
0.00000000
0.00000000
0.00000000
0.00000000
0.00000000
0.00000000
0.00000000
0.00000000
0.00000000
0.00000000
0.00000000
0.00000000
0.00000000
0.00000000
0.00000000
0.00000000
0.00000000
0.00000000
0.00000000
0.00000000
0.00000000
0.00000000
0.00000000
0.00000000
0.00000000
0.00000000
0.00000000
0.00000000
0.00000000
0.00000000
0.00000000
0.00000000
0.00000000
0.00000000
0.00000000
0.00000000
0.00000000
0.00000000
0.00000000
0.00000000
0.00000000
0.00000000
0.00000000
0.00000000
0.00000000
0.00000000
0.00000000
0.00000000
0.00000000
0.00000000
0.00000000
0.00000000
0.00000000
0.00000000
0.00000000
0.00000000
0.00000000
0.00000000
0.00000000
0.00000000
0.00000000
0.00000000
0.00000000
0.00000000
0.00000000
0.00000000
0.00000000
0.00000000
0.00000000
0.00000000
0.00000000
0.00000000
0.00000000
0.00000000
0.00000000
0.00000000
0.00000000
0.00000000
0.00000000
0.00000000
0.00000000
0.00000000
0.00000000
0.00000000
0.00000000
0.00000000
0.00000000
0.00000000
0.00000000
0.00000000
0.00000000
0.00000000
0.00000000
0.00000000
0.00000000
0.00000000
0.00000000
0.00000000
0.00000000
0.00000000
0.00000000
0.00000000
0.00000000
0.00000000
0.00000000
0.00000000
0.00000000
0.00000000
0.00000000
0.00000000
0.00000000
0.00000000
0.00000000
0.00000000
0.00000000
0.00000000
0.00000000
0.00000000
0.00000000
0.00000000
0.00000000
0.00000000
0.00000000
0.00000000
0.00000000
0.00000000
0.00000000
0.00000000
0.00000000
0.00000000
0.00000000
0.00000000
0.00000000
0.00000000
0.00000000
0.00000000
0.00000000
0.00000000
0.00000000
0.00000000
0.00000000
0.00000000
0.00000000
0.00000000
0.00000000
0.00000000
0.00000000
0.00000000
0.00000000
0.00000000
0.00000000
0.01952422
0.02102515
0.02210324
0.02295334
0.02260411
0.02131476
0.01836717
0.02297501
0.02175668
0.02460445
0.02166705
0.02369320
0.02138274
0.02131476
0.02124700
0.02320100
0.02303198
0.01966287
0.02448866
0.02308364
0.02306460
0.02388679
0.01941172
0.02216066
0.02170542
0.01942775
0.02482891
0.02264146
0.01931125
0.02354834
0.02292628
0.02014404
0.02133236
0.02320100
0.02153205
0.02281031
0.02143829
0.02385020
0.02315727
0.02376316
0.02239977
0.02468584
0.02205897
0.02344028
0.02327225
0.00000000
0.00000000
0.00000000
0.00000000
0.00000000
0.00000000
0.00000000
0.00000000
0.00000000
0.00000000
0.00000000
0.00000000
0.00000000
0.00000000
0.00000000
0.00000000
0.00000000
0.00000000
0.00000000
0.00000000
0.00000000
0.00000000
0.00000000
0.00000000
0.00000000
0.00000000
0.00000000
0.00000000
0.00000000
0.00000000
0.00000000
0.00000000
0.00000000
0.00000000
0.00000000
0.00000000
0.00000000
0.00000000
0.00000000
0.00000000
0.00000000
0.00000000
0.00000000
0.00000000
0.00000000
0.00000000
0.00000000
0.00000000
0.00000000
0.00000000
0.00000000
0.00000000
0.00000000
0.00000000
0.00000000
0.00000000
0.00000000
0.00000000
0.00000000
0.00000000
0.00000000
0.00000000
0.00000000
0.00000000
0.00000000
0.00000000
0.00000000
0.00000000
0.00000000
0.00000000
0.00000000
0.00000000
0.00000000
0.00000000
0.00000000
0.00000000
0.00000000
0.00000000
0.00000000
0.00000000
0.00000000
0.00000000
0.00000000
0.00000000
0.00000000
0.00000000
0.00000000
0.00000000
0.00000000
0.00000000
0.00000000
0.00000000
0.00000000
0.00000000
0.00000000
0.00000000
0.00000000
0.00000000
0.00000000
0.00000000
0.00000000
0.00000000
0.00000000
0.00000000
0.00000000
0.00000000
0.00000000
0.00000000
0.00000000
0.00000000
0.00000000
0.00000000
0.00000000
0.00000000
0.00000000
0.00000000
0.00000000
0.00000000
0.00000000
0.00000000
0.00000000
0.00000000
0.00000000
0.00000000
0.00000000
0.00000000
0.00000000
0.00000000
0.00000000
0.00000000
0.00000000
0.00000000
0.00000000
0.00000000
0.00000000
0.00000000
0.00000000
0.00000000
0.00000000
0.00000000
0.00000000
0.00000000
0.00000000
0.00000000
0.00000000
0.00000000
0.00000000
0.00000000
0.00000000
0.00000000
0.00000000
0.00000000
0.00000000
0.00000000
0.00000000
0.00000000
0.00000000
0.00000000
0.00000000
0.00000000
0.00000000
0.00000000
0.00000000
0.00000000
0.00000000
0.00000000
0.00000000
0.00000000
0.00000000
0.00000000
0.00000000
0.00000000
0.00000000
0.00000000
0.00000000
0.00000000
0.00000000
0.00000000
0.00000000
0.00000000
0.00000000
0.00000000
0.00000000
0.00000000
0.00000000
0.00000000
0.00000000
0.00000000
0.00000000
0.00000000
0.00000000
0.00000000
0.00000000
0.00000000
0.00000000
0.00000000
0.00000000
0.00000000
0.00000000
0.00000000
0.00000000
0.00000000
0.00000000
0.00000000
0.00000000
0.00000000
0.00000000
0.00000000
0.00000000
0.00000000
0.00000000
0.02233849
0.02175865
0.02237276
0.02292025
0.02229374
0.02142255
0.01812995
0.02300692
0.02148327
0.02421802
0.02134437
0.02401891
0.02228323
0.02152384
0.02066810
0.02224385
0.02184350
0.01837968
0.02382706
0.02241502
0.02201419
0.02345070
0.01795546
0.02155433
0.02199602
0.01921304
0.02435263
0.02131167
0.01823932
0.02272913
0.02187185
0.01918135
0.02034884
0.02298522
0.02087633
0.02150355
0.02053932
0.02295813
0.02287435
0.02247060
0.02091823
0.02325242
0.02039208
0.02308029
0.02304494
0.02239388
0.00000000
0.00000000
0.00000000
0.00000000
0.00000000
0.00000000
0.00000000
0.00000000
0.00000000
0.00000000
0.00000000
0.00000000
0.00000000
0.00000000
0.00000000
0.00000000
0.00000000
0.00000000
0.00000000
0.00000000
0.00000000
0.00000000
0.00000000
0.00000000
0.00000000
0.00000000
0.00000000
0.00000000
0.00000000
0.00000000
0.00000000
0.00000000
0.00000000
0.00000000
0.00000000
0.00000000
0.00000000
0.00000000
0.00000000
0.00000000
0.00000000
0.00000000
0.00000000
0.00000000
0.00000000
0.00000000
0.00000000
0.00000000
0.00000000
0.00000000
0.00000000
0.00000000
0.00000000
0.00000000
0.00000000
0.00000000
0.00000000
0.00000000
0.00000000
0.00000000
0.00000000
0.00000000
0.00000000
0.00000000
0.00000000
0.00000000
0.00000000
0.00000000
0.00000000
0.00000000
0.00000000
0.00000000
0.00000000
0.00000000
0.00000000
0.00000000
0.00000000
0.00000000
0.00000000
0.00000000
0.00000000
0.00000000
0.00000000
0.00000000
0.00000000
0.00000000
0.00000000
0.00000000
0.00000000
0.00000000
0.00000000
0.00000000
0.00000000
0.00000000
0.00000000
0.00000000
0.00000000
0.00000000
0.00000000
0.00000000
0.00000000
0.00000000
0.00000000
0.00000000
0.00000000
0.00000000
0.00000000
0.00000000
0.00000000
0.00000000
0.00000000
0.00000000
0.00000000
0.00000000
0.00000000
0.00000000
0.00000000
0.00000000
0.00000000
0.00000000
0.00000000
0.00000000
0.00000000
0.00000000
0.00000000
0.00000000
0.00000000
0.00000000
0.00000000
0.00000000
0.00000000
0.00000000
0.00000000
0.00000000
0.00000000
0.00000000
0.00000000
0.00000000
0.00000000
0.00000000
0.00000000
0.00000000
0.00000000
0.00000000
0.00000000
0.00000000
0.00000000
0.00000000
0.00000000
0.00000000
0.00000000
0.00000000
0.00000000
0.00000000
0.00000000
0.00000000
0.00000000
0.00000000
0.00000000
0.00000000
0.00000000
0.00000000
0.00000000
0.00000000
0.00000000
0.00000000
0.00000000
0.00000000
0.00000000
0.00000000
0.00000000
0.00000000
0.00000000
0.00000000
0.00000000
0.00000000
0.00000000
0.00000000
0.00000000
0.00000000
0.00000000
0.00000000
0.00000000
0.00000000
0.00000000
0.00000000
0.00000000
0.00000000
0.00000000
0.00000000
0.00000000
0.00000000
0.00000000
0.00000000
0.00000000
0.00000000
0.00000000
0.00000000
0.00000000
0.00000000
0.00000000
0.00000000
0.00000000
0.00000000
0.00000000
0.00000000
0.00000000
0.00000000
0.00000000
0.00000000
0.02036880
0.02092393
0.02216871
0.02269782
0.02187266
0.02082300
0.01650212
0.02230245
0.02078374
0.02388702
0.02051102
0.02346817
0.02147899
0.02124720
0.02031362
0.02192172
0.02142839
0.01690994
0.02371299
0.02224991
0.02233931
0.02330269
0.01726053
0.02107252
0.02117715
0.01753134
0.02456699
0.02166982
0.01759555
0.02296981
0.02196572
0.01823354
0.01995037
0.02299149
0.02058372
0.02156529
0.02019181
0.02282937
0.02285092
0.02235512
0.02040968
0.02298878
0.01850214
0.02263634
0.02274069
0.02255639
0.02159074
0.00000000
0.00000000
0.00000000
0.00000000
0.00000000
0.00000000
0.00000000
0.00000000
0.00000000
0.00000000
0.00000000
0.00000000
0.00000000
0.00000000
0.00000000
0.00000000
0.00000000
0.00000000
0.00000000
0.00000000
0.00000000
0.00000000
0.00000000
0.00000000
0.00000000
0.00000000
0.00000000
0.00000000
0.00000000
0.00000000
0.00000000
0.00000000
0.00000000
0.00000000
0.00000000
0.00000000
0.00000000
0.00000000
0.00000000
0.00000000
0.00000000
0.00000000
0.00000000
0.00000000
0.00000000
0.00000000
0.00000000
0.00000000
0.00000000
0.00000000
0.00000000
0.00000000
0.00000000
0.00000000
0.00000000
0.00000000
0.00000000
0.00000000
0.00000000
0.00000000
0.00000000
0.00000000
0.00000000
0.00000000
0.00000000
0.00000000
0.00000000
0.00000000
0.00000000
0.00000000
0.00000000
0.00000000
0.00000000
0.00000000
0.00000000
0.00000000
0.00000000
0.00000000
0.00000000
0.00000000
0.00000000
0.00000000
0.00000000
0.00000000
0.00000000
0.00000000
0.00000000
0.00000000
0.00000000
0.00000000
0.00000000
0.00000000
0.00000000
0.00000000
0.00000000
0.00000000
0.00000000
0.00000000
0.00000000
0.00000000
0.00000000
0.00000000
0.00000000
0.00000000
0.00000000
0.00000000
0.00000000
0.00000000
0.00000000
0.00000000
0.00000000
0.00000000
0.00000000
0.00000000
0.00000000
0.00000000
0.00000000
0.00000000
0.00000000
0.00000000
0.00000000
0.00000000
0.00000000
0.00000000
0.00000000
0.00000000
0.00000000
0.00000000
0.00000000
0.00000000
0.00000000
0.00000000
0.00000000
0.00000000
0.00000000
0.00000000
0.00000000
0.00000000
0.00000000
0.00000000
0.00000000
0.00000000
0.00000000
0.00000000
0.00000000
0.00000000
0.00000000
0.00000000
0.00000000
0.00000000
0.00000000
0.00000000
0.00000000
0.00000000
0.00000000
0.00000000
0.00000000
0.00000000
0.00000000
0.00000000
0.00000000
0.00000000
0.00000000
0.00000000
0.00000000
0.00000000
0.00000000
0.00000000
0.00000000
0.00000000
0.00000000
0.00000000
0.00000000
0.00000000
0.00000000
0.00000000
0.00000000
0.00000000
0.00000000
0.00000000
0.00000000
0.00000000
0.00000000
0.00000000
0.00000000
0.00000000
0.00000000
0.00000000
0.00000000
0.00000000
0.00000000
0.00000000
0.00000000
0.00000000
0.00000000
0.00000000
0.00000000
0.00000000
0.00000000
0.00000000
0.00000000
0.00000000
0.00000000
0.00000000
0.00000000
0.00000000
0.00000000
0.00000000
0.00000000
0.01737865
0.01974865
0.02139008
0.02211865
0.02135983
0.01989592
0.01567472
0.02179754
0.02050819
0.02383307
0.02018902
0.02282353
0.02034918
0.02033718
0.01969515
0.02156740
0.02133214
0.01686579
0.02377973
0.02179497
0.02225471
0.02270272
0.01667985
0.02046229
0.02046229
0.01683002
0.02415567
0.02183356
0.01694953
0.02301816
0.02203793
0.01745260
0.01958397
0.02279125
0.02054692
0.02225734
0.02036358
0.02288282
0.02281007
0.02246832
0.02049368
0.02350924
0.01824608
0.02229937
0.02225471
0.02194456
0.02145071
0.01881867
0.00000000
0.00000000
0.00000000
0.00000000
0.00000000
0.00000000
0.00000000
0.00000000
0.00000000
0.00000000
0.00000000
0.00000000
0.00000000
0.00000000
0.00000000
0.00000000
0.00000000
0.00000000
0.00000000
0.00000000
0.00000000
0.00000000
0.00000000
0.00000000
0.00000000
0.00000000
0.00000000
0.00000000
0.00000000
0.00000000
0.00000000
0.00000000
0.00000000
0.00000000
0.00000000
0.00000000
0.00000000
0.00000000
0.00000000
0.00000000
0.00000000
0.00000000
0.00000000
0.00000000
0.00000000
0.00000000
0.00000000
0.00000000
0.00000000
0.00000000
0.00000000
0.00000000
0.00000000
0.00000000
0.00000000
0.00000000
0.00000000
0.00000000
0.00000000
0.00000000
0.00000000
0.00000000
0.00000000
0.00000000
0.00000000
0.00000000
0.00000000
0.00000000
0.00000000
0.00000000
0.00000000
0.00000000
0.00000000
0.00000000
0.00000000
0.00000000
0.00000000
0.00000000
0.00000000
0.00000000
0.00000000
0.00000000
0.00000000
0.00000000
0.00000000
0.00000000
0.00000000
0.00000000
0.00000000
0.00000000
0.00000000
0.00000000
0.00000000
0.00000000
0.00000000
0.00000000
0.00000000
0.00000000
0.00000000
0.00000000
0.00000000
0.00000000
0.00000000
0.00000000
0.00000000
0.00000000
0.00000000
0.00000000
0.00000000
0.00000000
0.00000000
0.00000000
0.00000000
0.00000000
0.00000000
0.00000000
0.00000000
0.00000000
0.00000000
0.00000000
0.00000000
0.00000000
0.00000000
0.00000000
0.00000000
0.00000000
0.00000000
0.00000000
0.00000000
0.00000000
0.00000000
0.00000000
0.00000000
0.00000000
0.00000000
0.00000000
0.00000000
0.00000000
0.00000000
0.00000000
0.00000000
0.00000000
0.00000000
0.00000000
0.00000000
0.00000000
0.00000000
0.00000000
0.00000000
0.00000000
0.00000000
0.00000000
0.00000000
0.00000000
0.00000000
0.00000000
0.00000000
0.00000000
0.00000000
0.00000000
0.00000000
0.00000000
0.00000000
0.00000000
0.00000000
0.00000000
0.00000000
0.00000000
0.00000000
0.00000000
0.00000000
0.00000000
0.00000000
0.00000000
0.00000000
0.00000000
0.00000000
0.00000000
0.00000000
0.00000000
0.00000000
0.00000000
0.00000000
0.00000000
0.00000000
0.00000000
0.00000000
0.00000000
0.00000000
0.00000000
0.00000000
0.00000000
0.00000000
0.00000000
0.00000000
0.00000000
0.00000000
0.00000000
0.00000000
0.00000000
0.00000000
0.00000000
0.00000000
0.00000000
0.00000000
0.00000000
0.00000000
0.00000000
0.02000052
0.01975670
0.02073548
0.02129307
0.02107820
0.02051414
0.01805441
0.02086304
0.02009272
0.02171660
0.01993458
0.02136350
0.02018297
0.02008324
0.01994634
0.02087534
0.02070372
0.01805654
0.02129810
0.02080898
0.02084582
0.02162970
0.01916913
0.02059899
0.02040555
0.01806293
0.02221396
0.02067931
0.01883745
0.02135343
0.02075750
0.01837881
0.01929615
0.02115540
0.02001703
0.02058927
0.01993458
0.02110307
0.02096416
0.02086796
0.02025211
0.02121537
0.01878642
0.02063546
0.02071104
0.02111054
0.02090984
0.02036468
0.02179614
0.00000000
0.00000000
0.00000000
0.00000000
0.00000000
0.00000000
0.00000000
0.00000000
0.00000000
0.00000000
0.00000000
0.00000000
0.00000000
0.00000000
0.00000000
0.00000000
0.00000000
0.00000000
0.00000000
0.00000000
0.00000000
0.00000000
0.00000000
0.00000000
0.00000000
0.00000000
0.00000000
0.00000000
0.00000000
0.00000000
0.00000000
0.00000000
0.00000000
0.00000000
0.00000000
0.00000000
0.00000000
0.00000000
0.00000000
0.00000000
0.00000000
0.00000000
0.00000000
0.00000000
0.00000000
0.00000000
0.00000000
0.00000000
0.00000000
0.00000000
0.00000000
0.00000000
0.00000000
0.00000000
0.00000000
0.00000000
0.00000000
0.00000000
0.00000000
0.00000000
0.00000000
0.00000000
0.00000000
0.00000000
0.00000000
0.00000000
0.00000000
0.00000000
0.00000000
0.00000000
0.00000000
0.00000000
0.00000000
0.00000000
0.00000000
0.00000000
0.00000000
0.00000000
0.00000000
0.00000000
0.00000000
0.00000000
0.00000000
0.00000000
0.00000000
0.00000000
0.00000000
0.00000000
0.00000000
0.00000000
0.00000000
0.00000000
0.00000000
0.00000000
0.00000000
0.00000000
0.00000000
0.00000000
0.00000000
0.00000000
0.00000000
0.00000000
0.00000000
0.00000000
0.00000000
0.00000000
0.00000000
0.00000000
0.00000000
0.00000000
0.00000000
0.00000000
0.00000000
0.00000000
0.00000000
0.00000000
0.00000000
0.00000000
0.00000000
0.00000000
0.00000000
0.00000000
0.00000000
0.00000000
0.00000000
0.00000000
0.00000000
0.00000000
0.00000000
0.00000000
0.00000000
0.00000000
0.00000000
0.00000000
0.00000000
0.00000000
0.00000000
0.00000000
0.00000000
0.00000000
0.00000000
0.00000000
0.00000000
0.00000000
0.00000000
0.00000000
0.00000000
0.00000000
0.00000000
0.00000000
0.00000000
0.00000000
0.00000000
0.00000000
0.00000000
0.00000000
0.00000000
0.00000000
0.00000000
0.00000000
0.00000000
0.00000000
0.00000000
0.00000000
0.00000000
0.00000000
0.00000000
0.00000000
0.00000000
0.00000000
0.00000000
0.00000000
0.00000000
0.00000000
0.00000000
0.00000000
0.00000000
0.00000000
0.00000000
0.00000000
0.00000000
0.00000000
0.00000000
0.00000000
0.00000000
0.00000000
0.00000000
0.00000000
0.00000000
0.00000000
0.00000000
0.00000000
0.00000000
0.00000000
0.00000000
0.00000000
0.00000000
0.00000000
0.00000000
0.00000000
0.00000000
0.00000000
0.00000000
0.00000000
0.00000000
0.00000000
0.00000000
0.00381158
0.01047497
0.01252861
0.01516800
0.01626485
0.01263544
0.00938794
0.01692629
0.01556854
0.02153021
0.01618830
0.01522895
0.01115719
0.01294465
0.01507705
0.02044387
0.02209353
0.01622270
0.02389320
0.02213004
0.02360472
0.02007119
0.00869005
0.01853752
0.01265334
0.01372445
0.02212482
0.02582729
0.01189085
0.02225305
0.02332247
0.01473253
0.01865155
0.01865375
0.01870221
0.02827246
0.02394963
0.02779637
0.02032128
0.02729931
0.02220062
0.03014579
0.03048184
0.02448657
0.02388757
0.02668495
0.03203349
0.02618613
0.02902588
0.04411242
0.00000000
0.00000000
0.00000000
0.00000000
0.00000000
0.00000000
0.00000000
0.00000000
0.00000000
0.00000000
0.00000000
0.00000000
0.00000000
0.00000000
0.00000000
0.00000000
0.00000000
0.00000000
0.00000000
0.00000000
0.00000000
0.00000000
0.00000000
0.00000000
0.00000000
0.00000000
0.00000000
0.00000000
0.00000000
0.00000000
0.00000000
0.00000000
0.00000000
0.00000000
0.00000000
0.00000000
0.00000000
0.00000000
0.00000000
0.00000000
0.00000000
0.00000000
0.00000000
0.00000000
0.00000000
0.00000000
0.00000000
0.00000000
0.00000000
0.00000000
0.00000000
0.00000000
0.00000000
0.00000000
0.00000000
0.00000000
0.00000000
0.00000000
0.00000000
0.00000000
0.00000000
0.00000000
0.00000000
0.00000000
0.00000000
0.00000000
0.00000000
0.00000000
0.00000000
0.00000000
0.00000000
0.00000000
0.00000000
0.00000000
0.00000000
0.00000000
0.00000000
0.00000000
0.00000000
0.00000000
0.00000000
0.00000000
0.00000000
0.00000000
0.00000000
0.00000000
0.00000000
0.00000000
0.00000000
0.00000000
0.00000000
0.00000000
0.00000000
0.00000000
0.00000000
0.00000000
0.00000000
0.00000000
0.00000000
0.00000000
0.00000000
0.00000000
0.00000000
0.00000000
0.00000000
0.00000000
0.00000000
0.00000000
0.00000000
0.00000000
0.00000000
0.00000000
0.00000000
0.00000000
0.00000000
0.00000000
0.00000000
0.00000000
0.00000000
0.00000000
0.00000000
0.00000000
0.00000000
0.00000000
0.00000000
0.00000000
0.00000000
0.00000000
0.00000000
0.00000000
0.00000000
0.00000000
0.00000000
0.00000000
0.00000000
0.00000000
0.00000000
0.00000000
0.00000000
0.00000000
0.00000000
0.00000000
0.00000000
0.00000000
0.00000000
0.00000000
0.00000000
0.00000000
0.00000000
0.00000000
0.00000000
0.00000000
0.00000000
0.00000000
0.00000000
0.00000000
0.00000000
0.00000000
0.00000000
0.00000000
0.00000000
0.00000000
0.00000000
0.00000000
0.00000000
0.00000000
0.00000000
0.00000000
0.00000000
0.00000000
0.00000000
0.00000000
0.00000000
0.00000000
0.00000000
0.00000000
0.00000000
0.00000000
0.00000000
0.00000000
0.00000000
0.00000000
0.00000000
0.00000000
0.00000000
0.00000000
0.00000000
0.00000000
0.00000000
0.00000000
0.00000000
0.00000000
0.00000000
0.00000000
0.00000000
0.00000000
0.00000000
0.00000000
0.00000000
0.00000000
0.00000000
0.00000000
0.00000000
0.00000000
0.00000000
0.00000000
0.01952626
0.01931783
0.02016517
0.02062699
0.02021041
0.01980924
0.01707791
0.02022233
0.01930871
0.02111433
0.01895225
0.02105216
0.01989352
0.01973230
0.01906884
0.01985602
0.01960009
0.01672511
0.02097286
0.02000882
0.02004425
0.02089633
0.01763046
0.01960934
0.02001590
0.01729070
0.02177692
0.01969974
0.01719918
0.02076122
0.02009869
0.01779339
0.01868592
0.02067083
0.01897685
0.01952626
0.01884527
0.02051055
0.02052991
0.01993815
0.01901494
0.02036113
0.01728255
0.02020564
0.02023187
0.02021041
0.01966724
0.01861115
0.02107204
0.01849518
0.02110686
0.00000000
0.00000000
0.00000000
0.00000000
0.00000000
0.00000000
0.00000000
0.00000000
0.00000000
0.00000000
0.00000000
0.00000000
0.00000000
0.00000000
0.00000000
0.00000000
0.00000000
0.00000000
0.00000000
0.00000000
0.00000000
0.00000000
0.00000000
0.00000000
0.00000000
0.00000000
0.00000000
0.00000000
0.00000000
0.00000000
0.00000000
0.00000000
0.00000000
0.00000000
0.00000000
0.00000000
0.00000000
0.00000000
0.00000000
0.00000000
0.00000000
0.00000000
0.00000000
0.00000000
0.00000000
0.00000000
0.00000000
0.00000000
0.00000000
0.00000000
0.00000000
0.00000000
0.00000000
0.00000000
0.00000000
0.00000000
0.00000000
0.00000000
0.00000000
0.00000000
0.00000000
0.00000000
0.00000000
0.00000000
0.00000000
0.00000000
0.00000000
0.00000000
0.00000000
0.00000000
0.00000000
0.00000000
0.00000000
0.00000000
0.00000000
0.00000000
0.00000000
0.00000000
0.00000000
0.00000000
0.00000000
0.00000000
0.00000000
0.00000000
0.00000000
0.00000000
0.00000000
0.00000000
0.00000000
0.00000000
0.00000000
0.00000000
0.00000000
0.00000000
0.00000000
0.00000000
0.00000000
0.00000000
0.00000000
0.00000000
0.00000000
0.00000000
0.00000000
0.00000000
0.00000000
0.00000000
0.00000000
0.00000000
0.00000000
0.00000000
0.00000000
0.00000000
0.00000000
0.00000000
0.00000000
0.00000000
0.00000000
0.00000000
0.00000000
0.00000000
0.00000000
0.00000000
0.00000000
0.00000000
0.00000000
0.00000000
0.00000000
0.00000000
0.00000000
0.00000000
0.00000000
0.00000000
0.00000000
0.00000000
0.00000000
0.00000000
0.00000000
0.00000000
0.00000000
0.00000000
0.00000000
0.00000000
0.00000000
0.00000000
0.00000000
0.00000000
0.00000000
0.00000000
0.00000000
0.00000000
0.00000000
0.00000000
0.00000000
0.00000000
0.00000000
0.00000000
0.00000000
0.00000000
0.00000000
0.00000000
0.00000000
0.00000000
0.00000000
0.00000000
0.00000000
0.00000000
0.00000000
0.00000000
0.00000000
0.00000000
0.00000000
0.00000000
0.00000000
0.00000000
0.00000000
0.00000000
0.00000000
0.00000000
0.00000000
0.00000000
0.00000000
0.00000000
0.00000000
0.00000000
0.00000000
0.00000000
0.00000000
0.00000000
0.00000000
0.00000000
0.00000000
0.00000000
0.00000000
0.00000000
0.00000000
0.00000000
0.00000000
0.00000000
0.00000000
0.00000000
0.00000000
0.00000000
0.00000000
0.00000000
0.00000000
0.00379978
0.01016909
0.01203435
0.01449592
0.01452501
0.01101171
0.00666682
0.01565270
0.01464024
0.02076637
0.01679845
0.01484365
0.01162834
0.01321726
0.01472335
0.01890114
0.01978380
0.01228965
0.02206935
0.02136759
0.02445977
0.01911635
0.00907198
0.01692772
0.01138812
0.01014992
0.02120442
0.02561408
0.01328446
0.02175922
0.02188274
0.01201308
0.01623747
0.01833902
0.01847142
0.02817166
0.02309723
0.02653655
0.02030861
0.02748575
0.02205374
0.02964065
0.02893945
0.02307001
0.02325577
0.02520653
0.03058163
0.02266816
0.02622852
0.02482302
0.02501404
0.04361433
0.00000000
0.00000000
0.00000000
0.00000000
0.00000000
0.00000000
0.00000000
0.00000000
0.00000000
0.00000000
0.00000000
0.00000000
0.00000000
0.00000000
0.00000000
0.00000000
0.00000000
0.00000000
0.00000000
0.00000000
0.00000000
0.00000000
0.00000000
0.00000000
0.00000000
0.00000000
0.00000000
0.00000000
0.00000000
0.00000000
0.00000000
0.00000000
0.00000000
0.00000000
0.00000000
0.00000000
0.00000000
0.00000000
0.00000000
0.00000000
0.00000000
0.00000000
0.00000000
0.00000000
0.00000000
0.00000000
0.00000000
0.00000000
0.00000000
0.00000000
0.00000000
0.00000000
0.00000000
0.00000000
0.00000000
0.00000000
0.00000000
0.00000000
0.00000000
0.00000000
0.00000000
0.00000000
0.00000000
0.00000000
0.00000000
0.00000000
0.00000000
0.00000000
0.00000000
0.00000000
0.00000000
0.00000000
0.00000000
0.00000000
0.00000000
0.00000000
0.00000000
0.00000000
0.00000000
0.00000000
0.00000000
0.00000000
0.00000000
0.00000000
0.00000000
0.00000000
0.00000000
0.00000000
0.00000000
0.00000000
0.00000000
0.00000000
0.00000000
0.00000000
0.00000000
0.00000000
0.00000000
0.00000000
0.00000000
0.00000000
0.00000000
0.00000000
0.00000000
0.00000000
0.00000000
0.00000000
0.00000000
0.00000000
0.00000000
0.00000000
0.00000000
0.00000000
0.00000000
0.00000000
0.00000000
0.00000000
0.00000000
0.00000000
0.00000000
0.00000000
0.00000000
0.00000000
0.00000000
0.00000000
0.00000000
0.00000000
0.00000000
0.00000000
0.00000000
0.00000000
0.00000000
0.00000000
0.00000000
0.00000000
0.00000000
0.00000000
0.00000000
0.00000000
0.00000000
0.00000000
0.00000000
0.00000000
0.00000000
0.00000000
0.00000000
0.00000000
0.00000000
0.00000000
0.00000000
0.00000000
0.00000000
0.00000000
0.00000000
0.00000000
0.00000000
0.00000000
0.00000000
0.00000000
0.00000000
0.00000000
0.00000000
0.00000000
0.00000000
0.00000000
0.00000000
0.00000000
0.00000000
0.00000000
0.00000000
0.00000000
0.00000000
0.00000000
0.00000000
0.00000000
0.00000000
0.00000000
0.00000000
0.00000000
0.00000000
0.00000000
0.00000000
0.00000000
0.00000000
0.00000000
0.00000000
0.00000000
0.00000000
0.00000000
0.00000000
0.00000000
0.00000000
0.00000000
0.00000000
0.00000000
0.00000000
0.00000000
0.00000000
0.00000000
0.00000000
0.00000000
0.00000000
0.00000000
0.00000000
0.00000000
0.00727397
0.01292749
0.01472342
0.01682827
0.01649230
0.01383292
0.00872780
0.01678863
0.01558462
0.02084253
0.01772040
0.01731752
0.01455938
0.01577322
0.01637215
0.01912546
0.01950128
0.01258452
0.02114957
0.02028716
0.02222617
0.01967453
0.01251790
0.01763492
0.01443457
0.01121359
0.02144343
0.02259886
0.01459032
0.02163904
0.02124958
0.01354077
0.01639727
0.01935007
0.01852387
0.02461325
0.02108482
0.02405934
0.02079343
0.02474422
0.02107985
0.02658993
0.02286426
0.02198891
0.02211896
0.02311097
0.02575354
0.02095591
0.02405934
0.01841930
0.02295342
0.02354565
0.02581740
0.00000000
0.00000000
0.00000000
0.00000000
0.00000000
0.00000000
0.00000000
0.00000000
0.00000000
0.00000000
0.00000000
0.00000000
0.00000000
0.00000000
0.00000000
0.00000000
0.00000000
0.00000000
0.00000000
0.00000000
0.00000000
0.00000000
0.00000000
0.00000000
0.00000000
0.00000000
0.00000000
0.00000000
0.00000000
0.00000000
0.00000000
0.00000000
0.00000000
0.00000000
0.00000000
0.00000000
0.00000000
0.00000000
0.00000000
0.00000000
0.00000000
0.00000000
0.00000000
0.00000000
0.00000000
0.00000000
0.00000000
0.00000000
0.00000000
0.00000000
0.00000000
0.00000000
0.00000000
0.00000000
0.00000000
0.00000000
0.00000000
0.00000000
0.00000000
0.00000000
0.00000000
0.00000000
0.00000000
0.00000000
0.00000000
0.00000000
0.00000000
0.00000000
0.00000000
0.00000000
0.00000000
0.00000000
0.00000000
0.00000000
0.00000000
0.00000000
0.00000000
0.00000000
0.00000000
0.00000000
0.00000000
0.00000000
0.00000000
0.00000000
0.00000000
0.00000000
0.00000000
0.00000000
0.00000000
0.00000000
0.00000000
0.00000000
0.00000000
0.00000000
0.00000000
0.00000000
0.00000000
0.00000000
0.00000000
0.00000000
0.00000000
0.00000000
0.00000000
0.00000000
0.00000000
0.00000000
0.00000000
0.00000000
0.00000000
0.00000000
0.00000000
0.00000000
0.00000000
0.00000000
0.00000000
0.00000000
0.00000000
0.00000000
0.00000000
0.00000000
0.00000000
0.00000000
0.00000000
0.00000000
0.00000000
0.00000000
0.00000000
0.00000000
0.00000000
0.00000000
0.00000000
0.00000000
0.00000000
0.00000000
0.00000000
0.00000000
0.00000000
0.00000000
0.00000000
0.00000000
0.00000000
0.00000000
0.00000000
0.00000000
0.00000000
0.00000000
0.00000000
0.00000000
0.00000000
0.00000000
0.00000000
0.00000000
0.00000000
0.00000000
0.00000000
0.00000000
0.00000000
0.00000000
0.00000000
0.00000000
0.00000000
0.00000000
0.00000000
0.00000000
0.00000000
0.00000000
0.00000000
0.00000000
0.00000000
0.00000000
0.00000000
0.00000000
0.00000000
0.00000000
0.00000000
0.00000000
0.00000000
0.00000000
0.00000000
0.00000000
0.00000000
0.00000000
0.00000000
0.00000000
0.00000000
0.00000000
0.00000000
0.00000000
0.00000000
0.00000000
0.00000000
0.00000000
0.00000000
0.00000000
0.00000000
0.00000000
0.00000000
0.00000000
0.00000000
0.00000000
0.00000000
0.00000000
0.00000000
0.01782078
0.01830863
0.01884536
0.01917266
0.01887205
0.01814098
0.01650183
0.01942300
0.01880318
0.02003961
0.01806838
0.01947576
0.01825257
0.01809824
0.01796639
0.01893224
0.01867940
0.01654275
0.01965111
0.01894117
0.01891215
0.01951485
0.01573402
0.01841908
0.01827842
0.01688771
0.02009642
0.01886537
0.01646101
0.01925423
0.01876551
0.01673110
0.01794309
0.01932247
0.01824612
0.01854113
0.01770973
0.01882981
0.01907342
0.01904645
0.01825472
0.01933615
0.01726633
0.01900606
0.01909368
0.01910720
0.01867500
0.01739304
0.01976733
0.01803857
0.01990066
0.01862221
0.01862221
0.01974869
0.00000000
0.00000000
0.00000000
0.00000000
0.00000000
0.00000000
0.00000000
0.00000000
0.00000000
0.00000000
0.00000000
0.00000000
0.00000000
0.00000000
0.00000000
0.00000000
0.00000000
0.00000000
0.00000000
0.00000000
0.00000000
0.00000000
0.00000000
0.00000000
0.00000000
0.00000000
0.00000000
0.00000000
0.00000000
0.00000000
0.00000000
0.00000000
0.00000000
0.00000000
0.00000000
0.00000000
0.00000000
0.00000000
0.00000000
0.00000000
0.00000000
0.00000000
0.00000000
0.00000000
0.00000000
0.00000000
0.00000000
0.00000000
0.00000000
0.00000000
0.00000000
0.00000000
0.00000000
0.00000000
0.00000000
0.00000000
0.00000000
0.00000000
0.00000000
0.00000000
0.00000000
0.00000000
0.00000000
0.00000000
0.00000000
0.00000000
0.00000000
0.00000000
0.00000000
0.00000000
0.00000000
0.00000000
0.00000000
0.00000000
0.00000000
0.00000000
0.00000000
0.00000000
0.00000000
0.00000000
0.00000000
0.00000000
0.00000000
0.00000000
0.00000000
0.00000000
0.00000000
0.00000000
0.00000000
0.00000000
0.00000000
0.00000000
0.00000000
0.00000000
0.00000000
0.00000000
0.00000000
0.00000000
0.00000000
0.00000000
0.00000000
0.00000000
0.00000000
0.00000000
0.00000000
0.00000000
0.00000000
0.00000000
0.00000000
0.00000000
0.00000000
0.00000000
0.00000000
0.00000000
0.00000000
0.00000000
0.00000000
0.00000000
0.00000000
0.00000000
0.00000000
0.00000000
0.00000000
0.00000000
0.00000000
0.00000000
0.00000000
0.00000000
0.00000000
0.00000000
0.00000000
0.00000000
0.00000000
0.00000000
0.00000000
0.00000000
0.00000000
0.00000000
0.00000000
0.00000000
0.00000000
0.00000000
0.00000000
0.00000000
0.00000000
0.00000000
0.00000000
0.00000000
0.00000000
0.00000000
0.00000000
0.00000000
0.00000000
0.00000000
0.00000000
0.00000000
0.00000000
0.00000000
0.00000000
0.00000000
0.00000000
0.00000000
0.00000000
0.00000000
0.00000000
0.00000000
0.00000000
0.00000000
0.00000000
0.00000000
0.00000000
0.00000000
0.00000000
0.00000000
0.00000000
0.00000000
0.00000000
0.00000000
0.00000000
0.00000000
0.00000000
0.00000000
0.00000000
0.00000000
0.00000000
0.00000000
0.00000000
0.00000000
0.00000000
0.00000000
0.00000000
0.00000000
0.00000000
0.00000000
0.00000000
0.00000000
0.00000000
0.00000000
0.00000000
0.00000000
0.00000000
0.00000000
0.01995440
0.01878072
0.01963459
0.01950074
0.01890963
0.01834076
0.01650157
0.01946398
0.01896770
0.01987455
0.01791110
0.01968327
0.01864170
0.01816210
0.01778061
0.01860656
0.01815568
0.01623901
0.01932901
0.01853647
0.01858243
0.01939066
0.01613021
0.01813214
0.01821144
0.01688148
0.01994029
0.01845794
0.01739893
0.01893641
0.01806810
0.01602025
0.01738662
0.01924712
0.01801278
0.01771364
0.01705357
0.01817282
0.01866150
0.01803404
0.01747914
0.01811291
0.01571338
0.01815354
0.01828245
0.01827598
0.01756593
0.01643360
0.01884729
0.01660700
0.01902595
0.01778061
0.01805532
0.01861973
0.01764067
0.00000000
0.00000000
0.00000000
0.00000000
0.00000000
0.00000000
0.00000000
0.00000000
0.00000000
0.00000000
0.00000000
0.00000000
0.00000000
0.00000000
0.00000000
0.00000000
0.00000000
0.00000000
0.00000000
0.00000000
0.00000000
0.00000000
0.00000000
0.00000000
0.00000000
0.00000000
0.00000000
0.00000000
0.00000000
0.00000000
0.00000000
0.00000000
0.00000000
0.00000000
0.00000000
0.00000000
0.00000000
0.00000000
0.00000000
0.00000000
0.00000000
0.00000000
0.00000000
0.00000000
0.00000000
0.00000000
0.00000000
0.00000000
0.00000000
0.00000000
0.00000000
0.00000000
0.00000000
0.00000000
0.00000000
0.00000000
0.00000000
0.00000000
0.00000000
0.00000000
0.00000000
0.00000000
0.00000000
0.00000000
0.00000000
0.00000000
0.00000000
0.00000000
0.00000000
0.00000000
0.00000000
0.00000000
0.00000000
0.00000000
0.00000000
0.00000000
0.00000000
0.00000000
0.00000000
0.00000000
0.00000000
0.00000000
0.00000000
0.00000000
0.00000000
0.00000000
0.00000000
0.00000000
0.00000000
0.00000000
0.00000000
0.00000000
0.00000000
0.00000000
0.00000000
0.00000000
0.00000000
0.00000000
0.00000000
0.00000000
0.00000000
0.00000000
0.00000000
0.00000000
0.00000000
0.00000000
0.00000000
0.00000000
0.00000000
0.00000000
0.00000000
0.00000000
0.00000000
0.00000000
0.00000000
0.00000000
0.00000000
0.00000000
0.00000000
0.00000000
0.00000000
0.00000000
0.00000000
0.00000000
0.00000000
0.00000000
0.00000000
0.00000000
0.00000000
0.00000000
0.00000000
0.00000000
0.00000000
0.00000000
0.00000000
0.00000000
0.00000000
0.00000000
0.00000000
0.00000000
0.00000000
0.00000000
0.00000000
0.00000000
0.00000000
0.00000000
0.00000000
0.00000000
0.00000000
0.00000000
0.00000000
0.00000000
0.00000000
0.00000000
0.00000000
0.00000000
0.00000000
0.00000000
0.00000000
0.00000000
0.00000000
0.00000000
0.00000000
0.00000000
0.00000000
0.00000000
0.00000000
0.00000000
0.00000000
0.00000000
0.00000000
0.00000000
0.00000000
0.00000000
0.00000000
0.00000000
0.00000000
0.00000000
0.00000000
0.00000000
0.00000000
0.00000000
0.00000000
0.00000000
0.00000000
0.00000000
0.00000000
0.00000000
0.00000000
0.00000000
0.00000000
0.00000000
0.00000000
0.00000000
0.00000000
0.00000000
0.00000000
0.00000000
0.00000000
0.00000000
0.00000000
0.01636738
0.01725744
0.01825393
0.01854907
0.01819805
0.01758202
0.01596134
0.01851629
0.01796773
0.01928976
0.01743542
0.01902093
0.01775916
0.01776126
0.01726558
0.01799530
0.01785577
0.01541558
0.01923978
0.01807399
0.01833809
0.01853158
0.01498007
0.01737384
0.01788317
0.01556722
0.01916956
0.01815303
0.01573333
0.01886455
0.01838790
0.01599715
0.01698085
0.01889795
0.01763602
0.01847266
0.01743953
0.01900972
0.01925794
0.01901869
0.01789582
0.01954625
0.01560766
0.01894482
0.01908160
0.01873154
0.01833809
0.01677582
0.01961552
0.01581892
0.01978046
0.01592186
0.01697684
0.01936498
0.01789371
0.01824748
0.00000000
0.00000000
0.00000000
0.00000000
0.00000000
0.00000000
0.00000000
0.00000000
0.00000000
0.00000000
0.00000000
0.00000000
0.00000000
0.00000000
0.00000000
0.00000000
0.00000000
0.00000000
0.00000000
0.00000000
0.00000000
0.00000000
0.00000000
0.00000000
0.00000000
0.00000000
0.00000000
0.00000000
0.00000000
0.00000000
0.00000000
0.00000000
0.00000000
0.00000000
0.00000000
0.00000000
0.00000000
0.00000000
0.00000000
0.00000000
0.00000000
0.00000000
0.00000000
0.00000000
0.00000000
0.00000000
0.00000000
0.00000000
0.00000000
0.00000000
0.00000000
0.00000000
0.00000000
0.00000000
0.00000000
0.00000000
0.00000000
0.00000000
0.00000000
0.00000000
0.00000000
0.00000000
0.00000000
0.00000000
0.00000000
0.00000000
0.00000000
0.00000000
0.00000000
0.00000000
0.00000000
0.00000000
0.00000000
0.00000000
0.00000000
0.00000000
0.00000000
0.00000000
0.00000000
0.00000000
0.00000000
0.00000000
0.00000000
0.00000000
0.00000000
0.00000000
0.00000000
0.00000000
0.00000000
0.00000000
0.00000000
0.00000000
0.00000000
0.00000000
0.00000000
0.00000000
0.00000000
0.00000000
0.00000000
0.00000000
0.00000000
0.00000000
0.00000000
0.00000000
0.00000000
0.00000000
0.00000000
0.00000000
0.00000000
0.00000000
0.00000000
0.00000000
0.00000000
0.00000000
0.00000000
0.00000000
0.00000000
0.00000000
0.00000000
0.00000000
0.00000000
0.00000000
0.00000000
0.00000000
0.00000000
0.00000000
0.00000000
0.00000000
0.00000000
0.00000000
0.00000000
0.00000000
0.00000000
0.00000000
0.00000000
0.00000000
0.00000000
0.00000000
0.00000000
0.00000000
0.00000000
0.00000000
0.00000000
0.00000000
0.00000000
0.00000000
0.00000000
0.00000000
0.00000000
0.00000000
0.00000000
0.00000000
0.00000000
0.00000000
0.00000000
0.00000000
0.00000000
0.00000000
0.00000000
0.00000000
0.00000000
0.00000000
0.00000000
0.00000000
0.00000000
0.00000000
0.00000000
0.00000000
0.00000000
0.00000000
0.00000000
0.00000000
0.00000000
0.00000000
0.00000000
0.00000000
0.00000000
0.00000000
0.00000000
0.00000000
0.00000000
0.00000000
0.00000000
0.00000000
0.00000000
0.00000000
0.00000000
0.00000000
0.00000000
0.00000000
0.00000000
0.00000000
0.00000000
0.00000000
0.00000000
0.00000000
0.00000000
0.00000000
0.00000000
0.00000000
0.01823112
0.01738490
0.01814318
0.01865745
0.01822682
0.01771606
0.01493843
0.01848879
0.01756419
0.01938417
0.01748978
0.01927475
0.01821608
0.01761606
0.01696163
0.01785871
0.01757248
0.01509783
0.01893677
0.01793046
0.01791144
0.01882543
0.01539269
0.01754349
0.01783135
0.01517101
0.01971617
0.01776837
0.01595268
0.01885209
0.01810471
0.01543268
0.01635271
0.01884542
0.01716690
0.01773069
0.01697563
0.01823542
0.01853245
0.01778724
0.01686588
0.01823757
0.01549103
0.01792835
0.01792624
0.01769518
0.01701974
0.01573407
0.01862887
0.01556611
0.01868608
0.01572851
0.01679442
0.01853245
0.01759529
0.01799826
0.01775371
0.00000000
0.00000000
0.00000000
0.00000000
0.00000000
0.00000000
0.00000000
0.00000000
0.00000000
0.00000000
0.00000000
0.00000000
0.00000000
0.00000000
0.00000000
0.00000000
0.00000000
0.00000000
0.00000000
0.00000000
0.00000000
0.00000000
0.00000000
0.00000000
0.00000000
0.00000000
0.00000000
0.00000000
0.00000000
0.00000000
0.00000000
0.00000000
0.00000000
0.00000000
0.00000000
0.00000000
0.00000000
0.00000000
0.00000000
0.00000000
0.00000000
0.00000000
0.00000000
0.00000000
0.00000000
0.00000000
0.00000000
0.00000000
0.00000000
0.00000000
0.00000000
0.00000000
0.00000000
0.00000000
0.00000000
0.00000000
0.00000000
0.00000000
0.00000000
0.00000000
0.00000000
0.00000000
0.00000000
0.00000000
0.00000000
0.00000000
0.00000000
0.00000000
0.00000000
0.00000000
0.00000000
0.00000000
0.00000000
0.00000000
0.00000000
0.00000000
0.00000000
0.00000000
0.00000000
0.00000000
0.00000000
0.00000000
0.00000000
0.00000000
0.00000000
0.00000000
0.00000000
0.00000000
0.00000000
0.00000000
0.00000000
0.00000000
0.00000000
0.00000000
0.00000000
0.00000000
0.00000000
0.00000000
0.00000000
0.00000000
0.00000000
0.00000000
0.00000000
0.00000000
0.00000000
0.00000000
0.00000000
0.00000000
0.00000000
0.00000000
0.00000000
0.00000000
0.00000000
0.00000000
0.00000000
0.00000000
0.00000000
0.00000000
0.00000000
0.00000000
0.00000000
0.00000000
0.00000000
0.00000000
0.00000000
0.00000000
0.00000000
0.00000000
0.00000000
0.00000000
0.00000000
0.00000000
0.00000000
0.00000000
0.00000000
0.00000000
0.00000000
0.00000000
0.00000000
0.00000000
0.00000000
0.00000000
0.00000000
0.00000000
0.00000000
0.00000000
0.00000000
0.00000000
0.00000000
0.00000000
0.00000000
0.00000000
0.00000000
0.00000000
0.00000000
0.00000000
0.00000000
0.00000000
0.00000000
0.00000000
0.00000000
0.00000000
0.00000000
0.00000000
0.00000000
0.00000000
0.00000000
0.00000000
0.00000000
0.00000000
0.00000000
0.00000000
0.00000000
0.00000000
0.00000000
0.00000000
0.00000000
0.00000000
0.00000000
0.00000000
0.00000000
0.00000000
0.00000000
0.00000000
0.00000000
0.00000000
0.00000000
0.00000000
0.00000000
0.00000000
0.00000000
0.00000000
0.00000000
0.00000000
0.00000000
0.00000000
0.00000000
0.00000000
0.00000000
0.01291276
0.01555951
0.01678532
0.01750712
0.01673788
0.01552286
0.01149793
0.01712525
0.01644438
0.01898463
0.01603833
0.01796519
0.01592337
0.01638437
0.01601565
0.01769811
0.01761690
0.01283987
0.01914878
0.01789751
0.01846134
0.01864074
0.01257907
0.01684680
0.01653774
0.01321784
0.01967762
0.01842002
0.01316805
0.01893320
0.01806291
0.01314943
0.01556685
0.01879970
0.01721231
0.01905866
0.01694244
0.01916007
0.01921438
0.01991341
0.01778389
0.02089503
0.01554484
0.01917137
0.01934170
0.01946757
0.01937595
0.01661790
0.02051412
0.01495853
0.02030232
0.01551370
0.01708893
0.02089256
0.01818475
0.01694244
0.01932802
0.01790807
0.00000000
0.00000000
0.00000000
0.00000000
0.00000000
0.00000000
0.00000000
0.00000000
0.00000000
0.00000000
0.00000000
0.00000000
0.00000000
0.00000000
0.00000000
0.00000000
0.00000000
0.00000000
0.00000000
0.00000000
0.00000000
0.00000000
0.00000000
0.00000000
0.00000000
0.00000000
0.00000000
0.00000000
0.00000000
0.00000000
0.00000000
0.00000000
0.00000000
0.00000000
0.00000000
0.00000000
0.00000000
0.00000000
0.00000000
0.00000000
0.00000000
0.00000000
0.00000000
0.00000000
0.00000000
0.00000000
0.00000000
0.00000000
0.00000000
0.00000000
0.00000000
0.00000000
0.00000000
0.00000000
0.00000000
0.00000000
0.00000000
0.00000000
0.00000000
0.00000000
0.00000000
0.00000000
0.00000000
0.00000000
0.00000000
0.00000000
0.00000000
0.00000000
0.00000000
0.00000000
0.00000000
0.00000000
0.00000000
0.00000000
0.00000000
0.00000000
0.00000000
0.00000000
0.00000000
0.00000000
0.00000000
0.00000000
0.00000000
0.00000000
0.00000000
0.00000000
0.00000000
0.00000000
0.00000000
0.00000000
0.00000000
0.00000000
0.00000000
0.00000000
0.00000000
0.00000000
0.00000000
0.00000000
0.00000000
0.00000000
0.00000000
0.00000000
0.00000000
0.00000000
0.00000000
0.00000000
0.00000000
0.00000000
0.00000000
0.00000000
0.00000000
0.00000000
0.00000000
0.00000000
0.00000000
0.00000000
0.00000000
0.00000000
0.00000000
0.00000000
0.00000000
0.00000000
0.00000000
0.00000000
0.00000000
0.00000000
0.00000000
0.00000000
0.00000000
0.00000000
0.00000000
0.00000000
0.00000000
0.00000000
0.00000000
0.00000000
0.00000000
0.00000000
0.00000000
0.00000000
0.00000000
0.00000000
0.00000000
0.00000000
0.00000000
0.00000000
0.00000000
0.00000000
0.00000000
0.00000000
0.00000000
0.00000000
0.00000000
0.00000000
0.00000000
0.00000000
0.00000000
0.00000000
0.00000000
0.00000000
0.00000000
0.00000000
0.00000000
0.00000000
0.00000000
0.00000000
0.00000000
0.00000000
0.00000000
0.00000000
0.00000000
0.00000000
0.00000000
0.00000000
0.00000000
0.00000000
0.00000000
0.00000000
0.00000000
0.00000000
0.00000000
0.00000000
0.00000000
0.00000000
0.00000000
0.00000000
0.00000000
0.00000000
0.00000000
0.00000000
0.00000000
0.00000000
0.00000000
0.00000000
0.00000000
0.00000000
0.00000000
0.00000000
0.01179248
0.01488897
0.01587738
0.01665612
0.01664237
0.01555856
0.01349582
0.01637564
0.01539066
0.01781009
0.01622569
0.01656795
0.01524074
0.01570419
0.01599579
0.01703355
0.01711814
0.01493822
0.01800438
0.01758260
0.01809165
0.01731509
0.01519766
0.01647054
0.01530919
0.01460893
0.01794291
0.01777651
0.01541609
0.01771999
0.01772627
0.01574128
0.01631203
0.01689152
0.01637371
0.01837549
0.01769911
0.01902156
0.01753704
0.01859349
0.01737236
0.01907322
0.01805967
0.01783531
0.01801287
0.01824808
0.01888966
0.01743188
0.01844062
0.01717881
0.01804690
0.01733143
0.01780378
0.01908447
0.01749779
0.01633128
0.01804051
0.01734984
0.01895214
0.00000000
0.00000000
0.00000000
0.00000000
0.00000000
0.00000000
0.00000000
0.00000000
0.00000000
0.00000000
0.00000000
0.00000000
0.00000000
0.00000000
0.00000000
0.00000000
0.00000000
0.00000000
0.00000000
0.00000000
0.00000000
0.00000000
0.00000000
0.00000000
0.00000000
0.00000000
0.00000000
0.00000000
0.00000000
0.00000000
0.00000000
0.00000000
0.00000000
0.00000000
0.00000000
0.00000000
0.00000000
0.00000000
0.00000000
0.00000000
0.00000000
0.00000000
0.00000000
0.00000000
0.00000000
0.00000000
0.00000000
0.00000000
0.00000000
0.00000000
0.00000000
0.00000000
0.00000000
0.00000000
0.00000000
0.00000000
0.00000000
0.00000000
0.00000000
0.00000000
0.00000000
0.00000000
0.00000000
0.00000000
0.00000000
0.00000000
0.00000000
0.00000000
0.00000000
0.00000000
0.00000000
0.00000000
0.00000000
0.00000000
0.00000000
0.00000000
0.00000000
0.00000000
0.00000000
0.00000000
0.00000000
0.00000000
0.00000000
0.00000000
0.00000000
0.00000000
0.00000000
0.00000000
0.00000000
0.00000000
0.00000000
0.00000000
0.00000000
0.00000000
0.00000000
0.00000000
0.00000000
0.00000000
0.00000000
0.00000000
0.00000000
0.00000000
0.00000000
0.00000000
0.00000000
0.00000000
0.00000000
0.00000000
0.00000000
0.00000000
0.00000000
0.00000000
0.00000000
0.00000000
0.00000000
0.00000000
0.00000000
0.00000000
0.00000000
0.00000000
0.00000000
0.00000000
0.00000000
0.00000000
0.00000000
0.00000000
0.00000000
0.00000000
0.00000000
0.00000000
0.00000000
0.00000000
0.00000000
0.00000000
0.00000000
0.00000000
0.00000000
0.00000000
0.00000000
0.00000000
0.00000000
0.00000000
0.00000000
0.00000000
0.00000000
0.00000000
0.00000000
0.00000000
0.00000000
0.00000000
0.00000000
0.00000000
0.00000000
0.00000000
0.00000000
0.00000000
0.00000000
0.00000000
0.00000000
0.00000000
0.00000000
0.00000000
0.00000000
0.00000000
0.00000000
0.00000000
0.00000000
0.00000000
0.00000000
0.00000000
0.00000000
0.00000000
0.00000000
0.00000000
0.00000000
0.00000000
0.00000000
0.00000000
0.00000000
0.00000000
0.00000000
0.00000000
0.00000000
0.00000000
0.00000000
0.00000000
0.00000000
0.00000000
0.00000000
0.00000000
0.00000000
0.00000000
0.00000000
0.00000000
0.00000000
0.00000000
0.00000000
0.01527658
0.01645291
0.01645097
0.01680195
0.01689734
0.01650539
0.01701934
0.01739270
0.01653656
0.01768851
0.01644322
0.01715435
0.01652876
0.01688937
0.01704746
0.01676039
0.01635232
0.01528019
0.01708973
0.01702134
0.01714424
0.01700930
0.01779732
0.01644128
0.01629265
0.01700730
0.01750794
0.01657170
0.01579319
0.01675644
0.01699126
0.01866581
0.01805524
0.01653461
0.01585291
0.01607506
0.01613965
0.01738654
0.01648982
0.01683567
0.01663829
0.01645874
0.01688738
0.01624277
0.01633305
0.01642383
0.01639481
0.01593914
0.01636004
0.01721515
0.01639867
0.01696723
0.01659909
0.01653266
0.01618349
0.01624085
0.01660300
0.01694323
0.01648399
0.01521724
0.00000000
0.00000000
0.00000000
0.00000000
0.00000000
0.00000000
0.00000000
0.00000000
0.00000000
0.00000000
0.00000000
0.00000000
0.00000000
0.00000000
0.00000000
0.00000000
0.00000000
0.00000000
0.00000000
0.00000000
0.00000000
0.00000000
0.00000000
0.00000000
0.00000000
0.00000000
0.00000000
0.00000000
0.00000000
0.00000000
0.00000000
0.00000000
0.00000000
0.00000000
0.00000000
0.00000000
0.00000000
0.00000000
0.00000000
0.00000000
0.00000000
0.00000000
0.00000000
0.00000000
0.00000000
0.00000000
0.00000000
0.00000000
0.00000000
0.00000000
0.00000000
0.00000000
0.00000000
0.00000000
0.00000000
0.00000000
0.00000000
0.00000000
0.00000000
0.00000000
0.00000000
0.00000000
0.00000000
0.00000000
0.00000000
0.00000000
0.00000000
0.00000000
0.00000000
0.00000000
0.00000000
0.00000000
0.00000000
0.00000000
0.00000000
0.00000000
0.00000000
0.00000000
0.00000000
0.00000000
0.00000000
0.00000000
0.00000000
0.00000000
0.00000000
0.00000000
0.00000000
0.00000000
0.00000000
0.00000000
0.00000000
0.00000000
0.00000000
0.00000000
0.00000000
0.00000000
0.00000000
0.00000000
0.00000000
0.00000000
0.00000000
0.00000000
0.00000000
0.00000000
0.00000000
0.00000000
0.00000000
0.00000000
0.00000000
0.00000000
0.00000000
0.00000000
0.00000000
0.00000000
0.00000000
0.00000000
0.00000000
0.00000000
0.00000000
0.00000000
0.00000000
0.00000000
0.00000000
0.00000000
0.00000000
0.00000000
0.00000000
0.00000000
0.00000000
0.00000000
0.00000000
0.00000000
0.00000000
0.00000000
0.00000000
0.00000000
0.00000000
0.00000000
0.00000000
0.00000000
0.00000000
0.00000000
0.00000000
0.00000000
0.00000000
0.00000000
0.00000000
0.00000000
0.00000000
0.00000000
0.00000000
0.00000000
0.00000000
0.00000000
0.00000000
0.00000000
0.00000000
0.00000000
0.00000000
0.00000000
0.00000000
0.00000000
0.00000000
0.00000000
0.00000000
0.00000000
0.00000000
0.00000000
0.00000000
0.00000000
0.00000000
0.00000000
0.00000000
0.00000000
0.00000000
0.00000000
0.00000000
0.00000000
0.00000000
0.00000000
0.00000000
0.00000000
0.00000000
0.00000000
0.00000000
0.00000000
0.00000000
0.00000000
0.00000000
0.00000000
0.00000000
0.00000000
0.00000000
0.00000000
0.00000000
0.00000000
0.01347970
0.01552898
0.01590524
0.01636379
0.01600308
0.01535959
0.01369765
0.01644311
0.01589774
0.01736184
0.01556198
0.01671488
0.01560793
0.01607117
0.01598045
0.01642373
0.01623883
0.01362836
0.01717853
0.01662249
0.01695912
0.01687333
0.01445105
0.01585655
0.01591650
0.01468990
0.01746040
0.01662445
0.01381935
0.01692116
0.01678798
0.01542676
0.01643148
0.01689922
0.01615097
0.01701923
0.01618720
0.01769465
0.01726587
0.01784975
0.01687532
0.01806151
0.01595221
0.01715019
0.01733729
0.01738233
0.01739463
0.01593152
0.01774481
0.01567618
0.01770509
0.01588087
0.01640050
0.01798499
0.01663229
0.01615859
0.01747070
0.01718461
0.01834056
0.01683557
0.01654621
0.00000000
0.00000000
0.00000000
0.00000000
0.00000000
0.00000000
0.00000000
0.00000000
0.00000000
0.00000000
0.00000000
0.00000000
0.00000000
0.00000000
0.00000000
0.00000000
0.00000000
0.00000000
0.00000000
0.00000000
0.00000000
0.00000000
0.00000000
0.00000000
0.00000000
0.00000000
0.00000000
0.00000000
0.00000000
0.00000000
0.00000000
0.00000000
0.00000000
0.00000000
0.00000000
0.00000000
0.00000000
0.00000000
0.00000000
0.00000000
0.00000000
0.00000000
0.00000000
0.00000000
0.00000000
0.00000000
0.00000000
0.00000000
0.00000000
0.00000000
0.00000000
0.00000000
0.00000000
0.00000000
0.00000000
0.00000000
0.00000000
0.00000000
0.00000000
0.00000000
0.00000000
0.00000000
0.00000000
0.00000000
0.00000000
0.00000000
0.00000000
0.00000000
0.00000000
0.00000000
0.00000000
0.00000000
0.00000000
0.00000000
0.00000000
0.00000000
0.00000000
0.00000000
0.00000000
0.00000000
0.00000000
0.00000000
0.00000000
0.00000000
0.00000000
0.00000000
0.00000000
0.00000000
0.00000000
0.00000000
0.00000000
0.00000000
0.00000000
0.00000000
0.00000000
0.00000000
0.00000000
0.00000000
0.00000000
0.00000000
0.00000000
0.00000000
0.00000000
0.00000000
0.00000000
0.00000000
0.00000000
0.00000000
0.00000000
0.00000000
0.00000000
0.00000000
0.00000000
0.00000000
0.00000000
0.00000000
0.00000000
0.00000000
0.00000000
0.00000000
0.00000000
0.00000000
0.00000000
0.00000000
0.00000000
0.00000000
0.00000000
0.00000000
0.00000000
0.00000000
0.00000000
0.00000000
0.00000000
0.00000000
0.00000000
0.00000000
0.00000000
0.00000000
0.00000000
0.00000000
0.00000000
0.00000000
0.00000000
0.00000000
0.00000000
0.00000000
0.00000000
0.00000000
0.00000000
0.00000000
0.00000000
0.00000000
0.00000000
0.00000000
0.00000000
0.00000000
0.00000000
0.00000000
0.00000000
0.00000000
0.00000000
0.00000000
0.00000000
0.00000000
0.00000000
0.00000000
0.00000000
0.00000000
0.00000000
0.00000000
0.00000000
0.00000000
0.00000000
0.00000000
0.00000000
0.00000000
0.00000000
0.00000000
0.00000000
0.00000000
0.00000000
0.00000000
0.00000000
0.00000000
0.00000000
0.00000000
0.00000000
0.00000000
0.00000000
0.00000000
0.00000000
0.00000000
0.00000000
0.00000000
0.00000000
0.01653053
0.01650132
0.01678791
0.01684145
0.01615662
0.01572426
0.01359299
0.01687326
0.01647409
0.01763416
0.01608437
0.01752841
0.01644886
0.01638690
0.01619668
0.01672467
0.01638110
0.01410912
0.01700511
0.01627711
0.01623493
0.01717846
0.01490272
0.01602568
0.01649937
0.01511869
0.01760922
0.01608627
0.01414912
0.01666953
0.01608627
0.01439825
0.01585460
0.01710164
0.01631362
0.01616424
0.01541941
0.01632709
0.01665774
0.01631170
0.01589205
0.01662438
0.01471237
0.01622536
0.01621197
0.01613757
0.01569091
0.01483258
0.01677603
0.01479764
0.01694705
0.01483608
0.01553074
0.01685138
0.01605405
0.01602757
0.01639850
0.01610335
0.01703120
0.01607489
0.01703723
0.01583965
0.00000000
0.00000000
0.00000000
0.00000000
0.00000000
0.00000000
0.00000000
0.00000000
0.00000000
0.00000000
0.00000000
0.00000000
0.00000000
0.00000000
0.00000000
0.00000000
0.00000000
0.00000000
0.00000000
0.00000000
0.00000000
0.00000000
0.00000000
0.00000000
0.00000000
0.00000000
0.00000000
0.00000000
0.00000000
0.00000000
0.00000000
0.00000000
0.00000000
0.00000000
0.00000000
0.00000000
0.00000000
0.00000000
0.00000000
0.00000000
0.00000000
0.00000000
0.00000000
0.00000000
0.00000000
0.00000000
0.00000000
0.00000000
0.00000000
0.00000000
0.00000000
0.00000000
0.00000000
0.00000000
0.00000000
0.00000000
0.00000000
0.00000000
0.00000000
0.00000000
0.00000000
0.00000000
0.00000000
0.00000000
0.00000000
0.00000000
0.00000000
0.00000000
0.00000000
0.00000000
0.00000000
0.00000000
0.00000000
0.00000000
0.00000000
0.00000000
0.00000000
0.00000000
0.00000000
0.00000000
0.00000000
0.00000000
0.00000000
0.00000000
0.00000000
0.00000000
0.00000000
0.00000000
0.00000000
0.00000000
0.00000000
0.00000000
0.00000000
0.00000000
0.00000000
0.00000000
0.00000000
0.00000000
0.00000000
0.00000000
0.00000000
0.00000000
0.00000000
0.00000000
0.00000000
0.00000000
0.00000000
0.00000000
0.00000000
0.00000000
0.00000000
0.00000000
0.00000000
0.00000000
0.00000000
0.00000000
0.00000000
0.00000000
0.00000000
0.00000000
0.00000000
0.00000000
0.00000000
0.00000000
0.00000000
0.00000000
0.00000000
0.00000000
0.00000000
0.00000000
0.00000000
0.00000000
0.00000000
0.00000000
0.00000000
0.00000000
0.00000000
0.00000000
0.00000000
0.00000000
0.00000000
0.00000000
0.00000000
0.00000000
0.00000000
0.00000000
0.00000000
0.00000000
0.00000000
0.00000000
0.00000000
0.00000000
0.00000000
0.00000000
0.00000000
0.00000000
0.00000000
0.00000000
0.00000000
0.00000000
0.00000000
0.00000000
0.00000000
0.00000000
0.00000000
0.00000000
0.00000000
0.00000000
0.00000000
0.00000000
0.00000000
0.00000000
0.00000000
0.00000000
0.00000000
0.00000000
0.00000000
0.00000000
0.00000000
0.00000000
0.00000000
0.00000000
0.00000000
0.00000000
0.00000000
0.00000000
0.00000000
0.00000000
0.00000000
0.00000000
0.00000000
0.00000000
0.00000000
0.00000000
0.01551532
0.01512685
0.01593065
0.01656874
0.01611014
0.01579409
0.01238167
0.01603432
0.01542409
0.01703035
0.01516973
0.01700626
0.01606271
0.01562734
0.01478294
0.01600032
0.01595698
0.01301655
0.01725068
0.01624561
0.01628781
0.01708466
0.01260265
0.01580527
0.01614057
0.01247253
0.01795222
0.01609116
0.01322857
0.01731387
0.01653555
0.01300888
0.01420190
0.01732817
0.01557582
0.01658438
0.01557214
0.01678113
0.01729754
0.01661178
0.01531353
0.01727511
0.01359391
0.01672975
0.01671200
0.01659808
0.01598712
0.01453401
0.01760419
0.01406356
0.01745122
0.01383979
0.01506277
0.01737728
0.01619014
0.01632820
0.01664512
0.01539865
0.01716950
0.01681679
0.01750481
0.01711289
0.01717962
0.00000000
0.00000000
0.00000000
0.00000000
0.00000000
0.00000000
0.00000000
0.00000000
0.00000000
0.00000000
0.00000000
0.00000000
0.00000000
0.00000000
0.00000000
0.00000000
0.00000000
0.00000000
0.00000000
0.00000000
0.00000000
0.00000000
0.00000000
0.00000000
0.00000000
0.00000000
0.00000000
0.00000000
0.00000000
0.00000000
0.00000000
0.00000000
0.00000000
0.00000000
0.00000000
0.00000000
0.00000000
0.00000000
0.00000000
0.00000000
0.00000000
0.00000000
0.00000000
0.00000000
0.00000000
0.00000000
0.00000000
0.00000000
0.00000000
0.00000000
0.00000000
0.00000000
0.00000000
0.00000000
0.00000000
0.00000000
0.00000000
0.00000000
0.00000000
0.00000000
0.00000000
0.00000000
0.00000000
0.00000000
0.00000000
0.00000000
0.00000000
0.00000000
0.00000000
0.00000000
0.00000000
0.00000000
0.00000000
0.00000000
0.00000000
0.00000000
0.00000000
0.00000000
0.00000000
0.00000000
0.00000000
0.00000000
0.00000000
0.00000000
0.00000000
0.00000000
0.00000000
0.00000000
0.00000000
0.00000000
0.00000000
0.00000000
0.00000000
0.00000000
0.00000000
0.00000000
0.00000000
0.00000000
0.00000000
0.00000000
0.00000000
0.00000000
0.00000000
0.00000000
0.00000000
0.00000000
0.00000000
0.00000000
0.00000000
0.00000000
0.00000000
0.00000000
0.00000000
0.00000000
0.00000000
0.00000000
0.00000000
0.00000000
0.00000000
0.00000000
0.00000000
0.00000000
0.00000000
0.00000000
0.00000000
0.00000000
0.00000000
0.00000000
0.00000000
0.00000000
0.00000000
0.00000000
0.00000000
0.00000000
0.00000000
0.00000000
0.00000000
0.00000000
0.00000000
0.00000000
0.00000000
0.00000000
0.00000000
0.00000000
0.00000000
0.00000000
0.00000000
0.00000000
0.00000000
0.00000000
0.00000000
0.00000000
0.00000000
0.00000000
0.00000000
0.00000000
0.00000000
0.00000000
0.00000000
0.00000000
0.00000000
0.00000000
0.00000000
0.00000000
0.00000000
0.00000000
0.00000000
0.00000000
0.00000000
0.00000000
0.00000000
0.00000000
0.00000000
0.00000000
0.00000000
0.00000000
0.00000000
0.00000000
0.00000000
0.00000000
0.00000000
0.00000000
0.00000000
0.00000000
0.00000000
0.00000000
0.00000000
0.00000000
0.00000000
0.00000000
0.00000000
0.00000000
0.00000000
0.01153134
0.01343566
0.01456784
0.01548737
0.01514598
0.01423832
0.01122010
0.01535280
0.01478594
0.01675288
0.01418134
0.01591698
0.01438856
0.01467302
0.01410628
0.01537273
0.01540177
0.01114230
0.01703781
0.01604703
0.01667600
0.01653695
0.01147707
0.01505516
0.01504273
0.01128114
0.01764933
0.01634114
0.01161596
0.01712847
0.01649216
0.01246917
0.01407305
0.01678056
0.01510317
0.01693364
0.01519070
0.01719932
0.01743007
0.01778934
0.01587386
0.01869269
0.01340085
0.01723790
0.01746093
0.01759114
0.01754142
0.01512635
0.01869710
0.01372393
0.01844305
0.01391133
0.01536910
0.01879659
0.01632188
0.01575635
0.01733781
0.01594140
0.01837358
0.01718107
0.01673906
0.01642809
0.01773488
0.01726843
0.00000000
0.00000000
0.00000000
0.00000000
0.00000000
0.00000000
0.00000000
0.00000000
0.00000000
0.00000000
0.00000000
0.00000000
0.00000000
0.00000000
0.00000000
0.00000000
0.00000000
0.00000000
0.00000000
0.00000000
0.00000000
0.00000000
0.00000000
0.00000000
0.00000000
0.00000000
0.00000000
0.00000000
0.00000000
0.00000000
0.00000000
0.00000000
0.00000000
0.00000000
0.00000000
0.00000000
0.00000000
0.00000000
0.00000000
0.00000000
0.00000000
0.00000000
0.00000000
0.00000000
0.00000000
0.00000000
0.00000000
0.00000000
0.00000000
0.00000000
0.00000000
0.00000000
0.00000000
0.00000000
0.00000000
0.00000000
0.00000000
0.00000000
0.00000000
0.00000000
0.00000000
0.00000000
0.00000000
0.00000000
0.00000000
0.00000000
0.00000000
0.00000000
0.00000000
0.00000000
0.00000000
0.00000000
0.00000000
0.00000000
0.00000000
0.00000000
0.00000000
0.00000000
0.00000000
0.00000000
0.00000000
0.00000000
0.00000000
0.00000000
0.00000000
0.00000000
0.00000000
0.00000000
0.00000000
0.00000000
0.00000000
0.00000000
0.00000000
0.00000000
0.00000000
0.00000000
0.00000000
0.00000000
0.00000000
0.00000000
0.00000000
0.00000000
0.00000000
0.00000000
0.00000000
0.00000000
0.00000000
0.00000000
0.00000000
0.00000000
0.00000000
0.00000000
0.00000000
0.00000000
0.00000000
0.00000000
0.00000000
0.00000000
0.00000000
0.00000000
0.00000000
0.00000000
0.00000000
0.00000000
0.00000000
0.00000000
0.00000000
0.00000000
0.00000000
0.00000000
0.00000000
0.00000000
0.00000000
0.00000000
0.00000000
0.00000000
0.00000000
0.00000000
0.00000000
0.00000000
0.00000000
0.00000000
0.00000000
0.00000000
0.00000000
0.00000000
0.00000000
0.00000000
0.00000000
0.00000000
0.00000000
0.00000000
0.00000000
0.00000000
0.00000000
0.00000000
0.00000000
0.00000000
0.00000000
0.00000000
0.00000000
0.00000000
0.00000000
0.00000000
0.00000000
0.00000000
0.00000000
0.00000000
0.00000000
0.00000000
0.00000000
0.00000000
0.00000000
0.00000000
0.00000000
0.00000000
0.00000000
0.00000000
0.00000000
0.00000000
0.00000000
0.00000000
0.00000000
0.00000000
0.00000000
0.00000000
0.00000000
0.00000000
0.00000000
0.00000000
0.00000000
0.00000000
0.01628449
0.01565735
0.01601404
0.01616204
0.01585057
0.01562046
0.01429140
0.01621932
0.01551215
0.01662211
0.01516306
0.01658882
0.01590113
0.01567398
0.01524374
0.01581510
0.01547925
0.01394345
0.01649518
0.01598386
0.01586179
0.01644661
0.01386310
0.01544825
0.01548656
0.01446265
0.01691878
0.01543732
0.01413218
0.01602727
0.01558366
0.01439289
0.01496762
0.01619638
0.01486558
0.01510772
0.01477993
0.01595749
0.01599140
0.01553961
0.01483581
0.01546830
0.01385330
0.01540640
0.01549752
0.01537011
0.01474684
0.01369411
0.01571470
0.01425942
0.01580018
0.01470343
0.01488664
0.01557631
0.01499589
0.01524015
0.01534113
0.01490596
0.01560573
0.01504371
0.01584684
0.01539551
0.01532847
0.01499589
0.01549935
0.00000000
0.00000000
0.00000000
0.00000000
0.00000000
0.00000000
0.00000000
0.00000000
0.00000000
0.00000000
0.00000000
0.00000000
0.00000000
0.00000000
0.00000000
0.00000000
0.00000000
0.00000000
0.00000000
0.00000000
0.00000000
0.00000000
0.00000000
0.00000000
0.00000000
0.00000000
0.00000000
0.00000000
0.00000000
0.00000000
0.00000000
0.00000000
0.00000000
0.00000000
0.00000000
0.00000000
0.00000000
0.00000000
0.00000000
0.00000000
0.00000000
0.00000000
0.00000000
0.00000000
0.00000000
0.00000000
0.00000000
0.00000000
0.00000000
0.00000000
0.00000000
0.00000000
0.00000000
0.00000000
0.00000000
0.00000000
0.00000000
0.00000000
0.00000000
0.00000000
0.00000000
0.00000000
0.00000000
0.00000000
0.00000000
0.00000000
0.00000000
0.00000000
0.00000000
0.00000000
0.00000000
0.00000000
0.00000000
0.00000000
0.00000000
0.00000000
0.00000000
0.00000000
0.00000000
0.00000000
0.00000000
0.00000000
0.00000000
0.00000000
0.00000000
0.00000000
0.00000000
0.00000000
0.00000000
0.00000000
0.00000000
0.00000000
0.00000000
0.00000000
0.00000000
0.00000000
0.00000000
0.00000000
0.00000000
0.00000000
0.00000000
0.00000000
0.00000000
0.00000000
0.00000000
0.00000000
0.00000000
0.00000000
0.00000000
0.00000000
0.00000000
0.00000000
0.00000000
0.00000000
0.00000000
0.00000000
0.00000000
0.00000000
0.00000000
0.00000000
0.00000000
0.00000000
0.00000000
0.00000000
0.00000000
0.00000000
0.00000000
0.00000000
0.00000000
0.00000000
0.00000000
0.00000000
0.00000000
0.00000000
0.00000000
0.00000000
0.00000000
0.00000000
0.00000000
0.00000000
0.00000000
0.00000000
0.00000000
0.00000000
0.00000000
0.00000000
0.00000000
0.00000000
0.00000000
0.00000000
0.00000000
0.00000000
0.00000000
0.00000000
0.00000000
0.00000000
0.00000000
0.00000000
0.00000000
0.00000000
0.00000000
0.00000000
0.00000000
0.00000000
0.00000000
0.00000000
0.00000000
0.00000000
0.00000000
0.00000000
0.00000000
0.00000000
0.00000000
0.00000000
0.00000000
0.00000000
0.00000000
0.00000000
0.00000000
0.00000000
0.00000000
0.00000000
0.00000000
0.00000000
0.00000000
0.00000000
0.00000000
0.00000000
0.00000000
0.00000000
0.00000000
0.01613864
0.01530628
0.01577545
0.01593627
0.01549700
0.01539681
0.01353470
0.01586127
0.01527923
0.01629547
0.01469254
0.01644219
0.01576243
0.01568455
0.01502017
0.01554460
0.01514111
0.01306420
0.01631085
0.01572159
0.01576429
0.01629547
0.01354109
0.01519298
0.01540771
0.01378764
0.01687637
0.01534243
0.01380228
0.01604376
0.01548970
0.01387082
0.01464065
0.01629163
0.01469601
0.01500777
0.01451343
0.01604943
0.01607785
0.01558866
0.01474635
0.01537141
0.01290647
0.01519477
0.01533339
0.01525762
0.01459410
0.01351715
0.01567530
0.01357626
0.01578662
0.01403372
0.01454771
0.01558498
0.01488965
0.01515719
0.01526122
0.01471855
0.01550980
0.01489844
0.01582763
0.01521629
0.01510366
0.01476201
0.01528464
0.01455972
0.00000000
0.00000000
0.00000000
0.00000000
0.00000000
0.00000000
0.00000000
0.00000000
0.00000000
0.00000000
0.00000000
0.00000000
0.00000000
0.00000000
0.00000000
0.00000000
0.00000000
0.00000000
0.00000000
0.00000000
0.00000000
0.00000000
0.00000000
0.00000000
0.00000000
0.00000000
0.00000000
0.00000000
0.00000000
0.00000000
0.00000000
0.00000000
0.00000000
0.00000000
0.00000000
0.00000000
0.00000000
0.00000000
0.00000000
0.00000000
0.00000000
0.00000000
0.00000000
0.00000000
0.00000000
0.00000000
0.00000000
0.00000000
0.00000000
0.00000000
0.00000000
0.00000000
0.00000000
0.00000000
0.00000000
0.00000000
0.00000000
0.00000000
0.00000000
0.00000000
0.00000000
0.00000000
0.00000000
0.00000000
0.00000000
0.00000000
0.00000000
0.00000000
0.00000000
0.00000000
0.00000000
0.00000000
0.00000000
0.00000000
0.00000000
0.00000000
0.00000000
0.00000000
0.00000000
0.00000000
0.00000000
0.00000000
0.00000000
0.00000000
0.00000000
0.00000000
0.00000000
0.00000000
0.00000000
0.00000000
0.00000000
0.00000000
0.00000000
0.00000000
0.00000000
0.00000000
0.00000000
0.00000000
0.00000000
0.00000000
0.00000000
0.00000000
0.00000000
0.00000000
0.00000000
0.00000000
0.00000000
0.00000000
0.00000000
0.00000000
0.00000000
0.00000000
0.00000000
0.00000000
0.00000000
0.00000000
0.00000000
0.00000000
0.00000000
0.00000000
0.00000000
0.00000000
0.00000000
0.00000000
0.00000000
0.00000000
0.00000000
0.00000000
0.00000000
0.00000000
0.00000000
0.00000000
0.00000000
0.00000000
0.00000000
0.00000000
0.00000000
0.00000000
0.00000000
0.00000000
0.00000000
0.00000000
0.00000000
0.00000000
0.00000000
0.00000000
0.00000000
0.00000000
0.00000000
0.00000000
0.00000000
0.00000000
0.00000000
0.00000000
0.00000000
0.00000000
0.00000000
0.00000000
0.00000000
0.00000000
0.00000000
0.00000000
0.00000000
0.00000000
0.00000000
0.00000000
0.00000000
0.00000000
0.00000000
0.00000000
0.00000000
0.00000000
0.00000000
0.00000000
0.00000000
0.00000000
0.00000000
0.00000000
0.00000000
0.00000000
0.00000000
0.00000000
0.00000000
0.00000000
0.00000000
0.00000000
0.00000000
0.00000000
0.00000000
0.00000000
0.01417519
0.01415181
0.01488799
0.01534071
0.01488448
0.01437553
0.01214168
0.01524512
0.01500609
0.01602305
0.01424390
0.01581840
0.01477604
0.01463728
0.01409517
0.01499194
0.01489853
0.01173759
0.01596458
0.01524333
0.01551904
0.01602683
0.01268322
0.01482841
0.01527752
0.01192878
0.01668450
0.01507349
0.01197106
0.01588008
0.01514477
0.01223800
0.01363572
0.01600228
0.01469436
0.01519666
0.01399909
0.01517516
0.01599473
0.01568834
0.01478998
0.01631095
0.01257598
0.01558875
0.01568464
0.01562188
0.01523793
0.01391678
0.01657468
0.01283520
0.01660402
0.01290350
0.01417018
0.01649862
0.01519486
0.01537150
0.01569945
0.01472559
0.01603061
0.01558875
0.01629365
0.01562188
0.01580907
0.01516264
0.01670025
0.01597400
0.01623419
0.00000000
0.00000000
0.00000000
0.00000000
0.00000000
0.00000000
0.00000000
0.00000000
0.00000000
0.00000000
0.00000000
0.00000000
0.00000000
0.00000000
0.00000000
0.00000000
0.00000000
0.00000000
0.00000000
0.00000000
0.00000000
0.00000000
0.00000000
0.00000000
0.00000000
0.00000000
0.00000000
0.00000000
0.00000000
0.00000000
0.00000000
0.00000000
0.00000000
0.00000000
0.00000000
0.00000000
0.00000000
0.00000000
0.00000000
0.00000000
0.00000000
0.00000000
0.00000000
0.00000000
0.00000000
0.00000000
0.00000000
0.00000000
0.00000000
0.00000000
0.00000000
0.00000000
0.00000000
0.00000000
0.00000000
0.00000000
0.00000000
0.00000000
0.00000000
0.00000000
0.00000000
0.00000000
0.00000000
0.00000000
0.00000000
0.00000000
0.00000000
0.00000000
0.00000000
0.00000000
0.00000000
0.00000000
0.00000000
0.00000000
0.00000000
0.00000000
0.00000000
0.00000000
0.00000000
0.00000000
0.00000000
0.00000000
0.00000000
0.00000000
0.00000000
0.00000000
0.00000000
0.00000000
0.00000000
0.00000000
0.00000000
0.00000000
0.00000000
0.00000000
0.00000000
0.00000000
0.00000000
0.00000000
0.00000000
0.00000000
0.00000000
0.00000000
0.00000000
0.00000000
0.00000000
0.00000000
0.00000000
0.00000000
0.00000000
0.00000000
0.00000000
0.00000000
0.00000000
0.00000000
0.00000000
0.00000000
0.00000000
0.00000000
0.00000000
0.00000000
0.00000000
0.00000000
0.00000000
0.00000000
0.00000000
0.00000000
0.00000000
0.00000000
0.00000000
0.00000000
0.00000000
0.00000000
0.00000000
0.00000000
0.00000000
0.00000000
0.00000000
0.00000000
0.00000000
0.00000000
0.00000000
0.00000000
0.00000000
0.00000000
0.00000000
0.00000000
0.00000000
0.00000000
0.00000000
0.00000000
0.00000000
0.00000000
0.00000000
0.00000000
0.00000000
0.00000000
0.00000000
0.00000000
0.00000000
0.00000000
0.00000000
0.00000000
0.00000000
0.00000000
0.00000000
0.00000000
0.00000000
0.00000000
0.00000000
0.00000000
0.00000000
0.00000000
0.00000000
0.00000000
0.00000000
0.00000000
0.00000000
0.00000000
0.00000000
0.00000000
0.00000000
0.00000000
0.00000000
0.00000000
0.00000000
0.00000000
0.00000000
0.00000000
0.00000000
0.01494701
0.01440532
0.01500707
0.01539427
0.01501769
0.01461236
0.01267209
0.01534895
0.01500884
0.01594116
0.01420457
0.01573755
0.01481364
0.01469185
0.01433076
0.01512790
0.01483987
0.01220564
0.01571715
0.01521558
0.01540154
0.01594492
0.01358043
0.01480840
0.01490477
0.01245870
0.01657576
0.01496995
0.01308827
0.01566903
0.01504074
0.01315791
0.01411273
0.01573569
0.01440362
0.01463651
0.01374803
0.01503010
0.01544337
0.01533628
0.01467107
0.01549993
0.01291957
0.01483987
0.01489774
0.01503541
0.01460031
0.01354844
0.01555854
0.01302974
0.01543063
0.01317344
0.01407782
0.01537250
0.01448710
0.01463478
0.01474392
0.01416943
0.01526411
0.01471092
0.01532002
0.01467280
0.01481888
0.01440702
0.01547984
0.01483812
0.01525871
0.01525331
0.00000000
0.00000000
0.00000000
0.00000000
0.00000000
0.00000000
0.00000000
0.00000000
0.00000000
0.00000000
0.00000000
0.00000000
0.00000000
0.00000000
0.00000000
0.00000000
0.00000000
0.00000000
0.00000000
0.00000000
0.00000000
0.00000000
0.00000000
0.00000000
0.00000000
0.00000000
0.00000000
0.00000000
0.00000000
0.00000000
0.00000000
0.00000000
0.00000000
0.00000000
0.00000000
0.00000000
0.00000000
0.00000000
0.00000000
0.00000000
0.00000000
0.00000000
0.00000000
0.00000000
0.00000000
0.00000000
0.00000000
0.00000000
0.00000000
0.00000000
0.00000000
0.00000000
0.00000000
0.00000000
0.00000000
0.00000000
0.00000000
0.00000000
0.00000000
0.00000000
0.00000000
0.00000000
0.00000000
0.00000000
0.00000000
0.00000000
0.00000000
0.00000000
0.00000000
0.00000000
0.00000000
0.00000000
0.00000000
0.00000000
0.00000000
0.00000000
0.00000000
0.00000000
0.00000000
0.00000000
0.00000000
0.00000000
0.00000000
0.00000000
0.00000000
0.00000000
0.00000000
0.00000000
0.00000000
0.00000000
0.00000000
0.00000000
0.00000000
0.00000000
0.00000000
0.00000000
0.00000000
0.00000000
0.00000000
0.00000000
0.00000000
0.00000000
0.00000000
0.00000000
0.00000000
0.00000000
0.00000000
0.00000000
0.00000000
0.00000000
0.00000000
0.00000000
0.00000000
0.00000000
0.00000000
0.00000000
0.00000000
0.00000000
0.00000000
0.00000000
0.00000000
0.00000000
0.00000000
0.00000000
0.00000000
0.00000000
0.00000000
0.00000000
0.00000000
0.00000000
0.00000000
0.00000000
0.00000000
0.00000000
0.00000000
0.00000000
0.00000000
0.00000000
0.00000000
0.00000000
0.00000000
0.00000000
0.00000000
0.00000000
0.00000000
0.00000000
0.00000000
0.00000000
0.00000000
0.00000000
0.00000000
0.00000000
0.00000000
0.00000000
0.00000000
0.00000000
0.00000000
0.00000000
0.00000000
0.00000000
0.00000000
0.00000000
0.00000000
0.00000000
0.00000000
0.00000000
0.00000000
0.00000000
0.00000000
0.00000000
0.00000000
0.00000000
0.00000000
0.00000000
0.00000000
0.00000000
0.00000000
0.00000000
0.00000000
0.00000000
0.00000000
0.00000000
0.00000000
0.00000000
0.00000000
0.00000000
0.00000000
0.00000000
0.01022095
0.01258020
0.01321435
0.01390996
0.01380536
0.01299336
0.01138293
0.01391980
0.01346606
0.01497929
0.01354091
0.01399718
0.01284708
0.01342009
0.01370964
0.01444665
0.01448760
0.01197648
0.01486315
0.01455267
0.01498282
0.01458875
0.01202035
0.01378909
0.01321902
0.01182072
0.01509990
0.01502706
0.01244444
0.01505367
0.01497929
0.01308871
0.01388865
0.01450811
0.01410322
0.01540206
0.01439732
0.01533319
0.01504125
0.01600009
0.01505367
0.01653922
0.01434478
0.01519100
0.01544208
0.01579387
0.01633567
0.01500758
0.01609662
0.01418162
0.01577897
0.01425540
0.01486490
0.01642454
0.01488420
0.01400048
0.01557927
0.01511772
0.01666256
0.01550229
0.01438714
0.01434986
0.01571397
0.01553890
0.01642066
0.01563264
0.01461459
0.01650220
0.01668222
0.00000000
0.00000000
0.00000000
0.00000000
0.00000000
0.00000000
0.00000000
0.00000000
0.00000000
0.00000000
0.00000000
0.00000000
0.00000000
0.00000000
0.00000000
0.00000000
0.00000000
0.00000000
0.00000000
0.00000000
0.00000000
0.00000000
0.00000000
0.00000000
0.00000000
0.00000000
0.00000000
0.00000000
0.00000000
0.00000000
0.00000000
0.00000000
0.00000000
0.00000000
0.00000000
0.00000000
0.00000000
0.00000000
0.00000000
0.00000000
0.00000000
0.00000000
0.00000000
0.00000000
0.00000000
0.00000000
0.00000000
0.00000000
0.00000000
0.00000000
0.00000000
0.00000000
0.00000000
0.00000000
0.00000000
0.00000000
0.00000000
0.00000000
0.00000000
0.00000000
0.00000000
0.00000000
0.00000000
0.00000000
0.00000000
0.00000000
0.00000000
0.00000000
0.00000000
0.00000000
0.00000000
0.00000000
0.00000000
0.00000000
0.00000000
0.00000000
0.00000000
0.00000000
0.00000000
0.00000000
0.00000000
0.00000000
0.00000000
0.00000000
0.00000000
0.00000000
0.00000000
0.00000000
0.00000000
0.00000000
0.00000000
0.00000000
0.00000000
0.00000000
0.00000000
0.00000000
0.00000000
0.00000000
0.00000000
0.00000000
0.00000000
0.00000000
0.00000000
0.00000000
0.00000000
0.00000000
0.00000000
0.00000000
0.00000000
0.00000000
0.00000000
0.00000000
0.00000000
0.00000000
0.00000000
0.00000000
0.00000000
0.00000000
0.00000000
0.00000000
0.00000000
0.00000000
0.00000000
0.00000000
0.00000000
0.00000000
0.00000000
0.00000000
0.00000000
0.00000000
0.00000000
0.00000000
0.00000000
0.00000000
0.00000000
0.00000000
0.00000000
0.00000000
0.00000000
0.00000000
0.00000000
0.00000000
0.00000000
0.00000000
0.00000000
0.00000000
0.00000000
0.00000000
0.00000000
0.00000000
0.00000000
0.00000000
0.00000000
0.00000000
0.00000000
0.00000000
0.00000000
0.00000000
0.00000000
0.00000000
0.00000000
0.00000000
0.00000000
0.00000000
0.00000000
0.00000000
0.00000000
0.00000000
0.00000000
0.00000000
0.00000000
0.00000000
0.00000000
0.00000000
0.00000000
0.00000000
0.00000000
0.00000000
0.00000000
0.00000000
0.00000000
0.00000000
0.00000000
0.00000000
0.00000000
0.00000000
0.00000000
0.01361192
0.01357986
0.01405565
0.01460141
0.01423583
0.01377666
0.01161804
0.01460313
0.01427113
0.01535554
0.01358306
0.01510409
0.01402254
0.01386140
0.01347615
0.01450529
0.01442001
0.01172264
0.01530672
0.01457216
0.01466007
0.01532659
0.01224838
0.01420731
0.01457732
0.01171435
0.01598755
0.01432509
0.01144532
0.01520059
0.01467391
0.01231356
0.01345392
0.01532479
0.01414879
0.01461174
0.01350638
0.01456701
0.01517730
0.01497461
0.01413711
0.01554687
0.01258814
0.01476070
0.01475721
0.01472418
0.01430652
0.01312016
0.01565358
0.01284004
0.01562776
0.01250822
0.01340482
0.01546823
0.01436230
0.01438604
0.01489535
0.01408386
0.01531395
0.01469296
0.01529590
0.01463244
0.01491996
0.01416215
0.01556889
0.01483049
0.01516656
0.01570351
0.01510053
0.01471377
0.00000000
0.00000000
0.00000000
0.00000000
0.00000000
0.00000000
0.00000000
0.00000000
0.00000000
0.00000000
0.00000000
0.00000000
0.00000000
0.00000000
0.00000000
0.00000000
0.00000000
0.00000000
0.00000000
0.00000000
0.00000000
0.00000000
0.00000000
0.00000000
0.00000000
0.00000000
0.00000000
0.00000000
0.00000000
0.00000000
0.00000000
0.00000000
0.00000000
0.00000000
0.00000000
0.00000000
0.00000000
0.00000000
0.00000000
0.00000000
0.00000000
0.00000000
0.00000000
0.00000000
0.00000000
0.00000000
0.00000000
0.00000000
0.00000000
0.00000000
0.00000000
0.00000000
0.00000000
0.00000000
0.00000000
0.00000000
0.00000000
0.00000000
0.00000000
0.00000000
0.00000000
0.00000000
0.00000000
0.00000000
0.00000000
0.00000000
0.00000000
0.00000000
0.00000000
0.00000000
0.00000000
0.00000000
0.00000000
0.00000000
0.00000000
0.00000000
0.00000000
0.00000000
0.00000000
0.00000000
0.00000000
0.00000000
0.00000000
0.00000000
0.00000000
0.00000000
0.00000000
0.00000000
0.00000000
0.00000000
0.00000000
0.00000000
0.00000000
0.00000000
0.00000000
0.00000000
0.00000000
0.00000000
0.00000000
0.00000000
0.00000000
0.00000000
0.00000000
0.00000000
0.00000000
0.00000000
0.00000000
0.00000000
0.00000000
0.00000000
0.00000000
0.00000000
0.00000000
0.00000000
0.00000000
0.00000000
0.00000000
0.00000000
0.00000000
0.00000000
0.00000000
0.00000000
0.00000000
0.00000000
0.00000000
0.00000000
0.00000000
0.00000000
0.00000000
0.00000000
0.00000000
0.00000000
0.00000000
0.00000000
0.00000000
0.00000000
0.00000000
0.00000000
0.00000000
0.00000000
0.00000000
0.00000000
0.00000000
0.00000000
0.00000000
0.00000000
0.00000000
0.00000000
0.00000000
0.00000000
0.00000000
0.00000000
0.00000000
0.00000000
0.00000000
0.00000000
0.00000000
0.00000000
0.00000000
0.00000000
0.00000000
0.00000000
0.00000000
0.00000000
0.00000000
0.00000000
0.00000000
0.00000000
0.00000000
0.00000000
0.00000000
0.00000000
0.00000000
0.00000000
0.00000000
0.00000000
0.00000000
0.00000000
0.00000000
0.00000000
0.00000000
0.00000000
0.00000000
0.00000000
0.00000000
0.00000000
0.01380397
0.01371149
0.01403212
0.01454948
0.01420529
0.01379909
0.01143560
0.01454434
0.01393811
0.01529733
0.01367757
0.01508058
0.01423044
0.01379095
0.01326453
0.01421032
0.01412344
0.01186841
0.01520739
0.01445882
0.01437551
0.01513046
0.01192875
0.01416347
0.01441796
0.01228570
0.01585946
0.01417851
0.01164656
0.01505215
0.01454948
0.01241679
0.01334928
0.01511263
0.01390035
0.01444008
0.01365178
0.01456493
0.01490377
0.01448784
0.01351243
0.01508592
0.01304732
0.01475163
0.01467182
0.01449468
0.01393482
0.01261012
0.01524330
0.01295838
0.01515189
0.01270716
0.01329429
0.01490729
0.01399741
0.01403709
0.01439247
0.01365984
0.01474816
0.01413844
0.01483538
0.01430111
0.01447418
0.01371957
0.01489674
0.01420864
0.01456493
0.01516977
0.01495660
0.01445882
0.01342506
0.00000000
0.00000000
0.00000000
0.00000000
0.00000000
0.00000000
0.00000000
0.00000000
0.00000000
0.00000000
0.00000000
0.00000000
0.00000000
0.00000000
0.00000000
0.00000000
0.00000000
0.00000000
0.00000000
0.00000000
0.00000000
0.00000000
0.00000000
0.00000000
0.00000000
0.00000000
0.00000000
0.00000000
0.00000000
0.00000000
0.00000000
0.00000000
0.00000000
0.00000000
0.00000000
0.00000000
0.00000000
0.00000000
0.00000000
0.00000000
0.00000000
0.00000000
0.00000000
0.00000000
0.00000000
0.00000000
0.00000000
0.00000000
0.00000000
0.00000000
0.00000000
0.00000000
0.00000000
0.00000000
0.00000000
0.00000000
0.00000000
0.00000000
0.00000000
0.00000000
0.00000000
0.00000000
0.00000000
0.00000000
0.00000000
0.00000000
0.00000000
0.00000000
0.00000000
0.00000000
0.00000000
0.00000000
0.00000000
0.00000000
0.00000000
0.00000000
0.00000000
0.00000000
0.00000000
0.00000000
0.00000000
0.00000000
0.00000000
0.00000000
0.00000000
0.00000000
0.00000000
0.00000000
0.00000000
0.00000000
0.00000000
0.00000000
0.00000000
0.00000000
0.00000000
0.00000000
0.00000000
0.00000000
0.00000000
0.00000000
0.00000000
0.00000000
0.00000000
0.00000000
0.00000000
0.00000000
0.00000000
0.00000000
0.00000000
0.00000000
0.00000000
0.00000000
0.00000000
0.00000000
0.00000000
0.00000000
0.00000000
0.00000000
0.00000000
0.00000000
0.00000000
0.00000000
0.00000000
0.00000000
0.00000000
0.00000000
0.00000000
0.00000000
0.00000000
0.00000000
0.00000000
0.00000000
0.00000000
0.00000000
0.00000000
0.00000000
0.00000000
0.00000000
0.00000000
0.00000000
0.00000000
0.00000000
0.00000000
0.00000000
0.00000000
0.00000000
0.00000000
0.00000000
0.00000000
0.00000000
0.00000000
0.00000000
0.00000000
0.00000000
0.00000000
0.00000000
0.00000000
0.00000000
0.00000000
0.00000000
0.00000000
0.00000000
0.00000000
0.00000000
0.00000000
0.00000000
0.00000000
0.00000000
0.00000000
0.00000000
0.00000000
0.00000000
0.00000000
0.00000000
0.00000000
0.00000000
0.00000000
0.00000000
0.00000000
0.00000000
0.00000000
0.00000000
0.00000000
0.00000000
0.00000000
0.01540998
0.01458937
0.01486903
0.01475200
0.01431665
0.01420900
0.01272247
0.01484975
0.01436739
0.01513798
0.01393682
0.01525987
0.01484975
0.01436570
0.01371183
0.01425263
0.01396149
0.01246112
0.01520418
0.01468084
0.01460142
0.01516299
0.01308155
0.01428292
0.01449162
0.01374907
0.01556156
0.01393517
0.01250381
0.01444385
0.01392860
0.01285368
0.01369567
0.01478510
0.01372801
0.01365696
0.01343015
0.01432172
0.01445237
0.01374259
0.01304611
0.01382060
0.01266857
0.01419727
0.01414880
0.01390562
0.01318999
0.01213194
0.01414379
0.01274951
0.01417218
0.01321802
0.01332759
0.01373773
0.01318688
0.01356386
0.01340009
0.01309235
0.01382223
0.01335749
0.01431665
0.01367630
0.01346981
0.01306613
0.01385978
0.01335276
0.01392367
0.01382386
0.01380431
0.01371506
0.01273448
0.01305996
0.00000000
0.00000000
0.00000000
0.00000000
0.00000000
0.00000000
0.00000000
0.00000000
0.00000000
0.00000000
0.00000000
0.00000000
0.00000000
0.00000000
0.00000000
0.00000000
0.00000000
0.00000000
0.00000000
0.00000000
0.00000000
0.00000000
0.00000000
0.00000000
0.00000000
0.00000000
0.00000000
0.00000000
0.00000000
0.00000000
0.00000000
0.00000000
0.00000000
0.00000000
0.00000000
0.00000000
0.00000000
0.00000000
0.00000000
0.00000000
0.00000000
0.00000000
0.00000000
0.00000000
0.00000000
0.00000000
0.00000000
0.00000000
0.00000000
0.00000000
0.00000000
0.00000000
0.00000000
0.00000000
0.00000000
0.00000000
0.00000000
0.00000000
0.00000000
0.00000000
0.00000000
0.00000000
0.00000000
0.00000000
0.00000000
0.00000000
0.00000000
0.00000000
0.00000000
0.00000000
0.00000000
0.00000000
0.00000000
0.00000000
0.00000000
0.00000000
0.00000000
0.00000000
0.00000000
0.00000000
0.00000000
0.00000000
0.00000000
0.00000000
0.00000000
0.00000000
0.00000000
0.00000000
0.00000000
0.00000000
0.00000000
0.00000000
0.00000000
0.00000000
0.00000000
0.00000000
0.00000000
0.00000000
0.00000000
0.00000000
0.00000000
0.00000000
0.00000000
0.00000000
0.00000000
0.00000000
0.00000000
0.00000000
0.00000000
0.00000000
0.00000000
0.00000000
0.00000000
0.00000000
0.00000000
0.00000000
0.00000000
0.00000000
0.00000000
0.00000000
0.00000000
0.00000000
0.00000000
0.00000000
0.00000000
0.00000000
0.00000000
0.00000000
0.00000000
0.00000000
0.00000000
0.00000000
0.00000000
0.00000000
0.00000000
0.00000000
0.00000000
0.00000000
0.00000000
0.00000000
0.00000000
0.00000000
0.00000000
0.00000000
0.00000000
0.00000000
0.00000000
0.00000000
0.00000000
0.00000000
0.00000000
0.00000000
0.00000000
0.00000000
0.00000000
0.00000000
0.00000000
0.00000000
0.00000000
0.00000000
0.00000000
0.00000000
0.00000000
0.00000000
0.00000000
0.00000000
0.00000000
0.00000000
0.00000000
0.00000000
0.00000000
0.00000000
0.00000000
0.00000000
0.00000000
0.00000000
0.00000000
0.00000000
0.00000000
0.00000000
0.00000000
0.00000000
0.00000000
0.00000000
0.00858286
0.01096125
0.01169305
0.01261872
0.01223477
0.01137209
0.00857174
0.01224632
0.01184992
0.01370466
0.01192282
0.01296721
0.01150700
0.01203584
0.01184433
0.01295499
0.01324231
0.00983419
0.01397725
0.01300397
0.01348183
0.01339151
0.00895722
0.01234929
0.01248254
0.00914725
0.01419655
0.01388525
0.00953722
0.01449430
0.01410975
0.01009864
0.01153145
0.01402183
0.01314118
0.01507485
0.01323918
0.01446015
0.01484900
0.01548936
0.01398550
0.01683822
0.01192563
0.01502870
0.01529152
0.01523571
0.01566757
0.01376784
0.01664866
0.01163390
0.01666438
0.01133994
0.01302392
0.01736254
0.01502516
0.01406821
0.01622225
0.01468356
0.01673330
0.01570272
0.01507308
0.01478085
0.01600561
0.01507130
0.01646317
0.01533667
0.01463860
0.01743024
0.01754574
0.01630858
0.01593404
0.01739328
0.01610597
0.00000000
0.00000000
0.00000000
0.00000000
0.00000000
0.00000000
0.00000000
0.00000000
0.00000000
0.00000000
0.00000000
0.00000000
0.00000000
0.00000000
0.00000000
0.00000000
0.00000000
0.00000000
0.00000000
0.00000000
0.00000000
0.00000000
0.00000000
0.00000000
0.00000000
0.00000000
0.00000000
0.00000000
0.00000000
0.00000000
0.00000000
0.00000000
0.00000000
0.00000000
0.00000000
0.00000000
0.00000000
0.00000000
0.00000000
0.00000000
0.00000000
0.00000000
0.00000000
0.00000000
0.00000000
0.00000000
0.00000000
0.00000000
0.00000000
0.00000000
0.00000000
0.00000000
0.00000000
0.00000000
0.00000000
0.00000000
0.00000000
0.00000000
0.00000000
0.00000000
0.00000000
0.00000000
0.00000000
0.00000000
0.00000000
0.00000000
0.00000000
0.00000000
0.00000000
0.00000000
0.00000000
0.00000000
0.00000000
0.00000000
0.00000000
0.00000000
0.00000000
0.00000000
0.00000000
0.00000000
0.00000000
0.00000000
0.00000000
0.00000000
0.00000000
0.00000000
0.00000000
0.00000000
0.00000000
0.00000000
0.00000000
0.00000000
0.00000000
0.00000000
0.00000000
0.00000000
0.00000000
0.00000000
0.00000000
0.00000000
0.00000000
0.00000000
0.00000000
0.00000000
0.00000000
0.00000000
0.00000000
0.00000000
0.00000000
0.00000000
0.00000000
0.00000000
0.00000000
0.00000000
0.00000000
0.00000000
0.00000000
0.00000000
0.00000000
0.00000000
0.00000000
0.00000000
0.00000000
0.00000000
0.00000000
0.00000000
0.00000000
0.00000000
0.00000000
0.00000000
0.00000000
0.00000000
0.00000000
0.00000000
0.00000000
0.00000000
0.00000000
0.00000000
0.00000000
0.00000000
0.00000000
0.00000000
0.00000000
0.00000000
0.00000000
0.00000000
0.00000000
0.00000000
0.00000000
0.00000000
0.00000000
0.00000000
0.00000000
0.00000000
0.00000000
0.00000000
0.00000000
0.00000000
0.00000000
0.00000000
0.00000000
0.00000000
0.00000000
0.00000000
0.00000000
0.00000000
0.00000000
0.00000000
0.00000000
0.00000000
0.00000000
0.00000000
0.00000000
0.00000000
0.00000000
0.00000000
0.00000000
0.00000000
0.00000000
0.00000000
0.00000000
0.00000000
0.00000000
0.01489506
0.01348703
0.01418193
0.01454441
0.01396122
0.01363898
0.01081775
0.01416856
0.01363898
0.01484421
0.01318817
0.01491792
0.01412851
0.01384970
0.01320373
0.01373260
0.01337456
0.01049974
0.01423220
0.01363737
0.01375691
0.01469268
0.01171965
0.01358280
0.01396122
0.01111782
0.01546064
0.01386277
0.01216322
0.01474649
0.01387750
0.01114014
0.01226116
0.01485822
0.01333519
0.01353962
0.01264891
0.01375367
0.01450159
0.01386114
0.01309672
0.01409522
0.01071617
0.01365025
0.01379265
0.01390863
0.01333047
0.01232204
0.01459596
0.01120074
0.01454784
0.01133495
0.01260870
0.01438576
0.01356999
0.01387750
0.01368087
0.01285191
0.01376990
0.01353004
0.01473954
0.01392340
0.01365991
0.01298292
0.01410021
0.01352206
0.01427927
0.01426244
0.01362451
0.01380730
0.01327086
0.01422381
0.01344415
0.01350931
0.00000000
0.00000000
0.00000000
0.00000000
0.00000000
0.00000000
0.00000000
0.00000000
0.00000000
0.00000000
0.00000000
0.00000000
0.00000000
0.00000000
0.00000000
0.00000000
0.00000000
0.00000000
0.00000000
0.00000000
0.00000000
0.00000000
0.00000000
0.00000000
0.00000000
0.00000000
0.00000000
0.00000000
0.00000000
0.00000000
0.00000000
0.00000000
0.00000000
0.00000000
0.00000000
0.00000000
0.00000000
0.00000000
0.00000000
0.00000000
0.00000000
0.00000000
0.00000000
0.00000000
0.00000000
0.00000000
0.00000000
0.00000000
0.00000000
0.00000000
0.00000000
0.00000000
0.00000000
0.00000000
0.00000000
0.00000000
0.00000000
0.00000000
0.00000000
0.00000000
0.00000000
0.00000000
0.00000000
0.00000000
0.00000000
0.00000000
0.00000000
0.00000000
0.00000000
0.00000000
0.00000000
0.00000000
0.00000000
0.00000000
0.00000000
0.00000000
0.00000000
0.00000000
0.00000000
0.00000000
0.00000000
0.00000000
0.00000000
0.00000000
0.00000000
0.00000000
0.00000000
0.00000000
0.00000000
0.00000000
0.00000000
0.00000000
0.00000000
0.00000000
0.00000000
0.00000000
0.00000000
0.00000000
0.00000000
0.00000000
0.00000000
0.00000000
0.00000000
0.00000000
0.00000000
0.00000000
0.00000000
0.00000000
0.00000000
0.00000000
0.00000000
0.00000000
0.00000000
0.00000000
0.00000000
0.00000000
0.00000000
0.00000000
0.00000000
0.00000000
0.00000000
0.00000000
0.00000000
0.00000000
0.00000000
0.00000000
0.00000000
0.00000000
0.00000000
0.00000000
0.00000000
0.00000000
0.00000000
0.00000000
0.00000000
0.00000000
0.00000000
0.00000000
0.00000000
0.00000000
0.00000000
0.00000000
0.00000000
0.00000000
0.00000000
0.00000000
0.00000000
0.00000000
0.00000000
0.00000000
0.00000000
0.00000000
0.00000000
0.00000000
0.00000000
0.00000000
0.00000000
0.00000000
0.00000000
0.00000000
0.00000000
0.00000000
0.00000000
0.00000000
0.00000000
0.00000000
0.00000000
0.00000000
0.00000000
0.00000000
0.00000000
0.00000000
0.00000000
0.00000000
0.00000000
0.00000000
0.00000000
0.00000000
0.00000000
0.00000000
0.00000000
0.00000000
0.00194079
0.00532173
0.00557748
0.00696767
0.00667017
0.00531045
0.00282527
0.00659585
0.00634184
0.00876929
0.00707199
0.00696685
0.00539822
0.00661455
0.00702626
0.00906477
0.01014305
0.00558538
0.00984023
0.00923309
0.01017660
0.00848144
0.00273511
0.00730424
0.00681730
0.00311654
0.00910656
0.01100815
0.00385224
0.01103544
0.01154125
0.00564764
0.00760846
0.00977661
0.01051454
0.01523428
0.01098610
0.01101204
0.01229292
0.01585008
0.01227698
0.02012089
0.01051330
0.01441283
0.01587253
0.01643253
0.01987560
0.01392658
0.01914626
0.00788620
0.01851997
0.00911946
0.01208021
0.02269559
0.01556481
0.01106933
0.01889280
0.01589876
0.02094656
0.01769996
0.01184741
0.01305499
0.01875958
0.01814380
0.01966808
0.01696621
0.01231904
0.02261277
0.02664712
0.02072296
0.02319347
0.02575420
0.02312792
0.03759741
0.07927143
0.00000000
0.00000000
0.00000000
0.00000000
0.00000000
0.00000000
0.00000000
0.00000000
0.00000000
0.00000000
0.00000000
0.00000000
0.00000000
0.00000000
0.00000000
0.00000000
0.00000000
0.00000000
0.00000000
0.00000000
0.00000000
0.00000000
0.00000000
0.00000000
0.00000000
0.00000000
0.00000000
0.00000000
0.00000000
0.00000000
0.00000000
0.00000000
0.00000000
0.00000000
0.00000000
0.00000000
0.00000000
0.00000000
0.00000000
0.00000000
0.00000000
0.00000000
0.00000000
0.00000000
0.00000000
0.00000000
0.00000000
0.00000000
0.00000000
0.00000000
0.00000000
0.00000000
0.00000000
0.00000000
0.00000000
0.00000000
0.00000000
0.00000000
0.00000000
0.00000000
0.00000000
0.00000000
0.00000000
0.00000000
0.00000000
0.00000000
0.00000000
0.00000000
0.00000000
0.00000000
0.00000000
0.00000000
0.00000000
0.00000000
0.00000000
0.00000000
0.00000000
0.00000000
0.00000000
0.00000000
0.00000000
0.00000000
0.00000000
0.00000000
0.00000000
0.00000000
0.00000000
0.00000000
0.00000000
0.00000000
0.00000000
0.00000000
0.00000000
0.00000000
0.00000000
0.00000000
0.00000000
0.00000000
0.00000000
0.00000000
0.00000000
0.00000000
0.00000000
0.00000000
0.00000000
0.00000000
0.00000000
0.00000000
0.00000000
0.00000000
0.00000000
0.00000000
0.00000000
0.00000000
0.00000000
0.00000000
0.00000000
0.00000000
0.00000000
0.00000000
0.00000000
0.00000000
0.00000000
0.00000000
0.00000000
0.00000000
0.00000000
0.00000000
0.00000000
0.00000000
0.00000000
0.00000000
0.00000000
0.00000000
0.00000000
0.00000000
0.00000000
0.00000000
0.00000000
0.00000000
0.00000000
0.00000000
0.00000000
0.00000000
0.00000000
0.00000000
0.00000000
0.00000000
0.00000000
0.00000000
0.00000000
0.00000000
0.00000000
0.00000000
0.00000000
0.00000000
0.00000000
0.00000000
0.00000000
0.00000000
0.00000000
0.00000000
0.00000000
0.00000000
0.00000000
0.00000000
0.00000000
0.00000000
0.00000000
0.00000000
0.00000000
0.00000000
0.00000000
0.00000000
0.00000000
0.00000000
0.00000000
0.00000000
0.00000000
0.00000000
0.00000000
0.01047029
0.01176976
0.01238640
0.01288253
0.01252153
0.01199396
0.00975040
0.01256739
0.01221378
0.01346664
0.01209338
0.01310163
0.01214770
0.01235868
0.01204357
0.01280981
0.01287797
0.01043208
0.01364248
0.01297248
0.01327740
0.01331504
0.01003032
0.01244497
0.01256147
0.01018649
0.01389252
0.01333704
0.01052228
0.01381247
0.01340959
0.01069493
0.01177948
0.01364088
0.01277360
0.01380596
0.01273449
0.01365697
0.01399283
0.01404905
0.01302000
0.01470686
0.01151439
0.01391548
0.01409219
0.01403580
0.01405402
0.01273900
0.01480431
0.01150353
0.01482702
0.01158249
0.01267606
0.01509521
0.01370538
0.01330719
0.01435555
0.01341434
0.01475550
0.01419227
0.01413047
0.01383203
0.01438946
0.01385979
0.01470859
0.01394670
0.01379457
0.01509699
0.01500469
0.01448822
0.01409053
0.01496404
0.01400769
0.01525269
0.01423417
0.01348254
0.00000000
0.00000000
0.00000000
0.00000000
0.00000000
0.00000000
0.00000000
0.00000000
0.00000000
0.00000000
0.00000000
0.00000000
0.00000000
0.00000000
0.00000000
0.00000000
0.00000000
0.00000000
0.00000000
0.00000000
0.00000000
0.00000000
0.00000000
0.00000000
0.00000000
0.00000000
0.00000000
0.00000000
0.00000000
0.00000000
0.00000000
0.00000000
0.00000000
0.00000000
0.00000000
0.00000000
0.00000000
0.00000000
0.00000000
0.00000000
0.00000000
0.00000000
0.00000000
0.00000000
0.00000000
0.00000000
0.00000000
0.00000000
0.00000000
0.00000000
0.00000000
0.00000000
0.00000000
0.00000000
0.00000000
0.00000000
0.00000000
0.00000000
0.00000000
0.00000000
0.00000000
0.00000000
0.00000000
0.00000000
0.00000000
0.00000000
0.00000000
0.00000000
0.00000000
0.00000000
0.00000000
0.00000000
0.00000000
0.00000000
0.00000000
0.00000000
0.00000000
0.00000000
0.00000000
0.00000000
0.00000000
0.00000000
0.00000000
0.00000000
0.00000000
0.00000000
0.00000000
0.00000000
0.00000000
0.00000000
0.00000000
0.00000000
0.00000000
0.00000000
0.00000000
0.00000000
0.00000000
0.00000000
0.00000000
0.00000000
0.00000000
0.00000000
0.00000000
0.00000000
0.00000000
0.00000000
0.00000000
0.00000000
0.00000000
0.00000000
0.00000000
0.00000000
0.00000000
0.00000000
0.00000000
0.00000000
0.00000000
0.00000000
0.00000000
0.00000000
0.00000000
0.00000000
0.00000000
0.00000000
0.00000000
0.00000000
0.00000000
0.00000000
0.00000000
0.00000000
0.00000000
0.00000000
0.00000000
0.00000000
0.00000000
0.00000000
0.00000000
0.00000000
0.00000000
0.00000000
0.00000000
0.00000000
0.00000000
0.00000000
0.00000000
0.00000000
0.00000000
0.00000000
0.00000000
0.00000000
0.00000000
0.00000000
0.00000000
0.00000000
0.00000000
0.00000000
0.00000000
0.00000000
0.00000000
0.00000000
0.00000000
0.00000000
0.00000000
0.00000000
0.00000000
0.00000000
0.00000000
0.00000000
0.00000000
0.00000000
0.00000000
0.00000000
0.00000000
0.00000000
0.00000000
0.00000000
0.00000000
0.00000000
0.00000000
0.00000000
0.01013123
0.01142495
0.01185736
0.01245361
0.01233812
0.01193734
0.01042455
0.01230470
0.01199662
0.01309218
0.01215183
0.01260284
0.01187556
0.01224245
0.01231922
0.01284291
0.01291429
0.01099144
0.01316340
0.01296771
0.01325531
0.01314943
0.01132300
0.01259244
0.01222658
0.01089336
0.01352056
0.01325531
0.01143034
0.01338570
0.01318670
0.01134573
0.01196553
0.01298607
0.01248449
0.01352215
0.01289755
0.01365517
0.01339675
0.01394157
0.01334944
0.01430634
0.01251692
0.01326313
0.01345851
0.01370842
0.01403560
0.01323032
0.01410530
0.01253022
0.01389233
0.01231195
0.01300446
0.01438246
0.01337465
0.01284291
0.01378949
0.01335101
0.01425581
0.01354450
0.01302288
0.01294021
0.01376999
0.01353651
0.01409366
0.01354450
0.01304440
0.01430128
0.01441303
0.01384489
0.01377974
0.01422894
0.01410696
0.01449314
0.01468412
0.01273732
0.01375863
0.00000000
0.00000000
0.00000000
0.00000000
0.00000000
0.00000000
0.00000000
0.00000000
0.00000000
0.00000000
0.00000000
0.00000000
0.00000000
0.00000000
0.00000000
0.00000000
0.00000000
0.00000000
0.00000000
0.00000000
0.00000000
0.00000000
0.00000000
0.00000000
0.00000000
0.00000000
0.00000000
0.00000000
0.00000000
0.00000000
0.00000000
0.00000000
0.00000000
0.00000000
0.00000000
0.00000000
0.00000000
0.00000000
0.00000000
0.00000000
0.00000000
0.00000000
0.00000000
0.00000000
0.00000000
0.00000000
0.00000000
0.00000000
0.00000000
0.00000000
0.00000000
0.00000000
0.00000000
0.00000000
0.00000000
0.00000000
0.00000000
0.00000000
0.00000000
0.00000000
0.00000000
0.00000000
0.00000000
0.00000000
0.00000000
0.00000000
0.00000000
0.00000000
0.00000000
0.00000000
0.00000000
0.00000000
0.00000000
0.00000000
0.00000000
0.00000000
0.00000000
0.00000000
0.00000000
0.00000000
0.00000000
0.00000000
0.00000000
0.00000000
0.00000000
0.00000000
0.00000000
0.00000000
0.00000000
0.00000000
0.00000000
0.00000000
0.00000000
0.00000000
0.00000000
0.00000000
0.00000000
0.00000000
0.00000000
0.00000000
0.00000000
0.00000000
0.00000000
0.00000000
0.00000000
0.00000000
0.00000000
0.00000000
0.00000000
0.00000000
0.00000000
0.00000000
0.00000000
0.00000000
0.00000000
0.00000000
0.00000000
0.00000000
0.00000000
0.00000000
0.00000000
0.00000000
0.00000000
0.00000000
0.00000000
0.00000000
0.00000000
0.00000000
0.00000000
0.00000000
0.00000000
0.00000000
0.00000000
0.00000000
0.00000000
0.00000000
0.00000000
0.00000000
0.00000000
0.00000000
0.00000000
0.00000000
0.00000000
0.00000000
0.00000000
0.00000000
0.00000000
0.00000000
0.00000000
0.00000000
0.00000000
0.00000000
0.00000000
0.00000000
0.00000000
0.00000000
0.00000000
0.00000000
0.00000000
0.00000000
0.00000000
0.00000000
0.00000000
0.00000000
0.00000000
0.00000000
0.00000000
0.00000000
0.00000000
0.00000000
0.00000000
0.00000000
0.00000000
0.00000000
0.00000000
0.00000000
0.00000000
0.00000000
0.00000000
0.01255244
0.01230474
0.01255689
0.01309686
0.01284295
0.01259545
0.01073525
0.01320387
0.01276593
0.01372950
0.01219350
0.01366327
0.01287480
0.01277798
0.01227430
0.01296164
0.01281269
0.01065201
0.01370523
0.01302139
0.01300298
0.01367617
0.01057691
0.01282025
0.01308451
0.01108259
0.01437912
0.01301678
0.01078093
0.01376192
0.01331961
0.01147360
0.01217339
0.01375218
0.01237459
0.01287480
0.01212181
0.01335263
0.01363108
0.01341894
0.01262370
0.01371170
0.01130436
0.01326787
0.01324754
0.01320543
0.01271785
0.01161793
0.01395807
0.01185321
0.01395313
0.01154554
0.01206903
0.01366972
0.01279457
0.01285659
0.01322881
0.01260883
0.01344745
0.01281571
0.01346174
0.01293720
0.01308296
0.01262370
0.01349989
0.01281420
0.01317898
0.01369230
0.01351264
0.01324910
0.01264456
0.01333690
0.01268489
0.01325223
0.01212896
0.01288087
0.01328352
0.01324286
0.00000000
0.00000000
0.00000000
0.00000000
0.00000000
0.00000000
0.00000000
0.00000000
0.00000000
0.00000000
0.00000000
0.00000000
0.00000000
0.00000000
0.00000000
0.00000000
0.00000000
0.00000000
0.00000000
0.00000000
0.00000000
0.00000000
0.00000000
0.00000000
0.00000000
0.00000000
0.00000000
0.00000000
0.00000000
0.00000000
0.00000000
0.00000000
0.00000000
0.00000000
0.00000000
0.00000000
0.00000000
0.00000000
0.00000000
0.00000000
0.00000000
0.00000000
0.00000000
0.00000000
0.00000000
0.00000000
0.00000000
0.00000000
0.00000000
0.00000000
0.00000000
0.00000000
0.00000000
0.00000000
0.00000000
0.00000000
0.00000000
0.00000000
0.00000000
0.00000000
0.00000000
0.00000000
0.00000000
0.00000000
0.00000000
0.00000000
0.00000000
0.00000000
0.00000000
0.00000000
0.00000000
0.00000000
0.00000000
0.00000000
0.00000000
0.00000000
0.00000000
0.00000000
0.00000000
0.00000000
0.00000000
0.00000000
0.00000000
0.00000000
0.00000000
0.00000000
0.00000000
0.00000000
0.00000000
0.00000000
0.00000000
0.00000000
0.00000000
0.00000000
0.00000000
0.00000000
0.00000000
0.00000000
0.00000000
0.00000000
0.00000000
0.00000000
0.00000000
0.00000000
0.00000000
0.00000000
0.00000000
0.00000000
0.00000000
0.00000000
0.00000000
0.00000000
0.00000000
0.00000000
0.00000000
0.00000000
0.00000000
0.00000000
0.00000000
0.00000000
0.00000000
0.00000000
0.00000000
0.00000000
0.00000000
0.00000000
0.00000000
0.00000000
0.00000000
0.00000000
0.00000000
0.00000000
0.00000000
0.00000000
0.00000000
0.00000000
0.00000000
0.00000000
0.00000000
0.00000000
0.00000000
0.00000000
0.00000000
0.00000000
0.00000000
0.00000000
0.00000000
0.00000000
0.00000000
0.00000000
0.00000000
0.00000000
0.00000000
0.00000000
0.00000000
0.00000000
0.00000000
0.00000000
0.00000000
0.00000000
0.00000000
0.00000000
0.00000000
0.00000000
0.00000000
0.00000000
0.00000000
0.00000000
0.00000000
0.00000000
0.00000000
0.00000000
0.00000000
0.00000000
0.00000000
0.00000000
0.00000000
0.00000000
0.01345077
0.01283098
0.01290229
0.01322739
0.01282039
0.01263129
0.01093341
0.01343492
0.01310936
0.01379945
0.01228167
0.01375720
0.01317601
0.01295566
0.01243324
0.01295719
0.01267905
0.01081543
0.01365214
0.01306152
0.01305074
0.01370376
0.01067728
0.01278264
0.01301846
0.01155792
0.01436233
0.01301232
0.01127120
0.01358789
0.01308156
0.01168263
0.01249056
0.01372155
0.01244497
0.01251267
0.01191501
0.01298013
0.01337327
0.01302767
0.01237181
0.01312019
0.01125393
0.01296330
0.01300618
0.01296483
0.01236597
0.01118513
0.01347300
0.01168815
0.01351437
0.01227733
0.01247583
0.01319156
0.01241126
0.01251120
0.01264023
0.01229037
0.01299085
0.01233829
0.01312173
0.01247583
0.01249498
0.01216634
0.01288861
0.01230922
0.01279924
0.01294039
0.01285976
0.01278415
0.01221234
0.01271049
0.01211480
0.01232666
0.01116668
0.01261640
0.01285521
0.01279169
0.01216778
0.00000000
0.00000000
0.00000000
0.00000000
0.00000000
0.00000000
0.00000000
0.00000000
0.00000000
0.00000000
0.00000000
0.00000000
0.00000000
0.00000000
0.00000000
0.00000000
0.00000000
0.00000000
0.00000000
0.00000000
0.00000000
0.00000000
0.00000000
0.00000000
0.00000000
0.00000000
0.00000000
0.00000000
0.00000000
0.00000000
0.00000000
0.00000000
0.00000000
0.00000000
0.00000000
0.00000000
0.00000000
0.00000000
0.00000000
0.00000000
0.00000000
0.00000000
0.00000000
0.00000000
0.00000000
0.00000000
0.00000000
0.00000000
0.00000000
0.00000000
0.00000000
0.00000000
0.00000000
0.00000000
0.00000000
0.00000000
0.00000000
0.00000000
0.00000000
0.00000000
0.00000000
0.00000000
0.00000000
0.00000000
0.00000000
0.00000000
0.00000000
0.00000000
0.00000000
0.00000000
0.00000000
0.00000000
0.00000000
0.00000000
0.00000000
0.00000000
0.00000000
0.00000000
0.00000000
0.00000000
0.00000000
0.00000000
0.00000000
0.00000000
0.00000000
0.00000000
0.00000000
0.00000000
0.00000000
0.00000000
0.00000000
0.00000000
0.00000000
0.00000000
0.00000000
0.00000000
0.00000000
0.00000000
0.00000000
0.00000000
0.00000000
0.00000000
0.00000000
0.00000000
0.00000000
0.00000000
0.00000000
0.00000000
0.00000000
0.00000000
0.00000000
0.00000000
0.00000000
0.00000000
0.00000000
0.00000000
0.00000000
0.00000000
0.00000000
0.00000000
0.00000000
0.00000000
0.00000000
0.00000000
0.00000000
0.00000000
0.00000000
0.00000000
0.00000000
0.00000000
0.00000000
0.00000000
0.00000000
0.00000000
0.00000000
0.00000000
0.00000000
0.00000000
0.00000000
0.00000000
0.00000000
0.00000000
0.00000000
0.00000000
0.00000000
0.00000000
0.00000000
0.00000000
0.00000000
0.00000000
0.00000000
0.00000000
0.00000000
0.00000000
0.00000000
0.00000000
0.00000000
0.00000000
0.00000000
0.00000000
0.00000000
0.00000000
0.00000000
0.00000000
0.00000000
0.00000000
0.00000000
0.00000000
0.00000000
0.00000000
0.00000000
0.00000000
0.00000000
0.00000000
0.00000000
0.00000000
0.00000000
0.01202165
0.01207992
0.01250464
0.01281971
0.01234056
0.01202591
0.00996847
0.01263956
0.01233910
0.01327357
0.01192000
0.01328297
0.01249579
0.01233037
0.01177192
0.01242379
0.01232020
0.01040204
0.01333319
0.01244432
0.01259641
0.01299937
0.01017515
0.01206141
0.01255192
0.01027887
0.01367721
0.01261871
0.01068932
0.01342313
0.01296568
0.01102867
0.01183037
0.01349455
0.01239160
0.01283182
0.01191860
0.01288033
0.01340098
0.01293209
0.01211702
0.01341205
0.01068680
0.01306392
0.01309168
0.01278650
0.01236532
0.01124141
0.01353440
0.01064278
0.01368528
0.01087369
0.01177747
0.01350251
0.01253565
0.01283182
0.01297945
0.01215423
0.01309631
0.01278800
0.01368366
0.01306854
0.01292446
0.01241793
0.01324387
0.01265746
0.01319242
0.01359519
0.01325324
0.01315203
0.01247959
0.01341680
0.01237699
0.01318931
0.01131589
0.01276691
0.01349455
0.01352961
0.01307933
0.01251202
0.00000000
0.00000000
0.00000000
0.00000000
0.00000000
0.00000000
0.00000000
0.00000000
0.00000000
0.00000000
0.00000000
0.00000000
0.00000000
0.00000000
0.00000000
0.00000000
0.00000000
0.00000000
0.00000000
0.00000000
0.00000000
0.00000000
0.00000000
0.00000000
0.00000000
0.00000000
0.00000000
0.00000000
0.00000000
0.00000000
0.00000000
0.00000000
0.00000000
0.00000000
0.00000000
0.00000000
0.00000000
0.00000000
0.00000000
0.00000000
0.00000000
0.00000000
0.00000000
0.00000000
0.00000000
0.00000000
0.00000000
0.00000000
0.00000000
0.00000000
0.00000000
0.00000000
0.00000000
0.00000000
0.00000000
0.00000000
0.00000000
0.00000000
0.00000000
0.00000000
0.00000000
0.00000000
0.00000000
0.00000000
0.00000000
0.00000000
0.00000000
0.00000000
0.00000000
0.00000000
0.00000000
0.00000000
0.00000000
0.00000000
0.00000000
0.00000000
0.00000000
0.00000000
0.00000000
0.00000000
0.00000000
0.00000000
0.00000000
0.00000000
0.00000000
0.00000000
0.00000000
0.00000000
0.00000000
0.00000000
0.00000000
0.00000000
0.00000000
0.00000000
0.00000000
0.00000000
0.00000000
0.00000000
0.00000000
0.00000000
0.00000000
0.00000000
0.00000000
0.00000000
0.00000000
0.00000000
0.00000000
0.00000000
0.00000000
0.00000000
0.00000000
0.00000000
0.00000000
0.00000000
0.00000000
0.00000000
0.00000000
0.00000000
0.00000000
0.00000000
0.00000000
0.00000000
0.00000000
0.00000000
0.00000000
0.00000000
0.00000000
0.00000000
0.00000000
0.00000000
0.00000000
0.00000000
0.00000000
0.00000000
0.00000000
0.00000000
0.00000000
0.00000000
0.00000000
0.00000000
0.00000000
0.00000000
0.00000000
0.00000000
0.00000000
0.00000000
0.00000000
0.00000000
0.00000000
0.00000000
0.00000000
0.00000000
0.00000000
0.00000000
0.00000000
0.00000000
0.00000000
0.00000000
0.00000000
0.00000000
0.00000000
0.00000000
0.00000000
0.00000000
0.00000000
0.00000000
0.00000000
0.00000000
0.00000000
0.00000000
0.00000000
0.00000000
0.00000000
0.00000000
0.00000000
0.00000000
0.00282543
0.00548905
0.00663838
0.00781167
0.00807394
0.00705075
0.00544521
0.00758651
0.00696315
0.00908992
0.00718082
0.00760981
0.00614996
0.00731760
0.00751084
0.00828714
0.00896430
0.00434851
0.00926636
0.00945067
0.01044470
0.00924671
0.00549488
0.00872235
0.00878222
0.00553195
0.00938403
0.00990367
0.00370672
0.00986637
0.00971511
0.00446071
0.00608503
0.00947634
0.00911247
0.01348453
0.01105172
0.01280415
0.01258409
0.01515989
0.01220120
0.01697921
0.00730036
0.01216814
0.01373492
0.01422789
0.01647813
0.01398170
0.01637931
0.00906530
0.01666378
0.00714113
0.00913183
0.01862180
0.01424804
0.01189290
0.01822636
0.01526395
0.01785404
0.01597298
0.01252782
0.01383735
0.01859327
0.01673271
0.01953284
0.01729040
0.01377710
0.02113888
0.02084674
0.01827586
0.01771143
0.01942945
0.01680985
0.02324137
0.02370086
0.01207522
0.01945008
0.01873635
0.02430377
0.01277549
0.03360251
0.00000000
0.00000000
0.00000000
0.00000000
0.00000000
0.00000000
0.00000000
0.00000000
0.00000000
0.00000000
0.00000000
0.00000000
0.00000000
0.00000000
0.00000000
0.00000000
0.00000000
0.00000000
0.00000000
0.00000000
0.00000000
0.00000000
0.00000000
0.00000000
0.00000000
0.00000000
0.00000000
0.00000000
0.00000000
0.00000000
0.00000000
0.00000000
0.00000000
0.00000000
0.00000000
0.00000000
0.00000000
0.00000000
0.00000000
0.00000000
0.00000000
0.00000000
0.00000000
0.00000000
0.00000000
0.00000000
0.00000000
0.00000000
0.00000000
0.00000000
0.00000000
0.00000000
0.00000000
0.00000000
0.00000000
0.00000000
0.00000000
0.00000000
0.00000000
0.00000000
0.00000000
0.00000000
0.00000000
0.00000000
0.00000000
0.00000000
0.00000000
0.00000000
0.00000000
0.00000000
0.00000000
0.00000000
0.00000000
0.00000000
0.00000000
0.00000000
0.00000000
0.00000000
0.00000000
0.00000000
0.00000000
0.00000000
0.00000000
0.00000000
0.00000000
0.00000000
0.00000000
0.00000000
0.00000000
0.00000000
0.00000000
0.00000000
0.00000000
0.00000000
0.00000000
0.00000000
0.00000000
0.00000000
0.00000000
0.00000000
0.00000000
0.00000000
0.00000000
0.00000000
0.00000000
0.00000000
0.00000000
0.00000000
0.00000000
0.00000000
0.00000000
0.00000000
0.00000000
0.00000000
0.00000000
0.00000000
0.00000000
0.00000000
0.00000000
0.00000000
0.00000000
0.00000000
0.00000000
0.00000000
0.00000000
0.00000000
0.00000000
0.00000000
0.00000000
0.00000000
0.00000000
0.00000000
0.00000000
0.00000000
0.00000000
0.00000000
0.00000000
0.00000000
0.00000000
0.00000000
0.00000000
0.00000000
0.00000000
0.00000000
0.00000000
0.00000000
0.00000000
0.00000000
0.00000000
0.00000000
0.00000000
0.00000000
0.00000000
0.00000000
0.00000000
0.00000000
0.00000000
0.00000000
0.00000000
0.00000000
0.00000000
0.00000000
0.00000000
0.00000000
0.00000000
0.00000000
0.00000000
0.00000000
0.00000000
0.00000000
0.00000000
0.00000000
0.00000000
0.00000000
0.00000000
0.01317752
0.01241855
0.01280373
0.01306456
0.01275099
0.01261190
0.01069363
0.01283699
0.01233098
0.01334644
0.01228163
0.01343488
0.01294493
0.01261934
0.01212048
0.01254958
0.01234844
0.01083199
0.01308924
0.01252297
0.01247727
0.01311705
0.01139010
0.01236885
0.01267452
0.01105917
0.01362797
0.01235281
0.01143586
0.01309696
0.01265511
0.01136192
0.01184631
0.01315268
0.01215483
0.01239513
0.01205348
0.01282488
0.01289921
0.01233971
0.01183514
0.01253479
0.01103052
0.01242148
0.01236156
0.01230483
0.01186449
0.01121019
0.01277959
0.01126718
0.01270595
0.01104614
0.01168398
0.01255698
0.01209477
0.01238491
0.01213621
0.01170190
0.01224403
0.01191076
0.01275249
0.01221231
0.01202225
0.01164683
0.01221231
0.01177944
0.01231499
0.01235573
0.01230483
0.01209477
0.01154971
0.01204921
0.01174199
0.01171295
0.01048632
0.01185051
0.01202083
0.01214194
0.01181840
0.01198826
0.01093725
0.01186869
0.00000000
0.00000000
0.00000000
0.00000000
0.00000000
0.00000000
0.00000000
0.00000000
0.00000000
0.00000000
0.00000000
0.00000000
0.00000000
0.00000000
0.00000000
0.00000000
0.00000000
0.00000000
0.00000000
0.00000000
0.00000000
0.00000000
0.00000000
0.00000000
0.00000000
0.00000000
0.00000000
0.00000000
0.00000000
0.00000000
0.00000000
0.00000000
0.00000000
0.00000000
0.00000000
0.00000000
0.00000000
0.00000000
0.00000000
0.00000000
0.00000000
0.00000000
0.00000000
0.00000000
0.00000000
0.00000000
0.00000000
0.00000000
0.00000000
0.00000000
0.00000000
0.00000000
0.00000000
0.00000000
0.00000000
0.00000000
0.00000000
0.00000000
0.00000000
0.00000000
0.00000000
0.00000000
0.00000000
0.00000000
0.00000000
0.00000000
0.00000000
0.00000000
0.00000000
0.00000000
0.00000000
0.00000000
0.00000000
0.00000000
0.00000000
0.00000000
0.00000000
0.00000000
0.00000000
0.00000000
0.00000000
0.00000000
0.00000000
0.00000000
0.00000000
0.00000000
0.00000000
0.00000000
0.00000000
0.00000000
0.00000000
0.00000000
0.00000000
0.00000000
0.00000000
0.00000000
0.00000000
0.00000000
0.00000000
0.00000000
0.00000000
0.00000000
0.00000000
0.00000000
0.00000000
0.00000000
0.00000000
0.00000000
0.00000000
0.00000000
0.00000000
0.00000000
0.00000000
0.00000000
0.00000000
0.00000000
0.00000000
0.00000000
0.00000000
0.00000000
0.00000000
0.00000000
0.00000000
0.00000000
0.00000000
0.00000000
0.00000000
0.00000000
0.00000000
0.00000000
0.00000000
0.00000000
0.00000000
0.00000000
0.00000000
0.00000000
0.00000000
0.00000000
0.00000000
0.00000000
0.00000000
0.00000000
0.00000000
0.00000000
0.00000000
0.00000000
0.00000000
0.00000000
0.00000000
0.00000000
0.00000000
0.00000000
0.00000000
0.00000000
0.00000000
0.00000000
0.00000000
0.00000000
0.00000000
0.00000000
0.00000000
0.00000000
0.00000000
0.00000000
0.00000000
0.00000000
0.00000000
0.00000000
0.00000000
0.00000000
0.00000000
0.00000000
0.00000000
0.00000000
0.01107575
0.01149360
0.01197513
0.01211148
0.01153297
0.01130272
0.00939335
0.01177486
0.01165742
0.01246066
0.01141390
0.01255358
0.01181660
0.01184730
0.01139238
0.01188929
0.01182775
0.00988666
0.01265317
0.01188368
0.01215441
0.01238155
0.01028145
0.01147870
0.01200199
0.00984710
0.01282444
0.01196242
0.01012144
0.01260253
0.01217162
0.01025722
0.01118602
0.01276107
0.01202608
0.01247977
0.01159298
0.01250187
0.01290180
0.01255506
0.01185428
0.01305794
0.01026449
0.01260551
0.01270251
0.01235821
0.01212291
0.01121641
0.01297658
0.01003231
0.01319106
0.01017529
0.01125749
0.01315532
0.01222052
0.01256247
0.01281234
0.01198360
0.01304255
0.01275505
0.01355696
0.01289116
0.01274002
0.01209292
0.01305640
0.01257878
0.01299802
0.01349634
0.01302564
0.01303947
0.01235530
0.01340908
0.01212577
0.01302718
0.01036301
0.01222341
0.01302257
0.01329884
0.01291398
0.01236404
0.01018370
0.01263975
0.01221908
0.00000000
0.00000000
0.00000000
0.00000000
0.00000000
0.00000000
0.00000000
0.00000000
0.00000000
0.00000000
0.00000000
0.00000000
0.00000000
0.00000000
0.00000000
0.00000000
0.00000000
0.00000000
0.00000000
0.00000000
0.00000000
0.00000000
0.00000000
0.00000000
0.00000000
0.00000000
0.00000000
0.00000000
0.00000000
0.00000000
0.00000000
0.00000000
0.00000000
0.00000000
0.00000000
0.00000000
0.00000000
0.00000000
0.00000000
0.00000000
0.00000000
0.00000000
0.00000000
0.00000000
0.00000000
0.00000000
0.00000000
0.00000000
0.00000000
0.00000000
0.00000000
0.00000000
0.00000000
0.00000000
0.00000000
0.00000000
0.00000000
0.00000000
0.00000000
0.00000000
0.00000000
0.00000000
0.00000000
0.00000000
0.00000000
0.00000000
0.00000000
0.00000000
0.00000000
0.00000000
0.00000000
0.00000000
0.00000000
0.00000000
0.00000000
0.00000000
0.00000000
0.00000000
0.00000000
0.00000000
0.00000000
0.00000000
0.00000000
0.00000000
0.00000000
0.00000000
0.00000000
0.00000000
0.00000000
0.00000000
0.00000000
0.00000000
0.00000000
0.00000000
0.00000000
0.00000000
0.00000000
0.00000000
0.00000000
0.00000000
0.00000000
0.00000000
0.00000000
0.00000000
0.00000000
0.00000000
0.00000000
0.00000000
0.00000000
0.00000000
0.00000000
0.00000000
0.00000000
0.00000000
0.00000000
0.00000000
0.00000000
0.00000000
0.00000000
0.00000000
0.00000000
0.00000000
0.00000000
0.00000000
0.00000000
0.00000000
0.00000000
0.00000000
0.00000000
0.00000000
0.00000000
0.00000000
0.00000000
0.00000000
0.00000000
0.00000000
0.00000000
0.00000000
0.00000000
0.00000000
0.00000000
0.00000000
0.00000000
0.00000000
0.00000000
0.00000000
0.00000000
0.00000000
0.00000000
0.00000000
0.00000000
0.00000000
0.00000000
0.00000000
0.00000000
0.00000000
0.00000000
0.00000000
0.00000000
0.00000000
0.00000000
0.00000000
0.00000000
0.00000000
0.00000000
0.00000000
0.00000000
0.00000000
0.00000000
0.00000000
0.00000000
0.00000000
0.00000000
0.01135383
0.01123793
0.01162893
0.01209186
0.01185884
0.01161797
0.00970215
0.01212900
0.01155920
0.01264311
0.01114422
0.01254064
0.01188965
0.01180720
0.01118636
0.01164952
0.01147363
0.00900316
0.01241702
0.01192897
0.01198255
0.01247132
0.00953090
0.01168254
0.01214761
0.01000543
0.01305988
0.01182811
0.00937704
0.01255100
0.01211042
0.00989746
0.01078605
0.01272539
0.01144255
0.01210328
0.01141694
0.01261481
0.01287635
0.01263268
0.01163030
0.01280518
0.00993254
0.01231348
0.01248310
0.01242435
0.01195573
0.01078350
0.01310771
0.01043446
0.01314642
0.01032064
0.01106565
0.01298003
0.01209757
0.01215334
0.01263417
0.01195714
0.01261333
0.01204063
0.01259549
0.01222954
0.01250225
0.01202644
0.01280216
0.01205911
0.01236442
0.01289915
0.01277049
0.01252291
0.01191070
0.01247132
0.01180999
0.01237463
0.01121013
0.01191351
0.01278104
0.01268792
0.01263864
0.01175164
0.01188264
0.01304910
0.01225409
0.01350790
0.00000000
0.00000000
0.00000000
0.00000000
0.00000000
0.00000000
0.00000000
0.00000000
0.00000000
0.00000000
0.00000000
0.00000000
0.00000000
0.00000000
0.00000000
0.00000000
0.00000000
0.00000000
0.00000000
0.00000000
0.00000000
0.00000000
0.00000000
0.00000000
0.00000000
0.00000000
0.00000000
0.00000000
0.00000000
0.00000000
0.00000000
0.00000000
0.00000000
0.00000000
0.00000000
0.00000000
0.00000000
0.00000000
0.00000000
0.00000000
0.00000000
0.00000000
0.00000000
0.00000000
0.00000000
0.00000000
0.00000000
0.00000000
0.00000000
0.00000000
0.00000000
0.00000000
0.00000000
0.00000000
0.00000000
0.00000000
0.00000000
0.00000000
0.00000000
0.00000000
0.00000000
0.00000000
0.00000000
0.00000000
0.00000000
0.00000000
0.00000000
0.00000000
0.00000000
0.00000000
0.00000000
0.00000000
0.00000000
0.00000000
0.00000000
0.00000000
0.00000000
0.00000000
0.00000000
0.00000000
0.00000000
0.00000000
0.00000000
0.00000000
0.00000000
0.00000000
0.00000000
0.00000000
0.00000000
0.00000000
0.00000000
0.00000000
0.00000000
0.00000000
0.00000000
0.00000000
0.00000000
0.00000000
0.00000000
0.00000000
0.00000000
0.00000000
0.00000000
0.00000000
0.00000000
0.00000000
0.00000000
0.00000000
0.00000000
0.00000000
0.00000000
0.00000000
0.00000000
0.00000000
0.00000000
0.00000000
0.00000000
0.00000000
0.00000000
0.00000000
0.00000000
0.00000000
0.00000000
0.00000000
0.00000000
0.00000000
0.00000000
0.00000000
0.00000000
0.00000000
0.00000000
0.00000000
0.00000000
0.00000000
0.00000000
0.00000000
0.00000000
0.00000000
0.00000000
0.00000000
0.00000000
0.00000000
0.00000000
0.00000000
0.00000000
0.00000000
0.00000000
0.00000000
0.00000000
0.00000000
0.00000000
0.00000000
0.00000000
0.00000000
0.00000000
0.00000000
0.00000000
0.00000000
0.00000000
0.00000000
0.00000000
0.00000000
0.00000000
0.00000000
0.00000000
0.00000000
0.00000000
0.00000000
0.00000000
0.00000000
0.00000000
0.00000000
0.01157896
0.01136118
0.01167632
0.01210540
0.01176895
0.01164881
0.00963769
0.01199031
0.01146211
0.01250591
0.01097918
0.01247792
0.01189453
0.01194655
0.01134645
0.01168045
0.01144860
0.00889916
0.01229532
0.01193106
0.01202429
0.01252953
0.00987937
0.01162274
0.01213255
0.00983055
0.01311929
0.01173292
0.00930267
0.01248675
0.01205980
0.01018219
0.01102849
0.01265577
0.01140548
0.01185812
0.01122930
0.01235638
0.01270961
0.01234909
0.01145536
0.01243972
0.00956410
0.01202429
0.01225479
0.01234909
0.01192544
0.01090048
0.01289837
0.01046463
0.01290902
0.01016059
0.01090562
0.01271111
0.01191419
0.01200304
0.01243239
0.01190857
0.01250001
0.01178840
0.01237242
0.01194514
0.01223168
0.01181345
0.01258730
0.01186931
0.01221727
0.01258433
0.01237533
0.01225768
0.01173015
0.01231709
0.01167770
0.01211111
0.01066900
0.01171080
0.01243239
0.01246174
0.01231564
0.01163097
0.01140144
0.01248528
0.01195924
0.01288620
0.01131838
0.00000000
0.00000000
0.00000000
0.00000000
0.00000000
0.00000000
0.00000000
0.00000000
0.00000000
0.00000000
0.00000000
0.00000000
0.00000000
0.00000000
0.00000000
0.00000000
0.00000000
0.00000000
0.00000000
0.00000000
0.00000000
0.00000000
0.00000000
0.00000000
0.00000000
0.00000000
0.00000000
0.00000000
0.00000000
0.00000000
0.00000000
0.00000000
0.00000000
0.00000000
0.00000000
0.00000000
0.00000000
0.00000000
0.00000000
0.00000000
0.00000000
0.00000000
0.00000000
0.00000000
0.00000000
0.00000000
0.00000000
0.00000000
0.00000000
0.00000000
0.00000000
0.00000000
0.00000000
0.00000000
0.00000000
0.00000000
0.00000000
0.00000000
0.00000000
0.00000000
0.00000000
0.00000000
0.00000000
0.00000000
0.00000000
0.00000000
0.00000000
0.00000000
0.00000000
0.00000000
0.00000000
0.00000000
0.00000000
0.00000000
0.00000000
0.00000000
0.00000000
0.00000000
0.00000000
0.00000000
0.00000000
0.00000000
0.00000000
0.00000000
0.00000000
0.00000000
0.00000000
0.00000000
0.00000000
0.00000000
0.00000000
0.00000000
0.00000000
0.00000000
0.00000000
0.00000000
0.00000000
0.00000000
0.00000000
0.00000000
0.00000000
0.00000000
0.00000000
0.00000000
0.00000000
0.00000000
0.00000000
0.00000000
0.00000000
0.00000000
0.00000000
0.00000000
0.00000000
0.00000000
0.00000000
0.00000000
0.00000000
0.00000000
0.00000000
0.00000000
0.00000000
0.00000000
0.00000000
0.00000000
0.00000000
0.00000000
0.00000000
0.00000000
0.00000000
0.00000000
0.00000000
0.00000000
0.00000000
0.00000000
0.00000000
0.00000000
0.00000000
0.00000000
0.00000000
0.00000000
0.00000000
0.00000000
0.00000000
0.00000000
0.00000000
0.00000000
0.00000000
0.00000000
0.00000000
0.00000000
0.00000000
0.00000000
0.00000000
0.00000000
0.00000000
0.00000000
0.00000000
0.00000000
0.00000000
0.00000000
0.00000000
0.00000000
0.00000000
0.00000000
0.00000000
0.00000000
0.00000000
0.00000000
0.00000000
0.00000000
0.00000000
0.01006722
0.01067871
0.01097881
0.01127138
0.01111036
0.01079648
0.00969551
0.01129533
0.01112085
0.01172008
0.01098010
0.01144957
0.01094907
0.01110643
0.01101123
0.01129799
0.01127537
0.00961013
0.01155810
0.01137554
0.01155265
0.01163606
0.00987088
0.01124615
0.01125411
0.01003284
0.01195742
0.01172975
0.01006722
0.01188712
0.01164155
0.01003995
0.01074567
0.01177827
0.01134205
0.01178939
0.01115500
0.01154040
0.01193770
0.01206793
0.01155538
0.01236179
0.01054729
0.01183118
0.01199839
0.01209500
0.01213787
0.01143472
0.01244077
0.01062845
0.01240853
0.01077104
0.01137152
0.01259727
0.01186891
0.01159633
0.01226594
0.01188292
0.01251582
0.01215362
0.01196448
0.01183257
0.01237784
0.01204092
0.01267924
0.01225726
0.01204234
0.01276025
0.01256314
0.01230651
0.01215649
0.01249517
0.01211499
0.01263446
0.01224282
0.01163469
0.01245838
0.01236325
0.01251877
0.01146849
0.01194756
0.01249812
0.01164705
0.01308331
0.01244223
0.01238660
0.00000000
0.00000000
0.00000000
0.00000000
0.00000000
0.00000000
0.00000000
0.00000000
0.00000000
0.00000000
0.00000000
0.00000000
0.00000000
0.00000000
0.00000000
0.00000000
0.00000000
0.00000000
0.00000000
0.00000000
0.00000000
0.00000000
0.00000000
0.00000000
0.00000000
0.00000000
0.00000000
0.00000000
0.00000000
0.00000000
0.00000000
0.00000000
0.00000000
0.00000000
0.00000000
0.00000000
0.00000000
0.00000000
0.00000000
0.00000000
0.00000000
0.00000000
0.00000000
0.00000000
0.00000000
0.00000000
0.00000000
0.00000000
0.00000000
0.00000000
0.00000000
0.00000000
0.00000000
0.00000000
0.00000000
0.00000000
0.00000000
0.00000000
0.00000000
0.00000000
0.00000000
0.00000000
0.00000000
0.00000000
0.00000000
0.00000000
0.00000000
0.00000000
0.00000000
0.00000000
0.00000000
0.00000000
0.00000000
0.00000000
0.00000000
0.00000000
0.00000000
0.00000000
0.00000000
0.00000000
0.00000000
0.00000000
0.00000000
0.00000000
0.00000000
0.00000000
0.00000000
0.00000000
0.00000000
0.00000000
0.00000000
0.00000000
0.00000000
0.00000000
0.00000000
0.00000000
0.00000000
0.00000000
0.00000000
0.00000000
0.00000000
0.00000000
0.00000000
0.00000000
0.00000000
0.00000000
0.00000000
0.00000000
0.00000000
0.00000000
0.00000000
0.00000000
0.00000000
0.00000000
0.00000000
0.00000000
0.00000000
0.00000000
0.00000000
0.00000000
0.00000000
0.00000000
0.00000000
0.00000000
0.00000000
0.00000000
0.00000000
0.00000000
0.00000000
0.00000000
0.00000000
0.00000000
0.00000000
0.00000000
0.00000000
0.00000000
0.00000000
0.00000000
0.00000000
0.00000000
0.00000000
0.00000000
0.00000000
0.00000000
0.00000000
0.00000000
0.00000000
0.00000000
0.00000000
0.00000000
0.00000000
0.00000000
0.00000000
0.00000000
0.00000000
0.00000000
0.00000000
0.00000000
0.00000000
0.00000000
0.00000000
0.00000000
0.00000000
0.00000000
0.00000000
0.00000000
0.00000000
0.00000000
0.00000000
0.00000000
0.01154744
0.01148497
0.01192809
0.01195062
0.01152839
0.01151481
0.01019046
0.01159384
0.01153519
0.01198167
0.01102185
0.01217540
0.01167892
0.01157471
0.01108834
0.01144036
0.01138383
0.01024107
0.01223585
0.01150666
0.01165691
0.01193091
0.01049663
0.01126630
0.01183003
0.01056245
0.01222432
0.01137041
0.01032718
0.01190701
0.01152160
0.01023020
0.01089648
0.01218976
0.01138517
0.01174107
0.01130889
0.01236934
0.01227777
0.01194640
0.01147008
0.01211952
0.01020851
0.01186496
0.01185237
0.01153247
0.01119741
0.01055995
0.01201847
0.01038091
0.01218401
0.01027009
0.01083369
0.01193794
0.01132758
0.01171755
0.01167342
0.01116445
0.01198308
0.01172447
0.01253972
0.01193794
0.01156925
0.01125434
0.01174246
0.01137578
0.01189578
0.01199015
0.01188877
0.01185656
0.01126762
0.01195485
0.01123710
0.01151616
0.00969342
0.01147414
0.01184958
0.01205395
0.01169822
0.01155562
0.01006268
0.01176325
0.01174107
0.01212095
0.01094930
0.01215388
0.01179520
0.00000000
0.00000000
0.00000000
0.00000000
0.00000000
0.00000000
0.00000000
0.00000000
0.00000000
0.00000000
0.00000000
0.00000000
0.00000000
0.00000000
0.00000000
0.00000000
0.00000000
0.00000000
0.00000000
0.00000000
0.00000000
0.00000000
0.00000000
0.00000000
0.00000000
0.00000000
0.00000000
0.00000000
0.00000000
0.00000000
0.00000000
0.00000000
0.00000000
0.00000000
0.00000000
0.00000000
0.00000000
0.00000000
0.00000000
0.00000000
0.00000000
0.00000000
0.00000000
0.00000000
0.00000000
0.00000000
0.00000000
0.00000000
0.00000000
0.00000000
0.00000000
0.00000000
0.00000000
0.00000000
0.00000000
0.00000000
0.00000000
0.00000000
0.00000000
0.00000000
0.00000000
0.00000000
0.00000000
0.00000000
0.00000000
0.00000000
0.00000000
0.00000000
0.00000000
0.00000000
0.00000000
0.00000000
0.00000000
0.00000000
0.00000000
0.00000000
0.00000000
0.00000000
0.00000000
0.00000000
0.00000000
0.00000000
0.00000000
0.00000000
0.00000000
0.00000000
0.00000000
0.00000000
0.00000000
0.00000000
0.00000000
0.00000000
0.00000000
0.00000000
0.00000000
0.00000000
0.00000000
0.00000000
0.00000000
0.00000000
0.00000000
0.00000000
0.00000000
0.00000000
0.00000000
0.00000000
0.00000000
0.00000000
0.00000000
0.00000000
0.00000000
0.00000000
0.00000000
0.00000000
0.00000000
0.00000000
0.00000000
0.00000000
0.00000000
0.00000000
0.00000000
0.00000000
0.00000000
0.00000000
0.00000000
0.00000000
0.00000000
0.00000000
0.00000000
0.00000000
0.00000000
0.00000000
0.00000000
0.00000000
0.00000000
0.00000000
0.00000000
0.00000000
0.00000000
0.00000000
0.00000000
0.00000000
0.00000000
0.00000000
0.00000000
0.00000000
0.00000000
0.00000000
0.00000000
0.00000000
0.00000000
0.00000000
0.00000000
0.00000000
0.00000000
0.00000000
0.00000000
0.00000000
0.00000000
0.00000000
0.00000000
0.00000000
0.00000000
0.00000000
0.00000000
0.00000000
0.00000000
0.00000000
0.00000000
0.01132042
0.01127113
0.01177107
0.01186305
0.01145471
0.01133511
0.00999011
0.01155648
0.01143986
0.01198963
0.01085369
0.01209188
0.01143717
0.01128975
0.01085113
0.01139408
0.01134313
0.01017081
0.01224976
0.01143312
0.01155648
0.01189667
0.00997128
0.01113241
0.01158377
0.01025392
0.01221514
0.01128709
0.01012175
0.01182254
0.01138065
0.00988697
0.01060693
0.01206054
0.01114686
0.01155512
0.01104740
0.01219643
0.01213187
0.01185046
0.01134180
0.01207620
0.01009434
0.01174610
0.01173088
0.01141291
0.01104479
0.01026481
0.01200661
0.01025029
0.01217631
0.01025271
0.01075557
0.01190509
0.01116792
0.01147906
0.01149667
0.01090115
0.01183091
0.01157694
0.01243902
0.01180025
0.01142908
0.01109310
0.01160565
0.01118901
0.01173503
0.01188966
0.01179330
0.01174888
0.01114292
0.01189948
0.01113767
0.01150616
0.00975148
0.01141964
0.01187424
0.01204917
0.01165366
0.01134715
0.00970788
0.01172258
0.01154014
0.01217344
0.01090244
0.01212615
0.01167429
0.01132709
0.00000000
0.00000000
0.00000000
0.00000000
0.00000000
0.00000000
0.00000000
0.00000000
0.00000000
0.00000000
0.00000000
0.00000000
0.00000000
0.00000000
0.00000000
0.00000000
0.00000000
0.00000000
0.00000000
0.00000000
0.00000000
0.00000000
0.00000000
0.00000000
0.00000000
0.00000000
0.00000000
0.00000000
0.00000000
0.00000000
0.00000000
0.00000000
0.00000000
0.00000000
0.00000000
0.00000000
0.00000000
0.00000000
0.00000000
0.00000000
0.00000000
0.00000000
0.00000000
0.00000000
0.00000000
0.00000000
0.00000000
0.00000000
0.00000000
0.00000000
0.00000000
0.00000000
0.00000000
0.00000000
0.00000000
0.00000000
0.00000000
0.00000000
0.00000000
0.00000000
0.00000000
0.00000000
0.00000000
0.00000000
0.00000000
0.00000000
0.00000000
0.00000000
0.00000000
0.00000000
0.00000000
0.00000000
0.00000000
0.00000000
0.00000000
0.00000000
0.00000000
0.00000000
0.00000000
0.00000000
0.00000000
0.00000000
0.00000000
0.00000000
0.00000000
0.00000000
0.00000000
0.00000000
0.00000000
0.00000000
0.00000000
0.00000000
0.00000000
0.00000000
0.00000000
0.00000000
0.00000000
0.00000000
0.00000000
0.00000000
0.00000000
0.00000000
0.00000000
0.00000000
0.00000000
0.00000000
0.00000000
0.00000000
0.00000000
0.00000000
0.00000000
0.00000000
0.00000000
0.00000000
0.00000000
0.00000000
0.00000000
0.00000000
0.00000000
0.00000000
0.00000000
0.00000000
0.00000000
0.00000000
0.00000000
0.00000000
0.00000000
0.00000000
0.00000000
0.00000000
0.00000000
0.00000000
0.00000000
0.00000000
0.00000000
0.00000000
0.00000000
0.00000000
0.00000000
0.00000000
0.00000000
0.00000000
0.00000000
0.00000000
0.00000000
0.00000000
0.00000000
0.00000000
0.00000000
0.00000000
0.00000000
0.00000000
0.00000000
0.00000000
0.00000000
0.00000000
0.00000000
0.00000000
0.00000000
0.00000000
0.00000000
0.00000000
0.00000000
0.00000000
0.00000000
0.00000000
0.00000000
0.00000000
0.00896787
0.00950698
0.01008564
0.01059404
0.01009278
0.00972127
0.00734907
0.01044886
0.01001925
0.01133202
0.00982501
0.01131066
0.01034220
0.01054916
0.00986215
0.01042425
0.01033976
0.00714229
0.01132000
0.01056534
0.01084306
0.01119520
0.00738033
0.01011065
0.01076787
0.00746525
0.01190045
0.01086994
0.00759132
0.01176509
0.01118333
0.00809814
0.00921554
0.01176231
0.01045626
0.01136415
0.01003936
0.01128934
0.01221470
0.01189203
0.01060154
0.01264117
0.00807811
0.01194544
0.01228259
0.01198920
0.01170281
0.01020769
0.01302404
0.00826214
0.01330661
0.00822810
0.00970638
0.01326274
0.01177897
0.01195813
0.01283496
0.01143270
0.01256092
0.01215004
0.01295663
0.01248413
0.01276552
0.01185842
0.01319410
0.01229418
0.01260842
0.01381513
0.01304095
0.01302865
0.01225365
0.01360494
0.01185003
0.01352814
0.01060779
0.01171800
0.01325180
0.01335535
0.01327213
0.01157379
0.01029596
0.01331603
0.01183467
0.01478971
0.01248854
0.01362099
0.01129200
0.01184025
0.01230289
0.00000000
0.00000000
0.00000000
0.00000000
0.00000000
0.00000000
0.00000000
0.00000000
0.00000000
0.00000000
0.00000000
0.00000000
0.00000000
0.00000000
0.00000000
0.00000000
0.00000000
0.00000000
0.00000000
0.00000000
0.00000000
0.00000000
0.00000000
0.00000000
0.00000000
0.00000000
0.00000000
0.00000000
0.00000000
0.00000000
0.00000000
0.00000000
0.00000000
0.00000000
0.00000000
0.00000000
0.00000000
0.00000000
0.00000000
0.00000000
0.00000000
0.00000000
0.00000000
0.00000000
0.00000000
0.00000000
0.00000000
0.00000000
0.00000000
0.00000000
0.00000000
0.00000000
0.00000000
0.00000000
0.00000000
0.00000000
0.00000000
0.00000000
0.00000000
0.00000000
0.00000000
0.00000000
0.00000000
0.00000000
0.00000000
0.00000000
0.00000000
0.00000000
0.00000000
0.00000000
0.00000000
0.00000000
0.00000000
0.00000000
0.00000000
0.00000000
0.00000000
0.00000000
0.00000000
0.00000000
0.00000000
0.00000000
0.00000000
0.00000000
0.00000000
0.00000000
0.00000000
0.00000000
0.00000000
0.00000000
0.00000000
0.00000000
0.00000000
0.00000000
0.00000000
0.00000000
0.00000000
0.00000000
0.00000000
0.00000000
0.00000000
0.00000000
0.00000000
0.00000000
0.00000000
0.00000000
0.00000000
0.00000000
0.00000000
0.00000000
0.00000000
0.00000000
0.00000000
0.00000000
0.00000000
0.00000000
0.00000000
0.00000000
0.00000000
0.00000000
0.00000000
0.00000000
0.00000000
0.00000000
0.00000000
0.00000000
0.00000000
0.00000000
0.00000000
0.00000000
0.00000000
0.00000000
0.00000000
0.00000000
0.00000000
0.00000000
0.00000000
0.00000000
0.00000000
0.00000000
0.00000000
0.00000000
0.00000000
0.00000000
0.00000000
0.00000000
0.00000000
0.00000000
0.00000000
0.00000000
0.00000000
0.00000000
0.00000000
0.00000000
0.00000000
0.00000000
0.00000000
0.00000000
0.00000000
0.00000000
0.00000000
0.00000000
0.00000000
0.00000000
0.00000000
0.00000000
0.00000000
0.01146647
0.01090590
0.01118861
0.01146647
0.01118597
0.01113595
0.00944886
0.01149354
0.01103398
0.01188923
0.01075265
0.01199769
0.01159429
0.01141115
0.01074504
0.01114778
0.01094068
0.00897740
0.01184864
0.01137354
0.01136281
0.01185283
0.00917867
0.01107309
0.01145700
0.00948123
0.01237565
0.01115698
0.00938777
0.01186262
0.01144080
0.00988079
0.01047231
0.01193418
0.01078440
0.01109008
0.01062533
0.01154653
0.01188923
0.01140981
0.01062533
0.01156970
0.00948571
0.01156152
0.01164225
0.01155607
0.01105091
0.01007494
0.01203170
0.00988778
0.01203737
0.00995330
0.01052679
0.01180401
0.01116883
0.01137622
0.01148406
0.01092264
0.01145160
0.01105743
0.01174568
0.01140577
0.01145971
0.01113858
0.01171663
0.01108223
0.01149490
0.01171525
0.01158609
0.01145971
0.01089562
0.01132001
0.01074377
0.01113464
0.01002871
0.01107570
0.01157926
0.01147594
0.01120445
0.01089176
0.01031541
0.01144890
0.01097299
0.01175538
0.01070962
0.01176925
0.01110186
0.01113595
0.01091620
0.01118597
0.00000000
0.00000000
0.00000000
0.00000000
0.00000000
0.00000000
0.00000000
0.00000000
0.00000000
0.00000000
0.00000000
0.00000000
0.00000000
0.00000000
0.00000000
0.00000000
0.00000000
0.00000000
0.00000000
0.00000000
0.00000000
0.00000000
0.00000000
0.00000000
0.00000000
0.00000000
0.00000000
0.00000000
0.00000000
0.00000000
0.00000000
0.00000000
0.00000000
0.00000000
0.00000000
0.00000000
0.00000000
0.00000000
0.00000000
0.00000000
0.00000000
0.00000000
0.00000000
0.00000000
0.00000000
0.00000000
0.00000000
0.00000000
0.00000000
0.00000000
0.00000000
0.00000000
0.00000000
0.00000000
0.00000000
0.00000000
0.00000000
0.00000000
0.00000000
0.00000000
0.00000000
0.00000000
0.00000000
0.00000000
0.00000000
0.00000000
0.00000000
0.00000000
0.00000000
0.00000000
0.00000000
0.00000000
0.00000000
0.00000000
0.00000000
0.00000000
0.00000000
0.00000000
0.00000000
0.00000000
0.00000000
0.00000000
0.00000000
0.00000000
0.00000000
0.00000000
0.00000000
0.00000000
0.00000000
0.00000000
0.00000000
0.00000000
0.00000000
0.00000000
0.00000000
0.00000000
0.00000000
0.00000000
0.00000000
0.00000000
0.00000000
0.00000000
0.00000000
0.00000000
0.00000000
0.00000000
0.00000000
0.00000000
0.00000000
0.00000000
0.00000000
0.00000000
0.00000000
0.00000000
0.00000000
0.00000000
0.00000000
0.00000000
0.00000000
0.00000000
0.00000000
0.00000000
0.00000000
0.00000000
0.00000000
0.00000000
0.00000000
0.00000000
0.00000000
0.00000000
0.00000000
0.00000000
0.00000000
0.00000000
0.00000000
0.00000000
0.00000000
0.00000000
0.00000000
0.00000000
0.00000000
0.00000000
0.00000000
0.00000000
0.00000000
0.00000000
0.00000000
0.00000000
0.00000000
0.00000000
0.00000000
0.00000000
0.00000000
0.00000000
0.00000000
0.00000000
0.00000000
0.00000000
0.00000000
0.00000000
0.00000000
0.00000000
0.00000000
0.00000000
0.00000000
0.00000000
0.01205317
0.01106281
0.01141670
0.01168368
0.01123770
0.01120329
0.00908939
0.01165065
0.01117426
0.01210017
0.01066817
0.01231759
0.01188239
0.01158079
0.01068706
0.01105368
0.01073000
0.00839288
0.01198372
0.01134690
0.01142748
0.01200777
0.00915178
0.01101724
0.01157260
0.00925162
0.01271312
0.01114925
0.00941119
0.01200352
0.01142613
0.00966654
0.01038758
0.01218897
0.01070093
0.01096927
0.01041088
0.01174585
0.01207167
0.01151949
0.01061045
0.01159719
0.00920482
0.01160677
0.01167128
0.01151542
0.01083810
0.00963922
0.01201202
0.00926909
0.01202336
0.00962899
0.01041211
0.01175971
0.01101594
0.01139787
0.01130816
0.01065685
0.01130283
0.01085345
0.01187119
0.01129350
0.01121519
0.01084194
0.01154942
0.01080874
0.01144366
0.01146933
0.01122313
0.01119273
0.01051205
0.01108762
0.01038268
0.01062297
0.00889323
0.01078201
0.01126025
0.01125760
0.01081512
0.01070598
0.00939455
0.01109416
0.01073379
0.01145176
0.01022592
0.01171403
0.01116373
0.01107194
0.01053191
0.01063551
0.01032286
0.00000000
0.00000000
0.00000000
0.00000000
0.00000000
0.00000000
0.00000000
0.00000000
0.00000000
0.00000000
0.00000000
0.00000000
0.00000000
0.00000000
0.00000000
0.00000000
0.00000000
0.00000000
0.00000000
0.00000000
0.00000000
0.00000000
0.00000000
0.00000000
0.00000000
0.00000000
0.00000000
0.00000000
0.00000000
0.00000000
0.00000000
0.00000000
0.00000000
0.00000000
0.00000000
0.00000000
0.00000000
0.00000000
0.00000000
0.00000000
0.00000000
0.00000000
0.00000000
0.00000000
0.00000000
0.00000000
0.00000000
0.00000000
0.00000000
0.00000000
0.00000000
0.00000000
0.00000000
0.00000000
0.00000000
0.00000000
0.00000000
0.00000000
0.00000000
0.00000000
0.00000000
0.00000000
0.00000000
0.00000000
0.00000000
0.00000000
0.00000000
0.00000000
0.00000000
0.00000000
0.00000000
0.00000000
0.00000000
0.00000000
0.00000000
0.00000000
0.00000000
0.00000000
0.00000000
0.00000000
0.00000000
0.00000000
0.00000000
0.00000000
0.00000000
0.00000000
0.00000000
0.00000000
0.00000000
0.00000000
0.00000000
0.00000000
0.00000000
0.00000000
0.00000000
0.00000000
0.00000000
0.00000000
0.00000000
0.00000000
0.00000000
0.00000000
0.00000000
0.00000000
0.00000000
0.00000000
0.00000000
0.00000000
0.00000000
0.00000000
0.00000000
0.00000000
0.00000000
0.00000000
0.00000000
0.00000000
0.00000000
0.00000000
0.00000000
0.00000000
0.00000000
0.00000000
0.00000000
0.00000000
0.00000000
0.00000000
0.00000000
0.00000000
0.00000000
0.00000000
0.00000000
0.00000000
0.00000000
0.00000000
0.00000000
0.00000000
0.00000000
0.00000000
0.00000000
0.00000000
0.00000000
0.00000000
0.00000000
0.00000000
0.00000000
0.00000000
0.00000000
0.00000000
0.00000000
0.00000000
0.00000000
0.00000000
0.00000000
0.00000000
0.00000000
0.00000000
0.00000000
0.00000000
0.00000000
0.00000000
0.00000000
0.00000000
0.00000000
0.00000000
0.00000000
0.00175800
0.00378034
0.00436585
0.00491580
0.00466227
0.00386919
0.00238152
0.00451508
0.00417254
0.00581542
0.00513445
0.00505276
0.00384418
0.00476230
0.00523226
0.00636975
0.00710311
0.00416959
0.00638931
0.00623301
0.00663192
0.00605263
0.00246119
0.00537740
0.00514051
0.00285112
0.00615776
0.00726664
0.00264072
0.00737108
0.00741030
0.00320346
0.00453911
0.00681990
0.00768714
0.01044807
0.00778384
0.00669163
0.00846668
0.00852680
0.00687400
0.01101235
0.00362790
0.00834869
0.00978149
0.00982195
0.01172680
0.01041977
0.01173233
0.00539837
0.01273749
0.00467659
0.00633454
0.01404076
0.01044931
0.00884953
0.01384345
0.01079758
0.01318844
0.01321335
0.01098511
0.01219363
0.01521495
0.01253630
0.01532119
0.01448308
0.01205635
0.01964775
0.01718011
0.01693668
0.01657116
0.01974066
0.01382876
0.02432309
0.01813574
0.01093212
0.01695867
0.01701677
0.02015231
0.01090765
0.01441492
0.01673022
0.01137938
0.02366940
0.01821720
0.01400437
0.00726835
0.00955685
0.01519164
0.03144287
0.03379621
0.07427725
0.00000000
0.00000000
0.00000000
0.00000000
0.00000000
0.00000000
0.00000000
0.00000000
0.00000000
0.00000000
0.00000000
0.00000000
0.00000000
0.00000000
0.00000000
0.00000000
0.00000000
0.00000000
0.00000000
0.00000000
0.00000000
0.00000000
0.00000000
0.00000000
0.00000000
0.00000000
0.00000000
0.00000000
0.00000000
0.00000000
0.00000000
0.00000000
0.00000000
0.00000000
0.00000000
0.00000000
0.00000000
0.00000000
0.00000000
0.00000000
0.00000000
0.00000000
0.00000000
0.00000000
0.00000000
0.00000000
0.00000000
0.00000000
0.00000000
0.00000000
0.00000000
0.00000000
0.00000000
0.00000000
0.00000000
0.00000000
0.00000000
0.00000000
0.00000000
0.00000000
0.00000000
0.00000000
0.00000000
0.00000000
0.00000000
0.00000000
0.00000000
0.00000000
0.00000000
0.00000000
0.00000000
0.00000000
0.00000000
0.00000000
0.00000000
0.00000000
0.00000000
0.00000000
0.00000000
0.00000000
0.00000000
0.00000000
0.00000000
0.00000000
0.00000000
0.00000000
0.00000000
0.00000000
0.00000000
0.00000000
0.00000000
0.00000000
0.00000000
0.00000000
0.00000000
0.00000000
0.00000000
0.00000000
0.00000000
0.00000000
0.00000000
0.00000000
0.00000000
0.00000000
0.00000000
0.00000000
0.00000000
0.00000000
0.00000000
0.00000000
0.00000000
0.00000000
0.00000000
0.00000000
0.00000000
0.00000000
0.00000000
0.00000000
0.00000000
0.00000000
0.00000000
0.00000000
0.00000000
0.00000000
0.00000000
0.00000000
0.00000000
0.00000000
0.00000000
0.00000000
0.00000000
0.00000000
0.00000000
0.00000000
0.00000000
0.00000000
0.00000000
0.00000000
0.00000000
0.00000000
0.00000000
0.00000000
0.00000000
0.00000000
0.00000000
0.00000000
0.00000000
0.00000000
0.00000000
0.00000000
0.00000000
0.00000000
0.00000000
0.00000000
0.00000000
0.00000000
0.00000000
0.00000000
0.00000000
0.00000000
0.00000000
0.00000000
0.00000000
0.00000000
0.00905777
0.00961588
0.00992349
0.01033192
0.01003411
0.00977942
0.00811589
0.01025907
0.01000693
0.01086555
0.00991530
0.01065113
0.01013282
0.01029543
0.01002347
0.01029179
0.01021922
0.00804632
0.01068384
0.01041143
0.01065993
0.01075717
0.00862512
0.01009941
0.01033192
0.00840917
0.01118672
0.01067251
0.00874909
0.01107906
0.01078766
0.00892627
0.00969673
0.01101392
0.01042003
0.01101132
0.01028087
0.01090277
0.01129942
0.01133412
0.01061602
0.01167740
0.00919662
0.01101522
0.01128211
0.01132477
0.01131276
0.01035877
0.01175755
0.00917387
0.01173677
0.00938619
0.01030758
0.01194343
0.01103862
0.01094787
0.01151738
0.01096725
0.01159233
0.01115115
0.01125553
0.01102561
0.01151738
0.01113670
0.01184384
0.01131009
0.01125952
0.01205665
0.01181733
0.01161560
0.01134348
0.01190686
0.01131810
0.01190967
0.01092723
0.01076352
0.01173677
0.01171741
0.01178532
0.01073309
0.01080931
0.01161286
0.01072297
0.01237356
0.01126616
0.01164852
0.01031731
0.01060600
0.01111963
0.01193780
0.01180201
0.01146994
0.01212652
0.00000000
0.00000000
0.00000000
0.00000000
0.00000000
0.00000000
0.00000000
0.00000000
0.00000000
0.00000000
0.00000000
0.00000000
0.00000000
0.00000000
0.00000000
0.00000000
0.00000000
0.00000000
0.00000000
0.00000000
0.00000000
0.00000000
0.00000000
0.00000000
0.00000000
0.00000000
0.00000000
0.00000000
0.00000000
0.00000000
0.00000000
0.00000000
0.00000000
0.00000000
0.00000000
0.00000000
0.00000000
0.00000000
0.00000000
0.00000000
0.00000000
0.00000000
0.00000000
0.00000000
0.00000000
0.00000000
0.00000000
0.00000000
0.00000000
0.00000000
0.00000000
0.00000000
0.00000000
0.00000000
0.00000000
0.00000000
0.00000000
0.00000000
0.00000000
0.00000000
0.00000000
0.00000000
0.00000000
0.00000000
0.00000000
0.00000000
0.00000000
0.00000000
0.00000000
0.00000000
0.00000000
0.00000000
0.00000000
0.00000000
0.00000000
0.00000000
0.00000000
0.00000000
0.00000000
0.00000000
0.00000000
0.00000000
0.00000000
0.00000000
0.00000000
0.00000000
0.00000000
0.00000000
0.00000000
0.00000000
0.00000000
0.00000000
0.00000000
0.00000000
0.00000000
0.00000000
0.00000000
0.00000000
0.00000000
0.00000000
0.00000000
0.00000000
0.00000000
0.00000000
0.00000000
0.00000000
0.00000000
0.00000000
0.00000000
0.00000000
0.00000000
0.00000000
0.00000000
0.00000000
0.00000000
0.00000000
0.00000000
0.00000000
0.00000000
0.00000000
0.00000000
0.00000000
0.00000000
0.00000000
0.00000000
0.00000000
0.00000000
0.00000000
0.00000000
0.00000000
0.00000000
0.00000000
0.00000000
0.00000000
0.00000000
0.00000000
0.00000000
0.00000000
0.00000000
0.00000000
0.00000000
0.00000000
0.00000000
0.00000000
0.00000000
0.00000000
0.00000000
0.00000000
0.00000000
0.00000000
0.00000000
0.00000000
0.00000000
0.00000000
0.00000000
0.00000000
0.00000000
0.00000000
0.00000000
0.00000000
0.00000000
0.00000000
0.00000000
0.01186782
0.01066515
0.01103101
0.01134770
0.01104794
0.01092872
0.00899088
0.01129430
0.01100243
0.01171900
0.01060244
0.01179944
0.01128232
0.01096228
0.01047196
0.01094419
0.01074342
0.00860902
0.01127301
0.01082481
0.01075229
0.01162403
0.00940297
0.01088755
0.01135172
0.00906541
0.01209960
0.01074468
0.00923265
0.01149452
0.01094936
0.00921633
0.01001065
0.01166660
0.01067522
0.01073329
0.01014376
0.01085806
0.01135172
0.01095840
0.01044236
0.01124645
0.00930918
0.01102841
0.01095582
0.01107272
0.01060494
0.00994710
0.01165285
0.00972669
0.01151759
0.00931687
0.01003903
0.01129297
0.01079422
0.01086574
0.01082099
0.01031385
0.01099984
0.01069538
0.01142559
0.01084014
0.01078658
0.01020134
0.01113690
0.01069916
0.01116188
0.01117110
0.01081461
0.01058745
0.01009721
0.01064128
0.01030291
0.01042882
0.00914164
0.01040548
0.01063375
0.01075610
0.01054632
0.01046455
0.00955952
0.01073202
0.01035285
0.01097263
0.01015932
0.01124645
0.01076879
0.01037852
0.00996354
0.01030777
0.01018692
0.00901636
0.01067396
0.01016891
0.00000000
0.00000000
0.00000000
0.00000000
0.00000000
0.00000000
0.00000000
0.00000000
0.00000000
0.00000000
0.00000000
0.00000000
0.00000000
0.00000000
0.00000000
0.00000000
0.00000000
0.00000000
0.00000000
0.00000000
0.00000000
0.00000000
0.00000000
0.00000000
0.00000000
0.00000000
0.00000000
0.00000000
0.00000000
0.00000000
0.00000000
0.00000000
0.00000000
0.00000000
0.00000000
0.00000000
0.00000000
0.00000000
0.00000000
0.00000000
0.00000000
0.00000000
0.00000000
0.00000000
0.00000000
0.00000000
0.00000000
0.00000000
0.00000000
0.00000000
0.00000000
0.00000000
0.00000000
0.00000000
0.00000000
0.00000000
0.00000000
0.00000000
0.00000000
0.00000000
0.00000000
0.00000000
0.00000000
0.00000000
0.00000000
0.00000000
0.00000000
0.00000000
0.00000000
0.00000000
0.00000000
0.00000000
0.00000000
0.00000000
0.00000000
0.00000000
0.00000000
0.00000000
0.00000000
0.00000000
0.00000000
0.00000000
0.00000000
0.00000000
0.00000000
0.00000000
0.00000000
0.00000000
0.00000000
0.00000000
0.00000000
0.00000000
0.00000000
0.00000000
0.00000000
0.00000000
0.00000000
0.00000000
0.00000000
0.00000000
0.00000000
0.00000000
0.00000000
0.00000000
0.00000000
0.00000000
0.00000000
0.00000000
0.00000000
0.00000000
0.00000000
0.00000000
0.00000000
0.00000000
0.00000000
0.00000000
0.00000000
0.00000000
0.00000000
0.00000000
0.00000000
0.00000000
0.00000000
0.00000000
0.00000000
0.00000000
0.00000000
0.00000000
0.00000000
0.00000000
0.00000000
0.00000000
0.00000000
0.00000000
0.00000000
0.00000000
0.00000000
0.00000000
0.00000000
0.00000000
0.00000000
0.00000000
0.00000000
0.00000000
0.00000000
0.00000000
0.00000000
0.00000000
0.00000000
0.00000000
0.00000000
0.00000000
0.00000000
0.00000000
0.00000000
0.00000000
0.00000000
0.00000000
0.00000000
0.00000000
0.00000000
0.00000000
0.00999496
0.00970114
0.01006831
0.01050003
0.01019016
0.00999378
0.00799415
0.01040388
0.01008376
0.01101372
0.00986380
0.01098907
0.01033905
0.01019617
0.00975621
0.01041739
0.01037080
0.00816856
0.01095284
0.01044815
0.01044938
0.01106971
0.00818592
0.01027221
0.01062961
0.00825183
0.01153485
0.01039897
0.00821978
0.01111812
0.01062835
0.00833497
0.00924648
0.01120104
0.01027584
0.01077602
0.01001502
0.01069752
0.01123146
0.01086920
0.01011711
0.01135265
0.00860871
0.01083848
0.01094767
0.01091544
0.01057584
0.00968056
0.01167857
0.00913700
0.01169235
0.00885272
0.00967828
0.01153212
0.01071646
0.01076840
0.01107755
0.01031348
0.01109978
0.01082953
0.01146838
0.01106449
0.01115490
0.01049879
0.01145216
0.01092188
0.01126994
0.01182548
0.01140902
0.01121690
0.01061833
0.01133392
0.01055341
0.01130455
0.00967143
0.01058332
0.01117992
0.01128856
0.01116543
0.01051242
0.00975736
0.01122352
0.01052482
0.01181573
0.01062334
0.01151310
0.01056088
0.01047652
0.01038182
0.01122749
0.01113256
0.01026615
0.01197283
0.01141844
0.01134730
0.00000000
0.00000000
0.00000000
0.00000000
0.00000000
0.00000000
0.00000000
0.00000000
0.00000000
0.00000000
0.00000000
0.00000000
0.00000000
0.00000000
0.00000000
0.00000000
0.00000000
0.00000000
0.00000000
0.00000000
0.00000000
0.00000000
0.00000000
0.00000000
0.00000000
0.00000000
0.00000000
0.00000000
0.00000000
0.00000000
0.00000000
0.00000000
0.00000000
0.00000000
0.00000000
0.00000000
0.00000000
0.00000000
0.00000000
0.00000000
0.00000000
0.00000000
0.00000000
0.00000000
0.00000000
0.00000000
0.00000000
0.00000000
0.00000000
0.00000000
0.00000000
0.00000000
0.00000000
0.00000000
0.00000000
0.00000000
0.00000000
0.00000000
0.00000000
0.00000000
0.00000000
0.00000000
0.00000000
0.00000000
0.00000000
0.00000000
0.00000000
0.00000000
0.00000000
0.00000000
0.00000000
0.00000000
0.00000000
0.00000000
0.00000000
0.00000000
0.00000000
0.00000000
0.00000000
0.00000000
0.00000000
0.00000000
0.00000000
0.00000000
0.00000000
0.00000000
0.00000000
0.00000000
0.00000000
0.00000000
0.00000000
0.00000000
0.00000000
0.00000000
0.00000000
0.00000000
0.00000000
0.00000000
0.00000000
0.00000000
0.00000000
0.00000000
0.00000000
0.00000000
0.00000000
0.00000000
0.00000000
0.00000000
0.00000000
0.00000000
0.00000000
0.00000000
0.00000000
0.00000000
0.00000000
0.00000000
0.00000000
0.00000000
0.00000000
0.00000000
0.00000000
0.00000000
0.00000000
0.00000000
0.00000000
0.00000000
0.00000000
0.00000000
0.00000000
0.00000000
0.00000000
0.00000000
0.00000000
0.00000000
0.00000000
0.00000000
0.00000000
0.00000000
0.00000000
0.00000000
0.00000000
0.00000000
0.00000000
0.00000000
0.00000000
0.00000000
0.00000000
0.00000000
0.00000000
0.00000000
0.00000000
0.00000000
0.00000000
0.00000000
0.00000000
0.00000000
0.00000000
0.00000000
0.00000000
0.00000000
0.00000000
0.01108785
0.01018521
0.01047762
0.01071884
0.01042831
0.01035355
0.00882654
0.01076444
0.01034989
0.01105652
0.00989629
0.01125120
0.01082683
0.01056572
0.00984275
0.01037189
0.01020084
0.00838909
0.01121014
0.01071126
0.01066085
0.01119164
0.00810798
0.01039760
0.01078350
0.00883800
0.01164678
0.01037189
0.00836736
0.01102657
0.01055451
0.00861672
0.00940583
0.01130306
0.01005749
0.01042462
0.00994309
0.01095527
0.01130173
0.01069863
0.00986134
0.01077461
0.00826536
0.01075556
0.01088701
0.01070747
0.01008719
0.00907352
0.01136321
0.00907459
0.01155102
0.00945923
0.00988696
0.01118768
0.01051351
0.01074795
0.01081790
0.01008243
0.01054580
0.01034013
0.01127245
0.01092173
0.01080515
0.01038657
0.01105000
0.01045170
0.01096432
0.01121014
0.01099151
0.01108916
0.01043815
0.01089472
0.00997127
0.01062821
0.00878500
0.01054083
0.01094236
0.01099021
0.01065331
0.01028419
0.00910997
0.01093333
0.01053586
0.01123793
0.01008243
0.01119428
0.01070116
0.01057819
0.01014206
0.01054456
0.01027691
0.00862282
0.01120221
0.01096432
0.01114160
0.01131107
0.00000000
0.00000000
0.00000000
0.00000000
0.00000000
0.00000000
0.00000000
0.00000000
0.00000000
0.00000000
0.00000000
0.00000000
0.00000000
0.00000000
0.00000000
0.00000000
0.00000000
0.00000000
0.00000000
0.00000000
0.00000000
0.00000000
0.00000000
0.00000000
0.00000000
0.00000000
0.00000000
0.00000000
0.00000000
0.00000000
0.00000000
0.00000000
0.00000000
0.00000000
0.00000000
0.00000000
0.00000000
0.00000000
0.00000000
0.00000000
0.00000000
0.00000000
0.00000000
0.00000000
0.00000000
0.00000000
0.00000000
0.00000000
0.00000000
0.00000000
0.00000000
0.00000000
0.00000000
0.00000000
0.00000000
0.00000000
0.00000000
0.00000000
0.00000000
0.00000000
0.00000000
0.00000000
0.00000000
0.00000000
0.00000000
0.00000000
0.00000000
0.00000000
0.00000000
0.00000000
0.00000000
0.00000000
0.00000000
0.00000000
0.00000000
0.00000000
0.00000000
0.00000000
0.00000000
0.00000000
0.00000000
0.00000000
0.00000000
0.00000000
0.00000000
0.00000000
0.00000000
0.00000000
0.00000000
0.00000000
0.00000000
0.00000000
0.00000000
0.00000000
0.00000000
0.00000000
0.00000000
0.00000000
0.00000000
0.00000000
0.00000000
0.00000000
0.00000000
0.00000000
0.00000000
0.00000000
0.00000000
0.00000000
0.00000000
0.00000000
0.00000000
0.00000000
0.00000000
0.00000000
0.00000000
0.00000000
0.00000000
0.00000000
0.00000000
0.00000000
0.00000000
0.00000000
0.00000000
0.00000000
0.00000000
0.00000000
0.00000000
0.00000000
0.00000000
0.00000000
0.00000000
0.00000000
0.00000000
0.00000000
0.00000000
0.00000000
0.00000000
0.00000000
0.00000000
0.00000000
0.00000000
0.00000000
0.00000000
0.00000000
0.00000000
0.00000000
0.00000000
0.00000000
0.00000000
0.00000000
0.00000000
0.00000000
0.00000000
0.00000000
0.00000000
0.00000000
0.00000000
0.00000000
0.00000000
0.00000000
0.00255090
0.00424830
0.00477725
0.00573612
0.00566686
0.00467801
0.00385352
0.00541914
0.00522090
0.00637018
0.00534614
0.00548408
0.00447035
0.00505131
0.00529844
0.00608167
0.00654920
0.00385533
0.00680189
0.00692818
0.00805521
0.00666530
0.00499503
0.00607163
0.00585712
0.00310510
0.00696012
0.00745903
0.00372000
0.00755910
0.00743269
0.00375571
0.00456734
0.00705766
0.00671976
0.00938548
0.00710778
0.00813253
0.00889093
0.01068682
0.00940654
0.01196227
0.00524559
0.00797581
0.00918726
0.00866628
0.00994618
0.00827475
0.01018717
0.00394689
0.01105343
0.00469957
0.00705849
0.01320178
0.01062399
0.01058397
0.01303931
0.01017037
0.01044755
0.01097420
0.01024017
0.01125734
0.01328769
0.01220452
0.01372085
0.01309170
0.01188072
0.01577141
0.01253419
0.01382970
0.01409646
0.01786102
0.01337732
0.02009434
0.01288339
0.01048582
0.01457145
0.01605857
0.01871275
0.01133327
0.01132927
0.01644961
0.01166552
0.02195529
0.01624908
0.01363053
0.00859199
0.01042539
0.01407819
0.01912552
0.01949903
0.02044816
0.02189581
0.02106003
0.02314103
0.01735028
0.03058908
0.00000000
0.00000000
0.00000000
0.00000000
0.00000000
0.00000000
0.00000000
0.00000000
0.00000000
0.00000000
0.00000000
0.00000000
0.00000000
0.00000000
0.00000000
0.00000000
0.00000000
0.00000000
0.00000000
0.00000000
0.00000000
0.00000000
0.00000000
0.00000000
0.00000000
0.00000000
0.00000000
0.00000000
0.00000000
0.00000000
0.00000000
0.00000000
0.00000000
0.00000000
0.00000000
0.00000000
0.00000000
0.00000000
0.00000000
0.00000000
0.00000000
0.00000000
0.00000000
0.00000000
0.00000000
0.00000000
0.00000000
0.00000000
0.00000000
0.00000000
0.00000000
0.00000000
0.00000000
0.00000000
0.00000000
0.00000000
0.00000000
0.00000000
0.00000000
0.00000000
0.00000000
0.00000000
0.00000000
0.00000000
0.00000000
0.00000000
0.00000000
0.00000000
0.00000000
0.00000000
0.00000000
0.00000000
0.00000000
0.00000000
0.00000000
0.00000000
0.00000000
0.00000000
0.00000000
0.00000000
0.00000000
0.00000000
0.00000000
0.00000000
0.00000000
0.00000000
0.00000000
0.00000000
0.00000000
0.00000000
0.00000000
0.00000000
0.00000000
0.00000000
0.00000000
0.00000000
0.00000000
0.00000000
0.00000000
0.00000000
0.00000000
0.00000000
0.00000000
0.00000000
0.00000000
0.00000000
0.00000000
0.00000000
0.00000000
0.00000000
0.00000000
0.00000000
0.00000000
0.00000000
0.00000000
0.00000000
0.00000000
0.00000000
0.00000000
0.00000000
0.00000000
0.00000000
0.00000000
0.00000000
0.00000000
0.00000000
0.00000000
0.00000000
0.00000000
0.00000000
0.00000000
0.00000000
0.00000000
0.00000000
0.00000000
0.00000000
0.00000000
0.00000000
0.00000000
0.00000000
0.00000000
0.00000000
0.00000000
0.00000000
0.00000000
0.00000000
0.00000000
0.00000000
0.00000000
0.00000000
0.00000000
0.00000000
0.00000000
0.00000000
0.00000000
0.00000000
0.00000000
0.00000000
0.00000000
0.01178603
0.01059040
0.01088544
0.01094208
0.01054428
0.01055673
0.00914310
0.01096274
0.01088801
0.01119795
0.01027422
0.01136694
0.01109018
0.01093821
0.01044650
0.01063796
0.01032889
0.00860938
0.01092145
0.01057542
0.01064926
0.01118739
0.00922325
0.01045266
0.01075782
0.00914202
0.01156981
0.01059539
0.00976043
0.01103669
0.01049590
0.00923958
0.00998749
0.01120985
0.01028999
0.01012148
0.00970991
0.01047364
0.01088801
0.01051696
0.01015376
0.01045883
0.00877545
0.01043665
0.01047858
0.01061040
0.01018254
0.00953402
0.01090986
0.00924067
0.01088288
0.00981121
0.01031915
0.01076797
0.01029606
0.01038998
0.01022828
0.00995339
0.01047117
0.01015257
0.01080487
0.01022949
0.01014060
0.00989137
0.01044896
0.01004301
0.01049095
0.01027665
0.01006197
0.01008574
0.00986574
0.01022105
0.01001698
0.00968932
0.00858100
0.00998985
0.01016814
0.01022949
0.00988904
0.00996161
0.00885446
0.01000518
0.00990888
0.01021984
0.00970647
0.01059289
0.01035695
0.01003117
0.00965168
0.00978463
0.00965282
0.00835531
0.00987156
0.00957120
0.00948468
0.01021622
0.00902313
0.00958024
0.00000000
0.00000000
0.00000000
0.00000000
0.00000000
0.00000000
0.00000000
0.00000000
0.00000000
0.00000000
0.00000000
0.00000000
0.00000000
0.00000000
0.00000000
0.00000000
0.00000000
0.00000000
0.00000000
0.00000000
0.00000000
0.00000000
0.00000000
0.00000000
0.00000000
0.00000000
0.00000000
0.00000000
0.00000000
0.00000000
0.00000000
0.00000000
0.00000000
0.00000000
0.00000000
0.00000000
0.00000000
0.00000000
0.00000000
0.00000000
0.00000000
0.00000000
0.00000000
0.00000000
0.00000000
0.00000000
0.00000000
0.00000000
0.00000000
0.00000000
0.00000000
0.00000000
0.00000000
0.00000000
0.00000000
0.00000000
0.00000000
0.00000000
0.00000000
0.00000000
0.00000000
0.00000000
0.00000000
0.00000000
0.00000000
0.00000000
0.00000000
0.00000000
0.00000000
0.00000000
0.00000000
0.00000000
0.00000000
0.00000000
0.00000000
0.00000000
0.00000000
0.00000000
0.00000000
0.00000000
0.00000000
0.00000000
0.00000000
0.00000000
0.00000000
0.00000000
0.00000000
0.00000000
0.00000000
0.00000000
0.00000000
0.00000000
0.00000000
0.00000000
0.00000000
0.00000000
0.00000000
0.00000000
0.00000000
0.00000000
0.00000000
0.00000000
0.00000000
0.00000000
0.00000000
0.00000000
0.00000000
0.00000000
0.00000000
0.00000000
0.00000000
0.00000000
0.00000000
0.00000000
0.00000000
0.00000000
0.00000000
0.00000000
0.00000000
0.00000000
0.00000000
0.00000000
0.00000000
0.00000000
0.00000000
0.00000000
0.00000000
0.00000000
0.00000000
0.00000000
0.00000000
0.00000000
0.00000000
0.00000000
0.00000000
0.00000000
0.00000000
0.00000000
0.00000000
0.00000000
0.00000000
0.00000000
0.00000000
0.00000000
0.00000000
0.00000000
0.00000000
0.00000000
0.00000000
0.00000000
0.00000000
0.00000000
0.00000000
0.00000000
0.00000000
0.00000000
0.00000000
0.00000000
0.00959088
0.00968294
0.01015906
0.01026625
0.00993629
0.00985111
0.00861590
0.01007078
0.00994098
0.01048652
0.00958523
0.01056721
0.01000331
0.00998916
0.00961013
0.00995388
0.00989653
0.00866686
0.01057345
0.00988253
0.00999977
0.01028443
0.00842499
0.00964874
0.01008980
0.00867402
0.01061343
0.00998681
0.00882883
0.01049023
0.01013751
0.00878003
0.00936179
0.01055974
0.00985111
0.01017105
0.00967267
0.01046428
0.01062595
0.01026867
0.00981864
0.01056223
0.00855515
0.01039662
0.01044209
0.01022758
0.01000685
0.00945053
0.01080413
0.00919655
0.01100733
0.00905556
0.00956265
0.01082709
0.01013034
0.01030264
0.01046551
0.00983950
0.01056472
0.01036846
0.01107505
0.01056223
0.01032210
0.00997268
0.01042240
0.01003758
0.01045441
0.01069005
0.01059592
0.01052741
0.01005298
0.01073301
0.01010767
0.01038437
0.00915003
0.01019506
0.01077486
0.01085649
0.01059717
0.01021553
0.00915218
0.01073554
0.01043101
0.01126341
0.01021793
0.01112873
0.01038314
0.01033672
0.01007197
0.01060717
0.01051252
0.00908337
0.01124483
0.01058592
0.01067368
0.01084753
0.00882987
0.01000567
0.01031480
0.00000000
0.00000000
0.00000000
0.00000000
0.00000000
0.00000000
0.00000000
0.00000000
0.00000000
0.00000000
0.00000000
0.00000000
0.00000000
0.00000000
0.00000000
0.00000000
0.00000000
0.00000000
0.00000000
0.00000000
0.00000000
0.00000000
0.00000000
0.00000000
0.00000000
0.00000000
0.00000000
0.00000000
0.00000000
0.00000000
0.00000000
0.00000000
0.00000000
0.00000000
0.00000000
0.00000000
0.00000000
0.00000000
0.00000000
0.00000000
0.00000000
0.00000000
0.00000000
0.00000000
0.00000000
0.00000000
0.00000000
0.00000000
0.00000000
0.00000000
0.00000000
0.00000000
0.00000000
0.00000000
0.00000000
0.00000000
0.00000000
0.00000000
0.00000000
0.00000000
0.00000000
0.00000000
0.00000000
0.00000000
0.00000000
0.00000000
0.00000000
0.00000000
0.00000000
0.00000000
0.00000000
0.00000000
0.00000000
0.00000000
0.00000000
0.00000000
0.00000000
0.00000000
0.00000000
0.00000000
0.00000000
0.00000000
0.00000000
0.00000000
0.00000000
0.00000000
0.00000000
0.00000000
0.00000000
0.00000000
0.00000000
0.00000000
0.00000000
0.00000000
0.00000000
0.00000000
0.00000000
0.00000000
0.00000000
0.00000000
0.00000000
0.00000000
0.00000000
0.00000000
0.00000000
0.00000000
0.00000000
0.00000000
0.00000000
0.00000000
0.00000000
0.00000000
0.00000000
0.00000000
0.00000000
0.00000000
0.00000000
0.00000000
0.00000000
0.00000000
0.00000000
0.00000000
0.00000000
0.00000000
0.00000000
0.00000000
0.00000000
0.00000000
0.00000000
0.00000000
0.00000000
0.00000000
0.00000000
0.00000000
0.00000000
0.00000000
0.00000000
0.00000000
0.00000000
0.00000000
0.00000000
0.00000000
0.00000000
0.00000000
0.00000000
0.00000000
0.00000000
0.00000000
0.00000000
0.00000000
0.00000000
0.00000000
0.00000000
0.00000000
0.00000000
0.00000000
0.00000000
0.00249378
0.00504296
0.00504415
0.00558721
0.00532285
0.00429362
0.00327819
0.00543833
0.00487225
0.00631257
0.00546212
0.00546405
0.00452978
0.00493238
0.00500740
0.00552170
0.00597008
0.00379398
0.00644345
0.00626732
0.00678584
0.00612411
0.00403869
0.00608021
0.00615960
0.00499855
0.00651221
0.00713295
0.00300423
0.00699219
0.00697160
0.00376367
0.00477216
0.00667000
0.00666606
0.00866012
0.00666449
0.00693388
0.00808755
0.00929732
0.00766772
0.01141102
0.00685663
0.00918290
0.01011292
0.00867648
0.00939209
0.00719208
0.00962534
0.00392459
0.01060392
0.00403251
0.00547889
0.01140026
0.00943984
0.00927760
0.01295343
0.01076394
0.01170268
0.01132388
0.01052667
0.01114634
0.01284542
0.01057520
0.01257412
0.01211128
0.01099100
0.01562141
0.01426533
0.01462477
0.01295496
0.01550029
0.01030313
0.01857417
0.01215851
0.01096252
0.01533121
0.01584032
0.01726042
0.01051922
0.00910525
0.01641273
0.01163113
0.02212156
0.01608695
0.01382639
0.00869902
0.01067419
0.01428385
0.01882114
0.01848894
0.02107735
0.02128217
0.01889008
0.02031349
0.01568973
0.01425356
0.01616493
0.00795136
0.03112757
0.00000000
0.00000000
0.00000000
0.00000000
0.00000000
0.00000000
0.00000000
0.00000000
0.00000000
0.00000000
0.00000000
0.00000000
0.00000000
0.00000000
0.00000000
0.00000000
0.00000000
0.00000000
0.00000000
0.00000000
0.00000000
0.00000000
0.00000000
0.00000000
0.00000000
0.00000000
0.00000000
0.00000000
0.00000000
0.00000000
0.00000000
0.00000000
0.00000000
0.00000000
0.00000000
0.00000000
0.00000000
0.00000000
0.00000000
0.00000000
0.00000000
0.00000000
0.00000000
0.00000000
0.00000000
0.00000000
0.00000000
0.00000000
0.00000000
0.00000000
0.00000000
0.00000000
0.00000000
0.00000000
0.00000000
0.00000000
0.00000000
0.00000000
0.00000000
0.00000000
0.00000000
0.00000000
0.00000000
0.00000000
0.00000000
0.00000000
0.00000000
0.00000000
0.00000000
0.00000000
0.00000000
0.00000000
0.00000000
0.00000000
0.00000000
0.00000000
0.00000000
0.00000000
0.00000000
0.00000000
0.00000000
0.00000000
0.00000000
0.00000000
0.00000000
0.00000000
0.00000000
0.00000000
0.00000000
0.00000000
0.00000000
0.00000000
0.00000000
0.00000000
0.00000000
0.00000000
0.00000000
0.00000000
0.00000000
0.00000000
0.00000000
0.00000000
0.00000000
0.00000000
0.00000000
0.00000000
0.00000000
0.00000000
0.00000000
0.00000000
0.00000000
0.00000000
0.00000000
0.00000000
0.00000000
0.00000000
0.00000000
0.00000000
0.00000000
0.00000000
0.00000000
0.00000000
0.00000000
0.00000000
0.00000000
0.00000000
0.00000000
0.00000000
0.00000000
0.00000000
0.00000000
0.00000000
0.00000000
0.00000000
0.00000000
0.00000000
0.00000000
0.00000000
0.00000000
0.00000000
0.00000000
0.00000000
0.00000000
0.00000000
0.00000000
0.00000000
0.00000000
0.00000000
0.00000000
0.00000000
0.00000000
0.00000000
0.00000000
0.00000000
0.00000000
0.00000000
0.01014201
0.00963029
0.00965189
0.01000185
0.00986246
0.00972846
0.00843370
0.01002192
0.00970897
0.01031208
0.00964279
0.01038775
0.01010500
0.00992079
0.00949832
0.00991611
0.00986479
0.00833974
0.01031086
0.01010262
0.01002902
0.01051967
0.00875290
0.01013245
0.01034496
0.00864110
0.01091139
0.00993484
0.00823807
0.01045289
0.01014321
0.00874671
0.00923433
0.01046769
0.00964961
0.00990793
0.00945807
0.00997829
0.01033277
0.01011693
0.00963710
0.01037551
0.00905317
0.01021765
0.01019238
0.01012648
0.00979061
0.00919521
0.01060187
0.00893964
0.01059437
0.00867377
0.00927143
0.01050231
0.01020922
0.01028172
0.01040492
0.00996065
0.01018156
0.00991377
0.01035107
0.01014680
0.01025386
0.00979292
0.01040983
0.01005863
0.01031208
0.01056194
0.01032790
0.01016357
0.00978023
0.01015279
0.00972272
0.01027566
0.00943245
0.01000185
0.01017556
0.01017556
0.01008833
0.00977561
0.00935932
0.01019719
0.00973190
0.01035595
0.00963142
0.01029264
0.00985897
0.00980101
0.00964165
0.00989859
0.00976409
0.00924741
0.01026354
0.01001720
0.00992196
0.01024540
0.00929552
0.01002192
0.00994422
0.01028899
0.01056318
0.00000000
0.00000000
0.00000000
0.00000000
0.00000000
0.00000000
0.00000000
0.00000000
0.00000000
0.00000000
0.00000000
0.00000000
0.00000000
0.00000000
0.00000000
0.00000000
0.00000000
0.00000000
0.00000000
0.00000000
0.00000000
0.00000000
0.00000000
0.00000000
0.00000000
0.00000000
0.00000000
0.00000000
0.00000000
0.00000000
0.00000000
0.00000000
0.00000000
0.00000000
0.00000000
0.00000000
0.00000000
0.00000000
0.00000000
0.00000000
0.00000000
0.00000000
0.00000000
0.00000000
0.00000000
0.00000000
0.00000000
0.00000000
0.00000000
0.00000000
0.00000000
0.00000000
0.00000000
0.00000000
0.00000000
0.00000000
0.00000000
0.00000000
0.00000000
0.00000000
0.00000000
0.00000000
0.00000000
0.00000000
0.00000000
0.00000000
0.00000000
0.00000000
0.00000000
0.00000000
0.00000000
0.00000000
0.00000000
0.00000000
0.00000000
0.00000000
0.00000000
0.00000000
0.00000000
0.00000000
0.00000000
0.00000000
0.00000000
0.00000000
0.00000000
0.00000000
0.00000000
0.00000000
0.00000000
0.00000000
0.00000000
0.00000000
0.00000000
0.00000000
0.00000000
0.00000000
0.00000000
0.00000000
0.00000000
0.00000000
0.00000000
0.00000000
0.00000000
0.00000000
0.00000000
0.00000000
0.00000000
0.00000000
0.00000000
0.00000000
0.00000000
0.00000000
0.00000000
0.00000000
0.00000000
0.00000000
0.00000000
0.00000000
0.00000000
0.00000000
0.00000000
0.00000000
0.00000000
0.00000000
0.00000000
0.00000000
0.00000000
0.00000000
0.00000000
0.00000000
0.00000000
0.00000000
0.00000000
0.00000000
0.00000000
0.00000000
0.00000000
0.00000000
0.00000000
0.00000000
0.00000000
0.00000000
0.00000000
0.00000000
0.00000000
0.00000000
0.00000000
0.00000000
0.00000000
0.00000000
0.00000000
0.00000000
0.00000000
0.00000000
0.00000000
0.01114579
0.00972986
0.00982905
0.01028563
0.01004467
0.01018543
0.00855110
0.01036111
0.01016383
0.01072287
0.00963395
0.01105545
0.01067618
0.01030019
0.00958408
0.01018664
0.01008384
0.00837741
0.01091811
0.01026745
0.01012674
0.01094906
0.00844387
0.01012077
0.01076468
0.00815900
0.01151455
0.00980127
0.00805669
0.01081048
0.01036600
0.00893988
0.00943715
0.01097362
0.00967380
0.00987902
0.00942158
0.01036355
0.01069382
0.01009336
0.00959766
0.01033182
0.00849782
0.01019024
0.01004349
0.00993979
0.00936398
0.00869141
0.01078756
0.00922042
0.01081941
0.00880594
0.00935515
0.01053236
0.01005652
0.01040274
0.01018063
0.00962827
0.01001746
0.00961919
0.01057094
0.01006958
0.00997149
0.00955925
0.01024930
0.00967722
0.01031843
0.01033670
0.01009336
0.00978510
0.00920413
0.00976320
0.00946055
0.00968864
0.00898533
0.00991637
0.00994448
0.00983485
0.00947731
0.00949073
0.00884132
0.00978510
0.00953560
0.00987553
0.00890410
0.01022998
0.00991287
0.00963736
0.00905234
0.00927714
0.00911662
0.00790982
0.00995387
0.00954235
0.00941603
0.01005178
0.00835275
0.00936398
0.01018303
0.00868219
0.01031965
0.00888627
0.00000000
0.00000000
0.00000000
0.00000000
0.00000000
0.00000000
0.00000000
0.00000000
0.00000000
0.00000000
0.00000000
0.00000000
0.00000000
0.00000000
0.00000000
0.00000000
0.00000000
0.00000000
0.00000000
0.00000000
0.00000000
0.00000000
0.00000000
0.00000000
0.00000000
0.00000000
0.00000000
0.00000000
0.00000000
0.00000000
0.00000000
0.00000000
0.00000000
0.00000000
0.00000000
0.00000000
0.00000000
0.00000000
0.00000000
0.00000000
0.00000000
0.00000000
0.00000000
0.00000000
0.00000000
0.00000000
0.00000000
0.00000000
0.00000000
0.00000000
0.00000000
0.00000000
0.00000000
0.00000000
0.00000000
0.00000000
0.00000000
0.00000000
0.00000000
0.00000000
0.00000000
0.00000000
0.00000000
0.00000000
0.00000000
0.00000000
0.00000000
0.00000000
0.00000000
0.00000000
0.00000000
0.00000000
0.00000000
0.00000000
0.00000000
0.00000000
0.00000000
0.00000000
0.00000000
0.00000000
0.00000000
0.00000000
0.00000000
0.00000000
0.00000000
0.00000000
0.00000000
0.00000000
0.00000000
0.00000000
0.00000000
0.00000000
0.00000000
0.00000000
0.00000000
0.00000000
0.00000000
0.00000000
0.00000000
0.00000000
0.00000000
0.00000000
0.00000000
0.00000000
0.00000000
0.00000000
0.00000000
0.00000000
0.00000000
0.00000000
0.00000000
0.00000000
0.00000000
0.00000000
0.00000000
0.00000000
0.00000000
0.00000000
0.00000000
0.00000000
0.00000000
0.00000000
0.00000000
0.00000000
0.00000000
0.00000000
0.00000000
0.00000000
0.00000000
0.00000000
0.00000000
0.00000000
0.00000000
0.00000000
0.00000000
0.00000000
0.00000000
0.00000000
0.00000000
0.00000000
0.00000000
0.00000000
0.00000000
0.00000000
0.00000000
0.00000000
0.00000000
0.00000000
0.00000000
0.00000000
0.00000000
0.00000000
0.00000000
0.00000000
0.00247587
0.00473900
0.00594329
0.00614645
0.00569893
0.00459048
0.00285833
0.00507630
0.00422374
0.00623553
0.00532151
0.00539482
0.00427486
0.00488311
0.00515291
0.00549175
0.00570027
0.00349453
0.00581228
0.00561024
0.00623847
0.00564608
0.00333036
0.00532779
0.00489349
0.00401205
0.00599822
0.00745362
0.00480315
0.00710765
0.00666754
0.00303230
0.00385799
0.00633261
0.00625394
0.00832943
0.00662443
0.00670776
0.00774212
0.00826972
0.00663381
0.00988869
0.00433017
0.00819883
0.00958894
0.00908474
0.01030298
0.00854938
0.00924688
0.00352807
0.00971300
0.00345356
0.00509249
0.01046586
0.00838067
0.00804463
0.01070302
0.00834024
0.01043628
0.01137726
0.01066019
0.01147293
0.01205269
0.01054142
0.01138397
0.01104411
0.01028841
0.01391452
0.01209255
0.01391124
0.01339444
0.01621816
0.01132639
0.01683000
0.00816313
0.00909868
0.01301756
0.01521750
0.01726831
0.01110812
0.00850413
0.01513338
0.01060252
0.02123923
0.01580650
0.01375301
0.00871840
0.01056383
0.01408292
0.01906662
0.01892994
0.01990999
0.02028446
0.01778922
0.01920428
0.01470758
0.01342291
0.01381641
0.00727815
0.01423151
0.01704373
0.02366779
0.03012668
0.00000000
0.00000000
0.00000000
0.00000000
0.00000000
0.00000000
0.00000000
0.00000000
0.00000000
0.00000000
0.00000000
0.00000000
0.00000000
0.00000000
0.00000000
0.00000000
0.00000000
0.00000000
0.00000000
0.00000000
0.00000000
0.00000000
0.00000000
0.00000000
0.00000000
0.00000000
0.00000000
0.00000000
0.00000000
0.00000000
0.00000000
0.00000000
0.00000000
0.00000000
0.00000000
0.00000000
0.00000000
0.00000000
0.00000000
0.00000000
0.00000000
0.00000000
0.00000000
0.00000000
0.00000000
0.00000000
0.00000000
0.00000000
0.00000000
0.00000000
0.00000000
0.00000000
0.00000000
0.00000000
0.00000000
0.00000000
0.00000000
0.00000000
0.00000000
0.00000000
0.00000000
0.00000000
0.00000000
0.00000000
0.00000000
0.00000000
0.00000000
0.00000000
0.00000000
0.00000000
0.00000000
0.00000000
0.00000000
0.00000000
0.00000000
0.00000000
0.00000000
0.00000000
0.00000000
0.00000000
0.00000000
0.00000000
0.00000000
0.00000000
0.00000000
0.00000000
0.00000000
0.00000000
0.00000000
0.00000000
0.00000000
0.00000000
0.00000000
0.00000000
0.00000000
0.00000000
0.00000000
0.00000000
0.00000000
0.00000000
0.00000000
0.00000000
0.00000000
0.00000000
0.00000000
0.00000000
0.00000000
0.00000000
0.00000000
0.00000000
0.00000000
0.00000000
0.00000000
0.00000000
0.00000000
0.00000000
0.00000000
0.00000000
0.00000000
0.00000000
0.00000000
0.00000000
0.00000000
0.00000000
0.00000000
0.00000000
0.00000000
0.00000000
0.00000000
0.00000000
0.00000000
0.00000000
0.00000000
0.00000000
0.00000000
0.00000000
0.00000000
0.00000000
0.00000000
0.00000000
0.00000000
0.00000000
0.00000000
0.00000000
0.00000000
0.00000000
0.00000000
0.00000000
0.00000000
0.00000000
0.00000000
0.00000000
0.00000000
0.01010489
0.00969285
0.00976974
0.00987166
0.00948142
0.00939460
0.00802415
0.00993005
0.00980206
0.01020068
0.00921247
0.01030588
0.00993356
0.00978242
0.00925167
0.00967572
0.00952513
0.00788717
0.01028645
0.00987283
0.00990548
0.01033631
0.00805449
0.00966431
0.01009060
0.00851656
0.01069090
0.00965634
0.00777175
0.01012278
0.00971230
0.00820888
0.00911628
0.01043184
0.00960070
0.00966203
0.00910339
0.00982636
0.01029131
0.00994176
0.00935701
0.01006683
0.00825938
0.00996289
0.01003009
0.00986352
0.00940014
0.00853970
0.01033997
0.00838897
0.01050468
0.00883265
0.00925822
0.01030710
0.00973065
0.00982057
0.01006445
0.00965634
0.01021513
0.00978589
0.01040603
0.00989848
0.00992536
0.00943457
0.01014310
0.00966317
0.01006802
0.01015627
0.00996994
0.00990899
0.00939460
0.00982984
0.00912166
0.00963586
0.00834752
0.00971574
0.01020911
0.01011682
0.00977435
0.00944125
0.00841671
0.00992536
0.00965634
0.01026222
0.00936805
0.01023080
0.00967800
0.00949037
0.00924730
0.00966545
0.00950606
0.00844256
0.01014190
0.00973294
0.00979166
0.01015627
0.00873321
0.00958373
0.00964837
0.00893533
0.01045894
0.00974902
0.00890062
0.01002418
0.00000000
0.00000000
0.00000000
0.00000000
0.00000000
0.00000000
0.00000000
0.00000000
0.00000000
0.00000000
0.00000000
0.00000000
0.00000000
0.00000000
0.00000000
0.00000000
0.00000000
0.00000000
0.00000000
0.00000000
0.00000000
0.00000000
0.00000000
0.00000000
0.00000000
0.00000000
0.00000000
0.00000000
0.00000000
0.00000000
0.00000000
0.00000000
0.00000000
0.00000000
0.00000000
0.00000000
0.00000000
0.00000000
0.00000000
0.00000000
0.00000000
0.00000000
0.00000000
0.00000000
0.00000000
0.00000000
0.00000000
0.00000000
0.00000000
0.00000000
0.00000000
0.00000000
0.00000000
0.00000000
0.00000000
0.00000000
0.00000000
0.00000000
0.00000000
0.00000000
0.00000000
0.00000000
0.00000000
0.00000000
0.00000000
0.00000000
0.00000000
0.00000000
0.00000000
0.00000000
0.00000000
0.00000000
0.00000000
0.00000000
0.00000000
0.00000000
0.00000000
0.00000000
0.00000000
0.00000000
0.00000000
0.00000000
0.00000000
0.00000000
0.00000000
0.00000000
0.00000000
0.00000000
0.00000000
0.00000000
0.00000000
0.00000000
0.00000000
0.00000000
0.00000000
0.00000000
0.00000000
0.00000000
0.00000000
0.00000000
0.00000000
0.00000000
0.00000000
0.00000000
0.00000000
0.00000000
0.00000000
0.00000000
0.00000000
0.00000000
0.00000000
0.00000000
0.00000000
0.00000000
0.00000000
0.00000000
0.00000000
0.00000000
0.00000000
0.00000000
0.00000000
0.00000000
0.00000000
0.00000000
0.00000000
0.00000000
0.00000000
0.00000000
0.00000000
0.00000000
0.00000000
0.00000000
0.00000000
0.00000000
0.00000000
0.00000000
0.00000000
0.00000000
0.00000000
0.00000000
0.00000000
0.00000000
0.00000000
0.00000000
0.00000000
0.00000000
0.00000000
0.00000000
0.00000000
0.00000000
0.00000000
0.00000000
0.00964308
0.00926625
0.00948293
0.00969554
0.00929470
0.00916517
0.00745251
0.00955704
0.00939388
0.00996918
0.00898537
0.01002105
0.00962604
0.00948182
0.00898961
0.00942273
0.00931116
0.00745691
0.00997036
0.00958525
0.00968982
0.01011604
0.00788563
0.00942607
0.00980362
0.00781711
0.01054110
0.00955253
0.00772091
0.01008745
0.00960902
0.00776840
0.00866688
0.01025176
0.00942273
0.00960789
0.00897583
0.00958865
0.01015788
0.00980015
0.00920959
0.01005775
0.00791918
0.00979900
0.00990005
0.00983837
0.00948741
0.00866279
0.01035382
0.00801880
0.01042120
0.00828314
0.00903424
0.01036115
0.00972875
0.00981172
0.01000452
0.00947399
0.01011485
0.00980131
0.01036482
0.00992460
0.00998330
0.00947623
0.01023847
0.00976554
0.01012440
0.01032943
0.01002105
0.00994218
0.00949524
0.01004827
0.00937728
0.00989539
0.00841309
0.00958752
0.01018908
0.01021796
0.01003051
0.00957283
0.00863322
0.01001278
0.00948629
0.01046677
0.00948405
0.01031361
0.00958073
0.00943830
0.00930348
0.00981056
0.00966699
0.00870581
0.01025055
0.00979668
0.00976784
0.01016268
0.00885805
0.00957170
0.00952328
0.00885179
0.01047665
0.00969668
0.00890624
0.01006012
0.00963626
0.00000000
0.00000000
0.00000000
0.00000000
0.00000000
0.00000000
0.00000000
0.00000000
0.00000000
0.00000000
0.00000000
0.00000000
0.00000000
0.00000000
0.00000000
0.00000000
0.00000000
0.00000000
0.00000000
0.00000000
0.00000000
0.00000000
0.00000000
0.00000000
0.00000000
0.00000000
0.00000000
0.00000000
0.00000000
0.00000000
0.00000000
0.00000000
0.00000000
0.00000000
0.00000000
0.00000000
0.00000000
0.00000000
0.00000000
0.00000000
0.00000000
0.00000000
0.00000000
0.00000000
0.00000000
0.00000000
0.00000000
0.00000000
0.00000000
0.00000000
0.00000000
0.00000000
0.00000000
0.00000000
0.00000000
0.00000000
0.00000000
0.00000000
0.00000000
0.00000000
0.00000000
0.00000000
0.00000000
0.00000000
0.00000000
0.00000000
0.00000000
0.00000000
0.00000000
0.00000000
0.00000000
0.00000000
0.00000000
0.00000000
0.00000000
0.00000000
0.00000000
0.00000000
0.00000000
0.00000000
0.00000000
0.00000000
0.00000000
0.00000000
0.00000000
0.00000000
0.00000000
0.00000000
0.00000000
0.00000000
0.00000000
0.00000000
0.00000000
0.00000000
0.00000000
0.00000000
0.00000000
0.00000000
0.00000000
0.00000000
0.00000000
0.00000000
0.00000000
0.00000000
0.00000000
0.00000000
0.00000000
0.00000000
0.00000000
0.00000000
0.00000000
0.00000000
0.00000000
0.00000000
0.00000000
0.00000000
0.00000000
0.00000000
0.00000000
0.00000000
0.00000000
0.00000000
0.00000000
0.00000000
0.00000000
0.00000000
0.00000000
0.00000000
0.00000000
0.00000000
0.00000000
0.00000000
0.00000000
0.00000000
0.00000000
0.00000000
0.00000000
0.00000000
0.00000000
0.00000000
0.00000000
0.00000000
0.00000000
0.00000000
0.00000000
0.00000000
0.00000000
0.00000000
0.00000000
0.00000000
0.00000000
0.00240555
0.00390270
0.00475282
0.00548960
0.00586716
0.00497771
0.00508510
0.00547150
0.00465079
0.00607918
0.00478996
0.00519053
0.00389810
0.00445747
0.00490139
0.00546763
0.00574596
0.00416374
0.00577858
0.00537176
0.00564188
0.00524778
0.00303470
0.00487775
0.00484393
0.00337293
0.00566855
0.00639467
0.00386696
0.00681355
0.00715279
0.00484507
0.00471375
0.00602920
0.00557573
0.00740428
0.00588865
0.00638864
0.00733216
0.00791353
0.00664531
0.00917376
0.00381487
0.00727960
0.00831048
0.00802348
0.00889358
0.00808713
0.00914783
0.00547990
0.00990466
0.00402517
0.00475394
0.00948735
0.00769813
0.00786979
0.01005769
0.00763934
0.00818790
0.00914352
0.00911552
0.01041867
0.01107631
0.01072411
0.01105934
0.01056219
0.01023719
0.01294818
0.01013269
0.01198420
0.01144683
0.01436080
0.01051620
0.01613742
0.01102678
0.00973328
0.01195879
0.01347634
0.01474002
0.00964984
0.00810527
0.01511677
0.01163053
0.02014306
0.01425954
0.01291920
0.00830264
0.01033424
0.01373953
0.01886683
0.01869187
0.01707931
0.01988343
0.01831869
0.01947957
0.01464299
0.01260019
0.01293292
0.00805667
0.01350816
0.01578915
0.01909066
0.01374925
0.01649922
0.02067984
0.02919861
0.00000000
0.00000000
0.00000000
0.00000000
0.00000000
0.00000000
0.00000000
0.00000000
0.00000000
0.00000000
0.00000000
0.00000000
0.00000000
0.00000000
0.00000000
0.00000000
0.00000000
0.00000000
0.00000000
0.00000000
0.00000000
0.00000000
0.00000000
0.00000000
0.00000000
0.00000000
0.00000000
0.00000000
0.00000000
0.00000000
0.00000000
0.00000000
0.00000000
0.00000000
0.00000000
0.00000000
0.00000000
0.00000000
0.00000000
0.00000000
0.00000000
0.00000000
0.00000000
0.00000000
0.00000000
0.00000000
0.00000000
0.00000000
0.00000000
0.00000000
0.00000000
0.00000000
0.00000000
0.00000000
0.00000000
0.00000000
0.00000000
0.00000000
0.00000000
0.00000000
0.00000000
0.00000000
0.00000000
0.00000000
0.00000000
0.00000000
0.00000000
0.00000000
0.00000000
0.00000000
0.00000000
0.00000000
0.00000000
0.00000000
0.00000000
0.00000000
0.00000000
0.00000000
0.00000000
0.00000000
0.00000000
0.00000000
0.00000000
0.00000000
0.00000000
0.00000000
0.00000000
0.00000000
0.00000000
0.00000000
0.00000000
0.00000000
0.00000000
0.00000000
0.00000000
0.00000000
0.00000000
0.00000000
0.00000000
0.00000000
0.00000000
0.00000000
0.00000000
0.00000000
0.00000000
0.00000000
0.00000000
0.00000000
0.00000000
0.00000000
0.00000000
0.00000000
0.00000000
0.00000000
0.00000000
0.00000000
0.00000000
0.00000000
0.00000000
0.00000000
0.00000000
0.00000000
0.00000000
0.00000000
0.00000000
0.00000000
0.00000000
0.00000000
0.00000000
0.00000000
0.00000000
0.00000000
0.00000000
0.00000000
0.00000000
0.00000000
0.00000000
0.00000000
0.00000000
0.00000000
0.00000000
0.00000000
0.00000000
0.00000000
0.00000000
0.00000000
0.00000000
0.00000000
0.00000000
0.00000000
0.00427584
0.00564405
0.00625095
0.00681617
0.00686296
0.00613193
0.00587912
0.00709086
0.00662986
0.00760900
0.00625021
0.00690192
0.00567743
0.00605504
0.00626128
0.00688079
0.00701765
0.00521524
0.00737662
0.00684921
0.00712607
0.00691088
0.00432912
0.00628273
0.00653438
0.00472168
0.00729960
0.00742988
0.00471000
0.00785983
0.00794744
0.00583078
0.00630723
0.00764318
0.00721146
0.00833724
0.00688891
0.00744918
0.00849606
0.00878648
0.00774481
0.00970263
0.00516322
0.00830780
0.00900786
0.00864055
0.00893275
0.00785612
0.00973473
0.00626202
0.01046826
0.00594816
0.00661346
0.01018933
0.00856648
0.00869884
0.01023147
0.00851210
0.00916863
0.00953587
0.00989563
0.01019774
0.01064379
0.01001775
0.01100503
0.01051652
0.01046086
0.01215825
0.01038342
0.01138793
0.01066515
0.01262885
0.00974507
0.01327327
0.00964673
0.00997413
0.01185105
0.01252945
0.01272753
0.00960472
0.00747382
0.01294552
0.01098688
0.01604871
0.01251911
0.01227061
0.00906114
0.01013779
0.01181198
0.01498588
0.01487845
0.01263034
0.01591865
0.01481717
0.01544158
0.01337226
0.01075991
0.01183848
0.00891907
0.01114479
0.01385548
0.01465208
0.01081079
0.01349584
0.01464863
0.01436633
0.01583252
0.00000000
0.00000000
0.00000000
0.00000000
0.00000000
0.00000000
0.00000000
0.00000000
0.00000000
0.00000000
0.00000000
0.00000000
0.00000000
0.00000000
0.00000000
0.00000000
0.00000000
0.00000000
0.00000000
0.00000000
0.00000000
0.00000000
0.00000000
0.00000000
0.00000000
0.00000000
0.00000000
0.00000000
0.00000000
0.00000000
0.00000000
0.00000000
0.00000000
0.00000000
0.00000000
0.00000000
0.00000000
0.00000000
0.00000000
0.00000000
0.00000000
0.00000000
0.00000000
0.00000000
0.00000000
0.00000000
0.00000000
0.00000000
0.00000000
0.00000000
0.00000000
0.00000000
0.00000000
0.00000000
0.00000000
0.00000000
0.00000000
0.00000000
0.00000000
0.00000000
0.00000000
0.00000000
0.00000000
0.00000000
0.00000000
0.00000000
0.00000000
0.00000000
0.00000000
0.00000000
0.00000000
0.00000000
0.00000000
0.00000000
0.00000000
0.00000000
0.00000000
0.00000000
0.00000000
0.00000000
0.00000000
0.00000000
0.00000000
0.00000000
0.00000000
0.00000000
0.00000000
0.00000000
0.00000000
0.00000000
0.00000000
0.00000000
0.00000000
0.00000000
0.00000000
0.00000000
0.00000000
0.00000000
0.00000000
0.00000000
0.00000000
0.00000000
0.00000000
0.00000000
0.00000000
0.00000000
0.00000000
0.00000000
0.00000000
0.00000000
0.00000000
0.00000000
0.00000000
0.00000000
0.00000000
0.00000000
0.00000000
0.00000000
0.00000000
0.00000000
0.00000000
0.00000000
0.00000000
0.00000000
0.00000000
0.00000000
0.00000000
0.00000000
0.00000000
0.00000000
0.00000000
0.00000000
0.00000000
0.00000000
0.00000000
0.00000000
0.00000000
0.00000000
0.00000000
0.00000000
0.00000000
0.00000000
0.00000000
0.00000000
0.00000000
0.00000000
0.00000000
0.00000000
0.00000000
0.00941599
0.00911443
0.00912304
0.00923998
0.00917375
0.00928039
0.00885276
0.00925525
0.00922365
0.00931328
0.00906298
0.00943266
0.00946163
0.00940157
0.00911873
0.00914782
0.00912950
0.00854502
0.00942488
0.00931878
0.00934409
0.00946386
0.00878619
0.00933197
0.00953107
0.00888728
0.00963959
0.00929024
0.00867397
0.00950749
0.00939159
0.00892825
0.00909511
0.00953782
0.00915537
0.00928258
0.00921821
0.00950077
0.00953782
0.00940157
0.00920626
0.00941377
0.00884650
0.00942822
0.00942933
0.00942599
0.00929463
0.00906298
0.00960102
0.00915537
0.00959649
0.00909296
0.00924761
0.00955245
0.00940378
0.00945940
0.00944602
0.00935511
0.00938052
0.00920843
0.00935732
0.00929353
0.00938716
0.00935953
0.00947056
0.00927711
0.00935953
0.00947280
0.00953557
0.00938052
0.00925962
0.00929901
0.00929463
0.00933527
0.00930999
0.00929134
0.00938163
0.00929024
0.00928805
0.00914242
0.00953107
0.00939049
0.00919649
0.00937057
0.00906191
0.00933197
0.00912304
0.00911228
0.00914135
0.00915645
0.00902352
0.00904803
0.00923562
0.00916401
0.00913488
0.00920518
0.00933307
0.00905764
0.00904163
0.00940489
0.00928039
0.00904057
0.00907582
0.00908331
0.00902139
0.00919433
0.00916834
0.00913811
0.00000000
0.00000000
0.00000000
0.00000000
0.00000000
0.00000000
0.00000000
0.00000000
0.00000000
0.00000000
0.00000000
0.00000000
0.00000000
0.00000000
0.00000000
0.00000000
0.00000000
0.00000000
0.00000000
0.00000000
0.00000000
0.00000000
0.00000000
0.00000000
0.00000000
0.00000000
0.00000000
0.00000000
0.00000000
0.00000000
0.00000000
0.00000000
0.00000000
0.00000000
0.00000000
0.00000000
0.00000000
0.00000000
0.00000000
0.00000000
0.00000000
0.00000000
0.00000000
0.00000000
0.00000000
0.00000000
0.00000000
0.00000000
0.00000000
0.00000000
0.00000000
0.00000000
0.00000000
0.00000000
0.00000000
0.00000000
0.00000000
0.00000000
0.00000000
0.00000000
0.00000000
0.00000000
0.00000000
0.00000000
0.00000000
0.00000000
0.00000000
0.00000000
0.00000000
0.00000000
0.00000000
0.00000000
0.00000000
0.00000000
0.00000000
0.00000000
0.00000000
0.00000000
0.00000000
0.00000000
0.00000000
0.00000000
0.00000000
0.00000000
0.00000000
0.00000000
0.00000000
0.00000000
0.00000000
0.00000000
0.00000000
0.00000000
0.00000000
0.00000000
0.00000000
0.00000000
0.00000000
0.00000000
0.00000000
0.00000000
0.00000000
0.00000000
0.00000000
0.00000000
0.00000000
0.00000000
0.00000000
0.00000000
0.00000000
0.00000000
0.00000000
0.00000000
0.00000000
0.00000000
0.00000000
0.00000000
0.00000000
0.00000000
0.00000000
0.00000000
0.00000000
0.00000000
0.00000000
0.00000000
0.00000000
0.00000000
0.00000000
0.00000000
0.00000000
0.00000000
0.00000000
0.00000000
0.00000000
0.00000000
0.00000000
0.00000000
0.00000000
0.00000000
0.00000000
0.00000000
0.00000000
0.00000000
0.00000000
0.00000000
0.00000000
0.00000000
0.00000000
0.00000000
0.00866631
0.00859304
0.00906674
0.00927657
0.00890881
0.00878362
0.00711619
0.00887630
0.00859709
0.00939438
0.00846429
0.00950919
0.00896996
0.00888153
0.00841750
0.00881683
0.00877637
0.00717942
0.00946221
0.00885852
0.00896255
0.00936893
0.00731963
0.00872786
0.00916133
0.00730669
0.00975224
0.00892669
0.00748461
0.00952715
0.00906460
0.00716250
0.00781476
0.00955641
0.00868985
0.00915053
0.00858595
0.00937556
0.00969147
0.00932044
0.00874434
0.00971321
0.00743447
0.00943546
0.00953165
0.00929081
0.00902726
0.00837196
0.00988424
0.00761371
0.01004287
0.00734384
0.00817295
0.00992513
0.00928752
0.00953614
0.00973271
0.00892669
0.00970405
0.00959707
0.01036903
0.00995561
0.00974075
0.00917863
0.00977873
0.00933584
0.00981107
0.01010823
0.00973500
0.00977181
0.00921225
0.00998971
0.00917430
0.00971321
0.00788884
0.00921768
0.00978450
0.01002985
0.00986444
0.00943991
0.00830411
0.00996148
0.00945328
0.01052426
0.00934906
0.01034216
0.00955641
0.00954740
0.00924708
0.00980413
0.00970405
0.00829432
0.01060275
0.00993567
0.01003222
0.01024021
0.00820385
0.00954402
0.00954177
0.00827576
0.01076275
0.00990174
0.00839668
0.01038617
0.01006065
0.00865202
0.00907637
0.01016681
0.00915269
0.00000000
0.00000000
0.00000000
0.00000000
0.00000000
0.00000000
0.00000000
0.00000000
0.00000000
0.00000000
0.00000000
0.00000000
0.00000000
0.00000000
0.00000000
0.00000000
0.00000000
0.00000000
0.00000000
0.00000000
0.00000000
0.00000000
0.00000000
0.00000000
0.00000000
0.00000000
0.00000000
0.00000000
0.00000000
0.00000000
0.00000000
0.00000000
0.00000000
0.00000000
0.00000000
0.00000000
0.00000000
0.00000000
0.00000000
0.00000000
0.00000000
0.00000000
0.00000000
0.00000000
0.00000000
0.00000000
0.00000000
0.00000000
0.00000000
0.00000000
0.00000000
0.00000000
0.00000000
0.00000000
0.00000000
0.00000000
0.00000000
0.00000000
0.00000000
0.00000000
0.00000000
0.00000000
0.00000000
0.00000000
0.00000000
0.00000000
0.00000000
0.00000000
0.00000000
0.00000000
0.00000000
0.00000000
0.00000000
0.00000000
0.00000000
0.00000000
0.00000000
0.00000000
0.00000000
0.00000000
0.00000000
0.00000000
0.00000000
0.00000000
0.00000000
0.00000000
0.00000000
0.00000000
0.00000000
0.00000000
0.00000000
0.00000000
0.00000000
0.00000000
0.00000000
0.00000000
0.00000000
0.00000000
0.00000000
0.00000000
0.00000000
0.00000000
0.00000000
0.00000000
0.00000000
0.00000000
0.00000000
0.00000000
0.00000000
0.00000000
0.00000000
0.00000000
0.00000000
0.00000000
0.00000000
0.00000000
0.00000000
0.00000000
0.00000000
0.00000000
0.00000000
0.00000000
0.00000000
0.00000000
0.00000000
0.00000000
0.00000000
0.00000000
0.00000000
0.00000000
0.00000000
0.00000000
0.00000000
0.00000000
0.00000000
0.00000000
0.00000000
0.00000000
0.00000000
0.00000000
0.00000000
0.00000000
0.00000000
0.00000000
0.00000000
0.00000000
0.00000000
0.00960080
0.00878807
0.00913791
0.00941245
0.00904570
0.00906064
0.00743648
0.00928128
0.00901587
0.00959627
0.00825071
0.00982531
0.00931197
0.00921040
0.00851264
0.00885152
0.00866662
0.00666713
0.00959401
0.00897450
0.00904890
0.00966898
0.00694563
0.00887765
0.00955562
0.00727256
0.01027929
0.00901800
0.00707877
0.00981257
0.00927580
0.00734150
0.00808598
0.01001247
0.00861973
0.00889757
0.00824098
0.00935601
0.00995830
0.00943913
0.00871171
0.00957705
0.00672319
0.00936042
0.00948824
0.00936594
0.00883170
0.00799873
0.01005507
0.00761846
0.01025386
0.00742859
0.00810890
0.00986246
0.00917246
0.00952861
0.00967582
0.00895019
0.00962120
0.00930868
0.01026596
0.00977792
0.00962461
0.00918545
0.00990209
0.00926815
0.00991377
0.00998064
0.00946588
0.00963028
0.00907241
0.00981836
0.00898933
0.00947370
0.00757010
0.00933176
0.00969638
0.00987061
0.00954210
0.00910349
0.00778559
0.00991377
0.00951401
0.01034130
0.00891648
0.01019839
0.00940801
0.00924740
0.00893542
0.00938806
0.00912714
0.00739887
0.00994070
0.00934718
0.00940690
0.00991027
0.00790961
0.00906278
0.00943357
0.00780122
0.01048746
0.00933947
0.00781042
0.00997123
0.00956125
0.00825266
0.00896921
0.01015039
0.00913468
0.00918653
0.00000000
0.00000000
0.00000000
0.00000000
0.00000000
0.00000000
0.00000000
0.00000000
0.00000000
0.00000000
0.00000000
0.00000000
0.00000000
0.00000000
0.00000000
0.00000000
0.00000000
0.00000000
0.00000000
0.00000000
0.00000000
0.00000000
0.00000000
0.00000000
0.00000000
0.00000000
0.00000000
0.00000000
0.00000000
0.00000000
0.00000000
0.00000000
0.00000000
0.00000000
0.00000000
0.00000000
0.00000000
0.00000000
0.00000000
0.00000000
0.00000000
0.00000000
0.00000000
0.00000000
0.00000000
0.00000000
0.00000000
0.00000000
0.00000000
0.00000000
0.00000000
0.00000000
0.00000000
0.00000000
0.00000000
0.00000000
0.00000000
0.00000000
0.00000000
0.00000000
0.00000000
0.00000000
0.00000000
0.00000000
0.00000000
0.00000000
0.00000000
0.00000000
0.00000000
0.00000000
0.00000000
0.00000000
0.00000000
0.00000000
0.00000000
0.00000000
0.00000000
0.00000000
0.00000000
0.00000000
0.00000000
0.00000000
0.00000000
0.00000000
0.00000000
0.00000000
0.00000000
0.00000000
0.00000000
0.00000000
0.00000000
0.00000000
0.00000000
0.00000000
0.00000000
0.00000000
0.00000000
0.00000000
0.00000000
0.00000000
0.00000000
0.00000000
0.00000000
0.00000000
0.00000000
0.00000000
0.00000000
0.00000000
0.00000000
0.00000000
0.00000000
0.00000000
0.00000000
0.00000000
0.00000000
0.00000000
0.00000000
0.00000000
0.00000000
0.00000000
0.00000000
0.00000000
0.00000000
0.00000000
0.00000000
0.00000000
0.00000000
0.00000000
0.00000000
0.00000000
0.00000000
0.00000000
0.00000000
0.00000000
0.00000000
0.00000000
0.00000000
0.00000000
0.00000000
0.00000000
0.00000000
0.00000000
0.00000000
0.00000000
0.00000000
0.00000000
0.00701563
0.00733459
0.00786219
0.00821287
0.00785756
0.00751319
0.00587257
0.00802425
0.00766535
0.00867379
0.00770341
0.00862381
0.00788727
0.00782612
0.00740499
0.00790403
0.00791336
0.00593244
0.00863704
0.00802993
0.00823323
0.00843571
0.00605258
0.00766083
0.00818193
0.00583185
0.00880988
0.00807838
0.00596190
0.00876118
0.00836635
0.00598868
0.00679495
0.00886616
0.00812328
0.00887035
0.00796016
0.00860451
0.00926161
0.00881611
0.00798272
0.00946702
0.00614827
0.00888081
0.00917248
0.00873951
0.00855796
0.00763737
0.00961555
0.00626169
0.01001131
0.00637570
0.00748136
0.00999716
0.00902228
0.00944360
0.00974455
0.00849561
0.00914440
0.00929663
0.01030845
0.00996655
0.00976411
0.00897770
0.00993135
0.00952077
0.00994659
0.01076696
0.01007765
0.01033889
0.00951179
0.01073653
0.00901802
0.01052714
0.00742861
0.00919631
0.01030723
0.01081787
0.01073653
0.00968498
0.00768435
0.01067340
0.00962690
0.01200091
0.01002076
0.01104606
0.00954663
0.00982649
0.00983693
0.01103695
0.01090240
0.00865540
0.01210040
0.01131771
0.01151427
0.01134979
0.00852773
0.01026478
0.00943359
0.00869325
0.01186861
0.01097465
0.00866050
0.01118502
0.01098760
0.00896183
0.00981838
0.01080894
0.00990211
0.01147090
0.01070871
0.00000000
0.00000000
0.00000000
0.00000000
0.00000000
0.00000000
0.00000000
0.00000000
0.00000000
0.00000000
0.00000000
0.00000000
0.00000000
0.00000000
0.00000000
0.00000000
0.00000000
0.00000000
0.00000000
0.00000000
0.00000000
0.00000000
0.00000000
0.00000000
0.00000000
0.00000000
0.00000000
0.00000000
0.00000000
0.00000000
0.00000000
0.00000000
0.00000000
0.00000000
0.00000000
0.00000000
0.00000000
0.00000000
0.00000000
0.00000000
0.00000000
0.00000000
0.00000000
0.00000000
0.00000000
0.00000000
0.00000000
0.00000000
0.00000000
0.00000000
0.00000000
0.00000000
0.00000000
0.00000000
0.00000000
0.00000000
0.00000000
0.00000000
0.00000000
0.00000000
0.00000000
0.00000000
0.00000000
0.00000000
0.00000000
0.00000000
0.00000000
0.00000000
0.00000000
0.00000000
0.00000000
0.00000000
0.00000000
0.00000000
0.00000000
0.00000000
0.00000000
0.00000000
0.00000000
0.00000000
0.00000000
0.00000000
0.00000000
0.00000000
0.00000000
0.00000000
0.00000000
0.00000000
0.00000000
0.00000000
0.00000000
0.00000000
0.00000000
0.00000000
0.00000000
0.00000000
0.00000000
0.00000000
0.00000000
0.00000000
0.00000000
0.00000000
0.00000000
0.00000000
0.00000000
0.00000000
0.00000000
0.00000000
0.00000000
0.00000000
0.00000000
0.00000000
0.00000000
0.00000000
0.00000000
0.00000000
0.00000000
0.00000000
0.00000000
0.00000000
0.00000000
0.00000000
0.00000000
0.00000000
0.00000000
0.00000000
0.00000000
0.00000000
0.00000000
0.00000000
0.00000000
0.00000000
0.00000000
0.00000000
0.00000000
0.00000000
0.00000000
0.00000000
0.00000000
0.00000000
0.00000000
0.00000000
0.00000000
0.00000000
0.00000000
0.00667894
0.00746109
0.00761847
0.00793953
0.00778928
0.00752205
0.00681340
0.00799685
0.00780583
0.00836043
0.00762477
0.00807742
0.00752915
0.00776543
0.00780491
0.00807170
0.00808886
0.00673908
0.00826533
0.00808600
0.00824294
0.00824780
0.00660220
0.00782426
0.00795640
0.00680457
0.00847659
0.00833286
0.00668131
0.00853074
0.00845662
0.00712317
0.00763376
0.00846859
0.00819738
0.00866458
0.00800912
0.00832795
0.00880883
0.00899252
0.00850663
0.00932738
0.00723322
0.00864111
0.00898722
0.00891544
0.00901589
0.00838215
0.00931858
0.00750699
0.00952076
0.00752205
0.00800723
0.00956014
0.00885466
0.00879741
0.00954549
0.00899995
0.00936154
0.00917788
0.00925069
0.00921041
0.00957707
0.00920173
0.00966671
0.00935933
0.00936154
0.00999951
0.00946701
0.00969640
0.00946478
0.01010144
0.00925178
0.01024179
0.00914331
0.00912285
0.00985899
0.01001131
0.01004442
0.00893965
0.00840987
0.01001131
0.00932738
0.01092943
0.00981722
0.00985434
0.00862584
0.00895865
0.00961101
0.01055946
0.01052713
0.01021525
0.01084469
0.01044551
0.01059189
0.01016598
0.00956578
0.00968611
0.00862177
0.00978139
0.01035108
0.01052713
0.00980218
0.01018038
0.01032913
0.01000658
0.01032791
0.00974455
0.00984272
0.01074032
0.01018278
0.01084213
0.00000000
0.00000000
0.00000000
0.00000000
0.00000000
0.00000000
0.00000000
0.00000000
0.00000000
0.00000000
0.00000000
0.00000000
0.00000000
0.00000000
0.00000000
0.00000000
0.00000000
0.00000000
0.00000000
0.00000000
0.00000000
0.00000000
0.00000000
0.00000000
0.00000000
0.00000000
0.00000000
0.00000000
0.00000000
0.00000000
0.00000000
0.00000000
0.00000000
0.00000000
0.00000000
0.00000000
0.00000000
0.00000000
0.00000000
0.00000000
0.00000000
0.00000000
0.00000000
0.00000000
0.00000000
0.00000000
0.00000000
0.00000000
0.00000000
0.00000000
0.00000000
0.00000000
0.00000000
0.00000000
0.00000000
0.00000000
0.00000000
0.00000000
0.00000000
0.00000000
0.00000000
0.00000000
0.00000000
0.00000000
0.00000000
0.00000000
0.00000000
0.00000000
0.00000000
0.00000000
0.00000000
0.00000000
0.00000000
0.00000000
0.00000000
0.00000000
0.00000000
0.00000000
0.00000000
0.00000000
0.00000000
0.00000000
0.00000000
0.00000000
0.00000000
0.00000000
0.00000000
0.00000000
0.00000000
0.00000000
0.00000000
0.00000000
0.00000000
0.00000000
0.00000000
0.00000000
0.00000000
0.00000000
0.00000000
0.00000000
0.00000000
0.00000000
0.00000000
0.00000000
0.00000000
0.00000000
0.00000000
0.00000000
0.00000000
0.00000000
0.00000000
0.00000000
0.00000000
0.00000000
0.00000000
0.00000000
0.00000000
0.00000000
0.00000000
0.00000000
0.00000000
0.00000000
0.00000000
0.00000000
0.00000000
0.00000000
0.00000000
0.00000000
0.00000000
0.00000000
0.00000000
0.00000000
0.00000000
0.00000000
0.00000000
0.00000000
0.00000000
0.00000000
0.00000000
0.00000000
0.00000000
0.00000000
0.00000000
0.00000000
0.00852457
0.00817504
0.00849747
0.00874451
0.00842065
0.00821951
0.00674931
0.00869310
0.00847645
0.00911302
0.00818758
0.00913023
0.00859523
0.00837312
0.00797506
0.00839091
0.00831310
0.00665289
0.00891003
0.00838992
0.00845448
0.00890898
0.00678362
0.00825253
0.00877965
0.00678122
0.00930086
0.00845349
0.00683260
0.00908190
0.00869105
0.00684228
0.00762554
0.00930415
0.00858409
0.00887752
0.00817504
0.00869515
0.00932612
0.00893318
0.00832978
0.00933272
0.00694553
0.00897225
0.00907762
0.00887438
0.00854168
0.00778823
0.00954083
0.00709204
0.00972028
0.00722713
0.00800899
0.00959047
0.00894161
0.00919832
0.00929866
0.00853563
0.00910442
0.00908726
0.00988910
0.00947803
0.00933823
0.00871466
0.00954308
0.00917881
0.00963809
0.00990661
0.00935918
0.00944455
0.00885765
0.00961312
0.00864403
0.00944455
0.00745305
0.00898602
0.00951836
0.00976970
0.00956900
0.00910872
0.00753791
0.00965744
0.00906692
0.01033993
0.00919832
0.01008342
0.00931183
0.00919398
0.00897754
0.00962673
0.00950153
0.00802885
0.01024162
0.00972143
0.00970882
0.01001586
0.00799672
0.00928442
0.00918206
0.00820498
0.01038515
0.00950377
0.00817986
0.00993235
0.00963923
0.00814232
0.00878793
0.00994876
0.00922222
0.00985534
0.00938128
0.01026581
0.00999816
0.00000000
0.00000000
0.00000000
0.00000000
0.00000000
0.00000000
0.00000000
0.00000000
0.00000000
0.00000000
0.00000000
0.00000000
0.00000000
0.00000000
0.00000000
0.00000000
0.00000000
0.00000000
0.00000000
0.00000000
0.00000000
0.00000000
0.00000000
0.00000000
0.00000000
0.00000000
0.00000000
0.00000000
0.00000000
0.00000000
0.00000000
0.00000000
0.00000000
0.00000000
0.00000000
0.00000000
0.00000000
0.00000000
0.00000000
0.00000000
0.00000000
0.00000000
0.00000000
0.00000000
0.00000000
0.00000000
0.00000000
0.00000000
0.00000000
0.00000000
0.00000000
0.00000000
0.00000000
0.00000000
0.00000000
0.00000000
0.00000000
0.00000000
0.00000000
0.00000000
0.00000000
0.00000000
0.00000000
0.00000000
0.00000000
0.00000000
0.00000000
0.00000000
0.00000000
0.00000000
0.00000000
0.00000000
0.00000000
0.00000000
0.00000000
0.00000000
0.00000000
0.00000000
0.00000000
0.00000000
0.00000000
0.00000000
0.00000000
0.00000000
0.00000000
0.00000000
0.00000000
0.00000000
0.00000000
0.00000000
0.00000000
0.00000000
0.00000000
0.00000000
0.00000000
0.00000000
0.00000000
0.00000000
0.00000000
0.00000000
0.00000000
0.00000000
0.00000000
0.00000000
0.00000000
0.00000000
0.00000000
0.00000000
0.00000000
0.00000000
0.00000000
0.00000000
0.00000000
0.00000000
0.00000000
0.00000000
0.00000000
0.00000000
0.00000000
0.00000000
0.00000000
0.00000000
0.00000000
0.00000000
0.00000000
0.00000000
0.00000000
0.00000000
0.00000000
0.00000000
0.00000000
0.00000000
0.00000000
0.00000000
0.00000000
0.00000000
0.00000000
0.00000000
0.00000000
0.00000000
0.00000000
0.00000000
0.00000000
0.00875785
0.00823399
0.00853556
0.00879408
0.00849138
0.00836712
0.00680921
0.00871355
0.00847837
0.00912907
0.00831008
0.00918523
0.00879927
0.00848538
0.00801459
0.00843648
0.00837798
0.00685837
0.00903269
0.00854664
0.00859516
0.00904975
0.00696433
0.00847637
0.00889211
0.00703533
0.00950145
0.00864395
0.00717780
0.00927012
0.00885340
0.00701379
0.00771594
0.00938673
0.00863173
0.00895526
0.00838490
0.00882941
0.00934366
0.00888582
0.00827683
0.00926902
0.00723304
0.00904975
0.00911294
0.00895315
0.00860835
0.00785921
0.00955652
0.00738387
0.00963119
0.00752985
0.00822914
0.00952277
0.00893732
0.00914093
0.00913769
0.00845441
0.00897641
0.00893521
0.00965052
0.00931395
0.00921344
0.00869200
0.00940890
0.00902311
0.00941445
0.00972020
0.00941223
0.00933264
0.00875889
0.00931505
0.00859719
0.00921996
0.00763717
0.00884505
0.00931725
0.00946789
0.00931175
0.00895631
0.00783145
0.00936904
0.00872795
0.00987154
0.00890261
0.00973971
0.00913123
0.00899230
0.00875579
0.00914955
0.00897217
0.00786106
0.00966647
0.00924610
0.00919173
0.00948018
0.00795901
0.00883150
0.00885653
0.00812211
0.00979731
0.00897746
0.00814225
0.00942111
0.00918307
0.00815378
0.00852047
0.00946454
0.00874134
0.00919499
0.00893627
0.00970645
0.00950369
0.00922975
0.00000000
0.00000000
0.00000000
0.00000000
0.00000000
0.00000000
0.00000000
0.00000000
0.00000000
0.00000000
0.00000000
0.00000000
0.00000000
0.00000000
0.00000000
0.00000000
0.00000000
0.00000000
0.00000000
0.00000000
0.00000000
0.00000000
0.00000000
0.00000000
0.00000000
0.00000000
0.00000000
0.00000000
0.00000000
0.00000000
0.00000000
0.00000000
0.00000000
0.00000000
0.00000000
0.00000000
0.00000000
0.00000000
0.00000000
0.00000000
0.00000000
0.00000000
0.00000000
0.00000000
0.00000000
0.00000000
0.00000000
0.00000000
0.00000000
0.00000000
0.00000000
0.00000000
0.00000000
0.00000000
0.00000000
0.00000000
0.00000000
0.00000000
0.00000000
0.00000000
0.00000000
0.00000000
0.00000000
0.00000000
0.00000000
0.00000000
0.00000000
0.00000000
0.00000000
0.00000000
0.00000000
0.00000000
0.00000000
0.00000000
0.00000000
0.00000000
0.00000000
0.00000000
0.00000000
0.00000000
0.00000000
0.00000000
0.00000000
0.00000000
0.00000000
0.00000000
0.00000000
0.00000000
0.00000000
0.00000000
0.00000000
0.00000000
0.00000000
0.00000000
0.00000000
0.00000000
0.00000000
0.00000000
0.00000000
0.00000000
0.00000000
0.00000000
0.00000000
0.00000000
0.00000000
0.00000000
0.00000000
0.00000000
0.00000000
0.00000000
0.00000000
0.00000000
0.00000000
0.00000000
0.00000000
0.00000000
0.00000000
0.00000000
0.00000000
0.00000000
0.00000000
0.00000000
0.00000000
0.00000000
0.00000000
0.00000000
0.00000000
0.00000000
0.00000000
0.00000000
0.00000000
0.00000000
0.00000000
0.00000000
0.00000000
0.00000000
0.00000000
0.00000000
0.00000000
0.00000000
0.00000000
0.00000000
0.00602999
0.00672661
0.00702497
0.00736084
0.00700677
0.00665167
0.00536993
0.00721133
0.00691891
0.00782454
0.00699439
0.00771458
0.00687579
0.00715626
0.00708404
0.00753031
0.00754453
0.00570753
0.00778312
0.00738867
0.00753208
0.00774284
0.00568939
0.00707736
0.00735216
0.00573723
0.00787453
0.00747016
0.00550199
0.00782823
0.00755165
0.00545032
0.00621775
0.00792297
0.00742711
0.00814178
0.00722154
0.00790710
0.00844794
0.00854010
0.00787174
0.00907274
0.00591518
0.00807961
0.00849290
0.00813602
0.00811781
0.00732102
0.00883099
0.00576504
0.00926302
0.00568670
0.00665952
0.00929805
0.00844495
0.00864040
0.00945842
0.00839332
0.00903963
0.00902046
0.00973685
0.00936960
0.00927724
0.00835973
0.00919771
0.00893997
0.00928709
0.01008394
0.00923031
0.00983147
0.00929366
0.01064234
0.00889684
0.01034778
0.00733052
0.00883099
0.00974489
0.01044341
0.01036977
0.00912424
0.00706902
0.01039916
0.00962269
0.01193358
0.01003412
0.01060726
0.00898754
0.00932330
0.00966363
0.01121578
0.01129809
0.00894419
0.01221120
0.01142000
0.01168981
0.01143617
0.00812739
0.01051385
0.00915442
0.00866795
0.01196317
0.01150381
0.00881954
0.01126350
0.01108037
0.00872436
0.00974719
0.01051137
0.00993637
0.01166089
0.01059601
0.01245556
0.01098020
0.01270480
0.01134884
0.00000000
0.00000000
0.00000000
0.00000000
0.00000000
0.00000000
0.00000000
0.00000000
0.00000000
0.00000000
0.00000000
0.00000000
0.00000000
0.00000000
0.00000000
0.00000000
0.00000000
0.00000000
0.00000000
0.00000000
0.00000000
0.00000000
0.00000000
0.00000000
0.00000000
0.00000000
0.00000000
0.00000000
0.00000000
0.00000000
0.00000000
0.00000000
0.00000000
0.00000000
0.00000000
0.00000000
0.00000000
0.00000000
0.00000000
0.00000000
0.00000000
0.00000000
0.00000000
0.00000000
0.00000000
0.00000000
0.00000000
0.00000000
0.00000000
0.00000000
0.00000000
0.00000000
0.00000000
0.00000000
0.00000000
0.00000000
0.00000000
0.00000000
0.00000000
0.00000000
0.00000000
0.00000000
0.00000000
0.00000000
0.00000000
0.00000000
0.00000000
0.00000000
0.00000000
0.00000000
0.00000000
0.00000000
0.00000000
0.00000000
0.00000000
0.00000000
0.00000000
0.00000000
0.00000000
0.00000000
0.00000000
0.00000000
0.00000000
0.00000000
0.00000000
0.00000000
0.00000000
0.00000000
0.00000000
0.00000000
0.00000000
0.00000000
0.00000000
0.00000000
0.00000000
0.00000000
0.00000000
0.00000000
0.00000000
0.00000000
0.00000000
0.00000000
0.00000000
0.00000000
0.00000000
0.00000000
0.00000000
0.00000000
0.00000000
0.00000000
0.00000000
0.00000000
0.00000000
0.00000000
0.00000000
0.00000000
0.00000000
0.00000000
0.00000000
0.00000000
0.00000000
0.00000000
0.00000000
0.00000000
0.00000000
0.00000000
0.00000000
0.00000000
0.00000000
0.00000000
0.00000000
0.00000000
0.00000000
0.00000000
0.00000000
0.00000000
0.00000000
0.00000000
0.00000000
0.00000000
0.00000000
0.00827718
0.00794716
0.00822949
0.00849675
0.00816857
0.00805378
0.00651645
0.00845876
0.00812054
0.00886631
0.00794529
0.00893243
0.00853592
0.00840704
0.00788833
0.00813780
0.00798945
0.00615562
0.00868725
0.00828988
0.00840011
0.00873966
0.00656117
0.00806614
0.00854499
0.00659531
0.00918237
0.00832319
0.00666097
0.00893770
0.00857123
0.00677106
0.00746298
0.00910796
0.00823725
0.00861786
0.00802533
0.00867598
0.00921383
0.00879964
0.00805663
0.00903094
0.00656737
0.00876029
0.00896515
0.00880068
0.00845278
0.00759170
0.00930776
0.00677905
0.00945602
0.00705058
0.00784288
0.00936391
0.00873553
0.00903840
0.00914886
0.00845078
0.00887259
0.00873244
0.00946495
0.00916831
0.00914886
0.00867905
0.00936170
0.00889879
0.00928693
0.00961685
0.00919863
0.00934405
0.00880276
0.00941485
0.00849675
0.00916831
0.00722823
0.00868417
0.00923777
0.00945602
0.00927489
0.00881107
0.00759887
0.00936612
0.00877477
0.00997259
0.00875616
0.00967829
0.00887573
0.00892927
0.00885482
0.00930886
0.00908650
0.00756043
0.00967943
0.00929898
0.00933745
0.00959306
0.00797909
0.00883500
0.00872935
0.00790603
0.00992449
0.00913162
0.00811575
0.00947723
0.00921492
0.00805758
0.00857629
0.00948954
0.00874172
0.00925304
0.00879964
0.00982202
0.00956143
0.00963956
0.00900542
0.00972291
0.00000000
0.00000000
0.00000000
0.00000000
0.00000000
0.00000000
0.00000000
0.00000000
0.00000000
0.00000000
0.00000000
0.00000000
0.00000000
0.00000000
0.00000000
0.00000000
0.00000000
0.00000000
0.00000000
0.00000000
0.00000000
0.00000000
0.00000000
0.00000000
0.00000000
0.00000000
0.00000000
0.00000000
0.00000000
0.00000000
0.00000000
0.00000000
0.00000000
0.00000000
0.00000000
0.00000000
0.00000000
0.00000000
0.00000000
0.00000000
0.00000000
0.00000000
0.00000000
0.00000000
0.00000000
0.00000000
0.00000000
0.00000000
0.00000000
0.00000000
0.00000000
0.00000000
0.00000000
0.00000000
0.00000000
0.00000000
0.00000000
0.00000000
0.00000000
0.00000000
0.00000000
0.00000000
0.00000000
0.00000000
0.00000000
0.00000000
0.00000000
0.00000000
0.00000000
0.00000000
0.00000000
0.00000000
0.00000000
0.00000000
0.00000000
0.00000000
0.00000000
0.00000000
0.00000000
0.00000000
0.00000000
0.00000000
0.00000000
0.00000000
0.00000000
0.00000000
0.00000000
0.00000000
0.00000000
0.00000000
0.00000000
0.00000000
0.00000000
0.00000000
0.00000000
0.00000000
0.00000000
0.00000000
0.00000000
0.00000000
0.00000000
0.00000000
0.00000000
0.00000000
0.00000000
0.00000000
0.00000000
0.00000000
0.00000000
0.00000000
0.00000000
0.00000000
0.00000000
0.00000000
0.00000000
0.00000000
0.00000000
0.00000000
0.00000000
0.00000000
0.00000000
0.00000000
0.00000000
0.00000000
0.00000000
0.00000000
0.00000000
0.00000000
0.00000000
0.00000000
0.00000000
0.00000000
0.00000000
0.00000000
0.00000000
0.00000000
0.00000000
0.00000000
0.00000000
0.00000000
0.00158079
0.00288769
0.00302932
0.00349686
0.00336140
0.00275885
0.00214121
0.00341816
0.00292126
0.00417110
0.00367443
0.00366577
0.00258802
0.00307068
0.00367356
0.00474664
0.00506593
0.00391328
0.00442811
0.00429338
0.00424404
0.00410667
0.00202982
0.00355759
0.00304077
0.00257341
0.00378170
0.00420121
0.00250957
0.00406475
0.00411200
0.00217147
0.00254985
0.00384784
0.00386740
0.00528876
0.00414462
0.00456438
0.00491237
0.00613968
0.00525766
0.00721036
0.00369529
0.00497886
0.00588099
0.00518990
0.00569198
0.00460167
0.00587475
0.00254925
0.00659376
0.00246586
0.00320916
0.00694577
0.00581410
0.00562193
0.00796311
0.00599443
0.00669879
0.00736593
0.00757739
0.00804904
0.00792003
0.00644157
0.00657822
0.00667041
0.00698850
0.00864943
0.00659531
0.00874275
0.00840308
0.01141307
0.00738942
0.01192916
0.00662181
0.00739290
0.00889564
0.01079766
0.01120237
0.00767090
0.00409409
0.01100075
0.00891665
0.01626153
0.01217361
0.01037938
0.00730192
0.00871599
0.01087049
0.01544286
0.01627304
0.01004460
0.01780948
0.01741074
0.01910409
0.01453625
0.00776099
0.01314662
0.00720781
0.00985917
0.01536836
0.01857313
0.01128059
0.01435735
0.01588995
0.01294659
0.01450714
0.01058459
0.01224127
0.01965255
0.01686904
0.02349993
0.01308320
0.02572476
0.01880012
0.03024290
0.06794195
0.00000000
0.00000000
0.00000000
0.00000000
0.00000000
0.00000000
0.00000000
0.00000000
0.00000000
0.00000000
0.00000000
0.00000000
0.00000000
0.00000000
0.00000000
0.00000000
0.00000000
0.00000000
0.00000000
0.00000000
0.00000000
0.00000000
0.00000000
0.00000000
0.00000000
0.00000000
0.00000000
0.00000000
0.00000000
0.00000000
0.00000000
0.00000000
0.00000000
0.00000000
0.00000000
0.00000000
0.00000000
0.00000000
0.00000000
0.00000000
0.00000000
0.00000000
0.00000000
0.00000000
0.00000000
0.00000000
0.00000000
0.00000000
0.00000000
0.00000000
0.00000000
0.00000000
0.00000000
0.00000000
0.00000000
0.00000000
0.00000000
0.00000000
0.00000000
0.00000000
0.00000000
0.00000000
0.00000000
0.00000000
0.00000000
0.00000000
0.00000000
0.00000000
0.00000000
0.00000000
0.00000000
0.00000000
0.00000000
0.00000000
0.00000000
0.00000000
0.00000000
0.00000000
0.00000000
0.00000000
0.00000000
0.00000000
0.00000000
0.00000000
0.00000000
0.00000000
0.00000000
0.00000000
0.00000000
0.00000000
0.00000000
0.00000000
0.00000000
0.00000000
0.00000000
0.00000000
0.00000000
0.00000000
0.00000000
0.00000000
0.00000000
0.00000000
0.00000000
0.00000000
0.00000000
0.00000000
0.00000000
0.00000000
0.00000000
0.00000000
0.00000000
0.00000000
0.00000000
0.00000000
0.00000000
0.00000000
0.00000000
0.00000000
0.00000000
0.00000000
0.00000000
0.00000000
0.00000000
0.00000000
0.00000000
0.00000000
0.00000000
0.00000000
0.00000000
0.00000000
0.00000000
0.00000000
0.00000000
0.00000000
0.00000000
0.00000000
0.00000000
0.00000000
0.00000000
0.00778292
0.00763024
0.00783265
0.00803190
0.00785670
0.00789199
0.00715017
0.00810995
0.00798938
0.00832509
0.00775086
0.00829960
0.00812910
0.00838223
0.00820036
0.00799221
0.00781973
0.00614759
0.00798844
0.00808989
0.00830743
0.00837136
0.00749644
0.00796305
0.00828395
0.00700164
0.00859647
0.00823136
0.00704554
0.00848467
0.00830841
0.00722391
0.00777834
0.00862897
0.00821197
0.00846268
0.00810230
0.00851073
0.00884744
0.00880061
0.00839212
0.00867898
0.00656189
0.00816658
0.00850972
0.00874268
0.00873752
0.00836544
0.00888508
0.00736760
0.00891763
0.00750086
0.00811760
0.00902555
0.00861068
0.00870564
0.00891342
0.00876436
0.00878195
0.00846268
0.00857723
0.00848467
0.00886206
0.00873031
0.00916499
0.00888823
0.00888508
0.00914987
0.00877780
0.00895240
0.00892183
0.00917581
0.00891973
0.00894185
0.00776184
0.00826541
0.00864221
0.00885579
0.00899579
0.00848867
0.00887147
0.00899367
0.00872311
0.00934618
0.00861474
0.00885579
0.00806893
0.00819262
0.00872311
0.00920398
0.00911325
0.00910896
0.00906823
0.00892078
0.00890606
0.00897989
0.00955572
0.00864935
0.00819359
0.00874577
0.00904900
0.00879750
0.00914016
0.00880165
0.00881203
0.00906609
0.00893342
0.00867285
0.00848767
0.00880165
0.00852781
0.00912293
0.00860459
0.00914879
0.00920833
0.00912293
0.00891657
0.00824302
0.00000000
0.00000000
0.00000000
0.00000000
0.00000000
0.00000000
0.00000000
0.00000000
0.00000000
0.00000000
0.00000000
0.00000000
0.00000000
0.00000000
0.00000000
0.00000000
0.00000000
0.00000000
0.00000000
0.00000000
0.00000000
0.00000000
0.00000000
0.00000000
0.00000000
0.00000000
0.00000000
0.00000000
0.00000000
0.00000000
0.00000000
0.00000000
0.00000000
0.00000000
0.00000000
0.00000000
0.00000000
0.00000000
0.00000000
0.00000000
0.00000000
0.00000000
0.00000000
0.00000000
0.00000000
0.00000000
0.00000000
0.00000000
0.00000000
0.00000000
0.00000000
0.00000000
0.00000000
0.00000000
0.00000000
0.00000000
0.00000000
0.00000000
0.00000000
0.00000000
0.00000000
0.00000000
0.00000000
0.00000000
0.00000000
0.00000000
0.00000000
0.00000000
0.00000000
0.00000000
0.00000000
0.00000000
0.00000000
0.00000000
0.00000000
0.00000000
0.00000000
0.00000000
0.00000000
0.00000000
0.00000000
0.00000000
0.00000000
0.00000000
0.00000000
0.00000000
0.00000000
0.00000000
0.00000000
0.00000000
0.00000000
0.00000000
0.00000000
0.00000000
0.00000000
0.00000000
0.00000000
0.00000000
0.00000000
0.00000000
0.00000000
0.00000000
0.00000000
0.00000000
0.00000000
0.00000000
0.00000000
0.00000000
0.00000000
0.00000000
0.00000000
0.00000000
0.00000000
0.00000000
0.00000000
0.00000000
0.00000000
0.00000000
0.00000000
0.00000000
0.00000000
0.00000000
0.00000000
0.00000000
0.00000000
0.00000000
0.00000000
0.00000000
0.00000000
0.00000000
0.00000000
0.00000000
0.00000000
0.00000000
0.00000000
0.00000000
0.00000000
0.00000000
0.00784174
0.00754775
0.00786118
0.00814333
0.00780391
0.00765803
0.00619624
0.00799394
0.00775986
0.00842965
0.00750160
0.00849552
0.00794507
0.00796477
0.00761930
0.00791701
0.00780115
0.00593587
0.00822732
0.00785099
0.00795538
0.00839096
0.00646345
0.00772243
0.00821181
0.00619113
0.00873529
0.00791701
0.00629197
0.00851257
0.00812702
0.00632023
0.00703792
0.00867677
0.00789835
0.00821956
0.00752198
0.00816738
0.00878592
0.00853066
0.00795257
0.00881602
0.00616417
0.00828672
0.00849952
0.00841375
0.00816642
0.00751577
0.00898183
0.00646345
0.00913783
0.00633292
0.00722377
0.00904562
0.00844955
0.00871163
0.00893745
0.00824383
0.00877970
0.00864001
0.00933829
0.00895750
0.00889644
0.00832001
0.00908839
0.00871471
0.00914430
0.00938355
0.00873323
0.00895962
0.00854475
0.00936365
0.00849151
0.00910019
0.00708623
0.00846851
0.00895856
0.00930311
0.00918862
0.00865326
0.00740928
0.00928338
0.00876315
0.00996761
0.00873838
0.00957810
0.00862473
0.00860746
0.00862372
0.00939241
0.00930421
0.00791140
0.00984378
0.00931519
0.00926916
0.00965636
0.00774066
0.00893535
0.00868803
0.00780207
0.01002302
0.00913567
0.00784081
0.00949039
0.00923207
0.00800809
0.00851257
0.00935041
0.00863797
0.00918429
0.00862880
0.00958036
0.00932838
0.00956230
0.00900304
0.00992070
0.00875799
0.00940349
0.00931629
0.00000000
0.00000000
0.00000000
0.00000000
0.00000000
0.00000000
0.00000000
0.00000000
0.00000000
0.00000000
0.00000000
0.00000000
0.00000000
0.00000000
0.00000000
0.00000000
0.00000000
0.00000000
0.00000000
0.00000000
0.00000000
0.00000000
0.00000000
0.00000000
0.00000000
0.00000000
0.00000000
0.00000000
0.00000000
0.00000000
0.00000000
0.00000000
0.00000000
0.00000000
0.00000000
0.00000000
0.00000000
0.00000000
0.00000000
0.00000000
0.00000000
0.00000000
0.00000000
0.00000000
0.00000000
0.00000000
0.00000000
0.00000000
0.00000000
0.00000000
0.00000000
0.00000000
0.00000000
0.00000000
0.00000000
0.00000000
0.00000000
0.00000000
0.00000000
0.00000000
0.00000000
0.00000000
0.00000000
0.00000000
0.00000000
0.00000000
0.00000000
0.00000000
0.00000000
0.00000000
0.00000000
0.00000000
0.00000000
0.00000000
0.00000000
0.00000000
0.00000000
0.00000000
0.00000000
0.00000000
0.00000000
0.00000000
0.00000000
0.00000000
0.00000000
0.00000000
0.00000000
0.00000000
0.00000000
0.00000000
0.00000000
0.00000000
0.00000000
0.00000000
0.00000000
0.00000000
0.00000000
0.00000000
0.00000000
0.00000000
0.00000000
0.00000000
0.00000000
0.00000000
0.00000000
0.00000000
0.00000000
0.00000000
0.00000000
0.00000000
0.00000000
0.00000000
0.00000000
0.00000000
0.00000000
0.00000000
0.00000000
0.00000000
0.00000000
0.00000000
0.00000000
0.00000000
0.00000000
0.00000000
0.00000000
0.00000000
0.00000000
0.00000000
0.00000000
0.00000000
0.00000000
0.00000000
0.00000000
0.00000000
0.00000000
0.00000000
0.00000000
0.00871333
0.00784326
0.00809131
0.00843825
0.00808463
0.00799078
0.00627171
0.00837579
0.00812861
0.00886779
0.00783125
0.00902500
0.00838172
0.00816608
0.00775314
0.00829909
0.00819889
0.00640099
0.00864475
0.00805418
0.00795412
0.00878556
0.00628430
0.00803046
0.00861726
0.00646700
0.00918933
0.00803615
0.00644340
0.00883960
0.00835507
0.00641610
0.00719966
0.00909874
0.00814684
0.00843228
0.00773213
0.00843726
0.00902500
0.00865699
0.00805988
0.00905378
0.00655763
0.00854843
0.00857469
0.00847515
0.00802478
0.00728507
0.00924804
0.00683720
0.00930383
0.00650065
0.00729711
0.00903352
0.00845020
0.00869998
0.00875659
0.00808272
0.00875040
0.00855449
0.00946095
0.00892866
0.00870306
0.00802762
0.00887302
0.00847715
0.00910840
0.00927425
0.00875040
0.00874937
0.00820953
0.00899100
0.00831673
0.00886048
0.00718355
0.00855751
0.00875556
0.00898782
0.00874318
0.00842135
0.00704096
0.00896665
0.00845419
0.00948441
0.00836888
0.00940865
0.00875659
0.00843029
0.00811520
0.00873287
0.00860609
0.00731779
0.00937542
0.00880734
0.00863660
0.00921211
0.00697566
0.00844323
0.00863456
0.00747833
0.00955627
0.00838369
0.00719796
0.00895186
0.00861625
0.00751192
0.00798796
0.00905378
0.00824058
0.00851222
0.00812669
0.00900799
0.00898888
0.00884899
0.00826978
0.00920560
0.00812765
0.00910518
0.00907516
0.00880423
0.00000000
0.00000000
0.00000000
0.00000000
0.00000000
0.00000000
0.00000000
0.00000000
0.00000000
0.00000000
0.00000000
0.00000000
0.00000000
0.00000000
0.00000000
0.00000000
0.00000000
0.00000000
0.00000000
0.00000000
0.00000000
0.00000000
0.00000000
0.00000000
0.00000000
0.00000000
0.00000000
0.00000000
0.00000000
0.00000000
0.00000000
0.00000000
0.00000000
0.00000000
0.00000000
0.00000000
0.00000000
0.00000000
0.00000000
0.00000000
0.00000000
0.00000000
0.00000000
0.00000000
0.00000000
0.00000000
0.00000000
0.00000000
0.00000000
0.00000000
0.00000000
0.00000000
0.00000000
0.00000000
0.00000000
0.00000000
0.00000000
0.00000000
0.00000000
0.00000000
0.00000000
0.00000000
0.00000000
0.00000000
0.00000000
0.00000000
0.00000000
0.00000000
0.00000000
0.00000000
0.00000000
0.00000000
0.00000000
0.00000000
0.00000000
0.00000000
0.00000000
0.00000000
0.00000000
0.00000000
0.00000000
0.00000000
0.00000000
0.00000000
0.00000000
0.00000000
0.00000000
0.00000000
0.00000000
0.00000000
0.00000000
0.00000000
0.00000000
0.00000000
0.00000000
0.00000000
0.00000000
0.00000000
0.00000000
0.00000000
0.00000000
0.00000000
0.00000000
0.00000000
0.00000000
0.00000000
0.00000000
0.00000000
0.00000000
0.00000000
0.00000000
0.00000000
0.00000000
0.00000000
0.00000000
0.00000000
0.00000000
0.00000000
0.00000000
0.00000000
0.00000000
0.00000000
0.00000000
0.00000000
0.00000000
0.00000000
0.00000000
0.00000000
0.00000000
0.00000000
0.00000000
0.00000000
0.00000000
0.00000000
0.00000000
0.00000000
0.00822544
0.00768251
0.00799117
0.00825459
0.00784364
0.00773159
0.00604542
0.00806026
0.00780489
0.00851765
0.00747604
0.00872917
0.00816744
0.00797140
0.00739100
0.00787608
0.00779109
0.00606470
0.00856499
0.00789934
0.00793014
0.00849257
0.00596047
0.00772339
0.00832694
0.00613810
0.00893752
0.00785846
0.00614607
0.00862175
0.00813092
0.00619555
0.00692028
0.00881504
0.00777457
0.00810602
0.00742245
0.00823320
0.00884211
0.00833972
0.00765809
0.00873948
0.00615913
0.00849257
0.00858218
0.00829460
0.00784457
0.00699577
0.00903076
0.00634417
0.00923758
0.00631208
0.00713408
0.00897343
0.00829460
0.00866558
0.00873948
0.00789655
0.00857915
0.00848056
0.00950166
0.00900842
0.00871272
0.00811846
0.00886613
0.00839696
0.00902650
0.00925721
0.00878184
0.00889336
0.00824875
0.00909918
0.00808406
0.00885568
0.00684883
0.00852870
0.00902756
0.00923540
0.00892172
0.00849357
0.00680374
0.00910347
0.00851162
0.00976177
0.00839894
0.00959739
0.00878805
0.00868399
0.00832596
0.00893541
0.00874257
0.00692436
0.00965643
0.00906277
0.00906918
0.00949718
0.00698176
0.00859028
0.00864516
0.00719916
0.00997592
0.00879427
0.00713492
0.00930867
0.00888811
0.00730780
0.00804033
0.00932515
0.00833382
0.00873948
0.00819252
0.00924521
0.00927798
0.00908845
0.00833972
0.00938362
0.00756384
0.00924412
0.00925612
0.00914760
0.00876838
0.00000000
0.00000000
0.00000000
0.00000000
0.00000000
0.00000000
0.00000000
0.00000000
0.00000000
0.00000000
0.00000000
0.00000000
0.00000000
0.00000000
0.00000000
0.00000000
0.00000000
0.00000000
0.00000000
0.00000000
0.00000000
0.00000000
0.00000000
0.00000000
0.00000000
0.00000000
0.00000000
0.00000000
0.00000000
0.00000000
0.00000000
0.00000000
0.00000000
0.00000000
0.00000000
0.00000000
0.00000000
0.00000000
0.00000000
0.00000000
0.00000000
0.00000000
0.00000000
0.00000000
0.00000000
0.00000000
0.00000000
0.00000000
0.00000000
0.00000000
0.00000000
0.00000000
0.00000000
0.00000000
0.00000000
0.00000000
0.00000000
0.00000000
0.00000000
0.00000000
0.00000000
0.00000000
0.00000000
0.00000000
0.00000000
0.00000000
0.00000000
0.00000000
0.00000000
0.00000000
0.00000000
0.00000000
0.00000000
0.00000000
0.00000000
0.00000000
0.00000000
0.00000000
0.00000000
0.00000000
0.00000000
0.00000000
0.00000000
0.00000000
0.00000000
0.00000000
0.00000000
0.00000000
0.00000000
0.00000000
0.00000000
0.00000000
0.00000000
0.00000000
0.00000000
0.00000000
0.00000000
0.00000000
0.00000000
0.00000000
0.00000000
0.00000000
0.00000000
0.00000000
0.00000000
0.00000000
0.00000000
0.00000000
0.00000000
0.00000000
0.00000000
0.00000000
0.00000000
0.00000000
0.00000000
0.00000000
0.00000000
0.00000000
0.00000000
0.00000000
0.00000000
0.00000000
0.00000000
0.00000000
0.00000000
0.00000000
0.00000000
0.00000000
0.00000000
0.00000000
0.00000000
0.00000000
0.00000000
0.00000000
0.00000000
0.00737268
0.00729484
0.00770697
0.00794320
0.00756826
0.00735097
0.00596747
0.00774433
0.00750958
0.00817799
0.00708123
0.00823801
0.00761302
0.00752021
0.00705539
0.00739445
0.00732156
0.00565102
0.00809547
0.00742153
0.00757004
0.00796102
0.00578522
0.00726308
0.00788905
0.00586352
0.00841575
0.00756558
0.00589194
0.00821569
0.00779196
0.00596465
0.00665294
0.00833967
0.00745487
0.00779288
0.00707121
0.00787140
0.00847951
0.00806973
0.00748482
0.00849954
0.00581463
0.00817317
0.00833279
0.00801094
0.00769970
0.00693740
0.00875593
0.00614241
0.00907876
0.00610701
0.00690800
0.00882852
0.00804218
0.00844857
0.00862170
0.00772153
0.00835838
0.00831512
0.00933500
0.00882123
0.00855888
0.00798453
0.00876316
0.00832690
0.00889121
0.00923644
0.00870445
0.00891115
0.00825941
0.00925061
0.00807354
0.00889645
0.00667889
0.00838702
0.00904883
0.00936035
0.00904776
0.00844259
0.00661071
0.00922664
0.00868190
0.01008945
0.00857404
0.00970432
0.00868907
0.00872089
0.00844259
0.00920273
0.00909805
0.00715426
0.01008826
0.00930532
0.00946916
0.00971463
0.00714414
0.00881707
0.00874767
0.00724426
0.01035587
0.00934711
0.00720166
0.00983915
0.00944351
0.00740579
0.00834853
0.00973872
0.00875490
0.00949712
0.00866860
0.00971119
0.00973757
0.00962113
0.00875180
0.01006924
0.00781497
0.00956456
0.00949824
0.00940683
0.00919405
0.00810693
0.00000000
0.00000000
0.00000000
0.00000000
0.00000000
0.00000000
0.00000000
0.00000000
0.00000000
0.00000000
0.00000000
0.00000000
0.00000000
0.00000000
0.00000000
0.00000000
0.00000000
0.00000000
0.00000000
0.00000000
0.00000000
0.00000000
0.00000000
0.00000000
0.00000000
0.00000000
0.00000000
0.00000000
0.00000000
0.00000000
0.00000000
0.00000000
0.00000000
0.00000000
0.00000000
0.00000000
0.00000000
0.00000000
0.00000000
0.00000000
0.00000000
0.00000000
0.00000000
0.00000000
0.00000000
0.00000000
0.00000000
0.00000000
0.00000000
0.00000000
0.00000000
0.00000000
0.00000000
0.00000000
0.00000000
0.00000000
0.00000000
0.00000000
0.00000000
0.00000000
0.00000000
0.00000000
0.00000000
0.00000000
0.00000000
0.00000000
0.00000000
0.00000000
0.00000000
0.00000000
0.00000000
0.00000000
0.00000000
0.00000000
0.00000000
0.00000000
0.00000000
0.00000000
0.00000000
0.00000000
0.00000000
0.00000000
0.00000000
0.00000000
0.00000000
0.00000000
0.00000000
0.00000000
0.00000000
0.00000000
0.00000000
0.00000000
0.00000000
0.00000000
0.00000000
0.00000000
0.00000000
0.00000000
0.00000000
0.00000000
0.00000000
0.00000000
0.00000000
0.00000000
0.00000000
0.00000000
0.00000000
0.00000000
0.00000000
0.00000000
0.00000000
0.00000000
0.00000000
0.00000000
0.00000000
0.00000000
0.00000000
0.00000000
0.00000000
0.00000000
0.00000000
0.00000000
0.00000000
0.00000000
0.00000000
0.00000000
0.00000000
0.00000000
0.00000000
0.00000000
0.00000000
0.00000000
0.00000000
0.00000000
0.00816251
0.00784446
0.00810496
0.00822144
0.00793752
0.00781583
0.00668277
0.00803169
0.00787505
0.00828373
0.00760668
0.00834846
0.00803927
0.00801749
0.00770782
0.00799106
0.00787505
0.00650624
0.00830819
0.00813848
0.00827495
0.00843954
0.00711466
0.00790389
0.00810304
0.00663096
0.00865831
0.00801277
0.00689818
0.00835339
0.00805920
0.00689249
0.00744602
0.00847245
0.00794033
0.00804686
0.00762014
0.00812218
0.00849546
0.00829449
0.00784724
0.00839586
0.00661846
0.00822629
0.00839883
0.00842363
0.00821079
0.00765798
0.00867569
0.00679082
0.00870233
0.00697672
0.00760668
0.00862061
0.00818854
0.00831407
0.00835437
0.00790389
0.00826129
0.00820498
0.00865627
0.00841469
0.00837213
0.00812985
0.00859219
0.00831898
0.00859219
0.00861045
0.00822726
0.00842462
0.00818179
0.00864913
0.00802695
0.00841370
0.00685035
0.00810209
0.00852356
0.00873112
0.00863893
0.00835930
0.00732323
0.00853362
0.00822047
0.00889533
0.00810209
0.00872906
0.00822144
0.00817214
0.00811548
0.00848045
0.00839388
0.00727931
0.00866751
0.00844153
0.00845548
0.00877654
0.00774427
0.00833174
0.00830917
0.00728189
0.00903809
0.00842164
0.00765257
0.00872494
0.00849747
0.00754770
0.00792910
0.00867364
0.00821563
0.00842264
0.00810496
0.00860741
0.00858206
0.00854671
0.00828276
0.00871157
0.00762734
0.00849045
0.00850348
0.00865117
0.00856791
0.00831506
0.00893845
0.00000000
0.00000000
0.00000000
0.00000000
0.00000000
0.00000000
0.00000000
0.00000000
0.00000000
0.00000000
0.00000000
0.00000000
0.00000000
0.00000000
0.00000000
0.00000000
0.00000000
0.00000000
0.00000000
0.00000000
0.00000000
0.00000000
0.00000000
0.00000000
0.00000000
0.00000000
0.00000000
0.00000000
0.00000000
0.00000000
0.00000000
0.00000000
0.00000000
0.00000000
0.00000000
0.00000000
0.00000000
0.00000000
0.00000000
0.00000000
0.00000000
0.00000000
0.00000000
0.00000000
0.00000000
0.00000000
0.00000000
0.00000000
0.00000000
0.00000000
0.00000000
0.00000000
0.00000000
0.00000000
0.00000000
0.00000000
0.00000000
0.00000000
0.00000000
0.00000000
0.00000000
0.00000000
0.00000000
0.00000000
0.00000000
0.00000000
0.00000000
0.00000000
0.00000000
0.00000000
0.00000000
0.00000000
0.00000000
0.00000000
0.00000000
0.00000000
0.00000000
0.00000000
0.00000000
0.00000000
0.00000000
0.00000000
0.00000000
0.00000000
0.00000000
0.00000000
0.00000000
0.00000000
0.00000000
0.00000000
0.00000000
0.00000000
0.00000000
0.00000000
0.00000000
0.00000000
0.00000000
0.00000000
0.00000000
0.00000000
0.00000000
0.00000000
0.00000000
0.00000000
0.00000000
0.00000000
0.00000000
0.00000000
0.00000000
0.00000000
0.00000000
0.00000000
0.00000000
0.00000000
0.00000000
0.00000000
0.00000000
0.00000000
0.00000000
0.00000000
0.00000000
0.00000000
0.00000000
0.00000000
0.00000000
0.00000000
0.00000000
0.00000000
0.00000000
0.00000000
0.00000000
0.00000000
0.00000000
0.00223686
0.00367901
0.00416744
0.00471403
0.00489187
0.00394226
0.00337274
0.00454534
0.00378999
0.00503944
0.00405926
0.00420744
0.00328209
0.00349709
0.00384718
0.00439614
0.00465821
0.00319389
0.00473186
0.00476040
0.00495458
0.00479364
0.00416105
0.00468908
0.00439095
0.00383450
0.00490748
0.00482427
0.00245470
0.00481347
0.00489880
0.00315793
0.00355279
0.00443990
0.00454266
0.00546861
0.00456952
0.00450531
0.00505850
0.00522278
0.00463520
0.00623200
0.00343091
0.00524129
0.00588554
0.00558199
0.00608601
0.00589318
0.00627625
0.00444829
0.00692496
0.00306654
0.00347940
0.00664258
0.00577825
0.00577008
0.00742572
0.00584680
0.00602886
0.00653766
0.00692006
0.00722104
0.00754578
0.00618806
0.00754578
0.00766688
0.00743361
0.00911500
0.00743361
0.00842050
0.00702946
0.00878052
0.00578370
0.00896574
0.00435691
0.00624819
0.00756271
0.00920358
0.00978798
0.00771314
0.00563490
0.01027774
0.00954066
0.01307943
0.00972813
0.00934357
0.00692577
0.00803154
0.00927550
0.01246204
0.01340108
0.00988076
0.01457325
0.01345334
0.01432278
0.01233192
0.00531286
0.01140844
0.00776058
0.00834831
0.01356006
0.01551140
0.00731188
0.01352811
0.01426378
0.00885018
0.01140440
0.01133200
0.01145968
0.01716112
0.01454406
0.01675119
0.01262774
0.01679669
0.01350420
0.01867758
0.01934796
0.01530425
0.01437693
0.01622045
0.01956133
0.01607951
0.01734833
0.02699779
0.00000000
0.00000000
0.00000000
0.00000000
0.00000000
0.00000000
0.00000000
0.00000000
0.00000000
0.00000000
0.00000000
0.00000000
0.00000000
0.00000000
0.00000000
0.00000000
0.00000000
0.00000000
0.00000000
0.00000000
0.00000000
0.00000000
0.00000000
0.00000000
0.00000000
0.00000000
0.00000000
0.00000000
0.00000000
0.00000000
0.00000000
0.00000000
0.00000000
0.00000000
0.00000000
0.00000000
0.00000000
0.00000000
0.00000000
0.00000000
0.00000000
0.00000000
0.00000000
0.00000000
0.00000000
0.00000000
0.00000000
0.00000000
0.00000000
0.00000000
0.00000000
0.00000000
0.00000000
0.00000000
0.00000000
0.00000000
0.00000000
0.00000000
0.00000000
0.00000000
0.00000000
0.00000000
0.00000000
0.00000000
0.00000000
0.00000000
0.00000000
0.00000000
0.00000000
0.00000000
0.00000000
0.00000000
0.00000000
0.00000000
0.00000000
0.00000000
0.00000000
0.00000000
0.00000000
0.00000000
0.00000000
0.00000000
0.00000000
0.00000000
0.00000000
0.00000000
0.00000000
0.00000000
0.00000000
0.00000000
0.00000000
0.00000000
0.00000000
0.00000000
0.00000000
0.00000000
0.00000000
0.00000000
0.00000000
0.00000000
0.00000000
0.00000000
0.00000000
0.00000000
0.00000000
0.00000000
0.00000000
0.00000000
0.00000000
0.00000000
0.00000000
0.00000000
0.00000000
0.00000000
0.00000000
0.00000000
0.00000000
0.00000000
0.00000000
0.00000000
0.00000000
0.00000000
0.00000000
0.00000000
0.00000000
0.00000000
0.00000000
0.00000000
0.00000000
0.00000000
0.00000000
0.00000000
0.00822793
0.00769573
0.00799171
0.00815932
0.00784325
0.00778427
0.00648302
0.00789615
0.00773303
0.00823473
0.00751544
0.00841339
0.00807699
0.00793723
0.00750924
0.00781923
0.00774398
0.00637761
0.00830691
0.00791386
0.00800208
0.00834520
0.00677857
0.00775861
0.00814202
0.00634161
0.00866719
0.00780725
0.00670147
0.00834127
0.00795316
0.00657155
0.00709178
0.00841935
0.00767850
0.00785250
0.00742558
0.00802476
0.00842829
0.00807984
0.00765951
0.00832947
0.00649603
0.00819984
0.00827659
0.00816895
0.00788963
0.00732987
0.00861521
0.00657155
0.00867844
0.00653137
0.00729623
0.00855749
0.00810275
0.00839951
0.00829223
0.00771117
0.00812859
0.00809892
0.00880421
0.00847413
0.00827367
0.00795316
0.00844321
0.00811996
0.00857062
0.00862334
0.00824347
0.00833930
0.00796724
0.00857264
0.00797100
0.00834323
0.00679057
0.00808652
0.00842729
0.00863556
0.00848514
0.00827952
0.00711691
0.00848413
0.00807508
0.00886359
0.00794191
0.00882396
0.00832456
0.00823278
0.00797288
0.00828441
0.00816702
0.00693054
0.00871022
0.00832063
0.00830593
0.00871433
0.00729968
0.00818149
0.00835013
0.00718607
0.00910409
0.00823084
0.00718946
0.00868765
0.00841736
0.00741333
0.00777234
0.00865901
0.00791293
0.00813722
0.00781739
0.00849815
0.00856355
0.00833144
0.00794472
0.00852124
0.00720389
0.00844221
0.00844321
0.00843624
0.00818535
0.00773394
0.00880525
0.00762616
0.00882604
0.00000000
0.00000000
0.00000000
0.00000000
0.00000000
0.00000000
0.00000000
0.00000000
0.00000000
0.00000000
0.00000000
0.00000000
0.00000000
0.00000000
0.00000000
0.00000000
0.00000000
0.00000000
0.00000000
0.00000000
0.00000000
0.00000000
0.00000000
0.00000000
0.00000000
0.00000000
0.00000000
0.00000000
0.00000000
0.00000000
0.00000000
0.00000000
0.00000000
0.00000000
0.00000000
0.00000000
0.00000000
0.00000000
0.00000000
0.00000000
0.00000000
0.00000000
0.00000000
0.00000000
0.00000000
0.00000000
0.00000000
0.00000000
0.00000000
0.00000000
0.00000000
0.00000000
0.00000000
0.00000000
0.00000000
0.00000000
0.00000000
0.00000000
0.00000000
0.00000000
0.00000000
0.00000000
0.00000000
0.00000000
0.00000000
0.00000000
0.00000000
0.00000000
0.00000000
0.00000000
0.00000000
0.00000000
0.00000000
0.00000000
0.00000000
0.00000000
0.00000000
0.00000000
0.00000000
0.00000000
0.00000000
0.00000000
0.00000000
0.00000000
0.00000000
0.00000000
0.00000000
0.00000000
0.00000000
0.00000000
0.00000000
0.00000000
0.00000000
0.00000000
0.00000000
0.00000000
0.00000000
0.00000000
0.00000000
0.00000000
0.00000000
0.00000000
0.00000000
0.00000000
0.00000000
0.00000000
0.00000000
0.00000000
0.00000000
0.00000000
0.00000000
0.00000000
0.00000000
0.00000000
0.00000000
0.00000000
0.00000000
0.00000000
0.00000000
0.00000000
0.00000000
0.00000000
0.00000000
0.00000000
0.00000000
0.00000000
0.00000000
0.00000000
0.00000000
0.00000000
0.00000000
0.00223255
0.00374143
0.00425166
0.00463009
0.00469885
0.00370935
0.00322631
0.00477314
0.00394210
0.00519064
0.00415206
0.00424915
0.00334684
0.00352344
0.00382937
0.00422367
0.00432703
0.00318060
0.00464322
0.00452483
0.00470495
0.00453605
0.00285289
0.00445178
0.00390048
0.00465802
0.00467453
0.00516316
0.00297943
0.00471829
0.00463009
0.00259297
0.00318773
0.00442613
0.00435570
0.00537123
0.00457311
0.00467123
0.00505173
0.00516438
0.00443972
0.00580054
0.00312852
0.00501434
0.00575150
0.00528265
0.00556205
0.00485089
0.00586037
0.00422567
0.00676405
0.00432499
0.00423914
0.00658692
0.00547742
0.00525965
0.00695578
0.00550268
0.00595021
0.00642428
0.00688802
0.00703332
0.00717491
0.00589155
0.00700930
0.00705492
0.00671477
0.00877085
0.00790716
0.00931458
0.00782460
0.00910496
0.00578893
0.00844103
0.00388807
0.00611093
0.00737393
0.00894320
0.00891161
0.00683865
0.00409323
0.00965118
0.00906853
0.01279512
0.01015682
0.00922603
0.00727631
0.00826958
0.00912324
0.01167199
0.01217247
0.00761341
0.01367998
0.01316090
0.01501402
0.01187471
0.00556139
0.01051517
0.00706158
0.00622073
0.01312990
0.01554373
0.00822775
0.01339737
0.01358993
0.00734009
0.01009235
0.01127954
0.01143896
0.01739269
0.01429519
0.01634846
0.01282836
0.01721515
0.01355791
0.01870989
0.01839917
0.01465365
0.01423631
0.01560619
0.01900344
0.01411593
0.01602396
0.01555290
0.01552358
0.02684429
0.00000000
0.00000000
0.00000000
0.00000000
0.00000000
0.00000000
0.00000000
0.00000000
0.00000000
0.00000000
0.00000000
0.00000000
0.00000000
0.00000000
0.00000000
0.00000000
0.00000000
0.00000000
0.00000000
0.00000000
0.00000000
0.00000000
0.00000000
0.00000000
0.00000000
0.00000000
0.00000000
0.00000000
0.00000000
0.00000000
0.00000000
0.00000000
0.00000000
0.00000000
0.00000000
0.00000000
0.00000000
0.00000000
0.00000000
0.00000000
0.00000000
0.00000000
0.00000000
0.00000000
0.00000000
0.00000000
0.00000000
0.00000000
0.00000000
0.00000000
0.00000000
0.00000000
0.00000000
0.00000000
0.00000000
0.00000000
0.00000000
0.00000000
0.00000000
0.00000000
0.00000000
0.00000000
0.00000000
0.00000000
0.00000000
0.00000000
0.00000000
0.00000000
0.00000000
0.00000000
0.00000000
0.00000000
0.00000000
0.00000000
0.00000000
0.00000000
0.00000000
0.00000000
0.00000000
0.00000000
0.00000000
0.00000000
0.00000000
0.00000000
0.00000000
0.00000000
0.00000000
0.00000000
0.00000000
0.00000000
0.00000000
0.00000000
0.00000000
0.00000000
0.00000000
0.00000000
0.00000000
0.00000000
0.00000000
0.00000000
0.00000000
0.00000000
0.00000000
0.00000000
0.00000000
0.00000000
0.00000000
0.00000000
0.00000000
0.00000000
0.00000000
0.00000000
0.00000000
0.00000000
0.00000000
0.00000000
0.00000000
0.00000000
0.00000000
0.00000000
0.00000000
0.00000000
0.00000000
0.00000000
0.00000000
0.00000000
0.00000000
0.00000000
0.00000000
0.00000000
0.00387143
0.00506942
0.00565240
0.00597244
0.00581673
0.00499995
0.00410030
0.00598090
0.00528554
0.00648336
0.00546042
0.00582566
0.00494191
0.00509399
0.00519960
0.00553041
0.00548559
0.00406371
0.00594363
0.00566308
0.00590869
0.00583184
0.00379683
0.00544306
0.00510361
0.00485239
0.00608262
0.00631582
0.00457993
0.00614246
0.00585873
0.00366009
0.00431563
0.00590521
0.00549401
0.00632551
0.00551868
0.00593313
0.00639678
0.00638547
0.00569321
0.00683109
0.00406084
0.00613232
0.00674066
0.00632626
0.00642627
0.00558415
0.00686259
0.00449750
0.00754871
0.00519776
0.00561387
0.00763286
0.00659985
0.00659908
0.00762296
0.00633522
0.00687960
0.00724859
0.00793484
0.00781688
0.00775078
0.00681420
0.00764637
0.00748664
0.00751318
0.00877771
0.00801195
0.00913576
0.00829755
0.00948936
0.00702804
0.00864722
0.00482785
0.00695137
0.00800345
0.00914438
0.00892595
0.00752382
0.00470031
0.00914654
0.00848258
0.01133907
0.00949832
0.00945027
0.00799307
0.00864722
0.00892911
0.01039756
0.01055447
0.00686016
0.01155643
0.01107605
0.01211894
0.01078346
0.00683754
0.00968610
0.00783441
0.00619557
0.01177517
0.01228588
0.00801762
0.01178629
0.01163300
0.00730264
0.00897133
0.01054576
0.01007169
0.01337469
0.01143981
0.01303828
0.01144926
0.01352059
0.01133372
0.01450857
0.01244923
0.01206618
0.01189802
0.01251253
0.01392681
0.01128703
0.01289150
0.00994891
0.01245364
0.01284445
0.01412864
0.00000000
0.00000000
0.00000000
0.00000000
0.00000000
0.00000000
0.00000000
0.00000000
0.00000000
0.00000000
0.00000000
0.00000000
0.00000000
0.00000000
0.00000000
0.00000000
0.00000000
0.00000000
0.00000000
0.00000000
0.00000000
0.00000000
0.00000000
0.00000000
0.00000000
0.00000000
0.00000000
0.00000000
0.00000000
0.00000000
0.00000000
0.00000000
0.00000000
0.00000000
0.00000000
0.00000000
0.00000000
0.00000000
0.00000000
0.00000000
0.00000000
0.00000000
0.00000000
0.00000000
0.00000000
0.00000000
0.00000000
0.00000000
0.00000000
0.00000000
0.00000000
0.00000000
0.00000000
0.00000000
0.00000000
0.00000000
0.00000000
0.00000000
0.00000000
0.00000000
0.00000000
0.00000000
0.00000000
0.00000000
0.00000000
0.00000000
0.00000000
0.00000000
0.00000000
0.00000000
0.00000000
0.00000000
0.00000000
0.00000000
0.00000000
0.00000000
0.00000000
0.00000000
0.00000000
0.00000000
0.00000000
0.00000000
0.00000000
0.00000000
0.00000000
0.00000000
0.00000000
0.00000000
0.00000000
0.00000000
0.00000000
0.00000000
0.00000000
0.00000000
0.00000000
0.00000000
0.00000000
0.00000000
0.00000000
0.00000000
0.00000000
0.00000000
0.00000000
0.00000000
0.00000000
0.00000000
0.00000000
0.00000000
0.00000000
0.00000000
0.00000000
0.00000000
0.00000000
0.00000000
0.00000000
0.00000000
0.00000000
0.00000000
0.00000000
0.00000000
0.00000000
0.00000000
0.00000000
0.00000000
0.00000000
0.00000000
0.00000000
0.00000000
0.00000000
0.00774016
0.00745965
0.00751972
0.00769829
0.00750466
0.00745878
0.00651969
0.00769284
0.00747551
0.00785326
0.00713020
0.00796332
0.00765303
0.00759190
0.00722416
0.00747463
0.00740706
0.00617614
0.00789226
0.00761342
0.00760175
0.00796519
0.00641293
0.00757937
0.00798212
0.00677603
0.00823844
0.00749758
0.00599883
0.00791556
0.00770828
0.00660015
0.00710000
0.00809303
0.00747374
0.00761970
0.00722245
0.00773378
0.00812554
0.00787181
0.00736959
0.00804355
0.00633849
0.00794830
0.00805494
0.00795299
0.00762960
0.00708912
0.00835685
0.00682898
0.00848296
0.00650663
0.00687666
0.00814953
0.00777218
0.00793613
0.00816493
0.00772102
0.00796426
0.00780249
0.00835291
0.00810927
0.00806349
0.00767291
0.00820644
0.00790250
0.00823844
0.00838251
0.00809303
0.00819193
0.00774473
0.00817360
0.00746406
0.00809493
0.00677523
0.00796050
0.00821806
0.00834995
0.00820160
0.00786717
0.00704827
0.00847696
0.00821806
0.00874710
0.00783569
0.00850600
0.00796050
0.00792771
0.00785419
0.00829107
0.00814569
0.00708494
0.00859676
0.00830771
0.00830869
0.00856034
0.00676485
0.00805114
0.00794268
0.00737480
0.00882273
0.00829890
0.00720289
0.00844104
0.00821225
0.00722416
0.00782830
0.00850098
0.00798777
0.00813129
0.00773469
0.00829792
0.00837362
0.00840231
0.00800191
0.00848296
0.00743857
0.00832242
0.00836572
0.00839834
0.00819483
0.00757580
0.00865067
0.00780525
0.00871107
0.00819000
0.00816396
0.00861910
0.00000000
0.00000000
0.00000000
0.00000000
0.00000000
0.00000000
0.00000000
0.00000000
0.00000000
0.00000000
0.00000000
0.00000000
0.00000000
0.00000000
0.00000000
0.00000000
0.00000000
0.00000000
0.00000000
0.00000000
0.00000000
0.00000000
0.00000000
0.00000000
0.00000000
0.00000000
0.00000000
0.00000000
0.00000000
0.00000000
0.00000000
0.00000000
0.00000000
0.00000000
0.00000000
0.00000000
0.00000000
0.00000000
0.00000000
0.00000000
0.00000000
0.00000000
0.00000000
0.00000000
0.00000000
0.00000000
0.00000000
0.00000000
0.00000000
0.00000000
0.00000000
0.00000000
0.00000000
0.00000000
0.00000000
0.00000000
0.00000000
0.00000000
0.00000000
0.00000000
0.00000000
0.00000000
0.00000000
0.00000000
0.00000000
0.00000000
0.00000000
0.00000000
0.00000000
0.00000000
0.00000000
0.00000000
0.00000000
0.00000000
0.00000000
0.00000000
0.00000000
0.00000000
0.00000000
0.00000000
0.00000000
0.00000000
0.00000000
0.00000000
0.00000000
0.00000000
0.00000000
0.00000000
0.00000000
0.00000000
0.00000000
0.00000000
0.00000000
0.00000000
0.00000000
0.00000000
0.00000000
0.00000000
0.00000000
0.00000000
0.00000000
0.00000000
0.00000000
0.00000000
0.00000000
0.00000000
0.00000000
0.00000000
0.00000000
0.00000000
0.00000000
0.00000000
0.00000000
0.00000000
0.00000000
0.00000000
0.00000000
0.00000000
0.00000000
0.00000000
0.00000000
0.00000000
0.00000000
0.00000000
0.00000000
0.00000000
0.00000000
0.00000000
0.00848755
0.00790492
0.00794511
0.00794511
0.00760856
0.00766169
0.00672000
0.00792359
0.00791332
0.00801286
0.00721870
0.00823513
0.00803273
0.00791332
0.00741107
0.00761934
0.00751050
0.00624175
0.00814626
0.00781869
0.00784641
0.00822833
0.00646654
0.00772520
0.00831712
0.00702387
0.00845558
0.00758795
0.00607687
0.00799210
0.00765808
0.00656800
0.00733196
0.00836729
0.00771610
0.00762204
0.00726653
0.00785011
0.00832595
0.00796293
0.00749899
0.00804885
0.00632549
0.00812611
0.00820701
0.00811462
0.00769247
0.00705209
0.00848655
0.00688120
0.00862275
0.00695053
0.00726139
0.00824096
0.00779843
0.00797233
0.00808691
0.00779476
0.00818961
0.00790772
0.00849757
0.00810792
0.00802043
0.00772156
0.00827212
0.00792639
0.00832595
0.00829948
0.00812899
0.00813954
0.00769066
0.00802421
0.00740233
0.00784641
0.00659983
0.00801475
0.00835053
0.00831516
0.00807643
0.00782238
0.00705043
0.00832693
0.00816069
0.00852668
0.00771246
0.00843865
0.00797045
0.00777089
0.00764094
0.00801948
0.00782977
0.00697681
0.00829850
0.00798362
0.00798456
0.00834857
0.00693824
0.00777823
0.00779292
0.00715935
0.00855892
0.00789747
0.00740321
0.00809168
0.00770246
0.00680052
0.00741020
0.00822251
0.00769701
0.00755491
0.00725968
0.00770337
0.00793200
0.00767526
0.00750341
0.00774436
0.00672872
0.00773250
0.00778190
0.00777548
0.00749369
0.00703299
0.00805455
0.00707541
0.00813858
0.00758795
0.00772247
0.00796669
0.00754334
0.00000000
0.00000000
0.00000000
0.00000000
0.00000000
0.00000000
0.00000000
0.00000000
0.00000000
0.00000000
0.00000000
0.00000000
0.00000000
0.00000000
0.00000000
0.00000000
0.00000000
0.00000000
0.00000000
0.00000000
0.00000000
0.00000000
0.00000000
0.00000000
0.00000000
0.00000000
0.00000000
0.00000000
0.00000000
0.00000000
0.00000000
0.00000000
0.00000000
0.00000000
0.00000000
0.00000000
0.00000000
0.00000000
0.00000000
0.00000000
0.00000000
0.00000000
0.00000000
0.00000000
0.00000000
0.00000000
0.00000000
0.00000000
0.00000000
0.00000000
0.00000000
0.00000000
0.00000000
0.00000000
0.00000000
0.00000000
0.00000000
0.00000000
0.00000000
0.00000000
0.00000000
0.00000000
0.00000000
0.00000000
0.00000000
0.00000000
0.00000000
0.00000000
0.00000000
0.00000000
0.00000000
0.00000000
0.00000000
0.00000000
0.00000000
0.00000000
0.00000000
0.00000000
0.00000000
0.00000000
0.00000000
0.00000000
0.00000000
0.00000000
0.00000000
0.00000000
0.00000000
0.00000000
0.00000000
0.00000000
0.00000000
0.00000000
0.00000000
0.00000000
0.00000000
0.00000000
0.00000000
0.00000000
0.00000000
0.00000000
0.00000000
0.00000000
0.00000000
0.00000000
0.00000000
0.00000000
0.00000000
0.00000000
0.00000000
0.00000000
0.00000000
0.00000000
0.00000000
0.00000000
0.00000000
0.00000000
0.00000000
0.00000000
0.00000000
0.00000000
0.00000000
0.00000000
0.00000000
0.00000000
0.00000000
0.00000000
0.00000000
0.00724166
0.00740140
0.00774338
0.00777174
0.00754150
0.00745132
0.00672153
0.00760043
0.00737874
0.00787508
0.00719569
0.00792539
0.00753261
0.00747949
0.00716267
0.00737004
0.00731462
0.00639218
0.00789833
0.00742851
0.00749451
0.00767972
0.00646267
0.00723057
0.00768334
0.00662004
0.00788437
0.00731721
0.00629270
0.00772605
0.00750600
0.00650319
0.00692837
0.00786765
0.00734315
0.00760940
0.00727676
0.00786951
0.00801091
0.00773061
0.00731807
0.00794504
0.00642771
0.00782139
0.00788902
0.00762197
0.00740664
0.00691857
0.00800429
0.00661770
0.00817410
0.00645886
0.00688926
0.00796662
0.00752284
0.00780665
0.00792633
0.00744693
0.00789926
0.00777358
0.00835342
0.00803835
0.00786209
0.00757001
0.00793287
0.00762557
0.00795630
0.00812892
0.00803361
0.00804499
0.00756644
0.00805353
0.00742150
0.00782878
0.00670569
0.00771057
0.00819630
0.00828670
0.00809830
0.00780205
0.00708370
0.00825840
0.00803266
0.00860541
0.00772969
0.00847548
0.00791138
0.00793849
0.00771603
0.00800807
0.00792539
0.00676926
0.00856996
0.00805828
0.00820598
0.00827010
0.00672549
0.00773243
0.00795536
0.00696113
0.00854775
0.00807446
0.00697840
0.00838401
0.00814523
0.00705037
0.00757805
0.00842565
0.00784819
0.00819920
0.00771876
0.00844554
0.00858210
0.00847948
0.00798073
0.00869006
0.00689170
0.00840580
0.00846948
0.00831509
0.00814139
0.00744166
0.00866652
0.00696606
0.00877554
0.00711217
0.00760581
0.00859932
0.00793474
0.00810021
0.00000000
0.00000000
0.00000000
0.00000000
0.00000000
0.00000000
0.00000000
0.00000000
0.00000000
0.00000000
0.00000000
0.00000000
0.00000000
0.00000000
0.00000000
0.00000000
0.00000000
0.00000000
0.00000000
0.00000000
0.00000000
0.00000000
0.00000000
0.00000000
0.00000000
0.00000000
0.00000000
0.00000000
0.00000000
0.00000000
0.00000000
0.00000000
0.00000000
0.00000000
0.00000000
0.00000000
0.00000000
0.00000000
0.00000000
0.00000000
0.00000000
0.00000000
0.00000000
0.00000000
0.00000000
0.00000000
0.00000000
0.00000000
0.00000000
0.00000000
0.00000000
0.00000000
0.00000000
0.00000000
0.00000000
0.00000000
0.00000000
0.00000000
0.00000000
0.00000000
0.00000000
0.00000000
0.00000000
0.00000000
0.00000000
0.00000000
0.00000000
0.00000000
0.00000000
0.00000000
0.00000000
0.00000000
0.00000000
0.00000000
0.00000000
0.00000000
0.00000000
0.00000000
0.00000000
0.00000000
0.00000000
0.00000000
0.00000000
0.00000000
0.00000000
0.00000000
0.00000000
0.00000000
0.00000000
0.00000000
0.00000000
0.00000000
0.00000000
0.00000000
0.00000000
0.00000000
0.00000000
0.00000000
0.00000000
0.00000000
0.00000000
0.00000000
0.00000000
0.00000000
0.00000000
0.00000000
0.00000000
0.00000000
0.00000000
0.00000000
0.00000000
0.00000000
0.00000000
0.00000000
0.00000000
0.00000000
0.00000000
0.00000000
0.00000000
0.00000000
0.00000000
0.00000000
0.00000000
0.00000000
0.00000000
0.00000000
0.00804722
0.00746131
0.00781342
0.00790798
0.00752493
0.00742707
0.00600086
0.00766104
0.00754092
0.00798295
0.00714778
0.00811106
0.00774919
0.00751429
0.00707065
0.00736253
0.00727364
0.00593051
0.00788935
0.00740782
0.00750101
0.00794256
0.00614481
0.00737818
0.00784204
0.00630038
0.00828216
0.00750278
0.00637137
0.00798671
0.00751518
0.00587828
0.00664300
0.00819955
0.00749747
0.00761959
0.00716550
0.00769727
0.00814653
0.00769999
0.00726592
0.00794350
0.00599733
0.00782449
0.00789773
0.00777573
0.00744724
0.00686036
0.00828900
0.00637137
0.00841805
0.00654347
0.00716044
0.00825680
0.00771181
0.00792479
0.00787634
0.00732529
0.00792385
0.00786427
0.00861795
0.00815134
0.00790705
0.00747275
0.00809577
0.00777482
0.00823249
0.00833409
0.00807384
0.00809100
0.00762768
0.00817059
0.00753648
0.00785222
0.00618115
0.00769454
0.00809195
0.00829584
0.00809673
0.00787169
0.00663517
0.00816481
0.00778858
0.00857638
0.00771272
0.00854408
0.00807956
0.00780605
0.00748334
0.00786427
0.00774005
0.00663595
0.00840416
0.00793788
0.00795100
0.00831936
0.00685470
0.00771090
0.00786705
0.00660239
0.00871814
0.00783834
0.00711498
0.00835081
0.00800463
0.00683533
0.00723770
0.00835278
0.00758642
0.00784667
0.00753292
0.00814365
0.00821988
0.00787169
0.00749217
0.00807670
0.00682244
0.00796602
0.00795100
0.00784019
0.00754982
0.00700095
0.00826167
0.00688793
0.00830857
0.00703737
0.00753381
0.00825583
0.00781527
0.00802353
0.00785778
0.00000000
0.00000000
0.00000000
0.00000000
0.00000000
0.00000000
0.00000000
0.00000000
0.00000000
0.00000000
0.00000000
0.00000000
0.00000000
0.00000000
0.00000000
0.00000000
0.00000000
0.00000000
0.00000000
0.00000000
0.00000000
0.00000000
0.00000000
0.00000000
0.00000000
0.00000000
0.00000000
0.00000000
0.00000000
0.00000000
0.00000000
0.00000000
0.00000000
0.00000000
0.00000000
0.00000000
0.00000000
0.00000000
0.00000000
0.00000000
0.00000000
0.00000000
0.00000000
0.00000000
0.00000000
0.00000000
0.00000000
0.00000000
0.00000000
0.00000000
0.00000000
0.00000000
0.00000000
0.00000000
0.00000000
0.00000000
0.00000000
0.00000000
0.00000000
0.00000000
0.00000000
0.00000000
0.00000000
0.00000000
0.00000000
0.00000000
0.00000000
0.00000000
0.00000000
0.00000000
0.00000000
0.00000000
0.00000000
0.00000000
0.00000000
0.00000000
0.00000000
0.00000000
0.00000000
0.00000000
0.00000000
0.00000000
0.00000000
0.00000000
0.00000000
0.00000000
0.00000000
0.00000000
0.00000000
0.00000000
0.00000000
0.00000000
0.00000000
0.00000000
0.00000000
0.00000000
0.00000000
0.00000000
0.00000000
0.00000000
0.00000000
0.00000000
0.00000000
0.00000000
0.00000000
0.00000000
0.00000000
0.00000000
0.00000000
0.00000000
0.00000000
0.00000000
0.00000000
0.00000000
0.00000000
0.00000000
0.00000000
0.00000000
0.00000000
0.00000000
0.00000000
0.00000000
0.00000000
0.00000000
0.00000000
0.00616527
0.00659475
0.00686132
0.00707581
0.00679208
0.00644862
0.00540814
0.00704583
0.00661812
0.00744213
0.00646461
0.00735055
0.00665177
0.00670296
0.00644330
0.00679529
0.00668007
0.00522754
0.00724896
0.00673624
0.00678648
0.00705747
0.00503452
0.00640013
0.00679369
0.00533592
0.00733236
0.00668244
0.00505535
0.00714709
0.00691331
0.00548329
0.00602369
0.00725666
0.00656758
0.00690516
0.00624136
0.00689946
0.00743336
0.00718428
0.00660020
0.00752510
0.00527336
0.00718089
0.00740536
0.00701432
0.00675852
0.00601871
0.00756068
0.00532586
0.00795024
0.00540368
0.00599675
0.00774753
0.00712437
0.00746147
0.00789139
0.00708666
0.00757407
0.00748262
0.00832052
0.00794461
0.00774753
0.00715131
0.00777040
0.00742022
0.00788115
0.00821715
0.00768746
0.00810168
0.00749233
0.00840832
0.00706997
0.00805880
0.00602155
0.00763595
0.00825893
0.00857657
0.00817848
0.00760002
0.00562742
0.00836874
0.00802939
0.00929710
0.00788301
0.00880616
0.00786444
0.00809881
0.00792029
0.00865889
0.00862221
0.00632285
0.00937748
0.00876782
0.00903657
0.00909645
0.00612541
0.00821909
0.00804550
0.00652051
0.00956514
0.00895488
0.00648523
0.00918160
0.00877713
0.00642509
0.00763145
0.00909645
0.00837368
0.00926863
0.00828918
0.00932565
0.00937638
0.00969003
0.00865073
0.01021577
0.00775484
0.00947308
0.00949321
0.00952573
0.00951675
0.00816691
0.00993770
0.00731423
0.00989210
0.00763956
0.00843115
0.01015571
0.00888964
0.00829309
0.00944074
0.00886870
0.00000000
0.00000000
0.00000000
0.00000000
0.00000000
0.00000000
0.00000000
0.00000000
0.00000000
0.00000000
0.00000000
0.00000000
0.00000000
0.00000000
0.00000000
0.00000000
0.00000000
0.00000000
0.00000000
0.00000000
0.00000000
0.00000000
0.00000000
0.00000000
0.00000000
0.00000000
0.00000000
0.00000000
0.00000000
0.00000000
0.00000000
0.00000000
0.00000000
0.00000000
0.00000000
0.00000000
0.00000000
0.00000000
0.00000000
0.00000000
0.00000000
0.00000000
0.00000000
0.00000000
0.00000000
0.00000000
0.00000000
0.00000000
0.00000000
0.00000000
0.00000000
0.00000000
0.00000000
0.00000000
0.00000000
0.00000000
0.00000000
0.00000000
0.00000000
0.00000000
0.00000000
0.00000000
0.00000000
0.00000000
0.00000000
0.00000000
0.00000000
0.00000000
0.00000000
0.00000000
0.00000000
0.00000000
0.00000000
0.00000000
0.00000000
0.00000000
0.00000000
0.00000000
0.00000000
0.00000000
0.00000000
0.00000000
0.00000000
0.00000000
0.00000000
0.00000000
0.00000000
0.00000000
0.00000000
0.00000000
0.00000000
0.00000000
0.00000000
0.00000000
0.00000000
0.00000000
0.00000000
0.00000000
0.00000000
0.00000000
0.00000000
0.00000000
0.00000000
0.00000000
0.00000000
0.00000000
0.00000000
0.00000000
0.00000000
0.00000000
0.00000000
0.00000000
0.00000000
0.00000000
0.00000000
0.00000000
0.00000000
0.00000000
0.00000000
0.00000000
0.00000000
0.00000000
0.00000000
0.00000000
0.00577244
0.00627883
0.00653803
0.00677189
0.00660701
0.00633162
0.00547085
0.00656275
0.00626699
0.00692616
0.00642414
0.00673128
0.00631447
0.00634433
0.00634358
0.00661481
0.00664060
0.00583129
0.00684819
0.00665236
0.00676949
0.00678148
0.00564054
0.00643172
0.00642263
0.00561002
0.00693434
0.00679749
0.00595429
0.00697041
0.00684819
0.00560011
0.00595078
0.00687246
0.00667200
0.00711157
0.00672573
0.00685304
0.00713341
0.00705477
0.00669881
0.00735553
0.00581686
0.00691718
0.00720188
0.00705144
0.00710068
0.00666807
0.00736161
0.00589699
0.00753820
0.00603987
0.00652416
0.00760876
0.00714436
0.00724619
0.00754888
0.00695317
0.00722315
0.00737725
0.00770811
0.00768361
0.00767003
0.00732610
0.00759711
0.00744982
0.00759621
0.00802726
0.00764023
0.00797348
0.00768633
0.00824798
0.00743227
0.00811770
0.00662965
0.00732956
0.00783090
0.00821401
0.00819465
0.00765918
0.00658756
0.00803579
0.00758726
0.00875930
0.00791913
0.00815224
0.00751867
0.00772814
0.00786514
0.00836258
0.00841402
0.00735553
0.00884963
0.00862298
0.00885172
0.00852188
0.00742176
0.00810813
0.00754888
0.00714183
0.00884025
0.00872836
0.00754799
0.00872424
0.00875723
0.00774000
0.00806237
0.00832224
0.00808522
0.00904590
0.00866579
0.00927492
0.00866171
0.00915862
0.00853093
0.00944046
0.00896202
0.00887053
0.00886739
0.00900121
0.00932538
0.00863112
0.00908118
0.00847977
0.00892299
0.00849679
0.00874588
0.00938274
0.00865660
0.00803389
0.00890827
0.00860977
0.00939271
0.00000000
0.00000000
0.00000000
0.00000000
0.00000000
0.00000000
0.00000000
0.00000000
0.00000000
0.00000000
0.00000000
0.00000000
0.00000000
0.00000000
0.00000000
0.00000000
0.00000000
0.00000000
0.00000000
0.00000000
0.00000000
0.00000000
0.00000000
0.00000000
0.00000000
0.00000000
0.00000000
0.00000000
0.00000000
0.00000000
0.00000000
0.00000000
0.00000000
0.00000000
0.00000000
0.00000000
0.00000000
0.00000000
0.00000000
0.00000000
0.00000000
0.00000000
0.00000000
0.00000000
0.00000000
0.00000000
0.00000000
0.00000000
0.00000000
0.00000000
0.00000000
0.00000000
0.00000000
0.00000000
0.00000000
0.00000000
0.00000000
0.00000000
0.00000000
0.00000000
0.00000000
0.00000000
0.00000000
0.00000000
0.00000000
0.00000000
0.00000000
0.00000000
0.00000000
0.00000000
0.00000000
0.00000000
0.00000000
0.00000000
0.00000000
0.00000000
0.00000000
0.00000000
0.00000000
0.00000000
0.00000000
0.00000000
0.00000000
0.00000000
0.00000000
0.00000000
0.00000000
0.00000000
0.00000000
0.00000000
0.00000000
0.00000000
0.00000000
0.00000000
0.00000000
0.00000000
0.00000000
0.00000000
0.00000000
0.00000000
0.00000000
0.00000000
0.00000000
0.00000000
0.00000000
0.00000000
0.00000000
0.00000000
0.00000000
0.00000000
0.00000000
0.00000000
0.00000000
0.00000000
0.00000000
0.00000000
0.00000000
0.00000000
0.00000000
0.00000000
0.00000000
0.00000000
0.00000000
0.00711441
0.00669437
0.00681948
0.00715733
0.00714299
0.00725934
0.00681867
0.00707091
0.00691260
0.00718185
0.00677379
0.00729711
0.00728936
0.00717423
0.00684526
0.00675863
0.00676820
0.00610243
0.00722517
0.00703016
0.00713878
0.00722688
0.00649834
0.00705591
0.00735152
0.00636410
0.00756436
0.00718100
0.00677299
0.00756080
0.00741946
0.00669121
0.00661588
0.00740984
0.00678818
0.00715564
0.00711105
0.00756704
0.00763787
0.00744225
0.00721325
0.00752166
0.00635735
0.00741334
0.00753765
0.00747479
0.00739239
0.00712448
0.00782663
0.00693383
0.00789616
0.00675146
0.00713457
0.00786549
0.00761538
0.00796162
0.00774217
0.00734199
0.00715142
0.00721155
0.00764238
0.00774399
0.00773213
0.00781095
0.00777786
0.00754565
0.00778704
0.00797195
0.00778795
0.00787570
0.00768667
0.00793443
0.00783494
0.00788499
0.00737236
0.00757597
0.00757865
0.00772757
0.00778887
0.00760372
0.00775953
0.00806272
0.00768576
0.00822503
0.00760731
0.00796068
0.00765862
0.00783217
0.00790641
0.00779898
0.00757954
0.00692075
0.00788592
0.00789058
0.00790548
0.00789802
0.00798889
0.00758044
0.00751191
0.00767037
0.00810371
0.00763337
0.00712532
0.00772119
0.00783309
0.00847715
0.00829615
0.00768032
0.00734286
0.00742296
0.00741247
0.00800210
0.00764057
0.00778887
0.00766675
0.00760551
0.00763337
0.00751014
0.00754743
0.00761808
0.00758044
0.00735760
0.00759924
0.00791294
0.00763157
0.00786735
0.00766494
0.00768123
0.00750837
0.00748009
0.00769392
0.00782755
0.00763877
0.00704510
0.00000000
0.00000000
0.00000000
0.00000000
0.00000000
0.00000000
0.00000000
0.00000000
0.00000000
0.00000000
0.00000000
0.00000000
0.00000000
0.00000000
0.00000000
0.00000000
0.00000000
0.00000000
0.00000000
0.00000000
0.00000000
0.00000000
0.00000000
0.00000000
0.00000000
0.00000000
0.00000000
0.00000000
0.00000000
0.00000000
0.00000000
0.00000000
0.00000000
0.00000000
0.00000000
0.00000000
0.00000000
0.00000000
0.00000000
0.00000000
0.00000000
0.00000000
0.00000000
0.00000000
0.00000000
0.00000000
0.00000000
0.00000000
0.00000000
0.00000000
0.00000000
0.00000000
0.00000000
0.00000000
0.00000000
0.00000000
0.00000000
0.00000000
0.00000000
0.00000000
0.00000000
0.00000000
0.00000000
0.00000000
0.00000000
0.00000000
0.00000000
0.00000000
0.00000000
0.00000000
0.00000000
0.00000000
0.00000000
0.00000000
0.00000000
0.00000000
0.00000000
0.00000000
0.00000000
0.00000000
0.00000000
0.00000000
0.00000000
0.00000000
0.00000000
0.00000000
0.00000000
0.00000000
0.00000000
0.00000000
0.00000000
0.00000000
0.00000000
0.00000000
0.00000000
0.00000000
0.00000000
0.00000000
0.00000000
0.00000000
0.00000000
0.00000000
0.00000000
0.00000000
0.00000000
0.00000000
0.00000000
0.00000000
0.00000000
0.00000000
0.00000000
0.00000000
0.00000000
0.00000000
0.00000000
0.00000000
0.00000000
0.00000000
0.00000000
0.00000000
0.00000000
0.00000000
0.00646842
0.00655056
0.00671878
0.00699697
0.00691167
0.00681454
0.00637151
0.00698460
0.00665962
0.00718851
0.00656681
0.00718258
0.00685242
0.00685000
0.00662437
0.00667613
0.00661188
0.00581634
0.00708917
0.00674976
0.00682178
0.00693126
0.00583834
0.00656681
0.00687671
0.00591387
0.00722762
0.00681133
0.00607218
0.00721484
0.00713867
0.00642811
0.00643874
0.00715384
0.00655752
0.00692554
0.00665726
0.00721739
0.00738182
0.00721654
0.00686860
0.00734794
0.00590829
0.00711178
0.00728753
0.00705414
0.00691820
0.00648217
0.00743424
0.00622151
0.00765127
0.00616891
0.00653744
0.00754375
0.00717411
0.00756603
0.00762335
0.00710339
0.00712353
0.00710088
0.00767477
0.00760988
0.00753575
0.00740187
0.00754642
0.00726865
0.00758479
0.00781359
0.00751888
0.00779334
0.00745091
0.00795117
0.00736790
0.00775758
0.00678808
0.00747027
0.00765398
0.00786166
0.00767568
0.00739314
0.00657145
0.00791375
0.00768111
0.00836282
0.00745707
0.00805974
0.00757228
0.00783389
0.00778232
0.00791375
0.00779978
0.00641978
0.00825406
0.00802560
0.00821521
0.00815632
0.00704167
0.00765218
0.00769925
0.00704250
0.00845704
0.00802276
0.00661344
0.00817462
0.00813998
0.00748085
0.00800858
0.00819779
0.00780714
0.00821230
0.00777957
0.00851609
0.00839048
0.00867934
0.00817655
0.00874716
0.00760629
0.00829015
0.00837763
0.00842519
0.00843811
0.00774387
0.00853520
0.00749852
0.00854728
0.00761886
0.00791282
0.00867934
0.00805879
0.00783574
0.00851408
0.00845106
0.00898979
0.00820262
0.00799631
0.00000000
0.00000000
0.00000000
0.00000000
0.00000000
0.00000000
0.00000000
0.00000000
0.00000000
0.00000000
0.00000000
0.00000000
0.00000000
0.00000000
0.00000000
0.00000000
0.00000000
0.00000000
0.00000000
0.00000000
0.00000000
0.00000000
0.00000000
0.00000000
0.00000000
0.00000000
0.00000000
0.00000000
0.00000000
0.00000000
0.00000000
0.00000000
0.00000000
0.00000000
0.00000000
0.00000000
0.00000000
0.00000000
0.00000000
0.00000000
0.00000000
0.00000000
0.00000000
0.00000000
0.00000000
0.00000000
0.00000000
0.00000000
0.00000000
0.00000000
0.00000000
0.00000000
0.00000000
0.00000000
0.00000000
0.00000000
0.00000000
0.00000000
0.00000000
0.00000000
0.00000000
0.00000000
0.00000000
0.00000000
0.00000000
0.00000000
0.00000000
0.00000000
0.00000000
0.00000000
0.00000000
0.00000000
0.00000000
0.00000000
0.00000000
0.00000000
0.00000000
0.00000000
0.00000000
0.00000000
0.00000000
0.00000000
0.00000000
0.00000000
0.00000000
0.00000000
0.00000000
0.00000000
0.00000000
0.00000000
0.00000000
0.00000000
0.00000000
0.00000000
0.00000000
0.00000000
0.00000000
0.00000000
0.00000000
0.00000000
0.00000000
0.00000000
0.00000000
0.00000000
0.00000000
0.00000000
0.00000000
0.00000000
0.00000000
0.00000000
0.00000000
0.00000000
0.00000000
0.00000000
0.00000000
0.00000000
0.00000000
0.00000000
0.00000000
0.00000000
0.00000000
0.00771224
0.00719301
0.00729123
0.00743538
0.00716591
0.00708273
0.00655311
0.00758864
0.00757790
0.00769770
0.00683249
0.00780558
0.00746789
0.00740300
0.00701705
0.00705522
0.00689157
0.00566089
0.00753157
0.00709778
0.00722276
0.00754224
0.00616549
0.00704109
0.00760387
0.00626370
0.00796271
0.00722958
0.00612201
0.00768319
0.00737772
0.00657556
0.00703030
0.00784156
0.00704773
0.00699227
0.00651689
0.00727748
0.00776426
0.00754669
0.00726290
0.00762902
0.00593574
0.00751560
0.00756540
0.00742311
0.00710700
0.00653305
0.00789725
0.00627109
0.00811248
0.00656859
0.00700217
0.00791776
0.00742311
0.00776152
0.00772134
0.00736555
0.00761374
0.00732311
0.00800508
0.00756451
0.00749259
0.00728006
0.00783879
0.00750055
0.00789818
0.00789445
0.00758595
0.00767595
0.00733002
0.00784989
0.00735167
0.00752891
0.00648087
0.00761284
0.00780190
0.00782124
0.00746789
0.00723640
0.00610471
0.00776976
0.00763082
0.00817587
0.00738295
0.00814411
0.00761284
0.00755203
0.00740213
0.00768229
0.00753069
0.00636798
0.00789632
0.00749171
0.00749259
0.00796177
0.00684540
0.00738992
0.00764703
0.00683330
0.00821647
0.00744678
0.00651766
0.00776701
0.00743362
0.00648087
0.00722702
0.00799565
0.00753246
0.00748641
0.00707689
0.00758774
0.00774871
0.00757344
0.00738643
0.00776060
0.00670398
0.00753868
0.00750940
0.00743187
0.00719895
0.00677472
0.00778627
0.00664573
0.00789166
0.00672536
0.00714819
0.00786101
0.00743012
0.00745645
0.00757612
0.00739515
0.00791870
0.00746789
0.00798528
0.00736729
0.00000000
0.00000000
0.00000000
0.00000000
0.00000000
0.00000000
0.00000000
0.00000000
0.00000000
0.00000000
0.00000000
0.00000000
0.00000000
0.00000000
0.00000000
0.00000000
0.00000000
0.00000000
0.00000000
0.00000000
0.00000000
0.00000000
0.00000000
0.00000000
0.00000000
0.00000000
0.00000000
0.00000000
0.00000000
0.00000000
0.00000000
0.00000000
0.00000000
0.00000000
0.00000000
0.00000000
0.00000000
0.00000000
0.00000000
0.00000000
0.00000000
0.00000000
0.00000000
0.00000000
0.00000000
0.00000000
0.00000000
0.00000000
0.00000000
0.00000000
0.00000000
0.00000000
0.00000000
0.00000000
0.00000000
0.00000000
0.00000000
0.00000000
0.00000000
0.00000000
0.00000000
0.00000000
0.00000000
0.00000000
0.00000000
0.00000000
0.00000000
0.00000000
0.00000000
0.00000000
0.00000000
0.00000000
0.00000000
0.00000000
0.00000000
0.00000000
0.00000000
0.00000000
0.00000000
0.00000000
0.00000000
0.00000000
0.00000000
0.00000000
0.00000000
0.00000000
0.00000000
0.00000000
0.00000000
0.00000000
0.00000000
0.00000000
0.00000000
0.00000000
0.00000000
0.00000000
0.00000000
0.00000000
0.00000000
0.00000000
0.00000000
0.00000000
0.00000000
0.00000000
0.00000000
0.00000000
0.00000000
0.00000000
0.00000000
0.00000000
0.00000000
0.00000000
0.00000000
0.00000000
0.00000000
0.00000000
0.00000000
0.00000000
0.00000000
0.00000000
0.00748229
0.00704054
0.00745323
0.00757731
0.00723839
0.00696620
0.00539771
0.00730012
0.00697525
0.00768350
0.00679579
0.00771892
0.00715437
0.00695307
0.00662018
0.00706216
0.00692280
0.00549664
0.00736932
0.00690404
0.00691056
0.00740854
0.00556513
0.00677099
0.00718227
0.00547078
0.00768712
0.00690730
0.00573098
0.00747347
0.00711399
0.00553960
0.00623962
0.00773806
0.00713836
0.00728292
0.00669635
0.00712322
0.00764373
0.00721453
0.00670030
0.00748053
0.00547465
0.00724437
0.00733377
0.00721283
0.00686912
0.00632929
0.00770709
0.00568655
0.00784002
0.00572220
0.00639608
0.00770255
0.00724096
0.00739282
0.00749819
0.00682954
0.00748229
0.00752477
0.00826929
0.00783263
0.00758446
0.00696867
0.00767082
0.00736845
0.00785854
0.00786596
0.00733723
0.00751236
0.00706716
0.00773623
0.00688778
0.00745763
0.00558091
0.00723498
0.00768078
0.00797807
0.00776915
0.00757195
0.00593318
0.00774536
0.00740679
0.00822552
0.00733204
0.00821776
0.00773167
0.00751236
0.00712406
0.00773897
0.00771073
0.00621758
0.00830937
0.00787060
0.00786781
0.00828003
0.00609201
0.00764012
0.00774628
0.00595912
0.00868408
0.00773167
0.00630768
0.00832998
0.00793397
0.00613744
0.00675425
0.00834669
0.00747788
0.00797054
0.00746114
0.00799219
0.00830056
0.00793958
0.00730443
0.00828100
0.00640967
0.00800729
0.00799502
0.00795927
0.00765907
0.00695307
0.00843477
0.00663268
0.00838122
0.00654025
0.00717719
0.00831231
0.00776915
0.00783817
0.00796773
0.00737367
0.00818681
0.00805560
0.00840299
0.00821873
0.00826052
0.00000000
0.00000000
0.00000000
0.00000000
0.00000000
0.00000000
0.00000000
0.00000000
0.00000000
0.00000000
0.00000000
0.00000000
0.00000000
0.00000000
0.00000000
0.00000000
0.00000000
0.00000000
0.00000000
0.00000000
0.00000000
0.00000000
0.00000000
0.00000000
0.00000000
0.00000000
0.00000000
0.00000000
0.00000000
0.00000000
0.00000000
0.00000000
0.00000000
0.00000000
0.00000000
0.00000000
0.00000000
0.00000000
0.00000000
0.00000000
0.00000000
0.00000000
0.00000000
0.00000000
0.00000000
0.00000000
0.00000000
0.00000000
0.00000000
0.00000000
0.00000000
0.00000000
0.00000000
0.00000000
0.00000000
0.00000000
0.00000000
0.00000000
0.00000000
0.00000000
0.00000000
0.00000000
0.00000000
0.00000000
0.00000000
0.00000000
0.00000000
0.00000000
0.00000000
0.00000000
0.00000000
0.00000000
0.00000000
0.00000000
0.00000000
0.00000000
0.00000000
0.00000000
0.00000000
0.00000000
0.00000000
0.00000000
0.00000000
0.00000000
0.00000000
0.00000000
0.00000000
0.00000000
0.00000000
0.00000000
0.00000000
0.00000000
0.00000000
0.00000000
0.00000000
0.00000000
0.00000000
0.00000000
0.00000000
0.00000000
0.00000000
0.00000000
0.00000000
0.00000000
0.00000000
0.00000000
0.00000000
0.00000000
0.00000000
0.00000000
0.00000000
0.00000000
0.00000000
0.00000000
0.00000000
0.00000000
0.00000000
0.00000000
0.00000000
0.00586001
0.00622769
0.00679081
0.00696438
0.00676045
0.00641783
0.00533429
0.00674055
0.00618305
0.00718209
0.00619546
0.00707615
0.00633436
0.00636056
0.00611921
0.00659274
0.00648784
0.00505619
0.00705366
0.00659741
0.00663486
0.00684469
0.00498279
0.00613149
0.00640800
0.00491799
0.00699566
0.00625640
0.00485002
0.00673896
0.00649550
0.00500517
0.00548938
0.00686247
0.00617285
0.00667331
0.00614525
0.00686490
0.00713229
0.00683017
0.00619692
0.00709035
0.00479881
0.00670724
0.00695782
0.00664112
0.00640346
0.00577834
0.00710877
0.00507830
0.00739264
0.00492089
0.00552445
0.00717362
0.00660519
0.00697178
0.00726386
0.00641783
0.00697013
0.00704036
0.00784722
0.00759680
0.00732754
0.00684146
0.00733099
0.00697671
0.00743899
0.00768058
0.00711381
0.00755481
0.00694552
0.00780569
0.00655089
0.00740398
0.00519767
0.00692752
0.00755927
0.00800992
0.00777812
0.00732926
0.00569781
0.00789829
0.00764083
0.00861857
0.00724163
0.00820884
0.00744162
0.00762013
0.00732840
0.00794407
0.00795438
0.00565564
0.00881595
0.00829056
0.00864198
0.00856486
0.00585656
0.00776987
0.00777904
0.00578926
0.00910870
0.00840278
0.00590162
0.00880140
0.00846744
0.00629489
0.00723480
0.00866136
0.00781121
0.00873831
0.00779189
0.00887332
0.00905729
0.00927127
0.00822143
0.00975702
0.00683339
0.00900616
0.00908617
0.00918421
0.00916690
0.00788898
0.00968594
0.00700970
0.00962445
0.00708617
0.00789643
0.00970194
0.00843754
0.00810494
0.00896272
0.00829252
0.00957802
0.00895532
0.00871978
0.00850046
0.00915393
0.00894582
0.00000000
0.00000000
0.00000000
0.00000000
0.00000000
0.00000000
0.00000000
0.00000000
0.00000000
0.00000000
0.00000000
0.00000000
0.00000000
0.00000000
0.00000000
0.00000000
0.00000000
0.00000000
0.00000000
0.00000000
0.00000000
0.00000000
0.00000000
0.00000000
0.00000000
0.00000000
0.00000000
0.00000000
0.00000000
0.00000000
0.00000000
0.00000000
0.00000000
0.00000000
0.00000000
0.00000000
0.00000000
0.00000000
0.00000000
0.00000000
0.00000000
0.00000000
0.00000000
0.00000000
0.00000000
0.00000000
0.00000000
0.00000000
0.00000000
0.00000000
0.00000000
0.00000000
0.00000000
0.00000000
0.00000000
0.00000000
0.00000000
0.00000000
0.00000000
0.00000000
0.00000000
0.00000000
0.00000000
0.00000000
0.00000000
0.00000000
0.00000000
0.00000000
0.00000000
0.00000000
0.00000000
0.00000000
0.00000000
0.00000000
0.00000000
0.00000000
0.00000000
0.00000000
0.00000000
0.00000000
0.00000000
0.00000000
0.00000000
0.00000000
0.00000000
0.00000000
0.00000000
0.00000000
0.00000000
0.00000000
0.00000000
0.00000000
0.00000000
0.00000000
0.00000000
0.00000000
0.00000000
0.00000000
0.00000000
0.00000000
0.00000000
0.00000000
0.00000000
0.00000000
0.00000000
0.00000000
0.00000000
0.00000000
0.00000000
0.00000000
0.00000000
0.00000000
0.00000000
0.00000000
0.00000000
0.00000000
0.00000000
0.00000000
0.00759151
0.00702468
0.00721528
0.00738139
0.00714752
0.00712144
0.00590030
0.00723914
0.00700069
0.00750074
0.00688362
0.00767342
0.00742154
0.00719319
0.00675335
0.00696199
0.00689906
0.00581327
0.00739969
0.00699162
0.00696117
0.00741017
0.00584834
0.00698997
0.00745840
0.00608833
0.00772609
0.00699492
0.00595693
0.00753798
0.00723402
0.00600206
0.00646119
0.00767795
0.00702633
0.00720762
0.00690394
0.00730001
0.00764722
0.00717455
0.00676212
0.00740319
0.00593379
0.00741280
0.00742242
0.00727166
0.00695543
0.00651936
0.00773247
0.00632771
0.00785009
0.00619042
0.00667024
0.00770789
0.00738487
0.00762381
0.00759241
0.00711304
0.00746984
0.00738052
0.00800623
0.00775073
0.00758525
0.00718217
0.00765715
0.00735706
0.00774434
0.00788256
0.00768339
0.00763191
0.00717539
0.00756113
0.00707039
0.00746104
0.00629273
0.00734059
0.00754065
0.00762831
0.00747954
0.00737182
0.00663102
0.00764542
0.00731294
0.00788349
0.00714921
0.00789465
0.00754065
0.00743381
0.00717709
0.00746984
0.00730777
0.00650246
0.00785750
0.00755935
0.00749632
0.00778279
0.00641411
0.00725367
0.00730432
0.00669230
0.00802230
0.00728453
0.00663650
0.00761842
0.00739272
0.00676770
0.00703297
0.00769064
0.00699162
0.00715342
0.00698502
0.00763281
0.00758883
0.00736487
0.00700647
0.00736226
0.00648332
0.00734925
0.00737530
0.00728625
0.00697844
0.00645509
0.00749190
0.00670573
0.00754154
0.00690069
0.00701143
0.00740493
0.00709127
0.00723146
0.00724854
0.00699244
0.00734319
0.00707289
0.00751490
0.00727852
0.00721187
0.00705540
0.00728883
0.00000000
0.00000000
0.00000000
0.00000000
0.00000000
0.00000000
0.00000000
0.00000000
0.00000000
0.00000000
0.00000000
0.00000000
0.00000000
0.00000000
0.00000000
0.00000000
0.00000000
0.00000000
0.00000000
0.00000000
0.00000000
0.00000000
0.00000000
0.00000000
0.00000000
0.00000000
0.00000000
0.00000000
0.00000000
0.00000000
0.00000000
0.00000000
0.00000000
0.00000000
0.00000000
0.00000000
0.00000000
0.00000000
0.00000000
0.00000000
0.00000000
0.00000000
0.00000000
0.00000000
0.00000000
0.00000000
0.00000000
0.00000000
0.00000000
0.00000000
0.00000000
0.00000000
0.00000000
0.00000000
0.00000000
0.00000000
0.00000000
0.00000000
0.00000000
0.00000000
0.00000000
0.00000000
0.00000000
0.00000000
0.00000000
0.00000000
0.00000000
0.00000000
0.00000000
0.00000000
0.00000000
0.00000000
0.00000000
0.00000000
0.00000000
0.00000000
0.00000000
0.00000000
0.00000000
0.00000000
0.00000000
0.00000000
0.00000000
0.00000000
0.00000000
0.00000000
0.00000000
0.00000000
0.00000000
0.00000000
0.00000000
0.00000000
0.00000000
0.00000000
0.00000000
0.00000000
0.00000000
0.00000000
0.00000000
0.00000000
0.00000000
0.00000000
0.00000000
0.00000000
0.00000000
0.00000000
0.00000000
0.00000000
0.00000000
0.00000000
0.00000000
0.00000000
0.00000000
0.00000000
0.00000000
0.00000000
0.00000000
0.00769640
0.00711502
0.00732879
0.00743149
0.00720198
0.00716386
0.00612531
0.00728827
0.00701338
0.00749398
0.00692054
0.00771913
0.00749663
0.00727196
0.00677837
0.00691890
0.00683053
0.00588803
0.00742623
0.00699438
0.00698367
0.00734956
0.00593824
0.00693606
0.00742361
0.00615500
0.00766018
0.00695244
0.00605350
0.00747985
0.00719773
0.00618192
0.00653426
0.00760976
0.00692217
0.00705569
0.00681524
0.00726939
0.00756948
0.00702663
0.00664226
0.00719773
0.00582930
0.00735910
0.00735997
0.00714361
0.00681203
0.00640002
0.00757037
0.00620822
0.00774101
0.00618484
0.00664069
0.00757126
0.00728484
0.00762413
0.00747456
0.00700264
0.00723347
0.00718247
0.00790430
0.00764394
0.00739913
0.00709156
0.00745959
0.00717400
0.00760527
0.00766922
0.00753119
0.00753652
0.00708989
0.00745871
0.00694343
0.00728226
0.00609577
0.00730635
0.00747720
0.00755788
0.00735736
0.00734609
0.00645460
0.00754274
0.00728999
0.00774832
0.00702083
0.00783377
0.00756412
0.00751079
0.00717908
0.00738431
0.00720537
0.00622141
0.00775014
0.00748338
0.00747720
0.00774740
0.00641211
0.00721983
0.00736344
0.00656515
0.00801979
0.00727711
0.00653194
0.00762503
0.00737735
0.00666501
0.00701338
0.00775471
0.00700346
0.00713771
0.00693688
0.00762143
0.00763943
0.00738518
0.00701669
0.00730893
0.00618848
0.00726168
0.00731324
0.00727711
0.00695736
0.00645003
0.00747280
0.00652348
0.00752497
0.00673216
0.00694424
0.00740088
0.00708237
0.00723347
0.00724713
0.00702000
0.00734263
0.00704239
0.00748956
0.00721218
0.00717400
0.00702248
0.00726253
0.00692707
0.00000000
0.00000000
0.00000000
0.00000000
0.00000000
0.00000000
0.00000000
0.00000000
0.00000000
0.00000000
0.00000000
0.00000000
0.00000000
0.00000000
0.00000000
0.00000000
0.00000000
0.00000000
0.00000000
0.00000000
0.00000000
0.00000000
0.00000000
0.00000000
0.00000000
0.00000000
0.00000000
0.00000000
0.00000000
0.00000000
0.00000000
0.00000000
0.00000000
0.00000000
0.00000000
0.00000000
0.00000000
0.00000000
0.00000000
0.00000000
0.00000000
0.00000000
0.00000000
0.00000000
0.00000000
0.00000000
0.00000000
0.00000000
0.00000000
0.00000000
0.00000000
0.00000000
0.00000000
0.00000000
0.00000000
0.00000000
0.00000000
0.00000000
0.00000000
0.00000000
0.00000000
0.00000000
0.00000000
0.00000000
0.00000000
0.00000000
0.00000000
0.00000000
0.00000000
0.00000000
0.00000000
0.00000000
0.00000000
0.00000000
0.00000000
0.00000000
0.00000000
0.00000000
0.00000000
0.00000000
0.00000000
0.00000000
0.00000000
0.00000000
0.00000000
0.00000000
0.00000000
0.00000000
0.00000000
0.00000000
0.00000000
0.00000000
0.00000000
0.00000000
0.00000000
0.00000000
0.00000000
0.00000000
0.00000000
0.00000000
0.00000000
0.00000000
0.00000000
0.00000000
0.00000000
0.00000000
0.00000000
0.00000000
0.00000000
0.00000000
0.00000000
0.00000000
0.00000000
0.00000000
0.00000000
0.00000000
0.00694461
0.00673808
0.00714567
0.00726292
0.00703612
0.00685591
0.00599697
0.00717523
0.00688914
0.00744592
0.00654540
0.00746526
0.00692907
0.00691111
0.00661212
0.00691356
0.00675957
0.00539942
0.00728952
0.00690378
0.00695363
0.00724837
0.00565423
0.00660122
0.00697745
0.00554461
0.00742750
0.00665045
0.00550292
0.00709696
0.00680677
0.00566625
0.00617642
0.00730846
0.00661135
0.00682043
0.00638303
0.00716592
0.00740826
0.00716592
0.00671666
0.00725179
0.00532354
0.00699558
0.00712968
0.00698404
0.00669293
0.00615243
0.00740214
0.00573212
0.00758418
0.00575379
0.00624306
0.00738557
0.00690215
0.00717184
0.00727235
0.00671824
0.00718369
0.00707356
0.00775513
0.00739952
0.00723641
0.00689890
0.00741525
0.00707189
0.00747672
0.00750410
0.00708943
0.00732054
0.00690460
0.00749968
0.00675001
0.00711288
0.00553351
0.00697498
0.00734388
0.00756988
0.00732054
0.00708525
0.00593086
0.00749880
0.00739778
0.00789354
0.00698321
0.00781849
0.00730587
0.00726463
0.00697581
0.00740127
0.00735602
0.00575311
0.00791591
0.00752715
0.00767415
0.00792899
0.00621661
0.00731881
0.00756363
0.00588834
0.00826508
0.00744329
0.00585579
0.00786473
0.00748996
0.00598496
0.00671903
0.00794116
0.00725265
0.00753070
0.00692335
0.00756631
0.00794584
0.00780191
0.00734042
0.00810867
0.00614300
0.00772409
0.00775970
0.00771954
0.00752271
0.00686076
0.00819713
0.00631414
0.00826215
0.00634550
0.00699640
0.00817685
0.00751916
0.00760298
0.00778078
0.00732054
0.00796930
0.00770589
0.00807527
0.00770408
0.00778812
0.00748113
0.00821358
0.00785083
0.00799755
0.00000000
0.00000000
0.00000000
0.00000000
0.00000000
0.00000000
0.00000000
0.00000000
0.00000000
0.00000000
0.00000000
0.00000000
0.00000000
0.00000000
0.00000000
0.00000000
0.00000000
0.00000000
0.00000000
0.00000000
0.00000000
0.00000000
0.00000000
0.00000000
0.00000000
0.00000000
0.00000000
0.00000000
0.00000000
0.00000000
0.00000000
0.00000000
0.00000000
0.00000000
0.00000000
0.00000000
0.00000000
0.00000000
0.00000000
0.00000000
0.00000000
0.00000000
0.00000000
0.00000000
0.00000000
0.00000000
0.00000000
0.00000000
0.00000000
0.00000000
0.00000000
0.00000000
0.00000000
0.00000000
0.00000000
0.00000000
0.00000000
0.00000000
0.00000000
0.00000000
0.00000000
0.00000000
0.00000000
0.00000000
0.00000000
0.00000000
0.00000000
0.00000000
0.00000000
0.00000000
0.00000000
0.00000000
0.00000000
0.00000000
0.00000000
0.00000000
0.00000000
0.00000000
0.00000000
0.00000000
0.00000000
0.00000000
0.00000000
0.00000000
0.00000000
0.00000000
0.00000000
0.00000000
0.00000000
0.00000000
0.00000000
0.00000000
0.00000000
0.00000000
0.00000000
0.00000000
0.00000000
0.00000000
0.00000000
0.00000000
0.00000000
0.00000000
0.00000000
0.00000000
0.00000000
0.00000000
0.00000000
0.00000000
0.00000000
0.00000000
0.00000000
0.00000000
0.00000000
0.00000000
0.00000000
0.00733905
0.00683687
0.00711239
0.00722483
0.00696546
0.00692941
0.00586576
0.00709062
0.00681353
0.00728644
0.00649957
0.00744805
0.00712919
0.00710234
0.00666963
0.00678546
0.00660310
0.00527319
0.00712583
0.00682157
0.00688136
0.00718744
0.00560340
0.00662104
0.00708477
0.00565118
0.00743225
0.00671857
0.00566653
0.00719422
0.00691227
0.00577447
0.00626180
0.00743488
0.00669642
0.00685787
0.00652107
0.00719083
0.00751067
0.00714013
0.00666255
0.00711575
0.00520707
0.00699675
0.00716966
0.00708560
0.00675831
0.00626033
0.00743137
0.00576087
0.00760336
0.00588031
0.00639314
0.00744805
0.00706474
0.00734858
0.00738594
0.00692043
0.00722654
0.00710401
0.00774454
0.00747973
0.00734771
0.00707642
0.00746299
0.00710401
0.00752575
0.00750271
0.00714603
0.00740164
0.00709480
0.00754619
0.00692451
0.00720356
0.00569400
0.00709145
0.00738594
0.00757472
0.00740338
0.00721121
0.00629512
0.00755598
0.00738333
0.00782718
0.00695151
0.00773541
0.00728558
0.00724702
0.00706808
0.00741737
0.00726157
0.00596763
0.00768449
0.00744717
0.00753374
0.00780046
0.00662104
0.00723080
0.00731486
0.00612883
0.00809760
0.00732867
0.00641807
0.00768359
0.00739378
0.00647051
0.00692614
0.00775002
0.00706141
0.00719592
0.00676150
0.00740338
0.00760515
0.00755866
0.00723763
0.00760336
0.00624411
0.00724702
0.00729074
0.00735465
0.00713592
0.00663041
0.00760246
0.00638259
0.00756847
0.00647432
0.00690087
0.00751244
0.00710150
0.00719677
0.00725301
0.00699428
0.00750890
0.00722739
0.00752131
0.00721802
0.00729676
0.00712583
0.00761862
0.00730710
0.00750625
0.00751954
0.00000000
0.00000000
0.00000000
0.00000000
0.00000000
0.00000000
0.00000000
0.00000000
0.00000000
0.00000000
0.00000000
0.00000000
0.00000000
0.00000000
0.00000000
0.00000000
0.00000000
0.00000000
0.00000000
0.00000000
0.00000000
0.00000000
0.00000000
0.00000000
0.00000000
0.00000000
0.00000000
0.00000000
0.00000000
0.00000000
0.00000000
0.00000000
0.00000000
0.00000000
0.00000000
0.00000000
0.00000000
0.00000000
0.00000000
0.00000000
0.00000000
0.00000000
0.00000000
0.00000000
0.00000000
0.00000000
0.00000000
0.00000000
0.00000000
0.00000000
0.00000000
0.00000000
0.00000000
0.00000000
0.00000000
0.00000000
0.00000000
0.00000000
0.00000000
0.00000000
0.00000000
0.00000000
0.00000000
0.00000000
0.00000000
0.00000000
0.00000000
0.00000000
0.00000000
0.00000000
0.00000000
0.00000000
0.00000000
0.00000000
0.00000000
0.00000000
0.00000000
0.00000000
0.00000000
0.00000000
0.00000000
0.00000000
0.00000000
0.00000000
0.00000000
0.00000000
0.00000000
0.00000000
0.00000000
0.00000000
0.00000000
0.00000000
0.00000000
0.00000000
0.00000000
0.00000000
0.00000000
0.00000000
0.00000000
0.00000000
0.00000000
0.00000000
0.00000000
0.00000000
0.00000000
0.00000000
0.00000000
0.00000000
0.00000000
0.00000000
0.00000000
0.00000000
0.00000000
0.00000000
0.00539733
0.00591110
0.00617038
0.00636477
0.00626128
0.00600526
0.00541007
0.00628569
0.00589092
0.00655599
0.00596713
0.00633481
0.00590831
0.00604505
0.00606218
0.00619225
0.00610451
0.00512560
0.00630054
0.00620102
0.00630128
0.00629979
0.00531834
0.00593555
0.00595237
0.00529706
0.00642434
0.00624432
0.00546845
0.00638883
0.00632958
0.00544977
0.00567207
0.00631989
0.00604861
0.00638883
0.00605432
0.00635277
0.00658621
0.00661736
0.00623181
0.00673944
0.00526095
0.00632734
0.00665179
0.00655986
0.00656450
0.00612254
0.00669586
0.00536496
0.00682824
0.00538207
0.00577875
0.00678329
0.00639637
0.00655213
0.00688891
0.00643951
0.00659243
0.00663611
0.00692801
0.00691169
0.00695995
0.00673944
0.00693537
0.00674739
0.00690599
0.00714627
0.00672118
0.00716483
0.00694110
0.00742287
0.00669665
0.00716906
0.00584593
0.00664786
0.00705499
0.00742112
0.00736184
0.00693619
0.00604291
0.00739142
0.00716821
0.00798691
0.00720636
0.00745973
0.00685972
0.00714964
0.00734276
0.00770381
0.00773294
0.00640467
0.00789420
0.00771654
0.00794369
0.00776951
0.00649749
0.00735056
0.00703173
0.00626645
0.00804173
0.00798785
0.00671484
0.00801994
0.00800671
0.00694437
0.00740101
0.00773568
0.00755446
0.00827064
0.00771472
0.00817175
0.00804742
0.00854731
0.00804457
0.00886140
0.00769655
0.00810170
0.00817464
0.00840437
0.00873069
0.00809501
0.00854227
0.00760990
0.00839446
0.00756694
0.00794463
0.00873172
0.00797091
0.00745709
0.00828529
0.00809597
0.00891276
0.00831760
0.00767298
0.00763147
0.00837765
0.00829996
0.00873481
0.00836383
0.00779612
0.00880515
0.00890330
0.00000000
0.00000000
0.00000000
0.00000000
0.00000000
0.00000000
0.00000000
0.00000000
0.00000000
0.00000000
0.00000000
0.00000000
0.00000000
0.00000000
0.00000000
0.00000000
0.00000000
0.00000000
0.00000000
0.00000000
0.00000000
0.00000000
0.00000000
0.00000000
0.00000000
0.00000000
0.00000000
0.00000000
0.00000000
0.00000000
0.00000000
0.00000000
0.00000000
0.00000000
0.00000000
0.00000000
0.00000000
0.00000000
0.00000000
0.00000000
0.00000000
0.00000000
0.00000000
0.00000000
0.00000000
0.00000000
0.00000000
0.00000000
0.00000000
0.00000000
0.00000000
0.00000000
0.00000000
0.00000000
0.00000000
0.00000000
0.00000000
0.00000000
0.00000000
0.00000000
0.00000000
0.00000000
0.00000000
0.00000000
0.00000000
0.00000000
0.00000000
0.00000000
0.00000000
0.00000000
0.00000000
0.00000000
0.00000000
0.00000000
0.00000000
0.00000000
0.00000000
0.00000000
0.00000000
0.00000000
0.00000000
0.00000000
0.00000000
0.00000000
0.00000000
0.00000000
0.00000000
0.00000000
0.00000000
0.00000000
0.00000000
0.00000000
0.00000000
0.00000000
0.00000000
0.00000000
0.00000000
0.00000000
0.00000000
0.00000000
0.00000000
0.00000000
0.00000000
0.00000000
0.00000000
0.00000000
0.00000000
0.00000000
0.00000000
0.00000000
0.00000000
0.00000000
0.00000000
0.00688579
0.00647772
0.00684692
0.00705762
0.00686552
0.00671022
0.00579251
0.00691264
0.00667077
0.00717343
0.00628656
0.00718782
0.00665427
0.00662608
0.00640933
0.00668652
0.00655921
0.00530591
0.00693142
0.00656153
0.00660891
0.00699795
0.00563152
0.00643584
0.00683240
0.00531531
0.00725767
0.00652834
0.00552299
0.00703353
0.00675309
0.00555959
0.00600750
0.00717850
0.00650145
0.00668022
0.00620114
0.00680024
0.00719630
0.00693878
0.00659567
0.00705513
0.00506262
0.00665113
0.00678022
0.00673877
0.00650222
0.00612627
0.00722437
0.00564549
0.00736806
0.00542039
0.00597852
0.00718528
0.00676824
0.00704266
0.00708347
0.00654916
0.00692161
0.00689310
0.00756976
0.00723972
0.00708013
0.00672289
0.00723119
0.00693469
0.00740465
0.00734637
0.00677303
0.00702689
0.00673400
0.00738720
0.00680345
0.00709518
0.00559973
0.00688092
0.00710020
0.00741426
0.00726024
0.00702938
0.00591749
0.00743791
0.00725596
0.00781929
0.00692733
0.00768944
0.00716666
0.00703601
0.00682274
0.00732474
0.00729285
0.00595108
0.00777240
0.00737415
0.00740465
0.00775592
0.00623046
0.00721500
0.00743089
0.00594267
0.00811620
0.00724228
0.00579935
0.00773765
0.00750133
0.00632672
0.00685985
0.00779995
0.00718359
0.00745899
0.00689473
0.00741251
0.00771214
0.00760377
0.00717173
0.00793636
0.00651603
0.00754392
0.00750133
0.00744317
0.00722266
0.00663155
0.00792233
0.00654762
0.00792326
0.00632224
0.00678582
0.00781192
0.00729457
0.00734204
0.00754570
0.00714388
0.00769942
0.00740552
0.00772853
0.00741776
0.00755371
0.00718782
0.00786739
0.00751196
0.00769034
0.00797482
0.00768037
0.00745020
0.00000000
0.00000000
0.00000000
0.00000000
0.00000000
0.00000000
0.00000000
0.00000000
0.00000000
0.00000000
0.00000000
0.00000000
0.00000000
0.00000000
0.00000000
0.00000000
0.00000000
0.00000000
0.00000000
0.00000000
0.00000000
0.00000000
0.00000000
0.00000000
0.00000000
0.00000000
0.00000000
0.00000000
0.00000000
0.00000000
0.00000000
0.00000000
0.00000000
0.00000000
0.00000000
0.00000000
0.00000000
0.00000000
0.00000000
0.00000000
0.00000000
0.00000000
0.00000000
0.00000000
0.00000000
0.00000000
0.00000000
0.00000000
0.00000000
0.00000000
0.00000000
0.00000000
0.00000000
0.00000000
0.00000000
0.00000000
0.00000000
0.00000000
0.00000000
0.00000000
0.00000000
0.00000000
0.00000000
0.00000000
0.00000000
0.00000000
0.00000000
0.00000000
0.00000000
0.00000000
0.00000000
0.00000000
0.00000000
0.00000000
0.00000000
0.00000000
0.00000000
0.00000000
0.00000000
0.00000000
0.00000000
0.00000000
0.00000000
0.00000000
0.00000000
0.00000000
0.00000000
0.00000000
0.00000000
0.00000000
0.00000000
0.00000000
0.00000000
0.00000000
0.00000000
0.00000000
0.00000000
0.00000000
0.00000000
0.00000000
0.00000000
0.00000000
0.00000000
0.00000000
0.00000000
0.00000000
0.00000000
0.00000000
0.00000000
0.00000000
0.00000000
0.00000000
0.00695852
0.00648544
0.00677231
0.00699803
0.00680193
0.00663084
0.00565221
0.00685104
0.00666220
0.00711118
0.00632306
0.00713638
0.00664102
0.00650306
0.00629108
0.00665591
0.00659263
0.00549836
0.00692333
0.00653458
0.00654460
0.00698566
0.00564888
0.00649846
0.00687208
0.00544416
0.00724151
0.00652688
0.00556097
0.00703195
0.00672932
0.00551330
0.00597224
0.00716505
0.00654229
0.00669528
0.00621805
0.00667399
0.00710279
0.00684619
0.00655387
0.00706437
0.00537209
0.00669528
0.00675556
0.00665827
0.00641318
0.00605237
0.00716759
0.00571792
0.00729896
0.00548864
0.00602104
0.00714817
0.00679151
0.00703610
0.00705022
0.00654306
0.00696427
0.00695852
0.00759220
0.00727661
0.00708690
0.00667084
0.00719893
0.00696345
0.00742660
0.00738380
0.00684135
0.00698731
0.00664728
0.00726546
0.00672932
0.00709359
0.00575852
0.00693068
0.00709191
0.00734559
0.00719469
0.00702035
0.00589944
0.00735426
0.00711957
0.00771860
0.00695360
0.00762630
0.00722530
0.00702200
0.00676672
0.00720488
0.00718197
0.00609032
0.00769678
0.00732137
0.00728863
0.00765333
0.00615748
0.00718790
0.00732396
0.00625557
0.00800035
0.00718536
0.00597718
0.00761732
0.00737945
0.00636271
0.00680915
0.00763891
0.00704606
0.00730326
0.00692333
0.00735859
0.00751825
0.00732483
0.00691353
0.00763891
0.00671901
0.00748640
0.00741085
0.00731619
0.00707103
0.00649616
0.00768952
0.00672456
0.00767955
0.00656315
0.00683570
0.00757521
0.00714902
0.00716590
0.00733260
0.00700711
0.00754668
0.00723042
0.00752978
0.00726718
0.00736641
0.00702283
0.00757521
0.00724920
0.00740735
0.00770859
0.00760027
0.00731706
0.00681879
0.00000000
0.00000000
0.00000000
0.00000000
0.00000000
0.00000000
0.00000000
0.00000000
0.00000000
0.00000000
0.00000000
0.00000000
0.00000000
0.00000000
0.00000000
0.00000000
0.00000000
0.00000000
0.00000000
0.00000000
0.00000000
0.00000000
0.00000000
0.00000000
0.00000000
0.00000000
0.00000000
0.00000000
0.00000000
0.00000000
0.00000000
0.00000000
0.00000000
0.00000000
0.00000000
0.00000000
0.00000000
0.00000000
0.00000000
0.00000000
0.00000000
0.00000000
0.00000000
0.00000000
0.00000000
0.00000000
0.00000000
0.00000000
0.00000000
0.00000000
0.00000000
0.00000000
0.00000000
0.00000000
0.00000000
0.00000000
0.00000000
0.00000000
0.00000000
0.00000000
0.00000000
0.00000000
0.00000000
0.00000000
0.00000000
0.00000000
0.00000000
0.00000000
0.00000000
0.00000000
0.00000000
0.00000000
0.00000000
0.00000000
0.00000000
0.00000000
0.00000000
0.00000000
0.00000000
0.00000000
0.00000000
0.00000000
0.00000000
0.00000000
0.00000000
0.00000000
0.00000000
0.00000000
0.00000000
0.00000000
0.00000000
0.00000000
0.00000000
0.00000000
0.00000000
0.00000000
0.00000000
0.00000000
0.00000000
0.00000000
0.00000000
0.00000000
0.00000000
0.00000000
0.00000000
0.00000000
0.00000000
0.00000000
0.00000000
0.00000000
0.00000000
0.00757109
0.00687807
0.00699175
0.00714092
0.00697363
0.00695310
0.00625881
0.00708137
0.00704057
0.00719842
0.00656346
0.00735807
0.00707803
0.00676783
0.00641499
0.00672407
0.00671377
0.00605836
0.00720011
0.00672963
0.00667351
0.00708806
0.00578192
0.00668296
0.00726837
0.00595283
0.00730015
0.00654954
0.00569395
0.00709140
0.00684893
0.00598168
0.00637427
0.00736588
0.00678141
0.00684570
0.00655031
0.00696459
0.00730618
0.00694900
0.00670586
0.00713587
0.00599298
0.00703891
0.00697281
0.00674950
0.00641499
0.00603554
0.00727952
0.00622054
0.00743570
0.00616576
0.00648115
0.00724526
0.00697610
0.00728038
0.00715272
0.00676783
0.00709977
0.00706719
0.00767086
0.00741994
0.00721031
0.00691956
0.00730963
0.00705803
0.00751859
0.00742957
0.00711402
0.00705137
0.00665151
0.00704389
0.00665544
0.00705720
0.00630251
0.00720181
0.00729843
0.00727008
0.00708806
0.00701405
0.00630697
0.00734073
0.00710480
0.00748586
0.00689187
0.00752214
0.00732862
0.00708137
0.00675667
0.00698928
0.00684893
0.00610858
0.00744711
0.00720521
0.00715019
0.00743834
0.00642256
0.00702564
0.00715778
0.00678461
0.00764827
0.00686753
0.00613674
0.00713671
0.00689431
0.00637126
0.00676863
0.00730963
0.00677662
0.00674552
0.00662724
0.00703061
0.00710815
0.00676225
0.00644533
0.00682393
0.00626767
0.00699587
0.00696870
0.00683279
0.00648115
0.00598027
0.00696788
0.00631516
0.00699175
0.00654182
0.00657973
0.00677742
0.00652179
0.00671853
0.00662880
0.00648727
0.00681348
0.00657585
0.00703725
0.00675109
0.00666722
0.00646207
0.00685782
0.00661943
0.00687888
0.00686186
0.00683602
0.00676624
0.00628988
0.00642635
0.00000000
0.00000000
0.00000000
0.00000000
0.00000000
0.00000000
0.00000000
0.00000000
0.00000000
0.00000000
0.00000000
0.00000000
0.00000000
0.00000000
0.00000000
0.00000000
0.00000000
0.00000000
0.00000000
0.00000000
0.00000000
0.00000000
0.00000000
0.00000000
0.00000000
0.00000000
0.00000000
0.00000000
0.00000000
0.00000000
0.00000000
0.00000000
0.00000000
0.00000000
0.00000000
0.00000000
0.00000000
0.00000000
0.00000000
0.00000000
0.00000000
0.00000000
0.00000000
0.00000000
0.00000000
0.00000000
0.00000000
0.00000000
0.00000000
0.00000000
0.00000000
0.00000000
0.00000000
0.00000000
0.00000000
0.00000000
0.00000000
0.00000000
0.00000000
0.00000000
0.00000000
0.00000000
0.00000000
0.00000000
0.00000000
0.00000000
0.00000000
0.00000000
0.00000000
0.00000000
0.00000000
0.00000000
0.00000000
0.00000000
0.00000000
0.00000000
0.00000000
0.00000000
0.00000000
0.00000000
0.00000000
0.00000000
0.00000000
0.00000000
0.00000000
0.00000000
0.00000000
0.00000000
0.00000000
0.00000000
0.00000000
0.00000000
0.00000000
0.00000000
0.00000000
0.00000000
0.00000000
0.00000000
0.00000000
0.00000000
0.00000000
0.00000000
0.00000000
0.00000000
0.00000000
0.00000000
0.00000000
0.00000000
0.00000000
0.00000000
0.00480996
0.00544982
0.00588888
0.00610312
0.00593839
0.00551122
0.00464330
0.00598409
0.00547946
0.00646849
0.00576179
0.00619449
0.00548852
0.00566543
0.00571913
0.00606652
0.00596718
0.00465591
0.00616097
0.00590905
0.00599186
0.00615008
0.00489176
0.00564942
0.00555232
0.00461818
0.00632217
0.00596015
0.00490736
0.00615081
0.00594821
0.00470726
0.00503161
0.00592930
0.00553010
0.00589166
0.00534920
0.00576246
0.00607296
0.00604367
0.00566409
0.00641304
0.00466031
0.00595733
0.00621131
0.00605580
0.00606580
0.00560627
0.00634233
0.00463345
0.00648912
0.00437174
0.00495681
0.00636932
0.00586670
0.00605009
0.00638963
0.00573534
0.00609736
0.00614863
0.00672202
0.00643046
0.00629613
0.00583702
0.00631397
0.00614646
0.00639868
0.00675222
0.00630133
0.00672361
0.00634458
0.00716066
0.00618573
0.00670144
0.00492708
0.00609233
0.00652826
0.00707754
0.00686301
0.00646849
0.00484526
0.00684684
0.00665262
0.00767938
0.00671568
0.00732984
0.00657695
0.00685977
0.00675859
0.00734109
0.00755006
0.00568149
0.00794938
0.00735062
0.00760009
0.00761265
0.00508590
0.00706587
0.00708590
0.00521343
0.00810176
0.00787194
0.00550083
0.00825317
0.00805603
0.00574957
0.00652826
0.00791103
0.00737493
0.00852724
0.00752428
0.00818145
0.00843522
0.00873076
0.00787752
0.00955508
0.00685249
0.00856756
0.00861620
0.00861924
0.00889078
0.00789612
0.00938754
0.00678174
0.00943749
0.00641682
0.00737928
0.00977161
0.00853730
0.00797379
0.00916222
0.00838958
0.00950563
0.00894230
0.00852925
0.00837277
0.00907190
0.00862942
0.00929280
0.00868660
0.00828926
0.00989803
0.01003556
0.00930377
0.00903559
0.00982592
0.00923926
0.00000000
0.00000000
0.00000000
0.00000000
0.00000000
0.00000000
0.00000000
0.00000000
0.00000000
0.00000000
0.00000000
0.00000000
0.00000000
0.00000000
0.00000000
0.00000000
0.00000000
0.00000000
0.00000000
0.00000000
0.00000000
0.00000000
0.00000000
0.00000000
0.00000000
0.00000000
0.00000000
0.00000000
0.00000000
0.00000000
0.00000000
0.00000000
0.00000000
0.00000000
0.00000000
0.00000000
0.00000000
0.00000000
0.00000000
0.00000000
0.00000000
0.00000000
0.00000000
0.00000000
0.00000000
0.00000000
0.00000000
0.00000000
0.00000000
0.00000000
0.00000000
0.00000000
0.00000000
0.00000000
0.00000000
0.00000000
0.00000000
0.00000000
0.00000000
0.00000000
0.00000000
0.00000000
0.00000000
0.00000000
0.00000000
0.00000000
0.00000000
0.00000000
0.00000000
0.00000000
0.00000000
0.00000000
0.00000000
0.00000000
0.00000000
0.00000000
0.00000000
0.00000000
0.00000000
0.00000000
0.00000000
0.00000000
0.00000000
0.00000000
0.00000000
0.00000000
0.00000000
0.00000000
0.00000000
0.00000000
0.00000000
0.00000000
0.00000000
0.00000000
0.00000000
0.00000000
0.00000000
0.00000000
0.00000000
0.00000000
0.00000000
0.00000000
0.00000000
0.00000000
0.00000000
0.00000000
0.00000000
0.00000000
0.00000000
0.00742136
0.00681318
0.00705106
0.00708691
0.00672853
0.00662460
0.00543968
0.00700299
0.00677232
0.00721254
0.00641319
0.00739340
0.00707772
0.00694951
0.00643365
0.00664651
0.00644428
0.00499920
0.00710197
0.00675955
0.00682846
0.00717775
0.00537400
0.00655775
0.00697003
0.00550356
0.00746437
0.00662069
0.00542942
0.00706271
0.00665906
0.00540387
0.00603171
0.00730327
0.00650000
0.00652920
0.00610903
0.00678511
0.00725605
0.00684539
0.00633950
0.00691110
0.00512577
0.00692987
0.00704275
0.00688344
0.00646941
0.00577826
0.00721169
0.00519637
0.00735774
0.00559980
0.00617276
0.00717521
0.00673012
0.00703611
0.00700630
0.00654461
0.00699061
0.00684459
0.00756897
0.00717183
0.00699309
0.00666378
0.00723640
0.00686642
0.00729811
0.00729897
0.00700630
0.00720149
0.00679312
0.00725948
0.00648851
0.00688832
0.00518291
0.00685671
0.00723213
0.00737859
0.00708524
0.00690051
0.00548412
0.00717690
0.00691436
0.00752358
0.00665278
0.00754936
0.00712966
0.00701953
0.00669845
0.00697908
0.00679873
0.00532542
0.00725520
0.00695361
0.00701456
0.00746877
0.00591408
0.00688750
0.00705023
0.00568029
0.00784341
0.00704109
0.00613502
0.00745997
0.00701291
0.00561237
0.00621366
0.00752624
0.00673647
0.00684943
0.00640413
0.00699309
0.00733694
0.00704607
0.00666614
0.00716168
0.00543775
0.00693887
0.00701539
0.00707355
0.00678111
0.00625410
0.00739951
0.00569639
0.00739253
0.00579327
0.00641168
0.00729897
0.00686480
0.00699309
0.00694869
0.00655156
0.00708022
0.00690947
0.00746877
0.00705688
0.00694787
0.00662226
0.00717690
0.00687371
0.00721680
0.00724408
0.00693478
0.00700960
0.00673727
0.00720914
0.00680755
0.00683813
0.00000000
0.00000000
0.00000000
0.00000000
0.00000000
0.00000000
0.00000000
0.00000000
0.00000000
0.00000000
0.00000000
0.00000000
0.00000000
0.00000000
0.00000000
0.00000000
0.00000000
0.00000000
0.00000000
0.00000000
0.00000000
0.00000000
0.00000000
0.00000000
0.00000000
0.00000000
0.00000000
0.00000000
0.00000000
0.00000000
0.00000000
0.00000000
0.00000000
0.00000000
0.00000000
0.00000000
0.00000000
0.00000000
0.00000000
0.00000000
0.00000000
0.00000000
0.00000000
0.00000000
0.00000000
0.00000000
0.00000000
0.00000000
0.00000000
0.00000000
0.00000000
0.00000000
0.00000000
0.00000000
0.00000000
0.00000000
0.00000000
0.00000000
0.00000000
0.00000000
0.00000000
0.00000000
0.00000000
0.00000000
0.00000000
0.00000000
0.00000000
0.00000000
0.00000000
0.00000000
0.00000000
0.00000000
0.00000000
0.00000000
0.00000000
0.00000000
0.00000000
0.00000000
0.00000000
0.00000000
0.00000000
0.00000000
0.00000000
0.00000000
0.00000000
0.00000000
0.00000000
0.00000000
0.00000000
0.00000000
0.00000000
0.00000000
0.00000000
0.00000000
0.00000000
0.00000000
0.00000000
0.00000000
0.00000000
0.00000000
0.00000000
0.00000000
0.00000000
0.00000000
0.00000000
0.00000000
0.00000000
0.00000000
0.00146016
0.00232053
0.00254532
0.00296881
0.00309684
0.00262334
0.00198646
0.00327142
0.00246613
0.00386645
0.00329698
0.00321064
0.00235416
0.00281935
0.00338484
0.00419524
0.00410469
0.00256007
0.00345828
0.00359934
0.00334950
0.00366142
0.00157166
0.00321330
0.00239561
0.00204012
0.00364419
0.00365754
0.00217043
0.00347791
0.00354667
0.00221883
0.00233013
0.00286595
0.00274229
0.00330243
0.00274358
0.00277384
0.00308336
0.00341733
0.00291813
0.00395594
0.00228495
0.00326564
0.00378390
0.00393546
0.00421010
0.00377721
0.00408827
0.00307972
0.00416467
0.00216404
0.00223221
0.00380269
0.00326679
0.00291882
0.00410324
0.00325986
0.00348818
0.00363904
0.00382699
0.00387376
0.00401327
0.00334555
0.00372370
0.00364677
0.00361295
0.00456380
0.00394848
0.00498175
0.00471758
0.00577578
0.00412070
0.00540218
0.00346563
0.00390633
0.00418338
0.00526134
0.00501181
0.00402180
0.00212885
0.00497647
0.00476848
0.00657119
0.00524090
0.00526258
0.00417205
0.00498058
0.00537676
0.00680303
0.00764645
0.00428828
0.00746909
0.00689836
0.00758627
0.00643164
0.00208463
0.00559278
0.00513809
0.00235055
0.00694243
0.00815214
0.00294718
0.00827126
0.00873546
0.00421110
0.00573776
0.00730100
0.00785856
0.01153612
0.00830939
0.00827419
0.00945706
0.01202510
0.00914340
0.01528328
0.00814926
0.01099677
0.01175865
0.01229325
0.01492173
0.01044807
0.01408387
0.00597110
0.01388596
0.00683117
0.00914340
0.01669867
0.01190376
0.00836149
0.01412879
0.01231938
0.01578708
0.01351755
0.00892289
0.00978264
0.01408055
0.01393189
0.01466008
0.01275703
0.00932746
0.01699270
0.02009772
0.01586547
0.01725320
0.01894910
0.01740648
0.02828647
0.05899639
0.00000000
0.00000000
0.00000000
0.00000000
0.00000000
0.00000000
0.00000000
0.00000000
0.00000000
0.00000000
0.00000000
0.00000000
0.00000000
0.00000000
0.00000000
0.00000000
0.00000000
0.00000000
0.00000000
0.00000000
0.00000000
0.00000000
0.00000000
0.00000000
0.00000000
0.00000000
0.00000000
0.00000000
0.00000000
0.00000000
0.00000000
0.00000000
0.00000000
0.00000000
0.00000000
0.00000000
0.00000000
0.00000000
0.00000000
0.00000000
0.00000000
0.00000000
0.00000000
0.00000000
0.00000000
0.00000000
0.00000000
0.00000000
0.00000000
0.00000000
0.00000000
0.00000000
0.00000000
0.00000000
0.00000000
0.00000000
0.00000000
0.00000000
0.00000000
0.00000000
0.00000000
0.00000000
0.00000000
0.00000000
0.00000000
0.00000000
0.00000000
0.00000000
0.00000000
0.00000000
0.00000000
0.00000000
0.00000000
0.00000000
0.00000000
0.00000000
0.00000000
0.00000000
0.00000000
0.00000000
0.00000000
0.00000000
0.00000000
0.00000000
0.00000000
0.00000000
0.00000000
0.00000000
0.00000000
0.00000000
0.00000000
0.00000000
0.00000000
0.00000000
0.00000000
0.00000000
0.00000000
0.00000000
0.00000000
0.00000000
0.00000000
0.00000000
0.00000000
0.00000000
0.00000000
0.00000000
0.00000000
0.00566975
0.00594292
0.00621898
0.00634642
0.00618169
0.00593942
0.00524331
0.00625871
0.00593451
0.00655098
0.00598442
0.00646884
0.00599218
0.00603331
0.00594012
0.00623881
0.00617513
0.00526313
0.00645360
0.00618169
0.00620286
0.00638696
0.00511565
0.00596047
0.00603545
0.00518611
0.00651324
0.00610057
0.00518000
0.00632699
0.00613159
0.00511987
0.00546105
0.00628905
0.00587186
0.00609338
0.00573092
0.00608620
0.00636141
0.00619190
0.00588850
0.00642777
0.00506821
0.00621678
0.00636966
0.00618752
0.00607831
0.00568112
0.00649636
0.00521187
0.00667420
0.00514287
0.00553888
0.00654095
0.00616930
0.00634866
0.00654172
0.00605470
0.00634642
0.00635691
0.00687310
0.00664044
0.00648258
0.00614897
0.00647494
0.00629795
0.00658584
0.00677172
0.00649023
0.00674780
0.00641414
0.00695300
0.00623808
0.00666712
0.00540020
0.00641565
0.00672080
0.00700568
0.00679973
0.00654403
0.00534256
0.00686014
0.00670260
0.00735709
0.00663339
0.00716105
0.00670497
0.00680535
0.00664592
0.00702056
0.00707375
0.00574920
0.00750165
0.00714839
0.00732246
0.00733283
0.00559271
0.00687472
0.00689909
0.00564240
0.00765357
0.00731987
0.00579071
0.00755849
0.00734408
0.00585595
0.00647189
0.00743647
0.00696859
0.00753624
0.00696777
0.00744085
0.00764906
0.00768704
0.00714755
0.00806787
0.00643308
0.00763464
0.00769520
0.00766441
0.00769248
0.00697517
0.00804791
0.00630316
0.00809265
0.00639526
0.00701063
0.00824194
0.00752647
0.00730779
0.00785290
0.00742420
0.00807453
0.00774802
0.00767889
0.00751405
0.00784734
0.00760409
0.00801004
0.00761575
0.00752558
0.00823417
0.00822640
0.00793295
0.00768976
0.00813187
0.00767889
0.00830732
0.00785197
0.00738752
0.00000000
0.00000000
0.00000000
0.00000000
0.00000000
0.00000000
0.00000000
0.00000000
0.00000000
0.00000000
0.00000000
0.00000000
0.00000000
0.00000000
0.00000000
0.00000000
0.00000000
0.00000000
0.00000000
0.00000000
0.00000000
0.00000000
0.00000000
0.00000000
0.00000000
0.00000000
0.00000000
0.00000000
0.00000000
0.00000000
0.00000000
0.00000000
0.00000000
0.00000000
0.00000000
0.00000000
0.00000000
0.00000000
0.00000000
0.00000000
0.00000000
0.00000000
0.00000000
0.00000000
0.00000000
0.00000000
0.00000000
0.00000000
0.00000000
0.00000000
0.00000000
0.00000000
0.00000000
0.00000000
0.00000000
0.00000000
0.00000000
0.00000000
0.00000000
0.00000000
0.00000000
0.00000000
0.00000000
0.00000000
0.00000000
0.00000000
0.00000000
0.00000000
0.00000000
0.00000000
0.00000000
0.00000000
0.00000000
0.00000000
0.00000000
0.00000000
0.00000000
0.00000000
0.00000000
0.00000000
0.00000000
0.00000000
0.00000000
0.00000000
0.00000000
0.00000000
0.00000000
0.00000000
0.00000000
0.00000000
0.00000000
0.00000000
0.00000000
0.00000000
0.00000000
0.00000000
0.00000000
0.00000000
0.00000000
0.00000000
0.00000000
0.00000000
0.00000000
0.00000000
0.00000000
0.00000000
0.00556437
0.00576885
0.00598437
0.00615399
0.00604537
0.00586558
0.00526682
0.00609405
0.00580434
0.00634562
0.00597379
0.00622039
0.00591351
0.00596886
0.00596816
0.00607253
0.00599355
0.00510175
0.00609692
0.00604965
0.00612648
0.00618164
0.00546938
0.00584004
0.00586627
0.00509814
0.00624981
0.00599779
0.00545007
0.00614674
0.00604252
0.00522475
0.00546551
0.00610124
0.00591002
0.00612648
0.00588359
0.00603184
0.00627418
0.00620867
0.00597802
0.00633664
0.00515558
0.00600983
0.00624907
0.00619769
0.00620062
0.00591072
0.00635161
0.00518974
0.00643303
0.00527490
0.00572682
0.00645811
0.00618164
0.00637337
0.00645887
0.00609692
0.00614602
0.00623803
0.00656485
0.00650014
0.00649707
0.00628455
0.00652087
0.00640955
0.00657182
0.00674139
0.00639068
0.00670649
0.00653935
0.00693165
0.00641409
0.00667257
0.00550497
0.00626087
0.00651165
0.00685766
0.00682378
0.00663099
0.00586005
0.00677726
0.00660679
0.00720249
0.00669069
0.00694966
0.00657725
0.00674536
0.00679807
0.00707537
0.00714159
0.00615762
0.00726648
0.00715340
0.00727935
0.00724851
0.00633889
0.00695950
0.00678366
0.00601692
0.00744255
0.00723058
0.00623876
0.00735269
0.00728880
0.00631575
0.00661303
0.00713654
0.00687061
0.00745573
0.00713234
0.00748657
0.00739443
0.00763728
0.00731722
0.00787323
0.00691288
0.00730515
0.00737179
0.00750425
0.00768335
0.00730774
0.00772971
0.00698335
0.00763818
0.00670175
0.00708706
0.00784635
0.00736658
0.00711637
0.00758522
0.00738833
0.00779378
0.00744255
0.00715424
0.00713402
0.00759506
0.00751753
0.00776900
0.00749540
0.00722632
0.00791700
0.00798357
0.00765531
0.00757538
0.00780114
0.00778276
0.00803362
0.00823896
0.00708204
0.00760941
0.00000000
0.00000000
0.00000000
0.00000000
0.00000000
0.00000000
0.00000000
0.00000000
0.00000000
0.00000000
0.00000000
0.00000000
0.00000000
0.00000000
0.00000000
0.00000000
0.00000000
0.00000000
0.00000000
0.00000000
0.00000000
0.00000000
0.00000000
0.00000000
0.00000000
0.00000000
0.00000000
0.00000000
0.00000000
0.00000000
0.00000000
0.00000000
0.00000000
0.00000000
0.00000000
0.00000000
0.00000000
0.00000000
0.00000000
0.00000000
0.00000000
0.00000000
0.00000000
0.00000000
0.00000000
0.00000000
0.00000000
0.00000000
0.00000000
0.00000000
0.00000000
0.00000000
0.00000000
0.00000000
0.00000000
0.00000000
0.00000000
0.00000000
0.00000000
0.00000000
0.00000000
0.00000000
0.00000000
0.00000000
0.00000000
0.00000000
0.00000000
0.00000000
0.00000000
0.00000000
0.00000000
0.00000000
0.00000000
0.00000000
0.00000000
0.00000000
0.00000000
0.00000000
0.00000000
0.00000000
0.00000000
0.00000000
0.00000000
0.00000000
0.00000000
0.00000000
0.00000000
0.00000000
0.00000000
0.00000000
0.00000000
0.00000000
0.00000000
0.00000000
0.00000000
0.00000000
0.00000000
0.00000000
0.00000000
0.00000000
0.00000000
0.00000000
0.00000000
0.00000000
0.00000000
0.00661122
0.00623999
0.00653756
0.00671098
0.00654373
0.00639194
0.00549568
0.00660187
0.00629395
0.00686468
0.00621209
0.00695677
0.00651447
0.00644113
0.00616902
0.00641460
0.00631477
0.00512205
0.00666288
0.00633341
0.00631402
0.00672604
0.00545693
0.00625399
0.00660187
0.00526475
0.00692240
0.00618067
0.00524678
0.00663387
0.00635211
0.00531905
0.00567283
0.00670386
0.00608807
0.00623337
0.00589170
0.00642065
0.00672128
0.00644949
0.00613998
0.00666602
0.00514991
0.00652216
0.00657312
0.00645406
0.00621209
0.00585775
0.00686144
0.00539550
0.00695842
0.00503461
0.00558125
0.00674431
0.00642975
0.00674033
0.00668807
0.00621136
0.00648840
0.00645786
0.00713374
0.00682915
0.00660576
0.00626433
0.00673795
0.00651831
0.00692812
0.00699049
0.00665189
0.00677061
0.00640704
0.00695185
0.00640628
0.00672366
0.00537581
0.00655068
0.00668570
0.00694120
0.00679220
0.00667389
0.00567349
0.00696088
0.00676422
0.00724823
0.00647693
0.00723286
0.00684043
0.00677540
0.00650296
0.00684285
0.00679060
0.00569562
0.00726535
0.00688332
0.00687359
0.00723201
0.00560235
0.00678900
0.00696170
0.00589587
0.00758671
0.00688089
0.00568958
0.00727650
0.00703930
0.00604300
0.00644341
0.00728250
0.00658709
0.00683721
0.00645330
0.00704844
0.00720137
0.00706842
0.00668807
0.00727221
0.00609022
0.00709682
0.00706509
0.00701775
0.00677141
0.00623043
0.00741773
0.00637312
0.00744665
0.00619746
0.00646167
0.00729368
0.00684205
0.00684851
0.00705260
0.00674033
0.00719034
0.00684689
0.00717001
0.00687359
0.00694530
0.00670149
0.00712786
0.00679300
0.00697485
0.00726878
0.00723713
0.00704678
0.00671494
0.00706425
0.00674431
0.00705094
0.00653833
0.00686225
0.00712197
0.00708428
0.00000000
0.00000000
0.00000000
0.00000000
0.00000000
0.00000000
0.00000000
0.00000000
0.00000000
0.00000000
0.00000000
0.00000000
0.00000000
0.00000000
0.00000000
0.00000000
0.00000000
0.00000000
0.00000000
0.00000000
0.00000000
0.00000000
0.00000000
0.00000000
0.00000000
0.00000000
0.00000000
0.00000000
0.00000000
0.00000000
0.00000000
0.00000000
0.00000000
0.00000000
0.00000000
0.00000000
0.00000000
0.00000000
0.00000000
0.00000000
0.00000000
0.00000000
0.00000000
0.00000000
0.00000000
0.00000000
0.00000000
0.00000000
0.00000000
0.00000000
0.00000000
0.00000000
0.00000000
0.00000000
0.00000000
0.00000000
0.00000000
0.00000000
0.00000000
0.00000000
0.00000000
0.00000000
0.00000000
0.00000000
0.00000000
0.00000000
0.00000000
0.00000000
0.00000000
0.00000000
0.00000000
0.00000000
0.00000000
0.00000000
0.00000000
0.00000000
0.00000000
0.00000000
0.00000000
0.00000000
0.00000000
0.00000000
0.00000000
0.00000000
0.00000000
0.00000000
0.00000000
0.00000000
0.00000000
0.00000000
0.00000000
0.00000000
0.00000000
0.00000000
0.00000000
0.00000000
0.00000000
0.00000000
0.00000000
0.00000000
0.00000000
0.00000000
0.00000000
0.00000000
0.00696252
0.00641082
0.00655300
0.00673319
0.00657313
0.00652986
0.00569629
0.00675068
0.00644341
0.00689958
0.00618724
0.00707510
0.00672842
0.00662371
0.00622089
0.00641082
0.00629618
0.00510758
0.00675307
0.00641914
0.00634239
0.00683076
0.00523072
0.00639270
0.00686792
0.00564813
0.00707343
0.00624736
0.00507455
0.00673954
0.00646168
0.00548727
0.00585499
0.00688820
0.00613420
0.00624294
0.00594335
0.00651985
0.00688739
0.00651832
0.00611470
0.00667310
0.00511119
0.00665895
0.00671020
0.00656073
0.00619746
0.00574216
0.00697567
0.00562884
0.00710604
0.00524307
0.00561161
0.00673716
0.00643886
0.00678340
0.00677540
0.00638065
0.00660810
0.00646854
0.00716833
0.00690365
0.00671336
0.00640326
0.00688252
0.00660499
0.00703848
0.00712870
0.00687197
0.00696827
0.00652447
0.00694284
0.00634987
0.00678660
0.00550542
0.00676901
0.00680022
0.00696088
0.00674909
0.00660732
0.00570167
0.00708428
0.00691506
0.00727221
0.00642899
0.00721668
0.00687359
0.00678900
0.00653679
0.00681306
0.00665424
0.00561227
0.00714807
0.00684851
0.00684205
0.00718271
0.00550217
0.00668019
0.00680824
0.00605442
0.00750927
0.00684528
0.00584809
0.00713459
0.00687522
0.00610173
0.00657235
0.00723542
0.00656848
0.00659720
0.00623853
0.00679541
0.00702190
0.00688089
0.00653525
0.00692159
0.00585016
0.00680182
0.00684367
0.00682271
0.00650756
0.00587159
0.00708178
0.00609813
0.00712114
0.00646701
0.00653756
0.00693384
0.00651447
0.00652524
0.00665189
0.00648458
0.00687440
0.00650526
0.00688252
0.00653140
0.00656848
0.00638667
0.00676423
0.00646778
0.00671020
0.00678980
0.00672525
0.00670229
0.00642672
0.00667940
0.00634762
0.00647770
0.00587436
0.00662449
0.00678740
0.00674829
0.00640175
0.00000000
0.00000000
0.00000000
0.00000000
0.00000000
0.00000000
0.00000000
0.00000000
0.00000000
0.00000000
0.00000000
0.00000000
0.00000000
0.00000000
0.00000000
0.00000000
0.00000000
0.00000000
0.00000000
0.00000000
0.00000000
0.00000000
0.00000000
0.00000000
0.00000000
0.00000000
0.00000000
0.00000000
0.00000000
0.00000000
0.00000000
0.00000000
0.00000000
0.00000000
0.00000000
0.00000000
0.00000000
0.00000000
0.00000000
0.00000000
0.00000000
0.00000000
0.00000000
0.00000000
0.00000000
0.00000000
0.00000000
0.00000000
0.00000000
0.00000000
0.00000000
0.00000000
0.00000000
0.00000000
0.00000000
0.00000000
0.00000000
0.00000000
0.00000000
0.00000000
0.00000000
0.00000000
0.00000000
0.00000000
0.00000000
0.00000000
0.00000000
0.00000000
0.00000000
0.00000000
0.00000000
0.00000000
0.00000000
0.00000000
0.00000000
0.00000000
0.00000000
0.00000000
0.00000000
0.00000000
0.00000000
0.00000000
0.00000000
0.00000000
0.00000000
0.00000000
0.00000000
0.00000000
0.00000000
0.00000000
0.00000000
0.00000000
0.00000000
0.00000000
0.00000000
0.00000000
0.00000000
0.00000000
0.00000000
0.00000000
0.00000000
0.00000000
0.00000000
0.00642597
0.00630659
0.00671021
0.00676184
0.00654451
0.00632745
0.00554321
0.00666525
0.00637238
0.00693549
0.00615813
0.00694941
0.00641234
0.00633044
0.00608593
0.00637088
0.00625991
0.00526600
0.00673637
0.00624590
0.00624369
0.00662294
0.00514446
0.00612625
0.00643507
0.00543703
0.00686065
0.00624590
0.00538851
0.00663858
0.00632074
0.00528218
0.00570168
0.00670941
0.00607016
0.00620332
0.00581372
0.00640101
0.00667469
0.00636638
0.00604016
0.00659021
0.00508955
0.00649990
0.00652217
0.00633044
0.00607087
0.00562819
0.00674830
0.00538978
0.00691018
0.00525050
0.00565347
0.00665975
0.00623045
0.00649147
0.00651986
0.00604800
0.00654451
0.00645940
0.00715145
0.00674750
0.00647236
0.00613638
0.00659177
0.00632894
0.00674035
0.00681950
0.00659721
0.00668493
0.00626434
0.00680023
0.00620625
0.00649377
0.00522517
0.00644494
0.00668099
0.00684610
0.00656074
0.00639874
0.00519445
0.00674512
0.00659565
0.00711695
0.00636562
0.00714976
0.00673717
0.00662919
0.00627839
0.00661669
0.00656152
0.00540506
0.00715398
0.00664563
0.00672288
0.00698556
0.00531404
0.00644114
0.00674114
0.00539551
0.00735763
0.00671654
0.00557271
0.00717764
0.00688902
0.00569160
0.00621430
0.00724910
0.00659643
0.00685337
0.00634389
0.00690529
0.00720223
0.00693385
0.00647465
0.00722861
0.00567685
0.00705844
0.00705428
0.00685903
0.00660577
0.00596653
0.00729025
0.00559246
0.00741512
0.00578022
0.00632223
0.00732300
0.00677621
0.00693713
0.00702191
0.00655765
0.00709684
0.00691018
0.00742212
0.00705594
0.00696171
0.00665347
0.00713460
0.00680023
0.00710018
0.00735502
0.00719120
0.00711443
0.00670151
0.00723288
0.00663075
0.00708847
0.00595669
0.00684933
0.00727994
0.00730747
0.00703932
0.00671496
0.00000000
0.00000000
0.00000000
0.00000000
0.00000000
0.00000000
0.00000000
0.00000000
0.00000000
0.00000000
0.00000000
0.00000000
0.00000000
0.00000000
0.00000000
0.00000000
0.00000000
0.00000000
0.00000000
0.00000000
0.00000000
0.00000000
0.00000000
0.00000000
0.00000000
0.00000000
0.00000000
0.00000000
0.00000000
0.00000000
0.00000000
0.00000000
0.00000000
0.00000000
0.00000000
0.00000000
0.00000000
0.00000000
0.00000000
0.00000000
0.00000000
0.00000000
0.00000000
0.00000000
0.00000000
0.00000000
0.00000000
0.00000000
0.00000000
0.00000000
0.00000000
0.00000000
0.00000000
0.00000000
0.00000000
0.00000000
0.00000000
0.00000000
0.00000000
0.00000000
0.00000000
0.00000000
0.00000000
0.00000000
0.00000000
0.00000000
0.00000000
0.00000000
0.00000000
0.00000000
0.00000000
0.00000000
0.00000000
0.00000000
0.00000000
0.00000000
0.00000000
0.00000000
0.00000000
0.00000000
0.00000000
0.00000000
0.00000000
0.00000000
0.00000000
0.00000000
0.00000000
0.00000000
0.00000000
0.00000000
0.00000000
0.00000000
0.00000000
0.00000000
0.00000000
0.00000000
0.00000000
0.00000000
0.00000000
0.00000000
0.00000000
0.00000000
0.00203620
0.00286347
0.00306367
0.00365956
0.00373191
0.00322456
0.00230136
0.00363332
0.00292836
0.00425436
0.00368859
0.00362776
0.00308142
0.00321924
0.00338471
0.00415225
0.00418568
0.00281028
0.00434513
0.00466319
0.00487980
0.00442268
0.00391541
0.00395299
0.00330620
0.00211850
0.00457818
0.00405116
0.00225834
0.00422237
0.00436362
0.00272477
0.00289710
0.00382413
0.00361452
0.00464507
0.00395066
0.00399847
0.00409197
0.00419359
0.00357846
0.00448413
0.00280035
0.00344349
0.00390572
0.00375752
0.00396887
0.00351364
0.00413320
0.00255304
0.00433541
0.00260474
0.00321696
0.00475426
0.00437134
0.00437444
0.00506987
0.00398294
0.00365783
0.00384947
0.00418470
0.00433081
0.00470406
0.00401027
0.00440083
0.00416943
0.00419161
0.00468634
0.00401927
0.00463577
0.00419211
0.00508125
0.00377662
0.00487290
0.00306801
0.00383497
0.00471962
0.00560181
0.00576535
0.00509986
0.00394647
0.00540708
0.00497276
0.00648471
0.00506808
0.00544547
0.00450215
0.00526114
0.00543777
0.00592038
0.00641322
0.00316914
0.00674763
0.00676516
0.00743628
0.00663949
0.00390664
0.00632384
0.00630299
0.00399470
0.00680517
0.00703281
0.00269441
0.00704028
0.00697582
0.00316056
0.00436516
0.00670242
0.00642533
0.00964139
0.00792153
0.00926571
0.00919495
0.01094976
0.00861949
0.01231309
0.00534179
0.00888998
0.00976497
0.01021014
0.01185986
0.00996743
0.01156429
0.00664419
0.01199631
0.00515549
0.00660045
0.01312896
0.01024512
0.00846336
0.01293378
0.01107835
0.01281686
0.01154385
0.00899014
0.00990532
0.01329882
0.01222627
0.01391657
0.01228264
0.00985405
0.01496522
0.01493172
0.01320660
0.01246652
0.01360178
0.01194549
0.01655684
0.01693203
0.00876816
0.01389198
0.01341064
0.01734639
0.00906467
0.02441412
0.00000000
0.00000000
0.00000000
0.00000000
0.00000000
0.00000000
0.00000000
0.00000000
0.00000000
0.00000000
0.00000000
0.00000000
0.00000000
0.00000000
0.00000000
0.00000000
0.00000000
0.00000000
0.00000000
0.00000000
0.00000000
0.00000000
0.00000000
0.00000000
0.00000000
0.00000000
0.00000000
0.00000000
0.00000000
0.00000000
0.00000000
0.00000000
0.00000000
0.00000000
0.00000000
0.00000000
0.00000000
0.00000000
0.00000000
0.00000000
0.00000000
0.00000000
0.00000000
0.00000000
0.00000000
0.00000000
0.00000000
0.00000000
0.00000000
0.00000000
0.00000000
0.00000000
0.00000000
0.00000000
0.00000000
0.00000000
0.00000000
0.00000000
0.00000000
0.00000000
0.00000000
0.00000000
0.00000000
0.00000000
0.00000000
0.00000000
0.00000000
0.00000000
0.00000000
0.00000000
0.00000000
0.00000000
0.00000000
0.00000000
0.00000000
0.00000000
0.00000000
0.00000000
0.00000000
0.00000000
0.00000000
0.00000000
0.00000000
0.00000000
0.00000000
0.00000000
0.00000000
0.00000000
0.00000000
0.00000000
0.00000000
0.00000000
0.00000000
0.00000000
0.00000000
0.00000000
0.00000000
0.00000000
0.00000000
0.00000000
0.00000000
0.00697081
0.00636568
0.00663472
0.00674359
0.00653994
0.00643513
0.00553542
0.00662690
0.00645565
0.00681394
0.00624964
0.00694537
0.00664255
0.00645565
0.00612775
0.00635293
0.00626144
0.00533293
0.00667711
0.00632676
0.00635143
0.00670236
0.00548344
0.00628660
0.00662065
0.00542491
0.00694292
0.00632527
0.00567423
0.00674120
0.00642072
0.00544028
0.00581788
0.00683003
0.00624595
0.00629847
0.00600187
0.00641618
0.00674518
0.00638975
0.00613643
0.00655693
0.00529595
0.00653609
0.00654766
0.00643361
0.00617418
0.00581857
0.00681474
0.00551132
0.00690861
0.00553803
0.00600541
0.00677148
0.00646403
0.00673405
0.00655152
0.00614875
0.00645108
0.00646632
0.00709021
0.00679388
0.00655539
0.00630814
0.00669920
0.00649230
0.00688908
0.00687448
0.00663159
0.00668578
0.00638900
0.00680912
0.00639578
0.00661597
0.00544799
0.00656003
0.00670631
0.00686232
0.00671027
0.00664412
0.00561564
0.00679147
0.00652915
0.00702943
0.00642072
0.00708018
0.00684212
0.00667003
0.00635893
0.00657319
0.00645717
0.00558987
0.00689477
0.00660661
0.00658328
0.00692329
0.00590916
0.00652915
0.00672215
0.00582406
0.00723379
0.00654689
0.00592801
0.00696670
0.00675473
0.00606735
0.00631707
0.00702363
0.00642678
0.00655848
0.00634395
0.00678427
0.00684777
0.00656932
0.00627105
0.00665510
0.00581034
0.00660116
0.00658017
0.00653840
0.00626957
0.00588274
0.00679147
0.00596518
0.00677308
0.00590637
0.00618803
0.00667003
0.00642754
0.00656932
0.00648388
0.00624153
0.00651224
0.00629921
0.00673246
0.00646174
0.00639880
0.00619606
0.00649996
0.00624890
0.00651915
0.00654612
0.00649689
0.00639955
0.00610467
0.00635893
0.00615745
0.00619826
0.00556488
0.00628512
0.00639654
0.00644044
0.00623933
0.00630888
0.00570106
0.00631037
0.00000000
0.00000000
0.00000000
0.00000000
0.00000000
0.00000000
0.00000000
0.00000000
0.00000000
0.00000000
0.00000000
0.00000000
0.00000000
0.00000000
0.00000000
0.00000000
0.00000000
0.00000000
0.00000000
0.00000000
0.00000000
0.00000000
0.00000000
0.00000000
0.00000000
0.00000000
0.00000000
0.00000000
0.00000000
0.00000000
0.00000000
0.00000000
0.00000000
0.00000000
0.00000000
0.00000000
0.00000000
0.00000000
0.00000000
0.00000000
0.00000000
0.00000000
0.00000000
0.00000000
0.00000000
0.00000000
0.00000000
0.00000000
0.00000000
0.00000000
0.00000000
0.00000000
0.00000000
0.00000000
0.00000000
0.00000000
0.00000000
0.00000000
0.00000000
0.00000000
0.00000000
0.00000000
0.00000000
0.00000000
0.00000000
0.00000000
0.00000000
0.00000000
0.00000000
0.00000000
0.00000000
0.00000000
0.00000000
0.00000000
0.00000000
0.00000000
0.00000000
0.00000000
0.00000000
0.00000000
0.00000000
0.00000000
0.00000000
0.00000000
0.00000000
0.00000000
0.00000000
0.00000000
0.00000000
0.00000000
0.00000000
0.00000000
0.00000000
0.00000000
0.00000000
0.00000000
0.00000000
0.00000000
0.00000000
0.00000000
0.00595148
0.00617892
0.00657746
0.00656274
0.00635781
0.00612812
0.00568260
0.00647205
0.00627660
0.00671700
0.00605627
0.00664452
0.00615129
0.00610432
0.00598174
0.00619863
0.00610720
0.00549218
0.00655192
0.00607129
0.00614332
0.00629736
0.00530064
0.00586300
0.00612523
0.00546376
0.00648045
0.00613390
0.00564919
0.00642641
0.00622720
0.00553967
0.00584023
0.00648274
0.00607845
0.00621546
0.00585540
0.00634208
0.00650955
0.00632490
0.00606628
0.00650495
0.00529689
0.00633013
0.00636756
0.00615274
0.00599940
0.00558428
0.00646518
0.00534332
0.00662027
0.00546182
0.00578880
0.00647739
0.00605699
0.00630182
0.00633610
0.00595078
0.00641959
0.00635406
0.00687327
0.00653648
0.00634208
0.00611585
0.00643931
0.00620667
0.00651493
0.00657049
0.00637583
0.00645451
0.00611440
0.00657436
0.00607702
0.00628475
0.00535341
0.00623970
0.00654419
0.00662339
0.00634059
0.00618767
0.00518563
0.00643475
0.00633834
0.00681756
0.00625296
0.00685303
0.00645680
0.00642793
0.00617746
0.00646823
0.00645451
0.00551555
0.00695071
0.00649269
0.00662027
0.00673048
0.00559746
0.00625739
0.00649882
0.00542715
0.00697946
0.00651954
0.00561200
0.00686597
0.00665314
0.00562858
0.00609856
0.00692779
0.00650725
0.00680150
0.00635406
0.00683285
0.00700172
0.00679909
0.00639617
0.00711241
0.00570409
0.00691065
0.00691963
0.00669091
0.00655810
0.00606628
0.00702405
0.00550450
0.00715954
0.00557441
0.00614621
0.00711996
0.00661715
0.00681676
0.00690821
0.00645908
0.00699676
0.00690170
0.00733733
0.00701742
0.00690414
0.00659377
0.00704562
0.00679188
0.00703565
0.00730108
0.00707559
0.00705893
0.00663903
0.00719594
0.00651339
0.00700502
0.00561267
0.00663668
0.00704728
0.00718322
0.00697534
0.00670513
0.00552401
0.00685303
0.00661168
0.00000000
0.00000000
0.00000000
0.00000000
0.00000000
0.00000000
0.00000000
0.00000000
0.00000000
0.00000000
0.00000000
0.00000000
0.00000000
0.00000000
0.00000000
0.00000000
0.00000000
0.00000000
0.00000000
0.00000000
0.00000000
0.00000000
0.00000000
0.00000000
0.00000000
0.00000000
0.00000000
0.00000000
0.00000000
0.00000000
0.00000000
0.00000000
0.00000000
0.00000000
0.00000000
0.00000000
0.00000000
0.00000000
0.00000000
0.00000000
0.00000000
0.00000000
0.00000000
0.00000000
0.00000000
0.00000000
0.00000000
0.00000000
0.00000000
0.00000000
0.00000000
0.00000000
0.00000000
0.00000000
0.00000000
0.00000000
0.00000000
0.00000000
0.00000000
0.00000000
0.00000000
0.00000000
0.00000000
0.00000000
0.00000000
0.00000000
0.00000000
0.00000000
0.00000000
0.00000000
0.00000000
0.00000000
0.00000000
0.00000000
0.00000000
0.00000000
0.00000000
0.00000000
0.00000000
0.00000000
0.00000000
0.00000000
0.00000000
0.00000000
0.00000000
0.00000000
0.00000000
0.00000000
0.00000000
0.00000000
0.00000000
0.00000000
0.00000000
0.00000000
0.00000000
0.00000000
0.00000000
0.00000000
0.00000000
0.00624916
0.00587328
0.00610421
0.00633524
0.00617881
0.00604475
0.00496940
0.00624032
0.00588784
0.00650023
0.00587744
0.00659132
0.00626097
0.00611357
0.00572218
0.00606260
0.00598022
0.00482559
0.00649563
0.00620364
0.00622195
0.00651635
0.00515931
0.00606760
0.00631659
0.00488168
0.00679416
0.00599788
0.00481422
0.00647117
0.00619267
0.00493902
0.00531243
0.00651021
0.00579963
0.00605759
0.00570735
0.00617808
0.00647193
0.00606832
0.00565976
0.00624253
0.00474209
0.00613597
0.00621169
0.00602908
0.00575738
0.00534070
0.00647651
0.00497116
0.00663187
0.00489206
0.00542385
0.00651021
0.00621242
0.00651558
0.00645364
0.00589132
0.00604617
0.00605188
0.00675342
0.00651328
0.00632330
0.00596684
0.00637647
0.00610637
0.00651635
0.00659521
0.00633225
0.00645821
0.00604831
0.00655180
0.00591220
0.00635170
0.00497585
0.00622783
0.00648645
0.00673195
0.00660144
0.00647346
0.00543987
0.00673116
0.00644755
0.00700903
0.00616280
0.00694157
0.00659521
0.00658200
0.00625137
0.00647498
0.00637873
0.00498819
0.00691542
0.00664988
0.00671767
0.00695140
0.00539451
0.00651405
0.00675183
0.00557036
0.00728117
0.00661937
0.00524334
0.00700242
0.00673751
0.00548496
0.00599859
0.00707213
0.00633449
0.00670817
0.00630989
0.00697769
0.00714423
0.00698839
0.00647117
0.00707547
0.00538117
0.00677816
0.00687152
0.00686504
0.00663735
0.00602198
0.00722131
0.00577710
0.00727431
0.00571881
0.00613958
0.00717124
0.00669079
0.00673036
0.00698262
0.00664126
0.00700985
0.00668369
0.00697357
0.00675980
0.00691624
0.00670027
0.00710976
0.00670897
0.00686100
0.00715097
0.00706880
0.00694894
0.00663265
0.00695140
0.00660066
0.00687558
0.00616280
0.00658666
0.00708716
0.00706796
0.00703968
0.00653791
0.00662640
0.00727002
0.00683757
0.00751942
0.00000000
0.00000000
0.00000000
0.00000000
0.00000000
0.00000000
0.00000000
0.00000000
0.00000000
0.00000000
0.00000000
0.00000000
0.00000000
0.00000000
0.00000000
0.00000000
0.00000000
0.00000000
0.00000000
0.00000000
0.00000000
0.00000000
0.00000000
0.00000000
0.00000000
0.00000000
0.00000000
0.00000000
0.00000000
0.00000000
0.00000000
0.00000000
0.00000000
0.00000000
0.00000000
0.00000000
0.00000000
0.00000000
0.00000000
0.00000000
0.00000000
0.00000000
0.00000000
0.00000000
0.00000000
0.00000000
0.00000000
0.00000000
0.00000000
0.00000000
0.00000000
0.00000000
0.00000000
0.00000000
0.00000000
0.00000000
0.00000000
0.00000000
0.00000000
0.00000000
0.00000000
0.00000000
0.00000000
0.00000000
0.00000000
0.00000000
0.00000000
0.00000000
0.00000000
0.00000000
0.00000000
0.00000000
0.00000000
0.00000000
0.00000000
0.00000000
0.00000000
0.00000000
0.00000000
0.00000000
0.00000000
0.00000000
0.00000000
0.00000000
0.00000000
0.00000000
0.00000000
0.00000000
0.00000000
0.00000000
0.00000000
0.00000000
0.00000000
0.00000000
0.00000000
0.00000000
0.00000000
0.00000000
0.00637107
0.00587108
0.00607392
0.00633212
0.00618597
0.00611705
0.00513371
0.00627192
0.00596460
0.00651929
0.00591835
0.00664269
0.00633063
0.00618524
0.00581457
0.00612282
0.00603749
0.00492902
0.00650623
0.00620350
0.00620131
0.00651698
0.00507232
0.00601262
0.00628599
0.00475824
0.00678281
0.00597868
0.00498514
0.00648325
0.00622109
0.00517443
0.00543078
0.00647714
0.00578312
0.00597516
0.00567234
0.00613945
0.00646416
0.00606819
0.00571936
0.00625567
0.00482833
0.00619619
0.00627488
0.00612933
0.00586554
0.00545324
0.00657333
0.00512040
0.00669381
0.00502824
0.00553554
0.00653931
0.00622549
0.00656791
0.00641102
0.00587039
0.00597798
0.00600908
0.00673260
0.00652621
0.00631944
0.00607105
0.00640648
0.00613656
0.00657566
0.00662079
0.00632615
0.00647561
0.00612355
0.00662626
0.00607034
0.00644894
0.00522410
0.00633586
0.00650010
0.00671278
0.00654780
0.00646264
0.00538550
0.00664661
0.00635606
0.00692180
0.00609832
0.00689736
0.00658963
0.00659430
0.00627488
0.00645502
0.00634408
0.00501581
0.00681569
0.00658885
0.00662470
0.00689573
0.00549586
0.00641707
0.00671595
0.00548097
0.00719905
0.00644285
0.00511618
0.00685600
0.00664504
0.00563367
0.00610408
0.00696274
0.00630455
0.00654548
0.00621815
0.00679883
0.00697918
0.00677082
0.00632466
0.00684630
0.00535762
0.00664739
0.00674214
0.00675726
0.00652929
0.00600554
0.00706615
0.00581046
0.00711297
0.00563965
0.00602327
0.00698577
0.00658963
0.00665053
0.00687138
0.00660441
0.00689492
0.00650853
0.00682937
0.00658419
0.00671436
0.00650163
0.00687219
0.00649626
0.00670013
0.00689085
0.00682614
0.00672784
0.00642843
0.00674611
0.00641934
0.00666545
0.00598433
0.00649780
0.00691365
0.00690224
0.00681167
0.00645731
0.00637333
0.00693079
0.00663330
0.00711549
0.00628673
0.00000000
0.00000000
0.00000000
0.00000000
0.00000000
0.00000000
0.00000000
0.00000000
0.00000000
0.00000000
0.00000000
0.00000000
0.00000000
0.00000000
0.00000000
0.00000000
0.00000000
0.00000000
0.00000000
0.00000000
0.00000000
0.00000000
0.00000000
0.00000000
0.00000000
0.00000000
0.00000000
0.00000000
0.00000000
0.00000000
0.00000000
0.00000000
0.00000000
0.00000000
0.00000000
0.00000000
0.00000000
0.00000000
0.00000000
0.00000000
0.00000000
0.00000000
0.00000000
0.00000000
0.00000000
0.00000000
0.00000000
0.00000000
0.00000000
0.00000000
0.00000000
0.00000000
0.00000000
0.00000000
0.00000000
0.00000000
0.00000000
0.00000000
0.00000000
0.00000000
0.00000000
0.00000000
0.00000000
0.00000000
0.00000000
0.00000000
0.00000000
0.00000000
0.00000000
0.00000000
0.00000000
0.00000000
0.00000000
0.00000000
0.00000000
0.00000000
0.00000000
0.00000000
0.00000000
0.00000000
0.00000000
0.00000000
0.00000000
0.00000000
0.00000000
0.00000000
0.00000000
0.00000000
0.00000000
0.00000000
0.00000000
0.00000000
0.00000000
0.00000000
0.00000000
0.00000000
0.00000000
0.00564603
0.00579853
0.00587910
0.00600524
0.00592155
0.00577737
0.00528768
0.00594254
0.00570358
0.00607361
0.00569619
0.00601445
0.00578283
0.00581223
0.00572312
0.00590411
0.00585488
0.00529517
0.00607505
0.00598968
0.00602581
0.00607863
0.00542667
0.00588257
0.00585350
0.00544590
0.00620905
0.00595797
0.00531394
0.00607361
0.00598473
0.00534095
0.00551311
0.00603577
0.00569753
0.00587910
0.00564869
0.00588534
0.00605359
0.00598050
0.00573867
0.00603079
0.00520416
0.00584385
0.00597134
0.00586317
0.00577056
0.00548005
0.00599887
0.00519190
0.00609442
0.00521953
0.00546134
0.00603933
0.00586387
0.00598050
0.00614060
0.00588326
0.00598050
0.00596079
0.00621125
0.00613047
0.00611530
0.00594254
0.00608580
0.00594113
0.00610954
0.00616382
0.00595938
0.00616891
0.00599604
0.00626865
0.00585626
0.00611747
0.00538396
0.00602439
0.00619442
0.00636700
0.00627383
0.00611891
0.00549169
0.00635874
0.00627531
0.00659863
0.00617473
0.00644177
0.00620393
0.00629235
0.00624724
0.00638128
0.00638053
0.00544847
0.00655597
0.00646232
0.00658076
0.00659474
0.00563405
0.00639258
0.00637151
0.00570560
0.00678647
0.00666512
0.00573190
0.00673703
0.00660876
0.00570695
0.00609802
0.00665412
0.00639484
0.00666983
0.00632509
0.00654438
0.00676171
0.00683789
0.00655056
0.00700192
0.00601729
0.00671640
0.00679849
0.00685808
0.00690515
0.00652589
0.00701680
0.00607791
0.00702342
0.00614349
0.00647529
0.00713025
0.00675055
0.00657688
0.00696814
0.00679368
0.00713951
0.00691901
0.00676490
0.00670928
0.00704084
0.00689701
0.00718766
0.00695337
0.00681776
0.00721059
0.00710926
0.00697390
0.00687671
0.00704915
0.00687914
0.00714540
0.00697719
0.00658853
0.00706163
0.00699779
0.00709335
0.00650667
0.00688970
0.00708666
0.00661266
0.00740099
0.00706413
0.00698625
0.00000000
0.00000000
0.00000000
0.00000000
0.00000000
0.00000000
0.00000000
0.00000000
0.00000000
0.00000000
0.00000000
0.00000000
0.00000000
0.00000000
0.00000000
0.00000000
0.00000000
0.00000000
0.00000000
0.00000000
0.00000000
0.00000000
0.00000000
0.00000000
0.00000000
0.00000000
0.00000000
0.00000000
0.00000000
0.00000000
0.00000000
0.00000000
0.00000000
0.00000000
0.00000000
0.00000000
0.00000000
0.00000000
0.00000000
0.00000000
0.00000000
0.00000000
0.00000000
0.00000000
0.00000000
0.00000000
0.00000000
0.00000000
0.00000000
0.00000000
0.00000000
0.00000000
0.00000000
0.00000000
0.00000000
0.00000000
0.00000000
0.00000000
0.00000000
0.00000000
0.00000000
0.00000000
0.00000000
0.00000000
0.00000000
0.00000000
0.00000000
0.00000000
0.00000000
0.00000000
0.00000000
0.00000000
0.00000000
0.00000000
0.00000000
0.00000000
0.00000000
0.00000000
0.00000000
0.00000000
0.00000000
0.00000000
0.00000000
0.00000000
0.00000000
0.00000000
0.00000000
0.00000000
0.00000000
0.00000000
0.00000000
0.00000000
0.00000000
0.00000000
0.00000000
0.00000000
0.00622191
0.00627645
0.00658428
0.00652399
0.00634641
0.00622117
0.00587809
0.00648487
0.00633370
0.00668759
0.00626240
0.00673269
0.00640204
0.00634267
0.00615476
0.00627497
0.00619482
0.00559072
0.00657497
0.00621091
0.00624838
0.00638696
0.00575666
0.00597665
0.00632922
0.00559666
0.00646502
0.00600350
0.00551411
0.00630761
0.00613592
0.00572821
0.00600208
0.00643307
0.00614171
0.00618752
0.00600775
0.00640733
0.00646578
0.00619555
0.00603615
0.00634641
0.00548105
0.00634417
0.00632698
0.00613230
0.00599006
0.00571337
0.00640431
0.00553235
0.00653169
0.00556244
0.00590031
0.00642776
0.00613013
0.00643004
0.00628533
0.00605041
0.00630389
0.00618022
0.00667892
0.00635915
0.00617075
0.00601625
0.00631208
0.00615114
0.00641943
0.00647952
0.00648181
0.00640808
0.00608332
0.00642170
0.00606971
0.00621091
0.00541742
0.00621824
0.00646425
0.00648028
0.00627719
0.00625059
0.00560459
0.00629869
0.00625797
0.00650632
0.00598300
0.00659672
0.00632102
0.00627201
0.00602904
0.00621531
0.00618387
0.00563175
0.00663573
0.00624322
0.00630761
0.00646730
0.00569991
0.00611065
0.00637642
0.00577570
0.00663026
0.00618314
0.00568916
0.00645740
0.00625280
0.00558611
0.00592472
0.00658661
0.00614244
0.00633221
0.00611930
0.00668838
0.00661932
0.00646044
0.00623366
0.00655871
0.00555392
0.00641186
0.00640960
0.00624617
0.00606470
0.00573768
0.00651093
0.00567777
0.00660840
0.00562777
0.00590658
0.00646273
0.00612363
0.00633819
0.00629053
0.00603117
0.00642473
0.00630018
0.00674143
0.00642398
0.00622484
0.00608619
0.00631208
0.00612724
0.00640960
0.00646273
0.00642398
0.00641035
0.00611353
0.00648258
0.00612074
0.00623145
0.00531553
0.00622778
0.00640733
0.00651938
0.00632251
0.00623954
0.00543726
0.00636515
0.00635165
0.00655484
0.00594923
0.00656955
0.00639223
0.00000000
0.00000000
0.00000000
0.00000000
0.00000000
0.00000000
0.00000000
0.00000000
0.00000000
0.00000000
0.00000000
0.00000000
0.00000000
0.00000000
0.00000000
0.00000000
0.00000000
0.00000000
0.00000000
0.00000000
0.00000000
0.00000000
0.00000000
0.00000000
0.00000000
0.00000000
0.00000000
0.00000000
0.00000000
0.00000000
0.00000000
0.00000000
0.00000000
0.00000000
0.00000000
0.00000000
0.00000000
0.00000000
0.00000000
0.00000000
0.00000000
0.00000000
0.00000000
0.00000000
0.00000000
0.00000000
0.00000000
0.00000000
0.00000000
0.00000000
0.00000000
0.00000000
0.00000000
0.00000000
0.00000000
0.00000000
0.00000000
0.00000000
0.00000000
0.00000000
0.00000000
0.00000000
0.00000000
0.00000000
0.00000000
0.00000000
0.00000000
0.00000000
0.00000000
0.00000000
0.00000000
0.00000000
0.00000000
0.00000000
0.00000000
0.00000000
0.00000000
0.00000000
0.00000000
0.00000000
0.00000000
0.00000000
0.00000000
0.00000000
0.00000000
0.00000000
0.00000000
0.00000000
0.00000000
0.00000000
0.00000000
0.00000000
0.00000000
0.00000000
0.00000000
0.00621727
0.00616688
0.00645334
0.00640708
0.00621287
0.00611041
0.00568358
0.00637768
0.00620189
0.00659569
0.00614365
0.00667551
0.00630737
0.00627546
0.00608380
0.00624004
0.00615017
0.00544861
0.00650300
0.00615162
0.00616397
0.00637016
0.00565683
0.00592799
0.00629177
0.00549896
0.00644194
0.00590217
0.00526789
0.00623195
0.00605089
0.00554847
0.00586886
0.00638671
0.00606303
0.00610825
0.00589869
0.00631109
0.00641389
0.00611690
0.00593008
0.00626289
0.00525362
0.00622534
0.00623048
0.00604946
0.00588064
0.00560173
0.00635591
0.00539872
0.00649917
0.00532411
0.00568358
0.00636040
0.00606017
0.00635366
0.00626142
0.00600043
0.00624446
0.00610105
0.00666057
0.00630439
0.00610825
0.00587994
0.00622681
0.00605232
0.00636791
0.00640859
0.00636190
0.00632972
0.00598559
0.00636791
0.00596234
0.00614582
0.00523013
0.00615453
0.00640482
0.00646019
0.00626216
0.00622387
0.00553344
0.00632003
0.00628583
0.00653761
0.00594549
0.00661126
0.00628065
0.00621433
0.00597501
0.00626289
0.00623636
0.00559975
0.00670391
0.00629177
0.00633869
0.00654609
0.00551975
0.00614655
0.00637091
0.00567889
0.00671499
0.00619896
0.00557339
0.00648309
0.00624961
0.00544540
0.00583435
0.00661126
0.00610681
0.00631928
0.00605374
0.00667315
0.00663939
0.00652143
0.00625994
0.00663704
0.00558326
0.00644345
0.00643890
0.00628287
0.00607305
0.00567287
0.00659258
0.00567956
0.00668181
0.00564617
0.00590566
0.00651759
0.00613207
0.00629251
0.00630886
0.00600893
0.00647545
0.00634467
0.00677864
0.00644650
0.00627324
0.00610249
0.00636566
0.00614510
0.00643586
0.00650377
0.00642827
0.00640784
0.00609745
0.00648921
0.00610753
0.00628065
0.00538727
0.00625920
0.00648080
0.00657394
0.00637317
0.00620774
0.00538409
0.00644954
0.00635216
0.00667157
0.00602525
0.00664096
0.00640330
0.00622607
0.00000000
0.00000000
0.00000000
0.00000000
0.00000000
0.00000000
0.00000000
0.00000000
0.00000000
0.00000000
0.00000000
0.00000000
0.00000000
0.00000000
0.00000000
0.00000000
0.00000000
0.00000000
0.00000000
0.00000000
0.00000000
0.00000000
0.00000000
0.00000000
0.00000000
0.00000000
0.00000000
0.00000000
0.00000000
0.00000000
0.00000000
0.00000000
0.00000000
0.00000000
0.00000000
0.00000000
0.00000000
0.00000000
0.00000000
0.00000000
0.00000000
0.00000000
0.00000000
0.00000000
0.00000000
0.00000000
0.00000000
0.00000000
0.00000000
0.00000000
0.00000000
0.00000000
0.00000000
0.00000000
0.00000000
0.00000000
0.00000000
0.00000000
0.00000000
0.00000000
0.00000000
0.00000000
0.00000000
0.00000000
0.00000000
0.00000000
0.00000000
0.00000000
0.00000000
0.00000000
0.00000000
0.00000000
0.00000000
0.00000000
0.00000000
0.00000000
0.00000000
0.00000000
0.00000000
0.00000000
0.00000000
0.00000000
0.00000000
0.00000000
0.00000000
0.00000000
0.00000000
0.00000000
0.00000000
0.00000000
0.00000000
0.00000000
0.00000000
0.00000000
0.00534765
0.00538626
0.00580375
0.00600993
0.00581129
0.00553828
0.00444690
0.00585462
0.00538690
0.00624034
0.00536977
0.00616863
0.00558617
0.00552198
0.00525202
0.00569325
0.00557301
0.00439372
0.00616136
0.00570333
0.00574180
0.00602839
0.00442440
0.00550962
0.00558419
0.00445319
0.00639079
0.00573368
0.00468264
0.00617082
0.00587538
0.00452573
0.00483529
0.00607765
0.00526815
0.00565644
0.00512838
0.00580718
0.00606905
0.00583257
0.00527686
0.00606547
0.00432024
0.00577916
0.00588647
0.00565911
0.00539262
0.00478198
0.00603764
0.00430093
0.00615047
0.00419522
0.00470978
0.00594508
0.00549340
0.00575264
0.00591082
0.00523965
0.00574248
0.00573706
0.00643769
0.00612947
0.00592059
0.00551352
0.00595139
0.00559210
0.00599507
0.00610999
0.00572422
0.00597178
0.00550118
0.00612947
0.00535396
0.00576623
0.00434221
0.00560266
0.00594157
0.00622491
0.00593107
0.00573638
0.00439424
0.00613309
0.00589690
0.00663033
0.00577303
0.00664285
0.00612947
0.00621684
0.00583670
0.00613671
0.00610927
0.00428523
0.00669160
0.00624255
0.00639532
0.00661549
0.00441606
0.00600073
0.00636972
0.00443537
0.00705133
0.00639230
0.00448587
0.00691789
0.00659834
0.00481367
0.00547593
0.00690648
0.00614612
0.00664598
0.00589411
0.00656574
0.00716703
0.00692769
0.00618320
0.00740241
0.00476284
0.00704801
0.00720262
0.00704801
0.00688046
0.00603479
0.00762571
0.00491347
0.00783632
0.00485128
0.00572085
0.00775175
0.00692687
0.00703804
0.00751589
0.00675822
0.00735542
0.00714509
0.00760147
0.00733722
0.00749200
0.00702560
0.00778290
0.00726061
0.00745850
0.00814635
0.00770890
0.00770799
0.00720602
0.00799124
0.00698924
0.00798182
0.00625877
0.00696702
0.00782708
0.00789848
0.00783632
0.00685454
0.00609775
0.00785389
0.00699501
0.00870355
0.00738323
0.00800917
0.00667505
0.00702311
0.00728893
0.00000000
0.00000000
0.00000000
0.00000000
0.00000000
0.00000000
0.00000000
0.00000000
0.00000000
0.00000000
0.00000000
0.00000000
0.00000000
0.00000000
0.00000000
0.00000000
0.00000000
0.00000000
0.00000000
0.00000000
0.00000000
0.00000000
0.00000000
0.00000000
0.00000000
0.00000000
0.00000000
0.00000000
0.00000000
0.00000000
0.00000000
0.00000000
0.00000000
0.00000000
0.00000000
0.00000000
0.00000000
0.00000000
0.00000000
0.00000000
0.00000000
0.00000000
0.00000000
0.00000000
0.00000000
0.00000000
0.00000000
0.00000000
0.00000000
0.00000000
0.00000000
0.00000000
0.00000000
0.00000000
0.00000000
0.00000000
0.00000000
0.00000000
0.00000000
0.00000000
0.00000000
0.00000000
0.00000000
0.00000000
0.00000000
0.00000000
0.00000000
0.00000000
0.00000000
0.00000000
0.00000000
0.00000000
0.00000000
0.00000000
0.00000000
0.00000000
0.00000000
0.00000000
0.00000000
0.00000000
0.00000000
0.00000000
0.00000000
0.00000000
0.00000000
0.00000000
0.00000000
0.00000000
0.00000000
0.00000000
0.00000000
0.00000000
0.00000000
0.00639867
0.00590835
0.00611897
0.00627758
0.00611248
0.00603867
0.00507630
0.00615588
0.00589095
0.00636631
0.00579517
0.00649830
0.00619302
0.00600955
0.00565274
0.00597562
0.00591044
0.00503991
0.00637833
0.00601877
0.00598903
0.00633485
0.00498435
0.00593839
0.00620764
0.00504110
0.00658470
0.00590905
0.00506554
0.00635580
0.00608299
0.00505122
0.00534857
0.00640245
0.00574549
0.00591323
0.00561619
0.00605222
0.00633410
0.00596084
0.00561288
0.00613776
0.00491315
0.00612258
0.00614138
0.00595522
0.00566609
0.00527901
0.00634008
0.00509069
0.00645324
0.00496148
0.00536752
0.00626871
0.00600671
0.00627610
0.00620033
0.00572453
0.00599751
0.00602232
0.00666754
0.00643500
0.00618572
0.00589234
0.00619886
0.00595101
0.00638586
0.00635580
0.00610023
0.00619813
0.00582669
0.00624951
0.00575702
0.00609520
0.00501501
0.00613269
0.00627758
0.00643045
0.00625910
0.00622744
0.00524178
0.00644639
0.00621350
0.00666911
0.00601735
0.00671251
0.00649294
0.00641303
0.00605865
0.00624141
0.00612763
0.00496616
0.00661038
0.00636180
0.00637758
0.00663772
0.00517483
0.00619960
0.00643652
0.00534226
0.00692887
0.00627684
0.00525106
0.00666125
0.00643424
0.00555493
0.00592929
0.00672757
0.00610671
0.00626945
0.00597985
0.00647764
0.00669117
0.00643879
0.00601025
0.00653288
0.00529147
0.00648987
0.00654830
0.00652210
0.00625320
0.00570094
0.00676337
0.00554250
0.00677534
0.00558449
0.00590626
0.00662521
0.00625984
0.00635505
0.00644031
0.00616605
0.00645781
0.00621057
0.00657074
0.00635505
0.00641076
0.00624068
0.00656996
0.00622965
0.00644487
0.00657927
0.00649830
0.00642969
0.00612980
0.00636781
0.00605436
0.00626206
0.00561288
0.00621057
0.00652441
0.00648222
0.00632738
0.00614210
0.00580749
0.00647229
0.00620252
0.00665183
0.00606008
0.00663068
0.00620984
0.00622744
0.00614500
0.00633336
0.00000000
0.00000000
0.00000000
0.00000000
0.00000000
0.00000000
0.00000000
0.00000000
0.00000000
0.00000000
0.00000000
0.00000000
0.00000000
0.00000000
0.00000000
0.00000000
0.00000000
0.00000000
0.00000000
0.00000000
0.00000000
0.00000000
0.00000000
0.00000000
0.00000000
0.00000000
0.00000000
0.00000000
0.00000000
0.00000000
0.00000000
0.00000000
0.00000000
0.00000000
0.00000000
0.00000000
0.00000000
0.00000000
0.00000000
0.00000000
0.00000000
0.00000000
0.00000000
0.00000000
0.00000000
0.00000000
0.00000000
0.00000000
0.00000000
0.00000000
0.00000000
0.00000000
0.00000000
0.00000000
0.00000000
0.00000000
0.00000000
0.00000000
0.00000000
0.00000000
0.00000000
0.00000000
0.00000000
0.00000000
0.00000000
0.00000000
0.00000000
0.00000000
0.00000000
0.00000000
0.00000000
0.00000000
0.00000000
0.00000000
0.00000000
0.00000000
0.00000000
0.00000000
0.00000000
0.00000000
0.00000000
0.00000000
0.00000000
0.00000000
0.00000000
0.00000000
0.00000000
0.00000000
0.00000000
0.00000000
0.00000000
0.00000000
0.00669018
0.00606920
0.00634963
0.00641814
0.00616151
0.00612095
0.00502671
0.00624049
0.00596207
0.00646753
0.00581211
0.00671073
0.00639698
0.00616733
0.00566993
0.00596348
0.00587067
0.00496777
0.00652345
0.00602214
0.00599592
0.00640000
0.00479678
0.00592912
0.00632720
0.00516066
0.00668230
0.00590748
0.00504869
0.00641360
0.00604348
0.00484225
0.00525339
0.00655739
0.00573923
0.00592353
0.00565258
0.00624638
0.00650117
0.00597052
0.00557117
0.00612456
0.00470656
0.00620088
0.00620453
0.00592422
0.00554888
0.00507855
0.00636913
0.00493216
0.00655120
0.00494556
0.00538639
0.00632720
0.00599663
0.00637739
0.00622653
0.00572841
0.00611951
0.00609358
0.00691316
0.00656667
0.00619649
0.00589287
0.00621772
0.00590957
0.00644013
0.00643557
0.00630039
0.00636687
0.00590191
0.00634439
0.00578476
0.00608927
0.00479735
0.00620015
0.00639622
0.00651960
0.00627740
0.00625302
0.00513759
0.00650731
0.00626926
0.00673928
0.00595434
0.00684421
0.00661799
0.00646829
0.00599451
0.00616660
0.00598744
0.00472826
0.00667678
0.00633541
0.00640151
0.00667915
0.00513032
0.00613179
0.00641738
0.00519057
0.00706482
0.00625966
0.00536484
0.00670836
0.00639019
0.00544644
0.00583753
0.00680317
0.00598038
0.00611518
0.00580458
0.00652345
0.00671786
0.00642647
0.00596418
0.00645990
0.00511039
0.00645457
0.00650578
0.00642571
0.00606204
0.00540293
0.00667363
0.00515093
0.00669571
0.00544194
0.00586859
0.00654811
0.00613468
0.00635937
0.00629223
0.00595434
0.00629297
0.00605847
0.00660006
0.00629445
0.00625228
0.00610149
0.00644165
0.00604420
0.00638643
0.00638492
0.00623093
0.00624344
0.00590887
0.00621845
0.00585063
0.00594943
0.00499539
0.00603707
0.00631453
0.00631825
0.00605847
0.00600937
0.00523607
0.00622359
0.00601930
0.00642420
0.00578135
0.00656126
0.00625007
0.00621625
0.00594312
0.00599097
0.00581691
0.00000000
0.00000000
0.00000000
0.00000000
0.00000000
0.00000000
0.00000000
0.00000000
0.00000000
0.00000000
0.00000000
0.00000000
0.00000000
0.00000000
0.00000000
0.00000000
0.00000000
0.00000000
0.00000000
0.00000000
0.00000000
0.00000000
0.00000000
0.00000000
0.00000000
0.00000000
0.00000000
0.00000000
0.00000000
0.00000000
0.00000000
0.00000000
0.00000000
0.00000000
0.00000000
0.00000000
0.00000000
0.00000000
0.00000000
0.00000000
0.00000000
0.00000000
0.00000000
0.00000000
0.00000000
0.00000000
0.00000000
0.00000000
0.00000000
0.00000000
0.00000000
0.00000000
0.00000000
0.00000000
0.00000000
0.00000000
0.00000000
0.00000000
0.00000000
0.00000000
0.00000000
0.00000000
0.00000000
0.00000000
0.00000000
0.00000000
0.00000000
0.00000000
0.00000000
0.00000000
0.00000000
0.00000000
0.00000000
0.00000000
0.00000000
0.00000000
0.00000000
0.00000000
0.00000000
0.00000000
0.00000000
0.00000000
0.00000000
0.00000000
0.00000000
0.00000000
0.00000000
0.00000000
0.00000000
0.00000000
0.00000000
0.00140081
0.00228904
0.00242151
0.00287108
0.00294481
0.00235754
0.00166088
0.00296712
0.00238045
0.00337773
0.00254027
0.00256647
0.00205610
0.00214908
0.00244533
0.00290754
0.00285555
0.00179469
0.00285117
0.00292508
0.00302900
0.00294134
0.00201363
0.00276866
0.00229039
0.00176822
0.00340935
0.00350764
0.00209280
0.00356688
0.00385833
0.00280184
0.00282473
0.00306529
0.00307036
0.00358036
0.00263891
0.00243296
0.00307108
0.00340011
0.00266424
0.00389996
0.00218048
0.00295281
0.00334720
0.00350598
0.00365029
0.00290001
0.00347388
0.00207437
0.00330055
0.00184143
0.00207266
0.00311228
0.00264982
0.00249220
0.00331068
0.00270955
0.00298749
0.00314104
0.00299207
0.00315850
0.00376262
0.00325993
0.00401429
0.00373212
0.00342062
0.00401619
0.00309070
0.00359984
0.00323236
0.00377417
0.00268126
0.00374270
0.00264545
0.00287684
0.00338052
0.00386471
0.00364899
0.00302935
0.00190056
0.00352755
0.00325801
0.00453438
0.00394297
0.00395508
0.00307072
0.00370188
0.00415887
0.00497598
0.00558103
0.00336144
0.00501841
0.00485139
0.00509955
0.00472602
0.00192515
0.00424259
0.00402093
0.00223147
0.00483483
0.00560147
0.00210816
0.00569137
0.00580594
0.00249809
0.00359390
0.00529756
0.00596418
0.00817638
0.00614627
0.00522250
0.00673928
0.00672975
0.00528383
0.00870992
0.00290960
0.00661642
0.00749659
0.00761151
0.00916409
0.00812639
0.00902892
0.00430153
0.00996213
0.00367404
0.00498832
0.01080288
0.00823056
0.00686037
0.01059970
0.00861085
0.01020231
0.01037461
0.00856123
0.00950757
0.01178387
0.00998213
0.01190400
0.01123161
0.00942830
0.01514185
0.01337352
0.01337667
0.01270923
0.01515615
0.01092202
0.01893384
0.01438633
0.00882053
0.01326044
0.01329959
0.01588077
0.00856527
0.01164434
0.01311889
0.00896209
0.01862598
0.01456215
0.01083350
0.00573990
0.00761870
0.01211503
0.02451942
0.02666095
0.05924159
0.00000000
0.00000000
0.00000000
0.00000000
0.00000000
0.00000000
0.00000000
0.00000000
0.00000000
0.00000000
0.00000000
0.00000000
0.00000000
0.00000000
0.00000000
0.00000000
0.00000000
0.00000000
0.00000000
0.00000000
0.00000000
0.00000000
0.00000000
0.00000000
0.00000000
0.00000000
0.00000000
0.00000000
0.00000000
0.00000000
0.00000000
0.00000000
0.00000000
0.00000000
0.00000000
0.00000000
0.00000000
0.00000000
0.00000000
0.00000000
0.00000000
0.00000000
0.00000000
0.00000000
0.00000000
0.00000000
0.00000000
0.00000000
0.00000000
0.00000000
0.00000000
0.00000000
0.00000000
0.00000000
0.00000000
0.00000000
0.00000000
0.00000000
0.00000000
0.00000000
0.00000000
0.00000000
0.00000000
0.00000000
0.00000000
0.00000000
0.00000000
0.00000000
0.00000000
0.00000000
0.00000000
0.00000000
0.00000000
0.00000000
0.00000000
0.00000000
0.00000000
0.00000000
0.00000000
0.00000000
0.00000000
0.00000000
0.00000000
0.00000000
0.00000000
0.00000000
0.00000000
0.00000000
0.00000000
0.00000000
0.00529812
0.00536540
0.00558491
0.00573307
0.00561794
0.00546116
0.00485649
0.00571147
0.00538061
0.00591926
0.00540541
0.00585400
0.00552464
0.00551683
0.00537617
0.00555535
0.00545408
0.00465791
0.00578332
0.00558887
0.00563520
0.00574728
0.00475168
0.00540159
0.00545472
0.00480351
0.00592974
0.00557307
0.00495659
0.00579629
0.00565117
0.00483933
0.00502961
0.00574932
0.00529312
0.00552399
0.00525084
0.00560669
0.00581135
0.00565650
0.00532506
0.00574322
0.00457839
0.00554357
0.00571013
0.00556585
0.00542457
0.00501717
0.00576018
0.00464146
0.00587129
0.00472764
0.00505935
0.00576425
0.00547599
0.00571821
0.00577991
0.00539395
0.00552660
0.00555404
0.00601000
0.00588168
0.00578196
0.00559480
0.00578468
0.00558360
0.00586229
0.00592694
0.00564917
0.00593254
0.00566385
0.00604056
0.00551358
0.00575678
0.00470594
0.00565050
0.00582989
0.00608130
0.00591298
0.00580177
0.00486566
0.00604555
0.00593114
0.00639690
0.00583264
0.00628695
0.00600858
0.00612376
0.00598595
0.00611222
0.00608345
0.00481770
0.00634505
0.00618036
0.00633160
0.00637581
0.00516851
0.00599160
0.00612304
0.00502013
0.00662337
0.00631519
0.00522182
0.00655885
0.00641730
0.00538315
0.00581409
0.00651644
0.00615199
0.00652490
0.00610501
0.00649956
0.00671460
0.00675830
0.00634430
0.00695806
0.00547599
0.00652875
0.00667198
0.00671460
0.00672332
0.00617963
0.00694249
0.00550838
0.00694822
0.00555994
0.00609135
0.00702568
0.00651337
0.00646516
0.00679506
0.00653800
0.00687162
0.00659531
0.00662493
0.00648884
0.00679346
0.00664998
0.00699591
0.00669168
0.00665704
0.00712497
0.00699426
0.00688703
0.00673046
0.00706223
0.00677745
0.00708141
0.00658909
0.00641049
0.00695560
0.00694822
0.00698437
0.00635779
0.00648501
0.00690167
0.00639765
0.00733558
0.00668615
0.00687729
0.00608489
0.00628918
0.00662024
0.00709228
0.00703729
0.00685786
0.00719506
0.00000000
0.00000000
0.00000000
0.00000000
0.00000000
0.00000000
0.00000000
0.00000000
0.00000000
0.00000000
0.00000000
0.00000000
0.00000000
0.00000000
0.00000000
0.00000000
0.00000000
0.00000000
0.00000000
0.00000000
0.00000000
0.00000000
0.00000000
0.00000000
0.00000000
0.00000000
0.00000000
0.00000000
0.00000000
0.00000000
0.00000000
0.00000000
0.00000000
0.00000000
0.00000000
0.00000000
0.00000000
0.00000000
0.00000000
0.00000000
0.00000000
0.00000000
0.00000000
0.00000000
0.00000000
0.00000000
0.00000000
0.00000000
0.00000000
0.00000000
0.00000000
0.00000000
0.00000000
0.00000000
0.00000000
0.00000000
0.00000000
0.00000000
0.00000000
0.00000000
0.00000000
0.00000000
0.00000000
0.00000000
0.00000000
0.00000000
0.00000000
0.00000000
0.00000000
0.00000000
0.00000000
0.00000000
0.00000000
0.00000000
0.00000000
0.00000000
0.00000000
0.00000000
0.00000000
0.00000000
0.00000000
0.00000000
0.00000000
0.00000000
0.00000000
0.00000000
0.00000000
0.00000000
0.00000000
0.00663231
0.00598838
0.00624001
0.00632074
0.00608736
0.00597850
0.00508894
0.00623339
0.00610389
0.00638216
0.00572324
0.00651679
0.00616903
0.00608736
0.00575030
0.00604301
0.00590632
0.00480490
0.00633193
0.00605014
0.00610246
0.00641310
0.00517123
0.00594546
0.00622530
0.00500502
0.00661825
0.00594756
0.00506798
0.00631925
0.00598203
0.00497853
0.00544152
0.00648841
0.00580412
0.00583088
0.00543638
0.00600890
0.00635212
0.00608592
0.00577953
0.00612192
0.00470175
0.00600323
0.00605086
0.00595177
0.00566014
0.00526166
0.00627839
0.00487453
0.00639723
0.00499382
0.00545115
0.00626212
0.00596583
0.00617849
0.00612553
0.00575844
0.00613638
0.00605871
0.00663388
0.00628209
0.00608090
0.00581852
0.00622751
0.00598980
0.00639497
0.00622898
0.00589032
0.00604301
0.00579865
0.00624811
0.00578431
0.00597428
0.00475136
0.00603589
0.00624884
0.00640101
0.00622530
0.00613348
0.00505485
0.00636187
0.00621137
0.00660266
0.00597991
0.00662919
0.00633716
0.00615087
0.00587644
0.00615449
0.00605371
0.00489296
0.00639497
0.00612697
0.00611831
0.00655069
0.00535367
0.00614217
0.00636487
0.00514871
0.00683561
0.00610750
0.00528218
0.00651141
0.00619454
0.00521471
0.00566281
0.00659332
0.00602735
0.00606944
0.00571649
0.00611831
0.00638367
0.00617267
0.00590075
0.00634988
0.00527906
0.00622090
0.00618214
0.00621943
0.00596161
0.00555892
0.00652217
0.00539296
0.00645711
0.00526290
0.00567618
0.00634239
0.00604444
0.00609383
0.00605371
0.00577408
0.00618360
0.00601315
0.00641007
0.00608019
0.00604729
0.00574691
0.00624884
0.00600607
0.00625474
0.00626508
0.00606515
0.00592446
0.00565413
0.00595809
0.00576048
0.00583845
0.00510939
0.00582401
0.00600748
0.00605871
0.00592586
0.00588893
0.00533288
0.00603375
0.00579797
0.00617194
0.00574149
0.00633417
0.00605728
0.00584534
0.00560699
0.00579182
0.00572324
0.00504175
0.00599050
0.00570571
0.00000000
0.00000000
0.00000000
0.00000000
0.00000000
0.00000000
0.00000000
0.00000000
0.00000000
0.00000000
0.00000000
0.00000000
0.00000000
0.00000000
0.00000000
0.00000000
0.00000000
0.00000000
0.00000000
0.00000000
0.00000000
0.00000000
0.00000000
0.00000000
0.00000000
0.00000000
0.00000000
0.00000000
0.00000000
0.00000000
0.00000000
0.00000000
0.00000000
0.00000000
0.00000000
0.00000000
0.00000000
0.00000000
0.00000000
0.00000000
0.00000000
0.00000000
0.00000000
0.00000000
0.00000000
0.00000000
0.00000000
0.00000000
0.00000000
0.00000000
0.00000000
0.00000000
0.00000000
0.00000000
0.00000000
0.00000000
0.00000000
0.00000000
0.00000000
0.00000000
0.00000000
0.00000000
0.00000000
0.00000000
0.00000000
0.00000000
0.00000000
0.00000000
0.00000000
0.00000000
0.00000000
0.00000000
0.00000000
0.00000000
0.00000000
0.00000000
0.00000000
0.00000000
0.00000000
0.00000000
0.00000000
0.00000000
0.00000000
0.00000000
0.00000000
0.00000000
0.00000000
0.00000000
0.00589107
0.00550547
0.00576257
0.00594341
0.00573207
0.00554784
0.00457382
0.00590568
0.00567623
0.00615455
0.00540957
0.00615528
0.00570846
0.00559977
0.00534489
0.00569165
0.00557473
0.00437697
0.00597222
0.00565552
0.00569165
0.00604307
0.00471624
0.00555766
0.00582612
0.00452926
0.00631707
0.00562293
0.00458191
0.00605734
0.00577005
0.00463245
0.00508359
0.00616254
0.00555308
0.00566687
0.00516579
0.00561498
0.00606663
0.00579460
0.00540702
0.00597785
0.00433281
0.00569770
0.00578300
0.00567690
0.00540766
0.00493473
0.00607164
0.00450582
0.00616254
0.00447933
0.00497447
0.00597151
0.00558789
0.00584126
0.00585298
0.00538983
0.00576189
0.00572734
0.00635068
0.00600541
0.00586334
0.00549898
0.00606592
0.00580555
0.00619022
0.00619022
0.00576801
0.00592102
0.00555439
0.00609101
0.00547698
0.00583437
0.00449945
0.00574154
0.00599126
0.00622022
0.00600683
0.00585643
0.00466479
0.00614947
0.00594691
0.00653224
0.00581651
0.00652146
0.00609819
0.00599268
0.00573816
0.00613571
0.00610683
0.00479532
0.00649460
0.00615528
0.00614947
0.00654072
0.00482083
0.00603168
0.00625185
0.00485564
0.00681957
0.00608383
0.00478571
0.00652146
0.00621509
0.00484420
0.00543067
0.00659260
0.00603737
0.00630665
0.00585229
0.00626883
0.00658872
0.00634844
0.00591962
0.00667317
0.00506265
0.00640182
0.00644044
0.00640031
0.00618657
0.00563953
0.00686880
0.00531723
0.00691106
0.00517249
0.00567757
0.00679468
0.00629105
0.00632080
0.00649077
0.00605305
0.00652223
0.00633871
0.00676111
0.00646174
0.00649996
0.00609748
0.00667317
0.00635068
0.00659338
0.00690861
0.00667081
0.00653994
0.00613860
0.00658639
0.00611764
0.00656235
0.00552433
0.00618657
0.00657707
0.00663394
0.00653378
0.00617054
0.00563355
0.00659105
0.00616399
0.00694947
0.00623050
0.00678987
0.00620703
0.00614875
0.00605448
0.00658639
0.00653840
0.00598703
0.00707267
0.00670236
0.00666845
0.00000000
0.00000000
0.00000000
0.00000000
0.00000000
0.00000000
0.00000000
0.00000000
0.00000000
0.00000000
0.00000000
0.00000000
0.00000000
0.00000000
0.00000000
0.00000000
0.00000000
0.00000000
0.00000000
0.00000000
0.00000000
0.00000000
0.00000000
0.00000000
0.00000000
0.00000000
0.00000000
0.00000000
0.00000000
0.00000000
0.00000000
0.00000000
0.00000000
0.00000000
0.00000000
0.00000000
0.00000000
0.00000000
0.00000000
0.00000000
0.00000000
0.00000000
0.00000000
0.00000000
0.00000000
0.00000000
0.00000000
0.00000000
0.00000000
0.00000000
0.00000000
0.00000000
0.00000000
0.00000000
0.00000000
0.00000000
0.00000000
0.00000000
0.00000000
0.00000000
0.00000000
0.00000000
0.00000000
0.00000000
0.00000000
0.00000000
0.00000000
0.00000000
0.00000000
0.00000000
0.00000000
0.00000000
0.00000000
0.00000000
0.00000000
0.00000000
0.00000000
0.00000000
0.00000000
0.00000000
0.00000000
0.00000000
0.00000000
0.00000000
0.00000000
0.00000000
0.00000000
0.00634428
0.00575201
0.00598805
0.00615124
0.00600219
0.00588860
0.00480463
0.00605908
0.00575812
0.00629138
0.00572021
0.00641349
0.00609420
0.00583124
0.00545792
0.00578603
0.00572156
0.00474718
0.00615487
0.00578125
0.00570068
0.00615705
0.00483932
0.00579559
0.00616577
0.00493907
0.00640442
0.00566516
0.00470870
0.00618106
0.00591993
0.00482621
0.00520581
0.00633531
0.00575676
0.00593741
0.00560865
0.00597605
0.00624702
0.00580448
0.00539138
0.00604837
0.00469484
0.00601069
0.00597746
0.00581956
0.00548955
0.00510368
0.00625734
0.00499236
0.00631144
0.00468931
0.00509586
0.00604338
0.00578398
0.00603982
0.00592482
0.00545728
0.00577035
0.00578671
0.00646666
0.00617377
0.00592692
0.00553375
0.00605694
0.00584087
0.00620663
0.00631442
0.00615269
0.00609420
0.00561726
0.00599440
0.00547016
0.00587888
0.00470482
0.00584432
0.00598381
0.00613748
0.00598169
0.00596057
0.00509226
0.00615996
0.00592762
0.00632784
0.00568926
0.00645979
0.00622569
0.00606766
0.00566516
0.00595705
0.00586919
0.00488058
0.00643243
0.00613458
0.00608630
0.00640442
0.00466009
0.00594863
0.00619639
0.00506411
0.00665701
0.00592063
0.00482734
0.00633381
0.00607411
0.00502011
0.00543095
0.00648269
0.00577580
0.00598946
0.00573237
0.00628619
0.00647658
0.00614254
0.00568725
0.00621835
0.00482109
0.00620224
0.00626325
0.00615124
0.00579901
0.00523228
0.00652180
0.00524340
0.00662490
0.00539457
0.00563850
0.00639385
0.00603626
0.00619785
0.00620736
0.00580174
0.00603341
0.00592343
0.00647047
0.00628767
0.00620589
0.00598310
0.00631368
0.00598875
0.00630475
0.00642712
0.00627286
0.00633157
0.00595495
0.00622936
0.00572831
0.00610643
0.00508626
0.00607697
0.00626103
0.00629286
0.00608773
0.00592622
0.00522488
0.00627656
0.00604481
0.00643470
0.00578330
0.00642863
0.00617305
0.00611291
0.00584846
0.00605908
0.00591086
0.00496066
0.00644306
0.00630698
0.00641198
0.00650337
0.00000000
0.00000000
0.00000000
0.00000000
0.00000000
0.00000000
0.00000000
0.00000000
0.00000000
0.00000000
0.00000000
0.00000000
0.00000000
0.00000000
0.00000000
0.00000000
0.00000000
0.00000000
0.00000000
0.00000000
0.00000000
0.00000000
0.00000000
0.00000000
0.00000000
0.00000000
0.00000000
0.00000000
0.00000000
0.00000000
0.00000000
0.00000000
0.00000000
0.00000000
0.00000000
0.00000000
0.00000000
0.00000000
0.00000000
0.00000000
0.00000000
0.00000000
0.00000000
0.00000000
0.00000000
0.00000000
0.00000000
0.00000000
0.00000000
0.00000000
0.00000000
0.00000000
0.00000000
0.00000000
0.00000000
0.00000000
0.00000000
0.00000000
0.00000000
0.00000000
0.00000000
0.00000000
0.00000000
0.00000000
0.00000000
0.00000000
0.00000000
0.00000000
0.00000000
0.00000000
0.00000000
0.00000000
0.00000000
0.00000000
0.00000000
0.00000000
0.00000000
0.00000000
0.00000000
0.00000000
0.00000000
0.00000000
0.00000000
0.00000000
0.00000000
0.00000000
0.00193530
0.00270526
0.00311690
0.00354113
0.00354865
0.00299969
0.00214315
0.00360050
0.00275062
0.00419164
0.00330349
0.00344880
0.00282092
0.00311102
0.00341400
0.00366088
0.00342408
0.00200287
0.00339393
0.00359541
0.00366606
0.00361710
0.00216066
0.00313201
0.00264220
0.00227145
0.00368861
0.00369602
0.00256937
0.00358821
0.00364666
0.00212678
0.00249943
0.00348191
0.00335691
0.00437860
0.00384406
0.00432982
0.00405644
0.00444677
0.00352695
0.00431961
0.00194147
0.00317253
0.00377442
0.00406842
0.00417044
0.00332931
0.00416454
0.00242110
0.00412884
0.00275679
0.00308181
0.00413469
0.00348026
0.00323296
0.00390068
0.00324404
0.00323296
0.00325592
0.00346838
0.00347657
0.00383138
0.00338274
0.00385132
0.00357722
0.00338114
0.00424337
0.00401977
0.00478692
0.00464073
0.00502230
0.00391220
0.00430030
0.00247275
0.00308981
0.00355158
0.00430893
0.00425239
0.00349755
0.00280831
0.00402452
0.00387135
0.00474477
0.00392514
0.00410505
0.00338314
0.00374119
0.00395768
0.00454861
0.00488271
0.00286552
0.00512280
0.00518357
0.00594632
0.00502585
0.00370256
0.00457875
0.00437138
0.00228326
0.00527609
0.00551987
0.00276656
0.00558140
0.00550752
0.00269284
0.00335770
0.00521669
0.00493947
0.00697258
0.00528730
0.00602112
0.00669378
0.00801651
0.00681727
0.00898597
0.00395115
0.00606459
0.00678119
0.00645424
0.00741269
0.00611198
0.00753699
0.00290671
0.00828271
0.00344758
0.00528169
0.00976619
0.00793842
0.00779370
0.00955542
0.00757798
0.00769143
0.00821849
0.00763090
0.00836320
0.00981585
0.00914851
0.01020540
0.00969847
0.00886701
0.01163139
0.00941115
0.01040471
0.01034719
0.01313215
0.00993698
0.01493887
0.00941781
0.00797690
0.01093693
0.01209442
0.01423539
0.00844647
0.00851548
0.01224223
0.00864500
0.01644797
0.01223646
0.01010241
0.00642765
0.00783795
0.01048230
0.01411336
0.01450485
0.01512858
0.01633392
0.01580522
0.01720795
0.01302264
0.02249563
0.00000000
0.00000000
0.00000000
0.00000000
0.00000000
0.00000000
0.00000000
0.00000000
0.00000000
0.00000000
0.00000000
0.00000000
0.00000000
0.00000000
0.00000000
0.00000000
0.00000000
0.00000000
0.00000000
0.00000000
0.00000000
0.00000000
0.00000000
0.00000000
0.00000000
0.00000000
0.00000000
0.00000000
0.00000000
0.00000000
0.00000000
0.00000000
0.00000000
0.00000000
0.00000000
0.00000000
0.00000000
0.00000000
0.00000000
0.00000000
0.00000000
0.00000000
0.00000000
0.00000000
0.00000000
0.00000000
0.00000000
0.00000000
0.00000000
0.00000000
0.00000000
0.00000000
0.00000000
0.00000000
0.00000000
0.00000000
0.00000000
0.00000000
0.00000000
0.00000000
0.00000000
0.00000000
0.00000000
0.00000000
0.00000000
0.00000000
0.00000000
0.00000000
0.00000000
0.00000000
0.00000000
0.00000000
0.00000000
0.00000000
0.00000000
0.00000000
0.00000000
0.00000000
0.00000000
0.00000000
0.00000000
0.00000000
0.00000000
0.00000000
0.00000000
0.00664462
0.00611522
0.00621923
0.00619872
0.00597408
0.00600303
0.00530948
0.00614196
0.00605280
0.00619653
0.00572710
0.00643333
0.00633247
0.00619580
0.00572574
0.00584997
0.00574739
0.00501490
0.00632724
0.00602005
0.00605637
0.00625748
0.00510500
0.00594035
0.00627744
0.00554695
0.00645461
0.00591588
0.00520839
0.00621996
0.00593265
0.00522993
0.00557186
0.00637819
0.00573656
0.00575214
0.00556070
0.00608931
0.00630266
0.00593685
0.00562269
0.00595438
0.00496781
0.00614269
0.00615501
0.00593055
0.00560614
0.00517777
0.00614994
0.00509118
0.00629449
0.00533144
0.00557318
0.00609722
0.00586171
0.00614559
0.00603498
0.00578275
0.00607138
0.00595789
0.00650045
0.00623465
0.00600516
0.00588457
0.00610657
0.00587555
0.00621849
0.00614631
0.00611378
0.00616010
0.00583206
0.00606351
0.00564528
0.00582587
0.00492290
0.00607138
0.00624790
0.00623685
0.00601508
0.00600870
0.00522315
0.00622877
0.00614124
0.00635566
0.00584101
0.00645005
0.00630489
0.00622436
0.00592706
0.00598818
0.00580461
0.00484342
0.00618193
0.00599808
0.00605422
0.00631606
0.00528511
0.00590891
0.00607783
0.00526583
0.00653119
0.00599313
0.00555874
0.00623097
0.00592426
0.00527204
0.00566730
0.00632351
0.00579299
0.00569477
0.00549551
0.00593055
0.00612749
0.00589429
0.00570283
0.00585895
0.00494559
0.00589986
0.00594035
0.00599242
0.00574536
0.00537881
0.00611234
0.00518877
0.00610153
0.00551824
0.00578616
0.00601721
0.00576708
0.00586102
0.00574739
0.00560217
0.00588179
0.00569074
0.00607210
0.00576368
0.00570216
0.00558239
0.00586725
0.00564728
0.00588943
0.00576981
0.00565328
0.00567867
0.00553649
0.00571226
0.00557318
0.00538706
0.00468831
0.00556989
0.00567934
0.00572102
0.00551369
0.00561871
0.00497191
0.00560349
0.00557778
0.00569342
0.00540743
0.00593615
0.00582931
0.00566997
0.00544069
0.00547093
0.00539024
0.00464976
0.00551043
0.00534529
0.00533333
0.00572642
0.00505886
0.00539596
0.00000000
0.00000000
0.00000000
0.00000000
0.00000000
0.00000000
0.00000000
0.00000000
0.00000000
0.00000000
0.00000000
0.00000000
0.00000000
0.00000000
0.00000000
0.00000000
0.00000000
0.00000000
0.00000000
0.00000000
0.00000000
0.00000000
0.00000000
0.00000000
0.00000000
0.00000000
0.00000000
0.00000000
0.00000000
0.00000000
0.00000000
0.00000000
0.00000000
0.00000000
0.00000000
0.00000000
0.00000000
0.00000000
0.00000000
0.00000000
0.00000000
0.00000000
0.00000000
0.00000000
0.00000000
0.00000000
0.00000000
0.00000000
0.00000000
0.00000000
0.00000000
0.00000000
0.00000000
0.00000000
0.00000000
0.00000000
0.00000000
0.00000000
0.00000000
0.00000000
0.00000000
0.00000000
0.00000000
0.00000000
0.00000000
0.00000000
0.00000000
0.00000000
0.00000000
0.00000000
0.00000000
0.00000000
0.00000000
0.00000000
0.00000000
0.00000000
0.00000000
0.00000000
0.00000000
0.00000000
0.00000000
0.00000000
0.00000000
0.00000000
0.00561286
0.00562810
0.00590484
0.00588537
0.00570630
0.00562611
0.00512199
0.00580062
0.00566540
0.00600385
0.00556474
0.00604649
0.00574886
0.00571708
0.00552485
0.00574615
0.00570025
0.00509187
0.00610885
0.00579446
0.00585975
0.00599324
0.00529020
0.00565672
0.00580062
0.00520910
0.00616167
0.00571169
0.00507928
0.00594958
0.00573464
0.00511595
0.00538907
0.00593066
0.00553855
0.00561484
0.00539352
0.00575021
0.00588121
0.00562147
0.00542094
0.00579446
0.00493403
0.00581157
0.00581912
0.00567811
0.00554836
0.00526655
0.00591669
0.00511173
0.00601590
0.00500082
0.00528085
0.00588885
0.00558183
0.00576923
0.00577468
0.00549237
0.00582255
0.00571169
0.00614280
0.00585698
0.00571034
0.00551964
0.00581089
0.00561948
0.00586874
0.00591739
0.00585768
0.00583836
0.00550664
0.00585422
0.00547297
0.00564672
0.00480709
0.00564273
0.00591320
0.00598477
0.00581294
0.00574411
0.00505537
0.00588121
0.00579856
0.00611822
0.00558183
0.00615078
0.00583355
0.00580472
0.00559567
0.00579036
0.00575768
0.00504644
0.00614280
0.00575700
0.00580815
0.00598971
0.00489693
0.00561153
0.00585146
0.00500495
0.00618205
0.00578286
0.00512803
0.00608296
0.00589093
0.00511897
0.00546266
0.00613556
0.00571843
0.00589440
0.00562147
0.00606720
0.00616821
0.00596785
0.00571978
0.00614063
0.00501617
0.00603722
0.00606005
0.00594958
0.00581226
0.00548590
0.00627978
0.00537510
0.00640469
0.00533972
0.00561948
0.00630352
0.00590832
0.00599890
0.00608081
0.00574005
0.00612905
0.00602442
0.00639789
0.00611822
0.00600669
0.00582942
0.00607938
0.00585215
0.00608368
0.00622228
0.00616603
0.00612472
0.00585077
0.00623476
0.00589093
0.00605219
0.00539606
0.00595098
0.00628719
0.00632363
0.00617549
0.00594116
0.00534665
0.00623918
0.00604079
0.00654287
0.00594537
0.00645093
0.00602798
0.00600456
0.00584870
0.00613701
0.00608296
0.00525352
0.00649138
0.00614063
0.00618861
0.00629535
0.00518948
0.00581431
0.00600314
0.00000000
0.00000000
0.00000000
0.00000000
0.00000000
0.00000000
0.00000000
0.00000000
0.00000000
0.00000000
0.00000000
0.00000000
0.00000000
0.00000000
0.00000000
0.00000000
0.00000000
0.00000000
0.00000000
0.00000000
0.00000000
0.00000000
0.00000000
0.00000000
0.00000000
0.00000000
0.00000000
0.00000000
0.00000000
0.00000000
0.00000000
0.00000000
0.00000000
0.00000000
0.00000000
0.00000000
0.00000000
0.00000000
0.00000000
0.00000000
0.00000000
0.00000000
0.00000000
0.00000000
0.00000000
0.00000000
0.00000000
0.00000000
0.00000000
0.00000000
0.00000000
0.00000000
0.00000000
0.00000000
0.00000000
0.00000000
0.00000000
0.00000000
0.00000000
0.00000000
0.00000000
0.00000000
0.00000000
0.00000000
0.00000000
0.00000000
0.00000000
0.00000000
0.00000000
0.00000000
0.00000000
0.00000000
0.00000000
0.00000000
0.00000000
0.00000000
0.00000000
0.00000000
0.00000000
0.00000000
0.00000000
0.00000000
0.00000000
0.00192053
0.00272931
0.00271422
0.00335692
0.00348809
0.00290227
0.00239837
0.00361541
0.00290398
0.00417440
0.00331092
0.00341281
0.00262884
0.00278359
0.00323985
0.00392192
0.00387731
0.00278852
0.00356713
0.00352947
0.00334822
0.00363337
0.00213634
0.00323794
0.00280568
0.00220572
0.00373107
0.00349097
0.00233860
0.00357598
0.00377044
0.00263226
0.00269890
0.00331483
0.00313424
0.00394093
0.00325363
0.00375845
0.00366738
0.00465555
0.00409009
0.00497810
0.00357387
0.00343623
0.00372535
0.00376644
0.00381472
0.00303780
0.00421297
0.00266537
0.00414594
0.00244665
0.00273866
0.00411331
0.00365917
0.00335257
0.00421944
0.00353447
0.00342895
0.00334467
0.00351783
0.00348809
0.00384407
0.00322612
0.00356965
0.00332579
0.00338555
0.00396424
0.00348644
0.00391868
0.00385270
0.00453792
0.00387183
0.00464897
0.00450220
0.00369168
0.00377578
0.00419216
0.00399192
0.00321397
0.00243227
0.00403023
0.00363379
0.00470689
0.00402881
0.00409202
0.00343785
0.00368298
0.00379050
0.00414301
0.00445414
0.00285171
0.00483460
0.00465226
0.00499987
0.00459175
0.00304102
0.00455722
0.00458688
0.00373547
0.00491567
0.00532927
0.00231773
0.00517688
0.00520074
0.00276103
0.00356251
0.00494766
0.00493891
0.00645807
0.00495233
0.00511799
0.00608827
0.00695946
0.00557091
0.00852054
0.00509451
0.00690306
0.00743286
0.00639441
0.00693816
0.00530044
0.00701136
0.00283327
0.00784076
0.00291152
0.00406892
0.00831996
0.00695126
0.00679563
0.00940897
0.00803926
0.00860639
0.00848044
0.00783983
0.00827885
0.00945012
0.00795439
0.00929866
0.00894583
0.00824086
0.01148152
0.01063677
0.01101724
0.00960745
0.01148694
0.00774335
0.01381046
0.00888589
0.00836916
0.01146258
0.01193859
0.01310127
0.00786391
0.00679082
0.01219042
0.00871362
0.01659809
0.01216170
0.01027307
0.00654780
0.00809349
0.01074647
0.01394466
0.01382676
0.01562551
0.01583141
0.01413174
0.01505923
0.01172925
0.01046999
0.01193999
0.00590233
0.02269292
0.00000000
0.00000000
0.00000000
0.00000000
0.00000000
0.00000000
0.00000000
0.00000000
0.00000000
0.00000000
0.00000000
0.00000000
0.00000000
0.00000000
0.00000000
0.00000000
0.00000000
0.00000000
0.00000000
0.00000000
0.00000000
0.00000000
0.00000000
0.00000000
0.00000000
0.00000000
0.00000000
0.00000000
0.00000000
0.00000000
0.00000000
0.00000000
0.00000000
0.00000000
0.00000000
0.00000000
0.00000000
0.00000000
0.00000000
0.00000000
0.00000000
0.00000000
0.00000000
0.00000000
0.00000000
0.00000000
0.00000000
0.00000000
0.00000000
0.00000000
0.00000000
0.00000000
0.00000000
0.00000000
0.00000000
0.00000000
0.00000000
0.00000000
0.00000000
0.00000000
0.00000000
0.00000000
0.00000000
0.00000000
0.00000000
0.00000000
0.00000000
0.00000000
0.00000000
0.00000000
0.00000000
0.00000000
0.00000000
0.00000000
0.00000000
0.00000000
0.00000000
0.00000000
0.00000000
0.00000000
0.00000000
0.00000000
0.00597030
0.00545910
0.00563042
0.00585801
0.00575393
0.00559599
0.00474373
0.00576684
0.00556834
0.00594781
0.00547458
0.00599076
0.00569587
0.00559995
0.00540401
0.00565704
0.00557426
0.00465725
0.00576208
0.00558149
0.00557426
0.00587877
0.00490762
0.00557689
0.00572820
0.00464080
0.00606040
0.00559006
0.00500405
0.00592331
0.00571673
0.00485065
0.00510599
0.00597876
0.00550176
0.00565304
0.00531301
0.00571673
0.00592052
0.00581808
0.00554933
0.00591563
0.00472530
0.00566639
0.00570326
0.00568916
0.00549398
0.00518794
0.00598581
0.00478023
0.00597876
0.00468369
0.00513316
0.00587531
0.00567441
0.00579479
0.00570932
0.00534885
0.00552778
0.00556900
0.00600774
0.00580163
0.00566706
0.00543341
0.00577024
0.00564105
0.00589891
0.00590727
0.00562843
0.00573091
0.00559138
0.00595483
0.00565838
0.00580095
0.00494072
0.00566305
0.00571471
0.00591145
0.00583457
0.00574580
0.00497991
0.00589544
0.00569856
0.00608188
0.00567040
0.00611640
0.00592192
0.00581465
0.00559467
0.00583044
0.00581122
0.00491921
0.00606040
0.00592820
0.00588710
0.00618167
0.00519467
0.00594361
0.00608690
0.00508076
0.00641034
0.00583319
0.00484436
0.00614750
0.00596678
0.00514225
0.00543149
0.00616056
0.00569721
0.00585456
0.00559072
0.00587254
0.00607758
0.00593800
0.00567642
0.00610487
0.00528240
0.00600207
0.00598370
0.00596397
0.00578523
0.00546361
0.00624321
0.00529362
0.00623806
0.00505566
0.00541358
0.00617220
0.00599500
0.00602761
0.00609624
0.00584835
0.00597101
0.00581122
0.00607614
0.00594641
0.00601199
0.00574783
0.00609121
0.00589335
0.00605540
0.00618605
0.00602974
0.00592192
0.00569788
0.00592820
0.00570797
0.00601270
0.00550306
0.00584352
0.00596467
0.00597805
0.00594290
0.00577501
0.00560061
0.00603187
0.00574783
0.00610847
0.00568446
0.00606898
0.00578523
0.00573970
0.00566706
0.00585663
0.00579001
0.00557426
0.00608044
0.00591703
0.00586146
0.00604327
0.00551150
0.00592401
0.00583939
0.00608546
0.00622924
0.00000000
0.00000000
0.00000000
0.00000000
0.00000000
0.00000000
0.00000000
0.00000000
0.00000000
0.00000000
0.00000000
0.00000000
0.00000000
0.00000000
0.00000000
0.00000000
0.00000000
0.00000000
0.00000000
0.00000000
0.00000000
0.00000000
0.00000000
0.00000000
0.00000000
0.00000000
0.00000000
0.00000000
0.00000000
0.00000000
0.00000000
0.00000000
0.00000000
0.00000000
0.00000000
0.00000000
0.00000000
0.00000000
0.00000000
0.00000000
0.00000000
0.00000000
0.00000000
0.00000000
0.00000000
0.00000000
0.00000000
0.00000000
0.00000000
0.00000000
0.00000000
0.00000000
0.00000000
0.00000000
0.00000000
0.00000000
0.00000000
0.00000000
0.00000000
0.00000000
0.00000000
0.00000000
0.00000000
0.00000000
0.00000000
0.00000000
0.00000000
0.00000000
0.00000000
0.00000000
0.00000000
0.00000000
0.00000000
0.00000000
0.00000000
0.00000000
0.00000000
0.00000000
0.00000000
0.00000000
0.00000000
0.00644516
0.00555453
0.00590722
0.00610123
0.00591280
0.00586280
0.00473978
0.00592396
0.00576408
0.00617215
0.00555387
0.00638464
0.00604536
0.00586142
0.00546164
0.00571197
0.00562374
0.00453900
0.00605249
0.00564367
0.00567571
0.00612430
0.00508492
0.00571601
0.00611419
0.00471024
0.00644060
0.00568978
0.00503064
0.00625717
0.00588428
0.00479657
0.00512707
0.00633066
0.00558738
0.00573763
0.00537157
0.00591559
0.00617944
0.00574033
0.00546357
0.00591908
0.00437657
0.00577837
0.00574711
0.00564966
0.00537664
0.00513979
0.00610267
0.00485634
0.00615979
0.00450169
0.00505026
0.00597096
0.00569247
0.00605463
0.00576272
0.00532363
0.00568978
0.00569851
0.00644744
0.00606464
0.00574575
0.00546099
0.00594496
0.00575457
0.00619914
0.00615108
0.00585451
0.00585037
0.00549783
0.00600061
0.00566234
0.00570658
0.00445836
0.00567571
0.00570995
0.00595057
0.00581117
0.00590931
0.00498869
0.00599354
0.00588775
0.00619038
0.00557421
0.00639896
0.00619403
0.00599000
0.00555977
0.00585589
0.00580638
0.00481925
0.00630458
0.00593026
0.00585589
0.00632618
0.00487470
0.00586972
0.00627121
0.00482096
0.00664115
0.00567169
0.00463858
0.00625127
0.00598788
0.00518973
0.00547841
0.00635834
0.00560784
0.00572141
0.00547647
0.00604180
0.00619476
0.00586626
0.00560057
0.00601833
0.00498046
0.00597307
0.00589608
0.00582421
0.00548811
0.00509993
0.00629566
0.00544235
0.00632021
0.00515800
0.00542376
0.00612574
0.00585106
0.00603183
0.00593235
0.00562374
0.00585382
0.00558672
0.00612935
0.00583315
0.00578724
0.00555191
0.00593865
0.00561446
0.00595900
0.00600061
0.00589678
0.00568978
0.00534376
0.00564167
0.00547066
0.00560057
0.00521796
0.00572613
0.00576544
0.00569045
0.00546744
0.00548617
0.00517629
0.00569986
0.00555322
0.00572073
0.00516957
0.00593445
0.00572478
0.00557553
0.00525068
0.00538552
0.00528236
0.00464624
0.00577088
0.00551536
0.00546808
0.00581460
0.00482892
0.00544363
0.00586764
0.00508672
0.00597378
0.00519034
0.00000000
0.00000000
0.00000000
0.00000000
0.00000000
0.00000000
0.00000000
0.00000000
0.00000000
0.00000000
0.00000000
0.00000000
0.00000000
0.00000000
0.00000000
0.00000000
0.00000000
0.00000000
0.00000000
0.00000000
0.00000000
0.00000000
0.00000000
0.00000000
0.00000000
0.00000000
0.00000000
0.00000000
0.00000000
0.00000000
0.00000000
0.00000000
0.00000000
0.00000000
0.00000000
0.00000000
0.00000000
0.00000000
0.00000000
0.00000000
0.00000000
0.00000000
0.00000000
0.00000000
0.00000000
0.00000000
0.00000000
0.00000000
0.00000000
0.00000000
0.00000000
0.00000000
0.00000000
0.00000000
0.00000000
0.00000000
0.00000000
0.00000000
0.00000000
0.00000000
0.00000000
0.00000000
0.00000000
0.00000000
0.00000000
0.00000000
0.00000000
0.00000000
0.00000000
0.00000000
0.00000000
0.00000000
0.00000000
0.00000000
0.00000000
0.00000000
0.00000000
0.00000000
0.00000000
0.00000000
0.00186730
0.00331939
0.00329637
0.00349289
0.00324967
0.00261976
0.00171893
0.00345683
0.00271059
0.00409282
0.00331509
0.00333627
0.00271059
0.00281219
0.00308825
0.00376673
0.00363579
0.00245205
0.00372960
0.00378231
0.00373048
0.00363494
0.00185697
0.00304845
0.00256716
0.00209435
0.00365213
0.00348425
0.00211146
0.00332684
0.00342073
0.00230266
0.00274826
0.00319043
0.00331704
0.00373400
0.00311642
0.00323247
0.00348261
0.00412481
0.00328822
0.00453239
0.00374150
0.00387487
0.00435168
0.00421778
0.00419545
0.00287185
0.00409282
0.00185676
0.00402153
0.00244425
0.00285968
0.00409717
0.00349701
0.00307734
0.00413455
0.00349825
0.00376318
0.00364524
0.00363194
0.00358512
0.00399082
0.00333627
0.00360080
0.00324392
0.00326503
0.00368414
0.00340383
0.00388769
0.00363408
0.00409331
0.00296127
0.00411946
0.00322219
0.00349495
0.00450680
0.00465482
0.00431081
0.00344950
0.00212145
0.00379662
0.00317841
0.00469396
0.00394124
0.00406828
0.00327082
0.00367546
0.00393288
0.00416636
0.00431234
0.00263153
0.00442256
0.00423672
0.00466746
0.00427789
0.00252810
0.00401206
0.00366507
0.00303804
0.00455382
0.00560033
0.00367893
0.00525479
0.00499201
0.00222681
0.00292173
0.00472506
0.00470116
0.00631100
0.00502865
0.00508650
0.00590557
0.00627464
0.00489754
0.00746859
0.00326773
0.00624511
0.00712865
0.00681623
0.00776408
0.00643425
0.00687192
0.00263433
0.00735236
0.00261020
0.00390976
0.00780447
0.00628278
0.00595172
0.00792785
0.00635507
0.00779711
0.00862942
0.00799923
0.00854335
0.00894653
0.00795407
0.00849212
0.00821240
0.00770206
0.01028600
0.00909869
0.01055637
0.00998480
0.01205555
0.00853630
0.01251626
0.00598269
0.00696494
0.00981551
0.01149869
0.01321559
0.00836094
0.00649985
0.01125584
0.00802096
0.01596390
0.01196772
0.01020023
0.00653829
0.00801717
0.01059129
0.01419299
0.01426515
0.01503202
0.01530031
0.01355657
0.01450777
0.01109112
0.01013070
0.01024967
0.00543249
0.01046588
0.01281197
0.01765966
0.02271077
0.00000000
0.00000000
0.00000000
0.00000000
0.00000000
0.00000000
0.00000000
0.00000000
0.00000000
0.00000000
0.00000000
0.00000000
0.00000000
0.00000000
0.00000000
0.00000000
0.00000000
0.00000000
0.00000000
0.00000000
0.00000000
0.00000000
0.00000000
0.00000000
0.00000000
0.00000000
0.00000000
0.00000000
0.00000000
0.00000000
0.00000000
0.00000000
0.00000000
0.00000000
0.00000000
0.00000000
0.00000000
0.00000000
0.00000000
0.00000000
0.00000000
0.00000000
0.00000000
0.00000000
0.00000000
0.00000000
0.00000000
0.00000000
0.00000000
0.00000000
0.00000000
0.00000000
0.00000000
0.00000000
0.00000000
0.00000000
0.00000000
0.00000000
0.00000000
0.00000000
0.00000000
0.00000000
0.00000000
0.00000000
0.00000000
0.00000000
0.00000000
0.00000000
0.00000000
0.00000000
0.00000000
0.00000000
0.00000000
0.00000000
0.00000000
0.00000000
0.00000000
0.00000000
0.00000000
0.00596228
0.00549566
0.00557991
0.00576589
0.00567281
0.00561688
0.00502036
0.00580204
0.00562152
0.00591186
0.00537642
0.00602590
0.00574756
0.00563148
0.00534166
0.00558518
0.00552035
0.00483557
0.00590350
0.00557728
0.00552947
0.00584876
0.00477606
0.00554514
0.00584393
0.00495449
0.00608087
0.00549890
0.00473623
0.00590838
0.00573740
0.00510093
0.00527032
0.00598835
0.00540121
0.00552816
0.00524552
0.00572388
0.00591256
0.00564478
0.00537452
0.00574756
0.00465154
0.00564677
0.00563413
0.00547754
0.00520731
0.00488256
0.00585842
0.00497733
0.00597002
0.00478282
0.00501800
0.00572591
0.00550280
0.00576725
0.00568620
0.00536502
0.00551384
0.00544213
0.00601454
0.00576929
0.00558518
0.00538213
0.00568553
0.00548724
0.00583911
0.00584531
0.00568620
0.00572456
0.00541907
0.00576589
0.00540248
0.00564611
0.00493874
0.00574688
0.00575095
0.00581780
0.00561026
0.00556939
0.00481281
0.00585428
0.00578837
0.00599825
0.00545305
0.00606368
0.00588335
0.00580478
0.00549696
0.00570568
0.00562816
0.00471061
0.00606368
0.00584324
0.00586464
0.00609523
0.00487393
0.00573740
0.00598976
0.00512203
0.00630730
0.00571444
0.00463456
0.00598765
0.00576793
0.00498496
0.00546980
0.00615809
0.00567749
0.00571039
0.00540886
0.00581917
0.00606082
0.00587295
0.00556348
0.00595314
0.00498320
0.00590350
0.00593072
0.00582535
0.00556939
0.00508892
0.00607800
0.00503697
0.00616754
0.00524428
0.00546722
0.00604726
0.00574484
0.00581163
0.00593842
0.00574959
0.00603799
0.00575705
0.00608876
0.00581506
0.00584738
0.00559969
0.00597777
0.00571309
0.00592792
0.00598553
0.00589794
0.00583773
0.00553861
0.00576997
0.00539866
0.00567816
0.00500499
0.00573740
0.00600249
0.00593142
0.00572658
0.00556939
0.00504410
0.00583980
0.00570837
0.00599825
0.00550345
0.00599118
0.00569425
0.00560762
0.00547173
0.00567749
0.00559375
0.00503044
0.00594122
0.00571107
0.00575637
0.00595806
0.00516632
0.00567013
0.00571242
0.00538213
0.00612550
0.00575434
0.00527468
0.00588821
0.00000000
0.00000000
0.00000000
0.00000000
0.00000000
0.00000000
0.00000000
0.00000000
0.00000000
0.00000000
0.00000000
0.00000000
0.00000000
0.00000000
0.00000000
0.00000000
0.00000000
0.00000000
0.00000000
0.00000000
0.00000000
0.00000000
0.00000000
0.00000000
0.00000000
0.00000000
0.00000000
0.00000000
0.00000000
0.00000000
0.00000000
0.00000000
0.00000000
0.00000000
0.00000000
0.00000000
0.00000000
0.00000000
0.00000000
0.00000000
0.00000000
0.00000000
0.00000000
0.00000000
0.00000000
0.00000000
0.00000000
0.00000000
0.00000000
0.00000000
0.00000000
0.00000000
0.00000000
0.00000000
0.00000000
0.00000000
0.00000000
0.00000000
0.00000000
0.00000000
0.00000000
0.00000000
0.00000000
0.00000000
0.00000000
0.00000000
0.00000000
0.00000000
0.00000000
0.00000000
0.00000000
0.00000000
0.00000000
0.00000000
0.00000000
0.00000000
0.00000000
0.00000000
0.00580972
0.00541793
0.00554005
0.00567763
0.00550488
0.00541282
0.00461178
0.00567696
0.00548803
0.00582962
0.00522528
0.00590017
0.00560379
0.00549385
0.00520621
0.00545319
0.00534810
0.00443888
0.00574499
0.00545190
0.00544226
0.00575245
0.00445724
0.00536705
0.00563295
0.00465550
0.00597580
0.00539561
0.00454483
0.00575041
0.00552961
0.00468193
0.00502464
0.00586894
0.00531415
0.00539688
0.00505733
0.00551073
0.00580013
0.00555051
0.00520989
0.00565358
0.00439772
0.00555248
0.00560974
0.00547703
0.00519455
0.00476436
0.00578988
0.00461287
0.00589461
0.00463468
0.00492606
0.00566225
0.00537212
0.00558268
0.00557347
0.00521542
0.00546800
0.00541154
0.00598144
0.00569977
0.00552309
0.00526921
0.00563494
0.00542049
0.00576875
0.00576535
0.00554201
0.00567228
0.00535504
0.00572875
0.00522774
0.00550813
0.00449684
0.00557347
0.00569037
0.00582138
0.00558071
0.00551008
0.00447462
0.00573889
0.00565158
0.00597721
0.00539816
0.00602108
0.00580561
0.00571188
0.00541410
0.00562962
0.00556887
0.00447410
0.00595751
0.00571593
0.00577692
0.00603245
0.00466484
0.00562763
0.00588558
0.00471017
0.00629408
0.00573145
0.00468193
0.00606026
0.00578647
0.00469630
0.00523391
0.00617716
0.00569037
0.00580355
0.00543457
0.00577965
0.00612204
0.00590017
0.00555379
0.00606240
0.00475650
0.00590992
0.00597369
0.00593227
0.00572200
0.00521912
0.00622983
0.00485226
0.00628296
0.00503710
0.00546478
0.00621516
0.00584201
0.00589878
0.00598850
0.00569776
0.00604883
0.00586894
0.00621662
0.00595610
0.00598003
0.00571188
0.00613215
0.00586271
0.00607529
0.00621956
0.00605312
0.00600760
0.00574296
0.00605597
0.00567629
0.00596594
0.00509986
0.00578920
0.00613071
0.00614809
0.00601611
0.00576195
0.00518170
0.00601682
0.00570044
0.00627777
0.00570852
0.00618736
0.00577488
0.00569171
0.00561040
0.00589739
0.00581520
0.00527854
0.00616478
0.00590435
0.00590992
0.00611266
0.00538608
0.00577011
0.00572875
0.00533172
0.00630300
0.00584890
0.00541985
0.00606526
0.00580903
0.00000000
0.00000000
0.00000000
0.00000000
0.00000000
0.00000000
0.00000000
0.00000000
0.00000000
0.00000000
0.00000000
0.00000000
0.00000000
0.00000000
0.00000000
0.00000000
0.00000000
0.00000000
0.00000000
0.00000000
0.00000000
0.00000000
0.00000000
0.00000000
0.00000000
0.00000000
0.00000000
0.00000000
0.00000000
0.00000000
0.00000000
0.00000000
0.00000000
0.00000000
0.00000000
0.00000000
0.00000000
0.00000000
0.00000000
0.00000000
0.00000000
0.00000000
0.00000000
0.00000000
0.00000000
0.00000000
0.00000000
0.00000000
0.00000000
0.00000000
0.00000000
0.00000000
0.00000000
0.00000000
0.00000000
0.00000000
0.00000000
0.00000000
0.00000000
0.00000000
0.00000000
0.00000000
0.00000000
0.00000000
0.00000000
0.00000000
0.00000000
0.00000000
0.00000000
0.00000000
0.00000000
0.00000000
0.00000000
0.00000000
0.00000000
0.00000000
0.00000000
0.00184395
0.00287773
0.00347044
0.00375712
0.00376244
0.00324711
0.00208851
0.00324520
0.00235021
0.00392100
0.00309786
0.00327094
0.00262327
0.00283361
0.00312501
0.00366694
0.00359077
0.00214189
0.00347987
0.00368906
0.00365442
0.00370957
0.00257423
0.00319846
0.00274157
0.00185924
0.00374253
0.00331874
0.00207256
0.00342006
0.00347044
0.00214670
0.00236300
0.00308291
0.00303672
0.00369734
0.00332854
0.00341845
0.00346268
0.00373547
0.00301318
0.00408334
0.00252433
0.00345696
0.00394279
0.00429677
0.00452990
0.00398486
0.00422043
0.00246577
0.00396284
0.00172631
0.00221720
0.00390484
0.00350252
0.00315873
0.00407709
0.00328254
0.00348233
0.00355537
0.00354365
0.00372711
0.00411913
0.00351037
0.00372008
0.00332030
0.00337598
0.00365528
0.00311471
0.00353030
0.00330936
0.00381022
0.00309129
0.00380349
0.00252939
0.00288759
0.00359077
0.00416063
0.00444784
0.00376688
0.00381202
0.00410459
0.00352572
0.00455669
0.00355621
0.00390807
0.00298066
0.00334191
0.00373107
0.00414496
0.00434416
0.00315947
0.00440452
0.00405503
0.00423439
0.00399051
0.00233943
0.00369909
0.00365356
0.00254285
0.00432881
0.00483460
0.00300679
0.00511377
0.00541224
0.00362224
0.00358400
0.00454327
0.00419018
0.00559923
0.00443946
0.00479882
0.00559263
0.00600271
0.00493484
0.00694225
0.00291290
0.00555123
0.00617067
0.00601760
0.00668987
0.00610840
0.00678602
0.00408864
0.00747946
0.00303529
0.00365399
0.00708618
0.00581252
0.00588773
0.00751394
0.00582762
0.00615832
0.00703290
0.00688111
0.00784076
0.00830721
0.00818564
0.00837805
0.00795345
0.00781306
0.00965401
0.00763814
0.00908511
0.00854973
0.01075788
0.00801465
0.01213877
0.00825253
0.00754769
0.00904022
0.01021387
0.01134557
0.00732409
0.00616776
0.01126292
0.00879104
0.01525946
0.01091507
0.00969280
0.00629861
0.00791322
0.01042933
0.01417682
0.01420192
0.01303192
0.01505745
0.01400234
0.01466834
0.01115189
0.00961538
0.00964946
0.00608611
0.01016461
0.01194422
0.01432134
0.01041458
0.01276421
0.01524148
0.02249309
0.00000000
0.00000000
0.00000000
0.00000000
0.00000000
0.00000000
0.00000000
0.00000000
0.00000000
0.00000000
0.00000000
0.00000000
0.00000000
0.00000000
0.00000000
0.00000000
0.00000000
0.00000000
0.00000000
0.00000000
0.00000000
0.00000000
0.00000000
0.00000000
0.00000000
0.00000000
0.00000000
0.00000000
0.00000000
0.00000000
0.00000000
0.00000000
0.00000000
0.00000000
0.00000000
0.00000000
0.00000000
0.00000000
0.00000000
0.00000000
0.00000000
0.00000000
0.00000000
0.00000000
0.00000000
0.00000000
0.00000000
0.00000000
0.00000000
0.00000000
0.00000000
0.00000000
0.00000000
0.00000000
0.00000000
0.00000000
0.00000000
0.00000000
0.00000000
0.00000000
0.00000000
0.00000000
0.00000000
0.00000000
0.00000000
0.00000000
0.00000000
0.00000000
0.00000000
0.00000000
0.00000000
0.00000000
0.00000000
0.00000000
0.00000000
0.00000000
0.00301030
0.00371477
0.00418716
0.00446934
0.00450267
0.00415960
0.00335332
0.00428204
0.00354988
0.00472909
0.00383406
0.00426843
0.00362262
0.00377350
0.00391863
0.00439719
0.00432416
0.00304709
0.00444306
0.00441486
0.00436515
0.00456846
0.00330308
0.00411034
0.00388917
0.00300462
0.00471628
0.00415567
0.00279309
0.00437443
0.00436773
0.00315199
0.00338550
0.00416156
0.00384221
0.00435847
0.00396746
0.00428710
0.00440186
0.00449365
0.00388825
0.00473355
0.00310806
0.00421640
0.00453090
0.00470405
0.00470572
0.00427498
0.00490981
0.00366603
0.00485740
0.00281326
0.00313124
0.00460905
0.00420101
0.00404685
0.00477504
0.00409438
0.00432620
0.00428356
0.00450108
0.00451863
0.00475986
0.00423833
0.00460633
0.00419903
0.00435025
0.00457925
0.00407799
0.00439771
0.00404351
0.00452770
0.00384584
0.00445145
0.00330113
0.00388458
0.00433591
0.00475033
0.00478745
0.00428255
0.00406407
0.00489016
0.00457278
0.00523822
0.00428204
0.00478519
0.00397917
0.00418913
0.00435076
0.00477335
0.00486428
0.00364061
0.00515123
0.00475537
0.00490865
0.00481576
0.00301634
0.00438838
0.00455125
0.00330697
0.00509925
0.00512819
0.00328947
0.00543135
0.00552438
0.00402543
0.00438735
0.00530412
0.00497157
0.00579055
0.00480498
0.00518231
0.00593715
0.00610544
0.00528663
0.00674762
0.00363032
0.00582892
0.00622395
0.00597790
0.00616550
0.00543392
0.00668978
0.00436207
0.00727921
0.00409873
0.00458736
0.00699640
0.00594206
0.00600334
0.00706939
0.00595258
0.00634550
0.00668978
0.00687291
0.00710282
0.00738383
0.00701375
0.00763263
0.00725350
0.00730070
0.00837004
0.00721001
0.00793554
0.00731795
0.00865717
0.00673331
0.00915058
0.00664496
0.00704442
0.00821067
0.00868990
0.00890256
0.00668189
0.00525741
0.00893938
0.00765878
0.01113991
0.00871762
0.00847133
0.00632234
0.00712379
0.00822909
0.01036053
0.01034100
0.00879507
0.01111104
0.01039971
0.01077806
0.00936457
0.00741700
0.00819423
0.00620635
0.00779639
0.00968353
0.01021494
0.00754759
0.00956774
0.01008447
0.01020651
0.01113203
0.00000000
0.00000000
0.00000000
0.00000000
0.00000000
0.00000000
0.00000000
0.00000000
0.00000000
0.00000000
0.00000000
0.00000000
0.00000000
0.00000000
0.00000000
0.00000000
0.00000000
0.00000000
0.00000000
0.00000000
0.00000000
0.00000000
0.00000000
0.00000000
0.00000000
0.00000000
0.00000000
0.00000000
0.00000000
0.00000000
0.00000000
0.00000000
0.00000000
0.00000000
0.00000000
0.00000000
0.00000000
0.00000000
0.00000000
0.00000000
0.00000000
0.00000000
0.00000000
0.00000000
0.00000000
0.00000000
0.00000000
0.00000000
0.00000000
0.00000000
0.00000000
0.00000000
0.00000000
0.00000000
0.00000000
0.00000000
0.00000000
0.00000000
0.00000000
0.00000000
0.00000000
0.00000000
0.00000000
0.00000000
0.00000000
0.00000000
0.00000000
0.00000000
0.00000000
0.00000000
0.00000000
0.00000000
0.00000000
0.00000000
0.00000000
0.00562327
0.00543804
0.00551295
0.00558164
0.00553836
0.00549348
0.00512725
0.00552401
0.00544189
0.00560341
0.00547472
0.00564719
0.00556390
0.00547214
0.00536289
0.00547472
0.00546504
0.00521507
0.00559416
0.00549089
0.00548312
0.00558098
0.00530439
0.00548700
0.00554555
0.00522060
0.00563987
0.00544767
0.00531378
0.00557835
0.00549542
0.00517890
0.00525892
0.00559416
0.00541756
0.00549737
0.00542331
0.00555930
0.00556258
0.00547085
0.00537745
0.00553836
0.00523725
0.00551165
0.00550320
0.00542587
0.00534647
0.00524467
0.00553771
0.00518685
0.00554686
0.00511879
0.00527818
0.00549348
0.00543291
0.00553445
0.00542267
0.00528316
0.00534080
0.00538380
0.00561531
0.00552206
0.00539906
0.00532444
0.00540161
0.00537936
0.00551620
0.00550645
0.00547214
0.00547343
0.00534962
0.00548053
0.00537048
0.00539715
0.00504805
0.00543932
0.00543227
0.00551295
0.00546569
0.00553836
0.00522430
0.00550255
0.00548506
0.00555603
0.00541692
0.00562526
0.00566053
0.00560803
0.00544574
0.00544382
0.00544317
0.00509109
0.00561664
0.00555210
0.00556521
0.00564120
0.00521261
0.00556127
0.00568662
0.00528254
0.00575341
0.00554817
0.00520217
0.00568126
0.00561134
0.00531503
0.00541500
0.00569804
0.00548183
0.00556783
0.00554163
0.00569535
0.00570880
0.00562725
0.00552206
0.00565519
0.00534332
0.00566453
0.00566788
0.00567389
0.00560076
0.00545217
0.00576699
0.00549672
0.00575544
0.00546118
0.00555406
0.00573714
0.00564786
0.00566320
0.00565652
0.00560076
0.00561399
0.00551100
0.00559482
0.00555865
0.00562990
0.00561068
0.00566520
0.00555079
0.00559218
0.00567992
0.00571823
0.00561465
0.00554163
0.00555668
0.00557243
0.00559284
0.00559152
0.00553902
0.00559878
0.00554686
0.00554424
0.00547278
0.00571553
0.00561002
0.00546247
0.00559152
0.00541820
0.00557506
0.00545346
0.00545024
0.00547085
0.00546827
0.00539206
0.00542843
0.00551750
0.00548118
0.00546504
0.00550126
0.00558823
0.00542331
0.00539270
0.00562194
0.00554817
0.00540033
0.00544382
0.00542267
0.00538952
0.00549996
0.00545732
0.00543291
0.00000000
0.00000000
0.00000000
0.00000000
0.00000000
0.00000000
0.00000000
0.00000000
0.00000000
0.00000000
0.00000000
0.00000000
0.00000000
0.00000000
0.00000000
0.00000000
0.00000000
0.00000000
0.00000000
0.00000000
0.00000000
0.00000000
0.00000000
0.00000000
0.00000000
0.00000000
0.00000000
0.00000000
0.00000000
0.00000000
0.00000000
0.00000000
0.00000000
0.00000000
0.00000000
0.00000000
0.00000000
0.00000000
0.00000000
0.00000000
0.00000000
0.00000000
0.00000000
0.00000000
0.00000000
0.00000000
0.00000000
0.00000000
0.00000000
0.00000000
0.00000000
0.00000000
0.00000000
0.00000000
0.00000000
0.00000000
0.00000000
0.00000000
0.00000000
0.00000000
0.00000000
0.00000000
0.00000000
0.00000000
0.00000000
0.00000000
0.00000000
0.00000000
0.00000000
0.00000000
0.00000000
0.00000000
0.00000000
0.00000000
0.00528572
0.00520162
0.00541507
0.00549679
0.00524597
0.00512127
0.00421468
0.00535979
0.00519671
0.00563595
0.00510559
0.00566394
0.00534338
0.00527513
0.00504573
0.00529508
0.00520898
0.00436698
0.00560744
0.00527451
0.00535600
0.00553909
0.00462023
0.00513578
0.00533646
0.00447173
0.00575416
0.00529758
0.00464591
0.00561340
0.00539531
0.00453226
0.00488126
0.00567330
0.00525464
0.00540741
0.00504513
0.00547608
0.00564327
0.00545159
0.00512973
0.00560017
0.00444806
0.00540167
0.00544838
0.00530008
0.00511584
0.00468056
0.00556003
0.00427525
0.00563529
0.00439384
0.00483485
0.00555937
0.00522683
0.00541124
0.00542338
0.00506063
0.00541826
0.00533520
0.00584512
0.00550782
0.00536042
0.00505884
0.00542402
0.00520407
0.00551237
0.00553778
0.00534843
0.00542082
0.00511644
0.00553843
0.00507318
0.00527576
0.00424511
0.00521698
0.00548190
0.00562068
0.00540422
0.00534464
0.00435309
0.00541507
0.00529508
0.00572033
0.00517409
0.00579980
0.00550327
0.00544581
0.00516311
0.00540104
0.00538958
0.00438918
0.00579912
0.00544774
0.00552017
0.00576299
0.00454082
0.00538069
0.00563263
0.00449235
0.00600089
0.00548578
0.00458387
0.00584237
0.00556725
0.00439332
0.00481380
0.00586377
0.00533709
0.00561936
0.00526084
0.00573248
0.00594664
0.00574399
0.00539213
0.00599523
0.00458549
0.00578819
0.00583411
0.00568938
0.00553256
0.00512187
0.00604635
0.00464865
0.00614629
0.00451040
0.00502791
0.00606206
0.00567062
0.00584099
0.00593543
0.00548448
0.00592983
0.00587138
0.00631455
0.00606063
0.00595717
0.00564660
0.00602998
0.00576843
0.00603923
0.00623978
0.00600868
0.00602287
0.00567129
0.00614629
0.00565126
0.00599099
0.00486172
0.00566995
0.00600089
0.00615645
0.00605492
0.00577728
0.00507916
0.00610799
0.00580049
0.00645840
0.00575891
0.00633244
0.00585271
0.00585547
0.00567664
0.00602074
0.00597476
0.00513155
0.00650963
0.00611376
0.00617244
0.00630710
0.00508876
0.00589845
0.00586792
0.00515946
0.00661879
0.00609576
0.00516372
0.00637892
0.00615499
0.00529508
0.00557447
0.00622728
0.00563795
0.00000000
0.00000000
0.00000000
0.00000000
0.00000000
0.00000000
0.00000000
0.00000000
0.00000000
0.00000000
0.00000000
0.00000000
0.00000000
0.00000000
0.00000000
0.00000000
0.00000000
0.00000000
0.00000000
0.00000000
0.00000000
0.00000000
0.00000000
0.00000000
0.00000000
0.00000000
0.00000000
0.00000000
0.00000000
0.00000000
0.00000000
0.00000000
0.00000000
0.00000000
0.00000000
0.00000000
0.00000000
0.00000000
0.00000000
0.00000000
0.00000000
0.00000000
0.00000000
0.00000000
0.00000000
0.00000000
0.00000000
0.00000000
0.00000000
0.00000000
0.00000000
0.00000000
0.00000000
0.00000000
0.00000000
0.00000000
0.00000000
0.00000000
0.00000000
0.00000000
0.00000000
0.00000000
0.00000000
0.00000000
0.00000000
0.00000000
0.00000000
0.00000000
0.00000000
0.00000000
0.00000000
0.00000000
0.00000000
0.00583561
0.00538653
0.00563275
0.00576447
0.00552616
0.00548460
0.00433833
0.00555950
0.00523744
0.00582118
0.00513166
0.00602371
0.00571978
0.00558513
0.00510630
0.00534728
0.00522695
0.00414526
0.00584181
0.00543374
0.00544786
0.00578081
0.00446709
0.00529145
0.00569286
0.00434960
0.00608225
0.00525662
0.00429911
0.00579310
0.00551639
0.00452649
0.00483438
0.00589927
0.00514439
0.00534098
0.00503811
0.00568950
0.00586666
0.00544080
0.00499787
0.00556409
0.00413501
0.00557131
0.00560757
0.00540817
0.00507688
0.00462906
0.00577604
0.00430672
0.00588954
0.00412867
0.00462088
0.00566206
0.00536434
0.00570496
0.00560228
0.00512138
0.00539098
0.00529395
0.00605719
0.00572315
0.00546201
0.00516627
0.00550275
0.00519009
0.00566072
0.00562744
0.00544850
0.00552485
0.00511173
0.00556737
0.00503633
0.00530895
0.00410730
0.00537320
0.00558447
0.00572180
0.00549820
0.00550664
0.00456186
0.00564273
0.00550339
0.00582461
0.00501263
0.00595941
0.00566406
0.00561683
0.00520849
0.00537954
0.00526344
0.00404624
0.00583836
0.00547814
0.00554705
0.00588260
0.00433884
0.00539988
0.00580952
0.00447078
0.00625613
0.00550080
0.00434652
0.00596152
0.00564605
0.00453236
0.00498786
0.00609949
0.00526344
0.00541838
0.00501144
0.00569554
0.00605648
0.00576515
0.00533657
0.00583699
0.00410295
0.00569219
0.00577536
0.00570630
0.00538907
0.00487446
0.00607365
0.00458775
0.00619957
0.00451422
0.00493578
0.00595800
0.00554574
0.00577536
0.00586251
0.00545750
0.00586044
0.00565739
0.00620835
0.00590902
0.00583974
0.00560426
0.00603438
0.00565072
0.00602655
0.00603580
0.00570428
0.00581157
0.00547879
0.00592717
0.00542350
0.00569756
0.00451848
0.00562744
0.00587359
0.00597983
0.00577128
0.00552877
0.00472615
0.00600031
0.00578627
0.00625908
0.00541774
0.00618132
0.00569420
0.00561485
0.00543631
0.00571102
0.00556212
0.00449086
0.00600669
0.00565672
0.00570294
0.00603153
0.00481788
0.00552095
0.00573193
0.00471724
0.00635653
0.00567409
0.00476420
0.00604007
0.00576515
0.00495444
0.00540371
0.00612978
0.00555884
0.00556803
0.00000000
0.00000000
0.00000000
0.00000000
0.00000000
0.00000000
0.00000000
0.00000000
0.00000000
0.00000000
0.00000000
0.00000000
0.00000000
0.00000000
0.00000000
0.00000000
0.00000000
0.00000000
0.00000000
0.00000000
0.00000000
0.00000000
0.00000000
0.00000000
0.00000000
0.00000000
0.00000000
0.00000000
0.00000000
0.00000000
0.00000000
0.00000000
0.00000000
0.00000000
0.00000000
0.00000000
0.00000000
0.00000000
0.00000000
0.00000000
0.00000000
0.00000000
0.00000000
0.00000000
0.00000000
0.00000000
0.00000000
0.00000000
0.00000000
0.00000000
0.00000000
0.00000000
0.00000000
0.00000000
0.00000000
0.00000000
0.00000000
0.00000000
0.00000000
0.00000000
0.00000000
0.00000000
0.00000000
0.00000000
0.00000000
0.00000000
0.00000000
0.00000000
0.00000000
0.00000000
0.00000000
0.00000000
0.00453842
0.00462978
0.00502228
0.00518967
0.00505616
0.00477169
0.00398906
0.00521421
0.00484884
0.00555512
0.00478691
0.00534055
0.00480104
0.00467753
0.00457064
0.00500219
0.00490868
0.00389837
0.00534559
0.00499158
0.00501282
0.00528853
0.00384903
0.00481238
0.00481579
0.00391450
0.00554203
0.00498158
0.00399330
0.00526178
0.00501991
0.00380795
0.00422139
0.00522345
0.00472521
0.00499983
0.00456257
0.00498981
0.00520193
0.00505675
0.00463634
0.00529290
0.00395021
0.00502406
0.00510891
0.00501932
0.00482887
0.00430333
0.00540582
0.00411328
0.00549387
0.00416649
0.00447569
0.00535759
0.00489134
0.00492724
0.00512701
0.00455450
0.00495463
0.00494645
0.00546931
0.00518661
0.00511675
0.00467587
0.00518723
0.00488961
0.00514822
0.00530978
0.00500337
0.00512278
0.00469909
0.00515977
0.00453200
0.00490347
0.00373588
0.00471686
0.00502940
0.00526240
0.00503890
0.00481920
0.00377041
0.00515916
0.00491100
0.00556036
0.00492840
0.00553811
0.00511071
0.00505258
0.00477845
0.00503830
0.00502643
0.00376641
0.00551010
0.00513306
0.00523640
0.00538482
0.00385448
0.00489885
0.00523331
0.00379405
0.00564893
0.00517195
0.00383815
0.00560646
0.00539245
0.00390620
0.00444414
0.00570652
0.00521790
0.00570584
0.00515004
0.00555643
0.00597864
0.00568502
0.00509146
0.00608391
0.00396982
0.00573012
0.00590367
0.00563164
0.00549064
0.00486431
0.00615028
0.00401360
0.00644889
0.00415766
0.00486087
0.00640871
0.00580015
0.00605385
0.00625489
0.00551855
0.00584410
0.00593649
0.00654466
0.00634778
0.00624383
0.00578444
0.00635827
0.00607244
0.00634778
0.00687538
0.00649086
0.00668114
0.00612062
0.00686566
0.00577830
0.00674050
0.00477901
0.00595823
0.00663716
0.00695039
0.00689568
0.00618374
0.00490347
0.00682771
0.00617208
0.00769050
0.00641324
0.00703865
0.00610332
0.00632984
0.00633357
0.00705860
0.00696598
0.00546608
0.00769050
0.00725098
0.00738474
0.00727324
0.00545321
0.00654698
0.00601400
0.00557744
0.00758243
0.00703865
0.00558007
0.00718373
0.00697420
0.00570046
0.00628520
0.00695121
0.00636352
0.00737256
0.00690708
0.00000000
0.00000000
0.00000000
0.00000000
0.00000000
0.00000000
0.00000000
0.00000000
0.00000000
0.00000000
0.00000000
0.00000000
0.00000000
0.00000000
0.00000000
0.00000000
0.00000000
0.00000000
0.00000000
0.00000000
0.00000000
0.00000000
0.00000000
0.00000000
0.00000000
0.00000000
0.00000000
0.00000000
0.00000000
0.00000000
0.00000000
0.00000000
0.00000000
0.00000000
0.00000000
0.00000000
0.00000000
0.00000000
0.00000000
0.00000000
0.00000000
0.00000000
0.00000000
0.00000000
0.00000000
0.00000000
0.00000000
0.00000000
0.00000000
0.00000000
0.00000000
0.00000000
0.00000000
0.00000000
0.00000000
0.00000000
0.00000000
0.00000000
0.00000000
0.00000000
0.00000000
0.00000000
0.00000000
0.00000000
0.00000000
0.00000000
0.00000000
0.00000000
0.00000000
0.00000000
0.00000000
0.00429761
0.00453399
0.00462854
0.00483099
0.00478789
0.00470449
0.00420635
0.00484526
0.00452545
0.00504706
0.00462254
0.00490737
0.00464440
0.00471448
0.00471226
0.00486817
0.00480883
0.00406972
0.00493348
0.00489234
0.00488946
0.00499967
0.00421678
0.00474237
0.00470227
0.00419446
0.00513109
0.00483099
0.00413406
0.00497673
0.00496207
0.00435476
0.00444714
0.00486760
0.00462036
0.00485155
0.00465152
0.00486129
0.00498201
0.00498965
0.00469230
0.00508230
0.00418458
0.00481791
0.00500734
0.00501325
0.00496734
0.00465372
0.00513532
0.00438465
0.00515231
0.00412626
0.00432609
0.00501976
0.00478845
0.00484983
0.00508770
0.00479410
0.00477661
0.00473119
0.00498848
0.00494280
0.00502153
0.00482132
0.00496734
0.00476648
0.00493523
0.00504230
0.00480372
0.00502035
0.00482929
0.00509070
0.00474461
0.00496559
0.00435630
0.00479241
0.00490505
0.00511236
0.00502627
0.00487737
0.00449725
0.00513714
0.00504587
0.00536564
0.00489350
0.00520299
0.00488197
0.00502449
0.00507153
0.00520729
0.00522575
0.00443666
0.00535742
0.00522143
0.00532403
0.00531337
0.00433938
0.00504706
0.00514320
0.00445186
0.00546076
0.00536880
0.00439759
0.00549111
0.00547753
0.00469285
0.00499378
0.00545432
0.00528275
0.00559835
0.00520913
0.00542097
0.00571038
0.00582739
0.00551773
0.00603726
0.00473119
0.00559835
0.00579860
0.00574754
0.00582877
0.00544404
0.00598904
0.00491026
0.00615154
0.00489754
0.00520238
0.00613994
0.00570903
0.00568820
0.00613488
0.00584322
0.00599187
0.00590209
0.00593910
0.00591324
0.00613922
0.00598621
0.00618427
0.00598833
0.00602233
0.00638738
0.00609449
0.00625616
0.00609234
0.00649372
0.00602730
0.00659326
0.00601949
0.00595383
0.00639190
0.00648071
0.00651596
0.00580476
0.00556543
0.00648912
0.00607798
0.00708173
0.00637534
0.00636107
0.00557989
0.00583565
0.00626576
0.00681784
0.00681462
0.00665655
0.00701109
0.00677056
0.00686868
0.00657230
0.00629168
0.00623701
0.00558780
0.00639265
0.00666676
0.00676817
0.00636032
0.00658860
0.00663460
0.00662210
0.00679296
0.00628501
0.00636932
0.00691256
0.00662054
0.00701771
0.00000000
0.00000000
0.00000000
0.00000000
0.00000000
0.00000000
0.00000000
0.00000000
0.00000000
0.00000000
0.00000000
0.00000000
0.00000000
0.00000000
0.00000000
0.00000000
0.00000000
0.00000000
0.00000000
0.00000000
0.00000000
0.00000000
0.00000000
0.00000000
0.00000000
0.00000000
0.00000000
0.00000000
0.00000000
0.00000000
0.00000000
0.00000000
0.00000000
0.00000000
0.00000000
0.00000000
0.00000000
0.00000000
0.00000000
0.00000000
0.00000000
0.00000000
0.00000000
0.00000000
0.00000000
0.00000000
0.00000000
0.00000000
0.00000000
0.00000000
0.00000000
0.00000000
0.00000000
0.00000000
0.00000000
0.00000000
0.00000000
0.00000000
0.00000000
0.00000000
0.00000000
0.00000000
0.00000000
0.00000000
0.00000000
0.00000000
0.00000000
0.00000000
0.00000000
0.00000000
0.00532796
0.00510949
0.00538799
0.00550488
0.00534810
0.00517255
0.00443104
0.00548609
0.00527917
0.00569776
0.00502227
0.00564292
0.00521912
0.00512277
0.00496280
0.00527543
0.00517499
0.00424284
0.00552114
0.00521543
0.00522959
0.00555314
0.00439461
0.00514639
0.00531039
0.00438271
0.00576331
0.00519517
0.00435334
0.00548803
0.00523762
0.00427146
0.00468911
0.00555772
0.00506271
0.00515367
0.00478013
0.00520867
0.00545448
0.00528789
0.00500866
0.00542177
0.00422587
0.00523083
0.00526797
0.00521235
0.00500394
0.00464672
0.00555903
0.00448572
0.00564825
0.00442373
0.00473133
0.00548803
0.00515671
0.00523762
0.00531478
0.00492316
0.00525061
0.00518721
0.00569507
0.00536010
0.00523885
0.00489191
0.00531415
0.00508905
0.00541857
0.00537529
0.00508305
0.00517072
0.00487866
0.00529101
0.00486946
0.00506271
0.00407704
0.00507586
0.00524566
0.00542177
0.00523515
0.00513366
0.00421392
0.00538926
0.00526860
0.00564625
0.00511010
0.00568098
0.00538163
0.00521481
0.00495637
0.00521235
0.00518476
0.00421144
0.00556953
0.00522774
0.00525494
0.00554594
0.00427549
0.00516828
0.00550294
0.00427650
0.00580630
0.00527232
0.00429115
0.00568300
0.00545383
0.00432418
0.00478182
0.00580835
0.00534684
0.00555445
0.00513002
0.00542689
0.00580287
0.00554463
0.00517865
0.00582687
0.00442060
0.00560975
0.00565291
0.00549451
0.00528478
0.00483341
0.00591202
0.00446198
0.00604599
0.00450056
0.00497863
0.00593647
0.00556035
0.00574025
0.00576739
0.00530663
0.00560181
0.00561041
0.00612493
0.00587656
0.00576060
0.00539753
0.00586134
0.00564026
0.00594838
0.00610474
0.00580972
0.00583031
0.00544291
0.00590574
0.00535441
0.00583100
0.00470462
0.00561041
0.00590992
0.00604955
0.00592737
0.00567161
0.00473580
0.00600335
0.00563029
0.00640189
0.00570650
0.00625930
0.00581109
0.00574770
0.00558005
0.00592947
0.00584960
0.00495461
0.00632833
0.00599982
0.00599274
0.00618081
0.00490809
0.00573416
0.00571930
0.00516341
0.00639585
0.00585443
0.00503829
0.00613578
0.00594558
0.00509145
0.00547058
0.00615680
0.00571121
0.00609251
0.00584270
0.00638982
0.00621736
0.00000000
0.00000000
0.00000000
0.00000000
0.00000000
0.00000000
0.00000000
0.00000000
0.00000000
0.00000000
0.00000000
0.00000000
0.00000000
0.00000000
0.00000000
0.00000000
0.00000000
0.00000000
0.00000000
0.00000000
0.00000000
0.00000000
0.00000000
0.00000000
0.00000000
0.00000000
0.00000000
0.00000000
0.00000000
0.00000000
0.00000000
0.00000000
0.00000000
0.00000000
0.00000000
0.00000000
0.00000000
0.00000000
0.00000000
0.00000000
0.00000000
0.00000000
0.00000000
0.00000000
0.00000000
0.00000000
0.00000000
0.00000000
0.00000000
0.00000000
0.00000000
0.00000000
0.00000000
0.00000000
0.00000000
0.00000000
0.00000000
0.00000000
0.00000000
0.00000000
0.00000000
0.00000000
0.00000000
0.00000000
0.00000000
0.00000000
0.00000000
0.00000000
0.00000000
0.00542573
0.00510901
0.00537351
0.00549333
0.00530800
0.00513922
0.00423394
0.00540210
0.00523280
0.00562246
0.00498168
0.00560062
0.00521063
0.00506939
0.00488049
0.00522232
0.00514043
0.00418085
0.00545267
0.00515440
0.00516352
0.00551671
0.00429125
0.00511443
0.00530488
0.00425296
0.00571202
0.00513983
0.00433500
0.00545460
0.00517023
0.00411772
0.00457451
0.00554672
0.00507777
0.00514468
0.00476223
0.00513014
0.00543085
0.00524021
0.00496994
0.00541678
0.00422297
0.00523712
0.00527306
0.00520448
0.00498756
0.00463752
0.00555064
0.00439834
0.00561980
0.00434933
0.00470584
0.00546555
0.00514589
0.00523835
0.00527058
0.00487072
0.00526250
0.00525072
0.00576344
0.00542509
0.00525878
0.00490820
0.00534003
0.00514286
0.00548492
0.00543918
0.00513862
0.00521370
0.00492211
0.00534696
0.00492037
0.00513983
0.00410221
0.00512651
0.00531301
0.00549722
0.00532682
0.00523341
0.00424394
0.00541614
0.00525444
0.00568580
0.00516657
0.00572821
0.00547006
0.00526312
0.00497639
0.00523897
0.00522355
0.00431561
0.00563573
0.00529425
0.00530926
0.00561119
0.00434626
0.00526250
0.00554868
0.00435087
0.00591703
0.00536401
0.00445787
0.00579685
0.00555523
0.00443951
0.00483979
0.00585594
0.00536781
0.00559072
0.00522601
0.00548104
0.00581190
0.00550436
0.00514347
0.00579411
0.00453369
0.00565771
0.00566773
0.00555326
0.00534192
0.00490183
0.00594922
0.00461569
0.00601199
0.00459505
0.00505387
0.00591354
0.00556572
0.00571336
0.00569386
0.00526623
0.00556506
0.00555261
0.00600845
0.00580642
0.00572618
0.00541614
0.00583594
0.00559599
0.00585663
0.00605540
0.00586216
0.00577842
0.00540848
0.00577978
0.00536211
0.00577160
0.00485695
0.00553887
0.00582357
0.00590031
0.00580437
0.00558808
0.00491457
0.00585042
0.00542573
0.00614823
0.00553104
0.00607184
0.00567375
0.00560855
0.00544688
0.00570797
0.00560458
0.00496935
0.00606469
0.00577705
0.00573632
0.00590936
0.00491689
0.00551605
0.00552778
0.00515075
0.00610992
0.00559665
0.00501705
0.00588502
0.00573497
0.00516291
0.00536275
0.00590100
0.00543854
0.00572483
0.00556834
0.00605825
0.00591912
0.00571876
0.00000000
0.00000000
0.00000000
0.00000000
0.00000000
0.00000000
0.00000000
0.00000000
0.00000000
0.00000000
0.00000000
0.00000000
0.00000000
0.00000000
0.00000000
0.00000000
0.00000000
0.00000000
0.00000000
0.00000000
0.00000000
0.00000000
0.00000000
0.00000000
0.00000000
0.00000000
0.00000000
0.00000000
0.00000000
0.00000000
0.00000000
0.00000000
0.00000000
0.00000000
0.00000000
0.00000000
0.00000000
0.00000000
0.00000000
0.00000000
0.00000000
0.00000000
0.00000000
0.00000000
0.00000000
0.00000000
0.00000000
0.00000000
0.00000000
0.00000000
0.00000000
0.00000000
0.00000000
0.00000000
0.00000000
0.00000000
0.00000000
0.00000000
0.00000000
0.00000000
0.00000000
0.00000000
0.00000000
0.00000000
0.00000000
0.00000000
0.00000000
0.00000000
0.00400299
0.00417512
0.00435723
0.00456232
0.00445124
0.00429347
0.00372205
0.00478665
0.00442194
0.00510321
0.00455641
0.00491885
0.00450458
0.00459147
0.00455265
0.00478947
0.00463827
0.00350395
0.00488589
0.00475178
0.00478157
0.00496489
0.00375778
0.00452001
0.00443552
0.00366585
0.00518939
0.00474058
0.00369450
0.00494269
0.00482747
0.00385337
0.00412763
0.00482975
0.00439646
0.00468279
0.00427376
0.00465307
0.00488820
0.00486175
0.00443081
0.00497016
0.00365678
0.00460231
0.00476750
0.00476188
0.00464375
0.00411839
0.00500251
0.00371679
0.00507740
0.00385291
0.00419635
0.00506484
0.00468887
0.00472830
0.00506305
0.00460937
0.00475570
0.00459743
0.00495261
0.00477650
0.00493221
0.00450405
0.00501018
0.00468556
0.00481099
0.00506842
0.00473053
0.00495904
0.00466405
0.00504695
0.00444442
0.00477819
0.00372952
0.00443290
0.00465362
0.00489223
0.00467617
0.00443081
0.00360157
0.00479117
0.00459743
0.00519246
0.00460774
0.00511406
0.00458011
0.00473444
0.00470827
0.00499956
0.00499366
0.00373921
0.00516071
0.00492175
0.00498954
0.00515037
0.00377599
0.00468390
0.00484744
0.00374053
0.00522501
0.00489339
0.00361647
0.00512190
0.00496021
0.00359605
0.00413055
0.00520963
0.00487381
0.00534531
0.00476412
0.00525158
0.00560153
0.00570016
0.00520104
0.00604782
0.00395979
0.00539343
0.00564730
0.00542533
0.00539980
0.00484572
0.00586519
0.00379295
0.00617393
0.00377021
0.00444128
0.00616447
0.00560153
0.00571834
0.00623393
0.00557648
0.00593407
0.00596283
0.00640005
0.00617830
0.00612679
0.00558372
0.00610587
0.00591520
0.00617175
0.00664620
0.00609005
0.00652505
0.00613763
0.00702749
0.00588320
0.00685235
0.00484458
0.00590962
0.00649127
0.00696232
0.00694428
0.00604782
0.00469995
0.00689694
0.00639477
0.00794171
0.00665405
0.00699772
0.00594598
0.00620532
0.00639930
0.00738348
0.00744819
0.00577799
0.00802645
0.00755614
0.00772281
0.00759366
0.00540489
0.00694100
0.00607068
0.00571294
0.00792580
0.00758649
0.00575555
0.00749313
0.00725572
0.00574199
0.00645615
0.00696725
0.00656983
0.00769825
0.00703578
0.00821124
0.00727114
0.00838149
0.00751703
0.00000000
0.00000000
0.00000000
0.00000000
0.00000000
0.00000000
0.00000000
0.00000000
0.00000000
0.00000000
0.00000000
0.00000000
0.00000000
0.00000000
0.00000000
0.00000000
0.00000000
0.00000000
0.00000000
0.00000000
0.00000000
0.00000000
0.00000000
0.00000000
0.00000000
0.00000000
0.00000000
0.00000000
0.00000000
0.00000000
0.00000000
0.00000000
0.00000000
0.00000000
0.00000000
0.00000000
0.00000000
0.00000000
0.00000000
0.00000000
0.00000000
0.00000000
0.00000000
0.00000000
0.00000000
0.00000000
0.00000000
0.00000000
0.00000000
0.00000000
0.00000000
0.00000000
0.00000000
0.00000000
0.00000000
0.00000000
0.00000000
0.00000000
0.00000000
0.00000000
0.00000000
0.00000000
0.00000000
0.00000000
0.00000000
0.00000000
0.00000000
0.00521657
0.00493296
0.00519263
0.00533164
0.00515237
0.00502633
0.00408275
0.00528656
0.00499973
0.00553996
0.00488779
0.00555042
0.00520244
0.00502218
0.00472623
0.00502396
0.00492540
0.00394966
0.00541337
0.00505546
0.00505129
0.00537774
0.00397302
0.00494986
0.00515723
0.00410399
0.00564216
0.00500976
0.00414338
0.00538599
0.00511725
0.00402205
0.00440232
0.00543897
0.00485103
0.00503701
0.00470621
0.00517551
0.00539425
0.00512087
0.00473069
0.00528656
0.00406353
0.00521227
0.00525857
0.00510459
0.00483447
0.00437643
0.00546533
0.00419303
0.00557273
0.00423777
0.00459054
0.00541912
0.00507697
0.00524247
0.00526044
0.00476935
0.00508416
0.00505964
0.00567152
0.00538281
0.00520244
0.00484989
0.00522704
0.00495219
0.00531908
0.00535117
0.00513054
0.00521719
0.00482138
0.00522026
0.00471010
0.00498266
0.00391119
0.00499501
0.00520797
0.00536697
0.00514873
0.00508536
0.00410060
0.00531531
0.00511785
0.00559248
0.00498266
0.00566149
0.00539998
0.00531469
0.00497150
0.00512147
0.00503820
0.00387263
0.00552300
0.00521596
0.00528095
0.00551064
0.00411174
0.00505904
0.00540125
0.00414143
0.00580277
0.00522458
0.00420045
0.00564416
0.00539807
0.00426032
0.00470732
0.00575982
0.00517490
0.00543512
0.00506262
0.00554846
0.00584881
0.00557536
0.00511001
0.00575167
0.00413508
0.00558193
0.00569229
0.00556878
0.00533793
0.00478569
0.00590495
0.00426887
0.00603093
0.00440647
0.00493179
0.00593427
0.00550934
0.00572866
0.00577342
0.00533415
0.00561428
0.00551389
0.00601530
0.00579525
0.00574083
0.00547824
0.00588409
0.00557470
0.00585295
0.00606731
0.00584191
0.00590843
0.00553670
0.00596022
0.00540635
0.00579115
0.00457703
0.00550999
0.00588132
0.00600184
0.00586954
0.00557536
0.00482138
0.00594548
0.00557799
0.00633718
0.00553670
0.00615306
0.00562224
0.00567152
0.00558852
0.00588409
0.00574896
0.00477554
0.00617779
0.00589034
0.00593077
0.00608523
0.00504474
0.00557207
0.00552756
0.00498618
0.00629769
0.00574761
0.00509797
0.00599689
0.00578501
0.00511966
0.00544282
0.00598205
0.00548988
0.00579388
0.00551974
0.00622533
0.00602880
0.00605659
0.00568558
0.00612411
0.00000000
0.00000000
0.00000000
0.00000000
0.00000000
0.00000000
0.00000000
0.00000000
0.00000000
0.00000000
0.00000000
0.00000000
0.00000000
0.00000000
0.00000000
0.00000000
0.00000000
0.00000000
0.00000000
0.00000000
0.00000000
0.00000000
0.00000000
0.00000000
0.00000000
0.00000000
0.00000000
0.00000000
0.00000000
0.00000000
0.00000000
0.00000000
0.00000000
0.00000000
0.00000000
0.00000000
0.00000000
0.00000000
0.00000000
0.00000000
0.00000000
0.00000000
0.00000000
0.00000000
0.00000000
0.00000000
0.00000000
0.00000000
0.00000000
0.00000000
0.00000000
0.00000000
0.00000000
0.00000000
0.00000000
0.00000000
0.00000000
0.00000000
0.00000000
0.00000000
0.00000000
0.00000000
0.00000000
0.00000000
0.00000000
0.00000000
0.00127094
0.00184122
0.00186482
0.00210468
0.00208271
0.00185385
0.00140561
0.00256405
0.00197436
0.00306493
0.00278898
0.00256043
0.00205683
0.00237933
0.00281908
0.00313957
0.00295003
0.00157522
0.00248692
0.00274105
0.00257375
0.00291235
0.00151420
0.00252296
0.00199920
0.00157151
0.00300197
0.00279096
0.00138667
0.00272622
0.00276703
0.00158361
0.00189452
0.00239481
0.00234479
0.00267999
0.00218873
0.00199825
0.00246676
0.00264982
0.00220297
0.00290206
0.00168595
0.00227720
0.00257618
0.00285824
0.00296677
0.00249809
0.00299137
0.00174770
0.00299773
0.00166206
0.00198768
0.00320768
0.00291578
0.00252951
0.00363654
0.00313069
0.00303007
0.00274525
0.00264701
0.00268126
0.00336501
0.00244101
0.00319485
0.00285420
0.00269140
0.00336025
0.00274008
0.00314105
0.00299702
0.00332791
0.00256133
0.00325724
0.00224546
0.00230612
0.00244995
0.00284077
0.00274202
0.00225130
0.00172843
0.00276377
0.00240160
0.00337494
0.00295560
0.00298362
0.00215873
0.00250605
0.00304512
0.00391702
0.00413881
0.00319560
0.00363140
0.00353422
0.00341901
0.00338890
0.00165834
0.00292715
0.00247288
0.00212238
0.00312000
0.00342628
0.00208197
0.00327457
0.00332909
0.00174893
0.00211488
0.00311780
0.00314068
0.00431322
0.00340453
0.00372509
0.00403233
0.00504572
0.00417558
0.00591934
0.00309691
0.00415054
0.00478097
0.00424860
0.00464590
0.00375508
0.00477759
0.00205514
0.00542912
0.00202363
0.00268221
0.00564392
0.00476745
0.00452477
0.00639321
0.00499833
0.00544002
0.00608640
0.00611735
0.00648892
0.00637213
0.00526642
0.00532512
0.00536800
0.00570885
0.00696554
0.00541953
0.00723685
0.00683695
0.00919441
0.00606205
0.00970012
0.00546703
0.00625892
0.00732098
0.00886433
0.00935189
0.00622579
0.00336660
0.00884345
0.00730632
0.01330745
0.00996567
0.00834000
0.00592982
0.00721470
0.00882782
0.01250554
0.01327923
0.00827826
0.01456904
0.01433384
0.01551973
0.01185776
0.00636012
0.01053241
0.00576433
0.00806909
0.01246578
0.01496963
0.00937176
0.01197017
0.01252473
0.01061597
0.01193211
0.00865667
0.00980132
0.01588265
0.01404767
0.01906156
0.01057099
0.02052692
0.01530705
0.02430638
0.05433550
0.00000000
0.00000000
0.00000000
0.00000000
0.00000000
0.00000000
0.00000000
0.00000000
0.00000000
0.00000000
0.00000000
0.00000000
0.00000000
0.00000000
0.00000000
0.00000000
0.00000000
0.00000000
0.00000000
0.00000000
0.00000000
0.00000000
0.00000000
0.00000000
0.00000000
0.00000000
0.00000000
0.00000000
0.00000000
0.00000000
0.00000000
0.00000000
0.00000000
0.00000000
0.00000000
0.00000000
0.00000000
0.00000000
0.00000000
0.00000000
0.00000000
0.00000000
0.00000000
0.00000000
0.00000000
0.00000000
0.00000000
0.00000000
0.00000000
0.00000000
0.00000000
0.00000000
0.00000000
0.00000000
0.00000000
0.00000000
0.00000000
0.00000000
0.00000000
0.00000000
0.00000000
0.00000000
0.00000000
0.00000000
0.00000000
0.00494749
0.00486533
0.00497499
0.00512628
0.00507395
0.00500442
0.00450577
0.00515113
0.00486476
0.00522701
0.00479922
0.00516999
0.00509494
0.00500383
0.00477889
0.00478340
0.00466474
0.00394731
0.00505603
0.00500442
0.00507934
0.00505961
0.00433889
0.00480602
0.00490335
0.00427187
0.00524244
0.00493002
0.00449197
0.00510938
0.00504412
0.00458024
0.00465485
0.00511058
0.00474128
0.00489584
0.00478622
0.00511480
0.00518832
0.00506259
0.00474296
0.00501328
0.00422776
0.00499852
0.00517548
0.00509193
0.00494400
0.00456514
0.00516329
0.00431796
0.00522763
0.00464662
0.00482818
0.00515234
0.00495450
0.00513838
0.00507096
0.00478735
0.00467300
0.00470951
0.00507515
0.00504650
0.00502334
0.00501328
0.00502630
0.00484072
0.00504412
0.00500147
0.00485215
0.00507515
0.00488085
0.00503342
0.00471229
0.00479074
0.00412434
0.00487624
0.00502808
0.00515538
0.00504233
0.00505663
0.00456999
0.00515781
0.00510215
0.00531340
0.00493409
0.00528653
0.00519138
0.00532972
0.00523256
0.00509073
0.00499734
0.00396738
0.00511903
0.00515052
0.00530088
0.00532407
0.00484643
0.00506259
0.00529152
0.00441789
0.00549050
0.00526102
0.00454580
0.00543637
0.00533412
0.00465649
0.00500560
0.00552557
0.00526102
0.00542165
0.00518954
0.00542548
0.00565212
0.00559178
0.00536757
0.00555105
0.00420687
0.00521777
0.00541589
0.00556219
0.00558124
0.00537580
0.00565145
0.00473178
0.00569494
0.00479752
0.00520916
0.00576454
0.00550866
0.00557795
0.00568823
0.00559970
0.00561823
0.00542420
0.00549568
0.00542356
0.00565612
0.00560565
0.00585637
0.00567617
0.00567617
0.00583499
0.00559706
0.00568354
0.00565679
0.00585153
0.00572457
0.00571580
0.00500560
0.00528715
0.00554058
0.00566948
0.00575503
0.00544792
0.00569159
0.00572052
0.00553601
0.00594334
0.00547110
0.00564013
0.00513778
0.00521900
0.00553993
0.00582056
0.00578975
0.00585015
0.00577339
0.00564879
0.00564879
0.00569159
0.00614795
0.00548596
0.00524801
0.00559640
0.00574012
0.00556612
0.00580959
0.00562088
0.00561359
0.00584533
0.00573133
0.00553209
0.00542676
0.00561823
0.00546723
0.00582743
0.00549633
0.00579727
0.00583981
0.00580274
0.00565145
0.00524244
0.00000000
0.00000000
0.00000000
0.00000000
0.00000000
0.00000000
0.00000000
0.00000000
0.00000000
0.00000000
0.00000000
0.00000000
0.00000000
0.00000000
0.00000000
0.00000000
0.00000000
0.00000000
0.00000000
0.00000000
0.00000000
0.00000000
0.00000000
0.00000000
0.00000000
0.00000000
0.00000000
0.00000000
0.00000000
0.00000000
0.00000000
0.00000000
0.00000000
0.00000000
0.00000000
0.00000000
0.00000000
0.00000000
0.00000000
0.00000000
0.00000000
0.00000000
0.00000000
0.00000000
0.00000000
0.00000000
0.00000000
0.00000000
0.00000000
0.00000000
0.00000000
0.00000000
0.00000000
0.00000000
0.00000000
0.00000000
0.00000000
0.00000000
0.00000000
0.00000000
0.00000000
0.00000000
0.00000000
0.00000000
0.00498774
0.00480131
0.00500483
0.00514973
0.00498598
0.00487319
0.00406816
0.00517652
0.00488355
0.00539848
0.00477309
0.00538132
0.00506540
0.00503680
0.00479792
0.00495725
0.00480018
0.00369490
0.00518507
0.00497540
0.00501606
0.00525463
0.00410333
0.00482231
0.00499893
0.00398412
0.00550067
0.00492636
0.00403995
0.00524535
0.00504453
0.00414516
0.00447436
0.00529195
0.00473887
0.00488470
0.00454778
0.00502138
0.00526953
0.00508215
0.00470324
0.00513214
0.00384109
0.00497130
0.00508335
0.00502316
0.00480641
0.00437264
0.00526891
0.00399164
0.00535789
0.00407488
0.00446646
0.00526456
0.00496310
0.00512609
0.00520652
0.00482117
0.00501073
0.00489335
0.00538068
0.00513456
0.00509235
0.00479679
0.00517286
0.00489451
0.00517896
0.00518813
0.00490317
0.00507377
0.00479396
0.00516250
0.00469050
0.00487492
0.00383475
0.00482459
0.00501901
0.00519487
0.00500188
0.00491591
0.00407873
0.00513638
0.00502257
0.00540103
0.00481095
0.00542529
0.00507916
0.00509175
0.00491881
0.00509656
0.00503146
0.00388528
0.00528633
0.00504394
0.00509295
0.00537371
0.00415740
0.00495199
0.00524349
0.00405857
0.00557512
0.00507018
0.00408788
0.00541123
0.00517957
0.00408450
0.00454939
0.00553255
0.00504394
0.00525649
0.00483142
0.00526829
0.00561339
0.00550197
0.00516371
0.00568266
0.00405570
0.00531572
0.00543489
0.00537815
0.00522929
0.00481890
0.00572302
0.00424710
0.00584512
0.00417805
0.00469659
0.00576230
0.00537878
0.00552863
0.00567998
0.00529694
0.00563129
0.00552798
0.00593402
0.00568534
0.00565258
0.00533267
0.00578750
0.00555609
0.00581761
0.00597052
0.00558433
0.00571964
0.00545223
0.00595786
0.00545223
0.00579569
0.00459577
0.00543041
0.00569944
0.00590749
0.00581966
0.00546962
0.00470712
0.00589287
0.00561339
0.00632945
0.00558104
0.00606849
0.00550002
0.00548189
0.00547349
0.00592423
0.00588801
0.00504632
0.00624713
0.00590540
0.00590609
0.00612024
0.00500011
0.00568065
0.00555478
0.00502671
0.00634514
0.00582241
0.00503799
0.00604777
0.00585616
0.00515398
0.00548447
0.00595505
0.00556592
0.00588732
0.00553973
0.00610870
0.00595576
0.00611735
0.00578750
0.00637139
0.00572167
0.00602783
0.00598251
0.00000000
0.00000000
0.00000000
0.00000000
0.00000000
0.00000000
0.00000000
0.00000000
0.00000000
0.00000000
0.00000000
0.00000000
0.00000000
0.00000000
0.00000000
0.00000000
0.00000000
0.00000000
0.00000000
0.00000000
0.00000000
0.00000000
0.00000000
0.00000000
0.00000000
0.00000000
0.00000000
0.00000000
0.00000000
0.00000000
0.00000000
0.00000000
0.00000000
0.00000000
0.00000000
0.00000000
0.00000000
0.00000000
0.00000000
0.00000000
0.00000000
0.00000000
0.00000000
0.00000000
0.00000000
0.00000000
0.00000000
0.00000000
0.00000000
0.00000000
0.00000000
0.00000000
0.00000000
0.00000000
0.00000000
0.00000000
0.00000000
0.00000000
0.00000000
0.00000000
0.00000000
0.00000000
0.00000000
0.00549279
0.00494956
0.00520335
0.00535589
0.00512600
0.00498001
0.00391511
0.00539266
0.00516423
0.00566249
0.00494548
0.00570270
0.00527192
0.00517887
0.00489961
0.00515085
0.00496886
0.00355548
0.00527938
0.00499825
0.00499943
0.00548308
0.00404083
0.00495599
0.00528001
0.00378347
0.00574997
0.00497590
0.00391003
0.00542199
0.00508026
0.00391788
0.00443959
0.00554682
0.00491988
0.00492859
0.00444169
0.00489095
0.00537615
0.00511392
0.00477581
0.00527441
0.00374838
0.00508806
0.00514053
0.00510428
0.00482677
0.00444221
0.00548373
0.00393594
0.00557108
0.00389163
0.00443331
0.00544827
0.00512902
0.00530122
0.00531687
0.00487540
0.00523104
0.00511453
0.00573845
0.00532001
0.00519354
0.00473711
0.00535274
0.00509586
0.00548890
0.00541752
0.00498294
0.00509827
0.00478991
0.00529622
0.00480179
0.00499943
0.00375236
0.00496242
0.00512479
0.00534139
0.00512660
0.00507367
0.00395129
0.00526446
0.00510188
0.00558950
0.00497531
0.00571212
0.00531499
0.00516423
0.00490597
0.00526819
0.00522981
0.00414264
0.00552592
0.00513871
0.00506351
0.00558753
0.00402798
0.00511996
0.00545921
0.00412461
0.00584984
0.00511151
0.00412655
0.00562521
0.00531374
0.00406808
0.00454341
0.00576831
0.00515145
0.00536918
0.00493673
0.00534643
0.00570001
0.00544442
0.00508146
0.00573913
0.00418784
0.00542839
0.00544313
0.00536538
0.00508206
0.00462559
0.00584501
0.00432588
0.00588304
0.00406808
0.00458810
0.00568993
0.00533572
0.00549992
0.00551096
0.00508686
0.00548761
0.00539075
0.00597112
0.00564848
0.00547791
0.00507308
0.00556779
0.00532692
0.00572494
0.00585674
0.00555009
0.00552267
0.00517520
0.00566650
0.00525764
0.00560865
0.00457405
0.00540730
0.00554224
0.00569128
0.00554878
0.00535463
0.00451723
0.00568323
0.00532001
0.00598381
0.00527814
0.00594512
0.00553701
0.00534139
0.00511935
0.00550641
0.00542519
0.00466393
0.00594091
0.00557436
0.00547791
0.00581407
0.00441505
0.00534832
0.00543928
0.00476906
0.00603412
0.00530247
0.00459622
0.00566115
0.00545213
0.00483076
0.00506949
0.00569128
0.00516605
0.00534580
0.00513205
0.00571010
0.00566583
0.00555926
0.00519110
0.00576763
0.00516666
0.00574726
0.00573981
0.00556123
0.00000000
0.00000000
0.00000000
0.00000000
0.00000000
0.00000000
0.00000000
0.00000000
0.00000000
0.00000000
0.00000000
0.00000000
0.00000000
0.00000000
0.00000000
0.00000000
0.00000000
0.00000000
0.00000000
0.00000000
0.00000000
0.00000000
0.00000000
0.00000000
0.00000000
0.00000000
0.00000000
0.00000000
0.00000000
0.00000000
0.00000000
0.00000000
0.00000000
0.00000000
0.00000000
0.00000000
0.00000000
0.00000000
0.00000000
0.00000000
0.00000000
0.00000000
0.00000000
0.00000000
0.00000000
0.00000000
0.00000000
0.00000000
0.00000000
0.00000000
0.00000000
0.00000000
0.00000000
0.00000000
0.00000000
0.00000000
0.00000000
0.00000000
0.00000000
0.00000000
0.00000000
0.00000000
0.00520834
0.00488929
0.00516795
0.00529068
0.00507315
0.00494729
0.00391562
0.00521941
0.00494613
0.00553513
0.00485768
0.00560014
0.00516186
0.00503797
0.00474556
0.00511279
0.00500658
0.00391562
0.00543936
0.00503203
0.00499419
0.00543167
0.00393785
0.00493855
0.00517527
0.00398645
0.00569337
0.00494613
0.00394157
0.00538637
0.00507793
0.00395227
0.00438139
0.00545285
0.00481320
0.00497186
0.00457358
0.00507255
0.00533831
0.00502847
0.00464041
0.00524718
0.00390133
0.00514606
0.00514424
0.00501544
0.00473103
0.00430457
0.00541248
0.00409316
0.00550129
0.00391793
0.00433054
0.00531193
0.00497186
0.00512426
0.00518566
0.00470543
0.00515882
0.00504391
0.00567661
0.00529817
0.00509954
0.00466840
0.00517405
0.00489737
0.00526888
0.00532699
0.00508453
0.00511158
0.00470044
0.00516491
0.00463220
0.00492750
0.00379917
0.00489391
0.00507674
0.00523297
0.00498419
0.00492169
0.00389260
0.00511279
0.00495313
0.00538320
0.00472824
0.00552405
0.00519178
0.00506298
0.00469656
0.00498301
0.00494030
0.00388297
0.00545671
0.00503559
0.00504332
0.00538256
0.00373608
0.00489621
0.00527137
0.00393692
0.00566657
0.00498948
0.00389582
0.00545671
0.00515943
0.00396021
0.00441824
0.00558694
0.00491183
0.00513212
0.00472156
0.00523852
0.00561071
0.00529130
0.00485024
0.00554624
0.00392487
0.00542334
0.00548639
0.00528880
0.00499184
0.00443599
0.00573245
0.00405712
0.00589911
0.00407150
0.00456011
0.00569337
0.00526391
0.00549610
0.00555017
0.00503619
0.00542846
0.00537495
0.00601006
0.00572501
0.00552926
0.00520036
0.00561667
0.00531444
0.00571894
0.00586927
0.00559156
0.00567996
0.00526081
0.00578406
0.00512486
0.00563791
0.00437984
0.00546701
0.00578406
0.00590816
0.00569404
0.00540292
0.00431372
0.00581827
0.00544128
0.00623091
0.00534524
0.00609069
0.00559024
0.00554689
0.00531381
0.00566657
0.00553122
0.00435204
0.00612310
0.00576635
0.00580661
0.00603278
0.00446064
0.00545156
0.00547088
0.00458546
0.00633689
0.00563126
0.00458708
0.00593329
0.00564989
0.00469269
0.00517710
0.00593679
0.00533957
0.00558563
0.00523667
0.00588590
0.00591722
0.00579977
0.00532385
0.00596065
0.00481945
0.00586719
0.00590676
0.00585889
0.00563126
0.00000000
0.00000000
0.00000000
0.00000000
0.00000000
0.00000000
0.00000000
0.00000000
0.00000000
0.00000000
0.00000000
0.00000000
0.00000000
0.00000000
0.00000000
0.00000000
0.00000000
0.00000000
0.00000000
0.00000000
0.00000000
0.00000000
0.00000000
0.00000000
0.00000000
0.00000000
0.00000000
0.00000000
0.00000000
0.00000000
0.00000000
0.00000000
0.00000000
0.00000000
0.00000000
0.00000000
0.00000000
0.00000000
0.00000000
0.00000000
0.00000000
0.00000000
0.00000000
0.00000000
0.00000000
0.00000000
0.00000000
0.00000000
0.00000000
0.00000000
0.00000000
0.00000000
0.00000000
0.00000000
0.00000000
0.00000000
0.00000000
0.00000000
0.00000000
0.00000000
0.00000000
0.00475711
0.00472580
0.00499220
0.00510111
0.00487238
0.00474423
0.00388005
0.00496168
0.00473640
0.00525871
0.00456098
0.00525995
0.00486950
0.00481298
0.00456152
0.00482890
0.00473807
0.00377622
0.00523458
0.00484601
0.00491161
0.00515676
0.00404738
0.00470356
0.00494882
0.00398016
0.00541990
0.00481014
0.00394139
0.00517260
0.00495115
0.00404929
0.00440139
0.00522348
0.00470134
0.00489715
0.00453684
0.00513915
0.00524447
0.00508609
0.00469690
0.00525499
0.00396190
0.00507830
0.00511617
0.00500104
0.00478130
0.00428866
0.00531859
0.00399945
0.00537471
0.00389242
0.00428209
0.00519399
0.00478525
0.00493541
0.00503714
0.00461019
0.00501521
0.00485631
0.00539566
0.00504130
0.00492437
0.00461074
0.00504190
0.00474199
0.00504012
0.00513673
0.00498337
0.00501226
0.00463855
0.00508489
0.00457985
0.00483403
0.00380169
0.00474255
0.00503477
0.00516650
0.00493367
0.00477848
0.00390484
0.00501166
0.00486376
0.00528420
0.00457877
0.00532298
0.00491856
0.00486147
0.00457445
0.00478468
0.00474702
0.00368775
0.00523273
0.00479428
0.00487985
0.00514219
0.00376155
0.00470578
0.00510532
0.00385042
0.00542118
0.00488215
0.00380438
0.00528358
0.00501580
0.00382417
0.00429930
0.00537281
0.00480844
0.00502706
0.00457769
0.00508489
0.00546096
0.00520319
0.00482548
0.00548226
0.00377978
0.00528233
0.00536078
0.00514583
0.00494882
0.00449424
0.00560319
0.00400653
0.00584482
0.00395769
0.00445939
0.00566899
0.00518359
0.00543462
0.00556565
0.00502172
0.00544296
0.00541798
0.00602753
0.00570050
0.00552640
0.00517016
0.00565097
0.00537407
0.00573354
0.00593792
0.00561907
0.00574911
0.00531420
0.00594563
0.00519338
0.00572003
0.00428512
0.00542502
0.00582968
0.00604034
0.00585034
0.00544681
0.00428260
0.00595124
0.00563499
0.00649473
0.00553488
0.00622255
0.00559592
0.00560980
0.00540777
0.00587731
0.00582487
0.00461836
0.00647026
0.00595265
0.00607463
0.00621448
0.00457769
0.00565430
0.00562902
0.00470189
0.00662079
0.00604533
0.00471967
0.00637708
0.00609113
0.00483802
0.00541990
0.00628673
0.00566966
0.00615177
0.00561509
0.00625714
0.00628376
0.00621009
0.00566097
0.00650009
0.00508010
0.00615758
0.00612426
0.00604390
0.00591765
0.00521056
0.00000000
0.00000000
0.00000000
0.00000000
0.00000000
0.00000000
0.00000000
0.00000000
0.00000000
0.00000000
0.00000000
0.00000000
0.00000000
0.00000000
0.00000000
0.00000000
0.00000000
0.00000000
0.00000000
0.00000000
0.00000000
0.00000000
0.00000000
0.00000000
0.00000000
0.00000000
0.00000000
0.00000000
0.00000000
0.00000000
0.00000000
0.00000000
0.00000000
0.00000000
0.00000000
0.00000000
0.00000000
0.00000000
0.00000000
0.00000000
0.00000000
0.00000000
0.00000000
0.00000000
0.00000000
0.00000000
0.00000000
0.00000000
0.00000000
0.00000000
0.00000000
0.00000000
0.00000000
0.00000000
0.00000000
0.00000000
0.00000000
0.00000000
0.00000000
0.00000000
0.00523724
0.00495134
0.00513208
0.00516608
0.00503793
0.00497241
0.00442133
0.00518745
0.00500535
0.00529750
0.00484505
0.00534205
0.00510491
0.00505698
0.00484619
0.00512663
0.00501599
0.00426612
0.00534142
0.00518256
0.00516669
0.00534016
0.00410618
0.00495952
0.00500181
0.00420716
0.00544702
0.00497417
0.00424254
0.00518868
0.00500240
0.00426260
0.00458110
0.00527941
0.00482452
0.00490137
0.00466946
0.00503436
0.00523848
0.00503674
0.00471762
0.00503496
0.00402136
0.00501599
0.00509950
0.00504625
0.00481827
0.00444852
0.00522984
0.00429540
0.00531252
0.00454236
0.00472820
0.00520032
0.00496479
0.00504804
0.00511275
0.00479616
0.00506533
0.00502843
0.00536857
0.00522860
0.00515330
0.00498121
0.00523601
0.00500417
0.00521506
0.00519419
0.00497886
0.00514298
0.00493327
0.00516243
0.00472486
0.00497710
0.00410328
0.00496713
0.00514845
0.00522183
0.00504923
0.00495076
0.00421163
0.00510491
0.00500299
0.00526822
0.00484791
0.00530063
0.00510612
0.00506354
0.00488291
0.00506533
0.00499062
0.00409941
0.00525271
0.00515756
0.00523292
0.00536098
0.00456923
0.00502665
0.00514298
0.00418835
0.00551619
0.00508508
0.00438291
0.00530813
0.00511275
0.00433612
0.00470706
0.00539523
0.00505757
0.00511214
0.00482737
0.00510913
0.00537110
0.00522860
0.00496186
0.00531252
0.00419775
0.00520338
0.00529938
0.00532067
0.00518378
0.00485821
0.00548634
0.00429692
0.00551684
0.00442602
0.00484505
0.00547213
0.00521567
0.00528939
0.00530125
0.00501658
0.00523724
0.00521075
0.00549995
0.00533953
0.00531001
0.00513510
0.00546052
0.00528751
0.00546697
0.00546632
0.00519664
0.00531064
0.00514116
0.00544316
0.00507071
0.00529813
0.00428377
0.00511516
0.00538315
0.00552270
0.00547406
0.00532255
0.00465078
0.00540988
0.00519909
0.00564052
0.00516304
0.00555208
0.00524033
0.00519174
0.00514359
0.00538506
0.00533764
0.00464584
0.00550060
0.00535656
0.00534331
0.00558558
0.00491063
0.00531126
0.00529563
0.00464146
0.00574390
0.00532820
0.00486681
0.00554947
0.00538633
0.00476909
0.00499886
0.00551554
0.00522183
0.00537047
0.00519848
0.00549865
0.00546697
0.00541691
0.00525271
0.00553117
0.00485764
0.00538252
0.00539078
0.00548699
0.00542202
0.00527070
0.00569601
0.00000000
0.00000000
0.00000000
0.00000000
0.00000000
0.00000000
0.00000000
0.00000000
0.00000000
0.00000000
0.00000000
0.00000000
0.00000000
0.00000000
0.00000000
0.00000000
0.00000000
0.00000000
0.00000000
0.00000000
0.00000000
0.00000000
0.00000000
0.00000000
0.00000000
0.00000000
0.00000000
0.00000000
0.00000000
0.00000000
0.00000000
0.00000000
0.00000000
0.00000000
0.00000000
0.00000000
0.00000000
0.00000000
0.00000000
0.00000000
0.00000000
0.00000000
0.00000000
0.00000000
0.00000000
0.00000000
0.00000000
0.00000000
0.00000000
0.00000000
0.00000000
0.00000000
0.00000000
0.00000000
0.00000000
0.00000000
0.00000000
0.00000000
0.00000000
0.00174811
0.00209033
0.00222621
0.00258013
0.00259906
0.00243439
0.00214832
0.00256889
0.00240869
0.00287922
0.00237344
0.00249337
0.00214123
0.00223094
0.00245863
0.00320390
0.00333144
0.00243439
0.00333734
0.00356225
0.00375508
0.00353380
0.00299666
0.00310348
0.00258317
0.00161777
0.00368967
0.00316335
0.00182521
0.00329005
0.00334759
0.00220323
0.00237260
0.00299313
0.00281575
0.00337653
0.00277946
0.00284915
0.00319221
0.00356856
0.00310422
0.00378219
0.00221469
0.00267242
0.00295037
0.00320125
0.00330990
0.00275401
0.00345590
0.00204353
0.00331381
0.00194638
0.00238551
0.00343963
0.00302542
0.00292336
0.00348701
0.00289454
0.00300197
0.00310861
0.00299101
0.00323885
0.00386425
0.00347060
0.00410720
0.00366668
0.00357193
0.00385924
0.00285285
0.00323427
0.00311742
0.00368271
0.00290274
0.00394204
0.00265796
0.00283407
0.00323389
0.00366711
0.00379649
0.00305915
0.00260397
0.00350020
0.00296677
0.00391194
0.00312073
0.00328075
0.00259233
0.00273008
0.00301687
0.00344085
0.00362497
0.00249044
0.00371324
0.00372552
0.00383565
0.00375552
0.00322323
0.00365977
0.00340573
0.00301012
0.00385015
0.00374535
0.00191880
0.00370843
0.00381354
0.00243985
0.00281808
0.00344776
0.00355428
0.00426969
0.00359263
0.00354507
0.00398834
0.00412029
0.00353338
0.00489796
0.00273233
0.00418691
0.00459196
0.00435205
0.00473886
0.00455743
0.00487606
0.00342062
0.00545414
0.00240755
0.00275628
0.00517528
0.00450772
0.00445540
0.00573043
0.00462076
0.00470711
0.00516370
0.00537813
0.00560544
0.00586513
0.00487893
0.00587066
0.00590121
0.00584579
0.00702410
0.00582858
0.00666655
0.00546960
0.00679674
0.00450825
0.00700921
0.00344857
0.00505464
0.00601291
0.00724538
0.00783742
0.00603280
0.00445592
0.00794444
0.00750543
0.01030996
0.00769636
0.00724538
0.00540803
0.00633316
0.00726506
0.00974483
0.01052992
0.00776932
0.01139168
0.01065735
0.01122101
0.00971843
0.00417754
0.00877591
0.00597192
0.00656047
0.01057222
0.01202959
0.00578202
0.01077488
0.01088858
0.00700838
0.00901827
0.00884448
0.00886328
0.01335775
0.01156632
0.01309569
0.00980940
0.01293148
0.01056350
0.01439481
0.01491323
0.01173532
0.01127540
0.01244667
0.01528178
0.01267479
0.01372504
0.02112616
0.00000000
0.00000000
0.00000000
0.00000000
0.00000000
0.00000000
0.00000000
0.00000000
0.00000000
0.00000000
0.00000000
0.00000000
0.00000000
0.00000000
0.00000000
0.00000000
0.00000000
0.00000000
0.00000000
0.00000000
0.00000000
0.00000000
0.00000000
0.00000000
0.00000000
0.00000000
0.00000000
0.00000000
0.00000000
0.00000000
0.00000000
0.00000000
0.00000000
0.00000000
0.00000000
0.00000000
0.00000000
0.00000000
0.00000000
0.00000000
0.00000000
0.00000000
0.00000000
0.00000000
0.00000000
0.00000000
0.00000000
0.00000000
0.00000000
0.00000000
0.00000000
0.00000000
0.00000000
0.00000000
0.00000000
0.00000000
0.00000000
0.00000000
0.00520175
0.00494745
0.00519011
0.00523313
0.00503516
0.00495154
0.00414968
0.00514440
0.00497437
0.00536056
0.00484125
0.00541968
0.00512503
0.00505360
0.00482131
0.00508769
0.00498200
0.00416488
0.00534983
0.00506733
0.00508409
0.00531712
0.00413697
0.00489984
0.00502745
0.00417422
0.00548139
0.00497847
0.00435423
0.00525354
0.00501087
0.00415997
0.00452650
0.00533848
0.00485268
0.00496674
0.00469284
0.00512926
0.00528274
0.00507570
0.00476141
0.00514805
0.00406060
0.00506374
0.00510933
0.00502863
0.00480938
0.00441734
0.00525044
0.00416439
0.00530647
0.00428849
0.00461381
0.00519623
0.00490736
0.00502745
0.00502922
0.00470059
0.00507092
0.00500733
0.00544916
0.00518399
0.00502685
0.00480484
0.00509670
0.00488138
0.00515838
0.00515108
0.00497202
0.00506374
0.00481733
0.00514016
0.00474291
0.00488656
0.00395194
0.00487908
0.00505956
0.00517300
0.00497906
0.00493172
0.00408028
0.00500792
0.00491373
0.00521834
0.00475131
0.00531712
0.00511898
0.00501501
0.00474627
0.00491604
0.00487103
0.00398705
0.00523005
0.00498259
0.00504586
0.00525478
0.00427536
0.00489118
0.00515534
0.00401205
0.00547687
0.00495855
0.00425825
0.00530209
0.00506733
0.00419693
0.00452971
0.00536879
0.00490042
0.00501856
0.00472616
0.00509309
0.00536056
0.00514380
0.00487218
0.00531336
0.00413453
0.00521465
0.00526719
0.00518827
0.00501146
0.00465371
0.00545817
0.00417324
0.00551706
0.00417964
0.00466085
0.00543440
0.00514683
0.00533596
0.00527216
0.00491662
0.00518094
0.00516446
0.00559834
0.00539099
0.00527154
0.00508049
0.00538972
0.00518644
0.00546010
0.00549952
0.00525478
0.00531022
0.00506613
0.00544916
0.00506673
0.00530522
0.00433170
0.00514683
0.00537829
0.00550666
0.00540181
0.00526843
0.00451850
0.00539417
0.00513773
0.00564608
0.00506554
0.00561619
0.00529397
0.00524487
0.00508049
0.00526781
0.00519807
0.00442881
0.00553857
0.00528710
0.00528960
0.00554446
0.00466250
0.00520789
0.00531210
0.00459156
0.00578424
0.00525540
0.00460566
0.00554838
0.00536246
0.00472226
0.00496440
0.00552748
0.00507630
0.00523622
0.00503278
0.00543761
0.00548204
0.00531900
0.00507510
0.00544724
0.00459535
0.00536879
0.00537576
0.00537512
0.00523252
0.00494570
0.00561089
0.00487908
0.00560957
0.00000000
0.00000000
0.00000000
0.00000000
0.00000000
0.00000000
0.00000000
0.00000000
0.00000000
0.00000000
0.00000000
0.00000000
0.00000000
0.00000000
0.00000000
0.00000000
0.00000000
0.00000000
0.00000000
0.00000000
0.00000000
0.00000000
0.00000000
0.00000000
0.00000000
0.00000000
0.00000000
0.00000000
0.00000000
0.00000000
0.00000000
0.00000000
0.00000000
0.00000000
0.00000000
0.00000000
0.00000000
0.00000000
0.00000000
0.00000000
0.00000000
0.00000000
0.00000000
0.00000000
0.00000000
0.00000000
0.00000000
0.00000000
0.00000000
0.00000000
0.00000000
0.00000000
0.00000000
0.00000000
0.00000000
0.00000000
0.00000000
0.00173378
0.00226253
0.00220510
0.00249138
0.00249873
0.00229126
0.00204841
0.00265708
0.00242671
0.00289290
0.00244509
0.00248609
0.00223442
0.00219472
0.00230155
0.00283715
0.00298439
0.00221265
0.00321306
0.00337104
0.00346660
0.00339658
0.00294384
0.00328393
0.00289290
0.00252599
0.00362207
0.00312523
0.00149807
0.00314297
0.00320927
0.00209581
0.00241130
0.00296055
0.00289222
0.00340461
0.00287284
0.00281084
0.00314965
0.00342191
0.00286067
0.00381454
0.00269082
0.00296929
0.00316380
0.00320889
0.00317763
0.00246159
0.00346619
0.00216669
0.00338499
0.00200302
0.00223574
0.00329635
0.00291207
0.00281549
0.00351310
0.00305778
0.00308240
0.00300700
0.00295009
0.00308968
0.00372430
0.00308786
0.00403813
0.00366072
0.00343242
0.00415308
0.00358721
0.00366980
0.00313372
0.00345110
0.00250907
0.00384797
0.00254994
0.00291070
0.00335637
0.00366245
0.00371071
0.00291757
0.00255355
0.00372561
0.00311934
0.00408604
0.00323778
0.00336588
0.00266336
0.00278510
0.00303730
0.00335439
0.00340943
0.00253405
0.00368932
0.00358045
0.00366807
0.00359695
0.00224340
0.00351766
0.00305130
0.00374279
0.00369847
0.00405149
0.00238500
0.00367933
0.00363362
0.00202463
0.00255234
0.00345598
0.00342232
0.00421128
0.00363705
0.00371947
0.00400163
0.00409375
0.00341184
0.00457316
0.00252480
0.00401770
0.00449403
0.00412720
0.00434088
0.00377604
0.00457046
0.00330725
0.00534034
0.00345232
0.00339658
0.00516322
0.00431027
0.00409038
0.00540115
0.00438565
0.00469170
0.00511594
0.00537319
0.00548847
0.00562013
0.00466467
0.00546393
0.00547296
0.00527960
0.00679210
0.00622887
0.00742725
0.00612109
0.00706415
0.00453556
0.00660177
0.00307950
0.00494976
0.00583353
0.00701186
0.00710593
0.00534349
0.00323587
0.00744391
0.00712019
0.01004377
0.00801616
0.00712607
0.00568345
0.00654055
0.00714290
0.00906969
0.00952351
0.00596010
0.01067900
0.01038587
0.01175222
0.00928288
0.00437273
0.00806452
0.00544913
0.00489981
0.01022906
0.01206256
0.00650593
0.01069160
0.01042145
0.00583078
0.00799633
0.00882386
0.00885200
0.01355485
0.01132631
0.01274104
0.00998118
0.01323263
0.01060745
0.01438158
0.01412774
0.01121466
0.01112509
0.01194083
0.01470748
0.01107926
0.01260206
0.01203272
0.01206825
0.02094804
0.00000000
0.00000000
0.00000000
0.00000000
0.00000000
0.00000000
0.00000000
0.00000000
0.00000000
0.00000000
0.00000000
0.00000000
0.00000000
0.00000000
0.00000000
0.00000000
0.00000000
0.00000000
0.00000000
0.00000000
0.00000000
0.00000000
0.00000000
0.00000000
0.00000000
0.00000000
0.00000000
0.00000000
0.00000000
0.00000000
0.00000000
0.00000000
0.00000000
0.00000000
0.00000000
0.00000000
0.00000000
0.00000000
0.00000000
0.00000000
0.00000000
0.00000000
0.00000000
0.00000000
0.00000000
0.00000000
0.00000000
0.00000000
0.00000000
0.00000000
0.00000000
0.00000000
0.00000000
0.00000000
0.00000000
0.00000000
0.00277971
0.00332036
0.00335500
0.00352911
0.00340483
0.00318422
0.00265131
0.00363386
0.00333449
0.00390445
0.00337524
0.00358026
0.00330824
0.00326291
0.00323799
0.00359931
0.00361846
0.00275490
0.00401181
0.00397695
0.00407427
0.00410417
0.00316662
0.00390215
0.00366484
0.00351499
0.00435192
0.00397930
0.00252169
0.00397273
0.00388379
0.00269863
0.00313577
0.00386368
0.00365621
0.00405080
0.00362658
0.00377050
0.00402413
0.00410950
0.00353411
0.00438697
0.00324220
0.00391875
0.00410659
0.00406755
0.00394425
0.00315543
0.00425248
0.00283299
0.00424497
0.00296389
0.00319174
0.00412552
0.00366744
0.00359168
0.00415727
0.00374524
0.00396010
0.00381388
0.00395403
0.00389112
0.00424797
0.00370046
0.00444530
0.00409257
0.00401370
0.00462062
0.00443221
0.00450706
0.00397273
0.00422449
0.00333882
0.00424797
0.00293779
0.00364459
0.00412066
0.00436014
0.00425098
0.00364631
0.00299375
0.00431614
0.00383689
0.00470864
0.00396431
0.00425198
0.00362017
0.00370963
0.00379280
0.00403649
0.00399387
0.00298951
0.00432787
0.00411144
0.00425098
0.00424046
0.00278364
0.00394984
0.00368695
0.00354371
0.00440200
0.00455999
0.00340121
0.00443273
0.00424497
0.00264319
0.00314874
0.00425098
0.00398070
0.00459291
0.00405701
0.00434372
0.00465234
0.00463481
0.00406563
0.00495826
0.00299057
0.00448638
0.00485698
0.00455408
0.00462880
0.00404316
0.00493842
0.00325177
0.00547203
0.00377495
0.00410853
0.00551088
0.00478759
0.00478026
0.00546880
0.00460485
0.00494891
0.00528181
0.00572891
0.00565307
0.00558284
0.00495358
0.00548560
0.00537734
0.00543793
0.00630392
0.00583323
0.00668919
0.00600211
0.00684966
0.00512231
0.00625652
0.00352288
0.00513380
0.00582566
0.00665222
0.00657190
0.00549725
0.00346846
0.00658664
0.00616278
0.00824586
0.00693582
0.00681903
0.00581125
0.00634794
0.00648872
0.00749372
0.00765179
0.00496118
0.00837622
0.00806885
0.00878497
0.00780583
0.00495300
0.00692601
0.00565974
0.00448003
0.00849160
0.00881715
0.00579688
0.00863908
0.00833876
0.00537988
0.00656261
0.00763827
0.00724261
0.00968954
0.00841781
0.00952301
0.00830735
0.00974685
0.00825851
0.01044674
0.00899995
0.00866561
0.00864825
0.00898193
0.01006577
0.00824586
0.00941136
0.00727000
0.00901589
0.00933838
0.01013725
0.00000000
0.00000000
0.00000000
0.00000000
0.00000000
0.00000000
0.00000000
0.00000000
0.00000000
0.00000000
0.00000000
0.00000000
0.00000000
0.00000000
0.00000000
0.00000000
0.00000000
0.00000000
0.00000000
0.00000000
0.00000000
0.00000000
0.00000000
0.00000000
0.00000000
0.00000000
0.00000000
0.00000000
0.00000000
0.00000000
0.00000000
0.00000000
0.00000000
0.00000000
0.00000000
0.00000000
0.00000000
0.00000000
0.00000000
0.00000000
0.00000000
0.00000000
0.00000000
0.00000000
0.00000000
0.00000000
0.00000000
0.00000000
0.00000000
0.00000000
0.00000000
0.00000000
0.00000000
0.00000000
0.00000000
0.00502105
0.00463738
0.00478122
0.00494815
0.00487632
0.00483509
0.00422783
0.00494582
0.00478234
0.00510403
0.00470958
0.00518472
0.00493417
0.00483395
0.00462209
0.00495458
0.00490863
0.00413853
0.00517922
0.00497390
0.00493766
0.00520126
0.00426891
0.00488207
0.00500213
0.00393389
0.00535690
0.00475423
0.00399514
0.00510042
0.00494232
0.00422185
0.00440703
0.00511790
0.00464669
0.00478912
0.00452501
0.00488899
0.00505849
0.00490689
0.00464614
0.00503172
0.00413317
0.00490921
0.00490111
0.00483281
0.00463410
0.00437338
0.00512575
0.00423581
0.00514999
0.00402019
0.00433998
0.00503172
0.00486598
0.00501513
0.00499918
0.00463082
0.00482483
0.00481460
0.00520556
0.00505611
0.00497038
0.00472405
0.00505789
0.00485508
0.00509802
0.00509742
0.00481687
0.00486311
0.00461773
0.00494349
0.00459546
0.00487574
0.00412635
0.00480043
0.00485394
0.00497038
0.00485337
0.00481517
0.00419703
0.00494932
0.00480609
0.00505849
0.00461120
0.00514331
0.00495808
0.00490400
0.00465931
0.00482142
0.00478686
0.00398385
0.00511488
0.00493242
0.00491964
0.00516093
0.00415173
0.00491790
0.00516398
0.00434203
0.00534995
0.00484365
0.00385808
0.00512092
0.00497566
0.00423132
0.00455445
0.00522586
0.00480609
0.00490747
0.00465931
0.00499270
0.00523696
0.00505611
0.00474079
0.00519146
0.00409677
0.00516154
0.00521416
0.00514635
0.00493533
0.00459980
0.00541470
0.00442265
0.00550484
0.00420396
0.00445774
0.00528972
0.00505134
0.00515242
0.00528660
0.00499329
0.00514938
0.00504657
0.00539939
0.00524252
0.00520986
0.00497096
0.00531975
0.00511548
0.00532101
0.00544479
0.00529909
0.00532980
0.00502934
0.00530346
0.00486024
0.00526793
0.00443780
0.00515789
0.00534743
0.00541789
0.00533231
0.00509922
0.00462482
0.00549835
0.00529409
0.00566622
0.00507163
0.00551264
0.00514331
0.00513240
0.00507044
0.00535627
0.00525986
0.00460197
0.00556555
0.00537525
0.00536891
0.00554001
0.00438733
0.00520924
0.00512394
0.00478347
0.00569906
0.00533861
0.00462427
0.00543966
0.00527104
0.00466371
0.00503172
0.00545765
0.00510765
0.00519942
0.00496393
0.00534869
0.00538477
0.00537018
0.00512998
0.00541534
0.00475984
0.00534491
0.00537271
0.00538540
0.00525119
0.00487517
0.00557804
0.00506028
0.00562892
0.00528037
0.00524809
0.00556949
0.00000000
0.00000000
0.00000000
0.00000000
0.00000000
0.00000000
0.00000000
0.00000000
0.00000000
0.00000000
0.00000000
0.00000000
0.00000000
0.00000000
0.00000000
0.00000000
0.00000000
0.00000000
0.00000000
0.00000000
0.00000000
0.00000000
0.00000000
0.00000000
0.00000000
0.00000000
0.00000000
0.00000000
0.00000000
0.00000000
0.00000000
0.00000000
0.00000000
0.00000000
0.00000000
0.00000000
0.00000000
0.00000000
0.00000000
0.00000000
0.00000000
0.00000000
0.00000000
0.00000000
0.00000000
0.00000000
0.00000000
0.00000000
0.00000000
0.00000000
0.00000000
0.00000000
0.00000000
0.00000000
0.00541552
0.00496586
0.00504139
0.00516294
0.00507899
0.00507001
0.00457885
0.00522912
0.00512170
0.00532182
0.00484267
0.00545398
0.00521188
0.00509218
0.00481136
0.00510903
0.00504615
0.00431818
0.00539894
0.00512532
0.00505509
0.00536087
0.00428166
0.00500171
0.00529552
0.00418778
0.00550049
0.00480399
0.00392939
0.00519347
0.00502952
0.00447897
0.00472087
0.00533250
0.00480682
0.00484839
0.00459995
0.00502833
0.00522480
0.00499170
0.00475944
0.00508139
0.00420064
0.00506583
0.00502537
0.00489435
0.00463098
0.00437817
0.00522665
0.00451770
0.00532558
0.00432531
0.00452196
0.00512411
0.00496118
0.00516294
0.00511325
0.00482102
0.00502892
0.00492039
0.00537861
0.00516111
0.00501885
0.00482045
0.00513621
0.00493958
0.00522850
0.00516598
0.00497524
0.00496645
0.00467047
0.00497055
0.00462934
0.00488454
0.00430648
0.00503664
0.00506523
0.00506523
0.00486213
0.00487074
0.00428368
0.00502300
0.00502418
0.00509038
0.00463153
0.00522912
0.00509279
0.00499523
0.00470253
0.00485067
0.00480569
0.00408774
0.00519776
0.00497994
0.00499287
0.00523097
0.00423346
0.00494074
0.00528741
0.00452036
0.00538813
0.00484839
0.00393078
0.00510421
0.00488282
0.00419767
0.00466387
0.00533187
0.00492155
0.00487476
0.00464082
0.00496879
0.00525199
0.00500289
0.00476393
0.00509459
0.00408822
0.00513077
0.00516415
0.00508199
0.00482841
0.00447316
0.00532810
0.00440251
0.00543087
0.00442698
0.00462716
0.00520881
0.00495416
0.00507001
0.00511204
0.00493085
0.00518857
0.00502063
0.00539958
0.00514592
0.00506284
0.00486442
0.00521618
0.00502063
0.00526874
0.00526625
0.00516903
0.00514349
0.00485754
0.00508079
0.00470364
0.00498464
0.00420311
0.00507719
0.00528055
0.00526936
0.00511807
0.00498464
0.00445579
0.00526004
0.00513743
0.00537290
0.00486614
0.00533439
0.00507360
0.00491343
0.00479437
0.00501234
0.00490706
0.00441395
0.00523344
0.00501412
0.00501885
0.00525199
0.00438179
0.00493958
0.00497348
0.00459887
0.00540149
0.00499641
0.00469532
0.00513319
0.00489608
0.00432225
0.00467764
0.00521495
0.00488454
0.00482898
0.00465562
0.00494016
0.00505747
0.00487936
0.00474823
0.00492562
0.00434167
0.00493783
0.00495650
0.00494424
0.00474767
0.00445001
0.00512170
0.00455139
0.00516842
0.00483696
0.00490070
0.00505986
0.00481590
0.00000000
0.00000000
0.00000000
0.00000000
0.00000000
0.00000000
0.00000000
0.00000000
0.00000000
0.00000000
0.00000000
0.00000000
0.00000000
0.00000000
0.00000000
0.00000000
0.00000000
0.00000000
0.00000000
0.00000000
0.00000000
0.00000000
0.00000000
0.00000000
0.00000000
0.00000000
0.00000000
0.00000000
0.00000000
0.00000000
0.00000000
0.00000000
0.00000000
0.00000000
0.00000000
0.00000000
0.00000000
0.00000000
0.00000000
0.00000000
0.00000000
0.00000000
0.00000000
0.00000000
0.00000000
0.00000000
0.00000000
0.00000000
0.00000000
0.00000000
0.00000000
0.00000000
0.00000000
0.00467027
0.00474522
0.00490858
0.00499737
0.00485103
0.00475811
0.00419501
0.00489702
0.00475755
0.00509136
0.00466366
0.00508836
0.00483789
0.00476428
0.00458351
0.00477835
0.00474522
0.00420144
0.00509196
0.00478794
0.00483048
0.00494519
0.00422779
0.00462041
0.00485618
0.00411562
0.00507458
0.00467909
0.00413459
0.00495219
0.00483276
0.00434455
0.00453458
0.00498383
0.00469955
0.00480831
0.00462368
0.00498089
0.00500681
0.00486191
0.00467688
0.00501153
0.00439091
0.00497209
0.00496096
0.00481285
0.00469844
0.00441323
0.00507398
0.00438625
0.00516210
0.00438263
0.00460084
0.00510519
0.00483960
0.00496037
0.00499265
0.00470732
0.00495336
0.00483561
0.00519937
0.00496213
0.00487800
0.00469069
0.00489991
0.00469623
0.00491785
0.00496623
0.00493819
0.00486937
0.00460138
0.00489471
0.00462041
0.00478964
0.00433738
0.00479981
0.00505367
0.00504474
0.00488202
0.00480491
0.00432155
0.00492366
0.00479755
0.00510459
0.00464226
0.00513417
0.00487627
0.00486306
0.00465267
0.00476766
0.00472734
0.00406641
0.00510579
0.00480208
0.00486478
0.00498442
0.00417133
0.00467523
0.00496389
0.00426334
0.00510639
0.00474130
0.00403964
0.00498618
0.00481569
0.00410060
0.00444982
0.00508056
0.00473460
0.00488375
0.00465707
0.00504058
0.00516880
0.00497268
0.00471509
0.00510760
0.00405922
0.00503167
0.00507697
0.00491379
0.00478004
0.00447719
0.00514994
0.00422679
0.00529279
0.00417920
0.00447455
0.00516819
0.00486249
0.00505129
0.00513720
0.00484703
0.00516454
0.00507398
0.00542999
0.00520612
0.00509557
0.00491090
0.00516454
0.00496154
0.00516636
0.00527783
0.00521595
0.00522889
0.00491727
0.00524618
0.00481399
0.00505904
0.00425229
0.00497737
0.00532096
0.00538980
0.00526726
0.00505248
0.00455602
0.00535495
0.00522334
0.00560568
0.00503582
0.00550414
0.00510399
0.00512328
0.00498265
0.00520735
0.00516575
0.00441219
0.00556287
0.00522149
0.00532849
0.00537647
0.00437230
0.00500740
0.00513478
0.00445034
0.00555239
0.00525175
0.00456732
0.00546404
0.00527099
0.00452123
0.00487282
0.00546597
0.00508536
0.00532598
0.00499089
0.00544731
0.00554911
0.00547630
0.00518101
0.00562953
0.00445349
0.00541592
0.00545438
0.00534738
0.00525609
0.00482934
0.00561494
0.00449253
0.00567754
0.00458892
0.00493296
0.00560039
0.00515298
0.00526167
0.00000000
0.00000000
0.00000000
0.00000000
0.00000000
0.00000000
0.00000000
0.00000000
0.00000000
0.00000000
0.00000000
0.00000000
0.00000000
0.00000000
0.00000000
0.00000000
0.00000000
0.00000000
0.00000000
0.00000000
0.00000000
0.00000000
0.00000000
0.00000000
0.00000000
0.00000000
0.00000000
0.00000000
0.00000000
0.00000000
0.00000000
0.00000000
0.00000000
0.00000000
0.00000000
0.00000000
0.00000000
0.00000000
0.00000000
0.00000000
0.00000000
0.00000000
0.00000000
0.00000000
0.00000000
0.00000000
0.00000000
0.00000000
0.00000000
0.00000000
0.00000000
0.00000000
0.00520062
0.00489473
0.00504357
0.00507340
0.00484362
0.00478232
0.00401922
0.00505489
0.00496742
0.00522398
0.00462971
0.00530970
0.00504298
0.00492716
0.00461499
0.00487054
0.00476824
0.00386034
0.00524682
0.00492600
0.00495338
0.00522152
0.00404299
0.00479644
0.00509078
0.00409917
0.00542106
0.00476880
0.00385306
0.00509318
0.00484077
0.00401496
0.00448302
0.00527848
0.00476768
0.00479701
0.00447668
0.00496332
0.00519020
0.00495105
0.00463572
0.00504655
0.00393944
0.00500329
0.00501333
0.00487514
0.00459977
0.00417380
0.00516395
0.00404920
0.00526977
0.00418070
0.00446824
0.00510280
0.00478796
0.00494988
0.00496918
0.00466038
0.00504893
0.00488435
0.00538157
0.00502813
0.00488781
0.00461771
0.00504893
0.00480720
0.00509859
0.00509258
0.00495806
0.00497035
0.00461771
0.00496098
0.00448672
0.00473127
0.00377302
0.00482196
0.00505906
0.00510642
0.00485449
0.00478288
0.00388867
0.00493880
0.00488550
0.00514389
0.00458191
0.00524064
0.00499798
0.00485449
0.00454853
0.00472458
0.00467084
0.00376280
0.00510521
0.00477330
0.00483677
0.00512149
0.00395807
0.00474692
0.00509078
0.00403014
0.00535497
0.00481855
0.00403252
0.00514996
0.00483221
0.00377257
0.00428604
0.00530970
0.00482139
0.00489646
0.00457651
0.00496977
0.00527474
0.00499032
0.00471567
0.00516882
0.00383674
0.00507699
0.00512029
0.00502339
0.00479588
0.00439559
0.00536572
0.00403775
0.00547051
0.00414535
0.00457813
0.00534110
0.00497211
0.00513298
0.00509739
0.00474244
0.00514389
0.00508838
0.00558723
0.00526728
0.00510581
0.00483791
0.00526232
0.00504060
0.00533669
0.00541020
0.00523879
0.00523755
0.00492310
0.00530344
0.00487399
0.00509379
0.00400361
0.00499385
0.00529844
0.00541020
0.00527350
0.00509078
0.00429718
0.00534047
0.00507460
0.00561166
0.00502280
0.00557538
0.00522706
0.00506145
0.00484648
0.00511787
0.00503228
0.00428099
0.00547697
0.00514693
0.00516091
0.00541850
0.00441898
0.00501629
0.00510100
0.00429110
0.00567355
0.00508298
0.00455282
0.00540637
0.00514207
0.00434713
0.00464447
0.00539491
0.00488320
0.00503525
0.00480550
0.00521352
0.00529406
0.00503525
0.00480323
0.00518714
0.00434303
0.00512754
0.00510521
0.00502991
0.00483164
0.00447774
0.00532914
0.00441169
0.00536193
0.00448302
0.00481004
0.00531722
0.00501096
0.00515178
0.00505191
0.00000000
0.00000000
0.00000000
0.00000000
0.00000000
0.00000000
0.00000000
0.00000000
0.00000000
0.00000000
0.00000000
0.00000000
0.00000000
0.00000000
0.00000000
0.00000000
0.00000000
0.00000000
0.00000000
0.00000000
0.00000000
0.00000000
0.00000000
0.00000000
0.00000000
0.00000000
0.00000000
0.00000000
0.00000000
0.00000000
0.00000000
0.00000000
0.00000000
0.00000000
0.00000000
0.00000000
0.00000000
0.00000000
0.00000000
0.00000000
0.00000000
0.00000000
0.00000000
0.00000000
0.00000000
0.00000000
0.00000000
0.00000000
0.00000000
0.00000000
0.00000000
0.00418025
0.00419160
0.00437649
0.00456630
0.00442371
0.00430686
0.00360132
0.00453411
0.00425235
0.00479535
0.00417138
0.00474584
0.00438062
0.00437752
0.00420150
0.00444935
0.00436721
0.00350164
0.00475761
0.00444830
0.00448359
0.00471850
0.00357719
0.00434973
0.00446038
0.00367078
0.00502225
0.00453625
0.00366041
0.00485625
0.00470183
0.00383813
0.00404303
0.00477560
0.00424033
0.00448729
0.00413855
0.00463631
0.00479422
0.00468910
0.00429215
0.00484252
0.00363160
0.00462866
0.00468965
0.00463685
0.00445303
0.00397214
0.00493943
0.00376772
0.00498684
0.00361536
0.00392325
0.00483625
0.00447039
0.00454589
0.00477391
0.00434102
0.00462975
0.00447778
0.00489708
0.00467639
0.00468026
0.00436001
0.00474920
0.00442371
0.00465219
0.00482371
0.00461340
0.00469186
0.00438993
0.00478124
0.00431194
0.00462429
0.00379358
0.00442737
0.00464287
0.00477447
0.00458141
0.00433488
0.00361238
0.00472629
0.00447250
0.00499803
0.00433386
0.00494117
0.00447039
0.00450692
0.00435384
0.00458411
0.00450692
0.00348105
0.00484824
0.00451916
0.00456146
0.00476885
0.00346508
0.00432977
0.00457709
0.00358987
0.00495401
0.00452076
0.00344958
0.00482144
0.00465878
0.00367425
0.00408617
0.00489362
0.00445145
0.00465109
0.00419407
0.00461830
0.00499155
0.00485167
0.00445303
0.00508603
0.00356161
0.00484481
0.00497568
0.00474752
0.00458790
0.00412588
0.00509503
0.00360089
0.00535818
0.00362604
0.00404876
0.00521726
0.00479988
0.00499096
0.00528351
0.00478631
0.00512154
0.00507345
0.00558267
0.00531037
0.00519209
0.00479988
0.00523266
0.00500628
0.00531476
0.00550032
0.00512940
0.00540642
0.00500392
0.00562961
0.00476885
0.00538098
0.00400082
0.00511973
0.00552047
0.00575650
0.00552438
0.00511973
0.00380927
0.00559783
0.00540451
0.00624747
0.00532794
0.00590990
0.00526050
0.00540642
0.00529162
0.00582754
0.00584061
0.00437288
0.00630372
0.00587516
0.00602532
0.00612419
0.00413270
0.00552829
0.00540133
0.00437443
0.00644049
0.00602816
0.00441746
0.00624453
0.00592176
0.00436309
0.00514515
0.00614010
0.00564890
0.00627183
0.00562364
0.00622981
0.00628516
0.00645951
0.00581450
0.00685348
0.00524935
0.00632159
0.00633502
0.00634849
0.00636648
0.00552112
0.00671032
0.00502166
0.00663555
0.00514515
0.00563958
0.00681881
0.00597790
0.00557806
0.00632681
0.00591409
0.00000000
0.00000000
0.00000000
0.00000000
0.00000000
0.00000000
0.00000000
0.00000000
0.00000000
0.00000000
0.00000000
0.00000000
0.00000000
0.00000000
0.00000000
0.00000000
0.00000000
0.00000000
0.00000000
0.00000000
0.00000000
0.00000000
0.00000000
0.00000000
0.00000000
0.00000000
0.00000000
0.00000000
0.00000000
0.00000000
0.00000000
0.00000000
0.00000000
0.00000000
0.00000000
0.00000000
0.00000000
0.00000000
0.00000000
0.00000000
0.00000000
0.00000000
0.00000000
0.00000000
0.00000000
0.00000000
0.00000000
0.00000000
0.00000000
0.00000000
0.00393146
0.00408266
0.00415063
0.00425672
0.00412866
0.00403527
0.00348011
0.00427181
0.00410439
0.00447024
0.00413841
0.00433371
0.00413695
0.00410875
0.00410294
0.00430874
0.00427130
0.00366633
0.00440898
0.00433525
0.00435934
0.00446866
0.00360842
0.00422073
0.00415847
0.00375960
0.00459099
0.00437892
0.00373750
0.00445708
0.00438513
0.00363919
0.00393146
0.00442774
0.00431688
0.00445813
0.00422073
0.00426174
0.00447815
0.00444658
0.00415357
0.00458125
0.00378540
0.00435215
0.00449562
0.00451262
0.00443977
0.00403432
0.00462195
0.00377560
0.00462086
0.00393656
0.00410294
0.00455915
0.00428543
0.00425120
0.00448027
0.00421675
0.00438306
0.00436912
0.00454680
0.00446129
0.00455647
0.00428088
0.00459370
0.00441627
0.00449721
0.00468452
0.00448397
0.00462305
0.00441470
0.00460943
0.00417715
0.00451368
0.00374279
0.00426929
0.00446076
0.00463232
0.00451474
0.00432146
0.00367326
0.00447710
0.00428038
0.00474121
0.00438151
0.00461978
0.00435164
0.00435883
0.00434907
0.00452808
0.00453716
0.00391526
0.00468949
0.00456615
0.00463834
0.00465917
0.00383348
0.00440015
0.00438409
0.00379434
0.00476194
0.00464491
0.00406345
0.00476250
0.00468452
0.00378630
0.00406680
0.00470889
0.00456830
0.00488250
0.00462741
0.00471945
0.00491485
0.00486411
0.00456830
0.00506730
0.00398749
0.00477150
0.00495501
0.00486124
0.00488769
0.00456023
0.00506073
0.00397622
0.00518763
0.00412477
0.00448714
0.00522324
0.00490733
0.00496145
0.00516017
0.00477713
0.00492414
0.00505119
0.00525785
0.00523989
0.00524855
0.00503453
0.00520172
0.00508826
0.00519253
0.00548588
0.00524237
0.00548912
0.00527275
0.00564604
0.00509486
0.00555686
0.00452167
0.00503929
0.00539160
0.00565670
0.00567140
0.00527213
0.00455163
0.00551638
0.00519130
0.00603009
0.00545363
0.00558841
0.00514195
0.00532085
0.00540815
0.00573665
0.00576990
0.00499491
0.00604790
0.00592785
0.00607220
0.00586112
0.00508706
0.00554050
0.00515166
0.00484750
0.00605147
0.00594956
0.00515774
0.00599323
0.00594255
0.00525041
0.00547619
0.00568010
0.00548912
0.00615366
0.00593835
0.00633182
0.00591249
0.00624063
0.00584800
0.00643268
0.00606075
0.00601589
0.00606004
0.00613627
0.00638657
0.00594536
0.00623916
0.00579787
0.00609947
0.00578148
0.00595237
0.00642131
0.00592086
0.00552158
0.00610955
0.00589161
0.00644711
0.00000000
0.00000000
0.00000000
0.00000000
0.00000000
0.00000000
0.00000000
0.00000000
0.00000000
0.00000000
0.00000000
0.00000000
0.00000000
0.00000000
0.00000000
0.00000000
0.00000000
0.00000000
0.00000000
0.00000000
0.00000000
0.00000000
0.00000000
0.00000000
0.00000000
0.00000000
0.00000000
0.00000000
0.00000000
0.00000000
0.00000000
0.00000000
0.00000000
0.00000000
0.00000000
0.00000000
0.00000000
0.00000000
0.00000000
0.00000000
0.00000000
0.00000000
0.00000000
0.00000000
0.00000000
0.00000000
0.00000000
0.00000000
0.00000000
0.00470604
0.00455748
0.00476524
0.00481723
0.00468887
0.00467948
0.00388852
0.00460339
0.00444914
0.00483373
0.00463663
0.00485258
0.00478439
0.00465196
0.00451095
0.00465416
0.00464319
0.00403521
0.00482121
0.00476524
0.00478382
0.00493977
0.00440632
0.00473164
0.00471549
0.00409804
0.00500427
0.00463280
0.00426269
0.00476974
0.00455264
0.00365161
0.00398555
0.00476974
0.00453977
0.00472774
0.00467562
0.00475906
0.00479569
0.00460339
0.00442924
0.00471827
0.00408742
0.00463116
0.00470438
0.00467782
0.00461045
0.00446069
0.00479173
0.00411888
0.00477481
0.00408598
0.00443761
0.00481041
0.00469108
0.00478270
0.00469108
0.00444337
0.00462734
0.00468500
0.00494793
0.00485430
0.00474393
0.00454406
0.00472830
0.00464703
0.00478439
0.00486978
0.00479738
0.00482007
0.00460393
0.00476693
0.00455425
0.00457471
0.00372908
0.00441724
0.00451521
0.00473946
0.00473890
0.00481098
0.00451787
0.00465196
0.00456554
0.00473778
0.00447387
0.00480418
0.00479965
0.00469772
0.00450351
0.00445019
0.00447228
0.00407250
0.00477255
0.00463663
0.00469828
0.00476468
0.00434030
0.00466020
0.00485487
0.00421569
0.00498719
0.00474393
0.00451255
0.00499366
0.00489858
0.00440632
0.00435055
0.00489974
0.00449343
0.00474841
0.00471326
0.00499248
0.00504040
0.00490031
0.00476524
0.00497368
0.00422515
0.00488589
0.00496079
0.00492000
0.00486347
0.00471160
0.00514490
0.00459797
0.00520348
0.00446438
0.00471938
0.00516984
0.00502853
0.00524910
0.00509299
0.00482917
0.00471104
0.00477481
0.00505052
0.00511586
0.00510080
0.00515949
0.00513278
0.00498366
0.00514126
0.00525529
0.00513823
0.00518327
0.00505290
0.00521946
0.00517777
0.00520778
0.00488992
0.00500132
0.00499955
0.00511043
0.00515949
0.00503862
0.00515888
0.00532454
0.00504695
0.00542213
0.00502675
0.00524848
0.00505767
0.00515584
0.00519306
0.00509960
0.00496137
0.00457849
0.00517961
0.00517533
0.00517900
0.00517472
0.00529823
0.00498660
0.00495319
0.00511405
0.00531826
0.00501077
0.00474114
0.00509058
0.00516070
0.00566797
0.00549033
0.00504695
0.00484572
0.00490494
0.00492349
0.00529698
0.00503209
0.00511948
0.00503684
0.00500073
0.00508638
0.00494852
0.00496781
0.00500427
0.00497954
0.00483430
0.00500250
0.00527267
0.00500722
0.00519980
0.00504159
0.00502616
0.00492930
0.00492697
0.00504338
0.00512431
0.00499189
0.00461372
0.00000000
0.00000000
0.00000000
0.00000000
0.00000000
0.00000000
0.00000000
0.00000000
0.00000000
0.00000000
0.00000000
0.00000000
0.00000000
0.00000000
0.00000000
0.00000000
0.00000000
0.00000000
0.00000000
0.00000000
0.00000000
0.00000000
0.00000000
0.00000000
0.00000000
0.00000000
0.00000000
0.00000000
0.00000000
0.00000000
0.00000000
0.00000000
0.00000000
0.00000000
0.00000000
0.00000000
0.00000000
0.00000000
0.00000000
0.00000000
0.00000000
0.00000000
0.00000000
0.00000000
0.00000000
0.00000000
0.00000000
0.00000000
0.00429849
0.00429951
0.00450985
0.00464918
0.00454509
0.00448704
0.00378532
0.00450029
0.00426667
0.00475341
0.00441877
0.00471267
0.00452637
0.00444438
0.00432697
0.00444910
0.00442346
0.00380770
0.00464918
0.00446329
0.00448757
0.00466786
0.00401193
0.00444123
0.00450294
0.00392072
0.00484225
0.00452637
0.00414564
0.00474166
0.00459522
0.00382436
0.00399587
0.00464644
0.00436439
0.00460389
0.00447541
0.00468938
0.00471433
0.00458763
0.00435821
0.00475510
0.00402188
0.00461477
0.00466786
0.00464042
0.00457467
0.00432289
0.00482458
0.00407728
0.00480414
0.00388252
0.00419878
0.00476801
0.00454992
0.00463987
0.00465577
0.00434897
0.00452210
0.00451145
0.00481889
0.00470101
0.00465302
0.00443495
0.00464809
0.00447541
0.00463713
0.00480300
0.00472770
0.00472658
0.00449127
0.00472547
0.00450879
0.00459467
0.00393740
0.00437934
0.00449180
0.00466841
0.00461422
0.00455582
0.00422561
0.00463495
0.00444071
0.00478886
0.00439745
0.00479451
0.00459251
0.00458439
0.00444071
0.00446645
0.00444019
0.00392719
0.00473830
0.00450719
0.00454188
0.00463331
0.00394111
0.00439849
0.00461531
0.00399116
0.00481662
0.00454563
0.00405426
0.00481491
0.00476857
0.00428786
0.00431271
0.00477702
0.00440057
0.00465138
0.00448492
0.00482060
0.00492925
0.00480017
0.00457089
0.00491532
0.00399022
0.00476745
0.00486400
0.00469879
0.00461586
0.00435667
0.00494556
0.00417557
0.00510256
0.00409511
0.00435051
0.00501960
0.00479395
0.00505763
0.00508814
0.00477871
0.00478209
0.00477082
0.00512487
0.00507735
0.00502315
0.00494497
0.00502848
0.00485655
0.00506419
0.00522928
0.00508634
0.00523607
0.00499008
0.00532073
0.00495490
0.00521696
0.00461313
0.00502789
0.00514183
0.00527636
0.00516919
0.00497011
0.00447014
0.00528632
0.00513153
0.00558696
0.00498773
0.00537433
0.00504036
0.00522311
0.00518384
0.00527076
0.00520835
0.00440057
0.00552601
0.00535598
0.00546767
0.00542464
0.00469159
0.00508874
0.00511159
0.00480414
0.00560808
0.00535156
0.00450400
0.00546187
0.00541569
0.00507555
0.00537560
0.00544515
0.00518934
0.00547477
0.00522743
0.00572435
0.00558235
0.00577725
0.00546574
0.00581554
0.00517468
0.00552471
0.00558169
0.00557774
0.00560081
0.00514911
0.00567327
0.00509114
0.00566258
0.00516066
0.00528134
0.00574193
0.00533266
0.00519302
0.00564058
0.00560081
0.00599804
0.00547090
0.00532512
0.00000000
0.00000000
0.00000000
0.00000000
0.00000000
0.00000000
0.00000000
0.00000000
0.00000000
0.00000000
0.00000000
0.00000000
0.00000000
0.00000000
0.00000000
0.00000000
0.00000000
0.00000000
0.00000000
0.00000000
0.00000000
0.00000000
0.00000000
0.00000000
0.00000000
0.00000000
0.00000000
0.00000000
0.00000000
0.00000000
0.00000000
0.00000000
0.00000000
0.00000000
0.00000000
0.00000000
0.00000000
0.00000000
0.00000000
0.00000000
0.00000000
0.00000000
0.00000000
0.00000000
0.00000000
0.00000000
0.00000000
0.00497798
0.00468242
0.00494054
0.00502872
0.00491729
0.00492890
0.00434969
0.00496098
0.00473350
0.00511485
0.00453834
0.00524497
0.00498855
0.00495572
0.00462370
0.00476149
0.00466643
0.00380115
0.00514207
0.00484362
0.00483734
0.00512754
0.00404347
0.00479305
0.00501333
0.00422332
0.00533166
0.00469403
0.00395527
0.00501569
0.00475196
0.00395434
0.00420146
0.00505071
0.00434456
0.00455174
0.00438937
0.00508298
0.00507280
0.00486480
0.00457650
0.00488723
0.00382679
0.00487514
0.00488435
0.00476149
0.00452391
0.00423779
0.00502931
0.00426386
0.00512451
0.00398524
0.00423129
0.00494696
0.00471289
0.00494287
0.00495046
0.00463462
0.00496098
0.00476936
0.00523137
0.00500564
0.00485506
0.00469292
0.00494171
0.00466918
0.00493647
0.00498738
0.00491265
0.00493297
0.00460520
0.00489126
0.00460086
0.00463243
0.00383719
0.00465763
0.00471623
0.00481230
0.00464392
0.00460086
0.00423129
0.00491034
0.00491265
0.00499091
0.00443046
0.00507400
0.00486308
0.00481741
0.00454584
0.00456464
0.00446771
0.00363242
0.00492193
0.00461716
0.00470179
0.00489992
0.00395154
0.00456734
0.00495922
0.00403537
0.00518347
0.00469514
0.00394177
0.00500742
0.00480606
0.00429211
0.00456788
0.00510882
0.00456195
0.00454370
0.00422681
0.00475981
0.00506085
0.00493472
0.00473741
0.00501687
0.00390245
0.00495922
0.00499150
0.00488089
0.00466038
0.00426235
0.00517675
0.00407699
0.00532537
0.00424479
0.00454263
0.00517126
0.00483278
0.00505727
0.00503822
0.00479870
0.00496449
0.00476880
0.00520737
0.00492716
0.00487917
0.00476936
0.00511425
0.00487744
0.00513722
0.00515300
0.00497563
0.00500683
0.00476768
0.00511425
0.00478965
0.00492019
0.00428301
0.00497445
0.00512028
0.00511425
0.00487917
0.00470789
0.00400361
0.00509318
0.00496508
0.00536445
0.00482139
0.00532788
0.00494988
0.00493588
0.00484991
0.00501628
0.00490166
0.00414633
0.00515300
0.00487514
0.00488262
0.00518042
0.00442680
0.00479700
0.00495046
0.00447879
0.00533669
0.00485220
0.00425080
0.00504297
0.00481912
0.00425732
0.00473238
0.00517553
0.00489011
0.00484705
0.00458028
0.00493588
0.00502991
0.00491265
0.00478119
0.00502398
0.00432616
0.00490050
0.00488204
0.00484248
0.00469126
0.00440181
0.00505906
0.00431291
0.00511847
0.00435482
0.00461172
0.00507759
0.00478683
0.00480550
0.00489242
0.00478175
0.00513238
0.00482196
0.00516638
0.00474412
0.00000000
0.00000000
0.00000000
0.00000000
0.00000000
0.00000000
0.00000000
0.00000000
0.00000000
0.00000000
0.00000000
0.00000000
0.00000000
0.00000000
0.00000000
0.00000000
0.00000000
0.00000000
0.00000000
0.00000000
0.00000000
0.00000000
0.00000000
0.00000000
0.00000000
0.00000000
0.00000000
0.00000000
0.00000000
0.00000000
0.00000000
0.00000000
0.00000000
0.00000000
0.00000000
0.00000000
0.00000000
0.00000000
0.00000000
0.00000000
0.00000000
0.00000000
0.00000000
0.00000000
0.00000000
0.00000000
0.00491555
0.00458948
0.00475644
0.00482993
0.00459814
0.00446561
0.00358645
0.00477499
0.00463900
0.00495747
0.00434713
0.00499680
0.00468408
0.00458136
0.00431241
0.00460846
0.00449308
0.00360596
0.00490571
0.00457543
0.00462588
0.00490224
0.00367421
0.00451113
0.00473629
0.00369072
0.00520001
0.00468297
0.00378505
0.00503466
0.00480550
0.00389463
0.00431495
0.00513540
0.00463900
0.00465379
0.00421238
0.00456572
0.00495981
0.00471067
0.00433535
0.00484191
0.00355654
0.00474972
0.00477556
0.00472625
0.00445876
0.00400455
0.00502635
0.00367638
0.00508538
0.00380429
0.00416594
0.00491555
0.00458461
0.00466038
0.00473406
0.00435483
0.00473462
0.00466258
0.00513359
0.00481003
0.00469791
0.00438523
0.00485506
0.00460466
0.00488665
0.00487917
0.00464611
0.00471957
0.00446245
0.00485048
0.00433484
0.00467635
0.00369072
0.00465489
0.00493763
0.00502635
0.00480493
0.00462588
0.00353981
0.00481855
0.00457758
0.00508538
0.00450687
0.00512693
0.00475476
0.00462534
0.00439300
0.00469514
0.00461716
0.00364229
0.00490571
0.00459814
0.00458245
0.00492716
0.00363542
0.00449467
0.00475981
0.00358899
0.00511003
0.00455873
0.00373891
0.00494929
0.00469957
0.00360766
0.00408132
0.00510581
0.00467800
0.00479814
0.00442785
0.00469514
0.00504417
0.00473462
0.00438937
0.00494638
0.00358814
0.00481401
0.00486710
0.00477218
0.00455013
0.00419206
0.00511124
0.00373891
0.00520860
0.00370511
0.00417184
0.00509378
0.00479305
0.00492077
0.00497622
0.00453620
0.00495572
0.00498444
0.00548408
0.00521782
0.00503288
0.00463681
0.00507819
0.00486882
0.00520860
0.00524002
0.00490397
0.00501688
0.00470068
0.00515908
0.00458677
0.00498914
0.00372614
0.00482765
0.00512331
0.00531910
0.00519571
0.00505727
0.00398900
0.00517736
0.00492891
0.00549508
0.00486882
0.00546858
0.00513117
0.00501037
0.00474580
0.00515482
0.00512754
0.00414486
0.00554652
0.00524868
0.00524682
0.00550676
0.00399889
0.00506085
0.00511184
0.00396414
0.00576256
0.00514389
0.00420493
0.00553868
0.00526790
0.00414584
0.00452178
0.00551326
0.00492600
0.00525178
0.00493589
0.00531910
0.00549768
0.00526418
0.00485220
0.00548214
0.00430022
0.00532537
0.00533417
0.00530782
0.00510943
0.00462971
0.00561828
0.00446824
0.00557669
0.00440285
0.00477612
0.00552042
0.00514996
0.00518409
0.00529906
0.00489935
0.00544477
0.00533606
0.00556487
0.00544220
0.00546858
0.00000000
0.00000000
0.00000000
0.00000000
0.00000000
0.00000000
0.00000000
0.00000000
0.00000000
0.00000000
0.00000000
0.00000000
0.00000000
0.00000000
0.00000000
0.00000000
0.00000000
0.00000000
0.00000000
0.00000000
0.00000000
0.00000000
0.00000000
0.00000000
0.00000000
0.00000000
0.00000000
0.00000000
0.00000000
0.00000000
0.00000000
0.00000000
0.00000000
0.00000000
0.00000000
0.00000000
0.00000000
0.00000000
0.00000000
0.00000000
0.00000000
0.00000000
0.00000000
0.00000000
0.00000000
0.00401486
0.00407112
0.00430112
0.00444238
0.00425220
0.00410632
0.00323091
0.00432503
0.00402814
0.00464107
0.00406632
0.00458125
0.00423468
0.00415308
0.00396311
0.00424769
0.00417665
0.00334688
0.00457531
0.00425371
0.00429605
0.00447393
0.00337542
0.00404289
0.00423269
0.00327967
0.00472167
0.00423568
0.00339298
0.00460617
0.00449243
0.00361694
0.00390465
0.00463451
0.00428644
0.00452114
0.00418652
0.00450570
0.00468009
0.00446234
0.00401817
0.00466411
0.00344824
0.00449880
0.00457100
0.00451208
0.00433116
0.00382174
0.00481332
0.00349533
0.00484293
0.00349780
0.00387438
0.00474568
0.00435420
0.00441470
0.00458287
0.00411699
0.00440378
0.00433371
0.00476138
0.00454841
0.00454466
0.00419294
0.00459640
0.00428290
0.00451527
0.00468506
0.00449773
0.00452647
0.00418899
0.00456345
0.00402861
0.00445760
0.00352347
0.00423518
0.00462250
0.00473171
0.00458071
0.00435318
0.00359865
0.00456345
0.00422172
0.00485608
0.00417026
0.00479802
0.00431993
0.00434190
0.00418553
0.00448079
0.00440690
0.00341063
0.00476531
0.00447076
0.00449720
0.00466137
0.00335874
0.00416780
0.00435523
0.00335874
0.00476250
0.00427483
0.00333545
0.00458990
0.00442408
0.00338259
0.00377025
0.00468120
0.00423718
0.00455431
0.00420879
0.00468175
0.00488077
0.00469225
0.00424018
0.00485952
0.00325232
0.00460291
0.00477093
0.00458828
0.00443035
0.00400115
0.00489230
0.00349368
0.00509967
0.00342030
0.00382219
0.00492355
0.00451634
0.00474232
0.00494859
0.00441366
0.00477037
0.00483095
0.00535042
0.00516991
0.00499785
0.00469447
0.00501379
0.00477656
0.00509185
0.00524979
0.00487502
0.00520601
0.00479519
0.00538079
0.00452861
0.00508525
0.00355645
0.00478220
0.00520172
0.00552223
0.00538397
0.00503453
0.00389637
0.00540815
0.00526032
0.00594044
0.00499726
0.00562344
0.00508106
0.00520540
0.00500847
0.00546264
0.00548717
0.00394074
0.00604148
0.00569956
0.00594465
0.00589717
0.00406968
0.00531144
0.00529705
0.00392451
0.00625684
0.00578352
0.00413353
0.00609444
0.00581841
0.00437582
0.00502030
0.00595869
0.00540496
0.00604932
0.00541326
0.00607721
0.00620467
0.00635351
0.00569016
0.00670059
0.00479180
0.00614133
0.00622593
0.00628717
0.00631764
0.00546457
0.00668402
0.00486296
0.00658932
0.00495559
0.00549559
0.00669822
0.00581498
0.00557064
0.00614423
0.00567541
0.00656992
0.00616019
0.00597276
0.00581978
0.00627680
0.00613048
0.00000000
0.00000000
0.00000000
0.00000000
0.00000000
0.00000000
0.00000000
0.00000000
0.00000000
0.00000000
0.00000000
0.00000000
0.00000000
0.00000000
0.00000000
0.00000000
0.00000000
0.00000000
0.00000000
0.00000000
0.00000000
0.00000000
0.00000000
0.00000000
0.00000000
0.00000000
0.00000000
0.00000000
0.00000000
0.00000000
0.00000000
0.00000000
0.00000000
0.00000000
0.00000000
0.00000000
0.00000000
0.00000000
0.00000000
0.00000000
0.00000000
0.00000000
0.00000000
0.00000000
0.00502627
0.00462909
0.00479128
0.00489292
0.00473454
0.00465098
0.00384030
0.00481677
0.00470560
0.00500026
0.00454416
0.00504766
0.00482644
0.00466086
0.00442726
0.00467517
0.00461111
0.00385618
0.00493639
0.00467793
0.00469285
0.00498319
0.00405726
0.00469562
0.00486473
0.00391668
0.00521897
0.00470726
0.00405152
0.00501621
0.00476817
0.00390055
0.00424723
0.00505898
0.00461111
0.00466966
0.00436195
0.00463674
0.00490563
0.00468014
0.00444452
0.00483270
0.00390699
0.00475020
0.00474572
0.00467187
0.00446922
0.00418606
0.00495038
0.00396268
0.00498613
0.00394171
0.00429306
0.00488658
0.00467517
0.00479693
0.00472841
0.00440382
0.00468732
0.00467462
0.00511297
0.00485670
0.00469340
0.00443144
0.00478394
0.00463236
0.00489523
0.00487047
0.00469174
0.00470116
0.00444819
0.00476817
0.00445292
0.00460567
0.00382403
0.00462527
0.00475301
0.00486989
0.00472896
0.00471393
0.00393427
0.00477154
0.00462472
0.00494397
0.00455114
0.00505660
0.00489408
0.00474349
0.00446922
0.00458941
0.00455490
0.00385300
0.00486645
0.00460730
0.00458508
0.00487507
0.00391160
0.00460187
0.00491722
0.00400024
0.00508650
0.00460893
0.00397954
0.00497438
0.00477999
0.00400072
0.00428143
0.00506973
0.00463783
0.00475918
0.00456081
0.00480996
0.00503517
0.00473064
0.00449036
0.00489696
0.00393335
0.00487277
0.00488831
0.00479637
0.00459970
0.00432558
0.00509551
0.00418508
0.00517118
0.00407933
0.00440902
0.00506734
0.00486645
0.00503102
0.00497966
0.00468677
0.00488370
0.00483043
0.00523809
0.00507691
0.00496793
0.00473790
0.00502153
0.00483100
0.00508710
0.00517240
0.00504290
0.00500203
0.00472729
0.00498848
0.00471115
0.00493290
0.00422824
0.00485212
0.00498377
0.00504587
0.00496032
0.00488888
0.00444714
0.00506973
0.00482075
0.00521466
0.00473231
0.00521036
0.00497203
0.00489927
0.00474572
0.00491316
0.00480429
0.00429458
0.00514502
0.00495272
0.00490390
0.00510152
0.00426379
0.00476817
0.00482303
0.00442308
0.00524922
0.00475862
0.00435322
0.00498730
0.00485041
0.00449566
0.00464385
0.00503517
0.00460404
0.00470171
0.00460459
0.00500262
0.00498377
0.00483043
0.00461056
0.00483327
0.00429103
0.00481337
0.00483270
0.00478168
0.00457967
0.00425174
0.00491664
0.00443196
0.00493989
0.00449195
0.00456888
0.00483727
0.00465537
0.00476535
0.00476479
0.00460296
0.00480372
0.00463564
0.00493290
0.00478394
0.00473845
0.00463947
0.00479015
0.00000000
0.00000000
0.00000000
0.00000000
0.00000000
0.00000000
0.00000000
0.00000000
0.00000000
0.00000000
0.00000000
0.00000000
0.00000000
0.00000000
0.00000000
0.00000000
0.00000000
0.00000000
0.00000000
0.00000000
0.00000000
0.00000000
0.00000000
0.00000000
0.00000000
0.00000000
0.00000000
0.00000000
0.00000000
0.00000000
0.00000000
0.00000000
0.00000000
0.00000000
0.00000000
0.00000000
0.00000000
0.00000000
0.00000000
0.00000000
0.00000000
0.00000000
0.00000000
0.00502956
0.00469814
0.00487595
0.00494662
0.00479950
0.00471590
0.00399909
0.00486504
0.00476117
0.00503312
0.00460054
0.00510004
0.00489381
0.00470424
0.00444061
0.00469149
0.00464963
0.00402701
0.00504917
0.00473652
0.00474211
0.00500530
0.00401705
0.00473652
0.00490190
0.00406087
0.00523410
0.00474379
0.00411778
0.00503609
0.00478481
0.00397089
0.00429029
0.00506707
0.00459295
0.00467217
0.00441242
0.00472091
0.00493147
0.00467823
0.00444428
0.00484500
0.00403747
0.00486561
0.00481935
0.00469814
0.00448588
0.00418732
0.00498351
0.00410614
0.00503550
0.00411778
0.00440047
0.00492392
0.00470146
0.00482675
0.00475275
0.00442702
0.00475780
0.00473708
0.00515690
0.00492276
0.00474323
0.00452040
0.00484329
0.00467934
0.00490768
0.00494195
0.00485186
0.00479950
0.00450922
0.00478424
0.00446319
0.00464415
0.00395080
0.00467878
0.00480800
0.00486389
0.00469980
0.00467327
0.00396013
0.00476117
0.00460814
0.00490826
0.00453696
0.00504084
0.00490653
0.00477522
0.00447268
0.00454767
0.00449012
0.00383602
0.00485931
0.00460597
0.00460651
0.00483130
0.00392433
0.00454875
0.00484786
0.00402653
0.00503015
0.00457997
0.00398919
0.00490074
0.00470590
0.00402464
0.00430093
0.00500176
0.00456648
0.00463868
0.00447531
0.00474883
0.00495304
0.00461086
0.00437873
0.00473094
0.00381526
0.00480800
0.00482960
0.00471090
0.00450763
0.00423150
0.00496415
0.00405704
0.00507604
0.00410130
0.00441034
0.00497881
0.00478030
0.00497352
0.00488804
0.00461412
0.00477016
0.00471479
0.00515386
0.00497646
0.00483587
0.00464524
0.00488574
0.00470257
0.00496649
0.00501062
0.00492101
0.00492508
0.00465676
0.00489901
0.00457673
0.00476285
0.00398543
0.00476847
0.00490826
0.00496473
0.00483758
0.00482163
0.00424049
0.00493031
0.00476060
0.00507664
0.00460868
0.00511872
0.00492566
0.00488343
0.00469592
0.00482789
0.00471813
0.00409550
0.00504203
0.00486848
0.00486676
0.00505096
0.00421705
0.00470979
0.00479950
0.00423650
0.00520640
0.00473596
0.00430550
0.00495830
0.00478255
0.00428928
0.00451934
0.00502719
0.00457727
0.00466446
0.00453803
0.00495012
0.00497118
0.00480970
0.00460271
0.00478030
0.00407671
0.00472704
0.00476454
0.00475387
0.00456594
0.00426608
0.00488862
0.00428473
0.00491637
0.00438803
0.00455358
0.00485530
0.00466226
0.00475051
0.00474659
0.00458213
0.00480007
0.00463868
0.00492973
0.00474883
0.00471201
0.00460325
0.00474939
0.00454875
0.00000000
0.00000000
0.00000000
0.00000000
0.00000000
0.00000000
0.00000000
0.00000000
0.00000000
0.00000000
0.00000000
0.00000000
0.00000000
0.00000000
0.00000000
0.00000000
0.00000000
0.00000000
0.00000000
0.00000000
0.00000000
0.00000000
0.00000000
0.00000000
0.00000000
0.00000000
0.00000000
0.00000000
0.00000000
0.00000000
0.00000000
0.00000000
0.00000000
0.00000000
0.00000000
0.00000000
0.00000000
0.00000000
0.00000000
0.00000000
0.00000000
0.00000000
0.00461266
0.00445494
0.00469332
0.00478554
0.00462355
0.00454676
0.00376223
0.00468668
0.00443920
0.00490092
0.00437063
0.00495263
0.00469166
0.00462191
0.00432755
0.00452003
0.00442666
0.00361052
0.00487210
0.00457204
0.00461483
0.00480251
0.00384703
0.00444130
0.00468337
0.00377734
0.00503508
0.00451897
0.00373042
0.00488419
0.00470829
0.00392818
0.00419686
0.00494388
0.00445336
0.00463994
0.00437579
0.00480421
0.00492700
0.00463174
0.00426020
0.00472108
0.00356777
0.00466573
0.00469720
0.00460233
0.00439337
0.00402905
0.00487210
0.00382125
0.00494679
0.00377156
0.00410387
0.00483205
0.00455750
0.00471829
0.00474564
0.00438405
0.00465199
0.00454033
0.00499133
0.00476639
0.00467730
0.00442770
0.00476415
0.00449876
0.00473893
0.00481725
0.00471607
0.00471885
0.00440530
0.00471051
0.00429349
0.00453659
0.00365853
0.00446914
0.00473278
0.00481214
0.00466628
0.00456665
0.00398370
0.00475068
0.00457635
0.00491945
0.00432194
0.00495146
0.00461157
0.00460016
0.00438716
0.00458445
0.00449028
0.00360159
0.00485146
0.00457959
0.00460939
0.00481328
0.00371417
0.00439233
0.00465199
0.00369364
0.00494854
0.00443554
0.00365421
0.00474900
0.00455159
0.00375691
0.00410483
0.00487958
0.00438664
0.00453766
0.00423865
0.00474956
0.00493398
0.00475965
0.00444811
0.00482578
0.00349283
0.00464870
0.00473223
0.00462682
0.00442770
0.00407109
0.00490844
0.00379879
0.00504757
0.00379341
0.00411307
0.00488995
0.00457473
0.00477427
0.00483775
0.00447547
0.00478442
0.00472386
0.00517597
0.00495438
0.00482749
0.00461864
0.00494213
0.00471107
0.00499486
0.00500666
0.00472442
0.00488707
0.00460450
0.00501257
0.00449982
0.00475741
0.00370761
0.00468447
0.00491539
0.00506904
0.00490439
0.00473669
0.00394629
0.00503390
0.00496433
0.00530326
0.00468116
0.00523614
0.00488476
0.00486292
0.00466188
0.00494971
0.00491249
0.00381810
0.00527955
0.00502500
0.00512495
0.00529451
0.00409516
0.00485604
0.00502618
0.00388991
0.00549684
0.00495263
0.00388900
0.00523676
0.00498251
0.00403381
0.00452643
0.00528640
0.00485432
0.00502381
0.00461810
0.00503152
0.00529888
0.00520597
0.00489919
0.00541002
0.00414521
0.00516743
0.00520045
0.00517231
0.00504340
0.00458716
0.00548778
0.00423565
0.00551503
0.00428944
0.00469332
0.00546775
0.00502322
0.00507203
0.00520904
0.00489976
0.00535290
0.00516743
0.00539918
0.00515100
0.00522442
0.00501434
0.00551828
0.00525842
0.00534596
0.00000000
0.00000000
0.00000000
0.00000000
0.00000000
0.00000000
0.00000000
0.00000000
0.00000000
0.00000000
0.00000000
0.00000000
0.00000000
0.00000000
0.00000000
0.00000000
0.00000000
0.00000000
0.00000000
0.00000000
0.00000000
0.00000000
0.00000000
0.00000000
0.00000000
0.00000000
0.00000000
0.00000000
0.00000000
0.00000000
0.00000000
0.00000000
0.00000000
0.00000000
0.00000000
0.00000000
0.00000000
0.00000000
0.00000000
0.00000000
0.00000000
0.00489356
0.00456840
0.00473851
0.00481967
0.00465872
0.00461062
0.00376856
0.00473404
0.00450899
0.00490511
0.00443620
0.00499855
0.00483390
0.00469180
0.00435224
0.00451484
0.00441063
0.00366036
0.00486536
0.00458459
0.00460790
0.00482081
0.00378281
0.00450739
0.00472958
0.00380114
0.00509196
0.00459271
0.00389922
0.00495044
0.00475811
0.00396366
0.00422879
0.00500563
0.00448829
0.00461606
0.00436818
0.00470454
0.00491612
0.00457541
0.00421236
0.00465487
0.00359830
0.00469125
0.00472178
0.00461715
0.00437025
0.00401400
0.00485332
0.00379487
0.00491786
0.00386442
0.00418858
0.00479247
0.00457703
0.00475306
0.00469125
0.00433585
0.00455227
0.00451910
0.00499148
0.00479812
0.00464665
0.00443934
0.00472066
0.00449730
0.00474802
0.00478174
0.00469457
0.00473684
0.00445244
0.00471121
0.00430629
0.00451750
0.00368418
0.00454047
0.00472902
0.00481172
0.00464391
0.00461987
0.00389187
0.00469512
0.00453512
0.00483447
0.00433841
0.00494519
0.00474243
0.00471121
0.00444195
0.00452764
0.00442731
0.00354146
0.00473795
0.00453993
0.00456894
0.00478005
0.00376190
0.00440440
0.00472400
0.00368635
0.00494344
0.00445665
0.00376856
0.00479642
0.00460410
0.00383491
0.00416150
0.00495512
0.00446612
0.00457271
0.00433483
0.00473014
0.00497913
0.00472233
0.00443253
0.00475082
0.00346381
0.00464665
0.00474746
0.00469678
0.00449518
0.00418858
0.00493121
0.00381686
0.00503820
0.00385214
0.00422978
0.00493587
0.00470344
0.00491032
0.00490569
0.00460681
0.00482593
0.00476148
0.00516576
0.00500681
0.00491670
0.00474578
0.00501745
0.00478625
0.00505904
0.00504534
0.00476879
0.00492018
0.00472066
0.00504355
0.00464500
0.00484246
0.00385032
0.00473851
0.00492018
0.00505070
0.00494694
0.00483276
0.00422929
0.00502456
0.00488376
0.00520674
0.00463734
0.00515298
0.00485447
0.00482422
0.00470787
0.00494753
0.00485791
0.00404680
0.00512510
0.00496740
0.00499737
0.00520060
0.00440128
0.00482422
0.00487742
0.00409964
0.00537140
0.00483675
0.00422829
0.00507937
0.00488779
0.00433483
0.00460953
0.00510760
0.00468130
0.00476036
0.00451005
0.00490511
0.00502930
0.00497385
0.00477610
0.00502989
0.00420244
0.00482991
0.00485218
0.00489933
0.00475418
0.00443881
0.00507159
0.00434097
0.00503345
0.00428754
0.00453833
0.00496682
0.00471510
0.00477610
0.00481286
0.00463898
0.00496389
0.00478625
0.00499619
0.00480378
0.00484589
0.00472735
0.00503939
0.00483675
0.00498619
0.00498854
0.00000000
0.00000000
0.00000000
0.00000000
0.00000000
0.00000000
0.00000000
0.00000000
0.00000000
0.00000000
0.00000000
0.00000000
0.00000000
0.00000000
0.00000000
0.00000000
0.00000000
0.00000000
0.00000000
0.00000000
0.00000000
0.00000000
0.00000000
0.00000000
0.00000000
0.00000000
0.00000000
0.00000000
0.00000000
0.00000000
0.00000000
0.00000000
0.00000000
0.00000000
0.00000000
0.00000000
0.00000000
0.00000000
0.00000000
0.00000000
0.00377476
0.00388451
0.00391809
0.00404821
0.00394080
0.00389919
0.00335009
0.00399556
0.00377833
0.00417820
0.00388542
0.00410252
0.00397206
0.00394034
0.00387079
0.00401824
0.00398849
0.00346175
0.00416885
0.00409768
0.00411366
0.00419598
0.00344261
0.00397394
0.00397675
0.00349704
0.00433429
0.00409140
0.00350984
0.00423425
0.00419697
0.00355190
0.00371164
0.00418165
0.00401350
0.00419499
0.00404153
0.00412678
0.00428095
0.00422079
0.00392226
0.00432714
0.00363668
0.00417229
0.00431033
0.00429967
0.00421781
0.00383896
0.00440957
0.00356071
0.00441217
0.00362896
0.00383987
0.00437538
0.00416442
0.00417574
0.00437796
0.00409237
0.00414678
0.00413165
0.00432459
0.00430779
0.00440074
0.00417377
0.00435376
0.00413994
0.00426231
0.00440905
0.00424325
0.00437693
0.00419350
0.00436868
0.00400546
0.00433787
0.00373315
0.00412435
0.00432255
0.00445557
0.00438933
0.00420241
0.00376898
0.00438468
0.00411317
0.00457754
0.00415854
0.00443094
0.00415119
0.00422677
0.00423675
0.00432510
0.00426835
0.00359404
0.00441113
0.00433685
0.00439296
0.00441113
0.00368286
0.00415804
0.00415706
0.00373051
0.00449728
0.00436816
0.00382676
0.00446136
0.00442311
0.00376676
0.00395524
0.00441269
0.00422229
0.00446557
0.00425478
0.00444717
0.00461277
0.00461005
0.00431186
0.00469454
0.00367462
0.00444770
0.00464881
0.00458889
0.00458511
0.00428045
0.00468404
0.00377031
0.00479753
0.00380606
0.00407023
0.00474968
0.00449357
0.00458673
0.00482306
0.00453028
0.00461277
0.00466144
0.00484244
0.00483958
0.00487855
0.00473904
0.00484929
0.00471396
0.00482647
0.00499734
0.00473178
0.00504829
0.00486591
0.00517854
0.00468183
0.00501624
0.00409671
0.00468680
0.00495684
0.00520732
0.00518771
0.00487280
0.00426734
0.00518343
0.00502749
0.00561293
0.00507695
0.00522085
0.00480489
0.00502986
0.00515113
0.00539422
0.00541526
0.00448933
0.00552362
0.00543702
0.00558322
0.00545243
0.00454473
0.00511783
0.00488546
0.00436765
0.00561956
0.00557730
0.00473346
0.00563283
0.00557204
0.00490046
0.00521347
0.00540569
0.00527283
0.00577271
0.00543253
0.00572728
0.00561757
0.00596230
0.00563748
0.00616029
0.00540123
0.00564346
0.00572660
0.00586466
0.00611037
0.00567416
0.00598696
0.00534168
0.00585775
0.00537771
0.00560367
0.00611686
0.00558059
0.00522701
0.00580138
0.00565746
0.00622383
0.00580274
0.00535493
0.00533790
0.00585154
0.00580685
0.00612191
0.00581851
0.00541845
0.00611469
0.00614795
0.00000000
0.00000000
0.00000000
0.00000000
0.00000000
0.00000000
0.00000000
0.00000000
0.00000000
0.00000000
0.00000000
0.00000000
0.00000000
0.00000000
0.00000000
0.00000000
0.00000000
0.00000000
0.00000000
0.00000000
0.00000000
0.00000000
0.00000000
0.00000000
0.00000000
0.00000000
0.00000000
0.00000000
0.00000000
0.00000000
0.00000000
0.00000000
0.00000000
0.00000000
0.00000000
0.00000000
0.00000000
0.00000000
0.00000000
0.00461572
0.00439992
0.00463426
0.00470142
0.00449856
0.00445421
0.00362017
0.00456806
0.00435654
0.00477068
0.00420262
0.00482956
0.00460973
0.00457831
0.00427662
0.00436992
0.00424146
0.00329578
0.00466717
0.00442333
0.00450546
0.00469422
0.00376384
0.00430547
0.00458750
0.00355501
0.00495183
0.00441811
0.00362658
0.00477068
0.00457399
0.00377361
0.00409885
0.00484953
0.00435808
0.00446473
0.00418728
0.00460321
0.00483126
0.00453211
0.00417742
0.00457831
0.00330590
0.00452196
0.00460430
0.00457076
0.00437044
0.00401938
0.00479267
0.00362786
0.00485812
0.00363171
0.00402176
0.00475495
0.00446842
0.00464466
0.00466717
0.00433042
0.00459237
0.00446473
0.00490533
0.00466607
0.00460484
0.00438127
0.00474319
0.00446263
0.00470364
0.00473202
0.00456160
0.00463700
0.00437302
0.00468869
0.00427259
0.00444529
0.00345132
0.00435603
0.00462553
0.00474879
0.00460050
0.00450281
0.00386049
0.00463208
0.00449273
0.00481363
0.00419668
0.00484553
0.00448161
0.00446684
0.00429938
0.00448796
0.00440667
0.00353494
0.00468703
0.00440251
0.00443848
0.00470031
0.00371927
0.00429482
0.00459508
0.00353286
0.00487879
0.00437044
0.00367350
0.00473313
0.00453264
0.00370264
0.00403315
0.00485239
0.00436529
0.00449273
0.00415433
0.00459020
0.00486443
0.00467543
0.00442855
0.00476956
0.00334473
0.00449962
0.00458101
0.00452890
0.00435757
0.00408726
0.00486156
0.00375010
0.00498288
0.00361419
0.00400236
0.00483354
0.00453264
0.00474935
0.00477293
0.00441031
0.00470919
0.00468316
0.00514895
0.00491401
0.00478195
0.00455622
0.00490822
0.00469145
0.00501767
0.00498053
0.00459399
0.00476506
0.00453853
0.00500821
0.00457561
0.00478082
0.00372673
0.00465453
0.00482273
0.00502359
0.00489839
0.00473816
0.00393774
0.00501176
0.00491112
0.00529553
0.00466937
0.00521250
0.00484324
0.00476899
0.00459616
0.00495943
0.00494716
0.00398493
0.00529677
0.00500526
0.00504021
0.00527807
0.00415531
0.00485984
0.00501826
0.00392476
0.00550633
0.00488570
0.00386323
0.00523467
0.00503071
0.00421205
0.00461136
0.00526439
0.00484610
0.00502004
0.00463372
0.00500349
0.00521496
0.00512653
0.00483925
0.00537480
0.00436529
0.00512049
0.00509399
0.00505092
0.00490475
0.00448637
0.00540086
0.00439369
0.00539449
0.00425148
0.00457993
0.00531994
0.00493143
0.00496879
0.00510903
0.00481136
0.00524827
0.00504140
0.00527682
0.00503486
0.00511928
0.00486672
0.00536088
0.00509399
0.00522111
0.00543344
0.00521680
0.00505628
0.00000000
0.00000000
0.00000000
0.00000000
0.00000000
0.00000000
0.00000000
0.00000000
0.00000000
0.00000000
0.00000000
0.00000000
0.00000000
0.00000000
0.00000000
0.00000000
0.00000000
0.00000000
0.00000000
0.00000000
0.00000000
0.00000000
0.00000000
0.00000000
0.00000000
0.00000000
0.00000000
0.00000000
0.00000000
0.00000000
0.00000000
0.00000000
0.00000000
0.00000000
0.00000000
0.00000000
0.00000000
0.00000000
0.00473221
0.00432855
0.00453817
0.00466461
0.00448549
0.00438972
0.00349941
0.00459201
0.00439646
0.00479456
0.00420477
0.00482121
0.00453550
0.00450458
0.00427326
0.00445282
0.00431580
0.00326227
0.00459960
0.00440684
0.00445177
0.00475514
0.00375246
0.00438042
0.00459851
0.00348376
0.00502024
0.00446438
0.00358758
0.00481780
0.00458606
0.00362672
0.00402809
0.00491479
0.00439905
0.00448761
0.00410191
0.00447018
0.00480248
0.00456340
0.00422416
0.00461645
0.00320695
0.00440165
0.00447862
0.00451841
0.00430665
0.00398697
0.00479456
0.00354427
0.00483146
0.00348911
0.00392492
0.00472942
0.00446860
0.00457417
0.00461590
0.00427881
0.00454782
0.00444337
0.00487323
0.00460014
0.00454085
0.00423863
0.00470272
0.00447334
0.00471883
0.00472050
0.00445072
0.00454996
0.00435158
0.00471660
0.00432549
0.00448549
0.00346491
0.00435620
0.00455641
0.00473779
0.00462189
0.00448549
0.00376221
0.00465746
0.00449821
0.00485316
0.00429499
0.00487381
0.00449980
0.00439283
0.00424113
0.00453817
0.00449556
0.00365334
0.00471382
0.00444599
0.00441048
0.00476412
0.00370934
0.00439646
0.00465911
0.00356145
0.00493337
0.00436855
0.00360795
0.00475570
0.00454353
0.00364301
0.00397617
0.00487208
0.00440217
0.00454085
0.00418745
0.00452001
0.00482178
0.00464594
0.00441777
0.00482633
0.00359987
0.00455157
0.00458173
0.00450352
0.00431377
0.00404046
0.00488877
0.00381268
0.00498249
0.00362458
0.00401007
0.00485831
0.00461536
0.00478214
0.00480079
0.00443081
0.00472496
0.00471660
0.00516314
0.00495495
0.00482690
0.00451362
0.00491537
0.00473221
0.00505947
0.00504993
0.00465362
0.00474058
0.00447862
0.00492349
0.00452801
0.00484629
0.00389908
0.00470605
0.00481610
0.00498366
0.00488589
0.00474114
0.00397523
0.00500487
0.00480588
0.00525778
0.00469828
0.00518817
0.00488877
0.00475010
0.00455909
0.00489397
0.00487036
0.00408791
0.00525964
0.00500487
0.00496665
0.00523859
0.00411160
0.00490379
0.00496372
0.00426219
0.00546515
0.00486405
0.00395559
0.00516010
0.00497134
0.00425867
0.00458119
0.00517656
0.00474450
0.00493279
0.00467176
0.00500841
0.00510743
0.00497485
0.00465526
0.00519246
0.00453550
0.00509780
0.00505350
0.00498484
0.00478722
0.00433263
0.00525096
0.00450245
0.00522132
0.00438507
0.00454943
0.00510863
0.00480248
0.00481269
0.00495086
0.00470993
0.00509539
0.00486979
0.00509539
0.00490784
0.00497544
0.00472607
0.00514188
0.00489743
0.00500015
0.00523365
0.00517107
0.00498484
0.00462026
0.00000000
0.00000000
0.00000000
0.00000000
0.00000000
0.00000000
0.00000000
0.00000000
0.00000000
0.00000000
0.00000000
0.00000000
0.00000000
0.00000000
0.00000000
0.00000000
0.00000000
0.00000000
0.00000000
0.00000000
0.00000000
0.00000000
0.00000000
0.00000000
0.00000000
0.00000000
0.00000000
0.00000000
0.00000000
0.00000000
0.00000000
0.00000000
0.00000000
0.00000000
0.00000000
0.00000000
0.00000000
0.00498630
0.00460204
0.00479032
0.00486834
0.00474030
0.00469966
0.00401362
0.00476328
0.00470410
0.00491102
0.00442220
0.00497397
0.00473081
0.00464128
0.00444887
0.00462380
0.00456635
0.00390437
0.00480560
0.00453095
0.00453095
0.00485229
0.00412495
0.00459715
0.00489598
0.00398579
0.00506872
0.00458416
0.00391036
0.00493017
0.00473471
0.00399897
0.00436262
0.00506872
0.00465279
0.00470799
0.00441334
0.00467369
0.00490234
0.00463581
0.00444992
0.00473025
0.00365959
0.00457498
0.00455076
0.00454004
0.00436674
0.00424888
0.00484943
0.00422939
0.00490003
0.00393024
0.00419956
0.00476103
0.00458146
0.00468528
0.00465553
0.00443055
0.00475879
0.00465443
0.00501343
0.00473583
0.00459661
0.00436983
0.00473974
0.00460964
0.00481751
0.00481524
0.00469634
0.00462871
0.00441646
0.00470854
0.00450484
0.00456581
0.00395955
0.00457012
0.00466158
0.00475093
0.00464402
0.00459444
0.00416405
0.00469081
0.00466268
0.00477791
0.00435954
0.00486662
0.00465279
0.00444573
0.00423937
0.00445045
0.00445307
0.00406795
0.00477622
0.00445360
0.00441490
0.00467258
0.00385632
0.00440398
0.00478411
0.00392839
0.00482206
0.00433544
0.00379138
0.00469800
0.00454701
0.00401551
0.00426998
0.00489079
0.00452454
0.00456851
0.00435902
0.00460258
0.00482092
0.00458308
0.00444049
0.00474030
0.00398579
0.00466983
0.00462816
0.00447835
0.00426696
0.00402310
0.00482832
0.00415719
0.00493075
0.00411135
0.00431453
0.00479145
0.00460366
0.00479371
0.00470188
0.00445045
0.00468031
0.00466598
0.00505499
0.00489194
0.00475542
0.00457174
0.00484600
0.00468417
0.00496811
0.00492959
0.00472133
0.00465828
0.00438894
0.00465938
0.00438791
0.00467258
0.00417487
0.00474645
0.00482889
0.00480560
0.00467810
0.00462925
0.00414984
0.00481979
0.00465443
0.00491449
0.00452881
0.00495290
0.00482149
0.00465334
0.00443578
0.00460855
0.00452881
0.00411815
0.00494531
0.00476159
0.00473918
0.00490928
0.00427603
0.00465114
0.00472690
0.00450484
0.00504248
0.00454272
0.00406651
0.00471632
0.00456312
0.00422042
0.00447044
0.00483060
0.00449582
0.00449635
0.00442637
0.00467424
0.00470632
0.00445202
0.00423887
0.00449582
0.00413860
0.00461236
0.00458849
0.00449900
0.00426696
0.00394696
0.00459390
0.00421495
0.00461508
0.00434363
0.00434875
0.00446886
0.00430030
0.00443368
0.00437293
0.00426646
0.00449317
0.00435645
0.00466433
0.00447149
0.00440710
0.00427149
0.00452027
0.00436880
0.00454111
0.00453576
0.00454004
0.00448628
0.00416111
0.00425189
0.00000000
0.00000000
0.00000000
0.00000000
0.00000000
0.00000000
0.00000000
0.00000000
0.00000000
0.00000000
0.00000000
0.00000000
0.00000000
0.00000000
0.00000000
0.00000000
0.00000000
0.00000000
0.00000000
0.00000000
0.00000000
0.00000000
0.00000000
0.00000000
0.00000000
0.00000000
0.00000000
0.00000000
0.00000000
0.00000000
0.00000000
0.00000000
0.00000000
0.00000000
0.00000000
0.00000000
0.00343873
0.00364717
0.00384459
0.00398258
0.00381119
0.00363772
0.00302070
0.00389617
0.00364631
0.00417004
0.00370308
0.00402983
0.00371051
0.00374966
0.00370745
0.00390307
0.00382560
0.00296005
0.00404268
0.00390583
0.00399152
0.00407331
0.00316998
0.00369653
0.00370395
0.00307933
0.00419223
0.00391367
0.00331176
0.00404984
0.00392569
0.00317859
0.00340603
0.00397601
0.00374789
0.00393032
0.00365966
0.00402034
0.00414797
0.00423846
0.00389755
0.00439007
0.00342860
0.00413283
0.00427209
0.00428824
0.00422150
0.00366787
0.00441135
0.00309718
0.00438076
0.00322884
0.00359592
0.00436941
0.00398258
0.00396618
0.00424347
0.00387418
0.00413966
0.00406276
0.00428824
0.00414601
0.00427864
0.00398446
0.00433604
0.00404173
0.00417102
0.00435141
0.00406755
0.00420759
0.00402081
0.00434219
0.00388654
0.00420510
0.00331137
0.00384369
0.00417841
0.00434116
0.00424246
0.00393543
0.00328880
0.00425901
0.00388837
0.00460376
0.00408968
0.00443169
0.00393543
0.00403316
0.00404650
0.00431666
0.00425248
0.00329074
0.00438955
0.00419124
0.00422748
0.00439577
0.00336888
0.00402508
0.00394891
0.00323341
0.00450706
0.00421653
0.00342496
0.00437096
0.00422599
0.00325446
0.00352163
0.00420312
0.00390491
0.00417545
0.00381344
0.00410902
0.00433196
0.00429279
0.00396992
0.00455140
0.00329229
0.00426957
0.00440771
0.00429837
0.00427612
0.00396010
0.00452837
0.00329540
0.00466113
0.00311844
0.00353078
0.00456753
0.00421553
0.00433758
0.00457454
0.00409450
0.00432175
0.00439681
0.00480117
0.00460702
0.00449750
0.00416611
0.00449008
0.00436787
0.00456322
0.00482273
0.00452624
0.00483412
0.00453211
0.00510482
0.00439681
0.00480230
0.00350919
0.00439422
0.00468096
0.00507960
0.00495651
0.00463317
0.00344116
0.00491112
0.00476225
0.00552455
0.00481534
0.00524766
0.00470420
0.00492272
0.00478985
0.00520636
0.00534888
0.00394240
0.00565574
0.00526812
0.00543729
0.00544371
0.00357014
0.00500054
0.00504497
0.00367350
0.00578254
0.00559075
0.00384550
0.00593104
0.00573500
0.00410708
0.00467930
0.00568182
0.00525571
0.00610131
0.00539195
0.00586980
0.00605472
0.00624694
0.00560528
0.00680056
0.00480967
0.00609700
0.00618681
0.00613161
0.00631211
0.00555919
0.00672717
0.00471420
0.00672955
0.00453479
0.00521004
0.00697931
0.00607905
0.00571003
0.00656493
0.00596682
0.00675340
0.00634495
0.00608407
0.00598656
0.00647573
0.00614826
0.00668052
0.00617661
0.00587881
0.00705545
0.00712401
0.00664752
0.00647726
0.00706128
0.00652402
0.00000000
0.00000000
0.00000000
0.00000000
0.00000000
0.00000000
0.00000000
0.00000000
0.00000000
0.00000000
0.00000000
0.00000000
0.00000000
0.00000000
0.00000000
0.00000000
0.00000000
0.00000000
0.00000000
0.00000000
0.00000000
0.00000000
0.00000000
0.00000000
0.00000000
0.00000000
0.00000000
0.00000000
0.00000000
0.00000000
0.00000000
0.00000000
0.00000000
0.00000000
0.00000000
0.00496140
0.00459258
0.00474900
0.00479007
0.00459745
0.00453766
0.00380103
0.00474788
0.00456935
0.00490150
0.00436085
0.00503331
0.00478781
0.00463885
0.00428287
0.00451471
0.00441519
0.00370106
0.00492758
0.00454677
0.00453071
0.00481272
0.00357577
0.00445704
0.00474229
0.00390739
0.00504341
0.00448023
0.00373923
0.00483833
0.00460777
0.00382441
0.00415354
0.00497958
0.00439908
0.00450779
0.00423815
0.00474285
0.00490902
0.00461919
0.00425719
0.00470108
0.00365336
0.00472888
0.00471107
0.00453231
0.00422418
0.00378895
0.00482693
0.00373350
0.00492468
0.00383390
0.00409565
0.00473000
0.00446335
0.00465145
0.00463065
0.00429096
0.00463338
0.00452590
0.00504995
0.00476752
0.00457258
0.00434033
0.00466243
0.00441207
0.00471274
0.00474229
0.00469332
0.00469609
0.00435982
0.00464322
0.00421572
0.00445652
0.00367150
0.00456827
0.00475405
0.00475685
0.00451950
0.00445021
0.00367583
0.00466793
0.00453445
0.00481840
0.00430922
0.00494680
0.00473558
0.00464158
0.00430972
0.00445074
0.00433521
0.00343644
0.00477484
0.00451684
0.00456288
0.00479007
0.00366285
0.00438871
0.00466078
0.00372383
0.00498781
0.00444392
0.00373306
0.00474173
0.00446704
0.00364389
0.00405145
0.00489284
0.00435982
0.00438819
0.00411696
0.00455966
0.00483833
0.00455804
0.00425920
0.00463119
0.00346984
0.00464049
0.00469886
0.00457852
0.00431532
0.00388946
0.00480421
0.00351473
0.00490902
0.00375425
0.00414424
0.00478329
0.00448763
0.00470663
0.00465364
0.00435520
0.00466848
0.00458230
0.00507084
0.00479855
0.00465254
0.00444969
0.00480364
0.00456611
0.00486464
0.00485834
0.00466793
0.00477146
0.00449770
0.00482237
0.00434750
0.00456881
0.00346738
0.00456611
0.00480421
0.00489803
0.00470163
0.00461538
0.00368929
0.00476977
0.00460722
0.00499192
0.00444497
0.00504162
0.00478555
0.00470330
0.00446020
0.00464816
0.00454141
0.00361180
0.00487441
0.00464761
0.00469720
0.00498722
0.00397431
0.00460885
0.00473000
0.00379789
0.00523553
0.00468945
0.00409855
0.00498016
0.00468392
0.00379029
0.00415844
0.00500903
0.00448287
0.00456127
0.00428439
0.00467124
0.00489515
0.00466628
0.00442823
0.00475461
0.00366285
0.00464158
0.00467896
0.00469443
0.00449293
0.00416040
0.00492236
0.00382712
0.00492178
0.00386841
0.00427278
0.00485433
0.00457690
0.00469665
0.00464103
0.00436600
0.00470274
0.00460451
0.00500194
0.00472610
0.00463666
0.00443554
0.00478329
0.00457096
0.00482408
0.00482977
0.00464049
0.00467896
0.00448182
0.00479855
0.00453338
0.00455804
0.00000000
0.00000000
0.00000000
0.00000000
0.00000000
0.00000000
0.00000000
0.00000000
0.00000000
0.00000000
0.00000000
0.00000000
0.00000000
0.00000000
0.00000000
0.00000000
0.00000000
0.00000000
0.00000000
0.00000000
0.00000000
0.00000000
0.00000000
0.00000000
0.00000000
0.00000000
0.00000000
0.00000000
0.00000000
0.00000000
0.00000000
0.00000000
0.00000000
0.00000000
0.00120082
0.00148973
0.00150172
0.00173288
0.00164836
0.00151417
0.00106246
0.00169548
0.00138779
0.00194818
0.00169288
0.00173084
0.00149113
0.00159557
0.00174498
0.00188068
0.00183381
0.00102989
0.00172595
0.00184074
0.00187581
0.00195232
0.00141757
0.00171600
0.00160482
0.00119517
0.00200647
0.00189918
0.00138861
0.00195025
0.00204832
0.00160785
0.00157222
0.00173247
0.00186808
0.00200695
0.00177843
0.00184770
0.00206116
0.00254442
0.00209399
0.00287509
0.00215970
0.00246496
0.00276926
0.00311773
0.00322849
0.00244556
0.00297231
0.00136490
0.00265790
0.00111655
0.00144559
0.00259901
0.00226563
0.00202335
0.00270056
0.00223063
0.00214296
0.00219747
0.00217273
0.00229819
0.00285448
0.00230091
0.00272520
0.00238040
0.00245336
0.00264134
0.00191266
0.00224277
0.00215411
0.00246293
0.00192716
0.00262767
0.00165420
0.00194153
0.00217992
0.00252409
0.00264041
0.00222014
0.00170069
0.00277580
0.00210191
0.00326756
0.00277024
0.00273776
0.00202741
0.00240211
0.00289311
0.00357944
0.00350674
0.00219773
0.00292709
0.00302715
0.00282801
0.00312472
0.00135336
0.00273163
0.00201691
0.00176381
0.00305692
0.00307319
0.00186478
0.00292020
0.00300368
0.00185578
0.00199797
0.00237591
0.00232409
0.00277875
0.00236417
0.00237731
0.00262365
0.00292399
0.00242517
0.00332313
0.00198998
0.00280873
0.00314951
0.00328572
0.00351917
0.00321064
0.00339363
0.00257886
0.00348777
0.00185032
0.00189806
0.00320686
0.00278235
0.00248335
0.00347668
0.00282834
0.00298250
0.00314320
0.00321291
0.00323917
0.00338324
0.00285212
0.00311185
0.00307936
0.00305512
0.00383150
0.00336256
0.00427011
0.00398262
0.00480517
0.00348324
0.00450179
0.00292537
0.00337288
0.00354625
0.00443643
0.00431211
0.00344891
0.00184357
0.00415143
0.00410954
0.00556842
0.00452414
0.00443591
0.00350633
0.00428120
0.00452521
0.00576897
0.00656498
0.00368699
0.00630769
0.00593249
0.00646663
0.00548500
0.00177550
0.00464744
0.00432739
0.00200104
0.00582297
0.00683600
0.00252618
0.00716198
0.00729755
0.00364763
0.00498645
0.00618759
0.00662644
0.00973659
0.00715691
0.00703391
0.00796398
0.01006229
0.00786597
0.01282944
0.00693834
0.00917039
0.01003622
0.01019007
0.01251265
0.00899791
0.01205349
0.00515873
0.01172817
0.00590178
0.00775360
0.01420061
0.01000195
0.00713332
0.01207911
0.01036583
0.01353668
0.01152659
0.00764014
0.00839013
0.01185611
0.01184912
0.01265810
0.01078611
0.00775360
0.01444213
0.01696265
0.01341431
0.01494638
0.01668685
0.01498697
0.02422287
0.05214950
0.00000000
0.00000000
0.00000000
0.00000000
0.00000000
0.00000000
0.00000000
0.00000000
0.00000000
0.00000000
0.00000000
0.00000000
0.00000000
0.00000000
0.00000000
0.00000000
0.00000000
0.00000000
0.00000000
0.00000000
0.00000000
0.00000000
0.00000000
0.00000000
0.00000000
0.00000000
0.00000000
0.00000000
0.00000000
0.00000000
0.00000000
0.00000000
0.00000000
0.00393868
0.00400189
0.00413576
0.00424897
0.00412504
0.00400425
0.00347132
0.00418482
0.00399953
0.00437611
0.00397977
0.00431564
0.00406803
0.00404459
0.00395543
0.00414406
0.00409644
0.00345988
0.00431411
0.00414210
0.00417201
0.00431004
0.00351789
0.00403126
0.00410514
0.00352329
0.00444110
0.00413234
0.00356803
0.00431208
0.00420064
0.00359634
0.00379817
0.00428875
0.00403697
0.00415825
0.00394286
0.00421156
0.00433707
0.00430801
0.00405653
0.00444530
0.00370220
0.00430903
0.00436426
0.00434321
0.00424146
0.00387190
0.00451398
0.00362444
0.00451291
0.00361505
0.00386368
0.00444949
0.00418482
0.00419916
0.00436169
0.00408245
0.00430903
0.00422997
0.00445790
0.00431665
0.00435963
0.00413088
0.00441447
0.00420312
0.00433451
0.00446000
0.00430141
0.00432940
0.00413673
0.00438128
0.00406084
0.00430395
0.00372410
0.00413234
0.00434475
0.00441968
0.00431971
0.00412845
0.00366485
0.00436375
0.00412164
0.00456807
0.00416758
0.00450547
0.00417447
0.00419322
0.00413186
0.00432634
0.00427814
0.00363815
0.00447317
0.00428622
0.00429685
0.00443692
0.00357984
0.00414601
0.00418285
0.00362829
0.00453372
0.00424847
0.00361462
0.00440407
0.00427713
0.00358195
0.00383011
0.00436735
0.00408823
0.00423397
0.00399293
0.00422300
0.00441551
0.00429583
0.00405988
0.00445737
0.00354079
0.00434270
0.00442855
0.00431411
0.00422947
0.00396384
0.00451025
0.00362487
0.00463645
0.00357941
0.00384958
0.00453907
0.00428824
0.00440563
0.00453960
0.00421852
0.00440200
0.00441604
0.00474543
0.00459508
0.00449856
0.00427309
0.00450228
0.00438076
0.00456645
0.00469810
0.00451185
0.00468924
0.00443901
0.00479947
0.00430090
0.00460648
0.00371314
0.00445002
0.00466112
0.00485870
0.00473705
0.00454818
0.00370701
0.00475720
0.00465014
0.00511205
0.00461409
0.00496997
0.00463809
0.00472979
0.00460919
0.00486787
0.00490649
0.00398493
0.00517270
0.00493958
0.00504973
0.00506882
0.00383328
0.00473649
0.00476225
0.00390952
0.00527932
0.00507361
0.00404698
0.00527247
0.00510663
0.00409934
0.00451984
0.00518430
0.00486386
0.00527932
0.00488858
0.00520390
0.00533439
0.00536025
0.00498171
0.00560527
0.00442490
0.00527807
0.00534762
0.00532308
0.00534762
0.00485870
0.00560792
0.00439888
0.00561520
0.00445317
0.00485297
0.00571879
0.00521373
0.00505808
0.00544820
0.00513562
0.00560131
0.00538052
0.00533251
0.00522111
0.00544563
0.00527247
0.00557363
0.00528555
0.00520452
0.00572081
0.00570061
0.00551674
0.00537988
0.00569187
0.00535835
0.00578595
0.00547978
0.00511687
0.00000000
0.00000000
0.00000000
0.00000000
0.00000000
0.00000000
0.00000000
0.00000000
0.00000000
0.00000000
0.00000000
0.00000000
0.00000000
0.00000000
0.00000000
0.00000000
0.00000000
0.00000000
0.00000000
0.00000000
0.00000000
0.00000000
0.00000000
0.00000000
0.00000000
0.00000000
0.00000000
0.00000000
0.00000000
0.00000000
0.00000000
0.00000000
0.00392479
0.00390770
0.00396573
0.00405321
0.00394800
0.00390954
0.00352373
0.00404939
0.00392710
0.00416662
0.00389666
0.00410807
0.00400711
0.00396995
0.00389849
0.00396995
0.00391600
0.00342377
0.00409646
0.00402463
0.00406997
0.00412944
0.00348447
0.00392664
0.00396948
0.00356385
0.00424099
0.00406854
0.00368133
0.00416712
0.00410129
0.00356595
0.00374262
0.00416712
0.00400569
0.00410904
0.00396106
0.00409453
0.00424850
0.00421208
0.00398026
0.00425652
0.00358112
0.00411195
0.00422950
0.00422751
0.00414310
0.00379327
0.00431312
0.00353956
0.00432076
0.00378478
0.00395546
0.00428928
0.00408151
0.00411486
0.00422302
0.00400569
0.00408296
0.00408440
0.00426557
0.00421407
0.00428170
0.00413042
0.00431974
0.00414604
0.00423999
0.00433454
0.00417203
0.00430245
0.00417203
0.00430550
0.00401183
0.00419473
0.00363045
0.00405799
0.00421257
0.00432534
0.00424199
0.00410226
0.00366012
0.00427564
0.00408007
0.00445372
0.00417400
0.00437717
0.00416368
0.00420017
0.00418929
0.00427010
0.00421655
0.00355755
0.00429890
0.00425903
0.00430702
0.00436686
0.00381976
0.00412652
0.00413871
0.00359043
0.00442336
0.00422701
0.00376475
0.00432943
0.00425000
0.00362104
0.00383827
0.00430397
0.00415044
0.00429485
0.00411049
0.00422053
0.00441971
0.00435760
0.00416417
0.00445162
0.00356763
0.00423949
0.00438699
0.00435092
0.00433454
0.00411583
0.00446740
0.00357395
0.00454338
0.00364160
0.00397697
0.00453642
0.00434733
0.00447531
0.00454070
0.00429789
0.00431414
0.00438234
0.00461738
0.00455948
0.00455303
0.00439372
0.00457348
0.00449329
0.00461902
0.00473261
0.00448429
0.00472257
0.00458753
0.00487307
0.00447848
0.00469868
0.00380358
0.00443276
0.00460325
0.00485128
0.00483529
0.00466996
0.00404128
0.00478537
0.00466225
0.00510244
0.00471923
0.00490131
0.00462120
0.00474546
0.00476116
0.00498115
0.00503074
0.00428523
0.00511992
0.00504440
0.00512415
0.00512899
0.00437821
0.00490305
0.00476565
0.00420711
0.00527064
0.00511510
0.00437305
0.00522607
0.00512717
0.00437408
0.00462774
0.00505751
0.00483928
0.00525760
0.00501416
0.00525326
0.00520884
0.00537231
0.00513807
0.00554220
0.00480573
0.00512778
0.00518800
0.00526194
0.00538309
0.00509342
0.00546239
0.00483187
0.00538436
0.00466170
0.00493845
0.00552980
0.00517456
0.00498644
0.00533505
0.00515689
0.00547723
0.00524336
0.00506646
0.00503727
0.00533317
0.00523780
0.00546368
0.00524027
0.00507304
0.00554809
0.00554744
0.00535081
0.00530932
0.00550442
0.00542515
0.00563514
0.00566846
0.00495478
0.00535270
0.00000000
0.00000000
0.00000000
0.00000000
0.00000000
0.00000000
0.00000000
0.00000000
0.00000000
0.00000000
0.00000000
0.00000000
0.00000000
0.00000000
0.00000000
0.00000000
0.00000000
0.00000000
0.00000000
0.00000000
0.00000000
0.00000000
0.00000000
0.00000000
0.00000000
0.00000000
0.00000000
0.00000000
0.00000000
0.00000000
0.00000000
0.00451490
0.00423433
0.00441694
0.00451969
0.00436773
0.00429165
0.00358437
0.00444358
0.00427145
0.00464890
0.00419902
0.00468854
0.00446091
0.00435384
0.00413465
0.00430787
0.00421689
0.00342607
0.00454535
0.00430736
0.00433642
0.00455394
0.00369642
0.00421440
0.00441850
0.00347244
0.00475256
0.00426591
0.00370034
0.00458303
0.00439097
0.00364533
0.00390894
0.00463795
0.00420844
0.00432722
0.00405928
0.00442111
0.00461884
0.00445565
0.00416548
0.00456361
0.00356035
0.00443102
0.00446144
0.00439822
0.00420646
0.00383994
0.00462593
0.00345488
0.00463084
0.00348064
0.00389927
0.00455662
0.00432161
0.00448624
0.00443207
0.00410501
0.00432926
0.00430330
0.00471182
0.00451170
0.00441277
0.00419803
0.00450904
0.00430686
0.00455071
0.00455770
0.00435179
0.00440238
0.00418370
0.00449418
0.00416401
0.00432518
0.00354694
0.00426038
0.00443468
0.00454589
0.00442893
0.00436001
0.00372223
0.00447936
0.00427649
0.00465384
0.00422187
0.00472908
0.00447408
0.00442789
0.00422735
0.00435538
0.00428912
0.00346958
0.00453732
0.00433131
0.00431499
0.00458465
0.00368380
0.00426994
0.00450639
0.00365179
0.00473187
0.00424383
0.00359114
0.00454803
0.00436670
0.00365566
0.00390341
0.00460633
0.00417483
0.00429215
0.00407030
0.00441642
0.00462429
0.00441798
0.00417680
0.00455447
0.00348064
0.00445881
0.00451703
0.00443207
0.00425536
0.00399045
0.00467805
0.00367859
0.00475256
0.00347162
0.00382593
0.00458952
0.00437443
0.00459548
0.00456954
0.00427901
0.00444254
0.00440757
0.00485110
0.00466703
0.00453464
0.00433028
0.00462429
0.00446565
0.00473410
0.00479818
0.00458357
0.00468026
0.00442580
0.00476772
0.00438372
0.00460742
0.00367035
0.00449683
0.00458519
0.00475593
0.00465164
0.00456577
0.00390203
0.00476435
0.00463904
0.00496454
0.00442632
0.00493070
0.00466868
0.00464945
0.00448200
0.00469795
0.00465439
0.00390525
0.00496161
0.00473634
0.00474696
0.00496044
0.00386128
0.00463959
0.00472128
0.00402590
0.00518903
0.00474025
0.00397823
0.00498449
0.00481292
0.00417040
0.00444306
0.00497274
0.00452129
0.00468688
0.00442946
0.00483283
0.00493826
0.00487289
0.00461666
0.00497920
0.00414979
0.00482030
0.00483226
0.00482485
0.00467529
0.00428153
0.00507046
0.00432263
0.00506807
0.00428507
0.00446091
0.00498037
0.00466813
0.00466538
0.00480328
0.00460361
0.00490633
0.00467750
0.00487921
0.00468744
0.00475256
0.00461884
0.00489074
0.00465439
0.00476997
0.00495226
0.00489940
0.00481405
0.00462920
0.00486198
0.00464780
0.00482030
0.00446144
0.00468467
0.00486313
0.00484024
0.00000000
0.00000000
0.00000000
0.00000000
0.00000000
0.00000000
0.00000000
0.00000000
0.00000000
0.00000000
0.00000000
0.00000000
0.00000000
0.00000000
0.00000000
0.00000000
0.00000000
0.00000000
0.00000000
0.00000000
0.00000000
0.00000000
0.00000000
0.00000000
0.00000000
0.00000000
0.00000000
0.00000000
0.00000000
0.00000000
0.00481180
0.00433490
0.00449419
0.00463577
0.00450003
0.00444989
0.00362605
0.00456363
0.00435437
0.00476605
0.00426995
0.00487003
0.00463577
0.00447251
0.00417090
0.00439150
0.00430484
0.00342164
0.00468800
0.00440914
0.00438477
0.00471462
0.00374116
0.00437909
0.00466264
0.00351489
0.00496046
0.00430585
0.00355827
0.00472687
0.00451491
0.00369556
0.00396139
0.00481066
0.00426190
0.00440031
0.00410648
0.00452931
0.00475090
0.00452451
0.00418519
0.00466099
0.00357889
0.00456632
0.00455019
0.00445987
0.00419953
0.00384403
0.00475875
0.00352277
0.00476099
0.00334700
0.00378956
0.00461613
0.00442268
0.00462922
0.00454215
0.00416795
0.00438374
0.00434872
0.00484597
0.00463195
0.00448360
0.00421243
0.00457818
0.00436105
0.00466704
0.00464563
0.00442216
0.00443679
0.00415127
0.00448784
0.00413320
0.00436825
0.00354236
0.00435899
0.00447357
0.00457980
0.00445987
0.00443522
0.00379717
0.00458575
0.00438839
0.00470185
0.00420846
0.00482259
0.00459170
0.00451598
0.00424184
0.00437135
0.00428660
0.00342810
0.00460906
0.00438012
0.00432468
0.00466759
0.00352568
0.00435026
0.00464782
0.00379538
0.00485455
0.00428357
0.00349835
0.00462104
0.00442008
0.00370690
0.00398153
0.00473579
0.00419854
0.00427751
0.00405259
0.00447410
0.00470906
0.00446040
0.00417583
0.00456417
0.00344553
0.00454751
0.00459008
0.00450268
0.00424334
0.00391725
0.00477449
0.00380031
0.00486085
0.00359666
0.00385629
0.00461341
0.00439098
0.00459712
0.00459875
0.00432417
0.00451331
0.00441174
0.00488902
0.00468856
0.00456147
0.00435077
0.00468579
0.00447885
0.00477505
0.00482373
0.00463632
0.00470851
0.00441487
0.00470518
0.00431043
0.00457386
0.00366258
0.00455825
0.00460254
0.00470906
0.00455664
0.00446935
0.00381603
0.00477505
0.00465330
0.00491562
0.00435591
0.00490577
0.00466649
0.00459983
0.00441279
0.00462267
0.00451438
0.00377796
0.00484825
0.00464179
0.00463741
0.00489133
0.00375000
0.00453252
0.00461504
0.00398670
0.00511130
0.00461504
0.00394786
0.00483683
0.00464070
0.00408426
0.00439927
0.00489941
0.00444465
0.00446092
0.00420995
0.00460037
0.00476661
0.00464946
0.00441279
0.00468745
0.00393021
0.00460852
0.00462922
0.00462758
0.00440239
0.00397824
0.00482316
0.00407127
0.00483455
0.00429470
0.00439720
0.00471295
0.00443574
0.00445619
0.00451917
0.00436259
0.00464727
0.00442321
0.00470851
0.00445567
0.00446303
0.00432570
0.00461341
0.00439772
0.00457656
0.00461668
0.00455180
0.00454108
0.00435385
0.00455180
0.00431704
0.00441331
0.00393299
0.00448942
0.00460852
0.00459332
0.00436465
0.00000000
0.00000000
0.00000000
0.00000000
0.00000000
0.00000000
0.00000000
0.00000000
0.00000000
0.00000000
0.00000000
0.00000000
0.00000000
0.00000000
0.00000000
0.00000000
0.00000000
0.00000000
0.00000000
0.00000000
0.00000000
0.00000000
0.00000000
0.00000000
0.00000000
0.00000000
0.00000000
0.00000000
0.00000000
0.00440426
0.00434544
0.00455052
0.00460559
0.00442352
0.00429956
0.00358590
0.00449663
0.00431939
0.00470551
0.00419538
0.00472943
0.00444444
0.00438405
0.00414815
0.00435725
0.00428387
0.00349447
0.00465583
0.00436239
0.00440270
0.00459907
0.00373041
0.00425869
0.00449663
0.00367669
0.00477934
0.00430210
0.00358675
0.00459853
0.00439440
0.00369538
0.00399781
0.00465583
0.00423715
0.00433418
0.00404954
0.00445756
0.00462246
0.00443815
0.00415696
0.00458175
0.00362075
0.00449929
0.00450035
0.00437940
0.00419538
0.00382396
0.00461429
0.00354344
0.00465913
0.00348748
0.00384113
0.00453391
0.00425618
0.00441779
0.00443815
0.00416727
0.00450513
0.00436651
0.00476527
0.00448340
0.00437630
0.00415990
0.00449451
0.00427731
0.00450619
0.00456880
0.00450832
0.00445388
0.00418007
0.00449770
0.00415451
0.00435571
0.00366630
0.00432346
0.00460559
0.00462300
0.00447020
0.00433367
0.00378002
0.00452536
0.00434339
0.00471106
0.00419934
0.00474452
0.00439648
0.00434647
0.00415794
0.00434903
0.00428387
0.00362246
0.00462791
0.00428893
0.00429855
0.00454462
0.00356104
0.00421025
0.00441414
0.00374673
0.00471106
0.00429551
0.00371286
0.00456234
0.00433623
0.00360201
0.00389726
0.00460396
0.00415598
0.00425869
0.00399169
0.00438560
0.00457149
0.00434288
0.00411695
0.00449610
0.00346084
0.00443711
0.00445283
0.00431226
0.00413301
0.00383977
0.00458337
0.00365809
0.00469997
0.00357788
0.00386021
0.00453017
0.00424114
0.00443397
0.00444182
0.00413545
0.00448551
0.00443292
0.00488649
0.00462082
0.00443031
0.00422118
0.00451896
0.00433828
0.00460830
0.00466793
0.00453444
0.00458229
0.00429197
0.00464979
0.00424315
0.00443763
0.00356861
0.00440270
0.00458283
0.00469000
0.00450566
0.00438974
0.00360329
0.00461211
0.00450513
0.00486120
0.00434955
0.00488303
0.00459095
0.00452696
0.00428286
0.00450991
0.00447283
0.00371286
0.00488073
0.00453873
0.00460342
0.00477033
0.00366673
0.00440011
0.00458932
0.00370062
0.00501848
0.00459365
0.00385247
0.00490496
0.00469498
0.00391661
0.00424164
0.00492583
0.00447653
0.00464815
0.00430718
0.00468889
0.00489629
0.00469221
0.00439751
0.00487728
0.00384068
0.00477483
0.00477990
0.00465144
0.00448287
0.00406868
0.00494621
0.00382351
0.00501966
0.00394070
0.00429146
0.00495906
0.00459311
0.00471774
0.00476077
0.00443501
0.00480137
0.00468558
0.00504519
0.00479854
0.00473613
0.00453338
0.00486005
0.00462300
0.00482578
0.00498603
0.00485833
0.00481896
0.00454998
0.00490323
0.00450194
0.00478949
0.00402335
0.00463665
0.00491539
0.00493747
0.00475628
0.00455750
0.00000000
0.00000000
0.00000000
0.00000000
0.00000000
0.00000000
0.00000000
0.00000000
0.00000000
0.00000000
0.00000000
0.00000000
0.00000000
0.00000000
0.00000000
0.00000000
0.00000000
0.00000000
0.00000000
0.00000000
0.00000000
0.00000000
0.00000000
0.00000000
0.00000000
0.00000000
0.00000000
0.00000000
0.00165282
0.00171579
0.00196455
0.00229114
0.00227123
0.00204107
0.00156352
0.00225097
0.00193877
0.00250214
0.00215969
0.00219616
0.00189424
0.00191242
0.00206212
0.00236639
0.00235831
0.00169108
0.00231259
0.00237758
0.00246756
0.00249654
0.00148971
0.00215689
0.00184834
0.00133922
0.00256428
0.00251368
0.00200315
0.00251368
0.00245537
0.00144848
0.00158861
0.00225655
0.00224222
0.00257155
0.00239728
0.00238010
0.00250805
0.00251546
0.00228036
0.00263883
0.00158393
0.00226054
0.00252825
0.00281600
0.00294716
0.00260206
0.00314763
0.00229330
0.00319588
0.00277349
0.00286965
0.00344035
0.00292880
0.00260359
0.00303427
0.00236890
0.00235275
0.00259440
0.00273032
0.00285850
0.00328996
0.00279285
0.00324488
0.00289105
0.00290335
0.00334513
0.00267802
0.00307897
0.00303141
0.00332115
0.00271940
0.00324871
0.00185096
0.00230279
0.00249331
0.00297896
0.00304503
0.00261005
0.00186388
0.00297404
0.00240011
0.00345377
0.00296424
0.00297685
0.00254530
0.00266416
0.00276304
0.00341166
0.00342214
0.00225309
0.00354246
0.00379460
0.00397555
0.00364459
0.00314429
0.00324029
0.00267297
0.00171984
0.00373246
0.00330786
0.00185402
0.00344644
0.00356047
0.00219694
0.00239277
0.00308006
0.00292500
0.00372806
0.00322238
0.00326599
0.00336610
0.00348445
0.00287405
0.00365665
0.00229790
0.00287235
0.00316102
0.00307643
0.00322162
0.00283065
0.00334671
0.00200433
0.00352662
0.00211557
0.00261714
0.00386095
0.00356762
0.00357604
0.00412456
0.00327912
0.00298037
0.00316811
0.00337047
0.00351168
0.00381479
0.00329929
0.00357435
0.00338002
0.00340604
0.00378923
0.00329268
0.00382019
0.00343913
0.00413283
0.00309463
0.00396665
0.00252765
0.00320079
0.00393311
0.00462117
0.00481932
0.00419520
0.00322238
0.00442386
0.00413722
0.00535773
0.00425148
0.00448585
0.00366442
0.00437509
0.00445265
0.00491924
0.00534636
0.00255522
0.00547397
0.00562117
0.00614392
0.00553368
0.00320305
0.00516295
0.00512836
0.00322808
0.00559075
0.00573568
0.00219150
0.00587465
0.00564775
0.00258493
0.00360356
0.00553434
0.00524581
0.00784645
0.00650405
0.00748401
0.00742774
0.00882028
0.00709216
0.00992316
0.00430954
0.00718138
0.00803373
0.00820125
0.00963485
0.00829855
0.00954325
0.00541170
0.00974801
0.00417792
0.00533566
0.01081660
0.00837722
0.00696041
0.01069483
0.00912393
0.01068474
0.00958838
0.00741111
0.00821578
0.01088699
0.00992667
0.01164264
0.01011695
0.00798178
0.01232073
0.01217484
0.01083703
0.01045168
0.01150342
0.00984506
0.01367618
0.01387602
0.00703800
0.01141288
0.01090884
0.01429291
0.00747519
0.01979877
0.00000000
0.00000000
0.00000000
0.00000000
0.00000000
0.00000000
0.00000000
0.00000000
0.00000000
0.00000000
0.00000000
0.00000000
0.00000000
0.00000000
0.00000000
0.00000000
0.00000000
0.00000000
0.00000000
0.00000000
0.00000000
0.00000000
0.00000000
0.00000000
0.00000000
0.00000000
0.00000000
0.00472820
0.00443543
0.00459408
0.00460547
0.00443438
0.00437206
0.00373164
0.00452632
0.00441976
0.00467111
0.00421511
0.00473099
0.00453112
0.00443490
0.00421511
0.00436022
0.00426914
0.00355005
0.00458812
0.00436022
0.00436949
0.00461798
0.00371978
0.00432030
0.00454826
0.00378349
0.00477190
0.00431470
0.00370751
0.00455523
0.00434175
0.00363692
0.00401377
0.00468656
0.00430859
0.00432846
0.00409603
0.00443333
0.00463380
0.00445430
0.00420667
0.00453005
0.00358201
0.00449016
0.00451406
0.00446482
0.00425707
0.00394107
0.00466451
0.00368876
0.00469431
0.00370314
0.00399866
0.00454826
0.00432386
0.00442706
0.00440987
0.00416913
0.00444852
0.00437568
0.00475280
0.00450714
0.00437206
0.00417651
0.00448275
0.00432437
0.00454504
0.00453166
0.00443595
0.00445692
0.00423504
0.00447800
0.00417454
0.00428377
0.00356936
0.00432999
0.00449917
0.00456384
0.00442811
0.00436691
0.00380497
0.00449175
0.00440727
0.00461853
0.00425858
0.00470096
0.00450289
0.00438497
0.00418637
0.00433254
0.00428680
0.00368745
0.00454987
0.00432030
0.00432692
0.00455953
0.00373120
0.00427569
0.00449069
0.00370664
0.00471261
0.00430453
0.00386512
0.00456976
0.00435252
0.00369529
0.00395970
0.00463435
0.00424654
0.00427771
0.00407723
0.00432795
0.00456545
0.00431979
0.00418539
0.00445010
0.00360532
0.00442132
0.00443752
0.00435508
0.00419230
0.00396344
0.00461308
0.00377190
0.00469154
0.00381575
0.00411928
0.00459679
0.00438704
0.00457084
0.00444538
0.00420121
0.00439740
0.00440104
0.00480578
0.00461417
0.00445955
0.00431266
0.00456007
0.00442445
0.00468933
0.00468435
0.00451565
0.00455148
0.00436022
0.00464255
0.00438187
0.00451992
0.00376257
0.00448804
0.00457677
0.00467497
0.00456707
0.00452045
0.00383153
0.00462070
0.00444433
0.00479163
0.00439481
0.00480975
0.00465571
0.00453808
0.00434687
0.00448381
0.00441403
0.00387333
0.00470761
0.00451512
0.00450555
0.00471595
0.00408493
0.00445482
0.00456976
0.00400479
0.00490947
0.00446482
0.00407627
0.00472374
0.00457839
0.00414706
0.00431368
0.00474776
0.00438963
0.00447061
0.00434072
0.00460493
0.00464748
0.00445220
0.00426964
0.00452045
0.00401662
0.00448275
0.00446745
0.00444380
0.00427267
0.00400385
0.00460547
0.00404943
0.00458380
0.00402895
0.00422506
0.00452098
0.00435868
0.00445220
0.00438291
0.00423504
0.00440052
0.00426763
0.00456222
0.00437052
0.00432795
0.00420171
0.00438704
0.00422257
0.00441611
0.00442237
0.00440935
0.00433510
0.00414071
0.00430758
0.00418835
0.00420518
0.00381395
0.00428528
0.00436846
0.00439015
0.00425758
0.00431571
0.00392761
0.00429338
0.00000000
0.00000000
0.00000000
0.00000000
0.00000000
0.00000000
0.00000000
0.00000000
0.00000000
0.00000000
0.00000000
0.00000000
0.00000000
0.00000000
0.00000000
0.00000000
0.00000000
0.00000000
0.00000000
0.00000000
0.00000000
0.00000000
0.00000000
0.00000000
0.00000000
0.00000000
0.00411373
0.00420596
0.00441485
0.00444096
0.00431092
0.00423433
0.00377216
0.00435486
0.00420596
0.00449894
0.00406934
0.00448147
0.00424683
0.00425034
0.00408810
0.00421887
0.00417088
0.00361024
0.00445407
0.00421489
0.00426691
0.00437649
0.00371827
0.00413562
0.00433232
0.00388045
0.00450479
0.00422933
0.00368814
0.00443625
0.00429214
0.00374468
0.00395251
0.00445407
0.00413757
0.00425334
0.00404971
0.00437030
0.00446722
0.00431244
0.00409582
0.00440185
0.00359113
0.00429569
0.00433590
0.00421987
0.00410791
0.00383993
0.00438682
0.00374644
0.00445565
0.00364662
0.00382818
0.00432211
0.00408087
0.00423982
0.00430380
0.00413074
0.00443834
0.00429063
0.00457438
0.00436051
0.00428254
0.00416646
0.00436927
0.00417679
0.00433999
0.00443311
0.00446722
0.00441433
0.00418616
0.00441016
0.00418517
0.00428658
0.00385627
0.00425786
0.00451755
0.00451329
0.00438941
0.00422734
0.00397213
0.00447619
0.00434358
0.00463083
0.00417138
0.00457870
0.00424282
0.00421539
0.00413026
0.00425887
0.00419407
0.00376460
0.00450001
0.00416892
0.00422086
0.00433181
0.00366645
0.00403160
0.00422086
0.00377305
0.00446406
0.00421639
0.00390524
0.00441901
0.00429873
0.00388870
0.00407462
0.00445355
0.00418962
0.00426490
0.00402115
0.00435127
0.00447619
0.00436669
0.00419209
0.00448835
0.00367728
0.00436823
0.00439200
0.00425184
0.00413903
0.00384809
0.00444882
0.00368988
0.00454963
0.00376816
0.00397823
0.00442475
0.00414196
0.00432875
0.00432773
0.00408858
0.00435640
0.00432773
0.00467639
0.00446301
0.00433385
0.00420993
0.00442579
0.00427295
0.00448200
0.00451223
0.00437803
0.00443625
0.00420100
0.00450797
0.00417187
0.00431448
0.00369118
0.00431397
0.00449576
0.00454910
0.00434819
0.00425585
0.00354527
0.00441381
0.00436720
0.00467859
0.00430076
0.00469850
0.00444305
0.00443991
0.00426088
0.00443729
0.00443520
0.00378196
0.00474864
0.00445144
0.00454588
0.00462810
0.00384855
0.00430330
0.00449682
0.00376238
0.00479365
0.00449258
0.00384129
0.00473968
0.00458302
0.00388824
0.00422485
0.00478518
0.00452182
0.00471015
0.00440185
0.00468522
0.00483339
0.00466922
0.00441016
0.00487691
0.00388411
0.00472908
0.00475592
0.00459710
0.00451596
0.00419555
0.00483567
0.00380298
0.00492488
0.00384628
0.00421987
0.00489535
0.00454642
0.00470404
0.00476434
0.00447355
0.00483510
0.00475368
0.00506149
0.00483168
0.00475817
0.00453196
0.00486656
0.00469019
0.00485109
0.00505970
0.00490980
0.00490517
0.00462592
0.00500038
0.00452395
0.00487116
0.00389053
0.00459981
0.00487978
0.00497978
0.00482598
0.00464451
0.00381466
0.00473242
0.00457816
0.00000000
0.00000000
0.00000000
0.00000000
0.00000000
0.00000000
0.00000000
0.00000000
0.00000000
0.00000000
0.00000000
0.00000000
0.00000000
0.00000000
0.00000000
0.00000000
0.00000000
0.00000000
0.00000000
0.00000000
0.00000000
0.00000000
0.00000000
0.00000000
0.00000000
0.00443599
0.00404756
0.00427825
0.00439900
0.00422859
0.00409606
0.00328229
0.00426565
0.00407919
0.00448650
0.00401050
0.00453597
0.00425009
0.00410767
0.00389076
0.00416032
0.00408737
0.00329393
0.00441615
0.00415101
0.00416278
0.00445539
0.00337652
0.00408979
0.00423657
0.00323350
0.00464917
0.00411834
0.00346732
0.00442084
0.00417704
0.00325224
0.00359474
0.00446749
0.00404422
0.00414368
0.00387382
0.00421564
0.00442345
0.00420224
0.00393275
0.00435512
0.00329043
0.00429038
0.00430457
0.00428178
0.00408063
0.00374093
0.00461312
0.00342950
0.00464314
0.00346119
0.00384742
0.00455904
0.00427421
0.00433462
0.00431371
0.00388755
0.00415052
0.00417704
0.00464752
0.00440575
0.00428532
0.00397003
0.00437417
0.00416523
0.00442762
0.00447857
0.00425159
0.00429899
0.00406047
0.00439848
0.00399586
0.00423108
0.00324687
0.00409268
0.00425811
0.00442293
0.00430660
0.00421365
0.00339730
0.00433258
0.00408304
0.00452049
0.00407054
0.00459846
0.00436129
0.00424458
0.00396769
0.00422659
0.00417458
0.00334640
0.00452742
0.00432084
0.00431371
0.00456765
0.00354840
0.00424157
0.00439226
0.00336778
0.00477869
0.00419234
0.00335311
0.00453811
0.00432594
0.00339169
0.00367100
0.00455796
0.00402709
0.00420373
0.00395181
0.00427169
0.00450346
0.00420819
0.00391516
0.00434537
0.00327881
0.00428128
0.00432237
0.00420869
0.00400152
0.00370798
0.00453009
0.00344369
0.00464040
0.00337772
0.00375418
0.00454454
0.00433513
0.00452956
0.00449921
0.00409268
0.00422111
0.00422959
0.00472434
0.00455312
0.00441823
0.00414710
0.00443808
0.00423558
0.00454454
0.00458059
0.00436386
0.00446485
0.00417605
0.00454240
0.00409606
0.00440835
0.00341417
0.00433105
0.00450665
0.00468881
0.00459900
0.00450718
0.00371893
0.00468826
0.00446749
0.00489102
0.00428835
0.00485882
0.00460334
0.00458005
0.00432237
0.00450027
0.00443024
0.00340934
0.00480299
0.00462456
0.00465575
0.00486341
0.00366278
0.00453865
0.00470543
0.00377639
0.00511218
0.00460551
0.00359135
0.00491183
0.00470710
0.00377238
0.00413440
0.00495138
0.00440679
0.00466235
0.00436746
0.00480582
0.00498713
0.00483938
0.00445486
0.00491647
0.00369271
0.00472657
0.00480582
0.00480186
0.00461639
0.00416966
0.00507973
0.00397565
0.00510616
0.00392209
0.00423508
0.00502906
0.00469822
0.00471710
0.00491299
0.00462020
0.00488237
0.00468495
0.00491589
0.00477475
0.00488065
0.00468771
0.00501307
0.00470432
0.00482912
0.00501958
0.00491067
0.00485997
0.00462729
0.00486972
0.00456980
0.00481604
0.00425009
0.00460768
0.00496132
0.00495781
0.00493913
0.00459087
0.00456280
0.00511520
0.00476182
0.00529942
0.00000000
0.00000000
0.00000000
0.00000000
0.00000000
0.00000000
0.00000000
0.00000000
0.00000000
0.00000000
0.00000000
0.00000000
0.00000000
0.00000000
0.00000000
0.00000000
0.00000000
0.00000000
0.00000000
0.00000000
0.00000000
0.00000000
0.00000000
0.00000000
0.00448491
0.00408641
0.00436901
0.00445014
0.00427523
0.00417557
0.00332280
0.00428280
0.00408497
0.00451676
0.00402804
0.00456981
0.00428633
0.00414661
0.00392997
0.00419581
0.00411689
0.00331380
0.00443965
0.00416671
0.00416475
0.00447382
0.00333694
0.00410477
0.00424809
0.00328966
0.00465466
0.00414270
0.00356266
0.00444489
0.00418099
0.00322360
0.00357361
0.00449497
0.00405808
0.00417655
0.00391701
0.00426415
0.00446907
0.00424008
0.00393182
0.00439330
0.00325877
0.00432442
0.00435410
0.00434128
0.00412856
0.00376883
0.00462129
0.00340693
0.00461258
0.00336143
0.00375065
0.00447699
0.00419234
0.00426918
0.00423758
0.00382751
0.00416131
0.00421018
0.00467777
0.00444856
0.00428078
0.00400058
0.00436129
0.00415886
0.00443024
0.00446328
0.00425611
0.00431779
0.00407390
0.00439848
0.00401192
0.00420720
0.00322550
0.00408641
0.00427321
0.00444332
0.00433923
0.00425109
0.00348907
0.00437572
0.00412466
0.00455796
0.00411543
0.00464534
0.00439952
0.00427422
0.00400247
0.00423658
0.00417557
0.00334916
0.00451463
0.00428836
0.00427422
0.00452636
0.00345141
0.00416327
0.00434845
0.00324152
0.00473215
0.00415444
0.00344125
0.00453544
0.00434025
0.00353671
0.00373652
0.00453598
0.00402377
0.00416720
0.00392348
0.00425260
0.00450134
0.00420224
0.00392210
0.00435872
0.00329354
0.00433667
0.00438088
0.00427674
0.00406862
0.00376527
0.00459250
0.00347305
0.00467888
0.00340934
0.00378844
0.00454723
0.00432238
0.00455313
0.00444489
0.00403279
0.00413928
0.00418592
0.00470932
0.00456012
0.00439693
0.00419828
0.00446486
0.00426717
0.00458438
0.00461694
0.00438916
0.00449975
0.00423208
0.00460443
0.00417557
0.00447910
0.00352630
0.00438760
0.00452956
0.00469214
0.00457736
0.00450771
0.00366192
0.00463221
0.00439174
0.00484053
0.00425310
0.00484110
0.00460117
0.00460226
0.00434589
0.00450931
0.00442763
0.00345712
0.00477138
0.00460443
0.00462020
0.00483539
0.00374711
0.00448544
0.00467336
0.00374534
0.00506717
0.00452369
0.00355511
0.00484967
0.00467998
0.00390410
0.00422510
0.00490894
0.00440315
0.00460878
0.00435461
0.00476519
0.00491010
0.00471433
0.00435564
0.00477138
0.00363224
0.00462838
0.00470045
0.00471488
0.00453063
0.00413880
0.00495372
0.00397940
0.00496425
0.00384424
0.00413440
0.00486686
0.00458276
0.00462347
0.00477814
0.00454401
0.00478095
0.00453972
0.00478998
0.00462238
0.00469989
0.00452956
0.00482571
0.00453544
0.00468219
0.00483653
0.00477701
0.00472490
0.00450931
0.00474724
0.00446749
0.00468771
0.00411737
0.00452636
0.00483197
0.00483425
0.00477757
0.00451410
0.00438140
0.00484738
0.00459629
0.00498537
0.00436747
0.00000000
0.00000000
0.00000000
0.00000000
0.00000000
0.00000000
0.00000000
0.00000000
0.00000000
0.00000000
0.00000000
0.00000000
0.00000000
0.00000000
0.00000000
0.00000000
0.00000000
0.00000000
0.00000000
0.00000000
0.00000000
0.00000000
0.00000000
0.00402606
0.00395080
0.00400900
0.00412799
0.00405944
0.00397511
0.00352041
0.00405800
0.00386873
0.00417450
0.00393592
0.00416417
0.00402844
0.00398920
0.00389758
0.00401090
0.00397276
0.00352831
0.00410711
0.00402274
0.00401705
0.00415436
0.00356764
0.00398543
0.00402654
0.00353873
0.00425954
0.00401184
0.00356932
0.00415829
0.00408344
0.00355462
0.00368872
0.00413774
0.00392063
0.00402844
0.00391093
0.00405083
0.00416172
0.00406039
0.00389161
0.00412215
0.00356050
0.00405083
0.00409212
0.00408393
0.00399579
0.00379641
0.00424400
0.00362960
0.00427414
0.00364161
0.00384326
0.00427010
0.00415338
0.00417795
0.00426205
0.00403271
0.00408537
0.00406710
0.00426155
0.00420514
0.00423700
0.00403367
0.00423550
0.00408200
0.00419325
0.00429131
0.00415878
0.00421755
0.00410469
0.00425402
0.00401279
0.00422104
0.00369264
0.00405561
0.00412069
0.00422701
0.00417844
0.00407527
0.00370923
0.00420315
0.00401800
0.00428979
0.00400192
0.00425252
0.00409309
0.00409743
0.00401705
0.00414409
0.00409985
0.00362575
0.00425954
0.00420216
0.00421855
0.00429789
0.00378479
0.00415240
0.00414165
0.00379373
0.00439840
0.00418880
0.00367613
0.00429131
0.00421606
0.00369308
0.00383376
0.00426306
0.00398684
0.00412021
0.00395080
0.00413043
0.00427162
0.00420811
0.00401373
0.00423350
0.00360316
0.00410953
0.00418387
0.00411438
0.00402749
0.00382653
0.00422751
0.00362532
0.00430499
0.00364419
0.00382157
0.00426557
0.00415730
0.00424800
0.00436069
0.00416565
0.00422054
0.00420662
0.00439114
0.00434171
0.00434273
0.00419078
0.00432076
0.00420414
0.00433199
0.00435915
0.00419127
0.00434888
0.00420662
0.00439788
0.00409888
0.00429485
0.00372457
0.00423250
0.00433557
0.00446793
0.00441086
0.00430347
0.00385552
0.00449595
0.00443224
0.00466556
0.00436069
0.00456272
0.00437821
0.00444690
0.00439477
0.00449489
0.00448641
0.00377587
0.00460380
0.00455036
0.00461521
0.00466391
0.00393592
0.00450231
0.00449542
0.00401989
0.00479554
0.00468265
0.00399814
0.00476622
0.00465402
0.00401705
0.00429536
0.00471090
0.00450816
0.00470646
0.00445058
0.00462447
0.00478650
0.00484157
0.00462666
0.00494954
0.00419869
0.00472369
0.00479611
0.00482732
0.00483758
0.00454339
0.00496708
0.00423500
0.00495771
0.00428221
0.00450975
0.00501771
0.00474715
0.00463266
0.00491753
0.00477354
0.00500648
0.00484729
0.00477973
0.00472927
0.00495830
0.00481765
0.00508083
0.00489612
0.00480857
0.00508503
0.00497998
0.00491000
0.00483815
0.00497059
0.00480460
0.00501357
0.00482049
0.00462338
0.00494079
0.00490479
0.00496064
0.00456272
0.00476229
0.00500884
0.00466831
0.00522978
0.00499292
0.00494837
0.00000000
0.00000000
0.00000000
0.00000000
0.00000000
0.00000000
0.00000000
0.00000000
0.00000000
0.00000000
0.00000000
0.00000000
0.00000000
0.00000000
0.00000000
0.00000000
0.00000000
0.00000000
0.00000000
0.00000000
0.00000000
0.00000000
0.00427602
0.00424688
0.00449953
0.00451760
0.00443944
0.00435388
0.00406506
0.00450430
0.00442950
0.00463416
0.00426092
0.00461780
0.00438583
0.00433441
0.00419411
0.00436519
0.00432828
0.00392190
0.00463307
0.00435748
0.00440398
0.00447993
0.00388278
0.00424237
0.00438894
0.00390483
0.00460366
0.00434516
0.00400085
0.00454432
0.00440138
0.00398625
0.00414885
0.00455183
0.00425339
0.00435080
0.00416749
0.00448734
0.00452293
0.00438066
0.00422539
0.00447254
0.00379764
0.00441073
0.00439878
0.00429776
0.00419758
0.00397124
0.00449740
0.00397077
0.00454647
0.00396796
0.00411863
0.00444048
0.00419461
0.00432318
0.00426243
0.00407418
0.00433339
0.00426998
0.00455882
0.00435851
0.00423437
0.00419411
0.00434260
0.00420501
0.00435234
0.00439256
0.00443996
0.00434670
0.00415718
0.00436365
0.00423637
0.00423337
0.00401220
0.00428107
0.00451388
0.00445727
0.00434978
0.00425490
0.00405836
0.00443107
0.00432879
0.00456796
0.00427703
0.00460637
0.00435542
0.00432012
0.00419115
0.00430944
0.00425891
0.00388370
0.00452934
0.00426645
0.00428461
0.00437447
0.00393256
0.00407947
0.00429422
0.00377710
0.00442532
0.00408766
0.00375489
0.00430081
0.00418818
0.00392560
0.00410796
0.00439515
0.00417979
0.00421097
0.00407562
0.00436313
0.00439878
0.00420600
0.00409828
0.00431452
0.00372358
0.00431809
0.00430436
0.00416454
0.00405692
0.00387546
0.00435440
0.00377977
0.00445359
0.00380482
0.00401693
0.00437395
0.00416454
0.00436313
0.00426645
0.00409007
0.00427956
0.00421544
0.00455613
0.00434311
0.00419461
0.00410070
0.00429574
0.00417979
0.00436571
0.00438790
0.00437344
0.00432726
0.00410457
0.00435286
0.00409152
0.00420749
0.00366304
0.00423337
0.00442532
0.00442898
0.00428865
0.00426142
0.00378111
0.00429726
0.00426092
0.00444363
0.00407370
0.00451015
0.00430995
0.00427451
0.00408911
0.00423088
0.00420749
0.00375577
0.00451707
0.00425389
0.00430487
0.00441906
0.00382551
0.00415228
0.00436159
0.00383319
0.00451281
0.00417684
0.00375356
0.00438015
0.00423637
0.00374295
0.00400227
0.00449263
0.00419461
0.00432012
0.00416012
0.00454700
0.00452774
0.00440190
0.00421842
0.00446938
0.00372973
0.00439671
0.00439464
0.00429219
0.00416061
0.00393441
0.00447782
0.00385450
0.00454164
0.00379943
0.00399897
0.00443473
0.00419164
0.00433033
0.00431351
0.00410553
0.00440346
0.00433033
0.00463089
0.00441125
0.00427855
0.00416160
0.00435440
0.00421146
0.00439775
0.00444363
0.00440138
0.00438997
0.00417093
0.00442376
0.00414690
0.00426545
0.00357849
0.00424237
0.00440034
0.00447782
0.00435029
0.00427552
0.00372797
0.00436931
0.00433595
0.00450324
0.00405596
0.00450271
0.00434772
0.00000000
0.00000000
0.00000000
0.00000000
0.00000000
0.00000000
0.00000000
0.00000000
0.00000000
0.00000000
0.00000000
0.00000000
0.00000000
0.00000000
0.00000000
0.00000000
0.00000000
0.00000000
0.00000000
0.00000000
0.00000000
0.00427830
0.00416479
0.00434747
0.00441308
0.00433467
0.00425515
0.00395885
0.00447914
0.00440216
0.00460502
0.00422266
0.00459200
0.00436288
0.00429194
0.00414323
0.00430919
0.00425114
0.00374759
0.00455210
0.00428840
0.00432446
0.00443813
0.00379339
0.00417906
0.00435722
0.00376442
0.00457794
0.00426319
0.00385973
0.00449555
0.00436442
0.00396352
0.00411499
0.00451414
0.00420675
0.00428133
0.00406339
0.00439179
0.00448337
0.00436597
0.00419387
0.00446490
0.00376087
0.00436545
0.00435825
0.00425565
0.00412860
0.00385427
0.00447439
0.00382258
0.00451361
0.00386337
0.00404140
0.00439645
0.00415155
0.00430919
0.00422963
0.00402903
0.00422614
0.00416184
0.00449555
0.00428486
0.00418399
0.00411014
0.00431936
0.00417364
0.00433979
0.00437525
0.00436597
0.00429701
0.00409466
0.00431936
0.00415351
0.00419041
0.00392815
0.00424513
0.00442872
0.00438868
0.00425114
0.00417561
0.00385973
0.00435928
0.00425314
0.00451255
0.00422166
0.00457794
0.00433263
0.00430919
0.00416528
0.00428992
0.00423812
0.00377064
0.00448390
0.00424162
0.00424563
0.00438661
0.00385245
0.00408790
0.00431275
0.00379250
0.00442715
0.00405716
0.00361732
0.00426922
0.00413933
0.00376043
0.00401007
0.00438661
0.00417167
0.00420625
0.00405812
0.00434645
0.00440216
0.00421171
0.00407971
0.00432905
0.00365592
0.00429853
0.00430766
0.00416970
0.00404522
0.00383749
0.00437215
0.00370365
0.00446859
0.00369101
0.00392214
0.00436648
0.00415400
0.00434081
0.00427981
0.00410869
0.00429144
0.00419733
0.00456770
0.00432446
0.00418152
0.00403141
0.00426822
0.00415253
0.00435363
0.00440684
0.00440684
0.00436854
0.00413104
0.00438558
0.00409224
0.00423363
0.00360837
0.00423762
0.00442245
0.00445228
0.00431020
0.00426570
0.00377376
0.00432956
0.00428891
0.00447914
0.00408020
0.00452320
0.00430766
0.00425364
0.00407491
0.00426067
0.00424513
0.00381583
0.00457794
0.00430461
0.00435465
0.00447862
0.00378178
0.00421519
0.00436185
0.00389448
0.00459200
0.00426118
0.00384837
0.00444337
0.00427275
0.00369493
0.00395932
0.00451361
0.00417266
0.00432089
0.00414763
0.00455962
0.00454138
0.00444913
0.00426570
0.00452534
0.00382755
0.00442350
0.00442454
0.00431325
0.00417709
0.00390000
0.00451947
0.00385836
0.00457794
0.00387569
0.00405908
0.00448073
0.00421867
0.00432956
0.00433109
0.00410820
0.00442245
0.00435311
0.00465251
0.00443394
0.00430868
0.00419090
0.00436700
0.00420824
0.00440684
0.00446227
0.00442350
0.00441776
0.00420675
0.00446385
0.00419535
0.00431783
0.00366931
0.00429245
0.00445386
0.00452747
0.00439334
0.00428082
0.00369624
0.00443290
0.00434286
0.00458876
0.00414568
0.00455694
0.00440736
0.00428486
0.00000000
0.00000000
0.00000000
0.00000000
0.00000000
0.00000000
0.00000000
0.00000000
0.00000000
0.00000000
0.00000000
0.00000000
0.00000000
0.00000000
0.00000000
0.00000000
0.00000000
0.00000000
0.00000000
0.00000000
0.00379037
0.00378233
0.00407454
0.00419548
0.00399932
0.00379037
0.00288851
0.00400027
0.00367158
0.00429409
0.00375921
0.00427943
0.00389092
0.00383082
0.00362126
0.00392225
0.00385529
0.00297564
0.00418609
0.00388404
0.00390287
0.00416344
0.00300385
0.00376809
0.00389368
0.00301592
0.00434606
0.00385848
0.00306794
0.00416442
0.00391855
0.00290285
0.00321348
0.00414335
0.00367765
0.00387992
0.00358514
0.00397346
0.00415412
0.00393012
0.00360592
0.00412288
0.00307337
0.00402155
0.00404391
0.00392827
0.00375389
0.00336236
0.00423625
0.00302732
0.00432102
0.00300775
0.00340867
0.00429460
0.00397956
0.00407743
0.00423675
0.00379440
0.00421283
0.00411802
0.00453669
0.00428246
0.00422228
0.00382405
0.00424175
0.00393522
0.00419103
0.00436301
0.00416933
0.00417770
0.00387764
0.00426180
0.00378189
0.00414971
0.00311277
0.00388084
0.00418164
0.00431592
0.00418460
0.00396130
0.00319233
0.00422676
0.00385302
0.00449568
0.00384984
0.00444559
0.00402203
0.00398379
0.00376987
0.00406542
0.00396925
0.00310543
0.00441685
0.00407406
0.00410009
0.00431745
0.00312601
0.00393940
0.00398990
0.00324356
0.00457862
0.00410880
0.00332215
0.00441633
0.00420687
0.00324165
0.00347893
0.00433582
0.00374505
0.00402440
0.00366379
0.00416442
0.00434094
0.00417819
0.00374372
0.00432714
0.00308645
0.00416638
0.00421880
0.00405346
0.00383579
0.00337945
0.00430525
0.00303949
0.00440177
0.00299642
0.00335483
0.00423874
0.00391486
0.00411365
0.00423575
0.00377253
0.00410493
0.00408657
0.00456999
0.00435786
0.00420886
0.00393290
0.00423675
0.00397909
0.00425126
0.00436404
0.00414189
0.00430931
0.00395197
0.00437847
0.00380515
0.00411511
0.00309337
0.00402392
0.00427691
0.00446609
0.00425377
0.00408899
0.00311350
0.00439917
0.00424175
0.00476426
0.00413457
0.00475864
0.00436404
0.00446398
0.00417179
0.00437692
0.00434247
0.00298549
0.00473792
0.00443512
0.00455492
0.00471006
0.00307228
0.00424024
0.00451108
0.00314227
0.00500205
0.00456406
0.00320515
0.00494283
0.00467740
0.00340224
0.00390609
0.00494166
0.00439606
0.00475191
0.00420142
0.00470063
0.00513111
0.00498204
0.00445767
0.00528777
0.00336632
0.00502215
0.00516999
0.00503758
0.00491956
0.00430626
0.00546014
0.00346419
0.00560102
0.00349291
0.00410929
0.00557269
0.00495099
0.00502749
0.00540377
0.00485158
0.00532030
0.00514263
0.00546465
0.00526288
0.00538024
0.00502156
0.00559244
0.00519811
0.00531027
0.00582399
0.00548920
0.00552427
0.00520425
0.00577134
0.00500973
0.00570435
0.00442467
0.00495684
0.00560168
0.00564612
0.00559310
0.00487107
0.00426583
0.00561756
0.00499145
0.00623999
0.00530839
0.00573470
0.00476650
0.00500264
0.00522516
0.00000000
0.00000000
0.00000000
0.00000000
0.00000000
0.00000000
0.00000000
0.00000000
0.00000000
0.00000000
0.00000000
0.00000000
0.00000000
0.00000000
0.00000000
0.00000000
0.00000000
0.00000000
0.00000000
0.00447557
0.00420885
0.00438466
0.00444401
0.00427740
0.00416736
0.00342236
0.00429560
0.00414432
0.00449090
0.00405823
0.00453347
0.00428144
0.00415509
0.00397252
0.00418657
0.00412190
0.00346991
0.00439346
0.00413797
0.00413212
0.00441840
0.00356532
0.00411219
0.00430473
0.00343530
0.00459483
0.00411461
0.00351812
0.00439916
0.00418163
0.00341107
0.00375211
0.00446818
0.00410395
0.00413944
0.00388953
0.00412822
0.00436866
0.00413163
0.00393197
0.00427589
0.00341349
0.00423024
0.00421530
0.00416736
0.00398989
0.00374857
0.00443929
0.00349166
0.00448296
0.00343935
0.00379573
0.00441684
0.00421829
0.00430067
0.00429003
0.00398049
0.00426028
0.00422975
0.00461928
0.00438104
0.00425426
0.00396269
0.00430422
0.00413748
0.00439501
0.00437227
0.00417868
0.00418756
0.00396971
0.00427034
0.00395336
0.00414285
0.00336274
0.00411461
0.00425225
0.00435991
0.00424474
0.00420934
0.00351812
0.00426330
0.00410783
0.00440332
0.00402866
0.00449938
0.00431235
0.00418015
0.00393521
0.00414139
0.00411267
0.00351770
0.00440955
0.00416981
0.00414530
0.00439553
0.00349002
0.00413700
0.00433632
0.00355189
0.00456459
0.00412287
0.00354896
0.00443668
0.00424023
0.00349908
0.00372127
0.00447821
0.00402534
0.00414725
0.00393800
0.00419052
0.00441007
0.00412676
0.00390194
0.00426481
0.00339022
0.00423324
0.00424674
0.00411850
0.00392363
0.00368024
0.00438466
0.00355944
0.00446871
0.00345928
0.00373974
0.00433734
0.00416588
0.00436505
0.00430321
0.00400309
0.00420587
0.00422227
0.00464715
0.00449461
0.00432508
0.00412579
0.00434451
0.00418114
0.00447346
0.00446713
0.00428700
0.00433837
0.00408078
0.00436608
0.00404294
0.00426531
0.00352102
0.00427942
0.00437227
0.00447979
0.00437330
0.00435323
0.00370725
0.00450150
0.00434144
0.00465318
0.00421680
0.00468181
0.00452706
0.00446081
0.00422526
0.00436608
0.00429256
0.00354436
0.00462528
0.00445555
0.00445503
0.00463511
0.00361699
0.00432968
0.00446924
0.00373401
0.00482475
0.00437175
0.00369895
0.00463128
0.00447082
0.00389596
0.00413456
0.00466197
0.00424824
0.00436042
0.00417868
0.00449726
0.00464167
0.00445818
0.00417868
0.00452599
0.00373313
0.00450097
0.00453882
0.00452066
0.00432968
0.00394730
0.00469176
0.00389458
0.00468844
0.00394265
0.00414139
0.00459104
0.00435169
0.00441528
0.00446186
0.00426481
0.00445818
0.00430981
0.00456243
0.00442622
0.00446344
0.00434707
0.00456728
0.00433274
0.00448243
0.00456351
0.00449514
0.00445135
0.00424524
0.00440020
0.00418114
0.00432253
0.00390793
0.00430828
0.00449408
0.00445818
0.00434502
0.00424524
0.00401207
0.00444611
0.00427286
0.00456190
0.00418756
0.00456136
0.00432050
0.00433325
0.00425727
0.00436866
0.00000000
0.00000000
0.00000000
0.00000000
0.00000000
0.00000000
0.00000000
0.00000000
0.00000000
0.00000000
0.00000000
0.00000000
0.00000000
0.00000000
0.00000000
0.00000000
0.00000000
0.00000000
0.00461459
0.00430340
0.00452940
0.00455834
0.00436114
0.00422396
0.00337362
0.00442330
0.00423593
0.00465614
0.00418034
0.00473477
0.00444631
0.00425094
0.00398584
0.00423094
0.00415920
0.00344235
0.00454706
0.00418478
0.00416214
0.00451394
0.00347744
0.00417887
0.00443374
0.00349718
0.00473198
0.00416313
0.00347785
0.00450330
0.00422794
0.00333250
0.00373595
0.00459667
0.00414842
0.00419863
0.00392751
0.00422495
0.00446575
0.00414060
0.00389798
0.00434368
0.00343262
0.00438072
0.00431662
0.00419467
0.00396334
0.00366698
0.00453528
0.00346026
0.00460047
0.00342090
0.00380621
0.00449746
0.00425345
0.00438072
0.00432120
0.00396521
0.00432222
0.00427155
0.00477628
0.00445103
0.00424794
0.00391364
0.00432324
0.00413621
0.00442330
0.00446523
0.00438848
0.00430188
0.00398443
0.00430594
0.00394283
0.00415626
0.00333171
0.00416607
0.00435805
0.00442382
0.00426601
0.00423143
0.00348072
0.00431153
0.00411577
0.00446786
0.00404360
0.00463259
0.00441652
0.00425696
0.00392427
0.00412890
0.00407184
0.00345985
0.00449746
0.00416263
0.00413426
0.00441079
0.00333643
0.00409061
0.00434522
0.00354076
0.00460752
0.00410172
0.00355540
0.00446417
0.00421997
0.00341284
0.00366093
0.00454975
0.00397832
0.00412598
0.00392705
0.00431509
0.00448687
0.00412598
0.00385773
0.00424794
0.00326789
0.00427911
0.00428365
0.00409350
0.00383822
0.00352825
0.00439833
0.00341808
0.00451926
0.00343262
0.00374168
0.00436834
0.00415185
0.00441964
0.00429681
0.00395260
0.00419863
0.00419962
0.00475043
0.00453849
0.00428669
0.00408916
0.00430340
0.00409833
0.00445208
0.00445418
0.00433959
0.00439107
0.00408627
0.00439625
0.00402125
0.00422794
0.00335576
0.00428416
0.00440144
0.00449534
0.00433345
0.00432579
0.00354661
0.00448581
0.00430696
0.00464681
0.00412598
0.00472696
0.00457665
0.00449057
0.00416558
0.00427911
0.00415675
0.00328218
0.00460698
0.00439521
0.00443060
0.00461840
0.00357137
0.00424543
0.00444002
0.00358911
0.00485980
0.00430746
0.00367520
0.00461187
0.00441287
0.00380981
0.00406129
0.00468202
0.00415234
0.00425546
0.00405554
0.00454653
0.00465120
0.00446259
0.00413670
0.00447894
0.00359376
0.00447208
0.00451074
0.00447049
0.00421997
0.00376780
0.00462495
0.00361033
0.00462058
0.00376692
0.00404885
0.00452353
0.00425897
0.00439055
0.00436937
0.00414549
0.00436834
0.00419714
0.00454867
0.00434625
0.00434010
0.00422296
0.00445628
0.00418281
0.00440559
0.00440611
0.00431001
0.00431255
0.00408579
0.00428719
0.00403598
0.00411189
0.00349182
0.00417000
0.00435035
0.00434573
0.00417640
0.00414744
0.00368127
0.00427911
0.00415577
0.00440352
0.00395960
0.00448158
0.00428669
0.00427608
0.00409447
0.00413231
0.00401793
0.00000000
0.00000000
0.00000000
0.00000000
0.00000000
0.00000000
0.00000000
0.00000000
0.00000000
0.00000000
0.00000000
0.00000000
0.00000000
0.00000000
0.00000000
0.00000000
0.00000000
0.00118009
0.00146937
0.00165544
0.00190981
0.00190823
0.00167784
0.00127908
0.00169695
0.00135597
0.00180151
0.00139276
0.00154672
0.00123782
0.00135023
0.00149683
0.00179769
0.00179007
0.00124148
0.00161914
0.00170096
0.00172215
0.00178039
0.00107081
0.00156341
0.00139803
0.00108223
0.00177997
0.00175123
0.00125103
0.00180960
0.00183886
0.00120257
0.00120427
0.00164959
0.00154781
0.00176617
0.00154927
0.00159112
0.00183150
0.00198912
0.00172683
0.00203347
0.00125621
0.00160299
0.00182525
0.00197090
0.00201366
0.00176846
0.00200253
0.00149242
0.00200963
0.00130544
0.00137384
0.00202080
0.00183843
0.00173009
0.00239203
0.00202080
0.00235564
0.00242784
0.00220795
0.00245780
0.00297699
0.00256924
0.00283580
0.00239740
0.00246448
0.00259972
0.00178543
0.00220509
0.00222179
0.00251528
0.00198279
0.00277002
0.00162794
0.00196394
0.00210249
0.00249166
0.00255866
0.00202653
0.00144360
0.00258566
0.00205105
0.00292341
0.00219212
0.00224815
0.00180832
0.00188208
0.00212894
0.00255534
0.00250314
0.00157488
0.00250344
0.00253284
0.00264862
0.00259176
0.00169415
0.00241129
0.00197044
0.00153527
0.00293585
0.00301800
0.00181794
0.00305740
0.00330645
0.00235175
0.00241385
0.00257136
0.00262158
0.00304302
0.00231651
0.00211442
0.00265175
0.00299036
0.00227000
0.00334173
0.00196047
0.00263056
0.00286809
0.00303227
0.00313666
0.00247759
0.00296438
0.00175268
0.00283212
0.00160393
0.00179854
0.00267751
0.00232144
0.00217615
0.00287452
0.00236817
0.00256682
0.00275016
0.00257046
0.00275179
0.00325231
0.00284350
0.00343240
0.00321077
0.00294521
0.00345800
0.00272337
0.00317350
0.00281547
0.00321418
0.00230290
0.00322519
0.00229044
0.00253374
0.00295321
0.00334016
0.00320018
0.00267404
0.00165915
0.00303263
0.00285931
0.00391617
0.00351267
0.00341504
0.00266743
0.00328740
0.00359439
0.00432348
0.00486065
0.00283647
0.00431991
0.00428794
0.00449347
0.00416041
0.00166307
0.00367151
0.00347108
0.00192541
0.00419243
0.00483207
0.00181966
0.00504878
0.00496903
0.00220821
0.00316005
0.00460072
0.00512436
0.00698294
0.00534850
0.00450515
0.00578077
0.00572378
0.00461975
0.00740010
0.00249048
0.00570021
0.00662904
0.00651434
0.00790533
0.00714876
0.00790813
0.00368278
0.00859376
0.00317013
0.00428187
0.00938741
0.00709500
0.00603504
0.00933332
0.00747289
0.00885613
0.00890325
0.00738789
0.00830971
0.01018566
0.00861608
0.01047561
0.00971976
0.00796053
0.01312686
0.01155290
0.01162397
0.01136238
0.01349576
0.00940958
0.01654640
0.01233584
0.00745881
0.01154609
0.01148769
0.01380810
0.00744914
0.00988391
0.01153248
0.00765938
0.01600515
0.01271995
0.00947640
0.00494798
0.00654282
0.01068524
0.02103209
0.02337072
0.05017860
0.00000000
0.00000000
0.00000000
0.00000000
0.00000000
0.00000000
0.00000000
0.00000000
0.00000000
0.00000000
0.00000000
0.00000000
0.00000000
0.00000000
0.00000000
0.00000000
0.00380440
0.00378471
0.00391777
0.00400325
0.00388648
0.00377891
0.00321663
0.00390255
0.00367735
0.00407469
0.00373548
0.00404358
0.00384227
0.00377534
0.00366263
0.00381563
0.00377534
0.00323756
0.00398676
0.00382915
0.00382690
0.00399853
0.00323527
0.00377134
0.00385726
0.00335060
0.00412693
0.00382599
0.00329729
0.00400230
0.00387870
0.00319357
0.00341523
0.00399947
0.00374828
0.00387458
0.00371440
0.00388648
0.00403596
0.00389887
0.00365961
0.00401838
0.00329690
0.00393816
0.00399664
0.00395305
0.00383232
0.00352781
0.00413375
0.00330118
0.00416457
0.00328991
0.00353823
0.00410315
0.00390255
0.00395118
0.00405791
0.00378069
0.00393259
0.00391131
0.00418328
0.00406845
0.00406030
0.00381023
0.00405169
0.00386408
0.00403643
0.00414449
0.00401365
0.00405887
0.00385953
0.00406078
0.00374917
0.00399476
0.00334666
0.00386044
0.00402977
0.00413716
0.00406989
0.00392888
0.00349386
0.00413326
0.00387961
0.00428919
0.00390670
0.00422892
0.00397221
0.00395818
0.00386910
0.00403643
0.00396799
0.00340036
0.00419910
0.00405361
0.00406653
0.00417195
0.00338756
0.00391593
0.00390532
0.00347701
0.00430236
0.00403977
0.00357009
0.00419069
0.00408384
0.00347660
0.00362695
0.00413911
0.00380305
0.00397783
0.00378025
0.00402977
0.00417096
0.00406366
0.00380844
0.00413228
0.00333444
0.00400655
0.00410024
0.00400466
0.00388969
0.00359205
0.00414644
0.00336010
0.00423041
0.00343746
0.00365013
0.00414840
0.00394373
0.00408480
0.00415035
0.00387641
0.00398206
0.00400277
0.00430338
0.00421696
0.00415574
0.00401223
0.00414987
0.00400466
0.00419019
0.00425092
0.00406318
0.00425644
0.00405265
0.00431201
0.00393305
0.00413228
0.00339836
0.00406462
0.00419662
0.00436060
0.00424591
0.00414400
0.00345168
0.00432526
0.00423041
0.00458635
0.00419266
0.00450700
0.00429324
0.00438277
0.00426096
0.00436780
0.00434981
0.00343949
0.00454114
0.00443633
0.00453847
0.00457069
0.00366436
0.00428211
0.00436317
0.00358274
0.00474201
0.00452457
0.00372097
0.00471413
0.00458744
0.00384046
0.00415868
0.00467758
0.00441233
0.00468752
0.00438328
0.00464788
0.00480903
0.00482152
0.00451019
0.00496287
0.00390900
0.00468144
0.00479600
0.00480280
0.00479657
0.00439623
0.00497635
0.00390209
0.00496990
0.00397971
0.00435032
0.00503836
0.00466766
0.00462710
0.00488275
0.00466821
0.00493718
0.00474089
0.00476499
0.00467262
0.00488045
0.00475153
0.00503657
0.00479657
0.00475209
0.00510896
0.00501879
0.00494884
0.00483804
0.00507473
0.00481073
0.00507473
0.00467648
0.00457393
0.00500873
0.00498516
0.00501405
0.00455401
0.00459556
0.00494884
0.00454757
0.00525812
0.00479092
0.00493253
0.00435494
0.00449320
0.00473642
0.00506875
0.00503657
0.00486321
0.00514221
0.00000000
0.00000000
0.00000000
0.00000000
0.00000000
0.00000000
0.00000000
0.00000000
0.00000000
0.00000000
0.00000000
0.00000000
0.00000000
0.00000000
0.00000000
0.00460874
0.00427519
0.00447959
0.00448646
0.00431623
0.00424705
0.00361469
0.00441664
0.00422557
0.00455954
0.00405040
0.00467222
0.00442968
0.00438705
0.00409748
0.00425658
0.00412172
0.00334401
0.00454076
0.00428478
0.00429440
0.00452099
0.00345098
0.00414511
0.00435098
0.00348575
0.00470041
0.00416668
0.00345750
0.00444329
0.00421959
0.00350471
0.00384921
0.00457139
0.00403704
0.00410280
0.00387745
0.00437517
0.00452259
0.00427015
0.00396953
0.00426562
0.00318353
0.00430200
0.00432591
0.00426562
0.00402041
0.00368703
0.00450555
0.00343231
0.00459517
0.00353585
0.00384921
0.00447906
0.00423805
0.00435201
0.00435150
0.00403847
0.00428984
0.00417948
0.00462017
0.00437620
0.00423755
0.00404371
0.00432438
0.00409410
0.00435150
0.00431776
0.00420667
0.00428782
0.00408108
0.00434996
0.00397187
0.00411297
0.00326682
0.00414903
0.00434022
0.00439793
0.00423855
0.00415686
0.00351464
0.00432183
0.00423755
0.00443282
0.00397515
0.00452312
0.00428377
0.00422258
0.00398313
0.00417898
0.00408783
0.00328343
0.00438860
0.00418786
0.00423355
0.00444486
0.00365111
0.00411200
0.00432234
0.00340650
0.00460276
0.00411929
0.00351921
0.00439741
0.00415392
0.00345342
0.00376658
0.00450502
0.00401283
0.00403466
0.00374311
0.00414805
0.00439067
0.00420122
0.00401189
0.00425307
0.00322928
0.00415196
0.00418243
0.00411297
0.00391513
0.00365197
0.00434688
0.00332043
0.00442446
0.00337889
0.00374576
0.00432744
0.00411200
0.00429490
0.00421661
0.00395971
0.00421760
0.00416619
0.00458164
0.00432744
0.00417701
0.00401378
0.00430860
0.00413925
0.00443125
0.00431368
0.00407195
0.00416079
0.00399866
0.00434176
0.00403181
0.00414267
0.00327724
0.00417061
0.00433255
0.00444748
0.00433306
0.00427267
0.00351050
0.00441404
0.00429440
0.00458326
0.00412950
0.00461255
0.00439119
0.00425809
0.00405805
0.00424005
0.00417356
0.00335388
0.00440728
0.00419528
0.00418194
0.00451939
0.00367530
0.00423505
0.00443962
0.00353418
0.00471484
0.00419132
0.00359005
0.00449388
0.00427167
0.00358371
0.00388982
0.00455417
0.00415981
0.00419379
0.00394945
0.00423055
0.00442603
0.00425407
0.00407099
0.00439016
0.00361001
0.00429845
0.00425959
0.00429136
0.00410232
0.00384739
0.00453167
0.00376480
0.00448858
0.00357864
0.00387243
0.00438912
0.00418885
0.00423955
0.00420965
0.00400385
0.00428377
0.00417012
0.00447695
0.00422756
0.00419577
0.00397375
0.00433562
0.00416373
0.00435714
0.00436743
0.00423455
0.00412123
0.00392068
0.00414952
0.00401852
0.00406907
0.00357231
0.00406571
0.00416865
0.00421412
0.00412220
0.00409555
0.00374841
0.00421810
0.00405661
0.00431063
0.00397468
0.00440676
0.00420816
0.00405661
0.00388295
0.00402516
0.00397468
0.00353626
0.00419132
0.00397281
0.00000000
0.00000000
0.00000000
0.00000000
0.00000000
0.00000000
0.00000000
0.00000000
0.00000000
0.00000000
0.00000000
0.00000000
0.00000000
0.00000000
0.00419274
0.00390125
0.00415680
0.00424448
0.00409018
0.00395592
0.00326639
0.00414310
0.00390861
0.00431260
0.00374349
0.00432993
0.00400899
0.00393637
0.00372719
0.00395545
0.00384325
0.00302000
0.00418928
0.00394381
0.00397041
0.00422202
0.00320344
0.00384234
0.00401325
0.00308371
0.00443118
0.00390447
0.00320344
0.00421356
0.00399436
0.00317299
0.00347338
0.00427210
0.00377274
0.00385778
0.00356637
0.00396292
0.00421704
0.00399342
0.00370178
0.00405990
0.00294161
0.00396479
0.00400946
0.00397181
0.00375986
0.00343266
0.00423948
0.00314579
0.00430955
0.00316775
0.00350797
0.00421306
0.00395172
0.00408006
0.00412749
0.00375499
0.00405416
0.00400757
0.00442700
0.00420959
0.00413431
0.00386416
0.00423948
0.00397369
0.00424999
0.00422052
0.00391923
0.00403698
0.00381075
0.00415092
0.00372983
0.00397134
0.00298741
0.00388518
0.00406949
0.00421505
0.00407381
0.00395778
0.00317299
0.00415974
0.00396760
0.00434220
0.00381660
0.00436943
0.00407621
0.00399530
0.00377764
0.00401609
0.00393962
0.00304683
0.00423748
0.00400663
0.00402700
0.00429332
0.00332312
0.00395545
0.00415190
0.00317373
0.00451826
0.00400426
0.00322809
0.00435246
0.00415533
0.00330436
0.00360570
0.00441033
0.00393776
0.00405607
0.00370309
0.00402605
0.00433299
0.00411582
0.00380357
0.00425451
0.00304288
0.00408006
0.00413139
0.00406086
0.00385505
0.00353163
0.00433862
0.00320722
0.00440513
0.00312066
0.00348734
0.00425551
0.00400002
0.00418188
0.00419571
0.00384234
0.00409404
0.00407525
0.00451932
0.00429838
0.00419274
0.00392663
0.00432024
0.00411874
0.00439475
0.00440877
0.00410710
0.00421008
0.00393359
0.00431718
0.00387557
0.00414505
0.00316812
0.00406613
0.00424198
0.00440773
0.00427261
0.00417990
0.00334988
0.00437046
0.00422650
0.00462664
0.00409500
0.00463101
0.00432330
0.00427765
0.00407189
0.00436376
0.00434067
0.00338363
0.00462719
0.00438802
0.00438440
0.00466279
0.00336373
0.00428826
0.00445266
0.00341892
0.00486675
0.00433351
0.00334988
0.00466940
0.00444636
0.00348775
0.00388747
0.00471477
0.00427715
0.00448217
0.00414798
0.00448058
0.00472145
0.00454123
0.00421505
0.00474545
0.00352538
0.00454980
0.00459185
0.00456593
0.00439838
0.00400379
0.00491578
0.00380447
0.00494602
0.00367481
0.00400615
0.00484727
0.00448534
0.00450655
0.00467380
0.00433504
0.00469092
0.00454873
0.00484156
0.00464633
0.00468484
0.00440513
0.00482673
0.00456109
0.00472145
0.00495244
0.00476115
0.00469148
0.00441970
0.00474433
0.00437252
0.00472368
0.00399860
0.00444060
0.00473483
0.00475666
0.00468098
0.00438750
0.00403793
0.00474881
0.00443955
0.00500115
0.00445476
0.00485814
0.00440721
0.00438492
0.00434630
0.00474769
0.00470810
0.00427916
0.00507902
0.00483015
0.00480572
0.00000000
0.00000000
0.00000000
0.00000000
0.00000000
0.00000000
0.00000000
0.00000000
0.00000000
0.00000000
0.00000000
0.00000000
0.00000000
0.00442138
0.00405665
0.00432289
0.00442764
0.00431984
0.00414271
0.00349154
0.00438141
0.00423659
0.00455690
0.00406336
0.00455099
0.00420920
0.00404423
0.00386836
0.00418100
0.00411544
0.00334364
0.00439434
0.00411738
0.00411447
0.00441512
0.00353338
0.00407920
0.00427624
0.00324842
0.00458061
0.00403851
0.00337136
0.00436748
0.00413003
0.00332281
0.00366020
0.00445435
0.00402995
0.00408883
0.00375907
0.00405952
0.00432544
0.00411787
0.00391010
0.00428129
0.00333970
0.00415347
0.00409752
0.00403566
0.00384380
0.00359136
0.00436439
0.00340091
0.00439849
0.00334720
0.00370712
0.00432289
0.00409897
0.00422661
0.00416377
0.00382391
0.00417607
0.00417705
0.00457035
0.00432137
0.00420225
0.00391471
0.00437469
0.00420027
0.00443339
0.00441981
0.00414613
0.00411447
0.00386380
0.00420572
0.00386198
0.00411593
0.00326955
0.00403185
0.00417755
0.00428735
0.00417804
0.00409946
0.00336501
0.00423509
0.00402995
0.00439434
0.00399634
0.00448651
0.00426617
0.00409221
0.00382391
0.00405139
0.00401193
0.00333695
0.00434231
0.00407776
0.00402235
0.00433310
0.00340132
0.00407295
0.00431576
0.00350351
0.00450560
0.00398223
0.00328037
0.00433719
0.00415005
0.00339330
0.00366495
0.00444071
0.00401619
0.00414907
0.00391979
0.00419087
0.00436954
0.00406383
0.00377684
0.00424059
0.00328308
0.00421565
0.00419680
0.00407391
0.00383429
0.00354590
0.00437779
0.00347224
0.00443025
0.00328967
0.00356730
0.00423359
0.00403518
0.00422312
0.00414467
0.00382887
0.00403328
0.00402662
0.00450507
0.00430306
0.00413198
0.00386927
0.00423060
0.00407583
0.00432851
0.00442346
0.00432391
0.00427927
0.00393833
0.00420424
0.00381985
0.00411835
0.00328618
0.00409752
0.00420622
0.00430052
0.00418050
0.00415494
0.00353171
0.00431678
0.00415887
0.00443495
0.00398129
0.00452103
0.00434590
0.00424860
0.00396396
0.00418050
0.00411884
0.00340533
0.00451890
0.00431525
0.00429748
0.00450826
0.00327728
0.00418889
0.00432800
0.00356856
0.00468165
0.00417558
0.00338331
0.00443600
0.00423609
0.00347183
0.00378309
0.00452690
0.00403613
0.00418050
0.00398928
0.00439020
0.00452317
0.00428786
0.00397660
0.00433413
0.00336898
0.00432442
0.00437521
0.00429697
0.00405187
0.00365158
0.00455690
0.00365201
0.00463768
0.00379873
0.00396442
0.00449127
0.00422860
0.00432188
0.00435513
0.00406192
0.00424459
0.00416279
0.00454134
0.00439020
0.00433975
0.00416721
0.00441096
0.00417607
0.00439434
0.00447488
0.00437882
0.00442659
0.00416574
0.00436387
0.00399446
0.00425060
0.00350847
0.00423559
0.00438503
0.00441408
0.00426567
0.00414027
0.00361516
0.00439175
0.00423859
0.00451997
0.00405569
0.00449339
0.00431424
0.00426919
0.00408594
0.00422910
0.00412857
0.00343883
0.00450135
0.00440264
0.00447805
0.00454885
0.00000000
0.00000000
0.00000000
0.00000000
0.00000000
0.00000000
0.00000000
0.00000000
0.00000000
0.00000000
0.00000000
0.00000000
0.00154718
0.00175507
0.00191942
0.00214622
0.00217758
0.00189490
0.00155102
0.00242457
0.00190544
0.00255340
0.00234609
0.00220809
0.00202762
0.00196129
0.00192986
0.00204130
0.00196848
0.00114561
0.00205603
0.00222115
0.00227873
0.00221932
0.00150987
0.00202022
0.00191648
0.00159480
0.00223455
0.00213008
0.00140027
0.00217219
0.00218710
0.00149446
0.00157684
0.00205749
0.00208313
0.00233753
0.00217117
0.00205337
0.00232077
0.00221253
0.00179146
0.00237532
0.00158654
0.00219874
0.00245304
0.00242743
0.00237896
0.00182150
0.00244813
0.00148060
0.00244726
0.00185226
0.00196778
0.00240861
0.00212331
0.00227229
0.00244842
0.00211731
0.00200763
0.00212782
0.00228465
0.00240605
0.00277118
0.00246377
0.00310631
0.00281998
0.00265036
0.00339759
0.00319361
0.00338001
0.00293881
0.00296597
0.00215713
0.00305076
0.00162441
0.00224750
0.00263260
0.00298211
0.00299197
0.00252168
0.00183443
0.00303640
0.00230142
0.00350628
0.00273869
0.00292774
0.00239784
0.00266132
0.00288524
0.00307605
0.00286017
0.00168470
0.00286557
0.00298035
0.00304896
0.00304322
0.00178893
0.00263229
0.00221958
0.00194448
0.00309279
0.00308550
0.00217347
0.00301820
0.00307170
0.00180567
0.00214318
0.00287065
0.00280075
0.00361930
0.00326136
0.00366353
0.00342737
0.00380264
0.00294089
0.00362101
0.00166848
0.00272484
0.00315728
0.00343628
0.00348937
0.00277609
0.00346722
0.00201736
0.00344236
0.00230930
0.00254949
0.00344196
0.00293051
0.00273546
0.00329111
0.00276857
0.00271297
0.00275002
0.00288422
0.00290984
0.00320115
0.00286321
0.00319361
0.00299833
0.00279514
0.00352619
0.00340722
0.00405699
0.00389064
0.00415088
0.00325674
0.00357223
0.00211282
0.00264786
0.00304178
0.00363384
0.00360992
0.00296283
0.00240123
0.00339399
0.00330355
0.00400943
0.00335934
0.00343952
0.00282630
0.00320833
0.00333054
0.00385593
0.00416363
0.00238037
0.00426703
0.00438591
0.00504733
0.00423195
0.00307496
0.00380668
0.00363384
0.00192872
0.00439212
0.00459614
0.00231503
0.00475101
0.00458964
0.00231121
0.00289786
0.00440146
0.00416020
0.00579959
0.00441602
0.00499757
0.00556638
0.00662479
0.00577093
0.00740845
0.00325137
0.00500052
0.00571270
0.00531177
0.00614171
0.00519836
0.00631803
0.00243460
0.00686014
0.00288796
0.00435653
0.00812995
0.00655871
0.00656103
0.00806216
0.00641867
0.00659750
0.00692353
0.00638169
0.00706125
0.00822737
0.00766802
0.00872093
0.00812707
0.00731469
0.00977443
0.00781224
0.00871374
0.00883585
0.01121931
0.00830634
0.01259243
0.00786308
0.00655021
0.00918651
0.01003372
0.01177653
0.00701890
0.00692108
0.01030597
0.00715767
0.01362459
0.01031935
0.00848555
0.00533689
0.00644674
0.00881295
0.01173355
0.01234976
0.01278698
0.01348393
0.01303517
0.01439264
0.01068090
0.01888191
0.00000000
0.00000000
0.00000000
0.00000000
0.00000000
0.00000000
0.00000000
0.00000000
0.00000000
0.00000000
0.00000000
0.00458896
0.00433129
0.00441744
0.00445038
0.00434407
0.00429872
0.00376193
0.00440184
0.00424882
0.00453837
0.00417629
0.00465931
0.00447670
0.00431548
0.00405065
0.00427092
0.00422882
0.00380431
0.00463355
0.00432363
0.00425634
0.00451009
0.00361279
0.00426036
0.00446247
0.00377882
0.00468244
0.00415859
0.00353107
0.00444881
0.00427697
0.00371081
0.00395622
0.00454533
0.00408326
0.00417924
0.00402019
0.00437080
0.00445773
0.00420842
0.00397681
0.00431904
0.00372572
0.00442161
0.00433333
0.00417727
0.00394272
0.00367337
0.00444514
0.00371914
0.00451860
0.00364660
0.00387358
0.00440391
0.00426237
0.00438888
0.00434715
0.00407316
0.00429973
0.00421836
0.00460631
0.00442578
0.00425433
0.00404540
0.00426589
0.00410160
0.00434203
0.00434100
0.00430430
0.00424181
0.00395996
0.00417432
0.00387495
0.00410693
0.00358985
0.00422733
0.00430430
0.00428151
0.00413073
0.00413463
0.00363030
0.00424381
0.00416399
0.00429112
0.00395063
0.00443362
0.00435074
0.00427143
0.00396837
0.00403920
0.00396042
0.00339708
0.00434049
0.00415418
0.00416399
0.00431344
0.00349956
0.00408278
0.00430430
0.00382907
0.00444514
0.00408038
0.00356832
0.00427546
0.00408278
0.00360045
0.00385353
0.00440443
0.00396183
0.00397352
0.00383314
0.00421488
0.00433998
0.00410596
0.00388731
0.00412100
0.00340230
0.00424481
0.00427193
0.00413804
0.00391215
0.00361534
0.00427092
0.00353190
0.00436977
0.00367510
0.00383585
0.00421886
0.00404444
0.00420495
0.00416399
0.00399702
0.00420049
0.00410209
0.00446510
0.00427748
0.00412976
0.00403444
0.00419752
0.00403872
0.00426941
0.00422085
0.00418072
0.00422782
0.00401119
0.00417333
0.00387769
0.00399467
0.00332455
0.00414879
0.00427445
0.00428303
0.00413219
0.00412586
0.00356706
0.00428657
0.00424031
0.00437699
0.00401261
0.00443309
0.00432057
0.00425885
0.00407460
0.00413463
0.00401166
0.00334579
0.00425534
0.00412538
0.00416105
0.00435074
0.00359239
0.00406836
0.00416890
0.00356496
0.00450318
0.00414586
0.00384944
0.00429618
0.00408664
0.00361748
0.00389787
0.00436050
0.00400930
0.00395109
0.00379401
0.00409387
0.00423381
0.00409532
0.00395996
0.00407412
0.00345323
0.00407797
0.00409484
0.00416154
0.00399043
0.00372177
0.00424181
0.00361066
0.00421985
0.00385853
0.00403729
0.00417530
0.00399561
0.00401545
0.00395296
0.00384808
0.00406836
0.00394783
0.00418714
0.00396370
0.00393853
0.00385353
0.00405447
0.00390892
0.00406501
0.00398197
0.00390385
0.00390846
0.00382862
0.00395342
0.00387815
0.00374113
0.00330462
0.00385399
0.00393157
0.00395856
0.00381780
0.00385808
0.00341274
0.00385308
0.00381780
0.00393435
0.00373408
0.00407797
0.00400363
0.00388273
0.00372396
0.00375174
0.00369161
0.00320142
0.00378373
0.00367120
0.00364445
0.00392231
0.00348597
0.00368987
0.00000000
0.00000000
0.00000000
0.00000000
0.00000000
0.00000000
0.00000000
0.00000000
0.00000000
0.00000000
0.00393204
0.00391954
0.00407317
0.00412976
0.00399939
0.00393482
0.00346629
0.00402874
0.00396838
0.00418368
0.00380297
0.00419752
0.00399326
0.00394924
0.00379759
0.00401877
0.00400127
0.00353565
0.00430633
0.00406357
0.00411712
0.00419554
0.00350576
0.00393204
0.00405830
0.00344550
0.00431548
0.00399891
0.00352317
0.00419802
0.00406213
0.00354902
0.00374643
0.00421041
0.00392741
0.00402874
0.00383043
0.00417284
0.00421687
0.00414635
0.00396323
0.00424732
0.00358478
0.00415664
0.00417531
0.00407461
0.00396744
0.00369248
0.00426891
0.00356328
0.00431956
0.00357971
0.00378373
0.00423981
0.00400363
0.00408182
0.00411323
0.00386856
0.00411663
0.00405256
0.00433691
0.00415762
0.00407125
0.00394598
0.00409484
0.00392833
0.00412343
0.00411566
0.00402636
0.00401640
0.00383224
0.00408038
0.00386811
0.00397681
0.00358943
0.00399232
0.00419851
0.00417777
0.00405878
0.00397681
0.00362090
0.00410258
0.00400694
0.00425083
0.00392926
0.00426891
0.00405448
0.00403444
0.00388640
0.00403682
0.00401214
0.00358436
0.00432619
0.00409146
0.00415419
0.00422384
0.00377705
0.00399514
0.00409581
0.00368943
0.00435691
0.00404874
0.00358901
0.00421091
0.00406597
0.00362645
0.00382636
0.00419752
0.00392139
0.00398385
0.00381015
0.00407509
0.00416007
0.00398103
0.00383314
0.00411129
0.00351362
0.00411955
0.00411760
0.00399939
0.00391169
0.00371432
0.00416007
0.00358689
0.00424432
0.00353315
0.00373452
0.00415762
0.00394365
0.00408231
0.00408616
0.00388731
0.00412295
0.00404636
0.00433691
0.00414098
0.00403587
0.00390846
0.00411032
0.00397306
0.00414342
0.00417678
0.00414000
0.00411372
0.00387267
0.00411906
0.00383993
0.00397259
0.00337990
0.00397728
0.00418961
0.00423332
0.00411275
0.00405639
0.00356538
0.00414733
0.00409243
0.00432160
0.00393993
0.00433589
0.00410403
0.00409677
0.00394040
0.00405878
0.00403397
0.00352649
0.00430582
0.00403349
0.00408231
0.00420496
0.00344591
0.00393854
0.00413171
0.00355237
0.00433487
0.00407942
0.00361577
0.00429264
0.00414880
0.00359579
0.00384174
0.00432670
0.00403302
0.00417284
0.00397353
0.00428708
0.00435331
0.00420149
0.00402446
0.00431650
0.00350659
0.00424832
0.00426489
0.00417728
0.00409291
0.00388365
0.00441328
0.00381150
0.00450690
0.00376993
0.00395436
0.00444252
0.00416007
0.00422933
0.00430075
0.00404826
0.00435793
0.00427647
0.00453944
0.00434101
0.00425384
0.00411372
0.00431650
0.00415027
0.00429821
0.00441432
0.00437493
0.00433998
0.00413854
0.00440184
0.00414440
0.00425484
0.00374158
0.00417038
0.00439925
0.00443781
0.00432414
0.00417186
0.00374511
0.00438267
0.00426288
0.00459817
0.00417875
0.00453409
0.00424231
0.00422135
0.00411615
0.00431396
0.00428354
0.00369858
0.00457275
0.00430938
0.00435126
0.00441484
0.00361066
0.00407413
0.00422434
0.00000000
0.00000000
0.00000000
0.00000000
0.00000000
0.00000000
0.00000000
0.00000000
0.00000000
0.00156105
0.00155608
0.00169419
0.00201918
0.00203784
0.00186489
0.00140368
0.00222604
0.00179096
0.00244572
0.00228752
0.00222106
0.00190715
0.00214512
0.00230512
0.00232697
0.00220774
0.00111846
0.00183025
0.00203712
0.00203136
0.00226497
0.00162166
0.00206664
0.00193046
0.00151034
0.00223209
0.00218263
0.00159473
0.00224661
0.00220826
0.00142050
0.00146836
0.00203640
0.00198424
0.00224714
0.00200565
0.00203977
0.00226925
0.00237802
0.00212197
0.00247882
0.00133726
0.00191662
0.00216673
0.00239321
0.00247882
0.00223525
0.00248761
0.00159963
0.00241362
0.00135744
0.00162223
0.00238701
0.00219398
0.00224926
0.00252247
0.00230105
0.00215373
0.00212572
0.00227434
0.00223499
0.00254188
0.00216290
0.00273696
0.00256961
0.00250379
0.00315566
0.00282818
0.00309996
0.00313119
0.00339064
0.00301238
0.00332805
0.00204772
0.00225086
0.00226097
0.00278778
0.00290698
0.00243105
0.00202921
0.00302555
0.00243162
0.00346748
0.00275055
0.00288988
0.00222578
0.00236098
0.00272665
0.00330419
0.00325200
0.00235180
0.00301451
0.00293073
0.00279931
0.00308464
0.00176226
0.00273019
0.00236153
0.00183847
0.00314711
0.00288852
0.00193137
0.00298409
0.00313562
0.00216954
0.00225697
0.00272055
0.00261423
0.00325968
0.00274537
0.00313414
0.00308137
0.00395711
0.00339504
0.00415267
0.00303807
0.00294146
0.00311462
0.00317544
0.00318595
0.00253350
0.00351814
0.00220904
0.00344668
0.00203736
0.00226871
0.00342763
0.00308755
0.00284089
0.00354689
0.00299043
0.00286038
0.00282452
0.00292451
0.00292141
0.00321311
0.00272569
0.00298233
0.00281819
0.00283419
0.00333276
0.00298832
0.00334142
0.00324243
0.00375479
0.00320668
0.00387948
0.00378503
0.00314488
0.00321349
0.00354647
0.00339304
0.00273051
0.00206981
0.00339625
0.00309229
0.00397864
0.00343735
0.00344465
0.00288376
0.00315268
0.00317133
0.00350448
0.00378681
0.00236348
0.00404774
0.00394407
0.00425429
0.00389140
0.00251119
0.00382181
0.00382812
0.00313377
0.00410398
0.00440802
0.00191459
0.00438107
0.00431645
0.00233687
0.00302769
0.00415904
0.00413507
0.00536569
0.00416296
0.00430628
0.00507397
0.00578977
0.00472622
0.00706761
0.00423576
0.00577205
0.00634016
0.00533100
0.00582470
0.00455011
0.00599334
0.00242389
0.00659100
0.00248028
0.00338784
0.00701777
0.00581578
0.00577341
0.00799836
0.00679222
0.00731610
0.00709768
0.00657159
0.00703020
0.00792606
0.00665191
0.00789993
0.00747836
0.00676185
0.00966398
0.00889192
0.00927101
0.00819506
0.00975099
0.00644571
0.01163521
0.00734723
0.00691345
0.00962985
0.00993439
0.01090188
0.00659100
0.00563019
0.01033596
0.00724056
0.01384593
0.01029217
0.00867543
0.00549116
0.00670468
0.00906558
0.01162698
0.01175660
0.01307156
0.01315972
0.01179131
0.01274428
0.00972228
0.00885947
0.01010454
0.00506440
0.01873471
0.00000000
0.00000000
0.00000000
0.00000000
0.00000000
0.00000000
0.00000000
0.00000000
0.00422251
0.00398871
0.00418582
0.00422052
0.00411243
0.00399624
0.00345378
0.00421257
0.00402985
0.00432789
0.00398871
0.00434630
0.00414701
0.00412700
0.00396152
0.00404174
0.00391646
0.00312434
0.00411146
0.00401940
0.00404079
0.00422650
0.00348693
0.00396619
0.00406517
0.00339922
0.00433453
0.00399295
0.00343914
0.00415925
0.00396760
0.00329424
0.00361336
0.00424598
0.00388380
0.00394334
0.00373027
0.00401419
0.00420363
0.00404222
0.00380806
0.00404890
0.00313320
0.00399389
0.00402700
0.00403793
0.00388518
0.00364245
0.00417104
0.00327565
0.00419967
0.00339282
0.00371228
0.00417793
0.00401751
0.00409935
0.00410322
0.00388701
0.00410806
0.00404842
0.00429433
0.00414016
0.00410564
0.00390539
0.00426304
0.00412019
0.00422052
0.00427916
0.00410855
0.00418879
0.00404938
0.00423948
0.00390171
0.00404699
0.00312287
0.00388380
0.00399671
0.00414896
0.00407862
0.00398213
0.00339322
0.00409983
0.00397931
0.00422002
0.00389343
0.00424849
0.00405225
0.00398824
0.00386279
0.00402795
0.00396619
0.00332429
0.00409307
0.00397228
0.00396245
0.00418533
0.00352081
0.00397368
0.00406901
0.00336333
0.00429737
0.00398260
0.00359042
0.00420512
0.00404890
0.00343955
0.00362959
0.00424598
0.00390217
0.00401419
0.00378388
0.00407669
0.00419274
0.00414016
0.00396853
0.00419769
0.00336770
0.00400521
0.00402747
0.00402225
0.00388243
0.00368002
0.00422202
0.00341973
0.00422251
0.00336691
0.00366659
0.00415925
0.00402035
0.00410129
0.00404556
0.00381075
0.00395125
0.00396245
0.00425953
0.00411146
0.00401514
0.00384778
0.00408584
0.00400190
0.00417645
0.00417645
0.00397697
0.00404986
0.00395358
0.00420413
0.00400474
0.00407669
0.00345255
0.00398589
0.00400190
0.00414456
0.00408487
0.00403936
0.00349516
0.00414456
0.00404318
0.00426506
0.00400143
0.00430599
0.00418829
0.00410080
0.00392756
0.00409693
0.00408825
0.00345622
0.00426455
0.00416760
0.00414749
0.00435759
0.00367872
0.00420215
0.00430295
0.00357226
0.00450442
0.00410806
0.00343307
0.00432533
0.00418089
0.00360655
0.00381435
0.00433095
0.00402035
0.00411437
0.00392200
0.00412797
0.00427714
0.00418829
0.00401940
0.00431464
0.00378121
0.00423898
0.00422052
0.00419472
0.00406134
0.00383374
0.00440149
0.00372280
0.00439423
0.00359296
0.00384234
0.00435554
0.00424198
0.00426707
0.00430193
0.00411340
0.00421157
0.00411485
0.00431616
0.00420760
0.00424298
0.00404079
0.00430244
0.00417202
0.00428219
0.00436634
0.00425701
0.00418286
0.00402035
0.00418879
0.00402130
0.00423099
0.00386963
0.00412408
0.00419373
0.00421008
0.00417448
0.00407285
0.00389251
0.00423648
0.00404604
0.00429686
0.00401893
0.00428421
0.00411291
0.00407573
0.00399483
0.00410613
0.00406325
0.00386097
0.00426908
0.00416170
0.00411340
0.00426204
0.00384280
0.00417990
0.00415141
0.00425852
0.00438595
0.00000000
0.00000000
0.00000000
0.00000000
0.00000000
0.00000000
0.00000000
0.00452933
0.00422388
0.00455450
0.00451599
0.00431604
0.00416453
0.00345775
0.00437549
0.00423636
0.00455235
0.00399660
0.00458684
0.00432317
0.00419756
0.00393718
0.00409343
0.00396234
0.00309382
0.00441280
0.00416305
0.00425589
0.00443785
0.00368252
0.00404735
0.00427097
0.00329764
0.00464400
0.00408427
0.00346306
0.00435695
0.00406601
0.00327323
0.00371304
0.00449792
0.00401171
0.00402688
0.00374073
0.00415619
0.00440344
0.00414151
0.00388460
0.00419707
0.00310441
0.00417584
0.00417880
0.00412883
0.00391819
0.00359201
0.00433849
0.00310735
0.00438220
0.00328600
0.00375842
0.00434412
0.00407033
0.00424987
0.00413370
0.00383227
0.00418471
0.00414200
0.00455934
0.00428257
0.00414835
0.00394927
0.00435489
0.00415325
0.00440033
0.00430434
0.00406361
0.00411473
0.00387454
0.00419806
0.00379539
0.00393022
0.00284934
0.00390666
0.00416453
0.00428864
0.00417141
0.00413370
0.00335413
0.00417141
0.00406601
0.00433133
0.00391034
0.00445358
0.00422937
0.00410262
0.00384223
0.00400651
0.00394788
0.00317963
0.00422239
0.00396795
0.00398154
0.00429471
0.00358608
0.00402166
0.00427198
0.00334070
0.00450163
0.00401455
0.00356710
0.00438375
0.00412056
0.00334622
0.00359074
0.00443994
0.00393069
0.00403115
0.00378199
0.00413321
0.00430993
0.00400273
0.00383453
0.00413126
0.00303849
0.00402498
0.00401786
0.00397169
0.00378779
0.00365009
0.00427904
0.00345857
0.00432062
0.00321963
0.00358270
0.00418373
0.00397966
0.00421095
0.00400840
0.00371655
0.00396982
0.00398107
0.00448098
0.00421940
0.00400415
0.00382144
0.00415913
0.00403210
0.00432317
0.00429978
0.00410358
0.00409681
0.00387180
0.00421195
0.00399377
0.00399990
0.00311873
0.00395767
0.00399236
0.00416698
0.00408765
0.00414200
0.00352320
0.00420698
0.00412834
0.00433338
0.00392189
0.00446462
0.00432368
0.00415913
0.00387637
0.00408861
0.00405787
0.00341318
0.00439100
0.00413516
0.00408379
0.00440033
0.00345897
0.00409826
0.00436878
0.00334543
0.00461833
0.00397216
0.00329570
0.00436827
0.00419905
0.00366432
0.00384586
0.00443942
0.00395627
0.00403543
0.00386222
0.00422588
0.00433389
0.00409633
0.00392004
0.00419855
0.00350993
0.00414786
0.00408427
0.00405260
0.00381964
0.00356206
0.00438582
0.00381514
0.00440033
0.00365482
0.00383996
0.00428560
0.00411473
0.00423236
0.00413760
0.00390942
0.00404735
0.00389975
0.00427702
0.00407321
0.00404544
0.00388277
0.00414835
0.00393208
0.00417043
0.00418225
0.00410843
0.00396187
0.00373236
0.00393951
0.00383499
0.00392096
0.00368730
0.00400982
0.00402925
0.00397966
0.00383906
0.00385721
0.00364750
0.00397497
0.00386678
0.00399095
0.00361922
0.00412737
0.00401076
0.00389745
0.00366346
0.00374294
0.00367167
0.00325169
0.00401408
0.00385585
0.00380525
0.00404544
0.00344798
0.00379629
0.00410310
0.00360177
0.00414591
0.00359413
0.00000000
0.00000000
0.00000000
0.00000000
0.00000000
0.00000000
0.00154430
0.00166872
0.00158527
0.00184685
0.00181211
0.00170091
0.00137542
0.00208612
0.00179150
0.00223250
0.00207190
0.00209426
0.00175118
0.00190346
0.00205100
0.00250839
0.00251283
0.00200602
0.00215540
0.00214728
0.00198508
0.00223461
0.00096533
0.00198906
0.00177363
0.00163888
0.00215515
0.00215794
0.00152512
0.00219542
0.00223223
0.00160237
0.00159295
0.00200768
0.00195257
0.00213289
0.00188736
0.00187826
0.00214020
0.00226485
0.00200484
0.00245339
0.00178791
0.00205124
0.00224703
0.00223935
0.00217891
0.00174335
0.00243724
0.00183859
0.00248542
0.00182886
0.00172129
0.00228686
0.00204906
0.00196667
0.00244790
0.00220164
0.00224597
0.00221493
0.00236782
0.00233317
0.00250012
0.00216534
0.00237118
0.00215922
0.00227905
0.00274781
0.00259016
0.00285350
0.00284442
0.00307503
0.00261657
0.00336418
0.00321826
0.00277681
0.00279719
0.00295417
0.00275755
0.00220815
0.00146293
0.00291163
0.00227583
0.00343028
0.00277681
0.00284409
0.00230963
0.00239817
0.00261934
0.00319217
0.00307177
0.00211411
0.00315326
0.00314398
0.00313768
0.00308521
0.00156133
0.00258132
0.00215794
0.00177447
0.00309505
0.00291988
0.00181939
0.00279257
0.00286395
0.00191833
0.00231836
0.00262491
0.00278994
0.00311666
0.00265104
0.00272169
0.00293230
0.00350926
0.00274846
0.00378304
0.00325989
0.00332238
0.00362494
0.00353543
0.00350802
0.00241094
0.00340088
0.00155600
0.00333376
0.00206434
0.00240270
0.00340369
0.00296080
0.00261102
0.00347180
0.00297550
0.00314954
0.00308703
0.00303004
0.00301400
0.00333849
0.00281738
0.00298358
0.00271912
0.00272137
0.00307358
0.00288769
0.00328769
0.00304472
0.00335902
0.00247110
0.00340730
0.00270824
0.00296954
0.00380362
0.00390406
0.00362793
0.00293888
0.00181596
0.00317528
0.00269868
0.00391790
0.00335388
0.00340609
0.00275593
0.00315996
0.00328653
0.00348451
0.00362365
0.00218947
0.00368094
0.00357695
0.00396719
0.00361426
0.00211561
0.00338447
0.00309943
0.00255587
0.00381440
0.00466121
0.00306598
0.00450927
0.00418885
0.00190009
0.00247402
0.00400432
0.00391651
0.00524404
0.00423854
0.00422108
0.00492862
0.00517401
0.00414413
0.00616072
0.00270091
0.00520584
0.00607844
0.00562724
0.00645450
0.00549800
0.00580520
0.00222173
0.00610430
0.00217814
0.00323691
0.00653801
0.00525271
0.00510070
0.00674636
0.00539269
0.00661869
0.00721887
0.00670591
0.00733559
0.00755687
0.00673841
0.00728043
0.00692614
0.00640521
0.00873348
0.00767543
0.00892192
0.00858946
0.01030013
0.00718574
0.01063213
0.00503258
0.00579562
0.00829478
0.00963275
0.01104496
0.00702320
0.00544637
0.00962934
0.00667513
0.01338758
0.01018537
0.00866372
0.00551749
0.00673841
0.00907473
0.01192635
0.01217218
0.01259866
0.01274361
0.01132860
0.01226440
0.00921710
0.00859959
0.00874379
0.00470540
0.00879032
0.01068241
0.01514705
0.01910410
0.00000000
0.00000000
0.00000000
0.00000000
0.00000000
0.00419603
0.00393528
0.00413268
0.00422085
0.00416595
0.00408615
0.00362217
0.00416841
0.00397633
0.00430125
0.00393435
0.00434458
0.00411808
0.00403158
0.00385762
0.00399419
0.00393714
0.00333751
0.00417973
0.00396837
0.00394271
0.00419702
0.00357801
0.00397962
0.00416988
0.00346261
0.00435484
0.00391537
0.00339748
0.00419405
0.00403253
0.00346138
0.00364144
0.00422085
0.00382952
0.00393435
0.00376015
0.00405925
0.00418516
0.00398197
0.00379893
0.00408808
0.00330150
0.00404444
0.00400457
0.00396136
0.00380835
0.00364230
0.00420544
0.00351818
0.00422483
0.00324858
0.00353606
0.00411662
0.00396977
0.00412829
0.00406932
0.00382365
0.00400504
0.00395902
0.00428859
0.00413511
0.00404444
0.00385717
0.00415810
0.00400127
0.00418960
0.00423581
0.00410499
0.00406884
0.00385262
0.00408519
0.00385990
0.00400977
0.00336439
0.00392832
0.00396884
0.00406548
0.00400079
0.00395902
0.00360172
0.00412391
0.00400268
0.00418368
0.00382095
0.00424581
0.00406596
0.00399844
0.00381194
0.00395435
0.00389879
0.00342564
0.00416841
0.00395949
0.00392277
0.00412975
0.00338149
0.00392092
0.00410741
0.00360555
0.00427042
0.00390247
0.00337790
0.00414781
0.00404063
0.00365953
0.00378775
0.00421836
0.00383404
0.00390201
0.00372045
0.00405017
0.00416104
0.00400268
0.00381644
0.00405925
0.00334500
0.00401545
0.00401687
0.00390799
0.00371519
0.00347529
0.00413365
0.00355488
0.00421339
0.00348185
0.00359833
0.00403920
0.00387221
0.00403491
0.00400835
0.00382050
0.00392046
0.00384717
0.00420693
0.00404015
0.00393714
0.00381329
0.00401261
0.00387266
0.00409677
0.00410305
0.00401545
0.00404635
0.00383630
0.00404826
0.00378998
0.00395389
0.00347119
0.00404826
0.00406404
0.00409194
0.00393621
0.00390569
0.00338069
0.00411517
0.00409580
0.00421736
0.00386628
0.00425734
0.00413560
0.00409387
0.00390109
0.00404349
0.00398949
0.00336677
0.00426287
0.00412197
0.00415124
0.00429365
0.00346588
0.00404921
0.00418615
0.00362431
0.00442787
0.00407172
0.00338189
0.00422533
0.00406309
0.00350865
0.00386536
0.00433486
0.00404635
0.00405782
0.00384354
0.00410112
0.00427697
0.00415663
0.00395762
0.00420247
0.00352358
0.00414488
0.00417284
0.00412732
0.00396136
0.00362773
0.00428454
0.00353690
0.00432975
0.00375838
0.00392138
0.00426790
0.00404730
0.00407460
0.00415859
0.00404110
0.00425935
0.00408519
0.00428606
0.00408326
0.00411565
0.00395809
0.00421985
0.00404539
0.00417234
0.00422184
0.00417382
0.00414048
0.00396931
0.00412245
0.00388227
0.00404253
0.00357759
0.00405638
0.00425232
0.00421090
0.00408133
0.00395249
0.00357591
0.00411857
0.00401213
0.00424982
0.00393157
0.00422433
0.00402066
0.00394597
0.00387861
0.00402921
0.00397868
0.00363287
0.00419059
0.00404301
0.00406500
0.00419999
0.00374775
0.00400315
0.00400741
0.00377570
0.00430480
0.00405543
0.00381959
0.00415222
0.00000000
0.00000000
0.00000000
0.00000000
0.00415653
0.00386163
0.00404244
0.00413209
0.00403339
0.00393379
0.00333271
0.00409957
0.00387760
0.00424871
0.00380961
0.00429304
0.00403672
0.00394774
0.00374148
0.00393055
0.00384481
0.00311641
0.00413843
0.00392314
0.00390007
0.00416634
0.00328588
0.00387303
0.00404625
0.00324276
0.00434704
0.00384617
0.00317990
0.00413794
0.00395519
0.00326887
0.00351561
0.00419445
0.00374501
0.00384164
0.00360631
0.00393426
0.00414136
0.00391297
0.00364694
0.00401109
0.00307262
0.00396594
0.00396173
0.00391020
0.00370635
0.00342233
0.00415506
0.00321990
0.00419296
0.00310687
0.00341508
0.00406778
0.00387303
0.00401962
0.00400967
0.00371203
0.00392823
0.00388172
0.00426729
0.00408654
0.00399834
0.00376050
0.00411410
0.00391667
0.00413990
0.00417815
0.00398234
0.00401725
0.00377606
0.00404673
0.00368325
0.00393890
0.00309772
0.00385889
0.00396126
0.00407450
0.00396407
0.00388309
0.00325810
0.00406826
0.00390053
0.00418950
0.00373531
0.00423970
0.00400778
0.00393937
0.00373311
0.00392453
0.00384527
0.00313262
0.00412527
0.00392684
0.00390652
0.00415506
0.00317802
0.00387166
0.00403434
0.00331468
0.00432352
0.00388859
0.00322294
0.00415702
0.00399410
0.00333429
0.00358553
0.00423920
0.00380063
0.00389548
0.00363835
0.00398610
0.00417717
0.00400684
0.00373487
0.00407883
0.00310687
0.00398939
0.00403101
0.00395613
0.00374236
0.00343365
0.00418605
0.00330337
0.00425423
0.00327428
0.00349658
0.00408702
0.00387577
0.00400259
0.00402436
0.00375430
0.00394401
0.00389088
0.00428343
0.00409232
0.00398422
0.00378587
0.00406347
0.00389915
0.00413550
0.00415114
0.00397530
0.00406634
0.00383892
0.00410925
0.00374987
0.00396126
0.00320550
0.00396828
0.00405772
0.00415604
0.00400306
0.00393194
0.00323589
0.00412576
0.00404721
0.00429253
0.00386117
0.00431537
0.00412284
0.00406347
0.00386390
0.00406251
0.00401441
0.00323436
0.00429557
0.00412965
0.00416045
0.00435423
0.00334098
0.00405724
0.00418703
0.00337225
0.00454040
0.00411798
0.00333940
0.00434602
0.00414625
0.00339300
0.00376050
0.00441577
0.00404768
0.00413453
0.00385662
0.00414038
0.00436863
0.00423171
0.00397718
0.00434038
0.00343689
0.00422722
0.00426729
0.00424721
0.00408172
0.00371291
0.00446921
0.00350195
0.00449511
0.00362764
0.00389915
0.00444660
0.00418013
0.00419000
0.00428798
0.00405916
0.00432965
0.00419445
0.00443351
0.00424721
0.00428090
0.00407018
0.00439343
0.00418901
0.00432965
0.00442411
0.00427687
0.00425875
0.00407018
0.00429962
0.00400448
0.00423870
0.00361398
0.00411216
0.00434192
0.00435115
0.00424972
0.00405916
0.00361099
0.00426377
0.00404387
0.00445342
0.00404482
0.00438670
0.00409715
0.00403386
0.00397155
0.00418358
0.00412673
0.00371116
0.00437894
0.00420832
0.00420286
0.00435731
0.00381455
0.00411750
0.00408316
0.00379884
0.00450147
0.00417028
0.00380063
0.00431945
0.00413941
0.00000000
0.00000000
0.00000000
0.00153943
0.00166502
0.00172743
0.00196185
0.00182008
0.00167349
0.00104006
0.00185781
0.00162142
0.00210247
0.00198957
0.00197554
0.00174113
0.00182545
0.00188030
0.00244507
0.00245808
0.00176013
0.00225770
0.00239738
0.00246214
0.00233350
0.00136366
0.00191363
0.00164317
0.00096524
0.00223018
0.00212641
0.00161894
0.00222125
0.00221942
0.00151547
0.00152929
0.00199169
0.00206317
0.00221002
0.00193131
0.00180767
0.00212190
0.00216130
0.00187941
0.00234592
0.00164414
0.00198746
0.00228610
0.00231459
0.00236174
0.00187653
0.00236788
0.00121039
0.00232471
0.00153056
0.00184276
0.00240531
0.00214530
0.00211990
0.00233295
0.00194641
0.00194503
0.00214632
0.00230533
0.00234288
0.00249429
0.00230098
0.00234647
0.00212215
0.00230315
0.00242210
0.00206366
0.00238497
0.00247845
0.00284382
0.00236118
0.00301940
0.00234813
0.00243012
0.00297662
0.00320091
0.00320961
0.00274302
0.00177472
0.00277098
0.00199875
0.00334092
0.00264454
0.00282044
0.00225877
0.00244190
0.00268224
0.00313664
0.00306894
0.00183841
0.00296926
0.00308928
0.00309840
0.00316899
0.00216385
0.00272464
0.00232087
0.00158605
0.00320696
0.00281048
0.00178711
0.00287620
0.00291719
0.00177618
0.00200063
0.00254300
0.00258198
0.00309913
0.00282443
0.00287281
0.00293825
0.00319375
0.00254090
0.00345553
0.00223228
0.00301549
0.00333148
0.00366456
0.00386977
0.00339494
0.00355684
0.00208199
0.00333935
0.00147770
0.00188163
0.00328002
0.00298611
0.00270128
0.00346574
0.00281180
0.00294658
0.00304084
0.00299776
0.00314924
0.00346942
0.00296716
0.00312593
0.00281479
0.00284248
0.00309293
0.00268699
0.00302475
0.00280518
0.00318172
0.00260431
0.00319903
0.00215012
0.00247758
0.00307873
0.00353759
0.00379788
0.00323927
0.00324386
0.00346369
0.00300413
0.00386703
0.00307910
0.00332167
0.00253880
0.00290107
0.00314813
0.00351679
0.00370935
0.00267529
0.00368146
0.00345024
0.00361221
0.00340175
0.00194755
0.00312593
0.00310279
0.00214632
0.00364861
0.00406436
0.00255141
0.00443082
0.00458823
0.00309731
0.00305558
0.00387160
0.00354553
0.00471550
0.00379878
0.00403285
0.00470550
0.00499721
0.00421471
0.00579643
0.00246069
0.00467067
0.00532016
0.00501551
0.00564398
0.00529013
0.00581629
0.00352634
0.00630492
0.00257014
0.00307547
0.00603287
0.00492815
0.00509000
0.00644551
0.00496197
0.00525345
0.00589224
0.00581629
0.00676324
0.00701922
0.00695495
0.00714618
0.00667922
0.00646150
0.00821998
0.00649358
0.00769827
0.00741490
0.00922383
0.00680725
0.01037962
0.00708325
0.00632428
0.00771281
0.00863230
0.00952789
0.00620753
0.00521087
0.00968308
0.00733489
0.01281020
0.00932116
0.00827250
0.00533084
0.00667764
0.00895585
0.01189571
0.01208947
0.01095827
0.01258409
0.01171472
0.01235760
0.00921079
0.00814855
0.00819095
0.00527766
0.00851200
0.00992589
0.01224589
0.00881127
0.01059107
0.01317486
0.01927426
0.00000000
0.00000000
0.00236947
0.00237955
0.00249655
0.00276207
0.00265570
0.00253721
0.00181016
0.00262425
0.00234721
0.00286526
0.00261992
0.00278661
0.00254951
0.00259257
0.00254171
0.00297897
0.00298706
0.00219643
0.00297967
0.00302963
0.00309537
0.00307354
0.00232654
0.00270820
0.00260022
0.00168511
0.00308771
0.00276794
0.00208831
0.00300756
0.00298108
0.00224965
0.00225496
0.00281801
0.00271908
0.00292018
0.00265445
0.00268720
0.00293330
0.00287643
0.00257945
0.00305475
0.00219487
0.00272808
0.00295274
0.00295517
0.00294508
0.00258555
0.00310854
0.00199020
0.00308625
0.00197687
0.00232682
0.00308407
0.00287067
0.00295657
0.00309318
0.00268467
0.00265852
0.00277284
0.00304863
0.00303643
0.00314282
0.00290850
0.00306847
0.00282399
0.00304576
0.00312766
0.00278628
0.00298037
0.00290370
0.00326292
0.00287609
0.00336889
0.00266637
0.00295413
0.00334988
0.00354833
0.00358407
0.00330514
0.00273388
0.00341731
0.00282866
0.00375942
0.00305691
0.00342377
0.00290301
0.00305115
0.00316066
0.00352123
0.00346071
0.00246321
0.00355880
0.00350383
0.00348734
0.00365106
0.00262642
0.00328648
0.00309464
0.00246495
0.00376519
0.00330592
0.00225203
0.00345215
0.00345093
0.00250747
0.00271716
0.00325370
0.00305511
0.00344077
0.00316925
0.00343388
0.00351666
0.00362446
0.00311478
0.00377452
0.00255553
0.00341852
0.00361933
0.00377230
0.00377541
0.00341812
0.00388747
0.00293399
0.00385414
0.00227070
0.00249390
0.00363988
0.00334830
0.00323381
0.00381840
0.00331138
0.00345500
0.00342417
0.00356006
0.00358450
0.00377720
0.00339162
0.00363859
0.00333529
0.00344280
0.00362574
0.00327874
0.00353079
0.00323343
0.00357352
0.00305871
0.00352497
0.00265977
0.00313135
0.00349063
0.00378969
0.00383193
0.00343388
0.00329541
0.00390908
0.00370440
0.00420413
0.00348159
0.00381705
0.00317823
0.00340003
0.00349640
0.00384733
0.00393498
0.00294231
0.00409839
0.00384416
0.00398730
0.00388472
0.00242516
0.00351749
0.00362317
0.00267961
0.00408295
0.00412652
0.00268056
0.00439838
0.00441345
0.00327410
0.00356300
0.00423498
0.00397087
0.00459348
0.00383420
0.00410129
0.00469867
0.00484156
0.00427412
0.00533756
0.00293815
0.00462282
0.00500351
0.00473595
0.00493844
0.00440617
0.00535269
0.00352455
0.00575535
0.00333175
0.00369001
0.00558550
0.00471310
0.00480572
0.00564444
0.00476677
0.00510604
0.00530118
0.00542450
0.00566110
0.00584703
0.00560398
0.00612080
0.00577098
0.00571679
0.00668213
0.00575060
0.00631809
0.00594086
0.00695633
0.00539452
0.00733289
0.00533882
0.00557497
0.00656496
0.00690402
0.00702725
0.00529493
0.00410419
0.00713497
0.00602199
0.00880472
0.00699087
0.00673434
0.00501060
0.00561853
0.00660300
0.00815980
0.00822259
0.00692686
0.00865645
0.00812139
0.00844868
0.00727003
0.00589619
0.00647728
0.00498173
0.00610278
0.00754252
0.00814249
0.00602483
0.00746464
0.00806223
0.00805367
0.00882967
0.00000000
0.00397851
0.00397054
0.00407683
0.00407251
0.00402856
0.00393836
0.00373392
0.00406196
0.00400818
0.00413494
0.00399450
0.00410240
0.00398603
0.00394580
0.00392538
0.00401244
0.00397945
0.00372512
0.00406291
0.00399167
0.00399921
0.00406387
0.00377599
0.00394487
0.00394441
0.00373656
0.00409177
0.00396586
0.00381538
0.00400393
0.00391198
0.00361946
0.00379967
0.00403284
0.00392955
0.00394766
0.00386338
0.00395605
0.00400535
0.00396586
0.00389908
0.00401007
0.00371328
0.00397382
0.00395885
0.00396166
0.00391475
0.00379027
0.00402761
0.00364387
0.00401623
0.00373700
0.00388760
0.00402002
0.00391752
0.00392723
0.00390368
0.00382304
0.00394999
0.00394906
0.00403950
0.00395559
0.00393419
0.00385700
0.00399827
0.00395839
0.00400866
0.00402714
0.00395979
0.00394906
0.00388806
0.00397757
0.00385791
0.00391106
0.00354510
0.00385837
0.00391336
0.00396306
0.00393697
0.00390138
0.00363357
0.00392723
0.00386794
0.00399073
0.00391613
0.00401860
0.00396680
0.00390829
0.00383478
0.00391937
0.00391106
0.00373216
0.00399308
0.00393326
0.00392909
0.00399308
0.00379698
0.00392445
0.00393048
0.00370890
0.00402999
0.00391382
0.00382575
0.00399827
0.00392723
0.00369232
0.00374097
0.00398274
0.00384973
0.00391152
0.00385746
0.00394255
0.00394255
0.00386520
0.00380954
0.00391752
0.00368579
0.00389678
0.00389540
0.00385019
0.00379698
0.00373700
0.00392909
0.00366628
0.00393094
0.00364086
0.00376310
0.00390506
0.00385700
0.00392816
0.00383388
0.00373921
0.00377065
0.00380056
0.00396212
0.00389494
0.00380999
0.00376976
0.00381853
0.00380774
0.00389219
0.00390506
0.00390138
0.00389586
0.00382800
0.00391798
0.00385382
0.00385246
0.00362244
0.00385973
0.00386611
0.00391983
0.00389632
0.00393836
0.00372381
0.00390184
0.00387387
0.00393697
0.00384656
0.00399356
0.00400015
0.00397054
0.00385928
0.00386839
0.00387068
0.00364774
0.00398227
0.00394022
0.00394720
0.00399544
0.00375069
0.00394348
0.00401907
0.00374141
0.00406387
0.00392445
0.00370017
0.00402049
0.00396961
0.00377733
0.00382800
0.00401907
0.00386885
0.00393697
0.00391706
0.00402999
0.00402951
0.00396633
0.00390230
0.00398133
0.00377421
0.00397945
0.00397945
0.00397898
0.00392816
0.00384157
0.00405239
0.00385655
0.00404713
0.00381448
0.00390000
0.00404809
0.00400346
0.00401670
0.00400818
0.00396026
0.00395979
0.00389540
0.00396212
0.00393419
0.00397289
0.00395465
0.00397945
0.00390460
0.00394441
0.00398603
0.00401623
0.00394999
0.00390875
0.00393465
0.00394860
0.00395559
0.00397242
0.00392445
0.00396820
0.00393511
0.00394720
0.00389586
0.00408213
0.00398415
0.00388119
0.00396540
0.00383614
0.00394487
0.00386292
0.00386201
0.00387068
0.00386794
0.00381583
0.00381988
0.00390368
0.00388348
0.00386520
0.00389770
0.00395139
0.00384565
0.00382665
0.00398744
0.00392677
0.00381808
0.00382033
0.00383931
0.00381358
0.00388944
0.00385291
0.00384565
