-32
-1040
-1284
-1168
-1325
-952
-1551
-1158
-844
-1241
-1364
-932
-657
-824
-1198
-1349
-1362
-1936
-1180
-1300
-1277
-984
-1594
-1045
-519
-1521
-802
-1124
-1513
-822
-957
-1428
-1190
-629
-889
-1034
-1152
-1040
-675
-916
-950
-913
-1653
-885
-890
-895
-1098
-1174
-669
-1165
-616
-1130
-965
-727
-756
-577
-752
-850
-883
-864
-549
-671
-757
-863
-672
-767
-533
-671
-847
-803
-886
-786
-830
-832
-1210
-683
-827
-790
-868
-780
-1165
-708
-740
-723
-905
-605
-576
-735
-895
-852
-938
-1341
-810
-838
-919
-631
-1080
-772
-587
-1135
-538
-996
-1379
-795
-919
-1273
-1035
-654
-872
-1044
-1093
-1071
-791
-1012
-1054
-1024
-1426
-989
-980
-967
-1182
-1322
-813
-1333
-805
-1254
-1088
-892
-869
-724
-874
-941
-1028
-1045
-732
-832
-899
-1084
-869
-957
-698
-891
-1091
-1004
-1122
-1031
-1157
-1087
-1646
-866
-990
-930
-1027
-838
-1336
-890
-868
-935
-1042
-774
-657
-812
-1021
-983
-1031
-1459
-944
-932
-996
-718
-1218
-782
-644
-1037
-642
-972
-1211
-813
-978
-1474
-1275
-712
-967
-1074
-1115
-1043
-816
-1041
-1100
-1053
-1486
-1021
-976
-986
-1191
-1328
-867
-1247
-853
-1196
-1115
-972
-957
-818
-955
-1030
-1002
-999
-699
-789
-921
-1041
-892
-968
-740
-893
-967
-882
-1011
-963
-1038
-1052
-1560
-853
-944
-868
-935
-789
-1160
-784
-787
-820
-922
-709
-587
-744
-958
-972
-1051
-1575
-969
-947
-1012
-747
-1326
-869
-696
-1311
-677
-1012
-1159
-825
-967
-1322
-1220
-772
89
2247
3228
3100
3155
2088
2122
2978
2050
3560
2663
2869
1658
1896
2296
3023
2920
2632
3330
2860
2904
2657
2025
2112
1466
1932
2720
2513
1871
2467
2375
1904
2109
2160
1816
2366
2015
2680
2141
2307
1921
2549
1909
2237
2227
2002
2087
1577
2092
1315
2152
1136
1461
2191
1638
1592
1971
1646
2405
2060
2122
1850
1797
1683
1857
1653
1621
2026
2223
2006
1634
2111
1652
1827
1386
1571
2267
2199
2001
1617
1259
1867
1835
2308
1797
2130
1539
1766
1702
1981
2125
1673
2599
1962
2237
1894
1175
1508
1669
1364
1991
2130
1574
2237
2103
1583
1846
2111
1878
2413
2027
2751
2356
2449
2202
2820
1873
2615
2547
2168
2340
1993
2354
1702
2566
1582
1918
2598
1932
2017
2291
2039
2880
2607
2644
2316
2189
2290
2337
2182
2099
2640
2963
2588
2254
2719
2407
2534
2427
2125
2853
2666
2534
1974
1907
2349
2219
2908
2254
2593
1832
2070
2162
2474
2546
2574
3174
2479
2734
2332
1962
1850
1791
1888
2456
2451
2093
2466
2380
2348
2582
2297
2128
2634
2377
3074
2478
2624
2453
2947
2611
2828
2643
2379
2577
2216
2531
2078
2631
2027
2303
2760
2049
2011
2272
2088
2865
2512
2466
2098
2125
2175
2228
2060
1966
2493
2793
2331
2038
2489
2197
2320
2241
1958
2668
2459
2256
1802
1542
2009
1935
2534
1884
2342
1659
1853
1869
2125
2237
2220
2935
2207
2507
2119
1750
1759
1827
1713
2335
2329
1691
2381
2254
1785
2201
2334
75
2062
2698
2674
2834
1926
2717
2641
1955
3009
2394
2357
1416
1627
2118
2557
2549
2785
2746
2434
2466
2201
2406
1965
1499
2293
2206
2192
1843
2083
2129
2215
2122
1777
1675
2096
1915
2362
1842
2168
2109
2396
2480
2053
2033
1795
1999
1795
1917
1961
2032
1634
1674
2111
1771
1731
2090
1952
2326
1986
1914
1766
1826
1796
1854
1781
1633
2050
2319
2049
1791
2110
1952
2015
2462
1811
2283
2158
2039
1651
1981
2034
2052
2352
2076
2085
1590
1843
1956
2071
2239
2360
2576
2081
2304
1913
1831
1779
1813
2517
1945
2298
1874
2158
2137
2053
2254
2036
2051
2478
2254
2693
2267
2454
2386
2761
2679
2611
2505
2135
2377
2159
2237
2335
2479
2340
2319
2596
2074
2027
2448
2472
3062
2674
2458
2212
2290
2348
2364
2292
2058
2653
3106
2664
2374
2604
2415
2556
2929
2247
2845
2592
2497
1930
2262
2437
2381
2903
2525
2496
1846
2099
2353
2576
2658
3153
3103
2550
2775
2271
2207
1991
1708
2732
2293
2660
2783
2404
2361
2438
2668
2229
2273
2762
2599
3073
2426
2710
2628
2934
3099
2748
2592
2299
2547
2184
2319
2162
2428
2606
2644
2641
2011
1886
2192
2171
2850
2566
2345
2034
2096
2175
2117
2057
1847
2396
2815
2407
2228
2479
2291
2278
2517
2007
2665
2435
2265
1815
1685
2099
2051
2603
2351
2385
1863
2064
2160
2340
2457
2526
2945
2407
2729
2200
2133
1935
1788
1917
2252
2490
2318
2345
2232
1809
2161
2212
7
292
616
586
331
-89
-757
499
129
790
-106
648
84
12
-161
110
-37
-1085
507
77
107
358
-1033
-192
113
-769
600
-44
-1205
303
15
-964
-346
443
-111
-58
-485
82
362
100
-225
296
-1180
169
246
1
-254
-874
353
-1194
559
-919
-453
437
-16
226
319
-5
456
157
712
302
148
-151
294
38
374
474
408
402
-40
445
-121
148
-883
230
675
660
339
107
-956
397
292
808
84
748
282
220
27
286
264
-642
774
282
397
582
-605
84
295
-334
850
432
-218
692
328
-835
-177
750
227
463
86
604
702
464
215
716
-568
502
512
328
192
-347
617
-652
741
-433
74
731
201
353
400
168
830
569
938
548
427
202
533
298
576
737
644
534
152
604
259
328
-792
226
614
674
465
288
-647
452
291
894
260
811
440
301
122
328
320
-361
863
381
465
598
-341
141
294
-467
915
458
151
786
506
-280
27
707
198
517
253
733
704
471
245
763
-150
595
563
385
265
-260
655
-510
680
-434
97
689
218
437
300
-11
453
321
762
455
327
191
396
184
479
637
562
404
29
462
228
220
-537
167
464
501
272
261
-538
291
113
688
130
747
490
485
204
256
252
-588
791
400
457
589
-405
144
438
-542
874
282
-514
653
417
-346
-42
652
-25
-531
-296
-338
-796
-946
-2389
-687
-850
-368
-1129
-271
-565
-780
-1134
-1002
-1143
-2588
-706
-1052
-1006
-549
-2215
-1172
-582
-2311
-324
-1099
-2172
-609
-1078
-2689
-1738
-317
-848
-957
-1379
-1068
-409
-923
-1204
-680
-2599
-773
-609
-789
-1096
-1654
-404
-2536
-216
-2077
-1255
-265
-645
-329
-429
-825
-340
-452
250
-173
-438
-859
-356
-573
-74
-147
-435
-295
-684
-161
-734
-519
-2170
-490
-76
86
-157
-245
-1623
-260
-505
169
-571
190
-172
-413
-666
-403
-435
-1399
38
-373
-358
48
-1176
-461
-275
-1334
417
-271
-613
184
-230
-1534
-1103
131
-611
-337
-599
-213
19
-394
-642
-141
-1505
-367
-330
-377
-599
-1100
-40
-1444
-63
-1583
-880
-130
-512
-226
-468
-796
-373
-438
116
-119
-287
-488
-250
-508
-36
-57
-399
-387
-729
-278
-454
-487
-1742
-550
-455
-225
-348
-270
-1194
-279
-572
15
-612
64
-78
-283
-581
-580
-654
-1676
-189
-467
-521
-171
-1240
-607
-241
-1467
220
-543
-1081
4
-199
-699
-694
-54
-730
-547
-706
-317
-92
-528
-788
-321
-1435
-378
-296
-405
-667
-1154
-126
-1204
-112
-1508
-1027
-284
-548
-135
-413
-705
-706
-839
-167
-328
-432
-528
-375
-632
-170
-204
-450
-424
-829
-465
-660
-655
-1363
-476
-496
-410
-660
-433
-1086
-437
-516
-222
-859
-74
-192
-107
-396
-473
-545
-1580
-191
-356
-398
-86
-1303
-563
-125
-1125
170
-579
-1632
-161
-371
-936
-620
-14
44
517
995
1045
752
378
-1172
720
265
1216
275
1117
513
499
228
684
579
-763
1197
699
772
973
-695
363
499
-681
1280
609
-697
1004
713
-675
-4
1055
418
778
321
1018
1025
794
226
1016
-731
832
877
723
493
-180
1025
-764
1093
-857
-172
1015
490
573
785
297
1001
715
1173
792
668
292
730
384
680
887
796
714
260
799
188
513
-848
320
865
905
685
435
-477
609
427
983
141
959
433
418
143
540
529
-435
1172
627
767
863
-555
345
512
-518
1167
672
-212
1024
693
-456
-15
965
226
584
148
933
952
762
395
999
-566
842
837
617
459
-59
947
-356
1089
-438
68
984
445
642
736
284
1015
835
1252
936
745
627
885
580
843
1005
875
809
405
947
493
663
-355
514
963
981
771
496
-311
797
641
1198
449
1141
641
648
404
648
608
-289
1249
726
886
927
-31
420
648
-288
1244
752
-94
1103
858
277
603
1043
497
736
343
966
991
743
456
1030
-133
996
939
752
648
188
1062
-46
1166
-133
338
1124
575
752
796
465
1043
753
1131
761
688
557
906
640
823
1063
1059
824
418
913
507
679
-84
564
1065
997
759
549
-183
743
594
1167
429
1139
576
658
505
795
781
19
1275
746
803
950
-328
407
643
-290
1158
611
-425
931
658
-261
317
1016
561
12560
16581
16250
18428
12964
21346
18727
15131
20113
18069
15411
9851
11623
15779
19163
18980
22371
19199
18661
18692
15892
18295
15188
8999
19204
15128
16818
17118
14012
14869
18297
16724
11541
11842
14464
13881
16185
11616
14929
14640
15135
19524
13190
12715
12441
14024
12728
11821
16419
11648
16846
14143
12281
10264
8546
10854
11065
12939
11278
8937
8820
10179
11076
11218
11202
8702
11407
13297
11805
11215
11514
11121
11184
14619
9648
11600
10769
10318
8063
9843
10409
11069
11798
12371
10279
8589
10081
11049
11363
12206
12606
12448
11172
12398
9570
11449
9402
9289
11948
8467
11525
9858
10120
10591
11001
12301
10064
12588
14340
13428
14672
11750
13651
13559
15062
16041
14185
13833
12145
14052
13673
12130
12743
13244
14586
14376
14523
12360
11242
13125
13268
15565
14221
12595
11256
11415
11721
12060
12721
10247
13923
17593
15014
14263
14847
14042
14546
17690
12111
16016
14592
14627
11437
14263
12760
12474
14969
14128
12989
9735
11081
12646
14107
14955
18856
16476
14045
15223
12342
14035
11672
9845
15056
11409
13763
14694
11886
11728
10628
12276
11196
12229
15400
15444
17710
12986
15263
15396
16156
18762
15128
14032
12815
14744
14533
12991
14160
13519
15223
15408
15299
12940
11465
13229
12895
16156
15382
13147
12303
12513
12768
12019
12144
10319
13448
16023
13674
13393
14203
13960
13958
15475
11026
14231
13530
13936
10936
13541
12336
11527
13923
13025
12180
9876
10234
10952
11165
11814
14767
14965
12319
14135
10586
15081
10979
9809
14291
11370
13944
15554
12695
13042
13959
13334
11478
-37
-753
-632
-581
-847
-700
-1458
-788
-884
-652
-1274
-396
-490
-664
-1129
-1166
-1244
-2342
-765
-1112
-1123
-708
-2104
-1158
-398
-1991
-493
-1270
-2228
-685
-991
-2027
-1567
-432
-1071
-1049
-1248
-774
-360
-850
-1088
-719
-2446
-723
-604
-821
-1145
-1500
-410
-1770
-202
-1897
-1363
-409
-653
-169
-353
-700
-515
-614
89
-137
-394
-581
-328
-580
-90
-153
-365
-247
-636
-243
-626
-476
-1536
-350
-222
-134
-337
-354
-967
-145
-237
39
-707
58
-194
-291
-520
-438
-540
-1424
-19
-315
-262
-20
-965
-476
-191
-877
300
-365
-1011
-38
-293
-846
-508
42
-590
-566
-801
-313
-52
-316
-510
-265
-1458
-401
-333
-373
-631
-1161
-145
-1235
-92
-1114
-757
-268
-633
-314
-454
-549
-384
-630
-161
-403
-429
-477
-237
-499
-99
-198
-491
-401
-692
-355
-614
-573
-1599
-397
-364
-276
-517
-487
-1429
-331
-339
-96
-712
-120
-264
-385
-548
-550
-632
-1644
-343
-553
-522
-196
-1051
-582
-246
-1107
82
-470
-1030
-159
-418
-1061
-614
-54
-421
-478
-731
-459
-166
-433
-536
-293
-1345
-462
-372
-384
-563
-938
-157
-1037
-113
-985
-659
-218
-539
-349
-447
-554
-325
-556
-96
-440
-495
-683
-364
-525
-181
-255
-442
-440
-731
-400
-558
-671
-1463
-490
-392
-311
-554
-443
-1218
-466
-399
-197
-652
-121
-261
-397
-605
-480
-450
-1028
-183
-468
-476
-151
-1069
-510
-175
-1153
67
-500
-1017
-128
-417
-1297
-874
-51
79
850
1391
1551
1304
943
-727
1140
804
1714
776
1563
936
928
688
1306
1322
154
1985
1409
1551
1640
24
1124
1083
24
1973
1429
171
1740
1484
-53
579
1658
1083
1673
1220
2017
1724
1724
1146
2012
517
1703
1685
1568
1445
792
1895
434
1871
109
676
1819
1195
1099
1430
863
1733
1467
1739
1397
1351
1007
1423
1051
1196
1598
1605
1349
902
1427
924
1232
183
816
1386
1403
1255
880
344
1148
901
1488
707
1402
868
861
573
959
991
255
1781
1176
1379
1283
122
864
1012
90
1604
1200
109
1499
1263
266
589
1339
688
1080
683
1448
1385
1197
827
1502
174
1509
1450
1103
1020
574
1470
349
1716
294
716
1648
1110
1328
1471
932
1531
1389
1793
1522
1339
1245
1477
1174
1341
1646
1689
1531
1041
1577
1006
1340
519
1159
1733
1663
1458
1085
452
1478
1311
1896
1133
1777
1177
1372
1143
1374
1331
601
2062
1481
1735
1560
789
1089
1225
854
1828
1574
619
1786
1580
1039
1439
1719
1208
1587
1205
1959
1728
1536
1206
1731
538
1699
1623
1367
1358
971
1669
883
1884
915
1218
1923
1277
1364
1633
1347
2079
1644
1851
1431
1403
1291
1611
1304
1332
1740
1998
1673
1269
1733
1264
1418
750
1207
1950
1808
1601
1187
788
1580
1512
2042
1263
1870
1103
1275
1237
1645
1635
916
2158
1516
1698
1611
424
1008
1162
282
1699
1371
426
1565
1287
354
1043
1649
21
371
1000
970
925
303
393
1240
686
1508
555
1158
300
341
424
863
626
-519
1054
750
737
930
-354
283
160
-368
1069
384
-618
589
282
-515
-24
599
-78
42
-401
340
487
371
78
454
-1053
176
260
138
-78
-689
437
-845
586
-532
-195
481
-31
215
265
-29
439
138
609
247
180
4
521
267
494
596
398
470
72
552
29
160
-1035
141
501
567
265
15
-1020
441
421
876
262
807
330
295
164
444
434
-681
779
364
455
664
-289
146
404
-449
833
371
-396
667
364
-559
71
796
466
671
246
803
791
709
510
1016
-193
680
684
535
439
-68
866
-393
950
-282
243
943
377
468
469
270
829
506
906
405
297
53
527
381
575
851
894
649
274
760
486
527
-351
335
755
779
582
356
-440
485
340
965
306
876
414
250
124
452
511
-12
1023
500
515
743
-293
301
463
-210
955
387
-172
676
374
-608
-106
691
265
636
449
1021
780
668
507
998
372
820
729
543
437
-18
914
28
968
-116
291
989
518
567
567
236
736
538
931
581
459
191
417
219
510
746
775
512
87
523
317
411
-270
287
585
613
431
299
-255
432
225
778
124
738
481
318
9
51
69
-408
887
394
501
534
-170
258
482
151
979
520
-72
813
604
-46
161
783
17
122
661
671
534
68
-160
684
257
931
-196
672
-95
-88
-95
234
36
-1185
468
97
94
413
-1123
-245
-28
-974
603
-117
-1214
228
-83
-1064
-479
375
-319
-236
-715
24
321
167
-139
245
-1685
-105
42
-53
-306
-887
305
-1094
479
-1040
-655
275
-227
14
134
-208
317
57
588
236
116
-96
359
85
440
414
57
234
-137
406
-113
37
-1180
76
411
518
228
-53
-1078
421
404
835
89
697
198
67
-53
262
260
-871
670
226
326
566
-529
11
307
-773
850
284
-633
642
337
-606
30
745
348
468
-42
341
634
433
221
801
-482
477
468
338
209
-372
694
-655
771
-494
54
726
152
312
283
73
648
386
776
354
315
71
629
449
676
883
682
487
65
580
197
436
-620
265
633
673
441
236
-916
342
129
858
170
761
330
147
16
311
355
-249
819
322
301
606
-562
137
340
-349
854
267
-396
616
324
-728
-172
667
278
615
412
749
679
350
103
710
-279
525
493
347
206
-274
710
-226
748
-454
-42
680
206
302
277
-29
477
293
762
403
260
-51
261
77
382
652
684
435
-43
363
74
199
-655
109
411
470
264
219
-415
232
79
580
-84
593
340
181
-137
49
101
-366
848
400
470
523
-673
104
317
-473
870
284
-465
631
366
-554
-251
629
57
1260
1848
1804
1927
1180
1588
1951
1312
2326
1921
1824
946
1112
1595
2191
2126
2249
2146
1967
1880
1814
1603
1503
764
1522
1784
1657
1499
1518
1471
1356
1368
1215
1071
1375
1188
1461
1106
1270
1161
1440
1441
1153
1128
1062
1157
911
1135
1036
1126
904
955
1183
881
777
986
869
1223
1000
1013
836
855
744
903
847
797
1072
1182
1042
856
1109
966
975
938
813
1058
1048
915
753
533
863
880
1158
1039
1103
831
925
919
1154
1308
1299
1499
1197
1282
1103
779
929
926
975
1089
1166
885
1183
1139
927
1017
1111
1081
1428
1293
1657
1293
1417
1316
1681
1646
1576
1537
1263
1377
1148
1384
1148
1501
1094
1203
1571
1227
1172
1367
1258
1617
1426
1447
1247
1191
1192
1121
1059
1041
1382
1693
1415
1203
1430
1344
1445
1729
1263
1684
1515
1458
1146
1299
1344
1197
1665
1305
1450
1046
1172
1260
1396
1432
1582
1856
1517
1631
1377
1185
1160
975
1482
1452
1465
1361
1348
1304
1296
1411
1210
1098
1437
1420
1874
1384
1562
1443
1697
1915
1724
1639
1499
1613
1326
1479
1355
1513
1404
1429
1618
1229
1086
1344
1273
1649
1411
1296
1144
1234
1267
1166
1036
968
1266
1497
1261
1081
1231
1119
1162
1202
1014
1430
1302
1211
936
984
1144
1042
1425
1060
1249
894
1014
1091
1024
1026
960
1417
1060
1244
1003
930
841
835
1065
1214
1356
1352
1314
1288
1230
1337
1258
14
-49
203
351
98
-19
-1176
158
122
398
-437
409
160
-54
-492
-321
-367
-1735
354
-138
40
224
-1178
-204
331
-1281
597
-19
-1157
416
156
-1044
-455
554
-3
174
-250
422
611
494
100
707
-782
597
600
440
198
-396
808
-826
881
-710
-156
762
284
471
477
-13
450
348
813
516
435
195
645
334
604
716
502
416
3
465
-35
275
-847
166
541
566
380
141
-720
460
206
741
46
708
326
257
-19
120
28
-965
603
162
270
459
-451
89
360
-382
804
299
-602
633
389
-581
-82
669
131
304
-13
442
565
217
-101
398
-1065
333
315
179
-10
-372
486
-567
618
-630
-195
505
103
355
331
24
420
215
685
348
217
-16
445
219
422
642
630
514
93
483
28
168
-1071
74
352
446
250
145
-670
304
272
575
-62
611
273
232
-51
181
154
-498
655
186
297
412
-595
1
310
-467
632
240
-323
603
368
-391
-30
691
158
439
133
750
673
473
252
582
-619
348
330
117
-53
-426
510
-312
668
-163
126
632
201
412
401
103
617
400
810
463
303
178
426
184
426
576
633
489
182
593
321
325
-231
313
655
610
401
238
-287
481
446
761
219
768
439
386
107
369
354
-494
907
530
660
695
-124
258
510
-525
836
245
-749
533
233
-636
-103
612
19
105
460
618
355
123
-1113
461
289
779
-164
700
362
103
-342
-200
-292
-1905
534
1
199
389
-1137
-132
429
-1301
807
115
-1142
585
287
-1037
-379
706
107
318
-135
573
768
594
143
861
-715
781
802
606
362
-329
1003
-822
1101
-564
55
1025
473
687
670
114
584
445
998
659
589
287
827
492
758
949
762
646
127
629
31
372
-982
222
687
744
519
276
-751
580
276
952
152
915
473
434
137
216
109
-1063
731
219
346
553
-498
97
472
-375
923
407
-519
809
543
-617
-43
889
280
592
251
821
869
499
107
671
-1208
470
499
347
158
-280
692
-586
852
-651
-100
747
272
574
537
194
612
373
927
553
389
140
600
362
594
891
892
797
348
801
315
394
-1040
221
530
691
489
345
-494
541
511
886
105
867
456
422
145
394
373
-463
956
439
586
660
-422
149
509
-472
906
426
-232
831
586
-206
177
927
321
711
347
1149
993
911
653
1029
-279
642
633
394
230
-293
811
-286
954
-97
316
943
423
669
649
326
851
593
1029
665
551
448
695
424
689
860
833
691
364
861
561
583
-14
514
889
848
620
402
-157
706
653
1049
411
1008
625
599
320
543
542
-451
1175
767
940
963
259
532
790
-141
1163
535
-661
802
464
-482
121
854
163
2380
3400
3493
3432
2266
1225
3429
2397
4301
2957
3559
1982
2404
2796
4052
3914
2953
4443
3892
3932
3821
2072
2998
1850
2155
4077
3568
2096
3520
3299
2166
2670
3065
2296
3137
2449
3590
2888
3195
2485
3422
2132
2798
2780
2741
2742
1808
2930
1683
2867
1409
1785
2899
2028
1637
2383
1938
3117
2422
2469
1984
2092
1753
2223
1815
1792
2389
2529
2273
1859
2539
1913
2212
1286
1682
2445
2410
2090
1477
480
1852
1780
2468
1575
2222
1414
1540
1380
1984
2157
1207
2826
2037
2330
2109
651
1548
1768
606
2300
2169
838
2412
2121
854
1459
2290
1865
2424
1723
2710
2462
2611
2228
3187
1900
2939
2862
2338
2463
1871
2732
1303
3051
1247
1831
3127
2323
2249
2751
2164
3364
3038
3241
2730
2495
2305
2548
2295
2344
2849
3082
2662
2131
2905
2339
2713
2448
2324
3413
3153
2935
2181
1688
2687
2366
3449
2539
3101
2058
2242
2209
2674
2747
2408
3666
2704
2973
2713
1679
2098
2056
1935
2974
2780
1859
2897
2610
1828
2383
2652
2188
2821
2409
3204
2749
2620
2271
3169
2427
3235
2976
2595
2754
2274
2894
2101
3087
1854
2294
3227
2362
2295
2713
2310
3500
3063
3103
2649
2589
2395
2690
2406
2341
3040
3352
2749
2167
2761
2205
2548
1861
2079
3009
2842
2593
2026
1442
2390
2106
3105
2158
2857
1922
2087
2065
2346
2388
2099
3296
2290
2513
2237
889
1585
1763
1349
2568
2451
1812
2678
2505
1871
2306
2658
-3
-283
144
68
-157
-418
-914
29
-337
258
-542
243
-280
-260
-421
-157
-365
-1484
54
-224
-224
69
-1325
-543
-405
-1332
246
-464
-1326
-138
-488
-1438
-920
-42
-729
-727
-1084
-477
-140
-510
-813
-469
-2327
-584
-430
-521
-809
-1321
-252
-1792
-100
-1585
-1089
-284
-689
-352
-424
-735
-351
-536
93
-256
-471
-637
-259
-517
-108
-172
-410
-181
-495
-37
-541
-464
-1919
-397
-135
6
-282
-372
-1561
-208
-212
133
-564
161
-199
-293
-501
-214
-242
-1344
117
-232
-144
141
-869
-378
-120
-1360
425
-192
-830
200
-118
-1023
-564
256
-265
-173
-579
-85
141
-51
-212
161
-1125
-121
-79
-117
-281
-725
217
-1104
250
-1102
-517
198
-246
-86
-185
-431
-14
-214
250
-135
-229
-412
-77
-305
83
32
-249
-280
-536
-26
-205
-210
-1135
-244
-3
86
-89
-153
-1096
-121
-295
239
-411
218
-98
-302
-470
-245
-244
-1021
144
-232
-276
125
-802
-272
4
-1024
430
-294
-1018
131
-127
-967
-592
149
-319
-179
-398
-94
62
-259
-413
48
-786
-63
-94
-162
-339
-665
180
-613
197
-1079
-653
116
-190
-44
-91
-362
-22
-210
235
-48
-123
-413
-98
-319
46
78
-112
-269
-688
-282
-456
-347
-1059
-317
-173
-105
-278
-229
-771
-194
-344
52
-586
102
-122
-281
-537
-458
-458
-935
73
-325
-387
-89
-1228
-434
-75
-679
258
-341
-987
73
-104
-689
-480
166
-23
-812
-521
-492
-841
-895
-1955
-584
-820
-334
-1205
-183
-544
-611
-978
-913
-1142
-2911
-663
-968
-921
-417
-1943
-1070
-537
-2228
-125
-1063
-2251
-532
-987
-2367
-1641
-339
-1138
-1214
-1671
-1057
-434
-933
-1265
-818
-3266
-984
-794
-871
-1232
-1754
-494
-2618
-333
-2624
-1781
-570
-963
-468
-672
-1058
-774
-931
-49
-492
-762
-1095
-522
-782
-208
-344
-786
-501
-894
-300
-890
-809
-2836
-746
-597
-293
-580
-568
-2054
-427
-454
-54
-921
24
-363
-533
-798
-484
-529
-1837
-136
-571
-559
-21
-1536
-596
-240
-1711
371
-464
-1285
70
-305
-1491
-977
133
-603
-467
-920
-342
-34
-277
-477
-46
-1618
-440
-402
-406
-680
-1202
76
-1330
88
-1567
-967
-62
-512
-317
-446
-754
-387
-616
33
-397
-521
-823
-411
-686
-140
-219
-615
-618
-925
-347
-512
-542
-1558
-495
-480
-313
-553
-541
-1696
-411
-572
-75
-805
-43
-279
-582
-877
-658
-683
-1696
-198
-587
-668
-164
-1480
-633
-192
-1503
191
-732
-1771
-195
-488
-1412
-972
-109
-693
-630
-911
-568
-239
-632
-845
-300
-1183
-391
-396
-564
-868
-1402
-155
-1259
-90
-1498
-1058
-220
-517
-264
-353
-642
-362
-618
6
-324
-431
-786
-409
-670
-188
-199
-401
-533
-1057
-618
-923
-681
-1449
-466
-360
-338
-632
-527
-1419
-475
-629
-194
-926
-108
-280
-453
-806
-815
-872
-1714
-291
-669
-733
-315
-1836
-742
-289
-942
24
-668
-1493
-253
-558
-1500
-1027
-86
906
15832
19500
19498
20905
15713
18189
19379
16000
22224
20288
17675
12147
14433
18524
24670
25449
31971
25965
25342
25781
21430
23605
20656
11651
23141
20970
23377
23745
20129
21253
23793
21996
16559
17180
21570
21010
22908
16304
19957
18752
20332
27029
17778
17291
17230
19415
17496
16054
21315
15125
21664
19007
16764
14283
10645
14467
14569
18218
16015
11972
12213
14122
15228
13545
12960
10314
13172
15855
13611
13567
13899
14100
14675
20656
12382
15876
14140
14173
11497
15230
11971
12048
13313
13489
11341
9655
11316
12315
13160
14394
16728
15608
14562
16329
11860
16120
12167
10905
14197
10793
14472
13314
12556
13056
14103
13987
11097
13321
15347
14940
16253
12907
14586
14429
16166
18810
16820
16564
14537
17263
17927
13680
16417
15048
16503
15923
16506
14751
13443
16111
15482
18704
18015
15425
15205
15294
16504
15076
15331
12744
15351
18493
16221
15093
15744
14951
15511
19733
13587
18892
17012
17629
14650
20833
15774
15684
17734
17126
15606
11838
14415
16544
17219
18027
22836
19434
16922
18505
14658
17868
13983
11811
17894
14064
17545
18993
15539
15864
17796
17826
13765
14826
17669
17785
19324
15232
16448
16901
17383
18481
17499
16427
15828
18724
20269
15673
20999
16527
19948
18921
18175
15490
14013
16212
16140
19631
18649
15383
15155
15866
17323
16282
16315
13552
16973
19231
16767
16736
17365
17460
16830
19432
13490
16811
15966
16487
13407
17638
15104
14928
17066
16068
14950
11303
12875
15285
16278
17018
21371
18374
15515
16757
12912
16558
11661
10941
13184
12399
14720
16019
13752
15176
19713
19037
13463
73
1557
2304
2265
2273
1469
1657
2217
1559
2715
1942
2170
1131
1388
1833
2417
2322
2054
2520
2209
2249
2155
1853
1667
1084
1522
2210
1948
1549
1907
1776
1387
1578
1636
1325
1738
1425
2026
1617
1842
1667
2003
1364
1500
1550
1471
1576
1207
1600
1048
1624
838
1128
1690
1209
1184
1471
1292
1868
1483
1556
1271
1296
1186
1412
1260
1266
1579
1639
1519
1287
1733
1506
1452
1077
1161
1584
1623
1450
1138
865
1339
1389
1742
1302
1571
1083
1168
1172
1438
1625
1422
1985
1452
1643
1475
1191
1213
1367
1207
1608
1614
1184
1731
1617
1247
1413
1591
1435
1838
1518
2053
1755
1898
1832
2310
1958
2046
1963
1610
1767
1499
1863
1474
2042
1223
1498
2103
1588
1647
1854
1679
2262
1992
2075
1761
1687
1668
1741
1642
1670
2072
2285
1918
1575
2032
1874
1980
2093
1737
2221
2087
1960
1568
1444
1870
1747
2355
1808
2066
1529
1640
1685
1844
1935
1981
2509
1913
2059
1852
1362
1540
1541
1914
2036
1983
1530
1987
1896
1700
1977
1828
1662
2095
1972
2428
1973
2014
1873
2345
2347
2331
2166
1895
2034
1692
2045
1967
2166
1873
1932
2277
1716
1648
1961
1872
2477
2081
2015
1725
1811
1752
1813
1641
1567
2100
2452
1976
1594
1869
1668
1783
1883
1592
2106
1901
1690
1364
1316
1632
1558
2064
1529
1877
1380
1523
1551
1581
1644
1716
2267
1653
1874
1551
978
1211
1312
1514
1752
1828
1535
1831
1718
1378
1721
1818
-35
-1095
-924
-810
-1006
-1059
-1944
-819
-1163
-633
-1323
-435
-784
-1094
-1476
-1178
-1288
-2398
-868
-1270
-1473
-760
-2702
-1278
-750
-2348
-506
-1531
-2785
-883
-1252
-2608
-2068
-673
-1459
-1461
-1804
-1440
-814
-1471
-1821
-1201
-3150
-1199
-1155
-1348
-1825
-2310
-768
-2422
-596
-2749
-2177
-961
-1212
-742
-993
-1507
-1323
-1292
-327
-636
-1026
-1458
-916
-1134
-521
-556
-873
-719
-1241
-741
-1367
-921
-2464
-774
-792
-581
-854
-834
-2261
-584
-808
-348
-1158
-227
-444
-689
-1126
-849
-968
-2260
-374
-665
-743
-300
-2312
-874
-558
-1746
33
-866
-2019
-391
-684
-1722
-1200
-180
-941
-829
-1118
-557
-282
-640
-1099
-557
-1908
-592
-491
-587
-1036
-1851
-253
-1787
-193
-1456
-1144
-422
-815
-642
-681
-983
-786
-1025
-378
-652
-718
-991
-669
-1024
-523
-574
-821
-710
-1125
-796
-1272
-938
-2191
-732
-611
-558
-857
-860
-2135
-676
-883
-444
-1232
-435
-567
-752
-1063
-1003
-1186
-2664
-708
-827
-798
-436
-1858
-920
-671
-1827
-103
-837
-1723
-508
-860
-2043
-1399
-336
-954
-946
-1235
-824
-440
-775
-1138
-744
-2237
-859
-662
-617
-942
-1612
-481
-2039
-476
-1606
-1164
-576
-895
-760
-803
-1034
-751
-957
-455
-724
-740
-985
-619
-902
-536
-645
-930
-760
-1078
-802
-1167
-1120
-2538
-1007
-767
-615
-842
-822
-1819
-787
-933
-518
-1163
-495
-680
-855
-1066
-1073
-1178
-2326
-888
-1054
-1052
-614
-1557
-1023
-717
-1944
-250
-879
-1230
-440
-769
-1812
-1445
-367
48
459
953
1028
918
410
-192
1041
455
1454
537
1221
431
372
311
1056
983
279
1566
1146
1086
1280
-344
695
420
-33
1518
770
-487
1049
759
-343
96
946
199
576
171
823
823
565
98
794
-550
578
626
409
147
-583
808
-453
928
-441
-137
769
235
380
526
69
600
347
887
583
443
165
551
242
559
781
730
702
174
676
44
472
-617
427
834
859
575
311
-720
660
497
1056
268
953
538
507
226
516
494
-664
1146
752
902
914
-448
381
547
-249
1160
698
-396
945
651
-378
204
979
454
745
378
1053
1027
851
455
1076
-186
990
1071
843
719
45
1092
-200
1270
172
527
1247
658
709
888
577
1128
802
1164
809
768
616
873
577
779
1017
1070
939
476
891
442
635
-267
570
1203
1129
920
619
-4
907
712
1379
604
1178
634
673
621
800
738
-162
1264
852
993
1039
44
479
537
-158
1284
837
202
1030
704
-272
320
998
509
824
553
1106
1043
854
637
1050
-176
866
897
845
829
391
1069
88
1165
278
711
1279
722
755
850
583
1182
905
1135
818
823
682
959
713
847
1090
1017
878
554
969
694
642
-344
403
894
967
800
561
9
729
556
1194
500
1055
547
511
468
581
593
-71
1073
595
684
757
145
264
534
-386
1046
559
133
916
726
130
416
957
22
-317
-60
-18
-295
-509
-1480
-39
-353
171
-692
158
-154
-259
-646
-369
-564
-1933
179
-32
114
219
-998
-307
-221
-1170
555
-188
-1367
117
-233
-1365
-784
203
-574
-460
-870
-188
91
-253
-751
-269
-2104
-393
-209
-334
-683
-1480
-100
-2074
16
-1409
-858
-112
-564
-245
-360
-715
-491
-680
-6
-338
-452
-625
-220
-530
-138
-195
-383
-175
-575
-159
-809
-578
-2328
-469
-64
74
-182
-292
-1596
-109
-223
233
-571
190
-143
-202
-438
-342
-472
-2129
-95
-319
-189
144
-911
-345
-90
-1347
453
-145
-938
194
-202
-1553
-865
275
-313
-168
-555
18
202
-4
-236
84
-1663
-242
-105
-29
-167
-542
269
-1040
337
-985
-405
355
-71
-4
-8
-308
95
-146
308
-71
-87
-391
68
-179
123
105
-215
-171
-448
1
-191
-391
-1772
-524
-250
-26
-120
-171
-791
-42
-127
285
-312
249
-107
-303
-415
-176
-177
-985
119
-224
-242
150
-611
-262
-16
-1252
452
-265
-840
211
-71
-961
-668
192
-388
-177
-475
-122
87
-179
-239
75
-972
-301
-329
-379
-526
-794
74
-688
120
-951
-471
149
-120
132
-70
-357
-97
-240
218
-16
-89
-306
70
-107
212
267
-41
-160
-487
-37
-114
-132
-791
-223
-226
-72
-225
-195
-792
-91
-268
195
-376
214
13
-167
-394
-381
-379
-1130
49
-253
-387
-8
-862
-376
103
-641
221
-570
-1452
-123
-259
-673
-413
75
756
12376
15111
15965
17253
12895
12912
16164
13099
18480
16141
14412
10475
12031
14669
17318
17619
17934
18450
18148
18993
16449
21361
17090
11598
20748
17281
19169
17711
16953
17799
18630
17738
14250
14541
18474
17440
19631
14316
17995
16559
18484
22699
15712
15125
15529
17338
15921
14552
17616
13342
14983
14153
14610
12763
9834
13267
13632
15997
13294
9948
9683
12239
11868
12715
12289
9322
12730
15038
12176
11411
11502
12014
11970
15157
9022
11493
10794
11445
9039
14666
10957
10894
11773
11664
9979
7729
9122
10505
10928
11739
14694
12224
10496
11178
9132
9933
9858
8887
14141
8689
12152
11603
10721
11104
11153
10855
9526
10213
12505
11791
13404
10674
12298
12500
13414
14369
12607
12036
10122
11905
12479
10592
15145
12235
15099
13148
13155
11784
10912
13339
12907
15505
14555
12881
12486
12469
12712
12582
13055
10674
14087
16711
14873
13809
14259
13752
13805
18039
11915
13953
12800
12508
9763
13165
12568
13122
14403
14502
12903
10417
12072
13146
14075
14839
18823
16747
14545
15942
12342
14479
11700
10077
15752
11866
14434
14062
12664
13032
14754
15506
11897
12936
15286
14736
16386
13048
14831
14718
15707
19090
15233
14088
12249
13941
12820
12270
12851
13239
16725
16453
15248
12925
12110
13940
14349
16947
15275
12812
12021
12902
13478
13323
13350
10938
14528
17325
14805
14296
14763
13723
14613
17548
12385
15581
13936
13485
10691
11565
11959
11470
14117
13545
12573
9946
11409
12843
13277
13793
15398
15326
13445
14739
11821
13707
11195
9467
14308
10956
13153
13395
10879
10546
9381
11531
10441
-55
-1452
-1248
-1192
-1509
-1422
-2459
-1406
-1469
-1226
-1722
-913
-1100
-1349
-1701
-1615
-1757
-3006
-1539
-1823
-1856
-1234
-2327
-1780
-1133
-3251
-1048
-1965
-2541
-1328
-1782
-3134
-2540
-1093
-1728
-1926
-2274
-2002
-1249
-1852
-1917
-1674
-3697
-1832
-1732
-1817
-2156
-2352
-1313
-3294
-1171
-3344
-2333
-1293
-1441
-859
-1390
-1820
-1726
-1565
-613
-984
-1437
-1775
-1342
-1463
-752
-1118
-1676
-1367
-1599
-987
-1328
-1344
-3073
-1211
-1262
-896
-1052
-835
-2341
-984
-1149
-733
-1360
-518
-645
-974
-1371
-1148
-1184
-2413
-840
-1120
-1266
-597
-1863
-1014
-555
-2104
-250
-1293
-2077
-636
-914
-1838
-1593
-535
-1259
-1138
-1334
-915
-658
-988
-1219
-783
-1779
-933
-948
-942
-1322
-1727
-516
-1652
-607
-2376
-1804
-840
-1022
-733
-987
-1279
-1231
-1366
-696
-921
-1027
-1348
-1031
-1318
-709
-903
-1310
-1335
-1694
-1290
-1376
-1259
-2157
-1098
-1307
-1135
-1256
-1020
-1698
-952
-1165
-922
-1579
-781
-769
-1045
-1412
-1423
-1556
-2596
-1134
-1308
-1492
-904
-2420
-1203
-741
-1653
-557
-1429
-2374
-944
-1131
-1677
-1493
-793
-1464
-1544
-1663
-1289
-906
-1294
-1579
-1224
-2198
-1147
-1047
-1101
-1545
-2077
-853
-1564
-823
-1857
-1817
-1211
-1340
-1041
-1139
-1299
-1339
-1578
-939
-1100
-1182
-1358
-1107
-1380
-911
-1039
-1208
-1120
-1556
-1397
-1631
-1478
-2104
-1036
-1225
-1205
-1523
-1337
-2002
-1096
-1077
-1045
-1638
-921
-905
-1022
-1322
-1468
-1640
-2588
-1290
-1399
-1457
-1046
-2397
-1445
-981
-1663
-762
-1343
-1944
-1007
-1238
-1739
-1318
-729
13
517
998
1065
836
503
-460
973
676
1388
524
1270
661
601
364
761
665
-692
1266
727
810
976
-780
267
620
-1091
1188
434
-998
870
609
-661
42
993
438
693
253
903
1051
857
454
1116
-468
950
957
757
570
-34
1197
-472
1341
-282
346
1358
806
970
1104
600
1196
948
1354
1018
963
667
1138
777
1015
1256
1130
983
558
1110
528
922
-100
681
1262
1228
1021
651
-160
969
643
1360
524
1238
634
632
453
748
685
-337
1269
734
831
923
-138
367
670
-116
1078
541
-360
866
617
-360
211
975
494
815
490
1224
1094
961
586
1196
-290
1013
1006
777
628
115
1054
-289
1173
-482
75
1024
472
725
791
445
1077
854
1292
905
688
533
870
623
859
1101
1150
998
543
1053
536
740
-428
601
1121
1169
1003
718
56
1011
918
1375
577
1262
748
732
492
753
731
-192
1359
781
950
984
-287
470
778
-144
1196
802
116
1115
850
118
526
1118
624
956
616
1421
1222
1184
919
1431
325
1309
1242
1020
929
450
1365
427
1469
421
732
1371
735
885
925
554
1217
987
1350
958
838
778
1060
797
947
1258
1370
1104
719
1184
855
929
344
767
1261
1176
942
625
91
969
839
1358
712
1309
813
827
600
809
808
203
1496
904
1116
1036
382
617
904
153
1329
948
76
1251
1015
318
761
1272
770
12698
15449
15793
16526
12284
11079
16149
13168
18530
16067
14531
10593
12271
14806
17212
17191
18101
18208
17235
17917
15616
14884
15951
9986
21339
16607
20091
20670
17209
17791
17625
17340
14527
14677
18601
17564
19962
14686
18432
16350
18659
22500
16606
16256
16610
18116
15426
15103
17779
13970
18331
16113
15063
12492
8718
12943
13220
17003
14341
10718
10363
12634
12455
12614
11920
8872
12788
15742
13423
13020
12479
12762
12298
15839
9517
12042
10989
10837
7998
11006
10251
9927
11793
12380
10173
8211
9616
10875
11343
11826
14197
12271
10787
11947
8986
9936
8803
7262
10052
8575
12407
14013
11026
11361
11571
11083
9545
10671
12716
11726
12832
10597
12164
12028
13322
14485
12669
12380
10372
12341
11967
9990
9760
11232
13441
13791
13252
11879
11354
12844
12186
14800
14393
12770
12453
12193
12879
12165
12664
10391
13468
15754
14587
14299
15067
14262
14164
17212
11712
14631
13523
13004
10737
10985
10946
10729
13500
13778
12655
10299
12579
13493
13953
14812
17668
16021
14135
15626
12347
16624
11847
10195
14631
11882
14391
15497
13045
13178
13930
14008
11673
12305
15390
15306
17185
13212
14801
14605
15772
17636
15070
14167
12870
15031
15111
12344
11753
12629
11287
13331
14660
12878
12310
13976
14235
17209
15707
13215
12661
13133
13759
12907
12918
10885
14149
16621
14393
14434
15360
15199
14981
16665
11562
14639
13891
14407
12042
15250
12223
11678
13832
12662
12394
9479
11200
12706
13328
14108
16896
15473
13155
14160
11708
13160
11502
9795
13621
11605
13597
14438
12036
12142
13271
12589
10325
7
-71
78
86
16
-182
-366
152
-228
254
-319
207
-139
-220
-355
-127
-211
-477
215
-40
-115
131
-619
-38
-69
291
366
-42
-633
135
-71
-622
-455
104
-519
-365
-565
-145
-53
-326
-604
-279
-1136
-359
-306
-513
-795
-1241
-288
-955
-148
-1092
-992
-404
-606
-349
-344
-503
-384
-559
-34
-254
-452
-637
-482
-636
-264
-297
-309
-209
-582
-333
-675
-554
-1274
-218
-199
-129
-355
-356
-1051
10
62
174
-277
160
43
-32
-243
-215
-309
-1235
40
-150
-87
64
-1191
-290
-129
-615
281
6
-487
160
-69
-654
-265
231
-180
-152
-424
-57
149
52
-148
103
-580
21
115
6
-163
-713
127
-693
237
37
129
254
-78
-39
32
-48
227
-33
201
-25
36
-86
113
-83
96
125
-22
23
-212
-34
-241
-258
-791
-128
14
-25
-291
-319
-1140
-172
-233
161
-149
154
4
-39
-68
-87
-168
-905
-28
-145
-111
85
-473
-288
-208
-799
221
-161
-354
-11
-262
-979
-495
55
-159
-130
-267
-167
24
-159
-249
-36
-777
-224
-130
-89
-163
-495
-52
-1053
-79
-705
-214
47
-159
-60
-154
-194
62
-120
93
-125
-136
-302
-62
-136
17
87
-44
-36
-180
23
-80
-230
-1060
-342
-229
-79
-222
-146
-790
-380
-471
-91
-427
-38
-164
-275
-335
-356
-325
-722
-191
-362
-428
-131
-629
-410
-219
-882
19
-430
-285
-153
-339
-810
-736
-163
-57
-995
-969
-1072
-1350
-1318
-1629
-1048
-1269
-1057
-1823
-795
-1027
-1240
-1681
-1483
-1637
-2567
-1010
-1277
-1373
-889
-2238
-1404
-848
-1910
-724
-1850
-3350
-1360
-1755
-2754
-2114
-1019
-1862
-2101
-2363
-1878
-1188
-1879
-2148
-1825
-3650
-1696
-1551
-1846
-2384
-2910
-1403
-2968
-1074
-2907
-2504
-1486
-1696
-1076
-1284
-1587
-1530
-1659
-670
-1026
-1404
-1710
-1288
-1536
-829
-1162
-1499
-1171
-1734
-1265
-2037
-1609
-3403
-1032
-945
-789
-1136
-1043
-2503
-749
-676
-575
-1466
-519
-700
-943
-1318
-1186
-1341
-2979
-819
-1072
-1017
-520
-2434
-1069
-720
-1834
-168
-933
-1866
-608
-1073
-2415
-1550
-375
-1065
-1181
-1556
-1063
-573
-885
-1156
-832
-2354
-935
-791
-713
-1087
-1769
-406
-1719
-349
-1186
-958
-533
-1029
-990
-1000
-1212
-806
-1049
-507
-921
-916
-1224
-744
-1069
-604
-791
-1196
-1071
-1414
-1092
-1390
-1425
-2869
-1157
-1021
-876
-1135
-1114
-2416
-857
-1007
-535
-1116
-540
-694
-1070
-1268
-1157
-1309
-2700
-1061
-1248
-1312
-738
-2167
-1301
-956
-2773
-422
-1294
-1880
-795
-1182
-2508
-1835
-643
-1090
-1194
-1477
-1440
-839
-1333
-1484
-1100
-2452
-1284
-1167
-1071
-1366
-1836
-736
-2219
-745
-1774
-1159
-709
-961
-762
-1110
-1449
-1309
-1313
-645
-945
-1055
-1423
-931
-1106
-656
-779
-1201
-1130
-1448
-1080
-1285
-1337
-2626
-1261
-1210
-971
-1191
-954
-2179
-1198
-1466
-866
-1337
-657
-708
-992
-1319
-1299
-1337
-2304
-1059
-1215
-1383
-827
-1778
-1278
-773
-2182
-591
-1534
-1982
-890
-1144
-2117
-1855
-680
803
11355
14343
15677
16729
12876
10714
15588
12522
18417
16146
14710
10755
12444
14957
17585
17592
17875
18049
16962
17652
15257
14648
14767
9373
14902
16559
19422
21398
17962
19145
20747
18361
14707
14833
19006
17811
20157
15034
18751
16814
19263
22476
16854
16459
17318
19185
17169
16147
17869
14493
17047
16347
16020
13627
10257
13399
12881
15809
13910
10552
10817
13139
13711
13077
12210
9555
12859
14556
12484
12887
13096
14290
13586
18957
10003
12220
11155
11306
8920
12219
9715
8722
11273
11443
10051
7924
10011
11321
11857
12504
14758
12406
11237
11934
9262
12219
9004
8445
9958
8607
11033
10076
10568
11697
13989
12593
9522
10772
12829
12152
13295
10819
12076
11698
13225
13414
12529
12258
10534
12482
13092
10073
11020
11081
9298
10052
12134
11355
11288
13300
13094
15132
13987
12321
12236
12143
12927
12071
12401
10460
13167
15303
13922
13450
14539
13677
14531
18199
12104
14923
13680
13574
11329
14595
11519
12051
13112
11850
11910
8860
11354
12726
13962
15046
19714
16409
14062
15330
12255
14567
11897
10471
16775
11754
14445
14432
12863
13291
15637
15455
11778
12162
14692
14215
16758
13109
15298
15263
16039
17573
15244
14307
13137
15093
15100
12877
15551
13334
13315
12776
13834
11528
10444
13340
13938
17918
16150
13078
12563
13197
14536
13379
13176
11213
13945
15964
13931
13933
14818
14538
15030
18846
12732
15569
14135
14264
10953
14354
13111
13295
14508
13144
12323
9142
10326
12173
13399
14137
17656
15801
13218
14472
11556
12362
11089
9403
13105
11671
14070
13644
12196
12412
14420
14899
10884
-1
-213
181
92
-213
-447
-1307
-124
-312
137
-551
110
-290
-440
-618
-344
-448
-1236
26
-325
-236
27
-943
-391
-295
-767
247
-256
-754
-48
-486
-1806
-1105
19
-537
-492
-830
-416
-127
-457
-679
-317
-1740
-499
-405
-559
-794
-1290
-283
-1763
-161
-1414
-878
-249
-641
-375
-497
-796
-294
-360
229
-175
-459
-736
-368
-537
-113
-188
-363
-249
-598
-154
-579
-585
-2093
-472
-188
19
-191
-219
-1457
-120
-214
230
-277
269
65
-193
-501
-345
-370
-1405
80
-302
-232
67
-1018
-346
-107
-1315
412
-126
-429
292
-39
-1084
-773
212
-355
-148
-410
-35
129
-175
-362
96
-837
-14
-18
-137
-299
-704
203
-922
239
-781
-233
284
-71
154
-90
-452
-139
-189
318
58
-67
-269
2
-219
118
183
-13
-108
-454
-61
-191
-274
-1113
-325
-196
-78
-240
-137
-945
-179
-434
139
-320
271
128
40
-246
-281
-344
-1214
59
-221
-263
40
-806
-361
2
-1017
306
-400
-1044
69
-120
-737
-564
95
-467
-244
-309
77
140
-263
-483
-111
-1139
-154
-111
-222
-422
-738
41
-812
112
-1112
-642
73
-132
209
49
-168
-94
-342
168
-12
-95
-249
-65
-304
17
144
111
33
-330
-41
-208
-212
-895
-221
-172
-98
-276
-165
-441
-156
-226
18
-657
96
-116
-70
-263
-306
-372
-1084
47
-204
-224
4
-946
-418
-54
-627
194
-423
-1010
-114
-279
-580
-391
36
26
-33
466
503
317
-72
-1019
321
-144
687
-155
552
-47
-215
-356
126
21
-825
550
137
139
457
-710
-23
-64
-690
753
83
-663
412
37
-1197
-703
356
-324
-105
-484
41
193
-150
-505
74
-1344
-112
-73
-218
-475
-1029
142
-1304
217
-1369
-823
86
-338
-123
-180
-623
-125
-228
413
53
-198
-537
-124
-366
65
76
-104
-72
-527
-12
-495
-327
-1734
-290
9
181
-33
-84
-1246
69
-86
411
-236
456
175
13
-358
-135
-162
-1344
378
-33
12
289
-1196
-194
112
-1164
616
6
-871
464
159
-933
-556
453
-220
49
-281
248
412
49
-279
307
-1011
234
260
62
-144
-640
433
-717
575
-670
-236
523
110
335
279
-115
287
113
635
367
245
29
333
45
374
514
370
294
-162
269
-72
68
-893
20
267
321
97
53
-783
201
2
562
-140
568
264
241
6
86
3
-1029
518
175
205
413
-791
-118
189
-827
684
8
-915
389
155
-627
-194
473
-93
134
-80
441
530
224
-81
363
-986
229
292
217
30
-499
467
-690
543
-677
-232
502
104
305
317
98
405
91
493
240
237
86
351
58
327
481
385
317
-41
302
-5
85
-772
32
301
323
102
9
-498
169
55
477
-280
421
36
42
-59
36
-27
-890
405
94
114
322
-696
-204
67
-752
516
-117
-802
165
-89
-738
-309
299
683
12113
13770
14781
15553
11893
10474
15752
13457
18137
15402
14354
10488
12368
14833
17640
17620
16680
18010
17349
17846
15385
14189
14312
10409
14633
16031
17701
14797
16445
18277
21355
20544
14916
16435
19421
17915
19711
15318
19075
16887
19485
22449
17178
16890
17754
19300
16828
16731
19036
15435
18695
16798
16453
13816
10006
14298
14611
17267
14151
10355
10170
13418
13483
14073
13112
10077
13440
15365
12742
12507
12511
12501
13766
19424
10803
14026
12018
11862
8768
12750
10017
9678
11470
10747
9581
6608
8441
10468
12187
12998
16674
12929
11589
12317
9626
11411
9180
8025
12138
8169
10992
9894
9495
9961
9799
11135
9428
11614
13365
12627
13445
10755
12303
12095
13356
12740
12072
11965
10472
12420
12696
10096
11924
11188
11677
11077
11832
10242
9198
11849
11772
15748
14915
12806
12199
11754
12238
11890
12516
10358
13037
15399
14018
13328
14247
12766
13875
15573
11581
15400
14334
14397
11299
13893
12045
12705
13788
12865
11908
9075
10003
11083
13001
14350
19542
16623
13946
15747
11944
14870
11605
9829
14560
11731
14769
16657
13261
13331
14424
14468
11773
12813
15517
14970
16440
12935
14593
14640
16141
19037
15761
14560
13112
15201
14774
13261
14743
13539
15627
15455
14665
11856
10924
12153
11657
15605
15547
12996
12691
12885
14412
13554
13637
11493
14453
16554
13999
13534
14472
13879
14737
17345
12078
15817
14524
14877
11908
13516
12904
11734
14725
14135
12899
10520
11428
12408
12726
13386
15857
15501
13288
14626
11415
14229
11123
9865
12389
11699
13689
13043
12533
12894
13689
13932
11225
412
7317
8684
9131
9255
6884
4858
9416
7993
11190
9203
8926
6322
7312
8646
10675
10652
9196
11149
10554
10902
9653
7721
8608
6284
8194
9954
10512
7886
9767
10411
10370
11086
9109
9839
11769
10684
11960
9415
11468
9940
11887
12597
10370
10251
10691
11490
9607
10312
10381
9605
10722
10054
10335
8395
6023
8718
8608
10899
8966
6903
6456
8267
7848
8717
8020
6291
8560
9774
8091
7644
7876
7399
8349
10187
6255
8676
7653
7549
5455
7233
6262
5786
7378
6592
6178
4157
4921
5909
7216
7707
9432
8201
7085
7607
6062
6410
5555
4753
6502
5383
6744
6233
6033
5992
4776
5707
5760
6538
7966
7446
8399
6641
7450
7150
8285
7416
7511
7403
6345
7400
7197
6402
6419
7063
6620
6737
7514
6280
5857
7072
6474
9022
8824
8049
7614
7075
7317
7159
7401
6337
8051
9427
8579
7906
8732
7689
8301
8475
6797
9241
8803
8843
6975
7896
7513
7492
8754
7961
7697
5999
6538
6786
7652
8322
10173
10130
8431
9585
7367
8811
6965
6227
8083
7513
8884
9333
8341
8311
8622
8570
7361
7496
9407
9069
10400
8176
8870
8602
9834
10754
9766
9077
8100
9242
8791
8359
8421
8610
8775
9148
9335
7519
7268
7800
7240
9284
9069
8018
7739
7864
8672
8337
8169
7006
9016
10450
8808
8240
8962
8442
8922
9856
7197
9594
8898
9072
7338
8454
8055
7225
9226
8327
8183
6451
7296
7804
7874
8142
8870
9597
8110
8939
7138
8287
6696
6219
7506
7403
8314
7298
7814
7952
8106
8418
7201
-10
-133
-45
-141
-147
-248
204
4
-206
-59
-376
-89
-268
-245
-240
-258
-408
-479
-192
-238
-261
-205
-217
-371
-373
-99
-146
-425
-510
-373
-428
-259
-266
-307
-620
-710
-733
-449
-398
-528
-584
-685
-1120
-687
-613
-669
-832
-988
-647
-847
-540
-684
-712
-671
-717
-481
-580
-557
-646
-763
-468
-580
-673
-635
-603
-677
-463
-665
-770
-558
-672
-568
-748
-828
-1366
-489
-569
-488
-669
-540
-1077
-477
-235
-447
-671
-381
-339
-381
-498
-592
-630
-1375
-594
-628
-549
-385
-771
-552
-244
-870
-293
-481
-749
-349
-484
-846
-497
-167
-272
-394
-580
-446
-211
-206
-198
-204
-784
-390
-312
-257
-332
-475
-175
-624
-155
-403
-248
-151
-300
-280
-287
-256
-120
-254
-156
-344
-275
-367
-142
-204
-100
-182
-392
-363
-395
-262
-267
-383
-764
-353
-339
-281
-352
-347
-701
-317
-315
-182
-341
-209
-280
-457
-415
-341
-338
-556
-353
-438
-504
-220
-463
-348
-271
-692
-140
-465
-521
-329
-455
-864
-614
-284
-334
-395
-430
-530
-367
-453
-381
-308
-419
-452
-485
-394
-459
-528
-269
-478
-347
-583
-395
-317
-357
-347
-464
-486
-413
-430
-306
-415
-398
-555
-354
-361
-238
-244
-400
-485
-575
-480
-409
-458
-679
-475
-590
-496
-537
-421
-643
-542
-632
-486
-555
-393
-322
-529
-647
-663
-630
-570
-492
-566
-680
-452
-694
-485
-335
-470
-340
-640
-641
-440
-503
-664
-711
-410
57
551
1053
1270
1105
728
-402
1198
785
1690
715
1527
827
819
599
1141
1072
-312
1740
1201
1280
1490
-351
891
880
-391
1880
1152
-279
1536
1229
-115
365
1360
540
989
461
1286
1349
1237
722
1551
-50
1314
1304
1169
983
259
1584
-51
1615
-287
312
1540
916
1010
1244
686
1375
1071
1469
1165
1164
864
1385
979
1168
1552
1415
1252
782
1355
796
1180
162
807
1264
1285
1066
650
-192
1137
782
1565
709
1436
792
874
690
1007
941
-176
1514
972
1040
1171
-333
593
814
-90
1404
869
-422
1191
961
25
528
1176
610
878
457
1189
1197
1005
624
1304
-155
1238
1234
966
843
316
1314
78
1541
-43
391
1438
880
1013
1261
886
1465
1098
1541
1124
976
736
1103
821
1034
1369
1460
1299
820
1359
808
1071
231
961
1477
1421
1133
798
-22
1151
1069
1630
785
1502
858
980
824
1189
1184
370
1778
1170
1324
1342
-158
725
927
129
1517
1117
96
1352
1034
31
709
1384
867
1203
792
1549
1439
1353
1086
1613
428
1447
1396
1147
1098
574
1497
439
1695
605
966
1732
1070
1081
1381
1070
1943
1541
1763
1310
1237
1053
1320
1012
1170
1484
1583
1328
965
1490
1088
1239
655
1065
1718
1588
1333
883
244
1256
1085
1776
1001
1589
911
895
806
1113
1122
499
1804
1135
1319
1257
340
720
919
181
1495
1132
462
1369
1071
231
769
1369
12
-406
-70
68
-251
-588
-1924
112
-204
456
-772
385
-293
-443
-748
-295
-524
-2284
161
-373
-328
175
-1767
-572
-236
-1846
640
-378
-1874
183
-210
-1537
-786
333
-551
-544
-1254
-466
72
-255
-746
-63
-2248
-335
-280
-378
-806
-1623
100
-2021
211
-1878
-1210
-14
-608
-337
-295
-780
-176
-473
299
-250
-392
-846
-81
-464
64
-24
-511
-401
-928
-218
-930
-604
-2376
-479
-163
-39
-446
-573
-2467
-268
-373
227
-685
304
-181
-383
-751
-312
-363
-2029
116
-419
-435
159
-1972
-540
-77
-1863
484
-448
-1859
144
-318
-2062
-1097
360
-301
-173
-708
-180
200
-220
-599
173
-1717
-54
-41
-179
-487
-1104
342
-1326
453
-1434
-787
327
-236
-112
-37
-468
340
26
651
108
-64
-588
112
-208
209
380
157
-17
-582
25
-466
-219
-1651
-323
63
135
-157
-278
-1498
-153
-377
303
-546
370
-82
-370
-724
-256
-255
-1083
454
-149
-184
223
-1651
-415
-125
-1466
542
-379
-1285
163
-261
-1626
-1050
210
-559
-287
-574
3
167
-316
-644
57
-1287
-10
-32
-262
-586
-1279
233
-1245
323
-1240
-714
182
-331
-63
-195
-688
-75
-218
465
121
-146
-400
-79
-416
70
213
123
-28
-584
-68
-500
-244
-1297
-200
138
152
-142
-211
-1254
-74
-396
310
-527
356
70
-101
-537
-454
-545
-1737
279
-140
-119
122
-1391
-487
-97
-1334
504
-385
-1417
93
-258
-1216
-785
166
198
2295
3248
3673
3597
2685
670
3565
2638
4545
3025
3833
2562
2822
2818
3834
3732
1578
4603
4059
4229
4091
1595
3242
2528
1789
4478
3835
1683
3965
3775
1927
2726
3709
2902
4194
3581
5077
4005
4572
3493
4765
3200
4048
4060
4131
4124
2835
4387
2722
4164
2607
3045
4374
3281
2607
3601
2954
4203
3370
3158
2839
3370
2961
3599
2943
2603
3668
3984
3394
2856
3332
2745
3203
2401
2107
3224
3074
3016
1990
2345
2822
2307
3349
2259
2833
1737
1994
2036
2517
2486
1491
3309
2654
2943
2562
1602
1958
1928
1352
2670
2467
1084
2552
2294
1186
1695
2380
1763
2420
1833
3105
2670
2872
2447
3219
1460
2892
2887
2367
2498
1872
2686
1241
3091
1449
1973
3139
2334
2512
2894
2313
3275
2943
3225
2810
2585
2585
2953
2751
2583
3316
3653
3403
2823
3540
2739
3065
2146
2517
3570
3489
3268
2372
1856
3114
2983
3866
2874
3429
2344
2699
2654
2947
3025
2155
3901
2996
3456
3047
2453
2465
2594
2421
3306
3296
2163
3358
3065
2267
2973
3204
2787
3523
2934
4031
3414
3569
3268
4003
2778
3685
3448
3073
3341
2814
3508
2417
3754
2454
3020
3983
2925
2852
3282
2986
4106
3494
3475
2832
2904
2776
3290
3036
2769
3722
4252
3509
3056
3720
3266
3394
2909
2674
3799
3601
3445
2526
2360
3226
2933
4001
3056
3531
2299
2480
2656
3145
3263
3028
4053
2992
3238
2957
2055
2366
2376
2159
3165
3026
2021
3093
2781
1663
2445
3026
143
2738
3346
3500
3520
2540
2029
3538
2927
4257
3411
3351
2217
2529
3153
3968
3975
3734
4185
3860
3997
3623
3218
3250
2286
3399
3816
3989
3367
3714
3830
3648
3860
3313
3424
4150
3706
4190
3347
4092
3654
4354
4681
3637
3608
3672
3981
3274
3614
3524
3392
3511
3418
3664
2923
2220
3126
3061
3964
3271
2669
2433
2980
2785
3080
2838
2380
3132
3476
2916
2686
2939
2821
3029
3632
2355
3168
2905
2828
2107
2504
2473
2258
2997
2679
2541
1801
2007
2329
2699
2893
3406
3145
2594
2764
2306
2273
2093
1900
2655
2191
2674
2654
2511
2514
2217
2390
2304
2540
3121
2935
3299
2630
2903
2778
3358
3367
3116
3048
2565
2945
2767
2615
2722
2856
2681
2706
3033
2517
2407
2856
2655
3556
3373
3165
2948
2799
2832
2761
2800
2482
3209
3763
3337
2941
3277
2977
3125
3455
2669
3475
3274
3176
2621
2860
2819
2794
3400
3069
3069
2452
2748
2835
3027
3253
3836
3932
3243
3604
2864
2823
2561
2390
3056
2935
3345
3366
3198
3174
3211
3290
2868
2843
3603
3543
4081
3272
3467
3314
3836
3990
3807
3611
3208
3601
3289
3282
3196
3423
3426
3565
3719
2979
2928
3240
3098
3910
3633
3247
3111
3215
3504
3329
3183
2777
3684
4301
3695
3443
3698
3476
3635
4067
2960
3834
3525
3463
2785
3172
3080
2787
3618
3108
3204
2471
2863
3117
3113
3204
3485
3831
3216
3573
2831
3122
2500
2324
2891
2923
3231
3044
3006
3020
3176
3321
2786
68
505
989
1196
983
602
-1042
1086
553
1659
672
1452
791
684
456
1022
910
-535
1569
1082
1103
1343
-572
690
679
-306
1651
922
-349
1307
1057
-352
294
1343
732
1282
881
1652
1402
1318
627
1538
54
1236
1269
1181
944
71
1499
-81
1442
-98
379
1376
748
693
932
425
1107
776
1194
852
854
455
953
573
782
1151
1160
961
416
856
298
631
-600
351
858
897
696
433
-263
691
441
1070
262
1009
551
521
241
521
468
-664
1132
698
811
866
-614
278
513
-598
1057
493
-489
833
539
-572
-93
863
217
602
296
1147
1028
889
485
1085
-461
929
1009
751
608
-21
1044
-317
1220
-107
321
1140
596
819
865
421
977
763
1245
957
790
714
966
686
878
1181
1216
1163
705
1168
652
833
-242
634
1128
1160
930
626
-60
908
760
1310
489
1193
720
786
562
644
594
-452
1273
822
1069
1024
313
513
787
-43
1316
854
11
1119
845
129
577
1090
548
848
519
1245
1177
1022
768
1210
-137
1030
1052
904
867
357
1184
-73
1294
31
566
1302
716
916
920
678
1131
793
1136
772
752
722
1030
771
907
1217
1299
1103
773
1229
891
915
54
701
1233
1250
1072
751
241
1014
849
1430
613
1228
642
689
650
740
727
-111
1187
681
791
927
146
453
760
-63
1194
734
-96
1009
726
-150
395
1048
48
128
549
682
521
176
-1005
613
-5
1038
114
901
316
195
-30
429
266
-883
906
516
484
740
-780
154
148
-505
1028
266
-686
659
435
-586
-176
709
46
462
177
927
729
521
-93
627
-818
426
510
392
78
-714
659
-815
657
-841
-427
480
-13
131
179
-258
149
-97
512
209
85
-208
159
-170
186
349
309
311
-210
201
-357
-94
-1481
-126
212
317
81
0
-895
176
88
472
-319
481
204
172
-178
-2
-69
-1423
531
217
356
472
-967
-58
227
-980
741
165
-835
516
210
-855
-365
588
-94
194
-140
655
674
526
158
622
-963
418
538
401
223
-397
655
-629
782
-342
34
715
210
388
431
118
602
313
721
434
401
349
630
326
516
727
672
651
286
675
306
385
-617
222
635
663
449
183
-422
455
315
812
16
678
251
234
108
162
92
-895
616
257
421
541
-22
78
338
-522
863
317
-420
601
321
-413
62
614
123
283
-44
467
609
391
234
573
-773
320
357
324
250
-190
603
-621
666
-557
11
690
222
412
358
183
547
257
592
264
282
188
576
361
533
729
635
503
217
638
390
388
-516
205
590
662
507
286
-267
472
301
850
132
694
205
141
117
233
235
-439
585
172
161
461
-283
43
304
-419
730
157
-509
476
210
-582
-135
539
244
3385
4201
4803
4744
3621
1414
4690
4011
5862
4448
4837
3407
3719
4045
5316
5414
3402
6019
5451
5674
5464
2893
4792
3683
3187
5862
5603
3394
5416
5259
3324
4199
4823
4383
5740
4954
6304
5122
6379
5510
6927
6870
6057
5893
6046
6369
5082
6256
5093
5844
4833
5117
6346
5114
3821
5367
4777
6439
5418
4512
4206
5127
4574
5290
4658
3919
5339
5748
4735
4326
4797
4519
5102
5628
3550
4816
4451
4491
3027
3823
4088
3180
4799
4030
4023
2700
2989
3341
3796
3851
4008
4569
3691
3874
3373
2897
3067
2741
3662
3438
3855
3062
3686
3625
2953
3152
3211
3054
3828
3415
4239
3520
3749
3353
4420
3899
4420
4254
3507
3873
3429
3696
2980
4135
2840
3153
4248
3521
3513
4136
3607
4614
4291
4341
3977
3645
3560
3714
3688
3279
4444
5411
4837
4143
4705
3977
4383
4479
3787
4977
4723
4514
3537
3423
4258
4022
5117
4412
4650
3471
4108
4167
4393
4522
4657
5420
4309
4767
3920
3048
3329
3266
4241
4004
4695
4454
4546
4454
4332
4629
4250
4012
5107
4766
6016
4747
5116
4742
5468
5089
5337
5067
4416
4867
4288
4652
4140
4996
4620
4830
5375
4210
4004
4718
4495
5812
5118
4762
4244
4291
4449
4329
4032
3584
4810
5843
5030
4726
5228
4890
4906
5521
4125
5482
4976
4778
3655
3961
4432
4145
5317
4550
4742
3432
3993
4329
4713
4806
4869
5654
4608
5110
4136
3974
3463
3191
3485
4170
4540
4116
4287
4109
3760
4295
4061
78
376
901
1133
946
494
-855
1077
483
1606
468
1337
557
584
496
987
771
-888
1318
958
1002
1263
-409
528
424
-549
1562
785
-305
1127
855
-325
224
1129
415
861
410
1373
1155
1208
618
1286
-379
837
957
995
779
-46
1257
-389
1200
-400
131
1146
530
484
722
271
842
451
914
532
575
220
707
332
612
781
548
576
174
705
215
327
-1102
96
485
647
422
200
-731
455
363
867
43
804
342
299
65
359
349
-1039
833
424
544
765
-556
221
557
-924
1028
401
-792
822
498
-741
-189
851
221
529
43
774
890
806
507
1107
-498
748
805
616
508
-23
999
-386
1139
-495
83
1087
575
750
832
438
1021
742
1181
814
718
514
951
720
917
1192
1072
948
520
1093
698
860
-69
593
1007
1085
888
556
-173
850
650
1306
463
1152
602
546
399
562
575
-246
1166
611
706
900
-85
438
780
63
1214
665
-293
1006
743
-78
411
1005
510
818
489
1036
1057
850
617
1198
41
987
942
768
686
161
1170
68
1264
-200
282
1201
657
795
872
620
1080
753
1129
770
732
532
906
681
881
1248
1299
1001
566
1026
706
895
272
730
1134
1123
940
631
167
1003
759
1419
635
1213
658
620
556
723
714
147
1278
762
764
918
-360
418
599
163
1183
683
-184
916
639
-175
336
961
841
13615
15011
16627
16921
13579
8396
16742
14868
19986
17755
16177
13054
14680
16523
19642
20146
15926
20830
20712
21481
19035
13951
18233
13155
15975
19495
21300
16985
19003
19751
18275
19125
16488
17615
21634
20448
23294
18009
23834
21355
25173
31994
23586
23192
24128
26251
22574
22563
22977
20508
23400
22151
22760
19606
13881
19815
19454
23713
20148
14570
14866
19175
18647
19100
17640
13486
18368
21043
17398
17104
16605
17132
18650
25487
13585
17895
15594
16244
11592
18302
14089
11364
15925
15626
13061
9406
11630
14472
14689
14893
19722
15161
13662
14308
11351
14853
11719
8947
17656
10592
15173
17655
12738
13448
15214
14124
10556
12372
14494
14507
15602
11963
13774
13562
15078
16850
15343
15133
13747
16301
16789
12507
14745
13442
14055
13523
14256
12878
11700
14141
13867
16354
15595
13668
13416
12674
13726
12344
13290
10580
14347
18509
17129
16705
17071
16515
16009
19715
13549
17021
16231
16329
13223
16217
14485
14519
16688
16499
14881
11558
14140
15803
16151
17056
21952
17942
15169
16717
12665
15368
11878
10837
16147
12186
16863
20978
15542
16469
20766
19044
13915
15305
18564
18149
20706
15772
18466
18708
19286
22761
18405
17414
15691
18396
18440
15581
17488
16262
18465
18576
18161
15496
14312
16292
16402
19308
18060
15265
14677
15018
16846
14479
14536
12476
15617
18556
16347
17202
18399
19129
18288
24839
15577
19098
17358
17534
14235
16905
15451
14806
17772
17248
15620
12400
14657
16572
17193
18031
20894
18957
16621
17979
14132
18380
13507
12277
15541
13565
16250
16030
14706
15378
17729
17909
13608
70
616
1016
1197
1294
851
1221
1251
998
1567
933
1138
394
495
998
1429
1387
1517
1356
1159
1187
1204
1900
906
538
1109
1246
1021
1494
1064
1076
1386
1245
950
855
1167
972
1513
939
1426
1484
1427
1305
582
590
701
795
613
821
927
660
424
535
648
343
327
310
334
545
310
430
171
197
200
296
305
449
374
173
123
64
456
666
246
304
264
194
345
266
301
251
322
633
506
369
490
451
277
163
247
486
224
670
402
461
547
527
497
944
403
615
326
-412
552
482
293
462
575
608
721
585
715
676
736
846
1177
1452
1030
927
614
679
599
901
1124
1024
627
656
995
778
904
925
899
1102
880
994
788
818
710
965
988
971
1324
1496
1032
599
843
780
1016
1370
940
1062
931
829
696
899
850
815
1048
693
914
744
681
643
542
643
1135
1160
736
777
755
347
725
843
1863
942
902
512
834
748
505
840
822
683
916
1030
1107
929
683
623
870
818
969
891
694
683
372
865
1173
1016
1275
993
959
618
650
785
900
1106
801
826
678
715
740
777
700
634
1186
1744
1351
1001
940
802
925
1087
935
1141
989
831
558
733
952
866
1131
731
872
666
621
679
508
435
551
919
644
774
524
24
202
224
640
613
662
862
542
420
326
629
626
81
709
1133
1453
1323
825
-437
1461
999
2042
964
1722
852
825
798
1544
1482
141
2002
1501
1494
1791
32
1155
979
39
2119
1337
-12
1670
1443
346
832
1544
911
1400
874
1778
1528
1747
1246
2070
1116
1631
1570
1536
1379
565
1924
672
1817
284
681
1762
1088
896
1304
847
1600
1129
1393
999
1136
727
1299
912
1068
1445
1351
1051
572
1135
737
1077
466
749
1179
1138
918
505
-143
958
679
1382
613
1253
685
644
440
776
789
-74
1400
842
883
1041
-444
577
840
155
1261
788
-501
1082
823
-234
327
1088
604
893
515
1146
1141
956
594
1367
222
1343
1326
956
839
261
1311
220
1550
126
441
1419
866
977
1230
863
1518
1174
1586
1185
1011
767
1138
915
1051
1531
1809
1524
933
1402
855
1220
602
1088
1685
1575
1304
876
241
1303
1095
1785
965
1600
971
1032
883
1097
1080
561
1813
1156
1325
1256
-95
705
861
640
1508
1264
633
1430
1147
329
888
1408
920
1319
1030
1716
1520
1341
1036
1586
536
1515
1482
1203
1156
501
1492
399
1675
844
1150
1714
1012
1065
1258
1006
1726
1372
1611
1226
1147
1089
1242
955
1078
1515
1795
1521
1149
1549
1173
1273
739
1121
1796
1650
1400
951
342
1335
1078
1868
1135
1618
1012
1059
1019
1149
1104
413
1724
1177
1358
1221
434
626
747
107
1453
1137
716
1319
1034
304
795
1310
31
-192
44
249
14
-324
-1739
281
-300
716
-355
646
10
-284
-628
-5
-159
-1623
578
60
-93
443
-1821
-272
-100
-1247
763
-368
-1688
178
-148
-1261
-760
273
-543
-292
-681
263
232
81
-526
371
-742
308
295
52
-430
-1466
453
-1381
455
-1475
-1025
147
-395
-210
-166
-700
-220
-527
303
-131
-332
-795
-283
-673
-98
-46
-209
-239
-954
-392
-1072
-596
-1991
-378
-151
-135
-554
-559
-2103
-320
-450
49
-824
190
-2
-117
-689
-577
-674
-2342
113
-308
-214
133
-2047
-422
-6
-1175
565
-135
-1511
280
-185
-1735
-950
381
-469
-277
-663
87
356
-77
-602
144
-1775
188
331
130
-205
-1068
417
-1400
578
-1045
-585
365
-234
-19
45
-288
303
-100
532
94
-52
-259
157
-202
124
444
585
528
-18
375
-165
27
-1390
-39
446
470
135
-146
-1278
175
-92
629
-381
515
23
-60
-268
-216
-380
-1505
271
-239
-98
137
-1227
-509
-220
-1245
587
26
-335
411
27
-985
-464
417
-277
-91
-468
199
386
48
-207
184
-1518
-62
58
8
-186
-884
320
-1493
394
-958
-270
424
-142
59
-66
-365
63
-195
375
-17
-154
-248
-30
-338
95
127
-16
31
-217
293
69
-130
-1182
-129
280
359
87
-49
-1172
59
-180
560
-194
472
67
-10
-185
-118
-181
-1370
209
-156
-147
189
-589
-416
-51
-1495
546
-259
-868
264
-94
-1030
-609
298
63
291
781
981
667
250
-1722
832
234
1414
122
1264
513
421
40
686
493
-1515
1352
812
846
1204
-1341
351
393
-1209
1652
588
-1178
1082
703
-876
-113
1090
152
547
-11
1030
1038
852
80
1089
-752
958
997
928
557
-513
1293
-881
1261
-844
-199
1127
379
355
656
46
855
406
970
514
527
87
718
174
531
786
638
532
-66
539
-204
269
-1371
63
674
687
369
29
-1299
354
24
812
-297
770
167
133
-232
98
-19
-1667
681
124
235
541
-1447
-159
224
-1396
915
186
-1189
693
259
-1373
-625
753
-109
161
-393
440
711
326
-166
599
-1797
426
534
337
96
-574
753
-1179
957
-1180
-479
788
153
400
498
-34
745
467
1109
646
396
159
630
274
617
851
771
743
239
890
298
473
-966
300
923
998
732
364
-713
711
463
1231
193
1119
416
365
137
470
412
-758
1085
426
556
770
-691
42
420
-1023
1133
425
-503
946
591
-427
98
960
256
553
64
791
930
597
297
921
-792
670
648
480
321
-285
953
-639
1067
-686
16
1031
371
609
591
183
859
565
1086
652
529
362
749
401
762
946
782
589
171
825
457
578
-355
432
966
945
699
426
-444
675
394
1195
289
1090
453
406
238
546
534
-370
1145
562
564
808
-376
160
483
-600
1118
315
-739
788
465
-434
80
868
92
1176
1853
2137
1841
1239
-783
2013
1496
2770
1363
2403
1430
1425
1153
1923
1830
-162
2751
2012
2189
2358
-256
1477
1477
-180
2884
2027
-120
2475
2106
128
1105
2391
1512
2190
1436
2425
2398
2270
1490
2654
505
2206
2189
2070
1877
767
2623
439
2639
612
1339
2712
1712
1604
2100
1459
2559
1987
2286
1799
1996
1547
2337
1740
1835
2531
2562
2135
1534
2217
1476
2066
826
1390
2329
2232
1996
1213
341
1848
1261
2477
1270
2145
1142
1174
1029
1578
1491
300
2312
1551
1681
1714
115
925
1125
107
1912
1304
-39
1687
1333
-156
600
1699
1010
1531
999
1966
1808
1568
1060
1951
-79
1681
1683
1226
1119
419
1672
-98
1976
-36
667
1926
1165
1461
1658
1086
2073
1756
2320
1808
1487
1246
1681
1356
1580
2037
2184
1960
1280
2024
1256
1550
215
1314
2191
2162
1866
1396
510
1780
1661
2413
1391
2259
1454
1570
1263
1663
1712
611
2661
1822
2140
1988
522
1250
1554
485
2265
1792
647
2149
1731
510
1186
2080
1346
1958
1470
2533
2256
2080
1703
2480
815
2281
2172
1764
1759
1101
2238
785
2470
877
1501
2508
1585
1836
1971
1509
2576
2170
2516
2010
1892
1816
2192
1799
1913
2483
2666
2216
1650
2329
1808
1978
1025
1565
2421
2283
2020
1466
928
1941
1677
2586
1579
2368
1490
1590
1475
1775
1792
1082
2752
1876
2146
1969
1124
1306
1511
854
2320
1833
870
2109
1789
987
1517
2042
51
-53
357
582
496
266
-817
409
90
749
23
610
128
86
28
414
344
-816
584
387
402
715
-309
301
221
-813
941
334
-457
606
366
-666
-253
527
58
297
23
506
450
411
157
551
-480
316
347
509
428
204
780
160
710
-343
-12
700
359
209
365
0
417
233
478
246
302
-9
378
148
328
395
136
78
-166
213
48
62
-854
-189
-28
164
127
26
-340
121
14
310
-219
284
18
-137
-307
-81
-42
-553
309
-15
-21
198
-562
-61
253
-745
463
-13
-817
410
301
-259
-131
421
-18
181
-80
221
361
159
-11
385
-493
226
211
82
-38
-271
470
11
590
-306
-112
502
256
393
397
99
282
153
480
337
291
163
387
213
396
530
466
309
-25
314
155
346
269
316
512
475
381
205
81
497
291
699
156
604
258
224
149
239
189
-221
574
298
267
370
-276
20
298
140
457
17
-696
244
174
43
328
420
203
317
231
559
489
320
123
413
-123
371
391
254
119
-263
442
92
547
45
61
440
127
215
354
309
500
189
398
209
258
154
334
153
290
427
489
338
-16
153
-104
84
-198
222
510
391
242
128
128
393
411
575
113
455
159
173
181
308
283
-52
577
386
414
433
-347
65
92
37
477
198
-168
222
0
-479
-9
360
645
9217
10735
12356
12948
10807
8288
13286
12577
15326
12908
12390
9752
11012
12305
14887
15545
12926
16209
15559
16106
14731
7633
14057
10819
11508
15557
16869
10292
15606
16004
12109
14109
14110
14132
17636
16229
17492
14836
17339
15586
18180
18274
16417
16207
17146
18695
16986
17859
21408
17496
22260
19494
19344
16441
11905
17044
16240
19975
17169
12853
13249
16962
16219
17667
16207
12469
17411
19392
16287
15818
15333
15267
17056
22142
12140
15505
13768
14271
9414
15642
13173
10905
14734
13684
11630
7821
8988
11596
13476
13557
18075
14588
13507
14057
10645
14330
9725
7265
12916
9249
11446
11260
9695
10547
12199
12583
9251
11285
13028
12730
13573
10380
11988
11571
12627
14506
11850
11650
9932
11620
10825
9571
9929
10791
13478
13004
12308
10910
10045
11888
11445
13177
12564
11088
10898
10733
11143
10566
11034
9098
11270
13616
12553
11569
12245
10455
11491
13394
10540
14573
13362
13256
10969
12651
11561
11912
13498
13417
12013
9601
11482
12409
13239
14147
15035
15262
14020
15596
12099
14786
11365
10076
14015
10661
13299
13746
11551
11173
10341
11907
10983
12198
15273
15417
17807
13144
15251
15063
15971
17302
15355
14809
13550
15825
15922
13246
14552
13794
14993
15235
15346
12718
11560
13410
13192
16777
15916
13422
12753
13232
13876
13404
13414
11128
14097
16475
14279
13767
14440
14013
13561
13773
10512
14536
13928
14885
12099
16858
13527
13173
15058
14555
13176
10326
11538
12982
13835
14629
17099
16311
14114
15669
12283
15447
12044
10188
12733
12216
14435
15499
12961
13076
13709
13215
11178
38
-53
311
503
330
160
-1098
335
-57
701
-215
676
196
127
-163
180
70
-1275
644
245
260
613
-828
74
248
-993
963
113
-1038
558
283
-750
-335
521
-204
38
-263
455
463
215
-187
393
-997
328
339
330
99
-369
684
-422
698
-945
-489
544
102
190
281
-145
270
-20
505
179
120
-180
215
-141
229
294
121
50
-383
96
-271
-121
-1260
-170
61
166
-17
-94
-783
110
19
338
-483
353
3
-64
-358
-151
-207
-1229
322
-119
-79
201
-1250
-280
163
-1093
514
-120
-1264
342
96
-778
-353
438
-231
-101
-481
108
359
55
-208
229
-1314
95
132
-24
-244
-677
391
-554
585
-652
-371
422
-7
203
272
-39
379
95
569
243
139
-4
304
4
319
402
311
233
-153
302
-20
118
-442
191
509
463
221
-5
-608
379
262
695
-73
609
134
69
-78
124
46
-802
527
90
138
332
-751
-232
168
-725
505
-104
-995
245
0
-629
-55
438
68
109
-218
222
416
153
-50
353
-806
198
213
68
-116
-633
377
-742
494
-591
-210
411
-60
124
160
-11
453
153
531
159
102
-65
285
45
327
391
300
156
-216
190
-157
4
-687
104
529
446
215
59
-551
265
167
620
3
544
110
12
-78
175
162
-462
553
163
155
375
-679
-136
57
-599
500
-60
-602
196
-138
-1004
-428
322
651
8998
10426
12004
12021
9673
5418
12655
12088
15052
13254
12205
10135
11221
12136
14254
14641
10604
15568
15294
16440
14350
8030
13319
9958
8982
15229
16831
11264
15448
15496
10411
12966
13998
14059
17638
15954
17131
14863
17429
15562
18069
17866
15944
16012
16695
18334
15795
17032
16565
16630
21344
20466
19741
16845
12764
17090
16162
19665
17158
12893
13273
17056
16373
17866
16454
12574
17525
19349
16621
16604
16203
15893
17355
20877
11768
15855
14337
14921
10149
14841
12774
9751
14885
14106
11951
8174
9648
12288
13544
13520
16447
14015
13401
13986
10979
16833
10316
7501
13102
9550
11578
12634
9837
10307
10587
10760
8876
10403
12913
13001
14363
10417
12237
11892
12787
13963
11473
11361
10071
12062
12005
9390
8799
10125
9962
11259
12034
11106
10530
12019
11510
13153
12565
11130
11044
10802
10938
10402
10985
9025
11328
13450
12479
11776
12577
11527
11347
11579
9290
12789
12566
13174
11345
14859
11564
11923
13108
13071
11846
9499
11488
12401
12962
13998
15069
14880
13554
14843
11930
14491
11731
10417
14076
10988
13433
14307
12055
11865
12148
11795
10590
10555
13985
14095
17457
12713
15402
15654
16129
18171
15296
14472
13160
15416
15993
13361
16287
13906
14529
14387
15130
12928
12159
13822
13421
16135
15183
12971
12675
13243
14233
13440
13360
11236
14233
16191
14074
13779
14597
15063
14115
16651
11131
13502
12963
13752
11055
16428
13632
13371
14857
14482
13140
10504
12141
13498
13738
14374
16479
15988
13902
15208
12098
15263
12127
10875
14422
12252
14281
13094
12776
13370
15913
15221
11254
394
5270
6373
7506
7335
5844
1939
7486
6855
9320
7944
7749
6278
6957
7273
8591
8756
5042
9444
9091
9865
8831
4997
7903
6205
4064
9561
10006
6296
9638
9484
5663
7286
8690
8320
10730
9418
10537
9300
10775
9416
11385
10105
9774
9824
10196
11114
9366
10537
8272
10138
10354
11135
12043
10188
8119
10485
9636
11876
10354
8181
8225
10355
9744
10901
9920
7884
10879
11703
10056
9965
10225
9917
10819
12010
7067
9679
9005
9462
6574
9095
8038
5905
9436
8427
7722
5083
6050
7528
8431
8419
9604
8859
8144
8350
6997
9525
6488
4949
7939
6378
7159
7208
6445
6631
6459
6325
5639
5867
7651
7524
8952
6551
7631
7279
8136
8108
7238
7075
6233
7278
7184
6089
5639
6504
4828
5780
7282
6597
6470
7493
7013
8241
7679
7111
6937
6680
6693
6481
6650
5709
7247
8454
7780
7153
7932
7301
7238
7409
5926
7729
7651
7893
6673
8788
7318
7562
8243
7737
7487
5849
7081
7465
7900
8485
8971
9401
8216
8973
7359
7690
7055
6535
8584
7101
8369
7966
7736
7634
8095
7852
6837
6438
8348
8027
10370
7907
9417
9419
10018
10932
9654
9077
8020
9168
9049
8374
9751
8893
8892
8612
9389
7798
7469
8714
8470
10325
9350
8222
7801
8170
8741
8459
8218
7049
9025
10319
8920
8502
9190
9141
8996
10967
7471
8973
8294
8325
6433
8715
8397
8236
9429
8768
8344
6412
7493
8311
8595
8895
9949
10110
8531
9363
7569
8550
7261
6587
9052
7725
8941
7717
7982
8140
9145
9500
7301
46
275
520
666
532
197
-606
776
501
1041
163
799
249
177
115
559
445
-585
875
563
550
816
-1010
326
261
-410
1065
529
-627
702
484
-489
104
732
246
382
-7
513
622
610
250
738
-222
592
631
637
443
-160
925
149
982
419
419
917
427
224
585
262
786
485
702
429
544
218
656
359
509
655
471
439
98
417
-25
279
-486
226
513
505
252
-33
-960
338
213
687
169
568
247
132
-6
244
210
-610
578
292
376
464
-525
48
209
-630
637
311
-460
545
311
-688
-69
648
406
545
205
406
592
373
94
619
-437
462
520
373
292
-193
595
-598
704
-95
316
775
379
408
471
226
695
529
782
503
444
225
568
420
516
744
777
641
310
628
266
456
-267
313
845
828
695
470
-165
513
255
916
437
818
411
358
300
496
491
10
823
505
534
613
-62
195
276
-219
677
328
175
551
310
-425
-84
550
258
601
539
915
686
515
347
701
-46
540
560
470
445
131
664
-92
670
-165
247
722
359
434
385
146
553
460
712
529
426
340
424
268
437
611
642
495
244
524
410
334
-245
164
522
573
546
463
457
500
324
743
340
690
427
406
295
380
399
18
813
571
610
590
176
262
328
-245
769
333
16
563
398
131
115
464
9
-505
-128
-186
-447
-706
-1602
-202
-421
-25
-907
-107
-568
-789
-969
-584
-792
-1738
-261
-616
-595
-234
-1795
-803
-766
-1409
3
-652
-1153
-435
-833
-1853
-1159
-297
-859
-1001
-1323
-784
-559
-849
-1114
-812
-2017
-793
-733
-736
-1072
-1637
-475
-1548
-395
-969
-839
-578
-1036
-994
-1073
-1408
-902
-1001
-368
-836
-1073
-1347
-944
-1182
-705
-963
-1212
-1044
-1402
-1004
-1446
-1476
-3006
-1101
-904
-752
-1100
-996
-2708
-1005
-947
-689
-1159
-491
-511
-870
-1358
-1218
-1259
-2648
-839
-1153
-1055
-672
-1892
-1160
-590
-2713
-331
-1023
-1700
-411
-798
-2228
-1580
-226
-705
-663
-1020
-861
-374
-919
-1163
-645
-2239
-772
-696
-772
-1014
-1416
-354
-2038
-290
-1657
-882
-242
-569
-295
-660
-1093
-770
-741
-108
-433
-632
-918
-481
-695
-297
-321
-553
-620
-959
-507
-752
-711
-1908
-791
-441
-301
-402
-336
-1280
-544
-945
-233
-846
-108
-342
-590
-882
-774
-851
-1748
-449
-743
-851
-402
-1235
-857
-440
-1714
-177
-1088
-1555
-484
-721
-1580
-1360
-358
-959
-692
-701
-315
-282
-772
-1027
-649
-1985
-815
-751
-753
-1040
-1357
-422
-1479
-464
-2088
-1459
-600
-772
-394
-717
-1029
-980
-1026
-391
-506
-686
-839
-673
-924
-435
-503
-727
-732
-1094
-767
-883
-896
-1906
-871
-852
-660
-687
-489
-571
-503
-652
-475
-1143
-397
-477
-595
-901
-912
-1001
-1902
-550
-666
-775
-442
-1435
-846
-465
-1401
-189
-1069
-1805
-616
-784
-1003
-1013
-497
29
478
954
1090
928
636
-184
1075
820
1422
565
1303
721
722
482
833
767
-479
1400
870
993
1082
-722
535
780
-396
1369
907
-306
1233
1016
-165
341
1248
662
1055
567
1298
1408
1302
786
1534
-374
1269
1330
1173
993
238
1564
-260
1635
-205
339
1455
785
951
1099
581
1089
983
1422
1154
1103
934
1351
1011
1217
1577
1455
1407
1052
1550
925
1376
294
1005
1533
1561
1414
878
53
1515
1116
1933
1152
1666
995
1088
1008
1457
1351
252
1848
1444
1562
1522
332
951
878
88
1694
1238
94
1426
1247
345
875
1383
953
1270
831
1443
1365
1282
872
1488
167
1261
1252
1075
995
418
1316
-30
1409
187
670
1389
825
929
1069
762
1302
1028
1337
957
898
758
1153
919
995
1367
1467
1299
953
1412
866
1146
163
881
1456
1434
1225
850
-24
1026
901
1435
720
1318
771
852
666
990
1025
259
1533
1017
1222
1184
290
762
987
191
1337
1078
205
1325
1040
-90
497
1352
914
1337
946
1577
1428
1327
1054
1572
173
1296
1265
1015
1004
670
1367
256
1530
182
695
1541
1003
1129
1272
919
1701
1483
1718
1344
1175
1033
1331
1120
1188
1560
1743
1469
1147
1638
1273
1409
719
1048
1707
1661
1569
1095
837
1415
1202
1794
1087
1602
945
894
809
1114
1151
818
1848
1199
1392
1277
757
918
1022
613
1541
1260
749
1479
1279
724
970
1396
29
-374
-12
225
27
-214
-1660
148
-287
549
-323
501
22
-262
-583
-146
-283
-1570
351
-112
-121
301
-1406
-297
-159
-1529
693
-189
-1103
313
-30
-1384
-893
310
-481
-207
-576
31
168
-180
-631
32
-1352
-113
-114
-224
-554
-1220
212
-1311
238
-1223
-667
168
-272
-80
-196
-735
-329
-448
252
-93
-248
-636
-171
-507
-50
-5
-262
-273
-765
-260
-730
-533
-1933
-521
-340
-169
-425
-394
-1689
-324
-552
-5
-735
147
-32
-191
-680
-595
-683
-2176
-83
-428
-394
-51
-1554
-568
-29
-1601
277
-524
-1725
55
-248
-1488
-999
208
-555
-289
-595
2
244
-185
-631
-17
-1865
-154
-30
-221
-529
-1123
150
-1488
288
-1529
-901
144
-228
140
46
-346
-83
-302
362
82
-59
-284
65
-255
123
265
157
144
-327
101
-330
-158
-1306
-194
112
198
11
-83
-656
156
-54
431
-427
421
9
2
-205
-94
-220
-1370
293
-22
18
285
-996
-275
5
-905
526
-208
-1069
142
-160
-962
-528
229
-474
-302
-562
144
276
63
-189
116
-1386
-117
-6
-58
-286
-857
225
-978
303
-975
-572
163
-272
-20
-31
-235
60
-248
229
-50
-73
-156
112
-191
153
192
-24
27
-278
102
-181
-186
-1144
-155
25
101
-119
-246
-806
89
32
371
-337
277
-78
-130
-235
-137
-204
-1191
178
-86
-51
215
-651
-262
-24
-893
490
-157
-932
128
-179
-848
-396
195
126
1707
2350
2707
2326
1687
-858
2520
2176
3394
1964
2926
1903
2145
1952
2799
2760
78
3467
2894
3157
3239
-96
2381
2224
324
3698
3138
292
3371
2972
280
1711
3311
2563
3427
2429
3472
3496
3799
2840
4207
1699
3477
3552
3607
3567
2265
4051
1373
3963
1682
2502
4206
3029
2429
3546
2899
4417
3670
3399
2984
3560
2980
3946
3283
2980
4044
4052
3535
3125
3736
2951
3769
2758
2441
3768
3585
3551
2123
1901
3232
2266
4014
2843
3265
1740
1862
2215
3141
3049
2487
3680
2923
3001
2859
1635
2127
1574
1482
2942
2677
1826
2717
2423
1127
1678
2377
1897
2534
1922
2789
2414
2508
2045
3037
1724
2700
2595
2175
2272
1586
2494
825
2681
868
1572
2734
1943
1970
2312
1673
2800
2633
2948
2505
2176
1931
2340
2173
2167
2793
2986
2727
2144
2906
2131
2490
1417
2029
2992
2982
2753
2118
1039
2491
2255
3263
2581
3075
2205
2451
2190
2679
2849
2039
3657
2804
3110
2778
1436
2177
2264
1504
2987
2899
1815
3171
2843
1737
2198
2894
2330
3201
2737
3670
3112
2987
2547
3561
2386
3509
3310
2759
2938
2428
3224
2030
3482
1871
2490
3632
2701
2789
3087
2541
3687
3300
3474
3005
2865
2744
3022
2706
2592
3519
4065
3395
2840
3504
2977
3294
2815
2570
3632
3398
3240
2494
2262
2949
2506
3667
2688
3363
2287
2605
2596
3000
3065
2803
4058
3090
3378
2905
1966
2281
2230
2078
3169
3005
2069
3120
2935
2322
2677
2937
147
2124
2669
3075
3068
2497
1291
2931
2405
3643
2853
3030
2322
2576
2732
3265
3307
2152
3735
3534
3776
3404
2298
2980
2360
1963
3706
3627
2419
3600
3603
2596
2898
3194
2930
3908
3590
4201
3512
4008
3432
4224
3761
3655
3739
3849
4142
3461
3938
3337
3755
3412
3640
4229
3493
2908
3752
3421
4170
3565
2958
3000
3718
3598
3846
3401
2861
3831
4096
3565
3361
3540
3396
3710
3999
2539
3461
3271
3423
2497
3650
3058
2449
3494
2855
2850
1911
2322
2797
3025
3016
3217
3324
2995
3161
2629
3158
2353
1976
2881
2543
2799
2553
2610
2706
2841
2737
2304
2255
2842
2712
3353
2631
2983
2842
3143
2747
2803
2828
2542
2921
2820
2518
2697
2746
2430
2476
2901
2473
2473
2941
2823
3325
2973
2750
2654
2699
2893
2804
2762
2400
3010
3421
3188
2899
3210
2979
2917
3196
2511
3199
3092
3053
2493
3238
2918
3090
3370
2962
2960
2212
2709
2995
3118
3319
3466
3645
3129
3473
2845
3027
2536
2532
3058
2788
3196
2828
3019
3004
3237
3431
2824
2896
3447
3213
3856
3187
3637
3696
3921
3801
3591
3444
3127
3606
3501
3313
3591
3543
3539
3538
3792
3047
2921
3416
3443
4184
3703
3246
2966
3208
3419
3448
3354
2919
3690
4104
3535
3392
3748
3674
3655
4385
3061
3834
3520
3479
2685
3422
3305
3253
3860
3478
3337
2405
2738
3228
3553
3771
4493
4167
3483
3762
3116
3599
2856
2557
3532
3076
3417
3108
3081
3058
3185
3540
2891
49
678
677
856
904
705
965
1149
721
1292
673
1032
717
900
979
835
626
51
1000
966
1027
960
1344
672
595
959
1205
739
331
833
951
1748
1466
720
363
481
515
1146
697
873
773
681
899
569
616
663
648
409
630
1062
650
939
753
719
538
568
755
927
694
16
99
-73
286
314
376
132
172
186
241
155
-63
35
99
-206
-69
66
21
-46
-287
-146
94
-76
364
-17
-447
8
-99
105
132
-136
-121
-656
-111
-291
-157
-17
-176
-187
426
251
-1
-59
-647
24
-132
-524
48
338
224
141
-101
246
430
550
713
535
-520
36
192
108
145
109
284
251
535
193
203
497
239
328
611
822
1164
708
733
373
435
377
578
540
588
651
623
576
483
740
793
454
590
552
710
689
564
281
575
766
1020
1036
712
763
341
166
435
647
757
981
886
480
536
618
469
346
447
536
638
449
590
432
247
83
510
449
562
488
293
317
441
634
911
987
1405
641
494
372
432
103
612
285
607
634
815
715
328
361
288
371
692
589
616
322
369
312
511
549
666
774
633
328
174
449
520
480
784
574
667
569
428
325
-106
486
317
840
912
769
674
459
458
486
595
808
804
547
460
573
366
452
425
845
621
408
395
413
210
-215
72
327
74
1274
1477
1718
1529
1181
210
1759
1473
2220
1292
1898
1317
1565
1517
1749
1653
167
2130
1851
2021
1978
664
1451
1483
803
2268
1852
285
2002
1935
1218
1753
1991
1607
2051
1626
2381
2173
2455
1979
2555
1502
2116
2208
2230
2236
1491
2405
1354
2386
1464
1737
2519
1856
1611
2273
2133
2685
1959
1812
1548
2050
1837
2294
1874
1708
2292
2391
2077
1810
2106
1777
2072
1864
1517
2168
1988
1869
1167
1399
1781
1528
2180
1397
1742
903
1102
1395
1751
1724
1497
2022
1587
1715
1620
1210
1230
1086
1446
1646
1600
1094
1519
1320
629
1159
1453
1236
1502
1127
1666
1497
1679
1593
1892
1019
1446
1463
1234
1350
1009
1399
814
1582
899
1133
1610
1091
1111
1451
1353
2114
1779
1816
1438
1360
1287
1526
1452
1402
1765
1907
1744
1464
1898
1592
1560
1212
1378
1920
1896
1722
1244
896
1632
1685
2116
1701
1858
1288
1297
1319
1585
1752
1631
2194
1583
1815
1616
1188
1288
1389
1209
1753
1790
1561
1873
1643
1081
1453
1694
1568
1939
1626
1954
1782
1804
1790
2289
2056
2107
1941
1573
1749
1426
1901
1258
2046
1446
1831
2217
1597
1688
1754
1543
2238
2066
2121
1773
1718
1670
1868
1778
1732
2257
2492
1999
1671
2108
1929
2014
2051
1691
2277
2109
1982
1584
1315
1830
1519
2370
2031
2186
1637
1717
1747
1914
2027
2195
2570
1972
2086
1850
1522
1541
1450
1764
1999
1916
1620
1952
1802
1391
1618
1761
2
-13
133
160
-192
-422
-1657
176
-27
550
-230
499
-40
-72
-171
101
-75
-1341
242
-129
-151
328
-877
-261
-14
-755
538
-229
-1317
73
-229
-1169
-352
290
-110
-188
-588
-103
67
-111
-332
50
-986
-156
-163
-202
-440
-917
127
-937
213
-915
-527
165
-246
-260
-66
-220
255
-235
258
-360
-391
-961
-325
-558
-157
-194
-362
-456
-864
-381
-755
-730
-1924
-529
-346
-253
-584
-539
-1760
-514
-388
-166
-759
-23
-288
-576
-887
-500
-432
-1185
-17
-546
-558
-100
-1814
-545
-131
-1334
106
-486
-1154
-55
-503
-2133
-1380
99
-489
-282
-636
-208
48
-183
-370
153
-1070
-156
-151
-408
-670
-1223
73
-1280
178
-1181
-672
76
-339
-148
-218
-598
59
-5
541
147
-152
-464
-182
-387
55
121
-8
-123
-519
-32
-270
-207
-871
-134
116
171
-17
-161
-1000
111
-226
449
-80
468
238
-92
-446
-341
-404
-1271
284
-147
-138
84
-1110
-368
-63
-1001
375
-347
-838
56
-231
-960
-697
14
-526
-379
-496
-124
53
-335
-629
6
-612
183
176
-84
-363
-1065
165
-1402
177
-1199
-598
69
-308
95
-220
-563
-451
-490
154
-43
-230
-337
-152
-386
11
141
133
2
-495
-179
-541
-329
-1169
-185
55
47
-162
-83
-873
-15
-383
267
-271
361
202
273
-14
-204
-366
-1391
69
-136
-167
83
-1144
-379
-167
-628
342
-205
-676
77
-196
-851
-592
91
52
-163
276
609
371
203
-1861
331
2
842
-139
830
346
113
-358
313
290
-1437
951
442
464
869
-1711
209
387
-1799
1289
361
-1300
982
592
-1442
-698
989
85
617
83
717
974
631
-59
963
-1069
691
682
624
306
-502
1123
-781
1049
-917
-199
1013
413
485
648
-12
911
735
1075
883
916
569
1185
698
880
1308
1101
876
384
875
292
889
-364
305
813
855
741
273
-436
635
3
977
0
852
286
179
-83
206
63
-1100
771
376
364
554
-890
-51
183
-991
821
19
-1174
493
267
-575
-272
497
-209
24
-253
399
530
123
-369
340
-1410
405
484
294
37
-569
603
-944
735
-1101
-577
499
47
393
366
-93
242
71
679
481
327
219
561
234
515
729
662
659
123
561
-65
308
-908
234
668
680
452
286
-363
522
387
824
-10
805
318
487
281
519
453
-573
979
665
791
865
-414
296
421
-411
1095
551
-585
819
498
-312
192
824
156
351
33
696
779
432
206
508
-1146
405
496
416
322
-55
746
-17
946
26
246
873
316
451
608
409
940
518
840
495
525
474
761
421
624
792
730
686
384
802
456
498
-476
369
781
777
554
268
-251
547
563
913
85
724
184
187
172
501
518
-27
994
570
723
741
252
263
406
-394
1024
562
-136
826
564
-81
393
864
124
1420
2106
2625
2436
1912
-108
2551
2232
3291
1878
2857
2001
2167
1833
2562
2578
-167
3434
2926
3252
3181
84
2385
2378
-62
3733
3080
186
3479
3158
787
1813
3305
2412
3382
2461
3514
3627
3800
2834
4220
1398
3533
3642
3705
3681
2425
4222
1600
4106
1715
2560
4267
3070
2771
3582
2870
4074
3505
3284
3125
3774
3548
4433
3744
3343
4542
4527
3984
3562
4118
3373
4312
3509
2776
4080
3870
3954
2420
2747
3693
2563
4398
3072
3512
1899
2217
2714
3485
3301
2743
3890
3303
3362
3128
2496
2387
1791
2151
3187
2827
1651
2803
2682
2073
2511
2534
2157
2699
2206
3072
2549
2603
2189
2932
1526
2600
2550
2284
2430
1926
2546
1586
2772
1409
1798
2775
2003
2004
2431
2046
2875
2424
2655
2206
2080
1939
2401
2238
2104
2778
3109
2819
2258
2904
2173
2448
1485
2040
2953
2896
2652
2034
1470
2390
2507
3032
2230
2768
1848
2151
2060
2649
2899
2510
3584
2768
3139
2726
1784
2172
2304
1841
2835
2872
1740
3026
2693
1603
2293
2937
2505
3284
2743
3675
3106
3134
2934
3575
2386
3208
3032
2491
2748
2430
3056
2557
3455
2631
2894
3662
2713
2695
3130
2746
4056
3577
3560
3013
2934
2844
3116
2854
2706
3466
3908
3262
2788
3483
3083
3273
3061
2671
3743
3465
3302
2446
2414
3009
2806
3731
2820
3281
2234
2295
2367
2848
3025
3165
4122
3089
3476
2894
2833
2421
2378
2572
3180
3090
2395
3128
2939
2435
2906
2989
21
-312
-121
-43
-208
-332
-1086
-13
-391
195
-584
178
-181
-303
-539
-227
-409
-1295
130
-137
-202
105
-1344
-426
-405
-985
345
-432
-1181
-114
-352
-1026
-694
-25
-752
-615
-801
-151
-133
-376
-769
-415
-1350
-449
-399
-469
-820
-1448
-281
-1105
-235
-845
-740
-356
-678
-541
-485
-729
-340
-651
-210
-455
-492
-678
-398
-741
-418
-464
-609
-521
-917
-656
-1054
-946
-1958
-719
-618
-574
-905
-846
-1806
-753
-696
-574
-1194
-429
-493
-615
-976
-1044
-1140
-2576
-733
-916
-810
-521
-1737
-986
-429
-1932
-290
-895
-1792
-503
-842
-1888
-1278
-280
-792
-865
-1188
-773
-269
-575
-806
-465
-2179
-569
-378
-444
-675
-1161
-213
-1818
-82
-1484
-923
-189
-537
-262
-351
-597
-317
-460
34
-245
-324
-472
-96
-317
-16
-41
-319
-184
-473
-107
-470
-415
-1587
-418
-132
-21
-200
-292
-1079
-148
-301
181
-428
141
-215
-312
-358
-207
-270
-1167
-44
-272
-281
104
-793
-346
-232
-1188
340
-317
-825
-24
-343
-1213
-760
-39
-485
-454
-663
-419
-127
-426
-472
-242
-1351
-460
-408
-294
-414
-711
2
-933
-25
-1106
-613
-43
-366
-257
-376
-543
-342
-499
-102
-367
-368
-557
-239
-424
-88
-100
-413
-418
-606
-249
-318
-418
-1289
-492
-450
-272
-374
-355
-930
-330
-489
-86
-551
-95
-297
-473
-589
-411
-390
-809
-153
-366
-487
-132
-799
-449
-253
-1024
116
-529
-999
-139
-340
-853
-736
-144
24
-425
-169
-83
-320
-375
-1468
-123
-440
106
-772
182
-176
-218
-585
-294
-517
-1768
114
-198
-175
106
-1464
-488
-369
-1311
403
-405
-1302
-26
-324
-1260
-802
104
-770
-592
-876
-23
-8
-270
-741
-389
-1871
-487
-410
-452
-829
-1479
-223
-1442
-163
-1161
-856
-272
-659
-508
-450
-757
-313
-654
-141
-475
-538
-732
-437
-849
-448
-569
-770
-639
-978
-621
-1024
-1029
-2287
-814
-618
-541
-837
-828
-1799
-661
-615
-474
-1192
-339
-526
-650
-1010
-947
-1073
-2751
-664
-900
-791
-445
-1711
-980
-397
-2306
-207
-963
-2001
-481
-866
-2042
-1396
-262
-886
-968
-1412
-857
-315
-563
-786
-434
-2354
-646
-499
-552
-812
-1286
-237
-2072
-134
-1920
-1184
-258
-623
-300
-436
-758
-413
-541
24
-322
-440
-626
-158
-406
-29
-158
-581
-463
-746
-245
-588
-568
-1785
-547
-256
-138
-299
-392
-1196
-182
-346
135
-478
155
-263
-401
-506
-260
-308
-1278
-66
-379
-434
66
-912
-385
-185
-1245
301
-491
-1207
-100
-445
-1340
-875
-88
-591
-589
-856
-567
-239
-595
-660
-317
-1501
-498
-516
-460
-648
-938
-69
-1036
-92
-1530
-997
-231
-567
-362
-535
-737
-477
-648
-125
-470
-571
-817
-366
-535
-154
-127
-379
-489
-790
-367
-491
-493
-1415
-525
-513
-353
-479
-457
-1111
-361
-519
-131
-678
-89
-339
-562
-758
-501
-494
-904
-155
-486
-664
-217
-1387
-596
-326
-1087
25
-712
-1320
-277
-498
-1044
-853
-208
36
22
452
706
450
155
-1277
653
519
1075
77
966
388
308
-12
511
458
-1564
1044
652
804
1077
-907
418
671
-1427
1418
557
-1397
999
597
-1210
-293
1064
341
626
-70
614
1060
896
396
1226
-979
842
894
860
649
-120
1362
-806
1377
-761
33
1323
625
723
902
359
1079
842
1217
860
961
607
1426
1049
1186
1563
1262
1102
669
1272
611
1172
-286
597
1217
1295
1188
581
-305
1134
599
1617
668
1333
531
443
400
904
834
-164
1338
841
810
1118
-209
575
587
-168
1355
673
-506
998
710
-517
97
968
439
748
368
901
885
623
284
972
-458
778
734
611
470
-6
1069
-48
1171
-376
71
1046
496
552
658
244
788
541
1039
625
485
136
666
439
650
1011
1079
823
312
813
366
608
-402
412
864
912
752
457
-169
771
570
1137
405
1059
530
442
187
602
628
27
1283
738
802
885
-509
379
588
-227
1099
574
-422
934
640
-390
81
967
335
736
429
1063
970
664
384
913
-189
804
765
404
245
-245
895
43
1159
258
488
1131
603
807
857
439
999
771
1229
898
725
545
784
493
745
1015
1123
911
413
880
449
693
16
654
1128
1046
802
522
-111
853
667
1244
482
1133
704
661
410
515
475
-359
1279
795
990
877
159
412
684
163
1163
721
-104
974
737
-3
496
1094
42
-271
76
292
82
-150
-1358
267
77
588
-390
479
-34
-104
-315
144
-19
-1676
468
193
296
590
-771
-37
18
-1502
919
55
-1084
442
95
-1039
-445
478
-272
-136
-667
89
319
260
-116
350
-1194
-19
14
92
-157
-791
382
-1122
312
-1029
-466
280
-223
-137
-74
-411
220
-93
251
-115
-31
-270
339
-20
217
214
-183
-201
-516
-8
-383
-267
-1522
-421
-123
-11
-221
-405
-1407
-221
-371
100
-610
130
-261
-445
-676
-474
-502
-1761
-171
-556
-575
-69
-1204
-499
15
-1504
182
-568
-1680
-46
-376
-1556
-973
76
-393
-370
-758
-407
-20
-381
-560
-6
-1625
-159
-137
-235
-425
-688
242
-975
353
-1537
-941
164
-197
32
-39
-413
-18
-166
436
45
-147
-515
71
-97
230
359
188
35
-428
91
-229
-84
-1056
-174
63
169
27
-64
-626
127
-28
425
-215
462
33
-139
-342
55
95
-235
593
99
14
360
-1039
-75
113
-543
604
-90
-927
309
36
-756
-403
324
-273
-67
-257
154
235
-183
-331
86
-760
32
-37
-234
-462
-873
275
-237
424
-418
-292
285
-112
68
35
-245
87
-134
377
93
-44
-244
-18
-281
113
247
221
42
-397
-20
-271
-50
-561
63
171
132
-109
-186
-835
70
-76
324
-332
285
87
-67
-355
-220
-276
-880
399
78
96
176
-818
-260
-11
-479
433
-154
-950
124
-98
-631
-235
272
125
1886
2303
2738
2674
2160
1038
2744
2463
3366
2510
2791
2064
2434
2615
3059
3083
1469
3300
3121
3368
3142
1500
2664
2306
1358
3434
3393
1794
3408
3366
2222
2725
3095
2855
3602
3030
3564
3401
3925
3408
4206
2999
3485
3624
3815
4101
3382
3976
2902
3807
2946
3301
4147
3312
2793
3699
3444
4269
3657
3024
3002
3772
3677
4145
3728
3157
4187
4279
3819
3748
4011
3809
4246
4582
2902
3818
3615
3742
2531
3430
3387
2652
3967
3280
3160
1926
2305
3029
3590
3591
4096
3706
3317
3364
2967
3341
2602
1952
3078
2831
3038
2813
2783
2882
3041
3060
2437
2597
3078
2846
3242
2582
2973
2905
3299
3325
2892
2822
2583
2980
2841
2620
2757
2748
2438
2512
2913
2436
2263
2781
2718
3346
2965
2711
2493
2525
2551
2590
2612
2290
2918
3340
2994
2731
3107
2877
2956
3371
2542
3220
3066
2968
2416
2712
2630
2747
3133
2832
2795
2099
2451
2639
2977
3294
3886
3679
3070
3357
2757
2753
2546
2466
3156
2708
3192
2900
3049
2983
2867
3064
2798
2861
3519
3322
3788
3096
3366
3363
3805
3969
3618
3434
2925
3366
3263
3162
3461
3429
3330
3310
3646
2959
2848
3334
3231
4147
3799
3426
3170
3216
3327
3223
3136
2813
3577
4117
3501
3224
3600
3440
3612
4302
3086
3923
3581
3536
2804
3348
3266
3101
3815
3390
3330
2537
2801
3105
3335
3537
4347
4231
3478
3824
3031
3368
2828
2501
3666
3147
3625
3568
3316
3342
3555
3663
3011
38
18
310
633
418
140
-1305
634
439
1060
20
920
290
192
-47
577
527
-1229
1033
616
667
1044
-857
401
619
-1235
1402
471
-1432
974
675
-812
-61
1043
366
639
-28
613
961
847
359
1165
-625
725
723
704
460
-274
1223
-457
1209
-679
-92
1122
493
507
802
327
1037
686
1027
651
816
374
1177
765
955
1250
918
698
228
815
253
816
-234
421
916
918
753
260
-498
780
362
1191
290
1006
294
168
55
597
560
-337
1089
596
533
872
-716
342
459
-284
1058
348
-1044
685
379
-923
-219
751
238
464
64
538
684
367
-15
740
-730
610
604
380
164
-392
831
-338
992
-585
-248
769
240
347
529
110
736
511
1029
634
458
77
624
383
625
954
984
788
179
660
55
479
-581
400
887
885
659
353
-387
746
567
1129
400
1048
522
428
170
616
636
-11
1339
813
903
949
-722
400
492
-218
1171
685
-295
960
615
-549
43
959
368
719
402
966
979
628
292
907
-325
879
884
575
411
-228
1012
-140
1238
340
584
1195
562
706
771
335
934
768
1218
897
747
584
850
542
787
1101
1179
1023
539
973
431
759
-203
663
1224
1156
910
578
-326
918
621
1389
653
1220
762
738
542
740
677
-257
1401
995
1176
1055
190
504
564
-146
1330
868
106
1084
811
-104
422
1100
41
-16
180
487
284
38
-1555
484
123
912
-37
791
299
33
-297
287
235
-1240
862
434
385
819
-1197
259
410
-947
1218
268
-1400
775
487
-857
-243
809
100
423
-53
496
691
451
-140
794
-437
604
558
455
121
-726
882
-495
831
-661
-278
693
159
183
395
-48
602
244
652
341
443
-11
687
286
496
841
721
434
-195
219
-359
231
-768
40
399
367
114
-155
-988
179
-188
507
-345
484
58
-68
-364
-146
-242
-1279
388
-14
-43
263
-1609
-282
21
-803
492
-145
-1352
213
-121
-1416
-754
351
-287
-96
-373
143
372
-85
-539
127
-1699
136
282
47
-237
-892
388
-1010
620
-801
-501
387
-88
140
218
-184
264
69
698
403
187
-67
295
30
336
593
599
645
85
461
-194
107
-1227
124
511
571
278
89
-839
391
281
768
-7
707
311
292
58
295
234
-752
859
515
697
696
-656
82
172
-792
973
459
-282
710
352
-679
-117
704
82
329
2
577
712
421
151
534
-896
353
476
355
223
-430
640
-791
781
-65
379
852
279
444
408
112
522
304
717
427
403
345
533
226
526
615
438
488
212
640
259
301
-827
225
655
706
480
291
-691
406
205
864
169
711
347
334
225
314
273
-794
699
449
581
667
283
177
326
-661
946
383
-229
674
367
-519
-63
651
-7
-471
-310
-377
-631
-695
-1632
-321
-601
-158
-859
-90
-321
-602
-997
-669
-844
-1808
-121
-418
-464
-144
-1396
-651
-528
-974
76
-860
-1779
-556
-864
-1545
-1007
-358
-987
-1031
-1173
-628
-551
-978
-1419
-930
-1668
-702
-731
-878
-1326
-2035
-734
-1614
-717
-1308
-1238
-981
-1328
-1089
-1192
-1389
-929
-1219
-631
-1019
-1148
-1406
-906
-1222
-867
-928
-940
-995
-1624
-1410
-2007
-1756
-3321
-1332
-1183
-1139
-1544
-1301
-2616
-1389
-1252
-1263
-1908
-935
-863
-1106
-1680
-1788
-1899
-3435
-1359
-1638
-1536
-1091
-2980
-1579
-882
-2716
-799
-1461
-2312
-982
-1460
-3095
-2265
-683
-1341
-1424
-1691
-1252
-678
-1244
-1529
-1171
-3546
-1164
-923
-955
-1309
-1786
-569
-2324
-386
-1814
-1309
-596
-1002
-688
-949
-1392
-1102
-1061
-280
-622
-890
-1084
-686
-943
-503
-537
-773
-551
-864
-503
-923
-981
-2617
-941
-717
-499
-702
-732
-1805
-585
-787
-306
-962
-242
-484
-730
-995
-790
-912
-2083
-477
-685
-629
-294
-1199
-857
-641
-2406
39
-896
-1546
-411
-746
-1783
-1357
-378
-1005
-997
-1252
-937
-520
-976
-1088
-880
-2264
-1092
-1004
-918
-1170
-1564
-521
-2061
-502
-1758
-1006
-417
-684
-382
-775
-1120
-1185
-1209
-550
-779
-834
-1023
-717
-987
-450
-696
-1212
-1057
-1253
-786
-982
-989
-2335
-967
-928
-682
-790
-621
-1653
-791
-1034
-582
-1193
-517
-592
-775
-1066
-1028
-1090
-2225
-818
-893
-994
-499
-902
-800
-414
-1471
-214
-1090
-1871
-564
-804
-1598
-1355
-445
127
2201
2749
3395
3133
2513
116
3141
2862
4095
2914
3626
2613
2994
2858
3618
3804
1281
4262
3650
3956
3899
489
3212
3303
667
4394
4206
1021
4570
4342
1506
2631
4289
3739
4903
3802
4550
4775
5133
4267
5841
2916
4877
5024
4993
5230
4134
5745
2706
5753
2489
3663
6101
4875
4317
5525
4680
5788
5249
4902
4736
5411
4901
5650
5049
4654
6134
6190
5570
5373
6116
5464
6626
6662
4627
6158
5880
6172
4146
4915
5779
4200
6721
5405
5397
3268
3755
4667
5989
5858
6348
6458
5735
5714
5110
4751
4433
2980
5023
5053
5084
4296
4682
4778
4666
4717
4045
3777
4798
4320
5330
4095
4689
4120
5082
5368
4642
4388
3915
4234
3488
3927
3537
4027
3282
3410
4194
3398
3073
3989
3688
4826
4204
3922
3604
3612
3499
3551
3354
3041
3870
4453
3966
3389
3967
3279
3775
3780
3371
4477
4185
3946
3129
2844
3638
3677
4321
3713
3918
2977
3531
3472
3815
4061
3726
4816
3918
4422
3581
2670
3174
3265
3738
3611
4388
3676
4286
4097
3448
3897
4058
3860
4863
4313
5388
4484
4868
4394
5391
4514
5241
5089
4293
4731
4234
4465
3817
4852
3987
4156
4978
3880
3826
4558
4194
5865
5372
5032
4559
4430
4545
4637
4447
3895
5082
5980
5218
4704
5256
4678
4923
5111
4118
5589
5114
4914
3757
3965
4556
4310
5483
4713
4933
3544
4037
4394
4799
4956
5295
5924
4688
5240
4263
3874
3637
3313
3816
4438
4952
4791
4703
4631
4484
4864
4360
30
-812
-386
-172
-519
-717
-2682
-394
-717
1
-1002
43
-418
-587
-992
-659
-883
-2935
-356
-718
-644
-86
-2003
-752
-519
-2450
346
-579
-1688
-55
-570
-2433
-1620
9
-908
-779
-1356
-646
-197
-580
-1061
-438
-2762
-710
-622
-551
-911
-1578
-142
-2387
-170
-2286
-1383
-265
-760
-570
-691
-1221
-636
-785
-59
-542
-704
-1135
-435
-790
-328
-338
-726
-613
-949
-361
-839
-798
-2789
-973
-727
-408
-629
-719
-2302
-628
-927
-257
-1099
-129
-503
-791
-1195
-914
-993
-2628
-562
-986
-1050
-385
-2112
-955
-403
-2683
33
-980
-2168
-217
-603
-2176
-1690
-137
-1003
-813
-1292
-783
-277
-741
-1071
-424
-2459
-689
-648
-747
-1090
-1553
-140
-2064
-52
-2486
-1574
-183
-504
-147
-354
-932
-659
-721
97
-221
-434
-876
-334
-646
-83
-101
-568
-537
-962
-314
-681
-454
-1772
-576
-476
-263
-425
-448
-1486
-270
-637
24
-808
118
-250
-427
-785
-489
-564
-1664
3
-372
-490
19
-1465
-445
-139
-1168
397
-580
-1853
-11
-277
-1177
-886
55
-802
-577
-885
-307
-62
-496
-898
-305
-1668
-441
-418
-576
-974
-1596
-160
-1366
-98
-1855
-1441
-367
-672
-342
-353
-653
-424
-747
-91
-348
-429
-734
-350
-707
-215
-190
-424
-448
-977
-566
-971
-637
-1651
-482
-445
-387
-651
-633
-1386
-321
-442
-123
-970
-112
-368
-446
-742
-629
-746
-1871
-212
-475
-547
-162
-1895
-649
-353
-1002
152
-550
-1599
-220
-515
-1286
-814
-46
420
8973
9371
11258
10888
8955
3604
10793
10460
13208
11384
11257
9094
10817
11329
13489
14442
9383
14185
13645
14470
12925
3329
11658
11073
4436
13528
15136
6233
15157
15537
9477
12004
14130
14747
17891
15119
15139
16072
18227
16061
20250
14746
17421
18239
18533
20146
17130
19829
12308
19547
13540
15924
21271
18073
15183
19716
18253
20591
19163
15759
16582
19656
19373
20057
18804
16090
21240
22632
20500
21455
22343
21431
25551
31876
18688
24380
22242
23981
16323
22723
21423
15461
24135
21590
18632
11564
13953
19016
22887
22448
28111
22316
21549
21218
17877
22129
16571
9737
22132
16151
18551
20202
15271
16440
20057
18991
12791
14630
17392
17396
18590
13308
16178
15495
16884
23485
16102
15355
14574
16946
16263
12738
16131
12520
15301
14319
13858
12314
10125
13640
14316
17647
15832
12341
12454
13133
13815
12430
12691
10225
12763
15523
13993
13477
13837
12926
13899
16688
12058
15960
14793
15062
12426
15216
12718
13235
14226
14220
12330
9895
12045
13277
13709
14914
18178
15458
13516
15098
11269
13230
11425
10554
15714
10666
16068
19113
14666
15026
16797
15666
13108
14338
17638
16919
18627
14749
16932
16587
18301
19662
17860
17248
15235
17895
18361
14613
17882
15288
17470
16470
16068
13516
12755
14833
14588
19543
18965
15814
15591
15454
17398
16031
16345
13195
17066
20374
17865
17649
18227
18363
17934
22799
14629
18671
17080
17289
13678
17471
15376
14708
17716
17255
15737
12189
14102
16205
16500
17363
21780
18932
15846
17454
13255
16791
12504
11453
14544
13314
16720
18647
15495
16883
21250
20018
14184
69
1061
1494
1827
1586
1221
-535
1617
1375
2203
1291
1970
1329
1475
1256
1779
1824
38
2313
1886
2083
2107
-295
1534
1613
-164
2467
2121
111
2418
2167
249
1068
2312
1755
2414
1729
2322
2528
2562
1917
2950
875
2481
2588
2554
2565
1732
3006
867
3019
925
1690
3171
2352
2102
2745
2170
2978
2648
2611
2430
2765
2447
2951
2500
2407
3172
3120
2823
2587
3097
2537
3259
2673
2213
3188
3076
3161
2047
2017
2942
2018
3543
2563
2841
1619
1824
2208
2939
2807
2477
3265
2810
2827
2621
1915
2057
1405
1784
2706
2482
1781
2439
2373
1861
2085
2135
1772
2337
1952
2625
2128
2299
1863
2541
1905
2262
2185
1989
2081
1548
2080
1273
2130
1158
1480
2185
1631
1522
1943
1620
2344
2023
2054
1809
1778
1671
1840
1642
1574
1997
2154
1945
1559
2013
1535
1777
1276
1508
2196
2116
1958
1521
1105
1776
1720
2228
1700
2055
1428
1686
1608
1876
1995
1477
2458
1905
2156
1839
1085
1442
1617
1248
1927
2043
1391
2194
2023
1445
1753
2105
1819
2379
1999
2665
2300
2352
2058
2687
1623
2508
2454
2055
2224
1916
2291
1576
2510
1444
1768
2529
1875
1971
2247
1941
2818
2556
2595
2285
2163
2176
2313
2159
2036
2597
2882
2520
2176
2650
2281
2438
2154
1998
2745
2573
2447
1886
1784
2266
2124
2809
2169
2530
1730
1945
2073
2392
2492
2505
3125
2407
2656
2254
1862
1813
1723
1775
2427
2411
2024
2427
2357
2244
2474
2293
94
1113
1428
1844
1765
1485
336
1742
1527
2268
1636
1945
1441
1699
1752
2105
2152
785
2314
2187
2373
2305
1037
1938
1688
709
2541
2373
1117
2456
2329
1054
1505
2199
1865
2542
2141
2625
2463
2801
2433
3020
1887
2378
2502
2658
2858
2357
2900
1896
2771
1747
2211
3065
2449
2105
2708
2434
2990
2556
2223
2169
2696
2551
2893
2556
2237
3017
3083
2742
2702
2974
2901
3130
3241
2035
2689
2637
2819
1898
2754
2581
1932
2985
2356
2366
1411
1631
2121
2548
2524
2818
2749
2438
2459
2214
2528
1964
1479
2291
2204
2204
1926
2082
2149
2286
2147
1752
1645
2074
1880
2347
1849
2180
2106
2403
2514
2082
2019
1791
2018
1839
1891
1915
1997
1570
1652
2089
1760
1716
2074
1962
2282
1976
1885
1753
1803
1823
1832
1785
1619
2039
2304
2059
1801
2120
1973
2041
2471
1829
2270
2154
2082
1662
1988
2025
2043
2363
2069
2093
1552
1855
1985
2077
2233
2347
2528
2101
2287
1934
1828
1780
1819
2512
1945
2264
1831
2163
2125
2103
2290
2038
2022
2457
2274
2687
2246
2452
2392
2732
2705
2609
2502
2117
2393
2241
2275
2469
2512
2370
2294
2625
2106
2052
2500
2501
3118
2712
2466
2226
2327
2339
2400
2313
2049
2676
3091
2646
2373
2618
2437
2574
2938
2234
2802
2557
2464
1898
2230
2419
2355
2869
2491
2478
1805
2033
2344
2531
2646
3128
3070
2485
2703
2217
2068
1973
1710
2648
2281
2650
2661
2384
2373
2404
2655
2246
45
-124
48
405
239
74
-1281
474
188
805
-201
764
260
196
-145
317
219
-1347
790
356
344
772
-1407
224
397
-1011
1197
353
-1245
825
548
-717
-215
819
-76
260
-251
569
744
611
93
794
-843
515
502
475
156
-611
945
-441
942
-664
-288
768
207
248
490
83
629
221
638
301
396
93
662
220
458
782
670
503
107
559
134
505
-246
264
525
499
259
-178
-930
421
76
724
-187
601
45
-44
-234
61
-82
-1220
468
63
58
361
-1180
-189
116
-867
602
-74
-1444
271
-7
-1047
-382
433
-128
-85
-545
2
326
81
-276
301
-1164
215
275
28
-238
-869
380
-1171
601
-914
-484
466
26
200
373
41
503
194
712
316
187
-153
334
73
368
502
414
401
-82
400
-227
146
-919
211
651
620
300
46
-1054
356
244
765
34
712
218
170
-24
272
248
-604
768
301
415
602
-704
134
260
-266
860
475
-233
706
314
-921
-222
754
228
474
87
584
697
440
156
678
-607
497
510
335
193
-360
636
-618
747
-349
80
742
205
283
403
136
866
609
938
551
445
179
542
293
537
725
659
545
172
592
211
328
-818
199
623
669
463
234
-680
450
245
899
291
786
388
239
88
332
316
-312
849
391
451
573
-363
118
170
-531
883
454
235
750
471
-288
-23
658
35
-365
-318
-107
-372
-498
-1722
25
-183
252
-736
226
-140
-283
-632
-282
-466
-1814
161
-214
-221
193
-1923
-397
-242
-1251
591
-246
-1464
121
-201
-1160
-593
204
-624
-578
-993
-267
-14
-236
-674
-176
-1477
-278
-250
-277
-678
-1529
49
-1156
75
-739
-603
-130
-647
-579
-492
-730
-260
-697
-175
-603
-590
-816
-327
-717
-386
-293
-346
-396
-784
-445
-852
-705
-1543
-508
-349
-391
-815
-972
-2270
-696
-800
-399
-1162
-316
-562
-778
-1119
-1079
-1214
-2623
-760
-1081
-1026
-594
-2064
-1176
-543
-2189
-335
-1063
-2152
-603
-1034
-2485
-1580
-304
-819
-958
-1371
-1089
-430
-923
-1151
-701
-2567
-797
-623
-806
-1089
-1620
-430
-2428
-194
-1909
-1161
-247
-605
-287
-400
-731
-369
-517
177
-242
-480
-864
-381
-592
-120
-197
-483
-347
-743
-223
-759
-595
-2127
-499
-128
13
-243
-288
-1630
-294
-478
121
-597
146
-205
-425
-654
-436
-467
-1377
-27
-424
-387
13
-1109
-451
-258
-1216
350
-299
-650
119
-297
-1593
-1093
110
-554
-308
-572
-220
23
-388
-587
-159
-1452
-429
-384
-432
-641
-1098
-96
-1362
-103
-1460
-817
-118
-481
-230
-418
-714
-289
-380
145
-119
-267
-509
-258
-501
-18
-81
-441
-422
-756
-318
-486
-545
-1816
-573
-509
-264
-395
-292
-1177
-297
-521
6
-576
24
-78
-297
-593
-572
-618
-1535
-175
-433
-513
-155
-1167
-568
-249
-1352
215
-513
-944
-4
-218
-723
-717
-55
23
64
357
568
245
26
-1565
448
244
863
-49
869
351
238
-155
302
231
-1204
901
316
419
686
-1391
51
389
-1305
1117
434
-973
958
664
-708
-113
1003
280
576
-50
608
944
642
90
951
-975
728
746
546
262
-546
1028
-1010
1122
-828
-151
1008
378
576
673
116
749
547
1121
731
637
298
844
460
811
1066
850
785
340
954
270
809
-490
533
1003
1025
738
362
-1109
689
277
1186
222
1087
497
457
194
618
519
-744
1147
652
713
924
-659
310
489
-629
1223
550
-702
947
671
-636
36
1020
415
744
308
968
984
750
215
990
-655
817
842
665
452
-201
960
-685
1044
-759
-141
949
426
526
726
297
983
681
1134
747
625
287
696
359
647
851
767
665
176
700
114
419
-890
281
808
830
589
379
-516
512
377
872
42
868
377
355
63
409
404
-460
1075
529
691
774
-570
274
488
-486
1082
607
-197
972
628
-494
-47
934
216
560
158
866
921
666
325
906
-672
756
775
531
381
-108
881
-371
1033
-421
44
914
375
628
669
226
949
790
1226
926
715
601
857
564
844
992
855
801
385
918
457
611
-490
494
904
941
710
485
-393
742
616
1145
402
1085
641
626
389
572
549
-332
1214
686
850
876
-37
376
633
-334
1234
730
-60
1091
865
291
610
1050
283
5914
7526
8906
9186
8037
5846
8658
7931
10191
8192
8684
6878
8352
8573
9407
10073
3939
10354
10521
11369
10336
5923
9841
9899
5980
10461
10918
2585
10886
10755
4155
6788
10544
10212
13535
11848
13096
12949
14528
12687
15489
8332
12664
13691
13990
15235
13842
15184
10168
15330
8145
10230
16272
14002
12470
16090
14586
15915
14971
12911
13754
16259
15365
16677
15643
13717
17347
17229
16113
15847
16632
15404
18151
18317
12599
16641
16324
18530
13077
21277
18729
15263
20241
18003
15613
9946
11804
15885
19355
18996
22487
19361
18791
18723
16094
18277
15278
9037
19181
15211
16853
17105
14074
14975
18102
16705
11597
11920
14584
13907
16240
11825
15105
14694
15307
19738
13416
12656
12451
14114
12935
11834
16512
11642
16964
14357
12345
10364
8469
10951
11318
13158
11554
9051
8996
10321
11285
11210
11363
8825
11558
13422
11964
11412
11536
11250
11375
14788
9913
11756
10892
10690
8157
10101
10503
11191
11963
12542
10376
8499
10156
11195
11508
12352
12810
12435
11456
12570
9739
11572
9379
9447
11997
8527
11511
9957
10304
10600
11178
12487
10276
12612
14475
13718
14743
11769
13739
13626
15044
16161
14315
13933
12071
14066
13921
12324
12879
13438
14733
14379
14582
12428
11536
13268
13276
15698
14426
12729
11495
11642
11781
12326
12971
10320
14146
17788
15127
14430
15077
14284
14707
17909
12226
16233
14726
14750
11569
14492
12910
12480
15055
14416
13281
9797
11042
12901
14113
15116
19084
16610
14021
15266
12226
14193
11737
9969
15103
11448
13873
14786
11912
11900
10821
12406
11313
17
-486
-227
-56
-262
-355
-1754
-205
-546
125
-580
181
-134
-350
-692
-397
-534
-1645
-40
-415
-446
-22
-1219
-520
-313
-1469
302
-531
-1185
-35
-326
-1240
-886
1
-668
-502
-739
-213
-164
-540
-894
-407
-1491
-484
-525
-564
-873
-1354
-243
-1311
-292
-1479
-1003
-392
-710
-509
-681
-990
-606
-840
-261
-628
-761
-1030
-628
-934
-557
-529
-564
-710
-1101
-742
-961
-982
-1920
-883
-762
-677
-906
-785
-1563
-870
-980
-728
-1386
-468
-590
-792
-1248
-1234
-1304
-2457
-814
-1157
-1190
-732
-2203
-1198
-476
-2185
-482
-1311
-2344
-707
-1030
-2147
-1710
-476
-1218
-1168
-1408
-907
-453
-946
-1195
-809
-2663
-847
-726
-931
-1277
-1656
-493
-1947
-276
-2109
-1543
-503
-744
-250
-449
-842
-674
-734
2
-216
-474
-669
-383
-659
-152
-232
-542
-390
-791
-337
-759
-561
-1742
-461
-381
-253
-456
-464
-1219
-222
-353
-35
-811
-2
-258
-370
-635
-525
-639
-1641
-99
-376
-328
-48
-1073
-480
-232
-980
298
-421
-1231
-80
-326
-891
-553
-4
-633
-613
-891
-381
-96
-372
-618
-315
-1506
-443
-378
-398
-686
-1264
-161
-1287
-140
-1235
-898
-321
-687
-419
-505
-632
-479
-750
-264
-528
-515
-618
-325
-612
-207
-311
-615
-542
-862
-537
-823
-723
-1751
-530
-496
-422
-669
-632
-1526
-445
-466
-220
-848
-240
-406
-506
-675
-617
-711
-1695
-435
-619
-645
-257
-1259
-653
-382
-1152
7
-570
-1198
-274
-553
-1262
-790
-150
11
325
673
769
354
183
-1386
530
445
1010
266
1073
560
582
250
612
568
-952
1140
608
799
956
-620
314
692
-986
1254
664
-753
1106
811
-640
95
1212
709
1023
398
1038
1305
1074
587
1407
-634
1108
1173
940
777
118
1354
-828
1493
-708
149
1470
845
1079
1246
679
1397
1208
1725
1298
1198
756
1406
1090
1368
1687
1386
1395
938
1632
779
1387
-553
847
1384
1562
1313
944
-701
1131
844
1708
688
1564
913
916
682
1258
1273
127
1951
1337
1487
1620
8
1117
1119
85
1991
1467
246
1790
1534
-15
623
1693
1086
1665
1171
2018
1766
1824
1260
2124
592
1774
1715
1604
1495
854
1955
491
1943
108
695
1875
1248
1130
1495
949
1799
1519
1794
1422
1383
1048
1433
1076
1234
1623
1602
1360
926
1477
1016
1288
308
898
1438
1466
1306
891
305
1239
988
1593
815
1469
910
903
622
1013
1032
283
1816
1196
1381
1315
105
888
1064
141
1645
1232
112
1554
1303
344
690
1400
750
1124
708
1416
1386
1191
849
1540
358
1561
1485
1093
1022
595
1513
424
1769
367
760
1718
1182
1397
1550
1014
1672
1486
1871
1593
1404
1234
1536
1242
1393
1716
1750
1551
1037
1599
997
1377
559
1212
1774
1682
1435
1092
297
1473
1310
1914
1183
1818
1236
1404
1187
1379
1364
629
2107
1453
1700
1537
616
1090
1273
905
1827
1603
617
1814
1612
940
1418
1793
37
-50
240
571
406
232
-1296
597
189
949
-121
880
428
369
-89
255
126
-1930
796
456
494
833
-1447
279
610
-1035
1224
384
-1585
887
584
-1127
-398
1004
103
579
84
930
1104
942
241
1057
-1097
725
841
801
475
-400
1255
-679
1280
-772
-181
1172
575
614
943
476
929
535
917
667
854
525
1055
548
760
1119
1034
868
443
833
371
767
-71
445
1041
979
946
329
423
1217
684
1510
583
1171
353
395
475
864
625
-470
1079
791
755
938
-357
300
196
-209
1049
420
-545
590
301
-478
15
618
-32
125
-275
449
544
455
155
542
-871
294
373
227
35
-598
465
-781
619
-431
-119
505
6
233
309
79
520
213
637
314
240
117
551
327
511
672
523
585
177
603
102
234
-918
218
557
605
330
72
-860
474
474
906
311
820
361
368
263
463
459
-510
805
437
569
697
-103
216
419
-209
873
514
-33
756
443
-316
235
828
517
737
363
900
850
783
608
1046
-39
722
731
585
529
11
874
-327
924
-110
363
924
350
474
434
279
819
504
861
384
298
145
548
416
564
868
977
729
415
847
648
592
-153
400
815
822
620
390
-304
501
357
987
389
879
421
300
231
461
529
112
983
500
510
704
-51
293
428
-135
932
423
45
674
396
-411
-3
667
39
-122
110
416
177
90
-1517
335
-47
692
-412
673
267
304
-133
113
-57
-2193
548
293
359
708
-1307
71
435
-1349
1098
151
-1817
679
384
-1051
-374
793
-89
241
-221
590
829
585
-52
647
-1582
359
520
585
289
-473
954
-819
961
-1069
-469
830
281
344
642
277
688
191
601
303
504
209
747
249
494
745
603
522
149
563
111
420
-655
135
642
662
562
77
-92
678
313
946
-154
673
-103
-110
-61
275
93
-1039
488
129
111
452
-933
-185
12
-907
642
-50
-1112
270
-39
-1008
-434
384
-283
-207
-702
-48
286
148
-84
268
-1570
-120
1
-81
-288
-811
291
-1002
473
-991
-607
278
-199
22
128
-178
295
60
563
216
98
-108
342
106
447
421
27
183
-179
387
-94
45
-1115
91
365
495
242
-22
-1070
424
407
842
144
709
223
81
-44
263
285
-771
659
239
322
575
-530
59
377
-689
828
282
-661
655
350
-572
49
747
408
545
63
359
658
435
226
822
-343
506
493
333
210
-344
725
-530
789
-440
49
740
198
369
340
109
632
396
799
387
346
72
606
443
677
901
727
500
71
562
199
449
-450
326
668
693
467
293
-698
416
187
906
279
802
391
228
116
388
448
-27
896
445
385
645
-519
197
350
-139
863
316
-298
612
344
-624
-116
670
35
535
770
993
871
628
-284
1011
879
1324
771
1126
747
868
795
1013
996
-359
1206
1071
1202
1263
-132
974
980
6
1494
1331
35
1444
1267
12
588
1366
1046
1374
905
1193
1480
1572
1204
1776
430
1404
1523
1591
1621
1115
1830
495
1808
608
1068
1936
1431
1234
1710
1441
1881
1632
1499
1405
1787
1553
1991
1704
1554
2045
1913
1738
1634
1867
1605
1961
1694
1262
1842
1777
1883
1140
1487
1869
1271
2257
1831
1793
937
1100
1542
2099
2015
2173
2086
1885
1809
1739
1551
1421
730
1475
1710
1631
1529
1499
1464
1311
1340
1225
1072
1388
1184
1442
1132
1259
1128
1422
1319
1145
1102
1016
1112
869
1087
868
1088
820
928
1151
854
774
971
869
1198
1017
1038
874
862
781
891
858
811
1090
1179
1079
901
1150
983
1002
869
849
1099
1101
1001
815
521
914
924
1220
1088
1165
864
997
987
1218
1361
1270
1534
1289
1372
1186
821
983
977
912
1160
1212
924
1266
1191
931
1045
1178
1108
1476
1362
1697
1343
1474
1366
1714
1641
1597
1565
1290
1419
1218
1435
1162
1539
1107
1238
1616
1269
1240
1435
1295
1697
1510
1495
1319
1297
1286
1246
1168
1113
1473
1743
1464
1278
1517
1432
1507
1767
1278
1706
1540
1500
1187
1406
1372
1208
1678
1354
1482
1059
1194
1317
1426
1497
1670
1887
1552
1668
1397
1307
1214
1022
1509
1487
1507
1389
1389
1359
1368
1437
1242
3
-43
278
294
-11
-21
-1057
37
-6
316
-392
452
99
23
-341
-76
-118
-1015
494
-27
83
280
-806
-206
208
-753
486
-128
-944
263
-16
-1024
-489
462
-117
144
-174
586
523
291
-54
413
-1042
233
224
-8
-258
-755
342
-900
458
-991
-538
285
-160
127
95
-283
317
132
702
285
19
-215
145
-124
255
322
250
227
-205
297
-228
-20
-1481
-51
222
367
113
9
-1164
160
144
414
-448
437
183
-23
-467
-328
-375
-1760
363
-159
20
231
-1268
-208
347
-1276
614
-8
-1137
440
157
-1106
-490
565
-29
161
-257
440
626
504
109
721
-861
601
589
433
191
-409
804
-804
895
-709
-150
759
264
449
458
-29
457
348
827
511
428
201
648
331
592
735
538
439
17
482
-9
267
-882
149
502
540
333
91
-794
434
181
714
18
689
314
233
-66
80
-17
-1029
593
132
259
443
-531
54
342
-535
792
251
-730
598
330
-673
-164
638
66
228
-122
334
524
136
-180
326
-1209
269
251
84
-116
-497
437
-774
589
-770
-281
487
89
395
319
-23
358
178
701
366
194
-58
430
206
443
641
597
515
84
509
-9
194
-1172
100
363
478
251
156
-849
305
264
590
-67
631
300
259
-39
183
159
-623
684
200
318
450
-620
44
361
-468
688
270
-406
632
382
-501
-69
733
12
-25
343
409
112
23
-1048
187
101
499
-345
571
99
-11
-347
67
29
-896
681
96
187
433
-1064
-130
207
-827
657
-13
-937
380
57
-1136
-540
549
-119
186
-195
644
599
400
28
560
-960
325
314
81
-197
-818
511
-830
630
-828
-422
439
-103
130
143
-308
386
202
811
364
93
-160
223
-87
317
428
359
327
-122
435
-126
150
-1253
86
417
541
258
32
-1291
308
175
628
-307
595
273
17
-450
-291
-367
-1898
462
-95
95
302
-1253
-200
372
-1349
720
39
-1226
521
225
-1120
-437
657
63
267
-202
486
712
531
59
806
-801
734
725
515
254
-450
893
-992
1006
-757
-100
900
356
558
574
32
553
426
954
605
517
230
752
412
669
869
721
587
75
578
-36
360
-969
208
705
731
502
224
-835
529
191
884
79
847
386
331
20
143
26
-1130
676
155
285
507
-673
61
382
-503
877
347
-624
730
426
-797
-213
793
148
432
74
621
744
324
-76
502
-1356
392
402
239
37
-380
603
-731
759
-789
-239
656
197
496
466
75
571
376
913
568
383
100
601
339
578
845
799
733
276
726
174
350
-1257
147
454
623
408
263
-734
462
397
789
29
789
397
348
56
310
280
-590
883
349
495
589
-563
111
421
-602
887
418
-247
833
596
-251
112
907
43
538
1039
1456
1045
727
-1645
1339
983
2027
817
2011
1252
1420
849
1319
1250
-1887
2018
1433
1653
1924
-1609
1060
1594
-1512
2442
1674
-1370
2345
1915
-822
274
2343
1345
2051
1000
1995
2663
2436
1462
2954
-843
2474
2710
2505
2300
1141
3207
-652
3389
-687
714
3361
2355
2483
3083
2102
2900
2618
3163
2848
3037
2412
3317
2718
2932
3707
3218
3210
2690
3577
2406
3529
1467
2311
3354
3420
3367
2206
1214
3395
2395
4285
2851
3587
1997
2399
2724
3935
3745
2681
4386
3786
3804
3756
1941
2883
1831
2061
4020
3435
1954
3439
3213
2046
2579
3018
2183
3014
2295
3557
2879
3192
2456
3444
2087
2860
2761
2685
2662
1689
2911
1485
2852
1237
1678
2834
1939
1600
2314
1890
3017
2311
2439
1910
1981
1674
2117
1713
1739
2326
2460
2193
1729
2406
1799
2068
1092
1623
2387
2333
2007
1373
372
1836
1763
2455
1549
2250
1372
1557
1363
1962
2092
1035
2779
2005
2275
2105
535
1474
1754
568
2279
2073
739
2383
2013
732
1393
2291
1770
2328
1636
2663
2408
2520
2133
3084
1675
2859
2798
2215
2303
1723
2704
1113
3031
1062
1646
3026
2185
2216
2643
2019
3259
2904
3211
2647
2350
2095
2433
2184
2254
2783
3036
2625
2074
2910
2286
2614
2124
2270
3339
3098
2820
2098
1351
2617
2321
3403
2464
3106
2039
2184
2137
2565
2673
2176
3640
2592
2871
2629
1442
2018
2064
1717
2981
2726
1725
2893
2600
1636
2267
2713
14
-411
-194
14
-196
-234
-1627
34
-312
321
-531
398
108
-27
-537
-225
-384
-2061
292
-55
-63
295
-1873
-282
7
-1598
661
-218
-1682
302
-5
-1248
-755
353
-506
-269
-632
73
321
-28
-632
90
-1594
84
143
80
-299
-1083
422
-1242
426
-1186
-711
260
-209
-53
27
-398
3
-294
218
-31
9
-232
197
-275
35
196
102
9
-419
-95
-538
-235
-1122
-280
97
21
-182
-422
-883
1
-359
225
-565
235
-260
-234
-403
-196
-414
-1592
10
-242
-267
35
-1319
-598
-385
-1381
188
-552
-1498
-208
-531
-1402
-906
-74
-761
-773
-1109
-510
-163
-545
-838
-498
-2397
-591
-421
-522
-804
-1302
-258
-1812
-83
-1655
-1157
-303
-678
-307
-391
-674
-390
-582
77
-253
-484
-628
-278
-526
-101
-177
-437
-186
-518
-46
-574
-478
-1970
-368
-137
19
-255
-313
-1505
-152
-126
177
-562
189
-176
-238
-426
-172
-212
-1415
104
-201
-120
184
-1005
-364
-72
-1396
414
-210
-935
167
-161
-1078
-543
254
-220
-148
-537
-24
199
54
-96
240
-1048
-61
1
0
-147
-596
332
-896
347
-904
-401
291
-169
-63
-93
-324
115
-117
300
-89
-136
-314
13
-222
151
99
-193
-218
-446
43
-117
-141
-1013
-175
48
136
-41
-141
-1003
-60
-212
304
-348
221
-103
-307
-440
-225
-213
-943
142
-211
-272
116
-752
-284
3
-1031
413
-289
-977
121
-131
-921
-536
154
9
-718
-451
-255
-585
-611
-2384
-279
-633
42
-1026
193
-112
-330
-1011
-725
-977
-3060
-40
-503
-443
-23
-2326
-753
-336
-2234
461
-652
-2089
-26
-444
-1862
-1252
104
-1000
-790
-1233
-210
22
-375
-1072
-318
-2277
-311
-264
-378
-892
-1886
-20
-2218
-12
-1895
-1232
-200
-754
-465
-532
-1035
-536
-880
-120
-543
-602
-889
-353
-915
-431
-412
-596
-619
-1151
-699
-1256
-1062
-2569
-936
-568
-570
-910
-996
-2104
-694
-974
-425
-1385
-233
-641
-711
-1135
-1052
-1305
-3204
-735
-1098
-1069
-526
-2255
-1237
-664
-2507
-191
-1195
-2449
-609
-1090
-2572
-1841
-382
-1338
-1371
-1855
-1091
-501
-1043
-1423
-945
-3691
-1096
-898
-994
-1408
-1981
-581
-2875
-390
-2869
-1989
-671
-1103
-570
-785
-1234
-885
-1060
-107
-580
-904
-1204
-616
-939
-343
-460
-888
-602
-1026
-378
-995
-943
-3076
-880
-684
-396
-702
-715
-2244
-514
-564
-142
-1098
-32
-478
-645
-966
-624
-699
-2186
-239
-699
-668
-105
-1725
-751
-351
-2085
298
-661
-1621
-69
-481
-1686
-1133
20
-780
-689
-1197
-493
-139
-419
-640
-195
-1925
-569
-545
-556
-874
-1454
-31
-1651
-14
-1863
-1185
-165
-659
-417
-553
-917
-491
-749
-31
-520
-649
-956
-476
-802
-205
-328
-775
-765
-1101
-455
-685
-671
-1874
-613
-559
-399
-672
-677
-1976
-525
-690
-155
-981
-124
-413
-702
-1047
-772
-803
-1970
-291
-705
-825
-219
-1659
-729
-272
-1690
176
-860
-2057
-271
-619
-1694
-1168
-153
253
6745
7966
8972
8523
6942
2827
8251
7582
10397
9341
9205
6887
8703
9501
11169
12093
7576
11195
10985
11511
10736
3106
9733
9351
4353
10882
12286
3703
12407
12452
5341
8296
11748
12763
15365
12869
11587
13582
13642
11815
15811
6396
13463
14806
14841
16344
15342
16348
9766
17045
8549
11122
17871
15366
13957
17751
15644
17340
17356
15790
16675
18552
16910
18611
18134
16579
20720
19582
19461
19276
20760
17742
22530
20041
15749
19472
19501
20935
15730
18094
19357
16089
22299
20079
17849
12288
14609
18539
24707
25319
31996
25991
25374
25669
21538
23447
20672
11604
23163
21000
23366
23747
20145
21318
23544
21901
16580
17136
21570
20891
22785
16475
20023
18680
20413
27205
18018
17097
17086
19339
17538
16023
21209
15004
21625
19019
16626
14300
10553
14417
14737
18264
16112
11990
12267
14164
15327
13380
12944
10358
13212
15830
13658
13627
13692
14071
14671
20702
12522
15938
14176
14353
11510
15351
12081
12145
13376
13687
11432
9559
11462
12503
13357
14492
16777
15578
14857
16410
11995
16082
12118
11015
14259
10822
14380
13430
12753
13054
14227
14126
11356
13255
15446
15232
16240
12850
14501
14402
16042
18738
16810
16669
14409
17130
18055
13869
16383
15223
16499
15782
16485
14752
13645
16148
15426
18724
18055
15421
15388
15404
16354
15192
15482
12688
15438
18534
16218
15223
15938
15029
15482
19618
13583
18984
17030
17583
14687
20696
15815
15570
17710
17316
15801
11872
14357
16765
17186
18176
22851
19522
16839
18536
14464
17872
14030
11887
17724
14099
17660
19001
15531
16064
17828
17825
13942
48
555
822
1164
916
698
-883
1104
893
1591
815
1422
999
1134
907
1131
1071
-956
1448
1229
1429
1506
-367
971
1164
-582
1838
1439
-246
1756
1530
-76
626
1706
1236
1704
1122
1620
1923
1949
1394
2202
177
1707
1910
1942
1933
1186
2260
156
2245
350
1144
2393
1725
1655
2085
1670
2140
1811
1890
1715
2085
1800
2322
1931
1893
2473
2303
2157
1956
2367
1937
2369
1639
1511
2245
2231
2280
1487
1547
2155
1479
2693
1898
2181
1152
1386
1787
2389
2292
2050
2522
2202
2184
2154
1752
1670
1080
1522
2208
1929
1503
1910
1802
1339
1499
1628
1267
1747
1445
2035
1622
1798
1572
1979
1336
1508
1502
1417
1512
1146
1560
1023
1565
696
986
1593
1144
1110
1398
1224
1746
1400
1497
1238
1235
1138
1300
1159
1176
1513
1588
1457
1193
1610
1397
1379
1019
1113
1487
1528
1399
1088
882
1309
1330
1674
1225
1526
1031
1155
1121
1374
1528
1270
1899
1446
1606
1441
959
1140
1309
1066
1536
1493
982
1655
1517
1194
1337
1523
1284
1686
1398
1941
1675
1792
1687
2151
1754
1947
1893
1495
1625
1337
1792
1349
1981
1167
1363
1991
1482
1596
1797
1572
2142
1876
1992
1713
1640
1619
1703
1571
1589
1991
2184
1863
1526
1967
1746
1893
1984
1686
2169
2007
1846
1457
1308
1809
1671
2268
1728
2012
1447
1589
1658
1770
1860
1772
2411
1846
2008
1784
1296
1474
1469
1771
1984
1933
1372
1909
1818
1566
1892
1799
4
-902
-616
-376
-603
-695
-2350
-416
-638
-103
-952
-45
-425
-669
-1057
-683
-840
-2718
-432
-776
-833
-172
-1970
-727
-373
-2280
168
-839
-2125
-267
-679
-2140
-1439
-141
-894
-848
-1327
-750
-373
-672
-1081
-452
-2055
-618
-674
-584
-950
-1493
-151
-1683
-250
-2048
-1415
-417
-800
-744
-779
-1186
-640
-878
-318
-764
-806
-1279
-535
-875
-516
-509
-784
-964
-1366
-921
-1195
-1092
-2209
-1111
-927
-830
-997
-1063
-1830
-849
-1154
-661
-1314
-452
-820
-1133
-1479
-1191
-1291
-2326
-895
-1306
-1523
-811
-2679
-1346
-796
-2442
-585
-1590
-2710
-933
-1302
-2573
-2081
-710
-1488
-1494
-1815
-1448
-867
-1492
-1762
-1209
-3073
-1221
-1169
-1380
-1833
-2273
-793
-2369
-602
-2664
-2108
-952
-1197
-715
-1003
-1506
-1328
-1283
-333
-629
-1043
-1428
-929
-1138
-531
-581
-910
-767
-1270
-741
-1309
-926
-2362
-777
-806
-605
-867
-828
-2222
-603
-822
-371
-1142
-226
-424
-671
-1128
-872
-980
-2218
-379
-673
-732
-314
-2162
-848
-511
-1688
-3
-896
-2028
-416
-694
-1625
-1152
-216
-915
-811
-1080
-526
-272
-647
-1086
-550
-1783
-570
-484
-589
-1028
-1838
-262
-1759
-231
-1516
-1187
-456
-843
-638
-694
-984
-805
-1047
-404
-689
-750
-988
-683
-1033
-538
-580
-755
-695
-1123
-810
-1250
-912
-2052
-701
-564
-538
-811
-819
-1921
-640
-854
-419
-1210
-442
-577
-727
-1037
-988
-1168
-2538
-712
-813
-837
-449
-1870
-929
-698
-1676
-147
-864
-1689
-551
-904
-1996
-1396
-385
34
-219
96
452
198
33
-1860
374
109
857
-78
838
321
203
-171
385
347
-1677
810
410
411
900
-1659
266
556
-1591
1249
370
-1624
937
555
-1506
-626
1000
269
672
51
610
1023
745
137
1114
-1232
721
806
781
513
-237
1354
-727
1364
-995
-239
1247
625
666
906
300
923
714
1200
896
965
451
1188
786
1052
1460
1156
1012
547
1100
495
1078
-245
519
984
1066
973
462
-170
1017
472
1453
551
1233
501
433
356
1020
948
261
1565
1163
1110
1276
-182
697
466
-30
1510
789
-377
1065
803
-214
180
957
250
635
271
909
866
634
197
880
-357
696
713
502
288
-411
870
-395
974
-364
-21
829
328
475
564
162
602
358
874
597
458
256
560
276
575
816
804
740
231
700
149
527
-472
472
866
876
625
381
-528
661
491
1028
260
936
525
541
273
481
450
-587
1091
733
885
885
-273
399
585
-67
1119
687
-290
934
635
-245
262
944
420
720
421
1090
1002
803
470
993
-148
946
1026
780
687
129
1050
-6
1233
245
517
1207
656
743
912
610
1142
799
1158
818
761
607
840
553
750
961
1052
921
476
877
460
583
-306
552
1123
1070
849
604
53
863
753
1296
534
1105
609
655
586
686
653
-170
1185
744
901
924
52
423
560
-102
1209
836
253
1035
750
-107
415
1031
15
-705
-465
-272
-505
-566
-1919
-236
-569
-9
-949
139
-187
-394
-995
-551
-692
-2350
108
-278
-318
94
-2639
-530
-221
-1908
432
-551
-2372
-32
-403
-2123
-1380
178
-812
-508
-909
-87
177
-288
-979
-228
-2476
-243
-140
-281
-787
-1685
223
-1684
362
-1332
-957
91
-436
-249
-194
-791
-410
-577
155
-113
-204
-539
-14
-486
-80
108
-59
16
-497
-134
-885
-344
-1959
-414
-97
-60
-324
-623
-1651
-104
-418
129
-791
96
-286
-384
-741
-411
-629
-2117
102
-80
56
184
-1051
-403
-357
-1453
522
-268
-1530
29
-356
-1640
-961
153
-689
-581
-1049
-367
-28
-392
-862
-419
-2448
-603
-419
-514
-861
-1658
-246
-2382
-105
-1598
-969
-207
-669
-371
-493
-860
-609
-784
-106
-457
-570
-758
-303
-618
-217
-298
-589
-346
-710
-246
-908
-681
-2629
-620
-174
-1
-228
-373
-1808
-196
-347
164
-660
110
-264
-370
-609
-438
-555
-2283
-192
-392
-274
119
-892
-354
-148
-1540
440
-236
-1116
141
-298
-1804
-1087
209
-425
-237
-663
-124
96
-150
-395
-30
-1796
-402
-293
-198
-359
-727
157
-1219
178
-1277
-629
215
-192
-143
-157
-508
-53
-255
203
-182
-189
-564
-2
-254
42
19
-331
-335
-635
-169
-366
-526
-1988
-710
-420
-156
-223
-284
-845
-134
-301
180
-428
149
-235
-465
-613
-350
-341
-1183
-35
-368
-466
15
-908
-385
-142
-1427
343
-473
-1176
51
-232
-1206
-949
52
277
4602
5597
7148
7045
5419
3775
6666
6350
8037
6551
6767
5034
6070
6475
7644
8272
3779
8593
8749
10027
8421
5975
7630
7325
1944
8788
9375
3476
9488
9345
3557
5216
8906
8490
11323
8966
10108
10864
12424
11342
13380
6390
9943
11142
10647
11815
10255
12018
3978
12710
5458
8907
14216
12374
12342
14111
12004
12232
12649
12062
12865
14271
13550
14543
14145
13322
15724
13776
14610
14772
16779
14328
17778
14009
12263
15053
15877
17174
12922
12919
16081
13167
18529
15977
14487
10574
12214
14761
17359
17523
17926
18506
18176
18975
16533
21341
17092
11566
20814
17313
19146
17705
16884
17837
18559
17779
14190
14527
18441
17346
19576
14458
18106
16564
18565
22809
15900
15046
15507
17374
16028
14495
17619
13288
15033
14230
14537
12754
9716
13250
13774
16004
13289
9884
9635
12225
11967
12522
12233
9303
12642
14969
12189
11471
11343
11960
11954
15174
9115
11603
10881
11598
9054
14815
11023
11024
11809
11804
9967
7609
9166
10662
11083
11878
14722
12118
10680
11228
9194
10025
9754
8915
14115
8694
12044
11698
10794
11030
11253
10986
9662
10174
12521
11892
13304
10568
12226
12507
13273
14260
12526
12004
9947
11808
12701
10702
15183
12335
15099
13022
13086
11787
11039
13315
12839
15503
14542
12821
12541
12441
12530
12655
13124
10616
14059
16649
14736
13863
14316
13853
13782
17950
11875
14020
12820
12433
9772
13068
12591
13086
14340
14657
13029
10416
11911
13264
13975
14895
18883
16765
14373
15838
12142
14491
11711
10141
15511
11823
14421
14001
12616
13102
14729
15477
12003
-2
-909
-676
-632
-946
-936
-2155
-616
-674
-436
-1166
-309
-518
-635
-1025
-871
-1121
-2665
-648
-921
-862
-444
-2081
-1020
-776
-2156
-159
-905
-1601
-559
-985
-2066
-1406
-427
-1153
-1293
-1645
-1003
-674
-968
-1266
-1015
-2503
-1033
-999
-893
-1242
-1800
-657
-2065
-678
-1557
-1129
-768
-1148
-1071
-1204
-1435
-1005
-1267
-739
-1203
-1277
-1488
-1023
-1359
-989
-1164
-1343
-1323
-1510
-1210
-1381
-1663
-2693
-1404
-1254
-1203
-1490
-1428
-2427
-1391
-1473
-1211
-1648
-907
-1098
-1369
-1696
-1580
-1695
-2919
-1505
-1767
-1844
-1214
-2267
-1759
-1119
-3218
-1051
-2001
-2676
-1375
-1814
-3080
-2518
-1136
-1757
-1973
-2297
-2093
-1342
-1956
-1985
-1728
-3593
-1845
-1741
-1862
-2204
-2400
-1361
-3275
-1201
-3378
-2402
-1347
-1473
-881
-1411
-1826
-1773
-1621
-662
-1022
-1484
-1836
-1388
-1512
-798
-1155
-1715
-1442
-1714
-1080
-1454
-1410
-3079
-1228
-1288
-940
-1100
-842
-2371
-1012
-1172
-777
-1408
-543
-645
-972
-1394
-1191
-1220
-2446
-876
-1156
-1297
-617
-2069
-1015
-565
-2067
-306
-1317
-2178
-700
-989
-1995
-1687
-591
-1288
-1179
-1350
-949
-663
-1031
-1276
-835
-1846
-953
-951
-932
-1322
-1766
-525
-1577
-615
-2281
-1785
-859
-1058
-804
-992
-1274
-1195
-1336
-685
-919
-1011
-1301
-1029
-1322
-725
-886
-1212
-1246
-1618
-1270
-1347
-1228
-2021
-1048
-1240
-1086
-1197
-1015
-1535
-879
-1116
-844
-1519
-768
-779
-1033
-1384
-1393
-1550
-2524
-1142
-1275
-1491
-914
-2471
-1283
-856
-1735
-608
-1472
-2292
-1008
-1203
-1653
-1495
-859
9
90
497
586
309
236
-900
423
313
766
4
831
366
354
26
324
275
-850
836
263
363
601
-1090
60
439
-843
868
352
-693
769
479
-740
-196
825
236
507
81
748
878
588
208
827
-960
693
730
554
369
-116
1019
-347
1177
-478
-16
1037
473
616
749
226
829
670
1229
827
632
340
714
395
740
929
854
799
408
963
454
683
-390
527
996
1060
855
544
-388
965
721
1372
546
1270
682
644
424
863
787
-452
1358
846
916
1053
-692
368
626
-999
1246
535
-790
944
707
-453
194
1031
498
768
340
1009
1089
966
561
1222
-186
1076
1041
868
704
115
1247
-256
1373
-91
469
1376
840
927
1100
631
1242
1005
1331
1024
986
747
1145
796
995
1232
1098
950
547
1076
533
926
0
694
1241
1188
981
615
-201
902
592
1277
489
1164
598
615
422
708
648
-326
1220
721
838
898
-97
382
672
-142
1047
541
-377
852
608
-282
261
958
519
805
497
1162
1050
916
542
1148
-244
1035
1028
814
689
226
1074
-227
1169
-459
66
1017
497
721
788
433
1073
862
1247
893
675
523
860
634
825
1066
1138
979
545
1029
521
743
-375
599
1136
1158
1006
727
96
978
872
1307
553
1206
683
673
481
714
702
-122
1295
703
855
891
-336
423
727
-154
1111
752
124
1042
819
123
507
1070
138
6109
6111
6978
6567
4745
2457
6749
5817
8013
6786
6789
5199
5921
6049
6878
7540
3696
8187
7952
8626
7756
4226
7695
7805
6034
8277
9049
1717
8880
8855
3628
5641
8480
8475
10694
8473
8809
10114
11296
9662
13033
8714
11191
12009
10710
11382
9119
11590
3983
12411
4213
6812
13025
11425
11278
14108
12538
13247
12968
12349
12834
14037
12388
13856
13538
12715
15696
14926
15137
14109
15630
12167
17164
13571
12693
15537
15814
16542
12343
11119
16115
13195
18646
15945
14661
10732
12467
14937
17276
17125
18236
18318
17307
17923
15733
14919
15986
9970
21542
16678
20112
20748
17207
17891
17643
17466
14509
14705
18632
17579
19955
14860
18513
16316
18721
22674
16812
16183
16598
18153
15526
15065
17771
13933
18406
16230
15038
12574
8648
12999
13468
17086
14402
10664
10339
12688
12566
12430
11910
8809
12734
15746
13518
13115
12302
12683
12301
15865
9621
12187
11105
11005
8061
11197
10338
10004
11841
12508
10149
8052
9691
11068
11492
11937
14196
12222
10975
11987
8979
9904
8638
7229
10030
8552
12308
14169
11098
11265
11640
11183
9672
10607
12728
11810
12773
10520
12094
12042
13173
14283
12568
12363
10245
12217
12175
10065
9697
11316
13378
13617
13174
11863
11451
12825
12092
14840
14390
12738
12539
12203
12705
12213
12690
10319
13373
15568
14383
14312
15129
14322
14092
16985
11601
14672
13482
12906
10689
10807
10963
10692
13469
13970
12745
10306
12443
13603
13906
14939
17687
16078
14051
15637
12191
16681
11905
10255
14276
11900
14460
15481
13069
13322
13928
14020
11792
15
-424
-405
-103
-222
-338
-1549
-86
-355
156
-413
218
-16
-172
-541
-176
-220
-1644
155
-18
-80
325
-1234
7
183
-1343
635
-160
-1748
271
16
-1240
-780
283
-407
-183
-577
-123
173
-6
-418
208
-948
78
57
2
-284
-816
391
-1055
385
-1311
-746
311
71
131
232
-138
48
-178
188
19
108
-282
236
-55
156
359
169
33
-293
24
-343
126
-600
-103
43
43
-30
-297
-666
61
-335
192
-423
140
-225
-275
-414
-191
-307
-768
116
-90
-171
101
-724
-86
-152
137
360
-35
-752
108
-110
-767
-529
99
-557
-414
-661
-240
-107
-367
-673
-333
-1358
-397
-331
-477
-759
-1227
-287
-1142
-169
-1222
-1072
-420
-623
-443
-378
-529
-372
-574
-102
-322
-491
-692
-475
-630
-312
-304
-342
-226
-558
-317
-698
-542
-1442
-309
-250
-157
-351
-413
-1211
-47
-37
129
-357
93
-84
-161
-338
-247
-345
-1298
-57
-216
-178
23
-1309
-318
-237
-827
254
-26
-512
134
-119
-806
-404
173
-256
-211
-526
-160
58
-25
-221
25
-658
-70
0
-54
-227
-735
99
-719
179
-54
49
228
-86
-136
-7
-159
176
-51
159
-76
0
-195
51
-142
24
24
-172
-127
-315
-119
-312
-327
-879
-239
-101
-113
-365
-415
-1267
-264
-360
71
-198
71
-77
-135
-211
-161
-214
-928
-87
-176
-193
35
-556
-306
-259
-959
200
-211
-542
-11
-268
-1069
-625
32
2
-1150
-1064
-679
-880
-762
-2245
-617
-780
-326
-1234
-67
-363
-667
-1278
-761
-847
-2419
-173
-694
-811
-149
-2352
-816
-293
-2643
278
-1088
-2750
-257
-613
-1868
-1409
-130
-1199
-1021
-1423
-615
-349
-839
-1266
-641
-2298
-758
-881
-969
-1475
-2107
-275
-1606
-250
-1996
-1483
-478
-870
-583
-766
-1239
-903
-1247
-447
-859
-942
-1300
-709
-1196
-652
-637
-839
-1102
-1621
-1121
-1388
-1186
-1825
-989
-965
-1059
-1373
-1361
-1962
-1102
-1321
-1024
-1902
-725
-992
-1231
-1762
-1554
-1702
-2906
-957
-1315
-1428
-874
-2444
-1475
-764
-2116
-651
-1919
-3698
-1330
-1772
-2949
-2203
-926
-1875
-2066
-2373
-1759
-1106
-1846
-2155
-1718
-3809
-1589
-1448
-1808
-2387
-3002
-1284
-3136
-928
-3173
-2644
-1386
-1678
-992
-1217
-1562
-1435
-1640
-540
-976
-1401
-1748
-1252
-1567
-781
-1062
-1371
-1125
-1794
-1219
-2054
-1592
-3540
-1023
-872
-742
-1120
-1035
-2549
-700
-632
-487
-1542
-410
-667
-918
-1369
-1182
-1338
-3052
-661
-1019
-936
-411
-2625
-1016
-653
-1833
-16
-878
-1994
-522
-1057
-2574
-1621
-302
-1117
-1180
-1608
-925
-458
-819
-1131
-747
-2444
-828
-705
-676
-1093
-1896
-297
-1742
-217
-1199
-970
-421
-1029
-955
-925
-1206
-673
-973
-350
-844
-869
-1175
-676
-1066
-534
-706
-1052
-965
-1397
-1017
-1377
-1390
-2951
-1089
-904
-781
-1109
-1150
-2511
-776
-923
-403
-1110
-443
-648
-1012
-1291
-1148
-1325
-2765
-921
-1185
-1229
-666
-2138
-1310
-960
-2712
-286
-1200
-1800
-670
-1114
-2431
-1745
-537
186
5691
7611
7896
7255
5421
1404
6274
4715
8018
6674
6790
4817
5945
6401
6941
7257
3108
7422
7122
8022
7176
2700
6684
5963
4279
7689
9531
5805
9128
8586
1905
3947
8149
8043
10473
8531
8637
9853
10412
8543
11928
4926
10339
11667
11209
12276
10694
11359
3189
11776
3008
6301
12409
10525
10178
12599
10484
12385
13117
12565
13188
13606
12470
13122
12865
12264
14824
13634
14822
14501
16123
13079
16437
10302
11222
14259
15583
16655
12914
10649
15536
12519
18410
15905
14725
10860
12488
14926
17495
17434
17862
18020
16907
17556
15294
14519
14764
9329
15015
16544
19328
21374
17905
19204
20699
18338
14631
14743
18965
17727
20051
15146
18805
16715
19305
22661
17012
16307
17232
19103
17123
16026
17853
14360
17043
16300
15828
13594
10116
13348
12963
15717
13873
10409
10729
13110
13750
12889
12168
9475
12783
14518
12506
12860
12819
14107
13507
18882
10056
12201
11154
11293
8897
12187
9687
8702
11166
11477
9961
7760
10041
11411
11854
12439
14560
12268
11324
11866
9217
12062
8819
8435
9977
8526
10904
10083
10606
11548
14018
12653
9622
10727
12777
12233
13141
10712
11919
11596
13012
13129
12391
12249
10383
12317
13198
10113
10932
11138
9288
9899
12010
11322
11380
13257
13011
15133
13934
12259
12325
12184
12759
12132
12443
10367
13143
15174
13846
13533
14599
13676
14485
17935
12017
14914
13599
13436
11289
14300
11429
11959
13004
11918
11925
8785
11183
12799
13817
15078
19635
16379
13889
15259
12022
14571
11924
10501
16536
11724
14521
14525
12856
13406
15584
15449
11908
-5
-358
-291
-203
-545
-623
-1960
-153
-263
75
-789
162
-150
-280
-753
-373
-506
-2106
146
-202
-174
187
-1928
-383
-17
-1455
473
-390
-2231
10
-341
-1767
-878
265
-439
-385
-890
-242
150
-143
-657
-37
-1715
-125
-68
-210
-618
-1432
190
-1583
324
-1146
-747
163
-325
-247
-39
-390
87
-277
244
-180
-157
-587
27
-384
-36
38
-119
-171
-623
-239
-873
-408
-1625
-338
82
5
-287
-581
-1555
-157
-390
126
-647
100
-371
-537
-757
-382
-523
-1529
26
-323
-272
38
-1242
-454
-397
-1048
287
-309
-1081
-73
-528
-2015
-1233
36
-624
-550
-981
-509
-158
-523
-854
-375
-2075
-548
-448
-596
-895
-1510
-289
-2057
-159
-1607
-1041
-299
-729
-486
-576
-956
-421
-469
170
-232
-515
-846
-378
-593
-161
-223
-492
-330
-737
-260
-840
-684
-2519
-607
-280
-55
-276
-350
-1866
-187
-349
193
-407
225
-38
-295
-637
-408
-474
-1806
-14
-360
-302
51
-1342
-435
-223
-1673
385
-244
-743
210
-155
-1397
-961
176
-408
-178
-491
-39
109
-182
-472
70
-1080
-52
-31
-96
-308
-795
260
-1094
259
-926
-359
285
-112
25
-150
-620
-238
-286
270
-28
-146
-448
-64
-317
30
85
-153
-215
-584
-166
-404
-420
-1566
-515
-335
-173
-352
-265
-1222
-301
-580
34
-481
162
3
-108
-445
-389
-442
-1498
-29
-284
-347
8
-1063
-441
-100
-1428
295
-510
-1334
8
-220
-1102
-850
51
13
-325
-129
59
-299
-418
-2172
-63
-209
295
-586
339
-2
-130
-582
-183
-284
-2167
296
-38
54
419
-1693
-180
153
-1767
768
-67
-1872
395
-17
-1820
-892
532
-183
-18
-595
-35
454
150
-377
370
-1657
149
236
183
-125
-896
616
-1551
671
-1276
-540
622
88
160
325
-137
418
151
625
257
307
-135
521
120
426
596
339
272
-118
362
-224
232
-1144
-36
480
504
347
-49
-925
332
-126
708
-128
583
-42
-169
-291
159
34
-854
531
147
122
458
-707
-50
-93
-713
716
60
-661
372
7
-1214
-725
333
-361
-137
-511
17
169
-166
-496
41
-1438
-150
-104
-238
-476
-979
109
-1282
198
-1356
-828
53
-347
-122
-176
-594
-115
-217
400
63
-195
-503
-115
-347
68
77
-137
-70
-507
1
-467
-340
-1786
-315
-52
146
-50
-88
-1226
66
-53
396
-231
448
160
21
-330
-111
-137
-1329
352
-21
23
293
-1177
-195
128
-1224
585
-25
-864
446
150
-835
-487
439
-183
75
-244
288
425
129
-169
373
-822
277
303
129
-65
-547
513
-575
612
-557
-162
563
147
341
301
-94
306
115
606
334
250
43
354
63
365
504
374
261
-146
266
-20
89
-688
38
280
301
80
18
-670
187
-30
528
-128
527
214
200
-10
75
13
-907
485
166
159
376
-700
-131
160
-753
614
-65
-967
297
80
-627
-225
393
185
4288
5959
7181
7745
6351
6532
7153
5775
8046
6025
6706
4278
5415
6220
7147
7568
4837
7616
6997
7413
6799
2155
6179
6120
3051
7453
8475
4210
9013
9425
6122
5889
7976
7313
9718
7776
8467
9635
10282
8801
11535
4095
9574
10697
10399
11272
10466
11511
7166
12185
4550
5961
11820
10048
10235
12315
9983
10571
11507
11481
12614
13133
12859
13120
12730
12465
14457
12378
13801
13412
15335
12693
16324
13095
12037
13783
14796
15556
11964
10485
15770
13547
18204
15275
14438
10689
12545
14960
17649
17570
16805
18094
17399
17920
15500
14226
14447
10434
14816
16139
17749
14966
16512
18427
21352
20655
14975
16465
19520
17976
19781
15567
19293
16986
19709
22755
17478
16899
17807
19413
16975
16723
19098
15445
18797
16908
16454
13915
9988
14338
14825
17345
14254
10322
10180
13474
13677
14018
13193
10095
13550
15580
12978
12735
12507
12627
13905
19621
11011
14214
12200
12034
8887
12940
10169
9799
11561
10974
9633
6571
8564
10706
12375
13147
16798
12983
11818
12441
9759
11616
9185
8126
12345
8248
11019
10150
9664
9960
10042
11315
9617
11631
13418
12822
13448
10737
12262
12135
13286
12761
12074
12054
10437
12407
12998
10250
11997
11338
11780
11057
11846
10345
9419
11931
11819
15843
14999
12771
12324
11824
12167
12005
12607
10316
13070
15373
14000
13505
14409
12945
13949
15560
11570
15479
14340
14345
11345
13787
12019
12665
13751
13028
12018
9043
9867
11266
12919
14401
19636
16645
13788
15684
11753
15121
11748
9915
14593
11783
14925
16869
13297
13511
14568
14534
11941
93
2447
3313
4047
4105
3150
2793
4382
3812
4980
3312
4153
2497
3043
3327
4127
4294
1777
4717
4088
4424
4164
198
3356
3689
934
4628
4778
913
5255
5349
2723
3389
5018
4525
5755
4137
4800
5915
6200
5130
7041
1692
5725
6411
6058
6340
5251
7069
3328
7685
2892
3791
7456
5985
6115
7491
5931
6561
6894
7208
7463
7826
7312
8109
7724
7679
8954
7616
8399
7843
9276
7078
9698
6992
7275
8737
9209
9342
6955
4828
9486
8095
11308
9202
9032
6461
7413
8709
10727
10666
9277
11239
10631
10981
9761
7918
8728
6327
8216
10062
10536
7958
9839
10534
10369
11193
9176
9934
11894
10765
12009
9562
11587
9998
12057
12873
10571
10245
10699
11547
9729
10314
10443
9632
10774
10163
10372
8504
6060
8750
8723
10916
9022
6912
6472
8286
7902
8659
8071
6305
8610
9849
8160
7666
7801
7382
8369
10144
6332
8767
7757
7662
5570
7304
6340
5842
7413
6707
6205
4160
5007
5995
7279
7765
9392
8209
7174
7631
6115
6404
5564
4906
6598
5402
6706
6217
6141
5996
4786
5732
5931
6581
8105
7686
8539
6718
7481
7194
8318
7418
7584
7519
6371
7431
7446
6600
6640
7263
6709
6720
7615
6434
6074
7222
6553
9182
8979
8133
7814
7215
7334
7332
7542
6388
8196
9595
8688
8080
8897
7838
8430
8531
6823
9359
8869
8895
7062
8060
7642
7576
8836
8134
7845
6052
6507
6932
7648
8386
10244
10254
8422
9626
7297
8873
7067
6309
8090
7583
8980
9363
8368
8447
8757
8654
7503
-5
-281
-273
-165
-226
-128
-528
-151
-180
-98
-329
10
36
-18
-277
-250
-267
-828
3
-93
-70
38
-592
-81
98
-495
194
-119
-701
77
-27
-456
-299
104
-243
-126
-185
71
104
-18
-196
-7
-534
6
7
4
-115
-329
160
-243
156
-301
-158
117
-16
34
22
-60
-37
-194
-58
-116
-31
-56
44
-131
-56
46
102
-37
-147
-111
-115
-78
-101
-118
-36
-119
-121
-255
98
-28
-205
-46
-330
-81
-273
-283
-256
-242
-366
-343
-169
-235
-262
-197
-80
-334
-349
-15
-128
-350
-317
-310
-368
-207
-231
-259
-531
-600
-632
-398
-387
-494
-504
-597
-918
-627
-572
-631
-769
-900
-589
-795
-514
-683
-678
-635
-686
-475
-602
-586
-670
-750
-454
-583
-699
-679
-656
-698
-475
-666
-758
-596
-698
-571
-701
-809
-1262
-487
-565
-486
-625
-482
-997
-457
-256
-421
-599
-331
-285
-354
-486
-562
-583
-1206
-537
-570
-521
-346
-739
-487
-218
-776
-259
-456
-682
-315
-440
-774
-492
-176
-291
-372
-503
-392
-215
-234
-231
-222
-588
-340
-296
-269
-347
-464
-178
-456
-158
-293
-196
-139
-256
-236
-239
-232
-108
-231
-139
-305
-232
-329
-151
-207
-110
-169
-322
-332
-395
-297
-276
-379
-656
-331
-356
-310
-383
-350
-600
-337
-339
-235
-380
-235
-260
-405
-411
-399
-400
-560
-376
-443
-509
-266
-487
-383
-289
-577
-177
-470
-491
-331
-434
-738
-554
-281
18
-54
401
595
252
132
-1653
221
-50
702
-182
805
310
226
-229
164
125
-1578
763
204
303
679
-1414
78
489
-1429
1019
269
-1225
821
399
-1598
-859
847
41
479
-61
685
966
635
94
985
-1282
739
825
608
364
-275
1133
-1080
1268
-1386
-479
1168
605
829
1002
269
977
883
1539
1194
1009
505
1042
649
1070
1323
1004
1036
536
1223
501
985
-779
541
1047
1257
1116
743
-344
1199
755
1665
661
1517
847
839
568
1064
977
-354
1728
1177
1259
1433
-447
836
834
-373
1855
1148
-250
1553
1283
4
410
1372
481
962
439
1284
1362
1191
623
1472
-186
1286
1258
1097
887
129
1491
-146
1561
-272
302
1449
847
979
1195
661
1269
976
1385
1116
1116
902
1324
901
1107
1480
1376
1242
765
1298
736
1132
142
823
1289
1295
1061
633
-221
1158
781
1572
694
1428
770
920
738
1002
883
-392
1432
958
1043
1147
-353
521
777
-205
1354
814
-497
1147
899
12
548
1179
608
858
428
1150
1197
999
605
1228
-396
1125
1176
923
804
273
1258
-110
1475
-143
313
1371
811
981
1230
867
1469
1072
1497
1084
968
732
1136
834
1027
1328
1369
1261
828
1365
786
1017
54
898
1462
1407
1118
783
-25
1135
1080
1609
782
1479
787
924
842
1226
1245
379
1758
1162
1319
1347
-84
741
918
10
1517
1108
103
1336
1012
-83
624
1388
4
-746
-415
-164
-501
-487
-2162
-283
-529
0
-1281
200
-255
-348
-1016
-685
-864
-3088
-2
-568
-498
64
-2741
-660
-36
-2351
583
-527
-2580
189
-288
-2271
-1452
360
-910
-641
-1291
-215
314
-140
-820
-17
-3017
-211
-96
-206
-704
-1544
396
-1957
562
-2171
-1428
232
-383
-60
70
-591
22
-258
572
159
25
-371
266
-295
276
333
-116
30
-476
194
-554
-109
-2011
-237
88
239
-48
-447
-1773
276
-73
634
-623
516
-168
-314
-605
-186
-425
-2205
299
-223
-169
273
-1639
-485
-145
-1756
753
-230
-1746
325
-31
-1279
-573
476
-418
-370
-1086
-309
204
-101
-608
102
-2101
-181
-121
-234
-641
-1505
222
-1974
340
-1747
-1060
104
-492
-220
-189
-652
-119
-421
332
-180
-301
-694
20
-367
141
88
-375
-280
-791
-96
-815
-463
-2181
-353
-3
105
-298
-451
-2324
-146
-285
347
-582
393
-121
-273
-611
-212
-279
-1957
183
-319
-310
250
-1785
-445
8
-1707
546
-332
-1751
232
-242
-1966
-992
446
-193
-43
-581
-68
301
-125
-510
234
-1729
-29
8
-123
-412
-1002
378
-1277
486
-1395
-759
363
-185
-46
54
-373
458
135
742
200
37
-492
213
-92
304
469
248
102
-440
158
-366
-127
-1672
-251
135
245
-49
-175
-1374
-66
-236
396
-464
424
-33
-308
-639
-178
-148
-924
543
-60
-81
295
-1488
-319
-42
-1346
634
-224
-1051
307
-106
-1449
-917
346
29
406
995
1365
990
610
-1479
1168
780
1828
822
1779
1022
956
487
1040
1050
-1393
1792
1174
1386
1592
-1223
775
1333
-1538
1960
1225
-1351
1913
1522
-1313
-242
2014
1272
2018
1100
1760
2384
1966
1124
2570
-1090
2028
2302
1892
1714
749
2702
-935
3044
-782
574
3032
2162
2549
2815
1652
2276
2416
3292
3006
2832
2120
2976
2618
2989
3661
3100
3317
2610
3637
2158
3470
514
2324
3291
3701
3637
2763
801
3587
2712
4581
3052
3878
2641
2886
2895
3871
3767
1810
4651
4084
4230
4108
1684
3256
2540
1847
4487
3823
1815
3984
3833
2105
2879
3694
2951
4198
3615
5030
4008
4533
3496
4781
3399
4130
4046
4126
4155
2946
4371
2917
4171
2756
3156
4347
3294
2617
3574
3003
4160
3346
3130
2807
3338
2991
3502
2905
2580
3618
3952
3351
2803
3232
2729
3167
2507
2164
3243
3084
2994
2019
2364
2790
2283
3291
2255
2803
1723
2031
2061
2517
2491
1574
3273
2651
2926
2529
1590
1906
1970
1381
2615
2398
1085
2546
2270
1268
1769
2422
1825
2482
1959
3118
2685
2832
2439
3173
1456
2876
2919
2348
2497
1980
2738
1362
3145
1508
1957
3140
2373
2608
2937
2351
3312
2975
3255
2897
2626
2596
2952
2743
2587
3289
3630
3391
2846
3557
2755
3069
2167
2559
3631
3523
3277
2452
1954
3149
3038
3856
2899
3441
2363
2692
2718
2928
3039
2231
3943
2989
3477
2980
2511
2467
2629
2454
3279
3316
2279
3356
3138
2424
3089
3272
42
981
1158
1508
1346
1050
211
1569
1364
1946
1165
1654
1058
1320
1363
1648
1666
118
1849
1663
1826
1831
-56
1384
1526
200
2063
1918
45
2117
2043
588
1175
2055
1779
2249
1582
1913
2389
2564
2093
2874
718
2226
2559
2491
2586
1968
2866
1033
3048
1050
1580
3083
2433
2378
3070
2571
2905
2737
2804
2767
3098
2759
3177
2903
2905
3464
3000
3203
2998
3550
2805
3667
2705
2686
3344
3474
3502
2514
1996
3474
2874
4218
3308
3340
2211
2532
3128
3926
3900
3645
4152
3834
3952
3604
3088
3194
2207
3277
3757
3900
3295
3616
3739
3470
3738
3245
3330
4070
3618
4150
3339
4066
3591
4312
4555
3646
3569
3644
3955
3269
3570
3425
3365
3453
3376
3612
2906
2171
3085
3029
3896
3246
2644
2423
2946
2786
3002
2792
2328
3073
3411
2911
2676
2884
2755
2962
3455
2317
3127
2883
2810
2088
2452
2447
2247
2952
2664
2510
1754
2018
2329
2696
2882
3287
3114
2640
2806
2337
2279
2085
1922
2502
2211
2643
2597
2539
2478
2183
2364
2324
2489
3075
2905
3249
2604
2878
2775
3321
3293
3110
3062
2564
2959
2860
2693
2698
2924
2655
2689
3086
2574
2486
2899
2635
3548
3369
3156
2978
2819
2813
2815
2830
2493
3216
3709
3294
2967
3328
3006
3163
3379
2648
3484
3283
3188
2638
2812
2843
2762
3414
3108
3095
2434
2708
2866
3023
3280
3813
3930
3211
3580
2838
2911
2616
2415
3038
2969
3392
3342
3218
3239
3245
3300
2914
-2
-357
-29
214
-106
-311
-1982
164
-50
564
-344
580
68
-154
-567
-136
-215
-2104
373
-137
-72
372
-1939
-277
248
-1942
737
-73
-1878
535
162
-1866
-947
740
57
342
-357
166
760
395
-198
766
-1739
432
531
339
15
-768
953
-1562
1111
-1402
-531
997
403
643
735
9
556
540
1257
897
771
185
955
625
1039
1272
790
867
323
1017
116
867
-1141
445
933
1154
978
560
-1045
1056
521
1635
643
1422
747
639
437
1029
918
-510
1554
1112
1101
1365
-544
722
628
-326
1672
920
-352
1294
1040
-391
256
1308
665
1228
810
1574
1350
1284
611
1523
60
1203
1207
1135
897
31
1450
-162
1394
-181
317
1311
701
631
865
382
1016
704
1105
784
800
423
909
553
738
1136
1107
929
403
833
286
651
-626
336
816
876
686
401
-365
674
398
1033
256
963
515
501
211
509
465
-665
1109
724
837
884
-535
361
542
-487
1103
564
-455
897
582
-535
-75
891
229
637
325
1108
1008
846
445
1045
-437
898
982
721
579
-23
1042
-321
1194
-147
267
1109
590
799
846
407
954
733
1180
918
760
663
945
669
824
1158
1250
1159
729
1162
670
864
-135
643
1165
1163
953
627
34
938
754
1329
542
1183
692
763
586
652
613
-328
1280
833
1048
998
332
546
734
75
1318
899
101
1126
865
169
583
1098
1
-522
-217
36
-261
-386
-2133
-42
-274
353
-444
405
41
-267
-751
-316
-375
-2072
263
-206
-158
279
-1942
-276
130
-1856
692
-110
-1686
483
93
-1882
-1073
589
-122
190
-368
70
550
124
-478
482
-1621
279
338
188
-145
-917
741
-1446
807
-1280
-527
711
173
364
361
-298
210
171
824
523
431
-63
609
254
614
885
612
540
2
524
-156
437
-1160
85
526
662
521
191
-947
573
-28
1016
140
902
355
225
-1
372
206
-915
838
461
411
673
-810
72
96
-638
952
211
-617
620
403
-605
-232
659
-15
414
172
873
694
446
-120
569
-884
390
470
351
67
-671
629
-844
651
-803
-357
506
46
217
210
-223
85
-118
495
233
110
-144
154
-165
187
368
302
325
-166
231
-276
-72
-1423
-117
190
315
97
53
-803
197
78
480
-274
511
235
258
-82
61
-17
-1405
533
291
416
520
-837
-26
264
-1008
752
123
-899
496
194
-809
-353
564
-129
177
-111
659
681
526
183
588
-972
368
516
375
205
-358
641
-629
764
-408
-6
710
246
482
515
207
626
329
721
478
461
419
681
364
562
751
672
688
359
745
380
449
-560
272
646
695
496
250
-267
515
401
845
31
683
265
293
193
196
143
-888
621
296
448
565
54
131
407
-404
874
345
-400
609
355
-292
150
644
54
981
1349
1745
1327
886
-929
1571
1220
2263
1312
2143
1167
1506
1420
1938
1954
-412
2218
1777
1940
2174
-439
1412
1735
-368
2317
1870
-723
2267
1962
-803
314
2369
1821
2600
1583
2352
2913
3005
2314
3518
-109
2535
2958
2594
2575
1699
3289
-327
3694
-443
896
3726
2910
3104
3871
2858
3487
3469
4117
3791
3707
2824
3634
3393
3716
4414
3664
4199
3722
4871
3352
4633
1710
3289
4124
4711
4651
3566
1402
4675
4017
5842
4372
4843
3438
3749
4053
5316
5378
3397
6037
5469
5667
5481
2585
4768
3594
3131
5863
5531
3278
5352
5213
3186
4126
4766
4289
5646
4834
6205
5136
6373
5416
6901
6835
6092
5842
5988
6279
4920
6163
4971
5806
4906
5168
6276
5079
3744
5341
4820
6433
5407
4456
4169
5149
4643
5259
4660
3889
5333
5756
4797
4365
4716
4437
5087
5648
3593
4872
4478
4460
2940
3718
4093
3120
4791
4084
4000
2623
3008
3396
3860
3868
3930
4530
3759
3932
3403
2953
3034
2639
3630
3435
3798
3103
3619
3468
2838
3085
3166
2957
3704
3322
4092
3397
3617
3244
4261
3745
4295
4197
3420
3797
3394
3645
2710
4053
2711
3022
4143
3435
3458
4015
3467
4543
4192
4248
3918
3522
3382
3641
3610
3157
4324
5266
4740
4124
4693
3887
4274
4092
3644
4926
4673
4429
3493
3159
4163
3894
5025
4395
4620
3398
3987
4138
4305
4473
4434
5327
4168
4656
3816
2939
3326
3236
3951
3970
4686
4458
4506
4433
4085
4406
4253
8
-337
-41
230
-104
-224
-2020
192
-154
591
-339
654
269
140
-400
-136
-292
-2503
418
21
133
469
-1962
-211
278
-1918
888
55
-1834
659
304
-1695
-870
819
-33
350
-254
407
917
527
-221
747
-1954
489
685
528
186
-725
1003
-1685
1137
-1352
-449
1054
465
754
857
184
597
462
1145
875
857
410
1052
622
984
1280
903
1036
530
1100
230
875
-1141
415
939
1137
973
538
-717
1056
503
1588
485
1334
600
651
580
1004
799
-760
1335
995
1030
1259
-303
561
459
-381
1547
841
-159
1156
918
-220
309
1167
471
953
527
1459
1231
1300
723
1373
-341
903
1009
1051
860
59
1272
-370
1214
-389
152
1134
537
513
742
360
886
507
910
564
620
357
768
417
642
873
688
705
343
819
385
468
-844
204
597
742
545
289
-452
580
471
957
187
871
371
384
213
517
512
-718
950
594
716
874
-257
352
592
-679
1101
522
-501
889
568
-452
8
864
278
570
133
836
901
862
631
1137
-233
795
850
655
581
112
1033
-222
1149
-314
193
1101
603
792
853
491
1046
769
1161
821
744
587
987
764
935
1200
1091
973
615
1159
805
933
114
674
1063
1113
908
599
-65
876
710
1311
557
1153
634
614
502
637
689
30
1247
717
819
954
260
588
842
354
1292
834
-35
1110
876
170
593
1080
287
5396
5802
7019
6684
5009
2860
6826
5494
8514
7439
7419
4467
5917
7437
9610
10162
7973
9021
8759
8661
8382
2407
7165
5834
4419
7683
8575
4206
8295
8393
2979
4341
7830
7873
10527
8460
9278
9901
11792
10477
13155
7487
10015
11427
10367
11150
9347
11418
4339
12397
4057
6291
12838
11330
11045
13997
11589
12531
13336
13576
14088
13951
12199
12377
12495
12890
14698
12399
14789
14453
17049
13363
17424
12433
13367
14936
16579
16891
13680
8356
16737
14956
20051
17596
16244
13262
14763
16636
19613
20057
15966
20822
20630
21417
19100
13779
18248
13152
15808
19572
21178
16950
18995
19855
18118
19083
16410
17643
21657
20362
23173
18207
23940
21281
25312
32175
23835
23048
24067
26232
22690
22442
23051
20521
23345
22238
22727
19763
13866
19886
19702
23751
20252
14579
14840
19290
18792
18985
17708
13554
18428
21064
17509
17136
16350
17110
18675
25576
13744
17939
15721
16271
11688
18436
14198
11421
15926
15839
13083
9326
11775
14703
14910
15104
19942
15222
13874
14394
11443
14923
11744
9075
17864
10702
15088
17747
12874
13379
15408
14280
10743
12352
14540
14699
15520
11948
13642
13538
14989
16718
15283
15209
13569
16167
16962
12669
14726
13528
13881
13259
14154
12900
11901
14090
13798
16331
15510
13610
13609
12637
13545
12399
13296
10506
14341
18419
16990
16801
17184
16567
16061
19614
13536
17132
16221
16242
13247
16123
14548
14503
16658
16696
15012
11566
14039
16012
16157
17152
22033
18120
15125
16757
12526
15425
12126
10989
16186
12251
17028
21049
15525
16621
20902
19131
14108
8
-160
62
275
88
126
-711
357
230
579
-27
553
377
637
451
233
48
-1992
229
336
561
626
-310
202
537
-889
851
483
-836
740
562
-624
3
883
463
718
349
766
1095
1050
647
932
-1439
416
765
994
989
620
1131
-457
1162
-305
365
1264
865
958
1158
1015
1032
718
832
740
1109
982
1394
1134
1131
1380
1028
1195
1166
1404
1164
1185
-15
518
896
1103
1236
744
1118
1234
975
1560
869
1103
314
443
975
1430
1346
1342
1304
1165
1151
1221
1748
903
444
997
1286
1047
1371
1051
1061
1302
1177
926
743
1051
783
1355
859
1379
1434
1355
1161
495
504
657
742
539
787
821
626
407
487
626
326
232
285
308
485
222
315
53
135
117
246
241
361
296
36
20
3
381
588
196
242
189
107
251
175
148
-1
249
517
448
316
418
309
149
80
222
441
137
552
337
354
506
500
442
839
330
558
243
-500
479
390
168
380
519
554
653
482
577
557
650
741
1082
1426
910
795
487
537
453
811
942
921
465
494
897
701
792
856
794
1031
795
914
675
703
484
822
852
835
1171
1304
854
433
689
608
868
1150
812
930
816
693
589
674
718
668
940
614
842
651
551
509
436
573
1018
1053
621
610
666
93
646
739
1722
865
813
425
757
655
263
617
773
13
-311
34
333
-28
-188
-1984
176
-76
626
-363
692
124
145
-231
94
-31
-2348
420
23
135
587
-1626
-117
404
-1991
928
94
-1854
709
316
-1816
-904
871
74
412
-340
358
977
727
132
1006
-2028
481
696
610
357
-347
1164
-1626
1310
-1799
-683
1224
646
905
1122
437
971
835
1494
1141
1083
515
1264
908
1316
1535
926
1143
741
1517
688
1275
-846
665
1142
1462
1357
848
-468
1444
955
2047
931
1709
820
803
819
1543
1463
88
1941
1473
1431
1778
-97
1120
882
-30
2094
1308
12
1631
1397
191
709
1505
833
1353
824
1711
1485
1695
1184
2007
950
1553
1474
1489
1339
563
1853
638
1748
225
625
1689
1049
807
1242
807
1568
1116
1337
976
1134
723
1264
893
1038
1412
1247
994
543
1066
688
1012
271
646
1023
1040
827
429
-253
880
595
1282
553
1164
597
562
360
728
738
-151
1307
807
835
1003
-495
530
768
-59
1221
710
-556
1045
769
-228
264
1024
511
801
411
995
1042
854
498
1266
165
1231
1227
851
724
160
1247
95
1455
19
322
1310
795
934
1141
719
1361
1052
1483
1125
944
679
1086
861
989
1445
1655
1402
848
1319
748
1147
509
1018
1573
1469
1173
797
50
1175
950
1653
870
1504
908
972
823
988
990
363
1689
1071
1214
1180
-182
672
849
535
1442
1168
385
1338
1073
200
772
1361
3
-889
-625
-269
-632
-731
-2785
-332
-586
152
-902
301
-326
-547
-987
-410
-513
-2612
-64
-664
-770
73
-2768
-689
-91
-2525
454
-683
-2556
125
-353
-2592
-1615
370
-567
-275
-1010
-270
301
-52
-658
328
-2407
-159
-133
-232
-695
-1515
508
-2053
559
-2481
-1501
309
-257
-10
45
-634
39
-153
701
210
-7
-692
157
-230
379
532
39
38
-502
269
-392
145
-1634
-150
44
266
32
-286
-1804
246
-253
722
-339
654
45
-277
-600
22
-102
-1477
624
94
-72
475
-1883
-264
-74
-1293
786
-324
-1617
232
-92
-1255
-734
328
-470
-195
-588
285
267
134
-440
469
-587
376
348
91
-363
-1396
505
-1299
507
-1349
-912
208
-336
-182
-141
-647
-159
-455
342
-76
-275
-711
-261
-635
-64
16
-154
-213
-900
-354
-986
-506
-1782
-296
-93
-78
-510
-504
-2086
-308
-476
50
-805
197
21
-109
-691
-616
-712
-2325
100
-311
-202
113
-2004
-418
23
-1162
536
-166
-1511
258
-205
-1718
-958
343
-465
-267
-618
47
354
-138
-663
105
-1733
198
361
122
-214
-1075
412
-1474
548
-1128
-647
318
-250
20
48
-307
229
-119
537
148
-24
-231
152
-210
136
432
598
547
-3
362
-209
20
-1392
2
490
512
177
-67
-1145
208
-72
647
-355
519
61
25
-189
-210
-375
-1469
270
-205
-83
140
-1214
-495
-218
-1153
591
75
-218
450
65
-911
-450
441
5
-574
-240
35
-398
-520
-2606
-167
-440
301
-805
509
-55
-261
-902
-363
-455
-2579
348
-338
-305
276
-2726
-529
109
-2477
709
-382
-2466
404
-93
-2398
-1460
592
-473
-119
-866
13
618
122
-601
519
-2448
276
365
76
-397
-1368
797
-2197
989
-2240
-1202
743
76
447
519
-341
362
264
1228
776
493
-106
641
180
793
1007
560
667
29
861
-142
631
-1548
312
794
987
694
277
-1604
865
295
1457
182
1313
566
465
108
707
522
-1455
1365
827
833
1224
-1385
373
427
-1125
1641
572
-1201
1054
662
-998
-188
1069
116
519
-29
996
1026
851
122
1122
-706
995
1006
906
547
-493
1296
-849
1314
-797
-157
1165
445
430
728
144
895
452
1028
582
585
133
728
217
583
854
681
585
-24
564
-163
290
-1340
113
661
699
363
51
-1266
427
104
872
-163
844
247
238
-122
206
88
-1520
785
262
381
654
-1336
-33
291
-1215
1007
295
-1047
760
301
-1288
-552
791
-69
214
-317
494
751
380
-85
656
-1551
503
622
389
151
-533
814
-1118
1007
-1015
-357
853
232
484
564
38
780
492
1139
690
439
187
643
297
641
876
827
805
321
944
345
516
-917
377
963
1037
741
399
-754
750
502
1285
289
1158
493
471
259
510
452
-768
1113
484
605
801
-619
111
465
-878
1172
513
-343
988
645
-371
153
1014
7
-83
383
639
229
-18
-1786
424
163
886
-335
948
279
175
-366
32
-52
-2248
800
63
231
658
-2049
-120
581
-1935
1129
226
-1894
925
476
-1790
-864
1052
101
477
-347
562
1193
773
135
1213
-2006
881
1045
711
375
-509
1465
-1541
1772
-1590
-545
1535
744
1162
1334
399
1071
1027
2008
1528
1272
683
1472
1039
1595
1918
1415
1614
970
1931
777
1600
-831
1100
1744
2031
1743
1156
-918
1909
1393
2667
1287
2337
1400
1431
1156
1887
1790
-248
2666
1981
2129
2346
-260
1524
1457
-142
2888
2019
-192
2454
2106
45
1061
2367
1464
2154
1380
2343
2366
2264
1461
2650
501
2214
2155
2073
1879
812
2588
389
2622
481
1252
2674
1754
1582
2146
1554
2590
2003
2236
1777
2017
1541
2315
1750
1804
2525
2524
2129
1546
2188
1458
2078
780
1368
2270
2206
1989
1179
332
1860
1239
2456
1300
2102
1071
1151
1044
1638
1550
419
2297
1589
1694
1742
79
1004
1092
230
1945
1380
94
1734
1357
-102
600
1710
976
1517
982
1910
1753
1574
1083
1933
57
1653
1658
1222
1113
452
1685
-8
1958
35
643
1898
1187
1411
1669
1079
2117
1788
2270
1809
1504
1216
1683
1359
1535
1997
2125
1920
1314
2026
1278
1578
330
1316
2164
2118
1820
1334
410
1790
1627
2404
1485
2234
1434
1531
1290
1662
1721
598
2606
1793
2083
1927
447
1266
1495
449
2217
1793
638
2090
1726
535
1181
2042
24
-313
-36
85
-213
-344
-1672
-113
-280
149
-574
215
-105
-128
-462
-156
-280
-1899
174
-1
140
307
-1141
-249
-38
-1738
524
-133
-1403
220
-84
-1410
-755
340
-210
-97
-559
-18
363
160
-310
263
-1754
90
266
291
74
-517
541
-1536
567
-1307
-574
487
51
180
221
-249
126
68
522
282
239
-10
459
185
459
477
91
292
44
515
-118
281
-1462
-39
391
595
505
226
-896
401
84
753
-39
593
85
34
-25
348
261
-947
533
309
323
639
-422
198
175
-944
888
289
-523
589
365
-640
-222
539
79
290
-36
474
449
414
148
576
-551
358
371
517
435
181
794
27
749
-439
-79
709
348
192
355
-33
385
205
486
225
261
-59
331
102
308
344
63
27
-227
190
-11
36
-926
-180
33
211
154
48
-477
147
25
363
-183
340
23
-113
-293
-16
19
-591
355
18
7
254
-630
-33
280
-828
519
26
-868
473
332
-350
-145
485
53
264
-37
250
414
171
-28
423
-557
239
222
99
-28
-264
518
-34
614
-409
-176
523
267
376
405
75
345
212
538
377
322
146
429
240
419
566
482
311
-17
336
135
378
162
304
536
509
411
226
28
504
278
719
155
611
242
190
106
236
211
-195
615
313
249
366
-386
14
278
34
482
33
-712
289
218
0
280
476
262
4481
5538
6583
6897
5067
3744
6274
4733
7149
5315
5619
3513
4051
4860
5991
6482
3282
6615
6666
7005
6725
5525
6538
5981
4832
6924
6779
1050
6760
6909
3186
4185
6075
6269
7842
6319
6199
7181
7452
6440
8950
3889
7482
8465
8016
8749
8476
9010
6091
9844
2937
4008
9491
8309
8297
10436
8409
8669
9356
9838
10199
10572
8890
10572
10707
10445
12174
10445
11502
9971
11857
8317
12034
5915
8972
10591
12256
12778
10758
8096
13192
12561
15236
12726
12384
9845
11101
12322
14826
15442
12858
16153
15475
16006
14737
7597
14077
10810
11429
15542
16682
10305
15522
15971
11924
14074
14020
14115
17539
16136
17334
14938
17357
15507
18257
18556
16568
16038
17061
18649
16987
17631
21381
17391
22181
19521
19170
16461
11833
16961
16399
20003
17228
12761
13123
16927
16236
17488
16191
12427
17349
19388
16354
15759
15113
15242
17001
22192
12226
15513
13799
14266
9455
15696
13162
10795
14670
13784
11529
7696
9028
11694
13487
13564
18094
14444
13413
13891
10519
14183
9579
7284
13046
9166
11244
11377
9673
10362
12208
12497
9238
11183
12918
12745
13394
10242
11741
11477
12439
14389
11647
11563
9754
11450
10975
9618
9998
10802
13323
12699
12166
10848
10151
11799
11311
13145
12506
11023
10941
10620
10923
10523
10965
8970
11207
13516
12417
11635
12339
10539
11495
13357
10429
14547
13263
13114
10970
12584
11558
11809
13408
13573
12055
9577
11286
12477
13088
14071
15051
15190
13754
15406
11782
14666
11369
10065
13909
10521
13327
13776
11400
11253
10478
11896
10976
6
-561
-241
-65
-400
-464
-2015
-343
-520
13
-762
195
-151
-299
-769
-426
-508
-2154
87
-324
-230
126
-1637
-492
-83
-2202
447
-439
-1734
122
-282
-1900
-1254
201
-580
-390
-864
-206
210
-148
-601
110
-1998
-23
56
-55
-350
-974
396
-1900
458
-1952
-1013
339
-124
181
72
-544
-97
-128
580
256
53
-282
225
-106
352
404
22
120
-267
354
-263
124
-1622
-141
209
416
267
59
-1224
266
-153
637
-294
599
105
11
-261
64
-57
-1449
489
101
86
493
-1009
-42
131
-1142
864
9
-1138
467
199
-878
-477
439
-325
-88
-428
280
345
112
-291
303
-1121
224
225
218
-38
-519
581
-638
601
-1147
-662
423
5
88
177
-263
102
-166
384
54
-11
-332
67
-278
104
164
-42
-86
-499
-12
-377
-221
-1346
-256
-50
77
-111
-195
-989
45
-107
271
-536
302
-74
-143
-444
-236
-309
-1420
181
-233
-219
117
-1443
-361
84
-1215
435
-220
-1409
262
12
-921
-489
368
-306
-172
-574
-19
285
-24
-323
151
-1389
13
63
-91
-346
-802
333
-727
507
-848
-542
335
-58
140
235
-111
298
25
517
204
110
-101
249
-56
266
348
214
169
-209
233
-133
76
-583
131
415
391
143
-80
-762
322
164
640
-129
546
71
10
-127
78
-6
-866
464
52
60
287
-879
-251
78
-695
494
-94
-936
247
18
-628
-96
447
293
4671
5755
6478
6603
4598
3415
6736
5114
7447
5554
5750
3726
4162
4868
5699
5904
3294
6502
6283
6614
6304
2372
6145
5024
6529
6559
7402
2740
6638
6478
1562
3313
6096
5960
7737
6373
6553
7217
7404
6122
8389
3154
7154
8317
7596
8033
6873
8476
5703
9692
5900
5730
9467
7903
7559
9929
7942
8605
9255
9846
10023
10192
8521
9994
10049
9630
11895
11016
12405
10927
12212
8372
11570
4997
8831
10424
12060
12030
9785
5433
12706
12178
15097
13139
12324
10311
11396
12229
14318
14674
10695
15664
15336
16453
14464
8032
13433
10057
8982
15316
16747
11353
15487
15608
10385
13085
14028
14147
17700
16037
17175
15119
17613
15588
18319
18177
16247
16002
16781
18451
15930
17005
16752
16736
21380
20599
19699
16967
12786
17099
16386
19745
17295
12904
13278
17125
16542
17807
16536
12620
17594
19484
16817
16651
16105
15999
17450
21112
11994
16043
14549
15098
10309
15121
12962
9809
14999
14340
11992
8138
9798
12509
13700
13664
16646
14071
13473
14027
10986
16888
10304
7621
13373
9604
11519
12852
9955
10288
10869
10936
9047
10478
12991
13206
14377
10431
12170
11960
12759
13993
11416
11413
9989
12009
12242
9526
8974
10236
9991
11108
11986
11116
10695
11998
11478
13206
12578
11136
11165
10763
10809
10464
10996
9009
11339
13438
12444
11912
12766
11676
11432
11629
9277
12921
12606
13163
11446
14880
11677
11947
13134
13318
11991
9551
11404
12541
12924
14056
15213
14973
13405
14840
11729
14611
11858
10551
14148
10961
13611
14453
12037
12079
12393
11924
10751
173
2459
3382
3849
3625
2342
660
3861
2813
4545
3089
3638
2243
2500
2674
3197
3128
584
3808
3398
3758
3647
8
3062
2516
2088
4004
4323
1598
4087
3686
-303
1094
3753
3141
4336
3179
3793
4431
4416
3443
4988
578
4073
4875
4337
4470
3279
5027
1444
5835
2671
3324
5929
4696
4695
5918
4349
5048
5491
6258
6131
6059
4967
5944
5765
5795
7114
6340
7453
6637
7775
5229
6987
2045
5136
6331
7461
7256
5807
1818
7463
6824
9285
7783
7740
6320
6987
7259
8550
8677
5024
9446
9086
9849
8859
4996
7949
6150
4160
9605
9965
6346
9613
9502
5554
7299
8670
8280
10685
9360
10469
9367
10777
9281
11375
10077
9812
9693
10120
11028
9246
10373
8176
10080
10342
11150
11906
10161
8002
10391
9671
11803
10299
8074
8105
10272
9697
10720
9810
7767
10725
11567
10003
9818
9976
9733
10634
11725
7012
9625
8988
9393
6512
8969
8008
5827
9375
8460
7634
4961
6036
7535
8425
8389
9430
8747
8098
8286
6943
9421
6401
4884
7831
6338
7041
7254
6422
6479
6341
6213
5668
5803
7590
7510
8860
6463
7531
7233
8030
7980
7086
7002
6100
7168
7223
6088
5556
6481
4759
5632
7204
6573
6460
7403
6853
8188
7608
7046
6937
6588
6463
6423
6545
5599
7087
8166
7536
7020
7844
7176
7035
6987
5665
7547
7456
7667
6569
8508
7193
7390
8077
7761
7441
5777
6908
7392
7751
8404
8767
9311
8007
8827
7158
7613
7054
6529
8288
7012
8312
7798
7606
7615
7925
7626
6813
5
-308
-240
-41
-257
-309
-1450
-47
-290
128
-691
246
-91
-159
-580
-291
-368
-1909
170
-135
-148
248
-1590
-173
266
-1123
534
-265
-2156
195
-30
-1346
-727
383
-292
-128
-582
-2
417
148
-411
331
-1689
230
343
235
-117
-740
655
-1057
782
-1467
-998
442
40
217
458
-16
247
73
651
400
352
-69
501
181
534
681
383
486
10
467
-303
385
-1124
243
513
648
496
143
-789
776
513
1042
109
805
243
208
129
588
438
-745
895
605
606
859
-1137
339
224
-405
1115
596
-605
740
507
-580
101
800
272
423
-1
595
672
701
287
782
-332
620
664
697
489
-177
948
76
1007
484
457
917
391
133
538
238
805
468
663
352
485
175
613
307
432
606
454
453
128
425
-27
236
-635
178
513
508
245
-80
-1078
323
190
679
147
548
179
64
-66
214
166
-725
527
243
357
442
-509
6
155
-831
626
294
-397
550
274
-790
-148
637
402
536
157
370
566
376
117
631
-427
429
489
365
281
-194
612
-726
688
-140
333
801
399
413
449
147
679
539
791
491
422
182
581
435
507
729
751
605
321
670
313
479
-282
277
869
856
730
481
-191
498
175
924
469
828
391
309
253
435
450
-29
775
438
443
563
37
184
272
-244
660
286
163
547
315
-453
-159
550
-21
-624
-581
-581
-948
-889
-2001
-604
-615
-509
-1394
-277
-488
-615
-1171
-936
-1058
-2627
-369
-717
-687
-284
-2327
-819
-193
-1626
-53
-971
-2854
-531
-893
-2195
-1262
-142
-829
-933
-1338
-683
-184
-562
-1071
-471
-2514
-390
-306
-402
-855
-1592
-22
-1800
113
-1715
-1344
-271
-739
-552
-431
-743
-324
-621
-11
-409
-501
-823
-239
-601
-184
-211
-387
-376
-857
-497
-1181
-687
-2154
-507
-159
-195
-442
-713
-1594
-183
-354
18
-833
-70
-554
-769
-912
-502
-705
-1683
-212
-540
-539
-161
-1730
-761
-745
-1464
50
-632
-1180
-426
-844
-1900
-1172
-290
-850
-1008
-1346
-843
-595
-874
-1066
-798
-1990
-811
-757
-764
-1077
-1615
-465
-1564
-377
-971
-822
-558
-1021
-970
-1085
-1420
-959
-1044
-381
-857
-1103
-1406
-985
-1199
-696
-967
-1290
-1103
-1446
-1017
-1459
-1496
-3102
-1111
-974
-788
-1134
-978
-2847
-1031
-958
-708
-1157
-493
-482
-855
-1368
-1222
-1238
-2657
-826
-1131
-1027
-632
-1892
-1088
-494
-2691
-295
-994
-1779
-377
-775
-2321
-1634
-212
-661
-598
-958
-849
-340
-909
-1154
-605
-2163
-752
-676
-746
-1006
-1417
-305
-2032
-264
-1712
-912
-223
-532
-270
-639
-1085
-818
-767
-95
-435
-639
-954
-534
-733
-305
-330
-502
-607
-945
-510
-733
-679
-1793
-726
-394
-246
-334
-270
-1103
-458
-898
-159
-784
-83
-304
-551
-844
-767
-849
-1720
-445
-707
-861
-394
-1315
-867
-454
-1652
-193
-1111
-1569
-517
-760
-1627
-1419
-395
-9
176
559
590
335
233
-641
401
150
702
-63
756
325
265
-102
140
76
-1067
727
207
282
489
-974
-22
493
-770
712
79
-1200
540
295
-921
-384
694
109
411
32
696
847
545
80
777
-1020
644
717
425
182
-396
840
-773
1018
-979
-432
800
314
628
757
228
728
592
1202
876
688
367
764
429
789
971
871
883
363
892
199
652
-661
523
1041
1134
939
623
-196
1105
870
1454
544
1325
741
770
529
844
756
-581
1419
897
1051
1117
-636
547
788
-344
1397
914
-323
1233
988
-236
376
1275
673
1044
532
1295
1431
1329
815
1537
-429
1255
1319
1163
984
222
1514
-338
1620
-162
407
1448
766
941
1108
664
1213
1049
1445
1145
1119
990
1403
1062
1244
1591
1480
1436
1064
1561
942
1340
176
1001
1592
1607
1455
889
103
1532
1164
1976
1200
1680
980
1083
1027
1483
1393
342
1868
1448
1587
1547
466
968
891
140
1716
1289
310
1485
1232
329
865
1417
980
1300
860
1443
1372
1283
941
1505
172
1226
1217
1051
1002
471
1325
1
1402
194
698
1389
800
944
1019
711
1335
1069
1374
972
881
749
1186
961
1034
1408
1502
1305
981
1476
996
1173
201
868
1461
1444
1244
886
35
1056
916
1483
827
1380
821
856
699
1017
1097
409
1601
1036
1229
1188
379
788
1030
162
1360
1069
242
1341
1076
-8
522
1356
-3
-644
-253
-151
-572
-683
-2491
-420
-554
-71
-1008
64
-323
-584
-1100
-757
-860
-2591
-171
-705
-599
-114
-2290
-739
-222
-2078
241
-597
-1983
-67
-583
-2666
-1629
156
-603
-466
-987
-380
101
-377
-869
-113
-2496
-241
-162
-294
-660
-1356
248
-1983
379
-1757
-993
215
-364
-133
-185
-800
-134
-198
578
106
-152
-631
48
-295
190
294
25
43
-457
126
-559
-211
-2240
-383
44
255
49
-190
-1639
120
-280
537
-363
505
31
-261
-619
-198
-333
-1638
365
-119
-105
279
-1363
-365
-195
-1681
676
-226
-1047
311
-48
-1387
-902
313
-503
-217
-563
98
177
-190
-609
28
-1403
-89
-105
-224
-544
-1184
220
-1322
268
-1140
-562
214
-251
-28
-205
-760
-336
-453
257
-91
-263
-590
-163
-522
-67
-23
-259
-295
-787
-268
-703
-571
-2007
-563
-322
-165
-429
-369
-1659
-354
-591
-45
-792
139
-61
-196
-720
-667
-760
-2328
-126
-484
-420
-85
-1442
-610
6
-1722
255
-609
-1845
22
-296
-1533
-1048
180
-591
-326
-620
15
238
-239
-661
-75
-2017
-197
-82
-272
-583
-1103
137
-1510
282
-1665
-979
145
-225
203
67
-359
-94
-314
387
98
-57
-296
93
-250
153
266
151
129
-359
100
-345
-184
-1479
-225
89
200
17
-44
-577
178
-1
433
-487
410
-8
-3
-239
-135
-245
-1450
301
-57
-30
266
-1029
-297
58
-925
535
-248
-1190
151
-143
-948
-520
272
27
598
934
1195
848
408
-1084
1159
628
1623
429
1518
671
736
401
852
707
-1372
1400
778
841
1173
-1691
344
850
-1198
1497
710
-1656
1280
998
-967
-170
1409
563
988
131
981
1613
1324
605
1717
-1298
1320
1581
1121
806
-177
1757
-1214
2183
-1091
-208
1964
1253
1645
2120
1208
1772
1669
2569
2177
1964
1285
1989
1598
2109
2463
1898
2343
1680
2658
1188
2298
-173
1841
2506
2826
2423
1801
-747
2618
2267
3510
2111
3050
2091
2340
2151
2907
2871
241
3583
3013
3269
3325
-28
2465
2284
502
3751
3192
456
3404
3022
377
1836
3325
2623
3484
2537
3536
3582
3861
2899
4309
1972
3669
3687
3716
3708
2411
4075
1476
4036
1845
2681
4259
3130
2541
3640
3110
4588
3823
3495
3099
3679
3179
4027
3413
3072
4179
4268
3748
3301
3835
3081
3893
2910
2586
3917
3724
3650
2246
2046
3303
2334
4082
2970
3319
1817
2035
2400
3254
3164
2677
3756
3018
3122
2924
1745
2191
1627
1650
2993
2800
2180
2826
2475
1322
1810
2453
1961
2605
2062
2903
2485
2578
2183
3092
1849
2766
2709
2279
2430
1822
2595
1001
2762
1056
1694
2800
2025
2071
2371
1746
2924
2717
3005
2591
2214
2011
2375
2205
2179
2805
3036
2788
2309
3062
2341
2565
1565
2081
3061
3032
2769
2184
1104
2509
2287
3265
2660
3097
2243
2483
2294
2677
2878
2127
3669
2771
3129
2709
1612
2198
2334
1459
2969
2965
1987
3201
2945
1948
2310
2942
59
772
1115
1413
1204
843
-396
1147
756
1604
966
1362
820
860
859
1214
1247
145
1508
1262
1410
1425
-137
976
964
-183
1614
1445
322
1658
1508
-198
317
1538
1287
1828
1355
1514
1854
1760
1321
2114
124
1593
1935
1756
1815
1282
2121
240
2322
443
1097
2401
1867
1987
2334
1637
1960
2139
2511
2484
2469
2080
2388
2222
2387
2855
2436
2798
2487
3085
2202
2950
1233
2084
2645
3050
3030
2457
1179
2864
2377
3595
2740
2986
2300
2533
2682
3202
3254
2114
3682
3462
3684
3362
2190
2940
2334
1864
3673
3565
2333
3561
3593
2546
2892
3161
2916
3868
3504
4080
3500
3973
3371
4230
3789
3702
3699
3826
4126
3470
3901
3320
3752
3337
3582
4178
3495
2862
3738
3449
4187
3600
2955
2987
3730
3609
3820
3403
2860
3815
4061
3542
3306
3468
3343
3713
4042
2572
3490
3292
3418
2486
3579
3044
2397
3478
2881
2837
1856
2311
2794
3054
3052
3310
3332
3018
3147
2644
3072
2362
1975
2915
2574
2802
2552
2662
2702
2832
2738
2347
2262
2851
2737
3272
2608
2893
2759
3083
2678
2772
2815
2489
2872
2825
2546
2694
2762
2360
2369
2872
2455
2461
2927
2769
3344
2987
2758
2700
2707
2834
2825
2745
2382
3006
3372
3138
2889
3205
2916
2921
3118
2475
3201
3068
3013
2472
3120
2911
3024
3334
2976
2956
2180
2644
2973
3111
3340
3526
3677
3109
3463
2789
2923
2545
2476
2984
2775
3232
2853
3013
3049
3253
3401
2848
28
-488
-331
79
62
199
-332
-24
-216
108
-388
243
234
99
-299
-407
-395
-1273
159
-73
57
161
-740
-42
306
-917
548
107
-389
544
384
-492
-588
373
-370
77
24
551
630
410
145
500
-926
377
518
447
353
40
837
-190
912
-416
52
879
605
982
745
295
72
143
635
747
734
820
784
527
794
993
795
890
684
953
846
900
330
561
564
729
796
592
764
1089
683
1258
596
981
653
843
923
807
565
-206
901
906
922
914
1011
566
489
666
1132
625
41
722
844
1514
1331
677
296
388
376
1025
633
796
662
594
625
487
529
608
566
313
587
930
623
881
660
678
485
453
692
838
631
-55
24
-164
212
198
312
56
94
106
133
74
-132
-32
-17
-277
-240
-28
-45
-112
-369
-249
-138
-157
263
-88
-520
-49
-223
-22
15
-164
-154
-755
-180
-327
-216
-41
-292
-255
337
6
-50
-182
-826
-71
-248
-768
-130
278
171
92
-191
155
360
493
611
479
-642
-46
96
17
34
-35
229
-10
448
-21
39
402
149
216
485
640
1046
628
659
289
332
228
496
451
508
559
518
472
404
659
686
417
432
477
674
661
541
223
447
699
878
958
633
693
233
17
272
516
621
774
770
362
373
520
328
254
326
368
546
301
428
308
104
-135
264
334
25
132
347
691
587
467
-103
676
272
920
153
913
514
511
227
293
211
-876
802
386
476
611
-844
153
544
-735
966
463
-511
951
861
-28
-14
879
141
604
269
954
1145
953
534
1106
-743
829
1036
760
595
43
1205
-305
1449
-377
115
1329
903
1354
1418
819
843
816
1475
1403
1320
1168
1332
1014
1375
1627
1301
1605
1224
1775
1129
1566
434
1246
1452
1679
1476
1158
159
1735
1482
2203
1231
1890
1361
1649
1593
1735
1612
-39
2092
1854
2052
1991
745
1450
1502
746
2298
1851
213
2010
1974
1258
1836
2034
1620
2049
1590
2357
2231
2518
2012
2584
1399
2129
2218
2266
2279
1551
2376
1278
2388
1413
1734
2518
1889
1651
2355
2292
2816
2039
1823
1564
2140
1968
2409
1988
1780
2351
2406
2138
1871
2150
1819
2096
1817
1532
2199
2037
1903
1202
1467
1820
1587
2222
1438
1766
858
1123
1497
1856
1835
1582
2023
1610
1723
1679
1261
1265
1120
1469
1673
1613
1186
1544
1312
655
1205
1491
1299
1541
1167
1681
1533
1779
1757
2004
1103
1481
1512
1323
1483
1224
1534
1008
1685
955
1158
1688
1165
1149
1527
1431
2272
1917
1894
1512
1451
1351
1660
1582
1513
1874
1936
1778
1573
2028
1776
1691
1375
1435
1956
1937
1766
1278
997
1713
1769
2200
1861
1937
1316
1288
1402
1738
1957
2013
2366
1714
1922
1720
1355
1446
1459
1310
1872
1901
1663
1949
1752
1270
1578
1753
-9
-600
-485
-319
-632
-731
-1390
-146
-158
-25
-1036
93
-282
-356
-810
-764
-963
-2631
-210
-713
-565
-198
-1907
-781
-129
-1773
262
-557
-1967
-41
-385
-1361
-794
132
-773
-840
-1437
-501
48
-193
-518
-101
-2229
-228
-172
-333
-702
-1416
192
-1763
420
-1370
-828
214
-333
45
1
-399
-118
-448
307
-173
-254
-498
129
-245
193
189
-149
-49
-440
141
-415
-213
-1484
-119
89
110
-282
-549
-1991
54
-99
486
-379
453
-119
-187
-357
-42
-211
-1633
191
-255
-254
261
-1020
-371
-81
-1035
528
-306
-1436
51
-321
-1484
-560
297
-209
-261
-738
-147
31
-163
-375
44
-1197
-202
-235
-323
-593
-1108
72
-1271
186
-1170
-653
153
-325
-295
-160
-365
215
-282
286
-397
-491
-1089
-386
-641
-206
-230
-425
-539
-980
-408
-822
-807
-2228
-636
-396
-289
-648
-603
-2073
-584
-496
-197
-862
-26
-319
-651
-1057
-651
-583
-1512
-62
-677
-670
-147
-1942
-598
-124
-1526
139
-566
-1345
-54
-551
-2370
-1575
89
-600
-351
-752
-232
24
-282
-514
102
-1204
-169
-219
-499
-817
-1392
52
-1467
156
-1462
-861
54
-387
-161
-251
-726
18
-60
564
115
-210
-606
-215
-470
18
106
14
-180
-658
-126
-394
-304
-1133
-243
29
83
-135
-256
-1143
38
-343
386
-218
444
193
-146
-595
-486
-569
-1534
233
-274
-306
7
-1440
-491
-130
-1153
358
-478
-1121
7
-330
-1201
-937
-20
0
-516
-33
107
-281
-606
-2769
-209
-595
225
-816
264
-380
-622
-1038
-490
-659
-2615
-129
-682
-674
-84
-2510
-847
-347
-2655
229
-678
-2261
-10
-428
-2549
-1540
285
-399
-229
-941
-417
181
-309
-936
-2
-2649
-274
-170
-311
-725
-1419
251
-2327
396
-2274
-1330
246
-278
-102
18
-774
0
48
848
388
115
-603
211
-130
416
424
-166
34
-484
283
-702
-28
-2486
-285
222
544
319
101
-1967
293
-86
803
-172
795
278
34
-416
286
255
-1570
889
429
426
859
-1743
177
294
-1930
1263
278
-1448
910
497
-1680
-868
927
-5
536
-24
559
880
503
-204
860
-1312
575
562
524
198
-622
1016
-1022
962
-1141
-353
892
319
394
533
-124
763
626
984
796
839
466
1130
670
836
1289
1016
823
308
799
175
819
-661
179
714
808
713
250
-531
614
-75
954
5
835
234
134
-124
239
94
-1102
771
412
378
602
-930
3
137
-1050
867
24
-1174
500
247
-656
-369
478
-262
26
-240
407
508
90
-402
318
-1421
345
441
283
15
-602
638
-913
726
-1120
-616
482
32
330
305
-207
137
-16
595
420
271
138
515
185
439
690
624
616
103
530
-94
290
-948
155
594
618
417
229
-390
500
301
786
-46
737
249
403
208
447
378
-707
910
636
728
807
-487
259
350
-541
1061
446
-787
716
429
-383
90
754
38
554
1288
1502
1250
809
-759
1225
493
1763
510
1637
698
733
405
1037
901
-1213
1610
1043
1091
1355
-1337
422
796
-1448
1540
593
-1566
1223
911
-1299
-516
1377
479
1140
441
1380
1704
1337
512
1654
-1656
1183
1494
1099
790
-81
1676
-1176
2008
-1443
-462
1753
1053
1511
1859
809
1509
1594
2514
2239
1933
1351
1937
1517
2061
2332
1682
2192
1479
2469
983
2021
-979
1457
2197
2688
2439
1935
-200
2569
2288
3309
1833
2896
2064
2265
1934
2618
2629
-263
3501
2980
3332
3256
33
2430
2440
-65
3778
3094
98
3487
3159
645
1825
3351
2475
3426
2454
3556
3730
3928
2909
4361
1341
3682
3757
3848
3832
2559
4299
1557
4245
1649
2567
4313
3129
2788
3641
2982
4204
3634
3408
3192
3820
3625
4466
3815
3428
4596
4569
4075
3628
4189
3416
4359
3362
2853
4194
4023
4077
2512
2743
3808
2690
4530
3222
3604
1944
2288
2802
3644
3484
2903
4041
3426
3511
3277
2526
2506
1881
2118
3337
2985
1866
2984
2765
2124
2583
2672
2286
2830
2306
3137
2639
2701
2341
3089
1676
2717
2678
2410
2599
2134
2765
1728
2959
1519
1905
2930
2131
2111
2495
2029
2949
2529
2783
2322
2135
1947
2471
2300
2184
2838
3101
2807
2317
3037
2295
2555
1529
2086
3049
2999
2739
2134
1357
2478
2532
3141
2398
2890
1943
2183
2118
2700
2990
2607
3709
2808
3199
2741
1876
2285
2435
1814
2928
2988
1768
3156
2888
1732
2390
3095
-9
-667
-440
-247
-520
-551
-2146
-412
-696
-111
-839
82
-201
-466
-1001
-743
-820
-2272
-226
-707
-744
-214
-2221
-709
-159
-1880
140
-703
-2065
-69
-418
-2001
-1376
87
-665
-449
-814
-341
53
-488
-990
-222
-2098
-211
-200
-374
-751
-1300
147
-1553
275
-1739
-1106
120
-243
27
-8
-561
-146
-248
442
167
-16
-479
64
-275
160
310
93
36
-487
-43
-612
-156
-1600
-294
-66
32
-135
-258
-1156
51
-326
311
-518
323
-66
-187
-485
-146
-332
-1322
283
-45
-116
202
-1438
-395
-336
-1078
459
-359
-1149
21
-234
-983
-657
101
-707
-513
-715
37
-12
-266
-689
-269
-1347
-284
-254
-357
-723
-1384
-121
-1061
-65
-818
-683
-220
-587
-421
-401
-706
-291
-609
-95
-366
-444
-630
-354
-719
-368
-369
-496
-435
-865
-563
-982
-884
-1956
-675
-560
-516
-883
-799
-1862
-702
-664
-514
-1183
-317
-425
-506
-935
-973
-1091
-2663
-607
-826
-697
-420
-1769
-944
-327
-2038
-187
-884
-1945
-447
-794
-1884
-1236
-206
-756
-810
-1157
-616
-159
-466
-734
-357
-2140
-431
-243
-337
-599
-1121
-66
-1807
71
-1480
-890
-47
-429
-144
-206
-513
-200
-396
149
-173
-257
-431
-37
-306
24
-1
-236
-122
-432
-34
-447
-369
-1576
-348
-4
77
-135
-260
-1025
-81
-237
238
-459
195
-221
-277
-364
-192
-266
-1222
33
-244
-237
140
-755
-339
-180
-1125
397
-294
-868
23
-326
-1272
-780
29
-17
-683
-432
-314
-580
-625
-1953
-479
-805
-243
-918
8
-240
-498
-1094
-920
-1029
-2288
-320
-828
-841
-408
-2216
-899
-323
-1912
-57
-879
-2053
-259
-585
-1875
-1405
-113
-916
-754
-1048
-501
-158
-789
-1266
-585
-2373
-397
-396
-649
-1052
-1581
-157
-1839
32
-1871
-1268
-156
-483
-97
-265
-818
-543
-603
209
-75
-351
-711
-282
-613
-118
-47
-201
-195
-713
-283
-890
-486
-1994
-458
-262
-171
-399
-412
-1509
-188
-477
40
-796
133
-164
-224
-607
-368
-576
-1821
42
-255
-262
39
-1565
-559
-392
-1365
332
-492
-1408
-96
-376
-1237
-805
47
-817
-656
-898
-100
-80
-367
-801
-455
-1866
-510
-450
-492
-873
-1515
-267
-1419
-208
-1152
-889
-349
-722
-543
-527
-797
-416
-770
-248
-568
-613
-794
-509
-910
-522
-603
-789
-690
-1030
-711
-1096
-1085
-2285
-871
-723
-660
-985
-922
-1909
-795
-755
-643
-1361
-462
-634
-745
-1122
-1084
-1219
-2820
-799
-1024
-910
-558
-1822
-1081
-483
-2331
-317
-1081
-2106
-618
-987
-2158
-1503
-370
-977
-1081
-1509
-976
-406
-687
-910
-593
-2526
-796
-619
-670
-967
-1445
-364
-2226
-251
-2028
-1323
-407
-748
-404
-543
-868
-579
-688
-80
-422
-553
-746
-319
-558
-138
-319
-743
-559
-824
-348
-723
-696
-1983
-602
-364
-216
-406
-473
-1359
-278
-408
10
-623
21
-351
-489
-620
-405
-465
-1486
-206
-481
-526
-36
-981
-479
-258
-1331
235
-553
-1226
-158
-500
-1432
-969
-132
17
-239
259
397
128
-92
-1227
294
-51
608
-485
630
-2
-24
-399
-21
-212
-2117
428
-33
28
380
-1726
-413
57
-1892
587
-350
-1956
201
-153
-1708
-977
450
-400
-136
-698
283
565
283
-266
384
-2237
79
240
65
-296
-1010
558
-1610
764
-1578
-886
539
-35
290
408
-264
304
173
953
555
366
-39
573
171
643
674
192
464
-32
669
-224
220
-1909
54
491
748
464
187
-1321
668
553
1103
64
1022
447
399
55
557
505
-1579
1127
700
864
1141
-922
462
741
-1382
1493
605
-1429
1072
658
-1244
-263
1154
385
704
-9
744
1159
1004
487
1331
-1023
919
958
914
695
-86
1423
-790
1490
-748
80
1402
691
785
981
464
1184
899
1296
897
989
648
1440
1057
1214
1612
1336
1173
727
1351
692
1225
-292
661
1295
1380
1254
615
-291
1210
685
1695
710
1395
560
477
410
956
895
-144
1445
913
929
1209
-134
659
682
-130
1457
775
-451
1108
766
-513
129
1069
504
834
394
985
986
745
406
1106
-387
860
825
662
514
-6
1173
-147
1276
-427
70
1141
565
650
750
277
857
625
1163
725
548
179
736
494
741
1068
1102
863
353
922
423
681
-392
501
1012
1060
885
569
-152
942
714
1332
607
1230
662
572
322
734
774
92
1457
879
960
1022
-337
554
735
-29
1278
780
-270
1121
817
-292
196
1139
-2
-603
-268
-135
-445
-489
-1902
-294
-632
-63
-1032
123
-248
-280
-813
-667
-898
-2805
-252
-622
-548
-179
-2290
-875
-301
-2218
105
-751
-2195
-171
-510
-2035
-1348
108
-779
-577
-1004
-175
194
-235
-822
-264
-2912
-407
-200
-300
-701
-1350
104
-2055
298
-1881
-1172
123
-325
9
52
-500
-133
-278
454
159
8
-311
140
-278
211
185
-228
70
-289
234
-495
-160
-2154
-293
52
266
72
-151
-1303
245
49
544
-462
444
-64
-109
-321
88
-92
-1756
388
122
220
515
-875
-128
-30
-1530
832
-14
-1139
387
61
-1070
-493
460
-329
-169
-697
72
300
248
-120
298
-1372
-109
-58
16
-240
-863
297
-1186
259
-1065
-524
196
-281
-168
-102
-410
192
-132
206
-143
-51
-252
315
-39
189
204
-197
-183
-463
21
-345
-247
-1496
-413
-126
4
-214
-410
-1396
-196
-346
100
-626
112
-304
-480
-692
-502
-542
-1859
-234
-592
-586
-85
-1167
-526
6
-1566
157
-597
-1701
-82
-410
-1546
-953
57
-382
-378
-793
-454
-19
-338
-509
26
-1573
-181
-150
-231
-425
-721
244
-1081
326
-1570
-950
146
-207
24
-34
-409
-4
-148
420
44
-99
-470
159
-6
287
418
185
53
-373
136
-218
-27
-1048
-144
90
213
61
-57
-667
153
-31
453
-173
458
13
-155
-319
58
105
-272
550
92
-15
364
-989
-39
121
-481
624
-67
-927
313
42
-826
-453
331
52
823
1187
1450
1311
957
72
1344
794
1701
903
1410
819
1013
1037
1217
1096
-386
1364
1229
1365
1363
-73
858
882
-107
1529
1288
163
1482
1403
134
473
1390
1018
1482
1026
1434
1740
1780
1271
1935
-165
1400
1824
1706
1712
1121
1880
1
2046
28
631
1990
1492
1696
2121
1549
1748
1804
2169
2149
2208
1935
2178
1945
2142
2432
1912
2454
2185
2754
1881
2459
729
1819
2323
2752
2684
2179
1010
2718
2458
3375
2503
2796
2085
2436
2662
3069
3101
1503
3276
3083
3329
3141
1625
2671
2295
1318
3433
3376
1904
3410
3396
2189
2729
3104
2903
3671
3081
3569
3439
3950
3436
4256
3061
3496
3572
3807
4130
3489
3945
2965
3797
2917
3330
4131
3358
2793
3686
3490
4305
3719
3035
2989
3780
3701
4134
3766
3170
4202
4296
3830
3745
3995
3879
4267
4616
2893
3812
3645
3795
2588
3570
3395
2624
3964
3336
3156
1895
2290
3021
3595
3628
4261
3708
3310
3319
2950
3381
2588
1981
3097
2806
2961
2847
2805
2866
3138
3061
2446
2568
3081
2905
3240
2575
2935
2910
3295
3379
2852
2789
2488
2896
2836
2624
2835
2740
2361
2398
2849
2413
2322
2774
2660
3322
2957
2723
2557
2522
2550
2630
2633
2307
2971
3357
2990
2761
3165
2932
3033
3515
2570
3242
3065
2969
2452
2775
2677
2750
3135
2870
2822
2134
2448
2666
2928
3276
3859
3689
3044
3341
2694
2705
2569
2523
3217
2683
3177
2763
2990
3000
2978
3127
2807
15
-503
-33
224
-10
-204
-1451
48
-254
362
-757
379
-275
-311
-593
-234
-397
-2195
71
-394
-333
152
-1690
-558
-51
-2180
461
-437
-1855
195
-150
-1799
-1142
368
-472
-242
-873
-91
389
80
-350
221
-2593
-279
-116
-168
-471
-976
422
-1669
589
-2014
-1183
376
-131
206
255
-410
59
24
818
440
251
-188
430
75
631
564
-125
187
-174
611
-87
269
-1738
9
275
642
464
190
-1270
669
459
1093
66
951
354
198
-63
539
502
-1222
1042
596
631
1024
-833
411
661
-1234
1409
443
-1441
1004
741
-703
-17
1072
374
693
26
640
976
856
360
1219
-453
789
741
675
420
-304
1204
-412
1205
-709
-109
1085
504
559
791
327
962
632
994
646
800
379
1145
753
952
1260
941
683
166
738
196
794
-196
429
872
874
694
256
-511
749
319
1120
244
966
311
208
45
505
461
-438
1016
530
472
808
-806
313
505
-136
999
309
-1115
663
364
-870
-190
765
242
489
135
597
728
373
-39
716
-804
600
619
371
135
-438
825
-317
984
-574
-309
714
209
359
545
146
749
492
1012
646
472
102
660
403
623
1001
1089
889
282
703
65
518
-562
438
905
888
641
341
-321
776
615
1128
377
1019
498
414
210
608
607
8
1328
817
922
925
-709
386
425
-124
1160
718
-153
920
597
-470
99
954
7
-590
-223
55
-186
-402
-1756
-125
-362
191
-805
221
-389
-567
-848
-370
-451
-1990
-36
-526
-513
40
-1761
-573
-99
-2074
345
-536
-1894
96
-277
-1967
-1289
255
-516
-320
-947
-347
181
-131
-501
135
-2187
-320
-244
-367
-685
-1176
258
-1658
412
-2005
-1220
235
-199
101
118
-515
14
7
746
386
162
-351
295
13
559
510
-137
42
-381
373
-277
170
-1598
-27
168
466
290
82
-1393
476
201
886
1
784
326
84
-230
302
275
-1123
862
438
400
814
-1030
282
441
-896
1190
279
-1282
774
505
-752
-177
798
113
417
-36
481
663
442
-48
798
-290
627
541
432
143
-576
854
-283
843
-489
-144
727
236
256
451
66
695
332
676
375
490
85
727
354
537
875
755
433
-165
230
-249
262
-583
77
409
366
118
-106
-833
213
-122
506
-255
506
87
-14
-291
-85
-168
-1102
417
8
-22
277
-1490
-230
102
-699
472
-169
-1351
191
-127
-1304
-671
333
-239
-69
-308
152
373
-89
-472
141
-1495
181
297
52
-217
-789
422
-812
645
-676
-426
418
-27
204
291
-94
355
146
720
435
232
-21
353
92
358
640
714
684
154
487
-115
179
-939
208
594
602
314
119
-608
450
335
791
73
721
315
307
121
343
285
-539
895
542
681
676
-635
83
161
-627
903
399
-275
609
277
-636
-104
643
-31
-845
-706
-527
-728
-753
-1645
-598
-647
-459
-1242
-273
-602
-982
-1436
-1037
-1050
-1921
-457
-1030
-1101
-590
-2317
-1089
-377
-2070
-340
-1260
-2447
-586
-881
-2029
-1490
-264
-965
-885
-1259
-739
-333
-758
-1060
-533
-2013
-649
-729
-1005
-1436
-1953
-364
-1697
-184
-1772
-1349
-404
-725
-363
-513
-982
-576
-615
80
-202
-445
-794
-329
-626
-90
-191
-559
-634
-1129
-643
-1124
-627
-1586
-455
-342
-375
-590
-679
-1580
-293
-570
-127
-828
-86
-307
-598
-996
-709
-881
-1851
-171
-451
-516
-181
-1426
-665
-507
-961
55
-858
-1812
-532
-825
-1494
-981
-329
-971
-1010
-1160
-659
-566
-989
-1396
-912
-1633
-701
-734
-901
-1349
-2031
-735
-1569
-706
-1270
-1221
-970
-1296
-1044
-1158
-1341
-925
-1226
-651
-1003
-1109
-1374
-870
-1170
-844
-865
-897
-984
-1603
-1421
-1987
-1736
-3190
-1323
-1203
-1181
-1587
-1322
-2580
-1384
-1263
-1289
-1873
-938
-871
-1088
-1650
-1770
-1890
-3355
-1381
-1634
-1537
-1105
-2955
-1567
-873
-2575
-843
-1485
-2332
-1040
-1490
-3073
-2259
-727
-1348
-1432
-1687
-1278
-707
-1294
-1571
-1237
-3531
-1208
-971
-1025
-1394
-1869
-657
-2365
-460
-1812
-1348
-676
-1050
-722
-975
-1397
-1151
-1110
-324
-654
-924
-1136
-746
-981
-534
-582
-781
-551
-866
-555
-995
-1039
-2675
-936
-763
-543
-779
-783
-1841
-633
-777
-373
-989
-305
-501
-715
-984
-774
-897
-2023
-465
-630
-580
-263
-1170
-833
-672
-2303
54
-869
-1460
-412
-773
-1829
-1402
-388
76
1135
1792
2095
1863
1230
-223
1928
1181
2588
1607
2221
1195
1464
1544
2044
1904
-200
2175
1821
1939
2160
219
1440
1293
-269
2394
1894
246
2161
1877
-107
458
1850
1259
1796
977
1608
2053
2012
1462
2515
-192
1890
2244
2029
2043
1375
2421
-241
2615
-734
331
2457
1760
2021
2484
1568
2087
2158
2914
2538
2359
1717
2383
2155
2496
2952
2366
2916
2424
3450
2209
2888
280
2080
2666
3351
3090
2588
138
3070
2826
4043
2906
3648
2729
3086
2960
3661
3899
1488
4336
3672
3955
3969
549
3337
3361
759
4497
4253
1214
4654
4449
1589
2666
4295
3700
4931
3870
4580
4839
5131
4259
5896
3077
4971
5019
5022
5285
4279
5746
2989
5791
2520
3705
6086
4941
4362
5540
4793
5852
5334
4933
4776
5456
5032
5660
5088
4691
6195
6312
5670
5422
6133
5611
6718
6882
4719
6148
5901
6185
4171
5092
5807
4201
6728
5448
5387
3289
3842
4740
6030
5927
6557
6531
5807
5756
5130
4731
4448
3000
5087
5081
5071
4297
4746
4789
4960
4870
4072
3736
4736
4326
5294
4085
4638
4121
5033
5396
4601
4399
3871
4202
3489
3961
3635
4065
3323
3343
4173
3409
3138
4032
3722
4852
4168
3896
3623
3592
3506
3556
3303
2996
3829
4409
3929
3426
4036
3331
3840
4070
3438
4589
4205
3932
3147
2852
3685
3692
4348
3771
3945
2973
3524
3563
3819
4093
3695
4813
3898
4433
3523
2621
3208
3303
3750
3549
4408
3507
4176
4051
3412
3930
4046
-12
-737
-446
-403
-843
-975
-2646
-504
-788
-254
-1250
-44
-414
-569
-1223
-947
-1209
-3362
-385
-804
-718
-295
-2749
-1061
-544
-2547
37
-980
-2662
-432
-931
-2702
-1770
-148
-1136
-1098
-1662
-772
-203
-697
-1348
-616
-3150
-593
-456
-650
-1176
-2134
-255
-3034
-85
-2400
-1574
-298
-841
-464
-500
-1078
-519
-698
155
-302
-516
-925
-226
-671
-154
-153
-500
-267
-762
-199
-1151
-644
-3056
-683
-231
-61
-405
-629
-2577
-296
-612
104
-939
133
-352
-484
-881
-533
-755
-2826
-204
-564
-490
42
-1937
-645
-447
-2279
457
-458
-1626
32
-492
-2381
-1518
107
-833
-692
-1262
-516
-109
-452
-922
-314
-2649
-582
-489
-419
-777
-1463
-37
-2255
-45
-2112
-1252
-153
-673
-516
-570
-1069
-411
-618
42
-439
-571
-978
-296
-662
-249
-217
-587
-496
-832
-258
-744
-706
-2671
-900
-581
-296
-524
-653
-2157
-513
-805
-153
-981
-45
-465
-730
-1118
-803
-878
-2481
-445
-879
-904
-287
-1981
-851
-358
-2622
116
-853
-2001
-135
-554
-2141
-1630
-97
-936
-781
-1287
-787
-245
-726
-1008
-383
-2364
-624
-587
-691
-1016
-1446
-85
-1985
10
-2329
-1429
-96
-425
-78
-281
-883
-536
-586
216
-117
-344
-767
-215
-513
21
6
-444
-421
-834
-182
-559
-352
-1671
-478
-342
-135
-315
-355
-1438
-186
-552
142
-651
214
-162
-316
-667
-388
-440
-1485
107
-277
-411
80
-1303
-388
-66
-1089
459
-495
-1690
88
-172
-1039
-766
143
325
4253
5037
6342
6700
5293
2935
7165
4769
8582
7231
7006
4375
5904
7454
9274
9089
5086
7636
7975
7365
8120
949
7013
4523
3161
8080
8111
3686
7684
7850
3873
4288
6043
5669
7245
5673
5766
6663
7535
6196
8776
4122
7150
8399
8732
9304
8384
9055
6653
9212
3661
3924
8441
7153
6198
9086
7135
7709
8068
8495
8598
8898
7355
8263
8086
8007
9988
8760
10731
10269
11985
9122
11418
7654
8669
9250
11194
10782
8916
3522
10722
10360
13079
11161
11196
9227
10729
11378
13373
14364
9460
14165
13491
14297
12897
3344
11712
10993
4362
13545
14907
6280
15030
15493
9306
11929
13972
14596
17851
15069
15033
16166
18203
15880
20236
14904
17445
18013
18390
20033
17011
19543
12267
19423
13408
15880
20987
18117
15122
19570
18408
20511
19195
15673
16453
19541
19451
19883
18704
16049
21135
22558
20553
21264
22059
21339
25456
31689
18748
24249
22268
23917
16311
22748
21385
15374
24091
21638
18476
11558
14051
19064
22767
22388
28069
22252
21560
21176
17843
22151
16580
9764
22304
16114
18451
20336
15457
16282
20311
19073
12920
14583
17367
17590
18580
13336
16111
15580
16875
23388
15921
15400
14488
16934
16363
12863
16236
12537
15215
14114
13737
12254
10206
13609
14243
17705
15781
12298
12525
13036
13728
12528
12664
10144
12761
15376
13861
13533
14030
13084
13965
16736
11845
15944
14659
14958
12441
15171
12740
13115
14247
14426
12366
9881
11888
13370
13558
14896
18152
15347
13293
14995
10966
13231
11632
10644
15701
10532
16235
19120
14486
15087
16964
15731
13104
31
430
815
987
764
425
-632
869
418
1256
489
1149
500
558
426
842
755
-600
1129
764
793
1041
-841
455
561
-725
1207
652
-735
961
695
-834
-287
910
328
642
122
632
1007
778
352
1095
-920
812
1018
772
621
48
1185
-683
1414
-796
-167
1243
747
990
1244
588
987
1001
1663
1371
1167
719
1157
922
1301
1537
1177
1507
1077
1761
841
1405
-382
1079
1473
1825
1572
1247
-473
1647
1450
2240
1362
2011
1453
1579
1378
1843
1907
149
2405
1996
2200
2212
-85
1665
1695
-10
2575
2197
210
2469
2225
305
1153
2331
1780
2444
1779
2336
2570
2612
1995
3022
1102
2554
2621
2587
2618
1788
3001
929
3048
1052
1831
3203
2433
2183
2793
2317
3029
2679
2603
2419
2787
2520
2961
2533
2432
3195
3187
2879
2615
3089
2603
3270
2792
2275
3218
3105
3174
2086
2144
2970
2047
3564
2660
2854
1656
1915
2315
2966
2851
2576
3262
2831
2847
2637
2043
2103
1456
2010
2687
2496
1924
2447
2313
1891
2084
2114
1766
2316
2005
2629
2121
2278
1932
2529
1992
2234
2204
1975
2107
1640
2096
1378
2154
1223
1500
2199
1670
1595
1986
1691
2388
2037
2087
1839
1772
1654
1813
1626
1571
1987
2178
1971
1637
2091
1661
1801
1386
1541
2230
2147
1992
1600
1286
1880
1831
2322
1870
2132
1512
1762
1751
1953
2097
1657
2523
1954
2214
1855
1182
1524
1667
1379
1941
2133
1589
2210
2077
1585
1833
2118
33
339
650
887
736
480
-433
804
391
1147
635
978
549
628
627
774
663
-703
808
742
849
925
-113
443
481
-709
1018
669
-143
877
732
-501
-119
814
544
849
506
717
1051
962
641
1135
-614
686
1017
947
951
545
1155
-558
1263
-420
277
1296
925
1184
1297
808
876
1002
1435
1351
1347
1065
1378
1232
1444
1660
1207
1616
1402
1896
1238
1573
-58
1033
1366
1805
1763
1520
472
1705
1489
2221
1596
1918
1451
1665
1731
2070
2149
892
2296
2163
2311
2275
1138
1930
1713
696
2499
2254
1003
2396
2322
1107
1497
2143
1821
2514
2138
2549
2444
2718
2355
2976
1873
2341
2418
2569
2769
2344
2820
1959
2719
1610
2084
2947
2412
2119
2660
2437
2890
2499
2164
2140
2671
2584
2863
2559
2249
3023
3094
2738
2649
2898
2878
3147
3361
2078
2687
2640
2837
1943
2963
2628
1947
2978
2364
2337
1384
1647
2151
2557
2543
2934
2746
2473
2455
2205
2519
1960
1488
2488
2164
2129
1876
2028
2094
2457
2251
1711
1619
2018
1915
2358
1811
2135
2091
2335
2563
2039
2004
1748
1980
1837
1881
2147
1990
1725
1618
2002
1687
1664
2024
1934
2230
1880
1798
1697
1732
1772
1781
1702
1546
1952
2208
1974
1731
2020
1852
1935
2413
1788
2201
2042
1934
1578
1937
1965
2054
2248
1994
1992
1498
1782
1942
1980
2163
2285
2467
2043
2280
1846
1774
1755
1806
2505
1879
2282
1778
2101
2098
2090
2323
2044
2
-488
-93
129
-85
-284
-1565
-10
-415
321
-526
434
-123
-219
-585
-254
-387
-2162
68
-362
-388
148
-1625
-469
-10
-1929
392
-569
-1958
31
-337
-1842
-1296
120
-697
-497
-975
-246
142
-208
-625
72
-2116
-113
-47
-202
-526
-1024
317
-1721
436
-2308
-1434
171
-234
166
100
-527
-157
-197
647
277
-5
-455
163
-118
399
475
54
204
-264
428
-265
145
-1752
-76
97
415
231
82
-1295
439
196
782
-172
764
291
210
-138
294
229
-1262
802
344
332
763
-1402
227
440
-969
1169
341
-1271
815
534
-760
-216
822
-29
287
-203
545
727
569
100
810
-694
603
565
508
205
-501
978
-309
1011
-546
-192
835
293
301
550
166
714
299
690
332
420
117
640
232
456
806
769
543
134
564
171
548
-92
318
633
588
346
-96
-790
487
86
780
-116
647
61
-26
-212
71
-71
-1054
501
51
56
328
-1168
-201
101
-731
573
-50
-1242
293
21
-955
-346
443
-101
-27
-455
74
361
84
-275
297
-1110
215
281
26
-251
-888
382
-1169
585
-897
-490
430
-4
182
330
-27
433
164
695
317
159
-160
263
-2
311
431
372
364
-89
371
-239
114
-889
222
683
646
339
85
-967
428
268
821
116
741
259
212
35
279
231
-681
741
304
405
553
-730
75
215
-354
809
431
-207
669
316
-838
-201
744
-10
-710
-524
-294
-498
-554
-1712
-272
-667
-87
-1011
126
-300
-433
-965
-710
-863
-2637
-269
-699
-801
-172
-2435
-734
-126
-1784
124
-929
-2692
-286
-643
-2029
-1479
-101
-1084
-935
-1352
-567
-102
-569
-1111
-370
-2631
-388
-323
-514
-997
-1644
6
-1813
163
-2415
-1839
-289
-673
-231
-241
-750
-453
-634
237
-82
-319
-720
-108
-457
82
190
-121
-3
-561
-34
-791
-227
-2001
-249
-210
-12
-274
-454
-1704
137
-68
359
-686
294
-119
-224
-545
-194
-394
-1838
213
-150
-158
254
-2006
-361
-200
-1195
631
-154
-1489
197
-117
-1129
-499
316
-504
-467
-941
-216
62
-110
-547
-60
-1486
-208
-156
-182
-583
-1455
134
-1134
181
-636
-544
-45
-574
-560
-397
-613
-118
-586
-108
-552
-504
-742
-255
-635
-323
-223
-304
-333
-689
-362
-794
-622
-1451
-432
-226
-275
-722
-913
-2265
-575
-687
-273
-1007
-220
-531
-736
-1036
-922
-1048
-2429
-632
-957
-869
-474
-1920
-1038
-478
-2094
-239
-898
-1946
-472
-916
-2444
-1497
-197
-639
-767
-1252
-1033
-328
-814
-1038
-555
-2400
-716
-542
-719
-999
-1544
-351
-2465
-149
-1854
-1070
-179
-541
-249
-348
-702
-274
-377
285
-144
-369
-782
-270
-452
-4
-80
-383
-252
-620
-103
-661
-453
-2019
-395
9
163
-93
-171
-1556
-189
-424
262
-394
250
-112
-337
-534
-285
-295
-1078
119
-256
-254
130
-865
-306
-201
-989
465
-138
-328
274
-133
-1400
-985
215
-2
-161
365
430
153
-133
-1255
308
-73
645
-363
662
-20
-129
-463
-75
-224
-1690
398
-243
-246
254
-1888
-407
10
-1419
553
-243
-1495
274
-142
-1664
-1016
364
-485
-301
-851
-35
320
-81
-527
212
-1979
95
124
-129
-484
-1126
413
-1493
614
-1715
-1088
301
-264
84
121
-516
153
42
905
412
59
-393
214
-131
403
502
221
333
-218
478
-297
87
-1756
23
328
535
174
-38
-1806
409
219
864
-82
903
399
262
-199
246
175
-1469
908
283
381
706
-1613
18
404
-1484
1146
373
-1210
936
588
-1031
-286
1020
220
544
-111
608
965
643
62
996
-1053
794
789
551
232
-631
1068
-1180
1212
-900
-140
1106
448
647
750
170
840
614
1220
791
677
293
885
478
844
1143
952
861
354
1001
264
830
-645
539
1056
1088
771
371
-1242
731
274
1270
255
1166
538
504
192
614
503
-928
1209
658
739
971
-795
324
520
-689
1293
583
-738
1005
654
-825
-89
1071
389
780
312
1070
1079
828
250
1086
-734
893
930
737
495
-243
1074
-891
1147
-926
-206
1046
475
593
783
284
1017
718
1231
819
663
271
733
366
685
916
844
752
252
817
176
493
-989
306
889
933
692
438
-557
650
442
1055
179
1008
468
448
151
494
475
-583
1178
605
762
860
-623
331
522
-550
1198
688
-186
1057
695
-528
-77
996
330
3221
3794
5301
5467
4228
1368
5240
3411
6578
5368
5227
3843
4214
4639
6372
6440
3062
6757
7356
7741
6907
5874
5955
4440
666
7200
6163
1208
6514
6793
2800
3320
5674
5196
7323
5950
6052
6248
6456
5111
7024
3032
4785
5853
5525
5989
4956
6333
2248
6738
2418
4208
7520
6808
6814
8065
6019
5297
5730
6438
6729
7430
6077
6865
6407
6452
7398
6096
7306
6453
8084
5568
7729
3806
5698
7458
8911
9155
8115
5941
8611
7901
10152
8062
8671
7058
8379
8659
9380
10058
4081
10489
10511
11313
10352
5855
9939
9911
6044
10561
10840
2705
10849
10771
4058
6796
10432
10074
13515
11849
13178
13113
14594
12565
15589
8508
12827
13623
14001
15271
13797
15057
10358
15368
8207
10302
16133
14030
12410
16006
14693
15929
15042
12922
13744
16242
15529
16627
15568
13700
17243
17224
16183
15694
16433
15332
18100
18290
12710
16612
16313
18495
12992
21393
18717
15245
20231
18056
15499
9964
11931
15944
19291
19016
22398
19295
18854
18753
16088
18241
15198
8998
19077
15236
16737
17037
14168
14772
18314
16835
11630
11829
14420
13901
16079
11770
14966
14647
15160
19431
13240
12632
12292
14062
12930
11901
16465
11674
16866
14138
12254
10267
8606
10902
11236
13060
11380
8968
8975
10145
11146
11295
11279
8745
11495
13208
11762
11417
11671
11238
11338
14582
9710
11738
10781
10505
8141
9830
10498
11087
11876
12586
10407
8481
10056
11244
11419
12339
12703
12396
11300
12549
9531
11540
9494
9512
11808
8405
11647
9802
10144
10596
11077
12442
10314
-14
-784
-433
-295
-555
-692
-1969
-443
-665
-207
-940
-45
-423
-665
-1107
-801
-924
-2285
-379
-836
-803
-347
-2049
-890
-451
-2140
-48
-838
-1759
-298
-711
-2116
-1547
-187
-945
-874
-1283
-717
-293
-752
-1095
-533
-2344
-560
-545
-694
-1043
-1546
-206
-2006
-90
-1965
-1278
-260
-654
-307
-540
-1078
-671
-651
130
-232
-535
-861
-351
-617
-114
-132
-437
-368
-753
-213
-744
-457
-2104
-529
-342
-147
-337
-421
-1847
-235
-569
57
-711
118
-172
-388
-793
-512
-663
-1886
-107
-469
-499
-72
-1415
-569
-322
-1538
300
-546
-1388
-19
-281
-1191
-849
50
-703
-531
-813
-244
-165
-517
-911
-407
-1558
-476
-503
-557
-913
-1453
-235
-1335
-258
-1419
-1024
-388
-702
-517
-628
-951
-591
-873
-309
-657
-740
-1013
-607
-941
-582
-547
-611
-739
-1139
-793
-1066
-1010
-1924
-892
-743
-685
-954
-860
-1719
-858
-996
-737
-1438
-492
-660
-835
-1282
-1287
-1400
-2697
-929
-1251
-1260
-795
-2297
-1258
-520
-2193
-542
-1342
-2428
-759
-1071
-2254
-1720
-470
-1163
-1150
-1451
-967
-450
-934
-1223
-823
-2804
-905
-751
-922
-1296
-1718
-520
-2112
-315
-2178
-1601
-546
-789
-344
-469
-858
-639
-718
-15
-251
-468
-718
-359
-629
-152
-241
-580
-393
-784
-361
-838
-616
-1935
-511
-393
-246
-460
-502
-1310
-225
-345
-18
-772
-18
-309
-422
-642
-481
-590
-1616
-124
-375
-368
-39
-1161
-505
-314
-1108
290
-440
-1162
-88
-368
-1072
-691
-11
-3
315
845
826
557
245
-395
708
448
1023
145
931
277
212
40
342
216
-684
812
166
266
476
-985
-130
241
-728
719
253
-445
648
381
-611
-163
722
176
365
-141
536
757
513
159
751
-991
520
570
279
65
-543
699
-917
900
-731
-238
715
146
482
528
-4
639
552
1218
792
536
228
665
353
764
836
581
685
226
841
174
459
-901
398
802
904
534
327
-1171
659
531
1149
416
1193
688
650
313
703
685
-648
1313
735
900
1040
-523
422
743
-785
1348
770
-501
1209
942
-476
204
1285
754
1129
552
1168
1375
1126
608
1508
-363
1264
1275
990
820
159
1402
-665
1564
-558
270
1517
896
1148
1261
691
1369
1253
1772
1394
1256
866
1428
1117
1416
1730
1464
1444
924
1607
762
1379
-500
921
1430
1592
1343
1008
-635
1193
889
1762
803
1626
1051
1099
804
1317
1317
103
2036
1454
1613
1684
15
1157
1171
161
2035
1523
271
1851
1584
157
750
1749
1123
1728
1302
2146
1848
1850
1251
2116
577
1833
1813
1675
1574
917
2002
553
1992
257
770
1914
1279
1197
1537
1007
1822
1517
1789
1441
1407
1105
1479
1091
1227
1647
1688
1458
1029
1537
1036
1295
301
907
1480
1478
1305
929
377
1242
1027
1590
800
1476
923
968
724
1055
1083
256
1834
1236
1468
1346
139
892
1085
52
1636
1261
100
1536
1289
291
686
1414
18
-508
-181
134
-78
-264
-1925
6
-487
352
-502
470
34
-168
-729
-239
-355
-2174
346
-44
-19
373
-1607
-232
109
-2076
727
-330
-2194
314
-59
-1977
-1359
365
-615
-246
-751
-79
315
-231
-822
9
-2322
-137
-33
-286
-677
-1314
321
-1922
522
-2058
-1183
365
-32
372
291
-482
-262
-254
676
369
118
-374
189
-178
373
475
130
297
-259
419
-452
156
-1914
-11
334
649
483
317
-1158
648
283
991
-100
909
475
458
21
319
192
-1893
877
545
631
921
-1229
370
674
-957
1314
506
-1470
983
656
-1088
-329
1067
133
619
100
953
1153
966
314
1071
-1250
707
823
815
529
-296
1244
-648
1306
-734
-132
1185
597
647
959
534
992
588
948
684
878
609
1112
620
810
1161
1063
918
523
921
482
828
-100
464
1085
1062
1028
401
515
1301
781
1587
653
1221
355
410
509
919
705
-374
1109
809
801
981
-178
354
254
-243
1094
462
-480
664
351
-388
83
661
43
186
-260
421
568
462
225
577
-850
253
326
185
12
-552
494
-715
644
-444
-113
535
50
294
346
74
529
246
692
352
266
111
598
382
577
699
497
540
173
644
147
270
-855
245
587
656
372
134
-823
547
538
975
415
886
409
399
296
520
541
-455
869
488
579
734
-131
280
524
-233
900
494
-260
756
462
-409
187
881
16
-677
-389
-36
-234
-329
-1815
-117
-543
211
-609
370
-38
-235
-759
-321
-440
-2160
194
-210
-213
208
-1917
-475
-98
-2459
547
-523
-2064
164
-186
-1748
-1338
156
-805
-528
-969
-298
139
-397
-899
-139
-2335
-220
-113
-312
-685
-1303
281
-1837
435
-1991
-1176
237
-180
274
69
-678
-524
-480
484
220
-53
-393
63
-302
284
342
-44
154
-320
349
-394
119
-1667
-31
186
459
248
137
-1409
375
-4
719
-355
689
302
308
-113
127
-20
-2012
588
301
347
687
-1237
77
463
-1260
1052
111
-1844
638
373
-1027
-347
769
-73
245
-190
567
789
532
-46
626
-1453
376
496
515
224
-485
894
-765
950
-1018
-460
797
302
380
657
321
686
197
605
295
461
188
658
181
443
681
601
478
92
501
80
399
-515
183
709
695
583
130
19
730
358
953
-97
690
-68
-67
-48
264
86
-994
492
130
131
433
-927
-165
51
-757
596
-55
-1054
251
-66
-1000
-423
380
-246
-177
-635
5
317
166
-57
277
-1438
-63
57
-62
-274
-776
301
-914
481
-868
-543
282
-174
60
178
-130
375
147
619
292
166
-26
398
150
475
445
87
227
-128
388
-98
54
-1092
123
420
526
266
4
-955
496
466
884
233
732
261
135
35
282
277
-711
666
252
333
529
-442
58
344
-543
799
335
-395
669
405
-375
162
777
36
262
379
559
440
231
-520
470
122
655
111
572
239
282
151
415
344
-508
657
537
588
662
-300
384
342
-270
842
492
-478
655
530
-435
-166
602
113
379
40
388
627
524
174
595
-655
328
511
356
221
-217
550
-675
684
-630
-246
607
357
524
748
385
524
496
845
734
713
470
672
468
705
780
494
787
546
923
346
716
-367
586
822
1055
930
718
-199
1044
932
1358
795
1154
835
955
894
1074
1073
-266
1303
1181
1335
1353
18
1089
1061
125
1596
1443
164
1534
1371
127
689
1429
1092
1449
999
1288
1565
1660
1296
1861
576
1508
1611
1685
1743
1264
1879
661
1887
752
1198
2015
1551
1330
1820
1605
2026
1760
1569
1499
1908
1733
2083
1802
1635
2110
1990
1827
1708
1918
1711
2033
1831
1345
1933
1856
1971
1239
1724
1963
1376
2331
1936
1842
987
1202
1675
2179
2112
2357
2158
1972
1911
1805
1776
1512
796
1663
1785
1741
1749
1608
1543
1561
1524
1285
1144
1425
1262
1483
1171
1294
1231
1454
1444
1174
1135
1057
1196
1021
1125
1103
1124
1017
1050
1192
910
835
1033
962
1329
1097
1071
914
913
873
991
949
858
1138
1242
1103
978
1215
1103
1045
1048
878
1144
1111
1002
838
666
937
969
1228
1152
1177
860
997
1049
1235
1396
1423
1519
1245
1326
1118
889
947
974
943
1068
1171
967
1189
1157
1055
1124
1149
-31
43
449
371
137
-32
-513
320
120
581
24
638
211
132
-123
41
-68
-938
437
-46
5
191
-690
-372
114
-929
294
-334
-1055
85
-149
-732
-336
252
-141
-78
-328
218
295
-67
-288
137
-1106
134
111
-154
-353
-754
214
-1027
381
-981
-481
245
-157
248
55
-268
80
-88
570
154
-101
-316
91
-128
234
313
316
219
-222
237
-241
-46
-1205
-36
293
314
44
8
-917
73
18
348
-363
465
103
37
-298
-40
-83
-876
515
-2
85
297
-774
-184
177
-662
508
-84
-790
284
11
-945
-446
452
-140
118
-172
582
494
288
-15
416
-994
224
221
2
-248
-718
354
-807
480
-882
-472
291
-166
126
62
-295
241
75
649
240
-27
-218
91
-161
221
291
240
222
-180
317
-170
-18
-1366
-23
218
365
105
-7
-1174
162
144
411
-411
430
198
-1
-457
-322
-366
-1718
360
-143
53
231
-1141
-199
360
-1215
609
6
-1096
440
175
-989
-411
566
5
192
-226
442
623
493
127
704
-717
595
595
415
187
-381
787
-769
886
-617
-92
788
316
511
510
47
484
358
824
509
435
196
620
314
587
701
513
425
7
466
-6
259
-823
180
528
557
341
137
-753
431
202
715
24
680
338
260
-14
74
-4
-963
589
133
267
440
-420
83
388
-334
793
308
-583
639
389
-606
-96
682
-37
-106
279
218
-43
-184
-798
179
-58
464
-138
566
85
42
-221
-6
-129
-1156
344
-127
-110
169
-838
-441
64
-1078
264
-478
-1442
-17
-267
-1002
-526
191
-250
-187
-483
90
227
-175
-438
25
-1465
-26
-19
-269
-509
-921
150
-1234
339
-1352
-798
156
-254
147
23
-338
0
-197
547
81
-187
-510
-24
-265
166
220
158
115
-359
166
-392
-135
-1503
-123
215
288
24
-28
-1025
102
56
389
-416
484
49
-41
-374
25
-11
-924
602
64
127
400
-1046
-134
170
-805
616
-62
-964
318
7
-1161
-576
484
-189
101
-263
563
520
368
21
517
-949
266
260
52
-236
-814
460
-804
574
-854
-473
363
-154
65
87
-326
308
135
696
270
39
-195
163
-136
256
345
246
219
-202
326
-188
49
-1252
20
315
436
173
-50
-1257
274
145
561
-303
522
213
-25
-470
-289
-362
-1868
398
-111
59
277
-1275
-207
321
-1340
662
-21
-1291
424
134
-1147
-484
550
-8
155
-299
333
594
423
-7
696
-773
647
648
460
202
-463
840
-968
936
-732
-147
829
317
500
514
-7
456
341
845
512
438
136
667
348
598
784
615
505
19
492
-99
292
-959
171
616
641
412
158
-889
474
139
814
74
769
346
278
14
121
23
-1042
610
130
236
455
-671
39
323
-427
801
307
-589
653
380
-795
-222
715
55
116
749
1045
760
352
-1509
823
117
1364
90
1266
425
327
-98
586
405
-1611
1256
601
658
1071
-1552
308
422
-1497
1566
646
-1071
1269
853
-1360
-799
1140
-72
531
-300
754
1128
791
-58
1123
-1754
713
869
535
126
-893
1084
-1792
1241
-2003
-1022
953
283
674
904
-118
659
651
1628
1212
918
314
962
434
1024
1185
632
991
295
1212
65
694
-1711
450
948
1343
933
650
-1610
1217
884
1878
704
1894
1212
1332
797
1222
1184
-1823
1956
1367
1572
1859
-1568
1032
1538
-1531
2400
1568
-1435
2238
1837
-837
256
2224
1235
1898
880
1795
2538
2250
1286
2812
-927
2396
2580
2396
2192
1080
3064
-663
3295
-771
627
3203
2249
2384
2941
2040
2758
2512
3037
2737
2914
2369
3237
2648
2876
3624
3156
3155
2584
3461
2325
3451
1389
2298
3285
3362
3295
2160
1168
3314
2332
4185
2790
3480
1935
2366
2681
3868
3717
2749
4336
3751
3759
3714
1874
2850
1777
2060
3973
3386
1913
3411
3112
2045
2555
2960
2138
2925
2280
3435
2804
3027
2353
3278
1933
2708
2651
2568
2575
1655
2851
1567
2794
1297
1633
2755
1866
1544
2242
1836
2971
2247
2370
1850
1907
1609
2067
1625
1660
2237
2388
2119
1717
2398
1799
2044
1151
1593
2395
2302
1987
1379
409
1826
1750
2434
1549
2189
1326
1478
1334
1916
2076
1080
2741
1971
2246
2025
500
1442
1702
443
2190
2025
654
2270
1940
676
1340
2220
2
-674
-377
-160
-386
-489
-1961
-326
-699
-41
-838
133
-275
-530
-1049
-578
-671
-2022
-25
-517
-559
-83
-2116
-631
-255
-2020
245
-673
-1979
-55
-427
-2003
-1518
7
-911
-667
-1104
-470
-84
-599
-1109
-351
-2238
-372
-346
-607
-1029
-1629
-76
-1937
74
-2155
-1488
-172
-534
-162
-265
-942
-547
-512
351
50
-285
-697
-267
-613
-15
-55
-403
-268
-792
-198
-894
-410
-2064
-358
-160
44
-185
-228
-1689
65
-247
353
-519
408
126
21
-461
-209
-365
-2147
278
-47
-26
313
-1798
-266
52
-1528
677
-161
-1674
343
49
-1197
-644
427
-394
-171
-572
106
381
55
-529
178
-1609
122
198
164
-193
-977
472
-1216
487
-1152
-677
297
-184
-56
57
-312
80
-251
227
-56
18
-210
226
-225
63
238
133
43
-362
-39
-467
-181
-1109
-251
167
112
-93
-345
-820
99
-262
331
-459
304
-252
-228
-341
-85
-284
-1417
75
-187
-208
108
-1281
-517
-342
-1368
246
-466
-1355
-129
-465
-1394
-867
-13
-635
-636
-994
-458
-94
-448
-705
-374
-2230
-554
-387
-457
-725
-1211
-167
-1692
-30
-1553
-1053
-234
-620
-299
-366
-667
-330
-497
123
-210
-415
-573
-211
-447
-48
-109
-377
-167
-449
16
-461
-380
-1735
-314
-63
84
-171
-277
-1356
-83
-118
244
-430
231
-159
-243
-406
-120
-143
-1174
179
-126
-81
195
-822
-311
-61
-1261
430
-198
-847
189
-112
-956
-514
268
-22
-848
-465
-374
-720
-776
-2446
-612
-999
-309
-1215
4
-402
-712
-1425
-997
-1130
-2546
-236
-914
-951
-398
-2843
-1046
-495
-2223
-32
-1077
-2409
-380
-884
-2763
-2072
-192
-1322
-1054
-1451
-604
-265
-987
-1574
-771
-3004
-666
-661
-1053
-1608
-2359
-439
-2607
-200
-2584
-1860
-495
-950
-428
-631
-1338
-778
-814
256
-180
-672
-1098
-643
-1074
-345
-351
-531
-442
-1085
-472
-1255
-820
-2842
-667
-403
-241
-562
-595
-2261
-257
-573
40
-1010
171
-114
-308
-953
-713
-963
-2965
-39
-484
-396
-36
-2273
-761
-375
-2174
440
-586
-1894
1
-411
-1766
-1178
120
-973
-784
-1226
-236
13
-363
-996
-319
-2306
-326
-259
-364
-858
-1834
-43
-2239
-15
-1773
-1133
-204
-757
-452
-542
-1010
-541
-863
-137
-539
-596
-803
-343
-883
-416
-418
-625
-608
-1075
-642
-1159
-1017
-2499
-893
-512
-507
-863
-932
-2100
-635
-918
-366
-1260
-187
-599
-645
-1026
-958
-1208
-3103
-712
-1037
-982
-471
-2009
-1156
-626
-2479
-155
-1119
-2261
-562
-1023
-2417
-1714
-360
-1201
-1265
-1738
-1052
-470
-993
-1320
-885
-3469
-1053
-863
-921
-1297
-1809
-543
-2779
-393
-2789
-1875
-621
-1024
-522
-746
-1167
-833
-1003
-102
-565
-850
-1158
-580
-878
-304
-451
-885
-617
-991
-369
-924
-911
-2991
-865
-673
-375
-667
-645
-2095
-523
-561
-157
-1050
-53
-481
-620
-913
-565
-616
-1966
-210
-655
-667
-95
-1587
-687
-305
-1949
303
-642
-1500
-35
-422
-1593
-1117
42
393
4557
5034
6478
6693
4807
1837
6757
4889
7856
5440
5527
3647
4022
5117
6585
6432
2494
6419
6636
6932
6683
3470
6170
4562
2368
7935
8176
3797
8318
8984
6271
6340
7033
7047
8350
5763
5074
7049
7912
5844
9075
4145
6716
7779
8172
8514
6563
8094
3722
7660
2712
3715
7162
5798
5278
7686
5987
6815
7240
6828
7287
8771
7555
9320
8702
7963
9324
7103
8396
7483
8797
5898
8726
5784
6495
7863
8998
8511
6933
2980
8224
7550
10353
9168
9194
7048
8633
9620
11141
12114
7815
11213
10926
11349
10704
3089
9789
9334
4341
10897
12145
3859
12280
12449
5298
8382
11672
12677
15352
12932
11551
13713
13701
11650
15888
6591
13557
14616
14745
16319
15300
16193
9906
17027
8569
11162
17714
15408
13864
17553
15791
17229
17371
15742
16631
18451
17044
18537
18044
16560
20577
19524
19526
19092
20585
17807
22472
20143
15995
19452
19477
20981
15746
18350
19361
16130
22333
20246
17738
12352
14753
18686
24664
25374
32144
26042
25515
25686
21557
23487
20619
11579
23196
20952
23199
23679
20276
21056
23843
22089
16613
17094
21449
21085
22740
16457
19841
18682
20316
27109
17820
17103
16904
19279
17535
16070
21328
15027
21654
18837
16492
14137
10642
14350
14693
18265
16031
11951
12270
14018
15219
13533
12906
10281
13190
15731
13537
13687
13968
14122
14736
20755
12333
15994
14039
14280
11603
15258
12028
12038
13326
13724
11399
9564
11318
12466
13130
14454
16768
15472
14631
16376
11758
16050
12228
11087
14160
10579
14578
13323
12538
12991
14195
14112
11329
31
138
478
700
528
288
-707
668
162
971
201
877
386
374
155
433
277
-1061
774
484
554
721
-892
195
278
-800
986
460
-534
793
578
-737
-410
724
23
385
-45
511
815
586
74
715
-1207
415
666
449
231
-431
740
-1091
902
-935
-360
746
311
678
769
183
389
431
1100
917
772
493
776
476
889
982
575
990
597
1143
369
735
-974
577
842
1200
962
801
-691
1150
988
1629
846
1482
1098
1259
1066
1243
1203
-775
1560
1337
1542
1601
-179
1074
1258
-426
1924
1520
-92
1841
1656
166
819
1786
1298
1797
1233
1764
2040
2095
1559
2342
311
1802
1986
2040
2051
1336
2323
361
2330
440
1214
2424
1782
1719
2141
1814
2236
1888
1926
1750
2139
1958
2388
2011
1967
2543
2386
2255
2060
2468
2119
2491
1880
1647
2339
2330
2374
1577
1745
2273
1630
2790
2004
2243
1205
1485
1920
2504
2438
2219
2626
2322
2312
2264
1891
1781
1204
1627
2297
2002
1531
1998
1856
1528
1689
1700
1385
1805
1525
2064
1692
1903
1746
2110
1553
1613
1626
1530
1664
1336
1707
1242
1710
871
1112
1717
1268
1236
1545
1391
1926
1540
1596
1342
1352
1271
1466
1317
1313
1655
1702
1556
1346
1786
1567
1566
1325
1274
1669
1671
1532
1206
1020
1443
1472
1806
1391
1618
1104
1220
1258
1482
1683
1566
2029
1544
1718
1501
1150
1289
1438
1353
1613
1674
1161
1753
1644
1355
1519
1642
-6
-872
-523
-414
-733
-886
-2252
-532
-710
-332
-1256
-155
-620
-733
-1216
-795
-989
-2739
-399
-785
-712
-291
-2116
-933
-543
-2393
-24
-930
-2287
-416
-881
-2438
-1684
-192
-1137
-1098
-1692
-843
-372
-735
-1173
-685
-2923
-851
-784
-924
-1350
-1969
-471
-2617
-312
-2412
-1669
-493
-904
-607
-680
-1204
-665
-773
-4
-466
-742
-1116
-540
-870
-315
-538
-1012
-795
-1145
-512
-1166
-892
-2834
-805
-511
-307
-543
-669
-2309
-359
-562
-44
-884
-10
-392
-645
-1032
-640
-780
-2585
-315
-678
-690
-111
-1822
-657
-355
-2153
250
-705
-1936
-162
-585
-2045
-1346
-56
-817
-758
-1266
-690
-330
-615
-997
-375
-1941
-549
-602
-551
-910
-1503
-148
-1760
-233
-1967
-1326
-385
-793
-724
-780
-1181
-600
-837
-295
-743
-789
-1221
-511
-847
-503
-489
-764
-963
-1359
-915
-1201
-1087
-2218
-1108
-845
-773
-961
-1014
-1855
-808
-1146
-616
-1229
-396
-775
-1077
-1430
-1155
-1256
-2331
-869
-1282
-1460
-772
-2540
-1279
-767
-2388
-547
-1514
-2565
-885
-1263
-2573
-2081
-700
-1438
-1447
-1769
-1420
-845
-1514
-1779
-1222
-3084
-1209
-1162
-1355
-1803
-2202
-798
-2382
-615
-2704
-2101
-945
-1179
-695
-996
-1531
-1338
-1268
-299
-607
-1031
-1429
-932
-1124
-524
-578
-891
-759
-1263
-754
-1312
-973
-2522
-818
-856
-619
-886
-793
-2166
-623
-814
-391
-1131
-231
-409
-625
-1086
-836
-938
-2134
-347
-635
-728
-297
-2149
-836
-508
-1718
36
-885
-1946
-366
-641
-1563
-1158
-182
17
-557
-170
92
-215
-492
-2129
38
-298
388
-706
389
-250
-413
-808
-275
-451
-2502
133
-329
-275
233
-1869
-477
-77
-2212
609
-378
-2114
253
-159
-2021
-1233
399
-484
-312
-1097
-390
266
-123
-710
141
-2588
-266
-140
-297
-709
-1485
273
-2256
399
-2306
-1417
132
-431
-55
-38
-737
-171
-222
654
180
-23
-567
265
-107
437
437
-162
60
-482
300
-601
-65
-2268
-201
160
478
182
-33
-1962
381
97
893
-91
879
310
162
-206
362
322
-1728
844
389
381
904
-1683
217
521
-1622
1258
290
-1745
879
471
-1642
-673
971
225
595
-39
544
966
651
58
1074
-1268
722
773
720
432
-353
1319
-852
1371
-1086
-296
1227
574
614
839
247
880
638
1185
801
851
309
1074
654
972
1368
1071
903
366
963
337
932
-528
432
951
1024
895
410
-362
969
401
1418
492
1221
460
380
249
963
901
154
1567
1111
1068
1268
-360
675
432
-131
1531
754
-430
1083
741
-464
-3
959
183
595
221
883
857
549
95
822
-554
617
652
410
155
-581
846
-557
953
-527
-155
775
232
424
488
2
509
290
891
576
376
131
474
148
505
739
723
666
135
657
51
425
-750
385
817
851
582
354
-706
661
446
1047
235
951
548
526
203
391
358
-868
1074
678
831
831
-479
325
572
-319
1128
647
-412
947
655
-340
166
991
-2
-833
-492
-264
-472
-634
-2359
-392
-824
-73
-880
90
-343
-717
-1278
-783
-878
-2461
-259
-790
-909
-256
-2298
-769
-244
-2125
78
-962
-2530
-223
-589
-2321
-1679
-14
-826
-564
-1047
-509
-133
-756
-1382
-407
-2555
-460
-507
-734
-1229
-1847
-119
-2034
-46
-2565
-1860
-414
-786
-419
-582
-1279
-806
-782
160
-233
-579
-1161
-395
-703
-188
-42
-262
-343
-1034
-483
-1259
-648
-2537
-698
-498
-283
-501
-531
-1866
-252
-578
-24
-926
151
-162
-380
-962
-536
-662
-2226
115
-287
-354
78
-2618
-548
-202
-1913
406
-588
-2319
-16
-371
-1987
-1320
181
-798
-490
-862
-80
173
-276
-929
-172
-2330
-194
-111
-264
-764
-1636
232
-1618
365
-1377
-1002
64
-424
-200
-187
-760
-428
-584
165
-78
-189
-499
-43
-491
-55
108
-98
-19
-539
-157
-868
-326
-1876
-367
-114
-71
-352
-580
-1648
-93
-412
118
-787
110
-234
-317
-692
-392
-602
-2088
129
-52
88
208
-1096
-350
-289
-1350
542
-237
-1518
58
-303
-1474
-836
177
-604
-507
-951
-264
48
-298
-785
-317
-2246
-471
-275
-357
-718
-1540
-118
-2208
-17
-1511
-944
-162
-618
-340
-425
-776
-546
-740
-80
-413
-504
-690
-261
-588
-188
-277
-531
-288
-656
-225
-901
-639
-2518
-549
-128
25
-228
-353
-1748
-175
-297
160
-664
81
-262
-329
-563
-414
-536
-2199
-176
-362
-245
108
-919
-347
-149
-1440
432
-175
-1007
164
-254
-1699
-996
240
405
3245
4446
5528
5546
4121
1270
5669
3386
6958
4939
5304
3600
4430
5218
5810
5243
696
5168
5657
5822
5708
1339
4487
3045
1763
5874
5891
2808
5640
5777
1205
2574
5385
5075
7328
6224
7233
6680
7459
5494
7213
432
4596
6069
6705
6915
5005
6903
2304
6830
3405
4350
6842
5381
4756
6348
4785
4756
4816
5352
5372
6196
5140
6240
5614
5136
7062
6603
8084
7821
8491
6373
7175
2483
4372
5553
7192
7080
5423
3562
6613
6284
8009
6401
6781
5141
5994
6471
7651
8252
3733
8659
8759
9923
8497
5906
7707
7314
1807
8909
9292
3435
9386
9273
3206
5077
8813
8350
11273
8927
10029
10927
12456
11082
13424
6457
10090
11037
10618
11792
10156
11933
3854
12733
5301
8918
14130
12373
12217
13945
11979
12105
12667
12038
12815
14173
13576
14503
14071
13311
15612
13816
14667
14620
16641
14277
17734
13822
12414
15090
15943
17325
12899
12968
16046
13096
18550
16042
14417
10583
12265
14730
17252
17484
17841
18491
18212
18933
16570
21205
17057
11481
20750
17339
19083
17658
17039
17618
18530
17685
14253
14358
18320
17446
19563
14423
17921
16406
18412
22471
15738
14986
15254
17241
15942
14559
17575
13262
14934
13973
14419
12646
9781
13135
13667
15911
13212
9893
9701
12088
11757
12603
12127
9197
12600
14810
12100
11473
11511
11926
11926
14859
8868
11496
10740
11479
9094
14557
10999
10875
11777
11785
10006
7659
9069
10557
10850
11789
14483
12049
10464
11218
8995
9878
9812
8997
13798
8548
12224
11524
10705
11084
11216
10961
9718
-22
-726
-583
-611
-924
-883
-1924
-689
-813
-614
-1282
-296
-430
-615
-1284
-1102
-1252
-2408
-437
-859
-808
-531
-2257
-972
-504
-1553
-268
-1007
-2087
-582
-983
-2052
-1515
-369
-1268
-1245
-1532
-762
-470
-977
-1438
-952
-2488
-688
-671
-986
-1463
-2137
-678
-2280
-481
-1889
-1513
-751
-1085
-684
-838
-1200
-787
-947
-208
-562
-880
-1052
-738
-1065
-584
-683
-728
-664
-1128
-798
-1404
-1137
-2565
-787
-544
-559
-866
-875
-2063
-570
-690
-399
-1115
-274
-467
-576
-991
-904
-1168
-2703
-634
-890
-811
-452
-1963
-1017
-778
-1994
-168
-897
-1535
-567
-995
-1984
-1371
-442
-1185
-1330
-1632
-986
-709
-1038
-1318
-1089
-2526
-1030
-972
-898
-1255
-1814
-730
-2119
-745
-1597
-1195
-863
-1223
-1086
-1252
-1469
-1056
-1336
-786
-1228
-1319
-1499
-1077
-1401
-1045
-1219
-1392
-1354
-1569
-1304
-1513
-1801
-2979
-1518
-1353
-1291
-1604
-1444
-2481
-1467
-1506
-1332
-1769
-978
-1132
-1367
-1717
-1670
-1796
-3049
-1609
-1867
-1886
-1283
-2334
-1787
-1137
-3255
-1083
-1952
-2525
-1349
-1775
-3054
-2517
-1126
-1753
-1979
-2329
-2096
-1316
-1943
-1966
-1764
-3768
-1900
-1775
-1836
-2188
-2355
-1372
-3241
-1214
-3313
-2353
-1358
-1481
-904
-1432
-1855
-1804
-1640
-677
-1038
-1473
-1785
-1383
-1495
-787
-1172
-1747
-1431
-1654
-1054
-1377
-1417
-3121
-1238
-1361
-969
-1150
-895
-2415
-1049
-1180
-815
-1440
-597
-697
-990
-1396
-1179
-1227
-2439
-913
-1157
-1322
-638
-1933
-1057
-600
-2193
-303
-1367
-2174
-699
-965
-1870
-1622
-587
-12
11
418
390
128
8
-788
267
67
559
-85
619
191
144
-146
187
119
-838
706
258
353
544
-514
54
267
-645
779
136
-859
482
170
-798
-357
455
-125
-9
-350
193
384
1
-307
258
-1105
283
294
86
-110
-552
435
-805
576
-991
-529
395
-59
221
229
-196
299
136
753
349
134
-154
282
-2
366
436
350
322
-174
345
-226
39
-1326
33
430
532
285
184
-899
384
264
719
-59
764
315
273
-38
252
204
-914
753
203
278
539
-1169
-14
341
-984
807
241
-778
670
398
-793
-242
743
146
403
1
648
788
508
148
750
-965
606
638
482
284
-206
940
-379
1107
-435
-2
972
423
552
667
178
734
588
1098
719
563
309
665
342
671
862
785
728
340
879
398
627
-346
484
950
999
798
470
-424
885
611
1288
476
1168
593
560
337
745
670
-573
1221
750
816
961
-677
287
558
-1019
1143
414
-924
826
565
-572
81
922
402
655
251
850
981
803
427
1049
-345
905
899
736
571
15
1114
-372
1236
-221
327
1252
735
848
1009
555
1166
922
1236
935
910
663
1095
748
926
1177
1051
905
514
1017
472
873
-81
610
1178
1129
952
581
-148
867
536
1227
440
1088
515
508
367
620
578
-332
1113
630
728
801
-155
316
580
-132
953
482
-341
768
543
-322
179
871
345
3325
3278
5080
5405
3846
2229
5709
3851
6928
4963
5220
3007
3492
4779
6399
6302
3507
5595
5505
5058
5751
1248
4774
3559
1519
5976
5412
2015
5616
6065
3018
3230
4973
4498
6440
4815
6038
5830
7853
6755
8421
5611
5278
5963
6056
6164
4233
7006
3124
6870
2398
3354
6803
5811
5069
7019
5517
5260
5049
5477
5405
6229
4743
5601
5001
5152
6490
5401
6392
6248
7636
6290
7841
7569
5886
6077
6964
6549
4711
2348
6630
5752
7946
6627
6759
5282
5866
6110
6864
7478
3697
8173
7847
8458
7736
4242
7672
7727
5986
8314
8999
1939
8753
8792
3423
5584
8369
8354
10628
8377
8656
10128
11262
9375
12978
8617
11193
11820
10544
11236
8953
11325
3642
12273
3873
6711
12776
11252
11060
13819
12485
13063
12938
12272
12734
13856
12395
13719
13391
12695
15507
14859
15157
13996
15511
12167
17073
13334
12826
15493
15838
16626
12298
11054
16015
13168
18632
15995
14564
10745
12542
14946
17155
17083
18120
18231
17268
17807
15688
14725
15839
9865
21284
16639
19977
20717
17350
17686
17721
17419
14541
14546
18523
17642
19872
14831
18358
16233
18631
22372
16678
16161
16369
18071
15526
15137
17649
13880
18156
15933
14884
12438
8725
12893
13361
17000
14332
10676
10408
12545
12394
12543
11850
8787
12720
15585
13384
13143
12526
12776
12354
15759
9433
12103
10956
10873
8073
10898
10251
9830
11782
12497
10154
8133
9616
11016
11331
11944
14216
12196
10836
12012
8889
9798
8792
7376
9775
8471
12480
13937
11042
11319
11640
11179
9683
37
-722
-460
-124
-276
-512
-1913
-257
-554
5
-698
66
-362
-506
-808
-420
-545
-2069
-264
-534
-545
-94
-1625
-541
-314
-2099
164
-521
-1460
-30
-331
-1724
-1289
49
-656
-426
-952
-331
-34
-182
-583
-41
-1946
-406
-351
-372
-668
-1154
59
-1848
49
-2021
-1244
-99
-394
-216
-342
-895
-616
-553
90
-206
-405
-762
-252
-444
-65
-53
-463
-310
-519
15
-418
-207
-1568
-411
-334
-47
-158
-288
-1501
-70
-358
194
-400
242
-32
-187
-514
-164
-192
-1605
164
-23
-82
332
-1143
-1
201
-1331
640
-160
-1735
285
32
-1229
-765
303
-360
-129
-520
-103
188
-9
-391
226
-1001
82
56
28
-230
-715
416
-983
409
-1373
-793
319
72
118
214
-138
38
-192
186
3
96
-285
207
-73
157
338
121
-32
-359
-23
-344
97
-654
-145
29
48
-2
-245
-505
124
-285
231
-379
176
-230
-297
-405
-126
-223
-545
192
-39
-119
140
-641
-29
-151
199
397
0
-629
157
-42
-585
-437
120
-520
-361
-607
-189
-84
-357
-652
-316
-1264
-418
-364
-518
-806
-1275
-301
-1021
-206
-1162
-1081
-494
-702
-502
-473
-634
-490
-661
-163
-375
-558
-724
-538
-687
-355
-379
-405
-306
-643
-407
-753
-609
-1388
-312
-281
-200
-417
-440
-1194
-78
-43
84
-375
54
-89
-159
-362
-296
-390
-1322
-76
-226
-207
-22
-1294
-363
-225
-812
198
-101
-636
75
-149
-735
-355
176
3
-1258
-736
-462
-728
-800
-2603
-712
-944
-364
-1259
-77
-540
-802
-1401
-1021
-1153
-2970
-530
-1123
-1075
-430
-2007
-1015
-444
-2656
-3
-1054
-2098
-248
-769
-2502
-1937
-149
-1208
-983
-1542
-724
-354
-979
-1398
-719
-3279
-923
-969
-1114
-1534
-1916
-460
-2397
-381
-3040
-2065
-645
-1050
-527
-946
-1618
-1054
-1041
6
-513
-971
-1402
-682
-958
-327
-393
-812
-818
-1345
-603
-1095
-1029
-3122
-1075
-1024
-674
-875
-733
-2169
-613
-764
-339
-1228
-58
-334
-618
-1250
-810
-882
-2462
-184
-703
-810
-155
-2365
-790
-229
-2459
257
-1081
-2786
-256
-621
-1834
-1375
-112
-1177
-1007
-1378
-545
-333
-795
-1188
-578
-2183
-642
-752
-856
-1360
-1982
-196
-1431
-163
-1886
-1460
-428
-817
-559
-700
-1153
-813
-1209
-423
-843
-910
-1262
-691
-1167
-662
-603
-751
-1054
-1586
-1126
-1387
-1188
-1788
-1000
-942
-1053
-1392
-1363
-1856
-1039
-1260
-1008
-1867
-697
-1002
-1226
-1735
-1520
-1684
-2772
-934
-1318
-1391
-870
-2445
-1429
-793
-2004
-641
-1833
-3499
-1308
-1732
-2882
-2158
-931
-1852
-2068
-2406
-1782
-1110
-1853
-2144
-1749
-3797
-1623
-1484
-1824
-2415
-3050
-1315
-3139
-952
-3035
-2561
-1404
-1703
-1039
-1259
-1618
-1487
-1663
-571
-1010
-1431
-1758
-1294
-1584
-817
-1104
-1383
-1107
-1743
-1205
-2043
-1590
-3543
-978
-864
-712
-1125
-1056
-2710
-703
-634
-472
-1493
-425
-659
-898
-1350
-1186
-1372
-3177
-719
-1045
-987
-455
-2614
-1072
-687
-1937
-55
-919
-1996
-538
-1065
-2605
-1641
-280
237
5115
5056
5547
4935
3108
-465
5459
3397
6891
5104
5158
3397
3709
4503
6187
5887
2547
6103
6222
6105
5885
190
4393
2936
1210
5925
5526
1279
5134
5370
2014
3514
4779
5109
6113
4580
4890
5522
6957
5035
7756
6130
6427
7411
7146
7101
3887
6891
189
6742
2520
3851
6900
5557
4473
6977
5560
6179
5909
5878
5768
6677
5158
5805
4920
4975
5999
5328
6455
5883
6892
4147
6946
4863
5552
7708
7982
7331
5441
1319
6254
4747
8053
6571
6840
4990
5979
6553
7042
7334
3146
7548
7184
8005
7266
2806
6722
5955
4364
7796
9550
5987
9010
8575
1730
4033
8109
8066
10563
8637
8734
10000
10514
8413
11991
4982
10474
11596
11216
12320
10727
11285
3155
11858
3077
6503
12364
10525
10066
12497
10622
12356
13216
12573
13131
13522
12525
13080
12796
12252
14705
13665
14925
14453
16051
13124
16369
10110
11399
14308
15650
16830
12948
10813
15469
12596
18432
15989
14634
10863
12592
14953
17435
17478
17922
18072
17046
17621
15344
14576
14675
9292
14852
16567
19288
21421
18113
18989
20709
18350
14701
14659
18907
17884
20048
15159
18698
16784
19268
22526
16871
16315
17029
19057
17203
16125
17920
14365
17085
16289
15799
13548
10241
13292
12914
15769
13882
10486
10828
13038
13706
13070
12180
9480
12817
14409
12380
12935
13110
14300
13602
18993
9877
12263
11088
11313
8974
12173
9716
8614
11225
11577
9999
7844
9960
11353
11624
12419
14622
12223
11180
11892
9048
12251
8931
8612
9844
8375
11023
9955
10512
11585
14088
12738
9590
8
-683
-554
-276
-414
-498
-1450
-223
-491
-64
-869
98
-303
-476
-924
-546
-645
-1768
-76
-558
-631
-155
-1873
-607
-162
-1562
175
-678
-1944
-69
-318
-1315
-1038
45
-830
-633
-1078
-338
-63
-456
-872
-303
-2097
-453
-472
-711
-1140
-1686
-141
-1523
19
-1861
-1454
-335
-672
-274
-394
-887
-655
-766
82
-271
-546
-860
-395
-696
-169
-160
-394
-337
-802
-276
-828
-454
-1589
-304
-298
-200
-508
-570
-1808
-147
-243
59
-749
151
-105
-219
-681
-365
-481
-1990
151
-163
-132
195
-1701
-318
47
-1280
485
-352
-2128
44
-273
-1510
-723
282
-407
-358
-818
-198
147
-120
-579
-5
-1513
-76
-37
-189
-570
-1335
171
-1422
295
-1080
-727
128
-307
-209
-26
-300
115
-289
186
-204
-157
-524
30
-354
-41
41
-84
-171
-617
-270
-834
-406
-1476
-318
65
-36
-334
-570
-1410
-168
-361
59
-671
49
-382
-512
-720
-407
-533
-1433
-22
-357
-290
2
-1207
-418
-355
-860
237
-293
-1031
-98
-539
-1913
-1167
6
-607
-576
-983
-537
-174
-545
-823
-414
-2040
-566
-464
-598
-888
-1448
-310
-1902
-177
-1497
-1028
-335
-733
-507
-567
-897
-386
-455
147
-244
-519
-828
-389
-581
-170
-249
-471
-316
-688
-262
-800
-686
-2392
-557
-276
-69
-313
-375
-1780
-180
-276
177
-362
188
-49
-292
-595
-365
-423
-1601
11
-320
-268
49
-1248
-403
-235
-1548
378
-188
-618
211
-143
-1310
-894
183
11
-581
-392
-184
-446
-589
-1947
-185
-472
40
-888
142
-295
-463
-919
-526
-691
-2271
-84
-528
-543
-73
-2236
-661
-251
-1867
250
-616
-2071
-76
-408
-1819
-1220
97
-745
-614
-1165
-437
-3
-376
-913
-220
-2350
-373
-286
-489
-938
-1671
-18
-1945
134
-1905
-1388
-207
-653
-327
-341
-904
-503
-591
258
-151
-418
-817
-248
-577
-49
-54
-389
-192
-680
-108
-884
-441
-2161
-341
-165
28
-330
-438
-2203
-93
-223
252
-612
314
5
-133
-587
-256
-348
-2204
224
-127
-37
330
-1850
-259
121
-1768
690
-104
-1819
369
-23
-1793
-874
531
-165
2
-555
-33
455
142
-371
372
-1685
156
247
188
-118
-898
603
-1516
675
-1199
-508
583
58
140
268
-154
353
97
585
222
256
-133
469
88
390
589
359
295
-87
363
-186
236
-1094
-19
467
491
307
-59
-959
308
-150
668
-138
545
-40
-163
-285
138
19
-802
514
148
156
442
-631
-47
-108
-717
702
68
-578
376
10
-1142
-678
331
-328
-112
-465
16
175
-179
-489
12
-1416
-208
-142
-272
-509
-1029
55
-1384
119
-1362
-816
-5
-383
-137
-229
-624
-186
-277
340
21
-234
-514
-161
-386
33
15
-197
-111
-504
-14
-479
-357
-1809
-325
-67
134
-79
-85
-1257
-4
-117
320
-295
358
120
-11
-364
-198
-218
-1380
269
-72
-16
230
-1029
-194
124
-1144
549
-20
-778
431
143
-831
-526
430
246
4020
5608
6281
6293
5044
1302
5039
2303
6643
4645
5106
3235
3889
4719
6075
5897
1516
5631
6126
6046
6173
3075
4916
3609
316
6248
5229
1237
5484
5608
1535
2349
4604
4476
6145
5254
5480
5589
6232
4410
6987
2909
5575
6690
7419
7867
6780
7267
2710
6733
-313
1809
6608
5686
4810
6974
5136
5637
5813
5785
6213
7061
5705
6197
5233
5374
6048
4691
5753
5205
6400
4627
6385
2926
4049
5897
7146
7712
6303
6404
7031
5742
7917
5815
6615
4318
5288
6222
7114
7512
4812
7629
6928
7295
6792
2264
6149
6044
2971
7482
8419
4392
8895
9376
5971
5881
7892
7206
9664
7696
8356
9654
10254
8593
11487
4123
9591
10488
10275
11173
10402
11294
6998
12119
4472
6045
11661
9981
10090
12158
10003
10471
11597
11412
12519
13009
12884
13081
12640
12489
14283
12297
13768
13253
15201
12705
16225
12953
12196
13726
14761
15652
11941
10484
15590
13489
18165
15324
14317
10662
12597
14938
17541
17556
16827
18052
17436
17830
15506
14249
14279
10371
14720
16088
17627
14926
16651
18155
21455
20674
14944
16370
19400
18095
19694
15487
19074
16900
19568
22599
17279
16828
17566
19307
16995
16770
19185
15371
18683
16710
16305
13768
10065
14238
14731
17312
14203
10346
10196
13347
13513
14077
13109
9993
13510
15340
12760
12677
12635
12635
13866
19550
10756
14076
11974
11902
8928
12816
10035
9646
11465
10929
9592
6580
8412
10598
12115
13116
16879
12869
11633
12379
9541
11423
9226
8231
12121
8027
11082
9924
9493
9930
9974
11297
9510
137
1920
2935
3488
3551
2879
1052
3125
1535
3967
2188
3098
1707
2053
2373
3350
3208
240
3438
3384
3288
3674
924
2778
2309
121
3944
2871
-498
3306
3293
527
1133
2883
2206
3275
2478
3135
3359
3534
2307
3975
408
2994
3604
3922
3925
3111
4285
1808
4194
-437
471
3749
2963
2646
4049
2745
3212
3128
3548
3581
4022
3038
3744
2959
3259
3694
2711
3351
2639
3598
2214
3454
919
2299
3231
4005
4071
3126
2682
4251
3682
4834
3125
4067
2503
2939
3260
4046
4206
1749
4692
4014
4283
4121
154
3333
3642
934
4606
4654
889
5141
5285
2601
3331
4940
4391
5684
4102
4743
5896
6133
4912
6981
1725
5740
6296
5954
6216
5145
6908
3282
7624
2754
3709
7288
5903
5990
7376
5918
6460
6908
7137
7416
7745
7309
8026
7594
7649
8808
7543
8356
7669
9094
6963
9564
6851
7346
8645
9126
9331
6898
4865
9366
8055
11232
9153
8910
6429
7441
8664
10617
10601
9228
11210
10649
10952
9760
7783
8628
6272
8206
10044
10497
7931
9942
10388
10490
11226
9169
9829
11773
10780
11933
9527
11464
9915
11938
12691
10450
10228
10596
11493
9684
10362
10484
9607
10818
10059
10271
8374
6063
8685
8656
10881
8977
6892
6462
8228
7861
8744
8025
6244
8585
9720
8082
7697
7906
7379
8365
10158
6205
8734
7644
7586
5546
7214
6303
5759
7400
6726
6202
4151
4922
5994
7190
7778
9451
8138
7101
7657
6017
6415
5589
4895
6452
5286
6787
6176
6034
5972
4794
5764
5852
9
-275
-159
-54
-120
-189
-774
-142
-269
-21
-218
45
-81
-222
-393
-218
-233
-630
-35
-193
-205
-55
-486
-199
-109
-621
34
-260
-471
-59
-186
-689
-559
-35
-307
-183
-298
-88
-83
-224
-370
-120
-594
-161
-174
-294
-419
-582
-121
-676
-107
-788
-528
-189
-283
-126
-299
-520
-428
-360
-3
-145
-336
-454
-332
-367
-154
-169
-222
-220
-414
-209
-381
-339
-906
-273
-284
-159
-232
-120
-615
-175
-202
-93
-308
12
65
-14
-263
-266
-267
-834
-1
-99
-79
36
-634
-85
104
-521
203
-105
-651
96
-9
-469
-311
121
-207
-75
-115
117
137
15
-145
57
-424
71
76
85
-25
-253
223
-184
206
-239
-96
179
46
69
59
-25
-5
-162
-34
-89
19
-10
72
-101
-38
94
151
-4
-115
-92
-68
-37
-39
-119
-28
-107
-111
-221
147
-11
-237
-39
-306
-64
-251
-256
-224
-228
-347
-290
-152
-208
-233
-177
-44
-298
-346
7
-105
-334
-266
-299
-351
-179
-245
-283
-550
-617
-622
-399
-387
-513
-522
-620
-908
-641
-581
-631
-767
-900
-603
-800
-534
-704
-688
-656
-687
-464
-606
-592
-716
-789
-484
-592
-702
-663
-680
-717
-492
-691
-766
-594
-686
-582
-685
-811
-1239
-480
-586
-495
-641
-475
-940
-469
-264
-451
-621
-368
-297
-333
-467
-585
-619
-1230
-573
-590
-543
-382
-699
-506
-229
-732
-286
-466
-654
-325
-439
-704
-471
-187
16
-120
221
348
-48
-252
-1904
134
-128
560
-278
602
108
-1
-378
31
-108
-1603
517
-2
128
413
-1125
-228
97
-1402
736
35
-1078
526
190
-1288
-659
616
-34
209
-379
316
571
278
-238
506
-1447
200
273
39
-261
-1015
445
-1783
559
-1551
-740
444
-79
215
234
-353
226
95
869
365
135
-356
235
-116
372
411
116
230
-260
412
-332
0
-1843
-95
325
537
204
110
-1630
221
31
686
-165
803
358
269
-183
199
181
-1560
802
272
384
749
-1272
167
555
-1363
1092
331
-1192
865
456
-1552
-777
896
98
535
-24
704
1015
721
185
1084
-1189
786
853
640
403
-251
1156
-1073
1295
-1329
-408
1178
612
863
999
329
991
907
1524
1176
1030
576
1133
757
1146
1423
1103
1123
613
1295
583
1078
-693
611
1092
1309
1168
770
-322
1242
804
1715
743
1548
880
884
621
1120
1055
-235
1782
1250
1331
1514
-306
946
902
-189
1923
1225
-182
1610
1307
31
467
1406
563
1042
554
1351
1403
1236
714
1534
-27
1337
1325
1157
980
259
1592
23
1646
-132
392
1549
944
1048
1278
747
1357
1047
1444
1162
1164
918
1387
967
1139
1564
1504
1341
879
1401
837
1233
259
873
1348
1342
1128
696
-99
1225
846
1627
780
1453
816
938
782
1042
963
-163
1526
1041
1135
1192
-219
632
829
6
1406
941
-318
1210
982
100
610
1220
0
-679
-300
-104
-462
-526
-2514
-411
-917
-21
-1090
269
-170
-372
-1132
-741
-934
-2900
9
-605
-583
-80
-2266
-830
-210
-2492
351
-886
-2591
-62
-477
-2154
-1596
92
-1069
-751
-1246
-215
45
-594
-1314
-404
-2921
-393
-338
-645
-1181
-1964
-87
-2576
78
-2934
-1979
-256
-714
-192
-346
-1107
-672
-826
316
-165
-561
-1033
-498
-994
-258
-308
-582
-464
-1123
-399
-1249
-802
-2978
-700
-373
-167
-505
-492
-2088
-285
-497
-16
-1289
178
-253
-324
-964
-690
-875
-3105
4
-536
-430
68
-2513
-658
-38
-2259
590
-501
-2498
181
-280
-2143
-1331
375
-875
-629
-1291
-206
315
-103
-758
2
-2987
-211
-88
-190
-675
-1526
339
-2040
513
-2177
-1420
176
-432
-88
39
-568
36
-263
525
106
6
-343
284
-273
273
286
-193
-35
-535
132
-621
-203
-2169
-308
55
207
-94
-458
-1788
236
-72
594
-630
488
-208
-327
-601
-183
-407
-2221
245
-264
-195
280
-1625
-470
-152
-1804
725
-238
-1720
292
-103
-1388
-652
417
-412
-398
-1123
-367
167
-136
-593
84
-2138
-224
-157
-225
-606
-1394
243
-1864
334
-1746
-1078
97
-493
-252
-215
-696
-108
-391
357
-177
-302
-726
32
-325
160
103
-403
-298
-781
-85
-790
-477
-2286
-402
-103
55
-354
-470
-2370
-192
-286
310
-573
353
-134
-311
-649
-205
-235
-1817
212
-299
-318
249
-1809
-417
31
-1787
564
-333
-1790
249
-201
-1944
-1000
452
49
218
908
1186
965
474
-1045
1226
610
1763
501
1429
526
305
109
874
714
-1240
1437
856
892
1346
-1348
546
552
-1205
1743
839
-1036
1303
904
-1439
-565
1241
391
870
94
853
1206
966
230
1353
-1128
911
1053
903
575
-402
1532
-785
1669
-676
-69
1456
684
746
1083
79
793
779
1631
1181
1066
302
1182
681
1118
1380
876
1076
344
1137
37
705
-1601
376
920
1304
936
558
-1523
1136
718
1771
748
1737
1056
959
486
935
915
-1532
1694
1093
1262
1499
-1336
697
1257
-1470
1905
1157
-1372
1841
1511
-1223
-129
1991
1232
1990
1121
1765
2386
1959
1024
2534
-1086
2026
2279
1879
1664
637
2626
-993
3028
-694
631
2975
2129
2492
2769
1707
2193
2326
3153
2894
2754
2106
2908
2518
2894
3571
3083
3328
2585
3559
2097
3403
487
2357
3272
3663
3596
2672
705
3512
2656
4521
2981
3770
2561
2870
2875
3794
3682
1626
4521
4022
4177
4048
1606
3156
2436
1797
4401
3770
1801
3943
3692
1982
2810
3664
2915
4163
3610
4992
3992
4542
3512
4726
3227
3979
3987
4063
4120
2891
4313
2714
4081
2695
3087
4280
3226
2563
3539
2994
4190
3368
3104
2790
3325
2962
3538
2896
2555
3574
3825
3320
2865
3319
2750
3157
2360
2063
3193
3046
2987
2009
2270
2759
2260
3282
2282
2751
1697
1953
2043
2458
2498
1571
3206
2608
2936
2491
1749
1961
1968
1332
2591
2497
1266
2558
2302
1264
1738
2404
54
508
683
1046
970
821
-128
1071
492
1417
672
1179
712
839
835
1111
1007
-408
1224
1153
1148
1337
-107
889
817
-152
1557
1046
-275
1298
1273
166
344
1110
668
1082
725
1099
1307
1320
799
1476
-172
1023
1350
1360
1282
729
1564
224
1592
-291
110
1371
971
1079
1485
981
950
869
1318
1240
1374
1029
1282
932
1227
1409
998
1372
1043
1490
893
1279
169
978
1175
1526
1382
1127
439
1567
1415
1936
1155
1675
1135
1379
1458
1682
1712
324
1923
1705
1870
1853
136
1417
1577
353
2085
1941
249
2132
2111
800
1327
2075
1804
2296
1685
2023
2464
2636
2173
2936
869
2296
2594
2519
2638
2059
2868
1184
3095
1162
1674
3079
2462
2431
3072
2659
2872
2744
2797
2760
3078
2864
3140
2867
2915
3414
3016
3238
3013
3554
2922
3683
2911
2818
3420
3537
3583
2603
2246
3548
2993
4289
3398
3379
2268
2648
3251
3967
3963
3764
4204
3908
4030
3656
3286
3212
2280
3421
3777
3905
3378
3677
3736
3720
3936
3277
3390
4084
3718
4212
3386
4115
3719
4362
4706
3676
3643
3668
4031
3398
3644
3609
3425
3604
3454
3655
2938
2282
3167
3149
4000
3309
2706
2482
2988
2868
3104
2858
2396
3127
3428
2944
2762
3011
2860
3043
3585
2382
3222
2948
2878
2197
2567
2535
2370
3044
2764
2584
1835
2077
2442
2735
2978
3420
3163
2656
2874
2348
2393
2172
2054
2638
2224
2782
2713
2592
2576
2307
2520
2417
13
-342
108
290
45
-238
-1550
261
-65
582
-488
500
-162
-320
-589
-71
-234
-1918
315
-168
-145
364
-1620
-281
-15
-1643
679
-201
-1700
264
-132
-1861
-1070
371
-420
-269
-907
-179
212
-51
-511
161
-1952
-143
-83
-173
-519
-1147
373
-1446
508
-1564
-994
264
-264
-132
-8
-657
-111
-214
578
64
-130
-711
-9
-376
156
88
-386
-241
-734
-46
-750
-420
-2256
-398
-119
161
-136
-302
-1976
110
-82
505
-341
557
98
-169
-600
-173
-218
-1981
389
-148
-104
353
-1853
-245
287
-1851
742
-76
-1822
560
211
-1757
-904
745
43
366
-308
169
737
351
-228
772
-1570
450
515
274
-56
-813
895
-1491
1085
-1418
-562
930
375
645
685
-21
438
451
1195
844
675
123
822
496
947
1167
747
777
194
886
55
778
-1042
451
892
1090
917
543
-986
1025
481
1570
595
1379
749
656
405
920
805
-603
1472
1020
1010
1272
-683
636
614
-253
1562
812
-461
1210
943
-372
237
1239
602
1150
795
1554
1322
1225
544
1435
21
1153
1188
1085
824
-57
1402
-158
1348
-175
245
1228
636
610
853
381
969
643
1067
761
769
395
861
474
681
1059
1058
898
372
767
190
567
-671
305
772
807
600
349
-353
659
402
995
210
908
485
482
213
446
381
-762
1018
655
780
805
-638
271
450
-514
1010
514
-434
792
495
-567
-100
828
10
-500
-72
115
-176
-450
-2093
-27
-297
312
-714
279
-333
-566
-888
-314
-448
-2200
52
-425
-410
151
-1979
-491
-181
-2055
446
-449
-1893
55
-399
-2329
-1437
197
-552
-441
-1096
-465
18
-285
-734
-4
-2115
-290
-232
-343
-704
-1321
203
-1770
308
-1865
-1197
72
-439
-288
-236
-905
-249
-268
522
9
-255
-840
-125
-444
102
31
-451
-328
-816
-114
-819
-449
-2361
-471
-168
121
-146
-296
-2073
-5
-262
407
-405
470
79
-248
-723
-287
-312
-1931
332
-198
-174
295
-1871
-249
200
-1862
745
-87
-1656
571
210
-1691
-959
657
-81
264
-308
96
593
132
-443
567
-1513
365
380
207
-122
-851
791
-1361
880
-1399
-592
740
226
448
419
-243
225
206
875
585
467
-5
628
272
658
941
666
544
-17
546
-90
534
-929
185
610
721
582
260
-829
649
10
1070
173
964
389
291
43
440
285
-735
954
542
482
734
-825
150
168
-431
1017
273
-654
699
480
-411
-89
722
30
465
230
945
748
456
-131
580
-807
451
523
358
48
-687
652
-683
686
-747
-398
494
39
218
279
-162
200
-47
561
308
172
-103
198
-153
203
376
336
348
-176
212
-366
-71
-1413
-75
230
312
46
18
-872
188
126
463
-325
480
217
261
-98
49
-25
-1379
579
306
455
507
-951
-28
249
-925
761
214
-832
540
253
-728
-247
648
53
410
772
1162
953
647
-564
1569
897
2112
1151
1800
1054
1216
1144
1574
1302
-1076
1743
1507
1560
1879
-483
1083
923
-693
2254
1487
-627
1841
1641
-270
313
1645
848
1383
608
1329
1747
1701
914
1888
-714
1236
1535
1525
1312
294
1943
-576
2069
-271
453
2048
1394
1465
2045
1249
1514
1227
1858
1551
1823
1053
1956
1388
1612
2054
1469
1869
1349
2018
940
1554
-547
918
1330
1754
1371
914
-843
1577
1227
2259
1246
2130
1195
1476
1429
1938
1928
-525
2207
1805
1921
2190
-442
1385
1676
-522
2312
1756
-808
2143
1871
-856
319
2287
1722
2505
1529
2355
2902
3050
2273
3552
-39
2581
2971
2631
2591
1673
3292
-404
3727
-455
934
3714
2902
3077
3809
2864
3391
3432
4032
3733
3662
2875
3633
3364
3724
4352
3611
4196
3677
4825
3318
4611
1671
3356
4152
4746
4724
3552
1414
4666
4025
5862
4362
4789
3408
3770
4031
5244
5318
3165
5952
5440
5625
5482
2599
4720
3584
3069
5845
5474
3132
5369
5096
3112
4106
4752
4254
5598
4835
6145
5114
6319
5396
6859
6659
6019
5847
5974
6326
5014
6235
4988
5838
4851
5064
6280
5062
3768
5353
4821
6463
5422
4478
4173
5126
4595
5356
4701
3904
5393
5757
4827
4448
4866
4490
5159
5546
3528
4869
4481
4523
2992
3694
4146
3138
4860
4115
4022
2638
2936
3378
3798
3888
3979
4499
3691
3908
3340
2892
3056
2695
3570
3390
3902
3125
3656
3558
2875
3131
3217
13
-461
-26
198
-92
-302
-2065
126
-347
523
-539
539
-10
-309
-824
-306
-474
-2346
327
-253
-260
271
-2296
-432
-84
-2021
678
-330
-1940
284
-150
-2192
-1426
367
-603
-284
-860
-54
297
-144
-816
126
-2105
6
81
-171
-632
-1476
408
-1839
573
-1749
-1071
336
-217
55
84
-747
-205
-246
722
279
-10
-605
30
-428
178
229
-128
14
-655
19
-853
-376
-2429
-355
-1
254
-98
-203
-2028
172
-149
603
-376
707
306
171
-395
-143
-282
-2513
497
12
117
478
-2005
-247
308
-1944
916
26
-1824
681
303
-1704
-858
853
-55
361
-241
536
983
577
-162
841
-1957
587
753
567
208
-718
1064
-1687
1243
-1418
-463
1106
476
807
873
202
636
483
1221
905
825
428
1034
576
989
1294
973
1069
518
1143
316
899
-1096
477
1030
1202
1013
577
-655
1122
581
1663
518
1413
648
722
597
1034
837
-736
1447
1043
1101
1319
-271
572
504
-370
1610
835
-182
1195
890
-146
373
1174
446
903
492
1512
1240
1279
743
1373
-242
948
1031
1018
822
14
1287
-308
1231
-334
182
1143
501
534
737
358
974
522
954
553
574
332
772
373
622
852
739
694
307
823
388
444
-825
212
658
744
493
252
-541
535
453
929
98
845
344
353
124
369
366
-894
883
428
570
737
-407
216
588
-752
1002
416
-641
808
468
-592
-75
840
160
3303
3411
4437
4348
3361
1014
6111
3895
7624
6824
6099
4242
5477
6915
7828
7300
1980
5852
6677
6143
7191
1645
5974
4001
1960
7448
6830
899
6631
6757
2025
3545
5532
5353
6486
4769
3997
5783
6390
4824
7161
2556
5105
6151
7032
7348
5890
7418
2861
7436
2435
3952
8010
7201
5996
9074
7804
7527
6690
6381
6490
8416
5694
7976
7020
6522
8404
6674
7832
7434
8322
6102
8140
4986
5212
5725
6980
6680
5008
2767
6747
5556
8441
7316
7396
4652
5917
7569
9704
10171
7978
9062
8832
8551
8476
2416
7234
5804
4508
7775
8569
4345
8185
8325
2867
4478
7769
7831
10521
8515
9278
9950
11851
10246
13205
7712
10195
11394
10393
11151
9346
11388
4235
12472
4104
6493
12801
11370
10927
13858
11771
12489
13441
13484
13984
13830
12214
12308
12376
12898
14585
12457
14909
14427
16939
13407
17393
12531
13678
15007
16629
17083
13633
8420
16609
14990
20074
17622
16112
13220
14883
16594
19547
20056
16049
20842
20704
21378
19096
13814
18091
12980
15832
19520
21072
17101
19176
19560
18158
19149
16428
17481
21574
20533
23121
18122
23749
21261
25182
32003
23591
23022
23783
26097
22621
22493
22965
20418
23318
22038
22571
19560
13902
19780
19589
23788
20270
14642
14904
19104
18601
19024
17581
13402
18362
20869
17358
17216
16697
17211
18708
25584
13533
17958
15591
16308
11767
18265
14175
11255
15970
15920
13139
9482
11690
14599
14621
15062
19921
15109
13712
14428
11235
14846
11774
9187
17525
10454
15264
17663
12750
13397
15373
14248
10646
39
-103
86
340
253
136
-754
381
-104
505
-219
412
288
135
-255
-247
-460
-1876
223
136
262
229
-1074
-207
-37
-1206
530
9
-780
312
203
-615
-478
314
-322
-50
-242
321
442
234
-319
151
-1294
126
421
283
33
-643
401
-1115
506
-493
-168
383
51
360
248
-240
-445
-379
255
207
168
151
173
-146
203
131
-126
255
-76
185
-374
-234
-1504
-84
176
388
200
224
-634
392
300
644
16
601
447
670
514
281
124
-1833
328
380
624
661
-136
234
609
-921
922
560
-679
838
677
-475
138
976
560
815
444
821
1168
1077
730
1015
-1336
490
806
1032
1061
743
1167
-339
1232
-222
476
1335
950
1056
1222
1089
1117
819
930
818
1174
1098
1469
1204
1204
1438
1085
1215
1175
1462
1276
1263
138
602
999
1194
1321
856
1227
1270
992
1594
892
1150
359
492
998
1417
1372
1460
1348
1163
1163
1227
1881
915
539
1084
1299
1038
1401
1121
1110
1453
1286
986
823
1117
886
1427
931
1383
1445
1391
1167
530
528
640
737
586
818
928
661
337
428
616
330
314
339
349
547
281
409
150
194
189
314
292
447
357
78
47
13
425
612
238
271
246
170
315
229
263
162
339
642
512
363
491
382
240
146
290
522
245
671
420
438
558
453
506
934
388
627
321
-523
547
477
279
486
622
21
-302
50
292
18
-176
-1707
336
-158
692
-352
665
152
104
-308
-31
-304
-2523
350
0
69
463
-1634
-265
40
-1884
851
-84
-1766
448
117
-1548
-900
523
-413
-156
-762
78
487
180
-477
263
-2194
-7
182
81
-293
-1095
486
-1868
628
-1693
-915
479
-21
253
385
-267
60
-141
664
267
197
-310
330
-139
340
355
-124
166
-315
313
-500
-173
-2208
-261
74
366
45
-102
-1685
270
80
696
-285
734
175
196
-97
204
95
-2097
514
116
198
653
-1523
-40
445
-1727
965
160
-1666
712
341
-1673
-759
900
116
466
-249
485
1023
853
315
1127
-1733
561
749
660
422
-271
1187
-1342
1366
-1481
-489
1245
661
894
1123
531
1050
893
1494
1131
1082
588
1282
936
1326
1546
979
1182
776
1528
776
1294
-673
742
1152
1456
1329
803
-470
1435
1023
2041
974
1684
850
822
809
1480
1428
120
1930
1453
1454
1756
42
1124
934
87
2062
1333
106
1655
1382
299
826
1524
951
1427
911
1740
1525
1752
1282
2097
1185
1627
1563
1524
1404
593
1906
609
1780
330
723
1723
1070
865
1250
834
1577
1127
1363
971
1107
714
1280
927
1046
1446
1335
1046
611
1133
745
1067
410
708
1134
1107
884
500
-208
910
610
1343
663
1207
666
617
434
737
772
4
1338
823
861
997
-349
593
810
187
1216
803
-340
1064
792
-238
266
1049
-10
-893
-469
-224
-596
-841
-2881
-166
-533
248
-900
308
-358
-509
-979
-555
-860
-3698
-346
-810
-808
-25
-2613
-882
-345
-3171
378
-848
-2892
-120
-672
-2875
-1815
73
-944
-929
-1811
-994
-192
-616
-1196
-354
-3250
-659
-572
-632
-1106
-1810
-24
-2836
110
-2932
-1827
-79
-591
-311
-286
-1021
-424
-615
361
-281
-485
-1265
-229
-646
-16
-127
-836
-642
-1171
-319
-1150
-808
-3241
-871
-598
-247
-595
-683
-2803
-370
-636
138
-849
322
-289
-533
-968
-364
-426
-2402
41
-575
-700
135
-2640
-606
-62
-2439
524
-620
-2435
192
-291
-2556
-1619
405
-554
-203
-915
-239
304
-85
-670
362
-2310
-110
-87
-209
-669
-1467
517
-2035
572
-2556
-1536
289
-256
1
18
-661
-18
-169
698
227
-33
-684
105
-270
341
534
78
36
-515
254
-381
167
-1562
-143
66
291
76
-226
-1668
279
-281
716
-348
661
58
-247
-607
11
-115
-1397
655
115
-33
472
-1862
-236
-93
-1208
787
-309
-1521
246
-73
-1099
-690
291
-530
-240
-586
319
253
92
-489
404
-529
374
363
95
-378
-1391
508
-1155
502
-1251
-906
172
-349
-179
-120
-672
-199
-486
321
-61
-271
-670
-289
-685
-117
-52
-187
-228
-911
-387
-1034
-549
-1758
-297
-99
-99
-543
-514
-2035
-309
-468
36
-841
159
8
-71
-669
-663
-788
-2448
31
-341
-234
52
-2032
-478
-10
-1200
496
-176
-1542
239
-185
-1594
-870
363
7
-529
-59
140
-216
-429
-2412
25
-431
523
-584
622
-69
-275
-782
-150
-328
-2412
375
-285
-349
363
-2364
-444
-47
-2260
762
-431
-2356
292
-208
-2333
-1459
396
-662
-387
-1095
-217
216
-291
-972
70
-2443
-95
-98
-313
-808
-1609
333
-2036
471
-2407
-1558
174
-387
-131
-30
-854
-74
-265
737
152
-172
-921
-49
-515
105
198
-197
-152
-863
-64
-987
-463
-2668
-521
-210
47
-366
-473
-2462
-150
-419
287
-813
506
-20
-233
-870
-368
-441
-2483
402
-279
-266
286
-2810
-517
109
-2366
722
-357
-2455
402
-73
-2316
-1388
602
-490
-118
-825
56
638
141
-597
540
-2392
350
448
137
-353
-1354
820
-2111
1063
-2081
-1120
762
97
463
546
-278
358
274
1221
809
514
-6
647
178
800
1020
609
742
92
896
-130
679
-1462
418
896
1076
763
318
-1591
946
378
1527
227
1334
607
541
177
722
517
-1516
1379
870
929
1253
-1307
394
424
-1073
1670
669
-1070
1112
697
-877
-44
1117
218
600
53
1044
1089
919
193
1151
-651
1017
1074
1005
669
-398
1347
-812
1335
-592
6
1223
485
439
765
211
993
526
1037
588
638
215
811
289
600
868
711
630
74
633
-109
318
-1316
119
736
757
424
91
-1230
432
104
906
-132
815
216
210
-92
179
62
-1518
688
181
305
570
-1242
-102
241
-1283
907
265
-908
716
275
-1296
-566
771
29
-27
438
621
232
6
-1699
386
-8
879
-328
881
227
128
-327
156
-5
-1929
840
186
300
713
-1341
-67
364
-1483
1135
123
-1566
739
368
-1337
-630
822
-71
275
-373
684
856
596
-79
873
-1522
583
646
453
72
-850
975
-1442
1064
-1672
-863
774
79
341
514
-237
477
204
1097
521
322
-236
522
2
519
680
423
472
-185
594
-293
165
-1872
3
510
729
338
67
-1645
471
217
920
-295
982
312
213
-303
78
11
-2130
837
95
245
689
-1962
-63
628
-1764
1137
249
-1866
919
478
-1822
-829
1061
120
497
-297
594
1199
789
150
1232
-1921
917
1042
695
364
-453
1417
-1427
1775
-1531
-519
1516
757
1158
1360
488
1171
1132
2036
1563
1300
735
1489
1063
1612
1909
1441
1635
968
1920
773
1592
-857
1143
1753
2054
1783
1177
-862
1928
1465
2669
1313
2306
1406
1427
1116
1822
1746
-222
2637
1930
2102
2295
-297
1494
1456
-70
2832
2061
-38
2514
2125
172
1135
2393
1517
2209
1435
2353
2389
2289
1504
2676
586
2217
2171
2059
1880
801
2598
415
2595
576
1276
2639
1707
1559
2091
1496
2570
2023
2245
1782
2005
1555
2350
1767
1798
2526
2537
2133
1585
2216
1481
2093
927
1377
2305
2197
1986
1183
340
1890
1239
2489
1408
2132
1130
1183
1102
1649
1582
465
2284
1592
1702
1712
97
996
1097
192
1871
1369
79
1681
1332
-96
609
1674
9
-467
-163
-107
-320
-431
-1427
-72
-375
106
-651
177
-208
-288
-649
-172
-357
-1730
176
-80
-106
174
-2054
-453
-381
-1848
342
-428
-1777
-70
-380
-1737
-1126
77
-687
-553
-964
-326
11
-322
-877
-325
-2231
-357
-217
-306
-698
-1375
-3
-1672
130
-1198
-858
-51
-444
-303
-195
-737
-274
-336
219
-5
-128
-416
7
-377
-27
-61
-420
-145
-498
-113
-864
-423
-2060
-440
-136
-16
-301
-468
-1839
-208
-379
59
-646
111
-206
-277
-585
-274
-400
-2068
34
-121
2
207
-1148
-339
-145
-1886
449
-241
-1501
123
-195
-1592
-896
261
-287
-196
-682
-201
223
-5
-449
130
-1867
-46
109
143
-78
-628
403
-1669
450
-1418
-651
381
-26
93
112
-356
9
-34
424
173
126
-158
363
90
373
372
-57
127
-148
336
-265
107
-1695
-191
242
459
384
146
-998
284
-53
638
-112
504
14
-65
-144
245
170
-1007
425
200
179
555
-537
128
103
-1015
792
155
-613
500
247
-785
-386
448
-16
222
-54
422
373
295
34
472
-629
241
254
404
303
63
721
17
643
-542
-200
593
259
108
247
-156
254
92
396
150
169
-172
234
-8
212
258
-22
-82
-347
50
-119
-85
-1034
-307
-133
56
8
-57
-475
49
-92
244
-291
229
-52
-198
-399
-133
-101
-681
262
-47
-97
152
-768
-133
169
-916
422
-137
-1031
315
200
-395
-252
356
241
1757
2291
3542
3604
3049
1989
3505
2959
4472
2834
3252
1961
2309
3133
5378
5709
3049
5724
6277
6724
6209
4811
5108
3552
-416
6575
5270
607
5603
5750
2203
2831
4801
4283
5823
4173
4383
5347
6292
5110
6785
2247
3840
4679
5371
5654
4095
6020
1565
5664
1152
2877
5980
4892
4601
6096
4517
4826
5122
4795
5470
6967
6056
7484
6522
6300
6956
4394
5458
5146
6559
4541
7136
3794
4338
5457
6523
6817
4986
3620
6128
4726
7071
5155
5579
3582
4021
4868
5983
6425
3242
6629
6657
6904
6725
5429
6506
5896
4849
6936
6702
1031
6618
6855
3068
4290
6000
6258
7813
6349
6236
7235
7511
6208
8977
4028
7647
8430
7975
8697
8366
8939
5933
9889
2955
4102
9444
8273
8174
10308
8483
8640
9425
9770
10121
10505
8944
10513
10557
10477
12034
10452
11591
9913
11755
8274
12016
6002
9244
10716
12297
12963
10744
8175
13078
12596
15288
12809
12297
9817
11156
12320
14810
15467
12889
16134
15569
16006
14787
7628
13922
10658
11455
15501
16596
10384
15662
15751
12015
14153
13988
14006
17484
16263
17316
14866
17209
15494
18118
18418
16386
16047
16885
18625
17039
17714
21371
17343
22180
19351
19077
16309
11819
16866
16280
19963
17204
12794
13099
16744
16078
17543
16051
12269
17243
19207
16201
15820
15294
15231
16952
22078
11977
15488
13663
14235
9467
15613
13116
10686
14597
13793
11526
7747
8866
11652
13292
13608
18262
14376
13322
13959
10411
14235
9636
7305
12747
9008
11422
11435
9618
10399
12243
12522
9162
11
-414
-8
62
-265
-407
-1905
-83
-368
266
-598
359
-115
-234
-633
-177
-355
-1874
249
-211
-183
197
-1931
-496
-278
-1855
455
-361
-1497
95
-306
-1884
-1168
231
-578
-381
-862
-108
142
-197
-739
-77
-2089
-217
-141
-276
-654
-1375
90
-1875
180
-1626
-1006
2
-483
-278
-275
-848
-205
-312
405
-18
-279
-662
-162
-528
-60
-72
-372
-217
-640
-90
-772
-519
-2319
-532
-224
-36
-360
-441
-2048
-311
-472
38
-757
197
-125
-299
-766
-468
-546
-2244
57
-354
-247
97
-1652
-511
-65
-2191
448
-395
-1686
173
-211
-1809
-1162
279
-495
-293
-802
-168
266
-84
-544
191
-1936
32
117
-11
-305
-933
419
-1857
510
-1844
-920
382
-79
227
125
-467
-23
-50
634
314
124
-189
312
-14
422
483
97
186
-213
405
-212
178
-1541
-79
294
494
331
119
-1183
319
-94
706
-214
661
160
81
-189
118
5
-1353
543
149
153
552
-917
21
189
-1047
911
98
-1021
558
269
-809
-385
526
-196
67
-269
387
456
200
-198
402
-1040
279
290
289
61
-417
653
-532
651
-1021
-540
508
90
161
267
-157
284
1
495
179
143
-182
254
-89
234
352
155
85
-321
141
-235
-56
-1211
-184
34
166
-20
-119
-856
92
-65
338
-471
330
-48
-116
-384
-177
-233
-1212
261
-154
-152
155
-1304
-310
92
-1101
465
-166
-1248
293
62
-789
-410
395
175
2432
2214
3249
3274
2539
1589
3795
3026
4516
3090
3231
2326
2174
2577
4351
4780
2243
5406
5813
6050
5877
4664
5591
4516
3366
6422
5171
-1064
5219
5396
1783
2972
4712
4514
5897
4457
4272
5237
5940
4421
6861
3902
4737
5275
5395
5312
3147
6049
2065
5848
1399
2331
5623
4572
4286
6163
4986
5054
4844
4682
5074
6658
5069
7344
6512
5966
7582
6340
6533
5194
6012
3309
6935
3446
4568
5776
6516
6627
4588
3458
6661
5155
7444
5471
5800
3815
4194
4929
5771
5909
3393
6578
6324
6529
6363
2360
6174
4968
6700
6599
7372
2879
6555
6449
1490
3454
6024
5941
7700
6457
6647
7267
7460
5915
8399
3362
7301
8251
7529
7957
6775
8394
5651
9714
6015
5877
9428
7897
7453
9810
8044
8616
9350
9766
9946
10147
8567
9908
9922
9617
11753
11019
12511
10871
12086
8329
11512
5046
9070
10463
12023
12136
9719
5466
12530
12153
15070
13158
12160
10242
11433
12180
14205
14619
10645
15590
15354
16402
14402
8019
13209
9885
8984
15225
16623
11388
15600
15383
10459
13137
13972
13999
17612
16089
17087
15017
17408
15533
18114
17963
16005
15937
16537
18304
15902
16994
16602
16627
21303
20367
19570
16796
12800
17012
16273
19685
17258
12949
13254
16943
16354
17854
16384
12485
17475
19290
16669
16702
16312
15983
17409
20970
11755
16012
14393
15044
10298
14941
12924
9692
14940
14365
11988
8234
9670
12470
13508
13727
16753
14002
13400
14132
10901
16926
10368
7669
13096
9452
11722
12886
9912
10337
10856
10967
8967
108
1615
1703
2132
1828
1260
-293
2380
1651
2989
1754
2254
1584
1467
1402
2299
2344
32
3219
3145
3350
3412
1213
2984
2452
2098
3909
3150
-718
3136
2944
-143
1130
2900
2432
3301
2363
2693
3245
3423
2144
3977
1413
3020
3417
3336
3075
1183
3713
269
3698
652
1280
3456
2458
2281
3521
2636
3109
2790
3096
2960
3704
2534
4089
3388
3223
4417
4064
4206
3136
3657
1662
3704
577
2405
3446
3925
3710
2409
737
3839
2841
4577
3118
3712
2348
2555
2743
3271
3181
725
3862
3427
3710
3689
120
3087
2503
2167
4006
4305
1819
4065
3698
-319
1165
3710
3153
4366
3314
3893
4475
4443
3332
5015
728
4167
4840
4294
4432
3285
4981
1438
5851
2703
3421
5911
4718
4705
5846
4388
4999
5551
6240
6127
6021
5007
5872
5703
5798
7051
6393
7554
6635
7755
5291
6987
2117
5310
6382
7507
7404
5890
1985
7423
6859
9328
7861
7717
6361
7110
7296
8517
8694
5020
9461
9144
9865
8863
5006
7849
6137
4155
9577
9896
6340
9723
9423
5707
7392
8679
8228
10696
9503
10549
9391
10746
9341
11334
10070
9749
9732
10053
11019
9328
10449
8260
10085
10383
11079
11908
10151
8114
10439
9711
11851
10333
8146
8162
10271
9710
10846
9790
7749
10747
11561
10010
9938
10176
9835
10718
11876
6948
9666
8934
9423
6561
9095
8067
5811
9383
8483
7648
5027
5994
7556
8311
8426
9505
8710
8068
8367
6875
9505
6428
4957
7783
6219
7139
7211
6356
6505
6431
6304
5605
6
-668
-409
-118
-242
-314
-1452
-122
-407
145
-537
278
-142
-316
-696
-107
-186
-1633
269
-74
-136
305
-1370
-232
-26
-2063
555
-457
-1932
139
-128
-1464
-1100
168
-651
-395
-876
-220
69
-189
-652
24
-1644
-185
-199
-318
-674
-1165
181
-1436
221
-1879
-1230
24
-260
-4
-31
-680
-332
-350
312
65
-80
-511
68
-279
135
134
-346
-265
-704
-126
-745
-243
-1658
-375
-281
-80
-282
-349
-1514
-116
-365
69
-716
210
-101
-194
-628
-338
-399
-1956
163
-145
-167
239
-1606
-170
244
-1226
544
-299
-2228
173
-71
-1445
-821
345
-365
-188
-628
-42
363
65
-481
289
-1719
240
326
215
-140
-737
646
-1070
786
-1500
-1003
448
57
225
443
-41
220
49
622
372
319
-79
496
164
498
693
463
512
20
470
-270
413
-1041
234
540
651
516
137
-691
776
455
1031
91
798
210
192
89
554
400
-733
879
584
574
840
-1138
318
178
-405
1080
526
-692
685
418
-620
24
713
151
302
-91
542
599
576
188
647
-447
536
580
600
386
-244
898
72
975
433
381
885
368
124
540
205
773
425
643
328
436
126
569
233
367
535
420
414
97
400
-73
209
-689
148
505
491
228
-108
-1069
341
204
685
117
527
146
40
-95
180
117
-827
495
211
321
403
-582
-25
120
-873
598
268
-491
513
243
-821
-169
628
-10
-745
-617
-415
-554
-569
-1433
-307
-483
-158
-958
50
-335
-532
-1013
-504
-609
-1930
-36
-477
-594
-96
-2002
-684
-200
-2190
122
-1026
-2730
-365
-637
-1620
-1174
-141
-1021
-948
-1394
-639
-314
-701
-1105
-550
-2164
-576
-644
-868
-1337
-1813
-311
-1547
-152
-1916
-1539
-479
-753
-415
-497
-996
-638
-823
-68
-418
-655
-997
-459
-790
-308
-410
-729
-744
-1265
-737
-1340
-885
-1953
-625
-577
-577
-924
-909
-1998
-648
-646
-535
-1336
-307
-531
-695
-1207
-944
-1023
-2395
-358
-721
-699
-304
-2098
-788
-213
-1542
-53
-948
-2727
-512
-888
-2170
-1277
-142
-821
-902
-1319
-740
-270
-682
-1097
-528
-2394
-468
-413
-549
-983
-1631
-148
-1766
14
-1719
-1344
-340
-765
-569
-499
-805
-373
-652
-35
-443
-581
-920
-328
-652
-243
-247
-405
-447
-932
-551
-1205
-713
-2159
-557
-224
-242
-489
-713
-1664
-257
-457
-77
-917
-138
-563
-835
-1043
-666
-846
-1744
-300
-663
-655
-270
-1806
-790
-732
-1396
-32
-693
-1220
-464
-865
-1922
-1252
-330
-885
-982
-1292
-789
-590
-894
-1125
-814
-1884
-793
-761
-782
-1126
-1675
-483
-1484
-406
-968
-857
-586
-1005
-973
-1064
-1431
-972
-1039
-391
-836
-1071
-1399
-1008
-1224
-735
-991
-1262
-1130
-1512
-1133
-1565
-1567
-3095
-1156
-1040
-858
-1214
-1037
-2739
-1053
-999
-766
-1218
-563
-507
-859
-1399
-1309
-1375
-2800
-906
-1175
-1095
-708
-2054
-1156
-586
-2675
-350
-1064
-1877
-460
-847
-2359
-1703
-272
12
147
434
586
334
170
-898
414
169
744
0
739
311
181
-147
206
147
-885
745
223
298
497
-832
-79
343
-1060
716
28
-1021
509
302
-601
-238
563
65
259
-73
558
602
353
24
610
-511
543
524
267
63
-468
715
-520
861
-527
-115
767
314
523
578
79
511
307
922
526
381
49
419
59
450
533
485
366
-114
410
-79
226
-615
244
681
666
388
253
-646
460
240
766
-39
815
378
355
-20
187
115
-1162
768
248
358
564
-946
21
529
-761
769
140
-1218
567
272
-1091
-398
726
128
391
-12
659
872
544
93
771
-1177
644
720
443
209
-346
841
-834
1073
-930
-351
871
354
677
820
327
865
715
1290
933
751
438
865
525
868
1049
949
970
449
998
269
690
-783
552
1118
1227
1032
679
-198
1172
961
1560
651
1405
765
797
561
935
867
-470
1495
958
1130
1206
-547
603
816
-397
1479
1007
-177
1343
1038
-263
372
1346
734
1126
575
1317
1474
1362
892
1596
-391
1268
1328
1160
1014
296
1574
-317
1668
-137
476
1552
846
1023
1163
663
1276
1144
1551
1230
1173
1001
1461
1113
1311
1647
1472
1428
1080
1633
1013
1388
152
998
1590
1632
1486
942
24
1566
1161
2031
1286
1752
1056
1117
1052
1518
1460
351
1938
1487
1618
1586
485
1018
990
79
1755
1300
221
1527
1303
341
863
1459
-8
-522
-268
-218
-611
-719
-2193
-249
-397
30
-994
168
-269
-466
-1021
-564
-744
-2535
67
-468
-421
26
-2143
-694
-189
-2026
344
-743
-2551
-185
-616
-2202
-1267
118
-745
-693
-1279
-404
-25
-425
-983
-263
-2363
-336
-319
-556
-1049
-1873
-68
-2130
104
-1859
-1295
-169
-709
-427
-394
-938
-259
-540
282
-294
-534
-1016
-259
-675
-176
-186
-413
-392
-1016
-408
-1260
-810
-2729
-649
-242
-163
-592
-718
-2473
-446
-538
-101
-1082
57
-345
-592
-1144
-822
-919
-2752
-165
-735
-623
-138
-2323
-782
-189
-2170
240
-655
-2165
-91
-631
-2730
-1648
168
-650
-519
-1092
-393
112
-358
-838
-60
-2587
-212
-140
-302
-695
-1434
257
-2154
421
-1931
-1089
218
-389
-119
-178
-790
-101
-193
600
100
-164
-621
92
-273
211
327
54
52
-473
158
-558
-184
-2226
-352
150
327
110
-189
-1626
217
-216
637
-303
582
35
-238
-606
-144
-287
-1658
431
-96
-73
340
-1389
-314
-172
-1638
730
-202
-1136
321
-104
-1528
-967
303
-542
-282
-678
13
143
-282
-682
-30
-1536
-128
-165
-291
-632
-1277
199
-1403
251
-1267
-670
180
-323
-88
-254
-830
-302
-442
298
-113
-319
-684
-152
-521
-64
10
-187
-261
-781
-227
-724
-553
-2130
-574
-291
-132
-421
-405
-1802
-324
-574
13
-769
165
-63
-226
-784
-663
-755
-2332
-89
-512
-471
-100
-1654
-648
-43
-1841
256
-624
-1909
26
-324
-1695
-1162
193
47
70
436
796
527
300
-1217
736
192
1211
29
1123
444
438
90
576
418
-1455
1144
574
641
1074
-1274
384
597
-1055
1603
740
-1079
1318
1044
-677
-236
1176
168
648
-38
925
1209
1021
271
1294
-1146
911
1022
926
583
-386
1462
-834
1543
-1184
-491
1283
616
758
1173
367
913
630
1389
998
1005
404
1129
527
954
1261
883
1026
462
1186
310
903
-776
534
937
1174
824
355
-1191
1088
620
1562
353
1465
616
685
392
829
685
-1505
1304
708
787
1164
-1544
345
816
-1244
1487
711
-1582
1257
966
-1047
-146
1383
580
952
75
892
1551
1310
583
1710
-1311
1298
1524
1126
836
-64
1725
-1218
2152
-1159
-224
1926
1219
1550
2033
1195
1769
1689
2500
2076
1885
1219
1951
1576
2083
2374
1782
2228
1572
2571
1164
2188
-325
1766
2405
2760
2411
1766
-741
2523
2225
3454
2104
2983
1996
2228
2046
2864
2883
429
3530
2933
3147
3285
-50
2417
2220
432
3712
3151
515
3450
3000
410
1808
3307
2600
3487
2562
3430
3505
3737
2845
4239
1978
3554
3572
3590
3614
2406
4060
1602
3965
1808
2586
4196
3080
2493
3561
2989
4504
3796
3472
3071
3627
3083
4000
3369
3025
4167
4195
3651
3249
3829
3089
3915
3062
2532
3829
3623
3603
2213
2003
3263
2208
4033
2955
3281
1808
1927
2313
3163
3134
2783
3720
2982
3048
2832
1622
2135
1599
1596
2884
2684
1963
2698
2436
1396
1811
2361
38
358
498
712
453
259
-996
742
403
1127
473
864
470
412
400
815
741
-554
1010
867
914
1124
-689
640
514
-341
1353
952
-391
1102
964
-617
38
1046
831
1104
640
722
1142
1082
504
1335
-283
900
1175
1207
1069
257
1410
-305
1408
49
400
1294
769
701
1146
632
960
933
1271
1110
1289
760
1358
1024
1178
1524
1153
1412
1021
1387
552
1209
-379
737
1109
1429
1211
840
-538
1140
759
1626
957
1406
899
913
894
1236
1253
3
1533
1307
1440
1478
-176
993
962
-263
1663
1452
318
1664
1524
-281
325
1568
1311
1875
1420
1587
1931
1843
1311
2190
158
1680
2000
1838
1884
1296
2179
134
2389
445
1159
2447
1918
2011
2344
1690
1947
2163
2503
2474
2488
2135
2412
2225
2397
2863
2478
2868
2527
3107
2236
2972
1224
2143
2716
3123
3145
2526
1280
2910
2395
3665
2813
3020
2314
2604
2742
3242
3291
2068
3690
3520
3724
3424
2223
2947
2330
1814
3695
3551
2340
3613
3541
2491
2848
3158
2868
3837
3535
4079
3498
3956
3405
4213
3708
3645
3707
3813
4152
3545
3954
3332
3762
3308
3555
4198
3510
2918
3776
3468
4232
3639
2998
3040
3755
3644
3921
3449
2885
3877
4090
3600
3432
3631
3467
3815
4099
2552
3520
3320
3501
2550
3697
3123
2418
3540
2940
2874
1884
2297
2826
3035
3089
3368
3322
2996
3163
2612
3175
2387
2018
2901
2545
2859
2608
2668
2761
2969
2813
2351
24
-248
130
222
-7
-24
-1594
-163
-452
251
-102
284
164
-74
-335
-70
-90
-1280
229
130
163
435
-534
70
41
-1149
545
-109
-815
138
-257
-2127
-1385
138
-281
63
-31
119
184
-163
-490
46
-1171
-112
21
-27
-150
-430
177
-1106
147
-1174
-474
210
-3
161
-3
-463
-119
-14
449
287
92
-273
64
-83
164
314
187
227
-162
133
-254
-216
-1949
-513
-327
84
83
211
-322
-74
-233
81
-405
199
191
9
-349
-450
-408
-1202
143
-102
10
129
-662
-59
288
-909
516
92
-332
527
364
-534
-642
366
-368
100
37
525
606
367
130
493
-890
342
471
401
303
34
780
-173
876
-423
48
821
586
950
694
243
33
147
623
732
707
804
760
510
774
960
769
843
627
902
834
883
349
540
537
723
804
603
803
1071
617
1225
583
949
635
798
859
705
472
-209
837
830
836
829
1029
515
458
729
1061
556
87
690
806
1601
1331
617
272
375
407
1027
592
738
600
539
683
450
483
545
503
252
542
988
550
870
608
582
417
413
611
746
524
-144
-38
-209
157
137
260
-8
31
41
69
-7
-229
-154
-141
-378
-332
-117
-160
-227
-489
-312
-147
-241
186
-205
-614
-144
-260
-50
-62
-275
-270
-876
-276
-413
-301
-143
-432
-329
273
-45
-148
-253
-944
-145
-305
-815
-187
233
34
36
441
699
507
398
-1044
423
-29
887
268
814
472
317
90
326
277
-994
699
353
399
733
-551
311
428
-746
1044
472
-273
866
600
-957
-585
694
163
616
376
772
817
586
151
890
-530
636
733
683
562
82
1013
-414
977
-829
-165
913
516
682
711
133
464
444
1003
793
706
299
697
376
677
975
841
839
406
837
439
599
-710
192
407
734
635
527
-111
673
310
950
227
960
595
580
310
359
309
-732
860
436
501
670
-702
229
637
-595
999
508
-462
996
914
13
62
929
233
703
394
1006
1195
970
555
1171
-597
912
1082
789
638
148
1223
-212
1488
-377
136
1349
959
1413
1464
932
938
918
1525
1446
1355
1222
1364
1069
1424
1696
1461
1707
1299
1843
1239
1676
633
1363
1553
1772
1598
1265
366
1788
1536
2257
1295
1928
1384
1686
1622
1763
1662
233
2164
1899
2074
2007
776
1465
1503
977
2289
1892
430
2065
1993
1443
1930
2039
1631
2085
1693
2463
2250
2541
2071
2597
1607
2162
2249
2243
2278
1565
2387
1469
2371
1584
1780
2489
1862
1637
2338
2278
2859
2079
1850
1595
2136
1995
2400
1942
1733
2312
2404
2127
1882
2143
1831
2091
1967
1542
2203
1986
1852
1170
1481
1798
1572
2172
1425
1724
874
1111
1464
1751
1749
1521
1965
1544
1698
1578
1231
1198
1093
1429
1575
1597
1169
1485
1284
718
1241
1443
13
-506
-51
99
-91
-71
-1131
-16
-414
243
-771
456
31
-25
-613
-364
-535
-2274
288
-219
-230
264
-1750
-308
73
-1381
595
-485
-1937
77
-381
-1939
-1425
136
-1141
-746
-1054
190
173
-182
-700
-143
-2217
-164
-148
-364
-798
-1352
100
-1300
259
-1873
-1365
-40
-451
-47
-34
-593
-16
-350
434
60
-199
-487
-49
-530
-58
29
-99
-64
-647
-136
-655
-597
-2194
-551
-445
-274
-576
-655
-1365
-103
-99
35
-975
175
-185
-265
-757
-722
-904
-2659
-83
-625
-471
-121
-1945
-717
-19
-1767
356
-483
-1966
63
-285
-1244
-716
233
-727
-761
-1374
-367
153
-61
-407
79
-2051
-19
36
-154
-546
-1303
345
-1680
585
-1338
-763
336
-238
147
115
-298
-10
-351
395
-74
-157
-350
242
-160
280
306
9
62
-353
242
-314
-86
-1262
7
252
242
-157
-460
-1834
207
-9
647
-258
589
-35
-59
-208
78
-118
-1537
306
-164
-151
351
-982
-301
-34
-883
603
-204
-1326
123
-262
-1313
-416
343
-138
-213
-693
-59
101
-99
-329
91
-1177
-120
-152
-221
-490
-1030
150
-1203
249
-1121
-635
181
-319
-286
-134
-328
272
-257
328
-395
-493
-1071
-377
-635
-198
-211
-343
-457
-890
-325
-742
-748
-2164
-558
-304
-198
-593
-565
-2032
-530
-406
-117
-806
31
-300
-596
-987
-559
-494
-1371
13
-631
-617
-114
-1933
-589
-111
-1516
169
-485
-1202
30
-477
-2279
-1484
178
4
-578
-275
-145
-562
-810
-2669
-242
-487
76
-1038
143
-405
-593
-1106
-543
-758
-2623
-13
-604
-511
-19
-2464
-724
-311
-2426
481
-407
-2212
207
-188
-1970
-1101
375
-487
-460
-1305
-622
80
-357
-1061
-124
-2740
-287
-241
-329
-823
-1734
193
-2459
292
-2169
-1399
4
-587
-448
-315
-1023
-314
-444
372
-180
-380
-964
-101
-550
-46
-59
-474
-341
-816
-109
-1062
-419
-2426
-458
42
193
-189
-511
-2780
-165
-600
292
-732
361
-278
-512
-949
-385
-527
-2538
-13
-562
-591
24
-2554
-755
-269
-2663
333
-635
-2316
62
-377
-2619
-1573
326
-416
-201
-882
-385
223
-314
-956
57
-2665
-173
-80
-247
-651
-1346
335
-2316
495
-2393
-1387
306
-210
13
108
-677
73
122
932
510
204
-491
280
-77
495
546
-16
177
-375
414
-583
130
-2345
-149
355
673
474
245
-1767
444
27
949
-77
908
368
166
-294
407
362
-1442
1028
560
557
967
-1746
251
336
-1820
1352
389
-1320
1016
591
-1440
-704
977
22
565
39
673
953
585
-106
929
-1130
683
697
655
332
-504
1137
-805
1074
-930
-240
988
399
455
641
-24
871
700
1056
867
908
590
1188
688
865
1303
1070
894
405
889
266
888
-451
291
840
885
769
297
-472
697
25
1051
69
878
288
228
-7
285
138
-1115
795
451
434
614
-893
-6
178
-1059
875
90
-1131
540
312
-507
-206
551
31
149
615
889
518
222
-1811
662
59
1260
139
1150
483
318
-79
509
366
-1512
1139
521
605
949
-1440
90
479
-1684
1406
485
-1396
1196
984
-854
-205
1248
586
1038
386
1009
1331
927
38
1302
-1259
996
1131
1021
674
-387
1569
-1144
1621
-1138
-271
1449
719
836
1153
244
815
679
1477
1089
1082
399
1178
579
1027
1340
994
1048
391
1117
60
918
-1076
484
1226
1424
1149
717
-897
1117
457
1644
353
1542
652
695
384
962
821
-1352
1484
943
993
1297
-1482
348
721
-1482
1479
563
-1541
1166
854
-1422
-502
1333
488
1100
431
1334
1687
1353
494
1650
-1755
1190
1494
1163
866
2
1707
-1148
2059
-1328
-386
1761
1029
1443
1804
834
1493
1600
2466
2175
1888
1357
1915
1504
2046
2305
1677
2234
1537
2514
1052
2035
-997
1514
2227
2734
2519
1950
-223
2557
2322
3353
1887
2888
2028
2233
1906
2642
2680
-127
3496
3002
3359
3291
146
2404
2381
-162
3793
3126
278
3570
3177
761
1926
3379
2552
3507
2565
3546
3722
3923
2988
4374
1531
3635
3751
3834
3875
2645
4353
1656
4232
1816
2693
4371
3172
2808
3639
2966
4207
3661
3399
3179
3820
3620
4488
3805
3394
4573
4504
4014
3650
4246
3490
4401
3563
2828
4235
4027
4133
2577
2799
3799
2594
4517
3255
3586
1945
2220
2779
3554
3467
2980
3972
3375
3461
3187
2666
2486
1918
2118
3234
2937
1829
2918
2764
2136
2550
2625
6
-692
-400
-222
-501
-652
-2276
-355
-553
-38
-849
42
-338
-634
-1070
-608
-725
-2241
-147
-603
-576
-67
-1810
-571
-271
-2109
325
-550
-1822
-11
-441
-2144
-1422
61
-725
-618
-1196
-678
-200
-599
-1037
-327
-2130
-473
-481
-614
-990
-1545
-123
-2010
-62
-2055
-1331
-233
-608
-390
-512
-1115
-586
-609
151
-285
-575
-1062
-413
-686
-218
-261
-578
-561
-1030
-441
-1021
-735
-2312
-699
-468
-262
-511
-538
-2071
-435
-700
-134
-836
57
-220
-485
-990
-765
-829
-2248
-268
-732
-773
-253
-2120
-742
-180
-1930
107
-729
-1974
-82
-420
-1929
-1354
79
-676
-457
-818
-367
21
-508
-950
-215
-2073
-257
-230
-391
-746
-1267
122
-1547
247
-1764
-1105
75
-268
14
-73
-587
-238
-331
356
91
-93
-495
-2
-330
108
249
34
-35
-514
-58
-543
-153
-1460
-293
-66
39
-106
-229
-1032
79
-348
318
-505
311
-86
-211
-481
-187
-377
-1328
204
-119
-203
132
-1389
-441
-344
-1078
374
-458
-1213
-60
-296
-940
-665
21
-738
-560
-737
-34
-66
-331
-726
-326
-1335
-361
-327
-417
-783
-1413
-181
-1061
-141
-947
-803
-319
-644
-446
-447
-740
-378
-680
-153
-413
-494
-673
-402
-755
-386
-410
-545
-487
-905
-607
-1014
-900
-1943
-672
-598
-538
-893
-790
-1805
-697
-645
-524
-1207
-370
-438
-517
-946
-1021
-1139
-2691
-672
-876
-782
-484
-1894
-982
-339
-1989
-242
-920
-2008
-480
-806
-1868
-1237
-206
7
-571
-256
-134
-390
-539
-1937
-275
-458
13
-749
125
-225
-560
-1049
-583
-659
-1878
40
-502
-492
-34
-1899
-502
-211
-1807
345
-489
-1689
18
-416
-1997
-1341
70
-763
-618
-1103
-530
-160
-607
-1042
-310
-1856
-274
-355
-571
-963
-1547
-71
-1713
17
-1689
-1126
-173
-565
-342
-473
-1075
-464
-501
219
-175
-490
-898
-313
-605
-201
-142
-298
-390
-919
-417
-1006
-669
-2040
-606
-375
-277
-568
-616
-2020
-458
-735
-200
-867
26
-203
-433
-988
-847
-955
-2290
-285
-739
-738
-334
-2097
-845
-305
-1879
8
-787
-1958
-213
-557
-1883
-1320
-40
-812
-679
-983
-480
-123
-730
-1168
-512
-2336
-375
-337
-548
-922
-1458
-104
-1815
85
-1723
-1107
-79
-424
-88
-235
-724
-442
-541
214
-83
-326
-667
-239
-563
-100
-25
-178
-171
-646
-216
-793
-455
-1966
-445
-200
-103
-323
-351
-1440
-162
-459
86
-734
156
-170
-243
-575
-340
-535
-1735
28
-269
-272
43
-1487
-550
-390
-1448
300
-503
-1311
-114
-420
-1343
-900
3
-792
-632
-865
-128
-92
-372
-745
-424
-1774
-519
-452
-471
-813
-1389
-234
-1352
-186
-1150
-836
-292
-636
-477
-484
-783
-389
-679
-163
-480
-546
-744
-479
-845
-441
-561
-776
-673
-989
-644
-982
-1018
-2198
-828
-701
-592
-883
-806
-1745
-729
-700
-557
-1242
-416
-547
-672
-1056
-1044
-1161
-2677
-743
-966
-886
-532
-1712
-1028
-415
-2241
-286
-1051
-2022
-551
-897
-1966
-1417
-332
14
-281
161
326
34
-108
-1714
149
-311
528
-443
617
158
31
-527
-158
-335
-2063
478
-61
18
356
-1525
-307
143
-1680
757
-160
-1786
499
188
-1348
-787
602
-284
64
-433
359
573
49
-660
211
-2164
111
168
-5
-399
-1133
478
-1582
607
-1693
-977
408
-88
206
255
-417
86
-120
683
292
132
-333
288
-198
243
382
202
207
-376
192
-594
-127
-1951
-254
232
373
112
-71
-1229
264
-53
560
-538
615
12
-9
-411
-38
-214
-2084
442
-47
8
375
-1823
-401
86
-1870
610
-318
-1961
261
-99
-1726
-975
491
-412
-125
-703
262
585
280
-294
397
-2344
80
231
40
-333
-1045
541
-1632
778
-1644
-958
509
-56
306
418
-242
324
216
991
620
400
25
599
193
689
709
217
504
-1
719
-196
276
-1838
145
553
814
534
239
-1309
755
637
1197
139
1089
500
462
104
612
548
-1589
1159
740
907
1183
-995
450
742
-1431
1501
617
-1433
1090
668
-1123
-146
1170
447
738
24
751
1190
1040
525
1366
-892
977
1031
985
771
-33
1487
-709
1529
-602
161
1456
737
819
1045
526
1276
977
1349
950
1070
722
1534
1125
1265
1663
1359
1207
775
1383
684
1253
-232
696
1335
1391
1234
624
-347
1191
670
1684
710
1381
562
491
452
970
918
-129
1422
915
923
1196
-179
630
669
-189
1410
749
-487
1054
720
-592
98
1044
8
-575
-265
-121
-409
-497
-2207
-273
-686
28
-824
188
-96
-349
-986
-675
-873
-2454
-41
-545
-502
-119
-2175
-689
-281
-2134
345
-530
-1918
106
-230
-1779
-1230
200
-725
-487
-955
-326
47
-562
-1263
-416
-2599
-350
-295
-485
-951
-1672
-62
-2148
50
-1994
-1311
-169
-559
-239
-350
-1018
-605
-667
176
-159
-431
-818
-297
-708
-248
-188
-344
-268
-793
-314
-1076
-670
-2399
-627
-282
-135
-436
-480
-1934
-343
-637
-95
-1013
97
-258
-314
-813
-651
-841
-2734
-266
-628
-574
-191
-2222
-885
-291
-2394
94
-785
-2207
-162
-509
-2059
-1366
114
-767
-567
-1020
-280
155
-294
-831
-243
-2922
-431
-249
-340
-712
-1311
73
-2099
255
-2021
-1228
81
-328
37
29
-504
-110
-224
467
202
48
-252
220
-180
290
267
-211
54
-297
264
-434
-81
-2025
-265
54
276
100
-98
-1229
232
-9
534
-448
446
-60
-113
-320
101
-54
-1603
400
135
186
524
-891
-113
-20
-1493
798
-91
-1231
324
-2
-1020
-499
371
-368
-226
-684
28
240
146
-198
241
-1283
-103
-64
18
-237
-819
311
-1008
247
-1113
-631
134
-307
-198
-133
-445
129
-180
184
-149
-75
-285
257
-91
167
171
-234
-230
-530
-61
-433
-291
-1492
-418
-205
-77
-300
-431
-1359
-249
-359
9
-717
22
-323
-482
-728
-531
-561
-1780
-220
-550
-563
-98
-1328
-520
-10
-1542
152
-595
-1804
-110
-424
-1519
-949
33
34
277
350
627
399
309
-978
516
42
895
279
740
466
398
247
564
501
-700
876
730
763
931
-747
470
476
-614
1206
717
-583
1008
933
-482
-109
902
554
929
613
790
1101
981
359
1192
-282
883
1159
1138
975
177
1352
-461
1357
-300
179
1286
867
890
1291
719
831
800
1187
1154
1335
886
1244
817
1064
1351
1026
1289
926
1273
537
1213
-60
785
1183
1440
1313
944
21
1304
762
1669
855
1393
840
993
1013
1188
1076
-382
1355
1211
1320
1355
-175
854
852
-66
1519
1272
150
1451
1378
16
430
1358
984
1459
1049
1424
1734
1729
1162
1883
-194
1425
1800
1690
1683
1100
1864
24
2067
104
673
1982
1512
1686
2112
1581
1734
1823
2146
2141
2209
1963
2158
1918
2118
2413
1950
2499
2187
2715
1860
2445
728
1869
2344
2762
2730
2199
1074
2723
2464
3398
2547
2784
2080
2468
2670
3061
3094
1504
3262
3128
3353
3152
1608
2615
2221
1271
3408
3344
1953
3428
3336
2247
2772
3079
2868
3636
3121
3569
3405
3910
3435
4187
3072
3444
3568
3770
4118
3490
3945
2978
3760
3035
3384
4127
3349
2794
3678
3465
4274
3680
2999
2972
3751
3686
4134
3703
3099
4124
4170
3746
3724
3981
3825
4196
4549
2798
3767
3557
3729
2557
3518
3347
2549
3900
3315
3109
1878
2255
3017
3531
3611
4178
3634
3278
3330
2888
3457
2574
1979
2984
2733
2965
2810
2740
2837
3094
3026
2407
11
-395
45
167
-207
-291
-2049
-77
-479
291
-784
395
0
-58
-636
-453
-706
-2845
105
-350
-194
154
-1719
-579
-41
-2203
607
-360
-2034
291
-66
-1697
-996
430
-476
-271
-815
-12
398
-144
-835
-58
-2819
-163
-10
-72
-452
-1162
330
-2031
445
-2022
-1157
263
-264
64
105
-530
-32
-271
527
103
-9
-431
242
-275
171
222
-89
50
-447
144
-644
-308
-2454
-480
29
252
-17
-199
-1504
41
-218
367
-796
423
-239
-267
-591
-227
-382
-2251
141
-390
-321
165
-1820
-600
-27
-2256
481
-452
-1925
224
-143
-1858
-1133
435
-462
-218
-882
-36
456
120
-340
289
-2720
-205
-53
-150
-477
-1020
451
-1750
660
-2063
-1198
402
-143
253
295
-375
181
134
938
542
311
-99
532
149
719
656
-29
281
-132
703
-63
309
-1803
82
383
729
515
233
-1336
709
537
1176
109
1042
419
288
-25
620
599
-1235
1178
698
757
1148
-880
448
720
-1364
1507
493
-1498
1078
741
-765
3
1126
424
723
44
695
1046
901
412
1302
-462
891
847
775
526
-230
1343
-407
1333
-686
-55
1215
572
636
872
363
1100
759
1146
748
889
460
1280
847
1056
1394
1049
784
260
886
268
905
-218
497
1001
990
786
342
-554
815
369
1232
301
1064
376
268
91
596
582
-369
1176
652
611
925
-777
405
591
-204
1135
420
-1143
769
441
-942
-201
853
21
-735
-334
-101
-433
-616
-2538
-234
-603
132
-981
179
-339
-397
-844
-495
-760
-3133
-220
-583
-497
62
-1946
-634
-222
-2576
522
-473
-2327
173
-245
-2235
-1345
342
-598
-429
-1191
-462
146
-287
-942
-189
-3278
-593
-446
-371
-778
-1432
132
-2430
197
-2563
-1565
16
-465
-267
-190
-833
-316
-513
270
-219
-329
-913
-32
-456
-3
0
-499
-312
-690
-7
-741
-433
-2622
-681
-300
31
-179
-433
-1924
-114
-409
235
-801
271
-406
-610
-908
-334
-414
-2173
-12
-508
-576
78
-2044
-603
-111
-2389
374
-657
-2279
63
-324
-2197
-1455
268
-592
-329
-1016
-368
180
-135
-562
188
-2298
-309
-253
-399
-764
-1319
297
-1811
458
-2240
-1383
244
-191
110
143
-537
8
-7
760
411
189
-380
343
21
588
572
-121
36
-446
357
-353
223
-1621
-26
170
460
292
37
-1457
496
152
914
-40
801
297
53
-295
306
265
-1220
917
496
431
883
-1171
323
426
-866
1242
254
-1499
755
439
-873
-254
782
43
373
-88
502
668
445
-118
808
-339
652
578
462
119
-727
903
-401
855
-625
-313
670
146
164
404
-19
648
264
648
330
446
10
725
312
488
875
773
462
-182
206
-388
249
-772
45
403
354
87
-184
-1008
216
-162
522
-327
467
37
-77
-368
-160
-266
-1328
371
-17
-54
253
-1712
-263
7
-762
489
-128
-1377
183
-155
-1434
-752
339
-2
-682
-342
-205
-431
-504
-1842
-390
-496
-131
-1020
-23
-448
-610
-969
-642
-748
-2076
-315
-814
-814
-233
-1610
-691
-157
-1901
137
-715
-2063
-98
-441
-1873
-1135
137
-589
-489
-1037
-551
-146
-620
-967
-449
-2625
-732
-777
-797
-1127
-1359
-238
-1398
-150
-2020
-1458
-394
-720
-530
-584
-1004
-398
-586
44
-439
-692
-1121
-432
-668
-294
-298
-510
-633
-1031
-488
-863
-749
-1957
-741
-573
-412
-605
-696
-1530
-520
-571
-364
-1141
-208
-589
-975
-1378
-966
-961
-1728
-367
-960
-1034
-553
-2181
-1055
-353
-2024
-286
-1188
-2325
-507
-784
-1838
-1317
-166
-826
-744
-1142
-681
-288
-717
-985
-431
-1901
-558
-634
-913
-1323
-1822
-275
-1544
-97
-1638
-1229
-340
-679
-336
-500
-966
-539
-565
114
-164
-404
-738
-244
-532
-33
-99
-465
-579
-1084
-577
-1086
-553
-1508
-420
-274
-315
-543
-632
-1559
-290
-586
-125
-818
-59
-287
-588
-994
-670
-818
-1624
-72
-393
-433
-134
-1305
-592
-455
-863
93
-792
-1731
-474
-754
-1416
-928
-271
-880
-879
-1012
-550
-492
-963
-1379
-880
-1582
-663
-707
-874
-1323
-1984
-697
-1427
-658
-1172
-1162
-931
-1257
-998
-1115
-1324
-885
-1147
-568
-926
-1049
-1314
-834
-1123
-795
-805
-797
-898
-1536
-1353
-1945
-1658
-3137
-1240
-1108
-1073
-1478
-1206
-2427
-1318
-1171
-1220
-1849
-903
-798
-1023
-1620
-1714
-1831
-3241
-1241
-1500
-1379
-1007
-2830
-1466
-805
-2474
-728
-1365
-2241
-919
-1365
-2949
-2155
-604
60
559
1006
1305
932
537
-1039
1119
557
1695
688
1405
705
794
698
1134
964
-1211
1432
1140
1324
1496
-630
673
690
-876
1740
1157
-259
1447
1183
-607
-21
1291
790
1193
588
1385
1650
1833
1122
2131
35
1619
1900
1932
1799
607
2172
-827
2113
-474
439
2091
1305
1270
1843
1071
1633
1474
1932
1646
1913
1309
2026
1430
1697
2056
1484
1771
1386
2038
1098
1766
-260
1004
1712
2036
1841
1204
-318
1874
1102
2534
1530
2211
1204
1412
1440
1988
1861
-313
2130
1738
1811
2142
-114
1395
1233
-462
2354
1789
26
2094
1808
-407
262
1762
1138
1706
937
1570
2018
1941
1278
2437
-309
1895
2165
1952
1908
1257
2394
-301
2639
-769
284
2467
1787
2029
2480
1540
1998
2144
2890
2540
2336
1687
2322
2088
2459
2928
2390
2948
2401
3410
2144
2892
232
2139
2675
3368
3160
2588
66
3082
2821
4080
2915
3644
2717
3102
2870
3577
3806
1219
4279
3677
3945
3955
378
3235
3310
620
4467
4181
1008
4682
4397
1566
2672
4318
3657
4922
3874
4594
4857
5122
4203
5842
2905
4916
5040
4964
5210
4133
5750
2735
5753
2406
3583
6062
4891
4360
5543
4733
5783
5254
4898
4761
5427
4987
5691
5026
4607
6154
6236
5649
5429
6161
5490
6687
6755
4639
6177
5877
6202
4165
4994
5858
4153
6744
5439
5395
3270
3791
4752
5943
5872
6240
6396
5731
5715
5052
4609
4380
2998
4922
4962
5036
4146
4627
4703
4753
4751
4015
-7
-662
-378
-305
-653
-764
-2266
-380
-705
-110
-1101
115
-309
-577
-1254
-807
-996
-2492
-65
-747
-777
-265
-2784
-916
-390
-2032
132
-872
-2405
-220
-634
-2214
-1514
24
-1027
-820
-1343
-389
-97
-613
-1305
-464
-2602
-414
-446
-774
-1371
-2293
-240
-2418
-70
-2193
-1633
-412
-904
-554
-592
-1238
-587
-786
143
-345
-699
-1141
-534
-1002
-443
-390
-478
-473
-1103
-569
-1388
-917
-2560
-707
-369
-364
-798
-929
-2550
-524
-770
-255
-1202
-32
-402
-572
-1201
-928
-1151
-3121
-332
-803
-717
-305
-2580
-1047
-537
-2440
38
-941
-2419
-391
-897
-2624
-1725
-125
-1103
-1048
-1589
-723
-220
-726
-1301
-591
-3039
-574
-468
-688
-1190
-2071
-280
-2930
-97
-2371
-1533
-317
-858
-454
-550
-1112
-523
-681
178
-290
-552
-930
-281
-711
-174
-185
-524
-338
-839
-248
-1127
-706
-3045
-711
-280
-116
-463
-620
-2519
-341
-635
45
-939
129
-313
-460
-910
-560
-757
-2699
-157
-561
-471
37
-1888
-632
-412
-2273
449
-485
-1627
25
-495
-2290
-1504
74
-867
-720
-1251
-518
-121
-527
-971
-368
-2580
-572
-504
-476
-848
-1500
-74
-2208
-75
-2117
-1274
-192
-691
-472
-573
-1091
-461
-640
62
-419
-581
-957
-317
-702
-245
-235
-574
-504
-869
-290
-772
-726
-2636
-860
-582
-315
-565
-642
-2126
-526
-799
-184
-1035
-69
-434
-663
-1093
-819
-907
-2515
-425
-854
-885
-291
-2017
-864
-334
-2554
119
-884
-2088
-165
-569
-2099
-1594
-100
153
1981
2049
3263
2839
2119
-885
3078
1380
4256
3065
3253
1989
2563
3322
3957
3743
-1149
3229
3775
3935
4274
1560
3180
2612
113
4506
4040
1385
4265
4681
2628
2438
3261
3900
4508
3483
3807
4734
6520
4868
7556
5130
6251
7238
8243
8539
6184
7838
1239
6890
-464
1726
6700
5536
4577
7025
5404
5064
5277
5181
5657
7495
5667
7102
5955
6211
6837
4100
5450
5108
6244
4164
6793
2869
4227
5209
6452
6834
5364
3104
7258
4900
8641
7241
7141
4594
6032
7609
9414
9240
5278
7708
7993
7416
8262
1167
7122
4550
3413
8076
8121
3885
7688
7927
3844
4470
5939
5752
7267
5897
5944
6780
7699
6113
8784
4436
7358
8329
8688
9270
8492
8962
6634
9194
3819
4035
8482
7278
6314
9167
7417
7867
8312
8498
8567
8936
7488
8227
8138
8071
9991
8884
10910
10319
11911
9183
11358
7703
8910
9335
11234
10993
9099
3788
10671
10585
13161
11400
11233
9239
10932
11402
13461
14557
9665
14218
13698
14429
13033
3469
11628
11023
4483
13540
14900
6459
15295
15454
9574
12225
14055
14636
17899
15289
15142
16195
18178
16090
20238
15026
17391
18156
18285
20026
17230
19709
12513
19477
13654
15968
21099
18127
15261
19727
18430
20693
19330
15843
16637
19569
19564
20124
18767
15968
21242
22606
20616
21533
22467
21556
25627
32129
18713
24440
22191
24071
16458
22966
21586
15401
24176
21932
18652
11676
14011
19243
22746
22667
28444
22295
21673
21367
17801
22402
16698
10043
22292
15958
18612
20329
15309
16328
20481
19234
12804
32
167
446
675
424
172
-1039
546
162
925
120
807
306
257
68
463
365
-1067
804
459
520
796
-926
229
383
-913
1050
439
-806
800
578
-739
-276
754
241
492
41
600
849
792
282
1058
-493
794
902
861
660
-113
1188
-673
1186
-695
-131
1066
546
575
897
336
794
637
1082
809
893
436
999
583
844
1086
779
834
448
935
291
784
-443
439
864
1009
815
431
-579
901
417
1289
511
1172
525
563
438
828
733
-641
1111
749
770
1042
-778
467
542
-664
1225
674
-696
979
731
-773
-205
908
348
645
148
623
1001
768
289
1081
-871
860
1026
804
636
86
1181
-672
1415
-779
-162
1235
753
982
1236
614
975
1002
1612
1339
1159
723
1166
934
1286
1527
1184
1511
1046
1708
778
1360
-468
1067
1460
1812
1597
1252
-482
1633
1440
2243
1374
2004
1418
1584
1365
1828
1895
131
2343
1952
2139
2171
-198
1596
1642
-31
2516
2179
262
2505
2234
371
1199
2362
1821
2516
1864
2394
2604
2645
2024
3024
1019
2514
2625
2586
2625
1812
3028
969
3039
1073
1802
3194
2410
2153
2783
2282
3018
2677
2601
2422
2779
2505
2976
2526
2395
3197
3167
2889
2676
3154
2642
3293
2832
2251
3205
3080
3178
2085
2145
2990
2045
3568
2691
2849
1661
1891
2334
2993
2924
2643
3283
2888
2908
2647
2056
2112
1466
1888
2667
2501
1864
2412
2331
1924
2116
2109
24
-13
112
297
74
-9
-890
289
29
531
-37
411
200
121
-33
121
5
-1134
387
237
332
455
-985
28
120
-794
681
329
-519
532
397
-789
-379
532
197
413
102
383
696
623
143
712
-753
419
658
654
483
-265
824
-852
839
-284
90
777
356
425
645
197
359
362
730
627
762
457
837
489
679
866
542
803
542
809
210
588
-637
307
624
848
683
399
-568
750
353
1096
546
949
525
599
577
739
632
-809
796
717
812
929
-206
449
474
-731
1038
653
-329
856
699
-659
-165
806
498
788
416
640
1031
911
526
1092
-785
678
968
898
866
427
1122
-770
1265
-611
136
1252
891
1137
1260
794
826
959
1402
1295
1283
981
1321
1171
1405
1611
1154
1593
1347
1859
1143
1550
-242
1056
1376
1821
1793
1498
272
1705
1484
2249
1587
1908
1409
1634
1662
2045
2129
769
2278
2152
2285
2293
951
1911
1670
613
2524
2270
941
2452
2290
943
1421
2174
1800
2503
2101
2496
2424
2686
2308
2950
1741
2291
2390
2510
2703
2234
2827
1787
2705
1483
1972
2931
2368
2054
2627
2339
2850
2480
2189
2140
2624
2471
2829
2475
2200
2959
2958
2652
2586
2892
2769
3091
3141
2000
2655
2608
2821
1919
2709
2647
1913
3006
2404
2367
1422
1628
2108
2540
2559
2755
2748
2475
2474
2215
2317
1976
1499
2222
2192
2181
1735
2060
2117
2241
2113
1753
8
-536
-178
17
-273
-422
-1949
-127
-462
256
-607
328
-94
-300
-738
-390
-571
-2332
65
-391
-334
81
-1688
-576
-175
-2218
443
-473
-1679
135
-228
-1806
-1214
236
-588
-352
-894
-170
201
-104
-675
99
-2006
-151
-93
-214
-592
-1365
214
-2261
223
-2198
-1235
86
-363
-46
-149
-799
-348
-399
370
2
-186
-609
-3
-392
75
88
-304
-206
-638
-31
-678
-356
-2038
-484
-144
66
-155
-288
-1629
-59
-452
265
-561
401
-69
-157
-550
-297
-427
-2225
50
-344
-376
138
-1717
-465
-8
-1791
406
-517
-1933
70
-275
-1782
-1226
178
-656
-421
-871
-179
211
-176
-652
82
-2198
-98
12
-149
-494
-1039
309
-1729
443
-2220
-1396
147
-260
158
110
-447
-129
-196
617
289
45
-346
211
-85
410
524
136
313
-161
470
-242
180
-1748
-26
139
449
261
103
-1229
464
238
813
-160
755
292
257
-54
345
266
-1222
808
414
433
806
-1318
239
387
-964
1188
421
-1065
847
550
-665
-128
827
20
325
-154
585
768
655
197
838
-707
563
584
571
304
-442
992
-361
988
-435
-94
840
291
286
533
173
713
308
666
326
443
201
686
266
474
792
701
552
220
636
254
563
-93
321
638
598
359
-71
-787
458
94
773
-77
605
56
-19
-151
101
-12
-996
483
104
120
363
-888
-146
122
-775
595
-2
-1140
314
36
-916
-329
432
1
-884
-578
-315
-567
-662
-2398
-448
-846
-80
-1012
103
-315
-619
-1211
-774
-943
-2890
-220
-740
-787
-172
-2133
-798
-266
-2662
259
-941
-2558
-150
-539
-2237
-1648
-1
-1028
-757
-1343
-512
-107
-521
-1182
-269
-2509
-443
-473
-643
-1153
-1903
-93
-2643
-89
-3077
-2024
-351
-714
-327
-488
-1217
-789
-857
61
-322
-598
-1127
-421
-833
-258
-297
-715
-687
-1251
-590
-1288
-819
-2596
-837
-617
-418
-643
-690
-2007
-407
-780
-195
-1135
20
-396
-537
-1068
-813
-979
-2874
-364
-796
-904
-257
-2636
-854
-293
-2011
76
-985
-2702
-342
-719
-2211
-1605
-134
-1155
-997
-1455
-616
-182
-642
-1201
-447
-2831
-478
-399
-562
-1065
-1743
-65
-2000
87
-2467
-1876
-356
-775
-386
-383
-905
-542
-735
136
-219
-452
-853
-224
-607
-64
22
-314
-183
-729
-189
-932
-429
-2313
-458
-376
-182
-461
-625
-1965
-64
-283
182
-843
165
-259
-381
-733
-339
-540
-2050
65
-304
-312
140
-2113
-506
-353
-1594
513
-353
-1677
45
-306
-1389
-759
154
-672
-641
-1132
-380
-79
-290
-733
-221
-1715
-365
-327
-330
-753
-1612
21
-1416
41
-963
-763
-175
-689
-650
-531
-830
-294
-713
-183
-651
-637
-902
-356
-762
-424
-350
-470
-490
-847
-470
-919
-732
-1709
-587
-365
-393
-826
-1001
-2417
-717
-873
-403
-1180
-343
-649
-868
-1214
-1065
-1198
-2635
-749
-1077
-1052
-578
-2086
-1146
-585
-2291
-313
-1092
-2214
-597
-1051
-2598
-1703
-317
3
-111
280
382
40
-201
-1740
179
-162
564
-409
607
80
-36
-505
-88
-232
-1959
474
-78
0
370
-1405
-282
179
-1528
696
-196
-1738
369
-16
-1485
-818
474
-325
-133
-709
105
413
68
-487
338
-1658
184
186
-45
-409
-1195
398
-1841
480
-1976
-1157
249
-287
29
68
-466
195
-70
671
154
-51
-481
175
-245
197
314
201
98
-440
181
-492
-91
-1552
-154
382
414
129
-134
-1293
233
-115
574
-401
634
-12
-109
-485
-104
-232
-1654
423
-222
-203
269
-1799
-379
22
-1368
574
-209
-1445
302
-129
-1702
-1034
379
-489
-282
-831
-33
319
-116
-569
178
-2041
66
96
-176
-536
-1160
341
-1571
554
-1759
-1115
242
-317
60
75
-531
158
58
884
410
53
-357
221
-125
387
496
250
339
-216
463
-313
67
-1781
0
340
536
196
-25
-1699
394
195
840
-103
878
355
236
-234
204
134
-1445
874
258
378
680
-1551
-5
352
-1473
1110
360
-1132
916
545
-992
-316
952
141
460
-186
534
901
540
-10
868
-1158
688
697
466
153
-669
987
-1196
1112
-940
-217
1009
359
586
663
62
735
528
1155
730
619
248
838
414
778
1055
835
766
279
913
189
714
-764
439
934
972
655
293
-1274
651
202
1168
180
1075
474
436
141
544
442
-981
1108
592
661
899
-811
251
454
-816
1214
485
-862
910
584
-857
-154
975
260
577
1725
3029
2955
2049
-211
2879
1613
3776
2528
2670
1416
1497
2136
3303
3274
454
3108
3343
3658
3757
-621
2517
1208
-1524
3984
3815
1890
3815
3616
-859
-76
2900
2846
4008
3413
3352
3796
3821
2989
4227
-101
2915
3864
4778
5164
4108
5722
3037
5851
4649
4938
6476
5111
4113
5411
3312
3254
4083
4516
4905
6097
4708
5980
5001
5037
6238
4352
5535
5403
6177
4482
5990
1220
3072
3746
5255
5441
4134
1279
5241
3423
6509
5213
5249
3921
4308
4617
6405
6431
2887
6724
7307
7702
6965
5713
5968
4336
597
7167
6143
1234
6491
6767
2673
3397
5538
5100
7157
5921
6035
6291
6584
4951
6993
3054
4946
5758
5528
5919
4822
6242
1895
6686
2353
4157
7454
6784
6804
8014
6069
5259
5777
6302
6650
7352
6121
6800
6326
6391
7295
6104
7364
6473
8031
5578
7683
3862
5864
7611
8978
9334
8158
5921
8608
8040
10232
8271
8726
7011
8514
8663
9508
10214
3954
10414
10639
11393
10506
5870
9918
9861
5936
10593
10810
2652
11013
10679
4052
6869
10507
10053
13467
11876
13066
13002
14459
12610
15458
8386
12716
13667
13842
15208
13942
15127
10317
15307
8123
10197
16189
14022
12451
16093
14746
16085
15167
12983
13857
16244
15461
16813
15622
13612
17293
17192
16205
15898
16711
15391
18178
18301
12545
16644
16261
18552
13056
21315
18810
15133
20186
18180
15618
9947
11801
15982
19260
19197
22639
19272
18771
18760
15984
18261
15254
9148
18956
15098
16875
17059
14051
14853
18293
16761
11576
0
-542
-244
-223
-544
-664
-2007
-370
-572
-103
-974
5
-361
-543
-974
-687
-866
-2430
-255
-687
-669
-200
-2034
-765
-329
-1890
78
-776
-2062
-316
-723
-2225
-1389
-75
-788
-749
-1217
-546
-171
-506
-991
-363
-2354
-438
-393
-486
-890
-1544
-115
-2105
-61
-2072
-1421
-329
-758
-558
-591
-1067
-517
-657
44
-406
-664
-1052
-452
-757
-335
-360
-541
-501
-934
-461
-1056
-837
-2384
-746
-421
-300
-556
-674
-1842
-435
-596
-199
-887
-49
-414
-639
-1032
-741
-831
-2108
-326
-765
-752
-308
-2008
-853
-437
-2064
-28
-796
-1709
-289
-702
-2090
-1504
-170
-911
-849
-1256
-750
-297
-766
-1034
-514
-2299
-569
-538
-697
-1020
-1496
-209
-1916
-66
-1818
-1169
-239
-635
-287
-523
-1002
-615
-608
138
-207
-496
-780
-307
-563
-70
-79
-390
-323
-687
-155
-645
-382
-1937
-442
-276
-96
-294
-381
-1783
-195
-525
113
-620
145
-131
-348
-713
-450
-583
-1691
-37
-391
-409
-22
-1240
-505
-289
-1408
319
-486
-1258
-8
-273
-1112
-778
35
-630
-475
-725
-224
-146
-510
-865
-381
-1383
-452
-481
-526
-859
-1410
-223
-1314
-263
-1357
-954
-380
-690
-510
-643
-934
-609
-869
-303
-667
-750
-1001
-635
-959
-579
-567
-592
-736
-1125
-790
-1028
-994
-1822
-834
-671
-629
-889
-774
-1573
-818
-953
-671
-1348
-474
-609
-773
-1203
-1230
-1335
-2563
-883
-1180
-1214
-756
-2224
-1215
-514
-2101
-529
-1307
-2317
-749
-1078
-2253
-1741
-482
-6
182
593
643
391
239
-741
477
182
753
-98
720
264
271
-59
208
111
-1113
668
200
304
519
-863
39
433
-501
764
229
-932
634
354
-803
-345
668
43
277
-139
507
693
394
-43
568
-1158
361
440
210
-18
-590
539
-799
671
-1028
-616
413
-74
250
377
29
638
351
894
488
335
102
505
123
448
628
693
592
142
584
140
343
-554
286
788
780
544
225
-303
710
455
998
112
902
256
201
28
288
158
-758
755
107
212
432
-982
-177
212
-739
687
203
-447
601
367
-483
-87
667
149
300
-199
470
710
500
154
733
-957
503
549
274
46
-572
658
-928
848
-750
-290
612
52
426
424
-58
480
424
1081
685
436
190
614
316
721
778
522
634
172
770
113
398
-925
397
747
847
464
282
-1267
591
501
1085
371
1121
647
641
292
636
632
-719
1211
663
841
993
-571
376
749
-763
1291
741
-587
1195
910
-484
220
1276
796
1142
568
1097
1361
1068
584
1437
-493
1176
1224
936
785
161
1365
-672
1520
-576
210
1469
842
1131
1239
705
1364
1220
1752
1358
1228
815
1419
1106
1392
1749
1494
1486
989
1649
800
1427
-479
941
1442
1614
1348
1023
-646
1182
901
1757
781
1598
1028
1037
788
1302
1348
238
2042
1444
1628
1669
48
1169
1194
214
2027
1582
378
1878
1641
156
766
1784
28
-749
-279
-43
-378
-648
-2526
-304
-683
124
-827
217
-335
-624
-1084
-516
-666
-2496
-10
-535
-511
65
-2286
-661
-362
-2653
426
-602
-2061
-1
-482
-2604
-1755
88
-756
-550
-1121
-404
4
-431
-993
-128
-2505
-255
-227
-272
-680
-1417
360
-2154
415
-2076
-1179
260
-287
-168
-209
-1091
-536
-482
423
-30
-265
-913
-91
-506
12
109
-332
-238
-722
-44
-858
-373
-2618
-655
-319
3
-223
-408
-2234
-172
-675
188
-701
333
-116
-346
-918
-382
-487
-2362
201
-195
-209
276
-1865
-352
-56
-2308
659
-451
-2345
221
-185
-2248
-1577
258
-792
-428
-952
-292
156
-419
-1031
-147
-2535
-273
-192
-418
-846
-1492
206
-2119
410
-2283
-1387
233
-167
205
148
-655
-393
-376
562
249
-6
-543
32
-364
233
300
-111
83
-484
229
-648
-25
-2192
-175
162
498
334
163
-1467
497
88
856
-259
800
342
299
-192
150
17
-2204
702
381
438
808
-1596
222
528
-1337
1231
346
-1763
892
531
-1346
-569
960
-28
450
-104
707
1021
766
64
900
-1527
566
707
700
366
-497
1177
-901
1221
-1016
-365
1092
515
549
894
373
841
491
899
652
838
496
1065
526
748
1076
890
802
386
819
280
725
-335
350
977
971
939
319
267
1236
629
1536
564
1165
288
346
440
860
635
-595
1022
756
696
924
-483
258
153
-473
1050
367
-713
592
297
-530
-52
623
22
-767
-200
-44
-384
-584
-2521
-369
-770
82
-889
181
-362
-643
-1098
-543
-704
-2544
-64
-602
-606
1
-2485
-729
-438
-2606
337
-651
-1930
-54
-573
-2778
-1904
41
-826
-582
-1126
-406
-8
-454
-1094
-153
-2686
-287
-229
-254
-680
-1453
276
-2309
260
-2423
-1494
7
-550
-396
-459
-1322
-613
-514
379
-47
-373
-947
-215
-618
-82
-19
-422
-300
-793
-143
-923
-520
-2773
-767
-388
-57
-258
-432
-2107
-187
-688
159
-707
320
-141
-386
-943
-461
-584
-2454
78
-358
-386
100
-2199
-609
-240
-2731
477
-627
-2224
117
-256
-1992
-1526
118
-898
-601
-1112
-429
53
-530
-1115
-220
-2596
-263
-177
-381
-804
-1461
223
-2146
381
-2303
-1409
139
-291
150
-54
-879
-658
-563
436
163
-146
-538
-16
-400
208
268
-161
50
-470
245
-584
11
-2017
-164
106
405
195
65
-1697
296
-156
669
-428
670
239
241
-245
68
-87
-2185
547
245
274
660
-1502
23
371
-1506
1057
95
-1948
685
383
-1154
-484
788
-134
253
-228
536
790
445
-226
547
-1766
289
420
446
108
-659
865
-992
883
-1285
-668
715
205
280
559
133
564
125
580
278
419
106
643
117
387
662
557
464
68
504
-11
397
-703
100
654
658
558
77
-176
681
230
919
-203
643
-136
-132
-150
220
36
-1189
470
130
96
414
-1136
-227
-36
-1046
596
-124
-1294
227
-86
-1095
-538
374
30
-130
-6
242
100
-78
-1108
97
-308
337
-162
316
35
-48
-245
-2
-83
-1089
199
23
11
296
-995
-56
31
-1064
508
0
-991
304
150
-1026
-712
262
-195
35
-216
82
311
102
-258
230
-1012
82
168
151
-34
-468
477
-849
537
-821
-364
529
294
344
513
44
154
116
512
399
463
46
460
147
375
571
305
424
194
497
2
431
-703
92
227
443
345
133
-665
395
13
568
-21
494
170
179
11
275
184
-858
508
393
426
584
-494
292
270
-474
780
366
-741
571
421
-702
-385
515
-53
226
-130
247
532
405
4
456
-911
204
356
214
33
-401
444
-859
598
-815
-412
520
302
485
707
319
430
402
766
670
672
370
629
397
651
704
371
684
402
779
182
578
-630
454
658
913
804
595
-337
966
845
1280
707
1091
741
873
773
964
948
-514
1167
1068
1188
1277
-162
978
965
17
1513
1311
-29
1461
1259
11
579
1362
989
1354
880
1205
1497
1594
1209
1781
386
1385
1514
1569
1587
1055
1811
459
1795
553
992
1897
1427
1220
1726
1474
1878
1604
1485
1395
1796
1552
2003
1689
1536
2010
1833
1713
1588
1817
1529
1890
1557
1203
1766
1704
1800
1091
1454
1882
1285
2248
1855
1779
929
1122
1590
2125
2067
2127
2082
1929
1857
1784
1530
1465
749
1472
1738
1660
1479
1497
1423
1282
1331
1213
-1
-59
431
465
317
152
-430
440
298
681
-31
651
214
114
-165
174
102
-734
679
159
249
394
-819
-68
220
-771
625
135
-565
515
244
-596
-257
529
-46
146
-219
408
475
204
-102
380
-1007
262
239
42
-158
-628
427
-629
519
-635
-319
319
-164
92
-28
-411
112
-13
542
161
-84
-165
130
-143
149
227
318
138
-240
171
-80
-86
-541
9
458
351
144
-43
-444
301
103
559
1
630
155
86
-171
65
-35
-817
487
-20
16
192
-711
-400
35
-1053
290
-383
-1103
48
-177
-726
-341
232
-194
-131
-408
170
239
-141
-361
75
-1174
82
55
-225
-447
-835
153
-1047
344
-991
-531
191
-225
170
-20
-378
6
-122
537
131
-164
-356
38
-194
175
218
190
100
-348
150
-375
-138
-1313
-86
290
297
24
-30
-1044
41
-31
325
-412
451
66
-4
-380
-91
-138
-1101
464
-45
56
278
-945
-250
167
-928
456
-200
-1106
203
-80
-1130
-562
418
-164
86
-234
520
484
245
-116
374
-1160
235
231
31
-233
-707
390
-881
510
-1003
-569
308
-170
106
73
-346
248
106
675
263
4
-231
153
-130
237
325
244
222
-212
287
-261
-22
-1511
-68
242
390
145
-2
-1164
182
117
438
-449
437
140
-72
-504
-315
-368
-1790
357
-164
8
224
-1330
-247
302
-1405
596
-64
-1268
393
126
-1155
-532
548
-3
-231
133
260
108
-49
-661
386
239
621
-114
597
163
24
-275
58
-57
-1126
523
17
88
308
-1023
-202
152
-1088
571
-33
-876
417
166
-651
-333
452
-146
3
-440
219
394
169
-172
359
-1096
168
154
-48
-305
-888
377
-958
451
-868
-486
228
-258
58
-100
-512
-107
-237
417
10
-192
-343
78
-213
118
187
169
34
-375
78
-254
-179
-727
-69
290
213
-57
-209
-876
156
-53
449
-116
571
104
58
-230
20
-83
-1074
395
-76
-68
209
-892
-389
65
-1025
287
-453
-1426
-21
-283
-1097
-552
209
-217
-147
-451
131
239
-136
-406
97
-1336
37
55
-221
-478
-925
181
-1226
366
-1255
-740
170
-253
120
0
-346
23
-165
552
88
-197
-507
-23
-256
145
248
248
174
-300
207
-380
-92
-1447
-84
278
335
60
-28
-1067
98
18
386
-405
469
55
-52
-416
-38
-69
-973
571
49
147
385
-1049
-129
161
-800
597
-37
-901
318
-14
-1246
-660
451
-215
81
-266
537
503
329
-28
473
-947
280
282
66
-206
-788
462
-879
571
-841
-449
389
-122
98
101
-347
278
144
708
300
57
-178
171
-143
248
354
280
269
-146
357
-169
75
-1305
25
338
477
222
2
-1243
298
124
591
-270
532
249
10
-428
-313
-397
-1929
361
-131
52
254
-1204
-197
313
-1315
677
51
-1140
492
216
-1079
-480
583
22
4
635
883
477
22
-2282
479
-248
1080
-48
1051
244
112
-365
312
166
-2030
864
229
270
818
-1950
-28
250
-1916
1182
173
-1771
820
304
-2240
-1378
777
-234
220
-450
422
799
329
-401
735
-1756
524
571
325
-60
-994
965
-1884
1133
-1939
-878
1081
435
641
966
31
918
725
1546
1057
937
97
976
340
874
1215
830
847
215
1016
3
790
-1648
222
855
1123
861
396
-1434
946
161
1469
154
1374
525
444
-24
616
413
-1668
1319
634
688
1126
-1612
349
457
-1299
1624
706
-1096
1318
906
-1304
-705
1162
-80
530
-266
820
1172
848
-83
1145
-1720
824
930
591
123
-951
1102
-1850
1290
-1971
-1013
970
296
716
964
-18
698
660
1608
1205
910
335
966
434
995
1217
774
1110
376
1245
55
719
-1701
529
1046
1413
1000
665
-1646
1285
976
1961
759
1951
1217
1409
835
1242
1175
-2002
1914
1354
1580
1864
-1759
973
1498
-1568
2374
1597
-1400
2273
1805
-894
277
2271
1279
1939
895
1847
2590
2340
1397
2845
-984
2408
2654
2434
2233
1104
3117
-741
3333
-671
707
3290
2287
2417
3029
2115
2897
2609
3124
2805
2992
2407
3320
2700
2881
3664
3162
3216
2710
3587
2387
3488
1334
2297
3334
3401
3321
2149
1024
3358
2356
4249
2878
3533
1965
2375
2744
3921
3807
2772
4378
3797
3853
3749
2027
2909
1841
2032
4030
3520
2104
3500
3234
2057
2602
3054
7
-514
-167
-53
-377
-598
-2268
-341
-645
36
-823
116
-369
-623
-1004
-559
-691
-2151
-150
-658
-670
-102
-1921
-711
-323
-2236
230
-706
-2034
-139
-569
-2296
-1488
-7
-728
-655
-1183
-678
-198
-671
-1091
-380
-2290
-471
-501
-598
-967
-1496
-62
-2098
21
-2226
-1390
-105
-495
-331
-352
-987
-411
-472
275
-174
-423
-1025
-324
-659
-147
-191
-575
-557
-1010
-391
-1045
-648
-2417
-706
-427
-215
-442
-513
-2034
-405
-720
-131
-885
52
-308
-572
-1084
-651
-710
-2035
-119
-593
-643
-146
-2102
-660
-261
-1953
174
-689
-1960
-67
-451
-2080
-1558
12
-892
-639
-1078
-551
-118
-681
-1156
-402
-2348
-465
-438
-698
-1109
-1652
-167
-1935
-6
-2177
-1516
-259
-601
-205
-326
-939
-520
-487
326
43
-283
-683
-245
-570
3
-9
-358
-257
-776
-203
-855
-401
-2027
-373
-191
15
-189
-228
-1590
56
-251
337
-498
389
104
-21
-481
-203
-347
-1971
286
-31
-32
304
-1799
-274
-5
-1529
644
-192
-1609
297
-2
-1169
-665
353
-435
-214
-575
48
316
-26
-575
102
-1531
55
126
92
-274
-1058
407
-1172
401
-1068
-651
223
-231
-108
-19
-402
-26
-313
170
-87
-16
-240
179
-268
20
172
44
-39
-441
-137
-570
-288
-1143
-316
42
-26
-244
-441
-920
-49
-386
169
-557
168
-292
-267
-417
-198
-383
-1472
-7
-209
-235
43
-1256
-562
-387
-1377
167
-552
-1475
-232
-565
-1464
-968
-106
-13
-605
-171
-117
-492
-763
-2669
-372
-739
63
-851
205
-328
-709
-1255
-749
-894
-2498
-138
-842
-888
-200
-2412
-854
-352
-2364
200
-886
-2411
-220
-755
-2773
-1804
-46
-916
-814
-1380
-761
-291
-932
-1444
-526
-2522
-454
-579
-822
-1303
-1962
-160
-2454
-39
-2551
-1646
-231
-704
-454
-570
-1299
-568
-668
279
-319
-715
-1410
-566
-941
-372
-292
-439
-608
-1258
-600
-1347
-900
-2775
-880
-498
-371
-679
-748
-2404
-589
-983
-287
-1133
20
-385
-697
-1387
-956
-1074
-2455
-231
-887
-945
-396
-2763
-1035
-523
-2259
-26
-1012
-2224
-294
-771
-2571
-1976
-133
-1271
-962
-1381
-582
-251
-962
-1532
-715
-2939
-653
-644
-1029
-1575
-2289
-420
-2558
-190
-2522
-1791
-478
-909
-379
-618
-1326
-814
-812
233
-154
-638
-1038
-605
-1019
-317
-313
-534
-434
-1044
-424
-1180
-755
-2714
-643
-414
-235
-546
-561
-2245
-253
-598
46
-962
191
-83
-244
-881
-653
-899
-2902
-27
-426
-358
-6
-2186
-720
-340
-2144
426
-597
-1943
-18
-392
-1638
-1096
110
-908
-700
-1108
-139
54
-297
-940
-266
-2133
-279
-206
-282
-771
-1732
6
-2094
-2
-1734
-1122
-182
-693
-435
-476
-922
-478
-817
-135
-521
-533
-765
-309
-846
-406
-405
-592
-587
-1045
-637
-1149
-991
-2377
-872
-513
-522
-859
-918
-1929
-653
-901
-410
-1311
-261
-638
-659
-1027
-949
-1187
-2990
-702
-990
-952
-458
-2022
-1127
-622
-2377
-172
-1119
-2295
-592
-1053
-2439
-1747
-388
164
2023
3034
4246
4239
3148
847
3244
1342
3751
1569
2458
569
1306
2180
3733
3697
594
2846
3264
3369
3651
-660
2549
1601
-570
3649
3511
659
3789
3925
324
336
3004
2464
3583
2472
2698
3891
4591
3392
4778
694
2761
3862
4513
4695
3594
4648
2155
4678
1020
1453
4725
3923
3408
6155
4725
6025
6281
5476
6385
8010
6761
7598
6174
6408
6861
3675
5465
5529
6581
4564
7399
2892
4483
5061
6501
6726
4749
1873
6815
4851
7856
5415
5629
3783
4122
5167
6715
6540
2611
6541
6640
7019
6835
3230
6223
4511
2395
7892
8126
3828
8236
8900
6011
6232
6768
6932
8196
5883
5109
7029
8048
5711
8990
4468
6961
7694
8166
8453
6453
7974
3518
7587
2766
3737
7111
5901
5353
7713
6070
6753
7338
6765
7343
8760
7621
9217
8651
7919
9280
7255
8552
7537
8660
5833
8689
5787
6643
7942
8986
8623
7100
3053
8167
7668
10335
9413
9174
7079
8851
9608
11174
12167
7600
11167
11104
11501
10848
3073
9788
9312
4315
10913
12117
3836
12489
12354
5477
8516
11701
12615
15239
12978
11523
13637
13553
11736
15731
6497
13518
14798
14650
16291
15438
16294
9814
16999
8543
11092
17748
15374
14002
17699
15814
17254
17299
15717
16714
18440
17021
18678
18043
16350
20591
19508
19560
19367
20826
17768
22554
20064
15798
19503
19460
21020
15787
18185
19493
16023
22272
20324
17828
12318
14687
18846
24588
25482
31961
25847
25380
25715
21429
23478
20668
11816
22984
20812
23377
23671
20131
21194
23781
22087
16559
16
-28
265
448
197
-41
-1407
232
-272
598
-139
533
100
-49
-306
41
-49
-1352
413
71
66
438
-1358
-58
133
-1061
706
64
-1197
446
180
-1468
-899
440
-110
171
-187
197
517
224
-313
480
-1198
309
434
341
78
-624
720
-1187
783
-1216
-599
657
232
337
563
-37
297
251
821
585
568
29
550
148
518
742
470
565
138
569
-108
430
-1071
140
504
727
588
289
-706
719
182
1033
241
913
382
352
159
518
373
-936
853
554
581
798
-968
261
238
-747
1059
525
-523
836
617
-748
-389
731
13
394
-38
504
796
575
25
717
-1102
455
651
451
204
-471
746
-1037
916
-844
-335
750
321
619
754
175
403
447
1061
889
765
467
753
451
835
957
574
968
552
1078
298
717
-941
577
848
1173
947
741
-809
1104
916
1601
840
1453
1041
1216
977
1187
1152
-839
1517
1319
1512
1572
-302
1019
1178
-493
1884
1486
-172
1834
1603
96
771
1768
1273
1786
1217
1714
2003
2025
1459
2270
246
1775
1980
1992
1981
1242
2293
231
2282
398
1153
2398
1750
1676
2132
1751
2226
1882
1925
1759
2128
1901
2395
1981
1902
2516
2365
2246
2054
2459
2006
2459
1766
1578
2348
2308
2357
1541
1618
2246
1529
2760
1971
2218
1162
1427
1874
2449
2395
2098
2571
2284
2277
2203
1755
1717
1125
1498
2236
1984
1509
1933
1817
1407
1583
1667
8
-629
-233
-220
-548
-685
-2052
-353
-728
-83
-1087
124
-328
-410
-989
-666
-939
-2712
-118
-610
-591
-155
-2445
-891
-480
-2360
175
-847
-2429
-302
-740
-2314
-1519
-61
-1115
-978
-1457
-433
-152
-639
-1258
-648
-3129
-576
-529
-648
-1150
-1884
-184
-2491
-17
-2239
-1519
-234
-703
-478
-479
-1112
-600
-821
29
-431
-704
-1101
-532
-996
-479
-545
-766
-604
-1023
-482
-1253
-957
-2910
-883
-501
-389
-702
-867
-2290
-537
-704
-322
-1246
-151
-612
-734
-1229
-822
-1009
-2867
-407
-804
-712
-299
-1967
-959
-536
-2555
-3
-944
-2279
-390
-873
-2439
-1703
-185
-1166
-1120
-1756
-885
-403
-777
-1168
-673
-3008
-877
-815
-957
-1375
-1965
-488
-2772
-338
-2624
-1750
-526
-959
-590
-746
-1279
-744
-848
-42
-526
-826
-1164
-563
-903
-325
-553
-1042
-859
-1196
-498
-1126
-896
-2883
-839
-516
-294
-515
-634
-2300
-358
-591
-39
-923
15
-402
-663
-1071
-699
-833
-2687
-371
-789
-816
-158
-1911
-709
-309
-2243
201
-797
-2110
-206
-636
-2125
-1430
-93
-861
-792
-1301
-718
-335
-671
-1044
-404
-2063
-583
-660
-597
-979
-1523
-135
-1707
-216
-2137
-1468
-406
-802
-700
-760
-1185
-612
-840
-238
-724
-788
-1249
-510
-853
-468
-448
-710
-940
-1363
-882
-1154
-1048
-2152
-1055
-843
-751
-938
-993
-1744
-743
-1074
-559
-1247
-372
-763
-1074
-1445
-1140
-1247
-2238
-797
-1251
-1466
-766
-2660
-1298
-752
-2316
-513
-1538
-2662
-868
-1237
-2489
-2027
-657
11
-600
-62
115
-199
-482
-2106
-90
-584
250
-950
284
-369
-524
-987
-483
-727
-2771
4
-508
-451
70
-2271
-729
-360
-2594
480
-593
-2271
53
-400
-2352
-1585
170
-884
-695
-1361
-467
60
-402
-1045
-262
-2994
-463
-368
-448
-913
-1685
105
-2425
244
-2366
-1501
52
-491
-220
-122
-924
-274
-372
472
45
-108
-681
105
-444
126
67
-561
-310
-799
-74
-981
-449
-2863
-635
-242
56
-233
-478
-2352
-56
-457
308
-786
361
-228
-398
-873
-354
-517
-2696
101
-374
-331
212
-1960
-483
-72
-2350
645
-379
-2206
328
-65
-2008
-1268
440
-521
-270
-1042
-333
290
-146
-815
135
-2707
-220
-114
-260
-701
-1444
301
-2261
430
-2493
-1551
137
-388
-11
17
-729
-191
-230
647
222
11
-545
265
-140
410
437
-164
46
-530
259
-656
-86
-2365
-249
110
435
171
-15
-1892
363
79
846
-189
854
271
181
-237
350
305
-1807
847
397
390
912
-1857
202
521
-1719
1275
291
-1892
924
509
-1550
-630
1006
180
577
-80
574
1018
688
56
1061
-1459
704
782
734
417
-380
1360
-813
1412
-1107
-375
1241
583
623
932
294
963
702
1231
882
952
430
1205
725
1018
1423
1089
964
458
1059
367
1022
-391
498
1042
1081
945
396
-308
1067
496
1506
525
1260
434
391
316
1065
994
184
1637
1211
1168
1335
-302
697
431
-148
1575
789
-532
1070
751
-361
127
986
1
-729
-190
13
-196
-551
-2001
-76
-361
257
-715
246
-416
-755
-1132
-473
-607
-2368
-51
-603
-609
-11
-1900
-682
-282
-2613
301
-767
-2298
-103
-577
-2421
-1601
64
-785
-662
-1375
-723
-185
-602
-1041
-272
-2378
-529
-644
-773
-1186
-1762
-109
-2224
-43
-2359
-1493
-190
-641
-381
-508
-1230
-483
-481
282
-193
-430
-1031
-89
-434
24
-2
-544
-609
-1142
-423
-1146
-606
-2558
-781
-480
-260
-479
-640
-2314
-364
-785
-51
-856
125
-302
-655
-1230
-740
-823
-2385
-152
-685
-801
-170
-2223
-695
-204
-1972
161
-886
-2530
-162
-536
-2243
-1590
38
-814
-538
-1020
-453
-99
-714
-1335
-353
-2523
-403
-441
-693
-1207
-1870
-83
-2048
18
-2506
-1819
-367
-774
-388
-547
-1219
-778
-792
160
-229
-573
-1130
-373
-689
-179
5
-188
-276
-980
-426
-1239
-601
-2515
-644
-422
-234
-474
-526
-1904
-202
-518
27
-888
190
-145
-337
-925
-474
-600
-2213
186
-205
-240
166
-2538
-457
-180
-1816
486
-484
-2268
29
-362
-2049
-1321
201
-772
-474
-871
-59
194
-259
-898
-168
-2304
-187
-88
-241
-739
-1621
257
-1620
406
-1286
-924
134
-377
-192
-127
-718
-345
-510
228
-59
-157
-501
-19
-483
-51
103
-81
11
-504
-110
-860
-333
-1960
-363
-69
-13
-303
-556
-1706
-56
-357
188
-731
138
-207
-296
-668
-376
-580
-2130
153
-35
109
242
-1105
-327
-266
-1412
593
-175
-1471
130
-263
-1589
-902
231
49
1118
1877
2824
2947
1768
70
3858
1815
4297
3579
3065
2342
2060
1923
2399
2091
-2499
2460
3115
3332
3108
-158
2311
1864
306
3166
2760
-797
2926
2984
-245
210
2466
2571
3548
2922
2449
3487
3082
1292
3684
262
3029
3957
3868
3697
1433
3940
-324
3937
1575
2088
3802
2733
3308
3941
2709
2258
2751
3354
3793
4991
3994
5959
5139
4613
6719
6194
6675
5489
5567
2867
5806
462
3215
4556
5613
5641
4191
1493
5766
3416
6986
4891
5457
3764
4648
5333
5876
5259
771
5275
5608
5801
5785
1280
4555
3109
1987
5922
5902
2931
5715
5864
1359
2812
5290
5081
7255
6372
7358
6793
7674
5495
7259
689
4848
6097
6815
6945
5006
6891
2299
6830
3445
4284
6829
5465
4881
6449
4983
4811
4926
5330
5405
6214
5268
6194
5659
5064
7034
6743
8223
7868
8417
6360
7144
2691
4605
5781
7289
7233
5558
3776
6710
6481
8123
6623
6823
5158
6233
6550
7792
8443
3702
8651
8884
10075
8581
5873
7683
7289
1918
8896
9281
3466
9562
9269
3452
5370
8914
8436
11253
8942
9991
10905
12381
11211
13329
6346
9996
11125
10508
11739
10325
11979
3893
12677
5341
8827
14117
12296
12299
14046
12113
12346
12755
12064
12922
14218
13621
14712
14114
13221
15679
13779
14705
14823
16848
14299
17827
13834
12285
15153
15901
17259
12871
12752
16128
13037
18495
16139
14480
10548
12150
14801
17228
17662
17957
18407
18120
18960
16431
21262
17070
11633
20550
17173
19225
17711
16921
17742
18488
17766
14239
-2
-492
-325
-262
-467
-556
-1687
-355
-655
-96
-801
127
-212
-523
-1060
-611
-695
-1592
80
-507
-640
-149
-2030
-632
-239
-1649
169
-837
-2224
-265
-599
-1803
-1260
-83
-992
-795
-1124
-415
-248
-736
-1216
-516
-1769
-317
-488
-799
-1289
-1889
-272
-1784
-133
-1951
-1439
-351
-628
-380
-461
-1013
-554
-716
30
-309
-644
-1071
-621
-954
-471
-473
-545
-669
-1252
-805
-1436
-943
-2084
-698
-545
-590
-894
-886
-1989
-665
-826
-571
-1272
-294
-454
-610
-1234
-1084
-1251
-2552
-474
-846
-826
-527
-2300
-993
-545
-1537
-272
-998
-2135
-602
-993
-2059
-1483
-350
-1248
-1223
-1528
-723
-475
-945
-1409
-914
-2539
-663
-609
-879
-1355
-2024
-611
-2222
-417
-1885
-1522
-715
-1073
-743
-826
-1173
-752
-953
-234
-598
-896
-1094
-758
-1085
-614
-711
-792
-697
-1143
-807
-1430
-1178
-2735
-857
-604
-587
-891
-904
-2138
-580
-672
-403
-1140
-295
-513
-635
-1010
-886
-1142
-2681
-642
-905
-832
-454
-2078
-1023
-816
-2143
-162
-863
-1492
-561
-985
-2019
-1386
-435
-1147
-1271
-1615
-970
-685
-967
-1252
-1011
-2413
-1003
-968
-831
-1187
-1778
-669
-2035
-713
-1472
-1088
-803
-1176
-1134
-1267
-1495
-1023
-1278
-779
-1244
-1298
-1483
-1052
-1362
-1030
-1205
-1373
-1363
-1538
-1266
-1429
-1734
-2786
-1482
-1313
-1255
-1562
-1473
-2513
-1484
-1562
-1307
-1750
-1003
-1159
-1419
-1773
-1710
-1847
-3055
-1638
-1894
-1956
-1333
-2333
-1851
-1187
-3333
-1130
-2052
-2642
-1394
-1828
-3085
-2565
-1159
17
-10
316
433
161
23
-1052
223
95
543
-266
571
148
54
-278
202
165
-884
788
296
407
567
-956
17
285
-1103
806
160
-914
572
293
-852
-393
597
7
223
-205
521
610
467
84
671
-767
488
526
319
93
-516
714
-818
814
-779
-309
656
170
334
399
-121
406
273
848
490
312
47
361
9
420
404
218
197
-201
331
-122
113
-756
146
573
531
286
113
-682
377
177
678
11
714
277
235
-82
240
188
-768
827
354
483
624
-324
152
363
-523
887
265
-757
598
301
-669
-214
571
-6
128
-250
320
495
122
-199
395
-937
412
408
161
-27
-466
495
-762
665
-890
-420
490
42
335
343
-80
419
260
848
456
238
-34
393
105
461
529
454
400
-112
411
-184
104
-1266
114
555
643
398
281
-813
469
356
818
34
846
380
365
35
286
234
-906
787
233
335
586
-1102
31
437
-844
844
329
-694
761
472
-741
-180
828
232
521
106
750
880
579
214
808
-954
673
706
530
357
-88
996
-247
1174
-340
65
1052
495
635
777
264
889
729
1235
856
684
400
808
475
772
998
922
854
451
974
463
686
-404
516
969
1043
823
519
-396
937
702
1344
533
1225
661
619
405
803
743
-502
1297
794
876
999
-706
318
625
-1047
1189
485
-868
900
659
-514
138
1010
93
66
787
2275
2353
1601
-808
3102
1258
3900
3333
3083
1791
2788
3398
3478
3032
-2734
1442
2350
2326
3249
416
2472
1894
-187
3125
2935
274
3180
3034
-707
-426
2347
2127
3182
2218
2361
3265
3662
2696
4014
-1219
1833
2873
3716
4014
3137
4044
300
3788
-1092
419
3694
2979
3190
4162
3383
2822
2711
3284
3136
4227
2858
4854
4319
4099
6061
5132
5910
5995
6670
5667
6512
2394
3196
3234
5010
5365
3849
2317
5704
3851
6860
4896
5315
3101
3601
4822
6451
6316
3568
5673
5434
5045
5868
1121
4833
3603
1480
6038
5311
1898
5587
6007
2884
3219
4803
4465
6336
4880
6003
5859
7980
6681
8389
5739
5465
5950
6114
6142
4199
6983
3037
6809
2351
3263
6762
5876
5170
7052
5605
5228
5121
5416
5407
6214
4819
5582
5102
5150
6524
5599
6546
6291
7535
6197
7812
7603
6032
6215
7051
6676
4834
2485
6684
5889
8026
6786
6804
5297
6053
6103
6950
7607
3610
8172
7952
8594
7838
4124
7685
7699
6002
8289
8895
1824
8843
8717
3514
5710
8402
8353
10562
8410
8697
10088
11207
9486
12898
8557
11181
11977
10507
11258
9164
11500
3824
12306
4019
6663
12838
11245
11183
13947
12561
13191
12934
12281
12853
13870
12384
13842
13377
12523
15551
14845
15199
14153
15627
12117
17125
13227
12711
15521
15785
16573
12306
10970
16121
13103
18600
16085
14636
10758
12451
15009
17119
17213
18112
18169
17238
17897
15602
14814
15929
10072
21164
16525
20161
20733
17228
17821
17685
17483
14543
15
-468
-59
11
-209
-452
-1689
-5
-381
224
-468
260
-138
-179
-526
-356
-623
-2539
-211
-403
-358
23
-1608
-516
-307
-1824
237
-459
-1725
-113
-513
-2090
-1306
62
-694
-565
-1036
-414
-23
-355
-861
-341
-2515
-457
-387
-364
-691
-1238
-89
-2138
-31
-1840
-1077
-75
-407
-236
-228
-687
-218
-342
158
-152
-223
-647
96
-193
11
128
-217
-53
-340
49
-655
-345
-2543
-694
-451
-134
-279
-482
-1839
-235
-488
10
-673
67
-334
-469
-740
-385
-516
-2013
-249
-503
-524
-60
-1526
-500
-299
-1914
164
-481
-1360
-20
-341
-1724
-1268
62
-654
-414
-915
-283
-45
-152
-511
-35
-1903
-433
-386
-397
-697
-1151
14
-1773
15
-1905
-1182
-113
-401
-232
-348
-855
-548
-524
89
-211
-412
-773
-264
-440
-78
-78
-493
-339
-543
-22
-434
-283
-1692
-474
-440
-143
-266
-361
-1588
-143
-353
100
-441
181
-54
-233
-599
-241
-259
-1683
99
-96
-137
282
-1154
-26
175
-1403
563
-218
-1740
219
-69
-1322
-847
230
-401
-205
-611
-177
124
-54
-403
198
-921
48
11
-41
-315
-804
367
-1053
353
-1354
-785
278
54
104
173
-207
-7
-204
201
-15
56
-358
174
-87
134
299
84
-65
-401
-53
-399
32
-725
-185
-43
-10
-82
-291
-675
43
-347
163
-404
138
-208
-285
-455
-222
-311
-744
108
-108
-207
94
-784
-71
-129
87
337
-92
-835
82
-150
-841
-622
59
1
-591
48
-24
-408
-711
-2288
-292
-566
44
-1060
108
-394
-644
-1187
-857
-1133
-3231
-220
-714
-527
-172
-1754
-953
-497
-2690
213
-876
-2275
-328
-914
-2753
-1684
-58
-1028
-996
-1621
-728
-238
-758
-1301
-645
-3202
-688
-682
-784
-1228
-1965
-364
-3194
-279
-2720
-1581
-353
-905
-539
-774
-1416
-670
-757
57
-474
-744
-1161
-332
-734
-244
-431
-919
-813
-1323
-643
-1498
-1202
-3929
-1253
-711
-462
-697
-774
-2546
-697
-914
-378
-1245
-142
-580
-838
-1394
-1039
-1164
-2999
-594
-1121
-1092
-450
-1979
-1007
-495
-2580
-51
-1022
-2024
-276
-801
-2566
-1968
-168
-1201
-987
-1528
-775
-420
-1047
-1411
-779
-3384
-1000
-1015
-1113
-1515
-1829
-481
-2286
-399
-2893
-1987
-672
-1096
-617
-1035
-1676
-1117
-1093
-90
-600
-1044
-1440
-722
-985
-394
-440
-836
-850
-1329
-615
-1066
-1053
-3163
-1143
-1069
-706
-869
-757
-2129
-625
-785
-374
-1220
-121
-393
-722
-1319
-867
-931
-2398
-262
-771
-877
-244
-2285
-847
-305
-2568
166
-1112
-2695
-306
-641
-1796
-1386
-169
-1146
-978
-1350
-587
-373
-851
-1224
-642
-2161
-745
-876
-942
-1444
-2036
-272
-1454
-244
-1818
-1399
-468
-813
-574
-766
-1247
-953
-1268
-485
-899
-957
-1305
-744
-1198
-699
-675
-826
-1134
-1640
-1182
-1410
-1222
-1743
-1032
-991
-1096
-1401
-1361
-1835
-1106
-1340
-1072
-1901
-787
-1030
-1273
-1798
-1616
-1779
-2809
-1023
-1364
-1476
-957
-2312
-1496
-837
-1942
-749
-1960
-3560
-1391
-1792
-2839
-2186
-981
56
713
278
1573
1412
875
-926
2606
1315
3181
2548
2639
1122
1829
2462
4169
4184
2274
2883
2851
2185
3189
-3928
2202
1230
560
2882
2893
-50
3039
3180
369
319
2281
2045
2794
1757
1716
2823
3303
2269
3981
1298
2463
3236
3207
2975
1084
3925
1535
4091
1490
976
3385
2454
2106
3962
3063
3232
3114
3680
3555
4141
2922
3692
2898
3356
4942
4441
5262
5235
5896
4527
6658
6282
5031
5093
5556
4972
3088
-403
5433
3344
6823
5031
5234
3469
3788
4536
6213
5887
2719
6109
6084
6067
5924
149
4412
2893
1234
5951
5457
1446
5079
5293
1895
3501
4554
5071
6010
4638
4861
5493
7016
4944
7653
6391
6552
7291
7079
7013
3833
6750
120
6581
2517
3804
6757
5575
4509
6925
5617
6099
5929
5771
5726
6593
5154
5640
4853
4860
5892
5363
6463
5812
6645
4042
6766
4819
5600
7699
7920
7298
5512
1430
6168
4789
7950
6632
6763
4967
6127
6460
6956
7288
3016
7421
7178
8056
7266
2725
6709
5963
4328
7723
9423
5871
9142
8517
1814
4052
8135
7947
10422
8617
8582
9896
10308
8426
11788
4796
10360
11674
11020
12183
10823
11284
3140
11710
2972
6331
12292
10436
10187
12558
10659
12396
13132
12507
13268
13520
12548
13204
12781
12118
14747
13652
14928
14606
16146
13093
16415
10073
11270
14310
15578
16738
12899
10743
15575
12468
18369
16051
14679
10853
12548
15072
17389
17562
17854
17951
16953
17626
15204
14616
14757
9503
14802
16455
19416
21384
17948
19137
20763
18418
14680
3
-541
-126
53
-58
-222
-1244
-53
-453
213
-543
298
-156
-336
-710
-415
-537
-1938
-30
-470
-525
5
-1348
-446
-50
-1626
318
-584
-1787
-1
-334
-1629
-1199
53
-772
-543
-927
-278
-19
-441
-840
-218
-2030
-309
-393
-485
-819
-1197
22
-1491
61
-2167
-1448
-159
-467
-135
-257
-785
-392
-490
188
-121
-309
-711
-74
-400
-10
83
-183
-258
-721
-224
-705
-382
-1870
-556
-469
-265
-401
-490
-1292
-144
-397
-22
-791
103
-264
-406
-811
-500
-620
-1717
-53
-489
-568
-132
-1827
-572
-178
-1283
152
-612
-1836
-95
-317
-1157
-865
48
-762
-613
-1017
-297
-68
-397
-801
-278
-1919
-370
-367
-600
-1029
-1595
-124
-1403
38
-1579
-1300
-320
-678
-329
-385
-792
-573
-733
25
-318
-537
-808
-376
-677
-200
-187
-370
-305
-757
-301
-860
-501
-1605
-301
-268
-210
-539
-605
-1829
-162
-202
46
-691
126
-120
-206
-615
-311
-425
-1864
137
-148
-88
198
-1618
-299
-17
-1239
459
-252
-1826
62
-270
-1514
-693
279
-305
-281
-741
-191
165
-77
-493
16
-1478
-101
-44
-137
-485
-1231
180
-1446
269
-931
-571
147
-303
-246
-73
-316
130
-224
183
-228
-161
-492
51
-307
-45
55
-42
-110
-468
-147
-656
-313
-1349
-284
116
33
-232
-504
-1353
-155
-377
111
-549
60
-359
-518
-664
-341
-448
-1219
-8
-312
-266
11
-955
-396
-387
-892
220
-286
-794
-86
-506
-1793
-1142
-26
4
-620
-232
-46
-251
-463
-1869
-113
-585
190
-735
278
-244
-433
-888
-470
-657
-2438
-33
-486
-536
24
-1989
-595
-224
-2101
384
-654
-2267
-34
-417
-2033
-1416
81
-880
-664
-1200
-462
-27
-508
-1105
-298
-2558
-394
-403
-514
-968
-1644
1
-2161
78
-2464
-1662
-179
-595
-280
-301
-955
-475
-576
227
-140
-325
-845
-83
-500
-30
48
-359
-285
-810
-223
-1021
-452
-2489
-626
-404
-165
-398
-573
-2061
-178
-535
71
-902
172
-305
-451
-907
-483
-656
-2394
-60
-478
-522
1
-2272
-598
-249
-1915
338
-561
-2153
5
-334
-1865
-1249
171
-755
-546
-1125
-351
46
-307
-903
-156
-2464
-344
-256
-415
-886
-1616
64
-1944
201
-2019
-1462
-139
-589
-316
-270
-859
-441
-556
259
-128
-355
-788
-188
-538
-39
-7
-374
-182
-670
-93
-869
-404
-2199
-389
-200
3
-315
-467
-2119
-59
-222
277
-621
322
-65
-188
-615
-190
-291
-2123
283
-51
12
398
-1848
-201
66
-1769
753
-75
-1852
382
-17
-1717
-845
517
-221
-41
-631
-29
426
156
-370
371
-1608
147
227
187
-150
-953
619
-1449
668
-1150
-538
576
52
72
268
-197
350
81
551
187
254
-174
474
70
350
533
246
210
-174
291
-312
170
-1182
-87
374
392
192
-197
-1189
220
-229
589
-227
461
-118
-250
-382
59
-57
-957
446
109
98
404
-724
-76
-147
-759
680
32
-755
330
-31
-1226
-716
319
84
749
1061
2140
1504
792
-3241
1678
524
2727
2259
2199
1128
1529
1780
4007
4052
1220
3331
3840
4066
3611
-944
1929
637
-3874
3227
2823
511
3193
3186
-49
28
2268
2567
3150
2007
1446
2805
2961
1776
3656
642
2250
3437
3542
3713
1763
3735
-1955
3579
35
1609
3868
2898
2797
3609
2073
2067
2902
3508
3645
4176
3492
3658
2806
3500
3927
2569
3796
4122
5288
3711
5796
3664
3955
5675
6291
6314
4982
1290
5068
2298
6654
4672
5218
3335
3996
4792
6119
5934
1589
5654
5990
6015
6206
2971
4925
3565
337
6307
5188
1349
5384
5504
1297
2306
4340
4469
6017
5230
5374
5565
6272
4333
6940
3235
5785
6630
7438
7900
6790
7185
2644
6650
-263
1786
6498
5702
4852
6965
5192
5589
5856
5735
6153
6974
5648
6090
5201
5284
6000
4807
5811
5172
6240
4542
6286
2917
4119
5961
7139
7741
6392
6404
6960
5753
7894
5962
6605
4326
5457
6150
7089
7541
4770
7477
6927
7316
6807
2078
6090
6027
2902
7401
8316
4368
9048
9344
6012
5897
7904
7158
9576
7743
8250
9558
10068
8624
11326
4061
9495
10599
10099
11100
10551
11355
7112
12039
4430
5952
11665
9950
10224
12226
10008
10492
11465
11355
12634
12949
12871
13101
12528
12247
14288
12289
13732
13414
15265
12689
16266
13026
12065
13748
14703
15540
11907
10423
15677
13322
18050
15354
14342
10616
12526
15015
17422
17559
16726
17899
17292
17745
15253
14214
14258
10531
14584
15887
17668
14877
16437
18288
21514
20715
14912
52
88
495
1352
1019
632
-2231
918
-28
1663
904
1427
673
815
647
1993
2016
-591
1995
2136
2318
2258
-103
1185
840
-2838
2297
1370
-1019
2074
1999
-388
-368
1522
1219
1824
1015
1119
1862
1696
772
2206
-597
1247
1918
1925
1896
792
2354
-1427
2293
-1484
-102
2287
1679
1929
2312
1111
1028
1385
2189
2155
2447
1790
2244
1540
2181
2406
1426
1997
1776
2765
1695
3036
1053
1922
2988
3476
3561
2874
1265
3157
1554
3966
2212
3173
1774
2196
2495
3411
3264
381
3501
3369
3329
3718
925
2826
2316
387
3979
2876
-379
3243
3240
532
1213
2741
2207
3215
2518
3198
3400
3656
2371
4000
693
3160
3644
3995
4002
3159
4250
1864
4177
-309
486
3692
2984
2689
4098
2890
3250
3174
3504
3562
4006
3093
3689
2951
3220
3659
2806
3434
2688
3536
2217
3420
1032
2416
3337
4034
4128
3198
2849
4297
3841
4914
3315
4095
2542
3114
3351
4162
4353
1888
4698
4155
4465
4244
249
3402
3653
1095
4666
4756
1098
5297
5326
2794
3511
4976
4430
5665
4133
4704
5857
6111
5054
6938
1876
5719
6390
5924
6279
5312
6962
3419
7577
2942
3808
7323
5883
6048
7412
5979
6562
6880
7075
7437
7711
7351
8099
7600
7520
8843
7570
8368
7846
9184
7028
9631
6940
7307
8693
9120
9270
6870
4710
9399
7961
11182
9226
8909
6402
7373
8742
10537
10602
9148
11038
10497
10832
9558
7782
8579
6353
8074
9870
10519
7965
9782
10435
10426
11206
9118
12
-5
219
210
118
-74
-526
188
75
339
46
272
28
-58
-102
84
14
-546
190
40
56
192
-431
-60
-61
-520
250
-15
-343
66
-131
-790
-378
127
-93
-54
-237
-36
69
-15
-159
79
-573
2
-30
-24
-125
-399
116
-733
92
-519
-184
100
-119
-98
-149
-326
-49
-51
141
-37
-83
-251
54
-31
76
115
-28
-51
-183
10
-249
-133
-966
-248
-128
-21
-77
-154
-757
-98
-227
38
-122
97
-13
-139
-300
-115
-133
-530
43
-85
-94
43
-384
-104
-91
-583
121
-127
-320
54
-98
-621
-510
21
-267
-132
-250
-65
-65
-233
-356
-119
-636
-164
-167
-266
-384
-519
-94
-681
-90
-740
-460
-146
-251
-96
-302
-514
-443
-376
-23
-168
-355
-445
-336
-360
-174
-146
-154
-166
-315
-118
-258
-261
-783
-245
-231
-114
-165
-74
-549
-153
-214
-77
-274
44
58
-5
-246
-226
-221
-724
20
-70
-55
48
-488
-63
98
-509
192
-104
-603
101
-7
-428
-315
98
-225
-77
-120
121
120
-14
-152
18
-435
14
14
13
-96
-285
168
-252
157
-345
-157
159
65
93
75
-27
-28
-167
-23
-83
0
-39
14
-147
-61
28
92
-49
-138
-82
-52
-37
-1
-104
-10
-81
-55
-166
230
24
-198
-16
-297
-60
-238
-240
-221
-227
-342
-333
-149
-193
-233
-162
-46
-276
-318
31
-99
-337
-332
-290
-347
-180
-260
-276
