
*** Running vivado
    with args -log bd_85ad_interconnect8_7_0.vds -m64 -product Vivado -mode batch -messageDb vivado.pb -notrace -source bd_85ad_interconnect8_7_0.tcl


****** Vivado v2022.2 (64-bit)
  **** SW Build 3671981 on Fri Oct 14 04:59:54 MDT 2022
  **** IP Build 3669848 on Fri Oct 14 08:30:02 MDT 2022
    ** Copyright 1986-2022 Xilinx, Inc. All Rights Reserved.

source bd_85ad_interconnect8_7_0.tcl -notrace
INFO: Dispatch client connection id - 37729
INFO: [IP_Flow 19-234] Refreshing IP repositories
INFO: [IP_Flow 19-1700] Loaded user IP repository '/home/advent/Desktop/RC19/_x/link/int/xo/ip_repo/xilinx_com_hls_softmax_u55c_kernel_1_0'.
INFO: [IP_Flow 19-1700] Loaded user IP repository '/home/advent/Desktop/RC19/_x/link/int/xo/ip_repo/xilinx_com_hls_attention_score_u55c_kernel_1_0'.
INFO: [IP_Flow 19-1700] Loaded user IP repository '/home/advent/Desktop/RC19/_x/link/int/xo/ip_repo/xilinx_com_hls_causal_mask_u55c_kernel_1_0'.
INFO: [IP_Flow 19-1700] Loaded user IP repository '/home/advent/Desktop/RC19/_x/link/int/xo/ip_repo/xilinx_com_hls_score_scale_u55c_kernel_1_0'.
INFO: [IP_Flow 19-1700] Loaded user IP repository '/home/advent/Desktop/RC19/_x/link/vivado/vpl/.local/hw_platform/iprepo'.
INFO: [IP_Flow 19-1700] Loaded user IP repository '/home/advent/Desktop/RC19/_x/link/vivado/vpl/.local/hw_platform/ipcache'.
INFO: [IP_Flow 19-1700] Loaded user IP repository '/home/advent/Vivado/Vitis/2022.2/data/ip'.
INFO: [IP_Flow 19-2313] Loaded Vivado IP repository '/home/advent/Vivado/Vivado/2022.2/data/ip'.
WARNING: [IP_Flow 19-1663] Duplicate IP found for 'xilinx.com:ip:clk_metadata_adapter:1.0'. The one found in IP location '/home/advent/Desktop/RC19/_x/link/vivado/vpl/.local/hw_platform/iprepo/ipdefs/pxi_ii_infra/clk_metadata_adapter_v1_0' will take precedence over the same IP in location /home/advent/Desktop/RC19/_x/link/vivado/vpl/.local/hw_platform/iprepo/ipdefs/other_ipdefs/clk_metadata_adapter_v1_0
WARNING: [IP_Flow 19-1663] Duplicate IP found for 'xilinx.com:ip:pipeline_reg:1.0'. The one found in IP location '/home/advent/Desktop/RC19/_x/link/vivado/vpl/.local/hw_platform/iprepo/ipdefs/pxi_ii_infra/pipeline_reg_v1_0' will take precedence over the same IP in location /home/advent/Desktop/RC19/_x/link/vivado/vpl/.local/hw_platform/iprepo/ipdefs/other_ipdefs/pipeline_reg_v1_0
WARNING: [IP_Flow 19-1663] Duplicate IP found for 'xilinx.com:ip:axi_clk_metadata_adapter:1.0'. The one found in IP location '/home/advent/Desktop/RC19/_x/link/vivado/vpl/.local/hw_platform/iprepo/ipdefs/other_ipdefs/axi_clk_metadata_adapter_v1_0' will take precedence over the same IP in location /home/advent/Desktop/RC19/_x/link/vivado/vpl/.local/hw_platform/iprepo/ipdefs/pxi_ii_infra/axi_clk_metadata_adapter_v1_0
WARNING: [IP_Flow 19-1663] Duplicate IP found for 'xilinx.com:ip:shell_utils_build_info:1.0'. The one found in IP location '/home/advent/Desktop/RC19/_x/link/vivado/vpl/.local/hw_platform/iprepo/ipdefs/other_ipdefs/shell_utils_build_info_v1_0' will take precedence over the same IP in the Xilinx installed IP.
WARNING: [IP_Flow 19-1663] Duplicate IP found for 'xilinx.com:ip:axis_clk_metadata_adapter:1.0'. The one found in IP location '/home/advent/Desktop/RC19/_x/link/vivado/vpl/.local/hw_platform/iprepo/ipdefs/other_ipdefs/axis_clk_metadata_adapter_v1_0' will take precedence over the same IP in location /home/advent/Desktop/RC19/_x/link/vivado/vpl/.local/hw_platform/iprepo/ipdefs/pxi_ii_infra/axis_clk_metadata_adapter_v1_0
INFO: [IP_Flow 19-6924] IPCACHE: Running cache check for IP inst: bd_85ad_interconnect8_7_0
Command: synth_design -top bd_85ad_interconnect8_7_0 -part xcu55c-fsvh2892-2L-e -incremental_mode off -mode out_of_context
Starting synth_design
Attempting to get a license for feature 'Synthesis' and/or device 'xcu55c'
INFO: [Common 17-349] Got license for feature 'Synthesis' and/or device 'xcu55c'
INFO: [Device 21-403] Loading part xcu55c-fsvh2892-2L-e
INFO: [Synth 8-7079] Multithreading enabled for synth_design using a maximum of 1 processes.
INFO: [Synth 8-7078] Launching helper process for spawning children vivado processes
INFO: [Synth 8-7075] Helper process launched with PID 53504
INFO: [Synth 8-11241] undeclared symbol 'REGCCE', assumed default net type 'wire' [/home/advent/Vivado/Vivado/2022.2/data/verilog/src/unimacro/BRAM_SINGLE_MACRO.v:2170]
WARNING: [Synth 8-11067] parameter 'K_MAX_EP_ROUTE_WIDTH' declared inside package 'sc_util_v1_0_4_pkg' shall be treated as localparam [/home/advent/Desktop/RC19/_x/link/vivado/vpl/prj/prj.gen/my_rm/bd/ulp/ipshared/f0b6/hdl/sc_util_v1_0_vl_rfs.sv:87]
WARNING: [Synth 8-11067] parameter 'K_MAX_SC_ROUTE_WIDTH' declared inside package 'sc_util_v1_0_4_pkg' shall be treated as localparam [/home/advent/Desktop/RC19/_x/link/vivado/vpl/prj/prj.gen/my_rm/bd/ulp/ipshared/f0b6/hdl/sc_util_v1_0_vl_rfs.sv:88]
WARNING: [Synth 8-11067] parameter 'K_MAX_CMD_PTR' declared inside package 'sc_util_v1_0_4_pkg' shall be treated as localparam [/home/advent/Desktop/RC19/_x/link/vivado/vpl/prj/prj.gen/my_rm/bd/ulp/ipshared/f0b6/hdl/sc_util_v1_0_vl_rfs.sv:89]
WARNING: [Synth 8-11067] parameter 'K_MAX_LUTRAM_PTR' declared inside package 'sc_util_v1_0_4_pkg' shall be treated as localparam [/home/advent/Desktop/RC19/_x/link/vivado/vpl/prj/prj.gen/my_rm/bd/ulp/ipshared/f0b6/hdl/sc_util_v1_0_vl_rfs.sv:90]
WARNING: [Synth 8-11067] parameter 'K_MAX_BRAM_PTR' declared inside package 'sc_util_v1_0_4_pkg' shall be treated as localparam [/home/advent/Desktop/RC19/_x/link/vivado/vpl/prj/prj.gen/my_rm/bd/ulp/ipshared/f0b6/hdl/sc_util_v1_0_vl_rfs.sv:91]
WARNING: [Synth 8-11067] parameter 'K_MIN_BRAM_PTR' declared inside package 'sc_util_v1_0_4_pkg' shall be treated as localparam [/home/advent/Desktop/RC19/_x/link/vivado/vpl/prj/prj.gen/my_rm/bd/ulp/ipshared/f0b6/hdl/sc_util_v1_0_vl_rfs.sv:92]
WARNING: [Synth 8-11067] parameter 'K_MAX_SYNC_RATIO' declared inside package 'sc_util_v1_0_4_pkg' shall be treated as localparam [/home/advent/Desktop/RC19/_x/link/vivado/vpl/prj/prj.gen/my_rm/bd/ulp/ipshared/f0b6/hdl/sc_util_v1_0_vl_rfs.sv:93]
WARNING: [Synth 8-11067] parameter 'K_MAX_PIPELINES' declared inside package 'sc_util_v1_0_4_pkg' shall be treated as localparam [/home/advent/Desktop/RC19/_x/link/vivado/vpl/prj/prj.gen/my_rm/bd/ulp/ipshared/f0b6/hdl/sc_util_v1_0_vl_rfs.sv:94]
WARNING: [Synth 8-11067] parameter 'K_LOG_MAX_PIPELINES' declared inside package 'sc_util_v1_0_4_pkg' shall be treated as localparam [/home/advent/Desktop/RC19/_x/link/vivado/vpl/prj/prj.gen/my_rm/bd/ulp/ipshared/f0b6/hdl/sc_util_v1_0_vl_rfs.sv:95]
WARNING: [Synth 8-11067] parameter 'K_MAX_LATENCY' declared inside package 'sc_util_v1_0_4_pkg' shall be treated as localparam [/home/advent/Desktop/RC19/_x/link/vivado/vpl/prj/prj.gen/my_rm/bd/ulp/ipshared/f0b6/hdl/sc_util_v1_0_vl_rfs.sv:96]
WARNING: [Synth 8-11067] parameter 'K_LOG_MAX_LATENCY' declared inside package 'sc_util_v1_0_4_pkg' shall be treated as localparam [/home/advent/Desktop/RC19/_x/link/vivado/vpl/prj/prj.gen/my_rm/bd/ulp/ipshared/f0b6/hdl/sc_util_v1_0_vl_rfs.sv:97]
WARNING: [Synth 8-11067] parameter 'K_AXIS_ARB_TDATA_NUM_BYTES' declared inside package 'sc_util_v1_0_4_pkg' shall be treated as localparam [/home/advent/Desktop/RC19/_x/link/vivado/vpl/prj/prj.gen/my_rm/bd/ulp/ipshared/f0b6/hdl/sc_util_v1_0_vl_rfs.sv:98]
WARNING: [Synth 8-11067] parameter 'K_MAX_USER_BITS_PER_BYTE' declared inside package 'sc_util_v1_0_4_pkg' shall be treated as localparam [/home/advent/Desktop/RC19/_x/link/vivado/vpl/prj/prj.gen/my_rm/bd/ulp/ipshared/f0b6/hdl/sc_util_v1_0_vl_rfs.sv:99]
WARNING: [Synth 8-11067] parameter 'K_MAX_INFO_WIDTH' declared inside package 'sc_util_v1_0_4_pkg' shall be treated as localparam [/home/advent/Desktop/RC19/_x/link/vivado/vpl/prj/prj.gen/my_rm/bd/ulp/ipshared/f0b6/hdl/sc_util_v1_0_vl_rfs.sv:100]
WARNING: [Synth 8-11067] parameter 'K_MAX_OUTSTANDING_REQ' declared inside package 'sc_util_v1_0_4_pkg' shall be treated as localparam [/home/advent/Desktop/RC19/_x/link/vivado/vpl/prj/prj.gen/my_rm/bd/ulp/ipshared/f0b6/hdl/sc_util_v1_0_vl_rfs.sv:101]
WARNING: [Synth 8-11067] parameter 'K_AXI_SIZE_WIDTH' declared inside package 'sc_util_v1_0_4_pkg' shall be treated as localparam [/home/advent/Desktop/RC19/_x/link/vivado/vpl/prj/prj.gen/my_rm/bd/ulp/ipshared/f0b6/hdl/sc_util_v1_0_vl_rfs.sv:102]
WARNING: [Synth 8-11067] parameter 'K_AXI_BURST_WIDTH' declared inside package 'sc_util_v1_0_4_pkg' shall be treated as localparam [/home/advent/Desktop/RC19/_x/link/vivado/vpl/prj/prj.gen/my_rm/bd/ulp/ipshared/f0b6/hdl/sc_util_v1_0_vl_rfs.sv:103]
WARNING: [Synth 8-11067] parameter 'K_AXI_RESP_WIDTH' declared inside package 'sc_util_v1_0_4_pkg' shall be treated as localparam [/home/advent/Desktop/RC19/_x/link/vivado/vpl/prj/prj.gen/my_rm/bd/ulp/ipshared/f0b6/hdl/sc_util_v1_0_vl_rfs.sv:104]
WARNING: [Synth 8-11067] parameter 'K_AXI_LAST_WIDTH' declared inside package 'sc_util_v1_0_4_pkg' shall be treated as localparam [/home/advent/Desktop/RC19/_x/link/vivado/vpl/prj/prj.gen/my_rm/bd/ulp/ipshared/f0b6/hdl/sc_util_v1_0_vl_rfs.sv:105]
WARNING: [Synth 8-11067] parameter 'K_AXI_LEN_WIDTH' declared inside package 'sc_util_v1_0_4_pkg' shall be treated as localparam [/home/advent/Desktop/RC19/_x/link/vivado/vpl/prj/prj.gen/my_rm/bd/ulp/ipshared/f0b6/hdl/sc_util_v1_0_vl_rfs.sv:106]
WARNING: [Synth 8-11067] parameter 'K_AXI_EXCL_LEN_WIDTH' declared inside package 'sc_util_v1_0_4_pkg' shall be treated as localparam [/home/advent/Desktop/RC19/_x/link/vivado/vpl/prj/prj.gen/my_rm/bd/ulp/ipshared/f0b6/hdl/sc_util_v1_0_vl_rfs.sv:107]
WARNING: [Synth 8-11067] parameter 'K_AXI_LOCK_WIDTH' declared inside package 'sc_util_v1_0_4_pkg' shall be treated as localparam [/home/advent/Desktop/RC19/_x/link/vivado/vpl/prj/prj.gen/my_rm/bd/ulp/ipshared/f0b6/hdl/sc_util_v1_0_vl_rfs.sv:108]
WARNING: [Synth 8-11067] parameter 'K_AXI3_LEN_WIDTH' declared inside package 'sc_util_v1_0_4_pkg' shall be treated as localparam [/home/advent/Desktop/RC19/_x/link/vivado/vpl/prj/prj.gen/my_rm/bd/ulp/ipshared/f0b6/hdl/sc_util_v1_0_vl_rfs.sv:109]
WARNING: [Synth 8-11067] parameter 'K_AXI3_LOCK_WIDTH' declared inside package 'sc_util_v1_0_4_pkg' shall be treated as localparam [/home/advent/Desktop/RC19/_x/link/vivado/vpl/prj/prj.gen/my_rm/bd/ulp/ipshared/f0b6/hdl/sc_util_v1_0_vl_rfs.sv:110]
WARNING: [Synth 8-11067] parameter 'K_AXI_PROT_WIDTH' declared inside package 'sc_util_v1_0_4_pkg' shall be treated as localparam [/home/advent/Desktop/RC19/_x/link/vivado/vpl/prj/prj.gen/my_rm/bd/ulp/ipshared/f0b6/hdl/sc_util_v1_0_vl_rfs.sv:111]
WARNING: [Synth 8-11067] parameter 'K_AXI_QOS_WIDTH' declared inside package 'sc_util_v1_0_4_pkg' shall be treated as localparam [/home/advent/Desktop/RC19/_x/link/vivado/vpl/prj/prj.gen/my_rm/bd/ulp/ipshared/f0b6/hdl/sc_util_v1_0_vl_rfs.sv:112]
WARNING: [Synth 8-11067] parameter 'K_AXI_CACHE_WIDTH' declared inside package 'sc_util_v1_0_4_pkg' shall be treated as localparam [/home/advent/Desktop/RC19/_x/link/vivado/vpl/prj/prj.gen/my_rm/bd/ulp/ipshared/f0b6/hdl/sc_util_v1_0_vl_rfs.sv:113]
WARNING: [Synth 8-11067] parameter 'K_MAX_ACCEPTANCE' declared inside package 'sc_util_v1_0_4_pkg' shall be treated as localparam [/home/advent/Desktop/RC19/_x/link/vivado/vpl/prj/prj.gen/my_rm/bd/ulp/ipshared/f0b6/hdl/sc_util_v1_0_vl_rfs.sv:114]
WARNING: [Synth 8-11067] parameter 'K_MAX_FANOUT' declared inside package 'sc_util_v1_0_4_pkg' shall be treated as localparam [/home/advent/Desktop/RC19/_x/link/vivado/vpl/prj/prj.gen/my_rm/bd/ulp/ipshared/f0b6/hdl/sc_util_v1_0_vl_rfs.sv:115]
WARNING: [Synth 8-11067] parameter 'K_MAX_READ_WATERMARK' declared inside package 'sc_util_v1_0_4_pkg' shall be treated as localparam [/home/advent/Desktop/RC19/_x/link/vivado/vpl/prj/prj.gen/my_rm/bd/ulp/ipshared/f0b6/hdl/sc_util_v1_0_vl_rfs.sv:116]
WARNING: [Synth 8-11067] parameter 'K_MAX_BURST_LENGTH' declared inside package 'sc_util_v1_0_4_pkg' shall be treated as localparam [/home/advent/Desktop/RC19/_x/link/vivado/vpl/prj/prj.gen/my_rm/bd/ulp/ipshared/f0b6/hdl/sc_util_v1_0_vl_rfs.sv:117]
WARNING: [Synth 8-11067] parameter 'CH_R' declared inside package 'sc_util_v1_0_4_pkg' shall be treated as localparam [/home/advent/Desktop/RC19/_x/link/vivado/vpl/prj/prj.gen/my_rm/bd/ulp/ipshared/f0b6/hdl/sc_util_v1_0_vl_rfs.sv:164]
WARNING: [Synth 8-11067] parameter 'CH_W' declared inside package 'sc_util_v1_0_4_pkg' shall be treated as localparam [/home/advent/Desktop/RC19/_x/link/vivado/vpl/prj/prj.gen/my_rm/bd/ulp/ipshared/f0b6/hdl/sc_util_v1_0_vl_rfs.sv:165]
WARNING: [Synth 8-11067] parameter 'CH_AR' declared inside package 'sc_util_v1_0_4_pkg' shall be treated as localparam [/home/advent/Desktop/RC19/_x/link/vivado/vpl/prj/prj.gen/my_rm/bd/ulp/ipshared/f0b6/hdl/sc_util_v1_0_vl_rfs.sv:166]
WARNING: [Synth 8-11067] parameter 'CH_AW' declared inside package 'sc_util_v1_0_4_pkg' shall be treated as localparam [/home/advent/Desktop/RC19/_x/link/vivado/vpl/prj/prj.gen/my_rm/bd/ulp/ipshared/f0b6/hdl/sc_util_v1_0_vl_rfs.sv:167]
WARNING: [Synth 8-11067] parameter 'CH_B' declared inside package 'sc_util_v1_0_4_pkg' shall be treated as localparam [/home/advent/Desktop/RC19/_x/link/vivado/vpl/prj/prj.gen/my_rm/bd/ulp/ipshared/f0b6/hdl/sc_util_v1_0_vl_rfs.sv:168]
WARNING: [Synth 8-11067] parameter 'CLK_DOWN' declared inside package 'sc_util_v1_0_4_pkg' shall be treated as localparam [/home/advent/Desktop/RC19/_x/link/vivado/vpl/prj/prj.gen/my_rm/bd/ulp/ipshared/f0b6/hdl/sc_util_v1_0_vl_rfs.sv:170]
WARNING: [Synth 8-11067] parameter 'CLK_SYNC_ALIAS' declared inside package 'sc_util_v1_0_4_pkg' shall be treated as localparam [/home/advent/Desktop/RC19/_x/link/vivado/vpl/prj/prj.gen/my_rm/bd/ulp/ipshared/f0b6/hdl/sc_util_v1_0_vl_rfs.sv:171]
WARNING: [Synth 8-11067] parameter 'CLK_ASYNC' declared inside package 'sc_util_v1_0_4_pkg' shall be treated as localparam [/home/advent/Desktop/RC19/_x/link/vivado/vpl/prj/prj.gen/my_rm/bd/ulp/ipshared/f0b6/hdl/sc_util_v1_0_vl_rfs.sv:172]
WARNING: [Synth 8-11067] parameter 'CLK_SYNC' declared inside package 'sc_util_v1_0_4_pkg' shall be treated as localparam [/home/advent/Desktop/RC19/_x/link/vivado/vpl/prj/prj.gen/my_rm/bd/ulp/ipshared/f0b6/hdl/sc_util_v1_0_vl_rfs.sv:173]
WARNING: [Synth 8-11067] parameter 'CLK_UP' declared inside package 'sc_util_v1_0_4_pkg' shall be treated as localparam [/home/advent/Desktop/RC19/_x/link/vivado/vpl/prj/prj.gen/my_rm/bd/ulp/ipshared/f0b6/hdl/sc_util_v1_0_vl_rfs.sv:174]
WARNING: [Synth 8-11067] parameter 'CLKEN_NONE' declared inside package 'sc_util_v1_0_4_pkg' shall be treated as localparam [/home/advent/Desktop/RC19/_x/link/vivado/vpl/prj/prj.gen/my_rm/bd/ulp/ipshared/f0b6/hdl/sc_util_v1_0_vl_rfs.sv:176]
WARNING: [Synth 8-11067] parameter 'CLKEN_S' declared inside package 'sc_util_v1_0_4_pkg' shall be treated as localparam [/home/advent/Desktop/RC19/_x/link/vivado/vpl/prj/prj.gen/my_rm/bd/ulp/ipshared/f0b6/hdl/sc_util_v1_0_vl_rfs.sv:177]
WARNING: [Synth 8-11067] parameter 'CLKEN_M' declared inside package 'sc_util_v1_0_4_pkg' shall be treated as localparam [/home/advent/Desktop/RC19/_x/link/vivado/vpl/prj/prj.gen/my_rm/bd/ulp/ipshared/f0b6/hdl/sc_util_v1_0_vl_rfs.sv:178]
WARNING: [Synth 8-11067] parameter 'CLKEN_S_AND_M' declared inside package 'sc_util_v1_0_4_pkg' shall be treated as localparam [/home/advent/Desktop/RC19/_x/link/vivado/vpl/prj/prj.gen/my_rm/bd/ulp/ipshared/f0b6/hdl/sc_util_v1_0_vl_rfs.sv:179]
WARNING: [Synth 8-11067] parameter 'ARB_BYPASS' declared inside package 'sc_util_v1_0_4_pkg' shall be treated as localparam [/home/advent/Desktop/RC19/_x/link/vivado/vpl/prj/prj.gen/my_rm/bd/ulp/ipshared/f0b6/hdl/sc_util_v1_0_vl_rfs.sv:180]
WARNING: [Synth 8-11067] parameter 'ARB_ROUNDROBIN' declared inside package 'sc_util_v1_0_4_pkg' shall be treated as localparam [/home/advent/Desktop/RC19/_x/link/vivado/vpl/prj/prj.gen/my_rm/bd/ulp/ipshared/f0b6/hdl/sc_util_v1_0_vl_rfs.sv:181]
WARNING: [Synth 8-11067] parameter 'ARB_SLAVE' declared inside package 'sc_util_v1_0_4_pkg' shall be treated as localparam [/home/advent/Desktop/RC19/_x/link/vivado/vpl/prj/prj.gen/my_rm/bd/ulp/ipshared/f0b6/hdl/sc_util_v1_0_vl_rfs.sv:182]
WARNING: [Synth 8-11067] parameter 'FIFO_LUTRAM' declared inside package 'sc_util_v1_0_4_pkg' shall be treated as localparam [/home/advent/Desktop/RC19/_x/link/vivado/vpl/prj/prj.gen/my_rm/bd/ulp/ipshared/f0b6/hdl/sc_util_v1_0_vl_rfs.sv:183]
WARNING: [Synth 8-11067] parameter 'FIFO_BRAM' declared inside package 'sc_util_v1_0_4_pkg' shall be treated as localparam [/home/advent/Desktop/RC19/_x/link/vivado/vpl/prj/prj.gen/my_rm/bd/ulp/ipshared/f0b6/hdl/sc_util_v1_0_vl_rfs.sv:184]
WARNING: [Synth 8-11067] parameter 'FIFO_NONE' declared inside package 'sc_util_v1_0_4_pkg' shall be treated as localparam [/home/advent/Desktop/RC19/_x/link/vivado/vpl/prj/prj.gen/my_rm/bd/ulp/ipshared/f0b6/hdl/sc_util_v1_0_vl_rfs.sv:185]
WARNING: [Synth 8-11067] parameter 'FIFO_IP_XPM_MEMORY' declared inside package 'sc_util_v1_0_4_pkg' shall be treated as localparam [/home/advent/Desktop/RC19/_x/link/vivado/vpl/prj/prj.gen/my_rm/bd/ulp/ipshared/f0b6/hdl/sc_util_v1_0_vl_rfs.sv:186]
WARNING: [Synth 8-11067] parameter 'FIFO_IP_FG' declared inside package 'sc_util_v1_0_4_pkg' shall be treated as localparam [/home/advent/Desktop/RC19/_x/link/vivado/vpl/prj/prj.gen/my_rm/bd/ulp/ipshared/f0b6/hdl/sc_util_v1_0_vl_rfs.sv:187]
WARNING: [Synth 8-11067] parameter 'FIFO_IP_XPM_FIFO' declared inside package 'sc_util_v1_0_4_pkg' shall be treated as localparam [/home/advent/Desktop/RC19/_x/link/vivado/vpl/prj/prj.gen/my_rm/bd/ulp/ipshared/f0b6/hdl/sc_util_v1_0_vl_rfs.sv:188]
WARNING: [Synth 8-11067] parameter 'K_T_STRUCT_EXCLUSIVE_WIDTH' declared inside package 'sc_util_v1_0_4_pkg' shall be treated as localparam [/home/advent/Desktop/RC19/_x/link/vivado/vpl/prj/prj.gen/my_rm/bd/ulp/ipshared/f0b6/hdl/sc_util_v1_0_vl_rfs.sv:230]
WARNING: [Synth 8-11067] parameter 'K_T_STATIC_ADDR_PAYLD_WIDTH' declared inside package 'sc_util_v1_0_4_pkg' shall be treated as localparam [/home/advent/Desktop/RC19/_x/link/vivado/vpl/prj/prj.gen/my_rm/bd/ulp/ipshared/f0b6/hdl/sc_util_v1_0_vl_rfs.sv:232]
WARNING: [Synth 8-11067] parameter 'K_T_STATIC_RDATA_PAYLD_WIDTH' declared inside package 'sc_util_v1_0_4_pkg' shall be treated as localparam [/home/advent/Desktop/RC19/_x/link/vivado/vpl/prj/prj.gen/my_rm/bd/ulp/ipshared/f0b6/hdl/sc_util_v1_0_vl_rfs.sv:240]
WARNING: [Synth 8-11067] parameter 'K_T_STATIC_WDATA_PAYLD_WIDTH' declared inside package 'sc_util_v1_0_4_pkg' shall be treated as localparam [/home/advent/Desktop/RC19/_x/link/vivado/vpl/prj/prj.gen/my_rm/bd/ulp/ipshared/f0b6/hdl/sc_util_v1_0_vl_rfs.sv:244]
WARNING: [Synth 8-11067] parameter 'K_T_STATIC_BRSP_PAYLD_WIDTH' declared inside package 'sc_util_v1_0_4_pkg' shall be treated as localparam [/home/advent/Desktop/RC19/_x/link/vivado/vpl/prj/prj.gen/my_rm/bd/ulp/ipshared/f0b6/hdl/sc_util_v1_0_vl_rfs.sv:247]
WARNING: [Synth 8-11067] parameter 'K_T_EXCLUSIVE_WIDTH' declared inside package 'sc_util_v1_0_4_pkg' shall be treated as localparam [/home/advent/Desktop/RC19/_x/link/vivado/vpl/prj/prj.gen/my_rm/bd/ulp/ipshared/f0b6/hdl/sc_util_v1_0_vl_rfs.sv:253]
WARNING: [Synth 8-11067] parameter 'K_T_ADDR_AUGMENT_WIDTH' declared inside package 'sc_util_v1_0_4_pkg' shall be treated as localparam [/home/advent/Desktop/RC19/_x/link/vivado/vpl/prj/prj.gen/my_rm/bd/ulp/ipshared/f0b6/hdl/sc_util_v1_0_vl_rfs.sv:256]
WARNING: [Synth 8-11067] parameter 'K_T_DATA_AUGMENT_WIDTH' declared inside package 'sc_util_v1_0_4_pkg' shall be treated as localparam [/home/advent/Desktop/RC19/_x/link/vivado/vpl/prj/prj.gen/my_rm/bd/ulp/ipshared/f0b6/hdl/sc_util_v1_0_vl_rfs.sv:259]
WARNING: [Synth 8-11067] parameter 'K_T_BRSP_AUGMENT_WIDTH' declared inside package 'sc_util_v1_0_4_pkg' shall be treated as localparam [/home/advent/Desktop/RC19/_x/link/vivado/vpl/prj/prj.gen/my_rm/bd/ulp/ipshared/f0b6/hdl/sc_util_v1_0_vl_rfs.sv:261]
WARNING: [Synth 8-11067] parameter 'K_USABLE_T_ADDR_CASCADE_WIDTH' declared inside package 'sc_util_v1_0_4_pkg' shall be treated as localparam [/home/advent/Desktop/RC19/_x/link/vivado/vpl/prj/prj.gen/my_rm/bd/ulp/ipshared/f0b6/hdl/sc_util_v1_0_vl_rfs.sv:263]
WARNING: [Synth 8-11067] parameter 'K_USABLE_T_DATA_CASCADE_WIDTH' declared inside package 'sc_util_v1_0_4_pkg' shall be treated as localparam [/home/advent/Desktop/RC19/_x/link/vivado/vpl/prj/prj.gen/my_rm/bd/ulp/ipshared/f0b6/hdl/sc_util_v1_0_vl_rfs.sv:265]
WARNING: [Synth 8-11067] parameter 'K_USABLE_T_BRSP_CASCADE_WIDTH' declared inside package 'sc_util_v1_0_4_pkg' shall be treated as localparam [/home/advent/Desktop/RC19/_x/link/vivado/vpl/prj/prj.gen/my_rm/bd/ulp/ipshared/f0b6/hdl/sc_util_v1_0_vl_rfs.sv:267]
WARNING: [Synth 8-11067] parameter 'K_T_CASCADE_WIDTH' declared inside package 'sc_util_v1_0_4_pkg' shall be treated as localparam [/home/advent/Desktop/RC19/_x/link/vivado/vpl/prj/prj.gen/my_rm/bd/ulp/ipshared/f0b6/hdl/sc_util_v1_0_vl_rfs.sv:270]
WARNING: [Synth 8-11067] parameter 'K_T_SEG_LEN_WIDTH' declared inside package 'sc_util_v1_0_4_pkg' shall be treated as localparam [/home/advent/Desktop/RC19/_x/link/vivado/vpl/prj/prj.gen/my_rm/bd/ulp/ipshared/f0b6/hdl/sc_util_v1_0_vl_rfs.sv:304]
WARNING: [Synth 8-11067] parameter 'K_USABLE_T_ADDR_SIDEBAND_WIDTH' declared inside package 'sc_util_v1_0_4_pkg' shall be treated as localparam [/home/advent/Desktop/RC19/_x/link/vivado/vpl/prj/prj.gen/my_rm/bd/ulp/ipshared/f0b6/hdl/sc_util_v1_0_vl_rfs.sv:305]
WARNING: [Synth 8-11067] parameter 'K_USABLE_T_DATA_SIDEBAND_WIDTH' declared inside package 'sc_util_v1_0_4_pkg' shall be treated as localparam [/home/advent/Desktop/RC19/_x/link/vivado/vpl/prj/prj.gen/my_rm/bd/ulp/ipshared/f0b6/hdl/sc_util_v1_0_vl_rfs.sv:308]
WARNING: [Synth 8-11067] parameter 'K_USABLE_T_BRSP_SIDEBAND_WIDTH' declared inside package 'sc_util_v1_0_4_pkg' shall be treated as localparam [/home/advent/Desktop/RC19/_x/link/vivado/vpl/prj/prj.gen/my_rm/bd/ulp/ipshared/f0b6/hdl/sc_util_v1_0_vl_rfs.sv:310]
WARNING: [Synth 8-11067] parameter 'K_T_SIDEBAND_WIDTH' declared inside package 'sc_util_v1_0_4_pkg' shall be treated as localparam [/home/advent/Desktop/RC19/_x/link/vivado/vpl/prj/prj.gen/my_rm/bd/ulp/ipshared/f0b6/hdl/sc_util_v1_0_vl_rfs.sv:313]
WARNING: [Synth 8-11067] parameter 'K_USABLE_T_AXPAYLD_WIDTH' declared inside package 'sc_util_v1_0_4_pkg' shall be treated as localparam [/home/advent/Desktop/RC19/_x/link/vivado/vpl/prj/prj.gen/my_rm/bd/ulp/ipshared/f0b6/hdl/sc_util_v1_0_vl_rfs.sv:341]
WARNING: [Synth 8-11067] parameter 'K_USABLE_T_WPAYLD_WIDTH' declared inside package 'sc_util_v1_0_4_pkg' shall be treated as localparam [/home/advent/Desktop/RC19/_x/link/vivado/vpl/prj/prj.gen/my_rm/bd/ulp/ipshared/f0b6/hdl/sc_util_v1_0_vl_rfs.sv:348]
WARNING: [Synth 8-11067] parameter 'K_USABLE_T_RPAYLD_WIDTH' declared inside package 'sc_util_v1_0_4_pkg' shall be treated as localparam [/home/advent/Desktop/RC19/_x/link/vivado/vpl/prj/prj.gen/my_rm/bd/ulp/ipshared/f0b6/hdl/sc_util_v1_0_vl_rfs.sv:352]
WARNING: [Synth 8-11067] parameter 'K_USABLE_T_BPAYLD_WIDTH' declared inside package 'sc_util_v1_0_4_pkg' shall be treated as localparam [/home/advent/Desktop/RC19/_x/link/vivado/vpl/prj/prj.gen/my_rm/bd/ulp/ipshared/f0b6/hdl/sc_util_v1_0_vl_rfs.sv:357]
WARNING: [Synth 8-11067] parameter 'K_T_PAYLD_WIDTH' declared inside package 'sc_util_v1_0_4_pkg' shall be treated as localparam [/home/advent/Desktop/RC19/_x/link/vivado/vpl/prj/prj.gen/my_rm/bd/ulp/ipshared/f0b6/hdl/sc_util_v1_0_vl_rfs.sv:361]
WARNING: [Synth 8-11067] parameter 'K_MAX_PAYLD_WIDTH' declared inside package 'sc_util_v1_0_4_pkg' shall be treated as localparam [/home/advent/Desktop/RC19/_x/link/vivado/vpl/prj/prj.gen/my_rm/bd/ulp/ipshared/f0b6/hdl/sc_util_v1_0_vl_rfs.sv:362]
WARNING: [Synth 8-11067] parameter 'K_USABLE_T_AXVECTOR_WIDTH' declared inside package 'sc_util_v1_0_4_pkg' shall be treated as localparam [/home/advent/Desktop/RC19/_x/link/vivado/vpl/prj/prj.gen/my_rm/bd/ulp/ipshared/f0b6/hdl/sc_util_v1_0_vl_rfs.sv:547]
WARNING: [Synth 8-11067] parameter 'K_USABLE_T_WVECTOR_WIDTH' declared inside package 'sc_util_v1_0_4_pkg' shall be treated as localparam [/home/advent/Desktop/RC19/_x/link/vivado/vpl/prj/prj.gen/my_rm/bd/ulp/ipshared/f0b6/hdl/sc_util_v1_0_vl_rfs.sv:557]
WARNING: [Synth 8-11067] parameter 'K_USABLE_T_RVECTOR_WIDTH' declared inside package 'sc_util_v1_0_4_pkg' shall be treated as localparam [/home/advent/Desktop/RC19/_x/link/vivado/vpl/prj/prj.gen/my_rm/bd/ulp/ipshared/f0b6/hdl/sc_util_v1_0_vl_rfs.sv:561]
WARNING: [Synth 8-11067] parameter 'K_USABLE_T_BVECTOR_WIDTH' declared inside package 'sc_util_v1_0_4_pkg' shall be treated as localparam [/home/advent/Desktop/RC19/_x/link/vivado/vpl/prj/prj.gen/my_rm/bd/ulp/ipshared/f0b6/hdl/sc_util_v1_0_vl_rfs.sv:566]
WARNING: [Synth 8-11067] parameter 'K_STATIC_AXVECTOR_WIDTH' declared inside package 'sc_util_v1_0_4_pkg' shall be treated as localparam [/home/advent/Desktop/RC19/_x/link/vivado/vpl/prj/prj.gen/my_rm/bd/ulp/ipshared/f0b6/hdl/sc_util_v1_0_vl_rfs.sv:574]
WARNING: [Synth 8-11067] parameter 'K_STATIC_WVECTOR_WIDTH' declared inside package 'sc_util_v1_0_4_pkg' shall be treated as localparam [/home/advent/Desktop/RC19/_x/link/vivado/vpl/prj/prj.gen/my_rm/bd/ulp/ipshared/f0b6/hdl/sc_util_v1_0_vl_rfs.sv:584]
WARNING: [Synth 8-11067] parameter 'K_STATIC_RVECTOR_WIDTH' declared inside package 'sc_util_v1_0_4_pkg' shall be treated as localparam [/home/advent/Desktop/RC19/_x/link/vivado/vpl/prj/prj.gen/my_rm/bd/ulp/ipshared/f0b6/hdl/sc_util_v1_0_vl_rfs.sv:588]
WARNING: [Synth 8-11067] parameter 'K_STATIC_BVECTOR_WIDTH' declared inside package 'sc_util_v1_0_4_pkg' shall be treated as localparam [/home/advent/Desktop/RC19/_x/link/vivado/vpl/prj/prj.gen/my_rm/bd/ulp/ipshared/f0b6/hdl/sc_util_v1_0_vl_rfs.sv:593]
WARNING: [Synth 8-11067] parameter 'K_T_VECTOR_WIDTH' declared inside package 'sc_util_v1_0_4_pkg' shall be treated as localparam [/home/advent/Desktop/RC19/_x/link/vivado/vpl/prj/prj.gen/my_rm/bd/ulp/ipshared/f0b6/hdl/sc_util_v1_0_vl_rfs.sv:596]
WARNING: [Synth 8-11067] parameter 'K_MAX_VECTOR_WIDTH' declared inside package 'sc_util_v1_0_4_pkg' shall be treated as localparam [/home/advent/Desktop/RC19/_x/link/vivado/vpl/prj/prj.gen/my_rm/bd/ulp/ipshared/f0b6/hdl/sc_util_v1_0_vl_rfs.sv:597]
WARNING: [Synth 8-11067] parameter 'K_MAX_NUM_MNOC' declared inside package 'sc_util_v1_0_4_pkg_noc' shall be treated as localparam [/home/advent/Desktop/RC19/_x/link/vivado/vpl/prj/prj.gen/my_rm/bd/ulp/ipshared/f0b6/hdl/sc_util_v1_0_vl_rfs.sv:674]
WARNING: [Synth 8-11067] parameter 'K_MAX_NUM_SNOC' declared inside package 'sc_util_v1_0_4_pkg_noc' shall be treated as localparam [/home/advent/Desktop/RC19/_x/link/vivado/vpl/prj/prj.gen/my_rm/bd/ulp/ipshared/f0b6/hdl/sc_util_v1_0_vl_rfs.sv:675]
WARNING: [Synth 8-11067] parameter 'NOC_MAX_SCHED_LEN' declared inside package 'sc_util_v1_0_4_pkg_noc' shall be treated as localparam [/home/advent/Desktop/RC19/_x/link/vivado/vpl/prj/prj.gen/my_rm/bd/ulp/ipshared/f0b6/hdl/sc_util_v1_0_vl_rfs.sv:676]
WARNING: [Synth 8-11067] parameter 'NOC_MAX_TKN_WIDTH' declared inside package 'sc_util_v1_0_4_pkg_noc' shall be treated as localparam [/home/advent/Desktop/RC19/_x/link/vivado/vpl/prj/prj.gen/my_rm/bd/ulp/ipshared/f0b6/hdl/sc_util_v1_0_vl_rfs.sv:677]
WARNING: [Synth 8-11067] parameter 'NOC_MAX_RTR_ADDR_WIDTH' declared inside package 'sc_util_v1_0_4_pkg_noc' shall be treated as localparam [/home/advent/Desktop/RC19/_x/link/vivado/vpl/prj/prj.gen/my_rm/bd/ulp/ipshared/f0b6/hdl/sc_util_v1_0_vl_rfs.sv:678]
WARNING: [Synth 8-11067] parameter 'NOC_PORT_EJECT' declared inside package 'sc_util_v1_0_4_pkg_noc' shall be treated as localparam [/home/advent/Desktop/RC19/_x/link/vivado/vpl/prj/prj.gen/my_rm/bd/ulp/ipshared/f0b6/hdl/sc_util_v1_0_vl_rfs.sv:679]
WARNING: [Synth 8-11067] parameter 'NOC_PORT_ASCEND' declared inside package 'sc_util_v1_0_4_pkg_noc' shall be treated as localparam [/home/advent/Desktop/RC19/_x/link/vivado/vpl/prj/prj.gen/my_rm/bd/ulp/ipshared/f0b6/hdl/sc_util_v1_0_vl_rfs.sv:680]
WARNING: [Synth 8-11067] parameter 'NOC_PORT_DESCEND' declared inside package 'sc_util_v1_0_4_pkg_noc' shall be treated as localparam [/home/advent/Desktop/RC19/_x/link/vivado/vpl/prj/prj.gen/my_rm/bd/ulp/ipshared/f0b6/hdl/sc_util_v1_0_vl_rfs.sv:681]
WARNING: [Synth 8-11067] parameter 'NOC_PORT_THROUGH' declared inside package 'sc_util_v1_0_4_pkg_noc' shall be treated as localparam [/home/advent/Desktop/RC19/_x/link/vivado/vpl/prj/prj.gen/my_rm/bd/ulp/ipshared/f0b6/hdl/sc_util_v1_0_vl_rfs.sv:682]
WARNING: [Synth 8-11067] parameter 'NOC_TOKEN_THROUGH' declared inside package 'sc_util_v1_0_4_pkg_noc' shall be treated as localparam [/home/advent/Desktop/RC19/_x/link/vivado/vpl/prj/prj.gen/my_rm/bd/ulp/ipshared/f0b6/hdl/sc_util_v1_0_vl_rfs.sv:683]
WARNING: [Synth 8-11067] parameter 'NOC_TOKEN_ASCEND' declared inside package 'sc_util_v1_0_4_pkg_noc' shall be treated as localparam [/home/advent/Desktop/RC19/_x/link/vivado/vpl/prj/prj.gen/my_rm/bd/ulp/ipshared/f0b6/hdl/sc_util_v1_0_vl_rfs.sv:684]
WARNING: [Synth 8-11067] parameter 'NOC_TOKEN_DESCEND' declared inside package 'sc_util_v1_0_4_pkg_noc' shall be treated as localparam [/home/advent/Desktop/RC19/_x/link/vivado/vpl/prj/prj.gen/my_rm/bd/ulp/ipshared/f0b6/hdl/sc_util_v1_0_vl_rfs.sv:685]
INFO: [Common 17-14] Message 'Synth 8-11067' appears 100 times and further instances of the messages will be disabled. Use the Tcl command set_msg_config to change the current settings.
WARNING: [Synth 8-11014] non-net output port 'upsizer_valid' cannot be initialized at declaration in SystemVerilog mode [/home/advent/Desktop/RC19/_x/link/vivado/vpl/prj/prj.gen/my_rm/bd/ulp/ipshared/66be/hdl/sc_node_v1_0_vl_rfs.sv:2589]
---------------------------------------------------------------------------------
Starting RTL Elaboration : Time (s): cpu = 00:00:03 ; elapsed = 00:00:03 . Memory (MB): peak = 3099.906 ; gain = 356.766 ; free physical = 291 ; free virtual = 7286
Synthesis current peak Physical Memory [PSS] (MB): peak = 2309.694; parent = 2176.978; children = 132.717
Synthesis current peak Virtual Memory [VSS] (MB): peak = 4085.512; parent = 3115.754; children = 969.758
---------------------------------------------------------------------------------
INFO: [Synth 8-6157] synthesizing module 'bd_85ad_interconnect8_7_0' [/home/advent/Desktop/RC19/_x/link/vivado/vpl/prj/prj.gen/my_rm/bd/ulp/ip/ulp_hmss_0_0/bd_0/ip/ip_24/synth/bd_85ad_interconnect8_7_0.v:53]
INFO: [Synth 8-6157] synthesizing module 'bd_7ac9' [/home/advent/Desktop/RC19/_x/link/vivado/vpl/prj/prj.gen/my_rm/bd/ulp/ip/ulp_hmss_0_0/bd_8/synth/bd_7ac9.v:9]
INFO: [Synth 8-6157] synthesizing module 'clk_map_imp_8H9RFD' [/home/advent/Desktop/RC19/_x/link/vivado/vpl/prj/prj.gen/my_rm/bd/ulp/ip/ulp_hmss_0_0/bd_8/synth/bd_7ac9.v:382]
INFO: [Synth 8-6157] synthesizing module 'bd_7ac9_one_0' [/home/advent/Desktop/RC19/_x/link/vivado/vpl/prj/prj.gen/my_rm/bd/ulp/ip/ulp_hmss_0_0/bd_8/ip/ip_0/synth/bd_7ac9_one_0.v:53]
INFO: [Synth 8-6157] synthesizing module 'xlconstant_v1_1_7_xlconstant' [/home/advent/Desktop/RC19/_x/link/vivado/vpl/prj/prj.gen/my_rm/bd/ulp/ipshared/badb/hdl/xlconstant_v1_1_vl_rfs.v:23]
INFO: [Synth 8-6155] done synthesizing module 'xlconstant_v1_1_7_xlconstant' (0#1) [/home/advent/Desktop/RC19/_x/link/vivado/vpl/prj/prj.gen/my_rm/bd/ulp/ipshared/badb/hdl/xlconstant_v1_1_vl_rfs.v:23]
INFO: [Synth 8-6155] done synthesizing module 'bd_7ac9_one_0' (0#1) [/home/advent/Desktop/RC19/_x/link/vivado/vpl/prj/prj.gen/my_rm/bd/ulp/ip/ulp_hmss_0_0/bd_8/ip/ip_0/synth/bd_7ac9_one_0.v:53]
INFO: [Synth 8-638] synthesizing module 'bd_7ac9_psr0_0' [/home/advent/Desktop/RC19/_x/link/vivado/vpl/prj/prj.gen/my_rm/bd/ulp/ip/ulp_hmss_0_0/bd_8/ip/ip_1/synth/bd_7ac9_psr0_0.vhd:74]
	Parameter C_FAMILY bound to: virtexuplusHBM - type: string 
	Parameter C_EXT_RST_WIDTH bound to: 4 - type: integer 
	Parameter C_AUX_RST_WIDTH bound to: 1 - type: integer 
	Parameter C_EXT_RESET_HIGH bound to: 1'b0 
	Parameter C_AUX_RESET_HIGH bound to: 1'b0 
	Parameter C_NUM_BUS_RST bound to: 1 - type: integer 
	Parameter C_NUM_PERP_RST bound to: 1 - type: integer 
	Parameter C_NUM_INTERCONNECT_ARESETN bound to: 1 - type: integer 
	Parameter C_NUM_PERP_ARESETN bound to: 1 - type: integer 
INFO: [Synth 8-3491] module 'proc_sys_reset' declared at '/home/advent/Desktop/RC19/_x/link/vivado/vpl/prj/prj.gen/my_rm/bd/ulp/ipshared/8842/hdl/proc_sys_reset_v5_0_vh_rfs.vhd:1264' bound to instance 'U0' of component 'proc_sys_reset' [/home/advent/Desktop/RC19/_x/link/vivado/vpl/prj/prj.gen/my_rm/bd/ulp/ip/ulp_hmss_0_0/bd_8/ip/ip_1/synth/bd_7ac9_psr0_0.vhd:129]
INFO: [Synth 8-638] synthesizing module 'proc_sys_reset' [/home/advent/Desktop/RC19/_x/link/vivado/vpl/prj/prj.gen/my_rm/bd/ulp/ipshared/8842/hdl/proc_sys_reset_v5_0_vh_rfs.vhd:1323]
	Parameter INIT bound to: 1'b1 
INFO: [Synth 8-113] binding component instance 'FDRE_inst' to cell 'FDRE' [/home/advent/Desktop/RC19/_x/link/vivado/vpl/prj/prj.gen/my_rm/bd/ulp/ipshared/8842/hdl/proc_sys_reset_v5_0_vh_rfs.vhd:1392]
	Parameter INIT bound to: 1'b1 
INFO: [Synth 8-113] binding component instance 'FDRE_BSR' to cell 'FDRE' [/home/advent/Desktop/RC19/_x/link/vivado/vpl/prj/prj.gen/my_rm/bd/ulp/ipshared/8842/hdl/proc_sys_reset_v5_0_vh_rfs.vhd:1408]
	Parameter INIT bound to: 1'b0 
INFO: [Synth 8-113] binding component instance 'FDRE_BSR_N' to cell 'FDRE' [/home/advent/Desktop/RC19/_x/link/vivado/vpl/prj/prj.gen/my_rm/bd/ulp/ipshared/8842/hdl/proc_sys_reset_v5_0_vh_rfs.vhd:1434]
	Parameter INIT bound to: 1'b1 
INFO: [Synth 8-113] binding component instance 'FDRE_PER' to cell 'FDRE' [/home/advent/Desktop/RC19/_x/link/vivado/vpl/prj/prj.gen/my_rm/bd/ulp/ipshared/8842/hdl/proc_sys_reset_v5_0_vh_rfs.vhd:1457]
	Parameter INIT bound to: 1'b0 
INFO: [Synth 8-113] binding component instance 'FDRE_PER_N' to cell 'FDRE' [/home/advent/Desktop/RC19/_x/link/vivado/vpl/prj/prj.gen/my_rm/bd/ulp/ipshared/8842/hdl/proc_sys_reset_v5_0_vh_rfs.vhd:1481]
INFO: [Synth 8-638] synthesizing module 'lpf' [/home/advent/Desktop/RC19/_x/link/vivado/vpl/prj/prj.gen/my_rm/bd/ulp/ipshared/8842/hdl/proc_sys_reset_v5_0_vh_rfs.vhd:816]
INFO: [Synth 8-3491] module 'SRL16' declared at '/home/advent/Vivado/Vivado/2022.2/scripts/rt/data/unisim_comp.v:131628' bound to instance 'POR_SRL_I' of component 'SRL16' [/home/advent/Desktop/RC19/_x/link/vivado/vpl/prj/prj.gen/my_rm/bd/ulp/ipshared/8842/hdl/proc_sys_reset_v5_0_vh_rfs.vhd:868]
INFO: [Synth 8-6157] synthesizing module 'SRL16' [/home/advent/Vivado/Vivado/2022.2/scripts/rt/data/unisim_comp.v:131628]
INFO: [Synth 8-6155] done synthesizing module 'SRL16' (0#1) [/home/advent/Vivado/Vivado/2022.2/scripts/rt/data/unisim_comp.v:131628]
INFO: [Synth 8-638] synthesizing module 'cdc_sync' [/home/advent/Desktop/RC19/_x/link/vivado/vpl/prj/prj.gen/my_rm/bd/ulp/ipshared/ef1e/hdl/lib_cdc_v1_0_rfs.vhd:106]
	Parameter INIT bound to: 1'b0 
INFO: [Synth 8-113] binding component instance 'CROSS_PLEVEL_IN2SCNDRY_IN_cdc_to' to cell 'FDR' [/home/advent/Desktop/RC19/_x/link/vivado/vpl/prj/prj.gen/my_rm/bd/ulp/ipshared/ef1e/hdl/lib_cdc_v1_0_rfs.vhd:514]
	Parameter INIT bound to: 1'b0 
INFO: [Synth 8-113] binding component instance 'CROSS_PLEVEL_IN2SCNDRY_s_level_out_d2' to cell 'FDR' [/home/advent/Desktop/RC19/_x/link/vivado/vpl/prj/prj.gen/my_rm/bd/ulp/ipshared/ef1e/hdl/lib_cdc_v1_0_rfs.vhd:545]
	Parameter INIT bound to: 1'b0 
INFO: [Synth 8-113] binding component instance 'CROSS_PLEVEL_IN2SCNDRY_s_level_out_d3' to cell 'FDR' [/home/advent/Desktop/RC19/_x/link/vivado/vpl/prj/prj.gen/my_rm/bd/ulp/ipshared/ef1e/hdl/lib_cdc_v1_0_rfs.vhd:554]
	Parameter INIT bound to: 1'b0 
INFO: [Synth 8-113] binding component instance 'CROSS_PLEVEL_IN2SCNDRY_s_level_out_d4' to cell 'FDR' [/home/advent/Desktop/RC19/_x/link/vivado/vpl/prj/prj.gen/my_rm/bd/ulp/ipshared/ef1e/hdl/lib_cdc_v1_0_rfs.vhd:564]
	Parameter INIT bound to: 1'b0 
INFO: [Synth 8-113] binding component instance 'CROSS_PLEVEL_IN2SCNDRY_s_level_out_d5' to cell 'FDR' [/home/advent/Desktop/RC19/_x/link/vivado/vpl/prj/prj.gen/my_rm/bd/ulp/ipshared/ef1e/hdl/lib_cdc_v1_0_rfs.vhd:574]
	Parameter INIT bound to: 1'b0 
INFO: [Synth 8-113] binding component instance 'CROSS_PLEVEL_IN2SCNDRY_s_level_out_d6' to cell 'FDR' [/home/advent/Desktop/RC19/_x/link/vivado/vpl/prj/prj.gen/my_rm/bd/ulp/ipshared/ef1e/hdl/lib_cdc_v1_0_rfs.vhd:584]
INFO: [Synth 8-256] done synthesizing module 'cdc_sync' (0#1) [/home/advent/Desktop/RC19/_x/link/vivado/vpl/prj/prj.gen/my_rm/bd/ulp/ipshared/ef1e/hdl/lib_cdc_v1_0_rfs.vhd:106]
INFO: [Synth 8-256] done synthesizing module 'lpf' (0#1) [/home/advent/Desktop/RC19/_x/link/vivado/vpl/prj/prj.gen/my_rm/bd/ulp/ipshared/8842/hdl/proc_sys_reset_v5_0_vh_rfs.vhd:816]
INFO: [Synth 8-638] synthesizing module 'sequence_psr' [/home/advent/Desktop/RC19/_x/link/vivado/vpl/prj/prj.gen/my_rm/bd/ulp/ipshared/8842/hdl/proc_sys_reset_v5_0_vh_rfs.vhd:301]
INFO: [Synth 8-638] synthesizing module 'upcnt_n' [/home/advent/Desktop/RC19/_x/link/vivado/vpl/prj/prj.gen/my_rm/bd/ulp/ipshared/8842/hdl/proc_sys_reset_v5_0_vh_rfs.vhd:125]
INFO: [Synth 8-256] done synthesizing module 'upcnt_n' (0#1) [/home/advent/Desktop/RC19/_x/link/vivado/vpl/prj/prj.gen/my_rm/bd/ulp/ipshared/8842/hdl/proc_sys_reset_v5_0_vh_rfs.vhd:125]
INFO: [Synth 8-256] done synthesizing module 'sequence_psr' (0#1) [/home/advent/Desktop/RC19/_x/link/vivado/vpl/prj/prj.gen/my_rm/bd/ulp/ipshared/8842/hdl/proc_sys_reset_v5_0_vh_rfs.vhd:301]
INFO: [Synth 8-256] done synthesizing module 'proc_sys_reset' (0#1) [/home/advent/Desktop/RC19/_x/link/vivado/vpl/prj/prj.gen/my_rm/bd/ulp/ipshared/8842/hdl/proc_sys_reset_v5_0_vh_rfs.vhd:1323]
INFO: [Synth 8-256] done synthesizing module 'bd_7ac9_psr0_0' (0#1) [/home/advent/Desktop/RC19/_x/link/vivado/vpl/prj/prj.gen/my_rm/bd/ulp/ip/ulp_hmss_0_0/bd_8/ip/ip_1/synth/bd_7ac9_psr0_0.vhd:74]
WARNING: [Synth 8-7071] port 'mb_reset' of module 'bd_7ac9_psr0_0' is unconnected for instance 'psr0' [/home/advent/Desktop/RC19/_x/link/vivado/vpl/prj/prj.gen/my_rm/bd/ulp/ip/ulp_hmss_0_0/bd_8/synth/bd_7ac9.v:423]
WARNING: [Synth 8-7071] port 'bus_struct_reset' of module 'bd_7ac9_psr0_0' is unconnected for instance 'psr0' [/home/advent/Desktop/RC19/_x/link/vivado/vpl/prj/prj.gen/my_rm/bd/ulp/ip/ulp_hmss_0_0/bd_8/synth/bd_7ac9.v:423]
WARNING: [Synth 8-7071] port 'peripheral_reset' of module 'bd_7ac9_psr0_0' is unconnected for instance 'psr0' [/home/advent/Desktop/RC19/_x/link/vivado/vpl/prj/prj.gen/my_rm/bd/ulp/ip/ulp_hmss_0_0/bd_8/synth/bd_7ac9.v:423]
WARNING: [Synth 8-7071] port 'peripheral_aresetn' of module 'bd_7ac9_psr0_0' is unconnected for instance 'psr0' [/home/advent/Desktop/RC19/_x/link/vivado/vpl/prj/prj.gen/my_rm/bd/ulp/ip/ulp_hmss_0_0/bd_8/synth/bd_7ac9.v:423]
WARNING: [Synth 8-7023] instance 'psr0' of module 'bd_7ac9_psr0_0' has 10 connections declared, but only 6 given [/home/advent/Desktop/RC19/_x/link/vivado/vpl/prj/prj.gen/my_rm/bd/ulp/ip/ulp_hmss_0_0/bd_8/synth/bd_7ac9.v:423]
INFO: [Synth 8-638] synthesizing module 'bd_7ac9_psr_aclk_0' [/home/advent/Desktop/RC19/_x/link/vivado/vpl/prj/prj.gen/my_rm/bd/ulp/ip/ulp_hmss_0_0/bd_8/ip/ip_2/synth/bd_7ac9_psr_aclk_0.vhd:74]
	Parameter C_FAMILY bound to: virtexuplusHBM - type: string 
	Parameter C_EXT_RST_WIDTH bound to: 4 - type: integer 
	Parameter C_AUX_RST_WIDTH bound to: 1 - type: integer 
	Parameter C_EXT_RESET_HIGH bound to: 1'b0 
	Parameter C_AUX_RESET_HIGH bound to: 1'b0 
	Parameter C_NUM_BUS_RST bound to: 1 - type: integer 
	Parameter C_NUM_PERP_RST bound to: 1 - type: integer 
	Parameter C_NUM_INTERCONNECT_ARESETN bound to: 1 - type: integer 
	Parameter C_NUM_PERP_ARESETN bound to: 1 - type: integer 
INFO: [Synth 8-3491] module 'proc_sys_reset' declared at '/home/advent/Desktop/RC19/_x/link/vivado/vpl/prj/prj.gen/my_rm/bd/ulp/ipshared/8842/hdl/proc_sys_reset_v5_0_vh_rfs.vhd:1264' bound to instance 'U0' of component 'proc_sys_reset' [/home/advent/Desktop/RC19/_x/link/vivado/vpl/prj/prj.gen/my_rm/bd/ulp/ip/ulp_hmss_0_0/bd_8/ip/ip_2/synth/bd_7ac9_psr_aclk_0.vhd:129]
INFO: [Synth 8-256] done synthesizing module 'bd_7ac9_psr_aclk_0' (0#1) [/home/advent/Desktop/RC19/_x/link/vivado/vpl/prj/prj.gen/my_rm/bd/ulp/ip/ulp_hmss_0_0/bd_8/ip/ip_2/synth/bd_7ac9_psr_aclk_0.vhd:74]
WARNING: [Synth 8-7071] port 'mb_reset' of module 'bd_7ac9_psr_aclk_0' is unconnected for instance 'psr_aclk' [/home/advent/Desktop/RC19/_x/link/vivado/vpl/prj/prj.gen/my_rm/bd/ulp/ip/ulp_hmss_0_0/bd_8/synth/bd_7ac9.v:430]
WARNING: [Synth 8-7071] port 'bus_struct_reset' of module 'bd_7ac9_psr_aclk_0' is unconnected for instance 'psr_aclk' [/home/advent/Desktop/RC19/_x/link/vivado/vpl/prj/prj.gen/my_rm/bd/ulp/ip/ulp_hmss_0_0/bd_8/synth/bd_7ac9.v:430]
WARNING: [Synth 8-7071] port 'peripheral_reset' of module 'bd_7ac9_psr_aclk_0' is unconnected for instance 'psr_aclk' [/home/advent/Desktop/RC19/_x/link/vivado/vpl/prj/prj.gen/my_rm/bd/ulp/ip/ulp_hmss_0_0/bd_8/synth/bd_7ac9.v:430]
WARNING: [Synth 8-7071] port 'peripheral_aresetn' of module 'bd_7ac9_psr_aclk_0' is unconnected for instance 'psr_aclk' [/home/advent/Desktop/RC19/_x/link/vivado/vpl/prj/prj.gen/my_rm/bd/ulp/ip/ulp_hmss_0_0/bd_8/synth/bd_7ac9.v:430]
WARNING: [Synth 8-7023] instance 'psr_aclk' of module 'bd_7ac9_psr_aclk_0' has 10 connections declared, but only 6 given [/home/advent/Desktop/RC19/_x/link/vivado/vpl/prj/prj.gen/my_rm/bd/ulp/ip/ulp_hmss_0_0/bd_8/synth/bd_7ac9.v:430]
INFO: [Synth 8-638] synthesizing module 'bd_7ac9_psr_aclk1_0' [/home/advent/Desktop/RC19/_x/link/vivado/vpl/prj/prj.gen/my_rm/bd/ulp/ip/ulp_hmss_0_0/bd_8/ip/ip_3/synth/bd_7ac9_psr_aclk1_0.vhd:74]
	Parameter C_FAMILY bound to: virtexuplusHBM - type: string 
	Parameter C_EXT_RST_WIDTH bound to: 4 - type: integer 
	Parameter C_AUX_RST_WIDTH bound to: 1 - type: integer 
	Parameter C_EXT_RESET_HIGH bound to: 1'b0 
	Parameter C_AUX_RESET_HIGH bound to: 1'b0 
	Parameter C_NUM_BUS_RST bound to: 1 - type: integer 
	Parameter C_NUM_PERP_RST bound to: 1 - type: integer 
	Parameter C_NUM_INTERCONNECT_ARESETN bound to: 1 - type: integer 
	Parameter C_NUM_PERP_ARESETN bound to: 1 - type: integer 
INFO: [Synth 8-3491] module 'proc_sys_reset' declared at '/home/advent/Desktop/RC19/_x/link/vivado/vpl/prj/prj.gen/my_rm/bd/ulp/ipshared/8842/hdl/proc_sys_reset_v5_0_vh_rfs.vhd:1264' bound to instance 'U0' of component 'proc_sys_reset' [/home/advent/Desktop/RC19/_x/link/vivado/vpl/prj/prj.gen/my_rm/bd/ulp/ip/ulp_hmss_0_0/bd_8/ip/ip_3/synth/bd_7ac9_psr_aclk1_0.vhd:129]
INFO: [Synth 8-256] done synthesizing module 'bd_7ac9_psr_aclk1_0' (0#1) [/home/advent/Desktop/RC19/_x/link/vivado/vpl/prj/prj.gen/my_rm/bd/ulp/ip/ulp_hmss_0_0/bd_8/ip/ip_3/synth/bd_7ac9_psr_aclk1_0.vhd:74]
WARNING: [Synth 8-7071] port 'mb_reset' of module 'bd_7ac9_psr_aclk1_0' is unconnected for instance 'psr_aclk1' [/home/advent/Desktop/RC19/_x/link/vivado/vpl/prj/prj.gen/my_rm/bd/ulp/ip/ulp_hmss_0_0/bd_8/synth/bd_7ac9.v:437]
WARNING: [Synth 8-7071] port 'bus_struct_reset' of module 'bd_7ac9_psr_aclk1_0' is unconnected for instance 'psr_aclk1' [/home/advent/Desktop/RC19/_x/link/vivado/vpl/prj/prj.gen/my_rm/bd/ulp/ip/ulp_hmss_0_0/bd_8/synth/bd_7ac9.v:437]
WARNING: [Synth 8-7071] port 'peripheral_reset' of module 'bd_7ac9_psr_aclk1_0' is unconnected for instance 'psr_aclk1' [/home/advent/Desktop/RC19/_x/link/vivado/vpl/prj/prj.gen/my_rm/bd/ulp/ip/ulp_hmss_0_0/bd_8/synth/bd_7ac9.v:437]
WARNING: [Synth 8-7071] port 'peripheral_aresetn' of module 'bd_7ac9_psr_aclk1_0' is unconnected for instance 'psr_aclk1' [/home/advent/Desktop/RC19/_x/link/vivado/vpl/prj/prj.gen/my_rm/bd/ulp/ip/ulp_hmss_0_0/bd_8/synth/bd_7ac9.v:437]
WARNING: [Synth 8-7023] instance 'psr_aclk1' of module 'bd_7ac9_psr_aclk1_0' has 10 connections declared, but only 6 given [/home/advent/Desktop/RC19/_x/link/vivado/vpl/prj/prj.gen/my_rm/bd/ulp/ip/ulp_hmss_0_0/bd_8/synth/bd_7ac9.v:437]
INFO: [Synth 8-6155] done synthesizing module 'clk_map_imp_8H9RFD' (0#1) [/home/advent/Desktop/RC19/_x/link/vivado/vpl/prj/prj.gen/my_rm/bd/ulp/ip/ulp_hmss_0_0/bd_8/synth/bd_7ac9.v:382]
INFO: [Synth 8-6157] synthesizing module 'm00_exit_pipeline_imp_1RUOVK2' [/home/advent/Desktop/RC19/_x/link/vivado/vpl/prj/prj.gen/my_rm/bd/ulp/ip/ulp_hmss_0_0/bd_8/synth/bd_7ac9.v:446]
INFO: [Synth 8-6157] synthesizing module 'bd_7ac9_m00e_0' [/home/advent/Desktop/RC19/_x/link/vivado/vpl/prj/prj.gen/my_rm/bd/ulp/ip/ulp_hmss_0_0/bd_8/ip/ip_11/synth/bd_7ac9_m00e_0.sv:53]
INFO: [Synth 8-6157] synthesizing module 'xpm_cdc_async_rst' [/home/advent/Vivado/Vivado/2022.2/data/ip/xpm/xpm_cdc/hdl/xpm_cdc.sv:1174]
INFO: [Synth 8-6155] done synthesizing module 'xpm_cdc_async_rst' (0#1) [/home/advent/Vivado/Vivado/2022.2/data/ip/xpm/xpm_cdc/hdl/xpm_cdc.sv:1174]
INFO: [Synth 8-6155] done synthesizing module 'bd_7ac9_m00e_0' (0#1) [/home/advent/Desktop/RC19/_x/link/vivado/vpl/prj/prj.gen/my_rm/bd/ulp/ip/ulp_hmss_0_0/bd_8/ip/ip_11/synth/bd_7ac9_m00e_0.sv:53]
INFO: [Synth 8-6155] done synthesizing module 'm00_exit_pipeline_imp_1RUOVK2' (0#1) [/home/advent/Desktop/RC19/_x/link/vivado/vpl/prj/prj.gen/my_rm/bd/ulp/ip/ulp_hmss_0_0/bd_8/synth/bd_7ac9.v:446]
INFO: [Synth 8-6157] synthesizing module 'bd_7ac9_m00s2a_0' [/home/advent/Desktop/RC19/_x/link/vivado/vpl/prj/prj.gen/my_rm/bd/ulp/ip/ulp_hmss_0_0/bd_8/ip/ip_10/synth/bd_7ac9_m00s2a_0.sv:53]
INFO: [Synth 8-6155] done synthesizing module 'bd_7ac9_m00s2a_0' (0#1) [/home/advent/Desktop/RC19/_x/link/vivado/vpl/prj/prj.gen/my_rm/bd/ulp/ip/ulp_hmss_0_0/bd_8/ip/ip_10/synth/bd_7ac9_m00s2a_0.sv:53]
INFO: [Synth 8-6157] synthesizing module 'bd_7ac9_s00a2s_0' [/home/advent/Desktop/RC19/_x/link/vivado/vpl/prj/prj.gen/my_rm/bd/ulp/ip/ulp_hmss_0_0/bd_8/ip/ip_7/synth/bd_7ac9_s00a2s_0.sv:53]
INFO: [Synth 8-6155] done synthesizing module 'bd_7ac9_s00a2s_0' (0#1) [/home/advent/Desktop/RC19/_x/link/vivado/vpl/prj/prj.gen/my_rm/bd/ulp/ip/ulp_hmss_0_0/bd_8/ip/ip_7/synth/bd_7ac9_s00a2s_0.sv:53]
INFO: [Synth 8-6157] synthesizing module 's00_entry_pipeline_imp_S17PVL' [/home/advent/Desktop/RC19/_x/link/vivado/vpl/prj/prj.gen/my_rm/bd/ulp/ip/ulp_hmss_0_0/bd_8/synth/bd_7ac9.v:622]
INFO: [Synth 8-6157] synthesizing module 'bd_7ac9_s00mmu_0' [/home/advent/Desktop/RC19/_x/link/vivado/vpl/prj/prj.gen/my_rm/bd/ulp/ip/ulp_hmss_0_0/bd_8/ip/ip_4/synth/bd_7ac9_s00mmu_0.sv:53]
INFO: [Synth 8-6155] done synthesizing module 'bd_7ac9_s00mmu_0' (0#1) [/home/advent/Desktop/RC19/_x/link/vivado/vpl/prj/prj.gen/my_rm/bd/ulp/ip/ulp_hmss_0_0/bd_8/ip/ip_4/synth/bd_7ac9_s00mmu_0.sv:53]
INFO: [Synth 8-6157] synthesizing module 'bd_7ac9_s00sic_0' [/home/advent/Desktop/RC19/_x/link/vivado/vpl/prj/prj.gen/my_rm/bd/ulp/ip/ulp_hmss_0_0/bd_8/ip/ip_6/synth/bd_7ac9_s00sic_0.sv:53]
INFO: [Synth 8-6155] done synthesizing module 'bd_7ac9_s00sic_0' (0#1) [/home/advent/Desktop/RC19/_x/link/vivado/vpl/prj/prj.gen/my_rm/bd/ulp/ip/ulp_hmss_0_0/bd_8/ip/ip_6/synth/bd_7ac9_s00sic_0.sv:53]
INFO: [Synth 8-6157] synthesizing module 'bd_7ac9_s00tr_0' [/home/advent/Desktop/RC19/_x/link/vivado/vpl/prj/prj.gen/my_rm/bd/ulp/ip/ulp_hmss_0_0/bd_8/ip/ip_5/synth/bd_7ac9_s00tr_0.sv:53]
INFO: [Synth 8-6155] done synthesizing module 'bd_7ac9_s00tr_0' (0#1) [/home/advent/Desktop/RC19/_x/link/vivado/vpl/prj/prj.gen/my_rm/bd/ulp/ip/ulp_hmss_0_0/bd_8/ip/ip_5/synth/bd_7ac9_s00tr_0.sv:53]
WARNING: [Synth 8-7071] port 'm_axi_arburst' of module 'bd_7ac9_s00tr_0' is unconnected for instance 's00_transaction_regulator' [/home/advent/Desktop/RC19/_x/link/vivado/vpl/prj/prj.gen/my_rm/bd/ulp/ip/ulp_hmss_0_0/bd_8/synth/bd_7ac9.v:883]
WARNING: [Synth 8-7023] instance 's00_transaction_regulator' of module 'bd_7ac9_s00tr_0' has 40 connections declared, but only 39 given [/home/advent/Desktop/RC19/_x/link/vivado/vpl/prj/prj.gen/my_rm/bd/ulp/ip/ulp_hmss_0_0/bd_8/synth/bd_7ac9.v:883]
INFO: [Synth 8-6155] done synthesizing module 's00_entry_pipeline_imp_S17PVL' (0#1) [/home/advent/Desktop/RC19/_x/link/vivado/vpl/prj/prj.gen/my_rm/bd/ulp/ip/ulp_hmss_0_0/bd_8/synth/bd_7ac9.v:622]
INFO: [Synth 8-6157] synthesizing module 's00_nodes_imp_V9M40R' [/home/advent/Desktop/RC19/_x/link/vivado/vpl/prj/prj.gen/my_rm/bd/ulp/ip/ulp_hmss_0_0/bd_8/synth/bd_7ac9.v:925]
INFO: [Synth 8-6157] synthesizing module 'bd_7ac9_sarn_0' [/home/advent/Desktop/RC19/_x/link/vivado/vpl/prj/prj.gen/my_rm/bd/ulp/ip/ulp_hmss_0_0/bd_8/ip/ip_8/synth/bd_7ac9_sarn_0.sv:53]
INFO: [Synth 8-6157] synthesizing module 'xpm_memory_sdpram' [/home/advent/Vivado/Vivado/2022.2/data/ip/xpm/xpm_memory/hdl/xpm_memory.sv:8476]
INFO: [Synth 8-6157] synthesizing module 'xpm_memory_base' [/home/advent/Vivado/Vivado/2022.2/data/ip/xpm/xpm_memory/hdl/xpm_memory.sv:56]
INFO: [Synth 8-6155] done synthesizing module 'xpm_memory_base' (0#1) [/home/advent/Vivado/Vivado/2022.2/data/ip/xpm/xpm_memory/hdl/xpm_memory.sv:56]
INFO: [Synth 8-6155] done synthesizing module 'xpm_memory_sdpram' (0#1) [/home/advent/Vivado/Vivado/2022.2/data/ip/xpm/xpm_memory/hdl/xpm_memory.sv:8476]
INFO: [Synth 8-6157] synthesizing module 'xpm_cdc_gray' [/home/advent/Vivado/Vivado/2022.2/data/ip/xpm/xpm_cdc/hdl/xpm_cdc.sv:283]
INFO: [Synth 8-6155] done synthesizing module 'xpm_cdc_gray' (0#1) [/home/advent/Vivado/Vivado/2022.2/data/ip/xpm/xpm_cdc/hdl/xpm_cdc.sv:283]
INFO: [Synth 8-6155] done synthesizing module 'bd_7ac9_sarn_0' (0#1) [/home/advent/Desktop/RC19/_x/link/vivado/vpl/prj/prj.gen/my_rm/bd/ulp/ip/ulp_hmss_0_0/bd_8/ip/ip_8/synth/bd_7ac9_sarn_0.sv:53]
INFO: [Synth 8-6157] synthesizing module 'bd_7ac9_srn_0' [/home/advent/Desktop/RC19/_x/link/vivado/vpl/prj/prj.gen/my_rm/bd/ulp/ip/ulp_hmss_0_0/bd_8/ip/ip_9/synth/bd_7ac9_srn_0.sv:53]
INFO: [Synth 8-6157] synthesizing module 'xpm_memory_sdpram__parameterized0' [/home/advent/Vivado/Vivado/2022.2/data/ip/xpm/xpm_memory/hdl/xpm_memory.sv:8476]
INFO: [Synth 8-6157] synthesizing module 'xpm_memory_base__parameterized0' [/home/advent/Vivado/Vivado/2022.2/data/ip/xpm/xpm_memory/hdl/xpm_memory.sv:56]
INFO: [Synth 8-6155] done synthesizing module 'xpm_memory_base__parameterized0' (0#1) [/home/advent/Vivado/Vivado/2022.2/data/ip/xpm/xpm_memory/hdl/xpm_memory.sv:56]
INFO: [Synth 8-6155] done synthesizing module 'xpm_memory_sdpram__parameterized0' (0#1) [/home/advent/Vivado/Vivado/2022.2/data/ip/xpm/xpm_memory/hdl/xpm_memory.sv:8476]
INFO: [Synth 8-6155] done synthesizing module 'bd_7ac9_srn_0' (0#1) [/home/advent/Desktop/RC19/_x/link/vivado/vpl/prj/prj.gen/my_rm/bd/ulp/ip/ulp_hmss_0_0/bd_8/ip/ip_9/synth/bd_7ac9_srn_0.sv:53]
INFO: [Synth 8-6155] done synthesizing module 's00_nodes_imp_V9M40R' (0#1) [/home/advent/Desktop/RC19/_x/link/vivado/vpl/prj/prj.gen/my_rm/bd/ulp/ip/ulp_hmss_0_0/bd_8/synth/bd_7ac9.v:925]
INFO: [Synth 8-6155] done synthesizing module 'bd_7ac9' (0#1) [/home/advent/Desktop/RC19/_x/link/vivado/vpl/prj/prj.gen/my_rm/bd/ulp/ip/ulp_hmss_0_0/bd_8/synth/bd_7ac9.v:9]
INFO: [Synth 8-6155] done synthesizing module 'bd_85ad_interconnect8_7_0' (0#1) [/home/advent/Desktop/RC19/_x/link/vivado/vpl/prj/prj.gen/my_rm/bd/ulp/ip/ulp_hmss_0_0/bd_0/ip/ip_24/synth/bd_85ad_interconnect8_7_0.v:53]
WARNING: [Synth 8-3848] Net aresetn_out in module/entity clk_map_imp_8H9RFD does not have driver. [/home/advent/Desktop/RC19/_x/link/vivado/vpl/prj/prj.gen/my_rm/bd/ulp/ip/ulp_hmss_0_0/bd_8/synth/bd_7ac9.v:400]
WARNING: [Synth 8-6014] Unused sequential element dest_out_bin_ff_reg was removed.  [/home/advent/Vivado/Vivado/2022.2/data/ip/xpm/xpm_cdc/hdl/xpm_cdc.sv:417]
WARNING: [Synth 8-7129] Port din[0] in module sc_util_v1_0_4_onehot_to_binary is either unconnected or has no load
WARNING: [Synth 8-7129] Port aclk in module sc_util_v1_0_4_pipeline__parameterized0 is either unconnected or has no load
WARNING: [Synth 8-7129] Port aclken in module sc_util_v1_0_4_pipeline__parameterized0 is either unconnected or has no load
WARNING: [Synth 8-7129] Port areset in module sc_util_v1_0_4_pipeline__parameterized0 is either unconnected or has no load
WARNING: [Synth 8-7129] Port s_sc_payld[530] in module sc_node_v1_0_14_ingress__parameterized0 is either unconnected or has no load
WARNING: [Synth 8-7129] Port s_sc_payld[529] in module sc_node_v1_0_14_ingress__parameterized0 is either unconnected or has no load
WARNING: [Synth 8-7129] Port s_sc_payld[528] in module sc_node_v1_0_14_ingress__parameterized0 is either unconnected or has no load
WARNING: [Synth 8-7129] Port s_sc_payld[527] in module sc_node_v1_0_14_ingress__parameterized0 is either unconnected or has no load
WARNING: [Synth 8-7129] Port s_sc_payld[526] in module sc_node_v1_0_14_ingress__parameterized0 is either unconnected or has no load
WARNING: [Synth 8-7129] Port s_sc_payld[525] in module sc_node_v1_0_14_ingress__parameterized0 is either unconnected or has no load
WARNING: [Synth 8-7129] Port s_sc_payld[524] in module sc_node_v1_0_14_ingress__parameterized0 is either unconnected or has no load
WARNING: [Synth 8-7129] Port s_sc_payld[523] in module sc_node_v1_0_14_ingress__parameterized0 is either unconnected or has no load
WARNING: [Synth 8-7129] Port s_sc_payld[522] in module sc_node_v1_0_14_ingress__parameterized0 is either unconnected or has no load
WARNING: [Synth 8-7129] Port s_sc_payld[521] in module sc_node_v1_0_14_ingress__parameterized0 is either unconnected or has no load
WARNING: [Synth 8-7129] Port s_sc_payld[520] in module sc_node_v1_0_14_ingress__parameterized0 is either unconnected or has no load
WARNING: [Synth 8-7129] Port s_sc_payld[519] in module sc_node_v1_0_14_ingress__parameterized0 is either unconnected or has no load
WARNING: [Synth 8-7129] Port s_sc_payld[518] in module sc_node_v1_0_14_ingress__parameterized0 is either unconnected or has no load
WARNING: [Synth 8-7129] Port s_sc_payld[517] in module sc_node_v1_0_14_ingress__parameterized0 is either unconnected or has no load
WARNING: [Synth 8-7129] Port s_sc_payld[516] in module sc_node_v1_0_14_ingress__parameterized0 is either unconnected or has no load
WARNING: [Synth 8-7129] Port s_sc_payld[515] in module sc_node_v1_0_14_ingress__parameterized0 is either unconnected or has no load
WARNING: [Synth 8-7129] Port s_sc_payld[514] in module sc_node_v1_0_14_ingress__parameterized0 is either unconnected or has no load
WARNING: [Synth 8-7129] Port s_sc_payld[513] in module sc_node_v1_0_14_ingress__parameterized0 is either unconnected or has no load
WARNING: [Synth 8-7129] Port s_sc_payld[512] in module sc_node_v1_0_14_ingress__parameterized0 is either unconnected or has no load
WARNING: [Synth 8-7129] Port s_sc_payld[511] in module sc_node_v1_0_14_ingress__parameterized0 is either unconnected or has no load
WARNING: [Synth 8-7129] Port s_sc_payld[510] in module sc_node_v1_0_14_ingress__parameterized0 is either unconnected or has no load
WARNING: [Synth 8-7129] Port s_sc_payld[509] in module sc_node_v1_0_14_ingress__parameterized0 is either unconnected or has no load
WARNING: [Synth 8-7129] Port s_sc_payld[508] in module sc_node_v1_0_14_ingress__parameterized0 is either unconnected or has no load
WARNING: [Synth 8-7129] Port s_sc_payld[507] in module sc_node_v1_0_14_ingress__parameterized0 is either unconnected or has no load
WARNING: [Synth 8-7129] Port s_sc_payld[506] in module sc_node_v1_0_14_ingress__parameterized0 is either unconnected or has no load
WARNING: [Synth 8-7129] Port s_sc_payld[505] in module sc_node_v1_0_14_ingress__parameterized0 is either unconnected or has no load
WARNING: [Synth 8-7129] Port s_sc_payld[504] in module sc_node_v1_0_14_ingress__parameterized0 is either unconnected or has no load
WARNING: [Synth 8-7129] Port s_sc_payld[503] in module sc_node_v1_0_14_ingress__parameterized0 is either unconnected or has no load
WARNING: [Synth 8-7129] Port s_sc_payld[502] in module sc_node_v1_0_14_ingress__parameterized0 is either unconnected or has no load
WARNING: [Synth 8-7129] Port s_sc_payld[501] in module sc_node_v1_0_14_ingress__parameterized0 is either unconnected or has no load
WARNING: [Synth 8-7129] Port s_sc_payld[500] in module sc_node_v1_0_14_ingress__parameterized0 is either unconnected or has no load
WARNING: [Synth 8-7129] Port s_sc_payld[499] in module sc_node_v1_0_14_ingress__parameterized0 is either unconnected or has no load
WARNING: [Synth 8-7129] Port s_sc_payld[498] in module sc_node_v1_0_14_ingress__parameterized0 is either unconnected or has no load
WARNING: [Synth 8-7129] Port s_sc_payld[497] in module sc_node_v1_0_14_ingress__parameterized0 is either unconnected or has no load
WARNING: [Synth 8-7129] Port s_sc_payld[496] in module sc_node_v1_0_14_ingress__parameterized0 is either unconnected or has no load
WARNING: [Synth 8-7129] Port s_sc_payld[495] in module sc_node_v1_0_14_ingress__parameterized0 is either unconnected or has no load
WARNING: [Synth 8-7129] Port s_sc_payld[494] in module sc_node_v1_0_14_ingress__parameterized0 is either unconnected or has no load
WARNING: [Synth 8-7129] Port s_sc_payld[493] in module sc_node_v1_0_14_ingress__parameterized0 is either unconnected or has no load
WARNING: [Synth 8-7129] Port s_sc_payld[492] in module sc_node_v1_0_14_ingress__parameterized0 is either unconnected or has no load
WARNING: [Synth 8-7129] Port s_sc_payld[491] in module sc_node_v1_0_14_ingress__parameterized0 is either unconnected or has no load
WARNING: [Synth 8-7129] Port s_sc_payld[490] in module sc_node_v1_0_14_ingress__parameterized0 is either unconnected or has no load
WARNING: [Synth 8-7129] Port s_sc_payld[489] in module sc_node_v1_0_14_ingress__parameterized0 is either unconnected or has no load
WARNING: [Synth 8-7129] Port s_sc_payld[488] in module sc_node_v1_0_14_ingress__parameterized0 is either unconnected or has no load
WARNING: [Synth 8-7129] Port s_sc_payld[487] in module sc_node_v1_0_14_ingress__parameterized0 is either unconnected or has no load
WARNING: [Synth 8-7129] Port s_sc_payld[486] in module sc_node_v1_0_14_ingress__parameterized0 is either unconnected or has no load
WARNING: [Synth 8-7129] Port s_sc_payld[485] in module sc_node_v1_0_14_ingress__parameterized0 is either unconnected or has no load
WARNING: [Synth 8-7129] Port s_sc_payld[484] in module sc_node_v1_0_14_ingress__parameterized0 is either unconnected or has no load
WARNING: [Synth 8-7129] Port s_sc_payld[483] in module sc_node_v1_0_14_ingress__parameterized0 is either unconnected or has no load
WARNING: [Synth 8-7129] Port s_sc_payld[482] in module sc_node_v1_0_14_ingress__parameterized0 is either unconnected or has no load
WARNING: [Synth 8-7129] Port s_sc_payld[481] in module sc_node_v1_0_14_ingress__parameterized0 is either unconnected or has no load
WARNING: [Synth 8-7129] Port s_sc_payld[480] in module sc_node_v1_0_14_ingress__parameterized0 is either unconnected or has no load
WARNING: [Synth 8-7129] Port s_sc_payld[479] in module sc_node_v1_0_14_ingress__parameterized0 is either unconnected or has no load
WARNING: [Synth 8-7129] Port s_sc_payld[478] in module sc_node_v1_0_14_ingress__parameterized0 is either unconnected or has no load
WARNING: [Synth 8-7129] Port s_sc_payld[477] in module sc_node_v1_0_14_ingress__parameterized0 is either unconnected or has no load
WARNING: [Synth 8-7129] Port s_sc_payld[476] in module sc_node_v1_0_14_ingress__parameterized0 is either unconnected or has no load
WARNING: [Synth 8-7129] Port s_sc_payld[475] in module sc_node_v1_0_14_ingress__parameterized0 is either unconnected or has no load
WARNING: [Synth 8-7129] Port s_sc_payld[474] in module sc_node_v1_0_14_ingress__parameterized0 is either unconnected or has no load
WARNING: [Synth 8-7129] Port s_sc_payld[473] in module sc_node_v1_0_14_ingress__parameterized0 is either unconnected or has no load
WARNING: [Synth 8-7129] Port s_sc_payld[472] in module sc_node_v1_0_14_ingress__parameterized0 is either unconnected or has no load
WARNING: [Synth 8-7129] Port s_sc_payld[471] in module sc_node_v1_0_14_ingress__parameterized0 is either unconnected or has no load
WARNING: [Synth 8-7129] Port s_sc_payld[470] in module sc_node_v1_0_14_ingress__parameterized0 is either unconnected or has no load
WARNING: [Synth 8-7129] Port s_sc_payld[469] in module sc_node_v1_0_14_ingress__parameterized0 is either unconnected or has no load
WARNING: [Synth 8-7129] Port s_sc_payld[468] in module sc_node_v1_0_14_ingress__parameterized0 is either unconnected or has no load
WARNING: [Synth 8-7129] Port s_sc_payld[467] in module sc_node_v1_0_14_ingress__parameterized0 is either unconnected or has no load
WARNING: [Synth 8-7129] Port s_sc_payld[466] in module sc_node_v1_0_14_ingress__parameterized0 is either unconnected or has no load
WARNING: [Synth 8-7129] Port s_sc_payld[465] in module sc_node_v1_0_14_ingress__parameterized0 is either unconnected or has no load
WARNING: [Synth 8-7129] Port s_sc_payld[464] in module sc_node_v1_0_14_ingress__parameterized0 is either unconnected or has no load
WARNING: [Synth 8-7129] Port s_sc_payld[463] in module sc_node_v1_0_14_ingress__parameterized0 is either unconnected or has no load
WARNING: [Synth 8-7129] Port s_sc_payld[462] in module sc_node_v1_0_14_ingress__parameterized0 is either unconnected or has no load
WARNING: [Synth 8-7129] Port s_sc_payld[461] in module sc_node_v1_0_14_ingress__parameterized0 is either unconnected or has no load
WARNING: [Synth 8-7129] Port s_sc_payld[460] in module sc_node_v1_0_14_ingress__parameterized0 is either unconnected or has no load
WARNING: [Synth 8-7129] Port s_sc_payld[459] in module sc_node_v1_0_14_ingress__parameterized0 is either unconnected or has no load
WARNING: [Synth 8-7129] Port s_sc_payld[458] in module sc_node_v1_0_14_ingress__parameterized0 is either unconnected or has no load
WARNING: [Synth 8-7129] Port s_sc_payld[457] in module sc_node_v1_0_14_ingress__parameterized0 is either unconnected or has no load
WARNING: [Synth 8-7129] Port s_sc_payld[456] in module sc_node_v1_0_14_ingress__parameterized0 is either unconnected or has no load
WARNING: [Synth 8-7129] Port s_sc_payld[455] in module sc_node_v1_0_14_ingress__parameterized0 is either unconnected or has no load
WARNING: [Synth 8-7129] Port s_sc_payld[454] in module sc_node_v1_0_14_ingress__parameterized0 is either unconnected or has no load
WARNING: [Synth 8-7129] Port s_sc_payld[453] in module sc_node_v1_0_14_ingress__parameterized0 is either unconnected or has no load
WARNING: [Synth 8-7129] Port s_sc_payld[452] in module sc_node_v1_0_14_ingress__parameterized0 is either unconnected or has no load
WARNING: [Synth 8-7129] Port s_sc_payld[451] in module sc_node_v1_0_14_ingress__parameterized0 is either unconnected or has no load
WARNING: [Synth 8-7129] Port s_sc_payld[450] in module sc_node_v1_0_14_ingress__parameterized0 is either unconnected or has no load
WARNING: [Synth 8-7129] Port s_sc_payld[449] in module sc_node_v1_0_14_ingress__parameterized0 is either unconnected or has no load
WARNING: [Synth 8-7129] Port s_sc_payld[448] in module sc_node_v1_0_14_ingress__parameterized0 is either unconnected or has no load
WARNING: [Synth 8-7129] Port s_sc_payld[447] in module sc_node_v1_0_14_ingress__parameterized0 is either unconnected or has no load
WARNING: [Synth 8-7129] Port s_sc_payld[446] in module sc_node_v1_0_14_ingress__parameterized0 is either unconnected or has no load
WARNING: [Synth 8-7129] Port s_sc_payld[445] in module sc_node_v1_0_14_ingress__parameterized0 is either unconnected or has no load
WARNING: [Synth 8-7129] Port s_sc_payld[444] in module sc_node_v1_0_14_ingress__parameterized0 is either unconnected or has no load
WARNING: [Synth 8-7129] Port s_sc_payld[443] in module sc_node_v1_0_14_ingress__parameterized0 is either unconnected or has no load
WARNING: [Synth 8-7129] Port s_sc_payld[442] in module sc_node_v1_0_14_ingress__parameterized0 is either unconnected or has no load
WARNING: [Synth 8-7129] Port s_sc_payld[441] in module sc_node_v1_0_14_ingress__parameterized0 is either unconnected or has no load
WARNING: [Synth 8-7129] Port s_sc_payld[440] in module sc_node_v1_0_14_ingress__parameterized0 is either unconnected or has no load
WARNING: [Synth 8-7129] Port s_sc_payld[439] in module sc_node_v1_0_14_ingress__parameterized0 is either unconnected or has no load
WARNING: [Synth 8-7129] Port s_sc_payld[438] in module sc_node_v1_0_14_ingress__parameterized0 is either unconnected or has no load
WARNING: [Synth 8-7129] Port s_sc_payld[437] in module sc_node_v1_0_14_ingress__parameterized0 is either unconnected or has no load
WARNING: [Synth 8-7129] Port s_sc_payld[436] in module sc_node_v1_0_14_ingress__parameterized0 is either unconnected or has no load
WARNING: [Synth 8-7129] Port s_sc_payld[435] in module sc_node_v1_0_14_ingress__parameterized0 is either unconnected or has no load
INFO: [Common 17-14] Message 'Synth 8-7129' appears 100 times and further instances of the messages will be disabled. Use the Tcl command set_msg_config to change the current settings.
---------------------------------------------------------------------------------
Finished RTL Elaboration : Time (s): cpu = 00:00:06 ; elapsed = 00:00:06 . Memory (MB): peak = 3327.719 ; gain = 584.578 ; free physical = 511 ; free virtual = 6596
Synthesis current peak Physical Memory [PSS] (MB): peak = 2309.694; parent = 2176.978; children = 132.717
Synthesis current peak Virtual Memory [VSS] (MB): peak = 4297.480; parent = 3327.723; children = 969.758
---------------------------------------------------------------------------------
---------------------------------------------------------------------------------
Start Handling Custom Attributes
---------------------------------------------------------------------------------
---------------------------------------------------------------------------------
Finished Handling Custom Attributes : Time (s): cpu = 00:00:06 ; elapsed = 00:00:06 . Memory (MB): peak = 3342.562 ; gain = 599.422 ; free physical = 475 ; free virtual = 6560
Synthesis current peak Physical Memory [PSS] (MB): peak = 2309.694; parent = 2176.978; children = 132.717
Synthesis current peak Virtual Memory [VSS] (MB): peak = 4312.324; parent = 3342.566; children = 969.758
---------------------------------------------------------------------------------
---------------------------------------------------------------------------------
Finished RTL Optimization Phase 1 : Time (s): cpu = 00:00:06 ; elapsed = 00:00:07 . Memory (MB): peak = 3342.562 ; gain = 599.422 ; free physical = 473 ; free virtual = 6558
Synthesis current peak Physical Memory [PSS] (MB): peak = 2309.694; parent = 2176.978; children = 132.717
Synthesis current peak Virtual Memory [VSS] (MB): peak = 4312.324; parent = 3342.566; children = 969.758
---------------------------------------------------------------------------------
Netlist sorting complete. Time (s): cpu = 00:00:00.5 ; elapsed = 00:00:00.49 . Memory (MB): peak = 3356.500 ; gain = 0.000 ; free physical = 428 ; free virtual = 5779
INFO: [Netlist 29-17] Analyzing 39 Unisim elements for replacement
INFO: [Netlist 29-28] Unisim Transformation completed in 0 CPU seconds
INFO: [Project 1-570] Preparing netlist for logic optimization

Processing XDC Constraints
Initializing timing engine
Parsing XDC File [/home/advent/Desktop/RC19/_x/link/vivado/vpl/prj/prj.gen/my_rm/bd/ulp/ip/ulp_hmss_0_0/bd_0/ip/ip_24/ooc.xdc] for cell 'inst'
0V85_VCCINT { VCCINT }  -supply_current_budget  100.000 A -voltage  0.850 V -direct
0V85_VCCINT_IO { VCCINT_IO VCCBRAM }  -supply_current_budget  30.000 A -voltage  0.850 V -direct
0V9_AVCC { MGTYAVCC }  -supply_current_budget  0.000 A -voltage  0.900 V -direct
1V2_AVTT { MGTYAVTT }  -supply_current_budget  0.000 A -voltage  1.200 V -direct
1V2_HBM { VCC_HBM }  -supply_current_budget  0.000 A -voltage  1.200 V -direct
1V8 { VCCAUX VCCAUX_IO MGTYVCCAUX VCCO18 VCCADC }  -supply_current_budget  4.000 A -voltage  1.800 V -direct
2V5_VPP { VCCAUX_HBM }  -supply_current_budget  0.300 A -voltage  2.500 V -direct
Finished Parsing XDC File [/home/advent/Desktop/RC19/_x/link/vivado/vpl/prj/prj.gen/my_rm/bd/ulp/ip/ulp_hmss_0_0/bd_0/ip/ip_24/ooc.xdc] for cell 'inst'
Parsing XDC File [/home/advent/Desktop/RC19/_x/link/vivado/vpl/prj/prj.gen/my_rm/bd/ulp/ip/ulp_hmss_0_0/bd_8/ip/ip_1/bd_7ac9_psr0_0_board.xdc] for cell 'inst/clk_map/psr0/U0'
Finished Parsing XDC File [/home/advent/Desktop/RC19/_x/link/vivado/vpl/prj/prj.gen/my_rm/bd/ulp/ip/ulp_hmss_0_0/bd_8/ip/ip_1/bd_7ac9_psr0_0_board.xdc] for cell 'inst/clk_map/psr0/U0'
Parsing XDC File [/home/advent/Desktop/RC19/_x/link/vivado/vpl/prj/prj.gen/my_rm/bd/ulp/ip/ulp_hmss_0_0/bd_8/ip/ip_1/bd_7ac9_psr0_0.xdc] for cell 'inst/clk_map/psr0/U0'
Finished Parsing XDC File [/home/advent/Desktop/RC19/_x/link/vivado/vpl/prj/prj.gen/my_rm/bd/ulp/ip/ulp_hmss_0_0/bd_8/ip/ip_1/bd_7ac9_psr0_0.xdc] for cell 'inst/clk_map/psr0/U0'
Parsing XDC File [/home/advent/Desktop/RC19/_x/link/vivado/vpl/prj/prj.gen/my_rm/bd/ulp/ip/ulp_hmss_0_0/bd_8/ip/ip_2/bd_7ac9_psr_aclk_0_board.xdc] for cell 'inst/clk_map/psr_aclk/U0'
Finished Parsing XDC File [/home/advent/Desktop/RC19/_x/link/vivado/vpl/prj/prj.gen/my_rm/bd/ulp/ip/ulp_hmss_0_0/bd_8/ip/ip_2/bd_7ac9_psr_aclk_0_board.xdc] for cell 'inst/clk_map/psr_aclk/U0'
Parsing XDC File [/home/advent/Desktop/RC19/_x/link/vivado/vpl/prj/prj.gen/my_rm/bd/ulp/ip/ulp_hmss_0_0/bd_8/ip/ip_2/bd_7ac9_psr_aclk_0.xdc] for cell 'inst/clk_map/psr_aclk/U0'
Finished Parsing XDC File [/home/advent/Desktop/RC19/_x/link/vivado/vpl/prj/prj.gen/my_rm/bd/ulp/ip/ulp_hmss_0_0/bd_8/ip/ip_2/bd_7ac9_psr_aclk_0.xdc] for cell 'inst/clk_map/psr_aclk/U0'
Parsing XDC File [/home/advent/Desktop/RC19/_x/link/vivado/vpl/prj/prj.gen/my_rm/bd/ulp/ip/ulp_hmss_0_0/bd_8/ip/ip_3/bd_7ac9_psr_aclk1_0_board.xdc] for cell 'inst/clk_map/psr_aclk1/U0'
Finished Parsing XDC File [/home/advent/Desktop/RC19/_x/link/vivado/vpl/prj/prj.gen/my_rm/bd/ulp/ip/ulp_hmss_0_0/bd_8/ip/ip_3/bd_7ac9_psr_aclk1_0_board.xdc] for cell 'inst/clk_map/psr_aclk1/U0'
Parsing XDC File [/home/advent/Desktop/RC19/_x/link/vivado/vpl/prj/prj.gen/my_rm/bd/ulp/ip/ulp_hmss_0_0/bd_8/ip/ip_3/bd_7ac9_psr_aclk1_0.xdc] for cell 'inst/clk_map/psr_aclk1/U0'
Finished Parsing XDC File [/home/advent/Desktop/RC19/_x/link/vivado/vpl/prj/prj.gen/my_rm/bd/ulp/ip/ulp_hmss_0_0/bd_8/ip/ip_3/bd_7ac9_psr_aclk1_0.xdc] for cell 'inst/clk_map/psr_aclk1/U0'
Parsing XDC File [/home/advent/Desktop/RC19/_x/link/vivado/vpl/prj/prj.runs/bd_85ad_interconnect8_7_0_synth_1/dont_touch.xdc]
Finished Parsing XDC File [/home/advent/Desktop/RC19/_x/link/vivado/vpl/prj/prj.runs/bd_85ad_interconnect8_7_0_synth_1/dont_touch.xdc]
INFO: [Project 1-236] Implementation specific constraints were found while reading constraint file [/home/advent/Vivado/Vivado/2022.2/data/ip/xpm/xpm_cdc/tcl/xpm_cdc_gray.tcl]. These constraints will be ignored for synthesis but will be used in implementation. Impacted constraints are listed in the file [.Xil/bd_85ad_interconnect8_7_0_propImpl.xdc].
Resolution: To avoid this warning, move constraints listed in [.Xil/bd_85ad_interconnect8_7_0_propImpl.xdc] to another XDC file and exclude this new file from synthesis with the used_in_synthesis property (File Properties dialog in GUI) and re-run elaboration/synthesis.
INFO: [Project 1-236] Implementation specific constraints were found while reading constraint file [/home/advent/Vivado/Vivado/2022.2/data/ip/xpm/xpm_memory/tcl/xpm_memory_xdc.tcl]. These constraints will be ignored for synthesis but will be used in implementation. Impacted constraints are listed in the file [.Xil/bd_85ad_interconnect8_7_0_propImpl.xdc].
Resolution: To avoid this warning, move constraints listed in [.Xil/bd_85ad_interconnect8_7_0_propImpl.xdc] to another XDC file and exclude this new file from synthesis with the used_in_synthesis property (File Properties dialog in GUI) and re-run elaboration/synthesis.
INFO: [Project 1-1714] 16 XPM XDC files have been applied to the design.
Completed Processing XDC Constraints

Netlist sorting complete. Time (s): cpu = 00:00:00 ; elapsed = 00:00:00 . Memory (MB): peak = 3513.004 ; gain = 0.000 ; free physical = 281 ; free virtual = 5008
INFO: [Project 1-111] Unisim Transformation Summary:
  A total of 39 instances were transformed.
  FDR => FDRE: 36 instances
  SRL16 => SRL16E: 3 instances

Constraint Validation Runtime : Time (s): cpu = 00:00:00.1 ; elapsed = 00:00:00.1 . Memory (MB): peak = 3513.004 ; gain = 0.000 ; free physical = 256 ; free virtual = 4951
INFO: [Designutils 20-5008] Incremental synthesis strategy off
INFO: [Synth 8-11241] undeclared symbol 'REGCCE', assumed default net type 'wire' [/home/advent/Vivado/Vivado/2022.2/data/verilog/src/unimacro/BRAM_SINGLE_MACRO.v:2170]
---------------------------------------------------------------------------------
Finished Constraint Validation : Time (s): cpu = 00:00:18 ; elapsed = 00:00:18 . Memory (MB): peak = 3513.004 ; gain = 769.863 ; free physical = 590 ; free virtual = 5185
Synthesis current peak Physical Memory [PSS] (MB): peak = 2456.858; parent = 2326.370; children = 132.717
Synthesis current peak Virtual Memory [VSS] (MB): peak = 4482.766; parent = 3513.008; children = 969.758
---------------------------------------------------------------------------------
---------------------------------------------------------------------------------
Start Loading Part and Timing Information
---------------------------------------------------------------------------------
Loading part: xcu55c-fsvh2892-2L-e
INFO: [Synth 8-6742] Reading net delay rules and data
---------------------------------------------------------------------------------
Finished Loading Part and Timing Information : Time (s): cpu = 00:00:18 ; elapsed = 00:00:19 . Memory (MB): peak = 3513.004 ; gain = 769.863 ; free physical = 574 ; free virtual = 5169
Synthesis current peak Physical Memory [PSS] (MB): peak = 2456.858; parent = 2326.370; children = 132.717
Synthesis current peak Virtual Memory [VSS] (MB): peak = 4482.766; parent = 3513.008; children = 969.758
---------------------------------------------------------------------------------
---------------------------------------------------------------------------------
Start Applying 'set_property' XDC Constraints
---------------------------------------------------------------------------------
Applied set_property KEEP_HIERARCHY = SOFT for inst. (constraint file  /home/advent/Desktop/RC19/_x/link/vivado/vpl/prj/prj.runs/bd_85ad_interconnect8_7_0_synth_1/dont_touch.xdc, line 71).
Applied set_property KEEP_HIERARCHY = SOFT for inst/s00_nodes/s00_ar_node/inst/m_sc_xpm_cdc_async_rst_inst. (constraint file  auto generated constraint).
Applied set_property KEEP_HIERARCHY = SOFT for inst/s00_nodes/s00_r_node/inst/m_sc_xpm_cdc_async_rst_inst. (constraint file  auto generated constraint).
Applied set_property KEEP_HIERARCHY = SOFT for inst/s00_nodes/s00_ar_node/inst/s_sc_xpm_cdc_async_rst_inst. (constraint file  auto generated constraint).
Applied set_property KEEP_HIERARCHY = SOFT for inst/s00_nodes/s00_r_node/inst/s_sc_xpm_cdc_async_rst_inst. (constraint file  auto generated constraint).
Applied set_property KEEP_HIERARCHY = SOFT for inst/m00_exit_pipeline/m00_exit/inst/xpm_cdc_async_rst_inst. (constraint file  auto generated constraint).
Applied set_property KEEP_HIERARCHY = SOFT for inst/s00_entry_pipeline/s00_mmu/inst/xpm_cdc_async_rst_inst. (constraint file  auto generated constraint).
Applied set_property KEEP_HIERARCHY = SOFT for inst/s00_entry_pipeline/s00_si_converter/inst/xpm_cdc_async_rst_inst. (constraint file  auto generated constraint).
Applied set_property KEEP_HIERARCHY = SOFT for inst/s00_entry_pipeline/s00_transaction_regulator/inst/xpm_cdc_async_rst_inst. (constraint file  auto generated constraint).
Applied set_property KEEP_HIERARCHY = SOFT for inst/s00_nodes/s00_ar_node/inst/inst_mi_handler/\gen_normal_area.inst_fifo_node_payld /\gen_xpm_memory_fifo.inst_fifo /\gen_async_clocks.inst_cdc_addra_to_rd_clk . (constraint file  auto generated constraint).
Applied set_property KEEP_HIERARCHY = SOFT for inst/s00_nodes/s00_r_node/inst/inst_mi_handler/\gen_normal_area.inst_fifo_node_payld /\gen_xpm_memory_fifo.inst_fifo /\gen_async_clocks.inst_cdc_addra_to_rd_clk . (constraint file  auto generated constraint).
Applied set_property KEEP_HIERARCHY = SOFT for inst/s00_nodes/s00_ar_node/inst/inst_mi_handler/\gen_normal_area.inst_fifo_node_payld /\gen_xpm_memory_fifo.inst_fifo /\gen_async_clocks.inst_cdc_addrb_to_wr_clk . (constraint file  auto generated constraint).
Applied set_property KEEP_HIERARCHY = SOFT for inst/s00_nodes/s00_r_node/inst/inst_mi_handler/\gen_normal_area.inst_fifo_node_payld /\gen_xpm_memory_fifo.inst_fifo /\gen_async_clocks.inst_cdc_addrb_to_wr_clk . (constraint file  auto generated constraint).
Applied set_property KEEP_HIERARCHY = SOFT for inst/s00_nodes/s00_ar_node/inst/inst_mi_handler/\gen_normal_area.inst_fifo_node_payld /\gen_xpm_memory_fifo.inst_fifo /\gen_mem_rep[0].inst_xpm_memory . (constraint file  auto generated constraint).
Applied set_property KEEP_HIERARCHY = SOFT for inst/s00_nodes/s00_r_node/inst/inst_mi_handler/\gen_normal_area.inst_fifo_node_payld /\gen_xpm_memory_fifo.inst_fifo /\gen_mem_rep[0].inst_xpm_memory . (constraint file  auto generated constraint).
Applied set_property KEEP_HIERARCHY = SOFT for inst/s00_nodes/s00_r_node/inst/inst_mi_handler/\gen_normal_area.inst_fifo_node_payld /\gen_xpm_memory_fifo.inst_fifo /\gen_mem_rep[1].inst_xpm_memory . (constraint file  auto generated constraint).
Applied set_property KEEP_HIERARCHY = SOFT for inst/s00_nodes/s00_r_node/inst/inst_mi_handler/\gen_normal_area.inst_fifo_node_payld /\gen_xpm_memory_fifo.inst_fifo /\gen_mem_rep[2].inst_xpm_memory . (constraint file  auto generated constraint).
---------------------------------------------------------------------------------
Finished applying 'set_property' XDC Constraints : Time (s): cpu = 00:00:18 ; elapsed = 00:00:19 . Memory (MB): peak = 3513.004 ; gain = 769.863 ; free physical = 545 ; free virtual = 5141
Synthesis current peak Physical Memory [PSS] (MB): peak = 2456.858; parent = 2326.370; children = 132.717
Synthesis current peak Virtual Memory [VSS] (MB): peak = 4482.766; parent = 3513.008; children = 969.758
---------------------------------------------------------------------------------
INFO: [Synth 8-4490] FSM extraction disabled for register 'gen_pipelined.state_reg' through user attribute
INFO: [Synth 8-4490] FSM extraction disabled for register 'gen_pipelined.state_reg' through user attribute
INFO: [Synth 8-4490] FSM extraction disabled for register 'gen_pipelined.state_reg' through user attribute
INFO: [Synth 8-4490] FSM extraction disabled for register 'gen_pipelined.state_reg' through user attribute
INFO: [Synth 8-4490] FSM extraction disabled for register 'gen_pipelined.state_reg' through user attribute
INFO: [Synth 8-802] inferred FSM for state register 'gen_axi.gen_write.write_cs_reg' in module 'sc_mmu_v1_0_11_decerr_slave'
INFO: [Synth 8-4490] FSM extraction disabled for register 'gen_pipelined.state_reg' through user attribute
---------------------------------------------------------------------------------------------------
                   State |                     New Encoding |                Previous Encoding 
---------------------------------------------------------------------------------------------------
            P_WRITE_IDLE |                              001 |                               00
            P_WRITE_DATA |                              010 |                               01
            P_WRITE_RESP |                              100 |                               10
---------------------------------------------------------------------------------------------------
INFO: [Synth 8-3354] encoded FSM with state register 'gen_axi.gen_write.write_cs_reg' using encoding 'one-hot' in module 'sc_mmu_v1_0_11_decerr_slave'
---------------------------------------------------------------------------------
Finished RTL Optimization Phase 2 : Time (s): cpu = 00:00:20 ; elapsed = 00:00:21 . Memory (MB): peak = 3513.004 ; gain = 769.863 ; free physical = 260 ; free virtual = 4770
Synthesis current peak Physical Memory [PSS] (MB): peak = 2456.858; parent = 2326.370; children = 132.717
Synthesis current peak Virtual Memory [VSS] (MB): peak = 4482.766; parent = 3513.008; children = 969.758
---------------------------------------------------------------------------------
---------------------------------------------------------------------------------
Start RTL Component Statistics 
---------------------------------------------------------------------------------
Detailed RTL Component Info : 
+---Adders : 
	   2 Input   34 Bit       Adders := 2     
	   2 Input    8 Bit       Adders := 3     
	   3 Input    8 Bit       Adders := 2     
	   4 Input    8 Bit       Adders := 2     
	   2 Input    7 Bit       Adders := 2     
	   2 Input    6 Bit       Adders := 19    
	   2 Input    5 Bit       Adders := 5     
	   2 Input    4 Bit       Adders := 12    
	   2 Input    1 Bit       Adders := 1     
	   3 Input    1 Bit       Adders := 1     
+---XORs : 
	   2 Input      6 Bit         XORs := 4     
	   2 Input      1 Bit         XORs := 47    
+---Registers : 
	             2178 Bit    Registers := 4     
	              512 Bit    Registers := 2     
	              188 Bit    Registers := 1     
	              183 Bit    Registers := 3     
	               64 Bit    Registers := 4     
	               47 Bit    Registers := 1     
	               33 Bit    Registers := 1     
	               32 Bit    Registers := 1     
	               18 Bit    Registers := 1     
	               16 Bit    Registers := 2     
	               14 Bit    Registers := 1     
	                9 Bit    Registers := 1     
	                8 Bit    Registers := 72    
	                7 Bit    Registers := 6     
	                6 Bit    Registers := 29    
	                5 Bit    Registers := 5     
	                4 Bit    Registers := 16    
	                3 Bit    Registers := 29    
	                2 Bit    Registers := 3     
	                1 Bit    Registers := 128   
+---Muxes : 
	   2 Input 2178 Bit        Muxes := 3     
	   2 Input  512 Bit        Muxes := 3     
	   2 Input   64 Bit        Muxes := 4     
	   2 Input   47 Bit        Muxes := 1     
	   2 Input   34 Bit        Muxes := 2     
	   2 Input   33 Bit        Muxes := 1     
	   2 Input   32 Bit        Muxes := 4     
	   2 Input   14 Bit        Muxes := 1     
	   2 Input    9 Bit        Muxes := 1     
	   2 Input    8 Bit        Muxes := 11    
	   2 Input    7 Bit        Muxes := 14    
	   7 Input    7 Bit        Muxes := 2     
	   2 Input    6 Bit        Muxes := 5     
	   2 Input    4 Bit        Muxes := 4     
	   4 Input    3 Bit        Muxes := 11    
	  11 Input    3 Bit        Muxes := 10    
	   2 Input    3 Bit        Muxes := 11    
	   2 Input    2 Bit        Muxes := 27    
	   3 Input    2 Bit        Muxes := 1     
	   2 Input    1 Bit        Muxes := 142   
	   6 Input    1 Bit        Muxes := 54    
	  12 Input    1 Bit        Muxes := 10    
	   5 Input    1 Bit        Muxes := 11    
	   3 Input    1 Bit        Muxes := 10    
	   4 Input    1 Bit        Muxes := 4     
	  10 Input    1 Bit        Muxes := 3     
	   7 Input    1 Bit        Muxes := 2     
---------------------------------------------------------------------------------
Finished RTL Component Statistics 
---------------------------------------------------------------------------------
---------------------------------------------------------------------------------
Start Part Resource Summary
---------------------------------------------------------------------------------
Part Resources:
DSPs: 9024 (col length:94)
BRAMs: 4032 (col length: RAMB18 288 RAMB36 144)
---------------------------------------------------------------------------------
Finished Part Resource Summary
---------------------------------------------------------------------------------
---------------------------------------------------------------------------------
Start Cross Boundary and Area Optimization
---------------------------------------------------------------------------------
WARNING: [Synth 8-7080] Parallel synthesis criteria is not met
WARNING: [Synth 8-3332] Sequential element (clk_map/psr0/U0/EXT_LPF/ACTIVE_LOW_EXT.ACT_LO_EXT/GENERATE_LEVEL_P_S_CDC.SINGLE_BIT.CROSS_PLEVEL_IN2SCNDRY_IN_cdc_to) is unused and will be removed from module bd_7ac9.
WARNING: [Synth 8-3332] Sequential element (clk_map/psr0/U0/EXT_LPF/ACTIVE_LOW_EXT.ACT_LO_EXT/GENERATE_LEVEL_P_S_CDC.SINGLE_BIT.CROSS_PLEVEL_IN2SCNDRY_s_level_out_d2) is unused and will be removed from module bd_7ac9.
WARNING: [Synth 8-3332] Sequential element (clk_map/psr0/U0/EXT_LPF/ACTIVE_LOW_EXT.ACT_LO_EXT/GENERATE_LEVEL_P_S_CDC.SINGLE_BIT.CROSS_PLEVEL_IN2SCNDRY_s_level_out_d3) is unused and will be removed from module bd_7ac9.
WARNING: [Synth 8-3332] Sequential element (clk_map/psr0/U0/EXT_LPF/ACTIVE_LOW_EXT.ACT_LO_EXT/GENERATE_LEVEL_P_S_CDC.SINGLE_BIT.CROSS_PLEVEL_IN2SCNDRY_s_level_out_d4) is unused and will be removed from module bd_7ac9.
WARNING: [Synth 8-3332] Sequential element (clk_map/psr0/U0/EXT_LPF/ACTIVE_LOW_EXT.ACT_LO_EXT/GENERATE_LEVEL_P_S_CDC.SINGLE_BIT.CROSS_PLEVEL_IN2SCNDRY_s_level_out_d5) is unused and will be removed from module bd_7ac9.
WARNING: [Synth 8-3332] Sequential element (clk_map/psr0/U0/EXT_LPF/ACTIVE_LOW_EXT.ACT_LO_EXT/GENERATE_LEVEL_P_S_CDC.SINGLE_BIT.CROSS_PLEVEL_IN2SCNDRY_s_level_out_d6) is unused and will be removed from module bd_7ac9.
WARNING: [Synth 8-3332] Sequential element (clk_map/psr0/U0/EXT_LPF/ACTIVE_LOW_AUX.ACT_LO_AUX/GENERATE_LEVEL_P_S_CDC.SINGLE_BIT.CROSS_PLEVEL_IN2SCNDRY_s_level_out_d5) is unused and will be removed from module bd_7ac9.
WARNING: [Synth 8-3332] Sequential element (clk_map/psr0/U0/EXT_LPF/ACTIVE_LOW_AUX.ACT_LO_AUX/GENERATE_LEVEL_P_S_CDC.SINGLE_BIT.CROSS_PLEVEL_IN2SCNDRY_s_level_out_d6) is unused and will be removed from module bd_7ac9.
WARNING: [Synth 8-3332] Sequential element (clk_map/psr0/U0/FDRE_inst) is unused and will be removed from module bd_7ac9.
WARNING: [Synth 8-3332] Sequential element (clk_map/psr0/U0/BSR_OUT_DFF[0].FDRE_BSR) is unused and will be removed from module bd_7ac9.
WARNING: [Synth 8-3332] Sequential element (clk_map/psr0/U0/PR_OUT_DFF[0].FDRE_PER) is unused and will be removed from module bd_7ac9.
WARNING: [Synth 8-3332] Sequential element (clk_map/psr0/U0/ACTIVE_LOW_PR_OUT_DFF[0].FDRE_PER_N) is unused and will be removed from module bd_7ac9.
WARNING: [Synth 8-3332] Sequential element (clk_map/psr_aclk/U0/EXT_LPF/ACTIVE_LOW_EXT.ACT_LO_EXT/GENERATE_LEVEL_P_S_CDC.SINGLE_BIT.CROSS_PLEVEL_IN2SCNDRY_s_level_out_d5) is unused and will be removed from module bd_7ac9.
WARNING: [Synth 8-3332] Sequential element (clk_map/psr_aclk/U0/EXT_LPF/ACTIVE_LOW_EXT.ACT_LO_EXT/GENERATE_LEVEL_P_S_CDC.SINGLE_BIT.CROSS_PLEVEL_IN2SCNDRY_s_level_out_d6) is unused and will be removed from module bd_7ac9.
WARNING: [Synth 8-3332] Sequential element (clk_map/psr_aclk/U0/EXT_LPF/ACTIVE_LOW_AUX.ACT_LO_AUX/GENERATE_LEVEL_P_S_CDC.SINGLE_BIT.CROSS_PLEVEL_IN2SCNDRY_s_level_out_d5) is unused and will be removed from module bd_7ac9.
WARNING: [Synth 8-3332] Sequential element (clk_map/psr_aclk/U0/EXT_LPF/ACTIVE_LOW_AUX.ACT_LO_AUX/GENERATE_LEVEL_P_S_CDC.SINGLE_BIT.CROSS_PLEVEL_IN2SCNDRY_s_level_out_d6) is unused and will be removed from module bd_7ac9.
WARNING: [Synth 8-3332] Sequential element (clk_map/psr_aclk/U0/FDRE_inst) is unused and will be removed from module bd_7ac9.
WARNING: [Synth 8-3332] Sequential element (clk_map/psr_aclk/U0/BSR_OUT_DFF[0].FDRE_BSR) is unused and will be removed from module bd_7ac9.
WARNING: [Synth 8-3332] Sequential element (clk_map/psr_aclk/U0/PR_OUT_DFF[0].FDRE_PER) is unused and will be removed from module bd_7ac9.
WARNING: [Synth 8-3332] Sequential element (clk_map/psr_aclk/U0/ACTIVE_LOW_PR_OUT_DFF[0].FDRE_PER_N) is unused and will be removed from module bd_7ac9.
WARNING: [Synth 8-3332] Sequential element (clk_map/psr_aclk1/U0/EXT_LPF/ACTIVE_LOW_EXT.ACT_LO_EXT/GENERATE_LEVEL_P_S_CDC.SINGLE_BIT.CROSS_PLEVEL_IN2SCNDRY_s_level_out_d5) is unused and will be removed from module bd_7ac9.
WARNING: [Synth 8-3332] Sequential element (clk_map/psr_aclk1/U0/EXT_LPF/ACTIVE_LOW_EXT.ACT_LO_EXT/GENERATE_LEVEL_P_S_CDC.SINGLE_BIT.CROSS_PLEVEL_IN2SCNDRY_s_level_out_d6) is unused and will be removed from module bd_7ac9.
WARNING: [Synth 8-3332] Sequential element (clk_map/psr_aclk1/U0/EXT_LPF/ACTIVE_LOW_AUX.ACT_LO_AUX/GENERATE_LEVEL_P_S_CDC.SINGLE_BIT.CROSS_PLEVEL_IN2SCNDRY_s_level_out_d5) is unused and will be removed from module bd_7ac9.
WARNING: [Synth 8-3332] Sequential element (clk_map/psr_aclk1/U0/EXT_LPF/ACTIVE_LOW_AUX.ACT_LO_AUX/GENERATE_LEVEL_P_S_CDC.SINGLE_BIT.CROSS_PLEVEL_IN2SCNDRY_s_level_out_d6) is unused and will be removed from module bd_7ac9.
WARNING: [Synth 8-3332] Sequential element (clk_map/psr_aclk1/U0/FDRE_inst) is unused and will be removed from module bd_7ac9.
WARNING: [Synth 8-3332] Sequential element (clk_map/psr_aclk1/U0/BSR_OUT_DFF[0].FDRE_BSR) is unused and will be removed from module bd_7ac9.
WARNING: [Synth 8-3332] Sequential element (clk_map/psr_aclk1/U0/PR_OUT_DFF[0].FDRE_PER) is unused and will be removed from module bd_7ac9.
WARNING: [Synth 8-3332] Sequential element (clk_map/psr_aclk1/U0/ACTIVE_LOW_PR_OUT_DFF[0].FDRE_PER_N) is unused and will be removed from module bd_7ac9.
INFO: [Synth 8-3332] Sequential element (gen_endpoint.decerr_slave_inst/FSM_onehot_gen_axi.gen_write.write_cs_reg[2]) is unused and will be removed from module sc_mmu_v1_0_11_top.
INFO: [Synth 8-3332] Sequential element (gen_endpoint.decerr_slave_inst/FSM_onehot_gen_axi.gen_write.write_cs_reg[1]) is unused and will be removed from module sc_mmu_v1_0_11_top.
INFO: [Synth 8-3332] Sequential element (gen_endpoint.decerr_slave_inst/FSM_onehot_gen_axi.gen_write.write_cs_reg[0]) is unused and will be removed from module sc_mmu_v1_0_11_top.
---------------------------------------------------------------------------------
Finished Cross Boundary and Area Optimization : Time (s): cpu = 00:00:27 ; elapsed = 00:00:29 . Memory (MB): peak = 3513.004 ; gain = 769.863 ; free physical = 712 ; free virtual = 5212
Synthesis current peak Physical Memory [PSS] (MB): peak = 2456.858; parent = 2326.370; children = 132.717
Synthesis current peak Virtual Memory [VSS] (MB): peak = 4482.766; parent = 3513.008; children = 969.758
---------------------------------------------------------------------------------
---------------------------------------------------------------------------------
Start ROM, RAM, DSP, Shift Register and Retiming Reporting
---------------------------------------------------------------------------------

Distributed RAM: Preliminary Mapping Report (see note below)
+---------------------------------------------------------------------------------------------------------------------------------------------------------------------------+----------------------------------+----------------+----------------------+----------------+
|Module Name                                                                                                                                                                | RTL Object                       | Inference      | Size (Depth x Width) | Primitives     | 
+---------------------------------------------------------------------------------------------------------------------------------------------------------------------------+----------------------------------+----------------+----------------------+----------------+
|inst/\s00_nodes/s00_ar_node/inst /\inst_mi_handler/gen_normal_area.inst_fifo_node_payld/gen_xpm_memory_fifo.inst_fifo/gen_mem_rep[0].inst_xpm_memory /xpm_memory_base_inst | gen_wr_a.gen_word_narrow.mem_reg | User Attribute | 32 x 188             | RAM32M16 x 14  | 
|xpm_memory_sdpram__parameterized0:/xpm_memory_base_inst                                                                                                                    | gen_wr_a.gen_word_narrow.mem_reg | User Attribute | 32 x 183             | RAM32M16 x 14  | 
|xpm_memory_sdpram__parameterized0:/xpm_memory_base_inst                                                                                                                    | gen_wr_a.gen_word_narrow.mem_reg | User Attribute | 32 x 183             | RAM32M16 x 14  | 
|xpm_memory_sdpram__parameterized0:/xpm_memory_base_inst                                                                                                                    | gen_wr_a.gen_word_narrow.mem_reg | User Attribute | 32 x 183             | RAM32M16 x 14  | 
+---------------------------------------------------------------------------------------------------------------------------------------------------------------------------+----------------------------------+----------------+----------------------+----------------+

Note: The table above is a preliminary report that shows the Distributed RAMs at the current stage of the synthesis flow. Some Distributed RAMs may be reimplemented as non Distributed RAM primitives later in the synthesis flow. Multiple instantiated RAMs are reported only once.
---------------------------------------------------------------------------------
Finished ROM, RAM, DSP, Shift Register and Retiming Reporting
---------------------------------------------------------------------------------
---------------------------------------------------------------------------------
Start Applying XDC Timing Constraints
---------------------------------------------------------------------------------
---------------------------------------------------------------------------------
Finished Applying XDC Timing Constraints : Time (s): cpu = 00:00:34 ; elapsed = 00:00:37 . Memory (MB): peak = 3620.535 ; gain = 877.395 ; free physical = 3399 ; free virtual = 7980
Synthesis current peak Physical Memory [PSS] (MB): peak = 2801.987; parent = 2667.910; children = 134.077
Synthesis current peak Virtual Memory [VSS] (MB): peak = 4590.297; parent = 3620.539; children = 969.758
---------------------------------------------------------------------------------
---------------------------------------------------------------------------------
Start Timing Optimization
---------------------------------------------------------------------------------
---------------------------------------------------------------------------------
Finished Timing Optimization : Time (s): cpu = 00:00:34 ; elapsed = 00:00:37 . Memory (MB): peak = 3660.582 ; gain = 917.441 ; free physical = 3271 ; free virtual = 7856
Synthesis current peak Physical Memory [PSS] (MB): peak = 2814.758; parent = 2680.682; children = 134.077
Synthesis current peak Virtual Memory [VSS] (MB): peak = 4630.344; parent = 3660.586; children = 969.758
---------------------------------------------------------------------------------
---------------------------------------------------------------------------------
Start ROM, RAM, DSP, Shift Register and Retiming Reporting
---------------------------------------------------------------------------------

Distributed RAM: Final Mapping Report
+---------------------------------------------------------------------------------------------------------------------------------------------------------------------------+----------------------------------+----------------+----------------------+----------------+
|Module Name                                                                                                                                                                | RTL Object                       | Inference      | Size (Depth x Width) | Primitives     | 
+---------------------------------------------------------------------------------------------------------------------------------------------------------------------------+----------------------------------+----------------+----------------------+----------------+
|inst/\s00_nodes/s00_ar_node/inst /\inst_mi_handler/gen_normal_area.inst_fifo_node_payld/gen_xpm_memory_fifo.inst_fifo/gen_mem_rep[0].inst_xpm_memory /xpm_memory_base_inst | gen_wr_a.gen_word_narrow.mem_reg | User Attribute | 32 x 188             | RAM32M16 x 14  | 
|xpm_memory_sdpram__parameterized0:/xpm_memory_base_inst                                                                                                                    | gen_wr_a.gen_word_narrow.mem_reg | User Attribute | 32 x 183             | RAM32M16 x 14  | 
|xpm_memory_sdpram__parameterized0:/xpm_memory_base_inst                                                                                                                    | gen_wr_a.gen_word_narrow.mem_reg | User Attribute | 32 x 183             | RAM32M16 x 14  | 
|xpm_memory_sdpram__parameterized0:/xpm_memory_base_inst                                                                                                                    | gen_wr_a.gen_word_narrow.mem_reg | User Attribute | 32 x 183             | RAM32M16 x 14  | 
+---------------------------------------------------------------------------------------------------------------------------------------------------------------------------+----------------------------------+----------------+----------------------+----------------+

---------------------------------------------------------------------------------
Finished ROM, RAM, DSP, Shift Register and Retiming Reporting
---------------------------------------------------------------------------------
---------------------------------------------------------------------------------
Start Technology Mapping
---------------------------------------------------------------------------------
---------------------------------------------------------------------------------
Finished Technology Mapping : Time (s): cpu = 00:00:35 ; elapsed = 00:00:38 . Memory (MB): peak = 3668.590 ; gain = 925.449 ; free physical = 3180 ; free virtual = 7758
Synthesis current peak Physical Memory [PSS] (MB): peak = 2821.101; parent = 2687.024; children = 134.077
Synthesis current peak Virtual Memory [VSS] (MB): peak = 4638.352; parent = 3668.594; children = 969.758
---------------------------------------------------------------------------------
---------------------------------------------------------------------------------
Start IO Insertion
---------------------------------------------------------------------------------
---------------------------------------------------------------------------------
Start Flattening Before IO Insertion
---------------------------------------------------------------------------------
---------------------------------------------------------------------------------
Finished Flattening Before IO Insertion
---------------------------------------------------------------------------------
---------------------------------------------------------------------------------
Start Final Netlist Cleanup
---------------------------------------------------------------------------------
---------------------------------------------------------------------------------
Finished Final Netlist Cleanup
---------------------------------------------------------------------------------
---------------------------------------------------------------------------------
Finished IO Insertion : Time (s): cpu = 00:00:38 ; elapsed = 00:00:41 . Memory (MB): peak = 3671.559 ; gain = 928.418 ; free physical = 3038 ; free virtual = 7627
Synthesis current peak Physical Memory [PSS] (MB): peak = 2827.714; parent = 2690.283; children = 137.431
Synthesis current peak Virtual Memory [VSS] (MB): peak = 4641.320; parent = 3671.562; children = 969.758
---------------------------------------------------------------------------------
---------------------------------------------------------------------------------
Start Renaming Generated Instances
---------------------------------------------------------------------------------
---------------------------------------------------------------------------------
Finished Renaming Generated Instances : Time (s): cpu = 00:00:38 ; elapsed = 00:00:41 . Memory (MB): peak = 3671.559 ; gain = 928.418 ; free physical = 3017 ; free virtual = 7606
Synthesis current peak Physical Memory [PSS] (MB): peak = 2827.776; parent = 2690.314; children = 137.462
Synthesis current peak Virtual Memory [VSS] (MB): peak = 4641.320; parent = 3671.562; children = 969.758
---------------------------------------------------------------------------------
---------------------------------------------------------------------------------
Start Rebuilding User Hierarchy
---------------------------------------------------------------------------------
---------------------------------------------------------------------------------
Finished Rebuilding User Hierarchy : Time (s): cpu = 00:00:38 ; elapsed = 00:00:41 . Memory (MB): peak = 3671.559 ; gain = 928.418 ; free physical = 3566 ; free virtual = 8150
Synthesis current peak Physical Memory [PSS] (MB): peak = 2835.384; parent = 2695.849; children = 139.535
Synthesis current peak Virtual Memory [VSS] (MB): peak = 4641.320; parent = 3671.562; children = 969.758
---------------------------------------------------------------------------------
---------------------------------------------------------------------------------
Start Renaming Generated Ports
---------------------------------------------------------------------------------
---------------------------------------------------------------------------------
Finished Renaming Generated Ports : Time (s): cpu = 00:00:38 ; elapsed = 00:00:41 . Memory (MB): peak = 3671.559 ; gain = 928.418 ; free physical = 3618 ; free virtual = 8202
Synthesis current peak Physical Memory [PSS] (MB): peak = 2835.384; parent = 2695.849; children = 139.535
Synthesis current peak Virtual Memory [VSS] (MB): peak = 4641.320; parent = 3671.562; children = 969.758
---------------------------------------------------------------------------------
---------------------------------------------------------------------------------
Start Handling Custom Attributes
---------------------------------------------------------------------------------
---------------------------------------------------------------------------------
Finished Handling Custom Attributes : Time (s): cpu = 00:00:38 ; elapsed = 00:00:41 . Memory (MB): peak = 3671.559 ; gain = 928.418 ; free physical = 3700 ; free virtual = 8283
Synthesis current peak Physical Memory [PSS] (MB): peak = 2835.384; parent = 2695.849; children = 139.535
Synthesis current peak Virtual Memory [VSS] (MB): peak = 4641.320; parent = 3671.562; children = 969.758
---------------------------------------------------------------------------------
---------------------------------------------------------------------------------
Start Renaming Generated Nets
---------------------------------------------------------------------------------
---------------------------------------------------------------------------------
Finished Renaming Generated Nets : Time (s): cpu = 00:00:38 ; elapsed = 00:00:42 . Memory (MB): peak = 3671.559 ; gain = 928.418 ; free physical = 3776 ; free virtual = 8359
Synthesis current peak Physical Memory [PSS] (MB): peak = 2835.384; parent = 2695.876; children = 139.535
Synthesis current peak Virtual Memory [VSS] (MB): peak = 4641.320; parent = 3671.562; children = 969.758
---------------------------------------------------------------------------------
---------------------------------------------------------------------------------
Start ROM, RAM, DSP, Shift Register and Retiming Reporting
---------------------------------------------------------------------------------

Dynamic Shift Register Report:
+------------+---------------+--------+------------+--------+---------+--------+--------+--------+
|Module Name | RTL Name      | Length | Data Width | SRL16E | SRLC32E | Mux F7 | Mux F8 | Mux F9 | 
+------------+---------------+--------+------------+--------+---------+--------+--------+--------+
|dsrl        | shift_reg_reg | 16     | 1          | 1      | 0       | 0      | 0      | 0      | 
|dsrl__121   | shift_reg_reg | 16     | 1          | 1      | 0       | 0      | 0      | 0      | 
+------------+---------------+--------+------------+--------+---------+--------+--------+--------+

---------------------------------------------------------------------------------
Finished ROM, RAM, DSP, Shift Register and Retiming Reporting
---------------------------------------------------------------------------------
---------------------------------------------------------------------------------
Start Writing Synthesis Report
---------------------------------------------------------------------------------

Report BlackBoxes: 
+-+--------------+----------+
| |BlackBox name |Instances |
+-+--------------+----------+
+-+--------------+----------+

Report Cell Usage: 
+------+---------+------+
|      |Cell     |Count |
+------+---------+------+
|1     |CARRY8   |     8|
|2     |LUT1     |    51|
|3     |LUT2     |    77|
|4     |LUT3     |   118|
|5     |LUT4     |    75|
|6     |LUT5     |    86|
|7     |LUT6     |   166|
|8     |RAM32M16 |    45|
|9     |RAM32X1D |     2|
|10    |SRL16    |     3|
|11    |SRL16E   |     5|
|12    |FDCE     |    24|
|13    |FDR      |    20|
|14    |FDRE     |  1464|
|15    |FDSE     |    40|
+------+---------+------+
---------------------------------------------------------------------------------
Finished Writing Synthesis Report : Time (s): cpu = 00:00:38 ; elapsed = 00:00:42 . Memory (MB): peak = 3671.559 ; gain = 928.418 ; free physical = 3902 ; free virtual = 8486
Synthesis current peak Physical Memory [PSS] (MB): peak = 2835.388; parent = 2695.892; children = 139.535
Synthesis current peak Virtual Memory [VSS] (MB): peak = 4641.320; parent = 3671.562; children = 969.758
---------------------------------------------------------------------------------
Synthesis finished with 0 errors, 0 critical warnings and 13198 warnings.
Synthesis Optimization Runtime : Time (s): cpu = 00:00:30 ; elapsed = 00:00:33 . Memory (MB): peak = 3671.559 ; gain = 757.977 ; free physical = 4258 ; free virtual = 8842
Synthesis Optimization Complete : Time (s): cpu = 00:00:38 ; elapsed = 00:00:42 . Memory (MB): peak = 3671.566 ; gain = 928.418 ; free physical = 4277 ; free virtual = 8861
INFO: [Project 1-571] Translating synthesized netlist
Netlist sorting complete. Time (s): cpu = 00:00:00.1 ; elapsed = 00:00:00.1 . Memory (MB): peak = 3671.566 ; gain = 0.000 ; free physical = 5645 ; free virtual = 10229
INFO: [Netlist 29-17] Analyzing 78 Unisim elements for replacement
INFO: [Netlist 29-28] Unisim Transformation completed in 0 CPU seconds
INFO: [Project 1-570] Preparing netlist for logic optimization
INFO: [Opt 31-138] Pushed 0 inverter(s) to 0 load pin(s).
Netlist sorting complete. Time (s): cpu = 00:00:00.01 ; elapsed = 00:00:00 . Memory (MB): peak = 3761.215 ; gain = 0.000 ; free physical = 5433 ; free virtual = 10037
INFO: [Project 1-111] Unisim Transformation Summary:
  A total of 70 instances were transformed.
  FDR => FDRE: 20 instances
  RAM32M16 => RAM32M16 (RAMD32(x14), RAMS32(x2)): 45 instances
  RAM32X1D => RAM32X1D (RAMD32(x2)): 2 instances
  SRL16 => SRL16E: 3 instances

Synth Design complete, checksum: 195b9d91
INFO: [Common 17-83] Releasing license: Synthesis
123 Infos, 254 Warnings, 0 Critical Warnings and 0 Errors encountered.
synth_design completed successfully
synth_design: Time (s): cpu = 00:00:48 ; elapsed = 00:00:50 . Memory (MB): peak = 3761.215 ; gain = 2334.824 ; free physical = 5642 ; free virtual = 10247
INFO: [Common 17-600] The following parameters have non-default value.
general.maxThreads
INFO: [Common 17-1381] The checkpoint '/home/advent/Desktop/RC19/_x/link/vivado/vpl/prj/prj.runs/bd_85ad_interconnect8_7_0_synth_1/bd_85ad_interconnect8_7_0.dcp' has been generated.
INFO: [Coretcl 2-1648] Added synthesis output to IP cache for IP bd_85ad_interconnect8_7_0, cache-ID = 51da349ab0143698
INFO: [Coretcl 2-1174] Renamed 95 cell refs.
INFO: [Common 17-1381] The checkpoint '/home/advent/Desktop/RC19/_x/link/vivado/vpl/prj/prj.runs/bd_85ad_interconnect8_7_0_synth_1/bd_85ad_interconnect8_7_0.dcp' has been generated.
INFO: [runtcl-4] Executing : report_utilization -file bd_85ad_interconnect8_7_0_utilization_synth.rpt -pb bd_85ad_interconnect8_7_0_utilization_synth.pb
INFO: [Common 17-206] Exiting Vivado at Mon Apr 27 18:46:22 2026...
