
*** Running vivado
    with args -log ulp.vds -m64 -product Vivado -mode batch -messageDb vivado.pb -notrace -source ulp.tcl


****** Vivado v2022.2 (64-bit)
  **** SW Build 3671981 on Fri Oct 14 04:59:54 MDT 2022
  **** IP Build 3669848 on Fri Oct 14 08:30:02 MDT 2022
    ** Copyright 1986-2022 Xilinx, Inc. All Rights Reserved.

source ulp.tcl -notrace
INFO: Dispatch client connection id - 37729
INFO: [IP_Flow 19-234] Refreshing IP repositories
INFO: [IP_Flow 19-1700] Loaded user IP repository '/home/advent/Desktop/RC19/_x/link/int/xo/ip_repo/xilinx_com_hls_softmax_u55c_kernel_1_0'.
INFO: [IP_Flow 19-1700] Loaded user IP repository '/home/advent/Desktop/RC19/_x/link/int/xo/ip_repo/xilinx_com_hls_attention_score_u55c_kernel_1_0'.
INFO: [IP_Flow 19-1700] Loaded user IP repository '/home/advent/Desktop/RC19/_x/link/int/xo/ip_repo/xilinx_com_hls_causal_mask_u55c_kernel_1_0'.
INFO: [IP_Flow 19-1700] Loaded user IP repository '/home/advent/Desktop/RC19/_x/link/int/xo/ip_repo/xilinx_com_hls_score_scale_u55c_kernel_1_0'.
INFO: [IP_Flow 19-1700] Loaded user IP repository '/home/advent/Desktop/RC19/_x/link/vivado/vpl/.local/hw_platform/iprepo'.
INFO: [IP_Flow 19-1700] Loaded user IP repository '/home/advent/Desktop/RC19/_x/link/vivado/vpl/.local/hw_platform/ipcache'.
INFO: [IP_Flow 19-1700] Loaded user IP repository '/home/advent/Vivado/Vitis/2022.2/data/ip'.
INFO: [IP_Flow 19-2313] Loaded Vivado IP repository '/home/advent/Vivado/Vivado/2022.2/data/ip'.
WARNING: [IP_Flow 19-1663] Duplicate IP found for 'xilinx.com:ip:clk_metadata_adapter:1.0'. The one found in IP location '/home/advent/Desktop/RC19/_x/link/vivado/vpl/.local/hw_platform/iprepo/ipdefs/pxi_ii_infra/clk_metadata_adapter_v1_0' will take precedence over the same IP in location /home/advent/Desktop/RC19/_x/link/vivado/vpl/.local/hw_platform/iprepo/ipdefs/other_ipdefs/clk_metadata_adapter_v1_0
WARNING: [IP_Flow 19-1663] Duplicate IP found for 'xilinx.com:ip:pipeline_reg:1.0'. The one found in IP location '/home/advent/Desktop/RC19/_x/link/vivado/vpl/.local/hw_platform/iprepo/ipdefs/pxi_ii_infra/pipeline_reg_v1_0' will take precedence over the same IP in location /home/advent/Desktop/RC19/_x/link/vivado/vpl/.local/hw_platform/iprepo/ipdefs/other_ipdefs/pipeline_reg_v1_0
WARNING: [IP_Flow 19-1663] Duplicate IP found for 'xilinx.com:ip:axi_clk_metadata_adapter:1.0'. The one found in IP location '/home/advent/Desktop/RC19/_x/link/vivado/vpl/.local/hw_platform/iprepo/ipdefs/other_ipdefs/axi_clk_metadata_adapter_v1_0' will take precedence over the same IP in location /home/advent/Desktop/RC19/_x/link/vivado/vpl/.local/hw_platform/iprepo/ipdefs/pxi_ii_infra/axi_clk_metadata_adapter_v1_0
WARNING: [IP_Flow 19-1663] Duplicate IP found for 'xilinx.com:ip:shell_utils_build_info:1.0'. The one found in IP location '/home/advent/Desktop/RC19/_x/link/vivado/vpl/.local/hw_platform/iprepo/ipdefs/other_ipdefs/shell_utils_build_info_v1_0' will take precedence over the same IP in the Xilinx installed IP.
WARNING: [IP_Flow 19-1663] Duplicate IP found for 'xilinx.com:ip:axis_clk_metadata_adapter:1.0'. The one found in IP location '/home/advent/Desktop/RC19/_x/link/vivado/vpl/.local/hw_platform/iprepo/ipdefs/other_ipdefs/axis_clk_metadata_adapter_v1_0' will take precedence over the same IP in location /home/advent/Desktop/RC19/_x/link/vivado/vpl/.local/hw_platform/iprepo/ipdefs/pxi_ii_infra/axis_clk_metadata_adapter_v1_0
WARNING: [BD 41-2576] File '/home/advent/Desktop/RC19/_x/link/vivado/vpl/prj/prj.gen/my_rm/bd/ulp/ulp_sim_netlist.vhdl' referenced by design 'ulp' could not be found.
WARNING: [BD 41-2576] File '/home/advent/Desktop/RC19/_x/link/vivado/vpl/prj/prj.gen/my_rm/bd/ulp/ulp_sim_netlist.v' referenced by design 'ulp' could not be found.
WARNING: [BD 41-2576] File '/home/advent/Desktop/RC19/_x/link/vivado/vpl/prj/prj.gen/my_rm/bd/ulp/ulp_stub.vhdl' referenced by design 'ulp' could not be found.
WARNING: [BD 41-2576] File '/home/advent/Desktop/RC19/_x/link/vivado/vpl/prj/prj.gen/my_rm/bd/ulp/ulp_stub.v' referenced by design 'ulp' could not be found.
WARNING: [BD 41-2576] File '/home/advent/Desktop/RC19/_x/link/vivado/vpl/prj/prj.gen/my_rm/bd/ulp/ulp.dcp' referenced by design 'ulp' could not be found.
add_files: Time (s): cpu = 00:00:05 ; elapsed = 00:00:05 . Memory (MB): peak = 1547.621 ; gain = 148.867 ; free physical = 19702 ; free virtual = 24732
Command: synth_design -top ulp -part xcu55c-fsvh2892-2L-e -incremental_mode off -mode out_of_context
Starting synth_design
WARNING: [Vivado_Tcl 4-393] The 'Synthesis' target of the following IPs are stale, please generate the output products using the generate_target or synth_ip command before running synth_design.
/home/advent/Desktop/RC19/_x/link/vivado/vpl/prj/prj.srcs/my_rm/bd/ulp/ulp.bd

WARNING: [Vivado_Tcl 4-393] The 'Implementation' target of the following IPs are stale, please generate the output products using the generate_target or synth_ip command before running synth_design.
/home/advent/Desktop/RC19/_x/link/vivado/vpl/prj/prj.srcs/my_rm/bd/ulp/ulp.bd

Attempting to get a license for feature 'Synthesis' and/or device 'xcu55c'
INFO: [Common 17-349] Got license for feature 'Synthesis' and/or device 'xcu55c'
INFO: [Device 21-403] Loading part xcu55c-fsvh2892-2L-e
INFO: [Synth 8-7079] Multithreading enabled for synth_design using a maximum of 1 processes.
INFO: [Synth 8-7078] Launching helper process for spawning children vivado processes
INFO: [Synth 8-7075] Helper process launched with PID 76897
INFO: [Synth 8-11241] undeclared symbol 'REGCCE', assumed default net type 'wire' [/home/advent/Vivado/Vivado/2022.2/data/verilog/src/unimacro/BRAM_SINGLE_MACRO.v:2170]
---------------------------------------------------------------------------------
Starting RTL Elaboration : Time (s): cpu = 00:00:02 ; elapsed = 00:00:02 . Memory (MB): peak = 3240.980 ; gain = 355.766 ; free physical = 17939 ; free virtual = 22971
Synthesis current peak Physical Memory [PSS] (MB): peak = 2687.929; parent = 2480.074; children = 207.854
Synthesis current peak Virtual Memory [VSS] (MB): peak = 4223.617; parent = 3253.859; children = 969.758
---------------------------------------------------------------------------------
INFO: [Synth 8-6157] synthesizing module 'ulp' [/home/advent/Desktop/RC19/_x/link/vivado/vpl/prj/prj.gen/my_rm/bd/ulp/synth/ulp.v:3790]
INFO: [Synth 8-6157] synthesizing module 'SLR0_imp_NYMDU0' [/home/advent/Desktop/RC19/_x/link/vivado/vpl/prj/prj.gen/my_rm/bd/ulp/synth/ulp.v:12]
INFO: [Synth 8-6157] synthesizing module 'ulp_axi_gpio_null_0' [/home/advent/Desktop/RC19/_x/link/vivado/vpl/prj/prj.runs/my_rm_synth_1/.Xil/Vivado-76845-advent/realtime/ulp_axi_gpio_null_0_stub.v:5]
INFO: [Synth 8-6155] done synthesizing module 'ulp_axi_gpio_null_0' (0#1) [/home/advent/Desktop/RC19/_x/link/vivado/vpl/prj/prj.runs/my_rm_synth_1/.Xil/Vivado-76845-advent/realtime/ulp_axi_gpio_null_0_stub.v:5]
WARNING: [Synth 8-7071] port 'gpio_io_o' of module 'ulp_axi_gpio_null_0' is unconnected for instance 'axi_gpio_null' [/home/advent/Desktop/RC19/_x/link/vivado/vpl/prj/prj.gen/my_rm/bd/ulp/synth/ulp.v:450]
WARNING: [Synth 8-7071] port 'gpio_io_t' of module 'ulp_axi_gpio_null_0' is unconnected for instance 'axi_gpio_null' [/home/advent/Desktop/RC19/_x/link/vivado/vpl/prj/prj.gen/my_rm/bd/ulp/synth/ulp.v:450]
WARNING: [Synth 8-7023] instance 'axi_gpio_null' of module 'ulp_axi_gpio_null_0' has 22 connections declared, but only 20 given [/home/advent/Desktop/RC19/_x/link/vivado/vpl/prj/prj.gen/my_rm/bd/ulp/synth/ulp.v:450]
INFO: [Synth 8-6157] synthesizing module 'ulp_axi_vip_ctrl_userpf_0' [/home/advent/Desktop/RC19/_x/link/vivado/vpl/prj/prj.runs/my_rm_synth_1/.Xil/Vivado-76845-advent/realtime/ulp_axi_vip_ctrl_userpf_0_stub.v:5]
INFO: [Synth 8-6155] done synthesizing module 'ulp_axi_vip_ctrl_userpf_0' (0#1) [/home/advent/Desktop/RC19/_x/link/vivado/vpl/prj/prj.runs/my_rm_synth_1/.Xil/Vivado-76845-advent/realtime/ulp_axi_vip_ctrl_userpf_0_stub.v:5]
INFO: [Synth 8-6157] synthesizing module 'ulp_interconnect_axilite_user_0' [/home/advent/Desktop/RC19/_x/link/vivado/vpl/prj/prj.gen/my_rm/bd/ulp/synth/ulp.v:6923]
INFO: [Synth 8-6157] synthesizing module 'm00_couplers_imp_G77R79' [/home/advent/Desktop/RC19/_x/link/vivado/vpl/prj/prj.gen/my_rm/bd/ulp/synth/ulp.v:1440]
INFO: [Synth 8-6157] synthesizing module 'ulp_auto_cc_0' [/home/advent/Desktop/RC19/_x/link/vivado/vpl/prj/prj.runs/my_rm_synth_1/.Xil/Vivado-76845-advent/realtime/ulp_auto_cc_0_stub.v:5]
INFO: [Synth 8-6155] done synthesizing module 'ulp_auto_cc_0' (0#1) [/home/advent/Desktop/RC19/_x/link/vivado/vpl/prj/prj.runs/my_rm_synth_1/.Xil/Vivado-76845-advent/realtime/ulp_auto_cc_0_stub.v:5]
INFO: [Synth 8-6157] synthesizing module 'ulp_m00_regslice_0' [/home/advent/Desktop/RC19/_x/link/vivado/vpl/prj/prj.runs/my_rm_synth_1/.Xil/Vivado-76845-advent/realtime/ulp_m00_regslice_0_stub.v:5]
INFO: [Synth 8-6155] done synthesizing module 'ulp_m00_regslice_0' (0#1) [/home/advent/Desktop/RC19/_x/link/vivado/vpl/prj/prj.runs/my_rm_synth_1/.Xil/Vivado-76845-advent/realtime/ulp_m00_regslice_0_stub.v:5]
WARNING: [Synth 8-7071] port 'm_axi_awprot' of module 'ulp_m00_regslice_0' is unconnected for instance 'm00_regslice' [/home/advent/Desktop/RC19/_x/link/vivado/vpl/prj/prj.gen/my_rm/bd/ulp/synth/ulp.v:1665]
WARNING: [Synth 8-7071] port 'm_axi_arprot' of module 'ulp_m00_regslice_0' is unconnected for instance 'm00_regslice' [/home/advent/Desktop/RC19/_x/link/vivado/vpl/prj/prj.gen/my_rm/bd/ulp/synth/ulp.v:1665]
WARNING: [Synth 8-7023] instance 'm00_regslice' of module 'ulp_m00_regslice_0' has 40 connections declared, but only 38 given [/home/advent/Desktop/RC19/_x/link/vivado/vpl/prj/prj.gen/my_rm/bd/ulp/synth/ulp.v:1665]
INFO: [Synth 8-6155] done synthesizing module 'm00_couplers_imp_G77R79' (0#1) [/home/advent/Desktop/RC19/_x/link/vivado/vpl/prj/prj.gen/my_rm/bd/ulp/synth/ulp.v:1440]
INFO: [Synth 8-6157] synthesizing module 'm01_couplers_imp_1SCZP4G' [/home/advent/Desktop/RC19/_x/link/vivado/vpl/prj/prj.gen/my_rm/bd/ulp/synth/ulp.v:1706]
INFO: [Synth 8-6157] synthesizing module 'ulp_auto_cc_1' [/home/advent/Desktop/RC19/_x/link/vivado/vpl/prj/prj.runs/my_rm_synth_1/.Xil/Vivado-76845-advent/realtime/ulp_auto_cc_1_stub.v:5]
INFO: [Synth 8-6155] done synthesizing module 'ulp_auto_cc_1' (0#1) [/home/advent/Desktop/RC19/_x/link/vivado/vpl/prj/prj.runs/my_rm_synth_1/.Xil/Vivado-76845-advent/realtime/ulp_auto_cc_1_stub.v:5]
INFO: [Synth 8-6157] synthesizing module 'ulp_m01_regslice_0' [/home/advent/Desktop/RC19/_x/link/vivado/vpl/prj/prj.runs/my_rm_synth_1/.Xil/Vivado-76845-advent/realtime/ulp_m01_regslice_0_stub.v:5]
INFO: [Synth 8-6155] done synthesizing module 'ulp_m01_regslice_0' (0#1) [/home/advent/Desktop/RC19/_x/link/vivado/vpl/prj/prj.runs/my_rm_synth_1/.Xil/Vivado-76845-advent/realtime/ulp_m01_regslice_0_stub.v:5]
WARNING: [Synth 8-7071] port 'm_axi_awprot' of module 'ulp_m01_regslice_0' is unconnected for instance 'm01_regslice' [/home/advent/Desktop/RC19/_x/link/vivado/vpl/prj/prj.gen/my_rm/bd/ulp/synth/ulp.v:1931]
WARNING: [Synth 8-7071] port 'm_axi_arprot' of module 'ulp_m01_regslice_0' is unconnected for instance 'm01_regslice' [/home/advent/Desktop/RC19/_x/link/vivado/vpl/prj/prj.gen/my_rm/bd/ulp/synth/ulp.v:1931]
WARNING: [Synth 8-7023] instance 'm01_regslice' of module 'ulp_m01_regslice_0' has 40 connections declared, but only 38 given [/home/advent/Desktop/RC19/_x/link/vivado/vpl/prj/prj.gen/my_rm/bd/ulp/synth/ulp.v:1931]
INFO: [Synth 8-6155] done synthesizing module 'm01_couplers_imp_1SCZP4G' (0#1) [/home/advent/Desktop/RC19/_x/link/vivado/vpl/prj/prj.gen/my_rm/bd/ulp/synth/ulp.v:1706]
INFO: [Synth 8-6157] synthesizing module 'm02_couplers_imp_P1GSHQ' [/home/advent/Desktop/RC19/_x/link/vivado/vpl/prj/prj.gen/my_rm/bd/ulp/synth/ulp.v:2104]
INFO: [Synth 8-6157] synthesizing module 'ulp_auto_cc_2' [/home/advent/Desktop/RC19/_x/link/vivado/vpl/prj/prj.runs/my_rm_synth_1/.Xil/Vivado-76845-advent/realtime/ulp_auto_cc_2_stub.v:5]
INFO: [Synth 8-6155] done synthesizing module 'ulp_auto_cc_2' (0#1) [/home/advent/Desktop/RC19/_x/link/vivado/vpl/prj/prj.runs/my_rm_synth_1/.Xil/Vivado-76845-advent/realtime/ulp_auto_cc_2_stub.v:5]
INFO: [Synth 8-6157] synthesizing module 'ulp_m02_regslice_0' [/home/advent/Desktop/RC19/_x/link/vivado/vpl/prj/prj.runs/my_rm_synth_1/.Xil/Vivado-76845-advent/realtime/ulp_m02_regslice_0_stub.v:5]
INFO: [Synth 8-6155] done synthesizing module 'ulp_m02_regslice_0' (0#1) [/home/advent/Desktop/RC19/_x/link/vivado/vpl/prj/prj.runs/my_rm_synth_1/.Xil/Vivado-76845-advent/realtime/ulp_m02_regslice_0_stub.v:5]
WARNING: [Synth 8-7071] port 'm_axi_awprot' of module 'ulp_m02_regslice_0' is unconnected for instance 'm02_regslice' [/home/advent/Desktop/RC19/_x/link/vivado/vpl/prj/prj.gen/my_rm/bd/ulp/synth/ulp.v:2329]
WARNING: [Synth 8-7071] port 'm_axi_arprot' of module 'ulp_m02_regslice_0' is unconnected for instance 'm02_regslice' [/home/advent/Desktop/RC19/_x/link/vivado/vpl/prj/prj.gen/my_rm/bd/ulp/synth/ulp.v:2329]
WARNING: [Synth 8-7023] instance 'm02_regslice' of module 'ulp_m02_regslice_0' has 40 connections declared, but only 38 given [/home/advent/Desktop/RC19/_x/link/vivado/vpl/prj/prj.gen/my_rm/bd/ulp/synth/ulp.v:2329]
INFO: [Synth 8-6155] done synthesizing module 'm02_couplers_imp_P1GSHQ' (0#1) [/home/advent/Desktop/RC19/_x/link/vivado/vpl/prj/prj.gen/my_rm/bd/ulp/synth/ulp.v:2104]
INFO: [Synth 8-6157] synthesizing module 'm03_couplers_imp_11N2XFF' [/home/advent/Desktop/RC19/_x/link/vivado/vpl/prj/prj.gen/my_rm/bd/ulp/synth/ulp.v:2370]
INFO: [Synth 8-6157] synthesizing module 'ulp_auto_cc_3' [/home/advent/Desktop/RC19/_x/link/vivado/vpl/prj/prj.runs/my_rm_synth_1/.Xil/Vivado-76845-advent/realtime/ulp_auto_cc_3_stub.v:5]
INFO: [Synth 8-6155] done synthesizing module 'ulp_auto_cc_3' (0#1) [/home/advent/Desktop/RC19/_x/link/vivado/vpl/prj/prj.runs/my_rm_synth_1/.Xil/Vivado-76845-advent/realtime/ulp_auto_cc_3_stub.v:5]
INFO: [Synth 8-6157] synthesizing module 'ulp_m03_regslice_0' [/home/advent/Desktop/RC19/_x/link/vivado/vpl/prj/prj.runs/my_rm_synth_1/.Xil/Vivado-76845-advent/realtime/ulp_m03_regslice_0_stub.v:5]
INFO: [Synth 8-6155] done synthesizing module 'ulp_m03_regslice_0' (0#1) [/home/advent/Desktop/RC19/_x/link/vivado/vpl/prj/prj.runs/my_rm_synth_1/.Xil/Vivado-76845-advent/realtime/ulp_m03_regslice_0_stub.v:5]
WARNING: [Synth 8-7071] port 'm_axi_awprot' of module 'ulp_m03_regslice_0' is unconnected for instance 'm03_regslice' [/home/advent/Desktop/RC19/_x/link/vivado/vpl/prj/prj.gen/my_rm/bd/ulp/synth/ulp.v:2595]
WARNING: [Synth 8-7071] port 'm_axi_arprot' of module 'ulp_m03_regslice_0' is unconnected for instance 'm03_regslice' [/home/advent/Desktop/RC19/_x/link/vivado/vpl/prj/prj.gen/my_rm/bd/ulp/synth/ulp.v:2595]
WARNING: [Synth 8-7023] instance 'm03_regslice' of module 'ulp_m03_regslice_0' has 40 connections declared, but only 38 given [/home/advent/Desktop/RC19/_x/link/vivado/vpl/prj/prj.gen/my_rm/bd/ulp/synth/ulp.v:2595]
INFO: [Synth 8-6155] done synthesizing module 'm03_couplers_imp_11N2XFF' (0#1) [/home/advent/Desktop/RC19/_x/link/vivado/vpl/prj/prj.gen/my_rm/bd/ulp/synth/ulp.v:2370]
INFO: [Synth 8-6157] synthesizing module 'm04_couplers_imp_1XLP3HF' [/home/advent/Desktop/RC19/_x/link/vivado/vpl/prj/prj.gen/my_rm/bd/ulp/synth/ulp.v:2636]
INFO: [Synth 8-6157] synthesizing module 'ulp_auto_cc_4' [/home/advent/Desktop/RC19/_x/link/vivado/vpl/prj/prj.runs/my_rm_synth_1/.Xil/Vivado-76845-advent/realtime/ulp_auto_cc_4_stub.v:5]
INFO: [Synth 8-6155] done synthesizing module 'ulp_auto_cc_4' (0#1) [/home/advent/Desktop/RC19/_x/link/vivado/vpl/prj/prj.runs/my_rm_synth_1/.Xil/Vivado-76845-advent/realtime/ulp_auto_cc_4_stub.v:5]
INFO: [Synth 8-6157] synthesizing module 'ulp_m04_regslice_0' [/home/advent/Desktop/RC19/_x/link/vivado/vpl/prj/prj.runs/my_rm_synth_1/.Xil/Vivado-76845-advent/realtime/ulp_m04_regslice_0_stub.v:5]
INFO: [Synth 8-6155] done synthesizing module 'ulp_m04_regslice_0' (0#1) [/home/advent/Desktop/RC19/_x/link/vivado/vpl/prj/prj.runs/my_rm_synth_1/.Xil/Vivado-76845-advent/realtime/ulp_m04_regslice_0_stub.v:5]
WARNING: [Synth 8-7071] port 'm_axi_awprot' of module 'ulp_m04_regslice_0' is unconnected for instance 'm04_regslice' [/home/advent/Desktop/RC19/_x/link/vivado/vpl/prj/prj.gen/my_rm/bd/ulp/synth/ulp.v:2861]
WARNING: [Synth 8-7071] port 'm_axi_arprot' of module 'ulp_m04_regslice_0' is unconnected for instance 'm04_regslice' [/home/advent/Desktop/RC19/_x/link/vivado/vpl/prj/prj.gen/my_rm/bd/ulp/synth/ulp.v:2861]
WARNING: [Synth 8-7023] instance 'm04_regslice' of module 'ulp_m04_regslice_0' has 40 connections declared, but only 38 given [/home/advent/Desktop/RC19/_x/link/vivado/vpl/prj/prj.gen/my_rm/bd/ulp/synth/ulp.v:2861]
INFO: [Synth 8-6155] done synthesizing module 'm04_couplers_imp_1XLP3HF' (0#1) [/home/advent/Desktop/RC19/_x/link/vivado/vpl/prj/prj.gen/my_rm/bd/ulp/synth/ulp.v:2636]
INFO: [Synth 8-6157] synthesizing module 's00_couplers_imp_14WTDU7' [/home/advent/Desktop/RC19/_x/link/vivado/vpl/prj/prj.gen/my_rm/bd/ulp/synth/ulp.v:3048]
INFO: [Synth 8-6157] synthesizing module 'ulp_s00_regslice_15' [/home/advent/Desktop/RC19/_x/link/vivado/vpl/prj/prj.runs/my_rm_synth_1/.Xil/Vivado-76845-advent/realtime/ulp_s00_regslice_15_stub.v:5]
INFO: [Synth 8-6155] done synthesizing module 'ulp_s00_regslice_15' (0#1) [/home/advent/Desktop/RC19/_x/link/vivado/vpl/prj/prj.runs/my_rm_synth_1/.Xil/Vivado-76845-advent/realtime/ulp_s00_regslice_15_stub.v:5]
INFO: [Synth 8-6155] done synthesizing module 's00_couplers_imp_14WTDU7' (0#1) [/home/advent/Desktop/RC19/_x/link/vivado/vpl/prj/prj.gen/my_rm/bd/ulp/synth/ulp.v:3048]
INFO: [Synth 8-6157] synthesizing module 'ulp_xbar_1' [/home/advent/Desktop/RC19/_x/link/vivado/vpl/prj/prj.runs/my_rm_synth_1/.Xil/Vivado-76845-advent/realtime/ulp_xbar_1_stub.v:5]
INFO: [Synth 8-6155] done synthesizing module 'ulp_xbar_1' (0#1) [/home/advent/Desktop/RC19/_x/link/vivado/vpl/prj/prj.runs/my_rm_synth_1/.Xil/Vivado-76845-advent/realtime/ulp_xbar_1_stub.v:5]
INFO: [Synth 8-6155] done synthesizing module 'ulp_interconnect_axilite_user_0' (0#1) [/home/advent/Desktop/RC19/_x/link/vivado/vpl/prj/prj.gen/my_rm/bd/ulp/synth/ulp.v:6923]
INFO: [Synth 8-6157] synthesizing module 'ulp_regslice_control_userpf_0' [/home/advent/Desktop/RC19/_x/link/vivado/vpl/prj/prj.runs/my_rm_synth_1/.Xil/Vivado-76845-advent/realtime/ulp_regslice_control_userpf_0_stub.v:5]
INFO: [Synth 8-6155] done synthesizing module 'ulp_regslice_control_userpf_0' (0#1) [/home/advent/Desktop/RC19/_x/link/vivado/vpl/prj/prj.runs/my_rm_synth_1/.Xil/Vivado-76845-advent/realtime/ulp_regslice_control_userpf_0_stub.v:5]
INFO: [Synth 8-6155] done synthesizing module 'SLR0_imp_NYMDU0' (0#1) [/home/advent/Desktop/RC19/_x/link/vivado/vpl/prj/prj.gen/my_rm/bd/ulp/synth/ulp.v:12]
INFO: [Synth 8-6157] synthesizing module 'SLR1_imp_1UA2LF1' [/home/advent/Desktop/RC19/_x/link/vivado/vpl/prj/prj.gen/my_rm/bd/ulp/synth/ulp.v:674]
INFO: [Synth 8-6157] synthesizing module 'ulp_axi_gpio_null_1' [/home/advent/Desktop/RC19/_x/link/vivado/vpl/prj/prj.runs/my_rm_synth_1/.Xil/Vivado-76845-advent/realtime/ulp_axi_gpio_null_1_stub.v:5]
INFO: [Synth 8-6155] done synthesizing module 'ulp_axi_gpio_null_1' (0#1) [/home/advent/Desktop/RC19/_x/link/vivado/vpl/prj/prj.runs/my_rm_synth_1/.Xil/Vivado-76845-advent/realtime/ulp_axi_gpio_null_1_stub.v:5]
WARNING: [Synth 8-7071] port 'gpio_io_o' of module 'ulp_axi_gpio_null_1' is unconnected for instance 'axi_gpio_null' [/home/advent/Desktop/RC19/_x/link/vivado/vpl/prj/prj.gen/my_rm/bd/ulp/synth/ulp.v:836]
WARNING: [Synth 8-7071] port 'gpio_io_t' of module 'ulp_axi_gpio_null_1' is unconnected for instance 'axi_gpio_null' [/home/advent/Desktop/RC19/_x/link/vivado/vpl/prj/prj.gen/my_rm/bd/ulp/synth/ulp.v:836]
WARNING: [Synth 8-7023] instance 'axi_gpio_null' of module 'ulp_axi_gpio_null_1' has 22 connections declared, but only 20 given [/home/advent/Desktop/RC19/_x/link/vivado/vpl/prj/prj.gen/my_rm/bd/ulp/synth/ulp.v:836]
INFO: [Synth 8-6157] synthesizing module 'ulp_axi_vip_ctrl_userpf_1' [/home/advent/Desktop/RC19/_x/link/vivado/vpl/prj/prj.runs/my_rm_synth_1/.Xil/Vivado-76845-advent/realtime/ulp_axi_vip_ctrl_userpf_1_stub.v:5]
INFO: [Synth 8-6155] done synthesizing module 'ulp_axi_vip_ctrl_userpf_1' (0#1) [/home/advent/Desktop/RC19/_x/link/vivado/vpl/prj/prj.runs/my_rm_synth_1/.Xil/Vivado-76845-advent/realtime/ulp_axi_vip_ctrl_userpf_1_stub.v:5]
INFO: [Synth 8-6157] synthesizing module 'ulp_interconnect_axilite_user_1' [/home/advent/Desktop/RC19/_x/link/vivado/vpl/prj/prj.gen/my_rm/bd/ulp/synth/ulp.v:7803]
INFO: [Synth 8-6157] synthesizing module 's00_couplers_imp_1MXEOQC' [/home/advent/Desktop/RC19/_x/link/vivado/vpl/prj/prj.gen/my_rm/bd/ulp/synth/ulp.v:3258]
INFO: [Synth 8-6157] synthesizing module 'ulp_auto_cc_5' [/home/advent/Desktop/RC19/_x/link/vivado/vpl/prj/prj.runs/my_rm_synth_1/.Xil/Vivado-76845-advent/realtime/ulp_auto_cc_5_stub.v:5]
INFO: [Synth 8-6155] done synthesizing module 'ulp_auto_cc_5' (0#1) [/home/advent/Desktop/RC19/_x/link/vivado/vpl/prj/prj.runs/my_rm_synth_1/.Xil/Vivado-76845-advent/realtime/ulp_auto_cc_5_stub.v:5]
WARNING: [Synth 8-7071] port 'm_axi_awprot' of module 'ulp_auto_cc_5' is unconnected for instance 'auto_cc' [/home/advent/Desktop/RC19/_x/link/vivado/vpl/prj/prj.gen/my_rm/bd/ulp/synth/ulp.v:3440]
WARNING: [Synth 8-7071] port 'm_axi_arprot' of module 'ulp_auto_cc_5' is unconnected for instance 'auto_cc' [/home/advent/Desktop/RC19/_x/link/vivado/vpl/prj/prj.gen/my_rm/bd/ulp/synth/ulp.v:3440]
WARNING: [Synth 8-7023] instance 'auto_cc' of module 'ulp_auto_cc_5' has 42 connections declared, but only 40 given [/home/advent/Desktop/RC19/_x/link/vivado/vpl/prj/prj.gen/my_rm/bd/ulp/synth/ulp.v:3440]
INFO: [Synth 8-6157] synthesizing module 'ulp_s00_regslice_16' [/home/advent/Desktop/RC19/_x/link/vivado/vpl/prj/prj.runs/my_rm_synth_1/.Xil/Vivado-76845-advent/realtime/ulp_s00_regslice_16_stub.v:5]
INFO: [Synth 8-6155] done synthesizing module 'ulp_s00_regslice_16' (0#1) [/home/advent/Desktop/RC19/_x/link/vivado/vpl/prj/prj.runs/my_rm_synth_1/.Xil/Vivado-76845-advent/realtime/ulp_s00_regslice_16_stub.v:5]
INFO: [Synth 8-6155] done synthesizing module 's00_couplers_imp_1MXEOQC' (0#1) [/home/advent/Desktop/RC19/_x/link/vivado/vpl/prj/prj.gen/my_rm/bd/ulp/synth/ulp.v:3258]
INFO: [Synth 8-6155] done synthesizing module 'ulp_interconnect_axilite_user_1' (0#1) [/home/advent/Desktop/RC19/_x/link/vivado/vpl/prj/prj.gen/my_rm/bd/ulp/synth/ulp.v:7803]
INFO: [Synth 8-6157] synthesizing module 'ulp_regslice_control_userpf_1' [/home/advent/Desktop/RC19/_x/link/vivado/vpl/prj/prj.runs/my_rm_synth_1/.Xil/Vivado-76845-advent/realtime/ulp_regslice_control_userpf_1_stub.v:5]
INFO: [Synth 8-6155] done synthesizing module 'ulp_regslice_control_userpf_1' (0#1) [/home/advent/Desktop/RC19/_x/link/vivado/vpl/prj/prj.runs/my_rm_synth_1/.Xil/Vivado-76845-advent/realtime/ulp_regslice_control_userpf_1_stub.v:5]
INFO: [Synth 8-6155] done synthesizing module 'SLR1_imp_1UA2LF1' (0#1) [/home/advent/Desktop/RC19/_x/link/vivado/vpl/prj/prj.gen/my_rm/bd/ulp/synth/ulp.v:674]
INFO: [Synth 8-6157] synthesizing module 'SLR2_imp_1Y0I5MR' [/home/advent/Desktop/RC19/_x/link/vivado/vpl/prj/prj.gen/my_rm/bd/ulp/synth/ulp.v:984]
INFO: [Synth 8-6157] synthesizing module 'ulp_axi_gpio_null_2' [/home/advent/Desktop/RC19/_x/link/vivado/vpl/prj/prj.runs/my_rm_synth_1/.Xil/Vivado-76845-advent/realtime/ulp_axi_gpio_null_2_stub.v:5]
INFO: [Synth 8-6155] done synthesizing module 'ulp_axi_gpio_null_2' (0#1) [/home/advent/Desktop/RC19/_x/link/vivado/vpl/prj/prj.runs/my_rm_synth_1/.Xil/Vivado-76845-advent/realtime/ulp_axi_gpio_null_2_stub.v:5]
WARNING: [Synth 8-7071] port 'gpio_io_o' of module 'ulp_axi_gpio_null_2' is unconnected for instance 'axi_gpio_null' [/home/advent/Desktop/RC19/_x/link/vivado/vpl/prj/prj.gen/my_rm/bd/ulp/synth/ulp.v:1146]
WARNING: [Synth 8-7071] port 'gpio_io_t' of module 'ulp_axi_gpio_null_2' is unconnected for instance 'axi_gpio_null' [/home/advent/Desktop/RC19/_x/link/vivado/vpl/prj/prj.gen/my_rm/bd/ulp/synth/ulp.v:1146]
WARNING: [Synth 8-7023] instance 'axi_gpio_null' of module 'ulp_axi_gpio_null_2' has 22 connections declared, but only 20 given [/home/advent/Desktop/RC19/_x/link/vivado/vpl/prj/prj.gen/my_rm/bd/ulp/synth/ulp.v:1146]
INFO: [Synth 8-6157] synthesizing module 'ulp_axi_vip_ctrl_userpf_2' [/home/advent/Desktop/RC19/_x/link/vivado/vpl/prj/prj.runs/my_rm_synth_1/.Xil/Vivado-76845-advent/realtime/ulp_axi_vip_ctrl_userpf_2_stub.v:5]
INFO: [Synth 8-6155] done synthesizing module 'ulp_axi_vip_ctrl_userpf_2' (0#1) [/home/advent/Desktop/RC19/_x/link/vivado/vpl/prj/prj.runs/my_rm_synth_1/.Xil/Vivado-76845-advent/realtime/ulp_axi_vip_ctrl_userpf_2_stub.v:5]
INFO: [Synth 8-6157] synthesizing module 'ulp_interconnect_axilite_user_2' [/home/advent/Desktop/RC19/_x/link/vivado/vpl/prj/prj.gen/my_rm/bd/ulp/synth/ulp.v:8013]
INFO: [Synth 8-6157] synthesizing module 's00_couplers_imp_8500C9' [/home/advent/Desktop/RC19/_x/link/vivado/vpl/prj/prj.gen/my_rm/bd/ulp/synth/ulp.v:3524]
INFO: [Synth 8-6157] synthesizing module 'ulp_auto_cc_6' [/home/advent/Desktop/RC19/_x/link/vivado/vpl/prj/prj.runs/my_rm_synth_1/.Xil/Vivado-76845-advent/realtime/ulp_auto_cc_6_stub.v:5]
INFO: [Synth 8-6155] done synthesizing module 'ulp_auto_cc_6' (0#1) [/home/advent/Desktop/RC19/_x/link/vivado/vpl/prj/prj.runs/my_rm_synth_1/.Xil/Vivado-76845-advent/realtime/ulp_auto_cc_6_stub.v:5]
WARNING: [Synth 8-7071] port 'm_axi_awprot' of module 'ulp_auto_cc_6' is unconnected for instance 'auto_cc' [/home/advent/Desktop/RC19/_x/link/vivado/vpl/prj/prj.gen/my_rm/bd/ulp/synth/ulp.v:3706]
WARNING: [Synth 8-7071] port 'm_axi_arprot' of module 'ulp_auto_cc_6' is unconnected for instance 'auto_cc' [/home/advent/Desktop/RC19/_x/link/vivado/vpl/prj/prj.gen/my_rm/bd/ulp/synth/ulp.v:3706]
WARNING: [Synth 8-7023] instance 'auto_cc' of module 'ulp_auto_cc_6' has 42 connections declared, but only 40 given [/home/advent/Desktop/RC19/_x/link/vivado/vpl/prj/prj.gen/my_rm/bd/ulp/synth/ulp.v:3706]
INFO: [Synth 8-6157] synthesizing module 'ulp_s00_regslice_17' [/home/advent/Desktop/RC19/_x/link/vivado/vpl/prj/prj.runs/my_rm_synth_1/.Xil/Vivado-76845-advent/realtime/ulp_s00_regslice_17_stub.v:5]
INFO: [Synth 8-6155] done synthesizing module 'ulp_s00_regslice_17' (0#1) [/home/advent/Desktop/RC19/_x/link/vivado/vpl/prj/prj.runs/my_rm_synth_1/.Xil/Vivado-76845-advent/realtime/ulp_s00_regslice_17_stub.v:5]
INFO: [Synth 8-6155] done synthesizing module 's00_couplers_imp_8500C9' (0#1) [/home/advent/Desktop/RC19/_x/link/vivado/vpl/prj/prj.gen/my_rm/bd/ulp/synth/ulp.v:3524]
INFO: [Synth 8-6155] done synthesizing module 'ulp_interconnect_axilite_user_2' (0#1) [/home/advent/Desktop/RC19/_x/link/vivado/vpl/prj/prj.gen/my_rm/bd/ulp/synth/ulp.v:8013]
INFO: [Synth 8-6157] synthesizing module 'ulp_regslice_control_userpf_2' [/home/advent/Desktop/RC19/_x/link/vivado/vpl/prj/prj.runs/my_rm_synth_1/.Xil/Vivado-76845-advent/realtime/ulp_regslice_control_userpf_2_stub.v:5]
INFO: [Synth 8-6155] done synthesizing module 'ulp_regslice_control_userpf_2' (0#1) [/home/advent/Desktop/RC19/_x/link/vivado/vpl/prj/prj.runs/my_rm_synth_1/.Xil/Vivado-76845-advent/realtime/ulp_regslice_control_userpf_2_stub.v:5]
INFO: [Synth 8-6155] done synthesizing module 'SLR2_imp_1Y0I5MR' (0#1) [/home/advent/Desktop/RC19/_x/link/vivado/vpl/prj/prj.gen/my_rm/bd/ulp/synth/ulp.v:984]
INFO: [Synth 8-6157] synthesizing module 'ulp_attention_score_u55c_kernel_1_0' [/home/advent/Desktop/RC19/_x/link/vivado/vpl/prj/prj.runs/my_rm_synth_1/.Xil/Vivado-76845-advent/realtime/ulp_attention_score_u55c_kernel_1_0_stub.v:5]
INFO: [Synth 8-6155] done synthesizing module 'ulp_attention_score_u55c_kernel_1_0' (0#1) [/home/advent/Desktop/RC19/_x/link/vivado/vpl/prj/prj.runs/my_rm_synth_1/.Xil/Vivado-76845-advent/realtime/ulp_attention_score_u55c_kernel_1_0_stub.v:5]
WARNING: [Synth 8-7071] port 'm_axi_gmem0_AWID' of module 'ulp_attention_score_u55c_kernel_1_0' is unconnected for instance 'attention_score_u55c_kernel_1' [/home/advent/Desktop/RC19/_x/link/vivado/vpl/prj/prj.gen/my_rm/bd/ulp/synth/ulp.v:5156]
WARNING: [Synth 8-7071] port 'm_axi_gmem0_AWADDR' of module 'ulp_attention_score_u55c_kernel_1_0' is unconnected for instance 'attention_score_u55c_kernel_1' [/home/advent/Desktop/RC19/_x/link/vivado/vpl/prj/prj.gen/my_rm/bd/ulp/synth/ulp.v:5156]
WARNING: [Synth 8-7071] port 'm_axi_gmem0_AWLEN' of module 'ulp_attention_score_u55c_kernel_1_0' is unconnected for instance 'attention_score_u55c_kernel_1' [/home/advent/Desktop/RC19/_x/link/vivado/vpl/prj/prj.gen/my_rm/bd/ulp/synth/ulp.v:5156]
WARNING: [Synth 8-7071] port 'm_axi_gmem0_AWSIZE' of module 'ulp_attention_score_u55c_kernel_1_0' is unconnected for instance 'attention_score_u55c_kernel_1' [/home/advent/Desktop/RC19/_x/link/vivado/vpl/prj/prj.gen/my_rm/bd/ulp/synth/ulp.v:5156]
WARNING: [Synth 8-7071] port 'm_axi_gmem0_AWBURST' of module 'ulp_attention_score_u55c_kernel_1_0' is unconnected for instance 'attention_score_u55c_kernel_1' [/home/advent/Desktop/RC19/_x/link/vivado/vpl/prj/prj.gen/my_rm/bd/ulp/synth/ulp.v:5156]
WARNING: [Synth 8-7071] port 'm_axi_gmem0_AWLOCK' of module 'ulp_attention_score_u55c_kernel_1_0' is unconnected for instance 'attention_score_u55c_kernel_1' [/home/advent/Desktop/RC19/_x/link/vivado/vpl/prj/prj.gen/my_rm/bd/ulp/synth/ulp.v:5156]
WARNING: [Synth 8-7071] port 'm_axi_gmem0_AWREGION' of module 'ulp_attention_score_u55c_kernel_1_0' is unconnected for instance 'attention_score_u55c_kernel_1' [/home/advent/Desktop/RC19/_x/link/vivado/vpl/prj/prj.gen/my_rm/bd/ulp/synth/ulp.v:5156]
WARNING: [Synth 8-7071] port 'm_axi_gmem0_AWCACHE' of module 'ulp_attention_score_u55c_kernel_1_0' is unconnected for instance 'attention_score_u55c_kernel_1' [/home/advent/Desktop/RC19/_x/link/vivado/vpl/prj/prj.gen/my_rm/bd/ulp/synth/ulp.v:5156]
WARNING: [Synth 8-7071] port 'm_axi_gmem0_AWPROT' of module 'ulp_attention_score_u55c_kernel_1_0' is unconnected for instance 'attention_score_u55c_kernel_1' [/home/advent/Desktop/RC19/_x/link/vivado/vpl/prj/prj.gen/my_rm/bd/ulp/synth/ulp.v:5156]
WARNING: [Synth 8-7071] port 'm_axi_gmem0_AWQOS' of module 'ulp_attention_score_u55c_kernel_1_0' is unconnected for instance 'attention_score_u55c_kernel_1' [/home/advent/Desktop/RC19/_x/link/vivado/vpl/prj/prj.gen/my_rm/bd/ulp/synth/ulp.v:5156]
WARNING: [Synth 8-7071] port 'm_axi_gmem0_AWVALID' of module 'ulp_attention_score_u55c_kernel_1_0' is unconnected for instance 'attention_score_u55c_kernel_1' [/home/advent/Desktop/RC19/_x/link/vivado/vpl/prj/prj.gen/my_rm/bd/ulp/synth/ulp.v:5156]
WARNING: [Synth 8-7071] port 'm_axi_gmem0_WID' of module 'ulp_attention_score_u55c_kernel_1_0' is unconnected for instance 'attention_score_u55c_kernel_1' [/home/advent/Desktop/RC19/_x/link/vivado/vpl/prj/prj.gen/my_rm/bd/ulp/synth/ulp.v:5156]
WARNING: [Synth 8-7071] port 'm_axi_gmem0_WDATA' of module 'ulp_attention_score_u55c_kernel_1_0' is unconnected for instance 'attention_score_u55c_kernel_1' [/home/advent/Desktop/RC19/_x/link/vivado/vpl/prj/prj.gen/my_rm/bd/ulp/synth/ulp.v:5156]
WARNING: [Synth 8-7071] port 'm_axi_gmem0_WSTRB' of module 'ulp_attention_score_u55c_kernel_1_0' is unconnected for instance 'attention_score_u55c_kernel_1' [/home/advent/Desktop/RC19/_x/link/vivado/vpl/prj/prj.gen/my_rm/bd/ulp/synth/ulp.v:5156]
WARNING: [Synth 8-7071] port 'm_axi_gmem0_WLAST' of module 'ulp_attention_score_u55c_kernel_1_0' is unconnected for instance 'attention_score_u55c_kernel_1' [/home/advent/Desktop/RC19/_x/link/vivado/vpl/prj/prj.gen/my_rm/bd/ulp/synth/ulp.v:5156]
WARNING: [Synth 8-7071] port 'm_axi_gmem0_WVALID' of module 'ulp_attention_score_u55c_kernel_1_0' is unconnected for instance 'attention_score_u55c_kernel_1' [/home/advent/Desktop/RC19/_x/link/vivado/vpl/prj/prj.gen/my_rm/bd/ulp/synth/ulp.v:5156]
WARNING: [Synth 8-7071] port 'm_axi_gmem0_BREADY' of module 'ulp_attention_score_u55c_kernel_1_0' is unconnected for instance 'attention_score_u55c_kernel_1' [/home/advent/Desktop/RC19/_x/link/vivado/vpl/prj/prj.gen/my_rm/bd/ulp/synth/ulp.v:5156]
WARNING: [Synth 8-7071] port 'm_axi_gmem0_ARREGION' of module 'ulp_attention_score_u55c_kernel_1_0' is unconnected for instance 'attention_score_u55c_kernel_1' [/home/advent/Desktop/RC19/_x/link/vivado/vpl/prj/prj.gen/my_rm/bd/ulp/synth/ulp.v:5156]
WARNING: [Synth 8-7071] port 'm_axi_gmem1_AWID' of module 'ulp_attention_score_u55c_kernel_1_0' is unconnected for instance 'attention_score_u55c_kernel_1' [/home/advent/Desktop/RC19/_x/link/vivado/vpl/prj/prj.gen/my_rm/bd/ulp/synth/ulp.v:5156]
WARNING: [Synth 8-7071] port 'm_axi_gmem1_AWADDR' of module 'ulp_attention_score_u55c_kernel_1_0' is unconnected for instance 'attention_score_u55c_kernel_1' [/home/advent/Desktop/RC19/_x/link/vivado/vpl/prj/prj.gen/my_rm/bd/ulp/synth/ulp.v:5156]
WARNING: [Synth 8-7071] port 'm_axi_gmem1_AWLEN' of module 'ulp_attention_score_u55c_kernel_1_0' is unconnected for instance 'attention_score_u55c_kernel_1' [/home/advent/Desktop/RC19/_x/link/vivado/vpl/prj/prj.gen/my_rm/bd/ulp/synth/ulp.v:5156]
WARNING: [Synth 8-7071] port 'm_axi_gmem1_AWSIZE' of module 'ulp_attention_score_u55c_kernel_1_0' is unconnected for instance 'attention_score_u55c_kernel_1' [/home/advent/Desktop/RC19/_x/link/vivado/vpl/prj/prj.gen/my_rm/bd/ulp/synth/ulp.v:5156]
WARNING: [Synth 8-7071] port 'm_axi_gmem1_AWBURST' of module 'ulp_attention_score_u55c_kernel_1_0' is unconnected for instance 'attention_score_u55c_kernel_1' [/home/advent/Desktop/RC19/_x/link/vivado/vpl/prj/prj.gen/my_rm/bd/ulp/synth/ulp.v:5156]
WARNING: [Synth 8-7071] port 'm_axi_gmem1_AWLOCK' of module 'ulp_attention_score_u55c_kernel_1_0' is unconnected for instance 'attention_score_u55c_kernel_1' [/home/advent/Desktop/RC19/_x/link/vivado/vpl/prj/prj.gen/my_rm/bd/ulp/synth/ulp.v:5156]
WARNING: [Synth 8-7071] port 'm_axi_gmem1_AWREGION' of module 'ulp_attention_score_u55c_kernel_1_0' is unconnected for instance 'attention_score_u55c_kernel_1' [/home/advent/Desktop/RC19/_x/link/vivado/vpl/prj/prj.gen/my_rm/bd/ulp/synth/ulp.v:5156]
WARNING: [Synth 8-7071] port 'm_axi_gmem1_AWCACHE' of module 'ulp_attention_score_u55c_kernel_1_0' is unconnected for instance 'attention_score_u55c_kernel_1' [/home/advent/Desktop/RC19/_x/link/vivado/vpl/prj/prj.gen/my_rm/bd/ulp/synth/ulp.v:5156]
WARNING: [Synth 8-7071] port 'm_axi_gmem1_AWPROT' of module 'ulp_attention_score_u55c_kernel_1_0' is unconnected for instance 'attention_score_u55c_kernel_1' [/home/advent/Desktop/RC19/_x/link/vivado/vpl/prj/prj.gen/my_rm/bd/ulp/synth/ulp.v:5156]
WARNING: [Synth 8-7071] port 'm_axi_gmem1_AWQOS' of module 'ulp_attention_score_u55c_kernel_1_0' is unconnected for instance 'attention_score_u55c_kernel_1' [/home/advent/Desktop/RC19/_x/link/vivado/vpl/prj/prj.gen/my_rm/bd/ulp/synth/ulp.v:5156]
WARNING: [Synth 8-7071] port 'm_axi_gmem1_AWVALID' of module 'ulp_attention_score_u55c_kernel_1_0' is unconnected for instance 'attention_score_u55c_kernel_1' [/home/advent/Desktop/RC19/_x/link/vivado/vpl/prj/prj.gen/my_rm/bd/ulp/synth/ulp.v:5156]
WARNING: [Synth 8-7071] port 'm_axi_gmem1_WID' of module 'ulp_attention_score_u55c_kernel_1_0' is unconnected for instance 'attention_score_u55c_kernel_1' [/home/advent/Desktop/RC19/_x/link/vivado/vpl/prj/prj.gen/my_rm/bd/ulp/synth/ulp.v:5156]
WARNING: [Synth 8-7071] port 'm_axi_gmem1_WDATA' of module 'ulp_attention_score_u55c_kernel_1_0' is unconnected for instance 'attention_score_u55c_kernel_1' [/home/advent/Desktop/RC19/_x/link/vivado/vpl/prj/prj.gen/my_rm/bd/ulp/synth/ulp.v:5156]
WARNING: [Synth 8-7071] port 'm_axi_gmem1_WSTRB' of module 'ulp_attention_score_u55c_kernel_1_0' is unconnected for instance 'attention_score_u55c_kernel_1' [/home/advent/Desktop/RC19/_x/link/vivado/vpl/prj/prj.gen/my_rm/bd/ulp/synth/ulp.v:5156]
WARNING: [Synth 8-7071] port 'm_axi_gmem1_WLAST' of module 'ulp_attention_score_u55c_kernel_1_0' is unconnected for instance 'attention_score_u55c_kernel_1' [/home/advent/Desktop/RC19/_x/link/vivado/vpl/prj/prj.gen/my_rm/bd/ulp/synth/ulp.v:5156]
WARNING: [Synth 8-7071] port 'm_axi_gmem1_WVALID' of module 'ulp_attention_score_u55c_kernel_1_0' is unconnected for instance 'attention_score_u55c_kernel_1' [/home/advent/Desktop/RC19/_x/link/vivado/vpl/prj/prj.gen/my_rm/bd/ulp/synth/ulp.v:5156]
WARNING: [Synth 8-7071] port 'm_axi_gmem1_BREADY' of module 'ulp_attention_score_u55c_kernel_1_0' is unconnected for instance 'attention_score_u55c_kernel_1' [/home/advent/Desktop/RC19/_x/link/vivado/vpl/prj/prj.gen/my_rm/bd/ulp/synth/ulp.v:5156]
WARNING: [Synth 8-7071] port 'm_axi_gmem1_ARREGION' of module 'ulp_attention_score_u55c_kernel_1_0' is unconnected for instance 'attention_score_u55c_kernel_1' [/home/advent/Desktop/RC19/_x/link/vivado/vpl/prj/prj.gen/my_rm/bd/ulp/synth/ulp.v:5156]
WARNING: [Synth 8-7071] port 'm_axi_gmem2_AWREGION' of module 'ulp_attention_score_u55c_kernel_1_0' is unconnected for instance 'attention_score_u55c_kernel_1' [/home/advent/Desktop/RC19/_x/link/vivado/vpl/prj/prj.gen/my_rm/bd/ulp/synth/ulp.v:5156]
WARNING: [Synth 8-7071] port 'm_axi_gmem2_WID' of module 'ulp_attention_score_u55c_kernel_1_0' is unconnected for instance 'attention_score_u55c_kernel_1' [/home/advent/Desktop/RC19/_x/link/vivado/vpl/prj/prj.gen/my_rm/bd/ulp/synth/ulp.v:5156]
WARNING: [Synth 8-7071] port 'm_axi_gmem2_ARID' of module 'ulp_attention_score_u55c_kernel_1_0' is unconnected for instance 'attention_score_u55c_kernel_1' [/home/advent/Desktop/RC19/_x/link/vivado/vpl/prj/prj.gen/my_rm/bd/ulp/synth/ulp.v:5156]
WARNING: [Synth 8-7071] port 'm_axi_gmem2_ARADDR' of module 'ulp_attention_score_u55c_kernel_1_0' is unconnected for instance 'attention_score_u55c_kernel_1' [/home/advent/Desktop/RC19/_x/link/vivado/vpl/prj/prj.gen/my_rm/bd/ulp/synth/ulp.v:5156]
WARNING: [Synth 8-7071] port 'm_axi_gmem2_ARLEN' of module 'ulp_attention_score_u55c_kernel_1_0' is unconnected for instance 'attention_score_u55c_kernel_1' [/home/advent/Desktop/RC19/_x/link/vivado/vpl/prj/prj.gen/my_rm/bd/ulp/synth/ulp.v:5156]
WARNING: [Synth 8-7071] port 'm_axi_gmem2_ARSIZE' of module 'ulp_attention_score_u55c_kernel_1_0' is unconnected for instance 'attention_score_u55c_kernel_1' [/home/advent/Desktop/RC19/_x/link/vivado/vpl/prj/prj.gen/my_rm/bd/ulp/synth/ulp.v:5156]
WARNING: [Synth 8-7071] port 'm_axi_gmem2_ARBURST' of module 'ulp_attention_score_u55c_kernel_1_0' is unconnected for instance 'attention_score_u55c_kernel_1' [/home/advent/Desktop/RC19/_x/link/vivado/vpl/prj/prj.gen/my_rm/bd/ulp/synth/ulp.v:5156]
WARNING: [Synth 8-7071] port 'm_axi_gmem2_ARLOCK' of module 'ulp_attention_score_u55c_kernel_1_0' is unconnected for instance 'attention_score_u55c_kernel_1' [/home/advent/Desktop/RC19/_x/link/vivado/vpl/prj/prj.gen/my_rm/bd/ulp/synth/ulp.v:5156]
WARNING: [Synth 8-7071] port 'm_axi_gmem2_ARREGION' of module 'ulp_attention_score_u55c_kernel_1_0' is unconnected for instance 'attention_score_u55c_kernel_1' [/home/advent/Desktop/RC19/_x/link/vivado/vpl/prj/prj.gen/my_rm/bd/ulp/synth/ulp.v:5156]
WARNING: [Synth 8-7071] port 'm_axi_gmem2_ARCACHE' of module 'ulp_attention_score_u55c_kernel_1_0' is unconnected for instance 'attention_score_u55c_kernel_1' [/home/advent/Desktop/RC19/_x/link/vivado/vpl/prj/prj.gen/my_rm/bd/ulp/synth/ulp.v:5156]
WARNING: [Synth 8-7071] port 'm_axi_gmem2_ARPROT' of module 'ulp_attention_score_u55c_kernel_1_0' is unconnected for instance 'attention_score_u55c_kernel_1' [/home/advent/Desktop/RC19/_x/link/vivado/vpl/prj/prj.gen/my_rm/bd/ulp/synth/ulp.v:5156]
WARNING: [Synth 8-7071] port 'm_axi_gmem2_ARQOS' of module 'ulp_attention_score_u55c_kernel_1_0' is unconnected for instance 'attention_score_u55c_kernel_1' [/home/advent/Desktop/RC19/_x/link/vivado/vpl/prj/prj.gen/my_rm/bd/ulp/synth/ulp.v:5156]
WARNING: [Synth 8-7071] port 'm_axi_gmem2_ARVALID' of module 'ulp_attention_score_u55c_kernel_1_0' is unconnected for instance 'attention_score_u55c_kernel_1' [/home/advent/Desktop/RC19/_x/link/vivado/vpl/prj/prj.gen/my_rm/bd/ulp/synth/ulp.v:5156]
WARNING: [Synth 8-7071] port 'm_axi_gmem2_RREADY' of module 'ulp_attention_score_u55c_kernel_1_0' is unconnected for instance 'attention_score_u55c_kernel_1' [/home/advent/Desktop/RC19/_x/link/vivado/vpl/prj/prj.gen/my_rm/bd/ulp/synth/ulp.v:5156]
WARNING: [Synth 8-7023] instance 'attention_score_u55c_kernel_1' of module 'ulp_attention_score_u55c_kernel_1_0' has 140 connections declared, but only 90 given [/home/advent/Desktop/RC19/_x/link/vivado/vpl/prj/prj.gen/my_rm/bd/ulp/synth/ulp.v:5156]
INFO: [Synth 8-6157] synthesizing module 'ulp_axi_ic_ctrl_mgmt_slr1_0' [/home/advent/Desktop/RC19/_x/link/vivado/vpl/prj/prj.gen/my_rm/bd/ulp/synth/ulp.v:6457]
INFO: [Synth 8-6157] synthesizing module 'm00_couplers_imp_CAGKWP' [/home/advent/Desktop/RC19/_x/link/vivado/vpl/prj/prj.gen/my_rm/bd/ulp/synth/ulp.v:1294]
INFO: [Synth 8-6155] done synthesizing module 'm00_couplers_imp_CAGKWP' (0#1) [/home/advent/Desktop/RC19/_x/link/vivado/vpl/prj/prj.gen/my_rm/bd/ulp/synth/ulp.v:1294]
INFO: [Synth 8-6157] synthesizing module 'm01_couplers_imp_1V3WQQK' [/home/advent/Desktop/RC19/_x/link/vivado/vpl/prj/prj.gen/my_rm/bd/ulp/synth/ulp.v:1972]
INFO: [Synth 8-6155] done synthesizing module 'm01_couplers_imp_1V3WQQK' (0#1) [/home/advent/Desktop/RC19/_x/link/vivado/vpl/prj/prj.gen/my_rm/bd/ulp/synth/ulp.v:1972]
INFO: [Synth 8-6157] synthesizing module 's00_couplers_imp_1100RTV' [/home/advent/Desktop/RC19/_x/link/vivado/vpl/prj/prj.gen/my_rm/bd/ulp/synth/ulp.v:2902]
INFO: [Synth 8-6155] done synthesizing module 's00_couplers_imp_1100RTV' (0#1) [/home/advent/Desktop/RC19/_x/link/vivado/vpl/prj/prj.gen/my_rm/bd/ulp/synth/ulp.v:2902]
INFO: [Synth 8-6157] synthesizing module 'ulp_xbar_0' [/home/advent/Desktop/RC19/_x/link/vivado/vpl/prj/prj.runs/my_rm_synth_1/.Xil/Vivado-76845-advent/realtime/ulp_xbar_0_stub.v:5]
INFO: [Synth 8-6155] done synthesizing module 'ulp_xbar_0' (0#1) [/home/advent/Desktop/RC19/_x/link/vivado/vpl/prj/prj.runs/my_rm_synth_1/.Xil/Vivado-76845-advent/realtime/ulp_xbar_0_stub.v:5]
WARNING: [Synth 8-689] width (3) of port connection 'm_axi_arprot' does not match port width (6) of module 'ulp_xbar_0' [/home/advent/Desktop/RC19/_x/link/vivado/vpl/prj/prj.gen/my_rm/bd/ulp/synth/ulp.v:6884]
WARNING: [Synth 8-689] width (3) of port connection 'm_axi_awprot' does not match port width (6) of module 'ulp_xbar_0' [/home/advent/Desktop/RC19/_x/link/vivado/vpl/prj/prj.gen/my_rm/bd/ulp/synth/ulp.v:6888]
INFO: [Synth 8-6155] done synthesizing module 'ulp_axi_ic_ctrl_mgmt_slr1_0' (0#1) [/home/advent/Desktop/RC19/_x/link/vivado/vpl/prj/prj.gen/my_rm/bd/ulp/synth/ulp.v:6457]
INFO: [Synth 8-6157] synthesizing module 'ulp_axi_vip_data_0' [/home/advent/Desktop/RC19/_x/link/vivado/vpl/prj/prj.runs/my_rm_synth_1/.Xil/Vivado-76845-advent/realtime/ulp_axi_vip_data_0_stub.v:5]
INFO: [Synth 8-6155] done synthesizing module 'ulp_axi_vip_data_0' (0#1) [/home/advent/Desktop/RC19/_x/link/vivado/vpl/prj/prj.runs/my_rm_synth_1/.Xil/Vivado-76845-advent/realtime/ulp_axi_vip_data_0_stub.v:5]
INFO: [Synth 8-6157] synthesizing module 'ulp_causal_mask_u55c_kernel_1_0' [/home/advent/Desktop/RC19/_x/link/vivado/vpl/prj/prj.runs/my_rm_synth_1/.Xil/Vivado-76845-advent/realtime/ulp_causal_mask_u55c_kernel_1_0_stub.v:5]
INFO: [Synth 8-6155] done synthesizing module 'ulp_causal_mask_u55c_kernel_1_0' (0#1) [/home/advent/Desktop/RC19/_x/link/vivado/vpl/prj/prj.runs/my_rm_synth_1/.Xil/Vivado-76845-advent/realtime/ulp_causal_mask_u55c_kernel_1_0_stub.v:5]
WARNING: [Synth 8-7071] port 'm_axi_gmem0_AWID' of module 'ulp_causal_mask_u55c_kernel_1_0' is unconnected for instance 'causal_mask_u55c_kernel_1' [/home/advent/Desktop/RC19/_x/link/vivado/vpl/prj/prj.gen/my_rm/bd/ulp/synth/ulp.v:5364]
WARNING: [Synth 8-7071] port 'm_axi_gmem0_AWADDR' of module 'ulp_causal_mask_u55c_kernel_1_0' is unconnected for instance 'causal_mask_u55c_kernel_1' [/home/advent/Desktop/RC19/_x/link/vivado/vpl/prj/prj.gen/my_rm/bd/ulp/synth/ulp.v:5364]
WARNING: [Synth 8-7071] port 'm_axi_gmem0_AWLEN' of module 'ulp_causal_mask_u55c_kernel_1_0' is unconnected for instance 'causal_mask_u55c_kernel_1' [/home/advent/Desktop/RC19/_x/link/vivado/vpl/prj/prj.gen/my_rm/bd/ulp/synth/ulp.v:5364]
WARNING: [Synth 8-7071] port 'm_axi_gmem0_AWSIZE' of module 'ulp_causal_mask_u55c_kernel_1_0' is unconnected for instance 'causal_mask_u55c_kernel_1' [/home/advent/Desktop/RC19/_x/link/vivado/vpl/prj/prj.gen/my_rm/bd/ulp/synth/ulp.v:5364]
WARNING: [Synth 8-7071] port 'm_axi_gmem0_AWBURST' of module 'ulp_causal_mask_u55c_kernel_1_0' is unconnected for instance 'causal_mask_u55c_kernel_1' [/home/advent/Desktop/RC19/_x/link/vivado/vpl/prj/prj.gen/my_rm/bd/ulp/synth/ulp.v:5364]
WARNING: [Synth 8-7071] port 'm_axi_gmem0_AWLOCK' of module 'ulp_causal_mask_u55c_kernel_1_0' is unconnected for instance 'causal_mask_u55c_kernel_1' [/home/advent/Desktop/RC19/_x/link/vivado/vpl/prj/prj.gen/my_rm/bd/ulp/synth/ulp.v:5364]
WARNING: [Synth 8-7071] port 'm_axi_gmem0_AWREGION' of module 'ulp_causal_mask_u55c_kernel_1_0' is unconnected for instance 'causal_mask_u55c_kernel_1' [/home/advent/Desktop/RC19/_x/link/vivado/vpl/prj/prj.gen/my_rm/bd/ulp/synth/ulp.v:5364]
WARNING: [Synth 8-7071] port 'm_axi_gmem0_AWCACHE' of module 'ulp_causal_mask_u55c_kernel_1_0' is unconnected for instance 'causal_mask_u55c_kernel_1' [/home/advent/Desktop/RC19/_x/link/vivado/vpl/prj/prj.gen/my_rm/bd/ulp/synth/ulp.v:5364]
WARNING: [Synth 8-7071] port 'm_axi_gmem0_AWPROT' of module 'ulp_causal_mask_u55c_kernel_1_0' is unconnected for instance 'causal_mask_u55c_kernel_1' [/home/advent/Desktop/RC19/_x/link/vivado/vpl/prj/prj.gen/my_rm/bd/ulp/synth/ulp.v:5364]
WARNING: [Synth 8-7071] port 'm_axi_gmem0_AWQOS' of module 'ulp_causal_mask_u55c_kernel_1_0' is unconnected for instance 'causal_mask_u55c_kernel_1' [/home/advent/Desktop/RC19/_x/link/vivado/vpl/prj/prj.gen/my_rm/bd/ulp/synth/ulp.v:5364]
WARNING: [Synth 8-7071] port 'm_axi_gmem0_AWVALID' of module 'ulp_causal_mask_u55c_kernel_1_0' is unconnected for instance 'causal_mask_u55c_kernel_1' [/home/advent/Desktop/RC19/_x/link/vivado/vpl/prj/prj.gen/my_rm/bd/ulp/synth/ulp.v:5364]
WARNING: [Synth 8-7071] port 'm_axi_gmem0_WID' of module 'ulp_causal_mask_u55c_kernel_1_0' is unconnected for instance 'causal_mask_u55c_kernel_1' [/home/advent/Desktop/RC19/_x/link/vivado/vpl/prj/prj.gen/my_rm/bd/ulp/synth/ulp.v:5364]
WARNING: [Synth 8-7071] port 'm_axi_gmem0_WDATA' of module 'ulp_causal_mask_u55c_kernel_1_0' is unconnected for instance 'causal_mask_u55c_kernel_1' [/home/advent/Desktop/RC19/_x/link/vivado/vpl/prj/prj.gen/my_rm/bd/ulp/synth/ulp.v:5364]
WARNING: [Synth 8-7071] port 'm_axi_gmem0_WSTRB' of module 'ulp_causal_mask_u55c_kernel_1_0' is unconnected for instance 'causal_mask_u55c_kernel_1' [/home/advent/Desktop/RC19/_x/link/vivado/vpl/prj/prj.gen/my_rm/bd/ulp/synth/ulp.v:5364]
WARNING: [Synth 8-7071] port 'm_axi_gmem0_WLAST' of module 'ulp_causal_mask_u55c_kernel_1_0' is unconnected for instance 'causal_mask_u55c_kernel_1' [/home/advent/Desktop/RC19/_x/link/vivado/vpl/prj/prj.gen/my_rm/bd/ulp/synth/ulp.v:5364]
WARNING: [Synth 8-7071] port 'm_axi_gmem0_WVALID' of module 'ulp_causal_mask_u55c_kernel_1_0' is unconnected for instance 'causal_mask_u55c_kernel_1' [/home/advent/Desktop/RC19/_x/link/vivado/vpl/prj/prj.gen/my_rm/bd/ulp/synth/ulp.v:5364]
WARNING: [Synth 8-7071] port 'm_axi_gmem0_BREADY' of module 'ulp_causal_mask_u55c_kernel_1_0' is unconnected for instance 'causal_mask_u55c_kernel_1' [/home/advent/Desktop/RC19/_x/link/vivado/vpl/prj/prj.gen/my_rm/bd/ulp/synth/ulp.v:5364]
WARNING: [Synth 8-7071] port 'm_axi_gmem0_ARREGION' of module 'ulp_causal_mask_u55c_kernel_1_0' is unconnected for instance 'causal_mask_u55c_kernel_1' [/home/advent/Desktop/RC19/_x/link/vivado/vpl/prj/prj.gen/my_rm/bd/ulp/synth/ulp.v:5364]
WARNING: [Synth 8-7071] port 'm_axi_gmem1_AWREGION' of module 'ulp_causal_mask_u55c_kernel_1_0' is unconnected for instance 'causal_mask_u55c_kernel_1' [/home/advent/Desktop/RC19/_x/link/vivado/vpl/prj/prj.gen/my_rm/bd/ulp/synth/ulp.v:5364]
WARNING: [Synth 8-7071] port 'm_axi_gmem1_WID' of module 'ulp_causal_mask_u55c_kernel_1_0' is unconnected for instance 'causal_mask_u55c_kernel_1' [/home/advent/Desktop/RC19/_x/link/vivado/vpl/prj/prj.gen/my_rm/bd/ulp/synth/ulp.v:5364]
WARNING: [Synth 8-7071] port 'm_axi_gmem1_ARID' of module 'ulp_causal_mask_u55c_kernel_1_0' is unconnected for instance 'causal_mask_u55c_kernel_1' [/home/advent/Desktop/RC19/_x/link/vivado/vpl/prj/prj.gen/my_rm/bd/ulp/synth/ulp.v:5364]
WARNING: [Synth 8-7071] port 'm_axi_gmem1_ARADDR' of module 'ulp_causal_mask_u55c_kernel_1_0' is unconnected for instance 'causal_mask_u55c_kernel_1' [/home/advent/Desktop/RC19/_x/link/vivado/vpl/prj/prj.gen/my_rm/bd/ulp/synth/ulp.v:5364]
WARNING: [Synth 8-7071] port 'm_axi_gmem1_ARLEN' of module 'ulp_causal_mask_u55c_kernel_1_0' is unconnected for instance 'causal_mask_u55c_kernel_1' [/home/advent/Desktop/RC19/_x/link/vivado/vpl/prj/prj.gen/my_rm/bd/ulp/synth/ulp.v:5364]
WARNING: [Synth 8-7071] port 'm_axi_gmem1_ARSIZE' of module 'ulp_causal_mask_u55c_kernel_1_0' is unconnected for instance 'causal_mask_u55c_kernel_1' [/home/advent/Desktop/RC19/_x/link/vivado/vpl/prj/prj.gen/my_rm/bd/ulp/synth/ulp.v:5364]
WARNING: [Synth 8-7071] port 'm_axi_gmem1_ARBURST' of module 'ulp_causal_mask_u55c_kernel_1_0' is unconnected for instance 'causal_mask_u55c_kernel_1' [/home/advent/Desktop/RC19/_x/link/vivado/vpl/prj/prj.gen/my_rm/bd/ulp/synth/ulp.v:5364]
WARNING: [Synth 8-7071] port 'm_axi_gmem1_ARLOCK' of module 'ulp_causal_mask_u55c_kernel_1_0' is unconnected for instance 'causal_mask_u55c_kernel_1' [/home/advent/Desktop/RC19/_x/link/vivado/vpl/prj/prj.gen/my_rm/bd/ulp/synth/ulp.v:5364]
WARNING: [Synth 8-7071] port 'm_axi_gmem1_ARREGION' of module 'ulp_causal_mask_u55c_kernel_1_0' is unconnected for instance 'causal_mask_u55c_kernel_1' [/home/advent/Desktop/RC19/_x/link/vivado/vpl/prj/prj.gen/my_rm/bd/ulp/synth/ulp.v:5364]
WARNING: [Synth 8-7071] port 'm_axi_gmem1_ARCACHE' of module 'ulp_causal_mask_u55c_kernel_1_0' is unconnected for instance 'causal_mask_u55c_kernel_1' [/home/advent/Desktop/RC19/_x/link/vivado/vpl/prj/prj.gen/my_rm/bd/ulp/synth/ulp.v:5364]
WARNING: [Synth 8-7071] port 'm_axi_gmem1_ARPROT' of module 'ulp_causal_mask_u55c_kernel_1_0' is unconnected for instance 'causal_mask_u55c_kernel_1' [/home/advent/Desktop/RC19/_x/link/vivado/vpl/prj/prj.gen/my_rm/bd/ulp/synth/ulp.v:5364]
WARNING: [Synth 8-7071] port 'm_axi_gmem1_ARQOS' of module 'ulp_causal_mask_u55c_kernel_1_0' is unconnected for instance 'causal_mask_u55c_kernel_1' [/home/advent/Desktop/RC19/_x/link/vivado/vpl/prj/prj.gen/my_rm/bd/ulp/synth/ulp.v:5364]
INFO: [Common 17-14] Message 'Synth 8-7071' appears 100 times and further instances of the messages will be disabled. Use the Tcl command set_msg_config to change the current settings.
WARNING: [Synth 8-7023] instance 'causal_mask_u55c_kernel_1' of module 'ulp_causal_mask_u55c_kernel_1_0' has 100 connections declared, but only 68 given [/home/advent/Desktop/RC19/_x/link/vivado/vpl/prj/prj.gen/my_rm/bd/ulp/synth/ulp.v:5364]
INFO: [Synth 8-6157] synthesizing module 'ulp_hmss_0_0' [/home/advent/Desktop/RC19/_x/link/vivado/vpl/prj/prj.runs/my_rm_synth_1/.Xil/Vivado-76845-advent/realtime/ulp_hmss_0_0_stub.v:5]
INFO: [Synth 8-6155] done synthesizing module 'ulp_hmss_0_0' (0#1) [/home/advent/Desktop/RC19/_x/link/vivado/vpl/prj/prj.runs/my_rm_synth_1/.Xil/Vivado-76845-advent/realtime/ulp_hmss_0_0_stub.v:5]
INFO: [Synth 8-6157] synthesizing module 'ulp_ii_level0_wire_0' [/home/advent/Desktop/RC19/_x/link/vivado/vpl/prj/prj.runs/my_rm_synth_1/.Xil/Vivado-76845-advent/realtime/ulp_ii_level0_wire_0_stub.v:5]
INFO: [Synth 8-6155] done synthesizing module 'ulp_ii_level0_wire_0' (0#1) [/home/advent/Desktop/RC19/_x/link/vivado/vpl/prj/prj.runs/my_rm_synth_1/.Xil/Vivado-76845-advent/realtime/ulp_ii_level0_wire_0_stub.v:5]
WARNING: [Synth 8-7023] instance 'ii_level0_wire' of module 'ulp_ii_level0_wire_0' has 354 connections declared, but only 340 given [/home/advent/Desktop/RC19/_x/link/vivado/vpl/prj/prj.gen/my_rm/bd/ulp/synth/ulp.v:5665]
INFO: [Synth 8-6157] synthesizing module 'ulp_ii_level0_wire_ulp_s_irq_cu_00_1_interrupt_concat_0' [/home/advent/Desktop/RC19/_x/link/vivado/vpl/prj/prj.gen/my_rm/bd/ulp/ip/ulp_ii_level0_wire_ulp_s_irq_cu_00_1_interrupt_concat_0/synth/ulp_ii_level0_wire_ulp_s_irq_cu_00_1_interrupt_concat_0.v:53]
INFO: [Synth 8-6157] synthesizing module 'xlconcat_v2_1_4_xlconcat' [/home/advent/Desktop/RC19/_x/link/vivado/vpl/prj/prj.gen/my_rm/bd/ulp/ipshared/4b67/hdl/xlconcat_v2_1_vl_rfs.v:14]
INFO: [Synth 8-6155] done synthesizing module 'xlconcat_v2_1_4_xlconcat' (0#1) [/home/advent/Desktop/RC19/_x/link/vivado/vpl/prj/prj.gen/my_rm/bd/ulp/ipshared/4b67/hdl/xlconcat_v2_1_vl_rfs.v:14]
INFO: [Synth 8-6155] done synthesizing module 'ulp_ii_level0_wire_ulp_s_irq_cu_00_1_interrupt_concat_0' (0#1) [/home/advent/Desktop/RC19/_x/link/vivado/vpl/prj/prj.gen/my_rm/bd/ulp/ip/ulp_ii_level0_wire_ulp_s_irq_cu_00_1_interrupt_concat_0/synth/ulp_ii_level0_wire_ulp_s_irq_cu_00_1_interrupt_concat_0.v:53]
INFO: [Synth 8-6157] synthesizing module 'ulp_ii_level0_wire_ulp_s_irq_cu_00_1_interrupt_concat_0_0' [/home/advent/Desktop/RC19/_x/link/vivado/vpl/prj/prj.gen/my_rm/bd/ulp/ip/ulp_ii_level0_wire_ulp_s_irq_cu_00_1_interrupt_concat_0_0/synth/ulp_ii_level0_wire_ulp_s_irq_cu_00_1_interrupt_concat_0_0.v:53]
INFO: [Synth 8-6157] synthesizing module 'xlconcat_v2_1_4_xlconcat__parameterized0' [/home/advent/Desktop/RC19/_x/link/vivado/vpl/prj/prj.gen/my_rm/bd/ulp/ipshared/4b67/hdl/xlconcat_v2_1_vl_rfs.v:14]
INFO: [Synth 8-6155] done synthesizing module 'xlconcat_v2_1_4_xlconcat__parameterized0' (0#1) [/home/advent/Desktop/RC19/_x/link/vivado/vpl/prj/prj.gen/my_rm/bd/ulp/ipshared/4b67/hdl/xlconcat_v2_1_vl_rfs.v:14]
INFO: [Synth 8-6155] done synthesizing module 'ulp_ii_level0_wire_ulp_s_irq_cu_00_1_interrupt_concat_0_0' (0#1) [/home/advent/Desktop/RC19/_x/link/vivado/vpl/prj/prj.gen/my_rm/bd/ulp/ip/ulp_ii_level0_wire_ulp_s_irq_cu_00_1_interrupt_concat_0_0/synth/ulp_ii_level0_wire_ulp_s_irq_cu_00_1_interrupt_concat_0_0.v:53]
INFO: [Synth 8-6157] synthesizing module 'ulp_ii_level0_wire_ulp_s_irq_cu_00_1_interrupt_concat_1_0' [/home/advent/Desktop/RC19/_x/link/vivado/vpl/prj/prj.gen/my_rm/bd/ulp/ip/ulp_ii_level0_wire_ulp_s_irq_cu_00_1_interrupt_concat_1_0/synth/ulp_ii_level0_wire_ulp_s_irq_cu_00_1_interrupt_concat_1_0.v:53]
INFO: [Synth 8-6155] done synthesizing module 'ulp_ii_level0_wire_ulp_s_irq_cu_00_1_interrupt_concat_1_0' (0#1) [/home/advent/Desktop/RC19/_x/link/vivado/vpl/prj/prj.gen/my_rm/bd/ulp/ip/ulp_ii_level0_wire_ulp_s_irq_cu_00_1_interrupt_concat_1_0/synth/ulp_ii_level0_wire_ulp_s_irq_cu_00_1_interrupt_concat_1_0.v:53]
INFO: [Synth 8-6157] synthesizing module 'ulp_ii_level0_wire_ulp_s_irq_cu_00_1_interrupt_concat_2_0' [/home/advent/Desktop/RC19/_x/link/vivado/vpl/prj/prj.gen/my_rm/bd/ulp/ip/ulp_ii_level0_wire_ulp_s_irq_cu_00_1_interrupt_concat_2_0/synth/ulp_ii_level0_wire_ulp_s_irq_cu_00_1_interrupt_concat_2_0.v:53]
INFO: [Synth 8-6155] done synthesizing module 'ulp_ii_level0_wire_ulp_s_irq_cu_00_1_interrupt_concat_2_0' (0#1) [/home/advent/Desktop/RC19/_x/link/vivado/vpl/prj/prj.gen/my_rm/bd/ulp/ip/ulp_ii_level0_wire_ulp_s_irq_cu_00_1_interrupt_concat_2_0/synth/ulp_ii_level0_wire_ulp_s_irq_cu_00_1_interrupt_concat_2_0.v:53]
INFO: [Synth 8-6157] synthesizing module 'ulp_ii_level0_wire_ulp_s_irq_cu_00_1_interrupt_concat_3_0' [/home/advent/Desktop/RC19/_x/link/vivado/vpl/prj/prj.gen/my_rm/bd/ulp/ip/ulp_ii_level0_wire_ulp_s_irq_cu_00_1_interrupt_concat_3_0/synth/ulp_ii_level0_wire_ulp_s_irq_cu_00_1_interrupt_concat_3_0.v:53]
INFO: [Synth 8-6155] done synthesizing module 'ulp_ii_level0_wire_ulp_s_irq_cu_00_1_interrupt_concat_3_0' (0#1) [/home/advent/Desktop/RC19/_x/link/vivado/vpl/prj/prj.gen/my_rm/bd/ulp/ip/ulp_ii_level0_wire_ulp_s_irq_cu_00_1_interrupt_concat_3_0/synth/ulp_ii_level0_wire_ulp_s_irq_cu_00_1_interrupt_concat_3_0.v:53]
INFO: [Synth 8-6157] synthesizing module 'ulp_irq_const_tieoff_0' [/home/advent/Desktop/RC19/_x/link/vivado/vpl/prj/prj.gen/my_rm/bd/ulp/ip/ulp_irq_const_tieoff_0/synth/ulp_irq_const_tieoff_0.v:53]
INFO: [Synth 8-6157] synthesizing module 'xlconstant_v1_1_7_xlconstant' [/home/advent/Desktop/RC19/_x/link/vivado/vpl/prj/prj.gen/my_rm/bd/ulp/ipshared/badb/hdl/xlconstant_v1_1_vl_rfs.v:23]
INFO: [Synth 8-6155] done synthesizing module 'xlconstant_v1_1_7_xlconstant' (0#1) [/home/advent/Desktop/RC19/_x/link/vivado/vpl/prj/prj.gen/my_rm/bd/ulp/ipshared/badb/hdl/xlconstant_v1_1_vl_rfs.v:23]
INFO: [Synth 8-6155] done synthesizing module 'ulp_irq_const_tieoff_0' (0#1) [/home/advent/Desktop/RC19/_x/link/vivado/vpl/prj/prj.gen/my_rm/bd/ulp/ip/ulp_irq_const_tieoff_0/synth/ulp_irq_const_tieoff_0.v:53]
INFO: [Synth 8-6157] synthesizing module 'ulp_proc_sys_reset_ctrl_slr0_0' [/home/advent/Desktop/RC19/_x/link/vivado/vpl/prj/prj.runs/my_rm_synth_1/.Xil/Vivado-76845-advent/realtime/ulp_proc_sys_reset_ctrl_slr0_0_stub.v:5]
INFO: [Synth 8-6155] done synthesizing module 'ulp_proc_sys_reset_ctrl_slr0_0' (0#1) [/home/advent/Desktop/RC19/_x/link/vivado/vpl/prj/prj.runs/my_rm_synth_1/.Xil/Vivado-76845-advent/realtime/ulp_proc_sys_reset_ctrl_slr0_0_stub.v:5]
WARNING: [Synth 8-7023] instance 'proc_sys_reset_ctrl_slr0' of module 'ulp_proc_sys_reset_ctrl_slr0_0' has 10 connections declared, but only 6 given [/home/advent/Desktop/RC19/_x/link/vivado/vpl/prj/prj.gen/my_rm/bd/ulp/synth/ulp.v:6150]
INFO: [Synth 8-6157] synthesizing module 'ulp_proc_sys_reset_ctrl_slr1_0' [/home/advent/Desktop/RC19/_x/link/vivado/vpl/prj/prj.runs/my_rm_synth_1/.Xil/Vivado-76845-advent/realtime/ulp_proc_sys_reset_ctrl_slr1_0_stub.v:5]
INFO: [Synth 8-6155] done synthesizing module 'ulp_proc_sys_reset_ctrl_slr1_0' (0#1) [/home/advent/Desktop/RC19/_x/link/vivado/vpl/prj/prj.runs/my_rm_synth_1/.Xil/Vivado-76845-advent/realtime/ulp_proc_sys_reset_ctrl_slr1_0_stub.v:5]
WARNING: [Synth 8-7023] instance 'proc_sys_reset_ctrl_slr1' of module 'ulp_proc_sys_reset_ctrl_slr1_0' has 10 connections declared, but only 6 given [/home/advent/Desktop/RC19/_x/link/vivado/vpl/prj/prj.gen/my_rm/bd/ulp/synth/ulp.v:6157]
INFO: [Synth 8-6157] synthesizing module 'ulp_proc_sys_reset_ctrl_slr2_0' [/home/advent/Desktop/RC19/_x/link/vivado/vpl/prj/prj.runs/my_rm_synth_1/.Xil/Vivado-76845-advent/realtime/ulp_proc_sys_reset_ctrl_slr2_0_stub.v:5]
INFO: [Synth 8-6155] done synthesizing module 'ulp_proc_sys_reset_ctrl_slr2_0' (0#1) [/home/advent/Desktop/RC19/_x/link/vivado/vpl/prj/prj.runs/my_rm_synth_1/.Xil/Vivado-76845-advent/realtime/ulp_proc_sys_reset_ctrl_slr2_0_stub.v:5]
WARNING: [Synth 8-7023] instance 'proc_sys_reset_ctrl_slr2' of module 'ulp_proc_sys_reset_ctrl_slr2_0' has 10 connections declared, but only 6 given [/home/advent/Desktop/RC19/_x/link/vivado/vpl/prj/prj.gen/my_rm/bd/ulp/synth/ulp.v:6164]
WARNING: [Synth 8-4446] all outputs are unconnected for this instance and logic may be removed [/home/advent/Desktop/RC19/_x/link/vivado/vpl/prj/prj.gen/my_rm/bd/ulp/synth/ulp.v:6171]
INFO: [Synth 8-6157] synthesizing module 'ulp_proc_sys_reset_freerun_slr0_0' [/home/advent/Desktop/RC19/_x/link/vivado/vpl/prj/prj.runs/my_rm_synth_1/.Xil/Vivado-76845-advent/realtime/ulp_proc_sys_reset_freerun_slr0_0_stub.v:5]
INFO: [Synth 8-6155] done synthesizing module 'ulp_proc_sys_reset_freerun_slr0_0' (0#1) [/home/advent/Desktop/RC19/_x/link/vivado/vpl/prj/prj.runs/my_rm_synth_1/.Xil/Vivado-76845-advent/realtime/ulp_proc_sys_reset_freerun_slr0_0_stub.v:5]
WARNING: [Synth 8-7023] instance 'proc_sys_reset_freerun_slr0' of module 'ulp_proc_sys_reset_freerun_slr0_0' has 10 connections declared, but only 5 given [/home/advent/Desktop/RC19/_x/link/vivado/vpl/prj/prj.gen/my_rm/bd/ulp/synth/ulp.v:6171]
WARNING: [Synth 8-4446] all outputs are unconnected for this instance and logic may be removed [/home/advent/Desktop/RC19/_x/link/vivado/vpl/prj/prj.gen/my_rm/bd/ulp/synth/ulp.v:6177]
INFO: [Synth 8-6157] synthesizing module 'ulp_proc_sys_reset_freerun_slr1_0' [/home/advent/Desktop/RC19/_x/link/vivado/vpl/prj/prj.runs/my_rm_synth_1/.Xil/Vivado-76845-advent/realtime/ulp_proc_sys_reset_freerun_slr1_0_stub.v:5]
INFO: [Synth 8-6155] done synthesizing module 'ulp_proc_sys_reset_freerun_slr1_0' (0#1) [/home/advent/Desktop/RC19/_x/link/vivado/vpl/prj/prj.runs/my_rm_synth_1/.Xil/Vivado-76845-advent/realtime/ulp_proc_sys_reset_freerun_slr1_0_stub.v:5]
WARNING: [Synth 8-7023] instance 'proc_sys_reset_freerun_slr1' of module 'ulp_proc_sys_reset_freerun_slr1_0' has 10 connections declared, but only 5 given [/home/advent/Desktop/RC19/_x/link/vivado/vpl/prj/prj.gen/my_rm/bd/ulp/synth/ulp.v:6177]
WARNING: [Synth 8-4446] all outputs are unconnected for this instance and logic may be removed [/home/advent/Desktop/RC19/_x/link/vivado/vpl/prj/prj.gen/my_rm/bd/ulp/synth/ulp.v:6183]
INFO: [Synth 8-6157] synthesizing module 'ulp_proc_sys_reset_freerun_slr2_0' [/home/advent/Desktop/RC19/_x/link/vivado/vpl/prj/prj.runs/my_rm_synth_1/.Xil/Vivado-76845-advent/realtime/ulp_proc_sys_reset_freerun_slr2_0_stub.v:5]
INFO: [Synth 8-6155] done synthesizing module 'ulp_proc_sys_reset_freerun_slr2_0' (0#1) [/home/advent/Desktop/RC19/_x/link/vivado/vpl/prj/prj.runs/my_rm_synth_1/.Xil/Vivado-76845-advent/realtime/ulp_proc_sys_reset_freerun_slr2_0_stub.v:5]
WARNING: [Synth 8-7023] instance 'proc_sys_reset_freerun_slr2' of module 'ulp_proc_sys_reset_freerun_slr2_0' has 10 connections declared, but only 5 given [/home/advent/Desktop/RC19/_x/link/vivado/vpl/prj/prj.gen/my_rm/bd/ulp/synth/ulp.v:6183]
INFO: [Synth 8-6157] synthesizing module 'ulp_proc_sys_reset_kernel2_slr0_0' [/home/advent/Desktop/RC19/_x/link/vivado/vpl/prj/prj.runs/my_rm_synth_1/.Xil/Vivado-76845-advent/realtime/ulp_proc_sys_reset_kernel2_slr0_0_stub.v:5]
INFO: [Synth 8-6155] done synthesizing module 'ulp_proc_sys_reset_kernel2_slr0_0' (0#1) [/home/advent/Desktop/RC19/_x/link/vivado/vpl/prj/prj.runs/my_rm_synth_1/.Xil/Vivado-76845-advent/realtime/ulp_proc_sys_reset_kernel2_slr0_0_stub.v:5]
WARNING: [Synth 8-7023] instance 'proc_sys_reset_kernel2_slr0' of module 'ulp_proc_sys_reset_kernel2_slr0_0' has 10 connections declared, but only 6 given [/home/advent/Desktop/RC19/_x/link/vivado/vpl/prj/prj.gen/my_rm/bd/ulp/synth/ulp.v:6189]
INFO: [Synth 8-6157] synthesizing module 'ulp_proc_sys_reset_kernel2_slr1_0' [/home/advent/Desktop/RC19/_x/link/vivado/vpl/prj/prj.runs/my_rm_synth_1/.Xil/Vivado-76845-advent/realtime/ulp_proc_sys_reset_kernel2_slr1_0_stub.v:5]
INFO: [Synth 8-6155] done synthesizing module 'ulp_proc_sys_reset_kernel2_slr1_0' (0#1) [/home/advent/Desktop/RC19/_x/link/vivado/vpl/prj/prj.runs/my_rm_synth_1/.Xil/Vivado-76845-advent/realtime/ulp_proc_sys_reset_kernel2_slr1_0_stub.v:5]
WARNING: [Synth 8-7023] instance 'proc_sys_reset_kernel2_slr1' of module 'ulp_proc_sys_reset_kernel2_slr1_0' has 10 connections declared, but only 6 given [/home/advent/Desktop/RC19/_x/link/vivado/vpl/prj/prj.gen/my_rm/bd/ulp/synth/ulp.v:6196]
INFO: [Synth 8-6157] synthesizing module 'ulp_proc_sys_reset_kernel2_slr2_0' [/home/advent/Desktop/RC19/_x/link/vivado/vpl/prj/prj.runs/my_rm_synth_1/.Xil/Vivado-76845-advent/realtime/ulp_proc_sys_reset_kernel2_slr2_0_stub.v:5]
INFO: [Synth 8-6155] done synthesizing module 'ulp_proc_sys_reset_kernel2_slr2_0' (0#1) [/home/advent/Desktop/RC19/_x/link/vivado/vpl/prj/prj.runs/my_rm_synth_1/.Xil/Vivado-76845-advent/realtime/ulp_proc_sys_reset_kernel2_slr2_0_stub.v:5]
WARNING: [Synth 8-7023] instance 'proc_sys_reset_kernel2_slr2' of module 'ulp_proc_sys_reset_kernel2_slr2_0' has 10 connections declared, but only 6 given [/home/advent/Desktop/RC19/_x/link/vivado/vpl/prj/prj.gen/my_rm/bd/ulp/synth/ulp.v:6203]
INFO: [Synth 8-6157] synthesizing module 'ulp_proc_sys_reset_kernel_slr0_0' [/home/advent/Desktop/RC19/_x/link/vivado/vpl/prj/prj.runs/my_rm_synth_1/.Xil/Vivado-76845-advent/realtime/ulp_proc_sys_reset_kernel_slr0_0_stub.v:5]
INFO: [Synth 8-6155] done synthesizing module 'ulp_proc_sys_reset_kernel_slr0_0' (0#1) [/home/advent/Desktop/RC19/_x/link/vivado/vpl/prj/prj.runs/my_rm_synth_1/.Xil/Vivado-76845-advent/realtime/ulp_proc_sys_reset_kernel_slr0_0_stub.v:5]
WARNING: [Synth 8-7023] instance 'proc_sys_reset_kernel_slr0' of module 'ulp_proc_sys_reset_kernel_slr0_0' has 10 connections declared, but only 7 given [/home/advent/Desktop/RC19/_x/link/vivado/vpl/prj/prj.gen/my_rm/bd/ulp/synth/ulp.v:6210]
INFO: [Synth 8-6157] synthesizing module 'ulp_proc_sys_reset_kernel_slr1_0' [/home/advent/Desktop/RC19/_x/link/vivado/vpl/prj/prj.runs/my_rm_synth_1/.Xil/Vivado-76845-advent/realtime/ulp_proc_sys_reset_kernel_slr1_0_stub.v:5]
INFO: [Synth 8-6155] done synthesizing module 'ulp_proc_sys_reset_kernel_slr1_0' (0#1) [/home/advent/Desktop/RC19/_x/link/vivado/vpl/prj/prj.runs/my_rm_synth_1/.Xil/Vivado-76845-advent/realtime/ulp_proc_sys_reset_kernel_slr1_0_stub.v:5]
WARNING: [Synth 8-7023] instance 'proc_sys_reset_kernel_slr1' of module 'ulp_proc_sys_reset_kernel_slr1_0' has 10 connections declared, but only 6 given [/home/advent/Desktop/RC19/_x/link/vivado/vpl/prj/prj.gen/my_rm/bd/ulp/synth/ulp.v:6218]
INFO: [Synth 8-6157] synthesizing module 'ulp_proc_sys_reset_kernel_slr2_0' [/home/advent/Desktop/RC19/_x/link/vivado/vpl/prj/prj.runs/my_rm_synth_1/.Xil/Vivado-76845-advent/realtime/ulp_proc_sys_reset_kernel_slr2_0_stub.v:5]
INFO: [Synth 8-6155] done synthesizing module 'ulp_proc_sys_reset_kernel_slr2_0' (0#1) [/home/advent/Desktop/RC19/_x/link/vivado/vpl/prj/prj.runs/my_rm_synth_1/.Xil/Vivado-76845-advent/realtime/ulp_proc_sys_reset_kernel_slr2_0_stub.v:5]
WARNING: [Synth 8-7023] instance 'proc_sys_reset_kernel_slr2' of module 'ulp_proc_sys_reset_kernel_slr2_0' has 10 connections declared, but only 6 given [/home/advent/Desktop/RC19/_x/link/vivado/vpl/prj/prj.gen/my_rm/bd/ulp/synth/ulp.v:6225]
INFO: [Synth 8-6157] synthesizing module 'ulp_satellite_gpio_slice_1_0' [/home/advent/Desktop/RC19/_x/link/vivado/vpl/prj/prj.gen/my_rm/bd/ulp/ip/ulp_satellite_gpio_slice_1_0/synth/ulp_satellite_gpio_slice_1_0.v:53]
INFO: [Synth 8-6157] synthesizing module 'xlslice_v1_0_2_xlslice' [/home/advent/Desktop/RC19/_x/link/vivado/vpl/prj/prj.gen/my_rm/bd/ulp/ipshared/11d0/hdl/xlslice_v1_0_vl_rfs.v:13]
INFO: [Synth 8-6155] done synthesizing module 'xlslice_v1_0_2_xlslice' (0#1) [/home/advent/Desktop/RC19/_x/link/vivado/vpl/prj/prj.gen/my_rm/bd/ulp/ipshared/11d0/hdl/xlslice_v1_0_vl_rfs.v:13]
INFO: [Synth 8-6155] done synthesizing module 'ulp_satellite_gpio_slice_1_0' (0#1) [/home/advent/Desktop/RC19/_x/link/vivado/vpl/prj/prj.gen/my_rm/bd/ulp/ip/ulp_satellite_gpio_slice_1_0/synth/ulp_satellite_gpio_slice_1_0.v:53]
INFO: [Synth 8-6157] synthesizing module 'ulp_score_scale_u55c_kernel_1_0' [/home/advent/Desktop/RC19/_x/link/vivado/vpl/prj/prj.runs/my_rm_synth_1/.Xil/Vivado-76845-advent/realtime/ulp_score_scale_u55c_kernel_1_0_stub.v:5]
INFO: [Synth 8-6155] done synthesizing module 'ulp_score_scale_u55c_kernel_1_0' (0#1) [/home/advent/Desktop/RC19/_x/link/vivado/vpl/prj/prj.runs/my_rm_synth_1/.Xil/Vivado-76845-advent/realtime/ulp_score_scale_u55c_kernel_1_0_stub.v:5]
WARNING: [Synth 8-7023] instance 'score_scale_u55c_kernel_1' of module 'ulp_score_scale_u55c_kernel_1_0' has 100 connections declared, but only 68 given [/home/advent/Desktop/RC19/_x/link/vivado/vpl/prj/prj.gen/my_rm/bd/ulp/synth/ulp.v:6235]
INFO: [Synth 8-6157] synthesizing module 'ulp_softmax_u55c_kernel_1_0' [/home/advent/Desktop/RC19/_x/link/vivado/vpl/prj/prj.runs/my_rm_synth_1/.Xil/Vivado-76845-advent/realtime/ulp_softmax_u55c_kernel_1_0_stub.v:5]
INFO: [Synth 8-6155] done synthesizing module 'ulp_softmax_u55c_kernel_1_0' (0#1) [/home/advent/Desktop/RC19/_x/link/vivado/vpl/prj/prj.runs/my_rm_synth_1/.Xil/Vivado-76845-advent/realtime/ulp_softmax_u55c_kernel_1_0_stub.v:5]
WARNING: [Synth 8-7023] instance 'softmax_u55c_kernel_1' of module 'ulp_softmax_u55c_kernel_1_0' has 100 connections declared, but only 68 given [/home/advent/Desktop/RC19/_x/link/vivado/vpl/prj/prj.gen/my_rm/bd/ulp/synth/ulp.v:6304]
INFO: [Synth 8-6157] synthesizing module 'ulp_ulp_cmp_0' [/home/advent/Desktop/RC19/_x/link/vivado/vpl/prj/prj.runs/my_rm_synth_1/.Xil/Vivado-76845-advent/realtime/ulp_ulp_cmp_0_stub.v:5]
INFO: [Synth 8-6155] done synthesizing module 'ulp_ulp_cmp_0' (0#1) [/home/advent/Desktop/RC19/_x/link/vivado/vpl/prj/prj.runs/my_rm_synth_1/.Xil/Vivado-76845-advent/realtime/ulp_ulp_cmp_0_stub.v:5]
INFO: [Synth 8-6157] synthesizing module 'ulp_ulp_ucs_0' [/home/advent/Desktop/RC19/_x/link/vivado/vpl/prj/prj.runs/my_rm_synth_1/.Xil/Vivado-76845-advent/realtime/ulp_ulp_ucs_0_stub.v:5]
INFO: [Synth 8-6155] done synthesizing module 'ulp_ulp_ucs_0' (0#1) [/home/advent/Desktop/RC19/_x/link/vivado/vpl/prj/prj.runs/my_rm_synth_1/.Xil/Vivado-76845-advent/realtime/ulp_ulp_ucs_0_stub.v:5]
INFO: [Synth 8-6155] done synthesizing module 'ulp' (0#1) [/home/advent/Desktop/RC19/_x/link/vivado/vpl/prj/prj.gen/my_rm/bd/ulp/synth/ulp.v:3790]
WARNING: [Synth 8-3848] Net io_gt_qsfp0_00_gtx_n in module/entity ulp does not have driver. [/home/advent/Desktop/RC19/_x/link/vivado/vpl/prj/prj.gen/my_rm/bd/ulp/synth/ulp.v:4164]
WARNING: [Synth 8-3848] Net io_gt_qsfp0_00_gtx_p in module/entity ulp does not have driver. [/home/advent/Desktop/RC19/_x/link/vivado/vpl/prj/prj.gen/my_rm/bd/ulp/synth/ulp.v:4165]
WARNING: [Synth 8-3848] Net io_gt_qsfp1_00_gtx_n in module/entity ulp does not have driver. [/home/advent/Desktop/RC19/_x/link/vivado/vpl/prj/prj.gen/my_rm/bd/ulp/synth/ulp.v:4168]
WARNING: [Synth 8-3848] Net io_gt_qsfp1_00_gtx_p in module/entity ulp does not have driver. [/home/advent/Desktop/RC19/_x/link/vivado/vpl/prj/prj.gen/my_rm/bd/ulp/synth/ulp.v:4169]
WARNING: [Synth 8-7129] Port Din[3] in module xlslice_v1_0_2_xlslice is either unconnected or has no load
WARNING: [Synth 8-7129] Port Din[2] in module xlslice_v1_0_2_xlslice is either unconnected or has no load
WARNING: [Synth 8-7129] Port Din[0] in module xlslice_v1_0_2_xlslice is either unconnected or has no load
WARNING: [Synth 8-7129] Port In32[0] in module xlconcat_v2_1_4_xlconcat__parameterized0 is either unconnected or has no load
WARNING: [Synth 8-7129] Port In33[0] in module xlconcat_v2_1_4_xlconcat__parameterized0 is either unconnected or has no load
WARNING: [Synth 8-7129] Port In34[0] in module xlconcat_v2_1_4_xlconcat__parameterized0 is either unconnected or has no load
WARNING: [Synth 8-7129] Port In35[0] in module xlconcat_v2_1_4_xlconcat__parameterized0 is either unconnected or has no load
WARNING: [Synth 8-7129] Port In36[0] in module xlconcat_v2_1_4_xlconcat__parameterized0 is either unconnected or has no load
WARNING: [Synth 8-7129] Port In37[0] in module xlconcat_v2_1_4_xlconcat__parameterized0 is either unconnected or has no load
WARNING: [Synth 8-7129] Port In38[0] in module xlconcat_v2_1_4_xlconcat__parameterized0 is either unconnected or has no load
WARNING: [Synth 8-7129] Port In39[0] in module xlconcat_v2_1_4_xlconcat__parameterized0 is either unconnected or has no load
WARNING: [Synth 8-7129] Port In40[0] in module xlconcat_v2_1_4_xlconcat__parameterized0 is either unconnected or has no load
WARNING: [Synth 8-7129] Port In41[0] in module xlconcat_v2_1_4_xlconcat__parameterized0 is either unconnected or has no load
WARNING: [Synth 8-7129] Port In42[0] in module xlconcat_v2_1_4_xlconcat__parameterized0 is either unconnected or has no load
WARNING: [Synth 8-7129] Port In43[0] in module xlconcat_v2_1_4_xlconcat__parameterized0 is either unconnected or has no load
WARNING: [Synth 8-7129] Port In44[0] in module xlconcat_v2_1_4_xlconcat__parameterized0 is either unconnected or has no load
WARNING: [Synth 8-7129] Port In45[0] in module xlconcat_v2_1_4_xlconcat__parameterized0 is either unconnected or has no load
WARNING: [Synth 8-7129] Port In46[0] in module xlconcat_v2_1_4_xlconcat__parameterized0 is either unconnected or has no load
WARNING: [Synth 8-7129] Port In47[0] in module xlconcat_v2_1_4_xlconcat__parameterized0 is either unconnected or has no load
WARNING: [Synth 8-7129] Port In48[0] in module xlconcat_v2_1_4_xlconcat__parameterized0 is either unconnected or has no load
WARNING: [Synth 8-7129] Port In49[0] in module xlconcat_v2_1_4_xlconcat__parameterized0 is either unconnected or has no load
WARNING: [Synth 8-7129] Port In50[0] in module xlconcat_v2_1_4_xlconcat__parameterized0 is either unconnected or has no load
WARNING: [Synth 8-7129] Port In51[0] in module xlconcat_v2_1_4_xlconcat__parameterized0 is either unconnected or has no load
WARNING: [Synth 8-7129] Port In52[0] in module xlconcat_v2_1_4_xlconcat__parameterized0 is either unconnected or has no load
WARNING: [Synth 8-7129] Port In53[0] in module xlconcat_v2_1_4_xlconcat__parameterized0 is either unconnected or has no load
WARNING: [Synth 8-7129] Port In54[0] in module xlconcat_v2_1_4_xlconcat__parameterized0 is either unconnected or has no load
WARNING: [Synth 8-7129] Port In55[0] in module xlconcat_v2_1_4_xlconcat__parameterized0 is either unconnected or has no load
WARNING: [Synth 8-7129] Port In56[0] in module xlconcat_v2_1_4_xlconcat__parameterized0 is either unconnected or has no load
WARNING: [Synth 8-7129] Port In57[0] in module xlconcat_v2_1_4_xlconcat__parameterized0 is either unconnected or has no load
WARNING: [Synth 8-7129] Port In58[0] in module xlconcat_v2_1_4_xlconcat__parameterized0 is either unconnected or has no load
WARNING: [Synth 8-7129] Port In59[0] in module xlconcat_v2_1_4_xlconcat__parameterized0 is either unconnected or has no load
WARNING: [Synth 8-7129] Port In60[0] in module xlconcat_v2_1_4_xlconcat__parameterized0 is either unconnected or has no load
WARNING: [Synth 8-7129] Port In61[0] in module xlconcat_v2_1_4_xlconcat__parameterized0 is either unconnected or has no load
WARNING: [Synth 8-7129] Port In62[0] in module xlconcat_v2_1_4_xlconcat__parameterized0 is either unconnected or has no load
WARNING: [Synth 8-7129] Port In63[0] in module xlconcat_v2_1_4_xlconcat__parameterized0 is either unconnected or has no load
WARNING: [Synth 8-7129] Port In64[0] in module xlconcat_v2_1_4_xlconcat__parameterized0 is either unconnected or has no load
WARNING: [Synth 8-7129] Port In65[0] in module xlconcat_v2_1_4_xlconcat__parameterized0 is either unconnected or has no load
WARNING: [Synth 8-7129] Port In66[0] in module xlconcat_v2_1_4_xlconcat__parameterized0 is either unconnected or has no load
WARNING: [Synth 8-7129] Port In67[0] in module xlconcat_v2_1_4_xlconcat__parameterized0 is either unconnected or has no load
WARNING: [Synth 8-7129] Port In68[0] in module xlconcat_v2_1_4_xlconcat__parameterized0 is either unconnected or has no load
WARNING: [Synth 8-7129] Port In69[0] in module xlconcat_v2_1_4_xlconcat__parameterized0 is either unconnected or has no load
WARNING: [Synth 8-7129] Port In70[0] in module xlconcat_v2_1_4_xlconcat__parameterized0 is either unconnected or has no load
WARNING: [Synth 8-7129] Port In71[0] in module xlconcat_v2_1_4_xlconcat__parameterized0 is either unconnected or has no load
WARNING: [Synth 8-7129] Port In72[0] in module xlconcat_v2_1_4_xlconcat__parameterized0 is either unconnected or has no load
WARNING: [Synth 8-7129] Port In73[0] in module xlconcat_v2_1_4_xlconcat__parameterized0 is either unconnected or has no load
WARNING: [Synth 8-7129] Port In74[0] in module xlconcat_v2_1_4_xlconcat__parameterized0 is either unconnected or has no load
WARNING: [Synth 8-7129] Port In75[0] in module xlconcat_v2_1_4_xlconcat__parameterized0 is either unconnected or has no load
WARNING: [Synth 8-7129] Port In76[0] in module xlconcat_v2_1_4_xlconcat__parameterized0 is either unconnected or has no load
WARNING: [Synth 8-7129] Port In77[0] in module xlconcat_v2_1_4_xlconcat__parameterized0 is either unconnected or has no load
WARNING: [Synth 8-7129] Port In78[0] in module xlconcat_v2_1_4_xlconcat__parameterized0 is either unconnected or has no load
WARNING: [Synth 8-7129] Port In79[0] in module xlconcat_v2_1_4_xlconcat__parameterized0 is either unconnected or has no load
WARNING: [Synth 8-7129] Port In80[0] in module xlconcat_v2_1_4_xlconcat__parameterized0 is either unconnected or has no load
WARNING: [Synth 8-7129] Port In81[0] in module xlconcat_v2_1_4_xlconcat__parameterized0 is either unconnected or has no load
WARNING: [Synth 8-7129] Port In82[0] in module xlconcat_v2_1_4_xlconcat__parameterized0 is either unconnected or has no load
WARNING: [Synth 8-7129] Port In83[0] in module xlconcat_v2_1_4_xlconcat__parameterized0 is either unconnected or has no load
WARNING: [Synth 8-7129] Port In84[0] in module xlconcat_v2_1_4_xlconcat__parameterized0 is either unconnected or has no load
WARNING: [Synth 8-7129] Port In85[0] in module xlconcat_v2_1_4_xlconcat__parameterized0 is either unconnected or has no load
WARNING: [Synth 8-7129] Port In86[0] in module xlconcat_v2_1_4_xlconcat__parameterized0 is either unconnected or has no load
WARNING: [Synth 8-7129] Port In87[0] in module xlconcat_v2_1_4_xlconcat__parameterized0 is either unconnected or has no load
WARNING: [Synth 8-7129] Port In88[0] in module xlconcat_v2_1_4_xlconcat__parameterized0 is either unconnected or has no load
WARNING: [Synth 8-7129] Port In89[0] in module xlconcat_v2_1_4_xlconcat__parameterized0 is either unconnected or has no load
WARNING: [Synth 8-7129] Port In90[0] in module xlconcat_v2_1_4_xlconcat__parameterized0 is either unconnected or has no load
WARNING: [Synth 8-7129] Port In91[0] in module xlconcat_v2_1_4_xlconcat__parameterized0 is either unconnected or has no load
WARNING: [Synth 8-7129] Port In92[0] in module xlconcat_v2_1_4_xlconcat__parameterized0 is either unconnected or has no load
WARNING: [Synth 8-7129] Port In93[0] in module xlconcat_v2_1_4_xlconcat__parameterized0 is either unconnected or has no load
WARNING: [Synth 8-7129] Port In94[0] in module xlconcat_v2_1_4_xlconcat__parameterized0 is either unconnected or has no load
WARNING: [Synth 8-7129] Port In95[0] in module xlconcat_v2_1_4_xlconcat__parameterized0 is either unconnected or has no load
WARNING: [Synth 8-7129] Port In96[0] in module xlconcat_v2_1_4_xlconcat__parameterized0 is either unconnected or has no load
WARNING: [Synth 8-7129] Port In97[0] in module xlconcat_v2_1_4_xlconcat__parameterized0 is either unconnected or has no load
WARNING: [Synth 8-7129] Port In98[0] in module xlconcat_v2_1_4_xlconcat__parameterized0 is either unconnected or has no load
WARNING: [Synth 8-7129] Port In99[0] in module xlconcat_v2_1_4_xlconcat__parameterized0 is either unconnected or has no load
WARNING: [Synth 8-7129] Port In100[0] in module xlconcat_v2_1_4_xlconcat__parameterized0 is either unconnected or has no load
WARNING: [Synth 8-7129] Port In101[0] in module xlconcat_v2_1_4_xlconcat__parameterized0 is either unconnected or has no load
WARNING: [Synth 8-7129] Port In102[0] in module xlconcat_v2_1_4_xlconcat__parameterized0 is either unconnected or has no load
WARNING: [Synth 8-7129] Port In103[0] in module xlconcat_v2_1_4_xlconcat__parameterized0 is either unconnected or has no load
WARNING: [Synth 8-7129] Port In104[0] in module xlconcat_v2_1_4_xlconcat__parameterized0 is either unconnected or has no load
WARNING: [Synth 8-7129] Port In105[0] in module xlconcat_v2_1_4_xlconcat__parameterized0 is either unconnected or has no load
WARNING: [Synth 8-7129] Port In106[0] in module xlconcat_v2_1_4_xlconcat__parameterized0 is either unconnected or has no load
WARNING: [Synth 8-7129] Port In107[0] in module xlconcat_v2_1_4_xlconcat__parameterized0 is either unconnected or has no load
WARNING: [Synth 8-7129] Port In108[0] in module xlconcat_v2_1_4_xlconcat__parameterized0 is either unconnected or has no load
WARNING: [Synth 8-7129] Port In109[0] in module xlconcat_v2_1_4_xlconcat__parameterized0 is either unconnected or has no load
WARNING: [Synth 8-7129] Port In110[0] in module xlconcat_v2_1_4_xlconcat__parameterized0 is either unconnected or has no load
WARNING: [Synth 8-7129] Port In111[0] in module xlconcat_v2_1_4_xlconcat__parameterized0 is either unconnected or has no load
WARNING: [Synth 8-7129] Port In112[0] in module xlconcat_v2_1_4_xlconcat__parameterized0 is either unconnected or has no load
WARNING: [Synth 8-7129] Port In113[0] in module xlconcat_v2_1_4_xlconcat__parameterized0 is either unconnected or has no load
WARNING: [Synth 8-7129] Port In114[0] in module xlconcat_v2_1_4_xlconcat__parameterized0 is either unconnected or has no load
WARNING: [Synth 8-7129] Port In115[0] in module xlconcat_v2_1_4_xlconcat__parameterized0 is either unconnected or has no load
WARNING: [Synth 8-7129] Port In116[0] in module xlconcat_v2_1_4_xlconcat__parameterized0 is either unconnected or has no load
WARNING: [Synth 8-7129] Port In117[0] in module xlconcat_v2_1_4_xlconcat__parameterized0 is either unconnected or has no load
WARNING: [Synth 8-7129] Port In118[0] in module xlconcat_v2_1_4_xlconcat__parameterized0 is either unconnected or has no load
WARNING: [Synth 8-7129] Port In119[0] in module xlconcat_v2_1_4_xlconcat__parameterized0 is either unconnected or has no load
WARNING: [Synth 8-7129] Port In120[0] in module xlconcat_v2_1_4_xlconcat__parameterized0 is either unconnected or has no load
WARNING: [Synth 8-7129] Port In121[0] in module xlconcat_v2_1_4_xlconcat__parameterized0 is either unconnected or has no load
WARNING: [Synth 8-7129] Port In122[0] in module xlconcat_v2_1_4_xlconcat__parameterized0 is either unconnected or has no load
WARNING: [Synth 8-7129] Port In123[0] in module xlconcat_v2_1_4_xlconcat__parameterized0 is either unconnected or has no load
WARNING: [Synth 8-7129] Port In124[0] in module xlconcat_v2_1_4_xlconcat__parameterized0 is either unconnected or has no load
WARNING: [Synth 8-7129] Port In125[0] in module xlconcat_v2_1_4_xlconcat__parameterized0 is either unconnected or has no load
WARNING: [Synth 8-7129] Port In126[0] in module xlconcat_v2_1_4_xlconcat__parameterized0 is either unconnected or has no load
WARNING: [Synth 8-7129] Port In127[0] in module xlconcat_v2_1_4_xlconcat__parameterized0 is either unconnected or has no load
WARNING: [Synth 8-7129] Port In4[0] in module xlconcat_v2_1_4_xlconcat is either unconnected or has no load
INFO: [Common 17-14] Message 'Synth 8-7129' appears 100 times and further instances of the messages will be disabled. Use the Tcl command set_msg_config to change the current settings.
---------------------------------------------------------------------------------
Finished RTL Elaboration : Time (s): cpu = 00:00:03 ; elapsed = 00:00:03 . Memory (MB): peak = 3341.824 ; gain = 456.609 ; free physical = 18016 ; free virtual = 23049
Synthesis current peak Physical Memory [PSS] (MB): peak = 2687.929; parent = 2480.074; children = 207.854
Synthesis current peak Virtual Memory [VSS] (MB): peak = 4311.586; parent = 3341.828; children = 969.758
---------------------------------------------------------------------------------
---------------------------------------------------------------------------------
Start Handling Custom Attributes
---------------------------------------------------------------------------------
---------------------------------------------------------------------------------
Finished Handling Custom Attributes : Time (s): cpu = 00:00:03 ; elapsed = 00:00:03 . Memory (MB): peak = 3359.637 ; gain = 474.422 ; free physical = 18012 ; free virtual = 23045
Synthesis current peak Physical Memory [PSS] (MB): peak = 2687.929; parent = 2480.074; children = 207.854
Synthesis current peak Virtual Memory [VSS] (MB): peak = 4329.398; parent = 3359.641; children = 969.758
---------------------------------------------------------------------------------
---------------------------------------------------------------------------------
Finished RTL Optimization Phase 1 : Time (s): cpu = 00:00:03 ; elapsed = 00:00:03 . Memory (MB): peak = 3359.637 ; gain = 474.422 ; free physical = 18016 ; free virtual = 23050
Synthesis current peak Physical Memory [PSS] (MB): peak = 2687.929; parent = 2480.074; children = 207.854
Synthesis current peak Virtual Memory [VSS] (MB): peak = 4329.398; parent = 3359.641; children = 969.758
---------------------------------------------------------------------------------
Netlist sorting complete. Time (s): cpu = 00:00:00.05 ; elapsed = 00:00:00.04 . Memory (MB): peak = 3359.637 ; gain = 0.000 ; free physical = 18010 ; free virtual = 23043
INFO: [Project 1-570] Preparing netlist for logic optimization

Processing XDC Constraints
Initializing timing engine
Parsing XDC File [/home/advent/Desktop/RC19/_x/link/vivado/vpl/prj/prj.gen/my_rm/bd/ulp/ip/ulp_ii_level0_wire_0/ulp_ii_level0_wire_0/ulp_ii_level0_wire_0_in_context.xdc] for cell 'ii_level0_wire'
0V85_VCCINT { VCCINT }  -supply_current_budget  100.000 A -voltage  0.850 V -direct
0V85_VCCINT_IO { VCCINT_IO VCCBRAM }  -supply_current_budget  30.000 A -voltage  0.850 V -direct
0V9_AVCC { MGTYAVCC }  -supply_current_budget  0.000 A -voltage  0.900 V -direct
1V2_AVTT { MGTYAVTT }  -supply_current_budget  0.000 A -voltage  1.200 V -direct
1V2_HBM { VCC_HBM }  -supply_current_budget  0.000 A -voltage  1.200 V -direct
1V8 { VCCAUX VCCAUX_IO MGTYVCCAUX VCCO18 VCCADC }  -supply_current_budget  4.000 A -voltage  1.800 V -direct
2V5_VPP { VCCAUX_HBM }  -supply_current_budget  0.300 A -voltage  2.500 V -direct
Finished Parsing XDC File [/home/advent/Desktop/RC19/_x/link/vivado/vpl/prj/prj.gen/my_rm/bd/ulp/ip/ulp_ii_level0_wire_0/ulp_ii_level0_wire_0/ulp_ii_level0_wire_0_in_context.xdc] for cell 'ii_level0_wire'
Parsing XDC File [/home/advent/Desktop/RC19/_x/link/vivado/vpl/prj/prj.gen/my_rm/bd/ulp/ip/ulp_ulp_cmp_0/ulp_ulp_cmp_0/ulp_ulp_cmp_0_in_context.xdc] for cell 'ulp_cmp'
Finished Parsing XDC File [/home/advent/Desktop/RC19/_x/link/vivado/vpl/prj/prj.gen/my_rm/bd/ulp/ip/ulp_ulp_cmp_0/ulp_ulp_cmp_0/ulp_ulp_cmp_0_in_context.xdc] for cell 'ulp_cmp'
Parsing XDC File [/home/advent/Desktop/RC19/_x/link/vivado/vpl/prj/prj.gen/my_rm/bd/ulp/ip/ulp_ulp_ucs_0/ulp_ulp_ucs_0/ulp_ulp_ucs_0_in_context.xdc] for cell 'ulp_ucs'
Finished Parsing XDC File [/home/advent/Desktop/RC19/_x/link/vivado/vpl/prj/prj.gen/my_rm/bd/ulp/ip/ulp_ulp_ucs_0/ulp_ulp_ucs_0/ulp_ulp_ucs_0_in_context.xdc] for cell 'ulp_ucs'
Parsing XDC File [/home/advent/Desktop/RC19/_x/link/vivado/vpl/prj/prj.gen/my_rm/bd/ulp/ip/ulp_proc_sys_reset_ctrl_slr0_0/ulp_proc_sys_reset_ctrl_slr0_0/ulp_proc_sys_reset_ctrl_slr0_0_in_context.xdc] for cell 'proc_sys_reset_ctrl_slr0'
Finished Parsing XDC File [/home/advent/Desktop/RC19/_x/link/vivado/vpl/prj/prj.gen/my_rm/bd/ulp/ip/ulp_proc_sys_reset_ctrl_slr0_0/ulp_proc_sys_reset_ctrl_slr0_0/ulp_proc_sys_reset_ctrl_slr0_0_in_context.xdc] for cell 'proc_sys_reset_ctrl_slr0'
Parsing XDC File [/home/advent/Desktop/RC19/_x/link/vivado/vpl/prj/prj.gen/my_rm/bd/ulp/ip/ulp_proc_sys_reset_ctrl_slr1_0/ulp_proc_sys_reset_ctrl_slr1_0/ulp_proc_sys_reset_ctrl_slr1_0_in_context.xdc] for cell 'proc_sys_reset_ctrl_slr1'
Finished Parsing XDC File [/home/advent/Desktop/RC19/_x/link/vivado/vpl/prj/prj.gen/my_rm/bd/ulp/ip/ulp_proc_sys_reset_ctrl_slr1_0/ulp_proc_sys_reset_ctrl_slr1_0/ulp_proc_sys_reset_ctrl_slr1_0_in_context.xdc] for cell 'proc_sys_reset_ctrl_slr1'
Parsing XDC File [/home/advent/Desktop/RC19/_x/link/vivado/vpl/prj/prj.gen/my_rm/bd/ulp/ip/ulp_proc_sys_reset_ctrl_slr2_0/ulp_proc_sys_reset_ctrl_slr2_0/ulp_proc_sys_reset_ctrl_slr2_0_in_context.xdc] for cell 'proc_sys_reset_ctrl_slr2'
Finished Parsing XDC File [/home/advent/Desktop/RC19/_x/link/vivado/vpl/prj/prj.gen/my_rm/bd/ulp/ip/ulp_proc_sys_reset_ctrl_slr2_0/ulp_proc_sys_reset_ctrl_slr2_0/ulp_proc_sys_reset_ctrl_slr2_0_in_context.xdc] for cell 'proc_sys_reset_ctrl_slr2'
Parsing XDC File [/home/advent/Desktop/RC19/_x/link/vivado/vpl/prj/prj.gen/my_rm/bd/ulp/ip/ulp_proc_sys_reset_kernel_slr0_0/ulp_proc_sys_reset_kernel_slr0_0/ulp_proc_sys_reset_kernel_slr0_0_in_context.xdc] for cell 'proc_sys_reset_kernel_slr0'
Finished Parsing XDC File [/home/advent/Desktop/RC19/_x/link/vivado/vpl/prj/prj.gen/my_rm/bd/ulp/ip/ulp_proc_sys_reset_kernel_slr0_0/ulp_proc_sys_reset_kernel_slr0_0/ulp_proc_sys_reset_kernel_slr0_0_in_context.xdc] for cell 'proc_sys_reset_kernel_slr0'
Parsing XDC File [/home/advent/Desktop/RC19/_x/link/vivado/vpl/prj/prj.gen/my_rm/bd/ulp/ip/ulp_proc_sys_reset_kernel_slr1_0/ulp_proc_sys_reset_kernel_slr1_0/ulp_proc_sys_reset_kernel_slr1_0_in_context.xdc] for cell 'proc_sys_reset_kernel_slr1'
Finished Parsing XDC File [/home/advent/Desktop/RC19/_x/link/vivado/vpl/prj/prj.gen/my_rm/bd/ulp/ip/ulp_proc_sys_reset_kernel_slr1_0/ulp_proc_sys_reset_kernel_slr1_0/ulp_proc_sys_reset_kernel_slr1_0_in_context.xdc] for cell 'proc_sys_reset_kernel_slr1'
Parsing XDC File [/home/advent/Desktop/RC19/_x/link/vivado/vpl/prj/prj.gen/my_rm/bd/ulp/ip/ulp_proc_sys_reset_kernel_slr2_0/ulp_proc_sys_reset_kernel_slr2_0/ulp_proc_sys_reset_kernel_slr2_0_in_context.xdc] for cell 'proc_sys_reset_kernel_slr2'
Finished Parsing XDC File [/home/advent/Desktop/RC19/_x/link/vivado/vpl/prj/prj.gen/my_rm/bd/ulp/ip/ulp_proc_sys_reset_kernel_slr2_0/ulp_proc_sys_reset_kernel_slr2_0/ulp_proc_sys_reset_kernel_slr2_0_in_context.xdc] for cell 'proc_sys_reset_kernel_slr2'
Parsing XDC File [/home/advent/Desktop/RC19/_x/link/vivado/vpl/prj/prj.gen/my_rm/bd/ulp/ip/ulp_proc_sys_reset_kernel2_slr0_0/ulp_proc_sys_reset_kernel2_slr0_0/ulp_proc_sys_reset_kernel2_slr0_0_in_context.xdc] for cell 'proc_sys_reset_kernel2_slr0'
Finished Parsing XDC File [/home/advent/Desktop/RC19/_x/link/vivado/vpl/prj/prj.gen/my_rm/bd/ulp/ip/ulp_proc_sys_reset_kernel2_slr0_0/ulp_proc_sys_reset_kernel2_slr0_0/ulp_proc_sys_reset_kernel2_slr0_0_in_context.xdc] for cell 'proc_sys_reset_kernel2_slr0'
Parsing XDC File [/home/advent/Desktop/RC19/_x/link/vivado/vpl/prj/prj.gen/my_rm/bd/ulp/ip/ulp_proc_sys_reset_kernel2_slr1_0/ulp_proc_sys_reset_kernel2_slr1_0/ulp_proc_sys_reset_kernel2_slr1_0_in_context.xdc] for cell 'proc_sys_reset_kernel2_slr1'
Finished Parsing XDC File [/home/advent/Desktop/RC19/_x/link/vivado/vpl/prj/prj.gen/my_rm/bd/ulp/ip/ulp_proc_sys_reset_kernel2_slr1_0/ulp_proc_sys_reset_kernel2_slr1_0/ulp_proc_sys_reset_kernel2_slr1_0_in_context.xdc] for cell 'proc_sys_reset_kernel2_slr1'
Parsing XDC File [/home/advent/Desktop/RC19/_x/link/vivado/vpl/prj/prj.gen/my_rm/bd/ulp/ip/ulp_proc_sys_reset_kernel2_slr2_0/ulp_proc_sys_reset_kernel2_slr2_0/ulp_proc_sys_reset_kernel2_slr2_0_in_context.xdc] for cell 'proc_sys_reset_kernel2_slr2'
Finished Parsing XDC File [/home/advent/Desktop/RC19/_x/link/vivado/vpl/prj/prj.gen/my_rm/bd/ulp/ip/ulp_proc_sys_reset_kernel2_slr2_0/ulp_proc_sys_reset_kernel2_slr2_0/ulp_proc_sys_reset_kernel2_slr2_0_in_context.xdc] for cell 'proc_sys_reset_kernel2_slr2'
Parsing XDC File [/home/advent/Desktop/RC19/_x/link/vivado/vpl/prj/prj.gen/my_rm/bd/ulp/ip/ulp_proc_sys_reset_freerun_slr0_0/ulp_proc_sys_reset_freerun_slr0_0/ulp_proc_sys_reset_freerun_slr0_0_in_context.xdc] for cell 'proc_sys_reset_freerun_slr0'
Finished Parsing XDC File [/home/advent/Desktop/RC19/_x/link/vivado/vpl/prj/prj.gen/my_rm/bd/ulp/ip/ulp_proc_sys_reset_freerun_slr0_0/ulp_proc_sys_reset_freerun_slr0_0/ulp_proc_sys_reset_freerun_slr0_0_in_context.xdc] for cell 'proc_sys_reset_freerun_slr0'
Parsing XDC File [/home/advent/Desktop/RC19/_x/link/vivado/vpl/prj/prj.gen/my_rm/bd/ulp/ip/ulp_proc_sys_reset_freerun_slr1_0/ulp_proc_sys_reset_freerun_slr1_0/ulp_proc_sys_reset_freerun_slr1_0_in_context.xdc] for cell 'proc_sys_reset_freerun_slr1'
Finished Parsing XDC File [/home/advent/Desktop/RC19/_x/link/vivado/vpl/prj/prj.gen/my_rm/bd/ulp/ip/ulp_proc_sys_reset_freerun_slr1_0/ulp_proc_sys_reset_freerun_slr1_0/ulp_proc_sys_reset_freerun_slr1_0_in_context.xdc] for cell 'proc_sys_reset_freerun_slr1'
Parsing XDC File [/home/advent/Desktop/RC19/_x/link/vivado/vpl/prj/prj.gen/my_rm/bd/ulp/ip/ulp_proc_sys_reset_freerun_slr2_0/ulp_proc_sys_reset_freerun_slr2_0/ulp_proc_sys_reset_freerun_slr2_0_in_context.xdc] for cell 'proc_sys_reset_freerun_slr2'
Finished Parsing XDC File [/home/advent/Desktop/RC19/_x/link/vivado/vpl/prj/prj.gen/my_rm/bd/ulp/ip/ulp_proc_sys_reset_freerun_slr2_0/ulp_proc_sys_reset_freerun_slr2_0/ulp_proc_sys_reset_freerun_slr2_0_in_context.xdc] for cell 'proc_sys_reset_freerun_slr2'
Parsing XDC File [/home/advent/Desktop/RC19/_x/link/vivado/vpl/prj/prj.gen/my_rm/bd/ulp/ip/ulp_xbar_1/ulp_xbar_1/ulp_xbar_1_in_context.xdc] for cell 'SLR0/interconnect_axilite_user/xbar'
Finished Parsing XDC File [/home/advent/Desktop/RC19/_x/link/vivado/vpl/prj/prj.gen/my_rm/bd/ulp/ip/ulp_xbar_1/ulp_xbar_1/ulp_xbar_1_in_context.xdc] for cell 'SLR0/interconnect_axilite_user/xbar'
Parsing XDC File [/home/advent/Desktop/RC19/_x/link/vivado/vpl/prj/prj.gen/my_rm/bd/ulp/ip/ulp_s00_regslice_15/ulp_s00_regslice_15/ulp_s00_regslice_15_in_context.xdc] for cell 'SLR0/interconnect_axilite_user/s00_couplers/s00_regslice'
Finished Parsing XDC File [/home/advent/Desktop/RC19/_x/link/vivado/vpl/prj/prj.gen/my_rm/bd/ulp/ip/ulp_s00_regslice_15/ulp_s00_regslice_15/ulp_s00_regslice_15_in_context.xdc] for cell 'SLR0/interconnect_axilite_user/s00_couplers/s00_regslice'
Parsing XDC File [/home/advent/Desktop/RC19/_x/link/vivado/vpl/prj/prj.gen/my_rm/bd/ulp/ip/ulp_m00_regslice_0/ulp_m00_regslice_0/ulp_m00_regslice_0_in_context.xdc] for cell 'SLR0/interconnect_axilite_user/m00_couplers/m00_regslice'
Finished Parsing XDC File [/home/advent/Desktop/RC19/_x/link/vivado/vpl/prj/prj.gen/my_rm/bd/ulp/ip/ulp_m00_regslice_0/ulp_m00_regslice_0/ulp_m00_regslice_0_in_context.xdc] for cell 'SLR0/interconnect_axilite_user/m00_couplers/m00_regslice'
Parsing XDC File [/home/advent/Desktop/RC19/_x/link/vivado/vpl/prj/prj.gen/my_rm/bd/ulp/ip/ulp_auto_cc_0/ulp_auto_cc_0/ulp_auto_cc_5_in_context.xdc] for cell 'SLR0/interconnect_axilite_user/m00_couplers/auto_cc'
Finished Parsing XDC File [/home/advent/Desktop/RC19/_x/link/vivado/vpl/prj/prj.gen/my_rm/bd/ulp/ip/ulp_auto_cc_0/ulp_auto_cc_0/ulp_auto_cc_5_in_context.xdc] for cell 'SLR0/interconnect_axilite_user/m00_couplers/auto_cc'
Parsing XDC File [/home/advent/Desktop/RC19/_x/link/vivado/vpl/prj/prj.gen/my_rm/bd/ulp/ip/ulp_m01_regslice_0/ulp_m01_regslice_0/ulp_m02_regslice_0_in_context.xdc] for cell 'SLR0/interconnect_axilite_user/m01_couplers/m01_regslice'
Finished Parsing XDC File [/home/advent/Desktop/RC19/_x/link/vivado/vpl/prj/prj.gen/my_rm/bd/ulp/ip/ulp_m01_regslice_0/ulp_m01_regslice_0/ulp_m02_regslice_0_in_context.xdc] for cell 'SLR0/interconnect_axilite_user/m01_couplers/m01_regslice'
Parsing XDC File [/home/advent/Desktop/RC19/_x/link/vivado/vpl/prj/prj.gen/my_rm/bd/ulp/ip/ulp_auto_cc_1/ulp_auto_cc_1/ulp_auto_cc_2_in_context.xdc] for cell 'SLR0/interconnect_axilite_user/m01_couplers/auto_cc'
Finished Parsing XDC File [/home/advent/Desktop/RC19/_x/link/vivado/vpl/prj/prj.gen/my_rm/bd/ulp/ip/ulp_auto_cc_1/ulp_auto_cc_1/ulp_auto_cc_2_in_context.xdc] for cell 'SLR0/interconnect_axilite_user/m01_couplers/auto_cc'
Parsing XDC File [/home/advent/Desktop/RC19/_x/link/vivado/vpl/prj/prj.gen/my_rm/bd/ulp/ip/ulp_m02_regslice_0/ulp_m02_regslice_0/ulp_m02_regslice_0_in_context.xdc] for cell 'SLR0/interconnect_axilite_user/m02_couplers/m02_regslice'
Finished Parsing XDC File [/home/advent/Desktop/RC19/_x/link/vivado/vpl/prj/prj.gen/my_rm/bd/ulp/ip/ulp_m02_regslice_0/ulp_m02_regslice_0/ulp_m02_regslice_0_in_context.xdc] for cell 'SLR0/interconnect_axilite_user/m02_couplers/m02_regslice'
Parsing XDC File [/home/advent/Desktop/RC19/_x/link/vivado/vpl/prj/prj.gen/my_rm/bd/ulp/ip/ulp_auto_cc_2/ulp_auto_cc_2/ulp_auto_cc_2_in_context.xdc] for cell 'SLR0/interconnect_axilite_user/m02_couplers/auto_cc'
Finished Parsing XDC File [/home/advent/Desktop/RC19/_x/link/vivado/vpl/prj/prj.gen/my_rm/bd/ulp/ip/ulp_auto_cc_2/ulp_auto_cc_2/ulp_auto_cc_2_in_context.xdc] for cell 'SLR0/interconnect_axilite_user/m02_couplers/auto_cc'
Parsing XDC File [/home/advent/Desktop/RC19/_x/link/vivado/vpl/prj/prj.gen/my_rm/bd/ulp/ip/ulp_m03_regslice_0/ulp_m03_regslice_0/ulp_m04_regslice_0_in_context.xdc] for cell 'SLR0/interconnect_axilite_user/m03_couplers/m03_regslice'
Finished Parsing XDC File [/home/advent/Desktop/RC19/_x/link/vivado/vpl/prj/prj.gen/my_rm/bd/ulp/ip/ulp_m03_regslice_0/ulp_m03_regslice_0/ulp_m04_regslice_0_in_context.xdc] for cell 'SLR0/interconnect_axilite_user/m03_couplers/m03_regslice'
Parsing XDC File [/home/advent/Desktop/RC19/_x/link/vivado/vpl/prj/prj.gen/my_rm/bd/ulp/ip/ulp_auto_cc_3/ulp_auto_cc_3/ulp_auto_cc_3_in_context.xdc] for cell 'SLR0/interconnect_axilite_user/m03_couplers/auto_cc'
Finished Parsing XDC File [/home/advent/Desktop/RC19/_x/link/vivado/vpl/prj/prj.gen/my_rm/bd/ulp/ip/ulp_auto_cc_3/ulp_auto_cc_3/ulp_auto_cc_3_in_context.xdc] for cell 'SLR0/interconnect_axilite_user/m03_couplers/auto_cc'
Parsing XDC File [/home/advent/Desktop/RC19/_x/link/vivado/vpl/prj/prj.gen/my_rm/bd/ulp/ip/ulp_m04_regslice_0/ulp_m04_regslice_0/ulp_m04_regslice_0_in_context.xdc] for cell 'SLR0/interconnect_axilite_user/m04_couplers/m04_regslice'
Finished Parsing XDC File [/home/advent/Desktop/RC19/_x/link/vivado/vpl/prj/prj.gen/my_rm/bd/ulp/ip/ulp_m04_regslice_0/ulp_m04_regslice_0/ulp_m04_regslice_0_in_context.xdc] for cell 'SLR0/interconnect_axilite_user/m04_couplers/m04_regslice'
Parsing XDC File [/home/advent/Desktop/RC19/_x/link/vivado/vpl/prj/prj.gen/my_rm/bd/ulp/ip/ulp_auto_cc_4/ulp_auto_cc_4/ulp_auto_cc_3_in_context.xdc] for cell 'SLR0/interconnect_axilite_user/m04_couplers/auto_cc'
Finished Parsing XDC File [/home/advent/Desktop/RC19/_x/link/vivado/vpl/prj/prj.gen/my_rm/bd/ulp/ip/ulp_auto_cc_4/ulp_auto_cc_4/ulp_auto_cc_3_in_context.xdc] for cell 'SLR0/interconnect_axilite_user/m04_couplers/auto_cc'
Parsing XDC File [/home/advent/Desktop/RC19/_x/link/vivado/vpl/prj/prj.gen/my_rm/bd/ulp/ip/ulp_axi_gpio_null_0/ulp_axi_gpio_null_0/ulp_axi_gpio_null_0_in_context.xdc] for cell 'SLR0/axi_gpio_null'
Finished Parsing XDC File [/home/advent/Desktop/RC19/_x/link/vivado/vpl/prj/prj.gen/my_rm/bd/ulp/ip/ulp_axi_gpio_null_0/ulp_axi_gpio_null_0/ulp_axi_gpio_null_0_in_context.xdc] for cell 'SLR0/axi_gpio_null'
Parsing XDC File [/home/advent/Desktop/RC19/_x/link/vivado/vpl/prj/prj.gen/my_rm/bd/ulp/ip/ulp_axi_vip_ctrl_userpf_0/ulp_axi_vip_ctrl_userpf_0/ulp_axi_vip_ctrl_userpf_0_in_context.xdc] for cell 'SLR0/axi_vip_ctrl_userpf'
Finished Parsing XDC File [/home/advent/Desktop/RC19/_x/link/vivado/vpl/prj/prj.gen/my_rm/bd/ulp/ip/ulp_axi_vip_ctrl_userpf_0/ulp_axi_vip_ctrl_userpf_0/ulp_axi_vip_ctrl_userpf_0_in_context.xdc] for cell 'SLR0/axi_vip_ctrl_userpf'
Parsing XDC File [/home/advent/Desktop/RC19/_x/link/vivado/vpl/prj/prj.gen/my_rm/bd/ulp/ip/ulp_regslice_control_userpf_0/ulp_regslice_control_userpf_0/ulp_regslice_control_userpf_0_in_context.xdc] for cell 'SLR0/regslice_control_userpf'
Finished Parsing XDC File [/home/advent/Desktop/RC19/_x/link/vivado/vpl/prj/prj.gen/my_rm/bd/ulp/ip/ulp_regslice_control_userpf_0/ulp_regslice_control_userpf_0/ulp_regslice_control_userpf_0_in_context.xdc] for cell 'SLR0/regslice_control_userpf'
Parsing XDC File [/home/advent/Desktop/RC19/_x/link/vivado/vpl/prj/prj.gen/my_rm/bd/ulp/ip/ulp_s00_regslice_16/ulp_s00_regslice_16/ulp_s00_regslice_16_in_context.xdc] for cell 'SLR1/interconnect_axilite_user/s00_couplers/s00_regslice'
Finished Parsing XDC File [/home/advent/Desktop/RC19/_x/link/vivado/vpl/prj/prj.gen/my_rm/bd/ulp/ip/ulp_s00_regslice_16/ulp_s00_regslice_16/ulp_s00_regslice_16_in_context.xdc] for cell 'SLR1/interconnect_axilite_user/s00_couplers/s00_regslice'
Parsing XDC File [/home/advent/Desktop/RC19/_x/link/vivado/vpl/prj/prj.gen/my_rm/bd/ulp/ip/ulp_auto_cc_5/ulp_auto_cc_5/ulp_auto_cc_5_in_context.xdc] for cell 'SLR1/interconnect_axilite_user/s00_couplers/auto_cc'
Finished Parsing XDC File [/home/advent/Desktop/RC19/_x/link/vivado/vpl/prj/prj.gen/my_rm/bd/ulp/ip/ulp_auto_cc_5/ulp_auto_cc_5/ulp_auto_cc_5_in_context.xdc] for cell 'SLR1/interconnect_axilite_user/s00_couplers/auto_cc'
Parsing XDC File [/home/advent/Desktop/RC19/_x/link/vivado/vpl/prj/prj.gen/my_rm/bd/ulp/ip/ulp_axi_gpio_null_1/ulp_axi_gpio_null_1/ulp_axi_gpio_null_0_in_context.xdc] for cell 'SLR1/axi_gpio_null'
Finished Parsing XDC File [/home/advent/Desktop/RC19/_x/link/vivado/vpl/prj/prj.gen/my_rm/bd/ulp/ip/ulp_axi_gpio_null_1/ulp_axi_gpio_null_1/ulp_axi_gpio_null_0_in_context.xdc] for cell 'SLR1/axi_gpio_null'
Parsing XDC File [/home/advent/Desktop/RC19/_x/link/vivado/vpl/prj/prj.gen/my_rm/bd/ulp/ip/ulp_axi_vip_ctrl_userpf_1/ulp_axi_vip_ctrl_userpf_1/ulp_axi_vip_ctrl_userpf_0_in_context.xdc] for cell 'SLR1/axi_vip_ctrl_userpf'
Finished Parsing XDC File [/home/advent/Desktop/RC19/_x/link/vivado/vpl/prj/prj.gen/my_rm/bd/ulp/ip/ulp_axi_vip_ctrl_userpf_1/ulp_axi_vip_ctrl_userpf_1/ulp_axi_vip_ctrl_userpf_0_in_context.xdc] for cell 'SLR1/axi_vip_ctrl_userpf'
Parsing XDC File [/home/advent/Desktop/RC19/_x/link/vivado/vpl/prj/prj.gen/my_rm/bd/ulp/ip/ulp_regslice_control_userpf_1/ulp_regslice_control_userpf_1/ulp_regslice_control_userpf_1_in_context.xdc] for cell 'SLR1/regslice_control_userpf'
Finished Parsing XDC File [/home/advent/Desktop/RC19/_x/link/vivado/vpl/prj/prj.gen/my_rm/bd/ulp/ip/ulp_regslice_control_userpf_1/ulp_regslice_control_userpf_1/ulp_regslice_control_userpf_1_in_context.xdc] for cell 'SLR1/regslice_control_userpf'
Parsing XDC File [/home/advent/Desktop/RC19/_x/link/vivado/vpl/prj/prj.gen/my_rm/bd/ulp/ip/ulp_s00_regslice_17/ulp_s00_regslice_17/ulp_s00_regslice_16_in_context.xdc] for cell 'SLR2/interconnect_axilite_user/s00_couplers/s00_regslice'
Finished Parsing XDC File [/home/advent/Desktop/RC19/_x/link/vivado/vpl/prj/prj.gen/my_rm/bd/ulp/ip/ulp_s00_regslice_17/ulp_s00_regslice_17/ulp_s00_regslice_16_in_context.xdc] for cell 'SLR2/interconnect_axilite_user/s00_couplers/s00_regslice'
Parsing XDC File [/home/advent/Desktop/RC19/_x/link/vivado/vpl/prj/prj.gen/my_rm/bd/ulp/ip/ulp_auto_cc_6/ulp_auto_cc_6/ulp_auto_cc_5_in_context.xdc] for cell 'SLR2/interconnect_axilite_user/s00_couplers/auto_cc'
Finished Parsing XDC File [/home/advent/Desktop/RC19/_x/link/vivado/vpl/prj/prj.gen/my_rm/bd/ulp/ip/ulp_auto_cc_6/ulp_auto_cc_6/ulp_auto_cc_5_in_context.xdc] for cell 'SLR2/interconnect_axilite_user/s00_couplers/auto_cc'
Parsing XDC File [/home/advent/Desktop/RC19/_x/link/vivado/vpl/prj/prj.gen/my_rm/bd/ulp/ip/ulp_axi_gpio_null_2/ulp_axi_gpio_null_2/ulp_axi_gpio_null_0_in_context.xdc] for cell 'SLR2/axi_gpio_null'
Finished Parsing XDC File [/home/advent/Desktop/RC19/_x/link/vivado/vpl/prj/prj.gen/my_rm/bd/ulp/ip/ulp_axi_gpio_null_2/ulp_axi_gpio_null_2/ulp_axi_gpio_null_0_in_context.xdc] for cell 'SLR2/axi_gpio_null'
Parsing XDC File [/home/advent/Desktop/RC19/_x/link/vivado/vpl/prj/prj.gen/my_rm/bd/ulp/ip/ulp_axi_vip_ctrl_userpf_2/ulp_axi_vip_ctrl_userpf_2/ulp_axi_vip_ctrl_userpf_0_in_context.xdc] for cell 'SLR2/axi_vip_ctrl_userpf'
Finished Parsing XDC File [/home/advent/Desktop/RC19/_x/link/vivado/vpl/prj/prj.gen/my_rm/bd/ulp/ip/ulp_axi_vip_ctrl_userpf_2/ulp_axi_vip_ctrl_userpf_2/ulp_axi_vip_ctrl_userpf_0_in_context.xdc] for cell 'SLR2/axi_vip_ctrl_userpf'
Parsing XDC File [/home/advent/Desktop/RC19/_x/link/vivado/vpl/prj/prj.gen/my_rm/bd/ulp/ip/ulp_regslice_control_userpf_2/ulp_regslice_control_userpf_2/ulp_regslice_control_userpf_2_in_context.xdc] for cell 'SLR2/regslice_control_userpf'
Finished Parsing XDC File [/home/advent/Desktop/RC19/_x/link/vivado/vpl/prj/prj.gen/my_rm/bd/ulp/ip/ulp_regslice_control_userpf_2/ulp_regslice_control_userpf_2/ulp_regslice_control_userpf_2_in_context.xdc] for cell 'SLR2/regslice_control_userpf'
Parsing XDC File [/home/advent/Desktop/RC19/_x/link/vivado/vpl/prj/prj.gen/my_rm/bd/ulp/ip/ulp_xbar_0/ulp_xbar_0/ulp_xbar_0_in_context.xdc] for cell 'axi_ic_ctrl_mgmt_slr1/xbar'
Finished Parsing XDC File [/home/advent/Desktop/RC19/_x/link/vivado/vpl/prj/prj.gen/my_rm/bd/ulp/ip/ulp_xbar_0/ulp_xbar_0/ulp_xbar_0_in_context.xdc] for cell 'axi_ic_ctrl_mgmt_slr1/xbar'
Parsing XDC File [/home/advent/Desktop/RC19/_x/link/vivado/vpl/prj/prj.gen/my_rm/bd/ulp/ip/ulp_hmss_0_0/ulp_hmss_0_0/ulp_hmss_0_0_in_context.xdc] for cell 'hmss_0'
Finished Parsing XDC File [/home/advent/Desktop/RC19/_x/link/vivado/vpl/prj/prj.gen/my_rm/bd/ulp/ip/ulp_hmss_0_0/ulp_hmss_0_0/ulp_hmss_0_0_in_context.xdc] for cell 'hmss_0'
Parsing XDC File [/home/advent/Desktop/RC19/_x/link/vivado/vpl/prj/prj.gen/my_rm/bd/ulp/ip/ulp_axi_vip_data_0/ulp_axi_vip_data_0/ulp_axi_vip_data_0_in_context.xdc] for cell 'axi_vip_data'
Finished Parsing XDC File [/home/advent/Desktop/RC19/_x/link/vivado/vpl/prj/prj.gen/my_rm/bd/ulp/ip/ulp_axi_vip_data_0/ulp_axi_vip_data_0/ulp_axi_vip_data_0_in_context.xdc] for cell 'axi_vip_data'
Parsing XDC File [/home/advent/Desktop/RC19/_x/link/vivado/vpl/prj/prj.gen/my_rm/bd/ulp/ip/ulp_attention_score_u55c_kernel_1_0/ulp_attention_score_u55c_kernel_1_0/ulp_attention_score_u55c_kernel_1_0_in_context.xdc] for cell 'attention_score_u55c_kernel_1'
Finished Parsing XDC File [/home/advent/Desktop/RC19/_x/link/vivado/vpl/prj/prj.gen/my_rm/bd/ulp/ip/ulp_attention_score_u55c_kernel_1_0/ulp_attention_score_u55c_kernel_1_0/ulp_attention_score_u55c_kernel_1_0_in_context.xdc] for cell 'attention_score_u55c_kernel_1'
Parsing XDC File [/home/advent/Desktop/RC19/_x/link/vivado/vpl/prj/prj.gen/my_rm/bd/ulp/ip/ulp_causal_mask_u55c_kernel_1_0/ulp_causal_mask_u55c_kernel_1_0/ulp_causal_mask_u55c_kernel_1_0_in_context.xdc] for cell 'causal_mask_u55c_kernel_1'
Finished Parsing XDC File [/home/advent/Desktop/RC19/_x/link/vivado/vpl/prj/prj.gen/my_rm/bd/ulp/ip/ulp_causal_mask_u55c_kernel_1_0/ulp_causal_mask_u55c_kernel_1_0/ulp_causal_mask_u55c_kernel_1_0_in_context.xdc] for cell 'causal_mask_u55c_kernel_1'
Parsing XDC File [/home/advent/Desktop/RC19/_x/link/vivado/vpl/prj/prj.gen/my_rm/bd/ulp/ip/ulp_score_scale_u55c_kernel_1_0/ulp_score_scale_u55c_kernel_1_0/ulp_score_scale_u55c_kernel_1_0_in_context.xdc] for cell 'score_scale_u55c_kernel_1'
Finished Parsing XDC File [/home/advent/Desktop/RC19/_x/link/vivado/vpl/prj/prj.gen/my_rm/bd/ulp/ip/ulp_score_scale_u55c_kernel_1_0/ulp_score_scale_u55c_kernel_1_0/ulp_score_scale_u55c_kernel_1_0_in_context.xdc] for cell 'score_scale_u55c_kernel_1'
Parsing XDC File [/home/advent/Desktop/RC19/_x/link/vivado/vpl/prj/prj.gen/my_rm/bd/ulp/ip/ulp_softmax_u55c_kernel_1_0/ulp_softmax_u55c_kernel_1_0/ulp_softmax_u55c_kernel_1_0_in_context.xdc] for cell 'softmax_u55c_kernel_1'
Finished Parsing XDC File [/home/advent/Desktop/RC19/_x/link/vivado/vpl/prj/prj.gen/my_rm/bd/ulp/ip/ulp_softmax_u55c_kernel_1_0/ulp_softmax_u55c_kernel_1_0/ulp_softmax_u55c_kernel_1_0_in_context.xdc] for cell 'softmax_u55c_kernel_1'
Parsing XDC File [/home/advent/Desktop/RC19/_x/link/vivado/vpl/prj/prj.gen/my_rm/bd/ulp/ulp_ooc.xdc]
Finished Parsing XDC File [/home/advent/Desktop/RC19/_x/link/vivado/vpl/prj/prj.gen/my_rm/bd/ulp/ulp_ooc.xdc]
Parsing XDC File [/home/advent/Desktop/RC19/_x/link/vivado/vpl/prj/prj.runs/my_rm_synth_1/dont_touch.xdc]
Finished Parsing XDC File [/home/advent/Desktop/RC19/_x/link/vivado/vpl/prj/prj.runs/my_rm_synth_1/dont_touch.xdc]
Parsing XDC File [/home/advent/Desktop/RC19/_x/link/vivado/vpl/output/ulp_ooc_copy.xdc]
WARNING: [Constraints 18-619] A clock with name 'blp_s_aclk_ctrl_00' already exists, overwriting the previous clock with the same name. [/home/advent/Desktop/RC19/_x/link/vivado/vpl/output/ulp_ooc_copy.xdc:9]
WARNING: [Constraints 18-619] A clock with name 'blp_s_aclk_freerun_ref_00' already exists, overwriting the previous clock with the same name. [/home/advent/Desktop/RC19/_x/link/vivado/vpl/output/ulp_ooc_copy.xdc:10]
WARNING: [Constraints 18-619] A clock with name 'blp_s_aclk_pcie_00' already exists, overwriting the previous clock with the same name. [/home/advent/Desktop/RC19/_x/link/vivado/vpl/output/ulp_ooc_copy.xdc:11]
Finished Parsing XDC File [/home/advent/Desktop/RC19/_x/link/vivado/vpl/output/ulp_ooc_copy.xdc]
Completed Processing XDC Constraints

Netlist sorting complete. Time (s): cpu = 00:00:00 ; elapsed = 00:00:00 . Memory (MB): peak = 3399.328 ; gain = 0.000 ; free physical = 17871 ; free virtual = 22905
INFO: [Project 1-111] Unisim Transformation Summary:
No Unisim elements were transformed.

Constraint Validation Runtime : Time (s): cpu = 00:00:00.04 ; elapsed = 00:00:00.05 . Memory (MB): peak = 3399.328 ; gain = 0.000 ; free physical = 17871 ; free virtual = 22904
INFO: [Designutils 20-5008] Incremental synthesis strategy off
INFO: [Synth 8-11241] undeclared symbol 'REGCCE', assumed default net type 'wire' [/home/advent/Vivado/Vivado/2022.2/data/verilog/src/unimacro/BRAM_SINGLE_MACRO.v:2170]
---------------------------------------------------------------------------------
Finished Constraint Validation : Time (s): cpu = 00:00:09 ; elapsed = 00:00:10 . Memory (MB): peak = 3399.328 ; gain = 514.113 ; free physical = 17994 ; free virtual = 23028
Synthesis current peak Physical Memory [PSS] (MB): peak = 2687.929; parent = 2480.074; children = 207.854
Synthesis current peak Virtual Memory [VSS] (MB): peak = 4369.090; parent = 3399.332; children = 969.758
---------------------------------------------------------------------------------
---------------------------------------------------------------------------------
Start Loading Part and Timing Information
---------------------------------------------------------------------------------
Loading part: xcu55c-fsvh2892-2L-e
INFO: [Synth 8-6742] Reading net delay rules and data
---------------------------------------------------------------------------------
Finished Loading Part and Timing Information : Time (s): cpu = 00:00:09 ; elapsed = 00:00:10 . Memory (MB): peak = 3399.328 ; gain = 514.113 ; free physical = 17992 ; free virtual = 23026
Synthesis current peak Physical Memory [PSS] (MB): peak = 2687.929; parent = 2480.074; children = 207.854
Synthesis current peak Virtual Memory [VSS] (MB): peak = 4369.090; parent = 3399.332; children = 969.758
---------------------------------------------------------------------------------
---------------------------------------------------------------------------------
Start Applying 'set_property' XDC Constraints
---------------------------------------------------------------------------------
Applied set_property KEEP_HIERARCHY = SOFT for ii_level0_wire. (constraint file  auto generated constraint).
Applied set_property KEEP_HIERARCHY = SOFT for ulp_cmp. (constraint file  auto generated constraint).
Applied set_property KEEP_HIERARCHY = SOFT for satellite_gpio_slice_1. (constraint file  auto generated constraint).
Applied set_property KEEP_HIERARCHY = SOFT for ulp_ucs. (constraint file  auto generated constraint).
Applied set_property KEEP_HIERARCHY = SOFT for proc_sys_reset_ctrl_slr0. (constraint file  auto generated constraint).
Applied set_property KEEP_HIERARCHY = SOFT for proc_sys_reset_ctrl_slr1. (constraint file  auto generated constraint).
Applied set_property KEEP_HIERARCHY = SOFT for proc_sys_reset_ctrl_slr2. (constraint file  auto generated constraint).
Applied set_property KEEP_HIERARCHY = SOFT for proc_sys_reset_kernel_slr0. (constraint file  auto generated constraint).
Applied set_property KEEP_HIERARCHY = SOFT for proc_sys_reset_kernel_slr1. (constraint file  auto generated constraint).
Applied set_property KEEP_HIERARCHY = SOFT for proc_sys_reset_kernel_slr2. (constraint file  auto generated constraint).
Applied set_property KEEP_HIERARCHY = SOFT for proc_sys_reset_kernel2_slr0. (constraint file  auto generated constraint).
Applied set_property KEEP_HIERARCHY = SOFT for proc_sys_reset_kernel2_slr1. (constraint file  auto generated constraint).
Applied set_property KEEP_HIERARCHY = SOFT for proc_sys_reset_kernel2_slr2. (constraint file  auto generated constraint).
Applied set_property KEEP_HIERARCHY = SOFT for proc_sys_reset_freerun_slr0. (constraint file  auto generated constraint).
Applied set_property KEEP_HIERARCHY = SOFT for proc_sys_reset_freerun_slr1. (constraint file  auto generated constraint).
Applied set_property KEEP_HIERARCHY = SOFT for proc_sys_reset_freerun_slr2. (constraint file  auto generated constraint).
Applied set_property KEEP_HIERARCHY = SOFT for SLR0/interconnect_axilite_user/xbar. (constraint file  auto generated constraint).
Applied set_property KEEP_HIERARCHY = SOFT for SLR0/interconnect_axilite_user/s00_couplers/s00_regslice. (constraint file  auto generated constraint).
Applied set_property KEEP_HIERARCHY = SOFT for SLR0/interconnect_axilite_user/m00_couplers/m00_regslice. (constraint file  auto generated constraint).
Applied set_property KEEP_HIERARCHY = SOFT for SLR0/interconnect_axilite_user/m00_couplers/auto_cc. (constraint file  auto generated constraint).
Applied set_property KEEP_HIERARCHY = SOFT for SLR0/interconnect_axilite_user/m01_couplers/m01_regslice. (constraint file  auto generated constraint).
Applied set_property KEEP_HIERARCHY = SOFT for SLR0/interconnect_axilite_user/m01_couplers/auto_cc. (constraint file  auto generated constraint).
Applied set_property KEEP_HIERARCHY = SOFT for SLR0/interconnect_axilite_user/m02_couplers/m02_regslice. (constraint file  auto generated constraint).
Applied set_property KEEP_HIERARCHY = SOFT for SLR0/interconnect_axilite_user/m02_couplers/auto_cc. (constraint file  auto generated constraint).
Applied set_property KEEP_HIERARCHY = SOFT for SLR0/interconnect_axilite_user/m03_couplers/m03_regslice. (constraint file  auto generated constraint).
Applied set_property KEEP_HIERARCHY = SOFT for SLR0/interconnect_axilite_user/m03_couplers/auto_cc. (constraint file  auto generated constraint).
Applied set_property KEEP_HIERARCHY = SOFT for SLR0/interconnect_axilite_user/m04_couplers/m04_regslice. (constraint file  auto generated constraint).
Applied set_property KEEP_HIERARCHY = SOFT for SLR0/interconnect_axilite_user/m04_couplers/auto_cc. (constraint file  auto generated constraint).
Applied set_property KEEP_HIERARCHY = SOFT for SLR0/interconnect_axilite_user. (constraint file  auto generated constraint).
Applied set_property KEEP_HIERARCHY = SOFT for SLR0/axi_gpio_null. (constraint file  auto generated constraint).
Applied set_property KEEP_HIERARCHY = SOFT for SLR0/axi_vip_ctrl_userpf. (constraint file  auto generated constraint).
Applied set_property KEEP_HIERARCHY = SOFT for SLR0/regslice_control_userpf. (constraint file  auto generated constraint).
Applied set_property KEEP_HIERARCHY = SOFT for SLR1/interconnect_axilite_user/s00_couplers/s00_regslice. (constraint file  auto generated constraint).
Applied set_property KEEP_HIERARCHY = SOFT for SLR1/interconnect_axilite_user/s00_couplers/auto_cc. (constraint file  auto generated constraint).
Applied set_property KEEP_HIERARCHY = SOFT for SLR1/interconnect_axilite_user. (constraint file  auto generated constraint).
Applied set_property KEEP_HIERARCHY = SOFT for SLR1/axi_gpio_null. (constraint file  auto generated constraint).
Applied set_property KEEP_HIERARCHY = SOFT for SLR1/axi_vip_ctrl_userpf. (constraint file  auto generated constraint).
Applied set_property KEEP_HIERARCHY = SOFT for SLR1/regslice_control_userpf. (constraint file  auto generated constraint).
Applied set_property KEEP_HIERARCHY = SOFT for SLR2/interconnect_axilite_user/s00_couplers/s00_regslice. (constraint file  auto generated constraint).
Applied set_property KEEP_HIERARCHY = SOFT for SLR2/interconnect_axilite_user/s00_couplers/auto_cc. (constraint file  auto generated constraint).
Applied set_property KEEP_HIERARCHY = SOFT for SLR2/interconnect_axilite_user. (constraint file  auto generated constraint).
Applied set_property KEEP_HIERARCHY = SOFT for SLR2/axi_gpio_null. (constraint file  auto generated constraint).
Applied set_property KEEP_HIERARCHY = SOFT for SLR2/axi_vip_ctrl_userpf. (constraint file  auto generated constraint).
Applied set_property KEEP_HIERARCHY = SOFT for SLR2/regslice_control_userpf. (constraint file  auto generated constraint).
Applied set_property KEEP_HIERARCHY = SOFT for axi_ic_ctrl_mgmt_slr1/xbar. (constraint file  auto generated constraint).
Applied set_property KEEP_HIERARCHY = SOFT for axi_ic_ctrl_mgmt_slr1. (constraint file  auto generated constraint).
Applied set_property KEEP_HIERARCHY = SOFT for hmss_0. (constraint file  auto generated constraint).
Applied set_property KEEP_HIERARCHY = SOFT for axi_vip_data. (constraint file  auto generated constraint).
Applied set_property KEEP_HIERARCHY = SOFT for attention_score_u55c_kernel_1. (constraint file  auto generated constraint).
Applied set_property KEEP_HIERARCHY = SOFT for causal_mask_u55c_kernel_1. (constraint file  auto generated constraint).
Applied set_property KEEP_HIERARCHY = SOFT for score_scale_u55c_kernel_1. (constraint file  auto generated constraint).
Applied set_property KEEP_HIERARCHY = SOFT for softmax_u55c_kernel_1. (constraint file  auto generated constraint).
Applied set_property KEEP_HIERARCHY = SOFT for ii_level0_wire_ulp_s_irq_cu_00_1_interrupt_concat. (constraint file  auto generated constraint).
Applied set_property KEEP_HIERARCHY = SOFT for ii_level0_wire_ulp_s_irq_cu_00_1_interrupt_concat_0. (constraint file  auto generated constraint).
Applied set_property KEEP_HIERARCHY = SOFT for ii_level0_wire_ulp_s_irq_cu_00_1_interrupt_concat_1. (constraint file  auto generated constraint).
Applied set_property KEEP_HIERARCHY = SOFT for ii_level0_wire_ulp_s_irq_cu_00_1_interrupt_concat_2. (constraint file  auto generated constraint).
Applied set_property KEEP_HIERARCHY = SOFT for ii_level0_wire_ulp_s_irq_cu_00_1_interrupt_concat_3. (constraint file  auto generated constraint).
Applied set_property KEEP_HIERARCHY = SOFT for irq_const_tieoff. (constraint file  auto generated constraint).
---------------------------------------------------------------------------------
Finished applying 'set_property' XDC Constraints : Time (s): cpu = 00:00:09 ; elapsed = 00:00:10 . Memory (MB): peak = 3399.328 ; gain = 514.113 ; free physical = 17987 ; free virtual = 23021
Synthesis current peak Physical Memory [PSS] (MB): peak = 2687.929; parent = 2480.074; children = 207.854
Synthesis current peak Virtual Memory [VSS] (MB): peak = 4369.090; parent = 3399.332; children = 969.758
---------------------------------------------------------------------------------
---------------------------------------------------------------------------------
Finished RTL Optimization Phase 2 : Time (s): cpu = 00:00:09 ; elapsed = 00:00:10 . Memory (MB): peak = 3399.328 ; gain = 514.113 ; free physical = 17988 ; free virtual = 23024
Synthesis current peak Physical Memory [PSS] (MB): peak = 2687.929; parent = 2480.074; children = 207.854
Synthesis current peak Virtual Memory [VSS] (MB): peak = 4369.090; parent = 3399.332; children = 969.758
---------------------------------------------------------------------------------
---------------------------------------------------------------------------------
Start RTL Component Statistics 
---------------------------------------------------------------------------------
Detailed RTL Component Info : 
---------------------------------------------------------------------------------
Finished RTL Component Statistics 
---------------------------------------------------------------------------------
---------------------------------------------------------------------------------
Start Part Resource Summary
---------------------------------------------------------------------------------
Part Resources:
DSPs: 9024 (col length:94)
BRAMs: 4032 (col length: RAMB18 288 RAMB36 144)
---------------------------------------------------------------------------------
Finished Part Resource Summary
---------------------------------------------------------------------------------
---------------------------------------------------------------------------------
Start Cross Boundary and Area Optimization
---------------------------------------------------------------------------------
WARNING: [Synth 8-7080] Parallel synthesis criteria is not met
---------------------------------------------------------------------------------
Finished Cross Boundary and Area Optimization : Time (s): cpu = 00:00:10 ; elapsed = 00:00:11 . Memory (MB): peak = 3399.328 ; gain = 514.113 ; free physical = 17969 ; free virtual = 23013
Synthesis current peak Physical Memory [PSS] (MB): peak = 2687.929; parent = 2480.074; children = 207.854
Synthesis current peak Virtual Memory [VSS] (MB): peak = 4369.090; parent = 3399.332; children = 969.758
---------------------------------------------------------------------------------
---------------------------------------------------------------------------------
Start Applying XDC Timing Constraints
---------------------------------------------------------------------------------
WARNING: [Synth 8-565] redefining clock 'blp_s_aclk_ctrl_00'
WARNING: [Synth 8-565] redefining clock 'blp_s_aclk_freerun_ref_00'
WARNING: [Synth 8-565] redefining clock 'blp_s_aclk_pcie_00'
---------------------------------------------------------------------------------
Finished Applying XDC Timing Constraints : Time (s): cpu = 00:00:16 ; elapsed = 00:00:17 . Memory (MB): peak = 3741.086 ; gain = 855.871 ; free physical = 17457 ; free virtual = 22501
Synthesis current peak Physical Memory [PSS] (MB): peak = 3182.810; parent = 2975.570; children = 207.854
Synthesis current peak Virtual Memory [VSS] (MB): peak = 4710.848; parent = 3741.090; children = 969.758
---------------------------------------------------------------------------------
---------------------------------------------------------------------------------
Start Timing Optimization
---------------------------------------------------------------------------------
---------------------------------------------------------------------------------
Finished Timing Optimization : Time (s): cpu = 00:00:16 ; elapsed = 00:00:18 . Memory (MB): peak = 3743.086 ; gain = 857.871 ; free physical = 17453 ; free virtual = 22497
Synthesis current peak Physical Memory [PSS] (MB): peak = 3184.720; parent = 2977.480; children = 207.854
Synthesis current peak Virtual Memory [VSS] (MB): peak = 4712.848; parent = 3743.090; children = 969.758
---------------------------------------------------------------------------------
---------------------------------------------------------------------------------
Start Technology Mapping
---------------------------------------------------------------------------------
---------------------------------------------------------------------------------
Finished Technology Mapping : Time (s): cpu = 00:00:16 ; elapsed = 00:00:18 . Memory (MB): peak = 3763.125 ; gain = 877.910 ; free physical = 17448 ; free virtual = 22492
Synthesis current peak Physical Memory [PSS] (MB): peak = 3189.103; parent = 2981.863; children = 207.854
Synthesis current peak Virtual Memory [VSS] (MB): peak = 4732.887; parent = 3763.129; children = 969.758
---------------------------------------------------------------------------------
---------------------------------------------------------------------------------
Start IO Insertion
---------------------------------------------------------------------------------
---------------------------------------------------------------------------------
Start Flattening Before IO Insertion
---------------------------------------------------------------------------------
---------------------------------------------------------------------------------
Finished Flattening Before IO Insertion
---------------------------------------------------------------------------------
---------------------------------------------------------------------------------
Start Final Netlist Cleanup
---------------------------------------------------------------------------------
---------------------------------------------------------------------------------
Finished Final Netlist Cleanup
---------------------------------------------------------------------------------
---------------------------------------------------------------------------------
Finished IO Insertion : Time (s): cpu = 00:00:18 ; elapsed = 00:00:20 . Memory (MB): peak = 3771.062 ; gain = 885.848 ; free physical = 17451 ; free virtual = 22495
Synthesis current peak Physical Memory [PSS] (MB): peak = 3189.302; parent = 2982.062; children = 207.854
Synthesis current peak Virtual Memory [VSS] (MB): peak = 4740.824; parent = 3771.066; children = 969.758
---------------------------------------------------------------------------------
---------------------------------------------------------------------------------
Start Renaming Generated Instances
---------------------------------------------------------------------------------
---------------------------------------------------------------------------------
Finished Renaming Generated Instances : Time (s): cpu = 00:00:18 ; elapsed = 00:00:20 . Memory (MB): peak = 3771.062 ; gain = 885.848 ; free physical = 17450 ; free virtual = 22494
Synthesis current peak Physical Memory [PSS] (MB): peak = 3189.302; parent = 2982.062; children = 207.854
Synthesis current peak Virtual Memory [VSS] (MB): peak = 4740.824; parent = 3771.066; children = 969.758
---------------------------------------------------------------------------------
---------------------------------------------------------------------------------
Start Rebuilding User Hierarchy
---------------------------------------------------------------------------------
---------------------------------------------------------------------------------
Finished Rebuilding User Hierarchy : Time (s): cpu = 00:00:18 ; elapsed = 00:00:20 . Memory (MB): peak = 3771.062 ; gain = 885.848 ; free physical = 17456 ; free virtual = 22499
Synthesis current peak Physical Memory [PSS] (MB): peak = 3189.935; parent = 2982.695; children = 207.854
Synthesis current peak Virtual Memory [VSS] (MB): peak = 4740.824; parent = 3771.066; children = 969.758
---------------------------------------------------------------------------------
---------------------------------------------------------------------------------
Start Renaming Generated Ports
---------------------------------------------------------------------------------
---------------------------------------------------------------------------------
Finished Renaming Generated Ports : Time (s): cpu = 00:00:18 ; elapsed = 00:00:20 . Memory (MB): peak = 3771.062 ; gain = 885.848 ; free physical = 17453 ; free virtual = 22497
Synthesis current peak Physical Memory [PSS] (MB): peak = 3189.997; parent = 2982.758; children = 207.854
Synthesis current peak Virtual Memory [VSS] (MB): peak = 4740.824; parent = 3771.066; children = 969.758
---------------------------------------------------------------------------------
---------------------------------------------------------------------------------
Start Handling Custom Attributes
---------------------------------------------------------------------------------
---------------------------------------------------------------------------------
Finished Handling Custom Attributes : Time (s): cpu = 00:00:18 ; elapsed = 00:00:20 . Memory (MB): peak = 3771.062 ; gain = 885.848 ; free physical = 17451 ; free virtual = 22495
Synthesis current peak Physical Memory [PSS] (MB): peak = 3189.997; parent = 2982.758; children = 207.854
Synthesis current peak Virtual Memory [VSS] (MB): peak = 4740.824; parent = 3771.066; children = 969.758
---------------------------------------------------------------------------------
---------------------------------------------------------------------------------
Start Renaming Generated Nets
---------------------------------------------------------------------------------
---------------------------------------------------------------------------------
Finished Renaming Generated Nets : Time (s): cpu = 00:00:18 ; elapsed = 00:00:20 . Memory (MB): peak = 3771.062 ; gain = 885.848 ; free physical = 17449 ; free virtual = 22493
Synthesis current peak Physical Memory [PSS] (MB): peak = 3190.083; parent = 2982.844; children = 207.854
Synthesis current peak Virtual Memory [VSS] (MB): peak = 4740.824; parent = 3771.066; children = 969.758
---------------------------------------------------------------------------------
---------------------------------------------------------------------------------
Start Writing Synthesis Report
---------------------------------------------------------------------------------

Report BlackBoxes: 
+------+------------------------------------+----------+
|      |BlackBox name                       |Instances |
+------+------------------------------------+----------+
|1     |ulp_xbar_0                          |         1|
|2     |ulp_attention_score_u55c_kernel_1_0 |         1|
|3     |ulp_axi_vip_data_0                  |         1|
|4     |ulp_causal_mask_u55c_kernel_1_0     |         1|
|5     |ulp_hmss_0_0                        |         1|
|6     |ulp_ii_level0_wire_0                |         1|
|7     |ulp_proc_sys_reset_ctrl_slr0_0      |         1|
|8     |ulp_proc_sys_reset_ctrl_slr1_0      |         1|
|9     |ulp_proc_sys_reset_ctrl_slr2_0      |         1|
|10    |ulp_proc_sys_reset_freerun_slr0_0   |         1|
|11    |ulp_proc_sys_reset_freerun_slr1_0   |         1|
|12    |ulp_proc_sys_reset_freerun_slr2_0   |         1|
|13    |ulp_proc_sys_reset_kernel2_slr0_0   |         1|
|14    |ulp_proc_sys_reset_kernel2_slr1_0   |         1|
|15    |ulp_proc_sys_reset_kernel2_slr2_0   |         1|
|16    |ulp_proc_sys_reset_kernel_slr0_0    |         1|
|17    |ulp_proc_sys_reset_kernel_slr1_0    |         1|
|18    |ulp_proc_sys_reset_kernel_slr2_0    |         1|
|19    |ulp_score_scale_u55c_kernel_1_0     |         1|
|20    |ulp_softmax_u55c_kernel_1_0         |         1|
|21    |ulp_ulp_cmp_0                       |         1|
|22    |ulp_ulp_ucs_0                       |         1|
|23    |ulp_xbar_1                          |         1|
|24    |ulp_auto_cc_0                       |         1|
|25    |ulp_m00_regslice_0                  |         1|
|26    |ulp_auto_cc_1                       |         1|
|27    |ulp_m01_regslice_0                  |         1|
|28    |ulp_auto_cc_2                       |         1|
|29    |ulp_m02_regslice_0                  |         1|
|30    |ulp_auto_cc_3                       |         1|
|31    |ulp_m03_regslice_0                  |         1|
|32    |ulp_auto_cc_4                       |         1|
|33    |ulp_m04_regslice_0                  |         1|
|34    |ulp_s00_regslice_15                 |         1|
|35    |ulp_axi_gpio_null_0                 |         1|
|36    |ulp_axi_vip_ctrl_userpf_0           |         1|
|37    |ulp_regslice_control_userpf_0       |         1|
|38    |ulp_auto_cc_5                       |         1|
|39    |ulp_s00_regslice_16                 |         1|
|40    |ulp_axi_gpio_null_1                 |         1|
|41    |ulp_axi_vip_ctrl_userpf_1           |         1|
|42    |ulp_regslice_control_userpf_1       |         1|
|43    |ulp_auto_cc_6                       |         1|
|44    |ulp_s00_regslice_17                 |         1|
|45    |ulp_axi_gpio_null_2                 |         1|
|46    |ulp_axi_vip_ctrl_userpf_2           |         1|
|47    |ulp_regslice_control_userpf_2       |         1|
+------+------------------------------------+----------+

Report Cell Usage: 
+------+----------------------------------+------+
|      |Cell                              |Count |
+------+----------------------------------+------+
|1     |ulp_attention_score_u55c_kernel_1 |     1|
|2     |ulp_auto_cc                       |     7|
|9     |ulp_axi_gpio_null                 |     3|
|12    |ulp_axi_vip_ctrl_userpf           |     3|
|15    |ulp_axi_vip_data                  |     1|
|16    |ulp_causal_mask_u55c_kernel_1     |     1|
|17    |ulp_hmss_0                        |     1|
|18    |ulp_ii_level0_wire                |     1|
|19    |ulp_m00_regslice                  |     1|
|20    |ulp_m01_regslice                  |     1|
|21    |ulp_m02_regslice                  |     1|
|22    |ulp_m03_regslice                  |     1|
|23    |ulp_m04_regslice                  |     1|
|24    |ulp_proc_sys_reset_ctrl_slr0      |     1|
|25    |ulp_proc_sys_reset_ctrl_slr1      |     1|
|26    |ulp_proc_sys_reset_ctrl_slr2      |     1|
|27    |ulp_proc_sys_reset_freerun_slr0   |     1|
|28    |ulp_proc_sys_reset_freerun_slr1   |     1|
|29    |ulp_proc_sys_reset_freerun_slr2   |     1|
|30    |ulp_proc_sys_reset_kernel2_slr0   |     1|
|31    |ulp_proc_sys_reset_kernel2_slr1   |     1|
|32    |ulp_proc_sys_reset_kernel2_slr2   |     1|
|33    |ulp_proc_sys_reset_kernel_slr0    |     1|
|34    |ulp_proc_sys_reset_kernel_slr1    |     1|
|35    |ulp_proc_sys_reset_kernel_slr2    |     1|
|36    |ulp_regslice_control_userpf       |     3|
|39    |ulp_s00_regslice                  |     3|
|42    |ulp_score_scale_u55c_kernel_1     |     1|
|43    |ulp_softmax_u55c_kernel_1         |     1|
|44    |ulp_ulp_cmp                       |     1|
|45    |ulp_ulp_ucs                       |     1|
|46    |ulp_xbar                          |     2|
+------+----------------------------------+------+
---------------------------------------------------------------------------------
Finished Writing Synthesis Report : Time (s): cpu = 00:00:18 ; elapsed = 00:00:20 . Memory (MB): peak = 3771.062 ; gain = 885.848 ; free physical = 17449 ; free virtual = 22492
Synthesis current peak Physical Memory [PSS] (MB): peak = 3190.083; parent = 2982.844; children = 207.854
Synthesis current peak Virtual Memory [VSS] (MB): peak = 4740.824; parent = 3771.066; children = 969.758
---------------------------------------------------------------------------------
Synthesis finished with 0 errors, 0 critical warnings and 117 warnings.
Synthesis Optimization Runtime : Time (s): cpu = 00:00:14 ; elapsed = 00:00:16 . Memory (MB): peak = 3771.062 ; gain = 846.156 ; free physical = 17490 ; free virtual = 22533
Synthesis Optimization Complete : Time (s): cpu = 00:00:18 ; elapsed = 00:00:20 . Memory (MB): peak = 3771.070 ; gain = 885.848 ; free physical = 17488 ; free virtual = 22532
INFO: [Project 1-571] Translating synthesized netlist
Netlist sorting complete. Time (s): cpu = 00:00:00.05 ; elapsed = 00:00:00.05 . Memory (MB): peak = 3771.070 ; gain = 0.000 ; free physical = 17593 ; free virtual = 22637
INFO: [Project 1-570] Preparing netlist for logic optimization
INFO: [Opt 31-138] Pushed 0 inverter(s) to 0 load pin(s).
Netlist sorting complete. Time (s): cpu = 00:00:00 ; elapsed = 00:00:00 . Memory (MB): peak = 3863.352 ; gain = 0.000 ; free physical = 17471 ; free virtual = 22515
INFO: [Project 1-111] Unisim Transformation Summary:
No Unisim elements were transformed.

Synth Design complete, checksum: 1d59679a
INFO: [Common 17-83] Releasing license: Synthesis
181 Infos, 255 Warnings, 0 Critical Warnings and 0 Errors encountered.
synth_design completed successfully
synth_design: Time (s): cpu = 00:00:25 ; elapsed = 00:00:26 . Memory (MB): peak = 3869.289 ; gain = 2321.668 ; free physical = 17683 ; free virtual = 22727
INFO: [Common 17-600] The following parameters have non-default value.
general.maxThreads
INFO: [Coretcl 2-1174] Renamed 11 cell refs.
INFO: [Common 17-1381] The checkpoint '/home/advent/Desktop/RC19/_x/link/vivado/vpl/prj/prj.runs/my_rm_synth_1/ulp.dcp' has been generated.
INFO: [Common 17-206] Exiting Vivado at Mon Apr 27 18:58:16 2026...
