
*** Running vivado
    with args -log ulp_attention_score_u55c_kernel_1_0.vds -m64 -product Vivado -mode batch -messageDb vivado.pb -notrace -source ulp_attention_score_u55c_kernel_1_0.tcl


****** Vivado v2022.2 (64-bit)
  **** SW Build 3671981 on Fri Oct 14 04:59:54 MDT 2022
  **** IP Build 3669848 on Fri Oct 14 08:30:02 MDT 2022
    ** Copyright 1986-2022 Xilinx, Inc. All Rights Reserved.

source ulp_attention_score_u55c_kernel_1_0.tcl -notrace
INFO: Dispatch client connection id - 37729
INFO: [IP_Flow 19-234] Refreshing IP repositories
INFO: [IP_Flow 19-1700] Loaded user IP repository '/home/advent/Desktop/RC19/_x/link/int/xo/ip_repo/xilinx_com_hls_softmax_u55c_kernel_1_0'.
INFO: [IP_Flow 19-1700] Loaded user IP repository '/home/advent/Desktop/RC19/_x/link/int/xo/ip_repo/xilinx_com_hls_attention_score_u55c_kernel_1_0'.
INFO: [IP_Flow 19-1700] Loaded user IP repository '/home/advent/Desktop/RC19/_x/link/int/xo/ip_repo/xilinx_com_hls_causal_mask_u55c_kernel_1_0'.
INFO: [IP_Flow 19-1700] Loaded user IP repository '/home/advent/Desktop/RC19/_x/link/int/xo/ip_repo/xilinx_com_hls_score_scale_u55c_kernel_1_0'.
INFO: [IP_Flow 19-1700] Loaded user IP repository '/home/advent/Desktop/RC19/_x/link/vivado/vpl/.local/hw_platform/iprepo'.
INFO: [IP_Flow 19-1700] Loaded user IP repository '/home/advent/Desktop/RC19/_x/link/vivado/vpl/.local/hw_platform/ipcache'.
INFO: [IP_Flow 19-1700] Loaded user IP repository '/home/advent/Vivado/Vitis/2022.2/data/ip'.
INFO: [IP_Flow 19-2313] Loaded Vivado IP repository '/home/advent/Vivado/Vivado/2022.2/data/ip'.
WARNING: [IP_Flow 19-1663] Duplicate IP found for 'xilinx.com:ip:clk_metadata_adapter:1.0'. The one found in IP location '/home/advent/Desktop/RC19/_x/link/vivado/vpl/.local/hw_platform/iprepo/ipdefs/pxi_ii_infra/clk_metadata_adapter_v1_0' will take precedence over the same IP in location /home/advent/Desktop/RC19/_x/link/vivado/vpl/.local/hw_platform/iprepo/ipdefs/other_ipdefs/clk_metadata_adapter_v1_0
WARNING: [IP_Flow 19-1663] Duplicate IP found for 'xilinx.com:ip:pipeline_reg:1.0'. The one found in IP location '/home/advent/Desktop/RC19/_x/link/vivado/vpl/.local/hw_platform/iprepo/ipdefs/pxi_ii_infra/pipeline_reg_v1_0' will take precedence over the same IP in location /home/advent/Desktop/RC19/_x/link/vivado/vpl/.local/hw_platform/iprepo/ipdefs/other_ipdefs/pipeline_reg_v1_0
WARNING: [IP_Flow 19-1663] Duplicate IP found for 'xilinx.com:ip:axi_clk_metadata_adapter:1.0'. The one found in IP location '/home/advent/Desktop/RC19/_x/link/vivado/vpl/.local/hw_platform/iprepo/ipdefs/other_ipdefs/axi_clk_metadata_adapter_v1_0' will take precedence over the same IP in location /home/advent/Desktop/RC19/_x/link/vivado/vpl/.local/hw_platform/iprepo/ipdefs/pxi_ii_infra/axi_clk_metadata_adapter_v1_0
WARNING: [IP_Flow 19-1663] Duplicate IP found for 'xilinx.com:ip:shell_utils_build_info:1.0'. The one found in IP location '/home/advent/Desktop/RC19/_x/link/vivado/vpl/.local/hw_platform/iprepo/ipdefs/other_ipdefs/shell_utils_build_info_v1_0' will take precedence over the same IP in the Xilinx installed IP.
WARNING: [IP_Flow 19-1663] Duplicate IP found for 'xilinx.com:ip:axis_clk_metadata_adapter:1.0'. The one found in IP location '/home/advent/Desktop/RC19/_x/link/vivado/vpl/.local/hw_platform/iprepo/ipdefs/other_ipdefs/axis_clk_metadata_adapter_v1_0' will take precedence over the same IP in location /home/advent/Desktop/RC19/_x/link/vivado/vpl/.local/hw_platform/iprepo/ipdefs/pxi_ii_infra/axis_clk_metadata_adapter_v1_0
INFO: [IP_Flow 19-6924] IPCACHE: Running cache check for IP inst: ulp_attention_score_u55c_kernel_1_0
Command: synth_design -top ulp_attention_score_u55c_kernel_1_0 -part xcu55c-fsvh2892-2L-e -directive sdx_optimization_effort_high -incremental_mode off -mode out_of_context
Starting synth_design
Attempting to get a license for feature 'Synthesis' and/or device 'xcu55c'
INFO: [Common 17-349] Got license for feature 'Synthesis' and/or device 'xcu55c'
INFO: [Device 21-403] Loading part xcu55c-fsvh2892-2L-e
INFO: [Synth 8-7079] Multithreading enabled for synth_design using a maximum of 1 processes.
INFO: [Synth 8-7078] Launching helper process for spawning children vivado processes
INFO: [Synth 8-7075] Helper process launched with PID 75064
INFO: [Synth 8-11241] undeclared symbol 'REGCCE', assumed default net type 'wire' [/home/advent/Vivado/Vivado/2022.2/data/verilog/src/unimacro/BRAM_SINGLE_MACRO.v:2170]
---------------------------------------------------------------------------------
Starting RTL Elaboration : Time (s): cpu = 00:00:03 ; elapsed = 00:00:03 . Memory (MB): peak = 3089.078 ; gain = 357.734 ; free physical = 7264 ; free virtual = 12206
Synthesis current peak Physical Memory [PSS] (MB): peak = 2339.603; parent = 2167.310; children = 172.293
Synthesis current peak Virtual Memory [VSS] (MB): peak = 4008.266; parent = 3098.988; children = 909.277
---------------------------------------------------------------------------------
INFO: [Synth 8-6157] synthesizing module 'ulp_attention_score_u55c_kernel_1_0' [/home/advent/Desktop/RC19/_x/link/vivado/vpl/prj/prj.gen/my_rm/bd/ulp/ip/ulp_attention_score_u55c_kernel_1_0/synth/ulp_attention_score_u55c_kernel_1_0.v:53]
INFO: [Synth 8-6157] synthesizing module 'attention_score_u55c_kernel' [/home/advent/Desktop/RC19/_x/link/vivado/vpl/prj/prj.gen/my_rm/bd/ulp/ipshared/b5c7/hdl/verilog/attention_score_u55c_kernel.v:10]
INFO: [Synth 8-6157] synthesizing module 'attention_score_u55c_kernel_q_local_V_RAM_1WNR_AUTO_1R1W' [/home/advent/Desktop/RC19/_x/link/vivado/vpl/prj/prj.gen/my_rm/bd/ulp/ipshared/b5c7/hdl/verilog/attention_score_u55c_kernel_q_local_V_RAM_1WNR_AUTO_1R1W.v:7]
INFO: [Synth 8-6155] done synthesizing module 'attention_score_u55c_kernel_q_local_V_RAM_1WNR_AUTO_1R1W' (0#1) [/home/advent/Desktop/RC19/_x/link/vivado/vpl/prj/prj.gen/my_rm/bd/ulp/ipshared/b5c7/hdl/verilog/attention_score_u55c_kernel_q_local_V_RAM_1WNR_AUTO_1R1W.v:7]
INFO: [Synth 8-6157] synthesizing module 'attention_score_u55c_kernel_k_local_V_RAM_1WNR_AUTO_1R1W' [/home/advent/Desktop/RC19/_x/link/vivado/vpl/prj/prj.gen/my_rm/bd/ulp/ipshared/b5c7/hdl/verilog/attention_score_u55c_kernel_k_local_V_RAM_1WNR_AUTO_1R1W.v:7]
INFO: [Synth 8-6155] done synthesizing module 'attention_score_u55c_kernel_k_local_V_RAM_1WNR_AUTO_1R1W' (0#1) [/home/advent/Desktop/RC19/_x/link/vivado/vpl/prj/prj.gen/my_rm/bd/ulp/ipshared/b5c7/hdl/verilog/attention_score_u55c_kernel_k_local_V_RAM_1WNR_AUTO_1R1W.v:7]
INFO: [Synth 8-6157] synthesizing module 'attention_score_u55c_kernel_score_local_RAM_AUTO_1R1W' [/home/advent/Desktop/RC19/_x/link/vivado/vpl/prj/prj.gen/my_rm/bd/ulp/ipshared/b5c7/hdl/verilog/attention_score_u55c_kernel_score_local_RAM_AUTO_1R1W.v:7]
INFO: [Synth 8-6155] done synthesizing module 'attention_score_u55c_kernel_score_local_RAM_AUTO_1R1W' (0#1) [/home/advent/Desktop/RC19/_x/link/vivado/vpl/prj/prj.gen/my_rm/bd/ulp/ipshared/b5c7/hdl/verilog/attention_score_u55c_kernel_score_local_RAM_AUTO_1R1W.v:7]
INFO: [Synth 8-6157] synthesizing module 'attention_score_u55c_kernel_attention_score_u55c_kernel_Pipeline_VITIS_LOOP_58_2' [/home/advent/Desktop/RC19/_x/link/vivado/vpl/prj/prj.gen/my_rm/bd/ulp/ipshared/b5c7/hdl/verilog/attention_score_u55c_kernel_attention_score_u55c_kernel_Pipeline_VITIS_LOOP_58_2.v:10]
INFO: [Synth 8-6157] synthesizing module 'attention_score_u55c_kernel_flow_control_loop_pipe_sequential_init' [/home/advent/Desktop/RC19/_x/link/vivado/vpl/prj/prj.gen/my_rm/bd/ulp/ipshared/b5c7/hdl/verilog/attention_score_u55c_kernel_flow_control_loop_pipe_sequential_init.v:9]
INFO: [Synth 8-6155] done synthesizing module 'attention_score_u55c_kernel_flow_control_loop_pipe_sequential_init' (0#1) [/home/advent/Desktop/RC19/_x/link/vivado/vpl/prj/prj.gen/my_rm/bd/ulp/ipshared/b5c7/hdl/verilog/attention_score_u55c_kernel_flow_control_loop_pipe_sequential_init.v:9]
INFO: [Synth 8-6155] done synthesizing module 'attention_score_u55c_kernel_attention_score_u55c_kernel_Pipeline_VITIS_LOOP_58_2' (0#1) [/home/advent/Desktop/RC19/_x/link/vivado/vpl/prj/prj.gen/my_rm/bd/ulp/ipshared/b5c7/hdl/verilog/attention_score_u55c_kernel_attention_score_u55c_kernel_Pipeline_VITIS_LOOP_58_2.v:10]
INFO: [Synth 8-6157] synthesizing module 'attention_score_u55c_kernel_attention_score_core_hls' [/home/advent/Desktop/RC19/_x/link/vivado/vpl/prj/prj.gen/my_rm/bd/ulp/ipshared/b5c7/hdl/verilog/attention_score_u55c_kernel_attention_score_core_hls.v:10]
INFO: [Synth 8-6157] synthesizing module 'attention_score_u55c_kernel_mul_8s_8s_16_1_1' [/home/advent/Desktop/RC19/_x/link/vivado/vpl/prj/prj.gen/my_rm/bd/ulp/ipshared/b5c7/hdl/verilog/attention_score_u55c_kernel_mul_8s_8s_16_1_1.v:9]
INFO: [Synth 8-6155] done synthesizing module 'attention_score_u55c_kernel_mul_8s_8s_16_1_1' (0#1) [/home/advent/Desktop/RC19/_x/link/vivado/vpl/prj/prj.gen/my_rm/bd/ulp/ipshared/b5c7/hdl/verilog/attention_score_u55c_kernel_mul_8s_8s_16_1_1.v:9]
INFO: [Synth 8-6157] synthesizing module 'attention_score_u55c_kernel_mac_muladd_8s_8s_16s_17_4_1' [/home/advent/Desktop/RC19/_x/link/vivado/vpl/prj/prj.gen/my_rm/bd/ulp/ipshared/b5c7/hdl/verilog/attention_score_u55c_kernel_mac_muladd_8s_8s_16s_17_4_1.v:47]
INFO: [Synth 8-6157] synthesizing module 'attention_score_u55c_kernel_mac_muladd_8s_8s_16s_17_4_1_DSP48_0' [/home/advent/Desktop/RC19/_x/link/vivado/vpl/prj/prj.gen/my_rm/bd/ulp/ipshared/b5c7/hdl/verilog/attention_score_u55c_kernel_mac_muladd_8s_8s_16s_17_4_1.v:8]
INFO: [Synth 8-6155] done synthesizing module 'attention_score_u55c_kernel_mac_muladd_8s_8s_16s_17_4_1_DSP48_0' (0#1) [/home/advent/Desktop/RC19/_x/link/vivado/vpl/prj/prj.gen/my_rm/bd/ulp/ipshared/b5c7/hdl/verilog/attention_score_u55c_kernel_mac_muladd_8s_8s_16s_17_4_1.v:8]
INFO: [Synth 8-6155] done synthesizing module 'attention_score_u55c_kernel_mac_muladd_8s_8s_16s_17_4_1' (0#1) [/home/advent/Desktop/RC19/_x/link/vivado/vpl/prj/prj.gen/my_rm/bd/ulp/ipshared/b5c7/hdl/verilog/attention_score_u55c_kernel_mac_muladd_8s_8s_16s_17_4_1.v:47]
INFO: [Synth 8-6155] done synthesizing module 'attention_score_u55c_kernel_attention_score_core_hls' (0#1) [/home/advent/Desktop/RC19/_x/link/vivado/vpl/prj/prj.gen/my_rm/bd/ulp/ipshared/b5c7/hdl/verilog/attention_score_u55c_kernel_attention_score_core_hls.v:10]
INFO: [Synth 8-6157] synthesizing module 'attention_score_u55c_kernel_attention_score_u55c_kernel_Pipeline_VITIS_LOOP_65_4' [/home/advent/Desktop/RC19/_x/link/vivado/vpl/prj/prj.gen/my_rm/bd/ulp/ipshared/b5c7/hdl/verilog/attention_score_u55c_kernel_attention_score_u55c_kernel_Pipeline_VITIS_LOOP_65_4.v:10]
INFO: [Synth 8-6155] done synthesizing module 'attention_score_u55c_kernel_attention_score_u55c_kernel_Pipeline_VITIS_LOOP_65_4' (0#1) [/home/advent/Desktop/RC19/_x/link/vivado/vpl/prj/prj.gen/my_rm/bd/ulp/ipshared/b5c7/hdl/verilog/attention_score_u55c_kernel_attention_score_u55c_kernel_Pipeline_VITIS_LOOP_65_4.v:10]
INFO: [Synth 8-6157] synthesizing module 'attention_score_u55c_kernel_attention_score_u55c_kernel_Pipeline_VITIS_LOOP_78_5_VITIS_LOOP_79_6' [/home/advent/Desktop/RC19/_x/link/vivado/vpl/prj/prj.gen/my_rm/bd/ulp/ipshared/b5c7/hdl/verilog/attention_score_u55c_kernel_attention_score_u55c_kernel_Pipeline_VITIS_LOOP_78_5_VITIS_LOOP_79_6.v:10]
INFO: [Synth 8-6155] done synthesizing module 'attention_score_u55c_kernel_attention_score_u55c_kernel_Pipeline_VITIS_LOOP_78_5_VITIS_LOOP_79_6' (0#1) [/home/advent/Desktop/RC19/_x/link/vivado/vpl/prj/prj.gen/my_rm/bd/ulp/ipshared/b5c7/hdl/verilog/attention_score_u55c_kernel_attention_score_u55c_kernel_Pipeline_VITIS_LOOP_78_5_VITIS_LOOP_79_6.v:10]
INFO: [Synth 8-6157] synthesizing module 'attention_score_u55c_kernel_control_s_axi' [/home/advent/Desktop/RC19/_x/link/vivado/vpl/prj/prj.gen/my_rm/bd/ulp/ipshared/b5c7/hdl/verilog/attention_score_u55c_kernel_control_s_axi.v:7]
INFO: [Synth 8-155] case statement is not full and has no default [/home/advent/Desktop/RC19/_x/link/vivado/vpl/prj/prj.gen/my_rm/bd/ulp/ipshared/b5c7/hdl/verilog/attention_score_u55c_kernel_control_s_axi.v:240]
INFO: [Synth 8-6155] done synthesizing module 'attention_score_u55c_kernel_control_s_axi' (0#1) [/home/advent/Desktop/RC19/_x/link/vivado/vpl/prj/prj.gen/my_rm/bd/ulp/ipshared/b5c7/hdl/verilog/attention_score_u55c_kernel_control_s_axi.v:7]
INFO: [Synth 8-6157] synthesizing module 'attention_score_u55c_kernel_gmem0_m_axi' [/home/advent/Desktop/RC19/_x/link/vivado/vpl/prj/prj.gen/my_rm/bd/ulp/ipshared/b5c7/hdl/verilog/attention_score_u55c_kernel_gmem0_m_axi.v:11]
INFO: [Synth 8-6157] synthesizing module 'attention_score_u55c_kernel_gmem0_m_axi_store' [/home/advent/Desktop/RC19/_x/link/vivado/vpl/prj/prj.gen/my_rm/bd/ulp/ipshared/b5c7/hdl/verilog/attention_score_u55c_kernel_gmem0_m_axi.v:781]
INFO: [Synth 8-6157] synthesizing module 'attention_score_u55c_kernel_gmem0_m_axi_fifo' [/home/advent/Desktop/RC19/_x/link/vivado/vpl/prj/prj.gen/my_rm/bd/ulp/ipshared/b5c7/hdl/verilog/attention_score_u55c_kernel_gmem0_m_axi.v:2551]
INFO: [Synth 8-6157] synthesizing module 'attention_score_u55c_kernel_gmem0_m_axi_srl' [/home/advent/Desktop/RC19/_x/link/vivado/vpl/prj/prj.gen/my_rm/bd/ulp/ipshared/b5c7/hdl/verilog/attention_score_u55c_kernel_gmem0_m_axi.v:2729]
INFO: [Synth 8-6155] done synthesizing module 'attention_score_u55c_kernel_gmem0_m_axi_srl' (0#1) [/home/advent/Desktop/RC19/_x/link/vivado/vpl/prj/prj.gen/my_rm/bd/ulp/ipshared/b5c7/hdl/verilog/attention_score_u55c_kernel_gmem0_m_axi.v:2729]
INFO: [Synth 8-6155] done synthesizing module 'attention_score_u55c_kernel_gmem0_m_axi_fifo' (0#1) [/home/advent/Desktop/RC19/_x/link/vivado/vpl/prj/prj.gen/my_rm/bd/ulp/ipshared/b5c7/hdl/verilog/attention_score_u55c_kernel_gmem0_m_axi.v:2551]
INFO: [Synth 8-6157] synthesizing module 'attention_score_u55c_kernel_gmem0_m_axi_fifo__parameterized0' [/home/advent/Desktop/RC19/_x/link/vivado/vpl/prj/prj.gen/my_rm/bd/ulp/ipshared/b5c7/hdl/verilog/attention_score_u55c_kernel_gmem0_m_axi.v:2551]
INFO: [Synth 8-6157] synthesizing module 'attention_score_u55c_kernel_gmem0_m_axi_mem' [/home/advent/Desktop/RC19/_x/link/vivado/vpl/prj/prj.gen/my_rm/bd/ulp/ipshared/b5c7/hdl/verilog/attention_score_u55c_kernel_gmem0_m_axi.v:2783]
INFO: [Synth 8-6155] done synthesizing module 'attention_score_u55c_kernel_gmem0_m_axi_mem' (0#1) [/home/advent/Desktop/RC19/_x/link/vivado/vpl/prj/prj.gen/my_rm/bd/ulp/ipshared/b5c7/hdl/verilog/attention_score_u55c_kernel_gmem0_m_axi.v:2783]
INFO: [Synth 8-6155] done synthesizing module 'attention_score_u55c_kernel_gmem0_m_axi_fifo__parameterized0' (0#1) [/home/advent/Desktop/RC19/_x/link/vivado/vpl/prj/prj.gen/my_rm/bd/ulp/ipshared/b5c7/hdl/verilog/attention_score_u55c_kernel_gmem0_m_axi.v:2551]
INFO: [Synth 8-6157] synthesizing module 'attention_score_u55c_kernel_gmem0_m_axi_fifo__parameterized1' [/home/advent/Desktop/RC19/_x/link/vivado/vpl/prj/prj.gen/my_rm/bd/ulp/ipshared/b5c7/hdl/verilog/attention_score_u55c_kernel_gmem0_m_axi.v:2551]
INFO: [Synth 8-6157] synthesizing module 'attention_score_u55c_kernel_gmem0_m_axi_srl__parameterized0' [/home/advent/Desktop/RC19/_x/link/vivado/vpl/prj/prj.gen/my_rm/bd/ulp/ipshared/b5c7/hdl/verilog/attention_score_u55c_kernel_gmem0_m_axi.v:2729]
INFO: [Synth 8-6155] done synthesizing module 'attention_score_u55c_kernel_gmem0_m_axi_srl__parameterized0' (0#1) [/home/advent/Desktop/RC19/_x/link/vivado/vpl/prj/prj.gen/my_rm/bd/ulp/ipshared/b5c7/hdl/verilog/attention_score_u55c_kernel_gmem0_m_axi.v:2729]
INFO: [Synth 8-6155] done synthesizing module 'attention_score_u55c_kernel_gmem0_m_axi_fifo__parameterized1' (0#1) [/home/advent/Desktop/RC19/_x/link/vivado/vpl/prj/prj.gen/my_rm/bd/ulp/ipshared/b5c7/hdl/verilog/attention_score_u55c_kernel_gmem0_m_axi.v:2551]
INFO: [Synth 8-6157] synthesizing module 'attention_score_u55c_kernel_gmem0_m_axi_fifo__parameterized2' [/home/advent/Desktop/RC19/_x/link/vivado/vpl/prj/prj.gen/my_rm/bd/ulp/ipshared/b5c7/hdl/verilog/attention_score_u55c_kernel_gmem0_m_axi.v:2551]
INFO: [Synth 8-6157] synthesizing module 'attention_score_u55c_kernel_gmem0_m_axi_srl__parameterized1' [/home/advent/Desktop/RC19/_x/link/vivado/vpl/prj/prj.gen/my_rm/bd/ulp/ipshared/b5c7/hdl/verilog/attention_score_u55c_kernel_gmem0_m_axi.v:2729]
INFO: [Synth 8-6155] done synthesizing module 'attention_score_u55c_kernel_gmem0_m_axi_srl__parameterized1' (0#1) [/home/advent/Desktop/RC19/_x/link/vivado/vpl/prj/prj.gen/my_rm/bd/ulp/ipshared/b5c7/hdl/verilog/attention_score_u55c_kernel_gmem0_m_axi.v:2729]
INFO: [Synth 8-6155] done synthesizing module 'attention_score_u55c_kernel_gmem0_m_axi_fifo__parameterized2' (0#1) [/home/advent/Desktop/RC19/_x/link/vivado/vpl/prj/prj.gen/my_rm/bd/ulp/ipshared/b5c7/hdl/verilog/attention_score_u55c_kernel_gmem0_m_axi.v:2551]
INFO: [Synth 8-6155] done synthesizing module 'attention_score_u55c_kernel_gmem0_m_axi_store' (0#1) [/home/advent/Desktop/RC19/_x/link/vivado/vpl/prj/prj.gen/my_rm/bd/ulp/ipshared/b5c7/hdl/verilog/attention_score_u55c_kernel_gmem0_m_axi.v:781]
INFO: [Synth 8-6157] synthesizing module 'attention_score_u55c_kernel_gmem0_m_axi_load' [/home/advent/Desktop/RC19/_x/link/vivado/vpl/prj/prj.gen/my_rm/bd/ulp/ipshared/b5c7/hdl/verilog/attention_score_u55c_kernel_gmem0_m_axi.v:325]
INFO: [Synth 8-6157] synthesizing module 'attention_score_u55c_kernel_gmem0_m_axi_fifo__parameterized3' [/home/advent/Desktop/RC19/_x/link/vivado/vpl/prj/prj.gen/my_rm/bd/ulp/ipshared/b5c7/hdl/verilog/attention_score_u55c_kernel_gmem0_m_axi.v:2551]
INFO: [Synth 8-6157] synthesizing module 'attention_score_u55c_kernel_gmem0_m_axi_mem__parameterized0' [/home/advent/Desktop/RC19/_x/link/vivado/vpl/prj/prj.gen/my_rm/bd/ulp/ipshared/b5c7/hdl/verilog/attention_score_u55c_kernel_gmem0_m_axi.v:2783]
INFO: [Synth 8-6155] done synthesizing module 'attention_score_u55c_kernel_gmem0_m_axi_mem__parameterized0' (0#1) [/home/advent/Desktop/RC19/_x/link/vivado/vpl/prj/prj.gen/my_rm/bd/ulp/ipshared/b5c7/hdl/verilog/attention_score_u55c_kernel_gmem0_m_axi.v:2783]
INFO: [Synth 8-6155] done synthesizing module 'attention_score_u55c_kernel_gmem0_m_axi_fifo__parameterized3' (0#1) [/home/advent/Desktop/RC19/_x/link/vivado/vpl/prj/prj.gen/my_rm/bd/ulp/ipshared/b5c7/hdl/verilog/attention_score_u55c_kernel_gmem0_m_axi.v:2551]
INFO: [Synth 8-6155] done synthesizing module 'attention_score_u55c_kernel_gmem0_m_axi_load' (0#1) [/home/advent/Desktop/RC19/_x/link/vivado/vpl/prj/prj.gen/my_rm/bd/ulp/ipshared/b5c7/hdl/verilog/attention_score_u55c_kernel_gmem0_m_axi.v:325]
INFO: [Synth 8-6157] synthesizing module 'attention_score_u55c_kernel_gmem0_m_axi_write' [/home/advent/Desktop/RC19/_x/link/vivado/vpl/prj/prj.gen/my_rm/bd/ulp/ipshared/b5c7/hdl/verilog/attention_score_u55c_kernel_gmem0_m_axi.v:1716]
INFO: [Synth 8-6157] synthesizing module 'attention_score_u55c_kernel_gmem0_m_axi_reg_slice' [/home/advent/Desktop/RC19/_x/link/vivado/vpl/prj/prj.gen/my_rm/bd/ulp/ipshared/b5c7/hdl/verilog/attention_score_u55c_kernel_gmem0_m_axi.v:2449]
INFO: [Synth 8-6155] done synthesizing module 'attention_score_u55c_kernel_gmem0_m_axi_reg_slice' (0#1) [/home/advent/Desktop/RC19/_x/link/vivado/vpl/prj/prj.gen/my_rm/bd/ulp/ipshared/b5c7/hdl/verilog/attention_score_u55c_kernel_gmem0_m_axi.v:2449]
INFO: [Synth 8-6157] synthesizing module 'attention_score_u55c_kernel_gmem0_m_axi_fifo__parameterized4' [/home/advent/Desktop/RC19/_x/link/vivado/vpl/prj/prj.gen/my_rm/bd/ulp/ipshared/b5c7/hdl/verilog/attention_score_u55c_kernel_gmem0_m_axi.v:2551]
INFO: [Synth 8-6157] synthesizing module 'attention_score_u55c_kernel_gmem0_m_axi_srl__parameterized2' [/home/advent/Desktop/RC19/_x/link/vivado/vpl/prj/prj.gen/my_rm/bd/ulp/ipshared/b5c7/hdl/verilog/attention_score_u55c_kernel_gmem0_m_axi.v:2729]
INFO: [Synth 8-6155] done synthesizing module 'attention_score_u55c_kernel_gmem0_m_axi_srl__parameterized2' (0#1) [/home/advent/Desktop/RC19/_x/link/vivado/vpl/prj/prj.gen/my_rm/bd/ulp/ipshared/b5c7/hdl/verilog/attention_score_u55c_kernel_gmem0_m_axi.v:2729]
INFO: [Synth 8-6155] done synthesizing module 'attention_score_u55c_kernel_gmem0_m_axi_fifo__parameterized4' (0#1) [/home/advent/Desktop/RC19/_x/link/vivado/vpl/prj/prj.gen/my_rm/bd/ulp/ipshared/b5c7/hdl/verilog/attention_score_u55c_kernel_gmem0_m_axi.v:2551]
INFO: [Synth 8-6157] synthesizing module 'attention_score_u55c_kernel_gmem0_m_axi_throttle' [/home/advent/Desktop/RC19/_x/link/vivado/vpl/prj/prj.gen/my_rm/bd/ulp/ipshared/b5c7/hdl/verilog/attention_score_u55c_kernel_gmem0_m_axi.v:2224]
INFO: [Synth 8-6157] synthesizing module 'attention_score_u55c_kernel_gmem0_m_axi_reg_slice__parameterized0' [/home/advent/Desktop/RC19/_x/link/vivado/vpl/prj/prj.gen/my_rm/bd/ulp/ipshared/b5c7/hdl/verilog/attention_score_u55c_kernel_gmem0_m_axi.v:2449]
INFO: [Synth 8-6155] done synthesizing module 'attention_score_u55c_kernel_gmem0_m_axi_reg_slice__parameterized0' (0#1) [/home/advent/Desktop/RC19/_x/link/vivado/vpl/prj/prj.gen/my_rm/bd/ulp/ipshared/b5c7/hdl/verilog/attention_score_u55c_kernel_gmem0_m_axi.v:2449]
INFO: [Synth 8-6157] synthesizing module 'attention_score_u55c_kernel_gmem0_m_axi_fifo__parameterized5' [/home/advent/Desktop/RC19/_x/link/vivado/vpl/prj/prj.gen/my_rm/bd/ulp/ipshared/b5c7/hdl/verilog/attention_score_u55c_kernel_gmem0_m_axi.v:2551]
INFO: [Synth 8-6157] synthesizing module 'attention_score_u55c_kernel_gmem0_m_axi_srl__parameterized3' [/home/advent/Desktop/RC19/_x/link/vivado/vpl/prj/prj.gen/my_rm/bd/ulp/ipshared/b5c7/hdl/verilog/attention_score_u55c_kernel_gmem0_m_axi.v:2729]
INFO: [Synth 8-6155] done synthesizing module 'attention_score_u55c_kernel_gmem0_m_axi_srl__parameterized3' (0#1) [/home/advent/Desktop/RC19/_x/link/vivado/vpl/prj/prj.gen/my_rm/bd/ulp/ipshared/b5c7/hdl/verilog/attention_score_u55c_kernel_gmem0_m_axi.v:2729]
INFO: [Synth 8-6155] done synthesizing module 'attention_score_u55c_kernel_gmem0_m_axi_fifo__parameterized5' (0#1) [/home/advent/Desktop/RC19/_x/link/vivado/vpl/prj/prj.gen/my_rm/bd/ulp/ipshared/b5c7/hdl/verilog/attention_score_u55c_kernel_gmem0_m_axi.v:2551]
INFO: [Synth 8-6157] synthesizing module 'attention_score_u55c_kernel_gmem0_m_axi_fifo__parameterized6' [/home/advent/Desktop/RC19/_x/link/vivado/vpl/prj/prj.gen/my_rm/bd/ulp/ipshared/b5c7/hdl/verilog/attention_score_u55c_kernel_gmem0_m_axi.v:2551]
INFO: [Synth 8-6157] synthesizing module 'attention_score_u55c_kernel_gmem0_m_axi_srl__parameterized4' [/home/advent/Desktop/RC19/_x/link/vivado/vpl/prj/prj.gen/my_rm/bd/ulp/ipshared/b5c7/hdl/verilog/attention_score_u55c_kernel_gmem0_m_axi.v:2729]
INFO: [Synth 8-6155] done synthesizing module 'attention_score_u55c_kernel_gmem0_m_axi_srl__parameterized4' (0#1) [/home/advent/Desktop/RC19/_x/link/vivado/vpl/prj/prj.gen/my_rm/bd/ulp/ipshared/b5c7/hdl/verilog/attention_score_u55c_kernel_gmem0_m_axi.v:2729]
INFO: [Synth 8-6155] done synthesizing module 'attention_score_u55c_kernel_gmem0_m_axi_fifo__parameterized6' (0#1) [/home/advent/Desktop/RC19/_x/link/vivado/vpl/prj/prj.gen/my_rm/bd/ulp/ipshared/b5c7/hdl/verilog/attention_score_u55c_kernel_gmem0_m_axi.v:2551]
INFO: [Synth 8-6155] done synthesizing module 'attention_score_u55c_kernel_gmem0_m_axi_throttle' (0#1) [/home/advent/Desktop/RC19/_x/link/vivado/vpl/prj/prj.gen/my_rm/bd/ulp/ipshared/b5c7/hdl/verilog/attention_score_u55c_kernel_gmem0_m_axi.v:2224]
INFO: [Synth 8-6157] synthesizing module 'attention_score_u55c_kernel_gmem0_m_axi_reg_slice__parameterized1' [/home/advent/Desktop/RC19/_x/link/vivado/vpl/prj/prj.gen/my_rm/bd/ulp/ipshared/b5c7/hdl/verilog/attention_score_u55c_kernel_gmem0_m_axi.v:2449]
INFO: [Synth 8-6155] done synthesizing module 'attention_score_u55c_kernel_gmem0_m_axi_reg_slice__parameterized1' (0#1) [/home/advent/Desktop/RC19/_x/link/vivado/vpl/prj/prj.gen/my_rm/bd/ulp/ipshared/b5c7/hdl/verilog/attention_score_u55c_kernel_gmem0_m_axi.v:2449]
WARNING: [Synth 8-589] replacing case/wildcard equality operator === with logical equality operator == [/home/advent/Desktop/RC19/_x/link/vivado/vpl/prj/prj.gen/my_rm/bd/ulp/ipshared/b5c7/hdl/verilog/attention_score_u55c_kernel_gmem0_m_axi.v:2216]
WARNING: [Synth 8-589] replacing case/wildcard equality operator === with logical equality operator == [/home/advent/Desktop/RC19/_x/link/vivado/vpl/prj/prj.gen/my_rm/bd/ulp/ipshared/b5c7/hdl/verilog/attention_score_u55c_kernel_gmem0_m_axi.v:2219]
INFO: [Synth 8-6155] done synthesizing module 'attention_score_u55c_kernel_gmem0_m_axi_write' (0#1) [/home/advent/Desktop/RC19/_x/link/vivado/vpl/prj/prj.gen/my_rm/bd/ulp/ipshared/b5c7/hdl/verilog/attention_score_u55c_kernel_gmem0_m_axi.v:1716]
INFO: [Synth 8-6157] synthesizing module 'attention_score_u55c_kernel_gmem0_m_axi_read' [/home/advent/Desktop/RC19/_x/link/vivado/vpl/prj/prj.gen/my_rm/bd/ulp/ipshared/b5c7/hdl/verilog/attention_score_u55c_kernel_gmem0_m_axi.v:1332]
INFO: [Synth 8-6157] synthesizing module 'attention_score_u55c_kernel_gmem0_m_axi_reg_slice__parameterized2' [/home/advent/Desktop/RC19/_x/link/vivado/vpl/prj/prj.gen/my_rm/bd/ulp/ipshared/b5c7/hdl/verilog/attention_score_u55c_kernel_gmem0_m_axi.v:2449]
INFO: [Synth 8-6155] done synthesizing module 'attention_score_u55c_kernel_gmem0_m_axi_reg_slice__parameterized2' (0#1) [/home/advent/Desktop/RC19/_x/link/vivado/vpl/prj/prj.gen/my_rm/bd/ulp/ipshared/b5c7/hdl/verilog/attention_score_u55c_kernel_gmem0_m_axi.v:2449]
WARNING: [Synth 8-589] replacing case/wildcard equality operator === with logical equality operator == [/home/advent/Desktop/RC19/_x/link/vivado/vpl/prj/prj.gen/my_rm/bd/ulp/ipshared/b5c7/hdl/verilog/attention_score_u55c_kernel_gmem0_m_axi.v:1708]
INFO: [Synth 8-6155] done synthesizing module 'attention_score_u55c_kernel_gmem0_m_axi_read' (0#1) [/home/advent/Desktop/RC19/_x/link/vivado/vpl/prj/prj.gen/my_rm/bd/ulp/ipshared/b5c7/hdl/verilog/attention_score_u55c_kernel_gmem0_m_axi.v:1332]
INFO: [Synth 8-6155] done synthesizing module 'attention_score_u55c_kernel_gmem0_m_axi' (0#1) [/home/advent/Desktop/RC19/_x/link/vivado/vpl/prj/prj.gen/my_rm/bd/ulp/ipshared/b5c7/hdl/verilog/attention_score_u55c_kernel_gmem0_m_axi.v:11]
INFO: [Synth 8-6157] synthesizing module 'attention_score_u55c_kernel_gmem1_m_axi' [/home/advent/Desktop/RC19/_x/link/vivado/vpl/prj/prj.gen/my_rm/bd/ulp/ipshared/b5c7/hdl/verilog/attention_score_u55c_kernel_gmem1_m_axi.v:11]
INFO: [Synth 8-6157] synthesizing module 'attention_score_u55c_kernel_gmem1_m_axi_store' [/home/advent/Desktop/RC19/_x/link/vivado/vpl/prj/prj.gen/my_rm/bd/ulp/ipshared/b5c7/hdl/verilog/attention_score_u55c_kernel_gmem1_m_axi.v:781]
INFO: [Synth 8-6157] synthesizing module 'attention_score_u55c_kernel_gmem1_m_axi_fifo' [/home/advent/Desktop/RC19/_x/link/vivado/vpl/prj/prj.gen/my_rm/bd/ulp/ipshared/b5c7/hdl/verilog/attention_score_u55c_kernel_gmem1_m_axi.v:2551]
INFO: [Synth 8-6157] synthesizing module 'attention_score_u55c_kernel_gmem1_m_axi_srl' [/home/advent/Desktop/RC19/_x/link/vivado/vpl/prj/prj.gen/my_rm/bd/ulp/ipshared/b5c7/hdl/verilog/attention_score_u55c_kernel_gmem1_m_axi.v:2729]
INFO: [Synth 8-6155] done synthesizing module 'attention_score_u55c_kernel_gmem1_m_axi_srl' (0#1) [/home/advent/Desktop/RC19/_x/link/vivado/vpl/prj/prj.gen/my_rm/bd/ulp/ipshared/b5c7/hdl/verilog/attention_score_u55c_kernel_gmem1_m_axi.v:2729]
INFO: [Synth 8-6155] done synthesizing module 'attention_score_u55c_kernel_gmem1_m_axi_fifo' (0#1) [/home/advent/Desktop/RC19/_x/link/vivado/vpl/prj/prj.gen/my_rm/bd/ulp/ipshared/b5c7/hdl/verilog/attention_score_u55c_kernel_gmem1_m_axi.v:2551]
INFO: [Synth 8-6157] synthesizing module 'attention_score_u55c_kernel_gmem1_m_axi_fifo__parameterized0' [/home/advent/Desktop/RC19/_x/link/vivado/vpl/prj/prj.gen/my_rm/bd/ulp/ipshared/b5c7/hdl/verilog/attention_score_u55c_kernel_gmem1_m_axi.v:2551]
INFO: [Synth 8-6157] synthesizing module 'attention_score_u55c_kernel_gmem1_m_axi_mem' [/home/advent/Desktop/RC19/_x/link/vivado/vpl/prj/prj.gen/my_rm/bd/ulp/ipshared/b5c7/hdl/verilog/attention_score_u55c_kernel_gmem1_m_axi.v:2783]
INFO: [Synth 8-6155] done synthesizing module 'attention_score_u55c_kernel_gmem1_m_axi_mem' (0#1) [/home/advent/Desktop/RC19/_x/link/vivado/vpl/prj/prj.gen/my_rm/bd/ulp/ipshared/b5c7/hdl/verilog/attention_score_u55c_kernel_gmem1_m_axi.v:2783]
INFO: [Synth 8-6155] done synthesizing module 'attention_score_u55c_kernel_gmem1_m_axi_fifo__parameterized0' (0#1) [/home/advent/Desktop/RC19/_x/link/vivado/vpl/prj/prj.gen/my_rm/bd/ulp/ipshared/b5c7/hdl/verilog/attention_score_u55c_kernel_gmem1_m_axi.v:2551]
INFO: [Synth 8-6157] synthesizing module 'attention_score_u55c_kernel_gmem1_m_axi_fifo__parameterized1' [/home/advent/Desktop/RC19/_x/link/vivado/vpl/prj/prj.gen/my_rm/bd/ulp/ipshared/b5c7/hdl/verilog/attention_score_u55c_kernel_gmem1_m_axi.v:2551]
INFO: [Synth 8-6157] synthesizing module 'attention_score_u55c_kernel_gmem1_m_axi_srl__parameterized0' [/home/advent/Desktop/RC19/_x/link/vivado/vpl/prj/prj.gen/my_rm/bd/ulp/ipshared/b5c7/hdl/verilog/attention_score_u55c_kernel_gmem1_m_axi.v:2729]
INFO: [Synth 8-6155] done synthesizing module 'attention_score_u55c_kernel_gmem1_m_axi_srl__parameterized0' (0#1) [/home/advent/Desktop/RC19/_x/link/vivado/vpl/prj/prj.gen/my_rm/bd/ulp/ipshared/b5c7/hdl/verilog/attention_score_u55c_kernel_gmem1_m_axi.v:2729]
INFO: [Synth 8-6155] done synthesizing module 'attention_score_u55c_kernel_gmem1_m_axi_fifo__parameterized1' (0#1) [/home/advent/Desktop/RC19/_x/link/vivado/vpl/prj/prj.gen/my_rm/bd/ulp/ipshared/b5c7/hdl/verilog/attention_score_u55c_kernel_gmem1_m_axi.v:2551]
INFO: [Synth 8-6157] synthesizing module 'attention_score_u55c_kernel_gmem1_m_axi_fifo__parameterized2' [/home/advent/Desktop/RC19/_x/link/vivado/vpl/prj/prj.gen/my_rm/bd/ulp/ipshared/b5c7/hdl/verilog/attention_score_u55c_kernel_gmem1_m_axi.v:2551]
INFO: [Synth 8-6157] synthesizing module 'attention_score_u55c_kernel_gmem1_m_axi_srl__parameterized1' [/home/advent/Desktop/RC19/_x/link/vivado/vpl/prj/prj.gen/my_rm/bd/ulp/ipshared/b5c7/hdl/verilog/attention_score_u55c_kernel_gmem1_m_axi.v:2729]
INFO: [Synth 8-6155] done synthesizing module 'attention_score_u55c_kernel_gmem1_m_axi_srl__parameterized1' (0#1) [/home/advent/Desktop/RC19/_x/link/vivado/vpl/prj/prj.gen/my_rm/bd/ulp/ipshared/b5c7/hdl/verilog/attention_score_u55c_kernel_gmem1_m_axi.v:2729]
INFO: [Synth 8-6155] done synthesizing module 'attention_score_u55c_kernel_gmem1_m_axi_fifo__parameterized2' (0#1) [/home/advent/Desktop/RC19/_x/link/vivado/vpl/prj/prj.gen/my_rm/bd/ulp/ipshared/b5c7/hdl/verilog/attention_score_u55c_kernel_gmem1_m_axi.v:2551]
INFO: [Synth 8-6155] done synthesizing module 'attention_score_u55c_kernel_gmem1_m_axi_store' (0#1) [/home/advent/Desktop/RC19/_x/link/vivado/vpl/prj/prj.gen/my_rm/bd/ulp/ipshared/b5c7/hdl/verilog/attention_score_u55c_kernel_gmem1_m_axi.v:781]
INFO: [Synth 8-6157] synthesizing module 'attention_score_u55c_kernel_gmem1_m_axi_load' [/home/advent/Desktop/RC19/_x/link/vivado/vpl/prj/prj.gen/my_rm/bd/ulp/ipshared/b5c7/hdl/verilog/attention_score_u55c_kernel_gmem1_m_axi.v:325]
INFO: [Synth 8-6157] synthesizing module 'attention_score_u55c_kernel_gmem1_m_axi_fifo__parameterized3' [/home/advent/Desktop/RC19/_x/link/vivado/vpl/prj/prj.gen/my_rm/bd/ulp/ipshared/b5c7/hdl/verilog/attention_score_u55c_kernel_gmem1_m_axi.v:2551]
INFO: [Synth 8-6157] synthesizing module 'attention_score_u55c_kernel_gmem1_m_axi_mem__parameterized0' [/home/advent/Desktop/RC19/_x/link/vivado/vpl/prj/prj.gen/my_rm/bd/ulp/ipshared/b5c7/hdl/verilog/attention_score_u55c_kernel_gmem1_m_axi.v:2783]
INFO: [Synth 8-6155] done synthesizing module 'attention_score_u55c_kernel_gmem1_m_axi_mem__parameterized0' (0#1) [/home/advent/Desktop/RC19/_x/link/vivado/vpl/prj/prj.gen/my_rm/bd/ulp/ipshared/b5c7/hdl/verilog/attention_score_u55c_kernel_gmem1_m_axi.v:2783]
INFO: [Synth 8-6155] done synthesizing module 'attention_score_u55c_kernel_gmem1_m_axi_fifo__parameterized3' (0#1) [/home/advent/Desktop/RC19/_x/link/vivado/vpl/prj/prj.gen/my_rm/bd/ulp/ipshared/b5c7/hdl/verilog/attention_score_u55c_kernel_gmem1_m_axi.v:2551]
INFO: [Synth 8-6155] done synthesizing module 'attention_score_u55c_kernel_gmem1_m_axi_load' (0#1) [/home/advent/Desktop/RC19/_x/link/vivado/vpl/prj/prj.gen/my_rm/bd/ulp/ipshared/b5c7/hdl/verilog/attention_score_u55c_kernel_gmem1_m_axi.v:325]
INFO: [Synth 8-6157] synthesizing module 'attention_score_u55c_kernel_gmem1_m_axi_write' [/home/advent/Desktop/RC19/_x/link/vivado/vpl/prj/prj.gen/my_rm/bd/ulp/ipshared/b5c7/hdl/verilog/attention_score_u55c_kernel_gmem1_m_axi.v:1716]
INFO: [Synth 8-6157] synthesizing module 'attention_score_u55c_kernel_gmem1_m_axi_reg_slice' [/home/advent/Desktop/RC19/_x/link/vivado/vpl/prj/prj.gen/my_rm/bd/ulp/ipshared/b5c7/hdl/verilog/attention_score_u55c_kernel_gmem1_m_axi.v:2449]
INFO: [Synth 8-6155] done synthesizing module 'attention_score_u55c_kernel_gmem1_m_axi_reg_slice' (0#1) [/home/advent/Desktop/RC19/_x/link/vivado/vpl/prj/prj.gen/my_rm/bd/ulp/ipshared/b5c7/hdl/verilog/attention_score_u55c_kernel_gmem1_m_axi.v:2449]
INFO: [Synth 8-6157] synthesizing module 'attention_score_u55c_kernel_gmem1_m_axi_fifo__parameterized4' [/home/advent/Desktop/RC19/_x/link/vivado/vpl/prj/prj.gen/my_rm/bd/ulp/ipshared/b5c7/hdl/verilog/attention_score_u55c_kernel_gmem1_m_axi.v:2551]
INFO: [Synth 8-6157] synthesizing module 'attention_score_u55c_kernel_gmem1_m_axi_srl__parameterized2' [/home/advent/Desktop/RC19/_x/link/vivado/vpl/prj/prj.gen/my_rm/bd/ulp/ipshared/b5c7/hdl/verilog/attention_score_u55c_kernel_gmem1_m_axi.v:2729]
INFO: [Synth 8-6155] done synthesizing module 'attention_score_u55c_kernel_gmem1_m_axi_srl__parameterized2' (0#1) [/home/advent/Desktop/RC19/_x/link/vivado/vpl/prj/prj.gen/my_rm/bd/ulp/ipshared/b5c7/hdl/verilog/attention_score_u55c_kernel_gmem1_m_axi.v:2729]
INFO: [Synth 8-6155] done synthesizing module 'attention_score_u55c_kernel_gmem1_m_axi_fifo__parameterized4' (0#1) [/home/advent/Desktop/RC19/_x/link/vivado/vpl/prj/prj.gen/my_rm/bd/ulp/ipshared/b5c7/hdl/verilog/attention_score_u55c_kernel_gmem1_m_axi.v:2551]
INFO: [Synth 8-6157] synthesizing module 'attention_score_u55c_kernel_gmem1_m_axi_throttle' [/home/advent/Desktop/RC19/_x/link/vivado/vpl/prj/prj.gen/my_rm/bd/ulp/ipshared/b5c7/hdl/verilog/attention_score_u55c_kernel_gmem1_m_axi.v:2224]
INFO: [Synth 8-6157] synthesizing module 'attention_score_u55c_kernel_gmem1_m_axi_reg_slice__parameterized0' [/home/advent/Desktop/RC19/_x/link/vivado/vpl/prj/prj.gen/my_rm/bd/ulp/ipshared/b5c7/hdl/verilog/attention_score_u55c_kernel_gmem1_m_axi.v:2449]
INFO: [Synth 8-6155] done synthesizing module 'attention_score_u55c_kernel_gmem1_m_axi_reg_slice__parameterized0' (0#1) [/home/advent/Desktop/RC19/_x/link/vivado/vpl/prj/prj.gen/my_rm/bd/ulp/ipshared/b5c7/hdl/verilog/attention_score_u55c_kernel_gmem1_m_axi.v:2449]
INFO: [Synth 8-6157] synthesizing module 'attention_score_u55c_kernel_gmem1_m_axi_fifo__parameterized5' [/home/advent/Desktop/RC19/_x/link/vivado/vpl/prj/prj.gen/my_rm/bd/ulp/ipshared/b5c7/hdl/verilog/attention_score_u55c_kernel_gmem1_m_axi.v:2551]
INFO: [Synth 8-6157] synthesizing module 'attention_score_u55c_kernel_gmem1_m_axi_srl__parameterized3' [/home/advent/Desktop/RC19/_x/link/vivado/vpl/prj/prj.gen/my_rm/bd/ulp/ipshared/b5c7/hdl/verilog/attention_score_u55c_kernel_gmem1_m_axi.v:2729]
INFO: [Synth 8-6155] done synthesizing module 'attention_score_u55c_kernel_gmem1_m_axi_srl__parameterized3' (0#1) [/home/advent/Desktop/RC19/_x/link/vivado/vpl/prj/prj.gen/my_rm/bd/ulp/ipshared/b5c7/hdl/verilog/attention_score_u55c_kernel_gmem1_m_axi.v:2729]
INFO: [Synth 8-6155] done synthesizing module 'attention_score_u55c_kernel_gmem1_m_axi_fifo__parameterized5' (0#1) [/home/advent/Desktop/RC19/_x/link/vivado/vpl/prj/prj.gen/my_rm/bd/ulp/ipshared/b5c7/hdl/verilog/attention_score_u55c_kernel_gmem1_m_axi.v:2551]
INFO: [Synth 8-6157] synthesizing module 'attention_score_u55c_kernel_gmem1_m_axi_fifo__parameterized6' [/home/advent/Desktop/RC19/_x/link/vivado/vpl/prj/prj.gen/my_rm/bd/ulp/ipshared/b5c7/hdl/verilog/attention_score_u55c_kernel_gmem1_m_axi.v:2551]
INFO: [Synth 8-6157] synthesizing module 'attention_score_u55c_kernel_gmem1_m_axi_srl__parameterized4' [/home/advent/Desktop/RC19/_x/link/vivado/vpl/prj/prj.gen/my_rm/bd/ulp/ipshared/b5c7/hdl/verilog/attention_score_u55c_kernel_gmem1_m_axi.v:2729]
INFO: [Synth 8-6155] done synthesizing module 'attention_score_u55c_kernel_gmem1_m_axi_srl__parameterized4' (0#1) [/home/advent/Desktop/RC19/_x/link/vivado/vpl/prj/prj.gen/my_rm/bd/ulp/ipshared/b5c7/hdl/verilog/attention_score_u55c_kernel_gmem1_m_axi.v:2729]
INFO: [Synth 8-6155] done synthesizing module 'attention_score_u55c_kernel_gmem1_m_axi_fifo__parameterized6' (0#1) [/home/advent/Desktop/RC19/_x/link/vivado/vpl/prj/prj.gen/my_rm/bd/ulp/ipshared/b5c7/hdl/verilog/attention_score_u55c_kernel_gmem1_m_axi.v:2551]
INFO: [Synth 8-6155] done synthesizing module 'attention_score_u55c_kernel_gmem1_m_axi_throttle' (0#1) [/home/advent/Desktop/RC19/_x/link/vivado/vpl/prj/prj.gen/my_rm/bd/ulp/ipshared/b5c7/hdl/verilog/attention_score_u55c_kernel_gmem1_m_axi.v:2224]
INFO: [Synth 8-6157] synthesizing module 'attention_score_u55c_kernel_gmem1_m_axi_reg_slice__parameterized1' [/home/advent/Desktop/RC19/_x/link/vivado/vpl/prj/prj.gen/my_rm/bd/ulp/ipshared/b5c7/hdl/verilog/attention_score_u55c_kernel_gmem1_m_axi.v:2449]
INFO: [Synth 8-6155] done synthesizing module 'attention_score_u55c_kernel_gmem1_m_axi_reg_slice__parameterized1' (0#1) [/home/advent/Desktop/RC19/_x/link/vivado/vpl/prj/prj.gen/my_rm/bd/ulp/ipshared/b5c7/hdl/verilog/attention_score_u55c_kernel_gmem1_m_axi.v:2449]
WARNING: [Synth 8-589] replacing case/wildcard equality operator === with logical equality operator == [/home/advent/Desktop/RC19/_x/link/vivado/vpl/prj/prj.gen/my_rm/bd/ulp/ipshared/b5c7/hdl/verilog/attention_score_u55c_kernel_gmem1_m_axi.v:2216]
WARNING: [Synth 8-589] replacing case/wildcard equality operator === with logical equality operator == [/home/advent/Desktop/RC19/_x/link/vivado/vpl/prj/prj.gen/my_rm/bd/ulp/ipshared/b5c7/hdl/verilog/attention_score_u55c_kernel_gmem1_m_axi.v:2219]
INFO: [Synth 8-6155] done synthesizing module 'attention_score_u55c_kernel_gmem1_m_axi_write' (0#1) [/home/advent/Desktop/RC19/_x/link/vivado/vpl/prj/prj.gen/my_rm/bd/ulp/ipshared/b5c7/hdl/verilog/attention_score_u55c_kernel_gmem1_m_axi.v:1716]
INFO: [Synth 8-6157] synthesizing module 'attention_score_u55c_kernel_gmem1_m_axi_read' [/home/advent/Desktop/RC19/_x/link/vivado/vpl/prj/prj.gen/my_rm/bd/ulp/ipshared/b5c7/hdl/verilog/attention_score_u55c_kernel_gmem1_m_axi.v:1332]
INFO: [Synth 8-6157] synthesizing module 'attention_score_u55c_kernel_gmem1_m_axi_reg_slice__parameterized2' [/home/advent/Desktop/RC19/_x/link/vivado/vpl/prj/prj.gen/my_rm/bd/ulp/ipshared/b5c7/hdl/verilog/attention_score_u55c_kernel_gmem1_m_axi.v:2449]
INFO: [Synth 8-6155] done synthesizing module 'attention_score_u55c_kernel_gmem1_m_axi_reg_slice__parameterized2' (0#1) [/home/advent/Desktop/RC19/_x/link/vivado/vpl/prj/prj.gen/my_rm/bd/ulp/ipshared/b5c7/hdl/verilog/attention_score_u55c_kernel_gmem1_m_axi.v:2449]
WARNING: [Synth 8-589] replacing case/wildcard equality operator === with logical equality operator == [/home/advent/Desktop/RC19/_x/link/vivado/vpl/prj/prj.gen/my_rm/bd/ulp/ipshared/b5c7/hdl/verilog/attention_score_u55c_kernel_gmem1_m_axi.v:1708]
INFO: [Synth 8-6155] done synthesizing module 'attention_score_u55c_kernel_gmem1_m_axi_read' (0#1) [/home/advent/Desktop/RC19/_x/link/vivado/vpl/prj/prj.gen/my_rm/bd/ulp/ipshared/b5c7/hdl/verilog/attention_score_u55c_kernel_gmem1_m_axi.v:1332]
INFO: [Synth 8-6155] done synthesizing module 'attention_score_u55c_kernel_gmem1_m_axi' (0#1) [/home/advent/Desktop/RC19/_x/link/vivado/vpl/prj/prj.gen/my_rm/bd/ulp/ipshared/b5c7/hdl/verilog/attention_score_u55c_kernel_gmem1_m_axi.v:11]
INFO: [Synth 8-6157] synthesizing module 'attention_score_u55c_kernel_gmem2_m_axi' [/home/advent/Desktop/RC19/_x/link/vivado/vpl/prj/prj.gen/my_rm/bd/ulp/ipshared/b5c7/hdl/verilog/attention_score_u55c_kernel_gmem2_m_axi.v:11]
INFO: [Synth 8-6157] synthesizing module 'attention_score_u55c_kernel_gmem2_m_axi_store' [/home/advent/Desktop/RC19/_x/link/vivado/vpl/prj/prj.gen/my_rm/bd/ulp/ipshared/b5c7/hdl/verilog/attention_score_u55c_kernel_gmem2_m_axi.v:781]
INFO: [Synth 8-6157] synthesizing module 'attention_score_u55c_kernel_gmem2_m_axi_fifo' [/home/advent/Desktop/RC19/_x/link/vivado/vpl/prj/prj.gen/my_rm/bd/ulp/ipshared/b5c7/hdl/verilog/attention_score_u55c_kernel_gmem2_m_axi.v:2551]
INFO: [Synth 8-6157] synthesizing module 'attention_score_u55c_kernel_gmem2_m_axi_srl' [/home/advent/Desktop/RC19/_x/link/vivado/vpl/prj/prj.gen/my_rm/bd/ulp/ipshared/b5c7/hdl/verilog/attention_score_u55c_kernel_gmem2_m_axi.v:2729]
INFO: [Synth 8-6155] done synthesizing module 'attention_score_u55c_kernel_gmem2_m_axi_srl' (0#1) [/home/advent/Desktop/RC19/_x/link/vivado/vpl/prj/prj.gen/my_rm/bd/ulp/ipshared/b5c7/hdl/verilog/attention_score_u55c_kernel_gmem2_m_axi.v:2729]
INFO: [Synth 8-6155] done synthesizing module 'attention_score_u55c_kernel_gmem2_m_axi_fifo' (0#1) [/home/advent/Desktop/RC19/_x/link/vivado/vpl/prj/prj.gen/my_rm/bd/ulp/ipshared/b5c7/hdl/verilog/attention_score_u55c_kernel_gmem2_m_axi.v:2551]
INFO: [Synth 8-6157] synthesizing module 'attention_score_u55c_kernel_gmem2_m_axi_fifo__parameterized0' [/home/advent/Desktop/RC19/_x/link/vivado/vpl/prj/prj.gen/my_rm/bd/ulp/ipshared/b5c7/hdl/verilog/attention_score_u55c_kernel_gmem2_m_axi.v:2551]
INFO: [Synth 8-6157] synthesizing module 'attention_score_u55c_kernel_gmem2_m_axi_mem' [/home/advent/Desktop/RC19/_x/link/vivado/vpl/prj/prj.gen/my_rm/bd/ulp/ipshared/b5c7/hdl/verilog/attention_score_u55c_kernel_gmem2_m_axi.v:2783]
INFO: [Synth 8-6155] done synthesizing module 'attention_score_u55c_kernel_gmem2_m_axi_mem' (0#1) [/home/advent/Desktop/RC19/_x/link/vivado/vpl/prj/prj.gen/my_rm/bd/ulp/ipshared/b5c7/hdl/verilog/attention_score_u55c_kernel_gmem2_m_axi.v:2783]
INFO: [Synth 8-6155] done synthesizing module 'attention_score_u55c_kernel_gmem2_m_axi_fifo__parameterized0' (0#1) [/home/advent/Desktop/RC19/_x/link/vivado/vpl/prj/prj.gen/my_rm/bd/ulp/ipshared/b5c7/hdl/verilog/attention_score_u55c_kernel_gmem2_m_axi.v:2551]
INFO: [Synth 8-6157] synthesizing module 'attention_score_u55c_kernel_gmem2_m_axi_fifo__parameterized1' [/home/advent/Desktop/RC19/_x/link/vivado/vpl/prj/prj.gen/my_rm/bd/ulp/ipshared/b5c7/hdl/verilog/attention_score_u55c_kernel_gmem2_m_axi.v:2551]
INFO: [Synth 8-6157] synthesizing module 'attention_score_u55c_kernel_gmem2_m_axi_srl__parameterized0' [/home/advent/Desktop/RC19/_x/link/vivado/vpl/prj/prj.gen/my_rm/bd/ulp/ipshared/b5c7/hdl/verilog/attention_score_u55c_kernel_gmem2_m_axi.v:2729]
INFO: [Synth 8-6155] done synthesizing module 'attention_score_u55c_kernel_gmem2_m_axi_srl__parameterized0' (0#1) [/home/advent/Desktop/RC19/_x/link/vivado/vpl/prj/prj.gen/my_rm/bd/ulp/ipshared/b5c7/hdl/verilog/attention_score_u55c_kernel_gmem2_m_axi.v:2729]
INFO: [Synth 8-6155] done synthesizing module 'attention_score_u55c_kernel_gmem2_m_axi_fifo__parameterized1' (0#1) [/home/advent/Desktop/RC19/_x/link/vivado/vpl/prj/prj.gen/my_rm/bd/ulp/ipshared/b5c7/hdl/verilog/attention_score_u55c_kernel_gmem2_m_axi.v:2551]
INFO: [Synth 8-6157] synthesizing module 'attention_score_u55c_kernel_gmem2_m_axi_fifo__parameterized2' [/home/advent/Desktop/RC19/_x/link/vivado/vpl/prj/prj.gen/my_rm/bd/ulp/ipshared/b5c7/hdl/verilog/attention_score_u55c_kernel_gmem2_m_axi.v:2551]
INFO: [Synth 8-6157] synthesizing module 'attention_score_u55c_kernel_gmem2_m_axi_srl__parameterized1' [/home/advent/Desktop/RC19/_x/link/vivado/vpl/prj/prj.gen/my_rm/bd/ulp/ipshared/b5c7/hdl/verilog/attention_score_u55c_kernel_gmem2_m_axi.v:2729]
INFO: [Synth 8-6155] done synthesizing module 'attention_score_u55c_kernel_gmem2_m_axi_srl__parameterized1' (0#1) [/home/advent/Desktop/RC19/_x/link/vivado/vpl/prj/prj.gen/my_rm/bd/ulp/ipshared/b5c7/hdl/verilog/attention_score_u55c_kernel_gmem2_m_axi.v:2729]
INFO: [Synth 8-6155] done synthesizing module 'attention_score_u55c_kernel_gmem2_m_axi_fifo__parameterized2' (0#1) [/home/advent/Desktop/RC19/_x/link/vivado/vpl/prj/prj.gen/my_rm/bd/ulp/ipshared/b5c7/hdl/verilog/attention_score_u55c_kernel_gmem2_m_axi.v:2551]
INFO: [Synth 8-6155] done synthesizing module 'attention_score_u55c_kernel_gmem2_m_axi_store' (0#1) [/home/advent/Desktop/RC19/_x/link/vivado/vpl/prj/prj.gen/my_rm/bd/ulp/ipshared/b5c7/hdl/verilog/attention_score_u55c_kernel_gmem2_m_axi.v:781]
INFO: [Synth 8-6157] synthesizing module 'attention_score_u55c_kernel_gmem2_m_axi_load' [/home/advent/Desktop/RC19/_x/link/vivado/vpl/prj/prj.gen/my_rm/bd/ulp/ipshared/b5c7/hdl/verilog/attention_score_u55c_kernel_gmem2_m_axi.v:325]
INFO: [Synth 8-6157] synthesizing module 'attention_score_u55c_kernel_gmem2_m_axi_fifo__parameterized3' [/home/advent/Desktop/RC19/_x/link/vivado/vpl/prj/prj.gen/my_rm/bd/ulp/ipshared/b5c7/hdl/verilog/attention_score_u55c_kernel_gmem2_m_axi.v:2551]
INFO: [Synth 8-6157] synthesizing module 'attention_score_u55c_kernel_gmem2_m_axi_mem__parameterized0' [/home/advent/Desktop/RC19/_x/link/vivado/vpl/prj/prj.gen/my_rm/bd/ulp/ipshared/b5c7/hdl/verilog/attention_score_u55c_kernel_gmem2_m_axi.v:2783]
INFO: [Synth 8-6155] done synthesizing module 'attention_score_u55c_kernel_gmem2_m_axi_mem__parameterized0' (0#1) [/home/advent/Desktop/RC19/_x/link/vivado/vpl/prj/prj.gen/my_rm/bd/ulp/ipshared/b5c7/hdl/verilog/attention_score_u55c_kernel_gmem2_m_axi.v:2783]
INFO: [Synth 8-6155] done synthesizing module 'attention_score_u55c_kernel_gmem2_m_axi_fifo__parameterized3' (0#1) [/home/advent/Desktop/RC19/_x/link/vivado/vpl/prj/prj.gen/my_rm/bd/ulp/ipshared/b5c7/hdl/verilog/attention_score_u55c_kernel_gmem2_m_axi.v:2551]
INFO: [Synth 8-6155] done synthesizing module 'attention_score_u55c_kernel_gmem2_m_axi_load' (0#1) [/home/advent/Desktop/RC19/_x/link/vivado/vpl/prj/prj.gen/my_rm/bd/ulp/ipshared/b5c7/hdl/verilog/attention_score_u55c_kernel_gmem2_m_axi.v:325]
INFO: [Synth 8-6157] synthesizing module 'attention_score_u55c_kernel_gmem2_m_axi_write' [/home/advent/Desktop/RC19/_x/link/vivado/vpl/prj/prj.gen/my_rm/bd/ulp/ipshared/b5c7/hdl/verilog/attention_score_u55c_kernel_gmem2_m_axi.v:1716]
INFO: [Synth 8-6157] synthesizing module 'attention_score_u55c_kernel_gmem2_m_axi_reg_slice' [/home/advent/Desktop/RC19/_x/link/vivado/vpl/prj/prj.gen/my_rm/bd/ulp/ipshared/b5c7/hdl/verilog/attention_score_u55c_kernel_gmem2_m_axi.v:2449]
INFO: [Synth 8-6155] done synthesizing module 'attention_score_u55c_kernel_gmem2_m_axi_reg_slice' (0#1) [/home/advent/Desktop/RC19/_x/link/vivado/vpl/prj/prj.gen/my_rm/bd/ulp/ipshared/b5c7/hdl/verilog/attention_score_u55c_kernel_gmem2_m_axi.v:2449]
INFO: [Synth 8-6157] synthesizing module 'attention_score_u55c_kernel_gmem2_m_axi_fifo__parameterized4' [/home/advent/Desktop/RC19/_x/link/vivado/vpl/prj/prj.gen/my_rm/bd/ulp/ipshared/b5c7/hdl/verilog/attention_score_u55c_kernel_gmem2_m_axi.v:2551]
INFO: [Synth 8-6157] synthesizing module 'attention_score_u55c_kernel_gmem2_m_axi_srl__parameterized2' [/home/advent/Desktop/RC19/_x/link/vivado/vpl/prj/prj.gen/my_rm/bd/ulp/ipshared/b5c7/hdl/verilog/attention_score_u55c_kernel_gmem2_m_axi.v:2729]
INFO: [Synth 8-6155] done synthesizing module 'attention_score_u55c_kernel_gmem2_m_axi_srl__parameterized2' (0#1) [/home/advent/Desktop/RC19/_x/link/vivado/vpl/prj/prj.gen/my_rm/bd/ulp/ipshared/b5c7/hdl/verilog/attention_score_u55c_kernel_gmem2_m_axi.v:2729]
INFO: [Synth 8-6155] done synthesizing module 'attention_score_u55c_kernel_gmem2_m_axi_fifo__parameterized4' (0#1) [/home/advent/Desktop/RC19/_x/link/vivado/vpl/prj/prj.gen/my_rm/bd/ulp/ipshared/b5c7/hdl/verilog/attention_score_u55c_kernel_gmem2_m_axi.v:2551]
INFO: [Synth 8-6157] synthesizing module 'attention_score_u55c_kernel_gmem2_m_axi_throttle' [/home/advent/Desktop/RC19/_x/link/vivado/vpl/prj/prj.gen/my_rm/bd/ulp/ipshared/b5c7/hdl/verilog/attention_score_u55c_kernel_gmem2_m_axi.v:2224]
INFO: [Synth 8-6157] synthesizing module 'attention_score_u55c_kernel_gmem2_m_axi_reg_slice__parameterized0' [/home/advent/Desktop/RC19/_x/link/vivado/vpl/prj/prj.gen/my_rm/bd/ulp/ipshared/b5c7/hdl/verilog/attention_score_u55c_kernel_gmem2_m_axi.v:2449]
INFO: [Synth 8-6155] done synthesizing module 'attention_score_u55c_kernel_gmem2_m_axi_reg_slice__parameterized0' (0#1) [/home/advent/Desktop/RC19/_x/link/vivado/vpl/prj/prj.gen/my_rm/bd/ulp/ipshared/b5c7/hdl/verilog/attention_score_u55c_kernel_gmem2_m_axi.v:2449]
INFO: [Synth 8-6157] synthesizing module 'attention_score_u55c_kernel_gmem2_m_axi_fifo__parameterized5' [/home/advent/Desktop/RC19/_x/link/vivado/vpl/prj/prj.gen/my_rm/bd/ulp/ipshared/b5c7/hdl/verilog/attention_score_u55c_kernel_gmem2_m_axi.v:2551]
INFO: [Synth 8-6157] synthesizing module 'attention_score_u55c_kernel_gmem2_m_axi_srl__parameterized3' [/home/advent/Desktop/RC19/_x/link/vivado/vpl/prj/prj.gen/my_rm/bd/ulp/ipshared/b5c7/hdl/verilog/attention_score_u55c_kernel_gmem2_m_axi.v:2729]
INFO: [Synth 8-6155] done synthesizing module 'attention_score_u55c_kernel_gmem2_m_axi_srl__parameterized3' (0#1) [/home/advent/Desktop/RC19/_x/link/vivado/vpl/prj/prj.gen/my_rm/bd/ulp/ipshared/b5c7/hdl/verilog/attention_score_u55c_kernel_gmem2_m_axi.v:2729]
INFO: [Synth 8-6155] done synthesizing module 'attention_score_u55c_kernel_gmem2_m_axi_fifo__parameterized5' (0#1) [/home/advent/Desktop/RC19/_x/link/vivado/vpl/prj/prj.gen/my_rm/bd/ulp/ipshared/b5c7/hdl/verilog/attention_score_u55c_kernel_gmem2_m_axi.v:2551]
INFO: [Synth 8-6157] synthesizing module 'attention_score_u55c_kernel_gmem2_m_axi_fifo__parameterized6' [/home/advent/Desktop/RC19/_x/link/vivado/vpl/prj/prj.gen/my_rm/bd/ulp/ipshared/b5c7/hdl/verilog/attention_score_u55c_kernel_gmem2_m_axi.v:2551]
INFO: [Synth 8-6157] synthesizing module 'attention_score_u55c_kernel_gmem2_m_axi_srl__parameterized4' [/home/advent/Desktop/RC19/_x/link/vivado/vpl/prj/prj.gen/my_rm/bd/ulp/ipshared/b5c7/hdl/verilog/attention_score_u55c_kernel_gmem2_m_axi.v:2729]
INFO: [Synth 8-6155] done synthesizing module 'attention_score_u55c_kernel_gmem2_m_axi_srl__parameterized4' (0#1) [/home/advent/Desktop/RC19/_x/link/vivado/vpl/prj/prj.gen/my_rm/bd/ulp/ipshared/b5c7/hdl/verilog/attention_score_u55c_kernel_gmem2_m_axi.v:2729]
INFO: [Synth 8-6155] done synthesizing module 'attention_score_u55c_kernel_gmem2_m_axi_fifo__parameterized6' (0#1) [/home/advent/Desktop/RC19/_x/link/vivado/vpl/prj/prj.gen/my_rm/bd/ulp/ipshared/b5c7/hdl/verilog/attention_score_u55c_kernel_gmem2_m_axi.v:2551]
INFO: [Synth 8-6155] done synthesizing module 'attention_score_u55c_kernel_gmem2_m_axi_throttle' (0#1) [/home/advent/Desktop/RC19/_x/link/vivado/vpl/prj/prj.gen/my_rm/bd/ulp/ipshared/b5c7/hdl/verilog/attention_score_u55c_kernel_gmem2_m_axi.v:2224]
INFO: [Synth 8-6157] synthesizing module 'attention_score_u55c_kernel_gmem2_m_axi_reg_slice__parameterized1' [/home/advent/Desktop/RC19/_x/link/vivado/vpl/prj/prj.gen/my_rm/bd/ulp/ipshared/b5c7/hdl/verilog/attention_score_u55c_kernel_gmem2_m_axi.v:2449]
INFO: [Synth 8-6155] done synthesizing module 'attention_score_u55c_kernel_gmem2_m_axi_reg_slice__parameterized1' (0#1) [/home/advent/Desktop/RC19/_x/link/vivado/vpl/prj/prj.gen/my_rm/bd/ulp/ipshared/b5c7/hdl/verilog/attention_score_u55c_kernel_gmem2_m_axi.v:2449]
WARNING: [Synth 8-589] replacing case/wildcard equality operator === with logical equality operator == [/home/advent/Desktop/RC19/_x/link/vivado/vpl/prj/prj.gen/my_rm/bd/ulp/ipshared/b5c7/hdl/verilog/attention_score_u55c_kernel_gmem2_m_axi.v:2216]
WARNING: [Synth 8-589] replacing case/wildcard equality operator === with logical equality operator == [/home/advent/Desktop/RC19/_x/link/vivado/vpl/prj/prj.gen/my_rm/bd/ulp/ipshared/b5c7/hdl/verilog/attention_score_u55c_kernel_gmem2_m_axi.v:2219]
INFO: [Synth 8-6155] done synthesizing module 'attention_score_u55c_kernel_gmem2_m_axi_write' (0#1) [/home/advent/Desktop/RC19/_x/link/vivado/vpl/prj/prj.gen/my_rm/bd/ulp/ipshared/b5c7/hdl/verilog/attention_score_u55c_kernel_gmem2_m_axi.v:1716]
INFO: [Synth 8-6157] synthesizing module 'attention_score_u55c_kernel_gmem2_m_axi_read' [/home/advent/Desktop/RC19/_x/link/vivado/vpl/prj/prj.gen/my_rm/bd/ulp/ipshared/b5c7/hdl/verilog/attention_score_u55c_kernel_gmem2_m_axi.v:1332]
INFO: [Synth 8-6157] synthesizing module 'attention_score_u55c_kernel_gmem2_m_axi_reg_slice__parameterized2' [/home/advent/Desktop/RC19/_x/link/vivado/vpl/prj/prj.gen/my_rm/bd/ulp/ipshared/b5c7/hdl/verilog/attention_score_u55c_kernel_gmem2_m_axi.v:2449]
INFO: [Synth 8-6155] done synthesizing module 'attention_score_u55c_kernel_gmem2_m_axi_reg_slice__parameterized2' (0#1) [/home/advent/Desktop/RC19/_x/link/vivado/vpl/prj/prj.gen/my_rm/bd/ulp/ipshared/b5c7/hdl/verilog/attention_score_u55c_kernel_gmem2_m_axi.v:2449]
WARNING: [Synth 8-589] replacing case/wildcard equality operator === with logical equality operator == [/home/advent/Desktop/RC19/_x/link/vivado/vpl/prj/prj.gen/my_rm/bd/ulp/ipshared/b5c7/hdl/verilog/attention_score_u55c_kernel_gmem2_m_axi.v:1708]
INFO: [Synth 8-6155] done synthesizing module 'attention_score_u55c_kernel_gmem2_m_axi_read' (0#1) [/home/advent/Desktop/RC19/_x/link/vivado/vpl/prj/prj.gen/my_rm/bd/ulp/ipshared/b5c7/hdl/verilog/attention_score_u55c_kernel_gmem2_m_axi.v:1332]
INFO: [Synth 8-6155] done synthesizing module 'attention_score_u55c_kernel_gmem2_m_axi' (0#1) [/home/advent/Desktop/RC19/_x/link/vivado/vpl/prj/prj.gen/my_rm/bd/ulp/ipshared/b5c7/hdl/verilog/attention_score_u55c_kernel_gmem2_m_axi.v:11]
INFO: [Synth 8-6155] done synthesizing module 'attention_score_u55c_kernel' (0#1) [/home/advent/Desktop/RC19/_x/link/vivado/vpl/prj/prj.gen/my_rm/bd/ulp/ipshared/b5c7/hdl/verilog/attention_score_u55c_kernel.v:10]
INFO: [Synth 8-6155] done synthesizing module 'ulp_attention_score_u55c_kernel_1_0' (0#1) [/home/advent/Desktop/RC19/_x/link/vivado/vpl/prj/prj.gen/my_rm/bd/ulp/ip/ulp_attention_score_u55c_kernel_1_0/synth/ulp_attention_score_u55c_kernel_1_0.v:53]
WARNING: [Synth 8-6014] Unused sequential element int_ap_done_reg was removed.  [/home/advent/Desktop/RC19/_x/link/vivado/vpl/prj/prj.gen/my_rm/bd/ulp/ipshared/b5c7/hdl/verilog/attention_score_u55c_kernel_control_s_axi.v:327]
WARNING: [Synth 8-7129] Port in_BUS_RID[0] in module attention_score_u55c_kernel_gmem2_m_axi_read is either unconnected or has no load
WARNING: [Synth 8-7129] Port in_BUS_RRESP[1] in module attention_score_u55c_kernel_gmem2_m_axi_read is either unconnected or has no load
WARNING: [Synth 8-7129] Port in_BUS_RRESP[0] in module attention_score_u55c_kernel_gmem2_m_axi_read is either unconnected or has no load
WARNING: [Synth 8-7129] Port in_BUS_RUSER[0] in module attention_score_u55c_kernel_gmem2_m_axi_read is either unconnected or has no load
WARNING: [Synth 8-7129] Port in_BUS_BID[0] in module attention_score_u55c_kernel_gmem2_m_axi_write is either unconnected or has no load
WARNING: [Synth 8-7129] Port in_BUS_BRESP[1] in module attention_score_u55c_kernel_gmem2_m_axi_write is either unconnected or has no load
WARNING: [Synth 8-7129] Port in_BUS_BRESP[0] in module attention_score_u55c_kernel_gmem2_m_axi_write is either unconnected or has no load
WARNING: [Synth 8-7129] Port in_BUS_BUSER[0] in module attention_score_u55c_kernel_gmem2_m_axi_write is either unconnected or has no load
WARNING: [Synth 8-7129] Port in_BUS_RID[0] in module attention_score_u55c_kernel_gmem1_m_axi_read is either unconnected or has no load
WARNING: [Synth 8-7129] Port in_BUS_RRESP[1] in module attention_score_u55c_kernel_gmem1_m_axi_read is either unconnected or has no load
WARNING: [Synth 8-7129] Port in_BUS_RRESP[0] in module attention_score_u55c_kernel_gmem1_m_axi_read is either unconnected or has no load
WARNING: [Synth 8-7129] Port in_BUS_RUSER[0] in module attention_score_u55c_kernel_gmem1_m_axi_read is either unconnected or has no load
WARNING: [Synth 8-7129] Port in_BUS_BID[0] in module attention_score_u55c_kernel_gmem1_m_axi_write is either unconnected or has no load
WARNING: [Synth 8-7129] Port in_BUS_BRESP[1] in module attention_score_u55c_kernel_gmem1_m_axi_write is either unconnected or has no load
WARNING: [Synth 8-7129] Port in_BUS_BRESP[0] in module attention_score_u55c_kernel_gmem1_m_axi_write is either unconnected or has no load
WARNING: [Synth 8-7129] Port in_BUS_BUSER[0] in module attention_score_u55c_kernel_gmem1_m_axi_write is either unconnected or has no load
WARNING: [Synth 8-7129] Port in_BUS_RID[0] in module attention_score_u55c_kernel_gmem0_m_axi_read is either unconnected or has no load
WARNING: [Synth 8-7129] Port in_BUS_RRESP[1] in module attention_score_u55c_kernel_gmem0_m_axi_read is either unconnected or has no load
WARNING: [Synth 8-7129] Port in_BUS_RRESP[0] in module attention_score_u55c_kernel_gmem0_m_axi_read is either unconnected or has no load
WARNING: [Synth 8-7129] Port in_BUS_RUSER[0] in module attention_score_u55c_kernel_gmem0_m_axi_read is either unconnected or has no load
WARNING: [Synth 8-7129] Port in_BUS_BID[0] in module attention_score_u55c_kernel_gmem0_m_axi_write is either unconnected or has no load
WARNING: [Synth 8-7129] Port in_BUS_BRESP[1] in module attention_score_u55c_kernel_gmem0_m_axi_write is either unconnected or has no load
WARNING: [Synth 8-7129] Port in_BUS_BRESP[0] in module attention_score_u55c_kernel_gmem0_m_axi_write is either unconnected or has no load
WARNING: [Synth 8-7129] Port in_BUS_BUSER[0] in module attention_score_u55c_kernel_gmem0_m_axi_write is either unconnected or has no load
WARNING: [Synth 8-7129] Port m_axi_gmem2_AWREADY in module attention_score_u55c_kernel_attention_score_u55c_kernel_Pipeline_VITIS_LOOP_78_5_VITIS_LOOP_79_6 is either unconnected or has no load
WARNING: [Synth 8-7129] Port m_axi_gmem2_ARREADY in module attention_score_u55c_kernel_attention_score_u55c_kernel_Pipeline_VITIS_LOOP_78_5_VITIS_LOOP_79_6 is either unconnected or has no load
WARNING: [Synth 8-7129] Port m_axi_gmem2_RVALID in module attention_score_u55c_kernel_attention_score_u55c_kernel_Pipeline_VITIS_LOOP_78_5_VITIS_LOOP_79_6 is either unconnected or has no load
WARNING: [Synth 8-7129] Port m_axi_gmem2_RDATA[511] in module attention_score_u55c_kernel_attention_score_u55c_kernel_Pipeline_VITIS_LOOP_78_5_VITIS_LOOP_79_6 is either unconnected or has no load
WARNING: [Synth 8-7129] Port m_axi_gmem2_RDATA[510] in module attention_score_u55c_kernel_attention_score_u55c_kernel_Pipeline_VITIS_LOOP_78_5_VITIS_LOOP_79_6 is either unconnected or has no load
WARNING: [Synth 8-7129] Port m_axi_gmem2_RDATA[509] in module attention_score_u55c_kernel_attention_score_u55c_kernel_Pipeline_VITIS_LOOP_78_5_VITIS_LOOP_79_6 is either unconnected or has no load
WARNING: [Synth 8-7129] Port m_axi_gmem2_RDATA[508] in module attention_score_u55c_kernel_attention_score_u55c_kernel_Pipeline_VITIS_LOOP_78_5_VITIS_LOOP_79_6 is either unconnected or has no load
WARNING: [Synth 8-7129] Port m_axi_gmem2_RDATA[507] in module attention_score_u55c_kernel_attention_score_u55c_kernel_Pipeline_VITIS_LOOP_78_5_VITIS_LOOP_79_6 is either unconnected or has no load
WARNING: [Synth 8-7129] Port m_axi_gmem2_RDATA[506] in module attention_score_u55c_kernel_attention_score_u55c_kernel_Pipeline_VITIS_LOOP_78_5_VITIS_LOOP_79_6 is either unconnected or has no load
WARNING: [Synth 8-7129] Port m_axi_gmem2_RDATA[505] in module attention_score_u55c_kernel_attention_score_u55c_kernel_Pipeline_VITIS_LOOP_78_5_VITIS_LOOP_79_6 is either unconnected or has no load
WARNING: [Synth 8-7129] Port m_axi_gmem2_RDATA[504] in module attention_score_u55c_kernel_attention_score_u55c_kernel_Pipeline_VITIS_LOOP_78_5_VITIS_LOOP_79_6 is either unconnected or has no load
WARNING: [Synth 8-7129] Port m_axi_gmem2_RDATA[503] in module attention_score_u55c_kernel_attention_score_u55c_kernel_Pipeline_VITIS_LOOP_78_5_VITIS_LOOP_79_6 is either unconnected or has no load
WARNING: [Synth 8-7129] Port m_axi_gmem2_RDATA[502] in module attention_score_u55c_kernel_attention_score_u55c_kernel_Pipeline_VITIS_LOOP_78_5_VITIS_LOOP_79_6 is either unconnected or has no load
WARNING: [Synth 8-7129] Port m_axi_gmem2_RDATA[501] in module attention_score_u55c_kernel_attention_score_u55c_kernel_Pipeline_VITIS_LOOP_78_5_VITIS_LOOP_79_6 is either unconnected or has no load
WARNING: [Synth 8-7129] Port m_axi_gmem2_RDATA[500] in module attention_score_u55c_kernel_attention_score_u55c_kernel_Pipeline_VITIS_LOOP_78_5_VITIS_LOOP_79_6 is either unconnected or has no load
WARNING: [Synth 8-7129] Port m_axi_gmem2_RDATA[499] in module attention_score_u55c_kernel_attention_score_u55c_kernel_Pipeline_VITIS_LOOP_78_5_VITIS_LOOP_79_6 is either unconnected or has no load
WARNING: [Synth 8-7129] Port m_axi_gmem2_RDATA[498] in module attention_score_u55c_kernel_attention_score_u55c_kernel_Pipeline_VITIS_LOOP_78_5_VITIS_LOOP_79_6 is either unconnected or has no load
WARNING: [Synth 8-7129] Port m_axi_gmem2_RDATA[497] in module attention_score_u55c_kernel_attention_score_u55c_kernel_Pipeline_VITIS_LOOP_78_5_VITIS_LOOP_79_6 is either unconnected or has no load
WARNING: [Synth 8-7129] Port m_axi_gmem2_RDATA[496] in module attention_score_u55c_kernel_attention_score_u55c_kernel_Pipeline_VITIS_LOOP_78_5_VITIS_LOOP_79_6 is either unconnected or has no load
WARNING: [Synth 8-7129] Port m_axi_gmem2_RDATA[495] in module attention_score_u55c_kernel_attention_score_u55c_kernel_Pipeline_VITIS_LOOP_78_5_VITIS_LOOP_79_6 is either unconnected or has no load
WARNING: [Synth 8-7129] Port m_axi_gmem2_RDATA[494] in module attention_score_u55c_kernel_attention_score_u55c_kernel_Pipeline_VITIS_LOOP_78_5_VITIS_LOOP_79_6 is either unconnected or has no load
WARNING: [Synth 8-7129] Port m_axi_gmem2_RDATA[493] in module attention_score_u55c_kernel_attention_score_u55c_kernel_Pipeline_VITIS_LOOP_78_5_VITIS_LOOP_79_6 is either unconnected or has no load
WARNING: [Synth 8-7129] Port m_axi_gmem2_RDATA[492] in module attention_score_u55c_kernel_attention_score_u55c_kernel_Pipeline_VITIS_LOOP_78_5_VITIS_LOOP_79_6 is either unconnected or has no load
WARNING: [Synth 8-7129] Port m_axi_gmem2_RDATA[491] in module attention_score_u55c_kernel_attention_score_u55c_kernel_Pipeline_VITIS_LOOP_78_5_VITIS_LOOP_79_6 is either unconnected or has no load
WARNING: [Synth 8-7129] Port m_axi_gmem2_RDATA[490] in module attention_score_u55c_kernel_attention_score_u55c_kernel_Pipeline_VITIS_LOOP_78_5_VITIS_LOOP_79_6 is either unconnected or has no load
WARNING: [Synth 8-7129] Port m_axi_gmem2_RDATA[489] in module attention_score_u55c_kernel_attention_score_u55c_kernel_Pipeline_VITIS_LOOP_78_5_VITIS_LOOP_79_6 is either unconnected or has no load
WARNING: [Synth 8-7129] Port m_axi_gmem2_RDATA[488] in module attention_score_u55c_kernel_attention_score_u55c_kernel_Pipeline_VITIS_LOOP_78_5_VITIS_LOOP_79_6 is either unconnected or has no load
WARNING: [Synth 8-7129] Port m_axi_gmem2_RDATA[487] in module attention_score_u55c_kernel_attention_score_u55c_kernel_Pipeline_VITIS_LOOP_78_5_VITIS_LOOP_79_6 is either unconnected or has no load
WARNING: [Synth 8-7129] Port m_axi_gmem2_RDATA[486] in module attention_score_u55c_kernel_attention_score_u55c_kernel_Pipeline_VITIS_LOOP_78_5_VITIS_LOOP_79_6 is either unconnected or has no load
WARNING: [Synth 8-7129] Port m_axi_gmem2_RDATA[485] in module attention_score_u55c_kernel_attention_score_u55c_kernel_Pipeline_VITIS_LOOP_78_5_VITIS_LOOP_79_6 is either unconnected or has no load
WARNING: [Synth 8-7129] Port m_axi_gmem2_RDATA[484] in module attention_score_u55c_kernel_attention_score_u55c_kernel_Pipeline_VITIS_LOOP_78_5_VITIS_LOOP_79_6 is either unconnected or has no load
WARNING: [Synth 8-7129] Port m_axi_gmem2_RDATA[483] in module attention_score_u55c_kernel_attention_score_u55c_kernel_Pipeline_VITIS_LOOP_78_5_VITIS_LOOP_79_6 is either unconnected or has no load
WARNING: [Synth 8-7129] Port m_axi_gmem2_RDATA[482] in module attention_score_u55c_kernel_attention_score_u55c_kernel_Pipeline_VITIS_LOOP_78_5_VITIS_LOOP_79_6 is either unconnected or has no load
WARNING: [Synth 8-7129] Port m_axi_gmem2_RDATA[481] in module attention_score_u55c_kernel_attention_score_u55c_kernel_Pipeline_VITIS_LOOP_78_5_VITIS_LOOP_79_6 is either unconnected or has no load
WARNING: [Synth 8-7129] Port m_axi_gmem2_RDATA[480] in module attention_score_u55c_kernel_attention_score_u55c_kernel_Pipeline_VITIS_LOOP_78_5_VITIS_LOOP_79_6 is either unconnected or has no load
WARNING: [Synth 8-7129] Port m_axi_gmem2_RDATA[479] in module attention_score_u55c_kernel_attention_score_u55c_kernel_Pipeline_VITIS_LOOP_78_5_VITIS_LOOP_79_6 is either unconnected or has no load
WARNING: [Synth 8-7129] Port m_axi_gmem2_RDATA[478] in module attention_score_u55c_kernel_attention_score_u55c_kernel_Pipeline_VITIS_LOOP_78_5_VITIS_LOOP_79_6 is either unconnected or has no load
WARNING: [Synth 8-7129] Port m_axi_gmem2_RDATA[477] in module attention_score_u55c_kernel_attention_score_u55c_kernel_Pipeline_VITIS_LOOP_78_5_VITIS_LOOP_79_6 is either unconnected or has no load
WARNING: [Synth 8-7129] Port m_axi_gmem2_RDATA[476] in module attention_score_u55c_kernel_attention_score_u55c_kernel_Pipeline_VITIS_LOOP_78_5_VITIS_LOOP_79_6 is either unconnected or has no load
WARNING: [Synth 8-7129] Port m_axi_gmem2_RDATA[475] in module attention_score_u55c_kernel_attention_score_u55c_kernel_Pipeline_VITIS_LOOP_78_5_VITIS_LOOP_79_6 is either unconnected or has no load
WARNING: [Synth 8-7129] Port m_axi_gmem2_RDATA[474] in module attention_score_u55c_kernel_attention_score_u55c_kernel_Pipeline_VITIS_LOOP_78_5_VITIS_LOOP_79_6 is either unconnected or has no load
WARNING: [Synth 8-7129] Port m_axi_gmem2_RDATA[473] in module attention_score_u55c_kernel_attention_score_u55c_kernel_Pipeline_VITIS_LOOP_78_5_VITIS_LOOP_79_6 is either unconnected or has no load
WARNING: [Synth 8-7129] Port m_axi_gmem2_RDATA[472] in module attention_score_u55c_kernel_attention_score_u55c_kernel_Pipeline_VITIS_LOOP_78_5_VITIS_LOOP_79_6 is either unconnected or has no load
WARNING: [Synth 8-7129] Port m_axi_gmem2_RDATA[471] in module attention_score_u55c_kernel_attention_score_u55c_kernel_Pipeline_VITIS_LOOP_78_5_VITIS_LOOP_79_6 is either unconnected or has no load
WARNING: [Synth 8-7129] Port m_axi_gmem2_RDATA[470] in module attention_score_u55c_kernel_attention_score_u55c_kernel_Pipeline_VITIS_LOOP_78_5_VITIS_LOOP_79_6 is either unconnected or has no load
WARNING: [Synth 8-7129] Port m_axi_gmem2_RDATA[469] in module attention_score_u55c_kernel_attention_score_u55c_kernel_Pipeline_VITIS_LOOP_78_5_VITIS_LOOP_79_6 is either unconnected or has no load
WARNING: [Synth 8-7129] Port m_axi_gmem2_RDATA[468] in module attention_score_u55c_kernel_attention_score_u55c_kernel_Pipeline_VITIS_LOOP_78_5_VITIS_LOOP_79_6 is either unconnected or has no load
WARNING: [Synth 8-7129] Port m_axi_gmem2_RDATA[467] in module attention_score_u55c_kernel_attention_score_u55c_kernel_Pipeline_VITIS_LOOP_78_5_VITIS_LOOP_79_6 is either unconnected or has no load
WARNING: [Synth 8-7129] Port m_axi_gmem2_RDATA[466] in module attention_score_u55c_kernel_attention_score_u55c_kernel_Pipeline_VITIS_LOOP_78_5_VITIS_LOOP_79_6 is either unconnected or has no load
WARNING: [Synth 8-7129] Port m_axi_gmem2_RDATA[465] in module attention_score_u55c_kernel_attention_score_u55c_kernel_Pipeline_VITIS_LOOP_78_5_VITIS_LOOP_79_6 is either unconnected or has no load
WARNING: [Synth 8-7129] Port m_axi_gmem2_RDATA[464] in module attention_score_u55c_kernel_attention_score_u55c_kernel_Pipeline_VITIS_LOOP_78_5_VITIS_LOOP_79_6 is either unconnected or has no load
WARNING: [Synth 8-7129] Port m_axi_gmem2_RDATA[463] in module attention_score_u55c_kernel_attention_score_u55c_kernel_Pipeline_VITIS_LOOP_78_5_VITIS_LOOP_79_6 is either unconnected or has no load
WARNING: [Synth 8-7129] Port m_axi_gmem2_RDATA[462] in module attention_score_u55c_kernel_attention_score_u55c_kernel_Pipeline_VITIS_LOOP_78_5_VITIS_LOOP_79_6 is either unconnected or has no load
WARNING: [Synth 8-7129] Port m_axi_gmem2_RDATA[461] in module attention_score_u55c_kernel_attention_score_u55c_kernel_Pipeline_VITIS_LOOP_78_5_VITIS_LOOP_79_6 is either unconnected or has no load
WARNING: [Synth 8-7129] Port m_axi_gmem2_RDATA[460] in module attention_score_u55c_kernel_attention_score_u55c_kernel_Pipeline_VITIS_LOOP_78_5_VITIS_LOOP_79_6 is either unconnected or has no load
WARNING: [Synth 8-7129] Port m_axi_gmem2_RDATA[459] in module attention_score_u55c_kernel_attention_score_u55c_kernel_Pipeline_VITIS_LOOP_78_5_VITIS_LOOP_79_6 is either unconnected or has no load
WARNING: [Synth 8-7129] Port m_axi_gmem2_RDATA[458] in module attention_score_u55c_kernel_attention_score_u55c_kernel_Pipeline_VITIS_LOOP_78_5_VITIS_LOOP_79_6 is either unconnected or has no load
WARNING: [Synth 8-7129] Port m_axi_gmem2_RDATA[457] in module attention_score_u55c_kernel_attention_score_u55c_kernel_Pipeline_VITIS_LOOP_78_5_VITIS_LOOP_79_6 is either unconnected or has no load
WARNING: [Synth 8-7129] Port m_axi_gmem2_RDATA[456] in module attention_score_u55c_kernel_attention_score_u55c_kernel_Pipeline_VITIS_LOOP_78_5_VITIS_LOOP_79_6 is either unconnected or has no load
WARNING: [Synth 8-7129] Port m_axi_gmem2_RDATA[455] in module attention_score_u55c_kernel_attention_score_u55c_kernel_Pipeline_VITIS_LOOP_78_5_VITIS_LOOP_79_6 is either unconnected or has no load
WARNING: [Synth 8-7129] Port m_axi_gmem2_RDATA[454] in module attention_score_u55c_kernel_attention_score_u55c_kernel_Pipeline_VITIS_LOOP_78_5_VITIS_LOOP_79_6 is either unconnected or has no load
WARNING: [Synth 8-7129] Port m_axi_gmem2_RDATA[453] in module attention_score_u55c_kernel_attention_score_u55c_kernel_Pipeline_VITIS_LOOP_78_5_VITIS_LOOP_79_6 is either unconnected or has no load
WARNING: [Synth 8-7129] Port m_axi_gmem2_RDATA[452] in module attention_score_u55c_kernel_attention_score_u55c_kernel_Pipeline_VITIS_LOOP_78_5_VITIS_LOOP_79_6 is either unconnected or has no load
WARNING: [Synth 8-7129] Port m_axi_gmem2_RDATA[451] in module attention_score_u55c_kernel_attention_score_u55c_kernel_Pipeline_VITIS_LOOP_78_5_VITIS_LOOP_79_6 is either unconnected or has no load
WARNING: [Synth 8-7129] Port m_axi_gmem2_RDATA[450] in module attention_score_u55c_kernel_attention_score_u55c_kernel_Pipeline_VITIS_LOOP_78_5_VITIS_LOOP_79_6 is either unconnected or has no load
WARNING: [Synth 8-7129] Port m_axi_gmem2_RDATA[449] in module attention_score_u55c_kernel_attention_score_u55c_kernel_Pipeline_VITIS_LOOP_78_5_VITIS_LOOP_79_6 is either unconnected or has no load
WARNING: [Synth 8-7129] Port m_axi_gmem2_RDATA[448] in module attention_score_u55c_kernel_attention_score_u55c_kernel_Pipeline_VITIS_LOOP_78_5_VITIS_LOOP_79_6 is either unconnected or has no load
WARNING: [Synth 8-7129] Port m_axi_gmem2_RDATA[447] in module attention_score_u55c_kernel_attention_score_u55c_kernel_Pipeline_VITIS_LOOP_78_5_VITIS_LOOP_79_6 is either unconnected or has no load
WARNING: [Synth 8-7129] Port m_axi_gmem2_RDATA[446] in module attention_score_u55c_kernel_attention_score_u55c_kernel_Pipeline_VITIS_LOOP_78_5_VITIS_LOOP_79_6 is either unconnected or has no load
WARNING: [Synth 8-7129] Port m_axi_gmem2_RDATA[445] in module attention_score_u55c_kernel_attention_score_u55c_kernel_Pipeline_VITIS_LOOP_78_5_VITIS_LOOP_79_6 is either unconnected or has no load
WARNING: [Synth 8-7129] Port m_axi_gmem2_RDATA[444] in module attention_score_u55c_kernel_attention_score_u55c_kernel_Pipeline_VITIS_LOOP_78_5_VITIS_LOOP_79_6 is either unconnected or has no load
WARNING: [Synth 8-7129] Port m_axi_gmem2_RDATA[443] in module attention_score_u55c_kernel_attention_score_u55c_kernel_Pipeline_VITIS_LOOP_78_5_VITIS_LOOP_79_6 is either unconnected or has no load
WARNING: [Synth 8-7129] Port m_axi_gmem2_RDATA[442] in module attention_score_u55c_kernel_attention_score_u55c_kernel_Pipeline_VITIS_LOOP_78_5_VITIS_LOOP_79_6 is either unconnected or has no load
WARNING: [Synth 8-7129] Port m_axi_gmem2_RDATA[441] in module attention_score_u55c_kernel_attention_score_u55c_kernel_Pipeline_VITIS_LOOP_78_5_VITIS_LOOP_79_6 is either unconnected or has no load
WARNING: [Synth 8-7129] Port m_axi_gmem2_RDATA[440] in module attention_score_u55c_kernel_attention_score_u55c_kernel_Pipeline_VITIS_LOOP_78_5_VITIS_LOOP_79_6 is either unconnected or has no load
WARNING: [Synth 8-7129] Port m_axi_gmem2_RDATA[439] in module attention_score_u55c_kernel_attention_score_u55c_kernel_Pipeline_VITIS_LOOP_78_5_VITIS_LOOP_79_6 is either unconnected or has no load
INFO: [Common 17-14] Message 'Synth 8-7129' appears 100 times and further instances of the messages will be disabled. Use the Tcl command set_msg_config to change the current settings.
---------------------------------------------------------------------------------
Finished RTL Elaboration : Time (s): cpu = 00:00:05 ; elapsed = 00:00:06 . Memory (MB): peak = 3274.578 ; gain = 543.234 ; free physical = 6638 ; free virtual = 11581
Synthesis current peak Physical Memory [PSS] (MB): peak = 2339.603; parent = 2169.049; children = 172.293
Synthesis current peak Virtual Memory [VSS] (MB): peak = 4244.344; parent = 3274.582; children = 969.762
---------------------------------------------------------------------------------
---------------------------------------------------------------------------------
Start Handling Custom Attributes
---------------------------------------------------------------------------------
---------------------------------------------------------------------------------
Finished Handling Custom Attributes : Time (s): cpu = 00:00:06 ; elapsed = 00:00:06 . Memory (MB): peak = 3292.391 ; gain = 561.047 ; free physical = 6312 ; free virtual = 11249
Synthesis current peak Physical Memory [PSS] (MB): peak = 2339.603; parent = 2169.529; children = 172.293
Synthesis current peak Virtual Memory [VSS] (MB): peak = 4262.156; parent = 3292.395; children = 969.762
---------------------------------------------------------------------------------
---------------------------------------------------------------------------------
Finished RTL Optimization Phase 1 : Time (s): cpu = 00:00:06 ; elapsed = 00:00:06 . Memory (MB): peak = 3292.391 ; gain = 561.047 ; free physical = 6227 ; free virtual = 11164
Synthesis current peak Physical Memory [PSS] (MB): peak = 2339.603; parent = 2169.529; children = 172.293
Synthesis current peak Virtual Memory [VSS] (MB): peak = 4262.156; parent = 3292.395; children = 969.762
---------------------------------------------------------------------------------
Netlist sorting complete. Time (s): cpu = 00:00:00.53 ; elapsed = 00:00:00.53 . Memory (MB): peak = 3292.391 ; gain = 0.000 ; free physical = 9146 ; free virtual = 14101
INFO: [Project 1-570] Preparing netlist for logic optimization

Processing XDC Constraints
Initializing timing engine
Parsing XDC File [/home/advent/Desktop/RC19/_x/link/vivado/vpl/prj/prj.gen/my_rm/bd/ulp/ip/ulp_attention_score_u55c_kernel_1_0/constraints/attention_score_u55c_kernel_ooc.xdc] for cell 'inst'
0V85_VCCINT { VCCINT }  -supply_current_budget  100.000 A -voltage  0.850 V -direct
0V85_VCCINT_IO { VCCINT_IO VCCBRAM }  -supply_current_budget  30.000 A -voltage  0.850 V -direct
0V9_AVCC { MGTYAVCC }  -supply_current_budget  0.000 A -voltage  0.900 V -direct
1V2_AVTT { MGTYAVTT }  -supply_current_budget  0.000 A -voltage  1.200 V -direct
1V2_HBM { VCC_HBM }  -supply_current_budget  0.000 A -voltage  1.200 V -direct
1V8 { VCCAUX VCCAUX_IO MGTYVCCAUX VCCO18 VCCADC }  -supply_current_budget  4.000 A -voltage  1.800 V -direct
2V5_VPP { VCCAUX_HBM }  -supply_current_budget  0.300 A -voltage  2.500 V -direct
Finished Parsing XDC File [/home/advent/Desktop/RC19/_x/link/vivado/vpl/prj/prj.gen/my_rm/bd/ulp/ip/ulp_attention_score_u55c_kernel_1_0/constraints/attention_score_u55c_kernel_ooc.xdc] for cell 'inst'
Parsing XDC File [/home/advent/Desktop/RC19/_x/link/vivado/vpl/prj/prj.runs/ulp_attention_score_u55c_kernel_1_0_synth_1/dont_touch.xdc]
Finished Parsing XDC File [/home/advent/Desktop/RC19/_x/link/vivado/vpl/prj/prj.runs/ulp_attention_score_u55c_kernel_1_0_synth_1/dont_touch.xdc]
Completed Processing XDC Constraints

Netlist sorting complete. Time (s): cpu = 00:00:00.01 ; elapsed = 00:00:00.01 . Memory (MB): peak = 3560.520 ; gain = 0.000 ; free physical = 9319 ; free virtual = 14272
INFO: [Project 1-111] Unisim Transformation Summary:
No Unisim elements were transformed.

Constraint Validation Runtime : Time (s): cpu = 00:00:00.79 ; elapsed = 00:00:00.82 . Memory (MB): peak = 3595.363 ; gain = 34.844 ; free physical = 9228 ; free virtual = 14186
INFO: [Designutils 20-5008] Incremental synthesis strategy off
INFO: [Synth 8-11241] undeclared symbol 'REGCCE', assumed default net type 'wire' [/home/advent/Vivado/Vivado/2022.2/data/verilog/src/unimacro/BRAM_SINGLE_MACRO.v:2170]
---------------------------------------------------------------------------------
Finished Constraint Validation : Time (s): cpu = 00:00:21 ; elapsed = 00:00:22 . Memory (MB): peak = 3595.363 ; gain = 864.020 ; free physical = 8466 ; free virtual = 13423
Synthesis current peak Physical Memory [PSS] (MB): peak = 2560.536; parent = 2416.960; children = 172.293
Synthesis current peak Virtual Memory [VSS] (MB): peak = 4565.129; parent = 3595.367; children = 969.762
---------------------------------------------------------------------------------
---------------------------------------------------------------------------------
Start Loading Part and Timing Information
---------------------------------------------------------------------------------
Loading part: xcu55c-fsvh2892-2L-e
INFO: [Synth 8-6742] Reading net delay rules and data
---------------------------------------------------------------------------------
Finished Loading Part and Timing Information : Time (s): cpu = 00:00:21 ; elapsed = 00:00:22 . Memory (MB): peak = 3595.363 ; gain = 864.020 ; free physical = 8447 ; free virtual = 13403
Synthesis current peak Physical Memory [PSS] (MB): peak = 2560.536; parent = 2416.960; children = 172.293
Synthesis current peak Virtual Memory [VSS] (MB): peak = 4565.129; parent = 3595.367; children = 969.762
---------------------------------------------------------------------------------
---------------------------------------------------------------------------------
Start Applying 'set_property' XDC Constraints
---------------------------------------------------------------------------------
Applied set_property KEEP_HIERARCHY = SOFT for inst. (constraint file  /home/advent/Desktop/RC19/_x/link/vivado/vpl/prj/prj.runs/ulp_attention_score_u55c_kernel_1_0_synth_1/dont_touch.xdc, line 9).
---------------------------------------------------------------------------------
Finished applying 'set_property' XDC Constraints : Time (s): cpu = 00:00:21 ; elapsed = 00:00:22 . Memory (MB): peak = 3595.363 ; gain = 864.020 ; free physical = 8428 ; free virtual = 13385
Synthesis current peak Physical Memory [PSS] (MB): peak = 2560.536; parent = 2416.960; children = 172.293
Synthesis current peak Virtual Memory [VSS] (MB): peak = 4565.129; parent = 3595.367; children = 969.762
---------------------------------------------------------------------------------
INFO: [Synth 8-802] inferred FSM for state register 'wstate_reg' in module 'attention_score_u55c_kernel_control_s_axi'
INFO: [Synth 8-802] inferred FSM for state register 'rstate_reg' in module 'attention_score_u55c_kernel_control_s_axi'
INFO: [Synth 8-802] inferred FSM for state register 'state_reg' in module 'attention_score_u55c_kernel_gmem0_m_axi_reg_slice'
INFO: [Synth 8-802] inferred FSM for state register 'state_reg' in module 'attention_score_u55c_kernel_gmem0_m_axi_reg_slice__parameterized0'
INFO: [Synth 8-802] inferred FSM for state register 'state_reg' in module 'attention_score_u55c_kernel_gmem0_m_axi_reg_slice__parameterized1'
INFO: [Synth 8-802] inferred FSM for state register 'state_reg' in module 'attention_score_u55c_kernel_gmem0_m_axi_reg_slice__parameterized2'
INFO: [Synth 8-802] inferred FSM for state register 'state_reg' in module 'attention_score_u55c_kernel_gmem1_m_axi_reg_slice'
INFO: [Synth 8-802] inferred FSM for state register 'state_reg' in module 'attention_score_u55c_kernel_gmem1_m_axi_reg_slice__parameterized0'
INFO: [Synth 8-802] inferred FSM for state register 'state_reg' in module 'attention_score_u55c_kernel_gmem1_m_axi_reg_slice__parameterized1'
INFO: [Synth 8-802] inferred FSM for state register 'state_reg' in module 'attention_score_u55c_kernel_gmem1_m_axi_reg_slice__parameterized2'
INFO: [Synth 8-802] inferred FSM for state register 'state_reg' in module 'attention_score_u55c_kernel_gmem2_m_axi_reg_slice'
INFO: [Synth 8-802] inferred FSM for state register 'state_reg' in module 'attention_score_u55c_kernel_gmem2_m_axi_reg_slice__parameterized0'
INFO: [Synth 8-802] inferred FSM for state register 'state_reg' in module 'attention_score_u55c_kernel_gmem2_m_axi_reg_slice__parameterized1'
INFO: [Synth 8-802] inferred FSM for state register 'state_reg' in module 'attention_score_u55c_kernel_gmem2_m_axi_reg_slice__parameterized2'
INFO: [Synth 8-4490] FSM extraction disabled for register 'ap_CS_fsm_reg' through user attribute
INFO: [Synth 8-6904] The RAM "attention_score_u55c_kernel_q_local_V_RAM_1WNR_AUTO_1R1W:/ram0_reg" of size (depth=64 x width=8) is automatically implemented using LUTRAM. BRAM implementation would be inefficient 
INFO: [Synth 8-6904] The RAM "attention_score_u55c_kernel_q_local_V_RAM_1WNR_AUTO_1R1W:/ram1_reg" of size (depth=64 x width=8) is automatically implemented using LUTRAM. BRAM implementation would be inefficient 
INFO: [Synth 8-6904] The RAM "attention_score_u55c_kernel_q_local_V_RAM_1WNR_AUTO_1R1W:/ram2_reg" of size (depth=64 x width=8) is automatically implemented using LUTRAM. BRAM implementation would be inefficient 
INFO: [Synth 8-6904] The RAM "attention_score_u55c_kernel_q_local_V_RAM_1WNR_AUTO_1R1W:/ram3_reg" of size (depth=64 x width=8) is automatically implemented using LUTRAM. BRAM implementation would be inefficient 
INFO: [Synth 8-6904] The RAM "attention_score_u55c_kernel_q_local_V_RAM_1WNR_AUTO_1R1W:/ram4_reg" of size (depth=64 x width=8) is automatically implemented using LUTRAM. BRAM implementation would be inefficient 
INFO: [Synth 8-6904] The RAM "attention_score_u55c_kernel_q_local_V_RAM_1WNR_AUTO_1R1W:/ram5_reg" of size (depth=64 x width=8) is automatically implemented using LUTRAM. BRAM implementation would be inefficient 
INFO: [Synth 8-6904] The RAM "attention_score_u55c_kernel_q_local_V_RAM_1WNR_AUTO_1R1W:/ram6_reg" of size (depth=64 x width=8) is automatically implemented using LUTRAM. BRAM implementation would be inefficient 
INFO: [Synth 8-7030] Implemented Non-Cascaded Block Ram (cascade_height = 1) of width 8 for RAM "attention_score_u55c_kernel_k_local_V_RAM_1WNR_AUTO_1R1W:/ram0_reg"
INFO: [Synth 8-7030] Implemented Non-Cascaded Block Ram (cascade_height = 1) of width 8 for RAM "attention_score_u55c_kernel_k_local_V_RAM_1WNR_AUTO_1R1W:/ram1_reg"
INFO: [Synth 8-7030] Implemented Non-Cascaded Block Ram (cascade_height = 1) of width 8 for RAM "attention_score_u55c_kernel_k_local_V_RAM_1WNR_AUTO_1R1W:/ram2_reg"
INFO: [Synth 8-7030] Implemented Non-Cascaded Block Ram (cascade_height = 1) of width 8 for RAM "attention_score_u55c_kernel_k_local_V_RAM_1WNR_AUTO_1R1W:/ram3_reg"
INFO: [Synth 8-7030] Implemented Non-Cascaded Block Ram (cascade_height = 1) of width 8 for RAM "attention_score_u55c_kernel_k_local_V_RAM_1WNR_AUTO_1R1W:/ram4_reg"
INFO: [Synth 8-7030] Implemented Non-Cascaded Block Ram (cascade_height = 1) of width 8 for RAM "attention_score_u55c_kernel_k_local_V_RAM_1WNR_AUTO_1R1W:/ram5_reg"
INFO: [Synth 8-7030] Implemented Non-Cascaded Block Ram (cascade_height = 1) of width 8 for RAM "attention_score_u55c_kernel_k_local_V_RAM_1WNR_AUTO_1R1W:/ram6_reg"
---------------------------------------------------------------------------------------------------
                   State |                     New Encoding |                Previous Encoding 
---------------------------------------------------------------------------------------------------
                  iSTATE |                             0001 |                               11
*
                  WRIDLE |                             0010 |                               00
                  WRDATA |                             0100 |                               01
                  WRRESP |                             1000 |                               10
---------------------------------------------------------------------------------------------------
INFO: [Synth 8-3354] encoded FSM with state register 'wstate_reg' using encoding 'one-hot' in module 'attention_score_u55c_kernel_control_s_axi'
---------------------------------------------------------------------------------------------------
                   State |                     New Encoding |                Previous Encoding 
---------------------------------------------------------------------------------------------------
                  iSTATE |                              001 |                               10
*
                  RDIDLE |                              010 |                               00
                  RDDATA |                              100 |                               01
---------------------------------------------------------------------------------------------------
INFO: [Synth 8-3354] encoded FSM with state register 'rstate_reg' using encoding 'one-hot' in module 'attention_score_u55c_kernel_control_s_axi'
---------------------------------------------------------------------------------------------------
                   State |                     New Encoding |                Previous Encoding 
---------------------------------------------------------------------------------------------------
                    ZERO |                               00 |                               10
                     ONE |                               10 |                               11
                     TWO |                               01 |                               01
---------------------------------------------------------------------------------------------------
INFO: [Synth 8-3354] encoded FSM with state register 'state_reg' using encoding 'sequential' in module 'attention_score_u55c_kernel_gmem0_m_axi_reg_slice'
---------------------------------------------------------------------------------------------------
                   State |                     New Encoding |                Previous Encoding 
---------------------------------------------------------------------------------------------------
                    ZERO |                               00 |                               10
                     ONE |                               10 |                               11
                     TWO |                               01 |                               01
---------------------------------------------------------------------------------------------------
INFO: [Synth 8-3354] encoded FSM with state register 'state_reg' using encoding 'sequential' in module 'attention_score_u55c_kernel_gmem0_m_axi_reg_slice__parameterized0'
---------------------------------------------------------------------------------------------------
                   State |                     New Encoding |                Previous Encoding 
---------------------------------------------------------------------------------------------------
                    ZERO |                               00 |                               10
                     ONE |                               10 |                               11
                     TWO |                               01 |                               01
---------------------------------------------------------------------------------------------------
INFO: [Synth 8-3354] encoded FSM with state register 'state_reg' using encoding 'sequential' in module 'attention_score_u55c_kernel_gmem0_m_axi_reg_slice__parameterized1'
---------------------------------------------------------------------------------------------------
                   State |                     New Encoding |                Previous Encoding 
---------------------------------------------------------------------------------------------------
                    ZERO |                               00 |                               10
                     ONE |                               10 |                               11
                     TWO |                               01 |                               01
---------------------------------------------------------------------------------------------------
INFO: [Synth 8-3354] encoded FSM with state register 'state_reg' using encoding 'sequential' in module 'attention_score_u55c_kernel_gmem0_m_axi_reg_slice__parameterized2'
---------------------------------------------------------------------------------------------------
                   State |                     New Encoding |                Previous Encoding 
---------------------------------------------------------------------------------------------------
                    ZERO |                               00 |                               10
                     ONE |                               10 |                               11
                     TWO |                               01 |                               01
---------------------------------------------------------------------------------------------------
INFO: [Synth 8-3354] encoded FSM with state register 'state_reg' using encoding 'sequential' in module 'attention_score_u55c_kernel_gmem1_m_axi_reg_slice'
---------------------------------------------------------------------------------------------------
                   State |                     New Encoding |                Previous Encoding 
---------------------------------------------------------------------------------------------------
                    ZERO |                               00 |                               10
                     ONE |                               10 |                               11
                     TWO |                               01 |                               01
---------------------------------------------------------------------------------------------------
INFO: [Synth 8-3354] encoded FSM with state register 'state_reg' using encoding 'sequential' in module 'attention_score_u55c_kernel_gmem1_m_axi_reg_slice__parameterized0'
---------------------------------------------------------------------------------------------------
                   State |                     New Encoding |                Previous Encoding 
---------------------------------------------------------------------------------------------------
                    ZERO |                               00 |                               10
                     ONE |                               10 |                               11
                     TWO |                               01 |                               01
---------------------------------------------------------------------------------------------------
INFO: [Synth 8-3354] encoded FSM with state register 'state_reg' using encoding 'sequential' in module 'attention_score_u55c_kernel_gmem1_m_axi_reg_slice__parameterized1'
---------------------------------------------------------------------------------------------------
                   State |                     New Encoding |                Previous Encoding 
---------------------------------------------------------------------------------------------------
                    ZERO |                               00 |                               10
                     ONE |                               10 |                               11
                     TWO |                               01 |                               01
---------------------------------------------------------------------------------------------------
INFO: [Synth 8-3354] encoded FSM with state register 'state_reg' using encoding 'sequential' in module 'attention_score_u55c_kernel_gmem1_m_axi_reg_slice__parameterized2'
---------------------------------------------------------------------------------------------------
                   State |                     New Encoding |                Previous Encoding 
---------------------------------------------------------------------------------------------------
                    ZERO |                               00 |                               10
                     ONE |                               10 |                               11
                     TWO |                               01 |                               01
---------------------------------------------------------------------------------------------------
INFO: [Synth 8-3354] encoded FSM with state register 'state_reg' using encoding 'sequential' in module 'attention_score_u55c_kernel_gmem2_m_axi_reg_slice'
---------------------------------------------------------------------------------------------------
                   State |                     New Encoding |                Previous Encoding 
---------------------------------------------------------------------------------------------------
                    ZERO |                               00 |                               10
                     ONE |                               10 |                               11
                     TWO |                               01 |                               01
---------------------------------------------------------------------------------------------------
INFO: [Synth 8-3354] encoded FSM with state register 'state_reg' using encoding 'sequential' in module 'attention_score_u55c_kernel_gmem2_m_axi_reg_slice__parameterized0'
---------------------------------------------------------------------------------------------------
                   State |                     New Encoding |                Previous Encoding 
---------------------------------------------------------------------------------------------------
                    ZERO |                               00 |                               10
                     ONE |                               10 |                               11
                     TWO |                               01 |                               01
---------------------------------------------------------------------------------------------------
INFO: [Synth 8-3354] encoded FSM with state register 'state_reg' using encoding 'sequential' in module 'attention_score_u55c_kernel_gmem2_m_axi_reg_slice__parameterized1'
---------------------------------------------------------------------------------------------------
                   State |                     New Encoding |                Previous Encoding 
---------------------------------------------------------------------------------------------------
                    ZERO |                               00 |                               10
                     ONE |                               10 |                               11
                     TWO |                               01 |                               01
---------------------------------------------------------------------------------------------------
INFO: [Synth 8-3354] encoded FSM with state register 'state_reg' using encoding 'sequential' in module 'attention_score_u55c_kernel_gmem2_m_axi_reg_slice__parameterized2'
---------------------------------------------------------------------------------
Finished RTL Optimization Phase 2 : Time (s): cpu = 00:00:25 ; elapsed = 00:00:26 . Memory (MB): peak = 3595.363 ; gain = 864.020 ; free physical = 7615 ; free virtual = 12594
Synthesis current peak Physical Memory [PSS] (MB): peak = 2560.536; parent = 2416.960; children = 172.293
Synthesis current peak Virtual Memory [VSS] (MB): peak = 4565.129; parent = 3595.367; children = 969.762
---------------------------------------------------------------------------------
---------------------------------------------------------------------------------
Start RTL Component Statistics 
---------------------------------------------------------------------------------
Detailed RTL Component Info : 
+---Adders : 
	   2 Input   64 Bit       Adders := 12    
	   2 Input   52 Bit       Adders := 6     
	   2 Input   32 Bit       Adders := 6     
	   2 Input   22 Bit       Adders := 1     
	   2 Input   21 Bit       Adders := 2     
	   2 Input   20 Bit       Adders := 4     
	   2 Input   19 Bit       Adders := 8     
	   2 Input   18 Bit       Adders := 16    
	   2 Input   12 Bit       Adders := 6     
	   2 Input   10 Bit       Adders := 2     
	   2 Input    9 Bit       Adders := 14    
	   2 Input    8 Bit       Adders := 27    
	   2 Input    7 Bit       Adders := 14    
	   2 Input    5 Bit       Adders := 51    
	   2 Input    4 Bit       Adders := 30    
	   2 Input    2 Bit       Adders := 6     
+---XORs : 
	   2 Input      1 Bit         XORs := 2     
+---Registers : 
	              577 Bit    Registers := 3     
	              576 Bit    Registers := 3     
	              514 Bit    Registers := 3     
	              513 Bit    Registers := 6     
	              512 Bit    Registers := 7     
	              470 Bit    Registers := 2     
	              220 Bit    Registers := 1     
	               96 Bit    Registers := 18    
	               72 Bit    Registers := 9     
	               64 Bit    Registers := 35    
	               58 Bit    Registers := 3     
	               52 Bit    Registers := 6     
	               32 Bit    Registers := 15    
	               22 Bit    Registers := 3     
	               19 Bit    Registers := 8     
	               18 Bit    Registers := 32    
	               16 Bit    Registers := 12    
	               10 Bit    Registers := 2     
	                9 Bit    Registers := 10    
	                8 Bit    Registers := 263   
	                7 Bit    Registers := 15    
	                6 Bit    Registers := 13    
	                5 Bit    Registers := 27    
	                4 Bit    Registers := 30    
	                3 Bit    Registers := 2     
	                2 Bit    Registers := 22    
	                1 Bit    Registers := 271   
+---RAMs : 
	             127K Bit	(255 X 514 bit)          RAMs := 3     
	              11K Bit	(512 X 22 bit)          RAMs := 1     
	               8K Bit	(15 X 576 bit)          RAMs := 3     
	               4K Bit	(512 X 8 bit)          RAMs := 56    
	              512 Bit	(64 X 8 bit)          RAMs := 56    
+---Muxes : 
	   2 Input  513 Bit        Muxes := 3     
	   2 Input  512 Bit        Muxes := 8     
	 221 Input  220 Bit        Muxes := 1     
	   2 Input  220 Bit        Muxes := 1     
	   2 Input  153 Bit        Muxes := 1     
	   2 Input  151 Bit        Muxes := 1     
	   2 Input  150 Bit        Muxes := 1     
	   2 Input  149 Bit        Muxes := 1     
	   2 Input  148 Bit        Muxes := 1     
	   2 Input   96 Bit        Muxes := 6     
	   2 Input   77 Bit        Muxes := 1     
	   2 Input   76 Bit        Muxes := 1     
	   2 Input   75 Bit        Muxes := 1     
	   2 Input   74 Bit        Muxes := 1     
	   2 Input   72 Bit        Muxes := 3     
	   2 Input   64 Bit        Muxes := 31    
	   2 Input   52 Bit        Muxes := 6     
	   2 Input   32 Bit        Muxes := 2     
	   2 Input   22 Bit        Muxes := 1     
	   4 Input   12 Bit        Muxes := 6     
	   2 Input    9 Bit        Muxes := 15    
	   2 Input    8 Bit        Muxes := 36    
	   4 Input    8 Bit        Muxes := 6     
	   2 Input    6 Bit        Muxes := 33    
	   2 Input    5 Bit        Muxes := 51    
	   2 Input    4 Bit        Muxes := 22    
	   4 Input    4 Bit        Muxes := 1     
	   3 Input    3 Bit        Muxes := 1     
	   2 Input    3 Bit        Muxes := 3     
	   2 Input    2 Bit        Muxes := 184   
	   3 Input    2 Bit        Muxes := 45    
	   4 Input    2 Bit        Muxes := 15    
	   2 Input    1 Bit        Muxes := 309   
---------------------------------------------------------------------------------
Finished RTL Component Statistics 
---------------------------------------------------------------------------------
---------------------------------------------------------------------------------
Start Part Resource Summary
---------------------------------------------------------------------------------
Part Resources:
DSPs: 9024 (col length:94)
BRAMs: 4032 (col length: RAMB18 288 RAMB36 144)
---------------------------------------------------------------------------------
Finished Part Resource Summary
---------------------------------------------------------------------------------
---------------------------------------------------------------------------------
Start Cross Boundary and Area Optimization
---------------------------------------------------------------------------------
WARNING: [Synth 8-7080] Parallel synthesis criteria is not met
WARNING: [Synth 8-3936] Found unconnected internal register 'mac_muladd_8s_8s_16s_17_4_1_U55/attention_score_u55c_kernel_mac_muladd_8s_8s_16s_17_4_1_DSP48_0_U/p_reg_reg' and it is trimmed from '46' to '17' bits. [/home/advent/Desktop/RC19/_x/link/vivado/vpl/prj/prj.gen/my_rm/bd/ulp/ipshared/b5c7/hdl/verilog/attention_score_u55c_kernel_mac_muladd_8s_8s_16s_17_4_1.v:39]
WARNING: [Synth 8-3936] Found unconnected internal register 'mac_muladd_8s_8s_16s_17_4_1_U55/attention_score_u55c_kernel_mac_muladd_8s_8s_16s_17_4_1_DSP48_0_U/m_reg_reg' and it is trimmed from '45' to '17' bits. [/home/advent/Desktop/RC19/_x/link/vivado/vpl/prj/prj.gen/my_rm/bd/ulp/ipshared/b5c7/hdl/verilog/attention_score_u55c_kernel_mac_muladd_8s_8s_16s_17_4_1.v:32]
WARNING: [Synth 8-3936] Found unconnected internal register 'mac_muladd_8s_8s_16s_17_4_1_U55/attention_score_u55c_kernel_mac_muladd_8s_8s_16s_17_4_1_DSP48_0_U/a_reg_reg' and it is trimmed from '27' to '17' bits. [/home/advent/Desktop/RC19/_x/link/vivado/vpl/prj/prj.gen/my_rm/bd/ulp/ipshared/b5c7/hdl/verilog/attention_score_u55c_kernel_mac_muladd_8s_8s_16s_17_4_1.v:31]
WARNING: [Synth 8-3936] Found unconnected internal register 'mac_muladd_8s_8s_16s_17_4_1_U55/attention_score_u55c_kernel_mac_muladd_8s_8s_16s_17_4_1_DSP48_0_U/b_reg_reg' and it is trimmed from '18' to '17' bits. [/home/advent/Desktop/RC19/_x/link/vivado/vpl/prj/prj.gen/my_rm/bd/ulp/ipshared/b5c7/hdl/verilog/attention_score_u55c_kernel_mac_muladd_8s_8s_16s_17_4_1.v:31]
WARNING: [Synth 8-3936] Found unconnected internal register 'mac_muladd_8s_8s_16s_17_4_1_U56/attention_score_u55c_kernel_mac_muladd_8s_8s_16s_17_4_1_DSP48_0_U/p_reg_reg' and it is trimmed from '46' to '17' bits. [/home/advent/Desktop/RC19/_x/link/vivado/vpl/prj/prj.gen/my_rm/bd/ulp/ipshared/b5c7/hdl/verilog/attention_score_u55c_kernel_mac_muladd_8s_8s_16s_17_4_1.v:39]
WARNING: [Synth 8-3936] Found unconnected internal register 'mac_muladd_8s_8s_16s_17_4_1_U56/attention_score_u55c_kernel_mac_muladd_8s_8s_16s_17_4_1_DSP48_0_U/m_reg_reg' and it is trimmed from '45' to '17' bits. [/home/advent/Desktop/RC19/_x/link/vivado/vpl/prj/prj.gen/my_rm/bd/ulp/ipshared/b5c7/hdl/verilog/attention_score_u55c_kernel_mac_muladd_8s_8s_16s_17_4_1.v:32]
WARNING: [Synth 8-3936] Found unconnected internal register 'mac_muladd_8s_8s_16s_17_4_1_U56/attention_score_u55c_kernel_mac_muladd_8s_8s_16s_17_4_1_DSP48_0_U/a_reg_reg' and it is trimmed from '27' to '17' bits. [/home/advent/Desktop/RC19/_x/link/vivado/vpl/prj/prj.gen/my_rm/bd/ulp/ipshared/b5c7/hdl/verilog/attention_score_u55c_kernel_mac_muladd_8s_8s_16s_17_4_1.v:31]
WARNING: [Synth 8-3936] Found unconnected internal register 'mac_muladd_8s_8s_16s_17_4_1_U56/attention_score_u55c_kernel_mac_muladd_8s_8s_16s_17_4_1_DSP48_0_U/b_reg_reg' and it is trimmed from '18' to '17' bits. [/home/advent/Desktop/RC19/_x/link/vivado/vpl/prj/prj.gen/my_rm/bd/ulp/ipshared/b5c7/hdl/verilog/attention_score_u55c_kernel_mac_muladd_8s_8s_16s_17_4_1.v:31]
WARNING: [Synth 8-3936] Found unconnected internal register 'mac_muladd_8s_8s_16s_17_4_1_U57/attention_score_u55c_kernel_mac_muladd_8s_8s_16s_17_4_1_DSP48_0_U/p_reg_reg' and it is trimmed from '46' to '17' bits. [/home/advent/Desktop/RC19/_x/link/vivado/vpl/prj/prj.gen/my_rm/bd/ulp/ipshared/b5c7/hdl/verilog/attention_score_u55c_kernel_mac_muladd_8s_8s_16s_17_4_1.v:39]
WARNING: [Synth 8-3936] Found unconnected internal register 'mac_muladd_8s_8s_16s_17_4_1_U57/attention_score_u55c_kernel_mac_muladd_8s_8s_16s_17_4_1_DSP48_0_U/m_reg_reg' and it is trimmed from '45' to '17' bits. [/home/advent/Desktop/RC19/_x/link/vivado/vpl/prj/prj.gen/my_rm/bd/ulp/ipshared/b5c7/hdl/verilog/attention_score_u55c_kernel_mac_muladd_8s_8s_16s_17_4_1.v:32]
WARNING: [Synth 8-3936] Found unconnected internal register 'mac_muladd_8s_8s_16s_17_4_1_U57/attention_score_u55c_kernel_mac_muladd_8s_8s_16s_17_4_1_DSP48_0_U/a_reg_reg' and it is trimmed from '27' to '17' bits. [/home/advent/Desktop/RC19/_x/link/vivado/vpl/prj/prj.gen/my_rm/bd/ulp/ipshared/b5c7/hdl/verilog/attention_score_u55c_kernel_mac_muladd_8s_8s_16s_17_4_1.v:31]
WARNING: [Synth 8-3936] Found unconnected internal register 'mac_muladd_8s_8s_16s_17_4_1_U57/attention_score_u55c_kernel_mac_muladd_8s_8s_16s_17_4_1_DSP48_0_U/b_reg_reg' and it is trimmed from '18' to '17' bits. [/home/advent/Desktop/RC19/_x/link/vivado/vpl/prj/prj.gen/my_rm/bd/ulp/ipshared/b5c7/hdl/verilog/attention_score_u55c_kernel_mac_muladd_8s_8s_16s_17_4_1.v:31]
WARNING: [Synth 8-3936] Found unconnected internal register 'mac_muladd_8s_8s_16s_17_4_1_U58/attention_score_u55c_kernel_mac_muladd_8s_8s_16s_17_4_1_DSP48_0_U/p_reg_reg' and it is trimmed from '46' to '17' bits. [/home/advent/Desktop/RC19/_x/link/vivado/vpl/prj/prj.gen/my_rm/bd/ulp/ipshared/b5c7/hdl/verilog/attention_score_u55c_kernel_mac_muladd_8s_8s_16s_17_4_1.v:39]
WARNING: [Synth 8-3936] Found unconnected internal register 'mac_muladd_8s_8s_16s_17_4_1_U58/attention_score_u55c_kernel_mac_muladd_8s_8s_16s_17_4_1_DSP48_0_U/m_reg_reg' and it is trimmed from '45' to '17' bits. [/home/advent/Desktop/RC19/_x/link/vivado/vpl/prj/prj.gen/my_rm/bd/ulp/ipshared/b5c7/hdl/verilog/attention_score_u55c_kernel_mac_muladd_8s_8s_16s_17_4_1.v:32]
WARNING: [Synth 8-3936] Found unconnected internal register 'mac_muladd_8s_8s_16s_17_4_1_U58/attention_score_u55c_kernel_mac_muladd_8s_8s_16s_17_4_1_DSP48_0_U/a_reg_reg' and it is trimmed from '27' to '17' bits. [/home/advent/Desktop/RC19/_x/link/vivado/vpl/prj/prj.gen/my_rm/bd/ulp/ipshared/b5c7/hdl/verilog/attention_score_u55c_kernel_mac_muladd_8s_8s_16s_17_4_1.v:31]
WARNING: [Synth 8-3936] Found unconnected internal register 'mac_muladd_8s_8s_16s_17_4_1_U58/attention_score_u55c_kernel_mac_muladd_8s_8s_16s_17_4_1_DSP48_0_U/b_reg_reg' and it is trimmed from '18' to '17' bits. [/home/advent/Desktop/RC19/_x/link/vivado/vpl/prj/prj.gen/my_rm/bd/ulp/ipshared/b5c7/hdl/verilog/attention_score_u55c_kernel_mac_muladd_8s_8s_16s_17_4_1.v:31]
WARNING: [Synth 8-3936] Found unconnected internal register 'mac_muladd_8s_8s_16s_17_4_1_U59/attention_score_u55c_kernel_mac_muladd_8s_8s_16s_17_4_1_DSP48_0_U/p_reg_reg' and it is trimmed from '46' to '17' bits. [/home/advent/Desktop/RC19/_x/link/vivado/vpl/prj/prj.gen/my_rm/bd/ulp/ipshared/b5c7/hdl/verilog/attention_score_u55c_kernel_mac_muladd_8s_8s_16s_17_4_1.v:39]
WARNING: [Synth 8-3936] Found unconnected internal register 'mac_muladd_8s_8s_16s_17_4_1_U59/attention_score_u55c_kernel_mac_muladd_8s_8s_16s_17_4_1_DSP48_0_U/m_reg_reg' and it is trimmed from '45' to '17' bits. [/home/advent/Desktop/RC19/_x/link/vivado/vpl/prj/prj.gen/my_rm/bd/ulp/ipshared/b5c7/hdl/verilog/attention_score_u55c_kernel_mac_muladd_8s_8s_16s_17_4_1.v:32]
WARNING: [Synth 8-3936] Found unconnected internal register 'mac_muladd_8s_8s_16s_17_4_1_U59/attention_score_u55c_kernel_mac_muladd_8s_8s_16s_17_4_1_DSP48_0_U/a_reg_reg' and it is trimmed from '27' to '17' bits. [/home/advent/Desktop/RC19/_x/link/vivado/vpl/prj/prj.gen/my_rm/bd/ulp/ipshared/b5c7/hdl/verilog/attention_score_u55c_kernel_mac_muladd_8s_8s_16s_17_4_1.v:31]
WARNING: [Synth 8-3936] Found unconnected internal register 'mac_muladd_8s_8s_16s_17_4_1_U59/attention_score_u55c_kernel_mac_muladd_8s_8s_16s_17_4_1_DSP48_0_U/b_reg_reg' and it is trimmed from '18' to '17' bits. [/home/advent/Desktop/RC19/_x/link/vivado/vpl/prj/prj.gen/my_rm/bd/ulp/ipshared/b5c7/hdl/verilog/attention_score_u55c_kernel_mac_muladd_8s_8s_16s_17_4_1.v:31]
WARNING: [Synth 8-3936] Found unconnected internal register 'mac_muladd_8s_8s_16s_17_4_1_U60/attention_score_u55c_kernel_mac_muladd_8s_8s_16s_17_4_1_DSP48_0_U/p_reg_reg' and it is trimmed from '46' to '17' bits. [/home/advent/Desktop/RC19/_x/link/vivado/vpl/prj/prj.gen/my_rm/bd/ulp/ipshared/b5c7/hdl/verilog/attention_score_u55c_kernel_mac_muladd_8s_8s_16s_17_4_1.v:39]
WARNING: [Synth 8-3936] Found unconnected internal register 'mac_muladd_8s_8s_16s_17_4_1_U60/attention_score_u55c_kernel_mac_muladd_8s_8s_16s_17_4_1_DSP48_0_U/m_reg_reg' and it is trimmed from '45' to '17' bits. [/home/advent/Desktop/RC19/_x/link/vivado/vpl/prj/prj.gen/my_rm/bd/ulp/ipshared/b5c7/hdl/verilog/attention_score_u55c_kernel_mac_muladd_8s_8s_16s_17_4_1.v:32]
WARNING: [Synth 8-3936] Found unconnected internal register 'mac_muladd_8s_8s_16s_17_4_1_U60/attention_score_u55c_kernel_mac_muladd_8s_8s_16s_17_4_1_DSP48_0_U/a_reg_reg' and it is trimmed from '27' to '17' bits. [/home/advent/Desktop/RC19/_x/link/vivado/vpl/prj/prj.gen/my_rm/bd/ulp/ipshared/b5c7/hdl/verilog/attention_score_u55c_kernel_mac_muladd_8s_8s_16s_17_4_1.v:31]
WARNING: [Synth 8-3936] Found unconnected internal register 'mac_muladd_8s_8s_16s_17_4_1_U60/attention_score_u55c_kernel_mac_muladd_8s_8s_16s_17_4_1_DSP48_0_U/b_reg_reg' and it is trimmed from '18' to '17' bits. [/home/advent/Desktop/RC19/_x/link/vivado/vpl/prj/prj.gen/my_rm/bd/ulp/ipshared/b5c7/hdl/verilog/attention_score_u55c_kernel_mac_muladd_8s_8s_16s_17_4_1.v:31]
WARNING: [Synth 8-3936] Found unconnected internal register 'mac_muladd_8s_8s_16s_17_4_1_U61/attention_score_u55c_kernel_mac_muladd_8s_8s_16s_17_4_1_DSP48_0_U/p_reg_reg' and it is trimmed from '46' to '17' bits. [/home/advent/Desktop/RC19/_x/link/vivado/vpl/prj/prj.gen/my_rm/bd/ulp/ipshared/b5c7/hdl/verilog/attention_score_u55c_kernel_mac_muladd_8s_8s_16s_17_4_1.v:39]
WARNING: [Synth 8-3936] Found unconnected internal register 'mac_muladd_8s_8s_16s_17_4_1_U61/attention_score_u55c_kernel_mac_muladd_8s_8s_16s_17_4_1_DSP48_0_U/m_reg_reg' and it is trimmed from '45' to '17' bits. [/home/advent/Desktop/RC19/_x/link/vivado/vpl/prj/prj.gen/my_rm/bd/ulp/ipshared/b5c7/hdl/verilog/attention_score_u55c_kernel_mac_muladd_8s_8s_16s_17_4_1.v:32]
WARNING: [Synth 8-3936] Found unconnected internal register 'mac_muladd_8s_8s_16s_17_4_1_U61/attention_score_u55c_kernel_mac_muladd_8s_8s_16s_17_4_1_DSP48_0_U/a_reg_reg' and it is trimmed from '27' to '17' bits. [/home/advent/Desktop/RC19/_x/link/vivado/vpl/prj/prj.gen/my_rm/bd/ulp/ipshared/b5c7/hdl/verilog/attention_score_u55c_kernel_mac_muladd_8s_8s_16s_17_4_1.v:31]
WARNING: [Synth 8-3936] Found unconnected internal register 'mac_muladd_8s_8s_16s_17_4_1_U61/attention_score_u55c_kernel_mac_muladd_8s_8s_16s_17_4_1_DSP48_0_U/b_reg_reg' and it is trimmed from '18' to '17' bits. [/home/advent/Desktop/RC19/_x/link/vivado/vpl/prj/prj.gen/my_rm/bd/ulp/ipshared/b5c7/hdl/verilog/attention_score_u55c_kernel_mac_muladd_8s_8s_16s_17_4_1.v:31]
WARNING: [Synth 8-3936] Found unconnected internal register 'mac_muladd_8s_8s_16s_17_4_1_U62/attention_score_u55c_kernel_mac_muladd_8s_8s_16s_17_4_1_DSP48_0_U/p_reg_reg' and it is trimmed from '46' to '17' bits. [/home/advent/Desktop/RC19/_x/link/vivado/vpl/prj/prj.gen/my_rm/bd/ulp/ipshared/b5c7/hdl/verilog/attention_score_u55c_kernel_mac_muladd_8s_8s_16s_17_4_1.v:39]
WARNING: [Synth 8-3936] Found unconnected internal register 'mac_muladd_8s_8s_16s_17_4_1_U62/attention_score_u55c_kernel_mac_muladd_8s_8s_16s_17_4_1_DSP48_0_U/m_reg_reg' and it is trimmed from '45' to '17' bits. [/home/advent/Desktop/RC19/_x/link/vivado/vpl/prj/prj.gen/my_rm/bd/ulp/ipshared/b5c7/hdl/verilog/attention_score_u55c_kernel_mac_muladd_8s_8s_16s_17_4_1.v:32]
WARNING: [Synth 8-3936] Found unconnected internal register 'mac_muladd_8s_8s_16s_17_4_1_U62/attention_score_u55c_kernel_mac_muladd_8s_8s_16s_17_4_1_DSP48_0_U/a_reg_reg' and it is trimmed from '27' to '17' bits. [/home/advent/Desktop/RC19/_x/link/vivado/vpl/prj/prj.gen/my_rm/bd/ulp/ipshared/b5c7/hdl/verilog/attention_score_u55c_kernel_mac_muladd_8s_8s_16s_17_4_1.v:31]
WARNING: [Synth 8-3936] Found unconnected internal register 'mac_muladd_8s_8s_16s_17_4_1_U62/attention_score_u55c_kernel_mac_muladd_8s_8s_16s_17_4_1_DSP48_0_U/b_reg_reg' and it is trimmed from '18' to '17' bits. [/home/advent/Desktop/RC19/_x/link/vivado/vpl/prj/prj.gen/my_rm/bd/ulp/ipshared/b5c7/hdl/verilog/attention_score_u55c_kernel_mac_muladd_8s_8s_16s_17_4_1.v:31]
WARNING: [Synth 8-3936] Found unconnected internal register 'mac_muladd_8s_8s_16s_17_4_1_U63/attention_score_u55c_kernel_mac_muladd_8s_8s_16s_17_4_1_DSP48_0_U/p_reg_reg' and it is trimmed from '46' to '17' bits. [/home/advent/Desktop/RC19/_x/link/vivado/vpl/prj/prj.gen/my_rm/bd/ulp/ipshared/b5c7/hdl/verilog/attention_score_u55c_kernel_mac_muladd_8s_8s_16s_17_4_1.v:39]
WARNING: [Synth 8-3936] Found unconnected internal register 'mac_muladd_8s_8s_16s_17_4_1_U63/attention_score_u55c_kernel_mac_muladd_8s_8s_16s_17_4_1_DSP48_0_U/m_reg_reg' and it is trimmed from '45' to '17' bits. [/home/advent/Desktop/RC19/_x/link/vivado/vpl/prj/prj.gen/my_rm/bd/ulp/ipshared/b5c7/hdl/verilog/attention_score_u55c_kernel_mac_muladd_8s_8s_16s_17_4_1.v:32]
WARNING: [Synth 8-3936] Found unconnected internal register 'mac_muladd_8s_8s_16s_17_4_1_U63/attention_score_u55c_kernel_mac_muladd_8s_8s_16s_17_4_1_DSP48_0_U/a_reg_reg' and it is trimmed from '27' to '17' bits. [/home/advent/Desktop/RC19/_x/link/vivado/vpl/prj/prj.gen/my_rm/bd/ulp/ipshared/b5c7/hdl/verilog/attention_score_u55c_kernel_mac_muladd_8s_8s_16s_17_4_1.v:31]
WARNING: [Synth 8-3936] Found unconnected internal register 'mac_muladd_8s_8s_16s_17_4_1_U63/attention_score_u55c_kernel_mac_muladd_8s_8s_16s_17_4_1_DSP48_0_U/b_reg_reg' and it is trimmed from '18' to '17' bits. [/home/advent/Desktop/RC19/_x/link/vivado/vpl/prj/prj.gen/my_rm/bd/ulp/ipshared/b5c7/hdl/verilog/attention_score_u55c_kernel_mac_muladd_8s_8s_16s_17_4_1.v:31]
WARNING: [Synth 8-3936] Found unconnected internal register 'mac_muladd_8s_8s_16s_17_4_1_U64/attention_score_u55c_kernel_mac_muladd_8s_8s_16s_17_4_1_DSP48_0_U/p_reg_reg' and it is trimmed from '46' to '17' bits. [/home/advent/Desktop/RC19/_x/link/vivado/vpl/prj/prj.gen/my_rm/bd/ulp/ipshared/b5c7/hdl/verilog/attention_score_u55c_kernel_mac_muladd_8s_8s_16s_17_4_1.v:39]
WARNING: [Synth 8-3936] Found unconnected internal register 'mac_muladd_8s_8s_16s_17_4_1_U64/attention_score_u55c_kernel_mac_muladd_8s_8s_16s_17_4_1_DSP48_0_U/m_reg_reg' and it is trimmed from '45' to '17' bits. [/home/advent/Desktop/RC19/_x/link/vivado/vpl/prj/prj.gen/my_rm/bd/ulp/ipshared/b5c7/hdl/verilog/attention_score_u55c_kernel_mac_muladd_8s_8s_16s_17_4_1.v:32]
WARNING: [Synth 8-3936] Found unconnected internal register 'mac_muladd_8s_8s_16s_17_4_1_U64/attention_score_u55c_kernel_mac_muladd_8s_8s_16s_17_4_1_DSP48_0_U/a_reg_reg' and it is trimmed from '27' to '17' bits. [/home/advent/Desktop/RC19/_x/link/vivado/vpl/prj/prj.gen/my_rm/bd/ulp/ipshared/b5c7/hdl/verilog/attention_score_u55c_kernel_mac_muladd_8s_8s_16s_17_4_1.v:31]
WARNING: [Synth 8-3936] Found unconnected internal register 'mac_muladd_8s_8s_16s_17_4_1_U64/attention_score_u55c_kernel_mac_muladd_8s_8s_16s_17_4_1_DSP48_0_U/b_reg_reg' and it is trimmed from '18' to '17' bits. [/home/advent/Desktop/RC19/_x/link/vivado/vpl/prj/prj.gen/my_rm/bd/ulp/ipshared/b5c7/hdl/verilog/attention_score_u55c_kernel_mac_muladd_8s_8s_16s_17_4_1.v:31]
WARNING: [Synth 8-3936] Found unconnected internal register 'mac_muladd_8s_8s_16s_17_4_1_U65/attention_score_u55c_kernel_mac_muladd_8s_8s_16s_17_4_1_DSP48_0_U/p_reg_reg' and it is trimmed from '46' to '17' bits. [/home/advent/Desktop/RC19/_x/link/vivado/vpl/prj/prj.gen/my_rm/bd/ulp/ipshared/b5c7/hdl/verilog/attention_score_u55c_kernel_mac_muladd_8s_8s_16s_17_4_1.v:39]
WARNING: [Synth 8-3936] Found unconnected internal register 'mac_muladd_8s_8s_16s_17_4_1_U65/attention_score_u55c_kernel_mac_muladd_8s_8s_16s_17_4_1_DSP48_0_U/m_reg_reg' and it is trimmed from '45' to '17' bits. [/home/advent/Desktop/RC19/_x/link/vivado/vpl/prj/prj.gen/my_rm/bd/ulp/ipshared/b5c7/hdl/verilog/attention_score_u55c_kernel_mac_muladd_8s_8s_16s_17_4_1.v:32]
WARNING: [Synth 8-3936] Found unconnected internal register 'mac_muladd_8s_8s_16s_17_4_1_U65/attention_score_u55c_kernel_mac_muladd_8s_8s_16s_17_4_1_DSP48_0_U/a_reg_reg' and it is trimmed from '27' to '17' bits. [/home/advent/Desktop/RC19/_x/link/vivado/vpl/prj/prj.gen/my_rm/bd/ulp/ipshared/b5c7/hdl/verilog/attention_score_u55c_kernel_mac_muladd_8s_8s_16s_17_4_1.v:31]
WARNING: [Synth 8-3936] Found unconnected internal register 'mac_muladd_8s_8s_16s_17_4_1_U65/attention_score_u55c_kernel_mac_muladd_8s_8s_16s_17_4_1_DSP48_0_U/b_reg_reg' and it is trimmed from '18' to '17' bits. [/home/advent/Desktop/RC19/_x/link/vivado/vpl/prj/prj.gen/my_rm/bd/ulp/ipshared/b5c7/hdl/verilog/attention_score_u55c_kernel_mac_muladd_8s_8s_16s_17_4_1.v:31]
WARNING: [Synth 8-3936] Found unconnected internal register 'mac_muladd_8s_8s_16s_17_4_1_U66/attention_score_u55c_kernel_mac_muladd_8s_8s_16s_17_4_1_DSP48_0_U/p_reg_reg' and it is trimmed from '46' to '17' bits. [/home/advent/Desktop/RC19/_x/link/vivado/vpl/prj/prj.gen/my_rm/bd/ulp/ipshared/b5c7/hdl/verilog/attention_score_u55c_kernel_mac_muladd_8s_8s_16s_17_4_1.v:39]
WARNING: [Synth 8-3936] Found unconnected internal register 'mac_muladd_8s_8s_16s_17_4_1_U66/attention_score_u55c_kernel_mac_muladd_8s_8s_16s_17_4_1_DSP48_0_U/m_reg_reg' and it is trimmed from '45' to '17' bits. [/home/advent/Desktop/RC19/_x/link/vivado/vpl/prj/prj.gen/my_rm/bd/ulp/ipshared/b5c7/hdl/verilog/attention_score_u55c_kernel_mac_muladd_8s_8s_16s_17_4_1.v:32]
WARNING: [Synth 8-3936] Found unconnected internal register 'mac_muladd_8s_8s_16s_17_4_1_U66/attention_score_u55c_kernel_mac_muladd_8s_8s_16s_17_4_1_DSP48_0_U/a_reg_reg' and it is trimmed from '27' to '17' bits. [/home/advent/Desktop/RC19/_x/link/vivado/vpl/prj/prj.gen/my_rm/bd/ulp/ipshared/b5c7/hdl/verilog/attention_score_u55c_kernel_mac_muladd_8s_8s_16s_17_4_1.v:31]
WARNING: [Synth 8-3936] Found unconnected internal register 'mac_muladd_8s_8s_16s_17_4_1_U66/attention_score_u55c_kernel_mac_muladd_8s_8s_16s_17_4_1_DSP48_0_U/b_reg_reg' and it is trimmed from '18' to '17' bits. [/home/advent/Desktop/RC19/_x/link/vivado/vpl/prj/prj.gen/my_rm/bd/ulp/ipshared/b5c7/hdl/verilog/attention_score_u55c_kernel_mac_muladd_8s_8s_16s_17_4_1.v:31]
WARNING: [Synth 8-3936] Found unconnected internal register 'mac_muladd_8s_8s_16s_17_4_1_U67/attention_score_u55c_kernel_mac_muladd_8s_8s_16s_17_4_1_DSP48_0_U/p_reg_reg' and it is trimmed from '46' to '17' bits. [/home/advent/Desktop/RC19/_x/link/vivado/vpl/prj/prj.gen/my_rm/bd/ulp/ipshared/b5c7/hdl/verilog/attention_score_u55c_kernel_mac_muladd_8s_8s_16s_17_4_1.v:39]
WARNING: [Synth 8-3936] Found unconnected internal register 'mac_muladd_8s_8s_16s_17_4_1_U67/attention_score_u55c_kernel_mac_muladd_8s_8s_16s_17_4_1_DSP48_0_U/m_reg_reg' and it is trimmed from '45' to '17' bits. [/home/advent/Desktop/RC19/_x/link/vivado/vpl/prj/prj.gen/my_rm/bd/ulp/ipshared/b5c7/hdl/verilog/attention_score_u55c_kernel_mac_muladd_8s_8s_16s_17_4_1.v:32]
WARNING: [Synth 8-3936] Found unconnected internal register 'mac_muladd_8s_8s_16s_17_4_1_U67/attention_score_u55c_kernel_mac_muladd_8s_8s_16s_17_4_1_DSP48_0_U/a_reg_reg' and it is trimmed from '27' to '17' bits. [/home/advent/Desktop/RC19/_x/link/vivado/vpl/prj/prj.gen/my_rm/bd/ulp/ipshared/b5c7/hdl/verilog/attention_score_u55c_kernel_mac_muladd_8s_8s_16s_17_4_1.v:31]
WARNING: [Synth 8-3936] Found unconnected internal register 'mac_muladd_8s_8s_16s_17_4_1_U67/attention_score_u55c_kernel_mac_muladd_8s_8s_16s_17_4_1_DSP48_0_U/b_reg_reg' and it is trimmed from '18' to '17' bits. [/home/advent/Desktop/RC19/_x/link/vivado/vpl/prj/prj.gen/my_rm/bd/ulp/ipshared/b5c7/hdl/verilog/attention_score_u55c_kernel_mac_muladd_8s_8s_16s_17_4_1.v:31]
WARNING: [Synth 8-3936] Found unconnected internal register 'mac_muladd_8s_8s_16s_17_4_1_U68/attention_score_u55c_kernel_mac_muladd_8s_8s_16s_17_4_1_DSP48_0_U/p_reg_reg' and it is trimmed from '46' to '17' bits. [/home/advent/Desktop/RC19/_x/link/vivado/vpl/prj/prj.gen/my_rm/bd/ulp/ipshared/b5c7/hdl/verilog/attention_score_u55c_kernel_mac_muladd_8s_8s_16s_17_4_1.v:39]
WARNING: [Synth 8-3936] Found unconnected internal register 'mac_muladd_8s_8s_16s_17_4_1_U68/attention_score_u55c_kernel_mac_muladd_8s_8s_16s_17_4_1_DSP48_0_U/m_reg_reg' and it is trimmed from '45' to '17' bits. [/home/advent/Desktop/RC19/_x/link/vivado/vpl/prj/prj.gen/my_rm/bd/ulp/ipshared/b5c7/hdl/verilog/attention_score_u55c_kernel_mac_muladd_8s_8s_16s_17_4_1.v:32]
WARNING: [Synth 8-3936] Found unconnected internal register 'mac_muladd_8s_8s_16s_17_4_1_U68/attention_score_u55c_kernel_mac_muladd_8s_8s_16s_17_4_1_DSP48_0_U/a_reg_reg' and it is trimmed from '27' to '17' bits. [/home/advent/Desktop/RC19/_x/link/vivado/vpl/prj/prj.gen/my_rm/bd/ulp/ipshared/b5c7/hdl/verilog/attention_score_u55c_kernel_mac_muladd_8s_8s_16s_17_4_1.v:31]
WARNING: [Synth 8-3936] Found unconnected internal register 'mac_muladd_8s_8s_16s_17_4_1_U68/attention_score_u55c_kernel_mac_muladd_8s_8s_16s_17_4_1_DSP48_0_U/b_reg_reg' and it is trimmed from '18' to '17' bits. [/home/advent/Desktop/RC19/_x/link/vivado/vpl/prj/prj.gen/my_rm/bd/ulp/ipshared/b5c7/hdl/verilog/attention_score_u55c_kernel_mac_muladd_8s_8s_16s_17_4_1.v:31]
WARNING: [Synth 8-3936] Found unconnected internal register 'mac_muladd_8s_8s_16s_17_4_1_U69/attention_score_u55c_kernel_mac_muladd_8s_8s_16s_17_4_1_DSP48_0_U/p_reg_reg' and it is trimmed from '46' to '17' bits. [/home/advent/Desktop/RC19/_x/link/vivado/vpl/prj/prj.gen/my_rm/bd/ulp/ipshared/b5c7/hdl/verilog/attention_score_u55c_kernel_mac_muladd_8s_8s_16s_17_4_1.v:39]
WARNING: [Synth 8-3936] Found unconnected internal register 'mac_muladd_8s_8s_16s_17_4_1_U69/attention_score_u55c_kernel_mac_muladd_8s_8s_16s_17_4_1_DSP48_0_U/m_reg_reg' and it is trimmed from '45' to '17' bits. [/home/advent/Desktop/RC19/_x/link/vivado/vpl/prj/prj.gen/my_rm/bd/ulp/ipshared/b5c7/hdl/verilog/attention_score_u55c_kernel_mac_muladd_8s_8s_16s_17_4_1.v:32]
WARNING: [Synth 8-3936] Found unconnected internal register 'mac_muladd_8s_8s_16s_17_4_1_U69/attention_score_u55c_kernel_mac_muladd_8s_8s_16s_17_4_1_DSP48_0_U/a_reg_reg' and it is trimmed from '27' to '17' bits. [/home/advent/Desktop/RC19/_x/link/vivado/vpl/prj/prj.gen/my_rm/bd/ulp/ipshared/b5c7/hdl/verilog/attention_score_u55c_kernel_mac_muladd_8s_8s_16s_17_4_1.v:31]
WARNING: [Synth 8-3936] Found unconnected internal register 'mac_muladd_8s_8s_16s_17_4_1_U69/attention_score_u55c_kernel_mac_muladd_8s_8s_16s_17_4_1_DSP48_0_U/b_reg_reg' and it is trimmed from '18' to '17' bits. [/home/advent/Desktop/RC19/_x/link/vivado/vpl/prj/prj.gen/my_rm/bd/ulp/ipshared/b5c7/hdl/verilog/attention_score_u55c_kernel_mac_muladd_8s_8s_16s_17_4_1.v:31]
WARNING: [Synth 8-3936] Found unconnected internal register 'mac_muladd_8s_8s_16s_17_4_1_U70/attention_score_u55c_kernel_mac_muladd_8s_8s_16s_17_4_1_DSP48_0_U/p_reg_reg' and it is trimmed from '46' to '17' bits. [/home/advent/Desktop/RC19/_x/link/vivado/vpl/prj/prj.gen/my_rm/bd/ulp/ipshared/b5c7/hdl/verilog/attention_score_u55c_kernel_mac_muladd_8s_8s_16s_17_4_1.v:39]
WARNING: [Synth 8-3936] Found unconnected internal register 'mac_muladd_8s_8s_16s_17_4_1_U70/attention_score_u55c_kernel_mac_muladd_8s_8s_16s_17_4_1_DSP48_0_U/m_reg_reg' and it is trimmed from '45' to '17' bits. [/home/advent/Desktop/RC19/_x/link/vivado/vpl/prj/prj.gen/my_rm/bd/ulp/ipshared/b5c7/hdl/verilog/attention_score_u55c_kernel_mac_muladd_8s_8s_16s_17_4_1.v:32]
WARNING: [Synth 8-3936] Found unconnected internal register 'mac_muladd_8s_8s_16s_17_4_1_U70/attention_score_u55c_kernel_mac_muladd_8s_8s_16s_17_4_1_DSP48_0_U/a_reg_reg' and it is trimmed from '27' to '17' bits. [/home/advent/Desktop/RC19/_x/link/vivado/vpl/prj/prj.gen/my_rm/bd/ulp/ipshared/b5c7/hdl/verilog/attention_score_u55c_kernel_mac_muladd_8s_8s_16s_17_4_1.v:31]
WARNING: [Synth 8-3936] Found unconnected internal register 'mac_muladd_8s_8s_16s_17_4_1_U70/attention_score_u55c_kernel_mac_muladd_8s_8s_16s_17_4_1_DSP48_0_U/b_reg_reg' and it is trimmed from '18' to '17' bits. [/home/advent/Desktop/RC19/_x/link/vivado/vpl/prj/prj.gen/my_rm/bd/ulp/ipshared/b5c7/hdl/verilog/attention_score_u55c_kernel_mac_muladd_8s_8s_16s_17_4_1.v:31]
WARNING: [Synth 8-3936] Found unconnected internal register 'mac_muladd_8s_8s_16s_17_4_1_U71/attention_score_u55c_kernel_mac_muladd_8s_8s_16s_17_4_1_DSP48_0_U/p_reg_reg' and it is trimmed from '46' to '17' bits. [/home/advent/Desktop/RC19/_x/link/vivado/vpl/prj/prj.gen/my_rm/bd/ulp/ipshared/b5c7/hdl/verilog/attention_score_u55c_kernel_mac_muladd_8s_8s_16s_17_4_1.v:39]
WARNING: [Synth 8-3936] Found unconnected internal register 'mac_muladd_8s_8s_16s_17_4_1_U71/attention_score_u55c_kernel_mac_muladd_8s_8s_16s_17_4_1_DSP48_0_U/m_reg_reg' and it is trimmed from '45' to '17' bits. [/home/advent/Desktop/RC19/_x/link/vivado/vpl/prj/prj.gen/my_rm/bd/ulp/ipshared/b5c7/hdl/verilog/attention_score_u55c_kernel_mac_muladd_8s_8s_16s_17_4_1.v:32]
WARNING: [Synth 8-3936] Found unconnected internal register 'mac_muladd_8s_8s_16s_17_4_1_U71/attention_score_u55c_kernel_mac_muladd_8s_8s_16s_17_4_1_DSP48_0_U/a_reg_reg' and it is trimmed from '27' to '17' bits. [/home/advent/Desktop/RC19/_x/link/vivado/vpl/prj/prj.gen/my_rm/bd/ulp/ipshared/b5c7/hdl/verilog/attention_score_u55c_kernel_mac_muladd_8s_8s_16s_17_4_1.v:31]
WARNING: [Synth 8-3936] Found unconnected internal register 'mac_muladd_8s_8s_16s_17_4_1_U71/attention_score_u55c_kernel_mac_muladd_8s_8s_16s_17_4_1_DSP48_0_U/b_reg_reg' and it is trimmed from '18' to '17' bits. [/home/advent/Desktop/RC19/_x/link/vivado/vpl/prj/prj.gen/my_rm/bd/ulp/ipshared/b5c7/hdl/verilog/attention_score_u55c_kernel_mac_muladd_8s_8s_16s_17_4_1.v:31]
WARNING: [Synth 8-3936] Found unconnected internal register 'mac_muladd_8s_8s_16s_17_4_1_U72/attention_score_u55c_kernel_mac_muladd_8s_8s_16s_17_4_1_DSP48_0_U/p_reg_reg' and it is trimmed from '46' to '17' bits. [/home/advent/Desktop/RC19/_x/link/vivado/vpl/prj/prj.gen/my_rm/bd/ulp/ipshared/b5c7/hdl/verilog/attention_score_u55c_kernel_mac_muladd_8s_8s_16s_17_4_1.v:39]
WARNING: [Synth 8-3936] Found unconnected internal register 'mac_muladd_8s_8s_16s_17_4_1_U72/attention_score_u55c_kernel_mac_muladd_8s_8s_16s_17_4_1_DSP48_0_U/m_reg_reg' and it is trimmed from '45' to '17' bits. [/home/advent/Desktop/RC19/_x/link/vivado/vpl/prj/prj.gen/my_rm/bd/ulp/ipshared/b5c7/hdl/verilog/attention_score_u55c_kernel_mac_muladd_8s_8s_16s_17_4_1.v:32]
WARNING: [Synth 8-3936] Found unconnected internal register 'mac_muladd_8s_8s_16s_17_4_1_U72/attention_score_u55c_kernel_mac_muladd_8s_8s_16s_17_4_1_DSP48_0_U/a_reg_reg' and it is trimmed from '27' to '17' bits. [/home/advent/Desktop/RC19/_x/link/vivado/vpl/prj/prj.gen/my_rm/bd/ulp/ipshared/b5c7/hdl/verilog/attention_score_u55c_kernel_mac_muladd_8s_8s_16s_17_4_1.v:31]
WARNING: [Synth 8-3936] Found unconnected internal register 'mac_muladd_8s_8s_16s_17_4_1_U72/attention_score_u55c_kernel_mac_muladd_8s_8s_16s_17_4_1_DSP48_0_U/b_reg_reg' and it is trimmed from '18' to '17' bits. [/home/advent/Desktop/RC19/_x/link/vivado/vpl/prj/prj.gen/my_rm/bd/ulp/ipshared/b5c7/hdl/verilog/attention_score_u55c_kernel_mac_muladd_8s_8s_16s_17_4_1.v:31]
WARNING: [Synth 8-3936] Found unconnected internal register 'mac_muladd_8s_8s_16s_17_4_1_U73/attention_score_u55c_kernel_mac_muladd_8s_8s_16s_17_4_1_DSP48_0_U/p_reg_reg' and it is trimmed from '46' to '17' bits. [/home/advent/Desktop/RC19/_x/link/vivado/vpl/prj/prj.gen/my_rm/bd/ulp/ipshared/b5c7/hdl/verilog/attention_score_u55c_kernel_mac_muladd_8s_8s_16s_17_4_1.v:39]
WARNING: [Synth 8-3936] Found unconnected internal register 'mac_muladd_8s_8s_16s_17_4_1_U73/attention_score_u55c_kernel_mac_muladd_8s_8s_16s_17_4_1_DSP48_0_U/m_reg_reg' and it is trimmed from '45' to '17' bits. [/home/advent/Desktop/RC19/_x/link/vivado/vpl/prj/prj.gen/my_rm/bd/ulp/ipshared/b5c7/hdl/verilog/attention_score_u55c_kernel_mac_muladd_8s_8s_16s_17_4_1.v:32]
WARNING: [Synth 8-3936] Found unconnected internal register 'mac_muladd_8s_8s_16s_17_4_1_U73/attention_score_u55c_kernel_mac_muladd_8s_8s_16s_17_4_1_DSP48_0_U/a_reg_reg' and it is trimmed from '27' to '17' bits. [/home/advent/Desktop/RC19/_x/link/vivado/vpl/prj/prj.gen/my_rm/bd/ulp/ipshared/b5c7/hdl/verilog/attention_score_u55c_kernel_mac_muladd_8s_8s_16s_17_4_1.v:31]
WARNING: [Synth 8-3936] Found unconnected internal register 'mac_muladd_8s_8s_16s_17_4_1_U73/attention_score_u55c_kernel_mac_muladd_8s_8s_16s_17_4_1_DSP48_0_U/b_reg_reg' and it is trimmed from '18' to '17' bits. [/home/advent/Desktop/RC19/_x/link/vivado/vpl/prj/prj.gen/my_rm/bd/ulp/ipshared/b5c7/hdl/verilog/attention_score_u55c_kernel_mac_muladd_8s_8s_16s_17_4_1.v:31]
WARNING: [Synth 8-3936] Found unconnected internal register 'mac_muladd_8s_8s_16s_17_4_1_U74/attention_score_u55c_kernel_mac_muladd_8s_8s_16s_17_4_1_DSP48_0_U/p_reg_reg' and it is trimmed from '46' to '17' bits. [/home/advent/Desktop/RC19/_x/link/vivado/vpl/prj/prj.gen/my_rm/bd/ulp/ipshared/b5c7/hdl/verilog/attention_score_u55c_kernel_mac_muladd_8s_8s_16s_17_4_1.v:39]
WARNING: [Synth 8-3936] Found unconnected internal register 'mac_muladd_8s_8s_16s_17_4_1_U74/attention_score_u55c_kernel_mac_muladd_8s_8s_16s_17_4_1_DSP48_0_U/m_reg_reg' and it is trimmed from '45' to '17' bits. [/home/advent/Desktop/RC19/_x/link/vivado/vpl/prj/prj.gen/my_rm/bd/ulp/ipshared/b5c7/hdl/verilog/attention_score_u55c_kernel_mac_muladd_8s_8s_16s_17_4_1.v:32]
WARNING: [Synth 8-3936] Found unconnected internal register 'mac_muladd_8s_8s_16s_17_4_1_U74/attention_score_u55c_kernel_mac_muladd_8s_8s_16s_17_4_1_DSP48_0_U/a_reg_reg' and it is trimmed from '27' to '17' bits. [/home/advent/Desktop/RC19/_x/link/vivado/vpl/prj/prj.gen/my_rm/bd/ulp/ipshared/b5c7/hdl/verilog/attention_score_u55c_kernel_mac_muladd_8s_8s_16s_17_4_1.v:31]
WARNING: [Synth 8-3936] Found unconnected internal register 'mac_muladd_8s_8s_16s_17_4_1_U74/attention_score_u55c_kernel_mac_muladd_8s_8s_16s_17_4_1_DSP48_0_U/b_reg_reg' and it is trimmed from '18' to '17' bits. [/home/advent/Desktop/RC19/_x/link/vivado/vpl/prj/prj.gen/my_rm/bd/ulp/ipshared/b5c7/hdl/verilog/attention_score_u55c_kernel_mac_muladd_8s_8s_16s_17_4_1.v:31]
WARNING: [Synth 8-3936] Found unconnected internal register 'mac_muladd_8s_8s_16s_17_4_1_U75/attention_score_u55c_kernel_mac_muladd_8s_8s_16s_17_4_1_DSP48_0_U/p_reg_reg' and it is trimmed from '46' to '17' bits. [/home/advent/Desktop/RC19/_x/link/vivado/vpl/prj/prj.gen/my_rm/bd/ulp/ipshared/b5c7/hdl/verilog/attention_score_u55c_kernel_mac_muladd_8s_8s_16s_17_4_1.v:39]
WARNING: [Synth 8-3936] Found unconnected internal register 'mac_muladd_8s_8s_16s_17_4_1_U75/attention_score_u55c_kernel_mac_muladd_8s_8s_16s_17_4_1_DSP48_0_U/m_reg_reg' and it is trimmed from '45' to '17' bits. [/home/advent/Desktop/RC19/_x/link/vivado/vpl/prj/prj.gen/my_rm/bd/ulp/ipshared/b5c7/hdl/verilog/attention_score_u55c_kernel_mac_muladd_8s_8s_16s_17_4_1.v:32]
WARNING: [Synth 8-3936] Found unconnected internal register 'mac_muladd_8s_8s_16s_17_4_1_U75/attention_score_u55c_kernel_mac_muladd_8s_8s_16s_17_4_1_DSP48_0_U/a_reg_reg' and it is trimmed from '27' to '17' bits. [/home/advent/Desktop/RC19/_x/link/vivado/vpl/prj/prj.gen/my_rm/bd/ulp/ipshared/b5c7/hdl/verilog/attention_score_u55c_kernel_mac_muladd_8s_8s_16s_17_4_1.v:31]
WARNING: [Synth 8-3936] Found unconnected internal register 'mac_muladd_8s_8s_16s_17_4_1_U75/attention_score_u55c_kernel_mac_muladd_8s_8s_16s_17_4_1_DSP48_0_U/b_reg_reg' and it is trimmed from '18' to '17' bits. [/home/advent/Desktop/RC19/_x/link/vivado/vpl/prj/prj.gen/my_rm/bd/ulp/ipshared/b5c7/hdl/verilog/attention_score_u55c_kernel_mac_muladd_8s_8s_16s_17_4_1.v:31]
WARNING: [Synth 8-3936] Found unconnected internal register 'mac_muladd_8s_8s_16s_17_4_1_U76/attention_score_u55c_kernel_mac_muladd_8s_8s_16s_17_4_1_DSP48_0_U/p_reg_reg' and it is trimmed from '46' to '17' bits. [/home/advent/Desktop/RC19/_x/link/vivado/vpl/prj/prj.gen/my_rm/bd/ulp/ipshared/b5c7/hdl/verilog/attention_score_u55c_kernel_mac_muladd_8s_8s_16s_17_4_1.v:39]
WARNING: [Synth 8-3936] Found unconnected internal register 'mac_muladd_8s_8s_16s_17_4_1_U76/attention_score_u55c_kernel_mac_muladd_8s_8s_16s_17_4_1_DSP48_0_U/m_reg_reg' and it is trimmed from '45' to '17' bits. [/home/advent/Desktop/RC19/_x/link/vivado/vpl/prj/prj.gen/my_rm/bd/ulp/ipshared/b5c7/hdl/verilog/attention_score_u55c_kernel_mac_muladd_8s_8s_16s_17_4_1.v:32]
WARNING: [Synth 8-3936] Found unconnected internal register 'mac_muladd_8s_8s_16s_17_4_1_U76/attention_score_u55c_kernel_mac_muladd_8s_8s_16s_17_4_1_DSP48_0_U/a_reg_reg' and it is trimmed from '27' to '17' bits. [/home/advent/Desktop/RC19/_x/link/vivado/vpl/prj/prj.gen/my_rm/bd/ulp/ipshared/b5c7/hdl/verilog/attention_score_u55c_kernel_mac_muladd_8s_8s_16s_17_4_1.v:31]
WARNING: [Synth 8-3936] Found unconnected internal register 'mac_muladd_8s_8s_16s_17_4_1_U76/attention_score_u55c_kernel_mac_muladd_8s_8s_16s_17_4_1_DSP48_0_U/b_reg_reg' and it is trimmed from '18' to '17' bits. [/home/advent/Desktop/RC19/_x/link/vivado/vpl/prj/prj.gen/my_rm/bd/ulp/ipshared/b5c7/hdl/verilog/attention_score_u55c_kernel_mac_muladd_8s_8s_16s_17_4_1.v:31]
WARNING: [Synth 8-3936] Found unconnected internal register 'mac_muladd_8s_8s_16s_17_4_1_U77/attention_score_u55c_kernel_mac_muladd_8s_8s_16s_17_4_1_DSP48_0_U/p_reg_reg' and it is trimmed from '46' to '17' bits. [/home/advent/Desktop/RC19/_x/link/vivado/vpl/prj/prj.gen/my_rm/bd/ulp/ipshared/b5c7/hdl/verilog/attention_score_u55c_kernel_mac_muladd_8s_8s_16s_17_4_1.v:39]
WARNING: [Synth 8-3936] Found unconnected internal register 'mac_muladd_8s_8s_16s_17_4_1_U77/attention_score_u55c_kernel_mac_muladd_8s_8s_16s_17_4_1_DSP48_0_U/m_reg_reg' and it is trimmed from '45' to '17' bits. [/home/advent/Desktop/RC19/_x/link/vivado/vpl/prj/prj.gen/my_rm/bd/ulp/ipshared/b5c7/hdl/verilog/attention_score_u55c_kernel_mac_muladd_8s_8s_16s_17_4_1.v:32]
WARNING: [Synth 8-3936] Found unconnected internal register 'mac_muladd_8s_8s_16s_17_4_1_U77/attention_score_u55c_kernel_mac_muladd_8s_8s_16s_17_4_1_DSP48_0_U/a_reg_reg' and it is trimmed from '27' to '17' bits. [/home/advent/Desktop/RC19/_x/link/vivado/vpl/prj/prj.gen/my_rm/bd/ulp/ipshared/b5c7/hdl/verilog/attention_score_u55c_kernel_mac_muladd_8s_8s_16s_17_4_1.v:31]
WARNING: [Synth 8-3936] Found unconnected internal register 'mac_muladd_8s_8s_16s_17_4_1_U77/attention_score_u55c_kernel_mac_muladd_8s_8s_16s_17_4_1_DSP48_0_U/b_reg_reg' and it is trimmed from '18' to '17' bits. [/home/advent/Desktop/RC19/_x/link/vivado/vpl/prj/prj.gen/my_rm/bd/ulp/ipshared/b5c7/hdl/verilog/attention_score_u55c_kernel_mac_muladd_8s_8s_16s_17_4_1.v:31]
WARNING: [Synth 8-3936] Found unconnected internal register 'mac_muladd_8s_8s_16s_17_4_1_U78/attention_score_u55c_kernel_mac_muladd_8s_8s_16s_17_4_1_DSP48_0_U/p_reg_reg' and it is trimmed from '46' to '17' bits. [/home/advent/Desktop/RC19/_x/link/vivado/vpl/prj/prj.gen/my_rm/bd/ulp/ipshared/b5c7/hdl/verilog/attention_score_u55c_kernel_mac_muladd_8s_8s_16s_17_4_1.v:39]
WARNING: [Synth 8-3936] Found unconnected internal register 'mac_muladd_8s_8s_16s_17_4_1_U78/attention_score_u55c_kernel_mac_muladd_8s_8s_16s_17_4_1_DSP48_0_U/m_reg_reg' and it is trimmed from '45' to '17' bits. [/home/advent/Desktop/RC19/_x/link/vivado/vpl/prj/prj.gen/my_rm/bd/ulp/ipshared/b5c7/hdl/verilog/attention_score_u55c_kernel_mac_muladd_8s_8s_16s_17_4_1.v:32]
WARNING: [Synth 8-3936] Found unconnected internal register 'mac_muladd_8s_8s_16s_17_4_1_U78/attention_score_u55c_kernel_mac_muladd_8s_8s_16s_17_4_1_DSP48_0_U/a_reg_reg' and it is trimmed from '27' to '17' bits. [/home/advent/Desktop/RC19/_x/link/vivado/vpl/prj/prj.gen/my_rm/bd/ulp/ipshared/b5c7/hdl/verilog/attention_score_u55c_kernel_mac_muladd_8s_8s_16s_17_4_1.v:31]
WARNING: [Synth 8-3936] Found unconnected internal register 'mac_muladd_8s_8s_16s_17_4_1_U78/attention_score_u55c_kernel_mac_muladd_8s_8s_16s_17_4_1_DSP48_0_U/b_reg_reg' and it is trimmed from '18' to '17' bits. [/home/advent/Desktop/RC19/_x/link/vivado/vpl/prj/prj.gen/my_rm/bd/ulp/ipshared/b5c7/hdl/verilog/attention_score_u55c_kernel_mac_muladd_8s_8s_16s_17_4_1.v:31]
WARNING: [Synth 8-3936] Found unconnected internal register 'mac_muladd_8s_8s_16s_17_4_1_U79/attention_score_u55c_kernel_mac_muladd_8s_8s_16s_17_4_1_DSP48_0_U/p_reg_reg' and it is trimmed from '46' to '17' bits. [/home/advent/Desktop/RC19/_x/link/vivado/vpl/prj/prj.gen/my_rm/bd/ulp/ipshared/b5c7/hdl/verilog/attention_score_u55c_kernel_mac_muladd_8s_8s_16s_17_4_1.v:39]
WARNING: [Synth 8-3936] Found unconnected internal register 'mac_muladd_8s_8s_16s_17_4_1_U79/attention_score_u55c_kernel_mac_muladd_8s_8s_16s_17_4_1_DSP48_0_U/m_reg_reg' and it is trimmed from '45' to '17' bits. [/home/advent/Desktop/RC19/_x/link/vivado/vpl/prj/prj.gen/my_rm/bd/ulp/ipshared/b5c7/hdl/verilog/attention_score_u55c_kernel_mac_muladd_8s_8s_16s_17_4_1.v:32]
WARNING: [Synth 8-3936] Found unconnected internal register 'mac_muladd_8s_8s_16s_17_4_1_U79/attention_score_u55c_kernel_mac_muladd_8s_8s_16s_17_4_1_DSP48_0_U/a_reg_reg' and it is trimmed from '27' to '17' bits. [/home/advent/Desktop/RC19/_x/link/vivado/vpl/prj/prj.gen/my_rm/bd/ulp/ipshared/b5c7/hdl/verilog/attention_score_u55c_kernel_mac_muladd_8s_8s_16s_17_4_1.v:31]
WARNING: [Synth 8-3936] Found unconnected internal register 'mac_muladd_8s_8s_16s_17_4_1_U79/attention_score_u55c_kernel_mac_muladd_8s_8s_16s_17_4_1_DSP48_0_U/b_reg_reg' and it is trimmed from '18' to '17' bits. [/home/advent/Desktop/RC19/_x/link/vivado/vpl/prj/prj.gen/my_rm/bd/ulp/ipshared/b5c7/hdl/verilog/attention_score_u55c_kernel_mac_muladd_8s_8s_16s_17_4_1.v:31]
INFO: [Common 17-14] Message 'Synth 8-3936' appears 100 times and further instances of the messages will be disabled. Use the Tcl command set_msg_config to change the current settings.
DSP Report: Generating DSP mac_muladd_8s_8s_16s_17_4_1_U55/attention_score_u55c_kernel_mac_muladd_8s_8s_16s_17_4_1_DSP48_0_U/m_reg_reg, operation Mode is: (A2*B2)'.
DSP Report: register mac_muladd_8s_8s_16s_17_4_1_U55/attention_score_u55c_kernel_mac_muladd_8s_8s_16s_17_4_1_DSP48_0_U/b_reg_reg is absorbed into DSP mac_muladd_8s_8s_16s_17_4_1_U55/attention_score_u55c_kernel_mac_muladd_8s_8s_16s_17_4_1_DSP48_0_U/m_reg_reg.
DSP Report: register mac_muladd_8s_8s_16s_17_4_1_U55/attention_score_u55c_kernel_mac_muladd_8s_8s_16s_17_4_1_DSP48_0_U/a_reg_reg is absorbed into DSP mac_muladd_8s_8s_16s_17_4_1_U55/attention_score_u55c_kernel_mac_muladd_8s_8s_16s_17_4_1_DSP48_0_U/m_reg_reg.
DSP Report: register mac_muladd_8s_8s_16s_17_4_1_U55/attention_score_u55c_kernel_mac_muladd_8s_8s_16s_17_4_1_DSP48_0_U/m_reg_reg is absorbed into DSP mac_muladd_8s_8s_16s_17_4_1_U55/attention_score_u55c_kernel_mac_muladd_8s_8s_16s_17_4_1_DSP48_0_U/m_reg_reg.
DSP Report: operator mac_muladd_8s_8s_16s_17_4_1_U55/attention_score_u55c_kernel_mac_muladd_8s_8s_16s_17_4_1_DSP48_0_U/m is absorbed into DSP mac_muladd_8s_8s_16s_17_4_1_U55/attention_score_u55c_kernel_mac_muladd_8s_8s_16s_17_4_1_DSP48_0_U/m_reg_reg.
DSP Report: Generating DSP mac_muladd_8s_8s_16s_17_4_1_U55/attention_score_u55c_kernel_mac_muladd_8s_8s_16s_17_4_1_DSP48_0_U/p_reg_reg, operation Mode is: (PCIN+A''*B'')'.
DSP Report: register q_tile_1_load_reg_4375_reg is absorbed into DSP mac_muladd_8s_8s_16s_17_4_1_U55/attention_score_u55c_kernel_mac_muladd_8s_8s_16s_17_4_1_DSP48_0_U/p_reg_reg.
DSP Report: register q_tile_1_load_reg_4375_pp0_iter2_reg_reg is absorbed into DSP mac_muladd_8s_8s_16s_17_4_1_U55/attention_score_u55c_kernel_mac_muladd_8s_8s_16s_17_4_1_DSP48_0_U/p_reg_reg.
DSP Report: register k_tile_1_load_reg_4695_reg is absorbed into DSP mac_muladd_8s_8s_16s_17_4_1_U55/attention_score_u55c_kernel_mac_muladd_8s_8s_16s_17_4_1_DSP48_0_U/p_reg_reg.
DSP Report: register k_tile_1_load_reg_4695_pp0_iter2_reg_reg is absorbed into DSP mac_muladd_8s_8s_16s_17_4_1_U55/attention_score_u55c_kernel_mac_muladd_8s_8s_16s_17_4_1_DSP48_0_U/p_reg_reg.
DSP Report: register mac_muladd_8s_8s_16s_17_4_1_U55/attention_score_u55c_kernel_mac_muladd_8s_8s_16s_17_4_1_DSP48_0_U/p_reg_reg is absorbed into DSP mac_muladd_8s_8s_16s_17_4_1_U55/attention_score_u55c_kernel_mac_muladd_8s_8s_16s_17_4_1_DSP48_0_U/p_reg_reg.
DSP Report: operator mac_muladd_8s_8s_16s_17_4_1_U55/attention_score_u55c_kernel_mac_muladd_8s_8s_16s_17_4_1_DSP48_0_U/p is absorbed into DSP mac_muladd_8s_8s_16s_17_4_1_U55/attention_score_u55c_kernel_mac_muladd_8s_8s_16s_17_4_1_DSP48_0_U/p_reg_reg.
DSP Report: operator mul_8s_8s_16_1_1_U33/dout is absorbed into DSP mac_muladd_8s_8s_16s_17_4_1_U55/attention_score_u55c_kernel_mac_muladd_8s_8s_16s_17_4_1_DSP48_0_U/p_reg_reg.
DSP Report: Generating DSP mac_muladd_8s_8s_16s_17_4_1_U56/attention_score_u55c_kernel_mac_muladd_8s_8s_16s_17_4_1_DSP48_0_U/m_reg_reg, operation Mode is: (A2*B2)'.
DSP Report: register mac_muladd_8s_8s_16s_17_4_1_U56/attention_score_u55c_kernel_mac_muladd_8s_8s_16s_17_4_1_DSP48_0_U/b_reg_reg is absorbed into DSP mac_muladd_8s_8s_16s_17_4_1_U56/attention_score_u55c_kernel_mac_muladd_8s_8s_16s_17_4_1_DSP48_0_U/m_reg_reg.
DSP Report: register mac_muladd_8s_8s_16s_17_4_1_U56/attention_score_u55c_kernel_mac_muladd_8s_8s_16s_17_4_1_DSP48_0_U/a_reg_reg is absorbed into DSP mac_muladd_8s_8s_16s_17_4_1_U56/attention_score_u55c_kernel_mac_muladd_8s_8s_16s_17_4_1_DSP48_0_U/m_reg_reg.
DSP Report: register mac_muladd_8s_8s_16s_17_4_1_U56/attention_score_u55c_kernel_mac_muladd_8s_8s_16s_17_4_1_DSP48_0_U/m_reg_reg is absorbed into DSP mac_muladd_8s_8s_16s_17_4_1_U56/attention_score_u55c_kernel_mac_muladd_8s_8s_16s_17_4_1_DSP48_0_U/m_reg_reg.
DSP Report: operator mac_muladd_8s_8s_16s_17_4_1_U56/attention_score_u55c_kernel_mac_muladd_8s_8s_16s_17_4_1_DSP48_0_U/m is absorbed into DSP mac_muladd_8s_8s_16s_17_4_1_U56/attention_score_u55c_kernel_mac_muladd_8s_8s_16s_17_4_1_DSP48_0_U/m_reg_reg.
DSP Report: Generating DSP mac_muladd_8s_8s_16s_17_4_1_U56/attention_score_u55c_kernel_mac_muladd_8s_8s_16s_17_4_1_DSP48_0_U/p_reg_reg, operation Mode is: (PCIN+A''*B'')'.
DSP Report: register q_tile_2_load_reg_4380_reg is absorbed into DSP mac_muladd_8s_8s_16s_17_4_1_U56/attention_score_u55c_kernel_mac_muladd_8s_8s_16s_17_4_1_DSP48_0_U/p_reg_reg.
DSP Report: register q_tile_2_load_reg_4380_pp0_iter2_reg_reg is absorbed into DSP mac_muladd_8s_8s_16s_17_4_1_U56/attention_score_u55c_kernel_mac_muladd_8s_8s_16s_17_4_1_DSP48_0_U/p_reg_reg.
DSP Report: register k_tile_2_load_reg_4700_reg is absorbed into DSP mac_muladd_8s_8s_16s_17_4_1_U56/attention_score_u55c_kernel_mac_muladd_8s_8s_16s_17_4_1_DSP48_0_U/p_reg_reg.
DSP Report: register k_tile_2_load_reg_4700_pp0_iter2_reg_reg is absorbed into DSP mac_muladd_8s_8s_16s_17_4_1_U56/attention_score_u55c_kernel_mac_muladd_8s_8s_16s_17_4_1_DSP48_0_U/p_reg_reg.
DSP Report: register mac_muladd_8s_8s_16s_17_4_1_U56/attention_score_u55c_kernel_mac_muladd_8s_8s_16s_17_4_1_DSP48_0_U/p_reg_reg is absorbed into DSP mac_muladd_8s_8s_16s_17_4_1_U56/attention_score_u55c_kernel_mac_muladd_8s_8s_16s_17_4_1_DSP48_0_U/p_reg_reg.
DSP Report: operator mac_muladd_8s_8s_16s_17_4_1_U56/attention_score_u55c_kernel_mac_muladd_8s_8s_16s_17_4_1_DSP48_0_U/p is absorbed into DSP mac_muladd_8s_8s_16s_17_4_1_U56/attention_score_u55c_kernel_mac_muladd_8s_8s_16s_17_4_1_DSP48_0_U/p_reg_reg.
DSP Report: operator mul_8s_8s_16_1_1_U34/dout is absorbed into DSP mac_muladd_8s_8s_16s_17_4_1_U56/attention_score_u55c_kernel_mac_muladd_8s_8s_16s_17_4_1_DSP48_0_U/p_reg_reg.
DSP Report: Generating DSP mac_muladd_8s_8s_16s_17_4_1_U57/attention_score_u55c_kernel_mac_muladd_8s_8s_16s_17_4_1_DSP48_0_U/m_reg_reg, operation Mode is: (A2*B2)'.
DSP Report: register mac_muladd_8s_8s_16s_17_4_1_U57/attention_score_u55c_kernel_mac_muladd_8s_8s_16s_17_4_1_DSP48_0_U/b_reg_reg is absorbed into DSP mac_muladd_8s_8s_16s_17_4_1_U57/attention_score_u55c_kernel_mac_muladd_8s_8s_16s_17_4_1_DSP48_0_U/m_reg_reg.
DSP Report: register mac_muladd_8s_8s_16s_17_4_1_U57/attention_score_u55c_kernel_mac_muladd_8s_8s_16s_17_4_1_DSP48_0_U/a_reg_reg is absorbed into DSP mac_muladd_8s_8s_16s_17_4_1_U57/attention_score_u55c_kernel_mac_muladd_8s_8s_16s_17_4_1_DSP48_0_U/m_reg_reg.
DSP Report: register mac_muladd_8s_8s_16s_17_4_1_U57/attention_score_u55c_kernel_mac_muladd_8s_8s_16s_17_4_1_DSP48_0_U/m_reg_reg is absorbed into DSP mac_muladd_8s_8s_16s_17_4_1_U57/attention_score_u55c_kernel_mac_muladd_8s_8s_16s_17_4_1_DSP48_0_U/m_reg_reg.
DSP Report: operator mac_muladd_8s_8s_16s_17_4_1_U57/attention_score_u55c_kernel_mac_muladd_8s_8s_16s_17_4_1_DSP48_0_U/m is absorbed into DSP mac_muladd_8s_8s_16s_17_4_1_U57/attention_score_u55c_kernel_mac_muladd_8s_8s_16s_17_4_1_DSP48_0_U/m_reg_reg.
DSP Report: Generating DSP mac_muladd_8s_8s_16s_17_4_1_U57/attention_score_u55c_kernel_mac_muladd_8s_8s_16s_17_4_1_DSP48_0_U/p_reg_reg, operation Mode is: (PCIN+A''*B'')'.
DSP Report: register q_tile_4_load_reg_4390_reg is absorbed into DSP mac_muladd_8s_8s_16s_17_4_1_U57/attention_score_u55c_kernel_mac_muladd_8s_8s_16s_17_4_1_DSP48_0_U/p_reg_reg.
DSP Report: register q_tile_4_load_reg_4390_pp0_iter2_reg_reg is absorbed into DSP mac_muladd_8s_8s_16s_17_4_1_U57/attention_score_u55c_kernel_mac_muladd_8s_8s_16s_17_4_1_DSP48_0_U/p_reg_reg.
DSP Report: register k_tile_4_load_reg_4710_reg is absorbed into DSP mac_muladd_8s_8s_16s_17_4_1_U57/attention_score_u55c_kernel_mac_muladd_8s_8s_16s_17_4_1_DSP48_0_U/p_reg_reg.
DSP Report: register k_tile_4_load_reg_4710_pp0_iter2_reg_reg is absorbed into DSP mac_muladd_8s_8s_16s_17_4_1_U57/attention_score_u55c_kernel_mac_muladd_8s_8s_16s_17_4_1_DSP48_0_U/p_reg_reg.
DSP Report: register mac_muladd_8s_8s_16s_17_4_1_U57/attention_score_u55c_kernel_mac_muladd_8s_8s_16s_17_4_1_DSP48_0_U/p_reg_reg is absorbed into DSP mac_muladd_8s_8s_16s_17_4_1_U57/attention_score_u55c_kernel_mac_muladd_8s_8s_16s_17_4_1_DSP48_0_U/p_reg_reg.
DSP Report: operator mac_muladd_8s_8s_16s_17_4_1_U57/attention_score_u55c_kernel_mac_muladd_8s_8s_16s_17_4_1_DSP48_0_U/p is absorbed into DSP mac_muladd_8s_8s_16s_17_4_1_U57/attention_score_u55c_kernel_mac_muladd_8s_8s_16s_17_4_1_DSP48_0_U/p_reg_reg.
DSP Report: operator mul_8s_8s_16_1_1_U35/dout is absorbed into DSP mac_muladd_8s_8s_16s_17_4_1_U57/attention_score_u55c_kernel_mac_muladd_8s_8s_16s_17_4_1_DSP48_0_U/p_reg_reg.
DSP Report: Generating DSP mac_muladd_8s_8s_16s_17_4_1_U58/attention_score_u55c_kernel_mac_muladd_8s_8s_16s_17_4_1_DSP48_0_U/m_reg_reg, operation Mode is: (A2*B2)'.
DSP Report: register mac_muladd_8s_8s_16s_17_4_1_U58/attention_score_u55c_kernel_mac_muladd_8s_8s_16s_17_4_1_DSP48_0_U/b_reg_reg is absorbed into DSP mac_muladd_8s_8s_16s_17_4_1_U58/attention_score_u55c_kernel_mac_muladd_8s_8s_16s_17_4_1_DSP48_0_U/m_reg_reg.
DSP Report: register mac_muladd_8s_8s_16s_17_4_1_U58/attention_score_u55c_kernel_mac_muladd_8s_8s_16s_17_4_1_DSP48_0_U/a_reg_reg is absorbed into DSP mac_muladd_8s_8s_16s_17_4_1_U58/attention_score_u55c_kernel_mac_muladd_8s_8s_16s_17_4_1_DSP48_0_U/m_reg_reg.
DSP Report: register mac_muladd_8s_8s_16s_17_4_1_U58/attention_score_u55c_kernel_mac_muladd_8s_8s_16s_17_4_1_DSP48_0_U/m_reg_reg is absorbed into DSP mac_muladd_8s_8s_16s_17_4_1_U58/attention_score_u55c_kernel_mac_muladd_8s_8s_16s_17_4_1_DSP48_0_U/m_reg_reg.
DSP Report: operator mac_muladd_8s_8s_16s_17_4_1_U58/attention_score_u55c_kernel_mac_muladd_8s_8s_16s_17_4_1_DSP48_0_U/m is absorbed into DSP mac_muladd_8s_8s_16s_17_4_1_U58/attention_score_u55c_kernel_mac_muladd_8s_8s_16s_17_4_1_DSP48_0_U/m_reg_reg.
DSP Report: Generating DSP mac_muladd_8s_8s_16s_17_4_1_U58/attention_score_u55c_kernel_mac_muladd_8s_8s_16s_17_4_1_DSP48_0_U/p_reg_reg, operation Mode is: (PCIN+A''*B'')'.
DSP Report: register q_tile_6_load_reg_4400_reg is absorbed into DSP mac_muladd_8s_8s_16s_17_4_1_U58/attention_score_u55c_kernel_mac_muladd_8s_8s_16s_17_4_1_DSP48_0_U/p_reg_reg.
DSP Report: register q_tile_6_load_reg_4400_pp0_iter2_reg_reg is absorbed into DSP mac_muladd_8s_8s_16s_17_4_1_U58/attention_score_u55c_kernel_mac_muladd_8s_8s_16s_17_4_1_DSP48_0_U/p_reg_reg.
DSP Report: register k_tile_6_load_reg_4720_reg is absorbed into DSP mac_muladd_8s_8s_16s_17_4_1_U58/attention_score_u55c_kernel_mac_muladd_8s_8s_16s_17_4_1_DSP48_0_U/p_reg_reg.
DSP Report: register k_tile_6_load_reg_4720_pp0_iter2_reg_reg is absorbed into DSP mac_muladd_8s_8s_16s_17_4_1_U58/attention_score_u55c_kernel_mac_muladd_8s_8s_16s_17_4_1_DSP48_0_U/p_reg_reg.
DSP Report: register mac_muladd_8s_8s_16s_17_4_1_U58/attention_score_u55c_kernel_mac_muladd_8s_8s_16s_17_4_1_DSP48_0_U/p_reg_reg is absorbed into DSP mac_muladd_8s_8s_16s_17_4_1_U58/attention_score_u55c_kernel_mac_muladd_8s_8s_16s_17_4_1_DSP48_0_U/p_reg_reg.
DSP Report: operator mac_muladd_8s_8s_16s_17_4_1_U58/attention_score_u55c_kernel_mac_muladd_8s_8s_16s_17_4_1_DSP48_0_U/p is absorbed into DSP mac_muladd_8s_8s_16s_17_4_1_U58/attention_score_u55c_kernel_mac_muladd_8s_8s_16s_17_4_1_DSP48_0_U/p_reg_reg.
DSP Report: operator mul_8s_8s_16_1_1_U36/dout is absorbed into DSP mac_muladd_8s_8s_16s_17_4_1_U58/attention_score_u55c_kernel_mac_muladd_8s_8s_16s_17_4_1_DSP48_0_U/p_reg_reg.
DSP Report: Generating DSP mac_muladd_8s_8s_16s_17_4_1_U59/attention_score_u55c_kernel_mac_muladd_8s_8s_16s_17_4_1_DSP48_0_U/m_reg_reg, operation Mode is: (A2*B2)'.
DSP Report: register mac_muladd_8s_8s_16s_17_4_1_U59/attention_score_u55c_kernel_mac_muladd_8s_8s_16s_17_4_1_DSP48_0_U/b_reg_reg is absorbed into DSP mac_muladd_8s_8s_16s_17_4_1_U59/attention_score_u55c_kernel_mac_muladd_8s_8s_16s_17_4_1_DSP48_0_U/m_reg_reg.
DSP Report: register mac_muladd_8s_8s_16s_17_4_1_U59/attention_score_u55c_kernel_mac_muladd_8s_8s_16s_17_4_1_DSP48_0_U/a_reg_reg is absorbed into DSP mac_muladd_8s_8s_16s_17_4_1_U59/attention_score_u55c_kernel_mac_muladd_8s_8s_16s_17_4_1_DSP48_0_U/m_reg_reg.
DSP Report: register mac_muladd_8s_8s_16s_17_4_1_U59/attention_score_u55c_kernel_mac_muladd_8s_8s_16s_17_4_1_DSP48_0_U/m_reg_reg is absorbed into DSP mac_muladd_8s_8s_16s_17_4_1_U59/attention_score_u55c_kernel_mac_muladd_8s_8s_16s_17_4_1_DSP48_0_U/m_reg_reg.
DSP Report: operator mac_muladd_8s_8s_16s_17_4_1_U59/attention_score_u55c_kernel_mac_muladd_8s_8s_16s_17_4_1_DSP48_0_U/m is absorbed into DSP mac_muladd_8s_8s_16s_17_4_1_U59/attention_score_u55c_kernel_mac_muladd_8s_8s_16s_17_4_1_DSP48_0_U/m_reg_reg.
DSP Report: Generating DSP mac_muladd_8s_8s_16s_17_4_1_U59/attention_score_u55c_kernel_mac_muladd_8s_8s_16s_17_4_1_DSP48_0_U/p_reg_reg, operation Mode is: (PCIN+A''*B'')'.
DSP Report: register q_tile_0_load_1_reg_4410_reg is absorbed into DSP mac_muladd_8s_8s_16s_17_4_1_U59/attention_score_u55c_kernel_mac_muladd_8s_8s_16s_17_4_1_DSP48_0_U/p_reg_reg.
DSP Report: register q_tile_0_load_1_reg_4410_pp0_iter2_reg_reg is absorbed into DSP mac_muladd_8s_8s_16s_17_4_1_U59/attention_score_u55c_kernel_mac_muladd_8s_8s_16s_17_4_1_DSP48_0_U/p_reg_reg.
DSP Report: register k_tile_0_load_1_reg_4730_reg is absorbed into DSP mac_muladd_8s_8s_16s_17_4_1_U59/attention_score_u55c_kernel_mac_muladd_8s_8s_16s_17_4_1_DSP48_0_U/p_reg_reg.
DSP Report: register k_tile_0_load_1_reg_4730_pp0_iter2_reg_reg is absorbed into DSP mac_muladd_8s_8s_16s_17_4_1_U59/attention_score_u55c_kernel_mac_muladd_8s_8s_16s_17_4_1_DSP48_0_U/p_reg_reg.
DSP Report: register mac_muladd_8s_8s_16s_17_4_1_U59/attention_score_u55c_kernel_mac_muladd_8s_8s_16s_17_4_1_DSP48_0_U/p_reg_reg is absorbed into DSP mac_muladd_8s_8s_16s_17_4_1_U59/attention_score_u55c_kernel_mac_muladd_8s_8s_16s_17_4_1_DSP48_0_U/p_reg_reg.
DSP Report: operator mac_muladd_8s_8s_16s_17_4_1_U59/attention_score_u55c_kernel_mac_muladd_8s_8s_16s_17_4_1_DSP48_0_U/p is absorbed into DSP mac_muladd_8s_8s_16s_17_4_1_U59/attention_score_u55c_kernel_mac_muladd_8s_8s_16s_17_4_1_DSP48_0_U/p_reg_reg.
DSP Report: operator mul_8s_8s_16_1_1_U37/dout is absorbed into DSP mac_muladd_8s_8s_16s_17_4_1_U59/attention_score_u55c_kernel_mac_muladd_8s_8s_16s_17_4_1_DSP48_0_U/p_reg_reg.
DSP Report: Generating DSP mac_muladd_8s_8s_16s_17_4_1_U60/attention_score_u55c_kernel_mac_muladd_8s_8s_16s_17_4_1_DSP48_0_U/m_reg_reg, operation Mode is: (A2*B2)'.
DSP Report: register mac_muladd_8s_8s_16s_17_4_1_U60/attention_score_u55c_kernel_mac_muladd_8s_8s_16s_17_4_1_DSP48_0_U/b_reg_reg is absorbed into DSP mac_muladd_8s_8s_16s_17_4_1_U60/attention_score_u55c_kernel_mac_muladd_8s_8s_16s_17_4_1_DSP48_0_U/m_reg_reg.
DSP Report: register mac_muladd_8s_8s_16s_17_4_1_U60/attention_score_u55c_kernel_mac_muladd_8s_8s_16s_17_4_1_DSP48_0_U/a_reg_reg is absorbed into DSP mac_muladd_8s_8s_16s_17_4_1_U60/attention_score_u55c_kernel_mac_muladd_8s_8s_16s_17_4_1_DSP48_0_U/m_reg_reg.
DSP Report: register mac_muladd_8s_8s_16s_17_4_1_U60/attention_score_u55c_kernel_mac_muladd_8s_8s_16s_17_4_1_DSP48_0_U/m_reg_reg is absorbed into DSP mac_muladd_8s_8s_16s_17_4_1_U60/attention_score_u55c_kernel_mac_muladd_8s_8s_16s_17_4_1_DSP48_0_U/m_reg_reg.
DSP Report: operator mac_muladd_8s_8s_16s_17_4_1_U60/attention_score_u55c_kernel_mac_muladd_8s_8s_16s_17_4_1_DSP48_0_U/m is absorbed into DSP mac_muladd_8s_8s_16s_17_4_1_U60/attention_score_u55c_kernel_mac_muladd_8s_8s_16s_17_4_1_DSP48_0_U/m_reg_reg.
DSP Report: Generating DSP mac_muladd_8s_8s_16s_17_4_1_U60/attention_score_u55c_kernel_mac_muladd_8s_8s_16s_17_4_1_DSP48_0_U/p_reg_reg, operation Mode is: (PCIN+A''*B'')'.
DSP Report: register q_tile_2_load_1_reg_4420_reg is absorbed into DSP mac_muladd_8s_8s_16s_17_4_1_U60/attention_score_u55c_kernel_mac_muladd_8s_8s_16s_17_4_1_DSP48_0_U/p_reg_reg.
DSP Report: register q_tile_2_load_1_reg_4420_pp0_iter2_reg_reg is absorbed into DSP mac_muladd_8s_8s_16s_17_4_1_U60/attention_score_u55c_kernel_mac_muladd_8s_8s_16s_17_4_1_DSP48_0_U/p_reg_reg.
DSP Report: register k_tile_2_load_1_reg_4740_reg is absorbed into DSP mac_muladd_8s_8s_16s_17_4_1_U60/attention_score_u55c_kernel_mac_muladd_8s_8s_16s_17_4_1_DSP48_0_U/p_reg_reg.
DSP Report: register k_tile_2_load_1_reg_4740_pp0_iter2_reg_reg is absorbed into DSP mac_muladd_8s_8s_16s_17_4_1_U60/attention_score_u55c_kernel_mac_muladd_8s_8s_16s_17_4_1_DSP48_0_U/p_reg_reg.
DSP Report: register mac_muladd_8s_8s_16s_17_4_1_U60/attention_score_u55c_kernel_mac_muladd_8s_8s_16s_17_4_1_DSP48_0_U/p_reg_reg is absorbed into DSP mac_muladd_8s_8s_16s_17_4_1_U60/attention_score_u55c_kernel_mac_muladd_8s_8s_16s_17_4_1_DSP48_0_U/p_reg_reg.
DSP Report: operator mac_muladd_8s_8s_16s_17_4_1_U60/attention_score_u55c_kernel_mac_muladd_8s_8s_16s_17_4_1_DSP48_0_U/p is absorbed into DSP mac_muladd_8s_8s_16s_17_4_1_U60/attention_score_u55c_kernel_mac_muladd_8s_8s_16s_17_4_1_DSP48_0_U/p_reg_reg.
DSP Report: operator mul_8s_8s_16_1_1_U38/dout is absorbed into DSP mac_muladd_8s_8s_16s_17_4_1_U60/attention_score_u55c_kernel_mac_muladd_8s_8s_16s_17_4_1_DSP48_0_U/p_reg_reg.
DSP Report: Generating DSP mac_muladd_8s_8s_16s_17_4_1_U61/attention_score_u55c_kernel_mac_muladd_8s_8s_16s_17_4_1_DSP48_0_U/m_reg_reg, operation Mode is: (A2*B2)'.
DSP Report: register mac_muladd_8s_8s_16s_17_4_1_U61/attention_score_u55c_kernel_mac_muladd_8s_8s_16s_17_4_1_DSP48_0_U/b_reg_reg is absorbed into DSP mac_muladd_8s_8s_16s_17_4_1_U61/attention_score_u55c_kernel_mac_muladd_8s_8s_16s_17_4_1_DSP48_0_U/m_reg_reg.
DSP Report: register mac_muladd_8s_8s_16s_17_4_1_U61/attention_score_u55c_kernel_mac_muladd_8s_8s_16s_17_4_1_DSP48_0_U/a_reg_reg is absorbed into DSP mac_muladd_8s_8s_16s_17_4_1_U61/attention_score_u55c_kernel_mac_muladd_8s_8s_16s_17_4_1_DSP48_0_U/m_reg_reg.
DSP Report: register mac_muladd_8s_8s_16s_17_4_1_U61/attention_score_u55c_kernel_mac_muladd_8s_8s_16s_17_4_1_DSP48_0_U/m_reg_reg is absorbed into DSP mac_muladd_8s_8s_16s_17_4_1_U61/attention_score_u55c_kernel_mac_muladd_8s_8s_16s_17_4_1_DSP48_0_U/m_reg_reg.
DSP Report: operator mac_muladd_8s_8s_16s_17_4_1_U61/attention_score_u55c_kernel_mac_muladd_8s_8s_16s_17_4_1_DSP48_0_U/m is absorbed into DSP mac_muladd_8s_8s_16s_17_4_1_U61/attention_score_u55c_kernel_mac_muladd_8s_8s_16s_17_4_1_DSP48_0_U/m_reg_reg.
DSP Report: Generating DSP mac_muladd_8s_8s_16s_17_4_1_U61/attention_score_u55c_kernel_mac_muladd_8s_8s_16s_17_4_1_DSP48_0_U/p_reg_reg, operation Mode is: (PCIN+A''*B'')'.
DSP Report: register q_tile_4_load_1_reg_4430_reg is absorbed into DSP mac_muladd_8s_8s_16s_17_4_1_U61/attention_score_u55c_kernel_mac_muladd_8s_8s_16s_17_4_1_DSP48_0_U/p_reg_reg.
DSP Report: register q_tile_4_load_1_reg_4430_pp0_iter2_reg_reg is absorbed into DSP mac_muladd_8s_8s_16s_17_4_1_U61/attention_score_u55c_kernel_mac_muladd_8s_8s_16s_17_4_1_DSP48_0_U/p_reg_reg.
DSP Report: register k_tile_4_load_1_reg_4750_reg is absorbed into DSP mac_muladd_8s_8s_16s_17_4_1_U61/attention_score_u55c_kernel_mac_muladd_8s_8s_16s_17_4_1_DSP48_0_U/p_reg_reg.
DSP Report: register k_tile_4_load_1_reg_4750_pp0_iter2_reg_reg is absorbed into DSP mac_muladd_8s_8s_16s_17_4_1_U61/attention_score_u55c_kernel_mac_muladd_8s_8s_16s_17_4_1_DSP48_0_U/p_reg_reg.
DSP Report: register mac_muladd_8s_8s_16s_17_4_1_U61/attention_score_u55c_kernel_mac_muladd_8s_8s_16s_17_4_1_DSP48_0_U/p_reg_reg is absorbed into DSP mac_muladd_8s_8s_16s_17_4_1_U61/attention_score_u55c_kernel_mac_muladd_8s_8s_16s_17_4_1_DSP48_0_U/p_reg_reg.
DSP Report: operator mac_muladd_8s_8s_16s_17_4_1_U61/attention_score_u55c_kernel_mac_muladd_8s_8s_16s_17_4_1_DSP48_0_U/p is absorbed into DSP mac_muladd_8s_8s_16s_17_4_1_U61/attention_score_u55c_kernel_mac_muladd_8s_8s_16s_17_4_1_DSP48_0_U/p_reg_reg.
DSP Report: operator mul_8s_8s_16_1_1_U39/dout is absorbed into DSP mac_muladd_8s_8s_16s_17_4_1_U61/attention_score_u55c_kernel_mac_muladd_8s_8s_16s_17_4_1_DSP48_0_U/p_reg_reg.
DSP Report: Generating DSP mac_muladd_8s_8s_16s_17_4_1_U62/attention_score_u55c_kernel_mac_muladd_8s_8s_16s_17_4_1_DSP48_0_U/m_reg_reg, operation Mode is: (A2*B2)'.
DSP Report: register mac_muladd_8s_8s_16s_17_4_1_U62/attention_score_u55c_kernel_mac_muladd_8s_8s_16s_17_4_1_DSP48_0_U/b_reg_reg is absorbed into DSP mac_muladd_8s_8s_16s_17_4_1_U62/attention_score_u55c_kernel_mac_muladd_8s_8s_16s_17_4_1_DSP48_0_U/m_reg_reg.
DSP Report: register mac_muladd_8s_8s_16s_17_4_1_U62/attention_score_u55c_kernel_mac_muladd_8s_8s_16s_17_4_1_DSP48_0_U/a_reg_reg is absorbed into DSP mac_muladd_8s_8s_16s_17_4_1_U62/attention_score_u55c_kernel_mac_muladd_8s_8s_16s_17_4_1_DSP48_0_U/m_reg_reg.
DSP Report: register mac_muladd_8s_8s_16s_17_4_1_U62/attention_score_u55c_kernel_mac_muladd_8s_8s_16s_17_4_1_DSP48_0_U/m_reg_reg is absorbed into DSP mac_muladd_8s_8s_16s_17_4_1_U62/attention_score_u55c_kernel_mac_muladd_8s_8s_16s_17_4_1_DSP48_0_U/m_reg_reg.
DSP Report: operator mac_muladd_8s_8s_16s_17_4_1_U62/attention_score_u55c_kernel_mac_muladd_8s_8s_16s_17_4_1_DSP48_0_U/m is absorbed into DSP mac_muladd_8s_8s_16s_17_4_1_U62/attention_score_u55c_kernel_mac_muladd_8s_8s_16s_17_4_1_DSP48_0_U/m_reg_reg.
DSP Report: Generating DSP mac_muladd_8s_8s_16s_17_4_1_U62/attention_score_u55c_kernel_mac_muladd_8s_8s_16s_17_4_1_DSP48_0_U/p_reg_reg, operation Mode is: (PCIN+A''*B'')'.
DSP Report: register q_tile_6_load_1_reg_4440_reg is absorbed into DSP mac_muladd_8s_8s_16s_17_4_1_U62/attention_score_u55c_kernel_mac_muladd_8s_8s_16s_17_4_1_DSP48_0_U/p_reg_reg.
DSP Report: register q_tile_6_load_1_reg_4440_pp0_iter2_reg_reg is absorbed into DSP mac_muladd_8s_8s_16s_17_4_1_U62/attention_score_u55c_kernel_mac_muladd_8s_8s_16s_17_4_1_DSP48_0_U/p_reg_reg.
DSP Report: register k_tile_6_load_1_reg_4760_reg is absorbed into DSP mac_muladd_8s_8s_16s_17_4_1_U62/attention_score_u55c_kernel_mac_muladd_8s_8s_16s_17_4_1_DSP48_0_U/p_reg_reg.
DSP Report: register k_tile_6_load_1_reg_4760_pp0_iter2_reg_reg is absorbed into DSP mac_muladd_8s_8s_16s_17_4_1_U62/attention_score_u55c_kernel_mac_muladd_8s_8s_16s_17_4_1_DSP48_0_U/p_reg_reg.
DSP Report: register mac_muladd_8s_8s_16s_17_4_1_U62/attention_score_u55c_kernel_mac_muladd_8s_8s_16s_17_4_1_DSP48_0_U/p_reg_reg is absorbed into DSP mac_muladd_8s_8s_16s_17_4_1_U62/attention_score_u55c_kernel_mac_muladd_8s_8s_16s_17_4_1_DSP48_0_U/p_reg_reg.
DSP Report: operator mac_muladd_8s_8s_16s_17_4_1_U62/attention_score_u55c_kernel_mac_muladd_8s_8s_16s_17_4_1_DSP48_0_U/p is absorbed into DSP mac_muladd_8s_8s_16s_17_4_1_U62/attention_score_u55c_kernel_mac_muladd_8s_8s_16s_17_4_1_DSP48_0_U/p_reg_reg.
DSP Report: operator mul_8s_8s_16_1_1_U40/dout is absorbed into DSP mac_muladd_8s_8s_16s_17_4_1_U62/attention_score_u55c_kernel_mac_muladd_8s_8s_16s_17_4_1_DSP48_0_U/p_reg_reg.
DSP Report: Generating DSP mac_muladd_8s_8s_16s_17_4_1_U63/attention_score_u55c_kernel_mac_muladd_8s_8s_16s_17_4_1_DSP48_0_U/m_reg_reg, operation Mode is: (A2*B2)'.
DSP Report: register mac_muladd_8s_8s_16s_17_4_1_U63/attention_score_u55c_kernel_mac_muladd_8s_8s_16s_17_4_1_DSP48_0_U/b_reg_reg is absorbed into DSP mac_muladd_8s_8s_16s_17_4_1_U63/attention_score_u55c_kernel_mac_muladd_8s_8s_16s_17_4_1_DSP48_0_U/m_reg_reg.
DSP Report: register mac_muladd_8s_8s_16s_17_4_1_U63/attention_score_u55c_kernel_mac_muladd_8s_8s_16s_17_4_1_DSP48_0_U/a_reg_reg is absorbed into DSP mac_muladd_8s_8s_16s_17_4_1_U63/attention_score_u55c_kernel_mac_muladd_8s_8s_16s_17_4_1_DSP48_0_U/m_reg_reg.
DSP Report: register mac_muladd_8s_8s_16s_17_4_1_U63/attention_score_u55c_kernel_mac_muladd_8s_8s_16s_17_4_1_DSP48_0_U/m_reg_reg is absorbed into DSP mac_muladd_8s_8s_16s_17_4_1_U63/attention_score_u55c_kernel_mac_muladd_8s_8s_16s_17_4_1_DSP48_0_U/m_reg_reg.
DSP Report: operator mac_muladd_8s_8s_16s_17_4_1_U63/attention_score_u55c_kernel_mac_muladd_8s_8s_16s_17_4_1_DSP48_0_U/m is absorbed into DSP mac_muladd_8s_8s_16s_17_4_1_U63/attention_score_u55c_kernel_mac_muladd_8s_8s_16s_17_4_1_DSP48_0_U/m_reg_reg.
DSP Report: Generating DSP mac_muladd_8s_8s_16s_17_4_1_U63/attention_score_u55c_kernel_mac_muladd_8s_8s_16s_17_4_1_DSP48_0_U/p_reg_reg, operation Mode is: (PCIN+A''*B'')'.
DSP Report: register q_tile_0_load_2_reg_4450_reg is absorbed into DSP mac_muladd_8s_8s_16s_17_4_1_U63/attention_score_u55c_kernel_mac_muladd_8s_8s_16s_17_4_1_DSP48_0_U/p_reg_reg.
DSP Report: register q_tile_0_load_2_reg_4450_pp0_iter2_reg_reg is absorbed into DSP mac_muladd_8s_8s_16s_17_4_1_U63/attention_score_u55c_kernel_mac_muladd_8s_8s_16s_17_4_1_DSP48_0_U/p_reg_reg.
DSP Report: register k_tile_0_load_2_reg_4770_reg is absorbed into DSP mac_muladd_8s_8s_16s_17_4_1_U63/attention_score_u55c_kernel_mac_muladd_8s_8s_16s_17_4_1_DSP48_0_U/p_reg_reg.
DSP Report: register k_tile_0_load_2_reg_4770_pp0_iter2_reg_reg is absorbed into DSP mac_muladd_8s_8s_16s_17_4_1_U63/attention_score_u55c_kernel_mac_muladd_8s_8s_16s_17_4_1_DSP48_0_U/p_reg_reg.
DSP Report: register mac_muladd_8s_8s_16s_17_4_1_U63/attention_score_u55c_kernel_mac_muladd_8s_8s_16s_17_4_1_DSP48_0_U/p_reg_reg is absorbed into DSP mac_muladd_8s_8s_16s_17_4_1_U63/attention_score_u55c_kernel_mac_muladd_8s_8s_16s_17_4_1_DSP48_0_U/p_reg_reg.
DSP Report: operator mac_muladd_8s_8s_16s_17_4_1_U63/attention_score_u55c_kernel_mac_muladd_8s_8s_16s_17_4_1_DSP48_0_U/p is absorbed into DSP mac_muladd_8s_8s_16s_17_4_1_U63/attention_score_u55c_kernel_mac_muladd_8s_8s_16s_17_4_1_DSP48_0_U/p_reg_reg.
DSP Report: operator mul_8s_8s_16_1_1_U41/dout is absorbed into DSP mac_muladd_8s_8s_16s_17_4_1_U63/attention_score_u55c_kernel_mac_muladd_8s_8s_16s_17_4_1_DSP48_0_U/p_reg_reg.
DSP Report: Generating DSP mac_muladd_8s_8s_16s_17_4_1_U64/attention_score_u55c_kernel_mac_muladd_8s_8s_16s_17_4_1_DSP48_0_U/m_reg_reg, operation Mode is: (A2*B2)'.
DSP Report: register mac_muladd_8s_8s_16s_17_4_1_U64/attention_score_u55c_kernel_mac_muladd_8s_8s_16s_17_4_1_DSP48_0_U/b_reg_reg is absorbed into DSP mac_muladd_8s_8s_16s_17_4_1_U64/attention_score_u55c_kernel_mac_muladd_8s_8s_16s_17_4_1_DSP48_0_U/m_reg_reg.
DSP Report: register mac_muladd_8s_8s_16s_17_4_1_U64/attention_score_u55c_kernel_mac_muladd_8s_8s_16s_17_4_1_DSP48_0_U/a_reg_reg is absorbed into DSP mac_muladd_8s_8s_16s_17_4_1_U64/attention_score_u55c_kernel_mac_muladd_8s_8s_16s_17_4_1_DSP48_0_U/m_reg_reg.
DSP Report: register mac_muladd_8s_8s_16s_17_4_1_U64/attention_score_u55c_kernel_mac_muladd_8s_8s_16s_17_4_1_DSP48_0_U/m_reg_reg is absorbed into DSP mac_muladd_8s_8s_16s_17_4_1_U64/attention_score_u55c_kernel_mac_muladd_8s_8s_16s_17_4_1_DSP48_0_U/m_reg_reg.
DSP Report: operator mac_muladd_8s_8s_16s_17_4_1_U64/attention_score_u55c_kernel_mac_muladd_8s_8s_16s_17_4_1_DSP48_0_U/m is absorbed into DSP mac_muladd_8s_8s_16s_17_4_1_U64/attention_score_u55c_kernel_mac_muladd_8s_8s_16s_17_4_1_DSP48_0_U/m_reg_reg.
DSP Report: Generating DSP mac_muladd_8s_8s_16s_17_4_1_U64/attention_score_u55c_kernel_mac_muladd_8s_8s_16s_17_4_1_DSP48_0_U/p_reg_reg, operation Mode is: (PCIN+A''*B'')'.
DSP Report: register q_tile_2_load_2_reg_4460_reg is absorbed into DSP mac_muladd_8s_8s_16s_17_4_1_U64/attention_score_u55c_kernel_mac_muladd_8s_8s_16s_17_4_1_DSP48_0_U/p_reg_reg.
DSP Report: register q_tile_2_load_2_reg_4460_pp0_iter2_reg_reg is absorbed into DSP mac_muladd_8s_8s_16s_17_4_1_U64/attention_score_u55c_kernel_mac_muladd_8s_8s_16s_17_4_1_DSP48_0_U/p_reg_reg.
DSP Report: register k_tile_2_load_2_reg_4780_reg is absorbed into DSP mac_muladd_8s_8s_16s_17_4_1_U64/attention_score_u55c_kernel_mac_muladd_8s_8s_16s_17_4_1_DSP48_0_U/p_reg_reg.
DSP Report: register k_tile_2_load_2_reg_4780_pp0_iter2_reg_reg is absorbed into DSP mac_muladd_8s_8s_16s_17_4_1_U64/attention_score_u55c_kernel_mac_muladd_8s_8s_16s_17_4_1_DSP48_0_U/p_reg_reg.
DSP Report: register mac_muladd_8s_8s_16s_17_4_1_U64/attention_score_u55c_kernel_mac_muladd_8s_8s_16s_17_4_1_DSP48_0_U/p_reg_reg is absorbed into DSP mac_muladd_8s_8s_16s_17_4_1_U64/attention_score_u55c_kernel_mac_muladd_8s_8s_16s_17_4_1_DSP48_0_U/p_reg_reg.
DSP Report: operator mac_muladd_8s_8s_16s_17_4_1_U64/attention_score_u55c_kernel_mac_muladd_8s_8s_16s_17_4_1_DSP48_0_U/p is absorbed into DSP mac_muladd_8s_8s_16s_17_4_1_U64/attention_score_u55c_kernel_mac_muladd_8s_8s_16s_17_4_1_DSP48_0_U/p_reg_reg.
DSP Report: operator mul_8s_8s_16_1_1_U42/dout is absorbed into DSP mac_muladd_8s_8s_16s_17_4_1_U64/attention_score_u55c_kernel_mac_muladd_8s_8s_16s_17_4_1_DSP48_0_U/p_reg_reg.
DSP Report: Generating DSP mac_muladd_8s_8s_16s_17_4_1_U65/attention_score_u55c_kernel_mac_muladd_8s_8s_16s_17_4_1_DSP48_0_U/m_reg_reg, operation Mode is: (A2*B2)'.
DSP Report: register mac_muladd_8s_8s_16s_17_4_1_U65/attention_score_u55c_kernel_mac_muladd_8s_8s_16s_17_4_1_DSP48_0_U/b_reg_reg is absorbed into DSP mac_muladd_8s_8s_16s_17_4_1_U65/attention_score_u55c_kernel_mac_muladd_8s_8s_16s_17_4_1_DSP48_0_U/m_reg_reg.
DSP Report: register mac_muladd_8s_8s_16s_17_4_1_U65/attention_score_u55c_kernel_mac_muladd_8s_8s_16s_17_4_1_DSP48_0_U/a_reg_reg is absorbed into DSP mac_muladd_8s_8s_16s_17_4_1_U65/attention_score_u55c_kernel_mac_muladd_8s_8s_16s_17_4_1_DSP48_0_U/m_reg_reg.
DSP Report: register mac_muladd_8s_8s_16s_17_4_1_U65/attention_score_u55c_kernel_mac_muladd_8s_8s_16s_17_4_1_DSP48_0_U/m_reg_reg is absorbed into DSP mac_muladd_8s_8s_16s_17_4_1_U65/attention_score_u55c_kernel_mac_muladd_8s_8s_16s_17_4_1_DSP48_0_U/m_reg_reg.
DSP Report: operator mac_muladd_8s_8s_16s_17_4_1_U65/attention_score_u55c_kernel_mac_muladd_8s_8s_16s_17_4_1_DSP48_0_U/m is absorbed into DSP mac_muladd_8s_8s_16s_17_4_1_U65/attention_score_u55c_kernel_mac_muladd_8s_8s_16s_17_4_1_DSP48_0_U/m_reg_reg.
DSP Report: Generating DSP mac_muladd_8s_8s_16s_17_4_1_U65/attention_score_u55c_kernel_mac_muladd_8s_8s_16s_17_4_1_DSP48_0_U/p_reg_reg, operation Mode is: (PCIN+A''*B'')'.
DSP Report: register q_tile_4_load_2_reg_4470_reg is absorbed into DSP mac_muladd_8s_8s_16s_17_4_1_U65/attention_score_u55c_kernel_mac_muladd_8s_8s_16s_17_4_1_DSP48_0_U/p_reg_reg.
DSP Report: register q_tile_4_load_2_reg_4470_pp0_iter2_reg_reg is absorbed into DSP mac_muladd_8s_8s_16s_17_4_1_U65/attention_score_u55c_kernel_mac_muladd_8s_8s_16s_17_4_1_DSP48_0_U/p_reg_reg.
DSP Report: register k_tile_4_load_2_reg_4790_reg is absorbed into DSP mac_muladd_8s_8s_16s_17_4_1_U65/attention_score_u55c_kernel_mac_muladd_8s_8s_16s_17_4_1_DSP48_0_U/p_reg_reg.
DSP Report: register k_tile_4_load_2_reg_4790_pp0_iter2_reg_reg is absorbed into DSP mac_muladd_8s_8s_16s_17_4_1_U65/attention_score_u55c_kernel_mac_muladd_8s_8s_16s_17_4_1_DSP48_0_U/p_reg_reg.
DSP Report: register mac_muladd_8s_8s_16s_17_4_1_U65/attention_score_u55c_kernel_mac_muladd_8s_8s_16s_17_4_1_DSP48_0_U/p_reg_reg is absorbed into DSP mac_muladd_8s_8s_16s_17_4_1_U65/attention_score_u55c_kernel_mac_muladd_8s_8s_16s_17_4_1_DSP48_0_U/p_reg_reg.
DSP Report: operator mac_muladd_8s_8s_16s_17_4_1_U65/attention_score_u55c_kernel_mac_muladd_8s_8s_16s_17_4_1_DSP48_0_U/p is absorbed into DSP mac_muladd_8s_8s_16s_17_4_1_U65/attention_score_u55c_kernel_mac_muladd_8s_8s_16s_17_4_1_DSP48_0_U/p_reg_reg.
DSP Report: operator mul_8s_8s_16_1_1_U43/dout is absorbed into DSP mac_muladd_8s_8s_16s_17_4_1_U65/attention_score_u55c_kernel_mac_muladd_8s_8s_16s_17_4_1_DSP48_0_U/p_reg_reg.
DSP Report: Generating DSP mac_muladd_8s_8s_16s_17_4_1_U66/attention_score_u55c_kernel_mac_muladd_8s_8s_16s_17_4_1_DSP48_0_U/m_reg_reg, operation Mode is: (A2*B2)'.
DSP Report: register mac_muladd_8s_8s_16s_17_4_1_U66/attention_score_u55c_kernel_mac_muladd_8s_8s_16s_17_4_1_DSP48_0_U/b_reg_reg is absorbed into DSP mac_muladd_8s_8s_16s_17_4_1_U66/attention_score_u55c_kernel_mac_muladd_8s_8s_16s_17_4_1_DSP48_0_U/m_reg_reg.
DSP Report: register mac_muladd_8s_8s_16s_17_4_1_U66/attention_score_u55c_kernel_mac_muladd_8s_8s_16s_17_4_1_DSP48_0_U/a_reg_reg is absorbed into DSP mac_muladd_8s_8s_16s_17_4_1_U66/attention_score_u55c_kernel_mac_muladd_8s_8s_16s_17_4_1_DSP48_0_U/m_reg_reg.
DSP Report: register mac_muladd_8s_8s_16s_17_4_1_U66/attention_score_u55c_kernel_mac_muladd_8s_8s_16s_17_4_1_DSP48_0_U/m_reg_reg is absorbed into DSP mac_muladd_8s_8s_16s_17_4_1_U66/attention_score_u55c_kernel_mac_muladd_8s_8s_16s_17_4_1_DSP48_0_U/m_reg_reg.
DSP Report: operator mac_muladd_8s_8s_16s_17_4_1_U66/attention_score_u55c_kernel_mac_muladd_8s_8s_16s_17_4_1_DSP48_0_U/m is absorbed into DSP mac_muladd_8s_8s_16s_17_4_1_U66/attention_score_u55c_kernel_mac_muladd_8s_8s_16s_17_4_1_DSP48_0_U/m_reg_reg.
DSP Report: Generating DSP mac_muladd_8s_8s_16s_17_4_1_U66/attention_score_u55c_kernel_mac_muladd_8s_8s_16s_17_4_1_DSP48_0_U/p_reg_reg, operation Mode is: (PCIN+A''*B'')'.
DSP Report: register q_tile_6_load_2_reg_4480_reg is absorbed into DSP mac_muladd_8s_8s_16s_17_4_1_U66/attention_score_u55c_kernel_mac_muladd_8s_8s_16s_17_4_1_DSP48_0_U/p_reg_reg.
DSP Report: register q_tile_6_load_2_reg_4480_pp0_iter2_reg_reg is absorbed into DSP mac_muladd_8s_8s_16s_17_4_1_U66/attention_score_u55c_kernel_mac_muladd_8s_8s_16s_17_4_1_DSP48_0_U/p_reg_reg.
DSP Report: register k_tile_6_load_2_reg_4800_reg is absorbed into DSP mac_muladd_8s_8s_16s_17_4_1_U66/attention_score_u55c_kernel_mac_muladd_8s_8s_16s_17_4_1_DSP48_0_U/p_reg_reg.
DSP Report: register k_tile_6_load_2_reg_4800_pp0_iter2_reg_reg is absorbed into DSP mac_muladd_8s_8s_16s_17_4_1_U66/attention_score_u55c_kernel_mac_muladd_8s_8s_16s_17_4_1_DSP48_0_U/p_reg_reg.
DSP Report: register mac_muladd_8s_8s_16s_17_4_1_U66/attention_score_u55c_kernel_mac_muladd_8s_8s_16s_17_4_1_DSP48_0_U/p_reg_reg is absorbed into DSP mac_muladd_8s_8s_16s_17_4_1_U66/attention_score_u55c_kernel_mac_muladd_8s_8s_16s_17_4_1_DSP48_0_U/p_reg_reg.
DSP Report: operator mac_muladd_8s_8s_16s_17_4_1_U66/attention_score_u55c_kernel_mac_muladd_8s_8s_16s_17_4_1_DSP48_0_U/p is absorbed into DSP mac_muladd_8s_8s_16s_17_4_1_U66/attention_score_u55c_kernel_mac_muladd_8s_8s_16s_17_4_1_DSP48_0_U/p_reg_reg.
DSP Report: operator mul_8s_8s_16_1_1_U44/dout is absorbed into DSP mac_muladd_8s_8s_16s_17_4_1_U66/attention_score_u55c_kernel_mac_muladd_8s_8s_16s_17_4_1_DSP48_0_U/p_reg_reg.
DSP Report: Generating DSP mac_muladd_8s_8s_16s_17_4_1_U67/attention_score_u55c_kernel_mac_muladd_8s_8s_16s_17_4_1_DSP48_0_U/m_reg_reg, operation Mode is: (A2*B2)'.
DSP Report: register mac_muladd_8s_8s_16s_17_4_1_U67/attention_score_u55c_kernel_mac_muladd_8s_8s_16s_17_4_1_DSP48_0_U/b_reg_reg is absorbed into DSP mac_muladd_8s_8s_16s_17_4_1_U67/attention_score_u55c_kernel_mac_muladd_8s_8s_16s_17_4_1_DSP48_0_U/m_reg_reg.
DSP Report: register mac_muladd_8s_8s_16s_17_4_1_U67/attention_score_u55c_kernel_mac_muladd_8s_8s_16s_17_4_1_DSP48_0_U/a_reg_reg is absorbed into DSP mac_muladd_8s_8s_16s_17_4_1_U67/attention_score_u55c_kernel_mac_muladd_8s_8s_16s_17_4_1_DSP48_0_U/m_reg_reg.
DSP Report: register mac_muladd_8s_8s_16s_17_4_1_U67/attention_score_u55c_kernel_mac_muladd_8s_8s_16s_17_4_1_DSP48_0_U/m_reg_reg is absorbed into DSP mac_muladd_8s_8s_16s_17_4_1_U67/attention_score_u55c_kernel_mac_muladd_8s_8s_16s_17_4_1_DSP48_0_U/m_reg_reg.
DSP Report: operator mac_muladd_8s_8s_16s_17_4_1_U67/attention_score_u55c_kernel_mac_muladd_8s_8s_16s_17_4_1_DSP48_0_U/m is absorbed into DSP mac_muladd_8s_8s_16s_17_4_1_U67/attention_score_u55c_kernel_mac_muladd_8s_8s_16s_17_4_1_DSP48_0_U/m_reg_reg.
DSP Report: Generating DSP mac_muladd_8s_8s_16s_17_4_1_U67/attention_score_u55c_kernel_mac_muladd_8s_8s_16s_17_4_1_DSP48_0_U/p_reg_reg, operation Mode is: (PCIN+A''*B'')'.
DSP Report: register q_tile_0_load_3_reg_4490_reg is absorbed into DSP mac_muladd_8s_8s_16s_17_4_1_U67/attention_score_u55c_kernel_mac_muladd_8s_8s_16s_17_4_1_DSP48_0_U/p_reg_reg.
DSP Report: register q_tile_0_load_3_reg_4490_pp0_iter2_reg_reg is absorbed into DSP mac_muladd_8s_8s_16s_17_4_1_U67/attention_score_u55c_kernel_mac_muladd_8s_8s_16s_17_4_1_DSP48_0_U/p_reg_reg.
DSP Report: register k_tile_0_load_3_reg_4810_reg is absorbed into DSP mac_muladd_8s_8s_16s_17_4_1_U67/attention_score_u55c_kernel_mac_muladd_8s_8s_16s_17_4_1_DSP48_0_U/p_reg_reg.
DSP Report: register k_tile_0_load_3_reg_4810_pp0_iter2_reg_reg is absorbed into DSP mac_muladd_8s_8s_16s_17_4_1_U67/attention_score_u55c_kernel_mac_muladd_8s_8s_16s_17_4_1_DSP48_0_U/p_reg_reg.
DSP Report: register mac_muladd_8s_8s_16s_17_4_1_U67/attention_score_u55c_kernel_mac_muladd_8s_8s_16s_17_4_1_DSP48_0_U/p_reg_reg is absorbed into DSP mac_muladd_8s_8s_16s_17_4_1_U67/attention_score_u55c_kernel_mac_muladd_8s_8s_16s_17_4_1_DSP48_0_U/p_reg_reg.
DSP Report: operator mac_muladd_8s_8s_16s_17_4_1_U67/attention_score_u55c_kernel_mac_muladd_8s_8s_16s_17_4_1_DSP48_0_U/p is absorbed into DSP mac_muladd_8s_8s_16s_17_4_1_U67/attention_score_u55c_kernel_mac_muladd_8s_8s_16s_17_4_1_DSP48_0_U/p_reg_reg.
DSP Report: operator mul_8s_8s_16_1_1_U45/dout is absorbed into DSP mac_muladd_8s_8s_16s_17_4_1_U67/attention_score_u55c_kernel_mac_muladd_8s_8s_16s_17_4_1_DSP48_0_U/p_reg_reg.
DSP Report: Generating DSP mac_muladd_8s_8s_16s_17_4_1_U68/attention_score_u55c_kernel_mac_muladd_8s_8s_16s_17_4_1_DSP48_0_U/m_reg_reg, operation Mode is: (A2*B2)'.
DSP Report: register mac_muladd_8s_8s_16s_17_4_1_U68/attention_score_u55c_kernel_mac_muladd_8s_8s_16s_17_4_1_DSP48_0_U/b_reg_reg is absorbed into DSP mac_muladd_8s_8s_16s_17_4_1_U68/attention_score_u55c_kernel_mac_muladd_8s_8s_16s_17_4_1_DSP48_0_U/m_reg_reg.
DSP Report: register mac_muladd_8s_8s_16s_17_4_1_U68/attention_score_u55c_kernel_mac_muladd_8s_8s_16s_17_4_1_DSP48_0_U/a_reg_reg is absorbed into DSP mac_muladd_8s_8s_16s_17_4_1_U68/attention_score_u55c_kernel_mac_muladd_8s_8s_16s_17_4_1_DSP48_0_U/m_reg_reg.
DSP Report: register mac_muladd_8s_8s_16s_17_4_1_U68/attention_score_u55c_kernel_mac_muladd_8s_8s_16s_17_4_1_DSP48_0_U/m_reg_reg is absorbed into DSP mac_muladd_8s_8s_16s_17_4_1_U68/attention_score_u55c_kernel_mac_muladd_8s_8s_16s_17_4_1_DSP48_0_U/m_reg_reg.
DSP Report: operator mac_muladd_8s_8s_16s_17_4_1_U68/attention_score_u55c_kernel_mac_muladd_8s_8s_16s_17_4_1_DSP48_0_U/m is absorbed into DSP mac_muladd_8s_8s_16s_17_4_1_U68/attention_score_u55c_kernel_mac_muladd_8s_8s_16s_17_4_1_DSP48_0_U/m_reg_reg.
DSP Report: Generating DSP mac_muladd_8s_8s_16s_17_4_1_U68/attention_score_u55c_kernel_mac_muladd_8s_8s_16s_17_4_1_DSP48_0_U/p_reg_reg, operation Mode is: (PCIN+A''*B'')'.
DSP Report: register q_tile_2_load_3_reg_4500_reg is absorbed into DSP mac_muladd_8s_8s_16s_17_4_1_U68/attention_score_u55c_kernel_mac_muladd_8s_8s_16s_17_4_1_DSP48_0_U/p_reg_reg.
DSP Report: register q_tile_2_load_3_reg_4500_pp0_iter2_reg_reg is absorbed into DSP mac_muladd_8s_8s_16s_17_4_1_U68/attention_score_u55c_kernel_mac_muladd_8s_8s_16s_17_4_1_DSP48_0_U/p_reg_reg.
DSP Report: register k_tile_2_load_3_reg_4820_reg is absorbed into DSP mac_muladd_8s_8s_16s_17_4_1_U68/attention_score_u55c_kernel_mac_muladd_8s_8s_16s_17_4_1_DSP48_0_U/p_reg_reg.
DSP Report: register k_tile_2_load_3_reg_4820_pp0_iter2_reg_reg is absorbed into DSP mac_muladd_8s_8s_16s_17_4_1_U68/attention_score_u55c_kernel_mac_muladd_8s_8s_16s_17_4_1_DSP48_0_U/p_reg_reg.
DSP Report: register mac_muladd_8s_8s_16s_17_4_1_U68/attention_score_u55c_kernel_mac_muladd_8s_8s_16s_17_4_1_DSP48_0_U/p_reg_reg is absorbed into DSP mac_muladd_8s_8s_16s_17_4_1_U68/attention_score_u55c_kernel_mac_muladd_8s_8s_16s_17_4_1_DSP48_0_U/p_reg_reg.
DSP Report: operator mac_muladd_8s_8s_16s_17_4_1_U68/attention_score_u55c_kernel_mac_muladd_8s_8s_16s_17_4_1_DSP48_0_U/p is absorbed into DSP mac_muladd_8s_8s_16s_17_4_1_U68/attention_score_u55c_kernel_mac_muladd_8s_8s_16s_17_4_1_DSP48_0_U/p_reg_reg.
DSP Report: operator mul_8s_8s_16_1_1_U46/dout is absorbed into DSP mac_muladd_8s_8s_16s_17_4_1_U68/attention_score_u55c_kernel_mac_muladd_8s_8s_16s_17_4_1_DSP48_0_U/p_reg_reg.
DSP Report: Generating DSP mac_muladd_8s_8s_16s_17_4_1_U69/attention_score_u55c_kernel_mac_muladd_8s_8s_16s_17_4_1_DSP48_0_U/m_reg_reg, operation Mode is: (A2*B2)'.
DSP Report: register mac_muladd_8s_8s_16s_17_4_1_U69/attention_score_u55c_kernel_mac_muladd_8s_8s_16s_17_4_1_DSP48_0_U/b_reg_reg is absorbed into DSP mac_muladd_8s_8s_16s_17_4_1_U69/attention_score_u55c_kernel_mac_muladd_8s_8s_16s_17_4_1_DSP48_0_U/m_reg_reg.
DSP Report: register mac_muladd_8s_8s_16s_17_4_1_U69/attention_score_u55c_kernel_mac_muladd_8s_8s_16s_17_4_1_DSP48_0_U/a_reg_reg is absorbed into DSP mac_muladd_8s_8s_16s_17_4_1_U69/attention_score_u55c_kernel_mac_muladd_8s_8s_16s_17_4_1_DSP48_0_U/m_reg_reg.
DSP Report: register mac_muladd_8s_8s_16s_17_4_1_U69/attention_score_u55c_kernel_mac_muladd_8s_8s_16s_17_4_1_DSP48_0_U/m_reg_reg is absorbed into DSP mac_muladd_8s_8s_16s_17_4_1_U69/attention_score_u55c_kernel_mac_muladd_8s_8s_16s_17_4_1_DSP48_0_U/m_reg_reg.
DSP Report: operator mac_muladd_8s_8s_16s_17_4_1_U69/attention_score_u55c_kernel_mac_muladd_8s_8s_16s_17_4_1_DSP48_0_U/m is absorbed into DSP mac_muladd_8s_8s_16s_17_4_1_U69/attention_score_u55c_kernel_mac_muladd_8s_8s_16s_17_4_1_DSP48_0_U/m_reg_reg.
DSP Report: Generating DSP mac_muladd_8s_8s_16s_17_4_1_U69/attention_score_u55c_kernel_mac_muladd_8s_8s_16s_17_4_1_DSP48_0_U/p_reg_reg, operation Mode is: (PCIN+(A2*B2)')'.
DSP Report: register q_tile_4_load_3_reg_4510_reg is absorbed into DSP mac_muladd_8s_8s_16s_17_4_1_U69/attention_score_u55c_kernel_mac_muladd_8s_8s_16s_17_4_1_DSP48_0_U/p_reg_reg.
DSP Report: register k_tile_4_load_3_reg_4830_reg is absorbed into DSP mac_muladd_8s_8s_16s_17_4_1_U69/attention_score_u55c_kernel_mac_muladd_8s_8s_16s_17_4_1_DSP48_0_U/p_reg_reg.
DSP Report: register mac_muladd_8s_8s_16s_17_4_1_U69/attention_score_u55c_kernel_mac_muladd_8s_8s_16s_17_4_1_DSP48_0_U/p_reg_reg is absorbed into DSP mac_muladd_8s_8s_16s_17_4_1_U69/attention_score_u55c_kernel_mac_muladd_8s_8s_16s_17_4_1_DSP48_0_U/p_reg_reg.
DSP Report: register mul_ln840_27_reg_5010_reg is absorbed into DSP mac_muladd_8s_8s_16s_17_4_1_U69/attention_score_u55c_kernel_mac_muladd_8s_8s_16s_17_4_1_DSP48_0_U/p_reg_reg.
DSP Report: operator mac_muladd_8s_8s_16s_17_4_1_U69/attention_score_u55c_kernel_mac_muladd_8s_8s_16s_17_4_1_DSP48_0_U/p is absorbed into DSP mac_muladd_8s_8s_16s_17_4_1_U69/attention_score_u55c_kernel_mac_muladd_8s_8s_16s_17_4_1_DSP48_0_U/p_reg_reg.
DSP Report: operator mul_8s_8s_16_1_1_U23/dout is absorbed into DSP mac_muladd_8s_8s_16s_17_4_1_U69/attention_score_u55c_kernel_mac_muladd_8s_8s_16s_17_4_1_DSP48_0_U/p_reg_reg.
DSP Report: Generating DSP mac_muladd_8s_8s_16s_17_4_1_U70/attention_score_u55c_kernel_mac_muladd_8s_8s_16s_17_4_1_DSP48_0_U/m_reg_reg, operation Mode is: (A2*B2)'.
DSP Report: register mac_muladd_8s_8s_16s_17_4_1_U70/attention_score_u55c_kernel_mac_muladd_8s_8s_16s_17_4_1_DSP48_0_U/b_reg_reg is absorbed into DSP mac_muladd_8s_8s_16s_17_4_1_U70/attention_score_u55c_kernel_mac_muladd_8s_8s_16s_17_4_1_DSP48_0_U/m_reg_reg.
DSP Report: register mac_muladd_8s_8s_16s_17_4_1_U70/attention_score_u55c_kernel_mac_muladd_8s_8s_16s_17_4_1_DSP48_0_U/a_reg_reg is absorbed into DSP mac_muladd_8s_8s_16s_17_4_1_U70/attention_score_u55c_kernel_mac_muladd_8s_8s_16s_17_4_1_DSP48_0_U/m_reg_reg.
DSP Report: register mac_muladd_8s_8s_16s_17_4_1_U70/attention_score_u55c_kernel_mac_muladd_8s_8s_16s_17_4_1_DSP48_0_U/m_reg_reg is absorbed into DSP mac_muladd_8s_8s_16s_17_4_1_U70/attention_score_u55c_kernel_mac_muladd_8s_8s_16s_17_4_1_DSP48_0_U/m_reg_reg.
DSP Report: operator mac_muladd_8s_8s_16s_17_4_1_U70/attention_score_u55c_kernel_mac_muladd_8s_8s_16s_17_4_1_DSP48_0_U/m is absorbed into DSP mac_muladd_8s_8s_16s_17_4_1_U70/attention_score_u55c_kernel_mac_muladd_8s_8s_16s_17_4_1_DSP48_0_U/m_reg_reg.
DSP Report: Generating DSP mac_muladd_8s_8s_16s_17_4_1_U70/attention_score_u55c_kernel_mac_muladd_8s_8s_16s_17_4_1_DSP48_0_U/p_reg_reg, operation Mode is: (PCIN+A''*B'')'.
DSP Report: register q_tile_6_load_3_reg_4520_reg is absorbed into DSP mac_muladd_8s_8s_16s_17_4_1_U70/attention_score_u55c_kernel_mac_muladd_8s_8s_16s_17_4_1_DSP48_0_U/p_reg_reg.
DSP Report: register q_tile_6_load_3_reg_4520_pp0_iter2_reg_reg is absorbed into DSP mac_muladd_8s_8s_16s_17_4_1_U70/attention_score_u55c_kernel_mac_muladd_8s_8s_16s_17_4_1_DSP48_0_U/p_reg_reg.
DSP Report: register k_tile_6_load_3_reg_4840_reg is absorbed into DSP mac_muladd_8s_8s_16s_17_4_1_U70/attention_score_u55c_kernel_mac_muladd_8s_8s_16s_17_4_1_DSP48_0_U/p_reg_reg.
DSP Report: register k_tile_6_load_3_reg_4840_pp0_iter2_reg_reg is absorbed into DSP mac_muladd_8s_8s_16s_17_4_1_U70/attention_score_u55c_kernel_mac_muladd_8s_8s_16s_17_4_1_DSP48_0_U/p_reg_reg.
DSP Report: register mac_muladd_8s_8s_16s_17_4_1_U70/attention_score_u55c_kernel_mac_muladd_8s_8s_16s_17_4_1_DSP48_0_U/p_reg_reg is absorbed into DSP mac_muladd_8s_8s_16s_17_4_1_U70/attention_score_u55c_kernel_mac_muladd_8s_8s_16s_17_4_1_DSP48_0_U/p_reg_reg.
DSP Report: operator mac_muladd_8s_8s_16s_17_4_1_U70/attention_score_u55c_kernel_mac_muladd_8s_8s_16s_17_4_1_DSP48_0_U/p is absorbed into DSP mac_muladd_8s_8s_16s_17_4_1_U70/attention_score_u55c_kernel_mac_muladd_8s_8s_16s_17_4_1_DSP48_0_U/p_reg_reg.
DSP Report: operator mul_8s_8s_16_1_1_U47/dout is absorbed into DSP mac_muladd_8s_8s_16s_17_4_1_U70/attention_score_u55c_kernel_mac_muladd_8s_8s_16s_17_4_1_DSP48_0_U/p_reg_reg.
DSP Report: Generating DSP mac_muladd_8s_8s_16s_17_4_1_U71/attention_score_u55c_kernel_mac_muladd_8s_8s_16s_17_4_1_DSP48_0_U/m_reg_reg, operation Mode is: (A2*B2)'.
DSP Report: register mac_muladd_8s_8s_16s_17_4_1_U71/attention_score_u55c_kernel_mac_muladd_8s_8s_16s_17_4_1_DSP48_0_U/b_reg_reg is absorbed into DSP mac_muladd_8s_8s_16s_17_4_1_U71/attention_score_u55c_kernel_mac_muladd_8s_8s_16s_17_4_1_DSP48_0_U/m_reg_reg.
DSP Report: register mac_muladd_8s_8s_16s_17_4_1_U71/attention_score_u55c_kernel_mac_muladd_8s_8s_16s_17_4_1_DSP48_0_U/a_reg_reg is absorbed into DSP mac_muladd_8s_8s_16s_17_4_1_U71/attention_score_u55c_kernel_mac_muladd_8s_8s_16s_17_4_1_DSP48_0_U/m_reg_reg.
DSP Report: register mac_muladd_8s_8s_16s_17_4_1_U71/attention_score_u55c_kernel_mac_muladd_8s_8s_16s_17_4_1_DSP48_0_U/m_reg_reg is absorbed into DSP mac_muladd_8s_8s_16s_17_4_1_U71/attention_score_u55c_kernel_mac_muladd_8s_8s_16s_17_4_1_DSP48_0_U/m_reg_reg.
DSP Report: operator mac_muladd_8s_8s_16s_17_4_1_U71/attention_score_u55c_kernel_mac_muladd_8s_8s_16s_17_4_1_DSP48_0_U/m is absorbed into DSP mac_muladd_8s_8s_16s_17_4_1_U71/attention_score_u55c_kernel_mac_muladd_8s_8s_16s_17_4_1_DSP48_0_U/m_reg_reg.
DSP Report: Generating DSP mac_muladd_8s_8s_16s_17_4_1_U71/attention_score_u55c_kernel_mac_muladd_8s_8s_16s_17_4_1_DSP48_0_U/p_reg_reg, operation Mode is: (PCIN+A''*B'')'.
DSP Report: register q_tile_0_load_4_reg_4530_reg is absorbed into DSP mac_muladd_8s_8s_16s_17_4_1_U71/attention_score_u55c_kernel_mac_muladd_8s_8s_16s_17_4_1_DSP48_0_U/p_reg_reg.
DSP Report: register q_tile_0_load_4_reg_4530_pp0_iter2_reg_reg is absorbed into DSP mac_muladd_8s_8s_16s_17_4_1_U71/attention_score_u55c_kernel_mac_muladd_8s_8s_16s_17_4_1_DSP48_0_U/p_reg_reg.
DSP Report: register k_tile_0_load_4_reg_4850_reg is absorbed into DSP mac_muladd_8s_8s_16s_17_4_1_U71/attention_score_u55c_kernel_mac_muladd_8s_8s_16s_17_4_1_DSP48_0_U/p_reg_reg.
DSP Report: register k_tile_0_load_4_reg_4850_pp0_iter2_reg_reg is absorbed into DSP mac_muladd_8s_8s_16s_17_4_1_U71/attention_score_u55c_kernel_mac_muladd_8s_8s_16s_17_4_1_DSP48_0_U/p_reg_reg.
DSP Report: register mac_muladd_8s_8s_16s_17_4_1_U71/attention_score_u55c_kernel_mac_muladd_8s_8s_16s_17_4_1_DSP48_0_U/p_reg_reg is absorbed into DSP mac_muladd_8s_8s_16s_17_4_1_U71/attention_score_u55c_kernel_mac_muladd_8s_8s_16s_17_4_1_DSP48_0_U/p_reg_reg.
DSP Report: operator mac_muladd_8s_8s_16s_17_4_1_U71/attention_score_u55c_kernel_mac_muladd_8s_8s_16s_17_4_1_DSP48_0_U/p is absorbed into DSP mac_muladd_8s_8s_16s_17_4_1_U71/attention_score_u55c_kernel_mac_muladd_8s_8s_16s_17_4_1_DSP48_0_U/p_reg_reg.
DSP Report: operator mul_8s_8s_16_1_1_U48/dout is absorbed into DSP mac_muladd_8s_8s_16s_17_4_1_U71/attention_score_u55c_kernel_mac_muladd_8s_8s_16s_17_4_1_DSP48_0_U/p_reg_reg.
DSP Report: Generating DSP mac_muladd_8s_8s_16s_17_4_1_U72/attention_score_u55c_kernel_mac_muladd_8s_8s_16s_17_4_1_DSP48_0_U/m_reg_reg, operation Mode is: (A2*B2)'.
DSP Report: register mac_muladd_8s_8s_16s_17_4_1_U72/attention_score_u55c_kernel_mac_muladd_8s_8s_16s_17_4_1_DSP48_0_U/b_reg_reg is absorbed into DSP mac_muladd_8s_8s_16s_17_4_1_U72/attention_score_u55c_kernel_mac_muladd_8s_8s_16s_17_4_1_DSP48_0_U/m_reg_reg.
DSP Report: register mac_muladd_8s_8s_16s_17_4_1_U72/attention_score_u55c_kernel_mac_muladd_8s_8s_16s_17_4_1_DSP48_0_U/a_reg_reg is absorbed into DSP mac_muladd_8s_8s_16s_17_4_1_U72/attention_score_u55c_kernel_mac_muladd_8s_8s_16s_17_4_1_DSP48_0_U/m_reg_reg.
DSP Report: register mac_muladd_8s_8s_16s_17_4_1_U72/attention_score_u55c_kernel_mac_muladd_8s_8s_16s_17_4_1_DSP48_0_U/m_reg_reg is absorbed into DSP mac_muladd_8s_8s_16s_17_4_1_U72/attention_score_u55c_kernel_mac_muladd_8s_8s_16s_17_4_1_DSP48_0_U/m_reg_reg.
DSP Report: operator mac_muladd_8s_8s_16s_17_4_1_U72/attention_score_u55c_kernel_mac_muladd_8s_8s_16s_17_4_1_DSP48_0_U/m is absorbed into DSP mac_muladd_8s_8s_16s_17_4_1_U72/attention_score_u55c_kernel_mac_muladd_8s_8s_16s_17_4_1_DSP48_0_U/m_reg_reg.
DSP Report: Generating DSP mac_muladd_8s_8s_16s_17_4_1_U72/attention_score_u55c_kernel_mac_muladd_8s_8s_16s_17_4_1_DSP48_0_U/p_reg_reg, operation Mode is: (PCIN+A''*B'')'.
DSP Report: register q_tile_2_load_4_reg_4540_reg is absorbed into DSP mac_muladd_8s_8s_16s_17_4_1_U72/attention_score_u55c_kernel_mac_muladd_8s_8s_16s_17_4_1_DSP48_0_U/p_reg_reg.
DSP Report: register q_tile_2_load_4_reg_4540_pp0_iter2_reg_reg is absorbed into DSP mac_muladd_8s_8s_16s_17_4_1_U72/attention_score_u55c_kernel_mac_muladd_8s_8s_16s_17_4_1_DSP48_0_U/p_reg_reg.
DSP Report: register k_tile_2_load_4_reg_4860_reg is absorbed into DSP mac_muladd_8s_8s_16s_17_4_1_U72/attention_score_u55c_kernel_mac_muladd_8s_8s_16s_17_4_1_DSP48_0_U/p_reg_reg.
DSP Report: register k_tile_2_load_4_reg_4860_pp0_iter2_reg_reg is absorbed into DSP mac_muladd_8s_8s_16s_17_4_1_U72/attention_score_u55c_kernel_mac_muladd_8s_8s_16s_17_4_1_DSP48_0_U/p_reg_reg.
DSP Report: register mac_muladd_8s_8s_16s_17_4_1_U72/attention_score_u55c_kernel_mac_muladd_8s_8s_16s_17_4_1_DSP48_0_U/p_reg_reg is absorbed into DSP mac_muladd_8s_8s_16s_17_4_1_U72/attention_score_u55c_kernel_mac_muladd_8s_8s_16s_17_4_1_DSP48_0_U/p_reg_reg.
DSP Report: operator mac_muladd_8s_8s_16s_17_4_1_U72/attention_score_u55c_kernel_mac_muladd_8s_8s_16s_17_4_1_DSP48_0_U/p is absorbed into DSP mac_muladd_8s_8s_16s_17_4_1_U72/attention_score_u55c_kernel_mac_muladd_8s_8s_16s_17_4_1_DSP48_0_U/p_reg_reg.
DSP Report: operator mul_8s_8s_16_1_1_U49/dout is absorbed into DSP mac_muladd_8s_8s_16s_17_4_1_U72/attention_score_u55c_kernel_mac_muladd_8s_8s_16s_17_4_1_DSP48_0_U/p_reg_reg.
DSP Report: Generating DSP mac_muladd_8s_8s_16s_17_4_1_U73/attention_score_u55c_kernel_mac_muladd_8s_8s_16s_17_4_1_DSP48_0_U/m_reg_reg, operation Mode is: (A2*B2)'.
DSP Report: register mac_muladd_8s_8s_16s_17_4_1_U73/attention_score_u55c_kernel_mac_muladd_8s_8s_16s_17_4_1_DSP48_0_U/b_reg_reg is absorbed into DSP mac_muladd_8s_8s_16s_17_4_1_U73/attention_score_u55c_kernel_mac_muladd_8s_8s_16s_17_4_1_DSP48_0_U/m_reg_reg.
DSP Report: register mac_muladd_8s_8s_16s_17_4_1_U73/attention_score_u55c_kernel_mac_muladd_8s_8s_16s_17_4_1_DSP48_0_U/a_reg_reg is absorbed into DSP mac_muladd_8s_8s_16s_17_4_1_U73/attention_score_u55c_kernel_mac_muladd_8s_8s_16s_17_4_1_DSP48_0_U/m_reg_reg.
DSP Report: register mac_muladd_8s_8s_16s_17_4_1_U73/attention_score_u55c_kernel_mac_muladd_8s_8s_16s_17_4_1_DSP48_0_U/m_reg_reg is absorbed into DSP mac_muladd_8s_8s_16s_17_4_1_U73/attention_score_u55c_kernel_mac_muladd_8s_8s_16s_17_4_1_DSP48_0_U/m_reg_reg.
DSP Report: operator mac_muladd_8s_8s_16s_17_4_1_U73/attention_score_u55c_kernel_mac_muladd_8s_8s_16s_17_4_1_DSP48_0_U/m is absorbed into DSP mac_muladd_8s_8s_16s_17_4_1_U73/attention_score_u55c_kernel_mac_muladd_8s_8s_16s_17_4_1_DSP48_0_U/m_reg_reg.
DSP Report: Generating DSP mac_muladd_8s_8s_16s_17_4_1_U73/attention_score_u55c_kernel_mac_muladd_8s_8s_16s_17_4_1_DSP48_0_U/p_reg_reg, operation Mode is: (PCIN+A''*B'')'.
DSP Report: register q_tile_4_load_4_reg_4550_reg is absorbed into DSP mac_muladd_8s_8s_16s_17_4_1_U73/attention_score_u55c_kernel_mac_muladd_8s_8s_16s_17_4_1_DSP48_0_U/p_reg_reg.
DSP Report: register q_tile_4_load_4_reg_4550_pp0_iter2_reg_reg is absorbed into DSP mac_muladd_8s_8s_16s_17_4_1_U73/attention_score_u55c_kernel_mac_muladd_8s_8s_16s_17_4_1_DSP48_0_U/p_reg_reg.
DSP Report: register k_tile_4_load_4_reg_4870_reg is absorbed into DSP mac_muladd_8s_8s_16s_17_4_1_U73/attention_score_u55c_kernel_mac_muladd_8s_8s_16s_17_4_1_DSP48_0_U/p_reg_reg.
DSP Report: register k_tile_4_load_4_reg_4870_pp0_iter2_reg_reg is absorbed into DSP mac_muladd_8s_8s_16s_17_4_1_U73/attention_score_u55c_kernel_mac_muladd_8s_8s_16s_17_4_1_DSP48_0_U/p_reg_reg.
DSP Report: register mac_muladd_8s_8s_16s_17_4_1_U73/attention_score_u55c_kernel_mac_muladd_8s_8s_16s_17_4_1_DSP48_0_U/p_reg_reg is absorbed into DSP mac_muladd_8s_8s_16s_17_4_1_U73/attention_score_u55c_kernel_mac_muladd_8s_8s_16s_17_4_1_DSP48_0_U/p_reg_reg.
DSP Report: operator mac_muladd_8s_8s_16s_17_4_1_U73/attention_score_u55c_kernel_mac_muladd_8s_8s_16s_17_4_1_DSP48_0_U/p is absorbed into DSP mac_muladd_8s_8s_16s_17_4_1_U73/attention_score_u55c_kernel_mac_muladd_8s_8s_16s_17_4_1_DSP48_0_U/p_reg_reg.
DSP Report: operator mul_8s_8s_16_1_1_U50/dout is absorbed into DSP mac_muladd_8s_8s_16s_17_4_1_U73/attention_score_u55c_kernel_mac_muladd_8s_8s_16s_17_4_1_DSP48_0_U/p_reg_reg.
DSP Report: Generating DSP mac_muladd_8s_8s_16s_17_4_1_U74/attention_score_u55c_kernel_mac_muladd_8s_8s_16s_17_4_1_DSP48_0_U/m_reg_reg, operation Mode is: (A2*B2)'.
DSP Report: register mac_muladd_8s_8s_16s_17_4_1_U74/attention_score_u55c_kernel_mac_muladd_8s_8s_16s_17_4_1_DSP48_0_U/b_reg_reg is absorbed into DSP mac_muladd_8s_8s_16s_17_4_1_U74/attention_score_u55c_kernel_mac_muladd_8s_8s_16s_17_4_1_DSP48_0_U/m_reg_reg.
DSP Report: register mac_muladd_8s_8s_16s_17_4_1_U74/attention_score_u55c_kernel_mac_muladd_8s_8s_16s_17_4_1_DSP48_0_U/a_reg_reg is absorbed into DSP mac_muladd_8s_8s_16s_17_4_1_U74/attention_score_u55c_kernel_mac_muladd_8s_8s_16s_17_4_1_DSP48_0_U/m_reg_reg.
DSP Report: register mac_muladd_8s_8s_16s_17_4_1_U74/attention_score_u55c_kernel_mac_muladd_8s_8s_16s_17_4_1_DSP48_0_U/m_reg_reg is absorbed into DSP mac_muladd_8s_8s_16s_17_4_1_U74/attention_score_u55c_kernel_mac_muladd_8s_8s_16s_17_4_1_DSP48_0_U/m_reg_reg.
DSP Report: operator mac_muladd_8s_8s_16s_17_4_1_U74/attention_score_u55c_kernel_mac_muladd_8s_8s_16s_17_4_1_DSP48_0_U/m is absorbed into DSP mac_muladd_8s_8s_16s_17_4_1_U74/attention_score_u55c_kernel_mac_muladd_8s_8s_16s_17_4_1_DSP48_0_U/m_reg_reg.
DSP Report: Generating DSP mac_muladd_8s_8s_16s_17_4_1_U74/attention_score_u55c_kernel_mac_muladd_8s_8s_16s_17_4_1_DSP48_0_U/p_reg_reg, operation Mode is: (PCIN+A''*B'')'.
DSP Report: register q_tile_6_load_4_reg_4560_reg is absorbed into DSP mac_muladd_8s_8s_16s_17_4_1_U74/attention_score_u55c_kernel_mac_muladd_8s_8s_16s_17_4_1_DSP48_0_U/p_reg_reg.
DSP Report: register q_tile_6_load_4_reg_4560_pp0_iter2_reg_reg is absorbed into DSP mac_muladd_8s_8s_16s_17_4_1_U74/attention_score_u55c_kernel_mac_muladd_8s_8s_16s_17_4_1_DSP48_0_U/p_reg_reg.
DSP Report: register k_tile_6_load_4_reg_4880_reg is absorbed into DSP mac_muladd_8s_8s_16s_17_4_1_U74/attention_score_u55c_kernel_mac_muladd_8s_8s_16s_17_4_1_DSP48_0_U/p_reg_reg.
DSP Report: register k_tile_6_load_4_reg_4880_pp0_iter2_reg_reg is absorbed into DSP mac_muladd_8s_8s_16s_17_4_1_U74/attention_score_u55c_kernel_mac_muladd_8s_8s_16s_17_4_1_DSP48_0_U/p_reg_reg.
DSP Report: register mac_muladd_8s_8s_16s_17_4_1_U74/attention_score_u55c_kernel_mac_muladd_8s_8s_16s_17_4_1_DSP48_0_U/p_reg_reg is absorbed into DSP mac_muladd_8s_8s_16s_17_4_1_U74/attention_score_u55c_kernel_mac_muladd_8s_8s_16s_17_4_1_DSP48_0_U/p_reg_reg.
DSP Report: operator mac_muladd_8s_8s_16s_17_4_1_U74/attention_score_u55c_kernel_mac_muladd_8s_8s_16s_17_4_1_DSP48_0_U/p is absorbed into DSP mac_muladd_8s_8s_16s_17_4_1_U74/attention_score_u55c_kernel_mac_muladd_8s_8s_16s_17_4_1_DSP48_0_U/p_reg_reg.
DSP Report: operator mul_8s_8s_16_1_1_U51/dout is absorbed into DSP mac_muladd_8s_8s_16s_17_4_1_U74/attention_score_u55c_kernel_mac_muladd_8s_8s_16s_17_4_1_DSP48_0_U/p_reg_reg.
DSP Report: Generating DSP mac_muladd_8s_8s_16s_17_4_1_U75/attention_score_u55c_kernel_mac_muladd_8s_8s_16s_17_4_1_DSP48_0_U/m_reg_reg, operation Mode is: (A2*B2)'.
DSP Report: register mac_muladd_8s_8s_16s_17_4_1_U75/attention_score_u55c_kernel_mac_muladd_8s_8s_16s_17_4_1_DSP48_0_U/b_reg_reg is absorbed into DSP mac_muladd_8s_8s_16s_17_4_1_U75/attention_score_u55c_kernel_mac_muladd_8s_8s_16s_17_4_1_DSP48_0_U/m_reg_reg.
DSP Report: register mac_muladd_8s_8s_16s_17_4_1_U75/attention_score_u55c_kernel_mac_muladd_8s_8s_16s_17_4_1_DSP48_0_U/a_reg_reg is absorbed into DSP mac_muladd_8s_8s_16s_17_4_1_U75/attention_score_u55c_kernel_mac_muladd_8s_8s_16s_17_4_1_DSP48_0_U/m_reg_reg.
DSP Report: register mac_muladd_8s_8s_16s_17_4_1_U75/attention_score_u55c_kernel_mac_muladd_8s_8s_16s_17_4_1_DSP48_0_U/m_reg_reg is absorbed into DSP mac_muladd_8s_8s_16s_17_4_1_U75/attention_score_u55c_kernel_mac_muladd_8s_8s_16s_17_4_1_DSP48_0_U/m_reg_reg.
DSP Report: operator mac_muladd_8s_8s_16s_17_4_1_U75/attention_score_u55c_kernel_mac_muladd_8s_8s_16s_17_4_1_DSP48_0_U/m is absorbed into DSP mac_muladd_8s_8s_16s_17_4_1_U75/attention_score_u55c_kernel_mac_muladd_8s_8s_16s_17_4_1_DSP48_0_U/m_reg_reg.
DSP Report: Generating DSP mac_muladd_8s_8s_16s_17_4_1_U75/attention_score_u55c_kernel_mac_muladd_8s_8s_16s_17_4_1_DSP48_0_U/p_reg_reg, operation Mode is: (PCIN+A''*B'')'.
DSP Report: register q_tile_0_load_5_reg_4570_reg is absorbed into DSP mac_muladd_8s_8s_16s_17_4_1_U75/attention_score_u55c_kernel_mac_muladd_8s_8s_16s_17_4_1_DSP48_0_U/p_reg_reg.
DSP Report: register q_tile_0_load_5_reg_4570_pp0_iter2_reg_reg is absorbed into DSP mac_muladd_8s_8s_16s_17_4_1_U75/attention_score_u55c_kernel_mac_muladd_8s_8s_16s_17_4_1_DSP48_0_U/p_reg_reg.
DSP Report: register k_tile_0_load_5_reg_4890_reg is absorbed into DSP mac_muladd_8s_8s_16s_17_4_1_U75/attention_score_u55c_kernel_mac_muladd_8s_8s_16s_17_4_1_DSP48_0_U/p_reg_reg.
DSP Report: register k_tile_0_load_5_reg_4890_pp0_iter2_reg_reg is absorbed into DSP mac_muladd_8s_8s_16s_17_4_1_U75/attention_score_u55c_kernel_mac_muladd_8s_8s_16s_17_4_1_DSP48_0_U/p_reg_reg.
DSP Report: register mac_muladd_8s_8s_16s_17_4_1_U75/attention_score_u55c_kernel_mac_muladd_8s_8s_16s_17_4_1_DSP48_0_U/p_reg_reg is absorbed into DSP mac_muladd_8s_8s_16s_17_4_1_U75/attention_score_u55c_kernel_mac_muladd_8s_8s_16s_17_4_1_DSP48_0_U/p_reg_reg.
DSP Report: operator mac_muladd_8s_8s_16s_17_4_1_U75/attention_score_u55c_kernel_mac_muladd_8s_8s_16s_17_4_1_DSP48_0_U/p is absorbed into DSP mac_muladd_8s_8s_16s_17_4_1_U75/attention_score_u55c_kernel_mac_muladd_8s_8s_16s_17_4_1_DSP48_0_U/p_reg_reg.
DSP Report: operator mul_8s_8s_16_1_1_U52/dout is absorbed into DSP mac_muladd_8s_8s_16s_17_4_1_U75/attention_score_u55c_kernel_mac_muladd_8s_8s_16s_17_4_1_DSP48_0_U/p_reg_reg.
DSP Report: Generating DSP mac_muladd_8s_8s_16s_17_4_1_U76/attention_score_u55c_kernel_mac_muladd_8s_8s_16s_17_4_1_DSP48_0_U/m_reg_reg, operation Mode is: (A2*B2)'.
DSP Report: register mac_muladd_8s_8s_16s_17_4_1_U76/attention_score_u55c_kernel_mac_muladd_8s_8s_16s_17_4_1_DSP48_0_U/b_reg_reg is absorbed into DSP mac_muladd_8s_8s_16s_17_4_1_U76/attention_score_u55c_kernel_mac_muladd_8s_8s_16s_17_4_1_DSP48_0_U/m_reg_reg.
DSP Report: register mac_muladd_8s_8s_16s_17_4_1_U76/attention_score_u55c_kernel_mac_muladd_8s_8s_16s_17_4_1_DSP48_0_U/a_reg_reg is absorbed into DSP mac_muladd_8s_8s_16s_17_4_1_U76/attention_score_u55c_kernel_mac_muladd_8s_8s_16s_17_4_1_DSP48_0_U/m_reg_reg.
DSP Report: register mac_muladd_8s_8s_16s_17_4_1_U76/attention_score_u55c_kernel_mac_muladd_8s_8s_16s_17_4_1_DSP48_0_U/m_reg_reg is absorbed into DSP mac_muladd_8s_8s_16s_17_4_1_U76/attention_score_u55c_kernel_mac_muladd_8s_8s_16s_17_4_1_DSP48_0_U/m_reg_reg.
DSP Report: operator mac_muladd_8s_8s_16s_17_4_1_U76/attention_score_u55c_kernel_mac_muladd_8s_8s_16s_17_4_1_DSP48_0_U/m is absorbed into DSP mac_muladd_8s_8s_16s_17_4_1_U76/attention_score_u55c_kernel_mac_muladd_8s_8s_16s_17_4_1_DSP48_0_U/m_reg_reg.
DSP Report: Generating DSP mac_muladd_8s_8s_16s_17_4_1_U76/attention_score_u55c_kernel_mac_muladd_8s_8s_16s_17_4_1_DSP48_0_U/p_reg_reg, operation Mode is: (PCIN+A''*B'')'.
DSP Report: register q_tile_2_load_5_reg_4580_reg is absorbed into DSP mac_muladd_8s_8s_16s_17_4_1_U76/attention_score_u55c_kernel_mac_muladd_8s_8s_16s_17_4_1_DSP48_0_U/p_reg_reg.
DSP Report: register q_tile_2_load_5_reg_4580_pp0_iter2_reg_reg is absorbed into DSP mac_muladd_8s_8s_16s_17_4_1_U76/attention_score_u55c_kernel_mac_muladd_8s_8s_16s_17_4_1_DSP48_0_U/p_reg_reg.
DSP Report: register k_tile_2_load_5_reg_4900_reg is absorbed into DSP mac_muladd_8s_8s_16s_17_4_1_U76/attention_score_u55c_kernel_mac_muladd_8s_8s_16s_17_4_1_DSP48_0_U/p_reg_reg.
DSP Report: register k_tile_2_load_5_reg_4900_pp0_iter2_reg_reg is absorbed into DSP mac_muladd_8s_8s_16s_17_4_1_U76/attention_score_u55c_kernel_mac_muladd_8s_8s_16s_17_4_1_DSP48_0_U/p_reg_reg.
DSP Report: register mac_muladd_8s_8s_16s_17_4_1_U76/attention_score_u55c_kernel_mac_muladd_8s_8s_16s_17_4_1_DSP48_0_U/p_reg_reg is absorbed into DSP mac_muladd_8s_8s_16s_17_4_1_U76/attention_score_u55c_kernel_mac_muladd_8s_8s_16s_17_4_1_DSP48_0_U/p_reg_reg.
DSP Report: operator mac_muladd_8s_8s_16s_17_4_1_U76/attention_score_u55c_kernel_mac_muladd_8s_8s_16s_17_4_1_DSP48_0_U/p is absorbed into DSP mac_muladd_8s_8s_16s_17_4_1_U76/attention_score_u55c_kernel_mac_muladd_8s_8s_16s_17_4_1_DSP48_0_U/p_reg_reg.
DSP Report: operator mul_8s_8s_16_1_1_U53/dout is absorbed into DSP mac_muladd_8s_8s_16s_17_4_1_U76/attention_score_u55c_kernel_mac_muladd_8s_8s_16s_17_4_1_DSP48_0_U/p_reg_reg.
DSP Report: Generating DSP mac_muladd_8s_8s_16s_17_4_1_U77/attention_score_u55c_kernel_mac_muladd_8s_8s_16s_17_4_1_DSP48_0_U/m_reg_reg, operation Mode is: (A2*B2)'.
DSP Report: register mac_muladd_8s_8s_16s_17_4_1_U77/attention_score_u55c_kernel_mac_muladd_8s_8s_16s_17_4_1_DSP48_0_U/b_reg_reg is absorbed into DSP mac_muladd_8s_8s_16s_17_4_1_U77/attention_score_u55c_kernel_mac_muladd_8s_8s_16s_17_4_1_DSP48_0_U/m_reg_reg.
DSP Report: register mac_muladd_8s_8s_16s_17_4_1_U77/attention_score_u55c_kernel_mac_muladd_8s_8s_16s_17_4_1_DSP48_0_U/a_reg_reg is absorbed into DSP mac_muladd_8s_8s_16s_17_4_1_U77/attention_score_u55c_kernel_mac_muladd_8s_8s_16s_17_4_1_DSP48_0_U/m_reg_reg.
DSP Report: register mac_muladd_8s_8s_16s_17_4_1_U77/attention_score_u55c_kernel_mac_muladd_8s_8s_16s_17_4_1_DSP48_0_U/m_reg_reg is absorbed into DSP mac_muladd_8s_8s_16s_17_4_1_U77/attention_score_u55c_kernel_mac_muladd_8s_8s_16s_17_4_1_DSP48_0_U/m_reg_reg.
DSP Report: operator mac_muladd_8s_8s_16s_17_4_1_U77/attention_score_u55c_kernel_mac_muladd_8s_8s_16s_17_4_1_DSP48_0_U/m is absorbed into DSP mac_muladd_8s_8s_16s_17_4_1_U77/attention_score_u55c_kernel_mac_muladd_8s_8s_16s_17_4_1_DSP48_0_U/m_reg_reg.
DSP Report: Generating DSP mac_muladd_8s_8s_16s_17_4_1_U77/attention_score_u55c_kernel_mac_muladd_8s_8s_16s_17_4_1_DSP48_0_U/p_reg_reg, operation Mode is: (PCIN+(A2*B2)')'.
DSP Report: register q_tile_4_load_5_reg_4590_reg is absorbed into DSP mac_muladd_8s_8s_16s_17_4_1_U77/attention_score_u55c_kernel_mac_muladd_8s_8s_16s_17_4_1_DSP48_0_U/p_reg_reg.
DSP Report: register k_tile_4_load_5_reg_4910_reg is absorbed into DSP mac_muladd_8s_8s_16s_17_4_1_U77/attention_score_u55c_kernel_mac_muladd_8s_8s_16s_17_4_1_DSP48_0_U/p_reg_reg.
DSP Report: register mac_muladd_8s_8s_16s_17_4_1_U77/attention_score_u55c_kernel_mac_muladd_8s_8s_16s_17_4_1_DSP48_0_U/p_reg_reg is absorbed into DSP mac_muladd_8s_8s_16s_17_4_1_U77/attention_score_u55c_kernel_mac_muladd_8s_8s_16s_17_4_1_DSP48_0_U/p_reg_reg.
DSP Report: register mul_ln840_43_reg_5015_reg is absorbed into DSP mac_muladd_8s_8s_16s_17_4_1_U77/attention_score_u55c_kernel_mac_muladd_8s_8s_16s_17_4_1_DSP48_0_U/p_reg_reg.
DSP Report: operator mac_muladd_8s_8s_16s_17_4_1_U77/attention_score_u55c_kernel_mac_muladd_8s_8s_16s_17_4_1_DSP48_0_U/p is absorbed into DSP mac_muladd_8s_8s_16s_17_4_1_U77/attention_score_u55c_kernel_mac_muladd_8s_8s_16s_17_4_1_DSP48_0_U/p_reg_reg.
DSP Report: operator mul_8s_8s_16_1_1_U24/dout is absorbed into DSP mac_muladd_8s_8s_16s_17_4_1_U77/attention_score_u55c_kernel_mac_muladd_8s_8s_16s_17_4_1_DSP48_0_U/p_reg_reg.
DSP Report: Generating DSP mac_muladd_8s_8s_16s_17_4_1_U78/attention_score_u55c_kernel_mac_muladd_8s_8s_16s_17_4_1_DSP48_0_U/m_reg_reg, operation Mode is: (A2*B2)'.
DSP Report: register mac_muladd_8s_8s_16s_17_4_1_U78/attention_score_u55c_kernel_mac_muladd_8s_8s_16s_17_4_1_DSP48_0_U/b_reg_reg is absorbed into DSP mac_muladd_8s_8s_16s_17_4_1_U78/attention_score_u55c_kernel_mac_muladd_8s_8s_16s_17_4_1_DSP48_0_U/m_reg_reg.
DSP Report: register mac_muladd_8s_8s_16s_17_4_1_U78/attention_score_u55c_kernel_mac_muladd_8s_8s_16s_17_4_1_DSP48_0_U/a_reg_reg is absorbed into DSP mac_muladd_8s_8s_16s_17_4_1_U78/attention_score_u55c_kernel_mac_muladd_8s_8s_16s_17_4_1_DSP48_0_U/m_reg_reg.
DSP Report: register mac_muladd_8s_8s_16s_17_4_1_U78/attention_score_u55c_kernel_mac_muladd_8s_8s_16s_17_4_1_DSP48_0_U/m_reg_reg is absorbed into DSP mac_muladd_8s_8s_16s_17_4_1_U78/attention_score_u55c_kernel_mac_muladd_8s_8s_16s_17_4_1_DSP48_0_U/m_reg_reg.
DSP Report: operator mac_muladd_8s_8s_16s_17_4_1_U78/attention_score_u55c_kernel_mac_muladd_8s_8s_16s_17_4_1_DSP48_0_U/m is absorbed into DSP mac_muladd_8s_8s_16s_17_4_1_U78/attention_score_u55c_kernel_mac_muladd_8s_8s_16s_17_4_1_DSP48_0_U/m_reg_reg.
DSP Report: Generating DSP mac_muladd_8s_8s_16s_17_4_1_U78/attention_score_u55c_kernel_mac_muladd_8s_8s_16s_17_4_1_DSP48_0_U/p_reg_reg, operation Mode is: (PCIN+(A2*B2)')'.
DSP Report: register q_tile_6_load_5_reg_4600_reg is absorbed into DSP mac_muladd_8s_8s_16s_17_4_1_U78/attention_score_u55c_kernel_mac_muladd_8s_8s_16s_17_4_1_DSP48_0_U/p_reg_reg.
DSP Report: register k_tile_6_load_5_reg_4920_reg is absorbed into DSP mac_muladd_8s_8s_16s_17_4_1_U78/attention_score_u55c_kernel_mac_muladd_8s_8s_16s_17_4_1_DSP48_0_U/p_reg_reg.
DSP Report: register mac_muladd_8s_8s_16s_17_4_1_U78/attention_score_u55c_kernel_mac_muladd_8s_8s_16s_17_4_1_DSP48_0_U/p_reg_reg is absorbed into DSP mac_muladd_8s_8s_16s_17_4_1_U78/attention_score_u55c_kernel_mac_muladd_8s_8s_16s_17_4_1_DSP48_0_U/p_reg_reg.
DSP Report: register mul_ln840_45_reg_5020_reg is absorbed into DSP mac_muladd_8s_8s_16s_17_4_1_U78/attention_score_u55c_kernel_mac_muladd_8s_8s_16s_17_4_1_DSP48_0_U/p_reg_reg.
DSP Report: operator mac_muladd_8s_8s_16s_17_4_1_U78/attention_score_u55c_kernel_mac_muladd_8s_8s_16s_17_4_1_DSP48_0_U/p is absorbed into DSP mac_muladd_8s_8s_16s_17_4_1_U78/attention_score_u55c_kernel_mac_muladd_8s_8s_16s_17_4_1_DSP48_0_U/p_reg_reg.
DSP Report: operator mul_8s_8s_16_1_1_U25/dout is absorbed into DSP mac_muladd_8s_8s_16s_17_4_1_U78/attention_score_u55c_kernel_mac_muladd_8s_8s_16s_17_4_1_DSP48_0_U/p_reg_reg.
DSP Report: Generating DSP mac_muladd_8s_8s_16s_17_4_1_U79/attention_score_u55c_kernel_mac_muladd_8s_8s_16s_17_4_1_DSP48_0_U/m_reg_reg, operation Mode is: (A2*B2)'.
DSP Report: register mac_muladd_8s_8s_16s_17_4_1_U79/attention_score_u55c_kernel_mac_muladd_8s_8s_16s_17_4_1_DSP48_0_U/b_reg_reg is absorbed into DSP mac_muladd_8s_8s_16s_17_4_1_U79/attention_score_u55c_kernel_mac_muladd_8s_8s_16s_17_4_1_DSP48_0_U/m_reg_reg.
DSP Report: register mac_muladd_8s_8s_16s_17_4_1_U79/attention_score_u55c_kernel_mac_muladd_8s_8s_16s_17_4_1_DSP48_0_U/a_reg_reg is absorbed into DSP mac_muladd_8s_8s_16s_17_4_1_U79/attention_score_u55c_kernel_mac_muladd_8s_8s_16s_17_4_1_DSP48_0_U/m_reg_reg.
DSP Report: register mac_muladd_8s_8s_16s_17_4_1_U79/attention_score_u55c_kernel_mac_muladd_8s_8s_16s_17_4_1_DSP48_0_U/m_reg_reg is absorbed into DSP mac_muladd_8s_8s_16s_17_4_1_U79/attention_score_u55c_kernel_mac_muladd_8s_8s_16s_17_4_1_DSP48_0_U/m_reg_reg.
DSP Report: operator mac_muladd_8s_8s_16s_17_4_1_U79/attention_score_u55c_kernel_mac_muladd_8s_8s_16s_17_4_1_DSP48_0_U/m is absorbed into DSP mac_muladd_8s_8s_16s_17_4_1_U79/attention_score_u55c_kernel_mac_muladd_8s_8s_16s_17_4_1_DSP48_0_U/m_reg_reg.
DSP Report: Generating DSP mac_muladd_8s_8s_16s_17_4_1_U79/attention_score_u55c_kernel_mac_muladd_8s_8s_16s_17_4_1_DSP48_0_U/p_reg_reg, operation Mode is: (PCIN+A''*B'')'.
DSP Report: register q_tile_0_load_6_reg_4610_reg is absorbed into DSP mac_muladd_8s_8s_16s_17_4_1_U79/attention_score_u55c_kernel_mac_muladd_8s_8s_16s_17_4_1_DSP48_0_U/p_reg_reg.
DSP Report: register q_tile_0_load_6_reg_4610_pp0_iter2_reg_reg is absorbed into DSP mac_muladd_8s_8s_16s_17_4_1_U79/attention_score_u55c_kernel_mac_muladd_8s_8s_16s_17_4_1_DSP48_0_U/p_reg_reg.
DSP Report: register k_tile_0_load_6_reg_4930_reg is absorbed into DSP mac_muladd_8s_8s_16s_17_4_1_U79/attention_score_u55c_kernel_mac_muladd_8s_8s_16s_17_4_1_DSP48_0_U/p_reg_reg.
DSP Report: register k_tile_0_load_6_reg_4930_pp0_iter2_reg_reg is absorbed into DSP mac_muladd_8s_8s_16s_17_4_1_U79/attention_score_u55c_kernel_mac_muladd_8s_8s_16s_17_4_1_DSP48_0_U/p_reg_reg.
DSP Report: register mac_muladd_8s_8s_16s_17_4_1_U79/attention_score_u55c_kernel_mac_muladd_8s_8s_16s_17_4_1_DSP48_0_U/p_reg_reg is absorbed into DSP mac_muladd_8s_8s_16s_17_4_1_U79/attention_score_u55c_kernel_mac_muladd_8s_8s_16s_17_4_1_DSP48_0_U/p_reg_reg.
DSP Report: operator mac_muladd_8s_8s_16s_17_4_1_U79/attention_score_u55c_kernel_mac_muladd_8s_8s_16s_17_4_1_DSP48_0_U/p is absorbed into DSP mac_muladd_8s_8s_16s_17_4_1_U79/attention_score_u55c_kernel_mac_muladd_8s_8s_16s_17_4_1_DSP48_0_U/p_reg_reg.
DSP Report: operator mul_8s_8s_16_1_1_U54/dout is absorbed into DSP mac_muladd_8s_8s_16s_17_4_1_U79/attention_score_u55c_kernel_mac_muladd_8s_8s_16s_17_4_1_DSP48_0_U/p_reg_reg.
DSP Report: Generating DSP mac_muladd_8s_8s_16s_17_4_1_U80/attention_score_u55c_kernel_mac_muladd_8s_8s_16s_17_4_1_DSP48_0_U/m_reg_reg, operation Mode is: (A2*B2)'.
DSP Report: register mac_muladd_8s_8s_16s_17_4_1_U80/attention_score_u55c_kernel_mac_muladd_8s_8s_16s_17_4_1_DSP48_0_U/b_reg_reg is absorbed into DSP mac_muladd_8s_8s_16s_17_4_1_U80/attention_score_u55c_kernel_mac_muladd_8s_8s_16s_17_4_1_DSP48_0_U/m_reg_reg.
DSP Report: register mac_muladd_8s_8s_16s_17_4_1_U80/attention_score_u55c_kernel_mac_muladd_8s_8s_16s_17_4_1_DSP48_0_U/a_reg_reg is absorbed into DSP mac_muladd_8s_8s_16s_17_4_1_U80/attention_score_u55c_kernel_mac_muladd_8s_8s_16s_17_4_1_DSP48_0_U/m_reg_reg.
DSP Report: register mac_muladd_8s_8s_16s_17_4_1_U80/attention_score_u55c_kernel_mac_muladd_8s_8s_16s_17_4_1_DSP48_0_U/m_reg_reg is absorbed into DSP mac_muladd_8s_8s_16s_17_4_1_U80/attention_score_u55c_kernel_mac_muladd_8s_8s_16s_17_4_1_DSP48_0_U/m_reg_reg.
DSP Report: operator mac_muladd_8s_8s_16s_17_4_1_U80/attention_score_u55c_kernel_mac_muladd_8s_8s_16s_17_4_1_DSP48_0_U/m is absorbed into DSP mac_muladd_8s_8s_16s_17_4_1_U80/attention_score_u55c_kernel_mac_muladd_8s_8s_16s_17_4_1_DSP48_0_U/m_reg_reg.
DSP Report: Generating DSP mac_muladd_8s_8s_16s_17_4_1_U80/attention_score_u55c_kernel_mac_muladd_8s_8s_16s_17_4_1_DSP48_0_U/p_reg_reg, operation Mode is: (PCIN+(A2*B2)')'.
DSP Report: register q_tile_2_load_6_reg_4620_reg is absorbed into DSP mac_muladd_8s_8s_16s_17_4_1_U80/attention_score_u55c_kernel_mac_muladd_8s_8s_16s_17_4_1_DSP48_0_U/p_reg_reg.
DSP Report: register k_tile_2_load_6_reg_4940_reg is absorbed into DSP mac_muladd_8s_8s_16s_17_4_1_U80/attention_score_u55c_kernel_mac_muladd_8s_8s_16s_17_4_1_DSP48_0_U/p_reg_reg.
DSP Report: register mac_muladd_8s_8s_16s_17_4_1_U80/attention_score_u55c_kernel_mac_muladd_8s_8s_16s_17_4_1_DSP48_0_U/p_reg_reg is absorbed into DSP mac_muladd_8s_8s_16s_17_4_1_U80/attention_score_u55c_kernel_mac_muladd_8s_8s_16s_17_4_1_DSP48_0_U/p_reg_reg.
DSP Report: register mul_ln840_49_reg_5025_reg is absorbed into DSP mac_muladd_8s_8s_16s_17_4_1_U80/attention_score_u55c_kernel_mac_muladd_8s_8s_16s_17_4_1_DSP48_0_U/p_reg_reg.
DSP Report: operator mac_muladd_8s_8s_16s_17_4_1_U80/attention_score_u55c_kernel_mac_muladd_8s_8s_16s_17_4_1_DSP48_0_U/p is absorbed into DSP mac_muladd_8s_8s_16s_17_4_1_U80/attention_score_u55c_kernel_mac_muladd_8s_8s_16s_17_4_1_DSP48_0_U/p_reg_reg.
DSP Report: operator mul_8s_8s_16_1_1_U26/dout is absorbed into DSP mac_muladd_8s_8s_16s_17_4_1_U80/attention_score_u55c_kernel_mac_muladd_8s_8s_16s_17_4_1_DSP48_0_U/p_reg_reg.
DSP Report: Generating DSP mac_muladd_8s_8s_16s_17_4_1_U81/attention_score_u55c_kernel_mac_muladd_8s_8s_16s_17_4_1_DSP48_0_U/m_reg_reg, operation Mode is: (A2*B2)'.
DSP Report: register mac_muladd_8s_8s_16s_17_4_1_U81/attention_score_u55c_kernel_mac_muladd_8s_8s_16s_17_4_1_DSP48_0_U/b_reg_reg is absorbed into DSP mac_muladd_8s_8s_16s_17_4_1_U81/attention_score_u55c_kernel_mac_muladd_8s_8s_16s_17_4_1_DSP48_0_U/m_reg_reg.
DSP Report: register mac_muladd_8s_8s_16s_17_4_1_U81/attention_score_u55c_kernel_mac_muladd_8s_8s_16s_17_4_1_DSP48_0_U/a_reg_reg is absorbed into DSP mac_muladd_8s_8s_16s_17_4_1_U81/attention_score_u55c_kernel_mac_muladd_8s_8s_16s_17_4_1_DSP48_0_U/m_reg_reg.
DSP Report: register mac_muladd_8s_8s_16s_17_4_1_U81/attention_score_u55c_kernel_mac_muladd_8s_8s_16s_17_4_1_DSP48_0_U/m_reg_reg is absorbed into DSP mac_muladd_8s_8s_16s_17_4_1_U81/attention_score_u55c_kernel_mac_muladd_8s_8s_16s_17_4_1_DSP48_0_U/m_reg_reg.
DSP Report: operator mac_muladd_8s_8s_16s_17_4_1_U81/attention_score_u55c_kernel_mac_muladd_8s_8s_16s_17_4_1_DSP48_0_U/m is absorbed into DSP mac_muladd_8s_8s_16s_17_4_1_U81/attention_score_u55c_kernel_mac_muladd_8s_8s_16s_17_4_1_DSP48_0_U/m_reg_reg.
DSP Report: Generating DSP mac_muladd_8s_8s_16s_17_4_1_U81/attention_score_u55c_kernel_mac_muladd_8s_8s_16s_17_4_1_DSP48_0_U/p_reg_reg, operation Mode is: (PCIN+(A2*B2)')'.
DSP Report: register q_tile_4_load_6_reg_4630_reg is absorbed into DSP mac_muladd_8s_8s_16s_17_4_1_U81/attention_score_u55c_kernel_mac_muladd_8s_8s_16s_17_4_1_DSP48_0_U/p_reg_reg.
DSP Report: register k_tile_4_load_6_reg_4950_reg is absorbed into DSP mac_muladd_8s_8s_16s_17_4_1_U81/attention_score_u55c_kernel_mac_muladd_8s_8s_16s_17_4_1_DSP48_0_U/p_reg_reg.
DSP Report: register mac_muladd_8s_8s_16s_17_4_1_U81/attention_score_u55c_kernel_mac_muladd_8s_8s_16s_17_4_1_DSP48_0_U/p_reg_reg is absorbed into DSP mac_muladd_8s_8s_16s_17_4_1_U81/attention_score_u55c_kernel_mac_muladd_8s_8s_16s_17_4_1_DSP48_0_U/p_reg_reg.
DSP Report: register mul_ln840_51_reg_5030_reg is absorbed into DSP mac_muladd_8s_8s_16s_17_4_1_U81/attention_score_u55c_kernel_mac_muladd_8s_8s_16s_17_4_1_DSP48_0_U/p_reg_reg.
DSP Report: operator mac_muladd_8s_8s_16s_17_4_1_U81/attention_score_u55c_kernel_mac_muladd_8s_8s_16s_17_4_1_DSP48_0_U/p is absorbed into DSP mac_muladd_8s_8s_16s_17_4_1_U81/attention_score_u55c_kernel_mac_muladd_8s_8s_16s_17_4_1_DSP48_0_U/p_reg_reg.
DSP Report: operator mul_8s_8s_16_1_1_U27/dout is absorbed into DSP mac_muladd_8s_8s_16s_17_4_1_U81/attention_score_u55c_kernel_mac_muladd_8s_8s_16s_17_4_1_DSP48_0_U/p_reg_reg.
DSP Report: Generating DSP mac_muladd_8s_8s_16s_17_4_1_U82/attention_score_u55c_kernel_mac_muladd_8s_8s_16s_17_4_1_DSP48_0_U/m_reg_reg, operation Mode is: (A2*B2)'.
DSP Report: register mac_muladd_8s_8s_16s_17_4_1_U82/attention_score_u55c_kernel_mac_muladd_8s_8s_16s_17_4_1_DSP48_0_U/b_reg_reg is absorbed into DSP mac_muladd_8s_8s_16s_17_4_1_U82/attention_score_u55c_kernel_mac_muladd_8s_8s_16s_17_4_1_DSP48_0_U/m_reg_reg.
DSP Report: register mac_muladd_8s_8s_16s_17_4_1_U82/attention_score_u55c_kernel_mac_muladd_8s_8s_16s_17_4_1_DSP48_0_U/a_reg_reg is absorbed into DSP mac_muladd_8s_8s_16s_17_4_1_U82/attention_score_u55c_kernel_mac_muladd_8s_8s_16s_17_4_1_DSP48_0_U/m_reg_reg.
DSP Report: register mac_muladd_8s_8s_16s_17_4_1_U82/attention_score_u55c_kernel_mac_muladd_8s_8s_16s_17_4_1_DSP48_0_U/m_reg_reg is absorbed into DSP mac_muladd_8s_8s_16s_17_4_1_U82/attention_score_u55c_kernel_mac_muladd_8s_8s_16s_17_4_1_DSP48_0_U/m_reg_reg.
DSP Report: operator mac_muladd_8s_8s_16s_17_4_1_U82/attention_score_u55c_kernel_mac_muladd_8s_8s_16s_17_4_1_DSP48_0_U/m is absorbed into DSP mac_muladd_8s_8s_16s_17_4_1_U82/attention_score_u55c_kernel_mac_muladd_8s_8s_16s_17_4_1_DSP48_0_U/m_reg_reg.
DSP Report: Generating DSP mac_muladd_8s_8s_16s_17_4_1_U82/attention_score_u55c_kernel_mac_muladd_8s_8s_16s_17_4_1_DSP48_0_U/p_reg_reg, operation Mode is: (PCIN+(A2*B2)')'.
DSP Report: register q_tile_6_load_6_reg_4640_reg is absorbed into DSP mac_muladd_8s_8s_16s_17_4_1_U82/attention_score_u55c_kernel_mac_muladd_8s_8s_16s_17_4_1_DSP48_0_U/p_reg_reg.
DSP Report: register k_tile_6_load_6_reg_4960_reg is absorbed into DSP mac_muladd_8s_8s_16s_17_4_1_U82/attention_score_u55c_kernel_mac_muladd_8s_8s_16s_17_4_1_DSP48_0_U/p_reg_reg.
DSP Report: register mac_muladd_8s_8s_16s_17_4_1_U82/attention_score_u55c_kernel_mac_muladd_8s_8s_16s_17_4_1_DSP48_0_U/p_reg_reg is absorbed into DSP mac_muladd_8s_8s_16s_17_4_1_U82/attention_score_u55c_kernel_mac_muladd_8s_8s_16s_17_4_1_DSP48_0_U/p_reg_reg.
DSP Report: register mul_ln840_53_reg_5035_reg is absorbed into DSP mac_muladd_8s_8s_16s_17_4_1_U82/attention_score_u55c_kernel_mac_muladd_8s_8s_16s_17_4_1_DSP48_0_U/p_reg_reg.
DSP Report: operator mac_muladd_8s_8s_16s_17_4_1_U82/attention_score_u55c_kernel_mac_muladd_8s_8s_16s_17_4_1_DSP48_0_U/p is absorbed into DSP mac_muladd_8s_8s_16s_17_4_1_U82/attention_score_u55c_kernel_mac_muladd_8s_8s_16s_17_4_1_DSP48_0_U/p_reg_reg.
DSP Report: operator mul_8s_8s_16_1_1_U28/dout is absorbed into DSP mac_muladd_8s_8s_16s_17_4_1_U82/attention_score_u55c_kernel_mac_muladd_8s_8s_16s_17_4_1_DSP48_0_U/p_reg_reg.
DSP Report: Generating DSP mac_muladd_8s_8s_16s_17_4_1_U83/attention_score_u55c_kernel_mac_muladd_8s_8s_16s_17_4_1_DSP48_0_U/m_reg_reg, operation Mode is: (A2*B2)'.
DSP Report: register mac_muladd_8s_8s_16s_17_4_1_U83/attention_score_u55c_kernel_mac_muladd_8s_8s_16s_17_4_1_DSP48_0_U/b_reg_reg is absorbed into DSP mac_muladd_8s_8s_16s_17_4_1_U83/attention_score_u55c_kernel_mac_muladd_8s_8s_16s_17_4_1_DSP48_0_U/m_reg_reg.
DSP Report: register mac_muladd_8s_8s_16s_17_4_1_U83/attention_score_u55c_kernel_mac_muladd_8s_8s_16s_17_4_1_DSP48_0_U/a_reg_reg is absorbed into DSP mac_muladd_8s_8s_16s_17_4_1_U83/attention_score_u55c_kernel_mac_muladd_8s_8s_16s_17_4_1_DSP48_0_U/m_reg_reg.
DSP Report: register mac_muladd_8s_8s_16s_17_4_1_U83/attention_score_u55c_kernel_mac_muladd_8s_8s_16s_17_4_1_DSP48_0_U/m_reg_reg is absorbed into DSP mac_muladd_8s_8s_16s_17_4_1_U83/attention_score_u55c_kernel_mac_muladd_8s_8s_16s_17_4_1_DSP48_0_U/m_reg_reg.
DSP Report: operator mac_muladd_8s_8s_16s_17_4_1_U83/attention_score_u55c_kernel_mac_muladd_8s_8s_16s_17_4_1_DSP48_0_U/m is absorbed into DSP mac_muladd_8s_8s_16s_17_4_1_U83/attention_score_u55c_kernel_mac_muladd_8s_8s_16s_17_4_1_DSP48_0_U/m_reg_reg.
DSP Report: Generating DSP mac_muladd_8s_8s_16s_17_4_1_U83/attention_score_u55c_kernel_mac_muladd_8s_8s_16s_17_4_1_DSP48_0_U/p_reg_reg, operation Mode is: (PCIN+(A2*B2)')'.
DSP Report: register q_tile_0_load_7_reg_4650_reg is absorbed into DSP mac_muladd_8s_8s_16s_17_4_1_U83/attention_score_u55c_kernel_mac_muladd_8s_8s_16s_17_4_1_DSP48_0_U/p_reg_reg.
DSP Report: register k_tile_0_load_7_reg_4970_reg is absorbed into DSP mac_muladd_8s_8s_16s_17_4_1_U83/attention_score_u55c_kernel_mac_muladd_8s_8s_16s_17_4_1_DSP48_0_U/p_reg_reg.
DSP Report: register mac_muladd_8s_8s_16s_17_4_1_U83/attention_score_u55c_kernel_mac_muladd_8s_8s_16s_17_4_1_DSP48_0_U/p_reg_reg is absorbed into DSP mac_muladd_8s_8s_16s_17_4_1_U83/attention_score_u55c_kernel_mac_muladd_8s_8s_16s_17_4_1_DSP48_0_U/p_reg_reg.
DSP Report: register mul_ln840_55_reg_5040_reg is absorbed into DSP mac_muladd_8s_8s_16s_17_4_1_U83/attention_score_u55c_kernel_mac_muladd_8s_8s_16s_17_4_1_DSP48_0_U/p_reg_reg.
DSP Report: operator mac_muladd_8s_8s_16s_17_4_1_U83/attention_score_u55c_kernel_mac_muladd_8s_8s_16s_17_4_1_DSP48_0_U/p is absorbed into DSP mac_muladd_8s_8s_16s_17_4_1_U83/attention_score_u55c_kernel_mac_muladd_8s_8s_16s_17_4_1_DSP48_0_U/p_reg_reg.
DSP Report: operator mul_8s_8s_16_1_1_U29/dout is absorbed into DSP mac_muladd_8s_8s_16s_17_4_1_U83/attention_score_u55c_kernel_mac_muladd_8s_8s_16s_17_4_1_DSP48_0_U/p_reg_reg.
DSP Report: Generating DSP mac_muladd_8s_8s_16s_17_4_1_U84/attention_score_u55c_kernel_mac_muladd_8s_8s_16s_17_4_1_DSP48_0_U/m_reg_reg, operation Mode is: (A2*B2)'.
DSP Report: register mac_muladd_8s_8s_16s_17_4_1_U84/attention_score_u55c_kernel_mac_muladd_8s_8s_16s_17_4_1_DSP48_0_U/b_reg_reg is absorbed into DSP mac_muladd_8s_8s_16s_17_4_1_U84/attention_score_u55c_kernel_mac_muladd_8s_8s_16s_17_4_1_DSP48_0_U/m_reg_reg.
DSP Report: register mac_muladd_8s_8s_16s_17_4_1_U84/attention_score_u55c_kernel_mac_muladd_8s_8s_16s_17_4_1_DSP48_0_U/a_reg_reg is absorbed into DSP mac_muladd_8s_8s_16s_17_4_1_U84/attention_score_u55c_kernel_mac_muladd_8s_8s_16s_17_4_1_DSP48_0_U/m_reg_reg.
DSP Report: register mac_muladd_8s_8s_16s_17_4_1_U84/attention_score_u55c_kernel_mac_muladd_8s_8s_16s_17_4_1_DSP48_0_U/m_reg_reg is absorbed into DSP mac_muladd_8s_8s_16s_17_4_1_U84/attention_score_u55c_kernel_mac_muladd_8s_8s_16s_17_4_1_DSP48_0_U/m_reg_reg.
DSP Report: operator mac_muladd_8s_8s_16s_17_4_1_U84/attention_score_u55c_kernel_mac_muladd_8s_8s_16s_17_4_1_DSP48_0_U/m is absorbed into DSP mac_muladd_8s_8s_16s_17_4_1_U84/attention_score_u55c_kernel_mac_muladd_8s_8s_16s_17_4_1_DSP48_0_U/m_reg_reg.
DSP Report: Generating DSP mac_muladd_8s_8s_16s_17_4_1_U84/attention_score_u55c_kernel_mac_muladd_8s_8s_16s_17_4_1_DSP48_0_U/p_reg_reg, operation Mode is: (PCIN+(A2*B2)')'.
DSP Report: register q_tile_2_load_7_reg_4660_reg is absorbed into DSP mac_muladd_8s_8s_16s_17_4_1_U84/attention_score_u55c_kernel_mac_muladd_8s_8s_16s_17_4_1_DSP48_0_U/p_reg_reg.
DSP Report: register k_tile_2_load_7_reg_4980_reg is absorbed into DSP mac_muladd_8s_8s_16s_17_4_1_U84/attention_score_u55c_kernel_mac_muladd_8s_8s_16s_17_4_1_DSP48_0_U/p_reg_reg.
DSP Report: register mac_muladd_8s_8s_16s_17_4_1_U84/attention_score_u55c_kernel_mac_muladd_8s_8s_16s_17_4_1_DSP48_0_U/p_reg_reg is absorbed into DSP mac_muladd_8s_8s_16s_17_4_1_U84/attention_score_u55c_kernel_mac_muladd_8s_8s_16s_17_4_1_DSP48_0_U/p_reg_reg.
DSP Report: register mul_ln840_57_reg_5045_reg is absorbed into DSP mac_muladd_8s_8s_16s_17_4_1_U84/attention_score_u55c_kernel_mac_muladd_8s_8s_16s_17_4_1_DSP48_0_U/p_reg_reg.
DSP Report: operator mac_muladd_8s_8s_16s_17_4_1_U84/attention_score_u55c_kernel_mac_muladd_8s_8s_16s_17_4_1_DSP48_0_U/p is absorbed into DSP mac_muladd_8s_8s_16s_17_4_1_U84/attention_score_u55c_kernel_mac_muladd_8s_8s_16s_17_4_1_DSP48_0_U/p_reg_reg.
DSP Report: operator mul_8s_8s_16_1_1_U30/dout is absorbed into DSP mac_muladd_8s_8s_16s_17_4_1_U84/attention_score_u55c_kernel_mac_muladd_8s_8s_16s_17_4_1_DSP48_0_U/p_reg_reg.
DSP Report: Generating DSP mac_muladd_8s_8s_16s_17_4_1_U85/attention_score_u55c_kernel_mac_muladd_8s_8s_16s_17_4_1_DSP48_0_U/m_reg_reg, operation Mode is: (A2*B2)'.
DSP Report: register mac_muladd_8s_8s_16s_17_4_1_U85/attention_score_u55c_kernel_mac_muladd_8s_8s_16s_17_4_1_DSP48_0_U/b_reg_reg is absorbed into DSP mac_muladd_8s_8s_16s_17_4_1_U85/attention_score_u55c_kernel_mac_muladd_8s_8s_16s_17_4_1_DSP48_0_U/m_reg_reg.
DSP Report: register mac_muladd_8s_8s_16s_17_4_1_U85/attention_score_u55c_kernel_mac_muladd_8s_8s_16s_17_4_1_DSP48_0_U/a_reg_reg is absorbed into DSP mac_muladd_8s_8s_16s_17_4_1_U85/attention_score_u55c_kernel_mac_muladd_8s_8s_16s_17_4_1_DSP48_0_U/m_reg_reg.
DSP Report: register mac_muladd_8s_8s_16s_17_4_1_U85/attention_score_u55c_kernel_mac_muladd_8s_8s_16s_17_4_1_DSP48_0_U/m_reg_reg is absorbed into DSP mac_muladd_8s_8s_16s_17_4_1_U85/attention_score_u55c_kernel_mac_muladd_8s_8s_16s_17_4_1_DSP48_0_U/m_reg_reg.
DSP Report: operator mac_muladd_8s_8s_16s_17_4_1_U85/attention_score_u55c_kernel_mac_muladd_8s_8s_16s_17_4_1_DSP48_0_U/m is absorbed into DSP mac_muladd_8s_8s_16s_17_4_1_U85/attention_score_u55c_kernel_mac_muladd_8s_8s_16s_17_4_1_DSP48_0_U/m_reg_reg.
DSP Report: Generating DSP mac_muladd_8s_8s_16s_17_4_1_U85/attention_score_u55c_kernel_mac_muladd_8s_8s_16s_17_4_1_DSP48_0_U/p_reg_reg, operation Mode is: (PCIN+(A2*B2)')'.
DSP Report: register q_tile_4_load_7_reg_4670_reg is absorbed into DSP mac_muladd_8s_8s_16s_17_4_1_U85/attention_score_u55c_kernel_mac_muladd_8s_8s_16s_17_4_1_DSP48_0_U/p_reg_reg.
DSP Report: register k_tile_4_load_7_reg_4990_reg is absorbed into DSP mac_muladd_8s_8s_16s_17_4_1_U85/attention_score_u55c_kernel_mac_muladd_8s_8s_16s_17_4_1_DSP48_0_U/p_reg_reg.
DSP Report: register mac_muladd_8s_8s_16s_17_4_1_U85/attention_score_u55c_kernel_mac_muladd_8s_8s_16s_17_4_1_DSP48_0_U/p_reg_reg is absorbed into DSP mac_muladd_8s_8s_16s_17_4_1_U85/attention_score_u55c_kernel_mac_muladd_8s_8s_16s_17_4_1_DSP48_0_U/p_reg_reg.
DSP Report: register mul_ln840_59_reg_5050_reg is absorbed into DSP mac_muladd_8s_8s_16s_17_4_1_U85/attention_score_u55c_kernel_mac_muladd_8s_8s_16s_17_4_1_DSP48_0_U/p_reg_reg.
DSP Report: operator mac_muladd_8s_8s_16s_17_4_1_U85/attention_score_u55c_kernel_mac_muladd_8s_8s_16s_17_4_1_DSP48_0_U/p is absorbed into DSP mac_muladd_8s_8s_16s_17_4_1_U85/attention_score_u55c_kernel_mac_muladd_8s_8s_16s_17_4_1_DSP48_0_U/p_reg_reg.
DSP Report: operator mul_8s_8s_16_1_1_U31/dout is absorbed into DSP mac_muladd_8s_8s_16s_17_4_1_U85/attention_score_u55c_kernel_mac_muladd_8s_8s_16s_17_4_1_DSP48_0_U/p_reg_reg.
DSP Report: Generating DSP mac_muladd_8s_8s_16s_17_4_1_U86/attention_score_u55c_kernel_mac_muladd_8s_8s_16s_17_4_1_DSP48_0_U/m_reg_reg, operation Mode is: (A2*B2)'.
DSP Report: register mac_muladd_8s_8s_16s_17_4_1_U86/attention_score_u55c_kernel_mac_muladd_8s_8s_16s_17_4_1_DSP48_0_U/b_reg_reg is absorbed into DSP mac_muladd_8s_8s_16s_17_4_1_U86/attention_score_u55c_kernel_mac_muladd_8s_8s_16s_17_4_1_DSP48_0_U/m_reg_reg.
DSP Report: register mac_muladd_8s_8s_16s_17_4_1_U86/attention_score_u55c_kernel_mac_muladd_8s_8s_16s_17_4_1_DSP48_0_U/a_reg_reg is absorbed into DSP mac_muladd_8s_8s_16s_17_4_1_U86/attention_score_u55c_kernel_mac_muladd_8s_8s_16s_17_4_1_DSP48_0_U/m_reg_reg.
DSP Report: register mac_muladd_8s_8s_16s_17_4_1_U86/attention_score_u55c_kernel_mac_muladd_8s_8s_16s_17_4_1_DSP48_0_U/m_reg_reg is absorbed into DSP mac_muladd_8s_8s_16s_17_4_1_U86/attention_score_u55c_kernel_mac_muladd_8s_8s_16s_17_4_1_DSP48_0_U/m_reg_reg.
DSP Report: operator mac_muladd_8s_8s_16s_17_4_1_U86/attention_score_u55c_kernel_mac_muladd_8s_8s_16s_17_4_1_DSP48_0_U/m is absorbed into DSP mac_muladd_8s_8s_16s_17_4_1_U86/attention_score_u55c_kernel_mac_muladd_8s_8s_16s_17_4_1_DSP48_0_U/m_reg_reg.
DSP Report: Generating DSP mac_muladd_8s_8s_16s_17_4_1_U86/attention_score_u55c_kernel_mac_muladd_8s_8s_16s_17_4_1_DSP48_0_U/p_reg_reg, operation Mode is: (PCIN+(A2*B2)')'.
DSP Report: register q_tile_6_load_7_reg_4680_reg is absorbed into DSP mac_muladd_8s_8s_16s_17_4_1_U86/attention_score_u55c_kernel_mac_muladd_8s_8s_16s_17_4_1_DSP48_0_U/p_reg_reg.
DSP Report: register k_tile_6_load_7_reg_5000_reg is absorbed into DSP mac_muladd_8s_8s_16s_17_4_1_U86/attention_score_u55c_kernel_mac_muladd_8s_8s_16s_17_4_1_DSP48_0_U/p_reg_reg.
DSP Report: register mac_muladd_8s_8s_16s_17_4_1_U86/attention_score_u55c_kernel_mac_muladd_8s_8s_16s_17_4_1_DSP48_0_U/p_reg_reg is absorbed into DSP mac_muladd_8s_8s_16s_17_4_1_U86/attention_score_u55c_kernel_mac_muladd_8s_8s_16s_17_4_1_DSP48_0_U/p_reg_reg.
DSP Report: register mul_ln840_61_reg_5055_reg is absorbed into DSP mac_muladd_8s_8s_16s_17_4_1_U86/attention_score_u55c_kernel_mac_muladd_8s_8s_16s_17_4_1_DSP48_0_U/p_reg_reg.
DSP Report: operator mac_muladd_8s_8s_16s_17_4_1_U86/attention_score_u55c_kernel_mac_muladd_8s_8s_16s_17_4_1_DSP48_0_U/p is absorbed into DSP mac_muladd_8s_8s_16s_17_4_1_U86/attention_score_u55c_kernel_mac_muladd_8s_8s_16s_17_4_1_DSP48_0_U/p_reg_reg.
DSP Report: operator mul_8s_8s_16_1_1_U32/dout is absorbed into DSP mac_muladd_8s_8s_16s_17_4_1_U86/attention_score_u55c_kernel_mac_muladd_8s_8s_16s_17_4_1_DSP48_0_U/p_reg_reg.
INFO: [Synth 8-6904] The RAM "inst/q_local_V_U/ram0_reg" of size (depth=64 x width=8) is automatically implemented using LUTRAM. BRAM implementation would be inefficient 
INFO: [Synth 8-6904] The RAM "inst/q_local_V_U/ram1_reg" of size (depth=64 x width=8) is automatically implemented using LUTRAM. BRAM implementation would be inefficient 
INFO: [Synth 8-6904] The RAM "inst/q_local_V_U/ram2_reg" of size (depth=64 x width=8) is automatically implemented using LUTRAM. BRAM implementation would be inefficient 
INFO: [Synth 8-6904] The RAM "inst/q_local_V_U/ram3_reg" of size (depth=64 x width=8) is automatically implemented using LUTRAM. BRAM implementation would be inefficient 
INFO: [Synth 8-6904] The RAM "inst/q_local_V_U/ram4_reg" of size (depth=64 x width=8) is automatically implemented using LUTRAM. BRAM implementation would be inefficient 
INFO: [Synth 8-6904] The RAM "inst/q_local_V_U/ram5_reg" of size (depth=64 x width=8) is automatically implemented using LUTRAM. BRAM implementation would be inefficient 
INFO: [Synth 8-6904] The RAM "inst/q_local_V_U/ram6_reg" of size (depth=64 x width=8) is automatically implemented using LUTRAM. BRAM implementation would be inefficient 
INFO: [Synth 8-6904] The RAM "inst/q_local_V_1_U/ram0_reg" of size (depth=64 x width=8) is automatically implemented using LUTRAM. BRAM implementation would be inefficient 
INFO: [Synth 8-6904] The RAM "inst/q_local_V_1_U/ram1_reg" of size (depth=64 x width=8) is automatically implemented using LUTRAM. BRAM implementation would be inefficient 
INFO: [Synth 8-6904] The RAM "inst/q_local_V_1_U/ram2_reg" of size (depth=64 x width=8) is automatically implemented using LUTRAM. BRAM implementation would be inefficient 
INFO: [Synth 8-6904] The RAM "inst/q_local_V_1_U/ram3_reg" of size (depth=64 x width=8) is automatically implemented using LUTRAM. BRAM implementation would be inefficient 
INFO: [Synth 8-6904] The RAM "inst/q_local_V_1_U/ram4_reg" of size (depth=64 x width=8) is automatically implemented using LUTRAM. BRAM implementation would be inefficient 
INFO: [Synth 8-6904] The RAM "inst/q_local_V_1_U/ram5_reg" of size (depth=64 x width=8) is automatically implemented using LUTRAM. BRAM implementation would be inefficient 
INFO: [Synth 8-6904] The RAM "inst/q_local_V_1_U/ram6_reg" of size (depth=64 x width=8) is automatically implemented using LUTRAM. BRAM implementation would be inefficient 
INFO: [Synth 8-6904] The RAM "inst/q_local_V_2_U/ram0_reg" of size (depth=64 x width=8) is automatically implemented using LUTRAM. BRAM implementation would be inefficient 
INFO: [Synth 8-6904] The RAM "inst/q_local_V_2_U/ram1_reg" of size (depth=64 x width=8) is automatically implemented using LUTRAM. BRAM implementation would be inefficient 
INFO: [Synth 8-6904] The RAM "inst/q_local_V_2_U/ram2_reg" of size (depth=64 x width=8) is automatically implemented using LUTRAM. BRAM implementation would be inefficient 
INFO: [Synth 8-6904] The RAM "inst/q_local_V_2_U/ram3_reg" of size (depth=64 x width=8) is automatically implemented using LUTRAM. BRAM implementation would be inefficient 
INFO: [Synth 8-6904] The RAM "inst/q_local_V_2_U/ram4_reg" of size (depth=64 x width=8) is automatically implemented using LUTRAM. BRAM implementation would be inefficient 
INFO: [Synth 8-6904] The RAM "inst/q_local_V_2_U/ram5_reg" of size (depth=64 x width=8) is automatically implemented using LUTRAM. BRAM implementation would be inefficient 
INFO: [Synth 8-6904] The RAM "inst/q_local_V_2_U/ram6_reg" of size (depth=64 x width=8) is automatically implemented using LUTRAM. BRAM implementation would be inefficient 
INFO: [Synth 8-6904] The RAM "inst/q_local_V_3_U/ram0_reg" of size (depth=64 x width=8) is automatically implemented using LUTRAM. BRAM implementation would be inefficient 
INFO: [Synth 8-6904] The RAM "inst/q_local_V_3_U/ram1_reg" of size (depth=64 x width=8) is automatically implemented using LUTRAM. BRAM implementation would be inefficient 
INFO: [Synth 8-6904] The RAM "inst/q_local_V_3_U/ram2_reg" of size (depth=64 x width=8) is automatically implemented using LUTRAM. BRAM implementation would be inefficient 
INFO: [Synth 8-6904] The RAM "inst/q_local_V_3_U/ram3_reg" of size (depth=64 x width=8) is automatically implemented using LUTRAM. BRAM implementation would be inefficient 
INFO: [Synth 8-6904] The RAM "inst/q_local_V_3_U/ram4_reg" of size (depth=64 x width=8) is automatically implemented using LUTRAM. BRAM implementation would be inefficient 
INFO: [Synth 8-6904] The RAM "inst/q_local_V_3_U/ram5_reg" of size (depth=64 x width=8) is automatically implemented using LUTRAM. BRAM implementation would be inefficient 
INFO: [Synth 8-6904] The RAM "inst/q_local_V_3_U/ram6_reg" of size (depth=64 x width=8) is automatically implemented using LUTRAM. BRAM implementation would be inefficient 
INFO: [Synth 8-6904] The RAM "inst/q_local_V_4_U/ram0_reg" of size (depth=64 x width=8) is automatically implemented using LUTRAM. BRAM implementation would be inefficient 
INFO: [Synth 8-6904] The RAM "inst/q_local_V_4_U/ram1_reg" of size (depth=64 x width=8) is automatically implemented using LUTRAM. BRAM implementation would be inefficient 
INFO: [Synth 8-6904] The RAM "inst/q_local_V_4_U/ram2_reg" of size (depth=64 x width=8) is automatically implemented using LUTRAM. BRAM implementation would be inefficient 
INFO: [Synth 8-6904] The RAM "inst/q_local_V_4_U/ram3_reg" of size (depth=64 x width=8) is automatically implemented using LUTRAM. BRAM implementation would be inefficient 
INFO: [Synth 8-6904] The RAM "inst/q_local_V_4_U/ram4_reg" of size (depth=64 x width=8) is automatically implemented using LUTRAM. BRAM implementation would be inefficient 
INFO: [Synth 8-6904] The RAM "inst/q_local_V_4_U/ram5_reg" of size (depth=64 x width=8) is automatically implemented using LUTRAM. BRAM implementation would be inefficient 
INFO: [Synth 8-6904] The RAM "inst/q_local_V_4_U/ram6_reg" of size (depth=64 x width=8) is automatically implemented using LUTRAM. BRAM implementation would be inefficient 
INFO: [Synth 8-6904] The RAM "inst/q_local_V_5_U/ram0_reg" of size (depth=64 x width=8) is automatically implemented using LUTRAM. BRAM implementation would be inefficient 
INFO: [Synth 8-6904] The RAM "inst/q_local_V_5_U/ram1_reg" of size (depth=64 x width=8) is automatically implemented using LUTRAM. BRAM implementation would be inefficient 
INFO: [Synth 8-6904] The RAM "inst/q_local_V_5_U/ram2_reg" of size (depth=64 x width=8) is automatically implemented using LUTRAM. BRAM implementation would be inefficient 
INFO: [Synth 8-6904] The RAM "inst/q_local_V_5_U/ram3_reg" of size (depth=64 x width=8) is automatically implemented using LUTRAM. BRAM implementation would be inefficient 
INFO: [Synth 8-6904] The RAM "inst/q_local_V_5_U/ram4_reg" of size (depth=64 x width=8) is automatically implemented using LUTRAM. BRAM implementation would be inefficient 
INFO: [Synth 8-6904] The RAM "inst/q_local_V_5_U/ram5_reg" of size (depth=64 x width=8) is automatically implemented using LUTRAM. BRAM implementation would be inefficient 
INFO: [Synth 8-6904] The RAM "inst/q_local_V_5_U/ram6_reg" of size (depth=64 x width=8) is automatically implemented using LUTRAM. BRAM implementation would be inefficient 
INFO: [Synth 8-6904] The RAM "inst/q_local_V_6_U/ram0_reg" of size (depth=64 x width=8) is automatically implemented using LUTRAM. BRAM implementation would be inefficient 
INFO: [Synth 8-6904] The RAM "inst/q_local_V_6_U/ram1_reg" of size (depth=64 x width=8) is automatically implemented using LUTRAM. BRAM implementation would be inefficient 
INFO: [Synth 8-6904] The RAM "inst/q_local_V_6_U/ram2_reg" of size (depth=64 x width=8) is automatically implemented using LUTRAM. BRAM implementation would be inefficient 
INFO: [Synth 8-6904] The RAM "inst/q_local_V_6_U/ram3_reg" of size (depth=64 x width=8) is automatically implemented using LUTRAM. BRAM implementation would be inefficient 
INFO: [Synth 8-6904] The RAM "inst/q_local_V_6_U/ram4_reg" of size (depth=64 x width=8) is automatically implemented using LUTRAM. BRAM implementation would be inefficient 
INFO: [Synth 8-6904] The RAM "inst/q_local_V_6_U/ram5_reg" of size (depth=64 x width=8) is automatically implemented using LUTRAM. BRAM implementation would be inefficient 
INFO: [Synth 8-6904] The RAM "inst/q_local_V_6_U/ram6_reg" of size (depth=64 x width=8) is automatically implemented using LUTRAM. BRAM implementation would be inefficient 
INFO: [Synth 8-6904] The RAM "inst/q_local_V_7_U/ram0_reg" of size (depth=64 x width=8) is automatically implemented using LUTRAM. BRAM implementation would be inefficient 
INFO: [Synth 8-6904] The RAM "inst/q_local_V_7_U/ram1_reg" of size (depth=64 x width=8) is automatically implemented using LUTRAM. BRAM implementation would be inefficient 
INFO: [Synth 8-6904] The RAM "inst/q_local_V_7_U/ram2_reg" of size (depth=64 x width=8) is automatically implemented using LUTRAM. BRAM implementation would be inefficient 
INFO: [Synth 8-6904] The RAM "inst/q_local_V_7_U/ram3_reg" of size (depth=64 x width=8) is automatically implemented using LUTRAM. BRAM implementation would be inefficient 
INFO: [Synth 8-6904] The RAM "inst/q_local_V_7_U/ram4_reg" of size (depth=64 x width=8) is automatically implemented using LUTRAM. BRAM implementation would be inefficient 
INFO: [Synth 8-6904] The RAM "inst/q_local_V_7_U/ram5_reg" of size (depth=64 x width=8) is automatically implemented using LUTRAM. BRAM implementation would be inefficient 
INFO: [Synth 8-6904] The RAM "inst/q_local_V_7_U/ram6_reg" of size (depth=64 x width=8) is automatically implemented using LUTRAM. BRAM implementation would be inefficient 
RAM ("inst/k_local_V_U/ram0_reg") is too shallow (depth = 512) to use URAM. Choosing BRAM instead of URAM 
INFO: [Synth 8-7030] Implemented Non-Cascaded Block Ram (cascade_height = 1) of width 8 for RAM "inst/k_local_V_U/ram0_reg"
RAM ("inst/k_local_V_U/ram1_reg") is too shallow (depth = 512) to use URAM. Choosing BRAM instead of URAM 
INFO: [Synth 8-7030] Implemented Non-Cascaded Block Ram (cascade_height = 1) of width 8 for RAM "inst/k_local_V_U/ram1_reg"
RAM ("inst/k_local_V_U/ram2_reg") is too shallow (depth = 512) to use URAM. Choosing BRAM instead of URAM 
INFO: [Synth 8-7030] Implemented Non-Cascaded Block Ram (cascade_height = 1) of width 8 for RAM "inst/k_local_V_U/ram2_reg"
RAM ("inst/k_local_V_U/ram3_reg") is too shallow (depth = 512) to use URAM. Choosing BRAM instead of URAM 
INFO: [Synth 8-7030] Implemented Non-Cascaded Block Ram (cascade_height = 1) of width 8 for RAM "inst/k_local_V_U/ram3_reg"
RAM ("inst/k_local_V_U/ram4_reg") is too shallow (depth = 512) to use URAM. Choosing BRAM instead of URAM 
INFO: [Synth 8-7030] Implemented Non-Cascaded Block Ram (cascade_height = 1) of width 8 for RAM "inst/k_local_V_U/ram4_reg"
RAM ("inst/k_local_V_U/ram5_reg") is too shallow (depth = 512) to use URAM. Choosing BRAM instead of URAM 
INFO: [Synth 8-7030] Implemented Non-Cascaded Block Ram (cascade_height = 1) of width 8 for RAM "inst/k_local_V_U/ram5_reg"
RAM ("inst/k_local_V_U/ram6_reg") is too shallow (depth = 512) to use URAM. Choosing BRAM instead of URAM 
INFO: [Synth 8-7030] Implemented Non-Cascaded Block Ram (cascade_height = 1) of width 8 for RAM "inst/k_local_V_U/ram6_reg"
RAM ("inst/k_local_V_1_U/ram0_reg") is too shallow (depth = 512) to use URAM. Choosing BRAM instead of URAM 
INFO: [Synth 8-7030] Implemented Non-Cascaded Block Ram (cascade_height = 1) of width 8 for RAM "inst/k_local_V_1_U/ram0_reg"
RAM ("inst/k_local_V_1_U/ram1_reg") is too shallow (depth = 512) to use URAM. Choosing BRAM instead of URAM 
INFO: [Synth 8-7030] Implemented Non-Cascaded Block Ram (cascade_height = 1) of width 8 for RAM "inst/k_local_V_1_U/ram1_reg"
RAM ("inst/k_local_V_1_U/ram2_reg") is too shallow (depth = 512) to use URAM. Choosing BRAM instead of URAM 
INFO: [Synth 8-7030] Implemented Non-Cascaded Block Ram (cascade_height = 1) of width 8 for RAM "inst/k_local_V_1_U/ram2_reg"
RAM ("inst/k_local_V_1_U/ram3_reg") is too shallow (depth = 512) to use URAM. Choosing BRAM instead of URAM 
INFO: [Synth 8-7030] Implemented Non-Cascaded Block Ram (cascade_height = 1) of width 8 for RAM "inst/k_local_V_1_U/ram3_reg"
RAM ("inst/k_local_V_1_U/ram4_reg") is too shallow (depth = 512) to use URAM. Choosing BRAM instead of URAM 
INFO: [Synth 8-7030] Implemented Non-Cascaded Block Ram (cascade_height = 1) of width 8 for RAM "inst/k_local_V_1_U/ram4_reg"
RAM ("inst/k_local_V_1_U/ram5_reg") is too shallow (depth = 512) to use URAM. Choosing BRAM instead of URAM 
INFO: [Synth 8-7030] Implemented Non-Cascaded Block Ram (cascade_height = 1) of width 8 for RAM "inst/k_local_V_1_U/ram5_reg"
RAM ("inst/k_local_V_1_U/ram6_reg") is too shallow (depth = 512) to use URAM. Choosing BRAM instead of URAM 
INFO: [Synth 8-7030] Implemented Non-Cascaded Block Ram (cascade_height = 1) of width 8 for RAM "inst/k_local_V_1_U/ram6_reg"
RAM ("inst/k_local_V_2_U/ram0_reg") is too shallow (depth = 512) to use URAM. Choosing BRAM instead of URAM 
INFO: [Synth 8-7030] Implemented Non-Cascaded Block Ram (cascade_height = 1) of width 8 for RAM "inst/k_local_V_2_U/ram0_reg"
RAM ("inst/k_local_V_2_U/ram1_reg") is too shallow (depth = 512) to use URAM. Choosing BRAM instead of URAM 
INFO: [Synth 8-7030] Implemented Non-Cascaded Block Ram (cascade_height = 1) of width 8 for RAM "inst/k_local_V_2_U/ram1_reg"
RAM ("inst/k_local_V_2_U/ram2_reg") is too shallow (depth = 512) to use URAM. Choosing BRAM instead of URAM 
INFO: [Synth 8-7030] Implemented Non-Cascaded Block Ram (cascade_height = 1) of width 8 for RAM "inst/k_local_V_2_U/ram2_reg"
RAM ("inst/k_local_V_2_U/ram3_reg") is too shallow (depth = 512) to use URAM. Choosing BRAM instead of URAM 
INFO: [Synth 8-7030] Implemented Non-Cascaded Block Ram (cascade_height = 1) of width 8 for RAM "inst/k_local_V_2_U/ram3_reg"
RAM ("inst/k_local_V_2_U/ram4_reg") is too shallow (depth = 512) to use URAM. Choosing BRAM instead of URAM 
INFO: [Synth 8-7030] Implemented Non-Cascaded Block Ram (cascade_height = 1) of width 8 for RAM "inst/k_local_V_2_U/ram4_reg"
RAM ("inst/k_local_V_2_U/ram5_reg") is too shallow (depth = 512) to use URAM. Choosing BRAM instead of URAM 
INFO: [Synth 8-7030] Implemented Non-Cascaded Block Ram (cascade_height = 1) of width 8 for RAM "inst/k_local_V_2_U/ram5_reg"
RAM ("inst/k_local_V_2_U/ram6_reg") is too shallow (depth = 512) to use URAM. Choosing BRAM instead of URAM 
INFO: [Synth 8-7030] Implemented Non-Cascaded Block Ram (cascade_height = 1) of width 8 for RAM "inst/k_local_V_2_U/ram6_reg"
RAM ("inst/k_local_V_3_U/ram0_reg") is too shallow (depth = 512) to use URAM. Choosing BRAM instead of URAM 
INFO: [Synth 8-7030] Implemented Non-Cascaded Block Ram (cascade_height = 1) of width 8 for RAM "inst/k_local_V_3_U/ram0_reg"
RAM ("inst/k_local_V_3_U/ram1_reg") is too shallow (depth = 512) to use URAM. Choosing BRAM instead of URAM 
INFO: [Synth 8-7030] Implemented Non-Cascaded Block Ram (cascade_height = 1) of width 8 for RAM "inst/k_local_V_3_U/ram1_reg"
RAM ("inst/k_local_V_3_U/ram2_reg") is too shallow (depth = 512) to use URAM. Choosing BRAM instead of URAM 
INFO: [Synth 8-7030] Implemented Non-Cascaded Block Ram (cascade_height = 1) of width 8 for RAM "inst/k_local_V_3_U/ram2_reg"
RAM ("inst/k_local_V_3_U/ram3_reg") is too shallow (depth = 512) to use URAM. Choosing BRAM instead of URAM 
INFO: [Synth 8-7030] Implemented Non-Cascaded Block Ram (cascade_height = 1) of width 8 for RAM "inst/k_local_V_3_U/ram3_reg"
RAM ("inst/k_local_V_3_U/ram4_reg") is too shallow (depth = 512) to use URAM. Choosing BRAM instead of URAM 
INFO: [Synth 8-7030] Implemented Non-Cascaded Block Ram (cascade_height = 1) of width 8 for RAM "inst/k_local_V_3_U/ram4_reg"
RAM ("inst/k_local_V_3_U/ram5_reg") is too shallow (depth = 512) to use URAM. Choosing BRAM instead of URAM 
INFO: [Synth 8-7030] Implemented Non-Cascaded Block Ram (cascade_height = 1) of width 8 for RAM "inst/k_local_V_3_U/ram5_reg"
RAM ("inst/k_local_V_3_U/ram6_reg") is too shallow (depth = 512) to use URAM. Choosing BRAM instead of URAM 
INFO: [Synth 8-7030] Implemented Non-Cascaded Block Ram (cascade_height = 1) of width 8 for RAM "inst/k_local_V_3_U/ram6_reg"
RAM ("inst/k_local_V_4_U/ram0_reg") is too shallow (depth = 512) to use URAM. Choosing BRAM instead of URAM 
INFO: [Synth 8-7030] Implemented Non-Cascaded Block Ram (cascade_height = 1) of width 8 for RAM "inst/k_local_V_4_U/ram0_reg"
RAM ("inst/k_local_V_4_U/ram1_reg") is too shallow (depth = 512) to use URAM. Choosing BRAM instead of URAM 
INFO: [Synth 8-7030] Implemented Non-Cascaded Block Ram (cascade_height = 1) of width 8 for RAM "inst/k_local_V_4_U/ram1_reg"
RAM ("inst/k_local_V_4_U/ram2_reg") is too shallow (depth = 512) to use URAM. Choosing BRAM instead of URAM 
INFO: [Synth 8-7030] Implemented Non-Cascaded Block Ram (cascade_height = 1) of width 8 for RAM "inst/k_local_V_4_U/ram2_reg"
RAM ("inst/k_local_V_4_U/ram3_reg") is too shallow (depth = 512) to use URAM. Choosing BRAM instead of URAM 
INFO: [Synth 8-7030] Implemented Non-Cascaded Block Ram (cascade_height = 1) of width 8 for RAM "inst/k_local_V_4_U/ram3_reg"
RAM ("inst/k_local_V_4_U/ram4_reg") is too shallow (depth = 512) to use URAM. Choosing BRAM instead of URAM 
INFO: [Synth 8-7030] Implemented Non-Cascaded Block Ram (cascade_height = 1) of width 8 for RAM "inst/k_local_V_4_U/ram4_reg"
RAM ("inst/k_local_V_4_U/ram5_reg") is too shallow (depth = 512) to use URAM. Choosing BRAM instead of URAM 
INFO: [Synth 8-7030] Implemented Non-Cascaded Block Ram (cascade_height = 1) of width 8 for RAM "inst/k_local_V_4_U/ram5_reg"
RAM ("inst/k_local_V_4_U/ram6_reg") is too shallow (depth = 512) to use URAM. Choosing BRAM instead of URAM 
INFO: [Synth 8-7030] Implemented Non-Cascaded Block Ram (cascade_height = 1) of width 8 for RAM "inst/k_local_V_4_U/ram6_reg"
RAM ("inst/k_local_V_5_U/ram0_reg") is too shallow (depth = 512) to use URAM. Choosing BRAM instead of URAM 
INFO: [Synth 8-7030] Implemented Non-Cascaded Block Ram (cascade_height = 1) of width 8 for RAM "inst/k_local_V_5_U/ram0_reg"
RAM ("inst/k_local_V_5_U/ram1_reg") is too shallow (depth = 512) to use URAM. Choosing BRAM instead of URAM 
INFO: [Synth 8-7030] Implemented Non-Cascaded Block Ram (cascade_height = 1) of width 8 for RAM "inst/k_local_V_5_U/ram1_reg"
RAM ("inst/k_local_V_5_U/ram2_reg") is too shallow (depth = 512) to use URAM. Choosing BRAM instead of URAM 
INFO: [Synth 8-7030] Implemented Non-Cascaded Block Ram (cascade_height = 1) of width 8 for RAM "inst/k_local_V_5_U/ram2_reg"
RAM ("inst/k_local_V_5_U/ram3_reg") is too shallow (depth = 512) to use URAM. Choosing BRAM instead of URAM 
INFO: [Synth 8-7030] Implemented Non-Cascaded Block Ram (cascade_height = 1) of width 8 for RAM "inst/k_local_V_5_U/ram3_reg"
RAM ("inst/k_local_V_5_U/ram4_reg") is too shallow (depth = 512) to use URAM. Choosing BRAM instead of URAM 
INFO: [Synth 8-7030] Implemented Non-Cascaded Block Ram (cascade_height = 1) of width 8 for RAM "inst/k_local_V_5_U/ram4_reg"
RAM ("inst/k_local_V_5_U/ram5_reg") is too shallow (depth = 512) to use URAM. Choosing BRAM instead of URAM 
INFO: [Synth 8-7030] Implemented Non-Cascaded Block Ram (cascade_height = 1) of width 8 for RAM "inst/k_local_V_5_U/ram5_reg"
RAM ("inst/k_local_V_5_U/ram6_reg") is too shallow (depth = 512) to use URAM. Choosing BRAM instead of URAM 
INFO: [Synth 8-7030] Implemented Non-Cascaded Block Ram (cascade_height = 1) of width 8 for RAM "inst/k_local_V_5_U/ram6_reg"
RAM ("inst/k_local_V_6_U/ram0_reg") is too shallow (depth = 512) to use URAM. Choosing BRAM instead of URAM 
INFO: [Synth 8-7030] Implemented Non-Cascaded Block Ram (cascade_height = 1) of width 8 for RAM "inst/k_local_V_6_U/ram0_reg"
RAM ("inst/k_local_V_6_U/ram1_reg") is too shallow (depth = 512) to use URAM. Choosing BRAM instead of URAM 
INFO: [Synth 8-7030] Implemented Non-Cascaded Block Ram (cascade_height = 1) of width 8 for RAM "inst/k_local_V_6_U/ram1_reg"
RAM ("inst/k_local_V_6_U/ram2_reg") is too shallow (depth = 512) to use URAM. Choosing BRAM instead of URAM 
INFO: [Synth 8-7030] Implemented Non-Cascaded Block Ram (cascade_height = 1) of width 8 for RAM "inst/k_local_V_6_U/ram2_reg"
RAM ("inst/k_local_V_6_U/ram3_reg") is too shallow (depth = 512) to use URAM. Choosing BRAM instead of URAM 
INFO: [Synth 8-7030] Implemented Non-Cascaded Block Ram (cascade_height = 1) of width 8 for RAM "inst/k_local_V_6_U/ram3_reg"
RAM ("inst/k_local_V_6_U/ram4_reg") is too shallow (depth = 512) to use URAM. Choosing BRAM instead of URAM 
INFO: [Synth 8-7030] Implemented Non-Cascaded Block Ram (cascade_height = 1) of width 8 for RAM "inst/k_local_V_6_U/ram4_reg"
RAM ("inst/k_local_V_6_U/ram5_reg") is too shallow (depth = 512) to use URAM. Choosing BRAM instead of URAM 
INFO: [Synth 8-7030] Implemented Non-Cascaded Block Ram (cascade_height = 1) of width 8 for RAM "inst/k_local_V_6_U/ram5_reg"
RAM ("inst/k_local_V_6_U/ram6_reg") is too shallow (depth = 512) to use URAM. Choosing BRAM instead of URAM 
INFO: [Synth 8-7030] Implemented Non-Cascaded Block Ram (cascade_height = 1) of width 8 for RAM "inst/k_local_V_6_U/ram6_reg"
RAM ("inst/k_local_V_7_U/ram0_reg") is too shallow (depth = 512) to use URAM. Choosing BRAM instead of URAM 
INFO: [Synth 8-7030] Implemented Non-Cascaded Block Ram (cascade_height = 1) of width 8 for RAM "inst/k_local_V_7_U/ram0_reg"
RAM ("inst/k_local_V_7_U/ram1_reg") is too shallow (depth = 512) to use URAM. Choosing BRAM instead of URAM 
INFO: [Synth 8-7030] Implemented Non-Cascaded Block Ram (cascade_height = 1) of width 8 for RAM "inst/k_local_V_7_U/ram1_reg"
RAM ("inst/k_local_V_7_U/ram2_reg") is too shallow (depth = 512) to use URAM. Choosing BRAM instead of URAM 
INFO: [Synth 8-7030] Implemented Non-Cascaded Block Ram (cascade_height = 1) of width 8 for RAM "inst/k_local_V_7_U/ram2_reg"
RAM ("inst/k_local_V_7_U/ram3_reg") is too shallow (depth = 512) to use URAM. Choosing BRAM instead of URAM 
INFO: [Synth 8-7030] Implemented Non-Cascaded Block Ram (cascade_height = 1) of width 8 for RAM "inst/k_local_V_7_U/ram3_reg"
RAM ("inst/k_local_V_7_U/ram4_reg") is too shallow (depth = 512) to use URAM. Choosing BRAM instead of URAM 
INFO: [Synth 8-7030] Implemented Non-Cascaded Block Ram (cascade_height = 1) of width 8 for RAM "inst/k_local_V_7_U/ram4_reg"
RAM ("inst/k_local_V_7_U/ram5_reg") is too shallow (depth = 512) to use URAM. Choosing BRAM instead of URAM 
INFO: [Synth 8-7030] Implemented Non-Cascaded Block Ram (cascade_height = 1) of width 8 for RAM "inst/k_local_V_7_U/ram5_reg"
RAM ("inst/k_local_V_7_U/ram6_reg") is too shallow (depth = 512) to use URAM. Choosing BRAM instead of URAM 
INFO: [Synth 8-7030] Implemented Non-Cascaded Block Ram (cascade_height = 1) of width 8 for RAM "inst/k_local_V_7_U/ram6_reg"
RAM ("inst/score_local_U/ram_reg") is too shallow (depth = 512) to use URAM. Choosing BRAM instead of URAM 
INFO: [Synth 8-5784] Optimized 576 bits of RAM "buff_wdata/U_fifo_mem/mem_reg" due to constant propagation. Old ram width 576 bits, new ram width 0 bits.
WARNING: [Synth 8-5785] Removed RAM "buff_wdata/U_fifo_mem/mem_reg" due to constant propagation. Write data stuck at zero 
INFO: [Synth 8-6904] The RAM "inst/q_local_V_U/ram0_reg" of size (depth=64 x width=8) is automatically implemented using LUTRAM. BRAM implementation would be inefficient 
INFO: [Synth 8-6904] The RAM "inst/q_local_V_U/ram1_reg" of size (depth=64 x width=8) is automatically implemented using LUTRAM. BRAM implementation would be inefficient 
INFO: [Synth 8-6904] The RAM "inst/q_local_V_U/ram2_reg" of size (depth=64 x width=8) is automatically implemented using LUTRAM. BRAM implementation would be inefficient 
INFO: [Synth 8-6904] The RAM "inst/q_local_V_U/ram3_reg" of size (depth=64 x width=8) is automatically implemented using LUTRAM. BRAM implementation would be inefficient 
INFO: [Synth 8-6904] The RAM "inst/q_local_V_U/ram4_reg" of size (depth=64 x width=8) is automatically implemented using LUTRAM. BRAM implementation would be inefficient 
INFO: [Synth 8-6904] The RAM "inst/q_local_V_U/ram5_reg" of size (depth=64 x width=8) is automatically implemented using LUTRAM. BRAM implementation would be inefficient 
INFO: [Synth 8-6904] The RAM "inst/q_local_V_U/ram6_reg" of size (depth=64 x width=8) is automatically implemented using LUTRAM. BRAM implementation would be inefficient 
INFO: [Synth 8-6904] The RAM "inst/q_local_V_1_U/ram0_reg" of size (depth=64 x width=8) is automatically implemented using LUTRAM. BRAM implementation would be inefficient 
INFO: [Synth 8-6904] The RAM "inst/q_local_V_1_U/ram1_reg" of size (depth=64 x width=8) is automatically implemented using LUTRAM. BRAM implementation would be inefficient 
INFO: [Synth 8-6904] The RAM "inst/q_local_V_1_U/ram2_reg" of size (depth=64 x width=8) is automatically implemented using LUTRAM. BRAM implementation would be inefficient 
INFO: [Synth 8-6904] The RAM "inst/q_local_V_1_U/ram3_reg" of size (depth=64 x width=8) is automatically implemented using LUTRAM. BRAM implementation would be inefficient 
INFO: [Synth 8-6904] The RAM "inst/q_local_V_1_U/ram4_reg" of size (depth=64 x width=8) is automatically implemented using LUTRAM. BRAM implementation would be inefficient 
INFO: [Synth 8-6904] The RAM "inst/q_local_V_1_U/ram5_reg" of size (depth=64 x width=8) is automatically implemented using LUTRAM. BRAM implementation would be inefficient 
INFO: [Synth 8-6904] The RAM "inst/q_local_V_1_U/ram6_reg" of size (depth=64 x width=8) is automatically implemented using LUTRAM. BRAM implementation would be inefficient 
INFO: [Synth 8-6904] The RAM "inst/q_local_V_2_U/ram0_reg" of size (depth=64 x width=8) is automatically implemented using LUTRAM. BRAM implementation would be inefficient 
INFO: [Synth 8-6904] The RAM "inst/q_local_V_2_U/ram1_reg" of size (depth=64 x width=8) is automatically implemented using LUTRAM. BRAM implementation would be inefficient 
INFO: [Synth 8-6904] The RAM "inst/q_local_V_2_U/ram2_reg" of size (depth=64 x width=8) is automatically implemented using LUTRAM. BRAM implementation would be inefficient 
INFO: [Synth 8-6904] The RAM "inst/q_local_V_2_U/ram3_reg" of size (depth=64 x width=8) is automatically implemented using LUTRAM. BRAM implementation would be inefficient 
INFO: [Synth 8-6904] The RAM "inst/q_local_V_2_U/ram4_reg" of size (depth=64 x width=8) is automatically implemented using LUTRAM. BRAM implementation would be inefficient 
INFO: [Synth 8-6904] The RAM "inst/q_local_V_2_U/ram5_reg" of size (depth=64 x width=8) is automatically implemented using LUTRAM. BRAM implementation would be inefficient 
INFO: [Synth 8-6904] The RAM "inst/q_local_V_2_U/ram6_reg" of size (depth=64 x width=8) is automatically implemented using LUTRAM. BRAM implementation would be inefficient 
INFO: [Synth 8-6904] The RAM "inst/q_local_V_3_U/ram0_reg" of size (depth=64 x width=8) is automatically implemented using LUTRAM. BRAM implementation would be inefficient 
INFO: [Synth 8-6904] The RAM "inst/q_local_V_3_U/ram1_reg" of size (depth=64 x width=8) is automatically implemented using LUTRAM. BRAM implementation would be inefficient 
INFO: [Synth 8-6904] The RAM "inst/q_local_V_3_U/ram2_reg" of size (depth=64 x width=8) is automatically implemented using LUTRAM. BRAM implementation would be inefficient 
INFO: [Synth 8-6904] The RAM "inst/q_local_V_3_U/ram3_reg" of size (depth=64 x width=8) is automatically implemented using LUTRAM. BRAM implementation would be inefficient 
INFO: [Synth 8-6904] The RAM "inst/q_local_V_3_U/ram4_reg" of size (depth=64 x width=8) is automatically implemented using LUTRAM. BRAM implementation would be inefficient 
INFO: [Synth 8-6904] The RAM "inst/q_local_V_3_U/ram5_reg" of size (depth=64 x width=8) is automatically implemented using LUTRAM. BRAM implementation would be inefficient 
INFO: [Synth 8-6904] The RAM "inst/q_local_V_3_U/ram6_reg" of size (depth=64 x width=8) is automatically implemented using LUTRAM. BRAM implementation would be inefficient 
INFO: [Synth 8-6904] The RAM "inst/q_local_V_4_U/ram0_reg" of size (depth=64 x width=8) is automatically implemented using LUTRAM. BRAM implementation would be inefficient 
INFO: [Synth 8-6904] The RAM "inst/q_local_V_4_U/ram1_reg" of size (depth=64 x width=8) is automatically implemented using LUTRAM. BRAM implementation would be inefficient 
INFO: [Synth 8-6904] The RAM "inst/q_local_V_4_U/ram2_reg" of size (depth=64 x width=8) is automatically implemented using LUTRAM. BRAM implementation would be inefficient 
INFO: [Synth 8-6904] The RAM "inst/q_local_V_4_U/ram3_reg" of size (depth=64 x width=8) is automatically implemented using LUTRAM. BRAM implementation would be inefficient 
INFO: [Synth 8-6904] The RAM "inst/q_local_V_4_U/ram4_reg" of size (depth=64 x width=8) is automatically implemented using LUTRAM. BRAM implementation would be inefficient 
INFO: [Synth 8-6904] The RAM "inst/q_local_V_4_U/ram5_reg" of size (depth=64 x width=8) is automatically implemented using LUTRAM. BRAM implementation would be inefficient 
INFO: [Synth 8-6904] The RAM "inst/q_local_V_4_U/ram6_reg" of size (depth=64 x width=8) is automatically implemented using LUTRAM. BRAM implementation would be inefficient 
INFO: [Synth 8-6904] The RAM "inst/q_local_V_5_U/ram0_reg" of size (depth=64 x width=8) is automatically implemented using LUTRAM. BRAM implementation would be inefficient 
INFO: [Synth 8-6904] The RAM "inst/q_local_V_5_U/ram1_reg" of size (depth=64 x width=8) is automatically implemented using LUTRAM. BRAM implementation would be inefficient 
INFO: [Common 17-14] Message 'Synth 8-6904' appears 100 times and further instances of the messages will be disabled. Use the Tcl command set_msg_config to change the current settings.
INFO: [Synth 8-5784] Optimized 576 bits of RAM "buff_wdata/U_fifo_mem/mem_reg" due to constant propagation. Old ram width 576 bits, new ram width 0 bits.
WARNING: [Synth 8-5785] Removed RAM "buff_wdata/U_fifo_mem/mem_reg" due to constant propagation. Write data stuck at zero 
WARNING: [Synth 8-3332] Sequential element (rs_wreq/FSM_sequential_state_reg[1]) is unused and will be removed from module attention_score_u55c_kernel_gmem1_m_axi_write.
WARNING: [Synth 8-3332] Sequential element (rs_wreq/FSM_sequential_state_reg[0]) is unused and will be removed from module attention_score_u55c_kernel_gmem1_m_axi_write.
WARNING: [Synth 8-3332] Sequential element (wreq_throttle/rs_req/FSM_sequential_state_reg[1]) is unused and will be removed from module attention_score_u55c_kernel_gmem1_m_axi_write.
WARNING: [Synth 8-3332] Sequential element (wreq_throttle/rs_req/FSM_sequential_state_reg[0]) is unused and will be removed from module attention_score_u55c_kernel_gmem1_m_axi_write.
WARNING: [Synth 8-3332] Sequential element (rs_wreq/FSM_sequential_state_reg[1]) is unused and will be removed from module attention_score_u55c_kernel_gmem0_m_axi_write.
WARNING: [Synth 8-3332] Sequential element (rs_wreq/FSM_sequential_state_reg[0]) is unused and will be removed from module attention_score_u55c_kernel_gmem0_m_axi_write.
WARNING: [Synth 8-3332] Sequential element (wreq_throttle/rs_req/FSM_sequential_state_reg[1]) is unused and will be removed from module attention_score_u55c_kernel_gmem0_m_axi_write.
WARNING: [Synth 8-3332] Sequential element (wreq_throttle/rs_req/FSM_sequential_state_reg[0]) is unused and will be removed from module attention_score_u55c_kernel_gmem0_m_axi_write.
WARNING: [Synth 8-3332] Sequential element (rs_rreq/FSM_sequential_state_reg[1]) is unused and will be removed from module attention_score_u55c_kernel_gmem2_m_axi_read.
WARNING: [Synth 8-3332] Sequential element (rs_rreq/FSM_sequential_state_reg[0]) is unused and will be removed from module attention_score_u55c_kernel_gmem2_m_axi_read.
---------------------------------------------------------------------------------
Finished Cross Boundary and Area Optimization : Time (s): cpu = 00:00:49 ; elapsed = 00:00:51 . Memory (MB): peak = 3595.363 ; gain = 864.020 ; free physical = 3656 ; free virtual = 8720
Synthesis current peak Physical Memory [PSS] (MB): peak = 2560.536; parent = 2416.960; children = 172.293
Synthesis current peak Virtual Memory [VSS] (MB): peak = 4565.129; parent = 3595.367; children = 969.762
---------------------------------------------------------------------------------
---------------------------------------------------------------------------------
Start ROM, RAM, DSP, Shift Register and Retiming Reporting
---------------------------------------------------------------------------------

Block RAM: Preliminary Mapping Report (see note below)
+----------------------------------+-------------------------------+------------------------+---+---+------------------------+---+---+------------------+--------+--------+-----------------+
|Module Name                       | RTL Object                    | PORT A (Depth x Width) | W | R | PORT B (Depth x Width) | W | R | Ports driving FF | RAMB18 | RAMB36 | Cascade Heights | 
+----------------------------------+-------------------------------+------------------------+---+---+------------------------+---+---+------------------+--------+--------+-----------------+
|inst                              | k_local_V_U/ram0_reg          | 512 x 8(READ_FIRST)    | W | R | 512 x 8(WRITE_FIRST)   |   | R | Port A and B     | 1      | 0      | 1               | 
|inst                              | k_local_V_U/ram1_reg          | 512 x 8(WRITE_FIRST)   |   | R | 512 x 8(READ_FIRST)    | W |   | Port A and B     | 1      | 0      | 1               | 
|inst                              | k_local_V_U/ram2_reg          | 512 x 8(WRITE_FIRST)   |   | R | 512 x 8(READ_FIRST)    | W |   | Port A and B     | 1      | 0      | 1               | 
|inst                              | k_local_V_U/ram3_reg          | 512 x 8(WRITE_FIRST)   |   | R | 512 x 8(READ_FIRST)    | W |   | Port A and B     | 1      | 0      | 1               | 
|inst                              | k_local_V_U/ram4_reg          | 512 x 8(WRITE_FIRST)   |   | R | 512 x 8(READ_FIRST)    | W |   | Port A and B     | 1      | 0      | 1               | 
|inst                              | k_local_V_U/ram5_reg          | 512 x 8(WRITE_FIRST)   |   | R | 512 x 8(READ_FIRST)    | W |   | Port A and B     | 1      | 0      | 1               | 
|inst                              | k_local_V_U/ram6_reg          | 512 x 8(WRITE_FIRST)   |   | R | 512 x 8(READ_FIRST)    | W |   | Port A and B     | 1      | 0      | 1               | 
|inst                              | k_local_V_1_U/ram0_reg        | 512 x 8(READ_FIRST)    | W | R | 512 x 8(WRITE_FIRST)   |   | R | Port A and B     | 1      | 0      | 1               | 
|inst                              | k_local_V_1_U/ram1_reg        | 512 x 8(WRITE_FIRST)   |   | R | 512 x 8(READ_FIRST)    | W |   | Port A and B     | 1      | 0      | 1               | 
|inst                              | k_local_V_1_U/ram2_reg        | 512 x 8(WRITE_FIRST)   |   | R | 512 x 8(READ_FIRST)    | W |   | Port A and B     | 1      | 0      | 1               | 
|inst                              | k_local_V_1_U/ram3_reg        | 512 x 8(WRITE_FIRST)   |   | R | 512 x 8(READ_FIRST)    | W |   | Port A and B     | 1      | 0      | 1               | 
|inst                              | k_local_V_1_U/ram4_reg        | 512 x 8(WRITE_FIRST)   |   | R | 512 x 8(READ_FIRST)    | W |   | Port A and B     | 1      | 0      | 1               | 
|inst                              | k_local_V_1_U/ram5_reg        | 512 x 8(WRITE_FIRST)   |   | R | 512 x 8(READ_FIRST)    | W |   | Port A and B     | 1      | 0      | 1               | 
|inst                              | k_local_V_1_U/ram6_reg        | 512 x 8(WRITE_FIRST)   |   | R | 512 x 8(READ_FIRST)    | W |   | Port A and B     | 1      | 0      | 1               | 
|inst                              | k_local_V_2_U/ram0_reg        | 512 x 8(READ_FIRST)    | W | R | 512 x 8(WRITE_FIRST)   |   | R | Port A and B     | 1      | 0      | 1               | 
|inst                              | k_local_V_2_U/ram1_reg        | 512 x 8(WRITE_FIRST)   |   | R | 512 x 8(READ_FIRST)    | W |   | Port A and B     | 1      | 0      | 1               | 
|inst                              | k_local_V_2_U/ram2_reg        | 512 x 8(WRITE_FIRST)   |   | R | 512 x 8(READ_FIRST)    | W |   | Port A and B     | 1      | 0      | 1               | 
|inst                              | k_local_V_2_U/ram3_reg        | 512 x 8(WRITE_FIRST)   |   | R | 512 x 8(READ_FIRST)    | W |   | Port A and B     | 1      | 0      | 1               | 
|inst                              | k_local_V_2_U/ram4_reg        | 512 x 8(WRITE_FIRST)   |   | R | 512 x 8(READ_FIRST)    | W |   | Port A and B     | 1      | 0      | 1               | 
|inst                              | k_local_V_2_U/ram5_reg        | 512 x 8(WRITE_FIRST)   |   | R | 512 x 8(READ_FIRST)    | W |   | Port A and B     | 1      | 0      | 1               | 
|inst                              | k_local_V_2_U/ram6_reg        | 512 x 8(WRITE_FIRST)   |   | R | 512 x 8(READ_FIRST)    | W |   | Port A and B     | 1      | 0      | 1               | 
|inst                              | k_local_V_3_U/ram0_reg        | 512 x 8(READ_FIRST)    | W | R | 512 x 8(WRITE_FIRST)   |   | R | Port A and B     | 1      | 0      | 1               | 
|inst                              | k_local_V_3_U/ram1_reg        | 512 x 8(WRITE_FIRST)   |   | R | 512 x 8(READ_FIRST)    | W |   | Port A and B     | 1      | 0      | 1               | 
|inst                              | k_local_V_3_U/ram2_reg        | 512 x 8(WRITE_FIRST)   |   | R | 512 x 8(READ_FIRST)    | W |   | Port A and B     | 1      | 0      | 1               | 
|inst                              | k_local_V_3_U/ram3_reg        | 512 x 8(WRITE_FIRST)   |   | R | 512 x 8(READ_FIRST)    | W |   | Port A and B     | 1      | 0      | 1               | 
|inst                              | k_local_V_3_U/ram4_reg        | 512 x 8(WRITE_FIRST)   |   | R | 512 x 8(READ_FIRST)    | W |   | Port A and B     | 1      | 0      | 1               | 
|inst                              | k_local_V_3_U/ram5_reg        | 512 x 8(WRITE_FIRST)   |   | R | 512 x 8(READ_FIRST)    | W |   | Port A and B     | 1      | 0      | 1               | 
|inst                              | k_local_V_3_U/ram6_reg        | 512 x 8(WRITE_FIRST)   |   | R | 512 x 8(READ_FIRST)    | W |   | Port A and B     | 1      | 0      | 1               | 
|inst                              | k_local_V_4_U/ram0_reg        | 512 x 8(READ_FIRST)    | W | R | 512 x 8(WRITE_FIRST)   |   | R | Port A and B     | 1      | 0      | 1               | 
|inst                              | k_local_V_4_U/ram1_reg        | 512 x 8(WRITE_FIRST)   |   | R | 512 x 8(READ_FIRST)    | W |   | Port A and B     | 1      | 0      | 1               | 
|inst                              | k_local_V_4_U/ram2_reg        | 512 x 8(WRITE_FIRST)   |   | R | 512 x 8(READ_FIRST)    | W |   | Port A and B     | 1      | 0      | 1               | 
|inst                              | k_local_V_4_U/ram3_reg        | 512 x 8(WRITE_FIRST)   |   | R | 512 x 8(READ_FIRST)    | W |   | Port A and B     | 1      | 0      | 1               | 
|inst                              | k_local_V_4_U/ram4_reg        | 512 x 8(WRITE_FIRST)   |   | R | 512 x 8(READ_FIRST)    | W |   | Port A and B     | 1      | 0      | 1               | 
|inst                              | k_local_V_4_U/ram5_reg        | 512 x 8(WRITE_FIRST)   |   | R | 512 x 8(READ_FIRST)    | W |   | Port A and B     | 1      | 0      | 1               | 
|inst                              | k_local_V_4_U/ram6_reg        | 512 x 8(WRITE_FIRST)   |   | R | 512 x 8(READ_FIRST)    | W |   | Port A and B     | 1      | 0      | 1               | 
|inst                              | k_local_V_5_U/ram0_reg        | 512 x 8(READ_FIRST)    | W | R | 512 x 8(WRITE_FIRST)   |   | R | Port A and B     | 1      | 0      | 1               | 
|inst                              | k_local_V_5_U/ram1_reg        | 512 x 8(WRITE_FIRST)   |   | R | 512 x 8(READ_FIRST)    | W |   | Port A and B     | 1      | 0      | 1               | 
|inst                              | k_local_V_5_U/ram2_reg        | 512 x 8(WRITE_FIRST)   |   | R | 512 x 8(READ_FIRST)    | W |   | Port A and B     | 1      | 0      | 1               | 
|inst                              | k_local_V_5_U/ram3_reg        | 512 x 8(WRITE_FIRST)   |   | R | 512 x 8(READ_FIRST)    | W |   | Port A and B     | 1      | 0      | 1               | 
|inst                              | k_local_V_5_U/ram4_reg        | 512 x 8(WRITE_FIRST)   |   | R | 512 x 8(READ_FIRST)    | W |   | Port A and B     | 1      | 0      | 1               | 
|inst                              | k_local_V_5_U/ram5_reg        | 512 x 8(WRITE_FIRST)   |   | R | 512 x 8(READ_FIRST)    | W |   | Port A and B     | 1      | 0      | 1               | 
|inst                              | k_local_V_5_U/ram6_reg        | 512 x 8(WRITE_FIRST)   |   | R | 512 x 8(READ_FIRST)    | W |   | Port A and B     | 1      | 0      | 1               | 
|inst                              | k_local_V_6_U/ram0_reg        | 512 x 8(READ_FIRST)    | W | R | 512 x 8(WRITE_FIRST)   |   | R | Port A and B     | 1      | 0      | 1               | 
|inst                              | k_local_V_6_U/ram1_reg        | 512 x 8(WRITE_FIRST)   |   | R | 512 x 8(READ_FIRST)    | W |   | Port A and B     | 1      | 0      | 1               | 
|inst                              | k_local_V_6_U/ram2_reg        | 512 x 8(WRITE_FIRST)   |   | R | 512 x 8(READ_FIRST)    | W |   | Port A and B     | 1      | 0      | 1               | 
|inst                              | k_local_V_6_U/ram3_reg        | 512 x 8(WRITE_FIRST)   |   | R | 512 x 8(READ_FIRST)    | W |   | Port A and B     | 1      | 0      | 1               | 
|inst                              | k_local_V_6_U/ram4_reg        | 512 x 8(WRITE_FIRST)   |   | R | 512 x 8(READ_FIRST)    | W |   | Port A and B     | 1      | 0      | 1               | 
|inst                              | k_local_V_6_U/ram5_reg        | 512 x 8(WRITE_FIRST)   |   | R | 512 x 8(READ_FIRST)    | W |   | Port A and B     | 1      | 0      | 1               | 
|inst                              | k_local_V_6_U/ram6_reg        | 512 x 8(WRITE_FIRST)   |   | R | 512 x 8(READ_FIRST)    | W |   | Port A and B     | 1      | 0      | 1               | 
|inst                              | k_local_V_7_U/ram0_reg        | 512 x 8(READ_FIRST)    | W | R | 512 x 8(WRITE_FIRST)   |   | R | Port A and B     | 1      | 0      | 1               | 
|inst                              | k_local_V_7_U/ram1_reg        | 512 x 8(WRITE_FIRST)   |   | R | 512 x 8(READ_FIRST)    | W |   | Port A and B     | 1      | 0      | 1               | 
|inst                              | k_local_V_7_U/ram2_reg        | 512 x 8(WRITE_FIRST)   |   | R | 512 x 8(READ_FIRST)    | W |   | Port A and B     | 1      | 0      | 1               | 
|inst                              | k_local_V_7_U/ram3_reg        | 512 x 8(WRITE_FIRST)   |   | R | 512 x 8(READ_FIRST)    | W |   | Port A and B     | 1      | 0      | 1               | 
|inst                              | k_local_V_7_U/ram4_reg        | 512 x 8(WRITE_FIRST)   |   | R | 512 x 8(READ_FIRST)    | W |   | Port A and B     | 1      | 0      | 1               | 
|inst                              | k_local_V_7_U/ram5_reg        | 512 x 8(WRITE_FIRST)   |   | R | 512 x 8(READ_FIRST)    | W |   | Port A and B     | 1      | 0      | 1               | 
|inst                              | k_local_V_7_U/ram6_reg        | 512 x 8(WRITE_FIRST)   |   | R | 512 x 8(READ_FIRST)    | W |   | Port A and B     | 1      | 0      | 1               | 
|inst                              | score_local_U/ram_reg         | 512 x 22(READ_FIRST)   | W | R |                        |   |   | Port A           | 1      | 0      |                 | 
|inst/i_0/gmem1_m_axi_U/load_unit  | buff_rdata/U_fifo_mem/mem_reg | 255 x 514(READ_FIRST)  | W |   | 255 x 514(WRITE_FIRST) |   | R | Port A and B     | 1      | 7      |                 | 
|inst/i_1/gmem0_m_axi_U/load_unit  | buff_rdata/U_fifo_mem/mem_reg | 255 x 514(READ_FIRST)  | W |   | 255 x 514(WRITE_FIRST) |   | R | Port A and B     | 1      | 7      |                 | 
|inst/i_2/gmem2_m_axi_U/store_unit | buff_wdata/U_fifo_mem/mem_reg | 15 x 576(READ_FIRST)   | W |   | 15 x 576(WRITE_FIRST)  |   | R | Port A and B     | 0      | 8      |                 | 
+----------------------------------+-------------------------------+------------------------+---+---+------------------------+---+---+------------------+--------+--------+-----------------+

Note: The table above is a preliminary report that shows the Block RAMs at the current stage of the synthesis flow. Some Block RAMs may be reimplemented as non Block RAM primitives later in the synthesis flow. Multiple instantiated Block RAMs are reported only once. 

Distributed RAM: Preliminary Mapping Report (see note below)
+------------+------------------------+-----------+----------------------+---------------+
|Module Name | RTL Object             | Inference | Size (Depth x Width) | Primitives    | 
+------------+------------------------+-----------+----------------------+---------------+
|inst        | q_local_V_U/ram0_reg   | Implied   | 64 x 8               | RAM64X1D x 8  | 
|inst        | q_local_V_U/ram1_reg   | Implied   | 64 x 8               | RAM64M8 x 2   | 
|inst        | q_local_V_U/ram2_reg   | Implied   | 64 x 8               | RAM64M8 x 2   | 
|inst        | q_local_V_U/ram3_reg   | Implied   | 64 x 8               | RAM64M8 x 2   | 
|inst        | q_local_V_U/ram4_reg   | Implied   | 64 x 8               | RAM64M8 x 2   | 
|inst        | q_local_V_U/ram5_reg   | Implied   | 64 x 8               | RAM64M8 x 2   | 
|inst        | q_local_V_U/ram6_reg   | Implied   | 64 x 8               | RAM64M8 x 2   | 
|inst        | q_local_V_1_U/ram0_reg | Implied   | 64 x 8               | RAM64X1D x 8  | 
|inst        | q_local_V_1_U/ram1_reg | Implied   | 64 x 8               | RAM64M8 x 2   | 
|inst        | q_local_V_1_U/ram2_reg | Implied   | 64 x 8               | RAM64M8 x 2   | 
|inst        | q_local_V_1_U/ram3_reg | Implied   | 64 x 8               | RAM64M8 x 2   | 
|inst        | q_local_V_1_U/ram4_reg | Implied   | 64 x 8               | RAM64M8 x 2   | 
|inst        | q_local_V_1_U/ram5_reg | Implied   | 64 x 8               | RAM64M8 x 2   | 
|inst        | q_local_V_1_U/ram6_reg | Implied   | 64 x 8               | RAM64M8 x 2   | 
|inst        | q_local_V_2_U/ram0_reg | Implied   | 64 x 8               | RAM64X1D x 8  | 
|inst        | q_local_V_2_U/ram1_reg | Implied   | 64 x 8               | RAM64M8 x 2   | 
|inst        | q_local_V_2_U/ram2_reg | Implied   | 64 x 8               | RAM64M8 x 2   | 
|inst        | q_local_V_2_U/ram3_reg | Implied   | 64 x 8               | RAM64M8 x 2   | 
|inst        | q_local_V_2_U/ram4_reg | Implied   | 64 x 8               | RAM64M8 x 2   | 
|inst        | q_local_V_2_U/ram5_reg | Implied   | 64 x 8               | RAM64M8 x 2   | 
|inst        | q_local_V_2_U/ram6_reg | Implied   | 64 x 8               | RAM64M8 x 2   | 
|inst        | q_local_V_3_U/ram0_reg | Implied   | 64 x 8               | RAM64X1D x 8  | 
|inst        | q_local_V_3_U/ram1_reg | Implied   | 64 x 8               | RAM64M8 x 2   | 
|inst        | q_local_V_3_U/ram2_reg | Implied   | 64 x 8               | RAM64M8 x 2   | 
|inst        | q_local_V_3_U/ram3_reg | Implied   | 64 x 8               | RAM64M8 x 2   | 
|inst        | q_local_V_3_U/ram4_reg | Implied   | 64 x 8               | RAM64M8 x 2   | 
|inst        | q_local_V_3_U/ram5_reg | Implied   | 64 x 8               | RAM64M8 x 2   | 
|inst        | q_local_V_3_U/ram6_reg | Implied   | 64 x 8               | RAM64M8 x 2   | 
|inst        | q_local_V_4_U/ram0_reg | Implied   | 64 x 8               | RAM64X1D x 8  | 
|inst        | q_local_V_4_U/ram1_reg | Implied   | 64 x 8               | RAM64M8 x 2   | 
|inst        | q_local_V_4_U/ram2_reg | Implied   | 64 x 8               | RAM64M8 x 2   | 
|inst        | q_local_V_4_U/ram3_reg | Implied   | 64 x 8               | RAM64M8 x 2   | 
|inst        | q_local_V_4_U/ram4_reg | Implied   | 64 x 8               | RAM64M8 x 2   | 
|inst        | q_local_V_4_U/ram5_reg | Implied   | 64 x 8               | RAM64M8 x 2   | 
|inst        | q_local_V_4_U/ram6_reg | Implied   | 64 x 8               | RAM64M8 x 2   | 
|inst        | q_local_V_5_U/ram0_reg | Implied   | 64 x 8               | RAM64X1D x 8  | 
|inst        | q_local_V_5_U/ram1_reg | Implied   | 64 x 8               | RAM64M8 x 2   | 
|inst        | q_local_V_5_U/ram2_reg | Implied   | 64 x 8               | RAM64M8 x 2   | 
|inst        | q_local_V_5_U/ram3_reg | Implied   | 64 x 8               | RAM64M8 x 2   | 
|inst        | q_local_V_5_U/ram4_reg | Implied   | 64 x 8               | RAM64M8 x 2   | 
|inst        | q_local_V_5_U/ram5_reg | Implied   | 64 x 8               | RAM64M8 x 2   | 
|inst        | q_local_V_5_U/ram6_reg | Implied   | 64 x 8               | RAM64M8 x 2   | 
|inst        | q_local_V_6_U/ram0_reg | Implied   | 64 x 8               | RAM64X1D x 8  | 
|inst        | q_local_V_6_U/ram1_reg | Implied   | 64 x 8               | RAM64M8 x 2   | 
|inst        | q_local_V_6_U/ram2_reg | Implied   | 64 x 8               | RAM64M8 x 2   | 
|inst        | q_local_V_6_U/ram3_reg | Implied   | 64 x 8               | RAM64M8 x 2   | 
|inst        | q_local_V_6_U/ram4_reg | Implied   | 64 x 8               | RAM64M8 x 2   | 
|inst        | q_local_V_6_U/ram5_reg | Implied   | 64 x 8               | RAM64M8 x 2   | 
|inst        | q_local_V_6_U/ram6_reg | Implied   | 64 x 8               | RAM64M8 x 2   | 
|inst        | q_local_V_7_U/ram0_reg | Implied   | 64 x 8               | RAM64X1D x 8  | 
|inst        | q_local_V_7_U/ram1_reg | Implied   | 64 x 8               | RAM64M8 x 2   | 
|inst        | q_local_V_7_U/ram2_reg | Implied   | 64 x 8               | RAM64M8 x 2   | 
|inst        | q_local_V_7_U/ram3_reg | Implied   | 64 x 8               | RAM64M8 x 2   | 
|inst        | q_local_V_7_U/ram4_reg | Implied   | 64 x 8               | RAM64M8 x 2   | 
|inst        | q_local_V_7_U/ram5_reg | Implied   | 64 x 8               | RAM64M8 x 2   | 
|inst        | q_local_V_7_U/ram6_reg | Implied   | 64 x 8               | RAM64M8 x 2   | 
+------------+------------------------+-----------+----------------------+---------------+

Note: The table above is a preliminary report that shows the Distributed RAMs at the current stage of the synthesis flow. Some Distributed RAMs may be reimplemented as non Distributed RAM primitives later in the synthesis flow. Multiple instantiated RAMs are reported only once.

DSP: Preliminary Mapping Report (see note below. The ' indicates corresponding REG is set)
+----------------------------------------------------------------+------------------+--------+--------+--------+--------+--------+------+------+------+------+-------+------+------+
|Module Name                                                     | DSP Mapping      | A Size | B Size | C Size | D Size | P Size | AREG | BREG | CREG | DREG | ADREG | MREG | PREG | 
+----------------------------------------------------------------+------------------+--------+--------+--------+--------+--------+------+------+------+------+-------+------+------+
|attention_score_u55c_kernel_mac_muladd_8s_8s_16s_17_4_1_DSP48_0 | (A2*B2)'         | 9      | 9      | -      | -      | 18     | 1    | 1    | -    | -    | -     | 1    | 0    | 
|attention_score_u55c_kernel_attention_score_core_hls            | (PCIN+A''*B'')'  | 8      | 8      | -      | -      | 17     | 2    | 2    | -    | -    | -     | 0    | 1    | 
|attention_score_u55c_kernel_mac_muladd_8s_8s_16s_17_4_1_DSP48_0 | (A2*B2)'         | 9      | 9      | -      | -      | 18     | 1    | 1    | -    | -    | -     | 1    | 0    | 
|attention_score_u55c_kernel_attention_score_core_hls            | (PCIN+A''*B'')'  | 8      | 8      | -      | -      | 17     | 2    | 2    | -    | -    | -     | 0    | 1    | 
|attention_score_u55c_kernel_mac_muladd_8s_8s_16s_17_4_1_DSP48_0 | (A2*B2)'         | 9      | 9      | -      | -      | 18     | 1    | 1    | -    | -    | -     | 1    | 0    | 
|attention_score_u55c_kernel_attention_score_core_hls            | (PCIN+A''*B'')'  | 8      | 8      | -      | -      | 17     | 2    | 2    | -    | -    | -     | 0    | 1    | 
|attention_score_u55c_kernel_mac_muladd_8s_8s_16s_17_4_1_DSP48_0 | (A2*B2)'         | 9      | 9      | -      | -      | 18     | 1    | 1    | -    | -    | -     | 1    | 0    | 
|attention_score_u55c_kernel_attention_score_core_hls            | (PCIN+A''*B'')'  | 8      | 8      | -      | -      | 17     | 2    | 2    | -    | -    | -     | 0    | 1    | 
|attention_score_u55c_kernel_mac_muladd_8s_8s_16s_17_4_1_DSP48_0 | (A2*B2)'         | 9      | 9      | -      | -      | 18     | 1    | 1    | -    | -    | -     | 1    | 0    | 
|attention_score_u55c_kernel_attention_score_core_hls            | (PCIN+A''*B'')'  | 8      | 8      | -      | -      | 17     | 2    | 2    | -    | -    | -     | 0    | 1    | 
|attention_score_u55c_kernel_mac_muladd_8s_8s_16s_17_4_1_DSP48_0 | (A2*B2)'         | 9      | 9      | -      | -      | 18     | 1    | 1    | -    | -    | -     | 1    | 0    | 
|attention_score_u55c_kernel_attention_score_core_hls            | (PCIN+A''*B'')'  | 8      | 8      | -      | -      | 17     | 2    | 2    | -    | -    | -     | 0    | 1    | 
|attention_score_u55c_kernel_mac_muladd_8s_8s_16s_17_4_1_DSP48_0 | (A2*B2)'         | 9      | 9      | -      | -      | 18     | 1    | 1    | -    | -    | -     | 1    | 0    | 
|attention_score_u55c_kernel_attention_score_core_hls            | (PCIN+A''*B'')'  | 8      | 8      | -      | -      | 17     | 2    | 2    | -    | -    | -     | 0    | 1    | 
|attention_score_u55c_kernel_mac_muladd_8s_8s_16s_17_4_1_DSP48_0 | (A2*B2)'         | 9      | 9      | -      | -      | 18     | 1    | 1    | -    | -    | -     | 1    | 0    | 
|attention_score_u55c_kernel_attention_score_core_hls            | (PCIN+A''*B'')'  | 8      | 8      | -      | -      | 17     | 2    | 2    | -    | -    | -     | 0    | 1    | 
|attention_score_u55c_kernel_mac_muladd_8s_8s_16s_17_4_1_DSP48_0 | (A2*B2)'         | 9      | 9      | -      | -      | 18     | 1    | 1    | -    | -    | -     | 1    | 0    | 
|attention_score_u55c_kernel_attention_score_core_hls            | (PCIN+A''*B'')'  | 8      | 8      | -      | -      | 17     | 2    | 2    | -    | -    | -     | 0    | 1    | 
|attention_score_u55c_kernel_mac_muladd_8s_8s_16s_17_4_1_DSP48_0 | (A2*B2)'         | 9      | 9      | -      | -      | 18     | 1    | 1    | -    | -    | -     | 1    | 0    | 
|attention_score_u55c_kernel_attention_score_core_hls            | (PCIN+A''*B'')'  | 8      | 8      | -      | -      | 17     | 2    | 2    | -    | -    | -     | 0    | 1    | 
|attention_score_u55c_kernel_mac_muladd_8s_8s_16s_17_4_1_DSP48_0 | (A2*B2)'         | 9      | 9      | -      | -      | 18     | 1    | 1    | -    | -    | -     | 1    | 0    | 
|attention_score_u55c_kernel_attention_score_core_hls            | (PCIN+A''*B'')'  | 8      | 8      | -      | -      | 17     | 2    | 2    | -    | -    | -     | 0    | 1    | 
|attention_score_u55c_kernel_mac_muladd_8s_8s_16s_17_4_1_DSP48_0 | (A2*B2)'         | 9      | 9      | -      | -      | 18     | 1    | 1    | -    | -    | -     | 1    | 0    | 
|attention_score_u55c_kernel_attention_score_core_hls            | (PCIN+A''*B'')'  | 8      | 8      | -      | -      | 17     | 2    | 2    | -    | -    | -     | 0    | 1    | 
|attention_score_u55c_kernel_mac_muladd_8s_8s_16s_17_4_1_DSP48_0 | (A2*B2)'         | 9      | 9      | -      | -      | 18     | 1    | 1    | -    | -    | -     | 1    | 0    | 
|attention_score_u55c_kernel_attention_score_core_hls            | (PCIN+A''*B'')'  | 8      | 8      | -      | -      | 17     | 2    | 2    | -    | -    | -     | 0    | 1    | 
|attention_score_u55c_kernel_mac_muladd_8s_8s_16s_17_4_1_DSP48_0 | (A2*B2)'         | 9      | 9      | -      | -      | 18     | 1    | 1    | -    | -    | -     | 1    | 0    | 
|attention_score_u55c_kernel_attention_score_core_hls            | (PCIN+A''*B'')'  | 8      | 8      | -      | -      | 17     | 2    | 2    | -    | -    | -     | 0    | 1    | 
|attention_score_u55c_kernel_mac_muladd_8s_8s_16s_17_4_1_DSP48_0 | (A2*B2)'         | 9      | 9      | -      | -      | 18     | 1    | 1    | -    | -    | -     | 1    | 0    | 
|attention_score_u55c_kernel_attention_score_core_hls            | (PCIN+(A2*B2)')' | 8      | 8      | -      | -      | 17     | 1    | 1    | -    | -    | -     | 1    | 1    | 
|attention_score_u55c_kernel_mac_muladd_8s_8s_16s_17_4_1_DSP48_0 | (A2*B2)'         | 9      | 9      | -      | -      | 18     | 1    | 1    | -    | -    | -     | 1    | 0    | 
|attention_score_u55c_kernel_attention_score_core_hls            | (PCIN+A''*B'')'  | 8      | 8      | -      | -      | 17     | 2    | 2    | -    | -    | -     | 0    | 1    | 
|attention_score_u55c_kernel_mac_muladd_8s_8s_16s_17_4_1_DSP48_0 | (A2*B2)'         | 9      | 9      | -      | -      | 18     | 1    | 1    | -    | -    | -     | 1    | 0    | 
|attention_score_u55c_kernel_attention_score_core_hls            | (PCIN+A''*B'')'  | 8      | 8      | -      | -      | 17     | 2    | 2    | -    | -    | -     | 0    | 1    | 
|attention_score_u55c_kernel_mac_muladd_8s_8s_16s_17_4_1_DSP48_0 | (A2*B2)'         | 9      | 9      | -      | -      | 18     | 1    | 1    | -    | -    | -     | 1    | 0    | 
|attention_score_u55c_kernel_attention_score_core_hls            | (PCIN+A''*B'')'  | 8      | 8      | -      | -      | 17     | 2    | 2    | -    | -    | -     | 0    | 1    | 
|attention_score_u55c_kernel_mac_muladd_8s_8s_16s_17_4_1_DSP48_0 | (A2*B2)'         | 9      | 9      | -      | -      | 18     | 1    | 1    | -    | -    | -     | 1    | 0    | 
|attention_score_u55c_kernel_attention_score_core_hls            | (PCIN+A''*B'')'  | 8      | 8      | -      | -      | 17     | 2    | 2    | -    | -    | -     | 0    | 1    | 
|attention_score_u55c_kernel_mac_muladd_8s_8s_16s_17_4_1_DSP48_0 | (A2*B2)'         | 9      | 9      | -      | -      | 18     | 1    | 1    | -    | -    | -     | 1    | 0    | 
|attention_score_u55c_kernel_attention_score_core_hls            | (PCIN+A''*B'')'  | 8      | 8      | -      | -      | 17     | 2    | 2    | -    | -    | -     | 0    | 1    | 
|attention_score_u55c_kernel_mac_muladd_8s_8s_16s_17_4_1_DSP48_0 | (A2*B2)'         | 9      | 9      | -      | -      | 18     | 1    | 1    | -    | -    | -     | 1    | 0    | 
|attention_score_u55c_kernel_attention_score_core_hls            | (PCIN+A''*B'')'  | 8      | 8      | -      | -      | 17     | 2    | 2    | -    | -    | -     | 0    | 1    | 
|attention_score_u55c_kernel_mac_muladd_8s_8s_16s_17_4_1_DSP48_0 | (A2*B2)'         | 9      | 9      | -      | -      | 18     | 1    | 1    | -    | -    | -     | 1    | 0    | 
|attention_score_u55c_kernel_attention_score_core_hls            | (PCIN+A''*B'')'  | 8      | 8      | -      | -      | 17     | 2    | 2    | -    | -    | -     | 0    | 1    | 
|attention_score_u55c_kernel_mac_muladd_8s_8s_16s_17_4_1_DSP48_0 | (A2*B2)'         | 9      | 9      | -      | -      | 18     | 1    | 1    | -    | -    | -     | 1    | 0    | 
|attention_score_u55c_kernel_attention_score_core_hls            | (PCIN+(A2*B2)')' | 8      | 8      | -      | -      | 17     | 1    | 1    | -    | -    | -     | 1    | 1    | 
|attention_score_u55c_kernel_mac_muladd_8s_8s_16s_17_4_1_DSP48_0 | (A2*B2)'         | 9      | 9      | -      | -      | 18     | 1    | 1    | -    | -    | -     | 1    | 0    | 
|attention_score_u55c_kernel_attention_score_core_hls            | (PCIN+(A2*B2)')' | 8      | 8      | -      | -      | 17     | 1    | 1    | -    | -    | -     | 1    | 1    | 
|attention_score_u55c_kernel_mac_muladd_8s_8s_16s_17_4_1_DSP48_0 | (A2*B2)'         | 9      | 9      | -      | -      | 18     | 1    | 1    | -    | -    | -     | 1    | 0    | 
|attention_score_u55c_kernel_attention_score_core_hls            | (PCIN+A''*B'')'  | 8      | 8      | -      | -      | 17     | 2    | 2    | -    | -    | -     | 0    | 1    | 
|attention_score_u55c_kernel_mac_muladd_8s_8s_16s_17_4_1_DSP48_0 | (A2*B2)'         | 9      | 9      | -      | -      | 18     | 1    | 1    | -    | -    | -     | 1    | 0    | 
|attention_score_u55c_kernel_attention_score_core_hls            | (PCIN+(A2*B2)')' | 8      | 8      | -      | -      | 17     | 1    | 1    | -    | -    | -     | 1    | 1    | 
|attention_score_u55c_kernel_mac_muladd_8s_8s_16s_17_4_1_DSP48_0 | (A2*B2)'         | 9      | 9      | -      | -      | 18     | 1    | 1    | -    | -    | -     | 1    | 0    | 
|attention_score_u55c_kernel_attention_score_core_hls            | (PCIN+(A2*B2)')' | 8      | 8      | -      | -      | 17     | 1    | 1    | -    | -    | -     | 1    | 1    | 
|attention_score_u55c_kernel_mac_muladd_8s_8s_16s_17_4_1_DSP48_0 | (A2*B2)'         | 9      | 9      | -      | -      | 18     | 1    | 1    | -    | -    | -     | 1    | 0    | 
|attention_score_u55c_kernel_attention_score_core_hls            | (PCIN+(A2*B2)')' | 8      | 8      | -      | -      | 17     | 1    | 1    | -    | -    | -     | 1    | 1    | 
|attention_score_u55c_kernel_mac_muladd_8s_8s_16s_17_4_1_DSP48_0 | (A2*B2)'         | 9      | 9      | -      | -      | 18     | 1    | 1    | -    | -    | -     | 1    | 0    | 
|attention_score_u55c_kernel_attention_score_core_hls            | (PCIN+(A2*B2)')' | 8      | 8      | -      | -      | 17     | 1    | 1    | -    | -    | -     | 1    | 1    | 
|attention_score_u55c_kernel_mac_muladd_8s_8s_16s_17_4_1_DSP48_0 | (A2*B2)'         | 9      | 9      | -      | -      | 18     | 1    | 1    | -    | -    | -     | 1    | 0    | 
|attention_score_u55c_kernel_attention_score_core_hls            | (PCIN+(A2*B2)')' | 8      | 8      | -      | -      | 17     | 1    | 1    | -    | -    | -     | 1    | 1    | 
|attention_score_u55c_kernel_mac_muladd_8s_8s_16s_17_4_1_DSP48_0 | (A2*B2)'         | 9      | 9      | -      | -      | 18     | 1    | 1    | -    | -    | -     | 1    | 0    | 
|attention_score_u55c_kernel_attention_score_core_hls            | (PCIN+(A2*B2)')' | 8      | 8      | -      | -      | 17     | 1    | 1    | -    | -    | -     | 1    | 1    | 
|attention_score_u55c_kernel_mac_muladd_8s_8s_16s_17_4_1_DSP48_0 | (A2*B2)'         | 9      | 9      | -      | -      | 18     | 1    | 1    | -    | -    | -     | 1    | 0    | 
|attention_score_u55c_kernel_attention_score_core_hls            | (PCIN+(A2*B2)')' | 8      | 8      | -      | -      | 17     | 1    | 1    | -    | -    | -     | 1    | 1    | 
+----------------------------------------------------------------+------------------+--------+--------+--------+--------+--------+------+------+------+------+-------+------+------+

Note: The table above is a preliminary report that shows the DSPs inferred at the current stage of the synthesis flow. Some DSP may be reimplemented as non DSP primitives later in the synthesis flow. Multiple instantiated DSPs are reported only once.
---------------------------------------------------------------------------------
Finished ROM, RAM, DSP, Shift Register and Retiming Reporting
---------------------------------------------------------------------------------
---------------------------------------------------------------------------------
Start Applying XDC Timing Constraints
---------------------------------------------------------------------------------
---------------------------------------------------------------------------------
Finished Applying XDC Timing Constraints : Time (s): cpu = 00:00:57 ; elapsed = 00:01:00 . Memory (MB): peak = 3673.863 ; gain = 942.520 ; free physical = 1640 ; free virtual = 6551
Synthesis current peak Physical Memory [PSS] (MB): peak = 2853.692; parent = 2718.816; children = 172.293
Synthesis current peak Virtual Memory [VSS] (MB): peak = 4643.629; parent = 3673.867; children = 969.762
---------------------------------------------------------------------------------
---------------------------------------------------------------------------------
Start Timing Optimization
---------------------------------------------------------------------------------
---------------------------------------------------------------------------------
Finished Timing Optimization : Time (s): cpu = 00:01:15 ; elapsed = 00:01:19 . Memory (MB): peak = 3795.934 ; gain = 1064.590 ; free physical = 9288 ; free virtual = 14262
Synthesis current peak Physical Memory [PSS] (MB): peak = 2972.742; parent = 2825.382; children = 172.293
Synthesis current peak Virtual Memory [VSS] (MB): peak = 4765.699; parent = 3795.938; children = 969.762
---------------------------------------------------------------------------------
---------------------------------------------------------------------------------
Start ROM, RAM, DSP, Shift Register and Retiming Reporting
---------------------------------------------------------------------------------

Block RAM: Final Mapping Report
+----------------------------------+-------------------------------+------------------------+---+---+------------------------+---+---+------------------+--------+--------+-----------------+
|Module Name                       | RTL Object                    | PORT A (Depth x Width) | W | R | PORT B (Depth x Width) | W | R | Ports driving FF | RAMB18 | RAMB36 | Cascade Heights | 
+----------------------------------+-------------------------------+------------------------+---+---+------------------------+---+---+------------------+--------+--------+-----------------+
|inst/i_1/gmem0_m_axi_U/load_unit  | buff_rdata/U_fifo_mem/mem_reg | 255 x 514(READ_FIRST)  | W |   | 255 x 514(WRITE_FIRST) |   | R | Port A and B     | 1      | 7      |                 | 
|inst                              | score_local_U/ram_reg         | 512 x 22(READ_FIRST)   | W | R |                        |   |   | Port A           | 1      | 0      |                 | 
|inst/i_0/gmem1_m_axi_U/load_unit  | buff_rdata/U_fifo_mem/mem_reg | 255 x 514(READ_FIRST)  | W |   | 255 x 514(WRITE_FIRST) |   | R | Port A and B     | 1      | 7      |                 | 
|inst/i_2/gmem2_m_axi_U/store_unit | buff_wdata/U_fifo_mem/mem_reg | 15 x 576(READ_FIRST)   | W |   | 15 x 576(WRITE_FIRST)  |   | R | Port A and B     | 0      | 8      |                 | 
|inst                              | k_local_V_U/ram0_reg          | 512 x 8(READ_FIRST)    | W | R | 512 x 8(WRITE_FIRST)   |   | R | Port A and B     | 1      | 0      | 1               | 
|inst                              | k_local_V_U/ram1_reg          | 512 x 8(WRITE_FIRST)   |   | R | 512 x 8(READ_FIRST)    | W |   | Port A and B     | 1      | 0      | 1               | 
|inst                              | k_local_V_U/ram2_reg          | 512 x 8(WRITE_FIRST)   |   | R | 512 x 8(READ_FIRST)    | W |   | Port A and B     | 1      | 0      | 1               | 
|inst                              | k_local_V_U/ram3_reg          | 512 x 8(WRITE_FIRST)   |   | R | 512 x 8(READ_FIRST)    | W |   | Port A and B     | 1      | 0      | 1               | 
|inst                              | k_local_V_U/ram4_reg          | 512 x 8(WRITE_FIRST)   |   | R | 512 x 8(READ_FIRST)    | W |   | Port A and B     | 1      | 0      | 1               | 
|inst                              | k_local_V_U/ram5_reg          | 512 x 8(WRITE_FIRST)   |   | R | 512 x 8(READ_FIRST)    | W |   | Port A and B     | 1      | 0      | 1               | 
|inst                              | k_local_V_U/ram6_reg          | 512 x 8(WRITE_FIRST)   |   | R | 512 x 8(READ_FIRST)    | W |   | Port A and B     | 1      | 0      | 1               | 
|inst                              | k_local_V_1_U/ram0_reg        | 512 x 8(READ_FIRST)    | W | R | 512 x 8(WRITE_FIRST)   |   | R | Port A and B     | 1      | 0      | 1               | 
|inst                              | k_local_V_1_U/ram1_reg        | 512 x 8(WRITE_FIRST)   |   | R | 512 x 8(READ_FIRST)    | W |   | Port A and B     | 1      | 0      | 1               | 
|inst                              | k_local_V_1_U/ram2_reg        | 512 x 8(WRITE_FIRST)   |   | R | 512 x 8(READ_FIRST)    | W |   | Port A and B     | 1      | 0      | 1               | 
|inst                              | k_local_V_1_U/ram3_reg        | 512 x 8(WRITE_FIRST)   |   | R | 512 x 8(READ_FIRST)    | W |   | Port A and B     | 1      | 0      | 1               | 
|inst                              | k_local_V_1_U/ram4_reg        | 512 x 8(WRITE_FIRST)   |   | R | 512 x 8(READ_FIRST)    | W |   | Port A and B     | 1      | 0      | 1               | 
|inst                              | k_local_V_1_U/ram5_reg        | 512 x 8(WRITE_FIRST)   |   | R | 512 x 8(READ_FIRST)    | W |   | Port A and B     | 1      | 0      | 1               | 
|inst                              | k_local_V_1_U/ram6_reg        | 512 x 8(WRITE_FIRST)   |   | R | 512 x 8(READ_FIRST)    | W |   | Port A and B     | 1      | 0      | 1               | 
|inst                              | k_local_V_2_U/ram0_reg        | 512 x 8(READ_FIRST)    | W | R | 512 x 8(WRITE_FIRST)   |   | R | Port A and B     | 1      | 0      | 1               | 
|inst                              | k_local_V_2_U/ram1_reg        | 512 x 8(WRITE_FIRST)   |   | R | 512 x 8(READ_FIRST)    | W |   | Port A and B     | 1      | 0      | 1               | 
|inst                              | k_local_V_2_U/ram2_reg        | 512 x 8(WRITE_FIRST)   |   | R | 512 x 8(READ_FIRST)    | W |   | Port A and B     | 1      | 0      | 1               | 
|inst                              | k_local_V_2_U/ram3_reg        | 512 x 8(WRITE_FIRST)   |   | R | 512 x 8(READ_FIRST)    | W |   | Port A and B     | 1      | 0      | 1               | 
|inst                              | k_local_V_2_U/ram4_reg        | 512 x 8(WRITE_FIRST)   |   | R | 512 x 8(READ_FIRST)    | W |   | Port A and B     | 1      | 0      | 1               | 
|inst                              | k_local_V_2_U/ram5_reg        | 512 x 8(WRITE_FIRST)   |   | R | 512 x 8(READ_FIRST)    | W |   | Port A and B     | 1      | 0      | 1               | 
|inst                              | k_local_V_2_U/ram6_reg        | 512 x 8(WRITE_FIRST)   |   | R | 512 x 8(READ_FIRST)    | W |   | Port A and B     | 1      | 0      | 1               | 
|inst                              | k_local_V_3_U/ram0_reg        | 512 x 8(READ_FIRST)    | W | R | 512 x 8(WRITE_FIRST)   |   | R | Port A and B     | 1      | 0      | 1               | 
|inst                              | k_local_V_3_U/ram1_reg        | 512 x 8(WRITE_FIRST)   |   | R | 512 x 8(READ_FIRST)    | W |   | Port A and B     | 1      | 0      | 1               | 
|inst                              | k_local_V_3_U/ram2_reg        | 512 x 8(WRITE_FIRST)   |   | R | 512 x 8(READ_FIRST)    | W |   | Port A and B     | 1      | 0      | 1               | 
|inst                              | k_local_V_3_U/ram3_reg        | 512 x 8(WRITE_FIRST)   |   | R | 512 x 8(READ_FIRST)    | W |   | Port A and B     | 1      | 0      | 1               | 
|inst                              | k_local_V_3_U/ram4_reg        | 512 x 8(WRITE_FIRST)   |   | R | 512 x 8(READ_FIRST)    | W |   | Port A and B     | 1      | 0      | 1               | 
|inst                              | k_local_V_3_U/ram5_reg        | 512 x 8(WRITE_FIRST)   |   | R | 512 x 8(READ_FIRST)    | W |   | Port A and B     | 1      | 0      | 1               | 
|inst                              | k_local_V_3_U/ram6_reg        | 512 x 8(WRITE_FIRST)   |   | R | 512 x 8(READ_FIRST)    | W |   | Port A and B     | 1      | 0      | 1               | 
|inst                              | k_local_V_4_U/ram0_reg        | 512 x 8(READ_FIRST)    | W | R | 512 x 8(WRITE_FIRST)   |   | R | Port A and B     | 1      | 0      | 1               | 
|inst                              | k_local_V_4_U/ram1_reg        | 512 x 8(WRITE_FIRST)   |   | R | 512 x 8(READ_FIRST)    | W |   | Port A and B     | 1      | 0      | 1               | 
|inst                              | k_local_V_4_U/ram2_reg        | 512 x 8(WRITE_FIRST)   |   | R | 512 x 8(READ_FIRST)    | W |   | Port A and B     | 1      | 0      | 1               | 
|inst                              | k_local_V_4_U/ram3_reg        | 512 x 8(WRITE_FIRST)   |   | R | 512 x 8(READ_FIRST)    | W |   | Port A and B     | 1      | 0      | 1               | 
|inst                              | k_local_V_4_U/ram4_reg        | 512 x 8(WRITE_FIRST)   |   | R | 512 x 8(READ_FIRST)    | W |   | Port A and B     | 1      | 0      | 1               | 
|inst                              | k_local_V_4_U/ram5_reg        | 512 x 8(WRITE_FIRST)   |   | R | 512 x 8(READ_FIRST)    | W |   | Port A and B     | 1      | 0      | 1               | 
|inst                              | k_local_V_4_U/ram6_reg        | 512 x 8(WRITE_FIRST)   |   | R | 512 x 8(READ_FIRST)    | W |   | Port A and B     | 1      | 0      | 1               | 
|inst                              | k_local_V_5_U/ram0_reg        | 512 x 8(READ_FIRST)    | W | R | 512 x 8(WRITE_FIRST)   |   | R | Port A and B     | 1      | 0      | 1               | 
|inst                              | k_local_V_5_U/ram1_reg        | 512 x 8(WRITE_FIRST)   |   | R | 512 x 8(READ_FIRST)    | W |   | Port A and B     | 1      | 0      | 1               | 
|inst                              | k_local_V_5_U/ram2_reg        | 512 x 8(WRITE_FIRST)   |   | R | 512 x 8(READ_FIRST)    | W |   | Port A and B     | 1      | 0      | 1               | 
|inst                              | k_local_V_5_U/ram3_reg        | 512 x 8(WRITE_FIRST)   |   | R | 512 x 8(READ_FIRST)    | W |   | Port A and B     | 1      | 0      | 1               | 
|inst                              | k_local_V_5_U/ram4_reg        | 512 x 8(WRITE_FIRST)   |   | R | 512 x 8(READ_FIRST)    | W |   | Port A and B     | 1      | 0      | 1               | 
|inst                              | k_local_V_5_U/ram5_reg        | 512 x 8(WRITE_FIRST)   |   | R | 512 x 8(READ_FIRST)    | W |   | Port A and B     | 1      | 0      | 1               | 
|inst                              | k_local_V_5_U/ram6_reg        | 512 x 8(WRITE_FIRST)   |   | R | 512 x 8(READ_FIRST)    | W |   | Port A and B     | 1      | 0      | 1               | 
|inst                              | k_local_V_6_U/ram0_reg        | 512 x 8(READ_FIRST)    | W | R | 512 x 8(WRITE_FIRST)   |   | R | Port A and B     | 1      | 0      | 1               | 
|inst                              | k_local_V_6_U/ram1_reg        | 512 x 8(WRITE_FIRST)   |   | R | 512 x 8(READ_FIRST)    | W |   | Port A and B     | 1      | 0      | 1               | 
|inst                              | k_local_V_6_U/ram2_reg        | 512 x 8(WRITE_FIRST)   |   | R | 512 x 8(READ_FIRST)    | W |   | Port A and B     | 1      | 0      | 1               | 
|inst                              | k_local_V_6_U/ram3_reg        | 512 x 8(WRITE_FIRST)   |   | R | 512 x 8(READ_FIRST)    | W |   | Port A and B     | 1      | 0      | 1               | 
|inst                              | k_local_V_6_U/ram4_reg        | 512 x 8(WRITE_FIRST)   |   | R | 512 x 8(READ_FIRST)    | W |   | Port A and B     | 1      | 0      | 1               | 
|inst                              | k_local_V_6_U/ram5_reg        | 512 x 8(WRITE_FIRST)   |   | R | 512 x 8(READ_FIRST)    | W |   | Port A and B     | 1      | 0      | 1               | 
|inst                              | k_local_V_6_U/ram6_reg        | 512 x 8(WRITE_FIRST)   |   | R | 512 x 8(READ_FIRST)    | W |   | Port A and B     | 1      | 0      | 1               | 
|inst                              | k_local_V_7_U/ram0_reg        | 512 x 8(READ_FIRST)    | W | R | 512 x 8(WRITE_FIRST)   |   | R | Port A and B     | 1      | 0      | 1               | 
|inst                              | k_local_V_7_U/ram1_reg        | 512 x 8(WRITE_FIRST)   |   | R | 512 x 8(READ_FIRST)    | W |   | Port A and B     | 1      | 0      | 1               | 
|inst                              | k_local_V_7_U/ram2_reg        | 512 x 8(WRITE_FIRST)   |   | R | 512 x 8(READ_FIRST)    | W |   | Port A and B     | 1      | 0      | 1               | 
|inst                              | k_local_V_7_U/ram3_reg        | 512 x 8(WRITE_FIRST)   |   | R | 512 x 8(READ_FIRST)    | W |   | Port A and B     | 1      | 0      | 1               | 
|inst                              | k_local_V_7_U/ram4_reg        | 512 x 8(WRITE_FIRST)   |   | R | 512 x 8(READ_FIRST)    | W |   | Port A and B     | 1      | 0      | 1               | 
|inst                              | k_local_V_7_U/ram5_reg        | 512 x 8(WRITE_FIRST)   |   | R | 512 x 8(READ_FIRST)    | W |   | Port A and B     | 1      | 0      | 1               | 
|inst                              | k_local_V_7_U/ram6_reg        | 512 x 8(WRITE_FIRST)   |   | R | 512 x 8(READ_FIRST)    | W |   | Port A and B     | 1      | 0      | 1               | 
+----------------------------------+-------------------------------+------------------------+---+---+------------------------+---+---+------------------+--------+--------+-----------------+


Distributed RAM: Final Mapping Report
+------------+------------------------+-----------+----------------------+---------------+
|Module Name | RTL Object             | Inference | Size (Depth x Width) | Primitives    | 
+------------+------------------------+-----------+----------------------+---------------+
|inst        | q_local_V_U/ram0_reg   | Implied   | 64 x 8               | RAM64X1D x 8  | 
|inst        | q_local_V_U/ram1_reg   | Implied   | 64 x 8               | RAM64M8 x 2   | 
|inst        | q_local_V_U/ram2_reg   | Implied   | 64 x 8               | RAM64M8 x 2   | 
|inst        | q_local_V_U/ram3_reg   | Implied   | 64 x 8               | RAM64M8 x 2   | 
|inst        | q_local_V_U/ram4_reg   | Implied   | 64 x 8               | RAM64M8 x 2   | 
|inst        | q_local_V_U/ram5_reg   | Implied   | 64 x 8               | RAM64M8 x 2   | 
|inst        | q_local_V_U/ram6_reg   | Implied   | 64 x 8               | RAM64M8 x 2   | 
|inst        | q_local_V_1_U/ram0_reg | Implied   | 64 x 8               | RAM64X1D x 8  | 
|inst        | q_local_V_1_U/ram1_reg | Implied   | 64 x 8               | RAM64M8 x 2   | 
|inst        | q_local_V_1_U/ram2_reg | Implied   | 64 x 8               | RAM64M8 x 2   | 
|inst        | q_local_V_1_U/ram3_reg | Implied   | 64 x 8               | RAM64M8 x 2   | 
|inst        | q_local_V_1_U/ram4_reg | Implied   | 64 x 8               | RAM64M8 x 2   | 
|inst        | q_local_V_1_U/ram5_reg | Implied   | 64 x 8               | RAM64M8 x 2   | 
|inst        | q_local_V_1_U/ram6_reg | Implied   | 64 x 8               | RAM64M8 x 2   | 
|inst        | q_local_V_2_U/ram0_reg | Implied   | 64 x 8               | RAM64X1D x 8  | 
|inst        | q_local_V_2_U/ram1_reg | Implied   | 64 x 8               | RAM64M8 x 2   | 
|inst        | q_local_V_2_U/ram2_reg | Implied   | 64 x 8               | RAM64M8 x 2   | 
|inst        | q_local_V_2_U/ram3_reg | Implied   | 64 x 8               | RAM64M8 x 2   | 
|inst        | q_local_V_2_U/ram4_reg | Implied   | 64 x 8               | RAM64M8 x 2   | 
|inst        | q_local_V_2_U/ram5_reg | Implied   | 64 x 8               | RAM64M8 x 2   | 
|inst        | q_local_V_2_U/ram6_reg | Implied   | 64 x 8               | RAM64M8 x 2   | 
|inst        | q_local_V_3_U/ram0_reg | Implied   | 64 x 8               | RAM64X1D x 8  | 
|inst        | q_local_V_3_U/ram1_reg | Implied   | 64 x 8               | RAM64M8 x 2   | 
|inst        | q_local_V_3_U/ram2_reg | Implied   | 64 x 8               | RAM64M8 x 2   | 
|inst        | q_local_V_3_U/ram3_reg | Implied   | 64 x 8               | RAM64M8 x 2   | 
|inst        | q_local_V_3_U/ram4_reg | Implied   | 64 x 8               | RAM64M8 x 2   | 
|inst        | q_local_V_3_U/ram5_reg | Implied   | 64 x 8               | RAM64M8 x 2   | 
|inst        | q_local_V_3_U/ram6_reg | Implied   | 64 x 8               | RAM64M8 x 2   | 
|inst        | q_local_V_4_U/ram0_reg | Implied   | 64 x 8               | RAM64X1D x 8  | 
|inst        | q_local_V_4_U/ram1_reg | Implied   | 64 x 8               | RAM64M8 x 2   | 
|inst        | q_local_V_4_U/ram2_reg | Implied   | 64 x 8               | RAM64M8 x 2   | 
|inst        | q_local_V_4_U/ram3_reg | Implied   | 64 x 8               | RAM64M8 x 2   | 
|inst        | q_local_V_4_U/ram4_reg | Implied   | 64 x 8               | RAM64M8 x 2   | 
|inst        | q_local_V_4_U/ram5_reg | Implied   | 64 x 8               | RAM64M8 x 2   | 
|inst        | q_local_V_4_U/ram6_reg | Implied   | 64 x 8               | RAM64M8 x 2   | 
|inst        | q_local_V_5_U/ram0_reg | Implied   | 64 x 8               | RAM64X1D x 8  | 
|inst        | q_local_V_5_U/ram1_reg | Implied   | 64 x 8               | RAM64M8 x 2   | 
|inst        | q_local_V_5_U/ram2_reg | Implied   | 64 x 8               | RAM64M8 x 2   | 
|inst        | q_local_V_5_U/ram3_reg | Implied   | 64 x 8               | RAM64M8 x 2   | 
|inst        | q_local_V_5_U/ram4_reg | Implied   | 64 x 8               | RAM64M8 x 2   | 
|inst        | q_local_V_5_U/ram5_reg | Implied   | 64 x 8               | RAM64M8 x 2   | 
|inst        | q_local_V_5_U/ram6_reg | Implied   | 64 x 8               | RAM64M8 x 2   | 
|inst        | q_local_V_6_U/ram0_reg | Implied   | 64 x 8               | RAM64X1D x 8  | 
|inst        | q_local_V_6_U/ram1_reg | Implied   | 64 x 8               | RAM64M8 x 2   | 
|inst        | q_local_V_6_U/ram2_reg | Implied   | 64 x 8               | RAM64M8 x 2   | 
|inst        | q_local_V_6_U/ram3_reg | Implied   | 64 x 8               | RAM64M8 x 2   | 
|inst        | q_local_V_6_U/ram4_reg | Implied   | 64 x 8               | RAM64M8 x 2   | 
|inst        | q_local_V_6_U/ram5_reg | Implied   | 64 x 8               | RAM64M8 x 2   | 
|inst        | q_local_V_6_U/ram6_reg | Implied   | 64 x 8               | RAM64M8 x 2   | 
|inst        | q_local_V_7_U/ram0_reg | Implied   | 64 x 8               | RAM64X1D x 8  | 
|inst        | q_local_V_7_U/ram1_reg | Implied   | 64 x 8               | RAM64M8 x 2   | 
|inst        | q_local_V_7_U/ram2_reg | Implied   | 64 x 8               | RAM64M8 x 2   | 
|inst        | q_local_V_7_U/ram3_reg | Implied   | 64 x 8               | RAM64M8 x 2   | 
|inst        | q_local_V_7_U/ram4_reg | Implied   | 64 x 8               | RAM64M8 x 2   | 
|inst        | q_local_V_7_U/ram5_reg | Implied   | 64 x 8               | RAM64M8 x 2   | 
|inst        | q_local_V_7_U/ram6_reg | Implied   | 64 x 8               | RAM64M8 x 2   | 
+------------+------------------------+-----------+----------------------+---------------+

---------------------------------------------------------------------------------
Finished ROM, RAM, DSP, Shift Register and Retiming Reporting
---------------------------------------------------------------------------------
---------------------------------------------------------------------------------
Start Technology Mapping
---------------------------------------------------------------------------------
INFO: [Synth 8-7052] The timing for the instance inst/gmem0_m_axi_U/load_unit/buff_rdata/U_fifo_mem/mem_reg_7 (implemented as a Block RAM) might be sub-optimal as no optional output register could be merged into the ram block. Providing additional output register may help in improving timing.
INFO: [Synth 8-7052] The timing for the instance inst/score_local_U/ram_reg (implemented as a Block RAM) might be sub-optimal as no optional output register could be merged into the ram block. Providing additional output register may help in improving timing.
INFO: [Synth 8-7052] The timing for the instance inst/score_local_U/ram_reg (implemented as a Block RAM) might be sub-optimal as no optional output register could be merged into the ram block. Providing additional output register may help in improving timing.
INFO: [Synth 8-7052] The timing for the instance inst/gmem1_m_axi_U/load_unit/buff_rdata/U_fifo_mem/mem_reg_7 (implemented as a Block RAM) might be sub-optimal as no optional output register could be merged into the ram block. Providing additional output register may help in improving timing.
INFO: [Synth 8-7052] The timing for the instance inst/k_local_V_U/ram0_reg_bram_0 (implemented as a Block RAM) might be sub-optimal as no optional output register could be merged into the ram block. Providing additional output register may help in improving timing.
INFO: [Synth 8-7052] The timing for the instance inst/k_local_V_U/ram0_reg_bram_0 (implemented as a Block RAM) might be sub-optimal as no optional output register could be merged into the ram block. Providing additional output register may help in improving timing.
INFO: [Synth 8-7052] The timing for the instance inst/k_local_V_U/ram1_reg_bram_0 (implemented as a Block RAM) might be sub-optimal as no optional output register could be merged into the ram block. Providing additional output register may help in improving timing.
INFO: [Synth 8-7052] The timing for the instance inst/k_local_V_U/ram2_reg_bram_0 (implemented as a Block RAM) might be sub-optimal as no optional output register could be merged into the ram block. Providing additional output register may help in improving timing.
INFO: [Synth 8-7052] The timing for the instance inst/k_local_V_U/ram3_reg_bram_0 (implemented as a Block RAM) might be sub-optimal as no optional output register could be merged into the ram block. Providing additional output register may help in improving timing.
INFO: [Synth 8-7052] The timing for the instance inst/k_local_V_U/ram4_reg_bram_0 (implemented as a Block RAM) might be sub-optimal as no optional output register could be merged into the ram block. Providing additional output register may help in improving timing.
INFO: [Synth 8-7052] The timing for the instance inst/k_local_V_U/ram5_reg_bram_0 (implemented as a Block RAM) might be sub-optimal as no optional output register could be merged into the ram block. Providing additional output register may help in improving timing.
INFO: [Synth 8-7052] The timing for the instance inst/k_local_V_U/ram6_reg_bram_0 (implemented as a Block RAM) might be sub-optimal as no optional output register could be merged into the ram block. Providing additional output register may help in improving timing.
INFO: [Synth 8-7052] The timing for the instance inst/k_local_V_1_U/ram0_reg_bram_0 (implemented as a Block RAM) might be sub-optimal as no optional output register could be merged into the ram block. Providing additional output register may help in improving timing.
INFO: [Synth 8-7052] The timing for the instance inst/k_local_V_1_U/ram0_reg_bram_0 (implemented as a Block RAM) might be sub-optimal as no optional output register could be merged into the ram block. Providing additional output register may help in improving timing.
INFO: [Synth 8-7052] The timing for the instance inst/k_local_V_1_U/ram1_reg_bram_0 (implemented as a Block RAM) might be sub-optimal as no optional output register could be merged into the ram block. Providing additional output register may help in improving timing.
INFO: [Synth 8-7052] The timing for the instance inst/k_local_V_1_U/ram2_reg_bram_0 (implemented as a Block RAM) might be sub-optimal as no optional output register could be merged into the ram block. Providing additional output register may help in improving timing.
INFO: [Synth 8-7052] The timing for the instance inst/k_local_V_1_U/ram3_reg_bram_0 (implemented as a Block RAM) might be sub-optimal as no optional output register could be merged into the ram block. Providing additional output register may help in improving timing.
INFO: [Synth 8-7052] The timing for the instance inst/k_local_V_1_U/ram4_reg_bram_0 (implemented as a Block RAM) might be sub-optimal as no optional output register could be merged into the ram block. Providing additional output register may help in improving timing.
INFO: [Synth 8-7052] The timing for the instance inst/k_local_V_1_U/ram5_reg_bram_0 (implemented as a Block RAM) might be sub-optimal as no optional output register could be merged into the ram block. Providing additional output register may help in improving timing.
INFO: [Synth 8-7052] The timing for the instance inst/k_local_V_1_U/ram6_reg_bram_0 (implemented as a Block RAM) might be sub-optimal as no optional output register could be merged into the ram block. Providing additional output register may help in improving timing.
INFO: [Synth 8-7052] The timing for the instance inst/k_local_V_2_U/ram0_reg_bram_0 (implemented as a Block RAM) might be sub-optimal as no optional output register could be merged into the ram block. Providing additional output register may help in improving timing.
INFO: [Synth 8-7052] The timing for the instance inst/k_local_V_2_U/ram0_reg_bram_0 (implemented as a Block RAM) might be sub-optimal as no optional output register could be merged into the ram block. Providing additional output register may help in improving timing.
INFO: [Synth 8-7052] The timing for the instance inst/k_local_V_2_U/ram1_reg_bram_0 (implemented as a Block RAM) might be sub-optimal as no optional output register could be merged into the ram block. Providing additional output register may help in improving timing.
INFO: [Synth 8-7052] The timing for the instance inst/k_local_V_2_U/ram2_reg_bram_0 (implemented as a Block RAM) might be sub-optimal as no optional output register could be merged into the ram block. Providing additional output register may help in improving timing.
INFO: [Synth 8-7052] The timing for the instance inst/k_local_V_2_U/ram3_reg_bram_0 (implemented as a Block RAM) might be sub-optimal as no optional output register could be merged into the ram block. Providing additional output register may help in improving timing.
INFO: [Synth 8-7052] The timing for the instance inst/k_local_V_2_U/ram4_reg_bram_0 (implemented as a Block RAM) might be sub-optimal as no optional output register could be merged into the ram block. Providing additional output register may help in improving timing.
INFO: [Synth 8-7052] The timing for the instance inst/k_local_V_2_U/ram5_reg_bram_0 (implemented as a Block RAM) might be sub-optimal as no optional output register could be merged into the ram block. Providing additional output register may help in improving timing.
INFO: [Synth 8-7052] The timing for the instance inst/k_local_V_2_U/ram6_reg_bram_0 (implemented as a Block RAM) might be sub-optimal as no optional output register could be merged into the ram block. Providing additional output register may help in improving timing.
INFO: [Synth 8-7052] The timing for the instance inst/k_local_V_3_U/ram0_reg_bram_0 (implemented as a Block RAM) might be sub-optimal as no optional output register could be merged into the ram block. Providing additional output register may help in improving timing.
INFO: [Synth 8-7052] The timing for the instance inst/k_local_V_3_U/ram0_reg_bram_0 (implemented as a Block RAM) might be sub-optimal as no optional output register could be merged into the ram block. Providing additional output register may help in improving timing.
INFO: [Synth 8-7052] The timing for the instance inst/k_local_V_3_U/ram1_reg_bram_0 (implemented as a Block RAM) might be sub-optimal as no optional output register could be merged into the ram block. Providing additional output register may help in improving timing.
INFO: [Synth 8-7052] The timing for the instance inst/k_local_V_3_U/ram2_reg_bram_0 (implemented as a Block RAM) might be sub-optimal as no optional output register could be merged into the ram block. Providing additional output register may help in improving timing.
INFO: [Synth 8-7052] The timing for the instance inst/k_local_V_3_U/ram3_reg_bram_0 (implemented as a Block RAM) might be sub-optimal as no optional output register could be merged into the ram block. Providing additional output register may help in improving timing.
INFO: [Synth 8-7052] The timing for the instance inst/k_local_V_3_U/ram4_reg_bram_0 (implemented as a Block RAM) might be sub-optimal as no optional output register could be merged into the ram block. Providing additional output register may help in improving timing.
INFO: [Synth 8-7052] The timing for the instance inst/k_local_V_3_U/ram5_reg_bram_0 (implemented as a Block RAM) might be sub-optimal as no optional output register could be merged into the ram block. Providing additional output register may help in improving timing.
INFO: [Synth 8-7052] The timing for the instance inst/k_local_V_3_U/ram6_reg_bram_0 (implemented as a Block RAM) might be sub-optimal as no optional output register could be merged into the ram block. Providing additional output register may help in improving timing.
INFO: [Synth 8-7052] The timing for the instance inst/k_local_V_4_U/ram0_reg_bram_0 (implemented as a Block RAM) might be sub-optimal as no optional output register could be merged into the ram block. Providing additional output register may help in improving timing.
INFO: [Synth 8-7052] The timing for the instance inst/k_local_V_4_U/ram0_reg_bram_0 (implemented as a Block RAM) might be sub-optimal as no optional output register could be merged into the ram block. Providing additional output register may help in improving timing.
INFO: [Synth 8-7052] The timing for the instance inst/k_local_V_4_U/ram1_reg_bram_0 (implemented as a Block RAM) might be sub-optimal as no optional output register could be merged into the ram block. Providing additional output register may help in improving timing.
INFO: [Synth 8-7052] The timing for the instance inst/k_local_V_4_U/ram2_reg_bram_0 (implemented as a Block RAM) might be sub-optimal as no optional output register could be merged into the ram block. Providing additional output register may help in improving timing.
INFO: [Synth 8-7052] The timing for the instance inst/k_local_V_4_U/ram3_reg_bram_0 (implemented as a Block RAM) might be sub-optimal as no optional output register could be merged into the ram block. Providing additional output register may help in improving timing.
INFO: [Synth 8-7052] The timing for the instance inst/k_local_V_4_U/ram4_reg_bram_0 (implemented as a Block RAM) might be sub-optimal as no optional output register could be merged into the ram block. Providing additional output register may help in improving timing.
INFO: [Synth 8-7052] The timing for the instance inst/k_local_V_4_U/ram5_reg_bram_0 (implemented as a Block RAM) might be sub-optimal as no optional output register could be merged into the ram block. Providing additional output register may help in improving timing.
INFO: [Synth 8-7052] The timing for the instance inst/k_local_V_4_U/ram6_reg_bram_0 (implemented as a Block RAM) might be sub-optimal as no optional output register could be merged into the ram block. Providing additional output register may help in improving timing.
INFO: [Synth 8-7052] The timing for the instance inst/k_local_V_5_U/ram0_reg_bram_0 (implemented as a Block RAM) might be sub-optimal as no optional output register could be merged into the ram block. Providing additional output register may help in improving timing.
INFO: [Synth 8-7052] The timing for the instance inst/k_local_V_5_U/ram0_reg_bram_0 (implemented as a Block RAM) might be sub-optimal as no optional output register could be merged into the ram block. Providing additional output register may help in improving timing.
INFO: [Synth 8-7052] The timing for the instance inst/k_local_V_5_U/ram1_reg_bram_0 (implemented as a Block RAM) might be sub-optimal as no optional output register could be merged into the ram block. Providing additional output register may help in improving timing.
INFO: [Synth 8-7052] The timing for the instance inst/k_local_V_5_U/ram2_reg_bram_0 (implemented as a Block RAM) might be sub-optimal as no optional output register could be merged into the ram block. Providing additional output register may help in improving timing.
INFO: [Synth 8-7052] The timing for the instance inst/k_local_V_5_U/ram3_reg_bram_0 (implemented as a Block RAM) might be sub-optimal as no optional output register could be merged into the ram block. Providing additional output register may help in improving timing.
INFO: [Synth 8-7052] The timing for the instance inst/k_local_V_5_U/ram4_reg_bram_0 (implemented as a Block RAM) might be sub-optimal as no optional output register could be merged into the ram block. Providing additional output register may help in improving timing.
INFO: [Synth 8-7052] The timing for the instance inst/k_local_V_5_U/ram5_reg_bram_0 (implemented as a Block RAM) might be sub-optimal as no optional output register could be merged into the ram block. Providing additional output register may help in improving timing.
INFO: [Synth 8-7052] The timing for the instance inst/k_local_V_5_U/ram6_reg_bram_0 (implemented as a Block RAM) might be sub-optimal as no optional output register could be merged into the ram block. Providing additional output register may help in improving timing.
INFO: [Synth 8-7052] The timing for the instance inst/k_local_V_6_U/ram0_reg_bram_0 (implemented as a Block RAM) might be sub-optimal as no optional output register could be merged into the ram block. Providing additional output register may help in improving timing.
INFO: [Synth 8-7052] The timing for the instance inst/k_local_V_6_U/ram0_reg_bram_0 (implemented as a Block RAM) might be sub-optimal as no optional output register could be merged into the ram block. Providing additional output register may help in improving timing.
INFO: [Synth 8-7052] The timing for the instance inst/k_local_V_6_U/ram1_reg_bram_0 (implemented as a Block RAM) might be sub-optimal as no optional output register could be merged into the ram block. Providing additional output register may help in improving timing.
INFO: [Synth 8-7052] The timing for the instance inst/k_local_V_6_U/ram2_reg_bram_0 (implemented as a Block RAM) might be sub-optimal as no optional output register could be merged into the ram block. Providing additional output register may help in improving timing.
INFO: [Synth 8-7052] The timing for the instance inst/k_local_V_6_U/ram3_reg_bram_0 (implemented as a Block RAM) might be sub-optimal as no optional output register could be merged into the ram block. Providing additional output register may help in improving timing.
INFO: [Synth 8-7052] The timing for the instance inst/k_local_V_6_U/ram4_reg_bram_0 (implemented as a Block RAM) might be sub-optimal as no optional output register could be merged into the ram block. Providing additional output register may help in improving timing.
INFO: [Synth 8-7052] The timing for the instance inst/k_local_V_6_U/ram5_reg_bram_0 (implemented as a Block RAM) might be sub-optimal as no optional output register could be merged into the ram block. Providing additional output register may help in improving timing.
INFO: [Synth 8-7052] The timing for the instance inst/k_local_V_6_U/ram6_reg_bram_0 (implemented as a Block RAM) might be sub-optimal as no optional output register could be merged into the ram block. Providing additional output register may help in improving timing.
INFO: [Synth 8-7052] The timing for the instance inst/k_local_V_7_U/ram0_reg_bram_0 (implemented as a Block RAM) might be sub-optimal as no optional output register could be merged into the ram block. Providing additional output register may help in improving timing.
INFO: [Synth 8-7052] The timing for the instance inst/k_local_V_7_U/ram0_reg_bram_0 (implemented as a Block RAM) might be sub-optimal as no optional output register could be merged into the ram block. Providing additional output register may help in improving timing.
INFO: [Synth 8-7052] The timing for the instance inst/k_local_V_7_U/ram1_reg_bram_0 (implemented as a Block RAM) might be sub-optimal as no optional output register could be merged into the ram block. Providing additional output register may help in improving timing.
INFO: [Synth 8-7052] The timing for the instance inst/k_local_V_7_U/ram2_reg_bram_0 (implemented as a Block RAM) might be sub-optimal as no optional output register could be merged into the ram block. Providing additional output register may help in improving timing.
INFO: [Synth 8-7052] The timing for the instance inst/k_local_V_7_U/ram3_reg_bram_0 (implemented as a Block RAM) might be sub-optimal as no optional output register could be merged into the ram block. Providing additional output register may help in improving timing.
INFO: [Synth 8-7052] The timing for the instance inst/k_local_V_7_U/ram4_reg_bram_0 (implemented as a Block RAM) might be sub-optimal as no optional output register could be merged into the ram block. Providing additional output register may help in improving timing.
INFO: [Synth 8-7052] The timing for the instance inst/k_local_V_7_U/ram5_reg_bram_0 (implemented as a Block RAM) might be sub-optimal as no optional output register could be merged into the ram block. Providing additional output register may help in improving timing.
INFO: [Synth 8-7052] The timing for the instance inst/k_local_V_7_U/ram6_reg_bram_0 (implemented as a Block RAM) might be sub-optimal as no optional output register could be merged into the ram block. Providing additional output register may help in improving timing.
---------------------------------------------------------------------------------
Finished Technology Mapping : Time (s): cpu = 00:01:19 ; elapsed = 00:01:23 . Memory (MB): peak = 3807.863 ; gain = 1076.520 ; free physical = 9803 ; free virtual = 14767
Synthesis current peak Physical Memory [PSS] (MB): peak = 2997.322; parent = 2840.712; children = 172.293
Synthesis current peak Virtual Memory [VSS] (MB): peak = 4777.629; parent = 3807.867; children = 969.762
---------------------------------------------------------------------------------
---------------------------------------------------------------------------------
Start IO Insertion
---------------------------------------------------------------------------------
---------------------------------------------------------------------------------
Start Flattening Before IO Insertion
---------------------------------------------------------------------------------
---------------------------------------------------------------------------------
Finished Flattening Before IO Insertion
---------------------------------------------------------------------------------
---------------------------------------------------------------------------------
Start Final Netlist Cleanup
---------------------------------------------------------------------------------
---------------------------------------------------------------------------------
Finished Final Netlist Cleanup
---------------------------------------------------------------------------------
---------------------------------------------------------------------------------
Finished IO Insertion : Time (s): cpu = 00:01:23 ; elapsed = 00:01:27 . Memory (MB): peak = 3807.863 ; gain = 1076.520 ; free physical = 14936 ; free virtual = 19901
Synthesis current peak Physical Memory [PSS] (MB): peak = 3109.950; parent = 2923.850; children = 186.101
Synthesis current peak Virtual Memory [VSS] (MB): peak = 4777.629; parent = 3807.867; children = 969.762
---------------------------------------------------------------------------------
---------------------------------------------------------------------------------
Start Renaming Generated Instances
---------------------------------------------------------------------------------
---------------------------------------------------------------------------------
Finished Renaming Generated Instances : Time (s): cpu = 00:01:23 ; elapsed = 00:01:27 . Memory (MB): peak = 3807.863 ; gain = 1076.520 ; free physical = 14941 ; free virtual = 19907
Synthesis current peak Physical Memory [PSS] (MB): peak = 3109.950; parent = 2923.850; children = 186.101
Synthesis current peak Virtual Memory [VSS] (MB): peak = 4777.629; parent = 3807.867; children = 969.762
---------------------------------------------------------------------------------
---------------------------------------------------------------------------------
Start Rebuilding User Hierarchy
---------------------------------------------------------------------------------
---------------------------------------------------------------------------------
Finished Rebuilding User Hierarchy : Time (s): cpu = 00:01:24 ; elapsed = 00:01:29 . Memory (MB): peak = 3807.863 ; gain = 1076.520 ; free physical = 14931 ; free virtual = 19905
Synthesis current peak Physical Memory [PSS] (MB): peak = 3112.498; parent = 2926.488; children = 186.101
Synthesis current peak Virtual Memory [VSS] (MB): peak = 4777.629; parent = 3807.867; children = 969.762
---------------------------------------------------------------------------------
---------------------------------------------------------------------------------
Start Renaming Generated Ports
---------------------------------------------------------------------------------
---------------------------------------------------------------------------------
Finished Renaming Generated Ports : Time (s): cpu = 00:01:25 ; elapsed = 00:01:29 . Memory (MB): peak = 3807.863 ; gain = 1076.520 ; free physical = 14927 ; free virtual = 19903
Synthesis current peak Physical Memory [PSS] (MB): peak = 3112.498; parent = 2926.488; children = 186.101
Synthesis current peak Virtual Memory [VSS] (MB): peak = 4777.629; parent = 3807.867; children = 969.762
---------------------------------------------------------------------------------
---------------------------------------------------------------------------------
Start Handling Custom Attributes
---------------------------------------------------------------------------------
---------------------------------------------------------------------------------
Finished Handling Custom Attributes : Time (s): cpu = 00:01:25 ; elapsed = 00:01:29 . Memory (MB): peak = 3807.863 ; gain = 1076.520 ; free physical = 14919 ; free virtual = 19899
Synthesis current peak Physical Memory [PSS] (MB): peak = 3112.498; parent = 2926.488; children = 186.101
Synthesis current peak Virtual Memory [VSS] (MB): peak = 4777.629; parent = 3807.867; children = 969.762
---------------------------------------------------------------------------------
---------------------------------------------------------------------------------
Start Renaming Generated Nets
---------------------------------------------------------------------------------
---------------------------------------------------------------------------------
Finished Renaming Generated Nets : Time (s): cpu = 00:01:25 ; elapsed = 00:01:29 . Memory (MB): peak = 3807.863 ; gain = 1076.520 ; free physical = 14929 ; free virtual = 19909
Synthesis current peak Physical Memory [PSS] (MB): peak = 3112.498; parent = 2926.488; children = 186.101
Synthesis current peak Virtual Memory [VSS] (MB): peak = 4777.629; parent = 3807.867; children = 969.762
---------------------------------------------------------------------------------
---------------------------------------------------------------------------------
Start ROM, RAM, DSP, Shift Register and Retiming Reporting
---------------------------------------------------------------------------------

Static Shift Register Report:
+----------------------------+-----------------------------------------------------------------------------+--------+-------+--------------+--------------------+-------------------+--------+---------+
|Module Name                 | RTL Name                                                                    | Length | Width | Reset Signal | Pull out first Reg | Pull out last Reg | SRL16E | SRLC32E | 
+----------------------------+-----------------------------------------------------------------------------+--------+-------+--------------+--------------------+-------------------+--------+---------+
|attention_score_u55c_kernel | grp_attention_score_core_hls_fu_277/icmp_ln17_reg_3710_pp0_iter5_reg_reg[0] | 5      | 1     | NO           | NO                 | YES               | 1      | 0       | 
|attention_score_u55c_kernel | grp_attention_score_core_hls_fu_277/cmp5_reg_3701_pp0_iter5_reg_reg[0]      | 6      | 1     | NO           | YES                | YES               | 1      | 0       | 
|attention_score_u55c_kernel | grp_attention_score_core_hls_fu_277/cmp5_mid1_reg_3715_pp0_iter5_reg_reg[0] | 5      | 1     | NO           | NO                 | YES               | 1      | 0       | 
|attention_score_u55c_kernel | grp_attention_score_core_hls_fu_277/icmp_ln21_reg_4365_pp0_iter5_reg_reg[0] | 5      | 1     | NO           | NO                 | YES               | 1      | 0       | 
|attention_score_u55c_kernel | grp_attention_score_core_hls_fu_277/ap_loop_exit_ready_pp0_iter5_reg_reg    | 5      | 1     | NO           | NO                 | YES               | 1      | 0       | 
|attention_score_u55c_kernel | grp_attention_score_core_hls_fu_277/add_ln29_reg_4360_pp0_iter5_reg_reg[8]  | 5      | 9     | NO           | NO                 | YES               | 9      | 0       | 
+----------------------------+-----------------------------------------------------------------------------+--------+-------+--------------+--------------------+-------------------+--------+---------+


Dynamic Shift Register Report:
+------------+-------------+--------+------------+--------+---------+--------+--------+--------+
|Module Name | RTL Name    | Length | Data Width | SRL16E | SRLC32E | Mux F7 | Mux F8 | Mux F9 | 
+------------+-------------+--------+------------+--------+---------+--------+--------+--------+
|dsrl        | mem_reg[67] | 96     | 96         | 0      | 288     | 192    | 96     | 0      | 
|dsrl__1     | mem_reg[14] | 1      | 1          | 1      | 0       | 0      | 0      | 0      | 
|dsrl__2     | mem_reg[67] | 1      | 1          | 0      | 3       | 2      | 1      | 0      | 
|dsrl__3     | mem_reg[14] | 8      | 8          | 8      | 0       | 0      | 0      | 0      | 
|dsrl__4     | mem_reg[14] | 72     | 72         | 72     | 0       | 0      | 0      | 0      | 
|dsrl__5     | mem_reg[14] | 577    | 577        | 577    | 0       | 0      | 0      | 0      | 
|dsrl__6     | mem_reg[67] | 96     | 96         | 0      | 288     | 192    | 96     | 0      | 
|dsrl__7     | mem_reg[14] | 1      | 1          | 1      | 0       | 0      | 0      | 0      | 
|dsrl__8     | mem_reg[67] | 1      | 1          | 0      | 3       | 2      | 1      | 0      | 
|dsrl__9     | mem_reg[14] | 8      | 8          | 8      | 0       | 0      | 0      | 0      | 
|dsrl__10    | mem_reg[14] | 72     | 72         | 72     | 0       | 0      | 0      | 0      | 
|dsrl__11    | mem_reg[14] | 577    | 577        | 577    | 0       | 0      | 0      | 0      | 
|dsrl__12    | mem_reg[67] | 96     | 96         | 0      | 288     | 192    | 96     | 0      | 
|dsrl__13    | mem_reg[14] | 1      | 1          | 1      | 0       | 0      | 0      | 0      | 
|dsrl__14    | mem_reg[67] | 1      | 1          | 0      | 3       | 2      | 1      | 0      | 
|dsrl__15    | mem_reg[14] | 8      | 8          | 8      | 0       | 0      | 0      | 0      | 
|dsrl__16    | mem_reg[14] | 72     | 72         | 72     | 0       | 0      | 0      | 0      | 
|dsrl__17    | mem_reg[14] | 577    | 577        | 577    | 0       | 0      | 0      | 0      | 
+------------+-------------+--------+------------+--------+---------+--------+--------+--------+

---------------------------------------------------------------------------------
Finished ROM, RAM, DSP, Shift Register and Retiming Reporting
---------------------------------------------------------------------------------
---------------------------------------------------------------------------------
Start Writing Synthesis Report
---------------------------------------------------------------------------------

DSP Final Report (the ' indicates corresponding REG is set)
+----------------------------------------------------------------+-------------------+--------+--------+--------+--------+--------+------+------+------+------+-------+------+------+
|Module Name                                                     | DSP Mapping       | A Size | B Size | C Size | D Size | P Size | AREG | BREG | CREG | DREG | ADREG | MREG | PREG | 
+----------------------------------------------------------------+-------------------+--------+--------+--------+--------+--------+------+------+------+------+-------+------+------+
|attention_score_u55c_kernel_mac_muladd_8s_8s_16s_17_4_1_DSP48_0 | (A'*B'')'         | 30     | 18     | -      | -      | 0      | 1    | 2    | -    | -    | -     | 0    | 1    | 
|attention_score_u55c_kernel_attention_score_core_hls            | (PCIN+A''*B'')'   | 30     | 18     | -      | -      | 17     | 2    | 2    | -    | -    | -     | 0    | 1    | 
|attention_score_u55c_kernel_mac_muladd_8s_8s_16s_17_4_1_DSP48_0 | (A'*B'')'         | 30     | 18     | -      | -      | 0      | 1    | 2    | -    | -    | -     | 0    | 1    | 
|attention_score_u55c_kernel_attention_score_core_hls            | (PCIN+A''*B'')'   | 30     | 18     | -      | -      | 17     | 2    | 2    | -    | -    | -     | 0    | 1    | 
|attention_score_u55c_kernel_mac_muladd_8s_8s_16s_17_4_1_DSP48_0 | (A'*B'')'         | 30     | 18     | -      | -      | 0      | 1    | 2    | -    | -    | -     | 0    | 1    | 
|attention_score_u55c_kernel_attention_score_core_hls            | (PCIN+A''*B'')'   | 30     | 18     | -      | -      | 17     | 2    | 2    | -    | -    | -     | 0    | 1    | 
|attention_score_u55c_kernel_mac_muladd_8s_8s_16s_17_4_1_DSP48_0 | (A'*B'')'         | 30     | 18     | -      | -      | 0      | 1    | 2    | -    | -    | -     | 0    | 1    | 
|attention_score_u55c_kernel_attention_score_core_hls            | (PCIN+A''*B'')'   | 30     | 18     | -      | -      | 17     | 2    | 2    | -    | -    | -     | 0    | 1    | 
|attention_score_u55c_kernel_mac_muladd_8s_8s_16s_17_4_1_DSP48_0 | (A'*B'')'         | 30     | 18     | -      | -      | 0      | 1    | 2    | -    | -    | -     | 0    | 1    | 
|attention_score_u55c_kernel_attention_score_core_hls            | (PCIN+A''*B'')'   | 30     | 18     | -      | -      | 17     | 2    | 2    | -    | -    | -     | 0    | 1    | 
|attention_score_u55c_kernel_mac_muladd_8s_8s_16s_17_4_1_DSP48_0 | (A'*B'')'         | 30     | 18     | -      | -      | 0      | 1    | 2    | -    | -    | -     | 0    | 1    | 
|attention_score_u55c_kernel_attention_score_core_hls            | (PCIN+A''*B'')'   | 30     | 18     | -      | -      | 17     | 2    | 2    | -    | -    | -     | 0    | 1    | 
|attention_score_u55c_kernel_mac_muladd_8s_8s_16s_17_4_1_DSP48_0 | (A'*B'')'         | 30     | 18     | -      | -      | 0      | 1    | 2    | -    | -    | -     | 0    | 1    | 
|attention_score_u55c_kernel_attention_score_core_hls            | (PCIN+A''*B'')'   | 30     | 18     | -      | -      | 17     | 2    | 2    | -    | -    | -     | 0    | 1    | 
|attention_score_u55c_kernel_mac_muladd_8s_8s_16s_17_4_1_DSP48_0 | (A'*B'')'         | 30     | 18     | -      | -      | 0      | 1    | 2    | -    | -    | -     | 0    | 1    | 
|attention_score_u55c_kernel_attention_score_core_hls            | (PCIN+A''*B'')'   | 30     | 18     | -      | -      | 17     | 2    | 2    | -    | -    | -     | 0    | 1    | 
|attention_score_u55c_kernel_mac_muladd_8s_8s_16s_17_4_1_DSP48_0 | (A'*B'')'         | 30     | 18     | -      | -      | 0      | 1    | 2    | -    | -    | -     | 0    | 1    | 
|attention_score_u55c_kernel_attention_score_core_hls            | (PCIN+A''*B'')'   | 30     | 18     | -      | -      | 17     | 2    | 2    | -    | -    | -     | 0    | 1    | 
|attention_score_u55c_kernel_mac_muladd_8s_8s_16s_17_4_1_DSP48_0 | (A'*B'')'         | 30     | 18     | -      | -      | 0      | 1    | 2    | -    | -    | -     | 0    | 1    | 
|attention_score_u55c_kernel_attention_score_core_hls            | (PCIN+A''*B'')'   | 30     | 18     | -      | -      | 17     | 2    | 2    | -    | -    | -     | 0    | 1    | 
|attention_score_u55c_kernel_mac_muladd_8s_8s_16s_17_4_1_DSP48_0 | (A'*B'')'         | 30     | 18     | -      | -      | 0      | 1    | 2    | -    | -    | -     | 0    | 1    | 
|attention_score_u55c_kernel_attention_score_core_hls            | (PCIN+A''*B'')'   | 30     | 18     | -      | -      | 17     | 2    | 2    | -    | -    | -     | 0    | 1    | 
|attention_score_u55c_kernel_mac_muladd_8s_8s_16s_17_4_1_DSP48_0 | (A'*B'')'         | 30     | 18     | -      | -      | 0      | 1    | 2    | -    | -    | -     | 0    | 1    | 
|attention_score_u55c_kernel_attention_score_core_hls            | (PCIN+A''*B'')'   | 30     | 18     | -      | -      | 17     | 2    | 2    | -    | -    | -     | 0    | 1    | 
|attention_score_u55c_kernel_mac_muladd_8s_8s_16s_17_4_1_DSP48_0 | (A'*B'')'         | 30     | 18     | -      | -      | 0      | 1    | 2    | -    | -    | -     | 0    | 1    | 
|attention_score_u55c_kernel_attention_score_core_hls            | (PCIN+A''*B'')'   | 30     | 18     | -      | -      | 17     | 2    | 2    | -    | -    | -     | 0    | 1    | 
|attention_score_u55c_kernel_mac_muladd_8s_8s_16s_17_4_1_DSP48_0 | (A'*B'')'         | 30     | 18     | -      | -      | 0      | 1    | 2    | -    | -    | -     | 0    | 1    | 
|attention_score_u55c_kernel_attention_score_core_hls            | (PCIN+A''*B'')'   | 30     | 18     | -      | -      | 17     | 2    | 2    | -    | -    | -     | 0    | 1    | 
|attention_score_u55c_kernel_mac_muladd_8s_8s_16s_17_4_1_DSP48_0 | (A'*B'')'         | 30     | 18     | -      | -      | 0      | 1    | 2    | -    | -    | -     | 0    | 1    | 
|attention_score_u55c_kernel_attention_score_core_hls            | (PCIN+(A'*B'')')' | 30     | 18     | -      | -      | 17     | 1    | 2    | -    | -    | -     | 1    | 1    | 
|attention_score_u55c_kernel_mac_muladd_8s_8s_16s_17_4_1_DSP48_0 | (A'*B'')'         | 30     | 18     | -      | -      | 0      | 1    | 2    | -    | -    | -     | 0    | 1    | 
|attention_score_u55c_kernel_attention_score_core_hls            | (PCIN+A''*B'')'   | 30     | 18     | -      | -      | 17     | 2    | 2    | -    | -    | -     | 0    | 1    | 
|attention_score_u55c_kernel_mac_muladd_8s_8s_16s_17_4_1_DSP48_0 | (A'*B'')'         | 30     | 18     | -      | -      | 0      | 1    | 2    | -    | -    | -     | 0    | 1    | 
|attention_score_u55c_kernel_attention_score_core_hls            | (PCIN+A''*B'')'   | 30     | 18     | -      | -      | 17     | 2    | 2    | -    | -    | -     | 0    | 1    | 
|attention_score_u55c_kernel_mac_muladd_8s_8s_16s_17_4_1_DSP48_0 | (A'*B'')'         | 30     | 18     | -      | -      | 0      | 1    | 2    | -    | -    | -     | 0    | 1    | 
|attention_score_u55c_kernel_attention_score_core_hls            | (PCIN+A''*B'')'   | 30     | 18     | -      | -      | 17     | 2    | 2    | -    | -    | -     | 0    | 1    | 
|attention_score_u55c_kernel_mac_muladd_8s_8s_16s_17_4_1_DSP48_0 | (A'*B'')'         | 30     | 18     | -      | -      | 0      | 1    | 2    | -    | -    | -     | 0    | 1    | 
|attention_score_u55c_kernel_attention_score_core_hls            | (PCIN+A''*B'')'   | 30     | 18     | -      | -      | 17     | 2    | 2    | -    | -    | -     | 0    | 1    | 
|attention_score_u55c_kernel_mac_muladd_8s_8s_16s_17_4_1_DSP48_0 | (A'*B'')'         | 30     | 18     | -      | -      | 0      | 1    | 2    | -    | -    | -     | 0    | 1    | 
|attention_score_u55c_kernel_attention_score_core_hls            | (PCIN+A''*B'')'   | 30     | 18     | -      | -      | 17     | 2    | 2    | -    | -    | -     | 0    | 1    | 
|attention_score_u55c_kernel_mac_muladd_8s_8s_16s_17_4_1_DSP48_0 | (A'*B'')'         | 30     | 18     | -      | -      | 0      | 1    | 2    | -    | -    | -     | 0    | 1    | 
|attention_score_u55c_kernel_attention_score_core_hls            | (PCIN+A''*B'')'   | 30     | 18     | -      | -      | 17     | 2    | 2    | -    | -    | -     | 0    | 1    | 
|attention_score_u55c_kernel_mac_muladd_8s_8s_16s_17_4_1_DSP48_0 | (A'*B'')'         | 30     | 18     | -      | -      | 0      | 1    | 2    | -    | -    | -     | 0    | 1    | 
|attention_score_u55c_kernel_attention_score_core_hls            | (PCIN+A''*B'')'   | 30     | 18     | -      | -      | 17     | 2    | 2    | -    | -    | -     | 0    | 1    | 
|attention_score_u55c_kernel_mac_muladd_8s_8s_16s_17_4_1_DSP48_0 | (A'*B'')'         | 30     | 18     | -      | -      | 0      | 1    | 2    | -    | -    | -     | 0    | 1    | 
|attention_score_u55c_kernel_attention_score_core_hls            | (PCIN+(A'*B'')')' | 30     | 18     | -      | -      | 17     | 1    | 2    | -    | -    | -     | 1    | 1    | 
|attention_score_u55c_kernel_mac_muladd_8s_8s_16s_17_4_1_DSP48_0 | (A'*B'')'         | 30     | 18     | -      | -      | 0      | 1    | 2    | -    | -    | -     | 0    | 1    | 
|attention_score_u55c_kernel_attention_score_core_hls            | (PCIN+(A'*B'')')' | 30     | 18     | -      | -      | 17     | 1    | 2    | -    | -    | -     | 1    | 1    | 
|attention_score_u55c_kernel_mac_muladd_8s_8s_16s_17_4_1_DSP48_0 | (A'*B'')'         | 30     | 18     | -      | -      | 0      | 1    | 2    | -    | -    | -     | 0    | 1    | 
|attention_score_u55c_kernel_attention_score_core_hls            | (PCIN+A''*B'')'   | 30     | 18     | -      | -      | 17     | 2    | 2    | -    | -    | -     | 0    | 1    | 
|attention_score_u55c_kernel_mac_muladd_8s_8s_16s_17_4_1_DSP48_0 | (A'*B'')'         | 30     | 18     | -      | -      | 0      | 1    | 2    | -    | -    | -     | 0    | 1    | 
|attention_score_u55c_kernel_attention_score_core_hls            | (PCIN+(A'*B'')')' | 30     | 18     | -      | -      | 17     | 1    | 2    | -    | -    | -     | 1    | 1    | 
|attention_score_u55c_kernel_mac_muladd_8s_8s_16s_17_4_1_DSP48_0 | (A'*B'')'         | 30     | 18     | -      | -      | 0      | 1    | 2    | -    | -    | -     | 0    | 1    | 
|attention_score_u55c_kernel_attention_score_core_hls            | (PCIN+(A'*B'')')' | 30     | 18     | -      | -      | 17     | 1    | 2    | -    | -    | -     | 1    | 1    | 
|attention_score_u55c_kernel_mac_muladd_8s_8s_16s_17_4_1_DSP48_0 | (A'*B'')'         | 30     | 18     | -      | -      | 0      | 1    | 2    | -    | -    | -     | 0    | 1    | 
|attention_score_u55c_kernel_attention_score_core_hls            | (PCIN+(A'*B'')')' | 30     | 18     | -      | -      | 17     | 1    | 2    | -    | -    | -     | 1    | 1    | 
|attention_score_u55c_kernel_mac_muladd_8s_8s_16s_17_4_1_DSP48_0 | (A'*B'')'         | 30     | 18     | -      | -      | 0      | 1    | 2    | -    | -    | -     | 0    | 1    | 
|attention_score_u55c_kernel_attention_score_core_hls            | (PCIN+(A'*B'')')' | 30     | 18     | -      | -      | 17     | 1    | 2    | -    | -    | -     | 1    | 1    | 
|attention_score_u55c_kernel_mac_muladd_8s_8s_16s_17_4_1_DSP48_0 | (A'*B'')'         | 30     | 18     | -      | -      | 0      | 1    | 2    | -    | -    | -     | 0    | 1    | 
|attention_score_u55c_kernel_attention_score_core_hls            | (PCIN+(A'*B'')')' | 30     | 18     | -      | -      | 17     | 1    | 2    | -    | -    | -     | 1    | 1    | 
|attention_score_u55c_kernel_mac_muladd_8s_8s_16s_17_4_1_DSP48_0 | (A'*B'')'         | 30     | 18     | -      | -      | 0      | 1    | 2    | -    | -    | -     | 0    | 1    | 
|attention_score_u55c_kernel_attention_score_core_hls            | (PCIN+(A'*B'')')' | 30     | 18     | -      | -      | 17     | 1    | 2    | -    | -    | -     | 1    | 1    | 
|attention_score_u55c_kernel_mac_muladd_8s_8s_16s_17_4_1_DSP48_0 | (A'*B'')'         | 30     | 18     | -      | -      | 0      | 1    | 2    | -    | -    | -     | 0    | 1    | 
|attention_score_u55c_kernel_attention_score_core_hls            | (PCIN+(A'*B'')')' | 30     | 18     | -      | -      | 17     | 1    | 2    | -    | -    | -     | 1    | 1    | 
+----------------------------------------------------------------+-------------------+--------+--------+--------+--------+--------+------+------+------+------+-------+------+------+


Report BlackBoxes: 
+-+--------------+----------+
| |BlackBox name |Instances |
+-+--------------+----------+
+-+--------------+----------+

Report Cell Usage: 
+------+----------------+------+
|      |Cell            |Count |
+------+----------------+------+
|1     |CARRY8          |   186|
|2     |DSP_ALU         |    64|
|4     |DSP_A_B_DATA    |    64|
|6     |DSP_C_DATA      |    64|
|8     |DSP_MULTIPLIER  |    64|
|9     |DSP_M_DATA      |    64|
|11    |DSP_OUTPUT      |    64|
|12    |DSP_PREADD      |    64|
|13    |DSP_PREADD_DATA |    64|
|14    |LUT1            |    64|
|15    |LUT2            |  1076|
|16    |LUT3            |  1171|
|17    |LUT4            |  2300|
|18    |LUT5            |   327|
|19    |LUT6            |   572|
|20    |MUXF7           |   177|
|21    |RAM64M8         |    48|
|22    |RAM64X1D        |   112|
|23    |RAMB18E2        |    59|
|27    |RAMB36E2        |    22|
|29    |SRL16E          |   661|
|30    |SRLC32E         |   531|
|31    |FDRE            |  7877|
|32    |FDSE            |     9|
+------+----------------+------+
---------------------------------------------------------------------------------
Finished Writing Synthesis Report : Time (s): cpu = 00:01:25 ; elapsed = 00:01:29 . Memory (MB): peak = 3807.863 ; gain = 1076.520 ; free physical = 14928 ; free virtual = 19908
Synthesis current peak Physical Memory [PSS] (MB): peak = 3112.498; parent = 2926.488; children = 186.101
Synthesis current peak Virtual Memory [VSS] (MB): peak = 4777.629; parent = 3807.867; children = 969.762
---------------------------------------------------------------------------------
Synthesis finished with 0 errors, 0 critical warnings and 141 warnings.
Synthesis Optimization Runtime : Time (s): cpu = 00:01:13 ; elapsed = 00:01:18 . Memory (MB): peak = 3807.863 ; gain = 773.547 ; free physical = 14960 ; free virtual = 19940
Synthesis Optimization Complete : Time (s): cpu = 00:01:25 ; elapsed = 00:01:29 . Memory (MB): peak = 3807.871 ; gain = 1076.520 ; free physical = 14959 ; free virtual = 19944
INFO: [Project 1-571] Translating synthesized netlist
Netlist sorting complete. Time (s): cpu = 00:00:00.12 ; elapsed = 00:00:00.13 . Memory (MB): peak = 3818.832 ; gain = 0.000 ; free physical = 15056 ; free virtual = 20045
INFO: [Netlist 29-17] Analyzing 587 Unisim elements for replacement
INFO: [Netlist 29-28] Unisim Transformation completed in 0 CPU seconds
INFO: [Project 1-570] Preparing netlist for logic optimization
INFO: [Opt 31-138] Pushed 0 inverter(s) to 0 load pin(s).
INFO: [Opt 31-422] The CLOCK_DOMAINS attribute on the BRAM cell inst/score_local_U/ram_reg has been changed from INDEPENDENT to COMMON to match the clocking topology used for the BRAM.
Netlist sorting complete. Time (s): cpu = 00:00:00 ; elapsed = 00:00:00 . Memory (MB): peak = 3895.363 ; gain = 0.000 ; free physical = 14925 ; free virtual = 19925
INFO: [Project 1-111] Unisim Transformation Summary:
  A total of 224 instances were transformed.
  DSP48E2 => DSP48E2 (DSP_ALU, DSP_A_B_DATA, DSP_C_DATA, DSP_MULTIPLIER, DSP_M_DATA, DSP_OUTPUT, DSP_PREADD, DSP_PREADD_DATA): 64 instances
  RAM64M8 => RAM64M8 (RAMD64E(x8)): 48 instances
  RAM64X1D => RAM64X1D (RAMD64E(x2)): 112 instances

Synth Design complete, checksum: f25ef07b
INFO: [Common 17-83] Releasing license: Synthesis
479 Infos, 228 Warnings, 0 Critical Warnings and 0 Errors encountered.
synth_design completed successfully
synth_design: Time (s): cpu = 00:01:36 ; elapsed = 00:01:38 . Memory (MB): peak = 3895.363 ; gain = 2477.801 ; free physical = 15202 ; free virtual = 20203
INFO: [Common 17-600] The following parameters have non-default value.
general.maxThreads
INFO: [Common 17-1381] The checkpoint '/home/advent/Desktop/RC19/_x/link/vivado/vpl/prj/prj.runs/ulp_attention_score_u55c_kernel_1_0_synth_1/ulp_attention_score_u55c_kernel_1_0.dcp' has been generated.
INFO: [Coretcl 2-1648] Added synthesis output to IP cache for IP ulp_attention_score_u55c_kernel_1_0, cache-ID = 530aa3729fa13608
INFO: [Coretcl 2-1174] Renamed 145 cell refs.
INFO: [Common 17-1381] The checkpoint '/home/advent/Desktop/RC19/_x/link/vivado/vpl/prj/prj.runs/ulp_attention_score_u55c_kernel_1_0_synth_1/ulp_attention_score_u55c_kernel_1_0.dcp' has been generated.
INFO: [runtcl-4] Executing : report_utilization -file ulp_attention_score_u55c_kernel_1_0_utilization_synth.rpt -pb ulp_attention_score_u55c_kernel_1_0_utilization_synth.pb
INFO: [Common 17-206] Exiting Vivado at Mon Apr 27 18:57:35 2026...
