
*** Running vivado
    with args -log ulp_softmax_u55c_kernel_1_0.vds -m64 -product Vivado -mode batch -messageDb vivado.pb -notrace -source ulp_softmax_u55c_kernel_1_0.tcl


****** Vivado v2022.2 (64-bit)
  **** SW Build 3671981 on Fri Oct 14 04:59:54 MDT 2022
  **** IP Build 3669848 on Fri Oct 14 08:30:02 MDT 2022
    ** Copyright 1986-2022 Xilinx, Inc. All Rights Reserved.

source ulp_softmax_u55c_kernel_1_0.tcl -notrace
INFO: Dispatch client connection id - 37729
create_project: Time (s): cpu = 00:00:06 ; elapsed = 00:00:06 . Memory (MB): peak = 1411.551 ; gain = 0.023 ; free physical = 6378 ; free virtual = 11316
INFO: [IP_Flow 19-234] Refreshing IP repositories
INFO: [IP_Flow 19-1700] Loaded user IP repository '/home/advent/Desktop/RC19/_x/link/int/xo/ip_repo/xilinx_com_hls_softmax_u55c_kernel_1_0'.
INFO: [IP_Flow 19-1700] Loaded user IP repository '/home/advent/Desktop/RC19/_x/link/int/xo/ip_repo/xilinx_com_hls_attention_score_u55c_kernel_1_0'.
INFO: [IP_Flow 19-1700] Loaded user IP repository '/home/advent/Desktop/RC19/_x/link/int/xo/ip_repo/xilinx_com_hls_causal_mask_u55c_kernel_1_0'.
INFO: [IP_Flow 19-1700] Loaded user IP repository '/home/advent/Desktop/RC19/_x/link/int/xo/ip_repo/xilinx_com_hls_score_scale_u55c_kernel_1_0'.
INFO: [IP_Flow 19-1700] Loaded user IP repository '/home/advent/Desktop/RC19/_x/link/vivado/vpl/.local/hw_platform/iprepo'.
INFO: [IP_Flow 19-1700] Loaded user IP repository '/home/advent/Desktop/RC19/_x/link/vivado/vpl/.local/hw_platform/ipcache'.
INFO: [IP_Flow 19-1700] Loaded user IP repository '/home/advent/Vivado/Vitis/2022.2/data/ip'.
INFO: [IP_Flow 19-2313] Loaded Vivado IP repository '/home/advent/Vivado/Vivado/2022.2/data/ip'.
WARNING: [IP_Flow 19-1663] Duplicate IP found for 'xilinx.com:ip:clk_metadata_adapter:1.0'. The one found in IP location '/home/advent/Desktop/RC19/_x/link/vivado/vpl/.local/hw_platform/iprepo/ipdefs/pxi_ii_infra/clk_metadata_adapter_v1_0' will take precedence over the same IP in location /home/advent/Desktop/RC19/_x/link/vivado/vpl/.local/hw_platform/iprepo/ipdefs/other_ipdefs/clk_metadata_adapter_v1_0
WARNING: [IP_Flow 19-1663] Duplicate IP found for 'xilinx.com:ip:pipeline_reg:1.0'. The one found in IP location '/home/advent/Desktop/RC19/_x/link/vivado/vpl/.local/hw_platform/iprepo/ipdefs/pxi_ii_infra/pipeline_reg_v1_0' will take precedence over the same IP in location /home/advent/Desktop/RC19/_x/link/vivado/vpl/.local/hw_platform/iprepo/ipdefs/other_ipdefs/pipeline_reg_v1_0
WARNING: [IP_Flow 19-1663] Duplicate IP found for 'xilinx.com:ip:axi_clk_metadata_adapter:1.0'. The one found in IP location '/home/advent/Desktop/RC19/_x/link/vivado/vpl/.local/hw_platform/iprepo/ipdefs/other_ipdefs/axi_clk_metadata_adapter_v1_0' will take precedence over the same IP in location /home/advent/Desktop/RC19/_x/link/vivado/vpl/.local/hw_platform/iprepo/ipdefs/pxi_ii_infra/axi_clk_metadata_adapter_v1_0
WARNING: [IP_Flow 19-1663] Duplicate IP found for 'xilinx.com:ip:shell_utils_build_info:1.0'. The one found in IP location '/home/advent/Desktop/RC19/_x/link/vivado/vpl/.local/hw_platform/iprepo/ipdefs/other_ipdefs/shell_utils_build_info_v1_0' will take precedence over the same IP in the Xilinx installed IP.
WARNING: [IP_Flow 19-1663] Duplicate IP found for 'xilinx.com:ip:axis_clk_metadata_adapter:1.0'. The one found in IP location '/home/advent/Desktop/RC19/_x/link/vivado/vpl/.local/hw_platform/iprepo/ipdefs/other_ipdefs/axis_clk_metadata_adapter_v1_0' will take precedence over the same IP in location /home/advent/Desktop/RC19/_x/link/vivado/vpl/.local/hw_platform/iprepo/ipdefs/pxi_ii_infra/axis_clk_metadata_adapter_v1_0
INFO: [IP_Flow 19-6924] IPCACHE: Running cache check for IP inst: ulp_softmax_u55c_kernel_1_0
Command: synth_design -top ulp_softmax_u55c_kernel_1_0 -part xcu55c-fsvh2892-2L-e -directive sdx_optimization_effort_high -incremental_mode off -mode out_of_context
Starting synth_design
Attempting to get a license for feature 'Synthesis' and/or device 'xcu55c'
INFO: [Common 17-349] Got license for feature 'Synthesis' and/or device 'xcu55c'
INFO: [Device 21-403] Loading part xcu55c-fsvh2892-2L-e
INFO: [Synth 8-7079] Multithreading enabled for synth_design using a maximum of 1 processes.
INFO: [Synth 8-7078] Launching helper process for spawning children vivado processes
INFO: [Synth 8-7075] Helper process launched with PID 75574
INFO: [Synth 8-11241] undeclared symbol 'REGCCE', assumed default net type 'wire' [/home/advent/Vivado/Vivado/2022.2/data/verilog/src/unimacro/BRAM_SINGLE_MACRO.v:2170]
---------------------------------------------------------------------------------
Starting RTL Elaboration : Time (s): cpu = 00:00:03 ; elapsed = 00:00:04 . Memory (MB): peak = 3087.035 ; gain = 354.766 ; free physical = 9340 ; free virtual = 14294
Synthesis current peak Physical Memory [PSS] (MB): peak = 2299.575; parent = 2163.168; children = 136.407
Synthesis current peak Virtual Memory [VSS] (MB): peak = 4066.707; parent = 3096.945; children = 969.762
---------------------------------------------------------------------------------
INFO: [Synth 8-6157] synthesizing module 'ulp_softmax_u55c_kernel_1_0' [/home/advent/Desktop/RC19/_x/link/vivado/vpl/prj/prj.gen/my_rm/bd/ulp/ip/ulp_softmax_u55c_kernel_1_0/synth/ulp_softmax_u55c_kernel_1_0.v:53]
INFO: [Synth 8-6157] synthesizing module 'softmax_u55c_kernel' [/home/advent/Desktop/RC19/_x/link/vivado/vpl/prj/prj.gen/my_rm/bd/ulp/ipshared/ba39/hdl/verilog/softmax_u55c_kernel.v:10]
INFO: [Synth 8-6157] synthesizing module 'softmax_u55c_kernel_score_in_local_RAM_AUTO_1R1W' [/home/advent/Desktop/RC19/_x/link/vivado/vpl/prj/prj.gen/my_rm/bd/ulp/ipshared/ba39/hdl/verilog/softmax_u55c_kernel_score_in_local_RAM_AUTO_1R1W.v:7]
INFO: [Synth 8-6155] done synthesizing module 'softmax_u55c_kernel_score_in_local_RAM_AUTO_1R1W' (0#1) [/home/advent/Desktop/RC19/_x/link/vivado/vpl/prj/prj.gen/my_rm/bd/ulp/ipshared/ba39/hdl/verilog/softmax_u55c_kernel_score_in_local_RAM_AUTO_1R1W.v:7]
INFO: [Synth 8-6157] synthesizing module 'softmax_u55c_kernel_softmax_u55c_kernel_Pipeline_VITIS_LOOP_91_1_VITIS_LOOP_92_2' [/home/advent/Desktop/RC19/_x/link/vivado/vpl/prj/prj.gen/my_rm/bd/ulp/ipshared/ba39/hdl/verilog/softmax_u55c_kernel_softmax_u55c_kernel_Pipeline_VITIS_LOOP_91_1_VITIS_LOOP_92_2.v:10]
INFO: [Synth 8-6157] synthesizing module 'softmax_u55c_kernel_flow_control_loop_pipe_sequential_init' [/home/advent/Desktop/RC19/_x/link/vivado/vpl/prj/prj.gen/my_rm/bd/ulp/ipshared/ba39/hdl/verilog/softmax_u55c_kernel_flow_control_loop_pipe_sequential_init.v:9]
INFO: [Synth 8-6155] done synthesizing module 'softmax_u55c_kernel_flow_control_loop_pipe_sequential_init' (0#1) [/home/advent/Desktop/RC19/_x/link/vivado/vpl/prj/prj.gen/my_rm/bd/ulp/ipshared/ba39/hdl/verilog/softmax_u55c_kernel_flow_control_loop_pipe_sequential_init.v:9]
INFO: [Synth 8-6155] done synthesizing module 'softmax_u55c_kernel_softmax_u55c_kernel_Pipeline_VITIS_LOOP_91_1_VITIS_LOOP_92_2' (0#1) [/home/advent/Desktop/RC19/_x/link/vivado/vpl/prj/prj.gen/my_rm/bd/ulp/ipshared/ba39/hdl/verilog/softmax_u55c_kernel_softmax_u55c_kernel_Pipeline_VITIS_LOOP_91_1_VITIS_LOOP_92_2.v:10]
INFO: [Synth 8-6157] synthesizing module 'softmax_u55c_kernel_softmax_core_hls' [/home/advent/Desktop/RC19/_x/link/vivado/vpl/prj/prj.gen/my_rm/bd/ulp/ipshared/ba39/hdl/verilog/softmax_u55c_kernel_softmax_core_hls.v:10]
INFO: [Synth 8-6157] synthesizing module 'softmax_u55c_kernel_softmax_core_hls_exp_buf_RAM_AUTO_1R1W' [/home/advent/Desktop/RC19/_x/link/vivado/vpl/prj/prj.gen/my_rm/bd/ulp/ipshared/ba39/hdl/verilog/softmax_u55c_kernel_softmax_core_hls_exp_buf_RAM_AUTO_1R1W.v:7]
INFO: [Synth 8-6155] done synthesizing module 'softmax_u55c_kernel_softmax_core_hls_exp_buf_RAM_AUTO_1R1W' (0#1) [/home/advent/Desktop/RC19/_x/link/vivado/vpl/prj/prj.gen/my_rm/bd/ulp/ipshared/ba39/hdl/verilog/softmax_u55c_kernel_softmax_core_hls_exp_buf_RAM_AUTO_1R1W.v:7]
INFO: [Synth 8-6157] synthesizing module 'softmax_u55c_kernel_softmax_core_hls_Pipeline_VITIS_LOOP_67_7' [/home/advent/Desktop/RC19/_x/link/vivado/vpl/prj/prj.gen/my_rm/bd/ulp/ipshared/ba39/hdl/verilog/softmax_u55c_kernel_softmax_core_hls_Pipeline_VITIS_LOOP_67_7.v:10]
INFO: [Synth 8-6155] done synthesizing module 'softmax_u55c_kernel_softmax_core_hls_Pipeline_VITIS_LOOP_67_7' (0#1) [/home/advent/Desktop/RC19/_x/link/vivado/vpl/prj/prj.gen/my_rm/bd/ulp/ipshared/ba39/hdl/verilog/softmax_u55c_kernel_softmax_core_hls_Pipeline_VITIS_LOOP_67_7.v:10]
INFO: [Synth 8-6157] synthesizing module 'softmax_u55c_kernel_softmax_core_hls_Pipeline_VITIS_LOOP_39_2' [/home/advent/Desktop/RC19/_x/link/vivado/vpl/prj/prj.gen/my_rm/bd/ulp/ipshared/ba39/hdl/verilog/softmax_u55c_kernel_softmax_core_hls_Pipeline_VITIS_LOOP_39_2.v:10]
INFO: [Synth 8-6157] synthesizing module 'softmax_u55c_kernel_fcmp_32ns_32ns_1_2_no_dsp_1' [/home/advent/Desktop/RC19/_x/link/vivado/vpl/prj/prj.gen/my_rm/bd/ulp/ipshared/ba39/hdl/verilog/softmax_u55c_kernel_fcmp_32ns_32ns_1_2_no_dsp_1.v:9]
INFO: [Synth 8-6157] synthesizing module 'softmax_u55c_kernel_fcmp_32ns_32ns_1_2_no_dsp_1_ip' [/home/advent/Desktop/RC19/_x/link/vivado/vpl/prj/prj.gen/my_rm/bd/ulp/ipshared/ba39/hdl/ip/softmax_u55c_kernel_fcmp_32ns_32ns_1_2_no_dsp_1_ip.v:53]
INFO: [Synth 8-6157] synthesizing module 'LUT1' [/home/advent/Vivado/Vivado/2022.2/scripts/rt/data/unisim_comp.v:78971]
INFO: [Synth 8-6155] done synthesizing module 'LUT1' (0#1) [/home/advent/Vivado/Vivado/2022.2/scripts/rt/data/unisim_comp.v:78971]
INFO: [Synth 8-6155] done synthesizing module 'softmax_u55c_kernel_fcmp_32ns_32ns_1_2_no_dsp_1_ip' (0#1) [/home/advent/Desktop/RC19/_x/link/vivado/vpl/prj/prj.gen/my_rm/bd/ulp/ipshared/ba39/hdl/ip/softmax_u55c_kernel_fcmp_32ns_32ns_1_2_no_dsp_1_ip.v:53]
INFO: [Synth 8-6155] done synthesizing module 'softmax_u55c_kernel_fcmp_32ns_32ns_1_2_no_dsp_1' (0#1) [/home/advent/Desktop/RC19/_x/link/vivado/vpl/prj/prj.gen/my_rm/bd/ulp/ipshared/ba39/hdl/verilog/softmax_u55c_kernel_fcmp_32ns_32ns_1_2_no_dsp_1.v:9]
INFO: [Synth 8-6155] done synthesizing module 'softmax_u55c_kernel_softmax_core_hls_Pipeline_VITIS_LOOP_39_2' (0#1) [/home/advent/Desktop/RC19/_x/link/vivado/vpl/prj/prj.gen/my_rm/bd/ulp/ipshared/ba39/hdl/verilog/softmax_u55c_kernel_softmax_core_hls_Pipeline_VITIS_LOOP_39_2.v:10]
INFO: [Synth 8-6157] synthesizing module 'softmax_u55c_kernel_softmax_core_hls_Pipeline_VITIS_LOOP_46_3' [/home/advent/Desktop/RC19/_x/link/vivado/vpl/prj/prj.gen/my_rm/bd/ulp/ipshared/ba39/hdl/verilog/softmax_u55c_kernel_softmax_core_hls_Pipeline_VITIS_LOOP_46_3.v:10]
INFO: [Synth 8-6157] synthesizing module 'softmax_u55c_kernel_fsub_32ns_32ns_32_7_full_dsp_1' [/home/advent/Desktop/RC19/_x/link/vivado/vpl/prj/prj.gen/my_rm/bd/ulp/ipshared/ba39/hdl/verilog/softmax_u55c_kernel_fsub_32ns_32ns_32_7_full_dsp_1.v:9]
INFO: [Synth 8-6157] synthesizing module 'softmax_u55c_kernel_fsub_32ns_32ns_32_7_full_dsp_1_ip' [/home/advent/Desktop/RC19/_x/link/vivado/vpl/prj/prj.gen/my_rm/bd/ulp/ipshared/ba39/hdl/ip/softmax_u55c_kernel_fsub_32ns_32ns_32_7_full_dsp_1_ip.v:53]
INFO: [Synth 8-6155] done synthesizing module 'softmax_u55c_kernel_fsub_32ns_32ns_32_7_full_dsp_1_ip' (0#1) [/home/advent/Desktop/RC19/_x/link/vivado/vpl/prj/prj.gen/my_rm/bd/ulp/ipshared/ba39/hdl/ip/softmax_u55c_kernel_fsub_32ns_32ns_32_7_full_dsp_1_ip.v:53]
INFO: [Synth 8-6155] done synthesizing module 'softmax_u55c_kernel_fsub_32ns_32ns_32_7_full_dsp_1' (0#1) [/home/advent/Desktop/RC19/_x/link/vivado/vpl/prj/prj.gen/my_rm/bd/ulp/ipshared/ba39/hdl/verilog/softmax_u55c_kernel_fsub_32ns_32ns_32_7_full_dsp_1.v:9]
INFO: [Synth 8-6157] synthesizing module 'softmax_u55c_kernel_fadd_32ns_32ns_32_5_no_dsp_1' [/home/advent/Desktop/RC19/_x/link/vivado/vpl/prj/prj.gen/my_rm/bd/ulp/ipshared/ba39/hdl/verilog/softmax_u55c_kernel_fadd_32ns_32ns_32_5_no_dsp_1.v:9]
INFO: [Synth 8-6157] synthesizing module 'softmax_u55c_kernel_fadd_32ns_32ns_32_5_no_dsp_1_ip' [/home/advent/Desktop/RC19/_x/link/vivado/vpl/prj/prj.gen/my_rm/bd/ulp/ipshared/ba39/hdl/ip/softmax_u55c_kernel_fadd_32ns_32ns_32_5_no_dsp_1_ip.v:53]
INFO: [Synth 8-6155] done synthesizing module 'softmax_u55c_kernel_fadd_32ns_32ns_32_5_no_dsp_1_ip' (0#1) [/home/advent/Desktop/RC19/_x/link/vivado/vpl/prj/prj.gen/my_rm/bd/ulp/ipshared/ba39/hdl/ip/softmax_u55c_kernel_fadd_32ns_32ns_32_5_no_dsp_1_ip.v:53]
INFO: [Synth 8-6155] done synthesizing module 'softmax_u55c_kernel_fadd_32ns_32ns_32_5_no_dsp_1' (0#1) [/home/advent/Desktop/RC19/_x/link/vivado/vpl/prj/prj.gen/my_rm/bd/ulp/ipshared/ba39/hdl/verilog/softmax_u55c_kernel_fadd_32ns_32ns_32_5_no_dsp_1.v:9]
INFO: [Synth 8-6157] synthesizing module 'softmax_u55c_kernel_fexp_32ns_32ns_32_14_full_dsp_1' [/home/advent/Desktop/RC19/_x/link/vivado/vpl/prj/prj.gen/my_rm/bd/ulp/ipshared/ba39/hdl/verilog/softmax_u55c_kernel_fexp_32ns_32ns_32_14_full_dsp_1.v:9]
INFO: [Synth 8-6157] synthesizing module 'softmax_u55c_kernel_fexp_32ns_32ns_32_14_full_dsp_1_ip' [/home/advent/Desktop/RC19/_x/link/vivado/vpl/prj/prj.gen/my_rm/bd/ulp/ipshared/ba39/hdl/ip/softmax_u55c_kernel_fexp_32ns_32ns_32_14_full_dsp_1_ip.v:53]
WARNING: [Synth 8-5974] attribute "use_dsp48" has been deprecated, please use "use_dsp" instead 
INFO: [Synth 8-6155] done synthesizing module 'softmax_u55c_kernel_fexp_32ns_32ns_32_14_full_dsp_1_ip' (0#1) [/home/advent/Desktop/RC19/_x/link/vivado/vpl/prj/prj.gen/my_rm/bd/ulp/ipshared/ba39/hdl/ip/softmax_u55c_kernel_fexp_32ns_32ns_32_14_full_dsp_1_ip.v:53]
INFO: [Synth 8-6155] done synthesizing module 'softmax_u55c_kernel_fexp_32ns_32ns_32_14_full_dsp_1' (0#1) [/home/advent/Desktop/RC19/_x/link/vivado/vpl/prj/prj.gen/my_rm/bd/ulp/ipshared/ba39/hdl/verilog/softmax_u55c_kernel_fexp_32ns_32ns_32_14_full_dsp_1.v:9]
INFO: [Synth 8-6155] done synthesizing module 'softmax_u55c_kernel_softmax_core_hls_Pipeline_VITIS_LOOP_46_3' (0#1) [/home/advent/Desktop/RC19/_x/link/vivado/vpl/prj/prj.gen/my_rm/bd/ulp/ipshared/ba39/hdl/verilog/softmax_u55c_kernel_softmax_core_hls_Pipeline_VITIS_LOOP_46_3.v:10]
INFO: [Synth 8-6157] synthesizing module 'softmax_u55c_kernel_softmax_core_hls_Pipeline_VITIS_LOOP_52_4' [/home/advent/Desktop/RC19/_x/link/vivado/vpl/prj/prj.gen/my_rm/bd/ulp/ipshared/ba39/hdl/verilog/softmax_u55c_kernel_softmax_core_hls_Pipeline_VITIS_LOOP_52_4.v:10]
INFO: [Synth 8-6155] done synthesizing module 'softmax_u55c_kernel_softmax_core_hls_Pipeline_VITIS_LOOP_52_4' (0#1) [/home/advent/Desktop/RC19/_x/link/vivado/vpl/prj/prj.gen/my_rm/bd/ulp/ipshared/ba39/hdl/verilog/softmax_u55c_kernel_softmax_core_hls_Pipeline_VITIS_LOOP_52_4.v:10]
INFO: [Synth 8-6157] synthesizing module 'softmax_u55c_kernel_softmax_core_hls_Pipeline_VITIS_LOOP_57_5' [/home/advent/Desktop/RC19/_x/link/vivado/vpl/prj/prj.gen/my_rm/bd/ulp/ipshared/ba39/hdl/verilog/softmax_u55c_kernel_softmax_core_hls_Pipeline_VITIS_LOOP_57_5.v:10]
INFO: [Synth 8-6157] synthesizing module 'softmax_u55c_kernel_fdiv_32ns_32ns_32_12_no_dsp_1' [/home/advent/Desktop/RC19/_x/link/vivado/vpl/prj/prj.gen/my_rm/bd/ulp/ipshared/ba39/hdl/verilog/softmax_u55c_kernel_fdiv_32ns_32ns_32_12_no_dsp_1.v:9]
INFO: [Synth 8-6157] synthesizing module 'softmax_u55c_kernel_fdiv_32ns_32ns_32_12_no_dsp_1_ip' [/home/advent/Desktop/RC19/_x/link/vivado/vpl/prj/prj.gen/my_rm/bd/ulp/ipshared/ba39/hdl/ip/softmax_u55c_kernel_fdiv_32ns_32ns_32_12_no_dsp_1_ip.v:53]
INFO: [Synth 8-6155] done synthesizing module 'softmax_u55c_kernel_fdiv_32ns_32ns_32_12_no_dsp_1_ip' (0#1) [/home/advent/Desktop/RC19/_x/link/vivado/vpl/prj/prj.gen/my_rm/bd/ulp/ipshared/ba39/hdl/ip/softmax_u55c_kernel_fdiv_32ns_32ns_32_12_no_dsp_1_ip.v:53]
INFO: [Synth 8-6155] done synthesizing module 'softmax_u55c_kernel_fdiv_32ns_32ns_32_12_no_dsp_1' (0#1) [/home/advent/Desktop/RC19/_x/link/vivado/vpl/prj/prj.gen/my_rm/bd/ulp/ipshared/ba39/hdl/verilog/softmax_u55c_kernel_fdiv_32ns_32ns_32_12_no_dsp_1.v:9]
INFO: [Synth 8-6155] done synthesizing module 'softmax_u55c_kernel_softmax_core_hls_Pipeline_VITIS_LOOP_57_5' (0#1) [/home/advent/Desktop/RC19/_x/link/vivado/vpl/prj/prj.gen/my_rm/bd/ulp/ipshared/ba39/hdl/verilog/softmax_u55c_kernel_softmax_core_hls_Pipeline_VITIS_LOOP_57_5.v:10]
INFO: [Synth 8-6157] synthesizing module 'softmax_u55c_kernel_softmax_core_hls_Pipeline_VITIS_LOOP_62_6' [/home/advent/Desktop/RC19/_x/link/vivado/vpl/prj/prj.gen/my_rm/bd/ulp/ipshared/ba39/hdl/verilog/softmax_u55c_kernel_softmax_core_hls_Pipeline_VITIS_LOOP_62_6.v:10]
INFO: [Synth 8-6155] done synthesizing module 'softmax_u55c_kernel_softmax_core_hls_Pipeline_VITIS_LOOP_62_6' (0#1) [/home/advent/Desktop/RC19/_x/link/vivado/vpl/prj/prj.gen/my_rm/bd/ulp/ipshared/ba39/hdl/verilog/softmax_u55c_kernel_softmax_core_hls_Pipeline_VITIS_LOOP_62_6.v:10]
INFO: [Synth 8-6155] done synthesizing module 'softmax_u55c_kernel_softmax_core_hls' (0#1) [/home/advent/Desktop/RC19/_x/link/vivado/vpl/prj/prj.gen/my_rm/bd/ulp/ipshared/ba39/hdl/verilog/softmax_u55c_kernel_softmax_core_hls.v:10]
INFO: [Synth 8-6157] synthesizing module 'softmax_u55c_kernel_softmax_u55c_kernel_Pipeline_VITIS_LOOP_104_3_VITIS_LOOP_105_4' [/home/advent/Desktop/RC19/_x/link/vivado/vpl/prj/prj.gen/my_rm/bd/ulp/ipshared/ba39/hdl/verilog/softmax_u55c_kernel_softmax_u55c_kernel_Pipeline_VITIS_LOOP_104_3_VITIS_LOOP_105_4.v:10]
INFO: [Synth 8-6155] done synthesizing module 'softmax_u55c_kernel_softmax_u55c_kernel_Pipeline_VITIS_LOOP_104_3_VITIS_LOOP_105_4' (0#1) [/home/advent/Desktop/RC19/_x/link/vivado/vpl/prj/prj.gen/my_rm/bd/ulp/ipshared/ba39/hdl/verilog/softmax_u55c_kernel_softmax_u55c_kernel_Pipeline_VITIS_LOOP_104_3_VITIS_LOOP_105_4.v:10]
INFO: [Synth 8-6157] synthesizing module 'softmax_u55c_kernel_control_s_axi' [/home/advent/Desktop/RC19/_x/link/vivado/vpl/prj/prj.gen/my_rm/bd/ulp/ipshared/ba39/hdl/verilog/softmax_u55c_kernel_control_s_axi.v:7]
INFO: [Synth 8-155] case statement is not full and has no default [/home/advent/Desktop/RC19/_x/link/vivado/vpl/prj/prj.gen/my_rm/bd/ulp/ipshared/ba39/hdl/verilog/softmax_u55c_kernel_control_s_axi.v:230]
INFO: [Synth 8-6155] done synthesizing module 'softmax_u55c_kernel_control_s_axi' (0#1) [/home/advent/Desktop/RC19/_x/link/vivado/vpl/prj/prj.gen/my_rm/bd/ulp/ipshared/ba39/hdl/verilog/softmax_u55c_kernel_control_s_axi.v:7]
INFO: [Synth 8-6157] synthesizing module 'softmax_u55c_kernel_gmem0_m_axi' [/home/advent/Desktop/RC19/_x/link/vivado/vpl/prj/prj.gen/my_rm/bd/ulp/ipshared/ba39/hdl/verilog/softmax_u55c_kernel_gmem0_m_axi.v:11]
INFO: [Synth 8-6157] synthesizing module 'softmax_u55c_kernel_gmem0_m_axi_store' [/home/advent/Desktop/RC19/_x/link/vivado/vpl/prj/prj.gen/my_rm/bd/ulp/ipshared/ba39/hdl/verilog/softmax_u55c_kernel_gmem0_m_axi.v:781]
INFO: [Synth 8-6157] synthesizing module 'softmax_u55c_kernel_gmem0_m_axi_fifo' [/home/advent/Desktop/RC19/_x/link/vivado/vpl/prj/prj.gen/my_rm/bd/ulp/ipshared/ba39/hdl/verilog/softmax_u55c_kernel_gmem0_m_axi.v:2551]
INFO: [Synth 8-6157] synthesizing module 'softmax_u55c_kernel_gmem0_m_axi_srl' [/home/advent/Desktop/RC19/_x/link/vivado/vpl/prj/prj.gen/my_rm/bd/ulp/ipshared/ba39/hdl/verilog/softmax_u55c_kernel_gmem0_m_axi.v:2729]
INFO: [Synth 8-6155] done synthesizing module 'softmax_u55c_kernel_gmem0_m_axi_srl' (0#1) [/home/advent/Desktop/RC19/_x/link/vivado/vpl/prj/prj.gen/my_rm/bd/ulp/ipshared/ba39/hdl/verilog/softmax_u55c_kernel_gmem0_m_axi.v:2729]
INFO: [Synth 8-6155] done synthesizing module 'softmax_u55c_kernel_gmem0_m_axi_fifo' (0#1) [/home/advent/Desktop/RC19/_x/link/vivado/vpl/prj/prj.gen/my_rm/bd/ulp/ipshared/ba39/hdl/verilog/softmax_u55c_kernel_gmem0_m_axi.v:2551]
INFO: [Synth 8-6157] synthesizing module 'softmax_u55c_kernel_gmem0_m_axi_fifo__parameterized0' [/home/advent/Desktop/RC19/_x/link/vivado/vpl/prj/prj.gen/my_rm/bd/ulp/ipshared/ba39/hdl/verilog/softmax_u55c_kernel_gmem0_m_axi.v:2551]
INFO: [Synth 8-6157] synthesizing module 'softmax_u55c_kernel_gmem0_m_axi_mem' [/home/advent/Desktop/RC19/_x/link/vivado/vpl/prj/prj.gen/my_rm/bd/ulp/ipshared/ba39/hdl/verilog/softmax_u55c_kernel_gmem0_m_axi.v:2783]
INFO: [Synth 8-6155] done synthesizing module 'softmax_u55c_kernel_gmem0_m_axi_mem' (0#1) [/home/advent/Desktop/RC19/_x/link/vivado/vpl/prj/prj.gen/my_rm/bd/ulp/ipshared/ba39/hdl/verilog/softmax_u55c_kernel_gmem0_m_axi.v:2783]
INFO: [Synth 8-6155] done synthesizing module 'softmax_u55c_kernel_gmem0_m_axi_fifo__parameterized0' (0#1) [/home/advent/Desktop/RC19/_x/link/vivado/vpl/prj/prj.gen/my_rm/bd/ulp/ipshared/ba39/hdl/verilog/softmax_u55c_kernel_gmem0_m_axi.v:2551]
INFO: [Synth 8-6157] synthesizing module 'softmax_u55c_kernel_gmem0_m_axi_fifo__parameterized1' [/home/advent/Desktop/RC19/_x/link/vivado/vpl/prj/prj.gen/my_rm/bd/ulp/ipshared/ba39/hdl/verilog/softmax_u55c_kernel_gmem0_m_axi.v:2551]
INFO: [Synth 8-6157] synthesizing module 'softmax_u55c_kernel_gmem0_m_axi_srl__parameterized0' [/home/advent/Desktop/RC19/_x/link/vivado/vpl/prj/prj.gen/my_rm/bd/ulp/ipshared/ba39/hdl/verilog/softmax_u55c_kernel_gmem0_m_axi.v:2729]
INFO: [Synth 8-6155] done synthesizing module 'softmax_u55c_kernel_gmem0_m_axi_srl__parameterized0' (0#1) [/home/advent/Desktop/RC19/_x/link/vivado/vpl/prj/prj.gen/my_rm/bd/ulp/ipshared/ba39/hdl/verilog/softmax_u55c_kernel_gmem0_m_axi.v:2729]
INFO: [Synth 8-6155] done synthesizing module 'softmax_u55c_kernel_gmem0_m_axi_fifo__parameterized1' (0#1) [/home/advent/Desktop/RC19/_x/link/vivado/vpl/prj/prj.gen/my_rm/bd/ulp/ipshared/ba39/hdl/verilog/softmax_u55c_kernel_gmem0_m_axi.v:2551]
INFO: [Synth 8-6157] synthesizing module 'softmax_u55c_kernel_gmem0_m_axi_fifo__parameterized2' [/home/advent/Desktop/RC19/_x/link/vivado/vpl/prj/prj.gen/my_rm/bd/ulp/ipshared/ba39/hdl/verilog/softmax_u55c_kernel_gmem0_m_axi.v:2551]
INFO: [Synth 8-6157] synthesizing module 'softmax_u55c_kernel_gmem0_m_axi_srl__parameterized1' [/home/advent/Desktop/RC19/_x/link/vivado/vpl/prj/prj.gen/my_rm/bd/ulp/ipshared/ba39/hdl/verilog/softmax_u55c_kernel_gmem0_m_axi.v:2729]
INFO: [Synth 8-6155] done synthesizing module 'softmax_u55c_kernel_gmem0_m_axi_srl__parameterized1' (0#1) [/home/advent/Desktop/RC19/_x/link/vivado/vpl/prj/prj.gen/my_rm/bd/ulp/ipshared/ba39/hdl/verilog/softmax_u55c_kernel_gmem0_m_axi.v:2729]
INFO: [Synth 8-6155] done synthesizing module 'softmax_u55c_kernel_gmem0_m_axi_fifo__parameterized2' (0#1) [/home/advent/Desktop/RC19/_x/link/vivado/vpl/prj/prj.gen/my_rm/bd/ulp/ipshared/ba39/hdl/verilog/softmax_u55c_kernel_gmem0_m_axi.v:2551]
INFO: [Synth 8-6155] done synthesizing module 'softmax_u55c_kernel_gmem0_m_axi_store' (0#1) [/home/advent/Desktop/RC19/_x/link/vivado/vpl/prj/prj.gen/my_rm/bd/ulp/ipshared/ba39/hdl/verilog/softmax_u55c_kernel_gmem0_m_axi.v:781]
INFO: [Synth 8-6157] synthesizing module 'softmax_u55c_kernel_gmem0_m_axi_load' [/home/advent/Desktop/RC19/_x/link/vivado/vpl/prj/prj.gen/my_rm/bd/ulp/ipshared/ba39/hdl/verilog/softmax_u55c_kernel_gmem0_m_axi.v:325]
INFO: [Synth 8-6157] synthesizing module 'softmax_u55c_kernel_gmem0_m_axi_fifo__parameterized3' [/home/advent/Desktop/RC19/_x/link/vivado/vpl/prj/prj.gen/my_rm/bd/ulp/ipshared/ba39/hdl/verilog/softmax_u55c_kernel_gmem0_m_axi.v:2551]
INFO: [Synth 8-6157] synthesizing module 'softmax_u55c_kernel_gmem0_m_axi_mem__parameterized0' [/home/advent/Desktop/RC19/_x/link/vivado/vpl/prj/prj.gen/my_rm/bd/ulp/ipshared/ba39/hdl/verilog/softmax_u55c_kernel_gmem0_m_axi.v:2783]
INFO: [Synth 8-6155] done synthesizing module 'softmax_u55c_kernel_gmem0_m_axi_mem__parameterized0' (0#1) [/home/advent/Desktop/RC19/_x/link/vivado/vpl/prj/prj.gen/my_rm/bd/ulp/ipshared/ba39/hdl/verilog/softmax_u55c_kernel_gmem0_m_axi.v:2783]
INFO: [Synth 8-6155] done synthesizing module 'softmax_u55c_kernel_gmem0_m_axi_fifo__parameterized3' (0#1) [/home/advent/Desktop/RC19/_x/link/vivado/vpl/prj/prj.gen/my_rm/bd/ulp/ipshared/ba39/hdl/verilog/softmax_u55c_kernel_gmem0_m_axi.v:2551]
INFO: [Synth 8-6155] done synthesizing module 'softmax_u55c_kernel_gmem0_m_axi_load' (0#1) [/home/advent/Desktop/RC19/_x/link/vivado/vpl/prj/prj.gen/my_rm/bd/ulp/ipshared/ba39/hdl/verilog/softmax_u55c_kernel_gmem0_m_axi.v:325]
INFO: [Synth 8-6157] synthesizing module 'softmax_u55c_kernel_gmem0_m_axi_write' [/home/advent/Desktop/RC19/_x/link/vivado/vpl/prj/prj.gen/my_rm/bd/ulp/ipshared/ba39/hdl/verilog/softmax_u55c_kernel_gmem0_m_axi.v:1716]
INFO: [Synth 8-6157] synthesizing module 'softmax_u55c_kernel_gmem0_m_axi_reg_slice' [/home/advent/Desktop/RC19/_x/link/vivado/vpl/prj/prj.gen/my_rm/bd/ulp/ipshared/ba39/hdl/verilog/softmax_u55c_kernel_gmem0_m_axi.v:2449]
INFO: [Synth 8-6155] done synthesizing module 'softmax_u55c_kernel_gmem0_m_axi_reg_slice' (0#1) [/home/advent/Desktop/RC19/_x/link/vivado/vpl/prj/prj.gen/my_rm/bd/ulp/ipshared/ba39/hdl/verilog/softmax_u55c_kernel_gmem0_m_axi.v:2449]
INFO: [Synth 8-6157] synthesizing module 'softmax_u55c_kernel_gmem0_m_axi_fifo__parameterized4' [/home/advent/Desktop/RC19/_x/link/vivado/vpl/prj/prj.gen/my_rm/bd/ulp/ipshared/ba39/hdl/verilog/softmax_u55c_kernel_gmem0_m_axi.v:2551]
INFO: [Synth 8-6157] synthesizing module 'softmax_u55c_kernel_gmem0_m_axi_srl__parameterized2' [/home/advent/Desktop/RC19/_x/link/vivado/vpl/prj/prj.gen/my_rm/bd/ulp/ipshared/ba39/hdl/verilog/softmax_u55c_kernel_gmem0_m_axi.v:2729]
INFO: [Synth 8-6155] done synthesizing module 'softmax_u55c_kernel_gmem0_m_axi_srl__parameterized2' (0#1) [/home/advent/Desktop/RC19/_x/link/vivado/vpl/prj/prj.gen/my_rm/bd/ulp/ipshared/ba39/hdl/verilog/softmax_u55c_kernel_gmem0_m_axi.v:2729]
INFO: [Synth 8-6155] done synthesizing module 'softmax_u55c_kernel_gmem0_m_axi_fifo__parameterized4' (0#1) [/home/advent/Desktop/RC19/_x/link/vivado/vpl/prj/prj.gen/my_rm/bd/ulp/ipshared/ba39/hdl/verilog/softmax_u55c_kernel_gmem0_m_axi.v:2551]
INFO: [Synth 8-6157] synthesizing module 'softmax_u55c_kernel_gmem0_m_axi_throttle' [/home/advent/Desktop/RC19/_x/link/vivado/vpl/prj/prj.gen/my_rm/bd/ulp/ipshared/ba39/hdl/verilog/softmax_u55c_kernel_gmem0_m_axi.v:2224]
INFO: [Synth 8-6157] synthesizing module 'softmax_u55c_kernel_gmem0_m_axi_reg_slice__parameterized0' [/home/advent/Desktop/RC19/_x/link/vivado/vpl/prj/prj.gen/my_rm/bd/ulp/ipshared/ba39/hdl/verilog/softmax_u55c_kernel_gmem0_m_axi.v:2449]
INFO: [Synth 8-6155] done synthesizing module 'softmax_u55c_kernel_gmem0_m_axi_reg_slice__parameterized0' (0#1) [/home/advent/Desktop/RC19/_x/link/vivado/vpl/prj/prj.gen/my_rm/bd/ulp/ipshared/ba39/hdl/verilog/softmax_u55c_kernel_gmem0_m_axi.v:2449]
INFO: [Synth 8-6157] synthesizing module 'softmax_u55c_kernel_gmem0_m_axi_fifo__parameterized5' [/home/advent/Desktop/RC19/_x/link/vivado/vpl/prj/prj.gen/my_rm/bd/ulp/ipshared/ba39/hdl/verilog/softmax_u55c_kernel_gmem0_m_axi.v:2551]
INFO: [Synth 8-6157] synthesizing module 'softmax_u55c_kernel_gmem0_m_axi_srl__parameterized3' [/home/advent/Desktop/RC19/_x/link/vivado/vpl/prj/prj.gen/my_rm/bd/ulp/ipshared/ba39/hdl/verilog/softmax_u55c_kernel_gmem0_m_axi.v:2729]
INFO: [Synth 8-6155] done synthesizing module 'softmax_u55c_kernel_gmem0_m_axi_srl__parameterized3' (0#1) [/home/advent/Desktop/RC19/_x/link/vivado/vpl/prj/prj.gen/my_rm/bd/ulp/ipshared/ba39/hdl/verilog/softmax_u55c_kernel_gmem0_m_axi.v:2729]
INFO: [Synth 8-6155] done synthesizing module 'softmax_u55c_kernel_gmem0_m_axi_fifo__parameterized5' (0#1) [/home/advent/Desktop/RC19/_x/link/vivado/vpl/prj/prj.gen/my_rm/bd/ulp/ipshared/ba39/hdl/verilog/softmax_u55c_kernel_gmem0_m_axi.v:2551]
INFO: [Synth 8-6157] synthesizing module 'softmax_u55c_kernel_gmem0_m_axi_fifo__parameterized6' [/home/advent/Desktop/RC19/_x/link/vivado/vpl/prj/prj.gen/my_rm/bd/ulp/ipshared/ba39/hdl/verilog/softmax_u55c_kernel_gmem0_m_axi.v:2551]
INFO: [Synth 8-6157] synthesizing module 'softmax_u55c_kernel_gmem0_m_axi_srl__parameterized4' [/home/advent/Desktop/RC19/_x/link/vivado/vpl/prj/prj.gen/my_rm/bd/ulp/ipshared/ba39/hdl/verilog/softmax_u55c_kernel_gmem0_m_axi.v:2729]
INFO: [Synth 8-6155] done synthesizing module 'softmax_u55c_kernel_gmem0_m_axi_srl__parameterized4' (0#1) [/home/advent/Desktop/RC19/_x/link/vivado/vpl/prj/prj.gen/my_rm/bd/ulp/ipshared/ba39/hdl/verilog/softmax_u55c_kernel_gmem0_m_axi.v:2729]
INFO: [Synth 8-6155] done synthesizing module 'softmax_u55c_kernel_gmem0_m_axi_fifo__parameterized6' (0#1) [/home/advent/Desktop/RC19/_x/link/vivado/vpl/prj/prj.gen/my_rm/bd/ulp/ipshared/ba39/hdl/verilog/softmax_u55c_kernel_gmem0_m_axi.v:2551]
INFO: [Synth 8-6155] done synthesizing module 'softmax_u55c_kernel_gmem0_m_axi_throttle' (0#1) [/home/advent/Desktop/RC19/_x/link/vivado/vpl/prj/prj.gen/my_rm/bd/ulp/ipshared/ba39/hdl/verilog/softmax_u55c_kernel_gmem0_m_axi.v:2224]
INFO: [Synth 8-6157] synthesizing module 'softmax_u55c_kernel_gmem0_m_axi_reg_slice__parameterized1' [/home/advent/Desktop/RC19/_x/link/vivado/vpl/prj/prj.gen/my_rm/bd/ulp/ipshared/ba39/hdl/verilog/softmax_u55c_kernel_gmem0_m_axi.v:2449]
INFO: [Synth 8-6155] done synthesizing module 'softmax_u55c_kernel_gmem0_m_axi_reg_slice__parameterized1' (0#1) [/home/advent/Desktop/RC19/_x/link/vivado/vpl/prj/prj.gen/my_rm/bd/ulp/ipshared/ba39/hdl/verilog/softmax_u55c_kernel_gmem0_m_axi.v:2449]
WARNING: [Synth 8-589] replacing case/wildcard equality operator === with logical equality operator == [/home/advent/Desktop/RC19/_x/link/vivado/vpl/prj/prj.gen/my_rm/bd/ulp/ipshared/ba39/hdl/verilog/softmax_u55c_kernel_gmem0_m_axi.v:2216]
WARNING: [Synth 8-589] replacing case/wildcard equality operator === with logical equality operator == [/home/advent/Desktop/RC19/_x/link/vivado/vpl/prj/prj.gen/my_rm/bd/ulp/ipshared/ba39/hdl/verilog/softmax_u55c_kernel_gmem0_m_axi.v:2219]
INFO: [Synth 8-6155] done synthesizing module 'softmax_u55c_kernel_gmem0_m_axi_write' (0#1) [/home/advent/Desktop/RC19/_x/link/vivado/vpl/prj/prj.gen/my_rm/bd/ulp/ipshared/ba39/hdl/verilog/softmax_u55c_kernel_gmem0_m_axi.v:1716]
INFO: [Synth 8-6157] synthesizing module 'softmax_u55c_kernel_gmem0_m_axi_read' [/home/advent/Desktop/RC19/_x/link/vivado/vpl/prj/prj.gen/my_rm/bd/ulp/ipshared/ba39/hdl/verilog/softmax_u55c_kernel_gmem0_m_axi.v:1332]
INFO: [Synth 8-6157] synthesizing module 'softmax_u55c_kernel_gmem0_m_axi_reg_slice__parameterized2' [/home/advent/Desktop/RC19/_x/link/vivado/vpl/prj/prj.gen/my_rm/bd/ulp/ipshared/ba39/hdl/verilog/softmax_u55c_kernel_gmem0_m_axi.v:2449]
INFO: [Synth 8-6155] done synthesizing module 'softmax_u55c_kernel_gmem0_m_axi_reg_slice__parameterized2' (0#1) [/home/advent/Desktop/RC19/_x/link/vivado/vpl/prj/prj.gen/my_rm/bd/ulp/ipshared/ba39/hdl/verilog/softmax_u55c_kernel_gmem0_m_axi.v:2449]
WARNING: [Synth 8-589] replacing case/wildcard equality operator === with logical equality operator == [/home/advent/Desktop/RC19/_x/link/vivado/vpl/prj/prj.gen/my_rm/bd/ulp/ipshared/ba39/hdl/verilog/softmax_u55c_kernel_gmem0_m_axi.v:1708]
INFO: [Synth 8-6155] done synthesizing module 'softmax_u55c_kernel_gmem0_m_axi_read' (0#1) [/home/advent/Desktop/RC19/_x/link/vivado/vpl/prj/prj.gen/my_rm/bd/ulp/ipshared/ba39/hdl/verilog/softmax_u55c_kernel_gmem0_m_axi.v:1332]
INFO: [Synth 8-6155] done synthesizing module 'softmax_u55c_kernel_gmem0_m_axi' (0#1) [/home/advent/Desktop/RC19/_x/link/vivado/vpl/prj/prj.gen/my_rm/bd/ulp/ipshared/ba39/hdl/verilog/softmax_u55c_kernel_gmem0_m_axi.v:11]
INFO: [Synth 8-6157] synthesizing module 'softmax_u55c_kernel_gmem1_m_axi' [/home/advent/Desktop/RC19/_x/link/vivado/vpl/prj/prj.gen/my_rm/bd/ulp/ipshared/ba39/hdl/verilog/softmax_u55c_kernel_gmem1_m_axi.v:11]
INFO: [Synth 8-6157] synthesizing module 'softmax_u55c_kernel_gmem1_m_axi_store' [/home/advent/Desktop/RC19/_x/link/vivado/vpl/prj/prj.gen/my_rm/bd/ulp/ipshared/ba39/hdl/verilog/softmax_u55c_kernel_gmem1_m_axi.v:781]
INFO: [Synth 8-6157] synthesizing module 'softmax_u55c_kernel_gmem1_m_axi_fifo' [/home/advent/Desktop/RC19/_x/link/vivado/vpl/prj/prj.gen/my_rm/bd/ulp/ipshared/ba39/hdl/verilog/softmax_u55c_kernel_gmem1_m_axi.v:2551]
INFO: [Synth 8-6157] synthesizing module 'softmax_u55c_kernel_gmem1_m_axi_srl' [/home/advent/Desktop/RC19/_x/link/vivado/vpl/prj/prj.gen/my_rm/bd/ulp/ipshared/ba39/hdl/verilog/softmax_u55c_kernel_gmem1_m_axi.v:2729]
INFO: [Synth 8-6155] done synthesizing module 'softmax_u55c_kernel_gmem1_m_axi_srl' (0#1) [/home/advent/Desktop/RC19/_x/link/vivado/vpl/prj/prj.gen/my_rm/bd/ulp/ipshared/ba39/hdl/verilog/softmax_u55c_kernel_gmem1_m_axi.v:2729]
INFO: [Synth 8-6155] done synthesizing module 'softmax_u55c_kernel_gmem1_m_axi_fifo' (0#1) [/home/advent/Desktop/RC19/_x/link/vivado/vpl/prj/prj.gen/my_rm/bd/ulp/ipshared/ba39/hdl/verilog/softmax_u55c_kernel_gmem1_m_axi.v:2551]
INFO: [Synth 8-6157] synthesizing module 'softmax_u55c_kernel_gmem1_m_axi_fifo__parameterized0' [/home/advent/Desktop/RC19/_x/link/vivado/vpl/prj/prj.gen/my_rm/bd/ulp/ipshared/ba39/hdl/verilog/softmax_u55c_kernel_gmem1_m_axi.v:2551]
INFO: [Synth 8-6157] synthesizing module 'softmax_u55c_kernel_gmem1_m_axi_mem' [/home/advent/Desktop/RC19/_x/link/vivado/vpl/prj/prj.gen/my_rm/bd/ulp/ipshared/ba39/hdl/verilog/softmax_u55c_kernel_gmem1_m_axi.v:2783]
INFO: [Synth 8-6155] done synthesizing module 'softmax_u55c_kernel_gmem1_m_axi_mem' (0#1) [/home/advent/Desktop/RC19/_x/link/vivado/vpl/prj/prj.gen/my_rm/bd/ulp/ipshared/ba39/hdl/verilog/softmax_u55c_kernel_gmem1_m_axi.v:2783]
INFO: [Synth 8-6155] done synthesizing module 'softmax_u55c_kernel_gmem1_m_axi_fifo__parameterized0' (0#1) [/home/advent/Desktop/RC19/_x/link/vivado/vpl/prj/prj.gen/my_rm/bd/ulp/ipshared/ba39/hdl/verilog/softmax_u55c_kernel_gmem1_m_axi.v:2551]
INFO: [Synth 8-6157] synthesizing module 'softmax_u55c_kernel_gmem1_m_axi_fifo__parameterized1' [/home/advent/Desktop/RC19/_x/link/vivado/vpl/prj/prj.gen/my_rm/bd/ulp/ipshared/ba39/hdl/verilog/softmax_u55c_kernel_gmem1_m_axi.v:2551]
INFO: [Synth 8-6157] synthesizing module 'softmax_u55c_kernel_gmem1_m_axi_srl__parameterized0' [/home/advent/Desktop/RC19/_x/link/vivado/vpl/prj/prj.gen/my_rm/bd/ulp/ipshared/ba39/hdl/verilog/softmax_u55c_kernel_gmem1_m_axi.v:2729]
INFO: [Synth 8-6155] done synthesizing module 'softmax_u55c_kernel_gmem1_m_axi_srl__parameterized0' (0#1) [/home/advent/Desktop/RC19/_x/link/vivado/vpl/prj/prj.gen/my_rm/bd/ulp/ipshared/ba39/hdl/verilog/softmax_u55c_kernel_gmem1_m_axi.v:2729]
INFO: [Synth 8-6155] done synthesizing module 'softmax_u55c_kernel_gmem1_m_axi_fifo__parameterized1' (0#1) [/home/advent/Desktop/RC19/_x/link/vivado/vpl/prj/prj.gen/my_rm/bd/ulp/ipshared/ba39/hdl/verilog/softmax_u55c_kernel_gmem1_m_axi.v:2551]
INFO: [Synth 8-6157] synthesizing module 'softmax_u55c_kernel_gmem1_m_axi_fifo__parameterized2' [/home/advent/Desktop/RC19/_x/link/vivado/vpl/prj/prj.gen/my_rm/bd/ulp/ipshared/ba39/hdl/verilog/softmax_u55c_kernel_gmem1_m_axi.v:2551]
INFO: [Synth 8-6157] synthesizing module 'softmax_u55c_kernel_gmem1_m_axi_srl__parameterized1' [/home/advent/Desktop/RC19/_x/link/vivado/vpl/prj/prj.gen/my_rm/bd/ulp/ipshared/ba39/hdl/verilog/softmax_u55c_kernel_gmem1_m_axi.v:2729]
INFO: [Synth 8-6155] done synthesizing module 'softmax_u55c_kernel_gmem1_m_axi_srl__parameterized1' (0#1) [/home/advent/Desktop/RC19/_x/link/vivado/vpl/prj/prj.gen/my_rm/bd/ulp/ipshared/ba39/hdl/verilog/softmax_u55c_kernel_gmem1_m_axi.v:2729]
INFO: [Synth 8-6155] done synthesizing module 'softmax_u55c_kernel_gmem1_m_axi_fifo__parameterized2' (0#1) [/home/advent/Desktop/RC19/_x/link/vivado/vpl/prj/prj.gen/my_rm/bd/ulp/ipshared/ba39/hdl/verilog/softmax_u55c_kernel_gmem1_m_axi.v:2551]
INFO: [Synth 8-6155] done synthesizing module 'softmax_u55c_kernel_gmem1_m_axi_store' (0#1) [/home/advent/Desktop/RC19/_x/link/vivado/vpl/prj/prj.gen/my_rm/bd/ulp/ipshared/ba39/hdl/verilog/softmax_u55c_kernel_gmem1_m_axi.v:781]
INFO: [Synth 8-6157] synthesizing module 'softmax_u55c_kernel_gmem1_m_axi_load' [/home/advent/Desktop/RC19/_x/link/vivado/vpl/prj/prj.gen/my_rm/bd/ulp/ipshared/ba39/hdl/verilog/softmax_u55c_kernel_gmem1_m_axi.v:325]
INFO: [Synth 8-6157] synthesizing module 'softmax_u55c_kernel_gmem1_m_axi_fifo__parameterized3' [/home/advent/Desktop/RC19/_x/link/vivado/vpl/prj/prj.gen/my_rm/bd/ulp/ipshared/ba39/hdl/verilog/softmax_u55c_kernel_gmem1_m_axi.v:2551]
INFO: [Synth 8-6157] synthesizing module 'softmax_u55c_kernel_gmem1_m_axi_mem__parameterized0' [/home/advent/Desktop/RC19/_x/link/vivado/vpl/prj/prj.gen/my_rm/bd/ulp/ipshared/ba39/hdl/verilog/softmax_u55c_kernel_gmem1_m_axi.v:2783]
INFO: [Synth 8-6155] done synthesizing module 'softmax_u55c_kernel_gmem1_m_axi_mem__parameterized0' (0#1) [/home/advent/Desktop/RC19/_x/link/vivado/vpl/prj/prj.gen/my_rm/bd/ulp/ipshared/ba39/hdl/verilog/softmax_u55c_kernel_gmem1_m_axi.v:2783]
INFO: [Synth 8-6155] done synthesizing module 'softmax_u55c_kernel_gmem1_m_axi_fifo__parameterized3' (0#1) [/home/advent/Desktop/RC19/_x/link/vivado/vpl/prj/prj.gen/my_rm/bd/ulp/ipshared/ba39/hdl/verilog/softmax_u55c_kernel_gmem1_m_axi.v:2551]
INFO: [Synth 8-6155] done synthesizing module 'softmax_u55c_kernel_gmem1_m_axi_load' (0#1) [/home/advent/Desktop/RC19/_x/link/vivado/vpl/prj/prj.gen/my_rm/bd/ulp/ipshared/ba39/hdl/verilog/softmax_u55c_kernel_gmem1_m_axi.v:325]
INFO: [Synth 8-6157] synthesizing module 'softmax_u55c_kernel_gmem1_m_axi_write' [/home/advent/Desktop/RC19/_x/link/vivado/vpl/prj/prj.gen/my_rm/bd/ulp/ipshared/ba39/hdl/verilog/softmax_u55c_kernel_gmem1_m_axi.v:1716]
INFO: [Synth 8-6157] synthesizing module 'softmax_u55c_kernel_gmem1_m_axi_reg_slice' [/home/advent/Desktop/RC19/_x/link/vivado/vpl/prj/prj.gen/my_rm/bd/ulp/ipshared/ba39/hdl/verilog/softmax_u55c_kernel_gmem1_m_axi.v:2449]
INFO: [Synth 8-6155] done synthesizing module 'softmax_u55c_kernel_gmem1_m_axi_reg_slice' (0#1) [/home/advent/Desktop/RC19/_x/link/vivado/vpl/prj/prj.gen/my_rm/bd/ulp/ipshared/ba39/hdl/verilog/softmax_u55c_kernel_gmem1_m_axi.v:2449]
INFO: [Synth 8-6157] synthesizing module 'softmax_u55c_kernel_gmem1_m_axi_fifo__parameterized4' [/home/advent/Desktop/RC19/_x/link/vivado/vpl/prj/prj.gen/my_rm/bd/ulp/ipshared/ba39/hdl/verilog/softmax_u55c_kernel_gmem1_m_axi.v:2551]
INFO: [Synth 8-6157] synthesizing module 'softmax_u55c_kernel_gmem1_m_axi_srl__parameterized2' [/home/advent/Desktop/RC19/_x/link/vivado/vpl/prj/prj.gen/my_rm/bd/ulp/ipshared/ba39/hdl/verilog/softmax_u55c_kernel_gmem1_m_axi.v:2729]
INFO: [Synth 8-6155] done synthesizing module 'softmax_u55c_kernel_gmem1_m_axi_srl__parameterized2' (0#1) [/home/advent/Desktop/RC19/_x/link/vivado/vpl/prj/prj.gen/my_rm/bd/ulp/ipshared/ba39/hdl/verilog/softmax_u55c_kernel_gmem1_m_axi.v:2729]
INFO: [Synth 8-6155] done synthesizing module 'softmax_u55c_kernel_gmem1_m_axi_fifo__parameterized4' (0#1) [/home/advent/Desktop/RC19/_x/link/vivado/vpl/prj/prj.gen/my_rm/bd/ulp/ipshared/ba39/hdl/verilog/softmax_u55c_kernel_gmem1_m_axi.v:2551]
INFO: [Synth 8-6157] synthesizing module 'softmax_u55c_kernel_gmem1_m_axi_throttle' [/home/advent/Desktop/RC19/_x/link/vivado/vpl/prj/prj.gen/my_rm/bd/ulp/ipshared/ba39/hdl/verilog/softmax_u55c_kernel_gmem1_m_axi.v:2224]
INFO: [Synth 8-6157] synthesizing module 'softmax_u55c_kernel_gmem1_m_axi_reg_slice__parameterized0' [/home/advent/Desktop/RC19/_x/link/vivado/vpl/prj/prj.gen/my_rm/bd/ulp/ipshared/ba39/hdl/verilog/softmax_u55c_kernel_gmem1_m_axi.v:2449]
INFO: [Synth 8-6155] done synthesizing module 'softmax_u55c_kernel_gmem1_m_axi_reg_slice__parameterized0' (0#1) [/home/advent/Desktop/RC19/_x/link/vivado/vpl/prj/prj.gen/my_rm/bd/ulp/ipshared/ba39/hdl/verilog/softmax_u55c_kernel_gmem1_m_axi.v:2449]
INFO: [Synth 8-6157] synthesizing module 'softmax_u55c_kernel_gmem1_m_axi_fifo__parameterized5' [/home/advent/Desktop/RC19/_x/link/vivado/vpl/prj/prj.gen/my_rm/bd/ulp/ipshared/ba39/hdl/verilog/softmax_u55c_kernel_gmem1_m_axi.v:2551]
INFO: [Synth 8-6157] synthesizing module 'softmax_u55c_kernel_gmem1_m_axi_srl__parameterized3' [/home/advent/Desktop/RC19/_x/link/vivado/vpl/prj/prj.gen/my_rm/bd/ulp/ipshared/ba39/hdl/verilog/softmax_u55c_kernel_gmem1_m_axi.v:2729]
INFO: [Synth 8-6155] done synthesizing module 'softmax_u55c_kernel_gmem1_m_axi_srl__parameterized3' (0#1) [/home/advent/Desktop/RC19/_x/link/vivado/vpl/prj/prj.gen/my_rm/bd/ulp/ipshared/ba39/hdl/verilog/softmax_u55c_kernel_gmem1_m_axi.v:2729]
INFO: [Synth 8-6155] done synthesizing module 'softmax_u55c_kernel_gmem1_m_axi_fifo__parameterized5' (0#1) [/home/advent/Desktop/RC19/_x/link/vivado/vpl/prj/prj.gen/my_rm/bd/ulp/ipshared/ba39/hdl/verilog/softmax_u55c_kernel_gmem1_m_axi.v:2551]
INFO: [Synth 8-6157] synthesizing module 'softmax_u55c_kernel_gmem1_m_axi_fifo__parameterized6' [/home/advent/Desktop/RC19/_x/link/vivado/vpl/prj/prj.gen/my_rm/bd/ulp/ipshared/ba39/hdl/verilog/softmax_u55c_kernel_gmem1_m_axi.v:2551]
INFO: [Synth 8-6157] synthesizing module 'softmax_u55c_kernel_gmem1_m_axi_srl__parameterized4' [/home/advent/Desktop/RC19/_x/link/vivado/vpl/prj/prj.gen/my_rm/bd/ulp/ipshared/ba39/hdl/verilog/softmax_u55c_kernel_gmem1_m_axi.v:2729]
INFO: [Synth 8-6155] done synthesizing module 'softmax_u55c_kernel_gmem1_m_axi_srl__parameterized4' (0#1) [/home/advent/Desktop/RC19/_x/link/vivado/vpl/prj/prj.gen/my_rm/bd/ulp/ipshared/ba39/hdl/verilog/softmax_u55c_kernel_gmem1_m_axi.v:2729]
INFO: [Synth 8-6155] done synthesizing module 'softmax_u55c_kernel_gmem1_m_axi_fifo__parameterized6' (0#1) [/home/advent/Desktop/RC19/_x/link/vivado/vpl/prj/prj.gen/my_rm/bd/ulp/ipshared/ba39/hdl/verilog/softmax_u55c_kernel_gmem1_m_axi.v:2551]
INFO: [Synth 8-6155] done synthesizing module 'softmax_u55c_kernel_gmem1_m_axi_throttle' (0#1) [/home/advent/Desktop/RC19/_x/link/vivado/vpl/prj/prj.gen/my_rm/bd/ulp/ipshared/ba39/hdl/verilog/softmax_u55c_kernel_gmem1_m_axi.v:2224]
INFO: [Synth 8-6157] synthesizing module 'softmax_u55c_kernel_gmem1_m_axi_reg_slice__parameterized1' [/home/advent/Desktop/RC19/_x/link/vivado/vpl/prj/prj.gen/my_rm/bd/ulp/ipshared/ba39/hdl/verilog/softmax_u55c_kernel_gmem1_m_axi.v:2449]
INFO: [Synth 8-6155] done synthesizing module 'softmax_u55c_kernel_gmem1_m_axi_reg_slice__parameterized1' (0#1) [/home/advent/Desktop/RC19/_x/link/vivado/vpl/prj/prj.gen/my_rm/bd/ulp/ipshared/ba39/hdl/verilog/softmax_u55c_kernel_gmem1_m_axi.v:2449]
WARNING: [Synth 8-589] replacing case/wildcard equality operator === with logical equality operator == [/home/advent/Desktop/RC19/_x/link/vivado/vpl/prj/prj.gen/my_rm/bd/ulp/ipshared/ba39/hdl/verilog/softmax_u55c_kernel_gmem1_m_axi.v:2216]
WARNING: [Synth 8-589] replacing case/wildcard equality operator === with logical equality operator == [/home/advent/Desktop/RC19/_x/link/vivado/vpl/prj/prj.gen/my_rm/bd/ulp/ipshared/ba39/hdl/verilog/softmax_u55c_kernel_gmem1_m_axi.v:2219]
INFO: [Synth 8-6155] done synthesizing module 'softmax_u55c_kernel_gmem1_m_axi_write' (0#1) [/home/advent/Desktop/RC19/_x/link/vivado/vpl/prj/prj.gen/my_rm/bd/ulp/ipshared/ba39/hdl/verilog/softmax_u55c_kernel_gmem1_m_axi.v:1716]
INFO: [Synth 8-6157] synthesizing module 'softmax_u55c_kernel_gmem1_m_axi_read' [/home/advent/Desktop/RC19/_x/link/vivado/vpl/prj/prj.gen/my_rm/bd/ulp/ipshared/ba39/hdl/verilog/softmax_u55c_kernel_gmem1_m_axi.v:1332]
INFO: [Synth 8-6157] synthesizing module 'softmax_u55c_kernel_gmem1_m_axi_reg_slice__parameterized2' [/home/advent/Desktop/RC19/_x/link/vivado/vpl/prj/prj.gen/my_rm/bd/ulp/ipshared/ba39/hdl/verilog/softmax_u55c_kernel_gmem1_m_axi.v:2449]
INFO: [Synth 8-6155] done synthesizing module 'softmax_u55c_kernel_gmem1_m_axi_reg_slice__parameterized2' (0#1) [/home/advent/Desktop/RC19/_x/link/vivado/vpl/prj/prj.gen/my_rm/bd/ulp/ipshared/ba39/hdl/verilog/softmax_u55c_kernel_gmem1_m_axi.v:2449]
WARNING: [Synth 8-589] replacing case/wildcard equality operator === with logical equality operator == [/home/advent/Desktop/RC19/_x/link/vivado/vpl/prj/prj.gen/my_rm/bd/ulp/ipshared/ba39/hdl/verilog/softmax_u55c_kernel_gmem1_m_axi.v:1708]
INFO: [Synth 8-6155] done synthesizing module 'softmax_u55c_kernel_gmem1_m_axi_read' (0#1) [/home/advent/Desktop/RC19/_x/link/vivado/vpl/prj/prj.gen/my_rm/bd/ulp/ipshared/ba39/hdl/verilog/softmax_u55c_kernel_gmem1_m_axi.v:1332]
INFO: [Synth 8-6155] done synthesizing module 'softmax_u55c_kernel_gmem1_m_axi' (0#1) [/home/advent/Desktop/RC19/_x/link/vivado/vpl/prj/prj.gen/my_rm/bd/ulp/ipshared/ba39/hdl/verilog/softmax_u55c_kernel_gmem1_m_axi.v:11]
INFO: [Synth 8-6155] done synthesizing module 'softmax_u55c_kernel' (0#1) [/home/advent/Desktop/RC19/_x/link/vivado/vpl/prj/prj.gen/my_rm/bd/ulp/ipshared/ba39/hdl/verilog/softmax_u55c_kernel.v:10]
INFO: [Synth 8-6155] done synthesizing module 'ulp_softmax_u55c_kernel_1_0' (0#1) [/home/advent/Desktop/RC19/_x/link/vivado/vpl/prj/prj.gen/my_rm/bd/ulp/ip/ulp_softmax_u55c_kernel_1_0/synth/ulp_softmax_u55c_kernel_1_0.v:53]
WARNING: [Synth 8-6014] Unused sequential element icmp_ln91_reg_331_pp0_iter1_reg_reg was removed.  [/home/advent/Desktop/RC19/_x/link/vivado/vpl/prj/prj.gen/my_rm/bd/ulp/ipshared/ba39/hdl/verilog/softmax_u55c_kernel_softmax_u55c_kernel_Pipeline_VITIS_LOOP_91_1_VITIS_LOOP_92_2.v:312]
WARNING: [Synth 8-6014] Unused sequential element int_ap_done_reg was removed.  [/home/advent/Desktop/RC19/_x/link/vivado/vpl/prj/prj.gen/my_rm/bd/ulp/ipshared/ba39/hdl/verilog/softmax_u55c_kernel_control_s_axi.v:310]
WARNING: [Synth 8-7129] Port in_BUS_RID[0] in module softmax_u55c_kernel_gmem1_m_axi_read is either unconnected or has no load
WARNING: [Synth 8-7129] Port in_BUS_RRESP[1] in module softmax_u55c_kernel_gmem1_m_axi_read is either unconnected or has no load
WARNING: [Synth 8-7129] Port in_BUS_RRESP[0] in module softmax_u55c_kernel_gmem1_m_axi_read is either unconnected or has no load
WARNING: [Synth 8-7129] Port in_BUS_RUSER[0] in module softmax_u55c_kernel_gmem1_m_axi_read is either unconnected or has no load
WARNING: [Synth 8-7129] Port in_BUS_BID[0] in module softmax_u55c_kernel_gmem1_m_axi_write is either unconnected or has no load
WARNING: [Synth 8-7129] Port in_BUS_BRESP[1] in module softmax_u55c_kernel_gmem1_m_axi_write is either unconnected or has no load
WARNING: [Synth 8-7129] Port in_BUS_BRESP[0] in module softmax_u55c_kernel_gmem1_m_axi_write is either unconnected or has no load
WARNING: [Synth 8-7129] Port in_BUS_BUSER[0] in module softmax_u55c_kernel_gmem1_m_axi_write is either unconnected or has no load
WARNING: [Synth 8-7129] Port in_BUS_RID[0] in module softmax_u55c_kernel_gmem0_m_axi_read is either unconnected or has no load
WARNING: [Synth 8-7129] Port in_BUS_RRESP[1] in module softmax_u55c_kernel_gmem0_m_axi_read is either unconnected or has no load
WARNING: [Synth 8-7129] Port in_BUS_RRESP[0] in module softmax_u55c_kernel_gmem0_m_axi_read is either unconnected or has no load
WARNING: [Synth 8-7129] Port in_BUS_RUSER[0] in module softmax_u55c_kernel_gmem0_m_axi_read is either unconnected or has no load
WARNING: [Synth 8-7129] Port in_BUS_BID[0] in module softmax_u55c_kernel_gmem0_m_axi_write is either unconnected or has no load
WARNING: [Synth 8-7129] Port in_BUS_BRESP[1] in module softmax_u55c_kernel_gmem0_m_axi_write is either unconnected or has no load
WARNING: [Synth 8-7129] Port in_BUS_BRESP[0] in module softmax_u55c_kernel_gmem0_m_axi_write is either unconnected or has no load
WARNING: [Synth 8-7129] Port in_BUS_BUSER[0] in module softmax_u55c_kernel_gmem0_m_axi_write is either unconnected or has no load
WARNING: [Synth 8-7129] Port m_axi_gmem1_AWREADY in module softmax_u55c_kernel_softmax_u55c_kernel_Pipeline_VITIS_LOOP_104_3_VITIS_LOOP_105_4 is either unconnected or has no load
WARNING: [Synth 8-7129] Port m_axi_gmem1_ARREADY in module softmax_u55c_kernel_softmax_u55c_kernel_Pipeline_VITIS_LOOP_104_3_VITIS_LOOP_105_4 is either unconnected or has no load
WARNING: [Synth 8-7129] Port m_axi_gmem1_RVALID in module softmax_u55c_kernel_softmax_u55c_kernel_Pipeline_VITIS_LOOP_104_3_VITIS_LOOP_105_4 is either unconnected or has no load
WARNING: [Synth 8-7129] Port m_axi_gmem1_RDATA[511] in module softmax_u55c_kernel_softmax_u55c_kernel_Pipeline_VITIS_LOOP_104_3_VITIS_LOOP_105_4 is either unconnected or has no load
WARNING: [Synth 8-7129] Port m_axi_gmem1_RDATA[510] in module softmax_u55c_kernel_softmax_u55c_kernel_Pipeline_VITIS_LOOP_104_3_VITIS_LOOP_105_4 is either unconnected or has no load
WARNING: [Synth 8-7129] Port m_axi_gmem1_RDATA[509] in module softmax_u55c_kernel_softmax_u55c_kernel_Pipeline_VITIS_LOOP_104_3_VITIS_LOOP_105_4 is either unconnected or has no load
WARNING: [Synth 8-7129] Port m_axi_gmem1_RDATA[508] in module softmax_u55c_kernel_softmax_u55c_kernel_Pipeline_VITIS_LOOP_104_3_VITIS_LOOP_105_4 is either unconnected or has no load
WARNING: [Synth 8-7129] Port m_axi_gmem1_RDATA[507] in module softmax_u55c_kernel_softmax_u55c_kernel_Pipeline_VITIS_LOOP_104_3_VITIS_LOOP_105_4 is either unconnected or has no load
WARNING: [Synth 8-7129] Port m_axi_gmem1_RDATA[506] in module softmax_u55c_kernel_softmax_u55c_kernel_Pipeline_VITIS_LOOP_104_3_VITIS_LOOP_105_4 is either unconnected or has no load
WARNING: [Synth 8-7129] Port m_axi_gmem1_RDATA[505] in module softmax_u55c_kernel_softmax_u55c_kernel_Pipeline_VITIS_LOOP_104_3_VITIS_LOOP_105_4 is either unconnected or has no load
WARNING: [Synth 8-7129] Port m_axi_gmem1_RDATA[504] in module softmax_u55c_kernel_softmax_u55c_kernel_Pipeline_VITIS_LOOP_104_3_VITIS_LOOP_105_4 is either unconnected or has no load
WARNING: [Synth 8-7129] Port m_axi_gmem1_RDATA[503] in module softmax_u55c_kernel_softmax_u55c_kernel_Pipeline_VITIS_LOOP_104_3_VITIS_LOOP_105_4 is either unconnected or has no load
WARNING: [Synth 8-7129] Port m_axi_gmem1_RDATA[502] in module softmax_u55c_kernel_softmax_u55c_kernel_Pipeline_VITIS_LOOP_104_3_VITIS_LOOP_105_4 is either unconnected or has no load
WARNING: [Synth 8-7129] Port m_axi_gmem1_RDATA[501] in module softmax_u55c_kernel_softmax_u55c_kernel_Pipeline_VITIS_LOOP_104_3_VITIS_LOOP_105_4 is either unconnected or has no load
WARNING: [Synth 8-7129] Port m_axi_gmem1_RDATA[500] in module softmax_u55c_kernel_softmax_u55c_kernel_Pipeline_VITIS_LOOP_104_3_VITIS_LOOP_105_4 is either unconnected or has no load
WARNING: [Synth 8-7129] Port m_axi_gmem1_RDATA[499] in module softmax_u55c_kernel_softmax_u55c_kernel_Pipeline_VITIS_LOOP_104_3_VITIS_LOOP_105_4 is either unconnected or has no load
WARNING: [Synth 8-7129] Port m_axi_gmem1_RDATA[498] in module softmax_u55c_kernel_softmax_u55c_kernel_Pipeline_VITIS_LOOP_104_3_VITIS_LOOP_105_4 is either unconnected or has no load
WARNING: [Synth 8-7129] Port m_axi_gmem1_RDATA[497] in module softmax_u55c_kernel_softmax_u55c_kernel_Pipeline_VITIS_LOOP_104_3_VITIS_LOOP_105_4 is either unconnected or has no load
WARNING: [Synth 8-7129] Port m_axi_gmem1_RDATA[496] in module softmax_u55c_kernel_softmax_u55c_kernel_Pipeline_VITIS_LOOP_104_3_VITIS_LOOP_105_4 is either unconnected or has no load
WARNING: [Synth 8-7129] Port m_axi_gmem1_RDATA[495] in module softmax_u55c_kernel_softmax_u55c_kernel_Pipeline_VITIS_LOOP_104_3_VITIS_LOOP_105_4 is either unconnected or has no load
WARNING: [Synth 8-7129] Port m_axi_gmem1_RDATA[494] in module softmax_u55c_kernel_softmax_u55c_kernel_Pipeline_VITIS_LOOP_104_3_VITIS_LOOP_105_4 is either unconnected or has no load
WARNING: [Synth 8-7129] Port m_axi_gmem1_RDATA[493] in module softmax_u55c_kernel_softmax_u55c_kernel_Pipeline_VITIS_LOOP_104_3_VITIS_LOOP_105_4 is either unconnected or has no load
WARNING: [Synth 8-7129] Port m_axi_gmem1_RDATA[492] in module softmax_u55c_kernel_softmax_u55c_kernel_Pipeline_VITIS_LOOP_104_3_VITIS_LOOP_105_4 is either unconnected or has no load
WARNING: [Synth 8-7129] Port m_axi_gmem1_RDATA[491] in module softmax_u55c_kernel_softmax_u55c_kernel_Pipeline_VITIS_LOOP_104_3_VITIS_LOOP_105_4 is either unconnected or has no load
WARNING: [Synth 8-7129] Port m_axi_gmem1_RDATA[490] in module softmax_u55c_kernel_softmax_u55c_kernel_Pipeline_VITIS_LOOP_104_3_VITIS_LOOP_105_4 is either unconnected or has no load
WARNING: [Synth 8-7129] Port m_axi_gmem1_RDATA[489] in module softmax_u55c_kernel_softmax_u55c_kernel_Pipeline_VITIS_LOOP_104_3_VITIS_LOOP_105_4 is either unconnected or has no load
WARNING: [Synth 8-7129] Port m_axi_gmem1_RDATA[488] in module softmax_u55c_kernel_softmax_u55c_kernel_Pipeline_VITIS_LOOP_104_3_VITIS_LOOP_105_4 is either unconnected or has no load
WARNING: [Synth 8-7129] Port m_axi_gmem1_RDATA[487] in module softmax_u55c_kernel_softmax_u55c_kernel_Pipeline_VITIS_LOOP_104_3_VITIS_LOOP_105_4 is either unconnected or has no load
WARNING: [Synth 8-7129] Port m_axi_gmem1_RDATA[486] in module softmax_u55c_kernel_softmax_u55c_kernel_Pipeline_VITIS_LOOP_104_3_VITIS_LOOP_105_4 is either unconnected or has no load
WARNING: [Synth 8-7129] Port m_axi_gmem1_RDATA[485] in module softmax_u55c_kernel_softmax_u55c_kernel_Pipeline_VITIS_LOOP_104_3_VITIS_LOOP_105_4 is either unconnected or has no load
WARNING: [Synth 8-7129] Port m_axi_gmem1_RDATA[484] in module softmax_u55c_kernel_softmax_u55c_kernel_Pipeline_VITIS_LOOP_104_3_VITIS_LOOP_105_4 is either unconnected or has no load
WARNING: [Synth 8-7129] Port m_axi_gmem1_RDATA[483] in module softmax_u55c_kernel_softmax_u55c_kernel_Pipeline_VITIS_LOOP_104_3_VITIS_LOOP_105_4 is either unconnected or has no load
WARNING: [Synth 8-7129] Port m_axi_gmem1_RDATA[482] in module softmax_u55c_kernel_softmax_u55c_kernel_Pipeline_VITIS_LOOP_104_3_VITIS_LOOP_105_4 is either unconnected or has no load
WARNING: [Synth 8-7129] Port m_axi_gmem1_RDATA[481] in module softmax_u55c_kernel_softmax_u55c_kernel_Pipeline_VITIS_LOOP_104_3_VITIS_LOOP_105_4 is either unconnected or has no load
WARNING: [Synth 8-7129] Port m_axi_gmem1_RDATA[480] in module softmax_u55c_kernel_softmax_u55c_kernel_Pipeline_VITIS_LOOP_104_3_VITIS_LOOP_105_4 is either unconnected or has no load
WARNING: [Synth 8-7129] Port m_axi_gmem1_RDATA[479] in module softmax_u55c_kernel_softmax_u55c_kernel_Pipeline_VITIS_LOOP_104_3_VITIS_LOOP_105_4 is either unconnected or has no load
WARNING: [Synth 8-7129] Port m_axi_gmem1_RDATA[478] in module softmax_u55c_kernel_softmax_u55c_kernel_Pipeline_VITIS_LOOP_104_3_VITIS_LOOP_105_4 is either unconnected or has no load
WARNING: [Synth 8-7129] Port m_axi_gmem1_RDATA[477] in module softmax_u55c_kernel_softmax_u55c_kernel_Pipeline_VITIS_LOOP_104_3_VITIS_LOOP_105_4 is either unconnected or has no load
WARNING: [Synth 8-7129] Port m_axi_gmem1_RDATA[476] in module softmax_u55c_kernel_softmax_u55c_kernel_Pipeline_VITIS_LOOP_104_3_VITIS_LOOP_105_4 is either unconnected or has no load
WARNING: [Synth 8-7129] Port m_axi_gmem1_RDATA[475] in module softmax_u55c_kernel_softmax_u55c_kernel_Pipeline_VITIS_LOOP_104_3_VITIS_LOOP_105_4 is either unconnected or has no load
WARNING: [Synth 8-7129] Port m_axi_gmem1_RDATA[474] in module softmax_u55c_kernel_softmax_u55c_kernel_Pipeline_VITIS_LOOP_104_3_VITIS_LOOP_105_4 is either unconnected or has no load
WARNING: [Synth 8-7129] Port m_axi_gmem1_RDATA[473] in module softmax_u55c_kernel_softmax_u55c_kernel_Pipeline_VITIS_LOOP_104_3_VITIS_LOOP_105_4 is either unconnected or has no load
WARNING: [Synth 8-7129] Port m_axi_gmem1_RDATA[472] in module softmax_u55c_kernel_softmax_u55c_kernel_Pipeline_VITIS_LOOP_104_3_VITIS_LOOP_105_4 is either unconnected or has no load
WARNING: [Synth 8-7129] Port m_axi_gmem1_RDATA[471] in module softmax_u55c_kernel_softmax_u55c_kernel_Pipeline_VITIS_LOOP_104_3_VITIS_LOOP_105_4 is either unconnected or has no load
WARNING: [Synth 8-7129] Port m_axi_gmem1_RDATA[470] in module softmax_u55c_kernel_softmax_u55c_kernel_Pipeline_VITIS_LOOP_104_3_VITIS_LOOP_105_4 is either unconnected or has no load
WARNING: [Synth 8-7129] Port m_axi_gmem1_RDATA[469] in module softmax_u55c_kernel_softmax_u55c_kernel_Pipeline_VITIS_LOOP_104_3_VITIS_LOOP_105_4 is either unconnected or has no load
WARNING: [Synth 8-7129] Port m_axi_gmem1_RDATA[468] in module softmax_u55c_kernel_softmax_u55c_kernel_Pipeline_VITIS_LOOP_104_3_VITIS_LOOP_105_4 is either unconnected or has no load
WARNING: [Synth 8-7129] Port m_axi_gmem1_RDATA[467] in module softmax_u55c_kernel_softmax_u55c_kernel_Pipeline_VITIS_LOOP_104_3_VITIS_LOOP_105_4 is either unconnected or has no load
WARNING: [Synth 8-7129] Port m_axi_gmem1_RDATA[466] in module softmax_u55c_kernel_softmax_u55c_kernel_Pipeline_VITIS_LOOP_104_3_VITIS_LOOP_105_4 is either unconnected or has no load
WARNING: [Synth 8-7129] Port m_axi_gmem1_RDATA[465] in module softmax_u55c_kernel_softmax_u55c_kernel_Pipeline_VITIS_LOOP_104_3_VITIS_LOOP_105_4 is either unconnected or has no load
WARNING: [Synth 8-7129] Port m_axi_gmem1_RDATA[464] in module softmax_u55c_kernel_softmax_u55c_kernel_Pipeline_VITIS_LOOP_104_3_VITIS_LOOP_105_4 is either unconnected or has no load
WARNING: [Synth 8-7129] Port m_axi_gmem1_RDATA[463] in module softmax_u55c_kernel_softmax_u55c_kernel_Pipeline_VITIS_LOOP_104_3_VITIS_LOOP_105_4 is either unconnected or has no load
WARNING: [Synth 8-7129] Port m_axi_gmem1_RDATA[462] in module softmax_u55c_kernel_softmax_u55c_kernel_Pipeline_VITIS_LOOP_104_3_VITIS_LOOP_105_4 is either unconnected or has no load
WARNING: [Synth 8-7129] Port m_axi_gmem1_RDATA[461] in module softmax_u55c_kernel_softmax_u55c_kernel_Pipeline_VITIS_LOOP_104_3_VITIS_LOOP_105_4 is either unconnected or has no load
WARNING: [Synth 8-7129] Port m_axi_gmem1_RDATA[460] in module softmax_u55c_kernel_softmax_u55c_kernel_Pipeline_VITIS_LOOP_104_3_VITIS_LOOP_105_4 is either unconnected or has no load
WARNING: [Synth 8-7129] Port m_axi_gmem1_RDATA[459] in module softmax_u55c_kernel_softmax_u55c_kernel_Pipeline_VITIS_LOOP_104_3_VITIS_LOOP_105_4 is either unconnected or has no load
WARNING: [Synth 8-7129] Port m_axi_gmem1_RDATA[458] in module softmax_u55c_kernel_softmax_u55c_kernel_Pipeline_VITIS_LOOP_104_3_VITIS_LOOP_105_4 is either unconnected or has no load
WARNING: [Synth 8-7129] Port m_axi_gmem1_RDATA[457] in module softmax_u55c_kernel_softmax_u55c_kernel_Pipeline_VITIS_LOOP_104_3_VITIS_LOOP_105_4 is either unconnected or has no load
WARNING: [Synth 8-7129] Port m_axi_gmem1_RDATA[456] in module softmax_u55c_kernel_softmax_u55c_kernel_Pipeline_VITIS_LOOP_104_3_VITIS_LOOP_105_4 is either unconnected or has no load
WARNING: [Synth 8-7129] Port m_axi_gmem1_RDATA[455] in module softmax_u55c_kernel_softmax_u55c_kernel_Pipeline_VITIS_LOOP_104_3_VITIS_LOOP_105_4 is either unconnected or has no load
WARNING: [Synth 8-7129] Port m_axi_gmem1_RDATA[454] in module softmax_u55c_kernel_softmax_u55c_kernel_Pipeline_VITIS_LOOP_104_3_VITIS_LOOP_105_4 is either unconnected or has no load
WARNING: [Synth 8-7129] Port m_axi_gmem1_RDATA[453] in module softmax_u55c_kernel_softmax_u55c_kernel_Pipeline_VITIS_LOOP_104_3_VITIS_LOOP_105_4 is either unconnected or has no load
WARNING: [Synth 8-7129] Port m_axi_gmem1_RDATA[452] in module softmax_u55c_kernel_softmax_u55c_kernel_Pipeline_VITIS_LOOP_104_3_VITIS_LOOP_105_4 is either unconnected or has no load
WARNING: [Synth 8-7129] Port m_axi_gmem1_RDATA[451] in module softmax_u55c_kernel_softmax_u55c_kernel_Pipeline_VITIS_LOOP_104_3_VITIS_LOOP_105_4 is either unconnected or has no load
WARNING: [Synth 8-7129] Port m_axi_gmem1_RDATA[450] in module softmax_u55c_kernel_softmax_u55c_kernel_Pipeline_VITIS_LOOP_104_3_VITIS_LOOP_105_4 is either unconnected or has no load
WARNING: [Synth 8-7129] Port m_axi_gmem1_RDATA[449] in module softmax_u55c_kernel_softmax_u55c_kernel_Pipeline_VITIS_LOOP_104_3_VITIS_LOOP_105_4 is either unconnected or has no load
WARNING: [Synth 8-7129] Port m_axi_gmem1_RDATA[448] in module softmax_u55c_kernel_softmax_u55c_kernel_Pipeline_VITIS_LOOP_104_3_VITIS_LOOP_105_4 is either unconnected or has no load
WARNING: [Synth 8-7129] Port m_axi_gmem1_RDATA[447] in module softmax_u55c_kernel_softmax_u55c_kernel_Pipeline_VITIS_LOOP_104_3_VITIS_LOOP_105_4 is either unconnected or has no load
WARNING: [Synth 8-7129] Port m_axi_gmem1_RDATA[446] in module softmax_u55c_kernel_softmax_u55c_kernel_Pipeline_VITIS_LOOP_104_3_VITIS_LOOP_105_4 is either unconnected or has no load
WARNING: [Synth 8-7129] Port m_axi_gmem1_RDATA[445] in module softmax_u55c_kernel_softmax_u55c_kernel_Pipeline_VITIS_LOOP_104_3_VITIS_LOOP_105_4 is either unconnected or has no load
WARNING: [Synth 8-7129] Port m_axi_gmem1_RDATA[444] in module softmax_u55c_kernel_softmax_u55c_kernel_Pipeline_VITIS_LOOP_104_3_VITIS_LOOP_105_4 is either unconnected or has no load
WARNING: [Synth 8-7129] Port m_axi_gmem1_RDATA[443] in module softmax_u55c_kernel_softmax_u55c_kernel_Pipeline_VITIS_LOOP_104_3_VITIS_LOOP_105_4 is either unconnected or has no load
WARNING: [Synth 8-7129] Port m_axi_gmem1_RDATA[442] in module softmax_u55c_kernel_softmax_u55c_kernel_Pipeline_VITIS_LOOP_104_3_VITIS_LOOP_105_4 is either unconnected or has no load
WARNING: [Synth 8-7129] Port m_axi_gmem1_RDATA[441] in module softmax_u55c_kernel_softmax_u55c_kernel_Pipeline_VITIS_LOOP_104_3_VITIS_LOOP_105_4 is either unconnected or has no load
WARNING: [Synth 8-7129] Port m_axi_gmem1_RDATA[440] in module softmax_u55c_kernel_softmax_u55c_kernel_Pipeline_VITIS_LOOP_104_3_VITIS_LOOP_105_4 is either unconnected or has no load
WARNING: [Synth 8-7129] Port m_axi_gmem1_RDATA[439] in module softmax_u55c_kernel_softmax_u55c_kernel_Pipeline_VITIS_LOOP_104_3_VITIS_LOOP_105_4 is either unconnected or has no load
WARNING: [Synth 8-7129] Port m_axi_gmem1_RDATA[438] in module softmax_u55c_kernel_softmax_u55c_kernel_Pipeline_VITIS_LOOP_104_3_VITIS_LOOP_105_4 is either unconnected or has no load
WARNING: [Synth 8-7129] Port m_axi_gmem1_RDATA[437] in module softmax_u55c_kernel_softmax_u55c_kernel_Pipeline_VITIS_LOOP_104_3_VITIS_LOOP_105_4 is either unconnected or has no load
WARNING: [Synth 8-7129] Port m_axi_gmem1_RDATA[436] in module softmax_u55c_kernel_softmax_u55c_kernel_Pipeline_VITIS_LOOP_104_3_VITIS_LOOP_105_4 is either unconnected or has no load
WARNING: [Synth 8-7129] Port m_axi_gmem1_RDATA[435] in module softmax_u55c_kernel_softmax_u55c_kernel_Pipeline_VITIS_LOOP_104_3_VITIS_LOOP_105_4 is either unconnected or has no load
WARNING: [Synth 8-7129] Port m_axi_gmem1_RDATA[434] in module softmax_u55c_kernel_softmax_u55c_kernel_Pipeline_VITIS_LOOP_104_3_VITIS_LOOP_105_4 is either unconnected or has no load
WARNING: [Synth 8-7129] Port m_axi_gmem1_RDATA[433] in module softmax_u55c_kernel_softmax_u55c_kernel_Pipeline_VITIS_LOOP_104_3_VITIS_LOOP_105_4 is either unconnected or has no load
WARNING: [Synth 8-7129] Port m_axi_gmem1_RDATA[432] in module softmax_u55c_kernel_softmax_u55c_kernel_Pipeline_VITIS_LOOP_104_3_VITIS_LOOP_105_4 is either unconnected or has no load
WARNING: [Synth 8-7129] Port m_axi_gmem1_RDATA[431] in module softmax_u55c_kernel_softmax_u55c_kernel_Pipeline_VITIS_LOOP_104_3_VITIS_LOOP_105_4 is either unconnected or has no load
INFO: [Common 17-14] Message 'Synth 8-7129' appears 100 times and further instances of the messages will be disabled. Use the Tcl command set_msg_config to change the current settings.
---------------------------------------------------------------------------------
Finished RTL Elaboration : Time (s): cpu = 00:00:10 ; elapsed = 00:00:11 . Memory (MB): peak = 3325.910 ; gain = 593.641 ; free physical = 8537 ; free virtual = 13516
Synthesis current peak Physical Memory [PSS] (MB): peak = 2326.663; parent = 2188.461; children = 138.202
Synthesis current peak Virtual Memory [VSS] (MB): peak = 4295.676; parent = 3325.914; children = 969.762
---------------------------------------------------------------------------------
---------------------------------------------------------------------------------
Start Handling Custom Attributes
---------------------------------------------------------------------------------
---------------------------------------------------------------------------------
Finished Handling Custom Attributes : Time (s): cpu = 00:00:10 ; elapsed = 00:00:11 . Memory (MB): peak = 3343.723 ; gain = 611.453 ; free physical = 8450 ; free virtual = 13428
Synthesis current peak Physical Memory [PSS] (MB): peak = 2327.140; parent = 2188.949; children = 138.202
Synthesis current peak Virtual Memory [VSS] (MB): peak = 4313.488; parent = 3343.727; children = 969.762
---------------------------------------------------------------------------------
---------------------------------------------------------------------------------
Finished RTL Optimization Phase 1 : Time (s): cpu = 00:00:10 ; elapsed = 00:00:11 . Memory (MB): peak = 3343.723 ; gain = 611.453 ; free physical = 8432 ; free virtual = 13411
Synthesis current peak Physical Memory [PSS] (MB): peak = 2327.140; parent = 2188.949; children = 138.202
Synthesis current peak Virtual Memory [VSS] (MB): peak = 4313.488; parent = 3343.727; children = 969.762
---------------------------------------------------------------------------------
Netlist sorting complete. Time (s): cpu = 00:00:00.39 ; elapsed = 00:00:00.4 . Memory (MB): peak = 3349.660 ; gain = 0.000 ; free physical = 7602 ; free virtual = 12581
INFO: [Netlist 29-17] Analyzing 1783 Unisim elements for replacement
INFO: [Netlist 29-28] Unisim Transformation completed in 0 CPU seconds
INFO: [Project 1-570] Preparing netlist for logic optimization

Processing XDC Constraints
Initializing timing engine
Parsing XDC File [/home/advent/Desktop/RC19/_x/link/vivado/vpl/prj/prj.gen/my_rm/bd/ulp/ip/ulp_softmax_u55c_kernel_1_0/constraints/softmax_u55c_kernel_ooc.xdc] for cell 'inst'
0V85_VCCINT { VCCINT }  -supply_current_budget  100.000 A -voltage  0.850 V -direct
0V85_VCCINT_IO { VCCINT_IO VCCBRAM }  -supply_current_budget  30.000 A -voltage  0.850 V -direct
0V9_AVCC { MGTYAVCC }  -supply_current_budget  0.000 A -voltage  0.900 V -direct
1V2_AVTT { MGTYAVTT }  -supply_current_budget  0.000 A -voltage  1.200 V -direct
1V2_HBM { VCC_HBM }  -supply_current_budget  0.000 A -voltage  1.200 V -direct
1V8 { VCCAUX VCCAUX_IO MGTYVCCAUX VCCO18 VCCADC }  -supply_current_budget  4.000 A -voltage  1.800 V -direct
2V5_VPP { VCCAUX_HBM }  -supply_current_budget  0.300 A -voltage  2.500 V -direct
Finished Parsing XDC File [/home/advent/Desktop/RC19/_x/link/vivado/vpl/prj/prj.gen/my_rm/bd/ulp/ip/ulp_softmax_u55c_kernel_1_0/constraints/softmax_u55c_kernel_ooc.xdc] for cell 'inst'
Parsing XDC File [/home/advent/Desktop/RC19/_x/link/vivado/vpl/prj/prj.runs/ulp_softmax_u55c_kernel_1_0_synth_1/dont_touch.xdc]
Finished Parsing XDC File [/home/advent/Desktop/RC19/_x/link/vivado/vpl/prj/prj.runs/ulp_softmax_u55c_kernel_1_0_synth_1/dont_touch.xdc]
Completed Processing XDC Constraints

Netlist sorting complete. Time (s): cpu = 00:00:00 ; elapsed = 00:00:00 . Memory (MB): peak = 3498.258 ; gain = 0.000 ; free physical = 5622 ; free virtual = 10633
INFO: [Project 1-111] Unisim Transformation Summary:
  A total of 14 instances were transformed.
  DSP48E1 => DSP48E2 (DSP_ALU, DSP_A_B_DATA, DSP_C_DATA, DSP_MULTIPLIER, DSP_M_DATA, DSP_OUTPUT, DSP_PREADD, DSP_PREADD_DATA): 9 instances
  FDE => FDRE: 5 instances

Constraint Validation Runtime : Time (s): cpu = 00:00:00.48 ; elapsed = 00:00:00.5 . Memory (MB): peak = 3523.070 ; gain = 24.812 ; free physical = 5620 ; free virtual = 10646
INFO: [Designutils 20-5008] Incremental synthesis strategy off
INFO: [Synth 8-11241] undeclared symbol 'REGCCE', assumed default net type 'wire' [/home/advent/Vivado/Vivado/2022.2/data/verilog/src/unimacro/BRAM_SINGLE_MACRO.v:2170]
---------------------------------------------------------------------------------
Finished Constraint Validation : Time (s): cpu = 00:00:22 ; elapsed = 00:00:23 . Memory (MB): peak = 3523.070 ; gain = 790.801 ; free physical = 6215 ; free virtual = 11243
Synthesis current peak Physical Memory [PSS] (MB): peak = 2397.425; parent = 2264.563; children = 138.202
Synthesis current peak Virtual Memory [VSS] (MB): peak = 4492.836; parent = 3523.074; children = 969.762
---------------------------------------------------------------------------------
---------------------------------------------------------------------------------
Start Loading Part and Timing Information
---------------------------------------------------------------------------------
Loading part: xcu55c-fsvh2892-2L-e
INFO: [Synth 8-6742] Reading net delay rules and data
---------------------------------------------------------------------------------
Finished Loading Part and Timing Information : Time (s): cpu = 00:00:22 ; elapsed = 00:00:23 . Memory (MB): peak = 3523.070 ; gain = 790.801 ; free physical = 6209 ; free virtual = 11237
Synthesis current peak Physical Memory [PSS] (MB): peak = 2397.425; parent = 2264.563; children = 138.202
Synthesis current peak Virtual Memory [VSS] (MB): peak = 4492.836; parent = 3523.074; children = 969.762
---------------------------------------------------------------------------------
---------------------------------------------------------------------------------
Start Applying 'set_property' XDC Constraints
---------------------------------------------------------------------------------
Applied set_property KEEP_HIERARCHY = SOFT for inst. (constraint file  /home/advent/Desktop/RC19/_x/link/vivado/vpl/prj/prj.runs/ulp_softmax_u55c_kernel_1_0_synth_1/dont_touch.xdc, line 9).
---------------------------------------------------------------------------------
Finished applying 'set_property' XDC Constraints : Time (s): cpu = 00:00:22 ; elapsed = 00:00:24 . Memory (MB): peak = 3523.070 ; gain = 790.801 ; free physical = 6213 ; free virtual = 11241
Synthesis current peak Physical Memory [PSS] (MB): peak = 2397.425; parent = 2264.563; children = 138.202
Synthesis current peak Virtual Memory [VSS] (MB): peak = 4492.836; parent = 3523.074; children = 969.762
---------------------------------------------------------------------------------
WARNING: [Synth 8-3936] Found unconnected internal register 'col_reg_206_pp0_iter5_reg_reg' and it is trimmed from '7' to '6' bits. [/home/advent/Desktop/RC19/_x/link/vivado/vpl/prj/prj.gen/my_rm/bd/ulp/ipshared/ba39/hdl/verilog/softmax_u55c_kernel_softmax_core_hls_Pipeline_VITIS_LOOP_46_3.v:364]
WARNING: [Synth 8-3936] Found unconnected internal register 'col_reg_206_pp0_iter4_reg_reg' and it is trimmed from '7' to '6' bits. [/home/advent/Desktop/RC19/_x/link/vivado/vpl/prj/prj.gen/my_rm/bd/ulp/ipshared/ba39/hdl/verilog/softmax_u55c_kernel_softmax_core_hls_Pipeline_VITIS_LOOP_46_3.v:363]
WARNING: [Synth 8-3936] Found unconnected internal register 'col_reg_206_pp0_iter3_reg_reg' and it is trimmed from '7' to '6' bits. [/home/advent/Desktop/RC19/_x/link/vivado/vpl/prj/prj.gen/my_rm/bd/ulp/ipshared/ba39/hdl/verilog/softmax_u55c_kernel_softmax_core_hls_Pipeline_VITIS_LOOP_46_3.v:362]
WARNING: [Synth 8-3936] Found unconnected internal register 'col_reg_206_pp0_iter2_reg_reg' and it is trimmed from '7' to '6' bits. [/home/advent/Desktop/RC19/_x/link/vivado/vpl/prj/prj.gen/my_rm/bd/ulp/ipshared/ba39/hdl/verilog/softmax_u55c_kernel_softmax_core_hls_Pipeline_VITIS_LOOP_46_3.v:361]
WARNING: [Synth 8-3936] Found unconnected internal register 'col_reg_206_pp0_iter1_reg_reg' and it is trimmed from '7' to '6' bits. [/home/advent/Desktop/RC19/_x/link/vivado/vpl/prj/prj.gen/my_rm/bd/ulp/ipshared/ba39/hdl/verilog/softmax_u55c_kernel_softmax_core_hls_Pipeline_VITIS_LOOP_46_3.v:360]
WARNING: [Synth 8-3936] Found unconnected internal register 'col_reg_206_reg' and it is trimmed from '7' to '6' bits. [/home/advent/Desktop/RC19/_x/link/vivado/vpl/prj/prj.gen/my_rm/bd/ulp/ipshared/ba39/hdl/verilog/softmax_u55c_kernel_softmax_core_hls_Pipeline_VITIS_LOOP_46_3.v:359]
INFO: [Synth 8-4490] FSM extraction disabled for register 'ap_CS_fsm_reg' through user attribute
INFO: [Synth 8-4490] FSM extraction disabled for register 'ap_CS_fsm_reg' through user attribute
INFO: [Synth 8-4490] FSM extraction disabled for register 'ap_CS_fsm_reg' through user attribute
INFO: [Synth 8-802] inferred FSM for state register 'wstate_reg' in module 'softmax_u55c_kernel_control_s_axi'
INFO: [Synth 8-802] inferred FSM for state register 'rstate_reg' in module 'softmax_u55c_kernel_control_s_axi'
INFO: [Synth 8-802] inferred FSM for state register 'state_reg' in module 'softmax_u55c_kernel_gmem0_m_axi_reg_slice'
INFO: [Synth 8-802] inferred FSM for state register 'state_reg' in module 'softmax_u55c_kernel_gmem0_m_axi_reg_slice__parameterized0'
INFO: [Synth 8-802] inferred FSM for state register 'state_reg' in module 'softmax_u55c_kernel_gmem0_m_axi_reg_slice__parameterized1'
INFO: [Synth 8-802] inferred FSM for state register 'state_reg' in module 'softmax_u55c_kernel_gmem0_m_axi_reg_slice__parameterized2'
INFO: [Synth 8-802] inferred FSM for state register 'state_reg' in module 'softmax_u55c_kernel_gmem1_m_axi_reg_slice'
INFO: [Synth 8-802] inferred FSM for state register 'state_reg' in module 'softmax_u55c_kernel_gmem1_m_axi_reg_slice__parameterized0'
INFO: [Synth 8-802] inferred FSM for state register 'state_reg' in module 'softmax_u55c_kernel_gmem1_m_axi_reg_slice__parameterized1'
INFO: [Synth 8-802] inferred FSM for state register 'state_reg' in module 'softmax_u55c_kernel_gmem1_m_axi_reg_slice__parameterized2'
INFO: [Synth 8-4490] FSM extraction disabled for register 'ap_CS_fsm_reg' through user attribute
INFO: [Synth 8-6904] The RAM "softmax_u55c_kernel_softmax_core_hls_exp_buf_RAM_AUTO_1R1W:/ram_reg" of size (depth=64 x width=32) is automatically implemented using LUTRAM. BRAM implementation would be inefficient 
---------------------------------------------------------------------------------------------------
                   State |                     New Encoding |                Previous Encoding 
---------------------------------------------------------------------------------------------------
                  iSTATE |                             0001 |                               11
*
                  WRIDLE |                             0010 |                               00
                  WRDATA |                             0100 |                               01
                  WRRESP |                             1000 |                               10
---------------------------------------------------------------------------------------------------
INFO: [Synth 8-3354] encoded FSM with state register 'wstate_reg' using encoding 'one-hot' in module 'softmax_u55c_kernel_control_s_axi'
---------------------------------------------------------------------------------------------------
                   State |                     New Encoding |                Previous Encoding 
---------------------------------------------------------------------------------------------------
                  iSTATE |                              001 |                               10
*
                  RDIDLE |                              010 |                               00
                  RDDATA |                              100 |                               01
---------------------------------------------------------------------------------------------------
INFO: [Synth 8-3354] encoded FSM with state register 'rstate_reg' using encoding 'one-hot' in module 'softmax_u55c_kernel_control_s_axi'
---------------------------------------------------------------------------------------------------
                   State |                     New Encoding |                Previous Encoding 
---------------------------------------------------------------------------------------------------
                    ZERO |                               00 |                               10
                     ONE |                               10 |                               11
                     TWO |                               01 |                               01
---------------------------------------------------------------------------------------------------
INFO: [Synth 8-3354] encoded FSM with state register 'state_reg' using encoding 'sequential' in module 'softmax_u55c_kernel_gmem0_m_axi_reg_slice'
---------------------------------------------------------------------------------------------------
                   State |                     New Encoding |                Previous Encoding 
---------------------------------------------------------------------------------------------------
                    ZERO |                               00 |                               10
                     ONE |                               10 |                               11
                     TWO |                               01 |                               01
---------------------------------------------------------------------------------------------------
INFO: [Synth 8-3354] encoded FSM with state register 'state_reg' using encoding 'sequential' in module 'softmax_u55c_kernel_gmem0_m_axi_reg_slice__parameterized0'
---------------------------------------------------------------------------------------------------
                   State |                     New Encoding |                Previous Encoding 
---------------------------------------------------------------------------------------------------
                    ZERO |                               00 |                               10
                     ONE |                               10 |                               11
                     TWO |                               01 |                               01
---------------------------------------------------------------------------------------------------
INFO: [Synth 8-3354] encoded FSM with state register 'state_reg' using encoding 'sequential' in module 'softmax_u55c_kernel_gmem0_m_axi_reg_slice__parameterized1'
---------------------------------------------------------------------------------------------------
                   State |                     New Encoding |                Previous Encoding 
---------------------------------------------------------------------------------------------------
                    ZERO |                               00 |                               10
                     ONE |                               10 |                               11
                     TWO |                               01 |                               01
---------------------------------------------------------------------------------------------------
INFO: [Synth 8-3354] encoded FSM with state register 'state_reg' using encoding 'sequential' in module 'softmax_u55c_kernel_gmem0_m_axi_reg_slice__parameterized2'
---------------------------------------------------------------------------------------------------
                   State |                     New Encoding |                Previous Encoding 
---------------------------------------------------------------------------------------------------
                    ZERO |                               00 |                               10
                     ONE |                               10 |                               11
                     TWO |                               01 |                               01
---------------------------------------------------------------------------------------------------
INFO: [Synth 8-3354] encoded FSM with state register 'state_reg' using encoding 'sequential' in module 'softmax_u55c_kernel_gmem1_m_axi_reg_slice'
---------------------------------------------------------------------------------------------------
                   State |                     New Encoding |                Previous Encoding 
---------------------------------------------------------------------------------------------------
                    ZERO |                               00 |                               10
                     ONE |                               10 |                               11
                     TWO |                               01 |                               01
---------------------------------------------------------------------------------------------------
INFO: [Synth 8-3354] encoded FSM with state register 'state_reg' using encoding 'sequential' in module 'softmax_u55c_kernel_gmem1_m_axi_reg_slice__parameterized0'
---------------------------------------------------------------------------------------------------
                   State |                     New Encoding |                Previous Encoding 
---------------------------------------------------------------------------------------------------
                    ZERO |                               00 |                               10
                     ONE |                               10 |                               11
                     TWO |                               01 |                               01
---------------------------------------------------------------------------------------------------
INFO: [Synth 8-3354] encoded FSM with state register 'state_reg' using encoding 'sequential' in module 'softmax_u55c_kernel_gmem1_m_axi_reg_slice__parameterized1'
---------------------------------------------------------------------------------------------------
                   State |                     New Encoding |                Previous Encoding 
---------------------------------------------------------------------------------------------------
                    ZERO |                               00 |                               10
                     ONE |                               10 |                               11
                     TWO |                               01 |                               01
---------------------------------------------------------------------------------------------------
INFO: [Synth 8-3354] encoded FSM with state register 'state_reg' using encoding 'sequential' in module 'softmax_u55c_kernel_gmem1_m_axi_reg_slice__parameterized2'
---------------------------------------------------------------------------------
Finished RTL Optimization Phase 2 : Time (s): cpu = 00:00:26 ; elapsed = 00:00:27 . Memory (MB): peak = 3523.070 ; gain = 790.801 ; free physical = 5957 ; free virtual = 10995
Synthesis current peak Physical Memory [PSS] (MB): peak = 2397.425; parent = 2264.563; children = 138.202
Synthesis current peak Virtual Memory [VSS] (MB): peak = 4492.836; parent = 3523.074; children = 969.762
---------------------------------------------------------------------------------
INFO: [Synth 8-223] decloning instance 'inst/grp_softmax_core_hls_fu_141/grp_softmax_core_hls_Pipeline_VITIS_LOOP_39_2_fu_96/fcmp_32ns_32ns_1_2_no_dsp_1_U6/softmax_u55c_kernel_fcmp_32ns_32ns_1_2_no_dsp_1_ip_u/inst/i_synth/DELAY_DIVIDE_BY_ZERO' (delay__parameterized5) to 'inst/grp_softmax_core_hls_fu_141/grp_softmax_core_hls_Pipeline_VITIS_LOOP_39_2_fu_96/fcmp_32ns_32ns_1_2_no_dsp_1_U6/softmax_u55c_kernel_fcmp_32ns_32ns_1_2_no_dsp_1_ip_u/inst/i_synth/DELAY_OVERFLOW'
INFO: [Synth 8-223] decloning instance 'inst/grp_softmax_core_hls_fu_141/grp_softmax_core_hls_Pipeline_VITIS_LOOP_39_2_fu_96/fcmp_32ns_32ns_1_2_no_dsp_1_U6/softmax_u55c_kernel_fcmp_32ns_32ns_1_2_no_dsp_1_ip_u/inst/i_synth/DELAY_DIVIDE_BY_ZERO' (delay__parameterized5) to 'inst/grp_softmax_core_hls_fu_141/grp_softmax_core_hls_Pipeline_VITIS_LOOP_39_2_fu_96/fcmp_32ns_32ns_1_2_no_dsp_1_U6/softmax_u55c_kernel_fcmp_32ns_32ns_1_2_no_dsp_1_ip_u/inst/i_synth/DELAY_UNDERFLOW'
INFO: [Synth 8-223] decloning instance 'inst/grp_softmax_core_hls_fu_141/grp_softmax_core_hls_Pipeline_VITIS_LOOP_39_2_fu_96/fcmp_32ns_32ns_1_2_no_dsp_1_U6/softmax_u55c_kernel_fcmp_32ns_32ns_1_2_no_dsp_1_ip_u/inst/i_synth/DELAY_DIVIDE_BY_ZERO' (delay__parameterized5) to 'inst/grp_softmax_core_hls_fu_141/grp_softmax_core_hls_Pipeline_VITIS_LOOP_39_2_fu_96/fcmp_32ns_32ns_1_2_no_dsp_1_U6/softmax_u55c_kernel_fcmp_32ns_32ns_1_2_no_dsp_1_ip_u/inst/i_synth/DELAY_ACCUM_OVERFLOW'
INFO: [Synth 8-223] decloning instance 'inst/grp_softmax_core_hls_fu_141/grp_softmax_core_hls_Pipeline_VITIS_LOOP_39_2_fu_96/fcmp_32ns_32ns_1_2_no_dsp_1_U6/softmax_u55c_kernel_fcmp_32ns_32ns_1_2_no_dsp_1_ip_u/inst/i_synth/DELAY_DIVIDE_BY_ZERO' (delay__parameterized5) to 'inst/grp_softmax_core_hls_fu_141/grp_softmax_core_hls_Pipeline_VITIS_LOOP_39_2_fu_96/fcmp_32ns_32ns_1_2_no_dsp_1_U6/softmax_u55c_kernel_fcmp_32ns_32ns_1_2_no_dsp_1_ip_u/inst/i_synth/DELAY_ACCUM_INPUT_OVERFLOW'
INFO: [Synth 8-223] decloning instance 'inst/grp_softmax_core_hls_fu_141/grp_softmax_core_hls_Pipeline_VITIS_LOOP_46_3_fu_106/fsub_32ns_32ns_32_7_full_dsp_1_U13/softmax_u55c_kernel_fsub_32ns_32ns_32_7_full_dsp_1_ip_u/inst/i_synth/DELAY_DIVIDE_BY_ZERO' (delay__parameterized5) to 'inst/grp_softmax_core_hls_fu_141/grp_softmax_core_hls_Pipeline_VITIS_LOOP_46_3_fu_106/fsub_32ns_32ns_32_7_full_dsp_1_U13/softmax_u55c_kernel_fsub_32ns_32ns_32_7_full_dsp_1_ip_u/inst/i_synth/DELAY_ACCUM_OVERFLOW'
INFO: [Synth 8-223] decloning instance 'inst/grp_softmax_core_hls_fu_141/grp_softmax_core_hls_Pipeline_VITIS_LOOP_46_3_fu_106/fsub_32ns_32ns_32_7_full_dsp_1_U13/softmax_u55c_kernel_fsub_32ns_32ns_32_7_full_dsp_1_ip_u/inst/i_synth/DELAY_DIVIDE_BY_ZERO' (delay__parameterized5) to 'inst/grp_softmax_core_hls_fu_141/grp_softmax_core_hls_Pipeline_VITIS_LOOP_46_3_fu_106/fsub_32ns_32ns_32_7_full_dsp_1_U13/softmax_u55c_kernel_fsub_32ns_32ns_32_7_full_dsp_1_ip_u/inst/i_synth/DELAY_ACCUM_INPUT_OVERFLOW'
INFO: [Synth 8-223] decloning instance 'inst/grp_softmax_core_hls_fu_141/grp_softmax_core_hls_Pipeline_VITIS_LOOP_46_3_fu_106/fadd_32ns_32ns_32_5_no_dsp_1_U14/softmax_u55c_kernel_fadd_32ns_32ns_32_5_no_dsp_1_ip_u/inst/i_synth/ADDSUB_OP.ADDSUB/LOGIC_SPEED.OP/NORM/ROUND/EXTRA_LSB_BIT_DEL' (delay__parameterized5) to 'inst/grp_softmax_core_hls_fu_141/grp_softmax_core_hls_Pipeline_VITIS_LOOP_46_3_fu_106/fadd_32ns_32ns_32_5_no_dsp_1_U14/softmax_u55c_kernel_fadd_32ns_32ns_32_5_no_dsp_1_ip_u/inst/i_synth/ADDSUB_OP.ADDSUB/LOGIC_SPEED.OP/NORM/ROUND/EXTRA_LSB_RND1_DEL'
INFO: [Synth 8-223] decloning instance 'inst/grp_softmax_core_hls_fu_141/grp_softmax_core_hls_Pipeline_VITIS_LOOP_46_3_fu_106/fadd_32ns_32ns_32_5_no_dsp_1_U14/softmax_u55c_kernel_fadd_32ns_32ns_32_5_no_dsp_1_ip_u/inst/i_synth/ADDSUB_OP.ADDSUB/LOGIC_SPEED.OP/NORM/ROUND/EXP_INC_DELAY' (delay__parameterized5) to 'inst/grp_softmax_core_hls_fu_141/grp_softmax_core_hls_Pipeline_VITIS_LOOP_46_3_fu_106/fadd_32ns_32ns_32_5_no_dsp_1_U14/softmax_u55c_kernel_fadd_32ns_32ns_32_5_no_dsp_1_ip_u/inst/i_synth/ADDSUB_OP.ADDSUB/LOGIC_SPEED.OP/NORM/ROUND/EXP_INC_RND1_DELAY'
INFO: [Synth 8-223] decloning instance 'inst/grp_softmax_core_hls_fu_141/grp_softmax_core_hls_Pipeline_VITIS_LOOP_46_3_fu_106/fadd_32ns_32ns_32_5_no_dsp_1_U14/softmax_u55c_kernel_fadd_32ns_32ns_32_5_no_dsp_1_ip_u/inst/i_synth/DELAY_DIVIDE_BY_ZERO' (delay__parameterized5) to 'inst/grp_softmax_core_hls_fu_141/grp_softmax_core_hls_Pipeline_VITIS_LOOP_46_3_fu_106/fadd_32ns_32ns_32_5_no_dsp_1_U14/softmax_u55c_kernel_fadd_32ns_32ns_32_5_no_dsp_1_ip_u/inst/i_synth/DELAY_ACCUM_OVERFLOW'
INFO: [Synth 8-223] decloning instance 'inst/grp_softmax_core_hls_fu_141/grp_softmax_core_hls_Pipeline_VITIS_LOOP_46_3_fu_106/fadd_32ns_32ns_32_5_no_dsp_1_U14/softmax_u55c_kernel_fadd_32ns_32ns_32_5_no_dsp_1_ip_u/inst/i_synth/DELAY_DIVIDE_BY_ZERO' (delay__parameterized5) to 'inst/grp_softmax_core_hls_fu_141/grp_softmax_core_hls_Pipeline_VITIS_LOOP_46_3_fu_106/fadd_32ns_32ns_32_5_no_dsp_1_U14/softmax_u55c_kernel_fadd_32ns_32ns_32_5_no_dsp_1_ip_u/inst/i_synth/DELAY_ACCUM_INPUT_OVERFLOW'
INFO: [Synth 8-223] decloning instance 'inst/grp_softmax_core_hls_fu_141/grp_softmax_core_hls_Pipeline_VITIS_LOOP_46_3_fu_106/fexp_32ns_32ns_32_14_full_dsp_1_U15/softmax_u55c_kernel_fexp_32ns_32ns_32_14_full_dsp_1_ip_u/inst/i_synth/EXP_OP.i_sp_or_dp.OP/i_renorm_and_round/EXTRA_LSB_BIT_DEL' (delay__parameterized5) to 'inst/grp_softmax_core_hls_fu_141/grp_softmax_core_hls_Pipeline_VITIS_LOOP_46_3_fu_106/fexp_32ns_32ns_32_14_full_dsp_1_U15/softmax_u55c_kernel_fexp_32ns_32ns_32_14_full_dsp_1_ip_u/inst/i_synth/EXP_OP.i_sp_or_dp.OP/i_renorm_and_round/EXTRA_LSB_RND1_DEL'
INFO: [Synth 8-223] decloning instance 'inst/grp_softmax_core_hls_fu_141/grp_softmax_core_hls_Pipeline_VITIS_LOOP_46_3_fu_106/fexp_32ns_32ns_32_14_full_dsp_1_U15/softmax_u55c_kernel_fexp_32ns_32ns_32_14_full_dsp_1_ip_u/inst/i_synth/DELAY_INVALID_OP' (delay__parameterized5) to 'inst/grp_softmax_core_hls_fu_141/grp_softmax_core_hls_Pipeline_VITIS_LOOP_46_3_fu_106/fexp_32ns_32ns_32_14_full_dsp_1_U15/softmax_u55c_kernel_fexp_32ns_32ns_32_14_full_dsp_1_ip_u/inst/i_synth/DELAY_DIVIDE_BY_ZERO'
INFO: [Synth 8-223] decloning instance 'inst/grp_softmax_core_hls_fu_141/grp_softmax_core_hls_Pipeline_VITIS_LOOP_46_3_fu_106/fexp_32ns_32ns_32_14_full_dsp_1_U15/softmax_u55c_kernel_fexp_32ns_32ns_32_14_full_dsp_1_ip_u/inst/i_synth/DELAY_INVALID_OP' (delay__parameterized5) to 'inst/grp_softmax_core_hls_fu_141/grp_softmax_core_hls_Pipeline_VITIS_LOOP_46_3_fu_106/fexp_32ns_32ns_32_14_full_dsp_1_U15/softmax_u55c_kernel_fexp_32ns_32ns_32_14_full_dsp_1_ip_u/inst/i_synth/DELAY_ACCUM_OVERFLOW'
INFO: [Synth 8-223] decloning instance 'inst/grp_softmax_core_hls_fu_141/grp_softmax_core_hls_Pipeline_VITIS_LOOP_46_3_fu_106/fexp_32ns_32ns_32_14_full_dsp_1_U15/softmax_u55c_kernel_fexp_32ns_32ns_32_14_full_dsp_1_ip_u/inst/i_synth/DELAY_INVALID_OP' (delay__parameterized5) to 'inst/grp_softmax_core_hls_fu_141/grp_softmax_core_hls_Pipeline_VITIS_LOOP_46_3_fu_106/fexp_32ns_32ns_32_14_full_dsp_1_U15/softmax_u55c_kernel_fexp_32ns_32ns_32_14_full_dsp_1_ip_u/inst/i_synth/DELAY_ACCUM_INPUT_OVERFLOW'
INFO: [Synth 8-223] decloning instance 'inst/grp_softmax_core_hls_fu_141/grp_softmax_core_hls_Pipeline_VITIS_LOOP_57_5_fu_123/fdiv_32ns_32ns_32_12_no_dsp_1_U27/softmax_u55c_kernel_fdiv_32ns_32ns_32_12_no_dsp_1_ip_u/inst/i_synth/DIV_OP.SPD.OP/ROUND/EXTRA_LSB_BIT_DEL' (delay__parameterized5) to 'inst/grp_softmax_core_hls_fu_141/grp_softmax_core_hls_Pipeline_VITIS_LOOP_57_5_fu_123/fdiv_32ns_32ns_32_12_no_dsp_1_U27/softmax_u55c_kernel_fdiv_32ns_32ns_32_12_no_dsp_1_ip_u/inst/i_synth/DIV_OP.SPD.OP/ROUND/EXTRA_LSB_RND1_DEL'
INFO: [Synth 8-223] decloning instance 'inst/grp_softmax_core_hls_fu_141/grp_softmax_core_hls_Pipeline_VITIS_LOOP_57_5_fu_123/fdiv_32ns_32ns_32_12_no_dsp_1_U27/softmax_u55c_kernel_fdiv_32ns_32ns_32_12_no_dsp_1_ip_u/inst/i_synth/DIV_OP.SPD.OP/ROUND/EXP_INC_DELAY' (delay__parameterized5) to 'inst/grp_softmax_core_hls_fu_141/grp_softmax_core_hls_Pipeline_VITIS_LOOP_57_5_fu_123/fdiv_32ns_32ns_32_12_no_dsp_1_U27/softmax_u55c_kernel_fdiv_32ns_32ns_32_12_no_dsp_1_ip_u/inst/i_synth/DIV_OP.SPD.OP/ROUND/EXP_INC_RND1_DELAY'
INFO: [Synth 8-223] decloning instance 'inst/grp_softmax_core_hls_fu_141/grp_softmax_core_hls_Pipeline_VITIS_LOOP_57_5_fu_123/fdiv_32ns_32ns_32_12_no_dsp_1_U27/softmax_u55c_kernel_fdiv_32ns_32ns_32_12_no_dsp_1_ip_u/inst/i_synth/DIV_OP.SPD.OP/ROUND/EXP_IN_DELAY.EXP_IN_DEL' (delay__parameterized33) to 'inst/grp_softmax_core_hls_fu_141/grp_softmax_core_hls_Pipeline_VITIS_LOOP_57_5_fu_123/fdiv_32ns_32ns_32_12_no_dsp_1_U27/softmax_u55c_kernel_fdiv_32ns_32ns_32_12_no_dsp_1_ip_u/inst/i_synth/DIV_OP.SPD.OP/ROUND/EXP_RND2_DELAY.EXP_RND_DEL'
INFO: [Synth 8-223] decloning instance 'inst/grp_softmax_core_hls_fu_141/grp_softmax_core_hls_Pipeline_VITIS_LOOP_57_5_fu_123/fdiv_32ns_32ns_32_12_no_dsp_1_U27/softmax_u55c_kernel_fdiv_32ns_32ns_32_12_no_dsp_1_ip_u/inst/i_synth/DIV_OP.SPD.OP/ROUND/EXP_IN_DELAY.EXP_OFF_OP_DEL' (delay__parameterized33) to 'inst/grp_softmax_core_hls_fu_141/grp_softmax_core_hls_Pipeline_VITIS_LOOP_57_5_fu_123/fdiv_32ns_32ns_32_12_no_dsp_1_U27/softmax_u55c_kernel_fdiv_32ns_32ns_32_12_no_dsp_1_ip_u/inst/i_synth/DIV_OP.SPD.OP/ROUND/EXP_RND2_DELAY.EXP_OFF_RND_DEL'
INFO: [Synth 8-223] decloning instance 'inst/grp_softmax_core_hls_fu_141/grp_softmax_core_hls_Pipeline_VITIS_LOOP_57_5_fu_123/fdiv_32ns_32ns_32_12_no_dsp_1_U27/softmax_u55c_kernel_fdiv_32ns_32ns_32_12_no_dsp_1_ip_u/inst/i_synth/DELAY_ACCUM_OVERFLOW' (delay__parameterized5) to 'inst/grp_softmax_core_hls_fu_141/grp_softmax_core_hls_Pipeline_VITIS_LOOP_57_5_fu_123/fdiv_32ns_32ns_32_12_no_dsp_1_U27/softmax_u55c_kernel_fdiv_32ns_32ns_32_12_no_dsp_1_ip_u/inst/i_synth/DELAY_ACCUM_INPUT_OVERFLOW'
---------------------------------------------------------------------------------
Start RTL Component Statistics 
---------------------------------------------------------------------------------
---------------------------------------------------------------------------------
Finished RTL Component Statistics 
---------------------------------------------------------------------------------
---------------------------------------------------------------------------------
Start Part Resource Summary
---------------------------------------------------------------------------------
Part Resources:
DSPs: 9024 (col length:94)
BRAMs: 4032 (col length: RAMB18 288 RAMB36 144)
---------------------------------------------------------------------------------
Finished Part Resource Summary
---------------------------------------------------------------------------------
---------------------------------------------------------------------------------
Start Cross Boundary and Area Optimization
---------------------------------------------------------------------------------
WARNING: [Synth 8-7080] Parallel synthesis criteria is not met
INFO: [Synth 8-6904] The RAM "inst/grp_softmax_core_hls_fu_141/exp_buf_U/ram_reg" of size (depth=64 x width=32) is automatically implemented using LUTRAM. BRAM implementation would be inefficient 
RAM ("inst/score_in_local_U/ram_reg") is too shallow (depth = 512) to use URAM. Choosing BRAM instead of URAM 
RAM ("inst/prob_out_local_U/ram_reg") is too shallow (depth = 512) to use URAM. Choosing BRAM instead of URAM 
INFO: [Synth 8-6904] The RAM "inst/grp_softmax_core_hls_fu_141/exp_buf_U/ram_reg" of size (depth=64 x width=32) is automatically implemented using LUTRAM. BRAM implementation would be inefficient 
INFO: [Synth 8-5784] Optimized 576 bits of RAM "buff_wdata/U_fifo_mem/mem_reg" due to constant propagation. Old ram width 576 bits, new ram width 0 bits.
WARNING: [Synth 8-5785] Removed RAM "buff_wdata/U_fifo_mem/mem_reg" due to constant propagation. Write data stuck at zero 
INFO: [Synth 8-3332] Sequential element (ADDSUB_OP.ADDSUB/DSP.OP/DSP48E1_BODY.NORM_RND/FULL_USAGE_DSP.LOD/dist_norm_reg[1]) is unused and will be removed from module floating_point_v7_1_15_viv__parameterized1.
INFO: [Synth 8-3332] Sequential element (ADDSUB_OP.ADDSUB/DSP.OP/DSP48E1_BODY.NORM_RND/FULL_USAGE_DSP.LOD/dist_norm_reg[0]) is unused and will be removed from module floating_point_v7_1_15_viv__parameterized1.
WARNING: [Synth 8-3332] Sequential element (control_s_axi_U/FSM_onehot_wstate_reg[0]) is unused and will be removed from module softmax_u55c_kernel.
WARNING: [Synth 8-3332] Sequential element (control_s_axi_U/FSM_onehot_rstate_reg[0]) is unused and will be removed from module softmax_u55c_kernel.
WARNING: [Synth 8-3332] Sequential element (rs_wreq/FSM_sequential_state_reg[1]) is unused and will be removed from module softmax_u55c_kernel_gmem0_m_axi_write.
WARNING: [Synth 8-3332] Sequential element (rs_wreq/FSM_sequential_state_reg[0]) is unused and will be removed from module softmax_u55c_kernel_gmem0_m_axi_write.
WARNING: [Synth 8-3332] Sequential element (wreq_throttle/rs_req/FSM_sequential_state_reg[1]) is unused and will be removed from module softmax_u55c_kernel_gmem0_m_axi_write.
WARNING: [Synth 8-3332] Sequential element (wreq_throttle/rs_req/FSM_sequential_state_reg[0]) is unused and will be removed from module softmax_u55c_kernel_gmem0_m_axi_write.
WARNING: [Synth 8-3332] Sequential element (rs_rreq/FSM_sequential_state_reg[1]) is unused and will be removed from module softmax_u55c_kernel_gmem1_m_axi_read.
WARNING: [Synth 8-3332] Sequential element (rs_rreq/FSM_sequential_state_reg[0]) is unused and will be removed from module softmax_u55c_kernel_gmem1_m_axi_read.
---------------------------------------------------------------------------------
Finished Cross Boundary and Area Optimization : Time (s): cpu = 00:00:49 ; elapsed = 00:00:52 . Memory (MB): peak = 3523.070 ; gain = 790.801 ; free physical = 7976 ; free virtual = 12941
Synthesis current peak Physical Memory [PSS] (MB): peak = 2439.972; parent = 2298.401; children = 141.570
Synthesis current peak Virtual Memory [VSS] (MB): peak = 4492.836; parent = 3523.074; children = 969.762
---------------------------------------------------------------------------------
---------------------------------------------------------------------------------
Start Applying XDC Timing Constraints
---------------------------------------------------------------------------------
---------------------------------------------------------------------------------
Finished Applying XDC Timing Constraints : Time (s): cpu = 00:00:57 ; elapsed = 00:01:01 . Memory (MB): peak = 3632.945 ; gain = 900.676 ; free physical = 9861 ; free virtual = 14834
Synthesis current peak Physical Memory [PSS] (MB): peak = 2862.007; parent = 2715.567; children = 146.442
Synthesis current peak Virtual Memory [VSS] (MB): peak = 4602.711; parent = 3632.949; children = 969.762
---------------------------------------------------------------------------------
---------------------------------------------------------------------------------
Start Timing Optimization
---------------------------------------------------------------------------------
---------------------------------------------------------------------------------
Finished Timing Optimization : Time (s): cpu = 00:00:58 ; elapsed = 00:01:03 . Memory (MB): peak = 3684.992 ; gain = 952.723 ; free physical = 9477 ; free virtual = 14450
Synthesis current peak Physical Memory [PSS] (MB): peak = 2887.387; parent = 2740.952; children = 146.442
Synthesis current peak Virtual Memory [VSS] (MB): peak = 4654.758; parent = 3684.996; children = 969.762
---------------------------------------------------------------------------------
---------------------------------------------------------------------------------
Start Technology Mapping
---------------------------------------------------------------------------------
INFO: [Synth 8-7052] The timing for the instance inst/score_in_local_U/ram_reg (implemented as a Block RAM) might be sub-optimal as no optional output register could be merged into the ram block. Providing additional output register may help in improving timing.
INFO: [Synth 8-7052] The timing for the instance inst/score_in_local_U/ram_reg (implemented as a Block RAM) might be sub-optimal as no optional output register could be merged into the ram block. Providing additional output register may help in improving timing.
INFO: [Synth 8-7052] The timing for the instance inst/prob_out_local_U/ram_reg (implemented as a Block RAM) might be sub-optimal as no optional output register could be merged into the ram block. Providing additional output register may help in improving timing.
INFO: [Synth 8-7052] The timing for the instance inst/prob_out_local_U/ram_reg (implemented as a Block RAM) might be sub-optimal as no optional output register could be merged into the ram block. Providing additional output register may help in improving timing.
INFO: [Synth 8-7052] The timing for the instance inst/gmem0_m_axi_U/load_unit/buff_rdata/U_fifo_mem/mem_reg_7 (implemented as a Block RAM) might be sub-optimal as no optional output register could be merged into the ram block. Providing additional output register may help in improving timing.
---------------------------------------------------------------------------------
Finished Technology Mapping : Time (s): cpu = 00:01:01 ; elapsed = 00:01:06 . Memory (MB): peak = 3699.180 ; gain = 966.910 ; free physical = 9565 ; free virtual = 14538
Synthesis current peak Physical Memory [PSS] (MB): peak = 2911.660; parent = 2756.748; children = 154.912
Synthesis current peak Virtual Memory [VSS] (MB): peak = 4668.945; parent = 3699.184; children = 969.762
---------------------------------------------------------------------------------
---------------------------------------------------------------------------------
Start IO Insertion
---------------------------------------------------------------------------------
---------------------------------------------------------------------------------
Start Flattening Before IO Insertion
---------------------------------------------------------------------------------
---------------------------------------------------------------------------------
Finished Flattening Before IO Insertion
---------------------------------------------------------------------------------
---------------------------------------------------------------------------------
Start Final Netlist Cleanup
---------------------------------------------------------------------------------
INFO: [Synth 8-6069] LOCAL FORWARD RETIMING for instance inst/grp_softmax_u55c_kernel_Pipeline_VITIS_LOOP_91_1_VITIS_LOOP_92_2_fu_133/ap_enable_reg_pp0_iter2_reg with forward move, found 1 loads out of which
0 loads can have forward move, 1 loads have (UNCOMPATIBLE REGISTERS) and retiming cannot be done

---------------------------------------------------------------------------------
Finished Final Netlist Cleanup
---------------------------------------------------------------------------------
---------------------------------------------------------------------------------
Finished IO Insertion : Time (s): cpu = 00:01:04 ; elapsed = 00:01:09 . Memory (MB): peak = 3702.148 ; gain = 969.879 ; free physical = 9804 ; free virtual = 14768
Synthesis current peak Physical Memory [PSS] (MB): peak = 2916.972; parent = 2762.148; children = 154.912
Synthesis current peak Virtual Memory [VSS] (MB): peak = 4671.914; parent = 3702.152; children = 969.762
---------------------------------------------------------------------------------
---------------------------------------------------------------------------------
Start Renaming Generated Instances
---------------------------------------------------------------------------------
---------------------------------------------------------------------------------
Finished Renaming Generated Instances : Time (s): cpu = 00:01:04 ; elapsed = 00:01:09 . Memory (MB): peak = 3702.148 ; gain = 969.879 ; free physical = 9791 ; free virtual = 14755
Synthesis current peak Physical Memory [PSS] (MB): peak = 2916.972; parent = 2762.148; children = 154.912
Synthesis current peak Virtual Memory [VSS] (MB): peak = 4671.914; parent = 3702.152; children = 969.762
---------------------------------------------------------------------------------
---------------------------------------------------------------------------------
Start Rebuilding User Hierarchy
---------------------------------------------------------------------------------
---------------------------------------------------------------------------------
Finished Rebuilding User Hierarchy : Time (s): cpu = 00:01:05 ; elapsed = 00:01:10 . Memory (MB): peak = 3702.148 ; gain = 969.879 ; free physical = 9803 ; free virtual = 14767
Synthesis current peak Physical Memory [PSS] (MB): peak = 2919.065; parent = 2764.242; children = 154.912
Synthesis current peak Virtual Memory [VSS] (MB): peak = 4671.914; parent = 3702.152; children = 969.762
---------------------------------------------------------------------------------
---------------------------------------------------------------------------------
Start Renaming Generated Ports
---------------------------------------------------------------------------------
---------------------------------------------------------------------------------
Finished Renaming Generated Ports : Time (s): cpu = 00:01:05 ; elapsed = 00:01:10 . Memory (MB): peak = 3702.148 ; gain = 969.879 ; free physical = 9801 ; free virtual = 14766
Synthesis current peak Physical Memory [PSS] (MB): peak = 2919.065; parent = 2764.242; children = 154.912
Synthesis current peak Virtual Memory [VSS] (MB): peak = 4671.914; parent = 3702.152; children = 969.762
---------------------------------------------------------------------------------
---------------------------------------------------------------------------------
Start Handling Custom Attributes
---------------------------------------------------------------------------------
---------------------------------------------------------------------------------
Finished Handling Custom Attributes : Time (s): cpu = 00:01:06 ; elapsed = 00:01:10 . Memory (MB): peak = 3702.148 ; gain = 969.879 ; free physical = 9800 ; free virtual = 14764
Synthesis current peak Physical Memory [PSS] (MB): peak = 2919.065; parent = 2764.242; children = 154.912
Synthesis current peak Virtual Memory [VSS] (MB): peak = 4671.914; parent = 3702.152; children = 969.762
---------------------------------------------------------------------------------
---------------------------------------------------------------------------------
Start Renaming Generated Nets
---------------------------------------------------------------------------------
---------------------------------------------------------------------------------
Finished Renaming Generated Nets : Time (s): cpu = 00:01:06 ; elapsed = 00:01:10 . Memory (MB): peak = 3702.148 ; gain = 969.879 ; free physical = 9796 ; free virtual = 14760
Synthesis current peak Physical Memory [PSS] (MB): peak = 2919.065; parent = 2764.242; children = 154.912
Synthesis current peak Virtual Memory [VSS] (MB): peak = 4671.914; parent = 3702.152; children = 969.762
---------------------------------------------------------------------------------
---------------------------------------------------------------------------------
Start Writing Synthesis Report
---------------------------------------------------------------------------------

DSP Final Report (the ' indicates corresponding REG is set)
+------------------------------------+-----------------+--------+--------+--------+--------+--------+------+------+------+------+-------+------+------+
|Module Name                         | DSP Mapping     | A Size | B Size | C Size | D Size | P Size | AREG | BREG | CREG | DREG | ADREG | MREG | PREG | 
+------------------------------------+-----------------+--------+--------+--------+--------+--------+------+------+------+------+-------+------+------+
|dsp48e1_wrapper__parameterized4     | (C'+(D+A)'*B')' | 6      | 17     | 43     | 16     | 43     | 0    | 1    | 1    | 1    | 1     | 0    | 1    | 
|dsp48e1_wrapper__parameterized3     | Dynamic         | -      | -      | -      | -      | 48     | -    | -    | -    | -    | -     | 0    | 0    | 
|dsp48e1_wrapper__parameterized2_156 | Dynamic         | -      | -      | -      | -      | 48     | -    | -    | -    | -    | -     | 0    | 1    | 
|dsp48e1_wrapper__parameterized2     | Dynamic         | -      | -      | -      | -      | 48     | -    | -    | -    | -    | -     | 0    | 1    | 
|dsp48e1_wrapper__parameterized1_154 | (C+A:B)'        | 0      | 6      | 0      | -      | 48     | 0    | 0    | 0    | -    | -     | 0    | 1    | 
|dsp48e1_wrapper__parameterized1     | (C+A:B)'        | 30     | 18     | 48     | -      | 48     | 0    | 0    | 0    | -    | -     | 0    | 1    | 
|dsp48e1_wrapper__parameterized5     | Dynamic         | -      | -      | -      | -      | 48     | -    | -    | -    | -    | -     | 0    | 0    | 
|dsp48e1_wrapper                     | Dynamic         | -      | -      | -      | -      | 40     | -    | -    | -    | -    | 1     | 0    | 0    | 
|dsp48e1_wrapper__parameterized0     | C+A'*B'         | 24     | 16     | 35     | -      | 35     | 1    | 1    | 1    | -    | -     | 0    | 0    | 
+------------------------------------+-----------------+--------+--------+--------+--------+--------+------+------+------+------+-------+------+------+


Report BlackBoxes: 
+-+--------------+----------+
| |BlackBox name |Instances |
+-+--------------+----------+
+-+--------------+----------+

Report Cell Usage: 
+------+---------+------+
|      |Cell     |Count |
+------+---------+------+
|1     |CARRY8   |    73|
|2     |DSP48E1  |     9|
|3     |LUT1     |    56|
|4     |LUT2     |   936|
|5     |LUT3     |  1344|
|6     |LUT4     |  1994|
|7     |LUT5     |   535|
|8     |LUT6     |  1144|
|9     |MUXCY    |   933|
|10    |MUXF7    |   313|
|11    |MUXF8    |     3|
|12    |RAM64X1S |    31|
|13    |RAMB18E2 |     3|
|15    |RAMB36E2 |    15|
|17    |SRL16E   |   740|
|18    |SRLC32E  |   354|
|19    |XORCY    |   743|
|20    |FDE      |     5|
|21    |FDRE     |  7174|
|22    |FDSE     |    17|
+------+---------+------+
---------------------------------------------------------------------------------
Finished Writing Synthesis Report : Time (s): cpu = 00:01:06 ; elapsed = 00:01:10 . Memory (MB): peak = 3702.148 ; gain = 969.879 ; free physical = 9798 ; free virtual = 14762
Synthesis current peak Physical Memory [PSS] (MB): peak = 2919.065; parent = 2764.242; children = 154.912
Synthesis current peak Virtual Memory [VSS] (MB): peak = 4671.914; parent = 3702.152; children = 969.762
---------------------------------------------------------------------------------
Synthesis finished with 0 errors, 0 critical warnings and 1005 warnings.
Synthesis Optimization Runtime : Time (s): cpu = 00:00:57 ; elapsed = 00:01:01 . Memory (MB): peak = 3702.148 ; gain = 790.531 ; free physical = 9830 ; free virtual = 14794
Synthesis Optimization Complete : Time (s): cpu = 00:01:06 ; elapsed = 00:01:11 . Memory (MB): peak = 3702.156 ; gain = 969.879 ; free physical = 9829 ; free virtual = 14794
INFO: [Project 1-571] Translating synthesized netlist
Netlist sorting complete. Time (s): cpu = 00:00:00.12 ; elapsed = 00:00:00.12 . Memory (MB): peak = 3702.156 ; gain = 0.000 ; free physical = 11113 ; free virtual = 16077
INFO: [Netlist 29-17] Analyzing 2110 Unisim elements for replacement
INFO: [Netlist 29-28] Unisim Transformation completed in 0 CPU seconds
INFO: [Project 1-570] Preparing netlist for logic optimization
INFO: [Opt 31-138] Pushed 0 inverter(s) to 0 load pin(s).
INFO: [Opt 31-422] The CLOCK_DOMAINS attribute on the BRAM cell inst/prob_out_local_U/ram_reg has been changed from INDEPENDENT to COMMON to match the clocking topology used for the BRAM.
INFO: [Opt 31-422] The CLOCK_DOMAINS attribute on the BRAM cell inst/score_in_local_U/ram_reg has been changed from INDEPENDENT to COMMON to match the clocking topology used for the BRAM.
Netlist sorting complete. Time (s): cpu = 00:00:00 ; elapsed = 00:00:00 . Memory (MB): peak = 3791.836 ; gain = 0.000 ; free physical = 14724 ; free virtual = 19688
INFO: [Project 1-111] Unisim Transformation Summary:
  A total of 202 instances were transformed.
  (CARRY4) => CARRY8: 157 instances
  DSP48E1 => DSP48E2 (DSP_ALU, DSP_A_B_DATA, DSP_C_DATA, DSP_MULTIPLIER, DSP_M_DATA, DSP_OUTPUT, DSP_PREADD, DSP_PREADD_DATA): 9 instances
  FDE => FDRE: 5 instances
  RAM64X1S => RAM64X1S (RAMS64E): 31 instances

Synth Design complete, checksum: 6569b974
INFO: [Common 17-83] Releasing license: Synthesis
245 Infos, 130 Warnings, 0 Critical Warnings and 0 Errors encountered.
synth_design completed successfully
synth_design: Time (s): cpu = 00:01:17 ; elapsed = 00:01:19 . Memory (MB): peak = 3791.836 ; gain = 2374.348 ; free physical = 14952 ; free virtual = 19916
INFO: [Common 17-600] The following parameters have non-default value.
general.maxThreads
INFO: [Common 17-1381] The checkpoint '/home/advent/Desktop/RC19/_x/link/vivado/vpl/prj/prj.runs/ulp_softmax_u55c_kernel_1_0_synth_1/ulp_softmax_u55c_kernel_1_0.dcp' has been generated.
INFO: [Coretcl 2-1648] Added synthesis output to IP cache for IP ulp_softmax_u55c_kernel_1_0, cache-ID = 647301e7a088eb02
INFO: [Coretcl 2-1174] Renamed 466 cell refs.
INFO: [Common 17-1381] The checkpoint '/home/advent/Desktop/RC19/_x/link/vivado/vpl/prj/prj.runs/ulp_softmax_u55c_kernel_1_0_synth_1/ulp_softmax_u55c_kernel_1_0.dcp' has been generated.
INFO: [runtcl-4] Executing : report_utilization -file ulp_softmax_u55c_kernel_1_0_utilization_synth.rpt -pb ulp_softmax_u55c_kernel_1_0_utilization_synth.pb
INFO: [Common 17-206] Exiting Vivado at Mon Apr 27 18:57:31 2026...
