
*** Running vivado
    with args -log ulp_hmss_0_0.vds -m64 -product Vivado -mode batch -messageDb vivado.pb -notrace -source ulp_hmss_0_0.tcl


****** Vivado v2022.2 (64-bit)
  **** SW Build 3671981 on Fri Oct 14 04:59:54 MDT 2022
  **** IP Build 3669848 on Fri Oct 14 08:30:02 MDT 2022
    ** Copyright 1986-2022 Xilinx, Inc. All Rights Reserved.

source ulp_hmss_0_0.tcl -notrace
INFO: Dispatch client connection id - 37729
INFO: [IP_Flow 19-234] Refreshing IP repositories
INFO: [IP_Flow 19-1700] Loaded user IP repository '/home/advent/Desktop/RC19/_x/link/int/xo/ip_repo/xilinx_com_hls_softmax_u55c_kernel_1_0'.
INFO: [IP_Flow 19-1700] Loaded user IP repository '/home/advent/Desktop/RC19/_x/link/int/xo/ip_repo/xilinx_com_hls_attention_score_u55c_kernel_1_0'.
INFO: [IP_Flow 19-1700] Loaded user IP repository '/home/advent/Desktop/RC19/_x/link/int/xo/ip_repo/xilinx_com_hls_causal_mask_u55c_kernel_1_0'.
INFO: [IP_Flow 19-1700] Loaded user IP repository '/home/advent/Desktop/RC19/_x/link/int/xo/ip_repo/xilinx_com_hls_score_scale_u55c_kernel_1_0'.
INFO: [IP_Flow 19-1700] Loaded user IP repository '/home/advent/Desktop/RC19/_x/link/vivado/vpl/.local/hw_platform/iprepo'.
INFO: [IP_Flow 19-1700] Loaded user IP repository '/home/advent/Desktop/RC19/_x/link/vivado/vpl/.local/hw_platform/ipcache'.
INFO: [IP_Flow 19-1700] Loaded user IP repository '/home/advent/Vivado/Vitis/2022.2/data/ip'.
INFO: [IP_Flow 19-2313] Loaded Vivado IP repository '/home/advent/Vivado/Vivado/2022.2/data/ip'.
WARNING: [IP_Flow 19-1663] Duplicate IP found for 'xilinx.com:ip:clk_metadata_adapter:1.0'. The one found in IP location '/home/advent/Desktop/RC19/_x/link/vivado/vpl/.local/hw_platform/iprepo/ipdefs/pxi_ii_infra/clk_metadata_adapter_v1_0' will take precedence over the same IP in location /home/advent/Desktop/RC19/_x/link/vivado/vpl/.local/hw_platform/iprepo/ipdefs/other_ipdefs/clk_metadata_adapter_v1_0
WARNING: [IP_Flow 19-1663] Duplicate IP found for 'xilinx.com:ip:pipeline_reg:1.0'. The one found in IP location '/home/advent/Desktop/RC19/_x/link/vivado/vpl/.local/hw_platform/iprepo/ipdefs/pxi_ii_infra/pipeline_reg_v1_0' will take precedence over the same IP in location /home/advent/Desktop/RC19/_x/link/vivado/vpl/.local/hw_platform/iprepo/ipdefs/other_ipdefs/pipeline_reg_v1_0
WARNING: [IP_Flow 19-1663] Duplicate IP found for 'xilinx.com:ip:axi_clk_metadata_adapter:1.0'. The one found in IP location '/home/advent/Desktop/RC19/_x/link/vivado/vpl/.local/hw_platform/iprepo/ipdefs/other_ipdefs/axi_clk_metadata_adapter_v1_0' will take precedence over the same IP in location /home/advent/Desktop/RC19/_x/link/vivado/vpl/.local/hw_platform/iprepo/ipdefs/pxi_ii_infra/axi_clk_metadata_adapter_v1_0
WARNING: [IP_Flow 19-1663] Duplicate IP found for 'xilinx.com:ip:shell_utils_build_info:1.0'. The one found in IP location '/home/advent/Desktop/RC19/_x/link/vivado/vpl/.local/hw_platform/iprepo/ipdefs/other_ipdefs/shell_utils_build_info_v1_0' will take precedence over the same IP in the Xilinx installed IP.
WARNING: [IP_Flow 19-1663] Duplicate IP found for 'xilinx.com:ip:axis_clk_metadata_adapter:1.0'. The one found in IP location '/home/advent/Desktop/RC19/_x/link/vivado/vpl/.local/hw_platform/iprepo/ipdefs/other_ipdefs/axis_clk_metadata_adapter_v1_0' will take precedence over the same IP in location /home/advent/Desktop/RC19/_x/link/vivado/vpl/.local/hw_platform/iprepo/ipdefs/pxi_ii_infra/axis_clk_metadata_adapter_v1_0
INFO: [IP_Flow 19-6924] IPCACHE: Running cache check for IP inst: ulp_hmss_0_0
Command: synth_design -top ulp_hmss_0_0 -part xcu55c-fsvh2892-2L-e -incremental_mode off -mode out_of_context
Starting synth_design
Attempting to get a license for feature 'Synthesis' and/or device 'xcu55c'
INFO: [Common 17-349] Got license for feature 'Synthesis' and/or device 'xcu55c'
INFO: [Device 21-403] Loading part xcu55c-fsvh2892-2L-e
INFO: [Synth 8-7079] Multithreading enabled for synth_design using a maximum of 1 processes.
INFO: [Synth 8-7078] Launching helper process for spawning children vivado processes
INFO: [Synth 8-7075] Helper process launched with PID 59699
INFO: [Synth 8-11241] undeclared symbol 'REGCCE', assumed default net type 'wire' [/home/advent/Vivado/Vivado/2022.2/data/verilog/src/unimacro/BRAM_SINGLE_MACRO.v:2170]
---------------------------------------------------------------------------------
Starting RTL Elaboration : Time (s): cpu = 00:00:03 ; elapsed = 00:00:03 . Memory (MB): peak = 3174.762 ; gain = 356.766 ; free physical = 8914 ; free virtual = 12671
Synthesis current peak Physical Memory [PSS] (MB): peak = 2390.128; parent = 2253.406; children = 136.722
Synthesis current peak Virtual Memory [VSS] (MB): peak = 4161.402; parent = 3184.672; children = 976.730
---------------------------------------------------------------------------------
INFO: [Synth 8-6157] synthesizing module 'ulp_hmss_0_0' [/home/advent/Desktop/RC19/_x/link/vivado/vpl/prj/prj.gen/my_rm/bd/ulp/ip/ulp_hmss_0_0/synth/ulp_hmss_0_0.v:53]
INFO: [Synth 8-6157] synthesizing module 'bd_85ad' [/home/advent/Desktop/RC19/_x/link/vivado/vpl/prj/prj.gen/my_rm/bd/ulp/ip/ulp_hmss_0_0/bd_0/synth/bd_85ad.v:9]
INFO: [Synth 8-6157] synthesizing module 'bd_85ad_axi_apb_bridge_inst_0' [/home/advent/Desktop/RC19/_x/link/vivado/vpl/prj/prj.runs/ulp_hmss_0_0_synth_1/.Xil/Vivado-59071-advent/realtime/bd_85ad_axi_apb_bridge_inst_0_stub.v:5]
INFO: [Synth 8-6155] done synthesizing module 'bd_85ad_axi_apb_bridge_inst_0' (0#1) [/home/advent/Desktop/RC19/_x/link/vivado/vpl/prj/prj.runs/ulp_hmss_0_0_synth_1/.Xil/Vivado-59071-advent/realtime/bd_85ad_axi_apb_bridge_inst_0_stub.v:5]
INFO: [Synth 8-6157] synthesizing module 'bd_85ad_hbm_inst_0' [/home/advent/Desktop/RC19/_x/link/vivado/vpl/prj/prj.runs/ulp_hmss_0_0_synth_1/.Xil/Vivado-59071-advent/realtime/bd_85ad_hbm_inst_0_stub.v:5]
INFO: [Synth 8-6155] done synthesizing module 'bd_85ad_hbm_inst_0' (0#1) [/home/advent/Desktop/RC19/_x/link/vivado/vpl/prj/prj.runs/ulp_hmss_0_0_synth_1/.Xil/Vivado-59071-advent/realtime/bd_85ad_hbm_inst_0_stub.v:5]
WARNING: [Synth 8-7071] port 'AXI_00_RDATA_PARITY' of module 'bd_85ad_hbm_inst_0' is unconnected for instance 'hbm_inst' [/home/advent/Desktop/RC19/_x/link/vivado/vpl/prj/prj.gen/my_rm/bd/ulp/ip/ulp_hmss_0_0/bd_0/synth/bd_85ad.v:1514]
WARNING: [Synth 8-7071] port 'AXI_00_RID' of module 'bd_85ad_hbm_inst_0' is unconnected for instance 'hbm_inst' [/home/advent/Desktop/RC19/_x/link/vivado/vpl/prj/prj.gen/my_rm/bd/ulp/ip/ulp_hmss_0_0/bd_0/synth/bd_85ad.v:1514]
WARNING: [Synth 8-7071] port 'AXI_00_BID' of module 'bd_85ad_hbm_inst_0' is unconnected for instance 'hbm_inst' [/home/advent/Desktop/RC19/_x/link/vivado/vpl/prj/prj.gen/my_rm/bd/ulp/ip/ulp_hmss_0_0/bd_0/synth/bd_85ad.v:1514]
WARNING: [Synth 8-7071] port 'AXI_01_RDATA_PARITY' of module 'bd_85ad_hbm_inst_0' is unconnected for instance 'hbm_inst' [/home/advent/Desktop/RC19/_x/link/vivado/vpl/prj/prj.gen/my_rm/bd/ulp/ip/ulp_hmss_0_0/bd_0/synth/bd_85ad.v:1514]
WARNING: [Synth 8-7071] port 'AXI_01_RID' of module 'bd_85ad_hbm_inst_0' is unconnected for instance 'hbm_inst' [/home/advent/Desktop/RC19/_x/link/vivado/vpl/prj/prj.gen/my_rm/bd/ulp/ip/ulp_hmss_0_0/bd_0/synth/bd_85ad.v:1514]
WARNING: [Synth 8-7071] port 'AXI_01_BID' of module 'bd_85ad_hbm_inst_0' is unconnected for instance 'hbm_inst' [/home/advent/Desktop/RC19/_x/link/vivado/vpl/prj/prj.gen/my_rm/bd/ulp/ip/ulp_hmss_0_0/bd_0/synth/bd_85ad.v:1514]
WARNING: [Synth 8-7071] port 'AXI_02_RDATA_PARITY' of module 'bd_85ad_hbm_inst_0' is unconnected for instance 'hbm_inst' [/home/advent/Desktop/RC19/_x/link/vivado/vpl/prj/prj.gen/my_rm/bd/ulp/ip/ulp_hmss_0_0/bd_0/synth/bd_85ad.v:1514]
WARNING: [Synth 8-7071] port 'AXI_02_RID' of module 'bd_85ad_hbm_inst_0' is unconnected for instance 'hbm_inst' [/home/advent/Desktop/RC19/_x/link/vivado/vpl/prj/prj.gen/my_rm/bd/ulp/ip/ulp_hmss_0_0/bd_0/synth/bd_85ad.v:1514]
WARNING: [Synth 8-7071] port 'AXI_02_BID' of module 'bd_85ad_hbm_inst_0' is unconnected for instance 'hbm_inst' [/home/advent/Desktop/RC19/_x/link/vivado/vpl/prj/prj.gen/my_rm/bd/ulp/ip/ulp_hmss_0_0/bd_0/synth/bd_85ad.v:1514]
WARNING: [Synth 8-7071] port 'AXI_03_RDATA_PARITY' of module 'bd_85ad_hbm_inst_0' is unconnected for instance 'hbm_inst' [/home/advent/Desktop/RC19/_x/link/vivado/vpl/prj/prj.gen/my_rm/bd/ulp/ip/ulp_hmss_0_0/bd_0/synth/bd_85ad.v:1514]
WARNING: [Synth 8-7071] port 'AXI_03_RID' of module 'bd_85ad_hbm_inst_0' is unconnected for instance 'hbm_inst' [/home/advent/Desktop/RC19/_x/link/vivado/vpl/prj/prj.gen/my_rm/bd/ulp/ip/ulp_hmss_0_0/bd_0/synth/bd_85ad.v:1514]
WARNING: [Synth 8-7071] port 'AXI_03_BID' of module 'bd_85ad_hbm_inst_0' is unconnected for instance 'hbm_inst' [/home/advent/Desktop/RC19/_x/link/vivado/vpl/prj/prj.gen/my_rm/bd/ulp/ip/ulp_hmss_0_0/bd_0/synth/bd_85ad.v:1514]
WARNING: [Synth 8-7071] port 'AXI_04_RDATA_PARITY' of module 'bd_85ad_hbm_inst_0' is unconnected for instance 'hbm_inst' [/home/advent/Desktop/RC19/_x/link/vivado/vpl/prj/prj.gen/my_rm/bd/ulp/ip/ulp_hmss_0_0/bd_0/synth/bd_85ad.v:1514]
WARNING: [Synth 8-7071] port 'AXI_04_RID' of module 'bd_85ad_hbm_inst_0' is unconnected for instance 'hbm_inst' [/home/advent/Desktop/RC19/_x/link/vivado/vpl/prj/prj.gen/my_rm/bd/ulp/ip/ulp_hmss_0_0/bd_0/synth/bd_85ad.v:1514]
WARNING: [Synth 8-7071] port 'AXI_04_BID' of module 'bd_85ad_hbm_inst_0' is unconnected for instance 'hbm_inst' [/home/advent/Desktop/RC19/_x/link/vivado/vpl/prj/prj.gen/my_rm/bd/ulp/ip/ulp_hmss_0_0/bd_0/synth/bd_85ad.v:1514]
WARNING: [Synth 8-7071] port 'AXI_05_RDATA_PARITY' of module 'bd_85ad_hbm_inst_0' is unconnected for instance 'hbm_inst' [/home/advent/Desktop/RC19/_x/link/vivado/vpl/prj/prj.gen/my_rm/bd/ulp/ip/ulp_hmss_0_0/bd_0/synth/bd_85ad.v:1514]
WARNING: [Synth 8-7071] port 'AXI_05_RID' of module 'bd_85ad_hbm_inst_0' is unconnected for instance 'hbm_inst' [/home/advent/Desktop/RC19/_x/link/vivado/vpl/prj/prj.gen/my_rm/bd/ulp/ip/ulp_hmss_0_0/bd_0/synth/bd_85ad.v:1514]
WARNING: [Synth 8-7071] port 'AXI_05_BID' of module 'bd_85ad_hbm_inst_0' is unconnected for instance 'hbm_inst' [/home/advent/Desktop/RC19/_x/link/vivado/vpl/prj/prj.gen/my_rm/bd/ulp/ip/ulp_hmss_0_0/bd_0/synth/bd_85ad.v:1514]
WARNING: [Synth 8-7071] port 'AXI_06_RDATA_PARITY' of module 'bd_85ad_hbm_inst_0' is unconnected for instance 'hbm_inst' [/home/advent/Desktop/RC19/_x/link/vivado/vpl/prj/prj.gen/my_rm/bd/ulp/ip/ulp_hmss_0_0/bd_0/synth/bd_85ad.v:1514]
WARNING: [Synth 8-7071] port 'AXI_06_RID' of module 'bd_85ad_hbm_inst_0' is unconnected for instance 'hbm_inst' [/home/advent/Desktop/RC19/_x/link/vivado/vpl/prj/prj.gen/my_rm/bd/ulp/ip/ulp_hmss_0_0/bd_0/synth/bd_85ad.v:1514]
WARNING: [Synth 8-7071] port 'AXI_06_BID' of module 'bd_85ad_hbm_inst_0' is unconnected for instance 'hbm_inst' [/home/advent/Desktop/RC19/_x/link/vivado/vpl/prj/prj.gen/my_rm/bd/ulp/ip/ulp_hmss_0_0/bd_0/synth/bd_85ad.v:1514]
WARNING: [Synth 8-7071] port 'AXI_07_RDATA_PARITY' of module 'bd_85ad_hbm_inst_0' is unconnected for instance 'hbm_inst' [/home/advent/Desktop/RC19/_x/link/vivado/vpl/prj/prj.gen/my_rm/bd/ulp/ip/ulp_hmss_0_0/bd_0/synth/bd_85ad.v:1514]
WARNING: [Synth 8-7071] port 'AXI_07_RID' of module 'bd_85ad_hbm_inst_0' is unconnected for instance 'hbm_inst' [/home/advent/Desktop/RC19/_x/link/vivado/vpl/prj/prj.gen/my_rm/bd/ulp/ip/ulp_hmss_0_0/bd_0/synth/bd_85ad.v:1514]
WARNING: [Synth 8-7071] port 'AXI_07_BID' of module 'bd_85ad_hbm_inst_0' is unconnected for instance 'hbm_inst' [/home/advent/Desktop/RC19/_x/link/vivado/vpl/prj/prj.gen/my_rm/bd/ulp/ip/ulp_hmss_0_0/bd_0/synth/bd_85ad.v:1514]
WARNING: [Synth 8-7071] port 'AXI_08_RDATA_PARITY' of module 'bd_85ad_hbm_inst_0' is unconnected for instance 'hbm_inst' [/home/advent/Desktop/RC19/_x/link/vivado/vpl/prj/prj.gen/my_rm/bd/ulp/ip/ulp_hmss_0_0/bd_0/synth/bd_85ad.v:1514]
WARNING: [Synth 8-7071] port 'AXI_08_RID' of module 'bd_85ad_hbm_inst_0' is unconnected for instance 'hbm_inst' [/home/advent/Desktop/RC19/_x/link/vivado/vpl/prj/prj.gen/my_rm/bd/ulp/ip/ulp_hmss_0_0/bd_0/synth/bd_85ad.v:1514]
WARNING: [Synth 8-7071] port 'AXI_08_BID' of module 'bd_85ad_hbm_inst_0' is unconnected for instance 'hbm_inst' [/home/advent/Desktop/RC19/_x/link/vivado/vpl/prj/prj.gen/my_rm/bd/ulp/ip/ulp_hmss_0_0/bd_0/synth/bd_85ad.v:1514]
WARNING: [Synth 8-7071] port 'AXI_10_RDATA_PARITY' of module 'bd_85ad_hbm_inst_0' is unconnected for instance 'hbm_inst' [/home/advent/Desktop/RC19/_x/link/vivado/vpl/prj/prj.gen/my_rm/bd/ulp/ip/ulp_hmss_0_0/bd_0/synth/bd_85ad.v:1514]
WARNING: [Synth 8-7071] port 'AXI_10_RID' of module 'bd_85ad_hbm_inst_0' is unconnected for instance 'hbm_inst' [/home/advent/Desktop/RC19/_x/link/vivado/vpl/prj/prj.gen/my_rm/bd/ulp/ip/ulp_hmss_0_0/bd_0/synth/bd_85ad.v:1514]
WARNING: [Synth 8-7071] port 'AXI_10_BID' of module 'bd_85ad_hbm_inst_0' is unconnected for instance 'hbm_inst' [/home/advent/Desktop/RC19/_x/link/vivado/vpl/prj/prj.gen/my_rm/bd/ulp/ip/ulp_hmss_0_0/bd_0/synth/bd_85ad.v:1514]
WARNING: [Synth 8-7023] instance 'hbm_inst' of module 'bd_85ad_hbm_inst_0' has 344 connections declared, but only 314 given [/home/advent/Desktop/RC19/_x/link/vivado/vpl/prj/prj.gen/my_rm/bd/ulp/ip/ulp_hmss_0_0/bd_0/synth/bd_85ad.v:1514]
INFO: [Synth 8-6157] synthesizing module 'bd_85ad_hbm_reset_sync_SLR0_0' [/home/advent/Desktop/RC19/_x/link/vivado/vpl/prj/prj.runs/ulp_hmss_0_0_synth_1/.Xil/Vivado-59071-advent/realtime/bd_85ad_hbm_reset_sync_SLR0_0_stub.v:5]
INFO: [Synth 8-6155] done synthesizing module 'bd_85ad_hbm_reset_sync_SLR0_0' (0#1) [/home/advent/Desktop/RC19/_x/link/vivado/vpl/prj/prj.runs/ulp_hmss_0_0_synth_1/.Xil/Vivado-59071-advent/realtime/bd_85ad_hbm_reset_sync_SLR0_0_stub.v:5]
WARNING: [Synth 8-7071] port 'mb_reset' of module 'bd_85ad_hbm_reset_sync_SLR0_0' is unconnected for instance 'hbm_reset_sync_SLR0' [/home/advent/Desktop/RC19/_x/link/vivado/vpl/prj/prj.gen/my_rm/bd/ulp/ip/ulp_hmss_0_0/bd_0/synth/bd_85ad.v:1829]
WARNING: [Synth 8-7071] port 'bus_struct_reset' of module 'bd_85ad_hbm_reset_sync_SLR0_0' is unconnected for instance 'hbm_reset_sync_SLR0' [/home/advent/Desktop/RC19/_x/link/vivado/vpl/prj/prj.gen/my_rm/bd/ulp/ip/ulp_hmss_0_0/bd_0/synth/bd_85ad.v:1829]
WARNING: [Synth 8-7071] port 'peripheral_reset' of module 'bd_85ad_hbm_reset_sync_SLR0_0' is unconnected for instance 'hbm_reset_sync_SLR0' [/home/advent/Desktop/RC19/_x/link/vivado/vpl/prj/prj.gen/my_rm/bd/ulp/ip/ulp_hmss_0_0/bd_0/synth/bd_85ad.v:1829]
WARNING: [Synth 8-7071] port 'peripheral_aresetn' of module 'bd_85ad_hbm_reset_sync_SLR0_0' is unconnected for instance 'hbm_reset_sync_SLR0' [/home/advent/Desktop/RC19/_x/link/vivado/vpl/prj/prj.gen/my_rm/bd/ulp/ip/ulp_hmss_0_0/bd_0/synth/bd_85ad.v:1829]
WARNING: [Synth 8-7023] instance 'hbm_reset_sync_SLR0' of module 'bd_85ad_hbm_reset_sync_SLR0_0' has 10 connections declared, but only 6 given [/home/advent/Desktop/RC19/_x/link/vivado/vpl/prj/prj.gen/my_rm/bd/ulp/ip/ulp_hmss_0_0/bd_0/synth/bd_85ad.v:1829]
INFO: [Synth 8-6157] synthesizing module 'bd_85ad_hbm_reset_sync_SLR2_0' [/home/advent/Desktop/RC19/_x/link/vivado/vpl/prj/prj.runs/ulp_hmss_0_0_synth_1/.Xil/Vivado-59071-advent/realtime/bd_85ad_hbm_reset_sync_SLR2_0_stub.v:5]
INFO: [Synth 8-6155] done synthesizing module 'bd_85ad_hbm_reset_sync_SLR2_0' (0#1) [/home/advent/Desktop/RC19/_x/link/vivado/vpl/prj/prj.runs/ulp_hmss_0_0_synth_1/.Xil/Vivado-59071-advent/realtime/bd_85ad_hbm_reset_sync_SLR2_0_stub.v:5]
WARNING: [Synth 8-7071] port 'mb_reset' of module 'bd_85ad_hbm_reset_sync_SLR2_0' is unconnected for instance 'hbm_reset_sync_SLR2' [/home/advent/Desktop/RC19/_x/link/vivado/vpl/prj/prj.gen/my_rm/bd/ulp/ip/ulp_hmss_0_0/bd_0/synth/bd_85ad.v:1836]
WARNING: [Synth 8-7071] port 'bus_struct_reset' of module 'bd_85ad_hbm_reset_sync_SLR2_0' is unconnected for instance 'hbm_reset_sync_SLR2' [/home/advent/Desktop/RC19/_x/link/vivado/vpl/prj/prj.gen/my_rm/bd/ulp/ip/ulp_hmss_0_0/bd_0/synth/bd_85ad.v:1836]
WARNING: [Synth 8-7071] port 'peripheral_reset' of module 'bd_85ad_hbm_reset_sync_SLR2_0' is unconnected for instance 'hbm_reset_sync_SLR2' [/home/advent/Desktop/RC19/_x/link/vivado/vpl/prj/prj.gen/my_rm/bd/ulp/ip/ulp_hmss_0_0/bd_0/synth/bd_85ad.v:1836]
WARNING: [Synth 8-7071] port 'peripheral_aresetn' of module 'bd_85ad_hbm_reset_sync_SLR2_0' is unconnected for instance 'hbm_reset_sync_SLR2' [/home/advent/Desktop/RC19/_x/link/vivado/vpl/prj/prj.gen/my_rm/bd/ulp/ip/ulp_hmss_0_0/bd_0/synth/bd_85ad.v:1836]
WARNING: [Synth 8-7023] instance 'hbm_reset_sync_SLR2' of module 'bd_85ad_hbm_reset_sync_SLR2_0' has 10 connections declared, but only 6 given [/home/advent/Desktop/RC19/_x/link/vivado/vpl/prj/prj.gen/my_rm/bd/ulp/ip/ulp_hmss_0_0/bd_0/synth/bd_85ad.v:1836]
INFO: [Synth 8-6157] synthesizing module 'init_logic_imp_KAN0DP' [/home/advent/Desktop/RC19/_x/link/vivado/vpl/prj/prj.gen/my_rm/bd/ulp/ip/ulp_hmss_0_0/bd_0/synth/bd_85ad.v:2980]
INFO: [Synth 8-6157] synthesizing module 'bd_85ad_init_concat_0' [/home/advent/Desktop/RC19/_x/link/vivado/vpl/prj/prj.gen/my_rm/bd/ulp/ip/ulp_hmss_0_0/bd_0/ip/ip_34/synth/bd_85ad_init_concat_0.v:53]
INFO: [Synth 8-6157] synthesizing module 'xlconcat_v2_1_4_xlconcat' [/home/advent/Desktop/RC19/_x/link/vivado/vpl/prj/prj.gen/my_rm/bd/ulp/ipshared/4b67/hdl/xlconcat_v2_1_vl_rfs.v:14]
INFO: [Synth 8-6155] done synthesizing module 'xlconcat_v2_1_4_xlconcat' (0#1) [/home/advent/Desktop/RC19/_x/link/vivado/vpl/prj/prj.gen/my_rm/bd/ulp/ipshared/4b67/hdl/xlconcat_v2_1_vl_rfs.v:14]
INFO: [Synth 8-6155] done synthesizing module 'bd_85ad_init_concat_0' (0#1) [/home/advent/Desktop/RC19/_x/link/vivado/vpl/prj/prj.gen/my_rm/bd/ulp/ip/ulp_hmss_0_0/bd_0/ip/ip_34/synth/bd_85ad_init_concat_0.v:53]
INFO: [Synth 8-6157] synthesizing module 'bd_85ad_init_reduce_0' [/home/advent/Desktop/RC19/_x/link/vivado/vpl/prj/prj.runs/ulp_hmss_0_0_synth_1/.Xil/Vivado-59071-advent/realtime/bd_85ad_init_reduce_0_stub.v:5]
INFO: [Synth 8-6155] done synthesizing module 'bd_85ad_init_reduce_0' (0#1) [/home/advent/Desktop/RC19/_x/link/vivado/vpl/prj/prj.runs/ulp_hmss_0_0_synth_1/.Xil/Vivado-59071-advent/realtime/bd_85ad_init_reduce_0_stub.v:5]
INFO: [Synth 8-6155] done synthesizing module 'init_logic_imp_KAN0DP' (0#1) [/home/advent/Desktop/RC19/_x/link/vivado/vpl/prj/prj.gen/my_rm/bd/ulp/ip/ulp_hmss_0_0/bd_0/synth/bd_85ad.v:2980]
INFO: [Synth 8-6157] synthesizing module 'path_0_imp_1VLZ12L' [/home/advent/Desktop/RC19/_x/link/vivado/vpl/prj/prj.gen/my_rm/bd/ulp/ip/ulp_hmss_0_0/bd_0/synth/bd_85ad.v:3000]
INFO: [Synth 8-6157] synthesizing module 'bd_85ad_interconnect1_0_0' [/home/advent/Desktop/RC19/_x/link/vivado/vpl/prj/prj.runs/ulp_hmss_0_0_synth_1/.Xil/Vivado-59071-advent/realtime/bd_85ad_interconnect1_0_0_stub.v:5]
INFO: [Synth 8-6155] done synthesizing module 'bd_85ad_interconnect1_0_0' (0#1) [/home/advent/Desktop/RC19/_x/link/vivado/vpl/prj/prj.runs/ulp_hmss_0_0_synth_1/.Xil/Vivado-59071-advent/realtime/bd_85ad_interconnect1_0_0_stub.v:5]
INFO: [Synth 8-6157] synthesizing module 'bd_85ad_slice1_0_0' [/home/advent/Desktop/RC19/_x/link/vivado/vpl/prj/prj.runs/ulp_hmss_0_0_synth_1/.Xil/Vivado-59071-advent/realtime/bd_85ad_slice1_0_0_stub.v:5]
INFO: [Synth 8-6155] done synthesizing module 'bd_85ad_slice1_0_0' (0#1) [/home/advent/Desktop/RC19/_x/link/vivado/vpl/prj/prj.runs/ulp_hmss_0_0_synth_1/.Xil/Vivado-59071-advent/realtime/bd_85ad_slice1_0_0_stub.v:5]
WARNING: [Synth 8-7071] port 's_axi_awready' of module 'bd_85ad_slice1_0_0' is unconnected for instance 'slice1_0' [/home/advent/Desktop/RC19/_x/link/vivado/vpl/prj/prj.gen/my_rm/bd/ulp/ip/ulp_hmss_0_0/bd_0/synth/bd_85ad.v:3262]
WARNING: [Synth 8-7071] port 's_axi_wready' of module 'bd_85ad_slice1_0_0' is unconnected for instance 'slice1_0' [/home/advent/Desktop/RC19/_x/link/vivado/vpl/prj/prj.gen/my_rm/bd/ulp/ip/ulp_hmss_0_0/bd_0/synth/bd_85ad.v:3262]
WARNING: [Synth 8-7071] port 's_axi_bresp' of module 'bd_85ad_slice1_0_0' is unconnected for instance 'slice1_0' [/home/advent/Desktop/RC19/_x/link/vivado/vpl/prj/prj.gen/my_rm/bd/ulp/ip/ulp_hmss_0_0/bd_0/synth/bd_85ad.v:3262]
WARNING: [Synth 8-7071] port 's_axi_bvalid' of module 'bd_85ad_slice1_0_0' is unconnected for instance 'slice1_0' [/home/advent/Desktop/RC19/_x/link/vivado/vpl/prj/prj.gen/my_rm/bd/ulp/ip/ulp_hmss_0_0/bd_0/synth/bd_85ad.v:3262]
WARNING: [Synth 8-7071] port 'm_axi_awsize' of module 'bd_85ad_slice1_0_0' is unconnected for instance 'slice1_0' [/home/advent/Desktop/RC19/_x/link/vivado/vpl/prj/prj.gen/my_rm/bd/ulp/ip/ulp_hmss_0_0/bd_0/synth/bd_85ad.v:3262]
WARNING: [Synth 8-7071] port 'm_axi_arsize' of module 'bd_85ad_slice1_0_0' is unconnected for instance 'slice1_0' [/home/advent/Desktop/RC19/_x/link/vivado/vpl/prj/prj.gen/my_rm/bd/ulp/ip/ulp_hmss_0_0/bd_0/synth/bd_85ad.v:3262]
WARNING: [Synth 8-7023] instance 'slice1_0' of module 'bd_85ad_slice1_0_0' has 68 connections declared, but only 62 given [/home/advent/Desktop/RC19/_x/link/vivado/vpl/prj/prj.gen/my_rm/bd/ulp/ip/ulp_hmss_0_0/bd_0/synth/bd_85ad.v:3262]
INFO: [Synth 8-6155] done synthesizing module 'path_0_imp_1VLZ12L' (0#1) [/home/advent/Desktop/RC19/_x/link/vivado/vpl/prj/prj.gen/my_rm/bd/ulp/ip/ulp_hmss_0_0/bd_0/synth/bd_85ad.v:3000]
INFO: [Synth 8-6157] synthesizing module 'path_1_imp_HHIY0J' [/home/advent/Desktop/RC19/_x/link/vivado/vpl/prj/prj.gen/my_rm/bd/ulp/ip/ulp_hmss_0_0/bd_0/synth/bd_85ad.v:3794]
INFO: [Synth 8-6157] synthesizing module 'bd_85ad_interconnect2_1_0' [/home/advent/Desktop/RC19/_x/link/vivado/vpl/prj/prj.runs/ulp_hmss_0_0_synth_1/.Xil/Vivado-59071-advent/realtime/bd_85ad_interconnect2_1_0_stub.v:5]
INFO: [Synth 8-6155] done synthesizing module 'bd_85ad_interconnect2_1_0' (0#1) [/home/advent/Desktop/RC19/_x/link/vivado/vpl/prj/prj.runs/ulp_hmss_0_0_synth_1/.Xil/Vivado-59071-advent/realtime/bd_85ad_interconnect2_1_0_stub.v:5]
INFO: [Synth 8-6157] synthesizing module 'bd_85ad_slice2_1_0' [/home/advent/Desktop/RC19/_x/link/vivado/vpl/prj/prj.runs/ulp_hmss_0_0_synth_1/.Xil/Vivado-59071-advent/realtime/bd_85ad_slice2_1_0_stub.v:5]
INFO: [Synth 8-6155] done synthesizing module 'bd_85ad_slice2_1_0' (0#1) [/home/advent/Desktop/RC19/_x/link/vivado/vpl/prj/prj.runs/ulp_hmss_0_0_synth_1/.Xil/Vivado-59071-advent/realtime/bd_85ad_slice2_1_0_stub.v:5]
WARNING: [Synth 8-7071] port 's_axi_awready' of module 'bd_85ad_slice2_1_0' is unconnected for instance 'slice2_1' [/home/advent/Desktop/RC19/_x/link/vivado/vpl/prj/prj.gen/my_rm/bd/ulp/ip/ulp_hmss_0_0/bd_0/synth/bd_85ad.v:4056]
WARNING: [Synth 8-7071] port 's_axi_wready' of module 'bd_85ad_slice2_1_0' is unconnected for instance 'slice2_1' [/home/advent/Desktop/RC19/_x/link/vivado/vpl/prj/prj.gen/my_rm/bd/ulp/ip/ulp_hmss_0_0/bd_0/synth/bd_85ad.v:4056]
WARNING: [Synth 8-7071] port 's_axi_bresp' of module 'bd_85ad_slice2_1_0' is unconnected for instance 'slice2_1' [/home/advent/Desktop/RC19/_x/link/vivado/vpl/prj/prj.gen/my_rm/bd/ulp/ip/ulp_hmss_0_0/bd_0/synth/bd_85ad.v:4056]
WARNING: [Synth 8-7071] port 's_axi_bvalid' of module 'bd_85ad_slice2_1_0' is unconnected for instance 'slice2_1' [/home/advent/Desktop/RC19/_x/link/vivado/vpl/prj/prj.gen/my_rm/bd/ulp/ip/ulp_hmss_0_0/bd_0/synth/bd_85ad.v:4056]
WARNING: [Synth 8-7071] port 'm_axi_awsize' of module 'bd_85ad_slice2_1_0' is unconnected for instance 'slice2_1' [/home/advent/Desktop/RC19/_x/link/vivado/vpl/prj/prj.gen/my_rm/bd/ulp/ip/ulp_hmss_0_0/bd_0/synth/bd_85ad.v:4056]
WARNING: [Synth 8-7071] port 'm_axi_arsize' of module 'bd_85ad_slice2_1_0' is unconnected for instance 'slice2_1' [/home/advent/Desktop/RC19/_x/link/vivado/vpl/prj/prj.gen/my_rm/bd/ulp/ip/ulp_hmss_0_0/bd_0/synth/bd_85ad.v:4056]
WARNING: [Synth 8-7023] instance 'slice2_1' of module 'bd_85ad_slice2_1_0' has 68 connections declared, but only 62 given [/home/advent/Desktop/RC19/_x/link/vivado/vpl/prj/prj.gen/my_rm/bd/ulp/ip/ulp_hmss_0_0/bd_0/synth/bd_85ad.v:4056]
INFO: [Synth 8-6155] done synthesizing module 'path_1_imp_HHIY0J' (0#1) [/home/advent/Desktop/RC19/_x/link/vivado/vpl/prj/prj.gen/my_rm/bd/ulp/ip/ulp_hmss_0_0/bd_0/synth/bd_85ad.v:3794]
INFO: [Synth 8-6157] synthesizing module 'path_10_imp_8PCALP' [/home/advent/Desktop/RC19/_x/link/vivado/vpl/prj/prj.gen/my_rm/bd/ulp/ip/ulp_hmss_0_0/bd_0/synth/bd_85ad.v:3327]
INFO: [Synth 8-6157] synthesizing module 'bd_85ad_interconnect0_10_0' [/home/advent/Desktop/RC19/_x/link/vivado/vpl/prj/prj.runs/ulp_hmss_0_0_synth_1/.Xil/Vivado-59071-advent/realtime/bd_85ad_interconnect0_10_0_stub.v:5]
INFO: [Synth 8-6155] done synthesizing module 'bd_85ad_interconnect0_10_0' (0#1) [/home/advent/Desktop/RC19/_x/link/vivado/vpl/prj/prj.runs/ulp_hmss_0_0_synth_1/.Xil/Vivado-59071-advent/realtime/bd_85ad_interconnect0_10_0_stub.v:5]
INFO: [Synth 8-6157] synthesizing module 'bd_85ad_slice0_10_0' [/home/advent/Desktop/RC19/_x/link/vivado/vpl/prj/prj.runs/ulp_hmss_0_0_synth_1/.Xil/Vivado-59071-advent/realtime/bd_85ad_slice0_10_0_stub.v:5]
INFO: [Synth 8-6155] done synthesizing module 'bd_85ad_slice0_10_0' (0#1) [/home/advent/Desktop/RC19/_x/link/vivado/vpl/prj/prj.runs/ulp_hmss_0_0_synth_1/.Xil/Vivado-59071-advent/realtime/bd_85ad_slice0_10_0_stub.v:5]
WARNING: [Synth 8-7071] port 'm_axi_awsize' of module 'bd_85ad_slice0_10_0' is unconnected for instance 'slice0_10' [/home/advent/Desktop/RC19/_x/link/vivado/vpl/prj/prj.gen/my_rm/bd/ulp/ip/ulp_hmss_0_0/bd_0/synth/bd_85ad.v:3725]
WARNING: [Synth 8-7071] port 'm_axi_arsize' of module 'bd_85ad_slice0_10_0' is unconnected for instance 'slice0_10' [/home/advent/Desktop/RC19/_x/link/vivado/vpl/prj/prj.gen/my_rm/bd/ulp/ip/ulp_hmss_0_0/bd_0/synth/bd_85ad.v:3725]
WARNING: [Synth 8-7023] instance 'slice0_10' of module 'bd_85ad_slice0_10_0' has 68 connections declared, but only 66 given [/home/advent/Desktop/RC19/_x/link/vivado/vpl/prj/prj.gen/my_rm/bd/ulp/ip/ulp_hmss_0_0/bd_0/synth/bd_85ad.v:3725]
INFO: [Synth 8-6155] done synthesizing module 'path_10_imp_8PCALP' (0#1) [/home/advent/Desktop/RC19/_x/link/vivado/vpl/prj/prj.gen/my_rm/bd/ulp/ip/ulp_hmss_0_0/bd_0/synth/bd_85ad.v:3327]
INFO: [Synth 8-6157] synthesizing module 'path_2_imp_1D9COY8' [/home/advent/Desktop/RC19/_x/link/vivado/vpl/prj/prj.gen/my_rm/bd/ulp/ip/ulp_hmss_0_0/bd_0/synth/bd_85ad.v:4121]
INFO: [Synth 8-6157] synthesizing module 'bd_85ad_interconnect3_2_0' [/home/advent/Desktop/RC19/_x/link/vivado/vpl/prj/prj.runs/ulp_hmss_0_0_synth_1/.Xil/Vivado-59071-advent/realtime/bd_85ad_interconnect3_2_0_stub.v:5]
INFO: [Synth 8-6155] done synthesizing module 'bd_85ad_interconnect3_2_0' (0#1) [/home/advent/Desktop/RC19/_x/link/vivado/vpl/prj/prj.runs/ulp_hmss_0_0_synth_1/.Xil/Vivado-59071-advent/realtime/bd_85ad_interconnect3_2_0_stub.v:5]
INFO: [Synth 8-6157] synthesizing module 'bd_85ad_slice3_2_0' [/home/advent/Desktop/RC19/_x/link/vivado/vpl/prj/prj.runs/ulp_hmss_0_0_synth_1/.Xil/Vivado-59071-advent/realtime/bd_85ad_slice3_2_0_stub.v:5]
INFO: [Synth 8-6155] done synthesizing module 'bd_85ad_slice3_2_0' (0#1) [/home/advent/Desktop/RC19/_x/link/vivado/vpl/prj/prj.runs/ulp_hmss_0_0_synth_1/.Xil/Vivado-59071-advent/realtime/bd_85ad_slice3_2_0_stub.v:5]
WARNING: [Synth 8-7071] port 's_axi_arready' of module 'bd_85ad_slice3_2_0' is unconnected for instance 'slice3_2' [/home/advent/Desktop/RC19/_x/link/vivado/vpl/prj/prj.gen/my_rm/bd/ulp/ip/ulp_hmss_0_0/bd_0/synth/bd_85ad.v:4404]
WARNING: [Synth 8-7071] port 's_axi_rdata' of module 'bd_85ad_slice3_2_0' is unconnected for instance 'slice3_2' [/home/advent/Desktop/RC19/_x/link/vivado/vpl/prj/prj.gen/my_rm/bd/ulp/ip/ulp_hmss_0_0/bd_0/synth/bd_85ad.v:4404]
WARNING: [Synth 8-7071] port 's_axi_rresp' of module 'bd_85ad_slice3_2_0' is unconnected for instance 'slice3_2' [/home/advent/Desktop/RC19/_x/link/vivado/vpl/prj/prj.gen/my_rm/bd/ulp/ip/ulp_hmss_0_0/bd_0/synth/bd_85ad.v:4404]
WARNING: [Synth 8-7071] port 's_axi_rlast' of module 'bd_85ad_slice3_2_0' is unconnected for instance 'slice3_2' [/home/advent/Desktop/RC19/_x/link/vivado/vpl/prj/prj.gen/my_rm/bd/ulp/ip/ulp_hmss_0_0/bd_0/synth/bd_85ad.v:4404]
WARNING: [Synth 8-7071] port 's_axi_rvalid' of module 'bd_85ad_slice3_2_0' is unconnected for instance 'slice3_2' [/home/advent/Desktop/RC19/_x/link/vivado/vpl/prj/prj.gen/my_rm/bd/ulp/ip/ulp_hmss_0_0/bd_0/synth/bd_85ad.v:4404]
WARNING: [Synth 8-7071] port 'm_axi_awsize' of module 'bd_85ad_slice3_2_0' is unconnected for instance 'slice3_2' [/home/advent/Desktop/RC19/_x/link/vivado/vpl/prj/prj.gen/my_rm/bd/ulp/ip/ulp_hmss_0_0/bd_0/synth/bd_85ad.v:4404]
WARNING: [Synth 8-7071] port 'm_axi_arsize' of module 'bd_85ad_slice3_2_0' is unconnected for instance 'slice3_2' [/home/advent/Desktop/RC19/_x/link/vivado/vpl/prj/prj.gen/my_rm/bd/ulp/ip/ulp_hmss_0_0/bd_0/synth/bd_85ad.v:4404]
WARNING: [Synth 8-7023] instance 'slice3_2' of module 'bd_85ad_slice3_2_0' has 68 connections declared, but only 61 given [/home/advent/Desktop/RC19/_x/link/vivado/vpl/prj/prj.gen/my_rm/bd/ulp/ip/ulp_hmss_0_0/bd_0/synth/bd_85ad.v:4404]
INFO: [Synth 8-6155] done synthesizing module 'path_2_imp_1D9COY8' (0#1) [/home/advent/Desktop/RC19/_x/link/vivado/vpl/prj/prj.gen/my_rm/bd/ulp/ip/ulp_hmss_0_0/bd_0/synth/bd_85ad.v:4121]
INFO: [Synth 8-6157] synthesizing module 'path_3_imp_YPYJ7Y' [/home/advent/Desktop/RC19/_x/link/vivado/vpl/prj/prj.gen/my_rm/bd/ulp/ip/ulp_hmss_0_0/bd_0/synth/bd_85ad.v:4468]
INFO: [Synth 8-6157] synthesizing module 'bd_85ad_interconnect4_3_0' [/home/advent/Desktop/RC19/_x/link/vivado/vpl/prj/prj.runs/ulp_hmss_0_0_synth_1/.Xil/Vivado-59071-advent/realtime/bd_85ad_interconnect4_3_0_stub.v:5]
INFO: [Synth 8-6155] done synthesizing module 'bd_85ad_interconnect4_3_0' (0#1) [/home/advent/Desktop/RC19/_x/link/vivado/vpl/prj/prj.runs/ulp_hmss_0_0_synth_1/.Xil/Vivado-59071-advent/realtime/bd_85ad_interconnect4_3_0_stub.v:5]
INFO: [Synth 8-6157] synthesizing module 'bd_85ad_slice4_3_0' [/home/advent/Desktop/RC19/_x/link/vivado/vpl/prj/prj.runs/ulp_hmss_0_0_synth_1/.Xil/Vivado-59071-advent/realtime/bd_85ad_slice4_3_0_stub.v:5]
INFO: [Synth 8-6155] done synthesizing module 'bd_85ad_slice4_3_0' (0#1) [/home/advent/Desktop/RC19/_x/link/vivado/vpl/prj/prj.runs/ulp_hmss_0_0_synth_1/.Xil/Vivado-59071-advent/realtime/bd_85ad_slice4_3_0_stub.v:5]
WARNING: [Synth 8-7071] port 's_axi_awready' of module 'bd_85ad_slice4_3_0' is unconnected for instance 'slice4_3' [/home/advent/Desktop/RC19/_x/link/vivado/vpl/prj/prj.gen/my_rm/bd/ulp/ip/ulp_hmss_0_0/bd_0/synth/bd_85ad.v:4730]
WARNING: [Synth 8-7071] port 's_axi_wready' of module 'bd_85ad_slice4_3_0' is unconnected for instance 'slice4_3' [/home/advent/Desktop/RC19/_x/link/vivado/vpl/prj/prj.gen/my_rm/bd/ulp/ip/ulp_hmss_0_0/bd_0/synth/bd_85ad.v:4730]
WARNING: [Synth 8-7071] port 's_axi_bresp' of module 'bd_85ad_slice4_3_0' is unconnected for instance 'slice4_3' [/home/advent/Desktop/RC19/_x/link/vivado/vpl/prj/prj.gen/my_rm/bd/ulp/ip/ulp_hmss_0_0/bd_0/synth/bd_85ad.v:4730]
WARNING: [Synth 8-7071] port 's_axi_bvalid' of module 'bd_85ad_slice4_3_0' is unconnected for instance 'slice4_3' [/home/advent/Desktop/RC19/_x/link/vivado/vpl/prj/prj.gen/my_rm/bd/ulp/ip/ulp_hmss_0_0/bd_0/synth/bd_85ad.v:4730]
WARNING: [Synth 8-7071] port 'm_axi_awsize' of module 'bd_85ad_slice4_3_0' is unconnected for instance 'slice4_3' [/home/advent/Desktop/RC19/_x/link/vivado/vpl/prj/prj.gen/my_rm/bd/ulp/ip/ulp_hmss_0_0/bd_0/synth/bd_85ad.v:4730]
WARNING: [Synth 8-7071] port 'm_axi_arsize' of module 'bd_85ad_slice4_3_0' is unconnected for instance 'slice4_3' [/home/advent/Desktop/RC19/_x/link/vivado/vpl/prj/prj.gen/my_rm/bd/ulp/ip/ulp_hmss_0_0/bd_0/synth/bd_85ad.v:4730]
WARNING: [Synth 8-7023] instance 'slice4_3' of module 'bd_85ad_slice4_3_0' has 68 connections declared, but only 62 given [/home/advent/Desktop/RC19/_x/link/vivado/vpl/prj/prj.gen/my_rm/bd/ulp/ip/ulp_hmss_0_0/bd_0/synth/bd_85ad.v:4730]
INFO: [Synth 8-6155] done synthesizing module 'path_3_imp_YPYJ7Y' (0#1) [/home/advent/Desktop/RC19/_x/link/vivado/vpl/prj/prj.gen/my_rm/bd/ulp/ip/ulp_hmss_0_0/bd_0/synth/bd_85ad.v:4468]
INFO: [Synth 8-6157] synthesizing module 'path_4_imp_X9MXG7' [/home/advent/Desktop/RC19/_x/link/vivado/vpl/prj/prj.gen/my_rm/bd/ulp/ip/ulp_hmss_0_0/bd_0/synth/bd_85ad.v:4795]
INFO: [Synth 8-6157] synthesizing module 'bd_85ad_interconnect5_4_0' [/home/advent/Desktop/RC19/_x/link/vivado/vpl/prj/prj.runs/ulp_hmss_0_0_synth_1/.Xil/Vivado-59071-advent/realtime/bd_85ad_interconnect5_4_0_stub.v:5]
INFO: [Synth 8-6155] done synthesizing module 'bd_85ad_interconnect5_4_0' (0#1) [/home/advent/Desktop/RC19/_x/link/vivado/vpl/prj/prj.runs/ulp_hmss_0_0_synth_1/.Xil/Vivado-59071-advent/realtime/bd_85ad_interconnect5_4_0_stub.v:5]
INFO: [Synth 8-6157] synthesizing module 'bd_85ad_slice5_4_0' [/home/advent/Desktop/RC19/_x/link/vivado/vpl/prj/prj.runs/ulp_hmss_0_0_synth_1/.Xil/Vivado-59071-advent/realtime/bd_85ad_slice5_4_0_stub.v:5]
INFO: [Synth 8-6155] done synthesizing module 'bd_85ad_slice5_4_0' (0#1) [/home/advent/Desktop/RC19/_x/link/vivado/vpl/prj/prj.runs/ulp_hmss_0_0_synth_1/.Xil/Vivado-59071-advent/realtime/bd_85ad_slice5_4_0_stub.v:5]
WARNING: [Synth 8-7071] port 's_axi_arready' of module 'bd_85ad_slice5_4_0' is unconnected for instance 'slice5_4' [/home/advent/Desktop/RC19/_x/link/vivado/vpl/prj/prj.gen/my_rm/bd/ulp/ip/ulp_hmss_0_0/bd_0/synth/bd_85ad.v:5078]
WARNING: [Synth 8-7071] port 's_axi_rdata' of module 'bd_85ad_slice5_4_0' is unconnected for instance 'slice5_4' [/home/advent/Desktop/RC19/_x/link/vivado/vpl/prj/prj.gen/my_rm/bd/ulp/ip/ulp_hmss_0_0/bd_0/synth/bd_85ad.v:5078]
WARNING: [Synth 8-7071] port 's_axi_rresp' of module 'bd_85ad_slice5_4_0' is unconnected for instance 'slice5_4' [/home/advent/Desktop/RC19/_x/link/vivado/vpl/prj/prj.gen/my_rm/bd/ulp/ip/ulp_hmss_0_0/bd_0/synth/bd_85ad.v:5078]
WARNING: [Synth 8-7071] port 's_axi_rlast' of module 'bd_85ad_slice5_4_0' is unconnected for instance 'slice5_4' [/home/advent/Desktop/RC19/_x/link/vivado/vpl/prj/prj.gen/my_rm/bd/ulp/ip/ulp_hmss_0_0/bd_0/synth/bd_85ad.v:5078]
WARNING: [Synth 8-7071] port 's_axi_rvalid' of module 'bd_85ad_slice5_4_0' is unconnected for instance 'slice5_4' [/home/advent/Desktop/RC19/_x/link/vivado/vpl/prj/prj.gen/my_rm/bd/ulp/ip/ulp_hmss_0_0/bd_0/synth/bd_85ad.v:5078]
WARNING: [Synth 8-7071] port 'm_axi_awsize' of module 'bd_85ad_slice5_4_0' is unconnected for instance 'slice5_4' [/home/advent/Desktop/RC19/_x/link/vivado/vpl/prj/prj.gen/my_rm/bd/ulp/ip/ulp_hmss_0_0/bd_0/synth/bd_85ad.v:5078]
WARNING: [Synth 8-7071] port 'm_axi_arsize' of module 'bd_85ad_slice5_4_0' is unconnected for instance 'slice5_4' [/home/advent/Desktop/RC19/_x/link/vivado/vpl/prj/prj.gen/my_rm/bd/ulp/ip/ulp_hmss_0_0/bd_0/synth/bd_85ad.v:5078]
WARNING: [Synth 8-7023] instance 'slice5_4' of module 'bd_85ad_slice5_4_0' has 68 connections declared, but only 61 given [/home/advent/Desktop/RC19/_x/link/vivado/vpl/prj/prj.gen/my_rm/bd/ulp/ip/ulp_hmss_0_0/bd_0/synth/bd_85ad.v:5078]
INFO: [Synth 8-6155] done synthesizing module 'path_4_imp_X9MXG7' (0#1) [/home/advent/Desktop/RC19/_x/link/vivado/vpl/prj/prj.gen/my_rm/bd/ulp/ip/ulp_hmss_0_0/bd_0/synth/bd_85ad.v:4795]
INFO: [Synth 8-6157] synthesizing module 'path_5_imp_1FYUZWP' [/home/advent/Desktop/RC19/_x/link/vivado/vpl/prj/prj.gen/my_rm/bd/ulp/ip/ulp_hmss_0_0/bd_0/synth/bd_85ad.v:5142]
INFO: [Synth 8-6157] synthesizing module 'bd_85ad_interconnect7_5_0' [/home/advent/Desktop/RC19/_x/link/vivado/vpl/prj/prj.runs/ulp_hmss_0_0_synth_1/.Xil/Vivado-59071-advent/realtime/bd_85ad_interconnect7_5_0_stub.v:5]
INFO: [Synth 8-6155] done synthesizing module 'bd_85ad_interconnect7_5_0' (0#1) [/home/advent/Desktop/RC19/_x/link/vivado/vpl/prj/prj.runs/ulp_hmss_0_0_synth_1/.Xil/Vivado-59071-advent/realtime/bd_85ad_interconnect7_5_0_stub.v:5]
INFO: [Synth 8-6157] synthesizing module 'bd_85ad_slice7_5_0' [/home/advent/Desktop/RC19/_x/link/vivado/vpl/prj/prj.runs/ulp_hmss_0_0_synth_1/.Xil/Vivado-59071-advent/realtime/bd_85ad_slice7_5_0_stub.v:5]
INFO: [Synth 8-6155] done synthesizing module 'bd_85ad_slice7_5_0' (0#1) [/home/advent/Desktop/RC19/_x/link/vivado/vpl/prj/prj.runs/ulp_hmss_0_0_synth_1/.Xil/Vivado-59071-advent/realtime/bd_85ad_slice7_5_0_stub.v:5]
WARNING: [Synth 8-7071] port 's_axi_arready' of module 'bd_85ad_slice7_5_0' is unconnected for instance 'slice7_5' [/home/advent/Desktop/RC19/_x/link/vivado/vpl/prj/prj.gen/my_rm/bd/ulp/ip/ulp_hmss_0_0/bd_0/synth/bd_85ad.v:5425]
WARNING: [Synth 8-7071] port 's_axi_rdata' of module 'bd_85ad_slice7_5_0' is unconnected for instance 'slice7_5' [/home/advent/Desktop/RC19/_x/link/vivado/vpl/prj/prj.gen/my_rm/bd/ulp/ip/ulp_hmss_0_0/bd_0/synth/bd_85ad.v:5425]
WARNING: [Synth 8-7071] port 's_axi_rresp' of module 'bd_85ad_slice7_5_0' is unconnected for instance 'slice7_5' [/home/advent/Desktop/RC19/_x/link/vivado/vpl/prj/prj.gen/my_rm/bd/ulp/ip/ulp_hmss_0_0/bd_0/synth/bd_85ad.v:5425]
WARNING: [Synth 8-7071] port 's_axi_rlast' of module 'bd_85ad_slice7_5_0' is unconnected for instance 'slice7_5' [/home/advent/Desktop/RC19/_x/link/vivado/vpl/prj/prj.gen/my_rm/bd/ulp/ip/ulp_hmss_0_0/bd_0/synth/bd_85ad.v:5425]
WARNING: [Synth 8-7071] port 's_axi_rvalid' of module 'bd_85ad_slice7_5_0' is unconnected for instance 'slice7_5' [/home/advent/Desktop/RC19/_x/link/vivado/vpl/prj/prj.gen/my_rm/bd/ulp/ip/ulp_hmss_0_0/bd_0/synth/bd_85ad.v:5425]
WARNING: [Synth 8-7071] port 'm_axi_awsize' of module 'bd_85ad_slice7_5_0' is unconnected for instance 'slice7_5' [/home/advent/Desktop/RC19/_x/link/vivado/vpl/prj/prj.gen/my_rm/bd/ulp/ip/ulp_hmss_0_0/bd_0/synth/bd_85ad.v:5425]
WARNING: [Synth 8-7071] port 'm_axi_arsize' of module 'bd_85ad_slice7_5_0' is unconnected for instance 'slice7_5' [/home/advent/Desktop/RC19/_x/link/vivado/vpl/prj/prj.gen/my_rm/bd/ulp/ip/ulp_hmss_0_0/bd_0/synth/bd_85ad.v:5425]
WARNING: [Synth 8-7023] instance 'slice7_5' of module 'bd_85ad_slice7_5_0' has 68 connections declared, but only 61 given [/home/advent/Desktop/RC19/_x/link/vivado/vpl/prj/prj.gen/my_rm/bd/ulp/ip/ulp_hmss_0_0/bd_0/synth/bd_85ad.v:5425]
INFO: [Synth 8-6155] done synthesizing module 'path_5_imp_1FYUZWP' (0#1) [/home/advent/Desktop/RC19/_x/link/vivado/vpl/prj/prj.gen/my_rm/bd/ulp/ip/ulp_hmss_0_0/bd_0/synth/bd_85ad.v:5142]
INFO: [Synth 8-6157] synthesizing module 'path_6_imp_EX0IWA' [/home/advent/Desktop/RC19/_x/link/vivado/vpl/prj/prj.gen/my_rm/bd/ulp/ip/ulp_hmss_0_0/bd_0/synth/bd_85ad.v:5489]
INFO: [Synth 8-6157] synthesizing module 'bd_85ad_interconnect6_6_0' [/home/advent/Desktop/RC19/_x/link/vivado/vpl/prj/prj.runs/ulp_hmss_0_0_synth_1/.Xil/Vivado-59071-advent/realtime/bd_85ad_interconnect6_6_0_stub.v:5]
INFO: [Synth 8-6155] done synthesizing module 'bd_85ad_interconnect6_6_0' (0#1) [/home/advent/Desktop/RC19/_x/link/vivado/vpl/prj/prj.runs/ulp_hmss_0_0_synth_1/.Xil/Vivado-59071-advent/realtime/bd_85ad_interconnect6_6_0_stub.v:5]
INFO: [Synth 8-6157] synthesizing module 'bd_85ad_slice6_6_0' [/home/advent/Desktop/RC19/_x/link/vivado/vpl/prj/prj.runs/ulp_hmss_0_0_synth_1/.Xil/Vivado-59071-advent/realtime/bd_85ad_slice6_6_0_stub.v:5]
INFO: [Synth 8-6155] done synthesizing module 'bd_85ad_slice6_6_0' (0#1) [/home/advent/Desktop/RC19/_x/link/vivado/vpl/prj/prj.runs/ulp_hmss_0_0_synth_1/.Xil/Vivado-59071-advent/realtime/bd_85ad_slice6_6_0_stub.v:5]
WARNING: [Synth 8-7071] port 's_axi_awready' of module 'bd_85ad_slice6_6_0' is unconnected for instance 'slice6_6' [/home/advent/Desktop/RC19/_x/link/vivado/vpl/prj/prj.gen/my_rm/bd/ulp/ip/ulp_hmss_0_0/bd_0/synth/bd_85ad.v:5751]
WARNING: [Synth 8-7071] port 's_axi_wready' of module 'bd_85ad_slice6_6_0' is unconnected for instance 'slice6_6' [/home/advent/Desktop/RC19/_x/link/vivado/vpl/prj/prj.gen/my_rm/bd/ulp/ip/ulp_hmss_0_0/bd_0/synth/bd_85ad.v:5751]
WARNING: [Synth 8-7071] port 's_axi_bresp' of module 'bd_85ad_slice6_6_0' is unconnected for instance 'slice6_6' [/home/advent/Desktop/RC19/_x/link/vivado/vpl/prj/prj.gen/my_rm/bd/ulp/ip/ulp_hmss_0_0/bd_0/synth/bd_85ad.v:5751]
WARNING: [Synth 8-7071] port 's_axi_bvalid' of module 'bd_85ad_slice6_6_0' is unconnected for instance 'slice6_6' [/home/advent/Desktop/RC19/_x/link/vivado/vpl/prj/prj.gen/my_rm/bd/ulp/ip/ulp_hmss_0_0/bd_0/synth/bd_85ad.v:5751]
WARNING: [Synth 8-7071] port 'm_axi_awsize' of module 'bd_85ad_slice6_6_0' is unconnected for instance 'slice6_6' [/home/advent/Desktop/RC19/_x/link/vivado/vpl/prj/prj.gen/my_rm/bd/ulp/ip/ulp_hmss_0_0/bd_0/synth/bd_85ad.v:5751]
WARNING: [Synth 8-7071] port 'm_axi_arsize' of module 'bd_85ad_slice6_6_0' is unconnected for instance 'slice6_6' [/home/advent/Desktop/RC19/_x/link/vivado/vpl/prj/prj.gen/my_rm/bd/ulp/ip/ulp_hmss_0_0/bd_0/synth/bd_85ad.v:5751]
WARNING: [Synth 8-7023] instance 'slice6_6' of module 'bd_85ad_slice6_6_0' has 68 connections declared, but only 62 given [/home/advent/Desktop/RC19/_x/link/vivado/vpl/prj/prj.gen/my_rm/bd/ulp/ip/ulp_hmss_0_0/bd_0/synth/bd_85ad.v:5751]
INFO: [Synth 8-6155] done synthesizing module 'path_6_imp_EX0IWA' (0#1) [/home/advent/Desktop/RC19/_x/link/vivado/vpl/prj/prj.gen/my_rm/bd/ulp/ip/ulp_hmss_0_0/bd_0/synth/bd_85ad.v:5489]
INFO: [Synth 8-6157] synthesizing module 'path_7_imp_1X7AIPG' [/home/advent/Desktop/RC19/_x/link/vivado/vpl/prj/prj.gen/my_rm/bd/ulp/ip/ulp_hmss_0_0/bd_0/synth/bd_85ad.v:5816]
INFO: [Synth 8-6157] synthesizing module 'bd_85ad_interconnect8_7_0' [/home/advent/Desktop/RC19/_x/link/vivado/vpl/prj/prj.runs/ulp_hmss_0_0_synth_1/.Xil/Vivado-59071-advent/realtime/bd_85ad_interconnect8_7_0_stub.v:5]
INFO: [Synth 8-6155] done synthesizing module 'bd_85ad_interconnect8_7_0' (0#1) [/home/advent/Desktop/RC19/_x/link/vivado/vpl/prj/prj.runs/ulp_hmss_0_0_synth_1/.Xil/Vivado-59071-advent/realtime/bd_85ad_interconnect8_7_0_stub.v:5]
INFO: [Synth 8-6157] synthesizing module 'bd_85ad_slice8_7_0' [/home/advent/Desktop/RC19/_x/link/vivado/vpl/prj/prj.runs/ulp_hmss_0_0_synth_1/.Xil/Vivado-59071-advent/realtime/bd_85ad_slice8_7_0_stub.v:5]
INFO: [Synth 8-6155] done synthesizing module 'bd_85ad_slice8_7_0' (0#1) [/home/advent/Desktop/RC19/_x/link/vivado/vpl/prj/prj.runs/ulp_hmss_0_0_synth_1/.Xil/Vivado-59071-advent/realtime/bd_85ad_slice8_7_0_stub.v:5]
WARNING: [Synth 8-7071] port 's_axi_awready' of module 'bd_85ad_slice8_7_0' is unconnected for instance 'slice8_7' [/home/advent/Desktop/RC19/_x/link/vivado/vpl/prj/prj.gen/my_rm/bd/ulp/ip/ulp_hmss_0_0/bd_0/synth/bd_85ad.v:6078]
WARNING: [Synth 8-7071] port 's_axi_wready' of module 'bd_85ad_slice8_7_0' is unconnected for instance 'slice8_7' [/home/advent/Desktop/RC19/_x/link/vivado/vpl/prj/prj.gen/my_rm/bd/ulp/ip/ulp_hmss_0_0/bd_0/synth/bd_85ad.v:6078]
WARNING: [Synth 8-7071] port 's_axi_bresp' of module 'bd_85ad_slice8_7_0' is unconnected for instance 'slice8_7' [/home/advent/Desktop/RC19/_x/link/vivado/vpl/prj/prj.gen/my_rm/bd/ulp/ip/ulp_hmss_0_0/bd_0/synth/bd_85ad.v:6078]
WARNING: [Synth 8-7071] port 's_axi_bvalid' of module 'bd_85ad_slice8_7_0' is unconnected for instance 'slice8_7' [/home/advent/Desktop/RC19/_x/link/vivado/vpl/prj/prj.gen/my_rm/bd/ulp/ip/ulp_hmss_0_0/bd_0/synth/bd_85ad.v:6078]
WARNING: [Synth 8-7071] port 'm_axi_awsize' of module 'bd_85ad_slice8_7_0' is unconnected for instance 'slice8_7' [/home/advent/Desktop/RC19/_x/link/vivado/vpl/prj/prj.gen/my_rm/bd/ulp/ip/ulp_hmss_0_0/bd_0/synth/bd_85ad.v:6078]
WARNING: [Synth 8-7071] port 'm_axi_arsize' of module 'bd_85ad_slice8_7_0' is unconnected for instance 'slice8_7' [/home/advent/Desktop/RC19/_x/link/vivado/vpl/prj/prj.gen/my_rm/bd/ulp/ip/ulp_hmss_0_0/bd_0/synth/bd_85ad.v:6078]
WARNING: [Synth 8-7023] instance 'slice8_7' of module 'bd_85ad_slice8_7_0' has 68 connections declared, but only 62 given [/home/advent/Desktop/RC19/_x/link/vivado/vpl/prj/prj.gen/my_rm/bd/ulp/ip/ulp_hmss_0_0/bd_0/synth/bd_85ad.v:6078]
INFO: [Synth 8-6155] done synthesizing module 'path_7_imp_1X7AIPG' (0#1) [/home/advent/Desktop/RC19/_x/link/vivado/vpl/prj/prj.gen/my_rm/bd/ulp/ip/ulp_hmss_0_0/bd_0/synth/bd_85ad.v:5816]
INFO: [Synth 8-6157] synthesizing module 'path_8_imp_8YHLSO' [/home/advent/Desktop/RC19/_x/link/vivado/vpl/prj/prj.gen/my_rm/bd/ulp/ip/ulp_hmss_0_0/bd_0/synth/bd_85ad.v:6143]
INFO: [Synth 8-6157] synthesizing module 'bd_85ad_interconnect9_8_0' [/home/advent/Desktop/RC19/_x/link/vivado/vpl/prj/prj.runs/ulp_hmss_0_0_synth_1/.Xil/Vivado-59071-advent/realtime/bd_85ad_interconnect9_8_0_stub.v:5]
INFO: [Synth 8-6155] done synthesizing module 'bd_85ad_interconnect9_8_0' (0#1) [/home/advent/Desktop/RC19/_x/link/vivado/vpl/prj/prj.runs/ulp_hmss_0_0_synth_1/.Xil/Vivado-59071-advent/realtime/bd_85ad_interconnect9_8_0_stub.v:5]
INFO: [Synth 8-6157] synthesizing module 'bd_85ad_slice9_8_0' [/home/advent/Desktop/RC19/_x/link/vivado/vpl/prj/prj.runs/ulp_hmss_0_0_synth_1/.Xil/Vivado-59071-advent/realtime/bd_85ad_slice9_8_0_stub.v:5]
INFO: [Synth 8-6155] done synthesizing module 'bd_85ad_slice9_8_0' (0#1) [/home/advent/Desktop/RC19/_x/link/vivado/vpl/prj/prj.runs/ulp_hmss_0_0_synth_1/.Xil/Vivado-59071-advent/realtime/bd_85ad_slice9_8_0_stub.v:5]
WARNING: [Synth 8-7071] port 's_axi_arready' of module 'bd_85ad_slice9_8_0' is unconnected for instance 'slice9_8' [/home/advent/Desktop/RC19/_x/link/vivado/vpl/prj/prj.gen/my_rm/bd/ulp/ip/ulp_hmss_0_0/bd_0/synth/bd_85ad.v:6426]
WARNING: [Synth 8-7071] port 's_axi_rdata' of module 'bd_85ad_slice9_8_0' is unconnected for instance 'slice9_8' [/home/advent/Desktop/RC19/_x/link/vivado/vpl/prj/prj.gen/my_rm/bd/ulp/ip/ulp_hmss_0_0/bd_0/synth/bd_85ad.v:6426]
WARNING: [Synth 8-7071] port 's_axi_rresp' of module 'bd_85ad_slice9_8_0' is unconnected for instance 'slice9_8' [/home/advent/Desktop/RC19/_x/link/vivado/vpl/prj/prj.gen/my_rm/bd/ulp/ip/ulp_hmss_0_0/bd_0/synth/bd_85ad.v:6426]
WARNING: [Synth 8-7071] port 's_axi_rlast' of module 'bd_85ad_slice9_8_0' is unconnected for instance 'slice9_8' [/home/advent/Desktop/RC19/_x/link/vivado/vpl/prj/prj.gen/my_rm/bd/ulp/ip/ulp_hmss_0_0/bd_0/synth/bd_85ad.v:6426]
WARNING: [Synth 8-7071] port 's_axi_rvalid' of module 'bd_85ad_slice9_8_0' is unconnected for instance 'slice9_8' [/home/advent/Desktop/RC19/_x/link/vivado/vpl/prj/prj.gen/my_rm/bd/ulp/ip/ulp_hmss_0_0/bd_0/synth/bd_85ad.v:6426]
WARNING: [Synth 8-7071] port 'm_axi_awsize' of module 'bd_85ad_slice9_8_0' is unconnected for instance 'slice9_8' [/home/advent/Desktop/RC19/_x/link/vivado/vpl/prj/prj.gen/my_rm/bd/ulp/ip/ulp_hmss_0_0/bd_0/synth/bd_85ad.v:6426]
WARNING: [Synth 8-7071] port 'm_axi_arsize' of module 'bd_85ad_slice9_8_0' is unconnected for instance 'slice9_8' [/home/advent/Desktop/RC19/_x/link/vivado/vpl/prj/prj.gen/my_rm/bd/ulp/ip/ulp_hmss_0_0/bd_0/synth/bd_85ad.v:6426]
WARNING: [Synth 8-7023] instance 'slice9_8' of module 'bd_85ad_slice9_8_0' has 68 connections declared, but only 61 given [/home/advent/Desktop/RC19/_x/link/vivado/vpl/prj/prj.gen/my_rm/bd/ulp/ip/ulp_hmss_0_0/bd_0/synth/bd_85ad.v:6426]
INFO: [Synth 8-6155] done synthesizing module 'path_8_imp_8YHLSO' (0#1) [/home/advent/Desktop/RC19/_x/link/vivado/vpl/prj/prj.gen/my_rm/bd/ulp/ip/ulp_hmss_0_0/bd_0/synth/bd_85ad.v:6143]
INFO: [Synth 8-6157] synthesizing module 'bd_85ad_vip_S00_0' [/home/advent/Desktop/RC19/_x/link/vivado/vpl/prj/prj.runs/ulp_hmss_0_0_synth_1/.Xil/Vivado-59071-advent/realtime/bd_85ad_vip_S00_0_stub.v:5]
INFO: [Synth 8-6155] done synthesizing module 'bd_85ad_vip_S00_0' (0#1) [/home/advent/Desktop/RC19/_x/link/vivado/vpl/prj/prj.runs/ulp_hmss_0_0_synth_1/.Xil/Vivado-59071-advent/realtime/bd_85ad_vip_S00_0_stub.v:5]
WARNING: [Synth 8-7071] port 'm_axi_awlock' of module 'bd_85ad_vip_S00_0' is unconnected for instance 'vip_S00' [/home/advent/Desktop/RC19/_x/link/vivado/vpl/prj/prj.gen/my_rm/bd/ulp/ip/ulp_hmss_0_0/bd_0/synth/bd_85ad.v:2408]
WARNING: [Synth 8-7071] port 'm_axi_awcache' of module 'bd_85ad_vip_S00_0' is unconnected for instance 'vip_S00' [/home/advent/Desktop/RC19/_x/link/vivado/vpl/prj/prj.gen/my_rm/bd/ulp/ip/ulp_hmss_0_0/bd_0/synth/bd_85ad.v:2408]
INFO: [Common 17-14] Message 'Synth 8-7071' appears 100 times and further instances of the messages will be disabled. Use the Tcl command set_msg_config to change the current settings.
WARNING: [Synth 8-7023] instance 'vip_S00' of module 'bd_85ad_vip_S00_0' has 64 connections declared, but only 56 given [/home/advent/Desktop/RC19/_x/link/vivado/vpl/prj/prj.gen/my_rm/bd/ulp/ip/ulp_hmss_0_0/bd_0/synth/bd_85ad.v:2408]
INFO: [Synth 8-6157] synthesizing module 'bd_85ad_vip_S01_0' [/home/advent/Desktop/RC19/_x/link/vivado/vpl/prj/prj.runs/ulp_hmss_0_0_synth_1/.Xil/Vivado-59071-advent/realtime/bd_85ad_vip_S01_0_stub.v:5]
INFO: [Synth 8-6155] done synthesizing module 'bd_85ad_vip_S01_0' (0#1) [/home/advent/Desktop/RC19/_x/link/vivado/vpl/prj/prj.runs/ulp_hmss_0_0_synth_1/.Xil/Vivado-59071-advent/realtime/bd_85ad_vip_S01_0_stub.v:5]
WARNING: [Synth 8-7023] instance 'vip_S01' of module 'bd_85ad_vip_S01_0' has 64 connections declared, but only 56 given [/home/advent/Desktop/RC19/_x/link/vivado/vpl/prj/prj.gen/my_rm/bd/ulp/ip/ulp_hmss_0_0/bd_0/synth/bd_85ad.v:2465]
INFO: [Synth 8-6157] synthesizing module 'bd_85ad_vip_S02_0' [/home/advent/Desktop/RC19/_x/link/vivado/vpl/prj/prj.runs/ulp_hmss_0_0_synth_1/.Xil/Vivado-59071-advent/realtime/bd_85ad_vip_S02_0_stub.v:5]
INFO: [Synth 8-6155] done synthesizing module 'bd_85ad_vip_S02_0' (0#1) [/home/advent/Desktop/RC19/_x/link/vivado/vpl/prj/prj.runs/ulp_hmss_0_0_synth_1/.Xil/Vivado-59071-advent/realtime/bd_85ad_vip_S02_0_stub.v:5]
WARNING: [Synth 8-7023] instance 'vip_S02' of module 'bd_85ad_vip_S02_0' has 64 connections declared, but only 56 given [/home/advent/Desktop/RC19/_x/link/vivado/vpl/prj/prj.gen/my_rm/bd/ulp/ip/ulp_hmss_0_0/bd_0/synth/bd_85ad.v:2522]
INFO: [Synth 8-6157] synthesizing module 'bd_85ad_vip_S03_0' [/home/advent/Desktop/RC19/_x/link/vivado/vpl/prj/prj.runs/ulp_hmss_0_0_synth_1/.Xil/Vivado-59071-advent/realtime/bd_85ad_vip_S03_0_stub.v:5]
INFO: [Synth 8-6155] done synthesizing module 'bd_85ad_vip_S03_0' (0#1) [/home/advent/Desktop/RC19/_x/link/vivado/vpl/prj/prj.runs/ulp_hmss_0_0_synth_1/.Xil/Vivado-59071-advent/realtime/bd_85ad_vip_S03_0_stub.v:5]
WARNING: [Synth 8-7023] instance 'vip_S03' of module 'bd_85ad_vip_S03_0' has 64 connections declared, but only 56 given [/home/advent/Desktop/RC19/_x/link/vivado/vpl/prj/prj.gen/my_rm/bd/ulp/ip/ulp_hmss_0_0/bd_0/synth/bd_85ad.v:2579]
INFO: [Synth 8-6157] synthesizing module 'bd_85ad_vip_S04_0' [/home/advent/Desktop/RC19/_x/link/vivado/vpl/prj/prj.runs/ulp_hmss_0_0_synth_1/.Xil/Vivado-59071-advent/realtime/bd_85ad_vip_S04_0_stub.v:5]
INFO: [Synth 8-6155] done synthesizing module 'bd_85ad_vip_S04_0' (0#1) [/home/advent/Desktop/RC19/_x/link/vivado/vpl/prj/prj.runs/ulp_hmss_0_0_synth_1/.Xil/Vivado-59071-advent/realtime/bd_85ad_vip_S04_0_stub.v:5]
WARNING: [Synth 8-7023] instance 'vip_S04' of module 'bd_85ad_vip_S04_0' has 64 connections declared, but only 56 given [/home/advent/Desktop/RC19/_x/link/vivado/vpl/prj/prj.gen/my_rm/bd/ulp/ip/ulp_hmss_0_0/bd_0/synth/bd_85ad.v:2636]
INFO: [Synth 8-6157] synthesizing module 'bd_85ad_vip_S05_0' [/home/advent/Desktop/RC19/_x/link/vivado/vpl/prj/prj.runs/ulp_hmss_0_0_synth_1/.Xil/Vivado-59071-advent/realtime/bd_85ad_vip_S05_0_stub.v:5]
INFO: [Synth 8-6155] done synthesizing module 'bd_85ad_vip_S05_0' (0#1) [/home/advent/Desktop/RC19/_x/link/vivado/vpl/prj/prj.runs/ulp_hmss_0_0_synth_1/.Xil/Vivado-59071-advent/realtime/bd_85ad_vip_S05_0_stub.v:5]
WARNING: [Synth 8-7023] instance 'vip_S05' of module 'bd_85ad_vip_S05_0' has 64 connections declared, but only 56 given [/home/advent/Desktop/RC19/_x/link/vivado/vpl/prj/prj.gen/my_rm/bd/ulp/ip/ulp_hmss_0_0/bd_0/synth/bd_85ad.v:2693]
INFO: [Synth 8-6157] synthesizing module 'bd_85ad_vip_S06_0' [/home/advent/Desktop/RC19/_x/link/vivado/vpl/prj/prj.runs/ulp_hmss_0_0_synth_1/.Xil/Vivado-59071-advent/realtime/bd_85ad_vip_S06_0_stub.v:5]
INFO: [Synth 8-6155] done synthesizing module 'bd_85ad_vip_S06_0' (0#1) [/home/advent/Desktop/RC19/_x/link/vivado/vpl/prj/prj.runs/ulp_hmss_0_0_synth_1/.Xil/Vivado-59071-advent/realtime/bd_85ad_vip_S06_0_stub.v:5]
WARNING: [Synth 8-7023] instance 'vip_S06' of module 'bd_85ad_vip_S06_0' has 64 connections declared, but only 56 given [/home/advent/Desktop/RC19/_x/link/vivado/vpl/prj/prj.gen/my_rm/bd/ulp/ip/ulp_hmss_0_0/bd_0/synth/bd_85ad.v:2750]
INFO: [Synth 8-6157] synthesizing module 'bd_85ad_vip_S07_0' [/home/advent/Desktop/RC19/_x/link/vivado/vpl/prj/prj.runs/ulp_hmss_0_0_synth_1/.Xil/Vivado-59071-advent/realtime/bd_85ad_vip_S07_0_stub.v:5]
INFO: [Synth 8-6155] done synthesizing module 'bd_85ad_vip_S07_0' (0#1) [/home/advent/Desktop/RC19/_x/link/vivado/vpl/prj/prj.runs/ulp_hmss_0_0_synth_1/.Xil/Vivado-59071-advent/realtime/bd_85ad_vip_S07_0_stub.v:5]
WARNING: [Synth 8-7023] instance 'vip_S07' of module 'bd_85ad_vip_S07_0' has 64 connections declared, but only 56 given [/home/advent/Desktop/RC19/_x/link/vivado/vpl/prj/prj.gen/my_rm/bd/ulp/ip/ulp_hmss_0_0/bd_0/synth/bd_85ad.v:2807]
INFO: [Synth 8-6157] synthesizing module 'bd_85ad_vip_S08_0' [/home/advent/Desktop/RC19/_x/link/vivado/vpl/prj/prj.runs/ulp_hmss_0_0_synth_1/.Xil/Vivado-59071-advent/realtime/bd_85ad_vip_S08_0_stub.v:5]
INFO: [Synth 8-6155] done synthesizing module 'bd_85ad_vip_S08_0' (0#1) [/home/advent/Desktop/RC19/_x/link/vivado/vpl/prj/prj.runs/ulp_hmss_0_0_synth_1/.Xil/Vivado-59071-advent/realtime/bd_85ad_vip_S08_0_stub.v:5]
WARNING: [Synth 8-7023] instance 'vip_S08' of module 'bd_85ad_vip_S08_0' has 64 connections declared, but only 56 given [/home/advent/Desktop/RC19/_x/link/vivado/vpl/prj/prj.gen/my_rm/bd/ulp/ip/ulp_hmss_0_0/bd_0/synth/bd_85ad.v:2864]
INFO: [Synth 8-6157] synthesizing module 'bd_85ad_vip_S09_0' [/home/advent/Desktop/RC19/_x/link/vivado/vpl/prj/prj.runs/ulp_hmss_0_0_synth_1/.Xil/Vivado-59071-advent/realtime/bd_85ad_vip_S09_0_stub.v:5]
INFO: [Synth 8-6155] done synthesizing module 'bd_85ad_vip_S09_0' (0#1) [/home/advent/Desktop/RC19/_x/link/vivado/vpl/prj/prj.runs/ulp_hmss_0_0_synth_1/.Xil/Vivado-59071-advent/realtime/bd_85ad_vip_S09_0_stub.v:5]
WARNING: [Synth 8-7023] instance 'vip_S09' of module 'bd_85ad_vip_S09_0' has 64 connections declared, but only 56 given [/home/advent/Desktop/RC19/_x/link/vivado/vpl/prj/prj.gen/my_rm/bd/ulp/ip/ulp_hmss_0_0/bd_0/synth/bd_85ad.v:2921]
INFO: [Synth 8-6155] done synthesizing module 'bd_85ad' (0#1) [/home/advent/Desktop/RC19/_x/link/vivado/vpl/prj/prj.gen/my_rm/bd/ulp/ip/ulp_hmss_0_0/bd_0/synth/bd_85ad.v:9]
INFO: [Synth 8-6155] done synthesizing module 'ulp_hmss_0_0' (0#1) [/home/advent/Desktop/RC19/_x/link/vivado/vpl/prj/prj.gen/my_rm/bd/ulp/ip/ulp_hmss_0_0/synth/ulp_hmss_0_0.v:53]
WARNING: [Synth 8-7129] Port In1[0] in module xlconcat_v2_1_4_xlconcat is either unconnected or has no load
WARNING: [Synth 8-7129] Port In2[0] in module xlconcat_v2_1_4_xlconcat is either unconnected or has no load
WARNING: [Synth 8-7129] Port In3[0] in module xlconcat_v2_1_4_xlconcat is either unconnected or has no load
WARNING: [Synth 8-7129] Port In4[0] in module xlconcat_v2_1_4_xlconcat is either unconnected or has no load
WARNING: [Synth 8-7129] Port In5[0] in module xlconcat_v2_1_4_xlconcat is either unconnected or has no load
WARNING: [Synth 8-7129] Port In6[0] in module xlconcat_v2_1_4_xlconcat is either unconnected or has no load
WARNING: [Synth 8-7129] Port In7[0] in module xlconcat_v2_1_4_xlconcat is either unconnected or has no load
WARNING: [Synth 8-7129] Port In8[0] in module xlconcat_v2_1_4_xlconcat is either unconnected or has no load
WARNING: [Synth 8-7129] Port In9[0] in module xlconcat_v2_1_4_xlconcat is either unconnected or has no load
WARNING: [Synth 8-7129] Port In10[0] in module xlconcat_v2_1_4_xlconcat is either unconnected or has no load
WARNING: [Synth 8-7129] Port In11[0] in module xlconcat_v2_1_4_xlconcat is either unconnected or has no load
WARNING: [Synth 8-7129] Port In12[0] in module xlconcat_v2_1_4_xlconcat is either unconnected or has no load
WARNING: [Synth 8-7129] Port In13[0] in module xlconcat_v2_1_4_xlconcat is either unconnected or has no load
WARNING: [Synth 8-7129] Port In14[0] in module xlconcat_v2_1_4_xlconcat is either unconnected or has no load
WARNING: [Synth 8-7129] Port In15[0] in module xlconcat_v2_1_4_xlconcat is either unconnected or has no load
WARNING: [Synth 8-7129] Port In16[0] in module xlconcat_v2_1_4_xlconcat is either unconnected or has no load
WARNING: [Synth 8-7129] Port In17[0] in module xlconcat_v2_1_4_xlconcat is either unconnected or has no load
WARNING: [Synth 8-7129] Port In18[0] in module xlconcat_v2_1_4_xlconcat is either unconnected or has no load
WARNING: [Synth 8-7129] Port In19[0] in module xlconcat_v2_1_4_xlconcat is either unconnected or has no load
WARNING: [Synth 8-7129] Port In20[0] in module xlconcat_v2_1_4_xlconcat is either unconnected or has no load
WARNING: [Synth 8-7129] Port In21[0] in module xlconcat_v2_1_4_xlconcat is either unconnected or has no load
WARNING: [Synth 8-7129] Port In22[0] in module xlconcat_v2_1_4_xlconcat is either unconnected or has no load
WARNING: [Synth 8-7129] Port In23[0] in module xlconcat_v2_1_4_xlconcat is either unconnected or has no load
WARNING: [Synth 8-7129] Port In24[0] in module xlconcat_v2_1_4_xlconcat is either unconnected or has no load
WARNING: [Synth 8-7129] Port In25[0] in module xlconcat_v2_1_4_xlconcat is either unconnected or has no load
WARNING: [Synth 8-7129] Port In26[0] in module xlconcat_v2_1_4_xlconcat is either unconnected or has no load
WARNING: [Synth 8-7129] Port In27[0] in module xlconcat_v2_1_4_xlconcat is either unconnected or has no load
WARNING: [Synth 8-7129] Port In28[0] in module xlconcat_v2_1_4_xlconcat is either unconnected or has no load
WARNING: [Synth 8-7129] Port In29[0] in module xlconcat_v2_1_4_xlconcat is either unconnected or has no load
WARNING: [Synth 8-7129] Port In30[0] in module xlconcat_v2_1_4_xlconcat is either unconnected or has no load
WARNING: [Synth 8-7129] Port In31[0] in module xlconcat_v2_1_4_xlconcat is either unconnected or has no load
WARNING: [Synth 8-7129] Port In32[0] in module xlconcat_v2_1_4_xlconcat is either unconnected or has no load
WARNING: [Synth 8-7129] Port In33[0] in module xlconcat_v2_1_4_xlconcat is either unconnected or has no load
WARNING: [Synth 8-7129] Port In34[0] in module xlconcat_v2_1_4_xlconcat is either unconnected or has no load
WARNING: [Synth 8-7129] Port In35[0] in module xlconcat_v2_1_4_xlconcat is either unconnected or has no load
WARNING: [Synth 8-7129] Port In36[0] in module xlconcat_v2_1_4_xlconcat is either unconnected or has no load
WARNING: [Synth 8-7129] Port In37[0] in module xlconcat_v2_1_4_xlconcat is either unconnected or has no load
WARNING: [Synth 8-7129] Port In38[0] in module xlconcat_v2_1_4_xlconcat is either unconnected or has no load
WARNING: [Synth 8-7129] Port In39[0] in module xlconcat_v2_1_4_xlconcat is either unconnected or has no load
WARNING: [Synth 8-7129] Port In40[0] in module xlconcat_v2_1_4_xlconcat is either unconnected or has no load
WARNING: [Synth 8-7129] Port In41[0] in module xlconcat_v2_1_4_xlconcat is either unconnected or has no load
WARNING: [Synth 8-7129] Port In42[0] in module xlconcat_v2_1_4_xlconcat is either unconnected or has no load
WARNING: [Synth 8-7129] Port In43[0] in module xlconcat_v2_1_4_xlconcat is either unconnected or has no load
WARNING: [Synth 8-7129] Port In44[0] in module xlconcat_v2_1_4_xlconcat is either unconnected or has no load
WARNING: [Synth 8-7129] Port In45[0] in module xlconcat_v2_1_4_xlconcat is either unconnected or has no load
WARNING: [Synth 8-7129] Port In46[0] in module xlconcat_v2_1_4_xlconcat is either unconnected or has no load
WARNING: [Synth 8-7129] Port In47[0] in module xlconcat_v2_1_4_xlconcat is either unconnected or has no load
WARNING: [Synth 8-7129] Port In48[0] in module xlconcat_v2_1_4_xlconcat is either unconnected or has no load
WARNING: [Synth 8-7129] Port In49[0] in module xlconcat_v2_1_4_xlconcat is either unconnected or has no load
WARNING: [Synth 8-7129] Port In50[0] in module xlconcat_v2_1_4_xlconcat is either unconnected or has no load
WARNING: [Synth 8-7129] Port In51[0] in module xlconcat_v2_1_4_xlconcat is either unconnected or has no load
WARNING: [Synth 8-7129] Port In52[0] in module xlconcat_v2_1_4_xlconcat is either unconnected or has no load
WARNING: [Synth 8-7129] Port In53[0] in module xlconcat_v2_1_4_xlconcat is either unconnected or has no load
WARNING: [Synth 8-7129] Port In54[0] in module xlconcat_v2_1_4_xlconcat is either unconnected or has no load
WARNING: [Synth 8-7129] Port In55[0] in module xlconcat_v2_1_4_xlconcat is either unconnected or has no load
WARNING: [Synth 8-7129] Port In56[0] in module xlconcat_v2_1_4_xlconcat is either unconnected or has no load
WARNING: [Synth 8-7129] Port In57[0] in module xlconcat_v2_1_4_xlconcat is either unconnected or has no load
WARNING: [Synth 8-7129] Port In58[0] in module xlconcat_v2_1_4_xlconcat is either unconnected or has no load
WARNING: [Synth 8-7129] Port In59[0] in module xlconcat_v2_1_4_xlconcat is either unconnected or has no load
WARNING: [Synth 8-7129] Port In60[0] in module xlconcat_v2_1_4_xlconcat is either unconnected or has no load
WARNING: [Synth 8-7129] Port In61[0] in module xlconcat_v2_1_4_xlconcat is either unconnected or has no load
WARNING: [Synth 8-7129] Port In62[0] in module xlconcat_v2_1_4_xlconcat is either unconnected or has no load
WARNING: [Synth 8-7129] Port In63[0] in module xlconcat_v2_1_4_xlconcat is either unconnected or has no load
WARNING: [Synth 8-7129] Port In64[0] in module xlconcat_v2_1_4_xlconcat is either unconnected or has no load
WARNING: [Synth 8-7129] Port In65[0] in module xlconcat_v2_1_4_xlconcat is either unconnected or has no load
WARNING: [Synth 8-7129] Port In66[0] in module xlconcat_v2_1_4_xlconcat is either unconnected or has no load
WARNING: [Synth 8-7129] Port In67[0] in module xlconcat_v2_1_4_xlconcat is either unconnected or has no load
WARNING: [Synth 8-7129] Port In68[0] in module xlconcat_v2_1_4_xlconcat is either unconnected or has no load
WARNING: [Synth 8-7129] Port In69[0] in module xlconcat_v2_1_4_xlconcat is either unconnected or has no load
WARNING: [Synth 8-7129] Port In70[0] in module xlconcat_v2_1_4_xlconcat is either unconnected or has no load
WARNING: [Synth 8-7129] Port In71[0] in module xlconcat_v2_1_4_xlconcat is either unconnected or has no load
WARNING: [Synth 8-7129] Port In72[0] in module xlconcat_v2_1_4_xlconcat is either unconnected or has no load
WARNING: [Synth 8-7129] Port In73[0] in module xlconcat_v2_1_4_xlconcat is either unconnected or has no load
WARNING: [Synth 8-7129] Port In74[0] in module xlconcat_v2_1_4_xlconcat is either unconnected or has no load
WARNING: [Synth 8-7129] Port In75[0] in module xlconcat_v2_1_4_xlconcat is either unconnected or has no load
WARNING: [Synth 8-7129] Port In76[0] in module xlconcat_v2_1_4_xlconcat is either unconnected or has no load
WARNING: [Synth 8-7129] Port In77[0] in module xlconcat_v2_1_4_xlconcat is either unconnected or has no load
WARNING: [Synth 8-7129] Port In78[0] in module xlconcat_v2_1_4_xlconcat is either unconnected or has no load
WARNING: [Synth 8-7129] Port In79[0] in module xlconcat_v2_1_4_xlconcat is either unconnected or has no load
WARNING: [Synth 8-7129] Port In80[0] in module xlconcat_v2_1_4_xlconcat is either unconnected or has no load
WARNING: [Synth 8-7129] Port In81[0] in module xlconcat_v2_1_4_xlconcat is either unconnected or has no load
WARNING: [Synth 8-7129] Port In82[0] in module xlconcat_v2_1_4_xlconcat is either unconnected or has no load
WARNING: [Synth 8-7129] Port In83[0] in module xlconcat_v2_1_4_xlconcat is either unconnected or has no load
WARNING: [Synth 8-7129] Port In84[0] in module xlconcat_v2_1_4_xlconcat is either unconnected or has no load
WARNING: [Synth 8-7129] Port In85[0] in module xlconcat_v2_1_4_xlconcat is either unconnected or has no load
WARNING: [Synth 8-7129] Port In86[0] in module xlconcat_v2_1_4_xlconcat is either unconnected or has no load
WARNING: [Synth 8-7129] Port In87[0] in module xlconcat_v2_1_4_xlconcat is either unconnected or has no load
WARNING: [Synth 8-7129] Port In88[0] in module xlconcat_v2_1_4_xlconcat is either unconnected or has no load
WARNING: [Synth 8-7129] Port In89[0] in module xlconcat_v2_1_4_xlconcat is either unconnected or has no load
WARNING: [Synth 8-7129] Port In90[0] in module xlconcat_v2_1_4_xlconcat is either unconnected or has no load
WARNING: [Synth 8-7129] Port In91[0] in module xlconcat_v2_1_4_xlconcat is either unconnected or has no load
WARNING: [Synth 8-7129] Port In92[0] in module xlconcat_v2_1_4_xlconcat is either unconnected or has no load
WARNING: [Synth 8-7129] Port In93[0] in module xlconcat_v2_1_4_xlconcat is either unconnected or has no load
WARNING: [Synth 8-7129] Port In94[0] in module xlconcat_v2_1_4_xlconcat is either unconnected or has no load
WARNING: [Synth 8-7129] Port In95[0] in module xlconcat_v2_1_4_xlconcat is either unconnected or has no load
WARNING: [Synth 8-7129] Port In96[0] in module xlconcat_v2_1_4_xlconcat is either unconnected or has no load
WARNING: [Synth 8-7129] Port In97[0] in module xlconcat_v2_1_4_xlconcat is either unconnected or has no load
WARNING: [Synth 8-7129] Port In98[0] in module xlconcat_v2_1_4_xlconcat is either unconnected or has no load
WARNING: [Synth 8-7129] Port In99[0] in module xlconcat_v2_1_4_xlconcat is either unconnected or has no load
WARNING: [Synth 8-7129] Port In100[0] in module xlconcat_v2_1_4_xlconcat is either unconnected or has no load
INFO: [Common 17-14] Message 'Synth 8-7129' appears 100 times and further instances of the messages will be disabled. Use the Tcl command set_msg_config to change the current settings.
---------------------------------------------------------------------------------
Finished RTL Elaboration : Time (s): cpu = 00:00:04 ; elapsed = 00:00:05 . Memory (MB): peak = 3277.637 ; gain = 459.641 ; free physical = 8358 ; free virtual = 12135
Synthesis current peak Physical Memory [PSS] (MB): peak = 2390.128; parent = 2253.406; children = 136.722
Synthesis current peak Virtual Memory [VSS] (MB): peak = 4254.371; parent = 3277.641; children = 976.730
---------------------------------------------------------------------------------
---------------------------------------------------------------------------------
Start Handling Custom Attributes
---------------------------------------------------------------------------------
---------------------------------------------------------------------------------
Finished Handling Custom Attributes : Time (s): cpu = 00:00:04 ; elapsed = 00:00:05 . Memory (MB): peak = 3295.449 ; gain = 477.453 ; free physical = 8306 ; free virtual = 12084
Synthesis current peak Physical Memory [PSS] (MB): peak = 2390.128; parent = 2253.406; children = 136.722
Synthesis current peak Virtual Memory [VSS] (MB): peak = 4272.184; parent = 3295.453; children = 976.730
---------------------------------------------------------------------------------
---------------------------------------------------------------------------------
Finished RTL Optimization Phase 1 : Time (s): cpu = 00:00:04 ; elapsed = 00:00:05 . Memory (MB): peak = 3295.449 ; gain = 477.453 ; free physical = 8276 ; free virtual = 12054
Synthesis current peak Physical Memory [PSS] (MB): peak = 2390.128; parent = 2253.406; children = 136.722
Synthesis current peak Virtual Memory [VSS] (MB): peak = 4272.184; parent = 3295.453; children = 976.730
---------------------------------------------------------------------------------
Netlist sorting complete. Time (s): cpu = 00:00:00.08 ; elapsed = 00:00:00.08 . Memory (MB): peak = 3295.449 ; gain = 0.000 ; free physical = 7990 ; free virtual = 11770
INFO: [Project 1-570] Preparing netlist for logic optimization

Processing XDC Constraints
Initializing timing engine
Parsing XDC File [/home/advent/Desktop/RC19/_x/link/vivado/vpl/prj/prj.gen/my_rm/bd/ulp/ip/ulp_hmss_0_0/bd_0/ip/ip_0/bd_85ad_hbm_inst_0/bd_85ad_hbm_inst_0_in_context.xdc] for cell 'inst/hbm_inst'
Finished Parsing XDC File [/home/advent/Desktop/RC19/_x/link/vivado/vpl/prj/prj.gen/my_rm/bd/ulp/ip/ulp_hmss_0_0/bd_0/ip/ip_0/bd_85ad_hbm_inst_0/bd_85ad_hbm_inst_0_in_context.xdc] for cell 'inst/hbm_inst'
Parsing XDC File [/home/advent/Desktop/RC19/_x/link/vivado/vpl/prj/prj.gen/my_rm/bd/ulp/ip/ulp_hmss_0_0/bd_0/ip/ip_1/bd_85ad_hbm_reset_sync_SLR0_0/bd_85ad_hbm_reset_sync_SLR2_0_in_context.xdc] for cell 'inst/hbm_reset_sync_SLR0'
Finished Parsing XDC File [/home/advent/Desktop/RC19/_x/link/vivado/vpl/prj/prj.gen/my_rm/bd/ulp/ip/ulp_hmss_0_0/bd_0/ip/ip_1/bd_85ad_hbm_reset_sync_SLR0_0/bd_85ad_hbm_reset_sync_SLR2_0_in_context.xdc] for cell 'inst/hbm_reset_sync_SLR0'
Parsing XDC File [/home/advent/Desktop/RC19/_x/link/vivado/vpl/prj/prj.gen/my_rm/bd/ulp/ip/ulp_hmss_0_0/bd_0/ip/ip_2/bd_85ad_hbm_reset_sync_SLR2_0/bd_85ad_hbm_reset_sync_SLR2_0_in_context.xdc] for cell 'inst/hbm_reset_sync_SLR2'
Finished Parsing XDC File [/home/advent/Desktop/RC19/_x/link/vivado/vpl/prj/prj.gen/my_rm/bd/ulp/ip/ulp_hmss_0_0/bd_0/ip/ip_2/bd_85ad_hbm_reset_sync_SLR2_0/bd_85ad_hbm_reset_sync_SLR2_0_in_context.xdc] for cell 'inst/hbm_reset_sync_SLR2'
Parsing XDC File [/home/advent/Desktop/RC19/_x/link/vivado/vpl/prj/prj.gen/my_rm/bd/ulp/ip/ulp_hmss_0_0/bd_0/ip/ip_5/bd_85ad_vip_S01_0/bd_85ad_vip_S06_0_in_context.xdc] for cell 'inst/vip_S01'
Finished Parsing XDC File [/home/advent/Desktop/RC19/_x/link/vivado/vpl/prj/prj.gen/my_rm/bd/ulp/ip/ulp_hmss_0_0/bd_0/ip/ip_5/bd_85ad_vip_S01_0/bd_85ad_vip_S06_0_in_context.xdc] for cell 'inst/vip_S01'
Parsing XDC File [/home/advent/Desktop/RC19/_x/link/vivado/vpl/prj/prj.gen/my_rm/bd/ulp/ip/ulp_hmss_0_0/bd_0/ip/ip_8/bd_85ad_vip_S02_0/bd_85ad_vip_S06_0_in_context.xdc] for cell 'inst/vip_S02'
Finished Parsing XDC File [/home/advent/Desktop/RC19/_x/link/vivado/vpl/prj/prj.gen/my_rm/bd/ulp/ip/ulp_hmss_0_0/bd_0/ip/ip_8/bd_85ad_vip_S02_0/bd_85ad_vip_S06_0_in_context.xdc] for cell 'inst/vip_S02'
Parsing XDC File [/home/advent/Desktop/RC19/_x/link/vivado/vpl/prj/prj.gen/my_rm/bd/ulp/ip/ulp_hmss_0_0/bd_0/ip/ip_11/bd_85ad_vip_S03_0/bd_85ad_vip_S06_0_in_context.xdc] for cell 'inst/vip_S03'
Finished Parsing XDC File [/home/advent/Desktop/RC19/_x/link/vivado/vpl/prj/prj.gen/my_rm/bd/ulp/ip/ulp_hmss_0_0/bd_0/ip/ip_11/bd_85ad_vip_S03_0/bd_85ad_vip_S06_0_in_context.xdc] for cell 'inst/vip_S03'
Parsing XDC File [/home/advent/Desktop/RC19/_x/link/vivado/vpl/prj/prj.gen/my_rm/bd/ulp/ip/ulp_hmss_0_0/bd_0/ip/ip_14/bd_85ad_vip_S04_0/bd_85ad_vip_S06_0_in_context.xdc] for cell 'inst/vip_S04'
Finished Parsing XDC File [/home/advent/Desktop/RC19/_x/link/vivado/vpl/prj/prj.gen/my_rm/bd/ulp/ip/ulp_hmss_0_0/bd_0/ip/ip_14/bd_85ad_vip_S04_0/bd_85ad_vip_S06_0_in_context.xdc] for cell 'inst/vip_S04'
Parsing XDC File [/home/advent/Desktop/RC19/_x/link/vivado/vpl/prj/prj.gen/my_rm/bd/ulp/ip/ulp_hmss_0_0/bd_0/ip/ip_17/bd_85ad_vip_S05_0/bd_85ad_vip_S06_0_in_context.xdc] for cell 'inst/vip_S05'
Finished Parsing XDC File [/home/advent/Desktop/RC19/_x/link/vivado/vpl/prj/prj.gen/my_rm/bd/ulp/ip/ulp_hmss_0_0/bd_0/ip/ip_17/bd_85ad_vip_S05_0/bd_85ad_vip_S06_0_in_context.xdc] for cell 'inst/vip_S05'
Parsing XDC File [/home/advent/Desktop/RC19/_x/link/vivado/vpl/prj/prj.gen/my_rm/bd/ulp/ip/ulp_hmss_0_0/bd_0/ip/ip_20/bd_85ad_vip_S07_0/bd_85ad_vip_S06_0_in_context.xdc] for cell 'inst/vip_S07'
Finished Parsing XDC File [/home/advent/Desktop/RC19/_x/link/vivado/vpl/prj/prj.gen/my_rm/bd/ulp/ip/ulp_hmss_0_0/bd_0/ip/ip_20/bd_85ad_vip_S07_0/bd_85ad_vip_S06_0_in_context.xdc] for cell 'inst/vip_S07'
Parsing XDC File [/home/advent/Desktop/RC19/_x/link/vivado/vpl/prj/prj.gen/my_rm/bd/ulp/ip/ulp_hmss_0_0/bd_0/ip/ip_23/bd_85ad_vip_S06_0/bd_85ad_vip_S06_0_in_context.xdc] for cell 'inst/vip_S06'
Finished Parsing XDC File [/home/advent/Desktop/RC19/_x/link/vivado/vpl/prj/prj.gen/my_rm/bd/ulp/ip/ulp_hmss_0_0/bd_0/ip/ip_23/bd_85ad_vip_S06_0/bd_85ad_vip_S06_0_in_context.xdc] for cell 'inst/vip_S06'
Parsing XDC File [/home/advent/Desktop/RC19/_x/link/vivado/vpl/prj/prj.gen/my_rm/bd/ulp/ip/ulp_hmss_0_0/bd_0/ip/ip_26/bd_85ad_vip_S08_0/bd_85ad_vip_S06_0_in_context.xdc] for cell 'inst/vip_S08'
Finished Parsing XDC File [/home/advent/Desktop/RC19/_x/link/vivado/vpl/prj/prj.gen/my_rm/bd/ulp/ip/ulp_hmss_0_0/bd_0/ip/ip_26/bd_85ad_vip_S08_0/bd_85ad_vip_S06_0_in_context.xdc] for cell 'inst/vip_S08'
Parsing XDC File [/home/advent/Desktop/RC19/_x/link/vivado/vpl/prj/prj.gen/my_rm/bd/ulp/ip/ulp_hmss_0_0/bd_0/ip/ip_29/bd_85ad_vip_S09_0/bd_85ad_vip_S06_0_in_context.xdc] for cell 'inst/vip_S09'
Finished Parsing XDC File [/home/advent/Desktop/RC19/_x/link/vivado/vpl/prj/prj.gen/my_rm/bd/ulp/ip/ulp_hmss_0_0/bd_0/ip/ip_29/bd_85ad_vip_S09_0/bd_85ad_vip_S06_0_in_context.xdc] for cell 'inst/vip_S09'
Parsing XDC File [/home/advent/Desktop/RC19/_x/link/vivado/vpl/prj/prj.gen/my_rm/bd/ulp/ip/ulp_hmss_0_0/bd_0/ip/ip_32/bd_85ad_vip_S00_0/bd_85ad_vip_S06_0_in_context.xdc] for cell 'inst/vip_S00'
Finished Parsing XDC File [/home/advent/Desktop/RC19/_x/link/vivado/vpl/prj/prj.gen/my_rm/bd/ulp/ip/ulp_hmss_0_0/bd_0/ip/ip_32/bd_85ad_vip_S00_0/bd_85ad_vip_S06_0_in_context.xdc] for cell 'inst/vip_S00'
Parsing XDC File [/home/advent/Desktop/RC19/_x/link/vivado/vpl/prj/prj.gen/my_rm/bd/ulp/ip/ulp_hmss_0_0/bd_0/ip/ip_33/bd_85ad_axi_apb_bridge_inst_0/bd_85ad_axi_apb_bridge_inst_0_in_context.xdc] for cell 'inst/axi_apb_bridge_inst'
Finished Parsing XDC File [/home/advent/Desktop/RC19/_x/link/vivado/vpl/prj/prj.gen/my_rm/bd/ulp/ip/ulp_hmss_0_0/bd_0/ip/ip_33/bd_85ad_axi_apb_bridge_inst_0/bd_85ad_axi_apb_bridge_inst_0_in_context.xdc] for cell 'inst/axi_apb_bridge_inst'
Parsing XDC File [/home/advent/Desktop/RC19/_x/link/vivado/vpl/prj/prj.gen/my_rm/bd/ulp/ip/ulp_hmss_0_0/bd_0/ip/ip_3/bd_85ad_interconnect1_0_0/bd_85ad_interconnect1_0_0_in_context.xdc] for cell 'inst/path_0/interconnect1_0'
Finished Parsing XDC File [/home/advent/Desktop/RC19/_x/link/vivado/vpl/prj/prj.gen/my_rm/bd/ulp/ip/ulp_hmss_0_0/bd_0/ip/ip_3/bd_85ad_interconnect1_0_0/bd_85ad_interconnect1_0_0_in_context.xdc] for cell 'inst/path_0/interconnect1_0'
Parsing XDC File [/home/advent/Desktop/RC19/_x/link/vivado/vpl/prj/prj.gen/my_rm/bd/ulp/ip/ulp_hmss_0_0/bd_0/ip/ip_4/bd_85ad_slice1_0_0/bd_85ad_slice2_1_0_in_context.xdc] for cell 'inst/path_0/slice1_0'
Finished Parsing XDC File [/home/advent/Desktop/RC19/_x/link/vivado/vpl/prj/prj.gen/my_rm/bd/ulp/ip/ulp_hmss_0_0/bd_0/ip/ip_4/bd_85ad_slice1_0_0/bd_85ad_slice2_1_0_in_context.xdc] for cell 'inst/path_0/slice1_0'
Parsing XDC File [/home/advent/Desktop/RC19/_x/link/vivado/vpl/prj/prj.gen/my_rm/bd/ulp/ip/ulp_hmss_0_0/bd_0/ip/ip_6/bd_85ad_interconnect2_1_0/bd_85ad_interconnect2_1_0_in_context.xdc] for cell 'inst/path_1/interconnect2_1'
Finished Parsing XDC File [/home/advent/Desktop/RC19/_x/link/vivado/vpl/prj/prj.gen/my_rm/bd/ulp/ip/ulp_hmss_0_0/bd_0/ip/ip_6/bd_85ad_interconnect2_1_0/bd_85ad_interconnect2_1_0_in_context.xdc] for cell 'inst/path_1/interconnect2_1'
Parsing XDC File [/home/advent/Desktop/RC19/_x/link/vivado/vpl/prj/prj.gen/my_rm/bd/ulp/ip/ulp_hmss_0_0/bd_0/ip/ip_7/bd_85ad_slice2_1_0/bd_85ad_slice2_1_0_in_context.xdc] for cell 'inst/path_1/slice2_1'
Finished Parsing XDC File [/home/advent/Desktop/RC19/_x/link/vivado/vpl/prj/prj.gen/my_rm/bd/ulp/ip/ulp_hmss_0_0/bd_0/ip/ip_7/bd_85ad_slice2_1_0/bd_85ad_slice2_1_0_in_context.xdc] for cell 'inst/path_1/slice2_1'
Parsing XDC File [/home/advent/Desktop/RC19/_x/link/vivado/vpl/prj/prj.gen/my_rm/bd/ulp/ip/ulp_hmss_0_0/bd_0/ip/ip_9/bd_85ad_interconnect3_2_0/bd_85ad_interconnect3_2_0_in_context.xdc] for cell 'inst/path_2/interconnect3_2'
Finished Parsing XDC File [/home/advent/Desktop/RC19/_x/link/vivado/vpl/prj/prj.gen/my_rm/bd/ulp/ip/ulp_hmss_0_0/bd_0/ip/ip_9/bd_85ad_interconnect3_2_0/bd_85ad_interconnect3_2_0_in_context.xdc] for cell 'inst/path_2/interconnect3_2'
Parsing XDC File [/home/advent/Desktop/RC19/_x/link/vivado/vpl/prj/prj.gen/my_rm/bd/ulp/ip/ulp_hmss_0_0/bd_0/ip/ip_10/bd_85ad_slice3_2_0/bd_85ad_slice2_1_0_in_context.xdc] for cell 'inst/path_2/slice3_2'
Finished Parsing XDC File [/home/advent/Desktop/RC19/_x/link/vivado/vpl/prj/prj.gen/my_rm/bd/ulp/ip/ulp_hmss_0_0/bd_0/ip/ip_10/bd_85ad_slice3_2_0/bd_85ad_slice2_1_0_in_context.xdc] for cell 'inst/path_2/slice3_2'
Parsing XDC File [/home/advent/Desktop/RC19/_x/link/vivado/vpl/prj/prj.gen/my_rm/bd/ulp/ip/ulp_hmss_0_0/bd_0/ip/ip_12/bd_85ad_interconnect4_3_0/bd_85ad_interconnect4_3_0_in_context.xdc] for cell 'inst/path_3/interconnect4_3'
Finished Parsing XDC File [/home/advent/Desktop/RC19/_x/link/vivado/vpl/prj/prj.gen/my_rm/bd/ulp/ip/ulp_hmss_0_0/bd_0/ip/ip_12/bd_85ad_interconnect4_3_0/bd_85ad_interconnect4_3_0_in_context.xdc] for cell 'inst/path_3/interconnect4_3'
Parsing XDC File [/home/advent/Desktop/RC19/_x/link/vivado/vpl/prj/prj.gen/my_rm/bd/ulp/ip/ulp_hmss_0_0/bd_0/ip/ip_13/bd_85ad_slice4_3_0/bd_85ad_slice2_1_0_in_context.xdc] for cell 'inst/path_3/slice4_3'
Finished Parsing XDC File [/home/advent/Desktop/RC19/_x/link/vivado/vpl/prj/prj.gen/my_rm/bd/ulp/ip/ulp_hmss_0_0/bd_0/ip/ip_13/bd_85ad_slice4_3_0/bd_85ad_slice2_1_0_in_context.xdc] for cell 'inst/path_3/slice4_3'
Parsing XDC File [/home/advent/Desktop/RC19/_x/link/vivado/vpl/prj/prj.gen/my_rm/bd/ulp/ip/ulp_hmss_0_0/bd_0/ip/ip_15/bd_85ad_interconnect5_4_0/bd_85ad_interconnect5_4_0_in_context.xdc] for cell 'inst/path_4/interconnect5_4'
Finished Parsing XDC File [/home/advent/Desktop/RC19/_x/link/vivado/vpl/prj/prj.gen/my_rm/bd/ulp/ip/ulp_hmss_0_0/bd_0/ip/ip_15/bd_85ad_interconnect5_4_0/bd_85ad_interconnect5_4_0_in_context.xdc] for cell 'inst/path_4/interconnect5_4'
Parsing XDC File [/home/advent/Desktop/RC19/_x/link/vivado/vpl/prj/prj.gen/my_rm/bd/ulp/ip/ulp_hmss_0_0/bd_0/ip/ip_16/bd_85ad_slice5_4_0/bd_85ad_slice2_1_0_in_context.xdc] for cell 'inst/path_4/slice5_4'
Finished Parsing XDC File [/home/advent/Desktop/RC19/_x/link/vivado/vpl/prj/prj.gen/my_rm/bd/ulp/ip/ulp_hmss_0_0/bd_0/ip/ip_16/bd_85ad_slice5_4_0/bd_85ad_slice2_1_0_in_context.xdc] for cell 'inst/path_4/slice5_4'
Parsing XDC File [/home/advent/Desktop/RC19/_x/link/vivado/vpl/prj/prj.gen/my_rm/bd/ulp/ip/ulp_hmss_0_0/bd_0/ip/ip_18/bd_85ad_interconnect7_5_0/bd_85ad_interconnect7_5_0_in_context.xdc] for cell 'inst/path_5/interconnect7_5'
Finished Parsing XDC File [/home/advent/Desktop/RC19/_x/link/vivado/vpl/prj/prj.gen/my_rm/bd/ulp/ip/ulp_hmss_0_0/bd_0/ip/ip_18/bd_85ad_interconnect7_5_0/bd_85ad_interconnect7_5_0_in_context.xdc] for cell 'inst/path_5/interconnect7_5'
Parsing XDC File [/home/advent/Desktop/RC19/_x/link/vivado/vpl/prj/prj.gen/my_rm/bd/ulp/ip/ulp_hmss_0_0/bd_0/ip/ip_19/bd_85ad_slice7_5_0/bd_85ad_slice2_1_0_in_context.xdc] for cell 'inst/path_5/slice7_5'
Finished Parsing XDC File [/home/advent/Desktop/RC19/_x/link/vivado/vpl/prj/prj.gen/my_rm/bd/ulp/ip/ulp_hmss_0_0/bd_0/ip/ip_19/bd_85ad_slice7_5_0/bd_85ad_slice2_1_0_in_context.xdc] for cell 'inst/path_5/slice7_5'
Parsing XDC File [/home/advent/Desktop/RC19/_x/link/vivado/vpl/prj/prj.gen/my_rm/bd/ulp/ip/ulp_hmss_0_0/bd_0/ip/ip_21/bd_85ad_interconnect6_6_0/bd_85ad_interconnect6_6_0_in_context.xdc] for cell 'inst/path_6/interconnect6_6'
Finished Parsing XDC File [/home/advent/Desktop/RC19/_x/link/vivado/vpl/prj/prj.gen/my_rm/bd/ulp/ip/ulp_hmss_0_0/bd_0/ip/ip_21/bd_85ad_interconnect6_6_0/bd_85ad_interconnect6_6_0_in_context.xdc] for cell 'inst/path_6/interconnect6_6'
Parsing XDC File [/home/advent/Desktop/RC19/_x/link/vivado/vpl/prj/prj.gen/my_rm/bd/ulp/ip/ulp_hmss_0_0/bd_0/ip/ip_22/bd_85ad_slice6_6_0/bd_85ad_slice2_1_0_in_context.xdc] for cell 'inst/path_6/slice6_6'
Finished Parsing XDC File [/home/advent/Desktop/RC19/_x/link/vivado/vpl/prj/prj.gen/my_rm/bd/ulp/ip/ulp_hmss_0_0/bd_0/ip/ip_22/bd_85ad_slice6_6_0/bd_85ad_slice2_1_0_in_context.xdc] for cell 'inst/path_6/slice6_6'
Parsing XDC File [/home/advent/Desktop/RC19/_x/link/vivado/vpl/prj/prj.gen/my_rm/bd/ulp/ip/ulp_hmss_0_0/bd_0/ip/ip_24/bd_85ad_interconnect8_7_0/bd_85ad_interconnect8_7_0_in_context.xdc] for cell 'inst/path_7/interconnect8_7'
Finished Parsing XDC File [/home/advent/Desktop/RC19/_x/link/vivado/vpl/prj/prj.gen/my_rm/bd/ulp/ip/ulp_hmss_0_0/bd_0/ip/ip_24/bd_85ad_interconnect8_7_0/bd_85ad_interconnect8_7_0_in_context.xdc] for cell 'inst/path_7/interconnect8_7'
Parsing XDC File [/home/advent/Desktop/RC19/_x/link/vivado/vpl/prj/prj.gen/my_rm/bd/ulp/ip/ulp_hmss_0_0/bd_0/ip/ip_25/bd_85ad_slice8_7_0/bd_85ad_slice2_1_0_in_context.xdc] for cell 'inst/path_7/slice8_7'
Finished Parsing XDC File [/home/advent/Desktop/RC19/_x/link/vivado/vpl/prj/prj.gen/my_rm/bd/ulp/ip/ulp_hmss_0_0/bd_0/ip/ip_25/bd_85ad_slice8_7_0/bd_85ad_slice2_1_0_in_context.xdc] for cell 'inst/path_7/slice8_7'
Parsing XDC File [/home/advent/Desktop/RC19/_x/link/vivado/vpl/prj/prj.gen/my_rm/bd/ulp/ip/ulp_hmss_0_0/bd_0/ip/ip_27/bd_85ad_interconnect9_8_0/bd_85ad_interconnect9_8_0_in_context.xdc] for cell 'inst/path_8/interconnect9_8'
Finished Parsing XDC File [/home/advent/Desktop/RC19/_x/link/vivado/vpl/prj/prj.gen/my_rm/bd/ulp/ip/ulp_hmss_0_0/bd_0/ip/ip_27/bd_85ad_interconnect9_8_0/bd_85ad_interconnect9_8_0_in_context.xdc] for cell 'inst/path_8/interconnect9_8'
Parsing XDC File [/home/advent/Desktop/RC19/_x/link/vivado/vpl/prj/prj.gen/my_rm/bd/ulp/ip/ulp_hmss_0_0/bd_0/ip/ip_28/bd_85ad_slice9_8_0/bd_85ad_slice2_1_0_in_context.xdc] for cell 'inst/path_8/slice9_8'
Finished Parsing XDC File [/home/advent/Desktop/RC19/_x/link/vivado/vpl/prj/prj.gen/my_rm/bd/ulp/ip/ulp_hmss_0_0/bd_0/ip/ip_28/bd_85ad_slice9_8_0/bd_85ad_slice2_1_0_in_context.xdc] for cell 'inst/path_8/slice9_8'
Parsing XDC File [/home/advent/Desktop/RC19/_x/link/vivado/vpl/prj/prj.gen/my_rm/bd/ulp/ip/ulp_hmss_0_0/bd_0/ip/ip_30/bd_85ad_interconnect0_10_0/bd_85ad_interconnect0_10_0_in_context.xdc] for cell 'inst/path_10/interconnect0_10'
Finished Parsing XDC File [/home/advent/Desktop/RC19/_x/link/vivado/vpl/prj/prj.gen/my_rm/bd/ulp/ip/ulp_hmss_0_0/bd_0/ip/ip_30/bd_85ad_interconnect0_10_0/bd_85ad_interconnect0_10_0_in_context.xdc] for cell 'inst/path_10/interconnect0_10'
Parsing XDC File [/home/advent/Desktop/RC19/_x/link/vivado/vpl/prj/prj.gen/my_rm/bd/ulp/ip/ulp_hmss_0_0/bd_0/ip/ip_31/bd_85ad_slice0_10_0/bd_85ad_slice0_10_0_in_context.xdc] for cell 'inst/path_10/slice0_10'
Finished Parsing XDC File [/home/advent/Desktop/RC19/_x/link/vivado/vpl/prj/prj.gen/my_rm/bd/ulp/ip/ulp_hmss_0_0/bd_0/ip/ip_31/bd_85ad_slice0_10_0/bd_85ad_slice0_10_0_in_context.xdc] for cell 'inst/path_10/slice0_10'
Parsing XDC File [/home/advent/Desktop/RC19/_x/link/vivado/vpl/prj/prj.gen/my_rm/bd/ulp/ip/ulp_hmss_0_0/bd_0/ip/ip_35/bd_85ad_init_reduce_0/bd_85ad_init_reduce_0_in_context.xdc] for cell 'inst/init_logic/init_reduce'
Finished Parsing XDC File [/home/advent/Desktop/RC19/_x/link/vivado/vpl/prj/prj.gen/my_rm/bd/ulp/ip/ulp_hmss_0_0/bd_0/ip/ip_35/bd_85ad_init_reduce_0/bd_85ad_init_reduce_0_in_context.xdc] for cell 'inst/init_logic/init_reduce'
Parsing XDC File [/home/advent/Desktop/RC19/_x/link/vivado/vpl/prj/prj.runs/ulp_hmss_0_0_synth_1/dont_touch.xdc]
Finished Parsing XDC File [/home/advent/Desktop/RC19/_x/link/vivado/vpl/prj/prj.runs/ulp_hmss_0_0_synth_1/dont_touch.xdc]
Completed Processing XDC Constraints

Netlist sorting complete. Time (s): cpu = 00:00:00 ; elapsed = 00:00:00 . Memory (MB): peak = 3335.141 ; gain = 0.000 ; free physical = 6456 ; free virtual = 10236
INFO: [Project 1-111] Unisim Transformation Summary:
No Unisim elements were transformed.

Constraint Validation Runtime : Time (s): cpu = 00:00:00.14 ; elapsed = 00:00:00.15 . Memory (MB): peak = 3335.141 ; gain = 0.000 ; free physical = 6481 ; free virtual = 10262
INFO: [Designutils 20-5008] Incremental synthesis strategy off
INFO: [Synth 8-11241] undeclared symbol 'REGCCE', assumed default net type 'wire' [/home/advent/Vivado/Vivado/2022.2/data/verilog/src/unimacro/BRAM_SINGLE_MACRO.v:2170]
---------------------------------------------------------------------------------
Finished Constraint Validation : Time (s): cpu = 00:00:09 ; elapsed = 00:00:10 . Memory (MB): peak = 3335.141 ; gain = 517.145 ; free physical = 5326 ; free virtual = 9108
Synthesis current peak Physical Memory [PSS] (MB): peak = 2390.128; parent = 2253.406; children = 136.722
Synthesis current peak Virtual Memory [VSS] (MB): peak = 4311.875; parent = 3335.145; children = 976.730
---------------------------------------------------------------------------------
---------------------------------------------------------------------------------
Start Loading Part and Timing Information
---------------------------------------------------------------------------------
Loading part: xcu55c-fsvh2892-2L-e
INFO: [Synth 8-6742] Reading net delay rules and data
---------------------------------------------------------------------------------
Finished Loading Part and Timing Information : Time (s): cpu = 00:00:09 ; elapsed = 00:00:10 . Memory (MB): peak = 3335.141 ; gain = 517.145 ; free physical = 5299 ; free virtual = 9094
Synthesis current peak Physical Memory [PSS] (MB): peak = 2390.128; parent = 2253.406; children = 136.722
Synthesis current peak Virtual Memory [VSS] (MB): peak = 4311.875; parent = 3335.145; children = 976.730
---------------------------------------------------------------------------------
---------------------------------------------------------------------------------
Start Applying 'set_property' XDC Constraints
---------------------------------------------------------------------------------
Applied set_property KEEP_HIERARCHY = SOFT for inst. (constraint file  auto generated constraint).
Applied set_property KEEP_HIERARCHY = SOFT for inst/hbm_inst. (constraint file  auto generated constraint).
Applied set_property KEEP_HIERARCHY = SOFT for inst/hbm_reset_sync_SLR0. (constraint file  auto generated constraint).
Applied set_property KEEP_HIERARCHY = SOFT for inst/hbm_reset_sync_SLR2. (constraint file  auto generated constraint).
Applied set_property KEEP_HIERARCHY = SOFT for inst/vip_S01. (constraint file  auto generated constraint).
Applied set_property KEEP_HIERARCHY = SOFT for inst/vip_S02. (constraint file  auto generated constraint).
Applied set_property KEEP_HIERARCHY = SOFT for inst/vip_S03. (constraint file  auto generated constraint).
Applied set_property KEEP_HIERARCHY = SOFT for inst/vip_S04. (constraint file  auto generated constraint).
Applied set_property KEEP_HIERARCHY = SOFT for inst/vip_S05. (constraint file  auto generated constraint).
Applied set_property KEEP_HIERARCHY = SOFT for inst/vip_S07. (constraint file  auto generated constraint).
Applied set_property KEEP_HIERARCHY = SOFT for inst/vip_S06. (constraint file  auto generated constraint).
Applied set_property KEEP_HIERARCHY = SOFT for inst/vip_S08. (constraint file  auto generated constraint).
Applied set_property KEEP_HIERARCHY = SOFT for inst/vip_S09. (constraint file  auto generated constraint).
Applied set_property KEEP_HIERARCHY = SOFT for inst/vip_S00. (constraint file  auto generated constraint).
Applied set_property KEEP_HIERARCHY = SOFT for inst/axi_apb_bridge_inst. (constraint file  auto generated constraint).
Applied set_property KEEP_HIERARCHY = SOFT for inst/path_0/interconnect1_0. (constraint file  auto generated constraint).
Applied set_property KEEP_HIERARCHY = SOFT for inst/path_0/slice1_0. (constraint file  auto generated constraint).
Applied set_property KEEP_HIERARCHY = SOFT for inst/path_1/interconnect2_1. (constraint file  auto generated constraint).
Applied set_property KEEP_HIERARCHY = SOFT for inst/path_1/slice2_1. (constraint file  auto generated constraint).
Applied set_property KEEP_HIERARCHY = SOFT for inst/path_2/interconnect3_2. (constraint file  auto generated constraint).
Applied set_property KEEP_HIERARCHY = SOFT for inst/path_2/slice3_2. (constraint file  auto generated constraint).
Applied set_property KEEP_HIERARCHY = SOFT for inst/path_3/interconnect4_3. (constraint file  auto generated constraint).
Applied set_property KEEP_HIERARCHY = SOFT for inst/path_3/slice4_3. (constraint file  auto generated constraint).
Applied set_property KEEP_HIERARCHY = SOFT for inst/path_4/interconnect5_4. (constraint file  auto generated constraint).
Applied set_property KEEP_HIERARCHY = SOFT for inst/path_4/slice5_4. (constraint file  auto generated constraint).
Applied set_property KEEP_HIERARCHY = SOFT for inst/path_5/interconnect7_5. (constraint file  auto generated constraint).
Applied set_property KEEP_HIERARCHY = SOFT for inst/path_5/slice7_5. (constraint file  auto generated constraint).
Applied set_property KEEP_HIERARCHY = SOFT for inst/path_6/interconnect6_6. (constraint file  auto generated constraint).
Applied set_property KEEP_HIERARCHY = SOFT for inst/path_6/slice6_6. (constraint file  auto generated constraint).
Applied set_property KEEP_HIERARCHY = SOFT for inst/path_7/interconnect8_7. (constraint file  auto generated constraint).
Applied set_property KEEP_HIERARCHY = SOFT for inst/path_7/slice8_7. (constraint file  auto generated constraint).
Applied set_property KEEP_HIERARCHY = SOFT for inst/path_8/interconnect9_8. (constraint file  auto generated constraint).
Applied set_property KEEP_HIERARCHY = SOFT for inst/path_8/slice9_8. (constraint file  auto generated constraint).
Applied set_property KEEP_HIERARCHY = SOFT for inst/path_10/interconnect0_10. (constraint file  auto generated constraint).
Applied set_property KEEP_HIERARCHY = SOFT for inst/path_10/slice0_10. (constraint file  auto generated constraint).
Applied set_property KEEP_HIERARCHY = SOFT for inst/init_logic/init_concat. (constraint file  auto generated constraint).
Applied set_property KEEP_HIERARCHY = SOFT for inst/init_logic/init_reduce. (constraint file  auto generated constraint).
---------------------------------------------------------------------------------
Finished applying 'set_property' XDC Constraints : Time (s): cpu = 00:00:09 ; elapsed = 00:00:10 . Memory (MB): peak = 3335.141 ; gain = 517.145 ; free physical = 5294 ; free virtual = 9071
Synthesis current peak Physical Memory [PSS] (MB): peak = 2390.128; parent = 2253.406; children = 136.722
Synthesis current peak Virtual Memory [VSS] (MB): peak = 4311.875; parent = 3335.145; children = 976.730
---------------------------------------------------------------------------------
---------------------------------------------------------------------------------
Finished RTL Optimization Phase 2 : Time (s): cpu = 00:00:10 ; elapsed = 00:00:11 . Memory (MB): peak = 3335.141 ; gain = 517.145 ; free physical = 5093 ; free virtual = 8872
Synthesis current peak Physical Memory [PSS] (MB): peak = 2390.128; parent = 2253.406; children = 136.722
Synthesis current peak Virtual Memory [VSS] (MB): peak = 4311.875; parent = 3335.145; children = 976.730
---------------------------------------------------------------------------------
---------------------------------------------------------------------------------
Start RTL Component Statistics 
---------------------------------------------------------------------------------
Detailed RTL Component Info : 
---------------------------------------------------------------------------------
Finished RTL Component Statistics 
---------------------------------------------------------------------------------
---------------------------------------------------------------------------------
Start Part Resource Summary
---------------------------------------------------------------------------------
Part Resources:
DSPs: 9024 (col length:94)
BRAMs: 4032 (col length: RAMB18 288 RAMB36 144)
---------------------------------------------------------------------------------
Finished Part Resource Summary
---------------------------------------------------------------------------------
---------------------------------------------------------------------------------
Start Cross Boundary and Area Optimization
---------------------------------------------------------------------------------
WARNING: [Synth 8-7080] Parallel synthesis criteria is not met
---------------------------------------------------------------------------------
Finished Cross Boundary and Area Optimization : Time (s): cpu = 00:00:11 ; elapsed = 00:00:12 . Memory (MB): peak = 3335.141 ; gain = 517.145 ; free physical = 4834 ; free virtual = 8622
Synthesis current peak Physical Memory [PSS] (MB): peak = 2390.128; parent = 2253.406; children = 136.722
Synthesis current peak Virtual Memory [VSS] (MB): peak = 4311.875; parent = 3335.145; children = 976.730
---------------------------------------------------------------------------------
---------------------------------------------------------------------------------
Start Applying XDC Timing Constraints
---------------------------------------------------------------------------------
---------------------------------------------------------------------------------
Finished Applying XDC Timing Constraints : Time (s): cpu = 00:00:19 ; elapsed = 00:00:21 . Memory (MB): peak = 3674.281 ; gain = 856.285 ; free physical = 7052 ; free virtual = 10838
Synthesis current peak Physical Memory [PSS] (MB): peak = 2867.889; parent = 2731.086; children = 137.619
Synthesis current peak Virtual Memory [VSS] (MB): peak = 4651.016; parent = 3674.285; children = 976.730
---------------------------------------------------------------------------------
---------------------------------------------------------------------------------
Start Timing Optimization
---------------------------------------------------------------------------------
---------------------------------------------------------------------------------
Finished Timing Optimization : Time (s): cpu = 00:00:19 ; elapsed = 00:00:21 . Memory (MB): peak = 3678.281 ; gain = 860.285 ; free physical = 7015 ; free virtual = 10802
Synthesis current peak Physical Memory [PSS] (MB): peak = 2870.893; parent = 2734.090; children = 137.619
Synthesis current peak Virtual Memory [VSS] (MB): peak = 4655.016; parent = 3678.285; children = 976.730
---------------------------------------------------------------------------------
---------------------------------------------------------------------------------
Start Technology Mapping
---------------------------------------------------------------------------------
---------------------------------------------------------------------------------
Finished Technology Mapping : Time (s): cpu = 00:00:19 ; elapsed = 00:00:21 . Memory (MB): peak = 3703.977 ; gain = 885.980 ; free physical = 7113 ; free virtual = 10914
Synthesis current peak Physical Memory [PSS] (MB): peak = 2874.656; parent = 2737.863; children = 137.619
Synthesis current peak Virtual Memory [VSS] (MB): peak = 4680.711; parent = 3703.980; children = 976.730
---------------------------------------------------------------------------------
---------------------------------------------------------------------------------
Start IO Insertion
---------------------------------------------------------------------------------
---------------------------------------------------------------------------------
Start Flattening Before IO Insertion
---------------------------------------------------------------------------------
---------------------------------------------------------------------------------
Finished Flattening Before IO Insertion
---------------------------------------------------------------------------------
---------------------------------------------------------------------------------
Start Final Netlist Cleanup
---------------------------------------------------------------------------------
---------------------------------------------------------------------------------
Finished Final Netlist Cleanup
---------------------------------------------------------------------------------
---------------------------------------------------------------------------------
Finished IO Insertion : Time (s): cpu = 00:00:22 ; elapsed = 00:00:25 . Memory (MB): peak = 3706.945 ; gain = 888.949 ; free physical = 8168 ; free virtual = 11967
Synthesis current peak Physical Memory [PSS] (MB): peak = 2876.604; parent = 2739.766; children = 137.619
Synthesis current peak Virtual Memory [VSS] (MB): peak = 4683.680; parent = 3706.949; children = 976.730
---------------------------------------------------------------------------------
---------------------------------------------------------------------------------
Start Renaming Generated Instances
---------------------------------------------------------------------------------
---------------------------------------------------------------------------------
Finished Renaming Generated Instances : Time (s): cpu = 00:00:22 ; elapsed = 00:00:25 . Memory (MB): peak = 3706.945 ; gain = 888.949 ; free physical = 8133 ; free virtual = 11933
Synthesis current peak Physical Memory [PSS] (MB): peak = 2876.604; parent = 2739.766; children = 137.619
Synthesis current peak Virtual Memory [VSS] (MB): peak = 4683.680; parent = 3706.949; children = 976.730
---------------------------------------------------------------------------------
---------------------------------------------------------------------------------
Start Rebuilding User Hierarchy
---------------------------------------------------------------------------------
---------------------------------------------------------------------------------
Finished Rebuilding User Hierarchy : Time (s): cpu = 00:00:23 ; elapsed = 00:00:25 . Memory (MB): peak = 3706.945 ; gain = 888.949 ; free physical = 8078 ; free virtual = 11878
Synthesis current peak Physical Memory [PSS] (MB): peak = 2877.012; parent = 2740.400; children = 137.619
Synthesis current peak Virtual Memory [VSS] (MB): peak = 4683.680; parent = 3706.949; children = 976.730
---------------------------------------------------------------------------------
---------------------------------------------------------------------------------
Start Renaming Generated Ports
---------------------------------------------------------------------------------
---------------------------------------------------------------------------------
Finished Renaming Generated Ports : Time (s): cpu = 00:00:23 ; elapsed = 00:00:25 . Memory (MB): peak = 3706.945 ; gain = 888.949 ; free physical = 8010 ; free virtual = 11809
Synthesis current peak Physical Memory [PSS] (MB): peak = 2877.012; parent = 2740.400; children = 137.619
Synthesis current peak Virtual Memory [VSS] (MB): peak = 4683.680; parent = 3706.949; children = 976.730
---------------------------------------------------------------------------------
---------------------------------------------------------------------------------
Start Handling Custom Attributes
---------------------------------------------------------------------------------
---------------------------------------------------------------------------------
Finished Handling Custom Attributes : Time (s): cpu = 00:00:23 ; elapsed = 00:00:25 . Memory (MB): peak = 3706.945 ; gain = 888.949 ; free physical = 7971 ; free virtual = 11770
Synthesis current peak Physical Memory [PSS] (MB): peak = 2877.012; parent = 2740.400; children = 137.619
Synthesis current peak Virtual Memory [VSS] (MB): peak = 4683.680; parent = 3706.949; children = 976.730
---------------------------------------------------------------------------------
---------------------------------------------------------------------------------
Start Renaming Generated Nets
---------------------------------------------------------------------------------
---------------------------------------------------------------------------------
Finished Renaming Generated Nets : Time (s): cpu = 00:00:23 ; elapsed = 00:00:25 . Memory (MB): peak = 3706.945 ; gain = 888.949 ; free physical = 7967 ; free virtual = 11767
Synthesis current peak Physical Memory [PSS] (MB): peak = 2877.012; parent = 2740.400; children = 137.619
Synthesis current peak Virtual Memory [VSS] (MB): peak = 4683.680; parent = 3706.949; children = 976.730
---------------------------------------------------------------------------------
---------------------------------------------------------------------------------
Start Writing Synthesis Report
---------------------------------------------------------------------------------

Report BlackBoxes: 
+------+------------------------------+----------+
|      |BlackBox name                 |Instances |
+------+------------------------------+----------+
|1     |bd_85ad_axi_apb_bridge_inst_0 |         1|
|2     |bd_85ad_hbm_inst_0            |         1|
|3     |bd_85ad_hbm_reset_sync_SLR0_0 |         1|
|4     |bd_85ad_hbm_reset_sync_SLR2_0 |         1|
|5     |bd_85ad_vip_S00_0             |         1|
|6     |bd_85ad_vip_S01_0             |         1|
|7     |bd_85ad_vip_S02_0             |         1|
|8     |bd_85ad_vip_S03_0             |         1|
|9     |bd_85ad_vip_S04_0             |         1|
|10    |bd_85ad_vip_S05_0             |         1|
|11    |bd_85ad_vip_S06_0             |         1|
|12    |bd_85ad_vip_S07_0             |         1|
|13    |bd_85ad_vip_S08_0             |         1|
|14    |bd_85ad_vip_S09_0             |         1|
|15    |bd_85ad_init_reduce_0         |         1|
|16    |bd_85ad_interconnect1_0_0     |         1|
|17    |bd_85ad_slice1_0_0            |         1|
|18    |bd_85ad_interconnect2_1_0     |         1|
|19    |bd_85ad_slice2_1_0            |         1|
|20    |bd_85ad_interconnect0_10_0    |         1|
|21    |bd_85ad_slice0_10_0           |         1|
|22    |bd_85ad_interconnect3_2_0     |         1|
|23    |bd_85ad_slice3_2_0            |         1|
|24    |bd_85ad_interconnect4_3_0     |         1|
|25    |bd_85ad_slice4_3_0            |         1|
|26    |bd_85ad_interconnect5_4_0     |         1|
|27    |bd_85ad_slice5_4_0            |         1|
|28    |bd_85ad_interconnect7_5_0     |         1|
|29    |bd_85ad_slice7_5_0            |         1|
|30    |bd_85ad_interconnect6_6_0     |         1|
|31    |bd_85ad_slice6_6_0            |         1|
|32    |bd_85ad_interconnect8_7_0     |         1|
|33    |bd_85ad_slice8_7_0            |         1|
|34    |bd_85ad_interconnect9_8_0     |         1|
|35    |bd_85ad_slice9_8_0            |         1|
+------+------------------------------+----------+

Report Cell Usage: 
+------+----------------------------+------+
|      |Cell                        |Count |
+------+----------------------------+------+
|1     |bd_85ad_axi_apb_bridge_inst |     1|
|2     |bd_85ad_hbm_inst            |     1|
|3     |bd_85ad_hbm_reset_sync_SLR0 |     1|
|4     |bd_85ad_hbm_reset_sync_SLR2 |     1|
|5     |bd_85ad_init_reduce         |     1|
|6     |bd_85ad_interconnect0_10    |     1|
|7     |bd_85ad_interconnect1_0     |     1|
|8     |bd_85ad_interconnect2_1     |     1|
|9     |bd_85ad_interconnect3_2     |     1|
|10    |bd_85ad_interconnect4_3     |     1|
|11    |bd_85ad_interconnect5_4     |     1|
|12    |bd_85ad_interconnect6_6     |     1|
|13    |bd_85ad_interconnect7_5     |     1|
|14    |bd_85ad_interconnect8_7     |     1|
|15    |bd_85ad_interconnect9_8     |     1|
|16    |bd_85ad_slice0_10           |     1|
|17    |bd_85ad_slice1_0            |     1|
|18    |bd_85ad_slice2_1            |     1|
|19    |bd_85ad_slice3_2            |     1|
|20    |bd_85ad_slice4_3            |     1|
|21    |bd_85ad_slice5_4            |     1|
|22    |bd_85ad_slice6_6            |     1|
|23    |bd_85ad_slice7_5            |     1|
|24    |bd_85ad_slice8_7            |     1|
|25    |bd_85ad_slice9_8            |     1|
|26    |bd_85ad_vip_S00             |     1|
|27    |bd_85ad_vip_S01             |     1|
|28    |bd_85ad_vip_S02             |     1|
|29    |bd_85ad_vip_S03             |     1|
|30    |bd_85ad_vip_S04             |     1|
|31    |bd_85ad_vip_S05             |     1|
|32    |bd_85ad_vip_S06             |     1|
|33    |bd_85ad_vip_S07             |     1|
|34    |bd_85ad_vip_S08             |     1|
|35    |bd_85ad_vip_S09             |     1|
+------+----------------------------+------+
---------------------------------------------------------------------------------
Finished Writing Synthesis Report : Time (s): cpu = 00:00:23 ; elapsed = 00:00:25 . Memory (MB): peak = 3706.945 ; gain = 888.949 ; free physical = 8089 ; free virtual = 11889
Synthesis current peak Physical Memory [PSS] (MB): peak = 2877.012; parent = 2740.400; children = 137.619
Synthesis current peak Virtual Memory [VSS] (MB): peak = 4683.680; parent = 3706.949; children = 976.730
---------------------------------------------------------------------------------
Synthesis finished with 0 errors, 0 critical warnings and 1 warnings.
Synthesis Optimization Runtime : Time (s): cpu = 00:00:20 ; elapsed = 00:00:23 . Memory (MB): peak = 3706.945 ; gain = 849.258 ; free physical = 8106 ; free virtual = 11906
Synthesis Optimization Complete : Time (s): cpu = 00:00:23 ; elapsed = 00:00:26 . Memory (MB): peak = 3706.953 ; gain = 888.949 ; free physical = 8090 ; free virtual = 11891
INFO: [Project 1-571] Translating synthesized netlist
Netlist sorting complete. Time (s): cpu = 00:00:00.08 ; elapsed = 00:00:00.09 . Memory (MB): peak = 3706.953 ; gain = 0.000 ; free physical = 8002 ; free virtual = 11802
INFO: [Project 1-570] Preparing netlist for logic optimization
INFO: [Opt 31-138] Pushed 0 inverter(s) to 0 load pin(s).
Netlist sorting complete. Time (s): cpu = 00:00:00 ; elapsed = 00:00:00 . Memory (MB): peak = 3813.461 ; gain = 0.000 ; free physical = 7112 ; free virtual = 10911
INFO: [Project 1-111] Unisim Transformation Summary:
No Unisim elements were transformed.

Synth Design complete, checksum: c0ec2ee3
INFO: [Common 17-83] Releasing license: Synthesis
128 Infos, 229 Warnings, 0 Critical Warnings and 0 Errors encountered.
synth_design completed successfully
synth_design: Time (s): cpu = 00:00:33 ; elapsed = 00:00:34 . Memory (MB): peak = 3819.398 ; gain = 2319.027 ; free physical = 7073 ; free virtual = 10873
INFO: [Common 17-600] The following parameters have non-default value.
general.maxThreads
INFO: [Common 17-1381] The checkpoint '/home/advent/Desktop/RC19/_x/link/vivado/vpl/prj/prj.runs/ulp_hmss_0_0_synth_1/ulp_hmss_0_0.dcp' has been generated.
INFO: [Coretcl 2-1648] Added synthesis output to IP cache for IP ulp_hmss_0_0, cache-ID = 4b0b6fa2230ff61f
INFO: [Coretcl 2-1174] Renamed 48 cell refs.
INFO: [Common 17-1381] The checkpoint '/home/advent/Desktop/RC19/_x/link/vivado/vpl/prj/prj.runs/ulp_hmss_0_0_synth_1/ulp_hmss_0_0.dcp' has been generated.
INFO: [runtcl-4] Executing : report_utilization -file ulp_hmss_0_0_utilization_synth.rpt -pb ulp_hmss_0_0_utilization_synth.pb
INFO: [Common 17-206] Exiting Vivado at Mon Apr 27 18:50:10 2026...
