#-----------------------------------------------------------
# Vivado v2022.2 (64-bit)
# SW Build 3671981 on Fri Oct 14 04:59:54 MDT 2022
# IP Build 3669848 on Fri Oct 14 08:30:02 MDT 2022
# Start of session at: Mon Apr 27 18:43:54 2026
# Process ID: 50890
# Current directory: /home/advent/Desktop/RC19/_x/link/vivado/vpl
# Command line: vivado -log vivado.log -applog -messageDb vivado.pb -mode batch -source vpl.tcl -notrace
# Log file: /home/advent/Desktop/RC19/_x/link/vivado/vpl/vivado.log
# Journal file: /home/advent/Desktop/RC19/_x/link/vivado/vpl/vivado.jou
# Running On: advent, OS: Linux, CPU Frequency: 4446.033 MHz, CPU Physical cores: 14, Host memory: 33343 MB
#-----------------------------------------------------------
source vpl.tcl -notrace
INFO: Dispatch client connection id - 37729
[18:43:56] Run vpl: Step create_project: Started
INFO: [OCL_UTIL] current step: vpl.create_project
Creating Vivado project.
INFO: [OCL_UTIL] internal step: source .local/hw_platform/tcl_hooks/prelink.tcl
INFO: [OCL_UTIL] internal step: create_project -part xcu55c-fsvh2892-2L-e -force prj prj
INFO: [OCL_UTIL] set_property design_mode GateLvl [current_fileset]
INFO: [Vivado 12-3498] Setting project source management mode (property SOURCE_MGMT_MODE) to "None".
INFO: [OCL_UTIL] set_property PR_FLOW 1 [current_project]
INFO: [OCL_UTIL] internal step: add_files .local/hw_platform/hw_bb_locked.dcp
INFO: [OCL_UTIL] internal step: create_partition_def -name my_pd -module ulp
INFO: [OCL_UTIL] internal step: create_reconfig_module -name my_rm -partition_def [get_partition_defs my_pd ] -top ulp
INFO: [OCL_UTIL] set_property use_blackbox_stub false [get_filesets my_rm -of_objects [get_reconfig_modules my_rm]]
INFO: [OCL_UTIL] set_property USE_BLACKBOX_STUB 0 [get_partition_defs my_pd]
INFO: [OCL_UTIL] internal step: create_pr_configuration -name config_1 -partitions [list level0_i/ulp:my_rm]
CRITICAL WARNING: [filemgmt 20-730] Could not find a top module in the fileset my_rm.
Resolution: With the gui up, review the source files in the Sources window. Use Add Sources to add any needed sources. If the files are disabled, enable them. You can also select the file and choose Set Used In from the pop-up menu. Review if they are being used at the proper points of the flow.
INFO: [OCL_UTIL] set_property AUTO_IMPORT 0 [get_pr_configuration config_1]
INFO: [OCL_UTIL] set_property USE_BLACKBOX 0 [get_pr_configuration config_1]
[18:43:59] Run vpl: Step create_project: Completed
[18:43:59] Run vpl: Step create_bd: Started
INFO: [OCL_UTIL] current step: vpl.create_bd
INFO: [OCL_UTIL] set_property board_part_repo_paths .local/hw_platform/board [current_project]
INFO: [OCL_UTIL] set_property board_part xilinx.com:au55c:part0:1.0 [current_project]
WARNING: [Board 49-151] The current board 'xilinx.com::au55c:1.0' is from a local repo. The vivado install has a corresponding board with version greater than or equal to the local repo board. Please use boards from vivado install to avoid any upgrade/migrate issues
INFO: [OCL_UTIL] set_property ip_repo_paths /home/advent/Desktop/RC19/_x/link/int/xo/ip_repo/xilinx_com_hls_softmax_u55c_kernel_1_0 /home/advent/Desktop/RC19/_x/link/int/xo/ip_repo/xilinx_com_hls_attention_score_u55c_kernel_1_0 /home/advent/Desktop/RC19/_x/link/int/xo/ip_repo/xilinx_com_hls_causal_mask_u55c_kernel_1_0 /home/advent/Desktop/RC19/_x/link/int/xo/ip_repo/xilinx_com_hls_score_scale_u55c_kernel_1_0 .local/hw_platform/iprepo .local/hw_platform/ipcache /home/advent/Vivado/Vitis/2022.2/data/ip [current_project]
INFO: [OCL_UTIL] internal step: update_ip_catalog
INFO: [IP_Flow 19-234] Refreshing IP repositories
INFO: [IP_Flow 19-1700] Loaded user IP repository '/home/advent/Desktop/RC19/_x/link/int/xo/ip_repo/xilinx_com_hls_softmax_u55c_kernel_1_0'.
INFO: [IP_Flow 19-1700] Loaded user IP repository '/home/advent/Desktop/RC19/_x/link/int/xo/ip_repo/xilinx_com_hls_attention_score_u55c_kernel_1_0'.
INFO: [IP_Flow 19-1700] Loaded user IP repository '/home/advent/Desktop/RC19/_x/link/int/xo/ip_repo/xilinx_com_hls_causal_mask_u55c_kernel_1_0'.
INFO: [IP_Flow 19-1700] Loaded user IP repository '/home/advent/Desktop/RC19/_x/link/int/xo/ip_repo/xilinx_com_hls_score_scale_u55c_kernel_1_0'.
INFO: [IP_Flow 19-1700] Loaded user IP repository '/home/advent/Desktop/RC19/_x/link/vivado/vpl/.local/hw_platform/iprepo'.
INFO: [IP_Flow 19-1700] Loaded user IP repository '/home/advent/Desktop/RC19/_x/link/vivado/vpl/.local/hw_platform/ipcache'.
INFO: [IP_Flow 19-1700] Loaded user IP repository '/home/advent/Vivado/Vitis/2022.2/data/ip'.
INFO: [IP_Flow 19-2313] Loaded Vivado IP repository '/home/advent/Vivado/Vivado/2022.2/data/ip'.
WARNING: [IP_Flow 19-1663] Duplicate IP found for 'xilinx.com:ip:clk_metadata_adapter:1.0'. The one found in IP location '/home/advent/Desktop/RC19/_x/link/vivado/vpl/.local/hw_platform/iprepo/ipdefs/pxi_ii_infra/clk_metadata_adapter_v1_0' will take precedence over the same IP in location /home/advent/Desktop/RC19/_x/link/vivado/vpl/.local/hw_platform/iprepo/ipdefs/other_ipdefs/clk_metadata_adapter_v1_0
WARNING: [IP_Flow 19-1663] Duplicate IP found for 'xilinx.com:ip:pipeline_reg:1.0'. The one found in IP location '/home/advent/Desktop/RC19/_x/link/vivado/vpl/.local/hw_platform/iprepo/ipdefs/pxi_ii_infra/pipeline_reg_v1_0' will take precedence over the same IP in location /home/advent/Desktop/RC19/_x/link/vivado/vpl/.local/hw_platform/iprepo/ipdefs/other_ipdefs/pipeline_reg_v1_0
WARNING: [IP_Flow 19-1663] Duplicate IP found for 'xilinx.com:ip:axi_clk_metadata_adapter:1.0'. The one found in IP location '/home/advent/Desktop/RC19/_x/link/vivado/vpl/.local/hw_platform/iprepo/ipdefs/other_ipdefs/axi_clk_metadata_adapter_v1_0' will take precedence over the same IP in location /home/advent/Desktop/RC19/_x/link/vivado/vpl/.local/hw_platform/iprepo/ipdefs/pxi_ii_infra/axi_clk_metadata_adapter_v1_0
WARNING: [IP_Flow 19-1663] Duplicate IP found for 'xilinx.com:ip:shell_utils_build_info:1.0'. The one found in IP location '/home/advent/Desktop/RC19/_x/link/vivado/vpl/.local/hw_platform/iprepo/ipdefs/other_ipdefs/shell_utils_build_info_v1_0' will take precedence over the same IP in the Xilinx installed IP.
WARNING: [IP_Flow 19-1663] Duplicate IP found for 'xilinx.com:ip:axis_clk_metadata_adapter:1.0'. The one found in IP location '/home/advent/Desktop/RC19/_x/link/vivado/vpl/.local/hw_platform/iprepo/ipdefs/other_ipdefs/axis_clk_metadata_adapter_v1_0' will take precedence over the same IP in location /home/advent/Desktop/RC19/_x/link/vivado/vpl/.local/hw_platform/iprepo/ipdefs/pxi_ii_infra/axis_clk_metadata_adapter_v1_0
INFO: [OCL_UTIL] internal step: config_ip_cache -use_cache_location /home/advent/Desktop/RC19/.ipcache
INFO: [OCL_UTIL] internal step: import_files -norecurse .local/hw_platform/bd/202210_1_dev.srcs/sources_1/bd/ulp/ulp.bd -of_objects my_rm
INFO: [Project 1-1727] Source BDs should be added before importing the top BD /home/advent/Desktop/RC19/_x/link/vivado/vpl/.local/hw_platform/bd/202210_1_dev.srcs/sources_1/bd/ulp/ulp.bd with BDC
WARNING: [BD 41-1661] One or more IPs have been locked in the design 'ulp.bd'. Please run report_ip_status for more details and recommendations on how to fix this issue.
List of locked IPs:
ulp_axi_vip_data_3
ulp_s00_regslice_8
ulp_axi_vip_ctrl_userpf_2
ulp_axi_vip_data_2
ulp_regslice_data_1
ulp_interconnect_axilite_user_2
ulp_axi_vip_ctrl_userpf_1
ulp_auto_cc_2
ulp_regslice_control_userpf_1
ulp_axi_gpio_null_1
ulp_axi_vip_data_0
ulp_axi_regslice_slr1_0
ulp_memory_subsystem_0
ulp_axi_regslice_slr0_0
ulp_regslice_control_userpf_2
ulp_axi_gpio_null_2
ulp_axi_ic_ctrl_mgmt_slr1_0
ulp_regslice_data_0
ulp_s00_regslice_7
ulp_xbar_0
ulp_axi_regslice_slr2_0
ulp_interconnect_axilite_user_1
ulp_hmss_0_0
ulp_axi_data_sc_0
ulp_axi_vip_ctrl_userpf_0
ulp_s00_regslice_6
ulp_auto_cc_0
ulp_regslice_data_2
ulp_interconnect_axilite_user_0
ulp_auto_cc_1
ulp_axi_gpio_null_0
ulp_regslice_control_userpf_0
ulp_axi_vip_data_1

WARNING: [IP_Flow 19-2162] IP 'ulp_xbar_0' is locked:
* IP definition 'AXI Crossbar (2.1)' for IP 'ulp_xbar_0' (customized with software release 2022.1) has a different revision in the IP Catalog.
WARNING: [IP_Flow 19-2162] IP 'ulp_axi_ic_ctrl_mgmt_slr1_0' is locked:
* IP definition 'AXI Interconnect (2.1)' for IP 'ulp_axi_ic_ctrl_mgmt_slr1_0' (customized with software release 2022.1) has a different revision in the IP Catalog.
WARNING: [IP_Flow 19-2162] IP 'ulp_memory_subsystem_0' is locked:
* IP definition 'SDx Memory Subsystem (1.0)' for IP 'ulp_memory_subsystem_0' (customized with software release 2022.1) has a different revision in the IP Catalog.
WARNING: [IP_Flow 19-2162] IP 'ulp_hmss_0_0' is locked:
* IP definition 'HBM Memory Subsystem (HMSS) (2.0)' for IP 'ulp_hmss_0_0' (customized with software release 2022.1) has a different revision in the IP Catalog.
WARNING: [IP_Flow 19-2162] IP 'ulp_axi_vip_data_0' is locked:
* IP definition 'AXI Verification IP (1.1)' for IP 'ulp_axi_vip_data_0' (customized with software release 2022.1) has a different revision in the IP Catalog.
WARNING: [IP_Flow 19-2162] IP 'ulp_axi_data_sc_0' is locked:
* IP definition 'AXI SmartConnect (1.0)' for IP 'ulp_axi_data_sc_0' (customized with software release 2022.1) has a different revision in the IP Catalog.
WARNING: [IP_Flow 19-2162] IP 'ulp_axi_regslice_slr0_0' is locked:
* IP definition 'AXI Register Slice (2.1)' for IP 'ulp_axi_regslice_slr0_0' (customized with software release 2022.1) has a different revision in the IP Catalog.
WARNING: [IP_Flow 19-2162] IP 'ulp_axi_regslice_slr1_0' is locked:
* IP definition 'AXI Register Slice (2.1)' for IP 'ulp_axi_regslice_slr1_0' (customized with software release 2022.1) has a different revision in the IP Catalog.
WARNING: [IP_Flow 19-2162] IP 'ulp_axi_regslice_slr2_0' is locked:
* IP definition 'AXI Register Slice (2.1)' for IP 'ulp_axi_regslice_slr2_0' (customized with software release 2022.1) has a different revision in the IP Catalog.
WARNING: [IP_Flow 19-2162] IP 'ulp_axi_gpio_null_0' is locked:
* IP definition 'AXI GPIO (2.0)' for IP 'ulp_axi_gpio_null_0' (customized with software release 2022.1) has a different revision in the IP Catalog.
WARNING: [IP_Flow 19-2162] IP 'ulp_axi_vip_ctrl_userpf_0' is locked:
* IP definition 'AXI Verification IP (1.1)' for IP 'ulp_axi_vip_ctrl_userpf_0' (customized with software release 2022.1) has a different revision in the IP Catalog.
WARNING: [IP_Flow 19-2162] IP 'ulp_s00_regslice_6' is locked:
* IP definition 'AXI Register Slice (2.1)' for IP 'ulp_s00_regslice_6' (customized with software release 2022.1) has a different revision in the IP Catalog.
WARNING: [IP_Flow 19-2162] IP 'ulp_auto_cc_0' is locked:
* IP definition 'AXI Clock Converter (2.1)' for IP 'ulp_auto_cc_0' (customized with software release 2022.1) has a different revision in the IP Catalog.
WARNING: [IP_Flow 19-2162] IP 'ulp_interconnect_axilite_user_0' is locked:
* IP definition 'AXI Interconnect (2.1)' for IP 'ulp_interconnect_axilite_user_0' (customized with software release 2022.1) has a different revision in the IP Catalog.
WARNING: [IP_Flow 19-2162] IP 'ulp_regslice_control_userpf_0' is locked:
* IP definition 'AXI Register Slice (2.1)' for IP 'ulp_regslice_control_userpf_0' (customized with software release 2022.1) has a different revision in the IP Catalog.
WARNING: [IP_Flow 19-2162] IP 'ulp_regslice_data_0' is locked:
* IP definition 'AXI Register Slice (2.1)' for IP 'ulp_regslice_data_0' (customized with software release 2022.1) has a different revision in the IP Catalog.
WARNING: [IP_Flow 19-2162] IP 'ulp_axi_vip_data_1' is locked:
* IP definition 'AXI Verification IP (1.1)' for IP 'ulp_axi_vip_data_1' (customized with software release 2022.1) has a different revision in the IP Catalog.
WARNING: [IP_Flow 19-2162] IP 'ulp_axi_gpio_null_1' is locked:
* IP definition 'AXI GPIO (2.0)' for IP 'ulp_axi_gpio_null_1' (customized with software release 2022.1) has a different revision in the IP Catalog.
WARNING: [IP_Flow 19-2162] IP 'ulp_axi_vip_ctrl_userpf_1' is locked:
* IP definition 'AXI Verification IP (1.1)' for IP 'ulp_axi_vip_ctrl_userpf_1' (customized with software release 2022.1) has a different revision in the IP Catalog.
WARNING: [IP_Flow 19-2162] IP 'ulp_s00_regslice_7' is locked:
* IP definition 'AXI Register Slice (2.1)' for IP 'ulp_s00_regslice_7' (customized with software release 2022.1) has a different revision in the IP Catalog.
WARNING: [IP_Flow 19-2162] IP 'ulp_auto_cc_1' is locked:
* IP definition 'AXI Clock Converter (2.1)' for IP 'ulp_auto_cc_1' (customized with software release 2022.1) has a different revision in the IP Catalog.
WARNING: [IP_Flow 19-2162] IP 'ulp_interconnect_axilite_user_1' is locked:
* IP definition 'AXI Interconnect (2.1)' for IP 'ulp_interconnect_axilite_user_1' (customized with software release 2022.1) has a different revision in the IP Catalog.
WARNING: [IP_Flow 19-2162] IP 'ulp_regslice_control_userpf_1' is locked:
* IP definition 'AXI Register Slice (2.1)' for IP 'ulp_regslice_control_userpf_1' (customized with software release 2022.1) has a different revision in the IP Catalog.
WARNING: [IP_Flow 19-2162] IP 'ulp_regslice_data_1' is locked:
* IP definition 'AXI Register Slice (2.1)' for IP 'ulp_regslice_data_1' (customized with software release 2022.1) has a different revision in the IP Catalog.
WARNING: [IP_Flow 19-2162] IP 'ulp_axi_vip_data_2' is locked:
* IP definition 'AXI Verification IP (1.1)' for IP 'ulp_axi_vip_data_2' (customized with software release 2022.1) has a different revision in the IP Catalog.
WARNING: [IP_Flow 19-2162] IP 'ulp_axi_gpio_null_2' is locked:
* IP definition 'AXI GPIO (2.0)' for IP 'ulp_axi_gpio_null_2' (customized with software release 2022.1) has a different revision in the IP Catalog.
WARNING: [IP_Flow 19-2162] IP 'ulp_axi_vip_ctrl_userpf_2' is locked:
* IP definition 'AXI Verification IP (1.1)' for IP 'ulp_axi_vip_ctrl_userpf_2' (customized with software release 2022.1) has a different revision in the IP Catalog.
WARNING: [IP_Flow 19-2162] IP 'ulp_s00_regslice_8' is locked:
* IP definition 'AXI Register Slice (2.1)' for IP 'ulp_s00_regslice_8' (customized with software release 2022.1) has a different revision in the IP Catalog.
WARNING: [IP_Flow 19-2162] IP 'ulp_auto_cc_2' is locked:
* IP definition 'AXI Clock Converter (2.1)' for IP 'ulp_auto_cc_2' (customized with software release 2022.1) has a different revision in the IP Catalog.
WARNING: [IP_Flow 19-2162] IP 'ulp_interconnect_axilite_user_2' is locked:
* IP definition 'AXI Interconnect (2.1)' for IP 'ulp_interconnect_axilite_user_2' (customized with software release 2022.1) has a different revision in the IP Catalog.
WARNING: [IP_Flow 19-2162] IP 'ulp_regslice_control_userpf_2' is locked:
* IP definition 'AXI Register Slice (2.1)' for IP 'ulp_regslice_control_userpf_2' (customized with software release 2022.1) has a different revision in the IP Catalog.
WARNING: [IP_Flow 19-2162] IP 'ulp_regslice_data_2' is locked:
* IP definition 'AXI Register Slice (2.1)' for IP 'ulp_regslice_data_2' (customized with software release 2022.1) has a different revision in the IP Catalog.
WARNING: [IP_Flow 19-2162] IP 'ulp_axi_vip_data_3' is locked:
* IP definition 'AXI Verification IP (1.1)' for IP 'ulp_axi_vip_data_3' (customized with software release 2022.1) has a different revision in the IP Catalog.
INFO: [OCL_UTIL] set_property synth_checkpoint_mode Hierarchical [get_files -all ulp.bd]
INFO: [OCL_UTIL] internal step: open_bd_design -auto_upgrade [get_files ulp.bd]
Reading block design file </home/advent/Desktop/RC19/_x/link/vivado/vpl/prj/prj.srcs/my_rm/bd/ulp/ulp.bd>...
Adding component instance block -- xilinx.com:ip:ii_level0_wire:1.0 - ii_level0_wire
Adding component instance block -- xilinx.com:ip:shell_cmp_subsystem:3.0 - ulp_cmp
INFO: [xilinx.com:ip:debug_bridge:3.0-0] bd_097b_user_debug_bridge_0:  Update boundary has completed 
INFO: [xilinx.com:ip:debug_bridge:3.0-0] bd_097b_user_debug_bridge_0:  Update boundary has started running 
INFO: [xilinx.com:ip:debug_bridge:3.0-0] bd_097b_user_debug_bridge_0:  Update content has started running 
INFO: [xilinx.com:ip:debug_bridge:3.0-0] bd_097b_user_debug_hub_0:  Update boundary has completed 
INFO: [xilinx.com:ip:debug_bridge:3.0-0] bd_097b_user_debug_hub_0:  Update boundary has started running 
INFO: [xilinx.com:ip:debug_bridge:3.0-0] bd_097b_user_debug_hub_0:  Update content has started running 
Slave segment '/user_debug_bridge/S_AXI/REG' is being assigned into address space '/s_axi_ctrl_user_debug' at <0x0140_0000 [ 64K ]>.
Address Space </s_axi_ctrl_user_debug> has no unaddressed segments
Slave segment '/build_info/S_AXI/reg0' is being assigned into address space '/s_axi_ctrl_mgmt' at <0x0102_0000 [ 4K ]>.
Address Space </s_axi_ctrl_mgmt> has no unaddressed segments
Adding component instance block -- xilinx.com:ip:axi_interconnect:2.1 - axi_ic_ctrl_mgmt_slr1
Adding component instance block -- xilinx.com:ip:axi_crossbar:2.1 - xbar
Adding component instance block -- xilinx.com:ip:sdx_memory_subsystem:1.0 - memory_subsystem
Adding component instance block -- xilinx.com:ip:hbm_memory_subsystem:2.0 - hmss_0
Adding component instance block -- xilinx.com:ip:axi_vip:1.1 - axi_vip_data
Adding component instance block -- xilinx.com:ip:smartconnect:1.0 - axi_data_sc
Adding component instance block -- xilinx.com:ip:xlslice:1.0 - satellite_gpio_slice_1
Adding component instance block -- xilinx.com:ip:shell_ucs_subsystem:3.0 - ulp_ucs
WARNING: [BD 41-1753] The name 'gpio_gapping_demand_concat' you have specified is long. The Windows OS has path length limitations. It is recommended you use shorter names(less than 25 characters) to reduce the likelihood of issues when/if running on windows OS.
WARNING: [BD 41-1753] The name 'slice_gapping_demand_enable' you have specified is long. The Windows OS has path length limitations. It is recommended you use shorter names(less than 25 characters) to reduce the likelihood of issues when/if running on windows OS.
WARNING: [BD 41-1306] The connection to interface pin </gapping_demand/gpio_gapping_demand/s_axi_bvalid> is being overridden by the user with net <gapping_demand_bvalid_net>. This pin will not be connected as a part of interface connection <S_AXI>.
WARNING: [BD 41-1306] The connection to interface pin </gapping_demand/gpio_gapping_demand/s_axi_bready> is being overridden by the user with net <gapping_demand_bready_net>. This pin will not be connected as a part of interface connection <S_AXI>.
WARNING: [BD 41-1306] The connection to interface pin </gapping_demand/gpio_gapping_demand/gpio2_io_i> is being overridden by the user with net <gpio_gapping_demand_conc_net>. This pin will not be connected as a part of interface connection <GPIO2>.
WARNING: [BD 41-1306] The connection to interface pin </gapping_demand/gpio_gapping_demand/gpio_io_o> is being overridden by the user with net <gpio_gapping_demand_gpio_net>. This pin will not be connected as a part of interface connection <GPIO>.
WARNING: [BD 41-1753] The name 'slice_ucs_control_status_done' you have specified is long. The Windows OS has path length limitations. It is recommended you use shorter names(less than 25 characters) to reduce the likelihood of issues when/if running on windows OS.
WARNING: [BD 41-1753] The name 'slice_ucs_control_status_force_shutdown' you have specified is long. The Windows OS has path length limitations. It is recommended you use shorter names(less than 25 characters) to reduce the likelihood of issues when/if running on windows OS.
WARNING: [BD 41-1306] The connection to interface pin </ucs_control_status/gpio_ucs_control_status/gpio2_io_o> is being overridden by the user with net <gpio_ucs_control_status_net>. This pin will not be connected as a part of interface connection <GPIO2>.
WARNING: [BD 41-1306] The connection to interface pin </ucs_control_status/gpio_ucs_control_status/gpio_io_i> is being overridden by the user with net <gpio_ucs_status_concat_net>. This pin will not be connected as a part of interface connection <GPIO>.
WARNING: [BD 41-1753] The name 'fanout_aresetn_pcie_slr0_1' you have specified is long. The Windows OS has path length limitations. It is recommended you use shorter names(less than 25 characters) to reduce the likelihood of issues when/if running on windows OS.
WARNING: [BD 41-1753] The name 'fanout_aresetn_pcie_slr0_2' you have specified is long. The Windows OS has path length limitations. It is recommended you use shorter names(less than 25 characters) to reduce the likelihood of issues when/if running on windows OS.
WARNING: [BD 41-1753] The name 'fanout_aresetn_pcie_slr0_3' you have specified is long. The Windows OS has path length limitations. It is recommended you use shorter names(less than 25 characters) to reduce the likelihood of issues when/if running on windows OS.
WARNING: [BD 41-1753] The name 'fanout_aresetn_pcie_slr0_4' you have specified is long. The Windows OS has path length limitations. It is recommended you use shorter names(less than 25 characters) to reduce the likelihood of issues when/if running on windows OS.
WARNING: [BD 41-1753] The name 'fanout_aresetn_pcie_slr1_1' you have specified is long. The Windows OS has path length limitations. It is recommended you use shorter names(less than 25 characters) to reduce the likelihood of issues when/if running on windows OS.
WARNING: [BD 41-1753] The name 'fanout_aresetn_pcie_slr1_2' you have specified is long. The Windows OS has path length limitations. It is recommended you use shorter names(less than 25 characters) to reduce the likelihood of issues when/if running on windows OS.
WARNING: [BD 41-1753] The name 'fanout_aresetn_pcie_slr1_3' you have specified is long. The Windows OS has path length limitations. It is recommended you use shorter names(less than 25 characters) to reduce the likelihood of issues when/if running on windows OS.
WARNING: [BD 41-1753] The name 'fanout_aresetn_pcie_slr1_4' you have specified is long. The Windows OS has path length limitations. It is recommended you use shorter names(less than 25 characters) to reduce the likelihood of issues when/if running on windows OS.
WARNING: [BD 41-1753] The name 'fanout_aresetn_pcie_slr2_1' you have specified is long. The Windows OS has path length limitations. It is recommended you use shorter names(less than 25 characters) to reduce the likelihood of issues when/if running on windows OS.
WARNING: [BD 41-1753] The name 'fanout_aresetn_pcie_slr2_2' you have specified is long. The Windows OS has path length limitations. It is recommended you use shorter names(less than 25 characters) to reduce the likelihood of issues when/if running on windows OS.
WARNING: [BD 41-1753] The name 'fanout_aresetn_pcie_slr2_3' you have specified is long. The Windows OS has path length limitations. It is recommended you use shorter names(less than 25 characters) to reduce the likelihood of issues when/if running on windows OS.
WARNING: [BD 41-1753] The name 'fanout_aresetn_pcie_slr2_4' you have specified is long. The Windows OS has path length limitations. It is recommended you use shorter names(less than 25 characters) to reduce the likelihood of issues when/if running on windows OS.
WARNING: [BD 41-1753] The name 'fanout_aresetn_ctrl_slr0_1' you have specified is long. The Windows OS has path length limitations. It is recommended you use shorter names(less than 25 characters) to reduce the likelihood of issues when/if running on windows OS.
WARNING: [BD 41-1753] The name 'fanout_aresetn_ctrl_slr0_2' you have specified is long. The Windows OS has path length limitations. It is recommended you use shorter names(less than 25 characters) to reduce the likelihood of issues when/if running on windows OS.
WARNING: [BD 41-1753] The name 'fanout_aresetn_ctrl_slr0_3' you have specified is long. The Windows OS has path length limitations. It is recommended you use shorter names(less than 25 characters) to reduce the likelihood of issues when/if running on windows OS.
WARNING: [BD 41-1753] The name 'fanout_aresetn_ctrl_slr0_4' you have specified is long. The Windows OS has path length limitations. It is recommended you use shorter names(less than 25 characters) to reduce the likelihood of issues when/if running on windows OS.
WARNING: [BD 41-1753] The name 'fanout_aresetn_ctrl_slr1_1' you have specified is long. The Windows OS has path length limitations. It is recommended you use shorter names(less than 25 characters) to reduce the likelihood of issues when/if running on windows OS.
WARNING: [BD 41-1753] The name 'fanout_aresetn_ctrl_slr1_2' you have specified is long. The Windows OS has path length limitations. It is recommended you use shorter names(less than 25 characters) to reduce the likelihood of issues when/if running on windows OS.
WARNING: [BD 41-1753] The name 'fanout_aresetn_ctrl_slr1_3' you have specified is long. The Windows OS has path length limitations. It is recommended you use shorter names(less than 25 characters) to reduce the likelihood of issues when/if running on windows OS.
WARNING: [BD 41-1753] The name 'fanout_aresetn_ctrl_slr1_4' you have specified is long. The Windows OS has path length limitations. It is recommended you use shorter names(less than 25 characters) to reduce the likelihood of issues when/if running on windows OS.
WARNING: [BD 41-1753] The name 'fanout_aresetn_ctrl_slr2_1' you have specified is long. The Windows OS has path length limitations. It is recommended you use shorter names(less than 25 characters) to reduce the likelihood of issues when/if running on windows OS.
WARNING: [BD 41-1753] The name 'fanout_aresetn_ctrl_slr2_2' you have specified is long. The Windows OS has path length limitations. It is recommended you use shorter names(less than 25 characters) to reduce the likelihood of issues when/if running on windows OS.
WARNING: [BD 41-1753] The name 'fanout_aresetn_ctrl_slr2_3' you have specified is long. The Windows OS has path length limitations. It is recommended you use shorter names(less than 25 characters) to reduce the likelihood of issues when/if running on windows OS.
WARNING: [BD 41-1753] The name 'fanout_aresetn_ctrl_slr2_4' you have specified is long. The Windows OS has path length limitations. It is recommended you use shorter names(less than 25 characters) to reduce the likelihood of issues when/if running on windows OS.
WARNING: [BD 41-1753] The name 'frequency_counter_aclk_hbm' you have specified is long. The Windows OS has path length limitations. It is recommended you use shorter names(less than 25 characters) to reduce the likelihood of issues when/if running on windows OS.
WARNING: [BD 41-1753] The name 'frequency_counter_aclk_kernel_00' you have specified is long. The Windows OS has path length limitations. It is recommended you use shorter names(less than 25 characters) to reduce the likelihood of issues when/if running on windows OS.
WARNING: [BD 41-1753] The name 'frequency_counter_aclk_kernel_01' you have specified is long. The Windows OS has path length limitations. It is recommended you use shorter names(less than 25 characters) to reduce the likelihood of issues when/if running on windows OS.
WARNING: [BD 41-1753] The name 'clock_throttling_aclk_kernel_00' you have specified is long. The Windows OS has path length limitations. It is recommended you use shorter names(less than 25 characters) to reduce the likelihood of issues when/if running on windows OS.
WARNING: [BD 41-1753] The name 'fanout_aresetn_kernel_00_slr0_1' you have specified is long. The Windows OS has path length limitations. It is recommended you use shorter names(less than 25 characters) to reduce the likelihood of issues when/if running on windows OS.
WARNING: [BD 41-1753] The name 'fanout_aresetn_kernel_00_slr0_2' you have specified is long. The Windows OS has path length limitations. It is recommended you use shorter names(less than 25 characters) to reduce the likelihood of issues when/if running on windows OS.
WARNING: [BD 41-1753] The name 'fanout_aresetn_kernel_00_slr0_3' you have specified is long. The Windows OS has path length limitations. It is recommended you use shorter names(less than 25 characters) to reduce the likelihood of issues when/if running on windows OS.
WARNING: [BD 41-1753] The name 'fanout_aresetn_kernel_00_slr0_4' you have specified is long. The Windows OS has path length limitations. It is recommended you use shorter names(less than 25 characters) to reduce the likelihood of issues when/if running on windows OS.
WARNING: [BD 41-1753] The name 'fanout_aresetn_kernel_00_slr1_1' you have specified is long. The Windows OS has path length limitations. It is recommended you use shorter names(less than 25 characters) to reduce the likelihood of issues when/if running on windows OS.
WARNING: [BD 41-1753] The name 'fanout_aresetn_kernel_00_slr1_2' you have specified is long. The Windows OS has path length limitations. It is recommended you use shorter names(less than 25 characters) to reduce the likelihood of issues when/if running on windows OS.
WARNING: [BD 41-1753] The name 'fanout_aresetn_kernel_00_slr1_3' you have specified is long. The Windows OS has path length limitations. It is recommended you use shorter names(less than 25 characters) to reduce the likelihood of issues when/if running on windows OS.
WARNING: [BD 41-1753] The name 'fanout_aresetn_kernel_00_slr1_4' you have specified is long. The Windows OS has path length limitations. It is recommended you use shorter names(less than 25 characters) to reduce the likelihood of issues when/if running on windows OS.
WARNING: [BD 41-1753] The name 'fanout_aresetn_kernel_00_slr2_1' you have specified is long. The Windows OS has path length limitations. It is recommended you use shorter names(less than 25 characters) to reduce the likelihood of issues when/if running on windows OS.
WARNING: [BD 41-1753] The name 'fanout_aresetn_kernel_00_slr2_2' you have specified is long. The Windows OS has path length limitations. It is recommended you use shorter names(less than 25 characters) to reduce the likelihood of issues when/if running on windows OS.
WARNING: [BD 41-1753] The name 'fanout_aresetn_kernel_00_slr2_3' you have specified is long. The Windows OS has path length limitations. It is recommended you use shorter names(less than 25 characters) to reduce the likelihood of issues when/if running on windows OS.
WARNING: [BD 41-1753] The name 'fanout_aresetn_kernel_00_slr2_4' you have specified is long. The Windows OS has path length limitations. It is recommended you use shorter names(less than 25 characters) to reduce the likelihood of issues when/if running on windows OS.
WARNING: [BD 41-1753] The name 'clock_throttling_aclk_kernel_01' you have specified is long. The Windows OS has path length limitations. It is recommended you use shorter names(less than 25 characters) to reduce the likelihood of issues when/if running on windows OS.
WARNING: [BD 41-1753] The name 'fanout_aresetn_kernel_01_slr0_1' you have specified is long. The Windows OS has path length limitations. It is recommended you use shorter names(less than 25 characters) to reduce the likelihood of issues when/if running on windows OS.
WARNING: [BD 41-1753] The name 'fanout_aresetn_kernel_01_slr0_2' you have specified is long. The Windows OS has path length limitations. It is recommended you use shorter names(less than 25 characters) to reduce the likelihood of issues when/if running on windows OS.
WARNING: [BD 41-1753] The name 'fanout_aresetn_kernel_01_slr0_3' you have specified is long. The Windows OS has path length limitations. It is recommended you use shorter names(less than 25 characters) to reduce the likelihood of issues when/if running on windows OS.
WARNING: [BD 41-1753] The name 'fanout_aresetn_kernel_01_slr0_4' you have specified is long. The Windows OS has path length limitations. It is recommended you use shorter names(less than 25 characters) to reduce the likelihood of issues when/if running on windows OS.
WARNING: [BD 41-1753] The name 'fanout_aresetn_kernel_01_slr1_1' you have specified is long. The Windows OS has path length limitations. It is recommended you use shorter names(less than 25 characters) to reduce the likelihood of issues when/if running on windows OS.
WARNING: [BD 41-1753] The name 'fanout_aresetn_kernel_01_slr1_2' you have specified is long. The Windows OS has path length limitations. It is recommended you use shorter names(less than 25 characters) to reduce the likelihood of issues when/if running on windows OS.
WARNING: [BD 41-1753] The name 'fanout_aresetn_kernel_01_slr1_3' you have specified is long. The Windows OS has path length limitations. It is recommended you use shorter names(less than 25 characters) to reduce the likelihood of issues when/if running on windows OS.
WARNING: [BD 41-1753] The name 'fanout_aresetn_kernel_01_slr1_4' you have specified is long. The Windows OS has path length limitations. It is recommended you use shorter names(less than 25 characters) to reduce the likelihood of issues when/if running on windows OS.
WARNING: [BD 41-1753] The name 'fanout_aresetn_kernel_01_slr2_1' you have specified is long. The Windows OS has path length limitations. It is recommended you use shorter names(less than 25 characters) to reduce the likelihood of issues when/if running on windows OS.
WARNING: [BD 41-1753] The name 'fanout_aresetn_kernel_01_slr2_2' you have specified is long. The Windows OS has path length limitations. It is recommended you use shorter names(less than 25 characters) to reduce the likelihood of issues when/if running on windows OS.
WARNING: [BD 41-1753] The name 'fanout_aresetn_kernel_01_slr2_3' you have specified is long. The Windows OS has path length limitations. It is recommended you use shorter names(less than 25 characters) to reduce the likelihood of issues when/if running on windows OS.
WARNING: [BD 41-1753] The name 'fanout_aresetn_kernel_01_slr2_4' you have specified is long. The Windows OS has path length limitations. It is recommended you use shorter names(less than 25 characters) to reduce the likelihood of issues when/if running on windows OS.
WARNING: [BD 41-1306] The connection to interface pin </axi_ic_ctrl_mgmt_top/M03_AXI_bready> is being overridden by the user with net <gapping_demand_bready_net>. This pin will not be connected as a part of interface connection <M03_AXI>.
WARNING: [BD 41-1306] The connection to interface pin </axi_ic_ctrl_mgmt_top/M03_AXI_bvalid> is being overridden by the user with net <gapping_demand_bvalid_net>. This pin will not be connected as a part of interface connection <M03_AXI>.
Slave segment '/build_info/S_AXI/reg0' is being assigned into address space '/s_axi_ctrl_mgmt' at <0x0100_0000 [ 4K ]>.
Slave segment '/gapping_demand/gpio_gapping_demand/S_AXI/Reg' is being assigned into address space '/s_axi_ctrl_mgmt' at <0x0100_1000 [ 4K ]>.
Slave segment '/ucs_control_status/gpio_ucs_control_status/S_AXI/Reg' is being assigned into address space '/s_axi_ctrl_mgmt' at <0x0100_2000 [ 4K ]>.
Slave segment '/frequency_counters/frequency_counter_aclk/S_AXI/reg0' is being assigned into address space '/s_axi_ctrl_mgmt' at <0x0101_1000 [ 4K ]>.
Slave segment '/frequency_counters/frequency_counter_aclk_kernel_00/S_AXI/reg0' is being assigned into address space '/s_axi_ctrl_mgmt' at <0x0100_9000 [ 4K ]>.
Slave segment '/aclk_kernel_00_hierarchy/clkwiz_aclk_kernel_00/s_axi_lite/Reg' is being assigned into address space '/s_axi_ctrl_mgmt' at <0x0100_3000 [ 4K ]>.
Slave segment '/frequency_counters/frequency_counter_aclk_kernel_01/S_AXI/reg0' is being assigned into address space '/s_axi_ctrl_mgmt' at <0x0100_A000 [ 4K ]>.
Slave segment '/aclk_kernel_01_hierarchy/clkwiz_aclk_kernel_01/s_axi_lite/Reg' is being assigned into address space '/s_axi_ctrl_mgmt' at <0x0100_4000 [ 4K ]>.
Slave segment '/aclk_hbm_hierarchy/clkwiz_hbm/s_axi_lite/Reg' is being assigned into address space '/s_axi_ctrl_mgmt' at <0x0100_F000 [ 4K ]>.
Slave segment '/frequency_counters/frequency_counter_aclk_hbm/S_AXI/reg0' is being assigned into address space '/s_axi_ctrl_mgmt' at <0x0101_0000 [ 4K ]>.
Address Space </s_axi_ctrl_mgmt> has no unaddressed segments
xit::source_ipfile: Time (s): cpu = 00:00:05 ; elapsed = 00:00:06 . Memory (MB): peak = 3041.520 ; gain = 114.125 ; free physical = 8044 ; free virtual = 24742
Adding component instance block -- xilinx.com:ip:axi_register_slice:2.1 - axi_regslice_slr0
Adding component instance block -- xilinx.com:ip:axi_register_slice:2.1 - axi_regslice_slr1
Adding component instance block -- xilinx.com:ip:axi_register_slice:2.1 - axi_regslice_slr2
Adding component instance block -- xilinx.com:ip:proc_sys_reset:5.0 - proc_sys_reset_ctrl_slr0
Adding component instance block -- xilinx.com:ip:proc_sys_reset:5.0 - proc_sys_reset_ctrl_slr1
Adding component instance block -- xilinx.com:ip:proc_sys_reset:5.0 - proc_sys_reset_ctrl_slr2
Adding component instance block -- xilinx.com:ip:proc_sys_reset:5.0 - proc_sys_reset_kernel_slr0
Adding component instance block -- xilinx.com:ip:proc_sys_reset:5.0 - proc_sys_reset_kernel_slr1
Adding component instance block -- xilinx.com:ip:proc_sys_reset:5.0 - proc_sys_reset_kernel_slr2
Adding component instance block -- xilinx.com:ip:proc_sys_reset:5.0 - proc_sys_reset_kernel2_slr0
Adding component instance block -- xilinx.com:ip:proc_sys_reset:5.0 - proc_sys_reset_kernel2_slr1
Adding component instance block -- xilinx.com:ip:proc_sys_reset:5.0 - proc_sys_reset_kernel2_slr2
Adding component instance block -- xilinx.com:ip:proc_sys_reset:5.0 - proc_sys_reset_freerun_slr0
Adding component instance block -- xilinx.com:ip:proc_sys_reset:5.0 - proc_sys_reset_freerun_slr1
Adding component instance block -- xilinx.com:ip:proc_sys_reset:5.0 - proc_sys_reset_freerun_slr2
Adding component instance block -- xilinx.com:ip:axi_gpio:2.0 - axi_gpio_null
Adding component instance block -- xilinx.com:ip:axi_vip:1.1 - axi_vip_ctrl_userpf
Adding component instance block -- xilinx.com:ip:axi_interconnect:2.1 - interconnect_axilite_user
Adding component instance block -- xilinx.com:ip:axi_register_slice:2.1 - s00_regslice
Adding component instance block -- xilinx.com:ip:axi_clock_converter:2.1 - auto_cc
Adding component instance block -- xilinx.com:ip:axi_register_slice:2.1 - regslice_control_userpf
Adding component instance block -- xilinx.com:ip:axi_register_slice:2.1 - regslice_data
Adding component instance block -- xilinx.com:ip:axi_vip:1.1 - axi_vip_data
Adding component instance block -- xilinx.com:ip:axi_gpio:2.0 - axi_gpio_null
Adding component instance block -- xilinx.com:ip:axi_vip:1.1 - axi_vip_ctrl_userpf
Adding component instance block -- xilinx.com:ip:axi_interconnect:2.1 - interconnect_axilite_user
Adding component instance block -- xilinx.com:ip:axi_register_slice:2.1 - s00_regslice
Adding component instance block -- xilinx.com:ip:axi_clock_converter:2.1 - auto_cc
Adding component instance block -- xilinx.com:ip:axi_register_slice:2.1 - regslice_control_userpf
Adding component instance block -- xilinx.com:ip:axi_register_slice:2.1 - regslice_data
Adding component instance block -- xilinx.com:ip:axi_vip:1.1 - axi_vip_data
Adding component instance block -- xilinx.com:ip:axi_gpio:2.0 - axi_gpio_null
Adding component instance block -- xilinx.com:ip:axi_vip:1.1 - axi_vip_ctrl_userpf
Adding component instance block -- xilinx.com:ip:axi_interconnect:2.1 - interconnect_axilite_user
Adding component instance block -- xilinx.com:ip:axi_register_slice:2.1 - s00_regslice
Adding component instance block -- xilinx.com:ip:axi_clock_converter:2.1 - auto_cc
Adding component instance block -- xilinx.com:ip:axi_register_slice:2.1 - regslice_control_userpf
Adding component instance block -- xilinx.com:ip:axi_register_slice:2.1 - regslice_data
Adding component instance block -- xilinx.com:ip:axi_vip:1.1 - axi_vip_data
Successfully read diagram <ulp> from block design file </home/advent/Desktop/RC19/_x/link/vivado/vpl/prj/prj.srcs/my_rm/bd/ulp/ulp.bd>
INFO: [BD 41-1799] The block design contains upgradeable cell(s), automatically upgrading to newest version...
INFO: [IP_Flow 19-3422] Upgraded ulp_axi_ic_ctrl_mgmt_slr1_0 (AXI Interconnect 2.1) from revision 27 to revision 28
INFO: [IP_Flow 19-3422] Upgraded ulp_interconnect_axilite_user_0 (AXI Interconnect 2.1) from revision 27 to revision 28
INFO: [IP_Flow 19-3422] Upgraded ulp_interconnect_axilite_user_1 (AXI Interconnect 2.1) from revision 27 to revision 28
INFO: [IP_Flow 19-3422] Upgraded ulp_interconnect_axilite_user_2 (AXI Interconnect 2.1) from revision 27 to revision 28
INFO: [BD 41-1799] The block design contains upgradeable cell(s), automatically upgrading to newest version...
INFO: [IP_Flow 19-3422] Upgraded ulp_memory_subsystem_0 (SDx Memory Subsystem 1.0) from revision 13 to revision 14
INFO: [IP_Flow 19-3422] Upgraded ulp_hmss_0_0 (HBM Memory Subsystem (HMSS) 2.0) from revision 6 to revision 7
INFO: [IP_Flow 19-3422] Upgraded ulp_axi_vip_data_0 (AXI Verification IP 1.1) from revision 12 to revision 13
INFO: [IP_Flow 19-3422] Upgraded ulp_axi_data_sc_0 (AXI SmartConnect 1.0) from revision 18 to revision 19
INFO: [IP_Flow 19-3422] Upgraded ulp_axi_regslice_slr0_0 (AXI Register Slice 2.1) from revision 26 to revision 27
INFO: [IP_Flow 19-3422] Upgraded ulp_axi_regslice_slr1_0 (AXI Register Slice 2.1) from revision 26 to revision 27
INFO: [IP_Flow 19-3422] Upgraded ulp_axi_regslice_slr2_0 (AXI Register Slice 2.1) from revision 26 to revision 27
INFO: [IP_Flow 19-3422] Upgraded ulp_axi_gpio_null_0 (AXI GPIO 2.0) from revision 28 to revision 29
INFO: [IP_Flow 19-3422] Upgraded ulp_axi_vip_ctrl_userpf_0 (AXI Verification IP 1.1) from revision 12 to revision 13
INFO: [IP_Flow 19-3422] Upgraded ulp_regslice_control_userpf_0 (AXI Register Slice 2.1) from revision 26 to revision 27
INFO: [IP_Flow 19-3422] Upgraded ulp_regslice_data_0 (AXI Register Slice 2.1) from revision 26 to revision 27
INFO: [IP_Flow 19-3422] Upgraded ulp_axi_vip_data_1 (AXI Verification IP 1.1) from revision 12 to revision 13
INFO: [IP_Flow 19-3422] Upgraded ulp_axi_gpio_null_1 (AXI GPIO 2.0) from revision 28 to revision 29
INFO: [IP_Flow 19-3422] Upgraded ulp_axi_vip_ctrl_userpf_1 (AXI Verification IP 1.1) from revision 12 to revision 13
INFO: [IP_Flow 19-3422] Upgraded ulp_regslice_control_userpf_1 (AXI Register Slice 2.1) from revision 26 to revision 27
INFO: [IP_Flow 19-3422] Upgraded ulp_regslice_data_1 (AXI Register Slice 2.1) from revision 26 to revision 27
INFO: [IP_Flow 19-3422] Upgraded ulp_axi_vip_data_2 (AXI Verification IP 1.1) from revision 12 to revision 13
INFO: [IP_Flow 19-3422] Upgraded ulp_axi_gpio_null_2 (AXI GPIO 2.0) from revision 28 to revision 29
INFO: [IP_Flow 19-3422] Upgraded ulp_axi_vip_ctrl_userpf_2 (AXI Verification IP 1.1) from revision 12 to revision 13
INFO: [IP_Flow 19-3422] Upgraded ulp_regslice_control_userpf_2 (AXI Register Slice 2.1) from revision 26 to revision 27
INFO: [IP_Flow 19-3422] Upgraded ulp_regslice_data_2 (AXI Register Slice 2.1) from revision 26 to revision 27
INFO: [IP_Flow 19-3422] Upgraded ulp_axi_vip_data_3 (AXI Verification IP 1.1) from revision 12 to revision 13
Wrote  : </home/advent/Desktop/RC19/_x/link/vivado/vpl/prj/prj.srcs/my_rm/bd/ulp/ulp.bd> 
open_bd_design: Time (s): cpu = 00:00:10 ; elapsed = 00:00:11 . Memory (MB): peak = 3075.176 ; gain = 1535.117 ; free physical = 7980 ; free virtual = 24702
INFO: [OCL_UTIL] internal step: report locked IPs
INFO: [OCL_UTIL] internal step: source .local/dr.bd.tcl
WARNING: [BD 41-1753] The name 'attention_score_u55c_kernel_1' you have specified is long. The Windows OS has path length limitations. It is recommended you use shorter names(less than 25 characters) to reduce the likelihood of issues when/if running on windows OS.
WARNING: [BD 41-1753] The name 'ii_level0_wire_ulp_s_irq_cu_00_1_interrupt_concat' you have specified is long. The Windows OS has path length limitations. It is recommended you use shorter names(less than 25 characters) to reduce the likelihood of issues when/if running on windows OS.
WARNING: [BD 41-1753] The name 'ii_level0_wire_ulp_s_irq_cu_00_1_interrupt_concat_0' you have specified is long. The Windows OS has path length limitations. It is recommended you use shorter names(less than 25 characters) to reduce the likelihood of issues when/if running on windows OS.
WARNING: [BD 41-1753] The name 'ii_level0_wire_ulp_s_irq_cu_00_1_interrupt_concat_1' you have specified is long. The Windows OS has path length limitations. It is recommended you use shorter names(less than 25 characters) to reduce the likelihood of issues when/if running on windows OS.
WARNING: [BD 41-1753] The name 'ii_level0_wire_ulp_s_irq_cu_00_1_interrupt_concat_2' you have specified is long. The Windows OS has path length limitations. It is recommended you use shorter names(less than 25 characters) to reduce the likelihood of issues when/if running on windows OS.
WARNING: [BD 41-1753] The name 'ii_level0_wire_ulp_s_irq_cu_00_1_interrupt_concat_3' you have specified is long. The Windows OS has path length limitations. It is recommended you use shorter names(less than 25 characters) to reduce the likelihood of issues when/if running on windows OS.
INFO: [hbm_memory_subsystem 1-1] Mapping resources for kernel master /attention_score_u55c_kernel_1/m_axi_gmem0 on HMSS port 1.
INFO: [hbm_memory_subsystem 1-1] Mapping resources for kernel master /attention_score_u55c_kernel_1/m_axi_gmem1 on HMSS port 2.
INFO: [hbm_memory_subsystem 1-1] Mapping resources for kernel master /attention_score_u55c_kernel_1/m_axi_gmem2 on HMSS port 3.
INFO: [hbm_memory_subsystem 1-1] Mapping resources for kernel master /causal_mask_u55c_kernel_1/m_axi_gmem0 on HMSS port 4.
INFO: [hbm_memory_subsystem 1-1] Mapping resources for kernel master /causal_mask_u55c_kernel_1/m_axi_gmem1 on HMSS port 5.
INFO: [hbm_memory_subsystem 1-1] Mapping resources for kernel master /score_scale_u55c_kernel_1/m_axi_gmem0 on HMSS port 6.
INFO: [hbm_memory_subsystem 1-1] Mapping resources for kernel master /score_scale_u55c_kernel_1/m_axi_gmem1 on HMSS port 7.
INFO: [hbm_memory_subsystem 1-1] Mapping resources for kernel master /softmax_u55c_kernel_1/m_axi_gmem0 on HMSS port 8.
INFO: [hbm_memory_subsystem 1-1] Mapping resources for kernel master /softmax_u55c_kernel_1/m_axi_gmem1 on HMSS port 9.
INFO: [OCL_UTIL] internal step: save_bd_design
Wrote  : </home/advent/Desktop/RC19/_x/link/vivado/vpl/prj/prj.srcs/my_rm/bd/ulp/ulp.bd> 
INFO: [OCL_UTIL] internal step: add_files .local/hw_platform/tcl_hooks/impl.xdc -fileset [current_fileset -constrset]
INFO: [OCL_UTIL] set_property USED_IN "implementation" [get_files .local/hw_platform/tcl_hooks/impl.xdc]
INFO: [OCL_UTIL] set_property PROCESSING_ORDER "NORMAL" [get_files .local/hw_platform/tcl_hooks/impl.xdc]
[18:44:14] Run vpl: Step create_bd: Completed
[18:44:14] Run vpl: Step update_bd: Started
INFO: [OCL_UTIL] current step: vpl.update_bd
INFO: [OCL_UTIL] internal step: inserting profiling and debug cores
--- DPA: insert_chipscope_debug: No chipscope_debugs dict name - nothing to insert
INFO: Platform is not decorated with AXI-Lite and trace masters
--- DPA: Parsing Platform-specific information for debug and profiling...
--- DPA: -----------------------------------------------------------
--- DPA:    Host dict: SLR0 axi_data_sc/S00_AXI
--- DPA:    Host masters: /axi_vip_data/M_AXI
--- DPA:    Axilite dict: SLR2 {ip SLR2/interconnect_axilite_user mi M00_AXI fallback true} SLR0 {ip SLR0/interconnect_axilite_user mi M00_AXI fallback false} SLR1 {ip SLR1/interconnect_axilite_user mi M00_AXI fallback true}
--- DPA:    AXI-Lite master: SLR1/interconnect_axilite_user/M00_AXI
--- DPA:    AXI-Lite masters per SLR: SLR2 SLR2/interconnect_axilite_user/M00_AXI SLR0 SLR0/interconnect_axilite_user/M00_AXI SLR1 SLR1/interconnect_axilite_user/M00_AXI
--- DPA:    Trace dict: SLR0 {clk blp_s_aclk_pcie_00 rst ulp_ucs/aresetn_pcie_slr0}
--- DPA:    SLR assigment: SLR0
--- DPA:    AXI-MM master: interconnect_aximm_host/M01_AXI (dedicated: false)
--- DPA:    Trace clock: blp_s_aclk_pcie_00
--- DPA:    Trace reset: ulp_ucs/aresetn_pcie_slr0
CRITICAL WARNING: [DPA-102] AXI-Full master interconnect_aximm_host/M01_AXI not found. Profile insertion will continue but may not work.
--- DPA:    Monitor dict: SLR2 {clk ulp_ucs/aclk_kernel_00 rst proc_sys_reset_kernel_slr2/peripheral_aresetn fallback true} SLR0 {clk ulp_ucs/aclk_kernel_00 rst proc_sys_reset_kernel_slr0/peripheral_aresetn fallback false} SLR1 {clk ulp_ucs/aclk_kernel_00 rst proc_sys_reset_kernel_slr1/peripheral_aresetn fallback true}
--- DPA:    Monitor clock: ulp_ucs/aclk_kernel_00
--- DPA:    Monitor reset: proc_sys_reset_kernel_slr1/peripheral_aresetn
--- DPA: -----------------------------------------------------------
--- DPA: -----------------------------------------------------------
--- DPA: Automation Dictionary:
--- DPA: -----------------------------------------------------------
WARNING: No monitor points found for BD automation.
--- DPA: Step 1 - Add debug/profile monitors...
--- DPA: Step 2 - No trace added
--- DPA: Step 3 - Add AI engine support...
--- DPA: Step 4 - Add AXI-Lite control...
--- DPA: Step 5 - Group IP into System_DPA...
INFO: [OCL_UTIL] internal step: assign_bd_address
Slave segment '/attention_score_u55c_kernel_1/s_axi_control/Reg' is being assigned into address space '/ii_level0_wire/ulp_m_axi_ctrl_user_00' at <0x0080_0000 [ 64K ]>.
Slave segment '/causal_mask_u55c_kernel_1/s_axi_control/Reg' is being assigned into address space '/ii_level0_wire/ulp_m_axi_ctrl_user_00' at <0x0081_0000 [ 64K ]>.
Slave segment '/score_scale_u55c_kernel_1/s_axi_control/Reg' is being assigned into address space '/ii_level0_wire/ulp_m_axi_ctrl_user_00' at <0x0082_0000 [ 64K ]>.
Slave segment '/softmax_u55c_kernel_1/s_axi_control/Reg' is being assigned into address space '/ii_level0_wire/ulp_m_axi_ctrl_user_00' at <0x0083_0000 [ 64K ]>.
INFO: [OCL_UTIL] internal step: source .local/hw_platform/tcl_hooks/postlink.tcl
System Linker post-processing: Check SDx MSS Slave COnnections
System Linker post-processing: Nothing other than host connected to /memory_subsystem - some cleanup will happen to free logic resources
System Linker post-processing: Deleting IP memory_subsystem as unused
System Linker post-processing: Deleting IP SLR0/regslice_data as unused
System Linker post-processing: Deleting IP SLR1/regslice_data as unused
System Linker post-processing: Deleting IP SLR2/regslice_data as unused
System Linker post-processing: Deleting IP SLR0/axi_vip_data as unused
System Linker post-processing: Deleting IP SLR1/axi_vip_data as unused
System Linker post-processing: Deleting IP SLR2/axi_vip_data as unused
System Linker post-processing: Deleting IP axi_regslice_slr0 as unused
System Linker post-processing: Deleting IP axi_regslice_slr1 as unused
System Linker post-processing: Deleting IP axi_regslice_slr2 as unused
System Linker post-processing: Profiling port is not enabled on /axi_data_sc - /axi_data_sc will be removed
Slave segment '/hmss_0/S00_AXI/HBM_MEM00' is being assigned into address space '/ii_level0_wire/ulp_m_axi_data_h2c_00' at <0x0000_0000 [ 512M ]>.
Slave segment '/hmss_0/S00_AXI/HBM_MEM01' is being assigned into address space '/ii_level0_wire/ulp_m_axi_data_h2c_00' at <0x2000_0000 [ 512M ]>.
Slave segment '/hmss_0/S00_AXI/HBM_MEM02' is being assigned into address space '/ii_level0_wire/ulp_m_axi_data_h2c_00' at <0x4000_0000 [ 512M ]>.
Slave segment '/hmss_0/S00_AXI/HBM_MEM03' is being assigned into address space '/ii_level0_wire/ulp_m_axi_data_h2c_00' at <0x6000_0000 [ 512M ]>.
Slave segment '/hmss_0/S00_AXI/HBM_MEM04' is being assigned into address space '/ii_level0_wire/ulp_m_axi_data_h2c_00' at <0x8000_0000 [ 512M ]>.
Slave segment '/hmss_0/S00_AXI/HBM_MEM05' is being assigned into address space '/ii_level0_wire/ulp_m_axi_data_h2c_00' at <0xA000_0000 [ 512M ]>.
Slave segment '/hmss_0/S00_AXI/HBM_MEM06' is being assigned into address space '/ii_level0_wire/ulp_m_axi_data_h2c_00' at <0xC000_0000 [ 512M ]>.
Slave segment '/hmss_0/S00_AXI/HBM_MEM07' is being assigned into address space '/ii_level0_wire/ulp_m_axi_data_h2c_00' at <0xE000_0000 [ 512M ]>.
Slave segment '/hmss_0/S00_AXI/HBM_MEM08' is being assigned into address space '/ii_level0_wire/ulp_m_axi_data_h2c_00' at <0x1_0000_0000 [ 512M ]>.
Slave segment '/hmss_0/S00_AXI/HBM_MEM09' is being assigned into address space '/ii_level0_wire/ulp_m_axi_data_h2c_00' at <0x1_2000_0000 [ 512M ]>.
Slave segment '/hmss_0/S00_AXI/HBM_MEM10' is being assigned into address space '/ii_level0_wire/ulp_m_axi_data_h2c_00' at <0x1_4000_0000 [ 512M ]>.
Slave segment '/hmss_0/S00_AXI/HBM_MEM11' is being assigned into address space '/ii_level0_wire/ulp_m_axi_data_h2c_00' at <0x1_6000_0000 [ 512M ]>.
Slave segment '/hmss_0/S00_AXI/HBM_MEM12' is being assigned into address space '/ii_level0_wire/ulp_m_axi_data_h2c_00' at <0x1_8000_0000 [ 512M ]>.
Slave segment '/hmss_0/S00_AXI/HBM_MEM13' is being assigned into address space '/ii_level0_wire/ulp_m_axi_data_h2c_00' at <0x1_A000_0000 [ 512M ]>.
Slave segment '/hmss_0/S00_AXI/HBM_MEM14' is being assigned into address space '/ii_level0_wire/ulp_m_axi_data_h2c_00' at <0x1_C000_0000 [ 512M ]>.
Slave segment '/hmss_0/S00_AXI/HBM_MEM15' is being assigned into address space '/ii_level0_wire/ulp_m_axi_data_h2c_00' at <0x1_E000_0000 [ 512M ]>.
Slave segment '/hmss_0/S00_AXI/HBM_MEM16' is being assigned into address space '/ii_level0_wire/ulp_m_axi_data_h2c_00' at <0x2_0000_0000 [ 512M ]>.
Slave segment '/hmss_0/S00_AXI/HBM_MEM17' is being assigned into address space '/ii_level0_wire/ulp_m_axi_data_h2c_00' at <0x2_2000_0000 [ 512M ]>.
Slave segment '/hmss_0/S00_AXI/HBM_MEM18' is being assigned into address space '/ii_level0_wire/ulp_m_axi_data_h2c_00' at <0x2_4000_0000 [ 512M ]>.
Slave segment '/hmss_0/S00_AXI/HBM_MEM19' is being assigned into address space '/ii_level0_wire/ulp_m_axi_data_h2c_00' at <0x2_6000_0000 [ 512M ]>.
Slave segment '/hmss_0/S00_AXI/HBM_MEM20' is being assigned into address space '/ii_level0_wire/ulp_m_axi_data_h2c_00' at <0x2_8000_0000 [ 512M ]>.
Slave segment '/hmss_0/S00_AXI/HBM_MEM21' is being assigned into address space '/ii_level0_wire/ulp_m_axi_data_h2c_00' at <0x2_A000_0000 [ 512M ]>.
Slave segment '/hmss_0/S00_AXI/HBM_MEM22' is being assigned into address space '/ii_level0_wire/ulp_m_axi_data_h2c_00' at <0x2_C000_0000 [ 512M ]>.
Slave segment '/hmss_0/S00_AXI/HBM_MEM23' is being assigned into address space '/ii_level0_wire/ulp_m_axi_data_h2c_00' at <0x2_E000_0000 [ 512M ]>.
Slave segment '/hmss_0/S00_AXI/HBM_MEM24' is being assigned into address space '/ii_level0_wire/ulp_m_axi_data_h2c_00' at <0x3_0000_0000 [ 512M ]>.
Slave segment '/hmss_0/S00_AXI/HBM_MEM25' is being assigned into address space '/ii_level0_wire/ulp_m_axi_data_h2c_00' at <0x3_2000_0000 [ 512M ]>.
Slave segment '/hmss_0/S00_AXI/HBM_MEM26' is being assigned into address space '/ii_level0_wire/ulp_m_axi_data_h2c_00' at <0x3_4000_0000 [ 512M ]>.
Slave segment '/hmss_0/S00_AXI/HBM_MEM27' is being assigned into address space '/ii_level0_wire/ulp_m_axi_data_h2c_00' at <0x3_6000_0000 [ 512M ]>.
Slave segment '/hmss_0/S00_AXI/HBM_MEM28' is being assigned into address space '/ii_level0_wire/ulp_m_axi_data_h2c_00' at <0x3_8000_0000 [ 512M ]>.
Slave segment '/hmss_0/S00_AXI/HBM_MEM29' is being assigned into address space '/ii_level0_wire/ulp_m_axi_data_h2c_00' at <0x3_A000_0000 [ 512M ]>.
Slave segment '/hmss_0/S00_AXI/HBM_MEM30' is being assigned into address space '/ii_level0_wire/ulp_m_axi_data_h2c_00' at <0x3_C000_0000 [ 512M ]>.
Slave segment '/hmss_0/S00_AXI/HBM_MEM31' is being assigned into address space '/ii_level0_wire/ulp_m_axi_data_h2c_00' at <0x3_E000_0000 [ 512M ]>.
WARNING: the output of _post_sys_link_gen_constrs.xdc doesn't exist - _post_sys_link_gen_constrs.xdc
INFO: [OCL_UTIL] bd::util_cmd set_bd_source Vitis [current_bd_design]
INFO: [OCL_UTIL] internal step: writing address_map.xml
INFO: [OCL_UTIL] internal step: collect BD interface connectivity and write automation summary report
INFO: [OCL_UTIL] internal step: save_bd_design
WARNING: [BD 41-2671] The dangling interface net <axi_vip_data_M_AXI> will not be written out to the BD file.
WARNING: [BD 41-2671] The dangling interface net <regslice_data_M_AXI> will not be written out to the BD file.
WARNING: [BD 41-2671] The dangling interface net <s_axi_data_1> will not be written out to the BD file.
WARNING: [BD 41-2671] The dangling interface net <axi_vip_data_M_AXI> will not be written out to the BD file.
WARNING: [BD 41-2671] The dangling interface net <regslice_data_M_AXI> will not be written out to the BD file.
WARNING: [BD 41-2671] The dangling interface net <s_axi_data_1> will not be written out to the BD file.
WARNING: [BD 41-2671] The dangling interface net <axi_vip_data_M_AXI> will not be written out to the BD file.
WARNING: [BD 41-2671] The dangling interface net <regslice_data_M_AXI> will not be written out to the BD file.
WARNING: [BD 41-2671] The dangling interface net <s_axi_data_1> will not be written out to the BD file.
WARNING: [BD 41-2671] The dangling interface net <SLR0_m_axi_sdx_memory> will not be written out to the BD file.
WARNING: [BD 41-2671] The dangling interface net <SLR1_m_axi_sdx_memory> will not be written out to the BD file.
WARNING: [BD 41-2671] The dangling interface net <SLR2_m_axi_sdx_memory> will not be written out to the BD file.
WARNING: [BD 41-2671] The dangling interface net <axi_data_sc_M00_AXI> will not be written out to the BD file.
WARNING: [BD 41-2671] The dangling interface net <axi_data_sc_M01_AXI> will not be written out to the BD file.
WARNING: [BD 41-2671] The dangling interface net <axi_data_sc_M02_AXI> will not be written out to the BD file.
WARNING: [BD 41-2671] The dangling interface net <axi_data_sc_M03_AXI> will not be written out to the BD file.
WARNING: [BD 41-2671] The dangling interface net <axi_regslice_slr0_M_AXI> will not be written out to the BD file.
WARNING: [BD 41-2671] The dangling interface net <memory_subsystem_M00_AXI> will not be written out to the BD file.
WARNING: [BD 41-2671] The dangling interface net <s_axi_data_1> will not be written out to the BD file.
WARNING: [BD 41-2671] The dangling interface net <s_axi_data_2> will not be written out to the BD file.
Wrote  : </home/advent/Desktop/RC19/_x/link/vivado/vpl/prj/prj.srcs/my_rm/bd/ulp/ulp.bd> 
[18:44:14] Run vpl: Step update_bd: Completed
[18:44:14] Run vpl: Step generate_target: Started
INFO: [OCL_UTIL] current step: vpl.generate_target
INFO: [OCL_UTIL] internal step: generate_target all [get_files ulp.bd]
WARNING: [BD 41-2121] Port s_axi_aclk associated reset port s_axi_lite_resetn does not exist
INFO: [xilinx.com:ip:clk_wiz:6.0-1] /aclk_hbm_hierarchy/clkwiz_hbm clk_wiz propagate
INFO: [xilinx.com:ip:clk_wiz:6.0-1] /aclk_hbm_hierarchy/clkwiz_hbm clk_wiz propagate
INFO: [xilinx.com:ip:clk_wiz:6.0-1] /aclk_kernel_01_hierarchy/clkwiz_aclk_kernel_01 clk_wiz propagate
INFO: [xilinx.com:ip:clk_wiz:6.0-1] /aclk_kernel_01_hierarchy/clkwiz_aclk_kernel_01 clk_wiz propagate
INFO: [xilinx.com:ip:clk_wiz:6.0-1] /aclk_kernel_00_hierarchy/clkwiz_aclk_kernel_00 clk_wiz propagate
INFO: [xilinx.com:ip:clk_wiz:6.0-1] /aclk_kernel_00_hierarchy/clkwiz_aclk_kernel_00 clk_wiz propagate

|----------------------------------------------------------------------------------------------------------------------------------------|
|                                              Kernel Connection Report (hbm_memory_subsystem)                                           |
|----------------------------------------------------------------------------------------------------------------------------------------|
|                                                    Host/Kernel Port |  hbm_memory_subsystem port  |  Hard HBM Port | PC Range[Min:Max] |
|----------------------------------------------------------------------------------------------------------------------------------------|
|                                                                HOST |                     S00_AXI |        SAXI_10 |        HBM[00:05] |
|                          /attention_score_u55c_kernel_1/m_axi_gmem0 |                     S01_AXI |        SAXI_00 |        HBM[00:00] |
|                          /attention_score_u55c_kernel_1/m_axi_gmem1 |                     S02_AXI |        SAXI_01 |        HBM[01:01] |
|                          /attention_score_u55c_kernel_1/m_axi_gmem2 |                     S03_AXI |        SAXI_02 |        HBM[02:02] |
|                              /causal_mask_u55c_kernel_1/m_axi_gmem0 |                     S04_AXI |        SAXI_03 |        HBM[02:02] |
|                              /causal_mask_u55c_kernel_1/m_axi_gmem1 |                     S05_AXI |        SAXI_04 |        HBM[03:03] |
|                              /score_scale_u55c_kernel_1/m_axi_gmem0 |                     S06_AXI |        SAXI_06 |        HBM[03:03] |
|                              /score_scale_u55c_kernel_1/m_axi_gmem1 |                     S07_AXI |        SAXI_05 |        HBM[04:04] |
|                                  /softmax_u55c_kernel_1/m_axi_gmem0 |                     S08_AXI |        SAXI_07 |        HBM[04:04] |
|                                  /softmax_u55c_kernel_1/m_axi_gmem1 |                     S09_AXI |        SAXI_08 |        HBM[05:05] |
|----------------------------------------------------------------------------------------------------------------------------------------|
INFO: [hmss_qor 4-1] AXI master causal_mask_u55c_kernel_1 connected to HBM Memory Subsystem interface S05_AXI maps HBM memory segments that require HBM lateral AXI paths which can lower system throughput.   See HBM PG276 for more information on AXI lateral switch throughput. Adjusting the AXI master's HBM memory allocation may improve system performance.
INFO: [hmss_qor 4-1] AXI master score_scale_u55c_kernel_1 connected to HBM Memory Subsystem interface S06_AXI maps HBM memory segments that require HBM lateral AXI paths which can lower system throughput.   See HBM PG276 for more information on AXI lateral switch throughput. Adjusting the AXI master's HBM memory allocation may improve system performance.
INFO: [hmss_qor 4-1] AXI master softmax_u55c_kernel_1 connected to HBM Memory Subsystem interface S09_AXI maps HBM memory segments that require HBM lateral AXI paths which can lower system throughput.   See HBM PG276 for more information on AXI lateral switch throughput. Adjusting the AXI master's HBM memory allocation may improve system performance.
WARNING: [SMARTCONNECT-2] Port M00_AXI of /path_0/interconnect1_0 is connected to an infrastructure IP (/path_0/slice1_0).  It is recommended to attach AXI SmartConnect directly to endpoint IPs to avoid mismatches or other issues during validation.  If mismatches occur, manually assign values for AXI Interface properties of /path_0/slice1_0.
WARNING: [SMARTCONNECT-2] Port M00_AXI of /path_1/interconnect2_1 is connected to an infrastructure IP (/path_1/slice2_1).  It is recommended to attach AXI SmartConnect directly to endpoint IPs to avoid mismatches or other issues during validation.  If mismatches occur, manually assign values for AXI Interface properties of /path_1/slice2_1.
WARNING: [SMARTCONNECT-2] Port M00_AXI of /path_2/interconnect3_2 is connected to an infrastructure IP (/path_2/slice3_2).  It is recommended to attach AXI SmartConnect directly to endpoint IPs to avoid mismatches or other issues during validation.  If mismatches occur, manually assign values for AXI Interface properties of /path_2/slice3_2.
WARNING: [SMARTCONNECT-2] Port M00_AXI of /path_3/interconnect4_3 is connected to an infrastructure IP (/path_3/slice4_3).  It is recommended to attach AXI SmartConnect directly to endpoint IPs to avoid mismatches or other issues during validation.  If mismatches occur, manually assign values for AXI Interface properties of /path_3/slice4_3.
WARNING: [SMARTCONNECT-2] Port M00_AXI of /path_4/interconnect5_4 is connected to an infrastructure IP (/path_4/slice5_4).  It is recommended to attach AXI SmartConnect directly to endpoint IPs to avoid mismatches or other issues during validation.  If mismatches occur, manually assign values for AXI Interface properties of /path_4/slice5_4.
WARNING: [SMARTCONNECT-2] Port M00_AXI of /path_5/interconnect7_5 is connected to an infrastructure IP (/path_5/slice7_5).  It is recommended to attach AXI SmartConnect directly to endpoint IPs to avoid mismatches or other issues during validation.  If mismatches occur, manually assign values for AXI Interface properties of /path_5/slice7_5.
WARNING: [SMARTCONNECT-2] Port M00_AXI of /path_6/interconnect6_6 is connected to an infrastructure IP (/path_6/slice6_6).  It is recommended to attach AXI SmartConnect directly to endpoint IPs to avoid mismatches or other issues during validation.  If mismatches occur, manually assign values for AXI Interface properties of /path_6/slice6_6.
WARNING: [SMARTCONNECT-2] Port M00_AXI of /path_7/interconnect8_7 is connected to an infrastructure IP (/path_7/slice8_7).  It is recommended to attach AXI SmartConnect directly to endpoint IPs to avoid mismatches or other issues during validation.  If mismatches occur, manually assign values for AXI Interface properties of /path_7/slice8_7.
WARNING: [SMARTCONNECT-2] Port M00_AXI of /path_8/interconnect9_8 is connected to an infrastructure IP (/path_8/slice9_8).  It is recommended to attach AXI SmartConnect directly to endpoint IPs to avoid mismatches or other issues during validation.  If mismatches occur, manually assign values for AXI Interface properties of /path_8/slice9_8.
WARNING: [SMARTCONNECT-2] Port M00_AXI of /path_10/interconnect0_10 is connected to an infrastructure IP (/path_10/slice0_10).  It is recommended to attach AXI SmartConnect directly to endpoint IPs to avoid mismatches or other issues during validation.  If mismatches occur, manually assign values for AXI Interface properties of /path_10/slice0_10.
INFO: [xilinx.com:ip:smartconnect:1.0-1] bd_85ad_interconnect0_10_0: SmartConnect bd_85ad_interconnect0_10_0 is in High-performance Mode.
INFO: [xilinx.com:ip:smartconnect:1.0-1] bd_85ad_interconnect1_0_0: SmartConnect bd_85ad_interconnect1_0_0 is in High-performance Mode.
INFO: [xilinx.com:ip:smartconnect:1.0-1] bd_85ad_interconnect2_1_0: SmartConnect bd_85ad_interconnect2_1_0 is in High-performance Mode.
INFO: [xilinx.com:ip:smartconnect:1.0-1] bd_85ad_interconnect3_2_0: SmartConnect bd_85ad_interconnect3_2_0 is in High-performance Mode.
INFO: [xilinx.com:ip:smartconnect:1.0-1] bd_85ad_interconnect4_3_0: SmartConnect bd_85ad_interconnect4_3_0 is in High-performance Mode.
INFO: [xilinx.com:ip:smartconnect:1.0-1] bd_85ad_interconnect5_4_0: SmartConnect bd_85ad_interconnect5_4_0 is in High-performance Mode.
INFO: [xilinx.com:ip:smartconnect:1.0-1] bd_85ad_interconnect6_6_0: SmartConnect bd_85ad_interconnect6_6_0 is in High-performance Mode.
INFO: [xilinx.com:ip:smartconnect:1.0-1] bd_85ad_interconnect7_5_0: SmartConnect bd_85ad_interconnect7_5_0 is in High-performance Mode.
INFO: [xilinx.com:ip:smartconnect:1.0-1] bd_85ad_interconnect8_7_0: SmartConnect bd_85ad_interconnect8_7_0 is in High-performance Mode.
INFO: [xilinx.com:ip:smartconnect:1.0-1] bd_85ad_interconnect9_8_0: SmartConnect bd_85ad_interconnect9_8_0 is in High-performance Mode.
WARNING: [BD 41-927] Following properties on pin /hbm_inst/HBM_REF_CLK_0 have been updated from connected ip, but BD cell '/hbm_inst' does not accept parameter changes, so they may not be synchronized with cell properties:
	PHASE = 0 
WARNING: [BD 41-927] Following properties on pin /hbm_inst/AXI_00_ACLK have been updated from connected ip, but BD cell '/hbm_inst' does not accept parameter changes, so they may not be synchronized with cell properties:
	FREQ_HZ = 450000000 
WARNING: [BD 41-927] Following properties on pin /hbm_inst/AXI_01_ACLK have been updated from connected ip, but BD cell '/hbm_inst' does not accept parameter changes, so they may not be synchronized with cell properties:
	FREQ_HZ = 450000000 
WARNING: [BD 41-927] Following properties on pin /hbm_inst/AXI_02_ACLK have been updated from connected ip, but BD cell '/hbm_inst' does not accept parameter changes, so they may not be synchronized with cell properties:
	FREQ_HZ = 450000000 
WARNING: [BD 41-927] Following properties on pin /hbm_inst/AXI_03_ACLK have been updated from connected ip, but BD cell '/hbm_inst' does not accept parameter changes, so they may not be synchronized with cell properties:
	FREQ_HZ = 450000000 
WARNING: [BD 41-927] Following properties on pin /hbm_inst/AXI_04_ACLK have been updated from connected ip, but BD cell '/hbm_inst' does not accept parameter changes, so they may not be synchronized with cell properties:
	FREQ_HZ = 450000000 
WARNING: [BD 41-927] Following properties on pin /hbm_inst/AXI_05_ACLK have been updated from connected ip, but BD cell '/hbm_inst' does not accept parameter changes, so they may not be synchronized with cell properties:
	FREQ_HZ = 450000000 
WARNING: [BD 41-927] Following properties on pin /hbm_inst/AXI_06_ACLK have been updated from connected ip, but BD cell '/hbm_inst' does not accept parameter changes, so they may not be synchronized with cell properties:
	FREQ_HZ = 450000000 
WARNING: [BD 41-927] Following properties on pin /hbm_inst/AXI_07_ACLK have been updated from connected ip, but BD cell '/hbm_inst' does not accept parameter changes, so they may not be synchronized with cell properties:
	FREQ_HZ = 450000000 
WARNING: [BD 41-927] Following properties on pin /hbm_inst/AXI_08_ACLK have been updated from connected ip, but BD cell '/hbm_inst' does not accept parameter changes, so they may not be synchronized with cell properties:
	FREQ_HZ = 450000000 
WARNING: [BD 41-927] Following properties on pin /hbm_inst/AXI_10_ACLK have been updated from connected ip, but BD cell '/hbm_inst' does not accept parameter changes, so they may not be synchronized with cell properties:
	FREQ_HZ = 450000000 
WARNING: [BD 41-927] Following properties on pin /hbm_inst/APB_0_PCLK have been updated from connected ip, but BD cell '/hbm_inst' does not accept parameter changes, so they may not be synchronized with cell properties:
	PHASE = 0 
CRITICAL WARNING: [BD 41-238] Port/Pin property SENSITIVITY does not match between /ii_level0_wire/ulp_s_irq_cu_00(LEVEL_HIGH) and /ii_level0_wire_ulp_s_irq_cu_00_1_interrupt_concat/dout(NULL:NULL:NULL:NULL:NULL:NULL:NULL:NULL:NULL:NULL:NULL:NULL:NULL:NULL:NULL:NULL:NULL:NULL:NULL:NULL:NULL:NULL:NULL:NULL:NULL:NULL:NULL:NULL:NULL:NULL:NULL:LEVEL_HIGH:LEVEL_HIGH:LEVEL_HIGH:LEVEL_HIGH)
WARNING: [BD 41-927] Following properties on pin /attention_score_u55c_kernel_1/ap_clk have been updated from connected ip, but BD cell '/attention_score_u55c_kernel_1' does not accept parameter changes, so they may not be synchronized with cell properties:
	FREQ_HZ = 300000000 
Please resolve any mismatches by directly setting properties on BD cell </attention_score_u55c_kernel_1> to completely resolve these warnings.
WARNING: [BD 41-927] Following properties on pin /causal_mask_u55c_kernel_1/ap_clk have been updated from connected ip, but BD cell '/causal_mask_u55c_kernel_1' does not accept parameter changes, so they may not be synchronized with cell properties:
	FREQ_HZ = 300000000 
Please resolve any mismatches by directly setting properties on BD cell </causal_mask_u55c_kernel_1> to completely resolve these warnings.
WARNING: [BD 41-927] Following properties on pin /score_scale_u55c_kernel_1/ap_clk have been updated from connected ip, but BD cell '/score_scale_u55c_kernel_1' does not accept parameter changes, so they may not be synchronized with cell properties:
	FREQ_HZ = 300000000 
Please resolve any mismatches by directly setting properties on BD cell </score_scale_u55c_kernel_1> to completely resolve these warnings.
WARNING: [BD 41-927] Following properties on pin /softmax_u55c_kernel_1/ap_clk have been updated from connected ip, but BD cell '/softmax_u55c_kernel_1' does not accept parameter changes, so they may not be synchronized with cell properties:
	FREQ_HZ = 300000000 
Please resolve any mismatches by directly setting properties on BD cell </softmax_u55c_kernel_1> to completely resolve these warnings.
WARNING: [BD 41-2671] The dangling interface net <axi_vip_data_M_AXI> will not be written out to the BD file.
WARNING: [BD 41-2671] The dangling interface net <regslice_data_M_AXI> will not be written out to the BD file.
WARNING: [BD 41-2671] The dangling interface net <s_axi_data_1> will not be written out to the BD file.
WARNING: [BD 41-2671] The dangling interface net <axi_vip_data_M_AXI> will not be written out to the BD file.
WARNING: [BD 41-2671] The dangling interface net <regslice_data_M_AXI> will not be written out to the BD file.
WARNING: [BD 41-2671] The dangling interface net <s_axi_data_1> will not be written out to the BD file.
WARNING: [BD 41-2671] The dangling interface net <axi_vip_data_M_AXI> will not be written out to the BD file.
WARNING: [BD 41-2671] The dangling interface net <regslice_data_M_AXI> will not be written out to the BD file.
WARNING: [BD 41-2671] The dangling interface net <s_axi_data_1> will not be written out to the BD file.
WARNING: [BD 41-2671] The dangling interface net <SLR0_m_axi_sdx_memory> will not be written out to the BD file.
WARNING: [BD 41-2671] The dangling interface net <SLR1_m_axi_sdx_memory> will not be written out to the BD file.
WARNING: [BD 41-2671] The dangling interface net <SLR2_m_axi_sdx_memory> will not be written out to the BD file.
WARNING: [BD 41-2671] The dangling interface net <axi_data_sc_M00_AXI> will not be written out to the BD file.
WARNING: [BD 41-2671] The dangling interface net <axi_data_sc_M01_AXI> will not be written out to the BD file.
WARNING: [BD 41-2671] The dangling interface net <axi_data_sc_M02_AXI> will not be written out to the BD file.
WARNING: [BD 41-2671] The dangling interface net <axi_data_sc_M03_AXI> will not be written out to the BD file.
WARNING: [BD 41-2671] The dangling interface net <axi_regslice_slr0_M_AXI> will not be written out to the BD file.
WARNING: [BD 41-2671] The dangling interface net <memory_subsystem_M00_AXI> will not be written out to the BD file.
WARNING: [BD 41-2671] The dangling interface net <s_axi_data_1> will not be written out to the BD file.
WARNING: [BD 41-2671] The dangling interface net <s_axi_data_2> will not be written out to the BD file.
Wrote  : </home/advent/Desktop/RC19/_x/link/vivado/vpl/prj/prj.srcs/my_rm/bd/ulp/ulp.bd> 
WARNING: [BD 41-2384] Width mismatch when connecting pin: '/hmss_0/S01_AXI_arlock'(1) to pin: '/attention_score_u55c_kernel_1/m_axi_gmem0_ARLOCK'(2) - Only lower order bits will be connected.
WARNING: [BD 41-2384] Width mismatch when connecting pin: '/hmss_0/S02_AXI_arlock'(1) to pin: '/attention_score_u55c_kernel_1/m_axi_gmem1_ARLOCK'(2) - Only lower order bits will be connected.
WARNING: [BD 41-2384] Width mismatch when connecting pin: '/hmss_0/S03_AXI_awlock'(1) to pin: '/attention_score_u55c_kernel_1/m_axi_gmem2_AWLOCK'(2) - Only lower order bits will be connected.
WARNING: [BD 41-2384] Width mismatch when connecting pin: '/hmss_0/S04_AXI_arlock'(1) to pin: '/causal_mask_u55c_kernel_1/m_axi_gmem0_ARLOCK'(2) - Only lower order bits will be connected.
WARNING: [BD 41-2384] Width mismatch when connecting pin: '/hmss_0/S05_AXI_awlock'(1) to pin: '/causal_mask_u55c_kernel_1/m_axi_gmem1_AWLOCK'(2) - Only lower order bits will be connected.
WARNING: [BD 41-2384] Width mismatch when connecting pin: '/hmss_0/S06_AXI_arlock'(1) to pin: '/score_scale_u55c_kernel_1/m_axi_gmem0_ARLOCK'(2) - Only lower order bits will be connected.
WARNING: [BD 41-2384] Width mismatch when connecting pin: '/hmss_0/S07_AXI_awlock'(1) to pin: '/score_scale_u55c_kernel_1/m_axi_gmem1_AWLOCK'(2) - Only lower order bits will be connected.
WARNING: [BD 41-2384] Width mismatch when connecting pin: '/hmss_0/S08_AXI_arlock'(1) to pin: '/softmax_u55c_kernel_1/m_axi_gmem0_ARLOCK'(2) - Only lower order bits will be connected.
WARNING: [BD 41-2384] Width mismatch when connecting pin: '/hmss_0/S09_AXI_awlock'(1) to pin: '/softmax_u55c_kernel_1/m_axi_gmem1_AWLOCK'(2) - Only lower order bits will be connected.
Verilog Output written to : /home/advent/Desktop/RC19/_x/link/vivado/vpl/prj/prj.gen/my_rm/bd/ulp/synth/ulp.v
WARNING: [BD 41-2384] Width mismatch when connecting pin: '/hmss_0/S01_AXI_arlock'(1) to pin: '/attention_score_u55c_kernel_1/m_axi_gmem0_ARLOCK'(2) - Only lower order bits will be connected.
WARNING: [BD 41-2384] Width mismatch when connecting pin: '/hmss_0/S02_AXI_arlock'(1) to pin: '/attention_score_u55c_kernel_1/m_axi_gmem1_ARLOCK'(2) - Only lower order bits will be connected.
WARNING: [BD 41-2384] Width mismatch when connecting pin: '/hmss_0/S03_AXI_awlock'(1) to pin: '/attention_score_u55c_kernel_1/m_axi_gmem2_AWLOCK'(2) - Only lower order bits will be connected.
WARNING: [BD 41-2384] Width mismatch when connecting pin: '/hmss_0/S04_AXI_arlock'(1) to pin: '/causal_mask_u55c_kernel_1/m_axi_gmem0_ARLOCK'(2) - Only lower order bits will be connected.
WARNING: [BD 41-2384] Width mismatch when connecting pin: '/hmss_0/S05_AXI_awlock'(1) to pin: '/causal_mask_u55c_kernel_1/m_axi_gmem1_AWLOCK'(2) - Only lower order bits will be connected.
WARNING: [BD 41-2384] Width mismatch when connecting pin: '/hmss_0/S06_AXI_arlock'(1) to pin: '/score_scale_u55c_kernel_1/m_axi_gmem0_ARLOCK'(2) - Only lower order bits will be connected.
WARNING: [BD 41-2384] Width mismatch when connecting pin: '/hmss_0/S07_AXI_awlock'(1) to pin: '/score_scale_u55c_kernel_1/m_axi_gmem1_AWLOCK'(2) - Only lower order bits will be connected.
WARNING: [BD 41-2384] Width mismatch when connecting pin: '/hmss_0/S08_AXI_arlock'(1) to pin: '/softmax_u55c_kernel_1/m_axi_gmem0_ARLOCK'(2) - Only lower order bits will be connected.
WARNING: [BD 41-2384] Width mismatch when connecting pin: '/hmss_0/S09_AXI_awlock'(1) to pin: '/softmax_u55c_kernel_1/m_axi_gmem1_AWLOCK'(2) - Only lower order bits will be connected.
Verilog Output written to : /home/advent/Desktop/RC19/_x/link/vivado/vpl/prj/prj.gen/my_rm/bd/ulp/sim/ulp.v
Verilog Output written to : /home/advent/Desktop/RC19/_x/link/vivado/vpl/prj/prj.gen/my_rm/bd/ulp/hdl/ulp_wrapper.v
WARNING: [BD 41-1287] Associated interface by name blp_s_data_satellite_ctrl_data_00 not found for clock port /blp_s_aclk_ctrl_00
WARNING: [BD 41-1287] Associated interface by name blp_m_data_memory_calib_complete_00 not found for clock port /blp_s_aclk_ctrl_00
WARNING: [BD 41-1287] Associated interface by name blp_m_data_hbm_temp_00 not found for clock port /blp_s_aclk_ctrl_00
WARNING: [BD 41-1287] Associated interface by name blp_m_data_hbm_temp_01 not found for clock port /blp_s_aclk_ctrl_00
WARNING: [BD 41-1287] Associated interface by name blp_m_irq_hbm_cattrip_00 not found for clock port /blp_s_aclk_ctrl_00
WARNING: [BD 41-1287] Associated interface by name ulp_m_data_satellite_ctrl_data_00 not found for clock port /ulp_m_aclk_ctrl_00
WARNING: [BD 41-1287] Associated interface by name ulp_s_data_memory_calib_complete_00 not found for clock port /ulp_m_aclk_ctrl_00
WARNING: [BD 41-1287] Associated interface by name ulp_s_data_hbm_temp_00 not found for clock port /ulp_m_aclk_ctrl_00
WARNING: [BD 41-1287] Associated interface by name ulp_s_data_hbm_temp_01 not found for clock port /ulp_m_aclk_ctrl_00
WARNING: [BD 41-1287] Associated interface by name ulp_s_irq_hbm_cattrip_00 not found for clock port /ulp_m_aclk_ctrl_00
WARNING: [BD 41-1287] Associated interface by name blp_m_irq_cu_00 not found for clock port /blp_s_aclk_pcie_00
WARNING: [BD 41-1287] Associated interface by name ulp_s_irq_cu_00 not found for clock port /ulp_m_aclk_pcie_00
WARNING: [BD 41-1287] Associated interface by name blp_s_data_satellite_ctrl_data_00 not found for clock port /blp_s_aclk_ctrl_00
WARNING: [BD 41-1287] Associated interface by name blp_m_data_memory_calib_complete_00 not found for clock port /blp_s_aclk_ctrl_00
WARNING: [BD 41-1287] Associated interface by name blp_m_data_hbm_temp_00 not found for clock port /blp_s_aclk_ctrl_00
WARNING: [BD 41-1287] Associated interface by name blp_m_data_hbm_temp_01 not found for clock port /blp_s_aclk_ctrl_00
WARNING: [BD 41-1287] Associated interface by name blp_m_irq_hbm_cattrip_00 not found for clock port /blp_s_aclk_ctrl_00
WARNING: [BD 41-1287] Associated interface by name ulp_m_data_satellite_ctrl_data_00 not found for clock port /ulp_m_aclk_ctrl_00
WARNING: [BD 41-1287] Associated interface by name ulp_s_data_memory_calib_complete_00 not found for clock port /ulp_m_aclk_ctrl_00
WARNING: [BD 41-1287] Associated interface by name ulp_s_data_hbm_temp_00 not found for clock port /ulp_m_aclk_ctrl_00
WARNING: [BD 41-1287] Associated interface by name ulp_s_data_hbm_temp_01 not found for clock port /ulp_m_aclk_ctrl_00
WARNING: [BD 41-1287] Associated interface by name ulp_s_irq_hbm_cattrip_00 not found for clock port /ulp_m_aclk_ctrl_00
WARNING: [BD 41-1287] Associated interface by name blp_m_irq_cu_00 not found for clock port /blp_s_aclk_pcie_00
WARNING: [BD 41-1287] Associated interface by name ulp_s_irq_cu_00 not found for clock port /ulp_m_aclk_pcie_00
WARNING: [BD 41-1753] The name 'ip_data_satellite_ctrl_data_00' you have specified is long. The Windows OS has path length limitations. It is recommended you use shorter names(less than 25 characters) to reduce the likelihood of issues when/if running on windows OS.
WARNING: [BD 41-1753] The name 'ip_data_memory_calib_complete_00' you have specified is long. The Windows OS has path length limitations. It is recommended you use shorter names(less than 25 characters) to reduce the likelihood of issues when/if running on windows OS.
WARNING: [BD 41-1287] Associated interface by name blp_m_data_hbm_temp_00 not found for clock port /blp_s_aclk_ctrl_00
WARNING: [BD 41-1287] Associated interface by name blp_m_data_hbm_temp_01 not found for clock port /blp_s_aclk_ctrl_00
WARNING: [BD 41-1287] Associated interface by name blp_m_data_memory_calib_complete_00 not found for clock port /blp_s_aclk_ctrl_00
WARNING: [BD 41-1287] Associated interface by name blp_m_irq_hbm_cattrip_00 not found for clock port /blp_s_aclk_ctrl_00
WARNING: [BD 41-1287] Associated interface by name blp_s_data_satellite_ctrl_data_00 not found for clock port /blp_s_aclk_ctrl_00
WARNING: [BD 41-1287] Associated interface by name blp_m_data_hbm_temp_00 not found for clock port /blp_s_aclk_ctrl_00
WARNING: [BD 41-1287] Associated interface by name blp_m_data_hbm_temp_01 not found for clock port /blp_s_aclk_ctrl_00
WARNING: [BD 41-1287] Associated interface by name blp_m_data_memory_calib_complete_00 not found for clock port /blp_s_aclk_ctrl_00
WARNING: [BD 41-1287] Associated interface by name blp_m_irq_hbm_cattrip_00 not found for clock port /blp_s_aclk_ctrl_00
WARNING: [BD 41-1287] Associated interface by name blp_s_data_satellite_ctrl_data_00 not found for clock port /blp_s_aclk_ctrl_00
WARNING: [BD 41-1287] Associated interface by name blp_m_data_hbm_temp_00 not found for clock port /blp_s_aclk_ctrl_00
WARNING: [BD 41-1287] Associated interface by name blp_m_data_hbm_temp_01 not found for clock port /blp_s_aclk_ctrl_00
WARNING: [BD 41-1287] Associated interface by name blp_m_data_memory_calib_complete_00 not found for clock port /blp_s_aclk_ctrl_00
WARNING: [BD 41-1287] Associated interface by name blp_m_irq_hbm_cattrip_00 not found for clock port /blp_s_aclk_ctrl_00
WARNING: [BD 41-1287] Associated interface by name blp_s_data_satellite_ctrl_data_00 not found for clock port /blp_s_aclk_ctrl_00
WARNING: [BD 41-1287] Associated interface by name blp_m_irq_cu_00 not found for clock port /blp_s_aclk_pcie_00
WARNING: [BD 41-1287] Associated interface by name blp_m_irq_cu_00 not found for clock port /blp_s_aclk_pcie_00
WARNING: [BD 41-1287] Associated interface by name blp_m_irq_cu_00 not found for clock port /blp_s_aclk_pcie_00
WARNING: [BD 41-1287] Associated interface by name blp_m_irq_cu_00 not found for clock port /blp_s_aclk_pcie_00
WARNING: [BD 41-1287] Associated interface by name blp_m_irq_cu_00 not found for clock port /blp_s_aclk_pcie_00
WARNING: [BD 41-1287] Associated interface by name ulp_s_irq_cu_00 not found for clock port /ulp_m_aclk_pcie_00
WARNING: [BD 41-1287] Associated interface by name blp_m_irq_cu_00 not found for clock port /blp_s_aclk_pcie_00
WARNING: [BD 41-1287] Associated interface by name blp_m_data_hbm_temp_00 not found for clock port /blp_s_aclk_ctrl_00
WARNING: [BD 41-1287] Associated interface by name blp_m_data_hbm_temp_01 not found for clock port /blp_s_aclk_ctrl_00
WARNING: [BD 41-1287] Associated interface by name blp_m_data_memory_calib_complete_00 not found for clock port /blp_s_aclk_ctrl_00
WARNING: [BD 41-1287] Associated interface by name blp_m_irq_hbm_cattrip_00 not found for clock port /blp_s_aclk_ctrl_00
WARNING: [BD 41-1287] Associated interface by name blp_s_data_satellite_ctrl_data_00 not found for clock port /blp_s_aclk_ctrl_00
WARNING: [BD 41-1287] Associated interface by name ulp_m_data_satellite_ctrl_data_00 not found for clock port /ulp_m_aclk_ctrl_00
WARNING: [BD 41-1287] Associated interface by name ulp_s_data_memory_calib_complete_00 not found for clock port /ulp_m_aclk_ctrl_00
WARNING: [BD 41-1287] Associated interface by name ulp_s_data_hbm_temp_00 not found for clock port /ulp_m_aclk_ctrl_00
WARNING: [BD 41-1287] Associated interface by name ulp_s_data_hbm_temp_01 not found for clock port /ulp_m_aclk_ctrl_00
WARNING: [BD 41-1287] Associated interface by name ulp_s_irq_hbm_cattrip_00 not found for clock port /ulp_m_aclk_ctrl_00
WARNING: [BD 41-1287] Associated interface by name blp_m_data_hbm_temp_00 not found for clock port /blp_s_aclk_ctrl_00
WARNING: [BD 41-1287] Associated interface by name blp_m_data_hbm_temp_01 not found for clock port /blp_s_aclk_ctrl_00
WARNING: [BD 41-1287] Associated interface by name blp_m_data_memory_calib_complete_00 not found for clock port /blp_s_aclk_ctrl_00
WARNING: [BD 41-1287] Associated interface by name blp_m_irq_hbm_cattrip_00 not found for clock port /blp_s_aclk_ctrl_00
WARNING: [BD 41-1287] Associated interface by name blp_s_data_satellite_ctrl_data_00 not found for clock port /blp_s_aclk_ctrl_00
WARNING: [BD 41-1287] Associated interface by name ulp_m_data_satellite_ctrl_data_00 not found for clock port /ulp_m_aclk_ctrl_00
WARNING: [BD 41-1287] Associated interface by name ulp_s_data_memory_calib_complete_00 not found for clock port /ulp_m_aclk_ctrl_00
WARNING: [BD 41-1287] Associated interface by name ulp_s_data_hbm_temp_00 not found for clock port /ulp_m_aclk_ctrl_00
WARNING: [BD 41-1287] Associated interface by name ulp_s_data_hbm_temp_01 not found for clock port /ulp_m_aclk_ctrl_00
WARNING: [BD 41-1287] Associated interface by name ulp_s_irq_hbm_cattrip_00 not found for clock port /ulp_m_aclk_ctrl_00
WARNING: [BD 41-1287] Associated interface by name blp_m_irq_cu_00 not found for clock port /blp_s_aclk_pcie_00
WARNING: [BD 41-1287] Associated interface by name ulp_s_irq_cu_00 not found for clock port /ulp_m_aclk_pcie_00
WARNING: [BD 41-1287] Associated interface by name blp_m_data_hbm_temp_00 not found for clock port /blp_s_aclk_ctrl_00
WARNING: [BD 41-1287] Associated interface by name blp_m_data_hbm_temp_01 not found for clock port /blp_s_aclk_ctrl_00
WARNING: [BD 41-1287] Associated interface by name blp_m_data_memory_calib_complete_00 not found for clock port /blp_s_aclk_ctrl_00
WARNING: [BD 41-1287] Associated interface by name blp_m_irq_hbm_cattrip_00 not found for clock port /blp_s_aclk_ctrl_00
WARNING: [BD 41-1287] Associated interface by name blp_s_data_satellite_ctrl_data_00 not found for clock port /blp_s_aclk_ctrl_00
WARNING: [BD 41-1287] Associated interface by name blp_m_data_hbm_temp_00 not found for clock port /blp_s_aclk_ctrl_00
WARNING: [BD 41-1287] Associated interface by name blp_m_data_hbm_temp_01 not found for clock port /blp_s_aclk_ctrl_00
WARNING: [BD 41-1287] Associated interface by name blp_m_data_memory_calib_complete_00 not found for clock port /blp_s_aclk_ctrl_00
WARNING: [BD 41-1287] Associated interface by name blp_m_irq_hbm_cattrip_00 not found for clock port /blp_s_aclk_ctrl_00
WARNING: [BD 41-1287] Associated interface by name blp_s_data_satellite_ctrl_data_00 not found for clock port /blp_s_aclk_ctrl_00
WARNING: [BD 41-1287] Associated interface by name blp_m_data_hbm_temp_00 not found for clock port /blp_s_aclk_ctrl_00
WARNING: [BD 41-1287] Associated interface by name blp_m_data_hbm_temp_01 not found for clock port /blp_s_aclk_ctrl_00
WARNING: [BD 41-1287] Associated interface by name blp_m_data_memory_calib_complete_00 not found for clock port /blp_s_aclk_ctrl_00
WARNING: [BD 41-1287] Associated interface by name blp_m_irq_hbm_cattrip_00 not found for clock port /blp_s_aclk_ctrl_00
WARNING: [BD 41-1287] Associated interface by name blp_s_data_satellite_ctrl_data_00 not found for clock port /blp_s_aclk_ctrl_00
WARNING: [BD 41-1287] Associated interface by name blp_m_irq_cu_00 not found for clock port /blp_s_aclk_pcie_00
WARNING: [BD 41-1287] Associated interface by name blp_m_irq_cu_00 not found for clock port /blp_s_aclk_pcie_00
WARNING: [BD 41-1287] Associated interface by name blp_m_irq_cu_00 not found for clock port /blp_s_aclk_pcie_00
WARNING: [BD 41-1287] Associated interface by name blp_m_irq_cu_00 not found for clock port /blp_s_aclk_pcie_00
WARNING: [BD 41-1287] Associated interface by name blp_m_irq_cu_00 not found for clock port /blp_s_aclk_pcie_00
WARNING: [IP_Flow 19-3374] An attempt to modify the value of disabled parameter 'IPDEF.P4CL' from '3386113' to '3133358' has been ignored for IP 'ulp_ii_level0_wire_0/ii_level0_wire_pxi_ii_core_0'
INFO: [IP_Flow 19-3422] Upgraded ii_level0_wire_pxi_ii_core_0 (PXI Isolation Interface Core Logic 1.0) from revision 0 to revision 1
Exporting to file /home/advent/Desktop/RC19/_x/link/vivado/vpl/prj/prj.gen/my_rm/bd/ulp/ip/ulp_ii_level0_wire_0/bd_0/hw_handoff/ii_level0_wire_pxi_ii_core_0.hwh
Generated Hardware Definition File /home/advent/Desktop/RC19/_x/link/vivado/vpl/prj/prj.gen/my_rm/bd/ulp/ip/ulp_ii_level0_wire_0/bd_0/synth/ii_level0_wire_pxi_ii_core_0.hwdef
INFO: [BD 41-1029] Generation completed for the IP Integrator block ii_level0_wire .
INFO: [IP_Flow 19-1686] Generating 'Simulation' target for IP 'ulp_ulp_cmp_0_s_axi_ctrl_mgmt'...
INFO: [IP_Flow 19-1686] Generating 'Simulation' target for IP 'ulp_ulp_cmp_0_s_axi_ctrl_user_debug'...
Exporting to file /home/advent/Desktop/RC19/_x/link/vivado/vpl/prj/prj.gen/my_rm/bd/ulp/ip/ulp_ulp_cmp_0/bd_1/hw_handoff/bd_097b_user_debug_bridge_0.hwh
Generated Hardware Definition File /home/advent/Desktop/RC19/_x/link/vivado/vpl/prj/prj.gen/my_rm/bd/ulp/ip/ulp_ulp_cmp_0/bd_1/synth/bd_097b_user_debug_bridge_0.hwdef
Exporting to file /home/advent/Desktop/RC19/_x/link/vivado/vpl/prj/prj.gen/my_rm/bd/ulp/ip/ulp_ulp_cmp_0/bd_2/hw_handoff/bd_097b_user_debug_hub_0.hwh
Generated Hardware Definition File /home/advent/Desktop/RC19/_x/link/vivado/vpl/prj/prj.gen/my_rm/bd/ulp/ip/ulp_ulp_cmp_0/bd_2/synth/bd_097b_user_debug_hub_0.hwdef
Exporting to file /home/advent/Desktop/RC19/_x/link/vivado/vpl/prj/prj.gen/my_rm/bd/ulp/ip/ulp_ulp_cmp_0/bd_0/hw_handoff/ulp_ulp_cmp_0.hwh
Generated Hardware Definition File /home/advent/Desktop/RC19/_x/link/vivado/vpl/prj/prj.gen/my_rm/bd/ulp/ip/ulp_ulp_cmp_0/bd_0/synth/ulp_ulp_cmp_0.hwdef
INFO: [BD 41-1029] Generation completed for the IP Integrator block ulp_cmp .
INFO: [IP_Flow 19-5611] Unable to find an associated reset port for the interface 'SAXI_00_8HI'. A default connection has been created.
INFO: [IP_Flow 19-5611] Unable to find an associated reset port for the interface 'SAXI_01_8HI'. A default connection has been created.
INFO: [IP_Flow 19-5611] Unable to find an associated reset port for the interface 'SAXI_02_8HI'. A default connection has been created.
INFO: [IP_Flow 19-5611] Unable to find an associated reset port for the interface 'SAXI_03_8HI'. A default connection has been created.
INFO: [IP_Flow 19-5611] Unable to find an associated reset port for the interface 'SAXI_04_8HI'. A default connection has been created.
INFO: [IP_Flow 19-5611] Unable to find an associated reset port for the interface 'SAXI_05_8HI'. A default connection has been created.
INFO: [IP_Flow 19-5611] Unable to find an associated reset port for the interface 'SAXI_06_8HI'. A default connection has been created.
INFO: [IP_Flow 19-5611] Unable to find an associated reset port for the interface 'SAXI_07_8HI'. A default connection has been created.
INFO: [IP_Flow 19-5611] Unable to find an associated reset port for the interface 'SAXI_08_8HI'. A default connection has been created.
INFO: [IP_Flow 19-5611] Unable to find an associated reset port for the interface 'SAXI_10_8HI'. A default connection has been created.
WARNING: [IP_Flow 19-5378] Port width mismatch for bus parameter 'S00_AXI.ADDR_WIDTH'. Logical port width '29' and physical port width '64' do not match.
Exporting to file /home/advent/Desktop/RC19/_x/link/vivado/vpl/prj/prj.gen/my_rm/bd/ulp/ip/ulp_hmss_0_0/bd_1/hw_handoff/bd_85ad_interconnect1_0_0.hwh
Generated Hardware Definition File /home/advent/Desktop/RC19/_x/link/vivado/vpl/prj/prj.gen/my_rm/bd/ulp/ip/ulp_hmss_0_0/bd_1/synth/bd_85ad_interconnect1_0_0.hwdef
WARNING: [IP_Flow 19-5378] Port width mismatch for bus parameter 'S00_AXI.ADDR_WIDTH'. Logical port width '30' and physical port width '64' do not match.
Exporting to file /home/advent/Desktop/RC19/_x/link/vivado/vpl/prj/prj.gen/my_rm/bd/ulp/ip/ulp_hmss_0_0/bd_2/hw_handoff/bd_85ad_interconnect2_1_0.hwh
Generated Hardware Definition File /home/advent/Desktop/RC19/_x/link/vivado/vpl/prj/prj.gen/my_rm/bd/ulp/ip/ulp_hmss_0_0/bd_2/synth/bd_85ad_interconnect2_1_0.hwdef
WARNING: [IP_Flow 19-5378] Port width mismatch for bus parameter 'S00_AXI.ADDR_WIDTH'. Logical port width '31' and physical port width '64' do not match.
Exporting to file /home/advent/Desktop/RC19/_x/link/vivado/vpl/prj/prj.gen/my_rm/bd/ulp/ip/ulp_hmss_0_0/bd_3/hw_handoff/bd_85ad_interconnect3_2_0.hwh
Generated Hardware Definition File /home/advent/Desktop/RC19/_x/link/vivado/vpl/prj/prj.gen/my_rm/bd/ulp/ip/ulp_hmss_0_0/bd_3/synth/bd_85ad_interconnect3_2_0.hwdef
WARNING: [IP_Flow 19-5378] Port width mismatch for bus parameter 'S00_AXI.ADDR_WIDTH'. Logical port width '31' and physical port width '64' do not match.
Exporting to file /home/advent/Desktop/RC19/_x/link/vivado/vpl/prj/prj.gen/my_rm/bd/ulp/ip/ulp_hmss_0_0/bd_4/hw_handoff/bd_85ad_interconnect4_3_0.hwh
Generated Hardware Definition File /home/advent/Desktop/RC19/_x/link/vivado/vpl/prj/prj.gen/my_rm/bd/ulp/ip/ulp_hmss_0_0/bd_4/synth/bd_85ad_interconnect4_3_0.hwdef
WARNING: [IP_Flow 19-5378] Port width mismatch for bus parameter 'S00_AXI.ADDR_WIDTH'. Logical port width '31' and physical port width '64' do not match.
Exporting to file /home/advent/Desktop/RC19/_x/link/vivado/vpl/prj/prj.gen/my_rm/bd/ulp/ip/ulp_hmss_0_0/bd_5/hw_handoff/bd_85ad_interconnect5_4_0.hwh
Generated Hardware Definition File /home/advent/Desktop/RC19/_x/link/vivado/vpl/prj/prj.gen/my_rm/bd/ulp/ip/ulp_hmss_0_0/bd_5/synth/bd_85ad_interconnect5_4_0.hwdef
WARNING: [IP_Flow 19-5378] Port width mismatch for bus parameter 'S00_AXI.ADDR_WIDTH'. Logical port width '32' and physical port width '64' do not match.
Exporting to file /home/advent/Desktop/RC19/_x/link/vivado/vpl/prj/prj.gen/my_rm/bd/ulp/ip/ulp_hmss_0_0/bd_6/hw_handoff/bd_85ad_interconnect7_5_0.hwh
Generated Hardware Definition File /home/advent/Desktop/RC19/_x/link/vivado/vpl/prj/prj.gen/my_rm/bd/ulp/ip/ulp_hmss_0_0/bd_6/synth/bd_85ad_interconnect7_5_0.hwdef
WARNING: [IP_Flow 19-5378] Port width mismatch for bus parameter 'S00_AXI.ADDR_WIDTH'. Logical port width '31' and physical port width '64' do not match.
Exporting to file /home/advent/Desktop/RC19/_x/link/vivado/vpl/prj/prj.gen/my_rm/bd/ulp/ip/ulp_hmss_0_0/bd_7/hw_handoff/bd_85ad_interconnect6_6_0.hwh
Generated Hardware Definition File /home/advent/Desktop/RC19/_x/link/vivado/vpl/prj/prj.gen/my_rm/bd/ulp/ip/ulp_hmss_0_0/bd_7/synth/bd_85ad_interconnect6_6_0.hwdef
WARNING: [IP_Flow 19-5378] Port width mismatch for bus parameter 'S00_AXI.ADDR_WIDTH'. Logical port width '32' and physical port width '64' do not match.
Exporting to file /home/advent/Desktop/RC19/_x/link/vivado/vpl/prj/prj.gen/my_rm/bd/ulp/ip/ulp_hmss_0_0/bd_8/hw_handoff/bd_85ad_interconnect8_7_0.hwh
Generated Hardware Definition File /home/advent/Desktop/RC19/_x/link/vivado/vpl/prj/prj.gen/my_rm/bd/ulp/ip/ulp_hmss_0_0/bd_8/synth/bd_85ad_interconnect8_7_0.hwdef
WARNING: [IP_Flow 19-5378] Port width mismatch for bus parameter 'S00_AXI.ADDR_WIDTH'. Logical port width '32' and physical port width '64' do not match.
Exporting to file /home/advent/Desktop/RC19/_x/link/vivado/vpl/prj/prj.gen/my_rm/bd/ulp/ip/ulp_hmss_0_0/bd_9/hw_handoff/bd_85ad_interconnect9_8_0.hwh
Generated Hardware Definition File /home/advent/Desktop/RC19/_x/link/vivado/vpl/prj/prj.gen/my_rm/bd/ulp/ip/ulp_hmss_0_0/bd_9/synth/bd_85ad_interconnect9_8_0.hwdef
WARNING: [IP_Flow 19-5378] Port width mismatch for bus parameter 'S00_AXI.ADDR_WIDTH'. Logical port width '34' and physical port width '39' do not match.
Exporting to file /home/advent/Desktop/RC19/_x/link/vivado/vpl/prj/prj.gen/my_rm/bd/ulp/ip/ulp_hmss_0_0/bd_10/hw_handoff/bd_85ad_interconnect0_10_0.hwh
Generated Hardware Definition File /home/advent/Desktop/RC19/_x/link/vivado/vpl/prj/prj.gen/my_rm/bd/ulp/ip/ulp_hmss_0_0/bd_10/synth/bd_85ad_interconnect0_10_0.hwdef
Exporting to file /home/advent/Desktop/RC19/_x/link/vivado/vpl/prj/prj.gen/my_rm/bd/ulp/ip/ulp_hmss_0_0/bd_0/hw_handoff/ulp_hmss_0_0.hwh
Generated Hardware Definition File /home/advent/Desktop/RC19/_x/link/vivado/vpl/prj/prj.gen/my_rm/bd/ulp/ip/ulp_hmss_0_0/bd_0/synth/ulp_hmss_0_0.hwdef
INFO: [BD 41-1029] Generation completed for the IP Integrator block hmss_0 .
INFO: [BD 41-1029] Generation completed for the IP Integrator block axi_vip_data .
INFO: [BD 41-1029] Generation completed for the IP Integrator block satellite_gpio_slice_1 .
INFO: [IP_Flow 19-1686] Generating 'Simulation' target for IP 'ulp_ulp_ucs_0_s_axi_ctrl_mgmt'...
WARNING: [IP_Flow 19-4994] Overwriting existing constraint file '/home/advent/Desktop/RC19/_x/link/vivado/vpl/prj/prj.gen/my_rm/bd/ulp/ip/ulp_ulp_ucs_0/bd_0/ip/ip_93/bd_22c0_auto_cc_0_ooc.xdc'
INFO: [IP_Flow 19-5611] Unable to find an associated reset port for the interface 'S_AXI'. A default connection has been created.
INFO: [IP_Flow 19-5611] Unable to find an associated reset port for the interface 'M_AXI'. A default connection has been created.
Exporting to file /home/advent/Desktop/RC19/_x/link/vivado/vpl/prj/prj.gen/my_rm/bd/ulp/ip/ulp_ulp_ucs_0/bd_0/hw_handoff/ulp_ulp_ucs_0.hwh
Generated Hardware Definition File /home/advent/Desktop/RC19/_x/link/vivado/vpl/prj/prj.gen/my_rm/bd/ulp/ip/ulp_ulp_ucs_0/bd_0/synth/ulp_ulp_ucs_0.hwdef
INFO: [BD 41-1029] Generation completed for the IP Integrator block ulp_ucs .
INFO: [BD 41-1029] Generation completed for the IP Integrator block proc_sys_reset_ctrl_slr0 .
INFO: [BD 41-1029] Generation completed for the IP Integrator block proc_sys_reset_ctrl_slr1 .
INFO: [BD 41-1029] Generation completed for the IP Integrator block proc_sys_reset_ctrl_slr2 .
INFO: [BD 41-1029] Generation completed for the IP Integrator block proc_sys_reset_kernel_slr0 .
INFO: [BD 41-1029] Generation completed for the IP Integrator block proc_sys_reset_kernel_slr1 .
INFO: [BD 41-1029] Generation completed for the IP Integrator block proc_sys_reset_kernel_slr2 .
INFO: [BD 41-1029] Generation completed for the IP Integrator block proc_sys_reset_kernel2_slr0 .
INFO: [BD 41-1029] Generation completed for the IP Integrator block proc_sys_reset_kernel2_slr1 .
INFO: [BD 41-1029] Generation completed for the IP Integrator block proc_sys_reset_kernel2_slr2 .
INFO: [BD 41-1029] Generation completed for the IP Integrator block proc_sys_reset_freerun_slr0 .
INFO: [BD 41-1029] Generation completed for the IP Integrator block proc_sys_reset_freerun_slr1 .
INFO: [BD 41-1029] Generation completed for the IP Integrator block proc_sys_reset_freerun_slr2 .
INFO: [BD 41-1029] Generation completed for the IP Integrator block SLR0/axi_gpio_null .
INFO: [BD 41-1029] Generation completed for the IP Integrator block SLR0/axi_vip_ctrl_userpf .
INFO: [BD 41-1029] Generation completed for the IP Integrator block SLR0/regslice_control_userpf .
INFO: [BD 41-1029] Generation completed for the IP Integrator block SLR1/axi_gpio_null .
INFO: [BD 41-1029] Generation completed for the IP Integrator block SLR1/axi_vip_ctrl_userpf .
INFO: [BD 41-1029] Generation completed for the IP Integrator block SLR1/regslice_control_userpf .
INFO: [BD 41-1029] Generation completed for the IP Integrator block SLR2/axi_gpio_null .
INFO: [BD 41-1029] Generation completed for the IP Integrator block SLR2/axi_vip_ctrl_userpf .
INFO: [BD 41-1029] Generation completed for the IP Integrator block SLR2/regslice_control_userpf .
INFO: [BD 41-1029] Generation completed for the IP Integrator block axi_ic_ctrl_mgmt_slr1/xbar .
INFO: [BD 41-1029] Generation completed for the IP Integrator block SLR0/interconnect_axilite_user/xbar .
INFO: [BD 41-1029] Generation completed for the IP Integrator block attention_score_u55c_kernel_1 .
INFO: [BD 41-1029] Generation completed for the IP Integrator block causal_mask_u55c_kernel_1 .
INFO: [BD 41-1029] Generation completed for the IP Integrator block score_scale_u55c_kernel_1 .
INFO: [BD 41-1029] Generation completed for the IP Integrator block softmax_u55c_kernel_1 .
INFO: [BD 41-1029] Generation completed for the IP Integrator block ii_level0_wire_ulp_s_irq_cu_00_1_interrupt_concat .
INFO: [BD 41-1029] Generation completed for the IP Integrator block ii_level0_wire_ulp_s_irq_cu_00_1_interrupt_concat_0 .
INFO: [BD 41-1029] Generation completed for the IP Integrator block ii_level0_wire_ulp_s_irq_cu_00_1_interrupt_concat_1 .
INFO: [BD 41-1029] Generation completed for the IP Integrator block ii_level0_wire_ulp_s_irq_cu_00_1_interrupt_concat_2 .
INFO: [BD 41-1029] Generation completed for the IP Integrator block ii_level0_wire_ulp_s_irq_cu_00_1_interrupt_concat_3 .
INFO: [BD 41-1029] Generation completed for the IP Integrator block irq_const_tieoff .
INFO: [BD 41-1029] Generation completed for the IP Integrator block SLR0/interconnect_axilite_user/s00_couplers/s00_regslice .
INFO: [BD 41-1029] Generation completed for the IP Integrator block SLR0/interconnect_axilite_user/m00_couplers/m00_regslice .
WARNING: [IP_Flow 19-4994] Overwriting existing constraint file '/home/advent/Desktop/RC19/_x/link/vivado/vpl/prj/prj.gen/my_rm/bd/ulp/ip/ulp_auto_cc_0/ulp_auto_cc_0_ooc.xdc'
INFO: [IP_Flow 19-5611] Unable to find an associated reset port for the interface 'S_AXI'. A default connection has been created.
INFO: [IP_Flow 19-5611] Unable to find an associated reset port for the interface 'M_AXI'. A default connection has been created.
INFO: [BD 41-1029] Generation completed for the IP Integrator block SLR0/interconnect_axilite_user/m00_couplers/auto_cc .
INFO: [BD 41-1029] Generation completed for the IP Integrator block SLR0/interconnect_axilite_user/m01_couplers/m01_regslice .
WARNING: [IP_Flow 19-4994] Overwriting existing constraint file '/home/advent/Desktop/RC19/_x/link/vivado/vpl/prj/prj.gen/my_rm/bd/ulp/ip/ulp_auto_cc_1/ulp_auto_cc_1_ooc.xdc'
INFO: [IP_Flow 19-5611] Unable to find an associated reset port for the interface 'S_AXI'. A default connection has been created.
INFO: [IP_Flow 19-5611] Unable to find an associated reset port for the interface 'M_AXI'. A default connection has been created.
INFO: [BD 41-1029] Generation completed for the IP Integrator block SLR0/interconnect_axilite_user/m01_couplers/auto_cc .
INFO: [BD 41-1029] Generation completed for the IP Integrator block SLR0/interconnect_axilite_user/m02_couplers/m02_regslice .
WARNING: [IP_Flow 19-4994] Overwriting existing constraint file '/home/advent/Desktop/RC19/_x/link/vivado/vpl/prj/prj.gen/my_rm/bd/ulp/ip/ulp_auto_cc_2/ulp_auto_cc_2_ooc.xdc'
INFO: [IP_Flow 19-5611] Unable to find an associated reset port for the interface 'S_AXI'. A default connection has been created.
INFO: [IP_Flow 19-5611] Unable to find an associated reset port for the interface 'M_AXI'. A default connection has been created.
INFO: [BD 41-1029] Generation completed for the IP Integrator block SLR0/interconnect_axilite_user/m02_couplers/auto_cc .
INFO: [BD 41-1029] Generation completed for the IP Integrator block SLR0/interconnect_axilite_user/m03_couplers/m03_regslice .
WARNING: [IP_Flow 19-4994] Overwriting existing constraint file '/home/advent/Desktop/RC19/_x/link/vivado/vpl/prj/prj.gen/my_rm/bd/ulp/ip/ulp_auto_cc_3/ulp_auto_cc_3_ooc.xdc'
INFO: [IP_Flow 19-5611] Unable to find an associated reset port for the interface 'S_AXI'. A default connection has been created.
INFO: [IP_Flow 19-5611] Unable to find an associated reset port for the interface 'M_AXI'. A default connection has been created.
INFO: [BD 41-1029] Generation completed for the IP Integrator block SLR0/interconnect_axilite_user/m03_couplers/auto_cc .
INFO: [BD 41-1029] Generation completed for the IP Integrator block SLR0/interconnect_axilite_user/m04_couplers/m04_regslice .
WARNING: [IP_Flow 19-4994] Overwriting existing constraint file '/home/advent/Desktop/RC19/_x/link/vivado/vpl/prj/prj.gen/my_rm/bd/ulp/ip/ulp_auto_cc_4/ulp_auto_cc_4_ooc.xdc'
INFO: [IP_Flow 19-5611] Unable to find an associated reset port for the interface 'S_AXI'. A default connection has been created.
INFO: [IP_Flow 19-5611] Unable to find an associated reset port for the interface 'M_AXI'. A default connection has been created.
INFO: [BD 41-1029] Generation completed for the IP Integrator block SLR0/interconnect_axilite_user/m04_couplers/auto_cc .
INFO: [BD 41-1029] Generation completed for the IP Integrator block SLR1/interconnect_axilite_user/s00_couplers/s00_regslice .
WARNING: [IP_Flow 19-4994] Overwriting existing constraint file '/home/advent/Desktop/RC19/_x/link/vivado/vpl/prj/prj.gen/my_rm/bd/ulp/ip/ulp_auto_cc_5/ulp_auto_cc_5_ooc.xdc'
INFO: [IP_Flow 19-5611] Unable to find an associated reset port for the interface 'S_AXI'. A default connection has been created.
INFO: [IP_Flow 19-5611] Unable to find an associated reset port for the interface 'M_AXI'. A default connection has been created.
INFO: [BD 41-1029] Generation completed for the IP Integrator block SLR1/interconnect_axilite_user/s00_couplers/auto_cc .
INFO: [BD 41-1029] Generation completed for the IP Integrator block SLR2/interconnect_axilite_user/s00_couplers/s00_regslice .
WARNING: [IP_Flow 19-4994] Overwriting existing constraint file '/home/advent/Desktop/RC19/_x/link/vivado/vpl/prj/prj.gen/my_rm/bd/ulp/ip/ulp_auto_cc_6/ulp_auto_cc_6_ooc.xdc'
INFO: [IP_Flow 19-5611] Unable to find an associated reset port for the interface 'S_AXI'. A default connection has been created.
INFO: [IP_Flow 19-5611] Unable to find an associated reset port for the interface 'M_AXI'. A default connection has been created.
INFO: [BD 41-1029] Generation completed for the IP Integrator block SLR2/interconnect_axilite_user/s00_couplers/auto_cc .
Exporting to file /home/advent/Desktop/RC19/_x/link/vivado/vpl/prj/prj.gen/my_rm/bd/ulp/hw_handoff/ulp.hwh
Generated Hardware Definition File /home/advent/Desktop/RC19/_x/link/vivado/vpl/prj/prj.gen/my_rm/bd/ulp/synth/ulp.hwdef
WARNING: [BD 41-2265] Clock pin for protocol instance pin s_axi_data could not be determined. Make sure that ASSOCIATED_BUSIF and ASSOCIATED_RESET properties are set or propagated on clock pins of block /SLR0
WARNING: [BD 41-2265] Clock pin for protocol instance pin m_axi_sdx_memory could not be determined. Make sure that ASSOCIATED_BUSIF and ASSOCIATED_RESET properties are set or propagated on clock pins of block /SLR0
WARNING: [BD 41-2265] Clock pin for protocol instance pin s_axi_data could not be determined. Make sure that ASSOCIATED_BUSIF and ASSOCIATED_RESET properties are set or propagated on clock pins of block /SLR1
WARNING: [BD 41-2265] Clock pin for protocol instance pin m_axi_sdx_memory could not be determined. Make sure that ASSOCIATED_BUSIF and ASSOCIATED_RESET properties are set or propagated on clock pins of block /SLR1
WARNING: [BD 41-2265] Clock pin for protocol instance pin s_axi_data could not be determined. Make sure that ASSOCIATED_BUSIF and ASSOCIATED_RESET properties are set or propagated on clock pins of block /SLR2
WARNING: [BD 41-2265] Clock pin for protocol instance pin m_axi_sdx_memory could not be determined. Make sure that ASSOCIATED_BUSIF and ASSOCIATED_RESET properties are set or propagated on clock pins of block /SLR2
generate_target: Time (s): cpu = 00:00:29 ; elapsed = 00:00:31 . Memory (MB): peak = 3679.723 ; gain = 574.828 ; free physical = 7158 ; free virtual = 24058
INFO: [OCL_UTIL] internal step: config_ip_cache -export [get_ips -all -of_object [get_files ulp.bd]]
WARNING: [Coretcl 2-1822] config_ip_cache: ignoring specified IP instance 'ulp_axi_ic_ctrl_mgmt_slr1_0'; does not support IP Caching: IP instance does not support OOC synthesis.
WARNING: [Coretcl 2-1822] config_ip_cache: ignoring specified IP instance 'ulp_ii_level0_wire_ulp_s_irq_cu_00_1_interrupt_concat_0'; does not support IP Caching: IP instance does not support OOC synthesis.
WARNING: [Coretcl 2-1822] config_ip_cache: ignoring specified IP instance 'ulp_ii_level0_wire_ulp_s_irq_cu_00_1_interrupt_concat_0_0'; does not support IP Caching: IP instance does not support OOC synthesis.
WARNING: [Coretcl 2-1822] config_ip_cache: ignoring specified IP instance 'ulp_ii_level0_wire_ulp_s_irq_cu_00_1_interrupt_concat_1_0'; does not support IP Caching: IP instance does not support OOC synthesis.
WARNING: [Coretcl 2-1822] config_ip_cache: ignoring specified IP instance 'ulp_ii_level0_wire_ulp_s_irq_cu_00_1_interrupt_concat_2_0'; does not support IP Caching: IP instance does not support OOC synthesis.
WARNING: [Coretcl 2-1822] config_ip_cache: ignoring specified IP instance 'ulp_ii_level0_wire_ulp_s_irq_cu_00_1_interrupt_concat_3_0'; does not support IP Caching: IP instance does not support OOC synthesis.
WARNING: [Coretcl 2-1822] config_ip_cache: ignoring specified IP instance 'ulp_interconnect_axilite_user_0'; does not support IP Caching: IP instance does not support OOC synthesis.
WARNING: [Coretcl 2-1822] config_ip_cache: ignoring specified IP instance 'ulp_interconnect_axilite_user_1'; does not support IP Caching: IP instance does not support OOC synthesis.
WARNING: [Coretcl 2-1822] config_ip_cache: ignoring specified IP instance 'ulp_interconnect_axilite_user_2'; does not support IP Caching: IP instance does not support OOC synthesis.
WARNING: [Coretcl 2-1822] config_ip_cache: ignoring specified IP instance 'ulp_irq_const_tieoff_0'; does not support IP Caching: IP instance does not support OOC synthesis.
WARNING: [Coretcl 2-1822] config_ip_cache: ignoring specified IP instance 'ulp_satellite_gpio_slice_1_0'; does not support IP Caching: IP instance does not support OOC synthesis.
WARNING: [Coretcl 2-1822] config_ip_cache: ignoring specified IP instance 'ii_level0_wire_pxi_ii_core_0'; does not support IP Caching: IP instance does not support OOC synthesis.
WARNING: [Coretcl 2-1822] config_ip_cache: ignoring specified IP instance 'bd_097b_axi_ic_ctrl_mgmt_0'; does not support IP Caching: IP instance does not support OOC synthesis.
WARNING: [Coretcl 2-1822] config_ip_cache: ignoring specified IP instance 'bd_22c0_axi_ic_ctrl_mgmt_freq_0'; does not support IP Caching: IP instance does not support OOC synthesis.
WARNING: [Coretcl 2-1822] config_ip_cache: ignoring specified IP instance 'bd_22c0_axi_ic_ctrl_mgmt_top_0'; does not support IP Caching: IP instance does not support OOC synthesis.
WARNING: [Coretcl 2-1822] config_ip_cache: ignoring specified IP instance 'bd_22c0_gnd15_0'; does not support IP Caching: IP instance does not support OOC synthesis.
WARNING: [Coretcl 2-1822] config_ip_cache: ignoring specified IP instance 'bd_22c0_gnd2_0'; does not support IP Caching: IP instance does not support OOC synthesis.
WARNING: [Coretcl 2-1822] config_ip_cache: ignoring specified IP instance 'bd_22c0_gnd31_0'; does not support IP Caching: IP instance does not support OOC synthesis.
WARNING: [Coretcl 2-1822] config_ip_cache: ignoring specified IP instance 'bd_22c0_gpio_gapping_demand_concat_0'; does not support IP Caching: IP instance does not support OOC synthesis.
WARNING: [Coretcl 2-1822] config_ip_cache: ignoring specified IP instance 'bd_22c0_gpio_ucs_status_concat_0'; does not support IP Caching: IP instance does not support OOC synthesis.
WARNING: [Coretcl 2-1822] config_ip_cache: ignoring specified IP instance 'bd_22c0_slice_gapping_demand_ack_0'; does not support IP Caching: IP instance does not support OOC synthesis.
WARNING: [Coretcl 2-1822] config_ip_cache: ignoring specified IP instance 'bd_22c0_slice_gapping_demand_enable_0'; does not support IP Caching: IP instance does not support OOC synthesis.
WARNING: [Coretcl 2-1822] config_ip_cache: ignoring specified IP instance 'bd_22c0_slice_gapping_demand_rate_0'; does not support IP Caching: IP instance does not support OOC synthesis.
WARNING: [Coretcl 2-1822] config_ip_cache: ignoring specified IP instance 'bd_22c0_slice_ucs_control_status_done_0'; does not support IP Caching: IP instance does not support OOC synthesis.
WARNING: [Coretcl 2-1822] config_ip_cache: ignoring specified IP instance 'bd_22c0_slice_ucs_control_status_force_shutdown_0'; does not support IP Caching: IP instance does not support OOC synthesis.
WARNING: [Coretcl 2-1822] config_ip_cache: ignoring specified IP instance 'bd_22c0_vcc_0'; does not support IP Caching: IP instance does not support OOC synthesis.
WARNING: [Coretcl 2-1822] config_ip_cache: ignoring specified IP instance 'bd_22c0_vcc_1'; does not support IP Caching: IP instance does not support OOC synthesis.
WARNING: [Coretcl 2-1822] config_ip_cache: ignoring specified IP instance 'bd_22c0_vcc_2'; does not support IP Caching: IP instance does not support OOC synthesis.
WARNING: [Coretcl 2-1822] config_ip_cache: ignoring specified IP instance 'bd_22c0_vcc_3'; does not support IP Caching: IP instance does not support OOC synthesis.
WARNING: [Coretcl 2-1822] config_ip_cache: ignoring specified IP instance 'bd_22c0_vcc_4'; does not support IP Caching: IP instance does not support OOC synthesis.
WARNING: [Coretcl 2-1822] config_ip_cache: ignoring specified IP instance 'bd_85ad_init_concat_0'; does not support IP Caching: IP instance does not support OOC synthesis.
WARNING: [Coretcl 2-1822] config_ip_cache: ignoring specified IP instance 'bd_5941_ip_aclk_ctrl_00_0'; does not support IP Caching: IP instance does not support OOC synthesis.
WARNING: [Coretcl 2-1822] config_ip_cache: ignoring specified IP instance 'bd_5941_ip_aclk_freerun_ref_00_0'; does not support IP Caching: IP instance does not support OOC synthesis.
WARNING: [Coretcl 2-1822] config_ip_cache: ignoring specified IP instance 'bd_5941_ip_aclk_pcie_00_0'; does not support IP Caching: IP instance does not support OOC synthesis.
WARNING: [Coretcl 2-1822] config_ip_cache: ignoring specified IP instance 'bd_5941_ip_aresetn_ctrl_00_0'; does not support IP Caching: IP instance does not support OOC synthesis.
WARNING: [Coretcl 2-1822] config_ip_cache: ignoring specified IP instance 'bd_5941_ip_aresetn_pcie_00_0'; does not support IP Caching: IP instance does not support OOC synthesis.
WARNING: [Coretcl 2-1822] config_ip_cache: ignoring specified IP instance 'bd_5941_ip_data_hbm_temp_00_0'; does not support IP Caching: IP instance does not support OOC synthesis.
WARNING: [Coretcl 2-1822] config_ip_cache: ignoring specified IP instance 'bd_5941_ip_data_hbm_temp_01_0'; does not support IP Caching: IP instance does not support OOC synthesis.
WARNING: [Coretcl 2-1822] config_ip_cache: ignoring specified IP instance 'bd_5941_ip_data_memory_calib_complete_00_0'; does not support IP Caching: IP instance does not support OOC synthesis.
WARNING: [Coretcl 2-1822] config_ip_cache: ignoring specified IP instance 'bd_5941_ip_data_satellite_ctrl_data_00_0'; does not support IP Caching: IP instance does not support OOC synthesis.
WARNING: [Coretcl 2-1822] config_ip_cache: ignoring specified IP instance 'bd_5941_ip_irq_cu_00_0'; does not support IP Caching: IP instance does not support OOC synthesis.
WARNING: [Coretcl 2-1822] config_ip_cache: ignoring specified IP instance 'bd_5941_ip_irq_hbm_cattrip_00_0'; does not support IP Caching: IP instance does not support OOC synthesis.
WARNING: [Coretcl 2-1822] config_ip_cache: ignoring specified IP instance 'bd_5941_m_ip_axi_ctrl_mgmt_00_0'; does not support IP Caching: IP instance does not support OOC synthesis.
WARNING: [Coretcl 2-1822] config_ip_cache: ignoring specified IP instance 'bd_5941_m_ip_axi_ctrl_mgmt_01_0'; does not support IP Caching: IP instance does not support OOC synthesis.
WARNING: [Coretcl 2-1822] config_ip_cache: ignoring specified IP instance 'bd_5941_m_ip_axi_ctrl_user_00_0'; does not support IP Caching: IP instance does not support OOC synthesis.
WARNING: [Coretcl 2-1822] config_ip_cache: ignoring specified IP instance 'bd_5941_m_ip_axi_ctrl_user_01_0'; does not support IP Caching: IP instance does not support OOC synthesis.
WARNING: [Coretcl 2-1822] config_ip_cache: ignoring specified IP instance 'bd_5941_m_ip_axi_ctrl_user_02_0'; does not support IP Caching: IP instance does not support OOC synthesis.
WARNING: [Coretcl 2-1822] config_ip_cache: ignoring specified IP instance 'bd_5941_m_ip_axi_ctrl_user_03_0'; does not support IP Caching: IP instance does not support OOC synthesis.
WARNING: [Coretcl 2-1822] config_ip_cache: ignoring specified IP instance 'bd_5941_m_ip_axi_data_c2h_00_0'; does not support IP Caching: IP instance does not support OOC synthesis.
WARNING: [Coretcl 2-1822] config_ip_cache: ignoring specified IP instance 'bd_5941_m_ip_axi_data_h2c_00_0'; does not support IP Caching: IP instance does not support OOC synthesis.
WARNING: [Coretcl 2-1822] config_ip_cache: ignoring specified IP instance 'bd_5941_s_ip_axi_ctrl_mgmt_00_0'; does not support IP Caching: IP instance does not support OOC synthesis.
WARNING: [Coretcl 2-1822] config_ip_cache: ignoring specified IP instance 'bd_5941_s_ip_axi_ctrl_mgmt_01_0'; does not support IP Caching: IP instance does not support OOC synthesis.
WARNING: [Coretcl 2-1822] config_ip_cache: ignoring specified IP instance 'bd_5941_s_ip_axi_ctrl_user_00_0'; does not support IP Caching: IP instance does not support OOC synthesis.
WARNING: [Coretcl 2-1822] config_ip_cache: ignoring specified IP instance 'bd_5941_s_ip_axi_ctrl_user_01_0'; does not support IP Caching: IP instance does not support OOC synthesis.
WARNING: [Coretcl 2-1822] config_ip_cache: ignoring specified IP instance 'bd_5941_s_ip_axi_ctrl_user_02_0'; does not support IP Caching: IP instance does not support OOC synthesis.
WARNING: [Coretcl 2-1822] config_ip_cache: ignoring specified IP instance 'bd_5941_s_ip_axi_ctrl_user_03_0'; does not support IP Caching: IP instance does not support OOC synthesis.
WARNING: [Coretcl 2-1822] config_ip_cache: ignoring specified IP instance 'bd_5941_s_ip_axi_data_c2h_00_0'; does not support IP Caching: IP instance does not support OOC synthesis.
WARNING: [Coretcl 2-1822] config_ip_cache: ignoring specified IP instance 'bd_5941_s_ip_axi_data_h2c_00_0'; does not support IP Caching: IP instance does not support OOC synthesis.
WARNING: [Coretcl 2-1822] config_ip_cache: ignoring specified IP instance 'bd_6fa6_m00e_0'; does not support IP Caching: IP instance does not support OOC synthesis.
WARNING: [Coretcl 2-1822] config_ip_cache: ignoring specified IP instance 'bd_6fa6_m00s2a_0'; does not support IP Caching: IP instance does not support OOC synthesis.
WARNING: [Coretcl 2-1822] config_ip_cache: ignoring specified IP instance 'bd_6fa6_one_0'; does not support IP Caching: IP instance does not support OOC synthesis.
WARNING: [Coretcl 2-1822] config_ip_cache: ignoring specified IP instance 'bd_6fa6_psr0_0'; does not support IP Caching: IP instance does not support OOC synthesis.
WARNING: [Coretcl 2-1822] config_ip_cache: ignoring specified IP instance 'bd_6fa6_psr_aclk1_0'; does not support IP Caching: IP instance does not support OOC synthesis.
WARNING: [Coretcl 2-1822] config_ip_cache: ignoring specified IP instance 'bd_6fa6_psr_aclk_0'; does not support IP Caching: IP instance does not support OOC synthesis.
WARNING: [Coretcl 2-1822] config_ip_cache: ignoring specified IP instance 'bd_6fa6_s00a2s_0'; does not support IP Caching: IP instance does not support OOC synthesis.
WARNING: [Coretcl 2-1822] config_ip_cache: ignoring specified IP instance 'bd_6fa6_s00mmu_0'; does not support IP Caching: IP instance does not support OOC synthesis.
WARNING: [Coretcl 2-1822] config_ip_cache: ignoring specified IP instance 'bd_6fa6_s00sic_0'; does not support IP Caching: IP instance does not support OOC synthesis.
WARNING: [Coretcl 2-1822] config_ip_cache: ignoring specified IP instance 'bd_6fa6_s00tr_0'; does not support IP Caching: IP instance does not support OOC synthesis.
WARNING: [Coretcl 2-1822] config_ip_cache: ignoring specified IP instance 'bd_6fa6_sarn_0'; does not support IP Caching: IP instance does not support OOC synthesis.
WARNING: [Coretcl 2-1822] config_ip_cache: ignoring specified IP instance 'bd_6fa6_sawn_0'; does not support IP Caching: IP instance does not support OOC synthesis.
WARNING: [Coretcl 2-1822] config_ip_cache: ignoring specified IP instance 'bd_6fa6_sbn_0'; does not support IP Caching: IP instance does not support OOC synthesis.
WARNING: [Coretcl 2-1822] config_ip_cache: ignoring specified IP instance 'bd_6fa6_srn_0'; does not support IP Caching: IP instance does not support OOC synthesis.
WARNING: [Coretcl 2-1822] config_ip_cache: ignoring specified IP instance 'bd_6fa6_swn_0'; does not support IP Caching: IP instance does not support OOC synthesis.
WARNING: [Coretcl 2-1822] config_ip_cache: ignoring specified IP instance 'bd_7ab1_m00e_0'; does not support IP Caching: IP instance does not support OOC synthesis.
WARNING: [Coretcl 2-1822] config_ip_cache: ignoring specified IP instance 'bd_7ab1_m00s2a_0'; does not support IP Caching: IP instance does not support OOC synthesis.
WARNING: [Coretcl 2-1822] config_ip_cache: ignoring specified IP instance 'bd_7ab1_one_0'; does not support IP Caching: IP instance does not support OOC synthesis.
WARNING: [Coretcl 2-1822] config_ip_cache: ignoring specified IP instance 'bd_7ab1_psr0_0'; does not support IP Caching: IP instance does not support OOC synthesis.
WARNING: [Coretcl 2-1822] config_ip_cache: ignoring specified IP instance 'bd_7ab1_psr_aclk1_0'; does not support IP Caching: IP instance does not support OOC synthesis.
WARNING: [Coretcl 2-1822] config_ip_cache: ignoring specified IP instance 'bd_7ab1_psr_aclk_0'; does not support IP Caching: IP instance does not support OOC synthesis.
WARNING: [Coretcl 2-1822] config_ip_cache: ignoring specified IP instance 'bd_7ab1_s00a2s_0'; does not support IP Caching: IP instance does not support OOC synthesis.
WARNING: [Coretcl 2-1822] config_ip_cache: ignoring specified IP instance 'bd_7ab1_s00mmu_0'; does not support IP Caching: IP instance does not support OOC synthesis.
WARNING: [Coretcl 2-1822] config_ip_cache: ignoring specified IP instance 'bd_7ab1_s00sic_0'; does not support IP Caching: IP instance does not support OOC synthesis.
WARNING: [Coretcl 2-1822] config_ip_cache: ignoring specified IP instance 'bd_7ab1_s00tr_0'; does not support IP Caching: IP instance does not support OOC synthesis.
WARNING: [Coretcl 2-1822] config_ip_cache: ignoring specified IP instance 'bd_7ab1_sarn_0'; does not support IP Caching: IP instance does not support OOC synthesis.
WARNING: [Coretcl 2-1822] config_ip_cache: ignoring specified IP instance 'bd_7ab1_srn_0'; does not support IP Caching: IP instance does not support OOC synthesis.
WARNING: [Coretcl 2-1822] config_ip_cache: ignoring specified IP instance 'bd_7ac9_m00e_0'; does not support IP Caching: IP instance does not support OOC synthesis.
WARNING: [Coretcl 2-1822] config_ip_cache: ignoring specified IP instance 'bd_7ac9_m00s2a_0'; does not support IP Caching: IP instance does not support OOC synthesis.
WARNING: [Coretcl 2-1822] config_ip_cache: ignoring specified IP instance 'bd_7ac9_one_0'; does not support IP Caching: IP instance does not support OOC synthesis.
WARNING: [Coretcl 2-1822] config_ip_cache: ignoring specified IP instance 'bd_7ac9_psr0_0'; does not support IP Caching: IP instance does not support OOC synthesis.
WARNING: [Coretcl 2-1822] config_ip_cache: ignoring specified IP instance 'bd_7ac9_psr_aclk1_0'; does not support IP Caching: IP instance does not support OOC synthesis.
WARNING: [Coretcl 2-1822] config_ip_cache: ignoring specified IP instance 'bd_7ac9_psr_aclk_0'; does not support IP Caching: IP instance does not support OOC synthesis.
WARNING: [Coretcl 2-1822] config_ip_cache: ignoring specified IP instance 'bd_7ac9_s00a2s_0'; does not support IP Caching: IP instance does not support OOC synthesis.
WARNING: [Coretcl 2-1822] config_ip_cache: ignoring specified IP instance 'bd_7ac9_s00mmu_0'; does not support IP Caching: IP instance does not support OOC synthesis.
WARNING: [Coretcl 2-1822] config_ip_cache: ignoring specified IP instance 'bd_7ac9_s00sic_0'; does not support IP Caching: IP instance does not support OOC synthesis.
WARNING: [Coretcl 2-1822] config_ip_cache: ignoring specified IP instance 'bd_7ac9_s00tr_0'; does not support IP Caching: IP instance does not support OOC synthesis.
WARNING: [Coretcl 2-1822] config_ip_cache: ignoring specified IP instance 'bd_7ac9_sarn_0'; does not support IP Caching: IP instance does not support OOC synthesis.
WARNING: [Coretcl 2-1822] config_ip_cache: ignoring specified IP instance 'bd_7ac9_srn_0'; does not support IP Caching: IP instance does not support OOC synthesis.
WARNING: [Coretcl 2-1822] config_ip_cache: ignoring specified IP instance 'bd_7bf1_m00e_0'; does not support IP Caching: IP instance does not support OOC synthesis.
WARNING: [Coretcl 2-1822] config_ip_cache: ignoring specified IP instance 'bd_7bf1_m00s2a_0'; does not support IP Caching: IP instance does not support OOC synthesis.
WARNING: [Coretcl 2-1822] config_ip_cache: ignoring specified IP instance 'bd_7bf1_one_0'; does not support IP Caching: IP instance does not support OOC synthesis.
INFO: [Common 17-14] Message 'Coretcl 2-1822' appears 100 times and further instances of the messages will be disabled. Use the Tcl command set_msg_config to change the current settings.
INFO: [IP_Flow 19-6930] IPCACHE: runCacheChecks() number of threads = 8
INFO: [IP_Flow 19-6921] IPCACHE: Adding cache check func to thread queue for IP ulp_attention_score_u55c_kernel_1_0
INFO: [IP_Flow 19-6921] IPCACHE: Adding cache check func to thread queue for IP ulp_auto_cc_0
INFO: [IP_Flow 19-6921] IPCACHE: Adding cache check func to thread queue for IP ulp_auto_cc_1
INFO: [IP_Flow 19-6921] IPCACHE: Adding cache check func to thread queue for IP ulp_auto_cc_2
INFO: [IP_Flow 19-6921] IPCACHE: Adding cache check func to thread queue for IP ulp_auto_cc_3
INFO: [IP_Flow 19-6921] IPCACHE: Adding cache check func to thread queue for IP ulp_auto_cc_4
INFO: [IP_Flow 19-6921] IPCACHE: Adding cache check func to thread queue for IP ulp_auto_cc_5
INFO: [IP_Flow 19-6921] IPCACHE: Adding cache check func to thread queue for IP ulp_auto_cc_6
INFO: [IP_Flow 19-6921] IPCACHE: Adding cache check func to thread queue for IP ulp_axi_gpio_null_0
INFO: [IP_Flow 19-6921] IPCACHE: Adding cache check func to thread queue for IP ulp_axi_gpio_null_1
INFO: [IP_Flow 19-6921] IPCACHE: Adding cache check func to thread queue for IP ulp_axi_gpio_null_2
INFO: [IP_Flow 19-6921] IPCACHE: Adding cache check func to thread queue for IP ulp_axi_vip_ctrl_userpf_0
INFO: [IP_Flow 19-6921] IPCACHE: Adding cache check func to thread queue for IP ulp_axi_vip_ctrl_userpf_1
INFO: [IP_Flow 19-6921] IPCACHE: Adding cache check func to thread queue for IP ulp_axi_vip_ctrl_userpf_2
INFO: [IP_Flow 19-6921] IPCACHE: Adding cache check func to thread queue for IP ulp_axi_vip_data_0
INFO: [IP_Flow 19-6921] IPCACHE: Adding cache check func to thread queue for IP ulp_causal_mask_u55c_kernel_1_0
INFO: [IP_Flow 19-6921] IPCACHE: Adding cache check func to thread queue for IP ulp_hmss_0_0
INFO: [IP_Flow 19-6921] IPCACHE: Adding cache check func to thread queue for IP ulp_ii_level0_wire_0
INFO: [IP_Flow 19-6921] IPCACHE: Adding cache check func to thread queue for IP ulp_m00_regslice_0
INFO: [IP_Flow 19-6921] IPCACHE: Adding cache check func to thread queue for IP ulp_m01_regslice_0
INFO: [IP_Flow 19-6921] IPCACHE: Adding cache check func to thread queue for IP ulp_m02_regslice_0
INFO: [IP_Flow 19-6921] IPCACHE: Adding cache check func to thread queue for IP ulp_m03_regslice_0
INFO: [IP_Flow 19-6921] IPCACHE: Adding cache check func to thread queue for IP ulp_m04_regslice_0
INFO: [IP_Flow 19-6921] IPCACHE: Adding cache check func to thread queue for IP ulp_proc_sys_reset_ctrl_slr0_0
INFO: [IP_Flow 19-6921] IPCACHE: Adding cache check func to thread queue for IP ulp_proc_sys_reset_ctrl_slr1_0
INFO: [IP_Flow 19-6921] IPCACHE: Adding cache check func to thread queue for IP ulp_proc_sys_reset_ctrl_slr2_0
INFO: [IP_Flow 19-6921] IPCACHE: Adding cache check func to thread queue for IP ulp_proc_sys_reset_freerun_slr0_0
INFO: [IP_Flow 19-6921] IPCACHE: Adding cache check func to thread queue for IP ulp_proc_sys_reset_freerun_slr1_0
INFO: [IP_Flow 19-6921] IPCACHE: Adding cache check func to thread queue for IP ulp_proc_sys_reset_freerun_slr2_0
INFO: [IP_Flow 19-6921] IPCACHE: Adding cache check func to thread queue for IP ulp_proc_sys_reset_kernel2_slr0_0
INFO: [IP_Flow 19-6921] IPCACHE: Adding cache check func to thread queue for IP ulp_proc_sys_reset_kernel2_slr1_0
INFO: [IP_Flow 19-6921] IPCACHE: Adding cache check func to thread queue for IP ulp_proc_sys_reset_kernel2_slr2_0
INFO: [IP_Flow 19-6921] IPCACHE: Adding cache check func to thread queue for IP ulp_proc_sys_reset_kernel_slr0_0
INFO: [IP_Flow 19-6921] IPCACHE: Adding cache check func to thread queue for IP ulp_proc_sys_reset_kernel_slr1_0
INFO: [IP_Flow 19-6921] IPCACHE: Adding cache check func to thread queue for IP ulp_proc_sys_reset_kernel_slr2_0
INFO: [IP_Flow 19-6921] IPCACHE: Adding cache check func to thread queue for IP ulp_regslice_control_userpf_0
INFO: [IP_Flow 19-6921] IPCACHE: Adding cache check func to thread queue for IP ulp_regslice_control_userpf_1
INFO: [IP_Flow 19-6921] IPCACHE: Adding cache check func to thread queue for IP ulp_regslice_control_userpf_2
INFO: [IP_Flow 19-6921] IPCACHE: Adding cache check func to thread queue for IP ulp_s00_regslice_15
INFO: [IP_Flow 19-6921] IPCACHE: Adding cache check func to thread queue for IP ulp_s00_regslice_16
INFO: [IP_Flow 19-6921] IPCACHE: Adding cache check func to thread queue for IP ulp_s00_regslice_17
INFO: [IP_Flow 19-6921] IPCACHE: Adding cache check func to thread queue for IP ulp_score_scale_u55c_kernel_1_0
INFO: [IP_Flow 19-6921] IPCACHE: Adding cache check func to thread queue for IP ulp_softmax_u55c_kernel_1_0
INFO: [IP_Flow 19-6921] IPCACHE: Adding cache check func to thread queue for IP ulp_ulp_cmp_0
INFO: [IP_Flow 19-6921] IPCACHE: Adding cache check func to thread queue for IP ulp_ulp_ucs_0
INFO: [IP_Flow 19-6921] IPCACHE: Adding cache check func to thread queue for IP ulp_xbar_0
INFO: [IP_Flow 19-6921] IPCACHE: Adding cache check func to thread queue for IP ulp_xbar_1
INFO: [IP_Flow 19-6921] IPCACHE: Adding cache check func to thread queue for IP bd_097b_build_info_0
INFO: [IP_Flow 19-6921] IPCACHE: Adding cache check func to thread queue for IP bd_097b_user_debug_bridge_0
INFO: [IP_Flow 19-6921] IPCACHE: Adding cache check func to thread queue for IP bd_097b_user_debug_hub_0
INFO: [IP_Flow 19-6921] IPCACHE: Adding cache check func to thread queue for IP bd_22c0_aclk_kernel_00_adapt_0
INFO: [IP_Flow 19-6921] IPCACHE: Adding cache check func to thread queue for IP bd_22c0_aclk_kernel_00_cont_adapt_0
INFO: [IP_Flow 19-6921] IPCACHE: Adding cache check func to thread queue for IP bd_22c0_aclk_kernel_01_adapt_0
INFO: [IP_Flow 19-6921] IPCACHE: Adding cache check func to thread queue for IP bd_22c0_aclk_kernel_01_cont_adapt_0
INFO: [IP_Flow 19-6921] IPCACHE: Adding cache check func to thread queue for IP bd_22c0_auto_cc_0
INFO: [IP_Flow 19-6921] IPCACHE: Adding cache check func to thread queue for IP bd_22c0_build_info_0
INFO: [IP_Flow 19-6921] IPCACHE: Adding cache check func to thread queue for IP bd_22c0_clk_hbm_adapt_0
INFO: [IP_Flow 19-6921] IPCACHE: Adding cache check func to thread queue for IP bd_22c0_clkwiz_aclk_kernel_00_0
INFO: [IP_Flow 19-6921] IPCACHE: Adding cache check func to thread queue for IP bd_22c0_clkwiz_aclk_kernel_01_0
INFO: [IP_Flow 19-6921] IPCACHE: Adding cache check func to thread queue for IP bd_22c0_clkwiz_hbm_0
INFO: [IP_Flow 19-6921] IPCACHE: Adding cache check func to thread queue for IP bd_22c0_clock_shutdown_latch_0
INFO: [IP_Flow 19-6921] IPCACHE: Adding cache check func to thread queue for IP bd_22c0_clock_throttling_aclk_kernel_00_0
INFO: [IP_Flow 19-6921] IPCACHE: Adding cache check func to thread queue for IP bd_22c0_clock_throttling_aclk_kernel_01_0
INFO: [IP_Flow 19-6921] IPCACHE: Adding cache check func to thread queue for IP bd_22c0_clock_throttling_avg_0
INFO: [IP_Flow 19-6921] IPCACHE: Adding cache check func to thread queue for IP bd_22c0_fanout_aresetn_ctrl_slr0_1_0
INFO: [IP_Flow 19-6921] IPCACHE: Adding cache check func to thread queue for IP bd_22c0_fanout_aresetn_ctrl_slr0_2_0
INFO: [IP_Flow 19-6921] IPCACHE: Adding cache check func to thread queue for IP bd_22c0_fanout_aresetn_ctrl_slr0_3_0
INFO: [IP_Flow 19-6921] IPCACHE: Adding cache check func to thread queue for IP bd_22c0_fanout_aresetn_ctrl_slr0_4_0
INFO: [IP_Flow 19-6921] IPCACHE: Adding cache check func to thread queue for IP bd_22c0_fanout_aresetn_ctrl_slr1_1_0
INFO: [IP_Flow 19-6921] IPCACHE: Adding cache check func to thread queue for IP bd_22c0_fanout_aresetn_ctrl_slr1_2_0
INFO: [IP_Flow 19-6921] IPCACHE: Adding cache check func to thread queue for IP bd_22c0_fanout_aresetn_ctrl_slr1_3_0
INFO: [IP_Flow 19-6921] IPCACHE: Adding cache check func to thread queue for IP bd_22c0_fanout_aresetn_ctrl_slr1_4_0
INFO: [IP_Flow 19-6921] IPCACHE: Adding cache check func to thread queue for IP bd_22c0_fanout_aresetn_ctrl_slr2_1_0
INFO: [IP_Flow 19-6921] IPCACHE: Adding cache check func to thread queue for IP bd_22c0_fanout_aresetn_ctrl_slr2_2_0
INFO: [IP_Flow 19-6921] IPCACHE: Adding cache check func to thread queue for IP bd_22c0_fanout_aresetn_ctrl_slr2_3_0
INFO: [IP_Flow 19-6921] IPCACHE: Adding cache check func to thread queue for IP bd_22c0_fanout_aresetn_ctrl_slr2_4_0
INFO: [IP_Flow 19-6921] IPCACHE: Adding cache check func to thread queue for IP bd_22c0_fanout_aresetn_hbm_0
INFO: [IP_Flow 19-6921] IPCACHE: Adding cache check func to thread queue for IP bd_22c0_fanout_aresetn_kernel_00_slr0_1_0
INFO: [IP_Flow 19-6921] IPCACHE: Adding cache check func to thread queue for IP bd_22c0_fanout_aresetn_kernel_00_slr0_2_0
INFO: [IP_Flow 19-6921] IPCACHE: Adding cache check func to thread queue for IP bd_22c0_fanout_aresetn_kernel_00_slr0_3_0
INFO: [IP_Flow 19-6921] IPCACHE: Adding cache check func to thread queue for IP bd_22c0_fanout_aresetn_kernel_00_slr0_4_0
INFO: [IP_Flow 19-6921] IPCACHE: Adding cache check func to thread queue for IP bd_22c0_fanout_aresetn_kernel_00_slr1_1_0
INFO: [IP_Flow 19-6921] IPCACHE: Adding cache check func to thread queue for IP bd_22c0_fanout_aresetn_kernel_00_slr1_2_0
INFO: [IP_Flow 19-6921] IPCACHE: Adding cache check func to thread queue for IP bd_22c0_fanout_aresetn_kernel_00_slr1_3_0
INFO: [IP_Flow 19-6921] IPCACHE: Adding cache check func to thread queue for IP bd_22c0_fanout_aresetn_kernel_00_slr1_4_0
INFO: [IP_Flow 19-6921] IPCACHE: Adding cache check func to thread queue for IP bd_22c0_fanout_aresetn_kernel_00_slr2_1_0
INFO: [IP_Flow 19-6921] IPCACHE: Adding cache check func to thread queue for IP bd_22c0_fanout_aresetn_kernel_00_slr2_2_0
INFO: [IP_Flow 19-6921] IPCACHE: Adding cache check func to thread queue for IP bd_22c0_fanout_aresetn_kernel_00_slr2_3_0
INFO: [IP_Flow 19-6921] IPCACHE: Adding cache check func to thread queue for IP bd_22c0_fanout_aresetn_kernel_00_slr2_4_0
INFO: [IP_Flow 19-6921] IPCACHE: Adding cache check func to thread queue for IP bd_22c0_fanout_aresetn_kernel_01_slr0_1_0
INFO: [IP_Flow 19-6921] IPCACHE: Adding cache check func to thread queue for IP bd_22c0_fanout_aresetn_kernel_01_slr0_2_0
INFO: [IP_Flow 19-6921] IPCACHE: Adding cache check func to thread queue for IP bd_22c0_fanout_aresetn_kernel_01_slr0_3_0
INFO: [IP_Flow 19-6921] IPCACHE: Adding cache check func to thread queue for IP bd_22c0_fanout_aresetn_kernel_01_slr0_4_0
INFO: [IP_Flow 19-6921] IPCACHE: Adding cache check func to thread queue for IP bd_22c0_fanout_aresetn_kernel_01_slr1_1_0
INFO: [IP_Flow 19-6921] IPCACHE: Adding cache check func to thread queue for IP bd_22c0_fanout_aresetn_kernel_01_slr1_2_0
INFO: [IP_Flow 19-6921] IPCACHE: Adding cache check func to thread queue for IP bd_22c0_fanout_aresetn_kernel_01_slr1_3_0
INFO: [IP_Flow 19-6921] IPCACHE: Adding cache check func to thread queue for IP bd_22c0_fanout_aresetn_kernel_01_slr1_4_0
INFO: [IP_Flow 19-6921] IPCACHE: Adding cache check func to thread queue for IP bd_22c0_fanout_aresetn_kernel_01_slr2_1_0
INFO: [IP_Flow 19-6921] IPCACHE: Adding cache check func to thread queue for IP bd_22c0_fanout_aresetn_kernel_01_slr2_2_0
INFO: [IP_Flow 19-6921] IPCACHE: Adding cache check func to thread queue for IP bd_22c0_fanout_aresetn_kernel_01_slr2_3_0
INFO: [Common 17-14] Message 'IP_Flow 19-6921' appears 100 times and further instances of the messages will be disabled. Use the Tcl command set_msg_config to change the current settings.
INFO: [IP_Flow 19-8020] IPCACHE: runCacheChecks() calling threadPool finishWork()
INFO: [IP_Flow 19-6924] IPCACHE: Running cache check for IP inst: ulp_attention_score_u55c_kernel_1_0
INFO: [IP_Flow 19-6924] IPCACHE: Running cache check for IP inst: ulp_axi_vip_ctrl_userpf_1
INFO: [IP_Flow 19-6924] IPCACHE: Running cache check for IP inst: ulp_m03_regslice_0
INFO: [IP_Flow 19-6924] IPCACHE: Running cache check for IP inst: ulp_regslice_control_userpf_0
INFO: [IP_Flow 19-6924] IPCACHE: Running cache check for IP inst: ulp_xbar_1
INFO: [IP_Flow 19-6924] IPCACHE: Running cache check for IP inst: bd_22c0_psreset_kernel_00_0
INFO: [IP_Flow 19-6924] IPCACHE: Running cache check for IP inst: bd_85ad_interconnect1_0_0
INFO: [IP_Flow 19-6924] IPCACHE: Running cache check for IP inst: bd_85ad_vip_S01_0
INFO: [IP_Flow 19-6924] IPCACHE: Running cache check for IP inst: bd_85ad_vip_S06_0
INFO: [IP_Flow 19-6924] IPCACHE: Running cache check for IP inst: bd_58f6_lut_buffer_0
INFO: [IP_Flow 19-6924] IPCACHE: Running cache check for IP inst: bd_7cf0_bs_switch_1_0
INFO: [IP_Flow 19-6924] IPCACHE: Running cache check for IP inst: ulp_auto_cc_0
INFO: [IP_Flow 19-6924] IPCACHE: Running cache check for IP inst: ulp_axi_gpio_null_2
INFO: [IP_Flow 19-6924] IPCACHE: Running cache check for IP inst: ulp_ii_level0_wire_0
INFO: [IP_Flow 19-6924] IPCACHE: Running cache check for IP inst: ulp_proc_sys_reset_freerun_slr0_0
INFO: [IP_Flow 19-6924] IPCACHE: Running cache check for IP inst: ulp_proc_sys_reset_freerun_slr2_0
INFO: [IP_Flow 19-6924] IPCACHE: Running cache check for IP inst: ulp_proc_sys_reset_kernel2_slr2_0
INFO: [IP_Flow 19-6924] IPCACHE: Running cache check for IP inst: ulp_s00_regslice_15
INFO: [IP_Flow 19-6924] IPCACHE: Running cache check for IP inst: ulp_ulp_ucs_0
INFO: [IP_Flow 19-6924] IPCACHE: Running cache check for IP inst: bd_22c0_build_info_0
INFO: [IP_Flow 19-6924] IPCACHE: Running cache check for IP inst: bd_22c0_clkwiz_aclk_kernel_01_0
INFO: [IP_Flow 19-6924] IPCACHE: Running cache check for IP inst: bd_22c0_fanout_aresetn_ctrl_slr0_1_0
INFO: [IP_Flow 19-6924] IPCACHE: Running cache check for IP inst: bd_22c0_fanout_aresetn_ctrl_slr0_4_0
INFO: [IP_Flow 19-6924] IPCACHE: Running cache check for IP inst: bd_22c0_fanout_aresetn_ctrl_slr1_4_0
INFO: [IP_Flow 19-6924] IPCACHE: Running cache check for IP inst: bd_22c0_fanout_aresetn_ctrl_slr2_1_0
INFO: [IP_Flow 19-6924] IPCACHE: Running cache check for IP inst: bd_22c0_fanout_aresetn_kernel_00_slr0_1_0
INFO: [IP_Flow 19-6924] IPCACHE: Running cache check for IP inst: bd_22c0_fanout_aresetn_kernel_00_slr1_1_0
INFO: [IP_Flow 19-6924] IPCACHE: Running cache check for IP inst: bd_22c0_fanout_aresetn_kernel_00_slr2_2_0
INFO: [IP_Flow 19-6924] IPCACHE: Running cache check for IP inst: bd_22c0_fanout_aresetn_kernel_01_slr0_3_0
INFO: [IP_Flow 19-6924] IPCACHE: Running cache check for IP inst: bd_22c0_fanout_aresetn_kernel_01_slr1_2_0
INFO: [IP_Flow 19-6924] IPCACHE: Running cache check for IP inst: bd_22c0_fanout_aresetn_pcie_slr0_1_0
INFO: [IP_Flow 19-6924] IPCACHE: Running cache check for IP inst: bd_22c0_fanout_aresetn_pcie_slr0_3_0
INFO: [IP_Flow 19-6924] IPCACHE: Running cache check for IP inst: bd_22c0_fanout_aresetn_pcie_slr1_4_0
INFO: [IP_Flow 19-6924] IPCACHE: Running cache check for IP inst: bd_22c0_frequency_counter_aclk_0
INFO: [IP_Flow 19-6924] IPCACHE: Running cache check for IP inst: bd_22c0_gapping_demand_toggle_0
INFO: [IP_Flow 19-6924] IPCACHE: Running cache check for IP inst: bd_85ad_interconnect2_1_0
INFO: [IP_Flow 19-6924] IPCACHE: Running cache check for IP inst: bd_85ad_interconnect9_8_0
INFO: [IP_Flow 19-6924] IPCACHE: Running cache check for IP inst: ulp_auto_cc_1
INFO: [IP_Flow 19-6924] IPCACHE: Running cache check for IP inst: ulp_axi_vip_ctrl_userpf_2
INFO: [IP_Flow 19-6924] IPCACHE: Running cache check for IP inst: ulp_m04_regslice_0
INFO: [IP_Flow 19-6924] IPCACHE: Running cache check for IP inst: ulp_regslice_control_userpf_1
INFO: [IP_Flow 19-6924] IPCACHE: Running cache check for IP inst: bd_097b_build_info_0
INFO: [IP_Flow 19-6924] IPCACHE: Running cache check for IP inst: bd_22c0_aclk_kernel_00_adapt_0
INFO: [IP_Flow 19-6924] IPCACHE: Running cache check for IP inst: bd_22c0_aclk_kernel_00_cont_adapt_0
INFO: [IP_Flow 19-6924] IPCACHE: Running cache check for IP inst: bd_22c0_aclk_kernel_01_adapt_0
INFO: [IP_Flow 19-6924] IPCACHE: Running cache check for IP inst: bd_22c0_aclk_kernel_01_cont_adapt_0
INFO: [IP_Flow 19-6924] IPCACHE: Running cache check for IP inst: bd_22c0_auto_cc_0
INFO: [IP_Flow 19-6924] IPCACHE: Running cache check for IP inst: bd_22c0_clock_shutdown_latch_0
INFO: [IP_Flow 19-6924] IPCACHE: Running cache check for IP inst: bd_22c0_clock_throttling_aclk_kernel_01_0
INFO: [IP_Flow 19-6924] IPCACHE: Running cache check for IP inst: bd_22c0_fanout_aresetn_ctrl_slr1_1_0
INFO: [IP_Flow 19-6924] IPCACHE: Running cache check for IP inst: bd_22c0_fanout_aresetn_hbm_0
INFO: [IP_Flow 19-6924] IPCACHE: Running cache check for IP inst: bd_22c0_fanout_aresetn_kernel_00_slr2_3_0
INFO: [IP_Flow 19-6924] IPCACHE: Running cache check for IP inst: bd_22c0_fanout_aresetn_kernel_01_slr2_2_0
INFO: [IP_Flow 19-6924] IPCACHE: Running cache check for IP inst: bd_22c0_fanout_aresetn_pcie_slr1_3_0
INFO: [IP_Flow 19-6924] IPCACHE: Running cache check for IP inst: bd_22c0_gapping_demand_update_0
INFO: [IP_Flow 19-6924] IPCACHE: Running cache check for IP inst: bd_22c0_xbar_1
INFO: [IP_Flow 19-6924] IPCACHE: Running cache check for IP inst: bd_85ad_interconnect7_5_0
INFO: [IP_Flow 19-6924] IPCACHE: Running cache check for IP inst: ulp_auto_cc_2
INFO: [IP_Flow 19-6924] IPCACHE: Running cache check for IP inst: ulp_axi_vip_ctrl_userpf_0
INFO: [IP_Flow 19-6924] IPCACHE: Running cache check for IP inst: ulp_proc_sys_reset_ctrl_slr0_0
INFO: [IP_Flow 19-6924] IPCACHE: Running cache check for IP inst: ulp_regslice_control_userpf_2
INFO: [IP_Flow 19-6924] IPCACHE: Running cache check for IP inst: bd_097b_user_debug_bridge_0
INFO: [IP_Flow 19-6924] IPCACHE: Running cache check for IP inst: bd_22c0_clk_hbm_adapt_0
INFO: [IP_Flow 19-6924] IPCACHE: Running cache check for IP inst: bd_22c0_clkwiz_hbm_0
INFO: [IP_Flow 19-6924] IPCACHE: Running cache check for IP inst: bd_22c0_fanout_aresetn_ctrl_slr2_3_0
INFO: [IP_Flow 19-6924] IPCACHE: Running cache check for IP inst: bd_22c0_fanout_aresetn_kernel_00_slr1_4_0
INFO: [IP_Flow 19-6924] IPCACHE: Running cache check for IP inst: bd_22c0_fanout_aresetn_kernel_01_slr1_3_0
INFO: [IP_Flow 19-6924] IPCACHE: Running cache check for IP inst: bd_22c0_fanout_aresetn_pcie_slr1_2_0
INFO: [IP_Flow 19-6924] IPCACHE: Running cache check for IP inst: bd_22c0_frequency_counter_aclk_kernel_01_0
INFO: [IP_Flow 19-6924] IPCACHE: Running cache check for IP inst: bd_22c0_xbar_0
INFO: [IP_Flow 19-6924] IPCACHE: Running cache check for IP inst: bd_85ad_interconnect6_6_0
INFO: [IP_Flow 19-6924] IPCACHE: Running cache check for IP inst: ulp_auto_cc_3
INFO: [IP_Flow 19-6924] IPCACHE: Running cache check for IP inst: ulp_axi_vip_data_0
INFO: [IP_Flow 19-6924] IPCACHE: Running cache check for IP inst: ulp_proc_sys_reset_ctrl_slr2_0
INFO: [IP_Flow 19-6924] IPCACHE: Running cache check for IP inst: ulp_proc_sys_reset_kernel_slr0_0
INFO: [IP_Flow 19-6924] IPCACHE: Running cache check for IP inst: ulp_softmax_u55c_kernel_1_0
INFO: [IP_Flow 19-6924] IPCACHE: Running cache check for IP inst: bd_22c0_clock_throttling_aclk_kernel_00_0
INFO: [IP_Flow 19-6924] IPCACHE: Running cache check for IP inst: bd_22c0_fanout_aresetn_ctrl_slr0_3_0
INFO: [IP_Flow 19-6924] IPCACHE: Running cache check for IP inst: bd_22c0_fanout_aresetn_ctrl_slr2_4_0
INFO: [IP_Flow 19-6924] IPCACHE: Running cache check for IP inst: bd_22c0_fanout_aresetn_kernel_00_slr2_1_0
INFO: [IP_Flow 19-6924] IPCACHE: Running cache check for IP inst: bd_22c0_fanout_aresetn_kernel_01_slr2_1_0
INFO: [IP_Flow 19-6924] IPCACHE: Running cache check for IP inst: bd_22c0_fanout_aresetn_pcie_slr2_1_0
INFO: [IP_Flow 19-6924] IPCACHE: Running cache check for IP inst: bd_22c0_psreset_aclk_freerun_0
INFO: [IP_Flow 19-6924] IPCACHE: Running cache check for IP inst: bd_85ad_hbm_inst_0
INFO: [IP_Flow 19-6924] IPCACHE: Running cache check for IP inst: bd_85ad_interconnect8_7_0
INFO: [IP_Flow 19-6924] IPCACHE: Running cache check for IP inst: ulp_auto_cc_4
INFO: [IP_Flow 19-6924] IPCACHE: Running cache check for IP inst: ulp_causal_mask_u55c_kernel_1_0
INFO: [IP_Flow 19-6924] IPCACHE: Running cache check for IP inst: ulp_proc_sys_reset_ctrl_slr1_0
INFO: [IP_Flow 19-6924] IPCACHE: Running cache check for IP inst: ulp_proc_sys_reset_kernel_slr1_0
INFO: [IP_Flow 19-6924] IPCACHE: Running cache check for IP inst: ulp_ulp_cmp_0
INFO: [IP_Flow 19-6924] IPCACHE: Running cache check for IP inst: bd_22c0_fanout_aresetn_ctrl_slr0_2_0
INFO: [IP_Flow 19-6924] IPCACHE: Running cache check for IP inst: bd_22c0_fanout_aresetn_ctrl_slr2_2_0
INFO: [IP_Flow 19-6924] IPCACHE: Running cache check for IP inst: bd_22c0_fanout_aresetn_kernel_00_slr1_3_0
INFO: [IP_Flow 19-6924] IPCACHE: Running cache check for IP inst: bd_22c0_fanout_aresetn_kernel_01_slr1_1_0
INFO: [IP_Flow 19-6924] IPCACHE: Running cache check for IP inst: bd_22c0_fanout_aresetn_pcie_slr1_1_0
INFO: [IP_Flow 19-6924] IPCACHE: Running cache check for IP inst: bd_22c0_frequency_counter_aclk_hbm_0
INFO: [IP_Flow 19-6924] IPCACHE: Running cache check for IP inst: bd_22c0_psreset_kernel_01_0
INFO: [IP_Flow 19-6924] IPCACHE: Running cache check for IP inst: bd_85ad_interconnect0_10_0
INFO: [IP_Flow 19-6924] IPCACHE: Running cache check for IP inst: bd_85ad_vip_S00_0
INFO: [IP_Flow 19-6924] IPCACHE: Running cache check for IP inst: bd_85ad_vip_S05_0
INFO: [Common 17-14] Message 'IP_Flow 19-6924' appears 100 times and further instances of the messages will be disabled. Use the Tcl command set_msg_config to change the current settings.
INFO: [OCL_UTIL] internal step: writing user synth clock constraints in /home/advent/Desktop/RC19/_x/link/vivado/vpl/output/ulp_ooc_copy.xdc
INFO: [OCL_UTIL] internal step: add_files /home/advent/Desktop/RC19/_x/link/vivado/vpl/output/ulp_ooc_copy.xdc -fileset [current_fileset -constrset]
INFO: [OCL_UTIL] set_property used_in synthesis implementation out_of_context /home/advent/Desktop/RC19/_x/link/vivado/vpl/output/ulp_ooc_copy.xdc
INFO: [OCL_UTIL] set_property processing_order early /home/advent/Desktop/RC19/_x/link/vivado/vpl/output/ulp_ooc_copy.xdc
INFO: [OCL_UTIL] internal step: move_files [get_files /home/advent/Desktop/RC19/_x/link/vivado/vpl/output/ulp_ooc_copy.xdc] -of_objects [get_reconfig_modules my_rm] -quiet
INFO: [OCL_UTIL] set_property processing_order late /home/advent/Desktop/RC19/_x/link/vivado/vpl/output/ulp_ooc_copy.xdc
INFO: [OCL_UTIL] internal step: add_files .local/hw_platform/tcl_hooks/impl.xdc -fileset [current_fileset -constrset]
WARNING: [filemgmt 56-12] File '/home/advent/Desktop/RC19/_x/link/vivado/vpl/.local/hw_platform/tcl_hooks/impl.xdc' cannot be added to the project because it already exists in the project, skipping this file
INFO: [OCL_UTIL] set_property USED_IN "implementation" [get_files .local/hw_platform/tcl_hooks/impl.xdc]
INFO: [OCL_UTIL] set_property PROCESSING_ORDER "NORMAL" [get_files .local/hw_platform/tcl_hooks/impl.xdc]
INFO: [OCL_UTIL] internal step: read_xdc /home/advent/Desktop/RC19/_x/link/vivado/vpl/output/dont_partition.xdc
[18:44:45] Run vpl: Step generate_target: Completed
[18:44:45] Run vpl: Step config_hw_runs: Started
INFO: [OCL_UTIL] current step: vpl.config_hw_runs
INFO: [OCL_UTIL] internal step: creating vpl tcl hooks for implementation run
INFO: [OCL_UTIL] internal step: source scripts/_vivado_report_commands.tcl
INFO: [Project 1-957] Report "impl_1_place_report_utilization_0" was used in following dashboard(s) and has been removed.
default_dashboard.
INFO: [Project 1-957] Report "impl_1_route_report_drc_0" was used in following dashboard(s) and has been removed.
default_dashboard.
INFO: [Project 1-957] Report "impl_1_route_report_methodology_0" was used in following dashboard(s) and has been removed.
default_dashboard.
INFO: [Project 1-957] Report "impl_1_route_report_power_0" was used in following dashboard(s) and has been removed.
default_dashboard.
INFO: [Project 1-957] Report "impl_1_route_report_timing_summary_0" was used in following dashboard(s) and has been removed.
default_dashboard.
INFO: [OCL_UTIL] internal step: create_report_config -report_name impl_report_timing_summary_route_design_summary -report_type report_timing_summary -steps {route_design} -runs {impl_1} -options {-max_paths 10}
INFO: [OCL_UTIL] internal step: create_report_config -report_name impl_report_timing_summary_post_route_phys_opt_design_summary -report_type report_timing_summary -steps {post_route_phys_opt_design} -runs {impl_1} -options {-max_paths 10}
INFO: [OCL_UTIL] internal step: source scripts/_vivado_synth_props.tcl
INFO: [IP_Flow 19-6930] IPCACHE: runCacheChecks() number of threads = 8
INFO: [IP_Flow 19-8020] IPCACHE: runCacheChecks() calling threadPool finishWork()
INFO: [IP_Flow 19-6930] IPCACHE: runCacheChecks() number of threads = 8
INFO: [IP_Flow 19-8020] IPCACHE: runCacheChecks() calling threadPool finishWork()
INFO: [OCL_UTIL] set_property GEN_FULL_BITSTREAM 0 [get_runs impl_1]
INFO: [OCL_UTIL] set_property PR_CONFIGURATION config_1 [get_runs impl_1]
INFO: [OCL_UTIL] internal step: source scripts/_vivado_impl_props.tcl
[18:45:12] Run vpl: Step config_hw_runs: Completed
[18:45:12] Run vpl: Step synth: Started
INFO: [OCL_UTIL] current step: vpl.synth
INFO: [OCL_UTIL] parameter general.maxThreads has value 8, set it to 1 for synthesis runs to reduce cpu and memory usage
INFO: [OCL_UTIL] internal step: launch_runs my_rm_synth_1 -jobs 8  
INFO: [IP_Flow 19-6930] IPCACHE: runCacheChecks() number of threads = 8
INFO: [IP_Flow 19-6921] IPCACHE: Adding cache check func to thread queue for IP ulp_attention_score_u55c_kernel_1_0
INFO: [IP_Flow 19-6921] IPCACHE: Adding cache check func to thread queue for IP ulp_causal_mask_u55c_kernel_1_0
INFO: [IP_Flow 19-6921] IPCACHE: Adding cache check func to thread queue for IP ulp_score_scale_u55c_kernel_1_0
INFO: [IP_Flow 19-6921] IPCACHE: Adding cache check func to thread queue for IP ulp_softmax_u55c_kernel_1_0
INFO: [IP_Flow 19-8020] IPCACHE: runCacheChecks() calling threadPool finishWork()
INFO: [IP_Flow 19-6924] IPCACHE: Running cache check for IP inst: ulp_attention_score_u55c_kernel_1_0
INFO: [IP_Flow 19-6924] IPCACHE: Running cache check for IP inst: ulp_causal_mask_u55c_kernel_1_0
INFO: [IP_Flow 19-6924] IPCACHE: Running cache check for IP inst: ulp_score_scale_u55c_kernel_1_0
INFO: [IP_Flow 19-6924] IPCACHE: Running cache check for IP inst: ulp_softmax_u55c_kernel_1_0
INFO: [IP_Flow 19-6930] IPCACHE: runCacheChecks() number of threads = 8
INFO: [IP_Flow 19-6921] IPCACHE: Adding cache check func to thread queue for IP ulp_auto_cc_0
INFO: [IP_Flow 19-6921] IPCACHE: Adding cache check func to thread queue for IP ulp_auto_cc_1
INFO: [IP_Flow 19-6921] IPCACHE: Adding cache check func to thread queue for IP ulp_auto_cc_2
INFO: [IP_Flow 19-6921] IPCACHE: Adding cache check func to thread queue for IP ulp_auto_cc_3
INFO: [IP_Flow 19-6921] IPCACHE: Adding cache check func to thread queue for IP ulp_auto_cc_4
INFO: [IP_Flow 19-6921] IPCACHE: Adding cache check func to thread queue for IP ulp_auto_cc_5
INFO: [IP_Flow 19-6921] IPCACHE: Adding cache check func to thread queue for IP ulp_auto_cc_6
INFO: [IP_Flow 19-6921] IPCACHE: Adding cache check func to thread queue for IP ulp_axi_gpio_null_0
INFO: [IP_Flow 19-6921] IPCACHE: Adding cache check func to thread queue for IP ulp_axi_gpio_null_1
INFO: [IP_Flow 19-6921] IPCACHE: Adding cache check func to thread queue for IP ulp_axi_gpio_null_2
INFO: [IP_Flow 19-6921] IPCACHE: Adding cache check func to thread queue for IP ulp_axi_vip_ctrl_userpf_0
INFO: [IP_Flow 19-6921] IPCACHE: Adding cache check func to thread queue for IP ulp_axi_vip_ctrl_userpf_1
INFO: [IP_Flow 19-6921] IPCACHE: Adding cache check func to thread queue for IP ulp_axi_vip_ctrl_userpf_2
INFO: [IP_Flow 19-6921] IPCACHE: Adding cache check func to thread queue for IP ulp_axi_vip_data_0
INFO: [IP_Flow 19-6921] IPCACHE: Adding cache check func to thread queue for IP ulp_hmss_0_0
INFO: [IP_Flow 19-6921] IPCACHE: Adding cache check func to thread queue for IP ulp_ii_level0_wire_0
INFO: [IP_Flow 19-6921] IPCACHE: Adding cache check func to thread queue for IP ulp_m00_regslice_0
INFO: [IP_Flow 19-6921] IPCACHE: Adding cache check func to thread queue for IP ulp_m01_regslice_0
INFO: [IP_Flow 19-6921] IPCACHE: Adding cache check func to thread queue for IP ulp_m02_regslice_0
INFO: [IP_Flow 19-6921] IPCACHE: Adding cache check func to thread queue for IP ulp_m03_regslice_0
INFO: [IP_Flow 19-6921] IPCACHE: Adding cache check func to thread queue for IP ulp_m04_regslice_0
INFO: [IP_Flow 19-6921] IPCACHE: Adding cache check func to thread queue for IP ulp_proc_sys_reset_ctrl_slr0_0
INFO: [IP_Flow 19-6921] IPCACHE: Adding cache check func to thread queue for IP ulp_proc_sys_reset_ctrl_slr1_0
INFO: [IP_Flow 19-6921] IPCACHE: Adding cache check func to thread queue for IP ulp_proc_sys_reset_ctrl_slr2_0
INFO: [IP_Flow 19-6921] IPCACHE: Adding cache check func to thread queue for IP ulp_proc_sys_reset_freerun_slr0_0
INFO: [IP_Flow 19-6921] IPCACHE: Adding cache check func to thread queue for IP ulp_proc_sys_reset_freerun_slr1_0
INFO: [IP_Flow 19-6921] IPCACHE: Adding cache check func to thread queue for IP ulp_proc_sys_reset_freerun_slr2_0
INFO: [IP_Flow 19-6921] IPCACHE: Adding cache check func to thread queue for IP ulp_proc_sys_reset_kernel2_slr0_0
INFO: [IP_Flow 19-6921] IPCACHE: Adding cache check func to thread queue for IP ulp_proc_sys_reset_kernel2_slr1_0
INFO: [IP_Flow 19-6921] IPCACHE: Adding cache check func to thread queue for IP ulp_proc_sys_reset_kernel2_slr2_0
INFO: [IP_Flow 19-6921] IPCACHE: Adding cache check func to thread queue for IP ulp_proc_sys_reset_kernel_slr0_0
INFO: [IP_Flow 19-6921] IPCACHE: Adding cache check func to thread queue for IP ulp_proc_sys_reset_kernel_slr1_0
INFO: [IP_Flow 19-6921] IPCACHE: Adding cache check func to thread queue for IP ulp_proc_sys_reset_kernel_slr2_0
INFO: [IP_Flow 19-6921] IPCACHE: Adding cache check func to thread queue for IP ulp_regslice_control_userpf_0
INFO: [IP_Flow 19-6921] IPCACHE: Adding cache check func to thread queue for IP ulp_regslice_control_userpf_1
INFO: [IP_Flow 19-6921] IPCACHE: Adding cache check func to thread queue for IP ulp_regslice_control_userpf_2
INFO: [IP_Flow 19-6921] IPCACHE: Adding cache check func to thread queue for IP ulp_s00_regslice_15
INFO: [IP_Flow 19-6921] IPCACHE: Adding cache check func to thread queue for IP ulp_s00_regslice_16
INFO: [IP_Flow 19-6921] IPCACHE: Adding cache check func to thread queue for IP ulp_s00_regslice_17
INFO: [IP_Flow 19-6921] IPCACHE: Adding cache check func to thread queue for IP ulp_ulp_cmp_0
INFO: [IP_Flow 19-6921] IPCACHE: Adding cache check func to thread queue for IP ulp_ulp_ucs_0
INFO: [IP_Flow 19-6921] IPCACHE: Adding cache check func to thread queue for IP ulp_xbar_0
INFO: [IP_Flow 19-6921] IPCACHE: Adding cache check func to thread queue for IP ulp_xbar_1
INFO: [IP_Flow 19-6921] IPCACHE: Adding cache check func to thread queue for IP bd_097b_build_info_0
INFO: [IP_Flow 19-6921] IPCACHE: Adding cache check func to thread queue for IP bd_097b_user_debug_bridge_0
INFO: [IP_Flow 19-6921] IPCACHE: Adding cache check func to thread queue for IP bd_097b_user_debug_hub_0
INFO: [IP_Flow 19-6921] IPCACHE: Adding cache check func to thread queue for IP bd_22c0_aclk_kernel_00_adapt_0
INFO: [IP_Flow 19-6921] IPCACHE: Adding cache check func to thread queue for IP bd_22c0_aclk_kernel_00_cont_adapt_0
INFO: [IP_Flow 19-6921] IPCACHE: Adding cache check func to thread queue for IP bd_22c0_aclk_kernel_01_adapt_0
INFO: [IP_Flow 19-6921] IPCACHE: Adding cache check func to thread queue for IP bd_22c0_aclk_kernel_01_cont_adapt_0
INFO: [IP_Flow 19-6921] IPCACHE: Adding cache check func to thread queue for IP bd_22c0_auto_cc_0
INFO: [IP_Flow 19-6921] IPCACHE: Adding cache check func to thread queue for IP bd_22c0_build_info_0
INFO: [IP_Flow 19-6921] IPCACHE: Adding cache check func to thread queue for IP bd_22c0_clk_hbm_adapt_0
INFO: [IP_Flow 19-6921] IPCACHE: Adding cache check func to thread queue for IP bd_22c0_clkwiz_aclk_kernel_00_0
INFO: [IP_Flow 19-6921] IPCACHE: Adding cache check func to thread queue for IP bd_22c0_clkwiz_aclk_kernel_01_0
INFO: [IP_Flow 19-6921] IPCACHE: Adding cache check func to thread queue for IP bd_22c0_clkwiz_hbm_0
INFO: [IP_Flow 19-6921] IPCACHE: Adding cache check func to thread queue for IP bd_22c0_clock_shutdown_latch_0
INFO: [IP_Flow 19-6921] IPCACHE: Adding cache check func to thread queue for IP bd_22c0_clock_throttling_aclk_kernel_00_0
INFO: [IP_Flow 19-6921] IPCACHE: Adding cache check func to thread queue for IP bd_22c0_clock_throttling_aclk_kernel_01_0
INFO: [IP_Flow 19-6921] IPCACHE: Adding cache check func to thread queue for IP bd_22c0_clock_throttling_avg_0
INFO: [IP_Flow 19-6921] IPCACHE: Adding cache check func to thread queue for IP bd_22c0_fanout_aresetn_ctrl_slr0_1_0
INFO: [IP_Flow 19-6921] IPCACHE: Adding cache check func to thread queue for IP bd_22c0_fanout_aresetn_ctrl_slr0_2_0
INFO: [IP_Flow 19-6921] IPCACHE: Adding cache check func to thread queue for IP bd_22c0_fanout_aresetn_ctrl_slr0_3_0
INFO: [IP_Flow 19-6921] IPCACHE: Adding cache check func to thread queue for IP bd_22c0_fanout_aresetn_ctrl_slr0_4_0
INFO: [IP_Flow 19-6921] IPCACHE: Adding cache check func to thread queue for IP bd_22c0_fanout_aresetn_ctrl_slr1_1_0
INFO: [IP_Flow 19-6921] IPCACHE: Adding cache check func to thread queue for IP bd_22c0_fanout_aresetn_ctrl_slr1_2_0
INFO: [IP_Flow 19-6921] IPCACHE: Adding cache check func to thread queue for IP bd_22c0_fanout_aresetn_ctrl_slr1_3_0
INFO: [IP_Flow 19-6921] IPCACHE: Adding cache check func to thread queue for IP bd_22c0_fanout_aresetn_ctrl_slr1_4_0
INFO: [IP_Flow 19-6921] IPCACHE: Adding cache check func to thread queue for IP bd_22c0_fanout_aresetn_ctrl_slr2_1_0
INFO: [IP_Flow 19-6921] IPCACHE: Adding cache check func to thread queue for IP bd_22c0_fanout_aresetn_ctrl_slr2_2_0
INFO: [IP_Flow 19-6921] IPCACHE: Adding cache check func to thread queue for IP bd_22c0_fanout_aresetn_ctrl_slr2_3_0
INFO: [IP_Flow 19-6921] IPCACHE: Adding cache check func to thread queue for IP bd_22c0_fanout_aresetn_ctrl_slr2_4_0
INFO: [IP_Flow 19-6921] IPCACHE: Adding cache check func to thread queue for IP bd_22c0_fanout_aresetn_hbm_0
INFO: [IP_Flow 19-6921] IPCACHE: Adding cache check func to thread queue for IP bd_22c0_fanout_aresetn_kernel_00_slr0_1_0
INFO: [IP_Flow 19-6921] IPCACHE: Adding cache check func to thread queue for IP bd_22c0_fanout_aresetn_kernel_00_slr0_2_0
INFO: [IP_Flow 19-6921] IPCACHE: Adding cache check func to thread queue for IP bd_22c0_fanout_aresetn_kernel_00_slr0_3_0
INFO: [IP_Flow 19-6921] IPCACHE: Adding cache check func to thread queue for IP bd_22c0_fanout_aresetn_kernel_00_slr0_4_0
INFO: [IP_Flow 19-6921] IPCACHE: Adding cache check func to thread queue for IP bd_22c0_fanout_aresetn_kernel_00_slr1_1_0
INFO: [IP_Flow 19-6921] IPCACHE: Adding cache check func to thread queue for IP bd_22c0_fanout_aresetn_kernel_00_slr1_2_0
INFO: [IP_Flow 19-6921] IPCACHE: Adding cache check func to thread queue for IP bd_22c0_fanout_aresetn_kernel_00_slr1_3_0
INFO: [IP_Flow 19-6921] IPCACHE: Adding cache check func to thread queue for IP bd_22c0_fanout_aresetn_kernel_00_slr1_4_0
INFO: [IP_Flow 19-6921] IPCACHE: Adding cache check func to thread queue for IP bd_22c0_fanout_aresetn_kernel_00_slr2_1_0
INFO: [IP_Flow 19-6921] IPCACHE: Adding cache check func to thread queue for IP bd_22c0_fanout_aresetn_kernel_00_slr2_2_0
INFO: [IP_Flow 19-6921] IPCACHE: Adding cache check func to thread queue for IP bd_22c0_fanout_aresetn_kernel_00_slr2_3_0
INFO: [IP_Flow 19-6921] IPCACHE: Adding cache check func to thread queue for IP bd_22c0_fanout_aresetn_kernel_00_slr2_4_0
INFO: [IP_Flow 19-6921] IPCACHE: Adding cache check func to thread queue for IP bd_22c0_fanout_aresetn_kernel_01_slr0_1_0
INFO: [IP_Flow 19-6921] IPCACHE: Adding cache check func to thread queue for IP bd_22c0_fanout_aresetn_kernel_01_slr0_2_0
INFO: [IP_Flow 19-6921] IPCACHE: Adding cache check func to thread queue for IP bd_22c0_fanout_aresetn_kernel_01_slr0_3_0
INFO: [IP_Flow 19-6921] IPCACHE: Adding cache check func to thread queue for IP bd_22c0_fanout_aresetn_kernel_01_slr0_4_0
INFO: [IP_Flow 19-6921] IPCACHE: Adding cache check func to thread queue for IP bd_22c0_fanout_aresetn_kernel_01_slr1_1_0
INFO: [IP_Flow 19-6921] IPCACHE: Adding cache check func to thread queue for IP bd_22c0_fanout_aresetn_kernel_01_slr1_2_0
INFO: [IP_Flow 19-6921] IPCACHE: Adding cache check func to thread queue for IP bd_22c0_fanout_aresetn_kernel_01_slr1_3_0
INFO: [IP_Flow 19-6921] IPCACHE: Adding cache check func to thread queue for IP bd_22c0_fanout_aresetn_kernel_01_slr1_4_0
INFO: [IP_Flow 19-6921] IPCACHE: Adding cache check func to thread queue for IP bd_22c0_fanout_aresetn_kernel_01_slr2_1_0
INFO: [IP_Flow 19-6921] IPCACHE: Adding cache check func to thread queue for IP bd_22c0_fanout_aresetn_kernel_01_slr2_2_0
INFO: [IP_Flow 19-6921] IPCACHE: Adding cache check func to thread queue for IP bd_22c0_fanout_aresetn_kernel_01_slr2_3_0
INFO: [Common 17-14] Message 'IP_Flow 19-6921' appears 100 times and further instances of the messages will be disabled. Use the Tcl command set_msg_config to change the current settings.
INFO: [IP_Flow 19-8020] IPCACHE: runCacheChecks() calling threadPool finishWork()
INFO: [IP_Flow 19-6924] IPCACHE: Running cache check for IP inst: ulp_auto_cc_0
INFO: [IP_Flow 19-6924] IPCACHE: Running cache check for IP inst: ulp_axi_vip_ctrl_userpf_0
INFO: [IP_Flow 19-6924] IPCACHE: Running cache check for IP inst: ulp_m00_regslice_0
INFO: [IP_Flow 19-6924] IPCACHE: Running cache check for IP inst: ulp_m03_regslice_0
INFO: [IP_Flow 19-6924] IPCACHE: Running cache check for IP inst: ulp_proc_sys_reset_freerun_slr1_0
INFO: [IP_Flow 19-6924] IPCACHE: Running cache check for IP inst: ulp_proc_sys_reset_kernel_slr1_0
INFO: [IP_Flow 19-6924] IPCACHE: Running cache check for IP inst: ulp_regslice_control_userpf_2
INFO: [IP_Flow 19-6924] IPCACHE: Running cache check for IP inst: ulp_xbar_1
INFO: [IP_Flow 19-6924] IPCACHE: Running cache check for IP inst: bd_22c0_fanout_aresetn_pcie_slr0_1_0
INFO: [IP_Flow 19-6924] IPCACHE: Running cache check for IP inst: bd_22c0_fanout_aresetn_pcie_slr2_1_0
INFO: [IP_Flow 19-6924] IPCACHE: Running cache check for IP inst: bd_22c0_gapping_demand_toggle_0
INFO: [IP_Flow 19-6924] IPCACHE: Running cache check for IP inst: bd_85ad_interconnect5_4_0
INFO: [IP_Flow 19-6924] IPCACHE: Running cache check for IP inst: ulp_auto_cc_1
INFO: [IP_Flow 19-6924] IPCACHE: Running cache check for IP inst: ulp_axi_gpio_null_2
INFO: [IP_Flow 19-6924] IPCACHE: Running cache check for IP inst: ulp_axi_vip_data_0
INFO: [IP_Flow 19-6924] IPCACHE: Running cache check for IP inst: ulp_m04_regslice_0
INFO: [IP_Flow 19-6924] IPCACHE: Running cache check for IP inst: ulp_proc_sys_reset_kernel2_slr2_0
INFO: [IP_Flow 19-6924] IPCACHE: Running cache check for IP inst: ulp_regslice_control_userpf_0
INFO: [IP_Flow 19-6924] IPCACHE: Running cache check for IP inst: ulp_xbar_0
INFO: [IP_Flow 19-6924] IPCACHE: Running cache check for IP inst: bd_22c0_fanout_aresetn_kernel_01_slr1_3_0
INFO: [IP_Flow 19-6924] IPCACHE: Running cache check for IP inst: bd_22c0_fanout_aresetn_pcie_slr0_2_0
INFO: [IP_Flow 19-6924] IPCACHE: Running cache check for IP inst: bd_22c0_fanout_aresetn_pcie_slr1_3_0
INFO: [IP_Flow 19-6924] IPCACHE: Running cache check for IP inst: bd_22c0_frequency_counter_aclk_hbm_0
INFO: [IP_Flow 19-6924] IPCACHE: Running cache check for IP inst: bd_22c0_gpio_ucs_control_status_0
INFO: [IP_Flow 19-6924] IPCACHE: Running cache check for IP inst: bd_85ad_hbm_reset_sync_SLR0_0
INFO: [IP_Flow 19-6924] IPCACHE: Running cache check for IP inst: bd_85ad_interconnect0_10_0
INFO: [IP_Flow 19-6924] IPCACHE: Running cache check for IP inst: bd_85ad_interconnect9_8_0
INFO: [IP_Flow 19-6924] IPCACHE: Running cache check for IP inst: ulp_auto_cc_2
INFO: [IP_Flow 19-6924] IPCACHE: Running cache check for IP inst: ulp_m02_regslice_0
INFO: [IP_Flow 19-6924] IPCACHE: Running cache check for IP inst: ulp_proc_sys_reset_kernel_slr2_0
INFO: [IP_Flow 19-6924] IPCACHE: Running cache check for IP inst: bd_097b_user_debug_bridge_0
INFO: [IP_Flow 19-6924] IPCACHE: Running cache check for IP inst: bd_22c0_clkwiz_aclk_kernel_01_0
INFO: [IP_Flow 19-6924] IPCACHE: Running cache check for IP inst: bd_22c0_fanout_aresetn_ctrl_slr1_4_0
INFO: [IP_Flow 19-6924] IPCACHE: Running cache check for IP inst: bd_22c0_fanout_aresetn_kernel_00_slr0_3_0
INFO: [IP_Flow 19-6924] IPCACHE: Running cache check for IP inst: bd_22c0_fanout_aresetn_kernel_00_slr2_4_0
INFO: [IP_Flow 19-6924] IPCACHE: Running cache check for IP inst: bd_22c0_fanout_aresetn_kernel_01_slr2_3_0
INFO: [IP_Flow 19-6924] IPCACHE: Running cache check for IP inst: bd_22c0_frequency_counter_aclk_0
INFO: [IP_Flow 19-6924] IPCACHE: Running cache check for IP inst: bd_22c0_xbar_0
INFO: [IP_Flow 19-6924] IPCACHE: Running cache check for IP inst: bd_85ad_interconnect8_7_0
INFO: [IP_Flow 19-6924] IPCACHE: Running cache check for IP inst: ulp_auto_cc_3
INFO: [IP_Flow 19-6924] IPCACHE: Running cache check for IP inst: ulp_axi_vip_ctrl_userpf_2
INFO: [IP_Flow 19-6924] IPCACHE: Running cache check for IP inst: ulp_hmss_0_0
INFO: [IP_Flow 19-6924] IPCACHE: Running cache check for IP inst: ulp_auto_cc_4
INFO: [IP_Flow 19-6924] IPCACHE: Running cache check for IP inst: ulp_m01_regslice_0
INFO: [IP_Flow 19-6924] IPCACHE: Running cache check for IP inst: ulp_proc_sys_reset_ctrl_slr0_0
INFO: [IP_Flow 19-6924] IPCACHE: Running cache check for IP inst: ulp_proc_sys_reset_kernel2_slr1_0
INFO: [IP_Flow 19-6924] IPCACHE: Running cache check for IP inst: ulp_regslice_control_userpf_1
INFO: [IP_Flow 19-6924] IPCACHE: Running cache check for IP inst: bd_097b_build_info_0
INFO: [IP_Flow 19-6924] IPCACHE: Running cache check for IP inst: bd_097b_user_debug_hub_0
INFO: [IP_Flow 19-6924] IPCACHE: Running cache check for IP inst: bd_22c0_clkwiz_aclk_kernel_00_0
INFO: [IP_Flow 19-6924] IPCACHE: Running cache check for IP inst: bd_22c0_fanout_aresetn_ctrl_slr0_1_0
INFO: [IP_Flow 19-6924] IPCACHE: Running cache check for IP inst: bd_22c0_fanout_aresetn_ctrl_slr1_3_0
INFO: [IP_Flow 19-6924] IPCACHE: Running cache check for IP inst: bd_22c0_fanout_aresetn_ctrl_slr2_4_0
INFO: [IP_Flow 19-6924] IPCACHE: Running cache check for IP inst: bd_22c0_fanout_aresetn_kernel_00_slr0_4_0
INFO: [IP_Flow 19-6924] IPCACHE: Running cache check for IP inst: bd_22c0_fanout_aresetn_kernel_00_slr1_4_0
INFO: [IP_Flow 19-6924] IPCACHE: Running cache check for IP inst: bd_22c0_fanout_aresetn_kernel_01_slr0_1_0
INFO: [IP_Flow 19-6924] IPCACHE: Running cache check for IP inst: bd_22c0_fanout_aresetn_kernel_01_slr0_3_0
INFO: [IP_Flow 19-6924] IPCACHE: Running cache check for IP inst: bd_22c0_fanout_aresetn_kernel_01_slr2_2_0
INFO: [IP_Flow 19-6924] IPCACHE: Running cache check for IP inst: bd_22c0_fanout_aresetn_pcie_slr0_3_0
INFO: [IP_Flow 19-6924] IPCACHE: Running cache check for IP inst: bd_22c0_fanout_aresetn_pcie_slr2_2_0
INFO: [IP_Flow 19-6924] IPCACHE: Running cache check for IP inst: bd_22c0_frequency_counter_aclk_kernel_00_0
INFO: [IP_Flow 19-6924] IPCACHE: Running cache check for IP inst: bd_22c0_psreset_hbm_0
INFO: [IP_Flow 19-6924] IPCACHE: Running cache check for IP inst: bd_22c0_xbar_1
INFO: [IP_Flow 19-6924] IPCACHE: Running cache check for IP inst: bd_85ad_interconnect6_6_0
INFO: [IP_Flow 19-6924] IPCACHE: Running cache check for IP inst: ulp_auto_cc_5
INFO: [IP_Flow 19-6924] IPCACHE: Running cache check for IP inst: ulp_proc_sys_reset_freerun_slr2_0
INFO: [IP_Flow 19-6924] IPCACHE: Running cache check for IP inst: ulp_ulp_ucs_0
INFO: [IP_Flow 19-6924] IPCACHE: Running cache check for IP inst: bd_22c0_fanout_aresetn_ctrl_slr0_4_0
INFO: [IP_Flow 19-6924] IPCACHE: Running cache check for IP inst: bd_22c0_fanout_aresetn_kernel_00_slr0_1_0
INFO: [IP_Flow 19-6924] IPCACHE: Running cache check for IP inst: bd_22c0_fanout_aresetn_kernel_00_slr2_3_0
INFO: [IP_Flow 19-6924] IPCACHE: Running cache check for IP inst: bd_22c0_fanout_aresetn_kernel_01_slr1_4_0
INFO: [IP_Flow 19-6924] IPCACHE: Running cache check for IP inst: bd_22c0_fanout_aresetn_pcie_slr1_4_0
INFO: [IP_Flow 19-6924] IPCACHE: Running cache check for IP inst: bd_22c0_psreset_aclk_freerun_0
INFO: [IP_Flow 19-6924] IPCACHE: Running cache check for IP inst: bd_85ad_hbm_reset_sync_SLR2_0
INFO: [IP_Flow 19-6924] IPCACHE: Running cache check for IP inst: bd_85ad_interconnect3_2_0
INFO: [IP_Flow 19-6924] IPCACHE: Running cache check for IP inst: ulp_auto_cc_6
INFO: [IP_Flow 19-6924] IPCACHE: Running cache check for IP inst: ulp_proc_sys_reset_freerun_slr0_0
INFO: [IP_Flow 19-6924] IPCACHE: Running cache check for IP inst: ulp_s00_regslice_16
INFO: [IP_Flow 19-6924] IPCACHE: Running cache check for IP inst: bd_22c0_aclk_kernel_01_adapt_0
INFO: [IP_Flow 19-6924] IPCACHE: Running cache check for IP inst: bd_22c0_build_info_0
INFO: [IP_Flow 19-6924] IPCACHE: Running cache check for IP inst: bd_22c0_clock_shutdown_latch_0
INFO: [IP_Flow 19-6924] IPCACHE: Running cache check for IP inst: bd_22c0_clock_throttling_aclk_kernel_01_0
INFO: [IP_Flow 19-6924] IPCACHE: Running cache check for IP inst: bd_22c0_fanout_aresetn_ctrl_slr0_3_0
INFO: [IP_Flow 19-6924] IPCACHE: Running cache check for IP inst: bd_22c0_fanout_aresetn_ctrl_slr2_3_0
INFO: [IP_Flow 19-6924] IPCACHE: Running cache check for IP inst: bd_22c0_fanout_aresetn_kernel_00_slr2_2_0
INFO: [IP_Flow 19-6924] IPCACHE: Running cache check for IP inst: bd_22c0_fanout_aresetn_kernel_01_slr2_1_0
INFO: [IP_Flow 19-6924] IPCACHE: Running cache check for IP inst: bd_22c0_fanout_aresetn_pcie_slr2_3_0
INFO: [IP_Flow 19-6924] IPCACHE: Running cache check for IP inst: bd_22c0_psreset_kernel_01_0
INFO: [IP_Flow 19-6924] IPCACHE: Running cache check for IP inst: bd_85ad_init_reduce_0
INFO: [IP_Flow 19-6924] IPCACHE: Running cache check for IP inst: bd_85ad_interconnect4_3_0
INFO: [IP_Flow 19-6924] IPCACHE: Running cache check for IP inst: ulp_axi_gpio_null_0
INFO: [IP_Flow 19-6924] IPCACHE: Running cache check for IP inst: ulp_proc_sys_reset_ctrl_slr2_0
INFO: [IP_Flow 19-6924] IPCACHE: Running cache check for IP inst: ulp_s00_regslice_15
INFO: [IP_Flow 19-6924] IPCACHE: Running cache check for IP inst: bd_22c0_aclk_kernel_00_cont_adapt_0
INFO: [IP_Flow 19-6924] IPCACHE: Running cache check for IP inst: bd_22c0_auto_cc_0
INFO: [IP_Flow 19-6924] IPCACHE: Running cache check for IP inst: bd_22c0_clock_throttling_aclk_kernel_00_0
INFO: [Common 17-14] Message 'IP_Flow 19-6924' appears 100 times and further instances of the messages will be disabled. Use the Tcl command set_msg_config to change the current settings.
INFO: [IP_Flow 19-6930] IPCACHE: runCacheChecks() number of threads = 8
INFO: [IP_Flow 19-8020] IPCACHE: runCacheChecks() calling threadPool finishWork()
INFO: [IP_Flow 19-6930] IPCACHE: runCacheChecks() number of threads = 8
INFO: [IP_Flow 19-8020] IPCACHE: runCacheChecks() calling threadPool finishWork()
[Mon Apr 27 18:45:17 2026] Launched ulp_hmss_0_0_synth_1, bd_85ad_slice2_1_0_synth_1, bd_85ad_interconnect3_2_0_synth_1, bd_85ad_vip_S06_0_synth_1, bd_85ad_vip_S07_0_synth_1, bd_85ad_vip_S05_0_synth_1, bd_85ad_vip_S04_0_synth_1, bd_85ad_vip_S03_0_synth_1, bd_85ad_vip_S02_0_synth_1, bd_85ad_vip_S01_0_synth_1, bd_85ad_hbm_reset_sync_SLR2_0_synth_1, bd_85ad_hbm_reset_sync_SLR0_0_synth_1, bd_85ad_hbm_inst_0_synth_1, bd_85ad_slice3_2_0_synth_1, bd_85ad_interconnect4_3_0_synth_1, bd_85ad_slice4_3_0_synth_1, bd_85ad_interconnect5_4_0_synth_1, bd_85ad_slice6_6_0_synth_1, bd_85ad_interconnect8_7_0_synth_1, bd_85ad_slice1_0_0_synth_1, bd_85ad_interconnect2_1_0_synth_1, bd_85ad_slice5_4_0_synth_1, bd_85ad_interconnect7_5_0_synth_1, bd_85ad_vip_S08_0_synth_1, bd_85ad_vip_S09_0_synth_1, bd_85ad_vip_S00_0_synth_1, bd_85ad_axi_apb_bridge_inst_0_synth_1, bd_85ad_interconnect1_0_0_synth_1, bd_85ad_slice7_5_0_synth_1, bd_85ad_interconnect6_6_0_synth_1, bd_85ad_slice8_7_0_synth_1, bd_85ad_interconnect9_8_0_synth_1, bd_85ad_slice9_8_0_synth_1, bd_85ad_interconnect0_10_0_synth_1, bd_85ad_slice0_10_0_synth_1, bd_85ad_init_reduce_0_synth_1, ulp_axi_vip_data_0_synth_1, ulp_ulp_cmp_0_synth_1, bd_097b_build_info_0_synth_1, bd_097b_user_debug_bridge_0_synth_1, bd_7cf0_axi_jtag_0_synth_1, bd_7cf0_bsip_0_synth_1, bd_7cf0_bs_switch_1_0_synth_1, bd_097b_user_debug_hub_0_synth_1, bd_58f6_xsdbm_0_synth_1, bd_58f6_lut_buffer_0_synth_1, ulp_ii_level0_wire_0_synth_1, ulp_ulp_ucs_0_synth_1, bd_22c0_clkwiz_aclk_kernel_00_0_synth_1, bd_22c0_clock_throttling_aclk_kernel_00_0_synth_1, bd_22c0_fanout_aresetn_kernel_00_slr0_1_0_synth_1, bd_22c0_fanout_aresetn_kernel_00_slr0_2_0_synth_1, bd_22c0_fanout_aresetn_kernel_00_slr0_3_0_synth_1, bd_22c0_fanout_aresetn_kernel_00_slr0_4_0_synth_1, bd_22c0_fanout_aresetn_kernel_00_slr1_1_0_synth_1, bd_22c0_fanout_aresetn_kernel_00_slr1_2_0_synth_1, bd_22c0_fanout_aresetn_kernel_00_slr1_3_0_synth_1, bd_22c0_fanout_aresetn_kernel_00_slr1_4_0_synth_1, bd_22c0_fanout_aresetn_kernel_00_slr2_1_0_synth_1, bd_22c0_fanout_aresetn_kernel_00_slr2_2_0_synth_1, bd_22c0_fanout_aresetn_kernel_00_slr2_3_0_synth_1, bd_22c0_fanout_aresetn_kernel_00_slr2_4_0_synth_1, bd_22c0_psreset_kernel_00_0_synth_1, bd_22c0_aclk_kernel_01_adapt_0_synth_1, bd_22c0_clock_throttling_avg_0_synth_1, bd_22c0_gpio_ucs_control_status_0_synth_1, bd_22c0_clock_shutdown_latch_0_synth_1, bd_22c0_fanout_aresetn_pcie_slr0_1_0_synth_1, bd_22c0_fanout_aresetn_pcie_slr0_2_0_synth_1, bd_22c0_fanout_aresetn_pcie_slr0_3_0_synth_1, bd_22c0_fanout_aresetn_pcie_slr0_4_0_synth_1, bd_22c0_fanout_aresetn_pcie_slr1_1_0_synth_1, bd_22c0_fanout_aresetn_pcie_slr1_2_0_synth_1, bd_22c0_fanout_aresetn_pcie_slr1_3_0_synth_1, bd_22c0_fanout_aresetn_pcie_slr1_4_0_synth_1, bd_22c0_fanout_aresetn_pcie_slr2_1_0_synth_1, bd_22c0_fanout_aresetn_pcie_slr2_2_0_synth_1, bd_22c0_fanout_aresetn_pcie_slr2_3_0_synth_1, bd_22c0_fanout_aresetn_pcie_slr2_4_0_synth_1, bd_22c0_fanout_aresetn_ctrl_slr0_1_0_synth_1, bd_22c0_fanout_aresetn_ctrl_slr0_2_0_synth_1, bd_22c0_fanout_aresetn_ctrl_slr0_3_0_synth_1, bd_22c0_fanout_aresetn_ctrl_slr0_4_0_synth_1, bd_22c0_fanout_aresetn_ctrl_slr1_1_0_synth_1, bd_22c0_fanout_aresetn_ctrl_slr1_2_0_synth_1, bd_22c0_fanout_aresetn_ctrl_slr1_3_0_synth_1, bd_22c0_fanout_aresetn_ctrl_slr1_4_0_synth_1, bd_22c0_fanout_aresetn_ctrl_slr2_1_0_synth_1, bd_22c0_fanout_aresetn_ctrl_slr2_2_0_synth_1, bd_22c0_gpio_gapping_demand_0_synth_1, bd_22c0_gapping_demand_update_0_synth_1, bd_22c0_gapping_demand_toggle_0_synth_1, bd_22c0_xbar_0_synth_1, bd_22c0_build_info_0_synth_1, bd_22c0_fanout_aresetn_ctrl_slr2_3_0_synth_1, bd_22c0_fanout_aresetn_ctrl_slr2_4_0_synth_1, bd_22c0_clk_hbm_adapt_0_synth_1, bd_22c0_clkwiz_hbm_0_synth_1, bd_22c0_fanout_aresetn_hbm_0_synth_1, bd_22c0_psreset_hbm_0_synth_1, bd_22c0_xbar_1_synth_1, bd_22c0_frequency_counter_aclk_0_synth_1, bd_22c0_frequency_counter_aclk_hbm_0_synth_1, bd_22c0_frequency_counter_aclk_kernel_00_0_synth_1, bd_22c0_frequency_counter_aclk_kernel_01_0_synth_1, bd_22c0_psreset_aclk_freerun_0_synth_1, bd_22c0_aclk_kernel_00_adapt_0_synth_1, bd_22c0_aclk_kernel_00_cont_adapt_0_synth_1, bd_22c0_aclk_kernel_01_cont_adapt_0_synth_1, bd_22c0_clkwiz_aclk_kernel_01_0_synth_1, bd_22c0_clock_throttling_aclk_kernel_01_0_synth_1, bd_22c0_fanout_aresetn_kernel_01_slr0_1_0_synth_1, bd_22c0_fanout_aresetn_kernel_01_slr0_2_0_synth_1, bd_22c0_fanout_aresetn_kernel_01_slr0_3_0_synth_1, bd_22c0_fanout_aresetn_kernel_01_slr0_4_0_synth_1, bd_22c0_fanout_aresetn_kernel_01_slr1_1_0_synth_1, bd_22c0_fanout_aresetn_kernel_01_slr1_2_0_synth_1, bd_22c0_fanout_aresetn_kernel_01_slr1_3_0_synth_1, bd_22c0_fanout_aresetn_kernel_01_slr1_4_0_synth_1, bd_22c0_fanout_aresetn_kernel_01_slr2_1_0_synth_1, bd_22c0_fanout_aresetn_kernel_01_slr2_2_0_synth_1, bd_22c0_fanout_aresetn_kernel_01_slr2_3_0_synth_1, bd_22c0_fanout_aresetn_kernel_01_slr2_4_0_synth_1, bd_22c0_psreset_kernel_01_0_synth_1, bd_22c0_auto_cc_0_synth_1, ulp_proc_sys_reset_ctrl_slr0_0_synth_1, ulp_proc_sys_reset_ctrl_slr1_0_synth_1, ulp_proc_sys_reset_ctrl_slr2_0_synth_1, ulp_proc_sys_reset_kernel_slr0_0_synth_1, ulp_proc_sys_reset_kernel_slr1_0_synth_1, ulp_proc_sys_reset_kernel_slr2_0_synth_1, ulp_proc_sys_reset_kernel2_slr0_0_synth_1, ulp_proc_sys_reset_kernel2_slr1_0_synth_1, ulp_proc_sys_reset_kernel2_slr2_0_synth_1, ulp_proc_sys_reset_freerun_slr0_0_synth_1, ulp_proc_sys_reset_freerun_slr1_0_synth_1, ulp_proc_sys_reset_freerun_slr2_0_synth_1, ulp_axi_gpio_null_0_synth_1, ulp_axi_vip_ctrl_userpf_0_synth_1, ulp_regslice_control_userpf_0_synth_1, ulp_axi_gpio_null_1_synth_1, ulp_axi_vip_ctrl_userpf_1_synth_1, ulp_regslice_control_userpf_1_synth_1, ulp_axi_gpio_null_2_synth_1, ulp_axi_vip_ctrl_userpf_2_synth_1, ulp_regslice_control_userpf_2_synth_1, ulp_auto_cc_3_synth_1, ulp_m04_regslice_0_synth_1, ulp_auto_cc_4_synth_1, ulp_s00_regslice_16_synth_1, ulp_auto_cc_5_synth_1, ulp_s00_regslice_17_synth_1, ulp_auto_cc_6_synth_1, ulp_xbar_0_synth_1, ulp_attention_score_u55c_kernel_1_0_synth_1, ulp_causal_mask_u55c_kernel_1_0_synth_1, ulp_score_scale_u55c_kernel_1_0_synth_1, ulp_softmax_u55c_kernel_1_0_synth_1, ulp_xbar_1_synth_1, ulp_m03_regslice_0_synth_1, ulp_auto_cc_2_synth_1, ulp_m02_regslice_0_synth_1, ulp_auto_cc_1_synth_1, ulp_m01_regslice_0_synth_1, ulp_auto_cc_0_synth_1, ulp_s00_regslice_15_synth_1, ulp_m00_regslice_0_synth_1...
Run output will be captured here:
ulp_hmss_0_0_synth_1: /home/advent/Desktop/RC19/_x/link/vivado/vpl/prj/prj.runs/ulp_hmss_0_0_synth_1/runme.log
bd_85ad_slice2_1_0_synth_1: /home/advent/Desktop/RC19/_x/link/vivado/vpl/prj/prj.runs/bd_85ad_slice2_1_0_synth_1/runme.log
bd_85ad_interconnect3_2_0_synth_1: /home/advent/Desktop/RC19/_x/link/vivado/vpl/prj/prj.runs/bd_85ad_interconnect3_2_0_synth_1/runme.log
bd_85ad_vip_S06_0_synth_1: /home/advent/Desktop/RC19/_x/link/vivado/vpl/prj/prj.runs/bd_85ad_vip_S06_0_synth_1/runme.log
bd_85ad_vip_S07_0_synth_1: /home/advent/Desktop/RC19/_x/link/vivado/vpl/prj/prj.runs/bd_85ad_vip_S07_0_synth_1/runme.log
bd_85ad_vip_S05_0_synth_1: /home/advent/Desktop/RC19/_x/link/vivado/vpl/prj/prj.runs/bd_85ad_vip_S05_0_synth_1/runme.log
bd_85ad_vip_S04_0_synth_1: /home/advent/Desktop/RC19/_x/link/vivado/vpl/prj/prj.runs/bd_85ad_vip_S04_0_synth_1/runme.log
bd_85ad_vip_S03_0_synth_1: /home/advent/Desktop/RC19/_x/link/vivado/vpl/prj/prj.runs/bd_85ad_vip_S03_0_synth_1/runme.log
bd_85ad_vip_S02_0_synth_1: /home/advent/Desktop/RC19/_x/link/vivado/vpl/prj/prj.runs/bd_85ad_vip_S02_0_synth_1/runme.log
bd_85ad_vip_S01_0_synth_1: /home/advent/Desktop/RC19/_x/link/vivado/vpl/prj/prj.runs/bd_85ad_vip_S01_0_synth_1/runme.log
bd_85ad_hbm_reset_sync_SLR2_0_synth_1: /home/advent/Desktop/RC19/_x/link/vivado/vpl/prj/prj.runs/bd_85ad_hbm_reset_sync_SLR2_0_synth_1/runme.log
bd_85ad_hbm_reset_sync_SLR0_0_synth_1: /home/advent/Desktop/RC19/_x/link/vivado/vpl/prj/prj.runs/bd_85ad_hbm_reset_sync_SLR0_0_synth_1/runme.log
bd_85ad_hbm_inst_0_synth_1: /home/advent/Desktop/RC19/_x/link/vivado/vpl/prj/prj.runs/bd_85ad_hbm_inst_0_synth_1/runme.log
bd_85ad_slice3_2_0_synth_1: /home/advent/Desktop/RC19/_x/link/vivado/vpl/prj/prj.runs/bd_85ad_slice3_2_0_synth_1/runme.log
bd_85ad_interconnect4_3_0_synth_1: /home/advent/Desktop/RC19/_x/link/vivado/vpl/prj/prj.runs/bd_85ad_interconnect4_3_0_synth_1/runme.log
bd_85ad_slice4_3_0_synth_1: /home/advent/Desktop/RC19/_x/link/vivado/vpl/prj/prj.runs/bd_85ad_slice4_3_0_synth_1/runme.log
bd_85ad_interconnect5_4_0_synth_1: /home/advent/Desktop/RC19/_x/link/vivado/vpl/prj/prj.runs/bd_85ad_interconnect5_4_0_synth_1/runme.log
bd_85ad_slice6_6_0_synth_1: /home/advent/Desktop/RC19/_x/link/vivado/vpl/prj/prj.runs/bd_85ad_slice6_6_0_synth_1/runme.log
bd_85ad_interconnect8_7_0_synth_1: /home/advent/Desktop/RC19/_x/link/vivado/vpl/prj/prj.runs/bd_85ad_interconnect8_7_0_synth_1/runme.log
bd_85ad_slice1_0_0_synth_1: /home/advent/Desktop/RC19/_x/link/vivado/vpl/prj/prj.runs/bd_85ad_slice1_0_0_synth_1/runme.log
bd_85ad_interconnect2_1_0_synth_1: /home/advent/Desktop/RC19/_x/link/vivado/vpl/prj/prj.runs/bd_85ad_interconnect2_1_0_synth_1/runme.log
bd_85ad_slice5_4_0_synth_1: /home/advent/Desktop/RC19/_x/link/vivado/vpl/prj/prj.runs/bd_85ad_slice5_4_0_synth_1/runme.log
bd_85ad_interconnect7_5_0_synth_1: /home/advent/Desktop/RC19/_x/link/vivado/vpl/prj/prj.runs/bd_85ad_interconnect7_5_0_synth_1/runme.log
bd_85ad_vip_S08_0_synth_1: /home/advent/Desktop/RC19/_x/link/vivado/vpl/prj/prj.runs/bd_85ad_vip_S08_0_synth_1/runme.log
bd_85ad_vip_S09_0_synth_1: /home/advent/Desktop/RC19/_x/link/vivado/vpl/prj/prj.runs/bd_85ad_vip_S09_0_synth_1/runme.log
bd_85ad_vip_S00_0_synth_1: /home/advent/Desktop/RC19/_x/link/vivado/vpl/prj/prj.runs/bd_85ad_vip_S00_0_synth_1/runme.log
bd_85ad_axi_apb_bridge_inst_0_synth_1: /home/advent/Desktop/RC19/_x/link/vivado/vpl/prj/prj.runs/bd_85ad_axi_apb_bridge_inst_0_synth_1/runme.log
bd_85ad_interconnect1_0_0_synth_1: /home/advent/Desktop/RC19/_x/link/vivado/vpl/prj/prj.runs/bd_85ad_interconnect1_0_0_synth_1/runme.log
bd_85ad_slice7_5_0_synth_1: /home/advent/Desktop/RC19/_x/link/vivado/vpl/prj/prj.runs/bd_85ad_slice7_5_0_synth_1/runme.log
bd_85ad_interconnect6_6_0_synth_1: /home/advent/Desktop/RC19/_x/link/vivado/vpl/prj/prj.runs/bd_85ad_interconnect6_6_0_synth_1/runme.log
bd_85ad_slice8_7_0_synth_1: /home/advent/Desktop/RC19/_x/link/vivado/vpl/prj/prj.runs/bd_85ad_slice8_7_0_synth_1/runme.log
bd_85ad_interconnect9_8_0_synth_1: /home/advent/Desktop/RC19/_x/link/vivado/vpl/prj/prj.runs/bd_85ad_interconnect9_8_0_synth_1/runme.log
bd_85ad_slice9_8_0_synth_1: /home/advent/Desktop/RC19/_x/link/vivado/vpl/prj/prj.runs/bd_85ad_slice9_8_0_synth_1/runme.log
bd_85ad_interconnect0_10_0_synth_1: /home/advent/Desktop/RC19/_x/link/vivado/vpl/prj/prj.runs/bd_85ad_interconnect0_10_0_synth_1/runme.log
bd_85ad_slice0_10_0_synth_1: /home/advent/Desktop/RC19/_x/link/vivado/vpl/prj/prj.runs/bd_85ad_slice0_10_0_synth_1/runme.log
bd_85ad_init_reduce_0_synth_1: /home/advent/Desktop/RC19/_x/link/vivado/vpl/prj/prj.runs/bd_85ad_init_reduce_0_synth_1/runme.log
ulp_axi_vip_data_0_synth_1: /home/advent/Desktop/RC19/_x/link/vivado/vpl/prj/prj.runs/ulp_axi_vip_data_0_synth_1/runme.log
ulp_ulp_cmp_0_synth_1: /home/advent/Desktop/RC19/_x/link/vivado/vpl/prj/prj.runs/ulp_ulp_cmp_0_synth_1/runme.log
bd_097b_build_info_0_synth_1: /home/advent/Desktop/RC19/_x/link/vivado/vpl/prj/prj.runs/bd_097b_build_info_0_synth_1/runme.log
bd_097b_user_debug_bridge_0_synth_1: /home/advent/Desktop/RC19/_x/link/vivado/vpl/prj/prj.runs/bd_097b_user_debug_bridge_0_synth_1/runme.log
bd_7cf0_axi_jtag_0_synth_1: /home/advent/Desktop/RC19/_x/link/vivado/vpl/prj/prj.runs/bd_7cf0_axi_jtag_0_synth_1/runme.log
bd_7cf0_bsip_0_synth_1: /home/advent/Desktop/RC19/_x/link/vivado/vpl/prj/prj.runs/bd_7cf0_bsip_0_synth_1/runme.log
bd_7cf0_bs_switch_1_0_synth_1: /home/advent/Desktop/RC19/_x/link/vivado/vpl/prj/prj.runs/bd_7cf0_bs_switch_1_0_synth_1/runme.log
bd_097b_user_debug_hub_0_synth_1: /home/advent/Desktop/RC19/_x/link/vivado/vpl/prj/prj.runs/bd_097b_user_debug_hub_0_synth_1/runme.log
bd_58f6_xsdbm_0_synth_1: /home/advent/Desktop/RC19/_x/link/vivado/vpl/prj/prj.runs/bd_58f6_xsdbm_0_synth_1/runme.log
bd_58f6_lut_buffer_0_synth_1: /home/advent/Desktop/RC19/_x/link/vivado/vpl/prj/prj.runs/bd_58f6_lut_buffer_0_synth_1/runme.log
ulp_ii_level0_wire_0_synth_1: /home/advent/Desktop/RC19/_x/link/vivado/vpl/prj/prj.runs/ulp_ii_level0_wire_0_synth_1/runme.log
ulp_ulp_ucs_0_synth_1: /home/advent/Desktop/RC19/_x/link/vivado/vpl/prj/prj.runs/ulp_ulp_ucs_0_synth_1/runme.log
bd_22c0_clkwiz_aclk_kernel_00_0_synth_1: /home/advent/Desktop/RC19/_x/link/vivado/vpl/prj/prj.runs/bd_22c0_clkwiz_aclk_kernel_00_0_synth_1/runme.log
bd_22c0_clock_throttling_aclk_kernel_00_0_synth_1: /home/advent/Desktop/RC19/_x/link/vivado/vpl/prj/prj.runs/bd_22c0_clock_throttling_aclk_kernel_00_0_synth_1/runme.log
bd_22c0_fanout_aresetn_kernel_00_slr0_1_0_synth_1: /home/advent/Desktop/RC19/_x/link/vivado/vpl/prj/prj.runs/bd_22c0_fanout_aresetn_kernel_00_slr0_1_0_synth_1/runme.log
bd_22c0_fanout_aresetn_kernel_00_slr0_2_0_synth_1: /home/advent/Desktop/RC19/_x/link/vivado/vpl/prj/prj.runs/bd_22c0_fanout_aresetn_kernel_00_slr0_2_0_synth_1/runme.log
bd_22c0_fanout_aresetn_kernel_00_slr0_3_0_synth_1: /home/advent/Desktop/RC19/_x/link/vivado/vpl/prj/prj.runs/bd_22c0_fanout_aresetn_kernel_00_slr0_3_0_synth_1/runme.log
bd_22c0_fanout_aresetn_kernel_00_slr0_4_0_synth_1: /home/advent/Desktop/RC19/_x/link/vivado/vpl/prj/prj.runs/bd_22c0_fanout_aresetn_kernel_00_slr0_4_0_synth_1/runme.log
bd_22c0_fanout_aresetn_kernel_00_slr1_1_0_synth_1: /home/advent/Desktop/RC19/_x/link/vivado/vpl/prj/prj.runs/bd_22c0_fanout_aresetn_kernel_00_slr1_1_0_synth_1/runme.log
bd_22c0_fanout_aresetn_kernel_00_slr1_2_0_synth_1: /home/advent/Desktop/RC19/_x/link/vivado/vpl/prj/prj.runs/bd_22c0_fanout_aresetn_kernel_00_slr1_2_0_synth_1/runme.log
bd_22c0_fanout_aresetn_kernel_00_slr1_3_0_synth_1: /home/advent/Desktop/RC19/_x/link/vivado/vpl/prj/prj.runs/bd_22c0_fanout_aresetn_kernel_00_slr1_3_0_synth_1/runme.log
bd_22c0_fanout_aresetn_kernel_00_slr1_4_0_synth_1: /home/advent/Desktop/RC19/_x/link/vivado/vpl/prj/prj.runs/bd_22c0_fanout_aresetn_kernel_00_slr1_4_0_synth_1/runme.log
bd_22c0_fanout_aresetn_kernel_00_slr2_1_0_synth_1: /home/advent/Desktop/RC19/_x/link/vivado/vpl/prj/prj.runs/bd_22c0_fanout_aresetn_kernel_00_slr2_1_0_synth_1/runme.log
bd_22c0_fanout_aresetn_kernel_00_slr2_2_0_synth_1: /home/advent/Desktop/RC19/_x/link/vivado/vpl/prj/prj.runs/bd_22c0_fanout_aresetn_kernel_00_slr2_2_0_synth_1/runme.log
bd_22c0_fanout_aresetn_kernel_00_slr2_3_0_synth_1: /home/advent/Desktop/RC19/_x/link/vivado/vpl/prj/prj.runs/bd_22c0_fanout_aresetn_kernel_00_slr2_3_0_synth_1/runme.log
bd_22c0_fanout_aresetn_kernel_00_slr2_4_0_synth_1: /home/advent/Desktop/RC19/_x/link/vivado/vpl/prj/prj.runs/bd_22c0_fanout_aresetn_kernel_00_slr2_4_0_synth_1/runme.log
bd_22c0_psreset_kernel_00_0_synth_1: /home/advent/Desktop/RC19/_x/link/vivado/vpl/prj/prj.runs/bd_22c0_psreset_kernel_00_0_synth_1/runme.log
bd_22c0_aclk_kernel_01_adapt_0_synth_1: /home/advent/Desktop/RC19/_x/link/vivado/vpl/prj/prj.runs/bd_22c0_aclk_kernel_01_adapt_0_synth_1/runme.log
bd_22c0_clock_throttling_avg_0_synth_1: /home/advent/Desktop/RC19/_x/link/vivado/vpl/prj/prj.runs/bd_22c0_clock_throttling_avg_0_synth_1/runme.log
bd_22c0_gpio_ucs_control_status_0_synth_1: /home/advent/Desktop/RC19/_x/link/vivado/vpl/prj/prj.runs/bd_22c0_gpio_ucs_control_status_0_synth_1/runme.log
bd_22c0_clock_shutdown_latch_0_synth_1: /home/advent/Desktop/RC19/_x/link/vivado/vpl/prj/prj.runs/bd_22c0_clock_shutdown_latch_0_synth_1/runme.log
bd_22c0_fanout_aresetn_pcie_slr0_1_0_synth_1: /home/advent/Desktop/RC19/_x/link/vivado/vpl/prj/prj.runs/bd_22c0_fanout_aresetn_pcie_slr0_1_0_synth_1/runme.log
bd_22c0_fanout_aresetn_pcie_slr0_2_0_synth_1: /home/advent/Desktop/RC19/_x/link/vivado/vpl/prj/prj.runs/bd_22c0_fanout_aresetn_pcie_slr0_2_0_synth_1/runme.log
bd_22c0_fanout_aresetn_pcie_slr0_3_0_synth_1: /home/advent/Desktop/RC19/_x/link/vivado/vpl/prj/prj.runs/bd_22c0_fanout_aresetn_pcie_slr0_3_0_synth_1/runme.log
bd_22c0_fanout_aresetn_pcie_slr0_4_0_synth_1: /home/advent/Desktop/RC19/_x/link/vivado/vpl/prj/prj.runs/bd_22c0_fanout_aresetn_pcie_slr0_4_0_synth_1/runme.log
bd_22c0_fanout_aresetn_pcie_slr1_1_0_synth_1: /home/advent/Desktop/RC19/_x/link/vivado/vpl/prj/prj.runs/bd_22c0_fanout_aresetn_pcie_slr1_1_0_synth_1/runme.log
bd_22c0_fanout_aresetn_pcie_slr1_2_0_synth_1: /home/advent/Desktop/RC19/_x/link/vivado/vpl/prj/prj.runs/bd_22c0_fanout_aresetn_pcie_slr1_2_0_synth_1/runme.log
bd_22c0_fanout_aresetn_pcie_slr1_3_0_synth_1: /home/advent/Desktop/RC19/_x/link/vivado/vpl/prj/prj.runs/bd_22c0_fanout_aresetn_pcie_slr1_3_0_synth_1/runme.log
bd_22c0_fanout_aresetn_pcie_slr1_4_0_synth_1: /home/advent/Desktop/RC19/_x/link/vivado/vpl/prj/prj.runs/bd_22c0_fanout_aresetn_pcie_slr1_4_0_synth_1/runme.log
bd_22c0_fanout_aresetn_pcie_slr2_1_0_synth_1: /home/advent/Desktop/RC19/_x/link/vivado/vpl/prj/prj.runs/bd_22c0_fanout_aresetn_pcie_slr2_1_0_synth_1/runme.log
bd_22c0_fanout_aresetn_pcie_slr2_2_0_synth_1: /home/advent/Desktop/RC19/_x/link/vivado/vpl/prj/prj.runs/bd_22c0_fanout_aresetn_pcie_slr2_2_0_synth_1/runme.log
bd_22c0_fanout_aresetn_pcie_slr2_3_0_synth_1: /home/advent/Desktop/RC19/_x/link/vivado/vpl/prj/prj.runs/bd_22c0_fanout_aresetn_pcie_slr2_3_0_synth_1/runme.log
bd_22c0_fanout_aresetn_pcie_slr2_4_0_synth_1: /home/advent/Desktop/RC19/_x/link/vivado/vpl/prj/prj.runs/bd_22c0_fanout_aresetn_pcie_slr2_4_0_synth_1/runme.log
bd_22c0_fanout_aresetn_ctrl_slr0_1_0_synth_1: /home/advent/Desktop/RC19/_x/link/vivado/vpl/prj/prj.runs/bd_22c0_fanout_aresetn_ctrl_slr0_1_0_synth_1/runme.log
bd_22c0_fanout_aresetn_ctrl_slr0_2_0_synth_1: /home/advent/Desktop/RC19/_x/link/vivado/vpl/prj/prj.runs/bd_22c0_fanout_aresetn_ctrl_slr0_2_0_synth_1/runme.log
bd_22c0_fanout_aresetn_ctrl_slr0_3_0_synth_1: /home/advent/Desktop/RC19/_x/link/vivado/vpl/prj/prj.runs/bd_22c0_fanout_aresetn_ctrl_slr0_3_0_synth_1/runme.log
bd_22c0_fanout_aresetn_ctrl_slr0_4_0_synth_1: /home/advent/Desktop/RC19/_x/link/vivado/vpl/prj/prj.runs/bd_22c0_fanout_aresetn_ctrl_slr0_4_0_synth_1/runme.log
bd_22c0_fanout_aresetn_ctrl_slr1_1_0_synth_1: /home/advent/Desktop/RC19/_x/link/vivado/vpl/prj/prj.runs/bd_22c0_fanout_aresetn_ctrl_slr1_1_0_synth_1/runme.log
bd_22c0_fanout_aresetn_ctrl_slr1_2_0_synth_1: /home/advent/Desktop/RC19/_x/link/vivado/vpl/prj/prj.runs/bd_22c0_fanout_aresetn_ctrl_slr1_2_0_synth_1/runme.log
bd_22c0_fanout_aresetn_ctrl_slr1_3_0_synth_1: /home/advent/Desktop/RC19/_x/link/vivado/vpl/prj/prj.runs/bd_22c0_fanout_aresetn_ctrl_slr1_3_0_synth_1/runme.log
bd_22c0_fanout_aresetn_ctrl_slr1_4_0_synth_1: /home/advent/Desktop/RC19/_x/link/vivado/vpl/prj/prj.runs/bd_22c0_fanout_aresetn_ctrl_slr1_4_0_synth_1/runme.log
bd_22c0_fanout_aresetn_ctrl_slr2_1_0_synth_1: /home/advent/Desktop/RC19/_x/link/vivado/vpl/prj/prj.runs/bd_22c0_fanout_aresetn_ctrl_slr2_1_0_synth_1/runme.log
bd_22c0_fanout_aresetn_ctrl_slr2_2_0_synth_1: /home/advent/Desktop/RC19/_x/link/vivado/vpl/prj/prj.runs/bd_22c0_fanout_aresetn_ctrl_slr2_2_0_synth_1/runme.log
bd_22c0_gpio_gapping_demand_0_synth_1: /home/advent/Desktop/RC19/_x/link/vivado/vpl/prj/prj.runs/bd_22c0_gpio_gapping_demand_0_synth_1/runme.log
bd_22c0_gapping_demand_update_0_synth_1: /home/advent/Desktop/RC19/_x/link/vivado/vpl/prj/prj.runs/bd_22c0_gapping_demand_update_0_synth_1/runme.log
bd_22c0_gapping_demand_toggle_0_synth_1: /home/advent/Desktop/RC19/_x/link/vivado/vpl/prj/prj.runs/bd_22c0_gapping_demand_toggle_0_synth_1/runme.log
bd_22c0_xbar_0_synth_1: /home/advent/Desktop/RC19/_x/link/vivado/vpl/prj/prj.runs/bd_22c0_xbar_0_synth_1/runme.log
bd_22c0_build_info_0_synth_1: /home/advent/Desktop/RC19/_x/link/vivado/vpl/prj/prj.runs/bd_22c0_build_info_0_synth_1/runme.log
bd_22c0_fanout_aresetn_ctrl_slr2_3_0_synth_1: /home/advent/Desktop/RC19/_x/link/vivado/vpl/prj/prj.runs/bd_22c0_fanout_aresetn_ctrl_slr2_3_0_synth_1/runme.log
bd_22c0_fanout_aresetn_ctrl_slr2_4_0_synth_1: /home/advent/Desktop/RC19/_x/link/vivado/vpl/prj/prj.runs/bd_22c0_fanout_aresetn_ctrl_slr2_4_0_synth_1/runme.log
bd_22c0_clk_hbm_adapt_0_synth_1: /home/advent/Desktop/RC19/_x/link/vivado/vpl/prj/prj.runs/bd_22c0_clk_hbm_adapt_0_synth_1/runme.log
bd_22c0_clkwiz_hbm_0_synth_1: /home/advent/Desktop/RC19/_x/link/vivado/vpl/prj/prj.runs/bd_22c0_clkwiz_hbm_0_synth_1/runme.log
bd_22c0_fanout_aresetn_hbm_0_synth_1: /home/advent/Desktop/RC19/_x/link/vivado/vpl/prj/prj.runs/bd_22c0_fanout_aresetn_hbm_0_synth_1/runme.log
bd_22c0_psreset_hbm_0_synth_1: /home/advent/Desktop/RC19/_x/link/vivado/vpl/prj/prj.runs/bd_22c0_psreset_hbm_0_synth_1/runme.log
bd_22c0_xbar_1_synth_1: /home/advent/Desktop/RC19/_x/link/vivado/vpl/prj/prj.runs/bd_22c0_xbar_1_synth_1/runme.log
bd_22c0_frequency_counter_aclk_0_synth_1: /home/advent/Desktop/RC19/_x/link/vivado/vpl/prj/prj.runs/bd_22c0_frequency_counter_aclk_0_synth_1/runme.log
bd_22c0_frequency_counter_aclk_hbm_0_synth_1: /home/advent/Desktop/RC19/_x/link/vivado/vpl/prj/prj.runs/bd_22c0_frequency_counter_aclk_hbm_0_synth_1/runme.log
bd_22c0_frequency_counter_aclk_kernel_00_0_synth_1: /home/advent/Desktop/RC19/_x/link/vivado/vpl/prj/prj.runs/bd_22c0_frequency_counter_aclk_kernel_00_0_synth_1/runme.log
bd_22c0_frequency_counter_aclk_kernel_01_0_synth_1: /home/advent/Desktop/RC19/_x/link/vivado/vpl/prj/prj.runs/bd_22c0_frequency_counter_aclk_kernel_01_0_synth_1/runme.log
bd_22c0_psreset_aclk_freerun_0_synth_1: /home/advent/Desktop/RC19/_x/link/vivado/vpl/prj/prj.runs/bd_22c0_psreset_aclk_freerun_0_synth_1/runme.log
bd_22c0_aclk_kernel_00_adapt_0_synth_1: /home/advent/Desktop/RC19/_x/link/vivado/vpl/prj/prj.runs/bd_22c0_aclk_kernel_00_adapt_0_synth_1/runme.log
bd_22c0_aclk_kernel_00_cont_adapt_0_synth_1: /home/advent/Desktop/RC19/_x/link/vivado/vpl/prj/prj.runs/bd_22c0_aclk_kernel_00_cont_adapt_0_synth_1/runme.log
bd_22c0_aclk_kernel_01_cont_adapt_0_synth_1: /home/advent/Desktop/RC19/_x/link/vivado/vpl/prj/prj.runs/bd_22c0_aclk_kernel_01_cont_adapt_0_synth_1/runme.log
bd_22c0_clkwiz_aclk_kernel_01_0_synth_1: /home/advent/Desktop/RC19/_x/link/vivado/vpl/prj/prj.runs/bd_22c0_clkwiz_aclk_kernel_01_0_synth_1/runme.log
bd_22c0_clock_throttling_aclk_kernel_01_0_synth_1: /home/advent/Desktop/RC19/_x/link/vivado/vpl/prj/prj.runs/bd_22c0_clock_throttling_aclk_kernel_01_0_synth_1/runme.log
bd_22c0_fanout_aresetn_kernel_01_slr0_1_0_synth_1: /home/advent/Desktop/RC19/_x/link/vivado/vpl/prj/prj.runs/bd_22c0_fanout_aresetn_kernel_01_slr0_1_0_synth_1/runme.log
bd_22c0_fanout_aresetn_kernel_01_slr0_2_0_synth_1: /home/advent/Desktop/RC19/_x/link/vivado/vpl/prj/prj.runs/bd_22c0_fanout_aresetn_kernel_01_slr0_2_0_synth_1/runme.log
bd_22c0_fanout_aresetn_kernel_01_slr0_3_0_synth_1: /home/advent/Desktop/RC19/_x/link/vivado/vpl/prj/prj.runs/bd_22c0_fanout_aresetn_kernel_01_slr0_3_0_synth_1/runme.log
bd_22c0_fanout_aresetn_kernel_01_slr0_4_0_synth_1: /home/advent/Desktop/RC19/_x/link/vivado/vpl/prj/prj.runs/bd_22c0_fanout_aresetn_kernel_01_slr0_4_0_synth_1/runme.log
bd_22c0_fanout_aresetn_kernel_01_slr1_1_0_synth_1: /home/advent/Desktop/RC19/_x/link/vivado/vpl/prj/prj.runs/bd_22c0_fanout_aresetn_kernel_01_slr1_1_0_synth_1/runme.log
bd_22c0_fanout_aresetn_kernel_01_slr1_2_0_synth_1: /home/advent/Desktop/RC19/_x/link/vivado/vpl/prj/prj.runs/bd_22c0_fanout_aresetn_kernel_01_slr1_2_0_synth_1/runme.log
bd_22c0_fanout_aresetn_kernel_01_slr1_3_0_synth_1: /home/advent/Desktop/RC19/_x/link/vivado/vpl/prj/prj.runs/bd_22c0_fanout_aresetn_kernel_01_slr1_3_0_synth_1/runme.log
bd_22c0_fanout_aresetn_kernel_01_slr1_4_0_synth_1: /home/advent/Desktop/RC19/_x/link/vivado/vpl/prj/prj.runs/bd_22c0_fanout_aresetn_kernel_01_slr1_4_0_synth_1/runme.log
bd_22c0_fanout_aresetn_kernel_01_slr2_1_0_synth_1: /home/advent/Desktop/RC19/_x/link/vivado/vpl/prj/prj.runs/bd_22c0_fanout_aresetn_kernel_01_slr2_1_0_synth_1/runme.log
bd_22c0_fanout_aresetn_kernel_01_slr2_2_0_synth_1: /home/advent/Desktop/RC19/_x/link/vivado/vpl/prj/prj.runs/bd_22c0_fanout_aresetn_kernel_01_slr2_2_0_synth_1/runme.log
bd_22c0_fanout_aresetn_kernel_01_slr2_3_0_synth_1: /home/advent/Desktop/RC19/_x/link/vivado/vpl/prj/prj.runs/bd_22c0_fanout_aresetn_kernel_01_slr2_3_0_synth_1/runme.log
bd_22c0_fanout_aresetn_kernel_01_slr2_4_0_synth_1: /home/advent/Desktop/RC19/_x/link/vivado/vpl/prj/prj.runs/bd_22c0_fanout_aresetn_kernel_01_slr2_4_0_synth_1/runme.log
bd_22c0_psreset_kernel_01_0_synth_1: /home/advent/Desktop/RC19/_x/link/vivado/vpl/prj/prj.runs/bd_22c0_psreset_kernel_01_0_synth_1/runme.log
bd_22c0_auto_cc_0_synth_1: /home/advent/Desktop/RC19/_x/link/vivado/vpl/prj/prj.runs/bd_22c0_auto_cc_0_synth_1/runme.log
ulp_proc_sys_reset_ctrl_slr0_0_synth_1: /home/advent/Desktop/RC19/_x/link/vivado/vpl/prj/prj.runs/ulp_proc_sys_reset_ctrl_slr0_0_synth_1/runme.log
ulp_proc_sys_reset_ctrl_slr1_0_synth_1: /home/advent/Desktop/RC19/_x/link/vivado/vpl/prj/prj.runs/ulp_proc_sys_reset_ctrl_slr1_0_synth_1/runme.log
ulp_proc_sys_reset_ctrl_slr2_0_synth_1: /home/advent/Desktop/RC19/_x/link/vivado/vpl/prj/prj.runs/ulp_proc_sys_reset_ctrl_slr2_0_synth_1/runme.log
ulp_proc_sys_reset_kernel_slr0_0_synth_1: /home/advent/Desktop/RC19/_x/link/vivado/vpl/prj/prj.runs/ulp_proc_sys_reset_kernel_slr0_0_synth_1/runme.log
ulp_proc_sys_reset_kernel_slr1_0_synth_1: /home/advent/Desktop/RC19/_x/link/vivado/vpl/prj/prj.runs/ulp_proc_sys_reset_kernel_slr1_0_synth_1/runme.log
ulp_proc_sys_reset_kernel_slr2_0_synth_1: /home/advent/Desktop/RC19/_x/link/vivado/vpl/prj/prj.runs/ulp_proc_sys_reset_kernel_slr2_0_synth_1/runme.log
ulp_proc_sys_reset_kernel2_slr0_0_synth_1: /home/advent/Desktop/RC19/_x/link/vivado/vpl/prj/prj.runs/ulp_proc_sys_reset_kernel2_slr0_0_synth_1/runme.log
ulp_proc_sys_reset_kernel2_slr1_0_synth_1: /home/advent/Desktop/RC19/_x/link/vivado/vpl/prj/prj.runs/ulp_proc_sys_reset_kernel2_slr1_0_synth_1/runme.log
ulp_proc_sys_reset_kernel2_slr2_0_synth_1: /home/advent/Desktop/RC19/_x/link/vivado/vpl/prj/prj.runs/ulp_proc_sys_reset_kernel2_slr2_0_synth_1/runme.log
ulp_proc_sys_reset_freerun_slr0_0_synth_1: /home/advent/Desktop/RC19/_x/link/vivado/vpl/prj/prj.runs/ulp_proc_sys_reset_freerun_slr0_0_synth_1/runme.log
ulp_proc_sys_reset_freerun_slr1_0_synth_1: /home/advent/Desktop/RC19/_x/link/vivado/vpl/prj/prj.runs/ulp_proc_sys_reset_freerun_slr1_0_synth_1/runme.log
ulp_proc_sys_reset_freerun_slr2_0_synth_1: /home/advent/Desktop/RC19/_x/link/vivado/vpl/prj/prj.runs/ulp_proc_sys_reset_freerun_slr2_0_synth_1/runme.log
ulp_axi_gpio_null_0_synth_1: /home/advent/Desktop/RC19/_x/link/vivado/vpl/prj/prj.runs/ulp_axi_gpio_null_0_synth_1/runme.log
ulp_axi_vip_ctrl_userpf_0_synth_1: /home/advent/Desktop/RC19/_x/link/vivado/vpl/prj/prj.runs/ulp_axi_vip_ctrl_userpf_0_synth_1/runme.log
ulp_regslice_control_userpf_0_synth_1: /home/advent/Desktop/RC19/_x/link/vivado/vpl/prj/prj.runs/ulp_regslice_control_userpf_0_synth_1/runme.log
ulp_axi_gpio_null_1_synth_1: /home/advent/Desktop/RC19/_x/link/vivado/vpl/prj/prj.runs/ulp_axi_gpio_null_1_synth_1/runme.log
ulp_axi_vip_ctrl_userpf_1_synth_1: /home/advent/Desktop/RC19/_x/link/vivado/vpl/prj/prj.runs/ulp_axi_vip_ctrl_userpf_1_synth_1/runme.log
ulp_regslice_control_userpf_1_synth_1: /home/advent/Desktop/RC19/_x/link/vivado/vpl/prj/prj.runs/ulp_regslice_control_userpf_1_synth_1/runme.log
ulp_axi_gpio_null_2_synth_1: /home/advent/Desktop/RC19/_x/link/vivado/vpl/prj/prj.runs/ulp_axi_gpio_null_2_synth_1/runme.log
ulp_axi_vip_ctrl_userpf_2_synth_1: /home/advent/Desktop/RC19/_x/link/vivado/vpl/prj/prj.runs/ulp_axi_vip_ctrl_userpf_2_synth_1/runme.log
ulp_regslice_control_userpf_2_synth_1: /home/advent/Desktop/RC19/_x/link/vivado/vpl/prj/prj.runs/ulp_regslice_control_userpf_2_synth_1/runme.log
ulp_auto_cc_3_synth_1: /home/advent/Desktop/RC19/_x/link/vivado/vpl/prj/prj.runs/ulp_auto_cc_3_synth_1/runme.log
ulp_m04_regslice_0_synth_1: /home/advent/Desktop/RC19/_x/link/vivado/vpl/prj/prj.runs/ulp_m04_regslice_0_synth_1/runme.log
ulp_auto_cc_4_synth_1: /home/advent/Desktop/RC19/_x/link/vivado/vpl/prj/prj.runs/ulp_auto_cc_4_synth_1/runme.log
ulp_s00_regslice_16_synth_1: /home/advent/Desktop/RC19/_x/link/vivado/vpl/prj/prj.runs/ulp_s00_regslice_16_synth_1/runme.log
ulp_auto_cc_5_synth_1: /home/advent/Desktop/RC19/_x/link/vivado/vpl/prj/prj.runs/ulp_auto_cc_5_synth_1/runme.log
ulp_s00_regslice_17_synth_1: /home/advent/Desktop/RC19/_x/link/vivado/vpl/prj/prj.runs/ulp_s00_regslice_17_synth_1/runme.log
ulp_auto_cc_6_synth_1: /home/advent/Desktop/RC19/_x/link/vivado/vpl/prj/prj.runs/ulp_auto_cc_6_synth_1/runme.log
ulp_xbar_0_synth_1: /home/advent/Desktop/RC19/_x/link/vivado/vpl/prj/prj.runs/ulp_xbar_0_synth_1/runme.log
ulp_attention_score_u55c_kernel_1_0_synth_1: /home/advent/Desktop/RC19/_x/link/vivado/vpl/prj/prj.runs/ulp_attention_score_u55c_kernel_1_0_synth_1/runme.log
ulp_causal_mask_u55c_kernel_1_0_synth_1: /home/advent/Desktop/RC19/_x/link/vivado/vpl/prj/prj.runs/ulp_causal_mask_u55c_kernel_1_0_synth_1/runme.log
ulp_score_scale_u55c_kernel_1_0_synth_1: /home/advent/Desktop/RC19/_x/link/vivado/vpl/prj/prj.runs/ulp_score_scale_u55c_kernel_1_0_synth_1/runme.log
ulp_softmax_u55c_kernel_1_0_synth_1: /home/advent/Desktop/RC19/_x/link/vivado/vpl/prj/prj.runs/ulp_softmax_u55c_kernel_1_0_synth_1/runme.log
ulp_xbar_1_synth_1: /home/advent/Desktop/RC19/_x/link/vivado/vpl/prj/prj.runs/ulp_xbar_1_synth_1/runme.log
ulp_m03_regslice_0_synth_1: /home/advent/Desktop/RC19/_x/link/vivado/vpl/prj/prj.runs/ulp_m03_regslice_0_synth_1/runme.log
ulp_auto_cc_2_synth_1: /home/advent/Desktop/RC19/_x/link/vivado/vpl/prj/prj.runs/ulp_auto_cc_2_synth_1/runme.log
ulp_m02_regslice_0_synth_1: /home/advent/Desktop/RC19/_x/link/vivado/vpl/prj/prj.runs/ulp_m02_regslice_0_synth_1/runme.log
ulp_auto_cc_1_synth_1: /home/advent/Desktop/RC19/_x/link/vivado/vpl/prj/prj.runs/ulp_auto_cc_1_synth_1/runme.log
ulp_m01_regslice_0_synth_1: /home/advent/Desktop/RC19/_x/link/vivado/vpl/prj/prj.runs/ulp_m01_regslice_0_synth_1/runme.log
ulp_auto_cc_0_synth_1: /home/advent/Desktop/RC19/_x/link/vivado/vpl/prj/prj.runs/ulp_auto_cc_0_synth_1/runme.log
ulp_s00_regslice_15_synth_1: /home/advent/Desktop/RC19/_x/link/vivado/vpl/prj/prj.runs/ulp_s00_regslice_15_synth_1/runme.log
ulp_m00_regslice_0_synth_1: /home/advent/Desktop/RC19/_x/link/vivado/vpl/prj/prj.runs/ulp_m00_regslice_0_synth_1/runme.log
[Mon Apr 27 18:45:17 2026] Launched my_rm_synth_1...
Run output will be captured here: /home/advent/Desktop/RC19/_x/link/vivado/vpl/prj/prj.runs/my_rm_synth_1/runme.log
launch_runs: Time (s): cpu = 00:00:04 ; elapsed = 00:00:05 . Memory (MB): peak = 5084.203 ; gain = 0.000 ; free physical = 6950 ; free virtual = 23864
[Mon Apr 27 18:45:17 2026] Waiting for my_rm_synth_1 to finish...

*** Running vivado
    with args -log ulp.vds -m64 -product Vivado -mode batch -messageDb vivado.pb -notrace -source ulp.tcl


****** Vivado v2022.2 (64-bit)
  **** SW Build 3671981 on Fri Oct 14 04:59:54 MDT 2022
  **** IP Build 3669848 on Fri Oct 14 08:30:02 MDT 2022
    ** Copyright 1986-2022 Xilinx, Inc. All Rights Reserved.

source ulp.tcl -notrace
INFO: Dispatch client connection id - 37729
INFO: [IP_Flow 19-234] Refreshing IP repositories
INFO: [IP_Flow 19-1700] Loaded user IP repository '/home/advent/Desktop/RC19/_x/link/int/xo/ip_repo/xilinx_com_hls_softmax_u55c_kernel_1_0'.
INFO: [IP_Flow 19-1700] Loaded user IP repository '/home/advent/Desktop/RC19/_x/link/int/xo/ip_repo/xilinx_com_hls_attention_score_u55c_kernel_1_0'.
INFO: [IP_Flow 19-1700] Loaded user IP repository '/home/advent/Desktop/RC19/_x/link/int/xo/ip_repo/xilinx_com_hls_causal_mask_u55c_kernel_1_0'.
INFO: [IP_Flow 19-1700] Loaded user IP repository '/home/advent/Desktop/RC19/_x/link/int/xo/ip_repo/xilinx_com_hls_score_scale_u55c_kernel_1_0'.
INFO: [IP_Flow 19-1700] Loaded user IP repository '/home/advent/Desktop/RC19/_x/link/vivado/vpl/.local/hw_platform/iprepo'.
INFO: [IP_Flow 19-1700] Loaded user IP repository '/home/advent/Desktop/RC19/_x/link/vivado/vpl/.local/hw_platform/ipcache'.
INFO: [IP_Flow 19-1700] Loaded user IP repository '/home/advent/Vivado/Vitis/2022.2/data/ip'.
INFO: [IP_Flow 19-2313] Loaded Vivado IP repository '/home/advent/Vivado/Vivado/2022.2/data/ip'.
WARNING: [IP_Flow 19-1663] Duplicate IP found for 'xilinx.com:ip:clk_metadata_adapter:1.0'. The one found in IP location '/home/advent/Desktop/RC19/_x/link/vivado/vpl/.local/hw_platform/iprepo/ipdefs/pxi_ii_infra/clk_metadata_adapter_v1_0' will take precedence over the same IP in location /home/advent/Desktop/RC19/_x/link/vivado/vpl/.local/hw_platform/iprepo/ipdefs/other_ipdefs/clk_metadata_adapter_v1_0
WARNING: [IP_Flow 19-1663] Duplicate IP found for 'xilinx.com:ip:pipeline_reg:1.0'. The one found in IP location '/home/advent/Desktop/RC19/_x/link/vivado/vpl/.local/hw_platform/iprepo/ipdefs/pxi_ii_infra/pipeline_reg_v1_0' will take precedence over the same IP in location /home/advent/Desktop/RC19/_x/link/vivado/vpl/.local/hw_platform/iprepo/ipdefs/other_ipdefs/pipeline_reg_v1_0
WARNING: [IP_Flow 19-1663] Duplicate IP found for 'xilinx.com:ip:axi_clk_metadata_adapter:1.0'. The one found in IP location '/home/advent/Desktop/RC19/_x/link/vivado/vpl/.local/hw_platform/iprepo/ipdefs/other_ipdefs/axi_clk_metadata_adapter_v1_0' will take precedence over the same IP in location /home/advent/Desktop/RC19/_x/link/vivado/vpl/.local/hw_platform/iprepo/ipdefs/pxi_ii_infra/axi_clk_metadata_adapter_v1_0
WARNING: [IP_Flow 19-1663] Duplicate IP found for 'xilinx.com:ip:shell_utils_build_info:1.0'. The one found in IP location '/home/advent/Desktop/RC19/_x/link/vivado/vpl/.local/hw_platform/iprepo/ipdefs/other_ipdefs/shell_utils_build_info_v1_0' will take precedence over the same IP in the Xilinx installed IP.
WARNING: [IP_Flow 19-1663] Duplicate IP found for 'xilinx.com:ip:axis_clk_metadata_adapter:1.0'. The one found in IP location '/home/advent/Desktop/RC19/_x/link/vivado/vpl/.local/hw_platform/iprepo/ipdefs/other_ipdefs/axis_clk_metadata_adapter_v1_0' will take precedence over the same IP in location /home/advent/Desktop/RC19/_x/link/vivado/vpl/.local/hw_platform/iprepo/ipdefs/pxi_ii_infra/axis_clk_metadata_adapter_v1_0
WARNING: [BD 41-2576] File '/home/advent/Desktop/RC19/_x/link/vivado/vpl/prj/prj.gen/my_rm/bd/ulp/ulp_sim_netlist.vhdl' referenced by design 'ulp' could not be found.
WARNING: [BD 41-2576] File '/home/advent/Desktop/RC19/_x/link/vivado/vpl/prj/prj.gen/my_rm/bd/ulp/ulp_sim_netlist.v' referenced by design 'ulp' could not be found.
WARNING: [BD 41-2576] File '/home/advent/Desktop/RC19/_x/link/vivado/vpl/prj/prj.gen/my_rm/bd/ulp/ulp_stub.vhdl' referenced by design 'ulp' could not be found.
WARNING: [BD 41-2576] File '/home/advent/Desktop/RC19/_x/link/vivado/vpl/prj/prj.gen/my_rm/bd/ulp/ulp_stub.v' referenced by design 'ulp' could not be found.
WARNING: [BD 41-2576] File '/home/advent/Desktop/RC19/_x/link/vivado/vpl/prj/prj.gen/my_rm/bd/ulp/ulp.dcp' referenced by design 'ulp' could not be found.
add_files: Time (s): cpu = 00:00:05 ; elapsed = 00:00:05 . Memory (MB): peak = 1547.621 ; gain = 148.867 ; free physical = 19702 ; free virtual = 24732
Command: synth_design -top ulp -part xcu55c-fsvh2892-2L-e -incremental_mode off -mode out_of_context
Starting synth_design
WARNING: [Vivado_Tcl 4-393] The 'Synthesis' target of the following IPs are stale, please generate the output products using the generate_target or synth_ip command before running synth_design.
/home/advent/Desktop/RC19/_x/link/vivado/vpl/prj/prj.srcs/my_rm/bd/ulp/ulp.bd

WARNING: [Vivado_Tcl 4-393] The 'Implementation' target of the following IPs are stale, please generate the output products using the generate_target or synth_ip command before running synth_design.
/home/advent/Desktop/RC19/_x/link/vivado/vpl/prj/prj.srcs/my_rm/bd/ulp/ulp.bd

Attempting to get a license for feature 'Synthesis' and/or device 'xcu55c'
INFO: [Common 17-349] Got license for feature 'Synthesis' and/or device 'xcu55c'
INFO: [Device 21-403] Loading part xcu55c-fsvh2892-2L-e
INFO: [Synth 8-7079] Multithreading enabled for synth_design using a maximum of 1 processes.
INFO: [Synth 8-7078] Launching helper process for spawning children vivado processes
INFO: [Synth 8-7075] Helper process launched with PID 76897
INFO: [Synth 8-11241] undeclared symbol 'REGCCE', assumed default net type 'wire' [/home/advent/Vivado/Vivado/2022.2/data/verilog/src/unimacro/BRAM_SINGLE_MACRO.v:2170]
---------------------------------------------------------------------------------
Starting RTL Elaboration : Time (s): cpu = 00:00:02 ; elapsed = 00:00:02 . Memory (MB): peak = 3240.980 ; gain = 355.766 ; free physical = 17939 ; free virtual = 22971
Synthesis current peak Physical Memory [PSS] (MB): peak = 2687.929; parent = 2480.074; children = 207.854
Synthesis current peak Virtual Memory [VSS] (MB): peak = 4223.617; parent = 3253.859; children = 969.758
---------------------------------------------------------------------------------
INFO: [Synth 8-6157] synthesizing module 'ulp' [/home/advent/Desktop/RC19/_x/link/vivado/vpl/prj/prj.gen/my_rm/bd/ulp/synth/ulp.v:3790]
INFO: [Synth 8-6157] synthesizing module 'SLR0_imp_NYMDU0' [/home/advent/Desktop/RC19/_x/link/vivado/vpl/prj/prj.gen/my_rm/bd/ulp/synth/ulp.v:12]
INFO: [Synth 8-6157] synthesizing module 'ulp_axi_gpio_null_0' [/home/advent/Desktop/RC19/_x/link/vivado/vpl/prj/prj.runs/my_rm_synth_1/.Xil/Vivado-76845-advent/realtime/ulp_axi_gpio_null_0_stub.v:5]
INFO: [Synth 8-6155] done synthesizing module 'ulp_axi_gpio_null_0' (0#1) [/home/advent/Desktop/RC19/_x/link/vivado/vpl/prj/prj.runs/my_rm_synth_1/.Xil/Vivado-76845-advent/realtime/ulp_axi_gpio_null_0_stub.v:5]
WARNING: [Synth 8-7071] port 'gpio_io_o' of module 'ulp_axi_gpio_null_0' is unconnected for instance 'axi_gpio_null' [/home/advent/Desktop/RC19/_x/link/vivado/vpl/prj/prj.gen/my_rm/bd/ulp/synth/ulp.v:450]
WARNING: [Synth 8-7071] port 'gpio_io_t' of module 'ulp_axi_gpio_null_0' is unconnected for instance 'axi_gpio_null' [/home/advent/Desktop/RC19/_x/link/vivado/vpl/prj/prj.gen/my_rm/bd/ulp/synth/ulp.v:450]
WARNING: [Synth 8-7023] instance 'axi_gpio_null' of module 'ulp_axi_gpio_null_0' has 22 connections declared, but only 20 given [/home/advent/Desktop/RC19/_x/link/vivado/vpl/prj/prj.gen/my_rm/bd/ulp/synth/ulp.v:450]
INFO: [Synth 8-6157] synthesizing module 'ulp_axi_vip_ctrl_userpf_0' [/home/advent/Desktop/RC19/_x/link/vivado/vpl/prj/prj.runs/my_rm_synth_1/.Xil/Vivado-76845-advent/realtime/ulp_axi_vip_ctrl_userpf_0_stub.v:5]
INFO: [Synth 8-6155] done synthesizing module 'ulp_axi_vip_ctrl_userpf_0' (0#1) [/home/advent/Desktop/RC19/_x/link/vivado/vpl/prj/prj.runs/my_rm_synth_1/.Xil/Vivado-76845-advent/realtime/ulp_axi_vip_ctrl_userpf_0_stub.v:5]
INFO: [Synth 8-6157] synthesizing module 'ulp_interconnect_axilite_user_0' [/home/advent/Desktop/RC19/_x/link/vivado/vpl/prj/prj.gen/my_rm/bd/ulp/synth/ulp.v:6923]
INFO: [Synth 8-6157] synthesizing module 'm00_couplers_imp_G77R79' [/home/advent/Desktop/RC19/_x/link/vivado/vpl/prj/prj.gen/my_rm/bd/ulp/synth/ulp.v:1440]
INFO: [Synth 8-6157] synthesizing module 'ulp_auto_cc_0' [/home/advent/Desktop/RC19/_x/link/vivado/vpl/prj/prj.runs/my_rm_synth_1/.Xil/Vivado-76845-advent/realtime/ulp_auto_cc_0_stub.v:5]
INFO: [Synth 8-6155] done synthesizing module 'ulp_auto_cc_0' (0#1) [/home/advent/Desktop/RC19/_x/link/vivado/vpl/prj/prj.runs/my_rm_synth_1/.Xil/Vivado-76845-advent/realtime/ulp_auto_cc_0_stub.v:5]
INFO: [Synth 8-6157] synthesizing module 'ulp_m00_regslice_0' [/home/advent/Desktop/RC19/_x/link/vivado/vpl/prj/prj.runs/my_rm_synth_1/.Xil/Vivado-76845-advent/realtime/ulp_m00_regslice_0_stub.v:5]
INFO: [Synth 8-6155] done synthesizing module 'ulp_m00_regslice_0' (0#1) [/home/advent/Desktop/RC19/_x/link/vivado/vpl/prj/prj.runs/my_rm_synth_1/.Xil/Vivado-76845-advent/realtime/ulp_m00_regslice_0_stub.v:5]
WARNING: [Synth 8-7071] port 'm_axi_awprot' of module 'ulp_m00_regslice_0' is unconnected for instance 'm00_regslice' [/home/advent/Desktop/RC19/_x/link/vivado/vpl/prj/prj.gen/my_rm/bd/ulp/synth/ulp.v:1665]
WARNING: [Synth 8-7071] port 'm_axi_arprot' of module 'ulp_m00_regslice_0' is unconnected for instance 'm00_regslice' [/home/advent/Desktop/RC19/_x/link/vivado/vpl/prj/prj.gen/my_rm/bd/ulp/synth/ulp.v:1665]
WARNING: [Synth 8-7023] instance 'm00_regslice' of module 'ulp_m00_regslice_0' has 40 connections declared, but only 38 given [/home/advent/Desktop/RC19/_x/link/vivado/vpl/prj/prj.gen/my_rm/bd/ulp/synth/ulp.v:1665]
INFO: [Synth 8-6155] done synthesizing module 'm00_couplers_imp_G77R79' (0#1) [/home/advent/Desktop/RC19/_x/link/vivado/vpl/prj/prj.gen/my_rm/bd/ulp/synth/ulp.v:1440]
INFO: [Synth 8-6157] synthesizing module 'm01_couplers_imp_1SCZP4G' [/home/advent/Desktop/RC19/_x/link/vivado/vpl/prj/prj.gen/my_rm/bd/ulp/synth/ulp.v:1706]
INFO: [Synth 8-6157] synthesizing module 'ulp_auto_cc_1' [/home/advent/Desktop/RC19/_x/link/vivado/vpl/prj/prj.runs/my_rm_synth_1/.Xil/Vivado-76845-advent/realtime/ulp_auto_cc_1_stub.v:5]
INFO: [Synth 8-6155] done synthesizing module 'ulp_auto_cc_1' (0#1) [/home/advent/Desktop/RC19/_x/link/vivado/vpl/prj/prj.runs/my_rm_synth_1/.Xil/Vivado-76845-advent/realtime/ulp_auto_cc_1_stub.v:5]
INFO: [Synth 8-6157] synthesizing module 'ulp_m01_regslice_0' [/home/advent/Desktop/RC19/_x/link/vivado/vpl/prj/prj.runs/my_rm_synth_1/.Xil/Vivado-76845-advent/realtime/ulp_m01_regslice_0_stub.v:5]
INFO: [Synth 8-6155] done synthesizing module 'ulp_m01_regslice_0' (0#1) [/home/advent/Desktop/RC19/_x/link/vivado/vpl/prj/prj.runs/my_rm_synth_1/.Xil/Vivado-76845-advent/realtime/ulp_m01_regslice_0_stub.v:5]
WARNING: [Synth 8-7071] port 'm_axi_awprot' of module 'ulp_m01_regslice_0' is unconnected for instance 'm01_regslice' [/home/advent/Desktop/RC19/_x/link/vivado/vpl/prj/prj.gen/my_rm/bd/ulp/synth/ulp.v:1931]
WARNING: [Synth 8-7071] port 'm_axi_arprot' of module 'ulp_m01_regslice_0' is unconnected for instance 'm01_regslice' [/home/advent/Desktop/RC19/_x/link/vivado/vpl/prj/prj.gen/my_rm/bd/ulp/synth/ulp.v:1931]
WARNING: [Synth 8-7023] instance 'm01_regslice' of module 'ulp_m01_regslice_0' has 40 connections declared, but only 38 given [/home/advent/Desktop/RC19/_x/link/vivado/vpl/prj/prj.gen/my_rm/bd/ulp/synth/ulp.v:1931]
INFO: [Synth 8-6155] done synthesizing module 'm01_couplers_imp_1SCZP4G' (0#1) [/home/advent/Desktop/RC19/_x/link/vivado/vpl/prj/prj.gen/my_rm/bd/ulp/synth/ulp.v:1706]
INFO: [Synth 8-6157] synthesizing module 'm02_couplers_imp_P1GSHQ' [/home/advent/Desktop/RC19/_x/link/vivado/vpl/prj/prj.gen/my_rm/bd/ulp/synth/ulp.v:2104]
INFO: [Synth 8-6157] synthesizing module 'ulp_auto_cc_2' [/home/advent/Desktop/RC19/_x/link/vivado/vpl/prj/prj.runs/my_rm_synth_1/.Xil/Vivado-76845-advent/realtime/ulp_auto_cc_2_stub.v:5]
INFO: [Synth 8-6155] done synthesizing module 'ulp_auto_cc_2' (0#1) [/home/advent/Desktop/RC19/_x/link/vivado/vpl/prj/prj.runs/my_rm_synth_1/.Xil/Vivado-76845-advent/realtime/ulp_auto_cc_2_stub.v:5]
INFO: [Synth 8-6157] synthesizing module 'ulp_m02_regslice_0' [/home/advent/Desktop/RC19/_x/link/vivado/vpl/prj/prj.runs/my_rm_synth_1/.Xil/Vivado-76845-advent/realtime/ulp_m02_regslice_0_stub.v:5]
INFO: [Synth 8-6155] done synthesizing module 'ulp_m02_regslice_0' (0#1) [/home/advent/Desktop/RC19/_x/link/vivado/vpl/prj/prj.runs/my_rm_synth_1/.Xil/Vivado-76845-advent/realtime/ulp_m02_regslice_0_stub.v:5]
WARNING: [Synth 8-7071] port 'm_axi_awprot' of module 'ulp_m02_regslice_0' is unconnected for instance 'm02_regslice' [/home/advent/Desktop/RC19/_x/link/vivado/vpl/prj/prj.gen/my_rm/bd/ulp/synth/ulp.v:2329]
WARNING: [Synth 8-7071] port 'm_axi_arprot' of module 'ulp_m02_regslice_0' is unconnected for instance 'm02_regslice' [/home/advent/Desktop/RC19/_x/link/vivado/vpl/prj/prj.gen/my_rm/bd/ulp/synth/ulp.v:2329]
WARNING: [Synth 8-7023] instance 'm02_regslice' of module 'ulp_m02_regslice_0' has 40 connections declared, but only 38 given [/home/advent/Desktop/RC19/_x/link/vivado/vpl/prj/prj.gen/my_rm/bd/ulp/synth/ulp.v:2329]
INFO: [Synth 8-6155] done synthesizing module 'm02_couplers_imp_P1GSHQ' (0#1) [/home/advent/Desktop/RC19/_x/link/vivado/vpl/prj/prj.gen/my_rm/bd/ulp/synth/ulp.v:2104]
INFO: [Synth 8-6157] synthesizing module 'm03_couplers_imp_11N2XFF' [/home/advent/Desktop/RC19/_x/link/vivado/vpl/prj/prj.gen/my_rm/bd/ulp/synth/ulp.v:2370]
INFO: [Synth 8-6157] synthesizing module 'ulp_auto_cc_3' [/home/advent/Desktop/RC19/_x/link/vivado/vpl/prj/prj.runs/my_rm_synth_1/.Xil/Vivado-76845-advent/realtime/ulp_auto_cc_3_stub.v:5]
INFO: [Synth 8-6155] done synthesizing module 'ulp_auto_cc_3' (0#1) [/home/advent/Desktop/RC19/_x/link/vivado/vpl/prj/prj.runs/my_rm_synth_1/.Xil/Vivado-76845-advent/realtime/ulp_auto_cc_3_stub.v:5]
INFO: [Synth 8-6157] synthesizing module 'ulp_m03_regslice_0' [/home/advent/Desktop/RC19/_x/link/vivado/vpl/prj/prj.runs/my_rm_synth_1/.Xil/Vivado-76845-advent/realtime/ulp_m03_regslice_0_stub.v:5]
INFO: [Synth 8-6155] done synthesizing module 'ulp_m03_regslice_0' (0#1) [/home/advent/Desktop/RC19/_x/link/vivado/vpl/prj/prj.runs/my_rm_synth_1/.Xil/Vivado-76845-advent/realtime/ulp_m03_regslice_0_stub.v:5]
WARNING: [Synth 8-7071] port 'm_axi_awprot' of module 'ulp_m03_regslice_0' is unconnected for instance 'm03_regslice' [/home/advent/Desktop/RC19/_x/link/vivado/vpl/prj/prj.gen/my_rm/bd/ulp/synth/ulp.v:2595]
WARNING: [Synth 8-7071] port 'm_axi_arprot' of module 'ulp_m03_regslice_0' is unconnected for instance 'm03_regslice' [/home/advent/Desktop/RC19/_x/link/vivado/vpl/prj/prj.gen/my_rm/bd/ulp/synth/ulp.v:2595]
WARNING: [Synth 8-7023] instance 'm03_regslice' of module 'ulp_m03_regslice_0' has 40 connections declared, but only 38 given [/home/advent/Desktop/RC19/_x/link/vivado/vpl/prj/prj.gen/my_rm/bd/ulp/synth/ulp.v:2595]
INFO: [Synth 8-6155] done synthesizing module 'm03_couplers_imp_11N2XFF' (0#1) [/home/advent/Desktop/RC19/_x/link/vivado/vpl/prj/prj.gen/my_rm/bd/ulp/synth/ulp.v:2370]
INFO: [Synth 8-6157] synthesizing module 'm04_couplers_imp_1XLP3HF' [/home/advent/Desktop/RC19/_x/link/vivado/vpl/prj/prj.gen/my_rm/bd/ulp/synth/ulp.v:2636]
INFO: [Synth 8-6157] synthesizing module 'ulp_auto_cc_4' [/home/advent/Desktop/RC19/_x/link/vivado/vpl/prj/prj.runs/my_rm_synth_1/.Xil/Vivado-76845-advent/realtime/ulp_auto_cc_4_stub.v:5]
INFO: [Synth 8-6155] done synthesizing module 'ulp_auto_cc_4' (0#1) [/home/advent/Desktop/RC19/_x/link/vivado/vpl/prj/prj.runs/my_rm_synth_1/.Xil/Vivado-76845-advent/realtime/ulp_auto_cc_4_stub.v:5]
INFO: [Synth 8-6157] synthesizing module 'ulp_m04_regslice_0' [/home/advent/Desktop/RC19/_x/link/vivado/vpl/prj/prj.runs/my_rm_synth_1/.Xil/Vivado-76845-advent/realtime/ulp_m04_regslice_0_stub.v:5]
INFO: [Synth 8-6155] done synthesizing module 'ulp_m04_regslice_0' (0#1) [/home/advent/Desktop/RC19/_x/link/vivado/vpl/prj/prj.runs/my_rm_synth_1/.Xil/Vivado-76845-advent/realtime/ulp_m04_regslice_0_stub.v:5]
WARNING: [Synth 8-7071] port 'm_axi_awprot' of module 'ulp_m04_regslice_0' is unconnected for instance 'm04_regslice' [/home/advent/Desktop/RC19/_x/link/vivado/vpl/prj/prj.gen/my_rm/bd/ulp/synth/ulp.v:2861]
WARNING: [Synth 8-7071] port 'm_axi_arprot' of module 'ulp_m04_regslice_0' is unconnected for instance 'm04_regslice' [/home/advent/Desktop/RC19/_x/link/vivado/vpl/prj/prj.gen/my_rm/bd/ulp/synth/ulp.v:2861]
WARNING: [Synth 8-7023] instance 'm04_regslice' of module 'ulp_m04_regslice_0' has 40 connections declared, but only 38 given [/home/advent/Desktop/RC19/_x/link/vivado/vpl/prj/prj.gen/my_rm/bd/ulp/synth/ulp.v:2861]
INFO: [Synth 8-6155] done synthesizing module 'm04_couplers_imp_1XLP3HF' (0#1) [/home/advent/Desktop/RC19/_x/link/vivado/vpl/prj/prj.gen/my_rm/bd/ulp/synth/ulp.v:2636]
INFO: [Synth 8-6157] synthesizing module 's00_couplers_imp_14WTDU7' [/home/advent/Desktop/RC19/_x/link/vivado/vpl/prj/prj.gen/my_rm/bd/ulp/synth/ulp.v:3048]
INFO: [Synth 8-6157] synthesizing module 'ulp_s00_regslice_15' [/home/advent/Desktop/RC19/_x/link/vivado/vpl/prj/prj.runs/my_rm_synth_1/.Xil/Vivado-76845-advent/realtime/ulp_s00_regslice_15_stub.v:5]
INFO: [Synth 8-6155] done synthesizing module 'ulp_s00_regslice_15' (0#1) [/home/advent/Desktop/RC19/_x/link/vivado/vpl/prj/prj.runs/my_rm_synth_1/.Xil/Vivado-76845-advent/realtime/ulp_s00_regslice_15_stub.v:5]
INFO: [Synth 8-6155] done synthesizing module 's00_couplers_imp_14WTDU7' (0#1) [/home/advent/Desktop/RC19/_x/link/vivado/vpl/prj/prj.gen/my_rm/bd/ulp/synth/ulp.v:3048]
INFO: [Synth 8-6157] synthesizing module 'ulp_xbar_1' [/home/advent/Desktop/RC19/_x/link/vivado/vpl/prj/prj.runs/my_rm_synth_1/.Xil/Vivado-76845-advent/realtime/ulp_xbar_1_stub.v:5]
INFO: [Synth 8-6155] done synthesizing module 'ulp_xbar_1' (0#1) [/home/advent/Desktop/RC19/_x/link/vivado/vpl/prj/prj.runs/my_rm_synth_1/.Xil/Vivado-76845-advent/realtime/ulp_xbar_1_stub.v:5]
INFO: [Synth 8-6155] done synthesizing module 'ulp_interconnect_axilite_user_0' (0#1) [/home/advent/Desktop/RC19/_x/link/vivado/vpl/prj/prj.gen/my_rm/bd/ulp/synth/ulp.v:6923]
INFO: [Synth 8-6157] synthesizing module 'ulp_regslice_control_userpf_0' [/home/advent/Desktop/RC19/_x/link/vivado/vpl/prj/prj.runs/my_rm_synth_1/.Xil/Vivado-76845-advent/realtime/ulp_regslice_control_userpf_0_stub.v:5]
INFO: [Synth 8-6155] done synthesizing module 'ulp_regslice_control_userpf_0' (0#1) [/home/advent/Desktop/RC19/_x/link/vivado/vpl/prj/prj.runs/my_rm_synth_1/.Xil/Vivado-76845-advent/realtime/ulp_regslice_control_userpf_0_stub.v:5]
INFO: [Synth 8-6155] done synthesizing module 'SLR0_imp_NYMDU0' (0#1) [/home/advent/Desktop/RC19/_x/link/vivado/vpl/prj/prj.gen/my_rm/bd/ulp/synth/ulp.v:12]
INFO: [Synth 8-6157] synthesizing module 'SLR1_imp_1UA2LF1' [/home/advent/Desktop/RC19/_x/link/vivado/vpl/prj/prj.gen/my_rm/bd/ulp/synth/ulp.v:674]
INFO: [Synth 8-6157] synthesizing module 'ulp_axi_gpio_null_1' [/home/advent/Desktop/RC19/_x/link/vivado/vpl/prj/prj.runs/my_rm_synth_1/.Xil/Vivado-76845-advent/realtime/ulp_axi_gpio_null_1_stub.v:5]
INFO: [Synth 8-6155] done synthesizing module 'ulp_axi_gpio_null_1' (0#1) [/home/advent/Desktop/RC19/_x/link/vivado/vpl/prj/prj.runs/my_rm_synth_1/.Xil/Vivado-76845-advent/realtime/ulp_axi_gpio_null_1_stub.v:5]
WARNING: [Synth 8-7071] port 'gpio_io_o' of module 'ulp_axi_gpio_null_1' is unconnected for instance 'axi_gpio_null' [/home/advent/Desktop/RC19/_x/link/vivado/vpl/prj/prj.gen/my_rm/bd/ulp/synth/ulp.v:836]
WARNING: [Synth 8-7071] port 'gpio_io_t' of module 'ulp_axi_gpio_null_1' is unconnected for instance 'axi_gpio_null' [/home/advent/Desktop/RC19/_x/link/vivado/vpl/prj/prj.gen/my_rm/bd/ulp/synth/ulp.v:836]
WARNING: [Synth 8-7023] instance 'axi_gpio_null' of module 'ulp_axi_gpio_null_1' has 22 connections declared, but only 20 given [/home/advent/Desktop/RC19/_x/link/vivado/vpl/prj/prj.gen/my_rm/bd/ulp/synth/ulp.v:836]
INFO: [Synth 8-6157] synthesizing module 'ulp_axi_vip_ctrl_userpf_1' [/home/advent/Desktop/RC19/_x/link/vivado/vpl/prj/prj.runs/my_rm_synth_1/.Xil/Vivado-76845-advent/realtime/ulp_axi_vip_ctrl_userpf_1_stub.v:5]
INFO: [Synth 8-6155] done synthesizing module 'ulp_axi_vip_ctrl_userpf_1' (0#1) [/home/advent/Desktop/RC19/_x/link/vivado/vpl/prj/prj.runs/my_rm_synth_1/.Xil/Vivado-76845-advent/realtime/ulp_axi_vip_ctrl_userpf_1_stub.v:5]
INFO: [Synth 8-6157] synthesizing module 'ulp_interconnect_axilite_user_1' [/home/advent/Desktop/RC19/_x/link/vivado/vpl/prj/prj.gen/my_rm/bd/ulp/synth/ulp.v:7803]
INFO: [Synth 8-6157] synthesizing module 's00_couplers_imp_1MXEOQC' [/home/advent/Desktop/RC19/_x/link/vivado/vpl/prj/prj.gen/my_rm/bd/ulp/synth/ulp.v:3258]
INFO: [Synth 8-6157] synthesizing module 'ulp_auto_cc_5' [/home/advent/Desktop/RC19/_x/link/vivado/vpl/prj/prj.runs/my_rm_synth_1/.Xil/Vivado-76845-advent/realtime/ulp_auto_cc_5_stub.v:5]
INFO: [Synth 8-6155] done synthesizing module 'ulp_auto_cc_5' (0#1) [/home/advent/Desktop/RC19/_x/link/vivado/vpl/prj/prj.runs/my_rm_synth_1/.Xil/Vivado-76845-advent/realtime/ulp_auto_cc_5_stub.v:5]
WARNING: [Synth 8-7071] port 'm_axi_awprot' of module 'ulp_auto_cc_5' is unconnected for instance 'auto_cc' [/home/advent/Desktop/RC19/_x/link/vivado/vpl/prj/prj.gen/my_rm/bd/ulp/synth/ulp.v:3440]
WARNING: [Synth 8-7071] port 'm_axi_arprot' of module 'ulp_auto_cc_5' is unconnected for instance 'auto_cc' [/home/advent/Desktop/RC19/_x/link/vivado/vpl/prj/prj.gen/my_rm/bd/ulp/synth/ulp.v:3440]
WARNING: [Synth 8-7023] instance 'auto_cc' of module 'ulp_auto_cc_5' has 42 connections declared, but only 40 given [/home/advent/Desktop/RC19/_x/link/vivado/vpl/prj/prj.gen/my_rm/bd/ulp/synth/ulp.v:3440]
INFO: [Synth 8-6157] synthesizing module 'ulp_s00_regslice_16' [/home/advent/Desktop/RC19/_x/link/vivado/vpl/prj/prj.runs/my_rm_synth_1/.Xil/Vivado-76845-advent/realtime/ulp_s00_regslice_16_stub.v:5]
INFO: [Synth 8-6155] done synthesizing module 'ulp_s00_regslice_16' (0#1) [/home/advent/Desktop/RC19/_x/link/vivado/vpl/prj/prj.runs/my_rm_synth_1/.Xil/Vivado-76845-advent/realtime/ulp_s00_regslice_16_stub.v:5]
INFO: [Synth 8-6155] done synthesizing module 's00_couplers_imp_1MXEOQC' (0#1) [/home/advent/Desktop/RC19/_x/link/vivado/vpl/prj/prj.gen/my_rm/bd/ulp/synth/ulp.v:3258]
INFO: [Synth 8-6155] done synthesizing module 'ulp_interconnect_axilite_user_1' (0#1) [/home/advent/Desktop/RC19/_x/link/vivado/vpl/prj/prj.gen/my_rm/bd/ulp/synth/ulp.v:7803]
INFO: [Synth 8-6157] synthesizing module 'ulp_regslice_control_userpf_1' [/home/advent/Desktop/RC19/_x/link/vivado/vpl/prj/prj.runs/my_rm_synth_1/.Xil/Vivado-76845-advent/realtime/ulp_regslice_control_userpf_1_stub.v:5]
INFO: [Synth 8-6155] done synthesizing module 'ulp_regslice_control_userpf_1' (0#1) [/home/advent/Desktop/RC19/_x/link/vivado/vpl/prj/prj.runs/my_rm_synth_1/.Xil/Vivado-76845-advent/realtime/ulp_regslice_control_userpf_1_stub.v:5]
INFO: [Synth 8-6155] done synthesizing module 'SLR1_imp_1UA2LF1' (0#1) [/home/advent/Desktop/RC19/_x/link/vivado/vpl/prj/prj.gen/my_rm/bd/ulp/synth/ulp.v:674]
INFO: [Synth 8-6157] synthesizing module 'SLR2_imp_1Y0I5MR' [/home/advent/Desktop/RC19/_x/link/vivado/vpl/prj/prj.gen/my_rm/bd/ulp/synth/ulp.v:984]
INFO: [Synth 8-6157] synthesizing module 'ulp_axi_gpio_null_2' [/home/advent/Desktop/RC19/_x/link/vivado/vpl/prj/prj.runs/my_rm_synth_1/.Xil/Vivado-76845-advent/realtime/ulp_axi_gpio_null_2_stub.v:5]
INFO: [Synth 8-6155] done synthesizing module 'ulp_axi_gpio_null_2' (0#1) [/home/advent/Desktop/RC19/_x/link/vivado/vpl/prj/prj.runs/my_rm_synth_1/.Xil/Vivado-76845-advent/realtime/ulp_axi_gpio_null_2_stub.v:5]
WARNING: [Synth 8-7071] port 'gpio_io_o' of module 'ulp_axi_gpio_null_2' is unconnected for instance 'axi_gpio_null' [/home/advent/Desktop/RC19/_x/link/vivado/vpl/prj/prj.gen/my_rm/bd/ulp/synth/ulp.v:1146]
WARNING: [Synth 8-7071] port 'gpio_io_t' of module 'ulp_axi_gpio_null_2' is unconnected for instance 'axi_gpio_null' [/home/advent/Desktop/RC19/_x/link/vivado/vpl/prj/prj.gen/my_rm/bd/ulp/synth/ulp.v:1146]
WARNING: [Synth 8-7023] instance 'axi_gpio_null' of module 'ulp_axi_gpio_null_2' has 22 connections declared, but only 20 given [/home/advent/Desktop/RC19/_x/link/vivado/vpl/prj/prj.gen/my_rm/bd/ulp/synth/ulp.v:1146]
INFO: [Synth 8-6157] synthesizing module 'ulp_axi_vip_ctrl_userpf_2' [/home/advent/Desktop/RC19/_x/link/vivado/vpl/prj/prj.runs/my_rm_synth_1/.Xil/Vivado-76845-advent/realtime/ulp_axi_vip_ctrl_userpf_2_stub.v:5]
INFO: [Synth 8-6155] done synthesizing module 'ulp_axi_vip_ctrl_userpf_2' (0#1) [/home/advent/Desktop/RC19/_x/link/vivado/vpl/prj/prj.runs/my_rm_synth_1/.Xil/Vivado-76845-advent/realtime/ulp_axi_vip_ctrl_userpf_2_stub.v:5]
INFO: [Synth 8-6157] synthesizing module 'ulp_interconnect_axilite_user_2' [/home/advent/Desktop/RC19/_x/link/vivado/vpl/prj/prj.gen/my_rm/bd/ulp/synth/ulp.v:8013]
INFO: [Synth 8-6157] synthesizing module 's00_couplers_imp_8500C9' [/home/advent/Desktop/RC19/_x/link/vivado/vpl/prj/prj.gen/my_rm/bd/ulp/synth/ulp.v:3524]
INFO: [Synth 8-6157] synthesizing module 'ulp_auto_cc_6' [/home/advent/Desktop/RC19/_x/link/vivado/vpl/prj/prj.runs/my_rm_synth_1/.Xil/Vivado-76845-advent/realtime/ulp_auto_cc_6_stub.v:5]
INFO: [Synth 8-6155] done synthesizing module 'ulp_auto_cc_6' (0#1) [/home/advent/Desktop/RC19/_x/link/vivado/vpl/prj/prj.runs/my_rm_synth_1/.Xil/Vivado-76845-advent/realtime/ulp_auto_cc_6_stub.v:5]
WARNING: [Synth 8-7071] port 'm_axi_awprot' of module 'ulp_auto_cc_6' is unconnected for instance 'auto_cc' [/home/advent/Desktop/RC19/_x/link/vivado/vpl/prj/prj.gen/my_rm/bd/ulp/synth/ulp.v:3706]
WARNING: [Synth 8-7071] port 'm_axi_arprot' of module 'ulp_auto_cc_6' is unconnected for instance 'auto_cc' [/home/advent/Desktop/RC19/_x/link/vivado/vpl/prj/prj.gen/my_rm/bd/ulp/synth/ulp.v:3706]
WARNING: [Synth 8-7023] instance 'auto_cc' of module 'ulp_auto_cc_6' has 42 connections declared, but only 40 given [/home/advent/Desktop/RC19/_x/link/vivado/vpl/prj/prj.gen/my_rm/bd/ulp/synth/ulp.v:3706]
INFO: [Synth 8-6157] synthesizing module 'ulp_s00_regslice_17' [/home/advent/Desktop/RC19/_x/link/vivado/vpl/prj/prj.runs/my_rm_synth_1/.Xil/Vivado-76845-advent/realtime/ulp_s00_regslice_17_stub.v:5]
INFO: [Synth 8-6155] done synthesizing module 'ulp_s00_regslice_17' (0#1) [/home/advent/Desktop/RC19/_x/link/vivado/vpl/prj/prj.runs/my_rm_synth_1/.Xil/Vivado-76845-advent/realtime/ulp_s00_regslice_17_stub.v:5]
INFO: [Synth 8-6155] done synthesizing module 's00_couplers_imp_8500C9' (0#1) [/home/advent/Desktop/RC19/_x/link/vivado/vpl/prj/prj.gen/my_rm/bd/ulp/synth/ulp.v:3524]
INFO: [Synth 8-6155] done synthesizing module 'ulp_interconnect_axilite_user_2' (0#1) [/home/advent/Desktop/RC19/_x/link/vivado/vpl/prj/prj.gen/my_rm/bd/ulp/synth/ulp.v:8013]
INFO: [Synth 8-6157] synthesizing module 'ulp_regslice_control_userpf_2' [/home/advent/Desktop/RC19/_x/link/vivado/vpl/prj/prj.runs/my_rm_synth_1/.Xil/Vivado-76845-advent/realtime/ulp_regslice_control_userpf_2_stub.v:5]
INFO: [Synth 8-6155] done synthesizing module 'ulp_regslice_control_userpf_2' (0#1) [/home/advent/Desktop/RC19/_x/link/vivado/vpl/prj/prj.runs/my_rm_synth_1/.Xil/Vivado-76845-advent/realtime/ulp_regslice_control_userpf_2_stub.v:5]
INFO: [Synth 8-6155] done synthesizing module 'SLR2_imp_1Y0I5MR' (0#1) [/home/advent/Desktop/RC19/_x/link/vivado/vpl/prj/prj.gen/my_rm/bd/ulp/synth/ulp.v:984]
INFO: [Synth 8-6157] synthesizing module 'ulp_attention_score_u55c_kernel_1_0' [/home/advent/Desktop/RC19/_x/link/vivado/vpl/prj/prj.runs/my_rm_synth_1/.Xil/Vivado-76845-advent/realtime/ulp_attention_score_u55c_kernel_1_0_stub.v:5]
INFO: [Synth 8-6155] done synthesizing module 'ulp_attention_score_u55c_kernel_1_0' (0#1) [/home/advent/Desktop/RC19/_x/link/vivado/vpl/prj/prj.runs/my_rm_synth_1/.Xil/Vivado-76845-advent/realtime/ulp_attention_score_u55c_kernel_1_0_stub.v:5]
WARNING: [Synth 8-7071] port 'm_axi_gmem0_AWID' of module 'ulp_attention_score_u55c_kernel_1_0' is unconnected for instance 'attention_score_u55c_kernel_1' [/home/advent/Desktop/RC19/_x/link/vivado/vpl/prj/prj.gen/my_rm/bd/ulp/synth/ulp.v:5156]
WARNING: [Synth 8-7071] port 'm_axi_gmem0_AWADDR' of module 'ulp_attention_score_u55c_kernel_1_0' is unconnected for instance 'attention_score_u55c_kernel_1' [/home/advent/Desktop/RC19/_x/link/vivado/vpl/prj/prj.gen/my_rm/bd/ulp/synth/ulp.v:5156]
WARNING: [Synth 8-7071] port 'm_axi_gmem0_AWLEN' of module 'ulp_attention_score_u55c_kernel_1_0' is unconnected for instance 'attention_score_u55c_kernel_1' [/home/advent/Desktop/RC19/_x/link/vivado/vpl/prj/prj.gen/my_rm/bd/ulp/synth/ulp.v:5156]
WARNING: [Synth 8-7071] port 'm_axi_gmem0_AWSIZE' of module 'ulp_attention_score_u55c_kernel_1_0' is unconnected for instance 'attention_score_u55c_kernel_1' [/home/advent/Desktop/RC19/_x/link/vivado/vpl/prj/prj.gen/my_rm/bd/ulp/synth/ulp.v:5156]
WARNING: [Synth 8-7071] port 'm_axi_gmem0_AWBURST' of module 'ulp_attention_score_u55c_kernel_1_0' is unconnected for instance 'attention_score_u55c_kernel_1' [/home/advent/Desktop/RC19/_x/link/vivado/vpl/prj/prj.gen/my_rm/bd/ulp/synth/ulp.v:5156]
WARNING: [Synth 8-7071] port 'm_axi_gmem0_AWLOCK' of module 'ulp_attention_score_u55c_kernel_1_0' is unconnected for instance 'attention_score_u55c_kernel_1' [/home/advent/Desktop/RC19/_x/link/vivado/vpl/prj/prj.gen/my_rm/bd/ulp/synth/ulp.v:5156]
WARNING: [Synth 8-7071] port 'm_axi_gmem0_AWREGION' of module 'ulp_attention_score_u55c_kernel_1_0' is unconnected for instance 'attention_score_u55c_kernel_1' [/home/advent/Desktop/RC19/_x/link/vivado/vpl/prj/prj.gen/my_rm/bd/ulp/synth/ulp.v:5156]
WARNING: [Synth 8-7071] port 'm_axi_gmem0_AWCACHE' of module 'ulp_attention_score_u55c_kernel_1_0' is unconnected for instance 'attention_score_u55c_kernel_1' [/home/advent/Desktop/RC19/_x/link/vivado/vpl/prj/prj.gen/my_rm/bd/ulp/synth/ulp.v:5156]
WARNING: [Synth 8-7071] port 'm_axi_gmem0_AWPROT' of module 'ulp_attention_score_u55c_kernel_1_0' is unconnected for instance 'attention_score_u55c_kernel_1' [/home/advent/Desktop/RC19/_x/link/vivado/vpl/prj/prj.gen/my_rm/bd/ulp/synth/ulp.v:5156]
WARNING: [Synth 8-7071] port 'm_axi_gmem0_AWQOS' of module 'ulp_attention_score_u55c_kernel_1_0' is unconnected for instance 'attention_score_u55c_kernel_1' [/home/advent/Desktop/RC19/_x/link/vivado/vpl/prj/prj.gen/my_rm/bd/ulp/synth/ulp.v:5156]
WARNING: [Synth 8-7071] port 'm_axi_gmem0_AWVALID' of module 'ulp_attention_score_u55c_kernel_1_0' is unconnected for instance 'attention_score_u55c_kernel_1' [/home/advent/Desktop/RC19/_x/link/vivado/vpl/prj/prj.gen/my_rm/bd/ulp/synth/ulp.v:5156]
WARNING: [Synth 8-7071] port 'm_axi_gmem0_WID' of module 'ulp_attention_score_u55c_kernel_1_0' is unconnected for instance 'attention_score_u55c_kernel_1' [/home/advent/Desktop/RC19/_x/link/vivado/vpl/prj/prj.gen/my_rm/bd/ulp/synth/ulp.v:5156]
WARNING: [Synth 8-7071] port 'm_axi_gmem0_WDATA' of module 'ulp_attention_score_u55c_kernel_1_0' is unconnected for instance 'attention_score_u55c_kernel_1' [/home/advent/Desktop/RC19/_x/link/vivado/vpl/prj/prj.gen/my_rm/bd/ulp/synth/ulp.v:5156]
WARNING: [Synth 8-7071] port 'm_axi_gmem0_WSTRB' of module 'ulp_attention_score_u55c_kernel_1_0' is unconnected for instance 'attention_score_u55c_kernel_1' [/home/advent/Desktop/RC19/_x/link/vivado/vpl/prj/prj.gen/my_rm/bd/ulp/synth/ulp.v:5156]
WARNING: [Synth 8-7071] port 'm_axi_gmem0_WLAST' of module 'ulp_attention_score_u55c_kernel_1_0' is unconnected for instance 'attention_score_u55c_kernel_1' [/home/advent/Desktop/RC19/_x/link/vivado/vpl/prj/prj.gen/my_rm/bd/ulp/synth/ulp.v:5156]
WARNING: [Synth 8-7071] port 'm_axi_gmem0_WVALID' of module 'ulp_attention_score_u55c_kernel_1_0' is unconnected for instance 'attention_score_u55c_kernel_1' [/home/advent/Desktop/RC19/_x/link/vivado/vpl/prj/prj.gen/my_rm/bd/ulp/synth/ulp.v:5156]
WARNING: [Synth 8-7071] port 'm_axi_gmem0_BREADY' of module 'ulp_attention_score_u55c_kernel_1_0' is unconnected for instance 'attention_score_u55c_kernel_1' [/home/advent/Desktop/RC19/_x/link/vivado/vpl/prj/prj.gen/my_rm/bd/ulp/synth/ulp.v:5156]
WARNING: [Synth 8-7071] port 'm_axi_gmem0_ARREGION' of module 'ulp_attention_score_u55c_kernel_1_0' is unconnected for instance 'attention_score_u55c_kernel_1' [/home/advent/Desktop/RC19/_x/link/vivado/vpl/prj/prj.gen/my_rm/bd/ulp/synth/ulp.v:5156]
WARNING: [Synth 8-7071] port 'm_axi_gmem1_AWID' of module 'ulp_attention_score_u55c_kernel_1_0' is unconnected for instance 'attention_score_u55c_kernel_1' [/home/advent/Desktop/RC19/_x/link/vivado/vpl/prj/prj.gen/my_rm/bd/ulp/synth/ulp.v:5156]
WARNING: [Synth 8-7071] port 'm_axi_gmem1_AWADDR' of module 'ulp_attention_score_u55c_kernel_1_0' is unconnected for instance 'attention_score_u55c_kernel_1' [/home/advent/Desktop/RC19/_x/link/vivado/vpl/prj/prj.gen/my_rm/bd/ulp/synth/ulp.v:5156]
WARNING: [Synth 8-7071] port 'm_axi_gmem1_AWLEN' of module 'ulp_attention_score_u55c_kernel_1_0' is unconnected for instance 'attention_score_u55c_kernel_1' [/home/advent/Desktop/RC19/_x/link/vivado/vpl/prj/prj.gen/my_rm/bd/ulp/synth/ulp.v:5156]
WARNING: [Synth 8-7071] port 'm_axi_gmem1_AWSIZE' of module 'ulp_attention_score_u55c_kernel_1_0' is unconnected for instance 'attention_score_u55c_kernel_1' [/home/advent/Desktop/RC19/_x/link/vivado/vpl/prj/prj.gen/my_rm/bd/ulp/synth/ulp.v:5156]
WARNING: [Synth 8-7071] port 'm_axi_gmem1_AWBURST' of module 'ulp_attention_score_u55c_kernel_1_0' is unconnected for instance 'attention_score_u55c_kernel_1' [/home/advent/Desktop/RC19/_x/link/vivado/vpl/prj/prj.gen/my_rm/bd/ulp/synth/ulp.v:5156]
WARNING: [Synth 8-7071] port 'm_axi_gmem1_AWLOCK' of module 'ulp_attention_score_u55c_kernel_1_0' is unconnected for instance 'attention_score_u55c_kernel_1' [/home/advent/Desktop/RC19/_x/link/vivado/vpl/prj/prj.gen/my_rm/bd/ulp/synth/ulp.v:5156]
WARNING: [Synth 8-7071] port 'm_axi_gmem1_AWREGION' of module 'ulp_attention_score_u55c_kernel_1_0' is unconnected for instance 'attention_score_u55c_kernel_1' [/home/advent/Desktop/RC19/_x/link/vivado/vpl/prj/prj.gen/my_rm/bd/ulp/synth/ulp.v:5156]
WARNING: [Synth 8-7071] port 'm_axi_gmem1_AWCACHE' of module 'ulp_attention_score_u55c_kernel_1_0' is unconnected for instance 'attention_score_u55c_kernel_1' [/home/advent/Desktop/RC19/_x/link/vivado/vpl/prj/prj.gen/my_rm/bd/ulp/synth/ulp.v:5156]
WARNING: [Synth 8-7071] port 'm_axi_gmem1_AWPROT' of module 'ulp_attention_score_u55c_kernel_1_0' is unconnected for instance 'attention_score_u55c_kernel_1' [/home/advent/Desktop/RC19/_x/link/vivado/vpl/prj/prj.gen/my_rm/bd/ulp/synth/ulp.v:5156]
WARNING: [Synth 8-7071] port 'm_axi_gmem1_AWQOS' of module 'ulp_attention_score_u55c_kernel_1_0' is unconnected for instance 'attention_score_u55c_kernel_1' [/home/advent/Desktop/RC19/_x/link/vivado/vpl/prj/prj.gen/my_rm/bd/ulp/synth/ulp.v:5156]
WARNING: [Synth 8-7071] port 'm_axi_gmem1_AWVALID' of module 'ulp_attention_score_u55c_kernel_1_0' is unconnected for instance 'attention_score_u55c_kernel_1' [/home/advent/Desktop/RC19/_x/link/vivado/vpl/prj/prj.gen/my_rm/bd/ulp/synth/ulp.v:5156]
WARNING: [Synth 8-7071] port 'm_axi_gmem1_WID' of module 'ulp_attention_score_u55c_kernel_1_0' is unconnected for instance 'attention_score_u55c_kernel_1' [/home/advent/Desktop/RC19/_x/link/vivado/vpl/prj/prj.gen/my_rm/bd/ulp/synth/ulp.v:5156]
WARNING: [Synth 8-7071] port 'm_axi_gmem1_WDATA' of module 'ulp_attention_score_u55c_kernel_1_0' is unconnected for instance 'attention_score_u55c_kernel_1' [/home/advent/Desktop/RC19/_x/link/vivado/vpl/prj/prj.gen/my_rm/bd/ulp/synth/ulp.v:5156]
WARNING: [Synth 8-7071] port 'm_axi_gmem1_WSTRB' of module 'ulp_attention_score_u55c_kernel_1_0' is unconnected for instance 'attention_score_u55c_kernel_1' [/home/advent/Desktop/RC19/_x/link/vivado/vpl/prj/prj.gen/my_rm/bd/ulp/synth/ulp.v:5156]
WARNING: [Synth 8-7071] port 'm_axi_gmem1_WLAST' of module 'ulp_attention_score_u55c_kernel_1_0' is unconnected for instance 'attention_score_u55c_kernel_1' [/home/advent/Desktop/RC19/_x/link/vivado/vpl/prj/prj.gen/my_rm/bd/ulp/synth/ulp.v:5156]
WARNING: [Synth 8-7071] port 'm_axi_gmem1_WVALID' of module 'ulp_attention_score_u55c_kernel_1_0' is unconnected for instance 'attention_score_u55c_kernel_1' [/home/advent/Desktop/RC19/_x/link/vivado/vpl/prj/prj.gen/my_rm/bd/ulp/synth/ulp.v:5156]
WARNING: [Synth 8-7071] port 'm_axi_gmem1_BREADY' of module 'ulp_attention_score_u55c_kernel_1_0' is unconnected for instance 'attention_score_u55c_kernel_1' [/home/advent/Desktop/RC19/_x/link/vivado/vpl/prj/prj.gen/my_rm/bd/ulp/synth/ulp.v:5156]
WARNING: [Synth 8-7071] port 'm_axi_gmem1_ARREGION' of module 'ulp_attention_score_u55c_kernel_1_0' is unconnected for instance 'attention_score_u55c_kernel_1' [/home/advent/Desktop/RC19/_x/link/vivado/vpl/prj/prj.gen/my_rm/bd/ulp/synth/ulp.v:5156]
WARNING: [Synth 8-7071] port 'm_axi_gmem2_AWREGION' of module 'ulp_attention_score_u55c_kernel_1_0' is unconnected for instance 'attention_score_u55c_kernel_1' [/home/advent/Desktop/RC19/_x/link/vivado/vpl/prj/prj.gen/my_rm/bd/ulp/synth/ulp.v:5156]
WARNING: [Synth 8-7071] port 'm_axi_gmem2_WID' of module 'ulp_attention_score_u55c_kernel_1_0' is unconnected for instance 'attention_score_u55c_kernel_1' [/home/advent/Desktop/RC19/_x/link/vivado/vpl/prj/prj.gen/my_rm/bd/ulp/synth/ulp.v:5156]
WARNING: [Synth 8-7071] port 'm_axi_gmem2_ARID' of module 'ulp_attention_score_u55c_kernel_1_0' is unconnected for instance 'attention_score_u55c_kernel_1' [/home/advent/Desktop/RC19/_x/link/vivado/vpl/prj/prj.gen/my_rm/bd/ulp/synth/ulp.v:5156]
WARNING: [Synth 8-7071] port 'm_axi_gmem2_ARADDR' of module 'ulp_attention_score_u55c_kernel_1_0' is unconnected for instance 'attention_score_u55c_kernel_1' [/home/advent/Desktop/RC19/_x/link/vivado/vpl/prj/prj.gen/my_rm/bd/ulp/synth/ulp.v:5156]
WARNING: [Synth 8-7071] port 'm_axi_gmem2_ARLEN' of module 'ulp_attention_score_u55c_kernel_1_0' is unconnected for instance 'attention_score_u55c_kernel_1' [/home/advent/Desktop/RC19/_x/link/vivado/vpl/prj/prj.gen/my_rm/bd/ulp/synth/ulp.v:5156]
WARNING: [Synth 8-7071] port 'm_axi_gmem2_ARSIZE' of module 'ulp_attention_score_u55c_kernel_1_0' is unconnected for instance 'attention_score_u55c_kernel_1' [/home/advent/Desktop/RC19/_x/link/vivado/vpl/prj/prj.gen/my_rm/bd/ulp/synth/ulp.v:5156]
WARNING: [Synth 8-7071] port 'm_axi_gmem2_ARBURST' of module 'ulp_attention_score_u55c_kernel_1_0' is unconnected for instance 'attention_score_u55c_kernel_1' [/home/advent/Desktop/RC19/_x/link/vivado/vpl/prj/prj.gen/my_rm/bd/ulp/synth/ulp.v:5156]
WARNING: [Synth 8-7071] port 'm_axi_gmem2_ARLOCK' of module 'ulp_attention_score_u55c_kernel_1_0' is unconnected for instance 'attention_score_u55c_kernel_1' [/home/advent/Desktop/RC19/_x/link/vivado/vpl/prj/prj.gen/my_rm/bd/ulp/synth/ulp.v:5156]
WARNING: [Synth 8-7071] port 'm_axi_gmem2_ARREGION' of module 'ulp_attention_score_u55c_kernel_1_0' is unconnected for instance 'attention_score_u55c_kernel_1' [/home/advent/Desktop/RC19/_x/link/vivado/vpl/prj/prj.gen/my_rm/bd/ulp/synth/ulp.v:5156]
WARNING: [Synth 8-7071] port 'm_axi_gmem2_ARCACHE' of module 'ulp_attention_score_u55c_kernel_1_0' is unconnected for instance 'attention_score_u55c_kernel_1' [/home/advent/Desktop/RC19/_x/link/vivado/vpl/prj/prj.gen/my_rm/bd/ulp/synth/ulp.v:5156]
WARNING: [Synth 8-7071] port 'm_axi_gmem2_ARPROT' of module 'ulp_attention_score_u55c_kernel_1_0' is unconnected for instance 'attention_score_u55c_kernel_1' [/home/advent/Desktop/RC19/_x/link/vivado/vpl/prj/prj.gen/my_rm/bd/ulp/synth/ulp.v:5156]
WARNING: [Synth 8-7071] port 'm_axi_gmem2_ARQOS' of module 'ulp_attention_score_u55c_kernel_1_0' is unconnected for instance 'attention_score_u55c_kernel_1' [/home/advent/Desktop/RC19/_x/link/vivado/vpl/prj/prj.gen/my_rm/bd/ulp/synth/ulp.v:5156]
WARNING: [Synth 8-7071] port 'm_axi_gmem2_ARVALID' of module 'ulp_attention_score_u55c_kernel_1_0' is unconnected for instance 'attention_score_u55c_kernel_1' [/home/advent/Desktop/RC19/_x/link/vivado/vpl/prj/prj.gen/my_rm/bd/ulp/synth/ulp.v:5156]
WARNING: [Synth 8-7071] port 'm_axi_gmem2_RREADY' of module 'ulp_attention_score_u55c_kernel_1_0' is unconnected for instance 'attention_score_u55c_kernel_1' [/home/advent/Desktop/RC19/_x/link/vivado/vpl/prj/prj.gen/my_rm/bd/ulp/synth/ulp.v:5156]
WARNING: [Synth 8-7023] instance 'attention_score_u55c_kernel_1' of module 'ulp_attention_score_u55c_kernel_1_0' has 140 connections declared, but only 90 given [/home/advent/Desktop/RC19/_x/link/vivado/vpl/prj/prj.gen/my_rm/bd/ulp/synth/ulp.v:5156]
INFO: [Synth 8-6157] synthesizing module 'ulp_axi_ic_ctrl_mgmt_slr1_0' [/home/advent/Desktop/RC19/_x/link/vivado/vpl/prj/prj.gen/my_rm/bd/ulp/synth/ulp.v:6457]
INFO: [Synth 8-6157] synthesizing module 'm00_couplers_imp_CAGKWP' [/home/advent/Desktop/RC19/_x/link/vivado/vpl/prj/prj.gen/my_rm/bd/ulp/synth/ulp.v:1294]
INFO: [Synth 8-6155] done synthesizing module 'm00_couplers_imp_CAGKWP' (0#1) [/home/advent/Desktop/RC19/_x/link/vivado/vpl/prj/prj.gen/my_rm/bd/ulp/synth/ulp.v:1294]
INFO: [Synth 8-6157] synthesizing module 'm01_couplers_imp_1V3WQQK' [/home/advent/Desktop/RC19/_x/link/vivado/vpl/prj/prj.gen/my_rm/bd/ulp/synth/ulp.v:1972]
INFO: [Synth 8-6155] done synthesizing module 'm01_couplers_imp_1V3WQQK' (0#1) [/home/advent/Desktop/RC19/_x/link/vivado/vpl/prj/prj.gen/my_rm/bd/ulp/synth/ulp.v:1972]
INFO: [Synth 8-6157] synthesizing module 's00_couplers_imp_1100RTV' [/home/advent/Desktop/RC19/_x/link/vivado/vpl/prj/prj.gen/my_rm/bd/ulp/synth/ulp.v:2902]
INFO: [Synth 8-6155] done synthesizing module 's00_couplers_imp_1100RTV' (0#1) [/home/advent/Desktop/RC19/_x/link/vivado/vpl/prj/prj.gen/my_rm/bd/ulp/synth/ulp.v:2902]
INFO: [Synth 8-6157] synthesizing module 'ulp_xbar_0' [/home/advent/Desktop/RC19/_x/link/vivado/vpl/prj/prj.runs/my_rm_synth_1/.Xil/Vivado-76845-advent/realtime/ulp_xbar_0_stub.v:5]
INFO: [Synth 8-6155] done synthesizing module 'ulp_xbar_0' (0#1) [/home/advent/Desktop/RC19/_x/link/vivado/vpl/prj/prj.runs/my_rm_synth_1/.Xil/Vivado-76845-advent/realtime/ulp_xbar_0_stub.v:5]
WARNING: [Synth 8-689] width (3) of port connection 'm_axi_arprot' does not match port width (6) of module 'ulp_xbar_0' [/home/advent/Desktop/RC19/_x/link/vivado/vpl/prj/prj.gen/my_rm/bd/ulp/synth/ulp.v:6884]
WARNING: [Synth 8-689] width (3) of port connection 'm_axi_awprot' does not match port width (6) of module 'ulp_xbar_0' [/home/advent/Desktop/RC19/_x/link/vivado/vpl/prj/prj.gen/my_rm/bd/ulp/synth/ulp.v:6888]
INFO: [Synth 8-6155] done synthesizing module 'ulp_axi_ic_ctrl_mgmt_slr1_0' (0#1) [/home/advent/Desktop/RC19/_x/link/vivado/vpl/prj/prj.gen/my_rm/bd/ulp/synth/ulp.v:6457]
INFO: [Synth 8-6157] synthesizing module 'ulp_axi_vip_data_0' [/home/advent/Desktop/RC19/_x/link/vivado/vpl/prj/prj.runs/my_rm_synth_1/.Xil/Vivado-76845-advent/realtime/ulp_axi_vip_data_0_stub.v:5]
INFO: [Synth 8-6155] done synthesizing module 'ulp_axi_vip_data_0' (0#1) [/home/advent/Desktop/RC19/_x/link/vivado/vpl/prj/prj.runs/my_rm_synth_1/.Xil/Vivado-76845-advent/realtime/ulp_axi_vip_data_0_stub.v:5]
INFO: [Synth 8-6157] synthesizing module 'ulp_causal_mask_u55c_kernel_1_0' [/home/advent/Desktop/RC19/_x/link/vivado/vpl/prj/prj.runs/my_rm_synth_1/.Xil/Vivado-76845-advent/realtime/ulp_causal_mask_u55c_kernel_1_0_stub.v:5]
INFO: [Synth 8-6155] done synthesizing module 'ulp_causal_mask_u55c_kernel_1_0' (0#1) [/home/advent/Desktop/RC19/_x/link/vivado/vpl/prj/prj.runs/my_rm_synth_1/.Xil/Vivado-76845-advent/realtime/ulp_causal_mask_u55c_kernel_1_0_stub.v:5]
WARNING: [Synth 8-7071] port 'm_axi_gmem0_AWID' of module 'ulp_causal_mask_u55c_kernel_1_0' is unconnected for instance 'causal_mask_u55c_kernel_1' [/home/advent/Desktop/RC19/_x/link/vivado/vpl/prj/prj.gen/my_rm/bd/ulp/synth/ulp.v:5364]
WARNING: [Synth 8-7071] port 'm_axi_gmem0_AWADDR' of module 'ulp_causal_mask_u55c_kernel_1_0' is unconnected for instance 'causal_mask_u55c_kernel_1' [/home/advent/Desktop/RC19/_x/link/vivado/vpl/prj/prj.gen/my_rm/bd/ulp/synth/ulp.v:5364]
WARNING: [Synth 8-7071] port 'm_axi_gmem0_AWLEN' of module 'ulp_causal_mask_u55c_kernel_1_0' is unconnected for instance 'causal_mask_u55c_kernel_1' [/home/advent/Desktop/RC19/_x/link/vivado/vpl/prj/prj.gen/my_rm/bd/ulp/synth/ulp.v:5364]
WARNING: [Synth 8-7071] port 'm_axi_gmem0_AWSIZE' of module 'ulp_causal_mask_u55c_kernel_1_0' is unconnected for instance 'causal_mask_u55c_kernel_1' [/home/advent/Desktop/RC19/_x/link/vivado/vpl/prj/prj.gen/my_rm/bd/ulp/synth/ulp.v:5364]
WARNING: [Synth 8-7071] port 'm_axi_gmem0_AWBURST' of module 'ulp_causal_mask_u55c_kernel_1_0' is unconnected for instance 'causal_mask_u55c_kernel_1' [/home/advent/Desktop/RC19/_x/link/vivado/vpl/prj/prj.gen/my_rm/bd/ulp/synth/ulp.v:5364]
WARNING: [Synth 8-7071] port 'm_axi_gmem0_AWLOCK' of module 'ulp_causal_mask_u55c_kernel_1_0' is unconnected for instance 'causal_mask_u55c_kernel_1' [/home/advent/Desktop/RC19/_x/link/vivado/vpl/prj/prj.gen/my_rm/bd/ulp/synth/ulp.v:5364]
WARNING: [Synth 8-7071] port 'm_axi_gmem0_AWREGION' of module 'ulp_causal_mask_u55c_kernel_1_0' is unconnected for instance 'causal_mask_u55c_kernel_1' [/home/advent/Desktop/RC19/_x/link/vivado/vpl/prj/prj.gen/my_rm/bd/ulp/synth/ulp.v:5364]
WARNING: [Synth 8-7071] port 'm_axi_gmem0_AWCACHE' of module 'ulp_causal_mask_u55c_kernel_1_0' is unconnected for instance 'causal_mask_u55c_kernel_1' [/home/advent/Desktop/RC19/_x/link/vivado/vpl/prj/prj.gen/my_rm/bd/ulp/synth/ulp.v:5364]
WARNING: [Synth 8-7071] port 'm_axi_gmem0_AWPROT' of module 'ulp_causal_mask_u55c_kernel_1_0' is unconnected for instance 'causal_mask_u55c_kernel_1' [/home/advent/Desktop/RC19/_x/link/vivado/vpl/prj/prj.gen/my_rm/bd/ulp/synth/ulp.v:5364]
WARNING: [Synth 8-7071] port 'm_axi_gmem0_AWQOS' of module 'ulp_causal_mask_u55c_kernel_1_0' is unconnected for instance 'causal_mask_u55c_kernel_1' [/home/advent/Desktop/RC19/_x/link/vivado/vpl/prj/prj.gen/my_rm/bd/ulp/synth/ulp.v:5364]
WARNING: [Synth 8-7071] port 'm_axi_gmem0_AWVALID' of module 'ulp_causal_mask_u55c_kernel_1_0' is unconnected for instance 'causal_mask_u55c_kernel_1' [/home/advent/Desktop/RC19/_x/link/vivado/vpl/prj/prj.gen/my_rm/bd/ulp/synth/ulp.v:5364]
WARNING: [Synth 8-7071] port 'm_axi_gmem0_WID' of module 'ulp_causal_mask_u55c_kernel_1_0' is unconnected for instance 'causal_mask_u55c_kernel_1' [/home/advent/Desktop/RC19/_x/link/vivado/vpl/prj/prj.gen/my_rm/bd/ulp/synth/ulp.v:5364]
WARNING: [Synth 8-7071] port 'm_axi_gmem0_WDATA' of module 'ulp_causal_mask_u55c_kernel_1_0' is unconnected for instance 'causal_mask_u55c_kernel_1' [/home/advent/Desktop/RC19/_x/link/vivado/vpl/prj/prj.gen/my_rm/bd/ulp/synth/ulp.v:5364]
WARNING: [Synth 8-7071] port 'm_axi_gmem0_WSTRB' of module 'ulp_causal_mask_u55c_kernel_1_0' is unconnected for instance 'causal_mask_u55c_kernel_1' [/home/advent/Desktop/RC19/_x/link/vivado/vpl/prj/prj.gen/my_rm/bd/ulp/synth/ulp.v:5364]
WARNING: [Synth 8-7071] port 'm_axi_gmem0_WLAST' of module 'ulp_causal_mask_u55c_kernel_1_0' is unconnected for instance 'causal_mask_u55c_kernel_1' [/home/advent/Desktop/RC19/_x/link/vivado/vpl/prj/prj.gen/my_rm/bd/ulp/synth/ulp.v:5364]
WARNING: [Synth 8-7071] port 'm_axi_gmem0_WVALID' of module 'ulp_causal_mask_u55c_kernel_1_0' is unconnected for instance 'causal_mask_u55c_kernel_1' [/home/advent/Desktop/RC19/_x/link/vivado/vpl/prj/prj.gen/my_rm/bd/ulp/synth/ulp.v:5364]
WARNING: [Synth 8-7071] port 'm_axi_gmem0_BREADY' of module 'ulp_causal_mask_u55c_kernel_1_0' is unconnected for instance 'causal_mask_u55c_kernel_1' [/home/advent/Desktop/RC19/_x/link/vivado/vpl/prj/prj.gen/my_rm/bd/ulp/synth/ulp.v:5364]
WARNING: [Synth 8-7071] port 'm_axi_gmem0_ARREGION' of module 'ulp_causal_mask_u55c_kernel_1_0' is unconnected for instance 'causal_mask_u55c_kernel_1' [/home/advent/Desktop/RC19/_x/link/vivado/vpl/prj/prj.gen/my_rm/bd/ulp/synth/ulp.v:5364]
WARNING: [Synth 8-7071] port 'm_axi_gmem1_AWREGION' of module 'ulp_causal_mask_u55c_kernel_1_0' is unconnected for instance 'causal_mask_u55c_kernel_1' [/home/advent/Desktop/RC19/_x/link/vivado/vpl/prj/prj.gen/my_rm/bd/ulp/synth/ulp.v:5364]
WARNING: [Synth 8-7071] port 'm_axi_gmem1_WID' of module 'ulp_causal_mask_u55c_kernel_1_0' is unconnected for instance 'causal_mask_u55c_kernel_1' [/home/advent/Desktop/RC19/_x/link/vivado/vpl/prj/prj.gen/my_rm/bd/ulp/synth/ulp.v:5364]
WARNING: [Synth 8-7071] port 'm_axi_gmem1_ARID' of module 'ulp_causal_mask_u55c_kernel_1_0' is unconnected for instance 'causal_mask_u55c_kernel_1' [/home/advent/Desktop/RC19/_x/link/vivado/vpl/prj/prj.gen/my_rm/bd/ulp/synth/ulp.v:5364]
WARNING: [Synth 8-7071] port 'm_axi_gmem1_ARADDR' of module 'ulp_causal_mask_u55c_kernel_1_0' is unconnected for instance 'causal_mask_u55c_kernel_1' [/home/advent/Desktop/RC19/_x/link/vivado/vpl/prj/prj.gen/my_rm/bd/ulp/synth/ulp.v:5364]
WARNING: [Synth 8-7071] port 'm_axi_gmem1_ARLEN' of module 'ulp_causal_mask_u55c_kernel_1_0' is unconnected for instance 'causal_mask_u55c_kernel_1' [/home/advent/Desktop/RC19/_x/link/vivado/vpl/prj/prj.gen/my_rm/bd/ulp/synth/ulp.v:5364]
WARNING: [Synth 8-7071] port 'm_axi_gmem1_ARSIZE' of module 'ulp_causal_mask_u55c_kernel_1_0' is unconnected for instance 'causal_mask_u55c_kernel_1' [/home/advent/Desktop/RC19/_x/link/vivado/vpl/prj/prj.gen/my_rm/bd/ulp/synth/ulp.v:5364]
WARNING: [Synth 8-7071] port 'm_axi_gmem1_ARBURST' of module 'ulp_causal_mask_u55c_kernel_1_0' is unconnected for instance 'causal_mask_u55c_kernel_1' [/home/advent/Desktop/RC19/_x/link/vivado/vpl/prj/prj.gen/my_rm/bd/ulp/synth/ulp.v:5364]
WARNING: [Synth 8-7071] port 'm_axi_gmem1_ARLOCK' of module 'ulp_causal_mask_u55c_kernel_1_0' is unconnected for instance 'causal_mask_u55c_kernel_1' [/home/advent/Desktop/RC19/_x/link/vivado/vpl/prj/prj.gen/my_rm/bd/ulp/synth/ulp.v:5364]
WARNING: [Synth 8-7071] port 'm_axi_gmem1_ARREGION' of module 'ulp_causal_mask_u55c_kernel_1_0' is unconnected for instance 'causal_mask_u55c_kernel_1' [/home/advent/Desktop/RC19/_x/link/vivado/vpl/prj/prj.gen/my_rm/bd/ulp/synth/ulp.v:5364]
WARNING: [Synth 8-7071] port 'm_axi_gmem1_ARCACHE' of module 'ulp_causal_mask_u55c_kernel_1_0' is unconnected for instance 'causal_mask_u55c_kernel_1' [/home/advent/Desktop/RC19/_x/link/vivado/vpl/prj/prj.gen/my_rm/bd/ulp/synth/ulp.v:5364]
WARNING: [Synth 8-7071] port 'm_axi_gmem1_ARPROT' of module 'ulp_causal_mask_u55c_kernel_1_0' is unconnected for instance 'causal_mask_u55c_kernel_1' [/home/advent/Desktop/RC19/_x/link/vivado/vpl/prj/prj.gen/my_rm/bd/ulp/synth/ulp.v:5364]
WARNING: [Synth 8-7071] port 'm_axi_gmem1_ARQOS' of module 'ulp_causal_mask_u55c_kernel_1_0' is unconnected for instance 'causal_mask_u55c_kernel_1' [/home/advent/Desktop/RC19/_x/link/vivado/vpl/prj/prj.gen/my_rm/bd/ulp/synth/ulp.v:5364]
INFO: [Common 17-14] Message 'Synth 8-7071' appears 100 times and further instances of the messages will be disabled. Use the Tcl command set_msg_config to change the current settings.
WARNING: [Synth 8-7023] instance 'causal_mask_u55c_kernel_1' of module 'ulp_causal_mask_u55c_kernel_1_0' has 100 connections declared, but only 68 given [/home/advent/Desktop/RC19/_x/link/vivado/vpl/prj/prj.gen/my_rm/bd/ulp/synth/ulp.v:5364]
INFO: [Synth 8-6157] synthesizing module 'ulp_hmss_0_0' [/home/advent/Desktop/RC19/_x/link/vivado/vpl/prj/prj.runs/my_rm_synth_1/.Xil/Vivado-76845-advent/realtime/ulp_hmss_0_0_stub.v:5]
INFO: [Synth 8-6155] done synthesizing module 'ulp_hmss_0_0' (0#1) [/home/advent/Desktop/RC19/_x/link/vivado/vpl/prj/prj.runs/my_rm_synth_1/.Xil/Vivado-76845-advent/realtime/ulp_hmss_0_0_stub.v:5]
INFO: [Synth 8-6157] synthesizing module 'ulp_ii_level0_wire_0' [/home/advent/Desktop/RC19/_x/link/vivado/vpl/prj/prj.runs/my_rm_synth_1/.Xil/Vivado-76845-advent/realtime/ulp_ii_level0_wire_0_stub.v:5]
INFO: [Synth 8-6155] done synthesizing module 'ulp_ii_level0_wire_0' (0#1) [/home/advent/Desktop/RC19/_x/link/vivado/vpl/prj/prj.runs/my_rm_synth_1/.Xil/Vivado-76845-advent/realtime/ulp_ii_level0_wire_0_stub.v:5]
WARNING: [Synth 8-7023] instance 'ii_level0_wire' of module 'ulp_ii_level0_wire_0' has 354 connections declared, but only 340 given [/home/advent/Desktop/RC19/_x/link/vivado/vpl/prj/prj.gen/my_rm/bd/ulp/synth/ulp.v:5665]
INFO: [Synth 8-6157] synthesizing module 'ulp_ii_level0_wire_ulp_s_irq_cu_00_1_interrupt_concat_0' [/home/advent/Desktop/RC19/_x/link/vivado/vpl/prj/prj.gen/my_rm/bd/ulp/ip/ulp_ii_level0_wire_ulp_s_irq_cu_00_1_interrupt_concat_0/synth/ulp_ii_level0_wire_ulp_s_irq_cu_00_1_interrupt_concat_0.v:53]
INFO: [Synth 8-6157] synthesizing module 'xlconcat_v2_1_4_xlconcat' [/home/advent/Desktop/RC19/_x/link/vivado/vpl/prj/prj.gen/my_rm/bd/ulp/ipshared/4b67/hdl/xlconcat_v2_1_vl_rfs.v:14]
INFO: [Synth 8-6155] done synthesizing module 'xlconcat_v2_1_4_xlconcat' (0#1) [/home/advent/Desktop/RC19/_x/link/vivado/vpl/prj/prj.gen/my_rm/bd/ulp/ipshared/4b67/hdl/xlconcat_v2_1_vl_rfs.v:14]
INFO: [Synth 8-6155] done synthesizing module 'ulp_ii_level0_wire_ulp_s_irq_cu_00_1_interrupt_concat_0' (0#1) [/home/advent/Desktop/RC19/_x/link/vivado/vpl/prj/prj.gen/my_rm/bd/ulp/ip/ulp_ii_level0_wire_ulp_s_irq_cu_00_1_interrupt_concat_0/synth/ulp_ii_level0_wire_ulp_s_irq_cu_00_1_interrupt_concat_0.v:53]
INFO: [Synth 8-6157] synthesizing module 'ulp_ii_level0_wire_ulp_s_irq_cu_00_1_interrupt_concat_0_0' [/home/advent/Desktop/RC19/_x/link/vivado/vpl/prj/prj.gen/my_rm/bd/ulp/ip/ulp_ii_level0_wire_ulp_s_irq_cu_00_1_interrupt_concat_0_0/synth/ulp_ii_level0_wire_ulp_s_irq_cu_00_1_interrupt_concat_0_0.v:53]
INFO: [Synth 8-6157] synthesizing module 'xlconcat_v2_1_4_xlconcat__parameterized0' [/home/advent/Desktop/RC19/_x/link/vivado/vpl/prj/prj.gen/my_rm/bd/ulp/ipshared/4b67/hdl/xlconcat_v2_1_vl_rfs.v:14]
INFO: [Synth 8-6155] done synthesizing module 'xlconcat_v2_1_4_xlconcat__parameterized0' (0#1) [/home/advent/Desktop/RC19/_x/link/vivado/vpl/prj/prj.gen/my_rm/bd/ulp/ipshared/4b67/hdl/xlconcat_v2_1_vl_rfs.v:14]
INFO: [Synth 8-6155] done synthesizing module 'ulp_ii_level0_wire_ulp_s_irq_cu_00_1_interrupt_concat_0_0' (0#1) [/home/advent/Desktop/RC19/_x/link/vivado/vpl/prj/prj.gen/my_rm/bd/ulp/ip/ulp_ii_level0_wire_ulp_s_irq_cu_00_1_interrupt_concat_0_0/synth/ulp_ii_level0_wire_ulp_s_irq_cu_00_1_interrupt_concat_0_0.v:53]
INFO: [Synth 8-6157] synthesizing module 'ulp_ii_level0_wire_ulp_s_irq_cu_00_1_interrupt_concat_1_0' [/home/advent/Desktop/RC19/_x/link/vivado/vpl/prj/prj.gen/my_rm/bd/ulp/ip/ulp_ii_level0_wire_ulp_s_irq_cu_00_1_interrupt_concat_1_0/synth/ulp_ii_level0_wire_ulp_s_irq_cu_00_1_interrupt_concat_1_0.v:53]
INFO: [Synth 8-6155] done synthesizing module 'ulp_ii_level0_wire_ulp_s_irq_cu_00_1_interrupt_concat_1_0' (0#1) [/home/advent/Desktop/RC19/_x/link/vivado/vpl/prj/prj.gen/my_rm/bd/ulp/ip/ulp_ii_level0_wire_ulp_s_irq_cu_00_1_interrupt_concat_1_0/synth/ulp_ii_level0_wire_ulp_s_irq_cu_00_1_interrupt_concat_1_0.v:53]
INFO: [Synth 8-6157] synthesizing module 'ulp_ii_level0_wire_ulp_s_irq_cu_00_1_interrupt_concat_2_0' [/home/advent/Desktop/RC19/_x/link/vivado/vpl/prj/prj.gen/my_rm/bd/ulp/ip/ulp_ii_level0_wire_ulp_s_irq_cu_00_1_interrupt_concat_2_0/synth/ulp_ii_level0_wire_ulp_s_irq_cu_00_1_interrupt_concat_2_0.v:53]
INFO: [Synth 8-6155] done synthesizing module 'ulp_ii_level0_wire_ulp_s_irq_cu_00_1_interrupt_concat_2_0' (0#1) [/home/advent/Desktop/RC19/_x/link/vivado/vpl/prj/prj.gen/my_rm/bd/ulp/ip/ulp_ii_level0_wire_ulp_s_irq_cu_00_1_interrupt_concat_2_0/synth/ulp_ii_level0_wire_ulp_s_irq_cu_00_1_interrupt_concat_2_0.v:53]
INFO: [Synth 8-6157] synthesizing module 'ulp_ii_level0_wire_ulp_s_irq_cu_00_1_interrupt_concat_3_0' [/home/advent/Desktop/RC19/_x/link/vivado/vpl/prj/prj.gen/my_rm/bd/ulp/ip/ulp_ii_level0_wire_ulp_s_irq_cu_00_1_interrupt_concat_3_0/synth/ulp_ii_level0_wire_ulp_s_irq_cu_00_1_interrupt_concat_3_0.v:53]
INFO: [Synth 8-6155] done synthesizing module 'ulp_ii_level0_wire_ulp_s_irq_cu_00_1_interrupt_concat_3_0' (0#1) [/home/advent/Desktop/RC19/_x/link/vivado/vpl/prj/prj.gen/my_rm/bd/ulp/ip/ulp_ii_level0_wire_ulp_s_irq_cu_00_1_interrupt_concat_3_0/synth/ulp_ii_level0_wire_ulp_s_irq_cu_00_1_interrupt_concat_3_0.v:53]
INFO: [Synth 8-6157] synthesizing module 'ulp_irq_const_tieoff_0' [/home/advent/Desktop/RC19/_x/link/vivado/vpl/prj/prj.gen/my_rm/bd/ulp/ip/ulp_irq_const_tieoff_0/synth/ulp_irq_const_tieoff_0.v:53]
INFO: [Synth 8-6157] synthesizing module 'xlconstant_v1_1_7_xlconstant' [/home/advent/Desktop/RC19/_x/link/vivado/vpl/prj/prj.gen/my_rm/bd/ulp/ipshared/badb/hdl/xlconstant_v1_1_vl_rfs.v:23]
INFO: [Synth 8-6155] done synthesizing module 'xlconstant_v1_1_7_xlconstant' (0#1) [/home/advent/Desktop/RC19/_x/link/vivado/vpl/prj/prj.gen/my_rm/bd/ulp/ipshared/badb/hdl/xlconstant_v1_1_vl_rfs.v:23]
INFO: [Synth 8-6155] done synthesizing module 'ulp_irq_const_tieoff_0' (0#1) [/home/advent/Desktop/RC19/_x/link/vivado/vpl/prj/prj.gen/my_rm/bd/ulp/ip/ulp_irq_const_tieoff_0/synth/ulp_irq_const_tieoff_0.v:53]
INFO: [Synth 8-6157] synthesizing module 'ulp_proc_sys_reset_ctrl_slr0_0' [/home/advent/Desktop/RC19/_x/link/vivado/vpl/prj/prj.runs/my_rm_synth_1/.Xil/Vivado-76845-advent/realtime/ulp_proc_sys_reset_ctrl_slr0_0_stub.v:5]
INFO: [Synth 8-6155] done synthesizing module 'ulp_proc_sys_reset_ctrl_slr0_0' (0#1) [/home/advent/Desktop/RC19/_x/link/vivado/vpl/prj/prj.runs/my_rm_synth_1/.Xil/Vivado-76845-advent/realtime/ulp_proc_sys_reset_ctrl_slr0_0_stub.v:5]
WARNING: [Synth 8-7023] instance 'proc_sys_reset_ctrl_slr0' of module 'ulp_proc_sys_reset_ctrl_slr0_0' has 10 connections declared, but only 6 given [/home/advent/Desktop/RC19/_x/link/vivado/vpl/prj/prj.gen/my_rm/bd/ulp/synth/ulp.v:6150]
INFO: [Synth 8-6157] synthesizing module 'ulp_proc_sys_reset_ctrl_slr1_0' [/home/advent/Desktop/RC19/_x/link/vivado/vpl/prj/prj.runs/my_rm_synth_1/.Xil/Vivado-76845-advent/realtime/ulp_proc_sys_reset_ctrl_slr1_0_stub.v:5]
INFO: [Synth 8-6155] done synthesizing module 'ulp_proc_sys_reset_ctrl_slr1_0' (0#1) [/home/advent/Desktop/RC19/_x/link/vivado/vpl/prj/prj.runs/my_rm_synth_1/.Xil/Vivado-76845-advent/realtime/ulp_proc_sys_reset_ctrl_slr1_0_stub.v:5]
WARNING: [Synth 8-7023] instance 'proc_sys_reset_ctrl_slr1' of module 'ulp_proc_sys_reset_ctrl_slr1_0' has 10 connections declared, but only 6 given [/home/advent/Desktop/RC19/_x/link/vivado/vpl/prj/prj.gen/my_rm/bd/ulp/synth/ulp.v:6157]
INFO: [Synth 8-6157] synthesizing module 'ulp_proc_sys_reset_ctrl_slr2_0' [/home/advent/Desktop/RC19/_x/link/vivado/vpl/prj/prj.runs/my_rm_synth_1/.Xil/Vivado-76845-advent/realtime/ulp_proc_sys_reset_ctrl_slr2_0_stub.v:5]
INFO: [Synth 8-6155] done synthesizing module 'ulp_proc_sys_reset_ctrl_slr2_0' (0#1) [/home/advent/Desktop/RC19/_x/link/vivado/vpl/prj/prj.runs/my_rm_synth_1/.Xil/Vivado-76845-advent/realtime/ulp_proc_sys_reset_ctrl_slr2_0_stub.v:5]
WARNING: [Synth 8-7023] instance 'proc_sys_reset_ctrl_slr2' of module 'ulp_proc_sys_reset_ctrl_slr2_0' has 10 connections declared, but only 6 given [/home/advent/Desktop/RC19/_x/link/vivado/vpl/prj/prj.gen/my_rm/bd/ulp/synth/ulp.v:6164]
WARNING: [Synth 8-4446] all outputs are unconnected for this instance and logic may be removed [/home/advent/Desktop/RC19/_x/link/vivado/vpl/prj/prj.gen/my_rm/bd/ulp/synth/ulp.v:6171]
INFO: [Synth 8-6157] synthesizing module 'ulp_proc_sys_reset_freerun_slr0_0' [/home/advent/Desktop/RC19/_x/link/vivado/vpl/prj/prj.runs/my_rm_synth_1/.Xil/Vivado-76845-advent/realtime/ulp_proc_sys_reset_freerun_slr0_0_stub.v:5]
INFO: [Synth 8-6155] done synthesizing module 'ulp_proc_sys_reset_freerun_slr0_0' (0#1) [/home/advent/Desktop/RC19/_x/link/vivado/vpl/prj/prj.runs/my_rm_synth_1/.Xil/Vivado-76845-advent/realtime/ulp_proc_sys_reset_freerun_slr0_0_stub.v:5]
WARNING: [Synth 8-7023] instance 'proc_sys_reset_freerun_slr0' of module 'ulp_proc_sys_reset_freerun_slr0_0' has 10 connections declared, but only 5 given [/home/advent/Desktop/RC19/_x/link/vivado/vpl/prj/prj.gen/my_rm/bd/ulp/synth/ulp.v:6171]
WARNING: [Synth 8-4446] all outputs are unconnected for this instance and logic may be removed [/home/advent/Desktop/RC19/_x/link/vivado/vpl/prj/prj.gen/my_rm/bd/ulp/synth/ulp.v:6177]
INFO: [Synth 8-6157] synthesizing module 'ulp_proc_sys_reset_freerun_slr1_0' [/home/advent/Desktop/RC19/_x/link/vivado/vpl/prj/prj.runs/my_rm_synth_1/.Xil/Vivado-76845-advent/realtime/ulp_proc_sys_reset_freerun_slr1_0_stub.v:5]
INFO: [Synth 8-6155] done synthesizing module 'ulp_proc_sys_reset_freerun_slr1_0' (0#1) [/home/advent/Desktop/RC19/_x/link/vivado/vpl/prj/prj.runs/my_rm_synth_1/.Xil/Vivado-76845-advent/realtime/ulp_proc_sys_reset_freerun_slr1_0_stub.v:5]
WARNING: [Synth 8-7023] instance 'proc_sys_reset_freerun_slr1' of module 'ulp_proc_sys_reset_freerun_slr1_0' has 10 connections declared, but only 5 given [/home/advent/Desktop/RC19/_x/link/vivado/vpl/prj/prj.gen/my_rm/bd/ulp/synth/ulp.v:6177]
WARNING: [Synth 8-4446] all outputs are unconnected for this instance and logic may be removed [/home/advent/Desktop/RC19/_x/link/vivado/vpl/prj/prj.gen/my_rm/bd/ulp/synth/ulp.v:6183]
INFO: [Synth 8-6157] synthesizing module 'ulp_proc_sys_reset_freerun_slr2_0' [/home/advent/Desktop/RC19/_x/link/vivado/vpl/prj/prj.runs/my_rm_synth_1/.Xil/Vivado-76845-advent/realtime/ulp_proc_sys_reset_freerun_slr2_0_stub.v:5]
INFO: [Synth 8-6155] done synthesizing module 'ulp_proc_sys_reset_freerun_slr2_0' (0#1) [/home/advent/Desktop/RC19/_x/link/vivado/vpl/prj/prj.runs/my_rm_synth_1/.Xil/Vivado-76845-advent/realtime/ulp_proc_sys_reset_freerun_slr2_0_stub.v:5]
WARNING: [Synth 8-7023] instance 'proc_sys_reset_freerun_slr2' of module 'ulp_proc_sys_reset_freerun_slr2_0' has 10 connections declared, but only 5 given [/home/advent/Desktop/RC19/_x/link/vivado/vpl/prj/prj.gen/my_rm/bd/ulp/synth/ulp.v:6183]
INFO: [Synth 8-6157] synthesizing module 'ulp_proc_sys_reset_kernel2_slr0_0' [/home/advent/Desktop/RC19/_x/link/vivado/vpl/prj/prj.runs/my_rm_synth_1/.Xil/Vivado-76845-advent/realtime/ulp_proc_sys_reset_kernel2_slr0_0_stub.v:5]
INFO: [Synth 8-6155] done synthesizing module 'ulp_proc_sys_reset_kernel2_slr0_0' (0#1) [/home/advent/Desktop/RC19/_x/link/vivado/vpl/prj/prj.runs/my_rm_synth_1/.Xil/Vivado-76845-advent/realtime/ulp_proc_sys_reset_kernel2_slr0_0_stub.v:5]
WARNING: [Synth 8-7023] instance 'proc_sys_reset_kernel2_slr0' of module 'ulp_proc_sys_reset_kernel2_slr0_0' has 10 connections declared, but only 6 given [/home/advent/Desktop/RC19/_x/link/vivado/vpl/prj/prj.gen/my_rm/bd/ulp/synth/ulp.v:6189]
INFO: [Synth 8-6157] synthesizing module 'ulp_proc_sys_reset_kernel2_slr1_0' [/home/advent/Desktop/RC19/_x/link/vivado/vpl/prj/prj.runs/my_rm_synth_1/.Xil/Vivado-76845-advent/realtime/ulp_proc_sys_reset_kernel2_slr1_0_stub.v:5]
INFO: [Synth 8-6155] done synthesizing module 'ulp_proc_sys_reset_kernel2_slr1_0' (0#1) [/home/advent/Desktop/RC19/_x/link/vivado/vpl/prj/prj.runs/my_rm_synth_1/.Xil/Vivado-76845-advent/realtime/ulp_proc_sys_reset_kernel2_slr1_0_stub.v:5]
WARNING: [Synth 8-7023] instance 'proc_sys_reset_kernel2_slr1' of module 'ulp_proc_sys_reset_kernel2_slr1_0' has 10 connections declared, but only 6 given [/home/advent/Desktop/RC19/_x/link/vivado/vpl/prj/prj.gen/my_rm/bd/ulp/synth/ulp.v:6196]
INFO: [Synth 8-6157] synthesizing module 'ulp_proc_sys_reset_kernel2_slr2_0' [/home/advent/Desktop/RC19/_x/link/vivado/vpl/prj/prj.runs/my_rm_synth_1/.Xil/Vivado-76845-advent/realtime/ulp_proc_sys_reset_kernel2_slr2_0_stub.v:5]
INFO: [Synth 8-6155] done synthesizing module 'ulp_proc_sys_reset_kernel2_slr2_0' (0#1) [/home/advent/Desktop/RC19/_x/link/vivado/vpl/prj/prj.runs/my_rm_synth_1/.Xil/Vivado-76845-advent/realtime/ulp_proc_sys_reset_kernel2_slr2_0_stub.v:5]
WARNING: [Synth 8-7023] instance 'proc_sys_reset_kernel2_slr2' of module 'ulp_proc_sys_reset_kernel2_slr2_0' has 10 connections declared, but only 6 given [/home/advent/Desktop/RC19/_x/link/vivado/vpl/prj/prj.gen/my_rm/bd/ulp/synth/ulp.v:6203]
INFO: [Synth 8-6157] synthesizing module 'ulp_proc_sys_reset_kernel_slr0_0' [/home/advent/Desktop/RC19/_x/link/vivado/vpl/prj/prj.runs/my_rm_synth_1/.Xil/Vivado-76845-advent/realtime/ulp_proc_sys_reset_kernel_slr0_0_stub.v:5]
INFO: [Synth 8-6155] done synthesizing module 'ulp_proc_sys_reset_kernel_slr0_0' (0#1) [/home/advent/Desktop/RC19/_x/link/vivado/vpl/prj/prj.runs/my_rm_synth_1/.Xil/Vivado-76845-advent/realtime/ulp_proc_sys_reset_kernel_slr0_0_stub.v:5]
WARNING: [Synth 8-7023] instance 'proc_sys_reset_kernel_slr0' of module 'ulp_proc_sys_reset_kernel_slr0_0' has 10 connections declared, but only 7 given [/home/advent/Desktop/RC19/_x/link/vivado/vpl/prj/prj.gen/my_rm/bd/ulp/synth/ulp.v:6210]
INFO: [Synth 8-6157] synthesizing module 'ulp_proc_sys_reset_kernel_slr1_0' [/home/advent/Desktop/RC19/_x/link/vivado/vpl/prj/prj.runs/my_rm_synth_1/.Xil/Vivado-76845-advent/realtime/ulp_proc_sys_reset_kernel_slr1_0_stub.v:5]
INFO: [Synth 8-6155] done synthesizing module 'ulp_proc_sys_reset_kernel_slr1_0' (0#1) [/home/advent/Desktop/RC19/_x/link/vivado/vpl/prj/prj.runs/my_rm_synth_1/.Xil/Vivado-76845-advent/realtime/ulp_proc_sys_reset_kernel_slr1_0_stub.v:5]
WARNING: [Synth 8-7023] instance 'proc_sys_reset_kernel_slr1' of module 'ulp_proc_sys_reset_kernel_slr1_0' has 10 connections declared, but only 6 given [/home/advent/Desktop/RC19/_x/link/vivado/vpl/prj/prj.gen/my_rm/bd/ulp/synth/ulp.v:6218]
INFO: [Synth 8-6157] synthesizing module 'ulp_proc_sys_reset_kernel_slr2_0' [/home/advent/Desktop/RC19/_x/link/vivado/vpl/prj/prj.runs/my_rm_synth_1/.Xil/Vivado-76845-advent/realtime/ulp_proc_sys_reset_kernel_slr2_0_stub.v:5]
INFO: [Synth 8-6155] done synthesizing module 'ulp_proc_sys_reset_kernel_slr2_0' (0#1) [/home/advent/Desktop/RC19/_x/link/vivado/vpl/prj/prj.runs/my_rm_synth_1/.Xil/Vivado-76845-advent/realtime/ulp_proc_sys_reset_kernel_slr2_0_stub.v:5]
WARNING: [Synth 8-7023] instance 'proc_sys_reset_kernel_slr2' of module 'ulp_proc_sys_reset_kernel_slr2_0' has 10 connections declared, but only 6 given [/home/advent/Desktop/RC19/_x/link/vivado/vpl/prj/prj.gen/my_rm/bd/ulp/synth/ulp.v:6225]
INFO: [Synth 8-6157] synthesizing module 'ulp_satellite_gpio_slice_1_0' [/home/advent/Desktop/RC19/_x/link/vivado/vpl/prj/prj.gen/my_rm/bd/ulp/ip/ulp_satellite_gpio_slice_1_0/synth/ulp_satellite_gpio_slice_1_0.v:53]
INFO: [Synth 8-6157] synthesizing module 'xlslice_v1_0_2_xlslice' [/home/advent/Desktop/RC19/_x/link/vivado/vpl/prj/prj.gen/my_rm/bd/ulp/ipshared/11d0/hdl/xlslice_v1_0_vl_rfs.v:13]
INFO: [Synth 8-6155] done synthesizing module 'xlslice_v1_0_2_xlslice' (0#1) [/home/advent/Desktop/RC19/_x/link/vivado/vpl/prj/prj.gen/my_rm/bd/ulp/ipshared/11d0/hdl/xlslice_v1_0_vl_rfs.v:13]
INFO: [Synth 8-6155] done synthesizing module 'ulp_satellite_gpio_slice_1_0' (0#1) [/home/advent/Desktop/RC19/_x/link/vivado/vpl/prj/prj.gen/my_rm/bd/ulp/ip/ulp_satellite_gpio_slice_1_0/synth/ulp_satellite_gpio_slice_1_0.v:53]
INFO: [Synth 8-6157] synthesizing module 'ulp_score_scale_u55c_kernel_1_0' [/home/advent/Desktop/RC19/_x/link/vivado/vpl/prj/prj.runs/my_rm_synth_1/.Xil/Vivado-76845-advent/realtime/ulp_score_scale_u55c_kernel_1_0_stub.v:5]
INFO: [Synth 8-6155] done synthesizing module 'ulp_score_scale_u55c_kernel_1_0' (0#1) [/home/advent/Desktop/RC19/_x/link/vivado/vpl/prj/prj.runs/my_rm_synth_1/.Xil/Vivado-76845-advent/realtime/ulp_score_scale_u55c_kernel_1_0_stub.v:5]
WARNING: [Synth 8-7023] instance 'score_scale_u55c_kernel_1' of module 'ulp_score_scale_u55c_kernel_1_0' has 100 connections declared, but only 68 given [/home/advent/Desktop/RC19/_x/link/vivado/vpl/prj/prj.gen/my_rm/bd/ulp/synth/ulp.v:6235]
INFO: [Synth 8-6157] synthesizing module 'ulp_softmax_u55c_kernel_1_0' [/home/advent/Desktop/RC19/_x/link/vivado/vpl/prj/prj.runs/my_rm_synth_1/.Xil/Vivado-76845-advent/realtime/ulp_softmax_u55c_kernel_1_0_stub.v:5]
INFO: [Synth 8-6155] done synthesizing module 'ulp_softmax_u55c_kernel_1_0' (0#1) [/home/advent/Desktop/RC19/_x/link/vivado/vpl/prj/prj.runs/my_rm_synth_1/.Xil/Vivado-76845-advent/realtime/ulp_softmax_u55c_kernel_1_0_stub.v:5]
WARNING: [Synth 8-7023] instance 'softmax_u55c_kernel_1' of module 'ulp_softmax_u55c_kernel_1_0' has 100 connections declared, but only 68 given [/home/advent/Desktop/RC19/_x/link/vivado/vpl/prj/prj.gen/my_rm/bd/ulp/synth/ulp.v:6304]
INFO: [Synth 8-6157] synthesizing module 'ulp_ulp_cmp_0' [/home/advent/Desktop/RC19/_x/link/vivado/vpl/prj/prj.runs/my_rm_synth_1/.Xil/Vivado-76845-advent/realtime/ulp_ulp_cmp_0_stub.v:5]
INFO: [Synth 8-6155] done synthesizing module 'ulp_ulp_cmp_0' (0#1) [/home/advent/Desktop/RC19/_x/link/vivado/vpl/prj/prj.runs/my_rm_synth_1/.Xil/Vivado-76845-advent/realtime/ulp_ulp_cmp_0_stub.v:5]
INFO: [Synth 8-6157] synthesizing module 'ulp_ulp_ucs_0' [/home/advent/Desktop/RC19/_x/link/vivado/vpl/prj/prj.runs/my_rm_synth_1/.Xil/Vivado-76845-advent/realtime/ulp_ulp_ucs_0_stub.v:5]
INFO: [Synth 8-6155] done synthesizing module 'ulp_ulp_ucs_0' (0#1) [/home/advent/Desktop/RC19/_x/link/vivado/vpl/prj/prj.runs/my_rm_synth_1/.Xil/Vivado-76845-advent/realtime/ulp_ulp_ucs_0_stub.v:5]
INFO: [Synth 8-6155] done synthesizing module 'ulp' (0#1) [/home/advent/Desktop/RC19/_x/link/vivado/vpl/prj/prj.gen/my_rm/bd/ulp/synth/ulp.v:3790]
WARNING: [Synth 8-3848] Net io_gt_qsfp0_00_gtx_n in module/entity ulp does not have driver. [/home/advent/Desktop/RC19/_x/link/vivado/vpl/prj/prj.gen/my_rm/bd/ulp/synth/ulp.v:4164]
WARNING: [Synth 8-3848] Net io_gt_qsfp0_00_gtx_p in module/entity ulp does not have driver. [/home/advent/Desktop/RC19/_x/link/vivado/vpl/prj/prj.gen/my_rm/bd/ulp/synth/ulp.v:4165]
WARNING: [Synth 8-3848] Net io_gt_qsfp1_00_gtx_n in module/entity ulp does not have driver. [/home/advent/Desktop/RC19/_x/link/vivado/vpl/prj/prj.gen/my_rm/bd/ulp/synth/ulp.v:4168]
WARNING: [Synth 8-3848] Net io_gt_qsfp1_00_gtx_p in module/entity ulp does not have driver. [/home/advent/Desktop/RC19/_x/link/vivado/vpl/prj/prj.gen/my_rm/bd/ulp/synth/ulp.v:4169]
WARNING: [Synth 8-7129] Port Din[3] in module xlslice_v1_0_2_xlslice is either unconnected or has no load
WARNING: [Synth 8-7129] Port Din[2] in module xlslice_v1_0_2_xlslice is either unconnected or has no load
WARNING: [Synth 8-7129] Port Din[0] in module xlslice_v1_0_2_xlslice is either unconnected or has no load
WARNING: [Synth 8-7129] Port In32[0] in module xlconcat_v2_1_4_xlconcat__parameterized0 is either unconnected or has no load
WARNING: [Synth 8-7129] Port In33[0] in module xlconcat_v2_1_4_xlconcat__parameterized0 is either unconnected or has no load
WARNING: [Synth 8-7129] Port In34[0] in module xlconcat_v2_1_4_xlconcat__parameterized0 is either unconnected or has no load
WARNING: [Synth 8-7129] Port In35[0] in module xlconcat_v2_1_4_xlconcat__parameterized0 is either unconnected or has no load
WARNING: [Synth 8-7129] Port In36[0] in module xlconcat_v2_1_4_xlconcat__parameterized0 is either unconnected or has no load
WARNING: [Synth 8-7129] Port In37[0] in module xlconcat_v2_1_4_xlconcat__parameterized0 is either unconnected or has no load
WARNING: [Synth 8-7129] Port In38[0] in module xlconcat_v2_1_4_xlconcat__parameterized0 is either unconnected or has no load
WARNING: [Synth 8-7129] Port In39[0] in module xlconcat_v2_1_4_xlconcat__parameterized0 is either unconnected or has no load
WARNING: [Synth 8-7129] Port In40[0] in module xlconcat_v2_1_4_xlconcat__parameterized0 is either unconnected or has no load
WARNING: [Synth 8-7129] Port In41[0] in module xlconcat_v2_1_4_xlconcat__parameterized0 is either unconnected or has no load
WARNING: [Synth 8-7129] Port In42[0] in module xlconcat_v2_1_4_xlconcat__parameterized0 is either unconnected or has no load
WARNING: [Synth 8-7129] Port In43[0] in module xlconcat_v2_1_4_xlconcat__parameterized0 is either unconnected or has no load
WARNING: [Synth 8-7129] Port In44[0] in module xlconcat_v2_1_4_xlconcat__parameterized0 is either unconnected or has no load
WARNING: [Synth 8-7129] Port In45[0] in module xlconcat_v2_1_4_xlconcat__parameterized0 is either unconnected or has no load
WARNING: [Synth 8-7129] Port In46[0] in module xlconcat_v2_1_4_xlconcat__parameterized0 is either unconnected or has no load
WARNING: [Synth 8-7129] Port In47[0] in module xlconcat_v2_1_4_xlconcat__parameterized0 is either unconnected or has no load
WARNING: [Synth 8-7129] Port In48[0] in module xlconcat_v2_1_4_xlconcat__parameterized0 is either unconnected or has no load
WARNING: [Synth 8-7129] Port In49[0] in module xlconcat_v2_1_4_xlconcat__parameterized0 is either unconnected or has no load
WARNING: [Synth 8-7129] Port In50[0] in module xlconcat_v2_1_4_xlconcat__parameterized0 is either unconnected or has no load
WARNING: [Synth 8-7129] Port In51[0] in module xlconcat_v2_1_4_xlconcat__parameterized0 is either unconnected or has no load
WARNING: [Synth 8-7129] Port In52[0] in module xlconcat_v2_1_4_xlconcat__parameterized0 is either unconnected or has no load
WARNING: [Synth 8-7129] Port In53[0] in module xlconcat_v2_1_4_xlconcat__parameterized0 is either unconnected or has no load
WARNING: [Synth 8-7129] Port In54[0] in module xlconcat_v2_1_4_xlconcat__parameterized0 is either unconnected or has no load
WARNING: [Synth 8-7129] Port In55[0] in module xlconcat_v2_1_4_xlconcat__parameterized0 is either unconnected or has no load
WARNING: [Synth 8-7129] Port In56[0] in module xlconcat_v2_1_4_xlconcat__parameterized0 is either unconnected or has no load
WARNING: [Synth 8-7129] Port In57[0] in module xlconcat_v2_1_4_xlconcat__parameterized0 is either unconnected or has no load
WARNING: [Synth 8-7129] Port In58[0] in module xlconcat_v2_1_4_xlconcat__parameterized0 is either unconnected or has no load
WARNING: [Synth 8-7129] Port In59[0] in module xlconcat_v2_1_4_xlconcat__parameterized0 is either unconnected or has no load
WARNING: [Synth 8-7129] Port In60[0] in module xlconcat_v2_1_4_xlconcat__parameterized0 is either unconnected or has no load
WARNING: [Synth 8-7129] Port In61[0] in module xlconcat_v2_1_4_xlconcat__parameterized0 is either unconnected or has no load
WARNING: [Synth 8-7129] Port In62[0] in module xlconcat_v2_1_4_xlconcat__parameterized0 is either unconnected or has no load
WARNING: [Synth 8-7129] Port In63[0] in module xlconcat_v2_1_4_xlconcat__parameterized0 is either unconnected or has no load
WARNING: [Synth 8-7129] Port In64[0] in module xlconcat_v2_1_4_xlconcat__parameterized0 is either unconnected or has no load
WARNING: [Synth 8-7129] Port In65[0] in module xlconcat_v2_1_4_xlconcat__parameterized0 is either unconnected or has no load
WARNING: [Synth 8-7129] Port In66[0] in module xlconcat_v2_1_4_xlconcat__parameterized0 is either unconnected or has no load
WARNING: [Synth 8-7129] Port In67[0] in module xlconcat_v2_1_4_xlconcat__parameterized0 is either unconnected or has no load
WARNING: [Synth 8-7129] Port In68[0] in module xlconcat_v2_1_4_xlconcat__parameterized0 is either unconnected or has no load
WARNING: [Synth 8-7129] Port In69[0] in module xlconcat_v2_1_4_xlconcat__parameterized0 is either unconnected or has no load
WARNING: [Synth 8-7129] Port In70[0] in module xlconcat_v2_1_4_xlconcat__parameterized0 is either unconnected or has no load
WARNING: [Synth 8-7129] Port In71[0] in module xlconcat_v2_1_4_xlconcat__parameterized0 is either unconnected or has no load
WARNING: [Synth 8-7129] Port In72[0] in module xlconcat_v2_1_4_xlconcat__parameterized0 is either unconnected or has no load
WARNING: [Synth 8-7129] Port In73[0] in module xlconcat_v2_1_4_xlconcat__parameterized0 is either unconnected or has no load
WARNING: [Synth 8-7129] Port In74[0] in module xlconcat_v2_1_4_xlconcat__parameterized0 is either unconnected or has no load
WARNING: [Synth 8-7129] Port In75[0] in module xlconcat_v2_1_4_xlconcat__parameterized0 is either unconnected or has no load
WARNING: [Synth 8-7129] Port In76[0] in module xlconcat_v2_1_4_xlconcat__parameterized0 is either unconnected or has no load
WARNING: [Synth 8-7129] Port In77[0] in module xlconcat_v2_1_4_xlconcat__parameterized0 is either unconnected or has no load
WARNING: [Synth 8-7129] Port In78[0] in module xlconcat_v2_1_4_xlconcat__parameterized0 is either unconnected or has no load
WARNING: [Synth 8-7129] Port In79[0] in module xlconcat_v2_1_4_xlconcat__parameterized0 is either unconnected or has no load
WARNING: [Synth 8-7129] Port In80[0] in module xlconcat_v2_1_4_xlconcat__parameterized0 is either unconnected or has no load
WARNING: [Synth 8-7129] Port In81[0] in module xlconcat_v2_1_4_xlconcat__parameterized0 is either unconnected or has no load
WARNING: [Synth 8-7129] Port In82[0] in module xlconcat_v2_1_4_xlconcat__parameterized0 is either unconnected or has no load
WARNING: [Synth 8-7129] Port In83[0] in module xlconcat_v2_1_4_xlconcat__parameterized0 is either unconnected or has no load
WARNING: [Synth 8-7129] Port In84[0] in module xlconcat_v2_1_4_xlconcat__parameterized0 is either unconnected or has no load
WARNING: [Synth 8-7129] Port In85[0] in module xlconcat_v2_1_4_xlconcat__parameterized0 is either unconnected or has no load
WARNING: [Synth 8-7129] Port In86[0] in module xlconcat_v2_1_4_xlconcat__parameterized0 is either unconnected or has no load
WARNING: [Synth 8-7129] Port In87[0] in module xlconcat_v2_1_4_xlconcat__parameterized0 is either unconnected or has no load
WARNING: [Synth 8-7129] Port In88[0] in module xlconcat_v2_1_4_xlconcat__parameterized0 is either unconnected or has no load
WARNING: [Synth 8-7129] Port In89[0] in module xlconcat_v2_1_4_xlconcat__parameterized0 is either unconnected or has no load
WARNING: [Synth 8-7129] Port In90[0] in module xlconcat_v2_1_4_xlconcat__parameterized0 is either unconnected or has no load
WARNING: [Synth 8-7129] Port In91[0] in module xlconcat_v2_1_4_xlconcat__parameterized0 is either unconnected or has no load
WARNING: [Synth 8-7129] Port In92[0] in module xlconcat_v2_1_4_xlconcat__parameterized0 is either unconnected or has no load
WARNING: [Synth 8-7129] Port In93[0] in module xlconcat_v2_1_4_xlconcat__parameterized0 is either unconnected or has no load
WARNING: [Synth 8-7129] Port In94[0] in module xlconcat_v2_1_4_xlconcat__parameterized0 is either unconnected or has no load
WARNING: [Synth 8-7129] Port In95[0] in module xlconcat_v2_1_4_xlconcat__parameterized0 is either unconnected or has no load
WARNING: [Synth 8-7129] Port In96[0] in module xlconcat_v2_1_4_xlconcat__parameterized0 is either unconnected or has no load
WARNING: [Synth 8-7129] Port In97[0] in module xlconcat_v2_1_4_xlconcat__parameterized0 is either unconnected or has no load
WARNING: [Synth 8-7129] Port In98[0] in module xlconcat_v2_1_4_xlconcat__parameterized0 is either unconnected or has no load
WARNING: [Synth 8-7129] Port In99[0] in module xlconcat_v2_1_4_xlconcat__parameterized0 is either unconnected or has no load
WARNING: [Synth 8-7129] Port In100[0] in module xlconcat_v2_1_4_xlconcat__parameterized0 is either unconnected or has no load
WARNING: [Synth 8-7129] Port In101[0] in module xlconcat_v2_1_4_xlconcat__parameterized0 is either unconnected or has no load
WARNING: [Synth 8-7129] Port In102[0] in module xlconcat_v2_1_4_xlconcat__parameterized0 is either unconnected or has no load
WARNING: [Synth 8-7129] Port In103[0] in module xlconcat_v2_1_4_xlconcat__parameterized0 is either unconnected or has no load
WARNING: [Synth 8-7129] Port In104[0] in module xlconcat_v2_1_4_xlconcat__parameterized0 is either unconnected or has no load
WARNING: [Synth 8-7129] Port In105[0] in module xlconcat_v2_1_4_xlconcat__parameterized0 is either unconnected or has no load
WARNING: [Synth 8-7129] Port In106[0] in module xlconcat_v2_1_4_xlconcat__parameterized0 is either unconnected or has no load
WARNING: [Synth 8-7129] Port In107[0] in module xlconcat_v2_1_4_xlconcat__parameterized0 is either unconnected or has no load
WARNING: [Synth 8-7129] Port In108[0] in module xlconcat_v2_1_4_xlconcat__parameterized0 is either unconnected or has no load
WARNING: [Synth 8-7129] Port In109[0] in module xlconcat_v2_1_4_xlconcat__parameterized0 is either unconnected or has no load
WARNING: [Synth 8-7129] Port In110[0] in module xlconcat_v2_1_4_xlconcat__parameterized0 is either unconnected or has no load
WARNING: [Synth 8-7129] Port In111[0] in module xlconcat_v2_1_4_xlconcat__parameterized0 is either unconnected or has no load
WARNING: [Synth 8-7129] Port In112[0] in module xlconcat_v2_1_4_xlconcat__parameterized0 is either unconnected or has no load
WARNING: [Synth 8-7129] Port In113[0] in module xlconcat_v2_1_4_xlconcat__parameterized0 is either unconnected or has no load
WARNING: [Synth 8-7129] Port In114[0] in module xlconcat_v2_1_4_xlconcat__parameterized0 is either unconnected or has no load
WARNING: [Synth 8-7129] Port In115[0] in module xlconcat_v2_1_4_xlconcat__parameterized0 is either unconnected or has no load
WARNING: [Synth 8-7129] Port In116[0] in module xlconcat_v2_1_4_xlconcat__parameterized0 is either unconnected or has no load
WARNING: [Synth 8-7129] Port In117[0] in module xlconcat_v2_1_4_xlconcat__parameterized0 is either unconnected or has no load
WARNING: [Synth 8-7129] Port In118[0] in module xlconcat_v2_1_4_xlconcat__parameterized0 is either unconnected or has no load
WARNING: [Synth 8-7129] Port In119[0] in module xlconcat_v2_1_4_xlconcat__parameterized0 is either unconnected or has no load
WARNING: [Synth 8-7129] Port In120[0] in module xlconcat_v2_1_4_xlconcat__parameterized0 is either unconnected or has no load
WARNING: [Synth 8-7129] Port In121[0] in module xlconcat_v2_1_4_xlconcat__parameterized0 is either unconnected or has no load
WARNING: [Synth 8-7129] Port In122[0] in module xlconcat_v2_1_4_xlconcat__parameterized0 is either unconnected or has no load
WARNING: [Synth 8-7129] Port In123[0] in module xlconcat_v2_1_4_xlconcat__parameterized0 is either unconnected or has no load
WARNING: [Synth 8-7129] Port In124[0] in module xlconcat_v2_1_4_xlconcat__parameterized0 is either unconnected or has no load
WARNING: [Synth 8-7129] Port In125[0] in module xlconcat_v2_1_4_xlconcat__parameterized0 is either unconnected or has no load
WARNING: [Synth 8-7129] Port In126[0] in module xlconcat_v2_1_4_xlconcat__parameterized0 is either unconnected or has no load
WARNING: [Synth 8-7129] Port In127[0] in module xlconcat_v2_1_4_xlconcat__parameterized0 is either unconnected or has no load
WARNING: [Synth 8-7129] Port In4[0] in module xlconcat_v2_1_4_xlconcat is either unconnected or has no load
INFO: [Common 17-14] Message 'Synth 8-7129' appears 100 times and further instances of the messages will be disabled. Use the Tcl command set_msg_config to change the current settings.
---------------------------------------------------------------------------------
Finished RTL Elaboration : Time (s): cpu = 00:00:03 ; elapsed = 00:00:03 . Memory (MB): peak = 3341.824 ; gain = 456.609 ; free physical = 18016 ; free virtual = 23049
Synthesis current peak Physical Memory [PSS] (MB): peak = 2687.929; parent = 2480.074; children = 207.854
Synthesis current peak Virtual Memory [VSS] (MB): peak = 4311.586; parent = 3341.828; children = 969.758
---------------------------------------------------------------------------------
---------------------------------------------------------------------------------
Start Handling Custom Attributes
---------------------------------------------------------------------------------
---------------------------------------------------------------------------------
Finished Handling Custom Attributes : Time (s): cpu = 00:00:03 ; elapsed = 00:00:03 . Memory (MB): peak = 3359.637 ; gain = 474.422 ; free physical = 18012 ; free virtual = 23045
Synthesis current peak Physical Memory [PSS] (MB): peak = 2687.929; parent = 2480.074; children = 207.854
Synthesis current peak Virtual Memory [VSS] (MB): peak = 4329.398; parent = 3359.641; children = 969.758
---------------------------------------------------------------------------------
---------------------------------------------------------------------------------
Finished RTL Optimization Phase 1 : Time (s): cpu = 00:00:03 ; elapsed = 00:00:03 . Memory (MB): peak = 3359.637 ; gain = 474.422 ; free physical = 18016 ; free virtual = 23050
Synthesis current peak Physical Memory [PSS] (MB): peak = 2687.929; parent = 2480.074; children = 207.854
Synthesis current peak Virtual Memory [VSS] (MB): peak = 4329.398; parent = 3359.641; children = 969.758
---------------------------------------------------------------------------------
Netlist sorting complete. Time (s): cpu = 00:00:00.05 ; elapsed = 00:00:00.04 . Memory (MB): peak = 3359.637 ; gain = 0.000 ; free physical = 18010 ; free virtual = 23043
INFO: [Project 1-570] Preparing netlist for logic optimization

Processing XDC Constraints
Initializing timing engine
Parsing XDC File [/home/advent/Desktop/RC19/_x/link/vivado/vpl/prj/prj.gen/my_rm/bd/ulp/ip/ulp_ii_level0_wire_0/ulp_ii_level0_wire_0/ulp_ii_level0_wire_0_in_context.xdc] for cell 'ii_level0_wire'
0V85_VCCINT { VCCINT }  -supply_current_budget  100.000 A -voltage  0.850 V -direct
0V85_VCCINT_IO { VCCINT_IO VCCBRAM }  -supply_current_budget  30.000 A -voltage  0.850 V -direct
0V9_AVCC { MGTYAVCC }  -supply_current_budget  0.000 A -voltage  0.900 V -direct
1V2_AVTT { MGTYAVTT }  -supply_current_budget  0.000 A -voltage  1.200 V -direct
1V2_HBM { VCC_HBM }  -supply_current_budget  0.000 A -voltage  1.200 V -direct
1V8 { VCCAUX VCCAUX_IO MGTYVCCAUX VCCO18 VCCADC }  -supply_current_budget  4.000 A -voltage  1.800 V -direct
2V5_VPP { VCCAUX_HBM }  -supply_current_budget  0.300 A -voltage  2.500 V -direct
Finished Parsing XDC File [/home/advent/Desktop/RC19/_x/link/vivado/vpl/prj/prj.gen/my_rm/bd/ulp/ip/ulp_ii_level0_wire_0/ulp_ii_level0_wire_0/ulp_ii_level0_wire_0_in_context.xdc] for cell 'ii_level0_wire'
Parsing XDC File [/home/advent/Desktop/RC19/_x/link/vivado/vpl/prj/prj.gen/my_rm/bd/ulp/ip/ulp_ulp_cmp_0/ulp_ulp_cmp_0/ulp_ulp_cmp_0_in_context.xdc] for cell 'ulp_cmp'
Finished Parsing XDC File [/home/advent/Desktop/RC19/_x/link/vivado/vpl/prj/prj.gen/my_rm/bd/ulp/ip/ulp_ulp_cmp_0/ulp_ulp_cmp_0/ulp_ulp_cmp_0_in_context.xdc] for cell 'ulp_cmp'
Parsing XDC File [/home/advent/Desktop/RC19/_x/link/vivado/vpl/prj/prj.gen/my_rm/bd/ulp/ip/ulp_ulp_ucs_0/ulp_ulp_ucs_0/ulp_ulp_ucs_0_in_context.xdc] for cell 'ulp_ucs'
Finished Parsing XDC File [/home/advent/Desktop/RC19/_x/link/vivado/vpl/prj/prj.gen/my_rm/bd/ulp/ip/ulp_ulp_ucs_0/ulp_ulp_ucs_0/ulp_ulp_ucs_0_in_context.xdc] for cell 'ulp_ucs'
Parsing XDC File [/home/advent/Desktop/RC19/_x/link/vivado/vpl/prj/prj.gen/my_rm/bd/ulp/ip/ulp_proc_sys_reset_ctrl_slr0_0/ulp_proc_sys_reset_ctrl_slr0_0/ulp_proc_sys_reset_ctrl_slr0_0_in_context.xdc] for cell 'proc_sys_reset_ctrl_slr0'
Finished Parsing XDC File [/home/advent/Desktop/RC19/_x/link/vivado/vpl/prj/prj.gen/my_rm/bd/ulp/ip/ulp_proc_sys_reset_ctrl_slr0_0/ulp_proc_sys_reset_ctrl_slr0_0/ulp_proc_sys_reset_ctrl_slr0_0_in_context.xdc] for cell 'proc_sys_reset_ctrl_slr0'
Parsing XDC File [/home/advent/Desktop/RC19/_x/link/vivado/vpl/prj/prj.gen/my_rm/bd/ulp/ip/ulp_proc_sys_reset_ctrl_slr1_0/ulp_proc_sys_reset_ctrl_slr1_0/ulp_proc_sys_reset_ctrl_slr1_0_in_context.xdc] for cell 'proc_sys_reset_ctrl_slr1'
Finished Parsing XDC File [/home/advent/Desktop/RC19/_x/link/vivado/vpl/prj/prj.gen/my_rm/bd/ulp/ip/ulp_proc_sys_reset_ctrl_slr1_0/ulp_proc_sys_reset_ctrl_slr1_0/ulp_proc_sys_reset_ctrl_slr1_0_in_context.xdc] for cell 'proc_sys_reset_ctrl_slr1'
Parsing XDC File [/home/advent/Desktop/RC19/_x/link/vivado/vpl/prj/prj.gen/my_rm/bd/ulp/ip/ulp_proc_sys_reset_ctrl_slr2_0/ulp_proc_sys_reset_ctrl_slr2_0/ulp_proc_sys_reset_ctrl_slr2_0_in_context.xdc] for cell 'proc_sys_reset_ctrl_slr2'
Finished Parsing XDC File [/home/advent/Desktop/RC19/_x/link/vivado/vpl/prj/prj.gen/my_rm/bd/ulp/ip/ulp_proc_sys_reset_ctrl_slr2_0/ulp_proc_sys_reset_ctrl_slr2_0/ulp_proc_sys_reset_ctrl_slr2_0_in_context.xdc] for cell 'proc_sys_reset_ctrl_slr2'
Parsing XDC File [/home/advent/Desktop/RC19/_x/link/vivado/vpl/prj/prj.gen/my_rm/bd/ulp/ip/ulp_proc_sys_reset_kernel_slr0_0/ulp_proc_sys_reset_kernel_slr0_0/ulp_proc_sys_reset_kernel_slr0_0_in_context.xdc] for cell 'proc_sys_reset_kernel_slr0'
Finished Parsing XDC File [/home/advent/Desktop/RC19/_x/link/vivado/vpl/prj/prj.gen/my_rm/bd/ulp/ip/ulp_proc_sys_reset_kernel_slr0_0/ulp_proc_sys_reset_kernel_slr0_0/ulp_proc_sys_reset_kernel_slr0_0_in_context.xdc] for cell 'proc_sys_reset_kernel_slr0'
Parsing XDC File [/home/advent/Desktop/RC19/_x/link/vivado/vpl/prj/prj.gen/my_rm/bd/ulp/ip/ulp_proc_sys_reset_kernel_slr1_0/ulp_proc_sys_reset_kernel_slr1_0/ulp_proc_sys_reset_kernel_slr1_0_in_context.xdc] for cell 'proc_sys_reset_kernel_slr1'
Finished Parsing XDC File [/home/advent/Desktop/RC19/_x/link/vivado/vpl/prj/prj.gen/my_rm/bd/ulp/ip/ulp_proc_sys_reset_kernel_slr1_0/ulp_proc_sys_reset_kernel_slr1_0/ulp_proc_sys_reset_kernel_slr1_0_in_context.xdc] for cell 'proc_sys_reset_kernel_slr1'
Parsing XDC File [/home/advent/Desktop/RC19/_x/link/vivado/vpl/prj/prj.gen/my_rm/bd/ulp/ip/ulp_proc_sys_reset_kernel_slr2_0/ulp_proc_sys_reset_kernel_slr2_0/ulp_proc_sys_reset_kernel_slr2_0_in_context.xdc] for cell 'proc_sys_reset_kernel_slr2'
Finished Parsing XDC File [/home/advent/Desktop/RC19/_x/link/vivado/vpl/prj/prj.gen/my_rm/bd/ulp/ip/ulp_proc_sys_reset_kernel_slr2_0/ulp_proc_sys_reset_kernel_slr2_0/ulp_proc_sys_reset_kernel_slr2_0_in_context.xdc] for cell 'proc_sys_reset_kernel_slr2'
Parsing XDC File [/home/advent/Desktop/RC19/_x/link/vivado/vpl/prj/prj.gen/my_rm/bd/ulp/ip/ulp_proc_sys_reset_kernel2_slr0_0/ulp_proc_sys_reset_kernel2_slr0_0/ulp_proc_sys_reset_kernel2_slr0_0_in_context.xdc] for cell 'proc_sys_reset_kernel2_slr0'
Finished Parsing XDC File [/home/advent/Desktop/RC19/_x/link/vivado/vpl/prj/prj.gen/my_rm/bd/ulp/ip/ulp_proc_sys_reset_kernel2_slr0_0/ulp_proc_sys_reset_kernel2_slr0_0/ulp_proc_sys_reset_kernel2_slr0_0_in_context.xdc] for cell 'proc_sys_reset_kernel2_slr0'
Parsing XDC File [/home/advent/Desktop/RC19/_x/link/vivado/vpl/prj/prj.gen/my_rm/bd/ulp/ip/ulp_proc_sys_reset_kernel2_slr1_0/ulp_proc_sys_reset_kernel2_slr1_0/ulp_proc_sys_reset_kernel2_slr1_0_in_context.xdc] for cell 'proc_sys_reset_kernel2_slr1'
Finished Parsing XDC File [/home/advent/Desktop/RC19/_x/link/vivado/vpl/prj/prj.gen/my_rm/bd/ulp/ip/ulp_proc_sys_reset_kernel2_slr1_0/ulp_proc_sys_reset_kernel2_slr1_0/ulp_proc_sys_reset_kernel2_slr1_0_in_context.xdc] for cell 'proc_sys_reset_kernel2_slr1'
Parsing XDC File [/home/advent/Desktop/RC19/_x/link/vivado/vpl/prj/prj.gen/my_rm/bd/ulp/ip/ulp_proc_sys_reset_kernel2_slr2_0/ulp_proc_sys_reset_kernel2_slr2_0/ulp_proc_sys_reset_kernel2_slr2_0_in_context.xdc] for cell 'proc_sys_reset_kernel2_slr2'
Finished Parsing XDC File [/home/advent/Desktop/RC19/_x/link/vivado/vpl/prj/prj.gen/my_rm/bd/ulp/ip/ulp_proc_sys_reset_kernel2_slr2_0/ulp_proc_sys_reset_kernel2_slr2_0/ulp_proc_sys_reset_kernel2_slr2_0_in_context.xdc] for cell 'proc_sys_reset_kernel2_slr2'
Parsing XDC File [/home/advent/Desktop/RC19/_x/link/vivado/vpl/prj/prj.gen/my_rm/bd/ulp/ip/ulp_proc_sys_reset_freerun_slr0_0/ulp_proc_sys_reset_freerun_slr0_0/ulp_proc_sys_reset_freerun_slr0_0_in_context.xdc] for cell 'proc_sys_reset_freerun_slr0'
Finished Parsing XDC File [/home/advent/Desktop/RC19/_x/link/vivado/vpl/prj/prj.gen/my_rm/bd/ulp/ip/ulp_proc_sys_reset_freerun_slr0_0/ulp_proc_sys_reset_freerun_slr0_0/ulp_proc_sys_reset_freerun_slr0_0_in_context.xdc] for cell 'proc_sys_reset_freerun_slr0'
Parsing XDC File [/home/advent/Desktop/RC19/_x/link/vivado/vpl/prj/prj.gen/my_rm/bd/ulp/ip/ulp_proc_sys_reset_freerun_slr1_0/ulp_proc_sys_reset_freerun_slr1_0/ulp_proc_sys_reset_freerun_slr1_0_in_context.xdc] for cell 'proc_sys_reset_freerun_slr1'
Finished Parsing XDC File [/home/advent/Desktop/RC19/_x/link/vivado/vpl/prj/prj.gen/my_rm/bd/ulp/ip/ulp_proc_sys_reset_freerun_slr1_0/ulp_proc_sys_reset_freerun_slr1_0/ulp_proc_sys_reset_freerun_slr1_0_in_context.xdc] for cell 'proc_sys_reset_freerun_slr1'
Parsing XDC File [/home/advent/Desktop/RC19/_x/link/vivado/vpl/prj/prj.gen/my_rm/bd/ulp/ip/ulp_proc_sys_reset_freerun_slr2_0/ulp_proc_sys_reset_freerun_slr2_0/ulp_proc_sys_reset_freerun_slr2_0_in_context.xdc] for cell 'proc_sys_reset_freerun_slr2'
Finished Parsing XDC File [/home/advent/Desktop/RC19/_x/link/vivado/vpl/prj/prj.gen/my_rm/bd/ulp/ip/ulp_proc_sys_reset_freerun_slr2_0/ulp_proc_sys_reset_freerun_slr2_0/ulp_proc_sys_reset_freerun_slr2_0_in_context.xdc] for cell 'proc_sys_reset_freerun_slr2'
Parsing XDC File [/home/advent/Desktop/RC19/_x/link/vivado/vpl/prj/prj.gen/my_rm/bd/ulp/ip/ulp_xbar_1/ulp_xbar_1/ulp_xbar_1_in_context.xdc] for cell 'SLR0/interconnect_axilite_user/xbar'
Finished Parsing XDC File [/home/advent/Desktop/RC19/_x/link/vivado/vpl/prj/prj.gen/my_rm/bd/ulp/ip/ulp_xbar_1/ulp_xbar_1/ulp_xbar_1_in_context.xdc] for cell 'SLR0/interconnect_axilite_user/xbar'
Parsing XDC File [/home/advent/Desktop/RC19/_x/link/vivado/vpl/prj/prj.gen/my_rm/bd/ulp/ip/ulp_s00_regslice_15/ulp_s00_regslice_15/ulp_s00_regslice_15_in_context.xdc] for cell 'SLR0/interconnect_axilite_user/s00_couplers/s00_regslice'
Finished Parsing XDC File [/home/advent/Desktop/RC19/_x/link/vivado/vpl/prj/prj.gen/my_rm/bd/ulp/ip/ulp_s00_regslice_15/ulp_s00_regslice_15/ulp_s00_regslice_15_in_context.xdc] for cell 'SLR0/interconnect_axilite_user/s00_couplers/s00_regslice'
Parsing XDC File [/home/advent/Desktop/RC19/_x/link/vivado/vpl/prj/prj.gen/my_rm/bd/ulp/ip/ulp_m00_regslice_0/ulp_m00_regslice_0/ulp_m00_regslice_0_in_context.xdc] for cell 'SLR0/interconnect_axilite_user/m00_couplers/m00_regslice'
Finished Parsing XDC File [/home/advent/Desktop/RC19/_x/link/vivado/vpl/prj/prj.gen/my_rm/bd/ulp/ip/ulp_m00_regslice_0/ulp_m00_regslice_0/ulp_m00_regslice_0_in_context.xdc] for cell 'SLR0/interconnect_axilite_user/m00_couplers/m00_regslice'
Parsing XDC File [/home/advent/Desktop/RC19/_x/link/vivado/vpl/prj/prj.gen/my_rm/bd/ulp/ip/ulp_auto_cc_0/ulp_auto_cc_0/ulp_auto_cc_5_in_context.xdc] for cell 'SLR0/interconnect_axilite_user/m00_couplers/auto_cc'
Finished Parsing XDC File [/home/advent/Desktop/RC19/_x/link/vivado/vpl/prj/prj.gen/my_rm/bd/ulp/ip/ulp_auto_cc_0/ulp_auto_cc_0/ulp_auto_cc_5_in_context.xdc] for cell 'SLR0/interconnect_axilite_user/m00_couplers/auto_cc'
Parsing XDC File [/home/advent/Desktop/RC19/_x/link/vivado/vpl/prj/prj.gen/my_rm/bd/ulp/ip/ulp_m01_regslice_0/ulp_m01_regslice_0/ulp_m02_regslice_0_in_context.xdc] for cell 'SLR0/interconnect_axilite_user/m01_couplers/m01_regslice'
Finished Parsing XDC File [/home/advent/Desktop/RC19/_x/link/vivado/vpl/prj/prj.gen/my_rm/bd/ulp/ip/ulp_m01_regslice_0/ulp_m01_regslice_0/ulp_m02_regslice_0_in_context.xdc] for cell 'SLR0/interconnect_axilite_user/m01_couplers/m01_regslice'
Parsing XDC File [/home/advent/Desktop/RC19/_x/link/vivado/vpl/prj/prj.gen/my_rm/bd/ulp/ip/ulp_auto_cc_1/ulp_auto_cc_1/ulp_auto_cc_2_in_context.xdc] for cell 'SLR0/interconnect_axilite_user/m01_couplers/auto_cc'
Finished Parsing XDC File [/home/advent/Desktop/RC19/_x/link/vivado/vpl/prj/prj.gen/my_rm/bd/ulp/ip/ulp_auto_cc_1/ulp_auto_cc_1/ulp_auto_cc_2_in_context.xdc] for cell 'SLR0/interconnect_axilite_user/m01_couplers/auto_cc'
Parsing XDC File [/home/advent/Desktop/RC19/_x/link/vivado/vpl/prj/prj.gen/my_rm/bd/ulp/ip/ulp_m02_regslice_0/ulp_m02_regslice_0/ulp_m02_regslice_0_in_context.xdc] for cell 'SLR0/interconnect_axilite_user/m02_couplers/m02_regslice'
Finished Parsing XDC File [/home/advent/Desktop/RC19/_x/link/vivado/vpl/prj/prj.gen/my_rm/bd/ulp/ip/ulp_m02_regslice_0/ulp_m02_regslice_0/ulp_m02_regslice_0_in_context.xdc] for cell 'SLR0/interconnect_axilite_user/m02_couplers/m02_regslice'
Parsing XDC File [/home/advent/Desktop/RC19/_x/link/vivado/vpl/prj/prj.gen/my_rm/bd/ulp/ip/ulp_auto_cc_2/ulp_auto_cc_2/ulp_auto_cc_2_in_context.xdc] for cell 'SLR0/interconnect_axilite_user/m02_couplers/auto_cc'
Finished Parsing XDC File [/home/advent/Desktop/RC19/_x/link/vivado/vpl/prj/prj.gen/my_rm/bd/ulp/ip/ulp_auto_cc_2/ulp_auto_cc_2/ulp_auto_cc_2_in_context.xdc] for cell 'SLR0/interconnect_axilite_user/m02_couplers/auto_cc'
Parsing XDC File [/home/advent/Desktop/RC19/_x/link/vivado/vpl/prj/prj.gen/my_rm/bd/ulp/ip/ulp_m03_regslice_0/ulp_m03_regslice_0/ulp_m04_regslice_0_in_context.xdc] for cell 'SLR0/interconnect_axilite_user/m03_couplers/m03_regslice'
Finished Parsing XDC File [/home/advent/Desktop/RC19/_x/link/vivado/vpl/prj/prj.gen/my_rm/bd/ulp/ip/ulp_m03_regslice_0/ulp_m03_regslice_0/ulp_m04_regslice_0_in_context.xdc] for cell 'SLR0/interconnect_axilite_user/m03_couplers/m03_regslice'
Parsing XDC File [/home/advent/Desktop/RC19/_x/link/vivado/vpl/prj/prj.gen/my_rm/bd/ulp/ip/ulp_auto_cc_3/ulp_auto_cc_3/ulp_auto_cc_3_in_context.xdc] for cell 'SLR0/interconnect_axilite_user/m03_couplers/auto_cc'
Finished Parsing XDC File [/home/advent/Desktop/RC19/_x/link/vivado/vpl/prj/prj.gen/my_rm/bd/ulp/ip/ulp_auto_cc_3/ulp_auto_cc_3/ulp_auto_cc_3_in_context.xdc] for cell 'SLR0/interconnect_axilite_user/m03_couplers/auto_cc'
Parsing XDC File [/home/advent/Desktop/RC19/_x/link/vivado/vpl/prj/prj.gen/my_rm/bd/ulp/ip/ulp_m04_regslice_0/ulp_m04_regslice_0/ulp_m04_regslice_0_in_context.xdc] for cell 'SLR0/interconnect_axilite_user/m04_couplers/m04_regslice'
Finished Parsing XDC File [/home/advent/Desktop/RC19/_x/link/vivado/vpl/prj/prj.gen/my_rm/bd/ulp/ip/ulp_m04_regslice_0/ulp_m04_regslice_0/ulp_m04_regslice_0_in_context.xdc] for cell 'SLR0/interconnect_axilite_user/m04_couplers/m04_regslice'
Parsing XDC File [/home/advent/Desktop/RC19/_x/link/vivado/vpl/prj/prj.gen/my_rm/bd/ulp/ip/ulp_auto_cc_4/ulp_auto_cc_4/ulp_auto_cc_3_in_context.xdc] for cell 'SLR0/interconnect_axilite_user/m04_couplers/auto_cc'
Finished Parsing XDC File [/home/advent/Desktop/RC19/_x/link/vivado/vpl/prj/prj.gen/my_rm/bd/ulp/ip/ulp_auto_cc_4/ulp_auto_cc_4/ulp_auto_cc_3_in_context.xdc] for cell 'SLR0/interconnect_axilite_user/m04_couplers/auto_cc'
Parsing XDC File [/home/advent/Desktop/RC19/_x/link/vivado/vpl/prj/prj.gen/my_rm/bd/ulp/ip/ulp_axi_gpio_null_0/ulp_axi_gpio_null_0/ulp_axi_gpio_null_0_in_context.xdc] for cell 'SLR0/axi_gpio_null'
Finished Parsing XDC File [/home/advent/Desktop/RC19/_x/link/vivado/vpl/prj/prj.gen/my_rm/bd/ulp/ip/ulp_axi_gpio_null_0/ulp_axi_gpio_null_0/ulp_axi_gpio_null_0_in_context.xdc] for cell 'SLR0/axi_gpio_null'
Parsing XDC File [/home/advent/Desktop/RC19/_x/link/vivado/vpl/prj/prj.gen/my_rm/bd/ulp/ip/ulp_axi_vip_ctrl_userpf_0/ulp_axi_vip_ctrl_userpf_0/ulp_axi_vip_ctrl_userpf_0_in_context.xdc] for cell 'SLR0/axi_vip_ctrl_userpf'
Finished Parsing XDC File [/home/advent/Desktop/RC19/_x/link/vivado/vpl/prj/prj.gen/my_rm/bd/ulp/ip/ulp_axi_vip_ctrl_userpf_0/ulp_axi_vip_ctrl_userpf_0/ulp_axi_vip_ctrl_userpf_0_in_context.xdc] for cell 'SLR0/axi_vip_ctrl_userpf'
Parsing XDC File [/home/advent/Desktop/RC19/_x/link/vivado/vpl/prj/prj.gen/my_rm/bd/ulp/ip/ulp_regslice_control_userpf_0/ulp_regslice_control_userpf_0/ulp_regslice_control_userpf_0_in_context.xdc] for cell 'SLR0/regslice_control_userpf'
Finished Parsing XDC File [/home/advent/Desktop/RC19/_x/link/vivado/vpl/prj/prj.gen/my_rm/bd/ulp/ip/ulp_regslice_control_userpf_0/ulp_regslice_control_userpf_0/ulp_regslice_control_userpf_0_in_context.xdc] for cell 'SLR0/regslice_control_userpf'
Parsing XDC File [/home/advent/Desktop/RC19/_x/link/vivado/vpl/prj/prj.gen/my_rm/bd/ulp/ip/ulp_s00_regslice_16/ulp_s00_regslice_16/ulp_s00_regslice_16_in_context.xdc] for cell 'SLR1/interconnect_axilite_user/s00_couplers/s00_regslice'
Finished Parsing XDC File [/home/advent/Desktop/RC19/_x/link/vivado/vpl/prj/prj.gen/my_rm/bd/ulp/ip/ulp_s00_regslice_16/ulp_s00_regslice_16/ulp_s00_regslice_16_in_context.xdc] for cell 'SLR1/interconnect_axilite_user/s00_couplers/s00_regslice'
Parsing XDC File [/home/advent/Desktop/RC19/_x/link/vivado/vpl/prj/prj.gen/my_rm/bd/ulp/ip/ulp_auto_cc_5/ulp_auto_cc_5/ulp_auto_cc_5_in_context.xdc] for cell 'SLR1/interconnect_axilite_user/s00_couplers/auto_cc'
Finished Parsing XDC File [/home/advent/Desktop/RC19/_x/link/vivado/vpl/prj/prj.gen/my_rm/bd/ulp/ip/ulp_auto_cc_5/ulp_auto_cc_5/ulp_auto_cc_5_in_context.xdc] for cell 'SLR1/interconnect_axilite_user/s00_couplers/auto_cc'
Parsing XDC File [/home/advent/Desktop/RC19/_x/link/vivado/vpl/prj/prj.gen/my_rm/bd/ulp/ip/ulp_axi_gpio_null_1/ulp_axi_gpio_null_1/ulp_axi_gpio_null_0_in_context.xdc] for cell 'SLR1/axi_gpio_null'
Finished Parsing XDC File [/home/advent/Desktop/RC19/_x/link/vivado/vpl/prj/prj.gen/my_rm/bd/ulp/ip/ulp_axi_gpio_null_1/ulp_axi_gpio_null_1/ulp_axi_gpio_null_0_in_context.xdc] for cell 'SLR1/axi_gpio_null'
Parsing XDC File [/home/advent/Desktop/RC19/_x/link/vivado/vpl/prj/prj.gen/my_rm/bd/ulp/ip/ulp_axi_vip_ctrl_userpf_1/ulp_axi_vip_ctrl_userpf_1/ulp_axi_vip_ctrl_userpf_0_in_context.xdc] for cell 'SLR1/axi_vip_ctrl_userpf'
Finished Parsing XDC File [/home/advent/Desktop/RC19/_x/link/vivado/vpl/prj/prj.gen/my_rm/bd/ulp/ip/ulp_axi_vip_ctrl_userpf_1/ulp_axi_vip_ctrl_userpf_1/ulp_axi_vip_ctrl_userpf_0_in_context.xdc] for cell 'SLR1/axi_vip_ctrl_userpf'
Parsing XDC File [/home/advent/Desktop/RC19/_x/link/vivado/vpl/prj/prj.gen/my_rm/bd/ulp/ip/ulp_regslice_control_userpf_1/ulp_regslice_control_userpf_1/ulp_regslice_control_userpf_1_in_context.xdc] for cell 'SLR1/regslice_control_userpf'
Finished Parsing XDC File [/home/advent/Desktop/RC19/_x/link/vivado/vpl/prj/prj.gen/my_rm/bd/ulp/ip/ulp_regslice_control_userpf_1/ulp_regslice_control_userpf_1/ulp_regslice_control_userpf_1_in_context.xdc] for cell 'SLR1/regslice_control_userpf'
Parsing XDC File [/home/advent/Desktop/RC19/_x/link/vivado/vpl/prj/prj.gen/my_rm/bd/ulp/ip/ulp_s00_regslice_17/ulp_s00_regslice_17/ulp_s00_regslice_16_in_context.xdc] for cell 'SLR2/interconnect_axilite_user/s00_couplers/s00_regslice'
Finished Parsing XDC File [/home/advent/Desktop/RC19/_x/link/vivado/vpl/prj/prj.gen/my_rm/bd/ulp/ip/ulp_s00_regslice_17/ulp_s00_regslice_17/ulp_s00_regslice_16_in_context.xdc] for cell 'SLR2/interconnect_axilite_user/s00_couplers/s00_regslice'
Parsing XDC File [/home/advent/Desktop/RC19/_x/link/vivado/vpl/prj/prj.gen/my_rm/bd/ulp/ip/ulp_auto_cc_6/ulp_auto_cc_6/ulp_auto_cc_5_in_context.xdc] for cell 'SLR2/interconnect_axilite_user/s00_couplers/auto_cc'
Finished Parsing XDC File [/home/advent/Desktop/RC19/_x/link/vivado/vpl/prj/prj.gen/my_rm/bd/ulp/ip/ulp_auto_cc_6/ulp_auto_cc_6/ulp_auto_cc_5_in_context.xdc] for cell 'SLR2/interconnect_axilite_user/s00_couplers/auto_cc'
Parsing XDC File [/home/advent/Desktop/RC19/_x/link/vivado/vpl/prj/prj.gen/my_rm/bd/ulp/ip/ulp_axi_gpio_null_2/ulp_axi_gpio_null_2/ulp_axi_gpio_null_0_in_context.xdc] for cell 'SLR2/axi_gpio_null'
Finished Parsing XDC File [/home/advent/Desktop/RC19/_x/link/vivado/vpl/prj/prj.gen/my_rm/bd/ulp/ip/ulp_axi_gpio_null_2/ulp_axi_gpio_null_2/ulp_axi_gpio_null_0_in_context.xdc] for cell 'SLR2/axi_gpio_null'
Parsing XDC File [/home/advent/Desktop/RC19/_x/link/vivado/vpl/prj/prj.gen/my_rm/bd/ulp/ip/ulp_axi_vip_ctrl_userpf_2/ulp_axi_vip_ctrl_userpf_2/ulp_axi_vip_ctrl_userpf_0_in_context.xdc] for cell 'SLR2/axi_vip_ctrl_userpf'
Finished Parsing XDC File [/home/advent/Desktop/RC19/_x/link/vivado/vpl/prj/prj.gen/my_rm/bd/ulp/ip/ulp_axi_vip_ctrl_userpf_2/ulp_axi_vip_ctrl_userpf_2/ulp_axi_vip_ctrl_userpf_0_in_context.xdc] for cell 'SLR2/axi_vip_ctrl_userpf'
Parsing XDC File [/home/advent/Desktop/RC19/_x/link/vivado/vpl/prj/prj.gen/my_rm/bd/ulp/ip/ulp_regslice_control_userpf_2/ulp_regslice_control_userpf_2/ulp_regslice_control_userpf_2_in_context.xdc] for cell 'SLR2/regslice_control_userpf'
Finished Parsing XDC File [/home/advent/Desktop/RC19/_x/link/vivado/vpl/prj/prj.gen/my_rm/bd/ulp/ip/ulp_regslice_control_userpf_2/ulp_regslice_control_userpf_2/ulp_regslice_control_userpf_2_in_context.xdc] for cell 'SLR2/regslice_control_userpf'
Parsing XDC File [/home/advent/Desktop/RC19/_x/link/vivado/vpl/prj/prj.gen/my_rm/bd/ulp/ip/ulp_xbar_0/ulp_xbar_0/ulp_xbar_0_in_context.xdc] for cell 'axi_ic_ctrl_mgmt_slr1/xbar'
Finished Parsing XDC File [/home/advent/Desktop/RC19/_x/link/vivado/vpl/prj/prj.gen/my_rm/bd/ulp/ip/ulp_xbar_0/ulp_xbar_0/ulp_xbar_0_in_context.xdc] for cell 'axi_ic_ctrl_mgmt_slr1/xbar'
Parsing XDC File [/home/advent/Desktop/RC19/_x/link/vivado/vpl/prj/prj.gen/my_rm/bd/ulp/ip/ulp_hmss_0_0/ulp_hmss_0_0/ulp_hmss_0_0_in_context.xdc] for cell 'hmss_0'
Finished Parsing XDC File [/home/advent/Desktop/RC19/_x/link/vivado/vpl/prj/prj.gen/my_rm/bd/ulp/ip/ulp_hmss_0_0/ulp_hmss_0_0/ulp_hmss_0_0_in_context.xdc] for cell 'hmss_0'
Parsing XDC File [/home/advent/Desktop/RC19/_x/link/vivado/vpl/prj/prj.gen/my_rm/bd/ulp/ip/ulp_axi_vip_data_0/ulp_axi_vip_data_0/ulp_axi_vip_data_0_in_context.xdc] for cell 'axi_vip_data'
Finished Parsing XDC File [/home/advent/Desktop/RC19/_x/link/vivado/vpl/prj/prj.gen/my_rm/bd/ulp/ip/ulp_axi_vip_data_0/ulp_axi_vip_data_0/ulp_axi_vip_data_0_in_context.xdc] for cell 'axi_vip_data'
Parsing XDC File [/home/advent/Desktop/RC19/_x/link/vivado/vpl/prj/prj.gen/my_rm/bd/ulp/ip/ulp_attention_score_u55c_kernel_1_0/ulp_attention_score_u55c_kernel_1_0/ulp_attention_score_u55c_kernel_1_0_in_context.xdc] for cell 'attention_score_u55c_kernel_1'
Finished Parsing XDC File [/home/advent/Desktop/RC19/_x/link/vivado/vpl/prj/prj.gen/my_rm/bd/ulp/ip/ulp_attention_score_u55c_kernel_1_0/ulp_attention_score_u55c_kernel_1_0/ulp_attention_score_u55c_kernel_1_0_in_context.xdc] for cell 'attention_score_u55c_kernel_1'
Parsing XDC File [/home/advent/Desktop/RC19/_x/link/vivado/vpl/prj/prj.gen/my_rm/bd/ulp/ip/ulp_causal_mask_u55c_kernel_1_0/ulp_causal_mask_u55c_kernel_1_0/ulp_causal_mask_u55c_kernel_1_0_in_context.xdc] for cell 'causal_mask_u55c_kernel_1'
Finished Parsing XDC File [/home/advent/Desktop/RC19/_x/link/vivado/vpl/prj/prj.gen/my_rm/bd/ulp/ip/ulp_causal_mask_u55c_kernel_1_0/ulp_causal_mask_u55c_kernel_1_0/ulp_causal_mask_u55c_kernel_1_0_in_context.xdc] for cell 'causal_mask_u55c_kernel_1'
Parsing XDC File [/home/advent/Desktop/RC19/_x/link/vivado/vpl/prj/prj.gen/my_rm/bd/ulp/ip/ulp_score_scale_u55c_kernel_1_0/ulp_score_scale_u55c_kernel_1_0/ulp_score_scale_u55c_kernel_1_0_in_context.xdc] for cell 'score_scale_u55c_kernel_1'
Finished Parsing XDC File [/home/advent/Desktop/RC19/_x/link/vivado/vpl/prj/prj.gen/my_rm/bd/ulp/ip/ulp_score_scale_u55c_kernel_1_0/ulp_score_scale_u55c_kernel_1_0/ulp_score_scale_u55c_kernel_1_0_in_context.xdc] for cell 'score_scale_u55c_kernel_1'
Parsing XDC File [/home/advent/Desktop/RC19/_x/link/vivado/vpl/prj/prj.gen/my_rm/bd/ulp/ip/ulp_softmax_u55c_kernel_1_0/ulp_softmax_u55c_kernel_1_0/ulp_softmax_u55c_kernel_1_0_in_context.xdc] for cell 'softmax_u55c_kernel_1'
Finished Parsing XDC File [/home/advent/Desktop/RC19/_x/link/vivado/vpl/prj/prj.gen/my_rm/bd/ulp/ip/ulp_softmax_u55c_kernel_1_0/ulp_softmax_u55c_kernel_1_0/ulp_softmax_u55c_kernel_1_0_in_context.xdc] for cell 'softmax_u55c_kernel_1'
Parsing XDC File [/home/advent/Desktop/RC19/_x/link/vivado/vpl/prj/prj.gen/my_rm/bd/ulp/ulp_ooc.xdc]
Finished Parsing XDC File [/home/advent/Desktop/RC19/_x/link/vivado/vpl/prj/prj.gen/my_rm/bd/ulp/ulp_ooc.xdc]
Parsing XDC File [/home/advent/Desktop/RC19/_x/link/vivado/vpl/prj/prj.runs/my_rm_synth_1/dont_touch.xdc]
Finished Parsing XDC File [/home/advent/Desktop/RC19/_x/link/vivado/vpl/prj/prj.runs/my_rm_synth_1/dont_touch.xdc]
Parsing XDC File [/home/advent/Desktop/RC19/_x/link/vivado/vpl/output/ulp_ooc_copy.xdc]
WARNING: [Constraints 18-619] A clock with name 'blp_s_aclk_ctrl_00' already exists, overwriting the previous clock with the same name. [/home/advent/Desktop/RC19/_x/link/vivado/vpl/output/ulp_ooc_copy.xdc:9]
WARNING: [Constraints 18-619] A clock with name 'blp_s_aclk_freerun_ref_00' already exists, overwriting the previous clock with the same name. [/home/advent/Desktop/RC19/_x/link/vivado/vpl/output/ulp_ooc_copy.xdc:10]
WARNING: [Constraints 18-619] A clock with name 'blp_s_aclk_pcie_00' already exists, overwriting the previous clock with the same name. [/home/advent/Desktop/RC19/_x/link/vivado/vpl/output/ulp_ooc_copy.xdc:11]
Finished Parsing XDC File [/home/advent/Desktop/RC19/_x/link/vivado/vpl/output/ulp_ooc_copy.xdc]
Completed Processing XDC Constraints

Netlist sorting complete. Time (s): cpu = 00:00:00 ; elapsed = 00:00:00 . Memory (MB): peak = 3399.328 ; gain = 0.000 ; free physical = 17871 ; free virtual = 22905
INFO: [Project 1-111] Unisim Transformation Summary:
No Unisim elements were transformed.

Constraint Validation Runtime : Time (s): cpu = 00:00:00.04 ; elapsed = 00:00:00.05 . Memory (MB): peak = 3399.328 ; gain = 0.000 ; free physical = 17871 ; free virtual = 22904
INFO: [Designutils 20-5008] Incremental synthesis strategy off
INFO: [Synth 8-11241] undeclared symbol 'REGCCE', assumed default net type 'wire' [/home/advent/Vivado/Vivado/2022.2/data/verilog/src/unimacro/BRAM_SINGLE_MACRO.v:2170]
---------------------------------------------------------------------------------
Finished Constraint Validation : Time (s): cpu = 00:00:09 ; elapsed = 00:00:10 . Memory (MB): peak = 3399.328 ; gain = 514.113 ; free physical = 17994 ; free virtual = 23028
Synthesis current peak Physical Memory [PSS] (MB): peak = 2687.929; parent = 2480.074; children = 207.854
Synthesis current peak Virtual Memory [VSS] (MB): peak = 4369.090; parent = 3399.332; children = 969.758
---------------------------------------------------------------------------------
---------------------------------------------------------------------------------
Start Loading Part and Timing Information
---------------------------------------------------------------------------------
Loading part: xcu55c-fsvh2892-2L-e
INFO: [Synth 8-6742] Reading net delay rules and data
---------------------------------------------------------------------------------
Finished Loading Part and Timing Information : Time (s): cpu = 00:00:09 ; elapsed = 00:00:10 . Memory (MB): peak = 3399.328 ; gain = 514.113 ; free physical = 17992 ; free virtual = 23026
Synthesis current peak Physical Memory [PSS] (MB): peak = 2687.929; parent = 2480.074; children = 207.854
Synthesis current peak Virtual Memory [VSS] (MB): peak = 4369.090; parent = 3399.332; children = 969.758
---------------------------------------------------------------------------------
---------------------------------------------------------------------------------
Start Applying 'set_property' XDC Constraints
---------------------------------------------------------------------------------
Applied set_property KEEP_HIERARCHY = SOFT for ii_level0_wire. (constraint file  auto generated constraint).
Applied set_property KEEP_HIERARCHY = SOFT for ulp_cmp. (constraint file  auto generated constraint).
Applied set_property KEEP_HIERARCHY = SOFT for satellite_gpio_slice_1. (constraint file  auto generated constraint).
Applied set_property KEEP_HIERARCHY = SOFT for ulp_ucs. (constraint file  auto generated constraint).
Applied set_property KEEP_HIERARCHY = SOFT for proc_sys_reset_ctrl_slr0. (constraint file  auto generated constraint).
Applied set_property KEEP_HIERARCHY = SOFT for proc_sys_reset_ctrl_slr1. (constraint file  auto generated constraint).
Applied set_property KEEP_HIERARCHY = SOFT for proc_sys_reset_ctrl_slr2. (constraint file  auto generated constraint).
Applied set_property KEEP_HIERARCHY = SOFT for proc_sys_reset_kernel_slr0. (constraint file  auto generated constraint).
Applied set_property KEEP_HIERARCHY = SOFT for proc_sys_reset_kernel_slr1. (constraint file  auto generated constraint).
Applied set_property KEEP_HIERARCHY = SOFT for proc_sys_reset_kernel_slr2. (constraint file  auto generated constraint).
Applied set_property KEEP_HIERARCHY = SOFT for proc_sys_reset_kernel2_slr0. (constraint file  auto generated constraint).
Applied set_property KEEP_HIERARCHY = SOFT for proc_sys_reset_kernel2_slr1. (constraint file  auto generated constraint).
Applied set_property KEEP_HIERARCHY = SOFT for proc_sys_reset_kernel2_slr2. (constraint file  auto generated constraint).
Applied set_property KEEP_HIERARCHY = SOFT for proc_sys_reset_freerun_slr0. (constraint file  auto generated constraint).
Applied set_property KEEP_HIERARCHY = SOFT for proc_sys_reset_freerun_slr1. (constraint file  auto generated constraint).
Applied set_property KEEP_HIERARCHY = SOFT for proc_sys_reset_freerun_slr2. (constraint file  auto generated constraint).
Applied set_property KEEP_HIERARCHY = SOFT for SLR0/interconnect_axilite_user/xbar. (constraint file  auto generated constraint).
Applied set_property KEEP_HIERARCHY = SOFT for SLR0/interconnect_axilite_user/s00_couplers/s00_regslice. (constraint file  auto generated constraint).
Applied set_property KEEP_HIERARCHY = SOFT for SLR0/interconnect_axilite_user/m00_couplers/m00_regslice. (constraint file  auto generated constraint).
Applied set_property KEEP_HIERARCHY = SOFT for SLR0/interconnect_axilite_user/m00_couplers/auto_cc. (constraint file  auto generated constraint).
Applied set_property KEEP_HIERARCHY = SOFT for SLR0/interconnect_axilite_user/m01_couplers/m01_regslice. (constraint file  auto generated constraint).
Applied set_property KEEP_HIERARCHY = SOFT for SLR0/interconnect_axilite_user/m01_couplers/auto_cc. (constraint file  auto generated constraint).
Applied set_property KEEP_HIERARCHY = SOFT for SLR0/interconnect_axilite_user/m02_couplers/m02_regslice. (constraint file  auto generated constraint).
Applied set_property KEEP_HIERARCHY = SOFT for SLR0/interconnect_axilite_user/m02_couplers/auto_cc. (constraint file  auto generated constraint).
Applied set_property KEEP_HIERARCHY = SOFT for SLR0/interconnect_axilite_user/m03_couplers/m03_regslice. (constraint file  auto generated constraint).
Applied set_property KEEP_HIERARCHY = SOFT for SLR0/interconnect_axilite_user/m03_couplers/auto_cc. (constraint file  auto generated constraint).
Applied set_property KEEP_HIERARCHY = SOFT for SLR0/interconnect_axilite_user/m04_couplers/m04_regslice. (constraint file  auto generated constraint).
Applied set_property KEEP_HIERARCHY = SOFT for SLR0/interconnect_axilite_user/m04_couplers/auto_cc. (constraint file  auto generated constraint).
Applied set_property KEEP_HIERARCHY = SOFT for SLR0/interconnect_axilite_user. (constraint file  auto generated constraint).
Applied set_property KEEP_HIERARCHY = SOFT for SLR0/axi_gpio_null. (constraint file  auto generated constraint).
Applied set_property KEEP_HIERARCHY = SOFT for SLR0/axi_vip_ctrl_userpf. (constraint file  auto generated constraint).
Applied set_property KEEP_HIERARCHY = SOFT for SLR0/regslice_control_userpf. (constraint file  auto generated constraint).
Applied set_property KEEP_HIERARCHY = SOFT for SLR1/interconnect_axilite_user/s00_couplers/s00_regslice. (constraint file  auto generated constraint).
Applied set_property KEEP_HIERARCHY = SOFT for SLR1/interconnect_axilite_user/s00_couplers/auto_cc. (constraint file  auto generated constraint).
Applied set_property KEEP_HIERARCHY = SOFT for SLR1/interconnect_axilite_user. (constraint file  auto generated constraint).
Applied set_property KEEP_HIERARCHY = SOFT for SLR1/axi_gpio_null. (constraint file  auto generated constraint).
Applied set_property KEEP_HIERARCHY = SOFT for SLR1/axi_vip_ctrl_userpf. (constraint file  auto generated constraint).
Applied set_property KEEP_HIERARCHY = SOFT for SLR1/regslice_control_userpf. (constraint file  auto generated constraint).
Applied set_property KEEP_HIERARCHY = SOFT for SLR2/interconnect_axilite_user/s00_couplers/s00_regslice. (constraint file  auto generated constraint).
Applied set_property KEEP_HIERARCHY = SOFT for SLR2/interconnect_axilite_user/s00_couplers/auto_cc. (constraint file  auto generated constraint).
Applied set_property KEEP_HIERARCHY = SOFT for SLR2/interconnect_axilite_user. (constraint file  auto generated constraint).
Applied set_property KEEP_HIERARCHY = SOFT for SLR2/axi_gpio_null. (constraint file  auto generated constraint).
Applied set_property KEEP_HIERARCHY = SOFT for SLR2/axi_vip_ctrl_userpf. (constraint file  auto generated constraint).
Applied set_property KEEP_HIERARCHY = SOFT for SLR2/regslice_control_userpf. (constraint file  auto generated constraint).
Applied set_property KEEP_HIERARCHY = SOFT for axi_ic_ctrl_mgmt_slr1/xbar. (constraint file  auto generated constraint).
Applied set_property KEEP_HIERARCHY = SOFT for axi_ic_ctrl_mgmt_slr1. (constraint file  auto generated constraint).
Applied set_property KEEP_HIERARCHY = SOFT for hmss_0. (constraint file  auto generated constraint).
Applied set_property KEEP_HIERARCHY = SOFT for axi_vip_data. (constraint file  auto generated constraint).
Applied set_property KEEP_HIERARCHY = SOFT for attention_score_u55c_kernel_1. (constraint file  auto generated constraint).
Applied set_property KEEP_HIERARCHY = SOFT for causal_mask_u55c_kernel_1. (constraint file  auto generated constraint).
Applied set_property KEEP_HIERARCHY = SOFT for score_scale_u55c_kernel_1. (constraint file  auto generated constraint).
Applied set_property KEEP_HIERARCHY = SOFT for softmax_u55c_kernel_1. (constraint file  auto generated constraint).
Applied set_property KEEP_HIERARCHY = SOFT for ii_level0_wire_ulp_s_irq_cu_00_1_interrupt_concat. (constraint file  auto generated constraint).
Applied set_property KEEP_HIERARCHY = SOFT for ii_level0_wire_ulp_s_irq_cu_00_1_interrupt_concat_0. (constraint file  auto generated constraint).
Applied set_property KEEP_HIERARCHY = SOFT for ii_level0_wire_ulp_s_irq_cu_00_1_interrupt_concat_1. (constraint file  auto generated constraint).
Applied set_property KEEP_HIERARCHY = SOFT for ii_level0_wire_ulp_s_irq_cu_00_1_interrupt_concat_2. (constraint file  auto generated constraint).
Applied set_property KEEP_HIERARCHY = SOFT for ii_level0_wire_ulp_s_irq_cu_00_1_interrupt_concat_3. (constraint file  auto generated constraint).
Applied set_property KEEP_HIERARCHY = SOFT for irq_const_tieoff. (constraint file  auto generated constraint).
---------------------------------------------------------------------------------
Finished applying 'set_property' XDC Constraints : Time (s): cpu = 00:00:09 ; elapsed = 00:00:10 . Memory (MB): peak = 3399.328 ; gain = 514.113 ; free physical = 17987 ; free virtual = 23021
Synthesis current peak Physical Memory [PSS] (MB): peak = 2687.929; parent = 2480.074; children = 207.854
Synthesis current peak Virtual Memory [VSS] (MB): peak = 4369.090; parent = 3399.332; children = 969.758
---------------------------------------------------------------------------------
---------------------------------------------------------------------------------
Finished RTL Optimization Phase 2 : Time (s): cpu = 00:00:09 ; elapsed = 00:00:10 . Memory (MB): peak = 3399.328 ; gain = 514.113 ; free physical = 17988 ; free virtual = 23024
Synthesis current peak Physical Memory [PSS] (MB): peak = 2687.929; parent = 2480.074; children = 207.854
Synthesis current peak Virtual Memory [VSS] (MB): peak = 4369.090; parent = 3399.332; children = 969.758
---------------------------------------------------------------------------------
---------------------------------------------------------------------------------
Start RTL Component Statistics 
---------------------------------------------------------------------------------
Detailed RTL Component Info : 
---------------------------------------------------------------------------------
Finished RTL Component Statistics 
---------------------------------------------------------------------------------
---------------------------------------------------------------------------------
Start Part Resource Summary
---------------------------------------------------------------------------------
Part Resources:
DSPs: 9024 (col length:94)
BRAMs: 4032 (col length: RAMB18 288 RAMB36 144)
---------------------------------------------------------------------------------
Finished Part Resource Summary
---------------------------------------------------------------------------------
---------------------------------------------------------------------------------
Start Cross Boundary and Area Optimization
---------------------------------------------------------------------------------
WARNING: [Synth 8-7080] Parallel synthesis criteria is not met
---------------------------------------------------------------------------------
Finished Cross Boundary and Area Optimization : Time (s): cpu = 00:00:10 ; elapsed = 00:00:11 . Memory (MB): peak = 3399.328 ; gain = 514.113 ; free physical = 17969 ; free virtual = 23013
Synthesis current peak Physical Memory [PSS] (MB): peak = 2687.929; parent = 2480.074; children = 207.854
Synthesis current peak Virtual Memory [VSS] (MB): peak = 4369.090; parent = 3399.332; children = 969.758
---------------------------------------------------------------------------------
---------------------------------------------------------------------------------
Start Applying XDC Timing Constraints
---------------------------------------------------------------------------------
WARNING: [Synth 8-565] redefining clock 'blp_s_aclk_ctrl_00'
WARNING: [Synth 8-565] redefining clock 'blp_s_aclk_freerun_ref_00'
WARNING: [Synth 8-565] redefining clock 'blp_s_aclk_pcie_00'
---------------------------------------------------------------------------------
Finished Applying XDC Timing Constraints : Time (s): cpu = 00:00:16 ; elapsed = 00:00:17 . Memory (MB): peak = 3741.086 ; gain = 855.871 ; free physical = 17457 ; free virtual = 22501
Synthesis current peak Physical Memory [PSS] (MB): peak = 3182.810; parent = 2975.570; children = 207.854
Synthesis current peak Virtual Memory [VSS] (MB): peak = 4710.848; parent = 3741.090; children = 969.758
---------------------------------------------------------------------------------
---------------------------------------------------------------------------------
Start Timing Optimization
---------------------------------------------------------------------------------
---------------------------------------------------------------------------------
Finished Timing Optimization : Time (s): cpu = 00:00:16 ; elapsed = 00:00:18 . Memory (MB): peak = 3743.086 ; gain = 857.871 ; free physical = 17453 ; free virtual = 22497
Synthesis current peak Physical Memory [PSS] (MB): peak = 3184.720; parent = 2977.480; children = 207.854
Synthesis current peak Virtual Memory [VSS] (MB): peak = 4712.848; parent = 3743.090; children = 969.758
---------------------------------------------------------------------------------
---------------------------------------------------------------------------------
Start Technology Mapping
---------------------------------------------------------------------------------
---------------------------------------------------------------------------------
Finished Technology Mapping : Time (s): cpu = 00:00:16 ; elapsed = 00:00:18 . Memory (MB): peak = 3763.125 ; gain = 877.910 ; free physical = 17448 ; free virtual = 22492
Synthesis current peak Physical Memory [PSS] (MB): peak = 3189.103; parent = 2981.863; children = 207.854
Synthesis current peak Virtual Memory [VSS] (MB): peak = 4732.887; parent = 3763.129; children = 969.758
---------------------------------------------------------------------------------
---------------------------------------------------------------------------------
Start IO Insertion
---------------------------------------------------------------------------------
---------------------------------------------------------------------------------
Start Flattening Before IO Insertion
---------------------------------------------------------------------------------
---------------------------------------------------------------------------------
Finished Flattening Before IO Insertion
---------------------------------------------------------------------------------
---------------------------------------------------------------------------------
Start Final Netlist Cleanup
---------------------------------------------------------------------------------
---------------------------------------------------------------------------------
Finished Final Netlist Cleanup
---------------------------------------------------------------------------------
---------------------------------------------------------------------------------
Finished IO Insertion : Time (s): cpu = 00:00:18 ; elapsed = 00:00:20 . Memory (MB): peak = 3771.062 ; gain = 885.848 ; free physical = 17451 ; free virtual = 22495
Synthesis current peak Physical Memory [PSS] (MB): peak = 3189.302; parent = 2982.062; children = 207.854
Synthesis current peak Virtual Memory [VSS] (MB): peak = 4740.824; parent = 3771.066; children = 969.758
---------------------------------------------------------------------------------
---------------------------------------------------------------------------------
Start Renaming Generated Instances
---------------------------------------------------------------------------------
---------------------------------------------------------------------------------
Finished Renaming Generated Instances : Time (s): cpu = 00:00:18 ; elapsed = 00:00:20 . Memory (MB): peak = 3771.062 ; gain = 885.848 ; free physical = 17450 ; free virtual = 22494
Synthesis current peak Physical Memory [PSS] (MB): peak = 3189.302; parent = 2982.062; children = 207.854
Synthesis current peak Virtual Memory [VSS] (MB): peak = 4740.824; parent = 3771.066; children = 969.758
---------------------------------------------------------------------------------
---------------------------------------------------------------------------------
Start Rebuilding User Hierarchy
---------------------------------------------------------------------------------
---------------------------------------------------------------------------------
Finished Rebuilding User Hierarchy : Time (s): cpu = 00:00:18 ; elapsed = 00:00:20 . Memory (MB): peak = 3771.062 ; gain = 885.848 ; free physical = 17456 ; free virtual = 22499
Synthesis current peak Physical Memory [PSS] (MB): peak = 3189.935; parent = 2982.695; children = 207.854
Synthesis current peak Virtual Memory [VSS] (MB): peak = 4740.824; parent = 3771.066; children = 969.758
---------------------------------------------------------------------------------
---------------------------------------------------------------------------------
Start Renaming Generated Ports
---------------------------------------------------------------------------------
---------------------------------------------------------------------------------
Finished Renaming Generated Ports : Time (s): cpu = 00:00:18 ; elapsed = 00:00:20 . Memory (MB): peak = 3771.062 ; gain = 885.848 ; free physical = 17453 ; free virtual = 22497
Synthesis current peak Physical Memory [PSS] (MB): peak = 3189.997; parent = 2982.758; children = 207.854
Synthesis current peak Virtual Memory [VSS] (MB): peak = 4740.824; parent = 3771.066; children = 969.758
---------------------------------------------------------------------------------
---------------------------------------------------------------------------------
Start Handling Custom Attributes
---------------------------------------------------------------------------------
---------------------------------------------------------------------------------
Finished Handling Custom Attributes : Time (s): cpu = 00:00:18 ; elapsed = 00:00:20 . Memory (MB): peak = 3771.062 ; gain = 885.848 ; free physical = 17451 ; free virtual = 22495
Synthesis current peak Physical Memory [PSS] (MB): peak = 3189.997; parent = 2982.758; children = 207.854
Synthesis current peak Virtual Memory [VSS] (MB): peak = 4740.824; parent = 3771.066; children = 969.758
---------------------------------------------------------------------------------
---------------------------------------------------------------------------------
Start Renaming Generated Nets
---------------------------------------------------------------------------------
---------------------------------------------------------------------------------
Finished Renaming Generated Nets : Time (s): cpu = 00:00:18 ; elapsed = 00:00:20 . Memory (MB): peak = 3771.062 ; gain = 885.848 ; free physical = 17449 ; free virtual = 22493
Synthesis current peak Physical Memory [PSS] (MB): peak = 3190.083; parent = 2982.844; children = 207.854
Synthesis current peak Virtual Memory [VSS] (MB): peak = 4740.824; parent = 3771.066; children = 969.758
---------------------------------------------------------------------------------
---------------------------------------------------------------------------------
Start Writing Synthesis Report
---------------------------------------------------------------------------------

Report BlackBoxes: 
+------+------------------------------------+----------+
|      |BlackBox name                       |Instances |
+------+------------------------------------+----------+
|1     |ulp_xbar_0                          |         1|
|2     |ulp_attention_score_u55c_kernel_1_0 |         1|
|3     |ulp_axi_vip_data_0                  |         1|
|4     |ulp_causal_mask_u55c_kernel_1_0     |         1|
|5     |ulp_hmss_0_0                        |         1|
|6     |ulp_ii_level0_wire_0                |         1|
|7     |ulp_proc_sys_reset_ctrl_slr0_0      |         1|
|8     |ulp_proc_sys_reset_ctrl_slr1_0      |         1|
|9     |ulp_proc_sys_reset_ctrl_slr2_0      |         1|
|10    |ulp_proc_sys_reset_freerun_slr0_0   |         1|
|11    |ulp_proc_sys_reset_freerun_slr1_0   |         1|
|12    |ulp_proc_sys_reset_freerun_slr2_0   |         1|
|13    |ulp_proc_sys_reset_kernel2_slr0_0   |         1|
|14    |ulp_proc_sys_reset_kernel2_slr1_0   |         1|
|15    |ulp_proc_sys_reset_kernel2_slr2_0   |         1|
|16    |ulp_proc_sys_reset_kernel_slr0_0    |         1|
|17    |ulp_proc_sys_reset_kernel_slr1_0    |         1|
|18    |ulp_proc_sys_reset_kernel_slr2_0    |         1|
|19    |ulp_score_scale_u55c_kernel_1_0     |         1|
|20    |ulp_softmax_u55c_kernel_1_0         |         1|
|21    |ulp_ulp_cmp_0                       |         1|
|22    |ulp_ulp_ucs_0                       |         1|
|23    |ulp_xbar_1                          |         1|
|24    |ulp_auto_cc_0                       |         1|
|25    |ulp_m00_regslice_0                  |         1|
|26    |ulp_auto_cc_1                       |         1|
|27    |ulp_m01_regslice_0                  |         1|
|28    |ulp_auto_cc_2                       |         1|
|29    |ulp_m02_regslice_0                  |         1|
|30    |ulp_auto_cc_3                       |         1|
|31    |ulp_m03_regslice_0                  |         1|
|32    |ulp_auto_cc_4                       |         1|
|33    |ulp_m04_regslice_0                  |         1|
|34    |ulp_s00_regslice_15                 |         1|
|35    |ulp_axi_gpio_null_0                 |         1|
|36    |ulp_axi_vip_ctrl_userpf_0           |         1|
|37    |ulp_regslice_control_userpf_0       |         1|
|38    |ulp_auto_cc_5                       |         1|
|39    |ulp_s00_regslice_16                 |         1|
|40    |ulp_axi_gpio_null_1                 |         1|
|41    |ulp_axi_vip_ctrl_userpf_1           |         1|
|42    |ulp_regslice_control_userpf_1       |         1|
|43    |ulp_auto_cc_6                       |         1|
|44    |ulp_s00_regslice_17                 |         1|
|45    |ulp_axi_gpio_null_2                 |         1|
|46    |ulp_axi_vip_ctrl_userpf_2           |         1|
|47    |ulp_regslice_control_userpf_2       |         1|
+------+------------------------------------+----------+

Report Cell Usage: 
+------+----------------------------------+------+
|      |Cell                              |Count |
+------+----------------------------------+------+
|1     |ulp_attention_score_u55c_kernel_1 |     1|
|2     |ulp_auto_cc                       |     7|
|9     |ulp_axi_gpio_null                 |     3|
|12    |ulp_axi_vip_ctrl_userpf           |     3|
|15    |ulp_axi_vip_data                  |     1|
|16    |ulp_causal_mask_u55c_kernel_1     |     1|
|17    |ulp_hmss_0                        |     1|
|18    |ulp_ii_level0_wire                |     1|
|19    |ulp_m00_regslice                  |     1|
|20    |ulp_m01_regslice                  |     1|
|21    |ulp_m02_regslice                  |     1|
|22    |ulp_m03_regslice                  |     1|
|23    |ulp_m04_regslice                  |     1|
|24    |ulp_proc_sys_reset_ctrl_slr0      |     1|
|25    |ulp_proc_sys_reset_ctrl_slr1      |     1|
|26    |ulp_proc_sys_reset_ctrl_slr2      |     1|
|27    |ulp_proc_sys_reset_freerun_slr0   |     1|
|28    |ulp_proc_sys_reset_freerun_slr1   |     1|
|29    |ulp_proc_sys_reset_freerun_slr2   |     1|
|30    |ulp_proc_sys_reset_kernel2_slr0   |     1|
|31    |ulp_proc_sys_reset_kernel2_slr1   |     1|
|32    |ulp_proc_sys_reset_kernel2_slr2   |     1|
|33    |ulp_proc_sys_reset_kernel_slr0    |     1|
|34    |ulp_proc_sys_reset_kernel_slr1    |     1|
|35    |ulp_proc_sys_reset_kernel_slr2    |     1|
|36    |ulp_regslice_control_userpf       |     3|
|39    |ulp_s00_regslice                  |     3|
|42    |ulp_score_scale_u55c_kernel_1     |     1|
|43    |ulp_softmax_u55c_kernel_1         |     1|
|44    |ulp_ulp_cmp                       |     1|
|45    |ulp_ulp_ucs                       |     1|
|46    |ulp_xbar                          |     2|
+------+----------------------------------+------+
---------------------------------------------------------------------------------
Finished Writing Synthesis Report : Time (s): cpu = 00:00:18 ; elapsed = 00:00:20 . Memory (MB): peak = 3771.062 ; gain = 885.848 ; free physical = 17449 ; free virtual = 22492
Synthesis current peak Physical Memory [PSS] (MB): peak = 3190.083; parent = 2982.844; children = 207.854
Synthesis current peak Virtual Memory [VSS] (MB): peak = 4740.824; parent = 3771.066; children = 969.758
---------------------------------------------------------------------------------
Synthesis finished with 0 errors, 0 critical warnings and 117 warnings.
Synthesis Optimization Runtime : Time (s): cpu = 00:00:14 ; elapsed = 00:00:16 . Memory (MB): peak = 3771.062 ; gain = 846.156 ; free physical = 17490 ; free virtual = 22533
Synthesis Optimization Complete : Time (s): cpu = 00:00:18 ; elapsed = 00:00:20 . Memory (MB): peak = 3771.070 ; gain = 885.848 ; free physical = 17488 ; free virtual = 22532
INFO: [Project 1-571] Translating synthesized netlist
Netlist sorting complete. Time (s): cpu = 00:00:00.05 ; elapsed = 00:00:00.05 . Memory (MB): peak = 3771.070 ; gain = 0.000 ; free physical = 17593 ; free virtual = 22637
INFO: [Project 1-570] Preparing netlist for logic optimization
INFO: [Opt 31-138] Pushed 0 inverter(s) to 0 load pin(s).
Netlist sorting complete. Time (s): cpu = 00:00:00 ; elapsed = 00:00:00 . Memory (MB): peak = 3863.352 ; gain = 0.000 ; free physical = 17471 ; free virtual = 22515
INFO: [Project 1-111] Unisim Transformation Summary:
No Unisim elements were transformed.

Synth Design complete, checksum: 1d59679a
INFO: [Common 17-83] Releasing license: Synthesis
181 Infos, 255 Warnings, 0 Critical Warnings and 0 Errors encountered.
synth_design completed successfully
synth_design: Time (s): cpu = 00:00:25 ; elapsed = 00:00:26 . Memory (MB): peak = 3869.289 ; gain = 2321.668 ; free physical = 17683 ; free virtual = 22727
INFO: [Common 17-600] The following parameters have non-default value.
general.maxThreads
INFO: [Coretcl 2-1174] Renamed 11 cell refs.
INFO: [Common 17-1381] The checkpoint '/home/advent/Desktop/RC19/_x/link/vivado/vpl/prj/prj.runs/my_rm_synth_1/ulp.dcp' has been generated.
INFO: [Common 17-206] Exiting Vivado at Mon Apr 27 18:58:16 2026...
[Mon Apr 27 18:58:20 2026] my_rm_synth_1 finished
wait_on_runs: Time (s): cpu = 01:28:49 ; elapsed = 00:13:03 . Memory (MB): peak = 5084.203 ; gain = 0.000 ; free physical = 20353 ; free virtual = 25390
INFO: [OCL_UTIL] restore parameter general.maxThreads to 8
INFO: [OCL_UTIL] internal step: generating resource usage report '/home/advent/Desktop/RC19/_x/link/vivado/vpl/output/resource.json'
INFO: [OCL_UTIL] internal step: log_generated_reports for synthesis '/home/advent/Desktop/RC19/_x/link/vivado/vpl/output/generated_reports.log'
INFO: [OCL_UTIL] internal step: launched run my_rm_synth_1
WARNING: [Vivado 12-1022] No filesets matching 'my_rm'
INFO: [OCL_UTIL] internal step: launched run ulp_hmss_0_0_synth_1
INFO: [OCL_UTIL] internal step: launched run ulp_axi_vip_data_0_synth_1
INFO: [OCL_UTIL] internal step: launched run ulp_ulp_cmp_0_synth_1
INFO: [OCL_UTIL] internal step: launched run ulp_ii_level0_wire_0_synth_1
INFO: [OCL_UTIL] internal step: launched run ulp_ulp_ucs_0_synth_1
INFO: [OCL_UTIL] internal step: launched run ulp_proc_sys_reset_ctrl_slr0_0_synth_1
INFO: [OCL_UTIL] internal step: launched run ulp_proc_sys_reset_ctrl_slr1_0_synth_1
INFO: [OCL_UTIL] internal step: launched run ulp_proc_sys_reset_ctrl_slr2_0_synth_1
INFO: [OCL_UTIL] internal step: launched run ulp_proc_sys_reset_kernel_slr0_0_synth_1
INFO: [OCL_UTIL] internal step: launched run ulp_proc_sys_reset_kernel_slr1_0_synth_1
INFO: [OCL_UTIL] internal step: launched run ulp_proc_sys_reset_kernel_slr2_0_synth_1
INFO: [OCL_UTIL] internal step: launched run ulp_proc_sys_reset_kernel2_slr0_0_synth_1
INFO: [OCL_UTIL] internal step: launched run ulp_proc_sys_reset_kernel2_slr1_0_synth_1
INFO: [OCL_UTIL] internal step: launched run ulp_proc_sys_reset_kernel2_slr2_0_synth_1
INFO: [OCL_UTIL] internal step: launched run ulp_proc_sys_reset_freerun_slr0_0_synth_1
INFO: [OCL_UTIL] internal step: launched run ulp_proc_sys_reset_freerun_slr1_0_synth_1
INFO: [OCL_UTIL] internal step: launched run ulp_proc_sys_reset_freerun_slr2_0_synth_1
INFO: [OCL_UTIL] internal step: launched run ulp_axi_gpio_null_0_synth_1
INFO: [OCL_UTIL] internal step: launched run ulp_axi_vip_ctrl_userpf_0_synth_1
INFO: [OCL_UTIL] internal step: launched run ulp_regslice_control_userpf_0_synth_1
INFO: [OCL_UTIL] internal step: launched run ulp_axi_gpio_null_1_synth_1
INFO: [OCL_UTIL] internal step: launched run ulp_axi_vip_ctrl_userpf_1_synth_1
INFO: [OCL_UTIL] internal step: launched run ulp_regslice_control_userpf_1_synth_1
INFO: [OCL_UTIL] internal step: launched run ulp_axi_gpio_null_2_synth_1
INFO: [OCL_UTIL] internal step: launched run ulp_axi_vip_ctrl_userpf_2_synth_1
INFO: [OCL_UTIL] internal step: launched run ulp_regslice_control_userpf_2_synth_1
INFO: [OCL_UTIL] internal step: launched run bd_85ad_slice2_1_0_synth_1
INFO: [OCL_UTIL] internal step: launched run bd_85ad_interconnect3_2_0_synth_1
INFO: [OCL_UTIL] internal step: launched run ulp_auto_cc_3_synth_1
INFO: [OCL_UTIL] internal step: launched run ulp_m04_regslice_0_synth_1
INFO: [OCL_UTIL] internal step: launched run ulp_auto_cc_4_synth_1
INFO: [OCL_UTIL] internal step: launched run ulp_s00_regslice_16_synth_1
INFO: [OCL_UTIL] internal step: launched run ulp_auto_cc_5_synth_1
INFO: [OCL_UTIL] internal step: launched run ulp_s00_regslice_17_synth_1
INFO: [OCL_UTIL] internal step: launched run ulp_auto_cc_6_synth_1
INFO: [OCL_UTIL] internal step: launched run bd_85ad_vip_S06_0_synth_1
INFO: [OCL_UTIL] internal step: launched run bd_85ad_vip_S07_0_synth_1
INFO: [OCL_UTIL] internal step: launched run bd_85ad_vip_S05_0_synth_1
INFO: [OCL_UTIL] internal step: launched run bd_85ad_vip_S04_0_synth_1
INFO: [OCL_UTIL] internal step: launched run bd_85ad_vip_S03_0_synth_1
INFO: [OCL_UTIL] internal step: launched run bd_85ad_vip_S02_0_synth_1
INFO: [OCL_UTIL] internal step: launched run bd_85ad_vip_S01_0_synth_1
INFO: [OCL_UTIL] internal step: launched run bd_85ad_hbm_reset_sync_SLR2_0_synth_1
INFO: [OCL_UTIL] internal step: launched run bd_85ad_hbm_reset_sync_SLR0_0_synth_1
INFO: [OCL_UTIL] internal step: launched run bd_85ad_hbm_inst_0_synth_1
INFO: [OCL_UTIL] internal step: launched run bd_22c0_clkwiz_aclk_kernel_00_0_synth_1
INFO: [OCL_UTIL] internal step: launched run bd_22c0_clock_throttling_aclk_kernel_00_0_synth_1
INFO: [OCL_UTIL] internal step: launched run bd_22c0_fanout_aresetn_kernel_00_slr0_1_0_synth_1
INFO: [OCL_UTIL] internal step: launched run bd_22c0_fanout_aresetn_kernel_00_slr0_2_0_synth_1
INFO: [OCL_UTIL] internal step: launched run bd_22c0_fanout_aresetn_kernel_00_slr0_3_0_synth_1
INFO: [OCL_UTIL] internal step: launched run bd_22c0_fanout_aresetn_kernel_00_slr0_4_0_synth_1
INFO: [OCL_UTIL] internal step: launched run bd_22c0_fanout_aresetn_kernel_00_slr1_1_0_synth_1
INFO: [OCL_UTIL] internal step: launched run bd_22c0_fanout_aresetn_kernel_00_slr1_2_0_synth_1
INFO: [OCL_UTIL] internal step: launched run bd_22c0_fanout_aresetn_kernel_00_slr1_3_0_synth_1
INFO: [OCL_UTIL] internal step: launched run bd_22c0_fanout_aresetn_kernel_00_slr1_4_0_synth_1
INFO: [OCL_UTIL] internal step: launched run bd_22c0_fanout_aresetn_kernel_00_slr2_1_0_synth_1
INFO: [OCL_UTIL] internal step: launched run bd_22c0_fanout_aresetn_kernel_00_slr2_2_0_synth_1
INFO: [OCL_UTIL] internal step: launched run bd_22c0_fanout_aresetn_kernel_00_slr2_3_0_synth_1
INFO: [OCL_UTIL] internal step: launched run bd_22c0_fanout_aresetn_kernel_00_slr2_4_0_synth_1
INFO: [OCL_UTIL] internal step: launched run bd_22c0_psreset_kernel_00_0_synth_1
INFO: [OCL_UTIL] internal step: launched run bd_22c0_aclk_kernel_01_adapt_0_synth_1
INFO: [OCL_UTIL] internal step: launched run bd_22c0_clock_throttling_avg_0_synth_1
INFO: [OCL_UTIL] internal step: launched run bd_22c0_gpio_ucs_control_status_0_synth_1
INFO: [OCL_UTIL] internal step: launched run bd_22c0_clock_shutdown_latch_0_synth_1
INFO: [OCL_UTIL] internal step: launched run bd_22c0_fanout_aresetn_pcie_slr0_1_0_synth_1
INFO: [OCL_UTIL] internal step: launched run bd_22c0_fanout_aresetn_pcie_slr0_2_0_synth_1
INFO: [OCL_UTIL] internal step: launched run bd_22c0_fanout_aresetn_pcie_slr0_3_0_synth_1
INFO: [OCL_UTIL] internal step: launched run bd_22c0_fanout_aresetn_pcie_slr0_4_0_synth_1
INFO: [OCL_UTIL] internal step: launched run bd_22c0_fanout_aresetn_pcie_slr1_1_0_synth_1
INFO: [OCL_UTIL] internal step: launched run bd_22c0_fanout_aresetn_pcie_slr1_2_0_synth_1
INFO: [OCL_UTIL] internal step: launched run ulp_xbar_0_synth_1
INFO: [OCL_UTIL] internal step: launched run bd_22c0_fanout_aresetn_pcie_slr1_3_0_synth_1
INFO: [OCL_UTIL] internal step: launched run bd_22c0_fanout_aresetn_pcie_slr1_4_0_synth_1
INFO: [OCL_UTIL] internal step: launched run bd_22c0_fanout_aresetn_pcie_slr2_1_0_synth_1
INFO: [OCL_UTIL] internal step: launched run bd_22c0_fanout_aresetn_pcie_slr2_2_0_synth_1
INFO: [OCL_UTIL] internal step: launched run bd_22c0_fanout_aresetn_pcie_slr2_3_0_synth_1
INFO: [OCL_UTIL] internal step: launched run bd_22c0_fanout_aresetn_pcie_slr2_4_0_synth_1
INFO: [OCL_UTIL] internal step: launched run bd_22c0_fanout_aresetn_ctrl_slr0_1_0_synth_1
INFO: [OCL_UTIL] internal step: launched run bd_22c0_fanout_aresetn_ctrl_slr0_2_0_synth_1
INFO: [OCL_UTIL] internal step: launched run bd_22c0_fanout_aresetn_ctrl_slr0_3_0_synth_1
INFO: [OCL_UTIL] internal step: launched run bd_22c0_fanout_aresetn_ctrl_slr0_4_0_synth_1
INFO: [OCL_UTIL] internal step: launched run bd_22c0_fanout_aresetn_ctrl_slr1_1_0_synth_1
INFO: [OCL_UTIL] internal step: launched run bd_22c0_fanout_aresetn_ctrl_slr1_2_0_synth_1
INFO: [OCL_UTIL] internal step: launched run bd_22c0_fanout_aresetn_ctrl_slr1_3_0_synth_1
INFO: [OCL_UTIL] internal step: launched run bd_22c0_fanout_aresetn_ctrl_slr1_4_0_synth_1
INFO: [OCL_UTIL] internal step: launched run bd_22c0_fanout_aresetn_ctrl_slr2_1_0_synth_1
INFO: [OCL_UTIL] internal step: launched run bd_22c0_fanout_aresetn_ctrl_slr2_2_0_synth_1
INFO: [OCL_UTIL] internal step: launched run bd_097b_build_info_0_synth_1
INFO: [OCL_UTIL] internal step: launched run bd_097b_user_debug_bridge_0_synth_1
INFO: [OCL_UTIL] internal step: launched run bd_7cf0_axi_jtag_0_synth_1
INFO: [OCL_UTIL] internal step: launched run bd_7cf0_bsip_0_synth_1
INFO: [OCL_UTIL] internal step: launched run bd_7cf0_bs_switch_1_0_synth_1
INFO: [OCL_UTIL] internal step: launched run bd_097b_user_debug_hub_0_synth_1
INFO: [OCL_UTIL] internal step: launched run bd_58f6_xsdbm_0_synth_1
INFO: [OCL_UTIL] internal step: launched run bd_58f6_lut_buffer_0_synth_1
INFO: [OCL_UTIL] internal step: launched run bd_22c0_gpio_gapping_demand_0_synth_1
INFO: [OCL_UTIL] internal step: launched run bd_22c0_gapping_demand_update_0_synth_1
INFO: [OCL_UTIL] internal step: launched run bd_22c0_gapping_demand_toggle_0_synth_1
INFO: [OCL_UTIL] internal step: launched run bd_22c0_xbar_0_synth_1
INFO: [OCL_UTIL] internal step: launched run bd_22c0_build_info_0_synth_1
INFO: [OCL_UTIL] internal step: launched run bd_22c0_fanout_aresetn_ctrl_slr2_3_0_synth_1
INFO: [OCL_UTIL] internal step: launched run bd_22c0_fanout_aresetn_ctrl_slr2_4_0_synth_1
INFO: [OCL_UTIL] internal step: launched run bd_22c0_clk_hbm_adapt_0_synth_1
INFO: [OCL_UTIL] internal step: launched run bd_22c0_clkwiz_hbm_0_synth_1
INFO: [OCL_UTIL] internal step: launched run bd_22c0_fanout_aresetn_hbm_0_synth_1
INFO: [OCL_UTIL] internal step: launched run bd_22c0_psreset_hbm_0_synth_1
INFO: [OCL_UTIL] internal step: launched run bd_22c0_xbar_1_synth_1
INFO: [OCL_UTIL] internal step: launched run bd_22c0_frequency_counter_aclk_0_synth_1
INFO: [OCL_UTIL] internal step: launched run bd_22c0_frequency_counter_aclk_hbm_0_synth_1
INFO: [OCL_UTIL] internal step: launched run bd_22c0_frequency_counter_aclk_kernel_00_0_synth_1
INFO: [OCL_UTIL] internal step: launched run bd_22c0_frequency_counter_aclk_kernel_01_0_synth_1
INFO: [OCL_UTIL] internal step: launched run bd_22c0_psreset_aclk_freerun_0_synth_1
INFO: [OCL_UTIL] internal step: launched run bd_22c0_aclk_kernel_00_adapt_0_synth_1
INFO: [OCL_UTIL] internal step: launched run bd_22c0_aclk_kernel_00_cont_adapt_0_synth_1
INFO: [OCL_UTIL] internal step: launched run bd_22c0_aclk_kernel_01_cont_adapt_0_synth_1
INFO: [OCL_UTIL] internal step: launched run bd_22c0_clkwiz_aclk_kernel_01_0_synth_1
INFO: [OCL_UTIL] internal step: launched run bd_22c0_clock_throttling_aclk_kernel_01_0_synth_1
INFO: [OCL_UTIL] internal step: launched run bd_22c0_fanout_aresetn_kernel_01_slr0_1_0_synth_1
INFO: [OCL_UTIL] internal step: launched run bd_22c0_fanout_aresetn_kernel_01_slr0_2_0_synth_1
INFO: [OCL_UTIL] internal step: launched run bd_22c0_fanout_aresetn_kernel_01_slr0_3_0_synth_1
INFO: [OCL_UTIL] internal step: launched run bd_22c0_fanout_aresetn_kernel_01_slr0_4_0_synth_1
INFO: [OCL_UTIL] internal step: launched run bd_22c0_fanout_aresetn_kernel_01_slr1_1_0_synth_1
INFO: [OCL_UTIL] internal step: launched run bd_22c0_fanout_aresetn_kernel_01_slr1_2_0_synth_1
INFO: [OCL_UTIL] internal step: launched run bd_22c0_fanout_aresetn_kernel_01_slr1_3_0_synth_1
INFO: [OCL_UTIL] internal step: launched run bd_22c0_fanout_aresetn_kernel_01_slr1_4_0_synth_1
INFO: [OCL_UTIL] internal step: launched run bd_22c0_fanout_aresetn_kernel_01_slr2_1_0_synth_1
INFO: [OCL_UTIL] internal step: launched run bd_22c0_fanout_aresetn_kernel_01_slr2_2_0_synth_1
INFO: [OCL_UTIL] internal step: launched run bd_22c0_fanout_aresetn_kernel_01_slr2_3_0_synth_1
INFO: [OCL_UTIL] internal step: launched run bd_22c0_fanout_aresetn_kernel_01_slr2_4_0_synth_1
INFO: [OCL_UTIL] internal step: launched run bd_22c0_psreset_kernel_01_0_synth_1
INFO: [OCL_UTIL] internal step: launched run ulp_attention_score_u55c_kernel_1_0_synth_1
INFO: [OCL_UTIL] internal step: launched run ulp_causal_mask_u55c_kernel_1_0_synth_1
INFO: [OCL_UTIL] internal step: launched run ulp_score_scale_u55c_kernel_1_0_synth_1
INFO: [OCL_UTIL] internal step: launched run ulp_softmax_u55c_kernel_1_0_synth_1
INFO: [OCL_UTIL] internal step: launched run ulp_xbar_1_synth_1
INFO: [OCL_UTIL] internal step: launched run bd_85ad_slice3_2_0_synth_1
INFO: [OCL_UTIL] internal step: launched run bd_85ad_interconnect4_3_0_synth_1
INFO: [OCL_UTIL] internal step: launched run bd_85ad_slice4_3_0_synth_1
INFO: [OCL_UTIL] internal step: launched run bd_85ad_interconnect5_4_0_synth_1
INFO: [OCL_UTIL] internal step: launched run bd_85ad_slice6_6_0_synth_1
INFO: [OCL_UTIL] internal step: launched run bd_85ad_interconnect8_7_0_synth_1
INFO: [OCL_UTIL] internal step: launched run bd_85ad_slice1_0_0_synth_1
INFO: [OCL_UTIL] internal step: launched run bd_85ad_interconnect2_1_0_synth_1
INFO: [OCL_UTIL] internal step: launched run bd_85ad_slice5_4_0_synth_1
INFO: [OCL_UTIL] internal step: launched run bd_85ad_interconnect7_5_0_synth_1
INFO: [OCL_UTIL] internal step: launched run bd_85ad_vip_S08_0_synth_1
INFO: [OCL_UTIL] internal step: launched run bd_85ad_vip_S09_0_synth_1
INFO: [OCL_UTIL] internal step: launched run bd_85ad_vip_S00_0_synth_1
INFO: [OCL_UTIL] internal step: launched run bd_85ad_axi_apb_bridge_inst_0_synth_1
INFO: [OCL_UTIL] internal step: launched run bd_85ad_interconnect1_0_0_synth_1
INFO: [OCL_UTIL] internal step: launched run bd_85ad_slice7_5_0_synth_1
INFO: [OCL_UTIL] internal step: launched run bd_85ad_interconnect6_6_0_synth_1
INFO: [OCL_UTIL] internal step: launched run bd_85ad_slice8_7_0_synth_1
INFO: [OCL_UTIL] internal step: launched run bd_85ad_interconnect9_8_0_synth_1
INFO: [OCL_UTIL] internal step: launched run bd_85ad_slice9_8_0_synth_1
INFO: [OCL_UTIL] internal step: launched run bd_85ad_interconnect0_10_0_synth_1
INFO: [OCL_UTIL] internal step: launched run bd_85ad_slice0_10_0_synth_1
INFO: [OCL_UTIL] internal step: launched run bd_85ad_init_reduce_0_synth_1
INFO: [OCL_UTIL] internal step: launched run ulp_m03_regslice_0_synth_1
INFO: [OCL_UTIL] internal step: launched run ulp_auto_cc_2_synth_1
INFO: [OCL_UTIL] internal step: launched run ulp_m02_regslice_0_synth_1
INFO: [OCL_UTIL] internal step: launched run ulp_auto_cc_1_synth_1
INFO: [OCL_UTIL] internal step: launched run ulp_m01_regslice_0_synth_1
INFO: [OCL_UTIL] internal step: launched run ulp_auto_cc_0_synth_1
INFO: [OCL_UTIL] internal step: launched run bd_22c0_auto_cc_0_synth_1
INFO: [OCL_UTIL] internal step: launched run ulp_s00_regslice_15_synth_1
INFO: [OCL_UTIL] internal step: launched run ulp_m00_regslice_0_synth_1
[18:58:21] Run vpl: Step synth: Completed
[18:58:21] Run vpl: Step impl: Started
INFO: [OCL_UTIL] current step: vpl.impl
INFO: [OCL_UTIL] internal step: launch_runs impl_1 -to_step write_bitstream -jobs 8  
INFO: [Runs 36-528] The project property MEM.ENABLE_MEMORY_MAP_GENERATION is set to false and the mmi file will not be created and you will not be able to run the updatemem program.
INFO: [Runs 36-528] The project property MEM.ENABLE_MEMORY_MAP_GENERATION is set to false and the mmi file will not be created and you will not be able to run the updatemem program.
[Mon Apr 27 18:58:22 2026] Launched impl_1...
Run output will be captured here: /home/advent/Desktop/RC19/_x/link/vivado/vpl/prj/prj.runs/impl_1/runme.log
[Mon Apr 27 18:58:22 2026] Waiting for impl_1 to finish...

*** Running vivado
    with args -log level0_wrapper.vdi -applog -m64 -product Vivado -messageDb vivado.pb -mode batch -source level0_wrapper.tcl -notrace


****** Vivado v2022.2 (64-bit)
  **** SW Build 3671981 on Fri Oct 14 04:59:54 MDT 2022
  **** IP Build 3669848 on Fri Oct 14 08:30:02 MDT 2022
    ** Copyright 1986-2022 Xilinx, Inc. All Rights Reserved.

source level0_wrapper.tcl -notrace
INFO: Dispatch client connection id - 37729
source /home/advent/Desktop/RC19/_x/link/vivado/vpl/scripts/impl_1/_full_init_pre.tcl
INFO: [IP_Flow 19-234] Refreshing IP repositories
INFO: [IP_Flow 19-1700] Loaded user IP repository '/home/advent/Desktop/RC19/_x/link/int/xo/ip_repo/xilinx_com_hls_softmax_u55c_kernel_1_0'.
INFO: [IP_Flow 19-1700] Loaded user IP repository '/home/advent/Desktop/RC19/_x/link/int/xo/ip_repo/xilinx_com_hls_attention_score_u55c_kernel_1_0'.
INFO: [IP_Flow 19-1700] Loaded user IP repository '/home/advent/Desktop/RC19/_x/link/int/xo/ip_repo/xilinx_com_hls_causal_mask_u55c_kernel_1_0'.
INFO: [IP_Flow 19-1700] Loaded user IP repository '/home/advent/Desktop/RC19/_x/link/int/xo/ip_repo/xilinx_com_hls_score_scale_u55c_kernel_1_0'.
INFO: [IP_Flow 19-1700] Loaded user IP repository '/home/advent/Desktop/RC19/_x/link/vivado/vpl/.local/hw_platform/iprepo'.
INFO: [IP_Flow 19-1700] Loaded user IP repository '/home/advent/Desktop/RC19/_x/link/vivado/vpl/.local/hw_platform/ipcache'.
INFO: [IP_Flow 19-1700] Loaded user IP repository '/home/advent/Vivado/Vitis/2022.2/data/ip'.
INFO: [IP_Flow 19-2313] Loaded Vivado IP repository '/home/advent/Vivado/Vivado/2022.2/data/ip'.
WARNING: [IP_Flow 19-1663] Duplicate IP found for 'xilinx.com:ip:clk_metadata_adapter:1.0'. The one found in IP location '/home/advent/Desktop/RC19/_x/link/vivado/vpl/.local/hw_platform/iprepo/ipdefs/pxi_ii_infra/clk_metadata_adapter_v1_0' will take precedence over the same IP in location /home/advent/Desktop/RC19/_x/link/vivado/vpl/.local/hw_platform/iprepo/ipdefs/other_ipdefs/clk_metadata_adapter_v1_0
WARNING: [IP_Flow 19-1663] Duplicate IP found for 'xilinx.com:ip:pipeline_reg:1.0'. The one found in IP location '/home/advent/Desktop/RC19/_x/link/vivado/vpl/.local/hw_platform/iprepo/ipdefs/pxi_ii_infra/pipeline_reg_v1_0' will take precedence over the same IP in location /home/advent/Desktop/RC19/_x/link/vivado/vpl/.local/hw_platform/iprepo/ipdefs/other_ipdefs/pipeline_reg_v1_0
WARNING: [IP_Flow 19-1663] Duplicate IP found for 'xilinx.com:ip:axi_clk_metadata_adapter:1.0'. The one found in IP location '/home/advent/Desktop/RC19/_x/link/vivado/vpl/.local/hw_platform/iprepo/ipdefs/other_ipdefs/axi_clk_metadata_adapter_v1_0' will take precedence over the same IP in location /home/advent/Desktop/RC19/_x/link/vivado/vpl/.local/hw_platform/iprepo/ipdefs/pxi_ii_infra/axi_clk_metadata_adapter_v1_0
WARNING: [IP_Flow 19-1663] Duplicate IP found for 'xilinx.com:ip:shell_utils_build_info:1.0'. The one found in IP location '/home/advent/Desktop/RC19/_x/link/vivado/vpl/.local/hw_platform/iprepo/ipdefs/other_ipdefs/shell_utils_build_info_v1_0' will take precedence over the same IP in the Xilinx installed IP.
WARNING: [IP_Flow 19-1663] Duplicate IP found for 'xilinx.com:ip:axis_clk_metadata_adapter:1.0'. The one found in IP location '/home/advent/Desktop/RC19/_x/link/vivado/vpl/.local/hw_platform/iprepo/ipdefs/other_ipdefs/axis_clk_metadata_adapter_v1_0' will take precedence over the same IP in location /home/advent/Desktop/RC19/_x/link/vivado/vpl/.local/hw_platform/iprepo/ipdefs/pxi_ii_infra/axis_clk_metadata_adapter_v1_0
Command: link_design -part xcu55c-fsvh2892-2L-e -reconfig_partitions level0_i/ulp
Design is defaulting to srcset: sources_1
Design is defaulting to constrset: constrs_1
Design is defaulting to dcp top: level0_wrapper
INFO: [Device 21-403] Loading part xcu55c-fsvh2892-2L-e
CRITICAL WARNING: [Project 1-840] The design checkpoint file '/home/advent/Desktop/RC19/_x/link/vivado/vpl/prj/prj.runs/my_rm_synth_1/ulp.dcp' was generated for an IP by an out of context synthesis run and should not be used directly as a source in a Vivado flow. Constraints and other files related to the IP are only stored in the xci/xcix, not the checkpoint. It is strongly recommended that the original IP source file (.xci/.xcix) be used.
INFO: [Project 1-454] Reading design checkpoint '/home/advent/Desktop/RC19/_x/link/vivado/vpl/prj/prj.runs/my_rm_synth_1/ulp.dcp' for cell 'level0_i/ulp'
INFO: [Project 1-454] Reading design checkpoint '/home/advent/Desktop/RC19/_x/link/vivado/vpl/prj/prj.gen/my_rm/bd/ulp/ip/ulp_attention_score_u55c_kernel_1_0/ulp_attention_score_u55c_kernel_1_0.dcp' for cell 'level0_i/ulp/attention_score_u55c_kernel_1'
INFO: [Project 1-454] Reading design checkpoint '/home/advent/Desktop/RC19/_x/link/vivado/vpl/prj/prj.gen/my_rm/bd/ulp/ip/ulp_axi_vip_data_0/ulp_axi_vip_data_0.dcp' for cell 'level0_i/ulp/axi_vip_data'
INFO: [Project 1-454] Reading design checkpoint '/home/advent/Desktop/RC19/_x/link/vivado/vpl/prj/prj.gen/my_rm/bd/ulp/ip/ulp_causal_mask_u55c_kernel_1_0/ulp_causal_mask_u55c_kernel_1_0.dcp' for cell 'level0_i/ulp/causal_mask_u55c_kernel_1'
INFO: [Project 1-454] Reading design checkpoint '/home/advent/Desktop/RC19/_x/link/vivado/vpl/prj/prj.gen/my_rm/bd/ulp/ip/ulp_hmss_0_0/ulp_hmss_0_0.dcp' for cell 'level0_i/ulp/hmss_0'
INFO: [Project 1-454] Reading design checkpoint '/home/advent/Desktop/RC19/_x/link/vivado/vpl/prj/prj.gen/my_rm/bd/ulp/ip/ulp_ii_level0_wire_0/ulp_ii_level0_wire_0.dcp' for cell 'level0_i/ulp/ii_level0_wire'
INFO: [Project 1-454] Reading design checkpoint '/home/advent/Desktop/RC19/_x/link/vivado/vpl/prj/prj.gen/my_rm/bd/ulp/ip/ulp_proc_sys_reset_ctrl_slr0_0/ulp_proc_sys_reset_ctrl_slr0_0.dcp' for cell 'level0_i/ulp/proc_sys_reset_ctrl_slr0'
INFO: [Project 1-454] Reading design checkpoint '/home/advent/Desktop/RC19/_x/link/vivado/vpl/prj/prj.gen/my_rm/bd/ulp/ip/ulp_proc_sys_reset_ctrl_slr1_0/ulp_proc_sys_reset_ctrl_slr1_0.dcp' for cell 'level0_i/ulp/proc_sys_reset_ctrl_slr1'
INFO: [Project 1-454] Reading design checkpoint '/home/advent/Desktop/RC19/_x/link/vivado/vpl/prj/prj.gen/my_rm/bd/ulp/ip/ulp_proc_sys_reset_ctrl_slr2_0/ulp_proc_sys_reset_ctrl_slr2_0.dcp' for cell 'level0_i/ulp/proc_sys_reset_ctrl_slr2'
INFO: [Project 1-454] Reading design checkpoint '/home/advent/Desktop/RC19/_x/link/vivado/vpl/prj/prj.gen/my_rm/bd/ulp/ip/ulp_proc_sys_reset_freerun_slr0_0/ulp_proc_sys_reset_freerun_slr0_0.dcp' for cell 'level0_i/ulp/proc_sys_reset_freerun_slr0'
INFO: [Project 1-454] Reading design checkpoint '/home/advent/Desktop/RC19/_x/link/vivado/vpl/prj/prj.gen/my_rm/bd/ulp/ip/ulp_proc_sys_reset_freerun_slr1_0/ulp_proc_sys_reset_freerun_slr1_0.dcp' for cell 'level0_i/ulp/proc_sys_reset_freerun_slr1'
INFO: [Project 1-454] Reading design checkpoint '/home/advent/Desktop/RC19/_x/link/vivado/vpl/prj/prj.gen/my_rm/bd/ulp/ip/ulp_proc_sys_reset_freerun_slr2_0/ulp_proc_sys_reset_freerun_slr2_0.dcp' for cell 'level0_i/ulp/proc_sys_reset_freerun_slr2'
INFO: [Project 1-454] Reading design checkpoint '/home/advent/Desktop/RC19/_x/link/vivado/vpl/prj/prj.gen/my_rm/bd/ulp/ip/ulp_proc_sys_reset_kernel2_slr0_0/ulp_proc_sys_reset_kernel2_slr0_0.dcp' for cell 'level0_i/ulp/proc_sys_reset_kernel2_slr0'
INFO: [Project 1-454] Reading design checkpoint '/home/advent/Desktop/RC19/_x/link/vivado/vpl/prj/prj.gen/my_rm/bd/ulp/ip/ulp_proc_sys_reset_kernel2_slr1_0/ulp_proc_sys_reset_kernel2_slr1_0.dcp' for cell 'level0_i/ulp/proc_sys_reset_kernel2_slr1'
INFO: [Project 1-454] Reading design checkpoint '/home/advent/Desktop/RC19/_x/link/vivado/vpl/prj/prj.gen/my_rm/bd/ulp/ip/ulp_proc_sys_reset_kernel2_slr2_0/ulp_proc_sys_reset_kernel2_slr2_0.dcp' for cell 'level0_i/ulp/proc_sys_reset_kernel2_slr2'
INFO: [Project 1-454] Reading design checkpoint '/home/advent/Desktop/RC19/_x/link/vivado/vpl/prj/prj.gen/my_rm/bd/ulp/ip/ulp_proc_sys_reset_kernel_slr0_0/ulp_proc_sys_reset_kernel_slr0_0.dcp' for cell 'level0_i/ulp/proc_sys_reset_kernel_slr0'
INFO: [Project 1-454] Reading design checkpoint '/home/advent/Desktop/RC19/_x/link/vivado/vpl/prj/prj.gen/my_rm/bd/ulp/ip/ulp_proc_sys_reset_kernel_slr1_0/ulp_proc_sys_reset_kernel_slr1_0.dcp' for cell 'level0_i/ulp/proc_sys_reset_kernel_slr1'
INFO: [Project 1-454] Reading design checkpoint '/home/advent/Desktop/RC19/_x/link/vivado/vpl/prj/prj.gen/my_rm/bd/ulp/ip/ulp_proc_sys_reset_kernel_slr2_0/ulp_proc_sys_reset_kernel_slr2_0.dcp' for cell 'level0_i/ulp/proc_sys_reset_kernel_slr2'
INFO: [Project 1-454] Reading design checkpoint '/home/advent/Desktop/RC19/_x/link/vivado/vpl/prj/prj.gen/my_rm/bd/ulp/ip/ulp_score_scale_u55c_kernel_1_0/ulp_score_scale_u55c_kernel_1_0.dcp' for cell 'level0_i/ulp/score_scale_u55c_kernel_1'
INFO: [Project 1-454] Reading design checkpoint '/home/advent/Desktop/RC19/_x/link/vivado/vpl/prj/prj.gen/my_rm/bd/ulp/ip/ulp_softmax_u55c_kernel_1_0/ulp_softmax_u55c_kernel_1_0.dcp' for cell 'level0_i/ulp/softmax_u55c_kernel_1'
INFO: [Project 1-454] Reading design checkpoint '/home/advent/Desktop/RC19/_x/link/vivado/vpl/prj/prj.gen/my_rm/bd/ulp/ip/ulp_ulp_cmp_0/ulp_ulp_cmp_0.dcp' for cell 'level0_i/ulp/ulp_cmp'
INFO: [Project 1-454] Reading design checkpoint '/home/advent/Desktop/RC19/_x/link/vivado/vpl/prj/prj.gen/my_rm/bd/ulp/ip/ulp_ulp_ucs_0/ulp_ulp_ucs_0.dcp' for cell 'level0_i/ulp/ulp_ucs'
INFO: [Project 1-454] Reading design checkpoint '/home/advent/Desktop/RC19/_x/link/vivado/vpl/prj/prj.gen/my_rm/bd/ulp/ip/ulp_axi_gpio_null_0/ulp_axi_gpio_null_0.dcp' for cell 'level0_i/ulp/SLR0/axi_gpio_null'
INFO: [Project 1-454] Reading design checkpoint '/home/advent/Desktop/RC19/_x/link/vivado/vpl/prj/prj.gen/my_rm/bd/ulp/ip/ulp_axi_vip_ctrl_userpf_0/ulp_axi_vip_ctrl_userpf_0.dcp' for cell 'level0_i/ulp/SLR0/axi_vip_ctrl_userpf'
INFO: [Project 1-454] Reading design checkpoint '/home/advent/Desktop/RC19/_x/link/vivado/vpl/prj/prj.gen/my_rm/bd/ulp/ip/ulp_regslice_control_userpf_0/ulp_regslice_control_userpf_0.dcp' for cell 'level0_i/ulp/SLR0/regslice_control_userpf'
INFO: [Project 1-454] Reading design checkpoint '/home/advent/Desktop/RC19/_x/link/vivado/vpl/prj/prj.gen/my_rm/bd/ulp/ip/ulp_xbar_1/ulp_xbar_1.dcp' for cell 'level0_i/ulp/SLR0/interconnect_axilite_user/xbar'
INFO: [Project 1-454] Reading design checkpoint '/home/advent/Desktop/RC19/_x/link/vivado/vpl/prj/prj.gen/my_rm/bd/ulp/ip/ulp_auto_cc_0/ulp_auto_cc_0.dcp' for cell 'level0_i/ulp/SLR0/interconnect_axilite_user/m00_couplers/auto_cc'
INFO: [Project 1-454] Reading design checkpoint '/home/advent/Desktop/RC19/_x/link/vivado/vpl/prj/prj.gen/my_rm/bd/ulp/ip/ulp_m00_regslice_0/ulp_m00_regslice_0.dcp' for cell 'level0_i/ulp/SLR0/interconnect_axilite_user/m00_couplers/m00_regslice'
INFO: [Project 1-454] Reading design checkpoint '/home/advent/Desktop/RC19/_x/link/vivado/vpl/prj/prj.gen/my_rm/bd/ulp/ip/ulp_auto_cc_1/ulp_auto_cc_1.dcp' for cell 'level0_i/ulp/SLR0/interconnect_axilite_user/m01_couplers/auto_cc'
INFO: [Project 1-454] Reading design checkpoint '/home/advent/Desktop/RC19/_x/link/vivado/vpl/prj/prj.gen/my_rm/bd/ulp/ip/ulp_m01_regslice_0/ulp_m01_regslice_0.dcp' for cell 'level0_i/ulp/SLR0/interconnect_axilite_user/m01_couplers/m01_regslice'
INFO: [Project 1-454] Reading design checkpoint '/home/advent/Desktop/RC19/_x/link/vivado/vpl/prj/prj.gen/my_rm/bd/ulp/ip/ulp_auto_cc_2/ulp_auto_cc_2.dcp' for cell 'level0_i/ulp/SLR0/interconnect_axilite_user/m02_couplers/auto_cc'
INFO: [Project 1-454] Reading design checkpoint '/home/advent/Desktop/RC19/_x/link/vivado/vpl/prj/prj.gen/my_rm/bd/ulp/ip/ulp_m02_regslice_0/ulp_m02_regslice_0.dcp' for cell 'level0_i/ulp/SLR0/interconnect_axilite_user/m02_couplers/m02_regslice'
INFO: [Project 1-454] Reading design checkpoint '/home/advent/Desktop/RC19/_x/link/vivado/vpl/prj/prj.gen/my_rm/bd/ulp/ip/ulp_auto_cc_3/ulp_auto_cc_3.dcp' for cell 'level0_i/ulp/SLR0/interconnect_axilite_user/m03_couplers/auto_cc'
INFO: [Project 1-454] Reading design checkpoint '/home/advent/Desktop/RC19/_x/link/vivado/vpl/prj/prj.gen/my_rm/bd/ulp/ip/ulp_m03_regslice_0/ulp_m03_regslice_0.dcp' for cell 'level0_i/ulp/SLR0/interconnect_axilite_user/m03_couplers/m03_regslice'
INFO: [Project 1-454] Reading design checkpoint '/home/advent/Desktop/RC19/_x/link/vivado/vpl/prj/prj.gen/my_rm/bd/ulp/ip/ulp_auto_cc_4/ulp_auto_cc_4.dcp' for cell 'level0_i/ulp/SLR0/interconnect_axilite_user/m04_couplers/auto_cc'
INFO: [Project 1-454] Reading design checkpoint '/home/advent/Desktop/RC19/_x/link/vivado/vpl/prj/prj.gen/my_rm/bd/ulp/ip/ulp_m04_regslice_0/ulp_m04_regslice_0.dcp' for cell 'level0_i/ulp/SLR0/interconnect_axilite_user/m04_couplers/m04_regslice'
INFO: [Project 1-454] Reading design checkpoint '/home/advent/Desktop/RC19/_x/link/vivado/vpl/prj/prj.gen/my_rm/bd/ulp/ip/ulp_s00_regslice_15/ulp_s00_regslice_15.dcp' for cell 'level0_i/ulp/SLR0/interconnect_axilite_user/s00_couplers/s00_regslice'
INFO: [Project 1-454] Reading design checkpoint '/home/advent/Desktop/RC19/_x/link/vivado/vpl/prj/prj.gen/my_rm/bd/ulp/ip/ulp_axi_gpio_null_1/ulp_axi_gpio_null_1.dcp' for cell 'level0_i/ulp/SLR1/axi_gpio_null'
INFO: [Project 1-454] Reading design checkpoint '/home/advent/Desktop/RC19/_x/link/vivado/vpl/prj/prj.gen/my_rm/bd/ulp/ip/ulp_axi_vip_ctrl_userpf_1/ulp_axi_vip_ctrl_userpf_1.dcp' for cell 'level0_i/ulp/SLR1/axi_vip_ctrl_userpf'
INFO: [Project 1-454] Reading design checkpoint '/home/advent/Desktop/RC19/_x/link/vivado/vpl/prj/prj.gen/my_rm/bd/ulp/ip/ulp_regslice_control_userpf_1/ulp_regslice_control_userpf_1.dcp' for cell 'level0_i/ulp/SLR1/regslice_control_userpf'
INFO: [Project 1-454] Reading design checkpoint '/home/advent/Desktop/RC19/_x/link/vivado/vpl/prj/prj.gen/my_rm/bd/ulp/ip/ulp_auto_cc_5/ulp_auto_cc_5.dcp' for cell 'level0_i/ulp/SLR1/interconnect_axilite_user/s00_couplers/auto_cc'
INFO: [Project 1-454] Reading design checkpoint '/home/advent/Desktop/RC19/_x/link/vivado/vpl/prj/prj.gen/my_rm/bd/ulp/ip/ulp_s00_regslice_16/ulp_s00_regslice_16.dcp' for cell 'level0_i/ulp/SLR1/interconnect_axilite_user/s00_couplers/s00_regslice'
INFO: [Project 1-454] Reading design checkpoint '/home/advent/Desktop/RC19/_x/link/vivado/vpl/prj/prj.gen/my_rm/bd/ulp/ip/ulp_axi_gpio_null_2/ulp_axi_gpio_null_2.dcp' for cell 'level0_i/ulp/SLR2/axi_gpio_null'
INFO: [Project 1-454] Reading design checkpoint '/home/advent/Desktop/RC19/_x/link/vivado/vpl/prj/prj.gen/my_rm/bd/ulp/ip/ulp_axi_vip_ctrl_userpf_2/ulp_axi_vip_ctrl_userpf_2.dcp' for cell 'level0_i/ulp/SLR2/axi_vip_ctrl_userpf'
INFO: [Project 1-454] Reading design checkpoint '/home/advent/Desktop/RC19/_x/link/vivado/vpl/prj/prj.gen/my_rm/bd/ulp/ip/ulp_regslice_control_userpf_2/ulp_regslice_control_userpf_2.dcp' for cell 'level0_i/ulp/SLR2/regslice_control_userpf'
INFO: [Project 1-454] Reading design checkpoint '/home/advent/Desktop/RC19/_x/link/vivado/vpl/prj/prj.gen/my_rm/bd/ulp/ip/ulp_auto_cc_6/ulp_auto_cc_6.dcp' for cell 'level0_i/ulp/SLR2/interconnect_axilite_user/s00_couplers/auto_cc'
INFO: [Project 1-454] Reading design checkpoint '/home/advent/Desktop/RC19/_x/link/vivado/vpl/prj/prj.gen/my_rm/bd/ulp/ip/ulp_s00_regslice_17/ulp_s00_regslice_17.dcp' for cell 'level0_i/ulp/SLR2/interconnect_axilite_user/s00_couplers/s00_regslice'
INFO: [Project 1-454] Reading design checkpoint '/home/advent/Desktop/RC19/_x/link/vivado/vpl/prj/prj.gen/my_rm/bd/ulp/ip/ulp_xbar_0/ulp_xbar_0.dcp' for cell 'level0_i/ulp/axi_ic_ctrl_mgmt_slr1/xbar'
INFO: [Project 1-454] Reading design checkpoint '/home/advent/Desktop/RC19/_x/link/vivado/vpl/prj/prj.gen/my_rm/bd/ulp/ip/ulp_hmss_0_0/bd_0/ip/ip_33/bd_85ad_axi_apb_bridge_inst_0.dcp' for cell 'level0_i/ulp/hmss_0/inst/axi_apb_bridge_inst'
INFO: [Project 1-454] Reading design checkpoint '/home/advent/Desktop/RC19/_x/link/vivado/vpl/prj/prj.gen/my_rm/bd/ulp/ip/ulp_hmss_0_0/bd_0/ip/ip_0/bd_85ad_hbm_inst_0.dcp' for cell 'level0_i/ulp/hmss_0/inst/hbm_inst'
INFO: [Project 1-454] Reading design checkpoint '/home/advent/Desktop/RC19/_x/link/vivado/vpl/prj/prj.gen/my_rm/bd/ulp/ip/ulp_hmss_0_0/bd_0/ip/ip_1/bd_85ad_hbm_reset_sync_SLR0_0.dcp' for cell 'level0_i/ulp/hmss_0/inst/hbm_reset_sync_SLR0'
INFO: [Project 1-454] Reading design checkpoint '/home/advent/Desktop/RC19/_x/link/vivado/vpl/prj/prj.gen/my_rm/bd/ulp/ip/ulp_hmss_0_0/bd_0/ip/ip_2/bd_85ad_hbm_reset_sync_SLR2_0.dcp' for cell 'level0_i/ulp/hmss_0/inst/hbm_reset_sync_SLR2'
INFO: [Project 1-454] Reading design checkpoint '/home/advent/Desktop/RC19/_x/link/vivado/vpl/prj/prj.gen/my_rm/bd/ulp/ip/ulp_hmss_0_0/bd_0/ip/ip_32/bd_85ad_vip_S00_0.dcp' for cell 'level0_i/ulp/hmss_0/inst/vip_S00'
INFO: [Project 1-454] Reading design checkpoint '/home/advent/Desktop/RC19/_x/link/vivado/vpl/prj/prj.gen/my_rm/bd/ulp/ip/ulp_hmss_0_0/bd_0/ip/ip_5/bd_85ad_vip_S01_0.dcp' for cell 'level0_i/ulp/hmss_0/inst/vip_S01'
INFO: [Project 1-454] Reading design checkpoint '/home/advent/Desktop/RC19/_x/link/vivado/vpl/prj/prj.gen/my_rm/bd/ulp/ip/ulp_hmss_0_0/bd_0/ip/ip_8/bd_85ad_vip_S02_0.dcp' for cell 'level0_i/ulp/hmss_0/inst/vip_S02'
INFO: [Project 1-454] Reading design checkpoint '/home/advent/Desktop/RC19/_x/link/vivado/vpl/prj/prj.gen/my_rm/bd/ulp/ip/ulp_hmss_0_0/bd_0/ip/ip_11/bd_85ad_vip_S03_0.dcp' for cell 'level0_i/ulp/hmss_0/inst/vip_S03'
INFO: [Project 1-454] Reading design checkpoint '/home/advent/Desktop/RC19/_x/link/vivado/vpl/prj/prj.gen/my_rm/bd/ulp/ip/ulp_hmss_0_0/bd_0/ip/ip_14/bd_85ad_vip_S04_0.dcp' for cell 'level0_i/ulp/hmss_0/inst/vip_S04'
INFO: [Project 1-454] Reading design checkpoint '/home/advent/Desktop/RC19/_x/link/vivado/vpl/prj/prj.gen/my_rm/bd/ulp/ip/ulp_hmss_0_0/bd_0/ip/ip_17/bd_85ad_vip_S05_0.dcp' for cell 'level0_i/ulp/hmss_0/inst/vip_S05'
INFO: [Project 1-454] Reading design checkpoint '/home/advent/Desktop/RC19/_x/link/vivado/vpl/prj/prj.gen/my_rm/bd/ulp/ip/ulp_hmss_0_0/bd_0/ip/ip_23/bd_85ad_vip_S06_0.dcp' for cell 'level0_i/ulp/hmss_0/inst/vip_S06'
INFO: [Project 1-454] Reading design checkpoint '/home/advent/Desktop/RC19/_x/link/vivado/vpl/prj/prj.gen/my_rm/bd/ulp/ip/ulp_hmss_0_0/bd_0/ip/ip_20/bd_85ad_vip_S07_0.dcp' for cell 'level0_i/ulp/hmss_0/inst/vip_S07'
INFO: [Project 1-454] Reading design checkpoint '/home/advent/Desktop/RC19/_x/link/vivado/vpl/prj/prj.gen/my_rm/bd/ulp/ip/ulp_hmss_0_0/bd_0/ip/ip_26/bd_85ad_vip_S08_0.dcp' for cell 'level0_i/ulp/hmss_0/inst/vip_S08'
INFO: [Project 1-454] Reading design checkpoint '/home/advent/Desktop/RC19/_x/link/vivado/vpl/prj/prj.gen/my_rm/bd/ulp/ip/ulp_hmss_0_0/bd_0/ip/ip_29/bd_85ad_vip_S09_0.dcp' for cell 'level0_i/ulp/hmss_0/inst/vip_S09'
INFO: [Project 1-454] Reading design checkpoint '/home/advent/Desktop/RC19/_x/link/vivado/vpl/prj/prj.gen/my_rm/bd/ulp/ip/ulp_hmss_0_0/bd_0/ip/ip_35/bd_85ad_init_reduce_0.dcp' for cell 'level0_i/ulp/hmss_0/inst/init_logic/init_reduce'
INFO: [Project 1-454] Reading design checkpoint '/home/advent/Desktop/RC19/_x/link/vivado/vpl/prj/prj.gen/my_rm/bd/ulp/ip/ulp_hmss_0_0/bd_0/ip/ip_3/bd_85ad_interconnect1_0_0.dcp' for cell 'level0_i/ulp/hmss_0/inst/path_0/interconnect1_0'
INFO: [Project 1-454] Reading design checkpoint '/home/advent/Desktop/RC19/_x/link/vivado/vpl/prj/prj.gen/my_rm/bd/ulp/ip/ulp_hmss_0_0/bd_0/ip/ip_4/bd_85ad_slice1_0_0.dcp' for cell 'level0_i/ulp/hmss_0/inst/path_0/slice1_0'
INFO: [Project 1-454] Reading design checkpoint '/home/advent/Desktop/RC19/_x/link/vivado/vpl/prj/prj.gen/my_rm/bd/ulp/ip/ulp_hmss_0_0/bd_0/ip/ip_6/bd_85ad_interconnect2_1_0.dcp' for cell 'level0_i/ulp/hmss_0/inst/path_1/interconnect2_1'
INFO: [Project 1-454] Reading design checkpoint '/home/advent/Desktop/RC19/_x/link/vivado/vpl/prj/prj.gen/my_rm/bd/ulp/ip/ulp_hmss_0_0/bd_0/ip/ip_7/bd_85ad_slice2_1_0.dcp' for cell 'level0_i/ulp/hmss_0/inst/path_1/slice2_1'
INFO: [Project 1-454] Reading design checkpoint '/home/advent/Desktop/RC19/_x/link/vivado/vpl/prj/prj.gen/my_rm/bd/ulp/ip/ulp_hmss_0_0/bd_0/ip/ip_30/bd_85ad_interconnect0_10_0.dcp' for cell 'level0_i/ulp/hmss_0/inst/path_10/interconnect0_10'
INFO: [Project 1-454] Reading design checkpoint '/home/advent/Desktop/RC19/_x/link/vivado/vpl/prj/prj.gen/my_rm/bd/ulp/ip/ulp_hmss_0_0/bd_0/ip/ip_31/bd_85ad_slice0_10_0.dcp' for cell 'level0_i/ulp/hmss_0/inst/path_10/slice0_10'
INFO: [Project 1-454] Reading design checkpoint '/home/advent/Desktop/RC19/_x/link/vivado/vpl/prj/prj.gen/my_rm/bd/ulp/ip/ulp_hmss_0_0/bd_0/ip/ip_9/bd_85ad_interconnect3_2_0.dcp' for cell 'level0_i/ulp/hmss_0/inst/path_2/interconnect3_2'
INFO: [Project 1-454] Reading design checkpoint '/home/advent/Desktop/RC19/_x/link/vivado/vpl/prj/prj.gen/my_rm/bd/ulp/ip/ulp_hmss_0_0/bd_0/ip/ip_10/bd_85ad_slice3_2_0.dcp' for cell 'level0_i/ulp/hmss_0/inst/path_2/slice3_2'
INFO: [Project 1-454] Reading design checkpoint '/home/advent/Desktop/RC19/_x/link/vivado/vpl/prj/prj.gen/my_rm/bd/ulp/ip/ulp_hmss_0_0/bd_0/ip/ip_12/bd_85ad_interconnect4_3_0.dcp' for cell 'level0_i/ulp/hmss_0/inst/path_3/interconnect4_3'
INFO: [Project 1-454] Reading design checkpoint '/home/advent/Desktop/RC19/_x/link/vivado/vpl/prj/prj.gen/my_rm/bd/ulp/ip/ulp_hmss_0_0/bd_0/ip/ip_13/bd_85ad_slice4_3_0.dcp' for cell 'level0_i/ulp/hmss_0/inst/path_3/slice4_3'
INFO: [Project 1-454] Reading design checkpoint '/home/advent/Desktop/RC19/_x/link/vivado/vpl/prj/prj.gen/my_rm/bd/ulp/ip/ulp_hmss_0_0/bd_0/ip/ip_15/bd_85ad_interconnect5_4_0.dcp' for cell 'level0_i/ulp/hmss_0/inst/path_4/interconnect5_4'
INFO: [Project 1-454] Reading design checkpoint '/home/advent/Desktop/RC19/_x/link/vivado/vpl/prj/prj.gen/my_rm/bd/ulp/ip/ulp_hmss_0_0/bd_0/ip/ip_16/bd_85ad_slice5_4_0.dcp' for cell 'level0_i/ulp/hmss_0/inst/path_4/slice5_4'
INFO: [Project 1-454] Reading design checkpoint '/home/advent/Desktop/RC19/_x/link/vivado/vpl/prj/prj.gen/my_rm/bd/ulp/ip/ulp_hmss_0_0/bd_0/ip/ip_18/bd_85ad_interconnect7_5_0.dcp' for cell 'level0_i/ulp/hmss_0/inst/path_5/interconnect7_5'
INFO: [Project 1-454] Reading design checkpoint '/home/advent/Desktop/RC19/_x/link/vivado/vpl/prj/prj.gen/my_rm/bd/ulp/ip/ulp_hmss_0_0/bd_0/ip/ip_19/bd_85ad_slice7_5_0.dcp' for cell 'level0_i/ulp/hmss_0/inst/path_5/slice7_5'
INFO: [Project 1-454] Reading design checkpoint '/home/advent/Desktop/RC19/_x/link/vivado/vpl/prj/prj.gen/my_rm/bd/ulp/ip/ulp_hmss_0_0/bd_0/ip/ip_21/bd_85ad_interconnect6_6_0.dcp' for cell 'level0_i/ulp/hmss_0/inst/path_6/interconnect6_6'
INFO: [Project 1-454] Reading design checkpoint '/home/advent/Desktop/RC19/_x/link/vivado/vpl/prj/prj.gen/my_rm/bd/ulp/ip/ulp_hmss_0_0/bd_0/ip/ip_22/bd_85ad_slice6_6_0.dcp' for cell 'level0_i/ulp/hmss_0/inst/path_6/slice6_6'
INFO: [Project 1-454] Reading design checkpoint '/home/advent/Desktop/RC19/_x/link/vivado/vpl/prj/prj.gen/my_rm/bd/ulp/ip/ulp_hmss_0_0/bd_0/ip/ip_24/bd_85ad_interconnect8_7_0.dcp' for cell 'level0_i/ulp/hmss_0/inst/path_7/interconnect8_7'
INFO: [Project 1-454] Reading design checkpoint '/home/advent/Desktop/RC19/_x/link/vivado/vpl/prj/prj.gen/my_rm/bd/ulp/ip/ulp_hmss_0_0/bd_0/ip/ip_25/bd_85ad_slice8_7_0.dcp' for cell 'level0_i/ulp/hmss_0/inst/path_7/slice8_7'
INFO: [Project 1-454] Reading design checkpoint '/home/advent/Desktop/RC19/_x/link/vivado/vpl/prj/prj.gen/my_rm/bd/ulp/ip/ulp_hmss_0_0/bd_0/ip/ip_27/bd_85ad_interconnect9_8_0.dcp' for cell 'level0_i/ulp/hmss_0/inst/path_8/interconnect9_8'
INFO: [Project 1-454] Reading design checkpoint '/home/advent/Desktop/RC19/_x/link/vivado/vpl/prj/prj.gen/my_rm/bd/ulp/ip/ulp_hmss_0_0/bd_0/ip/ip_28/bd_85ad_slice9_8_0.dcp' for cell 'level0_i/ulp/hmss_0/inst/path_8/slice9_8'
INFO: [Project 1-454] Reading design checkpoint '/home/advent/Desktop/RC19/_x/link/vivado/vpl/prj/prj.gen/my_rm/bd/ulp/ip/ulp_ulp_cmp_0/bd_0/ip/ip_0/bd_097b_build_info_0.dcp' for cell 'level0_i/ulp/ulp_cmp/inst/build_info'
INFO: [Project 1-454] Reading design checkpoint '/home/advent/Desktop/RC19/_x/link/vivado/vpl/prj/prj.gen/my_rm/bd/ulp/ip/ulp_ulp_cmp_0/bd_0/ip/ip_2/bd_097b_user_debug_bridge_0.dcp' for cell 'level0_i/ulp/ulp_cmp/inst/user_debug_bridge'
INFO: [Project 1-454] Reading design checkpoint '/home/advent/Desktop/RC19/_x/link/vivado/vpl/prj/prj.gen/my_rm/bd/ulp/ip/ulp_ulp_cmp_0/bd_0/ip/ip_3/bd_097b_user_debug_hub_0.dcp' for cell 'level0_i/ulp/ulp_cmp/inst/user_debug_hub'
INFO: [Project 1-454] Reading design checkpoint '/home/advent/Desktop/RC19/_x/link/vivado/vpl/prj/prj.gen/my_rm/bd/ulp/ip/ulp_ulp_ucs_0/bd_0/ip/ip_2/bd_22c0_build_info_0.dcp' for cell 'level0_i/ulp/ulp_ucs/inst/build_info'
INFO: [Project 1-454] Reading design checkpoint '/home/advent/Desktop/RC19/_x/link/vivado/vpl/prj/prj.gen/my_rm/bd/ulp/ip/ulp_ulp_ucs_0/bd_0/ip/ip_45/bd_22c0_clk_hbm_adapt_0.dcp' for cell 'level0_i/ulp/ulp_ucs/inst/aclk_hbm_hierarchy/clk_hbm_adapt'
INFO: [Project 1-454] Reading design checkpoint '/home/advent/Desktop/RC19/_x/link/vivado/vpl/prj/prj.gen/my_rm/bd/ulp/ip/ulp_ulp_ucs_0/bd_0/ip/ip_46/bd_22c0_clkwiz_hbm_0.dcp' for cell 'level0_i/ulp/ulp_ucs/inst/aclk_hbm_hierarchy/clkwiz_hbm'
INFO: [Project 1-454] Reading design checkpoint '/home/advent/Desktop/RC19/_x/link/vivado/vpl/prj/prj.gen/my_rm/bd/ulp/ip/ulp_ulp_ucs_0/bd_0/ip/ip_47/bd_22c0_fanout_aresetn_hbm_0.dcp' for cell 'level0_i/ulp/ulp_ucs/inst/aclk_hbm_hierarchy/fanout_aresetn_hbm'
INFO: [Project 1-454] Reading design checkpoint '/home/advent/Desktop/RC19/_x/link/vivado/vpl/prj/prj.gen/my_rm/bd/ulp/ip/ulp_ulp_ucs_0/bd_0/ip/ip_48/bd_22c0_psreset_hbm_0.dcp' for cell 'level0_i/ulp/ulp_ucs/inst/aclk_hbm_hierarchy/psreset_hbm'
INFO: [Project 1-454] Reading design checkpoint '/home/advent/Desktop/RC19/_x/link/vivado/vpl/prj/prj.gen/my_rm/bd/ulp/ip/ulp_ulp_ucs_0/bd_0/ip/ip_57/bd_22c0_aclk_kernel_00_adapt_0.dcp' for cell 'level0_i/ulp/ulp_ucs/inst/aclk_kernel_00_hierarchy/aclk_kernel_00_adapt'
INFO: [Project 1-454] Reading design checkpoint '/home/advent/Desktop/RC19/_x/link/vivado/vpl/prj/prj.gen/my_rm/bd/ulp/ip/ulp_ulp_ucs_0/bd_0/ip/ip_58/bd_22c0_aclk_kernel_00_cont_adapt_0.dcp' for cell 'level0_i/ulp/ulp_ucs/inst/aclk_kernel_00_hierarchy/aclk_kernel_00_cont_adapt'
INFO: [Project 1-454] Reading design checkpoint '/home/advent/Desktop/RC19/_x/link/vivado/vpl/prj/prj.gen/my_rm/bd/ulp/ip/ulp_ulp_ucs_0/bd_0/ip/ip_59/bd_22c0_clkwiz_aclk_kernel_00_0.dcp' for cell 'level0_i/ulp/ulp_ucs/inst/aclk_kernel_00_hierarchy/clkwiz_aclk_kernel_00'
INFO: [Project 1-454] Reading design checkpoint '/home/advent/Desktop/RC19/_x/link/vivado/vpl/prj/prj.gen/my_rm/bd/ulp/ip/ulp_ulp_ucs_0/bd_0/ip/ip_60/bd_22c0_clock_throttling_aclk_kernel_00_0.dcp' for cell 'level0_i/ulp/ulp_ucs/inst/aclk_kernel_00_hierarchy/clock_throttling_aclk_kernel_00'
INFO: [Project 1-454] Reading design checkpoint '/home/advent/Desktop/RC19/_x/link/vivado/vpl/prj/prj.gen/my_rm/bd/ulp/ip/ulp_ulp_ucs_0/bd_0/ip/ip_74/bd_22c0_psreset_kernel_00_0.dcp' for cell 'level0_i/ulp/ulp_ucs/inst/aclk_kernel_00_hierarchy/psreset_kernel_00'
INFO: [Project 1-454] Reading design checkpoint '/home/advent/Desktop/RC19/_x/link/vivado/vpl/prj/prj.gen/my_rm/bd/ulp/ip/ulp_ulp_ucs_0/bd_0/ip/ip_61/bd_22c0_fanout_aresetn_kernel_00_slr0_1_0.dcp' for cell 'level0_i/ulp/ulp_ucs/inst/aclk_kernel_00_hierarchy/fanout_aresetn_kernel_00/fanout_aresetn_kernel_00_slr0_1'
INFO: [Project 1-454] Reading design checkpoint '/home/advent/Desktop/RC19/_x/link/vivado/vpl/prj/prj.gen/my_rm/bd/ulp/ip/ulp_ulp_ucs_0/bd_0/ip/ip_62/bd_22c0_fanout_aresetn_kernel_00_slr0_2_0.dcp' for cell 'level0_i/ulp/ulp_ucs/inst/aclk_kernel_00_hierarchy/fanout_aresetn_kernel_00/fanout_aresetn_kernel_00_slr0_2'
INFO: [Project 1-454] Reading design checkpoint '/home/advent/Desktop/RC19/_x/link/vivado/vpl/prj/prj.gen/my_rm/bd/ulp/ip/ulp_ulp_ucs_0/bd_0/ip/ip_63/bd_22c0_fanout_aresetn_kernel_00_slr0_3_0.dcp' for cell 'level0_i/ulp/ulp_ucs/inst/aclk_kernel_00_hierarchy/fanout_aresetn_kernel_00/fanout_aresetn_kernel_00_slr0_3'
INFO: [Project 1-454] Reading design checkpoint '/home/advent/Desktop/RC19/_x/link/vivado/vpl/prj/prj.gen/my_rm/bd/ulp/ip/ulp_ulp_ucs_0/bd_0/ip/ip_64/bd_22c0_fanout_aresetn_kernel_00_slr0_4_0.dcp' for cell 'level0_i/ulp/ulp_ucs/inst/aclk_kernel_00_hierarchy/fanout_aresetn_kernel_00/fanout_aresetn_kernel_00_slr0_4'
INFO: [Common 17-14] Message 'Project 1-454' appears 100 times and further instances of the messages will be disabled. Use the Tcl command set_msg_config to change the current settings.
Netlist sorting complete. Time (s): cpu = 00:00:03 ; elapsed = 00:00:03 . Memory (MB): peak = 4236.395 ; gain = 0.000 ; free physical = 16312 ; free virtual = 21547
INFO: [Netlist 29-17] Analyzing 7672 Unisim elements for replacement
INFO: [Netlist 29-28] Unisim Transformation completed in 3 CPU seconds
INFO: [Project 1-479] Netlist was created with Vivado 2022.2
INFO: [Project 1-570] Preparing netlist for logic optimization
WARNING: [Constraints 18-550] Could not create 'IBUF_LOW_PWR' constraint because net 'level0_i/blp/blp_i/freerun_clk/freerun_clk_ibufds/IBUF_OUT[0]' is not directly connected to top level port. Synthesis is ignored for IBUF_LOW_PWR but preserved for implementation.
Parsing XDC File [/home/advent/Desktop/RC19/_x/link/vivado/vpl/prj/prj.gen/my_rm/bd/ulp/ip/ulp_hmss_0_0/bd_3/ip/ip_3/bd_ba7c_psr_aclk1_0_board.xdc] for cell 'level0_i/ulp/hmss_0/inst/path_2/interconnect3_2/inst/clk_map/psr_aclk1/U0'
Finished Parsing XDC File [/home/advent/Desktop/RC19/_x/link/vivado/vpl/prj/prj.gen/my_rm/bd/ulp/ip/ulp_hmss_0_0/bd_3/ip/ip_3/bd_ba7c_psr_aclk1_0_board.xdc] for cell 'level0_i/ulp/hmss_0/inst/path_2/interconnect3_2/inst/clk_map/psr_aclk1/U0'
Parsing XDC File [/home/advent/Desktop/RC19/_x/link/vivado/vpl/prj/prj.gen/my_rm/bd/ulp/ip/ulp_hmss_0_0/bd_6/ip/ip_1/bd_bb3c_psr0_0_board.xdc] for cell 'level0_i/ulp/hmss_0/inst/path_5/interconnect7_5/inst/clk_map/psr0/U0'
Finished Parsing XDC File [/home/advent/Desktop/RC19/_x/link/vivado/vpl/prj/prj.gen/my_rm/bd/ulp/ip/ulp_hmss_0_0/bd_6/ip/ip_1/bd_bb3c_psr0_0_board.xdc] for cell 'level0_i/ulp/hmss_0/inst/path_5/interconnect7_5/inst/clk_map/psr0/U0'
Parsing XDC File [/home/advent/Desktop/RC19/_x/link/vivado/vpl/prj/prj.gen/my_rm/bd/ulp/ip/ulp_hmss_0_0/bd_5/ip/ip_3/bd_bb14_psr_aclk1_0.xdc] for cell 'level0_i/ulp/hmss_0/inst/path_4/interconnect5_4/inst/clk_map/psr_aclk1/U0'
Finished Parsing XDC File [/home/advent/Desktop/RC19/_x/link/vivado/vpl/prj/prj.gen/my_rm/bd/ulp/ip/ulp_hmss_0_0/bd_5/ip/ip_3/bd_bb14_psr_aclk1_0.xdc] for cell 'level0_i/ulp/hmss_0/inst/path_4/interconnect5_4/inst/clk_map/psr_aclk1/U0'
Parsing XDC File [/home/advent/Desktop/RC19/_x/link/vivado/vpl/prj/prj.gen/my_rm/bd/ulp/ip/ulp_hmss_0_0/bd_5/ip/ip_3/bd_bb14_psr_aclk1_0_board.xdc] for cell 'level0_i/ulp/hmss_0/inst/path_4/interconnect5_4/inst/clk_map/psr_aclk1/U0'
Finished Parsing XDC File [/home/advent/Desktop/RC19/_x/link/vivado/vpl/prj/prj.gen/my_rm/bd/ulp/ip/ulp_hmss_0_0/bd_5/ip/ip_3/bd_bb14_psr_aclk1_0_board.xdc] for cell 'level0_i/ulp/hmss_0/inst/path_4/interconnect5_4/inst/clk_map/psr_aclk1/U0'
Parsing XDC File [/home/advent/Desktop/RC19/_x/link/vivado/vpl/prj/prj.gen/my_rm/bd/ulp/ip/ulp_hmss_0_0/bd_5/ip/ip_2/bd_bb14_psr_aclk_0.xdc] for cell 'level0_i/ulp/hmss_0/inst/path_4/interconnect5_4/inst/clk_map/psr_aclk/U0'
Finished Parsing XDC File [/home/advent/Desktop/RC19/_x/link/vivado/vpl/prj/prj.gen/my_rm/bd/ulp/ip/ulp_hmss_0_0/bd_5/ip/ip_2/bd_bb14_psr_aclk_0.xdc] for cell 'level0_i/ulp/hmss_0/inst/path_4/interconnect5_4/inst/clk_map/psr_aclk/U0'
Parsing XDC File [/home/advent/Desktop/RC19/_x/link/vivado/vpl/prj/prj.gen/my_rm/bd/ulp/ip/ulp_hmss_0_0/bd_5/ip/ip_2/bd_bb14_psr_aclk_0_board.xdc] for cell 'level0_i/ulp/hmss_0/inst/path_4/interconnect5_4/inst/clk_map/psr_aclk/U0'
Finished Parsing XDC File [/home/advent/Desktop/RC19/_x/link/vivado/vpl/prj/prj.gen/my_rm/bd/ulp/ip/ulp_hmss_0_0/bd_5/ip/ip_2/bd_bb14_psr_aclk_0_board.xdc] for cell 'level0_i/ulp/hmss_0/inst/path_4/interconnect5_4/inst/clk_map/psr_aclk/U0'
Parsing XDC File [/home/advent/Desktop/RC19/_x/link/vivado/vpl/prj/prj.gen/my_rm/bd/ulp/ip/ulp_hmss_0_0/bd_5/ip/ip_1/bd_bb14_psr0_0.xdc] for cell 'level0_i/ulp/hmss_0/inst/path_4/interconnect5_4/inst/clk_map/psr0/U0'
Finished Parsing XDC File [/home/advent/Desktop/RC19/_x/link/vivado/vpl/prj/prj.gen/my_rm/bd/ulp/ip/ulp_hmss_0_0/bd_5/ip/ip_1/bd_bb14_psr0_0.xdc] for cell 'level0_i/ulp/hmss_0/inst/path_4/interconnect5_4/inst/clk_map/psr0/U0'
Parsing XDC File [/home/advent/Desktop/RC19/_x/link/vivado/vpl/prj/prj.gen/my_rm/bd/ulp/ip/ulp_hmss_0_0/bd_5/ip/ip_1/bd_bb14_psr0_0_board.xdc] for cell 'level0_i/ulp/hmss_0/inst/path_4/interconnect5_4/inst/clk_map/psr0/U0'
Finished Parsing XDC File [/home/advent/Desktop/RC19/_x/link/vivado/vpl/prj/prj.gen/my_rm/bd/ulp/ip/ulp_hmss_0_0/bd_5/ip/ip_1/bd_bb14_psr0_0_board.xdc] for cell 'level0_i/ulp/hmss_0/inst/path_4/interconnect5_4/inst/clk_map/psr0/U0'
Parsing XDC File [/home/advent/Desktop/RC19/_x/link/vivado/vpl/prj/prj.gen/my_rm/bd/ulp/ip/ulp_hmss_0_0/bd_4/ip/ip_3/bd_ba98_psr_aclk1_0.xdc] for cell 'level0_i/ulp/hmss_0/inst/path_3/interconnect4_3/inst/clk_map/psr_aclk1/U0'
Finished Parsing XDC File [/home/advent/Desktop/RC19/_x/link/vivado/vpl/prj/prj.gen/my_rm/bd/ulp/ip/ulp_hmss_0_0/bd_4/ip/ip_3/bd_ba98_psr_aclk1_0.xdc] for cell 'level0_i/ulp/hmss_0/inst/path_3/interconnect4_3/inst/clk_map/psr_aclk1/U0'
Parsing XDC File [/home/advent/Desktop/RC19/_x/link/vivado/vpl/prj/prj.gen/my_rm/bd/ulp/ip/ulp_hmss_0_0/bd_4/ip/ip_3/bd_ba98_psr_aclk1_0_board.xdc] for cell 'level0_i/ulp/hmss_0/inst/path_3/interconnect4_3/inst/clk_map/psr_aclk1/U0'
Finished Parsing XDC File [/home/advent/Desktop/RC19/_x/link/vivado/vpl/prj/prj.gen/my_rm/bd/ulp/ip/ulp_hmss_0_0/bd_4/ip/ip_3/bd_ba98_psr_aclk1_0_board.xdc] for cell 'level0_i/ulp/hmss_0/inst/path_3/interconnect4_3/inst/clk_map/psr_aclk1/U0'
Parsing XDC File [/home/advent/Desktop/RC19/_x/link/vivado/vpl/prj/prj.gen/my_rm/bd/ulp/ip/ulp_hmss_0_0/bd_4/ip/ip_2/bd_ba98_psr_aclk_0.xdc] for cell 'level0_i/ulp/hmss_0/inst/path_3/interconnect4_3/inst/clk_map/psr_aclk/U0'
Finished Parsing XDC File [/home/advent/Desktop/RC19/_x/link/vivado/vpl/prj/prj.gen/my_rm/bd/ulp/ip/ulp_hmss_0_0/bd_4/ip/ip_2/bd_ba98_psr_aclk_0.xdc] for cell 'level0_i/ulp/hmss_0/inst/path_3/interconnect4_3/inst/clk_map/psr_aclk/U0'
Parsing XDC File [/home/advent/Desktop/RC19/_x/link/vivado/vpl/prj/prj.gen/my_rm/bd/ulp/ip/ulp_hmss_0_0/bd_4/ip/ip_2/bd_ba98_psr_aclk_0_board.xdc] for cell 'level0_i/ulp/hmss_0/inst/path_3/interconnect4_3/inst/clk_map/psr_aclk/U0'
Finished Parsing XDC File [/home/advent/Desktop/RC19/_x/link/vivado/vpl/prj/prj.gen/my_rm/bd/ulp/ip/ulp_hmss_0_0/bd_4/ip/ip_2/bd_ba98_psr_aclk_0_board.xdc] for cell 'level0_i/ulp/hmss_0/inst/path_3/interconnect4_3/inst/clk_map/psr_aclk/U0'
Parsing XDC File [/home/advent/Desktop/RC19/_x/link/vivado/vpl/prj/prj.gen/my_rm/bd/ulp/ip/ulp_hmss_0_0/bd_4/ip/ip_1/bd_ba98_psr0_0.xdc] for cell 'level0_i/ulp/hmss_0/inst/path_3/interconnect4_3/inst/clk_map/psr0/U0'
Finished Parsing XDC File [/home/advent/Desktop/RC19/_x/link/vivado/vpl/prj/prj.gen/my_rm/bd/ulp/ip/ulp_hmss_0_0/bd_4/ip/ip_1/bd_ba98_psr0_0.xdc] for cell 'level0_i/ulp/hmss_0/inst/path_3/interconnect4_3/inst/clk_map/psr0/U0'
Parsing XDC File [/home/advent/Desktop/RC19/_x/link/vivado/vpl/prj/prj.gen/my_rm/bd/ulp/ip/ulp_hmss_0_0/bd_4/ip/ip_1/bd_ba98_psr0_0_board.xdc] for cell 'level0_i/ulp/hmss_0/inst/path_3/interconnect4_3/inst/clk_map/psr0/U0'
Finished Parsing XDC File [/home/advent/Desktop/RC19/_x/link/vivado/vpl/prj/prj.gen/my_rm/bd/ulp/ip/ulp_hmss_0_0/bd_4/ip/ip_1/bd_ba98_psr0_0_board.xdc] for cell 'level0_i/ulp/hmss_0/inst/path_3/interconnect4_3/inst/clk_map/psr0/U0'
Parsing XDC File [/home/advent/Desktop/RC19/_x/link/vivado/vpl/prj/prj.gen/my_rm/bd/ulp/ip/ulp_hmss_0_0/bd_3/ip/ip_3/bd_ba7c_psr_aclk1_0.xdc] for cell 'level0_i/ulp/hmss_0/inst/path_2/interconnect3_2/inst/clk_map/psr_aclk1/U0'
Finished Parsing XDC File [/home/advent/Desktop/RC19/_x/link/vivado/vpl/prj/prj.gen/my_rm/bd/ulp/ip/ulp_hmss_0_0/bd_3/ip/ip_3/bd_ba7c_psr_aclk1_0.xdc] for cell 'level0_i/ulp/hmss_0/inst/path_2/interconnect3_2/inst/clk_map/psr_aclk1/U0'
Parsing XDC File [/home/advent/Desktop/RC19/_x/link/vivado/vpl/prj/prj.gen/my_rm/bd/ulp/ip/ulp_hmss_0_0/bd_6/ip/ip_1/bd_bb3c_psr0_0.xdc] for cell 'level0_i/ulp/hmss_0/inst/path_5/interconnect7_5/inst/clk_map/psr0/U0'
Finished Parsing XDC File [/home/advent/Desktop/RC19/_x/link/vivado/vpl/prj/prj.gen/my_rm/bd/ulp/ip/ulp_hmss_0_0/bd_6/ip/ip_1/bd_bb3c_psr0_0.xdc] for cell 'level0_i/ulp/hmss_0/inst/path_5/interconnect7_5/inst/clk_map/psr0/U0'
Parsing XDC File [/home/advent/Desktop/RC19/_x/link/vivado/vpl/prj/prj.gen/my_rm/bd/ulp/ip/ulp_hmss_0_0/bd_3/ip/ip_2/bd_ba7c_psr_aclk_0.xdc] for cell 'level0_i/ulp/hmss_0/inst/path_2/interconnect3_2/inst/clk_map/psr_aclk/U0'
Finished Parsing XDC File [/home/advent/Desktop/RC19/_x/link/vivado/vpl/prj/prj.gen/my_rm/bd/ulp/ip/ulp_hmss_0_0/bd_3/ip/ip_2/bd_ba7c_psr_aclk_0.xdc] for cell 'level0_i/ulp/hmss_0/inst/path_2/interconnect3_2/inst/clk_map/psr_aclk/U0'
Parsing XDC File [/home/advent/Desktop/RC19/_x/link/vivado/vpl/prj/prj.gen/my_rm/bd/ulp/ip/ulp_hmss_0_0/bd_3/ip/ip_2/bd_ba7c_psr_aclk_0_board.xdc] for cell 'level0_i/ulp/hmss_0/inst/path_2/interconnect3_2/inst/clk_map/psr_aclk/U0'
Finished Parsing XDC File [/home/advent/Desktop/RC19/_x/link/vivado/vpl/prj/prj.gen/my_rm/bd/ulp/ip/ulp_hmss_0_0/bd_3/ip/ip_2/bd_ba7c_psr_aclk_0_board.xdc] for cell 'level0_i/ulp/hmss_0/inst/path_2/interconnect3_2/inst/clk_map/psr_aclk/U0'
Parsing XDC File [/home/advent/Desktop/RC19/_x/link/vivado/vpl/prj/prj.gen/my_rm/bd/ulp/ip/ulp_hmss_0_0/bd_3/ip/ip_1/bd_ba7c_psr0_0.xdc] for cell 'level0_i/ulp/hmss_0/inst/path_2/interconnect3_2/inst/clk_map/psr0/U0'
Finished Parsing XDC File [/home/advent/Desktop/RC19/_x/link/vivado/vpl/prj/prj.gen/my_rm/bd/ulp/ip/ulp_hmss_0_0/bd_3/ip/ip_1/bd_ba7c_psr0_0.xdc] for cell 'level0_i/ulp/hmss_0/inst/path_2/interconnect3_2/inst/clk_map/psr0/U0'
Parsing XDC File [/home/advent/Desktop/RC19/_x/link/vivado/vpl/prj/prj.gen/my_rm/bd/ulp/ip/ulp_hmss_0_0/bd_3/ip/ip_1/bd_ba7c_psr0_0_board.xdc] for cell 'level0_i/ulp/hmss_0/inst/path_2/interconnect3_2/inst/clk_map/psr0/U0'
Finished Parsing XDC File [/home/advent/Desktop/RC19/_x/link/vivado/vpl/prj/prj.gen/my_rm/bd/ulp/ip/ulp_hmss_0_0/bd_3/ip/ip_1/bd_ba7c_psr0_0_board.xdc] for cell 'level0_i/ulp/hmss_0/inst/path_2/interconnect3_2/inst/clk_map/psr0/U0'
Parsing XDC File [/home/advent/Desktop/RC19/_x/link/vivado/vpl/prj/prj.gen/my_rm/bd/ulp/ip/ulp_hmss_0_0/bd_2/ip/ip_3/bd_7ab1_psr_aclk1_0.xdc] for cell 'level0_i/ulp/hmss_0/inst/path_1/interconnect2_1/inst/clk_map/psr_aclk1/U0'
Finished Parsing XDC File [/home/advent/Desktop/RC19/_x/link/vivado/vpl/prj/prj.gen/my_rm/bd/ulp/ip/ulp_hmss_0_0/bd_2/ip/ip_3/bd_7ab1_psr_aclk1_0.xdc] for cell 'level0_i/ulp/hmss_0/inst/path_1/interconnect2_1/inst/clk_map/psr_aclk1/U0'
Parsing XDC File [/home/advent/Desktop/RC19/_x/link/vivado/vpl/prj/prj.gen/my_rm/bd/ulp/ip/ulp_hmss_0_0/bd_2/ip/ip_3/bd_7ab1_psr_aclk1_0_board.xdc] for cell 'level0_i/ulp/hmss_0/inst/path_1/interconnect2_1/inst/clk_map/psr_aclk1/U0'
Finished Parsing XDC File [/home/advent/Desktop/RC19/_x/link/vivado/vpl/prj/prj.gen/my_rm/bd/ulp/ip/ulp_hmss_0_0/bd_2/ip/ip_3/bd_7ab1_psr_aclk1_0_board.xdc] for cell 'level0_i/ulp/hmss_0/inst/path_1/interconnect2_1/inst/clk_map/psr_aclk1/U0'
Parsing XDC File [/home/advent/Desktop/RC19/_x/link/vivado/vpl/prj/prj.gen/my_rm/bd/ulp/ip/ulp_hmss_0_0/bd_2/ip/ip_2/bd_7ab1_psr_aclk_0.xdc] for cell 'level0_i/ulp/hmss_0/inst/path_1/interconnect2_1/inst/clk_map/psr_aclk/U0'
Finished Parsing XDC File [/home/advent/Desktop/RC19/_x/link/vivado/vpl/prj/prj.gen/my_rm/bd/ulp/ip/ulp_hmss_0_0/bd_2/ip/ip_2/bd_7ab1_psr_aclk_0.xdc] for cell 'level0_i/ulp/hmss_0/inst/path_1/interconnect2_1/inst/clk_map/psr_aclk/U0'
Parsing XDC File [/home/advent/Desktop/RC19/_x/link/vivado/vpl/prj/prj.gen/my_rm/bd/ulp/ip/ulp_hmss_0_0/bd_2/ip/ip_2/bd_7ab1_psr_aclk_0_board.xdc] for cell 'level0_i/ulp/hmss_0/inst/path_1/interconnect2_1/inst/clk_map/psr_aclk/U0'
Finished Parsing XDC File [/home/advent/Desktop/RC19/_x/link/vivado/vpl/prj/prj.gen/my_rm/bd/ulp/ip/ulp_hmss_0_0/bd_2/ip/ip_2/bd_7ab1_psr_aclk_0_board.xdc] for cell 'level0_i/ulp/hmss_0/inst/path_1/interconnect2_1/inst/clk_map/psr_aclk/U0'
Parsing XDC File [/home/advent/Desktop/RC19/_x/link/vivado/vpl/prj/prj.gen/my_rm/bd/ulp/ip/ulp_hmss_0_0/bd_2/ip/ip_1/bd_7ab1_psr0_0.xdc] for cell 'level0_i/ulp/hmss_0/inst/path_1/interconnect2_1/inst/clk_map/psr0/U0'
Finished Parsing XDC File [/home/advent/Desktop/RC19/_x/link/vivado/vpl/prj/prj.gen/my_rm/bd/ulp/ip/ulp_hmss_0_0/bd_2/ip/ip_1/bd_7ab1_psr0_0.xdc] for cell 'level0_i/ulp/hmss_0/inst/path_1/interconnect2_1/inst/clk_map/psr0/U0'
Parsing XDC File [/home/advent/Desktop/RC19/_x/link/vivado/vpl/prj/prj.gen/my_rm/bd/ulp/ip/ulp_hmss_0_0/bd_2/ip/ip_1/bd_7ab1_psr0_0_board.xdc] for cell 'level0_i/ulp/hmss_0/inst/path_1/interconnect2_1/inst/clk_map/psr0/U0'
Finished Parsing XDC File [/home/advent/Desktop/RC19/_x/link/vivado/vpl/prj/prj.gen/my_rm/bd/ulp/ip/ulp_hmss_0_0/bd_2/ip/ip_1/bd_7ab1_psr0_0_board.xdc] for cell 'level0_i/ulp/hmss_0/inst/path_1/interconnect2_1/inst/clk_map/psr0/U0'
Parsing XDC File [/home/advent/Desktop/RC19/_x/link/vivado/vpl/prj/prj.gen/my_rm/bd/ulp/ip/ulp_hmss_0_0/bd_1/ip/ip_3/bd_baa4_psr_aclk1_0.xdc] for cell 'level0_i/ulp/hmss_0/inst/path_0/interconnect1_0/inst/clk_map/psr_aclk1/U0'
Finished Parsing XDC File [/home/advent/Desktop/RC19/_x/link/vivado/vpl/prj/prj.gen/my_rm/bd/ulp/ip/ulp_hmss_0_0/bd_1/ip/ip_3/bd_baa4_psr_aclk1_0.xdc] for cell 'level0_i/ulp/hmss_0/inst/path_0/interconnect1_0/inst/clk_map/psr_aclk1/U0'
Parsing XDC File [/home/advent/Desktop/RC19/_x/link/vivado/vpl/prj/prj.gen/my_rm/bd/ulp/ip/ulp_hmss_0_0/bd_1/ip/ip_3/bd_baa4_psr_aclk1_0_board.xdc] for cell 'level0_i/ulp/hmss_0/inst/path_0/interconnect1_0/inst/clk_map/psr_aclk1/U0'
Finished Parsing XDC File [/home/advent/Desktop/RC19/_x/link/vivado/vpl/prj/prj.gen/my_rm/bd/ulp/ip/ulp_hmss_0_0/bd_1/ip/ip_3/bd_baa4_psr_aclk1_0_board.xdc] for cell 'level0_i/ulp/hmss_0/inst/path_0/interconnect1_0/inst/clk_map/psr_aclk1/U0'
Parsing XDC File [/home/advent/Desktop/RC19/_x/link/vivado/vpl/prj/prj.gen/my_rm/bd/ulp/ip/ulp_hmss_0_0/bd_1/ip/ip_2/bd_baa4_psr_aclk_0.xdc] for cell 'level0_i/ulp/hmss_0/inst/path_0/interconnect1_0/inst/clk_map/psr_aclk/U0'
Finished Parsing XDC File [/home/advent/Desktop/RC19/_x/link/vivado/vpl/prj/prj.gen/my_rm/bd/ulp/ip/ulp_hmss_0_0/bd_1/ip/ip_2/bd_baa4_psr_aclk_0.xdc] for cell 'level0_i/ulp/hmss_0/inst/path_0/interconnect1_0/inst/clk_map/psr_aclk/U0'
Parsing XDC File [/home/advent/Desktop/RC19/_x/link/vivado/vpl/prj/prj.gen/my_rm/bd/ulp/ip/ulp_hmss_0_0/bd_8/ip/ip_2/bd_7ac9_psr_aclk_0.xdc] for cell 'level0_i/ulp/hmss_0/inst/path_7/interconnect8_7/inst/clk_map/psr_aclk/U0'
Finished Parsing XDC File [/home/advent/Desktop/RC19/_x/link/vivado/vpl/prj/prj.gen/my_rm/bd/ulp/ip/ulp_hmss_0_0/bd_8/ip/ip_2/bd_7ac9_psr_aclk_0.xdc] for cell 'level0_i/ulp/hmss_0/inst/path_7/interconnect8_7/inst/clk_map/psr_aclk/U0'
Parsing XDC File [/home/advent/Desktop/RC19/_x/link/vivado/vpl/prj/prj.gen/my_rm/bd/ulp/ip/ulp_hmss_0_0/bd_10/ip/ip_3/bd_6fa6_psr_aclk1_0.xdc] for cell 'level0_i/ulp/hmss_0/inst/path_10/interconnect0_10/inst/clk_map/psr_aclk1/U0'
Finished Parsing XDC File [/home/advent/Desktop/RC19/_x/link/vivado/vpl/prj/prj.gen/my_rm/bd/ulp/ip/ulp_hmss_0_0/bd_10/ip/ip_3/bd_6fa6_psr_aclk1_0.xdc] for cell 'level0_i/ulp/hmss_0/inst/path_10/interconnect0_10/inst/clk_map/psr_aclk1/U0'
Parsing XDC File [/home/advent/Desktop/RC19/_x/link/vivado/vpl/prj/prj.gen/my_rm/bd/ulp/ip/ulp_hmss_0_0/bd_10/ip/ip_3/bd_6fa6_psr_aclk1_0_board.xdc] for cell 'level0_i/ulp/hmss_0/inst/path_10/interconnect0_10/inst/clk_map/psr_aclk1/U0'
Finished Parsing XDC File [/home/advent/Desktop/RC19/_x/link/vivado/vpl/prj/prj.gen/my_rm/bd/ulp/ip/ulp_hmss_0_0/bd_10/ip/ip_3/bd_6fa6_psr_aclk1_0_board.xdc] for cell 'level0_i/ulp/hmss_0/inst/path_10/interconnect0_10/inst/clk_map/psr_aclk1/U0'
Parsing XDC File [/home/advent/Desktop/RC19/_x/link/vivado/vpl/prj/prj.gen/my_rm/bd/ulp/ip/ulp_hmss_0_0/bd_10/ip/ip_2/bd_6fa6_psr_aclk_0.xdc] for cell 'level0_i/ulp/hmss_0/inst/path_10/interconnect0_10/inst/clk_map/psr_aclk/U0'
Finished Parsing XDC File [/home/advent/Desktop/RC19/_x/link/vivado/vpl/prj/prj.gen/my_rm/bd/ulp/ip/ulp_hmss_0_0/bd_10/ip/ip_2/bd_6fa6_psr_aclk_0.xdc] for cell 'level0_i/ulp/hmss_0/inst/path_10/interconnect0_10/inst/clk_map/psr_aclk/U0'
Parsing XDC File [/home/advent/Desktop/RC19/_x/link/vivado/vpl/prj/prj.gen/my_rm/bd/ulp/ip/ulp_hmss_0_0/bd_10/ip/ip_2/bd_6fa6_psr_aclk_0_board.xdc] for cell 'level0_i/ulp/hmss_0/inst/path_10/interconnect0_10/inst/clk_map/psr_aclk/U0'
Finished Parsing XDC File [/home/advent/Desktop/RC19/_x/link/vivado/vpl/prj/prj.gen/my_rm/bd/ulp/ip/ulp_hmss_0_0/bd_10/ip/ip_2/bd_6fa6_psr_aclk_0_board.xdc] for cell 'level0_i/ulp/hmss_0/inst/path_10/interconnect0_10/inst/clk_map/psr_aclk/U0'
Parsing XDC File [/home/advent/Desktop/RC19/_x/link/vivado/vpl/prj/prj.gen/my_rm/bd/ulp/ip/ulp_hmss_0_0/bd_10/ip/ip_1/bd_6fa6_psr0_0.xdc] for cell 'level0_i/ulp/hmss_0/inst/path_10/interconnect0_10/inst/clk_map/psr0/U0'
Finished Parsing XDC File [/home/advent/Desktop/RC19/_x/link/vivado/vpl/prj/prj.gen/my_rm/bd/ulp/ip/ulp_hmss_0_0/bd_10/ip/ip_1/bd_6fa6_psr0_0.xdc] for cell 'level0_i/ulp/hmss_0/inst/path_10/interconnect0_10/inst/clk_map/psr0/U0'
Parsing XDC File [/home/advent/Desktop/RC19/_x/link/vivado/vpl/prj/prj.gen/my_rm/bd/ulp/ip/ulp_hmss_0_0/bd_10/ip/ip_1/bd_6fa6_psr0_0_board.xdc] for cell 'level0_i/ulp/hmss_0/inst/path_10/interconnect0_10/inst/clk_map/psr0/U0'
Finished Parsing XDC File [/home/advent/Desktop/RC19/_x/link/vivado/vpl/prj/prj.gen/my_rm/bd/ulp/ip/ulp_hmss_0_0/bd_10/ip/ip_1/bd_6fa6_psr0_0_board.xdc] for cell 'level0_i/ulp/hmss_0/inst/path_10/interconnect0_10/inst/clk_map/psr0/U0'
Parsing XDC File [/home/advent/Desktop/RC19/_x/link/vivado/vpl/prj/prj.gen/my_rm/bd/ulp/ip/ulp_hmss_0_0/bd_9/ip/ip_3/bd_b9c4_psr_aclk1_0.xdc] for cell 'level0_i/ulp/hmss_0/inst/path_8/interconnect9_8/inst/clk_map/psr_aclk1/U0'
Finished Parsing XDC File [/home/advent/Desktop/RC19/_x/link/vivado/vpl/prj/prj.gen/my_rm/bd/ulp/ip/ulp_hmss_0_0/bd_9/ip/ip_3/bd_b9c4_psr_aclk1_0.xdc] for cell 'level0_i/ulp/hmss_0/inst/path_8/interconnect9_8/inst/clk_map/psr_aclk1/U0'
Parsing XDC File [/home/advent/Desktop/RC19/_x/link/vivado/vpl/prj/prj.gen/my_rm/bd/ulp/ip/ulp_hmss_0_0/bd_9/ip/ip_3/bd_b9c4_psr_aclk1_0_board.xdc] for cell 'level0_i/ulp/hmss_0/inst/path_8/interconnect9_8/inst/clk_map/psr_aclk1/U0'
Finished Parsing XDC File [/home/advent/Desktop/RC19/_x/link/vivado/vpl/prj/prj.gen/my_rm/bd/ulp/ip/ulp_hmss_0_0/bd_9/ip/ip_3/bd_b9c4_psr_aclk1_0_board.xdc] for cell 'level0_i/ulp/hmss_0/inst/path_8/interconnect9_8/inst/clk_map/psr_aclk1/U0'
Parsing XDC File [/home/advent/Desktop/RC19/_x/link/vivado/vpl/prj/prj.gen/my_rm/bd/ulp/ip/ulp_hmss_0_0/bd_9/ip/ip_2/bd_b9c4_psr_aclk_0.xdc] for cell 'level0_i/ulp/hmss_0/inst/path_8/interconnect9_8/inst/clk_map/psr_aclk/U0'
Finished Parsing XDC File [/home/advent/Desktop/RC19/_x/link/vivado/vpl/prj/prj.gen/my_rm/bd/ulp/ip/ulp_hmss_0_0/bd_9/ip/ip_2/bd_b9c4_psr_aclk_0.xdc] for cell 'level0_i/ulp/hmss_0/inst/path_8/interconnect9_8/inst/clk_map/psr_aclk/U0'
Parsing XDC File [/home/advent/Desktop/RC19/_x/link/vivado/vpl/prj/prj.gen/my_rm/bd/ulp/ip/ulp_hmss_0_0/bd_9/ip/ip_2/bd_b9c4_psr_aclk_0_board.xdc] for cell 'level0_i/ulp/hmss_0/inst/path_8/interconnect9_8/inst/clk_map/psr_aclk/U0'
Finished Parsing XDC File [/home/advent/Desktop/RC19/_x/link/vivado/vpl/prj/prj.gen/my_rm/bd/ulp/ip/ulp_hmss_0_0/bd_9/ip/ip_2/bd_b9c4_psr_aclk_0_board.xdc] for cell 'level0_i/ulp/hmss_0/inst/path_8/interconnect9_8/inst/clk_map/psr_aclk/U0'
Parsing XDC File [/home/advent/Desktop/RC19/_x/link/vivado/vpl/prj/prj.gen/my_rm/bd/ulp/ip/ulp_hmss_0_0/bd_9/ip/ip_1/bd_b9c4_psr0_0.xdc] for cell 'level0_i/ulp/hmss_0/inst/path_8/interconnect9_8/inst/clk_map/psr0/U0'
Finished Parsing XDC File [/home/advent/Desktop/RC19/_x/link/vivado/vpl/prj/prj.gen/my_rm/bd/ulp/ip/ulp_hmss_0_0/bd_9/ip/ip_1/bd_b9c4_psr0_0.xdc] for cell 'level0_i/ulp/hmss_0/inst/path_8/interconnect9_8/inst/clk_map/psr0/U0'
Parsing XDC File [/home/advent/Desktop/RC19/_x/link/vivado/vpl/prj/prj.gen/my_rm/bd/ulp/ip/ulp_hmss_0_0/bd_9/ip/ip_1/bd_b9c4_psr0_0_board.xdc] for cell 'level0_i/ulp/hmss_0/inst/path_8/interconnect9_8/inst/clk_map/psr0/U0'
Finished Parsing XDC File [/home/advent/Desktop/RC19/_x/link/vivado/vpl/prj/prj.gen/my_rm/bd/ulp/ip/ulp_hmss_0_0/bd_9/ip/ip_1/bd_b9c4_psr0_0_board.xdc] for cell 'level0_i/ulp/hmss_0/inst/path_8/interconnect9_8/inst/clk_map/psr0/U0'
Parsing XDC File [/home/advent/Desktop/RC19/_x/link/vivado/vpl/prj/prj.gen/my_rm/bd/ulp/ip/ulp_hmss_0_0/bd_8/ip/ip_3/bd_7ac9_psr_aclk1_0.xdc] for cell 'level0_i/ulp/hmss_0/inst/path_7/interconnect8_7/inst/clk_map/psr_aclk1/U0'
Finished Parsing XDC File [/home/advent/Desktop/RC19/_x/link/vivado/vpl/prj/prj.gen/my_rm/bd/ulp/ip/ulp_hmss_0_0/bd_8/ip/ip_3/bd_7ac9_psr_aclk1_0.xdc] for cell 'level0_i/ulp/hmss_0/inst/path_7/interconnect8_7/inst/clk_map/psr_aclk1/U0'
Parsing XDC File [/home/advent/Desktop/RC19/_x/link/vivado/vpl/prj/prj.gen/my_rm/bd/ulp/ip/ulp_hmss_0_0/bd_8/ip/ip_3/bd_7ac9_psr_aclk1_0_board.xdc] for cell 'level0_i/ulp/hmss_0/inst/path_7/interconnect8_7/inst/clk_map/psr_aclk1/U0'
Finished Parsing XDC File [/home/advent/Desktop/RC19/_x/link/vivado/vpl/prj/prj.gen/my_rm/bd/ulp/ip/ulp_hmss_0_0/bd_8/ip/ip_3/bd_7ac9_psr_aclk1_0_board.xdc] for cell 'level0_i/ulp/hmss_0/inst/path_7/interconnect8_7/inst/clk_map/psr_aclk1/U0'
Parsing XDC File [/home/advent/Desktop/RC19/_x/link/vivado/vpl/prj/prj.gen/my_rm/bd/ulp/ip/ulp_hmss_0_0/bd_1/ip/ip_2/bd_baa4_psr_aclk_0_board.xdc] for cell 'level0_i/ulp/hmss_0/inst/path_0/interconnect1_0/inst/clk_map/psr_aclk/U0'
Finished Parsing XDC File [/home/advent/Desktop/RC19/_x/link/vivado/vpl/prj/prj.gen/my_rm/bd/ulp/ip/ulp_hmss_0_0/bd_1/ip/ip_2/bd_baa4_psr_aclk_0_board.xdc] for cell 'level0_i/ulp/hmss_0/inst/path_0/interconnect1_0/inst/clk_map/psr_aclk/U0'
Parsing XDC File [/home/advent/Desktop/RC19/_x/link/vivado/vpl/prj/prj.gen/my_rm/bd/ulp/ip/ulp_hmss_0_0/bd_8/ip/ip_2/bd_7ac9_psr_aclk_0_board.xdc] for cell 'level0_i/ulp/hmss_0/inst/path_7/interconnect8_7/inst/clk_map/psr_aclk/U0'
Finished Parsing XDC File [/home/advent/Desktop/RC19/_x/link/vivado/vpl/prj/prj.gen/my_rm/bd/ulp/ip/ulp_hmss_0_0/bd_8/ip/ip_2/bd_7ac9_psr_aclk_0_board.xdc] for cell 'level0_i/ulp/hmss_0/inst/path_7/interconnect8_7/inst/clk_map/psr_aclk/U0'
Parsing XDC File [/home/advent/Desktop/RC19/_x/link/vivado/vpl/prj/prj.gen/my_rm/bd/ulp/ip/ulp_hmss_0_0/bd_8/ip/ip_1/bd_7ac9_psr0_0.xdc] for cell 'level0_i/ulp/hmss_0/inst/path_7/interconnect8_7/inst/clk_map/psr0/U0'
Finished Parsing XDC File [/home/advent/Desktop/RC19/_x/link/vivado/vpl/prj/prj.gen/my_rm/bd/ulp/ip/ulp_hmss_0_0/bd_8/ip/ip_1/bd_7ac9_psr0_0.xdc] for cell 'level0_i/ulp/hmss_0/inst/path_7/interconnect8_7/inst/clk_map/psr0/U0'
Parsing XDC File [/home/advent/Desktop/RC19/_x/link/vivado/vpl/prj/prj.gen/my_rm/bd/ulp/ip/ulp_hmss_0_0/bd_8/ip/ip_1/bd_7ac9_psr0_0_board.xdc] for cell 'level0_i/ulp/hmss_0/inst/path_7/interconnect8_7/inst/clk_map/psr0/U0'
Finished Parsing XDC File [/home/advent/Desktop/RC19/_x/link/vivado/vpl/prj/prj.gen/my_rm/bd/ulp/ip/ulp_hmss_0_0/bd_8/ip/ip_1/bd_7ac9_psr0_0_board.xdc] for cell 'level0_i/ulp/hmss_0/inst/path_7/interconnect8_7/inst/clk_map/psr0/U0'
Parsing XDC File [/home/advent/Desktop/RC19/_x/link/vivado/vpl/prj/prj.gen/my_rm/bd/ulp/ip/ulp_hmss_0_0/bd_7/ip/ip_3/bd_7bf1_psr_aclk1_0.xdc] for cell 'level0_i/ulp/hmss_0/inst/path_6/interconnect6_6/inst/clk_map/psr_aclk1/U0'
Finished Parsing XDC File [/home/advent/Desktop/RC19/_x/link/vivado/vpl/prj/prj.gen/my_rm/bd/ulp/ip/ulp_hmss_0_0/bd_7/ip/ip_3/bd_7bf1_psr_aclk1_0.xdc] for cell 'level0_i/ulp/hmss_0/inst/path_6/interconnect6_6/inst/clk_map/psr_aclk1/U0'
Parsing XDC File [/home/advent/Desktop/RC19/_x/link/vivado/vpl/prj/prj.gen/my_rm/bd/ulp/ip/ulp_hmss_0_0/bd_7/ip/ip_3/bd_7bf1_psr_aclk1_0_board.xdc] for cell 'level0_i/ulp/hmss_0/inst/path_6/interconnect6_6/inst/clk_map/psr_aclk1/U0'
Finished Parsing XDC File [/home/advent/Desktop/RC19/_x/link/vivado/vpl/prj/prj.gen/my_rm/bd/ulp/ip/ulp_hmss_0_0/bd_7/ip/ip_3/bd_7bf1_psr_aclk1_0_board.xdc] for cell 'level0_i/ulp/hmss_0/inst/path_6/interconnect6_6/inst/clk_map/psr_aclk1/U0'
Parsing XDC File [/home/advent/Desktop/RC19/_x/link/vivado/vpl/prj/prj.gen/my_rm/bd/ulp/ip/ulp_hmss_0_0/bd_7/ip/ip_2/bd_7bf1_psr_aclk_0.xdc] for cell 'level0_i/ulp/hmss_0/inst/path_6/interconnect6_6/inst/clk_map/psr_aclk/U0'
Finished Parsing XDC File [/home/advent/Desktop/RC19/_x/link/vivado/vpl/prj/prj.gen/my_rm/bd/ulp/ip/ulp_hmss_0_0/bd_7/ip/ip_2/bd_7bf1_psr_aclk_0.xdc] for cell 'level0_i/ulp/hmss_0/inst/path_6/interconnect6_6/inst/clk_map/psr_aclk/U0'
Parsing XDC File [/home/advent/Desktop/RC19/_x/link/vivado/vpl/prj/prj.gen/my_rm/bd/ulp/ip/ulp_hmss_0_0/bd_7/ip/ip_2/bd_7bf1_psr_aclk_0_board.xdc] for cell 'level0_i/ulp/hmss_0/inst/path_6/interconnect6_6/inst/clk_map/psr_aclk/U0'
Finished Parsing XDC File [/home/advent/Desktop/RC19/_x/link/vivado/vpl/prj/prj.gen/my_rm/bd/ulp/ip/ulp_hmss_0_0/bd_7/ip/ip_2/bd_7bf1_psr_aclk_0_board.xdc] for cell 'level0_i/ulp/hmss_0/inst/path_6/interconnect6_6/inst/clk_map/psr_aclk/U0'
Parsing XDC File [/home/advent/Desktop/RC19/_x/link/vivado/vpl/prj/prj.gen/my_rm/bd/ulp/ip/ulp_hmss_0_0/bd_7/ip/ip_1/bd_7bf1_psr0_0.xdc] for cell 'level0_i/ulp/hmss_0/inst/path_6/interconnect6_6/inst/clk_map/psr0/U0'
Finished Parsing XDC File [/home/advent/Desktop/RC19/_x/link/vivado/vpl/prj/prj.gen/my_rm/bd/ulp/ip/ulp_hmss_0_0/bd_7/ip/ip_1/bd_7bf1_psr0_0.xdc] for cell 'level0_i/ulp/hmss_0/inst/path_6/interconnect6_6/inst/clk_map/psr0/U0'
Parsing XDC File [/home/advent/Desktop/RC19/_x/link/vivado/vpl/prj/prj.gen/my_rm/bd/ulp/ip/ulp_hmss_0_0/bd_7/ip/ip_1/bd_7bf1_psr0_0_board.xdc] for cell 'level0_i/ulp/hmss_0/inst/path_6/interconnect6_6/inst/clk_map/psr0/U0'
Finished Parsing XDC File [/home/advent/Desktop/RC19/_x/link/vivado/vpl/prj/prj.gen/my_rm/bd/ulp/ip/ulp_hmss_0_0/bd_7/ip/ip_1/bd_7bf1_psr0_0_board.xdc] for cell 'level0_i/ulp/hmss_0/inst/path_6/interconnect6_6/inst/clk_map/psr0/U0'
Parsing XDC File [/home/advent/Desktop/RC19/_x/link/vivado/vpl/prj/prj.gen/my_rm/bd/ulp/ip/ulp_hmss_0_0/bd_6/ip/ip_3/bd_bb3c_psr_aclk1_0.xdc] for cell 'level0_i/ulp/hmss_0/inst/path_5/interconnect7_5/inst/clk_map/psr_aclk1/U0'
Finished Parsing XDC File [/home/advent/Desktop/RC19/_x/link/vivado/vpl/prj/prj.gen/my_rm/bd/ulp/ip/ulp_hmss_0_0/bd_6/ip/ip_3/bd_bb3c_psr_aclk1_0.xdc] for cell 'level0_i/ulp/hmss_0/inst/path_5/interconnect7_5/inst/clk_map/psr_aclk1/U0'
Parsing XDC File [/home/advent/Desktop/RC19/_x/link/vivado/vpl/prj/prj.gen/my_rm/bd/ulp/ip/ulp_hmss_0_0/bd_6/ip/ip_3/bd_bb3c_psr_aclk1_0_board.xdc] for cell 'level0_i/ulp/hmss_0/inst/path_5/interconnect7_5/inst/clk_map/psr_aclk1/U0'
Finished Parsing XDC File [/home/advent/Desktop/RC19/_x/link/vivado/vpl/prj/prj.gen/my_rm/bd/ulp/ip/ulp_hmss_0_0/bd_6/ip/ip_3/bd_bb3c_psr_aclk1_0_board.xdc] for cell 'level0_i/ulp/hmss_0/inst/path_5/interconnect7_5/inst/clk_map/psr_aclk1/U0'
Parsing XDC File [/home/advent/Desktop/RC19/_x/link/vivado/vpl/prj/prj.gen/my_rm/bd/ulp/ip/ulp_hmss_0_0/bd_6/ip/ip_2/bd_bb3c_psr_aclk_0.xdc] for cell 'level0_i/ulp/hmss_0/inst/path_5/interconnect7_5/inst/clk_map/psr_aclk/U0'
Finished Parsing XDC File [/home/advent/Desktop/RC19/_x/link/vivado/vpl/prj/prj.gen/my_rm/bd/ulp/ip/ulp_hmss_0_0/bd_6/ip/ip_2/bd_bb3c_psr_aclk_0.xdc] for cell 'level0_i/ulp/hmss_0/inst/path_5/interconnect7_5/inst/clk_map/psr_aclk/U0'
Parsing XDC File [/home/advent/Desktop/RC19/_x/link/vivado/vpl/prj/prj.gen/my_rm/bd/ulp/ip/ulp_hmss_0_0/bd_6/ip/ip_2/bd_bb3c_psr_aclk_0_board.xdc] for cell 'level0_i/ulp/hmss_0/inst/path_5/interconnect7_5/inst/clk_map/psr_aclk/U0'
Finished Parsing XDC File [/home/advent/Desktop/RC19/_x/link/vivado/vpl/prj/prj.gen/my_rm/bd/ulp/ip/ulp_hmss_0_0/bd_6/ip/ip_2/bd_bb3c_psr_aclk_0_board.xdc] for cell 'level0_i/ulp/hmss_0/inst/path_5/interconnect7_5/inst/clk_map/psr_aclk/U0'
Parsing XDC File [/home/advent/Desktop/RC19/_x/link/vivado/vpl/prj/prj.gen/my_rm/bd/ulp/ip/ulp_ulp_ucs_0/bd_0/ip/ip_59/bd_22c0_clkwiz_aclk_kernel_00_0.xdc] for cell 'level0_i/ulp/ulp_ucs/inst/aclk_kernel_00_hierarchy/clkwiz_aclk_kernel_00/inst'
Finished Parsing XDC File [/home/advent/Desktop/RC19/_x/link/vivado/vpl/prj/prj.gen/my_rm/bd/ulp/ip/ulp_ulp_ucs_0/bd_0/ip/ip_59/bd_22c0_clkwiz_aclk_kernel_00_0.xdc] for cell 'level0_i/ulp/ulp_ucs/inst/aclk_kernel_00_hierarchy/clkwiz_aclk_kernel_00/inst'
Parsing XDC File [/home/advent/Desktop/RC19/_x/link/vivado/vpl/prj/prj.gen/my_rm/bd/ulp/ip/ulp_proc_sys_reset_kernel_slr0_0/ulp_proc_sys_reset_kernel_slr0_0.xdc] for cell 'level0_i/ulp/proc_sys_reset_kernel_slr0/U0'
Finished Parsing XDC File [/home/advent/Desktop/RC19/_x/link/vivado/vpl/prj/prj.gen/my_rm/bd/ulp/ip/ulp_proc_sys_reset_kernel_slr0_0/ulp_proc_sys_reset_kernel_slr0_0.xdc] for cell 'level0_i/ulp/proc_sys_reset_kernel_slr0/U0'
Parsing XDC File [/home/advent/Desktop/RC19/_x/link/vivado/vpl/prj/prj.gen/my_rm/bd/ulp/ip/ulp_proc_sys_reset_kernel_slr0_0/ulp_proc_sys_reset_kernel_slr0_0_board.xdc] for cell 'level0_i/ulp/proc_sys_reset_kernel_slr0/U0'
Finished Parsing XDC File [/home/advent/Desktop/RC19/_x/link/vivado/vpl/prj/prj.gen/my_rm/bd/ulp/ip/ulp_proc_sys_reset_kernel_slr0_0/ulp_proc_sys_reset_kernel_slr0_0_board.xdc] for cell 'level0_i/ulp/proc_sys_reset_kernel_slr0/U0'
Parsing XDC File [/home/advent/Desktop/RC19/_x/link/vivado/vpl/prj/prj.gen/my_rm/bd/ulp/ip/ulp_proc_sys_reset_ctrl_slr2_0/ulp_proc_sys_reset_ctrl_slr2_0.xdc] for cell 'level0_i/ulp/proc_sys_reset_ctrl_slr2/U0'
Finished Parsing XDC File [/home/advent/Desktop/RC19/_x/link/vivado/vpl/prj/prj.gen/my_rm/bd/ulp/ip/ulp_proc_sys_reset_ctrl_slr2_0/ulp_proc_sys_reset_ctrl_slr2_0.xdc] for cell 'level0_i/ulp/proc_sys_reset_ctrl_slr2/U0'
Parsing XDC File [/home/advent/Desktop/RC19/_x/link/vivado/vpl/prj/prj.gen/my_rm/bd/ulp/ip/ulp_proc_sys_reset_ctrl_slr2_0/ulp_proc_sys_reset_ctrl_slr2_0_board.xdc] for cell 'level0_i/ulp/proc_sys_reset_ctrl_slr2/U0'
Finished Parsing XDC File [/home/advent/Desktop/RC19/_x/link/vivado/vpl/prj/prj.gen/my_rm/bd/ulp/ip/ulp_proc_sys_reset_ctrl_slr2_0/ulp_proc_sys_reset_ctrl_slr2_0_board.xdc] for cell 'level0_i/ulp/proc_sys_reset_ctrl_slr2/U0'
Parsing XDC File [/home/advent/Desktop/RC19/_x/link/vivado/vpl/prj/prj.gen/my_rm/bd/ulp/ip/ulp_proc_sys_reset_ctrl_slr1_0/ulp_proc_sys_reset_ctrl_slr1_0.xdc] for cell 'level0_i/ulp/proc_sys_reset_ctrl_slr1/U0'
Finished Parsing XDC File [/home/advent/Desktop/RC19/_x/link/vivado/vpl/prj/prj.gen/my_rm/bd/ulp/ip/ulp_proc_sys_reset_ctrl_slr1_0/ulp_proc_sys_reset_ctrl_slr1_0.xdc] for cell 'level0_i/ulp/proc_sys_reset_ctrl_slr1/U0'
Parsing XDC File [/home/advent/Desktop/RC19/_x/link/vivado/vpl/prj/prj.gen/my_rm/bd/ulp/ip/ulp_proc_sys_reset_ctrl_slr1_0/ulp_proc_sys_reset_ctrl_slr1_0_board.xdc] for cell 'level0_i/ulp/proc_sys_reset_ctrl_slr1/U0'
Finished Parsing XDC File [/home/advent/Desktop/RC19/_x/link/vivado/vpl/prj/prj.gen/my_rm/bd/ulp/ip/ulp_proc_sys_reset_ctrl_slr1_0/ulp_proc_sys_reset_ctrl_slr1_0_board.xdc] for cell 'level0_i/ulp/proc_sys_reset_ctrl_slr1/U0'
Parsing XDC File [/home/advent/Desktop/RC19/_x/link/vivado/vpl/prj/prj.gen/my_rm/bd/ulp/ip/ulp_proc_sys_reset_ctrl_slr0_0/ulp_proc_sys_reset_ctrl_slr0_0.xdc] for cell 'level0_i/ulp/proc_sys_reset_ctrl_slr0/U0'
Finished Parsing XDC File [/home/advent/Desktop/RC19/_x/link/vivado/vpl/prj/prj.gen/my_rm/bd/ulp/ip/ulp_proc_sys_reset_ctrl_slr0_0/ulp_proc_sys_reset_ctrl_slr0_0.xdc] for cell 'level0_i/ulp/proc_sys_reset_ctrl_slr0/U0'
Parsing XDC File [/home/advent/Desktop/RC19/_x/link/vivado/vpl/prj/prj.gen/my_rm/bd/ulp/ip/ulp_proc_sys_reset_ctrl_slr0_0/ulp_proc_sys_reset_ctrl_slr0_0_board.xdc] for cell 'level0_i/ulp/proc_sys_reset_ctrl_slr0/U0'
Finished Parsing XDC File [/home/advent/Desktop/RC19/_x/link/vivado/vpl/prj/prj.gen/my_rm/bd/ulp/ip/ulp_proc_sys_reset_ctrl_slr0_0/ulp_proc_sys_reset_ctrl_slr0_0_board.xdc] for cell 'level0_i/ulp/proc_sys_reset_ctrl_slr0/U0'
Parsing XDC File [/home/advent/Desktop/RC19/_x/link/vivado/vpl/prj/prj.gen/my_rm/bd/ulp/ip/ulp_ulp_ucs_0/bd_0/ip/ip_92/bd_22c0_psreset_kernel_01_0.xdc] for cell 'level0_i/ulp/ulp_ucs/inst/aclk_kernel_01_hierarchy/psreset_kernel_01/U0'
Finished Parsing XDC File [/home/advent/Desktop/RC19/_x/link/vivado/vpl/prj/prj.gen/my_rm/bd/ulp/ip/ulp_ulp_ucs_0/bd_0/ip/ip_92/bd_22c0_psreset_kernel_01_0.xdc] for cell 'level0_i/ulp/ulp_ucs/inst/aclk_kernel_01_hierarchy/psreset_kernel_01/U0'
Parsing XDC File [/home/advent/Desktop/RC19/_x/link/vivado/vpl/prj/prj.gen/my_rm/bd/ulp/ip/ulp_ulp_ucs_0/bd_0/ip/ip_92/bd_22c0_psreset_kernel_01_0_board.xdc] for cell 'level0_i/ulp/ulp_ucs/inst/aclk_kernel_01_hierarchy/psreset_kernel_01/U0'
Finished Parsing XDC File [/home/advent/Desktop/RC19/_x/link/vivado/vpl/prj/prj.gen/my_rm/bd/ulp/ip/ulp_ulp_ucs_0/bd_0/ip/ip_92/bd_22c0_psreset_kernel_01_0_board.xdc] for cell 'level0_i/ulp/ulp_ucs/inst/aclk_kernel_01_hierarchy/psreset_kernel_01/U0'
Parsing XDC File [/home/advent/Desktop/RC19/_x/link/vivado/vpl/prj/prj.gen/my_rm/bd/ulp/ip/ulp_ulp_ucs_0/bd_0/ip/ip_77/bd_22c0_clkwiz_aclk_kernel_01_0.xdc] for cell 'level0_i/ulp/ulp_ucs/inst/aclk_kernel_01_hierarchy/clkwiz_aclk_kernel_01/inst'
Finished Parsing XDC File [/home/advent/Desktop/RC19/_x/link/vivado/vpl/prj/prj.gen/my_rm/bd/ulp/ip/ulp_ulp_ucs_0/bd_0/ip/ip_77/bd_22c0_clkwiz_aclk_kernel_01_0.xdc] for cell 'level0_i/ulp/ulp_ucs/inst/aclk_kernel_01_hierarchy/clkwiz_aclk_kernel_01/inst'
Parsing XDC File [/home/advent/Desktop/RC19/_x/link/vivado/vpl/prj/prj.gen/my_rm/bd/ulp/ip/ulp_ulp_ucs_0/bd_0/ip/ip_77/bd_22c0_clkwiz_aclk_kernel_01_0_board.xdc] for cell 'level0_i/ulp/ulp_ucs/inst/aclk_kernel_01_hierarchy/clkwiz_aclk_kernel_01/inst'
Finished Parsing XDC File [/home/advent/Desktop/RC19/_x/link/vivado/vpl/prj/prj.gen/my_rm/bd/ulp/ip/ulp_ulp_ucs_0/bd_0/ip/ip_77/bd_22c0_clkwiz_aclk_kernel_01_0_board.xdc] for cell 'level0_i/ulp/ulp_ucs/inst/aclk_kernel_01_hierarchy/clkwiz_aclk_kernel_01/inst'
Parsing XDC File [/home/advent/Desktop/RC19/_x/link/vivado/vpl/prj/prj.gen/my_rm/bd/ulp/ip/ulp_ulp_ucs_0/bd_0/ip/ip_74/bd_22c0_psreset_kernel_00_0.xdc] for cell 'level0_i/ulp/ulp_ucs/inst/aclk_kernel_00_hierarchy/psreset_kernel_00/U0'
Finished Parsing XDC File [/home/advent/Desktop/RC19/_x/link/vivado/vpl/prj/prj.gen/my_rm/bd/ulp/ip/ulp_ulp_ucs_0/bd_0/ip/ip_74/bd_22c0_psreset_kernel_00_0.xdc] for cell 'level0_i/ulp/ulp_ucs/inst/aclk_kernel_00_hierarchy/psreset_kernel_00/U0'
Parsing XDC File [/home/advent/Desktop/RC19/_x/link/vivado/vpl/prj/prj.gen/my_rm/bd/ulp/ip/ulp_ulp_ucs_0/bd_0/ip/ip_74/bd_22c0_psreset_kernel_00_0_board.xdc] for cell 'level0_i/ulp/ulp_ucs/inst/aclk_kernel_00_hierarchy/psreset_kernel_00/U0'
Finished Parsing XDC File [/home/advent/Desktop/RC19/_x/link/vivado/vpl/prj/prj.gen/my_rm/bd/ulp/ip/ulp_ulp_ucs_0/bd_0/ip/ip_74/bd_22c0_psreset_kernel_00_0_board.xdc] for cell 'level0_i/ulp/ulp_ucs/inst/aclk_kernel_00_hierarchy/psreset_kernel_00/U0'
Parsing XDC File [/home/advent/Desktop/RC19/_x/link/vivado/vpl/prj/prj.gen/my_rm/bd/ulp/ip/ulp_proc_sys_reset_kernel_slr1_0/ulp_proc_sys_reset_kernel_slr1_0_board.xdc] for cell 'level0_i/ulp/proc_sys_reset_kernel_slr1/U0'
Finished Parsing XDC File [/home/advent/Desktop/RC19/_x/link/vivado/vpl/prj/prj.gen/my_rm/bd/ulp/ip/ulp_proc_sys_reset_kernel_slr1_0/ulp_proc_sys_reset_kernel_slr1_0_board.xdc] for cell 'level0_i/ulp/proc_sys_reset_kernel_slr1/U0'
Parsing XDC File [/home/advent/Desktop/RC19/_x/link/vivado/vpl/prj/prj.gen/my_rm/bd/ulp/ip/ulp_ulp_ucs_0/bd_0/ip/ip_59/bd_22c0_clkwiz_aclk_kernel_00_0_board.xdc] for cell 'level0_i/ulp/ulp_ucs/inst/aclk_kernel_00_hierarchy/clkwiz_aclk_kernel_00/inst'
Finished Parsing XDC File [/home/advent/Desktop/RC19/_x/link/vivado/vpl/prj/prj.gen/my_rm/bd/ulp/ip/ulp_ulp_ucs_0/bd_0/ip/ip_59/bd_22c0_clkwiz_aclk_kernel_00_0_board.xdc] for cell 'level0_i/ulp/ulp_ucs/inst/aclk_kernel_00_hierarchy/clkwiz_aclk_kernel_00/inst'
Parsing XDC File [/home/advent/Desktop/RC19/_x/link/vivado/vpl/prj/prj.gen/my_rm/bd/ulp/ip/ulp_ulp_ucs_0/bd_0/ip/ip_56/bd_22c0_psreset_aclk_freerun_0.xdc] for cell 'level0_i/ulp/ulp_ucs/inst/frequency_counters/psreset_aclk_freerun/U0'
Finished Parsing XDC File [/home/advent/Desktop/RC19/_x/link/vivado/vpl/prj/prj.gen/my_rm/bd/ulp/ip/ulp_ulp_ucs_0/bd_0/ip/ip_56/bd_22c0_psreset_aclk_freerun_0.xdc] for cell 'level0_i/ulp/ulp_ucs/inst/frequency_counters/psreset_aclk_freerun/U0'
Parsing XDC File [/home/advent/Desktop/RC19/_x/link/vivado/vpl/prj/prj.gen/my_rm/bd/ulp/ip/ulp_ulp_ucs_0/bd_0/ip/ip_56/bd_22c0_psreset_aclk_freerun_0_board.xdc] for cell 'level0_i/ulp/ulp_ucs/inst/frequency_counters/psreset_aclk_freerun/U0'
Finished Parsing XDC File [/home/advent/Desktop/RC19/_x/link/vivado/vpl/prj/prj.gen/my_rm/bd/ulp/ip/ulp_ulp_ucs_0/bd_0/ip/ip_56/bd_22c0_psreset_aclk_freerun_0_board.xdc] for cell 'level0_i/ulp/ulp_ucs/inst/frequency_counters/psreset_aclk_freerun/U0'
Parsing XDC File [/home/advent/Desktop/RC19/_x/link/vivado/vpl/prj/prj.gen/my_rm/bd/ulp/ip/ulp_ulp_ucs_0/bd_0/ip/ip_48/bd_22c0_psreset_hbm_0.xdc] for cell 'level0_i/ulp/ulp_ucs/inst/aclk_hbm_hierarchy/psreset_hbm/U0'
Finished Parsing XDC File [/home/advent/Desktop/RC19/_x/link/vivado/vpl/prj/prj.gen/my_rm/bd/ulp/ip/ulp_ulp_ucs_0/bd_0/ip/ip_48/bd_22c0_psreset_hbm_0.xdc] for cell 'level0_i/ulp/ulp_ucs/inst/aclk_hbm_hierarchy/psreset_hbm/U0'
Parsing XDC File [/home/advent/Desktop/RC19/_x/link/vivado/vpl/prj/prj.gen/my_rm/bd/ulp/ip/ulp_ulp_ucs_0/bd_0/ip/ip_48/bd_22c0_psreset_hbm_0_board.xdc] for cell 'level0_i/ulp/ulp_ucs/inst/aclk_hbm_hierarchy/psreset_hbm/U0'
Finished Parsing XDC File [/home/advent/Desktop/RC19/_x/link/vivado/vpl/prj/prj.gen/my_rm/bd/ulp/ip/ulp_ulp_ucs_0/bd_0/ip/ip_48/bd_22c0_psreset_hbm_0_board.xdc] for cell 'level0_i/ulp/ulp_ucs/inst/aclk_hbm_hierarchy/psreset_hbm/U0'
Parsing XDC File [/home/advent/Desktop/RC19/_x/link/vivado/vpl/prj/prj.gen/my_rm/bd/ulp/ip/ulp_ulp_ucs_0/bd_0/ip/ip_46/bd_22c0_clkwiz_hbm_0.xdc] for cell 'level0_i/ulp/ulp_ucs/inst/aclk_hbm_hierarchy/clkwiz_hbm/inst'
Finished Parsing XDC File [/home/advent/Desktop/RC19/_x/link/vivado/vpl/prj/prj.gen/my_rm/bd/ulp/ip/ulp_ulp_ucs_0/bd_0/ip/ip_46/bd_22c0_clkwiz_hbm_0.xdc] for cell 'level0_i/ulp/ulp_ucs/inst/aclk_hbm_hierarchy/clkwiz_hbm/inst'
Parsing XDC File [/home/advent/Desktop/RC19/_x/link/vivado/vpl/prj/prj.gen/my_rm/bd/ulp/ip/ulp_ulp_ucs_0/bd_0/ip/ip_46/bd_22c0_clkwiz_hbm_0_board.xdc] for cell 'level0_i/ulp/ulp_ucs/inst/aclk_hbm_hierarchy/clkwiz_hbm/inst'
Finished Parsing XDC File [/home/advent/Desktop/RC19/_x/link/vivado/vpl/prj/prj.gen/my_rm/bd/ulp/ip/ulp_ulp_ucs_0/bd_0/ip/ip_46/bd_22c0_clkwiz_hbm_0_board.xdc] for cell 'level0_i/ulp/ulp_ucs/inst/aclk_hbm_hierarchy/clkwiz_hbm/inst'
Parsing XDC File [/home/advent/Desktop/RC19/_x/link/vivado/vpl/prj/prj.gen/my_rm/bd/ulp/ip/ulp_ulp_ucs_0/bd_0/ip/ip_14/bd_22c0_gpio_ucs_control_status_0.xdc] for cell 'level0_i/ulp/ulp_ucs/inst/ucs_control_status/gpio_ucs_control_status/U0'
Finished Parsing XDC File [/home/advent/Desktop/RC19/_x/link/vivado/vpl/prj/prj.gen/my_rm/bd/ulp/ip/ulp_ulp_ucs_0/bd_0/ip/ip_14/bd_22c0_gpio_ucs_control_status_0.xdc] for cell 'level0_i/ulp/ulp_ucs/inst/ucs_control_status/gpio_ucs_control_status/U0'
Parsing XDC File [/home/advent/Desktop/RC19/_x/link/vivado/vpl/prj/prj.gen/my_rm/bd/ulp/ip/ulp_ulp_ucs_0/bd_0/ip/ip_14/bd_22c0_gpio_ucs_control_status_0_board.xdc] for cell 'level0_i/ulp/ulp_ucs/inst/ucs_control_status/gpio_ucs_control_status/U0'
Finished Parsing XDC File [/home/advent/Desktop/RC19/_x/link/vivado/vpl/prj/prj.gen/my_rm/bd/ulp/ip/ulp_ulp_ucs_0/bd_0/ip/ip_14/bd_22c0_gpio_ucs_control_status_0_board.xdc] for cell 'level0_i/ulp/ulp_ucs/inst/ucs_control_status/gpio_ucs_control_status/U0'
Parsing XDC File [/home/advent/Desktop/RC19/_x/link/vivado/vpl/prj/prj.gen/my_rm/bd/ulp/ip/ulp_ulp_ucs_0/bd_0/ip/ip_6/bd_22c0_gpio_gapping_demand_0.xdc] for cell 'level0_i/ulp/ulp_ucs/inst/gapping_demand/gpio_gapping_demand/U0'
Finished Parsing XDC File [/home/advent/Desktop/RC19/_x/link/vivado/vpl/prj/prj.gen/my_rm/bd/ulp/ip/ulp_ulp_ucs_0/bd_0/ip/ip_6/bd_22c0_gpio_gapping_demand_0.xdc] for cell 'level0_i/ulp/ulp_ucs/inst/gapping_demand/gpio_gapping_demand/U0'
Parsing XDC File [/home/advent/Desktop/RC19/_x/link/vivado/vpl/prj/prj.gen/my_rm/bd/ulp/ip/ulp_ulp_ucs_0/bd_0/ip/ip_6/bd_22c0_gpio_gapping_demand_0_board.xdc] for cell 'level0_i/ulp/ulp_ucs/inst/gapping_demand/gpio_gapping_demand/U0'
Finished Parsing XDC File [/home/advent/Desktop/RC19/_x/link/vivado/vpl/prj/prj.gen/my_rm/bd/ulp/ip/ulp_ulp_ucs_0/bd_0/ip/ip_6/bd_22c0_gpio_gapping_demand_0_board.xdc] for cell 'level0_i/ulp/ulp_ucs/inst/gapping_demand/gpio_gapping_demand/U0'
Parsing XDC File [/home/advent/Desktop/RC19/_x/link/vivado/vpl/prj/prj.gen/my_rm/bd/ulp/ip/ulp_ulp_cmp_0/bd_2/ip/ip_0/constraints/xsdbm_cc_early.xdc] for cell 'level0_i/ulp/ulp_cmp/inst/user_debug_hub/inst/xsdbm/inst'
Finished Parsing XDC File [/home/advent/Desktop/RC19/_x/link/vivado/vpl/prj/prj.gen/my_rm/bd/ulp/ip/ulp_ulp_cmp_0/bd_2/ip/ip_0/constraints/xsdbm_cc_early.xdc] for cell 'level0_i/ulp/ulp_cmp/inst/user_debug_hub/inst/xsdbm/inst'
Parsing XDC File [/home/advent/Desktop/RC19/_x/link/vivado/vpl/prj/prj.gen/my_rm/bd/ulp/ip/ulp_ulp_cmp_0/bd_1/ip/ip_2/constraints/bs_switch.xdc] for cell 'level0_i/ulp/ulp_cmp/inst/user_debug_bridge/inst/bs_switch_1/inst'
Finished Parsing XDC File [/home/advent/Desktop/RC19/_x/link/vivado/vpl/prj/prj.gen/my_rm/bd/ulp/ip/ulp_ulp_cmp_0/bd_1/ip/ip_2/constraints/bs_switch.xdc] for cell 'level0_i/ulp/ulp_cmp/inst/user_debug_bridge/inst/bs_switch_1/inst'
Parsing XDC File [/home/advent/Desktop/RC19/_x/link/vivado/vpl/prj/prj.gen/my_rm/bd/ulp/ip/ulp_proc_sys_reset_freerun_slr2_0/ulp_proc_sys_reset_freerun_slr2_0_board.xdc] for cell 'level0_i/ulp/proc_sys_reset_freerun_slr2/U0'
Finished Parsing XDC File [/home/advent/Desktop/RC19/_x/link/vivado/vpl/prj/prj.gen/my_rm/bd/ulp/ip/ulp_proc_sys_reset_freerun_slr2_0/ulp_proc_sys_reset_freerun_slr2_0_board.xdc] for cell 'level0_i/ulp/proc_sys_reset_freerun_slr2/U0'
Parsing XDC File [/home/advent/Desktop/RC19/_x/link/vivado/vpl/prj/prj.gen/my_rm/bd/ulp/ip/ulp_hmss_0_0/bd_1/ip/ip_1/bd_baa4_psr0_0.xdc] for cell 'level0_i/ulp/hmss_0/inst/path_0/interconnect1_0/inst/clk_map/psr0/U0'
Finished Parsing XDC File [/home/advent/Desktop/RC19/_x/link/vivado/vpl/prj/prj.gen/my_rm/bd/ulp/ip/ulp_hmss_0_0/bd_1/ip/ip_1/bd_baa4_psr0_0.xdc] for cell 'level0_i/ulp/hmss_0/inst/path_0/interconnect1_0/inst/clk_map/psr0/U0'
Parsing XDC File [/home/advent/Desktop/RC19/_x/link/vivado/vpl/prj/prj.gen/my_rm/bd/ulp/ip/ulp_hmss_0_0/bd_1/ip/ip_1/bd_baa4_psr0_0_board.xdc] for cell 'level0_i/ulp/hmss_0/inst/path_0/interconnect1_0/inst/clk_map/psr0/U0'
Finished Parsing XDC File [/home/advent/Desktop/RC19/_x/link/vivado/vpl/prj/prj.gen/my_rm/bd/ulp/ip/ulp_hmss_0_0/bd_1/ip/ip_1/bd_baa4_psr0_0_board.xdc] for cell 'level0_i/ulp/hmss_0/inst/path_0/interconnect1_0/inst/clk_map/psr0/U0'
Parsing XDC File [/home/advent/Desktop/RC19/_x/link/vivado/vpl/prj/prj.gen/my_rm/bd/ulp/ip/ulp_hmss_0_0/bd_0/ip/ip_2/bd_85ad_hbm_reset_sync_SLR2_0.xdc] for cell 'level0_i/ulp/hmss_0/inst/hbm_reset_sync_SLR2/U0'
Finished Parsing XDC File [/home/advent/Desktop/RC19/_x/link/vivado/vpl/prj/prj.gen/my_rm/bd/ulp/ip/ulp_hmss_0_0/bd_0/ip/ip_2/bd_85ad_hbm_reset_sync_SLR2_0.xdc] for cell 'level0_i/ulp/hmss_0/inst/hbm_reset_sync_SLR2/U0'
Parsing XDC File [/home/advent/Desktop/RC19/_x/link/vivado/vpl/prj/prj.gen/my_rm/bd/ulp/ip/ulp_hmss_0_0/bd_0/ip/ip_2/bd_85ad_hbm_reset_sync_SLR2_0_board.xdc] for cell 'level0_i/ulp/hmss_0/inst/hbm_reset_sync_SLR2/U0'
Finished Parsing XDC File [/home/advent/Desktop/RC19/_x/link/vivado/vpl/prj/prj.gen/my_rm/bd/ulp/ip/ulp_hmss_0_0/bd_0/ip/ip_2/bd_85ad_hbm_reset_sync_SLR2_0_board.xdc] for cell 'level0_i/ulp/hmss_0/inst/hbm_reset_sync_SLR2/U0'
Parsing XDC File [/home/advent/Desktop/RC19/_x/link/vivado/vpl/prj/prj.gen/my_rm/bd/ulp/ip/ulp_hmss_0_0/bd_0/ip/ip_1/bd_85ad_hbm_reset_sync_SLR0_0.xdc] for cell 'level0_i/ulp/hmss_0/inst/hbm_reset_sync_SLR0/U0'
Finished Parsing XDC File [/home/advent/Desktop/RC19/_x/link/vivado/vpl/prj/prj.gen/my_rm/bd/ulp/ip/ulp_hmss_0_0/bd_0/ip/ip_1/bd_85ad_hbm_reset_sync_SLR0_0.xdc] for cell 'level0_i/ulp/hmss_0/inst/hbm_reset_sync_SLR0/U0'
Parsing XDC File [/home/advent/Desktop/RC19/_x/link/vivado/vpl/prj/prj.gen/my_rm/bd/ulp/ip/ulp_hmss_0_0/bd_0/ip/ip_1/bd_85ad_hbm_reset_sync_SLR0_0_board.xdc] for cell 'level0_i/ulp/hmss_0/inst/hbm_reset_sync_SLR0/U0'
Finished Parsing XDC File [/home/advent/Desktop/RC19/_x/link/vivado/vpl/prj/prj.gen/my_rm/bd/ulp/ip/ulp_hmss_0_0/bd_0/ip/ip_1/bd_85ad_hbm_reset_sync_SLR0_0_board.xdc] for cell 'level0_i/ulp/hmss_0/inst/hbm_reset_sync_SLR0/U0'
Parsing XDC File [/home/advent/Desktop/RC19/_x/link/vivado/vpl/prj/prj.gen/my_rm/bd/ulp/ip/ulp_hmss_0_0/bd_0/ip/ip_0/hdl/par/hbm_ip.xdc] for cell 'level0_i/ulp/hmss_0/inst/hbm_inst/inst'
Finished Parsing XDC File [/home/advent/Desktop/RC19/_x/link/vivado/vpl/prj/prj.gen/my_rm/bd/ulp/ip/ulp_hmss_0_0/bd_0/ip/ip_0/hdl/par/hbm_ip.xdc] for cell 'level0_i/ulp/hmss_0/inst/hbm_inst/inst'
Parsing XDC File [/home/advent/Desktop/RC19/_x/link/vivado/vpl/prj/prj.gen/my_rm/bd/ulp/ip/ulp_axi_gpio_null_2/ulp_axi_gpio_null_2.xdc] for cell 'level0_i/ulp/SLR2/axi_gpio_null/U0'
Finished Parsing XDC File [/home/advent/Desktop/RC19/_x/link/vivado/vpl/prj/prj.gen/my_rm/bd/ulp/ip/ulp_axi_gpio_null_2/ulp_axi_gpio_null_2.xdc] for cell 'level0_i/ulp/SLR2/axi_gpio_null/U0'
Parsing XDC File [/home/advent/Desktop/RC19/_x/link/vivado/vpl/prj/prj.gen/my_rm/bd/ulp/ip/ulp_axi_gpio_null_2/ulp_axi_gpio_null_2_board.xdc] for cell 'level0_i/ulp/SLR2/axi_gpio_null/U0'
Finished Parsing XDC File [/home/advent/Desktop/RC19/_x/link/vivado/vpl/prj/prj.gen/my_rm/bd/ulp/ip/ulp_axi_gpio_null_2/ulp_axi_gpio_null_2_board.xdc] for cell 'level0_i/ulp/SLR2/axi_gpio_null/U0'
Parsing XDC File [/home/advent/Desktop/RC19/_x/link/vivado/vpl/prj/prj.gen/my_rm/bd/ulp/ip/ulp_axi_gpio_null_1/ulp_axi_gpio_null_1.xdc] for cell 'level0_i/ulp/SLR1/axi_gpio_null/U0'
Finished Parsing XDC File [/home/advent/Desktop/RC19/_x/link/vivado/vpl/prj/prj.gen/my_rm/bd/ulp/ip/ulp_axi_gpio_null_1/ulp_axi_gpio_null_1.xdc] for cell 'level0_i/ulp/SLR1/axi_gpio_null/U0'
Parsing XDC File [/home/advent/Desktop/RC19/_x/link/vivado/vpl/prj/prj.gen/my_rm/bd/ulp/ip/ulp_axi_gpio_null_1/ulp_axi_gpio_null_1_board.xdc] for cell 'level0_i/ulp/SLR1/axi_gpio_null/U0'
Finished Parsing XDC File [/home/advent/Desktop/RC19/_x/link/vivado/vpl/prj/prj.gen/my_rm/bd/ulp/ip/ulp_axi_gpio_null_1/ulp_axi_gpio_null_1_board.xdc] for cell 'level0_i/ulp/SLR1/axi_gpio_null/U0'
Parsing XDC File [/home/advent/Desktop/RC19/_x/link/vivado/vpl/prj/prj.gen/my_rm/bd/ulp/ip/ulp_axi_gpio_null_0/ulp_axi_gpio_null_0.xdc] for cell 'level0_i/ulp/SLR0/axi_gpio_null/U0'
Finished Parsing XDC File [/home/advent/Desktop/RC19/_x/link/vivado/vpl/prj/prj.gen/my_rm/bd/ulp/ip/ulp_axi_gpio_null_0/ulp_axi_gpio_null_0.xdc] for cell 'level0_i/ulp/SLR0/axi_gpio_null/U0'
Parsing XDC File [/home/advent/Desktop/RC19/_x/link/vivado/vpl/prj/prj.gen/my_rm/bd/ulp/ip/ulp_axi_gpio_null_0/ulp_axi_gpio_null_0_board.xdc] for cell 'level0_i/ulp/SLR0/axi_gpio_null/U0'
Finished Parsing XDC File [/home/advent/Desktop/RC19/_x/link/vivado/vpl/prj/prj.gen/my_rm/bd/ulp/ip/ulp_axi_gpio_null_0/ulp_axi_gpio_null_0_board.xdc] for cell 'level0_i/ulp/SLR0/axi_gpio_null/U0'
Parsing XDC File [/home/advent/Desktop/RC19/_x/link/vivado/vpl/prj/prj.gen/my_rm/bd/ulp/ip/ulp_proc_sys_reset_freerun_slr2_0/ulp_proc_sys_reset_freerun_slr2_0.xdc] for cell 'level0_i/ulp/proc_sys_reset_freerun_slr2/U0'
Finished Parsing XDC File [/home/advent/Desktop/RC19/_x/link/vivado/vpl/prj/prj.gen/my_rm/bd/ulp/ip/ulp_proc_sys_reset_freerun_slr2_0/ulp_proc_sys_reset_freerun_slr2_0.xdc] for cell 'level0_i/ulp/proc_sys_reset_freerun_slr2/U0'
Parsing XDC File [/home/advent/Desktop/RC19/_x/link/vivado/vpl/prj/prj.gen/my_rm/bd/ulp/ip/ulp_ii_level0_wire_0/uuid_stamp.xdc] for cell 'level0_i/ulp/ii_level0_wire/inst'
Finished Parsing XDC File [/home/advent/Desktop/RC19/_x/link/vivado/vpl/prj/prj.gen/my_rm/bd/ulp/ip/ulp_ii_level0_wire_0/uuid_stamp.xdc] for cell 'level0_i/ulp/ii_level0_wire/inst'
Parsing XDC File [/home/advent/Desktop/RC19/_x/link/vivado/vpl/prj/prj.gen/my_rm/bd/ulp/ip/ulp_proc_sys_reset_freerun_slr1_0/ulp_proc_sys_reset_freerun_slr1_0.xdc] for cell 'level0_i/ulp/proc_sys_reset_freerun_slr1/U0'
Finished Parsing XDC File [/home/advent/Desktop/RC19/_x/link/vivado/vpl/prj/prj.gen/my_rm/bd/ulp/ip/ulp_proc_sys_reset_freerun_slr1_0/ulp_proc_sys_reset_freerun_slr1_0.xdc] for cell 'level0_i/ulp/proc_sys_reset_freerun_slr1/U0'
Parsing XDC File [/home/advent/Desktop/RC19/_x/link/vivado/vpl/prj/prj.gen/my_rm/bd/ulp/ip/ulp_proc_sys_reset_freerun_slr1_0/ulp_proc_sys_reset_freerun_slr1_0_board.xdc] for cell 'level0_i/ulp/proc_sys_reset_freerun_slr1/U0'
Finished Parsing XDC File [/home/advent/Desktop/RC19/_x/link/vivado/vpl/prj/prj.gen/my_rm/bd/ulp/ip/ulp_proc_sys_reset_freerun_slr1_0/ulp_proc_sys_reset_freerun_slr1_0_board.xdc] for cell 'level0_i/ulp/proc_sys_reset_freerun_slr1/U0'
Parsing XDC File [/home/advent/Desktop/RC19/_x/link/vivado/vpl/prj/prj.gen/my_rm/bd/ulp/ip/ulp_proc_sys_reset_freerun_slr0_0/ulp_proc_sys_reset_freerun_slr0_0.xdc] for cell 'level0_i/ulp/proc_sys_reset_freerun_slr0/U0'
Finished Parsing XDC File [/home/advent/Desktop/RC19/_x/link/vivado/vpl/prj/prj.gen/my_rm/bd/ulp/ip/ulp_proc_sys_reset_freerun_slr0_0/ulp_proc_sys_reset_freerun_slr0_0.xdc] for cell 'level0_i/ulp/proc_sys_reset_freerun_slr0/U0'
Parsing XDC File [/home/advent/Desktop/RC19/_x/link/vivado/vpl/prj/prj.gen/my_rm/bd/ulp/ip/ulp_proc_sys_reset_freerun_slr0_0/ulp_proc_sys_reset_freerun_slr0_0_board.xdc] for cell 'level0_i/ulp/proc_sys_reset_freerun_slr0/U0'
Finished Parsing XDC File [/home/advent/Desktop/RC19/_x/link/vivado/vpl/prj/prj.gen/my_rm/bd/ulp/ip/ulp_proc_sys_reset_freerun_slr0_0/ulp_proc_sys_reset_freerun_slr0_0_board.xdc] for cell 'level0_i/ulp/proc_sys_reset_freerun_slr0/U0'
Parsing XDC File [/home/advent/Desktop/RC19/_x/link/vivado/vpl/prj/prj.gen/my_rm/bd/ulp/ip/ulp_proc_sys_reset_kernel2_slr2_0/ulp_proc_sys_reset_kernel2_slr2_0.xdc] for cell 'level0_i/ulp/proc_sys_reset_kernel2_slr2/U0'
Finished Parsing XDC File [/home/advent/Desktop/RC19/_x/link/vivado/vpl/prj/prj.gen/my_rm/bd/ulp/ip/ulp_proc_sys_reset_kernel2_slr2_0/ulp_proc_sys_reset_kernel2_slr2_0.xdc] for cell 'level0_i/ulp/proc_sys_reset_kernel2_slr2/U0'
Parsing XDC File [/home/advent/Desktop/RC19/_x/link/vivado/vpl/prj/prj.gen/my_rm/bd/ulp/ip/ulp_proc_sys_reset_kernel2_slr2_0/ulp_proc_sys_reset_kernel2_slr2_0_board.xdc] for cell 'level0_i/ulp/proc_sys_reset_kernel2_slr2/U0'
Finished Parsing XDC File [/home/advent/Desktop/RC19/_x/link/vivado/vpl/prj/prj.gen/my_rm/bd/ulp/ip/ulp_proc_sys_reset_kernel2_slr2_0/ulp_proc_sys_reset_kernel2_slr2_0_board.xdc] for cell 'level0_i/ulp/proc_sys_reset_kernel2_slr2/U0'
Parsing XDC File [/home/advent/Desktop/RC19/_x/link/vivado/vpl/prj/prj.gen/my_rm/bd/ulp/ip/ulp_proc_sys_reset_kernel2_slr1_0/ulp_proc_sys_reset_kernel2_slr1_0.xdc] for cell 'level0_i/ulp/proc_sys_reset_kernel2_slr1/U0'
Finished Parsing XDC File [/home/advent/Desktop/RC19/_x/link/vivado/vpl/prj/prj.gen/my_rm/bd/ulp/ip/ulp_proc_sys_reset_kernel2_slr1_0/ulp_proc_sys_reset_kernel2_slr1_0.xdc] for cell 'level0_i/ulp/proc_sys_reset_kernel2_slr1/U0'
Parsing XDC File [/home/advent/Desktop/RC19/_x/link/vivado/vpl/prj/prj.gen/my_rm/bd/ulp/ip/ulp_proc_sys_reset_kernel2_slr1_0/ulp_proc_sys_reset_kernel2_slr1_0_board.xdc] for cell 'level0_i/ulp/proc_sys_reset_kernel2_slr1/U0'
Finished Parsing XDC File [/home/advent/Desktop/RC19/_x/link/vivado/vpl/prj/prj.gen/my_rm/bd/ulp/ip/ulp_proc_sys_reset_kernel2_slr1_0/ulp_proc_sys_reset_kernel2_slr1_0_board.xdc] for cell 'level0_i/ulp/proc_sys_reset_kernel2_slr1/U0'
Parsing XDC File [/home/advent/Desktop/RC19/_x/link/vivado/vpl/prj/prj.gen/my_rm/bd/ulp/ip/ulp_proc_sys_reset_kernel2_slr0_0/ulp_proc_sys_reset_kernel2_slr0_0.xdc] for cell 'level0_i/ulp/proc_sys_reset_kernel2_slr0/U0'
Finished Parsing XDC File [/home/advent/Desktop/RC19/_x/link/vivado/vpl/prj/prj.gen/my_rm/bd/ulp/ip/ulp_proc_sys_reset_kernel2_slr0_0/ulp_proc_sys_reset_kernel2_slr0_0.xdc] for cell 'level0_i/ulp/proc_sys_reset_kernel2_slr0/U0'
Parsing XDC File [/home/advent/Desktop/RC19/_x/link/vivado/vpl/prj/prj.gen/my_rm/bd/ulp/ip/ulp_proc_sys_reset_kernel2_slr0_0/ulp_proc_sys_reset_kernel2_slr0_0_board.xdc] for cell 'level0_i/ulp/proc_sys_reset_kernel2_slr0/U0'
Finished Parsing XDC File [/home/advent/Desktop/RC19/_x/link/vivado/vpl/prj/prj.gen/my_rm/bd/ulp/ip/ulp_proc_sys_reset_kernel2_slr0_0/ulp_proc_sys_reset_kernel2_slr0_0_board.xdc] for cell 'level0_i/ulp/proc_sys_reset_kernel2_slr0/U0'
Parsing XDC File [/home/advent/Desktop/RC19/_x/link/vivado/vpl/prj/prj.gen/my_rm/bd/ulp/ip/ulp_proc_sys_reset_kernel_slr2_0/ulp_proc_sys_reset_kernel_slr2_0.xdc] for cell 'level0_i/ulp/proc_sys_reset_kernel_slr2/U0'
Finished Parsing XDC File [/home/advent/Desktop/RC19/_x/link/vivado/vpl/prj/prj.gen/my_rm/bd/ulp/ip/ulp_proc_sys_reset_kernel_slr2_0/ulp_proc_sys_reset_kernel_slr2_0.xdc] for cell 'level0_i/ulp/proc_sys_reset_kernel_slr2/U0'
Parsing XDC File [/home/advent/Desktop/RC19/_x/link/vivado/vpl/prj/prj.gen/my_rm/bd/ulp/ip/ulp_proc_sys_reset_kernel_slr2_0/ulp_proc_sys_reset_kernel_slr2_0_board.xdc] for cell 'level0_i/ulp/proc_sys_reset_kernel_slr2/U0'
Finished Parsing XDC File [/home/advent/Desktop/RC19/_x/link/vivado/vpl/prj/prj.gen/my_rm/bd/ulp/ip/ulp_proc_sys_reset_kernel_slr2_0/ulp_proc_sys_reset_kernel_slr2_0_board.xdc] for cell 'level0_i/ulp/proc_sys_reset_kernel_slr2/U0'
Parsing XDC File [/home/advent/Desktop/RC19/_x/link/vivado/vpl/prj/prj.gen/my_rm/bd/ulp/ip/ulp_proc_sys_reset_kernel_slr1_0/ulp_proc_sys_reset_kernel_slr1_0.xdc] for cell 'level0_i/ulp/proc_sys_reset_kernel_slr1/U0'
Finished Parsing XDC File [/home/advent/Desktop/RC19/_x/link/vivado/vpl/prj/prj.gen/my_rm/bd/ulp/ip/ulp_proc_sys_reset_kernel_slr1_0/ulp_proc_sys_reset_kernel_slr1_0.xdc] for cell 'level0_i/ulp/proc_sys_reset_kernel_slr1/U0'
Parsing XDC File [/home/advent/Desktop/RC19/_x/link/vivado/vpl/.local/hw_platform/hw_bb_locked/level0_wrapper_board.xdc]
Finished Parsing XDC File [/home/advent/Desktop/RC19/_x/link/vivado/vpl/.local/hw_platform/hw_bb_locked/level0_wrapper_board.xdc]
Parsing XDC File [/home/advent/Desktop/RC19/_x/link/vivado/vpl/.local/hw_platform/hw_bb_locked/level0_wrapper_early.xdc]
INFO: [Constraints 18-4422] SNAPPING_MODE is set so implementation will use the DERIVED_RANGES which may be different then the GRID_RANGES. [impl.alt.pblocks.xdc:174]
INFO: [Constraints 18-4421] A LAGUNA range, without usable sites, was added to DERIVED_RANGES for purposes of keeping the Programmable Unit together within the reconfigurable pblock. [impl.alt.pblocks.xdc:174]
0V85_VCCINT { VCCINT }  -supply_current_budget  100.000 A -voltage  0.850 V -direct
0V85_VCCINT_IO { VCCINT_IO VCCBRAM }  -supply_current_budget  30.000 A -voltage  0.850 V -direct
0V9_AVCC { MGTYAVCC }  -supply_current_budget  0.000 A -voltage  0.900 V -direct
1V2_AVTT { MGTYAVTT }  -supply_current_budget  0.000 A -voltage  1.200 V -direct
1V2_HBM { VCC_HBM }  -supply_current_budget  0.000 A -voltage  1.200 V -direct
1V8 { VCCAUX VCCAUX_IO MGTYVCCAUX VCCO18 VCCADC }  -supply_current_budget  4.000 A -voltage  1.800 V -direct
2V5_VPP { VCCAUX_HBM }  -supply_current_budget  0.300 A -voltage  2.500 V -direct
WARNING: [Vivado 12-4417] Setting CLOCK_DELAY_GROUP on net 'level0_i/blp/blp_i/ss_hif/inst/pcie/inst/bd_39ab_pcie_0_gt_top_i/diablo_gt.diablo_gt_phy_wrapper/gt_wizard.gtwizard_top_i/bd_39ab_pcie_0_gt_i/inst/gen_gtwizard_gtye4_top.bd_39ab_pcie_0_gt_gtwizard_gtye4_inst/gen_gtwizard_gtye4.gen_channel_container[24].gen_enabled_channel.gtye4_channel_wrapper_inst/channel_inst/GTYE4_CHANNEL_TXOUTCLK[0]' which is not driven by a global clock buffer. The resulting constraint will not have the desired effect. [ip_pcie4c_uscale_plus_x1y0.xdc:196]
WARNING: [Vivado 12-4417] Setting CLOCK_DELAY_GROUP on net 'level0_i/blp/blp_i/ss_hif/inst/pcie/inst/bd_39ab_pcie_0_gt_top_i/diablo_gt.diablo_gt_phy_wrapper/gt_wizard.gtwizard_top_i/bd_39ab_pcie_0_gt_i/inst/gen_gtwizard_gtye4_top.bd_39ab_pcie_0_gt_gtwizard_gtye4_inst/gen_gtwizard_gtye4.gen_channel_container[24].gen_enabled_channel.gtye4_channel_wrapper_inst/channel_inst/GTYE4_CHANNEL_TXOUTCLK[1]' which is not driven by a global clock buffer. The resulting constraint will not have the desired effect. [ip_pcie4c_uscale_plus_x1y0.xdc:196]
WARNING: [Vivado 12-4417] Setting CLOCK_DELAY_GROUP on net 'level0_i/blp/blp_i/ss_hif/inst/pcie/inst/bd_39ab_pcie_0_gt_top_i/diablo_gt.diablo_gt_phy_wrapper/gt_wizard.gtwizard_top_i/bd_39ab_pcie_0_gt_i/inst/gen_gtwizard_gtye4_top.bd_39ab_pcie_0_gt_gtwizard_gtye4_inst/gen_gtwizard_gtye4.gen_channel_container[24].gen_enabled_channel.gtye4_channel_wrapper_inst/channel_inst/GTYE4_CHANNEL_TXOUTCLK[2]' which is not driven by a global clock buffer. The resulting constraint will not have the desired effect. [ip_pcie4c_uscale_plus_x1y0.xdc:196]
WARNING: [Vivado 12-4417] Setting CLOCK_DELAY_GROUP on net 'level0_i/blp/blp_i/ss_hif/inst/pcie/inst/bd_39ab_pcie_0_gt_top_i/diablo_gt.diablo_gt_phy_wrapper/gt_wizard.gtwizard_top_i/bd_39ab_pcie_0_gt_i/inst/gen_gtwizard_gtye4_top.bd_39ab_pcie_0_gt_gtwizard_gtye4_inst/gen_gtwizard_gtye4.gen_channel_container[24].gen_enabled_channel.gtye4_channel_wrapper_inst/channel_inst/GTYE4_CHANNEL_TXOUTCLK[3]' which is not driven by a global clock buffer. The resulting constraint will not have the desired effect. [ip_pcie4c_uscale_plus_x1y0.xdc:196]
WARNING: [Vivado 12-4417] Setting CLOCK_DELAY_GROUP on net 'level0_i/blp/blp_i/ss_hif/inst/pcie/inst/bd_39ab_pcie_0_gt_top_i/diablo_gt.diablo_gt_phy_wrapper/gt_wizard.gtwizard_top_i/bd_39ab_pcie_0_gt_i/inst/gen_gtwizard_gtye4_top.bd_39ab_pcie_0_gt_gtwizard_gtye4_inst/gen_gtwizard_gtye4.gen_channel_container[25].gen_enabled_channel.gtye4_channel_wrapper_inst/channel_inst/GTYE4_CHANNEL_TXOUTCLK[0]' which is not driven by a global clock buffer. The resulting constraint will not have the desired effect. [ip_pcie4c_uscale_plus_x1y0.xdc:196]
WARNING: [Vivado 12-4417] Setting CLOCK_DELAY_GROUP on net 'level0_i/blp/blp_i/ss_hif/inst/pcie/inst/bd_39ab_pcie_0_gt_top_i/diablo_gt.diablo_gt_phy_wrapper/gt_wizard.gtwizard_top_i/bd_39ab_pcie_0_gt_i/inst/gen_gtwizard_gtye4_top.bd_39ab_pcie_0_gt_gtwizard_gtye4_inst/gen_gtwizard_gtye4.gen_channel_container[25].gen_enabled_channel.gtye4_channel_wrapper_inst/channel_inst/GTYE4_CHANNEL_TXOUTCLK[1]' which is not driven by a global clock buffer. The resulting constraint will not have the desired effect. [ip_pcie4c_uscale_plus_x1y0.xdc:196]
WARNING: [Vivado 12-4417] Setting CLOCK_DELAY_GROUP on net 'level0_i/blp/blp_i/ss_hif/inst/pcie/inst/bd_39ab_pcie_0_gt_top_i/diablo_gt.diablo_gt_phy_wrapper/gt_wizard.gtwizard_top_i/bd_39ab_pcie_0_gt_i/inst/gen_gtwizard_gtye4_top.bd_39ab_pcie_0_gt_gtwizard_gtye4_inst/gen_gtwizard_gtye4.gen_channel_container[25].gen_enabled_channel.gtye4_channel_wrapper_inst/channel_inst/GTYE4_CHANNEL_TXOUTCLK[2]' which is not driven by a global clock buffer. The resulting constraint will not have the desired effect. [ip_pcie4c_uscale_plus_x1y0.xdc:196]
WARNING: [Vivado 12-4417] Setting CLOCK_DELAY_GROUP on net 'level0_i/blp/blp_i/ss_hif/inst/pcie/inst/bd_39ab_pcie_0_gt_top_i/diablo_gt.diablo_gt_phy_wrapper/gt_wizard.gtwizard_top_i/bd_39ab_pcie_0_gt_i/inst/gen_gtwizard_gtye4_top.bd_39ab_pcie_0_gt_gtwizard_gtye4_inst/gen_gtwizard_gtye4.gen_channel_container[25].gen_enabled_channel.gtye4_channel_wrapper_inst/channel_inst/GTYE4_CHANNEL_TXOUTCLK[3]' which is not driven by a global clock buffer. The resulting constraint will not have the desired effect. [ip_pcie4c_uscale_plus_x1y0.xdc:196]
WARNING: [Vivado 12-4417] Setting CLOCK_DELAY_GROUP on net 'level0_i/blp/blp_i/ss_hif/inst/pcie/inst/bd_39ab_pcie_0_gt_top_i/diablo_gt.diablo_gt_phy_wrapper/gt_wizard.gtwizard_top_i/bd_39ab_pcie_0_gt_i/inst/gen_gtwizard_gtye4_top.bd_39ab_pcie_0_gt_gtwizard_gtye4_inst/gen_gtwizard_gtye4.gen_channel_container[26].gen_enabled_channel.gtye4_channel_wrapper_inst/channel_inst/GTYE4_CHANNEL_TXOUTCLK[0]' which is not driven by a global clock buffer. The resulting constraint will not have the desired effect. [ip_pcie4c_uscale_plus_x1y0.xdc:196]
WARNING: [Vivado 12-4417] Setting CLOCK_DELAY_GROUP on net 'level0_i/blp/blp_i/ss_hif/inst/pcie/inst/bd_39ab_pcie_0_gt_top_i/diablo_gt.diablo_gt_phy_wrapper/gt_wizard.gtwizard_top_i/bd_39ab_pcie_0_gt_i/inst/gen_gtwizard_gtye4_top.bd_39ab_pcie_0_gt_gtwizard_gtye4_inst/gen_gtwizard_gtye4.gen_channel_container[26].gen_enabled_channel.gtye4_channel_wrapper_inst/channel_inst/GTYE4_CHANNEL_TXOUTCLK[1]' which is not driven by a global clock buffer. The resulting constraint will not have the desired effect. [ip_pcie4c_uscale_plus_x1y0.xdc:196]
WARNING: [Vivado 12-4417] Setting CLOCK_DELAY_GROUP on net 'level0_i/blp/blp_i/ss_hif/inst/pcie/inst/bd_39ab_pcie_0_gt_top_i/diablo_gt.diablo_gt_phy_wrapper/gt_wizard.gtwizard_top_i/bd_39ab_pcie_0_gt_i/inst/gen_gtwizard_gtye4_top.bd_39ab_pcie_0_gt_gtwizard_gtye4_inst/gen_gtwizard_gtye4.gen_channel_container[26].gen_enabled_channel.gtye4_channel_wrapper_inst/channel_inst/GTYE4_CHANNEL_TXOUTCLK[2]' which is not driven by a global clock buffer. The resulting constraint will not have the desired effect. [ip_pcie4c_uscale_plus_x1y0.xdc:196]
WARNING: [Vivado 12-4417] Setting CLOCK_DELAY_GROUP on net 'level0_i/blp/blp_i/ss_hif/inst/pcie/inst/bd_39ab_pcie_0_gt_top_i/diablo_gt.diablo_gt_phy_wrapper/gt_wizard.gtwizard_top_i/bd_39ab_pcie_0_gt_i/inst/gen_gtwizard_gtye4_top.bd_39ab_pcie_0_gt_gtwizard_gtye4_inst/gen_gtwizard_gtye4.gen_channel_container[26].gen_enabled_channel.gtye4_channel_wrapper_inst/channel_inst/GTYE4_CHANNEL_TXOUTCLK[3]' which is not driven by a global clock buffer. The resulting constraint will not have the desired effect. [ip_pcie4c_uscale_plus_x1y0.xdc:196]
WARNING: [Vivado 12-4417] Setting CLOCK_DELAY_GROUP on net 'level0_i/blp/blp_i/ss_hif/inst/pcie/inst/bd_39ab_pcie_0_gt_top_i/diablo_gt.diablo_gt_phy_wrapper/gt_wizard.gtwizard_top_i/bd_39ab_pcie_0_gt_i/inst/gen_gtwizard_gtye4_top.bd_39ab_pcie_0_gt_gtwizard_gtye4_inst/gen_gtwizard_gtye4.gen_channel_container[27].gen_enabled_channel.gtye4_channel_wrapper_inst/channel_inst/GTYE4_CHANNEL_TXOUTCLK[0]' which is not driven by a global clock buffer. The resulting constraint will not have the desired effect. [ip_pcie4c_uscale_plus_x1y0.xdc:196]
WARNING: [Vivado 12-4417] Setting CLOCK_DELAY_GROUP on net 'level0_i/blp/blp_i/ss_hif/inst/pcie/inst/bd_39ab_pcie_0_gt_top_i/diablo_gt.diablo_gt_phy_wrapper/gt_wizard.gtwizard_top_i/bd_39ab_pcie_0_gt_i/inst/gen_gtwizard_gtye4_top.bd_39ab_pcie_0_gt_gtwizard_gtye4_inst/gen_gtwizard_gtye4.gen_channel_container[27].gen_enabled_channel.gtye4_channel_wrapper_inst/channel_inst/GTYE4_CHANNEL_TXOUTCLK[1]' which is not driven by a global clock buffer. The resulting constraint will not have the desired effect. [ip_pcie4c_uscale_plus_x1y0.xdc:196]
WARNING: [Vivado 12-4417] Setting CLOCK_DELAY_GROUP on net 'level0_i/blp/blp_i/ss_hif/inst/pcie/inst/bd_39ab_pcie_0_gt_top_i/diablo_gt.diablo_gt_phy_wrapper/gt_wizard.gtwizard_top_i/bd_39ab_pcie_0_gt_i/inst/gen_gtwizard_gtye4_top.bd_39ab_pcie_0_gt_gtwizard_gtye4_inst/gen_gtwizard_gtye4.gen_channel_container[27].gen_enabled_channel.gtye4_channel_wrapper_inst/channel_inst/GTYE4_CHANNEL_TXOUTCLK[2]' which is not driven by a global clock buffer. The resulting constraint will not have the desired effect. [ip_pcie4c_uscale_plus_x1y0.xdc:196]
WARNING: [Vivado 12-4417] Setting CLOCK_DELAY_GROUP on net 'level0_i/blp/blp_i/ss_hif/inst/pcie/inst/bd_39ab_pcie_0_gt_top_i/diablo_gt.diablo_gt_phy_wrapper/gt_wizard.gtwizard_top_i/bd_39ab_pcie_0_gt_i/inst/gen_gtwizard_gtye4_top.bd_39ab_pcie_0_gt_gtwizard_gtye4_inst/gen_gtwizard_gtye4.gen_channel_container[27].gen_enabled_channel.gtye4_channel_wrapper_inst/channel_inst/GTYE4_CHANNEL_TXOUTCLK[3]' which is not driven by a global clock buffer. The resulting constraint will not have the desired effect. [ip_pcie4c_uscale_plus_x1y0.xdc:196]
INFO: [Power 33-23] Power model is not available for STARTUP_8SERIES_GEN.STARTUP3_8SERIES_inst [ip_pcie4c_uscale_plus_x1y0.xdc:225]
WARNING: [Timing 38-172] LUT was found on clock network. Both rising/falling clock edges are propagated from LUT output pin. Use set_clock_sense to specify if that clock should be inverted or not. e.g. set_clock_sense -positive/-negative level0_i/blp/blp_i/ss_cmp/inst/mgmt_debug_bridge/inst/bs_mux/inst/drck_INST_0/O [ip_pcie4c_uscale_plus_x1y0.xdc:225]
WARNING: [Timing 38-172] LUT was found on clock network. Both rising/falling clock edges are propagated from LUT output pin. Use set_clock_sense to specify if that clock should be inverted or not. e.g. set_clock_sense -positive/-negative level0_i/blp/blp_i/ss_cmp/inst/mgmt_debug_bridge/inst/bs_mux/inst/update_INST_0/O [ip_pcie4c_uscale_plus_x1y0.xdc:225]
set_switching_activity: Time (s): cpu = 00:01:02 ; elapsed = 00:00:27 . Memory (MB): peak = 7836.344 ; gain = 1616.090 ; free physical = 12893 ; free virtual = 18334
Finished Parsing XDC File [/home/advent/Desktop/RC19/_x/link/vivado/vpl/.local/hw_platform/hw_bb_locked/level0_wrapper_early.xdc]
Parsing XDC File [/home/advent/Desktop/RC19/_x/link/vivado/vpl/.local/hw_platform/tcl_hooks/impl.xdc]
WARNING: [Vivado 12-180] No cells matched 'level0_i/ulp/axi_data_sc'. [/home/advent/Desktop/RC19/_x/link/vivado/vpl/.local/hw_platform/tcl_hooks/impl.xdc:55]
WARNING: [Vivado 12-180] No cells matched 'get_cells -hierarchical -filter NAME=~level0_i/ulp/axi_regslice*_slr0/inst/*slr_master*'. [/home/advent/Desktop/RC19/_x/link/vivado/vpl/.local/hw_platform/tcl_hooks/impl.xdc:60]
WARNING: [Vivado 12-180] No cells matched 'get_cells -hierarchical -filter NAME=~level0_i/ulp/axi_regslice*_slr0/inst/*slr_middle*'. [/home/advent/Desktop/RC19/_x/link/vivado/vpl/.local/hw_platform/tcl_hooks/impl.xdc:62]
WARNING: [Vivado 12-180] No cells matched 'get_cells -hierarchical -filter NAME=~level0_i/ulp/axi_regslice*_slr0/inst/*slr_slave*'. [/home/advent/Desktop/RC19/_x/link/vivado/vpl/.local/hw_platform/tcl_hooks/impl.xdc:64]
WARNING: [Vivado 12-180] No cells matched 'get_cells -hierarchical -filter NAME=~level0_i/ulp/axi_regslice*_slr1/inst/*slr_master*'. [/home/advent/Desktop/RC19/_x/link/vivado/vpl/.local/hw_platform/tcl_hooks/impl.xdc:69]
WARNING: [Vivado 12-180] No cells matched 'get_cells -hierarchical -filter NAME=~level0_i/ulp/axi_regslice*_slr1/inst/*slr_slave*'. [/home/advent/Desktop/RC19/_x/link/vivado/vpl/.local/hw_platform/tcl_hooks/impl.xdc:71]
Finished Parsing XDC File [/home/advent/Desktop/RC19/_x/link/vivado/vpl/.local/hw_platform/tcl_hooks/impl.xdc]
Parsing XDC File [/home/advent/Desktop/RC19/_x/link/vivado/vpl/output/dont_partition.xdc]
Finished Parsing XDC File [/home/advent/Desktop/RC19/_x/link/vivado/vpl/output/dont_partition.xdc]
Parsing XDC File [/home/advent/Desktop/RC19/_x/link/vivado/vpl/.local/hw_platform/hw_bb_locked/level0_wrapper.xdc]
INFO: [Timing 38-2] Deriving generated clocks [xsdbm_gc_late_late.xdc:55]
Finished Parsing XDC File [/home/advent/Desktop/RC19/_x/link/vivado/vpl/.local/hw_platform/hw_bb_locked/level0_wrapper.xdc]
Parsing XDC File [/home/advent/Desktop/RC19/_x/link/vivado/vpl/.local/hw_platform/hw_bb_locked/level0_wrapper_late.xdc]
INFO: [Vivado 12-2286] Implicit search of objects for pattern 'clk_sck' matched to 'clock' objects. [impl.clocks.xdc:32]
Resolution: To avoid ambiguous patterns, provide proper objects using get commands e.g. [get_nets xyz].
INFO: [Vivado 12-2286] Implicit search of objects for pattern 'clk_sck' matched to 'clock' objects. [impl.clocks.xdc:33]
Resolution: To avoid ambiguous patterns, provide proper objects using get commands e.g. [get_nets xyz].
INFO: [Vivado 12-2286] Implicit search of objects for pattern 'clk_sck' matched to 'clock' objects. [impl.clocks.xdc:36]
Resolution: To avoid ambiguous patterns, provide proper objects using get commands e.g. [get_nets xyz].
Finished Parsing XDC File [/home/advent/Desktop/RC19/_x/link/vivado/vpl/.local/hw_platform/hw_bb_locked/level0_wrapper_late.xdc]
Reading XDEF placement.
Reading placer database...
Reading XDEF routing.
Read XDEF Files: Time (s): cpu = 00:00:06 ; elapsed = 00:00:06 . Memory (MB): peak = 8765.383 ; gain = 0.000 ; free physical = 12613 ; free virtual = 18127
Restored from archive | CPU: 6.580000 secs | Memory: 238.123032 MB |
Finished XDEF File Restore: Time (s): cpu = 00:00:07 ; elapsed = 00:00:07 . Memory (MB): peak = 8765.383 ; gain = 0.000 ; free physical = 12605 ; free virtual = 18119
WARNING: [Constraints 18-4434] Global Clock Buffer 'level0_i/blp/blp_i/freerun_clk/bufg_div/U0/USE_BUFGCE_DIV2.GEN_BUFGCE_DIV2[0].BUFGCE_DIV2_I' is LOCed to site 'BUFGCE_DIV_X0Y4'. Using a LOC constraint to assign the placement of a Global Clock Buffer can result in sub-optimal placement results.
Resolution: Remove the LOC constraint and use the CLOCK_REGION constraint to assign a Global Clock Buffer to a CLOCK_REGION.
WARNING: [Constraints 18-4434] Global Clock Buffer 'level0_i/blp/blp_i/ss_cmp/inst/jtag_fallback/inst/bs_switch/inst/BSCAN_SWITCH.N_EXT_BSCAN.u_bufg_icon_tck' is LOCed to site 'BUFGCE_X0Y30'. Using a LOC constraint to assign the placement of a Global Clock Buffer can result in sub-optimal placement results.
Resolution: Remove the LOC constraint and use the CLOCK_REGION constraint to assign a Global Clock Buffer to a CLOCK_REGION.
WARNING: [Constraints 18-4434] Global Clock Buffer 'level0_i/blp/blp_i/ss_cmp/inst/mdm_board_control/U0/No_Dbg_Reg_Access.BUFG_DRCK/Using_FPGA.Native' is LOCed to site 'BUFGCE_X0Y104'. Using a LOC constraint to assign the placement of a Global Clock Buffer can result in sub-optimal placement results.
Resolution: Remove the LOC constraint and use the CLOCK_REGION constraint to assign a Global Clock Buffer to a CLOCK_REGION.
WARNING: [Constraints 18-4434] Global Clock Buffer 'level0_i/blp/blp_i/ss_cmp/inst/mdm_board_control/U0/Use_External.Use_BSCANID.No_Dbg_Reg_Access.BUFG_UPDATE/Using_FPGA.Native' is LOCed to site 'BUFGCE_X0Y110'. Using a LOC constraint to assign the placement of a Global Clock Buffer can result in sub-optimal placement results.
Resolution: Remove the LOC constraint and use the CLOCK_REGION constraint to assign a Global Clock Buffer to a CLOCK_REGION.
WARNING: [Constraints 18-4434] Global Clock Buffer 'level0_i/blp/blp_i/ss_cmp/inst/mgmt_debug_bridge/inst/bs_mux/inst/u_bufg_mux' is LOCed to site 'BUFGCTRL_X0Y11'. Using a LOC constraint to assign the placement of a Global Clock Buffer can result in sub-optimal placement results.
Resolution: Remove the LOC constraint and use the CLOCK_REGION constraint to assign a Global Clock Buffer to a CLOCK_REGION.
WARNING: [Constraints 18-4434] Global Clock Buffer 'level0_i/blp/blp_i/ss_cmp/inst/mgmt_debug_bridge/inst/bsip/inst/USE_SOFTBSCAN.U_TAP_TCKBUFG' is LOCed to site 'BUFGCE_X0Y31'. Using a LOC constraint to assign the placement of a Global Clock Buffer can result in sub-optimal placement results.
Resolution: Remove the LOC constraint and use the CLOCK_REGION constraint to assign a Global Clock Buffer to a CLOCK_REGION.
WARNING: [Constraints 18-4434] Global Clock Buffer 'level0_i/blp/blp_i/ss_hif/inst/clkwiz_level0_periph/inst/clkout1_buf' is LOCed to site 'BUFGCE_X0Y28'. Using a LOC constraint to assign the placement of a Global Clock Buffer can result in sub-optimal placement results.
Resolution: Remove the LOC constraint and use the CLOCK_REGION constraint to assign a Global Clock Buffer to a CLOCK_REGION.
WARNING: [Constraints 18-4434] Global Clock Buffer 'level0_i/blp/blp_i/ss_hif/inst/clkwiz_level0_periph/inst/clkout2_buf' is LOCed to site 'BUFGCE_X0Y24'. Using a LOC constraint to assign the placement of a Global Clock Buffer can result in sub-optimal placement results.
Resolution: Remove the LOC constraint and use the CLOCK_REGION constraint to assign a Global Clock Buffer to a CLOCK_REGION.
WARNING: [Constraints 18-4434] Global Clock Buffer 'level0_i/blp/blp_i/ss_hif/inst/pcie/inst/bd_39ab_pcie_0_gt_top_i/diablo_gt.diablo_gt_phy_wrapper/gt_wizard.gtwizard_top_i/bd_39ab_pcie_0_gt_i/inst/gen_gtwizard_gtye4_top.bd_39ab_pcie_0_gt_gtwizard_gtye4_inst/gen_gtwizard_gtye4.gen_cpll_cal_gtye4.gen_cpll_cal_inst[0].gen_inst_cpll_cal.gtwizard_ultrascale_v1_7_10_gtye4_cpll_cal_inst/gtwizard_ultrascale_v1_7_10_gtye4_cpll_cal_tx_i/bufg_gt_txoutclkmon_inst' is LOCed to site 'BUFG_GT_X1Y17'. Using a LOC constraint to assign the placement of a Global Clock Buffer can result in sub-optimal placement results.
Resolution: Remove the LOC constraint and use the CLOCK_REGION constraint to assign a Global Clock Buffer to a CLOCK_REGION.
WARNING: [Constraints 18-4434] Global Clock Buffer 'level0_i/blp/blp_i/ss_hif/inst/pcie/inst/bd_39ab_pcie_0_gt_top_i/diablo_gt.diablo_gt_phy_wrapper/gt_wizard.gtwizard_top_i/bd_39ab_pcie_0_gt_i/inst/gen_gtwizard_gtye4_top.bd_39ab_pcie_0_gt_gtwizard_gtye4_inst/gen_gtwizard_gtye4.gen_cpll_cal_gtye4.gen_cpll_cal_inst[10].gen_inst_cpll_cal.gtwizard_ultrascale_v1_7_10_gtye4_cpll_cal_inst/gtwizard_ultrascale_v1_7_10_gtye4_cpll_cal_tx_i/bufg_gt_txoutclkmon_inst' is LOCed to site 'BUFG_GT_X1Y65'. Using a LOC constraint to assign the placement of a Global Clock Buffer can result in sub-optimal placement results.
Resolution: Remove the LOC constraint and use the CLOCK_REGION constraint to assign a Global Clock Buffer to a CLOCK_REGION.
WARNING: [Constraints 18-4434] Global Clock Buffer 'level0_i/blp/blp_i/ss_hif/inst/pcie/inst/bd_39ab_pcie_0_gt_top_i/diablo_gt.diablo_gt_phy_wrapper/gt_wizard.gtwizard_top_i/bd_39ab_pcie_0_gt_i/inst/gen_gtwizard_gtye4_top.bd_39ab_pcie_0_gt_gtwizard_gtye4_inst/gen_gtwizard_gtye4.gen_cpll_cal_gtye4.gen_cpll_cal_inst[11].gen_inst_cpll_cal.gtwizard_ultrascale_v1_7_10_gtye4_cpll_cal_inst/gtwizard_ultrascale_v1_7_10_gtye4_cpll_cal_tx_i/bufg_gt_txoutclkmon_inst' is LOCed to site 'BUFG_GT_X1Y50'. Using a LOC constraint to assign the placement of a Global Clock Buffer can result in sub-optimal placement results.
Resolution: Remove the LOC constraint and use the CLOCK_REGION constraint to assign a Global Clock Buffer to a CLOCK_REGION.
WARNING: [Constraints 18-4434] Global Clock Buffer 'level0_i/blp/blp_i/ss_hif/inst/pcie/inst/bd_39ab_pcie_0_gt_top_i/diablo_gt.diablo_gt_phy_wrapper/gt_wizard.gtwizard_top_i/bd_39ab_pcie_0_gt_i/inst/gen_gtwizard_gtye4_top.bd_39ab_pcie_0_gt_gtwizard_gtye4_inst/gen_gtwizard_gtye4.gen_cpll_cal_gtye4.gen_cpll_cal_inst[12].gen_inst_cpll_cal.gtwizard_ultrascale_v1_7_10_gtye4_cpll_cal_inst/gtwizard_ultrascale_v1_7_10_gtye4_cpll_cal_tx_i/bufg_gt_txoutclkmon_inst' is LOCed to site 'BUFG_GT_X1Y81'. Using a LOC constraint to assign the placement of a Global Clock Buffer can result in sub-optimal placement results.
Resolution: Remove the LOC constraint and use the CLOCK_REGION constraint to assign a Global Clock Buffer to a CLOCK_REGION.
WARNING: [Constraints 18-4434] Global Clock Buffer 'level0_i/blp/blp_i/ss_hif/inst/pcie/inst/bd_39ab_pcie_0_gt_top_i/diablo_gt.diablo_gt_phy_wrapper/gt_wizard.gtwizard_top_i/bd_39ab_pcie_0_gt_i/inst/gen_gtwizard_gtye4_top.bd_39ab_pcie_0_gt_gtwizard_gtye4_inst/gen_gtwizard_gtye4.gen_cpll_cal_gtye4.gen_cpll_cal_inst[13].gen_inst_cpll_cal.gtwizard_ultrascale_v1_7_10_gtye4_cpll_cal_inst/gtwizard_ultrascale_v1_7_10_gtye4_cpll_cal_tx_i/bufg_gt_txoutclkmon_inst' is LOCed to site 'BUFG_GT_X1Y89'. Using a LOC constraint to assign the placement of a Global Clock Buffer can result in sub-optimal placement results.
Resolution: Remove the LOC constraint and use the CLOCK_REGION constraint to assign a Global Clock Buffer to a CLOCK_REGION.
WARNING: [Constraints 18-4434] Global Clock Buffer 'level0_i/blp/blp_i/ss_hif/inst/pcie/inst/bd_39ab_pcie_0_gt_top_i/diablo_gt.diablo_gt_phy_wrapper/gt_wizard.gtwizard_top_i/bd_39ab_pcie_0_gt_i/inst/gen_gtwizard_gtye4_top.bd_39ab_pcie_0_gt_gtwizard_gtye4_inst/gen_gtwizard_gtye4.gen_cpll_cal_gtye4.gen_cpll_cal_inst[14].gen_inst_cpll_cal.gtwizard_ultrascale_v1_7_10_gtye4_cpll_cal_inst/gtwizard_ultrascale_v1_7_10_gtye4_cpll_cal_tx_i/bufg_gt_txoutclkmon_inst' is LOCed to site 'BUFG_GT_X1Y95'. Using a LOC constraint to assign the placement of a Global Clock Buffer can result in sub-optimal placement results.
Resolution: Remove the LOC constraint and use the CLOCK_REGION constraint to assign a Global Clock Buffer to a CLOCK_REGION.
WARNING: [Constraints 18-4434] Global Clock Buffer 'level0_i/blp/blp_i/ss_hif/inst/pcie/inst/bd_39ab_pcie_0_gt_top_i/diablo_gt.diablo_gt_phy_wrapper/gt_wizard.gtwizard_top_i/bd_39ab_pcie_0_gt_i/inst/gen_gtwizard_gtye4_top.bd_39ab_pcie_0_gt_gtwizard_gtye4_inst/gen_gtwizard_gtye4.gen_cpll_cal_gtye4.gen_cpll_cal_inst[15].gen_inst_cpll_cal.gtwizard_ultrascale_v1_7_10_gtye4_cpll_cal_inst/gtwizard_ultrascale_v1_7_10_gtye4_cpll_cal_tx_i/bufg_gt_txoutclkmon_inst' is LOCed to site 'BUFG_GT_X1Y87'. Using a LOC constraint to assign the placement of a Global Clock Buffer can result in sub-optimal placement results.
Resolution: Remove the LOC constraint and use the CLOCK_REGION constraint to assign a Global Clock Buffer to a CLOCK_REGION.
WARNING: [Constraints 18-4434] Global Clock Buffer 'level0_i/blp/blp_i/ss_hif/inst/pcie/inst/bd_39ab_pcie_0_gt_top_i/diablo_gt.diablo_gt_phy_wrapper/gt_wizard.gtwizard_top_i/bd_39ab_pcie_0_gt_i/inst/gen_gtwizard_gtye4_top.bd_39ab_pcie_0_gt_gtwizard_gtye4_inst/gen_gtwizard_gtye4.gen_cpll_cal_gtye4.gen_cpll_cal_inst[1].gen_inst_cpll_cal.gtwizard_ultrascale_v1_7_10_gtye4_cpll_cal_inst/gtwizard_ultrascale_v1_7_10_gtye4_cpll_cal_tx_i/bufg_gt_txoutclkmon_inst' is LOCed to site 'BUFG_GT_X1Y9'. Using a LOC constraint to assign the placement of a Global Clock Buffer can result in sub-optimal placement results.
Resolution: Remove the LOC constraint and use the CLOCK_REGION constraint to assign a Global Clock Buffer to a CLOCK_REGION.
WARNING: [Constraints 18-4434] Global Clock Buffer 'level0_i/blp/blp_i/ss_hif/inst/pcie/inst/bd_39ab_pcie_0_gt_top_i/diablo_gt.diablo_gt_phy_wrapper/gt_wizard.gtwizard_top_i/bd_39ab_pcie_0_gt_i/inst/gen_gtwizard_gtye4_top.bd_39ab_pcie_0_gt_gtwizard_gtye4_inst/gen_gtwizard_gtye4.gen_cpll_cal_gtye4.gen_cpll_cal_inst[2].gen_inst_cpll_cal.gtwizard_ultrascale_v1_7_10_gtye4_cpll_cal_inst/gtwizard_ultrascale_v1_7_10_gtye4_cpll_cal_tx_i/bufg_gt_txoutclkmon_inst' is LOCed to site 'BUFG_GT_X1Y23'. Using a LOC constraint to assign the placement of a Global Clock Buffer can result in sub-optimal placement results.
Resolution: Remove the LOC constraint and use the CLOCK_REGION constraint to assign a Global Clock Buffer to a CLOCK_REGION.
WARNING: [Constraints 18-4434] Global Clock Buffer 'level0_i/blp/blp_i/ss_hif/inst/pcie/inst/bd_39ab_pcie_0_gt_top_i/diablo_gt.diablo_gt_phy_wrapper/gt_wizard.gtwizard_top_i/bd_39ab_pcie_0_gt_i/inst/gen_gtwizard_gtye4_top.bd_39ab_pcie_0_gt_gtwizard_gtye4_inst/gen_gtwizard_gtye4.gen_cpll_cal_gtye4.gen_cpll_cal_inst[3].gen_inst_cpll_cal.gtwizard_ultrascale_v1_7_10_gtye4_cpll_cal_inst/gtwizard_ultrascale_v1_7_10_gtye4_cpll_cal_tx_i/bufg_gt_txoutclkmon_inst' is LOCed to site 'BUFG_GT_X1Y15'. Using a LOC constraint to assign the placement of a Global Clock Buffer can result in sub-optimal placement results.
Resolution: Remove the LOC constraint and use the CLOCK_REGION constraint to assign a Global Clock Buffer to a CLOCK_REGION.
WARNING: [Constraints 18-4434] Global Clock Buffer 'level0_i/blp/blp_i/ss_hif/inst/pcie/inst/bd_39ab_pcie_0_gt_top_i/diablo_gt.diablo_gt_phy_wrapper/gt_wizard.gtwizard_top_i/bd_39ab_pcie_0_gt_i/inst/gen_gtwizard_gtye4_top.bd_39ab_pcie_0_gt_gtwizard_gtye4_inst/gen_gtwizard_gtye4.gen_cpll_cal_gtye4.gen_cpll_cal_inst[4].gen_inst_cpll_cal.gtwizard_ultrascale_v1_7_10_gtye4_cpll_cal_inst/gtwizard_ultrascale_v1_7_10_gtye4_cpll_cal_tx_i/bufg_gt_txoutclkmon_inst' is LOCed to site 'BUFG_GT_X1Y26'. Using a LOC constraint to assign the placement of a Global Clock Buffer can result in sub-optimal placement results.
Resolution: Remove the LOC constraint and use the CLOCK_REGION constraint to assign a Global Clock Buffer to a CLOCK_REGION.
WARNING: [Constraints 18-4434] Global Clock Buffer 'level0_i/blp/blp_i/ss_hif/inst/pcie/inst/bd_39ab_pcie_0_gt_top_i/diablo_gt.diablo_gt_phy_wrapper/gt_wizard.gtwizard_top_i/bd_39ab_pcie_0_gt_i/inst/gen_gtwizard_gtye4_top.bd_39ab_pcie_0_gt_gtwizard_gtye4_inst/gen_gtwizard_gtye4.gen_cpll_cal_gtye4.gen_cpll_cal_inst[5].gen_inst_cpll_cal.gtwizard_ultrascale_v1_7_10_gtye4_cpll_cal_inst/gtwizard_ultrascale_v1_7_10_gtye4_cpll_cal_tx_i/bufg_gt_txoutclkmon_inst' is LOCed to site 'BUFG_GT_X1Y32'. Using a LOC constraint to assign the placement of a Global Clock Buffer can result in sub-optimal placement results.
Resolution: Remove the LOC constraint and use the CLOCK_REGION constraint to assign a Global Clock Buffer to a CLOCK_REGION.
WARNING: [Constraints 18-4434] Global Clock Buffer 'level0_i/blp/blp_i/ss_hif/inst/pcie/inst/bd_39ab_pcie_0_gt_top_i/diablo_gt.diablo_gt_phy_wrapper/gt_wizard.gtwizard_top_i/bd_39ab_pcie_0_gt_i/inst/gen_gtwizard_gtye4_top.bd_39ab_pcie_0_gt_gtwizard_gtye4_inst/gen_gtwizard_gtye4.gen_cpll_cal_gtye4.gen_cpll_cal_inst[6].gen_inst_cpll_cal.gtwizard_ultrascale_v1_7_10_gtye4_cpll_cal_inst/gtwizard_ultrascale_v1_7_10_gtye4_cpll_cal_tx_i/bufg_gt_txoutclkmon_inst' is LOCed to site 'BUFG_GT_X1Y31'. Using a LOC constraint to assign the placement of a Global Clock Buffer can result in sub-optimal placement results.
Resolution: Remove the LOC constraint and use the CLOCK_REGION constraint to assign a Global Clock Buffer to a CLOCK_REGION.
WARNING: [Constraints 18-4434] Global Clock Buffer 'level0_i/blp/blp_i/ss_hif/inst/pcie/inst/bd_39ab_pcie_0_gt_top_i/diablo_gt.diablo_gt_phy_wrapper/gt_wizard.gtwizard_top_i/bd_39ab_pcie_0_gt_i/inst/gen_gtwizard_gtye4_top.bd_39ab_pcie_0_gt_gtwizard_gtye4_inst/gen_gtwizard_gtye4.gen_cpll_cal_gtye4.gen_cpll_cal_inst[7].gen_inst_cpll_cal.gtwizard_ultrascale_v1_7_10_gtye4_cpll_cal_inst/gtwizard_ultrascale_v1_7_10_gtye4_cpll_cal_tx_i/bufg_gt_txoutclkmon_inst' is LOCed to site 'BUFG_GT_X1Y34'. Using a LOC constraint to assign the placement of a Global Clock Buffer can result in sub-optimal placement results.
Resolution: Remove the LOC constraint and use the CLOCK_REGION constraint to assign a Global Clock Buffer to a CLOCK_REGION.
WARNING: [Constraints 18-4434] Global Clock Buffer 'level0_i/blp/blp_i/ss_hif/inst/pcie/inst/bd_39ab_pcie_0_gt_top_i/diablo_gt.diablo_gt_phy_wrapper/gt_wizard.gtwizard_top_i/bd_39ab_pcie_0_gt_i/inst/gen_gtwizard_gtye4_top.bd_39ab_pcie_0_gt_gtwizard_gtye4_inst/gen_gtwizard_gtye4.gen_cpll_cal_gtye4.gen_cpll_cal_inst[8].gen_inst_cpll_cal.gtwizard_ultrascale_v1_7_10_gtye4_cpll_cal_inst/gtwizard_ultrascale_v1_7_10_gtye4_cpll_cal_tx_i/bufg_gt_txoutclkmon_inst' is LOCed to site 'BUFG_GT_X1Y60'. Using a LOC constraint to assign the placement of a Global Clock Buffer can result in sub-optimal placement results.
Resolution: Remove the LOC constraint and use the CLOCK_REGION constraint to assign a Global Clock Buffer to a CLOCK_REGION.
WARNING: [Constraints 18-4434] Global Clock Buffer 'level0_i/blp/blp_i/ss_hif/inst/pcie/inst/bd_39ab_pcie_0_gt_top_i/diablo_gt.diablo_gt_phy_wrapper/gt_wizard.gtwizard_top_i/bd_39ab_pcie_0_gt_i/inst/gen_gtwizard_gtye4_top.bd_39ab_pcie_0_gt_gtwizard_gtye4_inst/gen_gtwizard_gtye4.gen_cpll_cal_gtye4.gen_cpll_cal_inst[9].gen_inst_cpll_cal.gtwizard_ultrascale_v1_7_10_gtye4_cpll_cal_inst/gtwizard_ultrascale_v1_7_10_gtye4_cpll_cal_tx_i/bufg_gt_txoutclkmon_inst' is LOCed to site 'BUFG_GT_X1Y63'. Using a LOC constraint to assign the placement of a Global Clock Buffer can result in sub-optimal placement results.
Resolution: Remove the LOC constraint and use the CLOCK_REGION constraint to assign a Global Clock Buffer to a CLOCK_REGION.
WARNING: [Constraints 18-4434] Global Clock Buffer 'level0_i/blp/blp_i/ss_hif/inst/pcie/inst/bd_39ab_pcie_0_gt_top_i/diablo_gt.diablo_gt_phy_wrapper/phy_clk_i/bufg_gt_coreclk' is LOCed to site 'BUFG_GT_X1Y86'. Using a LOC constraint to assign the placement of a Global Clock Buffer can result in sub-optimal placement results.
Resolution: Remove the LOC constraint and use the CLOCK_REGION constraint to assign a Global Clock Buffer to a CLOCK_REGION.
WARNING: [Constraints 18-4434] Global Clock Buffer 'level0_i/blp/blp_i/ss_hif/inst/pcie/inst/bd_39ab_pcie_0_gt_top_i/diablo_gt.diablo_gt_phy_wrapper/phy_clk_i/bufg_gt_intclk' is LOCed to site 'BUFG_GT_X1Y85'. Using a LOC constraint to assign the placement of a Global Clock Buffer can result in sub-optimal placement results.
Resolution: Remove the LOC constraint and use the CLOCK_REGION constraint to assign a Global Clock Buffer to a CLOCK_REGION.
WARNING: [Constraints 18-4434] Global Clock Buffer 'level0_i/blp/blp_i/ss_hif/inst/pcie/inst/bd_39ab_pcie_0_gt_top_i/diablo_gt.diablo_gt_phy_wrapper/phy_clk_i/bufg_gt_mcapclk' is LOCed to site 'BUFG_GT_X1Y94'. Using a LOC constraint to assign the placement of a Global Clock Buffer can result in sub-optimal placement results.
Resolution: Remove the LOC constraint and use the CLOCK_REGION constraint to assign a Global Clock Buffer to a CLOCK_REGION.
WARNING: [Constraints 18-4434] Global Clock Buffer 'level0_i/blp/blp_i/ss_hif/inst/pcie/inst/bd_39ab_pcie_0_gt_top_i/diablo_gt.diablo_gt_phy_wrapper/phy_clk_i/bufg_gt_pclk' is LOCed to site 'BUFG_GT_X1Y93'. Using a LOC constraint to assign the placement of a Global Clock Buffer can result in sub-optimal placement results.
Resolution: Remove the LOC constraint and use the CLOCK_REGION constraint to assign a Global Clock Buffer to a CLOCK_REGION.
WARNING: [Constraints 18-4434] Global Clock Buffer 'level0_i/blp/blp_i/ss_hif/inst/pcie/inst/bd_39ab_pcie_0_gt_top_i/diablo_gt.diablo_gt_phy_wrapper/phy_clk_i/bufg_gt_userclk' is LOCed to site 'BUFG_GT_X1Y92'. Using a LOC constraint to assign the placement of a Global Clock Buffer can result in sub-optimal placement results.
Resolution: Remove the LOC constraint and use the CLOCK_REGION constraint to assign a Global Clock Buffer to a CLOCK_REGION.
WARNING: [Constraints 18-4434] Global Clock Buffer 'level0_i/blp/blp_i/ss_hif/inst/pcie/inst/bufg_gt_sysclk' is LOCed to site 'BUFG_GT_X1Y25'. Using a LOC constraint to assign the placement of a Global Clock Buffer can result in sub-optimal placement results.
Resolution: Remove the LOC constraint and use the CLOCK_REGION constraint to assign a Global Clock Buffer to a CLOCK_REGION.
Parsing XDC File [/home/advent/Desktop/RC19/_x/link/vivado/vpl/prj/prj.gen/my_rm/bd/ulp/ip/ulp_ii_level0_wire_0/bd_0/ip/ip_5/bd_5941_s_ip_axi_ctrl_mgmt_00_0_clocks.xdc] for cell 'level0_i/ulp/ii_level0_wire/inst/pxi_ii_core/inst/s_ip_axi_ctrl_mgmt_00/inst'
WARNING: [Vivado_Tcl 4-921] Waiver ID 'CDC-7' -to list should not be empty. [/home/advent/Desktop/RC19/_x/link/vivado/vpl/prj/prj.gen/my_rm/bd/ulp/ip/ulp_ii_level0_wire_0/bd_0/ip/ip_5/bd_5941_s_ip_axi_ctrl_mgmt_00_0_clocks.xdc:10]
Finished Parsing XDC File [/home/advent/Desktop/RC19/_x/link/vivado/vpl/prj/prj.gen/my_rm/bd/ulp/ip/ulp_ii_level0_wire_0/bd_0/ip/ip_5/bd_5941_s_ip_axi_ctrl_mgmt_00_0_clocks.xdc] for cell 'level0_i/ulp/ii_level0_wire/inst/pxi_ii_core/inst/s_ip_axi_ctrl_mgmt_00/inst'
Parsing XDC File [/home/advent/Desktop/RC19/_x/link/vivado/vpl/prj/prj.gen/my_rm/bd/ulp/ip/ulp_ii_level0_wire_0/bd_0/ip/ip_6/bd_5941_m_ip_axi_ctrl_mgmt_00_0_clocks.xdc] for cell 'level0_i/ulp/ii_level0_wire/inst/pxi_ii_core/inst/m_ip_axi_ctrl_mgmt_00/inst'
WARNING: [Vivado_Tcl 4-921] Waiver ID 'CDC-7' -to list should not be empty. [/home/advent/Desktop/RC19/_x/link/vivado/vpl/prj/prj.gen/my_rm/bd/ulp/ip/ulp_ii_level0_wire_0/bd_0/ip/ip_6/bd_5941_m_ip_axi_ctrl_mgmt_00_0_clocks.xdc:10]
Finished Parsing XDC File [/home/advent/Desktop/RC19/_x/link/vivado/vpl/prj/prj.gen/my_rm/bd/ulp/ip/ulp_ii_level0_wire_0/bd_0/ip/ip_6/bd_5941_m_ip_axi_ctrl_mgmt_00_0_clocks.xdc] for cell 'level0_i/ulp/ii_level0_wire/inst/pxi_ii_core/inst/m_ip_axi_ctrl_mgmt_00/inst'
Parsing XDC File [/home/advent/Desktop/RC19/_x/link/vivado/vpl/prj/prj.gen/my_rm/bd/ulp/ip/ulp_ii_level0_wire_0/bd_0/ip/ip_7/bd_5941_s_ip_axi_ctrl_mgmt_01_0_clocks.xdc] for cell 'level0_i/ulp/ii_level0_wire/inst/pxi_ii_core/inst/s_ip_axi_ctrl_mgmt_01/inst'
WARNING: [Vivado_Tcl 4-921] Waiver ID 'CDC-7' -to list should not be empty. [/home/advent/Desktop/RC19/_x/link/vivado/vpl/prj/prj.gen/my_rm/bd/ulp/ip/ulp_ii_level0_wire_0/bd_0/ip/ip_7/bd_5941_s_ip_axi_ctrl_mgmt_01_0_clocks.xdc:10]
Finished Parsing XDC File [/home/advent/Desktop/RC19/_x/link/vivado/vpl/prj/prj.gen/my_rm/bd/ulp/ip/ulp_ii_level0_wire_0/bd_0/ip/ip_7/bd_5941_s_ip_axi_ctrl_mgmt_01_0_clocks.xdc] for cell 'level0_i/ulp/ii_level0_wire/inst/pxi_ii_core/inst/s_ip_axi_ctrl_mgmt_01/inst'
Parsing XDC File [/home/advent/Desktop/RC19/_x/link/vivado/vpl/prj/prj.gen/my_rm/bd/ulp/ip/ulp_ii_level0_wire_0/bd_0/ip/ip_8/bd_5941_m_ip_axi_ctrl_mgmt_01_0_clocks.xdc] for cell 'level0_i/ulp/ii_level0_wire/inst/pxi_ii_core/inst/m_ip_axi_ctrl_mgmt_01/inst'
WARNING: [Vivado_Tcl 4-921] Waiver ID 'CDC-7' -to list should not be empty. [/home/advent/Desktop/RC19/_x/link/vivado/vpl/prj/prj.gen/my_rm/bd/ulp/ip/ulp_ii_level0_wire_0/bd_0/ip/ip_8/bd_5941_m_ip_axi_ctrl_mgmt_01_0_clocks.xdc:10]
Finished Parsing XDC File [/home/advent/Desktop/RC19/_x/link/vivado/vpl/prj/prj.gen/my_rm/bd/ulp/ip/ulp_ii_level0_wire_0/bd_0/ip/ip_8/bd_5941_m_ip_axi_ctrl_mgmt_01_0_clocks.xdc] for cell 'level0_i/ulp/ii_level0_wire/inst/pxi_ii_core/inst/m_ip_axi_ctrl_mgmt_01/inst'
Parsing XDC File [/home/advent/Desktop/RC19/_x/link/vivado/vpl/prj/prj.gen/my_rm/bd/ulp/ip/ulp_ii_level0_wire_0/bd_0/ip/ip_9/bd_5941_s_ip_axi_ctrl_user_00_0_clocks.xdc] for cell 'level0_i/ulp/ii_level0_wire/inst/pxi_ii_core/inst/s_ip_axi_ctrl_user_00/inst'
WARNING: [Vivado_Tcl 4-921] Waiver ID 'CDC-7' -to list should not be empty. [/home/advent/Desktop/RC19/_x/link/vivado/vpl/prj/prj.gen/my_rm/bd/ulp/ip/ulp_ii_level0_wire_0/bd_0/ip/ip_9/bd_5941_s_ip_axi_ctrl_user_00_0_clocks.xdc:10]
Finished Parsing XDC File [/home/advent/Desktop/RC19/_x/link/vivado/vpl/prj/prj.gen/my_rm/bd/ulp/ip/ulp_ii_level0_wire_0/bd_0/ip/ip_9/bd_5941_s_ip_axi_ctrl_user_00_0_clocks.xdc] for cell 'level0_i/ulp/ii_level0_wire/inst/pxi_ii_core/inst/s_ip_axi_ctrl_user_00/inst'
Parsing XDC File [/home/advent/Desktop/RC19/_x/link/vivado/vpl/prj/prj.gen/my_rm/bd/ulp/ip/ulp_ii_level0_wire_0/bd_0/ip/ip_10/bd_5941_m_ip_axi_ctrl_user_00_0_clocks.xdc] for cell 'level0_i/ulp/ii_level0_wire/inst/pxi_ii_core/inst/m_ip_axi_ctrl_user_00/inst'
WARNING: [Vivado_Tcl 4-921] Waiver ID 'CDC-7' -to list should not be empty. [/home/advent/Desktop/RC19/_x/link/vivado/vpl/prj/prj.gen/my_rm/bd/ulp/ip/ulp_ii_level0_wire_0/bd_0/ip/ip_10/bd_5941_m_ip_axi_ctrl_user_00_0_clocks.xdc:10]
Finished Parsing XDC File [/home/advent/Desktop/RC19/_x/link/vivado/vpl/prj/prj.gen/my_rm/bd/ulp/ip/ulp_ii_level0_wire_0/bd_0/ip/ip_10/bd_5941_m_ip_axi_ctrl_user_00_0_clocks.xdc] for cell 'level0_i/ulp/ii_level0_wire/inst/pxi_ii_core/inst/m_ip_axi_ctrl_user_00/inst'
Parsing XDC File [/home/advent/Desktop/RC19/_x/link/vivado/vpl/prj/prj.gen/my_rm/bd/ulp/ip/ulp_ii_level0_wire_0/bd_0/ip/ip_11/bd_5941_s_ip_axi_ctrl_user_01_0_clocks.xdc] for cell 'level0_i/ulp/ii_level0_wire/inst/pxi_ii_core/inst/s_ip_axi_ctrl_user_01/inst'
WARNING: [Vivado_Tcl 4-921] Waiver ID 'CDC-7' -to list should not be empty. [/home/advent/Desktop/RC19/_x/link/vivado/vpl/prj/prj.gen/my_rm/bd/ulp/ip/ulp_ii_level0_wire_0/bd_0/ip/ip_11/bd_5941_s_ip_axi_ctrl_user_01_0_clocks.xdc:10]
Finished Parsing XDC File [/home/advent/Desktop/RC19/_x/link/vivado/vpl/prj/prj.gen/my_rm/bd/ulp/ip/ulp_ii_level0_wire_0/bd_0/ip/ip_11/bd_5941_s_ip_axi_ctrl_user_01_0_clocks.xdc] for cell 'level0_i/ulp/ii_level0_wire/inst/pxi_ii_core/inst/s_ip_axi_ctrl_user_01/inst'
Parsing XDC File [/home/advent/Desktop/RC19/_x/link/vivado/vpl/prj/prj.gen/my_rm/bd/ulp/ip/ulp_ii_level0_wire_0/bd_0/ip/ip_12/bd_5941_m_ip_axi_ctrl_user_01_0_clocks.xdc] for cell 'level0_i/ulp/ii_level0_wire/inst/pxi_ii_core/inst/m_ip_axi_ctrl_user_01/inst'
WARNING: [Vivado_Tcl 4-921] Waiver ID 'CDC-7' -to list should not be empty. [/home/advent/Desktop/RC19/_x/link/vivado/vpl/prj/prj.gen/my_rm/bd/ulp/ip/ulp_ii_level0_wire_0/bd_0/ip/ip_12/bd_5941_m_ip_axi_ctrl_user_01_0_clocks.xdc:10]
Finished Parsing XDC File [/home/advent/Desktop/RC19/_x/link/vivado/vpl/prj/prj.gen/my_rm/bd/ulp/ip/ulp_ii_level0_wire_0/bd_0/ip/ip_12/bd_5941_m_ip_axi_ctrl_user_01_0_clocks.xdc] for cell 'level0_i/ulp/ii_level0_wire/inst/pxi_ii_core/inst/m_ip_axi_ctrl_user_01/inst'
Parsing XDC File [/home/advent/Desktop/RC19/_x/link/vivado/vpl/prj/prj.gen/my_rm/bd/ulp/ip/ulp_ii_level0_wire_0/bd_0/ip/ip_13/bd_5941_s_ip_axi_ctrl_user_02_0_clocks.xdc] for cell 'level0_i/ulp/ii_level0_wire/inst/pxi_ii_core/inst/s_ip_axi_ctrl_user_02/inst'
WARNING: [Vivado_Tcl 4-921] Waiver ID 'CDC-7' -to list should not be empty. [/home/advent/Desktop/RC19/_x/link/vivado/vpl/prj/prj.gen/my_rm/bd/ulp/ip/ulp_ii_level0_wire_0/bd_0/ip/ip_13/bd_5941_s_ip_axi_ctrl_user_02_0_clocks.xdc:10]
Finished Parsing XDC File [/home/advent/Desktop/RC19/_x/link/vivado/vpl/prj/prj.gen/my_rm/bd/ulp/ip/ulp_ii_level0_wire_0/bd_0/ip/ip_13/bd_5941_s_ip_axi_ctrl_user_02_0_clocks.xdc] for cell 'level0_i/ulp/ii_level0_wire/inst/pxi_ii_core/inst/s_ip_axi_ctrl_user_02/inst'
Parsing XDC File [/home/advent/Desktop/RC19/_x/link/vivado/vpl/prj/prj.gen/my_rm/bd/ulp/ip/ulp_ii_level0_wire_0/bd_0/ip/ip_14/bd_5941_m_ip_axi_ctrl_user_02_0_clocks.xdc] for cell 'level0_i/ulp/ii_level0_wire/inst/pxi_ii_core/inst/m_ip_axi_ctrl_user_02/inst'
WARNING: [Vivado_Tcl 4-921] Waiver ID 'CDC-7' -to list should not be empty. [/home/advent/Desktop/RC19/_x/link/vivado/vpl/prj/prj.gen/my_rm/bd/ulp/ip/ulp_ii_level0_wire_0/bd_0/ip/ip_14/bd_5941_m_ip_axi_ctrl_user_02_0_clocks.xdc:10]
Finished Parsing XDC File [/home/advent/Desktop/RC19/_x/link/vivado/vpl/prj/prj.gen/my_rm/bd/ulp/ip/ulp_ii_level0_wire_0/bd_0/ip/ip_14/bd_5941_m_ip_axi_ctrl_user_02_0_clocks.xdc] for cell 'level0_i/ulp/ii_level0_wire/inst/pxi_ii_core/inst/m_ip_axi_ctrl_user_02/inst'
Parsing XDC File [/home/advent/Desktop/RC19/_x/link/vivado/vpl/prj/prj.gen/my_rm/bd/ulp/ip/ulp_ii_level0_wire_0/bd_0/ip/ip_15/bd_5941_s_ip_axi_ctrl_user_03_0_clocks.xdc] for cell 'level0_i/ulp/ii_level0_wire/inst/pxi_ii_core/inst/s_ip_axi_ctrl_user_03/inst'
WARNING: [Vivado_Tcl 4-921] Waiver ID 'CDC-7' -to list should not be empty. [/home/advent/Desktop/RC19/_x/link/vivado/vpl/prj/prj.gen/my_rm/bd/ulp/ip/ulp_ii_level0_wire_0/bd_0/ip/ip_15/bd_5941_s_ip_axi_ctrl_user_03_0_clocks.xdc:10]
Finished Parsing XDC File [/home/advent/Desktop/RC19/_x/link/vivado/vpl/prj/prj.gen/my_rm/bd/ulp/ip/ulp_ii_level0_wire_0/bd_0/ip/ip_15/bd_5941_s_ip_axi_ctrl_user_03_0_clocks.xdc] for cell 'level0_i/ulp/ii_level0_wire/inst/pxi_ii_core/inst/s_ip_axi_ctrl_user_03/inst'
Parsing XDC File [/home/advent/Desktop/RC19/_x/link/vivado/vpl/prj/prj.gen/my_rm/bd/ulp/ip/ulp_ii_level0_wire_0/bd_0/ip/ip_16/bd_5941_m_ip_axi_ctrl_user_03_0_clocks.xdc] for cell 'level0_i/ulp/ii_level0_wire/inst/pxi_ii_core/inst/m_ip_axi_ctrl_user_03/inst'
WARNING: [Vivado_Tcl 4-921] Waiver ID 'CDC-7' -to list should not be empty. [/home/advent/Desktop/RC19/_x/link/vivado/vpl/prj/prj.gen/my_rm/bd/ulp/ip/ulp_ii_level0_wire_0/bd_0/ip/ip_16/bd_5941_m_ip_axi_ctrl_user_03_0_clocks.xdc:10]
Finished Parsing XDC File [/home/advent/Desktop/RC19/_x/link/vivado/vpl/prj/prj.gen/my_rm/bd/ulp/ip/ulp_ii_level0_wire_0/bd_0/ip/ip_16/bd_5941_m_ip_axi_ctrl_user_03_0_clocks.xdc] for cell 'level0_i/ulp/ii_level0_wire/inst/pxi_ii_core/inst/m_ip_axi_ctrl_user_03/inst'
Parsing XDC File [/home/advent/Desktop/RC19/_x/link/vivado/vpl/prj/prj.gen/my_rm/bd/ulp/ip/ulp_ii_level0_wire_0/bd_0/ip/ip_17/bd_5941_s_ip_axi_data_c2h_00_0_clocks.xdc] for cell 'level0_i/ulp/ii_level0_wire/inst/pxi_ii_core/inst/s_ip_axi_data_c2h_00/inst'
WARNING: [Vivado_Tcl 4-921] Waiver ID 'CDC-7' -to list should not be empty. [/home/advent/Desktop/RC19/_x/link/vivado/vpl/prj/prj.gen/my_rm/bd/ulp/ip/ulp_ii_level0_wire_0/bd_0/ip/ip_17/bd_5941_s_ip_axi_data_c2h_00_0_clocks.xdc:10]
Finished Parsing XDC File [/home/advent/Desktop/RC19/_x/link/vivado/vpl/prj/prj.gen/my_rm/bd/ulp/ip/ulp_ii_level0_wire_0/bd_0/ip/ip_17/bd_5941_s_ip_axi_data_c2h_00_0_clocks.xdc] for cell 'level0_i/ulp/ii_level0_wire/inst/pxi_ii_core/inst/s_ip_axi_data_c2h_00/inst'
Parsing XDC File [/home/advent/Desktop/RC19/_x/link/vivado/vpl/prj/prj.gen/my_rm/bd/ulp/ip/ulp_ii_level0_wire_0/bd_0/ip/ip_18/bd_5941_m_ip_axi_data_c2h_00_0_clocks.xdc] for cell 'level0_i/ulp/ii_level0_wire/inst/pxi_ii_core/inst/m_ip_axi_data_c2h_00/inst'
WARNING: [Vivado_Tcl 4-921] Waiver ID 'CDC-7' -to list should not be empty. [/home/advent/Desktop/RC19/_x/link/vivado/vpl/prj/prj.gen/my_rm/bd/ulp/ip/ulp_ii_level0_wire_0/bd_0/ip/ip_18/bd_5941_m_ip_axi_data_c2h_00_0_clocks.xdc:10]
Finished Parsing XDC File [/home/advent/Desktop/RC19/_x/link/vivado/vpl/prj/prj.gen/my_rm/bd/ulp/ip/ulp_ii_level0_wire_0/bd_0/ip/ip_18/bd_5941_m_ip_axi_data_c2h_00_0_clocks.xdc] for cell 'level0_i/ulp/ii_level0_wire/inst/pxi_ii_core/inst/m_ip_axi_data_c2h_00/inst'
Parsing XDC File [/home/advent/Desktop/RC19/_x/link/vivado/vpl/prj/prj.gen/my_rm/bd/ulp/ip/ulp_ii_level0_wire_0/bd_0/ip/ip_19/bd_5941_s_ip_axi_data_h2c_00_0_clocks.xdc] for cell 'level0_i/ulp/ii_level0_wire/inst/pxi_ii_core/inst/s_ip_axi_data_h2c_00/inst'
WARNING: [Vivado_Tcl 4-921] Waiver ID 'CDC-7' -to list should not be empty. [/home/advent/Desktop/RC19/_x/link/vivado/vpl/prj/prj.gen/my_rm/bd/ulp/ip/ulp_ii_level0_wire_0/bd_0/ip/ip_19/bd_5941_s_ip_axi_data_h2c_00_0_clocks.xdc:10]
Finished Parsing XDC File [/home/advent/Desktop/RC19/_x/link/vivado/vpl/prj/prj.gen/my_rm/bd/ulp/ip/ulp_ii_level0_wire_0/bd_0/ip/ip_19/bd_5941_s_ip_axi_data_h2c_00_0_clocks.xdc] for cell 'level0_i/ulp/ii_level0_wire/inst/pxi_ii_core/inst/s_ip_axi_data_h2c_00/inst'
Parsing XDC File [/home/advent/Desktop/RC19/_x/link/vivado/vpl/prj/prj.gen/my_rm/bd/ulp/ip/ulp_ii_level0_wire_0/bd_0/ip/ip_20/bd_5941_m_ip_axi_data_h2c_00_0_clocks.xdc] for cell 'level0_i/ulp/ii_level0_wire/inst/pxi_ii_core/inst/m_ip_axi_data_h2c_00/inst'
WARNING: [Vivado_Tcl 4-921] Waiver ID 'CDC-7' -to list should not be empty. [/home/advent/Desktop/RC19/_x/link/vivado/vpl/prj/prj.gen/my_rm/bd/ulp/ip/ulp_ii_level0_wire_0/bd_0/ip/ip_20/bd_5941_m_ip_axi_data_h2c_00_0_clocks.xdc:10]
Finished Parsing XDC File [/home/advent/Desktop/RC19/_x/link/vivado/vpl/prj/prj.gen/my_rm/bd/ulp/ip/ulp_ii_level0_wire_0/bd_0/ip/ip_20/bd_5941_m_ip_axi_data_h2c_00_0_clocks.xdc] for cell 'level0_i/ulp/ii_level0_wire/inst/pxi_ii_core/inst/m_ip_axi_data_h2c_00/inst'
Parsing XDC File [/home/advent/Desktop/RC19/_x/link/vivado/vpl/prj/prj.gen/my_rm/bd/ulp/ip/ulp_ulp_cmp_0/bd_1/ip/ip_0/constraints/axi_jtag.xdc] for cell 'level0_i/ulp/ulp_cmp/inst/user_debug_bridge/inst/axi_jtag/inst'
Finished Parsing XDC File [/home/advent/Desktop/RC19/_x/link/vivado/vpl/prj/prj.gen/my_rm/bd/ulp/ip/ulp_ulp_cmp_0/bd_1/ip/ip_0/constraints/axi_jtag.xdc] for cell 'level0_i/ulp/ulp_cmp/inst/user_debug_bridge/inst/axi_jtag/inst'
Parsing XDC File [/home/advent/Desktop/RC19/_x/link/vivado/vpl/prj/prj.gen/my_rm/bd/ulp/ip/ulp_ulp_cmp_0/bd_1/ip/ip_1/constraints/bsip.xdc] for cell 'level0_i/ulp/ulp_cmp/inst/user_debug_bridge/inst/bsip/inst'
Finished Parsing XDC File [/home/advent/Desktop/RC19/_x/link/vivado/vpl/prj/prj.gen/my_rm/bd/ulp/ip/ulp_ulp_cmp_0/bd_1/ip/ip_1/constraints/bsip.xdc] for cell 'level0_i/ulp/ulp_cmp/inst/user_debug_bridge/inst/bsip/inst'
Parsing XDC File [/home/advent/Desktop/RC19/_x/link/vivado/vpl/prj/prj.gen/my_rm/bd/ulp/ip/ulp_ulp_cmp_0/bd_2/ip/ip_0/constraints/xsdbm_cc_late.xdc] for cell 'level0_i/ulp/ulp_cmp/inst/user_debug_hub/inst/xsdbm/inst'
Finished Parsing XDC File [/home/advent/Desktop/RC19/_x/link/vivado/vpl/prj/prj.gen/my_rm/bd/ulp/ip/ulp_ulp_cmp_0/bd_2/ip/ip_0/constraints/xsdbm_cc_late.xdc] for cell 'level0_i/ulp/ulp_cmp/inst/user_debug_hub/inst/xsdbm/inst'
Parsing XDC File [/home/advent/Desktop/RC19/_x/link/vivado/vpl/prj/prj.gen/my_rm/bd/ulp/ip/ulp_ulp_cmp_0/bd_2/ip/ip_0/constraints/xsdbm_gc_late.xdc] for cell 'level0_i/ulp/ulp_cmp/inst/user_debug_hub/inst/xsdbm/inst'
Finished Parsing XDC File [/home/advent/Desktop/RC19/_x/link/vivado/vpl/prj/prj.gen/my_rm/bd/ulp/ip/ulp_ulp_cmp_0/bd_2/ip/ip_0/constraints/xsdbm_gc_late.xdc] for cell 'level0_i/ulp/ulp_cmp/inst/user_debug_hub/inst/xsdbm/inst'
Parsing XDC File [/home/advent/Desktop/RC19/_x/link/vivado/vpl/prj/prj.gen/my_rm/bd/ulp/ip/ulp_ulp_cmp_0/ulp_ulp_cmp_0.xdc] for cell 'level0_i/ulp/ulp_cmp/inst'
Finished Parsing XDC File [/home/advent/Desktop/RC19/_x/link/vivado/vpl/prj/prj.gen/my_rm/bd/ulp/ip/ulp_ulp_cmp_0/ulp_ulp_cmp_0.xdc] for cell 'level0_i/ulp/ulp_cmp/inst'
Parsing XDC File [/home/advent/Desktop/RC19/_x/link/vivado/vpl/prj/prj.gen/my_rm/bd/ulp/ip/ulp_ulp_ucs_0/bd_0/ip/ip_46/bd_22c0_clkwiz_hbm_0_late.xdc] for cell 'level0_i/ulp/ulp_ucs/inst/aclk_hbm_hierarchy/clkwiz_hbm/inst'
Finished Parsing XDC File [/home/advent/Desktop/RC19/_x/link/vivado/vpl/prj/prj.gen/my_rm/bd/ulp/ip/ulp_ulp_ucs_0/bd_0/ip/ip_46/bd_22c0_clkwiz_hbm_0_late.xdc] for cell 'level0_i/ulp/ulp_ucs/inst/aclk_hbm_hierarchy/clkwiz_hbm/inst'
Parsing XDC File [/home/advent/Desktop/RC19/_x/link/vivado/vpl/prj/prj.gen/my_rm/bd/ulp/ip/ulp_ulp_ucs_0/bd_0/ip/ip_93/bd_22c0_auto_cc_0_clocks.xdc] for cell 'level0_i/ulp/ulp_ucs/inst/frequency_counters/axi_ic_ctrl_mgmt_freq/s00_couplers/auto_cc/inst'
WARNING: [Vivado_Tcl 4-921] Waiver ID 'CDC-10' -to list should not be empty. [/home/advent/Desktop/RC19/_x/link/vivado/vpl/prj/prj.gen/my_rm/bd/ulp/ip/ulp_ulp_ucs_0/bd_0/ip/ip_93/bd_22c0_auto_cc_0_clocks.xdc:7]
WARNING: [Vivado_Tcl 4-921] Waiver ID 'CDC-11' -to list should not be empty. [/home/advent/Desktop/RC19/_x/link/vivado/vpl/prj/prj.gen/my_rm/bd/ulp/ip/ulp_ulp_ucs_0/bd_0/ip/ip_93/bd_22c0_auto_cc_0_clocks.xdc:10]
WARNING: [Vivado_Tcl 4-921] Waiver ID 'CDC-15' -to list should not be empty. [/home/advent/Desktop/RC19/_x/link/vivado/vpl/prj/prj.gen/my_rm/bd/ulp/ip/ulp_ulp_ucs_0/bd_0/ip/ip_93/bd_22c0_auto_cc_0_clocks.xdc:13]
WARNING: [Vivado_Tcl 4-939] Waiver ID 'LUTAR-1' object list should not be empty (perhaps an invalid wildcard was used or only unsupported objects). [/home/advent/Desktop/RC19/_x/link/vivado/vpl/prj/prj.gen/my_rm/bd/ulp/ip/ulp_ulp_ucs_0/bd_0/ip/ip_93/bd_22c0_auto_cc_0_clocks.xdc:17]
Finished Parsing XDC File [/home/advent/Desktop/RC19/_x/link/vivado/vpl/prj/prj.gen/my_rm/bd/ulp/ip/ulp_ulp_ucs_0/bd_0/ip/ip_93/bd_22c0_auto_cc_0_clocks.xdc] for cell 'level0_i/ulp/ulp_ucs/inst/frequency_counters/axi_ic_ctrl_mgmt_freq/s00_couplers/auto_cc/inst'
Parsing XDC File [/home/advent/Desktop/RC19/_x/link/vivado/vpl/prj/prj.gen/my_rm/bd/ulp/ip/ulp_ulp_ucs_0/bd_0/ip/ip_59/bd_22c0_clkwiz_aclk_kernel_00_0_late.xdc] for cell 'level0_i/ulp/ulp_ucs/inst/aclk_kernel_00_hierarchy/clkwiz_aclk_kernel_00/inst'
Finished Parsing XDC File [/home/advent/Desktop/RC19/_x/link/vivado/vpl/prj/prj.gen/my_rm/bd/ulp/ip/ulp_ulp_ucs_0/bd_0/ip/ip_59/bd_22c0_clkwiz_aclk_kernel_00_0_late.xdc] for cell 'level0_i/ulp/ulp_ucs/inst/aclk_kernel_00_hierarchy/clkwiz_aclk_kernel_00/inst'
Parsing XDC File [/home/advent/Desktop/RC19/_x/link/vivado/vpl/prj/prj.gen/my_rm/bd/ulp/ip/ulp_ulp_ucs_0/bd_0/ip/ip_60/bd_22c0_clock_throttling_aclk_kernel_00_0.xdc] for cell 'level0_i/ulp/ulp_ucs/inst/aclk_kernel_00_hierarchy/clock_throttling_aclk_kernel_00/U0'
Finished Parsing XDC File [/home/advent/Desktop/RC19/_x/link/vivado/vpl/prj/prj.gen/my_rm/bd/ulp/ip/ulp_ulp_ucs_0/bd_0/ip/ip_60/bd_22c0_clock_throttling_aclk_kernel_00_0.xdc] for cell 'level0_i/ulp/ulp_ucs/inst/aclk_kernel_00_hierarchy/clock_throttling_aclk_kernel_00/U0'
Parsing XDC File [/home/advent/Desktop/RC19/_x/link/vivado/vpl/prj/prj.gen/my_rm/bd/ulp/ip/ulp_ulp_ucs_0/bd_0/ip/ip_77/bd_22c0_clkwiz_aclk_kernel_01_0_late.xdc] for cell 'level0_i/ulp/ulp_ucs/inst/aclk_kernel_01_hierarchy/clkwiz_aclk_kernel_01/inst'
Finished Parsing XDC File [/home/advent/Desktop/RC19/_x/link/vivado/vpl/prj/prj.gen/my_rm/bd/ulp/ip/ulp_ulp_ucs_0/bd_0/ip/ip_77/bd_22c0_clkwiz_aclk_kernel_01_0_late.xdc] for cell 'level0_i/ulp/ulp_ucs/inst/aclk_kernel_01_hierarchy/clkwiz_aclk_kernel_01/inst'
Parsing XDC File [/home/advent/Desktop/RC19/_x/link/vivado/vpl/prj/prj.gen/my_rm/bd/ulp/ip/ulp_ulp_ucs_0/bd_0/ip/ip_78/bd_22c0_clock_throttling_aclk_kernel_01_0.xdc] for cell 'level0_i/ulp/ulp_ucs/inst/aclk_kernel_01_hierarchy/clock_throttling_aclk_kernel_01/U0'
Finished Parsing XDC File [/home/advent/Desktop/RC19/_x/link/vivado/vpl/prj/prj.gen/my_rm/bd/ulp/ip/ulp_ulp_ucs_0/bd_0/ip/ip_78/bd_22c0_clock_throttling_aclk_kernel_01_0.xdc] for cell 'level0_i/ulp/ulp_ucs/inst/aclk_kernel_01_hierarchy/clock_throttling_aclk_kernel_01/U0'
Parsing XDC File [/home/advent/Desktop/RC19/_x/link/vivado/vpl/prj/prj.gen/my_rm/bd/ulp/ip/ulp_ulp_ucs_0/ulp_ulp_ucs_0.xdc] for cell 'level0_i/ulp/ulp_ucs/inst'
Finished Parsing XDC File [/home/advent/Desktop/RC19/_x/link/vivado/vpl/prj/prj.gen/my_rm/bd/ulp/ip/ulp_ulp_ucs_0/ulp_ulp_ucs_0.xdc] for cell 'level0_i/ulp/ulp_ucs/inst'
Parsing XDC File [/home/advent/Desktop/RC19/_x/link/vivado/vpl/prj/prj.gen/my_rm/bd/ulp/ip/ulp_proc_sys_reset_ctrl_slr0_0/ulp_proc_sys_reset_ctrl_slr0_0_slr.xdc] for cell 'level0_i/ulp/proc_sys_reset_ctrl_slr0/U0'
INFO: [Vivado 12-3520] Assignment of 'EXT_LPF, SEQ, VCC, PR_OUT_DFF[0].FDRE_PER, GND, FDRE_inst, ACTIVE_LOW_BSR_OUT_DFF[0].FDRE_BSR_N, ACTIVE_LOW_PR_OUT_DFF[0].FDRE_PER_N, and BSR_OUT_DFF[0].FDRE_BSR' to a pblock 'pblock_dynamic_SLR0' means that all children of 'proc_sys_reset_ctrl_slr0' are in the pblock. Changing the pblock assignment to 'proc_sys_reset_ctrl_slr0'. [/home/advent/Desktop/RC19/_x/link/vivado/vpl/prj/prj.gen/my_rm/bd/ulp/ip/ulp_proc_sys_reset_ctrl_slr0_0/ulp_proc_sys_reset_ctrl_slr0_0_slr.xdc:55]
Finished Parsing XDC File [/home/advent/Desktop/RC19/_x/link/vivado/vpl/prj/prj.gen/my_rm/bd/ulp/ip/ulp_proc_sys_reset_ctrl_slr0_0/ulp_proc_sys_reset_ctrl_slr0_0_slr.xdc] for cell 'level0_i/ulp/proc_sys_reset_ctrl_slr0/U0'
Parsing XDC File [/home/advent/Desktop/RC19/_x/link/vivado/vpl/prj/prj.gen/my_rm/bd/ulp/ip/ulp_proc_sys_reset_ctrl_slr1_0/ulp_proc_sys_reset_ctrl_slr1_0_slr.xdc] for cell 'level0_i/ulp/proc_sys_reset_ctrl_slr1/U0'
INFO: [Vivado 12-3520] Assignment of 'BSR_OUT_DFF[0].FDRE_BSR, EXT_LPF, ACTIVE_LOW_PR_OUT_DFF[0].FDRE_PER_N, ACTIVE_LOW_BSR_OUT_DFF[0].FDRE_BSR_N, FDRE_inst, GND, PR_OUT_DFF[0].FDRE_PER, SEQ, and VCC' to a pblock 'pblock_dynamic_SLR1' means that all children of 'proc_sys_reset_ctrl_slr1' are in the pblock. Changing the pblock assignment to 'proc_sys_reset_ctrl_slr1'. [/home/advent/Desktop/RC19/_x/link/vivado/vpl/prj/prj.gen/my_rm/bd/ulp/ip/ulp_proc_sys_reset_ctrl_slr1_0/ulp_proc_sys_reset_ctrl_slr1_0_slr.xdc:55]
Finished Parsing XDC File [/home/advent/Desktop/RC19/_x/link/vivado/vpl/prj/prj.gen/my_rm/bd/ulp/ip/ulp_proc_sys_reset_ctrl_slr1_0/ulp_proc_sys_reset_ctrl_slr1_0_slr.xdc] for cell 'level0_i/ulp/proc_sys_reset_ctrl_slr1/U0'
Parsing XDC File [/home/advent/Desktop/RC19/_x/link/vivado/vpl/prj/prj.gen/my_rm/bd/ulp/ip/ulp_proc_sys_reset_ctrl_slr2_0/ulp_proc_sys_reset_ctrl_slr2_0_slr.xdc] for cell 'level0_i/ulp/proc_sys_reset_ctrl_slr2/U0'
INFO: [Vivado 12-3520] Assignment of 'BSR_OUT_DFF[0].FDRE_BSR, EXT_LPF, ACTIVE_LOW_PR_OUT_DFF[0].FDRE_PER_N, ACTIVE_LOW_BSR_OUT_DFF[0].FDRE_BSR_N, FDRE_inst, GND, PR_OUT_DFF[0].FDRE_PER, SEQ, and VCC' to a pblock 'pblock_dynamic_SLR2' means that all children of 'proc_sys_reset_ctrl_slr2' are in the pblock. Changing the pblock assignment to 'proc_sys_reset_ctrl_slr2'. [/home/advent/Desktop/RC19/_x/link/vivado/vpl/prj/prj.gen/my_rm/bd/ulp/ip/ulp_proc_sys_reset_ctrl_slr2_0/ulp_proc_sys_reset_ctrl_slr2_0_slr.xdc:55]
Finished Parsing XDC File [/home/advent/Desktop/RC19/_x/link/vivado/vpl/prj/prj.gen/my_rm/bd/ulp/ip/ulp_proc_sys_reset_ctrl_slr2_0/ulp_proc_sys_reset_ctrl_slr2_0_slr.xdc] for cell 'level0_i/ulp/proc_sys_reset_ctrl_slr2/U0'
Parsing XDC File [/home/advent/Desktop/RC19/_x/link/vivado/vpl/prj/prj.gen/my_rm/bd/ulp/ip/ulp_proc_sys_reset_kernel_slr0_0/ulp_proc_sys_reset_kernel_slr0_0_slr.xdc] for cell 'level0_i/ulp/proc_sys_reset_kernel_slr0/U0'
INFO: [Vivado 12-3520] Assignment of 'BSR_OUT_DFF[0].FDRE_BSR, EXT_LPF, ACTIVE_LOW_PR_OUT_DFF[0].FDRE_PER_N, ACTIVE_LOW_BSR_OUT_DFF[0].FDRE_BSR_N, FDRE_inst, GND, PR_OUT_DFF[0].FDRE_PER, SEQ, and VCC' to a pblock 'pblock_dynamic_SLR0' means that all children of 'proc_sys_reset_kernel_slr0' are in the pblock. Changing the pblock assignment to 'proc_sys_reset_kernel_slr0'. [/home/advent/Desktop/RC19/_x/link/vivado/vpl/prj/prj.gen/my_rm/bd/ulp/ip/ulp_proc_sys_reset_kernel_slr0_0/ulp_proc_sys_reset_kernel_slr0_0_slr.xdc:55]
Finished Parsing XDC File [/home/advent/Desktop/RC19/_x/link/vivado/vpl/prj/prj.gen/my_rm/bd/ulp/ip/ulp_proc_sys_reset_kernel_slr0_0/ulp_proc_sys_reset_kernel_slr0_0_slr.xdc] for cell 'level0_i/ulp/proc_sys_reset_kernel_slr0/U0'
Parsing XDC File [/home/advent/Desktop/RC19/_x/link/vivado/vpl/prj/prj.gen/my_rm/bd/ulp/ip/ulp_proc_sys_reset_kernel_slr1_0/ulp_proc_sys_reset_kernel_slr1_0_slr.xdc] for cell 'level0_i/ulp/proc_sys_reset_kernel_slr1/U0'
INFO: [Vivado 12-3520] Assignment of 'BSR_OUT_DFF[0].FDRE_BSR, EXT_LPF, ACTIVE_LOW_PR_OUT_DFF[0].FDRE_PER_N, ACTIVE_LOW_BSR_OUT_DFF[0].FDRE_BSR_N, FDRE_inst, GND, PR_OUT_DFF[0].FDRE_PER, SEQ, and VCC' to a pblock 'pblock_dynamic_SLR1' means that all children of 'proc_sys_reset_kernel_slr1' are in the pblock. Changing the pblock assignment to 'proc_sys_reset_kernel_slr1'. [/home/advent/Desktop/RC19/_x/link/vivado/vpl/prj/prj.gen/my_rm/bd/ulp/ip/ulp_proc_sys_reset_kernel_slr1_0/ulp_proc_sys_reset_kernel_slr1_0_slr.xdc:55]
Finished Parsing XDC File [/home/advent/Desktop/RC19/_x/link/vivado/vpl/prj/prj.gen/my_rm/bd/ulp/ip/ulp_proc_sys_reset_kernel_slr1_0/ulp_proc_sys_reset_kernel_slr1_0_slr.xdc] for cell 'level0_i/ulp/proc_sys_reset_kernel_slr1/U0'
Parsing XDC File [/home/advent/Desktop/RC19/_x/link/vivado/vpl/prj/prj.gen/my_rm/bd/ulp/ip/ulp_proc_sys_reset_kernel_slr2_0/ulp_proc_sys_reset_kernel_slr2_0_slr.xdc] for cell 'level0_i/ulp/proc_sys_reset_kernel_slr2/U0'
INFO: [Vivado 12-3520] Assignment of 'BSR_OUT_DFF[0].FDRE_BSR, EXT_LPF, ACTIVE_LOW_PR_OUT_DFF[0].FDRE_PER_N, ACTIVE_LOW_BSR_OUT_DFF[0].FDRE_BSR_N, FDRE_inst, GND, PR_OUT_DFF[0].FDRE_PER, SEQ, and VCC' to a pblock 'pblock_dynamic_SLR2' means that all children of 'proc_sys_reset_kernel_slr2' are in the pblock. Changing the pblock assignment to 'proc_sys_reset_kernel_slr2'. [/home/advent/Desktop/RC19/_x/link/vivado/vpl/prj/prj.gen/my_rm/bd/ulp/ip/ulp_proc_sys_reset_kernel_slr2_0/ulp_proc_sys_reset_kernel_slr2_0_slr.xdc:55]
Finished Parsing XDC File [/home/advent/Desktop/RC19/_x/link/vivado/vpl/prj/prj.gen/my_rm/bd/ulp/ip/ulp_proc_sys_reset_kernel_slr2_0/ulp_proc_sys_reset_kernel_slr2_0_slr.xdc] for cell 'level0_i/ulp/proc_sys_reset_kernel_slr2/U0'
Parsing XDC File [/home/advent/Desktop/RC19/_x/link/vivado/vpl/prj/prj.gen/my_rm/bd/ulp/ip/ulp_proc_sys_reset_kernel2_slr0_0/ulp_proc_sys_reset_kernel2_slr0_0_slr.xdc] for cell 'level0_i/ulp/proc_sys_reset_kernel2_slr0/U0'
INFO: [Vivado 12-3520] Assignment of 'EXT_LPF, ACTIVE_LOW_PR_OUT_DFF[0].FDRE_PER_N, BSR_OUT_DFF[0].FDRE_BSR, ACTIVE_LOW_BSR_OUT_DFF[0].FDRE_BSR_N, FDRE_inst, GND, PR_OUT_DFF[0].FDRE_PER, SEQ, and VCC' to a pblock 'pblock_dynamic_SLR0' means that all children of 'proc_sys_reset_kernel2_slr0' are in the pblock. Changing the pblock assignment to 'proc_sys_reset_kernel2_slr0'. [/home/advent/Desktop/RC19/_x/link/vivado/vpl/prj/prj.gen/my_rm/bd/ulp/ip/ulp_proc_sys_reset_kernel2_slr0_0/ulp_proc_sys_reset_kernel2_slr0_0_slr.xdc:55]
Finished Parsing XDC File [/home/advent/Desktop/RC19/_x/link/vivado/vpl/prj/prj.gen/my_rm/bd/ulp/ip/ulp_proc_sys_reset_kernel2_slr0_0/ulp_proc_sys_reset_kernel2_slr0_0_slr.xdc] for cell 'level0_i/ulp/proc_sys_reset_kernel2_slr0/U0'
Parsing XDC File [/home/advent/Desktop/RC19/_x/link/vivado/vpl/prj/prj.gen/my_rm/bd/ulp/ip/ulp_proc_sys_reset_kernel2_slr1_0/ulp_proc_sys_reset_kernel2_slr1_0_slr.xdc] for cell 'level0_i/ulp/proc_sys_reset_kernel2_slr1/U0'
INFO: [Vivado 12-3520] Assignment of 'EXT_LPF, ACTIVE_LOW_PR_OUT_DFF[0].FDRE_PER_N, BSR_OUT_DFF[0].FDRE_BSR, ACTIVE_LOW_BSR_OUT_DFF[0].FDRE_BSR_N, FDRE_inst, GND, PR_OUT_DFF[0].FDRE_PER, SEQ, and VCC' to a pblock 'pblock_dynamic_SLR1' means that all children of 'proc_sys_reset_kernel2_slr1' are in the pblock. Changing the pblock assignment to 'proc_sys_reset_kernel2_slr1'. [/home/advent/Desktop/RC19/_x/link/vivado/vpl/prj/prj.gen/my_rm/bd/ulp/ip/ulp_proc_sys_reset_kernel2_slr1_0/ulp_proc_sys_reset_kernel2_slr1_0_slr.xdc:55]
Finished Parsing XDC File [/home/advent/Desktop/RC19/_x/link/vivado/vpl/prj/prj.gen/my_rm/bd/ulp/ip/ulp_proc_sys_reset_kernel2_slr1_0/ulp_proc_sys_reset_kernel2_slr1_0_slr.xdc] for cell 'level0_i/ulp/proc_sys_reset_kernel2_slr1/U0'
Parsing XDC File [/home/advent/Desktop/RC19/_x/link/vivado/vpl/prj/prj.gen/my_rm/bd/ulp/ip/ulp_proc_sys_reset_kernel2_slr2_0/ulp_proc_sys_reset_kernel2_slr2_0_slr.xdc] for cell 'level0_i/ulp/proc_sys_reset_kernel2_slr2/U0'
INFO: [Vivado 12-3520] Assignment of 'EXT_LPF, ACTIVE_LOW_PR_OUT_DFF[0].FDRE_PER_N, BSR_OUT_DFF[0].FDRE_BSR, ACTIVE_LOW_BSR_OUT_DFF[0].FDRE_BSR_N, FDRE_inst, GND, PR_OUT_DFF[0].FDRE_PER, SEQ, and VCC' to a pblock 'pblock_dynamic_SLR2' means that all children of 'proc_sys_reset_kernel2_slr2' are in the pblock. Changing the pblock assignment to 'proc_sys_reset_kernel2_slr2'. [/home/advent/Desktop/RC19/_x/link/vivado/vpl/prj/prj.gen/my_rm/bd/ulp/ip/ulp_proc_sys_reset_kernel2_slr2_0/ulp_proc_sys_reset_kernel2_slr2_0_slr.xdc:55]
Finished Parsing XDC File [/home/advent/Desktop/RC19/_x/link/vivado/vpl/prj/prj.gen/my_rm/bd/ulp/ip/ulp_proc_sys_reset_kernel2_slr2_0/ulp_proc_sys_reset_kernel2_slr2_0_slr.xdc] for cell 'level0_i/ulp/proc_sys_reset_kernel2_slr2/U0'
Parsing XDC File [/home/advent/Desktop/RC19/_x/link/vivado/vpl/prj/prj.gen/my_rm/bd/ulp/ip/ulp_proc_sys_reset_freerun_slr0_0/ulp_proc_sys_reset_freerun_slr0_0_slr.xdc] for cell 'level0_i/ulp/proc_sys_reset_freerun_slr0/U0'
INFO: [Vivado 12-3520] Assignment of 'EXT_LPF, ACTIVE_LOW_PR_OUT_DFF[0].FDRE_PER_N, BSR_OUT_DFF[0].FDRE_BSR, ACTIVE_LOW_BSR_OUT_DFF[0].FDRE_BSR_N, FDRE_inst, GND, PR_OUT_DFF[0].FDRE_PER, SEQ, and VCC' to a pblock 'pblock_dynamic_SLR0' means that all children of 'proc_sys_reset_freerun_slr0' are in the pblock. Changing the pblock assignment to 'proc_sys_reset_freerun_slr0'. [/home/advent/Desktop/RC19/_x/link/vivado/vpl/prj/prj.gen/my_rm/bd/ulp/ip/ulp_proc_sys_reset_freerun_slr0_0/ulp_proc_sys_reset_freerun_slr0_0_slr.xdc:55]
Finished Parsing XDC File [/home/advent/Desktop/RC19/_x/link/vivado/vpl/prj/prj.gen/my_rm/bd/ulp/ip/ulp_proc_sys_reset_freerun_slr0_0/ulp_proc_sys_reset_freerun_slr0_0_slr.xdc] for cell 'level0_i/ulp/proc_sys_reset_freerun_slr0/U0'
Parsing XDC File [/home/advent/Desktop/RC19/_x/link/vivado/vpl/prj/prj.gen/my_rm/bd/ulp/ip/ulp_proc_sys_reset_freerun_slr1_0/ulp_proc_sys_reset_freerun_slr1_0_slr.xdc] for cell 'level0_i/ulp/proc_sys_reset_freerun_slr1/U0'
INFO: [Vivado 12-3520] Assignment of 'EXT_LPF, ACTIVE_LOW_PR_OUT_DFF[0].FDRE_PER_N, BSR_OUT_DFF[0].FDRE_BSR, ACTIVE_LOW_BSR_OUT_DFF[0].FDRE_BSR_N, FDRE_inst, GND, PR_OUT_DFF[0].FDRE_PER, SEQ, and VCC' to a pblock 'pblock_dynamic_SLR1' means that all children of 'proc_sys_reset_freerun_slr1' are in the pblock. Changing the pblock assignment to 'proc_sys_reset_freerun_slr1'. [/home/advent/Desktop/RC19/_x/link/vivado/vpl/prj/prj.gen/my_rm/bd/ulp/ip/ulp_proc_sys_reset_freerun_slr1_0/ulp_proc_sys_reset_freerun_slr1_0_slr.xdc:55]
Finished Parsing XDC File [/home/advent/Desktop/RC19/_x/link/vivado/vpl/prj/prj.gen/my_rm/bd/ulp/ip/ulp_proc_sys_reset_freerun_slr1_0/ulp_proc_sys_reset_freerun_slr1_0_slr.xdc] for cell 'level0_i/ulp/proc_sys_reset_freerun_slr1/U0'
Parsing XDC File [/home/advent/Desktop/RC19/_x/link/vivado/vpl/prj/prj.gen/my_rm/bd/ulp/ip/ulp_proc_sys_reset_freerun_slr2_0/ulp_proc_sys_reset_freerun_slr2_0_slr.xdc] for cell 'level0_i/ulp/proc_sys_reset_freerun_slr2/U0'
INFO: [Vivado 12-3520] Assignment of 'EXT_LPF, ACTIVE_LOW_PR_OUT_DFF[0].FDRE_PER_N, BSR_OUT_DFF[0].FDRE_BSR, ACTIVE_LOW_BSR_OUT_DFF[0].FDRE_BSR_N, FDRE_inst, GND, PR_OUT_DFF[0].FDRE_PER, SEQ, and VCC' to a pblock 'pblock_dynamic_SLR2' means that all children of 'proc_sys_reset_freerun_slr2' are in the pblock. Changing the pblock assignment to 'proc_sys_reset_freerun_slr2'. [/home/advent/Desktop/RC19/_x/link/vivado/vpl/prj/prj.gen/my_rm/bd/ulp/ip/ulp_proc_sys_reset_freerun_slr2_0/ulp_proc_sys_reset_freerun_slr2_0_slr.xdc:55]
Finished Parsing XDC File [/home/advent/Desktop/RC19/_x/link/vivado/vpl/prj/prj.gen/my_rm/bd/ulp/ip/ulp_proc_sys_reset_freerun_slr2_0/ulp_proc_sys_reset_freerun_slr2_0_slr.xdc] for cell 'level0_i/ulp/proc_sys_reset_freerun_slr2/U0'
Parsing XDC File [/home/advent/Desktop/RC19/_x/link/vivado/vpl/prj/prj.gen/my_rm/bd/ulp/ip/ulp_s00_regslice_15/ulp_s00_regslice_15_clocks.xdc] for cell 'level0_i/ulp/SLR0/interconnect_axilite_user/s00_couplers/s00_regslice/inst'
WARNING: [Vivado_Tcl 4-921] Waiver ID 'CDC-7' -to list should not be empty. [/home/advent/Desktop/RC19/_x/link/vivado/vpl/prj/prj.gen/my_rm/bd/ulp/ip/ulp_s00_regslice_15/ulp_s00_regslice_15_clocks.xdc:10]
Finished Parsing XDC File [/home/advent/Desktop/RC19/_x/link/vivado/vpl/prj/prj.gen/my_rm/bd/ulp/ip/ulp_s00_regslice_15/ulp_s00_regslice_15_clocks.xdc] for cell 'level0_i/ulp/SLR0/interconnect_axilite_user/s00_couplers/s00_regslice/inst'
Parsing XDC File [/home/advent/Desktop/RC19/_x/link/vivado/vpl/prj/prj.gen/my_rm/bd/ulp/ip/ulp_m00_regslice_0/ulp_m00_regslice_0_clocks.xdc] for cell 'level0_i/ulp/SLR0/interconnect_axilite_user/m00_couplers/m00_regslice/inst'
WARNING: [Vivado_Tcl 4-921] Waiver ID 'CDC-7' -to list should not be empty. [/home/advent/Desktop/RC19/_x/link/vivado/vpl/prj/prj.gen/my_rm/bd/ulp/ip/ulp_m00_regslice_0/ulp_m00_regslice_0_clocks.xdc:10]
Finished Parsing XDC File [/home/advent/Desktop/RC19/_x/link/vivado/vpl/prj/prj.gen/my_rm/bd/ulp/ip/ulp_m00_regslice_0/ulp_m00_regslice_0_clocks.xdc] for cell 'level0_i/ulp/SLR0/interconnect_axilite_user/m00_couplers/m00_regslice/inst'
Parsing XDC File [/home/advent/Desktop/RC19/_x/link/vivado/vpl/prj/prj.gen/my_rm/bd/ulp/ip/ulp_auto_cc_0/ulp_auto_cc_0_clocks.xdc] for cell 'level0_i/ulp/SLR0/interconnect_axilite_user/m00_couplers/auto_cc/inst'
WARNING: [Vivado_Tcl 4-921] Waiver ID 'CDC-10' -to list should not be empty. [/home/advent/Desktop/RC19/_x/link/vivado/vpl/prj/prj.gen/my_rm/bd/ulp/ip/ulp_auto_cc_0/ulp_auto_cc_0_clocks.xdc:7]
WARNING: [Vivado_Tcl 4-921] Waiver ID 'CDC-11' -to list should not be empty. [/home/advent/Desktop/RC19/_x/link/vivado/vpl/prj/prj.gen/my_rm/bd/ulp/ip/ulp_auto_cc_0/ulp_auto_cc_0_clocks.xdc:10]
WARNING: [Vivado_Tcl 4-921] Waiver ID 'CDC-15' -to list should not be empty. [/home/advent/Desktop/RC19/_x/link/vivado/vpl/prj/prj.gen/my_rm/bd/ulp/ip/ulp_auto_cc_0/ulp_auto_cc_0_clocks.xdc:13]
WARNING: [Vivado_Tcl 4-939] Waiver ID 'LUTAR-1' object list should not be empty (perhaps an invalid wildcard was used or only unsupported objects). [/home/advent/Desktop/RC19/_x/link/vivado/vpl/prj/prj.gen/my_rm/bd/ulp/ip/ulp_auto_cc_0/ulp_auto_cc_0_clocks.xdc:17]
Finished Parsing XDC File [/home/advent/Desktop/RC19/_x/link/vivado/vpl/prj/prj.gen/my_rm/bd/ulp/ip/ulp_auto_cc_0/ulp_auto_cc_0_clocks.xdc] for cell 'level0_i/ulp/SLR0/interconnect_axilite_user/m00_couplers/auto_cc/inst'
Parsing XDC File [/home/advent/Desktop/RC19/_x/link/vivado/vpl/prj/prj.gen/my_rm/bd/ulp/ip/ulp_m01_regslice_0/ulp_m01_regslice_0_clocks.xdc] for cell 'level0_i/ulp/SLR0/interconnect_axilite_user/m01_couplers/m01_regslice/inst'
WARNING: [Vivado_Tcl 4-921] Waiver ID 'CDC-7' -to list should not be empty. [/home/advent/Desktop/RC19/_x/link/vivado/vpl/prj/prj.gen/my_rm/bd/ulp/ip/ulp_m01_regslice_0/ulp_m01_regslice_0_clocks.xdc:10]
Finished Parsing XDC File [/home/advent/Desktop/RC19/_x/link/vivado/vpl/prj/prj.gen/my_rm/bd/ulp/ip/ulp_m01_regslice_0/ulp_m01_regslice_0_clocks.xdc] for cell 'level0_i/ulp/SLR0/interconnect_axilite_user/m01_couplers/m01_regslice/inst'
Parsing XDC File [/home/advent/Desktop/RC19/_x/link/vivado/vpl/prj/prj.gen/my_rm/bd/ulp/ip/ulp_auto_cc_1/ulp_auto_cc_1_clocks.xdc] for cell 'level0_i/ulp/SLR0/interconnect_axilite_user/m01_couplers/auto_cc/inst'
WARNING: [Vivado_Tcl 4-921] Waiver ID 'CDC-10' -to list should not be empty. [/home/advent/Desktop/RC19/_x/link/vivado/vpl/prj/prj.gen/my_rm/bd/ulp/ip/ulp_auto_cc_1/ulp_auto_cc_1_clocks.xdc:7]
WARNING: [Vivado_Tcl 4-921] Waiver ID 'CDC-11' -to list should not be empty. [/home/advent/Desktop/RC19/_x/link/vivado/vpl/prj/prj.gen/my_rm/bd/ulp/ip/ulp_auto_cc_1/ulp_auto_cc_1_clocks.xdc:10]
WARNING: [Vivado_Tcl 4-921] Waiver ID 'CDC-15' -to list should not be empty. [/home/advent/Desktop/RC19/_x/link/vivado/vpl/prj/prj.gen/my_rm/bd/ulp/ip/ulp_auto_cc_1/ulp_auto_cc_1_clocks.xdc:13]
WARNING: [Vivado_Tcl 4-939] Waiver ID 'LUTAR-1' object list should not be empty (perhaps an invalid wildcard was used or only unsupported objects). [/home/advent/Desktop/RC19/_x/link/vivado/vpl/prj/prj.gen/my_rm/bd/ulp/ip/ulp_auto_cc_1/ulp_auto_cc_1_clocks.xdc:17]
Finished Parsing XDC File [/home/advent/Desktop/RC19/_x/link/vivado/vpl/prj/prj.gen/my_rm/bd/ulp/ip/ulp_auto_cc_1/ulp_auto_cc_1_clocks.xdc] for cell 'level0_i/ulp/SLR0/interconnect_axilite_user/m01_couplers/auto_cc/inst'
Parsing XDC File [/home/advent/Desktop/RC19/_x/link/vivado/vpl/prj/prj.gen/my_rm/bd/ulp/ip/ulp_m02_regslice_0/ulp_m02_regslice_0_clocks.xdc] for cell 'level0_i/ulp/SLR0/interconnect_axilite_user/m02_couplers/m02_regslice/inst'
WARNING: [Vivado_Tcl 4-921] Waiver ID 'CDC-7' -to list should not be empty. [/home/advent/Desktop/RC19/_x/link/vivado/vpl/prj/prj.gen/my_rm/bd/ulp/ip/ulp_m02_regslice_0/ulp_m02_regslice_0_clocks.xdc:10]
Finished Parsing XDC File [/home/advent/Desktop/RC19/_x/link/vivado/vpl/prj/prj.gen/my_rm/bd/ulp/ip/ulp_m02_regslice_0/ulp_m02_regslice_0_clocks.xdc] for cell 'level0_i/ulp/SLR0/interconnect_axilite_user/m02_couplers/m02_regslice/inst'
Parsing XDC File [/home/advent/Desktop/RC19/_x/link/vivado/vpl/prj/prj.gen/my_rm/bd/ulp/ip/ulp_auto_cc_2/ulp_auto_cc_2_clocks.xdc] for cell 'level0_i/ulp/SLR0/interconnect_axilite_user/m02_couplers/auto_cc/inst'
WARNING: [Vivado_Tcl 4-921] Waiver ID 'CDC-10' -to list should not be empty. [/home/advent/Desktop/RC19/_x/link/vivado/vpl/prj/prj.gen/my_rm/bd/ulp/ip/ulp_auto_cc_2/ulp_auto_cc_2_clocks.xdc:7]
WARNING: [Vivado_Tcl 4-921] Waiver ID 'CDC-11' -to list should not be empty. [/home/advent/Desktop/RC19/_x/link/vivado/vpl/prj/prj.gen/my_rm/bd/ulp/ip/ulp_auto_cc_2/ulp_auto_cc_2_clocks.xdc:10]
WARNING: [Vivado_Tcl 4-921] Waiver ID 'CDC-15' -to list should not be empty. [/home/advent/Desktop/RC19/_x/link/vivado/vpl/prj/prj.gen/my_rm/bd/ulp/ip/ulp_auto_cc_2/ulp_auto_cc_2_clocks.xdc:13]
WARNING: [Vivado_Tcl 4-939] Waiver ID 'LUTAR-1' object list should not be empty (perhaps an invalid wildcard was used or only unsupported objects). [/home/advent/Desktop/RC19/_x/link/vivado/vpl/prj/prj.gen/my_rm/bd/ulp/ip/ulp_auto_cc_2/ulp_auto_cc_2_clocks.xdc:17]
Finished Parsing XDC File [/home/advent/Desktop/RC19/_x/link/vivado/vpl/prj/prj.gen/my_rm/bd/ulp/ip/ulp_auto_cc_2/ulp_auto_cc_2_clocks.xdc] for cell 'level0_i/ulp/SLR0/interconnect_axilite_user/m02_couplers/auto_cc/inst'
Parsing XDC File [/home/advent/Desktop/RC19/_x/link/vivado/vpl/prj/prj.gen/my_rm/bd/ulp/ip/ulp_m03_regslice_0/ulp_m03_regslice_0_clocks.xdc] for cell 'level0_i/ulp/SLR0/interconnect_axilite_user/m03_couplers/m03_regslice/inst'
WARNING: [Vivado_Tcl 4-921] Waiver ID 'CDC-7' -to list should not be empty. [/home/advent/Desktop/RC19/_x/link/vivado/vpl/prj/prj.gen/my_rm/bd/ulp/ip/ulp_m03_regslice_0/ulp_m03_regslice_0_clocks.xdc:10]
Finished Parsing XDC File [/home/advent/Desktop/RC19/_x/link/vivado/vpl/prj/prj.gen/my_rm/bd/ulp/ip/ulp_m03_regslice_0/ulp_m03_regslice_0_clocks.xdc] for cell 'level0_i/ulp/SLR0/interconnect_axilite_user/m03_couplers/m03_regslice/inst'
Parsing XDC File [/home/advent/Desktop/RC19/_x/link/vivado/vpl/prj/prj.gen/my_rm/bd/ulp/ip/ulp_auto_cc_3/ulp_auto_cc_3_clocks.xdc] for cell 'level0_i/ulp/SLR0/interconnect_axilite_user/m03_couplers/auto_cc/inst'
WARNING: [Vivado_Tcl 4-921] Waiver ID 'CDC-10' -to list should not be empty. [/home/advent/Desktop/RC19/_x/link/vivado/vpl/prj/prj.gen/my_rm/bd/ulp/ip/ulp_auto_cc_3/ulp_auto_cc_3_clocks.xdc:7]
WARNING: [Vivado_Tcl 4-921] Waiver ID 'CDC-11' -to list should not be empty. [/home/advent/Desktop/RC19/_x/link/vivado/vpl/prj/prj.gen/my_rm/bd/ulp/ip/ulp_auto_cc_3/ulp_auto_cc_3_clocks.xdc:10]
WARNING: [Vivado_Tcl 4-921] Waiver ID 'CDC-15' -to list should not be empty. [/home/advent/Desktop/RC19/_x/link/vivado/vpl/prj/prj.gen/my_rm/bd/ulp/ip/ulp_auto_cc_3/ulp_auto_cc_3_clocks.xdc:13]
WARNING: [Vivado_Tcl 4-939] Waiver ID 'LUTAR-1' object list should not be empty (perhaps an invalid wildcard was used or only unsupported objects). [/home/advent/Desktop/RC19/_x/link/vivado/vpl/prj/prj.gen/my_rm/bd/ulp/ip/ulp_auto_cc_3/ulp_auto_cc_3_clocks.xdc:17]
Finished Parsing XDC File [/home/advent/Desktop/RC19/_x/link/vivado/vpl/prj/prj.gen/my_rm/bd/ulp/ip/ulp_auto_cc_3/ulp_auto_cc_3_clocks.xdc] for cell 'level0_i/ulp/SLR0/interconnect_axilite_user/m03_couplers/auto_cc/inst'
Parsing XDC File [/home/advent/Desktop/RC19/_x/link/vivado/vpl/prj/prj.gen/my_rm/bd/ulp/ip/ulp_m04_regslice_0/ulp_m04_regslice_0_clocks.xdc] for cell 'level0_i/ulp/SLR0/interconnect_axilite_user/m04_couplers/m04_regslice/inst'
WARNING: [Vivado_Tcl 4-921] Waiver ID 'CDC-7' -to list should not be empty. [/home/advent/Desktop/RC19/_x/link/vivado/vpl/prj/prj.gen/my_rm/bd/ulp/ip/ulp_m04_regslice_0/ulp_m04_regslice_0_clocks.xdc:10]
Finished Parsing XDC File [/home/advent/Desktop/RC19/_x/link/vivado/vpl/prj/prj.gen/my_rm/bd/ulp/ip/ulp_m04_regslice_0/ulp_m04_regslice_0_clocks.xdc] for cell 'level0_i/ulp/SLR0/interconnect_axilite_user/m04_couplers/m04_regslice/inst'
Parsing XDC File [/home/advent/Desktop/RC19/_x/link/vivado/vpl/prj/prj.gen/my_rm/bd/ulp/ip/ulp_auto_cc_4/ulp_auto_cc_4_clocks.xdc] for cell 'level0_i/ulp/SLR0/interconnect_axilite_user/m04_couplers/auto_cc/inst'
WARNING: [Vivado_Tcl 4-921] Waiver ID 'CDC-10' -to list should not be empty. [/home/advent/Desktop/RC19/_x/link/vivado/vpl/prj/prj.gen/my_rm/bd/ulp/ip/ulp_auto_cc_4/ulp_auto_cc_4_clocks.xdc:7]
WARNING: [Vivado_Tcl 4-921] Waiver ID 'CDC-11' -to list should not be empty. [/home/advent/Desktop/RC19/_x/link/vivado/vpl/prj/prj.gen/my_rm/bd/ulp/ip/ulp_auto_cc_4/ulp_auto_cc_4_clocks.xdc:10]
WARNING: [Vivado_Tcl 4-921] Waiver ID 'CDC-15' -to list should not be empty. [/home/advent/Desktop/RC19/_x/link/vivado/vpl/prj/prj.gen/my_rm/bd/ulp/ip/ulp_auto_cc_4/ulp_auto_cc_4_clocks.xdc:13]
WARNING: [Vivado_Tcl 4-939] Waiver ID 'LUTAR-1' object list should not be empty (perhaps an invalid wildcard was used or only unsupported objects). [/home/advent/Desktop/RC19/_x/link/vivado/vpl/prj/prj.gen/my_rm/bd/ulp/ip/ulp_auto_cc_4/ulp_auto_cc_4_clocks.xdc:17]
Finished Parsing XDC File [/home/advent/Desktop/RC19/_x/link/vivado/vpl/prj/prj.gen/my_rm/bd/ulp/ip/ulp_auto_cc_4/ulp_auto_cc_4_clocks.xdc] for cell 'level0_i/ulp/SLR0/interconnect_axilite_user/m04_couplers/auto_cc/inst'
Parsing XDC File [/home/advent/Desktop/RC19/_x/link/vivado/vpl/prj/prj.gen/my_rm/bd/ulp/ip/ulp_regslice_control_userpf_0/ulp_regslice_control_userpf_0_clocks.xdc] for cell 'level0_i/ulp/SLR0/regslice_control_userpf/inst'
WARNING: [Vivado_Tcl 4-921] Waiver ID 'CDC-7' -to list should not be empty. [/home/advent/Desktop/RC19/_x/link/vivado/vpl/prj/prj.gen/my_rm/bd/ulp/ip/ulp_regslice_control_userpf_0/ulp_regslice_control_userpf_0_clocks.xdc:10]
Finished Parsing XDC File [/home/advent/Desktop/RC19/_x/link/vivado/vpl/prj/prj.gen/my_rm/bd/ulp/ip/ulp_regslice_control_userpf_0/ulp_regslice_control_userpf_0_clocks.xdc] for cell 'level0_i/ulp/SLR0/regslice_control_userpf/inst'
Parsing XDC File [/home/advent/Desktop/RC19/_x/link/vivado/vpl/prj/prj.gen/my_rm/bd/ulp/ip/ulp_regslice_control_userpf_0/ulp_regslice_control_userpf_0_slr.xdc] for cell 'level0_i/ulp/SLR0/regslice_control_userpf/inst'
Finished Parsing XDC File [/home/advent/Desktop/RC19/_x/link/vivado/vpl/prj/prj.gen/my_rm/bd/ulp/ip/ulp_regslice_control_userpf_0/ulp_regslice_control_userpf_0_slr.xdc] for cell 'level0_i/ulp/SLR0/regslice_control_userpf/inst'
Parsing XDC File [/home/advent/Desktop/RC19/_x/link/vivado/vpl/prj/prj.gen/my_rm/bd/ulp/ip/ulp_s00_regslice_16/ulp_s00_regslice_16_clocks.xdc] for cell 'level0_i/ulp/SLR1/interconnect_axilite_user/s00_couplers/s00_regslice/inst'
WARNING: [Vivado_Tcl 4-921] Waiver ID 'CDC-7' -to list should not be empty. [/home/advent/Desktop/RC19/_x/link/vivado/vpl/prj/prj.gen/my_rm/bd/ulp/ip/ulp_s00_regslice_16/ulp_s00_regslice_16_clocks.xdc:10]
Finished Parsing XDC File [/home/advent/Desktop/RC19/_x/link/vivado/vpl/prj/prj.gen/my_rm/bd/ulp/ip/ulp_s00_regslice_16/ulp_s00_regslice_16_clocks.xdc] for cell 'level0_i/ulp/SLR1/interconnect_axilite_user/s00_couplers/s00_regslice/inst'
Parsing XDC File [/home/advent/Desktop/RC19/_x/link/vivado/vpl/prj/prj.gen/my_rm/bd/ulp/ip/ulp_auto_cc_5/ulp_auto_cc_5_clocks.xdc] for cell 'level0_i/ulp/SLR1/interconnect_axilite_user/s00_couplers/auto_cc/inst'
WARNING: [Vivado_Tcl 4-921] Waiver ID 'CDC-10' -to list should not be empty. [/home/advent/Desktop/RC19/_x/link/vivado/vpl/prj/prj.gen/my_rm/bd/ulp/ip/ulp_auto_cc_5/ulp_auto_cc_5_clocks.xdc:7]
WARNING: [Vivado_Tcl 4-921] Waiver ID 'CDC-11' -to list should not be empty. [/home/advent/Desktop/RC19/_x/link/vivado/vpl/prj/prj.gen/my_rm/bd/ulp/ip/ulp_auto_cc_5/ulp_auto_cc_5_clocks.xdc:10]
WARNING: [Vivado_Tcl 4-921] Waiver ID 'CDC-15' -to list should not be empty. [/home/advent/Desktop/RC19/_x/link/vivado/vpl/prj/prj.gen/my_rm/bd/ulp/ip/ulp_auto_cc_5/ulp_auto_cc_5_clocks.xdc:13]
WARNING: [Vivado_Tcl 4-939] Waiver ID 'LUTAR-1' object list should not be empty (perhaps an invalid wildcard was used or only unsupported objects). [/home/advent/Desktop/RC19/_x/link/vivado/vpl/prj/prj.gen/my_rm/bd/ulp/ip/ulp_auto_cc_5/ulp_auto_cc_5_clocks.xdc:17]
Finished Parsing XDC File [/home/advent/Desktop/RC19/_x/link/vivado/vpl/prj/prj.gen/my_rm/bd/ulp/ip/ulp_auto_cc_5/ulp_auto_cc_5_clocks.xdc] for cell 'level0_i/ulp/SLR1/interconnect_axilite_user/s00_couplers/auto_cc/inst'
Parsing XDC File [/home/advent/Desktop/RC19/_x/link/vivado/vpl/prj/prj.gen/my_rm/bd/ulp/ip/ulp_regslice_control_userpf_1/ulp_regslice_control_userpf_1_clocks.xdc] for cell 'level0_i/ulp/SLR1/regslice_control_userpf/inst'
WARNING: [Vivado_Tcl 4-921] Waiver ID 'CDC-7' -to list should not be empty. [/home/advent/Desktop/RC19/_x/link/vivado/vpl/prj/prj.gen/my_rm/bd/ulp/ip/ulp_regslice_control_userpf_1/ulp_regslice_control_userpf_1_clocks.xdc:10]
Finished Parsing XDC File [/home/advent/Desktop/RC19/_x/link/vivado/vpl/prj/prj.gen/my_rm/bd/ulp/ip/ulp_regslice_control_userpf_1/ulp_regslice_control_userpf_1_clocks.xdc] for cell 'level0_i/ulp/SLR1/regslice_control_userpf/inst'
Parsing XDC File [/home/advent/Desktop/RC19/_x/link/vivado/vpl/prj/prj.gen/my_rm/bd/ulp/ip/ulp_regslice_control_userpf_1/ulp_regslice_control_userpf_1_slr.xdc] for cell 'level0_i/ulp/SLR1/regslice_control_userpf/inst'
Finished Parsing XDC File [/home/advent/Desktop/RC19/_x/link/vivado/vpl/prj/prj.gen/my_rm/bd/ulp/ip/ulp_regslice_control_userpf_1/ulp_regslice_control_userpf_1_slr.xdc] for cell 'level0_i/ulp/SLR1/regslice_control_userpf/inst'
Parsing XDC File [/home/advent/Desktop/RC19/_x/link/vivado/vpl/prj/prj.gen/my_rm/bd/ulp/ip/ulp_s00_regslice_17/ulp_s00_regslice_17_clocks.xdc] for cell 'level0_i/ulp/SLR2/interconnect_axilite_user/s00_couplers/s00_regslice/inst'
WARNING: [Vivado_Tcl 4-921] Waiver ID 'CDC-7' -to list should not be empty. [/home/advent/Desktop/RC19/_x/link/vivado/vpl/prj/prj.gen/my_rm/bd/ulp/ip/ulp_s00_regslice_17/ulp_s00_regslice_17_clocks.xdc:10]
Finished Parsing XDC File [/home/advent/Desktop/RC19/_x/link/vivado/vpl/prj/prj.gen/my_rm/bd/ulp/ip/ulp_s00_regslice_17/ulp_s00_regslice_17_clocks.xdc] for cell 'level0_i/ulp/SLR2/interconnect_axilite_user/s00_couplers/s00_regslice/inst'
Parsing XDC File [/home/advent/Desktop/RC19/_x/link/vivado/vpl/prj/prj.gen/my_rm/bd/ulp/ip/ulp_auto_cc_6/ulp_auto_cc_6_clocks.xdc] for cell 'level0_i/ulp/SLR2/interconnect_axilite_user/s00_couplers/auto_cc/inst'
WARNING: [Vivado_Tcl 4-921] Waiver ID 'CDC-10' -to list should not be empty. [/home/advent/Desktop/RC19/_x/link/vivado/vpl/prj/prj.gen/my_rm/bd/ulp/ip/ulp_auto_cc_6/ulp_auto_cc_6_clocks.xdc:7]
WARNING: [Vivado_Tcl 4-921] Waiver ID 'CDC-11' -to list should not be empty. [/home/advent/Desktop/RC19/_x/link/vivado/vpl/prj/prj.gen/my_rm/bd/ulp/ip/ulp_auto_cc_6/ulp_auto_cc_6_clocks.xdc:10]
WARNING: [Vivado_Tcl 4-921] Waiver ID 'CDC-15' -to list should not be empty. [/home/advent/Desktop/RC19/_x/link/vivado/vpl/prj/prj.gen/my_rm/bd/ulp/ip/ulp_auto_cc_6/ulp_auto_cc_6_clocks.xdc:13]
WARNING: [Vivado_Tcl 4-939] Waiver ID 'LUTAR-1' object list should not be empty (perhaps an invalid wildcard was used or only unsupported objects). [/home/advent/Desktop/RC19/_x/link/vivado/vpl/prj/prj.gen/my_rm/bd/ulp/ip/ulp_auto_cc_6/ulp_auto_cc_6_clocks.xdc:17]
Finished Parsing XDC File [/home/advent/Desktop/RC19/_x/link/vivado/vpl/prj/prj.gen/my_rm/bd/ulp/ip/ulp_auto_cc_6/ulp_auto_cc_6_clocks.xdc] for cell 'level0_i/ulp/SLR2/interconnect_axilite_user/s00_couplers/auto_cc/inst'
Parsing XDC File [/home/advent/Desktop/RC19/_x/link/vivado/vpl/prj/prj.gen/my_rm/bd/ulp/ip/ulp_regslice_control_userpf_2/ulp_regslice_control_userpf_2_clocks.xdc] for cell 'level0_i/ulp/SLR2/regslice_control_userpf/inst'
WARNING: [Vivado_Tcl 4-921] Waiver ID 'CDC-7' -to list should not be empty. [/home/advent/Desktop/RC19/_x/link/vivado/vpl/prj/prj.gen/my_rm/bd/ulp/ip/ulp_regslice_control_userpf_2/ulp_regslice_control_userpf_2_clocks.xdc:10]
Finished Parsing XDC File [/home/advent/Desktop/RC19/_x/link/vivado/vpl/prj/prj.gen/my_rm/bd/ulp/ip/ulp_regslice_control_userpf_2/ulp_regslice_control_userpf_2_clocks.xdc] for cell 'level0_i/ulp/SLR2/regslice_control_userpf/inst'
Parsing XDC File [/home/advent/Desktop/RC19/_x/link/vivado/vpl/prj/prj.gen/my_rm/bd/ulp/ip/ulp_regslice_control_userpf_2/ulp_regslice_control_userpf_2_slr.xdc] for cell 'level0_i/ulp/SLR2/regslice_control_userpf/inst'
Finished Parsing XDC File [/home/advent/Desktop/RC19/_x/link/vivado/vpl/prj/prj.gen/my_rm/bd/ulp/ip/ulp_regslice_control_userpf_2/ulp_regslice_control_userpf_2_slr.xdc] for cell 'level0_i/ulp/SLR2/regslice_control_userpf/inst'
Parsing XDC File [/home/advent/Desktop/RC19/_x/link/vivado/vpl/prj/prj.gen/my_rm/bd/ulp/ip/ulp_hmss_0_0/bd_0/ip/ip_4/bd_85ad_slice1_0_0_clocks.xdc] for cell 'level0_i/ulp/hmss_0/inst/path_0/slice1_0/inst'
WARNING: [Vivado_Tcl 4-921] Waiver ID 'CDC-7' -to list should not be empty. [/home/advent/Desktop/RC19/_x/link/vivado/vpl/prj/prj.gen/my_rm/bd/ulp/ip/ulp_hmss_0_0/bd_0/ip/ip_4/bd_85ad_slice1_0_0_clocks.xdc:10]
Finished Parsing XDC File [/home/advent/Desktop/RC19/_x/link/vivado/vpl/prj/prj.gen/my_rm/bd/ulp/ip/ulp_hmss_0_0/bd_0/ip/ip_4/bd_85ad_slice1_0_0_clocks.xdc] for cell 'level0_i/ulp/hmss_0/inst/path_0/slice1_0/inst'
Parsing XDC File [/home/advent/Desktop/RC19/_x/link/vivado/vpl/prj/prj.gen/my_rm/bd/ulp/ip/ulp_hmss_0_0/bd_0/ip/ip_7/bd_85ad_slice2_1_0_clocks.xdc] for cell 'level0_i/ulp/hmss_0/inst/path_1/slice2_1/inst'
WARNING: [Vivado_Tcl 4-921] Waiver ID 'CDC-7' -to list should not be empty. [/home/advent/Desktop/RC19/_x/link/vivado/vpl/prj/prj.gen/my_rm/bd/ulp/ip/ulp_hmss_0_0/bd_0/ip/ip_7/bd_85ad_slice2_1_0_clocks.xdc:10]
Finished Parsing XDC File [/home/advent/Desktop/RC19/_x/link/vivado/vpl/prj/prj.gen/my_rm/bd/ulp/ip/ulp_hmss_0_0/bd_0/ip/ip_7/bd_85ad_slice2_1_0_clocks.xdc] for cell 'level0_i/ulp/hmss_0/inst/path_1/slice2_1/inst'
Parsing XDC File [/home/advent/Desktop/RC19/_x/link/vivado/vpl/prj/prj.gen/my_rm/bd/ulp/ip/ulp_hmss_0_0/bd_0/ip/ip_10/bd_85ad_slice3_2_0_clocks.xdc] for cell 'level0_i/ulp/hmss_0/inst/path_2/slice3_2/inst'
WARNING: [Vivado_Tcl 4-921] Waiver ID 'CDC-7' -to list should not be empty. [/home/advent/Desktop/RC19/_x/link/vivado/vpl/prj/prj.gen/my_rm/bd/ulp/ip/ulp_hmss_0_0/bd_0/ip/ip_10/bd_85ad_slice3_2_0_clocks.xdc:10]
Finished Parsing XDC File [/home/advent/Desktop/RC19/_x/link/vivado/vpl/prj/prj.gen/my_rm/bd/ulp/ip/ulp_hmss_0_0/bd_0/ip/ip_10/bd_85ad_slice3_2_0_clocks.xdc] for cell 'level0_i/ulp/hmss_0/inst/path_2/slice3_2/inst'
Parsing XDC File [/home/advent/Desktop/RC19/_x/link/vivado/vpl/prj/prj.gen/my_rm/bd/ulp/ip/ulp_hmss_0_0/bd_0/ip/ip_13/bd_85ad_slice4_3_0_clocks.xdc] for cell 'level0_i/ulp/hmss_0/inst/path_3/slice4_3/inst'
WARNING: [Vivado_Tcl 4-921] Waiver ID 'CDC-7' -to list should not be empty. [/home/advent/Desktop/RC19/_x/link/vivado/vpl/prj/prj.gen/my_rm/bd/ulp/ip/ulp_hmss_0_0/bd_0/ip/ip_13/bd_85ad_slice4_3_0_clocks.xdc:10]
Finished Parsing XDC File [/home/advent/Desktop/RC19/_x/link/vivado/vpl/prj/prj.gen/my_rm/bd/ulp/ip/ulp_hmss_0_0/bd_0/ip/ip_13/bd_85ad_slice4_3_0_clocks.xdc] for cell 'level0_i/ulp/hmss_0/inst/path_3/slice4_3/inst'
Parsing XDC File [/home/advent/Desktop/RC19/_x/link/vivado/vpl/prj/prj.gen/my_rm/bd/ulp/ip/ulp_hmss_0_0/bd_0/ip/ip_16/bd_85ad_slice5_4_0_clocks.xdc] for cell 'level0_i/ulp/hmss_0/inst/path_4/slice5_4/inst'
WARNING: [Vivado_Tcl 4-921] Waiver ID 'CDC-7' -to list should not be empty. [/home/advent/Desktop/RC19/_x/link/vivado/vpl/prj/prj.gen/my_rm/bd/ulp/ip/ulp_hmss_0_0/bd_0/ip/ip_16/bd_85ad_slice5_4_0_clocks.xdc:10]
Finished Parsing XDC File [/home/advent/Desktop/RC19/_x/link/vivado/vpl/prj/prj.gen/my_rm/bd/ulp/ip/ulp_hmss_0_0/bd_0/ip/ip_16/bd_85ad_slice5_4_0_clocks.xdc] for cell 'level0_i/ulp/hmss_0/inst/path_4/slice5_4/inst'
Parsing XDC File [/home/advent/Desktop/RC19/_x/link/vivado/vpl/prj/prj.gen/my_rm/bd/ulp/ip/ulp_hmss_0_0/bd_0/ip/ip_19/bd_85ad_slice7_5_0_clocks.xdc] for cell 'level0_i/ulp/hmss_0/inst/path_5/slice7_5/inst'
WARNING: [Vivado_Tcl 4-921] Waiver ID 'CDC-7' -to list should not be empty. [/home/advent/Desktop/RC19/_x/link/vivado/vpl/prj/prj.gen/my_rm/bd/ulp/ip/ulp_hmss_0_0/bd_0/ip/ip_19/bd_85ad_slice7_5_0_clocks.xdc:10]
Finished Parsing XDC File [/home/advent/Desktop/RC19/_x/link/vivado/vpl/prj/prj.gen/my_rm/bd/ulp/ip/ulp_hmss_0_0/bd_0/ip/ip_19/bd_85ad_slice7_5_0_clocks.xdc] for cell 'level0_i/ulp/hmss_0/inst/path_5/slice7_5/inst'
Parsing XDC File [/home/advent/Desktop/RC19/_x/link/vivado/vpl/prj/prj.gen/my_rm/bd/ulp/ip/ulp_hmss_0_0/bd_0/ip/ip_22/bd_85ad_slice6_6_0_clocks.xdc] for cell 'level0_i/ulp/hmss_0/inst/path_6/slice6_6/inst'
WARNING: [Vivado_Tcl 4-921] Waiver ID 'CDC-7' -to list should not be empty. [/home/advent/Desktop/RC19/_x/link/vivado/vpl/prj/prj.gen/my_rm/bd/ulp/ip/ulp_hmss_0_0/bd_0/ip/ip_22/bd_85ad_slice6_6_0_clocks.xdc:10]
Finished Parsing XDC File [/home/advent/Desktop/RC19/_x/link/vivado/vpl/prj/prj.gen/my_rm/bd/ulp/ip/ulp_hmss_0_0/bd_0/ip/ip_22/bd_85ad_slice6_6_0_clocks.xdc] for cell 'level0_i/ulp/hmss_0/inst/path_6/slice6_6/inst'
Parsing XDC File [/home/advent/Desktop/RC19/_x/link/vivado/vpl/prj/prj.gen/my_rm/bd/ulp/ip/ulp_hmss_0_0/bd_0/ip/ip_25/bd_85ad_slice8_7_0_clocks.xdc] for cell 'level0_i/ulp/hmss_0/inst/path_7/slice8_7/inst'
WARNING: [Vivado_Tcl 4-921] Waiver ID 'CDC-7' -to list should not be empty. [/home/advent/Desktop/RC19/_x/link/vivado/vpl/prj/prj.gen/my_rm/bd/ulp/ip/ulp_hmss_0_0/bd_0/ip/ip_25/bd_85ad_slice8_7_0_clocks.xdc:10]
Finished Parsing XDC File [/home/advent/Desktop/RC19/_x/link/vivado/vpl/prj/prj.gen/my_rm/bd/ulp/ip/ulp_hmss_0_0/bd_0/ip/ip_25/bd_85ad_slice8_7_0_clocks.xdc] for cell 'level0_i/ulp/hmss_0/inst/path_7/slice8_7/inst'
Parsing XDC File [/home/advent/Desktop/RC19/_x/link/vivado/vpl/prj/prj.gen/my_rm/bd/ulp/ip/ulp_hmss_0_0/bd_0/ip/ip_28/bd_85ad_slice9_8_0_clocks.xdc] for cell 'level0_i/ulp/hmss_0/inst/path_8/slice9_8/inst'
WARNING: [Vivado_Tcl 4-921] Waiver ID 'CDC-7' -to list should not be empty. [/home/advent/Desktop/RC19/_x/link/vivado/vpl/prj/prj.gen/my_rm/bd/ulp/ip/ulp_hmss_0_0/bd_0/ip/ip_28/bd_85ad_slice9_8_0_clocks.xdc:10]
Finished Parsing XDC File [/home/advent/Desktop/RC19/_x/link/vivado/vpl/prj/prj.gen/my_rm/bd/ulp/ip/ulp_hmss_0_0/bd_0/ip/ip_28/bd_85ad_slice9_8_0_clocks.xdc] for cell 'level0_i/ulp/hmss_0/inst/path_8/slice9_8/inst'
Parsing XDC File [/home/advent/Desktop/RC19/_x/link/vivado/vpl/prj/prj.gen/my_rm/bd/ulp/ip/ulp_hmss_0_0/bd_0/ip/ip_31/bd_85ad_slice0_10_0_clocks.xdc] for cell 'level0_i/ulp/hmss_0/inst/path_10/slice0_10/inst'
Finished Parsing XDC File [/home/advent/Desktop/RC19/_x/link/vivado/vpl/prj/prj.gen/my_rm/bd/ulp/ip/ulp_hmss_0_0/bd_0/ip/ip_31/bd_85ad_slice0_10_0_clocks.xdc] for cell 'level0_i/ulp/hmss_0/inst/path_10/slice0_10/inst'
Parsing XDC File [/home/advent/Desktop/RC19/_x/link/vivado/vpl/prj/prj.gen/my_rm/bd/ulp/ip/ulp_hmss_0_0/ulp_hmss_0_0.xdc] for cell 'level0_i/ulp/hmss_0/inst'
Finished Parsing XDC File [/home/advent/Desktop/RC19/_x/link/vivado/vpl/prj/prj.gen/my_rm/bd/ulp/ip/ulp_hmss_0_0/ulp_hmss_0_0.xdc] for cell 'level0_i/ulp/hmss_0/inst'
WARNING: [Vivado_Tcl 4-935] Waiver ID 'CDC-6' is a duplicate and will not be added again. [/home/advent/Vivado/Vivado/2022.2/data/ip/xpm/xpm_cdc/tcl/xpm_cdc_gray.tcl:23]
WARNING: [Vivado_Tcl 4-935] Waiver ID 'CDC-6' is a duplicate and will not be added again. [/home/advent/Vivado/Vivado/2022.2/data/ip/xpm/xpm_cdc/tcl/xpm_cdc_gray.tcl:23]
WARNING: [Vivado_Tcl 4-935] Waiver ID 'CDC-6' is a duplicate and will not be added again. [/home/advent/Vivado/Vivado/2022.2/data/ip/xpm/xpm_cdc/tcl/xpm_cdc_gray.tcl:23]
WARNING: [Vivado_Tcl 4-935] Waiver ID 'CDC-6' is a duplicate and will not be added again. [/home/advent/Vivado/Vivado/2022.2/data/ip/xpm/xpm_cdc/tcl/xpm_cdc_gray.tcl:23]
WARNING: [Vivado_Tcl 4-935] Waiver ID 'CDC-6' is a duplicate and will not be added again. [/home/advent/Vivado/Vivado/2022.2/data/ip/xpm/xpm_cdc/tcl/xpm_cdc_gray.tcl:23]
WARNING: [Vivado_Tcl 4-935] Waiver ID 'CDC-6' is a duplicate and will not be added again. [/home/advent/Vivado/Vivado/2022.2/data/ip/xpm/xpm_cdc/tcl/xpm_cdc_gray.tcl:23]
WARNING: [Vivado_Tcl 4-935] Waiver ID 'CDC-6' is a duplicate and will not be added again. [/home/advent/Vivado/Vivado/2022.2/data/ip/xpm/xpm_cdc/tcl/xpm_cdc_gray.tcl:23]
WARNING: [XPM_CDC_GRAY: TCL-1000] The source and destination clocks are the same. 
     Instance: level0_i/blp/blp_i/ss_hif/inst/flash_programmer/U0/NO_DUAL_QUAD_MODE.QSPI_NORMAL/QSPI_LEGACY_MD_GEN.QSPI_CORE_INTERFACE_I/FIFO_EXISTS.TX_FIFO_II/xpm_fifo_instance.xpm_fifo_async_inst/gnuram_async_fifo.xpm_fifo_base_inst/gen_cdc_pntr.rd_pntr_cdc_inst 
  This will add unnecessary latency to the design. Please check the design for the following: 
 1) Manually instantiated XPM_CDC modules: Xilinx recommends that you remove these modules. 
 2) Xilinx IP that contains XPM_CDC modules: Verify the connections to the IP to determine whether you can safely ignore this message.
 [/home/advent/Vivado/Vivado/2022.2/data/ip/xpm/xpm_cdc/tcl/xpm_cdc_gray.tcl:16]
WARNING: [Vivado_Tcl 4-935] Waiver ID 'CDC-6' is a duplicate and will not be added again. [/home/advent/Vivado/Vivado/2022.2/data/ip/xpm/xpm_cdc/tcl/xpm_cdc_gray.tcl:23]
WARNING: [XPM_CDC_GRAY: TCL-1000] The source and destination clocks are the same. 
     Instance: level0_i/blp/blp_i/ss_hif/inst/flash_programmer/U0/NO_DUAL_QUAD_MODE.QSPI_NORMAL/QSPI_LEGACY_MD_GEN.QSPI_CORE_INTERFACE_I/FIFO_EXISTS.RX_FIFO_II/gnuram_async_fifo.xpm_fifo_base_inst/gen_cdc_pntr.wr_pntr_cdc_inst 
  This will add unnecessary latency to the design. Please check the design for the following: 
 1) Manually instantiated XPM_CDC modules: Xilinx recommends that you remove these modules. 
 2) Xilinx IP that contains XPM_CDC modules: Verify the connections to the IP to determine whether you can safely ignore this message.
 [/home/advent/Vivado/Vivado/2022.2/data/ip/xpm/xpm_cdc/tcl/xpm_cdc_gray.tcl:16]
WARNING: [Vivado_Tcl 4-935] Waiver ID 'CDC-6' is a duplicate and will not be added again. [/home/advent/Vivado/Vivado/2022.2/data/ip/xpm/xpm_cdc/tcl/xpm_cdc_gray.tcl:23]
WARNING: [XPM_CDC_GRAY: TCL-1000] The source and destination clocks are the same. 
     Instance: level0_i/blp/blp_i/ss_hif/inst/flash_programmer/U0/NO_DUAL_QUAD_MODE.QSPI_NORMAL/QSPI_LEGACY_MD_GEN.QSPI_CORE_INTERFACE_I/FIFO_EXISTS.RX_FIFO_II/gnuram_async_fifo.xpm_fifo_base_inst/gen_cdc_pntr.rd_pntr_cdc_inst 
  This will add unnecessary latency to the design. Please check the design for the following: 
 1) Manually instantiated XPM_CDC modules: Xilinx recommends that you remove these modules. 
 2) Xilinx IP that contains XPM_CDC modules: Verify the connections to the IP to determine whether you can safely ignore this message.
 [/home/advent/Vivado/Vivado/2022.2/data/ip/xpm/xpm_cdc/tcl/xpm_cdc_gray.tcl:16]
WARNING: [Vivado_Tcl 4-935] Waiver ID 'CDC-6' is a duplicate and will not be added again. [/home/advent/Vivado/Vivado/2022.2/data/ip/xpm/xpm_cdc/tcl/xpm_cdc_gray.tcl:23]
WARNING: [XPM_CDC_GRAY: TCL-1000] The source and destination clocks are the same. 
     Instance: level0_i/blp/blp_i/ss_hif/inst/flash_programmer/U0/NO_DUAL_QUAD_MODE.QSPI_NORMAL/QSPI_LEGACY_MD_GEN.QSPI_CORE_INTERFACE_I/FIFO_EXISTS.TX_FIFO_II/xpm_fifo_instance.xpm_fifo_async_inst/gnuram_async_fifo.xpm_fifo_base_inst/gen_cdc_pntr.wr_pntr_cdc_inst 
  This will add unnecessary latency to the design. Please check the design for the following: 
 1) Manually instantiated XPM_CDC modules: Xilinx recommends that you remove these modules. 
 2) Xilinx IP that contains XPM_CDC modules: Verify the connections to the IP to determine whether you can safely ignore this message.
 [/home/advent/Vivado/Vivado/2022.2/data/ip/xpm/xpm_cdc/tcl/xpm_cdc_gray.tcl:16]
WARNING: [Vivado_Tcl 4-935] Waiver ID 'CDC-6' is a duplicate and will not be added again. [/home/advent/Vivado/Vivado/2022.2/data/ip/xpm/xpm_cdc/tcl/xpm_cdc_gray.tcl:23]
WARNING: [XPM_CDC_GRAY: TCL-1000] The source and destination clocks are the same. 
     Instance: level0_i/blp/blp_i/ss_hif/inst/flash_programmer/U0/NO_DUAL_QUAD_MODE.QSPI_NORMAL/QSPI_LEGACY_MD_GEN.QSPI_CORE_INTERFACE_I/FIFO_EXISTS.RX_FIFO_II/gnuram_async_fifo.xpm_fifo_base_inst/gen_cdc_pntr.wr_pntr_cdc_dc_inst 
  This will add unnecessary latency to the design. Please check the design for the following: 
 1) Manually instantiated XPM_CDC modules: Xilinx recommends that you remove these modules. 
 2) Xilinx IP that contains XPM_CDC modules: Verify the connections to the IP to determine whether you can safely ignore this message.
 [/home/advent/Vivado/Vivado/2022.2/data/ip/xpm/xpm_cdc/tcl/xpm_cdc_gray.tcl:16]
WARNING: [Vivado_Tcl 4-935] Waiver ID 'CDC-6' is a duplicate and will not be added again. [/home/advent/Vivado/Vivado/2022.2/data/ip/xpm/xpm_cdc/tcl/xpm_cdc_gray.tcl:23]
WARNING: [XPM_CDC_GRAY: TCL-1000] The source and destination clocks are the same. 
     Instance: level0_i/blp/blp_i/ss_hif/inst/flash_programmer/U0/NO_DUAL_QUAD_MODE.QSPI_NORMAL/QSPI_LEGACY_MD_GEN.QSPI_CORE_INTERFACE_I/FIFO_EXISTS.TX_FIFO_II/xpm_fifo_instance.xpm_fifo_async_inst/gnuram_async_fifo.xpm_fifo_base_inst/gen_cdc_pntr.rd_pntr_cdc_dc_inst 
  This will add unnecessary latency to the design. Please check the design for the following: 
 1) Manually instantiated XPM_CDC modules: Xilinx recommends that you remove these modules. 
 2) Xilinx IP that contains XPM_CDC modules: Verify the connections to the IP to determine whether you can safely ignore this message.
 [/home/advent/Vivado/Vivado/2022.2/data/ip/xpm/xpm_cdc/tcl/xpm_cdc_gray.tcl:16]
WARNING: [Vivado_Tcl 4-935] Waiver ID 'CDC-6' is a duplicate and will not be added again. [/home/advent/Vivado/Vivado/2022.2/data/ip/xpm/xpm_cdc/tcl/xpm_cdc_gray.tcl:23]
WARNING: [Vivado_Tcl 4-935] Waiver ID 'CDC-6' is a duplicate and will not be added again. [/home/advent/Vivado/Vivado/2022.2/data/ip/xpm/xpm_cdc/tcl/xpm_cdc_gray.tcl:23]
WARNING: [Vivado_Tcl 4-935] Waiver ID 'CDC-6' is a duplicate and will not be added again. [/home/advent/Vivado/Vivado/2022.2/data/ip/xpm/xpm_cdc/tcl/xpm_cdc_gray.tcl:23]
WARNING: [Vivado_Tcl 4-935] Waiver ID 'CDC-6' is a duplicate and will not be added again. [/home/advent/Vivado/Vivado/2022.2/data/ip/xpm/xpm_cdc/tcl/xpm_cdc_gray.tcl:23]
WARNING: [Vivado_Tcl 4-935] Waiver ID 'CDC-6' is a duplicate and will not be added again. [/home/advent/Vivado/Vivado/2022.2/data/ip/xpm/xpm_cdc/tcl/xpm_cdc_gray.tcl:23]
WARNING: [Vivado_Tcl 4-935] Waiver ID 'CDC-6' is a duplicate and will not be added again. [/home/advent/Vivado/Vivado/2022.2/data/ip/xpm/xpm_cdc/tcl/xpm_cdc_gray.tcl:23]
WARNING: [Vivado_Tcl 4-935] Waiver ID 'CDC-6' is a duplicate and will not be added again. [/home/advent/Vivado/Vivado/2022.2/data/ip/xpm/xpm_cdc/tcl/xpm_cdc_gray.tcl:23]
WARNING: [Vivado_Tcl 4-935] Waiver ID 'CDC-6' is a duplicate and will not be added again. [/home/advent/Vivado/Vivado/2022.2/data/ip/xpm/xpm_cdc/tcl/xpm_cdc_gray.tcl:23]
WARNING: [Vivado_Tcl 4-935] Waiver ID 'CDC-6' is a duplicate and will not be added again. [/home/advent/Vivado/Vivado/2022.2/data/ip/xpm/xpm_cdc/tcl/xpm_cdc_gray.tcl:23]
WARNING: [Vivado_Tcl 4-935] Waiver ID 'CDC-6' is a duplicate and will not be added again. [/home/advent/Vivado/Vivado/2022.2/data/ip/xpm/xpm_cdc/tcl/xpm_cdc_gray.tcl:23]
WARNING: [Vivado_Tcl 4-935] Waiver ID 'CDC-6' is a duplicate and will not be added again. [/home/advent/Vivado/Vivado/2022.2/data/ip/xpm/xpm_cdc/tcl/xpm_cdc_gray.tcl:23]
WARNING: [Vivado_Tcl 4-935] Waiver ID 'CDC-6' is a duplicate and will not be added again. [/home/advent/Vivado/Vivado/2022.2/data/ip/xpm/xpm_cdc/tcl/xpm_cdc_gray.tcl:23]
WARNING: [Vivado_Tcl 4-935] Waiver ID 'CDC-6' is a duplicate and will not be added again. [/home/advent/Vivado/Vivado/2022.2/data/ip/xpm/xpm_cdc/tcl/xpm_cdc_gray.tcl:23]
WARNING: [Vivado_Tcl 4-935] Waiver ID 'CDC-6' is a duplicate and will not be added again. [/home/advent/Vivado/Vivado/2022.2/data/ip/xpm/xpm_cdc/tcl/xpm_cdc_gray.tcl:23]
WARNING: [Vivado_Tcl 4-935] Waiver ID 'CDC-6' is a duplicate and will not be added again. [/home/advent/Vivado/Vivado/2022.2/data/ip/xpm/xpm_cdc/tcl/xpm_cdc_gray.tcl:23]
WARNING: [Vivado_Tcl 4-935] Waiver ID 'CDC-6' is a duplicate and will not be added again. [/home/advent/Vivado/Vivado/2022.2/data/ip/xpm/xpm_cdc/tcl/xpm_cdc_gray.tcl:23]
WARNING: [Vivado_Tcl 4-935] Waiver ID 'CDC-6' is a duplicate and will not be added again. [/home/advent/Vivado/Vivado/2022.2/data/ip/xpm/xpm_cdc/tcl/xpm_cdc_gray.tcl:23]
WARNING: [Vivado_Tcl 4-935] Waiver ID 'CDC-15' is a duplicate and will not be added again. [/home/advent/Vivado/Vivado/2022.2/data/ip/xpm/xpm_cdc/tcl/xpm_cdc_handshake.tcl:30]
WARNING: [Vivado_Tcl 4-935] Waiver ID 'CDC-15' is a duplicate and will not be added again. [/home/advent/Vivado/Vivado/2022.2/data/ip/xpm/xpm_cdc/tcl/xpm_cdc_handshake.tcl:30]
WARNING: [Vivado_Tcl 4-935] Waiver ID 'CDC-15' is a duplicate and will not be added again. [/home/advent/Vivado/Vivado/2022.2/data/ip/xpm/xpm_cdc/tcl/xpm_cdc_handshake.tcl:30]
WARNING: [Vivado_Tcl 4-935] Waiver ID 'CDC-15' is a duplicate and will not be added again. [/home/advent/Vivado/Vivado/2022.2/data/ip/xpm/xpm_cdc/tcl/xpm_cdc_handshake.tcl:30]
WARNING: [Vivado_Tcl 4-935] Waiver ID 'CDC-15' is a duplicate and will not be added again. [/home/advent/Vivado/Vivado/2022.2/data/ip/xpm/xpm_cdc/tcl/xpm_cdc_handshake.tcl:30]
WARNING: [Vivado_Tcl 4-935] Waiver ID 'CDC-15' is a duplicate and will not be added again. [/home/advent/Vivado/Vivado/2022.2/data/ip/xpm/xpm_cdc/tcl/xpm_cdc_handshake.tcl:30]
WARNING: [Vivado_Tcl 4-935] Waiver ID 'CDC-15' is a duplicate and will not be added again. [/home/advent/Vivado/Vivado/2022.2/data/ip/xpm/xpm_cdc/tcl/xpm_cdc_handshake.tcl:30]
WARNING: [Vivado_Tcl 4-935] Waiver ID 'CDC-15' is a duplicate and will not be added again. [/home/advent/Vivado/Vivado/2022.2/data/ip/xpm/xpm_cdc/tcl/xpm_cdc_handshake.tcl:30]
WARNING: [Vivado_Tcl 4-935] Waiver ID 'CDC-15' is a duplicate and will not be added again. [/home/advent/Vivado/Vivado/2022.2/data/ip/xpm/xpm_cdc/tcl/xpm_cdc_handshake.tcl:30]
WARNING: [Vivado_Tcl 4-935] Waiver ID 'CDC-15' is a duplicate and will not be added again. [/home/advent/Vivado/Vivado/2022.2/data/ip/xpm/xpm_cdc/tcl/xpm_cdc_handshake.tcl:30]
WARNING: [Vivado_Tcl 4-935] Waiver ID 'CDC-15' is a duplicate and will not be added again. [/home/advent/Vivado/Vivado/2022.2/data/ip/xpm/xpm_cdc/tcl/xpm_cdc_handshake.tcl:30]
WARNING: [Vivado_Tcl 4-935] Waiver ID 'CDC-15' is a duplicate and will not be added again. [/home/advent/Vivado/Vivado/2022.2/data/ip/xpm/xpm_cdc/tcl/xpm_cdc_handshake.tcl:30]
WARNING: [Vivado_Tcl 4-935] Waiver ID 'CDC-15' is a duplicate and will not be added again. [/home/advent/Vivado/Vivado/2022.2/data/ip/xpm/xpm_cdc/tcl/xpm_cdc_handshake.tcl:30]
WARNING: [Vivado_Tcl 4-935] Waiver ID 'CDC-15' is a duplicate and will not be added again. [/home/advent/Vivado/Vivado/2022.2/data/ip/xpm/xpm_cdc/tcl/xpm_cdc_handshake.tcl:30]
WARNING: [Vivado_Tcl 4-935] Waiver ID 'CDC-15' is a duplicate and will not be added again. [/home/advent/Vivado/Vivado/2022.2/data/ip/xpm/xpm_cdc/tcl/xpm_cdc_handshake.tcl:30]
WARNING: [Vivado_Tcl 4-935] Waiver ID 'CDC-15' is a duplicate and will not be added again. [/home/advent/Vivado/Vivado/2022.2/data/ip/xpm/xpm_cdc/tcl/xpm_cdc_handshake.tcl:30]
WARNING: [Vivado_Tcl 4-935] Waiver ID 'CDC-15' is a duplicate and will not be added again. [/home/advent/Vivado/Vivado/2022.2/data/ip/xpm/xpm_cdc/tcl/xpm_cdc_handshake.tcl:30]
WARNING: [Vivado_Tcl 4-935] Waiver ID 'CDC-15' is a duplicate and will not be added again. [/home/advent/Vivado/Vivado/2022.2/data/ip/xpm/xpm_cdc/tcl/xpm_cdc_handshake.tcl:30]
WARNING: [Vivado_Tcl 4-921] Waiver ID 'CDC-15' -to list should not be empty. [/home/advent/Vivado/Vivado/2022.2/data/ip/xpm/xpm_cdc/tcl/xpm_cdc_handshake.tcl:30]
WARNING: [Vivado_Tcl 4-935] Waiver ID 'CDC-15' is a duplicate and will not be added again. [/home/advent/Vivado/Vivado/2022.2/data/ip/xpm/xpm_cdc/tcl/xpm_cdc_handshake.tcl:30]
WARNING: [Vivado_Tcl 4-935] Waiver ID 'CDC-15' is a duplicate and will not be added again. [/home/advent/Vivado/Vivado/2022.2/data/ip/xpm/xpm_cdc/tcl/xpm_cdc_handshake.tcl:30]
WARNING: [Vivado_Tcl 4-935] Waiver ID 'CDC-15' is a duplicate and will not be added again. [/home/advent/Vivado/Vivado/2022.2/data/ip/xpm/xpm_cdc/tcl/xpm_cdc_handshake.tcl:30]
WARNING: [Vivado_Tcl 4-935] Waiver ID 'CDC-15' is a duplicate and will not be added again. [/home/advent/Vivado/Vivado/2022.2/data/ip/xpm/xpm_cdc/tcl/xpm_cdc_handshake.tcl:30]
WARNING: [Vivado_Tcl 4-921] Waiver ID 'CDC-15' -to list should not be empty. [/home/advent/Vivado/Vivado/2022.2/data/ip/xpm/xpm_cdc/tcl/xpm_cdc_handshake.tcl:30]
WARNING: [Vivado_Tcl 4-935] Waiver ID 'CDC-15' is a duplicate and will not be added again. [/home/advent/Vivado/Vivado/2022.2/data/ip/xpm/xpm_cdc/tcl/xpm_cdc_handshake.tcl:30]
WARNING: [Vivado_Tcl 4-935] Waiver ID 'CDC-15' is a duplicate and will not be added again. [/home/advent/Vivado/Vivado/2022.2/data/ip/xpm/xpm_cdc/tcl/xpm_cdc_handshake.tcl:30]
WARNING: [Vivado_Tcl 4-935] Waiver ID 'CDC-15' is a duplicate and will not be added again. [/home/advent/Vivado/Vivado/2022.2/data/ip/xpm/xpm_cdc/tcl/xpm_cdc_handshake.tcl:30]
WARNING: [Vivado_Tcl 4-935] Waiver ID 'CDC-15' is a duplicate and will not be added again. [/home/advent/Vivado/Vivado/2022.2/data/ip/xpm/xpm_cdc/tcl/xpm_cdc_handshake.tcl:30]
WARNING: [Vivado_Tcl 4-935] Waiver ID 'CDC-15' is a duplicate and will not be added again. [/home/advent/Vivado/Vivado/2022.2/data/ip/xpm/xpm_cdc/tcl/xpm_cdc_handshake.tcl:30]
WARNING: [Vivado_Tcl 4-935] Waiver ID 'CDC-15' is a duplicate and will not be added again. [/home/advent/Vivado/Vivado/2022.2/data/ip/xpm/xpm_cdc/tcl/xpm_cdc_handshake.tcl:30]
WARNING: [Vivado_Tcl 4-935] Waiver ID 'CDC-15' is a duplicate and will not be added again. [/home/advent/Vivado/Vivado/2022.2/data/ip/xpm/xpm_cdc/tcl/xpm_cdc_handshake.tcl:30]
WARNING: [Vivado_Tcl 4-935] Waiver ID 'CDC-15' is a duplicate and will not be added again. [/home/advent/Vivado/Vivado/2022.2/data/ip/xpm/xpm_cdc/tcl/xpm_cdc_handshake.tcl:30]
WARNING: [Vivado_Tcl 4-935] Waiver ID 'CDC-15' is a duplicate and will not be added again. [/home/advent/Vivado/Vivado/2022.2/data/ip/xpm/xpm_cdc/tcl/xpm_cdc_handshake.tcl:30]
WARNING: [Vivado_Tcl 4-935] Waiver ID 'CDC-15' is a duplicate and will not be added again. [/home/advent/Vivado/Vivado/2022.2/data/ip/xpm/xpm_cdc/tcl/xpm_cdc_handshake.tcl:30]
WARNING: [Vivado_Tcl 4-935] Waiver ID 'CDC-15' is a duplicate and will not be added again. [/home/advent/Vivado/Vivado/2022.2/data/ip/xpm/xpm_cdc/tcl/xpm_cdc_handshake.tcl:30]
WARNING: [Vivado_Tcl 4-935] Waiver ID 'CDC-15' is a duplicate and will not be added again. [/home/advent/Vivado/Vivado/2022.2/data/ip/xpm/xpm_cdc/tcl/xpm_cdc_handshake.tcl:30]
WARNING: [Vivado_Tcl 4-935] Waiver ID 'CDC-15' is a duplicate and will not be added again. [/home/advent/Vivado/Vivado/2022.2/data/ip/xpm/xpm_cdc/tcl/xpm_cdc_handshake.tcl:30]
WARNING: [Vivado_Tcl 4-935] Waiver ID 'CDC-15' is a duplicate and will not be added again. [/home/advent/Vivado/Vivado/2022.2/data/ip/xpm/xpm_cdc/tcl/xpm_cdc_handshake.tcl:30]
WARNING: [Vivado_Tcl 4-935] Waiver ID 'CDC-15' is a duplicate and will not be added again. [/home/advent/Vivado/Vivado/2022.2/data/ip/xpm/xpm_cdc/tcl/xpm_cdc_handshake.tcl:30]
WARNING: [Vivado_Tcl 4-935] Waiver ID 'CDC-15' is a duplicate and will not be added again. [/home/advent/Vivado/Vivado/2022.2/data/ip/xpm/xpm_cdc/tcl/xpm_cdc_handshake.tcl:30]
WARNING: [Vivado_Tcl 4-935] Waiver ID 'CDC-15' is a duplicate and will not be added again. [/home/advent/Vivado/Vivado/2022.2/data/ip/xpm/xpm_cdc/tcl/xpm_cdc_handshake.tcl:30]
WARNING: [Vivado_Tcl 4-935] Waiver ID 'CDC-15' is a duplicate and will not be added again. [/home/advent/Vivado/Vivado/2022.2/data/ip/xpm/xpm_cdc/tcl/xpm_cdc_handshake.tcl:30]
WARNING: [Vivado_Tcl 4-935] Waiver ID 'CDC-15' is a duplicate and will not be added again. [/home/advent/Vivado/Vivado/2022.2/data/ip/xpm/xpm_cdc/tcl/xpm_cdc_handshake.tcl:30]
WARNING: [Vivado_Tcl 4-935] Waiver ID 'CDC-15' is a duplicate and will not be added again. [/home/advent/Vivado/Vivado/2022.2/data/ip/xpm/xpm_cdc/tcl/xpm_cdc_handshake.tcl:30]
WARNING: [Vivado_Tcl 4-935] Waiver ID 'CDC-15' is a duplicate and will not be added again. [/home/advent/Vivado/Vivado/2022.2/data/ip/xpm/xpm_cdc/tcl/xpm_cdc_handshake.tcl:30]
WARNING: [Vivado_Tcl 4-935] Waiver ID 'CDC-15' is a duplicate and will not be added again. [/home/advent/Vivado/Vivado/2022.2/data/ip/xpm/xpm_cdc/tcl/xpm_cdc_handshake.tcl:30]
WARNING: [Vivado_Tcl 4-935] Waiver ID 'CDC-15' is a duplicate and will not be added again. [/home/advent/Vivado/Vivado/2022.2/data/ip/xpm/xpm_cdc/tcl/xpm_cdc_handshake.tcl:30]
WARNING: [Vivado_Tcl 4-935] Waiver ID 'CDC-15' is a duplicate and will not be added again. [/home/advent/Vivado/Vivado/2022.2/data/ip/xpm/xpm_cdc/tcl/xpm_cdc_handshake.tcl:30]
WARNING: [Vivado_Tcl 4-935] Waiver ID 'CDC-15' is a duplicate and will not be added again. [/home/advent/Vivado/Vivado/2022.2/data/ip/xpm/xpm_cdc/tcl/xpm_cdc_handshake.tcl:30]
WARNING: [Vivado_Tcl 4-935] Waiver ID 'CDC-15' is a duplicate and will not be added again. [/home/advent/Vivado/Vivado/2022.2/data/ip/xpm/xpm_cdc/tcl/xpm_cdc_handshake.tcl:30]
WARNING: [Vivado_Tcl 4-935] Waiver ID 'CDC-15' is a duplicate and will not be added again. [/home/advent/Vivado/Vivado/2022.2/data/ip/xpm/xpm_cdc/tcl/xpm_cdc_handshake.tcl:30]
WARNING: [Vivado_Tcl 4-935] Waiver ID 'CDC-15' is a duplicate and will not be added again. [/home/advent/Vivado/Vivado/2022.2/data/ip/xpm/xpm_cdc/tcl/xpm_cdc_handshake.tcl:30]
WARNING: [Vivado_Tcl 4-935] Waiver ID 'CDC-15' is a duplicate and will not be added again. [/home/advent/Vivado/Vivado/2022.2/data/ip/xpm/xpm_cdc/tcl/xpm_cdc_handshake.tcl:30]
WARNING: [Vivado_Tcl 4-935] Waiver ID 'CDC-15' is a duplicate and will not be added again. [/home/advent/Vivado/Vivado/2022.2/data/ip/xpm/xpm_cdc/tcl/xpm_cdc_handshake.tcl:30]
WARNING: [Vivado_Tcl 4-935] Waiver ID 'CDC-15' is a duplicate and will not be added again. [/home/advent/Vivado/Vivado/2022.2/data/ip/xpm/xpm_cdc/tcl/xpm_cdc_handshake.tcl:30]
WARNING: [Vivado_Tcl 4-935] Waiver ID 'CDC-15' is a duplicate and will not be added again. [/home/advent/Vivado/Vivado/2022.2/data/ip/xpm/xpm_cdc/tcl/xpm_cdc_handshake.tcl:30]
INFO: [Project 1-1714] 616 XPM XDC files have been applied to the design.
INFO: [Opt 31-138] Pushed 0 inverter(s) to 0 load pin(s).
INFO: [Project 1-1687] 98 scoped IP constraints or related sub-commands were skipped due to synthesis logic optimizations usually triggered by constant connectivity or unconnected output pins. To review the skipped constraints and messages, run the command 'set_param netlist.IPMsgFiltering false' before opening the design.
Netlist sorting complete. Time (s): cpu = 00:00:00.03 ; elapsed = 00:00:00.04 . Memory (MB): peak = 8765.383 ; gain = 0.000 ; free physical = 12860 ; free virtual = 18404
INFO: [Project 1-111] Unisim Transformation Summary:
  A total of 2012 instances were transformed.
  DSP48E1 => DSP48E2 (DSP_ALU, DSP_A_B_DATA, DSP_C_DATA, DSP_MULTIPLIER, DSP_M_DATA, DSP_OUTPUT, DSP_PREADD, DSP_PREADD_DATA): 16 instances
  DSP48E2 => DSP48E2 (DSP_ALU, DSP_A_B_DATA, DSP_C_DATA, DSP_MULTIPLIER, DSP_M_DATA, DSP_OUTPUT, DSP_PREADD, DSP_PREADD_DATA): 64 instances
  HBM_ONE_STACK_INTF => HBM_ONE_STACK_INTF (HBM_REF_CLK, HBM_SNGLBLI_INTF_APB, HBM_SNGLBLI_INTF_AXI(x16)): 1 instance 
  IBUF => IBUF (IBUFCTRL, INBUF): 7 instances
  IBUFDS => IBUFDS (DIFFINBUF, IBUFCTRL): 1 instance 
  LUT6_2 => LUT6_2 (LUT5, LUT6): 158 instances
  RAM128X1D => RAM128X1D (MUXF7(x2), RAMD64E(x4)): 1 instance 
  RAM16X1D => RAM32X1D (RAMD32(x2)): 329 instances
  RAM16X1S => RAM32X1S (RAMS32): 46 instances
  RAM256X1S => RAM256X1S (MUXF7(x2), MUXF8, RAMS64E(x4)): 10 instances
  RAM32M => RAM32M (RAMD32(x6), RAMS32(x2)): 46 instances
  RAM32M16 => RAM32M16 (RAMD32(x14), RAMS32(x2)): 937 instances
  RAM32X1D => RAM32X1D (RAMD32(x2)): 133 instances
  RAM64M => RAM64M (RAMD64E(x4)): 1 instance 
  RAM64M8 => RAM64M8 (RAMD64E(x8)): 111 instances
  RAM64X1D => RAM64X1D (RAMD64E(x2)): 120 instances
  RAM64X1S => RAM64X1S (RAMS64E): 31 instances

138 Infos, 219 Warnings, 1 Critical Warnings and 0 Errors encountered.
link_design completed successfully
link_design: Time (s): cpu = 00:05:14 ; elapsed = 00:03:53 . Memory (MB): peak = 8765.383 ; gain = 7190.934 ; free physical = 12863 ; free virtual = 18406
source /home/advent/Desktop/RC19/_x/link/vivado/vpl/scripts/impl_1/_full_init_post.tcl
Parsing XDC File [/home/advent/Desktop/RC19/_x/link/vivado/vpl/output/_user_impl_clk.xdc]
Finished Parsing XDC File [/home/advent/Desktop/RC19/_x/link/vivado/vpl/output/_user_impl_clk.xdc]
source /home/advent/Desktop/RC19/_x/link/vivado/vpl/scripts/impl_1/_full_opt_pre.tcl
Post-synthesis utilization DRC check...
available resources:
   luts      : 1146240
   registers : 2292480
   brams     : 1776
   dsps      : 8376
required resources:
   luts      : 45100
   registers : 78639
   brams     : 103
   dsps      : 76
report_accelerator_utilization: Time (s): cpu = 00:00:06 ; elapsed = 00:00:06 . Memory (MB): peak = 8765.383 ; gain = 0.000 ; free physical = 12844 ; free virtual = 18392
report_utilization: Time (s): cpu = 00:00:10 ; elapsed = 00:00:10 . Memory (MB): peak = 8765.383 ; gain = 0.000 ; free physical = 12836 ; free virtual = 18390
INFO: System Diagram: Run step: synthed

INFO: [Timing 38-35] Done setting XDC timing constraints.
create_generated_clock: Time (s): cpu = 00:00:18 ; elapsed = 00:00:06 . Memory (MB): peak = 8765.383 ; gain = 0.000 ; free physical = 12408 ; free virtual = 17968
Command: opt_design
Attempting to get a license for feature 'Implementation' and/or device 'xcu55c'
INFO: [Common 17-349] Got license for feature 'Implementation' and/or device 'xcu55c'
Running DRC as a precondition to command opt_design

Starting DRC Task
INFO: [DRC 23-27] Running DRC with 8 threads
INFO: [Project 1-461] DRC finished with 0 Errors
INFO: [Project 1-462] Please refer to the DRC report (report_drc) for more information.

Time (s): cpu = 00:00:12 ; elapsed = 00:00:05 . Memory (MB): peak = 8797.398 ; gain = 32.016 ; free physical = 12212 ; free virtual = 17778

Starting Cache Timing Information Task
Ending Cache Timing Information Task | Checksum: 2fcc960ee

Time (s): cpu = 00:00:05 ; elapsed = 00:00:04 . Memory (MB): peak = 8797.398 ; gain = 0.000 ; free physical = 12191 ; free virtual = 17761

Starting Logic Optimization Task

Phase 1 Retarget
INFO: [Opt 31-1287] Pulled Inverter level0_i/ulp/causal_mask_u55c_kernel_1/inst/grp_causal_mask_core_hls_fu_161/flow_control_loop_pipe_sequential_init_U/select_ln17_reg_364[6]_i_2 into driver instance level0_i/ulp/causal_mask_u55c_kernel_1/inst/grp_causal_mask_core_hls_fu_161/flow_control_loop_pipe_sequential_init_U/col_fu_58[6]_i_3, which resulted in an inversion of 4 pins
INFO: [Opt 31-1287] Pulled Inverter level0_i/ulp/hmss_0/inst/path_0/interconnect1_0/inst/s00_entry_pipeline/s00_si_converter/inst/m_axi_aruser[71]_INST_0 into driver instance level0_i/ulp/hmss_0/inst/path_0/interconnect1_0/inst/s00_entry_pipeline/s00_si_converter/inst/m_axi_aruser[71]_INST_0_i_1, which resulted in an inversion of 1 pins
INFO: [Opt 31-1287] Pulled Inverter level0_i/ulp/hmss_0/inst/path_1/interconnect2_1/inst/s00_entry_pipeline/s00_si_converter/inst/m_axi_aruser[71]_INST_0 into driver instance level0_i/ulp/hmss_0/inst/path_1/interconnect2_1/inst/s00_entry_pipeline/s00_si_converter/inst/m_axi_aruser[71]_INST_0_i_1, which resulted in an inversion of 1 pins
INFO: [Opt 31-1287] Pulled Inverter level0_i/ulp/hmss_0/inst/path_3/interconnect4_3/inst/s00_entry_pipeline/s00_si_converter/inst/m_axi_aruser[71]_INST_0 into driver instance level0_i/ulp/hmss_0/inst/path_3/interconnect4_3/inst/s00_entry_pipeline/s00_si_converter/inst/m_axi_aruser[71]_INST_0_i_1, which resulted in an inversion of 1 pins
INFO: [Opt 31-1287] Pulled Inverter level0_i/ulp/hmss_0/inst/path_6/interconnect6_6/inst/s00_entry_pipeline/s00_si_converter/inst/m_axi_aruser[71]_INST_0 into driver instance level0_i/ulp/hmss_0/inst/path_6/interconnect6_6/inst/s00_entry_pipeline/s00_si_converter/inst/m_axi_aruser[71]_INST_0_i_1, which resulted in an inversion of 1 pins
INFO: [Opt 31-1287] Pulled Inverter level0_i/ulp/hmss_0/inst/path_7/interconnect8_7/inst/s00_entry_pipeline/s00_si_converter/inst/m_axi_aruser[71]_INST_0 into driver instance level0_i/ulp/hmss_0/inst/path_7/interconnect8_7/inst/s00_entry_pipeline/s00_si_converter/inst/m_axi_aruser[71]_INST_0_i_1, which resulted in an inversion of 1 pins
INFO: [Opt 31-1287] Pulled Inverter level0_i/ulp/softmax_u55c_kernel_1/inst/grp_softmax_core_hls_fu_141/mem_reg[67][69]_srl32_i_1 into driver instance level0_i/ulp/softmax_u55c_kernel_1/inst/grp_softmax_core_hls_fu_141/mem_reg[67][0]_srl32_i_3, which resulted in an inversion of 63 pins
INFO: [Opt 31-1287] Pulled Inverter level0_i/ulp/ulp_ucs/inst/frequency_counters/axi_ic_ctrl_mgmt_freq/xbar/inst/gen_sasd.crossbar_sasd_0/splitter_aw/m_ready_d[2]_i_2 into driver instance level0_i/ulp/ulp_ucs/inst/frequency_counters/axi_ic_ctrl_mgmt_freq/xbar/inst/gen_sasd.crossbar_sasd_0/splitter_aw/m_ready_d[2]_i_4, which resulted in an inversion of 3 pins
INFO: [Opt 31-138] Pushed 287 inverter(s) to 2421 load pin(s).
INFO: [Opt 31-49] Retargeted 0 cell(s).
Phase 1 Retarget | Checksum: 215476f9b

Time (s): cpu = 00:00:48 ; elapsed = 00:00:31 . Memory (MB): peak = 8957.383 ; gain = 159.984 ; free physical = 12255 ; free virtual = 17850
INFO: [Opt 31-389] Phase Retarget created 1905 cells and removed 2389 cells
INFO: [Opt 31-1021] In phase Retarget, 9738 netlist objects are constrained preventing optimization. Please run opt_design with -debug_log to get more detail. 

Phase 2 Constant propagation
INFO: [Opt 31-138] Pushed 1 inverter(s) to 2 load pin(s).
Phase 2 Constant propagation | Checksum: 22edb671c

Time (s): cpu = 00:00:53 ; elapsed = 00:00:36 . Memory (MB): peak = 8957.383 ; gain = 159.984 ; free physical = 12256 ; free virtual = 17856
INFO: [Opt 31-389] Phase Constant propagation created 91 cells and removed 5096 cells
INFO: [Opt 31-1021] In phase Constant propagation, 1721 netlist objects are constrained preventing optimization. Please run opt_design with -debug_log to get more detail. 

Phase 3 Sweep
Phase 3 Sweep | Checksum: 1dbe40b49

Time (s): cpu = 00:01:10 ; elapsed = 00:00:53 . Memory (MB): peak = 8957.383 ; gain = 159.984 ; free physical = 11959 ; free virtual = 17565
INFO: [Opt 31-389] Phase Sweep created 0 cells and removed 7870 cells
INFO: [Opt 31-1021] In phase Sweep, 1411419 netlist objects are constrained preventing optimization. Please run opt_design with -debug_log to get more detail. 

Phase 4 BUFG optimization
INFO: [Opt 31-1077] Phase BUFG optimization inserted 0 global clock buffer(s) for CLOCK_LOW_FANOUT.
Phase 4 BUFG optimization | Checksum: 1dbe40b49

Time (s): cpu = 00:01:18 ; elapsed = 00:00:59 . Memory (MB): peak = 8957.383 ; gain = 159.984 ; free physical = 12216 ; free virtual = 17826
INFO: [Opt 31-662] Phase BUFG optimization created 0 cells of which 0 are BUFGs and removed 0 cells.
INFO: [Opt 31-1021] In phase BUFG optimization, 12 netlist objects are constrained preventing optimization. Please run opt_design with -debug_log to get more detail. 

Phase 5 Shift Register Optimization
INFO: [Opt 31-1064] SRL Remap converted 0 SRLs to 0 registers and converted 0 registers of register chains to 0 SRLs
Phase 5 Shift Register Optimization | Checksum: 1dbe40b49

Time (s): cpu = 00:01:22 ; elapsed = 00:01:03 . Memory (MB): peak = 8957.383 ; gain = 159.984 ; free physical = 12206 ; free virtual = 17822
INFO: [Opt 31-389] Phase Shift Register Optimization created 0 cells and removed 0 cells

Phase 6 Post Processing Netlist
Phase 6 Post Processing Netlist | Checksum: 1c757a8d4

Time (s): cpu = 00:01:27 ; elapsed = 00:01:08 . Memory (MB): peak = 8957.383 ; gain = 159.984 ; free physical = 12201 ; free virtual = 17821
INFO: [Opt 31-389] Phase Post Processing Netlist created 0 cells and removed 0 cells
INFO: [Opt 31-1021] In phase Post Processing Netlist, 1758 netlist objects are constrained preventing optimization. Please run opt_design with -debug_log to get more detail. 
Opt_design Change Summary
=========================


-------------------------------------------------------------------------------------------------------------------------
|  Phase                        |  #Cells created  |  #Cells Removed  |  #Constrained objects preventing optimizations  |
-------------------------------------------------------------------------------------------------------------------------
|  Retarget                     |            1905  |            2389  |                                           9738  |
|  Constant propagation         |              91  |            5096  |                                           1721  |
|  Sweep                        |               0  |            7870  |                                        1411419  |
|  BUFG optimization            |               0  |               0  |                                             12  |
|  Shift Register Optimization  |               0  |               0  |                                              0  |
|  Post Processing Netlist      |               0  |               0  |                                           1758  |
-------------------------------------------------------------------------------------------------------------------------



Starting Connectivity Check Task

Time (s): cpu = 00:00:00.34 ; elapsed = 00:00:00.33 . Memory (MB): peak = 8957.383 ; gain = 0.000 ; free physical = 12200 ; free virtual = 17820
Ending Logic Optimization Task | Checksum: 201e714e5

Time (s): cpu = 00:01:32 ; elapsed = 00:01:14 . Memory (MB): peak = 8957.383 ; gain = 159.984 ; free physical = 12204 ; free virtual = 17826

Starting Power Optimization Task
INFO: [Pwropt 34-132] Skipping clock gating for clocks with a period < 2.00 ns.
INFO: [Pwropt 34-232] Skipping BRAM gating because all BRAMs are in high frequency (i.e. period < 3.12 ns) clock domains.
INFO: [Pwropt 34-162] WRITE_MODE attribute of 0 BRAM(s) out of a total of 336 has been updated to save power. Run report_power_opt to get a complete listing of the BRAMs updated.
Ending Power Optimization Task | Checksum: 201e714e5

Time (s): cpu = 00:00:06 ; elapsed = 00:00:06 . Memory (MB): peak = 9277.383 ; gain = 320.000 ; free physical = 12199 ; free virtual = 17830

Starting Final Cleanup Task
Ending Final Cleanup Task | Checksum: 201e714e5

Time (s): cpu = 00:00:03 ; elapsed = 00:00:03 . Memory (MB): peak = 9277.383 ; gain = 0.000 ; free physical = 12194 ; free virtual = 17829

Starting Netlist Obfuscation Task
Netlist sorting complete. Time (s): cpu = 00:00:00.03 ; elapsed = 00:00:00.04 . Memory (MB): peak = 9277.383 ; gain = 0.000 ; free physical = 12199 ; free virtual = 17834
Ending Netlist Obfuscation Task | Checksum: 201e714e5

Time (s): cpu = 00:00:03 ; elapsed = 00:00:03 . Memory (MB): peak = 9277.383 ; gain = 0.000 ; free physical = 12213 ; free virtual = 17851
INFO: [Common 17-83] Releasing license: Implementation
171 Infos, 219 Warnings, 1 Critical Warnings and 0 Errors encountered.
opt_design completed successfully
opt_design: Time (s): cpu = 00:02:04 ; elapsed = 00:01:37 . Memory (MB): peak = 9277.383 ; gain = 512.000 ; free physical = 12212 ; free virtual = 17850
source /home/advent/Desktop/RC19/_x/link/vivado/vpl/scripts/impl_1/_full_opt_post.tcl
source /home/advent/Desktop/RC19/_x/link/vivado/vpl/scripts/impl_1/_full_place_pre.tcl
CRITICAL WARNING: [Vivado 12-4430] You are lowering the severity from an ERROR. This can potentially lead to board damage or other functionality issues on hardware. If this is not desired, please run 'reset_property SEVERITY [get_drc_checks HDPR-5]' to undo this change.
INFO: [Chipscope 16-240] Debug cores have already been implemented
Command: place_design
Attempting to get a license for feature 'Implementation' and/or device 'xcu55c'
INFO: [Common 17-349] Got license for feature 'Implementation' and/or device 'xcu55c'
INFO: [DRC 23-27] Running DRC with 8 threads
INFO: [Vivado_Tcl 4-198] DRC finished with 0 Errors
INFO: [Vivado_Tcl 4-199] Please refer to the DRC report (report_drc) for more information.
Running DRC as a precondition to command place_design
INFO: [DRC 23-27] Running DRC with 8 threads
INFO: [Vivado_Tcl 4-198] DRC finished with 0 Errors
INFO: [Vivado_Tcl 4-199] Please refer to the DRC report (report_drc) for more information.

Starting Placer Task
INFO: [Place 30-611] Multithreading enabled for place_design using a maximum of 8 CPUs

Phase 1 Placer Initialization

Phase 1.1 Placer Initialization Netlist Sorting
Netlist sorting complete. Time (s): cpu = 00:00:00.03 ; elapsed = 00:00:00.03 . Memory (MB): peak = 9309.398 ; gain = 0.000 ; free physical = 11951 ; free virtual = 17600
Phase 1.1 Placer Initialization Netlist Sorting | Checksum: 10dd7e27a

Time (s): cpu = 00:00:00.87 ; elapsed = 00:00:00.92 . Memory (MB): peak = 9309.398 ; gain = 0.000 ; free physical = 11946 ; free virtual = 17596
Netlist sorting complete. Time (s): cpu = 00:00:00.03 ; elapsed = 00:00:00.03 . Memory (MB): peak = 9309.398 ; gain = 0.000 ; free physical = 11946 ; free virtual = 17595

Phase 1.2 IO Placement/ Clock Placement/ Build Placer Device
INFO: [Timing 38-35] Done setting XDC timing constraints.
Phase 1.2 IO Placement/ Clock Placement/ Build Placer Device | Checksum: 1c39fe1e1

Time (s): cpu = 00:02:19 ; elapsed = 00:01:57 . Memory (MB): peak = 9524.383 ; gain = 214.984 ; free physical = 11263 ; free virtual = 16940

Phase 1.3 Build Placer Netlist Model
INFO: [Place 30-1040]   HIGH_PRIORITY Clock: clk_kernel_01_unbuffered_net
INFO: [Place 30-1040]   HIGH_PRIORITY Clock: clk_kernel_00_unbuffered_net
INFO: [Place 30-1040]   HIGH_PRIORITY Clock: hbm_aclk
INFO: [Place 30-1040]   HIGH_PRIORITY Clock: clk_out1_bd_39ab_clkwiz_level0_periph_0_1
INFO: [Place 30-1040]   HIGH_PRIORITY Clock: GTYE4_CHANNEL_TXOUTCLK[3]_7
INFO: [Place 30-1040]   HIGH_PRIORITY Clock: clk_out2_bd_39ab_clkwiz_level0_periph_0_1
Phase 1.3 Build Placer Netlist Model | Checksum: 20f6eb2c3

Time (s): cpu = 00:04:41 ; elapsed = 00:02:58 . Memory (MB): peak = 10799.117 ; gain = 1489.719 ; free physical = 10351 ; free virtual = 16045

Phase 1.4 Constrain Clocks/Macros
Phase 1.4 Constrain Clocks/Macros | Checksum: 20f6eb2c3

Time (s): cpu = 00:04:42 ; elapsed = 00:02:59 . Memory (MB): peak = 10799.117 ; gain = 1489.719 ; free physical = 10356 ; free virtual = 16051
Phase 1 Placer Initialization | Checksum: 20f6eb2c3

Time (s): cpu = 00:04:46 ; elapsed = 00:03:03 . Memory (MB): peak = 10799.117 ; gain = 1489.719 ; free physical = 10284 ; free virtual = 15980

Phase 2 Global Placement

Phase 2.1 Floorplanning
INFO: [Place 30-2086] Applied CLOCK_LOW_FANOUT constraint to clock net level0_i/ulp/ulp_ucs/inst/aclk_kernel_00_hierarchy/clock_throttling_aclk_kernel_00/U0/Clk_Int_Cont and placed all loads in clock region(s) X4Y3
INFO: [Place 30-2086] Applied CLOCK_LOW_FANOUT constraint to clock net level0_i/ulp/ulp_ucs/inst/aclk_kernel_01_hierarchy/clock_throttling_aclk_kernel_01/U0/Clk_Int_Cont and placed all loads in clock region(s) X4Y2

Phase 2.1.1 Partition Driven Placement

Phase 2.1.1.1 PBP: Partition Driven Placement
Phase 2.1.1.1 PBP: Partition Driven Placement | Checksum: 267eb09d3

Time (s): cpu = 00:06:02 ; elapsed = 00:03:34 . Memory (MB): peak = 10887.160 ; gain = 1577.762 ; free physical = 10099 ; free virtual = 15811

Phase 2.1.1.2 PBP: Clock Region Placement
WARNING: [Place 30-1995] Horizontal BUFCE_ROW programmable delay is capped at 6 for clock net level0_i/blp/blp_i/ss_hif/inst/pcie/inst/bd_39ab_pcie_0_gt_top_i/diablo_gt.diablo_gt_phy_wrapper/phy_clk_i/CLK_USERCLK due to PCIE_GT_DIFF_REGION MAX_SKEW requirements
Phase 2.1.1.2 PBP: Clock Region Placement | Checksum: 15910b5d7

Time (s): cpu = 00:06:22 ; elapsed = 00:03:55 . Memory (MB): peak = 10887.160 ; gain = 1577.762 ; free physical = 10016 ; free virtual = 15735

Phase 2.1.1.3 PBP: Compute Congestion
Phase 2.1.1.3 PBP: Compute Congestion | Checksum: 15910b5d7

Time (s): cpu = 00:06:30 ; elapsed = 00:03:58 . Memory (MB): peak = 11343.777 ; gain = 2034.379 ; free physical = 9670 ; free virtual = 15442

Phase 2.1.1.4 PBP: UpdateTiming
Phase 2.1.1.4 PBP: UpdateTiming | Checksum: 128365acf

Time (s): cpu = 00:07:12 ; elapsed = 00:04:07 . Memory (MB): peak = 11375.793 ; gain = 2066.395 ; free physical = 9595 ; free virtual = 15375

Phase 2.1.1.5 PBP: Add part constraints
Phase 2.1.1.5 PBP: Add part constraints | Checksum: 128365acf

Time (s): cpu = 00:07:13 ; elapsed = 00:04:08 . Memory (MB): peak = 11375.793 ; gain = 2066.395 ; free physical = 9599 ; free virtual = 15379
Phase 2.1.1 Partition Driven Placement | Checksum: 128365acf

Time (s): cpu = 00:07:14 ; elapsed = 00:04:09 . Memory (MB): peak = 11375.793 ; gain = 2066.395 ; free physical = 9706 ; free virtual = 15486
Phase 2.1 Floorplanning | Checksum: 128365acf

Time (s): cpu = 00:07:14 ; elapsed = 00:04:09 . Memory (MB): peak = 11375.793 ; gain = 2066.395 ; free physical = 9706 ; free virtual = 15486

Phase 2.2 Physical Synthesis After Floorplan
INFO: [Physopt 32-46] Identified 21 candidate nets for critical-cell optimization.
INFO: [Physopt 32-81] Processed net level0_i/ulp/ulp_ucs/inst/gapping_demand/gpio_gapping_demand/U0/AXI_LITE_IPIF_I/I_SLAVE_ATTACHMENT/SR[0]. Replicated 1 times.
INFO: [Physopt 32-81] Processed net level0_i/ulp/ulp_ucs/inst/ucs_control_status/gpio_ucs_control_status/U0/AXI_LITE_IPIF_I/I_SLAVE_ATTACHMENT/SR[0]. Replicated 1 times.
INFO: [Physopt 32-81] Processed net level0_i/ulp/ulp_ucs/inst/axi_ic_ctrl_mgmt_top/xbar/inst/gen_sasd.crossbar_sasd_0/m_atarget_enc[0]. Replicated 1 times.
INFO: [Physopt 32-81] Processed net level0_i/ulp/ulp_ucs/inst/axi_ic_ctrl_mgmt_top/xbar/inst/gen_sasd.crossbar_sasd_0/m_atarget_enc[1]. Replicated 1 times.
INFO: [Physopt 32-81] Processed net level0_i/ulp/ulp_ucs/inst/axi_ic_ctrl_mgmt_top/xbar/inst/gen_sasd.crossbar_sasd_0/m_atarget_enc[2]. Replicated 1 times.
INFO: [Physopt 32-81] Processed net level0_i/ulp/ulp_ucs/inst/axi_ic_ctrl_mgmt_top/xbar/inst/gen_sasd.crossbar_sasd_0/reg_slice_r/aa_rready. Replicated 1 times.
INFO: [Physopt 32-81] Processed net level0_i/ulp/ulp_ucs/inst/aclk_hbm_hierarchy/clkwiz_hbm/inst/AXI_LITE_IPIF_I/I_SLAVE_ATTACHMENT/SR[0]. Replicated 1 times.
INFO: [Physopt 32-81] Processed net level0_i/ulp/ulp_ucs/inst/aclk_kernel_00_hierarchy/clkwiz_aclk_kernel_00/inst/AXI_LITE_IPIF_I/I_SLAVE_ATTACHMENT/SR[0]. Replicated 1 times.
INFO: [Physopt 32-81] Processed net level0_i/ulp/ulp_ucs/inst/aclk_kernel_01_hierarchy/clkwiz_aclk_kernel_01/inst/AXI_LITE_IPIF_I/I_SLAVE_ATTACHMENT/SR[0]. Replicated 1 times.
INFO: [Physopt 32-81] Processed net level0_i/ulp/ulp_ucs/inst/axi_ic_ctrl_mgmt_top/xbar/inst/gen_sasd.crossbar_sasd_0/aresetn_d. Replicated 1 times.
INFO: [Physopt 32-81] Processed net level0_i/ulp/ulp_ucs/inst/build_info/U0/axi_lite_ipif_1/I_SLAVE_ATTACHMENT/rst. Replicated 1 times.
INFO: [Physopt 32-81] Processed net level0_i/ulp/ulp_ucs/inst/axi_ic_ctrl_mgmt_top/xbar/inst/gen_sasd.crossbar_sasd_0/addr_arbiter_inst/aa_grant_rnw. Replicated 1 times.
INFO: [Physopt 32-81] Processed net level0_i/ulp/ulp_ucs/inst/axi_ic_ctrl_mgmt_top/xbar/inst/gen_sasd.crossbar_sasd_0/addr_arbiter_inst/m_valid_i. Replicated 1 times.
INFO: [Physopt 32-81] Processed net level0_i/ulp/ulp_ucs/inst/axi_ic_ctrl_mgmt_top/xbar/inst/gen_sasd.crossbar_sasd_0/addr_arbiter_inst/p_0_in1_in. Replicated 1 times.
INFO: [Physopt 32-81] Processed net level0_i/ulp/ulp_ucs/inst/aclk_hbm_hierarchy/clkwiz_hbm/inst/AXI_LITE_IPIF_I/I_SLAVE_ATTACHMENT/s_axi_rresp_i. Replicated 1 times.
INFO: [Physopt 32-81] Processed net level0_i/ulp/ulp_ucs/inst/aclk_kernel_00_hierarchy/clkwiz_aclk_kernel_00/inst/AXI_LITE_IPIF_I/I_SLAVE_ATTACHMENT/s_axi_rresp_i. Replicated 1 times.
INFO: [Physopt 32-81] Processed net level0_i/ulp/ulp_ucs/inst/aclk_kernel_01_hierarchy/clkwiz_aclk_kernel_01/inst/AXI_LITE_IPIF_I/I_SLAVE_ATTACHMENT/s_axi_rresp_i. Replicated 1 times.
INFO: [Physopt 32-81] Processed net level0_i/ulp/ulp_ucs/inst/build_info/U0/axi_lite_ipif_1/I_SLAVE_ATTACHMENT/s_axi_rresp_i. Replicated 1 times.
INFO: [Physopt 32-81] Processed net level0_i/ulp/ulp_ucs/inst/gapping_demand/gpio_gapping_demand/U0/AXI_LITE_IPIF_I/I_SLAVE_ATTACHMENT/s_axi_rresp_i. Replicated 1 times.
INFO: [Physopt 32-81] Processed net level0_i/ulp/ulp_ucs/inst/ucs_control_status/gpio_ucs_control_status/U0/AXI_LITE_IPIF_I/I_SLAVE_ATTACHMENT/s_axi_rresp_i. Replicated 1 times.
INFO: [Physopt 32-775] End 1 Pass. Optimized 20 nets or cells. Created 20 new cells, deleted 0 existing cell and moved 0 existing cell
Netlist sorting complete. Time (s): cpu = 00:00:00.11 ; elapsed = 00:00:00.12 . Memory (MB): peak = 11375.793 ; gain = 0.000 ; free physical = 9658 ; free virtual = 15446
Netlist sorting complete. Time (s): cpu = 00:00:00.04 ; elapsed = 00:00:00.04 . Memory (MB): peak = 11375.793 ; gain = 0.000 ; free physical = 9669 ; free virtual = 15457

Summary of Physical Synthesis Optimizations
============================================


-----------------------------------------------------------------------------------------------------------------------------------------------
|  Optimization                         |  Added Cells  |  Removed Cells  |  Optimized Cells/Nets  |  Dont Touch  |  Iterations  |  Elapsed   |
-----------------------------------------------------------------------------------------------------------------------------------------------
|  PSIP Post Floorplan SLR Replication  |           20  |              0  |                    20  |           0  |           1  |  00:00:07  |
|  Total                                |           20  |              0  |                    20  |           0  |           1  |  00:00:07  |
-----------------------------------------------------------------------------------------------------------------------------------------------


Phase 2.2 Physical Synthesis After Floorplan | Checksum: 12f85d491

Time (s): cpu = 00:08:01 ; elapsed = 00:04:22 . Memory (MB): peak = 11375.793 ; gain = 2066.395 ; free physical = 9694 ; free virtual = 15484

Phase 2.3 Update Timing before SLR Path Opt
Phase 2.3 Update Timing before SLR Path Opt | Checksum: 1cea6cde9

Time (s): cpu = 00:08:03 ; elapsed = 00:04:23 . Memory (MB): peak = 11375.793 ; gain = 2066.395 ; free physical = 9728 ; free virtual = 15517

Phase 2.4 Post-Processing in Floorplanning
Phase 2.4 Post-Processing in Floorplanning | Checksum: 1d491ce3d

Time (s): cpu = 00:08:04 ; elapsed = 00:04:25 . Memory (MB): peak = 11375.793 ; gain = 2066.395 ; free physical = 9732 ; free virtual = 15523

Phase 2.5 Global Placement Core

Phase 2.5.1 UpdateTiming Before Physical Synthesis
Phase 2.5.1 UpdateTiming Before Physical Synthesis | Checksum: 28c4c8baf

Time (s): cpu = 00:16:55 ; elapsed = 00:08:42 . Memory (MB): peak = 12499.879 ; gain = 3190.480 ; free physical = 9581 ; free virtual = 15382

Phase 2.5.2 Physical Synthesis In Placer
INFO: [Physopt 32-1035] Found 3 LUTNM shape to break, 1651 LUT instances to create LUTNM shape
INFO: [Physopt 32-1044] Break lutnm for timing: one critical 3, two critical 0, total 3, new lutff created 0
INFO: [Physopt 32-1138] End 1 Pass. Optimized 673 nets or LUTs. Breaked 3 LUTs, combined 670 existing LUTs and moved 0 existing LUT
INFO: [Physopt 32-1030] Pass 1. Identified 44 candidate driver sets for equivalent driver rewiring.
INFO: [Physopt 32-661] Optimized 35 nets.  Re-placed 142 instances.
INFO: [Physopt 32-775] End 1 Pass. Optimized 35 nets or cells. Created 0 new cell, deleted 0 existing cell and moved 142 existing cells
Netlist sorting complete. Time (s): cpu = 00:00:00.28 ; elapsed = 00:00:00.28 . Memory (MB): peak = 12499.879 ; gain = 0.000 ; free physical = 9542 ; free virtual = 15343
INFO: [Physopt 32-76] Pass 1. Identified 4 candidate nets for fanout optimization.
INFO: [Physopt 32-81] Processed net level0_i/ulp/score_scale_u55c_kernel_1/inst/ap_rst_n_inv. Replicated 19 times.
INFO: [Physopt 32-81] Processed net level0_i/ulp/softmax_u55c_kernel_1/inst/ap_rst_n_inv. Replicated 17 times.
INFO: [Physopt 32-81] Processed net level0_i/ulp/attention_score_u55c_kernel_1/inst/ap_rst_n_inv. Replicated 15 times.
INFO: [Physopt 32-81] Processed net level0_i/ulp/causal_mask_u55c_kernel_1/inst/ap_rst_n_inv. Replicated 10 times.
INFO: [Physopt 32-232] Optimized 4 nets. Created 61 new instances.
INFO: [Physopt 32-775] End 1 Pass. Optimized 4 nets or cells. Created 61 new cells, deleted 0 existing cell and moved 0 existing cell
Netlist sorting complete. Time (s): cpu = 00:00:00.3 ; elapsed = 00:00:00.3 . Memory (MB): peak = 12499.879 ; gain = 0.000 ; free physical = 9544 ; free virtual = 15346
INFO: [Physopt 32-896] DSP level0_i/blp/blp_i/ss_cmc/inst/microblaze_cmc/U0/MicroBlaze_Core_I/Performance.Core/Data_Flow_I/MUL_Unit_I/Use_HW_MUL.Using_DSP48_Architectures.Doing_mul64.Virtex_MUL64.dsp_module_I2/Using_DSP48E1.DSP48E1_I1/Using_FPGA.DSP48E1_I1 is not considered for optimization due to don't touch constraint
INFO: [Physopt 32-896] DSP level0_i/blp/blp_i/ss_cmc/inst/microblaze_cmc/U0/MicroBlaze_Core_I/Performance.Core/Data_Flow_I/MUL_Unit_I/Use_HW_MUL.Using_DSP48_Architectures.Doing_mul64.Virtex_MUL64.dsp_module_I3/Using_DSP48E1.DSP48E1_I1/Using_FPGA.DSP48E1_I1 is not considered for optimization due to don't touch constraint
INFO: [Physopt 32-896] DSP level0_i/blp/blp_i/ss_cmc/inst/microblaze_cmc/U0/MicroBlaze_Core_I/Performance.Core/Data_Flow_I/MUL_Unit_I/Use_HW_MUL.Using_DSP48_Architectures.Doing_mul64.Virtex_MUL64.dsp_module_I4/Using_DSP48E1.DSP48E1_I1/Using_FPGA.DSP48E1_I1 is not considered for optimization due to don't touch constraint
INFO: [Physopt 32-896] DSP level0_i/blp/blp_i/ss_cmc/inst/microblaze_cmc/U0/MicroBlaze_Core_I/Performance.Core/Data_Flow_I/MUL_Unit_I/Use_HW_MUL.Using_DSP48_Architectures.dsp_module_I1/Using_DSP48E1.DSP48E1_I1/Using_FPGA.DSP48E1_I1 is not considered for optimization due to don't touch constraint
INFO: [Physopt 32-457] Pass 1. Identified 5 candidate cells for DSP register optimization.
INFO: [Physopt 32-665] Processed cell level0_i/ulp/attention_score_u55c_kernel_1/inst/grp_attention_score_core_hls_fu_277/mac_muladd_8s_8s_16s_17_4_1_U84/attention_score_u55c_kernel_mac_muladd_8s_8s_16s_17_4_1_DSP48_0_U/m_reg_reg. 8 registers were pushed out.
INFO: [Physopt 32-665] Processed cell level0_i/ulp/attention_score_u55c_kernel_1/inst/grp_attention_score_core_hls_fu_277/mac_muladd_8s_8s_16s_17_4_1_U83/attention_score_u55c_kernel_mac_muladd_8s_8s_16s_17_4_1_DSP48_0_U/p_reg_reg. 8 registers were pushed out.
INFO: [Physopt 32-665] Processed cell level0_i/ulp/attention_score_u55c_kernel_1/inst/grp_attention_score_core_hls_fu_277/mac_muladd_8s_8s_16s_17_4_1_U84/attention_score_u55c_kernel_mac_muladd_8s_8s_16s_17_4_1_DSP48_0_U/p_reg_reg. 8 registers were pushed out.
INFO: [Physopt 32-665] Processed cell level0_i/ulp/attention_score_u55c_kernel_1/inst/grp_attention_score_core_hls_fu_277/mac_muladd_8s_8s_16s_17_4_1_U83/attention_score_u55c_kernel_mac_muladd_8s_8s_16s_17_4_1_DSP48_0_U/m_reg_reg. 8 registers were pushed out.
INFO: [Physopt 32-665] Processed cell level0_i/ulp/attention_score_u55c_kernel_1/inst/grp_attention_score_core_hls_fu_277/mac_muladd_8s_8s_16s_17_4_1_U86/attention_score_u55c_kernel_mac_muladd_8s_8s_16s_17_4_1_DSP48_0_U/m_reg_reg. 8 registers were pushed out.
INFO: [Physopt 32-896] DSP level0_i/blp/blp_i/ss_cmc/inst/microblaze_cmc/U0/MicroBlaze_Core_I/Performance.Core/Data_Flow_I/MUL_Unit_I/Use_HW_MUL.Using_DSP48_Architectures.Doing_mul64.Virtex_MUL64.dsp_module_I2/Using_DSP48E1.DSP48E1_I1/Using_FPGA.DSP48E1_I1 is not considered for optimization due to don't touch constraint
INFO: [Physopt 32-896] DSP level0_i/blp/blp_i/ss_cmc/inst/microblaze_cmc/U0/MicroBlaze_Core_I/Performance.Core/Data_Flow_I/MUL_Unit_I/Use_HW_MUL.Using_DSP48_Architectures.Doing_mul64.Virtex_MUL64.dsp_module_I3/Using_DSP48E1.DSP48E1_I1/Using_FPGA.DSP48E1_I1 is not considered for optimization due to don't touch constraint
INFO: [Physopt 32-896] DSP level0_i/blp/blp_i/ss_cmc/inst/microblaze_cmc/U0/MicroBlaze_Core_I/Performance.Core/Data_Flow_I/MUL_Unit_I/Use_HW_MUL.Using_DSP48_Architectures.Doing_mul64.Virtex_MUL64.dsp_module_I4/Using_DSP48E1.DSP48E1_I1/Using_FPGA.DSP48E1_I1 is not considered for optimization due to don't touch constraint
INFO: [Physopt 32-896] DSP level0_i/blp/blp_i/ss_cmc/inst/microblaze_cmc/U0/MicroBlaze_Core_I/Performance.Core/Data_Flow_I/MUL_Unit_I/Use_HW_MUL.Using_DSP48_Architectures.dsp_module_I1/Using_DSP48E1.DSP48E1_I1/Using_FPGA.DSP48E1_I1 is not considered for optimization due to don't touch constraint
INFO: [Physopt 32-775] End 2 Pass. Optimized 5 nets or cells. Created 40 new cells, deleted 0 existing cell and moved 0 existing cell
Netlist sorting complete. Time (s): cpu = 00:00:00.1 ; elapsed = 00:00:00.09 . Memory (MB): peak = 12499.879 ; gain = 0.000 ; free physical = 9544 ; free virtual = 15345
INFO: [Physopt 32-1123] No candidate cells found for Shift Register to Pipeline optimization
INFO: [Physopt 32-775] End 2 Pass. Optimized 0 net or cell. Created 0 new cell, deleted 0 existing cell and moved 0 existing cell
INFO: [Physopt 32-775] End 1 Pass. Optimized 2 nets or cells. Created 14 new cells, deleted 0 existing cell and moved 0 existing cell
Netlist sorting complete. Time (s): cpu = 00:00:00.1 ; elapsed = 00:00:00.11 . Memory (MB): peak = 12499.879 ; gain = 0.000 ; free physical = 9544 ; free virtual = 15346
INFO: [Physopt 32-526] No candidate cells for BRAM register optimization found in the design
INFO: [Physopt 32-775] End 1 Pass. Optimized 0 net or cell. Created 0 new cell, deleted 0 existing cell and moved 0 existing cell
INFO: [Physopt 32-846] No candidate cells for URAM register optimization found in the design
INFO: [Physopt 32-775] End 2 Pass. Optimized 0 net or cell. Created 0 new cell, deleted 0 existing cell and moved 0 existing cell
INFO: [Physopt 32-949] No candidate nets found for dynamic/static region interface net replication
INFO: [Physopt 32-775] End 1 Pass. Optimized 0 net or cell. Created 0 new cell, deleted 0 existing cell and moved 0 existing cell
Netlist sorting complete. Time (s): cpu = 00:00:00.03 ; elapsed = 00:00:00.03 . Memory (MB): peak = 12499.879 ; gain = 0.000 ; free physical = 9569 ; free virtual = 15370

Summary of Physical Synthesis Optimizations
============================================


-----------------------------------------------------------------------------------------------------------------------------------------------------------
|  Optimization                                     |  Added Cells  |  Removed Cells  |  Optimized Cells/Nets  |  Dont Touch  |  Iterations  |  Elapsed   |
-----------------------------------------------------------------------------------------------------------------------------------------------------------
|  LUT Combining                                    |            3  |            670  |                   673  |           0  |           1  |  00:00:01  |
|  Retime                                           |            0  |              0  |                     0  |           0  |           1  |  00:00:00  |
|  Equivalent Driver Rewiring                       |            0  |              0  |                    35  |           0  |           1  |  00:00:03  |
|  Very High Fanout                                 |           61  |              0  |                     4  |           0  |           1  |  00:00:02  |
|  DSP Register                                     |           40  |              0  |                     5  |           8  |           1  |  00:00:01  |
|  Shift Register to Pipeline                       |            0  |              0  |                     0  |           0  |           1  |  00:00:00  |
|  Shift Register                                   |           14  |              0  |                     2  |           0  |           1  |  00:00:00  |
|  BRAM Register                                    |            0  |              0  |                     0  |         199  |           1  |  00:00:00  |
|  URAM Register                                    |            0  |              0  |                     0  |           0  |           1  |  00:00:00  |
|  Dynamic/Static Region Interface Net Replication  |            0  |              0  |                     0  |           0  |           1  |  00:00:00  |
|  Total                                            |          118  |            670  |                   719  |         207  |          10  |  00:00:07  |
-----------------------------------------------------------------------------------------------------------------------------------------------------------


Phase 2.5.2 Physical Synthesis In Placer | Checksum: 1a4cfcd0f

Time (s): cpu = 00:17:45 ; elapsed = 00:09:03 . Memory (MB): peak = 12499.879 ; gain = 3190.480 ; free physical = 9043 ; free virtual = 14910
Phase 2.5 Global Placement Core | Checksum: 1acbc55a9

Time (s): cpu = 00:18:24 ; elapsed = 00:09:25 . Memory (MB): peak = 12499.879 ; gain = 3190.480 ; free physical = 9055 ; free virtual = 14908
Phase 2 Global Placement | Checksum: 1acbc55a9

Time (s): cpu = 00:18:24 ; elapsed = 00:09:26 . Memory (MB): peak = 12499.879 ; gain = 3190.480 ; free physical = 9311 ; free virtual = 15165

Phase 3 Detail Placement

Phase 3.1 Commit Multi Column Macros
Phase 3.1 Commit Multi Column Macros | Checksum: 16b9af8f4

Time (s): cpu = 00:18:47 ; elapsed = 00:09:38 . Memory (MB): peak = 12499.879 ; gain = 3190.480 ; free physical = 9150 ; free virtual = 15024

Phase 3.2 Commit Most Macros & LUTRAMs
Phase 3.2 Commit Most Macros & LUTRAMs | Checksum: 131308944

Time (s): cpu = 00:19:04 ; elapsed = 00:09:49 . Memory (MB): peak = 12499.879 ; gain = 3190.480 ; free physical = 9027 ; free virtual = 14902

Phase 3.3 Small Shape DP

Phase 3.3.1 Small Shape Clustering
Phase 3.3.1 Small Shape Clustering | Checksum: bc518c41

Time (s): cpu = 00:20:32 ; elapsed = 00:10:17 . Memory (MB): peak = 12499.879 ; gain = 3190.480 ; free physical = 8803 ; free virtual = 14675

Phase 3.3.2 Flow Legalize Slice Clusters
Phase 3.3.2 Flow Legalize Slice Clusters | Checksum: cad3ee3c

Time (s): cpu = 00:20:38 ; elapsed = 00:10:22 . Memory (MB): peak = 12499.879 ; gain = 3190.480 ; free physical = 8745 ; free virtual = 14621

Phase 3.3.3 Slice Area Swap

Phase 3.3.3.1 Slice Area Swap Initial
Phase 3.3.3.1 Slice Area Swap Initial | Checksum: 87ce68a7

Time (s): cpu = 00:20:51 ; elapsed = 00:10:33 . Memory (MB): peak = 12499.879 ; gain = 3190.480 ; free physical = 8698 ; free virtual = 14582
Phase 3.3.3 Slice Area Swap | Checksum: 12b28330b

Time (s): cpu = 00:20:59 ; elapsed = 00:10:41 . Memory (MB): peak = 12499.879 ; gain = 3190.480 ; free physical = 8766 ; free virtual = 14651
Phase 3.3 Small Shape DP | Checksum: 15a675078

Time (s): cpu = 00:21:14 ; elapsed = 00:10:49 . Memory (MB): peak = 12499.879 ; gain = 3190.480 ; free physical = 8759 ; free virtual = 14649

Phase 3.4 Place Remaining
Phase 3.4 Place Remaining | Checksum: 15a675078

Time (s): cpu = 00:21:16 ; elapsed = 00:10:51 . Memory (MB): peak = 12499.879 ; gain = 3190.480 ; free physical = 8765 ; free virtual = 14656

Phase 3.5 Re-assign LUT pins
Phase 3.5 Re-assign LUT pins | Checksum: 1e5981378

Time (s): cpu = 00:21:22 ; elapsed = 00:10:54 . Memory (MB): peak = 12499.879 ; gain = 3190.480 ; free physical = 9414 ; free virtual = 15290

Phase 3.6 Pipeline Register Optimization
Phase 3.6 Pipeline Register Optimization | Checksum: 1e5981378

Time (s): cpu = 00:21:27 ; elapsed = 00:11:00 . Memory (MB): peak = 12499.879 ; gain = 3190.480 ; free physical = 9412 ; free virtual = 15288

Phase 3.7 Fast Optimization
Phase 3.7 Fast Optimization | Checksum: 11f93cf2f

Time (s): cpu = 00:22:53 ; elapsed = 00:11:15 . Memory (MB): peak = 12499.879 ; gain = 3190.480 ; free physical = 9182 ; free virtual = 15063
Phase 3 Detail Placement | Checksum: 11f93cf2f

Time (s): cpu = 00:22:54 ; elapsed = 00:11:16 . Memory (MB): peak = 12499.879 ; gain = 3190.480 ; free physical = 9197 ; free virtual = 15078

Phase 4 Post Placement Optimization and Clean-Up

Phase 4.1 Post Commit Optimization
INFO: [Timing 38-35] Done setting XDC timing constraints.
WARNING: [Place 30-1995] Horizontal BUFCE_ROW programmable delay is capped at 6 for clock net level0_i/blp/blp_i/ss_hif/inst/pcie/inst/bd_39ab_pcie_0_gt_top_i/diablo_gt.diablo_gt_phy_wrapper/phy_clk_i/CLK_USERCLK due to PCIE_GT_DIFF_REGION MAX_SKEW requirements

Phase 4.1.1 Post Placement Optimization
Post Placement Optimization Initialization | Checksum: 2003d96f6

Phase 4.1.1.1 BUFG Insertion

Starting Physical Synthesis Task

Phase 1 Physical Synthesis Initialization
INFO: [Physopt 32-721] Multithreading enabled for phys_opt_design using a maximum of 8 CPUs
INFO: [Physopt 32-619] Estimated Timing Summary | WNS=-0.006 | TNS=-0.050 |
Phase 1 Physical Synthesis Initialization | Checksum: 1dbc2c376

Time (s): cpu = 00:00:12 ; elapsed = 00:00:03 . Memory (MB): peak = 12499.879 ; gain = 0.000 ; free physical = 9149 ; free virtual = 15046
INFO: [Place 46-35] Processed net level0_i/ulp/ulp_ucs/inst/aclk_hbm_hierarchy/clkwiz_hbm/inst/AXI_LITE_IPIF_I/I_SLAVE_ATTACHMENT/rst_reg_0, inserted BUFG to drive 1087 loads.
INFO: [Place 46-35] Processed net level0_i/ulp/ulp_ucs/inst/aclk_kernel_00_hierarchy/clkwiz_aclk_kernel_00/inst/AXI_LITE_IPIF_I/I_SLAVE_ATTACHMENT/rst_reg_0, inserted BUFG to drive 1087 loads.
INFO: [Place 46-35] Processed net level0_i/ulp/ulp_ucs/inst/aclk_kernel_01_hierarchy/clkwiz_aclk_kernel_01/inst/AXI_LITE_IPIF_I/I_SLAVE_ATTACHMENT/rst_reg_0, inserted BUFG to drive 1087 loads.
INFO: [Place 46-56] BUFG insertion identified 3 candidate nets. Inserted BUFG: 3, Replicated BUFG Driver: 0, Skipped due to Placement/Routing Conflicts: 0, Skipped due to Timing Degradation: 0, Skipped due to Illegal Netlist: 0.
Ending Physical Synthesis Task | Checksum: 1bfa1412b

Time (s): cpu = 00:00:23 ; elapsed = 00:00:11 . Memory (MB): peak = 12499.879 ; gain = 0.000 ; free physical = 9144 ; free virtual = 15044
Phase 4.1.1.1 BUFG Insertion | Checksum: 16b9bc9e4

Time (s): cpu = 00:25:20 ; elapsed = 00:12:09 . Memory (MB): peak = 12499.879 ; gain = 3190.480 ; free physical = 9171 ; free virtual = 15072

Phase 4.1.1.2 BUFG Replication
INFO: [Place 46-63] BUFG replication identified 0 candidate nets: Replicated nets: 0, Replicated BUFGs: 0, Replicated BUFG Driver: 0, Skipped due to Placement / Routing Conflict: 0, Skipped due to Timing: 0, Skipped due to constraints: 0
Phase 4.1.1.2 BUFG Replication | Checksum: 16b9bc9e4

Time (s): cpu = 00:25:21 ; elapsed = 00:12:10 . Memory (MB): peak = 12499.879 ; gain = 3190.480 ; free physical = 9089 ; free virtual = 15011

Phase 4.1.1.3 Post Placement Timing Optimization
INFO: [Place 30-746] Post Placement Timing Summary WNS=-0.006. For the most accurate timing information please run report_timing.
Phase 4.1.1.3 Post Placement Timing Optimization | Checksum: 1fbb49877

Time (s): cpu = 00:25:59 ; elapsed = 00:12:47 . Memory (MB): peak = 12499.879 ; gain = 3190.480 ; free physical = 9072 ; free virtual = 15028

Phase 4.1.1.4 Replication
INFO: [Place 46-19] Post Replication Timing Summary WNS=-0.006. For the most accurate timing information please run report_timing.
Phase 4.1.1.4 Replication | Checksum: 1fbb49877

Time (s): cpu = 00:26:01 ; elapsed = 00:12:50 . Memory (MB): peak = 12499.879 ; gain = 3190.480 ; free physical = 9062 ; free virtual = 15018

Time (s): cpu = 00:26:01 ; elapsed = 00:12:50 . Memory (MB): peak = 12499.879 ; gain = 3190.480 ; free physical = 9070 ; free virtual = 15025
Phase 4.1 Post Commit Optimization | Checksum: 1fbb49877

Time (s): cpu = 00:26:02 ; elapsed = 00:12:51 . Memory (MB): peak = 12499.879 ; gain = 3190.480 ; free physical = 9070 ; free virtual = 15026
WARNING: [Place 30-1995] Horizontal BUFCE_ROW programmable delay is capped at 6 for clock net level0_i/blp/blp_i/ss_hif/inst/pcie/inst/bd_39ab_pcie_0_gt_top_i/diablo_gt.diablo_gt_phy_wrapper/phy_clk_i/CLK_USERCLK due to PCIE_GT_DIFF_REGION MAX_SKEW requirements
Netlist sorting complete. Time (s): cpu = 00:00:00.04 ; elapsed = 00:00:00.04 . Memory (MB): peak = 12564.672 ; gain = 0.000 ; free physical = 9050 ; free virtual = 15007

Phase 4.2 Post Placement Cleanup
Phase 4.2 Post Placement Cleanup | Checksum: 2af9e000c

Time (s): cpu = 00:26:34 ; elapsed = 00:13:17 . Memory (MB): peak = 12564.672 ; gain = 3255.273 ; free physical = 9161 ; free virtual = 15117

Phase 4.3 Placer Reporting

Phase 4.3.1 Print Estimated Congestion
INFO: [Place 30-612] Post-Placement Estimated Congestion 
 ________________________________________________________________________
|           | Global Congestion | Long Congestion   | Short Congestion  |
| Direction | Region Size       | Region Size       | Region Size       |
|___________|___________________|___________________|___________________|
|      North|              16x16|              16x16|              16x16|
|___________|___________________|___________________|___________________|
|      South|                8x8|              16x16|              16x16|
|___________|___________________|___________________|___________________|
|       East|                8x8|                1x1|              16x16|
|___________|___________________|___________________|___________________|
|       West|              16x16|                2x2|              16x16|
|___________|___________________|___________________|___________________|

Phase 4.3.1 Print Estimated Congestion | Checksum: 2af9e000c

Time (s): cpu = 00:26:38 ; elapsed = 00:13:20 . Memory (MB): peak = 12564.672 ; gain = 3255.273 ; free physical = 9170 ; free virtual = 15127
Phase 4.3 Placer Reporting | Checksum: 2af9e000c

Time (s): cpu = 00:26:42 ; elapsed = 00:13:24 . Memory (MB): peak = 12564.672 ; gain = 3255.273 ; free physical = 9170 ; free virtual = 15127

Phase 4.4 Final Placement Cleanup
Netlist sorting complete. Time (s): cpu = 00:00:00.04 ; elapsed = 00:00:00.03 . Memory (MB): peak = 12564.672 ; gain = 0.000 ; free physical = 9168 ; free virtual = 15125

Time (s): cpu = 00:26:42 ; elapsed = 00:13:24 . Memory (MB): peak = 12564.672 ; gain = 3255.273 ; free physical = 9168 ; free virtual = 15125
Phase 4 Post Placement Optimization and Clean-Up | Checksum: 2432306e2

Time (s): cpu = 00:26:46 ; elapsed = 00:13:28 . Memory (MB): peak = 12564.672 ; gain = 3255.273 ; free physical = 9146 ; free virtual = 15106
Ending Placer Task | Checksum: 1c73dc1ad

Time (s): cpu = 00:26:49 ; elapsed = 00:13:32 . Memory (MB): peak = 12564.672 ; gain = 3255.273 ; free physical = 9197 ; free virtual = 15181
INFO: [Common 17-83] Releasing license: Implementation
260 Infos, 222 Warnings, 2 Critical Warnings and 0 Errors encountered.
place_design completed successfully
place_design: Time (s): cpu = 00:27:33 ; elapsed = 00:13:49 . Memory (MB): peak = 12564.672 ; gain = 3287.289 ; free physical = 10455 ; free virtual = 16439
source /home/advent/Desktop/RC19/_x/link/vivado/vpl/scripts/impl_1/_full_place_post.tcl
report_accelerator_utilization: Time (s): cpu = 00:00:08 ; elapsed = 00:00:08 . Memory (MB): peak = 12564.672 ; gain = 0.000 ; free physical = 10474 ; free virtual = 16460
INFO: System Diagram: Run step: placed

report_utilization: Time (s): cpu = 00:00:19 ; elapsed = 00:00:19 . Memory (MB): peak = 12564.672 ; gain = 0.000 ; free physical = 10460 ; free virtual = 16454
report_utilization: Time (s): cpu = 00:00:13 ; elapsed = 00:00:13 . Memory (MB): peak = 12564.672 ; gain = 0.000 ; free physical = 10425 ; free virtual = 16421
Command: phys_opt_design
Attempting to get a license for feature 'Implementation' and/or device 'xcu55c'
INFO: [Common 17-349] Got license for feature 'Implementation' and/or device 'xcu55c'

Starting Initial Update Timing Task
WARNING: [Timing 38-172] LUT was found on clock network. Both rising/falling clock edges are propagated from LUT output pin. Use set_clock_sense to specify if that clock should be inverted or not. e.g. set_clock_sense -positive/-negative level0_i/blp/blp_i/ss_cmp/inst/mgmt_debug_bridge/inst/bs_mux/inst/update_INST_0/O

Time (s): cpu = 00:01:20 ; elapsed = 00:00:17 . Memory (MB): peak = 12564.672 ; gain = 0.000 ; free physical = 10306 ; free virtual = 16276
INFO: [Vivado_Tcl 4-383] Design worst setup slack (WNS) is greater than or equal to 0.000 ns. Skipping all physical synthesis optimizations.
INFO: [Vivado_Tcl 4-232] No setup violation found. The netlist was not modified.
INFO: [Common 17-83] Releasing license: Implementation
264 Infos, 223 Warnings, 2 Critical Warnings and 0 Errors encountered.
phys_opt_design completed successfully
phys_opt_design: Time (s): cpu = 00:01:37 ; elapsed = 00:00:26 . Memory (MB): peak = 12564.672 ; gain = 0.000 ; free physical = 10305 ; free virtual = 16275
Command: route_design
Attempting to get a license for feature 'Implementation' and/or device 'xcu55c'
INFO: [Common 17-349] Got license for feature 'Implementation' and/or device 'xcu55c'
Running DRC as a precondition to command route_design
INFO: [DRC 23-27] Running DRC with 8 threads
INFO: [Vivado_Tcl 4-198] DRC finished with 0 Errors
INFO: [Vivado_Tcl 4-199] Please refer to the DRC report (report_drc) for more information.


Starting Routing Task
INFO: [Route 35-254] Multithreading enabled for route_design using a maximum of 8 CPUs

Phase 1 Build RT Design
Checksum: PlaceDB: f9edcc30 ConstDB: 0 ShapeSum: 19668de8 RouteDB: b3e96795
Nodegraph reading from file.  Time (s): cpu = 00:00:01 ; elapsed = 00:00:01 . Memory (MB): peak = 12564.672 ; gain = 0.000 ; free physical = 9835 ; free virtual = 15815
Post Restoration Checksum: NetGraph: 7ec19de2 NumContArr: 559f4ddd Constraints: 684bb1e3 Timing: 0
Phase 1 Build RT Design | Checksum: 13cac9da2

Time (s): cpu = 00:02:12 ; elapsed = 00:00:52 . Memory (MB): peak = 12564.672 ; gain = 0.000 ; free physical = 9908 ; free virtual = 15893

Phase 2 Router Initialization

Phase 2.1 Fix Topology Constraints
Phase 2.1 Fix Topology Constraints | Checksum: 13cac9da2

Time (s): cpu = 00:02:17 ; elapsed = 00:00:57 . Memory (MB): peak = 12564.672 ; gain = 0.000 ; free physical = 9508 ; free virtual = 15502

Phase 2.2 Pre Route Cleanup
Phase 2.2 Pre Route Cleanup | Checksum: 13cac9da2

Time (s): cpu = 00:02:21 ; elapsed = 00:01:01 . Memory (MB): peak = 12564.672 ; gain = 0.000 ; free physical = 9514 ; free virtual = 15509

Phase 2.3 Global Clock Net Routing
 Number of Nodes with overlaps = 0
Phase 2.3 Global Clock Net Routing | Checksum: 17695c3b7

Time (s): cpu = 00:02:40 ; elapsed = 00:01:13 . Memory (MB): peak = 12564.672 ; gain = 0.000 ; free physical = 10442 ; free virtual = 16420

Phase 2.4 Update Timing
Phase 2.4 Update Timing | Checksum: 1e5edd8a2

Time (s): cpu = 00:03:51 ; elapsed = 00:01:38 . Memory (MB): peak = 12564.672 ; gain = 0.000 ; free physical = 10064 ; free virtual = 16067
INFO: [Route 35-416] Intermediate Timing Summary | WNS=-0.013 | TNS=-0.081 | WHS=-0.175 | THS=-37.183|


Phase 2.5 Update Timing for Bus Skew

Phase 2.5.1 Update Timing
Phase 2.5.1 Update Timing | Checksum: 22b7b9605

Time (s): cpu = 00:06:09 ; elapsed = 00:02:15 . Memory (MB): peak = 12564.672 ; gain = 0.000 ; free physical = 9974 ; free virtual = 15980
INFO: [Route 35-416] Intermediate Timing Summary | WNS=-0.013 | TNS=-0.013 | WHS=N/A    | THS=N/A    |

Phase 2.5 Update Timing for Bus Skew | Checksum: 246a00024

Time (s): cpu = 00:06:18 ; elapsed = 00:02:21 . Memory (MB): peak = 12564.672 ; gain = 0.000 ; free physical = 9977 ; free virtual = 15999

Router Utilization Summary
  Global Vertical Routing Utilization    = 0.000620061 %
  Global Horizontal Routing Utilization  = 0.000389476 %
  Routable Net Status*
  *Does not include unroutable nets such as driverless and loadless.
  Run report_route_status for detailed report.
  Number of Failed Nets               = 105961
    (Failed Nets is the sum of unrouted and partially routed nets)
  Number of Unrouted Nets             = 97601
  Number of Partially Routed Nets     = 8360
  Number of Node Overlaps             = 5

Phase 2 Router Initialization | Checksum: 1dca7a994

Time (s): cpu = 00:06:31 ; elapsed = 00:02:27 . Memory (MB): peak = 12564.672 ; gain = 0.000 ; free physical = 10007 ; free virtual = 16028

Phase 3 Initial Routing

Phase 3.1 Global Routing
Phase 3.1 Global Routing | Checksum: 1dca7a994

Time (s): cpu = 00:06:34 ; elapsed = 00:02:31 . Memory (MB): peak = 12564.672 ; gain = 0.000 ; free physical = 10021 ; free virtual = 16030
WARNING: [Route 35-3387] High violations detected on bus-skew constraints. This can potentially cause WNS degradation and routing congestion.
Resolution: Please review the set_bus_skew constraints.
Phase 3 Initial Routing | Checksum: 26abb8416

Time (s): cpu = 00:07:23 ; elapsed = 00:02:50 . Memory (MB): peak = 12564.672 ; gain = 0.000 ; free physical = 9895 ; free virtual = 15897

INFO: [Route 35-449] Initial Estimated Congestion
 ________________________________________________________________________
|           | Global Congestion | Long Congestion   | Short Congestion  |
|           |___________________|___________________|___________________|
| Direction | Size   | % Tiles  | Size   | % Tiles  | Size   | % Tiles  |
|___________|________|__________|________|__________|________|__________|
|      NORTH|     4x4|      0.08|     4x4|      0.11|     4x4|      0.14|
|___________|________|__________|________|__________|________|__________|
|      SOUTH|     2x2|      0.01|     4x4|      0.07|     2x2|      0.02|
|___________|________|__________|________|__________|________|__________|
|       EAST|     2x2|      0.01|     2x2|      0.02|     4x4|      0.13|
|___________|________|__________|________|__________|________|__________|
|       WEST|     4x4|      0.04|     2x2|      0.04|   16x16|      0.17|
|___________|________|__________|________|__________|________|__________|
Congestion Report
SHORT Congestion bounded by tiles (Lower Left Tile -> Upper Right Tile):
WEST
	INT_X33Y2->INT_X40Y17 (CLEM_X33Y2->CLEL_R_X40Y17)
	INT_X32Y8->INT_X39Y15 (CLEM_X32Y8->DSP_X39Y15)
	INT_X32Y7->INT_X39Y14 (CLEM_X32Y7->BLI_BLI_FT_X39Y0)
	INT_X32Y6->INT_X39Y13 (CLEM_X32Y6->BLI_BLI_FT_X39Y0)
	INT_X32Y5->INT_X39Y12 (CLEM_X32Y5->BLI_BLI_FT_X39Y0)

Phase 4 Rip-up And Reroute

Phase 4.1 Global Iteration 0
 Number of Nodes with overlaps = 12934
 Number of Nodes with overlaps = 905
 Number of Nodes with overlaps = 164
 Number of Nodes with overlaps = 77
 Number of Nodes with overlaps = 34
 Number of Nodes with overlaps = 20
 Number of Nodes with overlaps = 12
 Number of Nodes with overlaps = 3
 Number of Nodes with overlaps = 0
INFO: [Route 35-416] Intermediate Timing Summary | WNS=-0.010 | TNS=-0.057 | WHS=-0.150 | THS=-29.475|

Phase 4.1 Global Iteration 0 | Checksum: 1ddf41452

Time (s): cpu = 00:11:33 ; elapsed = 00:04:49 . Memory (MB): peak = 12564.672 ; gain = 0.000 ; free physical = 9842 ; free virtual = 15819

Phase 4.2 Global Iteration 1
 Number of Nodes with overlaps = 21
 Number of Nodes with overlaps = 0
INFO: [Route 35-416] Intermediate Timing Summary | WNS=-0.010 | TNS=-0.057 | WHS=N/A    | THS=N/A    |

Phase 4.2 Global Iteration 1 | Checksum: 20d48806e

Time (s): cpu = 00:12:45 ; elapsed = 00:05:30 . Memory (MB): peak = 12564.672 ; gain = 0.000 ; free physical = 9856 ; free virtual = 15836

Phase 4.3 Global Iteration 2
 Number of Nodes with overlaps = 4
 Number of Nodes with overlaps = 1
 Number of Nodes with overlaps = 0
INFO: [Route 35-416] Intermediate Timing Summary | WNS=-0.010 | TNS=-0.057 | WHS=N/A    | THS=N/A    |

Phase 4.3 Global Iteration 2 | Checksum: 2eaf7b1d5

Time (s): cpu = 00:13:22 ; elapsed = 00:05:55 . Memory (MB): peak = 12564.672 ; gain = 0.000 ; free physical = 9868 ; free virtual = 15849
Phase 4 Rip-up And Reroute | Checksum: 2eaf7b1d5

Time (s): cpu = 00:13:25 ; elapsed = 00:05:59 . Memory (MB): peak = 12564.672 ; gain = 0.000 ; free physical = 9876 ; free virtual = 15857

Phase 5 Delay and Skew Optimization

Phase 5.1 Delay CleanUp

Phase 5.1.1 Update Timing
Phase 5.1.1 Update Timing | Checksum: 2481d1492

Time (s): cpu = 00:14:22 ; elapsed = 00:06:17 . Memory (MB): peak = 12564.672 ; gain = 0.000 ; free physical = 9882 ; free virtual = 15862
INFO: [Route 35-416] Intermediate Timing Summary | WNS=-0.010 | TNS=-0.057 | WHS=-0.013 | THS=-0.039 |


Phase 5.1.2 Update Timing
Phase 5.1.2 Update Timing | Checksum: 221264917

Time (s): cpu = 00:15:07 ; elapsed = 00:06:32 . Memory (MB): peak = 12564.672 ; gain = 0.000 ; free physical = 9811 ; free virtual = 15792
INFO: [Route 35-416] Intermediate Timing Summary | WNS=-0.010 | TNS=-0.057 | WHS=-0.013 | THS=-0.039 |

Phase 5.1 Delay CleanUp | Checksum: 285efa74c

Time (s): cpu = 00:15:20 ; elapsed = 00:06:37 . Memory (MB): peak = 12564.672 ; gain = 0.000 ; free physical = 9853 ; free virtual = 15834

Phase 5.2 Clock Skew Optimization
Phase 5.2 Clock Skew Optimization | Checksum: 285efa74c

Time (s): cpu = 00:15:23 ; elapsed = 00:06:41 . Memory (MB): peak = 12564.672 ; gain = 0.000 ; free physical = 9845 ; free virtual = 15826
Phase 5 Delay and Skew Optimization | Checksum: 285efa74c

Time (s): cpu = 00:15:27 ; elapsed = 00:06:44 . Memory (MB): peak = 12564.672 ; gain = 0.000 ; free physical = 9852 ; free virtual = 15834

Phase 6 Post Hold Fix

Phase 6.1 Hold Fix Iter

Phase 6.1.1 Update Timing
Phase 6.1.1 Update Timing | Checksum: 2122b7f95

Time (s): cpu = 00:16:09 ; elapsed = 00:06:58 . Memory (MB): peak = 12564.672 ; gain = 0.000 ; free physical = 9836 ; free virtual = 15820
INFO: [Route 35-416] Intermediate Timing Summary | WNS=-0.010 | TNS=-0.057 | WHS=-0.013 | THS=-0.039 |

Phase 6.1 Hold Fix Iter | Checksum: 167e8d0e6

Time (s): cpu = 00:16:22 ; elapsed = 00:07:05 . Memory (MB): peak = 12564.672 ; gain = 0.000 ; free physical = 9679 ; free virtual = 15663
Phase 6 Post Hold Fix | Checksum: 221034333

Time (s): cpu = 00:16:26 ; elapsed = 00:07:08 . Memory (MB): peak = 12564.672 ; gain = 0.000 ; free physical = 9688 ; free virtual = 15672

Phase 7 Leaf Clock Prog Delay Opt

Phase 7.1 Delay CleanUp

Phase 7.1.1 Update Timing
Phase 7.1.1 Update Timing | Checksum: 1ea69dfc7

Time (s): cpu = 00:19:20 ; elapsed = 00:07:54 . Memory (MB): peak = 12564.672 ; gain = 0.000 ; free physical = 9350 ; free virtual = 15352
INFO: [Route 35-416] Intermediate Timing Summary | WNS=-0.010 | TNS=-0.057 | WHS=0.009  | THS=0.000  |


Phase 7.1.2 Update Timing
Phase 7.1.2 Update Timing | Checksum: 21f92054a

Time (s): cpu = 00:20:08 ; elapsed = 00:08:10 . Memory (MB): peak = 12564.672 ; gain = 0.000 ; free physical = 9251 ; free virtual = 15265
INFO: [Route 35-416] Intermediate Timing Summary | WNS=-0.010 | TNS=-0.057 | WHS=0.009  | THS=0.000  |

Phase 7.1 Delay CleanUp | Checksum: 16f3aefe4

Time (s): cpu = 00:20:21 ; elapsed = 00:08:15 . Memory (MB): peak = 12564.672 ; gain = 0.000 ; free physical = 9318 ; free virtual = 15328

Phase 7.2 Hold Fix Iter

Phase 7.2.1 Update Timing
Phase 7.2.1 Update Timing | Checksum: 226dfdfab

Time (s): cpu = 00:21:04 ; elapsed = 00:08:29 . Memory (MB): peak = 12564.672 ; gain = 0.000 ; free physical = 9313 ; free virtual = 15323
INFO: [Route 35-416] Intermediate Timing Summary | WNS=-0.010 | TNS=-0.057 | WHS=0.009  | THS=0.000  |

Phase 7.2 Hold Fix Iter | Checksum: 1fc8f9439

Time (s): cpu = 00:21:12 ; elapsed = 00:08:34 . Memory (MB): peak = 12564.672 ; gain = 0.000 ; free physical = 9316 ; free virtual = 15330
Phase 7 Leaf Clock Prog Delay Opt | Checksum: 1a1b7556d

Time (s): cpu = 00:22:48 ; elapsed = 00:09:01 . Memory (MB): peak = 12564.672 ; gain = 0.000 ; free physical = 9496 ; free virtual = 15510

Phase 8 Route finalize

Router Utilization Summary
  Global Vertical Routing Utilization    = 1.66455 %
  Global Horizontal Routing Utilization  = 1.59023 %
  Routable Net Status*
  *Does not include unroutable nets such as driverless and loadless.
  Run report_route_status for detailed report.
  Number of Failed Nets               = 0
    (Failed Nets is the sum of unrouted and partially routed nets)
  Number of Unrouted Nets             = 0
  Number of Partially Routed Nets     = 0
  Number of Node Overlaps             = 0

Congestion Report
North Dir 1x1 Area, Max Cong = 82.0513%, No Congested Regions.
South Dir 1x1 Area, Max Cong = 81.9905%, No Congested Regions.
East Dir 1x1 Area, Max Cong = 74.0385%, No Congested Regions.
West Dir 1x1 Area, Max Cong = 81.7308%, No Congested Regions.

------------------------------
Reporting congestion hotspots
------------------------------
Direction: North
----------------
Congested clusters found at Level 0
Effective congestion level: 0 Aspect Ratio: 1 Sparse Ratio: 0
Direction: South
----------------
Congested clusters found at Level 0
Effective congestion level: 0 Aspect Ratio: 1 Sparse Ratio: 0
Direction: East
----------------
Congested clusters found at Level 0
Effective congestion level: 0 Aspect Ratio: 1 Sparse Ratio: 0
Direction: West
----------------
Congested clusters found at Level 0
Effective congestion level: 0 Aspect Ratio: 1 Sparse Ratio: 0

Phase 8 Route finalize | Checksum: 15bed168d

Time (s): cpu = 00:22:56 ; elapsed = 00:09:06 . Memory (MB): peak = 12564.672 ; gain = 0.000 ; free physical = 9502 ; free virtual = 15517

Phase 9 Verifying routed nets

 Verification completed successfully
Phase 9 Verifying routed nets | Checksum: 15bed168d

Time (s): cpu = 00:23:00 ; elapsed = 00:09:10 . Memory (MB): peak = 12564.672 ; gain = 0.000 ; free physical = 9500 ; free virtual = 15515

Phase 10 Depositing Routes
Phase 10 Depositing Routes | Checksum: 15bed168d

Time (s): cpu = 00:23:22 ; elapsed = 00:09:26 . Memory (MB): peak = 12564.672 ; gain = 0.000 ; free physical = 9493 ; free virtual = 15509

Phase 11 Resolve XTalk
Phase 11 Resolve XTalk | Checksum: 15bed168d

Time (s): cpu = 00:23:26 ; elapsed = 00:09:30 . Memory (MB): peak = 12564.672 ; gain = 0.000 ; free physical = 9506 ; free virtual = 15522

Phase 12 Post Router Timing
INFO: [Route 35-57] Estimated Timing Summary | WNS=-0.010 | TNS=-0.057 | WHS=0.009  | THS=0.000  |

WARNING: [Route 35-328] Router estimated timing not met.
Resolution: For a complete and accurate timing signoff, report_timing_summary must be run after route_design. Alternatively, route_design can be run with the -timing_summary option to enable a complete timing signoff at the end of route_design.
Phase 12 Post Router Timing | Checksum: 15bed168d

Time (s): cpu = 00:23:52 ; elapsed = 00:09:37 . Memory (MB): peak = 12564.672 ; gain = 0.000 ; free physical = 9582 ; free virtual = 15598
Skip laguna hold fix in PhysOpt in Router as non-negative WHS value: 9.03988e-12 .
Time taken to check if laguna hold fix is required (in secs): 0
Skip PhysOpt in Router because non-negative WNS value: 2.93809e-12 .
INFO: [Route 35-16] Router Completed Successfully

Time (s): cpu = 00:25:37 ; elapsed = 00:10:10 . Memory (MB): peak = 12564.672 ; gain = 0.000 ; free physical = 10350 ; free virtual = 16388

Routing Is Done.
INFO: [Common 17-83] Releasing license: Implementation
284 Infos, 225 Warnings, 2 Critical Warnings and 0 Errors encountered.
route_design completed successfully
route_design: Time (s): cpu = 00:26:26 ; elapsed = 00:10:36 . Memory (MB): peak = 12564.672 ; gain = 0.000 ; free physical = 10350 ; free virtual = 16388
source /home/advent/Desktop/RC19/_x/link/vivado/vpl/scripts/impl_1/_full_route_post.tcl
report_accelerator_utilization: Time (s): cpu = 00:00:10 ; elapsed = 00:00:10 . Memory (MB): peak = 12564.672 ; gain = 0.000 ; free physical = 10333 ; free virtual = 16372
INFO: System Diagram: Run step: routed

report_utilization: Time (s): cpu = 00:00:21 ; elapsed = 00:00:21 . Memory (MB): peak = 12564.672 ; gain = 0.000 ; free physical = 10329 ; free virtual = 16369
report_utilization: Time (s): cpu = 00:00:13 ; elapsed = 00:00:14 . Memory (MB): peak = 12564.672 ; gain = 0.000 ; free physical = 10332 ; free virtual = 16372
WARNING: Unable to find metadata file: /home/advent/Desktop/RC19/_x/link/int/debug_ip_layout.rtd
Command: report_power
Running Vector-less Activity Propagation...

Finished Running Vector-less Activity Propagation
WARNING: [Power 33-404] DATARATE_xx properties have zero value for HBM Instance level0_i/ulp/hmss_0/inst/hbm_inst/inst/ONE_STACK.u_hbm_top/ONE_STACK_HBM.hbm_one_stack_intf. Please ensure correct values are entered for DATARATE to do an accurate power analysis.
WARNING: [Power 33-332] Found switching activity that implies high-fanout reset nets being asserted for excessive periods of time which may result in inaccurate power analysis.
Resolution: To review and fix problems, please run Power Constraints Advisor in the GUI from Tools > Power Constraints Advisor or run report_power with the -advisory option to generate a text report.
Copyright 1986-2022 Xilinx, Inc. All Rights Reserved.
----------------------------------------------------------------------------------------
| Tool Version     : Vivado v.2022.2 (lin64) Build 3671981 Fri Oct 14 04:59:54 MDT 2022
| Date             : Mon Apr 27 19:31:15 2026
| Host             : advent running 64-bit Ubuntu 20.04.6 LTS
| Command          : report_power
| Design           : level0_wrapper
| Device           : xcu55c-fsvh2892-2L-e
| Design State     : routed
| Grade            : extended
| Process          : typical
| Characterization : Production
----------------------------------------------------------------------------------------

Power Report

Table of Contents
-----------------
1. Summary
1.1 On-Chip Components
1.2 Power Supply Summary
1.3 Confidence Level
2. Settings
2.1 Environment
2.2 Clock Constraints
3. Detailed Reports
3.1 By Hierarchy

1. Summary
----------

+--------------------------+---------------+
| Total On-Chip Power (W)  | 22.147        |
|   FPGA Power (W)         | 19.486        |
|   HBM Power (W)          | 2.661         |
| Design Power Budget (W)  | 123.000       |
| Power Budget Margin (W)  | 100.853 (MET) |
| Dynamic (W)              | 14.355        |
| Device Static (W)        | 7.792         |
| Effective TJA (C/W)      | 0.8           |
| Max Ambient (C)          | 83.4          |
| Junction Temperature (C) | 71.6          |
| Confidence Level         | Low           |
| Setting File             | ---           |
| Simulation Activity File | ---           |
| Design Nets Matched      | NA            |
+--------------------------+---------------+


1.1 On-Chip Components
----------------------

+--------------------------+-----------+----------+-----------+-----------------+
| On-Chip                  | Power (W) | Used     | Available | Utilization (%) |
+--------------------------+-----------+----------+-----------+-----------------+
| Clocks                   |     1.699 |       69 |       --- |             --- |
| CLB Logic                |     1.272 |   412486 |       --- |             --- |
|   LUT as Distributed RAM |     0.503 |     9131 |    600960 |            1.52 |
|   LUT as Logic           |     0.470 |   133331 |   1303680 |           10.23 |
|   LUT as Shift Register  |     0.191 |     5785 |    600960 |            0.96 |
|   Register               |     0.096 |   206529 |   2607360 |            7.92 |
|   CARRY8                 |     0.012 |     1674 |    162960 |            1.03 |
|   Others                 |    <0.001 |     8712 |       --- |             --- |
|   BUFG                   |    <0.001 |        3 |        96 |            3.13 |
|   F7/F8 Muxes            |     0.000 |     3955 |   1303680 |            0.30 |
| Signals                  |     1.424 |   321622 |       --- |             --- |
| Block RAM                |     1.309 |      299 |      2016 |           14.83 |
| HBM                      |     3.605 |        1 |         2 |           50.00 |
| MMCM                     |     0.003 |        0 |       --- |             --- |
| PLL                      |     0.054 |        1 |       --- |             --- |
| DSPs                     |     0.066 |       80 |      9024 |            0.89 |
| I/O                      |     0.006 |       12 |       624 |            1.92 |
| GTY                      |     4.360 |       16 |        40 |           40.00 |
| Hard IPs                 |     0.538 |        1 |       --- |             --- |
|   PCIE                   |     0.538 |        1 |       --- |             --- |
| Static Power             |     7.792 |          |           |                 |
|   HBM Static             |     0.674 |          |           |                 |
|   Device Static          |     7.118 |          |           |                 |
| Total                    |    22.127 |          |           |                 |
+--------------------------+-----------+----------+-----------+-----------------+


1.2 Power Supply Summary
------------------------

+----------------+-------------+-----------+-------------+------------+-------------+-------------+--------------+
| Source         | Voltage (V) | Total (A) | Dynamic (A) | Static (A) | Powerup (A) | Budget (A)  | Margin (A)   |
+----------------+-------------+-----------+-------------+------------+-------------+-------------+--------------+
| 0V85_VCCINT    |       0.850 |    13.923 |       8.111 |      5.812 |       NA    |     100.000 | 86.077 (MET) |
|    Vccint      |       0.850 |    13.923 |       8.111 |      5.812 |       NA    | Grouped     | NA           |
| 0V85_VCCINT_IO |       0.850 |     2.216 |       1.427 |      0.789 |       NA    |      30.000 | 27.784 (MET) |
|    Vccint_io   |       0.850 |     1.911 |       1.276 |      0.636 |       NA    | Grouped     | NA           |
|    Vccbram     |       0.850 |     0.305 |       0.152 |      0.153 |       NA    | Grouped     | NA           |
| 0V9_AVCC       |       0.900 |     0.695 |       0.616 |      0.079 |       NA    | Unspecified | NA           |
|    MGTYAVcc    |       0.900 |     0.695 |       0.616 |      0.079 |       NA    | Grouped     | NA           |
| 1V2_AVTT       |       1.200 |     2.560 |       2.536 |      0.024 |       NA    | Unspecified | NA           |
|    MGTYAVtt    |       1.200 |     2.560 |       2.536 |      0.024 |       NA    | Grouped     | NA           |
| 1V2_HBM        |       1.200 |     1.382 |       1.059 |      0.323 |       NA    | Unspecified | NA           |
|    VCC_HBM     |       1.200 |     1.382 |       1.059 |      0.323 |       NA    | Grouped     | NA           |
| 1V8            |       1.800 |     0.960 |       0.178 |      0.782 |       NA    |       4.000 | 3.040 (MET)  |
|    Vccaux      |       1.800 |     0.802 |       0.081 |      0.721 |       NA    | Grouped     | NA           |
|    Vccaux_io   |       1.800 |     0.038 |       0.003 |      0.035 |       NA    | Grouped     | NA           |
|    MGTYVccaux  |       1.800 |     0.096 |       0.093 |      0.002 |       NA    | Grouped     | NA           |
|    Vcco18      |       1.800 |     0.000 |       0.000 |      0.000 |       NA    | Grouped     | NA           |
|    Vccadc      |       1.800 |     0.024 |       0.000 |      0.024 |       NA    | Grouped     | NA           |
| 2V5_VPP        |       2.500 |     0.073 |       0.024 |      0.049 |       NA    |       0.300 | 0.227 (MET)  |
|    VCCAUX_HBM  |       2.500 |     0.073 |       0.024 |      0.049 |       NA    | Grouped     | NA           |
| Vcco33         |       3.300 |     0.000 |       0.000 |      0.000 |       NA    | Unspecified | NA           |
| Vcco25         |       2.500 |     0.000 |       0.000 |      0.000 |       NA    | Unspecified | NA           |
| Vcco15         |       1.500 |     0.000 |       0.000 |      0.000 |       NA    | Unspecified | NA           |
| Vcco135        |       1.350 |     0.000 |       0.000 |      0.000 |       NA    | Unspecified | NA           |
| Vcco12         |       1.200 |     0.000 |       0.000 |      0.000 |       NA    | Unspecified | NA           |
| Vcco10         |       1.000 |     0.000 |       0.000 |      0.000 |       NA    | Unspecified | NA           |
| VCC_IO_HBM     |       1.200 |     0.970 |       0.832 |      0.138 |       NA    | Unspecified | NA           |
+----------------+-------------+-----------+-------------+------------+-------------+-------------+--------------+


1.3 Confidence Level
--------------------

+-----------------------------+------------+--------------------------------------------------------+------------------------------------------------------------------------------------------------------------+
| User Input Data             | Confidence | Details                                                | Action                                                                                                     |
+-----------------------------+------------+--------------------------------------------------------+------------------------------------------------------------------------------------------------------------+
| Design implementation state | High       | Design is routed                                       |                                                                                                            |
| Clock nodes activity        | High       | User specified more than 95% of clocks                 |                                                                                                            |
| I/O nodes activity          | Low        | More than 75% of inputs are missing user specification | Provide missing input activity with simulation results or by editing the "By Resource Type -> I/Os" view   |
| Internal nodes activity     | Medium     | User specified less than 25% of internal nodes         | Provide missing internal nodes activity with simulation results or by editing the "By Resource Type" views |
| Device models               | High       | Device models are Production                           |                                                                                                            |
|                             |            |                                                        |                                                                                                            |
| Overall confidence level    | Low        |                                                        |                                                                                                            |
+-----------------------------+------------+--------------------------------------------------------+------------------------------------------------------------------------------------------------------------+


2. Settings
-----------

2.1 Environment
---------------

+-----------------------+--------------------------+
| Ambient Temp (C)      | 55.0                     |
| ThetaJA (C/W)         | 0.8                      |
| Airflow (LFM)         | 250                      |
| Heat Sink             | medium (Medium Profile)  |
| ThetaSA (C/W)         | 0.5                      |
| Board Selection       | medium (10"x10")         |
| # of Board Layers     | 12to15 (12 to 15 Layers) |
| Board Temperature (C) | 25.0                     |
+-----------------------+--------------------------+


2.2 Clock Constraints
---------------------

+--------------------------------------------------------------------------------------------------------------------------------------------------------------------------------------------------------------------------------------------------------------------------------------------------------------------------------------------------------------------------------------------------------------------------+-----------------------------------------------------------------------------------------------------------------------------------------------------------------------------------------------------------------------------------------------------------------------------------------------------------------------------------------------------------------------------------------------------------+-----------------+
| Clock                                                                                                                                                                                                                                                                                                                                                                                                                    | Domain                                                                                                                                                                                                                                                                                                                                                                                                    | Constraint (ns) |
+--------------------------------------------------------------------------------------------------------------------------------------------------------------------------------------------------------------------------------------------------------------------------------------------------------------------------------------------------------------------------------------------------------------------------+-----------------------------------------------------------------------------------------------------------------------------------------------------------------------------------------------------------------------------------------------------------------------------------------------------------------------------------------------------------------------------------------------------------+-----------------+
| GTYE4_CHANNEL_QPLL0CLK[0]_4                                                                                                                                                                                                                                                                                                                                                                                              | level0_i/blp/blp_i/ss_hif/inst/pcie/inst/bd_39ab_pcie_0_gt_top_i/diablo_gt.diablo_gt_phy_wrapper/gt_wizard.gtwizard_top_i/bd_39ab_pcie_0_gt_i/inst/gen_gtwizard_gtye4_top.bd_39ab_pcie_0_gt_gtwizard_gtye4_inst/gen_gtwizard_gtye4.gen_common.gen_common_container[24].gen_enabled_common.gtye4_common_wrapper_inst/common_inst/GTYE4_CHANNEL_QPLL0CLK[0]                                                 |             0.2 |
| GTYE4_CHANNEL_QPLL0CLK[0]_5                                                                                                                                                                                                                                                                                                                                                                                              | level0_i/blp/blp_i/ss_hif/inst/pcie/inst/bd_39ab_pcie_0_gt_top_i/diablo_gt.diablo_gt_phy_wrapper/gt_wizard.gtwizard_top_i/bd_39ab_pcie_0_gt_i/inst/gen_gtwizard_gtye4_top.bd_39ab_pcie_0_gt_gtwizard_gtye4_inst/gen_gtwizard_gtye4.gen_common.gen_common_container[25].gen_enabled_common.gtye4_common_wrapper_inst/common_inst/GTYE4_CHANNEL_QPLL0CLK[0]                                                 |             0.2 |
| GTYE4_CHANNEL_QPLL0CLK[0]_6                                                                                                                                                                                                                                                                                                                                                                                              | level0_i/blp/blp_i/ss_hif/inst/pcie/inst/bd_39ab_pcie_0_gt_top_i/diablo_gt.diablo_gt_phy_wrapper/gt_wizard.gtwizard_top_i/bd_39ab_pcie_0_gt_i/inst/gen_gtwizard_gtye4_top.bd_39ab_pcie_0_gt_gtwizard_gtye4_inst/gen_gtwizard_gtye4.gen_common.gen_common_container[26].gen_enabled_common.gtye4_common_wrapper_inst/common_inst/GTYE4_CHANNEL_QPLL0CLK[0]                                                 |             0.2 |
| GTYE4_CHANNEL_QPLL0CLK[0]_7                                                                                                                                                                                                                                                                                                                                                                                              | level0_i/blp/blp_i/ss_hif/inst/pcie/inst/bd_39ab_pcie_0_gt_top_i/diablo_gt.diablo_gt_phy_wrapper/gt_wizard.gtwizard_top_i/bd_39ab_pcie_0_gt_i/inst/gen_gtwizard_gtye4_top.bd_39ab_pcie_0_gt_gtwizard_gtye4_inst/gen_gtwizard_gtye4.gen_common.gen_common_container[27].gen_enabled_common.gtye4_common_wrapper_inst/common_inst/GTYE4_CHANNEL_QPLL0CLK[0]                                                 |             0.2 |
| GTYE4_CHANNEL_QPLL0REFCLK[0]_4                                                                                                                                                                                                                                                                                                                                                                                           | level0_i/blp/blp_i/ss_hif/inst/pcie/inst/bd_39ab_pcie_0_gt_top_i/diablo_gt.diablo_gt_phy_wrapper/gt_wizard.gtwizard_top_i/bd_39ab_pcie_0_gt_i/inst/gen_gtwizard_gtye4_top.bd_39ab_pcie_0_gt_gtwizard_gtye4_inst/gen_gtwizard_gtye4.gen_common.gen_common_container[24].gen_enabled_common.gtye4_common_wrapper_inst/common_inst/GTYE4_CHANNEL_QPLL0REFCLK[0]                                              |            10.0 |
| GTYE4_CHANNEL_QPLL0REFCLK[0]_5                                                                                                                                                                                                                                                                                                                                                                                           | level0_i/blp/blp_i/ss_hif/inst/pcie/inst/bd_39ab_pcie_0_gt_top_i/diablo_gt.diablo_gt_phy_wrapper/gt_wizard.gtwizard_top_i/bd_39ab_pcie_0_gt_i/inst/gen_gtwizard_gtye4_top.bd_39ab_pcie_0_gt_gtwizard_gtye4_inst/gen_gtwizard_gtye4.gen_common.gen_common_container[25].gen_enabled_common.gtye4_common_wrapper_inst/common_inst/GTYE4_CHANNEL_QPLL0REFCLK[0]                                              |            10.0 |
| GTYE4_CHANNEL_QPLL0REFCLK[0]_6                                                                                                                                                                                                                                                                                                                                                                                           | level0_i/blp/blp_i/ss_hif/inst/pcie/inst/bd_39ab_pcie_0_gt_top_i/diablo_gt.diablo_gt_phy_wrapper/gt_wizard.gtwizard_top_i/bd_39ab_pcie_0_gt_i/inst/gen_gtwizard_gtye4_top.bd_39ab_pcie_0_gt_gtwizard_gtye4_inst/gen_gtwizard_gtye4.gen_common.gen_common_container[26].gen_enabled_common.gtye4_common_wrapper_inst/common_inst/GTYE4_CHANNEL_QPLL0REFCLK[0]                                              |            10.0 |
| GTYE4_CHANNEL_QPLL0REFCLK[0]_7                                                                                                                                                                                                                                                                                                                                                                                           | level0_i/blp/blp_i/ss_hif/inst/pcie/inst/bd_39ab_pcie_0_gt_top_i/diablo_gt.diablo_gt_phy_wrapper/gt_wizard.gtwizard_top_i/bd_39ab_pcie_0_gt_i/inst/gen_gtwizard_gtye4_top.bd_39ab_pcie_0_gt_gtwizard_gtye4_inst/gen_gtwizard_gtye4.gen_common.gen_common_container[27].gen_enabled_common.gtye4_common_wrapper_inst/common_inst/GTYE4_CHANNEL_QPLL0REFCLK[0]                                              |            10.0 |
| GTYE4_CHANNEL_QPLL1CLK[0]_4                                                                                                                                                                                                                                                                                                                                                                                              | level0_i/blp/blp_i/ss_hif/inst/pcie/inst/bd_39ab_pcie_0_gt_top_i/diablo_gt.diablo_gt_phy_wrapper/gt_wizard.gtwizard_top_i/bd_39ab_pcie_0_gt_i/inst/gen_gtwizard_gtye4_top.bd_39ab_pcie_0_gt_gtwizard_gtye4_inst/gen_gtwizard_gtye4.gen_common.gen_common_container[24].gen_enabled_common.gtye4_common_wrapper_inst/common_inst/GTYE4_CHANNEL_QPLL1CLK[0]                                                 |             0.2 |
| GTYE4_CHANNEL_QPLL1CLK[0]_5                                                                                                                                                                                                                                                                                                                                                                                              | level0_i/blp/blp_i/ss_hif/inst/pcie/inst/bd_39ab_pcie_0_gt_top_i/diablo_gt.diablo_gt_phy_wrapper/gt_wizard.gtwizard_top_i/bd_39ab_pcie_0_gt_i/inst/gen_gtwizard_gtye4_top.bd_39ab_pcie_0_gt_gtwizard_gtye4_inst/gen_gtwizard_gtye4.gen_common.gen_common_container[25].gen_enabled_common.gtye4_common_wrapper_inst/common_inst/GTYE4_CHANNEL_QPLL1CLK[0]                                                 |             0.2 |
| GTYE4_CHANNEL_QPLL1CLK[0]_6                                                                                                                                                                                                                                                                                                                                                                                              | level0_i/blp/blp_i/ss_hif/inst/pcie/inst/bd_39ab_pcie_0_gt_top_i/diablo_gt.diablo_gt_phy_wrapper/gt_wizard.gtwizard_top_i/bd_39ab_pcie_0_gt_i/inst/gen_gtwizard_gtye4_top.bd_39ab_pcie_0_gt_gtwizard_gtye4_inst/gen_gtwizard_gtye4.gen_common.gen_common_container[26].gen_enabled_common.gtye4_common_wrapper_inst/common_inst/GTYE4_CHANNEL_QPLL1CLK[0]                                                 |             0.2 |
| GTYE4_CHANNEL_QPLL1CLK[0]_7                                                                                                                                                                                                                                                                                                                                                                                              | level0_i/blp/blp_i/ss_hif/inst/pcie/inst/bd_39ab_pcie_0_gt_top_i/diablo_gt.diablo_gt_phy_wrapper/gt_wizard.gtwizard_top_i/bd_39ab_pcie_0_gt_i/inst/gen_gtwizard_gtye4_top.bd_39ab_pcie_0_gt_gtwizard_gtye4_inst/gen_gtwizard_gtye4.gen_common.gen_common_container[27].gen_enabled_common.gtye4_common_wrapper_inst/common_inst/GTYE4_CHANNEL_QPLL1CLK[0]                                                 |             0.2 |
| GTYE4_CHANNEL_QPLL1REFCLK[0]_4                                                                                                                                                                                                                                                                                                                                                                                           | level0_i/blp/blp_i/ss_hif/inst/pcie/inst/bd_39ab_pcie_0_gt_top_i/diablo_gt.diablo_gt_phy_wrapper/gt_wizard.gtwizard_top_i/bd_39ab_pcie_0_gt_i/inst/gen_gtwizard_gtye4_top.bd_39ab_pcie_0_gt_gtwizard_gtye4_inst/gen_gtwizard_gtye4.gen_common.gen_common_container[24].gen_enabled_common.gtye4_common_wrapper_inst/common_inst/GTYE4_CHANNEL_QPLL1REFCLK[0]                                              |            10.0 |
| GTYE4_CHANNEL_QPLL1REFCLK[0]_5                                                                                                                                                                                                                                                                                                                                                                                           | level0_i/blp/blp_i/ss_hif/inst/pcie/inst/bd_39ab_pcie_0_gt_top_i/diablo_gt.diablo_gt_phy_wrapper/gt_wizard.gtwizard_top_i/bd_39ab_pcie_0_gt_i/inst/gen_gtwizard_gtye4_top.bd_39ab_pcie_0_gt_gtwizard_gtye4_inst/gen_gtwizard_gtye4.gen_common.gen_common_container[25].gen_enabled_common.gtye4_common_wrapper_inst/common_inst/GTYE4_CHANNEL_QPLL1REFCLK[0]                                              |            10.0 |
| GTYE4_CHANNEL_QPLL1REFCLK[0]_6                                                                                                                                                                                                                                                                                                                                                                                           | level0_i/blp/blp_i/ss_hif/inst/pcie/inst/bd_39ab_pcie_0_gt_top_i/diablo_gt.diablo_gt_phy_wrapper/gt_wizard.gtwizard_top_i/bd_39ab_pcie_0_gt_i/inst/gen_gtwizard_gtye4_top.bd_39ab_pcie_0_gt_gtwizard_gtye4_inst/gen_gtwizard_gtye4.gen_common.gen_common_container[26].gen_enabled_common.gtye4_common_wrapper_inst/common_inst/GTYE4_CHANNEL_QPLL1REFCLK[0]                                              |            10.0 |
| GTYE4_CHANNEL_QPLL1REFCLK[0]_7                                                                                                                                                                                                                                                                                                                                                                                           | level0_i/blp/blp_i/ss_hif/inst/pcie/inst/bd_39ab_pcie_0_gt_top_i/diablo_gt.diablo_gt_phy_wrapper/gt_wizard.gtwizard_top_i/bd_39ab_pcie_0_gt_i/inst/gen_gtwizard_gtye4_top.bd_39ab_pcie_0_gt_gtwizard_gtye4_inst/gen_gtwizard_gtye4.gen_common.gen_common_container[27].gen_enabled_common.gtye4_common_wrapper_inst/common_inst/GTYE4_CHANNEL_QPLL1REFCLK[0]                                              |            10.0 |
| GTYE4_CHANNEL_TXOUTCLK[0]_4                                                                                                                                                                                                                                                                                                                                                                                              | level0_i/blp/blp_i/ss_hif/inst/pcie/inst/bd_39ab_pcie_0_gt_top_i/diablo_gt.diablo_gt_phy_wrapper/gt_wizard.gtwizard_top_i/bd_39ab_pcie_0_gt_i/inst/gen_gtwizard_gtye4_top.bd_39ab_pcie_0_gt_gtwizard_gtye4_inst/gen_gtwizard_gtye4.gen_channel_container[24].gen_enabled_channel.gtye4_channel_wrapper_inst/channel_inst/GTYE4_CHANNEL_TXOUTCLK[0]                                                        |             2.0 |
| GTYE4_CHANNEL_TXOUTCLK[0]_5                                                                                                                                                                                                                                                                                                                                                                                              | level0_i/blp/blp_i/ss_hif/inst/pcie/inst/bd_39ab_pcie_0_gt_top_i/diablo_gt.diablo_gt_phy_wrapper/gt_wizard.gtwizard_top_i/bd_39ab_pcie_0_gt_i/inst/gen_gtwizard_gtye4_top.bd_39ab_pcie_0_gt_gtwizard_gtye4_inst/gen_gtwizard_gtye4.gen_channel_container[25].gen_enabled_channel.gtye4_channel_wrapper_inst/channel_inst/GTYE4_CHANNEL_TXOUTCLK[0]                                                        |             2.0 |
| GTYE4_CHANNEL_TXOUTCLK[0]_6                                                                                                                                                                                                                                                                                                                                                                                              | level0_i/blp/blp_i/ss_hif/inst/pcie/inst/bd_39ab_pcie_0_gt_top_i/diablo_gt.diablo_gt_phy_wrapper/gt_wizard.gtwizard_top_i/bd_39ab_pcie_0_gt_i/inst/gen_gtwizard_gtye4_top.bd_39ab_pcie_0_gt_gtwizard_gtye4_inst/gen_gtwizard_gtye4.gen_channel_container[26].gen_enabled_channel.gtye4_channel_wrapper_inst/channel_inst/GTYE4_CHANNEL_TXOUTCLK[0]                                                        |             2.0 |
| GTYE4_CHANNEL_TXOUTCLK[0]_7                                                                                                                                                                                                                                                                                                                                                                                              | level0_i/blp/blp_i/ss_hif/inst/pcie/inst/bd_39ab_pcie_0_gt_top_i/diablo_gt.diablo_gt_phy_wrapper/gt_wizard.gtwizard_top_i/bd_39ab_pcie_0_gt_i/inst/gen_gtwizard_gtye4_top.bd_39ab_pcie_0_gt_gtwizard_gtye4_inst/gen_gtwizard_gtye4.gen_channel_container[27].gen_enabled_channel.gtye4_channel_wrapper_inst/channel_inst/GTYE4_CHANNEL_TXOUTCLK[0]                                                        |             2.0 |
| GTYE4_CHANNEL_TXOUTCLK[1]_4                                                                                                                                                                                                                                                                                                                                                                                              | level0_i/blp/blp_i/ss_hif/inst/pcie/inst/bd_39ab_pcie_0_gt_top_i/diablo_gt.diablo_gt_phy_wrapper/gt_wizard.gtwizard_top_i/bd_39ab_pcie_0_gt_i/inst/gen_gtwizard_gtye4_top.bd_39ab_pcie_0_gt_gtwizard_gtye4_inst/gen_gtwizard_gtye4.gen_channel_container[24].gen_enabled_channel.gtye4_channel_wrapper_inst/channel_inst/GTYE4_CHANNEL_TXOUTCLK[1]                                                        |             2.0 |
| GTYE4_CHANNEL_TXOUTCLK[1]_5                                                                                                                                                                                                                                                                                                                                                                                              | level0_i/blp/blp_i/ss_hif/inst/pcie/inst/bd_39ab_pcie_0_gt_top_i/diablo_gt.diablo_gt_phy_wrapper/gt_wizard.gtwizard_top_i/bd_39ab_pcie_0_gt_i/inst/gen_gtwizard_gtye4_top.bd_39ab_pcie_0_gt_gtwizard_gtye4_inst/gen_gtwizard_gtye4.gen_channel_container[25].gen_enabled_channel.gtye4_channel_wrapper_inst/channel_inst/GTYE4_CHANNEL_TXOUTCLK[1]                                                        |             2.0 |
| GTYE4_CHANNEL_TXOUTCLK[1]_6                                                                                                                                                                                                                                                                                                                                                                                              | level0_i/blp/blp_i/ss_hif/inst/pcie/inst/bd_39ab_pcie_0_gt_top_i/diablo_gt.diablo_gt_phy_wrapper/gt_wizard.gtwizard_top_i/bd_39ab_pcie_0_gt_i/inst/gen_gtwizard_gtye4_top.bd_39ab_pcie_0_gt_gtwizard_gtye4_inst/gen_gtwizard_gtye4.gen_channel_container[26].gen_enabled_channel.gtye4_channel_wrapper_inst/channel_inst/GTYE4_CHANNEL_TXOUTCLK[1]                                                        |             2.0 |
| GTYE4_CHANNEL_TXOUTCLK[1]_7                                                                                                                                                                                                                                                                                                                                                                                              | level0_i/blp/blp_i/ss_hif/inst/pcie/inst/bd_39ab_pcie_0_gt_top_i/diablo_gt.diablo_gt_phy_wrapper/gt_wizard.gtwizard_top_i/bd_39ab_pcie_0_gt_i/inst/gen_gtwizard_gtye4_top.bd_39ab_pcie_0_gt_gtwizard_gtye4_inst/gen_gtwizard_gtye4.gen_channel_container[27].gen_enabled_channel.gtye4_channel_wrapper_inst/channel_inst/GTYE4_CHANNEL_TXOUTCLK[1]                                                        |             2.0 |
| GTYE4_CHANNEL_TXOUTCLK[2]_4                                                                                                                                                                                                                                                                                                                                                                                              | level0_i/blp/blp_i/ss_hif/inst/pcie/inst/bd_39ab_pcie_0_gt_top_i/diablo_gt.diablo_gt_phy_wrapper/gt_wizard.gtwizard_top_i/bd_39ab_pcie_0_gt_i/inst/gen_gtwizard_gtye4_top.bd_39ab_pcie_0_gt_gtwizard_gtye4_inst/gen_gtwizard_gtye4.gen_channel_container[24].gen_enabled_channel.gtye4_channel_wrapper_inst/channel_inst/GTYE4_CHANNEL_TXOUTCLK[2]                                                        |             2.0 |
| GTYE4_CHANNEL_TXOUTCLK[2]_5                                                                                                                                                                                                                                                                                                                                                                                              | level0_i/blp/blp_i/ss_hif/inst/pcie/inst/bd_39ab_pcie_0_gt_top_i/diablo_gt.diablo_gt_phy_wrapper/gt_wizard.gtwizard_top_i/bd_39ab_pcie_0_gt_i/inst/gen_gtwizard_gtye4_top.bd_39ab_pcie_0_gt_gtwizard_gtye4_inst/gen_gtwizard_gtye4.gen_channel_container[25].gen_enabled_channel.gtye4_channel_wrapper_inst/channel_inst/GTYE4_CHANNEL_TXOUTCLK[2]                                                        |             2.0 |
| GTYE4_CHANNEL_TXOUTCLK[2]_6                                                                                                                                                                                                                                                                                                                                                                                              | level0_i/blp/blp_i/ss_hif/inst/pcie/inst/bd_39ab_pcie_0_gt_top_i/diablo_gt.diablo_gt_phy_wrapper/gt_wizard.gtwizard_top_i/bd_39ab_pcie_0_gt_i/inst/gen_gtwizard_gtye4_top.bd_39ab_pcie_0_gt_gtwizard_gtye4_inst/gen_gtwizard_gtye4.gen_channel_container[26].gen_enabled_channel.gtye4_channel_wrapper_inst/channel_inst/GTYE4_CHANNEL_TXOUTCLK[2]                                                        |             2.0 |
| GTYE4_CHANNEL_TXOUTCLK[2]_7                                                                                                                                                                                                                                                                                                                                                                                              | level0_i/blp/blp_i/ss_hif/inst/pcie/inst/bd_39ab_pcie_0_gt_top_i/diablo_gt.diablo_gt_phy_wrapper/gt_wizard.gtwizard_top_i/bd_39ab_pcie_0_gt_i/inst/gen_gtwizard_gtye4_top.bd_39ab_pcie_0_gt_gtwizard_gtye4_inst/gen_gtwizard_gtye4.gen_channel_container[27].gen_enabled_channel.gtye4_channel_wrapper_inst/channel_inst/GTYE4_CHANNEL_TXOUTCLK[2]                                                        |             2.0 |
| GTYE4_CHANNEL_TXOUTCLK[3]_4                                                                                                                                                                                                                                                                                                                                                                                              | level0_i/blp/blp_i/ss_hif/inst/pcie/inst/bd_39ab_pcie_0_gt_top_i/diablo_gt.diablo_gt_phy_wrapper/gt_wizard.gtwizard_top_i/bd_39ab_pcie_0_gt_i/inst/gen_gtwizard_gtye4_top.bd_39ab_pcie_0_gt_gtwizard_gtye4_inst/gen_gtwizard_gtye4.gen_channel_container[24].gen_enabled_channel.gtye4_channel_wrapper_inst/channel_inst/GTYE4_CHANNEL_TXOUTCLK[3]                                                        |             2.0 |
| GTYE4_CHANNEL_TXOUTCLK[3]_5                                                                                                                                                                                                                                                                                                                                                                                              | level0_i/blp/blp_i/ss_hif/inst/pcie/inst/bd_39ab_pcie_0_gt_top_i/diablo_gt.diablo_gt_phy_wrapper/gt_wizard.gtwizard_top_i/bd_39ab_pcie_0_gt_i/inst/gen_gtwizard_gtye4_top.bd_39ab_pcie_0_gt_gtwizard_gtye4_inst/gen_gtwizard_gtye4.gen_channel_container[25].gen_enabled_channel.gtye4_channel_wrapper_inst/channel_inst/GTYE4_CHANNEL_TXOUTCLK[3]                                                        |             2.0 |
| GTYE4_CHANNEL_TXOUTCLK[3]_6                                                                                                                                                                                                                                                                                                                                                                                              | level0_i/blp/blp_i/ss_hif/inst/pcie/inst/bd_39ab_pcie_0_gt_top_i/diablo_gt.diablo_gt_phy_wrapper/gt_wizard.gtwizard_top_i/bd_39ab_pcie_0_gt_i/inst/gen_gtwizard_gtye4_top.bd_39ab_pcie_0_gt_gtwizard_gtye4_inst/gen_gtwizard_gtye4.gen_channel_container[26].gen_enabled_channel.gtye4_channel_wrapper_inst/channel_inst/GTYE4_CHANNEL_TXOUTCLK[3]                                                        |             2.0 |
| GTYE4_CHANNEL_TXOUTCLK[3]_7                                                                                                                                                                                                                                                                                                                                                                                              | level0_i/blp/blp_i/ss_hif/inst/pcie/inst/bd_39ab_pcie_0_gt_top_i/diablo_gt.diablo_gt_phy_wrapper/gt_wizard.gtwizard_top_i/bd_39ab_pcie_0_gt_i/inst/gen_gtwizard_gtye4_top.bd_39ab_pcie_0_gt_gtwizard_gtye4_inst/gen_gtwizard_gtye4.gen_channel_container[27].gen_enabled_channel.gtye4_channel_wrapper_inst/channel_inst/GTYE4_CHANNEL_TXOUTCLK[3]                                                        |             2.0 |
| clk_kernel_00_unbuffered_net                                                                                                                                                                                                                                                                                                                                                                                             | level0_i/ulp/ulp_ucs/inst/aclk_kernel_00_hierarchy/clkwiz_aclk_kernel_00/inst/CLK_CORE_DRP_I/clk_inst/clk_out1                                                                                                                                                                                                                                                                                            |             3.3 |
| clk_kernel_01_unbuffered_net                                                                                                                                                                                                                                                                                                                                                                                             | level0_i/ulp/ulp_ucs/inst/aclk_kernel_01_hierarchy/clkwiz_aclk_kernel_01/inst/CLK_CORE_DRP_I/clk_inst/clk_out1                                                                                                                                                                                                                                                                                            |             2.0 |
| clk_out1_bd_39ab_clkwiz_level0_periph_0_1                                                                                                                                                                                                                                                                                                                                                                                | level0_i/blp/blp_i/ss_hif/inst/clkwiz_level0_periph/inst/clk_out1_bd_39ab_clkwiz_level0_periph_0                                                                                                                                                                                                                                                                                                          |            10.0 |
| clk_out2_bd_39ab_clkwiz_level0_periph_0_1                                                                                                                                                                                                                                                                                                                                                                                | level0_i/blp/blp_i/ss_hif/inst/clkwiz_level0_periph/inst/clk_out2_bd_39ab_clkwiz_level0_periph_0                                                                                                                                                                                                                                                                                                          |            20.0 |
| dma_ip_axi_aclk_1                                                                                                                                                                                                                                                                                                                                                                                                        | level0_i/blp/blp_i/ss_hif/inst/pcie/inst/bd_39ab_pcie_0_gt_top_i/diablo_gt.diablo_gt_phy_wrapper/phy_clk_i/CLK_USERCLK                                                                                                                                                                                                                                                                                    |             4.0 |
| hbm_aclk                                                                                                                                                                                                                                                                                                                                                                                                                 | level0_i/ulp/ulp_ucs/inst/aclk_hbm_hierarchy/clkwiz_hbm/inst/CLK_CORE_DRP_I/clk_inst/clk_out1_bd_22c0_clkwiz_hbm_0                                                                                                                                                                                                                                                                                        |             2.2 |
| io_clk_freerun_00_clk_p                                                                                                                                                                                                                                                                                                                                                                                                  | io_clk_freerun_00_clk_p                                                                                                                                                                                                                                                                                                                                                                                   |            10.0 |
| io_clk_pcie_00_clk_p                                                                                                                                                                                                                                                                                                                                                                                                     | io_clk_pcie_00_clk_p                                                                                                                                                                                                                                                                                                                                                                                      |            10.0 |
| level0_i/blp/blp_i/ss_cmp/inst/jtag_fallback/inst/bs_switch/inst/BSCAN_SWITCH.N_EXT_BSCAN.bscan_inst/SERIES7_BSCAN.bscan_inst/INTERNAL_TCK                                                                                                                                                                                                                                                                               | level0_i/blp/blp_i/ss_cmp/inst/jtag_fallback/inst/bs_switch/inst/BSCAN_SWITCH.N_EXT_BSCAN.bscan_inst/BSCAN_SWITCH.N_EXT_BSCAN.tck_bs                                                                                                                                                                                                                                                                      |            50.0 |
| level0_i/blp/blp_i/ss_cmp/inst/mdm_board_control/U0/No_Dbg_Reg_Access.BUFG_DRCK/Using_FPGA.Native/O                                                                                                                                                                                                                                                                                                                      | level0_i/blp/blp_i/ss_cmp/inst/mdm_board_control/U0/No_Dbg_Reg_Access.BUFG_DRCK/Dbg_Clk_0                                                                                                                                                                                                                                                                                                                 |           160.0 |
| level0_i/blp/blp_i/ss_cmp/inst/mdm_board_control/U0/Use_External.Use_BSCANID.No_Dbg_Reg_Access.BUFG_UPDATE/Using_FPGA.Native/O                                                                                                                                                                                                                                                                                           | level0_i/blp/blp_i/ss_cmp/inst/mdm_board_control/U0/Use_External.Use_BSCANID.No_Dbg_Reg_Access.BUFG_UPDATE/Dbg_Update_0                                                                                                                                                                                                                                                                                   |           100.0 |
| level0_i/blp/blp_i/ss_cmp/inst/mgmt_debug_bridge/inst/axi_jtag/inst/u_jtag_proc/tck_i_reg/Q                                                                                                                                                                                                                                                                                                                              | level0_i/blp/blp_i/ss_cmp/inst/mgmt_debug_bridge/inst/axi_jtag/inst/u_jtag_proc/tck                                                                                                                                                                                                                                                                                                                       |           160.0 |
| level0_i/blp/blp_i/ss_cmp/inst/mgmt_debug_bridge/inst/bsip/inst/USE_SOFTBSCAN.U_BSCAN_TAP/U_BASETAP/U_TAP/UPDATEDR_O_reg/Q                                                                                                                                                                                                                                                                                               | level0_i/blp/blp_i/ss_cmp/inst/mgmt_debug_bridge/inst/bsip/inst/USE_SOFTBSCAN.U_BSCAN_TAP/U_BASETAP/U_TAP/UPDATEDR_O                                                                                                                                                                                                                                                                                      |           160.0 |
| level0_i/blp/blp_i/ss_hif/inst/pcie/inst/bd_39ab_pcie_0_gt_top_i/diablo_gt.diablo_gt_phy_wrapper/gt_wizard.gtwizard_top_i/bd_39ab_pcie_0_gt_i/inst/gen_gtwizard_gtye4_top.bd_39ab_pcie_0_gt_gtwizard_gtye4_inst/gen_gtwizard_gtye4.gen_cpll_cal_gtye4.gen_cpll_cal_inst[0].gen_inst_cpll_cal.gtwizard_ultrascale_v1_7_10_gtye4_cpll_cal_inst/gtwizard_ultrascale_v1_7_10_gtye4_cpll_cal_tx_i/bufg_gt_txoutclkmon_inst/O  | level0_i/blp/blp_i/ss_hif/inst/pcie/inst/bd_39ab_pcie_0_gt_top_i/diablo_gt.diablo_gt_phy_wrapper/gt_wizard.gtwizard_top_i/bd_39ab_pcie_0_gt_i/inst/gen_gtwizard_gtye4_top.bd_39ab_pcie_0_gt_gtwizard_gtye4_inst/gen_gtwizard_gtye4.gen_cpll_cal_gtye4.gen_cpll_cal_inst[0].gen_inst_cpll_cal.gtwizard_ultrascale_v1_7_10_gtye4_cpll_cal_inst/gtwizard_ultrascale_v1_7_10_gtye4_cpll_cal_tx_i/txoutclkmon  |             8.0 |
| level0_i/blp/blp_i/ss_hif/inst/pcie/inst/bd_39ab_pcie_0_gt_top_i/diablo_gt.diablo_gt_phy_wrapper/gt_wizard.gtwizard_top_i/bd_39ab_pcie_0_gt_i/inst/gen_gtwizard_gtye4_top.bd_39ab_pcie_0_gt_gtwizard_gtye4_inst/gen_gtwizard_gtye4.gen_cpll_cal_gtye4.gen_cpll_cal_inst[10].gen_inst_cpll_cal.gtwizard_ultrascale_v1_7_10_gtye4_cpll_cal_inst/gtwizard_ultrascale_v1_7_10_gtye4_cpll_cal_tx_i/bufg_gt_txoutclkmon_inst/O | level0_i/blp/blp_i/ss_hif/inst/pcie/inst/bd_39ab_pcie_0_gt_top_i/diablo_gt.diablo_gt_phy_wrapper/gt_wizard.gtwizard_top_i/bd_39ab_pcie_0_gt_i/inst/gen_gtwizard_gtye4_top.bd_39ab_pcie_0_gt_gtwizard_gtye4_inst/gen_gtwizard_gtye4.gen_cpll_cal_gtye4.gen_cpll_cal_inst[10].gen_inst_cpll_cal.gtwizard_ultrascale_v1_7_10_gtye4_cpll_cal_inst/gtwizard_ultrascale_v1_7_10_gtye4_cpll_cal_tx_i/txoutclkmon |             8.0 |
| level0_i/blp/blp_i/ss_hif/inst/pcie/inst/bd_39ab_pcie_0_gt_top_i/diablo_gt.diablo_gt_phy_wrapper/gt_wizard.gtwizard_top_i/bd_39ab_pcie_0_gt_i/inst/gen_gtwizard_gtye4_top.bd_39ab_pcie_0_gt_gtwizard_gtye4_inst/gen_gtwizard_gtye4.gen_cpll_cal_gtye4.gen_cpll_cal_inst[11].gen_inst_cpll_cal.gtwizard_ultrascale_v1_7_10_gtye4_cpll_cal_inst/gtwizard_ultrascale_v1_7_10_gtye4_cpll_cal_tx_i/bufg_gt_txoutclkmon_inst/O | level0_i/blp/blp_i/ss_hif/inst/pcie/inst/bd_39ab_pcie_0_gt_top_i/diablo_gt.diablo_gt_phy_wrapper/gt_wizard.gtwizard_top_i/bd_39ab_pcie_0_gt_i/inst/gen_gtwizard_gtye4_top.bd_39ab_pcie_0_gt_gtwizard_gtye4_inst/gen_gtwizard_gtye4.gen_cpll_cal_gtye4.gen_cpll_cal_inst[11].gen_inst_cpll_cal.gtwizard_ultrascale_v1_7_10_gtye4_cpll_cal_inst/gtwizard_ultrascale_v1_7_10_gtye4_cpll_cal_tx_i/txoutclkmon |             8.0 |
| level0_i/blp/blp_i/ss_hif/inst/pcie/inst/bd_39ab_pcie_0_gt_top_i/diablo_gt.diablo_gt_phy_wrapper/gt_wizard.gtwizard_top_i/bd_39ab_pcie_0_gt_i/inst/gen_gtwizard_gtye4_top.bd_39ab_pcie_0_gt_gtwizard_gtye4_inst/gen_gtwizard_gtye4.gen_cpll_cal_gtye4.gen_cpll_cal_inst[12].gen_inst_cpll_cal.gtwizard_ultrascale_v1_7_10_gtye4_cpll_cal_inst/gtwizard_ultrascale_v1_7_10_gtye4_cpll_cal_tx_i/bufg_gt_txoutclkmon_inst/O | level0_i/blp/blp_i/ss_hif/inst/pcie/inst/bd_39ab_pcie_0_gt_top_i/diablo_gt.diablo_gt_phy_wrapper/gt_wizard.gtwizard_top_i/bd_39ab_pcie_0_gt_i/inst/gen_gtwizard_gtye4_top.bd_39ab_pcie_0_gt_gtwizard_gtye4_inst/gen_gtwizard_gtye4.gen_cpll_cal_gtye4.gen_cpll_cal_inst[12].gen_inst_cpll_cal.gtwizard_ultrascale_v1_7_10_gtye4_cpll_cal_inst/gtwizard_ultrascale_v1_7_10_gtye4_cpll_cal_tx_i/txoutclkmon |             8.0 |
| level0_i/blp/blp_i/ss_hif/inst/pcie/inst/bd_39ab_pcie_0_gt_top_i/diablo_gt.diablo_gt_phy_wrapper/gt_wizard.gtwizard_top_i/bd_39ab_pcie_0_gt_i/inst/gen_gtwizard_gtye4_top.bd_39ab_pcie_0_gt_gtwizard_gtye4_inst/gen_gtwizard_gtye4.gen_cpll_cal_gtye4.gen_cpll_cal_inst[13].gen_inst_cpll_cal.gtwizard_ultrascale_v1_7_10_gtye4_cpll_cal_inst/gtwizard_ultrascale_v1_7_10_gtye4_cpll_cal_tx_i/bufg_gt_txoutclkmon_inst/O | level0_i/blp/blp_i/ss_hif/inst/pcie/inst/bd_39ab_pcie_0_gt_top_i/diablo_gt.diablo_gt_phy_wrapper/gt_wizard.gtwizard_top_i/bd_39ab_pcie_0_gt_i/inst/gen_gtwizard_gtye4_top.bd_39ab_pcie_0_gt_gtwizard_gtye4_inst/gen_gtwizard_gtye4.gen_cpll_cal_gtye4.gen_cpll_cal_inst[13].gen_inst_cpll_cal.gtwizard_ultrascale_v1_7_10_gtye4_cpll_cal_inst/gtwizard_ultrascale_v1_7_10_gtye4_cpll_cal_tx_i/txoutclkmon |             8.0 |
| level0_i/blp/blp_i/ss_hif/inst/pcie/inst/bd_39ab_pcie_0_gt_top_i/diablo_gt.diablo_gt_phy_wrapper/gt_wizard.gtwizard_top_i/bd_39ab_pcie_0_gt_i/inst/gen_gtwizard_gtye4_top.bd_39ab_pcie_0_gt_gtwizard_gtye4_inst/gen_gtwizard_gtye4.gen_cpll_cal_gtye4.gen_cpll_cal_inst[14].gen_inst_cpll_cal.gtwizard_ultrascale_v1_7_10_gtye4_cpll_cal_inst/gtwizard_ultrascale_v1_7_10_gtye4_cpll_cal_tx_i/bufg_gt_txoutclkmon_inst/O | level0_i/blp/blp_i/ss_hif/inst/pcie/inst/bd_39ab_pcie_0_gt_top_i/diablo_gt.diablo_gt_phy_wrapper/gt_wizard.gtwizard_top_i/bd_39ab_pcie_0_gt_i/inst/gen_gtwizard_gtye4_top.bd_39ab_pcie_0_gt_gtwizard_gtye4_inst/gen_gtwizard_gtye4.gen_cpll_cal_gtye4.gen_cpll_cal_inst[14].gen_inst_cpll_cal.gtwizard_ultrascale_v1_7_10_gtye4_cpll_cal_inst/gtwizard_ultrascale_v1_7_10_gtye4_cpll_cal_tx_i/txoutclkmon |             8.0 |
| level0_i/blp/blp_i/ss_hif/inst/pcie/inst/bd_39ab_pcie_0_gt_top_i/diablo_gt.diablo_gt_phy_wrapper/gt_wizard.gtwizard_top_i/bd_39ab_pcie_0_gt_i/inst/gen_gtwizard_gtye4_top.bd_39ab_pcie_0_gt_gtwizard_gtye4_inst/gen_gtwizard_gtye4.gen_cpll_cal_gtye4.gen_cpll_cal_inst[15].gen_inst_cpll_cal.gtwizard_ultrascale_v1_7_10_gtye4_cpll_cal_inst/gtwizard_ultrascale_v1_7_10_gtye4_cpll_cal_tx_i/bufg_gt_txoutclkmon_inst/O | level0_i/blp/blp_i/ss_hif/inst/pcie/inst/bd_39ab_pcie_0_gt_top_i/diablo_gt.diablo_gt_phy_wrapper/gt_wizard.gtwizard_top_i/bd_39ab_pcie_0_gt_i/inst/gen_gtwizard_gtye4_top.bd_39ab_pcie_0_gt_gtwizard_gtye4_inst/gen_gtwizard_gtye4.gen_cpll_cal_gtye4.gen_cpll_cal_inst[15].gen_inst_cpll_cal.gtwizard_ultrascale_v1_7_10_gtye4_cpll_cal_inst/gtwizard_ultrascale_v1_7_10_gtye4_cpll_cal_tx_i/txoutclkmon |             8.0 |
| level0_i/blp/blp_i/ss_hif/inst/pcie/inst/bd_39ab_pcie_0_gt_top_i/diablo_gt.diablo_gt_phy_wrapper/gt_wizard.gtwizard_top_i/bd_39ab_pcie_0_gt_i/inst/gen_gtwizard_gtye4_top.bd_39ab_pcie_0_gt_gtwizard_gtye4_inst/gen_gtwizard_gtye4.gen_cpll_cal_gtye4.gen_cpll_cal_inst[1].gen_inst_cpll_cal.gtwizard_ultrascale_v1_7_10_gtye4_cpll_cal_inst/gtwizard_ultrascale_v1_7_10_gtye4_cpll_cal_tx_i/bufg_gt_txoutclkmon_inst/O  | level0_i/blp/blp_i/ss_hif/inst/pcie/inst/bd_39ab_pcie_0_gt_top_i/diablo_gt.diablo_gt_phy_wrapper/gt_wizard.gtwizard_top_i/bd_39ab_pcie_0_gt_i/inst/gen_gtwizard_gtye4_top.bd_39ab_pcie_0_gt_gtwizard_gtye4_inst/gen_gtwizard_gtye4.gen_cpll_cal_gtye4.gen_cpll_cal_inst[1].gen_inst_cpll_cal.gtwizard_ultrascale_v1_7_10_gtye4_cpll_cal_inst/gtwizard_ultrascale_v1_7_10_gtye4_cpll_cal_tx_i/txoutclkmon  |             8.0 |
| level0_i/blp/blp_i/ss_hif/inst/pcie/inst/bd_39ab_pcie_0_gt_top_i/diablo_gt.diablo_gt_phy_wrapper/gt_wizard.gtwizard_top_i/bd_39ab_pcie_0_gt_i/inst/gen_gtwizard_gtye4_top.bd_39ab_pcie_0_gt_gtwizard_gtye4_inst/gen_gtwizard_gtye4.gen_cpll_cal_gtye4.gen_cpll_cal_inst[2].gen_inst_cpll_cal.gtwizard_ultrascale_v1_7_10_gtye4_cpll_cal_inst/gtwizard_ultrascale_v1_7_10_gtye4_cpll_cal_tx_i/bufg_gt_txoutclkmon_inst/O  | level0_i/blp/blp_i/ss_hif/inst/pcie/inst/bd_39ab_pcie_0_gt_top_i/diablo_gt.diablo_gt_phy_wrapper/gt_wizard.gtwizard_top_i/bd_39ab_pcie_0_gt_i/inst/gen_gtwizard_gtye4_top.bd_39ab_pcie_0_gt_gtwizard_gtye4_inst/gen_gtwizard_gtye4.gen_cpll_cal_gtye4.gen_cpll_cal_inst[2].gen_inst_cpll_cal.gtwizard_ultrascale_v1_7_10_gtye4_cpll_cal_inst/gtwizard_ultrascale_v1_7_10_gtye4_cpll_cal_tx_i/txoutclkmon  |             8.0 |
| level0_i/blp/blp_i/ss_hif/inst/pcie/inst/bd_39ab_pcie_0_gt_top_i/diablo_gt.diablo_gt_phy_wrapper/gt_wizard.gtwizard_top_i/bd_39ab_pcie_0_gt_i/inst/gen_gtwizard_gtye4_top.bd_39ab_pcie_0_gt_gtwizard_gtye4_inst/gen_gtwizard_gtye4.gen_cpll_cal_gtye4.gen_cpll_cal_inst[3].gen_inst_cpll_cal.gtwizard_ultrascale_v1_7_10_gtye4_cpll_cal_inst/gtwizard_ultrascale_v1_7_10_gtye4_cpll_cal_tx_i/bufg_gt_txoutclkmon_inst/O  | level0_i/blp/blp_i/ss_hif/inst/pcie/inst/bd_39ab_pcie_0_gt_top_i/diablo_gt.diablo_gt_phy_wrapper/gt_wizard.gtwizard_top_i/bd_39ab_pcie_0_gt_i/inst/gen_gtwizard_gtye4_top.bd_39ab_pcie_0_gt_gtwizard_gtye4_inst/gen_gtwizard_gtye4.gen_cpll_cal_gtye4.gen_cpll_cal_inst[3].gen_inst_cpll_cal.gtwizard_ultrascale_v1_7_10_gtye4_cpll_cal_inst/gtwizard_ultrascale_v1_7_10_gtye4_cpll_cal_tx_i/txoutclkmon  |             8.0 |
| level0_i/blp/blp_i/ss_hif/inst/pcie/inst/bd_39ab_pcie_0_gt_top_i/diablo_gt.diablo_gt_phy_wrapper/gt_wizard.gtwizard_top_i/bd_39ab_pcie_0_gt_i/inst/gen_gtwizard_gtye4_top.bd_39ab_pcie_0_gt_gtwizard_gtye4_inst/gen_gtwizard_gtye4.gen_cpll_cal_gtye4.gen_cpll_cal_inst[4].gen_inst_cpll_cal.gtwizard_ultrascale_v1_7_10_gtye4_cpll_cal_inst/gtwizard_ultrascale_v1_7_10_gtye4_cpll_cal_tx_i/bufg_gt_txoutclkmon_inst/O  | level0_i/blp/blp_i/ss_hif/inst/pcie/inst/bd_39ab_pcie_0_gt_top_i/diablo_gt.diablo_gt_phy_wrapper/gt_wizard.gtwizard_top_i/bd_39ab_pcie_0_gt_i/inst/gen_gtwizard_gtye4_top.bd_39ab_pcie_0_gt_gtwizard_gtye4_inst/gen_gtwizard_gtye4.gen_cpll_cal_gtye4.gen_cpll_cal_inst[4].gen_inst_cpll_cal.gtwizard_ultrascale_v1_7_10_gtye4_cpll_cal_inst/gtwizard_ultrascale_v1_7_10_gtye4_cpll_cal_tx_i/txoutclkmon  |             8.0 |
| level0_i/blp/blp_i/ss_hif/inst/pcie/inst/bd_39ab_pcie_0_gt_top_i/diablo_gt.diablo_gt_phy_wrapper/gt_wizard.gtwizard_top_i/bd_39ab_pcie_0_gt_i/inst/gen_gtwizard_gtye4_top.bd_39ab_pcie_0_gt_gtwizard_gtye4_inst/gen_gtwizard_gtye4.gen_cpll_cal_gtye4.gen_cpll_cal_inst[5].gen_inst_cpll_cal.gtwizard_ultrascale_v1_7_10_gtye4_cpll_cal_inst/gtwizard_ultrascale_v1_7_10_gtye4_cpll_cal_tx_i/bufg_gt_txoutclkmon_inst/O  | level0_i/blp/blp_i/ss_hif/inst/pcie/inst/bd_39ab_pcie_0_gt_top_i/diablo_gt.diablo_gt_phy_wrapper/gt_wizard.gtwizard_top_i/bd_39ab_pcie_0_gt_i/inst/gen_gtwizard_gtye4_top.bd_39ab_pcie_0_gt_gtwizard_gtye4_inst/gen_gtwizard_gtye4.gen_cpll_cal_gtye4.gen_cpll_cal_inst[5].gen_inst_cpll_cal.gtwizard_ultrascale_v1_7_10_gtye4_cpll_cal_inst/gtwizard_ultrascale_v1_7_10_gtye4_cpll_cal_tx_i/txoutclkmon  |             8.0 |
| level0_i/blp/blp_i/ss_hif/inst/pcie/inst/bd_39ab_pcie_0_gt_top_i/diablo_gt.diablo_gt_phy_wrapper/gt_wizard.gtwizard_top_i/bd_39ab_pcie_0_gt_i/inst/gen_gtwizard_gtye4_top.bd_39ab_pcie_0_gt_gtwizard_gtye4_inst/gen_gtwizard_gtye4.gen_cpll_cal_gtye4.gen_cpll_cal_inst[6].gen_inst_cpll_cal.gtwizard_ultrascale_v1_7_10_gtye4_cpll_cal_inst/gtwizard_ultrascale_v1_7_10_gtye4_cpll_cal_tx_i/bufg_gt_txoutclkmon_inst/O  | level0_i/blp/blp_i/ss_hif/inst/pcie/inst/bd_39ab_pcie_0_gt_top_i/diablo_gt.diablo_gt_phy_wrapper/gt_wizard.gtwizard_top_i/bd_39ab_pcie_0_gt_i/inst/gen_gtwizard_gtye4_top.bd_39ab_pcie_0_gt_gtwizard_gtye4_inst/gen_gtwizard_gtye4.gen_cpll_cal_gtye4.gen_cpll_cal_inst[6].gen_inst_cpll_cal.gtwizard_ultrascale_v1_7_10_gtye4_cpll_cal_inst/gtwizard_ultrascale_v1_7_10_gtye4_cpll_cal_tx_i/txoutclkmon  |             8.0 |
| level0_i/blp/blp_i/ss_hif/inst/pcie/inst/bd_39ab_pcie_0_gt_top_i/diablo_gt.diablo_gt_phy_wrapper/gt_wizard.gtwizard_top_i/bd_39ab_pcie_0_gt_i/inst/gen_gtwizard_gtye4_top.bd_39ab_pcie_0_gt_gtwizard_gtye4_inst/gen_gtwizard_gtye4.gen_cpll_cal_gtye4.gen_cpll_cal_inst[7].gen_inst_cpll_cal.gtwizard_ultrascale_v1_7_10_gtye4_cpll_cal_inst/gtwizard_ultrascale_v1_7_10_gtye4_cpll_cal_tx_i/bufg_gt_txoutclkmon_inst/O  | level0_i/blp/blp_i/ss_hif/inst/pcie/inst/bd_39ab_pcie_0_gt_top_i/diablo_gt.diablo_gt_phy_wrapper/gt_wizard.gtwizard_top_i/bd_39ab_pcie_0_gt_i/inst/gen_gtwizard_gtye4_top.bd_39ab_pcie_0_gt_gtwizard_gtye4_inst/gen_gtwizard_gtye4.gen_cpll_cal_gtye4.gen_cpll_cal_inst[7].gen_inst_cpll_cal.gtwizard_ultrascale_v1_7_10_gtye4_cpll_cal_inst/gtwizard_ultrascale_v1_7_10_gtye4_cpll_cal_tx_i/txoutclkmon  |             8.0 |
| level0_i/blp/blp_i/ss_hif/inst/pcie/inst/bd_39ab_pcie_0_gt_top_i/diablo_gt.diablo_gt_phy_wrapper/gt_wizard.gtwizard_top_i/bd_39ab_pcie_0_gt_i/inst/gen_gtwizard_gtye4_top.bd_39ab_pcie_0_gt_gtwizard_gtye4_inst/gen_gtwizard_gtye4.gen_cpll_cal_gtye4.gen_cpll_cal_inst[8].gen_inst_cpll_cal.gtwizard_ultrascale_v1_7_10_gtye4_cpll_cal_inst/gtwizard_ultrascale_v1_7_10_gtye4_cpll_cal_tx_i/bufg_gt_txoutclkmon_inst/O  | level0_i/blp/blp_i/ss_hif/inst/pcie/inst/bd_39ab_pcie_0_gt_top_i/diablo_gt.diablo_gt_phy_wrapper/gt_wizard.gtwizard_top_i/bd_39ab_pcie_0_gt_i/inst/gen_gtwizard_gtye4_top.bd_39ab_pcie_0_gt_gtwizard_gtye4_inst/gen_gtwizard_gtye4.gen_cpll_cal_gtye4.gen_cpll_cal_inst[8].gen_inst_cpll_cal.gtwizard_ultrascale_v1_7_10_gtye4_cpll_cal_inst/gtwizard_ultrascale_v1_7_10_gtye4_cpll_cal_tx_i/txoutclkmon  |             8.0 |
| level0_i/blp/blp_i/ss_hif/inst/pcie/inst/bd_39ab_pcie_0_gt_top_i/diablo_gt.diablo_gt_phy_wrapper/gt_wizard.gtwizard_top_i/bd_39ab_pcie_0_gt_i/inst/gen_gtwizard_gtye4_top.bd_39ab_pcie_0_gt_gtwizard_gtye4_inst/gen_gtwizard_gtye4.gen_cpll_cal_gtye4.gen_cpll_cal_inst[9].gen_inst_cpll_cal.gtwizard_ultrascale_v1_7_10_gtye4_cpll_cal_inst/gtwizard_ultrascale_v1_7_10_gtye4_cpll_cal_tx_i/bufg_gt_txoutclkmon_inst/O  | level0_i/blp/blp_i/ss_hif/inst/pcie/inst/bd_39ab_pcie_0_gt_top_i/diablo_gt.diablo_gt_phy_wrapper/gt_wizard.gtwizard_top_i/bd_39ab_pcie_0_gt_i/inst/gen_gtwizard_gtye4_top.bd_39ab_pcie_0_gt_gtwizard_gtye4_inst/gen_gtwizard_gtye4.gen_cpll_cal_gtye4.gen_cpll_cal_inst[9].gen_inst_cpll_cal.gtwizard_ultrascale_v1_7_10_gtye4_cpll_cal_inst/gtwizard_ultrascale_v1_7_10_gtye4_cpll_cal_tx_i/txoutclkmon  |             8.0 |
| level0_i/blp/blp_i/ss_hif/inst/pcie/inst/bd_39ab_pcie_0_gt_top_i/diablo_gt.diablo_gt_phy_wrapper/phy_clk_i/bufg_gt_intclk/O                                                                                                                                                                                                                                                                                              | level0_i/blp/blp_i/ss_hif/inst/pcie/inst/bd_39ab_pcie_0_gt_top_i/diablo_gt.diablo_gt_phy_wrapper/phy_clk_i/CLK_INTCLK                                                                                                                                                                                                                                                                                     |          1000.0 |
| level0_i/ulp/ulp_cmp/inst/user_debug_bridge/inst/axi_jtag/inst/u_jtag_proc/tck_i_reg/Q                                                                                                                                                                                                                                                                                                                                   | level0_i/ulp/ulp_cmp/inst/user_debug_bridge/inst/axi_jtag/inst/u_jtag_proc/tck                                                                                                                                                                                                                                                                                                                            |           160.0 |
| level0_i/ulp/ulp_cmp/inst/user_debug_bridge/inst/bsip/inst/USE_SOFTBSCAN.U_BSCAN_TAP/U_BASETAP/U_TAP/UPDATEDR_O_reg/Q                                                                                                                                                                                                                                                                                                    | level0_i/ulp/ulp_cmp/inst/user_debug_bridge/inst/bsip/inst/USE_SOFTBSCAN.U_BSCAN_TAP/U_BASETAP/U_TAP/UPDATEDR_O                                                                                                                                                                                                                                                                                           |           160.0 |
| mcap_clk_1                                                                                                                                                                                                                                                                                                                                                                                                               | level0_i/blp/blp_i/ss_hif/inst/pcie/inst/bd_39ab_pcie_0_gt_top_i/diablo_gt.diablo_gt_phy_wrapper/phy_clk_i/mcap_clk                                                                                                                                                                                                                                                                                       |             8.0 |
| pipe_clk_1                                                                                                                                                                                                                                                                                                                                                                                                               | level0_i/blp/blp_i/ss_hif/inst/pcie/inst/bd_39ab_pcie_0_gt_top_i/diablo_gt.diablo_gt_phy_wrapper/phy_clk_i/CLK_PCLK2_GT                                                                                                                                                                                                                                                                                   |             4.0 |
+--------------------------------------------------------------------------------------------------------------------------------------------------------------------------------------------------------------------------------------------------------------------------------------------------------------------------------------------------------------------------------------------------------------------------+-----------------------------------------------------------------------------------------------------------------------------------------------------------------------------------------------------------------------------------------------------------------------------------------------------------------------------------------------------------------------------------------------------------+-----------------+


3. Detailed Reports
-------------------

3.1 By Hierarchy
----------------

+-------------------------------------+-----------+
| Name                                | Power (W) |
+-------------------------------------+-----------+
| level0_wrapper                      |    14.336 |
|   level0_i                          |    14.334 |
|     blp                             |     7.686 |
|       blp_i                         |     7.686 |
|     ii_level0_pipe                  |     0.069 |
|       inst                          |     0.069 |
|     ulp                             |     6.579 |
|       SLR0                          |     0.035 |
|       SLR1                          |     0.005 |
|       SLR2                          |     0.005 |
|       attention_score_u55c_kernel_1 |     0.453 |
|       causal_mask_u55c_kernel_1     |     0.265 |
|       hmss_0                        |     5.123 |
|       score_scale_u55c_kernel_1     |     0.255 |
|       softmax_u55c_kernel_1         |     0.362 |
|       ulp_cmp                       |     0.002 |
|       ulp_ucs                       |     0.073 |
+-------------------------------------+-----------+


284 Infos, 227 Warnings, 2 Critical Warnings and 0 Errors encountered.
report_power completed successfully
report_power: Time (s): cpu = 00:01:18 ; elapsed = 00:00:25 . Memory (MB): peak = 12588.684 ; gain = 24.012 ; free physical = 10268 ; free virtual = 16310
INFO: [Timing 38-480] Writing timing data to binary archive.
Writing XDEF routing.
Writing XDEF routing logical nets.
Writing XDEF routing special nets.
Write XDEF Complete: Time (s): cpu = 00:00:47 ; elapsed = 00:00:18 . Memory (MB): peak = 12588.684 ; gain = 0.000 ; free physical = 9489 ; free virtual = 16090
INFO: [Common 17-1381] The checkpoint '/home/advent/Desktop/RC19/_x/link/vivado/vpl/prj/prj.runs/impl_1/level0_wrapper_routed.dcp' has been generated.
write_checkpoint: Time (s): cpu = 00:00:59 ; elapsed = 00:00:31 . Memory (MB): peak = 12588.684 ; gain = 0.000 ; free physical = 10007 ; free virtual = 16241
INFO: [runtcl-4] Executing : report_timing_summary -max_paths 10 -file hw_bb_locked_timing_summary_routed.rpt -pb hw_bb_locked_timing_summary_routed.pb -rpx hw_bb_locked_timing_summary_routed.rpx -warn_on_violation 
INFO: [Timing 38-91] UpdateTimingParams: Speed grade: -2L, Temperature grade: E, Delay Type: min_max.
INFO: [Timing 38-191] Multithreading enabled for timing update using a maximum of 8 CPUs
WARNING: [Timing 38-436] There are set_bus_skew constraint(s) in this design. Please run report_bus_skew to ensure that bus skew requirements are met.
report_timing_summary: Time (s): cpu = 00:00:20 ; elapsed = 00:00:07 . Memory (MB): peak = 12588.684 ; gain = 0.000 ; free physical = 9851 ; free virtual = 16115
source /home/advent/Desktop/RC19/_x/link/vivado/vpl/scripts/impl_1/_full_write_bitstream_pre.tcl
Starting auto-frequency scaling ...
kernel clock 'ulp_ucs/aclk_kernel_00':
   clock pin path     : level0_i/ulp/ulp_ucs/aclk_kernel_00
   original frequency : 300.0 MHz
kernel clock 'ulp_ucs/aclk_kernel_01':
   clock pin path     : level0_i/ulp/ulp_ucs/aclk_kernel_01
   original frequency : 500.0 MHz

system clock 'hbm_aclk':
   clock pin path     : level0_i/ulp/ulp_ucs/inst/aclk_hbm_hierarchy/clkwiz_hbm/inst/CLK_CORE_DRP_I/clk_inst/mmcme4_adv_inst/CLKOUT0
   original frequency : 450.0 MHz

WARNING: [Vivado 12-1008] No clocks found for command 'get_clocks -of_objects [get_pins level0_i/ulp/ulp_ucs/aclk_kernel_01]'.
Resolution: Verify the create_clock command was called to create the clock object before it is referenced.
INFO: [Vivado 12-626] No clocks found. Please use 'create_clock' or 'create_generated_clock' command to create clocks.
INFO: Pin level0_i/ulp/ulp_ucs/aclk_kernel_01 has no clock
INFO: [OCL_UTIL] clock is 'hbm_aclk' for pin 'level0_i/ulp/ulp_ucs/inst/aclk_hbm_hierarchy/clkwiz_hbm/inst/CLK_CORE_DRP_I/clk_inst/mmcme4_adv_inst/CLKOUT0'
INFO: [OCL_UTIL] clock is 'clk_kernel_00_unbuffered_net' for pin 'level0_i/ulp/ulp_ucs/aclk_kernel_00'
Auto-frequency scaling completed
kernel clock 'ulp_ucs/aclk_kernel_01':
   original frequency : 500.0 MHz
   scaled frequency   : 500.0 MHz
WARNING: [Vivado 12-1008] No clocks found for command 'get_clocks -of_objects [get_pins level0_i/ulp/ulp_ucs/aclk_kernel_01]'.
Resolution: Verify the create_clock command was called to create the clock object before it is referenced.
INFO: [Vivado 12-626] No clocks found. Please use 'create_clock' or 'create_generated_clock' command to create clocks.
kernel clock 'ulp_ucs/aclk_kernel_00':
   original frequency : 300.0 MHz
   scaled frequency   : 317.8 MHz
WARNING: The auto scaled frequency '317.8 MHz' exceeds the original specified frequency. The compiler will select the original specified frequency of '300.0' MHz.
WARNING: [Timing 38-436] There are set_bus_skew constraint(s) in this design. Please run report_bus_skew to ensure that bus skew requirements are met.
report_timing_summary: Time (s): cpu = 00:00:20 ; elapsed = 00:00:06 . Memory (MB): peak = 12588.684 ; gain = 0.000 ; free physical = 9853 ; free virtual = 16117
system clock 'hbm_aclk':
   original frequency : 450.0 MHz
   scaled frequency   : 461.2 MHz
WARNING: The auto scaled frequency '461.2 MHz' exceeds the original specified frequency. The compiler will select the original specified frequency of '450.0' MHz.
Command: write_bitstream -force -cell level0_i/ulp level0_i_ulp_my_rm_partial.bit
Attempting to get a license for feature 'Implementation' and/or device 'xcu55c'
INFO: [Common 17-349] Got license for feature 'Implementation' and/or device 'xcu55c'
Running DRC as a precondition to command write_bitstream
INFO: [IP_Flow 19-1839] IP Catalog is up to date.
INFO: [DRC 23-27] Running DRC with 8 threads
WARNING: [DRC DPIP-2] Input pipelining: DSP level0_i/ulp/score_scale_u55c_kernel_1/inst/grp_score_scale_core_hls_fu_131/fmul_32ns_32ns_32_4_max_dsp_1_U4/score_scale_u55c_kernel_fmul_32ns_32ns_32_4_max_dsp_1_ip_u/inst/i_synth/MULT.OP/i_non_prim.MULT/DSP48E1_SPD_SGL_VARIANT.FIX_MULT/DSP1/i_no_versal_es1_workaround.DSP input level0_i/ulp/score_scale_u55c_kernel_1/inst/grp_score_scale_core_hls_fu_131/fmul_32ns_32ns_32_4_max_dsp_1_U4/score_scale_u55c_kernel_fmul_32ns_32ns_32_4_max_dsp_1_ip_u/inst/i_synth/MULT.OP/i_non_prim.MULT/DSP48E1_SPD_SGL_VARIANT.FIX_MULT/DSP1/i_no_versal_es1_workaround.DSP/A[29:0] is not pipelined. Pipelining DSP48 input will improve performance.
WARNING: [DRC DPIP-2] Input pipelining: DSP level0_i/ulp/score_scale_u55c_kernel_1/inst/grp_score_scale_core_hls_fu_131/fmul_32ns_32ns_32_4_max_dsp_1_U4/score_scale_u55c_kernel_fmul_32ns_32ns_32_4_max_dsp_1_ip_u/inst/i_synth/MULT.OP/i_non_prim.MULT/DSP48E1_SPD_SGL_VARIANT.FIX_MULT/DSP1/i_no_versal_es1_workaround.DSP input level0_i/ulp/score_scale_u55c_kernel_1/inst/grp_score_scale_core_hls_fu_131/fmul_32ns_32ns_32_4_max_dsp_1_U4/score_scale_u55c_kernel_fmul_32ns_32ns_32_4_max_dsp_1_ip_u/inst/i_synth/MULT.OP/i_non_prim.MULT/DSP48E1_SPD_SGL_VARIANT.FIX_MULT/DSP1/i_no_versal_es1_workaround.DSP/B[17:0] is not pipelined. Pipelining DSP48 input will improve performance.
WARNING: [DRC DPIP-2] Input pipelining: DSP level0_i/ulp/score_scale_u55c_kernel_1/inst/grp_score_scale_core_hls_fu_131/fmul_32ns_32ns_32_4_max_dsp_1_U4/score_scale_u55c_kernel_fmul_32ns_32ns_32_4_max_dsp_1_ip_u/inst/i_synth/MULT.OP/i_non_prim.MULT/DSP48E1_SPD_SGL_VARIANT.FIX_MULT/DSP2/i_no_versal_es1_workaround.DSP input level0_i/ulp/score_scale_u55c_kernel_1/inst/grp_score_scale_core_hls_fu_131/fmul_32ns_32ns_32_4_max_dsp_1_U4/score_scale_u55c_kernel_fmul_32ns_32ns_32_4_max_dsp_1_ip_u/inst/i_synth/MULT.OP/i_non_prim.MULT/DSP48E1_SPD_SGL_VARIANT.FIX_MULT/DSP2/i_no_versal_es1_workaround.DSP/B[17:0] is not pipelined. Pipelining DSP48 input will improve performance.
WARNING: [DRC DPIP-2] Input pipelining: DSP level0_i/ulp/score_scale_u55c_kernel_1/inst/grp_score_scale_core_hls_fu_131/fmul_32ns_32ns_32_4_max_dsp_1_U4/score_scale_u55c_kernel_fmul_32ns_32ns_32_4_max_dsp_1_ip_u/inst/i_synth/MULT.OP/i_non_prim.R_AND_R/LAT_OPT.FULL.R_AND_R/DSP48E1_SGL_EXP_IP.OLD_ADD.ADD/i_no_versal_es1_workaround.DSP input level0_i/ulp/score_scale_u55c_kernel_1/inst/grp_score_scale_core_hls_fu_131/fmul_32ns_32ns_32_4_max_dsp_1_U4/score_scale_u55c_kernel_fmul_32ns_32ns_32_4_max_dsp_1_ip_u/inst/i_synth/MULT.OP/i_non_prim.R_AND_R/LAT_OPT.FULL.R_AND_R/DSP48E1_SGL_EXP_IP.OLD_ADD.ADD/i_no_versal_es1_workaround.DSP/C[47:0] is not pipelined. Pipelining DSP48 input will improve performance.
WARNING: [DRC DPIP-2] Input pipelining: DSP level0_i/ulp/softmax_u55c_kernel_1/inst/grp_softmax_core_hls_fu_141/grp_softmax_core_hls_Pipeline_VITIS_LOOP_46_3_fu_106/fexp_32ns_32ns_32_14_full_dsp_1_U15/softmax_u55c_kernel_fexp_32ns_32ns_32_14_full_dsp_1_ip_u/inst/i_synth/EXP_OP.i_sp_or_dp.OP/g_Fr_sp_dsp.i_calculate_Fr/i_no_versal_es1_workaround.DSP input level0_i/ulp/softmax_u55c_kernel_1/inst/grp_softmax_core_hls_fu_141/grp_softmax_core_hls_Pipeline_VITIS_LOOP_46_3_fu_106/fexp_32ns_32ns_32_14_full_dsp_1_U15/softmax_u55c_kernel_fexp_32ns_32ns_32_14_full_dsp_1_ip_u/inst/i_synth/EXP_OP.i_sp_or_dp.OP/g_Fr_sp_dsp.i_calculate_Fr/i_no_versal_es1_workaround.DSP/A[29:0] is not pipelined. Pipelining DSP48 input will improve performance.
WARNING: [DRC DPIP-2] Input pipelining: DSP level0_i/ulp/softmax_u55c_kernel_1/inst/grp_softmax_core_hls_fu_141/grp_softmax_core_hls_Pipeline_VITIS_LOOP_46_3_fu_106/fexp_32ns_32ns_32_14_full_dsp_1_U15/softmax_u55c_kernel_fexp_32ns_32ns_32_14_full_dsp_1_ip_u/inst/i_synth/EXP_OP.i_sp_or_dp.OP/i_ccm_ln2/g_tables[0].i_addsub/dsp.one.dsp48e1_add/i_no_versal_es1_workaround.DSP input level0_i/ulp/softmax_u55c_kernel_1/inst/grp_softmax_core_hls_fu_141/grp_softmax_core_hls_Pipeline_VITIS_LOOP_46_3_fu_106/fexp_32ns_32ns_32_14_full_dsp_1_U15/softmax_u55c_kernel_fexp_32ns_32ns_32_14_full_dsp_1_ip_u/inst/i_synth/EXP_OP.i_sp_or_dp.OP/i_ccm_ln2/g_tables[0].i_addsub/dsp.one.dsp48e1_add/i_no_versal_es1_workaround.DSP/A[29:0] is not pipelined. Pipelining DSP48 input will improve performance.
WARNING: [DRC DPIP-2] Input pipelining: DSP level0_i/ulp/softmax_u55c_kernel_1/inst/grp_softmax_core_hls_fu_141/grp_softmax_core_hls_Pipeline_VITIS_LOOP_46_3_fu_106/fexp_32ns_32ns_32_14_full_dsp_1_U15/softmax_u55c_kernel_fexp_32ns_32ns_32_14_full_dsp_1_ip_u/inst/i_synth/EXP_OP.i_sp_or_dp.OP/i_ccm_ln2/g_tables[0].i_addsub/dsp.one.dsp48e1_add/i_no_versal_es1_workaround.DSP input level0_i/ulp/softmax_u55c_kernel_1/inst/grp_softmax_core_hls_fu_141/grp_softmax_core_hls_Pipeline_VITIS_LOOP_46_3_fu_106/fexp_32ns_32ns_32_14_full_dsp_1_U15/softmax_u55c_kernel_fexp_32ns_32ns_32_14_full_dsp_1_ip_u/inst/i_synth/EXP_OP.i_sp_or_dp.OP/i_ccm_ln2/g_tables[0].i_addsub/dsp.one.dsp48e1_add/i_no_versal_es1_workaround.DSP/B[17:0] is not pipelined. Pipelining DSP48 input will improve performance.
WARNING: [DRC DPIP-2] Input pipelining: DSP level0_i/ulp/softmax_u55c_kernel_1/inst/grp_softmax_core_hls_fu_141/grp_softmax_core_hls_Pipeline_VITIS_LOOP_46_3_fu_106/fexp_32ns_32ns_32_14_full_dsp_1_U15/softmax_u55c_kernel_fexp_32ns_32ns_32_14_full_dsp_1_ip_u/inst/i_synth/EXP_OP.i_sp_or_dp.OP/i_ccm_ln2/g_tables[1].i_addsub/dsp.one.dsp48e1_add/i_no_versal_es1_workaround.DSP input level0_i/ulp/softmax_u55c_kernel_1/inst/grp_softmax_core_hls_fu_141/grp_softmax_core_hls_Pipeline_VITIS_LOOP_46_3_fu_106/fexp_32ns_32ns_32_14_full_dsp_1_U15/softmax_u55c_kernel_fexp_32ns_32ns_32_14_full_dsp_1_ip_u/inst/i_synth/EXP_OP.i_sp_or_dp.OP/i_ccm_ln2/g_tables[1].i_addsub/dsp.one.dsp48e1_add/i_no_versal_es1_workaround.DSP/A[29:0] is not pipelined. Pipelining DSP48 input will improve performance.
WARNING: [DRC DPIP-2] Input pipelining: DSP level0_i/ulp/softmax_u55c_kernel_1/inst/grp_softmax_core_hls_fu_141/grp_softmax_core_hls_Pipeline_VITIS_LOOP_46_3_fu_106/fexp_32ns_32ns_32_14_full_dsp_1_U15/softmax_u55c_kernel_fexp_32ns_32ns_32_14_full_dsp_1_ip_u/inst/i_synth/EXP_OP.i_sp_or_dp.OP/i_ccm_ln2/g_tables[1].i_addsub/dsp.one.dsp48e1_add/i_no_versal_es1_workaround.DSP input level0_i/ulp/softmax_u55c_kernel_1/inst/grp_softmax_core_hls_fu_141/grp_softmax_core_hls_Pipeline_VITIS_LOOP_46_3_fu_106/fexp_32ns_32ns_32_14_full_dsp_1_U15/softmax_u55c_kernel_fexp_32ns_32ns_32_14_full_dsp_1_ip_u/inst/i_synth/EXP_OP.i_sp_or_dp.OP/i_ccm_ln2/g_tables[1].i_addsub/dsp.one.dsp48e1_add/i_no_versal_es1_workaround.DSP/B[17:0] is not pipelined. Pipelining DSP48 input will improve performance.
WARNING: [DRC DPIP-2] Input pipelining: DSP level0_i/ulp/softmax_u55c_kernel_1/inst/grp_softmax_core_hls_fu_141/grp_softmax_core_hls_Pipeline_VITIS_LOOP_46_3_fu_106/fexp_32ns_32ns_32_14_full_dsp_1_U15/softmax_u55c_kernel_fexp_32ns_32ns_32_14_full_dsp_1_ip_u/inst/i_synth/EXP_OP.i_sp_or_dp.OP/i_ccm_ln2/g_tables[1].i_addsub/dsp.one.dsp48e1_add/i_no_versal_es1_workaround.DSP input level0_i/ulp/softmax_u55c_kernel_1/inst/grp_softmax_core_hls_fu_141/grp_softmax_core_hls_Pipeline_VITIS_LOOP_46_3_fu_106/fexp_32ns_32ns_32_14_full_dsp_1_U15/softmax_u55c_kernel_fexp_32ns_32ns_32_14_full_dsp_1_ip_u/inst/i_synth/EXP_OP.i_sp_or_dp.OP/i_ccm_ln2/g_tables[1].i_addsub/dsp.one.dsp48e1_add/i_no_versal_es1_workaround.DSP/C[47:0] is not pipelined. Pipelining DSP48 input will improve performance.
WARNING: [DRC DPIP-2] Input pipelining: DSP level0_i/ulp/softmax_u55c_kernel_1/inst/grp_softmax_core_hls_fu_141/grp_softmax_core_hls_Pipeline_VITIS_LOOP_46_3_fu_106/fexp_32ns_32ns_32_14_full_dsp_1_U15/softmax_u55c_kernel_fexp_32ns_32ns_32_14_full_dsp_1_ip_u/inst/i_synth/EXP_OP.i_sp_or_dp.OP/i_ccm_recip_ln2/g_tables[0].i_addsub/dsp.one.dsp48e1_add/i_no_versal_es1_workaround.DSP input level0_i/ulp/softmax_u55c_kernel_1/inst/grp_softmax_core_hls_fu_141/grp_softmax_core_hls_Pipeline_VITIS_LOOP_46_3_fu_106/fexp_32ns_32ns_32_14_full_dsp_1_U15/softmax_u55c_kernel_fexp_32ns_32ns_32_14_full_dsp_1_ip_u/inst/i_synth/EXP_OP.i_sp_or_dp.OP/i_ccm_recip_ln2/g_tables[0].i_addsub/dsp.one.dsp48e1_add/i_no_versal_es1_workaround.DSP/B[17:0] is not pipelined. Pipelining DSP48 input will improve performance.
WARNING: [DRC DPIP-2] Input pipelining: DSP level0_i/ulp/softmax_u55c_kernel_1/inst/grp_softmax_core_hls_fu_141/grp_softmax_core_hls_Pipeline_VITIS_LOOP_46_3_fu_106/fexp_32ns_32ns_32_14_full_dsp_1_U15/softmax_u55c_kernel_fexp_32ns_32ns_32_14_full_dsp_1_ip_u/inst/i_synth/EXP_OP.i_sp_or_dp.OP/i_ccm_recip_ln2/g_tables[1].i_addsub/dsp.one.dsp48e1_add/i_no_versal_es1_workaround.DSP input level0_i/ulp/softmax_u55c_kernel_1/inst/grp_softmax_core_hls_fu_141/grp_softmax_core_hls_Pipeline_VITIS_LOOP_46_3_fu_106/fexp_32ns_32ns_32_14_full_dsp_1_U15/softmax_u55c_kernel_fexp_32ns_32ns_32_14_full_dsp_1_ip_u/inst/i_synth/EXP_OP.i_sp_or_dp.OP/i_ccm_recip_ln2/g_tables[1].i_addsub/dsp.one.dsp48e1_add/i_no_versal_es1_workaround.DSP/A[29:0] is not pipelined. Pipelining DSP48 input will improve performance.
WARNING: [DRC DPIP-2] Input pipelining: DSP level0_i/ulp/softmax_u55c_kernel_1/inst/grp_softmax_core_hls_fu_141/grp_softmax_core_hls_Pipeline_VITIS_LOOP_46_3_fu_106/fexp_32ns_32ns_32_14_full_dsp_1_U15/softmax_u55c_kernel_fexp_32ns_32ns_32_14_full_dsp_1_ip_u/inst/i_synth/EXP_OP.i_sp_or_dp.OP/i_ccm_recip_ln2/g_tables[1].i_addsub/dsp.one.dsp48e1_add/i_no_versal_es1_workaround.DSP input level0_i/ulp/softmax_u55c_kernel_1/inst/grp_softmax_core_hls_fu_141/grp_softmax_core_hls_Pipeline_VITIS_LOOP_46_3_fu_106/fexp_32ns_32ns_32_14_full_dsp_1_U15/softmax_u55c_kernel_fexp_32ns_32ns_32_14_full_dsp_1_ip_u/inst/i_synth/EXP_OP.i_sp_or_dp.OP/i_ccm_recip_ln2/g_tables[1].i_addsub/dsp.one.dsp48e1_add/i_no_versal_es1_workaround.DSP/B[17:0] is not pipelined. Pipelining DSP48 input will improve performance.
WARNING: [DRC DPIP-2] Input pipelining: DSP level0_i/ulp/softmax_u55c_kernel_1/inst/grp_softmax_core_hls_fu_141/grp_softmax_core_hls_Pipeline_VITIS_LOOP_46_3_fu_106/fexp_32ns_32ns_32_14_full_dsp_1_U15/softmax_u55c_kernel_fexp_32ns_32ns_32_14_full_dsp_1_ip_u/inst/i_synth/EXP_OP.i_sp_or_dp.OP/i_ccm_recip_ln2/g_tables[1].i_addsub/dsp.one.dsp48e1_add/i_no_versal_es1_workaround.DSP input level0_i/ulp/softmax_u55c_kernel_1/inst/grp_softmax_core_hls_fu_141/grp_softmax_core_hls_Pipeline_VITIS_LOOP_46_3_fu_106/fexp_32ns_32ns_32_14_full_dsp_1_U15/softmax_u55c_kernel_fexp_32ns_32ns_32_14_full_dsp_1_ip_u/inst/i_synth/EXP_OP.i_sp_or_dp.OP/i_ccm_recip_ln2/g_tables[1].i_addsub/dsp.one.dsp48e1_add/i_no_versal_es1_workaround.DSP/C[47:0] is not pipelined. Pipelining DSP48 input will improve performance.
WARNING: [DRC DPIP-2] Input pipelining: DSP level0_i/ulp/softmax_u55c_kernel_1/inst/grp_softmax_core_hls_fu_141/grp_softmax_core_hls_Pipeline_VITIS_LOOP_46_3_fu_106/fsub_32ns_32ns_32_7_full_dsp_1_U13/softmax_u55c_kernel_fsub_32ns_32ns_32_7_full_dsp_1_ip_u/inst/i_synth/ADDSUB_OP.ADDSUB/DSP.OP/DSP48E1_BODY.ALIGN_ADD/DSP2/i_no_versal_es1_workaround.DSP input level0_i/ulp/softmax_u55c_kernel_1/inst/grp_softmax_core_hls_fu_141/grp_softmax_core_hls_Pipeline_VITIS_LOOP_46_3_fu_106/fsub_32ns_32ns_32_7_full_dsp_1_U13/softmax_u55c_kernel_fsub_32ns_32ns_32_7_full_dsp_1_ip_u/inst/i_synth/ADDSUB_OP.ADDSUB/DSP.OP/DSP48E1_BODY.ALIGN_ADD/DSP2/i_no_versal_es1_workaround.DSP/A[29:0] is not pipelined. Pipelining DSP48 input will improve performance.
WARNING: [DRC DPIP-2] Input pipelining: DSP level0_i/ulp/softmax_u55c_kernel_1/inst/grp_softmax_core_hls_fu_141/grp_softmax_core_hls_Pipeline_VITIS_LOOP_46_3_fu_106/fsub_32ns_32ns_32_7_full_dsp_1_U13/softmax_u55c_kernel_fsub_32ns_32ns_32_7_full_dsp_1_ip_u/inst/i_synth/ADDSUB_OP.ADDSUB/DSP.OP/DSP48E1_BODY.ALIGN_ADD/DSP2/i_no_versal_es1_workaround.DSP input level0_i/ulp/softmax_u55c_kernel_1/inst/grp_softmax_core_hls_fu_141/grp_softmax_core_hls_Pipeline_VITIS_LOOP_46_3_fu_106/fsub_32ns_32ns_32_7_full_dsp_1_U13/softmax_u55c_kernel_fsub_32ns_32ns_32_7_full_dsp_1_ip_u/inst/i_synth/ADDSUB_OP.ADDSUB/DSP.OP/DSP48E1_BODY.ALIGN_ADD/DSP2/i_no_versal_es1_workaround.DSP/C[47:0] is not pipelined. Pipelining DSP48 input will improve performance.
WARNING: [DRC DPIP-2] Input pipelining: DSP level0_i/ulp/softmax_u55c_kernel_1/inst/grp_softmax_core_hls_fu_141/grp_softmax_core_hls_Pipeline_VITIS_LOOP_46_3_fu_106/fsub_32ns_32ns_32_7_full_dsp_1_U13/softmax_u55c_kernel_fsub_32ns_32ns_32_7_full_dsp_1_ip_u/inst/i_synth/ADDSUB_OP.ADDSUB/DSP.OP/DSP48E1_BODY.NORM_RND/FULL_USAGE_DSP.SHIFT_RND/i_no_versal_es1_workaround.DSP input level0_i/ulp/softmax_u55c_kernel_1/inst/grp_softmax_core_hls_fu_141/grp_softmax_core_hls_Pipeline_VITIS_LOOP_46_3_fu_106/fsub_32ns_32ns_32_7_full_dsp_1_U13/softmax_u55c_kernel_fsub_32ns_32ns_32_7_full_dsp_1_ip_u/inst/i_synth/ADDSUB_OP.ADDSUB/DSP.OP/DSP48E1_BODY.NORM_RND/FULL_USAGE_DSP.SHIFT_RND/i_no_versal_es1_workaround.DSP/C[47:0] is not pipelined. Pipelining DSP48 input will improve performance.
WARNING: [DRC DPOP-3] PREG Output pipelining: DSP level0_i/ulp/score_scale_u55c_kernel_1/inst/grp_score_scale_core_hls_fu_131/fmul_32ns_32ns_32_4_max_dsp_1_U4/score_scale_u55c_kernel_fmul_32ns_32ns_32_4_max_dsp_1_ip_u/inst/i_synth/MULT.OP/i_non_prim.MULT/DSP48E1_SPD_SGL_VARIANT.FIX_MULT/DSP2/i_no_versal_es1_workaround.DSP output level0_i/ulp/score_scale_u55c_kernel_1/inst/grp_score_scale_core_hls_fu_131/fmul_32ns_32ns_32_4_max_dsp_1_U4/score_scale_u55c_kernel_fmul_32ns_32ns_32_4_max_dsp_1_ip_u/inst/i_synth/MULT.OP/i_non_prim.MULT/DSP48E1_SPD_SGL_VARIANT.FIX_MULT/DSP2/i_no_versal_es1_workaround.DSP/PATTERNDETECT is not pipelined (PREG=0). Pipelining the DSP48 output will improve performance and often saves power so it is suggested whenever possible to fully pipeline this function.  If this DSP48 function was inferred, it is suggested to describe an additional register stage after this function.  If the DSP48 was instantiated in the design, it is suggested to set the PREG attribute to 1.
WARNING: [DRC DPOP-3] PREG Output pipelining: DSP level0_i/ulp/score_scale_u55c_kernel_1/inst/grp_score_scale_core_hls_fu_131/fmul_32ns_32ns_32_4_max_dsp_1_U4/score_scale_u55c_kernel_fmul_32ns_32ns_32_4_max_dsp_1_ip_u/inst/i_synth/MULT.OP/i_non_prim.MULT/DSP48E1_SPD_SGL_VARIANT.FIX_MULT/DSP2/i_no_versal_es1_workaround.DSP output level0_i/ulp/score_scale_u55c_kernel_1/inst/grp_score_scale_core_hls_fu_131/fmul_32ns_32ns_32_4_max_dsp_1_U4/score_scale_u55c_kernel_fmul_32ns_32ns_32_4_max_dsp_1_ip_u/inst/i_synth/MULT.OP/i_non_prim.MULT/DSP48E1_SPD_SGL_VARIANT.FIX_MULT/DSP2/i_no_versal_es1_workaround.DSP/P[47:0] is not pipelined (PREG=0). Pipelining the DSP48 output will improve performance and often saves power so it is suggested whenever possible to fully pipeline this function.  If this DSP48 function was inferred, it is suggested to describe an additional register stage after this function.  If the DSP48 was instantiated in the design, it is suggested to set the PREG attribute to 1.
WARNING: [DRC DPOP-3] PREG Output pipelining: DSP level0_i/ulp/score_scale_u55c_kernel_1/inst/grp_score_scale_core_hls_fu_131/fmul_32ns_32ns_32_4_max_dsp_1_U4/score_scale_u55c_kernel_fmul_32ns_32ns_32_4_max_dsp_1_ip_u/inst/i_synth/MULT.OP/i_non_prim.R_AND_R/LAT_OPT.FULL.R_AND_R/DSP48E1_SGL_EXP_IP.OLD_ADD.ADD/i_no_versal_es1_workaround.DSP output level0_i/ulp/score_scale_u55c_kernel_1/inst/grp_score_scale_core_hls_fu_131/fmul_32ns_32ns_32_4_max_dsp_1_U4/score_scale_u55c_kernel_fmul_32ns_32ns_32_4_max_dsp_1_ip_u/inst/i_synth/MULT.OP/i_non_prim.R_AND_R/LAT_OPT.FULL.R_AND_R/DSP48E1_SGL_EXP_IP.OLD_ADD.ADD/i_no_versal_es1_workaround.DSP/CARRYOUT[3:0] is not pipelined (PREG=0). Pipelining the DSP48 output will improve performance and often saves power so it is suggested whenever possible to fully pipeline this function.  If this DSP48 function was inferred, it is suggested to describe an additional register stage after this function.  If the DSP48 was instantiated in the design, it is suggested to set the PREG attribute to 1.
WARNING: [DRC DPOP-3] PREG Output pipelining: DSP level0_i/ulp/score_scale_u55c_kernel_1/inst/grp_score_scale_core_hls_fu_131/fmul_32ns_32ns_32_4_max_dsp_1_U4/score_scale_u55c_kernel_fmul_32ns_32ns_32_4_max_dsp_1_ip_u/inst/i_synth/MULT.OP/i_non_prim.R_AND_R/LAT_OPT.FULL.R_AND_R/DSP48E1_SGL_EXP_IP.OLD_ADD.ADD/i_no_versal_es1_workaround.DSP output level0_i/ulp/score_scale_u55c_kernel_1/inst/grp_score_scale_core_hls_fu_131/fmul_32ns_32ns_32_4_max_dsp_1_U4/score_scale_u55c_kernel_fmul_32ns_32ns_32_4_max_dsp_1_ip_u/inst/i_synth/MULT.OP/i_non_prim.R_AND_R/LAT_OPT.FULL.R_AND_R/DSP48E1_SGL_EXP_IP.OLD_ADD.ADD/i_no_versal_es1_workaround.DSP/P[47:0] is not pipelined (PREG=0). Pipelining the DSP48 output will improve performance and often saves power so it is suggested whenever possible to fully pipeline this function.  If this DSP48 function was inferred, it is suggested to describe an additional register stage after this function.  If the DSP48 was instantiated in the design, it is suggested to set the PREG attribute to 1.
WARNING: [DRC DPOP-3] PREG Output pipelining: DSP level0_i/ulp/softmax_u55c_kernel_1/inst/grp_softmax_core_hls_fu_141/grp_softmax_core_hls_Pipeline_VITIS_LOOP_46_3_fu_106/fexp_32ns_32ns_32_14_full_dsp_1_U15/softmax_u55c_kernel_fexp_32ns_32ns_32_14_full_dsp_1_ip_u/inst/i_synth/EXP_OP.i_sp_or_dp.OP/i_calculate_Xf/dsp.one.dsp48e1_add/i_no_versal_es1_workaround.DSP output level0_i/ulp/softmax_u55c_kernel_1/inst/grp_softmax_core_hls_fu_141/grp_softmax_core_hls_Pipeline_VITIS_LOOP_46_3_fu_106/fexp_32ns_32ns_32_14_full_dsp_1_U15/softmax_u55c_kernel_fexp_32ns_32ns_32_14_full_dsp_1_ip_u/inst/i_synth/EXP_OP.i_sp_or_dp.OP/i_calculate_Xf/dsp.one.dsp48e1_add/i_no_versal_es1_workaround.DSP/P[47:0] is not pipelined (PREG=0). Pipelining the DSP48 output will improve performance and often saves power so it is suggested whenever possible to fully pipeline this function.  If this DSP48 function was inferred, it is suggested to describe an additional register stage after this function.  If the DSP48 was instantiated in the design, it is suggested to set the PREG attribute to 1.
WARNING: [DRC DPOP-3] PREG Output pipelining: DSP level0_i/ulp/softmax_u55c_kernel_1/inst/grp_softmax_core_hls_fu_141/grp_softmax_core_hls_Pipeline_VITIS_LOOP_46_3_fu_106/fexp_32ns_32ns_32_14_full_dsp_1_U15/softmax_u55c_kernel_fexp_32ns_32ns_32_14_full_dsp_1_ip_u/inst/i_synth/EXP_OP.i_sp_or_dp.OP/i_renorm_and_round/DSP48_E1.DSP48E1_ADD.DSP48E1_ADD/i_no_versal_es1_workaround.DSP output level0_i/ulp/softmax_u55c_kernel_1/inst/grp_softmax_core_hls_fu_141/grp_softmax_core_hls_Pipeline_VITIS_LOOP_46_3_fu_106/fexp_32ns_32ns_32_14_full_dsp_1_U15/softmax_u55c_kernel_fexp_32ns_32ns_32_14_full_dsp_1_ip_u/inst/i_synth/EXP_OP.i_sp_or_dp.OP/i_renorm_and_round/DSP48_E1.DSP48E1_ADD.DSP48E1_ADD/i_no_versal_es1_workaround.DSP/P[47:0] is not pipelined (PREG=0). Pipelining the DSP48 output will improve performance and often saves power so it is suggested whenever possible to fully pipeline this function.  If this DSP48 function was inferred, it is suggested to describe an additional register stage after this function.  If the DSP48 was instantiated in the design, it is suggested to set the PREG attribute to 1.
WARNING: [DRC DPOP-3] PREG Output pipelining: DSP level0_i/ulp/softmax_u55c_kernel_1/inst/grp_softmax_core_hls_fu_141/grp_softmax_core_hls_Pipeline_VITIS_LOOP_46_3_fu_106/fsub_32ns_32ns_32_7_full_dsp_1_U13/softmax_u55c_kernel_fsub_32ns_32ns_32_7_full_dsp_1_ip_u/inst/i_synth/ADDSUB_OP.ADDSUB/DSP.OP/DSP48E1_BODY.ALIGN_ADD/DSP2/i_no_versal_es1_workaround.DSP output level0_i/ulp/softmax_u55c_kernel_1/inst/grp_softmax_core_hls_fu_141/grp_softmax_core_hls_Pipeline_VITIS_LOOP_46_3_fu_106/fsub_32ns_32ns_32_7_full_dsp_1_U13/softmax_u55c_kernel_fsub_32ns_32ns_32_7_full_dsp_1_ip_u/inst/i_synth/ADDSUB_OP.ADDSUB/DSP.OP/DSP48E1_BODY.ALIGN_ADD/DSP2/i_no_versal_es1_workaround.DSP/PATTERNDETECT is not pipelined (PREG=0). Pipelining the DSP48 output will improve performance and often saves power so it is suggested whenever possible to fully pipeline this function.  If this DSP48 function was inferred, it is suggested to describe an additional register stage after this function.  If the DSP48 was instantiated in the design, it is suggested to set the PREG attribute to 1.
WARNING: [DRC DPOP-3] PREG Output pipelining: DSP level0_i/ulp/softmax_u55c_kernel_1/inst/grp_softmax_core_hls_fu_141/grp_softmax_core_hls_Pipeline_VITIS_LOOP_46_3_fu_106/fsub_32ns_32ns_32_7_full_dsp_1_U13/softmax_u55c_kernel_fsub_32ns_32ns_32_7_full_dsp_1_ip_u/inst/i_synth/ADDSUB_OP.ADDSUB/DSP.OP/DSP48E1_BODY.ALIGN_ADD/DSP2/i_no_versal_es1_workaround.DSP output level0_i/ulp/softmax_u55c_kernel_1/inst/grp_softmax_core_hls_fu_141/grp_softmax_core_hls_Pipeline_VITIS_LOOP_46_3_fu_106/fsub_32ns_32ns_32_7_full_dsp_1_U13/softmax_u55c_kernel_fsub_32ns_32ns_32_7_full_dsp_1_ip_u/inst/i_synth/ADDSUB_OP.ADDSUB/DSP.OP/DSP48E1_BODY.ALIGN_ADD/DSP2/i_no_versal_es1_workaround.DSP/P[47:0] is not pipelined (PREG=0). Pipelining the DSP48 output will improve performance and often saves power so it is suggested whenever possible to fully pipeline this function.  If this DSP48 function was inferred, it is suggested to describe an additional register stage after this function.  If the DSP48 was instantiated in the design, it is suggested to set the PREG attribute to 1.
WARNING: [DRC DPOP-3] PREG Output pipelining: DSP level0_i/ulp/softmax_u55c_kernel_1/inst/grp_softmax_core_hls_fu_141/grp_softmax_core_hls_Pipeline_VITIS_LOOP_46_3_fu_106/fsub_32ns_32ns_32_7_full_dsp_1_U13/softmax_u55c_kernel_fsub_32ns_32ns_32_7_full_dsp_1_ip_u/inst/i_synth/ADDSUB_OP.ADDSUB/DSP.OP/DSP48E1_BODY.NORM_RND/FULL_USAGE_DSP.SHIFT_RND/i_no_versal_es1_workaround.DSP output level0_i/ulp/softmax_u55c_kernel_1/inst/grp_softmax_core_hls_fu_141/grp_softmax_core_hls_Pipeline_VITIS_LOOP_46_3_fu_106/fsub_32ns_32ns_32_7_full_dsp_1_U13/softmax_u55c_kernel_fsub_32ns_32ns_32_7_full_dsp_1_ip_u/inst/i_synth/ADDSUB_OP.ADDSUB/DSP.OP/DSP48E1_BODY.NORM_RND/FULL_USAGE_DSP.SHIFT_RND/i_no_versal_es1_workaround.DSP/P[47:0] is not pipelined (PREG=0). Pipelining the DSP48 output will improve performance and often saves power so it is suggested whenever possible to fully pipeline this function.  If this DSP48 function was inferred, it is suggested to describe an additional register stage after this function.  If the DSP48 was instantiated in the design, it is suggested to set the PREG attribute to 1.
WARNING: [DRC DPOP-4] MREG Output pipelining: DSP level0_i/ulp/attention_score_u55c_kernel_1/inst/grp_attention_score_core_hls_fu_277/mac_muladd_8s_8s_16s_17_4_1_U55/attention_score_u55c_kernel_mac_muladd_8s_8s_16s_17_4_1_DSP48_0_U/p_reg_reg multiplier stage level0_i/ulp/attention_score_u55c_kernel_1/inst/grp_attention_score_core_hls_fu_277/mac_muladd_8s_8s_16s_17_4_1_U55/attention_score_u55c_kernel_mac_muladd_8s_8s_16s_17_4_1_DSP48_0_U/p_reg_reg/P[47:0] is not pipelined (MREG=0). Pipelining the multiplier function will improve performance and will save significant power so it is suggested whenever possible to fully pipeline this function.  If this multiplier was inferred, it is suggested to describe an additional register stage after this function.  If there is no registered adder/accumulator following the multiply function, two pipeline stages are suggested to allow both the MREG and PREG registers to be used.  If the DSP48 was instantiated in the design, it is suggested to set both the MREG and PREG attributes to 1 when performing multiply functions.
WARNING: [DRC DPOP-4] MREG Output pipelining: DSP level0_i/ulp/attention_score_u55c_kernel_1/inst/grp_attention_score_core_hls_fu_277/mac_muladd_8s_8s_16s_17_4_1_U56/attention_score_u55c_kernel_mac_muladd_8s_8s_16s_17_4_1_DSP48_0_U/p_reg_reg multiplier stage level0_i/ulp/attention_score_u55c_kernel_1/inst/grp_attention_score_core_hls_fu_277/mac_muladd_8s_8s_16s_17_4_1_U56/attention_score_u55c_kernel_mac_muladd_8s_8s_16s_17_4_1_DSP48_0_U/p_reg_reg/P[47:0] is not pipelined (MREG=0). Pipelining the multiplier function will improve performance and will save significant power so it is suggested whenever possible to fully pipeline this function.  If this multiplier was inferred, it is suggested to describe an additional register stage after this function.  If there is no registered adder/accumulator following the multiply function, two pipeline stages are suggested to allow both the MREG and PREG registers to be used.  If the DSP48 was instantiated in the design, it is suggested to set both the MREG and PREG attributes to 1 when performing multiply functions.
WARNING: [DRC DPOP-4] MREG Output pipelining: DSP level0_i/ulp/attention_score_u55c_kernel_1/inst/grp_attention_score_core_hls_fu_277/mac_muladd_8s_8s_16s_17_4_1_U57/attention_score_u55c_kernel_mac_muladd_8s_8s_16s_17_4_1_DSP48_0_U/p_reg_reg multiplier stage level0_i/ulp/attention_score_u55c_kernel_1/inst/grp_attention_score_core_hls_fu_277/mac_muladd_8s_8s_16s_17_4_1_U57/attention_score_u55c_kernel_mac_muladd_8s_8s_16s_17_4_1_DSP48_0_U/p_reg_reg/P[47:0] is not pipelined (MREG=0). Pipelining the multiplier function will improve performance and will save significant power so it is suggested whenever possible to fully pipeline this function.  If this multiplier was inferred, it is suggested to describe an additional register stage after this function.  If there is no registered adder/accumulator following the multiply function, two pipeline stages are suggested to allow both the MREG and PREG registers to be used.  If the DSP48 was instantiated in the design, it is suggested to set both the MREG and PREG attributes to 1 when performing multiply functions.
WARNING: [DRC DPOP-4] MREG Output pipelining: DSP level0_i/ulp/attention_score_u55c_kernel_1/inst/grp_attention_score_core_hls_fu_277/mac_muladd_8s_8s_16s_17_4_1_U58/attention_score_u55c_kernel_mac_muladd_8s_8s_16s_17_4_1_DSP48_0_U/p_reg_reg multiplier stage level0_i/ulp/attention_score_u55c_kernel_1/inst/grp_attention_score_core_hls_fu_277/mac_muladd_8s_8s_16s_17_4_1_U58/attention_score_u55c_kernel_mac_muladd_8s_8s_16s_17_4_1_DSP48_0_U/p_reg_reg/P[47:0] is not pipelined (MREG=0). Pipelining the multiplier function will improve performance and will save significant power so it is suggested whenever possible to fully pipeline this function.  If this multiplier was inferred, it is suggested to describe an additional register stage after this function.  If there is no registered adder/accumulator following the multiply function, two pipeline stages are suggested to allow both the MREG and PREG registers to be used.  If the DSP48 was instantiated in the design, it is suggested to set both the MREG and PREG attributes to 1 when performing multiply functions.
WARNING: [DRC DPOP-4] MREG Output pipelining: DSP level0_i/ulp/attention_score_u55c_kernel_1/inst/grp_attention_score_core_hls_fu_277/mac_muladd_8s_8s_16s_17_4_1_U59/attention_score_u55c_kernel_mac_muladd_8s_8s_16s_17_4_1_DSP48_0_U/p_reg_reg multiplier stage level0_i/ulp/attention_score_u55c_kernel_1/inst/grp_attention_score_core_hls_fu_277/mac_muladd_8s_8s_16s_17_4_1_U59/attention_score_u55c_kernel_mac_muladd_8s_8s_16s_17_4_1_DSP48_0_U/p_reg_reg/P[47:0] is not pipelined (MREG=0). Pipelining the multiplier function will improve performance and will save significant power so it is suggested whenever possible to fully pipeline this function.  If this multiplier was inferred, it is suggested to describe an additional register stage after this function.  If there is no registered adder/accumulator following the multiply function, two pipeline stages are suggested to allow both the MREG and PREG registers to be used.  If the DSP48 was instantiated in the design, it is suggested to set both the MREG and PREG attributes to 1 when performing multiply functions.
WARNING: [DRC DPOP-4] MREG Output pipelining: DSP level0_i/ulp/attention_score_u55c_kernel_1/inst/grp_attention_score_core_hls_fu_277/mac_muladd_8s_8s_16s_17_4_1_U60/attention_score_u55c_kernel_mac_muladd_8s_8s_16s_17_4_1_DSP48_0_U/p_reg_reg multiplier stage level0_i/ulp/attention_score_u55c_kernel_1/inst/grp_attention_score_core_hls_fu_277/mac_muladd_8s_8s_16s_17_4_1_U60/attention_score_u55c_kernel_mac_muladd_8s_8s_16s_17_4_1_DSP48_0_U/p_reg_reg/P[47:0] is not pipelined (MREG=0). Pipelining the multiplier function will improve performance and will save significant power so it is suggested whenever possible to fully pipeline this function.  If this multiplier was inferred, it is suggested to describe an additional register stage after this function.  If there is no registered adder/accumulator following the multiply function, two pipeline stages are suggested to allow both the MREG and PREG registers to be used.  If the DSP48 was instantiated in the design, it is suggested to set both the MREG and PREG attributes to 1 when performing multiply functions.
WARNING: [DRC DPOP-4] MREG Output pipelining: DSP level0_i/ulp/attention_score_u55c_kernel_1/inst/grp_attention_score_core_hls_fu_277/mac_muladd_8s_8s_16s_17_4_1_U61/attention_score_u55c_kernel_mac_muladd_8s_8s_16s_17_4_1_DSP48_0_U/p_reg_reg multiplier stage level0_i/ulp/attention_score_u55c_kernel_1/inst/grp_attention_score_core_hls_fu_277/mac_muladd_8s_8s_16s_17_4_1_U61/attention_score_u55c_kernel_mac_muladd_8s_8s_16s_17_4_1_DSP48_0_U/p_reg_reg/P[47:0] is not pipelined (MREG=0). Pipelining the multiplier function will improve performance and will save significant power so it is suggested whenever possible to fully pipeline this function.  If this multiplier was inferred, it is suggested to describe an additional register stage after this function.  If there is no registered adder/accumulator following the multiply function, two pipeline stages are suggested to allow both the MREG and PREG registers to be used.  If the DSP48 was instantiated in the design, it is suggested to set both the MREG and PREG attributes to 1 when performing multiply functions.
WARNING: [DRC DPOP-4] MREG Output pipelining: DSP level0_i/ulp/attention_score_u55c_kernel_1/inst/grp_attention_score_core_hls_fu_277/mac_muladd_8s_8s_16s_17_4_1_U62/attention_score_u55c_kernel_mac_muladd_8s_8s_16s_17_4_1_DSP48_0_U/p_reg_reg multiplier stage level0_i/ulp/attention_score_u55c_kernel_1/inst/grp_attention_score_core_hls_fu_277/mac_muladd_8s_8s_16s_17_4_1_U62/attention_score_u55c_kernel_mac_muladd_8s_8s_16s_17_4_1_DSP48_0_U/p_reg_reg/P[47:0] is not pipelined (MREG=0). Pipelining the multiplier function will improve performance and will save significant power so it is suggested whenever possible to fully pipeline this function.  If this multiplier was inferred, it is suggested to describe an additional register stage after this function.  If there is no registered adder/accumulator following the multiply function, two pipeline stages are suggested to allow both the MREG and PREG registers to be used.  If the DSP48 was instantiated in the design, it is suggested to set both the MREG and PREG attributes to 1 when performing multiply functions.
WARNING: [DRC DPOP-4] MREG Output pipelining: DSP level0_i/ulp/attention_score_u55c_kernel_1/inst/grp_attention_score_core_hls_fu_277/mac_muladd_8s_8s_16s_17_4_1_U63/attention_score_u55c_kernel_mac_muladd_8s_8s_16s_17_4_1_DSP48_0_U/p_reg_reg multiplier stage level0_i/ulp/attention_score_u55c_kernel_1/inst/grp_attention_score_core_hls_fu_277/mac_muladd_8s_8s_16s_17_4_1_U63/attention_score_u55c_kernel_mac_muladd_8s_8s_16s_17_4_1_DSP48_0_U/p_reg_reg/P[47:0] is not pipelined (MREG=0). Pipelining the multiplier function will improve performance and will save significant power so it is suggested whenever possible to fully pipeline this function.  If this multiplier was inferred, it is suggested to describe an additional register stage after this function.  If there is no registered adder/accumulator following the multiply function, two pipeline stages are suggested to allow both the MREG and PREG registers to be used.  If the DSP48 was instantiated in the design, it is suggested to set both the MREG and PREG attributes to 1 when performing multiply functions.
WARNING: [DRC DPOP-4] MREG Output pipelining: DSP level0_i/ulp/attention_score_u55c_kernel_1/inst/grp_attention_score_core_hls_fu_277/mac_muladd_8s_8s_16s_17_4_1_U64/attention_score_u55c_kernel_mac_muladd_8s_8s_16s_17_4_1_DSP48_0_U/p_reg_reg multiplier stage level0_i/ulp/attention_score_u55c_kernel_1/inst/grp_attention_score_core_hls_fu_277/mac_muladd_8s_8s_16s_17_4_1_U64/attention_score_u55c_kernel_mac_muladd_8s_8s_16s_17_4_1_DSP48_0_U/p_reg_reg/P[47:0] is not pipelined (MREG=0). Pipelining the multiplier function will improve performance and will save significant power so it is suggested whenever possible to fully pipeline this function.  If this multiplier was inferred, it is suggested to describe an additional register stage after this function.  If there is no registered adder/accumulator following the multiply function, two pipeline stages are suggested to allow both the MREG and PREG registers to be used.  If the DSP48 was instantiated in the design, it is suggested to set both the MREG and PREG attributes to 1 when performing multiply functions.
WARNING: [DRC DPOP-4] MREG Output pipelining: DSP level0_i/ulp/attention_score_u55c_kernel_1/inst/grp_attention_score_core_hls_fu_277/mac_muladd_8s_8s_16s_17_4_1_U65/attention_score_u55c_kernel_mac_muladd_8s_8s_16s_17_4_1_DSP48_0_U/p_reg_reg multiplier stage level0_i/ulp/attention_score_u55c_kernel_1/inst/grp_attention_score_core_hls_fu_277/mac_muladd_8s_8s_16s_17_4_1_U65/attention_score_u55c_kernel_mac_muladd_8s_8s_16s_17_4_1_DSP48_0_U/p_reg_reg/P[47:0] is not pipelined (MREG=0). Pipelining the multiplier function will improve performance and will save significant power so it is suggested whenever possible to fully pipeline this function.  If this multiplier was inferred, it is suggested to describe an additional register stage after this function.  If there is no registered adder/accumulator following the multiply function, two pipeline stages are suggested to allow both the MREG and PREG registers to be used.  If the DSP48 was instantiated in the design, it is suggested to set both the MREG and PREG attributes to 1 when performing multiply functions.
WARNING: [DRC DPOP-4] MREG Output pipelining: DSP level0_i/ulp/attention_score_u55c_kernel_1/inst/grp_attention_score_core_hls_fu_277/mac_muladd_8s_8s_16s_17_4_1_U66/attention_score_u55c_kernel_mac_muladd_8s_8s_16s_17_4_1_DSP48_0_U/p_reg_reg multiplier stage level0_i/ulp/attention_score_u55c_kernel_1/inst/grp_attention_score_core_hls_fu_277/mac_muladd_8s_8s_16s_17_4_1_U66/attention_score_u55c_kernel_mac_muladd_8s_8s_16s_17_4_1_DSP48_0_U/p_reg_reg/P[47:0] is not pipelined (MREG=0). Pipelining the multiplier function will improve performance and will save significant power so it is suggested whenever possible to fully pipeline this function.  If this multiplier was inferred, it is suggested to describe an additional register stage after this function.  If there is no registered adder/accumulator following the multiply function, two pipeline stages are suggested to allow both the MREG and PREG registers to be used.  If the DSP48 was instantiated in the design, it is suggested to set both the MREG and PREG attributes to 1 when performing multiply functions.
WARNING: [DRC DPOP-4] MREG Output pipelining: DSP level0_i/ulp/attention_score_u55c_kernel_1/inst/grp_attention_score_core_hls_fu_277/mac_muladd_8s_8s_16s_17_4_1_U67/attention_score_u55c_kernel_mac_muladd_8s_8s_16s_17_4_1_DSP48_0_U/p_reg_reg multiplier stage level0_i/ulp/attention_score_u55c_kernel_1/inst/grp_attention_score_core_hls_fu_277/mac_muladd_8s_8s_16s_17_4_1_U67/attention_score_u55c_kernel_mac_muladd_8s_8s_16s_17_4_1_DSP48_0_U/p_reg_reg/P[47:0] is not pipelined (MREG=0). Pipelining the multiplier function will improve performance and will save significant power so it is suggested whenever possible to fully pipeline this function.  If this multiplier was inferred, it is suggested to describe an additional register stage after this function.  If there is no registered adder/accumulator following the multiply function, two pipeline stages are suggested to allow both the MREG and PREG registers to be used.  If the DSP48 was instantiated in the design, it is suggested to set both the MREG and PREG attributes to 1 when performing multiply functions.
WARNING: [DRC DPOP-4] MREG Output pipelining: DSP level0_i/ulp/attention_score_u55c_kernel_1/inst/grp_attention_score_core_hls_fu_277/mac_muladd_8s_8s_16s_17_4_1_U68/attention_score_u55c_kernel_mac_muladd_8s_8s_16s_17_4_1_DSP48_0_U/p_reg_reg multiplier stage level0_i/ulp/attention_score_u55c_kernel_1/inst/grp_attention_score_core_hls_fu_277/mac_muladd_8s_8s_16s_17_4_1_U68/attention_score_u55c_kernel_mac_muladd_8s_8s_16s_17_4_1_DSP48_0_U/p_reg_reg/P[47:0] is not pipelined (MREG=0). Pipelining the multiplier function will improve performance and will save significant power so it is suggested whenever possible to fully pipeline this function.  If this multiplier was inferred, it is suggested to describe an additional register stage after this function.  If there is no registered adder/accumulator following the multiply function, two pipeline stages are suggested to allow both the MREG and PREG registers to be used.  If the DSP48 was instantiated in the design, it is suggested to set both the MREG and PREG attributes to 1 when performing multiply functions.
WARNING: [DRC DPOP-4] MREG Output pipelining: DSP level0_i/ulp/attention_score_u55c_kernel_1/inst/grp_attention_score_core_hls_fu_277/mac_muladd_8s_8s_16s_17_4_1_U70/attention_score_u55c_kernel_mac_muladd_8s_8s_16s_17_4_1_DSP48_0_U/p_reg_reg multiplier stage level0_i/ulp/attention_score_u55c_kernel_1/inst/grp_attention_score_core_hls_fu_277/mac_muladd_8s_8s_16s_17_4_1_U70/attention_score_u55c_kernel_mac_muladd_8s_8s_16s_17_4_1_DSP48_0_U/p_reg_reg/P[47:0] is not pipelined (MREG=0). Pipelining the multiplier function will improve performance and will save significant power so it is suggested whenever possible to fully pipeline this function.  If this multiplier was inferred, it is suggested to describe an additional register stage after this function.  If there is no registered adder/accumulator following the multiply function, two pipeline stages are suggested to allow both the MREG and PREG registers to be used.  If the DSP48 was instantiated in the design, it is suggested to set both the MREG and PREG attributes to 1 when performing multiply functions.
WARNING: [DRC DPOP-4] MREG Output pipelining: DSP level0_i/ulp/attention_score_u55c_kernel_1/inst/grp_attention_score_core_hls_fu_277/mac_muladd_8s_8s_16s_17_4_1_U71/attention_score_u55c_kernel_mac_muladd_8s_8s_16s_17_4_1_DSP48_0_U/p_reg_reg multiplier stage level0_i/ulp/attention_score_u55c_kernel_1/inst/grp_attention_score_core_hls_fu_277/mac_muladd_8s_8s_16s_17_4_1_U71/attention_score_u55c_kernel_mac_muladd_8s_8s_16s_17_4_1_DSP48_0_U/p_reg_reg/P[47:0] is not pipelined (MREG=0). Pipelining the multiplier function will improve performance and will save significant power so it is suggested whenever possible to fully pipeline this function.  If this multiplier was inferred, it is suggested to describe an additional register stage after this function.  If there is no registered adder/accumulator following the multiply function, two pipeline stages are suggested to allow both the MREG and PREG registers to be used.  If the DSP48 was instantiated in the design, it is suggested to set both the MREG and PREG attributes to 1 when performing multiply functions.
WARNING: [DRC DPOP-4] MREG Output pipelining: DSP level0_i/ulp/attention_score_u55c_kernel_1/inst/grp_attention_score_core_hls_fu_277/mac_muladd_8s_8s_16s_17_4_1_U72/attention_score_u55c_kernel_mac_muladd_8s_8s_16s_17_4_1_DSP48_0_U/p_reg_reg multiplier stage level0_i/ulp/attention_score_u55c_kernel_1/inst/grp_attention_score_core_hls_fu_277/mac_muladd_8s_8s_16s_17_4_1_U72/attention_score_u55c_kernel_mac_muladd_8s_8s_16s_17_4_1_DSP48_0_U/p_reg_reg/P[47:0] is not pipelined (MREG=0). Pipelining the multiplier function will improve performance and will save significant power so it is suggested whenever possible to fully pipeline this function.  If this multiplier was inferred, it is suggested to describe an additional register stage after this function.  If there is no registered adder/accumulator following the multiply function, two pipeline stages are suggested to allow both the MREG and PREG registers to be used.  If the DSP48 was instantiated in the design, it is suggested to set both the MREG and PREG attributes to 1 when performing multiply functions.
WARNING: [DRC DPOP-4] MREG Output pipelining: DSP level0_i/ulp/attention_score_u55c_kernel_1/inst/grp_attention_score_core_hls_fu_277/mac_muladd_8s_8s_16s_17_4_1_U73/attention_score_u55c_kernel_mac_muladd_8s_8s_16s_17_4_1_DSP48_0_U/p_reg_reg multiplier stage level0_i/ulp/attention_score_u55c_kernel_1/inst/grp_attention_score_core_hls_fu_277/mac_muladd_8s_8s_16s_17_4_1_U73/attention_score_u55c_kernel_mac_muladd_8s_8s_16s_17_4_1_DSP48_0_U/p_reg_reg/P[47:0] is not pipelined (MREG=0). Pipelining the multiplier function will improve performance and will save significant power so it is suggested whenever possible to fully pipeline this function.  If this multiplier was inferred, it is suggested to describe an additional register stage after this function.  If there is no registered adder/accumulator following the multiply function, two pipeline stages are suggested to allow both the MREG and PREG registers to be used.  If the DSP48 was instantiated in the design, it is suggested to set both the MREG and PREG attributes to 1 when performing multiply functions.
WARNING: [DRC DPOP-4] MREG Output pipelining: DSP level0_i/ulp/attention_score_u55c_kernel_1/inst/grp_attention_score_core_hls_fu_277/mac_muladd_8s_8s_16s_17_4_1_U74/attention_score_u55c_kernel_mac_muladd_8s_8s_16s_17_4_1_DSP48_0_U/p_reg_reg multiplier stage level0_i/ulp/attention_score_u55c_kernel_1/inst/grp_attention_score_core_hls_fu_277/mac_muladd_8s_8s_16s_17_4_1_U74/attention_score_u55c_kernel_mac_muladd_8s_8s_16s_17_4_1_DSP48_0_U/p_reg_reg/P[47:0] is not pipelined (MREG=0). Pipelining the multiplier function will improve performance and will save significant power so it is suggested whenever possible to fully pipeline this function.  If this multiplier was inferred, it is suggested to describe an additional register stage after this function.  If there is no registered adder/accumulator following the multiply function, two pipeline stages are suggested to allow both the MREG and PREG registers to be used.  If the DSP48 was instantiated in the design, it is suggested to set both the MREG and PREG attributes to 1 when performing multiply functions.
WARNING: [DRC DPOP-4] MREG Output pipelining: DSP level0_i/ulp/attention_score_u55c_kernel_1/inst/grp_attention_score_core_hls_fu_277/mac_muladd_8s_8s_16s_17_4_1_U75/attention_score_u55c_kernel_mac_muladd_8s_8s_16s_17_4_1_DSP48_0_U/p_reg_reg multiplier stage level0_i/ulp/attention_score_u55c_kernel_1/inst/grp_attention_score_core_hls_fu_277/mac_muladd_8s_8s_16s_17_4_1_U75/attention_score_u55c_kernel_mac_muladd_8s_8s_16s_17_4_1_DSP48_0_U/p_reg_reg/P[47:0] is not pipelined (MREG=0). Pipelining the multiplier function will improve performance and will save significant power so it is suggested whenever possible to fully pipeline this function.  If this multiplier was inferred, it is suggested to describe an additional register stage after this function.  If there is no registered adder/accumulator following the multiply function, two pipeline stages are suggested to allow both the MREG and PREG registers to be used.  If the DSP48 was instantiated in the design, it is suggested to set both the MREG and PREG attributes to 1 when performing multiply functions.
WARNING: [DRC DPOP-4] MREG Output pipelining: DSP level0_i/ulp/attention_score_u55c_kernel_1/inst/grp_attention_score_core_hls_fu_277/mac_muladd_8s_8s_16s_17_4_1_U76/attention_score_u55c_kernel_mac_muladd_8s_8s_16s_17_4_1_DSP48_0_U/p_reg_reg multiplier stage level0_i/ulp/attention_score_u55c_kernel_1/inst/grp_attention_score_core_hls_fu_277/mac_muladd_8s_8s_16s_17_4_1_U76/attention_score_u55c_kernel_mac_muladd_8s_8s_16s_17_4_1_DSP48_0_U/p_reg_reg/P[47:0] is not pipelined (MREG=0). Pipelining the multiplier function will improve performance and will save significant power so it is suggested whenever possible to fully pipeline this function.  If this multiplier was inferred, it is suggested to describe an additional register stage after this function.  If there is no registered adder/accumulator following the multiply function, two pipeline stages are suggested to allow both the MREG and PREG registers to be used.  If the DSP48 was instantiated in the design, it is suggested to set both the MREG and PREG attributes to 1 when performing multiply functions.
WARNING: [DRC DPOP-4] MREG Output pipelining: DSP level0_i/ulp/attention_score_u55c_kernel_1/inst/grp_attention_score_core_hls_fu_277/mac_muladd_8s_8s_16s_17_4_1_U79/attention_score_u55c_kernel_mac_muladd_8s_8s_16s_17_4_1_DSP48_0_U/p_reg_reg multiplier stage level0_i/ulp/attention_score_u55c_kernel_1/inst/grp_attention_score_core_hls_fu_277/mac_muladd_8s_8s_16s_17_4_1_U79/attention_score_u55c_kernel_mac_muladd_8s_8s_16s_17_4_1_DSP48_0_U/p_reg_reg/P[47:0] is not pipelined (MREG=0). Pipelining the multiplier function will improve performance and will save significant power so it is suggested whenever possible to fully pipeline this function.  If this multiplier was inferred, it is suggested to describe an additional register stage after this function.  If there is no registered adder/accumulator following the multiply function, two pipeline stages are suggested to allow both the MREG and PREG registers to be used.  If the DSP48 was instantiated in the design, it is suggested to set both the MREG and PREG attributes to 1 when performing multiply functions.
WARNING: [DRC DPOP-4] MREG Output pipelining: DSP level0_i/ulp/score_scale_u55c_kernel_1/inst/grp_score_scale_core_hls_fu_131/fmul_32ns_32ns_32_4_max_dsp_1_U4/score_scale_u55c_kernel_fmul_32ns_32ns_32_4_max_dsp_1_ip_u/inst/i_synth/MULT.OP/i_non_prim.MULT/DSP48E1_SPD_SGL_VARIANT.FIX_MULT/DSP1/i_no_versal_es1_workaround.DSP multiplier stage level0_i/ulp/score_scale_u55c_kernel_1/inst/grp_score_scale_core_hls_fu_131/fmul_32ns_32ns_32_4_max_dsp_1_U4/score_scale_u55c_kernel_fmul_32ns_32ns_32_4_max_dsp_1_ip_u/inst/i_synth/MULT.OP/i_non_prim.MULT/DSP48E1_SPD_SGL_VARIANT.FIX_MULT/DSP1/i_no_versal_es1_workaround.DSP/PATTERNDETECT is not pipelined (MREG=0). Pipelining the multiplier function will improve performance and will save significant power so it is suggested whenever possible to fully pipeline this function.  If this multiplier was inferred, it is suggested to describe an additional register stage after this function.  If there is no registered adder/accumulator following the multiply function, two pipeline stages are suggested to allow both the MREG and PREG registers to be used.  If the DSP48 was instantiated in the design, it is suggested to set both the MREG and PREG attributes to 1 when performing multiply functions.
WARNING: [DRC DPOP-4] MREG Output pipelining: DSP level0_i/ulp/softmax_u55c_kernel_1/inst/grp_softmax_core_hls_fu_141/grp_softmax_core_hls_Pipeline_VITIS_LOOP_46_3_fu_106/fexp_32ns_32ns_32_14_full_dsp_1_U15/softmax_u55c_kernel_fexp_32ns_32ns_32_14_full_dsp_1_ip_u/inst/i_synth/EXP_OP.i_sp_or_dp.OP/g_Fr_sp_dsp.i_calculate_Fr/i_no_versal_es1_workaround.DSP multiplier stage level0_i/ulp/softmax_u55c_kernel_1/inst/grp_softmax_core_hls_fu_141/grp_softmax_core_hls_Pipeline_VITIS_LOOP_46_3_fu_106/fexp_32ns_32ns_32_14_full_dsp_1_U15/softmax_u55c_kernel_fexp_32ns_32ns_32_14_full_dsp_1_ip_u/inst/i_synth/EXP_OP.i_sp_or_dp.OP/g_Fr_sp_dsp.i_calculate_Fr/i_no_versal_es1_workaround.DSP/P[47:0] is not pipelined (MREG=0). Pipelining the multiplier function will improve performance and will save significant power so it is suggested whenever possible to fully pipeline this function.  If this multiplier was inferred, it is suggested to describe an additional register stage after this function.  If there is no registered adder/accumulator following the multiply function, two pipeline stages are suggested to allow both the MREG and PREG registers to be used.  If the DSP48 was instantiated in the design, it is suggested to set both the MREG and PREG attributes to 1 when performing multiply functions.
WARNING: [DRC DPOP-4] MREG Output pipelining: DSP level0_i/ulp/softmax_u55c_kernel_1/inst/grp_softmax_core_hls_fu_141/grp_softmax_core_hls_Pipeline_VITIS_LOOP_46_3_fu_106/fsub_32ns_32ns_32_7_full_dsp_1_U13/softmax_u55c_kernel_fsub_32ns_32ns_32_7_full_dsp_1_ip_u/inst/i_synth/ADDSUB_OP.ADDSUB/DSP.OP/DSP48E1_BODY.NORM_RND/FULL_USAGE_DSP.SHIFT_RND/i_no_versal_es1_workaround.DSP multiplier stage level0_i/ulp/softmax_u55c_kernel_1/inst/grp_softmax_core_hls_fu_141/grp_softmax_core_hls_Pipeline_VITIS_LOOP_46_3_fu_106/fsub_32ns_32ns_32_7_full_dsp_1_U13/softmax_u55c_kernel_fsub_32ns_32ns_32_7_full_dsp_1_ip_u/inst/i_synth/ADDSUB_OP.ADDSUB/DSP.OP/DSP48E1_BODY.NORM_RND/FULL_USAGE_DSP.SHIFT_RND/i_no_versal_es1_workaround.DSP/P[47:0] is not pipelined (MREG=0). Pipelining the multiplier function will improve performance and will save significant power so it is suggested whenever possible to fully pipeline this function.  If this multiplier was inferred, it is suggested to describe an additional register stage after this function.  If there is no registered adder/accumulator following the multiply function, two pipeline stages are suggested to allow both the MREG and PREG registers to be used.  If the DSP48 was instantiated in the design, it is suggested to set both the MREG and PREG attributes to 1 when performing multiply functions.
WARNING: [DRC DPREG-7] DSP48E2_PregDynOpmodeZmuxP:: The DSP48E2 cell level0_i/ulp/softmax_u55c_kernel_1/inst/grp_softmax_core_hls_fu_141/grp_softmax_core_hls_Pipeline_VITIS_LOOP_46_3_fu_106/fsub_32ns_32ns_32_7_full_dsp_1_U13/softmax_u55c_kernel_fsub_32ns_32ns_32_7_full_dsp_1_ip_u/inst/i_synth/ADDSUB_OP.ADDSUB/DSP.OP/DSP48E1_BODY.ALIGN_ADD/DSP2/i_no_versal_es1_workaround.DSP with the given dynamic OPMODE[8:0] connections may lead to an unregistered asynchronous feedback path without the PREG attribute enabled. Please refer to the user guide and if one of the internal P feedback opmodes is possible for this design the PREG attribute must be set to 1, currently set to 0
WARNING: [DRC FLBO-1] Pblock overlap: pblock_blp overlaps with pblock_dynamic_region: 0.20%, pblock_dynamic_SLR0: 0.20%.
WARNING: [DRC FLBO-1] Pblock overlap: pblock_blp_slr0 overlaps with pblock_dynamic_region: 0.56%, pblock_dynamic_SLR0: 0.56%.
WARNING: [DRC FLBO-1] Pblock overlap: pblock_dynamic_SLR0 overlaps with pblock_blp: 0.11%, pblock_blp_slr0: 0.11%.
WARNING: [DRC FLBO-1] Pblock overlap: pblock_dynamic_region overlaps with pblock_blp: 0.04%, pblock_blp_slr0: 0.04%.
WARNING: [DRC LOCE-1] Pblock ranges contradict LOC constraints on logic assigned to the Pblock: Pblock pblock_blp's ranges fail to contain LOC constraints on assigned instance level0_i/blp/blp_i/ss_hif/inst/pcie/inst/FSM_sequential_snoop_state_reg[0], level0_i/blp/blp_i/ss_hif/inst/pcie/inst/FSM_sequential_snoop_state_reg[1], level0_i/blp/blp_i/ss_hif/inst/pcie/inst/cfg_ext_register_number_snoop_reg[0], level0_i/blp/blp_i/ss_hif/inst/pcie/inst/cfg_ext_register_number_snoop_reg[1], level0_i/blp/blp_i/ss_hif/inst/pcie/inst/cfg_ext_register_number_snoop_reg[2], level0_i/blp/blp_i/ss_hif/inst/pcie/inst/cfg_ext_register_number_snoop_reg[3], level0_i/blp/blp_i/ss_hif/inst/pcie/inst/cfg_ext_register_number_snoop_reg[5], level0_i/blp/blp_i/ss_hif/inst/pcie/inst/cfg_ext_register_number_snoop_reg[6], level0_i/blp/blp_i/ss_hif/inst/pcie/inst/cfg_ext_register_number_snoop_reg[7], level0_i/blp/blp_i/ss_hif/inst/pcie/inst/cfg_ext_register_number_snoop_reg[8], level0_i/blp/blp_i/ss_hif/inst/pcie/inst/cfg_ext_write_byte_enable_snoop_reg[0], level0_i/blp/blp_i/ss_hif/inst/pcie/inst/cfg_ext_write_byte_enable_snoop_reg[1], level0_i/blp/blp_i/ss_hif/inst/pcie/inst/cfg_ext_write_byte_enable_snoop_reg[2], level0_i/blp/blp_i/ss_hif/inst/pcie/inst/cfg_ext_write_data_snoop_reg[10], level0_i/blp/blp_i/ss_hif/inst/pcie/inst/cfg_ext_write_data_snoop_reg[23]... and (the first 15 of 1884 listed)
WARNING: [DRC LOCE-1] Pblock ranges contradict LOC constraints on logic assigned to the Pblock: Pblock pblock_blp_slr0's ranges fail to contain LOC constraints on assigned instance level0_i/blp/blp_i/ss_hif/inst/pcie/inst/FSM_sequential_snoop_state_reg[0], level0_i/blp/blp_i/ss_hif/inst/pcie/inst/FSM_sequential_snoop_state_reg[1], level0_i/blp/blp_i/ss_hif/inst/pcie/inst/cfg_ext_register_number_snoop_reg[0], level0_i/blp/blp_i/ss_hif/inst/pcie/inst/cfg_ext_register_number_snoop_reg[1], level0_i/blp/blp_i/ss_hif/inst/pcie/inst/cfg_ext_register_number_snoop_reg[2], level0_i/blp/blp_i/ss_hif/inst/pcie/inst/cfg_ext_register_number_snoop_reg[3], level0_i/blp/blp_i/ss_hif/inst/pcie/inst/cfg_ext_register_number_snoop_reg[5], level0_i/blp/blp_i/ss_hif/inst/pcie/inst/cfg_ext_register_number_snoop_reg[6], level0_i/blp/blp_i/ss_hif/inst/pcie/inst/cfg_ext_register_number_snoop_reg[7], level0_i/blp/blp_i/ss_hif/inst/pcie/inst/cfg_ext_register_number_snoop_reg[8], level0_i/blp/blp_i/ss_hif/inst/pcie/inst/cfg_ext_write_byte_enable_snoop_reg[0], level0_i/blp/blp_i/ss_hif/inst/pcie/inst/cfg_ext_write_byte_enable_snoop_reg[1], level0_i/blp/blp_i/ss_hif/inst/pcie/inst/cfg_ext_write_byte_enable_snoop_reg[2], level0_i/blp/blp_i/ss_hif/inst/pcie/inst/cfg_ext_write_data_snoop_reg[10], level0_i/blp/blp_i/ss_hif/inst/pcie/inst/cfg_ext_write_data_snoop_reg[23]... and (the first 15 of 1819 listed)
WARNING: [DRC LOCE-1] Pblock ranges contradict LOC constraints on logic assigned to the Pblock: Pblock pblock_blp_slr2's ranges fail to contain LOC constraints on assigned instance level0_i/blp/blp_i/PLP/ss_fic/inst/data_firewalls_and_regslices/axi_firewall_data_h2c/inst/gen_mi.s_w_reg/state[s_ready_i]_i_2, level0_i/blp/blp_i/PLP/ss_fic/inst/data_firewalls_and_regslices/axi_firewall_data_h2c/inst/gen_mi.s_w_reg/state[s_ready_i]_i_3, and level0_i/blp/blp_i/PLP/ss_fic/inst/data_firewalls_and_regslices/axi_firewall_data_h2c/inst/gen_mi.s_w_reg/state_reg[s_ready_i]
WARNING: [DRC NTCN-8] CLOCK_DELAY_GROUP net segment not driven by buffer: Net (segment) level0_i/blp/blp_i/ss_hif/inst/pcie/inst/bd_39ab_pcie_0_gt_top_i/diablo_gt.diablo_gt_phy_wrapper/gt_wizard.gtwizard_top_i/bd_39ab_pcie_0_gt_i/inst/gen_gtwizard_gtye4_top.bd_39ab_pcie_0_gt_gtwizard_gtye4_inst/gen_gtwizard_gtye4.gen_channel_container[24].gen_enabled_channel.gtye4_channel_wrapper_inst/channel_inst/GTYE4_CHANNEL_TXOUTCLK[0] is assigned constraint CLOCK_DELAY_GROUP 'level0_i_blp_blp_i_ss_hif_inst_pcie_inst_group_i0' but is not the net segment directly connected to the driving clock buffer. Instead the driver is GTYE4_CHANNEL cell level0_i/blp/blp_i/ss_hif/inst/pcie/inst/bd_39ab_pcie_0_gt_top_i/diablo_gt.diablo_gt_phy_wrapper/gt_wizard.gtwizard_top_i/bd_39ab_pcie_0_gt_i/inst/gen_gtwizard_gtye4_top.bd_39ab_pcie_0_gt_gtwizard_gtye4_inst/gen_gtwizard_gtye4.gen_channel_container[24].gen_enabled_channel.gtye4_channel_wrapper_inst/channel_inst/gtye4_channel_gen.gen_gtye4_channel_inst[0].GTYE4_CHANNEL_PRIM_INST. In order to have your clock network properly constrained, the CLOCK_DELAY_GROUP constraint must be applied to the net segment directly driven by a clock buffer that requires its clock tree to be balanced. Please check your constraints.
WARNING: [DRC NTCN-8] CLOCK_DELAY_GROUP net segment not driven by buffer: Net (segment) level0_i/blp/blp_i/ss_hif/inst/pcie/inst/bd_39ab_pcie_0_gt_top_i/diablo_gt.diablo_gt_phy_wrapper/gt_wizard.gtwizard_top_i/bd_39ab_pcie_0_gt_i/inst/gen_gtwizard_gtye4_top.bd_39ab_pcie_0_gt_gtwizard_gtye4_inst/gen_gtwizard_gtye4.gen_channel_container[24].gen_enabled_channel.gtye4_channel_wrapper_inst/channel_inst/GTYE4_CHANNEL_TXOUTCLK[1] is assigned constraint CLOCK_DELAY_GROUP 'level0_i_blp_blp_i_ss_hif_inst_pcie_inst_group_i0' but is not the net segment directly connected to the driving clock buffer. Instead the driver is GTYE4_CHANNEL cell level0_i/blp/blp_i/ss_hif/inst/pcie/inst/bd_39ab_pcie_0_gt_top_i/diablo_gt.diablo_gt_phy_wrapper/gt_wizard.gtwizard_top_i/bd_39ab_pcie_0_gt_i/inst/gen_gtwizard_gtye4_top.bd_39ab_pcie_0_gt_gtwizard_gtye4_inst/gen_gtwizard_gtye4.gen_channel_container[24].gen_enabled_channel.gtye4_channel_wrapper_inst/channel_inst/gtye4_channel_gen.gen_gtye4_channel_inst[1].GTYE4_CHANNEL_PRIM_INST. In order to have your clock network properly constrained, the CLOCK_DELAY_GROUP constraint must be applied to the net segment directly driven by a clock buffer that requires its clock tree to be balanced. Please check your constraints.
WARNING: [DRC NTCN-8] CLOCK_DELAY_GROUP net segment not driven by buffer: Net (segment) level0_i/blp/blp_i/ss_hif/inst/pcie/inst/bd_39ab_pcie_0_gt_top_i/diablo_gt.diablo_gt_phy_wrapper/gt_wizard.gtwizard_top_i/bd_39ab_pcie_0_gt_i/inst/gen_gtwizard_gtye4_top.bd_39ab_pcie_0_gt_gtwizard_gtye4_inst/gen_gtwizard_gtye4.gen_channel_container[24].gen_enabled_channel.gtye4_channel_wrapper_inst/channel_inst/GTYE4_CHANNEL_TXOUTCLK[2] is assigned constraint CLOCK_DELAY_GROUP 'level0_i_blp_blp_i_ss_hif_inst_pcie_inst_group_i0' but is not the net segment directly connected to the driving clock buffer. Instead the driver is GTYE4_CHANNEL cell level0_i/blp/blp_i/ss_hif/inst/pcie/inst/bd_39ab_pcie_0_gt_top_i/diablo_gt.diablo_gt_phy_wrapper/gt_wizard.gtwizard_top_i/bd_39ab_pcie_0_gt_i/inst/gen_gtwizard_gtye4_top.bd_39ab_pcie_0_gt_gtwizard_gtye4_inst/gen_gtwizard_gtye4.gen_channel_container[24].gen_enabled_channel.gtye4_channel_wrapper_inst/channel_inst/gtye4_channel_gen.gen_gtye4_channel_inst[2].GTYE4_CHANNEL_PRIM_INST. In order to have your clock network properly constrained, the CLOCK_DELAY_GROUP constraint must be applied to the net segment directly driven by a clock buffer that requires its clock tree to be balanced. Please check your constraints.
WARNING: [DRC NTCN-8] CLOCK_DELAY_GROUP net segment not driven by buffer: Net (segment) level0_i/blp/blp_i/ss_hif/inst/pcie/inst/bd_39ab_pcie_0_gt_top_i/diablo_gt.diablo_gt_phy_wrapper/gt_wizard.gtwizard_top_i/bd_39ab_pcie_0_gt_i/inst/gen_gtwizard_gtye4_top.bd_39ab_pcie_0_gt_gtwizard_gtye4_inst/gen_gtwizard_gtye4.gen_channel_container[24].gen_enabled_channel.gtye4_channel_wrapper_inst/channel_inst/GTYE4_CHANNEL_TXOUTCLK[3] is assigned constraint CLOCK_DELAY_GROUP 'level0_i_blp_blp_i_ss_hif_inst_pcie_inst_group_i0' but is not the net segment directly connected to the driving clock buffer. Instead the driver is GTYE4_CHANNEL cell level0_i/blp/blp_i/ss_hif/inst/pcie/inst/bd_39ab_pcie_0_gt_top_i/diablo_gt.diablo_gt_phy_wrapper/gt_wizard.gtwizard_top_i/bd_39ab_pcie_0_gt_i/inst/gen_gtwizard_gtye4_top.bd_39ab_pcie_0_gt_gtwizard_gtye4_inst/gen_gtwizard_gtye4.gen_channel_container[24].gen_enabled_channel.gtye4_channel_wrapper_inst/channel_inst/gtye4_channel_gen.gen_gtye4_channel_inst[3].GTYE4_CHANNEL_PRIM_INST. In order to have your clock network properly constrained, the CLOCK_DELAY_GROUP constraint must be applied to the net segment directly driven by a clock buffer that requires its clock tree to be balanced. Please check your constraints.
WARNING: [DRC NTCN-8] CLOCK_DELAY_GROUP net segment not driven by buffer: Net (segment) level0_i/blp/blp_i/ss_hif/inst/pcie/inst/bd_39ab_pcie_0_gt_top_i/diablo_gt.diablo_gt_phy_wrapper/gt_wizard.gtwizard_top_i/bd_39ab_pcie_0_gt_i/inst/gen_gtwizard_gtye4_top.bd_39ab_pcie_0_gt_gtwizard_gtye4_inst/gen_gtwizard_gtye4.gen_channel_container[25].gen_enabled_channel.gtye4_channel_wrapper_inst/channel_inst/GTYE4_CHANNEL_TXOUTCLK[0] is assigned constraint CLOCK_DELAY_GROUP 'level0_i_blp_blp_i_ss_hif_inst_pcie_inst_group_i0' but is not the net segment directly connected to the driving clock buffer. Instead the driver is GTYE4_CHANNEL cell level0_i/blp/blp_i/ss_hif/inst/pcie/inst/bd_39ab_pcie_0_gt_top_i/diablo_gt.diablo_gt_phy_wrapper/gt_wizard.gtwizard_top_i/bd_39ab_pcie_0_gt_i/inst/gen_gtwizard_gtye4_top.bd_39ab_pcie_0_gt_gtwizard_gtye4_inst/gen_gtwizard_gtye4.gen_channel_container[25].gen_enabled_channel.gtye4_channel_wrapper_inst/channel_inst/gtye4_channel_gen.gen_gtye4_channel_inst[0].GTYE4_CHANNEL_PRIM_INST. In order to have your clock network properly constrained, the CLOCK_DELAY_GROUP constraint must be applied to the net segment directly driven by a clock buffer that requires its clock tree to be balanced. Please check your constraints.
WARNING: [DRC NTCN-8] CLOCK_DELAY_GROUP net segment not driven by buffer: Net (segment) level0_i/blp/blp_i/ss_hif/inst/pcie/inst/bd_39ab_pcie_0_gt_top_i/diablo_gt.diablo_gt_phy_wrapper/gt_wizard.gtwizard_top_i/bd_39ab_pcie_0_gt_i/inst/gen_gtwizard_gtye4_top.bd_39ab_pcie_0_gt_gtwizard_gtye4_inst/gen_gtwizard_gtye4.gen_channel_container[25].gen_enabled_channel.gtye4_channel_wrapper_inst/channel_inst/GTYE4_CHANNEL_TXOUTCLK[1] is assigned constraint CLOCK_DELAY_GROUP 'level0_i_blp_blp_i_ss_hif_inst_pcie_inst_group_i0' but is not the net segment directly connected to the driving clock buffer. Instead the driver is GTYE4_CHANNEL cell level0_i/blp/blp_i/ss_hif/inst/pcie/inst/bd_39ab_pcie_0_gt_top_i/diablo_gt.diablo_gt_phy_wrapper/gt_wizard.gtwizard_top_i/bd_39ab_pcie_0_gt_i/inst/gen_gtwizard_gtye4_top.bd_39ab_pcie_0_gt_gtwizard_gtye4_inst/gen_gtwizard_gtye4.gen_channel_container[25].gen_enabled_channel.gtye4_channel_wrapper_inst/channel_inst/gtye4_channel_gen.gen_gtye4_channel_inst[1].GTYE4_CHANNEL_PRIM_INST. In order to have your clock network properly constrained, the CLOCK_DELAY_GROUP constraint must be applied to the net segment directly driven by a clock buffer that requires its clock tree to be balanced. Please check your constraints.
WARNING: [DRC NTCN-8] CLOCK_DELAY_GROUP net segment not driven by buffer: Net (segment) level0_i/blp/blp_i/ss_hif/inst/pcie/inst/bd_39ab_pcie_0_gt_top_i/diablo_gt.diablo_gt_phy_wrapper/gt_wizard.gtwizard_top_i/bd_39ab_pcie_0_gt_i/inst/gen_gtwizard_gtye4_top.bd_39ab_pcie_0_gt_gtwizard_gtye4_inst/gen_gtwizard_gtye4.gen_channel_container[25].gen_enabled_channel.gtye4_channel_wrapper_inst/channel_inst/GTYE4_CHANNEL_TXOUTCLK[2] is assigned constraint CLOCK_DELAY_GROUP 'level0_i_blp_blp_i_ss_hif_inst_pcie_inst_group_i0' but is not the net segment directly connected to the driving clock buffer. Instead the driver is GTYE4_CHANNEL cell level0_i/blp/blp_i/ss_hif/inst/pcie/inst/bd_39ab_pcie_0_gt_top_i/diablo_gt.diablo_gt_phy_wrapper/gt_wizard.gtwizard_top_i/bd_39ab_pcie_0_gt_i/inst/gen_gtwizard_gtye4_top.bd_39ab_pcie_0_gt_gtwizard_gtye4_inst/gen_gtwizard_gtye4.gen_channel_container[25].gen_enabled_channel.gtye4_channel_wrapper_inst/channel_inst/gtye4_channel_gen.gen_gtye4_channel_inst[2].GTYE4_CHANNEL_PRIM_INST. In order to have your clock network properly constrained, the CLOCK_DELAY_GROUP constraint must be applied to the net segment directly driven by a clock buffer that requires its clock tree to be balanced. Please check your constraints.
WARNING: [DRC NTCN-8] CLOCK_DELAY_GROUP net segment not driven by buffer: Net (segment) level0_i/blp/blp_i/ss_hif/inst/pcie/inst/bd_39ab_pcie_0_gt_top_i/diablo_gt.diablo_gt_phy_wrapper/gt_wizard.gtwizard_top_i/bd_39ab_pcie_0_gt_i/inst/gen_gtwizard_gtye4_top.bd_39ab_pcie_0_gt_gtwizard_gtye4_inst/gen_gtwizard_gtye4.gen_channel_container[25].gen_enabled_channel.gtye4_channel_wrapper_inst/channel_inst/GTYE4_CHANNEL_TXOUTCLK[3] is assigned constraint CLOCK_DELAY_GROUP 'level0_i_blp_blp_i_ss_hif_inst_pcie_inst_group_i0' but is not the net segment directly connected to the driving clock buffer. Instead the driver is GTYE4_CHANNEL cell level0_i/blp/blp_i/ss_hif/inst/pcie/inst/bd_39ab_pcie_0_gt_top_i/diablo_gt.diablo_gt_phy_wrapper/gt_wizard.gtwizard_top_i/bd_39ab_pcie_0_gt_i/inst/gen_gtwizard_gtye4_top.bd_39ab_pcie_0_gt_gtwizard_gtye4_inst/gen_gtwizard_gtye4.gen_channel_container[25].gen_enabled_channel.gtye4_channel_wrapper_inst/channel_inst/gtye4_channel_gen.gen_gtye4_channel_inst[3].GTYE4_CHANNEL_PRIM_INST. In order to have your clock network properly constrained, the CLOCK_DELAY_GROUP constraint must be applied to the net segment directly driven by a clock buffer that requires its clock tree to be balanced. Please check your constraints.
WARNING: [DRC NTCN-8] CLOCK_DELAY_GROUP net segment not driven by buffer: Net (segment) level0_i/blp/blp_i/ss_hif/inst/pcie/inst/bd_39ab_pcie_0_gt_top_i/diablo_gt.diablo_gt_phy_wrapper/gt_wizard.gtwizard_top_i/bd_39ab_pcie_0_gt_i/inst/gen_gtwizard_gtye4_top.bd_39ab_pcie_0_gt_gtwizard_gtye4_inst/gen_gtwizard_gtye4.gen_channel_container[26].gen_enabled_channel.gtye4_channel_wrapper_inst/channel_inst/GTYE4_CHANNEL_TXOUTCLK[0] is assigned constraint CLOCK_DELAY_GROUP 'level0_i_blp_blp_i_ss_hif_inst_pcie_inst_group_i0' but is not the net segment directly connected to the driving clock buffer. Instead the driver is GTYE4_CHANNEL cell level0_i/blp/blp_i/ss_hif/inst/pcie/inst/bd_39ab_pcie_0_gt_top_i/diablo_gt.diablo_gt_phy_wrapper/gt_wizard.gtwizard_top_i/bd_39ab_pcie_0_gt_i/inst/gen_gtwizard_gtye4_top.bd_39ab_pcie_0_gt_gtwizard_gtye4_inst/gen_gtwizard_gtye4.gen_channel_container[26].gen_enabled_channel.gtye4_channel_wrapper_inst/channel_inst/gtye4_channel_gen.gen_gtye4_channel_inst[0].GTYE4_CHANNEL_PRIM_INST. In order to have your clock network properly constrained, the CLOCK_DELAY_GROUP constraint must be applied to the net segment directly driven by a clock buffer that requires its clock tree to be balanced. Please check your constraints.
WARNING: [DRC NTCN-8] CLOCK_DELAY_GROUP net segment not driven by buffer: Net (segment) level0_i/blp/blp_i/ss_hif/inst/pcie/inst/bd_39ab_pcie_0_gt_top_i/diablo_gt.diablo_gt_phy_wrapper/gt_wizard.gtwizard_top_i/bd_39ab_pcie_0_gt_i/inst/gen_gtwizard_gtye4_top.bd_39ab_pcie_0_gt_gtwizard_gtye4_inst/gen_gtwizard_gtye4.gen_channel_container[26].gen_enabled_channel.gtye4_channel_wrapper_inst/channel_inst/GTYE4_CHANNEL_TXOUTCLK[1] is assigned constraint CLOCK_DELAY_GROUP 'level0_i_blp_blp_i_ss_hif_inst_pcie_inst_group_i0' but is not the net segment directly connected to the driving clock buffer. Instead the driver is GTYE4_CHANNEL cell level0_i/blp/blp_i/ss_hif/inst/pcie/inst/bd_39ab_pcie_0_gt_top_i/diablo_gt.diablo_gt_phy_wrapper/gt_wizard.gtwizard_top_i/bd_39ab_pcie_0_gt_i/inst/gen_gtwizard_gtye4_top.bd_39ab_pcie_0_gt_gtwizard_gtye4_inst/gen_gtwizard_gtye4.gen_channel_container[26].gen_enabled_channel.gtye4_channel_wrapper_inst/channel_inst/gtye4_channel_gen.gen_gtye4_channel_inst[1].GTYE4_CHANNEL_PRIM_INST. In order to have your clock network properly constrained, the CLOCK_DELAY_GROUP constraint must be applied to the net segment directly driven by a clock buffer that requires its clock tree to be balanced. Please check your constraints.
WARNING: [DRC NTCN-8] CLOCK_DELAY_GROUP net segment not driven by buffer: Net (segment) level0_i/blp/blp_i/ss_hif/inst/pcie/inst/bd_39ab_pcie_0_gt_top_i/diablo_gt.diablo_gt_phy_wrapper/gt_wizard.gtwizard_top_i/bd_39ab_pcie_0_gt_i/inst/gen_gtwizard_gtye4_top.bd_39ab_pcie_0_gt_gtwizard_gtye4_inst/gen_gtwizard_gtye4.gen_channel_container[26].gen_enabled_channel.gtye4_channel_wrapper_inst/channel_inst/GTYE4_CHANNEL_TXOUTCLK[2] is assigned constraint CLOCK_DELAY_GROUP 'level0_i_blp_blp_i_ss_hif_inst_pcie_inst_group_i0' but is not the net segment directly connected to the driving clock buffer. Instead the driver is GTYE4_CHANNEL cell level0_i/blp/blp_i/ss_hif/inst/pcie/inst/bd_39ab_pcie_0_gt_top_i/diablo_gt.diablo_gt_phy_wrapper/gt_wizard.gtwizard_top_i/bd_39ab_pcie_0_gt_i/inst/gen_gtwizard_gtye4_top.bd_39ab_pcie_0_gt_gtwizard_gtye4_inst/gen_gtwizard_gtye4.gen_channel_container[26].gen_enabled_channel.gtye4_channel_wrapper_inst/channel_inst/gtye4_channel_gen.gen_gtye4_channel_inst[2].GTYE4_CHANNEL_PRIM_INST. In order to have your clock network properly constrained, the CLOCK_DELAY_GROUP constraint must be applied to the net segment directly driven by a clock buffer that requires its clock tree to be balanced. Please check your constraints.
WARNING: [DRC NTCN-8] CLOCK_DELAY_GROUP net segment not driven by buffer: Net (segment) level0_i/blp/blp_i/ss_hif/inst/pcie/inst/bd_39ab_pcie_0_gt_top_i/diablo_gt.diablo_gt_phy_wrapper/gt_wizard.gtwizard_top_i/bd_39ab_pcie_0_gt_i/inst/gen_gtwizard_gtye4_top.bd_39ab_pcie_0_gt_gtwizard_gtye4_inst/gen_gtwizard_gtye4.gen_channel_container[26].gen_enabled_channel.gtye4_channel_wrapper_inst/channel_inst/GTYE4_CHANNEL_TXOUTCLK[3] is assigned constraint CLOCK_DELAY_GROUP 'level0_i_blp_blp_i_ss_hif_inst_pcie_inst_group_i0' but is not the net segment directly connected to the driving clock buffer. Instead the driver is GTYE4_CHANNEL cell level0_i/blp/blp_i/ss_hif/inst/pcie/inst/bd_39ab_pcie_0_gt_top_i/diablo_gt.diablo_gt_phy_wrapper/gt_wizard.gtwizard_top_i/bd_39ab_pcie_0_gt_i/inst/gen_gtwizard_gtye4_top.bd_39ab_pcie_0_gt_gtwizard_gtye4_inst/gen_gtwizard_gtye4.gen_channel_container[26].gen_enabled_channel.gtye4_channel_wrapper_inst/channel_inst/gtye4_channel_gen.gen_gtye4_channel_inst[3].GTYE4_CHANNEL_PRIM_INST. In order to have your clock network properly constrained, the CLOCK_DELAY_GROUP constraint must be applied to the net segment directly driven by a clock buffer that requires its clock tree to be balanced. Please check your constraints.
WARNING: [DRC NTCN-8] CLOCK_DELAY_GROUP net segment not driven by buffer: Net (segment) level0_i/blp/blp_i/ss_hif/inst/pcie/inst/bd_39ab_pcie_0_gt_top_i/diablo_gt.diablo_gt_phy_wrapper/gt_wizard.gtwizard_top_i/bd_39ab_pcie_0_gt_i/inst/gen_gtwizard_gtye4_top.bd_39ab_pcie_0_gt_gtwizard_gtye4_inst/gen_gtwizard_gtye4.gen_channel_container[27].gen_enabled_channel.gtye4_channel_wrapper_inst/channel_inst/GTYE4_CHANNEL_TXOUTCLK[0] is assigned constraint CLOCK_DELAY_GROUP 'level0_i_blp_blp_i_ss_hif_inst_pcie_inst_group_i0' but is not the net segment directly connected to the driving clock buffer. Instead the driver is GTYE4_CHANNEL cell level0_i/blp/blp_i/ss_hif/inst/pcie/inst/bd_39ab_pcie_0_gt_top_i/diablo_gt.diablo_gt_phy_wrapper/gt_wizard.gtwizard_top_i/bd_39ab_pcie_0_gt_i/inst/gen_gtwizard_gtye4_top.bd_39ab_pcie_0_gt_gtwizard_gtye4_inst/gen_gtwizard_gtye4.gen_channel_container[27].gen_enabled_channel.gtye4_channel_wrapper_inst/channel_inst/gtye4_channel_gen.gen_gtye4_channel_inst[0].GTYE4_CHANNEL_PRIM_INST. In order to have your clock network properly constrained, the CLOCK_DELAY_GROUP constraint must be applied to the net segment directly driven by a clock buffer that requires its clock tree to be balanced. Please check your constraints.
WARNING: [DRC NTCN-8] CLOCK_DELAY_GROUP net segment not driven by buffer: Net (segment) level0_i/blp/blp_i/ss_hif/inst/pcie/inst/bd_39ab_pcie_0_gt_top_i/diablo_gt.diablo_gt_phy_wrapper/gt_wizard.gtwizard_top_i/bd_39ab_pcie_0_gt_i/inst/gen_gtwizard_gtye4_top.bd_39ab_pcie_0_gt_gtwizard_gtye4_inst/gen_gtwizard_gtye4.gen_channel_container[27].gen_enabled_channel.gtye4_channel_wrapper_inst/channel_inst/GTYE4_CHANNEL_TXOUTCLK[1] is assigned constraint CLOCK_DELAY_GROUP 'level0_i_blp_blp_i_ss_hif_inst_pcie_inst_group_i0' but is not the net segment directly connected to the driving clock buffer. Instead the driver is GTYE4_CHANNEL cell level0_i/blp/blp_i/ss_hif/inst/pcie/inst/bd_39ab_pcie_0_gt_top_i/diablo_gt.diablo_gt_phy_wrapper/gt_wizard.gtwizard_top_i/bd_39ab_pcie_0_gt_i/inst/gen_gtwizard_gtye4_top.bd_39ab_pcie_0_gt_gtwizard_gtye4_inst/gen_gtwizard_gtye4.gen_channel_container[27].gen_enabled_channel.gtye4_channel_wrapper_inst/channel_inst/gtye4_channel_gen.gen_gtye4_channel_inst[1].GTYE4_CHANNEL_PRIM_INST. In order to have your clock network properly constrained, the CLOCK_DELAY_GROUP constraint must be applied to the net segment directly driven by a clock buffer that requires its clock tree to be balanced. Please check your constraints.
WARNING: [DRC NTCN-8] CLOCK_DELAY_GROUP net segment not driven by buffer: Net (segment) level0_i/blp/blp_i/ss_hif/inst/pcie/inst/bd_39ab_pcie_0_gt_top_i/diablo_gt.diablo_gt_phy_wrapper/gt_wizard.gtwizard_top_i/bd_39ab_pcie_0_gt_i/inst/gen_gtwizard_gtye4_top.bd_39ab_pcie_0_gt_gtwizard_gtye4_inst/gen_gtwizard_gtye4.gen_channel_container[27].gen_enabled_channel.gtye4_channel_wrapper_inst/channel_inst/GTYE4_CHANNEL_TXOUTCLK[2] is assigned constraint CLOCK_DELAY_GROUP 'level0_i_blp_blp_i_ss_hif_inst_pcie_inst_group_i0' but is not the net segment directly connected to the driving clock buffer. Instead the driver is GTYE4_CHANNEL cell level0_i/blp/blp_i/ss_hif/inst/pcie/inst/bd_39ab_pcie_0_gt_top_i/diablo_gt.diablo_gt_phy_wrapper/gt_wizard.gtwizard_top_i/bd_39ab_pcie_0_gt_i/inst/gen_gtwizard_gtye4_top.bd_39ab_pcie_0_gt_gtwizard_gtye4_inst/gen_gtwizard_gtye4.gen_channel_container[27].gen_enabled_channel.gtye4_channel_wrapper_inst/channel_inst/gtye4_channel_gen.gen_gtye4_channel_inst[2].GTYE4_CHANNEL_PRIM_INST. In order to have your clock network properly constrained, the CLOCK_DELAY_GROUP constraint must be applied to the net segment directly driven by a clock buffer that requires its clock tree to be balanced. Please check your constraints.
WARNING: [DRC NTCN-8] CLOCK_DELAY_GROUP net segment not driven by buffer: Net (segment) level0_i/blp/blp_i/ss_hif/inst/pcie/inst/bd_39ab_pcie_0_gt_top_i/diablo_gt.diablo_gt_phy_wrapper/gt_wizard.gtwizard_top_i/bd_39ab_pcie_0_gt_i/inst/gen_gtwizard_gtye4_top.bd_39ab_pcie_0_gt_gtwizard_gtye4_inst/gen_gtwizard_gtye4.gen_channel_container[27].gen_enabled_channel.gtye4_channel_wrapper_inst/channel_inst/GTYE4_CHANNEL_TXOUTCLK[3] is assigned constraint CLOCK_DELAY_GROUP 'level0_i_blp_blp_i_ss_hif_inst_pcie_inst_group_i0' but is not the net segment directly connected to the driving clock buffer. Instead the driver is GTYE4_CHANNEL cell level0_i/blp/blp_i/ss_hif/inst/pcie/inst/bd_39ab_pcie_0_gt_top_i/diablo_gt.diablo_gt_phy_wrapper/gt_wizard.gtwizard_top_i/bd_39ab_pcie_0_gt_i/inst/gen_gtwizard_gtye4_top.bd_39ab_pcie_0_gt_gtwizard_gtye4_inst/gen_gtwizard_gtye4.gen_channel_container[27].gen_enabled_channel.gtye4_channel_wrapper_inst/channel_inst/gtye4_channel_gen.gen_gtye4_channel_inst[3].GTYE4_CHANNEL_PRIM_INST. In order to have your clock network properly constrained, the CLOCK_DELAY_GROUP constraint must be applied to the net segment directly driven by a clock buffer that requires its clock tree to be balanced. Please check your constraints.
WARNING: [DRC PDCN-1569] LUT equation term check: Used physical LUT pin 'A1' of cell level0_i/blp/blp_i/ss_cmp/inst/jtag_fallback/inst/bs_switch/inst/BSCAN_SWITCH.N_EXT_BSCAN.bscan_switch/temp_curid[31]_i_1 (pin level0_i/blp/blp_i/ss_cmp/inst/jtag_fallback/inst/bs_switch/inst/BSCAN_SWITCH.N_EXT_BSCAN.bscan_switch/temp_curid[31]_i_1/I0) is not included in the LUT equation: 'O5=(A4*A2)+(A4*(~A2)*(~A5))+((~A4))'. If this cell is a user instantiated LUT in the design, please remove connectivity to the pin or change the equation and/or INIT string of the LUT to prevent this issue. If the cell is inferred or IP created LUT, please regenerate the IP and/or resynthesize the design to attempt to correct the issue.
WARNING: [DRC PDCN-1569] LUT equation term check: Used physical LUT pin 'A1' of cell level0_i/blp/blp_i/ss_cmp/inst/mgmt_debug_bridge/inst/bs_switch/inst/BSCAN_SWITCH.EXT_BSCAN.bscan_switch/temp_curid[31]_i_1 (pin level0_i/blp/blp_i/ss_cmp/inst/mgmt_debug_bridge/inst/bs_switch/inst/BSCAN_SWITCH.EXT_BSCAN.bscan_switch/temp_curid[31]_i_1/I1) is not included in the LUT equation: 'O6=(A6+~A6)*((A5*A4)+(A5*(~A4)*(~A2))+((~A5)))'. If this cell is a user instantiated LUT in the design, please remove connectivity to the pin or change the equation and/or INIT string of the LUT to prevent this issue. If the cell is inferred or IP created LUT, please regenerate the IP and/or resynthesize the design to attempt to correct the issue.
WARNING: [DRC PDCN-1569] LUT equation term check: Used physical LUT pin 'A1' of cell level0_i/blp/blp_i/ss_cmp/inst/mgmt_debug_hub/inst/bs_switch/inst/BSCAN_SWITCH.EXT_BSCAN.bscan_switch/temp_curid[31]_i_1 (pin level0_i/blp/blp_i/ss_cmp/inst/mgmt_debug_hub/inst/bs_switch/inst/BSCAN_SWITCH.EXT_BSCAN.bscan_switch/temp_curid[31]_i_1/I1) is not included in the LUT equation: 'O6=(A6+~A6)*((A4*A3)+(A4*(~A3)*(~A5))+((~A4)))'. If this cell is a user instantiated LUT in the design, please remove connectivity to the pin or change the equation and/or INIT string of the LUT to prevent this issue. If the cell is inferred or IP created LUT, please regenerate the IP and/or resynthesize the design to attempt to correct the issue.
WARNING: [DRC PDCN-1569] LUT equation term check: Used physical LUT pin 'A1' of cell level0_i/blp/blp_i/ss_hif/inst/pcie/inst/debug_wrapper_U/jtag_axi4l_m_inst/inst/jtag_axi_engine_u/wr_cmd_fifo_i/inst_fifo_gen/gconvfifo.rf/grf.rf/gntv_or_sync_fifo.gl0.rd/gr1.gr1_int.rfwft/gpregsm1.curr_fwft_state[0]_i_1__1 (pin level0_i/blp/blp_i/ss_hif/inst/pcie/inst/debug_wrapper_U/jtag_axi4l_m_inst/inst/jtag_axi_engine_u/wr_cmd_fifo_i/inst_fifo_gen/gconvfifo.rf/grf.rf/gntv_or_sync_fifo.gl0.rd/gr1.gr1_int.rfwft/gpregsm1.curr_fwft_state[0]_i_1__1/I1) is not included in the LUT equation: 'O6=(A6+~A6)*((A3)+((~A3)*(~A2)*A4))'. If this cell is a user instantiated LUT in the design, please remove connectivity to the pin or change the equation and/or INIT string of the LUT to prevent this issue. If the cell is inferred or IP created LUT, please regenerate the IP and/or resynthesize the design to attempt to correct the issue.
WARNING: [DRC PDCN-1569] LUT equation term check: Used physical LUT pin 'A2' of cell level0_i/blp/blp_i/PLP/plp_axi/axi_ic_data_p2p/m01_couplers/auto_ds/inst/gen_downsizer.gen_simple_downsizer.axi_downsizer_inst/USE_WRITE.write_addr_inst/cmd_queue/inst/fifo_gen_inst/inst_fifo_gen/gconvfifo.rf/grf.rf/gntv_or_sync_fifo.gl0.rd/gr1.gr1_int.rfwft/gpregsm1.user_valid_i_1 (pin level0_i/blp/blp_i/PLP/plp_axi/axi_ic_data_p2p/m01_couplers/auto_ds/inst/gen_downsizer.gen_simple_downsizer.axi_downsizer_inst/USE_WRITE.write_addr_inst/cmd_queue/inst/fifo_gen_inst/inst_fifo_gen/gconvfifo.rf/grf.rf/gntv_or_sync_fifo.gl0.rd/gr1.gr1_int.rfwft/gpregsm1.user_valid_i_1/I1) is not included in the LUT equation: 'O5=(A5)+((~A5)*(~A3)*A4)'. If this cell is a user instantiated LUT in the design, please remove connectivity to the pin or change the equation and/or INIT string of the LUT to prevent this issue. If the cell is inferred or IP created LUT, please regenerate the IP and/or resynthesize the design to attempt to correct the issue.
WARNING: [DRC PDCN-1569] LUT equation term check: Used physical LUT pin 'A2' of cell level0_i/blp/blp_i/PLP/ss_cmp/inst/jtag_axi_master/inst/jtag_axi_engine_u/rd_cmd_fifo_i/inst_fifo_gen/gconvfifo.rf/grf.rf/gntv_or_sync_fifo.gl0.rd/gr1.gr1_int.rfwft/gpregsm1.curr_fwft_state[0]_i_1__2 (pin level0_i/blp/blp_i/PLP/ss_cmp/inst/jtag_axi_master/inst/jtag_axi_engine_u/rd_cmd_fifo_i/inst_fifo_gen/gconvfifo.rf/grf.rf/gntv_or_sync_fifo.gl0.rd/gr1.gr1_int.rfwft/gpregsm1.curr_fwft_state[0]_i_1__2/I1) is not included in the LUT equation: 'O5=(A5)+((~A5)*(~A4)*A1)'. If this cell is a user instantiated LUT in the design, please remove connectivity to the pin or change the equation and/or INIT string of the LUT to prevent this issue. If the cell is inferred or IP created LUT, please regenerate the IP and/or resynthesize the design to attempt to correct the issue.
WARNING: [DRC PDCN-1569] LUT equation term check: Used physical LUT pin 'A2' of cell level0_i/blp/blp_i/PLP/ss_cmp/inst/jtag_axi_master/inst/jtag_axi_engine_u/tx_fifo_i/inst_fifo_gen/gconvfifo.rf/grf.rf/gntv_or_sync_fifo.gl0.rd/gr1.gr1_int.rfwft/gpregsm1.user_valid_i_1__0 (pin level0_i/blp/blp_i/PLP/ss_cmp/inst/jtag_axi_master/inst/jtag_axi_engine_u/tx_fifo_i/inst_fifo_gen/gconvfifo.rf/grf.rf/gntv_or_sync_fifo.gl0.rd/gr1.gr1_int.rfwft/gpregsm1.user_valid_i_1__0/I1) is not included in the LUT equation: 'O6=(A6)+((~A6)*(~A5)*A3)'. If this cell is a user instantiated LUT in the design, please remove connectivity to the pin or change the equation and/or INIT string of the LUT to prevent this issue. If the cell is inferred or IP created LUT, please regenerate the IP and/or resynthesize the design to attempt to correct the issue.
WARNING: [DRC PDCN-1569] LUT equation term check: Used physical LUT pin 'A2' of cell level0_i/blp/blp_i/ss_cmp/inst/mgmt_debug_bridge/inst/bs_switch_1/inst/BSCAN_SWITCH.EXT_BSCAN.bscan_switch/temp_curid[31]_i_1 (pin level0_i/blp/blp_i/ss_cmp/inst/mgmt_debug_bridge/inst/bs_switch_1/inst/BSCAN_SWITCH.EXT_BSCAN.bscan_switch/temp_curid[31]_i_1/I0) is not included in the LUT equation: 'O6=(A6+~A6)*((A3*A5)+(A3*(~A5)*(~A1))+((~A3)))'. If this cell is a user instantiated LUT in the design, please remove connectivity to the pin or change the equation and/or INIT string of the LUT to prevent this issue. If the cell is inferred or IP created LUT, please regenerate the IP and/or resynthesize the design to attempt to correct the issue.
WARNING: [DRC PDCN-1569] LUT equation term check: Used physical LUT pin 'A2' of cell level0_i/blp/blp_i/ss_cmp/inst/mgmt_debug_hub/inst/bs_switch/inst/BSCAN_SWITCH.EXT_BSCAN.bscan_switch/temp_curid[31]_i_1 (pin level0_i/blp/blp_i/ss_cmp/inst/mgmt_debug_hub/inst/bs_switch/inst/BSCAN_SWITCH.EXT_BSCAN.bscan_switch/temp_curid[31]_i_1/I0) is not included in the LUT equation: 'O6=(A6+~A6)*((A4*A3)+(A4*(~A3)*(~A5))+((~A4)))'. If this cell is a user instantiated LUT in the design, please remove connectivity to the pin or change the equation and/or INIT string of the LUT to prevent this issue. If the cell is inferred or IP created LUT, please regenerate the IP and/or resynthesize the design to attempt to correct the issue.
WARNING: [DRC PDCN-1569] LUT equation term check: Used physical LUT pin 'A2' of cell level0_i/blp/blp_i/ss_hif/inst/pcie/inst/debug_wrapper_U/jtag_axi4l_m_inst/inst/jtag_axi_engine_u/tx_fifo_i/inst_fifo_gen/gconvfifo.rf/grf.rf/gntv_or_sync_fifo.gl0.rd/gr1.gr1_int.rfwft/gpregsm1.curr_fwft_state[0]_i_1__0 (pin level0_i/blp/blp_i/ss_hif/inst/pcie/inst/debug_wrapper_U/jtag_axi4l_m_inst/inst/jtag_axi_engine_u/tx_fifo_i/inst_fifo_gen/gconvfifo.rf/grf.rf/gntv_or_sync_fifo.gl0.rd/gr1.gr1_int.rfwft/gpregsm1.curr_fwft_state[0]_i_1__0/I1) is not included in the LUT equation: 'O6=(A6+~A6)*((A4)+((~A4)*(~A1)*A5))'. If this cell is a user instantiated LUT in the design, please remove connectivity to the pin or change the equation and/or INIT string of the LUT to prevent this issue. If the cell is inferred or IP created LUT, please regenerate the IP and/or resynthesize the design to attempt to correct the issue.
WARNING: [DRC PDCN-1569] LUT equation term check: Used physical LUT pin 'A3' of cell level0_i/blp/blp_i/PLP/plp_axi/axi_ic_data_p2p/m01_couplers/auto_ds/inst/gen_downsizer.gen_simple_downsizer.axi_downsizer_inst/USE_WRITE.write_addr_inst/USE_B_CHANNEL.cmd_b_queue/inst/fifo_gen_inst/inst_fifo_gen/gconvfifo.rf/grf.rf/gntv_or_sync_fifo.gl0.rd/gr1.gr1_int.rfwft/gpregsm1.user_valid_i_1 (pin level0_i/blp/blp_i/PLP/plp_axi/axi_ic_data_p2p/m01_couplers/auto_ds/inst/gen_downsizer.gen_simple_downsizer.axi_downsizer_inst/USE_WRITE.write_addr_inst/USE_B_CHANNEL.cmd_b_queue/inst/fifo_gen_inst/inst_fifo_gen/gconvfifo.rf/grf.rf/gntv_or_sync_fifo.gl0.rd/gr1.gr1_int.rfwft/gpregsm1.user_valid_i_1/I1) is not included in the LUT equation: 'O5=(A1)+((~A1)*(~A2)*A5)'. If this cell is a user instantiated LUT in the design, please remove connectivity to the pin or change the equation and/or INIT string of the LUT to prevent this issue. If the cell is inferred or IP created LUT, please regenerate the IP and/or resynthesize the design to attempt to correct the issue.
WARNING: [DRC PDCN-1569] LUT equation term check: Used physical LUT pin 'A3' of cell level0_i/blp/blp_i/PLP/ss_cmp/inst/jtag_axi_master/inst/jtag_axi_engine_u/rd_cmd_fifo_i/inst_fifo_gen/gconvfifo.rf/grf.rf/gntv_or_sync_fifo.gl0.rd/gr1.gr1_int.rfwft/gpregsm1.user_valid_i_1__2 (pin level0_i/blp/blp_i/PLP/ss_cmp/inst/jtag_axi_master/inst/jtag_axi_engine_u/rd_cmd_fifo_i/inst_fifo_gen/gconvfifo.rf/grf.rf/gntv_or_sync_fifo.gl0.rd/gr1.gr1_int.rfwft/gpregsm1.user_valid_i_1__2/I1) is not included in the LUT equation: 'O6=(A4)+((~A4)*(~A6)*A2)'. If this cell is a user instantiated LUT in the design, please remove connectivity to the pin or change the equation and/or INIT string of the LUT to prevent this issue. If the cell is inferred or IP created LUT, please regenerate the IP and/or resynthesize the design to attempt to correct the issue.
WARNING: [DRC PDCN-1569] LUT equation term check: Used physical LUT pin 'A3' of cell level0_i/blp/blp_i/ss_cmp/inst/jtag_fallback/inst/bs_switch/inst/BSCAN_SWITCH.N_EXT_BSCAN.bscan_switch/temp_curid[31]_i_1 (pin level0_i/blp/blp_i/ss_cmp/inst/jtag_fallback/inst/bs_switch/inst/BSCAN_SWITCH.N_EXT_BSCAN.bscan_switch/temp_curid[31]_i_1/I1) is not included in the LUT equation: 'O5=(A4*A2)+(A4*(~A2)*(~A5))+((~A4))'. If this cell is a user instantiated LUT in the design, please remove connectivity to the pin or change the equation and/or INIT string of the LUT to prevent this issue. If the cell is inferred or IP created LUT, please regenerate the IP and/or resynthesize the design to attempt to correct the issue.
WARNING: [DRC PDCN-1569] LUT equation term check: Used physical LUT pin 'A3' of cell level0_i/blp/blp_i/ss_cmp/inst/mgmt_debug_bridge/inst/bs_switch/inst/BSCAN_SWITCH.EXT_BSCAN.bscan_switch/temp_curid[31]_i_1 (pin level0_i/blp/blp_i/ss_cmp/inst/mgmt_debug_bridge/inst/bs_switch/inst/BSCAN_SWITCH.EXT_BSCAN.bscan_switch/temp_curid[31]_i_1/I0) is not included in the LUT equation: 'O6=(A6+~A6)*((A5*A4)+(A5*(~A4)*(~A2))+((~A5)))'. If this cell is a user instantiated LUT in the design, please remove connectivity to the pin or change the equation and/or INIT string of the LUT to prevent this issue. If the cell is inferred or IP created LUT, please regenerate the IP and/or resynthesize the design to attempt to correct the issue.
WARNING: [DRC PDCN-1569] LUT equation term check: Used physical LUT pin 'A3' of cell level0_i/blp/blp_i/ss_cmp/inst/mgmt_debug_hub/inst/xsdbm/inst/BSCANID.u_xsdbm_id/EXT_BSCAN.id_state[0]_i_1 (pin level0_i/blp/blp_i/ss_cmp/inst/mgmt_debug_hub/inst/xsdbm/inst/BSCANID.u_xsdbm_id/EXT_BSCAN.id_state[0]_i_1/I0) is not included in the LUT equation: 'O6=(A6+~A6)*((A5))'. If this cell is a user instantiated LUT in the design, please remove connectivity to the pin or change the equation and/or INIT string of the LUT to prevent this issue. If the cell is inferred or IP created LUT, please regenerate the IP and/or resynthesize the design to attempt to correct the issue.
WARNING: [DRC PDCN-1569] LUT equation term check: Used physical LUT pin 'A3' of cell level0_i/blp/blp_i/ss_hif/inst/pcie/inst/debug_wrapper_U/jtag_axi4l_m_inst/inst/jtag_axi_engine_u/rd_cmd_fifo_i/inst_fifo_gen/gconvfifo.rf/grf.rf/gntv_or_sync_fifo.gl0.rd/gr1.gr1_int.rfwft/gpregsm1.curr_fwft_state[0]_i_1__2 (pin level0_i/blp/blp_i/ss_hif/inst/pcie/inst/debug_wrapper_U/jtag_axi4l_m_inst/inst/jtag_axi_engine_u/rd_cmd_fifo_i/inst_fifo_gen/gconvfifo.rf/grf.rf/gntv_or_sync_fifo.gl0.rd/gr1.gr1_int.rfwft/gpregsm1.curr_fwft_state[0]_i_1__2/I1) is not included in the LUT equation: 'O6=(A6+~A6)*((A4)+((~A4)*(~A5)*A2))'. If this cell is a user instantiated LUT in the design, please remove connectivity to the pin or change the equation and/or INIT string of the LUT to prevent this issue. If the cell is inferred or IP created LUT, please regenerate the IP and/or resynthesize the design to attempt to correct the issue.
WARNING: [DRC PDCN-1569] LUT equation term check: Used physical LUT pin 'A3' of cell level0_i/blp/blp_i/ss_hif/inst/pcie/inst/debug_wrapper_U/jtag_axi4l_m_inst/inst/jtag_axi_engine_u/wr_cmd_fifo_i/inst_fifo_gen/gconvfifo.rf/grf.rf/gntv_or_sync_fifo.gl0.rd/gr1.gr1_int.rfwft/gpregsm1.user_valid_i_1__1 (pin level0_i/blp/blp_i/ss_hif/inst/pcie/inst/debug_wrapper_U/jtag_axi4l_m_inst/inst/jtag_axi_engine_u/wr_cmd_fifo_i/inst_fifo_gen/gconvfifo.rf/grf.rf/gntv_or_sync_fifo.gl0.rd/gr1.gr1_int.rfwft/gpregsm1.user_valid_i_1__1/I1) is not included in the LUT equation: 'O6=(A1)+((~A1)*(~A5)*A6)'. If this cell is a user instantiated LUT in the design, please remove connectivity to the pin or change the equation and/or INIT string of the LUT to prevent this issue. If the cell is inferred or IP created LUT, please regenerate the IP and/or resynthesize the design to attempt to correct the issue.
WARNING: [DRC PDCN-1569] LUT equation term check: Used physical LUT pin 'A3' of cell level0_i/ulp/ulp_cmp/inst/user_debug_bridge/inst/bs_switch_1/inst/BSCAN_SWITCH.EXT_BSCAN.bscan_switch/temp_curid[31]_i_1 (pin level0_i/ulp/ulp_cmp/inst/user_debug_bridge/inst/bs_switch_1/inst/BSCAN_SWITCH.EXT_BSCAN.bscan_switch/temp_curid[31]_i_1/I0) is not included in the LUT equation: 'O6=(A6+~A6)*((A1*A2)+(A1*(~A2)*(~A5))+((~A1)))'. If this cell is a user instantiated LUT in the design, please remove connectivity to the pin or change the equation and/or INIT string of the LUT to prevent this issue. If the cell is inferred or IP created LUT, please regenerate the IP and/or resynthesize the design to attempt to correct the issue.
WARNING: [DRC PDCN-1569] LUT equation term check: Used physical LUT pin 'A4' of cell level0_i/blp/blp_i/PLP/plp_axi/axi_ic_data_p2p/m01_couplers/auto_ds/inst/gen_downsizer.gen_simple_downsizer.axi_downsizer_inst/USE_READ.read_addr_inst/cmd_queue/inst/fifo_gen_inst/inst_fifo_gen/gconvfifo.rf/grf.rf/gntv_or_sync_fifo.gl0.rd/gr1.gr1_int.rfwft/gpregsm1.user_valid_i_1 (pin level0_i/blp/blp_i/PLP/plp_axi/axi_ic_data_p2p/m01_couplers/auto_ds/inst/gen_downsizer.gen_simple_downsizer.axi_downsizer_inst/USE_READ.read_addr_inst/cmd_queue/inst/fifo_gen_inst/inst_fifo_gen/gconvfifo.rf/grf.rf/gntv_or_sync_fifo.gl0.rd/gr1.gr1_int.rfwft/gpregsm1.user_valid_i_1/I1) is not included in the LUT equation: 'O5=(A5)+((~A5)*(~A2)*A3)'. If this cell is a user instantiated LUT in the design, please remove connectivity to the pin or change the equation and/or INIT string of the LUT to prevent this issue. If the cell is inferred or IP created LUT, please regenerate the IP and/or resynthesize the design to attempt to correct the issue.
WARNING: [DRC PDCN-1569] LUT equation term check: Used physical LUT pin 'A4' of cell level0_i/blp/blp_i/PLP/ss_cmp/inst/jtag_axi_master/inst/jtag_axi_engine_u/wr_cmd_fifo_i/inst_fifo_gen/gconvfifo.rf/grf.rf/gntv_or_sync_fifo.gl0.rd/gr1.gr1_int.rfwft/gpregsm1.user_valid_i_1__1 (pin level0_i/blp/blp_i/PLP/ss_cmp/inst/jtag_axi_master/inst/jtag_axi_engine_u/wr_cmd_fifo_i/inst_fifo_gen/gconvfifo.rf/grf.rf/gntv_or_sync_fifo.gl0.rd/gr1.gr1_int.rfwft/gpregsm1.user_valid_i_1__1/I1) is not included in the LUT equation: 'O6=(A1)+((~A1)*(~A2)*A3)'. If this cell is a user instantiated LUT in the design, please remove connectivity to the pin or change the equation and/or INIT string of the LUT to prevent this issue. If the cell is inferred or IP created LUT, please regenerate the IP and/or resynthesize the design to attempt to correct the issue.
WARNING: [DRC PDCN-1569] LUT equation term check: Used physical LUT pin 'A4' of cell level0_i/blp/blp_i/ss_cmp/inst/mgmt_debug_bridge/inst/bs_mux/inst/id_state[0]_i_1 (pin level0_i/blp/blp_i/ss_cmp/inst/mgmt_debug_bridge/inst/bs_mux/inst/id_state[0]_i_1/I0) is not included in the LUT equation: 'O6=(A6+~A6)*((A2))'. If this cell is a user instantiated LUT in the design, please remove connectivity to the pin or change the equation and/or INIT string of the LUT to prevent this issue. If the cell is inferred or IP created LUT, please regenerate the IP and/or resynthesize the design to attempt to correct the issue.
WARNING: [DRC PDCN-1569] LUT equation term check: Used physical LUT pin 'A4' of cell level0_i/blp/blp_i/ss_cmp/inst/mgmt_debug_bridge/inst/bs_switch_1/inst/BSCAN_SWITCH.EXT_BSCAN.bscan_switch/temp_curid[31]_i_1 (pin level0_i/blp/blp_i/ss_cmp/inst/mgmt_debug_bridge/inst/bs_switch_1/inst/BSCAN_SWITCH.EXT_BSCAN.bscan_switch/temp_curid[31]_i_1/I1) is not included in the LUT equation: 'O6=(A6+~A6)*((A3*A5)+(A3*(~A5)*(~A1))+((~A3)))'. If this cell is a user instantiated LUT in the design, please remove connectivity to the pin or change the equation and/or INIT string of the LUT to prevent this issue. If the cell is inferred or IP created LUT, please regenerate the IP and/or resynthesize the design to attempt to correct the issue.
WARNING: [DRC PDCN-1569] LUT equation term check: Used physical LUT pin 'A4' of cell level0_i/ulp/ulp_cmp/inst/user_debug_bridge/inst/bs_switch_1/inst/BSCAN_SWITCH.EXT_BSCAN.bscan_switch/temp_curid[31]_i_1 (pin level0_i/ulp/ulp_cmp/inst/user_debug_bridge/inst/bs_switch_1/inst/BSCAN_SWITCH.EXT_BSCAN.bscan_switch/temp_curid[31]_i_1/I1) is not included in the LUT equation: 'O6=(A6+~A6)*((A1*A2)+(A1*(~A2)*(~A5))+((~A1)))'. If this cell is a user instantiated LUT in the design, please remove connectivity to the pin or change the equation and/or INIT string of the LUT to prevent this issue. If the cell is inferred or IP created LUT, please regenerate the IP and/or resynthesize the design to attempt to correct the issue.
WARNING: [DRC PDCN-1569] LUT equation term check: Used physical LUT pin 'A5' of cell level0_i/blp/blp_i/PLP/ss_cmp/inst/jtag_axi_master/inst/jtag_axi_engine_u/tx_fifo_i/inst_fifo_gen/gconvfifo.rf/grf.rf/gntv_or_sync_fifo.gl0.rd/gr1.gr1_int.rfwft/gpregsm1.curr_fwft_state[0]_i_1__0 (pin level0_i/blp/blp_i/PLP/ss_cmp/inst/jtag_axi_master/inst/jtag_axi_engine_u/tx_fifo_i/inst_fifo_gen/gconvfifo.rf/grf.rf/gntv_or_sync_fifo.gl0.rd/gr1.gr1_int.rfwft/gpregsm1.curr_fwft_state[0]_i_1__0/I1) is not included in the LUT equation: 'O6=(A6+~A6)*((A2)+((~A2)*(~A4)*A1))'. If this cell is a user instantiated LUT in the design, please remove connectivity to the pin or change the equation and/or INIT string of the LUT to prevent this issue. If the cell is inferred or IP created LUT, please regenerate the IP and/or resynthesize the design to attempt to correct the issue.
WARNING: [DRC PDCN-1569] LUT equation term check: Used physical LUT pin 'A5' of cell level0_i/blp/blp_i/PLP/ss_cmp/inst/jtag_axi_master/inst/jtag_axi_engine_u/wr_cmd_fifo_i/inst_fifo_gen/gconvfifo.rf/grf.rf/gntv_or_sync_fifo.gl0.rd/gr1.gr1_int.rfwft/gpregsm1.curr_fwft_state[0]_i_1__1 (pin level0_i/blp/blp_i/PLP/ss_cmp/inst/jtag_axi_master/inst/jtag_axi_engine_u/wr_cmd_fifo_i/inst_fifo_gen/gconvfifo.rf/grf.rf/gntv_or_sync_fifo.gl0.rd/gr1.gr1_int.rfwft/gpregsm1.curr_fwft_state[0]_i_1__1/I1) is not included in the LUT equation: 'O6=(A6+~A6)*((A1)+((~A1)*(~A4)*A3))'. If this cell is a user instantiated LUT in the design, please remove connectivity to the pin or change the equation and/or INIT string of the LUT to prevent this issue. If the cell is inferred or IP created LUT, please regenerate the IP and/or resynthesize the design to attempt to correct the issue.
WARNING: [DRC PDCN-1569] LUT equation term check: Used physical LUT pin 'A6' of cell level0_i/blp/blp_i/ss_hif/inst/pcie/inst/debug_wrapper_U/jtag_axi4l_m_inst/inst/jtag_axi_engine_u/rd_cmd_fifo_i/inst_fifo_gen/gconvfifo.rf/grf.rf/gntv_or_sync_fifo.gl0.rd/gr1.gr1_int.rfwft/gpregsm1.user_valid_i_1__2 (pin level0_i/blp/blp_i/ss_hif/inst/pcie/inst/debug_wrapper_U/jtag_axi4l_m_inst/inst/jtag_axi_engine_u/rd_cmd_fifo_i/inst_fifo_gen/gconvfifo.rf/grf.rf/gntv_or_sync_fifo.gl0.rd/gr1.gr1_int.rfwft/gpregsm1.user_valid_i_1__2/I1) is not included in the LUT equation: 'O6=(A1)+((~A1)*(~A5)*A2)'. If this cell is a user instantiated LUT in the design, please remove connectivity to the pin or change the equation and/or INIT string of the LUT to prevent this issue. If the cell is inferred or IP created LUT, please regenerate the IP and/or resynthesize the design to attempt to correct the issue.
WARNING: [DRC PDCN-1569] LUT equation term check: Used physical LUT pin 'A6' of cell level0_i/blp/blp_i/ss_hif/inst/pcie/inst/debug_wrapper_U/jtag_axi4l_m_inst/inst/jtag_axi_engine_u/tx_fifo_i/inst_fifo_gen/gconvfifo.rf/grf.rf/gntv_or_sync_fifo.gl0.rd/gr1.gr1_int.rfwft/gpregsm1.user_valid_i_1__0 (pin level0_i/blp/blp_i/ss_hif/inst/pcie/inst/debug_wrapper_U/jtag_axi4l_m_inst/inst/jtag_axi_engine_u/tx_fifo_i/inst_fifo_gen/gconvfifo.rf/grf.rf/gntv_or_sync_fifo.gl0.rd/gr1.gr1_int.rfwft/gpregsm1.user_valid_i_1__0/I1) is not included in the LUT equation: 'O6=(A4)+((~A4)*(~A1)*A3)'. If this cell is a user instantiated LUT in the design, please remove connectivity to the pin or change the equation and/or INIT string of the LUT to prevent this issue. If the cell is inferred or IP created LUT, please regenerate the IP and/or resynthesize the design to attempt to correct the issue.
WARNING: [DRC REQP-1774] RAMB36E2_WRITE_WIDTH_A_18_doesnt_use_WEA32: The RAMB36E2 cell level0_i/blp/blp_i/ss_cmc/inst/reg_map_bram/U0/inst_blk_mem_gen/gnbram.gnative_mem_map_bmg.native_mem_map_blk_mem_gen/valid.cstr/ramloop[0].ram.r/prim_noinit.ram/DEVICE_8SERIES.WITH_BMM_INFO.TRUE_DP.SIMPLE_PRIM36.SERIES8_TDP_SP36_NO_ECC_ATTR.ram has WRITE_WIDTH_A set to 18. The WEA[3:2] pins should not be connected to active signal.
WARNING: [DRC REQP-1774] RAMB36E2_WRITE_WIDTH_A_18_doesnt_use_WEA32: The RAMB36E2 cell level0_i/blp/blp_i/ss_cmc/inst/reg_map_bram/U0/inst_blk_mem_gen/gnbram.gnative_mem_map_bmg.native_mem_map_blk_mem_gen/valid.cstr/ramloop[1].ram.r/prim_noinit.ram/DEVICE_8SERIES.WITH_BMM_INFO.TRUE_DP.SIMPLE_PRIM36.SERIES8_TDP_SP36_NO_ECC_ATTR.ram has WRITE_WIDTH_A set to 18. The WEA[3:2] pins should not be connected to active signal.
WARNING: [DRC REQP-1776] RAMB36E2_WRITE_WIDTH_B_18_doesnt_use_WEB72: The RAMB36E2 cell level0_i/blp/blp_i/ss_cmc/inst/reg_map_bram/U0/inst_blk_mem_gen/gnbram.gnative_mem_map_bmg.native_mem_map_blk_mem_gen/valid.cstr/ramloop[0].ram.r/prim_noinit.ram/DEVICE_8SERIES.WITH_BMM_INFO.TRUE_DP.SIMPLE_PRIM36.SERIES8_TDP_SP36_NO_ECC_ATTR.ram has WRITE_WIDTH_B set to 18. The WEBWE[7:2] pins should not be connected to active signal.
WARNING: [DRC REQP-1776] RAMB36E2_WRITE_WIDTH_B_18_doesnt_use_WEB72: The RAMB36E2 cell level0_i/blp/blp_i/ss_cmc/inst/reg_map_bram/U0/inst_blk_mem_gen/gnbram.gnative_mem_map_bmg.native_mem_map_blk_mem_gen/valid.cstr/ramloop[1].ram.r/prim_noinit.ram/DEVICE_8SERIES.WITH_BMM_INFO.TRUE_DP.SIMPLE_PRIM36.SERIES8_TDP_SP36_NO_ECC_ATTR.ram has WRITE_WIDTH_B set to 18. The WEBWE[7:2] pins should not be connected to active signal.
WARNING: [DRC REQP-1858] RAMB36E2_writefirst_collision_advisory: Synchronous clocking is detected for BRAM (level0_i/blp/blp_i/ss_hif/inst/pcie/inst/bd_39ab_pcie_0_pcie_4_0_pipe_inst/pcie_4_0_bram_inst/RAM32K.bram_comp_inst/bram_16k_0_int/ECC_RAM.RAMB36E2[0].ramb36e2_inst) in SDP mode with WRITE_FIRST write-mode. It is strongly suggested to change this mode to NO_CHANGE for best power characteristics. However, both WRITE_FIRST and NO_CHANGE may exhibit address collisions if the same address appears on both read and write ports resulting in unknown or corrupted read data. It is suggested to confirm via simulation that an address collision never occurs and if so it is suggested to try and avoid this situation. If address collisions cannot be avoided, the write-mode may be set to READ_FIRST which guarantees that the read data is the prior contents of the memory at the cost of additional power in the design. See the FPGA Memory Resources User Guide for additional information.
WARNING: [DRC REQP-1858] RAMB36E2_writefirst_collision_advisory: Synchronous clocking is detected for BRAM (level0_i/blp/blp_i/ss_hif/inst/pcie/inst/bd_39ab_pcie_0_pcie_4_0_pipe_inst/pcie_4_0_bram_inst/RAM32K.bram_comp_inst/bram_16k_0_int/ECC_RAM.RAMB36E2[1].ramb36e2_inst) in SDP mode with WRITE_FIRST write-mode. It is strongly suggested to change this mode to NO_CHANGE for best power characteristics. However, both WRITE_FIRST and NO_CHANGE may exhibit address collisions if the same address appears on both read and write ports resulting in unknown or corrupted read data. It is suggested to confirm via simulation that an address collision never occurs and if so it is suggested to try and avoid this situation. If address collisions cannot be avoided, the write-mode may be set to READ_FIRST which guarantees that the read data is the prior contents of the memory at the cost of additional power in the design. See the FPGA Memory Resources User Guide for additional information.
WARNING: [DRC REQP-1858] RAMB36E2_writefirst_collision_advisory: Synchronous clocking is detected for BRAM (level0_i/blp/blp_i/ss_hif/inst/pcie/inst/bd_39ab_pcie_0_pcie_4_0_pipe_inst/pcie_4_0_bram_inst/RAM32K.bram_comp_inst/bram_16k_0_int/ECC_RAM.RAMB36E2[2].ramb36e2_inst) in SDP mode with WRITE_FIRST write-mode. It is strongly suggested to change this mode to NO_CHANGE for best power characteristics. However, both WRITE_FIRST and NO_CHANGE may exhibit address collisions if the same address appears on both read and write ports resulting in unknown or corrupted read data. It is suggested to confirm via simulation that an address collision never occurs and if so it is suggested to try and avoid this situation. If address collisions cannot be avoided, the write-mode may be set to READ_FIRST which guarantees that the read data is the prior contents of the memory at the cost of additional power in the design. See the FPGA Memory Resources User Guide for additional information.
WARNING: [DRC REQP-1858] RAMB36E2_writefirst_collision_advisory: Synchronous clocking is detected for BRAM (level0_i/blp/blp_i/ss_hif/inst/pcie/inst/bd_39ab_pcie_0_pcie_4_0_pipe_inst/pcie_4_0_bram_inst/RAM32K.bram_comp_inst/bram_16k_0_int/ECC_RAM.RAMB36E2[3].ramb36e2_inst) in SDP mode with WRITE_FIRST write-mode. It is strongly suggested to change this mode to NO_CHANGE for best power characteristics. However, both WRITE_FIRST and NO_CHANGE may exhibit address collisions if the same address appears on both read and write ports resulting in unknown or corrupted read data. It is suggested to confirm via simulation that an address collision never occurs and if so it is suggested to try and avoid this situation. If address collisions cannot be avoided, the write-mode may be set to READ_FIRST which guarantees that the read data is the prior contents of the memory at the cost of additional power in the design. See the FPGA Memory Resources User Guide for additional information.
WARNING: [DRC REQP-1858] RAMB36E2_writefirst_collision_advisory: Synchronous clocking is detected for BRAM (level0_i/blp/blp_i/ss_hif/inst/pcie/inst/bd_39ab_pcie_0_pcie_4_0_pipe_inst/pcie_4_0_bram_inst/RAM32K.bram_comp_inst/bram_16k_0_int/ECC_RAM.RAMB36E2[4].ramb36e2_inst) in SDP mode with WRITE_FIRST write-mode. It is strongly suggested to change this mode to NO_CHANGE for best power characteristics. However, both WRITE_FIRST and NO_CHANGE may exhibit address collisions if the same address appears on both read and write ports resulting in unknown or corrupted read data. It is suggested to confirm via simulation that an address collision never occurs and if so it is suggested to try and avoid this situation. If address collisions cannot be avoided, the write-mode may be set to READ_FIRST which guarantees that the read data is the prior contents of the memory at the cost of additional power in the design. See the FPGA Memory Resources User Guide for additional information.
WARNING: [DRC REQP-1858] RAMB36E2_writefirst_collision_advisory: Synchronous clocking is detected for BRAM (level0_i/blp/blp_i/ss_hif/inst/pcie/inst/bd_39ab_pcie_0_pcie_4_0_pipe_inst/pcie_4_0_bram_inst/RAM32K.bram_comp_inst/bram_16k_0_int/ECC_RAM.RAMB36E2[5].ramb36e2_inst) in SDP mode with WRITE_FIRST write-mode. It is strongly suggested to change this mode to NO_CHANGE for best power characteristics. However, both WRITE_FIRST and NO_CHANGE may exhibit address collisions if the same address appears on both read and write ports resulting in unknown or corrupted read data. It is suggested to confirm via simulation that an address collision never occurs and if so it is suggested to try and avoid this situation. If address collisions cannot be avoided, the write-mode may be set to READ_FIRST which guarantees that the read data is the prior contents of the memory at the cost of additional power in the design. See the FPGA Memory Resources User Guide for additional information.
WARNING: [DRC REQP-1858] RAMB36E2_writefirst_collision_advisory: Synchronous clocking is detected for BRAM (level0_i/blp/blp_i/ss_hif/inst/pcie/inst/bd_39ab_pcie_0_pcie_4_0_pipe_inst/pcie_4_0_bram_inst/RAM32K.bram_comp_inst/bram_16k_1_int/ECC_RAM.RAMB36E2[0].ramb36e2_inst) in SDP mode with WRITE_FIRST write-mode. It is strongly suggested to change this mode to NO_CHANGE for best power characteristics. However, both WRITE_FIRST and NO_CHANGE may exhibit address collisions if the same address appears on both read and write ports resulting in unknown or corrupted read data. It is suggested to confirm via simulation that an address collision never occurs and if so it is suggested to try and avoid this situation. If address collisions cannot be avoided, the write-mode may be set to READ_FIRST which guarantees that the read data is the prior contents of the memory at the cost of additional power in the design. See the FPGA Memory Resources User Guide for additional information.
WARNING: [DRC REQP-1858] RAMB36E2_writefirst_collision_advisory: Synchronous clocking is detected for BRAM (level0_i/blp/blp_i/ss_hif/inst/pcie/inst/bd_39ab_pcie_0_pcie_4_0_pipe_inst/pcie_4_0_bram_inst/RAM32K.bram_comp_inst/bram_16k_1_int/ECC_RAM.RAMB36E2[1].ramb36e2_inst) in SDP mode with WRITE_FIRST write-mode. It is strongly suggested to change this mode to NO_CHANGE for best power characteristics. However, both WRITE_FIRST and NO_CHANGE may exhibit address collisions if the same address appears on both read and write ports resulting in unknown or corrupted read data. It is suggested to confirm via simulation that an address collision never occurs and if so it is suggested to try and avoid this situation. If address collisions cannot be avoided, the write-mode may be set to READ_FIRST which guarantees that the read data is the prior contents of the memory at the cost of additional power in the design. See the FPGA Memory Resources User Guide for additional information.
WARNING: [DRC REQP-1858] RAMB36E2_writefirst_collision_advisory: Synchronous clocking is detected for BRAM (level0_i/blp/blp_i/ss_hif/inst/pcie/inst/bd_39ab_pcie_0_pcie_4_0_pipe_inst/pcie_4_0_bram_inst/RAM32K.bram_comp_inst/bram_16k_1_int/ECC_RAM.RAMB36E2[2].ramb36e2_inst) in SDP mode with WRITE_FIRST write-mode. It is strongly suggested to change this mode to NO_CHANGE for best power characteristics. However, both WRITE_FIRST and NO_CHANGE may exhibit address collisions if the same address appears on both read and write ports resulting in unknown or corrupted read data. It is suggested to confirm via simulation that an address collision never occurs and if so it is suggested to try and avoid this situation. If address collisions cannot be avoided, the write-mode may be set to READ_FIRST which guarantees that the read data is the prior contents of the memory at the cost of additional power in the design. See the FPGA Memory Resources User Guide for additional information.
WARNING: [DRC REQP-1858] RAMB36E2_writefirst_collision_advisory: Synchronous clocking is detected for BRAM (level0_i/blp/blp_i/ss_hif/inst/pcie/inst/bd_39ab_pcie_0_pcie_4_0_pipe_inst/pcie_4_0_bram_inst/RAM32K.bram_comp_inst/bram_16k_1_int/ECC_RAM.RAMB36E2[3].ramb36e2_inst) in SDP mode with WRITE_FIRST write-mode. It is strongly suggested to change this mode to NO_CHANGE for best power characteristics. However, both WRITE_FIRST and NO_CHANGE may exhibit address collisions if the same address appears on both read and write ports resulting in unknown or corrupted read data. It is suggested to confirm via simulation that an address collision never occurs and if so it is suggested to try and avoid this situation. If address collisions cannot be avoided, the write-mode may be set to READ_FIRST which guarantees that the read data is the prior contents of the memory at the cost of additional power in the design. See the FPGA Memory Resources User Guide for additional information.
WARNING: [DRC REQP-1858] RAMB36E2_writefirst_collision_advisory: Synchronous clocking is detected for BRAM (level0_i/blp/blp_i/ss_hif/inst/pcie/inst/bd_39ab_pcie_0_pcie_4_0_pipe_inst/pcie_4_0_bram_inst/RAM32K.bram_comp_inst/bram_16k_1_int/ECC_RAM.RAMB36E2[4].ramb36e2_inst) in SDP mode with WRITE_FIRST write-mode. It is strongly suggested to change this mode to NO_CHANGE for best power characteristics. However, both WRITE_FIRST and NO_CHANGE may exhibit address collisions if the same address appears on both read and write ports resulting in unknown or corrupted read data. It is suggested to confirm via simulation that an address collision never occurs and if so it is suggested to try and avoid this situation. If address collisions cannot be avoided, the write-mode may be set to READ_FIRST which guarantees that the read data is the prior contents of the memory at the cost of additional power in the design. See the FPGA Memory Resources User Guide for additional information.
WARNING: [DRC REQP-1858] RAMB36E2_writefirst_collision_advisory: Synchronous clocking is detected for BRAM (level0_i/blp/blp_i/ss_hif/inst/pcie/inst/bd_39ab_pcie_0_pcie_4_0_pipe_inst/pcie_4_0_bram_inst/RAM32K.bram_comp_inst/bram_16k_1_int/ECC_RAM.RAMB36E2[5].ramb36e2_inst) in SDP mode with WRITE_FIRST write-mode. It is strongly suggested to change this mode to NO_CHANGE for best power characteristics. However, both WRITE_FIRST and NO_CHANGE may exhibit address collisions if the same address appears on both read and write ports resulting in unknown or corrupted read data. It is suggested to confirm via simulation that an address collision never occurs and if so it is suggested to try and avoid this situation. If address collisions cannot be avoided, the write-mode may be set to READ_FIRST which guarantees that the read data is the prior contents of the memory at the cost of additional power in the design. See the FPGA Memory Resources User Guide for additional information.
WARNING: [DRC REQP-1858] RAMB36E2_writefirst_collision_advisory: Synchronous clocking is detected for BRAM (level0_i/blp/blp_i/ss_hif/inst/pcie/inst/bd_39ab_pcie_0_pcie_4_0_pipe_inst/pcie_4_0_bram_inst/bram_post_inst/bram_16k_int/ECC_RAM.RAMB36E2[0].ramb36e2_inst) in SDP mode with WRITE_FIRST write-mode. It is strongly suggested to change this mode to NO_CHANGE for best power characteristics. However, both WRITE_FIRST and NO_CHANGE may exhibit address collisions if the same address appears on both read and write ports resulting in unknown or corrupted read data. It is suggested to confirm via simulation that an address collision never occurs and if so it is suggested to try and avoid this situation. If address collisions cannot be avoided, the write-mode may be set to READ_FIRST which guarantees that the read data is the prior contents of the memory at the cost of additional power in the design. See the FPGA Memory Resources User Guide for additional information.
WARNING: [DRC REQP-1858] RAMB36E2_writefirst_collision_advisory: Synchronous clocking is detected for BRAM (level0_i/blp/blp_i/ss_hif/inst/pcie/inst/bd_39ab_pcie_0_pcie_4_0_pipe_inst/pcie_4_0_bram_inst/bram_post_inst/bram_16k_int/ECC_RAM.RAMB36E2[1].ramb36e2_inst) in SDP mode with WRITE_FIRST write-mode. It is strongly suggested to change this mode to NO_CHANGE for best power characteristics. However, both WRITE_FIRST and NO_CHANGE may exhibit address collisions if the same address appears on both read and write ports resulting in unknown or corrupted read data. It is suggested to confirm via simulation that an address collision never occurs and if so it is suggested to try and avoid this situation. If address collisions cannot be avoided, the write-mode may be set to READ_FIRST which guarantees that the read data is the prior contents of the memory at the cost of additional power in the design. See the FPGA Memory Resources User Guide for additional information.
WARNING: [DRC REQP-1858] RAMB36E2_writefirst_collision_advisory: Synchronous clocking is detected for BRAM (level0_i/blp/blp_i/ss_hif/inst/pcie/inst/bd_39ab_pcie_0_pcie_4_0_pipe_inst/pcie_4_0_bram_inst/bram_post_inst/bram_16k_int/ECC_RAM.RAMB36E2[2].ramb36e2_inst) in SDP mode with WRITE_FIRST write-mode. It is strongly suggested to change this mode to NO_CHANGE for best power characteristics. However, both WRITE_FIRST and NO_CHANGE may exhibit address collisions if the same address appears on both read and write ports resulting in unknown or corrupted read data. It is suggested to confirm via simulation that an address collision never occurs and if so it is suggested to try and avoid this situation. If address collisions cannot be avoided, the write-mode may be set to READ_FIRST which guarantees that the read data is the prior contents of the memory at the cost of additional power in the design. See the FPGA Memory Resources User Guide for additional information.
WARNING: [DRC REQP-1858] RAMB36E2_writefirst_collision_advisory: Synchronous clocking is detected for BRAM (level0_i/blp/blp_i/ss_hif/inst/pcie/inst/bd_39ab_pcie_0_pcie_4_0_pipe_inst/pcie_4_0_bram_inst/bram_post_inst/bram_16k_int/ECC_RAM.RAMB36E2[3].ramb36e2_inst) in SDP mode with WRITE_FIRST write-mode. It is strongly suggested to change this mode to NO_CHANGE for best power characteristics. However, both WRITE_FIRST and NO_CHANGE may exhibit address collisions if the same address appears on both read and write ports resulting in unknown or corrupted read data. It is suggested to confirm via simulation that an address collision never occurs and if so it is suggested to try and avoid this situation. If address collisions cannot be avoided, the write-mode may be set to READ_FIRST which guarantees that the read data is the prior contents of the memory at the cost of additional power in the design. See the FPGA Memory Resources User Guide for additional information.
WARNING: [DRC REQP-1858] RAMB36E2_writefirst_collision_advisory: Synchronous clocking is detected for BRAM (level0_i/blp/blp_i/ss_hif/inst/pcie/inst/bd_39ab_pcie_0_pcie_4_0_pipe_inst/pcie_4_0_bram_inst/bram_post_inst/bram_16k_int/ECC_RAM.RAMB36E2[4].ramb36e2_inst) in SDP mode with WRITE_FIRST write-mode. It is strongly suggested to change this mode to NO_CHANGE for best power characteristics. However, both WRITE_FIRST and NO_CHANGE may exhibit address collisions if the same address appears on both read and write ports resulting in unknown or corrupted read data. It is suggested to confirm via simulation that an address collision never occurs and if so it is suggested to try and avoid this situation. If address collisions cannot be avoided, the write-mode may be set to READ_FIRST which guarantees that the read data is the prior contents of the memory at the cost of additional power in the design. See the FPGA Memory Resources User Guide for additional information.
WARNING: [DRC REQP-1858] RAMB36E2_writefirst_collision_advisory: Synchronous clocking is detected for BRAM (level0_i/blp/blp_i/ss_hif/inst/pcie/inst/bd_39ab_pcie_0_pcie_4_0_pipe_inst/pcie_4_0_bram_inst/bram_post_inst/bram_16k_int/ECC_RAM.RAMB36E2[5].ramb36e2_inst) in SDP mode with WRITE_FIRST write-mode. It is strongly suggested to change this mode to NO_CHANGE for best power characteristics. However, both WRITE_FIRST and NO_CHANGE may exhibit address collisions if the same address appears on both read and write ports resulting in unknown or corrupted read data. It is suggested to confirm via simulation that an address collision never occurs and if so it is suggested to try and avoid this situation. If address collisions cannot be avoided, the write-mode may be set to READ_FIRST which guarantees that the read data is the prior contents of the memory at the cost of additional power in the design. See the FPGA Memory Resources User Guide for additional information.
WARNING: [DRC REQP-1858] RAMB36E2_writefirst_collision_advisory: Synchronous clocking is detected for BRAM (level0_i/blp/blp_i/ss_hif/inst/pcie/inst/bd_39ab_pcie_0_pcie_4_0_pipe_inst/pcie_4_0_bram_inst/bram_repl_inst/bram_rep_int_0/ECC_RAM.RAMB36E2[0].ramb36e2_inst) in SDP mode with WRITE_FIRST write-mode. It is strongly suggested to change this mode to NO_CHANGE for best power characteristics. However, both WRITE_FIRST and NO_CHANGE may exhibit address collisions if the same address appears on both read and write ports resulting in unknown or corrupted read data. It is suggested to confirm via simulation that an address collision never occurs and if so it is suggested to try and avoid this situation. If address collisions cannot be avoided, the write-mode may be set to READ_FIRST which guarantees that the read data is the prior contents of the memory at the cost of additional power in the design. See the FPGA Memory Resources User Guide for additional information.
WARNING: [DRC REQP-1858] RAMB36E2_writefirst_collision_advisory: Synchronous clocking is detected for BRAM (level0_i/blp/blp_i/ss_hif/inst/pcie/inst/bd_39ab_pcie_0_pcie_4_0_pipe_inst/pcie_4_0_bram_inst/bram_repl_inst/bram_rep_int_0/ECC_RAM.RAMB36E2[1].ramb36e2_inst) in SDP mode with WRITE_FIRST write-mode. It is strongly suggested to change this mode to NO_CHANGE for best power characteristics. However, both WRITE_FIRST and NO_CHANGE may exhibit address collisions if the same address appears on both read and write ports resulting in unknown or corrupted read data. It is suggested to confirm via simulation that an address collision never occurs and if so it is suggested to try and avoid this situation. If address collisions cannot be avoided, the write-mode may be set to READ_FIRST which guarantees that the read data is the prior contents of the memory at the cost of additional power in the design. See the FPGA Memory Resources User Guide for additional information.
WARNING: [DRC REQP-1858] RAMB36E2_writefirst_collision_advisory: Synchronous clocking is detected for BRAM (level0_i/blp/blp_i/ss_hif/inst/pcie/inst/bd_39ab_pcie_0_pcie_4_0_pipe_inst/pcie_4_0_bram_inst/bram_repl_inst/bram_rep_int_0/ECC_RAM.RAMB36E2[2].ramb36e2_inst) in SDP mode with WRITE_FIRST write-mode. It is strongly suggested to change this mode to NO_CHANGE for best power characteristics. However, both WRITE_FIRST and NO_CHANGE may exhibit address collisions if the same address appears on both read and write ports resulting in unknown or corrupted read data. It is suggested to confirm via simulation that an address collision never occurs and if so it is suggested to try and avoid this situation. If address collisions cannot be avoided, the write-mode may be set to READ_FIRST which guarantees that the read data is the prior contents of the memory at the cost of additional power in the design. See the FPGA Memory Resources User Guide for additional information.
WARNING: [DRC REQP-1858] RAMB36E2_writefirst_collision_advisory: Synchronous clocking is detected for BRAM (level0_i/blp/blp_i/ss_hif/inst/pcie/inst/bd_39ab_pcie_0_pcie_4_0_pipe_inst/pcie_4_0_bram_inst/bram_repl_inst/bram_rep_int_0/ECC_RAM.RAMB36E2[3].ramb36e2_inst) in SDP mode with WRITE_FIRST write-mode. It is strongly suggested to change this mode to NO_CHANGE for best power characteristics. However, both WRITE_FIRST and NO_CHANGE may exhibit address collisions if the same address appears on both read and write ports resulting in unknown or corrupted read data. It is suggested to confirm via simulation that an address collision never occurs and if so it is suggested to try and avoid this situation. If address collisions cannot be avoided, the write-mode may be set to READ_FIRST which guarantees that the read data is the prior contents of the memory at the cost of additional power in the design. See the FPGA Memory Resources User Guide for additional information.
WARNING: [DRC RTSTAT-10] No routable loads: 198 net(s) have no routable loads. The problem bus(es) and/or net(s) are level0_i/blp/blp_i/ss_cmp/inst/mgmt_debug_hub/inst/xsdbm/inst/BSCANID.u_xsdbm_id/EXT_BSCAN.reset_i, level0_i/blp/blp_i/ss_cmp/inst/mgmt_debug_hub/inst/xsdbm/inst/BSCANID.u_xsdbm_id/EXT_BSCAN.runtest_i, level0_i/blp/blp_i/ss_cmp/inst/mgmt_debug_hub/inst/xsdbm/inst/BSCANID.u_xsdbm_id/EXT_BSCAN.tck_i, level0_i/blp/blp_i/ss_cmp/inst/mgmt_debug_hub/inst/xsdbm/inst/BSCANID.u_xsdbm_id/EXT_BSCAN.tms_i, level0_i/ulp/ulp_ucs/inst/aclk_kernel_00_hierarchy/clock_throttling_aclk_kernel_00/U0/Gate_Div_d1, level0_i/ulp/ulp_ucs/inst/aclk_kernel_01_hierarchy/clock_throttling_aclk_kernel_01/U0/Gate_Div_d1, level0_i/ulp/ulp_cmp/inst/user_debug_hub/inst/xsdbm/inst/BSCANID.u_xsdbm_id/ZERO_SLAVES.bscanid_en_i, level0_i/ulp/ulp_cmp/inst/user_debug_hub/inst/xsdbm/inst/BSCANID.u_xsdbm_id/ZERO_SLAVES.capture_i, level0_i/ulp/ulp_cmp/inst/user_debug_hub/inst/xsdbm/inst/BSCANID.u_xsdbm_id/ZERO_SLAVES.drck_i, level0_i/ulp/ulp_cmp/inst/user_debug_hub/inst/xsdbm/inst/BSCANID.u_xsdbm_id/ZERO_SLAVES.reset_i, level0_i/ulp/ulp_cmp/inst/user_debug_hub/inst/xsdbm/inst/BSCANID.u_xsdbm_id/ZERO_SLAVES.runtest_i, level0_i/ulp/ulp_cmp/inst/user_debug_hub/inst/xsdbm/inst/BSCANID.u_xsdbm_id/ZERO_SLAVES.sel_i, level0_i/ulp/ulp_cmp/inst/user_debug_hub/inst/xsdbm/inst/BSCANID.u_xsdbm_id/ZERO_SLAVES.shift_i, level0_i/ulp/ulp_cmp/inst/user_debug_hub/inst/xsdbm/inst/BSCANID.u_xsdbm_id/ZERO_SLAVES.tdi_i, level0_i/ulp/ulp_cmp/inst/user_debug_hub/inst/xsdbm/inst/BSCANID.u_xsdbm_id/ZERO_SLAVES.tms_i... and (the first 15 of 105 listed).
INFO: [DRC AVAL-155] enum_AMULTSEL_BMULTSEL_enum_DREG_ADREG_0_connects_CED_CEAD_RSTD_GND: level0_i/ulp/score_scale_u55c_kernel_1/inst/grp_score_scale_core_hls_fu_131/fmul_32ns_32ns_32_4_max_dsp_1_U4/score_scale_u55c_kernel_fmul_32ns_32ns_32_4_max_dsp_1_ip_u/inst/i_synth/MULT.OP/i_non_prim.MULT/DSP48E1_SPD_SGL_VARIANT.FIX_MULT/DSP1/i_no_versal_es1_workaround.DSP: DSP48E2 is not using the D port (AMULTSEL = A and BMULTSEL = B). For improved power characteristics, set DREG and ADREG to '1', tie CED, CEAD, and RSTD to logic '0'.
INFO: [DRC AVAL-155] enum_AMULTSEL_BMULTSEL_enum_DREG_ADREG_0_connects_CED_CEAD_RSTD_GND: level0_i/ulp/score_scale_u55c_kernel_1/inst/grp_score_scale_core_hls_fu_131/fmul_32ns_32ns_32_4_max_dsp_1_U4/score_scale_u55c_kernel_fmul_32ns_32ns_32_4_max_dsp_1_ip_u/inst/i_synth/MULT.OP/i_non_prim.MULT/DSP48E1_SPD_SGL_VARIANT.FIX_MULT/DSP2/i_no_versal_es1_workaround.DSP: DSP48E2 is not using the D port (AMULTSEL = A and BMULTSEL = B). For improved power characteristics, set DREG and ADREG to '1', tie CED, CEAD, and RSTD to logic '0'.
INFO: [DRC AVAL-155] enum_AMULTSEL_BMULTSEL_enum_DREG_ADREG_0_connects_CED_CEAD_RSTD_GND: level0_i/ulp/score_scale_u55c_kernel_1/inst/grp_score_scale_core_hls_fu_131/fmul_32ns_32ns_32_4_max_dsp_1_U4/score_scale_u55c_kernel_fmul_32ns_32ns_32_4_max_dsp_1_ip_u/inst/i_synth/MULT.OP/i_non_prim.R_AND_R/LAT_OPT.FULL.R_AND_R/DSP48E1_SGL_EXP_IP.OLD_ADD.ADD/i_no_versal_es1_workaround.DSP: DSP48E2 is not using the D port (AMULTSEL = A and BMULTSEL = B). For improved power characteristics, set DREG and ADREG to '1', tie CED, CEAD, and RSTD to logic '0'.
INFO: [DRC AVAL-155] enum_AMULTSEL_BMULTSEL_enum_DREG_ADREG_0_connects_CED_CEAD_RSTD_GND: level0_i/ulp/softmax_u55c_kernel_1/inst/grp_softmax_core_hls_fu_141/grp_softmax_core_hls_Pipeline_VITIS_LOOP_46_3_fu_106/fexp_32ns_32ns_32_14_full_dsp_1_U15/softmax_u55c_kernel_fexp_32ns_32ns_32_14_full_dsp_1_ip_u/inst/i_synth/EXP_OP.i_sp_or_dp.OP/i_calculate_Xf/dsp.one.dsp48e1_add/i_no_versal_es1_workaround.DSP: DSP48E2 is not using the D port (AMULTSEL = A and BMULTSEL = B). For improved power characteristics, set DREG and ADREG to '1', tie CED, CEAD, and RSTD to logic '0'.
INFO: [DRC AVAL-155] enum_AMULTSEL_BMULTSEL_enum_DREG_ADREG_0_connects_CED_CEAD_RSTD_GND: level0_i/ulp/softmax_u55c_kernel_1/inst/grp_softmax_core_hls_fu_141/grp_softmax_core_hls_Pipeline_VITIS_LOOP_46_3_fu_106/fexp_32ns_32ns_32_14_full_dsp_1_U15/softmax_u55c_kernel_fexp_32ns_32ns_32_14_full_dsp_1_ip_u/inst/i_synth/EXP_OP.i_sp_or_dp.OP/i_ccm_ln2/g_tables[0].i_addsub/dsp.one.dsp48e1_add/i_no_versal_es1_workaround.DSP: DSP48E2 is not using the D port (AMULTSEL = A and BMULTSEL = B). For improved power characteristics, set DREG and ADREG to '1', tie CED, CEAD, and RSTD to logic '0'.
INFO: [DRC AVAL-155] enum_AMULTSEL_BMULTSEL_enum_DREG_ADREG_0_connects_CED_CEAD_RSTD_GND: level0_i/ulp/softmax_u55c_kernel_1/inst/grp_softmax_core_hls_fu_141/grp_softmax_core_hls_Pipeline_VITIS_LOOP_46_3_fu_106/fexp_32ns_32ns_32_14_full_dsp_1_U15/softmax_u55c_kernel_fexp_32ns_32ns_32_14_full_dsp_1_ip_u/inst/i_synth/EXP_OP.i_sp_or_dp.OP/i_ccm_ln2/g_tables[1].i_addsub/dsp.one.dsp48e1_add/i_no_versal_es1_workaround.DSP: DSP48E2 is not using the D port (AMULTSEL = A and BMULTSEL = B). For improved power characteristics, set DREG and ADREG to '1', tie CED, CEAD, and RSTD to logic '0'.
INFO: [DRC AVAL-155] enum_AMULTSEL_BMULTSEL_enum_DREG_ADREG_0_connects_CED_CEAD_RSTD_GND: level0_i/ulp/softmax_u55c_kernel_1/inst/grp_softmax_core_hls_fu_141/grp_softmax_core_hls_Pipeline_VITIS_LOOP_46_3_fu_106/fexp_32ns_32ns_32_14_full_dsp_1_U15/softmax_u55c_kernel_fexp_32ns_32ns_32_14_full_dsp_1_ip_u/inst/i_synth/EXP_OP.i_sp_or_dp.OP/i_ccm_recip_ln2/g_tables[0].i_addsub/dsp.one.dsp48e1_add/i_no_versal_es1_workaround.DSP: DSP48E2 is not using the D port (AMULTSEL = A and BMULTSEL = B). For improved power characteristics, set DREG and ADREG to '1', tie CED, CEAD, and RSTD to logic '0'.
INFO: [DRC AVAL-155] enum_AMULTSEL_BMULTSEL_enum_DREG_ADREG_0_connects_CED_CEAD_RSTD_GND: level0_i/ulp/softmax_u55c_kernel_1/inst/grp_softmax_core_hls_fu_141/grp_softmax_core_hls_Pipeline_VITIS_LOOP_46_3_fu_106/fexp_32ns_32ns_32_14_full_dsp_1_U15/softmax_u55c_kernel_fexp_32ns_32ns_32_14_full_dsp_1_ip_u/inst/i_synth/EXP_OP.i_sp_or_dp.OP/i_ccm_recip_ln2/g_tables[1].i_addsub/dsp.one.dsp48e1_add/i_no_versal_es1_workaround.DSP: DSP48E2 is not using the D port (AMULTSEL = A and BMULTSEL = B). For improved power characteristics, set DREG and ADREG to '1', tie CED, CEAD, and RSTD to logic '0'.
INFO: [DRC AVAL-155] enum_AMULTSEL_BMULTSEL_enum_DREG_ADREG_0_connects_CED_CEAD_RSTD_GND: level0_i/ulp/softmax_u55c_kernel_1/inst/grp_softmax_core_hls_fu_141/grp_softmax_core_hls_Pipeline_VITIS_LOOP_46_3_fu_106/fexp_32ns_32ns_32_14_full_dsp_1_U15/softmax_u55c_kernel_fexp_32ns_32ns_32_14_full_dsp_1_ip_u/inst/i_synth/EXP_OP.i_sp_or_dp.OP/i_renorm_and_round/DSP48_E1.DSP48E1_ADD.DSP48E1_ADD/i_no_versal_es1_workaround.DSP: DSP48E2 is not using the D port (AMULTSEL = A and BMULTSEL = B). For improved power characteristics, set DREG and ADREG to '1', tie CED, CEAD, and RSTD to logic '0'.
INFO: [DRC AVAL-155] enum_AMULTSEL_BMULTSEL_enum_DREG_ADREG_0_connects_CED_CEAD_RSTD_GND: level0_i/ulp/softmax_u55c_kernel_1/inst/grp_softmax_core_hls_fu_141/grp_softmax_core_hls_Pipeline_VITIS_LOOP_46_3_fu_106/fsub_32ns_32ns_32_7_full_dsp_1_U13/softmax_u55c_kernel_fsub_32ns_32ns_32_7_full_dsp_1_ip_u/inst/i_synth/ADDSUB_OP.ADDSUB/DSP.OP/DSP48E1_BODY.NORM_RND/FULL_USAGE_DSP.SHIFT_RND/i_no_versal_es1_workaround.DSP: DSP48E2 is not using the D port (AMULTSEL = A and BMULTSEL = B). For improved power characteristics, set DREG and ADREG to '1', tie CED, CEAD, and RSTD to logic '0'.
INFO: [DRC AVAL-156] enum_USE_MULT_NONE__enum_DREG_ADREG_0_connects_CED_CEAD_RSTD_GND: level0_i/ulp/score_scale_u55c_kernel_1/inst/grp_score_scale_core_hls_fu_131/fmul_32ns_32ns_32_4_max_dsp_1_U4/score_scale_u55c_kernel_fmul_32ns_32ns_32_4_max_dsp_1_ip_u/inst/i_synth/MULT.OP/i_non_prim.R_AND_R/LAT_OPT.FULL.R_AND_R/DSP48E1_SGL_EXP_IP.OLD_ADD.ADD/i_no_versal_es1_workaround.DSP: DSP48E2 is not using the Multiplier (USE_MULT = NONE). For improved power characteristics, set DREG and ADREG to '1', tie CED, CEAD, and RSTD to logic '0'.
INFO: [DRC AVAL-156] enum_USE_MULT_NONE__enum_DREG_ADREG_0_connects_CED_CEAD_RSTD_GND: level0_i/ulp/softmax_u55c_kernel_1/inst/grp_softmax_core_hls_fu_141/grp_softmax_core_hls_Pipeline_VITIS_LOOP_46_3_fu_106/fexp_32ns_32ns_32_14_full_dsp_1_U15/softmax_u55c_kernel_fexp_32ns_32ns_32_14_full_dsp_1_ip_u/inst/i_synth/EXP_OP.i_sp_or_dp.OP/i_calculate_Xf/dsp.one.dsp48e1_add/i_no_versal_es1_workaround.DSP: DSP48E2 is not using the Multiplier (USE_MULT = NONE). For improved power characteristics, set DREG and ADREG to '1', tie CED, CEAD, and RSTD to logic '0'.
INFO: [DRC AVAL-156] enum_USE_MULT_NONE__enum_DREG_ADREG_0_connects_CED_CEAD_RSTD_GND: level0_i/ulp/softmax_u55c_kernel_1/inst/grp_softmax_core_hls_fu_141/grp_softmax_core_hls_Pipeline_VITIS_LOOP_46_3_fu_106/fexp_32ns_32ns_32_14_full_dsp_1_U15/softmax_u55c_kernel_fexp_32ns_32ns_32_14_full_dsp_1_ip_u/inst/i_synth/EXP_OP.i_sp_or_dp.OP/i_ccm_ln2/g_tables[0].i_addsub/dsp.one.dsp48e1_add/i_no_versal_es1_workaround.DSP: DSP48E2 is not using the Multiplier (USE_MULT = NONE). For improved power characteristics, set DREG and ADREG to '1', tie CED, CEAD, and RSTD to logic '0'.
INFO: [DRC AVAL-156] enum_USE_MULT_NONE__enum_DREG_ADREG_0_connects_CED_CEAD_RSTD_GND: level0_i/ulp/softmax_u55c_kernel_1/inst/grp_softmax_core_hls_fu_141/grp_softmax_core_hls_Pipeline_VITIS_LOOP_46_3_fu_106/fexp_32ns_32ns_32_14_full_dsp_1_U15/softmax_u55c_kernel_fexp_32ns_32ns_32_14_full_dsp_1_ip_u/inst/i_synth/EXP_OP.i_sp_or_dp.OP/i_ccm_ln2/g_tables[1].i_addsub/dsp.one.dsp48e1_add/i_no_versal_es1_workaround.DSP: DSP48E2 is not using the Multiplier (USE_MULT = NONE). For improved power characteristics, set DREG and ADREG to '1', tie CED, CEAD, and RSTD to logic '0'.
INFO: [DRC AVAL-156] enum_USE_MULT_NONE__enum_DREG_ADREG_0_connects_CED_CEAD_RSTD_GND: level0_i/ulp/softmax_u55c_kernel_1/inst/grp_softmax_core_hls_fu_141/grp_softmax_core_hls_Pipeline_VITIS_LOOP_46_3_fu_106/fexp_32ns_32ns_32_14_full_dsp_1_U15/softmax_u55c_kernel_fexp_32ns_32ns_32_14_full_dsp_1_ip_u/inst/i_synth/EXP_OP.i_sp_or_dp.OP/i_ccm_recip_ln2/g_tables[0].i_addsub/dsp.one.dsp48e1_add/i_no_versal_es1_workaround.DSP: DSP48E2 is not using the Multiplier (USE_MULT = NONE). For improved power characteristics, set DREG and ADREG to '1', tie CED, CEAD, and RSTD to logic '0'.
INFO: [DRC AVAL-156] enum_USE_MULT_NONE__enum_DREG_ADREG_0_connects_CED_CEAD_RSTD_GND: level0_i/ulp/softmax_u55c_kernel_1/inst/grp_softmax_core_hls_fu_141/grp_softmax_core_hls_Pipeline_VITIS_LOOP_46_3_fu_106/fexp_32ns_32ns_32_14_full_dsp_1_U15/softmax_u55c_kernel_fexp_32ns_32ns_32_14_full_dsp_1_ip_u/inst/i_synth/EXP_OP.i_sp_or_dp.OP/i_ccm_recip_ln2/g_tables[1].i_addsub/dsp.one.dsp48e1_add/i_no_versal_es1_workaround.DSP: DSP48E2 is not using the Multiplier (USE_MULT = NONE). For improved power characteristics, set DREG and ADREG to '1', tie CED, CEAD, and RSTD to logic '0'.
INFO: [DRC AVAL-156] enum_USE_MULT_NONE__enum_DREG_ADREG_0_connects_CED_CEAD_RSTD_GND: level0_i/ulp/softmax_u55c_kernel_1/inst/grp_softmax_core_hls_fu_141/grp_softmax_core_hls_Pipeline_VITIS_LOOP_46_3_fu_106/fexp_32ns_32ns_32_14_full_dsp_1_U15/softmax_u55c_kernel_fexp_32ns_32ns_32_14_full_dsp_1_ip_u/inst/i_synth/EXP_OP.i_sp_or_dp.OP/i_renorm_and_round/DSP48_E1.DSP48E1_ADD.DSP48E1_ADD/i_no_versal_es1_workaround.DSP: DSP48E2 is not using the Multiplier (USE_MULT = NONE). For improved power characteristics, set DREG and ADREG to '1', tie CED, CEAD, and RSTD to logic '0'.
INFO: [Vivado 12-3199] DRC finished with 0 Errors, 129 Warnings, 17 Advisories
INFO: [Vivado 12-3200] Please refer to the DRC report (report_drc) for more information.
Partition "pblock_dynamic_region" Reconfigurable Module "level0_i/ulp"
INFO: [Vivado 12-4077] No full design bitstream will be created with the use of the -cell option.
Process Partition "pblock_dynamic_region"
INFO: [Designutils 20-2272] Running write_bitstream with 8 threads.
Loading data files...
Loading site data...
Loading route data...
Processing options...
Creating bitmap...
Creating bitstream...
Partial bitstream contains 375107776 bits.
Writing bitstream ./level0_i_ulp_my_rm_partial.bit...
INFO: [Vivado 12-1842] Bitgen Completed Successfully.
INFO: [Project 1-1876] WebTalk data collection is mandatory when using a ULT device. To see the specific WebTalk data collected for your design, open the usage_statistics_webtalk.html or usage_statistics_webtalk.xml file in the implementation directory.
INFO: [Common 17-83] Releasing license: Implementation
318 Infos, 360 Warnings, 2 Critical Warnings and 0 Errors encountered.
write_bitstream completed successfully
write_bitstream: Time (s): cpu = 00:18:39 ; elapsed = 00:08:16 . Memory (MB): peak = 14323.023 ; gain = 1734.340 ; free physical = 9709 ; free virtual = 16012
source /home/advent/Desktop/RC19/_x/link/vivado/vpl/scripts/impl_1/_full_write_bitstream_post.tcl
INFO: [Common 17-206] Exiting Vivado at Mon Apr 27 19:40:20 2026...
[Mon Apr 27 19:40:26 2026] impl_1 finished
wait_on_runs: Time (s): cpu = 00:00:08 ; elapsed = 00:42:04 . Memory (MB): peak = 5084.203 ; gain = 0.000 ; free physical = 19123 ; free virtual = 25421
INFO: [OCL_UTIL] internal step: log_generated_reports for implementation '/home/advent/Desktop/RC19/_x/link/vivado/vpl/output/generated_reports.log'
INFO: [OCL_UTIL] internal step: copy implementation run (impl_1) output files
Check VPL, containing 1 checks, has run: 0 errors
[19:40:35] Run vpl: Step impl: Completed
INFO: [Common 17-206] Exiting Vivado at Mon Apr 27 19:40:35 2026...
