

================================================================
== Vitis HLS Report for 'v_weighted_sum_multik_u55c_kernel_Pipeline_VITIS_LOOP_226_8_VITIS_LOOP_227_9'
================================================================
* Date:           Tue May  5 16:57:31 2026

* Version:        2022.2 (Build 3670227 on Oct 13 2022)
* Project:        v_weighted_sum_multik_prj
* Solution:       sol1 (Vivado IP Flow Target)
* Product family: virtexuplus
* Target device:  xcu55c-fsvh2892-2L-e


================================================================
== Performance Estimates
================================================================
+ Timing: 
    * Summary: 
    +--------+---------+----------+------------+
    |  Clock |  Target | Estimated| Uncertainty|
    +--------+---------+----------+------------+
    |ap_clk  |  4.00 ns|  4.113 ns|     1.08 ns|
    +--------+---------+----------+------------+

+ Latency: 
    * Summary: 
    +---------+---------+----------+----------+------+------+---------+
    |  Latency (cycles) |  Latency (absolute) |   Interval  | Pipeline|
    |   min   |   max   |    min   |    max   |  min |  max |   Type  |
    +---------+---------+----------+----------+------+------+---------+
    |     1991|     1991|  8.189 us|  8.189 us|  1991|  1991|       no|
    +---------+---------+----------+----------+------+------+---------+

    + Detail: 
        * Instance: 
        N/A

        * Loop: 
        +-------------------------------------+---------+---------+----------+-----------+-----------+------+----------+
        |                                     |  Latency (cycles) | Iteration|  Initiation Interval  | Trip |          |
        |              Loop Name              |   min   |   max   |  Latency |  achieved |   target  | Count| Pipelined|
        +-------------------------------------+---------+---------+----------+-----------+-----------+------+----------+
        |- VITIS_LOOP_226_8_VITIS_LOOP_227_9  |     1989|     1989|       457|          3|          1|   512|       yes|
        +-------------------------------------+---------+---------+----------+-----------+-----------+------+----------+



================================================================
== Utilization Estimates
================================================================
* Summary: 
+---------------------+---------+------+---------+---------+-----+
|         Name        | BRAM_18K|  DSP |    FF   |   LUT   | URAM|
+---------------------+---------+------+---------+---------+-----+
|DSP                  |        -|     -|        -|        -|    -|
|Expression           |        -|     -|        0|      136|    -|
|FIFO                 |        -|     -|        -|        -|    -|
|Instance             |        -|   110|    10310|     8637|    -|
|Memory               |        -|     -|        -|        -|    -|
|Multiplexer          |        -|     -|        -|    13277|    -|
|Register             |        -|     -|    10606|     2112|    -|
+---------------------+---------+------+---------+---------+-----+
|Total                |        0|   110|    20916|    24162|    0|
+---------------------+---------+------+---------+---------+-----+
|Available SLR        |     1344|  3008|   869120|   434560|  320|
+---------------------+---------+------+---------+---------+-----+
|Utilization SLR (%)  |        0|     3|        2|        5|    0|
+---------------------+---------+------+---------+---------+-----+
|Available            |     4032|  9024|  2607360|  1303680|  960|
+---------------------+---------+------+---------+---------+-----+
|Utilization (%)      |        0|     1|       ~0|        1|    0|
+---------------------+---------+------+---------+---------+-----+

+ Detail: 
    * Instance: 
    +-------------------------------------+--------------------------------+---------+----+-----+-----+-----+
    |               Instance              |             Module             | BRAM_18K| DSP|  FF | LUT | URAM|
    +-------------------------------------+--------------------------------+---------+----+-----+-----+-----+
    |fadd_32ns_32ns_32_4_no_dsp_1_U580    |fadd_32ns_32ns_32_4_no_dsp_1    |        0|   0|  168|  338|    0|
    |fadd_32ns_32ns_32_7_full_dsp_1_U558  |fadd_32ns_32ns_32_7_full_dsp_1  |        0|   2|  318|  198|    0|
    |fadd_32ns_32ns_32_7_full_dsp_1_U559  |fadd_32ns_32ns_32_7_full_dsp_1  |        0|   2|  318|  198|    0|
    |fadd_32ns_32ns_32_7_full_dsp_1_U560  |fadd_32ns_32ns_32_7_full_dsp_1  |        0|   2|  318|  198|    0|
    |fadd_32ns_32ns_32_7_full_dsp_1_U561  |fadd_32ns_32ns_32_7_full_dsp_1  |        0|   2|  318|  198|    0|
    |fadd_32ns_32ns_32_7_full_dsp_1_U562  |fadd_32ns_32ns_32_7_full_dsp_1  |        0|   2|  318|  198|    0|
    |fadd_32ns_32ns_32_7_full_dsp_1_U563  |fadd_32ns_32ns_32_7_full_dsp_1  |        0|   2|  318|  198|    0|
    |fadd_32ns_32ns_32_7_full_dsp_1_U564  |fadd_32ns_32ns_32_7_full_dsp_1  |        0|   2|  318|  198|    0|
    |fadd_32ns_32ns_32_7_full_dsp_1_U565  |fadd_32ns_32ns_32_7_full_dsp_1  |        0|   2|  318|  198|    0|
    |fadd_32ns_32ns_32_7_full_dsp_1_U566  |fadd_32ns_32ns_32_7_full_dsp_1  |        0|   2|  318|  198|    0|
    |fadd_32ns_32ns_32_7_full_dsp_1_U567  |fadd_32ns_32ns_32_7_full_dsp_1  |        0|   2|  318|  198|    0|
    |fadd_32ns_32ns_32_7_full_dsp_1_U568  |fadd_32ns_32ns_32_7_full_dsp_1  |        0|   2|  318|  198|    0|
    |fadd_32ns_32ns_32_7_full_dsp_1_U569  |fadd_32ns_32ns_32_7_full_dsp_1  |        0|   2|  318|  198|    0|
    |fadd_32ns_32ns_32_7_full_dsp_1_U570  |fadd_32ns_32ns_32_7_full_dsp_1  |        0|   2|  318|  198|    0|
    |fadd_32ns_32ns_32_7_full_dsp_1_U571  |fadd_32ns_32ns_32_7_full_dsp_1  |        0|   2|  318|  198|    0|
    |fadd_32ns_32ns_32_7_full_dsp_1_U572  |fadd_32ns_32ns_32_7_full_dsp_1  |        0|   2|  318|  198|    0|
    |fadd_32ns_32ns_32_7_full_dsp_1_U573  |fadd_32ns_32ns_32_7_full_dsp_1  |        0|   2|  318|  198|    0|
    |fadd_32ns_32ns_32_7_full_dsp_1_U574  |fadd_32ns_32ns_32_7_full_dsp_1  |        0|   2|  318|  198|    0|
    |fadd_32ns_32ns_32_7_full_dsp_1_U575  |fadd_32ns_32ns_32_7_full_dsp_1  |        0|   2|  318|  198|    0|
    |fadd_32ns_32ns_32_7_full_dsp_1_U576  |fadd_32ns_32ns_32_7_full_dsp_1  |        0|   2|  318|  198|    0|
    |fadd_32ns_32ns_32_7_full_dsp_1_U577  |fadd_32ns_32ns_32_7_full_dsp_1  |        0|   2|  318|  198|    0|
    |fadd_32ns_32ns_32_7_full_dsp_1_U578  |fadd_32ns_32ns_32_7_full_dsp_1  |        0|   2|  318|  198|    0|
    |fadd_32ns_32ns_32_7_full_dsp_1_U579  |fadd_32ns_32ns_32_7_full_dsp_1  |        0|   2|  318|  198|    0|
    |fmul_32ns_32ns_32_4_max_dsp_1_U581   |fmul_32ns_32ns_32_4_max_dsp_1   |        0|   3|  143|   78|    0|
    |fmul_32ns_32ns_32_4_max_dsp_1_U582   |fmul_32ns_32ns_32_4_max_dsp_1   |        0|   3|  143|   78|    0|
    |fmul_32ns_32ns_32_4_max_dsp_1_U583   |fmul_32ns_32ns_32_4_max_dsp_1   |        0|   3|  143|   78|    0|
    |fmul_32ns_32ns_32_4_max_dsp_1_U584   |fmul_32ns_32ns_32_4_max_dsp_1   |        0|   3|  143|   78|    0|
    |fmul_32ns_32ns_32_4_max_dsp_1_U585   |fmul_32ns_32ns_32_4_max_dsp_1   |        0|   3|  143|   78|    0|
    |fmul_32ns_32ns_32_4_max_dsp_1_U586   |fmul_32ns_32ns_32_4_max_dsp_1   |        0|   3|  143|   78|    0|
    |fmul_32ns_32ns_32_4_max_dsp_1_U587   |fmul_32ns_32ns_32_4_max_dsp_1   |        0|   3|  143|   78|    0|
    |fmul_32ns_32ns_32_4_max_dsp_1_U588   |fmul_32ns_32ns_32_4_max_dsp_1   |        0|   3|  143|   78|    0|
    |fmul_32ns_32ns_32_4_max_dsp_1_U589   |fmul_32ns_32ns_32_4_max_dsp_1   |        0|   3|  143|   78|    0|
    |fmul_32ns_32ns_32_4_max_dsp_1_U590   |fmul_32ns_32ns_32_4_max_dsp_1   |        0|   3|  143|   78|    0|
    |fmul_32ns_32ns_32_4_max_dsp_1_U591   |fmul_32ns_32ns_32_4_max_dsp_1   |        0|   3|  143|   78|    0|
    |fmul_32ns_32ns_32_4_max_dsp_1_U592   |fmul_32ns_32ns_32_4_max_dsp_1   |        0|   3|  143|   78|    0|
    |fmul_32ns_32ns_32_4_max_dsp_1_U593   |fmul_32ns_32ns_32_4_max_dsp_1   |        0|   3|  143|   78|    0|
    |fmul_32ns_32ns_32_4_max_dsp_1_U594   |fmul_32ns_32ns_32_4_max_dsp_1   |        0|   3|  143|   78|    0|
    |fmul_32ns_32ns_32_4_max_dsp_1_U595   |fmul_32ns_32ns_32_4_max_dsp_1   |        0|   3|  143|   78|    0|
    |fmul_32ns_32ns_32_4_max_dsp_1_U596   |fmul_32ns_32ns_32_4_max_dsp_1   |        0|   3|  143|   78|    0|
    |fmul_32ns_32ns_32_4_max_dsp_1_U597   |fmul_32ns_32ns_32_4_max_dsp_1   |        0|   3|  143|   78|    0|
    |fmul_32ns_32ns_32_4_max_dsp_1_U598   |fmul_32ns_32ns_32_4_max_dsp_1   |        0|   3|  143|   78|    0|
    |fmul_32ns_32ns_32_4_max_dsp_1_U599   |fmul_32ns_32ns_32_4_max_dsp_1   |        0|   3|  143|   78|    0|
    |fmul_32ns_32ns_32_4_max_dsp_1_U600   |fmul_32ns_32ns_32_4_max_dsp_1   |        0|   3|  143|   78|    0|
    |fmul_32ns_32ns_32_4_max_dsp_1_U601   |fmul_32ns_32ns_32_4_max_dsp_1   |        0|   3|  143|   78|    0|
    |fmul_32ns_32ns_32_4_max_dsp_1_U602   |fmul_32ns_32ns_32_4_max_dsp_1   |        0|   3|  143|   78|    0|
    |mux_646_32_1_1_U603                  |mux_646_32_1_1                  |        0|   0|    0|  273|    0|
    |mux_646_32_1_1_U604                  |mux_646_32_1_1                  |        0|   0|    0|  273|    0|
    |mux_646_32_1_1_U605                  |mux_646_32_1_1                  |        0|   0|    0|  273|    0|
    |mux_646_32_1_1_U606                  |mux_646_32_1_1                  |        0|   0|    0|  273|    0|
    |mux_646_32_1_1_U607                  |mux_646_32_1_1                  |        0|   0|    0|  273|    0|
    |mux_646_32_1_1_U608                  |mux_646_32_1_1                  |        0|   0|    0|  273|    0|
    |mux_646_32_1_1_U609                  |mux_646_32_1_1                  |        0|   0|    0|  273|    0|
    |mux_646_32_1_1_U610                  |mux_646_32_1_1                  |        0|   0|    0|  273|    0|
    |mux_83_32_1_1_U611                   |mux_83_32_1_1                   |        0|   0|    0|   43|    0|
    +-------------------------------------+--------------------------------+---------+----+-----+-----+-----+
    |Total                                |                                |        0| 110|10310| 8637|    0|
    +-------------------------------------+--------------------------------+---------+----+-----+-----+-----+

    * DSP: 
    N/A

    * Memory: 
    N/A

    * FIFO: 
    N/A

    * Expression: 
    +---------------------------+----------+----+---+----+------------+------------+
    |       Variable Name       | Operation| DSP| FF| LUT| Bitwidth P0| Bitwidth P1|
    +---------------------------+----------+----+---+----+------------+------------+
    |add_ln226_1_fu_2898_p2     |         +|   0|  0|  17|          10|           1|
    |add_ln226_fu_2907_p2       |         +|   0|  0|  12|           4|           1|
    |add_ln227_fu_3189_p2       |         +|   0|  0|  14|           7|           1|
    |add_ln232_fu_3053_p2       |         +|   0|  0|  15|           8|           7|
    |icmp_ln226_fu_2892_p2      |      icmp|   0|  0|  11|          10|          11|
    |icmp_ln227_fu_2917_p2      |      icmp|   0|  0|  11|           7|           8|
    |or_ln226_1_fu_3083_p2      |        or|   0|  0|   5|           5|           2|
    |or_ln226_2_fu_3108_p2      |        or|   0|  0|   5|           5|           2|
    |or_ln226_fu_2975_p2        |        or|   0|  0|   5|           5|           1|
    |select_ln226_1_fu_2939_p3  |    select|   0|  0|   5|           1|           5|
    |select_ln226_2_fu_2967_p3  |    select|   0|  0|   5|           1|           5|
    |select_ln226_3_fu_3001_p3  |    select|   0|  0|   5|           1|           5|
    |select_ln226_4_fu_3009_p3  |    select|   0|  0|   5|           1|           5|
    |select_ln226_5_fu_3017_p3  |    select|   0|  0|   4|           1|           4|
    |select_ln226_fu_2923_p3    |    select|   0|  0|   7|           1|           1|
    |ap_enable_pp0              |       xor|   0|  0|   2|           1|           2|
    |xor_ln232_fu_3160_p2       |       xor|   0|  0|   8|           7|           8|
    +---------------------------+----------+----+---+----+------------+------------+
    |Total                      |          |   0|  0| 136|          75|          69|
    +---------------------------+----------+----+---+----+------------+------------+

    * Multiplexer: 
    +----------------------------------------+-----+-----------+-----+-----------+
    |                  Name                  | LUT | Input Size| Bits| Total Bits|
    +----------------------------------------+-----+-----------+-----+-----------+
    |acc_2496_out_o                          |    9|          2|   32|         64|
    |acc_2497_out_o                          |    9|          2|   32|         64|
    |acc_2498_out_o                          |    9|          2|   32|         64|
    |acc_2499_out_o                          |    9|          2|   32|         64|
    |acc_2500_out_o                          |    9|          2|   32|         64|
    |acc_2501_out_o                          |    9|          2|   32|         64|
    |acc_2502_out_o                          |    9|          2|   32|         64|
    |acc_2503_out_o                          |    9|          2|   32|         64|
    |acc_2504_out_o                          |    9|          2|   32|         64|
    |acc_2505_out_o                          |    9|          2|   32|         64|
    |acc_2506_out_o                          |    9|          2|   32|         64|
    |acc_2507_out_o                          |    9|          2|   32|         64|
    |acc_2508_out_o                          |    9|          2|   32|         64|
    |acc_2509_out_o                          |    9|          2|   32|         64|
    |acc_2510_out_o                          |    9|          2|   32|         64|
    |acc_2511_out_o                          |    9|          2|   32|         64|
    |acc_2512_out_o                          |    9|          2|   32|         64|
    |acc_2513_out_o                          |    9|          2|   32|         64|
    |acc_2514_out_o                          |    9|          2|   32|         64|
    |acc_2515_out_o                          |    9|          2|   32|         64|
    |acc_2516_out_o                          |    9|          2|   32|         64|
    |acc_2517_out_o                          |    9|          2|   32|         64|
    |acc_2518_out_o                          |    9|          2|   32|         64|
    |acc_2519_out_o                          |    9|          2|   32|         64|
    |acc_2520_out_o                          |    9|          2|   32|         64|
    |acc_2521_out_o                          |    9|          2|   32|         64|
    |acc_2522_out_o                          |    9|          2|   32|         64|
    |acc_2523_out_o                          |    9|          2|   32|         64|
    |acc_2524_out_o                          |    9|          2|   32|         64|
    |acc_2525_out_o                          |    9|          2|   32|         64|
    |acc_2526_out_o                          |    9|          2|   32|         64|
    |acc_2527_out_o                          |    9|          2|   32|         64|
    |acc_2528_out_o                          |    9|          2|   32|         64|
    |acc_2529_out_o                          |    9|          2|   32|         64|
    |acc_2530_out_o                          |    9|          2|   32|         64|
    |acc_2531_out_o                          |    9|          2|   32|         64|
    |acc_2532_out_o                          |    9|          2|   32|         64|
    |acc_2533_out_o                          |    9|          2|   32|         64|
    |acc_2534_out_o                          |    9|          2|   32|         64|
    |acc_2535_out_o                          |    9|          2|   32|         64|
    |acc_2536_out_o                          |    9|          2|   32|         64|
    |acc_2537_out_o                          |    9|          2|   32|         64|
    |acc_2538_out_o                          |    9|          2|   32|         64|
    |acc_2539_out_o                          |    9|          2|   32|         64|
    |acc_2540_out_o                          |    9|          2|   32|         64|
    |acc_2541_out_o                          |    9|          2|   32|         64|
    |acc_2542_out_o                          |    9|          2|   32|         64|
    |acc_2543_out_o                          |    9|          2|   32|         64|
    |acc_2544_out_o                          |    9|          2|   32|         64|
    |acc_2545_out_o                          |    9|          2|   32|         64|
    |acc_2546_out_o                          |    9|          2|   32|         64|
    |acc_2547_out_o                          |    9|          2|   32|         64|
    |acc_2548_out_o                          |    9|          2|   32|         64|
    |acc_2549_out_o                          |    9|          2|   32|         64|
    |acc_2550_out_o                          |    9|          2|   32|         64|
    |acc_2551_out_o                          |    9|          2|   32|         64|
    |acc_2552_out_o                          |    9|          2|   32|         64|
    |acc_2553_out_o                          |    9|          2|   32|         64|
    |acc_2554_out_o                          |    9|          2|   32|         64|
    |acc_2555_out_o                          |    9|          2|   32|         64|
    |acc_2556_out_o                          |    9|          2|   32|         64|
    |acc_2557_out_o                          |    9|          2|   32|         64|
    |acc_2558_out_o                          |    9|          2|   32|         64|
    |acc_2559_out_o                          |    9|          2|   32|         64|
    |acc_2560_out_o                          |    9|          2|   32|         64|
    |acc_2561_out_o                          |    9|          2|   32|         64|
    |acc_2562_out_o                          |    9|          2|   32|         64|
    |acc_2563_out_o                          |    9|          2|   32|         64|
    |acc_2564_out_o                          |    9|          2|   32|         64|
    |acc_2565_out_o                          |    9|          2|   32|         64|
    |acc_2566_out_o                          |    9|          2|   32|         64|
    |acc_2567_out_o                          |    9|          2|   32|         64|
    |acc_2568_out_o                          |    9|          2|   32|         64|
    |acc_2569_out_o                          |    9|          2|   32|         64|
    |acc_2570_out_o                          |    9|          2|   32|         64|
    |acc_2571_out_o                          |    9|          2|   32|         64|
    |acc_2572_out_o                          |    9|          2|   32|         64|
    |acc_2573_out_o                          |    9|          2|   32|         64|
    |acc_2574_out_o                          |    9|          2|   32|         64|
    |acc_2575_out_o                          |    9|          2|   32|         64|
    |acc_2576_out_o                          |    9|          2|   32|         64|
    |acc_2577_out_o                          |    9|          2|   32|         64|
    |acc_2578_out_o                          |    9|          2|   32|         64|
    |acc_2579_out_o                          |    9|          2|   32|         64|
    |acc_2580_out_o                          |    9|          2|   32|         64|
    |acc_2581_out_o                          |    9|          2|   32|         64|
    |acc_2582_out_o                          |    9|          2|   32|         64|
    |acc_2583_out_o                          |    9|          2|   32|         64|
    |acc_2584_out_o                          |    9|          2|   32|         64|
    |acc_2585_out_o                          |    9|          2|   32|         64|
    |acc_2586_out_o                          |    9|          2|   32|         64|
    |acc_2587_out_o                          |    9|          2|   32|         64|
    |acc_2588_out_o                          |    9|          2|   32|         64|
    |acc_2589_out_o                          |    9|          2|   32|         64|
    |acc_2590_out_o                          |    9|          2|   32|         64|
    |acc_2591_out_o                          |    9|          2|   32|         64|
    |acc_2592_out_o                          |    9|          2|   32|         64|
    |acc_2593_out_o                          |    9|          2|   32|         64|
    |acc_2594_out_o                          |    9|          2|   32|         64|
    |acc_2595_out_o                          |    9|          2|   32|         64|
    |acc_2596_out_o                          |    9|          2|   32|         64|
    |acc_2597_out_o                          |    9|          2|   32|         64|
    |acc_2598_out_o                          |    9|          2|   32|         64|
    |acc_2599_out_o                          |    9|          2|   32|         64|
    |acc_2600_out_o                          |    9|          2|   32|         64|
    |acc_2601_out_o                          |    9|          2|   32|         64|
    |acc_2602_out_o                          |    9|          2|   32|         64|
    |acc_2603_out_o                          |    9|          2|   32|         64|
    |acc_2604_out_o                          |    9|          2|   32|         64|
    |acc_2605_out_o                          |    9|          2|   32|         64|
    |acc_2606_out_o                          |    9|          2|   32|         64|
    |acc_2607_out_o                          |    9|          2|   32|         64|
    |acc_2608_out_o                          |    9|          2|   32|         64|
    |acc_2609_out_o                          |    9|          2|   32|         64|
    |acc_2610_out_o                          |    9|          2|   32|         64|
    |acc_2611_out_o                          |    9|          2|   32|         64|
    |acc_2612_out_o                          |    9|          2|   32|         64|
    |acc_2613_out_o                          |    9|          2|   32|         64|
    |acc_2614_out_o                          |    9|          2|   32|         64|
    |acc_2615_out_o                          |    9|          2|   32|         64|
    |acc_2616_out_o                          |    9|          2|   32|         64|
    |acc_2617_out_o                          |    9|          2|   32|         64|
    |acc_2618_out_o                          |    9|          2|   32|         64|
    |acc_2619_out_o                          |    9|          2|   32|         64|
    |acc_2620_out_o                          |    9|          2|   32|         64|
    |acc_2621_out_o                          |    9|          2|   32|         64|
    |acc_2622_out_o                          |    9|          2|   32|         64|
    |acc_2623_out_o                          |    9|          2|   32|         64|
    |acc_2624_out_o                          |    9|          2|   32|         64|
    |acc_2625_out_o                          |    9|          2|   32|         64|
    |acc_2626_out_o                          |    9|          2|   32|         64|
    |acc_2627_out_o                          |    9|          2|   32|         64|
    |acc_2628_out_o                          |    9|          2|   32|         64|
    |acc_2629_out_o                          |    9|          2|   32|         64|
    |acc_2630_out_o                          |    9|          2|   32|         64|
    |acc_2631_out_o                          |    9|          2|   32|         64|
    |acc_2632_out_o                          |    9|          2|   32|         64|
    |acc_2633_out_o                          |    9|          2|   32|         64|
    |acc_2634_out_o                          |    9|          2|   32|         64|
    |acc_2635_out_o                          |    9|          2|   32|         64|
    |acc_2636_out_o                          |    9|          2|   32|         64|
    |acc_2637_out_o                          |    9|          2|   32|         64|
    |acc_2638_out_o                          |    9|          2|   32|         64|
    |acc_2639_out_o                          |    9|          2|   32|         64|
    |acc_2640_out_o                          |    9|          2|   32|         64|
    |acc_2641_out_o                          |    9|          2|   32|         64|
    |acc_2642_out_o                          |    9|          2|   32|         64|
    |acc_2643_out_o                          |    9|          2|   32|         64|
    |acc_2644_out_o                          |    9|          2|   32|         64|
    |acc_2645_out_o                          |    9|          2|   32|         64|
    |acc_2646_out_o                          |    9|          2|   32|         64|
    |acc_2647_out_o                          |    9|          2|   32|         64|
    |acc_2648_out_o                          |    9|          2|   32|         64|
    |acc_2649_out_o                          |    9|          2|   32|         64|
    |acc_2650_out_o                          |    9|          2|   32|         64|
    |acc_2651_out_o                          |    9|          2|   32|         64|
    |acc_2652_out_o                          |    9|          2|   32|         64|
    |acc_2653_out_o                          |    9|          2|   32|         64|
    |acc_2654_out_o                          |    9|          2|   32|         64|
    |acc_2655_out_o                          |    9|          2|   32|         64|
    |acc_2656_out_o                          |    9|          2|   32|         64|
    |acc_2657_out_o                          |    9|          2|   32|         64|
    |acc_2658_out_o                          |    9|          2|   32|         64|
    |acc_2659_out_o                          |    9|          2|   32|         64|
    |acc_2660_out_o                          |    9|          2|   32|         64|
    |acc_2661_out_o                          |    9|          2|   32|         64|
    |acc_2662_out_o                          |    9|          2|   32|         64|
    |acc_2663_out_o                          |    9|          2|   32|         64|
    |acc_2664_out_o                          |    9|          2|   32|         64|
    |acc_2665_out_o                          |    9|          2|   32|         64|
    |acc_2666_out_o                          |    9|          2|   32|         64|
    |acc_2667_out_o                          |    9|          2|   32|         64|
    |acc_2668_out_o                          |    9|          2|   32|         64|
    |acc_2669_out_o                          |    9|          2|   32|         64|
    |acc_2670_out_o                          |    9|          2|   32|         64|
    |acc_2671_out_o                          |    9|          2|   32|         64|
    |acc_2672_out_o                          |    9|          2|   32|         64|
    |acc_2673_out_o                          |    9|          2|   32|         64|
    |acc_2674_out_o                          |    9|          2|   32|         64|
    |acc_2675_out_o                          |    9|          2|   32|         64|
    |acc_2676_out_o                          |    9|          2|   32|         64|
    |acc_2677_out_o                          |    9|          2|   32|         64|
    |acc_2678_out_o                          |    9|          2|   32|         64|
    |acc_2679_out_o                          |    9|          2|   32|         64|
    |acc_2680_out_o                          |    9|          2|   32|         64|
    |acc_2681_out_o                          |    9|          2|   32|         64|
    |acc_2682_out_o                          |    9|          2|   32|         64|
    |acc_2683_out_o                          |    9|          2|   32|         64|
    |acc_2684_out_o                          |    9|          2|   32|         64|
    |acc_2685_out_o                          |    9|          2|   32|         64|
    |acc_2686_out_o                          |    9|          2|   32|         64|
    |acc_2687_out_o                          |    9|          2|   32|         64|
    |acc_2688_out_o                          |    9|          2|   32|         64|
    |acc_2689_out_o                          |    9|          2|   32|         64|
    |acc_2690_out_o                          |    9|          2|   32|         64|
    |acc_2691_out_o                          |    9|          2|   32|         64|
    |acc_2692_out_o                          |    9|          2|   32|         64|
    |acc_2693_out_o                          |    9|          2|   32|         64|
    |acc_2694_out_o                          |    9|          2|   32|         64|
    |acc_2695_out_o                          |    9|          2|   32|         64|
    |acc_2696_out_o                          |    9|          2|   32|         64|
    |acc_2697_out_o                          |    9|          2|   32|         64|
    |acc_2698_out_o                          |    9|          2|   32|         64|
    |acc_2699_out_o                          |    9|          2|   32|         64|
    |acc_2700_out_o                          |    9|          2|   32|         64|
    |acc_2701_out_o                          |    9|          2|   32|         64|
    |acc_2702_out_o                          |    9|          2|   32|         64|
    |acc_2703_out_o                          |    9|          2|   32|         64|
    |acc_2704_out_o                          |    9|          2|   32|         64|
    |acc_2705_out_o                          |    9|          2|   32|         64|
    |acc_2706_out_o                          |    9|          2|   32|         64|
    |acc_2707_out_o                          |    9|          2|   32|         64|
    |acc_2708_out_o                          |    9|          2|   32|         64|
    |acc_2709_out_o                          |    9|          2|   32|         64|
    |acc_2710_out_o                          |    9|          2|   32|         64|
    |acc_2711_out_o                          |    9|          2|   32|         64|
    |acc_2712_out_o                          |    9|          2|   32|         64|
    |acc_2713_out_o                          |    9|          2|   32|         64|
    |acc_2714_out_o                          |    9|          2|   32|         64|
    |acc_2715_out_o                          |    9|          2|   32|         64|
    |acc_2716_out_o                          |    9|          2|   32|         64|
    |acc_2717_out_o                          |    9|          2|   32|         64|
    |acc_2718_out_o                          |    9|          2|   32|         64|
    |acc_2719_out_o                          |    9|          2|   32|         64|
    |acc_2720_out_o                          |    9|          2|   32|         64|
    |acc_2721_out_o                          |    9|          2|   32|         64|
    |acc_2722_out_o                          |    9|          2|   32|         64|
    |acc_2723_out_o                          |    9|          2|   32|         64|
    |acc_2724_out_o                          |    9|          2|   32|         64|
    |acc_2725_out_o                          |    9|          2|   32|         64|
    |acc_2726_out_o                          |    9|          2|   32|         64|
    |acc_2727_out_o                          |    9|          2|   32|         64|
    |acc_2728_out_o                          |    9|          2|   32|         64|
    |acc_2729_out_o                          |    9|          2|   32|         64|
    |acc_2730_out_o                          |    9|          2|   32|         64|
    |acc_2731_out_o                          |    9|          2|   32|         64|
    |acc_2732_out_o                          |    9|          2|   32|         64|
    |acc_2733_out_o                          |    9|          2|   32|         64|
    |acc_2734_out_o                          |    9|          2|   32|         64|
    |acc_2735_out_o                          |    9|          2|   32|         64|
    |acc_2736_out_o                          |    9|          2|   32|         64|
    |acc_2737_out_o                          |    9|          2|   32|         64|
    |acc_2738_out_o                          |    9|          2|   32|         64|
    |acc_2739_out_o                          |    9|          2|   32|         64|
    |acc_2740_out_o                          |    9|          2|   32|         64|
    |acc_2741_out_o                          |    9|          2|   32|         64|
    |acc_2742_out_o                          |    9|          2|   32|         64|
    |acc_2743_out_o                          |    9|          2|   32|         64|
    |acc_2744_out_o                          |    9|          2|   32|         64|
    |acc_2745_out_o                          |    9|          2|   32|         64|
    |acc_2746_out_o                          |    9|          2|   32|         64|
    |acc_2747_out_o                          |    9|          2|   32|         64|
    |acc_2748_out_o                          |    9|          2|   32|         64|
    |acc_2749_out_o                          |    9|          2|   32|         64|
    |acc_2750_out_o                          |    9|          2|   32|         64|
    |acc_2751_out_o                          |    9|          2|   32|         64|
    |acc_2752_out_o                          |    9|          2|   32|         64|
    |acc_2753_out_o                          |    9|          2|   32|         64|
    |acc_2754_out_o                          |    9|          2|   32|         64|
    |acc_2755_out_o                          |    9|          2|   32|         64|
    |acc_2756_out_o                          |    9|          2|   32|         64|
    |acc_2757_out_o                          |    9|          2|   32|         64|
    |acc_2758_out_o                          |    9|          2|   32|         64|
    |acc_2759_out_o                          |    9|          2|   32|         64|
    |acc_2760_out_o                          |    9|          2|   32|         64|
    |acc_2761_out_o                          |    9|          2|   32|         64|
    |acc_2762_out_o                          |    9|          2|   32|         64|
    |acc_2763_out_o                          |    9|          2|   32|         64|
    |acc_2764_out_o                          |    9|          2|   32|         64|
    |acc_2765_out_o                          |    9|          2|   32|         64|
    |acc_2766_out_o                          |    9|          2|   32|         64|
    |acc_2767_out_o                          |    9|          2|   32|         64|
    |acc_2768_out_o                          |    9|          2|   32|         64|
    |acc_2769_out_o                          |    9|          2|   32|         64|
    |acc_2770_out_o                          |    9|          2|   32|         64|
    |acc_2771_out_o                          |    9|          2|   32|         64|
    |acc_2772_out_o                          |    9|          2|   32|         64|
    |acc_2773_out_o                          |    9|          2|   32|         64|
    |acc_2774_out_o                          |    9|          2|   32|         64|
    |acc_2775_out_o                          |    9|          2|   32|         64|
    |acc_2776_out_o                          |    9|          2|   32|         64|
    |acc_2777_out_o                          |    9|          2|   32|         64|
    |acc_2778_out_o                          |    9|          2|   32|         64|
    |acc_2779_out_o                          |    9|          2|   32|         64|
    |acc_2780_out_o                          |    9|          2|   32|         64|
    |acc_2781_out_o                          |    9|          2|   32|         64|
    |acc_2782_out_o                          |    9|          2|   32|         64|
    |acc_2783_out_o                          |    9|          2|   32|         64|
    |acc_2784_out_o                          |    9|          2|   32|         64|
    |acc_2785_out_o                          |    9|          2|   32|         64|
    |acc_2786_out_o                          |    9|          2|   32|         64|
    |acc_2787_out_o                          |    9|          2|   32|         64|
    |acc_2788_out_o                          |    9|          2|   32|         64|
    |acc_2789_out_o                          |    9|          2|   32|         64|
    |acc_2790_out_o                          |    9|          2|   32|         64|
    |acc_2791_out_o                          |    9|          2|   32|         64|
    |acc_2792_out_o                          |    9|          2|   32|         64|
    |acc_2793_out_o                          |    9|          2|   32|         64|
    |acc_2794_out_o                          |    9|          2|   32|         64|
    |acc_2795_out_o                          |    9|          2|   32|         64|
    |acc_2796_out_o                          |    9|          2|   32|         64|
    |acc_2797_out_o                          |    9|          2|   32|         64|
    |acc_2798_out_o                          |    9|          2|   32|         64|
    |acc_2799_out_o                          |    9|          2|   32|         64|
    |acc_2800_out_o                          |    9|          2|   32|         64|
    |acc_2801_out_o                          |    9|          2|   32|         64|
    |acc_2802_out_o                          |    9|          2|   32|         64|
    |acc_2803_out_o                          |    9|          2|   32|         64|
    |acc_2804_out_o                          |    9|          2|   32|         64|
    |acc_2805_out_o                          |    9|          2|   32|         64|
    |acc_2806_out_o                          |    9|          2|   32|         64|
    |acc_2807_out_o                          |    9|          2|   32|         64|
    |acc_2808_out_o                          |    9|          2|   32|         64|
    |acc_2809_out_o                          |    9|          2|   32|         64|
    |acc_2810_out_o                          |    9|          2|   32|         64|
    |acc_2811_out_o                          |    9|          2|   32|         64|
    |acc_2812_out_o                          |    9|          2|   32|         64|
    |acc_2813_out_o                          |    9|          2|   32|         64|
    |acc_2814_out_o                          |    9|          2|   32|         64|
    |acc_2815_out_o                          |    9|          2|   32|         64|
    |acc_2816_out_o                          |    9|          2|   32|         64|
    |acc_2817_out_o                          |    9|          2|   32|         64|
    |acc_2818_out_o                          |    9|          2|   32|         64|
    |acc_2819_out_o                          |    9|          2|   32|         64|
    |acc_2820_out_o                          |    9|          2|   32|         64|
    |acc_2821_out_o                          |    9|          2|   32|         64|
    |acc_2822_out_o                          |    9|          2|   32|         64|
    |acc_2823_out_o                          |    9|          2|   32|         64|
    |acc_2824_out_o                          |    9|          2|   32|         64|
    |acc_2825_out_o                          |    9|          2|   32|         64|
    |acc_2826_out_o                          |    9|          2|   32|         64|
    |acc_2827_out_o                          |    9|          2|   32|         64|
    |acc_2828_out_o                          |    9|          2|   32|         64|
    |acc_2829_out_o                          |    9|          2|   32|         64|
    |acc_2830_out_o                          |    9|          2|   32|         64|
    |acc_2831_out_o                          |    9|          2|   32|         64|
    |acc_2832_out_o                          |    9|          2|   32|         64|
    |acc_2833_out_o                          |    9|          2|   32|         64|
    |acc_2834_out_o                          |    9|          2|   32|         64|
    |acc_2835_out_o                          |    9|          2|   32|         64|
    |acc_2836_out_o                          |    9|          2|   32|         64|
    |acc_2837_out_o                          |    9|          2|   32|         64|
    |acc_2838_out_o                          |    9|          2|   32|         64|
    |acc_2839_out_o                          |    9|          2|   32|         64|
    |acc_2840_out_o                          |    9|          2|   32|         64|
    |acc_2841_out_o                          |    9|          2|   32|         64|
    |acc_2842_out_o                          |    9|          2|   32|         64|
    |acc_2843_out_o                          |    9|          2|   32|         64|
    |acc_2844_out_o                          |    9|          2|   32|         64|
    |acc_2845_out_o                          |    9|          2|   32|         64|
    |acc_2846_out_o                          |    9|          2|   32|         64|
    |acc_2847_out_o                          |    9|          2|   32|         64|
    |acc_2848_out_o                          |    9|          2|   32|         64|
    |acc_2849_out_o                          |    9|          2|   32|         64|
    |acc_2850_out_o                          |    9|          2|   32|         64|
    |acc_2851_out_o                          |    9|          2|   32|         64|
    |acc_2852_out_o                          |    9|          2|   32|         64|
    |acc_2853_out_o                          |    9|          2|   32|         64|
    |acc_2854_out_o                          |    9|          2|   32|         64|
    |acc_2855_out_o                          |    9|          2|   32|         64|
    |acc_2856_out_o                          |    9|          2|   32|         64|
    |acc_2857_out_o                          |    9|          2|   32|         64|
    |acc_2858_out_o                          |    9|          2|   32|         64|
    |acc_2859_out_o                          |    9|          2|   32|         64|
    |acc_2860_out_o                          |    9|          2|   32|         64|
    |acc_2861_out_o                          |    9|          2|   32|         64|
    |acc_2862_out_o                          |    9|          2|   32|         64|
    |acc_2863_out_o                          |    9|          2|   32|         64|
    |acc_2864_out_o                          |    9|          2|   32|         64|
    |acc_2865_out_o                          |    9|          2|   32|         64|
    |acc_2866_out_o                          |    9|          2|   32|         64|
    |acc_2867_out_o                          |    9|          2|   32|         64|
    |acc_2868_out_o                          |    9|          2|   32|         64|
    |acc_2869_out_o                          |    9|          2|   32|         64|
    |acc_2870_out_o                          |    9|          2|   32|         64|
    |acc_2871_out_o                          |    9|          2|   32|         64|
    |acc_2872_out_o                          |    9|          2|   32|         64|
    |acc_2873_out_o                          |    9|          2|   32|         64|
    |acc_2874_out_o                          |    9|          2|   32|         64|
    |acc_2875_out_o                          |    9|          2|   32|         64|
    |acc_2876_out_o                          |    9|          2|   32|         64|
    |acc_2877_out_o                          |    9|          2|   32|         64|
    |acc_2878_out_o                          |    9|          2|   32|         64|
    |acc_2879_out_o                          |    9|          2|   32|         64|
    |acc_2880_out_o                          |    9|          2|   32|         64|
    |acc_2881_out_o                          |    9|          2|   32|         64|
    |acc_2882_out_o                          |    9|          2|   32|         64|
    |acc_2883_out_o                          |    9|          2|   32|         64|
    |acc_2884_out_o                          |    9|          2|   32|         64|
    |acc_2885_out_o                          |    9|          2|   32|         64|
    |acc_2886_out_o                          |    9|          2|   32|         64|
    |acc_2887_out_o                          |    9|          2|   32|         64|
    |acc_2888_out_o                          |    9|          2|   32|         64|
    |acc_2889_out_o                          |    9|          2|   32|         64|
    |acc_2890_out_o                          |    9|          2|   32|         64|
    |acc_2891_out_o                          |    9|          2|   32|         64|
    |acc_2892_out_o                          |    9|          2|   32|         64|
    |acc_2893_out_o                          |    9|          2|   32|         64|
    |acc_2894_out_o                          |    9|          2|   32|         64|
    |acc_2895_out_o                          |    9|          2|   32|         64|
    |acc_2896_out_o                          |    9|          2|   32|         64|
    |acc_2897_out_o                          |    9|          2|   32|         64|
    |acc_2898_out_o                          |    9|          2|   32|         64|
    |acc_2899_out_o                          |    9|          2|   32|         64|
    |acc_2900_out_o                          |    9|          2|   32|         64|
    |acc_2901_out_o                          |    9|          2|   32|         64|
    |acc_2902_out_o                          |    9|          2|   32|         64|
    |acc_2903_out_o                          |    9|          2|   32|         64|
    |acc_2904_out_o                          |    9|          2|   32|         64|
    |acc_2905_out_o                          |    9|          2|   32|         64|
    |acc_2906_out_o                          |    9|          2|   32|         64|
    |acc_2907_out_o                          |    9|          2|   32|         64|
    |acc_2908_out_o                          |    9|          2|   32|         64|
    |acc_2909_out_o                          |    9|          2|   32|         64|
    |acc_2910_out_o                          |    9|          2|   32|         64|
    |acc_2911_out_o                          |    9|          2|   32|         64|
    |acc_2912_out_o                          |    9|          2|   32|         64|
    |acc_2913_out_o                          |    9|          2|   32|         64|
    |acc_2914_out_o                          |    9|          2|   32|         64|
    |acc_2915_out_o                          |    9|          2|   32|         64|
    |acc_2916_out_o                          |    9|          2|   32|         64|
    |acc_2917_out_o                          |    9|          2|   32|         64|
    |acc_2918_out_o                          |    9|          2|   32|         64|
    |acc_2919_out_o                          |    9|          2|   32|         64|
    |acc_2920_out_o                          |    9|          2|   32|         64|
    |acc_2921_out_o                          |    9|          2|   32|         64|
    |acc_2922_out_o                          |    9|          2|   32|         64|
    |acc_2923_out_o                          |    9|          2|   32|         64|
    |acc_2924_out_o                          |    9|          2|   32|         64|
    |acc_2925_out_o                          |    9|          2|   32|         64|
    |acc_2926_out_o                          |    9|          2|   32|         64|
    |acc_2927_out_o                          |    9|          2|   32|         64|
    |acc_2928_out_o                          |    9|          2|   32|         64|
    |acc_2929_out_o                          |    9|          2|   32|         64|
    |acc_2930_out_o                          |    9|          2|   32|         64|
    |acc_2931_out_o                          |    9|          2|   32|         64|
    |acc_2932_out_o                          |    9|          2|   32|         64|
    |acc_2933_out_o                          |    9|          2|   32|         64|
    |acc_2934_out_o                          |    9|          2|   32|         64|
    |acc_2935_out_o                          |    9|          2|   32|         64|
    |acc_2936_out_o                          |    9|          2|   32|         64|
    |acc_2937_out_o                          |    9|          2|   32|         64|
    |acc_2938_out_o                          |    9|          2|   32|         64|
    |acc_2939_out_o                          |    9|          2|   32|         64|
    |acc_2940_out_o                          |    9|          2|   32|         64|
    |acc_2941_out_o                          |    9|          2|   32|         64|
    |acc_2942_out_o                          |    9|          2|   32|         64|
    |acc_2943_out_o                          |    9|          2|   32|         64|
    |acc_2944_out_o                          |    9|          2|   32|         64|
    |acc_2945_out_o                          |    9|          2|   32|         64|
    |acc_2946_out_o                          |    9|          2|   32|         64|
    |acc_2947_out_o                          |    9|          2|   32|         64|
    |acc_2948_out_o                          |    9|          2|   32|         64|
    |acc_2949_out_o                          |    9|          2|   32|         64|
    |acc_2950_out_o                          |    9|          2|   32|         64|
    |acc_2951_out_o                          |    9|          2|   32|         64|
    |acc_2952_out_o                          |    9|          2|   32|         64|
    |acc_2953_out_o                          |    9|          2|   32|         64|
    |acc_2954_out_o                          |    9|          2|   32|         64|
    |acc_2955_out_o                          |    9|          2|   32|         64|
    |acc_2956_out_o                          |    9|          2|   32|         64|
    |acc_2957_out_o                          |    9|          2|   32|         64|
    |acc_2958_out_o                          |    9|          2|   32|         64|
    |acc_2959_out_o                          |    9|          2|   32|         64|
    |acc_2960_out_o                          |    9|          2|   32|         64|
    |acc_2961_out_o                          |    9|          2|   32|         64|
    |acc_2962_out_o                          |    9|          2|   32|         64|
    |acc_2963_out_o                          |    9|          2|   32|         64|
    |acc_2964_out_o                          |    9|          2|   32|         64|
    |acc_2965_out_o                          |    9|          2|   32|         64|
    |acc_2966_out_o                          |    9|          2|   32|         64|
    |acc_2967_out_o                          |    9|          2|   32|         64|
    |acc_2968_out_o                          |    9|          2|   32|         64|
    |acc_2969_out_o                          |    9|          2|   32|         64|
    |acc_2970_out_o                          |    9|          2|   32|         64|
    |acc_2971_out_o                          |    9|          2|   32|         64|
    |acc_2972_out_o                          |    9|          2|   32|         64|
    |acc_2973_out_o                          |    9|          2|   32|         64|
    |acc_2974_out_o                          |    9|          2|   32|         64|
    |acc_2975_out_o                          |    9|          2|   32|         64|
    |acc_2976_out_o                          |    9|          2|   32|         64|
    |acc_2977_out_o                          |    9|          2|   32|         64|
    |acc_2978_out_o                          |    9|          2|   32|         64|
    |acc_2979_out_o                          |    9|          2|   32|         64|
    |acc_2980_out_o                          |    9|          2|   32|         64|
    |acc_2981_out_o                          |    9|          2|   32|         64|
    |acc_2982_out_o                          |    9|          2|   32|         64|
    |acc_2983_out_o                          |    9|          2|   32|         64|
    |acc_2984_out_o                          |    9|          2|   32|         64|
    |acc_2985_out_o                          |    9|          2|   32|         64|
    |acc_2986_out_o                          |    9|          2|   32|         64|
    |acc_2987_out_o                          |    9|          2|   32|         64|
    |acc_2988_out_o                          |    9|          2|   32|         64|
    |acc_2989_out_o                          |    9|          2|   32|         64|
    |acc_2990_out_o                          |    9|          2|   32|         64|
    |acc_2991_out_o                          |    9|          2|   32|         64|
    |acc_2992_out_o                          |    9|          2|   32|         64|
    |acc_2993_out_o                          |    9|          2|   32|         64|
    |acc_2994_out_o                          |    9|          2|   32|         64|
    |acc_2995_out_o                          |    9|          2|   32|         64|
    |acc_2996_out_o                          |    9|          2|   32|         64|
    |acc_2997_out_o                          |    9|          2|   32|         64|
    |acc_2998_out_o                          |    9|          2|   32|         64|
    |acc_2999_out_o                          |    9|          2|   32|         64|
    |acc_3000_out_o                          |    9|          2|   32|         64|
    |acc_3001_out_o                          |    9|          2|   32|         64|
    |acc_3002_out_o                          |    9|          2|   32|         64|
    |acc_3003_out_o                          |    9|          2|   32|         64|
    |acc_3004_out_o                          |    9|          2|   32|         64|
    |acc_3005_out_o                          |    9|          2|   32|         64|
    |acc_3006_out_o                          |    9|          2|   32|         64|
    |acc_3007_out_o                          |    9|          2|   32|         64|
    |ap_NS_fsm                               |   20|          4|    1|          4|
    |ap_done_int                             |    9|          2|    1|          2|
    |ap_enable_reg_pp0_iter0                 |    9|          2|    1|          2|
    |ap_enable_reg_pp0_iter1                 |    9|          2|    1|          2|
    |ap_enable_reg_pp0_iter152               |    9|          2|    1|          2|
    |ap_loop_exit_ready_pp0_iter100_reg      |    9|          2|    1|          2|
    |ap_loop_exit_ready_pp0_iter101_reg      |    9|          2|    1|          2|
    |ap_loop_exit_ready_pp0_iter102_reg      |    9|          2|    1|          2|
    |ap_loop_exit_ready_pp0_iter103_reg      |    9|          2|    1|          2|
    |ap_loop_exit_ready_pp0_iter104_reg      |    9|          2|    1|          2|
    |ap_loop_exit_ready_pp0_iter105_reg      |    9|          2|    1|          2|
    |ap_loop_exit_ready_pp0_iter106_reg      |    9|          2|    1|          2|
    |ap_loop_exit_ready_pp0_iter107_reg      |    9|          2|    1|          2|
    |ap_loop_exit_ready_pp0_iter108_reg      |    9|          2|    1|          2|
    |ap_loop_exit_ready_pp0_iter109_reg      |    9|          2|    1|          2|
    |ap_loop_exit_ready_pp0_iter10_reg       |    9|          2|    1|          2|
    |ap_loop_exit_ready_pp0_iter110_reg      |    9|          2|    1|          2|
    |ap_loop_exit_ready_pp0_iter111_reg      |    9|          2|    1|          2|
    |ap_loop_exit_ready_pp0_iter112_reg      |    9|          2|    1|          2|
    |ap_loop_exit_ready_pp0_iter113_reg      |    9|          2|    1|          2|
    |ap_loop_exit_ready_pp0_iter114_reg      |    9|          2|    1|          2|
    |ap_loop_exit_ready_pp0_iter115_reg      |    9|          2|    1|          2|
    |ap_loop_exit_ready_pp0_iter116_reg      |    9|          2|    1|          2|
    |ap_loop_exit_ready_pp0_iter117_reg      |    9|          2|    1|          2|
    |ap_loop_exit_ready_pp0_iter118_reg      |    9|          2|    1|          2|
    |ap_loop_exit_ready_pp0_iter119_reg      |    9|          2|    1|          2|
    |ap_loop_exit_ready_pp0_iter11_reg       |    9|          2|    1|          2|
    |ap_loop_exit_ready_pp0_iter120_reg      |    9|          2|    1|          2|
    |ap_loop_exit_ready_pp0_iter121_reg      |    9|          2|    1|          2|
    |ap_loop_exit_ready_pp0_iter122_reg      |    9|          2|    1|          2|
    |ap_loop_exit_ready_pp0_iter123_reg      |    9|          2|    1|          2|
    |ap_loop_exit_ready_pp0_iter124_reg      |    9|          2|    1|          2|
    |ap_loop_exit_ready_pp0_iter125_reg      |    9|          2|    1|          2|
    |ap_loop_exit_ready_pp0_iter126_reg      |    9|          2|    1|          2|
    |ap_loop_exit_ready_pp0_iter127_reg      |    9|          2|    1|          2|
    |ap_loop_exit_ready_pp0_iter128_reg      |    9|          2|    1|          2|
    |ap_loop_exit_ready_pp0_iter129_reg      |    9|          2|    1|          2|
    |ap_loop_exit_ready_pp0_iter12_reg       |    9|          2|    1|          2|
    |ap_loop_exit_ready_pp0_iter130_reg      |    9|          2|    1|          2|
    |ap_loop_exit_ready_pp0_iter131_reg      |    9|          2|    1|          2|
    |ap_loop_exit_ready_pp0_iter132_reg      |    9|          2|    1|          2|
    |ap_loop_exit_ready_pp0_iter133_reg      |    9|          2|    1|          2|
    |ap_loop_exit_ready_pp0_iter134_reg      |    9|          2|    1|          2|
    |ap_loop_exit_ready_pp0_iter135_reg      |    9|          2|    1|          2|
    |ap_loop_exit_ready_pp0_iter136_reg      |    9|          2|    1|          2|
    |ap_loop_exit_ready_pp0_iter137_reg      |    9|          2|    1|          2|
    |ap_loop_exit_ready_pp0_iter138_reg      |    9|          2|    1|          2|
    |ap_loop_exit_ready_pp0_iter139_reg      |    9|          2|    1|          2|
    |ap_loop_exit_ready_pp0_iter13_reg       |    9|          2|    1|          2|
    |ap_loop_exit_ready_pp0_iter140_reg      |    9|          2|    1|          2|
    |ap_loop_exit_ready_pp0_iter141_reg      |    9|          2|    1|          2|
    |ap_loop_exit_ready_pp0_iter142_reg      |    9|          2|    1|          2|
    |ap_loop_exit_ready_pp0_iter143_reg      |    9|          2|    1|          2|
    |ap_loop_exit_ready_pp0_iter144_reg      |    9|          2|    1|          2|
    |ap_loop_exit_ready_pp0_iter145_reg      |    9|          2|    1|          2|
    |ap_loop_exit_ready_pp0_iter146_reg      |    9|          2|    1|          2|
    |ap_loop_exit_ready_pp0_iter147_reg      |    9|          2|    1|          2|
    |ap_loop_exit_ready_pp0_iter148_reg      |    9|          2|    1|          2|
    |ap_loop_exit_ready_pp0_iter149_reg      |    9|          2|    1|          2|
    |ap_loop_exit_ready_pp0_iter14_reg       |    9|          2|    1|          2|
    |ap_loop_exit_ready_pp0_iter150_reg      |    9|          2|    1|          2|
    |ap_loop_exit_ready_pp0_iter151_reg      |    9|          2|    1|          2|
    |ap_loop_exit_ready_pp0_iter15_reg       |    9|          2|    1|          2|
    |ap_loop_exit_ready_pp0_iter16_reg       |    9|          2|    1|          2|
    |ap_loop_exit_ready_pp0_iter17_reg       |    9|          2|    1|          2|
    |ap_loop_exit_ready_pp0_iter18_reg       |    9|          2|    1|          2|
    |ap_loop_exit_ready_pp0_iter19_reg       |    9|          2|    1|          2|
    |ap_loop_exit_ready_pp0_iter1_reg        |    9|          2|    1|          2|
    |ap_loop_exit_ready_pp0_iter20_reg       |    9|          2|    1|          2|
    |ap_loop_exit_ready_pp0_iter21_reg       |    9|          2|    1|          2|
    |ap_loop_exit_ready_pp0_iter22_reg       |    9|          2|    1|          2|
    |ap_loop_exit_ready_pp0_iter23_reg       |    9|          2|    1|          2|
    |ap_loop_exit_ready_pp0_iter24_reg       |    9|          2|    1|          2|
    |ap_loop_exit_ready_pp0_iter25_reg       |    9|          2|    1|          2|
    |ap_loop_exit_ready_pp0_iter26_reg       |    9|          2|    1|          2|
    |ap_loop_exit_ready_pp0_iter27_reg       |    9|          2|    1|          2|
    |ap_loop_exit_ready_pp0_iter28_reg       |    9|          2|    1|          2|
    |ap_loop_exit_ready_pp0_iter29_reg       |    9|          2|    1|          2|
    |ap_loop_exit_ready_pp0_iter2_reg        |    9|          2|    1|          2|
    |ap_loop_exit_ready_pp0_iter30_reg       |    9|          2|    1|          2|
    |ap_loop_exit_ready_pp0_iter31_reg       |    9|          2|    1|          2|
    |ap_loop_exit_ready_pp0_iter32_reg       |    9|          2|    1|          2|
    |ap_loop_exit_ready_pp0_iter33_reg       |    9|          2|    1|          2|
    |ap_loop_exit_ready_pp0_iter34_reg       |    9|          2|    1|          2|
    |ap_loop_exit_ready_pp0_iter35_reg       |    9|          2|    1|          2|
    |ap_loop_exit_ready_pp0_iter36_reg       |    9|          2|    1|          2|
    |ap_loop_exit_ready_pp0_iter37_reg       |    9|          2|    1|          2|
    |ap_loop_exit_ready_pp0_iter38_reg       |    9|          2|    1|          2|
    |ap_loop_exit_ready_pp0_iter39_reg       |    9|          2|    1|          2|
    |ap_loop_exit_ready_pp0_iter3_reg        |    9|          2|    1|          2|
    |ap_loop_exit_ready_pp0_iter40_reg       |    9|          2|    1|          2|
    |ap_loop_exit_ready_pp0_iter41_reg       |    9|          2|    1|          2|
    |ap_loop_exit_ready_pp0_iter42_reg       |    9|          2|    1|          2|
    |ap_loop_exit_ready_pp0_iter43_reg       |    9|          2|    1|          2|
    |ap_loop_exit_ready_pp0_iter44_reg       |    9|          2|    1|          2|
    |ap_loop_exit_ready_pp0_iter45_reg       |    9|          2|    1|          2|
    |ap_loop_exit_ready_pp0_iter46_reg       |    9|          2|    1|          2|
    |ap_loop_exit_ready_pp0_iter47_reg       |    9|          2|    1|          2|
    |ap_loop_exit_ready_pp0_iter48_reg       |    9|          2|    1|          2|
    |ap_loop_exit_ready_pp0_iter49_reg       |    9|          2|    1|          2|
    |ap_loop_exit_ready_pp0_iter4_reg        |    9|          2|    1|          2|
    |ap_loop_exit_ready_pp0_iter50_reg       |    9|          2|    1|          2|
    |ap_loop_exit_ready_pp0_iter51_reg       |    9|          2|    1|          2|
    |ap_loop_exit_ready_pp0_iter52_reg       |    9|          2|    1|          2|
    |ap_loop_exit_ready_pp0_iter53_reg       |    9|          2|    1|          2|
    |ap_loop_exit_ready_pp0_iter54_reg       |    9|          2|    1|          2|
    |ap_loop_exit_ready_pp0_iter55_reg       |    9|          2|    1|          2|
    |ap_loop_exit_ready_pp0_iter56_reg       |    9|          2|    1|          2|
    |ap_loop_exit_ready_pp0_iter57_reg       |    9|          2|    1|          2|
    |ap_loop_exit_ready_pp0_iter58_reg       |    9|          2|    1|          2|
    |ap_loop_exit_ready_pp0_iter59_reg       |    9|          2|    1|          2|
    |ap_loop_exit_ready_pp0_iter5_reg        |    9|          2|    1|          2|
    |ap_loop_exit_ready_pp0_iter60_reg       |    9|          2|    1|          2|
    |ap_loop_exit_ready_pp0_iter61_reg       |    9|          2|    1|          2|
    |ap_loop_exit_ready_pp0_iter62_reg       |    9|          2|    1|          2|
    |ap_loop_exit_ready_pp0_iter63_reg       |    9|          2|    1|          2|
    |ap_loop_exit_ready_pp0_iter64_reg       |    9|          2|    1|          2|
    |ap_loop_exit_ready_pp0_iter65_reg       |    9|          2|    1|          2|
    |ap_loop_exit_ready_pp0_iter66_reg       |    9|          2|    1|          2|
    |ap_loop_exit_ready_pp0_iter67_reg       |    9|          2|    1|          2|
    |ap_loop_exit_ready_pp0_iter68_reg       |    9|          2|    1|          2|
    |ap_loop_exit_ready_pp0_iter69_reg       |    9|          2|    1|          2|
    |ap_loop_exit_ready_pp0_iter6_reg        |    9|          2|    1|          2|
    |ap_loop_exit_ready_pp0_iter70_reg       |    9|          2|    1|          2|
    |ap_loop_exit_ready_pp0_iter71_reg       |    9|          2|    1|          2|
    |ap_loop_exit_ready_pp0_iter72_reg       |    9|          2|    1|          2|
    |ap_loop_exit_ready_pp0_iter73_reg       |    9|          2|    1|          2|
    |ap_loop_exit_ready_pp0_iter74_reg       |    9|          2|    1|          2|
    |ap_loop_exit_ready_pp0_iter75_reg       |    9|          2|    1|          2|
    |ap_loop_exit_ready_pp0_iter76_reg       |    9|          2|    1|          2|
    |ap_loop_exit_ready_pp0_iter77_reg       |    9|          2|    1|          2|
    |ap_loop_exit_ready_pp0_iter78_reg       |    9|          2|    1|          2|
    |ap_loop_exit_ready_pp0_iter79_reg       |    9|          2|    1|          2|
    |ap_loop_exit_ready_pp0_iter7_reg        |    9|          2|    1|          2|
    |ap_loop_exit_ready_pp0_iter80_reg       |    9|          2|    1|          2|
    |ap_loop_exit_ready_pp0_iter81_reg       |    9|          2|    1|          2|
    |ap_loop_exit_ready_pp0_iter82_reg       |    9|          2|    1|          2|
    |ap_loop_exit_ready_pp0_iter83_reg       |    9|          2|    1|          2|
    |ap_loop_exit_ready_pp0_iter84_reg       |    9|          2|    1|          2|
    |ap_loop_exit_ready_pp0_iter85_reg       |    9|          2|    1|          2|
    |ap_loop_exit_ready_pp0_iter86_reg       |    9|          2|    1|          2|
    |ap_loop_exit_ready_pp0_iter87_reg       |    9|          2|    1|          2|
    |ap_loop_exit_ready_pp0_iter88_reg       |    9|          2|    1|          2|
    |ap_loop_exit_ready_pp0_iter89_reg       |    9|          2|    1|          2|
    |ap_loop_exit_ready_pp0_iter8_reg        |    9|          2|    1|          2|
    |ap_loop_exit_ready_pp0_iter90_reg       |    9|          2|    1|          2|
    |ap_loop_exit_ready_pp0_iter91_reg       |    9|          2|    1|          2|
    |ap_loop_exit_ready_pp0_iter92_reg       |    9|          2|    1|          2|
    |ap_loop_exit_ready_pp0_iter93_reg       |    9|          2|    1|          2|
    |ap_loop_exit_ready_pp0_iter94_reg       |    9|          2|    1|          2|
    |ap_loop_exit_ready_pp0_iter95_reg       |    9|          2|    1|          2|
    |ap_loop_exit_ready_pp0_iter96_reg       |    9|          2|    1|          2|
    |ap_loop_exit_ready_pp0_iter97_reg       |    9|          2|    1|          2|
    |ap_loop_exit_ready_pp0_iter98_reg       |    9|          2|    1|          2|
    |ap_loop_exit_ready_pp0_iter99_reg       |    9|          2|    1|          2|
    |ap_loop_exit_ready_pp0_iter9_reg        |    9|          2|    1|          2|
    |ap_sig_allocacmp_acc_2496_out_load      |    9|          2|   32|         64|
    |ap_sig_allocacmp_acc_2497_out_load      |    9|          2|   32|         64|
    |ap_sig_allocacmp_acc_2498_out_load      |    9|          2|   32|         64|
    |ap_sig_allocacmp_acc_2499_out_load      |    9|          2|   32|         64|
    |ap_sig_allocacmp_acc_2500_out_load      |    9|          2|   32|         64|
    |ap_sig_allocacmp_acc_2501_out_load      |    9|          2|   32|         64|
    |ap_sig_allocacmp_acc_2502_out_load      |    9|          2|   32|         64|
    |ap_sig_allocacmp_acc_2503_out_load      |    9|          2|   32|         64|
    |ap_sig_allocacmp_acc_2504_out_load      |    9|          2|   32|         64|
    |ap_sig_allocacmp_acc_2505_out_load      |    9|          2|   32|         64|
    |ap_sig_allocacmp_acc_2506_out_load      |    9|          2|   32|         64|
    |ap_sig_allocacmp_acc_2507_out_load      |    9|          2|   32|         64|
    |ap_sig_allocacmp_acc_2508_out_load      |    9|          2|   32|         64|
    |ap_sig_allocacmp_acc_2509_out_load      |    9|          2|   32|         64|
    |ap_sig_allocacmp_acc_2510_out_load      |    9|          2|   32|         64|
    |ap_sig_allocacmp_acc_2511_out_load      |    9|          2|   32|         64|
    |ap_sig_allocacmp_acc_2512_out_load      |    9|          2|   32|         64|
    |ap_sig_allocacmp_acc_2513_out_load      |    9|          2|   32|         64|
    |ap_sig_allocacmp_acc_2514_out_load      |    9|          2|   32|         64|
    |ap_sig_allocacmp_acc_2515_out_load      |    9|          2|   32|         64|
    |ap_sig_allocacmp_acc_2516_out_load      |    9|          2|   32|         64|
    |ap_sig_allocacmp_acc_2517_out_load      |    9|          2|   32|         64|
    |ap_sig_allocacmp_acc_2518_out_load      |    9|          2|   32|         64|
    |ap_sig_allocacmp_acc_2519_out_load      |    9|          2|   32|         64|
    |ap_sig_allocacmp_acc_2520_out_load      |    9|          2|   32|         64|
    |ap_sig_allocacmp_acc_2521_out_load      |    9|          2|   32|         64|
    |ap_sig_allocacmp_acc_2522_out_load      |    9|          2|   32|         64|
    |ap_sig_allocacmp_acc_2523_out_load      |    9|          2|   32|         64|
    |ap_sig_allocacmp_acc_2524_out_load      |    9|          2|   32|         64|
    |ap_sig_allocacmp_acc_2525_out_load      |    9|          2|   32|         64|
    |ap_sig_allocacmp_acc_2526_out_load      |    9|          2|   32|         64|
    |ap_sig_allocacmp_acc_2527_out_load      |    9|          2|   32|         64|
    |ap_sig_allocacmp_acc_2528_out_load      |    9|          2|   32|         64|
    |ap_sig_allocacmp_acc_2529_out_load      |    9|          2|   32|         64|
    |ap_sig_allocacmp_acc_2530_out_load      |    9|          2|   32|         64|
    |ap_sig_allocacmp_acc_2531_out_load      |    9|          2|   32|         64|
    |ap_sig_allocacmp_acc_2532_out_load      |    9|          2|   32|         64|
    |ap_sig_allocacmp_acc_2533_out_load      |    9|          2|   32|         64|
    |ap_sig_allocacmp_acc_2534_out_load      |    9|          2|   32|         64|
    |ap_sig_allocacmp_acc_2535_out_load      |    9|          2|   32|         64|
    |ap_sig_allocacmp_acc_2536_out_load      |    9|          2|   32|         64|
    |ap_sig_allocacmp_acc_2537_out_load      |    9|          2|   32|         64|
    |ap_sig_allocacmp_acc_2538_out_load      |    9|          2|   32|         64|
    |ap_sig_allocacmp_acc_2539_out_load      |    9|          2|   32|         64|
    |ap_sig_allocacmp_acc_2540_out_load      |    9|          2|   32|         64|
    |ap_sig_allocacmp_acc_2541_out_load      |    9|          2|   32|         64|
    |ap_sig_allocacmp_acc_2542_out_load      |    9|          2|   32|         64|
    |ap_sig_allocacmp_acc_2543_out_load      |    9|          2|   32|         64|
    |ap_sig_allocacmp_acc_2544_out_load      |    9|          2|   32|         64|
    |ap_sig_allocacmp_acc_2545_out_load      |    9|          2|   32|         64|
    |ap_sig_allocacmp_acc_2546_out_load      |    9|          2|   32|         64|
    |ap_sig_allocacmp_acc_2547_out_load      |    9|          2|   32|         64|
    |ap_sig_allocacmp_acc_2548_out_load      |    9|          2|   32|         64|
    |ap_sig_allocacmp_acc_2549_out_load      |    9|          2|   32|         64|
    |ap_sig_allocacmp_acc_2550_out_load      |    9|          2|   32|         64|
    |ap_sig_allocacmp_acc_2551_out_load      |    9|          2|   32|         64|
    |ap_sig_allocacmp_acc_2552_out_load      |    9|          2|   32|         64|
    |ap_sig_allocacmp_acc_2553_out_load      |    9|          2|   32|         64|
    |ap_sig_allocacmp_acc_2554_out_load      |    9|          2|   32|         64|
    |ap_sig_allocacmp_acc_2555_out_load      |    9|          2|   32|         64|
    |ap_sig_allocacmp_acc_2556_out_load      |    9|          2|   32|         64|
    |ap_sig_allocacmp_acc_2557_out_load      |    9|          2|   32|         64|
    |ap_sig_allocacmp_acc_2558_out_load      |    9|          2|   32|         64|
    |ap_sig_allocacmp_acc_2559_out_load      |    9|          2|   32|         64|
    |ap_sig_allocacmp_acc_2560_out_load      |    9|          2|   32|         64|
    |ap_sig_allocacmp_acc_2561_out_load      |    9|          2|   32|         64|
    |ap_sig_allocacmp_acc_2562_out_load      |    9|          2|   32|         64|
    |ap_sig_allocacmp_acc_2563_out_load      |    9|          2|   32|         64|
    |ap_sig_allocacmp_acc_2564_out_load      |    9|          2|   32|         64|
    |ap_sig_allocacmp_acc_2565_out_load      |    9|          2|   32|         64|
    |ap_sig_allocacmp_acc_2566_out_load      |    9|          2|   32|         64|
    |ap_sig_allocacmp_acc_2567_out_load      |    9|          2|   32|         64|
    |ap_sig_allocacmp_acc_2568_out_load      |    9|          2|   32|         64|
    |ap_sig_allocacmp_acc_2569_out_load      |    9|          2|   32|         64|
    |ap_sig_allocacmp_acc_2570_out_load      |    9|          2|   32|         64|
    |ap_sig_allocacmp_acc_2571_out_load      |    9|          2|   32|         64|
    |ap_sig_allocacmp_acc_2572_out_load      |    9|          2|   32|         64|
    |ap_sig_allocacmp_acc_2573_out_load      |    9|          2|   32|         64|
    |ap_sig_allocacmp_acc_2574_out_load      |    9|          2|   32|         64|
    |ap_sig_allocacmp_acc_2575_out_load      |    9|          2|   32|         64|
    |ap_sig_allocacmp_acc_2576_out_load      |    9|          2|   32|         64|
    |ap_sig_allocacmp_acc_2577_out_load      |    9|          2|   32|         64|
    |ap_sig_allocacmp_acc_2578_out_load      |    9|          2|   32|         64|
    |ap_sig_allocacmp_acc_2579_out_load      |    9|          2|   32|         64|
    |ap_sig_allocacmp_acc_2580_out_load      |    9|          2|   32|         64|
    |ap_sig_allocacmp_acc_2581_out_load      |    9|          2|   32|         64|
    |ap_sig_allocacmp_acc_2582_out_load      |    9|          2|   32|         64|
    |ap_sig_allocacmp_acc_2583_out_load      |    9|          2|   32|         64|
    |ap_sig_allocacmp_acc_2584_out_load      |    9|          2|   32|         64|
    |ap_sig_allocacmp_acc_2585_out_load      |    9|          2|   32|         64|
    |ap_sig_allocacmp_acc_2586_out_load      |    9|          2|   32|         64|
    |ap_sig_allocacmp_acc_2587_out_load      |    9|          2|   32|         64|
    |ap_sig_allocacmp_acc_2588_out_load      |    9|          2|   32|         64|
    |ap_sig_allocacmp_acc_2589_out_load      |    9|          2|   32|         64|
    |ap_sig_allocacmp_acc_2590_out_load      |    9|          2|   32|         64|
    |ap_sig_allocacmp_acc_2591_out_load      |    9|          2|   32|         64|
    |ap_sig_allocacmp_acc_2592_out_load      |    9|          2|   32|         64|
    |ap_sig_allocacmp_acc_2593_out_load      |    9|          2|   32|         64|
    |ap_sig_allocacmp_acc_2594_out_load      |    9|          2|   32|         64|
    |ap_sig_allocacmp_acc_2595_out_load      |    9|          2|   32|         64|
    |ap_sig_allocacmp_acc_2596_out_load      |    9|          2|   32|         64|
    |ap_sig_allocacmp_acc_2597_out_load      |    9|          2|   32|         64|
    |ap_sig_allocacmp_acc_2598_out_load      |    9|          2|   32|         64|
    |ap_sig_allocacmp_acc_2599_out_load      |    9|          2|   32|         64|
    |ap_sig_allocacmp_acc_2600_out_load      |    9|          2|   32|         64|
    |ap_sig_allocacmp_acc_2601_out_load      |    9|          2|   32|         64|
    |ap_sig_allocacmp_acc_2602_out_load      |    9|          2|   32|         64|
    |ap_sig_allocacmp_acc_2603_out_load      |    9|          2|   32|         64|
    |ap_sig_allocacmp_acc_2604_out_load      |    9|          2|   32|         64|
    |ap_sig_allocacmp_acc_2605_out_load      |    9|          2|   32|         64|
    |ap_sig_allocacmp_acc_2606_out_load      |    9|          2|   32|         64|
    |ap_sig_allocacmp_acc_2607_out_load      |    9|          2|   32|         64|
    |ap_sig_allocacmp_acc_2608_out_load      |    9|          2|   32|         64|
    |ap_sig_allocacmp_acc_2609_out_load      |    9|          2|   32|         64|
    |ap_sig_allocacmp_acc_2610_out_load      |    9|          2|   32|         64|
    |ap_sig_allocacmp_acc_2611_out_load      |    9|          2|   32|         64|
    |ap_sig_allocacmp_acc_2612_out_load      |    9|          2|   32|         64|
    |ap_sig_allocacmp_acc_2613_out_load      |    9|          2|   32|         64|
    |ap_sig_allocacmp_acc_2614_out_load      |    9|          2|   32|         64|
    |ap_sig_allocacmp_acc_2615_out_load      |    9|          2|   32|         64|
    |ap_sig_allocacmp_acc_2616_out_load      |    9|          2|   32|         64|
    |ap_sig_allocacmp_acc_2617_out_load      |    9|          2|   32|         64|
    |ap_sig_allocacmp_acc_2618_out_load      |    9|          2|   32|         64|
    |ap_sig_allocacmp_acc_2619_out_load      |    9|          2|   32|         64|
    |ap_sig_allocacmp_acc_2620_out_load      |    9|          2|   32|         64|
    |ap_sig_allocacmp_acc_2621_out_load      |    9|          2|   32|         64|
    |ap_sig_allocacmp_acc_2622_out_load      |    9|          2|   32|         64|
    |ap_sig_allocacmp_acc_2623_out_load      |    9|          2|   32|         64|
    |ap_sig_allocacmp_acc_2624_out_load      |    9|          2|   32|         64|
    |ap_sig_allocacmp_acc_2625_out_load      |    9|          2|   32|         64|
    |ap_sig_allocacmp_acc_2626_out_load      |    9|          2|   32|         64|
    |ap_sig_allocacmp_acc_2627_out_load      |    9|          2|   32|         64|
    |ap_sig_allocacmp_acc_2628_out_load      |    9|          2|   32|         64|
    |ap_sig_allocacmp_acc_2629_out_load      |    9|          2|   32|         64|
    |ap_sig_allocacmp_acc_2630_out_load      |    9|          2|   32|         64|
    |ap_sig_allocacmp_acc_2631_out_load      |    9|          2|   32|         64|
    |ap_sig_allocacmp_acc_2632_out_load      |    9|          2|   32|         64|
    |ap_sig_allocacmp_acc_2633_out_load      |    9|          2|   32|         64|
    |ap_sig_allocacmp_acc_2634_out_load      |    9|          2|   32|         64|
    |ap_sig_allocacmp_acc_2635_out_load      |    9|          2|   32|         64|
    |ap_sig_allocacmp_acc_2636_out_load      |    9|          2|   32|         64|
    |ap_sig_allocacmp_acc_2637_out_load      |    9|          2|   32|         64|
    |ap_sig_allocacmp_acc_2638_out_load      |    9|          2|   32|         64|
    |ap_sig_allocacmp_acc_2639_out_load      |    9|          2|   32|         64|
    |ap_sig_allocacmp_acc_2640_out_load      |    9|          2|   32|         64|
    |ap_sig_allocacmp_acc_2641_out_load      |    9|          2|   32|         64|
    |ap_sig_allocacmp_acc_2642_out_load      |    9|          2|   32|         64|
    |ap_sig_allocacmp_acc_2643_out_load      |    9|          2|   32|         64|
    |ap_sig_allocacmp_acc_2644_out_load      |    9|          2|   32|         64|
    |ap_sig_allocacmp_acc_2645_out_load      |    9|          2|   32|         64|
    |ap_sig_allocacmp_acc_2646_out_load      |    9|          2|   32|         64|
    |ap_sig_allocacmp_acc_2647_out_load      |    9|          2|   32|         64|
    |ap_sig_allocacmp_acc_2648_out_load      |    9|          2|   32|         64|
    |ap_sig_allocacmp_acc_2649_out_load      |    9|          2|   32|         64|
    |ap_sig_allocacmp_acc_2650_out_load      |    9|          2|   32|         64|
    |ap_sig_allocacmp_acc_2651_out_load      |    9|          2|   32|         64|
    |ap_sig_allocacmp_acc_2652_out_load      |    9|          2|   32|         64|
    |ap_sig_allocacmp_acc_2653_out_load      |    9|          2|   32|         64|
    |ap_sig_allocacmp_acc_2654_out_load      |    9|          2|   32|         64|
    |ap_sig_allocacmp_acc_2655_out_load      |    9|          2|   32|         64|
    |ap_sig_allocacmp_acc_2656_out_load      |    9|          2|   32|         64|
    |ap_sig_allocacmp_acc_2657_out_load      |    9|          2|   32|         64|
    |ap_sig_allocacmp_acc_2658_out_load      |    9|          2|   32|         64|
    |ap_sig_allocacmp_acc_2659_out_load      |    9|          2|   32|         64|
    |ap_sig_allocacmp_acc_2660_out_load      |    9|          2|   32|         64|
    |ap_sig_allocacmp_acc_2661_out_load      |    9|          2|   32|         64|
    |ap_sig_allocacmp_acc_2662_out_load      |    9|          2|   32|         64|
    |ap_sig_allocacmp_acc_2663_out_load      |    9|          2|   32|         64|
    |ap_sig_allocacmp_acc_2664_out_load      |    9|          2|   32|         64|
    |ap_sig_allocacmp_acc_2665_out_load      |    9|          2|   32|         64|
    |ap_sig_allocacmp_acc_2666_out_load      |    9|          2|   32|         64|
    |ap_sig_allocacmp_acc_2667_out_load      |    9|          2|   32|         64|
    |ap_sig_allocacmp_acc_2668_out_load      |    9|          2|   32|         64|
    |ap_sig_allocacmp_acc_2669_out_load      |    9|          2|   32|         64|
    |ap_sig_allocacmp_acc_2670_out_load      |    9|          2|   32|         64|
    |ap_sig_allocacmp_acc_2671_out_load      |    9|          2|   32|         64|
    |ap_sig_allocacmp_acc_2672_out_load      |    9|          2|   32|         64|
    |ap_sig_allocacmp_acc_2673_out_load      |    9|          2|   32|         64|
    |ap_sig_allocacmp_acc_2674_out_load      |    9|          2|   32|         64|
    |ap_sig_allocacmp_acc_2675_out_load      |    9|          2|   32|         64|
    |ap_sig_allocacmp_acc_2676_out_load      |    9|          2|   32|         64|
    |ap_sig_allocacmp_acc_2677_out_load      |    9|          2|   32|         64|
    |ap_sig_allocacmp_acc_2678_out_load      |    9|          2|   32|         64|
    |ap_sig_allocacmp_acc_2679_out_load      |    9|          2|   32|         64|
    |ap_sig_allocacmp_acc_2680_out_load      |    9|          2|   32|         64|
    |ap_sig_allocacmp_acc_2681_out_load      |    9|          2|   32|         64|
    |ap_sig_allocacmp_acc_2682_out_load      |    9|          2|   32|         64|
    |ap_sig_allocacmp_acc_2683_out_load      |    9|          2|   32|         64|
    |ap_sig_allocacmp_acc_2684_out_load      |    9|          2|   32|         64|
    |ap_sig_allocacmp_acc_2685_out_load      |    9|          2|   32|         64|
    |ap_sig_allocacmp_acc_2686_out_load      |    9|          2|   32|         64|
    |ap_sig_allocacmp_acc_2687_out_load      |    9|          2|   32|         64|
    |ap_sig_allocacmp_acc_2688_out_load      |    9|          2|   32|         64|
    |ap_sig_allocacmp_acc_2689_out_load      |    9|          2|   32|         64|
    |ap_sig_allocacmp_acc_2690_out_load      |    9|          2|   32|         64|
    |ap_sig_allocacmp_acc_2691_out_load      |    9|          2|   32|         64|
    |ap_sig_allocacmp_acc_2692_out_load      |    9|          2|   32|         64|
    |ap_sig_allocacmp_acc_2693_out_load      |    9|          2|   32|         64|
    |ap_sig_allocacmp_acc_2694_out_load      |    9|          2|   32|         64|
    |ap_sig_allocacmp_acc_2695_out_load      |    9|          2|   32|         64|
    |ap_sig_allocacmp_acc_2696_out_load      |    9|          2|   32|         64|
    |ap_sig_allocacmp_acc_2697_out_load      |    9|          2|   32|         64|
    |ap_sig_allocacmp_acc_2698_out_load      |    9|          2|   32|         64|
    |ap_sig_allocacmp_acc_2699_out_load      |    9|          2|   32|         64|
    |ap_sig_allocacmp_acc_2700_out_load      |    9|          2|   32|         64|
    |ap_sig_allocacmp_acc_2701_out_load      |    9|          2|   32|         64|
    |ap_sig_allocacmp_acc_2702_out_load      |    9|          2|   32|         64|
    |ap_sig_allocacmp_acc_2703_out_load      |    9|          2|   32|         64|
    |ap_sig_allocacmp_acc_2704_out_load      |    9|          2|   32|         64|
    |ap_sig_allocacmp_acc_2705_out_load      |    9|          2|   32|         64|
    |ap_sig_allocacmp_acc_2706_out_load      |    9|          2|   32|         64|
    |ap_sig_allocacmp_acc_2707_out_load      |    9|          2|   32|         64|
    |ap_sig_allocacmp_acc_2708_out_load      |    9|          2|   32|         64|
    |ap_sig_allocacmp_acc_2709_out_load      |    9|          2|   32|         64|
    |ap_sig_allocacmp_acc_2710_out_load      |    9|          2|   32|         64|
    |ap_sig_allocacmp_acc_2711_out_load      |    9|          2|   32|         64|
    |ap_sig_allocacmp_acc_2712_out_load      |    9|          2|   32|         64|
    |ap_sig_allocacmp_acc_2713_out_load      |    9|          2|   32|         64|
    |ap_sig_allocacmp_acc_2714_out_load      |    9|          2|   32|         64|
    |ap_sig_allocacmp_acc_2715_out_load      |    9|          2|   32|         64|
    |ap_sig_allocacmp_acc_2716_out_load      |    9|          2|   32|         64|
    |ap_sig_allocacmp_acc_2717_out_load      |    9|          2|   32|         64|
    |ap_sig_allocacmp_acc_2718_out_load      |    9|          2|   32|         64|
    |ap_sig_allocacmp_acc_2719_out_load      |    9|          2|   32|         64|
    |ap_sig_allocacmp_acc_2720_out_load      |    9|          2|   32|         64|
    |ap_sig_allocacmp_acc_2721_out_load      |    9|          2|   32|         64|
    |ap_sig_allocacmp_acc_2722_out_load      |    9|          2|   32|         64|
    |ap_sig_allocacmp_acc_2723_out_load      |    9|          2|   32|         64|
    |ap_sig_allocacmp_acc_2724_out_load      |    9|          2|   32|         64|
    |ap_sig_allocacmp_acc_2725_out_load      |    9|          2|   32|         64|
    |ap_sig_allocacmp_acc_2726_out_load      |    9|          2|   32|         64|
    |ap_sig_allocacmp_acc_2727_out_load      |    9|          2|   32|         64|
    |ap_sig_allocacmp_acc_2728_out_load      |    9|          2|   32|         64|
    |ap_sig_allocacmp_acc_2729_out_load      |    9|          2|   32|         64|
    |ap_sig_allocacmp_acc_2730_out_load      |    9|          2|   32|         64|
    |ap_sig_allocacmp_acc_2731_out_load      |    9|          2|   32|         64|
    |ap_sig_allocacmp_acc_2732_out_load      |    9|          2|   32|         64|
    |ap_sig_allocacmp_acc_2733_out_load      |    9|          2|   32|         64|
    |ap_sig_allocacmp_acc_2734_out_load      |    9|          2|   32|         64|
    |ap_sig_allocacmp_acc_2735_out_load      |    9|          2|   32|         64|
    |ap_sig_allocacmp_acc_2736_out_load      |    9|          2|   32|         64|
    |ap_sig_allocacmp_acc_2737_out_load      |    9|          2|   32|         64|
    |ap_sig_allocacmp_acc_2738_out_load      |    9|          2|   32|         64|
    |ap_sig_allocacmp_acc_2739_out_load      |    9|          2|   32|         64|
    |ap_sig_allocacmp_acc_2740_out_load      |    9|          2|   32|         64|
    |ap_sig_allocacmp_acc_2741_out_load      |    9|          2|   32|         64|
    |ap_sig_allocacmp_acc_2742_out_load      |    9|          2|   32|         64|
    |ap_sig_allocacmp_acc_2743_out_load      |    9|          2|   32|         64|
    |ap_sig_allocacmp_acc_2744_out_load      |    9|          2|   32|         64|
    |ap_sig_allocacmp_acc_2745_out_load      |    9|          2|   32|         64|
    |ap_sig_allocacmp_acc_2746_out_load      |    9|          2|   32|         64|
    |ap_sig_allocacmp_acc_2747_out_load      |    9|          2|   32|         64|
    |ap_sig_allocacmp_acc_2748_out_load      |    9|          2|   32|         64|
    |ap_sig_allocacmp_acc_2749_out_load      |    9|          2|   32|         64|
    |ap_sig_allocacmp_acc_2750_out_load      |    9|          2|   32|         64|
    |ap_sig_allocacmp_acc_2751_out_load      |    9|          2|   32|         64|
    |ap_sig_allocacmp_acc_2752_out_load      |    9|          2|   32|         64|
    |ap_sig_allocacmp_acc_2753_out_load      |    9|          2|   32|         64|
    |ap_sig_allocacmp_acc_2754_out_load      |    9|          2|   32|         64|
    |ap_sig_allocacmp_acc_2755_out_load      |    9|          2|   32|         64|
    |ap_sig_allocacmp_acc_2756_out_load      |    9|          2|   32|         64|
    |ap_sig_allocacmp_acc_2757_out_load      |    9|          2|   32|         64|
    |ap_sig_allocacmp_acc_2758_out_load      |    9|          2|   32|         64|
    |ap_sig_allocacmp_acc_2759_out_load      |    9|          2|   32|         64|
    |ap_sig_allocacmp_acc_2760_out_load      |    9|          2|   32|         64|
    |ap_sig_allocacmp_acc_2761_out_load      |    9|          2|   32|         64|
    |ap_sig_allocacmp_acc_2762_out_load      |    9|          2|   32|         64|
    |ap_sig_allocacmp_acc_2763_out_load      |    9|          2|   32|         64|
    |ap_sig_allocacmp_acc_2764_out_load      |    9|          2|   32|         64|
    |ap_sig_allocacmp_acc_2765_out_load      |    9|          2|   32|         64|
    |ap_sig_allocacmp_acc_2766_out_load      |    9|          2|   32|         64|
    |ap_sig_allocacmp_acc_2767_out_load      |    9|          2|   32|         64|
    |ap_sig_allocacmp_acc_2768_out_load      |    9|          2|   32|         64|
    |ap_sig_allocacmp_acc_2769_out_load      |    9|          2|   32|         64|
    |ap_sig_allocacmp_acc_2770_out_load      |    9|          2|   32|         64|
    |ap_sig_allocacmp_acc_2771_out_load      |    9|          2|   32|         64|
    |ap_sig_allocacmp_acc_2772_out_load      |    9|          2|   32|         64|
    |ap_sig_allocacmp_acc_2773_out_load      |    9|          2|   32|         64|
    |ap_sig_allocacmp_acc_2774_out_load      |    9|          2|   32|         64|
    |ap_sig_allocacmp_acc_2775_out_load      |    9|          2|   32|         64|
    |ap_sig_allocacmp_acc_2776_out_load      |    9|          2|   32|         64|
    |ap_sig_allocacmp_acc_2777_out_load      |    9|          2|   32|         64|
    |ap_sig_allocacmp_acc_2778_out_load      |    9|          2|   32|         64|
    |ap_sig_allocacmp_acc_2779_out_load      |    9|          2|   32|         64|
    |ap_sig_allocacmp_acc_2780_out_load      |    9|          2|   32|         64|
    |ap_sig_allocacmp_acc_2781_out_load      |    9|          2|   32|         64|
    |ap_sig_allocacmp_acc_2782_out_load      |    9|          2|   32|         64|
    |ap_sig_allocacmp_acc_2783_out_load      |    9|          2|   32|         64|
    |ap_sig_allocacmp_acc_2784_out_load      |    9|          2|   32|         64|
    |ap_sig_allocacmp_acc_2785_out_load      |    9|          2|   32|         64|
    |ap_sig_allocacmp_acc_2786_out_load      |    9|          2|   32|         64|
    |ap_sig_allocacmp_acc_2787_out_load      |    9|          2|   32|         64|
    |ap_sig_allocacmp_acc_2788_out_load      |    9|          2|   32|         64|
    |ap_sig_allocacmp_acc_2789_out_load      |    9|          2|   32|         64|
    |ap_sig_allocacmp_acc_2790_out_load      |    9|          2|   32|         64|
    |ap_sig_allocacmp_acc_2791_out_load      |    9|          2|   32|         64|
    |ap_sig_allocacmp_acc_2792_out_load      |    9|          2|   32|         64|
    |ap_sig_allocacmp_acc_2793_out_load      |    9|          2|   32|         64|
    |ap_sig_allocacmp_acc_2794_out_load      |    9|          2|   32|         64|
    |ap_sig_allocacmp_acc_2795_out_load      |    9|          2|   32|         64|
    |ap_sig_allocacmp_acc_2796_out_load      |    9|          2|   32|         64|
    |ap_sig_allocacmp_acc_2797_out_load      |    9|          2|   32|         64|
    |ap_sig_allocacmp_acc_2798_out_load      |    9|          2|   32|         64|
    |ap_sig_allocacmp_acc_2799_out_load      |    9|          2|   32|         64|
    |ap_sig_allocacmp_acc_2800_out_load      |    9|          2|   32|         64|
    |ap_sig_allocacmp_acc_2801_out_load      |    9|          2|   32|         64|
    |ap_sig_allocacmp_acc_2802_out_load      |    9|          2|   32|         64|
    |ap_sig_allocacmp_acc_2803_out_load      |    9|          2|   32|         64|
    |ap_sig_allocacmp_acc_2804_out_load      |    9|          2|   32|         64|
    |ap_sig_allocacmp_acc_2805_out_load      |    9|          2|   32|         64|
    |ap_sig_allocacmp_acc_2806_out_load      |    9|          2|   32|         64|
    |ap_sig_allocacmp_acc_2807_out_load      |    9|          2|   32|         64|
    |ap_sig_allocacmp_acc_2808_out_load      |    9|          2|   32|         64|
    |ap_sig_allocacmp_acc_2809_out_load      |    9|          2|   32|         64|
    |ap_sig_allocacmp_acc_2810_out_load      |    9|          2|   32|         64|
    |ap_sig_allocacmp_acc_2811_out_load      |    9|          2|   32|         64|
    |ap_sig_allocacmp_acc_2812_out_load      |    9|          2|   32|         64|
    |ap_sig_allocacmp_acc_2813_out_load      |    9|          2|   32|         64|
    |ap_sig_allocacmp_acc_2814_out_load      |    9|          2|   32|         64|
    |ap_sig_allocacmp_acc_2815_out_load      |    9|          2|   32|         64|
    |ap_sig_allocacmp_acc_2816_out_load      |    9|          2|   32|         64|
    |ap_sig_allocacmp_acc_2817_out_load      |    9|          2|   32|         64|
    |ap_sig_allocacmp_acc_2818_out_load      |    9|          2|   32|         64|
    |ap_sig_allocacmp_acc_2819_out_load      |    9|          2|   32|         64|
    |ap_sig_allocacmp_acc_2820_out_load      |    9|          2|   32|         64|
    |ap_sig_allocacmp_acc_2821_out_load      |    9|          2|   32|         64|
    |ap_sig_allocacmp_acc_2822_out_load      |    9|          2|   32|         64|
    |ap_sig_allocacmp_acc_2823_out_load      |    9|          2|   32|         64|
    |ap_sig_allocacmp_acc_2824_out_load      |    9|          2|   32|         64|
    |ap_sig_allocacmp_acc_2825_out_load      |    9|          2|   32|         64|
    |ap_sig_allocacmp_acc_2826_out_load      |    9|          2|   32|         64|
    |ap_sig_allocacmp_acc_2827_out_load      |    9|          2|   32|         64|
    |ap_sig_allocacmp_acc_2828_out_load      |    9|          2|   32|         64|
    |ap_sig_allocacmp_acc_2829_out_load      |    9|          2|   32|         64|
    |ap_sig_allocacmp_acc_2830_out_load      |    9|          2|   32|         64|
    |ap_sig_allocacmp_acc_2831_out_load      |    9|          2|   32|         64|
    |ap_sig_allocacmp_acc_2832_out_load      |    9|          2|   32|         64|
    |ap_sig_allocacmp_acc_2833_out_load      |    9|          2|   32|         64|
    |ap_sig_allocacmp_acc_2834_out_load      |    9|          2|   32|         64|
    |ap_sig_allocacmp_acc_2835_out_load      |    9|          2|   32|         64|
    |ap_sig_allocacmp_acc_2836_out_load      |    9|          2|   32|         64|
    |ap_sig_allocacmp_acc_2837_out_load      |    9|          2|   32|         64|
    |ap_sig_allocacmp_acc_2838_out_load      |    9|          2|   32|         64|
    |ap_sig_allocacmp_acc_2839_out_load      |    9|          2|   32|         64|
    |ap_sig_allocacmp_acc_2840_out_load      |    9|          2|   32|         64|
    |ap_sig_allocacmp_acc_2841_out_load      |    9|          2|   32|         64|
    |ap_sig_allocacmp_acc_2842_out_load      |    9|          2|   32|         64|
    |ap_sig_allocacmp_acc_2843_out_load      |    9|          2|   32|         64|
    |ap_sig_allocacmp_acc_2844_out_load      |    9|          2|   32|         64|
    |ap_sig_allocacmp_acc_2845_out_load      |    9|          2|   32|         64|
    |ap_sig_allocacmp_acc_2846_out_load      |    9|          2|   32|         64|
    |ap_sig_allocacmp_acc_2847_out_load      |    9|          2|   32|         64|
    |ap_sig_allocacmp_acc_2848_out_load      |    9|          2|   32|         64|
    |ap_sig_allocacmp_acc_2849_out_load      |    9|          2|   32|         64|
    |ap_sig_allocacmp_acc_2850_out_load      |    9|          2|   32|         64|
    |ap_sig_allocacmp_acc_2851_out_load      |    9|          2|   32|         64|
    |ap_sig_allocacmp_acc_2852_out_load      |    9|          2|   32|         64|
    |ap_sig_allocacmp_acc_2853_out_load      |    9|          2|   32|         64|
    |ap_sig_allocacmp_acc_2854_out_load      |    9|          2|   32|         64|
    |ap_sig_allocacmp_acc_2855_out_load      |    9|          2|   32|         64|
    |ap_sig_allocacmp_acc_2856_out_load      |    9|          2|   32|         64|
    |ap_sig_allocacmp_acc_2857_out_load      |    9|          2|   32|         64|
    |ap_sig_allocacmp_acc_2858_out_load      |    9|          2|   32|         64|
    |ap_sig_allocacmp_acc_2859_out_load      |    9|          2|   32|         64|
    |ap_sig_allocacmp_acc_2860_out_load      |    9|          2|   32|         64|
    |ap_sig_allocacmp_acc_2861_out_load      |    9|          2|   32|         64|
    |ap_sig_allocacmp_acc_2862_out_load      |    9|          2|   32|         64|
    |ap_sig_allocacmp_acc_2863_out_load      |    9|          2|   32|         64|
    |ap_sig_allocacmp_acc_2864_out_load      |    9|          2|   32|         64|
    |ap_sig_allocacmp_acc_2865_out_load      |    9|          2|   32|         64|
    |ap_sig_allocacmp_acc_2866_out_load      |    9|          2|   32|         64|
    |ap_sig_allocacmp_acc_2867_out_load      |    9|          2|   32|         64|
    |ap_sig_allocacmp_acc_2868_out_load      |    9|          2|   32|         64|
    |ap_sig_allocacmp_acc_2869_out_load      |    9|          2|   32|         64|
    |ap_sig_allocacmp_acc_2870_out_load      |    9|          2|   32|         64|
    |ap_sig_allocacmp_acc_2871_out_load      |    9|          2|   32|         64|
    |ap_sig_allocacmp_acc_2872_out_load      |    9|          2|   32|         64|
    |ap_sig_allocacmp_acc_2873_out_load      |    9|          2|   32|         64|
    |ap_sig_allocacmp_acc_2874_out_load      |    9|          2|   32|         64|
    |ap_sig_allocacmp_acc_2875_out_load      |    9|          2|   32|         64|
    |ap_sig_allocacmp_acc_2876_out_load      |    9|          2|   32|         64|
    |ap_sig_allocacmp_acc_2877_out_load      |    9|          2|   32|         64|
    |ap_sig_allocacmp_acc_2878_out_load      |    9|          2|   32|         64|
    |ap_sig_allocacmp_acc_2879_out_load      |    9|          2|   32|         64|
    |ap_sig_allocacmp_acc_2880_out_load      |    9|          2|   32|         64|
    |ap_sig_allocacmp_acc_2881_out_load      |    9|          2|   32|         64|
    |ap_sig_allocacmp_acc_2882_out_load      |    9|          2|   32|         64|
    |ap_sig_allocacmp_acc_2883_out_load      |    9|          2|   32|         64|
    |ap_sig_allocacmp_acc_2884_out_load      |    9|          2|   32|         64|
    |ap_sig_allocacmp_acc_2885_out_load      |    9|          2|   32|         64|
    |ap_sig_allocacmp_acc_2886_out_load      |    9|          2|   32|         64|
    |ap_sig_allocacmp_acc_2887_out_load      |    9|          2|   32|         64|
    |ap_sig_allocacmp_acc_2888_out_load      |    9|          2|   32|         64|
    |ap_sig_allocacmp_acc_2889_out_load      |    9|          2|   32|         64|
    |ap_sig_allocacmp_acc_2890_out_load      |    9|          2|   32|         64|
    |ap_sig_allocacmp_acc_2891_out_load      |    9|          2|   32|         64|
    |ap_sig_allocacmp_acc_2892_out_load      |    9|          2|   32|         64|
    |ap_sig_allocacmp_acc_2893_out_load      |    9|          2|   32|         64|
    |ap_sig_allocacmp_acc_2894_out_load      |    9|          2|   32|         64|
    |ap_sig_allocacmp_acc_2895_out_load      |    9|          2|   32|         64|
    |ap_sig_allocacmp_acc_2896_out_load      |    9|          2|   32|         64|
    |ap_sig_allocacmp_acc_2897_out_load      |    9|          2|   32|         64|
    |ap_sig_allocacmp_acc_2898_out_load      |    9|          2|   32|         64|
    |ap_sig_allocacmp_acc_2899_out_load      |    9|          2|   32|         64|
    |ap_sig_allocacmp_acc_2900_out_load      |    9|          2|   32|         64|
    |ap_sig_allocacmp_acc_2901_out_load      |    9|          2|   32|         64|
    |ap_sig_allocacmp_acc_2902_out_load      |    9|          2|   32|         64|
    |ap_sig_allocacmp_acc_2903_out_load      |    9|          2|   32|         64|
    |ap_sig_allocacmp_acc_2904_out_load      |    9|          2|   32|         64|
    |ap_sig_allocacmp_acc_2905_out_load      |    9|          2|   32|         64|
    |ap_sig_allocacmp_acc_2906_out_load      |    9|          2|   32|         64|
    |ap_sig_allocacmp_acc_2907_out_load      |    9|          2|   32|         64|
    |ap_sig_allocacmp_acc_2908_out_load      |    9|          2|   32|         64|
    |ap_sig_allocacmp_acc_2909_out_load      |    9|          2|   32|         64|
    |ap_sig_allocacmp_acc_2910_out_load      |    9|          2|   32|         64|
    |ap_sig_allocacmp_acc_2911_out_load      |    9|          2|   32|         64|
    |ap_sig_allocacmp_acc_2912_out_load      |    9|          2|   32|         64|
    |ap_sig_allocacmp_acc_2913_out_load      |    9|          2|   32|         64|
    |ap_sig_allocacmp_acc_2914_out_load      |    9|          2|   32|         64|
    |ap_sig_allocacmp_acc_2915_out_load      |    9|          2|   32|         64|
    |ap_sig_allocacmp_acc_2916_out_load      |    9|          2|   32|         64|
    |ap_sig_allocacmp_acc_2917_out_load      |    9|          2|   32|         64|
    |ap_sig_allocacmp_acc_2918_out_load      |    9|          2|   32|         64|
    |ap_sig_allocacmp_acc_2919_out_load      |    9|          2|   32|         64|
    |ap_sig_allocacmp_acc_2920_out_load      |    9|          2|   32|         64|
    |ap_sig_allocacmp_acc_2921_out_load      |    9|          2|   32|         64|
    |ap_sig_allocacmp_acc_2922_out_load      |    9|          2|   32|         64|
    |ap_sig_allocacmp_acc_2923_out_load      |    9|          2|   32|         64|
    |ap_sig_allocacmp_acc_2924_out_load      |    9|          2|   32|         64|
    |ap_sig_allocacmp_acc_2925_out_load      |    9|          2|   32|         64|
    |ap_sig_allocacmp_acc_2926_out_load      |    9|          2|   32|         64|
    |ap_sig_allocacmp_acc_2927_out_load      |    9|          2|   32|         64|
    |ap_sig_allocacmp_acc_2928_out_load      |    9|          2|   32|         64|
    |ap_sig_allocacmp_acc_2929_out_load      |    9|          2|   32|         64|
    |ap_sig_allocacmp_acc_2930_out_load      |    9|          2|   32|         64|
    |ap_sig_allocacmp_acc_2931_out_load      |    9|          2|   32|         64|
    |ap_sig_allocacmp_acc_2932_out_load      |    9|          2|   32|         64|
    |ap_sig_allocacmp_acc_2933_out_load      |    9|          2|   32|         64|
    |ap_sig_allocacmp_acc_2934_out_load      |    9|          2|   32|         64|
    |ap_sig_allocacmp_acc_2935_out_load      |    9|          2|   32|         64|
    |ap_sig_allocacmp_acc_2936_out_load      |    9|          2|   32|         64|
    |ap_sig_allocacmp_acc_2937_out_load      |    9|          2|   32|         64|
    |ap_sig_allocacmp_acc_2938_out_load      |    9|          2|   32|         64|
    |ap_sig_allocacmp_acc_2939_out_load      |    9|          2|   32|         64|
    |ap_sig_allocacmp_acc_2940_out_load      |    9|          2|   32|         64|
    |ap_sig_allocacmp_acc_2941_out_load      |    9|          2|   32|         64|
    |ap_sig_allocacmp_acc_2942_out_load      |    9|          2|   32|         64|
    |ap_sig_allocacmp_acc_2943_out_load      |    9|          2|   32|         64|
    |ap_sig_allocacmp_acc_2944_out_load      |    9|          2|   32|         64|
    |ap_sig_allocacmp_acc_2945_out_load      |    9|          2|   32|         64|
    |ap_sig_allocacmp_acc_2946_out_load      |    9|          2|   32|         64|
    |ap_sig_allocacmp_acc_2947_out_load      |    9|          2|   32|         64|
    |ap_sig_allocacmp_acc_2948_out_load      |    9|          2|   32|         64|
    |ap_sig_allocacmp_acc_2949_out_load      |    9|          2|   32|         64|
    |ap_sig_allocacmp_acc_2950_out_load      |    9|          2|   32|         64|
    |ap_sig_allocacmp_acc_2951_out_load      |    9|          2|   32|         64|
    |ap_sig_allocacmp_acc_2952_out_load      |    9|          2|   32|         64|
    |ap_sig_allocacmp_acc_2953_out_load      |    9|          2|   32|         64|
    |ap_sig_allocacmp_acc_2954_out_load      |    9|          2|   32|         64|
    |ap_sig_allocacmp_acc_2955_out_load      |    9|          2|   32|         64|
    |ap_sig_allocacmp_acc_2956_out_load      |    9|          2|   32|         64|
    |ap_sig_allocacmp_acc_2957_out_load      |    9|          2|   32|         64|
    |ap_sig_allocacmp_acc_2958_out_load      |    9|          2|   32|         64|
    |ap_sig_allocacmp_acc_2959_out_load      |    9|          2|   32|         64|
    |ap_sig_allocacmp_acc_2960_out_load      |    9|          2|   32|         64|
    |ap_sig_allocacmp_acc_2961_out_load      |    9|          2|   32|         64|
    |ap_sig_allocacmp_acc_2962_out_load      |    9|          2|   32|         64|
    |ap_sig_allocacmp_acc_2963_out_load      |    9|          2|   32|         64|
    |ap_sig_allocacmp_acc_2964_out_load      |    9|          2|   32|         64|
    |ap_sig_allocacmp_acc_2965_out_load      |    9|          2|   32|         64|
    |ap_sig_allocacmp_acc_2966_out_load      |    9|          2|   32|         64|
    |ap_sig_allocacmp_acc_2967_out_load      |    9|          2|   32|         64|
    |ap_sig_allocacmp_acc_2968_out_load      |    9|          2|   32|         64|
    |ap_sig_allocacmp_acc_2969_out_load      |    9|          2|   32|         64|
    |ap_sig_allocacmp_acc_2970_out_load      |    9|          2|   32|         64|
    |ap_sig_allocacmp_acc_2971_out_load      |    9|          2|   32|         64|
    |ap_sig_allocacmp_acc_2972_out_load      |    9|          2|   32|         64|
    |ap_sig_allocacmp_acc_2973_out_load      |    9|          2|   32|         64|
    |ap_sig_allocacmp_acc_2974_out_load      |    9|          2|   32|         64|
    |ap_sig_allocacmp_acc_2975_out_load      |    9|          2|   32|         64|
    |ap_sig_allocacmp_acc_2976_out_load      |    9|          2|   32|         64|
    |ap_sig_allocacmp_acc_2977_out_load      |    9|          2|   32|         64|
    |ap_sig_allocacmp_acc_2978_out_load      |    9|          2|   32|         64|
    |ap_sig_allocacmp_acc_2979_out_load      |    9|          2|   32|         64|
    |ap_sig_allocacmp_acc_2980_out_load      |    9|          2|   32|         64|
    |ap_sig_allocacmp_acc_2981_out_load      |    9|          2|   32|         64|
    |ap_sig_allocacmp_acc_2982_out_load      |    9|          2|   32|         64|
    |ap_sig_allocacmp_acc_2983_out_load      |    9|          2|   32|         64|
    |ap_sig_allocacmp_acc_2984_out_load      |    9|          2|   32|         64|
    |ap_sig_allocacmp_acc_2985_out_load      |    9|          2|   32|         64|
    |ap_sig_allocacmp_acc_2986_out_load      |    9|          2|   32|         64|
    |ap_sig_allocacmp_acc_2987_out_load      |    9|          2|   32|         64|
    |ap_sig_allocacmp_acc_2988_out_load      |    9|          2|   32|         64|
    |ap_sig_allocacmp_acc_2989_out_load      |    9|          2|   32|         64|
    |ap_sig_allocacmp_acc_2990_out_load      |    9|          2|   32|         64|
    |ap_sig_allocacmp_acc_2991_out_load      |    9|          2|   32|         64|
    |ap_sig_allocacmp_acc_2992_out_load      |    9|          2|   32|         64|
    |ap_sig_allocacmp_acc_2993_out_load      |    9|          2|   32|         64|
    |ap_sig_allocacmp_acc_2994_out_load      |    9|          2|   32|         64|
    |ap_sig_allocacmp_acc_2995_out_load      |    9|          2|   32|         64|
    |ap_sig_allocacmp_acc_2996_out_load      |    9|          2|   32|         64|
    |ap_sig_allocacmp_acc_2997_out_load      |    9|          2|   32|         64|
    |ap_sig_allocacmp_acc_2998_out_load      |    9|          2|   32|         64|
    |ap_sig_allocacmp_acc_2999_out_load      |    9|          2|   32|         64|
    |ap_sig_allocacmp_acc_3000_out_load      |    9|          2|   32|         64|
    |ap_sig_allocacmp_acc_3001_out_load      |    9|          2|   32|         64|
    |ap_sig_allocacmp_acc_3002_out_load      |    9|          2|   32|         64|
    |ap_sig_allocacmp_acc_3003_out_load      |    9|          2|   32|         64|
    |ap_sig_allocacmp_acc_3004_out_load      |    9|          2|   32|         64|
    |ap_sig_allocacmp_acc_3005_out_load      |    9|          2|   32|         64|
    |ap_sig_allocacmp_acc_3006_out_load      |    9|          2|   32|         64|
    |ap_sig_allocacmp_acc_3007_out_load      |    9|          2|   32|         64|
    |ap_sig_allocacmp_dim_load               |    9|          2|    7|         14|
    |ap_sig_allocacmp_indvar_flatten86_load  |    9|          2|   10|         20|
    |ap_sig_allocacmp_row_2                  |    9|          2|    4|          8|
    |dim_fu_1286                             |    9|          2|    7|         14|
    |grp_fu_2610_p0                          |   20|          4|   32|        128|
    |grp_fu_2610_p1                          |   20|          4|   32|        128|
    |grp_fu_2615_p0                          |   20|          4|   32|        128|
    |grp_fu_2615_p1                          |   20|          4|   32|        128|
    |grp_fu_2619_p0                          |   20|          4|   32|        128|
    |grp_fu_2619_p1                          |   20|          4|   32|        128|
    |grp_fu_2623_p0                          |   20|          4|   32|        128|
    |grp_fu_2623_p1                          |   20|          4|   32|        128|
    |grp_fu_2627_p0                          |   20|          4|   32|        128|
    |grp_fu_2627_p1                          |   20|          4|   32|        128|
    |grp_fu_2631_p0                          |   20|          4|   32|        128|
    |grp_fu_2631_p1                          |   20|          4|   32|        128|
    |grp_fu_2635_p0                          |   20|          4|   32|        128|
    |grp_fu_2635_p1                          |   20|          4|   32|        128|
    |grp_fu_2639_p0                          |   20|          4|   32|        128|
    |grp_fu_2639_p1                          |   20|          4|   32|        128|
    |grp_fu_2643_p0                          |   20|          4|   32|        128|
    |grp_fu_2643_p1                          |   20|          4|   32|        128|
    |grp_fu_2647_p0                          |   20|          4|   32|        128|
    |grp_fu_2647_p1                          |   20|          4|   32|        128|
    |grp_fu_2651_p0                          |   20|          4|   32|        128|
    |grp_fu_2651_p1                          |   20|          4|   32|        128|
    |grp_fu_2655_p0                          |   20|          4|   32|        128|
    |grp_fu_2655_p1                          |   20|          4|   32|        128|
    |grp_fu_2659_p0                          |   20|          4|   32|        128|
    |grp_fu_2659_p1                          |   20|          4|   32|        128|
    |grp_fu_2663_p0                          |   20|          4|   32|        128|
    |grp_fu_2663_p1                          |   20|          4|   32|        128|
    |grp_fu_2667_p0                          |   20|          4|   32|        128|
    |grp_fu_2667_p1                          |   20|          4|   32|        128|
    |grp_fu_2671_p0                          |   20|          4|   32|        128|
    |grp_fu_2671_p1                          |   20|          4|   32|        128|
    |grp_fu_2675_p0                          |   20|          4|   32|        128|
    |grp_fu_2675_p1                          |   20|          4|   32|        128|
    |grp_fu_2679_p0                          |   20|          4|   32|        128|
    |grp_fu_2679_p1                          |   20|          4|   32|        128|
    |grp_fu_2683_p0                          |   20|          4|   32|        128|
    |grp_fu_2683_p1                          |   20|          4|   32|        128|
    |grp_fu_2687_p0                          |   20|          4|   32|        128|
    |grp_fu_2687_p1                          |   20|          4|   32|        128|
    |grp_fu_2691_p0                          |   20|          4|   32|        128|
    |grp_fu_2691_p1                          |   20|          4|   32|        128|
    |grp_fu_2703_p0                          |   20|          4|   32|        128|
    |grp_fu_2703_p1                          |   20|          4|   32|        128|
    |grp_fu_2709_p0                          |   20|          4|   32|        128|
    |grp_fu_2709_p1                          |   20|          4|   32|        128|
    |grp_fu_2715_p0                          |   20|          4|   32|        128|
    |grp_fu_2715_p1                          |   20|          4|   32|        128|
    |grp_fu_2721_p0                          |   20|          4|   32|        128|
    |grp_fu_2721_p1                          |   20|          4|   32|        128|
    |grp_fu_2727_p0                          |   20|          4|   32|        128|
    |grp_fu_2727_p1                          |   20|          4|   32|        128|
    |grp_fu_2733_p0                          |   20|          4|   32|        128|
    |grp_fu_2733_p1                          |   20|          4|   32|        128|
    |grp_fu_2739_p0                          |   20|          4|   32|        128|
    |grp_fu_2739_p1                          |   20|          4|   32|        128|
    |grp_fu_2745_p0                          |   20|          4|   32|        128|
    |grp_fu_2745_p1                          |   20|          4|   32|        128|
    |grp_fu_2751_p0                          |   20|          4|   32|        128|
    |grp_fu_2751_p1                          |   20|          4|   32|        128|
    |grp_fu_2757_p0                          |   20|          4|   32|        128|
    |grp_fu_2757_p1                          |   20|          4|   32|        128|
    |grp_fu_2763_p0                          |   20|          4|   32|        128|
    |grp_fu_2763_p1                          |   20|          4|   32|        128|
    |grp_fu_2769_p0                          |   20|          4|   32|        128|
    |grp_fu_2769_p1                          |   20|          4|   32|        128|
    |grp_fu_2775_p0                          |   20|          4|   32|        128|
    |grp_fu_2775_p1                          |   20|          4|   32|        128|
    |grp_fu_2781_p0                          |   20|          4|   32|        128|
    |grp_fu_2781_p1                          |   20|          4|   32|        128|
    |grp_fu_2787_p0                          |   20|          4|   32|        128|
    |grp_fu_2787_p1                          |   20|          4|   32|        128|
    |grp_fu_2793_p0                          |   20|          4|   32|        128|
    |grp_fu_2793_p1                          |   20|          4|   32|        128|
    |grp_fu_2799_p0                          |   20|          4|   32|        128|
    |grp_fu_2799_p1                          |   20|          4|   32|        128|
    |grp_fu_2805_p0                          |   20|          4|   32|        128|
    |grp_fu_2805_p1                          |   20|          4|   32|        128|
    |grp_fu_2811_p0                          |   20|          4|   32|        128|
    |grp_fu_2811_p1                          |   20|          4|   32|        128|
    |grp_fu_2817_p0                          |   20|          4|   32|        128|
    |grp_fu_2817_p1                          |   20|          4|   32|        128|
    |grp_fu_2823_p0                          |   14|          3|   32|         96|
    |grp_fu_2823_p1                          |   14|          3|   32|         96|
    |grp_fu_2829_p0                          |   14|          3|   32|         96|
    |grp_fu_2829_p1                          |   14|          3|   32|         96|
    |indvar_flatten86_fu_1294                |    9|          2|   10|         20|
    |row_fu_1290                             |    9|          2|    4|          8|
    |v_local_10_address0                     |   14|          3|    8|         24|
    |v_local_10_address1                     |   14|          3|    8|         24|
    |v_local_11_address0                     |   14|          3|    8|         24|
    |v_local_11_address1                     |   14|          3|    8|         24|
    |v_local_12_address0                     |   14|          3|    8|         24|
    |v_local_12_address1                     |   14|          3|    8|         24|
    |v_local_13_address0                     |   14|          3|    8|         24|
    |v_local_13_address1                     |   14|          3|    8|         24|
    |v_local_14_address0                     |   14|          3|    8|         24|
    |v_local_14_address1                     |   14|          3|    8|         24|
    |v_local_15_address0                     |   14|          3|    8|         24|
    |v_local_15_address1                     |   14|          3|    8|         24|
    |v_local_1_address0                      |   14|          3|    8|         24|
    |v_local_1_address1                      |   14|          3|    8|         24|
    |v_local_2_address0                      |   14|          3|    8|         24|
    |v_local_2_address1                      |   14|          3|    8|         24|
    |v_local_3_address0                      |   14|          3|    8|         24|
    |v_local_3_address1                      |   14|          3|    8|         24|
    |v_local_4_address0                      |   14|          3|    8|         24|
    |v_local_4_address1                      |   14|          3|    8|         24|
    |v_local_5_address0                      |   14|          3|    8|         24|
    |v_local_5_address1                      |   14|          3|    8|         24|
    |v_local_6_address0                      |   14|          3|    8|         24|
    |v_local_6_address1                      |   14|          3|    8|         24|
    |v_local_7_address0                      |   14|          3|    8|         24|
    |v_local_7_address1                      |   14|          3|    8|         24|
    |v_local_8_address0                      |   14|          3|    8|         24|
    |v_local_8_address1                      |   14|          3|    8|         24|
    |v_local_9_address0                      |   14|          3|    8|         24|
    |v_local_9_address1                      |   14|          3|    8|         24|
    |v_local_address0                        |   14|          3|    8|         24|
    |v_local_address1                        |   14|          3|    8|         24|
    |weights_local_10_address0               |   14|          3|    5|         15|
    |weights_local_10_address1               |   14|          3|    5|         15|
    |weights_local_11_address0               |   14|          3|    5|         15|
    |weights_local_11_address1               |   14|          3|    5|         15|
    |weights_local_12_address0               |   14|          3|    5|         15|
    |weights_local_12_address1               |   14|          3|    5|         15|
    |weights_local_13_address0               |   14|          3|    5|         15|
    |weights_local_13_address1               |   14|          3|    5|         15|
    |weights_local_14_address0               |   14|          3|    5|         15|
    |weights_local_14_address1               |   14|          3|    5|         15|
    |weights_local_15_address0               |   14|          3|    5|         15|
    |weights_local_15_address1               |   14|          3|    5|         15|
    |weights_local_1_address0                |   14|          3|    5|         15|
    |weights_local_1_address1                |   14|          3|    5|         15|
    |weights_local_2_address0                |   14|          3|    5|         15|
    |weights_local_2_address1                |   14|          3|    5|         15|
    |weights_local_3_address0                |   14|          3|    5|         15|
    |weights_local_3_address1                |   14|          3|    5|         15|
    |weights_local_4_address0                |   14|          3|    5|         15|
    |weights_local_4_address1                |   14|          3|    5|         15|
    |weights_local_5_address0                |   14|          3|    5|         15|
    |weights_local_5_address1                |   14|          3|    5|         15|
    |weights_local_6_address0                |   14|          3|    5|         15|
    |weights_local_6_address1                |   14|          3|    5|         15|
    |weights_local_7_address0                |   14|          3|    5|         15|
    |weights_local_7_address1                |   14|          3|    5|         15|
    |weights_local_8_address0                |   14|          3|    5|         15|
    |weights_local_8_address1                |   14|          3|    5|         15|
    |weights_local_9_address0                |   14|          3|    5|         15|
    |weights_local_9_address1                |   14|          3|    5|         15|
    |weights_local_address0                  |   14|          3|    5|         15|
    |weights_local_address1                  |   14|          3|    5|         15|
    +----------------------------------------+-----+-----------+-----+-----------+
    |Total                                   |13277|       2906|36134|      78062|
    +----------------------------------------+-----+-----------+-----+-----------+

    * Register: 
    +------------------------------------+-----+----+-----+-----------+
    |                Name                |  FF | LUT| Bits| Const Bits|
    +------------------------------------+-----+----+-----+-----------+
    |add_ln226_1_reg_9438                |   10|   0|   10|          0|
    |ap_CS_fsm                           |    3|   0|    3|          0|
    |ap_done_reg                         |    1|   0|    1|          0|
    |ap_enable_reg_pp0_iter0_reg         |    1|   0|    1|          0|
    |ap_enable_reg_pp0_iter1             |    1|   0|    1|          0|
    |ap_enable_reg_pp0_iter10            |    1|   0|    1|          0|
    |ap_enable_reg_pp0_iter100           |    1|   0|    1|          0|
    |ap_enable_reg_pp0_iter101           |    1|   0|    1|          0|
    |ap_enable_reg_pp0_iter102           |    1|   0|    1|          0|
    |ap_enable_reg_pp0_iter103           |    1|   0|    1|          0|
    |ap_enable_reg_pp0_iter104           |    1|   0|    1|          0|
    |ap_enable_reg_pp0_iter105           |    1|   0|    1|          0|
    |ap_enable_reg_pp0_iter106           |    1|   0|    1|          0|
    |ap_enable_reg_pp0_iter107           |    1|   0|    1|          0|
    |ap_enable_reg_pp0_iter108           |    1|   0|    1|          0|
    |ap_enable_reg_pp0_iter109           |    1|   0|    1|          0|
    |ap_enable_reg_pp0_iter11            |    1|   0|    1|          0|
    |ap_enable_reg_pp0_iter110           |    1|   0|    1|          0|
    |ap_enable_reg_pp0_iter111           |    1|   0|    1|          0|
    |ap_enable_reg_pp0_iter112           |    1|   0|    1|          0|
    |ap_enable_reg_pp0_iter113           |    1|   0|    1|          0|
    |ap_enable_reg_pp0_iter114           |    1|   0|    1|          0|
    |ap_enable_reg_pp0_iter115           |    1|   0|    1|          0|
    |ap_enable_reg_pp0_iter116           |    1|   0|    1|          0|
    |ap_enable_reg_pp0_iter117           |    1|   0|    1|          0|
    |ap_enable_reg_pp0_iter118           |    1|   0|    1|          0|
    |ap_enable_reg_pp0_iter119           |    1|   0|    1|          0|
    |ap_enable_reg_pp0_iter12            |    1|   0|    1|          0|
    |ap_enable_reg_pp0_iter120           |    1|   0|    1|          0|
    |ap_enable_reg_pp0_iter121           |    1|   0|    1|          0|
    |ap_enable_reg_pp0_iter122           |    1|   0|    1|          0|
    |ap_enable_reg_pp0_iter123           |    1|   0|    1|          0|
    |ap_enable_reg_pp0_iter124           |    1|   0|    1|          0|
    |ap_enable_reg_pp0_iter125           |    1|   0|    1|          0|
    |ap_enable_reg_pp0_iter126           |    1|   0|    1|          0|
    |ap_enable_reg_pp0_iter127           |    1|   0|    1|          0|
    |ap_enable_reg_pp0_iter128           |    1|   0|    1|          0|
    |ap_enable_reg_pp0_iter129           |    1|   0|    1|          0|
    |ap_enable_reg_pp0_iter13            |    1|   0|    1|          0|
    |ap_enable_reg_pp0_iter130           |    1|   0|    1|          0|
    |ap_enable_reg_pp0_iter131           |    1|   0|    1|          0|
    |ap_enable_reg_pp0_iter132           |    1|   0|    1|          0|
    |ap_enable_reg_pp0_iter133           |    1|   0|    1|          0|
    |ap_enable_reg_pp0_iter134           |    1|   0|    1|          0|
    |ap_enable_reg_pp0_iter135           |    1|   0|    1|          0|
    |ap_enable_reg_pp0_iter136           |    1|   0|    1|          0|
    |ap_enable_reg_pp0_iter137           |    1|   0|    1|          0|
    |ap_enable_reg_pp0_iter138           |    1|   0|    1|          0|
    |ap_enable_reg_pp0_iter139           |    1|   0|    1|          0|
    |ap_enable_reg_pp0_iter14            |    1|   0|    1|          0|
    |ap_enable_reg_pp0_iter140           |    1|   0|    1|          0|
    |ap_enable_reg_pp0_iter141           |    1|   0|    1|          0|
    |ap_enable_reg_pp0_iter142           |    1|   0|    1|          0|
    |ap_enable_reg_pp0_iter143           |    1|   0|    1|          0|
    |ap_enable_reg_pp0_iter144           |    1|   0|    1|          0|
    |ap_enable_reg_pp0_iter145           |    1|   0|    1|          0|
    |ap_enable_reg_pp0_iter146           |    1|   0|    1|          0|
    |ap_enable_reg_pp0_iter147           |    1|   0|    1|          0|
    |ap_enable_reg_pp0_iter148           |    1|   0|    1|          0|
    |ap_enable_reg_pp0_iter149           |    1|   0|    1|          0|
    |ap_enable_reg_pp0_iter15            |    1|   0|    1|          0|
    |ap_enable_reg_pp0_iter150           |    1|   0|    1|          0|
    |ap_enable_reg_pp0_iter151           |    1|   0|    1|          0|
    |ap_enable_reg_pp0_iter152           |    1|   0|    1|          0|
    |ap_enable_reg_pp0_iter16            |    1|   0|    1|          0|
    |ap_enable_reg_pp0_iter17            |    1|   0|    1|          0|
    |ap_enable_reg_pp0_iter18            |    1|   0|    1|          0|
    |ap_enable_reg_pp0_iter19            |    1|   0|    1|          0|
    |ap_enable_reg_pp0_iter2             |    1|   0|    1|          0|
    |ap_enable_reg_pp0_iter20            |    1|   0|    1|          0|
    |ap_enable_reg_pp0_iter21            |    1|   0|    1|          0|
    |ap_enable_reg_pp0_iter22            |    1|   0|    1|          0|
    |ap_enable_reg_pp0_iter23            |    1|   0|    1|          0|
    |ap_enable_reg_pp0_iter24            |    1|   0|    1|          0|
    |ap_enable_reg_pp0_iter25            |    1|   0|    1|          0|
    |ap_enable_reg_pp0_iter26            |    1|   0|    1|          0|
    |ap_enable_reg_pp0_iter27            |    1|   0|    1|          0|
    |ap_enable_reg_pp0_iter28            |    1|   0|    1|          0|
    |ap_enable_reg_pp0_iter29            |    1|   0|    1|          0|
    |ap_enable_reg_pp0_iter3             |    1|   0|    1|          0|
    |ap_enable_reg_pp0_iter30            |    1|   0|    1|          0|
    |ap_enable_reg_pp0_iter31            |    1|   0|    1|          0|
    |ap_enable_reg_pp0_iter32            |    1|   0|    1|          0|
    |ap_enable_reg_pp0_iter33            |    1|   0|    1|          0|
    |ap_enable_reg_pp0_iter34            |    1|   0|    1|          0|
    |ap_enable_reg_pp0_iter35            |    1|   0|    1|          0|
    |ap_enable_reg_pp0_iter36            |    1|   0|    1|          0|
    |ap_enable_reg_pp0_iter37            |    1|   0|    1|          0|
    |ap_enable_reg_pp0_iter38            |    1|   0|    1|          0|
    |ap_enable_reg_pp0_iter39            |    1|   0|    1|          0|
    |ap_enable_reg_pp0_iter4             |    1|   0|    1|          0|
    |ap_enable_reg_pp0_iter40            |    1|   0|    1|          0|
    |ap_enable_reg_pp0_iter41            |    1|   0|    1|          0|
    |ap_enable_reg_pp0_iter42            |    1|   0|    1|          0|
    |ap_enable_reg_pp0_iter43            |    1|   0|    1|          0|
    |ap_enable_reg_pp0_iter44            |    1|   0|    1|          0|
    |ap_enable_reg_pp0_iter45            |    1|   0|    1|          0|
    |ap_enable_reg_pp0_iter46            |    1|   0|    1|          0|
    |ap_enable_reg_pp0_iter47            |    1|   0|    1|          0|
    |ap_enable_reg_pp0_iter48            |    1|   0|    1|          0|
    |ap_enable_reg_pp0_iter49            |    1|   0|    1|          0|
    |ap_enable_reg_pp0_iter5             |    1|   0|    1|          0|
    |ap_enable_reg_pp0_iter50            |    1|   0|    1|          0|
    |ap_enable_reg_pp0_iter51            |    1|   0|    1|          0|
    |ap_enable_reg_pp0_iter52            |    1|   0|    1|          0|
    |ap_enable_reg_pp0_iter53            |    1|   0|    1|          0|
    |ap_enable_reg_pp0_iter54            |    1|   0|    1|          0|
    |ap_enable_reg_pp0_iter55            |    1|   0|    1|          0|
    |ap_enable_reg_pp0_iter56            |    1|   0|    1|          0|
    |ap_enable_reg_pp0_iter57            |    1|   0|    1|          0|
    |ap_enable_reg_pp0_iter58            |    1|   0|    1|          0|
    |ap_enable_reg_pp0_iter59            |    1|   0|    1|          0|
    |ap_enable_reg_pp0_iter6             |    1|   0|    1|          0|
    |ap_enable_reg_pp0_iter60            |    1|   0|    1|          0|
    |ap_enable_reg_pp0_iter61            |    1|   0|    1|          0|
    |ap_enable_reg_pp0_iter62            |    1|   0|    1|          0|
    |ap_enable_reg_pp0_iter63            |    1|   0|    1|          0|
    |ap_enable_reg_pp0_iter64            |    1|   0|    1|          0|
    |ap_enable_reg_pp0_iter65            |    1|   0|    1|          0|
    |ap_enable_reg_pp0_iter66            |    1|   0|    1|          0|
    |ap_enable_reg_pp0_iter67            |    1|   0|    1|          0|
    |ap_enable_reg_pp0_iter68            |    1|   0|    1|          0|
    |ap_enable_reg_pp0_iter69            |    1|   0|    1|          0|
    |ap_enable_reg_pp0_iter7             |    1|   0|    1|          0|
    |ap_enable_reg_pp0_iter70            |    1|   0|    1|          0|
    |ap_enable_reg_pp0_iter71            |    1|   0|    1|          0|
    |ap_enable_reg_pp0_iter72            |    1|   0|    1|          0|
    |ap_enable_reg_pp0_iter73            |    1|   0|    1|          0|
    |ap_enable_reg_pp0_iter74            |    1|   0|    1|          0|
    |ap_enable_reg_pp0_iter75            |    1|   0|    1|          0|
    |ap_enable_reg_pp0_iter76            |    1|   0|    1|          0|
    |ap_enable_reg_pp0_iter77            |    1|   0|    1|          0|
    |ap_enable_reg_pp0_iter78            |    1|   0|    1|          0|
    |ap_enable_reg_pp0_iter79            |    1|   0|    1|          0|
    |ap_enable_reg_pp0_iter8             |    1|   0|    1|          0|
    |ap_enable_reg_pp0_iter80            |    1|   0|    1|          0|
    |ap_enable_reg_pp0_iter81            |    1|   0|    1|          0|
    |ap_enable_reg_pp0_iter82            |    1|   0|    1|          0|
    |ap_enable_reg_pp0_iter83            |    1|   0|    1|          0|
    |ap_enable_reg_pp0_iter84            |    1|   0|    1|          0|
    |ap_enable_reg_pp0_iter85            |    1|   0|    1|          0|
    |ap_enable_reg_pp0_iter86            |    1|   0|    1|          0|
    |ap_enable_reg_pp0_iter87            |    1|   0|    1|          0|
    |ap_enable_reg_pp0_iter88            |    1|   0|    1|          0|
    |ap_enable_reg_pp0_iter89            |    1|   0|    1|          0|
    |ap_enable_reg_pp0_iter9             |    1|   0|    1|          0|
    |ap_enable_reg_pp0_iter90            |    1|   0|    1|          0|
    |ap_enable_reg_pp0_iter91            |    1|   0|    1|          0|
    |ap_enable_reg_pp0_iter92            |    1|   0|    1|          0|
    |ap_enable_reg_pp0_iter93            |    1|   0|    1|          0|
    |ap_enable_reg_pp0_iter94            |    1|   0|    1|          0|
    |ap_enable_reg_pp0_iter95            |    1|   0|    1|          0|
    |ap_enable_reg_pp0_iter96            |    1|   0|    1|          0|
    |ap_enable_reg_pp0_iter97            |    1|   0|    1|          0|
    |ap_enable_reg_pp0_iter98            |    1|   0|    1|          0|
    |ap_enable_reg_pp0_iter99            |    1|   0|    1|          0|
    |ap_loop_exit_ready_pp0_iter100_reg  |    1|   0|    1|          0|
    |ap_loop_exit_ready_pp0_iter101_reg  |    1|   0|    1|          0|
    |ap_loop_exit_ready_pp0_iter102_reg  |    1|   0|    1|          0|
    |ap_loop_exit_ready_pp0_iter103_reg  |    1|   0|    1|          0|
    |ap_loop_exit_ready_pp0_iter104_reg  |    1|   0|    1|          0|
    |ap_loop_exit_ready_pp0_iter105_reg  |    1|   0|    1|          0|
    |ap_loop_exit_ready_pp0_iter106_reg  |    1|   0|    1|          0|
    |ap_loop_exit_ready_pp0_iter107_reg  |    1|   0|    1|          0|
    |ap_loop_exit_ready_pp0_iter108_reg  |    1|   0|    1|          0|
    |ap_loop_exit_ready_pp0_iter109_reg  |    1|   0|    1|          0|
    |ap_loop_exit_ready_pp0_iter10_reg   |    1|   0|    1|          0|
    |ap_loop_exit_ready_pp0_iter110_reg  |    1|   0|    1|          0|
    |ap_loop_exit_ready_pp0_iter111_reg  |    1|   0|    1|          0|
    |ap_loop_exit_ready_pp0_iter112_reg  |    1|   0|    1|          0|
    |ap_loop_exit_ready_pp0_iter113_reg  |    1|   0|    1|          0|
    |ap_loop_exit_ready_pp0_iter114_reg  |    1|   0|    1|          0|
    |ap_loop_exit_ready_pp0_iter115_reg  |    1|   0|    1|          0|
    |ap_loop_exit_ready_pp0_iter116_reg  |    1|   0|    1|          0|
    |ap_loop_exit_ready_pp0_iter117_reg  |    1|   0|    1|          0|
    |ap_loop_exit_ready_pp0_iter118_reg  |    1|   0|    1|          0|
    |ap_loop_exit_ready_pp0_iter119_reg  |    1|   0|    1|          0|
    |ap_loop_exit_ready_pp0_iter11_reg   |    1|   0|    1|          0|
    |ap_loop_exit_ready_pp0_iter120_reg  |    1|   0|    1|          0|
    |ap_loop_exit_ready_pp0_iter121_reg  |    1|   0|    1|          0|
    |ap_loop_exit_ready_pp0_iter122_reg  |    1|   0|    1|          0|
    |ap_loop_exit_ready_pp0_iter123_reg  |    1|   0|    1|          0|
    |ap_loop_exit_ready_pp0_iter124_reg  |    1|   0|    1|          0|
    |ap_loop_exit_ready_pp0_iter125_reg  |    1|   0|    1|          0|
    |ap_loop_exit_ready_pp0_iter126_reg  |    1|   0|    1|          0|
    |ap_loop_exit_ready_pp0_iter127_reg  |    1|   0|    1|          0|
    |ap_loop_exit_ready_pp0_iter128_reg  |    1|   0|    1|          0|
    |ap_loop_exit_ready_pp0_iter129_reg  |    1|   0|    1|          0|
    |ap_loop_exit_ready_pp0_iter12_reg   |    1|   0|    1|          0|
    |ap_loop_exit_ready_pp0_iter130_reg  |    1|   0|    1|          0|
    |ap_loop_exit_ready_pp0_iter131_reg  |    1|   0|    1|          0|
    |ap_loop_exit_ready_pp0_iter132_reg  |    1|   0|    1|          0|
    |ap_loop_exit_ready_pp0_iter133_reg  |    1|   0|    1|          0|
    |ap_loop_exit_ready_pp0_iter134_reg  |    1|   0|    1|          0|
    |ap_loop_exit_ready_pp0_iter135_reg  |    1|   0|    1|          0|
    |ap_loop_exit_ready_pp0_iter136_reg  |    1|   0|    1|          0|
    |ap_loop_exit_ready_pp0_iter137_reg  |    1|   0|    1|          0|
    |ap_loop_exit_ready_pp0_iter138_reg  |    1|   0|    1|          0|
    |ap_loop_exit_ready_pp0_iter139_reg  |    1|   0|    1|          0|
    |ap_loop_exit_ready_pp0_iter13_reg   |    1|   0|    1|          0|
    |ap_loop_exit_ready_pp0_iter140_reg  |    1|   0|    1|          0|
    |ap_loop_exit_ready_pp0_iter141_reg  |    1|   0|    1|          0|
    |ap_loop_exit_ready_pp0_iter142_reg  |    1|   0|    1|          0|
    |ap_loop_exit_ready_pp0_iter143_reg  |    1|   0|    1|          0|
    |ap_loop_exit_ready_pp0_iter144_reg  |    1|   0|    1|          0|
    |ap_loop_exit_ready_pp0_iter145_reg  |    1|   0|    1|          0|
    |ap_loop_exit_ready_pp0_iter146_reg  |    1|   0|    1|          0|
    |ap_loop_exit_ready_pp0_iter147_reg  |    1|   0|    1|          0|
    |ap_loop_exit_ready_pp0_iter148_reg  |    1|   0|    1|          0|
    |ap_loop_exit_ready_pp0_iter149_reg  |    1|   0|    1|          0|
    |ap_loop_exit_ready_pp0_iter14_reg   |    1|   0|    1|          0|
    |ap_loop_exit_ready_pp0_iter150_reg  |    1|   0|    1|          0|
    |ap_loop_exit_ready_pp0_iter151_reg  |    1|   0|    1|          0|
    |ap_loop_exit_ready_pp0_iter15_reg   |    1|   0|    1|          0|
    |ap_loop_exit_ready_pp0_iter16_reg   |    1|   0|    1|          0|
    |ap_loop_exit_ready_pp0_iter17_reg   |    1|   0|    1|          0|
    |ap_loop_exit_ready_pp0_iter18_reg   |    1|   0|    1|          0|
    |ap_loop_exit_ready_pp0_iter19_reg   |    1|   0|    1|          0|
    |ap_loop_exit_ready_pp0_iter1_reg    |    1|   0|    1|          0|
    |ap_loop_exit_ready_pp0_iter20_reg   |    1|   0|    1|          0|
    |ap_loop_exit_ready_pp0_iter21_reg   |    1|   0|    1|          0|
    |ap_loop_exit_ready_pp0_iter22_reg   |    1|   0|    1|          0|
    |ap_loop_exit_ready_pp0_iter23_reg   |    1|   0|    1|          0|
    |ap_loop_exit_ready_pp0_iter24_reg   |    1|   0|    1|          0|
    |ap_loop_exit_ready_pp0_iter25_reg   |    1|   0|    1|          0|
    |ap_loop_exit_ready_pp0_iter26_reg   |    1|   0|    1|          0|
    |ap_loop_exit_ready_pp0_iter27_reg   |    1|   0|    1|          0|
    |ap_loop_exit_ready_pp0_iter28_reg   |    1|   0|    1|          0|
    |ap_loop_exit_ready_pp0_iter29_reg   |    1|   0|    1|          0|
    |ap_loop_exit_ready_pp0_iter2_reg    |    1|   0|    1|          0|
    |ap_loop_exit_ready_pp0_iter30_reg   |    1|   0|    1|          0|
    |ap_loop_exit_ready_pp0_iter31_reg   |    1|   0|    1|          0|
    |ap_loop_exit_ready_pp0_iter32_reg   |    1|   0|    1|          0|
    |ap_loop_exit_ready_pp0_iter33_reg   |    1|   0|    1|          0|
    |ap_loop_exit_ready_pp0_iter34_reg   |    1|   0|    1|          0|
    |ap_loop_exit_ready_pp0_iter35_reg   |    1|   0|    1|          0|
    |ap_loop_exit_ready_pp0_iter36_reg   |    1|   0|    1|          0|
    |ap_loop_exit_ready_pp0_iter37_reg   |    1|   0|    1|          0|
    |ap_loop_exit_ready_pp0_iter38_reg   |    1|   0|    1|          0|
    |ap_loop_exit_ready_pp0_iter39_reg   |    1|   0|    1|          0|
    |ap_loop_exit_ready_pp0_iter3_reg    |    1|   0|    1|          0|
    |ap_loop_exit_ready_pp0_iter40_reg   |    1|   0|    1|          0|
    |ap_loop_exit_ready_pp0_iter41_reg   |    1|   0|    1|          0|
    |ap_loop_exit_ready_pp0_iter42_reg   |    1|   0|    1|          0|
    |ap_loop_exit_ready_pp0_iter43_reg   |    1|   0|    1|          0|
    |ap_loop_exit_ready_pp0_iter44_reg   |    1|   0|    1|          0|
    |ap_loop_exit_ready_pp0_iter45_reg   |    1|   0|    1|          0|
    |ap_loop_exit_ready_pp0_iter46_reg   |    1|   0|    1|          0|
    |ap_loop_exit_ready_pp0_iter47_reg   |    1|   0|    1|          0|
    |ap_loop_exit_ready_pp0_iter48_reg   |    1|   0|    1|          0|
    |ap_loop_exit_ready_pp0_iter49_reg   |    1|   0|    1|          0|
    |ap_loop_exit_ready_pp0_iter4_reg    |    1|   0|    1|          0|
    |ap_loop_exit_ready_pp0_iter50_reg   |    1|   0|    1|          0|
    |ap_loop_exit_ready_pp0_iter51_reg   |    1|   0|    1|          0|
    |ap_loop_exit_ready_pp0_iter52_reg   |    1|   0|    1|          0|
    |ap_loop_exit_ready_pp0_iter53_reg   |    1|   0|    1|          0|
    |ap_loop_exit_ready_pp0_iter54_reg   |    1|   0|    1|          0|
    |ap_loop_exit_ready_pp0_iter55_reg   |    1|   0|    1|          0|
    |ap_loop_exit_ready_pp0_iter56_reg   |    1|   0|    1|          0|
    |ap_loop_exit_ready_pp0_iter57_reg   |    1|   0|    1|          0|
    |ap_loop_exit_ready_pp0_iter58_reg   |    1|   0|    1|          0|
    |ap_loop_exit_ready_pp0_iter59_reg   |    1|   0|    1|          0|
    |ap_loop_exit_ready_pp0_iter5_reg    |    1|   0|    1|          0|
    |ap_loop_exit_ready_pp0_iter60_reg   |    1|   0|    1|          0|
    |ap_loop_exit_ready_pp0_iter61_reg   |    1|   0|    1|          0|
    |ap_loop_exit_ready_pp0_iter62_reg   |    1|   0|    1|          0|
    |ap_loop_exit_ready_pp0_iter63_reg   |    1|   0|    1|          0|
    |ap_loop_exit_ready_pp0_iter64_reg   |    1|   0|    1|          0|
    |ap_loop_exit_ready_pp0_iter65_reg   |    1|   0|    1|          0|
    |ap_loop_exit_ready_pp0_iter66_reg   |    1|   0|    1|          0|
    |ap_loop_exit_ready_pp0_iter67_reg   |    1|   0|    1|          0|
    |ap_loop_exit_ready_pp0_iter68_reg   |    1|   0|    1|          0|
    |ap_loop_exit_ready_pp0_iter69_reg   |    1|   0|    1|          0|
    |ap_loop_exit_ready_pp0_iter6_reg    |    1|   0|    1|          0|
    |ap_loop_exit_ready_pp0_iter70_reg   |    1|   0|    1|          0|
    |ap_loop_exit_ready_pp0_iter71_reg   |    1|   0|    1|          0|
    |ap_loop_exit_ready_pp0_iter72_reg   |    1|   0|    1|          0|
    |ap_loop_exit_ready_pp0_iter73_reg   |    1|   0|    1|          0|
    |ap_loop_exit_ready_pp0_iter74_reg   |    1|   0|    1|          0|
    |ap_loop_exit_ready_pp0_iter75_reg   |    1|   0|    1|          0|
    |ap_loop_exit_ready_pp0_iter76_reg   |    1|   0|    1|          0|
    |ap_loop_exit_ready_pp0_iter77_reg   |    1|   0|    1|          0|
    |ap_loop_exit_ready_pp0_iter78_reg   |    1|   0|    1|          0|
    |ap_loop_exit_ready_pp0_iter79_reg   |    1|   0|    1|          0|
    |ap_loop_exit_ready_pp0_iter7_reg    |    1|   0|    1|          0|
    |ap_loop_exit_ready_pp0_iter80_reg   |    1|   0|    1|          0|
    |ap_loop_exit_ready_pp0_iter81_reg   |    1|   0|    1|          0|
    |ap_loop_exit_ready_pp0_iter82_reg   |    1|   0|    1|          0|
    |ap_loop_exit_ready_pp0_iter83_reg   |    1|   0|    1|          0|
    |ap_loop_exit_ready_pp0_iter84_reg   |    1|   0|    1|          0|
    |ap_loop_exit_ready_pp0_iter85_reg   |    1|   0|    1|          0|
    |ap_loop_exit_ready_pp0_iter86_reg   |    1|   0|    1|          0|
    |ap_loop_exit_ready_pp0_iter87_reg   |    1|   0|    1|          0|
    |ap_loop_exit_ready_pp0_iter88_reg   |    1|   0|    1|          0|
    |ap_loop_exit_ready_pp0_iter89_reg   |    1|   0|    1|          0|
    |ap_loop_exit_ready_pp0_iter8_reg    |    1|   0|    1|          0|
    |ap_loop_exit_ready_pp0_iter90_reg   |    1|   0|    1|          0|
    |ap_loop_exit_ready_pp0_iter91_reg   |    1|   0|    1|          0|
    |ap_loop_exit_ready_pp0_iter92_reg   |    1|   0|    1|          0|
    |ap_loop_exit_ready_pp0_iter93_reg   |    1|   0|    1|          0|
    |ap_loop_exit_ready_pp0_iter94_reg   |    1|   0|    1|          0|
    |ap_loop_exit_ready_pp0_iter95_reg   |    1|   0|    1|          0|
    |ap_loop_exit_ready_pp0_iter96_reg   |    1|   0|    1|          0|
    |ap_loop_exit_ready_pp0_iter97_reg   |    1|   0|    1|          0|
    |ap_loop_exit_ready_pp0_iter98_reg   |    1|   0|    1|          0|
    |ap_loop_exit_ready_pp0_iter99_reg   |    1|   0|    1|          0|
    |ap_loop_exit_ready_pp0_iter9_reg    |    1|   0|    1|          0|
    |dim_fu_1286                         |    7|   0|    7|          0|
    |icmp_ln226_reg_9434                 |    1|   0|    1|          0|
    |indvar_flatten86_fu_1294            |   10|   0|   10|          0|
    |mul93_10_reg_10817                  |   32|   0|   32|          0|
    |mul93_11_reg_10822                  |   32|   0|   32|          0|
    |mul93_12_reg_10827                  |   32|   0|   32|          0|
    |mul93_13_reg_10832                  |   32|   0|   32|          0|
    |mul93_14_reg_10837                  |   32|   0|   32|          0|
    |mul93_15_reg_10842                  |   32|   0|   32|          0|
    |mul93_16_reg_10847                  |   32|   0|   32|          0|
    |mul93_17_reg_10852                  |   32|   0|   32|          0|
    |mul93_18_reg_10857                  |   32|   0|   32|          0|
    |mul93_19_reg_10862                  |   32|   0|   32|          0|
    |mul93_1_reg_10767                   |   32|   0|   32|          0|
    |mul93_20_reg_10867                  |   32|   0|   32|          0|
    |mul93_21_reg_10872                  |   32|   0|   32|          0|
    |mul93_22_reg_10877                  |   32|   0|   32|          0|
    |mul93_23_reg_10882                  |   32|   0|   32|          0|
    |mul93_24_reg_10887                  |   32|   0|   32|          0|
    |mul93_25_reg_10892                  |   32|   0|   32|          0|
    |mul93_26_reg_10897                  |   32|   0|   32|          0|
    |mul93_27_reg_10902                  |   32|   0|   32|          0|
    |mul93_28_reg_10907                  |   32|   0|   32|          0|
    |mul93_29_reg_10912                  |   32|   0|   32|          0|
    |mul93_2_reg_10772                   |   32|   0|   32|          0|
    |mul93_30_reg_10917                  |   32|   0|   32|          0|
    |mul93_31_reg_10922                  |   32|   0|   32|          0|
    |mul93_32_reg_10927                  |   32|   0|   32|          0|
    |mul93_33_reg_10932                  |   32|   0|   32|          0|
    |mul93_34_reg_10937                  |   32|   0|   32|          0|
    |mul93_35_reg_10942                  |   32|   0|   32|          0|
    |mul93_36_reg_10947                  |   32|   0|   32|          0|
    |mul93_37_reg_10952                  |   32|   0|   32|          0|
    |mul93_38_reg_10957                  |   32|   0|   32|          0|
    |mul93_39_reg_10962                  |   32|   0|   32|          0|
    |mul93_3_reg_10777                   |   32|   0|   32|          0|
    |mul93_40_reg_10967                  |   32|   0|   32|          0|
    |mul93_41_reg_10972                  |   32|   0|   32|          0|
    |mul93_42_reg_10977                  |   32|   0|   32|          0|
    |mul93_43_reg_10982                  |   32|   0|   32|          0|
    |mul93_44_reg_10987                  |   32|   0|   32|          0|
    |mul93_45_reg_10992                  |   32|   0|   32|          0|
    |mul93_46_reg_10997                  |   32|   0|   32|          0|
    |mul93_47_reg_11002                  |   32|   0|   32|          0|
    |mul93_48_reg_11007                  |   32|   0|   32|          0|
    |mul93_49_reg_11012                  |   32|   0|   32|          0|
    |mul93_4_reg_10782                   |   32|   0|   32|          0|
    |mul93_50_reg_11017                  |   32|   0|   32|          0|
    |mul93_51_reg_11022                  |   32|   0|   32|          0|
    |mul93_52_reg_11027                  |   32|   0|   32|          0|
    |mul93_53_reg_11032                  |   32|   0|   32|          0|
    |mul93_54_reg_11037                  |   32|   0|   32|          0|
    |mul93_55_reg_11042                  |   32|   0|   32|          0|
    |mul93_56_reg_11047                  |   32|   0|   32|          0|
    |mul93_57_reg_11052                  |   32|   0|   32|          0|
    |mul93_58_reg_11057                  |   32|   0|   32|          0|
    |mul93_59_reg_11062                  |   32|   0|   32|          0|
    |mul93_5_reg_10787                   |   32|   0|   32|          0|
    |mul93_60_reg_11067                  |   32|   0|   32|          0|
    |mul93_61_reg_11072                  |   32|   0|   32|          0|
    |mul93_62_reg_11077                  |   32|   0|   32|          0|
    |mul93_6_reg_10792                   |   32|   0|   32|          0|
    |mul93_7_reg_10797                   |   32|   0|   32|          0|
    |mul93_8_reg_10802                   |   32|   0|   32|          0|
    |mul93_9_reg_10807                   |   32|   0|   32|          0|
    |mul93_s_reg_10812                   |   32|   0|   32|          0|
    |mul_reg_10762                       |   32|   0|   32|          0|
    |partial_10_reg_11132                |   32|   0|   32|          0|
    |partial_11_reg_11137                |   32|   0|   32|          0|
    |partial_12_reg_11142                |   32|   0|   32|          0|
    |partial_13_reg_11147                |   32|   0|   32|          0|
    |partial_14_reg_11152                |   32|   0|   32|          0|
    |partial_15_reg_11157                |   32|   0|   32|          0|
    |partial_16_reg_11162                |   32|   0|   32|          0|
    |partial_17_reg_11167                |   32|   0|   32|          0|
    |partial_18_reg_11172                |   32|   0|   32|          0|
    |partial_19_reg_11177                |   32|   0|   32|          0|
    |partial_1_reg_11087                 |   32|   0|   32|          0|
    |partial_20_reg_11182                |   32|   0|   32|          0|
    |partial_21_reg_11187                |   32|   0|   32|          0|
    |partial_22_reg_11192                |   32|   0|   32|          0|
    |partial_23_reg_11197                |   32|   0|   32|          0|
    |partial_24_reg_11202                |   32|   0|   32|          0|
    |partial_25_reg_11207                |   32|   0|   32|          0|
    |partial_26_reg_11212                |   32|   0|   32|          0|
    |partial_27_reg_11217                |   32|   0|   32|          0|
    |partial_28_reg_11222                |   32|   0|   32|          0|
    |partial_29_reg_11227                |   32|   0|   32|          0|
    |partial_2_reg_11092                 |   32|   0|   32|          0|
    |partial_30_reg_11232                |   32|   0|   32|          0|
    |partial_31_reg_11237                |   32|   0|   32|          0|
    |partial_32_reg_11242                |   32|   0|   32|          0|
    |partial_33_reg_11247                |   32|   0|   32|          0|
    |partial_34_reg_11252                |   32|   0|   32|          0|
    |partial_35_reg_11257                |   32|   0|   32|          0|
    |partial_36_reg_11262                |   32|   0|   32|          0|
    |partial_37_reg_11267                |   32|   0|   32|          0|
    |partial_38_reg_11272                |   32|   0|   32|          0|
    |partial_39_reg_11277                |   32|   0|   32|          0|
    |partial_3_reg_11097                 |   32|   0|   32|          0|
    |partial_40_reg_11282                |   32|   0|   32|          0|
    |partial_41_reg_11287                |   32|   0|   32|          0|
    |partial_42_reg_11292                |   32|   0|   32|          0|
    |partial_43_reg_11297                |   32|   0|   32|          0|
    |partial_44_reg_11302                |   32|   0|   32|          0|
    |partial_45_reg_11307                |   32|   0|   32|          0|
    |partial_46_reg_11312                |   32|   0|   32|          0|
    |partial_47_reg_11317                |   32|   0|   32|          0|
    |partial_48_reg_11322                |   32|   0|   32|          0|
    |partial_49_reg_11327                |   32|   0|   32|          0|
    |partial_4_reg_11102                 |   32|   0|   32|          0|
    |partial_50_reg_11332                |   32|   0|   32|          0|
    |partial_51_reg_11337                |   32|   0|   32|          0|
    |partial_52_reg_11342                |   32|   0|   32|          0|
    |partial_53_reg_11347                |   32|   0|   32|          0|
    |partial_54_reg_11352                |   32|   0|   32|          0|
    |partial_55_reg_11357                |   32|   0|   32|          0|
    |partial_56_reg_11362                |   32|   0|   32|          0|
    |partial_57_reg_11367                |   32|   0|   32|          0|
    |partial_58_reg_11372                |   32|   0|   32|          0|
    |partial_59_reg_11377                |   32|   0|   32|          0|
    |partial_5_reg_11107                 |   32|   0|   32|          0|
    |partial_60_reg_11382                |   32|   0|   32|          0|
    |partial_61_reg_11387                |   32|   0|   32|          0|
    |partial_62_reg_11392                |   32|   0|   32|          0|
    |partial_63_reg_11397                |   32|   0|   32|          0|
    |partial_6_reg_11112                 |   32|   0|   32|          0|
    |partial_7_reg_11117                 |   32|   0|   32|          0|
    |partial_8_reg_11122                 |   32|   0|   32|          0|
    |partial_9_reg_11127                 |   32|   0|   32|          0|
    |partial_reg_11082                   |   32|   0|   32|          0|
    |row_fu_1290                         |    4|   0|    4|          0|
    |select_ln226_3_reg_9610             |    3|   0|    5|          2|
    |select_ln226_4_reg_9615             |    3|   0|    5|          2|
    |select_ln226_5_reg_9620             |    4|   0|    4|          0|
    |select_ln226_reg_9443               |    7|   0|    7|          0|
    |trunc_ln226_1_reg_9625              |    3|   0|    3|          0|
    |trunc_ln234_reg_9790                |    6|   0|    6|          0|
    |v_local_10_load_1_reg_10412         |   32|   0|   32|          0|
    |v_local_10_load_3_reg_10732         |   32|   0|   32|          0|
    |v_local_11_load_1_reg_10417         |   32|   0|   32|          0|
    |v_local_11_load_3_reg_10737         |   32|   0|   32|          0|
    |v_local_12_load_1_reg_10422         |   32|   0|   32|          0|
    |v_local_12_load_2_reg_10662         |   32|   0|   32|          0|
    |v_local_12_load_3_reg_10742         |   32|   0|   32|          0|
    |v_local_13_load_1_reg_10427         |   32|   0|   32|          0|
    |v_local_13_load_2_reg_10667         |   32|   0|   32|          0|
    |v_local_13_load_3_reg_10747         |   32|   0|   32|          0|
    |v_local_14_load_1_reg_10432         |   32|   0|   32|          0|
    |v_local_14_load_2_reg_10672         |   32|   0|   32|          0|
    |v_local_14_load_3_reg_10752         |   32|   0|   32|          0|
    |v_local_15_load_1_reg_10437         |   32|   0|   32|          0|
    |v_local_15_load_2_reg_10677         |   32|   0|   32|          0|
    |v_local_15_load_3_reg_10757         |   32|   0|   32|          0|
    |v_local_1_load_3_reg_10687          |   32|   0|   32|          0|
    |v_local_2_load_3_reg_10692          |   32|   0|   32|          0|
    |v_local_3_load_3_reg_10697          |   32|   0|   32|          0|
    |v_local_4_load_3_reg_10702          |   32|   0|   32|          0|
    |v_local_5_load_3_reg_10707          |   32|   0|   32|          0|
    |v_local_6_load_1_reg_10392          |   32|   0|   32|          0|
    |v_local_6_load_3_reg_10712          |   32|   0|   32|          0|
    |v_local_7_load_1_reg_10397          |   32|   0|   32|          0|
    |v_local_7_load_3_reg_10717          |   32|   0|   32|          0|
    |v_local_8_load_1_reg_10402          |   32|   0|   32|          0|
    |v_local_8_load_3_reg_10722          |   32|   0|   32|          0|
    |v_local_9_load_1_reg_10407          |   32|   0|   32|          0|
    |v_local_9_load_3_reg_10727          |   32|   0|   32|          0|
    |v_local_load_3_reg_10682            |   32|   0|   32|          0|
    |weights_local_10_load_1_reg_9932    |   32|   0|   32|          0|
    |weights_local_10_load_3_reg_10572   |   32|   0|   32|          0|
    |weights_local_11_load_1_reg_9937    |   32|   0|   32|          0|
    |weights_local_11_load_3_reg_10577   |   32|   0|   32|          0|
    |weights_local_12_load_1_reg_9942    |   32|   0|   32|          0|
    |weights_local_12_load_2_reg_10502   |   32|   0|   32|          0|
    |weights_local_12_load_3_reg_10582   |   32|   0|   32|          0|
    |weights_local_13_load_1_reg_9947    |   32|   0|   32|          0|
    |weights_local_13_load_2_reg_10507   |   32|   0|   32|          0|
    |weights_local_13_load_3_reg_10587   |   32|   0|   32|          0|
    |weights_local_14_load_1_reg_9952    |   32|   0|   32|          0|
    |weights_local_14_load_2_reg_10512   |   32|   0|   32|          0|
    |weights_local_14_load_3_reg_10592   |   32|   0|   32|          0|
    |weights_local_15_load_1_reg_9957    |   32|   0|   32|          0|
    |weights_local_15_load_2_reg_10517   |   32|   0|   32|          0|
    |weights_local_15_load_3_reg_10597   |   32|   0|   32|          0|
    |weights_local_1_load_3_reg_10527    |   32|   0|   32|          0|
    |weights_local_2_load_3_reg_10532    |   32|   0|   32|          0|
    |weights_local_3_load_3_reg_10537    |   32|   0|   32|          0|
    |weights_local_4_load_3_reg_10542    |   32|   0|   32|          0|
    |weights_local_5_load_3_reg_10547    |   32|   0|   32|          0|
    |weights_local_6_load_1_reg_9912     |   32|   0|   32|          0|
    |weights_local_6_load_3_reg_10552    |   32|   0|   32|          0|
    |weights_local_7_load_1_reg_9917     |   32|   0|   32|          0|
    |weights_local_7_load_3_reg_10557    |   32|   0|   32|          0|
    |weights_local_8_load_1_reg_9922     |   32|   0|   32|          0|
    |weights_local_8_load_3_reg_10562    |   32|   0|   32|          0|
    |weights_local_9_load_1_reg_9927     |   32|   0|   32|          0|
    |weights_local_9_load_3_reg_10567    |   32|   0|   32|          0|
    |weights_local_load_3_reg_10522      |   32|   0|   32|          0|
    |icmp_ln226_reg_9434                 |   64|  32|    1|          0|
    |mul93_10_reg_10817                  |   64|  32|   32|          0|
    |mul93_11_reg_10822                  |   64|  32|   32|          0|
    |mul93_12_reg_10827                  |   64|  32|   32|          0|
    |mul93_13_reg_10832                  |   64|  32|   32|          0|
    |mul93_14_reg_10837                  |   64|  32|   32|          0|
    |mul93_15_reg_10842                  |   64|  32|   32|          0|
    |mul93_16_reg_10847                  |   64|  32|   32|          0|
    |mul93_17_reg_10852                  |   64|  32|   32|          0|
    |mul93_18_reg_10857                  |   64|  32|   32|          0|
    |mul93_19_reg_10862                  |   64|  32|   32|          0|
    |mul93_1_reg_10767                   |   64|  32|   32|          0|
    |mul93_20_reg_10867                  |   64|  32|   32|          0|
    |mul93_21_reg_10872                  |   64|  32|   32|          0|
    |mul93_22_reg_10877                  |   64|  32|   32|          0|
    |mul93_23_reg_10882                  |   64|  32|   32|          0|
    |mul93_24_reg_10887                  |   64|  32|   32|          0|
    |mul93_25_reg_10892                  |   64|  32|   32|          0|
    |mul93_26_reg_10897                  |   64|  32|   32|          0|
    |mul93_27_reg_10902                  |   64|  32|   32|          0|
    |mul93_28_reg_10907                  |   64|  32|   32|          0|
    |mul93_29_reg_10912                  |   64|  32|   32|          0|
    |mul93_2_reg_10772                   |   64|  32|   32|          0|
    |mul93_30_reg_10917                  |   64|  32|   32|          0|
    |mul93_31_reg_10922                  |   64|  32|   32|          0|
    |mul93_32_reg_10927                  |   64|  32|   32|          0|
    |mul93_33_reg_10932                  |   64|  32|   32|          0|
    |mul93_34_reg_10937                  |   64|  32|   32|          0|
    |mul93_35_reg_10942                  |   64|  32|   32|          0|
    |mul93_36_reg_10947                  |   64|  32|   32|          0|
    |mul93_37_reg_10952                  |   64|  32|   32|          0|
    |mul93_38_reg_10957                  |   64|  32|   32|          0|
    |mul93_39_reg_10962                  |   64|  32|   32|          0|
    |mul93_3_reg_10777                   |   64|  32|   32|          0|
    |mul93_40_reg_10967                  |   64|  32|   32|          0|
    |mul93_41_reg_10972                  |   64|  32|   32|          0|
    |mul93_42_reg_10977                  |   64|  32|   32|          0|
    |mul93_43_reg_10982                  |   64|  32|   32|          0|
    |mul93_44_reg_10987                  |   64|  32|   32|          0|
    |mul93_45_reg_10992                  |   64|  32|   32|          0|
    |mul93_46_reg_10997                  |   64|  32|   32|          0|
    |mul93_47_reg_11002                  |   64|  32|   32|          0|
    |mul93_48_reg_11007                  |   64|  32|   32|          0|
    |mul93_49_reg_11012                  |   64|  32|   32|          0|
    |mul93_4_reg_10782                   |   64|  32|   32|          0|
    |mul93_50_reg_11017                  |   64|  32|   32|          0|
    |mul93_51_reg_11022                  |   64|  32|   32|          0|
    |mul93_52_reg_11027                  |   64|  32|   32|          0|
    |mul93_53_reg_11032                  |   64|  32|   32|          0|
    |mul93_54_reg_11037                  |   64|  32|   32|          0|
    |mul93_55_reg_11042                  |   64|  32|   32|          0|
    |mul93_56_reg_11047                  |   64|  32|   32|          0|
    |mul93_57_reg_11052                  |   64|  32|   32|          0|
    |mul93_58_reg_11057                  |   64|  32|   32|          0|
    |mul93_59_reg_11062                  |   64|  32|   32|          0|
    |mul93_5_reg_10787                   |   64|  32|   32|          0|
    |mul93_60_reg_11067                  |   64|  32|   32|          0|
    |mul93_61_reg_11072                  |   64|  32|   32|          0|
    |mul93_62_reg_11077                  |   64|  32|   32|          0|
    |mul93_6_reg_10792                   |   64|  32|   32|          0|
    |mul93_7_reg_10797                   |   64|  32|   32|          0|
    |mul93_8_reg_10802                   |   64|  32|   32|          0|
    |mul93_9_reg_10807                   |   64|  32|   32|          0|
    |mul93_s_reg_10812                   |   64|  32|   32|          0|
    |trunc_ln226_1_reg_9625              |   64|  32|    3|          0|
    |trunc_ln234_reg_9790                |   64|  32|    6|          0|
    +------------------------------------+-----+----+-----+-----------+
    |Total                               |10606|2112| 8412|          4|
    +------------------------------------+-----+----+-----+-----------+



================================================================
== Interface
================================================================
* Summary: 
+---------------------------+-----+-----+------------+------------------------------------------------------------------------------+--------------+
|         RTL Ports         | Dir | Bits|  Protocol  |                                 Source Object                                |    C Type    |
+---------------------------+-----+-----+------------+------------------------------------------------------------------------------+--------------+
|ap_clk                     |   in|    1|  ap_ctrl_hs|  v_weighted_sum_multik_u55c_kernel_Pipeline_VITIS_LOOP_226_8_VITIS_LOOP_227_9|  return value|
|ap_rst                     |   in|    1|  ap_ctrl_hs|  v_weighted_sum_multik_u55c_kernel_Pipeline_VITIS_LOOP_226_8_VITIS_LOOP_227_9|  return value|
|ap_start                   |   in|    1|  ap_ctrl_hs|  v_weighted_sum_multik_u55c_kernel_Pipeline_VITIS_LOOP_226_8_VITIS_LOOP_227_9|  return value|
|ap_done                    |  out|    1|  ap_ctrl_hs|  v_weighted_sum_multik_u55c_kernel_Pipeline_VITIS_LOOP_226_8_VITIS_LOOP_227_9|  return value|
|ap_idle                    |  out|    1|  ap_ctrl_hs|  v_weighted_sum_multik_u55c_kernel_Pipeline_VITIS_LOOP_226_8_VITIS_LOOP_227_9|  return value|
|ap_ready                   |  out|    1|  ap_ctrl_hs|  v_weighted_sum_multik_u55c_kernel_Pipeline_VITIS_LOOP_226_8_VITIS_LOOP_227_9|  return value|
|weights_local_address0     |  out|    5|   ap_memory|                                                                 weights_local|         array|
|weights_local_ce0          |  out|    1|   ap_memory|                                                                 weights_local|         array|
|weights_local_q0           |   in|   32|   ap_memory|                                                                 weights_local|         array|
|weights_local_address1     |  out|    5|   ap_memory|                                                                 weights_local|         array|
|weights_local_ce1          |  out|    1|   ap_memory|                                                                 weights_local|         array|
|weights_local_q1           |   in|   32|   ap_memory|                                                                 weights_local|         array|
|weights_local_1_address0   |  out|    5|   ap_memory|                                                               weights_local_1|         array|
|weights_local_1_ce0        |  out|    1|   ap_memory|                                                               weights_local_1|         array|
|weights_local_1_q0         |   in|   32|   ap_memory|                                                               weights_local_1|         array|
|weights_local_1_address1   |  out|    5|   ap_memory|                                                               weights_local_1|         array|
|weights_local_1_ce1        |  out|    1|   ap_memory|                                                               weights_local_1|         array|
|weights_local_1_q1         |   in|   32|   ap_memory|                                                               weights_local_1|         array|
|weights_local_2_address0   |  out|    5|   ap_memory|                                                               weights_local_2|         array|
|weights_local_2_ce0        |  out|    1|   ap_memory|                                                               weights_local_2|         array|
|weights_local_2_q0         |   in|   32|   ap_memory|                                                               weights_local_2|         array|
|weights_local_2_address1   |  out|    5|   ap_memory|                                                               weights_local_2|         array|
|weights_local_2_ce1        |  out|    1|   ap_memory|                                                               weights_local_2|         array|
|weights_local_2_q1         |   in|   32|   ap_memory|                                                               weights_local_2|         array|
|weights_local_3_address0   |  out|    5|   ap_memory|                                                               weights_local_3|         array|
|weights_local_3_ce0        |  out|    1|   ap_memory|                                                               weights_local_3|         array|
|weights_local_3_q0         |   in|   32|   ap_memory|                                                               weights_local_3|         array|
|weights_local_3_address1   |  out|    5|   ap_memory|                                                               weights_local_3|         array|
|weights_local_3_ce1        |  out|    1|   ap_memory|                                                               weights_local_3|         array|
|weights_local_3_q1         |   in|   32|   ap_memory|                                                               weights_local_3|         array|
|weights_local_4_address0   |  out|    5|   ap_memory|                                                               weights_local_4|         array|
|weights_local_4_ce0        |  out|    1|   ap_memory|                                                               weights_local_4|         array|
|weights_local_4_q0         |   in|   32|   ap_memory|                                                               weights_local_4|         array|
|weights_local_4_address1   |  out|    5|   ap_memory|                                                               weights_local_4|         array|
|weights_local_4_ce1        |  out|    1|   ap_memory|                                                               weights_local_4|         array|
|weights_local_4_q1         |   in|   32|   ap_memory|                                                               weights_local_4|         array|
|weights_local_5_address0   |  out|    5|   ap_memory|                                                               weights_local_5|         array|
|weights_local_5_ce0        |  out|    1|   ap_memory|                                                               weights_local_5|         array|
|weights_local_5_q0         |   in|   32|   ap_memory|                                                               weights_local_5|         array|
|weights_local_5_address1   |  out|    5|   ap_memory|                                                               weights_local_5|         array|
|weights_local_5_ce1        |  out|    1|   ap_memory|                                                               weights_local_5|         array|
|weights_local_5_q1         |   in|   32|   ap_memory|                                                               weights_local_5|         array|
|weights_local_6_address0   |  out|    5|   ap_memory|                                                               weights_local_6|         array|
|weights_local_6_ce0        |  out|    1|   ap_memory|                                                               weights_local_6|         array|
|weights_local_6_q0         |   in|   32|   ap_memory|                                                               weights_local_6|         array|
|weights_local_6_address1   |  out|    5|   ap_memory|                                                               weights_local_6|         array|
|weights_local_6_ce1        |  out|    1|   ap_memory|                                                               weights_local_6|         array|
|weights_local_6_q1         |   in|   32|   ap_memory|                                                               weights_local_6|         array|
|weights_local_7_address0   |  out|    5|   ap_memory|                                                               weights_local_7|         array|
|weights_local_7_ce0        |  out|    1|   ap_memory|                                                               weights_local_7|         array|
|weights_local_7_q0         |   in|   32|   ap_memory|                                                               weights_local_7|         array|
|weights_local_7_address1   |  out|    5|   ap_memory|                                                               weights_local_7|         array|
|weights_local_7_ce1        |  out|    1|   ap_memory|                                                               weights_local_7|         array|
|weights_local_7_q1         |   in|   32|   ap_memory|                                                               weights_local_7|         array|
|weights_local_8_address0   |  out|    5|   ap_memory|                                                               weights_local_8|         array|
|weights_local_8_ce0        |  out|    1|   ap_memory|                                                               weights_local_8|         array|
|weights_local_8_q0         |   in|   32|   ap_memory|                                                               weights_local_8|         array|
|weights_local_8_address1   |  out|    5|   ap_memory|                                                               weights_local_8|         array|
|weights_local_8_ce1        |  out|    1|   ap_memory|                                                               weights_local_8|         array|
|weights_local_8_q1         |   in|   32|   ap_memory|                                                               weights_local_8|         array|
|weights_local_9_address0   |  out|    5|   ap_memory|                                                               weights_local_9|         array|
|weights_local_9_ce0        |  out|    1|   ap_memory|                                                               weights_local_9|         array|
|weights_local_9_q0         |   in|   32|   ap_memory|                                                               weights_local_9|         array|
|weights_local_9_address1   |  out|    5|   ap_memory|                                                               weights_local_9|         array|
|weights_local_9_ce1        |  out|    1|   ap_memory|                                                               weights_local_9|         array|
|weights_local_9_q1         |   in|   32|   ap_memory|                                                               weights_local_9|         array|
|weights_local_10_address0  |  out|    5|   ap_memory|                                                              weights_local_10|         array|
|weights_local_10_ce0       |  out|    1|   ap_memory|                                                              weights_local_10|         array|
|weights_local_10_q0        |   in|   32|   ap_memory|                                                              weights_local_10|         array|
|weights_local_10_address1  |  out|    5|   ap_memory|                                                              weights_local_10|         array|
|weights_local_10_ce1       |  out|    1|   ap_memory|                                                              weights_local_10|         array|
|weights_local_10_q1        |   in|   32|   ap_memory|                                                              weights_local_10|         array|
|weights_local_11_address0  |  out|    5|   ap_memory|                                                              weights_local_11|         array|
|weights_local_11_ce0       |  out|    1|   ap_memory|                                                              weights_local_11|         array|
|weights_local_11_q0        |   in|   32|   ap_memory|                                                              weights_local_11|         array|
|weights_local_11_address1  |  out|    5|   ap_memory|                                                              weights_local_11|         array|
|weights_local_11_ce1       |  out|    1|   ap_memory|                                                              weights_local_11|         array|
|weights_local_11_q1        |   in|   32|   ap_memory|                                                              weights_local_11|         array|
|weights_local_12_address0  |  out|    5|   ap_memory|                                                              weights_local_12|         array|
|weights_local_12_ce0       |  out|    1|   ap_memory|                                                              weights_local_12|         array|
|weights_local_12_q0        |   in|   32|   ap_memory|                                                              weights_local_12|         array|
|weights_local_12_address1  |  out|    5|   ap_memory|                                                              weights_local_12|         array|
|weights_local_12_ce1       |  out|    1|   ap_memory|                                                              weights_local_12|         array|
|weights_local_12_q1        |   in|   32|   ap_memory|                                                              weights_local_12|         array|
|weights_local_13_address0  |  out|    5|   ap_memory|                                                              weights_local_13|         array|
|weights_local_13_ce0       |  out|    1|   ap_memory|                                                              weights_local_13|         array|
|weights_local_13_q0        |   in|   32|   ap_memory|                                                              weights_local_13|         array|
|weights_local_13_address1  |  out|    5|   ap_memory|                                                              weights_local_13|         array|
|weights_local_13_ce1       |  out|    1|   ap_memory|                                                              weights_local_13|         array|
|weights_local_13_q1        |   in|   32|   ap_memory|                                                              weights_local_13|         array|
|weights_local_14_address0  |  out|    5|   ap_memory|                                                              weights_local_14|         array|
|weights_local_14_ce0       |  out|    1|   ap_memory|                                                              weights_local_14|         array|
|weights_local_14_q0        |   in|   32|   ap_memory|                                                              weights_local_14|         array|
|weights_local_14_address1  |  out|    5|   ap_memory|                                                              weights_local_14|         array|
|weights_local_14_ce1       |  out|    1|   ap_memory|                                                              weights_local_14|         array|
|weights_local_14_q1        |   in|   32|   ap_memory|                                                              weights_local_14|         array|
|weights_local_15_address0  |  out|    5|   ap_memory|                                                              weights_local_15|         array|
|weights_local_15_ce0       |  out|    1|   ap_memory|                                                              weights_local_15|         array|
|weights_local_15_q0        |   in|   32|   ap_memory|                                                              weights_local_15|         array|
|weights_local_15_address1  |  out|    5|   ap_memory|                                                              weights_local_15|         array|
|weights_local_15_ce1       |  out|    1|   ap_memory|                                                              weights_local_15|         array|
|weights_local_15_q1        |   in|   32|   ap_memory|                                                              weights_local_15|         array|
|v_local_address0           |  out|    8|   ap_memory|                                                                       v_local|         array|
|v_local_ce0                |  out|    1|   ap_memory|                                                                       v_local|         array|
|v_local_q0                 |   in|   32|   ap_memory|                                                                       v_local|         array|
|v_local_address1           |  out|    8|   ap_memory|                                                                       v_local|         array|
|v_local_ce1                |  out|    1|   ap_memory|                                                                       v_local|         array|
|v_local_q1                 |   in|   32|   ap_memory|                                                                       v_local|         array|
|v_local_1_address0         |  out|    8|   ap_memory|                                                                     v_local_1|         array|
|v_local_1_ce0              |  out|    1|   ap_memory|                                                                     v_local_1|         array|
|v_local_1_q0               |   in|   32|   ap_memory|                                                                     v_local_1|         array|
|v_local_1_address1         |  out|    8|   ap_memory|                                                                     v_local_1|         array|
|v_local_1_ce1              |  out|    1|   ap_memory|                                                                     v_local_1|         array|
|v_local_1_q1               |   in|   32|   ap_memory|                                                                     v_local_1|         array|
|v_local_2_address0         |  out|    8|   ap_memory|                                                                     v_local_2|         array|
|v_local_2_ce0              |  out|    1|   ap_memory|                                                                     v_local_2|         array|
|v_local_2_q0               |   in|   32|   ap_memory|                                                                     v_local_2|         array|
|v_local_2_address1         |  out|    8|   ap_memory|                                                                     v_local_2|         array|
|v_local_2_ce1              |  out|    1|   ap_memory|                                                                     v_local_2|         array|
|v_local_2_q1               |   in|   32|   ap_memory|                                                                     v_local_2|         array|
|v_local_3_address0         |  out|    8|   ap_memory|                                                                     v_local_3|         array|
|v_local_3_ce0              |  out|    1|   ap_memory|                                                                     v_local_3|         array|
|v_local_3_q0               |   in|   32|   ap_memory|                                                                     v_local_3|         array|
|v_local_3_address1         |  out|    8|   ap_memory|                                                                     v_local_3|         array|
|v_local_3_ce1              |  out|    1|   ap_memory|                                                                     v_local_3|         array|
|v_local_3_q1               |   in|   32|   ap_memory|                                                                     v_local_3|         array|
|v_local_4_address0         |  out|    8|   ap_memory|                                                                     v_local_4|         array|
|v_local_4_ce0              |  out|    1|   ap_memory|                                                                     v_local_4|         array|
|v_local_4_q0               |   in|   32|   ap_memory|                                                                     v_local_4|         array|
|v_local_4_address1         |  out|    8|   ap_memory|                                                                     v_local_4|         array|
|v_local_4_ce1              |  out|    1|   ap_memory|                                                                     v_local_4|         array|
|v_local_4_q1               |   in|   32|   ap_memory|                                                                     v_local_4|         array|
|v_local_5_address0         |  out|    8|   ap_memory|                                                                     v_local_5|         array|
|v_local_5_ce0              |  out|    1|   ap_memory|                                                                     v_local_5|         array|
|v_local_5_q0               |   in|   32|   ap_memory|                                                                     v_local_5|         array|
|v_local_5_address1         |  out|    8|   ap_memory|                                                                     v_local_5|         array|
|v_local_5_ce1              |  out|    1|   ap_memory|                                                                     v_local_5|         array|
|v_local_5_q1               |   in|   32|   ap_memory|                                                                     v_local_5|         array|
|v_local_6_address0         |  out|    8|   ap_memory|                                                                     v_local_6|         array|
|v_local_6_ce0              |  out|    1|   ap_memory|                                                                     v_local_6|         array|
|v_local_6_q0               |   in|   32|   ap_memory|                                                                     v_local_6|         array|
|v_local_6_address1         |  out|    8|   ap_memory|                                                                     v_local_6|         array|
|v_local_6_ce1              |  out|    1|   ap_memory|                                                                     v_local_6|         array|
|v_local_6_q1               |   in|   32|   ap_memory|                                                                     v_local_6|         array|
|v_local_7_address0         |  out|    8|   ap_memory|                                                                     v_local_7|         array|
|v_local_7_ce0              |  out|    1|   ap_memory|                                                                     v_local_7|         array|
|v_local_7_q0               |   in|   32|   ap_memory|                                                                     v_local_7|         array|
|v_local_7_address1         |  out|    8|   ap_memory|                                                                     v_local_7|         array|
|v_local_7_ce1              |  out|    1|   ap_memory|                                                                     v_local_7|         array|
|v_local_7_q1               |   in|   32|   ap_memory|                                                                     v_local_7|         array|
|v_local_8_address0         |  out|    8|   ap_memory|                                                                     v_local_8|         array|
|v_local_8_ce0              |  out|    1|   ap_memory|                                                                     v_local_8|         array|
|v_local_8_q0               |   in|   32|   ap_memory|                                                                     v_local_8|         array|
|v_local_8_address1         |  out|    8|   ap_memory|                                                                     v_local_8|         array|
|v_local_8_ce1              |  out|    1|   ap_memory|                                                                     v_local_8|         array|
|v_local_8_q1               |   in|   32|   ap_memory|                                                                     v_local_8|         array|
|v_local_9_address0         |  out|    8|   ap_memory|                                                                     v_local_9|         array|
|v_local_9_ce0              |  out|    1|   ap_memory|                                                                     v_local_9|         array|
|v_local_9_q0               |   in|   32|   ap_memory|                                                                     v_local_9|         array|
|v_local_9_address1         |  out|    8|   ap_memory|                                                                     v_local_9|         array|
|v_local_9_ce1              |  out|    1|   ap_memory|                                                                     v_local_9|         array|
|v_local_9_q1               |   in|   32|   ap_memory|                                                                     v_local_9|         array|
|v_local_10_address0        |  out|    8|   ap_memory|                                                                    v_local_10|         array|
|v_local_10_ce0             |  out|    1|   ap_memory|                                                                    v_local_10|         array|
|v_local_10_q0              |   in|   32|   ap_memory|                                                                    v_local_10|         array|
|v_local_10_address1        |  out|    8|   ap_memory|                                                                    v_local_10|         array|
|v_local_10_ce1             |  out|    1|   ap_memory|                                                                    v_local_10|         array|
|v_local_10_q1              |   in|   32|   ap_memory|                                                                    v_local_10|         array|
|v_local_11_address0        |  out|    8|   ap_memory|                                                                    v_local_11|         array|
|v_local_11_ce0             |  out|    1|   ap_memory|                                                                    v_local_11|         array|
|v_local_11_q0              |   in|   32|   ap_memory|                                                                    v_local_11|         array|
|v_local_11_address1        |  out|    8|   ap_memory|                                                                    v_local_11|         array|
|v_local_11_ce1             |  out|    1|   ap_memory|                                                                    v_local_11|         array|
|v_local_11_q1              |   in|   32|   ap_memory|                                                                    v_local_11|         array|
|v_local_12_address0        |  out|    8|   ap_memory|                                                                    v_local_12|         array|
|v_local_12_ce0             |  out|    1|   ap_memory|                                                                    v_local_12|         array|
|v_local_12_q0              |   in|   32|   ap_memory|                                                                    v_local_12|         array|
|v_local_12_address1        |  out|    8|   ap_memory|                                                                    v_local_12|         array|
|v_local_12_ce1             |  out|    1|   ap_memory|                                                                    v_local_12|         array|
|v_local_12_q1              |   in|   32|   ap_memory|                                                                    v_local_12|         array|
|v_local_13_address0        |  out|    8|   ap_memory|                                                                    v_local_13|         array|
|v_local_13_ce0             |  out|    1|   ap_memory|                                                                    v_local_13|         array|
|v_local_13_q0              |   in|   32|   ap_memory|                                                                    v_local_13|         array|
|v_local_13_address1        |  out|    8|   ap_memory|                                                                    v_local_13|         array|
|v_local_13_ce1             |  out|    1|   ap_memory|                                                                    v_local_13|         array|
|v_local_13_q1              |   in|   32|   ap_memory|                                                                    v_local_13|         array|
|v_local_14_address0        |  out|    8|   ap_memory|                                                                    v_local_14|         array|
|v_local_14_ce0             |  out|    1|   ap_memory|                                                                    v_local_14|         array|
|v_local_14_q0              |   in|   32|   ap_memory|                                                                    v_local_14|         array|
|v_local_14_address1        |  out|    8|   ap_memory|                                                                    v_local_14|         array|
|v_local_14_ce1             |  out|    1|   ap_memory|                                                                    v_local_14|         array|
|v_local_14_q1              |   in|   32|   ap_memory|                                                                    v_local_14|         array|
|v_local_15_address0        |  out|    8|   ap_memory|                                                                    v_local_15|         array|
|v_local_15_ce0             |  out|    1|   ap_memory|                                                                    v_local_15|         array|
|v_local_15_q0              |   in|   32|   ap_memory|                                                                    v_local_15|         array|
|v_local_15_address1        |  out|    8|   ap_memory|                                                                    v_local_15|         array|
|v_local_15_ce1             |  out|    1|   ap_memory|                                                                    v_local_15|         array|
|v_local_15_q1              |   in|   32|   ap_memory|                                                                    v_local_15|         array|
|acc_3007_out_i             |   in|   32|     ap_ovld|                                                                  acc_3007_out|       pointer|
|acc_3007_out_o             |  out|   32|     ap_ovld|                                                                  acc_3007_out|       pointer|
|acc_3007_out_o_ap_vld      |  out|    1|     ap_ovld|                                                                  acc_3007_out|       pointer|
|acc_3006_out_i             |   in|   32|     ap_ovld|                                                                  acc_3006_out|       pointer|
|acc_3006_out_o             |  out|   32|     ap_ovld|                                                                  acc_3006_out|       pointer|
|acc_3006_out_o_ap_vld      |  out|    1|     ap_ovld|                                                                  acc_3006_out|       pointer|
|acc_3005_out_i             |   in|   32|     ap_ovld|                                                                  acc_3005_out|       pointer|
|acc_3005_out_o             |  out|   32|     ap_ovld|                                                                  acc_3005_out|       pointer|
|acc_3005_out_o_ap_vld      |  out|    1|     ap_ovld|                                                                  acc_3005_out|       pointer|
|acc_3004_out_i             |   in|   32|     ap_ovld|                                                                  acc_3004_out|       pointer|
|acc_3004_out_o             |  out|   32|     ap_ovld|                                                                  acc_3004_out|       pointer|
|acc_3004_out_o_ap_vld      |  out|    1|     ap_ovld|                                                                  acc_3004_out|       pointer|
|acc_3003_out_i             |   in|   32|     ap_ovld|                                                                  acc_3003_out|       pointer|
|acc_3003_out_o             |  out|   32|     ap_ovld|                                                                  acc_3003_out|       pointer|
|acc_3003_out_o_ap_vld      |  out|    1|     ap_ovld|                                                                  acc_3003_out|       pointer|
|acc_3002_out_i             |   in|   32|     ap_ovld|                                                                  acc_3002_out|       pointer|
|acc_3002_out_o             |  out|   32|     ap_ovld|                                                                  acc_3002_out|       pointer|
|acc_3002_out_o_ap_vld      |  out|    1|     ap_ovld|                                                                  acc_3002_out|       pointer|
|acc_3001_out_i             |   in|   32|     ap_ovld|                                                                  acc_3001_out|       pointer|
|acc_3001_out_o             |  out|   32|     ap_ovld|                                                                  acc_3001_out|       pointer|
|acc_3001_out_o_ap_vld      |  out|    1|     ap_ovld|                                                                  acc_3001_out|       pointer|
|acc_3000_out_i             |   in|   32|     ap_ovld|                                                                  acc_3000_out|       pointer|
|acc_3000_out_o             |  out|   32|     ap_ovld|                                                                  acc_3000_out|       pointer|
|acc_3000_out_o_ap_vld      |  out|    1|     ap_ovld|                                                                  acc_3000_out|       pointer|
|acc_2999_out_i             |   in|   32|     ap_ovld|                                                                  acc_2999_out|       pointer|
|acc_2999_out_o             |  out|   32|     ap_ovld|                                                                  acc_2999_out|       pointer|
|acc_2999_out_o_ap_vld      |  out|    1|     ap_ovld|                                                                  acc_2999_out|       pointer|
|acc_2998_out_i             |   in|   32|     ap_ovld|                                                                  acc_2998_out|       pointer|
|acc_2998_out_o             |  out|   32|     ap_ovld|                                                                  acc_2998_out|       pointer|
|acc_2998_out_o_ap_vld      |  out|    1|     ap_ovld|                                                                  acc_2998_out|       pointer|
|acc_2997_out_i             |   in|   32|     ap_ovld|                                                                  acc_2997_out|       pointer|
|acc_2997_out_o             |  out|   32|     ap_ovld|                                                                  acc_2997_out|       pointer|
|acc_2997_out_o_ap_vld      |  out|    1|     ap_ovld|                                                                  acc_2997_out|       pointer|
|acc_2996_out_i             |   in|   32|     ap_ovld|                                                                  acc_2996_out|       pointer|
|acc_2996_out_o             |  out|   32|     ap_ovld|                                                                  acc_2996_out|       pointer|
|acc_2996_out_o_ap_vld      |  out|    1|     ap_ovld|                                                                  acc_2996_out|       pointer|
|acc_2995_out_i             |   in|   32|     ap_ovld|                                                                  acc_2995_out|       pointer|
|acc_2995_out_o             |  out|   32|     ap_ovld|                                                                  acc_2995_out|       pointer|
|acc_2995_out_o_ap_vld      |  out|    1|     ap_ovld|                                                                  acc_2995_out|       pointer|
|acc_2994_out_i             |   in|   32|     ap_ovld|                                                                  acc_2994_out|       pointer|
|acc_2994_out_o             |  out|   32|     ap_ovld|                                                                  acc_2994_out|       pointer|
|acc_2994_out_o_ap_vld      |  out|    1|     ap_ovld|                                                                  acc_2994_out|       pointer|
|acc_2993_out_i             |   in|   32|     ap_ovld|                                                                  acc_2993_out|       pointer|
|acc_2993_out_o             |  out|   32|     ap_ovld|                                                                  acc_2993_out|       pointer|
|acc_2993_out_o_ap_vld      |  out|    1|     ap_ovld|                                                                  acc_2993_out|       pointer|
|acc_2992_out_i             |   in|   32|     ap_ovld|                                                                  acc_2992_out|       pointer|
|acc_2992_out_o             |  out|   32|     ap_ovld|                                                                  acc_2992_out|       pointer|
|acc_2992_out_o_ap_vld      |  out|    1|     ap_ovld|                                                                  acc_2992_out|       pointer|
|acc_2991_out_i             |   in|   32|     ap_ovld|                                                                  acc_2991_out|       pointer|
|acc_2991_out_o             |  out|   32|     ap_ovld|                                                                  acc_2991_out|       pointer|
|acc_2991_out_o_ap_vld      |  out|    1|     ap_ovld|                                                                  acc_2991_out|       pointer|
|acc_2990_out_i             |   in|   32|     ap_ovld|                                                                  acc_2990_out|       pointer|
|acc_2990_out_o             |  out|   32|     ap_ovld|                                                                  acc_2990_out|       pointer|
|acc_2990_out_o_ap_vld      |  out|    1|     ap_ovld|                                                                  acc_2990_out|       pointer|
|acc_2989_out_i             |   in|   32|     ap_ovld|                                                                  acc_2989_out|       pointer|
|acc_2989_out_o             |  out|   32|     ap_ovld|                                                                  acc_2989_out|       pointer|
|acc_2989_out_o_ap_vld      |  out|    1|     ap_ovld|                                                                  acc_2989_out|       pointer|
|acc_2988_out_i             |   in|   32|     ap_ovld|                                                                  acc_2988_out|       pointer|
|acc_2988_out_o             |  out|   32|     ap_ovld|                                                                  acc_2988_out|       pointer|
|acc_2988_out_o_ap_vld      |  out|    1|     ap_ovld|                                                                  acc_2988_out|       pointer|
|acc_2987_out_i             |   in|   32|     ap_ovld|                                                                  acc_2987_out|       pointer|
|acc_2987_out_o             |  out|   32|     ap_ovld|                                                                  acc_2987_out|       pointer|
|acc_2987_out_o_ap_vld      |  out|    1|     ap_ovld|                                                                  acc_2987_out|       pointer|
|acc_2986_out_i             |   in|   32|     ap_ovld|                                                                  acc_2986_out|       pointer|
|acc_2986_out_o             |  out|   32|     ap_ovld|                                                                  acc_2986_out|       pointer|
|acc_2986_out_o_ap_vld      |  out|    1|     ap_ovld|                                                                  acc_2986_out|       pointer|
|acc_2985_out_i             |   in|   32|     ap_ovld|                                                                  acc_2985_out|       pointer|
|acc_2985_out_o             |  out|   32|     ap_ovld|                                                                  acc_2985_out|       pointer|
|acc_2985_out_o_ap_vld      |  out|    1|     ap_ovld|                                                                  acc_2985_out|       pointer|
|acc_2984_out_i             |   in|   32|     ap_ovld|                                                                  acc_2984_out|       pointer|
|acc_2984_out_o             |  out|   32|     ap_ovld|                                                                  acc_2984_out|       pointer|
|acc_2984_out_o_ap_vld      |  out|    1|     ap_ovld|                                                                  acc_2984_out|       pointer|
|acc_2983_out_i             |   in|   32|     ap_ovld|                                                                  acc_2983_out|       pointer|
|acc_2983_out_o             |  out|   32|     ap_ovld|                                                                  acc_2983_out|       pointer|
|acc_2983_out_o_ap_vld      |  out|    1|     ap_ovld|                                                                  acc_2983_out|       pointer|
|acc_2982_out_i             |   in|   32|     ap_ovld|                                                                  acc_2982_out|       pointer|
|acc_2982_out_o             |  out|   32|     ap_ovld|                                                                  acc_2982_out|       pointer|
|acc_2982_out_o_ap_vld      |  out|    1|     ap_ovld|                                                                  acc_2982_out|       pointer|
|acc_2981_out_i             |   in|   32|     ap_ovld|                                                                  acc_2981_out|       pointer|
|acc_2981_out_o             |  out|   32|     ap_ovld|                                                                  acc_2981_out|       pointer|
|acc_2981_out_o_ap_vld      |  out|    1|     ap_ovld|                                                                  acc_2981_out|       pointer|
|acc_2980_out_i             |   in|   32|     ap_ovld|                                                                  acc_2980_out|       pointer|
|acc_2980_out_o             |  out|   32|     ap_ovld|                                                                  acc_2980_out|       pointer|
|acc_2980_out_o_ap_vld      |  out|    1|     ap_ovld|                                                                  acc_2980_out|       pointer|
|acc_2979_out_i             |   in|   32|     ap_ovld|                                                                  acc_2979_out|       pointer|
|acc_2979_out_o             |  out|   32|     ap_ovld|                                                                  acc_2979_out|       pointer|
|acc_2979_out_o_ap_vld      |  out|    1|     ap_ovld|                                                                  acc_2979_out|       pointer|
|acc_2978_out_i             |   in|   32|     ap_ovld|                                                                  acc_2978_out|       pointer|
|acc_2978_out_o             |  out|   32|     ap_ovld|                                                                  acc_2978_out|       pointer|
|acc_2978_out_o_ap_vld      |  out|    1|     ap_ovld|                                                                  acc_2978_out|       pointer|
|acc_2977_out_i             |   in|   32|     ap_ovld|                                                                  acc_2977_out|       pointer|
|acc_2977_out_o             |  out|   32|     ap_ovld|                                                                  acc_2977_out|       pointer|
|acc_2977_out_o_ap_vld      |  out|    1|     ap_ovld|                                                                  acc_2977_out|       pointer|
|acc_2976_out_i             |   in|   32|     ap_ovld|                                                                  acc_2976_out|       pointer|
|acc_2976_out_o             |  out|   32|     ap_ovld|                                                                  acc_2976_out|       pointer|
|acc_2976_out_o_ap_vld      |  out|    1|     ap_ovld|                                                                  acc_2976_out|       pointer|
|acc_2975_out_i             |   in|   32|     ap_ovld|                                                                  acc_2975_out|       pointer|
|acc_2975_out_o             |  out|   32|     ap_ovld|                                                                  acc_2975_out|       pointer|
|acc_2975_out_o_ap_vld      |  out|    1|     ap_ovld|                                                                  acc_2975_out|       pointer|
|acc_2974_out_i             |   in|   32|     ap_ovld|                                                                  acc_2974_out|       pointer|
|acc_2974_out_o             |  out|   32|     ap_ovld|                                                                  acc_2974_out|       pointer|
|acc_2974_out_o_ap_vld      |  out|    1|     ap_ovld|                                                                  acc_2974_out|       pointer|
|acc_2973_out_i             |   in|   32|     ap_ovld|                                                                  acc_2973_out|       pointer|
|acc_2973_out_o             |  out|   32|     ap_ovld|                                                                  acc_2973_out|       pointer|
|acc_2973_out_o_ap_vld      |  out|    1|     ap_ovld|                                                                  acc_2973_out|       pointer|
|acc_2972_out_i             |   in|   32|     ap_ovld|                                                                  acc_2972_out|       pointer|
|acc_2972_out_o             |  out|   32|     ap_ovld|                                                                  acc_2972_out|       pointer|
|acc_2972_out_o_ap_vld      |  out|    1|     ap_ovld|                                                                  acc_2972_out|       pointer|
|acc_2971_out_i             |   in|   32|     ap_ovld|                                                                  acc_2971_out|       pointer|
|acc_2971_out_o             |  out|   32|     ap_ovld|                                                                  acc_2971_out|       pointer|
|acc_2971_out_o_ap_vld      |  out|    1|     ap_ovld|                                                                  acc_2971_out|       pointer|
|acc_2970_out_i             |   in|   32|     ap_ovld|                                                                  acc_2970_out|       pointer|
|acc_2970_out_o             |  out|   32|     ap_ovld|                                                                  acc_2970_out|       pointer|
|acc_2970_out_o_ap_vld      |  out|    1|     ap_ovld|                                                                  acc_2970_out|       pointer|
|acc_2969_out_i             |   in|   32|     ap_ovld|                                                                  acc_2969_out|       pointer|
|acc_2969_out_o             |  out|   32|     ap_ovld|                                                                  acc_2969_out|       pointer|
|acc_2969_out_o_ap_vld      |  out|    1|     ap_ovld|                                                                  acc_2969_out|       pointer|
|acc_2968_out_i             |   in|   32|     ap_ovld|                                                                  acc_2968_out|       pointer|
|acc_2968_out_o             |  out|   32|     ap_ovld|                                                                  acc_2968_out|       pointer|
|acc_2968_out_o_ap_vld      |  out|    1|     ap_ovld|                                                                  acc_2968_out|       pointer|
|acc_2967_out_i             |   in|   32|     ap_ovld|                                                                  acc_2967_out|       pointer|
|acc_2967_out_o             |  out|   32|     ap_ovld|                                                                  acc_2967_out|       pointer|
|acc_2967_out_o_ap_vld      |  out|    1|     ap_ovld|                                                                  acc_2967_out|       pointer|
|acc_2966_out_i             |   in|   32|     ap_ovld|                                                                  acc_2966_out|       pointer|
|acc_2966_out_o             |  out|   32|     ap_ovld|                                                                  acc_2966_out|       pointer|
|acc_2966_out_o_ap_vld      |  out|    1|     ap_ovld|                                                                  acc_2966_out|       pointer|
|acc_2965_out_i             |   in|   32|     ap_ovld|                                                                  acc_2965_out|       pointer|
|acc_2965_out_o             |  out|   32|     ap_ovld|                                                                  acc_2965_out|       pointer|
|acc_2965_out_o_ap_vld      |  out|    1|     ap_ovld|                                                                  acc_2965_out|       pointer|
|acc_2964_out_i             |   in|   32|     ap_ovld|                                                                  acc_2964_out|       pointer|
|acc_2964_out_o             |  out|   32|     ap_ovld|                                                                  acc_2964_out|       pointer|
|acc_2964_out_o_ap_vld      |  out|    1|     ap_ovld|                                                                  acc_2964_out|       pointer|
|acc_2963_out_i             |   in|   32|     ap_ovld|                                                                  acc_2963_out|       pointer|
|acc_2963_out_o             |  out|   32|     ap_ovld|                                                                  acc_2963_out|       pointer|
|acc_2963_out_o_ap_vld      |  out|    1|     ap_ovld|                                                                  acc_2963_out|       pointer|
|acc_2962_out_i             |   in|   32|     ap_ovld|                                                                  acc_2962_out|       pointer|
|acc_2962_out_o             |  out|   32|     ap_ovld|                                                                  acc_2962_out|       pointer|
|acc_2962_out_o_ap_vld      |  out|    1|     ap_ovld|                                                                  acc_2962_out|       pointer|
|acc_2961_out_i             |   in|   32|     ap_ovld|                                                                  acc_2961_out|       pointer|
|acc_2961_out_o             |  out|   32|     ap_ovld|                                                                  acc_2961_out|       pointer|
|acc_2961_out_o_ap_vld      |  out|    1|     ap_ovld|                                                                  acc_2961_out|       pointer|
|acc_2960_out_i             |   in|   32|     ap_ovld|                                                                  acc_2960_out|       pointer|
|acc_2960_out_o             |  out|   32|     ap_ovld|                                                                  acc_2960_out|       pointer|
|acc_2960_out_o_ap_vld      |  out|    1|     ap_ovld|                                                                  acc_2960_out|       pointer|
|acc_2959_out_i             |   in|   32|     ap_ovld|                                                                  acc_2959_out|       pointer|
|acc_2959_out_o             |  out|   32|     ap_ovld|                                                                  acc_2959_out|       pointer|
|acc_2959_out_o_ap_vld      |  out|    1|     ap_ovld|                                                                  acc_2959_out|       pointer|
|acc_2958_out_i             |   in|   32|     ap_ovld|                                                                  acc_2958_out|       pointer|
|acc_2958_out_o             |  out|   32|     ap_ovld|                                                                  acc_2958_out|       pointer|
|acc_2958_out_o_ap_vld      |  out|    1|     ap_ovld|                                                                  acc_2958_out|       pointer|
|acc_2957_out_i             |   in|   32|     ap_ovld|                                                                  acc_2957_out|       pointer|
|acc_2957_out_o             |  out|   32|     ap_ovld|                                                                  acc_2957_out|       pointer|
|acc_2957_out_o_ap_vld      |  out|    1|     ap_ovld|                                                                  acc_2957_out|       pointer|
|acc_2956_out_i             |   in|   32|     ap_ovld|                                                                  acc_2956_out|       pointer|
|acc_2956_out_o             |  out|   32|     ap_ovld|                                                                  acc_2956_out|       pointer|
|acc_2956_out_o_ap_vld      |  out|    1|     ap_ovld|                                                                  acc_2956_out|       pointer|
|acc_2955_out_i             |   in|   32|     ap_ovld|                                                                  acc_2955_out|       pointer|
|acc_2955_out_o             |  out|   32|     ap_ovld|                                                                  acc_2955_out|       pointer|
|acc_2955_out_o_ap_vld      |  out|    1|     ap_ovld|                                                                  acc_2955_out|       pointer|
|acc_2954_out_i             |   in|   32|     ap_ovld|                                                                  acc_2954_out|       pointer|
|acc_2954_out_o             |  out|   32|     ap_ovld|                                                                  acc_2954_out|       pointer|
|acc_2954_out_o_ap_vld      |  out|    1|     ap_ovld|                                                                  acc_2954_out|       pointer|
|acc_2953_out_i             |   in|   32|     ap_ovld|                                                                  acc_2953_out|       pointer|
|acc_2953_out_o             |  out|   32|     ap_ovld|                                                                  acc_2953_out|       pointer|
|acc_2953_out_o_ap_vld      |  out|    1|     ap_ovld|                                                                  acc_2953_out|       pointer|
|acc_2952_out_i             |   in|   32|     ap_ovld|                                                                  acc_2952_out|       pointer|
|acc_2952_out_o             |  out|   32|     ap_ovld|                                                                  acc_2952_out|       pointer|
|acc_2952_out_o_ap_vld      |  out|    1|     ap_ovld|                                                                  acc_2952_out|       pointer|
|acc_2951_out_i             |   in|   32|     ap_ovld|                                                                  acc_2951_out|       pointer|
|acc_2951_out_o             |  out|   32|     ap_ovld|                                                                  acc_2951_out|       pointer|
|acc_2951_out_o_ap_vld      |  out|    1|     ap_ovld|                                                                  acc_2951_out|       pointer|
|acc_2950_out_i             |   in|   32|     ap_ovld|                                                                  acc_2950_out|       pointer|
|acc_2950_out_o             |  out|   32|     ap_ovld|                                                                  acc_2950_out|       pointer|
|acc_2950_out_o_ap_vld      |  out|    1|     ap_ovld|                                                                  acc_2950_out|       pointer|
|acc_2949_out_i             |   in|   32|     ap_ovld|                                                                  acc_2949_out|       pointer|
|acc_2949_out_o             |  out|   32|     ap_ovld|                                                                  acc_2949_out|       pointer|
|acc_2949_out_o_ap_vld      |  out|    1|     ap_ovld|                                                                  acc_2949_out|       pointer|
|acc_2948_out_i             |   in|   32|     ap_ovld|                                                                  acc_2948_out|       pointer|
|acc_2948_out_o             |  out|   32|     ap_ovld|                                                                  acc_2948_out|       pointer|
|acc_2948_out_o_ap_vld      |  out|    1|     ap_ovld|                                                                  acc_2948_out|       pointer|
|acc_2947_out_i             |   in|   32|     ap_ovld|                                                                  acc_2947_out|       pointer|
|acc_2947_out_o             |  out|   32|     ap_ovld|                                                                  acc_2947_out|       pointer|
|acc_2947_out_o_ap_vld      |  out|    1|     ap_ovld|                                                                  acc_2947_out|       pointer|
|acc_2946_out_i             |   in|   32|     ap_ovld|                                                                  acc_2946_out|       pointer|
|acc_2946_out_o             |  out|   32|     ap_ovld|                                                                  acc_2946_out|       pointer|
|acc_2946_out_o_ap_vld      |  out|    1|     ap_ovld|                                                                  acc_2946_out|       pointer|
|acc_2945_out_i             |   in|   32|     ap_ovld|                                                                  acc_2945_out|       pointer|
|acc_2945_out_o             |  out|   32|     ap_ovld|                                                                  acc_2945_out|       pointer|
|acc_2945_out_o_ap_vld      |  out|    1|     ap_ovld|                                                                  acc_2945_out|       pointer|
|acc_2944_out_i             |   in|   32|     ap_ovld|                                                                  acc_2944_out|       pointer|
|acc_2944_out_o             |  out|   32|     ap_ovld|                                                                  acc_2944_out|       pointer|
|acc_2944_out_o_ap_vld      |  out|    1|     ap_ovld|                                                                  acc_2944_out|       pointer|
|acc_2943_out_i             |   in|   32|     ap_ovld|                                                                  acc_2943_out|       pointer|
|acc_2943_out_o             |  out|   32|     ap_ovld|                                                                  acc_2943_out|       pointer|
|acc_2943_out_o_ap_vld      |  out|    1|     ap_ovld|                                                                  acc_2943_out|       pointer|
|acc_2942_out_i             |   in|   32|     ap_ovld|                                                                  acc_2942_out|       pointer|
|acc_2942_out_o             |  out|   32|     ap_ovld|                                                                  acc_2942_out|       pointer|
|acc_2942_out_o_ap_vld      |  out|    1|     ap_ovld|                                                                  acc_2942_out|       pointer|
|acc_2941_out_i             |   in|   32|     ap_ovld|                                                                  acc_2941_out|       pointer|
|acc_2941_out_o             |  out|   32|     ap_ovld|                                                                  acc_2941_out|       pointer|
|acc_2941_out_o_ap_vld      |  out|    1|     ap_ovld|                                                                  acc_2941_out|       pointer|
|acc_2940_out_i             |   in|   32|     ap_ovld|                                                                  acc_2940_out|       pointer|
|acc_2940_out_o             |  out|   32|     ap_ovld|                                                                  acc_2940_out|       pointer|
|acc_2940_out_o_ap_vld      |  out|    1|     ap_ovld|                                                                  acc_2940_out|       pointer|
|acc_2939_out_i             |   in|   32|     ap_ovld|                                                                  acc_2939_out|       pointer|
|acc_2939_out_o             |  out|   32|     ap_ovld|                                                                  acc_2939_out|       pointer|
|acc_2939_out_o_ap_vld      |  out|    1|     ap_ovld|                                                                  acc_2939_out|       pointer|
|acc_2938_out_i             |   in|   32|     ap_ovld|                                                                  acc_2938_out|       pointer|
|acc_2938_out_o             |  out|   32|     ap_ovld|                                                                  acc_2938_out|       pointer|
|acc_2938_out_o_ap_vld      |  out|    1|     ap_ovld|                                                                  acc_2938_out|       pointer|
|acc_2937_out_i             |   in|   32|     ap_ovld|                                                                  acc_2937_out|       pointer|
|acc_2937_out_o             |  out|   32|     ap_ovld|                                                                  acc_2937_out|       pointer|
|acc_2937_out_o_ap_vld      |  out|    1|     ap_ovld|                                                                  acc_2937_out|       pointer|
|acc_2936_out_i             |   in|   32|     ap_ovld|                                                                  acc_2936_out|       pointer|
|acc_2936_out_o             |  out|   32|     ap_ovld|                                                                  acc_2936_out|       pointer|
|acc_2936_out_o_ap_vld      |  out|    1|     ap_ovld|                                                                  acc_2936_out|       pointer|
|acc_2935_out_i             |   in|   32|     ap_ovld|                                                                  acc_2935_out|       pointer|
|acc_2935_out_o             |  out|   32|     ap_ovld|                                                                  acc_2935_out|       pointer|
|acc_2935_out_o_ap_vld      |  out|    1|     ap_ovld|                                                                  acc_2935_out|       pointer|
|acc_2934_out_i             |   in|   32|     ap_ovld|                                                                  acc_2934_out|       pointer|
|acc_2934_out_o             |  out|   32|     ap_ovld|                                                                  acc_2934_out|       pointer|
|acc_2934_out_o_ap_vld      |  out|    1|     ap_ovld|                                                                  acc_2934_out|       pointer|
|acc_2933_out_i             |   in|   32|     ap_ovld|                                                                  acc_2933_out|       pointer|
|acc_2933_out_o             |  out|   32|     ap_ovld|                                                                  acc_2933_out|       pointer|
|acc_2933_out_o_ap_vld      |  out|    1|     ap_ovld|                                                                  acc_2933_out|       pointer|
|acc_2932_out_i             |   in|   32|     ap_ovld|                                                                  acc_2932_out|       pointer|
|acc_2932_out_o             |  out|   32|     ap_ovld|                                                                  acc_2932_out|       pointer|
|acc_2932_out_o_ap_vld      |  out|    1|     ap_ovld|                                                                  acc_2932_out|       pointer|
|acc_2931_out_i             |   in|   32|     ap_ovld|                                                                  acc_2931_out|       pointer|
|acc_2931_out_o             |  out|   32|     ap_ovld|                                                                  acc_2931_out|       pointer|
|acc_2931_out_o_ap_vld      |  out|    1|     ap_ovld|                                                                  acc_2931_out|       pointer|
|acc_2930_out_i             |   in|   32|     ap_ovld|                                                                  acc_2930_out|       pointer|
|acc_2930_out_o             |  out|   32|     ap_ovld|                                                                  acc_2930_out|       pointer|
|acc_2930_out_o_ap_vld      |  out|    1|     ap_ovld|                                                                  acc_2930_out|       pointer|
|acc_2929_out_i             |   in|   32|     ap_ovld|                                                                  acc_2929_out|       pointer|
|acc_2929_out_o             |  out|   32|     ap_ovld|                                                                  acc_2929_out|       pointer|
|acc_2929_out_o_ap_vld      |  out|    1|     ap_ovld|                                                                  acc_2929_out|       pointer|
|acc_2928_out_i             |   in|   32|     ap_ovld|                                                                  acc_2928_out|       pointer|
|acc_2928_out_o             |  out|   32|     ap_ovld|                                                                  acc_2928_out|       pointer|
|acc_2928_out_o_ap_vld      |  out|    1|     ap_ovld|                                                                  acc_2928_out|       pointer|
|acc_2927_out_i             |   in|   32|     ap_ovld|                                                                  acc_2927_out|       pointer|
|acc_2927_out_o             |  out|   32|     ap_ovld|                                                                  acc_2927_out|       pointer|
|acc_2927_out_o_ap_vld      |  out|    1|     ap_ovld|                                                                  acc_2927_out|       pointer|
|acc_2926_out_i             |   in|   32|     ap_ovld|                                                                  acc_2926_out|       pointer|
|acc_2926_out_o             |  out|   32|     ap_ovld|                                                                  acc_2926_out|       pointer|
|acc_2926_out_o_ap_vld      |  out|    1|     ap_ovld|                                                                  acc_2926_out|       pointer|
|acc_2925_out_i             |   in|   32|     ap_ovld|                                                                  acc_2925_out|       pointer|
|acc_2925_out_o             |  out|   32|     ap_ovld|                                                                  acc_2925_out|       pointer|
|acc_2925_out_o_ap_vld      |  out|    1|     ap_ovld|                                                                  acc_2925_out|       pointer|
|acc_2924_out_i             |   in|   32|     ap_ovld|                                                                  acc_2924_out|       pointer|
|acc_2924_out_o             |  out|   32|     ap_ovld|                                                                  acc_2924_out|       pointer|
|acc_2924_out_o_ap_vld      |  out|    1|     ap_ovld|                                                                  acc_2924_out|       pointer|
|acc_2923_out_i             |   in|   32|     ap_ovld|                                                                  acc_2923_out|       pointer|
|acc_2923_out_o             |  out|   32|     ap_ovld|                                                                  acc_2923_out|       pointer|
|acc_2923_out_o_ap_vld      |  out|    1|     ap_ovld|                                                                  acc_2923_out|       pointer|
|acc_2922_out_i             |   in|   32|     ap_ovld|                                                                  acc_2922_out|       pointer|
|acc_2922_out_o             |  out|   32|     ap_ovld|                                                                  acc_2922_out|       pointer|
|acc_2922_out_o_ap_vld      |  out|    1|     ap_ovld|                                                                  acc_2922_out|       pointer|
|acc_2921_out_i             |   in|   32|     ap_ovld|                                                                  acc_2921_out|       pointer|
|acc_2921_out_o             |  out|   32|     ap_ovld|                                                                  acc_2921_out|       pointer|
|acc_2921_out_o_ap_vld      |  out|    1|     ap_ovld|                                                                  acc_2921_out|       pointer|
|acc_2920_out_i             |   in|   32|     ap_ovld|                                                                  acc_2920_out|       pointer|
|acc_2920_out_o             |  out|   32|     ap_ovld|                                                                  acc_2920_out|       pointer|
|acc_2920_out_o_ap_vld      |  out|    1|     ap_ovld|                                                                  acc_2920_out|       pointer|
|acc_2919_out_i             |   in|   32|     ap_ovld|                                                                  acc_2919_out|       pointer|
|acc_2919_out_o             |  out|   32|     ap_ovld|                                                                  acc_2919_out|       pointer|
|acc_2919_out_o_ap_vld      |  out|    1|     ap_ovld|                                                                  acc_2919_out|       pointer|
|acc_2918_out_i             |   in|   32|     ap_ovld|                                                                  acc_2918_out|       pointer|
|acc_2918_out_o             |  out|   32|     ap_ovld|                                                                  acc_2918_out|       pointer|
|acc_2918_out_o_ap_vld      |  out|    1|     ap_ovld|                                                                  acc_2918_out|       pointer|
|acc_2917_out_i             |   in|   32|     ap_ovld|                                                                  acc_2917_out|       pointer|
|acc_2917_out_o             |  out|   32|     ap_ovld|                                                                  acc_2917_out|       pointer|
|acc_2917_out_o_ap_vld      |  out|    1|     ap_ovld|                                                                  acc_2917_out|       pointer|
|acc_2916_out_i             |   in|   32|     ap_ovld|                                                                  acc_2916_out|       pointer|
|acc_2916_out_o             |  out|   32|     ap_ovld|                                                                  acc_2916_out|       pointer|
|acc_2916_out_o_ap_vld      |  out|    1|     ap_ovld|                                                                  acc_2916_out|       pointer|
|acc_2915_out_i             |   in|   32|     ap_ovld|                                                                  acc_2915_out|       pointer|
|acc_2915_out_o             |  out|   32|     ap_ovld|                                                                  acc_2915_out|       pointer|
|acc_2915_out_o_ap_vld      |  out|    1|     ap_ovld|                                                                  acc_2915_out|       pointer|
|acc_2914_out_i             |   in|   32|     ap_ovld|                                                                  acc_2914_out|       pointer|
|acc_2914_out_o             |  out|   32|     ap_ovld|                                                                  acc_2914_out|       pointer|
|acc_2914_out_o_ap_vld      |  out|    1|     ap_ovld|                                                                  acc_2914_out|       pointer|
|acc_2913_out_i             |   in|   32|     ap_ovld|                                                                  acc_2913_out|       pointer|
|acc_2913_out_o             |  out|   32|     ap_ovld|                                                                  acc_2913_out|       pointer|
|acc_2913_out_o_ap_vld      |  out|    1|     ap_ovld|                                                                  acc_2913_out|       pointer|
|acc_2912_out_i             |   in|   32|     ap_ovld|                                                                  acc_2912_out|       pointer|
|acc_2912_out_o             |  out|   32|     ap_ovld|                                                                  acc_2912_out|       pointer|
|acc_2912_out_o_ap_vld      |  out|    1|     ap_ovld|                                                                  acc_2912_out|       pointer|
|acc_2911_out_i             |   in|   32|     ap_ovld|                                                                  acc_2911_out|       pointer|
|acc_2911_out_o             |  out|   32|     ap_ovld|                                                                  acc_2911_out|       pointer|
|acc_2911_out_o_ap_vld      |  out|    1|     ap_ovld|                                                                  acc_2911_out|       pointer|
|acc_2910_out_i             |   in|   32|     ap_ovld|                                                                  acc_2910_out|       pointer|
|acc_2910_out_o             |  out|   32|     ap_ovld|                                                                  acc_2910_out|       pointer|
|acc_2910_out_o_ap_vld      |  out|    1|     ap_ovld|                                                                  acc_2910_out|       pointer|
|acc_2909_out_i             |   in|   32|     ap_ovld|                                                                  acc_2909_out|       pointer|
|acc_2909_out_o             |  out|   32|     ap_ovld|                                                                  acc_2909_out|       pointer|
|acc_2909_out_o_ap_vld      |  out|    1|     ap_ovld|                                                                  acc_2909_out|       pointer|
|acc_2908_out_i             |   in|   32|     ap_ovld|                                                                  acc_2908_out|       pointer|
|acc_2908_out_o             |  out|   32|     ap_ovld|                                                                  acc_2908_out|       pointer|
|acc_2908_out_o_ap_vld      |  out|    1|     ap_ovld|                                                                  acc_2908_out|       pointer|
|acc_2907_out_i             |   in|   32|     ap_ovld|                                                                  acc_2907_out|       pointer|
|acc_2907_out_o             |  out|   32|     ap_ovld|                                                                  acc_2907_out|       pointer|
|acc_2907_out_o_ap_vld      |  out|    1|     ap_ovld|                                                                  acc_2907_out|       pointer|
|acc_2906_out_i             |   in|   32|     ap_ovld|                                                                  acc_2906_out|       pointer|
|acc_2906_out_o             |  out|   32|     ap_ovld|                                                                  acc_2906_out|       pointer|
|acc_2906_out_o_ap_vld      |  out|    1|     ap_ovld|                                                                  acc_2906_out|       pointer|
|acc_2905_out_i             |   in|   32|     ap_ovld|                                                                  acc_2905_out|       pointer|
|acc_2905_out_o             |  out|   32|     ap_ovld|                                                                  acc_2905_out|       pointer|
|acc_2905_out_o_ap_vld      |  out|    1|     ap_ovld|                                                                  acc_2905_out|       pointer|
|acc_2904_out_i             |   in|   32|     ap_ovld|                                                                  acc_2904_out|       pointer|
|acc_2904_out_o             |  out|   32|     ap_ovld|                                                                  acc_2904_out|       pointer|
|acc_2904_out_o_ap_vld      |  out|    1|     ap_ovld|                                                                  acc_2904_out|       pointer|
|acc_2903_out_i             |   in|   32|     ap_ovld|                                                                  acc_2903_out|       pointer|
|acc_2903_out_o             |  out|   32|     ap_ovld|                                                                  acc_2903_out|       pointer|
|acc_2903_out_o_ap_vld      |  out|    1|     ap_ovld|                                                                  acc_2903_out|       pointer|
|acc_2902_out_i             |   in|   32|     ap_ovld|                                                                  acc_2902_out|       pointer|
|acc_2902_out_o             |  out|   32|     ap_ovld|                                                                  acc_2902_out|       pointer|
|acc_2902_out_o_ap_vld      |  out|    1|     ap_ovld|                                                                  acc_2902_out|       pointer|
|acc_2901_out_i             |   in|   32|     ap_ovld|                                                                  acc_2901_out|       pointer|
|acc_2901_out_o             |  out|   32|     ap_ovld|                                                                  acc_2901_out|       pointer|
|acc_2901_out_o_ap_vld      |  out|    1|     ap_ovld|                                                                  acc_2901_out|       pointer|
|acc_2900_out_i             |   in|   32|     ap_ovld|                                                                  acc_2900_out|       pointer|
|acc_2900_out_o             |  out|   32|     ap_ovld|                                                                  acc_2900_out|       pointer|
|acc_2900_out_o_ap_vld      |  out|    1|     ap_ovld|                                                                  acc_2900_out|       pointer|
|acc_2899_out_i             |   in|   32|     ap_ovld|                                                                  acc_2899_out|       pointer|
|acc_2899_out_o             |  out|   32|     ap_ovld|                                                                  acc_2899_out|       pointer|
|acc_2899_out_o_ap_vld      |  out|    1|     ap_ovld|                                                                  acc_2899_out|       pointer|
|acc_2898_out_i             |   in|   32|     ap_ovld|                                                                  acc_2898_out|       pointer|
|acc_2898_out_o             |  out|   32|     ap_ovld|                                                                  acc_2898_out|       pointer|
|acc_2898_out_o_ap_vld      |  out|    1|     ap_ovld|                                                                  acc_2898_out|       pointer|
|acc_2897_out_i             |   in|   32|     ap_ovld|                                                                  acc_2897_out|       pointer|
|acc_2897_out_o             |  out|   32|     ap_ovld|                                                                  acc_2897_out|       pointer|
|acc_2897_out_o_ap_vld      |  out|    1|     ap_ovld|                                                                  acc_2897_out|       pointer|
|acc_2896_out_i             |   in|   32|     ap_ovld|                                                                  acc_2896_out|       pointer|
|acc_2896_out_o             |  out|   32|     ap_ovld|                                                                  acc_2896_out|       pointer|
|acc_2896_out_o_ap_vld      |  out|    1|     ap_ovld|                                                                  acc_2896_out|       pointer|
|acc_2895_out_i             |   in|   32|     ap_ovld|                                                                  acc_2895_out|       pointer|
|acc_2895_out_o             |  out|   32|     ap_ovld|                                                                  acc_2895_out|       pointer|
|acc_2895_out_o_ap_vld      |  out|    1|     ap_ovld|                                                                  acc_2895_out|       pointer|
|acc_2894_out_i             |   in|   32|     ap_ovld|                                                                  acc_2894_out|       pointer|
|acc_2894_out_o             |  out|   32|     ap_ovld|                                                                  acc_2894_out|       pointer|
|acc_2894_out_o_ap_vld      |  out|    1|     ap_ovld|                                                                  acc_2894_out|       pointer|
|acc_2893_out_i             |   in|   32|     ap_ovld|                                                                  acc_2893_out|       pointer|
|acc_2893_out_o             |  out|   32|     ap_ovld|                                                                  acc_2893_out|       pointer|
|acc_2893_out_o_ap_vld      |  out|    1|     ap_ovld|                                                                  acc_2893_out|       pointer|
|acc_2892_out_i             |   in|   32|     ap_ovld|                                                                  acc_2892_out|       pointer|
|acc_2892_out_o             |  out|   32|     ap_ovld|                                                                  acc_2892_out|       pointer|
|acc_2892_out_o_ap_vld      |  out|    1|     ap_ovld|                                                                  acc_2892_out|       pointer|
|acc_2891_out_i             |   in|   32|     ap_ovld|                                                                  acc_2891_out|       pointer|
|acc_2891_out_o             |  out|   32|     ap_ovld|                                                                  acc_2891_out|       pointer|
|acc_2891_out_o_ap_vld      |  out|    1|     ap_ovld|                                                                  acc_2891_out|       pointer|
|acc_2890_out_i             |   in|   32|     ap_ovld|                                                                  acc_2890_out|       pointer|
|acc_2890_out_o             |  out|   32|     ap_ovld|                                                                  acc_2890_out|       pointer|
|acc_2890_out_o_ap_vld      |  out|    1|     ap_ovld|                                                                  acc_2890_out|       pointer|
|acc_2889_out_i             |   in|   32|     ap_ovld|                                                                  acc_2889_out|       pointer|
|acc_2889_out_o             |  out|   32|     ap_ovld|                                                                  acc_2889_out|       pointer|
|acc_2889_out_o_ap_vld      |  out|    1|     ap_ovld|                                                                  acc_2889_out|       pointer|
|acc_2888_out_i             |   in|   32|     ap_ovld|                                                                  acc_2888_out|       pointer|
|acc_2888_out_o             |  out|   32|     ap_ovld|                                                                  acc_2888_out|       pointer|
|acc_2888_out_o_ap_vld      |  out|    1|     ap_ovld|                                                                  acc_2888_out|       pointer|
|acc_2887_out_i             |   in|   32|     ap_ovld|                                                                  acc_2887_out|       pointer|
|acc_2887_out_o             |  out|   32|     ap_ovld|                                                                  acc_2887_out|       pointer|
|acc_2887_out_o_ap_vld      |  out|    1|     ap_ovld|                                                                  acc_2887_out|       pointer|
|acc_2886_out_i             |   in|   32|     ap_ovld|                                                                  acc_2886_out|       pointer|
|acc_2886_out_o             |  out|   32|     ap_ovld|                                                                  acc_2886_out|       pointer|
|acc_2886_out_o_ap_vld      |  out|    1|     ap_ovld|                                                                  acc_2886_out|       pointer|
|acc_2885_out_i             |   in|   32|     ap_ovld|                                                                  acc_2885_out|       pointer|
|acc_2885_out_o             |  out|   32|     ap_ovld|                                                                  acc_2885_out|       pointer|
|acc_2885_out_o_ap_vld      |  out|    1|     ap_ovld|                                                                  acc_2885_out|       pointer|
|acc_2884_out_i             |   in|   32|     ap_ovld|                                                                  acc_2884_out|       pointer|
|acc_2884_out_o             |  out|   32|     ap_ovld|                                                                  acc_2884_out|       pointer|
|acc_2884_out_o_ap_vld      |  out|    1|     ap_ovld|                                                                  acc_2884_out|       pointer|
|acc_2883_out_i             |   in|   32|     ap_ovld|                                                                  acc_2883_out|       pointer|
|acc_2883_out_o             |  out|   32|     ap_ovld|                                                                  acc_2883_out|       pointer|
|acc_2883_out_o_ap_vld      |  out|    1|     ap_ovld|                                                                  acc_2883_out|       pointer|
|acc_2882_out_i             |   in|   32|     ap_ovld|                                                                  acc_2882_out|       pointer|
|acc_2882_out_o             |  out|   32|     ap_ovld|                                                                  acc_2882_out|       pointer|
|acc_2882_out_o_ap_vld      |  out|    1|     ap_ovld|                                                                  acc_2882_out|       pointer|
|acc_2881_out_i             |   in|   32|     ap_ovld|                                                                  acc_2881_out|       pointer|
|acc_2881_out_o             |  out|   32|     ap_ovld|                                                                  acc_2881_out|       pointer|
|acc_2881_out_o_ap_vld      |  out|    1|     ap_ovld|                                                                  acc_2881_out|       pointer|
|acc_2880_out_i             |   in|   32|     ap_ovld|                                                                  acc_2880_out|       pointer|
|acc_2880_out_o             |  out|   32|     ap_ovld|                                                                  acc_2880_out|       pointer|
|acc_2880_out_o_ap_vld      |  out|    1|     ap_ovld|                                                                  acc_2880_out|       pointer|
|acc_2879_out_i             |   in|   32|     ap_ovld|                                                                  acc_2879_out|       pointer|
|acc_2879_out_o             |  out|   32|     ap_ovld|                                                                  acc_2879_out|       pointer|
|acc_2879_out_o_ap_vld      |  out|    1|     ap_ovld|                                                                  acc_2879_out|       pointer|
|acc_2878_out_i             |   in|   32|     ap_ovld|                                                                  acc_2878_out|       pointer|
|acc_2878_out_o             |  out|   32|     ap_ovld|                                                                  acc_2878_out|       pointer|
|acc_2878_out_o_ap_vld      |  out|    1|     ap_ovld|                                                                  acc_2878_out|       pointer|
|acc_2877_out_i             |   in|   32|     ap_ovld|                                                                  acc_2877_out|       pointer|
|acc_2877_out_o             |  out|   32|     ap_ovld|                                                                  acc_2877_out|       pointer|
|acc_2877_out_o_ap_vld      |  out|    1|     ap_ovld|                                                                  acc_2877_out|       pointer|
|acc_2876_out_i             |   in|   32|     ap_ovld|                                                                  acc_2876_out|       pointer|
|acc_2876_out_o             |  out|   32|     ap_ovld|                                                                  acc_2876_out|       pointer|
|acc_2876_out_o_ap_vld      |  out|    1|     ap_ovld|                                                                  acc_2876_out|       pointer|
|acc_2875_out_i             |   in|   32|     ap_ovld|                                                                  acc_2875_out|       pointer|
|acc_2875_out_o             |  out|   32|     ap_ovld|                                                                  acc_2875_out|       pointer|
|acc_2875_out_o_ap_vld      |  out|    1|     ap_ovld|                                                                  acc_2875_out|       pointer|
|acc_2874_out_i             |   in|   32|     ap_ovld|                                                                  acc_2874_out|       pointer|
|acc_2874_out_o             |  out|   32|     ap_ovld|                                                                  acc_2874_out|       pointer|
|acc_2874_out_o_ap_vld      |  out|    1|     ap_ovld|                                                                  acc_2874_out|       pointer|
|acc_2873_out_i             |   in|   32|     ap_ovld|                                                                  acc_2873_out|       pointer|
|acc_2873_out_o             |  out|   32|     ap_ovld|                                                                  acc_2873_out|       pointer|
|acc_2873_out_o_ap_vld      |  out|    1|     ap_ovld|                                                                  acc_2873_out|       pointer|
|acc_2872_out_i             |   in|   32|     ap_ovld|                                                                  acc_2872_out|       pointer|
|acc_2872_out_o             |  out|   32|     ap_ovld|                                                                  acc_2872_out|       pointer|
|acc_2872_out_o_ap_vld      |  out|    1|     ap_ovld|                                                                  acc_2872_out|       pointer|
|acc_2871_out_i             |   in|   32|     ap_ovld|                                                                  acc_2871_out|       pointer|
|acc_2871_out_o             |  out|   32|     ap_ovld|                                                                  acc_2871_out|       pointer|
|acc_2871_out_o_ap_vld      |  out|    1|     ap_ovld|                                                                  acc_2871_out|       pointer|
|acc_2870_out_i             |   in|   32|     ap_ovld|                                                                  acc_2870_out|       pointer|
|acc_2870_out_o             |  out|   32|     ap_ovld|                                                                  acc_2870_out|       pointer|
|acc_2870_out_o_ap_vld      |  out|    1|     ap_ovld|                                                                  acc_2870_out|       pointer|
|acc_2869_out_i             |   in|   32|     ap_ovld|                                                                  acc_2869_out|       pointer|
|acc_2869_out_o             |  out|   32|     ap_ovld|                                                                  acc_2869_out|       pointer|
|acc_2869_out_o_ap_vld      |  out|    1|     ap_ovld|                                                                  acc_2869_out|       pointer|
|acc_2868_out_i             |   in|   32|     ap_ovld|                                                                  acc_2868_out|       pointer|
|acc_2868_out_o             |  out|   32|     ap_ovld|                                                                  acc_2868_out|       pointer|
|acc_2868_out_o_ap_vld      |  out|    1|     ap_ovld|                                                                  acc_2868_out|       pointer|
|acc_2867_out_i             |   in|   32|     ap_ovld|                                                                  acc_2867_out|       pointer|
|acc_2867_out_o             |  out|   32|     ap_ovld|                                                                  acc_2867_out|       pointer|
|acc_2867_out_o_ap_vld      |  out|    1|     ap_ovld|                                                                  acc_2867_out|       pointer|
|acc_2866_out_i             |   in|   32|     ap_ovld|                                                                  acc_2866_out|       pointer|
|acc_2866_out_o             |  out|   32|     ap_ovld|                                                                  acc_2866_out|       pointer|
|acc_2866_out_o_ap_vld      |  out|    1|     ap_ovld|                                                                  acc_2866_out|       pointer|
|acc_2865_out_i             |   in|   32|     ap_ovld|                                                                  acc_2865_out|       pointer|
|acc_2865_out_o             |  out|   32|     ap_ovld|                                                                  acc_2865_out|       pointer|
|acc_2865_out_o_ap_vld      |  out|    1|     ap_ovld|                                                                  acc_2865_out|       pointer|
|acc_2864_out_i             |   in|   32|     ap_ovld|                                                                  acc_2864_out|       pointer|
|acc_2864_out_o             |  out|   32|     ap_ovld|                                                                  acc_2864_out|       pointer|
|acc_2864_out_o_ap_vld      |  out|    1|     ap_ovld|                                                                  acc_2864_out|       pointer|
|acc_2863_out_i             |   in|   32|     ap_ovld|                                                                  acc_2863_out|       pointer|
|acc_2863_out_o             |  out|   32|     ap_ovld|                                                                  acc_2863_out|       pointer|
|acc_2863_out_o_ap_vld      |  out|    1|     ap_ovld|                                                                  acc_2863_out|       pointer|
|acc_2862_out_i             |   in|   32|     ap_ovld|                                                                  acc_2862_out|       pointer|
|acc_2862_out_o             |  out|   32|     ap_ovld|                                                                  acc_2862_out|       pointer|
|acc_2862_out_o_ap_vld      |  out|    1|     ap_ovld|                                                                  acc_2862_out|       pointer|
|acc_2861_out_i             |   in|   32|     ap_ovld|                                                                  acc_2861_out|       pointer|
|acc_2861_out_o             |  out|   32|     ap_ovld|                                                                  acc_2861_out|       pointer|
|acc_2861_out_o_ap_vld      |  out|    1|     ap_ovld|                                                                  acc_2861_out|       pointer|
|acc_2860_out_i             |   in|   32|     ap_ovld|                                                                  acc_2860_out|       pointer|
|acc_2860_out_o             |  out|   32|     ap_ovld|                                                                  acc_2860_out|       pointer|
|acc_2860_out_o_ap_vld      |  out|    1|     ap_ovld|                                                                  acc_2860_out|       pointer|
|acc_2859_out_i             |   in|   32|     ap_ovld|                                                                  acc_2859_out|       pointer|
|acc_2859_out_o             |  out|   32|     ap_ovld|                                                                  acc_2859_out|       pointer|
|acc_2859_out_o_ap_vld      |  out|    1|     ap_ovld|                                                                  acc_2859_out|       pointer|
|acc_2858_out_i             |   in|   32|     ap_ovld|                                                                  acc_2858_out|       pointer|
|acc_2858_out_o             |  out|   32|     ap_ovld|                                                                  acc_2858_out|       pointer|
|acc_2858_out_o_ap_vld      |  out|    1|     ap_ovld|                                                                  acc_2858_out|       pointer|
|acc_2857_out_i             |   in|   32|     ap_ovld|                                                                  acc_2857_out|       pointer|
|acc_2857_out_o             |  out|   32|     ap_ovld|                                                                  acc_2857_out|       pointer|
|acc_2857_out_o_ap_vld      |  out|    1|     ap_ovld|                                                                  acc_2857_out|       pointer|
|acc_2856_out_i             |   in|   32|     ap_ovld|                                                                  acc_2856_out|       pointer|
|acc_2856_out_o             |  out|   32|     ap_ovld|                                                                  acc_2856_out|       pointer|
|acc_2856_out_o_ap_vld      |  out|    1|     ap_ovld|                                                                  acc_2856_out|       pointer|
|acc_2855_out_i             |   in|   32|     ap_ovld|                                                                  acc_2855_out|       pointer|
|acc_2855_out_o             |  out|   32|     ap_ovld|                                                                  acc_2855_out|       pointer|
|acc_2855_out_o_ap_vld      |  out|    1|     ap_ovld|                                                                  acc_2855_out|       pointer|
|acc_2854_out_i             |   in|   32|     ap_ovld|                                                                  acc_2854_out|       pointer|
|acc_2854_out_o             |  out|   32|     ap_ovld|                                                                  acc_2854_out|       pointer|
|acc_2854_out_o_ap_vld      |  out|    1|     ap_ovld|                                                                  acc_2854_out|       pointer|
|acc_2853_out_i             |   in|   32|     ap_ovld|                                                                  acc_2853_out|       pointer|
|acc_2853_out_o             |  out|   32|     ap_ovld|                                                                  acc_2853_out|       pointer|
|acc_2853_out_o_ap_vld      |  out|    1|     ap_ovld|                                                                  acc_2853_out|       pointer|
|acc_2852_out_i             |   in|   32|     ap_ovld|                                                                  acc_2852_out|       pointer|
|acc_2852_out_o             |  out|   32|     ap_ovld|                                                                  acc_2852_out|       pointer|
|acc_2852_out_o_ap_vld      |  out|    1|     ap_ovld|                                                                  acc_2852_out|       pointer|
|acc_2851_out_i             |   in|   32|     ap_ovld|                                                                  acc_2851_out|       pointer|
|acc_2851_out_o             |  out|   32|     ap_ovld|                                                                  acc_2851_out|       pointer|
|acc_2851_out_o_ap_vld      |  out|    1|     ap_ovld|                                                                  acc_2851_out|       pointer|
|acc_2850_out_i             |   in|   32|     ap_ovld|                                                                  acc_2850_out|       pointer|
|acc_2850_out_o             |  out|   32|     ap_ovld|                                                                  acc_2850_out|       pointer|
|acc_2850_out_o_ap_vld      |  out|    1|     ap_ovld|                                                                  acc_2850_out|       pointer|
|acc_2849_out_i             |   in|   32|     ap_ovld|                                                                  acc_2849_out|       pointer|
|acc_2849_out_o             |  out|   32|     ap_ovld|                                                                  acc_2849_out|       pointer|
|acc_2849_out_o_ap_vld      |  out|    1|     ap_ovld|                                                                  acc_2849_out|       pointer|
|acc_2848_out_i             |   in|   32|     ap_ovld|                                                                  acc_2848_out|       pointer|
|acc_2848_out_o             |  out|   32|     ap_ovld|                                                                  acc_2848_out|       pointer|
|acc_2848_out_o_ap_vld      |  out|    1|     ap_ovld|                                                                  acc_2848_out|       pointer|
|acc_2847_out_i             |   in|   32|     ap_ovld|                                                                  acc_2847_out|       pointer|
|acc_2847_out_o             |  out|   32|     ap_ovld|                                                                  acc_2847_out|       pointer|
|acc_2847_out_o_ap_vld      |  out|    1|     ap_ovld|                                                                  acc_2847_out|       pointer|
|acc_2846_out_i             |   in|   32|     ap_ovld|                                                                  acc_2846_out|       pointer|
|acc_2846_out_o             |  out|   32|     ap_ovld|                                                                  acc_2846_out|       pointer|
|acc_2846_out_o_ap_vld      |  out|    1|     ap_ovld|                                                                  acc_2846_out|       pointer|
|acc_2845_out_i             |   in|   32|     ap_ovld|                                                                  acc_2845_out|       pointer|
|acc_2845_out_o             |  out|   32|     ap_ovld|                                                                  acc_2845_out|       pointer|
|acc_2845_out_o_ap_vld      |  out|    1|     ap_ovld|                                                                  acc_2845_out|       pointer|
|acc_2844_out_i             |   in|   32|     ap_ovld|                                                                  acc_2844_out|       pointer|
|acc_2844_out_o             |  out|   32|     ap_ovld|                                                                  acc_2844_out|       pointer|
|acc_2844_out_o_ap_vld      |  out|    1|     ap_ovld|                                                                  acc_2844_out|       pointer|
|acc_2843_out_i             |   in|   32|     ap_ovld|                                                                  acc_2843_out|       pointer|
|acc_2843_out_o             |  out|   32|     ap_ovld|                                                                  acc_2843_out|       pointer|
|acc_2843_out_o_ap_vld      |  out|    1|     ap_ovld|                                                                  acc_2843_out|       pointer|
|acc_2842_out_i             |   in|   32|     ap_ovld|                                                                  acc_2842_out|       pointer|
|acc_2842_out_o             |  out|   32|     ap_ovld|                                                                  acc_2842_out|       pointer|
|acc_2842_out_o_ap_vld      |  out|    1|     ap_ovld|                                                                  acc_2842_out|       pointer|
|acc_2841_out_i             |   in|   32|     ap_ovld|                                                                  acc_2841_out|       pointer|
|acc_2841_out_o             |  out|   32|     ap_ovld|                                                                  acc_2841_out|       pointer|
|acc_2841_out_o_ap_vld      |  out|    1|     ap_ovld|                                                                  acc_2841_out|       pointer|
|acc_2840_out_i             |   in|   32|     ap_ovld|                                                                  acc_2840_out|       pointer|
|acc_2840_out_o             |  out|   32|     ap_ovld|                                                                  acc_2840_out|       pointer|
|acc_2840_out_o_ap_vld      |  out|    1|     ap_ovld|                                                                  acc_2840_out|       pointer|
|acc_2839_out_i             |   in|   32|     ap_ovld|                                                                  acc_2839_out|       pointer|
|acc_2839_out_o             |  out|   32|     ap_ovld|                                                                  acc_2839_out|       pointer|
|acc_2839_out_o_ap_vld      |  out|    1|     ap_ovld|                                                                  acc_2839_out|       pointer|
|acc_2838_out_i             |   in|   32|     ap_ovld|                                                                  acc_2838_out|       pointer|
|acc_2838_out_o             |  out|   32|     ap_ovld|                                                                  acc_2838_out|       pointer|
|acc_2838_out_o_ap_vld      |  out|    1|     ap_ovld|                                                                  acc_2838_out|       pointer|
|acc_2837_out_i             |   in|   32|     ap_ovld|                                                                  acc_2837_out|       pointer|
|acc_2837_out_o             |  out|   32|     ap_ovld|                                                                  acc_2837_out|       pointer|
|acc_2837_out_o_ap_vld      |  out|    1|     ap_ovld|                                                                  acc_2837_out|       pointer|
|acc_2836_out_i             |   in|   32|     ap_ovld|                                                                  acc_2836_out|       pointer|
|acc_2836_out_o             |  out|   32|     ap_ovld|                                                                  acc_2836_out|       pointer|
|acc_2836_out_o_ap_vld      |  out|    1|     ap_ovld|                                                                  acc_2836_out|       pointer|
|acc_2835_out_i             |   in|   32|     ap_ovld|                                                                  acc_2835_out|       pointer|
|acc_2835_out_o             |  out|   32|     ap_ovld|                                                                  acc_2835_out|       pointer|
|acc_2835_out_o_ap_vld      |  out|    1|     ap_ovld|                                                                  acc_2835_out|       pointer|
|acc_2834_out_i             |   in|   32|     ap_ovld|                                                                  acc_2834_out|       pointer|
|acc_2834_out_o             |  out|   32|     ap_ovld|                                                                  acc_2834_out|       pointer|
|acc_2834_out_o_ap_vld      |  out|    1|     ap_ovld|                                                                  acc_2834_out|       pointer|
|acc_2833_out_i             |   in|   32|     ap_ovld|                                                                  acc_2833_out|       pointer|
|acc_2833_out_o             |  out|   32|     ap_ovld|                                                                  acc_2833_out|       pointer|
|acc_2833_out_o_ap_vld      |  out|    1|     ap_ovld|                                                                  acc_2833_out|       pointer|
|acc_2832_out_i             |   in|   32|     ap_ovld|                                                                  acc_2832_out|       pointer|
|acc_2832_out_o             |  out|   32|     ap_ovld|                                                                  acc_2832_out|       pointer|
|acc_2832_out_o_ap_vld      |  out|    1|     ap_ovld|                                                                  acc_2832_out|       pointer|
|acc_2831_out_i             |   in|   32|     ap_ovld|                                                                  acc_2831_out|       pointer|
|acc_2831_out_o             |  out|   32|     ap_ovld|                                                                  acc_2831_out|       pointer|
|acc_2831_out_o_ap_vld      |  out|    1|     ap_ovld|                                                                  acc_2831_out|       pointer|
|acc_2830_out_i             |   in|   32|     ap_ovld|                                                                  acc_2830_out|       pointer|
|acc_2830_out_o             |  out|   32|     ap_ovld|                                                                  acc_2830_out|       pointer|
|acc_2830_out_o_ap_vld      |  out|    1|     ap_ovld|                                                                  acc_2830_out|       pointer|
|acc_2829_out_i             |   in|   32|     ap_ovld|                                                                  acc_2829_out|       pointer|
|acc_2829_out_o             |  out|   32|     ap_ovld|                                                                  acc_2829_out|       pointer|
|acc_2829_out_o_ap_vld      |  out|    1|     ap_ovld|                                                                  acc_2829_out|       pointer|
|acc_2828_out_i             |   in|   32|     ap_ovld|                                                                  acc_2828_out|       pointer|
|acc_2828_out_o             |  out|   32|     ap_ovld|                                                                  acc_2828_out|       pointer|
|acc_2828_out_o_ap_vld      |  out|    1|     ap_ovld|                                                                  acc_2828_out|       pointer|
|acc_2827_out_i             |   in|   32|     ap_ovld|                                                                  acc_2827_out|       pointer|
|acc_2827_out_o             |  out|   32|     ap_ovld|                                                                  acc_2827_out|       pointer|
|acc_2827_out_o_ap_vld      |  out|    1|     ap_ovld|                                                                  acc_2827_out|       pointer|
|acc_2826_out_i             |   in|   32|     ap_ovld|                                                                  acc_2826_out|       pointer|
|acc_2826_out_o             |  out|   32|     ap_ovld|                                                                  acc_2826_out|       pointer|
|acc_2826_out_o_ap_vld      |  out|    1|     ap_ovld|                                                                  acc_2826_out|       pointer|
|acc_2825_out_i             |   in|   32|     ap_ovld|                                                                  acc_2825_out|       pointer|
|acc_2825_out_o             |  out|   32|     ap_ovld|                                                                  acc_2825_out|       pointer|
|acc_2825_out_o_ap_vld      |  out|    1|     ap_ovld|                                                                  acc_2825_out|       pointer|
|acc_2824_out_i             |   in|   32|     ap_ovld|                                                                  acc_2824_out|       pointer|
|acc_2824_out_o             |  out|   32|     ap_ovld|                                                                  acc_2824_out|       pointer|
|acc_2824_out_o_ap_vld      |  out|    1|     ap_ovld|                                                                  acc_2824_out|       pointer|
|acc_2823_out_i             |   in|   32|     ap_ovld|                                                                  acc_2823_out|       pointer|
|acc_2823_out_o             |  out|   32|     ap_ovld|                                                                  acc_2823_out|       pointer|
|acc_2823_out_o_ap_vld      |  out|    1|     ap_ovld|                                                                  acc_2823_out|       pointer|
|acc_2822_out_i             |   in|   32|     ap_ovld|                                                                  acc_2822_out|       pointer|
|acc_2822_out_o             |  out|   32|     ap_ovld|                                                                  acc_2822_out|       pointer|
|acc_2822_out_o_ap_vld      |  out|    1|     ap_ovld|                                                                  acc_2822_out|       pointer|
|acc_2821_out_i             |   in|   32|     ap_ovld|                                                                  acc_2821_out|       pointer|
|acc_2821_out_o             |  out|   32|     ap_ovld|                                                                  acc_2821_out|       pointer|
|acc_2821_out_o_ap_vld      |  out|    1|     ap_ovld|                                                                  acc_2821_out|       pointer|
|acc_2820_out_i             |   in|   32|     ap_ovld|                                                                  acc_2820_out|       pointer|
|acc_2820_out_o             |  out|   32|     ap_ovld|                                                                  acc_2820_out|       pointer|
|acc_2820_out_o_ap_vld      |  out|    1|     ap_ovld|                                                                  acc_2820_out|       pointer|
|acc_2819_out_i             |   in|   32|     ap_ovld|                                                                  acc_2819_out|       pointer|
|acc_2819_out_o             |  out|   32|     ap_ovld|                                                                  acc_2819_out|       pointer|
|acc_2819_out_o_ap_vld      |  out|    1|     ap_ovld|                                                                  acc_2819_out|       pointer|
|acc_2818_out_i             |   in|   32|     ap_ovld|                                                                  acc_2818_out|       pointer|
|acc_2818_out_o             |  out|   32|     ap_ovld|                                                                  acc_2818_out|       pointer|
|acc_2818_out_o_ap_vld      |  out|    1|     ap_ovld|                                                                  acc_2818_out|       pointer|
|acc_2817_out_i             |   in|   32|     ap_ovld|                                                                  acc_2817_out|       pointer|
|acc_2817_out_o             |  out|   32|     ap_ovld|                                                                  acc_2817_out|       pointer|
|acc_2817_out_o_ap_vld      |  out|    1|     ap_ovld|                                                                  acc_2817_out|       pointer|
|acc_2816_out_i             |   in|   32|     ap_ovld|                                                                  acc_2816_out|       pointer|
|acc_2816_out_o             |  out|   32|     ap_ovld|                                                                  acc_2816_out|       pointer|
|acc_2816_out_o_ap_vld      |  out|    1|     ap_ovld|                                                                  acc_2816_out|       pointer|
|acc_2815_out_i             |   in|   32|     ap_ovld|                                                                  acc_2815_out|       pointer|
|acc_2815_out_o             |  out|   32|     ap_ovld|                                                                  acc_2815_out|       pointer|
|acc_2815_out_o_ap_vld      |  out|    1|     ap_ovld|                                                                  acc_2815_out|       pointer|
|acc_2814_out_i             |   in|   32|     ap_ovld|                                                                  acc_2814_out|       pointer|
|acc_2814_out_o             |  out|   32|     ap_ovld|                                                                  acc_2814_out|       pointer|
|acc_2814_out_o_ap_vld      |  out|    1|     ap_ovld|                                                                  acc_2814_out|       pointer|
|acc_2813_out_i             |   in|   32|     ap_ovld|                                                                  acc_2813_out|       pointer|
|acc_2813_out_o             |  out|   32|     ap_ovld|                                                                  acc_2813_out|       pointer|
|acc_2813_out_o_ap_vld      |  out|    1|     ap_ovld|                                                                  acc_2813_out|       pointer|
|acc_2812_out_i             |   in|   32|     ap_ovld|                                                                  acc_2812_out|       pointer|
|acc_2812_out_o             |  out|   32|     ap_ovld|                                                                  acc_2812_out|       pointer|
|acc_2812_out_o_ap_vld      |  out|    1|     ap_ovld|                                                                  acc_2812_out|       pointer|
|acc_2811_out_i             |   in|   32|     ap_ovld|                                                                  acc_2811_out|       pointer|
|acc_2811_out_o             |  out|   32|     ap_ovld|                                                                  acc_2811_out|       pointer|
|acc_2811_out_o_ap_vld      |  out|    1|     ap_ovld|                                                                  acc_2811_out|       pointer|
|acc_2810_out_i             |   in|   32|     ap_ovld|                                                                  acc_2810_out|       pointer|
|acc_2810_out_o             |  out|   32|     ap_ovld|                                                                  acc_2810_out|       pointer|
|acc_2810_out_o_ap_vld      |  out|    1|     ap_ovld|                                                                  acc_2810_out|       pointer|
|acc_2809_out_i             |   in|   32|     ap_ovld|                                                                  acc_2809_out|       pointer|
|acc_2809_out_o             |  out|   32|     ap_ovld|                                                                  acc_2809_out|       pointer|
|acc_2809_out_o_ap_vld      |  out|    1|     ap_ovld|                                                                  acc_2809_out|       pointer|
|acc_2808_out_i             |   in|   32|     ap_ovld|                                                                  acc_2808_out|       pointer|
|acc_2808_out_o             |  out|   32|     ap_ovld|                                                                  acc_2808_out|       pointer|
|acc_2808_out_o_ap_vld      |  out|    1|     ap_ovld|                                                                  acc_2808_out|       pointer|
|acc_2807_out_i             |   in|   32|     ap_ovld|                                                                  acc_2807_out|       pointer|
|acc_2807_out_o             |  out|   32|     ap_ovld|                                                                  acc_2807_out|       pointer|
|acc_2807_out_o_ap_vld      |  out|    1|     ap_ovld|                                                                  acc_2807_out|       pointer|
|acc_2806_out_i             |   in|   32|     ap_ovld|                                                                  acc_2806_out|       pointer|
|acc_2806_out_o             |  out|   32|     ap_ovld|                                                                  acc_2806_out|       pointer|
|acc_2806_out_o_ap_vld      |  out|    1|     ap_ovld|                                                                  acc_2806_out|       pointer|
|acc_2805_out_i             |   in|   32|     ap_ovld|                                                                  acc_2805_out|       pointer|
|acc_2805_out_o             |  out|   32|     ap_ovld|                                                                  acc_2805_out|       pointer|
|acc_2805_out_o_ap_vld      |  out|    1|     ap_ovld|                                                                  acc_2805_out|       pointer|
|acc_2804_out_i             |   in|   32|     ap_ovld|                                                                  acc_2804_out|       pointer|
|acc_2804_out_o             |  out|   32|     ap_ovld|                                                                  acc_2804_out|       pointer|
|acc_2804_out_o_ap_vld      |  out|    1|     ap_ovld|                                                                  acc_2804_out|       pointer|
|acc_2803_out_i             |   in|   32|     ap_ovld|                                                                  acc_2803_out|       pointer|
|acc_2803_out_o             |  out|   32|     ap_ovld|                                                                  acc_2803_out|       pointer|
|acc_2803_out_o_ap_vld      |  out|    1|     ap_ovld|                                                                  acc_2803_out|       pointer|
|acc_2802_out_i             |   in|   32|     ap_ovld|                                                                  acc_2802_out|       pointer|
|acc_2802_out_o             |  out|   32|     ap_ovld|                                                                  acc_2802_out|       pointer|
|acc_2802_out_o_ap_vld      |  out|    1|     ap_ovld|                                                                  acc_2802_out|       pointer|
|acc_2801_out_i             |   in|   32|     ap_ovld|                                                                  acc_2801_out|       pointer|
|acc_2801_out_o             |  out|   32|     ap_ovld|                                                                  acc_2801_out|       pointer|
|acc_2801_out_o_ap_vld      |  out|    1|     ap_ovld|                                                                  acc_2801_out|       pointer|
|acc_2800_out_i             |   in|   32|     ap_ovld|                                                                  acc_2800_out|       pointer|
|acc_2800_out_o             |  out|   32|     ap_ovld|                                                                  acc_2800_out|       pointer|
|acc_2800_out_o_ap_vld      |  out|    1|     ap_ovld|                                                                  acc_2800_out|       pointer|
|acc_2799_out_i             |   in|   32|     ap_ovld|                                                                  acc_2799_out|       pointer|
|acc_2799_out_o             |  out|   32|     ap_ovld|                                                                  acc_2799_out|       pointer|
|acc_2799_out_o_ap_vld      |  out|    1|     ap_ovld|                                                                  acc_2799_out|       pointer|
|acc_2798_out_i             |   in|   32|     ap_ovld|                                                                  acc_2798_out|       pointer|
|acc_2798_out_o             |  out|   32|     ap_ovld|                                                                  acc_2798_out|       pointer|
|acc_2798_out_o_ap_vld      |  out|    1|     ap_ovld|                                                                  acc_2798_out|       pointer|
|acc_2797_out_i             |   in|   32|     ap_ovld|                                                                  acc_2797_out|       pointer|
|acc_2797_out_o             |  out|   32|     ap_ovld|                                                                  acc_2797_out|       pointer|
|acc_2797_out_o_ap_vld      |  out|    1|     ap_ovld|                                                                  acc_2797_out|       pointer|
|acc_2796_out_i             |   in|   32|     ap_ovld|                                                                  acc_2796_out|       pointer|
|acc_2796_out_o             |  out|   32|     ap_ovld|                                                                  acc_2796_out|       pointer|
|acc_2796_out_o_ap_vld      |  out|    1|     ap_ovld|                                                                  acc_2796_out|       pointer|
|acc_2795_out_i             |   in|   32|     ap_ovld|                                                                  acc_2795_out|       pointer|
|acc_2795_out_o             |  out|   32|     ap_ovld|                                                                  acc_2795_out|       pointer|
|acc_2795_out_o_ap_vld      |  out|    1|     ap_ovld|                                                                  acc_2795_out|       pointer|
|acc_2794_out_i             |   in|   32|     ap_ovld|                                                                  acc_2794_out|       pointer|
|acc_2794_out_o             |  out|   32|     ap_ovld|                                                                  acc_2794_out|       pointer|
|acc_2794_out_o_ap_vld      |  out|    1|     ap_ovld|                                                                  acc_2794_out|       pointer|
|acc_2793_out_i             |   in|   32|     ap_ovld|                                                                  acc_2793_out|       pointer|
|acc_2793_out_o             |  out|   32|     ap_ovld|                                                                  acc_2793_out|       pointer|
|acc_2793_out_o_ap_vld      |  out|    1|     ap_ovld|                                                                  acc_2793_out|       pointer|
|acc_2792_out_i             |   in|   32|     ap_ovld|                                                                  acc_2792_out|       pointer|
|acc_2792_out_o             |  out|   32|     ap_ovld|                                                                  acc_2792_out|       pointer|
|acc_2792_out_o_ap_vld      |  out|    1|     ap_ovld|                                                                  acc_2792_out|       pointer|
|acc_2791_out_i             |   in|   32|     ap_ovld|                                                                  acc_2791_out|       pointer|
|acc_2791_out_o             |  out|   32|     ap_ovld|                                                                  acc_2791_out|       pointer|
|acc_2791_out_o_ap_vld      |  out|    1|     ap_ovld|                                                                  acc_2791_out|       pointer|
|acc_2790_out_i             |   in|   32|     ap_ovld|                                                                  acc_2790_out|       pointer|
|acc_2790_out_o             |  out|   32|     ap_ovld|                                                                  acc_2790_out|       pointer|
|acc_2790_out_o_ap_vld      |  out|    1|     ap_ovld|                                                                  acc_2790_out|       pointer|
|acc_2789_out_i             |   in|   32|     ap_ovld|                                                                  acc_2789_out|       pointer|
|acc_2789_out_o             |  out|   32|     ap_ovld|                                                                  acc_2789_out|       pointer|
|acc_2789_out_o_ap_vld      |  out|    1|     ap_ovld|                                                                  acc_2789_out|       pointer|
|acc_2788_out_i             |   in|   32|     ap_ovld|                                                                  acc_2788_out|       pointer|
|acc_2788_out_o             |  out|   32|     ap_ovld|                                                                  acc_2788_out|       pointer|
|acc_2788_out_o_ap_vld      |  out|    1|     ap_ovld|                                                                  acc_2788_out|       pointer|
|acc_2787_out_i             |   in|   32|     ap_ovld|                                                                  acc_2787_out|       pointer|
|acc_2787_out_o             |  out|   32|     ap_ovld|                                                                  acc_2787_out|       pointer|
|acc_2787_out_o_ap_vld      |  out|    1|     ap_ovld|                                                                  acc_2787_out|       pointer|
|acc_2786_out_i             |   in|   32|     ap_ovld|                                                                  acc_2786_out|       pointer|
|acc_2786_out_o             |  out|   32|     ap_ovld|                                                                  acc_2786_out|       pointer|
|acc_2786_out_o_ap_vld      |  out|    1|     ap_ovld|                                                                  acc_2786_out|       pointer|
|acc_2785_out_i             |   in|   32|     ap_ovld|                                                                  acc_2785_out|       pointer|
|acc_2785_out_o             |  out|   32|     ap_ovld|                                                                  acc_2785_out|       pointer|
|acc_2785_out_o_ap_vld      |  out|    1|     ap_ovld|                                                                  acc_2785_out|       pointer|
|acc_2784_out_i             |   in|   32|     ap_ovld|                                                                  acc_2784_out|       pointer|
|acc_2784_out_o             |  out|   32|     ap_ovld|                                                                  acc_2784_out|       pointer|
|acc_2784_out_o_ap_vld      |  out|    1|     ap_ovld|                                                                  acc_2784_out|       pointer|
|acc_2783_out_i             |   in|   32|     ap_ovld|                                                                  acc_2783_out|       pointer|
|acc_2783_out_o             |  out|   32|     ap_ovld|                                                                  acc_2783_out|       pointer|
|acc_2783_out_o_ap_vld      |  out|    1|     ap_ovld|                                                                  acc_2783_out|       pointer|
|acc_2782_out_i             |   in|   32|     ap_ovld|                                                                  acc_2782_out|       pointer|
|acc_2782_out_o             |  out|   32|     ap_ovld|                                                                  acc_2782_out|       pointer|
|acc_2782_out_o_ap_vld      |  out|    1|     ap_ovld|                                                                  acc_2782_out|       pointer|
|acc_2781_out_i             |   in|   32|     ap_ovld|                                                                  acc_2781_out|       pointer|
|acc_2781_out_o             |  out|   32|     ap_ovld|                                                                  acc_2781_out|       pointer|
|acc_2781_out_o_ap_vld      |  out|    1|     ap_ovld|                                                                  acc_2781_out|       pointer|
|acc_2780_out_i             |   in|   32|     ap_ovld|                                                                  acc_2780_out|       pointer|
|acc_2780_out_o             |  out|   32|     ap_ovld|                                                                  acc_2780_out|       pointer|
|acc_2780_out_o_ap_vld      |  out|    1|     ap_ovld|                                                                  acc_2780_out|       pointer|
|acc_2779_out_i             |   in|   32|     ap_ovld|                                                                  acc_2779_out|       pointer|
|acc_2779_out_o             |  out|   32|     ap_ovld|                                                                  acc_2779_out|       pointer|
|acc_2779_out_o_ap_vld      |  out|    1|     ap_ovld|                                                                  acc_2779_out|       pointer|
|acc_2778_out_i             |   in|   32|     ap_ovld|                                                                  acc_2778_out|       pointer|
|acc_2778_out_o             |  out|   32|     ap_ovld|                                                                  acc_2778_out|       pointer|
|acc_2778_out_o_ap_vld      |  out|    1|     ap_ovld|                                                                  acc_2778_out|       pointer|
|acc_2777_out_i             |   in|   32|     ap_ovld|                                                                  acc_2777_out|       pointer|
|acc_2777_out_o             |  out|   32|     ap_ovld|                                                                  acc_2777_out|       pointer|
|acc_2777_out_o_ap_vld      |  out|    1|     ap_ovld|                                                                  acc_2777_out|       pointer|
|acc_2776_out_i             |   in|   32|     ap_ovld|                                                                  acc_2776_out|       pointer|
|acc_2776_out_o             |  out|   32|     ap_ovld|                                                                  acc_2776_out|       pointer|
|acc_2776_out_o_ap_vld      |  out|    1|     ap_ovld|                                                                  acc_2776_out|       pointer|
|acc_2775_out_i             |   in|   32|     ap_ovld|                                                                  acc_2775_out|       pointer|
|acc_2775_out_o             |  out|   32|     ap_ovld|                                                                  acc_2775_out|       pointer|
|acc_2775_out_o_ap_vld      |  out|    1|     ap_ovld|                                                                  acc_2775_out|       pointer|
|acc_2774_out_i             |   in|   32|     ap_ovld|                                                                  acc_2774_out|       pointer|
|acc_2774_out_o             |  out|   32|     ap_ovld|                                                                  acc_2774_out|       pointer|
|acc_2774_out_o_ap_vld      |  out|    1|     ap_ovld|                                                                  acc_2774_out|       pointer|
|acc_2773_out_i             |   in|   32|     ap_ovld|                                                                  acc_2773_out|       pointer|
|acc_2773_out_o             |  out|   32|     ap_ovld|                                                                  acc_2773_out|       pointer|
|acc_2773_out_o_ap_vld      |  out|    1|     ap_ovld|                                                                  acc_2773_out|       pointer|
|acc_2772_out_i             |   in|   32|     ap_ovld|                                                                  acc_2772_out|       pointer|
|acc_2772_out_o             |  out|   32|     ap_ovld|                                                                  acc_2772_out|       pointer|
|acc_2772_out_o_ap_vld      |  out|    1|     ap_ovld|                                                                  acc_2772_out|       pointer|
|acc_2771_out_i             |   in|   32|     ap_ovld|                                                                  acc_2771_out|       pointer|
|acc_2771_out_o             |  out|   32|     ap_ovld|                                                                  acc_2771_out|       pointer|
|acc_2771_out_o_ap_vld      |  out|    1|     ap_ovld|                                                                  acc_2771_out|       pointer|
|acc_2770_out_i             |   in|   32|     ap_ovld|                                                                  acc_2770_out|       pointer|
|acc_2770_out_o             |  out|   32|     ap_ovld|                                                                  acc_2770_out|       pointer|
|acc_2770_out_o_ap_vld      |  out|    1|     ap_ovld|                                                                  acc_2770_out|       pointer|
|acc_2769_out_i             |   in|   32|     ap_ovld|                                                                  acc_2769_out|       pointer|
|acc_2769_out_o             |  out|   32|     ap_ovld|                                                                  acc_2769_out|       pointer|
|acc_2769_out_o_ap_vld      |  out|    1|     ap_ovld|                                                                  acc_2769_out|       pointer|
|acc_2768_out_i             |   in|   32|     ap_ovld|                                                                  acc_2768_out|       pointer|
|acc_2768_out_o             |  out|   32|     ap_ovld|                                                                  acc_2768_out|       pointer|
|acc_2768_out_o_ap_vld      |  out|    1|     ap_ovld|                                                                  acc_2768_out|       pointer|
|acc_2767_out_i             |   in|   32|     ap_ovld|                                                                  acc_2767_out|       pointer|
|acc_2767_out_o             |  out|   32|     ap_ovld|                                                                  acc_2767_out|       pointer|
|acc_2767_out_o_ap_vld      |  out|    1|     ap_ovld|                                                                  acc_2767_out|       pointer|
|acc_2766_out_i             |   in|   32|     ap_ovld|                                                                  acc_2766_out|       pointer|
|acc_2766_out_o             |  out|   32|     ap_ovld|                                                                  acc_2766_out|       pointer|
|acc_2766_out_o_ap_vld      |  out|    1|     ap_ovld|                                                                  acc_2766_out|       pointer|
|acc_2765_out_i             |   in|   32|     ap_ovld|                                                                  acc_2765_out|       pointer|
|acc_2765_out_o             |  out|   32|     ap_ovld|                                                                  acc_2765_out|       pointer|
|acc_2765_out_o_ap_vld      |  out|    1|     ap_ovld|                                                                  acc_2765_out|       pointer|
|acc_2764_out_i             |   in|   32|     ap_ovld|                                                                  acc_2764_out|       pointer|
|acc_2764_out_o             |  out|   32|     ap_ovld|                                                                  acc_2764_out|       pointer|
|acc_2764_out_o_ap_vld      |  out|    1|     ap_ovld|                                                                  acc_2764_out|       pointer|
|acc_2763_out_i             |   in|   32|     ap_ovld|                                                                  acc_2763_out|       pointer|
|acc_2763_out_o             |  out|   32|     ap_ovld|                                                                  acc_2763_out|       pointer|
|acc_2763_out_o_ap_vld      |  out|    1|     ap_ovld|                                                                  acc_2763_out|       pointer|
|acc_2762_out_i             |   in|   32|     ap_ovld|                                                                  acc_2762_out|       pointer|
|acc_2762_out_o             |  out|   32|     ap_ovld|                                                                  acc_2762_out|       pointer|
|acc_2762_out_o_ap_vld      |  out|    1|     ap_ovld|                                                                  acc_2762_out|       pointer|
|acc_2761_out_i             |   in|   32|     ap_ovld|                                                                  acc_2761_out|       pointer|
|acc_2761_out_o             |  out|   32|     ap_ovld|                                                                  acc_2761_out|       pointer|
|acc_2761_out_o_ap_vld      |  out|    1|     ap_ovld|                                                                  acc_2761_out|       pointer|
|acc_2760_out_i             |   in|   32|     ap_ovld|                                                                  acc_2760_out|       pointer|
|acc_2760_out_o             |  out|   32|     ap_ovld|                                                                  acc_2760_out|       pointer|
|acc_2760_out_o_ap_vld      |  out|    1|     ap_ovld|                                                                  acc_2760_out|       pointer|
|acc_2759_out_i             |   in|   32|     ap_ovld|                                                                  acc_2759_out|       pointer|
|acc_2759_out_o             |  out|   32|     ap_ovld|                                                                  acc_2759_out|       pointer|
|acc_2759_out_o_ap_vld      |  out|    1|     ap_ovld|                                                                  acc_2759_out|       pointer|
|acc_2758_out_i             |   in|   32|     ap_ovld|                                                                  acc_2758_out|       pointer|
|acc_2758_out_o             |  out|   32|     ap_ovld|                                                                  acc_2758_out|       pointer|
|acc_2758_out_o_ap_vld      |  out|    1|     ap_ovld|                                                                  acc_2758_out|       pointer|
|acc_2757_out_i             |   in|   32|     ap_ovld|                                                                  acc_2757_out|       pointer|
|acc_2757_out_o             |  out|   32|     ap_ovld|                                                                  acc_2757_out|       pointer|
|acc_2757_out_o_ap_vld      |  out|    1|     ap_ovld|                                                                  acc_2757_out|       pointer|
|acc_2756_out_i             |   in|   32|     ap_ovld|                                                                  acc_2756_out|       pointer|
|acc_2756_out_o             |  out|   32|     ap_ovld|                                                                  acc_2756_out|       pointer|
|acc_2756_out_o_ap_vld      |  out|    1|     ap_ovld|                                                                  acc_2756_out|       pointer|
|acc_2755_out_i             |   in|   32|     ap_ovld|                                                                  acc_2755_out|       pointer|
|acc_2755_out_o             |  out|   32|     ap_ovld|                                                                  acc_2755_out|       pointer|
|acc_2755_out_o_ap_vld      |  out|    1|     ap_ovld|                                                                  acc_2755_out|       pointer|
|acc_2754_out_i             |   in|   32|     ap_ovld|                                                                  acc_2754_out|       pointer|
|acc_2754_out_o             |  out|   32|     ap_ovld|                                                                  acc_2754_out|       pointer|
|acc_2754_out_o_ap_vld      |  out|    1|     ap_ovld|                                                                  acc_2754_out|       pointer|
|acc_2753_out_i             |   in|   32|     ap_ovld|                                                                  acc_2753_out|       pointer|
|acc_2753_out_o             |  out|   32|     ap_ovld|                                                                  acc_2753_out|       pointer|
|acc_2753_out_o_ap_vld      |  out|    1|     ap_ovld|                                                                  acc_2753_out|       pointer|
|acc_2752_out_i             |   in|   32|     ap_ovld|                                                                  acc_2752_out|       pointer|
|acc_2752_out_o             |  out|   32|     ap_ovld|                                                                  acc_2752_out|       pointer|
|acc_2752_out_o_ap_vld      |  out|    1|     ap_ovld|                                                                  acc_2752_out|       pointer|
|acc_2751_out_i             |   in|   32|     ap_ovld|                                                                  acc_2751_out|       pointer|
|acc_2751_out_o             |  out|   32|     ap_ovld|                                                                  acc_2751_out|       pointer|
|acc_2751_out_o_ap_vld      |  out|    1|     ap_ovld|                                                                  acc_2751_out|       pointer|
|acc_2750_out_i             |   in|   32|     ap_ovld|                                                                  acc_2750_out|       pointer|
|acc_2750_out_o             |  out|   32|     ap_ovld|                                                                  acc_2750_out|       pointer|
|acc_2750_out_o_ap_vld      |  out|    1|     ap_ovld|                                                                  acc_2750_out|       pointer|
|acc_2749_out_i             |   in|   32|     ap_ovld|                                                                  acc_2749_out|       pointer|
|acc_2749_out_o             |  out|   32|     ap_ovld|                                                                  acc_2749_out|       pointer|
|acc_2749_out_o_ap_vld      |  out|    1|     ap_ovld|                                                                  acc_2749_out|       pointer|
|acc_2748_out_i             |   in|   32|     ap_ovld|                                                                  acc_2748_out|       pointer|
|acc_2748_out_o             |  out|   32|     ap_ovld|                                                                  acc_2748_out|       pointer|
|acc_2748_out_o_ap_vld      |  out|    1|     ap_ovld|                                                                  acc_2748_out|       pointer|
|acc_2747_out_i             |   in|   32|     ap_ovld|                                                                  acc_2747_out|       pointer|
|acc_2747_out_o             |  out|   32|     ap_ovld|                                                                  acc_2747_out|       pointer|
|acc_2747_out_o_ap_vld      |  out|    1|     ap_ovld|                                                                  acc_2747_out|       pointer|
|acc_2746_out_i             |   in|   32|     ap_ovld|                                                                  acc_2746_out|       pointer|
|acc_2746_out_o             |  out|   32|     ap_ovld|                                                                  acc_2746_out|       pointer|
|acc_2746_out_o_ap_vld      |  out|    1|     ap_ovld|                                                                  acc_2746_out|       pointer|
|acc_2745_out_i             |   in|   32|     ap_ovld|                                                                  acc_2745_out|       pointer|
|acc_2745_out_o             |  out|   32|     ap_ovld|                                                                  acc_2745_out|       pointer|
|acc_2745_out_o_ap_vld      |  out|    1|     ap_ovld|                                                                  acc_2745_out|       pointer|
|acc_2744_out_i             |   in|   32|     ap_ovld|                                                                  acc_2744_out|       pointer|
|acc_2744_out_o             |  out|   32|     ap_ovld|                                                                  acc_2744_out|       pointer|
|acc_2744_out_o_ap_vld      |  out|    1|     ap_ovld|                                                                  acc_2744_out|       pointer|
|acc_2743_out_i             |   in|   32|     ap_ovld|                                                                  acc_2743_out|       pointer|
|acc_2743_out_o             |  out|   32|     ap_ovld|                                                                  acc_2743_out|       pointer|
|acc_2743_out_o_ap_vld      |  out|    1|     ap_ovld|                                                                  acc_2743_out|       pointer|
|acc_2742_out_i             |   in|   32|     ap_ovld|                                                                  acc_2742_out|       pointer|
|acc_2742_out_o             |  out|   32|     ap_ovld|                                                                  acc_2742_out|       pointer|
|acc_2742_out_o_ap_vld      |  out|    1|     ap_ovld|                                                                  acc_2742_out|       pointer|
|acc_2741_out_i             |   in|   32|     ap_ovld|                                                                  acc_2741_out|       pointer|
|acc_2741_out_o             |  out|   32|     ap_ovld|                                                                  acc_2741_out|       pointer|
|acc_2741_out_o_ap_vld      |  out|    1|     ap_ovld|                                                                  acc_2741_out|       pointer|
|acc_2740_out_i             |   in|   32|     ap_ovld|                                                                  acc_2740_out|       pointer|
|acc_2740_out_o             |  out|   32|     ap_ovld|                                                                  acc_2740_out|       pointer|
|acc_2740_out_o_ap_vld      |  out|    1|     ap_ovld|                                                                  acc_2740_out|       pointer|
|acc_2739_out_i             |   in|   32|     ap_ovld|                                                                  acc_2739_out|       pointer|
|acc_2739_out_o             |  out|   32|     ap_ovld|                                                                  acc_2739_out|       pointer|
|acc_2739_out_o_ap_vld      |  out|    1|     ap_ovld|                                                                  acc_2739_out|       pointer|
|acc_2738_out_i             |   in|   32|     ap_ovld|                                                                  acc_2738_out|       pointer|
|acc_2738_out_o             |  out|   32|     ap_ovld|                                                                  acc_2738_out|       pointer|
|acc_2738_out_o_ap_vld      |  out|    1|     ap_ovld|                                                                  acc_2738_out|       pointer|
|acc_2737_out_i             |   in|   32|     ap_ovld|                                                                  acc_2737_out|       pointer|
|acc_2737_out_o             |  out|   32|     ap_ovld|                                                                  acc_2737_out|       pointer|
|acc_2737_out_o_ap_vld      |  out|    1|     ap_ovld|                                                                  acc_2737_out|       pointer|
|acc_2736_out_i             |   in|   32|     ap_ovld|                                                                  acc_2736_out|       pointer|
|acc_2736_out_o             |  out|   32|     ap_ovld|                                                                  acc_2736_out|       pointer|
|acc_2736_out_o_ap_vld      |  out|    1|     ap_ovld|                                                                  acc_2736_out|       pointer|
|acc_2735_out_i             |   in|   32|     ap_ovld|                                                                  acc_2735_out|       pointer|
|acc_2735_out_o             |  out|   32|     ap_ovld|                                                                  acc_2735_out|       pointer|
|acc_2735_out_o_ap_vld      |  out|    1|     ap_ovld|                                                                  acc_2735_out|       pointer|
|acc_2734_out_i             |   in|   32|     ap_ovld|                                                                  acc_2734_out|       pointer|
|acc_2734_out_o             |  out|   32|     ap_ovld|                                                                  acc_2734_out|       pointer|
|acc_2734_out_o_ap_vld      |  out|    1|     ap_ovld|                                                                  acc_2734_out|       pointer|
|acc_2733_out_i             |   in|   32|     ap_ovld|                                                                  acc_2733_out|       pointer|
|acc_2733_out_o             |  out|   32|     ap_ovld|                                                                  acc_2733_out|       pointer|
|acc_2733_out_o_ap_vld      |  out|    1|     ap_ovld|                                                                  acc_2733_out|       pointer|
|acc_2732_out_i             |   in|   32|     ap_ovld|                                                                  acc_2732_out|       pointer|
|acc_2732_out_o             |  out|   32|     ap_ovld|                                                                  acc_2732_out|       pointer|
|acc_2732_out_o_ap_vld      |  out|    1|     ap_ovld|                                                                  acc_2732_out|       pointer|
|acc_2731_out_i             |   in|   32|     ap_ovld|                                                                  acc_2731_out|       pointer|
|acc_2731_out_o             |  out|   32|     ap_ovld|                                                                  acc_2731_out|       pointer|
|acc_2731_out_o_ap_vld      |  out|    1|     ap_ovld|                                                                  acc_2731_out|       pointer|
|acc_2730_out_i             |   in|   32|     ap_ovld|                                                                  acc_2730_out|       pointer|
|acc_2730_out_o             |  out|   32|     ap_ovld|                                                                  acc_2730_out|       pointer|
|acc_2730_out_o_ap_vld      |  out|    1|     ap_ovld|                                                                  acc_2730_out|       pointer|
|acc_2729_out_i             |   in|   32|     ap_ovld|                                                                  acc_2729_out|       pointer|
|acc_2729_out_o             |  out|   32|     ap_ovld|                                                                  acc_2729_out|       pointer|
|acc_2729_out_o_ap_vld      |  out|    1|     ap_ovld|                                                                  acc_2729_out|       pointer|
|acc_2728_out_i             |   in|   32|     ap_ovld|                                                                  acc_2728_out|       pointer|
|acc_2728_out_o             |  out|   32|     ap_ovld|                                                                  acc_2728_out|       pointer|
|acc_2728_out_o_ap_vld      |  out|    1|     ap_ovld|                                                                  acc_2728_out|       pointer|
|acc_2727_out_i             |   in|   32|     ap_ovld|                                                                  acc_2727_out|       pointer|
|acc_2727_out_o             |  out|   32|     ap_ovld|                                                                  acc_2727_out|       pointer|
|acc_2727_out_o_ap_vld      |  out|    1|     ap_ovld|                                                                  acc_2727_out|       pointer|
|acc_2726_out_i             |   in|   32|     ap_ovld|                                                                  acc_2726_out|       pointer|
|acc_2726_out_o             |  out|   32|     ap_ovld|                                                                  acc_2726_out|       pointer|
|acc_2726_out_o_ap_vld      |  out|    1|     ap_ovld|                                                                  acc_2726_out|       pointer|
|acc_2725_out_i             |   in|   32|     ap_ovld|                                                                  acc_2725_out|       pointer|
|acc_2725_out_o             |  out|   32|     ap_ovld|                                                                  acc_2725_out|       pointer|
|acc_2725_out_o_ap_vld      |  out|    1|     ap_ovld|                                                                  acc_2725_out|       pointer|
|acc_2724_out_i             |   in|   32|     ap_ovld|                                                                  acc_2724_out|       pointer|
|acc_2724_out_o             |  out|   32|     ap_ovld|                                                                  acc_2724_out|       pointer|
|acc_2724_out_o_ap_vld      |  out|    1|     ap_ovld|                                                                  acc_2724_out|       pointer|
|acc_2723_out_i             |   in|   32|     ap_ovld|                                                                  acc_2723_out|       pointer|
|acc_2723_out_o             |  out|   32|     ap_ovld|                                                                  acc_2723_out|       pointer|
|acc_2723_out_o_ap_vld      |  out|    1|     ap_ovld|                                                                  acc_2723_out|       pointer|
|acc_2722_out_i             |   in|   32|     ap_ovld|                                                                  acc_2722_out|       pointer|
|acc_2722_out_o             |  out|   32|     ap_ovld|                                                                  acc_2722_out|       pointer|
|acc_2722_out_o_ap_vld      |  out|    1|     ap_ovld|                                                                  acc_2722_out|       pointer|
|acc_2721_out_i             |   in|   32|     ap_ovld|                                                                  acc_2721_out|       pointer|
|acc_2721_out_o             |  out|   32|     ap_ovld|                                                                  acc_2721_out|       pointer|
|acc_2721_out_o_ap_vld      |  out|    1|     ap_ovld|                                                                  acc_2721_out|       pointer|
|acc_2720_out_i             |   in|   32|     ap_ovld|                                                                  acc_2720_out|       pointer|
|acc_2720_out_o             |  out|   32|     ap_ovld|                                                                  acc_2720_out|       pointer|
|acc_2720_out_o_ap_vld      |  out|    1|     ap_ovld|                                                                  acc_2720_out|       pointer|
|acc_2719_out_i             |   in|   32|     ap_ovld|                                                                  acc_2719_out|       pointer|
|acc_2719_out_o             |  out|   32|     ap_ovld|                                                                  acc_2719_out|       pointer|
|acc_2719_out_o_ap_vld      |  out|    1|     ap_ovld|                                                                  acc_2719_out|       pointer|
|acc_2718_out_i             |   in|   32|     ap_ovld|                                                                  acc_2718_out|       pointer|
|acc_2718_out_o             |  out|   32|     ap_ovld|                                                                  acc_2718_out|       pointer|
|acc_2718_out_o_ap_vld      |  out|    1|     ap_ovld|                                                                  acc_2718_out|       pointer|
|acc_2717_out_i             |   in|   32|     ap_ovld|                                                                  acc_2717_out|       pointer|
|acc_2717_out_o             |  out|   32|     ap_ovld|                                                                  acc_2717_out|       pointer|
|acc_2717_out_o_ap_vld      |  out|    1|     ap_ovld|                                                                  acc_2717_out|       pointer|
|acc_2716_out_i             |   in|   32|     ap_ovld|                                                                  acc_2716_out|       pointer|
|acc_2716_out_o             |  out|   32|     ap_ovld|                                                                  acc_2716_out|       pointer|
|acc_2716_out_o_ap_vld      |  out|    1|     ap_ovld|                                                                  acc_2716_out|       pointer|
|acc_2715_out_i             |   in|   32|     ap_ovld|                                                                  acc_2715_out|       pointer|
|acc_2715_out_o             |  out|   32|     ap_ovld|                                                                  acc_2715_out|       pointer|
|acc_2715_out_o_ap_vld      |  out|    1|     ap_ovld|                                                                  acc_2715_out|       pointer|
|acc_2714_out_i             |   in|   32|     ap_ovld|                                                                  acc_2714_out|       pointer|
|acc_2714_out_o             |  out|   32|     ap_ovld|                                                                  acc_2714_out|       pointer|
|acc_2714_out_o_ap_vld      |  out|    1|     ap_ovld|                                                                  acc_2714_out|       pointer|
|acc_2713_out_i             |   in|   32|     ap_ovld|                                                                  acc_2713_out|       pointer|
|acc_2713_out_o             |  out|   32|     ap_ovld|                                                                  acc_2713_out|       pointer|
|acc_2713_out_o_ap_vld      |  out|    1|     ap_ovld|                                                                  acc_2713_out|       pointer|
|acc_2712_out_i             |   in|   32|     ap_ovld|                                                                  acc_2712_out|       pointer|
|acc_2712_out_o             |  out|   32|     ap_ovld|                                                                  acc_2712_out|       pointer|
|acc_2712_out_o_ap_vld      |  out|    1|     ap_ovld|                                                                  acc_2712_out|       pointer|
|acc_2711_out_i             |   in|   32|     ap_ovld|                                                                  acc_2711_out|       pointer|
|acc_2711_out_o             |  out|   32|     ap_ovld|                                                                  acc_2711_out|       pointer|
|acc_2711_out_o_ap_vld      |  out|    1|     ap_ovld|                                                                  acc_2711_out|       pointer|
|acc_2710_out_i             |   in|   32|     ap_ovld|                                                                  acc_2710_out|       pointer|
|acc_2710_out_o             |  out|   32|     ap_ovld|                                                                  acc_2710_out|       pointer|
|acc_2710_out_o_ap_vld      |  out|    1|     ap_ovld|                                                                  acc_2710_out|       pointer|
|acc_2709_out_i             |   in|   32|     ap_ovld|                                                                  acc_2709_out|       pointer|
|acc_2709_out_o             |  out|   32|     ap_ovld|                                                                  acc_2709_out|       pointer|
|acc_2709_out_o_ap_vld      |  out|    1|     ap_ovld|                                                                  acc_2709_out|       pointer|
|acc_2708_out_i             |   in|   32|     ap_ovld|                                                                  acc_2708_out|       pointer|
|acc_2708_out_o             |  out|   32|     ap_ovld|                                                                  acc_2708_out|       pointer|
|acc_2708_out_o_ap_vld      |  out|    1|     ap_ovld|                                                                  acc_2708_out|       pointer|
|acc_2707_out_i             |   in|   32|     ap_ovld|                                                                  acc_2707_out|       pointer|
|acc_2707_out_o             |  out|   32|     ap_ovld|                                                                  acc_2707_out|       pointer|
|acc_2707_out_o_ap_vld      |  out|    1|     ap_ovld|                                                                  acc_2707_out|       pointer|
|acc_2706_out_i             |   in|   32|     ap_ovld|                                                                  acc_2706_out|       pointer|
|acc_2706_out_o             |  out|   32|     ap_ovld|                                                                  acc_2706_out|       pointer|
|acc_2706_out_o_ap_vld      |  out|    1|     ap_ovld|                                                                  acc_2706_out|       pointer|
|acc_2705_out_i             |   in|   32|     ap_ovld|                                                                  acc_2705_out|       pointer|
|acc_2705_out_o             |  out|   32|     ap_ovld|                                                                  acc_2705_out|       pointer|
|acc_2705_out_o_ap_vld      |  out|    1|     ap_ovld|                                                                  acc_2705_out|       pointer|
|acc_2704_out_i             |   in|   32|     ap_ovld|                                                                  acc_2704_out|       pointer|
|acc_2704_out_o             |  out|   32|     ap_ovld|                                                                  acc_2704_out|       pointer|
|acc_2704_out_o_ap_vld      |  out|    1|     ap_ovld|                                                                  acc_2704_out|       pointer|
|acc_2703_out_i             |   in|   32|     ap_ovld|                                                                  acc_2703_out|       pointer|
|acc_2703_out_o             |  out|   32|     ap_ovld|                                                                  acc_2703_out|       pointer|
|acc_2703_out_o_ap_vld      |  out|    1|     ap_ovld|                                                                  acc_2703_out|       pointer|
|acc_2702_out_i             |   in|   32|     ap_ovld|                                                                  acc_2702_out|       pointer|
|acc_2702_out_o             |  out|   32|     ap_ovld|                                                                  acc_2702_out|       pointer|
|acc_2702_out_o_ap_vld      |  out|    1|     ap_ovld|                                                                  acc_2702_out|       pointer|
|acc_2701_out_i             |   in|   32|     ap_ovld|                                                                  acc_2701_out|       pointer|
|acc_2701_out_o             |  out|   32|     ap_ovld|                                                                  acc_2701_out|       pointer|
|acc_2701_out_o_ap_vld      |  out|    1|     ap_ovld|                                                                  acc_2701_out|       pointer|
|acc_2700_out_i             |   in|   32|     ap_ovld|                                                                  acc_2700_out|       pointer|
|acc_2700_out_o             |  out|   32|     ap_ovld|                                                                  acc_2700_out|       pointer|
|acc_2700_out_o_ap_vld      |  out|    1|     ap_ovld|                                                                  acc_2700_out|       pointer|
|acc_2699_out_i             |   in|   32|     ap_ovld|                                                                  acc_2699_out|       pointer|
|acc_2699_out_o             |  out|   32|     ap_ovld|                                                                  acc_2699_out|       pointer|
|acc_2699_out_o_ap_vld      |  out|    1|     ap_ovld|                                                                  acc_2699_out|       pointer|
|acc_2698_out_i             |   in|   32|     ap_ovld|                                                                  acc_2698_out|       pointer|
|acc_2698_out_o             |  out|   32|     ap_ovld|                                                                  acc_2698_out|       pointer|
|acc_2698_out_o_ap_vld      |  out|    1|     ap_ovld|                                                                  acc_2698_out|       pointer|
|acc_2697_out_i             |   in|   32|     ap_ovld|                                                                  acc_2697_out|       pointer|
|acc_2697_out_o             |  out|   32|     ap_ovld|                                                                  acc_2697_out|       pointer|
|acc_2697_out_o_ap_vld      |  out|    1|     ap_ovld|                                                                  acc_2697_out|       pointer|
|acc_2696_out_i             |   in|   32|     ap_ovld|                                                                  acc_2696_out|       pointer|
|acc_2696_out_o             |  out|   32|     ap_ovld|                                                                  acc_2696_out|       pointer|
|acc_2696_out_o_ap_vld      |  out|    1|     ap_ovld|                                                                  acc_2696_out|       pointer|
|acc_2695_out_i             |   in|   32|     ap_ovld|                                                                  acc_2695_out|       pointer|
|acc_2695_out_o             |  out|   32|     ap_ovld|                                                                  acc_2695_out|       pointer|
|acc_2695_out_o_ap_vld      |  out|    1|     ap_ovld|                                                                  acc_2695_out|       pointer|
|acc_2694_out_i             |   in|   32|     ap_ovld|                                                                  acc_2694_out|       pointer|
|acc_2694_out_o             |  out|   32|     ap_ovld|                                                                  acc_2694_out|       pointer|
|acc_2694_out_o_ap_vld      |  out|    1|     ap_ovld|                                                                  acc_2694_out|       pointer|
|acc_2693_out_i             |   in|   32|     ap_ovld|                                                                  acc_2693_out|       pointer|
|acc_2693_out_o             |  out|   32|     ap_ovld|                                                                  acc_2693_out|       pointer|
|acc_2693_out_o_ap_vld      |  out|    1|     ap_ovld|                                                                  acc_2693_out|       pointer|
|acc_2692_out_i             |   in|   32|     ap_ovld|                                                                  acc_2692_out|       pointer|
|acc_2692_out_o             |  out|   32|     ap_ovld|                                                                  acc_2692_out|       pointer|
|acc_2692_out_o_ap_vld      |  out|    1|     ap_ovld|                                                                  acc_2692_out|       pointer|
|acc_2691_out_i             |   in|   32|     ap_ovld|                                                                  acc_2691_out|       pointer|
|acc_2691_out_o             |  out|   32|     ap_ovld|                                                                  acc_2691_out|       pointer|
|acc_2691_out_o_ap_vld      |  out|    1|     ap_ovld|                                                                  acc_2691_out|       pointer|
|acc_2690_out_i             |   in|   32|     ap_ovld|                                                                  acc_2690_out|       pointer|
|acc_2690_out_o             |  out|   32|     ap_ovld|                                                                  acc_2690_out|       pointer|
|acc_2690_out_o_ap_vld      |  out|    1|     ap_ovld|                                                                  acc_2690_out|       pointer|
|acc_2689_out_i             |   in|   32|     ap_ovld|                                                                  acc_2689_out|       pointer|
|acc_2689_out_o             |  out|   32|     ap_ovld|                                                                  acc_2689_out|       pointer|
|acc_2689_out_o_ap_vld      |  out|    1|     ap_ovld|                                                                  acc_2689_out|       pointer|
|acc_2688_out_i             |   in|   32|     ap_ovld|                                                                  acc_2688_out|       pointer|
|acc_2688_out_o             |  out|   32|     ap_ovld|                                                                  acc_2688_out|       pointer|
|acc_2688_out_o_ap_vld      |  out|    1|     ap_ovld|                                                                  acc_2688_out|       pointer|
|acc_2687_out_i             |   in|   32|     ap_ovld|                                                                  acc_2687_out|       pointer|
|acc_2687_out_o             |  out|   32|     ap_ovld|                                                                  acc_2687_out|       pointer|
|acc_2687_out_o_ap_vld      |  out|    1|     ap_ovld|                                                                  acc_2687_out|       pointer|
|acc_2686_out_i             |   in|   32|     ap_ovld|                                                                  acc_2686_out|       pointer|
|acc_2686_out_o             |  out|   32|     ap_ovld|                                                                  acc_2686_out|       pointer|
|acc_2686_out_o_ap_vld      |  out|    1|     ap_ovld|                                                                  acc_2686_out|       pointer|
|acc_2685_out_i             |   in|   32|     ap_ovld|                                                                  acc_2685_out|       pointer|
|acc_2685_out_o             |  out|   32|     ap_ovld|                                                                  acc_2685_out|       pointer|
|acc_2685_out_o_ap_vld      |  out|    1|     ap_ovld|                                                                  acc_2685_out|       pointer|
|acc_2684_out_i             |   in|   32|     ap_ovld|                                                                  acc_2684_out|       pointer|
|acc_2684_out_o             |  out|   32|     ap_ovld|                                                                  acc_2684_out|       pointer|
|acc_2684_out_o_ap_vld      |  out|    1|     ap_ovld|                                                                  acc_2684_out|       pointer|
|acc_2683_out_i             |   in|   32|     ap_ovld|                                                                  acc_2683_out|       pointer|
|acc_2683_out_o             |  out|   32|     ap_ovld|                                                                  acc_2683_out|       pointer|
|acc_2683_out_o_ap_vld      |  out|    1|     ap_ovld|                                                                  acc_2683_out|       pointer|
|acc_2682_out_i             |   in|   32|     ap_ovld|                                                                  acc_2682_out|       pointer|
|acc_2682_out_o             |  out|   32|     ap_ovld|                                                                  acc_2682_out|       pointer|
|acc_2682_out_o_ap_vld      |  out|    1|     ap_ovld|                                                                  acc_2682_out|       pointer|
|acc_2681_out_i             |   in|   32|     ap_ovld|                                                                  acc_2681_out|       pointer|
|acc_2681_out_o             |  out|   32|     ap_ovld|                                                                  acc_2681_out|       pointer|
|acc_2681_out_o_ap_vld      |  out|    1|     ap_ovld|                                                                  acc_2681_out|       pointer|
|acc_2680_out_i             |   in|   32|     ap_ovld|                                                                  acc_2680_out|       pointer|
|acc_2680_out_o             |  out|   32|     ap_ovld|                                                                  acc_2680_out|       pointer|
|acc_2680_out_o_ap_vld      |  out|    1|     ap_ovld|                                                                  acc_2680_out|       pointer|
|acc_2679_out_i             |   in|   32|     ap_ovld|                                                                  acc_2679_out|       pointer|
|acc_2679_out_o             |  out|   32|     ap_ovld|                                                                  acc_2679_out|       pointer|
|acc_2679_out_o_ap_vld      |  out|    1|     ap_ovld|                                                                  acc_2679_out|       pointer|
|acc_2678_out_i             |   in|   32|     ap_ovld|                                                                  acc_2678_out|       pointer|
|acc_2678_out_o             |  out|   32|     ap_ovld|                                                                  acc_2678_out|       pointer|
|acc_2678_out_o_ap_vld      |  out|    1|     ap_ovld|                                                                  acc_2678_out|       pointer|
|acc_2677_out_i             |   in|   32|     ap_ovld|                                                                  acc_2677_out|       pointer|
|acc_2677_out_o             |  out|   32|     ap_ovld|                                                                  acc_2677_out|       pointer|
|acc_2677_out_o_ap_vld      |  out|    1|     ap_ovld|                                                                  acc_2677_out|       pointer|
|acc_2676_out_i             |   in|   32|     ap_ovld|                                                                  acc_2676_out|       pointer|
|acc_2676_out_o             |  out|   32|     ap_ovld|                                                                  acc_2676_out|       pointer|
|acc_2676_out_o_ap_vld      |  out|    1|     ap_ovld|                                                                  acc_2676_out|       pointer|
|acc_2675_out_i             |   in|   32|     ap_ovld|                                                                  acc_2675_out|       pointer|
|acc_2675_out_o             |  out|   32|     ap_ovld|                                                                  acc_2675_out|       pointer|
|acc_2675_out_o_ap_vld      |  out|    1|     ap_ovld|                                                                  acc_2675_out|       pointer|
|acc_2674_out_i             |   in|   32|     ap_ovld|                                                                  acc_2674_out|       pointer|
|acc_2674_out_o             |  out|   32|     ap_ovld|                                                                  acc_2674_out|       pointer|
|acc_2674_out_o_ap_vld      |  out|    1|     ap_ovld|                                                                  acc_2674_out|       pointer|
|acc_2673_out_i             |   in|   32|     ap_ovld|                                                                  acc_2673_out|       pointer|
|acc_2673_out_o             |  out|   32|     ap_ovld|                                                                  acc_2673_out|       pointer|
|acc_2673_out_o_ap_vld      |  out|    1|     ap_ovld|                                                                  acc_2673_out|       pointer|
|acc_2672_out_i             |   in|   32|     ap_ovld|                                                                  acc_2672_out|       pointer|
|acc_2672_out_o             |  out|   32|     ap_ovld|                                                                  acc_2672_out|       pointer|
|acc_2672_out_o_ap_vld      |  out|    1|     ap_ovld|                                                                  acc_2672_out|       pointer|
|acc_2671_out_i             |   in|   32|     ap_ovld|                                                                  acc_2671_out|       pointer|
|acc_2671_out_o             |  out|   32|     ap_ovld|                                                                  acc_2671_out|       pointer|
|acc_2671_out_o_ap_vld      |  out|    1|     ap_ovld|                                                                  acc_2671_out|       pointer|
|acc_2670_out_i             |   in|   32|     ap_ovld|                                                                  acc_2670_out|       pointer|
|acc_2670_out_o             |  out|   32|     ap_ovld|                                                                  acc_2670_out|       pointer|
|acc_2670_out_o_ap_vld      |  out|    1|     ap_ovld|                                                                  acc_2670_out|       pointer|
|acc_2669_out_i             |   in|   32|     ap_ovld|                                                                  acc_2669_out|       pointer|
|acc_2669_out_o             |  out|   32|     ap_ovld|                                                                  acc_2669_out|       pointer|
|acc_2669_out_o_ap_vld      |  out|    1|     ap_ovld|                                                                  acc_2669_out|       pointer|
|acc_2668_out_i             |   in|   32|     ap_ovld|                                                                  acc_2668_out|       pointer|
|acc_2668_out_o             |  out|   32|     ap_ovld|                                                                  acc_2668_out|       pointer|
|acc_2668_out_o_ap_vld      |  out|    1|     ap_ovld|                                                                  acc_2668_out|       pointer|
|acc_2667_out_i             |   in|   32|     ap_ovld|                                                                  acc_2667_out|       pointer|
|acc_2667_out_o             |  out|   32|     ap_ovld|                                                                  acc_2667_out|       pointer|
|acc_2667_out_o_ap_vld      |  out|    1|     ap_ovld|                                                                  acc_2667_out|       pointer|
|acc_2666_out_i             |   in|   32|     ap_ovld|                                                                  acc_2666_out|       pointer|
|acc_2666_out_o             |  out|   32|     ap_ovld|                                                                  acc_2666_out|       pointer|
|acc_2666_out_o_ap_vld      |  out|    1|     ap_ovld|                                                                  acc_2666_out|       pointer|
|acc_2665_out_i             |   in|   32|     ap_ovld|                                                                  acc_2665_out|       pointer|
|acc_2665_out_o             |  out|   32|     ap_ovld|                                                                  acc_2665_out|       pointer|
|acc_2665_out_o_ap_vld      |  out|    1|     ap_ovld|                                                                  acc_2665_out|       pointer|
|acc_2664_out_i             |   in|   32|     ap_ovld|                                                                  acc_2664_out|       pointer|
|acc_2664_out_o             |  out|   32|     ap_ovld|                                                                  acc_2664_out|       pointer|
|acc_2664_out_o_ap_vld      |  out|    1|     ap_ovld|                                                                  acc_2664_out|       pointer|
|acc_2663_out_i             |   in|   32|     ap_ovld|                                                                  acc_2663_out|       pointer|
|acc_2663_out_o             |  out|   32|     ap_ovld|                                                                  acc_2663_out|       pointer|
|acc_2663_out_o_ap_vld      |  out|    1|     ap_ovld|                                                                  acc_2663_out|       pointer|
|acc_2662_out_i             |   in|   32|     ap_ovld|                                                                  acc_2662_out|       pointer|
|acc_2662_out_o             |  out|   32|     ap_ovld|                                                                  acc_2662_out|       pointer|
|acc_2662_out_o_ap_vld      |  out|    1|     ap_ovld|                                                                  acc_2662_out|       pointer|
|acc_2661_out_i             |   in|   32|     ap_ovld|                                                                  acc_2661_out|       pointer|
|acc_2661_out_o             |  out|   32|     ap_ovld|                                                                  acc_2661_out|       pointer|
|acc_2661_out_o_ap_vld      |  out|    1|     ap_ovld|                                                                  acc_2661_out|       pointer|
|acc_2660_out_i             |   in|   32|     ap_ovld|                                                                  acc_2660_out|       pointer|
|acc_2660_out_o             |  out|   32|     ap_ovld|                                                                  acc_2660_out|       pointer|
|acc_2660_out_o_ap_vld      |  out|    1|     ap_ovld|                                                                  acc_2660_out|       pointer|
|acc_2659_out_i             |   in|   32|     ap_ovld|                                                                  acc_2659_out|       pointer|
|acc_2659_out_o             |  out|   32|     ap_ovld|                                                                  acc_2659_out|       pointer|
|acc_2659_out_o_ap_vld      |  out|    1|     ap_ovld|                                                                  acc_2659_out|       pointer|
|acc_2658_out_i             |   in|   32|     ap_ovld|                                                                  acc_2658_out|       pointer|
|acc_2658_out_o             |  out|   32|     ap_ovld|                                                                  acc_2658_out|       pointer|
|acc_2658_out_o_ap_vld      |  out|    1|     ap_ovld|                                                                  acc_2658_out|       pointer|
|acc_2657_out_i             |   in|   32|     ap_ovld|                                                                  acc_2657_out|       pointer|
|acc_2657_out_o             |  out|   32|     ap_ovld|                                                                  acc_2657_out|       pointer|
|acc_2657_out_o_ap_vld      |  out|    1|     ap_ovld|                                                                  acc_2657_out|       pointer|
|acc_2656_out_i             |   in|   32|     ap_ovld|                                                                  acc_2656_out|       pointer|
|acc_2656_out_o             |  out|   32|     ap_ovld|                                                                  acc_2656_out|       pointer|
|acc_2656_out_o_ap_vld      |  out|    1|     ap_ovld|                                                                  acc_2656_out|       pointer|
|acc_2655_out_i             |   in|   32|     ap_ovld|                                                                  acc_2655_out|       pointer|
|acc_2655_out_o             |  out|   32|     ap_ovld|                                                                  acc_2655_out|       pointer|
|acc_2655_out_o_ap_vld      |  out|    1|     ap_ovld|                                                                  acc_2655_out|       pointer|
|acc_2654_out_i             |   in|   32|     ap_ovld|                                                                  acc_2654_out|       pointer|
|acc_2654_out_o             |  out|   32|     ap_ovld|                                                                  acc_2654_out|       pointer|
|acc_2654_out_o_ap_vld      |  out|    1|     ap_ovld|                                                                  acc_2654_out|       pointer|
|acc_2653_out_i             |   in|   32|     ap_ovld|                                                                  acc_2653_out|       pointer|
|acc_2653_out_o             |  out|   32|     ap_ovld|                                                                  acc_2653_out|       pointer|
|acc_2653_out_o_ap_vld      |  out|    1|     ap_ovld|                                                                  acc_2653_out|       pointer|
|acc_2652_out_i             |   in|   32|     ap_ovld|                                                                  acc_2652_out|       pointer|
|acc_2652_out_o             |  out|   32|     ap_ovld|                                                                  acc_2652_out|       pointer|
|acc_2652_out_o_ap_vld      |  out|    1|     ap_ovld|                                                                  acc_2652_out|       pointer|
|acc_2651_out_i             |   in|   32|     ap_ovld|                                                                  acc_2651_out|       pointer|
|acc_2651_out_o             |  out|   32|     ap_ovld|                                                                  acc_2651_out|       pointer|
|acc_2651_out_o_ap_vld      |  out|    1|     ap_ovld|                                                                  acc_2651_out|       pointer|
|acc_2650_out_i             |   in|   32|     ap_ovld|                                                                  acc_2650_out|       pointer|
|acc_2650_out_o             |  out|   32|     ap_ovld|                                                                  acc_2650_out|       pointer|
|acc_2650_out_o_ap_vld      |  out|    1|     ap_ovld|                                                                  acc_2650_out|       pointer|
|acc_2649_out_i             |   in|   32|     ap_ovld|                                                                  acc_2649_out|       pointer|
|acc_2649_out_o             |  out|   32|     ap_ovld|                                                                  acc_2649_out|       pointer|
|acc_2649_out_o_ap_vld      |  out|    1|     ap_ovld|                                                                  acc_2649_out|       pointer|
|acc_2648_out_i             |   in|   32|     ap_ovld|                                                                  acc_2648_out|       pointer|
|acc_2648_out_o             |  out|   32|     ap_ovld|                                                                  acc_2648_out|       pointer|
|acc_2648_out_o_ap_vld      |  out|    1|     ap_ovld|                                                                  acc_2648_out|       pointer|
|acc_2647_out_i             |   in|   32|     ap_ovld|                                                                  acc_2647_out|       pointer|
|acc_2647_out_o             |  out|   32|     ap_ovld|                                                                  acc_2647_out|       pointer|
|acc_2647_out_o_ap_vld      |  out|    1|     ap_ovld|                                                                  acc_2647_out|       pointer|
|acc_2646_out_i             |   in|   32|     ap_ovld|                                                                  acc_2646_out|       pointer|
|acc_2646_out_o             |  out|   32|     ap_ovld|                                                                  acc_2646_out|       pointer|
|acc_2646_out_o_ap_vld      |  out|    1|     ap_ovld|                                                                  acc_2646_out|       pointer|
|acc_2645_out_i             |   in|   32|     ap_ovld|                                                                  acc_2645_out|       pointer|
|acc_2645_out_o             |  out|   32|     ap_ovld|                                                                  acc_2645_out|       pointer|
|acc_2645_out_o_ap_vld      |  out|    1|     ap_ovld|                                                                  acc_2645_out|       pointer|
|acc_2644_out_i             |   in|   32|     ap_ovld|                                                                  acc_2644_out|       pointer|
|acc_2644_out_o             |  out|   32|     ap_ovld|                                                                  acc_2644_out|       pointer|
|acc_2644_out_o_ap_vld      |  out|    1|     ap_ovld|                                                                  acc_2644_out|       pointer|
|acc_2643_out_i             |   in|   32|     ap_ovld|                                                                  acc_2643_out|       pointer|
|acc_2643_out_o             |  out|   32|     ap_ovld|                                                                  acc_2643_out|       pointer|
|acc_2643_out_o_ap_vld      |  out|    1|     ap_ovld|                                                                  acc_2643_out|       pointer|
|acc_2642_out_i             |   in|   32|     ap_ovld|                                                                  acc_2642_out|       pointer|
|acc_2642_out_o             |  out|   32|     ap_ovld|                                                                  acc_2642_out|       pointer|
|acc_2642_out_o_ap_vld      |  out|    1|     ap_ovld|                                                                  acc_2642_out|       pointer|
|acc_2641_out_i             |   in|   32|     ap_ovld|                                                                  acc_2641_out|       pointer|
|acc_2641_out_o             |  out|   32|     ap_ovld|                                                                  acc_2641_out|       pointer|
|acc_2641_out_o_ap_vld      |  out|    1|     ap_ovld|                                                                  acc_2641_out|       pointer|
|acc_2640_out_i             |   in|   32|     ap_ovld|                                                                  acc_2640_out|       pointer|
|acc_2640_out_o             |  out|   32|     ap_ovld|                                                                  acc_2640_out|       pointer|
|acc_2640_out_o_ap_vld      |  out|    1|     ap_ovld|                                                                  acc_2640_out|       pointer|
|acc_2639_out_i             |   in|   32|     ap_ovld|                                                                  acc_2639_out|       pointer|
|acc_2639_out_o             |  out|   32|     ap_ovld|                                                                  acc_2639_out|       pointer|
|acc_2639_out_o_ap_vld      |  out|    1|     ap_ovld|                                                                  acc_2639_out|       pointer|
|acc_2638_out_i             |   in|   32|     ap_ovld|                                                                  acc_2638_out|       pointer|
|acc_2638_out_o             |  out|   32|     ap_ovld|                                                                  acc_2638_out|       pointer|
|acc_2638_out_o_ap_vld      |  out|    1|     ap_ovld|                                                                  acc_2638_out|       pointer|
|acc_2637_out_i             |   in|   32|     ap_ovld|                                                                  acc_2637_out|       pointer|
|acc_2637_out_o             |  out|   32|     ap_ovld|                                                                  acc_2637_out|       pointer|
|acc_2637_out_o_ap_vld      |  out|    1|     ap_ovld|                                                                  acc_2637_out|       pointer|
|acc_2636_out_i             |   in|   32|     ap_ovld|                                                                  acc_2636_out|       pointer|
|acc_2636_out_o             |  out|   32|     ap_ovld|                                                                  acc_2636_out|       pointer|
|acc_2636_out_o_ap_vld      |  out|    1|     ap_ovld|                                                                  acc_2636_out|       pointer|
|acc_2635_out_i             |   in|   32|     ap_ovld|                                                                  acc_2635_out|       pointer|
|acc_2635_out_o             |  out|   32|     ap_ovld|                                                                  acc_2635_out|       pointer|
|acc_2635_out_o_ap_vld      |  out|    1|     ap_ovld|                                                                  acc_2635_out|       pointer|
|acc_2634_out_i             |   in|   32|     ap_ovld|                                                                  acc_2634_out|       pointer|
|acc_2634_out_o             |  out|   32|     ap_ovld|                                                                  acc_2634_out|       pointer|
|acc_2634_out_o_ap_vld      |  out|    1|     ap_ovld|                                                                  acc_2634_out|       pointer|
|acc_2633_out_i             |   in|   32|     ap_ovld|                                                                  acc_2633_out|       pointer|
|acc_2633_out_o             |  out|   32|     ap_ovld|                                                                  acc_2633_out|       pointer|
|acc_2633_out_o_ap_vld      |  out|    1|     ap_ovld|                                                                  acc_2633_out|       pointer|
|acc_2632_out_i             |   in|   32|     ap_ovld|                                                                  acc_2632_out|       pointer|
|acc_2632_out_o             |  out|   32|     ap_ovld|                                                                  acc_2632_out|       pointer|
|acc_2632_out_o_ap_vld      |  out|    1|     ap_ovld|                                                                  acc_2632_out|       pointer|
|acc_2631_out_i             |   in|   32|     ap_ovld|                                                                  acc_2631_out|       pointer|
|acc_2631_out_o             |  out|   32|     ap_ovld|                                                                  acc_2631_out|       pointer|
|acc_2631_out_o_ap_vld      |  out|    1|     ap_ovld|                                                                  acc_2631_out|       pointer|
|acc_2630_out_i             |   in|   32|     ap_ovld|                                                                  acc_2630_out|       pointer|
|acc_2630_out_o             |  out|   32|     ap_ovld|                                                                  acc_2630_out|       pointer|
|acc_2630_out_o_ap_vld      |  out|    1|     ap_ovld|                                                                  acc_2630_out|       pointer|
|acc_2629_out_i             |   in|   32|     ap_ovld|                                                                  acc_2629_out|       pointer|
|acc_2629_out_o             |  out|   32|     ap_ovld|                                                                  acc_2629_out|       pointer|
|acc_2629_out_o_ap_vld      |  out|    1|     ap_ovld|                                                                  acc_2629_out|       pointer|
|acc_2628_out_i             |   in|   32|     ap_ovld|                                                                  acc_2628_out|       pointer|
|acc_2628_out_o             |  out|   32|     ap_ovld|                                                                  acc_2628_out|       pointer|
|acc_2628_out_o_ap_vld      |  out|    1|     ap_ovld|                                                                  acc_2628_out|       pointer|
|acc_2627_out_i             |   in|   32|     ap_ovld|                                                                  acc_2627_out|       pointer|
|acc_2627_out_o             |  out|   32|     ap_ovld|                                                                  acc_2627_out|       pointer|
|acc_2627_out_o_ap_vld      |  out|    1|     ap_ovld|                                                                  acc_2627_out|       pointer|
|acc_2626_out_i             |   in|   32|     ap_ovld|                                                                  acc_2626_out|       pointer|
|acc_2626_out_o             |  out|   32|     ap_ovld|                                                                  acc_2626_out|       pointer|
|acc_2626_out_o_ap_vld      |  out|    1|     ap_ovld|                                                                  acc_2626_out|       pointer|
|acc_2625_out_i             |   in|   32|     ap_ovld|                                                                  acc_2625_out|       pointer|
|acc_2625_out_o             |  out|   32|     ap_ovld|                                                                  acc_2625_out|       pointer|
|acc_2625_out_o_ap_vld      |  out|    1|     ap_ovld|                                                                  acc_2625_out|       pointer|
|acc_2624_out_i             |   in|   32|     ap_ovld|                                                                  acc_2624_out|       pointer|
|acc_2624_out_o             |  out|   32|     ap_ovld|                                                                  acc_2624_out|       pointer|
|acc_2624_out_o_ap_vld      |  out|    1|     ap_ovld|                                                                  acc_2624_out|       pointer|
|acc_2623_out_i             |   in|   32|     ap_ovld|                                                                  acc_2623_out|       pointer|
|acc_2623_out_o             |  out|   32|     ap_ovld|                                                                  acc_2623_out|       pointer|
|acc_2623_out_o_ap_vld      |  out|    1|     ap_ovld|                                                                  acc_2623_out|       pointer|
|acc_2622_out_i             |   in|   32|     ap_ovld|                                                                  acc_2622_out|       pointer|
|acc_2622_out_o             |  out|   32|     ap_ovld|                                                                  acc_2622_out|       pointer|
|acc_2622_out_o_ap_vld      |  out|    1|     ap_ovld|                                                                  acc_2622_out|       pointer|
|acc_2621_out_i             |   in|   32|     ap_ovld|                                                                  acc_2621_out|       pointer|
|acc_2621_out_o             |  out|   32|     ap_ovld|                                                                  acc_2621_out|       pointer|
|acc_2621_out_o_ap_vld      |  out|    1|     ap_ovld|                                                                  acc_2621_out|       pointer|
|acc_2620_out_i             |   in|   32|     ap_ovld|                                                                  acc_2620_out|       pointer|
|acc_2620_out_o             |  out|   32|     ap_ovld|                                                                  acc_2620_out|       pointer|
|acc_2620_out_o_ap_vld      |  out|    1|     ap_ovld|                                                                  acc_2620_out|       pointer|
|acc_2619_out_i             |   in|   32|     ap_ovld|                                                                  acc_2619_out|       pointer|
|acc_2619_out_o             |  out|   32|     ap_ovld|                                                                  acc_2619_out|       pointer|
|acc_2619_out_o_ap_vld      |  out|    1|     ap_ovld|                                                                  acc_2619_out|       pointer|
|acc_2618_out_i             |   in|   32|     ap_ovld|                                                                  acc_2618_out|       pointer|
|acc_2618_out_o             |  out|   32|     ap_ovld|                                                                  acc_2618_out|       pointer|
|acc_2618_out_o_ap_vld      |  out|    1|     ap_ovld|                                                                  acc_2618_out|       pointer|
|acc_2617_out_i             |   in|   32|     ap_ovld|                                                                  acc_2617_out|       pointer|
|acc_2617_out_o             |  out|   32|     ap_ovld|                                                                  acc_2617_out|       pointer|
|acc_2617_out_o_ap_vld      |  out|    1|     ap_ovld|                                                                  acc_2617_out|       pointer|
|acc_2616_out_i             |   in|   32|     ap_ovld|                                                                  acc_2616_out|       pointer|
|acc_2616_out_o             |  out|   32|     ap_ovld|                                                                  acc_2616_out|       pointer|
|acc_2616_out_o_ap_vld      |  out|    1|     ap_ovld|                                                                  acc_2616_out|       pointer|
|acc_2615_out_i             |   in|   32|     ap_ovld|                                                                  acc_2615_out|       pointer|
|acc_2615_out_o             |  out|   32|     ap_ovld|                                                                  acc_2615_out|       pointer|
|acc_2615_out_o_ap_vld      |  out|    1|     ap_ovld|                                                                  acc_2615_out|       pointer|
|acc_2614_out_i             |   in|   32|     ap_ovld|                                                                  acc_2614_out|       pointer|
|acc_2614_out_o             |  out|   32|     ap_ovld|                                                                  acc_2614_out|       pointer|
|acc_2614_out_o_ap_vld      |  out|    1|     ap_ovld|                                                                  acc_2614_out|       pointer|
|acc_2613_out_i             |   in|   32|     ap_ovld|                                                                  acc_2613_out|       pointer|
|acc_2613_out_o             |  out|   32|     ap_ovld|                                                                  acc_2613_out|       pointer|
|acc_2613_out_o_ap_vld      |  out|    1|     ap_ovld|                                                                  acc_2613_out|       pointer|
|acc_2612_out_i             |   in|   32|     ap_ovld|                                                                  acc_2612_out|       pointer|
|acc_2612_out_o             |  out|   32|     ap_ovld|                                                                  acc_2612_out|       pointer|
|acc_2612_out_o_ap_vld      |  out|    1|     ap_ovld|                                                                  acc_2612_out|       pointer|
|acc_2611_out_i             |   in|   32|     ap_ovld|                                                                  acc_2611_out|       pointer|
|acc_2611_out_o             |  out|   32|     ap_ovld|                                                                  acc_2611_out|       pointer|
|acc_2611_out_o_ap_vld      |  out|    1|     ap_ovld|                                                                  acc_2611_out|       pointer|
|acc_2610_out_i             |   in|   32|     ap_ovld|                                                                  acc_2610_out|       pointer|
|acc_2610_out_o             |  out|   32|     ap_ovld|                                                                  acc_2610_out|       pointer|
|acc_2610_out_o_ap_vld      |  out|    1|     ap_ovld|                                                                  acc_2610_out|       pointer|
|acc_2609_out_i             |   in|   32|     ap_ovld|                                                                  acc_2609_out|       pointer|
|acc_2609_out_o             |  out|   32|     ap_ovld|                                                                  acc_2609_out|       pointer|
|acc_2609_out_o_ap_vld      |  out|    1|     ap_ovld|                                                                  acc_2609_out|       pointer|
|acc_2608_out_i             |   in|   32|     ap_ovld|                                                                  acc_2608_out|       pointer|
|acc_2608_out_o             |  out|   32|     ap_ovld|                                                                  acc_2608_out|       pointer|
|acc_2608_out_o_ap_vld      |  out|    1|     ap_ovld|                                                                  acc_2608_out|       pointer|
|acc_2607_out_i             |   in|   32|     ap_ovld|                                                                  acc_2607_out|       pointer|
|acc_2607_out_o             |  out|   32|     ap_ovld|                                                                  acc_2607_out|       pointer|
|acc_2607_out_o_ap_vld      |  out|    1|     ap_ovld|                                                                  acc_2607_out|       pointer|
|acc_2606_out_i             |   in|   32|     ap_ovld|                                                                  acc_2606_out|       pointer|
|acc_2606_out_o             |  out|   32|     ap_ovld|                                                                  acc_2606_out|       pointer|
|acc_2606_out_o_ap_vld      |  out|    1|     ap_ovld|                                                                  acc_2606_out|       pointer|
|acc_2605_out_i             |   in|   32|     ap_ovld|                                                                  acc_2605_out|       pointer|
|acc_2605_out_o             |  out|   32|     ap_ovld|                                                                  acc_2605_out|       pointer|
|acc_2605_out_o_ap_vld      |  out|    1|     ap_ovld|                                                                  acc_2605_out|       pointer|
|acc_2604_out_i             |   in|   32|     ap_ovld|                                                                  acc_2604_out|       pointer|
|acc_2604_out_o             |  out|   32|     ap_ovld|                                                                  acc_2604_out|       pointer|
|acc_2604_out_o_ap_vld      |  out|    1|     ap_ovld|                                                                  acc_2604_out|       pointer|
|acc_2603_out_i             |   in|   32|     ap_ovld|                                                                  acc_2603_out|       pointer|
|acc_2603_out_o             |  out|   32|     ap_ovld|                                                                  acc_2603_out|       pointer|
|acc_2603_out_o_ap_vld      |  out|    1|     ap_ovld|                                                                  acc_2603_out|       pointer|
|acc_2602_out_i             |   in|   32|     ap_ovld|                                                                  acc_2602_out|       pointer|
|acc_2602_out_o             |  out|   32|     ap_ovld|                                                                  acc_2602_out|       pointer|
|acc_2602_out_o_ap_vld      |  out|    1|     ap_ovld|                                                                  acc_2602_out|       pointer|
|acc_2601_out_i             |   in|   32|     ap_ovld|                                                                  acc_2601_out|       pointer|
|acc_2601_out_o             |  out|   32|     ap_ovld|                                                                  acc_2601_out|       pointer|
|acc_2601_out_o_ap_vld      |  out|    1|     ap_ovld|                                                                  acc_2601_out|       pointer|
|acc_2600_out_i             |   in|   32|     ap_ovld|                                                                  acc_2600_out|       pointer|
|acc_2600_out_o             |  out|   32|     ap_ovld|                                                                  acc_2600_out|       pointer|
|acc_2600_out_o_ap_vld      |  out|    1|     ap_ovld|                                                                  acc_2600_out|       pointer|
|acc_2599_out_i             |   in|   32|     ap_ovld|                                                                  acc_2599_out|       pointer|
|acc_2599_out_o             |  out|   32|     ap_ovld|                                                                  acc_2599_out|       pointer|
|acc_2599_out_o_ap_vld      |  out|    1|     ap_ovld|                                                                  acc_2599_out|       pointer|
|acc_2598_out_i             |   in|   32|     ap_ovld|                                                                  acc_2598_out|       pointer|
|acc_2598_out_o             |  out|   32|     ap_ovld|                                                                  acc_2598_out|       pointer|
|acc_2598_out_o_ap_vld      |  out|    1|     ap_ovld|                                                                  acc_2598_out|       pointer|
|acc_2597_out_i             |   in|   32|     ap_ovld|                                                                  acc_2597_out|       pointer|
|acc_2597_out_o             |  out|   32|     ap_ovld|                                                                  acc_2597_out|       pointer|
|acc_2597_out_o_ap_vld      |  out|    1|     ap_ovld|                                                                  acc_2597_out|       pointer|
|acc_2596_out_i             |   in|   32|     ap_ovld|                                                                  acc_2596_out|       pointer|
|acc_2596_out_o             |  out|   32|     ap_ovld|                                                                  acc_2596_out|       pointer|
|acc_2596_out_o_ap_vld      |  out|    1|     ap_ovld|                                                                  acc_2596_out|       pointer|
|acc_2595_out_i             |   in|   32|     ap_ovld|                                                                  acc_2595_out|       pointer|
|acc_2595_out_o             |  out|   32|     ap_ovld|                                                                  acc_2595_out|       pointer|
|acc_2595_out_o_ap_vld      |  out|    1|     ap_ovld|                                                                  acc_2595_out|       pointer|
|acc_2594_out_i             |   in|   32|     ap_ovld|                                                                  acc_2594_out|       pointer|
|acc_2594_out_o             |  out|   32|     ap_ovld|                                                                  acc_2594_out|       pointer|
|acc_2594_out_o_ap_vld      |  out|    1|     ap_ovld|                                                                  acc_2594_out|       pointer|
|acc_2593_out_i             |   in|   32|     ap_ovld|                                                                  acc_2593_out|       pointer|
|acc_2593_out_o             |  out|   32|     ap_ovld|                                                                  acc_2593_out|       pointer|
|acc_2593_out_o_ap_vld      |  out|    1|     ap_ovld|                                                                  acc_2593_out|       pointer|
|acc_2592_out_i             |   in|   32|     ap_ovld|                                                                  acc_2592_out|       pointer|
|acc_2592_out_o             |  out|   32|     ap_ovld|                                                                  acc_2592_out|       pointer|
|acc_2592_out_o_ap_vld      |  out|    1|     ap_ovld|                                                                  acc_2592_out|       pointer|
|acc_2591_out_i             |   in|   32|     ap_ovld|                                                                  acc_2591_out|       pointer|
|acc_2591_out_o             |  out|   32|     ap_ovld|                                                                  acc_2591_out|       pointer|
|acc_2591_out_o_ap_vld      |  out|    1|     ap_ovld|                                                                  acc_2591_out|       pointer|
|acc_2590_out_i             |   in|   32|     ap_ovld|                                                                  acc_2590_out|       pointer|
|acc_2590_out_o             |  out|   32|     ap_ovld|                                                                  acc_2590_out|       pointer|
|acc_2590_out_o_ap_vld      |  out|    1|     ap_ovld|                                                                  acc_2590_out|       pointer|
|acc_2589_out_i             |   in|   32|     ap_ovld|                                                                  acc_2589_out|       pointer|
|acc_2589_out_o             |  out|   32|     ap_ovld|                                                                  acc_2589_out|       pointer|
|acc_2589_out_o_ap_vld      |  out|    1|     ap_ovld|                                                                  acc_2589_out|       pointer|
|acc_2588_out_i             |   in|   32|     ap_ovld|                                                                  acc_2588_out|       pointer|
|acc_2588_out_o             |  out|   32|     ap_ovld|                                                                  acc_2588_out|       pointer|
|acc_2588_out_o_ap_vld      |  out|    1|     ap_ovld|                                                                  acc_2588_out|       pointer|
|acc_2587_out_i             |   in|   32|     ap_ovld|                                                                  acc_2587_out|       pointer|
|acc_2587_out_o             |  out|   32|     ap_ovld|                                                                  acc_2587_out|       pointer|
|acc_2587_out_o_ap_vld      |  out|    1|     ap_ovld|                                                                  acc_2587_out|       pointer|
|acc_2586_out_i             |   in|   32|     ap_ovld|                                                                  acc_2586_out|       pointer|
|acc_2586_out_o             |  out|   32|     ap_ovld|                                                                  acc_2586_out|       pointer|
|acc_2586_out_o_ap_vld      |  out|    1|     ap_ovld|                                                                  acc_2586_out|       pointer|
|acc_2585_out_i             |   in|   32|     ap_ovld|                                                                  acc_2585_out|       pointer|
|acc_2585_out_o             |  out|   32|     ap_ovld|                                                                  acc_2585_out|       pointer|
|acc_2585_out_o_ap_vld      |  out|    1|     ap_ovld|                                                                  acc_2585_out|       pointer|
|acc_2584_out_i             |   in|   32|     ap_ovld|                                                                  acc_2584_out|       pointer|
|acc_2584_out_o             |  out|   32|     ap_ovld|                                                                  acc_2584_out|       pointer|
|acc_2584_out_o_ap_vld      |  out|    1|     ap_ovld|                                                                  acc_2584_out|       pointer|
|acc_2583_out_i             |   in|   32|     ap_ovld|                                                                  acc_2583_out|       pointer|
|acc_2583_out_o             |  out|   32|     ap_ovld|                                                                  acc_2583_out|       pointer|
|acc_2583_out_o_ap_vld      |  out|    1|     ap_ovld|                                                                  acc_2583_out|       pointer|
|acc_2582_out_i             |   in|   32|     ap_ovld|                                                                  acc_2582_out|       pointer|
|acc_2582_out_o             |  out|   32|     ap_ovld|                                                                  acc_2582_out|       pointer|
|acc_2582_out_o_ap_vld      |  out|    1|     ap_ovld|                                                                  acc_2582_out|       pointer|
|acc_2581_out_i             |   in|   32|     ap_ovld|                                                                  acc_2581_out|       pointer|
|acc_2581_out_o             |  out|   32|     ap_ovld|                                                                  acc_2581_out|       pointer|
|acc_2581_out_o_ap_vld      |  out|    1|     ap_ovld|                                                                  acc_2581_out|       pointer|
|acc_2580_out_i             |   in|   32|     ap_ovld|                                                                  acc_2580_out|       pointer|
|acc_2580_out_o             |  out|   32|     ap_ovld|                                                                  acc_2580_out|       pointer|
|acc_2580_out_o_ap_vld      |  out|    1|     ap_ovld|                                                                  acc_2580_out|       pointer|
|acc_2579_out_i             |   in|   32|     ap_ovld|                                                                  acc_2579_out|       pointer|
|acc_2579_out_o             |  out|   32|     ap_ovld|                                                                  acc_2579_out|       pointer|
|acc_2579_out_o_ap_vld      |  out|    1|     ap_ovld|                                                                  acc_2579_out|       pointer|
|acc_2578_out_i             |   in|   32|     ap_ovld|                                                                  acc_2578_out|       pointer|
|acc_2578_out_o             |  out|   32|     ap_ovld|                                                                  acc_2578_out|       pointer|
|acc_2578_out_o_ap_vld      |  out|    1|     ap_ovld|                                                                  acc_2578_out|       pointer|
|acc_2577_out_i             |   in|   32|     ap_ovld|                                                                  acc_2577_out|       pointer|
|acc_2577_out_o             |  out|   32|     ap_ovld|                                                                  acc_2577_out|       pointer|
|acc_2577_out_o_ap_vld      |  out|    1|     ap_ovld|                                                                  acc_2577_out|       pointer|
|acc_2576_out_i             |   in|   32|     ap_ovld|                                                                  acc_2576_out|       pointer|
|acc_2576_out_o             |  out|   32|     ap_ovld|                                                                  acc_2576_out|       pointer|
|acc_2576_out_o_ap_vld      |  out|    1|     ap_ovld|                                                                  acc_2576_out|       pointer|
|acc_2575_out_i             |   in|   32|     ap_ovld|                                                                  acc_2575_out|       pointer|
|acc_2575_out_o             |  out|   32|     ap_ovld|                                                                  acc_2575_out|       pointer|
|acc_2575_out_o_ap_vld      |  out|    1|     ap_ovld|                                                                  acc_2575_out|       pointer|
|acc_2574_out_i             |   in|   32|     ap_ovld|                                                                  acc_2574_out|       pointer|
|acc_2574_out_o             |  out|   32|     ap_ovld|                                                                  acc_2574_out|       pointer|
|acc_2574_out_o_ap_vld      |  out|    1|     ap_ovld|                                                                  acc_2574_out|       pointer|
|acc_2573_out_i             |   in|   32|     ap_ovld|                                                                  acc_2573_out|       pointer|
|acc_2573_out_o             |  out|   32|     ap_ovld|                                                                  acc_2573_out|       pointer|
|acc_2573_out_o_ap_vld      |  out|    1|     ap_ovld|                                                                  acc_2573_out|       pointer|
|acc_2572_out_i             |   in|   32|     ap_ovld|                                                                  acc_2572_out|       pointer|
|acc_2572_out_o             |  out|   32|     ap_ovld|                                                                  acc_2572_out|       pointer|
|acc_2572_out_o_ap_vld      |  out|    1|     ap_ovld|                                                                  acc_2572_out|       pointer|
|acc_2571_out_i             |   in|   32|     ap_ovld|                                                                  acc_2571_out|       pointer|
|acc_2571_out_o             |  out|   32|     ap_ovld|                                                                  acc_2571_out|       pointer|
|acc_2571_out_o_ap_vld      |  out|    1|     ap_ovld|                                                                  acc_2571_out|       pointer|
|acc_2570_out_i             |   in|   32|     ap_ovld|                                                                  acc_2570_out|       pointer|
|acc_2570_out_o             |  out|   32|     ap_ovld|                                                                  acc_2570_out|       pointer|
|acc_2570_out_o_ap_vld      |  out|    1|     ap_ovld|                                                                  acc_2570_out|       pointer|
|acc_2569_out_i             |   in|   32|     ap_ovld|                                                                  acc_2569_out|       pointer|
|acc_2569_out_o             |  out|   32|     ap_ovld|                                                                  acc_2569_out|       pointer|
|acc_2569_out_o_ap_vld      |  out|    1|     ap_ovld|                                                                  acc_2569_out|       pointer|
|acc_2568_out_i             |   in|   32|     ap_ovld|                                                                  acc_2568_out|       pointer|
|acc_2568_out_o             |  out|   32|     ap_ovld|                                                                  acc_2568_out|       pointer|
|acc_2568_out_o_ap_vld      |  out|    1|     ap_ovld|                                                                  acc_2568_out|       pointer|
|acc_2567_out_i             |   in|   32|     ap_ovld|                                                                  acc_2567_out|       pointer|
|acc_2567_out_o             |  out|   32|     ap_ovld|                                                                  acc_2567_out|       pointer|
|acc_2567_out_o_ap_vld      |  out|    1|     ap_ovld|                                                                  acc_2567_out|       pointer|
|acc_2566_out_i             |   in|   32|     ap_ovld|                                                                  acc_2566_out|       pointer|
|acc_2566_out_o             |  out|   32|     ap_ovld|                                                                  acc_2566_out|       pointer|
|acc_2566_out_o_ap_vld      |  out|    1|     ap_ovld|                                                                  acc_2566_out|       pointer|
|acc_2565_out_i             |   in|   32|     ap_ovld|                                                                  acc_2565_out|       pointer|
|acc_2565_out_o             |  out|   32|     ap_ovld|                                                                  acc_2565_out|       pointer|
|acc_2565_out_o_ap_vld      |  out|    1|     ap_ovld|                                                                  acc_2565_out|       pointer|
|acc_2564_out_i             |   in|   32|     ap_ovld|                                                                  acc_2564_out|       pointer|
|acc_2564_out_o             |  out|   32|     ap_ovld|                                                                  acc_2564_out|       pointer|
|acc_2564_out_o_ap_vld      |  out|    1|     ap_ovld|                                                                  acc_2564_out|       pointer|
|acc_2563_out_i             |   in|   32|     ap_ovld|                                                                  acc_2563_out|       pointer|
|acc_2563_out_o             |  out|   32|     ap_ovld|                                                                  acc_2563_out|       pointer|
|acc_2563_out_o_ap_vld      |  out|    1|     ap_ovld|                                                                  acc_2563_out|       pointer|
|acc_2562_out_i             |   in|   32|     ap_ovld|                                                                  acc_2562_out|       pointer|
|acc_2562_out_o             |  out|   32|     ap_ovld|                                                                  acc_2562_out|       pointer|
|acc_2562_out_o_ap_vld      |  out|    1|     ap_ovld|                                                                  acc_2562_out|       pointer|
|acc_2561_out_i             |   in|   32|     ap_ovld|                                                                  acc_2561_out|       pointer|
|acc_2561_out_o             |  out|   32|     ap_ovld|                                                                  acc_2561_out|       pointer|
|acc_2561_out_o_ap_vld      |  out|    1|     ap_ovld|                                                                  acc_2561_out|       pointer|
|acc_2560_out_i             |   in|   32|     ap_ovld|                                                                  acc_2560_out|       pointer|
|acc_2560_out_o             |  out|   32|     ap_ovld|                                                                  acc_2560_out|       pointer|
|acc_2560_out_o_ap_vld      |  out|    1|     ap_ovld|                                                                  acc_2560_out|       pointer|
|acc_2559_out_i             |   in|   32|     ap_ovld|                                                                  acc_2559_out|       pointer|
|acc_2559_out_o             |  out|   32|     ap_ovld|                                                                  acc_2559_out|       pointer|
|acc_2559_out_o_ap_vld      |  out|    1|     ap_ovld|                                                                  acc_2559_out|       pointer|
|acc_2558_out_i             |   in|   32|     ap_ovld|                                                                  acc_2558_out|       pointer|
|acc_2558_out_o             |  out|   32|     ap_ovld|                                                                  acc_2558_out|       pointer|
|acc_2558_out_o_ap_vld      |  out|    1|     ap_ovld|                                                                  acc_2558_out|       pointer|
|acc_2557_out_i             |   in|   32|     ap_ovld|                                                                  acc_2557_out|       pointer|
|acc_2557_out_o             |  out|   32|     ap_ovld|                                                                  acc_2557_out|       pointer|
|acc_2557_out_o_ap_vld      |  out|    1|     ap_ovld|                                                                  acc_2557_out|       pointer|
|acc_2556_out_i             |   in|   32|     ap_ovld|                                                                  acc_2556_out|       pointer|
|acc_2556_out_o             |  out|   32|     ap_ovld|                                                                  acc_2556_out|       pointer|
|acc_2556_out_o_ap_vld      |  out|    1|     ap_ovld|                                                                  acc_2556_out|       pointer|
|acc_2555_out_i             |   in|   32|     ap_ovld|                                                                  acc_2555_out|       pointer|
|acc_2555_out_o             |  out|   32|     ap_ovld|                                                                  acc_2555_out|       pointer|
|acc_2555_out_o_ap_vld      |  out|    1|     ap_ovld|                                                                  acc_2555_out|       pointer|
|acc_2554_out_i             |   in|   32|     ap_ovld|                                                                  acc_2554_out|       pointer|
|acc_2554_out_o             |  out|   32|     ap_ovld|                                                                  acc_2554_out|       pointer|
|acc_2554_out_o_ap_vld      |  out|    1|     ap_ovld|                                                                  acc_2554_out|       pointer|
|acc_2553_out_i             |   in|   32|     ap_ovld|                                                                  acc_2553_out|       pointer|
|acc_2553_out_o             |  out|   32|     ap_ovld|                                                                  acc_2553_out|       pointer|
|acc_2553_out_o_ap_vld      |  out|    1|     ap_ovld|                                                                  acc_2553_out|       pointer|
|acc_2552_out_i             |   in|   32|     ap_ovld|                                                                  acc_2552_out|       pointer|
|acc_2552_out_o             |  out|   32|     ap_ovld|                                                                  acc_2552_out|       pointer|
|acc_2552_out_o_ap_vld      |  out|    1|     ap_ovld|                                                                  acc_2552_out|       pointer|
|acc_2551_out_i             |   in|   32|     ap_ovld|                                                                  acc_2551_out|       pointer|
|acc_2551_out_o             |  out|   32|     ap_ovld|                                                                  acc_2551_out|       pointer|
|acc_2551_out_o_ap_vld      |  out|    1|     ap_ovld|                                                                  acc_2551_out|       pointer|
|acc_2550_out_i             |   in|   32|     ap_ovld|                                                                  acc_2550_out|       pointer|
|acc_2550_out_o             |  out|   32|     ap_ovld|                                                                  acc_2550_out|       pointer|
|acc_2550_out_o_ap_vld      |  out|    1|     ap_ovld|                                                                  acc_2550_out|       pointer|
|acc_2549_out_i             |   in|   32|     ap_ovld|                                                                  acc_2549_out|       pointer|
|acc_2549_out_o             |  out|   32|     ap_ovld|                                                                  acc_2549_out|       pointer|
|acc_2549_out_o_ap_vld      |  out|    1|     ap_ovld|                                                                  acc_2549_out|       pointer|
|acc_2548_out_i             |   in|   32|     ap_ovld|                                                                  acc_2548_out|       pointer|
|acc_2548_out_o             |  out|   32|     ap_ovld|                                                                  acc_2548_out|       pointer|
|acc_2548_out_o_ap_vld      |  out|    1|     ap_ovld|                                                                  acc_2548_out|       pointer|
|acc_2547_out_i             |   in|   32|     ap_ovld|                                                                  acc_2547_out|       pointer|
|acc_2547_out_o             |  out|   32|     ap_ovld|                                                                  acc_2547_out|       pointer|
|acc_2547_out_o_ap_vld      |  out|    1|     ap_ovld|                                                                  acc_2547_out|       pointer|
|acc_2546_out_i             |   in|   32|     ap_ovld|                                                                  acc_2546_out|       pointer|
|acc_2546_out_o             |  out|   32|     ap_ovld|                                                                  acc_2546_out|       pointer|
|acc_2546_out_o_ap_vld      |  out|    1|     ap_ovld|                                                                  acc_2546_out|       pointer|
|acc_2545_out_i             |   in|   32|     ap_ovld|                                                                  acc_2545_out|       pointer|
|acc_2545_out_o             |  out|   32|     ap_ovld|                                                                  acc_2545_out|       pointer|
|acc_2545_out_o_ap_vld      |  out|    1|     ap_ovld|                                                                  acc_2545_out|       pointer|
|acc_2544_out_i             |   in|   32|     ap_ovld|                                                                  acc_2544_out|       pointer|
|acc_2544_out_o             |  out|   32|     ap_ovld|                                                                  acc_2544_out|       pointer|
|acc_2544_out_o_ap_vld      |  out|    1|     ap_ovld|                                                                  acc_2544_out|       pointer|
|acc_2543_out_i             |   in|   32|     ap_ovld|                                                                  acc_2543_out|       pointer|
|acc_2543_out_o             |  out|   32|     ap_ovld|                                                                  acc_2543_out|       pointer|
|acc_2543_out_o_ap_vld      |  out|    1|     ap_ovld|                                                                  acc_2543_out|       pointer|
|acc_2542_out_i             |   in|   32|     ap_ovld|                                                                  acc_2542_out|       pointer|
|acc_2542_out_o             |  out|   32|     ap_ovld|                                                                  acc_2542_out|       pointer|
|acc_2542_out_o_ap_vld      |  out|    1|     ap_ovld|                                                                  acc_2542_out|       pointer|
|acc_2541_out_i             |   in|   32|     ap_ovld|                                                                  acc_2541_out|       pointer|
|acc_2541_out_o             |  out|   32|     ap_ovld|                                                                  acc_2541_out|       pointer|
|acc_2541_out_o_ap_vld      |  out|    1|     ap_ovld|                                                                  acc_2541_out|       pointer|
|acc_2540_out_i             |   in|   32|     ap_ovld|                                                                  acc_2540_out|       pointer|
|acc_2540_out_o             |  out|   32|     ap_ovld|                                                                  acc_2540_out|       pointer|
|acc_2540_out_o_ap_vld      |  out|    1|     ap_ovld|                                                                  acc_2540_out|       pointer|
|acc_2539_out_i             |   in|   32|     ap_ovld|                                                                  acc_2539_out|       pointer|
|acc_2539_out_o             |  out|   32|     ap_ovld|                                                                  acc_2539_out|       pointer|
|acc_2539_out_o_ap_vld      |  out|    1|     ap_ovld|                                                                  acc_2539_out|       pointer|
|acc_2538_out_i             |   in|   32|     ap_ovld|                                                                  acc_2538_out|       pointer|
|acc_2538_out_o             |  out|   32|     ap_ovld|                                                                  acc_2538_out|       pointer|
|acc_2538_out_o_ap_vld      |  out|    1|     ap_ovld|                                                                  acc_2538_out|       pointer|
|acc_2537_out_i             |   in|   32|     ap_ovld|                                                                  acc_2537_out|       pointer|
|acc_2537_out_o             |  out|   32|     ap_ovld|                                                                  acc_2537_out|       pointer|
|acc_2537_out_o_ap_vld      |  out|    1|     ap_ovld|                                                                  acc_2537_out|       pointer|
|acc_2536_out_i             |   in|   32|     ap_ovld|                                                                  acc_2536_out|       pointer|
|acc_2536_out_o             |  out|   32|     ap_ovld|                                                                  acc_2536_out|       pointer|
|acc_2536_out_o_ap_vld      |  out|    1|     ap_ovld|                                                                  acc_2536_out|       pointer|
|acc_2535_out_i             |   in|   32|     ap_ovld|                                                                  acc_2535_out|       pointer|
|acc_2535_out_o             |  out|   32|     ap_ovld|                                                                  acc_2535_out|       pointer|
|acc_2535_out_o_ap_vld      |  out|    1|     ap_ovld|                                                                  acc_2535_out|       pointer|
|acc_2534_out_i             |   in|   32|     ap_ovld|                                                                  acc_2534_out|       pointer|
|acc_2534_out_o             |  out|   32|     ap_ovld|                                                                  acc_2534_out|       pointer|
|acc_2534_out_o_ap_vld      |  out|    1|     ap_ovld|                                                                  acc_2534_out|       pointer|
|acc_2533_out_i             |   in|   32|     ap_ovld|                                                                  acc_2533_out|       pointer|
|acc_2533_out_o             |  out|   32|     ap_ovld|                                                                  acc_2533_out|       pointer|
|acc_2533_out_o_ap_vld      |  out|    1|     ap_ovld|                                                                  acc_2533_out|       pointer|
|acc_2532_out_i             |   in|   32|     ap_ovld|                                                                  acc_2532_out|       pointer|
|acc_2532_out_o             |  out|   32|     ap_ovld|                                                                  acc_2532_out|       pointer|
|acc_2532_out_o_ap_vld      |  out|    1|     ap_ovld|                                                                  acc_2532_out|       pointer|
|acc_2531_out_i             |   in|   32|     ap_ovld|                                                                  acc_2531_out|       pointer|
|acc_2531_out_o             |  out|   32|     ap_ovld|                                                                  acc_2531_out|       pointer|
|acc_2531_out_o_ap_vld      |  out|    1|     ap_ovld|                                                                  acc_2531_out|       pointer|
|acc_2530_out_i             |   in|   32|     ap_ovld|                                                                  acc_2530_out|       pointer|
|acc_2530_out_o             |  out|   32|     ap_ovld|                                                                  acc_2530_out|       pointer|
|acc_2530_out_o_ap_vld      |  out|    1|     ap_ovld|                                                                  acc_2530_out|       pointer|
|acc_2529_out_i             |   in|   32|     ap_ovld|                                                                  acc_2529_out|       pointer|
|acc_2529_out_o             |  out|   32|     ap_ovld|                                                                  acc_2529_out|       pointer|
|acc_2529_out_o_ap_vld      |  out|    1|     ap_ovld|                                                                  acc_2529_out|       pointer|
|acc_2528_out_i             |   in|   32|     ap_ovld|                                                                  acc_2528_out|       pointer|
|acc_2528_out_o             |  out|   32|     ap_ovld|                                                                  acc_2528_out|       pointer|
|acc_2528_out_o_ap_vld      |  out|    1|     ap_ovld|                                                                  acc_2528_out|       pointer|
|acc_2527_out_i             |   in|   32|     ap_ovld|                                                                  acc_2527_out|       pointer|
|acc_2527_out_o             |  out|   32|     ap_ovld|                                                                  acc_2527_out|       pointer|
|acc_2527_out_o_ap_vld      |  out|    1|     ap_ovld|                                                                  acc_2527_out|       pointer|
|acc_2526_out_i             |   in|   32|     ap_ovld|                                                                  acc_2526_out|       pointer|
|acc_2526_out_o             |  out|   32|     ap_ovld|                                                                  acc_2526_out|       pointer|
|acc_2526_out_o_ap_vld      |  out|    1|     ap_ovld|                                                                  acc_2526_out|       pointer|
|acc_2525_out_i             |   in|   32|     ap_ovld|                                                                  acc_2525_out|       pointer|
|acc_2525_out_o             |  out|   32|     ap_ovld|                                                                  acc_2525_out|       pointer|
|acc_2525_out_o_ap_vld      |  out|    1|     ap_ovld|                                                                  acc_2525_out|       pointer|
|acc_2524_out_i             |   in|   32|     ap_ovld|                                                                  acc_2524_out|       pointer|
|acc_2524_out_o             |  out|   32|     ap_ovld|                                                                  acc_2524_out|       pointer|
|acc_2524_out_o_ap_vld      |  out|    1|     ap_ovld|                                                                  acc_2524_out|       pointer|
|acc_2523_out_i             |   in|   32|     ap_ovld|                                                                  acc_2523_out|       pointer|
|acc_2523_out_o             |  out|   32|     ap_ovld|                                                                  acc_2523_out|       pointer|
|acc_2523_out_o_ap_vld      |  out|    1|     ap_ovld|                                                                  acc_2523_out|       pointer|
|acc_2522_out_i             |   in|   32|     ap_ovld|                                                                  acc_2522_out|       pointer|
|acc_2522_out_o             |  out|   32|     ap_ovld|                                                                  acc_2522_out|       pointer|
|acc_2522_out_o_ap_vld      |  out|    1|     ap_ovld|                                                                  acc_2522_out|       pointer|
|acc_2521_out_i             |   in|   32|     ap_ovld|                                                                  acc_2521_out|       pointer|
|acc_2521_out_o             |  out|   32|     ap_ovld|                                                                  acc_2521_out|       pointer|
|acc_2521_out_o_ap_vld      |  out|    1|     ap_ovld|                                                                  acc_2521_out|       pointer|
|acc_2520_out_i             |   in|   32|     ap_ovld|                                                                  acc_2520_out|       pointer|
|acc_2520_out_o             |  out|   32|     ap_ovld|                                                                  acc_2520_out|       pointer|
|acc_2520_out_o_ap_vld      |  out|    1|     ap_ovld|                                                                  acc_2520_out|       pointer|
|acc_2519_out_i             |   in|   32|     ap_ovld|                                                                  acc_2519_out|       pointer|
|acc_2519_out_o             |  out|   32|     ap_ovld|                                                                  acc_2519_out|       pointer|
|acc_2519_out_o_ap_vld      |  out|    1|     ap_ovld|                                                                  acc_2519_out|       pointer|
|acc_2518_out_i             |   in|   32|     ap_ovld|                                                                  acc_2518_out|       pointer|
|acc_2518_out_o             |  out|   32|     ap_ovld|                                                                  acc_2518_out|       pointer|
|acc_2518_out_o_ap_vld      |  out|    1|     ap_ovld|                                                                  acc_2518_out|       pointer|
|acc_2517_out_i             |   in|   32|     ap_ovld|                                                                  acc_2517_out|       pointer|
|acc_2517_out_o             |  out|   32|     ap_ovld|                                                                  acc_2517_out|       pointer|
|acc_2517_out_o_ap_vld      |  out|    1|     ap_ovld|                                                                  acc_2517_out|       pointer|
|acc_2516_out_i             |   in|   32|     ap_ovld|                                                                  acc_2516_out|       pointer|
|acc_2516_out_o             |  out|   32|     ap_ovld|                                                                  acc_2516_out|       pointer|
|acc_2516_out_o_ap_vld      |  out|    1|     ap_ovld|                                                                  acc_2516_out|       pointer|
|acc_2515_out_i             |   in|   32|     ap_ovld|                                                                  acc_2515_out|       pointer|
|acc_2515_out_o             |  out|   32|     ap_ovld|                                                                  acc_2515_out|       pointer|
|acc_2515_out_o_ap_vld      |  out|    1|     ap_ovld|                                                                  acc_2515_out|       pointer|
|acc_2514_out_i             |   in|   32|     ap_ovld|                                                                  acc_2514_out|       pointer|
|acc_2514_out_o             |  out|   32|     ap_ovld|                                                                  acc_2514_out|       pointer|
|acc_2514_out_o_ap_vld      |  out|    1|     ap_ovld|                                                                  acc_2514_out|       pointer|
|acc_2513_out_i             |   in|   32|     ap_ovld|                                                                  acc_2513_out|       pointer|
|acc_2513_out_o             |  out|   32|     ap_ovld|                                                                  acc_2513_out|       pointer|
|acc_2513_out_o_ap_vld      |  out|    1|     ap_ovld|                                                                  acc_2513_out|       pointer|
|acc_2512_out_i             |   in|   32|     ap_ovld|                                                                  acc_2512_out|       pointer|
|acc_2512_out_o             |  out|   32|     ap_ovld|                                                                  acc_2512_out|       pointer|
|acc_2512_out_o_ap_vld      |  out|    1|     ap_ovld|                                                                  acc_2512_out|       pointer|
|acc_2511_out_i             |   in|   32|     ap_ovld|                                                                  acc_2511_out|       pointer|
|acc_2511_out_o             |  out|   32|     ap_ovld|                                                                  acc_2511_out|       pointer|
|acc_2511_out_o_ap_vld      |  out|    1|     ap_ovld|                                                                  acc_2511_out|       pointer|
|acc_2510_out_i             |   in|   32|     ap_ovld|                                                                  acc_2510_out|       pointer|
|acc_2510_out_o             |  out|   32|     ap_ovld|                                                                  acc_2510_out|       pointer|
|acc_2510_out_o_ap_vld      |  out|    1|     ap_ovld|                                                                  acc_2510_out|       pointer|
|acc_2509_out_i             |   in|   32|     ap_ovld|                                                                  acc_2509_out|       pointer|
|acc_2509_out_o             |  out|   32|     ap_ovld|                                                                  acc_2509_out|       pointer|
|acc_2509_out_o_ap_vld      |  out|    1|     ap_ovld|                                                                  acc_2509_out|       pointer|
|acc_2508_out_i             |   in|   32|     ap_ovld|                                                                  acc_2508_out|       pointer|
|acc_2508_out_o             |  out|   32|     ap_ovld|                                                                  acc_2508_out|       pointer|
|acc_2508_out_o_ap_vld      |  out|    1|     ap_ovld|                                                                  acc_2508_out|       pointer|
|acc_2507_out_i             |   in|   32|     ap_ovld|                                                                  acc_2507_out|       pointer|
|acc_2507_out_o             |  out|   32|     ap_ovld|                                                                  acc_2507_out|       pointer|
|acc_2507_out_o_ap_vld      |  out|    1|     ap_ovld|                                                                  acc_2507_out|       pointer|
|acc_2506_out_i             |   in|   32|     ap_ovld|                                                                  acc_2506_out|       pointer|
|acc_2506_out_o             |  out|   32|     ap_ovld|                                                                  acc_2506_out|       pointer|
|acc_2506_out_o_ap_vld      |  out|    1|     ap_ovld|                                                                  acc_2506_out|       pointer|
|acc_2505_out_i             |   in|   32|     ap_ovld|                                                                  acc_2505_out|       pointer|
|acc_2505_out_o             |  out|   32|     ap_ovld|                                                                  acc_2505_out|       pointer|
|acc_2505_out_o_ap_vld      |  out|    1|     ap_ovld|                                                                  acc_2505_out|       pointer|
|acc_2504_out_i             |   in|   32|     ap_ovld|                                                                  acc_2504_out|       pointer|
|acc_2504_out_o             |  out|   32|     ap_ovld|                                                                  acc_2504_out|       pointer|
|acc_2504_out_o_ap_vld      |  out|    1|     ap_ovld|                                                                  acc_2504_out|       pointer|
|acc_2503_out_i             |   in|   32|     ap_ovld|                                                                  acc_2503_out|       pointer|
|acc_2503_out_o             |  out|   32|     ap_ovld|                                                                  acc_2503_out|       pointer|
|acc_2503_out_o_ap_vld      |  out|    1|     ap_ovld|                                                                  acc_2503_out|       pointer|
|acc_2502_out_i             |   in|   32|     ap_ovld|                                                                  acc_2502_out|       pointer|
|acc_2502_out_o             |  out|   32|     ap_ovld|                                                                  acc_2502_out|       pointer|
|acc_2502_out_o_ap_vld      |  out|    1|     ap_ovld|                                                                  acc_2502_out|       pointer|
|acc_2501_out_i             |   in|   32|     ap_ovld|                                                                  acc_2501_out|       pointer|
|acc_2501_out_o             |  out|   32|     ap_ovld|                                                                  acc_2501_out|       pointer|
|acc_2501_out_o_ap_vld      |  out|    1|     ap_ovld|                                                                  acc_2501_out|       pointer|
|acc_2500_out_i             |   in|   32|     ap_ovld|                                                                  acc_2500_out|       pointer|
|acc_2500_out_o             |  out|   32|     ap_ovld|                                                                  acc_2500_out|       pointer|
|acc_2500_out_o_ap_vld      |  out|    1|     ap_ovld|                                                                  acc_2500_out|       pointer|
|acc_2499_out_i             |   in|   32|     ap_ovld|                                                                  acc_2499_out|       pointer|
|acc_2499_out_o             |  out|   32|     ap_ovld|                                                                  acc_2499_out|       pointer|
|acc_2499_out_o_ap_vld      |  out|    1|     ap_ovld|                                                                  acc_2499_out|       pointer|
|acc_2498_out_i             |   in|   32|     ap_ovld|                                                                  acc_2498_out|       pointer|
|acc_2498_out_o             |  out|   32|     ap_ovld|                                                                  acc_2498_out|       pointer|
|acc_2498_out_o_ap_vld      |  out|    1|     ap_ovld|                                                                  acc_2498_out|       pointer|
|acc_2497_out_i             |   in|   32|     ap_ovld|                                                                  acc_2497_out|       pointer|
|acc_2497_out_o             |  out|   32|     ap_ovld|                                                                  acc_2497_out|       pointer|
|acc_2497_out_o_ap_vld      |  out|    1|     ap_ovld|                                                                  acc_2497_out|       pointer|
|acc_2496_out_i             |   in|   32|     ap_ovld|                                                                  acc_2496_out|       pointer|
|acc_2496_out_o             |  out|   32|     ap_ovld|                                                                  acc_2496_out|       pointer|
|acc_2496_out_o_ap_vld      |  out|    1|     ap_ovld|                                                                  acc_2496_out|       pointer|
+---------------------------+-----+-----+------------+------------------------------------------------------------------------------+--------------+

