

================================================================
== Vitis HLS Report for 'v_weighted_sum_multik_u55c_kernel'
================================================================
* Date:           Wed May  6 11:08:03 2026

* Version:        2022.2 (Build 3670227 on Oct 13 2022)
* Project:        v_weighted_sum_multik_prj
* Solution:       sol1 (Vivado IP Flow Target)
* Product family: virtexuplus
* Target device:  xcu55c-fsvh2892-2L-e


================================================================
== Performance Estimates
================================================================
+ Timing: 
    * Summary: 
    +--------+---------+----------+------------+
    |  Clock |  Target | Estimated| Uncertainty|
    +--------+---------+----------+------------+
    |ap_clk  |  4.00 ns|  2.920 ns|     1.08 ns|
    +--------+---------+----------+------------+

+ Latency: 
    * Summary: 
    +---------+---------+----------+----------+------+-----+---------+
    |  Latency (cycles) |  Latency (absolute) |  Interval  | Pipeline|
    |   min   |   max   |    min   |    max   |  min | max |   Type  |
    +---------+---------+----------+----------+------+-----+---------+
    |     1039|        ?|  4.156 us|         ?|  1040|    ?|       no|
    +---------+---------+----------+----------+------+-----+---------+

    + Detail: 
        * Instance: 
        +---------------------------------------------------------------------------------------------+--------------------------------------------------------------------------------+---------+---------+-----------+-----------+------+------+---------+
        |                                                                                             |                                                                                |  Latency (cycles) |   Latency (absolute)  |   Interval  | Pipeline|
        |                                           Instance                                          |                                     Module                                     |   min   |   max   |    min    |    max    |  min |  max |   Type  |
        +---------------------------------------------------------------------------------------------+--------------------------------------------------------------------------------+---------+---------+-----------+-----------+------+------+---------+
        |grp_v_weighted_sum_multik_u55c_kernel_Pipeline_VITIS_LOOP_203_1_VITIS_LOOP_204_2_fu_17712    |v_weighted_sum_multik_u55c_kernel_Pipeline_VITIS_LOOP_203_1_VITIS_LOOP_204_2    |      514|      514|   2.056 us|   2.056 us|   514|   514|       no|
        |grp_v_weighted_sum_multik_u55c_kernel_Pipeline_VITIS_LOOP_217_5_fu_18740                     |v_weighted_sum_multik_u55c_kernel_Pipeline_VITIS_LOOP_217_5                     |      525|      525|   2.100 us|   2.100 us|   525|   525|       no|
        |grp_v_weighted_sum_multik_u55c_kernel_Pipeline_VITIS_LOOP_227_6_VITIS_LOOP_228_7_fu_18881    |v_weighted_sum_multik_u55c_kernel_Pipeline_VITIS_LOOP_227_6_VITIS_LOOP_228_7    |     4099|     4099|  16.396 us|  16.396 us|  4099|  4099|       no|
        |grp_v_weighted_sum_multik_u55c_kernel_Pipeline_VITIS_LOOP_242_9_fu_18905                     |v_weighted_sum_multik_u55c_kernel_Pipeline_VITIS_LOOP_242_9                     |      189|      189|   0.756 us|   0.756 us|   189|   189|       no|
        |grp_v_weighted_sum_multik_u55c_kernel_Pipeline_VITIS_LOOP_256_12_VITIS_LOOP_257_13_fu_20718  |v_weighted_sum_multik_u55c_kernel_Pipeline_VITIS_LOOP_256_12_VITIS_LOOP_257_13  |      514|      514|   2.056 us|   2.056 us|   514|   514|       no|
        |grp_v_weighted_sum_multik_u55c_kernel_Pipeline_VITIS_LOOP_265_14_VITIS_LOOP_266_15_fu_21746  |v_weighted_sum_multik_u55c_kernel_Pipeline_VITIS_LOOP_265_14_VITIS_LOOP_266_15  |      514|      514|   2.056 us|   2.056 us|   514|   514|       no|
        +---------------------------------------------------------------------------------------------+--------------------------------------------------------------------------------+---------+---------+-----------+-----------+------+------+---------+

        * Loop: 
        +---------------------+---------+---------+----------+-----------+-----------+-------+----------+
        |                     |  Latency (cycles) | Iteration|  Initiation Interval  |  Trip |          |
        |      Loop Name      |   min   |   max   |  Latency |  achieved |   target  | Count | Pipelined|
        +---------------------+---------+---------+----------+-----------+-----------+-------+----------+
        |- VITIS_LOOP_211_3   |     6943|        ?|      6943|          -|          -|  1 ~ ?|        no|
        | + VITIS_LOOP_241_8  |     2832|     2832|       708|          -|          -|      4|        no|
        +---------------------+---------+---------+----------+-----------+-----------+-------+----------+



================================================================
== Utilization Estimates
================================================================
* Summary: 
+---------------------+---------+------+---------+---------+-----+
|         Name        | BRAM_18K|  DSP |    FF   |   LUT   | URAM|
+---------------------+---------+------+---------+---------+-----+
|DSP                  |        -|     -|        -|        -|    -|
|Expression           |        -|     -|        0|      581|    -|
|FIFO                 |        -|     -|        -|        -|    -|
|Instance             |        0|   659|    91719|    53842|    0|
|Memory               |       16|     -|     4096|     4224|    0|
|Multiplexer          |        -|     -|        -|    19479|    -|
|Register             |        -|     -|    70345|        -|    -|
+---------------------+---------+------+---------+---------+-----+
|Total                |       16|   659|   166160|    78126|    0|
+---------------------+---------+------+---------+---------+-----+
|Available SLR        |     1344|  3008|   869120|   434560|  320|
+---------------------+---------+------+---------+---------+-----+
|Utilization SLR (%)  |        1|    21|       19|       17|    0|
+---------------------+---------+------+---------+---------+-----+
|Available            |     4032|  9024|  2607360|  1303680|  960|
+---------------------+---------+------+---------+---------+-----+
|Utilization (%)      |       ~0|     7|        6|        5|    0|
+---------------------+---------+------+---------+---------+-----+

+ Detail: 
    * Instance: 
    +---------------------------------------------------------------------------------------------+--------------------------------------------------------------------------------+---------+-----+-------+-------+-----+
    |                                           Instance                                          |                                     Module                                     | BRAM_18K| DSP |   FF  |  LUT  | URAM|
    +---------------------------------------------------------------------------------------------+--------------------------------------------------------------------------------+---------+-----+-------+-------+-----+
    |control_s_axi_U                                                                              |control_s_axi                                                                   |        0|    0|    360|    616|    0|
    |gmem_out_m_axi_U                                                                             |gmem_out_m_axi                                                                  |        0|    0|    764|   1118|    0|
    |gmem_v_m_axi_U                                                                               |gmem_v_m_axi                                                                    |        0|    0|    764|   1118|    0|
    |gmem_weights_m_axi_U                                                                         |gmem_weights_m_axi                                                              |        0|    0|    764|   1118|    0|
    |grp_v_weighted_sum_multik_u55c_kernel_Pipeline_VITIS_LOOP_203_1_VITIS_LOOP_204_2_fu_17712    |v_weighted_sum_multik_u55c_kernel_Pipeline_VITIS_LOOP_203_1_VITIS_LOOP_204_2    |        0|    0|     23|    139|    0|
    |grp_v_weighted_sum_multik_u55c_kernel_Pipeline_VITIS_LOOP_217_5_fu_18740                     |v_weighted_sum_multik_u55c_kernel_Pipeline_VITIS_LOOP_217_5                     |        0|    3|   1449|    806|    0|
    |grp_v_weighted_sum_multik_u55c_kernel_Pipeline_VITIS_LOOP_227_6_VITIS_LOOP_228_7_fu_18881    |v_weighted_sum_multik_u55c_kernel_Pipeline_VITIS_LOOP_227_6_VITIS_LOOP_228_7    |        0|    0|    156|    251|    0|
    |grp_v_weighted_sum_multik_u55c_kernel_Pipeline_VITIS_LOOP_242_9_fu_18905                     |v_weighted_sum_multik_u55c_kernel_Pipeline_VITIS_LOOP_242_9                     |        0|  656|  87359|  43878|    0|
    |grp_v_weighted_sum_multik_u55c_kernel_Pipeline_VITIS_LOOP_256_12_VITIS_LOOP_257_13_fu_20718  |v_weighted_sum_multik_u55c_kernel_Pipeline_VITIS_LOOP_256_12_VITIS_LOOP_257_13  |        0|    0|     23|   2366|    0|
    |grp_v_weighted_sum_multik_u55c_kernel_Pipeline_VITIS_LOOP_265_14_VITIS_LOOP_266_15_fu_21746  |v_weighted_sum_multik_u55c_kernel_Pipeline_VITIS_LOOP_265_14_VITIS_LOOP_266_15  |        0|    0|     57|   2432|    0|
    +---------------------------------------------------------------------------------------------+--------------------------------------------------------------------------------+---------+-----+-------+-------+-----+
    |Total                                                                                        |                                                                                |        0|  659|  91719|  53842|    0|
    +---------------------------------------------------------------------------------------------+--------------------------------------------------------------------------------+---------+-----+-------+-------+-----+

    * DSP: 
    N/A

    * Memory: 
    +---------------------+-----------------------------+---------+----+----+-----+------+-----+------+-------------+
    |        Memory       |            Module           | BRAM_18K| FF | LUT| URAM| Words| Bits| Banks| W*Bits*Banks|
    +---------------------+-----------------------------+---------+----+----+-----+------+-----+------+-------------+
    |v_local_U            |v_local_RAM_AUTO_1R1W        |        1|   0|   0|    0|   256|   32|     1|         8192|
    |v_local_1_U          |v_local_RAM_AUTO_1R1W        |        1|   0|   0|    0|   256|   32|     1|         8192|
    |v_local_2_U          |v_local_RAM_AUTO_1R1W        |        1|   0|   0|    0|   256|   32|     1|         8192|
    |v_local_3_U          |v_local_RAM_AUTO_1R1W        |        1|   0|   0|    0|   256|   32|     1|         8192|
    |v_local_4_U          |v_local_RAM_AUTO_1R1W        |        1|   0|   0|    0|   256|   32|     1|         8192|
    |v_local_5_U          |v_local_RAM_AUTO_1R1W        |        1|   0|   0|    0|   256|   32|     1|         8192|
    |v_local_6_U          |v_local_RAM_AUTO_1R1W        |        1|   0|   0|    0|   256|   32|     1|         8192|
    |v_local_7_U          |v_local_RAM_AUTO_1R1W        |        1|   0|   0|    0|   256|   32|     1|         8192|
    |v_local_8_U          |v_local_RAM_AUTO_1R1W        |        1|   0|   0|    0|   256|   32|     1|         8192|
    |v_local_9_U          |v_local_RAM_AUTO_1R1W        |        1|   0|   0|    0|   256|   32|     1|         8192|
    |v_local_10_U         |v_local_RAM_AUTO_1R1W        |        1|   0|   0|    0|   256|   32|     1|         8192|
    |v_local_11_U         |v_local_RAM_AUTO_1R1W        |        1|   0|   0|    0|   256|   32|     1|         8192|
    |v_local_12_U         |v_local_RAM_AUTO_1R1W        |        1|   0|   0|    0|   256|   32|     1|         8192|
    |v_local_13_U         |v_local_RAM_AUTO_1R1W        |        1|   0|   0|    0|   256|   32|     1|         8192|
    |v_local_14_U         |v_local_RAM_AUTO_1R1W        |        1|   0|   0|    0|   256|   32|     1|         8192|
    |v_local_15_U         |v_local_RAM_AUTO_1R1W        |        1|   0|   0|    0|   256|   32|     1|         8192|
    |weights_local_U      |weights_local_RAM_AUTO_1R1W  |        0|  32|  33|    0|     4|   32|     1|          128|
    |weights_local_1_U    |weights_local_RAM_AUTO_1R1W  |        0|  32|  33|    0|     4|   32|     1|          128|
    |weights_local_2_U    |weights_local_RAM_AUTO_1R1W  |        0|  32|  33|    0|     4|   32|     1|          128|
    |weights_local_3_U    |weights_local_RAM_AUTO_1R1W  |        0|  32|  33|    0|     4|   32|     1|          128|
    |weights_local_4_U    |weights_local_RAM_AUTO_1R1W  |        0|  32|  33|    0|     4|   32|     1|          128|
    |weights_local_5_U    |weights_local_RAM_AUTO_1R1W  |        0|  32|  33|    0|     4|   32|     1|          128|
    |weights_local_6_U    |weights_local_RAM_AUTO_1R1W  |        0|  32|  33|    0|     4|   32|     1|          128|
    |weights_local_7_U    |weights_local_RAM_AUTO_1R1W  |        0|  32|  33|    0|     4|   32|     1|          128|
    |weights_local_8_U    |weights_local_RAM_AUTO_1R1W  |        0|  32|  33|    0|     4|   32|     1|          128|
    |weights_local_9_U    |weights_local_RAM_AUTO_1R1W  |        0|  32|  33|    0|     4|   32|     1|          128|
    |weights_local_10_U   |weights_local_RAM_AUTO_1R1W  |        0|  32|  33|    0|     4|   32|     1|          128|
    |weights_local_11_U   |weights_local_RAM_AUTO_1R1W  |        0|  32|  33|    0|     4|   32|     1|          128|
    |weights_local_12_U   |weights_local_RAM_AUTO_1R1W  |        0|  32|  33|    0|     4|   32|     1|          128|
    |weights_local_13_U   |weights_local_RAM_AUTO_1R1W  |        0|  32|  33|    0|     4|   32|     1|          128|
    |weights_local_14_U   |weights_local_RAM_AUTO_1R1W  |        0|  32|  33|    0|     4|   32|     1|          128|
    |weights_local_15_U   |weights_local_RAM_AUTO_1R1W  |        0|  32|  33|    0|     4|   32|     1|          128|
    |weights_local_16_U   |weights_local_RAM_AUTO_1R1W  |        0|  32|  33|    0|     4|   32|     1|          128|
    |weights_local_17_U   |weights_local_RAM_AUTO_1R1W  |        0|  32|  33|    0|     4|   32|     1|          128|
    |weights_local_18_U   |weights_local_RAM_AUTO_1R1W  |        0|  32|  33|    0|     4|   32|     1|          128|
    |weights_local_19_U   |weights_local_RAM_AUTO_1R1W  |        0|  32|  33|    0|     4|   32|     1|          128|
    |weights_local_20_U   |weights_local_RAM_AUTO_1R1W  |        0|  32|  33|    0|     4|   32|     1|          128|
    |weights_local_21_U   |weights_local_RAM_AUTO_1R1W  |        0|  32|  33|    0|     4|   32|     1|          128|
    |weights_local_22_U   |weights_local_RAM_AUTO_1R1W  |        0|  32|  33|    0|     4|   32|     1|          128|
    |weights_local_23_U   |weights_local_RAM_AUTO_1R1W  |        0|  32|  33|    0|     4|   32|     1|          128|
    |weights_local_24_U   |weights_local_RAM_AUTO_1R1W  |        0|  32|  33|    0|     4|   32|     1|          128|
    |weights_local_25_U   |weights_local_RAM_AUTO_1R1W  |        0|  32|  33|    0|     4|   32|     1|          128|
    |weights_local_26_U   |weights_local_RAM_AUTO_1R1W  |        0|  32|  33|    0|     4|   32|     1|          128|
    |weights_local_27_U   |weights_local_RAM_AUTO_1R1W  |        0|  32|  33|    0|     4|   32|     1|          128|
    |weights_local_28_U   |weights_local_RAM_AUTO_1R1W  |        0|  32|  33|    0|     4|   32|     1|          128|
    |weights_local_29_U   |weights_local_RAM_AUTO_1R1W  |        0|  32|  33|    0|     4|   32|     1|          128|
    |weights_local_30_U   |weights_local_RAM_AUTO_1R1W  |        0|  32|  33|    0|     4|   32|     1|          128|
    |weights_local_31_U   |weights_local_RAM_AUTO_1R1W  |        0|  32|  33|    0|     4|   32|     1|          128|
    |weights_local_32_U   |weights_local_RAM_AUTO_1R1W  |        0|  32|  33|    0|     4|   32|     1|          128|
    |weights_local_33_U   |weights_local_RAM_AUTO_1R1W  |        0|  32|  33|    0|     4|   32|     1|          128|
    |weights_local_34_U   |weights_local_RAM_AUTO_1R1W  |        0|  32|  33|    0|     4|   32|     1|          128|
    |weights_local_35_U   |weights_local_RAM_AUTO_1R1W  |        0|  32|  33|    0|     4|   32|     1|          128|
    |weights_local_36_U   |weights_local_RAM_AUTO_1R1W  |        0|  32|  33|    0|     4|   32|     1|          128|
    |weights_local_37_U   |weights_local_RAM_AUTO_1R1W  |        0|  32|  33|    0|     4|   32|     1|          128|
    |weights_local_38_U   |weights_local_RAM_AUTO_1R1W  |        0|  32|  33|    0|     4|   32|     1|          128|
    |weights_local_39_U   |weights_local_RAM_AUTO_1R1W  |        0|  32|  33|    0|     4|   32|     1|          128|
    |weights_local_40_U   |weights_local_RAM_AUTO_1R1W  |        0|  32|  33|    0|     4|   32|     1|          128|
    |weights_local_41_U   |weights_local_RAM_AUTO_1R1W  |        0|  32|  33|    0|     4|   32|     1|          128|
    |weights_local_42_U   |weights_local_RAM_AUTO_1R1W  |        0|  32|  33|    0|     4|   32|     1|          128|
    |weights_local_43_U   |weights_local_RAM_AUTO_1R1W  |        0|  32|  33|    0|     4|   32|     1|          128|
    |weights_local_44_U   |weights_local_RAM_AUTO_1R1W  |        0|  32|  33|    0|     4|   32|     1|          128|
    |weights_local_45_U   |weights_local_RAM_AUTO_1R1W  |        0|  32|  33|    0|     4|   32|     1|          128|
    |weights_local_46_U   |weights_local_RAM_AUTO_1R1W  |        0|  32|  33|    0|     4|   32|     1|          128|
    |weights_local_47_U   |weights_local_RAM_AUTO_1R1W  |        0|  32|  33|    0|     4|   32|     1|          128|
    |weights_local_48_U   |weights_local_RAM_AUTO_1R1W  |        0|  32|  33|    0|     4|   32|     1|          128|
    |weights_local_49_U   |weights_local_RAM_AUTO_1R1W  |        0|  32|  33|    0|     4|   32|     1|          128|
    |weights_local_50_U   |weights_local_RAM_AUTO_1R1W  |        0|  32|  33|    0|     4|   32|     1|          128|
    |weights_local_51_U   |weights_local_RAM_AUTO_1R1W  |        0|  32|  33|    0|     4|   32|     1|          128|
    |weights_local_52_U   |weights_local_RAM_AUTO_1R1W  |        0|  32|  33|    0|     4|   32|     1|          128|
    |weights_local_53_U   |weights_local_RAM_AUTO_1R1W  |        0|  32|  33|    0|     4|   32|     1|          128|
    |weights_local_54_U   |weights_local_RAM_AUTO_1R1W  |        0|  32|  33|    0|     4|   32|     1|          128|
    |weights_local_55_U   |weights_local_RAM_AUTO_1R1W  |        0|  32|  33|    0|     4|   32|     1|          128|
    |weights_local_56_U   |weights_local_RAM_AUTO_1R1W  |        0|  32|  33|    0|     4|   32|     1|          128|
    |weights_local_57_U   |weights_local_RAM_AUTO_1R1W  |        0|  32|  33|    0|     4|   32|     1|          128|
    |weights_local_58_U   |weights_local_RAM_AUTO_1R1W  |        0|  32|  33|    0|     4|   32|     1|          128|
    |weights_local_59_U   |weights_local_RAM_AUTO_1R1W  |        0|  32|  33|    0|     4|   32|     1|          128|
    |weights_local_60_U   |weights_local_RAM_AUTO_1R1W  |        0|  32|  33|    0|     4|   32|     1|          128|
    |weights_local_61_U   |weights_local_RAM_AUTO_1R1W  |        0|  32|  33|    0|     4|   32|     1|          128|
    |weights_local_62_U   |weights_local_RAM_AUTO_1R1W  |        0|  32|  33|    0|     4|   32|     1|          128|
    |weights_local_63_U   |weights_local_RAM_AUTO_1R1W  |        0|  32|  33|    0|     4|   32|     1|          128|
    |weights_local_64_U   |weights_local_RAM_AUTO_1R1W  |        0|  32|  33|    0|     4|   32|     1|          128|
    |weights_local_65_U   |weights_local_RAM_AUTO_1R1W  |        0|  32|  33|    0|     4|   32|     1|          128|
    |weights_local_66_U   |weights_local_RAM_AUTO_1R1W  |        0|  32|  33|    0|     4|   32|     1|          128|
    |weights_local_67_U   |weights_local_RAM_AUTO_1R1W  |        0|  32|  33|    0|     4|   32|     1|          128|
    |weights_local_68_U   |weights_local_RAM_AUTO_1R1W  |        0|  32|  33|    0|     4|   32|     1|          128|
    |weights_local_69_U   |weights_local_RAM_AUTO_1R1W  |        0|  32|  33|    0|     4|   32|     1|          128|
    |weights_local_70_U   |weights_local_RAM_AUTO_1R1W  |        0|  32|  33|    0|     4|   32|     1|          128|
    |weights_local_71_U   |weights_local_RAM_AUTO_1R1W  |        0|  32|  33|    0|     4|   32|     1|          128|
    |weights_local_72_U   |weights_local_RAM_AUTO_1R1W  |        0|  32|  33|    0|     4|   32|     1|          128|
    |weights_local_73_U   |weights_local_RAM_AUTO_1R1W  |        0|  32|  33|    0|     4|   32|     1|          128|
    |weights_local_74_U   |weights_local_RAM_AUTO_1R1W  |        0|  32|  33|    0|     4|   32|     1|          128|
    |weights_local_75_U   |weights_local_RAM_AUTO_1R1W  |        0|  32|  33|    0|     4|   32|     1|          128|
    |weights_local_76_U   |weights_local_RAM_AUTO_1R1W  |        0|  32|  33|    0|     4|   32|     1|          128|
    |weights_local_77_U   |weights_local_RAM_AUTO_1R1W  |        0|  32|  33|    0|     4|   32|     1|          128|
    |weights_local_78_U   |weights_local_RAM_AUTO_1R1W  |        0|  32|  33|    0|     4|   32|     1|          128|
    |weights_local_79_U   |weights_local_RAM_AUTO_1R1W  |        0|  32|  33|    0|     4|   32|     1|          128|
    |weights_local_80_U   |weights_local_RAM_AUTO_1R1W  |        0|  32|  33|    0|     4|   32|     1|          128|
    |weights_local_81_U   |weights_local_RAM_AUTO_1R1W  |        0|  32|  33|    0|     4|   32|     1|          128|
    |weights_local_82_U   |weights_local_RAM_AUTO_1R1W  |        0|  32|  33|    0|     4|   32|     1|          128|
    |weights_local_83_U   |weights_local_RAM_AUTO_1R1W  |        0|  32|  33|    0|     4|   32|     1|          128|
    |weights_local_84_U   |weights_local_RAM_AUTO_1R1W  |        0|  32|  33|    0|     4|   32|     1|          128|
    |weights_local_85_U   |weights_local_RAM_AUTO_1R1W  |        0|  32|  33|    0|     4|   32|     1|          128|
    |weights_local_86_U   |weights_local_RAM_AUTO_1R1W  |        0|  32|  33|    0|     4|   32|     1|          128|
    |weights_local_87_U   |weights_local_RAM_AUTO_1R1W  |        0|  32|  33|    0|     4|   32|     1|          128|
    |weights_local_88_U   |weights_local_RAM_AUTO_1R1W  |        0|  32|  33|    0|     4|   32|     1|          128|
    |weights_local_89_U   |weights_local_RAM_AUTO_1R1W  |        0|  32|  33|    0|     4|   32|     1|          128|
    |weights_local_90_U   |weights_local_RAM_AUTO_1R1W  |        0|  32|  33|    0|     4|   32|     1|          128|
    |weights_local_91_U   |weights_local_RAM_AUTO_1R1W  |        0|  32|  33|    0|     4|   32|     1|          128|
    |weights_local_92_U   |weights_local_RAM_AUTO_1R1W  |        0|  32|  33|    0|     4|   32|     1|          128|
    |weights_local_93_U   |weights_local_RAM_AUTO_1R1W  |        0|  32|  33|    0|     4|   32|     1|          128|
    |weights_local_94_U   |weights_local_RAM_AUTO_1R1W  |        0|  32|  33|    0|     4|   32|     1|          128|
    |weights_local_95_U   |weights_local_RAM_AUTO_1R1W  |        0|  32|  33|    0|     4|   32|     1|          128|
    |weights_local_96_U   |weights_local_RAM_AUTO_1R1W  |        0|  32|  33|    0|     4|   32|     1|          128|
    |weights_local_97_U   |weights_local_RAM_AUTO_1R1W  |        0|  32|  33|    0|     4|   32|     1|          128|
    |weights_local_98_U   |weights_local_RAM_AUTO_1R1W  |        0|  32|  33|    0|     4|   32|     1|          128|
    |weights_local_99_U   |weights_local_RAM_AUTO_1R1W  |        0|  32|  33|    0|     4|   32|     1|          128|
    |weights_local_100_U  |weights_local_RAM_AUTO_1R1W  |        0|  32|  33|    0|     4|   32|     1|          128|
    |weights_local_101_U  |weights_local_RAM_AUTO_1R1W  |        0|  32|  33|    0|     4|   32|     1|          128|
    |weights_local_102_U  |weights_local_RAM_AUTO_1R1W  |        0|  32|  33|    0|     4|   32|     1|          128|
    |weights_local_103_U  |weights_local_RAM_AUTO_1R1W  |        0|  32|  33|    0|     4|   32|     1|          128|
    |weights_local_104_U  |weights_local_RAM_AUTO_1R1W  |        0|  32|  33|    0|     4|   32|     1|          128|
    |weights_local_105_U  |weights_local_RAM_AUTO_1R1W  |        0|  32|  33|    0|     4|   32|     1|          128|
    |weights_local_106_U  |weights_local_RAM_AUTO_1R1W  |        0|  32|  33|    0|     4|   32|     1|          128|
    |weights_local_107_U  |weights_local_RAM_AUTO_1R1W  |        0|  32|  33|    0|     4|   32|     1|          128|
    |weights_local_108_U  |weights_local_RAM_AUTO_1R1W  |        0|  32|  33|    0|     4|   32|     1|          128|
    |weights_local_109_U  |weights_local_RAM_AUTO_1R1W  |        0|  32|  33|    0|     4|   32|     1|          128|
    |weights_local_110_U  |weights_local_RAM_AUTO_1R1W  |        0|  32|  33|    0|     4|   32|     1|          128|
    |weights_local_111_U  |weights_local_RAM_AUTO_1R1W  |        0|  32|  33|    0|     4|   32|     1|          128|
    |weights_local_112_U  |weights_local_RAM_AUTO_1R1W  |        0|  32|  33|    0|     4|   32|     1|          128|
    |weights_local_113_U  |weights_local_RAM_AUTO_1R1W  |        0|  32|  33|    0|     4|   32|     1|          128|
    |weights_local_114_U  |weights_local_RAM_AUTO_1R1W  |        0|  32|  33|    0|     4|   32|     1|          128|
    |weights_local_115_U  |weights_local_RAM_AUTO_1R1W  |        0|  32|  33|    0|     4|   32|     1|          128|
    |weights_local_116_U  |weights_local_RAM_AUTO_1R1W  |        0|  32|  33|    0|     4|   32|     1|          128|
    |weights_local_117_U  |weights_local_RAM_AUTO_1R1W  |        0|  32|  33|    0|     4|   32|     1|          128|
    |weights_local_118_U  |weights_local_RAM_AUTO_1R1W  |        0|  32|  33|    0|     4|   32|     1|          128|
    |weights_local_119_U  |weights_local_RAM_AUTO_1R1W  |        0|  32|  33|    0|     4|   32|     1|          128|
    |weights_local_120_U  |weights_local_RAM_AUTO_1R1W  |        0|  32|  33|    0|     4|   32|     1|          128|
    |weights_local_121_U  |weights_local_RAM_AUTO_1R1W  |        0|  32|  33|    0|     4|   32|     1|          128|
    |weights_local_122_U  |weights_local_RAM_AUTO_1R1W  |        0|  32|  33|    0|     4|   32|     1|          128|
    |weights_local_123_U  |weights_local_RAM_AUTO_1R1W  |        0|  32|  33|    0|     4|   32|     1|          128|
    |weights_local_124_U  |weights_local_RAM_AUTO_1R1W  |        0|  32|  33|    0|     4|   32|     1|          128|
    |weights_local_125_U  |weights_local_RAM_AUTO_1R1W  |        0|  32|  33|    0|     4|   32|     1|          128|
    |weights_local_126_U  |weights_local_RAM_AUTO_1R1W  |        0|  32|  33|    0|     4|   32|     1|          128|
    |weights_local_127_U  |weights_local_RAM_AUTO_1R1W  |        0|  32|  33|    0|     4|   32|     1|          128|
    +---------------------+-----------------------------+---------+----+----+-----+------+-----+------+-------------+
    |Total                |                             |       16|4096|4224|    0|  4608| 4608|   144|       147456|
    +---------------------+-----------------------------+---------+----+----+-----+------+-----+------+-------------+

    * FIFO: 
    N/A

    * Expression: 
    +----------------------------------+----------+----+---+----+------------+------------+
    |           Variable Name          | Operation| DSP| FF| LUT| Bitwidth P0| Bitwidth P1|
    +----------------------------------+----------+----+---+----+------------+------------+
    |add_ln211_1_fu_27928_p2           |         +|   0|  0|  33|          26|           1|
    |add_ln211_2_fu_33072_p2           |         +|   0|  0|  33|          26|           1|
    |add_ln211_fu_27908_p2             |         +|   0|  0|  38|          31|           2|
    |add_ln212_1_fu_33121_p2           |         +|   0|  0|  71|          64|          64|
    |add_ln212_fu_33081_p2             |         +|   0|  0|  39|          32|           7|
    |add_ln241_fu_33432_p2             |         +|   0|  0|  14|           7|           5|
    |add_ln265_fu_33179_p2             |         +|   0|  0|  71|          64|          64|
    |sub_ln212_fu_33100_p2             |         -|   0|  0|  39|          32|          32|
    |icmp_ln211_1_fu_33067_p2          |      icmp|   0|  0|  17|          26|          26|
    |icmp_ln211_fu_27898_p2            |      icmp|   0|  0|  20|          32|           1|
    |icmp_ln212_fu_33087_p2            |      icmp|   0|  0|  20|          32|          32|
    |icmp_ln216_1_fu_33242_p2          |      icmp|   0|  0|  20|          32|           1|
    |icmp_ln216_fu_33228_p2            |      icmp|   0|  0|  17|          26|           1|
    |icmp_ln265_1_fu_33158_p2          |      icmp|   0|  0|  20|          32|           1|
    |icmp_ln265_fu_33145_p2            |      icmp|   0|  0|  18|          29|           1|
    |ap_block_state14_on_subcall_done  |        or|   0|  0|   2|           1|           1|
    |k_cols_fu_33211_p3                |    select|   0|  0|  32|           1|           7|
    |select_ln216_fu_33234_p3          |    select|   0|  0|  32|           1|          32|
    |select_ln217_fu_33252_p3          |    select|   0|  0|   7|           1|           7|
    |select_ln265_1_fu_33198_p3        |    select|   0|  0|   4|           1|           4|
    |select_ln265_fu_33151_p3          |    select|   0|  0|  32|           1|          32|
    |xor_ln212_fu_33206_p2             |       xor|   0|  0|   2|           1|           2|
    +----------------------------------+----------+----+---+----+------------+------------+
    |Total                             |          |   0|  0| 581|         498|         324|
    +----------------------------------+----------+----+---+----+------------+------------+

    * Multiplexer: 
    +----------------------------+-----+-----------+-----+-----------+
    |            Name            | LUT | Input Size| Bits| Total Bits|
    +----------------------------+-----+-----------+-----+-----------+
    |acc_1000_fu_8856            |    9|          2|   32|         64|
    |acc_1001_fu_8860            |    9|          2|   32|         64|
    |acc_1002_fu_8864            |    9|          2|   32|         64|
    |acc_1003_fu_8868            |    9|          2|   32|         64|
    |acc_1004_fu_8872            |    9|          2|   32|         64|
    |acc_1005_fu_8876            |    9|          2|   32|         64|
    |acc_1006_fu_8880            |    9|          2|   32|         64|
    |acc_1007_fu_8884            |    9|          2|   32|         64|
    |acc_1008_fu_8888            |    9|          2|   32|         64|
    |acc_1009_fu_8892            |    9|          2|   32|         64|
    |acc_1010_fu_8896            |    9|          2|   32|         64|
    |acc_1011_fu_8900            |    9|          2|   32|         64|
    |acc_1012_fu_8904            |    9|          2|   32|         64|
    |acc_1013_fu_8908            |    9|          2|   32|         64|
    |acc_1014_fu_8912            |    9|          2|   32|         64|
    |acc_1015_fu_8916            |    9|          2|   32|         64|
    |acc_1016_fu_8920            |    9|          2|   32|         64|
    |acc_1017_fu_8924            |    9|          2|   32|         64|
    |acc_1018_fu_8928            |    9|          2|   32|         64|
    |acc_1019_fu_8932            |    9|          2|   32|         64|
    |acc_1020_fu_8936            |    9|          2|   32|         64|
    |acc_1021_fu_8940            |    9|          2|   32|         64|
    |acc_1022_fu_8944            |    9|          2|   32|         64|
    |acc_1024_reg_17702          |    9|          2|   32|         64|
    |acc_1025_reg_17692          |    9|          2|   32|         64|
    |acc_1026_reg_17682          |    9|          2|   32|         64|
    |acc_1027_reg_17672          |    9|          2|   32|         64|
    |acc_1028_reg_17662          |    9|          2|   32|         64|
    |acc_1029_reg_17652          |    9|          2|   32|         64|
    |acc_1030_reg_17642          |    9|          2|   32|         64|
    |acc_1031_reg_17632          |    9|          2|   32|         64|
    |acc_1032_reg_17622          |    9|          2|   32|         64|
    |acc_1033_reg_17612          |    9|          2|   32|         64|
    |acc_1034_reg_17602          |    9|          2|   32|         64|
    |acc_1035_reg_17592          |    9|          2|   32|         64|
    |acc_1036_reg_17582          |    9|          2|   32|         64|
    |acc_1037_reg_17572          |    9|          2|   32|         64|
    |acc_1038_reg_17562          |    9|          2|   32|         64|
    |acc_1039_reg_17552          |    9|          2|   32|         64|
    |acc_1040_reg_17542          |    9|          2|   32|         64|
    |acc_1041_reg_17532          |    9|          2|   32|         64|
    |acc_1042_reg_17522          |    9|          2|   32|         64|
    |acc_1043_reg_17512          |    9|          2|   32|         64|
    |acc_1044_reg_17502          |    9|          2|   32|         64|
    |acc_1045_reg_17492          |    9|          2|   32|         64|
    |acc_1046_reg_17482          |    9|          2|   32|         64|
    |acc_1047_reg_17472          |    9|          2|   32|         64|
    |acc_1048_reg_17462          |    9|          2|   32|         64|
    |acc_1049_reg_17452          |    9|          2|   32|         64|
    |acc_1050_reg_17442          |    9|          2|   32|         64|
    |acc_1051_reg_17432          |    9|          2|   32|         64|
    |acc_1052_reg_17422          |    9|          2|   32|         64|
    |acc_1053_reg_17412          |    9|          2|   32|         64|
    |acc_1054_reg_17402          |    9|          2|   32|         64|
    |acc_1055_reg_17392          |    9|          2|   32|         64|
    |acc_1056_reg_17382          |    9|          2|   32|         64|
    |acc_1057_reg_17372          |    9|          2|   32|         64|
    |acc_1058_reg_17362          |    9|          2|   32|         64|
    |acc_1059_reg_17352          |    9|          2|   32|         64|
    |acc_1060_reg_17342          |    9|          2|   32|         64|
    |acc_1061_reg_17332          |    9|          2|   32|         64|
    |acc_1062_reg_17322          |    9|          2|   32|         64|
    |acc_1063_reg_17312          |    9|          2|   32|         64|
    |acc_1064_reg_17302          |    9|          2|   32|         64|
    |acc_1065_reg_17292          |    9|          2|   32|         64|
    |acc_1066_reg_17282          |    9|          2|   32|         64|
    |acc_1067_reg_17272          |    9|          2|   32|         64|
    |acc_1068_reg_17262          |    9|          2|   32|         64|
    |acc_1069_reg_17252          |    9|          2|   32|         64|
    |acc_1070_reg_17242          |    9|          2|   32|         64|
    |acc_1071_reg_17232          |    9|          2|   32|         64|
    |acc_1072_reg_17222          |    9|          2|   32|         64|
    |acc_1073_reg_17212          |    9|          2|   32|         64|
    |acc_1074_reg_17202          |    9|          2|   32|         64|
    |acc_1075_reg_17192          |    9|          2|   32|         64|
    |acc_1076_reg_17182          |    9|          2|   32|         64|
    |acc_1077_reg_17172          |    9|          2|   32|         64|
    |acc_1078_reg_17162          |    9|          2|   32|         64|
    |acc_1079_reg_17152          |    9|          2|   32|         64|
    |acc_1080_reg_17142          |    9|          2|   32|         64|
    |acc_1081_reg_17132          |    9|          2|   32|         64|
    |acc_1082_reg_17122          |    9|          2|   32|         64|
    |acc_1083_reg_17112          |    9|          2|   32|         64|
    |acc_1084_reg_17102          |    9|          2|   32|         64|
    |acc_1085_reg_17092          |    9|          2|   32|         64|
    |acc_1086_reg_17082          |    9|          2|   32|         64|
    |acc_1087_reg_17072          |    9|          2|   32|         64|
    |acc_1088_reg_17062          |    9|          2|   32|         64|
    |acc_1089_reg_17052          |    9|          2|   32|         64|
    |acc_1090_reg_17042          |    9|          2|   32|         64|
    |acc_1091_reg_17032          |    9|          2|   32|         64|
    |acc_1092_reg_17022          |    9|          2|   32|         64|
    |acc_1093_reg_17012          |    9|          2|   32|         64|
    |acc_1094_reg_17002          |    9|          2|   32|         64|
    |acc_1095_reg_16992          |    9|          2|   32|         64|
    |acc_1096_reg_16982          |    9|          2|   32|         64|
    |acc_1097_reg_16972          |    9|          2|   32|         64|
    |acc_1098_reg_16962          |    9|          2|   32|         64|
    |acc_1099_reg_16952          |    9|          2|   32|         64|
    |acc_1100_reg_16942          |    9|          2|   32|         64|
    |acc_1101_reg_16932          |    9|          2|   32|         64|
    |acc_1102_reg_16922          |    9|          2|   32|         64|
    |acc_1103_reg_16912          |    9|          2|   32|         64|
    |acc_1104_reg_16902          |    9|          2|   32|         64|
    |acc_1105_reg_16892          |    9|          2|   32|         64|
    |acc_1106_reg_16882          |    9|          2|   32|         64|
    |acc_1107_reg_16872          |    9|          2|   32|         64|
    |acc_1108_reg_16862          |    9|          2|   32|         64|
    |acc_1109_reg_16852          |    9|          2|   32|         64|
    |acc_1110_reg_16842          |    9|          2|   32|         64|
    |acc_1111_reg_16832          |    9|          2|   32|         64|
    |acc_1112_reg_16822          |    9|          2|   32|         64|
    |acc_1113_reg_16812          |    9|          2|   32|         64|
    |acc_1114_reg_16802          |    9|          2|   32|         64|
    |acc_1115_reg_16792          |    9|          2|   32|         64|
    |acc_1116_reg_16782          |    9|          2|   32|         64|
    |acc_1117_reg_16772          |    9|          2|   32|         64|
    |acc_1118_reg_16762          |    9|          2|   32|         64|
    |acc_1119_reg_16752          |    9|          2|   32|         64|
    |acc_1120_reg_16742          |    9|          2|   32|         64|
    |acc_1121_reg_16732          |    9|          2|   32|         64|
    |acc_1122_reg_16722          |    9|          2|   32|         64|
    |acc_1123_reg_16712          |    9|          2|   32|         64|
    |acc_1124_reg_16702          |    9|          2|   32|         64|
    |acc_1125_reg_16692          |    9|          2|   32|         64|
    |acc_1126_reg_16682          |    9|          2|   32|         64|
    |acc_1127_reg_16672          |    9|          2|   32|         64|
    |acc_1128_reg_16662          |    9|          2|   32|         64|
    |acc_1129_reg_16652          |    9|          2|   32|         64|
    |acc_1130_reg_16642          |    9|          2|   32|         64|
    |acc_1131_reg_16632          |    9|          2|   32|         64|
    |acc_1132_reg_16622          |    9|          2|   32|         64|
    |acc_1133_reg_16612          |    9|          2|   32|         64|
    |acc_1134_reg_16602          |    9|          2|   32|         64|
    |acc_1135_reg_16592          |    9|          2|   32|         64|
    |acc_1136_reg_16582          |    9|          2|   32|         64|
    |acc_1137_reg_16572          |    9|          2|   32|         64|
    |acc_1138_reg_16562          |    9|          2|   32|         64|
    |acc_1139_reg_16552          |    9|          2|   32|         64|
    |acc_1140_reg_16542          |    9|          2|   32|         64|
    |acc_1141_reg_16532          |    9|          2|   32|         64|
    |acc_1142_reg_16522          |    9|          2|   32|         64|
    |acc_1143_reg_16512          |    9|          2|   32|         64|
    |acc_1144_reg_16502          |    9|          2|   32|         64|
    |acc_1145_reg_16492          |    9|          2|   32|         64|
    |acc_1146_reg_16482          |    9|          2|   32|         64|
    |acc_1147_reg_16472          |    9|          2|   32|         64|
    |acc_1148_reg_16462          |    9|          2|   32|         64|
    |acc_1149_reg_16452          |    9|          2|   32|         64|
    |acc_1150_reg_16442          |    9|          2|   32|         64|
    |acc_1151_reg_16432          |    9|          2|   32|         64|
    |acc_1152_reg_16422          |    9|          2|   32|         64|
    |acc_1153_reg_16412          |    9|          2|   32|         64|
    |acc_1154_reg_16402          |    9|          2|   32|         64|
    |acc_1155_reg_16392          |    9|          2|   32|         64|
    |acc_1156_reg_16382          |    9|          2|   32|         64|
    |acc_1157_reg_16372          |    9|          2|   32|         64|
    |acc_1158_reg_16362          |    9|          2|   32|         64|
    |acc_1159_reg_16352          |    9|          2|   32|         64|
    |acc_1160_reg_16342          |    9|          2|   32|         64|
    |acc_1161_reg_16332          |    9|          2|   32|         64|
    |acc_1162_reg_16322          |    9|          2|   32|         64|
    |acc_1163_reg_16312          |    9|          2|   32|         64|
    |acc_1164_reg_16302          |    9|          2|   32|         64|
    |acc_1165_reg_16292          |    9|          2|   32|         64|
    |acc_1166_reg_16282          |    9|          2|   32|         64|
    |acc_1167_reg_16272          |    9|          2|   32|         64|
    |acc_1168_reg_16262          |    9|          2|   32|         64|
    |acc_1169_reg_16252          |    9|          2|   32|         64|
    |acc_1170_reg_16242          |    9|          2|   32|         64|
    |acc_1171_reg_16232          |    9|          2|   32|         64|
    |acc_1172_reg_16222          |    9|          2|   32|         64|
    |acc_1173_reg_16212          |    9|          2|   32|         64|
    |acc_1174_reg_16202          |    9|          2|   32|         64|
    |acc_1175_reg_16192          |    9|          2|   32|         64|
    |acc_1176_reg_16182          |    9|          2|   32|         64|
    |acc_1177_reg_16172          |    9|          2|   32|         64|
    |acc_1178_reg_16162          |    9|          2|   32|         64|
    |acc_1179_reg_16152          |    9|          2|   32|         64|
    |acc_1180_reg_16142          |    9|          2|   32|         64|
    |acc_1181_reg_16132          |    9|          2|   32|         64|
    |acc_1182_reg_16122          |    9|          2|   32|         64|
    |acc_1183_reg_16112          |    9|          2|   32|         64|
    |acc_1184_reg_16102          |    9|          2|   32|         64|
    |acc_1185_reg_16092          |    9|          2|   32|         64|
    |acc_1186_reg_16082          |    9|          2|   32|         64|
    |acc_1187_reg_16072          |    9|          2|   32|         64|
    |acc_1188_reg_16062          |    9|          2|   32|         64|
    |acc_1189_reg_16052          |    9|          2|   32|         64|
    |acc_1190_reg_16042          |    9|          2|   32|         64|
    |acc_1191_reg_16032          |    9|          2|   32|         64|
    |acc_1192_reg_16022          |    9|          2|   32|         64|
    |acc_1193_reg_16012          |    9|          2|   32|         64|
    |acc_1194_reg_16002          |    9|          2|   32|         64|
    |acc_1195_reg_15992          |    9|          2|   32|         64|
    |acc_1196_reg_15982          |    9|          2|   32|         64|
    |acc_1197_reg_15972          |    9|          2|   32|         64|
    |acc_1198_reg_15962          |    9|          2|   32|         64|
    |acc_1199_reg_15952          |    9|          2|   32|         64|
    |acc_1200_reg_15942          |    9|          2|   32|         64|
    |acc_1201_reg_15932          |    9|          2|   32|         64|
    |acc_1202_reg_15922          |    9|          2|   32|         64|
    |acc_1203_reg_15912          |    9|          2|   32|         64|
    |acc_1204_reg_15902          |    9|          2|   32|         64|
    |acc_1205_reg_15892          |    9|          2|   32|         64|
    |acc_1206_reg_15882          |    9|          2|   32|         64|
    |acc_1207_reg_15872          |    9|          2|   32|         64|
    |acc_1208_reg_15862          |    9|          2|   32|         64|
    |acc_1209_reg_15852          |    9|          2|   32|         64|
    |acc_1210_reg_15842          |    9|          2|   32|         64|
    |acc_1211_reg_15832          |    9|          2|   32|         64|
    |acc_1212_reg_15822          |    9|          2|   32|         64|
    |acc_1213_reg_15812          |    9|          2|   32|         64|
    |acc_1214_reg_15802          |    9|          2|   32|         64|
    |acc_1215_reg_15792          |    9|          2|   32|         64|
    |acc_1216_reg_15782          |    9|          2|   32|         64|
    |acc_1217_reg_15772          |    9|          2|   32|         64|
    |acc_1218_reg_15762          |    9|          2|   32|         64|
    |acc_1219_reg_15752          |    9|          2|   32|         64|
    |acc_1220_reg_15742          |    9|          2|   32|         64|
    |acc_1221_reg_15732          |    9|          2|   32|         64|
    |acc_1222_reg_15722          |    9|          2|   32|         64|
    |acc_1223_reg_15712          |    9|          2|   32|         64|
    |acc_1224_reg_15702          |    9|          2|   32|         64|
    |acc_1225_reg_15692          |    9|          2|   32|         64|
    |acc_1226_reg_15682          |    9|          2|   32|         64|
    |acc_1227_reg_15672          |    9|          2|   32|         64|
    |acc_1228_reg_15662          |    9|          2|   32|         64|
    |acc_1229_reg_15652          |    9|          2|   32|         64|
    |acc_1230_reg_15642          |    9|          2|   32|         64|
    |acc_1231_reg_15632          |    9|          2|   32|         64|
    |acc_1232_reg_15622          |    9|          2|   32|         64|
    |acc_1233_reg_15612          |    9|          2|   32|         64|
    |acc_1234_reg_15602          |    9|          2|   32|         64|
    |acc_1235_reg_15592          |    9|          2|   32|         64|
    |acc_1236_reg_15582          |    9|          2|   32|         64|
    |acc_1237_reg_15572          |    9|          2|   32|         64|
    |acc_1238_reg_15562          |    9|          2|   32|         64|
    |acc_1239_reg_15552          |    9|          2|   32|         64|
    |acc_1240_reg_15542          |    9|          2|   32|         64|
    |acc_1241_reg_15532          |    9|          2|   32|         64|
    |acc_1242_reg_15522          |    9|          2|   32|         64|
    |acc_1243_reg_15512          |    9|          2|   32|         64|
    |acc_1244_reg_15502          |    9|          2|   32|         64|
    |acc_1245_reg_15492          |    9|          2|   32|         64|
    |acc_1246_reg_15482          |    9|          2|   32|         64|
    |acc_1247_reg_15472          |    9|          2|   32|         64|
    |acc_1248_reg_15462          |    9|          2|   32|         64|
    |acc_1249_reg_15452          |    9|          2|   32|         64|
    |acc_1250_reg_15442          |    9|          2|   32|         64|
    |acc_1251_reg_15432          |    9|          2|   32|         64|
    |acc_1252_reg_15422          |    9|          2|   32|         64|
    |acc_1253_reg_15412          |    9|          2|   32|         64|
    |acc_1254_reg_15402          |    9|          2|   32|         64|
    |acc_1255_reg_15392          |    9|          2|   32|         64|
    |acc_1256_reg_15382          |    9|          2|   32|         64|
    |acc_1257_reg_15372          |    9|          2|   32|         64|
    |acc_1258_reg_15362          |    9|          2|   32|         64|
    |acc_1259_reg_15352          |    9|          2|   32|         64|
    |acc_1260_reg_15342          |    9|          2|   32|         64|
    |acc_1261_reg_15332          |    9|          2|   32|         64|
    |acc_1262_reg_15322          |    9|          2|   32|         64|
    |acc_1263_reg_15312          |    9|          2|   32|         64|
    |acc_1264_reg_15302          |    9|          2|   32|         64|
    |acc_1265_reg_15292          |    9|          2|   32|         64|
    |acc_1266_reg_15282          |    9|          2|   32|         64|
    |acc_1267_reg_15272          |    9|          2|   32|         64|
    |acc_1268_reg_15262          |    9|          2|   32|         64|
    |acc_1269_reg_15252          |    9|          2|   32|         64|
    |acc_1270_reg_15242          |    9|          2|   32|         64|
    |acc_1271_reg_15232          |    9|          2|   32|         64|
    |acc_1272_reg_15222          |    9|          2|   32|         64|
    |acc_1273_reg_15212          |    9|          2|   32|         64|
    |acc_1274_reg_15202          |    9|          2|   32|         64|
    |acc_1275_reg_15192          |    9|          2|   32|         64|
    |acc_1276_reg_15182          |    9|          2|   32|         64|
    |acc_1277_reg_15172          |    9|          2|   32|         64|
    |acc_1278_reg_15162          |    9|          2|   32|         64|
    |acc_1279_reg_15152          |    9|          2|   32|         64|
    |acc_1280_reg_15142          |    9|          2|   32|         64|
    |acc_1281_reg_15132          |    9|          2|   32|         64|
    |acc_1282_reg_15122          |    9|          2|   32|         64|
    |acc_1283_reg_15112          |    9|          2|   32|         64|
    |acc_1284_reg_15102          |    9|          2|   32|         64|
    |acc_1285_reg_15092          |    9|          2|   32|         64|
    |acc_1286_reg_15082          |    9|          2|   32|         64|
    |acc_1287_reg_15072          |    9|          2|   32|         64|
    |acc_1288_reg_15062          |    9|          2|   32|         64|
    |acc_1289_reg_15052          |    9|          2|   32|         64|
    |acc_1290_reg_15042          |    9|          2|   32|         64|
    |acc_1291_reg_15032          |    9|          2|   32|         64|
    |acc_1292_reg_15022          |    9|          2|   32|         64|
    |acc_1293_reg_15012          |    9|          2|   32|         64|
    |acc_1294_reg_15002          |    9|          2|   32|         64|
    |acc_1295_reg_14992          |    9|          2|   32|         64|
    |acc_1296_reg_14982          |    9|          2|   32|         64|
    |acc_1297_reg_14972          |    9|          2|   32|         64|
    |acc_1298_reg_14962          |    9|          2|   32|         64|
    |acc_1299_reg_14952          |    9|          2|   32|         64|
    |acc_1300_reg_14942          |    9|          2|   32|         64|
    |acc_1301_reg_14932          |    9|          2|   32|         64|
    |acc_1302_reg_14922          |    9|          2|   32|         64|
    |acc_1303_reg_14912          |    9|          2|   32|         64|
    |acc_1304_reg_14902          |    9|          2|   32|         64|
    |acc_1305_reg_14892          |    9|          2|   32|         64|
    |acc_1306_reg_14882          |    9|          2|   32|         64|
    |acc_1307_reg_14872          |    9|          2|   32|         64|
    |acc_1308_reg_14862          |    9|          2|   32|         64|
    |acc_1309_reg_14852          |    9|          2|   32|         64|
    |acc_1310_reg_14842          |    9|          2|   32|         64|
    |acc_1311_reg_14832          |    9|          2|   32|         64|
    |acc_1312_reg_14822          |    9|          2|   32|         64|
    |acc_1313_reg_14812          |    9|          2|   32|         64|
    |acc_1314_reg_14802          |    9|          2|   32|         64|
    |acc_1315_reg_14792          |    9|          2|   32|         64|
    |acc_1316_reg_14782          |    9|          2|   32|         64|
    |acc_1317_reg_14772          |    9|          2|   32|         64|
    |acc_1318_reg_14762          |    9|          2|   32|         64|
    |acc_1319_reg_14752          |    9|          2|   32|         64|
    |acc_1320_reg_14742          |    9|          2|   32|         64|
    |acc_1321_reg_14732          |    9|          2|   32|         64|
    |acc_1322_reg_14722          |    9|          2|   32|         64|
    |acc_1323_reg_14712          |    9|          2|   32|         64|
    |acc_1324_reg_14702          |    9|          2|   32|         64|
    |acc_1325_reg_14692          |    9|          2|   32|         64|
    |acc_1326_reg_14682          |    9|          2|   32|         64|
    |acc_1327_reg_14672          |    9|          2|   32|         64|
    |acc_1328_reg_14662          |    9|          2|   32|         64|
    |acc_1329_reg_14652          |    9|          2|   32|         64|
    |acc_1330_reg_14642          |    9|          2|   32|         64|
    |acc_1331_reg_14632          |    9|          2|   32|         64|
    |acc_1332_reg_14622          |    9|          2|   32|         64|
    |acc_1333_reg_14612          |    9|          2|   32|         64|
    |acc_1334_reg_14602          |    9|          2|   32|         64|
    |acc_1335_reg_14592          |    9|          2|   32|         64|
    |acc_1336_reg_14582          |    9|          2|   32|         64|
    |acc_1337_reg_14572          |    9|          2|   32|         64|
    |acc_1338_reg_14562          |    9|          2|   32|         64|
    |acc_1339_reg_14552          |    9|          2|   32|         64|
    |acc_1340_reg_14542          |    9|          2|   32|         64|
    |acc_1341_reg_14532          |    9|          2|   32|         64|
    |acc_1342_reg_14522          |    9|          2|   32|         64|
    |acc_1343_reg_14512          |    9|          2|   32|         64|
    |acc_1344_reg_14502          |    9|          2|   32|         64|
    |acc_1345_reg_14492          |    9|          2|   32|         64|
    |acc_1346_reg_14482          |    9|          2|   32|         64|
    |acc_1347_reg_14472          |    9|          2|   32|         64|
    |acc_1348_reg_14462          |    9|          2|   32|         64|
    |acc_1349_reg_14452          |    9|          2|   32|         64|
    |acc_1350_reg_14442          |    9|          2|   32|         64|
    |acc_1351_reg_14432          |    9|          2|   32|         64|
    |acc_1352_reg_14422          |    9|          2|   32|         64|
    |acc_1353_reg_14412          |    9|          2|   32|         64|
    |acc_1354_reg_14402          |    9|          2|   32|         64|
    |acc_1355_reg_14392          |    9|          2|   32|         64|
    |acc_1356_reg_14382          |    9|          2|   32|         64|
    |acc_1357_reg_14372          |    9|          2|   32|         64|
    |acc_1358_reg_14362          |    9|          2|   32|         64|
    |acc_1359_reg_14352          |    9|          2|   32|         64|
    |acc_1360_reg_14342          |    9|          2|   32|         64|
    |acc_1361_reg_14332          |    9|          2|   32|         64|
    |acc_1362_reg_14322          |    9|          2|   32|         64|
    |acc_1363_reg_14312          |    9|          2|   32|         64|
    |acc_1364_reg_14302          |    9|          2|   32|         64|
    |acc_1365_reg_14292          |    9|          2|   32|         64|
    |acc_1366_reg_14282          |    9|          2|   32|         64|
    |acc_1367_reg_14272          |    9|          2|   32|         64|
    |acc_1368_reg_14262          |    9|          2|   32|         64|
    |acc_1369_reg_14252          |    9|          2|   32|         64|
    |acc_1370_reg_14242          |    9|          2|   32|         64|
    |acc_1371_reg_14232          |    9|          2|   32|         64|
    |acc_1372_reg_14222          |    9|          2|   32|         64|
    |acc_1373_reg_14212          |    9|          2|   32|         64|
    |acc_1374_reg_14202          |    9|          2|   32|         64|
    |acc_1375_reg_14192          |    9|          2|   32|         64|
    |acc_1376_reg_14182          |    9|          2|   32|         64|
    |acc_1377_reg_14172          |    9|          2|   32|         64|
    |acc_1378_reg_14162          |    9|          2|   32|         64|
    |acc_1379_reg_14152          |    9|          2|   32|         64|
    |acc_1380_reg_14142          |    9|          2|   32|         64|
    |acc_1381_reg_14132          |    9|          2|   32|         64|
    |acc_1382_reg_14122          |    9|          2|   32|         64|
    |acc_1383_reg_14112          |    9|          2|   32|         64|
    |acc_1384_reg_14102          |    9|          2|   32|         64|
    |acc_1385_reg_14092          |    9|          2|   32|         64|
    |acc_1386_reg_14082          |    9|          2|   32|         64|
    |acc_1387_reg_14072          |    9|          2|   32|         64|
    |acc_1388_reg_14062          |    9|          2|   32|         64|
    |acc_1389_reg_14052          |    9|          2|   32|         64|
    |acc_1390_reg_14042          |    9|          2|   32|         64|
    |acc_1391_reg_14032          |    9|          2|   32|         64|
    |acc_1392_reg_14022          |    9|          2|   32|         64|
    |acc_1393_reg_14012          |    9|          2|   32|         64|
    |acc_1394_reg_14002          |    9|          2|   32|         64|
    |acc_1395_reg_13992          |    9|          2|   32|         64|
    |acc_1396_reg_13982          |    9|          2|   32|         64|
    |acc_1397_reg_13972          |    9|          2|   32|         64|
    |acc_1398_reg_13962          |    9|          2|   32|         64|
    |acc_1399_reg_13952          |    9|          2|   32|         64|
    |acc_1400_reg_13942          |    9|          2|   32|         64|
    |acc_1401_reg_13932          |    9|          2|   32|         64|
    |acc_1402_reg_13922          |    9|          2|   32|         64|
    |acc_1403_reg_13912          |    9|          2|   32|         64|
    |acc_1404_reg_13902          |    9|          2|   32|         64|
    |acc_1405_reg_13892          |    9|          2|   32|         64|
    |acc_1406_reg_13882          |    9|          2|   32|         64|
    |acc_1407_reg_13872          |    9|          2|   32|         64|
    |acc_1408_reg_13862          |    9|          2|   32|         64|
    |acc_1409_reg_13852          |    9|          2|   32|         64|
    |acc_1410_reg_13842          |    9|          2|   32|         64|
    |acc_1411_reg_13832          |    9|          2|   32|         64|
    |acc_1412_reg_13822          |    9|          2|   32|         64|
    |acc_1413_reg_13812          |    9|          2|   32|         64|
    |acc_1414_reg_13802          |    9|          2|   32|         64|
    |acc_1415_reg_13792          |    9|          2|   32|         64|
    |acc_1416_reg_13782          |    9|          2|   32|         64|
    |acc_1417_reg_13772          |    9|          2|   32|         64|
    |acc_1418_reg_13762          |    9|          2|   32|         64|
    |acc_1419_reg_13752          |    9|          2|   32|         64|
    |acc_1420_reg_13742          |    9|          2|   32|         64|
    |acc_1421_reg_13732          |    9|          2|   32|         64|
    |acc_1422_reg_13722          |    9|          2|   32|         64|
    |acc_1423_reg_13712          |    9|          2|   32|         64|
    |acc_1424_reg_13702          |    9|          2|   32|         64|
    |acc_1425_reg_13692          |    9|          2|   32|         64|
    |acc_1426_reg_13682          |    9|          2|   32|         64|
    |acc_1427_reg_13672          |    9|          2|   32|         64|
    |acc_1428_reg_13662          |    9|          2|   32|         64|
    |acc_1429_reg_13652          |    9|          2|   32|         64|
    |acc_1430_reg_13642          |    9|          2|   32|         64|
    |acc_1431_reg_13632          |    9|          2|   32|         64|
    |acc_1432_reg_13622          |    9|          2|   32|         64|
    |acc_1433_reg_13612          |    9|          2|   32|         64|
    |acc_1434_reg_13602          |    9|          2|   32|         64|
    |acc_1435_reg_13592          |    9|          2|   32|         64|
    |acc_1436_reg_13582          |    9|          2|   32|         64|
    |acc_1437_reg_13572          |    9|          2|   32|         64|
    |acc_1438_reg_13562          |    9|          2|   32|         64|
    |acc_1439_reg_13552          |    9|          2|   32|         64|
    |acc_1440_reg_13542          |    9|          2|   32|         64|
    |acc_1441_reg_13532          |    9|          2|   32|         64|
    |acc_1442_reg_13522          |    9|          2|   32|         64|
    |acc_1443_reg_13512          |    9|          2|   32|         64|
    |acc_1444_reg_13502          |    9|          2|   32|         64|
    |acc_1445_reg_13492          |    9|          2|   32|         64|
    |acc_1446_reg_13482          |    9|          2|   32|         64|
    |acc_1447_reg_13472          |    9|          2|   32|         64|
    |acc_1448_reg_13462          |    9|          2|   32|         64|
    |acc_1449_reg_13452          |    9|          2|   32|         64|
    |acc_1450_reg_13442          |    9|          2|   32|         64|
    |acc_1451_reg_13432          |    9|          2|   32|         64|
    |acc_1452_reg_13422          |    9|          2|   32|         64|
    |acc_1453_reg_13412          |    9|          2|   32|         64|
    |acc_1454_reg_13402          |    9|          2|   32|         64|
    |acc_1455_reg_13392          |    9|          2|   32|         64|
    |acc_1456_reg_13382          |    9|          2|   32|         64|
    |acc_1457_reg_13372          |    9|          2|   32|         64|
    |acc_1458_reg_13362          |    9|          2|   32|         64|
    |acc_1459_reg_13352          |    9|          2|   32|         64|
    |acc_1460_reg_13342          |    9|          2|   32|         64|
    |acc_1461_reg_13332          |    9|          2|   32|         64|
    |acc_1462_reg_13322          |    9|          2|   32|         64|
    |acc_1463_reg_13312          |    9|          2|   32|         64|
    |acc_1464_reg_13302          |    9|          2|   32|         64|
    |acc_1465_reg_13292          |    9|          2|   32|         64|
    |acc_1466_reg_13282          |    9|          2|   32|         64|
    |acc_1467_reg_13272          |    9|          2|   32|         64|
    |acc_1468_reg_13262          |    9|          2|   32|         64|
    |acc_1469_reg_13252          |    9|          2|   32|         64|
    |acc_1470_reg_13242          |    9|          2|   32|         64|
    |acc_1471_reg_13232          |    9|          2|   32|         64|
    |acc_1472_reg_13222          |    9|          2|   32|         64|
    |acc_1473_reg_13212          |    9|          2|   32|         64|
    |acc_1474_reg_13202          |    9|          2|   32|         64|
    |acc_1475_reg_13192          |    9|          2|   32|         64|
    |acc_1476_reg_13182          |    9|          2|   32|         64|
    |acc_1477_reg_13172          |    9|          2|   32|         64|
    |acc_1478_reg_13162          |    9|          2|   32|         64|
    |acc_1479_reg_13152          |    9|          2|   32|         64|
    |acc_1480_reg_13142          |    9|          2|   32|         64|
    |acc_1481_reg_13132          |    9|          2|   32|         64|
    |acc_1482_reg_13122          |    9|          2|   32|         64|
    |acc_1483_reg_13112          |    9|          2|   32|         64|
    |acc_1484_reg_13102          |    9|          2|   32|         64|
    |acc_1485_reg_13092          |    9|          2|   32|         64|
    |acc_1486_reg_13082          |    9|          2|   32|         64|
    |acc_1487_reg_13072          |    9|          2|   32|         64|
    |acc_1488_reg_13062          |    9|          2|   32|         64|
    |acc_1489_reg_13052          |    9|          2|   32|         64|
    |acc_1490_reg_13042          |    9|          2|   32|         64|
    |acc_1491_reg_13032          |    9|          2|   32|         64|
    |acc_1492_reg_13022          |    9|          2|   32|         64|
    |acc_1493_reg_13012          |    9|          2|   32|         64|
    |acc_1494_reg_13002          |    9|          2|   32|         64|
    |acc_1495_reg_12992          |    9|          2|   32|         64|
    |acc_1496_reg_12982          |    9|          2|   32|         64|
    |acc_1497_reg_12972          |    9|          2|   32|         64|
    |acc_1498_reg_12962          |    9|          2|   32|         64|
    |acc_1499_reg_12952          |    9|          2|   32|         64|
    |acc_1500_reg_12942          |    9|          2|   32|         64|
    |acc_1501_reg_12932          |    9|          2|   32|         64|
    |acc_1502_reg_12922          |    9|          2|   32|         64|
    |acc_1503_reg_12912          |    9|          2|   32|         64|
    |acc_1504_reg_12902          |    9|          2|   32|         64|
    |acc_1505_reg_12892          |    9|          2|   32|         64|
    |acc_1506_reg_12882          |    9|          2|   32|         64|
    |acc_1507_reg_12872          |    9|          2|   32|         64|
    |acc_1508_reg_12862          |    9|          2|   32|         64|
    |acc_1509_reg_12852          |    9|          2|   32|         64|
    |acc_1510_reg_12842          |    9|          2|   32|         64|
    |acc_1511_reg_12832          |    9|          2|   32|         64|
    |acc_1512_reg_12822          |    9|          2|   32|         64|
    |acc_1513_reg_12812          |    9|          2|   32|         64|
    |acc_1514_reg_12802          |    9|          2|   32|         64|
    |acc_1515_reg_12792          |    9|          2|   32|         64|
    |acc_1516_reg_12782          |    9|          2|   32|         64|
    |acc_1517_reg_12772          |    9|          2|   32|         64|
    |acc_1518_reg_12762          |    9|          2|   32|         64|
    |acc_1519_reg_12752          |    9|          2|   32|         64|
    |acc_1520_reg_12742          |    9|          2|   32|         64|
    |acc_1521_reg_12732          |    9|          2|   32|         64|
    |acc_1522_reg_12722          |    9|          2|   32|         64|
    |acc_1523_reg_12712          |    9|          2|   32|         64|
    |acc_1524_reg_12702          |    9|          2|   32|         64|
    |acc_1525_reg_12692          |    9|          2|   32|         64|
    |acc_1526_reg_12682          |    9|          2|   32|         64|
    |acc_1527_reg_12672          |    9|          2|   32|         64|
    |acc_1528_reg_12662          |    9|          2|   32|         64|
    |acc_1529_reg_12652          |    9|          2|   32|         64|
    |acc_1530_reg_12642          |    9|          2|   32|         64|
    |acc_1531_reg_12632          |    9|          2|   32|         64|
    |acc_1532_reg_12622          |    9|          2|   32|         64|
    |acc_1533_reg_12612          |    9|          2|   32|         64|
    |acc_1534_reg_12602          |    9|          2|   32|         64|
    |acc_1535_reg_12592          |    9|          2|   32|         64|
    |acc_512_fu_6904             |    9|          2|   32|         64|
    |acc_513_fu_6908             |    9|          2|   32|         64|
    |acc_514_fu_6912             |    9|          2|   32|         64|
    |acc_515_fu_6916             |    9|          2|   32|         64|
    |acc_516_fu_6920             |    9|          2|   32|         64|
    |acc_517_fu_6924             |    9|          2|   32|         64|
    |acc_518_fu_6928             |    9|          2|   32|         64|
    |acc_519_fu_6932             |    9|          2|   32|         64|
    |acc_520_fu_6936             |    9|          2|   32|         64|
    |acc_521_fu_6940             |    9|          2|   32|         64|
    |acc_522_fu_6944             |    9|          2|   32|         64|
    |acc_523_fu_6948             |    9|          2|   32|         64|
    |acc_524_fu_6952             |    9|          2|   32|         64|
    |acc_525_fu_6956             |    9|          2|   32|         64|
    |acc_526_fu_6960             |    9|          2|   32|         64|
    |acc_527_fu_6964             |    9|          2|   32|         64|
    |acc_528_fu_6968             |    9|          2|   32|         64|
    |acc_529_fu_6972             |    9|          2|   32|         64|
    |acc_530_fu_6976             |    9|          2|   32|         64|
    |acc_531_fu_6980             |    9|          2|   32|         64|
    |acc_532_fu_6984             |    9|          2|   32|         64|
    |acc_533_fu_6988             |    9|          2|   32|         64|
    |acc_534_fu_6992             |    9|          2|   32|         64|
    |acc_535_fu_6996             |    9|          2|   32|         64|
    |acc_536_fu_7000             |    9|          2|   32|         64|
    |acc_537_fu_7004             |    9|          2|   32|         64|
    |acc_538_fu_7008             |    9|          2|   32|         64|
    |acc_539_fu_7012             |    9|          2|   32|         64|
    |acc_540_fu_7016             |    9|          2|   32|         64|
    |acc_541_fu_7020             |    9|          2|   32|         64|
    |acc_542_fu_7024             |    9|          2|   32|         64|
    |acc_543_fu_7028             |    9|          2|   32|         64|
    |acc_544_fu_7032             |    9|          2|   32|         64|
    |acc_545_fu_7036             |    9|          2|   32|         64|
    |acc_546_fu_7040             |    9|          2|   32|         64|
    |acc_547_fu_7044             |    9|          2|   32|         64|
    |acc_548_fu_7048             |    9|          2|   32|         64|
    |acc_549_fu_7052             |    9|          2|   32|         64|
    |acc_550_fu_7056             |    9|          2|   32|         64|
    |acc_551_fu_7060             |    9|          2|   32|         64|
    |acc_552_fu_7064             |    9|          2|   32|         64|
    |acc_553_fu_7068             |    9|          2|   32|         64|
    |acc_554_fu_7072             |    9|          2|   32|         64|
    |acc_555_fu_7076             |    9|          2|   32|         64|
    |acc_556_fu_7080             |    9|          2|   32|         64|
    |acc_557_fu_7084             |    9|          2|   32|         64|
    |acc_558_fu_7088             |    9|          2|   32|         64|
    |acc_559_fu_7092             |    9|          2|   32|         64|
    |acc_560_fu_7096             |    9|          2|   32|         64|
    |acc_561_fu_7100             |    9|          2|   32|         64|
    |acc_562_fu_7104             |    9|          2|   32|         64|
    |acc_563_fu_7108             |    9|          2|   32|         64|
    |acc_564_fu_7112             |    9|          2|   32|         64|
    |acc_565_fu_7116             |    9|          2|   32|         64|
    |acc_566_fu_7120             |    9|          2|   32|         64|
    |acc_567_fu_7124             |    9|          2|   32|         64|
    |acc_568_fu_7128             |    9|          2|   32|         64|
    |acc_569_fu_7132             |    9|          2|   32|         64|
    |acc_570_fu_7136             |    9|          2|   32|         64|
    |acc_571_fu_7140             |    9|          2|   32|         64|
    |acc_572_fu_7144             |    9|          2|   32|         64|
    |acc_573_fu_7148             |    9|          2|   32|         64|
    |acc_574_fu_7152             |    9|          2|   32|         64|
    |acc_575_fu_7156             |    9|          2|   32|         64|
    |acc_576_fu_7160             |    9|          2|   32|         64|
    |acc_577_fu_7164             |    9|          2|   32|         64|
    |acc_578_fu_7168             |    9|          2|   32|         64|
    |acc_579_fu_7172             |    9|          2|   32|         64|
    |acc_580_fu_7176             |    9|          2|   32|         64|
    |acc_581_fu_7180             |    9|          2|   32|         64|
    |acc_582_fu_7184             |    9|          2|   32|         64|
    |acc_583_fu_7188             |    9|          2|   32|         64|
    |acc_584_fu_7192             |    9|          2|   32|         64|
    |acc_585_fu_7196             |    9|          2|   32|         64|
    |acc_586_fu_7200             |    9|          2|   32|         64|
    |acc_587_fu_7204             |    9|          2|   32|         64|
    |acc_588_fu_7208             |    9|          2|   32|         64|
    |acc_589_fu_7212             |    9|          2|   32|         64|
    |acc_590_fu_7216             |    9|          2|   32|         64|
    |acc_591_fu_7220             |    9|          2|   32|         64|
    |acc_592_fu_7224             |    9|          2|   32|         64|
    |acc_593_fu_7228             |    9|          2|   32|         64|
    |acc_594_fu_7232             |    9|          2|   32|         64|
    |acc_595_fu_7236             |    9|          2|   32|         64|
    |acc_596_fu_7240             |    9|          2|   32|         64|
    |acc_597_fu_7244             |    9|          2|   32|         64|
    |acc_598_fu_7248             |    9|          2|   32|         64|
    |acc_599_fu_7252             |    9|          2|   32|         64|
    |acc_600_fu_7256             |    9|          2|   32|         64|
    |acc_601_fu_7260             |    9|          2|   32|         64|
    |acc_602_fu_7264             |    9|          2|   32|         64|
    |acc_603_fu_7268             |    9|          2|   32|         64|
    |acc_604_fu_7272             |    9|          2|   32|         64|
    |acc_605_fu_7276             |    9|          2|   32|         64|
    |acc_606_fu_7280             |    9|          2|   32|         64|
    |acc_607_fu_7284             |    9|          2|   32|         64|
    |acc_608_fu_7288             |    9|          2|   32|         64|
    |acc_609_fu_7292             |    9|          2|   32|         64|
    |acc_610_fu_7296             |    9|          2|   32|         64|
    |acc_611_fu_7300             |    9|          2|   32|         64|
    |acc_612_fu_7304             |    9|          2|   32|         64|
    |acc_613_fu_7308             |    9|          2|   32|         64|
    |acc_614_fu_7312             |    9|          2|   32|         64|
    |acc_615_fu_7316             |    9|          2|   32|         64|
    |acc_616_fu_7320             |    9|          2|   32|         64|
    |acc_617_fu_7324             |    9|          2|   32|         64|
    |acc_618_fu_7328             |    9|          2|   32|         64|
    |acc_619_fu_7332             |    9|          2|   32|         64|
    |acc_620_fu_7336             |    9|          2|   32|         64|
    |acc_621_fu_7340             |    9|          2|   32|         64|
    |acc_622_fu_7344             |    9|          2|   32|         64|
    |acc_623_fu_7348             |    9|          2|   32|         64|
    |acc_624_fu_7352             |    9|          2|   32|         64|
    |acc_625_fu_7356             |    9|          2|   32|         64|
    |acc_626_fu_7360             |    9|          2|   32|         64|
    |acc_627_fu_7364             |    9|          2|   32|         64|
    |acc_628_fu_7368             |    9|          2|   32|         64|
    |acc_629_fu_7372             |    9|          2|   32|         64|
    |acc_630_fu_7376             |    9|          2|   32|         64|
    |acc_631_fu_7380             |    9|          2|   32|         64|
    |acc_632_fu_7384             |    9|          2|   32|         64|
    |acc_633_fu_7388             |    9|          2|   32|         64|
    |acc_634_fu_7392             |    9|          2|   32|         64|
    |acc_635_fu_7396             |    9|          2|   32|         64|
    |acc_636_fu_7400             |    9|          2|   32|         64|
    |acc_637_fu_7404             |    9|          2|   32|         64|
    |acc_638_fu_7408             |    9|          2|   32|         64|
    |acc_639_fu_7412             |    9|          2|   32|         64|
    |acc_640_fu_7416             |    9|          2|   32|         64|
    |acc_641_fu_7420             |    9|          2|   32|         64|
    |acc_642_fu_7424             |    9|          2|   32|         64|
    |acc_643_fu_7428             |    9|          2|   32|         64|
    |acc_644_fu_7432             |    9|          2|   32|         64|
    |acc_645_fu_7436             |    9|          2|   32|         64|
    |acc_646_fu_7440             |    9|          2|   32|         64|
    |acc_647_fu_7444             |    9|          2|   32|         64|
    |acc_648_fu_7448             |    9|          2|   32|         64|
    |acc_649_fu_7452             |    9|          2|   32|         64|
    |acc_650_fu_7456             |    9|          2|   32|         64|
    |acc_651_fu_7460             |    9|          2|   32|         64|
    |acc_652_fu_7464             |    9|          2|   32|         64|
    |acc_653_fu_7468             |    9|          2|   32|         64|
    |acc_654_fu_7472             |    9|          2|   32|         64|
    |acc_655_fu_7476             |    9|          2|   32|         64|
    |acc_656_fu_7480             |    9|          2|   32|         64|
    |acc_657_fu_7484             |    9|          2|   32|         64|
    |acc_658_fu_7488             |    9|          2|   32|         64|
    |acc_659_fu_7492             |    9|          2|   32|         64|
    |acc_660_fu_7496             |    9|          2|   32|         64|
    |acc_661_fu_7500             |    9|          2|   32|         64|
    |acc_662_fu_7504             |    9|          2|   32|         64|
    |acc_663_fu_7508             |    9|          2|   32|         64|
    |acc_664_fu_7512             |    9|          2|   32|         64|
    |acc_665_fu_7516             |    9|          2|   32|         64|
    |acc_666_fu_7520             |    9|          2|   32|         64|
    |acc_667_fu_7524             |    9|          2|   32|         64|
    |acc_668_fu_7528             |    9|          2|   32|         64|
    |acc_669_fu_7532             |    9|          2|   32|         64|
    |acc_670_fu_7536             |    9|          2|   32|         64|
    |acc_671_fu_7540             |    9|          2|   32|         64|
    |acc_672_fu_7544             |    9|          2|   32|         64|
    |acc_673_fu_7548             |    9|          2|   32|         64|
    |acc_674_fu_7552             |    9|          2|   32|         64|
    |acc_675_fu_7556             |    9|          2|   32|         64|
    |acc_676_fu_7560             |    9|          2|   32|         64|
    |acc_677_fu_7564             |    9|          2|   32|         64|
    |acc_678_fu_7568             |    9|          2|   32|         64|
    |acc_679_fu_7572             |    9|          2|   32|         64|
    |acc_680_fu_7576             |    9|          2|   32|         64|
    |acc_681_fu_7580             |    9|          2|   32|         64|
    |acc_682_fu_7584             |    9|          2|   32|         64|
    |acc_683_fu_7588             |    9|          2|   32|         64|
    |acc_684_fu_7592             |    9|          2|   32|         64|
    |acc_685_fu_7596             |    9|          2|   32|         64|
    |acc_686_fu_7600             |    9|          2|   32|         64|
    |acc_687_fu_7604             |    9|          2|   32|         64|
    |acc_688_fu_7608             |    9|          2|   32|         64|
    |acc_689_fu_7612             |    9|          2|   32|         64|
    |acc_690_fu_7616             |    9|          2|   32|         64|
    |acc_691_fu_7620             |    9|          2|   32|         64|
    |acc_692_fu_7624             |    9|          2|   32|         64|
    |acc_693_fu_7628             |    9|          2|   32|         64|
    |acc_694_fu_7632             |    9|          2|   32|         64|
    |acc_695_fu_7636             |    9|          2|   32|         64|
    |acc_696_fu_7640             |    9|          2|   32|         64|
    |acc_697_fu_7644             |    9|          2|   32|         64|
    |acc_698_fu_7648             |    9|          2|   32|         64|
    |acc_699_fu_7652             |    9|          2|   32|         64|
    |acc_700_fu_7656             |    9|          2|   32|         64|
    |acc_701_fu_7660             |    9|          2|   32|         64|
    |acc_702_fu_7664             |    9|          2|   32|         64|
    |acc_703_fu_7668             |    9|          2|   32|         64|
    |acc_704_fu_7672             |    9|          2|   32|         64|
    |acc_705_fu_7676             |    9|          2|   32|         64|
    |acc_706_fu_7680             |    9|          2|   32|         64|
    |acc_707_fu_7684             |    9|          2|   32|         64|
    |acc_708_fu_7688             |    9|          2|   32|         64|
    |acc_709_fu_7692             |    9|          2|   32|         64|
    |acc_710_fu_7696             |    9|          2|   32|         64|
    |acc_711_fu_7700             |    9|          2|   32|         64|
    |acc_712_fu_7704             |    9|          2|   32|         64|
    |acc_713_fu_7708             |    9|          2|   32|         64|
    |acc_714_fu_7712             |    9|          2|   32|         64|
    |acc_715_fu_7716             |    9|          2|   32|         64|
    |acc_716_fu_7720             |    9|          2|   32|         64|
    |acc_717_fu_7724             |    9|          2|   32|         64|
    |acc_718_fu_7728             |    9|          2|   32|         64|
    |acc_719_fu_7732             |    9|          2|   32|         64|
    |acc_720_fu_7736             |    9|          2|   32|         64|
    |acc_721_fu_7740             |    9|          2|   32|         64|
    |acc_722_fu_7744             |    9|          2|   32|         64|
    |acc_723_fu_7748             |    9|          2|   32|         64|
    |acc_724_fu_7752             |    9|          2|   32|         64|
    |acc_725_fu_7756             |    9|          2|   32|         64|
    |acc_726_fu_7760             |    9|          2|   32|         64|
    |acc_727_fu_7764             |    9|          2|   32|         64|
    |acc_728_fu_7768             |    9|          2|   32|         64|
    |acc_729_fu_7772             |    9|          2|   32|         64|
    |acc_730_fu_7776             |    9|          2|   32|         64|
    |acc_731_fu_7780             |    9|          2|   32|         64|
    |acc_732_fu_7784             |    9|          2|   32|         64|
    |acc_733_fu_7788             |    9|          2|   32|         64|
    |acc_734_fu_7792             |    9|          2|   32|         64|
    |acc_735_fu_7796             |    9|          2|   32|         64|
    |acc_736_fu_7800             |    9|          2|   32|         64|
    |acc_737_fu_7804             |    9|          2|   32|         64|
    |acc_738_fu_7808             |    9|          2|   32|         64|
    |acc_739_fu_7812             |    9|          2|   32|         64|
    |acc_740_fu_7816             |    9|          2|   32|         64|
    |acc_741_fu_7820             |    9|          2|   32|         64|
    |acc_742_fu_7824             |    9|          2|   32|         64|
    |acc_743_fu_7828             |    9|          2|   32|         64|
    |acc_744_fu_7832             |    9|          2|   32|         64|
    |acc_745_fu_7836             |    9|          2|   32|         64|
    |acc_746_fu_7840             |    9|          2|   32|         64|
    |acc_747_fu_7844             |    9|          2|   32|         64|
    |acc_748_fu_7848             |    9|          2|   32|         64|
    |acc_749_fu_7852             |    9|          2|   32|         64|
    |acc_750_fu_7856             |    9|          2|   32|         64|
    |acc_751_fu_7860             |    9|          2|   32|         64|
    |acc_752_fu_7864             |    9|          2|   32|         64|
    |acc_753_fu_7868             |    9|          2|   32|         64|
    |acc_754_fu_7872             |    9|          2|   32|         64|
    |acc_755_fu_7876             |    9|          2|   32|         64|
    |acc_756_fu_7880             |    9|          2|   32|         64|
    |acc_757_fu_7884             |    9|          2|   32|         64|
    |acc_758_fu_7888             |    9|          2|   32|         64|
    |acc_759_fu_7892             |    9|          2|   32|         64|
    |acc_760_fu_7896             |    9|          2|   32|         64|
    |acc_761_fu_7900             |    9|          2|   32|         64|
    |acc_762_fu_7904             |    9|          2|   32|         64|
    |acc_763_fu_7908             |    9|          2|   32|         64|
    |acc_764_fu_7912             |    9|          2|   32|         64|
    |acc_765_fu_7916             |    9|          2|   32|         64|
    |acc_766_fu_7920             |    9|          2|   32|         64|
    |acc_767_fu_7924             |    9|          2|   32|         64|
    |acc_768_fu_7928             |    9|          2|   32|         64|
    |acc_769_fu_7932             |    9|          2|   32|         64|
    |acc_770_fu_7936             |    9|          2|   32|         64|
    |acc_771_fu_7940             |    9|          2|   32|         64|
    |acc_772_fu_7944             |    9|          2|   32|         64|
    |acc_773_fu_7948             |    9|          2|   32|         64|
    |acc_774_fu_7952             |    9|          2|   32|         64|
    |acc_775_fu_7956             |    9|          2|   32|         64|
    |acc_776_fu_7960             |    9|          2|   32|         64|
    |acc_777_fu_7964             |    9|          2|   32|         64|
    |acc_778_fu_7968             |    9|          2|   32|         64|
    |acc_779_fu_7972             |    9|          2|   32|         64|
    |acc_780_fu_7976             |    9|          2|   32|         64|
    |acc_781_fu_7980             |    9|          2|   32|         64|
    |acc_782_fu_7984             |    9|          2|   32|         64|
    |acc_783_fu_7988             |    9|          2|   32|         64|
    |acc_784_fu_7992             |    9|          2|   32|         64|
    |acc_785_fu_7996             |    9|          2|   32|         64|
    |acc_786_fu_8000             |    9|          2|   32|         64|
    |acc_787_fu_8004             |    9|          2|   32|         64|
    |acc_788_fu_8008             |    9|          2|   32|         64|
    |acc_789_fu_8012             |    9|          2|   32|         64|
    |acc_790_fu_8016             |    9|          2|   32|         64|
    |acc_791_fu_8020             |    9|          2|   32|         64|
    |acc_792_fu_8024             |    9|          2|   32|         64|
    |acc_793_fu_8028             |    9|          2|   32|         64|
    |acc_794_fu_8032             |    9|          2|   32|         64|
    |acc_795_fu_8036             |    9|          2|   32|         64|
    |acc_796_fu_8040             |    9|          2|   32|         64|
    |acc_797_fu_8044             |    9|          2|   32|         64|
    |acc_798_fu_8048             |    9|          2|   32|         64|
    |acc_799_fu_8052             |    9|          2|   32|         64|
    |acc_800_fu_8056             |    9|          2|   32|         64|
    |acc_801_fu_8060             |    9|          2|   32|         64|
    |acc_802_fu_8064             |    9|          2|   32|         64|
    |acc_803_fu_8068             |    9|          2|   32|         64|
    |acc_804_fu_8072             |    9|          2|   32|         64|
    |acc_805_fu_8076             |    9|          2|   32|         64|
    |acc_806_fu_8080             |    9|          2|   32|         64|
    |acc_807_fu_8084             |    9|          2|   32|         64|
    |acc_808_fu_8088             |    9|          2|   32|         64|
    |acc_809_fu_8092             |    9|          2|   32|         64|
    |acc_810_fu_8096             |    9|          2|   32|         64|
    |acc_811_fu_8100             |    9|          2|   32|         64|
    |acc_812_fu_8104             |    9|          2|   32|         64|
    |acc_813_fu_8108             |    9|          2|   32|         64|
    |acc_814_fu_8112             |    9|          2|   32|         64|
    |acc_815_fu_8116             |    9|          2|   32|         64|
    |acc_816_fu_8120             |    9|          2|   32|         64|
    |acc_817_fu_8124             |    9|          2|   32|         64|
    |acc_818_fu_8128             |    9|          2|   32|         64|
    |acc_819_fu_8132             |    9|          2|   32|         64|
    |acc_820_fu_8136             |    9|          2|   32|         64|
    |acc_821_fu_8140             |    9|          2|   32|         64|
    |acc_822_fu_8144             |    9|          2|   32|         64|
    |acc_823_fu_8148             |    9|          2|   32|         64|
    |acc_824_fu_8152             |    9|          2|   32|         64|
    |acc_825_fu_8156             |    9|          2|   32|         64|
    |acc_826_fu_8160             |    9|          2|   32|         64|
    |acc_827_fu_8164             |    9|          2|   32|         64|
    |acc_828_fu_8168             |    9|          2|   32|         64|
    |acc_829_fu_8172             |    9|          2|   32|         64|
    |acc_830_fu_8176             |    9|          2|   32|         64|
    |acc_831_fu_8180             |    9|          2|   32|         64|
    |acc_832_fu_8184             |    9|          2|   32|         64|
    |acc_833_fu_8188             |    9|          2|   32|         64|
    |acc_834_fu_8192             |    9|          2|   32|         64|
    |acc_835_fu_8196             |    9|          2|   32|         64|
    |acc_836_fu_8200             |    9|          2|   32|         64|
    |acc_837_fu_8204             |    9|          2|   32|         64|
    |acc_838_fu_8208             |    9|          2|   32|         64|
    |acc_839_fu_8212             |    9|          2|   32|         64|
    |acc_840_fu_8216             |    9|          2|   32|         64|
    |acc_841_fu_8220             |    9|          2|   32|         64|
    |acc_842_fu_8224             |    9|          2|   32|         64|
    |acc_843_fu_8228             |    9|          2|   32|         64|
    |acc_844_fu_8232             |    9|          2|   32|         64|
    |acc_845_fu_8236             |    9|          2|   32|         64|
    |acc_846_fu_8240             |    9|          2|   32|         64|
    |acc_847_fu_8244             |    9|          2|   32|         64|
    |acc_848_fu_8248             |    9|          2|   32|         64|
    |acc_849_fu_8252             |    9|          2|   32|         64|
    |acc_850_fu_8256             |    9|          2|   32|         64|
    |acc_851_fu_8260             |    9|          2|   32|         64|
    |acc_852_fu_8264             |    9|          2|   32|         64|
    |acc_853_fu_8268             |    9|          2|   32|         64|
    |acc_854_fu_8272             |    9|          2|   32|         64|
    |acc_855_fu_8276             |    9|          2|   32|         64|
    |acc_856_fu_8280             |    9|          2|   32|         64|
    |acc_857_fu_8284             |    9|          2|   32|         64|
    |acc_858_fu_8288             |    9|          2|   32|         64|
    |acc_859_fu_8292             |    9|          2|   32|         64|
    |acc_860_fu_8296             |    9|          2|   32|         64|
    |acc_861_fu_8300             |    9|          2|   32|         64|
    |acc_862_fu_8304             |    9|          2|   32|         64|
    |acc_863_fu_8308             |    9|          2|   32|         64|
    |acc_864_fu_8312             |    9|          2|   32|         64|
    |acc_865_fu_8316             |    9|          2|   32|         64|
    |acc_866_fu_8320             |    9|          2|   32|         64|
    |acc_867_fu_8324             |    9|          2|   32|         64|
    |acc_868_fu_8328             |    9|          2|   32|         64|
    |acc_869_fu_8332             |    9|          2|   32|         64|
    |acc_870_fu_8336             |    9|          2|   32|         64|
    |acc_871_fu_8340             |    9|          2|   32|         64|
    |acc_872_fu_8344             |    9|          2|   32|         64|
    |acc_873_fu_8348             |    9|          2|   32|         64|
    |acc_874_fu_8352             |    9|          2|   32|         64|
    |acc_875_fu_8356             |    9|          2|   32|         64|
    |acc_876_fu_8360             |    9|          2|   32|         64|
    |acc_877_fu_8364             |    9|          2|   32|         64|
    |acc_878_fu_8368             |    9|          2|   32|         64|
    |acc_879_fu_8372             |    9|          2|   32|         64|
    |acc_880_fu_8376             |    9|          2|   32|         64|
    |acc_881_fu_8380             |    9|          2|   32|         64|
    |acc_882_fu_8384             |    9|          2|   32|         64|
    |acc_883_fu_8388             |    9|          2|   32|         64|
    |acc_884_fu_8392             |    9|          2|   32|         64|
    |acc_885_fu_8396             |    9|          2|   32|         64|
    |acc_886_fu_8400             |    9|          2|   32|         64|
    |acc_887_fu_8404             |    9|          2|   32|         64|
    |acc_888_fu_8408             |    9|          2|   32|         64|
    |acc_889_fu_8412             |    9|          2|   32|         64|
    |acc_890_fu_8416             |    9|          2|   32|         64|
    |acc_891_fu_8420             |    9|          2|   32|         64|
    |acc_892_fu_8424             |    9|          2|   32|         64|
    |acc_893_fu_8428             |    9|          2|   32|         64|
    |acc_894_fu_8432             |    9|          2|   32|         64|
    |acc_895_fu_8436             |    9|          2|   32|         64|
    |acc_896_fu_8440             |    9|          2|   32|         64|
    |acc_897_fu_8444             |    9|          2|   32|         64|
    |acc_898_fu_8448             |    9|          2|   32|         64|
    |acc_899_fu_8452             |    9|          2|   32|         64|
    |acc_900_fu_8456             |    9|          2|   32|         64|
    |acc_901_fu_8460             |    9|          2|   32|         64|
    |acc_902_fu_8464             |    9|          2|   32|         64|
    |acc_903_fu_8468             |    9|          2|   32|         64|
    |acc_904_fu_8472             |    9|          2|   32|         64|
    |acc_905_fu_8476             |    9|          2|   32|         64|
    |acc_906_fu_8480             |    9|          2|   32|         64|
    |acc_907_fu_8484             |    9|          2|   32|         64|
    |acc_908_fu_8488             |    9|          2|   32|         64|
    |acc_909_fu_8492             |    9|          2|   32|         64|
    |acc_910_fu_8496             |    9|          2|   32|         64|
    |acc_911_fu_8500             |    9|          2|   32|         64|
    |acc_912_fu_8504             |    9|          2|   32|         64|
    |acc_913_fu_8508             |    9|          2|   32|         64|
    |acc_914_fu_8512             |    9|          2|   32|         64|
    |acc_915_fu_8516             |    9|          2|   32|         64|
    |acc_916_fu_8520             |    9|          2|   32|         64|
    |acc_917_fu_8524             |    9|          2|   32|         64|
    |acc_918_fu_8528             |    9|          2|   32|         64|
    |acc_919_fu_8532             |    9|          2|   32|         64|
    |acc_920_fu_8536             |    9|          2|   32|         64|
    |acc_921_fu_8540             |    9|          2|   32|         64|
    |acc_922_fu_8544             |    9|          2|   32|         64|
    |acc_923_fu_8548             |    9|          2|   32|         64|
    |acc_924_fu_8552             |    9|          2|   32|         64|
    |acc_925_fu_8556             |    9|          2|   32|         64|
    |acc_926_fu_8560             |    9|          2|   32|         64|
    |acc_927_fu_8564             |    9|          2|   32|         64|
    |acc_928_fu_8568             |    9|          2|   32|         64|
    |acc_929_fu_8572             |    9|          2|   32|         64|
    |acc_930_fu_8576             |    9|          2|   32|         64|
    |acc_931_fu_8580             |    9|          2|   32|         64|
    |acc_932_fu_8584             |    9|          2|   32|         64|
    |acc_933_fu_8588             |    9|          2|   32|         64|
    |acc_934_fu_8592             |    9|          2|   32|         64|
    |acc_935_fu_8596             |    9|          2|   32|         64|
    |acc_936_fu_8600             |    9|          2|   32|         64|
    |acc_937_fu_8604             |    9|          2|   32|         64|
    |acc_938_fu_8608             |    9|          2|   32|         64|
    |acc_939_fu_8612             |    9|          2|   32|         64|
    |acc_940_fu_8616             |    9|          2|   32|         64|
    |acc_941_fu_8620             |    9|          2|   32|         64|
    |acc_942_fu_8624             |    9|          2|   32|         64|
    |acc_943_fu_8628             |    9|          2|   32|         64|
    |acc_944_fu_8632             |    9|          2|   32|         64|
    |acc_945_fu_8636             |    9|          2|   32|         64|
    |acc_946_fu_8640             |    9|          2|   32|         64|
    |acc_947_fu_8644             |    9|          2|   32|         64|
    |acc_948_fu_8648             |    9|          2|   32|         64|
    |acc_949_fu_8652             |    9|          2|   32|         64|
    |acc_950_fu_8656             |    9|          2|   32|         64|
    |acc_951_fu_8660             |    9|          2|   32|         64|
    |acc_952_fu_8664             |    9|          2|   32|         64|
    |acc_953_fu_8668             |    9|          2|   32|         64|
    |acc_954_fu_8672             |    9|          2|   32|         64|
    |acc_955_fu_8676             |    9|          2|   32|         64|
    |acc_956_fu_8680             |    9|          2|   32|         64|
    |acc_957_fu_8684             |    9|          2|   32|         64|
    |acc_958_fu_8688             |    9|          2|   32|         64|
    |acc_959_fu_8692             |    9|          2|   32|         64|
    |acc_960_fu_8696             |    9|          2|   32|         64|
    |acc_961_fu_8700             |    9|          2|   32|         64|
    |acc_962_fu_8704             |    9|          2|   32|         64|
    |acc_963_fu_8708             |    9|          2|   32|         64|
    |acc_964_fu_8712             |    9|          2|   32|         64|
    |acc_965_fu_8716             |    9|          2|   32|         64|
    |acc_966_fu_8720             |    9|          2|   32|         64|
    |acc_967_fu_8724             |    9|          2|   32|         64|
    |acc_968_fu_8728             |    9|          2|   32|         64|
    |acc_969_fu_8732             |    9|          2|   32|         64|
    |acc_970_fu_8736             |    9|          2|   32|         64|
    |acc_971_fu_8740             |    9|          2|   32|         64|
    |acc_972_fu_8744             |    9|          2|   32|         64|
    |acc_973_fu_8748             |    9|          2|   32|         64|
    |acc_974_fu_8752             |    9|          2|   32|         64|
    |acc_975_fu_8756             |    9|          2|   32|         64|
    |acc_976_fu_8760             |    9|          2|   32|         64|
    |acc_977_fu_8764             |    9|          2|   32|         64|
    |acc_978_fu_8768             |    9|          2|   32|         64|
    |acc_979_fu_8772             |    9|          2|   32|         64|
    |acc_980_fu_8776             |    9|          2|   32|         64|
    |acc_981_fu_8780             |    9|          2|   32|         64|
    |acc_982_fu_8784             |    9|          2|   32|         64|
    |acc_983_fu_8788             |    9|          2|   32|         64|
    |acc_984_fu_8792             |    9|          2|   32|         64|
    |acc_985_fu_8796             |    9|          2|   32|         64|
    |acc_986_fu_8800             |    9|          2|   32|         64|
    |acc_987_fu_8804             |    9|          2|   32|         64|
    |acc_988_fu_8808             |    9|          2|   32|         64|
    |acc_989_fu_8812             |    9|          2|   32|         64|
    |acc_990_fu_8816             |    9|          2|   32|         64|
    |acc_991_fu_8820             |    9|          2|   32|         64|
    |acc_992_fu_8824             |    9|          2|   32|         64|
    |acc_993_fu_8828             |    9|          2|   32|         64|
    |acc_994_fu_8832             |    9|          2|   32|         64|
    |acc_995_fu_8836             |    9|          2|   32|         64|
    |acc_996_fu_8840             |    9|          2|   32|         64|
    |acc_997_fu_8844             |    9|          2|   32|         64|
    |acc_998_fu_8848             |    9|          2|   32|         64|
    |acc_999_fu_8852             |    9|          2|   32|         64|
    |acc_fu_6900                 |    9|          2|   32|         64|
    |acc_next_1000_fu_10872      |    9|          2|   32|         64|
    |acc_next_1001_fu_10876      |    9|          2|   32|         64|
    |acc_next_1002_fu_10880      |    9|          2|   32|         64|
    |acc_next_1003_fu_10884      |    9|          2|   32|         64|
    |acc_next_1004_fu_10888      |    9|          2|   32|         64|
    |acc_next_1005_fu_10892      |    9|          2|   32|         64|
    |acc_next_1006_fu_10896      |    9|          2|   32|         64|
    |acc_next_1007_fu_10900      |    9|          2|   32|         64|
    |acc_next_1008_fu_10904      |    9|          2|   32|         64|
    |acc_next_1009_fu_10908      |    9|          2|   32|         64|
    |acc_next_1010_fu_10912      |    9|          2|   32|         64|
    |acc_next_1011_fu_10916      |    9|          2|   32|         64|
    |acc_next_1012_fu_10920      |    9|          2|   32|         64|
    |acc_next_1013_fu_10924      |    9|          2|   32|         64|
    |acc_next_1014_fu_10928      |    9|          2|   32|         64|
    |acc_next_1015_fu_10932      |    9|          2|   32|         64|
    |acc_next_1016_fu_10936      |    9|          2|   32|         64|
    |acc_next_1017_fu_10940      |    9|          2|   32|         64|
    |acc_next_1018_fu_10944      |    9|          2|   32|         64|
    |acc_next_1019_fu_10948      |    9|          2|   32|         64|
    |acc_next_1020_fu_10952      |    9|          2|   32|         64|
    |acc_next_1021_fu_10956      |    9|          2|   32|         64|
    |acc_next_1022_fu_10960      |    9|          2|   32|         64|
    |acc_next_1023_fu_10964      |    9|          2|   32|         64|
    |acc_next_1024_fu_10968      |    9|          2|   32|         64|
    |acc_next_1025_fu_10972      |    9|          2|   32|         64|
    |acc_next_1026_fu_10976      |    9|          2|   32|         64|
    |acc_next_1027_fu_10980      |    9|          2|   32|         64|
    |acc_next_1028_fu_10984      |    9|          2|   32|         64|
    |acc_next_1029_fu_10988      |    9|          2|   32|         64|
    |acc_next_1030_fu_10992      |    9|          2|   32|         64|
    |acc_next_520_fu_8952        |    9|          2|   32|         64|
    |acc_next_521_fu_8956        |    9|          2|   32|         64|
    |acc_next_522_fu_8960        |    9|          2|   32|         64|
    |acc_next_523_fu_8964        |    9|          2|   32|         64|
    |acc_next_524_fu_8968        |    9|          2|   32|         64|
    |acc_next_525_fu_8972        |    9|          2|   32|         64|
    |acc_next_526_fu_8976        |    9|          2|   32|         64|
    |acc_next_527_fu_8980        |    9|          2|   32|         64|
    |acc_next_528_fu_8984        |    9|          2|   32|         64|
    |acc_next_529_fu_8988        |    9|          2|   32|         64|
    |acc_next_530_fu_8992        |    9|          2|   32|         64|
    |acc_next_531_fu_8996        |    9|          2|   32|         64|
    |acc_next_532_fu_9000        |    9|          2|   32|         64|
    |acc_next_533_fu_9004        |    9|          2|   32|         64|
    |acc_next_534_fu_9008        |    9|          2|   32|         64|
    |acc_next_535_fu_9012        |    9|          2|   32|         64|
    |acc_next_536_fu_9016        |    9|          2|   32|         64|
    |acc_next_537_fu_9020        |    9|          2|   32|         64|
    |acc_next_538_fu_9024        |    9|          2|   32|         64|
    |acc_next_539_fu_9028        |    9|          2|   32|         64|
    |acc_next_540_fu_9032        |    9|          2|   32|         64|
    |acc_next_541_fu_9036        |    9|          2|   32|         64|
    |acc_next_542_fu_9040        |    9|          2|   32|         64|
    |acc_next_543_fu_9044        |    9|          2|   32|         64|
    |acc_next_544_fu_9048        |    9|          2|   32|         64|
    |acc_next_545_fu_9052        |    9|          2|   32|         64|
    |acc_next_546_fu_9056        |    9|          2|   32|         64|
    |acc_next_547_fu_9060        |    9|          2|   32|         64|
    |acc_next_548_fu_9064        |    9|          2|   32|         64|
    |acc_next_549_fu_9068        |    9|          2|   32|         64|
    |acc_next_550_fu_9072        |    9|          2|   32|         64|
    |acc_next_551_fu_9076        |    9|          2|   32|         64|
    |acc_next_552_fu_9080        |    9|          2|   32|         64|
    |acc_next_553_fu_9084        |    9|          2|   32|         64|
    |acc_next_554_fu_9088        |    9|          2|   32|         64|
    |acc_next_555_fu_9092        |    9|          2|   32|         64|
    |acc_next_556_fu_9096        |    9|          2|   32|         64|
    |acc_next_557_fu_9100        |    9|          2|   32|         64|
    |acc_next_558_fu_9104        |    9|          2|   32|         64|
    |acc_next_559_fu_9108        |    9|          2|   32|         64|
    |acc_next_560_fu_9112        |    9|          2|   32|         64|
    |acc_next_561_fu_9116        |    9|          2|   32|         64|
    |acc_next_562_fu_9120        |    9|          2|   32|         64|
    |acc_next_563_fu_9124        |    9|          2|   32|         64|
    |acc_next_564_fu_9128        |    9|          2|   32|         64|
    |acc_next_565_fu_9132        |    9|          2|   32|         64|
    |acc_next_566_fu_9136        |    9|          2|   32|         64|
    |acc_next_567_fu_9140        |    9|          2|   32|         64|
    |acc_next_568_fu_9144        |    9|          2|   32|         64|
    |acc_next_569_fu_9148        |    9|          2|   32|         64|
    |acc_next_570_fu_9152        |    9|          2|   32|         64|
    |acc_next_571_fu_9156        |    9|          2|   32|         64|
    |acc_next_572_fu_9160        |    9|          2|   32|         64|
    |acc_next_573_fu_9164        |    9|          2|   32|         64|
    |acc_next_574_fu_9168        |    9|          2|   32|         64|
    |acc_next_575_fu_9172        |    9|          2|   32|         64|
    |acc_next_576_fu_9176        |    9|          2|   32|         64|
    |acc_next_577_fu_9180        |    9|          2|   32|         64|
    |acc_next_578_fu_9184        |    9|          2|   32|         64|
    |acc_next_579_fu_9188        |    9|          2|   32|         64|
    |acc_next_580_fu_9192        |    9|          2|   32|         64|
    |acc_next_581_fu_9196        |    9|          2|   32|         64|
    |acc_next_582_fu_9200        |    9|          2|   32|         64|
    |acc_next_583_fu_9204        |    9|          2|   32|         64|
    |acc_next_584_fu_9208        |    9|          2|   32|         64|
    |acc_next_585_fu_9212        |    9|          2|   32|         64|
    |acc_next_586_fu_9216        |    9|          2|   32|         64|
    |acc_next_587_fu_9220        |    9|          2|   32|         64|
    |acc_next_588_fu_9224        |    9|          2|   32|         64|
    |acc_next_589_fu_9228        |    9|          2|   32|         64|
    |acc_next_590_fu_9232        |    9|          2|   32|         64|
    |acc_next_591_fu_9236        |    9|          2|   32|         64|
    |acc_next_592_fu_9240        |    9|          2|   32|         64|
    |acc_next_593_fu_9244        |    9|          2|   32|         64|
    |acc_next_594_fu_9248        |    9|          2|   32|         64|
    |acc_next_595_fu_9252        |    9|          2|   32|         64|
    |acc_next_596_fu_9256        |    9|          2|   32|         64|
    |acc_next_597_fu_9260        |    9|          2|   32|         64|
    |acc_next_598_fu_9264        |    9|          2|   32|         64|
    |acc_next_599_fu_9268        |    9|          2|   32|         64|
    |acc_next_600_fu_9272        |    9|          2|   32|         64|
    |acc_next_601_fu_9276        |    9|          2|   32|         64|
    |acc_next_602_fu_9280        |    9|          2|   32|         64|
    |acc_next_603_fu_9284        |    9|          2|   32|         64|
    |acc_next_604_fu_9288        |    9|          2|   32|         64|
    |acc_next_605_fu_9292        |    9|          2|   32|         64|
    |acc_next_606_fu_9296        |    9|          2|   32|         64|
    |acc_next_607_fu_9300        |    9|          2|   32|         64|
    |acc_next_608_fu_9304        |    9|          2|   32|         64|
    |acc_next_609_fu_9308        |    9|          2|   32|         64|
    |acc_next_610_fu_9312        |    9|          2|   32|         64|
    |acc_next_611_fu_9316        |    9|          2|   32|         64|
    |acc_next_612_fu_9320        |    9|          2|   32|         64|
    |acc_next_613_fu_9324        |    9|          2|   32|         64|
    |acc_next_614_fu_9328        |    9|          2|   32|         64|
    |acc_next_615_fu_9332        |    9|          2|   32|         64|
    |acc_next_616_fu_9336        |    9|          2|   32|         64|
    |acc_next_617_fu_9340        |    9|          2|   32|         64|
    |acc_next_618_fu_9344        |    9|          2|   32|         64|
    |acc_next_619_fu_9348        |    9|          2|   32|         64|
    |acc_next_620_fu_9352        |    9|          2|   32|         64|
    |acc_next_621_fu_9356        |    9|          2|   32|         64|
    |acc_next_622_fu_9360        |    9|          2|   32|         64|
    |acc_next_623_fu_9364        |    9|          2|   32|         64|
    |acc_next_624_fu_9368        |    9|          2|   32|         64|
    |acc_next_625_fu_9372        |    9|          2|   32|         64|
    |acc_next_626_fu_9376        |    9|          2|   32|         64|
    |acc_next_627_fu_9380        |    9|          2|   32|         64|
    |acc_next_628_fu_9384        |    9|          2|   32|         64|
    |acc_next_629_fu_9388        |    9|          2|   32|         64|
    |acc_next_630_fu_9392        |    9|          2|   32|         64|
    |acc_next_631_fu_9396        |    9|          2|   32|         64|
    |acc_next_632_fu_9400        |    9|          2|   32|         64|
    |acc_next_633_fu_9404        |    9|          2|   32|         64|
    |acc_next_634_fu_9408        |    9|          2|   32|         64|
    |acc_next_635_fu_9412        |    9|          2|   32|         64|
    |acc_next_636_fu_9416        |    9|          2|   32|         64|
    |acc_next_637_fu_9420        |    9|          2|   32|         64|
    |acc_next_638_fu_9424        |    9|          2|   32|         64|
    |acc_next_639_fu_9428        |    9|          2|   32|         64|
    |acc_next_640_fu_9432        |    9|          2|   32|         64|
    |acc_next_641_fu_9436        |    9|          2|   32|         64|
    |acc_next_642_fu_9440        |    9|          2|   32|         64|
    |acc_next_643_fu_9444        |    9|          2|   32|         64|
    |acc_next_644_fu_9448        |    9|          2|   32|         64|
    |acc_next_645_fu_9452        |    9|          2|   32|         64|
    |acc_next_646_fu_9456        |    9|          2|   32|         64|
    |acc_next_647_fu_9460        |    9|          2|   32|         64|
    |acc_next_648_fu_9464        |    9|          2|   32|         64|
    |acc_next_649_fu_9468        |    9|          2|   32|         64|
    |acc_next_650_fu_9472        |    9|          2|   32|         64|
    |acc_next_651_fu_9476        |    9|          2|   32|         64|
    |acc_next_652_fu_9480        |    9|          2|   32|         64|
    |acc_next_653_fu_9484        |    9|          2|   32|         64|
    |acc_next_654_fu_9488        |    9|          2|   32|         64|
    |acc_next_655_fu_9492        |    9|          2|   32|         64|
    |acc_next_656_fu_9496        |    9|          2|   32|         64|
    |acc_next_657_fu_9500        |    9|          2|   32|         64|
    |acc_next_658_fu_9504        |    9|          2|   32|         64|
    |acc_next_659_fu_9508        |    9|          2|   32|         64|
    |acc_next_660_fu_9512        |    9|          2|   32|         64|
    |acc_next_661_fu_9516        |    9|          2|   32|         64|
    |acc_next_662_fu_9520        |    9|          2|   32|         64|
    |acc_next_663_fu_9524        |    9|          2|   32|         64|
    |acc_next_664_fu_9528        |    9|          2|   32|         64|
    |acc_next_665_fu_9532        |    9|          2|   32|         64|
    |acc_next_666_fu_9536        |    9|          2|   32|         64|
    |acc_next_667_fu_9540        |    9|          2|   32|         64|
    |acc_next_668_fu_9544        |    9|          2|   32|         64|
    |acc_next_669_fu_9548        |    9|          2|   32|         64|
    |acc_next_670_fu_9552        |    9|          2|   32|         64|
    |acc_next_671_fu_9556        |    9|          2|   32|         64|
    |acc_next_672_fu_9560        |    9|          2|   32|         64|
    |acc_next_673_fu_9564        |    9|          2|   32|         64|
    |acc_next_674_fu_9568        |    9|          2|   32|         64|
    |acc_next_675_fu_9572        |    9|          2|   32|         64|
    |acc_next_676_fu_9576        |    9|          2|   32|         64|
    |acc_next_677_fu_9580        |    9|          2|   32|         64|
    |acc_next_678_fu_9584        |    9|          2|   32|         64|
    |acc_next_679_fu_9588        |    9|          2|   32|         64|
    |acc_next_680_fu_9592        |    9|          2|   32|         64|
    |acc_next_681_fu_9596        |    9|          2|   32|         64|
    |acc_next_682_fu_9600        |    9|          2|   32|         64|
    |acc_next_683_fu_9604        |    9|          2|   32|         64|
    |acc_next_684_fu_9608        |    9|          2|   32|         64|
    |acc_next_685_fu_9612        |    9|          2|   32|         64|
    |acc_next_686_fu_9616        |    9|          2|   32|         64|
    |acc_next_687_fu_9620        |    9|          2|   32|         64|
    |acc_next_688_fu_9624        |    9|          2|   32|         64|
    |acc_next_689_fu_9628        |    9|          2|   32|         64|
    |acc_next_690_fu_9632        |    9|          2|   32|         64|
    |acc_next_691_fu_9636        |    9|          2|   32|         64|
    |acc_next_692_fu_9640        |    9|          2|   32|         64|
    |acc_next_693_fu_9644        |    9|          2|   32|         64|
    |acc_next_694_fu_9648        |    9|          2|   32|         64|
    |acc_next_695_fu_9652        |    9|          2|   32|         64|
    |acc_next_696_fu_9656        |    9|          2|   32|         64|
    |acc_next_697_fu_9660        |    9|          2|   32|         64|
    |acc_next_698_fu_9664        |    9|          2|   32|         64|
    |acc_next_699_fu_9668        |    9|          2|   32|         64|
    |acc_next_700_fu_9672        |    9|          2|   32|         64|
    |acc_next_701_fu_9676        |    9|          2|   32|         64|
    |acc_next_702_fu_9680        |    9|          2|   32|         64|
    |acc_next_703_fu_9684        |    9|          2|   32|         64|
    |acc_next_704_fu_9688        |    9|          2|   32|         64|
    |acc_next_705_fu_9692        |    9|          2|   32|         64|
    |acc_next_706_fu_9696        |    9|          2|   32|         64|
    |acc_next_707_fu_9700        |    9|          2|   32|         64|
    |acc_next_708_fu_9704        |    9|          2|   32|         64|
    |acc_next_709_fu_9708        |    9|          2|   32|         64|
    |acc_next_710_fu_9712        |    9|          2|   32|         64|
    |acc_next_711_fu_9716        |    9|          2|   32|         64|
    |acc_next_712_fu_9720        |    9|          2|   32|         64|
    |acc_next_713_fu_9724        |    9|          2|   32|         64|
    |acc_next_714_fu_9728        |    9|          2|   32|         64|
    |acc_next_715_fu_9732        |    9|          2|   32|         64|
    |acc_next_716_fu_9736        |    9|          2|   32|         64|
    |acc_next_717_fu_9740        |    9|          2|   32|         64|
    |acc_next_718_fu_9744        |    9|          2|   32|         64|
    |acc_next_719_fu_9748        |    9|          2|   32|         64|
    |acc_next_720_fu_9752        |    9|          2|   32|         64|
    |acc_next_721_fu_9756        |    9|          2|   32|         64|
    |acc_next_722_fu_9760        |    9|          2|   32|         64|
    |acc_next_723_fu_9764        |    9|          2|   32|         64|
    |acc_next_724_fu_9768        |    9|          2|   32|         64|
    |acc_next_725_fu_9772        |    9|          2|   32|         64|
    |acc_next_726_fu_9776        |    9|          2|   32|         64|
    |acc_next_727_fu_9780        |    9|          2|   32|         64|
    |acc_next_728_fu_9784        |    9|          2|   32|         64|
    |acc_next_729_fu_9788        |    9|          2|   32|         64|
    |acc_next_730_fu_9792        |    9|          2|   32|         64|
    |acc_next_731_fu_9796        |    9|          2|   32|         64|
    |acc_next_732_fu_9800        |    9|          2|   32|         64|
    |acc_next_733_fu_9804        |    9|          2|   32|         64|
    |acc_next_734_fu_9808        |    9|          2|   32|         64|
    |acc_next_735_fu_9812        |    9|          2|   32|         64|
    |acc_next_736_fu_9816        |    9|          2|   32|         64|
    |acc_next_737_fu_9820        |    9|          2|   32|         64|
    |acc_next_738_fu_9824        |    9|          2|   32|         64|
    |acc_next_739_fu_9828        |    9|          2|   32|         64|
    |acc_next_740_fu_9832        |    9|          2|   32|         64|
    |acc_next_741_fu_9836        |    9|          2|   32|         64|
    |acc_next_742_fu_9840        |    9|          2|   32|         64|
    |acc_next_743_fu_9844        |    9|          2|   32|         64|
    |acc_next_744_fu_9848        |    9|          2|   32|         64|
    |acc_next_745_fu_9852        |    9|          2|   32|         64|
    |acc_next_746_fu_9856        |    9|          2|   32|         64|
    |acc_next_747_fu_9860        |    9|          2|   32|         64|
    |acc_next_748_fu_9864        |    9|          2|   32|         64|
    |acc_next_749_fu_9868        |    9|          2|   32|         64|
    |acc_next_750_fu_9872        |    9|          2|   32|         64|
    |acc_next_751_fu_9876        |    9|          2|   32|         64|
    |acc_next_752_fu_9880        |    9|          2|   32|         64|
    |acc_next_753_fu_9884        |    9|          2|   32|         64|
    |acc_next_754_fu_9888        |    9|          2|   32|         64|
    |acc_next_755_fu_9892        |    9|          2|   32|         64|
    |acc_next_756_fu_9896        |    9|          2|   32|         64|
    |acc_next_757_fu_9900        |    9|          2|   32|         64|
    |acc_next_758_fu_9904        |    9|          2|   32|         64|
    |acc_next_759_fu_9908        |    9|          2|   32|         64|
    |acc_next_760_fu_9912        |    9|          2|   32|         64|
    |acc_next_761_fu_9916        |    9|          2|   32|         64|
    |acc_next_762_fu_9920        |    9|          2|   32|         64|
    |acc_next_763_fu_9924        |    9|          2|   32|         64|
    |acc_next_764_fu_9928        |    9|          2|   32|         64|
    |acc_next_765_fu_9932        |    9|          2|   32|         64|
    |acc_next_766_fu_9936        |    9|          2|   32|         64|
    |acc_next_767_fu_9940        |    9|          2|   32|         64|
    |acc_next_768_fu_9944        |    9|          2|   32|         64|
    |acc_next_769_fu_9948        |    9|          2|   32|         64|
    |acc_next_770_fu_9952        |    9|          2|   32|         64|
    |acc_next_771_fu_9956        |    9|          2|   32|         64|
    |acc_next_772_fu_9960        |    9|          2|   32|         64|
    |acc_next_773_fu_9964        |    9|          2|   32|         64|
    |acc_next_774_fu_9968        |    9|          2|   32|         64|
    |acc_next_775_fu_9972        |    9|          2|   32|         64|
    |acc_next_776_fu_9976        |    9|          2|   32|         64|
    |acc_next_777_fu_9980        |    9|          2|   32|         64|
    |acc_next_778_fu_9984        |    9|          2|   32|         64|
    |acc_next_779_fu_9988        |    9|          2|   32|         64|
    |acc_next_780_fu_9992        |    9|          2|   32|         64|
    |acc_next_781_fu_9996        |    9|          2|   32|         64|
    |acc_next_782_fu_10000       |    9|          2|   32|         64|
    |acc_next_783_fu_10004       |    9|          2|   32|         64|
    |acc_next_784_fu_10008       |    9|          2|   32|         64|
    |acc_next_785_fu_10012       |    9|          2|   32|         64|
    |acc_next_786_fu_10016       |    9|          2|   32|         64|
    |acc_next_787_fu_10020       |    9|          2|   32|         64|
    |acc_next_788_fu_10024       |    9|          2|   32|         64|
    |acc_next_789_fu_10028       |    9|          2|   32|         64|
    |acc_next_790_fu_10032       |    9|          2|   32|         64|
    |acc_next_791_fu_10036       |    9|          2|   32|         64|
    |acc_next_792_fu_10040       |    9|          2|   32|         64|
    |acc_next_793_fu_10044       |    9|          2|   32|         64|
    |acc_next_794_fu_10048       |    9|          2|   32|         64|
    |acc_next_795_fu_10052       |    9|          2|   32|         64|
    |acc_next_796_fu_10056       |    9|          2|   32|         64|
    |acc_next_797_fu_10060       |    9|          2|   32|         64|
    |acc_next_798_fu_10064       |    9|          2|   32|         64|
    |acc_next_799_fu_10068       |    9|          2|   32|         64|
    |acc_next_800_fu_10072       |    9|          2|   32|         64|
    |acc_next_801_fu_10076       |    9|          2|   32|         64|
    |acc_next_802_fu_10080       |    9|          2|   32|         64|
    |acc_next_803_fu_10084       |    9|          2|   32|         64|
    |acc_next_804_fu_10088       |    9|          2|   32|         64|
    |acc_next_805_fu_10092       |    9|          2|   32|         64|
    |acc_next_806_fu_10096       |    9|          2|   32|         64|
    |acc_next_807_fu_10100       |    9|          2|   32|         64|
    |acc_next_808_fu_10104       |    9|          2|   32|         64|
    |acc_next_809_fu_10108       |    9|          2|   32|         64|
    |acc_next_810_fu_10112       |    9|          2|   32|         64|
    |acc_next_811_fu_10116       |    9|          2|   32|         64|
    |acc_next_812_fu_10120       |    9|          2|   32|         64|
    |acc_next_813_fu_10124       |    9|          2|   32|         64|
    |acc_next_814_fu_10128       |    9|          2|   32|         64|
    |acc_next_815_fu_10132       |    9|          2|   32|         64|
    |acc_next_816_fu_10136       |    9|          2|   32|         64|
    |acc_next_817_fu_10140       |    9|          2|   32|         64|
    |acc_next_818_fu_10144       |    9|          2|   32|         64|
    |acc_next_819_fu_10148       |    9|          2|   32|         64|
    |acc_next_820_fu_10152       |    9|          2|   32|         64|
    |acc_next_821_fu_10156       |    9|          2|   32|         64|
    |acc_next_822_fu_10160       |    9|          2|   32|         64|
    |acc_next_823_fu_10164       |    9|          2|   32|         64|
    |acc_next_824_fu_10168       |    9|          2|   32|         64|
    |acc_next_825_fu_10172       |    9|          2|   32|         64|
    |acc_next_826_fu_10176       |    9|          2|   32|         64|
    |acc_next_827_fu_10180       |    9|          2|   32|         64|
    |acc_next_828_fu_10184       |    9|          2|   32|         64|
    |acc_next_829_fu_10188       |    9|          2|   32|         64|
    |acc_next_830_fu_10192       |    9|          2|   32|         64|
    |acc_next_831_fu_10196       |    9|          2|   32|         64|
    |acc_next_832_fu_10200       |    9|          2|   32|         64|
    |acc_next_833_fu_10204       |    9|          2|   32|         64|
    |acc_next_834_fu_10208       |    9|          2|   32|         64|
    |acc_next_835_fu_10212       |    9|          2|   32|         64|
    |acc_next_836_fu_10216       |    9|          2|   32|         64|
    |acc_next_837_fu_10220       |    9|          2|   32|         64|
    |acc_next_838_fu_10224       |    9|          2|   32|         64|
    |acc_next_839_fu_10228       |    9|          2|   32|         64|
    |acc_next_840_fu_10232       |    9|          2|   32|         64|
    |acc_next_841_fu_10236       |    9|          2|   32|         64|
    |acc_next_842_fu_10240       |    9|          2|   32|         64|
    |acc_next_843_fu_10244       |    9|          2|   32|         64|
    |acc_next_844_fu_10248       |    9|          2|   32|         64|
    |acc_next_845_fu_10252       |    9|          2|   32|         64|
    |acc_next_846_fu_10256       |    9|          2|   32|         64|
    |acc_next_847_fu_10260       |    9|          2|   32|         64|
    |acc_next_848_fu_10264       |    9|          2|   32|         64|
    |acc_next_849_fu_10268       |    9|          2|   32|         64|
    |acc_next_850_fu_10272       |    9|          2|   32|         64|
    |acc_next_851_fu_10276       |    9|          2|   32|         64|
    |acc_next_852_fu_10280       |    9|          2|   32|         64|
    |acc_next_853_fu_10284       |    9|          2|   32|         64|
    |acc_next_854_fu_10288       |    9|          2|   32|         64|
    |acc_next_855_fu_10292       |    9|          2|   32|         64|
    |acc_next_856_fu_10296       |    9|          2|   32|         64|
    |acc_next_857_fu_10300       |    9|          2|   32|         64|
    |acc_next_858_fu_10304       |    9|          2|   32|         64|
    |acc_next_859_fu_10308       |    9|          2|   32|         64|
    |acc_next_860_fu_10312       |    9|          2|   32|         64|
    |acc_next_861_fu_10316       |    9|          2|   32|         64|
    |acc_next_862_fu_10320       |    9|          2|   32|         64|
    |acc_next_863_fu_10324       |    9|          2|   32|         64|
    |acc_next_864_fu_10328       |    9|          2|   32|         64|
    |acc_next_865_fu_10332       |    9|          2|   32|         64|
    |acc_next_866_fu_10336       |    9|          2|   32|         64|
    |acc_next_867_fu_10340       |    9|          2|   32|         64|
    |acc_next_868_fu_10344       |    9|          2|   32|         64|
    |acc_next_869_fu_10348       |    9|          2|   32|         64|
    |acc_next_870_fu_10352       |    9|          2|   32|         64|
    |acc_next_871_fu_10356       |    9|          2|   32|         64|
    |acc_next_872_fu_10360       |    9|          2|   32|         64|
    |acc_next_873_fu_10364       |    9|          2|   32|         64|
    |acc_next_874_fu_10368       |    9|          2|   32|         64|
    |acc_next_875_fu_10372       |    9|          2|   32|         64|
    |acc_next_876_fu_10376       |    9|          2|   32|         64|
    |acc_next_877_fu_10380       |    9|          2|   32|         64|
    |acc_next_878_fu_10384       |    9|          2|   32|         64|
    |acc_next_879_fu_10388       |    9|          2|   32|         64|
    |acc_next_880_fu_10392       |    9|          2|   32|         64|
    |acc_next_881_fu_10396       |    9|          2|   32|         64|
    |acc_next_882_fu_10400       |    9|          2|   32|         64|
    |acc_next_883_fu_10404       |    9|          2|   32|         64|
    |acc_next_884_fu_10408       |    9|          2|   32|         64|
    |acc_next_885_fu_10412       |    9|          2|   32|         64|
    |acc_next_886_fu_10416       |    9|          2|   32|         64|
    |acc_next_887_fu_10420       |    9|          2|   32|         64|
    |acc_next_888_fu_10424       |    9|          2|   32|         64|
    |acc_next_889_fu_10428       |    9|          2|   32|         64|
    |acc_next_890_fu_10432       |    9|          2|   32|         64|
    |acc_next_891_fu_10436       |    9|          2|   32|         64|
    |acc_next_892_fu_10440       |    9|          2|   32|         64|
    |acc_next_893_fu_10444       |    9|          2|   32|         64|
    |acc_next_894_fu_10448       |    9|          2|   32|         64|
    |acc_next_895_fu_10452       |    9|          2|   32|         64|
    |acc_next_896_fu_10456       |    9|          2|   32|         64|
    |acc_next_897_fu_10460       |    9|          2|   32|         64|
    |acc_next_898_fu_10464       |    9|          2|   32|         64|
    |acc_next_899_fu_10468       |    9|          2|   32|         64|
    |acc_next_900_fu_10472       |    9|          2|   32|         64|
    |acc_next_901_fu_10476       |    9|          2|   32|         64|
    |acc_next_902_fu_10480       |    9|          2|   32|         64|
    |acc_next_903_fu_10484       |    9|          2|   32|         64|
    |acc_next_904_fu_10488       |    9|          2|   32|         64|
    |acc_next_905_fu_10492       |    9|          2|   32|         64|
    |acc_next_906_fu_10496       |    9|          2|   32|         64|
    |acc_next_907_fu_10500       |    9|          2|   32|         64|
    |acc_next_908_fu_10504       |    9|          2|   32|         64|
    |acc_next_909_fu_10508       |    9|          2|   32|         64|
    |acc_next_910_fu_10512       |    9|          2|   32|         64|
    |acc_next_911_fu_10516       |    9|          2|   32|         64|
    |acc_next_912_fu_10520       |    9|          2|   32|         64|
    |acc_next_913_fu_10524       |    9|          2|   32|         64|
    |acc_next_914_fu_10528       |    9|          2|   32|         64|
    |acc_next_915_fu_10532       |    9|          2|   32|         64|
    |acc_next_916_fu_10536       |    9|          2|   32|         64|
    |acc_next_917_fu_10540       |    9|          2|   32|         64|
    |acc_next_918_fu_10544       |    9|          2|   32|         64|
    |acc_next_919_fu_10548       |    9|          2|   32|         64|
    |acc_next_920_fu_10552       |    9|          2|   32|         64|
    |acc_next_921_fu_10556       |    9|          2|   32|         64|
    |acc_next_922_fu_10560       |    9|          2|   32|         64|
    |acc_next_923_fu_10564       |    9|          2|   32|         64|
    |acc_next_924_fu_10568       |    9|          2|   32|         64|
    |acc_next_925_fu_10572       |    9|          2|   32|         64|
    |acc_next_926_fu_10576       |    9|          2|   32|         64|
    |acc_next_927_fu_10580       |    9|          2|   32|         64|
    |acc_next_928_fu_10584       |    9|          2|   32|         64|
    |acc_next_929_fu_10588       |    9|          2|   32|         64|
    |acc_next_930_fu_10592       |    9|          2|   32|         64|
    |acc_next_931_fu_10596       |    9|          2|   32|         64|
    |acc_next_932_fu_10600       |    9|          2|   32|         64|
    |acc_next_933_fu_10604       |    9|          2|   32|         64|
    |acc_next_934_fu_10608       |    9|          2|   32|         64|
    |acc_next_935_fu_10612       |    9|          2|   32|         64|
    |acc_next_936_fu_10616       |    9|          2|   32|         64|
    |acc_next_937_fu_10620       |    9|          2|   32|         64|
    |acc_next_938_fu_10624       |    9|          2|   32|         64|
    |acc_next_939_fu_10628       |    9|          2|   32|         64|
    |acc_next_940_fu_10632       |    9|          2|   32|         64|
    |acc_next_941_fu_10636       |    9|          2|   32|         64|
    |acc_next_942_fu_10640       |    9|          2|   32|         64|
    |acc_next_943_fu_10644       |    9|          2|   32|         64|
    |acc_next_944_fu_10648       |    9|          2|   32|         64|
    |acc_next_945_fu_10652       |    9|          2|   32|         64|
    |acc_next_946_fu_10656       |    9|          2|   32|         64|
    |acc_next_947_fu_10660       |    9|          2|   32|         64|
    |acc_next_948_fu_10664       |    9|          2|   32|         64|
    |acc_next_949_fu_10668       |    9|          2|   32|         64|
    |acc_next_950_fu_10672       |    9|          2|   32|         64|
    |acc_next_951_fu_10676       |    9|          2|   32|         64|
    |acc_next_952_fu_10680       |    9|          2|   32|         64|
    |acc_next_953_fu_10684       |    9|          2|   32|         64|
    |acc_next_954_fu_10688       |    9|          2|   32|         64|
    |acc_next_955_fu_10692       |    9|          2|   32|         64|
    |acc_next_956_fu_10696       |    9|          2|   32|         64|
    |acc_next_957_fu_10700       |    9|          2|   32|         64|
    |acc_next_958_fu_10704       |    9|          2|   32|         64|
    |acc_next_959_fu_10708       |    9|          2|   32|         64|
    |acc_next_960_fu_10712       |    9|          2|   32|         64|
    |acc_next_961_fu_10716       |    9|          2|   32|         64|
    |acc_next_962_fu_10720       |    9|          2|   32|         64|
    |acc_next_963_fu_10724       |    9|          2|   32|         64|
    |acc_next_964_fu_10728       |    9|          2|   32|         64|
    |acc_next_965_fu_10732       |    9|          2|   32|         64|
    |acc_next_966_fu_10736       |    9|          2|   32|         64|
    |acc_next_967_fu_10740       |    9|          2|   32|         64|
    |acc_next_968_fu_10744       |    9|          2|   32|         64|
    |acc_next_969_fu_10748       |    9|          2|   32|         64|
    |acc_next_970_fu_10752       |    9|          2|   32|         64|
    |acc_next_971_fu_10756       |    9|          2|   32|         64|
    |acc_next_972_fu_10760       |    9|          2|   32|         64|
    |acc_next_973_fu_10764       |    9|          2|   32|         64|
    |acc_next_974_fu_10768       |    9|          2|   32|         64|
    |acc_next_975_fu_10772       |    9|          2|   32|         64|
    |acc_next_976_fu_10776       |    9|          2|   32|         64|
    |acc_next_977_fu_10780       |    9|          2|   32|         64|
    |acc_next_978_fu_10784       |    9|          2|   32|         64|
    |acc_next_979_fu_10788       |    9|          2|   32|         64|
    |acc_next_980_fu_10792       |    9|          2|   32|         64|
    |acc_next_981_fu_10796       |    9|          2|   32|         64|
    |acc_next_982_fu_10800       |    9|          2|   32|         64|
    |acc_next_983_fu_10804       |    9|          2|   32|         64|
    |acc_next_984_fu_10808       |    9|          2|   32|         64|
    |acc_next_985_fu_10812       |    9|          2|   32|         64|
    |acc_next_986_fu_10816       |    9|          2|   32|         64|
    |acc_next_987_fu_10820       |    9|          2|   32|         64|
    |acc_next_988_fu_10824       |    9|          2|   32|         64|
    |acc_next_989_fu_10828       |    9|          2|   32|         64|
    |acc_next_990_fu_10832       |    9|          2|   32|         64|
    |acc_next_991_fu_10836       |    9|          2|   32|         64|
    |acc_next_992_fu_10840       |    9|          2|   32|         64|
    |acc_next_993_fu_10844       |    9|          2|   32|         64|
    |acc_next_994_fu_10848       |    9|          2|   32|         64|
    |acc_next_995_fu_10852       |    9|          2|   32|         64|
    |acc_next_996_fu_10856       |    9|          2|   32|         64|
    |acc_next_997_fu_10860       |    9|          2|   32|         64|
    |acc_next_998_fu_10864       |    9|          2|   32|         64|
    |acc_next_999_fu_10868       |    9|          2|   32|         64|
    |acc_next_fu_8948            |    9|          2|   32|         64|
    |ap_NS_fsm                   |  139|         28|    1|         28|
    |col_base_reg_12581          |    9|          2|    7|         14|
    |gmem_out_AWADDR             |   14|          3|   64|        192|
    |gmem_out_AWLEN              |   14|          3|   32|         96|
    |gmem_out_AWVALID            |   14|          3|    1|          3|
    |gmem_out_BREADY             |   14|          3|    1|          3|
    |gmem_out_WVALID             |    9|          2|    1|          2|
    |gmem_out_blk_n_AW           |    9|          2|    1|          2|
    |gmem_out_blk_n_B            |    9|          2|    1|          2|
    |gmem_v_ARADDR               |   14|          3|   64|        192|
    |gmem_v_ARLEN                |   14|          3|   32|         96|
    |gmem_v_ARVALID              |   14|          3|    1|          3|
    |gmem_v_RREADY               |    9|          2|    1|          2|
    |gmem_v_blk_n_AR             |    9|          2|    1|          2|
    |gmem_weights_ARVALID        |    9|          2|    1|          2|
    |gmem_weights_RREADY         |    9|          2|    1|          2|
    |indvars_iv7448_fu_6896      |    9|          2|   26|         52|
    |key_base_fu_6892            |    9|          2|   32|         64|
    |v_local_10_address0         |   14|          3|    8|         24|
    |v_local_10_ce0              |   14|          3|    1|          3|
    |v_local_10_we0              |    9|          2|    1|          2|
    |v_local_11_address0         |   14|          3|    8|         24|
    |v_local_11_ce0              |   14|          3|    1|          3|
    |v_local_11_we0              |    9|          2|    1|          2|
    |v_local_12_address0         |   14|          3|    8|         24|
    |v_local_12_ce0              |   14|          3|    1|          3|
    |v_local_12_we0              |    9|          2|    1|          2|
    |v_local_13_address0         |   14|          3|    8|         24|
    |v_local_13_ce0              |   14|          3|    1|          3|
    |v_local_13_we0              |    9|          2|    1|          2|
    |v_local_14_address0         |   14|          3|    8|         24|
    |v_local_14_ce0              |   14|          3|    1|          3|
    |v_local_14_we0              |    9|          2|    1|          2|
    |v_local_15_address0         |   14|          3|    8|         24|
    |v_local_15_ce0              |   14|          3|    1|          3|
    |v_local_15_we0              |    9|          2|    1|          2|
    |v_local_1_address0          |   14|          3|    8|         24|
    |v_local_1_ce0               |   14|          3|    1|          3|
    |v_local_1_we0               |    9|          2|    1|          2|
    |v_local_2_address0          |   14|          3|    8|         24|
    |v_local_2_ce0               |   14|          3|    1|          3|
    |v_local_2_we0               |    9|          2|    1|          2|
    |v_local_3_address0          |   14|          3|    8|         24|
    |v_local_3_ce0               |   14|          3|    1|          3|
    |v_local_3_we0               |    9|          2|    1|          2|
    |v_local_4_address0          |   14|          3|    8|         24|
    |v_local_4_ce0               |   14|          3|    1|          3|
    |v_local_4_we0               |    9|          2|    1|          2|
    |v_local_5_address0          |   14|          3|    8|         24|
    |v_local_5_ce0               |   14|          3|    1|          3|
    |v_local_5_we0               |    9|          2|    1|          2|
    |v_local_6_address0          |   14|          3|    8|         24|
    |v_local_6_ce0               |   14|          3|    1|          3|
    |v_local_6_we0               |    9|          2|    1|          2|
    |v_local_7_address0          |   14|          3|    8|         24|
    |v_local_7_ce0               |   14|          3|    1|          3|
    |v_local_7_we0               |    9|          2|    1|          2|
    |v_local_8_address0          |   14|          3|    8|         24|
    |v_local_8_ce0               |   14|          3|    1|          3|
    |v_local_8_we0               |    9|          2|    1|          2|
    |v_local_9_address0          |   14|          3|    8|         24|
    |v_local_9_ce0               |   14|          3|    1|          3|
    |v_local_9_we0               |    9|          2|    1|          2|
    |v_local_address0            |   14|          3|    8|         24|
    |v_local_ce0                 |   14|          3|    1|          3|
    |v_local_we0                 |    9|          2|    1|          2|
    |weights_local_100_address0  |   14|          3|    2|          6|
    |weights_local_100_ce0       |   14|          3|    1|          3|
    |weights_local_100_we0       |    9|          2|    1|          2|
    |weights_local_101_address0  |   14|          3|    2|          6|
    |weights_local_101_ce0       |   14|          3|    1|          3|
    |weights_local_101_we0       |    9|          2|    1|          2|
    |weights_local_102_address0  |   14|          3|    2|          6|
    |weights_local_102_ce0       |   14|          3|    1|          3|
    |weights_local_102_we0       |    9|          2|    1|          2|
    |weights_local_103_address0  |   14|          3|    2|          6|
    |weights_local_103_ce0       |   14|          3|    1|          3|
    |weights_local_103_we0       |    9|          2|    1|          2|
    |weights_local_104_address0  |   14|          3|    2|          6|
    |weights_local_104_ce0       |   14|          3|    1|          3|
    |weights_local_104_we0       |    9|          2|    1|          2|
    |weights_local_105_address0  |   14|          3|    2|          6|
    |weights_local_105_ce0       |   14|          3|    1|          3|
    |weights_local_105_we0       |    9|          2|    1|          2|
    |weights_local_106_address0  |   14|          3|    2|          6|
    |weights_local_106_ce0       |   14|          3|    1|          3|
    |weights_local_106_we0       |    9|          2|    1|          2|
    |weights_local_107_address0  |   14|          3|    2|          6|
    |weights_local_107_ce0       |   14|          3|    1|          3|
    |weights_local_107_we0       |    9|          2|    1|          2|
    |weights_local_108_address0  |   14|          3|    2|          6|
    |weights_local_108_ce0       |   14|          3|    1|          3|
    |weights_local_108_we0       |    9|          2|    1|          2|
    |weights_local_109_address0  |   14|          3|    2|          6|
    |weights_local_109_ce0       |   14|          3|    1|          3|
    |weights_local_109_we0       |    9|          2|    1|          2|
    |weights_local_10_address0   |   14|          3|    2|          6|
    |weights_local_10_ce0        |   14|          3|    1|          3|
    |weights_local_10_we0        |    9|          2|    1|          2|
    |weights_local_110_address0  |   14|          3|    2|          6|
    |weights_local_110_ce0       |   14|          3|    1|          3|
    |weights_local_110_we0       |    9|          2|    1|          2|
    |weights_local_111_address0  |   14|          3|    2|          6|
    |weights_local_111_ce0       |   14|          3|    1|          3|
    |weights_local_111_we0       |    9|          2|    1|          2|
    |weights_local_112_address0  |   14|          3|    2|          6|
    |weights_local_112_ce0       |   14|          3|    1|          3|
    |weights_local_112_we0       |    9|          2|    1|          2|
    |weights_local_113_address0  |   14|          3|    2|          6|
    |weights_local_113_ce0       |   14|          3|    1|          3|
    |weights_local_113_we0       |    9|          2|    1|          2|
    |weights_local_114_address0  |   14|          3|    2|          6|
    |weights_local_114_ce0       |   14|          3|    1|          3|
    |weights_local_114_we0       |    9|          2|    1|          2|
    |weights_local_115_address0  |   14|          3|    2|          6|
    |weights_local_115_ce0       |   14|          3|    1|          3|
    |weights_local_115_we0       |    9|          2|    1|          2|
    |weights_local_116_address0  |   14|          3|    2|          6|
    |weights_local_116_ce0       |   14|          3|    1|          3|
    |weights_local_116_we0       |    9|          2|    1|          2|
    |weights_local_117_address0  |   14|          3|    2|          6|
    |weights_local_117_ce0       |   14|          3|    1|          3|
    |weights_local_117_we0       |    9|          2|    1|          2|
    |weights_local_118_address0  |   14|          3|    2|          6|
    |weights_local_118_ce0       |   14|          3|    1|          3|
    |weights_local_118_we0       |    9|          2|    1|          2|
    |weights_local_119_address0  |   14|          3|    2|          6|
    |weights_local_119_ce0       |   14|          3|    1|          3|
    |weights_local_119_we0       |    9|          2|    1|          2|
    |weights_local_11_address0   |   14|          3|    2|          6|
    |weights_local_11_ce0        |   14|          3|    1|          3|
    |weights_local_11_we0        |    9|          2|    1|          2|
    |weights_local_120_address0  |   14|          3|    2|          6|
    |weights_local_120_ce0       |   14|          3|    1|          3|
    |weights_local_120_we0       |    9|          2|    1|          2|
    |weights_local_121_address0  |   14|          3|    2|          6|
    |weights_local_121_ce0       |   14|          3|    1|          3|
    |weights_local_121_we0       |    9|          2|    1|          2|
    |weights_local_122_address0  |   14|          3|    2|          6|
    |weights_local_122_ce0       |   14|          3|    1|          3|
    |weights_local_122_we0       |    9|          2|    1|          2|
    |weights_local_123_address0  |   14|          3|    2|          6|
    |weights_local_123_ce0       |   14|          3|    1|          3|
    |weights_local_123_we0       |    9|          2|    1|          2|
    |weights_local_124_address0  |   14|          3|    2|          6|
    |weights_local_124_ce0       |   14|          3|    1|          3|
    |weights_local_124_we0       |    9|          2|    1|          2|
    |weights_local_125_address0  |   14|          3|    2|          6|
    |weights_local_125_ce0       |   14|          3|    1|          3|
    |weights_local_125_we0       |    9|          2|    1|          2|
    |weights_local_126_address0  |   14|          3|    2|          6|
    |weights_local_126_ce0       |   14|          3|    1|          3|
    |weights_local_126_we0       |    9|          2|    1|          2|
    |weights_local_127_address0  |   14|          3|    2|          6|
    |weights_local_127_ce0       |   14|          3|    1|          3|
    |weights_local_127_we0       |    9|          2|    1|          2|
    |weights_local_12_address0   |   14|          3|    2|          6|
    |weights_local_12_ce0        |   14|          3|    1|          3|
    |weights_local_12_we0        |    9|          2|    1|          2|
    |weights_local_13_address0   |   14|          3|    2|          6|
    |weights_local_13_ce0        |   14|          3|    1|          3|
    |weights_local_13_we0        |    9|          2|    1|          2|
    |weights_local_14_address0   |   14|          3|    2|          6|
    |weights_local_14_ce0        |   14|          3|    1|          3|
    |weights_local_14_we0        |    9|          2|    1|          2|
    |weights_local_15_address0   |   14|          3|    2|          6|
    |weights_local_15_ce0        |   14|          3|    1|          3|
    |weights_local_15_we0        |    9|          2|    1|          2|
    |weights_local_16_address0   |   14|          3|    2|          6|
    |weights_local_16_ce0        |   14|          3|    1|          3|
    |weights_local_16_we0        |    9|          2|    1|          2|
    |weights_local_17_address0   |   14|          3|    2|          6|
    |weights_local_17_ce0        |   14|          3|    1|          3|
    |weights_local_17_we0        |    9|          2|    1|          2|
    |weights_local_18_address0   |   14|          3|    2|          6|
    |weights_local_18_ce0        |   14|          3|    1|          3|
    |weights_local_18_we0        |    9|          2|    1|          2|
    |weights_local_19_address0   |   14|          3|    2|          6|
    |weights_local_19_ce0        |   14|          3|    1|          3|
    |weights_local_19_we0        |    9|          2|    1|          2|
    |weights_local_1_address0    |   14|          3|    2|          6|
    |weights_local_1_ce0         |   14|          3|    1|          3|
    |weights_local_1_we0         |    9|          2|    1|          2|
    |weights_local_20_address0   |   14|          3|    2|          6|
    |weights_local_20_ce0        |   14|          3|    1|          3|
    |weights_local_20_we0        |    9|          2|    1|          2|
    |weights_local_21_address0   |   14|          3|    2|          6|
    |weights_local_21_ce0        |   14|          3|    1|          3|
    |weights_local_21_we0        |    9|          2|    1|          2|
    |weights_local_22_address0   |   14|          3|    2|          6|
    |weights_local_22_ce0        |   14|          3|    1|          3|
    |weights_local_22_we0        |    9|          2|    1|          2|
    |weights_local_23_address0   |   14|          3|    2|          6|
    |weights_local_23_ce0        |   14|          3|    1|          3|
    |weights_local_23_we0        |    9|          2|    1|          2|
    |weights_local_24_address0   |   14|          3|    2|          6|
    |weights_local_24_ce0        |   14|          3|    1|          3|
    |weights_local_24_we0        |    9|          2|    1|          2|
    |weights_local_25_address0   |   14|          3|    2|          6|
    |weights_local_25_ce0        |   14|          3|    1|          3|
    |weights_local_25_we0        |    9|          2|    1|          2|
    |weights_local_26_address0   |   14|          3|    2|          6|
    |weights_local_26_ce0        |   14|          3|    1|          3|
    |weights_local_26_we0        |    9|          2|    1|          2|
    |weights_local_27_address0   |   14|          3|    2|          6|
    |weights_local_27_ce0        |   14|          3|    1|          3|
    |weights_local_27_we0        |    9|          2|    1|          2|
    |weights_local_28_address0   |   14|          3|    2|          6|
    |weights_local_28_ce0        |   14|          3|    1|          3|
    |weights_local_28_we0        |    9|          2|    1|          2|
    |weights_local_29_address0   |   14|          3|    2|          6|
    |weights_local_29_ce0        |   14|          3|    1|          3|
    |weights_local_29_we0        |    9|          2|    1|          2|
    |weights_local_2_address0    |   14|          3|    2|          6|
    |weights_local_2_ce0         |   14|          3|    1|          3|
    |weights_local_2_we0         |    9|          2|    1|          2|
    |weights_local_30_address0   |   14|          3|    2|          6|
    |weights_local_30_ce0        |   14|          3|    1|          3|
    |weights_local_30_we0        |    9|          2|    1|          2|
    |weights_local_31_address0   |   14|          3|    2|          6|
    |weights_local_31_ce0        |   14|          3|    1|          3|
    |weights_local_31_we0        |    9|          2|    1|          2|
    |weights_local_32_address0   |   14|          3|    2|          6|
    |weights_local_32_ce0        |   14|          3|    1|          3|
    |weights_local_32_we0        |    9|          2|    1|          2|
    |weights_local_33_address0   |   14|          3|    2|          6|
    |weights_local_33_ce0        |   14|          3|    1|          3|
    |weights_local_33_we0        |    9|          2|    1|          2|
    |weights_local_34_address0   |   14|          3|    2|          6|
    |weights_local_34_ce0        |   14|          3|    1|          3|
    |weights_local_34_we0        |    9|          2|    1|          2|
    |weights_local_35_address0   |   14|          3|    2|          6|
    |weights_local_35_ce0        |   14|          3|    1|          3|
    |weights_local_35_we0        |    9|          2|    1|          2|
    |weights_local_36_address0   |   14|          3|    2|          6|
    |weights_local_36_ce0        |   14|          3|    1|          3|
    |weights_local_36_we0        |    9|          2|    1|          2|
    |weights_local_37_address0   |   14|          3|    2|          6|
    |weights_local_37_ce0        |   14|          3|    1|          3|
    |weights_local_37_we0        |    9|          2|    1|          2|
    |weights_local_38_address0   |   14|          3|    2|          6|
    |weights_local_38_ce0        |   14|          3|    1|          3|
    |weights_local_38_we0        |    9|          2|    1|          2|
    |weights_local_39_address0   |   14|          3|    2|          6|
    |weights_local_39_ce0        |   14|          3|    1|          3|
    |weights_local_39_we0        |    9|          2|    1|          2|
    |weights_local_3_address0    |   14|          3|    2|          6|
    |weights_local_3_ce0         |   14|          3|    1|          3|
    |weights_local_3_we0         |    9|          2|    1|          2|
    |weights_local_40_address0   |   14|          3|    2|          6|
    |weights_local_40_ce0        |   14|          3|    1|          3|
    |weights_local_40_we0        |    9|          2|    1|          2|
    |weights_local_41_address0   |   14|          3|    2|          6|
    |weights_local_41_ce0        |   14|          3|    1|          3|
    |weights_local_41_we0        |    9|          2|    1|          2|
    |weights_local_42_address0   |   14|          3|    2|          6|
    |weights_local_42_ce0        |   14|          3|    1|          3|
    |weights_local_42_we0        |    9|          2|    1|          2|
    |weights_local_43_address0   |   14|          3|    2|          6|
    |weights_local_43_ce0        |   14|          3|    1|          3|
    |weights_local_43_we0        |    9|          2|    1|          2|
    |weights_local_44_address0   |   14|          3|    2|          6|
    |weights_local_44_ce0        |   14|          3|    1|          3|
    |weights_local_44_we0        |    9|          2|    1|          2|
    |weights_local_45_address0   |   14|          3|    2|          6|
    |weights_local_45_ce0        |   14|          3|    1|          3|
    |weights_local_45_we0        |    9|          2|    1|          2|
    |weights_local_46_address0   |   14|          3|    2|          6|
    |weights_local_46_ce0        |   14|          3|    1|          3|
    |weights_local_46_we0        |    9|          2|    1|          2|
    |weights_local_47_address0   |   14|          3|    2|          6|
    |weights_local_47_ce0        |   14|          3|    1|          3|
    |weights_local_47_we0        |    9|          2|    1|          2|
    |weights_local_48_address0   |   14|          3|    2|          6|
    |weights_local_48_ce0        |   14|          3|    1|          3|
    |weights_local_48_we0        |    9|          2|    1|          2|
    |weights_local_49_address0   |   14|          3|    2|          6|
    |weights_local_49_ce0        |   14|          3|    1|          3|
    |weights_local_49_we0        |    9|          2|    1|          2|
    |weights_local_4_address0    |   14|          3|    2|          6|
    |weights_local_4_ce0         |   14|          3|    1|          3|
    |weights_local_4_we0         |    9|          2|    1|          2|
    |weights_local_50_address0   |   14|          3|    2|          6|
    |weights_local_50_ce0        |   14|          3|    1|          3|
    |weights_local_50_we0        |    9|          2|    1|          2|
    |weights_local_51_address0   |   14|          3|    2|          6|
    |weights_local_51_ce0        |   14|          3|    1|          3|
    |weights_local_51_we0        |    9|          2|    1|          2|
    |weights_local_52_address0   |   14|          3|    2|          6|
    |weights_local_52_ce0        |   14|          3|    1|          3|
    |weights_local_52_we0        |    9|          2|    1|          2|
    |weights_local_53_address0   |   14|          3|    2|          6|
    |weights_local_53_ce0        |   14|          3|    1|          3|
    |weights_local_53_we0        |    9|          2|    1|          2|
    |weights_local_54_address0   |   14|          3|    2|          6|
    |weights_local_54_ce0        |   14|          3|    1|          3|
    |weights_local_54_we0        |    9|          2|    1|          2|
    |weights_local_55_address0   |   14|          3|    2|          6|
    |weights_local_55_ce0        |   14|          3|    1|          3|
    |weights_local_55_we0        |    9|          2|    1|          2|
    |weights_local_56_address0   |   14|          3|    2|          6|
    |weights_local_56_ce0        |   14|          3|    1|          3|
    |weights_local_56_we0        |    9|          2|    1|          2|
    |weights_local_57_address0   |   14|          3|    2|          6|
    |weights_local_57_ce0        |   14|          3|    1|          3|
    |weights_local_57_we0        |    9|          2|    1|          2|
    |weights_local_58_address0   |   14|          3|    2|          6|
    |weights_local_58_ce0        |   14|          3|    1|          3|
    |weights_local_58_we0        |    9|          2|    1|          2|
    |weights_local_59_address0   |   14|          3|    2|          6|
    |weights_local_59_ce0        |   14|          3|    1|          3|
    |weights_local_59_we0        |    9|          2|    1|          2|
    |weights_local_5_address0    |   14|          3|    2|          6|
    |weights_local_5_ce0         |   14|          3|    1|          3|
    |weights_local_5_we0         |    9|          2|    1|          2|
    |weights_local_60_address0   |   14|          3|    2|          6|
    |weights_local_60_ce0        |   14|          3|    1|          3|
    |weights_local_60_we0        |    9|          2|    1|          2|
    |weights_local_61_address0   |   14|          3|    2|          6|
    |weights_local_61_ce0        |   14|          3|    1|          3|
    |weights_local_61_we0        |    9|          2|    1|          2|
    |weights_local_62_address0   |   14|          3|    2|          6|
    |weights_local_62_ce0        |   14|          3|    1|          3|
    |weights_local_62_we0        |    9|          2|    1|          2|
    |weights_local_63_address0   |   14|          3|    2|          6|
    |weights_local_63_ce0        |   14|          3|    1|          3|
    |weights_local_63_we0        |    9|          2|    1|          2|
    |weights_local_64_address0   |   14|          3|    2|          6|
    |weights_local_64_ce0        |   14|          3|    1|          3|
    |weights_local_64_we0        |    9|          2|    1|          2|
    |weights_local_65_address0   |   14|          3|    2|          6|
    |weights_local_65_ce0        |   14|          3|    1|          3|
    |weights_local_65_we0        |    9|          2|    1|          2|
    |weights_local_66_address0   |   14|          3|    2|          6|
    |weights_local_66_ce0        |   14|          3|    1|          3|
    |weights_local_66_we0        |    9|          2|    1|          2|
    |weights_local_67_address0   |   14|          3|    2|          6|
    |weights_local_67_ce0        |   14|          3|    1|          3|
    |weights_local_67_we0        |    9|          2|    1|          2|
    |weights_local_68_address0   |   14|          3|    2|          6|
    |weights_local_68_ce0        |   14|          3|    1|          3|
    |weights_local_68_we0        |    9|          2|    1|          2|
    |weights_local_69_address0   |   14|          3|    2|          6|
    |weights_local_69_ce0        |   14|          3|    1|          3|
    |weights_local_69_we0        |    9|          2|    1|          2|
    |weights_local_6_address0    |   14|          3|    2|          6|
    |weights_local_6_ce0         |   14|          3|    1|          3|
    |weights_local_6_we0         |    9|          2|    1|          2|
    |weights_local_70_address0   |   14|          3|    2|          6|
    |weights_local_70_ce0        |   14|          3|    1|          3|
    |weights_local_70_we0        |    9|          2|    1|          2|
    |weights_local_71_address0   |   14|          3|    2|          6|
    |weights_local_71_ce0        |   14|          3|    1|          3|
    |weights_local_71_we0        |    9|          2|    1|          2|
    |weights_local_72_address0   |   14|          3|    2|          6|
    |weights_local_72_ce0        |   14|          3|    1|          3|
    |weights_local_72_we0        |    9|          2|    1|          2|
    |weights_local_73_address0   |   14|          3|    2|          6|
    |weights_local_73_ce0        |   14|          3|    1|          3|
    |weights_local_73_we0        |    9|          2|    1|          2|
    |weights_local_74_address0   |   14|          3|    2|          6|
    |weights_local_74_ce0        |   14|          3|    1|          3|
    |weights_local_74_we0        |    9|          2|    1|          2|
    |weights_local_75_address0   |   14|          3|    2|          6|
    |weights_local_75_ce0        |   14|          3|    1|          3|
    |weights_local_75_we0        |    9|          2|    1|          2|
    |weights_local_76_address0   |   14|          3|    2|          6|
    |weights_local_76_ce0        |   14|          3|    1|          3|
    |weights_local_76_we0        |    9|          2|    1|          2|
    |weights_local_77_address0   |   14|          3|    2|          6|
    |weights_local_77_ce0        |   14|          3|    1|          3|
    |weights_local_77_we0        |    9|          2|    1|          2|
    |weights_local_78_address0   |   14|          3|    2|          6|
    |weights_local_78_ce0        |   14|          3|    1|          3|
    |weights_local_78_we0        |    9|          2|    1|          2|
    |weights_local_79_address0   |   14|          3|    2|          6|
    |weights_local_79_ce0        |   14|          3|    1|          3|
    |weights_local_79_we0        |    9|          2|    1|          2|
    |weights_local_7_address0    |   14|          3|    2|          6|
    |weights_local_7_ce0         |   14|          3|    1|          3|
    |weights_local_7_we0         |    9|          2|    1|          2|
    |weights_local_80_address0   |   14|          3|    2|          6|
    |weights_local_80_ce0        |   14|          3|    1|          3|
    |weights_local_80_we0        |    9|          2|    1|          2|
    |weights_local_81_address0   |   14|          3|    2|          6|
    |weights_local_81_ce0        |   14|          3|    1|          3|
    |weights_local_81_we0        |    9|          2|    1|          2|
    |weights_local_82_address0   |   14|          3|    2|          6|
    |weights_local_82_ce0        |   14|          3|    1|          3|
    |weights_local_82_we0        |    9|          2|    1|          2|
    |weights_local_83_address0   |   14|          3|    2|          6|
    |weights_local_83_ce0        |   14|          3|    1|          3|
    |weights_local_83_we0        |    9|          2|    1|          2|
    |weights_local_84_address0   |   14|          3|    2|          6|
    |weights_local_84_ce0        |   14|          3|    1|          3|
    |weights_local_84_we0        |    9|          2|    1|          2|
    |weights_local_85_address0   |   14|          3|    2|          6|
    |weights_local_85_ce0        |   14|          3|    1|          3|
    |weights_local_85_we0        |    9|          2|    1|          2|
    |weights_local_86_address0   |   14|          3|    2|          6|
    |weights_local_86_ce0        |   14|          3|    1|          3|
    |weights_local_86_we0        |    9|          2|    1|          2|
    |weights_local_87_address0   |   14|          3|    2|          6|
    |weights_local_87_ce0        |   14|          3|    1|          3|
    |weights_local_87_we0        |    9|          2|    1|          2|
    |weights_local_88_address0   |   14|          3|    2|          6|
    |weights_local_88_ce0        |   14|          3|    1|          3|
    |weights_local_88_we0        |    9|          2|    1|          2|
    |weights_local_89_address0   |   14|          3|    2|          6|
    |weights_local_89_ce0        |   14|          3|    1|          3|
    |weights_local_89_we0        |    9|          2|    1|          2|
    |weights_local_8_address0    |   14|          3|    2|          6|
    |weights_local_8_ce0         |   14|          3|    1|          3|
    |weights_local_8_we0         |    9|          2|    1|          2|
    |weights_local_90_address0   |   14|          3|    2|          6|
    |weights_local_90_ce0        |   14|          3|    1|          3|
    |weights_local_90_we0        |    9|          2|    1|          2|
    |weights_local_91_address0   |   14|          3|    2|          6|
    |weights_local_91_ce0        |   14|          3|    1|          3|
    |weights_local_91_we0        |    9|          2|    1|          2|
    |weights_local_92_address0   |   14|          3|    2|          6|
    |weights_local_92_ce0        |   14|          3|    1|          3|
    |weights_local_92_we0        |    9|          2|    1|          2|
    |weights_local_93_address0   |   14|          3|    2|          6|
    |weights_local_93_ce0        |   14|          3|    1|          3|
    |weights_local_93_we0        |    9|          2|    1|          2|
    |weights_local_94_address0   |   14|          3|    2|          6|
    |weights_local_94_ce0        |   14|          3|    1|          3|
    |weights_local_94_we0        |    9|          2|    1|          2|
    |weights_local_95_address0   |   14|          3|    2|          6|
    |weights_local_95_ce0        |   14|          3|    1|          3|
    |weights_local_95_we0        |    9|          2|    1|          2|
    |weights_local_96_address0   |   14|          3|    2|          6|
    |weights_local_96_ce0        |   14|          3|    1|          3|
    |weights_local_96_we0        |    9|          2|    1|          2|
    |weights_local_97_address0   |   14|          3|    2|          6|
    |weights_local_97_ce0        |   14|          3|    1|          3|
    |weights_local_97_we0        |    9|          2|    1|          2|
    |weights_local_98_address0   |   14|          3|    2|          6|
    |weights_local_98_ce0        |   14|          3|    1|          3|
    |weights_local_98_we0        |    9|          2|    1|          2|
    |weights_local_99_address0   |   14|          3|    2|          6|
    |weights_local_99_ce0        |   14|          3|    1|          3|
    |weights_local_99_we0        |    9|          2|    1|          2|
    |weights_local_9_address0    |   14|          3|    2|          6|
    |weights_local_9_ce0         |   14|          3|    1|          3|
    |weights_local_9_we0         |    9|          2|    1|          2|
    |weights_local_address0      |   14|          3|    2|          6|
    |weights_local_ce0           |   14|          3|    1|          3|
    |weights_local_we0           |    9|          2|    1|          2|
    +----------------------------+-----+-----------+-----+-----------+
    |Total                       |19479|       4293|50092|     100933|
    +----------------------------+-----+-----------+-----+-----------+

    * Register: 
    +----------------------------------------------------------------------------------------------------------+-----+----+-----+-----------+
    |                                                   Name                                                   |  FF | LUT| Bits| Const Bits|
    +----------------------------------------------------------------------------------------------------------+-----+----+-----+-----------+
    |acc_1000_fu_8856                                                                                          |   32|   0|   32|          0|
    |acc_1000_load_reg_63838                                                                                   |   32|   0|   32|          0|
    |acc_1001_fu_8860                                                                                          |   32|   0|   32|          0|
    |acc_1001_load_reg_63843                                                                                   |   32|   0|   32|          0|
    |acc_1002_fu_8864                                                                                          |   32|   0|   32|          0|
    |acc_1002_load_reg_63848                                                                                   |   32|   0|   32|          0|
    |acc_1003_fu_8868                                                                                          |   32|   0|   32|          0|
    |acc_1003_load_reg_63853                                                                                   |   32|   0|   32|          0|
    |acc_1004_fu_8872                                                                                          |   32|   0|   32|          0|
    |acc_1004_load_reg_63858                                                                                   |   32|   0|   32|          0|
    |acc_1005_fu_8876                                                                                          |   32|   0|   32|          0|
    |acc_1005_load_reg_63863                                                                                   |   32|   0|   32|          0|
    |acc_1006_fu_8880                                                                                          |   32|   0|   32|          0|
    |acc_1006_load_reg_63868                                                                                   |   32|   0|   32|          0|
    |acc_1007_fu_8884                                                                                          |   32|   0|   32|          0|
    |acc_1007_load_reg_63873                                                                                   |   32|   0|   32|          0|
    |acc_1008_fu_8888                                                                                          |   32|   0|   32|          0|
    |acc_1008_load_reg_63878                                                                                   |   32|   0|   32|          0|
    |acc_1009_fu_8892                                                                                          |   32|   0|   32|          0|
    |acc_1009_load_reg_63883                                                                                   |   32|   0|   32|          0|
    |acc_1010_fu_8896                                                                                          |   32|   0|   32|          0|
    |acc_1010_load_reg_63888                                                                                   |   32|   0|   32|          0|
    |acc_1011_fu_8900                                                                                          |   32|   0|   32|          0|
    |acc_1011_load_reg_63893                                                                                   |   32|   0|   32|          0|
    |acc_1012_fu_8904                                                                                          |   32|   0|   32|          0|
    |acc_1012_load_reg_63898                                                                                   |   32|   0|   32|          0|
    |acc_1013_fu_8908                                                                                          |   32|   0|   32|          0|
    |acc_1013_load_reg_63903                                                                                   |   32|   0|   32|          0|
    |acc_1014_fu_8912                                                                                          |   32|   0|   32|          0|
    |acc_1014_load_reg_63908                                                                                   |   32|   0|   32|          0|
    |acc_1015_fu_8916                                                                                          |   32|   0|   32|          0|
    |acc_1015_load_reg_63913                                                                                   |   32|   0|   32|          0|
    |acc_1016_fu_8920                                                                                          |   32|   0|   32|          0|
    |acc_1016_load_reg_63918                                                                                   |   32|   0|   32|          0|
    |acc_1017_fu_8924                                                                                          |   32|   0|   32|          0|
    |acc_1017_load_reg_63923                                                                                   |   32|   0|   32|          0|
    |acc_1018_fu_8928                                                                                          |   32|   0|   32|          0|
    |acc_1018_load_reg_63928                                                                                   |   32|   0|   32|          0|
    |acc_1019_fu_8932                                                                                          |   32|   0|   32|          0|
    |acc_1019_load_reg_63933                                                                                   |   32|   0|   32|          0|
    |acc_1020_fu_8936                                                                                          |   32|   0|   32|          0|
    |acc_1020_load_reg_63938                                                                                   |   32|   0|   32|          0|
    |acc_1021_fu_8940                                                                                          |   32|   0|   32|          0|
    |acc_1021_load_reg_63943                                                                                   |   32|   0|   32|          0|
    |acc_1022_fu_8944                                                                                          |   32|   0|   32|          0|
    |acc_1022_load_reg_63948                                                                                   |   32|   0|   32|          0|
    |acc_1024_reg_17702                                                                                        |   32|   0|   32|          0|
    |acc_1025_reg_17692                                                                                        |   32|   0|   32|          0|
    |acc_1026_reg_17682                                                                                        |   32|   0|   32|          0|
    |acc_1027_reg_17672                                                                                        |   32|   0|   32|          0|
    |acc_1028_reg_17662                                                                                        |   32|   0|   32|          0|
    |acc_1029_reg_17652                                                                                        |   32|   0|   32|          0|
    |acc_1030_reg_17642                                                                                        |   32|   0|   32|          0|
    |acc_1031_reg_17632                                                                                        |   32|   0|   32|          0|
    |acc_1032_reg_17622                                                                                        |   32|   0|   32|          0|
    |acc_1033_reg_17612                                                                                        |   32|   0|   32|          0|
    |acc_1034_reg_17602                                                                                        |   32|   0|   32|          0|
    |acc_1035_reg_17592                                                                                        |   32|   0|   32|          0|
    |acc_1036_reg_17582                                                                                        |   32|   0|   32|          0|
    |acc_1037_reg_17572                                                                                        |   32|   0|   32|          0|
    |acc_1038_reg_17562                                                                                        |   32|   0|   32|          0|
    |acc_1039_reg_17552                                                                                        |   32|   0|   32|          0|
    |acc_1040_reg_17542                                                                                        |   32|   0|   32|          0|
    |acc_1041_reg_17532                                                                                        |   32|   0|   32|          0|
    |acc_1042_reg_17522                                                                                        |   32|   0|   32|          0|
    |acc_1043_reg_17512                                                                                        |   32|   0|   32|          0|
    |acc_1044_reg_17502                                                                                        |   32|   0|   32|          0|
    |acc_1045_reg_17492                                                                                        |   32|   0|   32|          0|
    |acc_1046_reg_17482                                                                                        |   32|   0|   32|          0|
    |acc_1047_reg_17472                                                                                        |   32|   0|   32|          0|
    |acc_1048_reg_17462                                                                                        |   32|   0|   32|          0|
    |acc_1049_reg_17452                                                                                        |   32|   0|   32|          0|
    |acc_1050_reg_17442                                                                                        |   32|   0|   32|          0|
    |acc_1051_reg_17432                                                                                        |   32|   0|   32|          0|
    |acc_1052_reg_17422                                                                                        |   32|   0|   32|          0|
    |acc_1053_reg_17412                                                                                        |   32|   0|   32|          0|
    |acc_1054_reg_17402                                                                                        |   32|   0|   32|          0|
    |acc_1055_reg_17392                                                                                        |   32|   0|   32|          0|
    |acc_1056_reg_17382                                                                                        |   32|   0|   32|          0|
    |acc_1057_reg_17372                                                                                        |   32|   0|   32|          0|
    |acc_1058_reg_17362                                                                                        |   32|   0|   32|          0|
    |acc_1059_reg_17352                                                                                        |   32|   0|   32|          0|
    |acc_1060_reg_17342                                                                                        |   32|   0|   32|          0|
    |acc_1061_reg_17332                                                                                        |   32|   0|   32|          0|
    |acc_1062_reg_17322                                                                                        |   32|   0|   32|          0|
    |acc_1063_reg_17312                                                                                        |   32|   0|   32|          0|
    |acc_1064_reg_17302                                                                                        |   32|   0|   32|          0|
    |acc_1065_reg_17292                                                                                        |   32|   0|   32|          0|
    |acc_1066_reg_17282                                                                                        |   32|   0|   32|          0|
    |acc_1067_reg_17272                                                                                        |   32|   0|   32|          0|
    |acc_1068_reg_17262                                                                                        |   32|   0|   32|          0|
    |acc_1069_reg_17252                                                                                        |   32|   0|   32|          0|
    |acc_1070_reg_17242                                                                                        |   32|   0|   32|          0|
    |acc_1071_reg_17232                                                                                        |   32|   0|   32|          0|
    |acc_1072_reg_17222                                                                                        |   32|   0|   32|          0|
    |acc_1073_reg_17212                                                                                        |   32|   0|   32|          0|
    |acc_1074_reg_17202                                                                                        |   32|   0|   32|          0|
    |acc_1075_reg_17192                                                                                        |   32|   0|   32|          0|
    |acc_1076_reg_17182                                                                                        |   32|   0|   32|          0|
    |acc_1077_reg_17172                                                                                        |   32|   0|   32|          0|
    |acc_1078_reg_17162                                                                                        |   32|   0|   32|          0|
    |acc_1079_reg_17152                                                                                        |   32|   0|   32|          0|
    |acc_1080_reg_17142                                                                                        |   32|   0|   32|          0|
    |acc_1081_reg_17132                                                                                        |   32|   0|   32|          0|
    |acc_1082_reg_17122                                                                                        |   32|   0|   32|          0|
    |acc_1083_reg_17112                                                                                        |   32|   0|   32|          0|
    |acc_1084_reg_17102                                                                                        |   32|   0|   32|          0|
    |acc_1085_reg_17092                                                                                        |   32|   0|   32|          0|
    |acc_1086_reg_17082                                                                                        |   32|   0|   32|          0|
    |acc_1087_reg_17072                                                                                        |   32|   0|   32|          0|
    |acc_1088_reg_17062                                                                                        |   32|   0|   32|          0|
    |acc_1089_reg_17052                                                                                        |   32|   0|   32|          0|
    |acc_1090_reg_17042                                                                                        |   32|   0|   32|          0|
    |acc_1091_reg_17032                                                                                        |   32|   0|   32|          0|
    |acc_1092_reg_17022                                                                                        |   32|   0|   32|          0|
    |acc_1093_reg_17012                                                                                        |   32|   0|   32|          0|
    |acc_1094_reg_17002                                                                                        |   32|   0|   32|          0|
    |acc_1095_reg_16992                                                                                        |   32|   0|   32|          0|
    |acc_1096_reg_16982                                                                                        |   32|   0|   32|          0|
    |acc_1097_reg_16972                                                                                        |   32|   0|   32|          0|
    |acc_1098_reg_16962                                                                                        |   32|   0|   32|          0|
    |acc_1099_reg_16952                                                                                        |   32|   0|   32|          0|
    |acc_1100_reg_16942                                                                                        |   32|   0|   32|          0|
    |acc_1101_reg_16932                                                                                        |   32|   0|   32|          0|
    |acc_1102_reg_16922                                                                                        |   32|   0|   32|          0|
    |acc_1103_reg_16912                                                                                        |   32|   0|   32|          0|
    |acc_1104_reg_16902                                                                                        |   32|   0|   32|          0|
    |acc_1105_reg_16892                                                                                        |   32|   0|   32|          0|
    |acc_1106_reg_16882                                                                                        |   32|   0|   32|          0|
    |acc_1107_reg_16872                                                                                        |   32|   0|   32|          0|
    |acc_1108_reg_16862                                                                                        |   32|   0|   32|          0|
    |acc_1109_reg_16852                                                                                        |   32|   0|   32|          0|
    |acc_1110_reg_16842                                                                                        |   32|   0|   32|          0|
    |acc_1111_reg_16832                                                                                        |   32|   0|   32|          0|
    |acc_1112_reg_16822                                                                                        |   32|   0|   32|          0|
    |acc_1113_reg_16812                                                                                        |   32|   0|   32|          0|
    |acc_1114_reg_16802                                                                                        |   32|   0|   32|          0|
    |acc_1115_reg_16792                                                                                        |   32|   0|   32|          0|
    |acc_1116_reg_16782                                                                                        |   32|   0|   32|          0|
    |acc_1117_reg_16772                                                                                        |   32|   0|   32|          0|
    |acc_1118_reg_16762                                                                                        |   32|   0|   32|          0|
    |acc_1119_reg_16752                                                                                        |   32|   0|   32|          0|
    |acc_1120_reg_16742                                                                                        |   32|   0|   32|          0|
    |acc_1121_reg_16732                                                                                        |   32|   0|   32|          0|
    |acc_1122_reg_16722                                                                                        |   32|   0|   32|          0|
    |acc_1123_reg_16712                                                                                        |   32|   0|   32|          0|
    |acc_1124_reg_16702                                                                                        |   32|   0|   32|          0|
    |acc_1125_reg_16692                                                                                        |   32|   0|   32|          0|
    |acc_1126_reg_16682                                                                                        |   32|   0|   32|          0|
    |acc_1127_reg_16672                                                                                        |   32|   0|   32|          0|
    |acc_1128_reg_16662                                                                                        |   32|   0|   32|          0|
    |acc_1129_reg_16652                                                                                        |   32|   0|   32|          0|
    |acc_1130_reg_16642                                                                                        |   32|   0|   32|          0|
    |acc_1131_reg_16632                                                                                        |   32|   0|   32|          0|
    |acc_1132_reg_16622                                                                                        |   32|   0|   32|          0|
    |acc_1133_reg_16612                                                                                        |   32|   0|   32|          0|
    |acc_1134_reg_16602                                                                                        |   32|   0|   32|          0|
    |acc_1135_reg_16592                                                                                        |   32|   0|   32|          0|
    |acc_1136_reg_16582                                                                                        |   32|   0|   32|          0|
    |acc_1137_reg_16572                                                                                        |   32|   0|   32|          0|
    |acc_1138_reg_16562                                                                                        |   32|   0|   32|          0|
    |acc_1139_reg_16552                                                                                        |   32|   0|   32|          0|
    |acc_1140_reg_16542                                                                                        |   32|   0|   32|          0|
    |acc_1141_reg_16532                                                                                        |   32|   0|   32|          0|
    |acc_1142_reg_16522                                                                                        |   32|   0|   32|          0|
    |acc_1143_reg_16512                                                                                        |   32|   0|   32|          0|
    |acc_1144_reg_16502                                                                                        |   32|   0|   32|          0|
    |acc_1145_reg_16492                                                                                        |   32|   0|   32|          0|
    |acc_1146_reg_16482                                                                                        |   32|   0|   32|          0|
    |acc_1147_reg_16472                                                                                        |   32|   0|   32|          0|
    |acc_1148_reg_16462                                                                                        |   32|   0|   32|          0|
    |acc_1149_reg_16452                                                                                        |   32|   0|   32|          0|
    |acc_1150_reg_16442                                                                                        |   32|   0|   32|          0|
    |acc_1151_reg_16432                                                                                        |   32|   0|   32|          0|
    |acc_1152_reg_16422                                                                                        |   32|   0|   32|          0|
    |acc_1153_reg_16412                                                                                        |   32|   0|   32|          0|
    |acc_1154_reg_16402                                                                                        |   32|   0|   32|          0|
    |acc_1155_reg_16392                                                                                        |   32|   0|   32|          0|
    |acc_1156_reg_16382                                                                                        |   32|   0|   32|          0|
    |acc_1157_reg_16372                                                                                        |   32|   0|   32|          0|
    |acc_1158_reg_16362                                                                                        |   32|   0|   32|          0|
    |acc_1159_reg_16352                                                                                        |   32|   0|   32|          0|
    |acc_1160_reg_16342                                                                                        |   32|   0|   32|          0|
    |acc_1161_reg_16332                                                                                        |   32|   0|   32|          0|
    |acc_1162_reg_16322                                                                                        |   32|   0|   32|          0|
    |acc_1163_reg_16312                                                                                        |   32|   0|   32|          0|
    |acc_1164_reg_16302                                                                                        |   32|   0|   32|          0|
    |acc_1165_reg_16292                                                                                        |   32|   0|   32|          0|
    |acc_1166_reg_16282                                                                                        |   32|   0|   32|          0|
    |acc_1167_reg_16272                                                                                        |   32|   0|   32|          0|
    |acc_1168_reg_16262                                                                                        |   32|   0|   32|          0|
    |acc_1169_reg_16252                                                                                        |   32|   0|   32|          0|
    |acc_1170_reg_16242                                                                                        |   32|   0|   32|          0|
    |acc_1171_reg_16232                                                                                        |   32|   0|   32|          0|
    |acc_1172_reg_16222                                                                                        |   32|   0|   32|          0|
    |acc_1173_reg_16212                                                                                        |   32|   0|   32|          0|
    |acc_1174_reg_16202                                                                                        |   32|   0|   32|          0|
    |acc_1175_reg_16192                                                                                        |   32|   0|   32|          0|
    |acc_1176_reg_16182                                                                                        |   32|   0|   32|          0|
    |acc_1177_reg_16172                                                                                        |   32|   0|   32|          0|
    |acc_1178_reg_16162                                                                                        |   32|   0|   32|          0|
    |acc_1179_reg_16152                                                                                        |   32|   0|   32|          0|
    |acc_1180_reg_16142                                                                                        |   32|   0|   32|          0|
    |acc_1181_reg_16132                                                                                        |   32|   0|   32|          0|
    |acc_1182_reg_16122                                                                                        |   32|   0|   32|          0|
    |acc_1183_reg_16112                                                                                        |   32|   0|   32|          0|
    |acc_1184_reg_16102                                                                                        |   32|   0|   32|          0|
    |acc_1185_reg_16092                                                                                        |   32|   0|   32|          0|
    |acc_1186_reg_16082                                                                                        |   32|   0|   32|          0|
    |acc_1187_reg_16072                                                                                        |   32|   0|   32|          0|
    |acc_1188_reg_16062                                                                                        |   32|   0|   32|          0|
    |acc_1189_reg_16052                                                                                        |   32|   0|   32|          0|
    |acc_1190_reg_16042                                                                                        |   32|   0|   32|          0|
    |acc_1191_reg_16032                                                                                        |   32|   0|   32|          0|
    |acc_1192_reg_16022                                                                                        |   32|   0|   32|          0|
    |acc_1193_reg_16012                                                                                        |   32|   0|   32|          0|
    |acc_1194_reg_16002                                                                                        |   32|   0|   32|          0|
    |acc_1195_reg_15992                                                                                        |   32|   0|   32|          0|
    |acc_1196_reg_15982                                                                                        |   32|   0|   32|          0|
    |acc_1197_reg_15972                                                                                        |   32|   0|   32|          0|
    |acc_1198_reg_15962                                                                                        |   32|   0|   32|          0|
    |acc_1199_reg_15952                                                                                        |   32|   0|   32|          0|
    |acc_1200_reg_15942                                                                                        |   32|   0|   32|          0|
    |acc_1201_reg_15932                                                                                        |   32|   0|   32|          0|
    |acc_1202_reg_15922                                                                                        |   32|   0|   32|          0|
    |acc_1203_reg_15912                                                                                        |   32|   0|   32|          0|
    |acc_1204_reg_15902                                                                                        |   32|   0|   32|          0|
    |acc_1205_reg_15892                                                                                        |   32|   0|   32|          0|
    |acc_1206_reg_15882                                                                                        |   32|   0|   32|          0|
    |acc_1207_reg_15872                                                                                        |   32|   0|   32|          0|
    |acc_1208_reg_15862                                                                                        |   32|   0|   32|          0|
    |acc_1209_reg_15852                                                                                        |   32|   0|   32|          0|
    |acc_1210_reg_15842                                                                                        |   32|   0|   32|          0|
    |acc_1211_reg_15832                                                                                        |   32|   0|   32|          0|
    |acc_1212_reg_15822                                                                                        |   32|   0|   32|          0|
    |acc_1213_reg_15812                                                                                        |   32|   0|   32|          0|
    |acc_1214_reg_15802                                                                                        |   32|   0|   32|          0|
    |acc_1215_reg_15792                                                                                        |   32|   0|   32|          0|
    |acc_1216_reg_15782                                                                                        |   32|   0|   32|          0|
    |acc_1217_reg_15772                                                                                        |   32|   0|   32|          0|
    |acc_1218_reg_15762                                                                                        |   32|   0|   32|          0|
    |acc_1219_reg_15752                                                                                        |   32|   0|   32|          0|
    |acc_1220_reg_15742                                                                                        |   32|   0|   32|          0|
    |acc_1221_reg_15732                                                                                        |   32|   0|   32|          0|
    |acc_1222_reg_15722                                                                                        |   32|   0|   32|          0|
    |acc_1223_reg_15712                                                                                        |   32|   0|   32|          0|
    |acc_1224_reg_15702                                                                                        |   32|   0|   32|          0|
    |acc_1225_reg_15692                                                                                        |   32|   0|   32|          0|
    |acc_1226_reg_15682                                                                                        |   32|   0|   32|          0|
    |acc_1227_reg_15672                                                                                        |   32|   0|   32|          0|
    |acc_1228_reg_15662                                                                                        |   32|   0|   32|          0|
    |acc_1229_reg_15652                                                                                        |   32|   0|   32|          0|
    |acc_1230_reg_15642                                                                                        |   32|   0|   32|          0|
    |acc_1231_reg_15632                                                                                        |   32|   0|   32|          0|
    |acc_1232_reg_15622                                                                                        |   32|   0|   32|          0|
    |acc_1233_reg_15612                                                                                        |   32|   0|   32|          0|
    |acc_1234_reg_15602                                                                                        |   32|   0|   32|          0|
    |acc_1235_reg_15592                                                                                        |   32|   0|   32|          0|
    |acc_1236_reg_15582                                                                                        |   32|   0|   32|          0|
    |acc_1237_reg_15572                                                                                        |   32|   0|   32|          0|
    |acc_1238_reg_15562                                                                                        |   32|   0|   32|          0|
    |acc_1239_reg_15552                                                                                        |   32|   0|   32|          0|
    |acc_1240_reg_15542                                                                                        |   32|   0|   32|          0|
    |acc_1241_reg_15532                                                                                        |   32|   0|   32|          0|
    |acc_1242_reg_15522                                                                                        |   32|   0|   32|          0|
    |acc_1243_reg_15512                                                                                        |   32|   0|   32|          0|
    |acc_1244_reg_15502                                                                                        |   32|   0|   32|          0|
    |acc_1245_reg_15492                                                                                        |   32|   0|   32|          0|
    |acc_1246_reg_15482                                                                                        |   32|   0|   32|          0|
    |acc_1247_reg_15472                                                                                        |   32|   0|   32|          0|
    |acc_1248_reg_15462                                                                                        |   32|   0|   32|          0|
    |acc_1249_reg_15452                                                                                        |   32|   0|   32|          0|
    |acc_1250_reg_15442                                                                                        |   32|   0|   32|          0|
    |acc_1251_reg_15432                                                                                        |   32|   0|   32|          0|
    |acc_1252_reg_15422                                                                                        |   32|   0|   32|          0|
    |acc_1253_reg_15412                                                                                        |   32|   0|   32|          0|
    |acc_1254_reg_15402                                                                                        |   32|   0|   32|          0|
    |acc_1255_reg_15392                                                                                        |   32|   0|   32|          0|
    |acc_1256_reg_15382                                                                                        |   32|   0|   32|          0|
    |acc_1257_reg_15372                                                                                        |   32|   0|   32|          0|
    |acc_1258_reg_15362                                                                                        |   32|   0|   32|          0|
    |acc_1259_reg_15352                                                                                        |   32|   0|   32|          0|
    |acc_1260_reg_15342                                                                                        |   32|   0|   32|          0|
    |acc_1261_reg_15332                                                                                        |   32|   0|   32|          0|
    |acc_1262_reg_15322                                                                                        |   32|   0|   32|          0|
    |acc_1263_reg_15312                                                                                        |   32|   0|   32|          0|
    |acc_1264_reg_15302                                                                                        |   32|   0|   32|          0|
    |acc_1265_reg_15292                                                                                        |   32|   0|   32|          0|
    |acc_1266_reg_15282                                                                                        |   32|   0|   32|          0|
    |acc_1267_reg_15272                                                                                        |   32|   0|   32|          0|
    |acc_1268_reg_15262                                                                                        |   32|   0|   32|          0|
    |acc_1269_reg_15252                                                                                        |   32|   0|   32|          0|
    |acc_1270_reg_15242                                                                                        |   32|   0|   32|          0|
    |acc_1271_reg_15232                                                                                        |   32|   0|   32|          0|
    |acc_1272_reg_15222                                                                                        |   32|   0|   32|          0|
    |acc_1273_reg_15212                                                                                        |   32|   0|   32|          0|
    |acc_1274_reg_15202                                                                                        |   32|   0|   32|          0|
    |acc_1275_reg_15192                                                                                        |   32|   0|   32|          0|
    |acc_1276_reg_15182                                                                                        |   32|   0|   32|          0|
    |acc_1277_reg_15172                                                                                        |   32|   0|   32|          0|
    |acc_1278_reg_15162                                                                                        |   32|   0|   32|          0|
    |acc_1279_reg_15152                                                                                        |   32|   0|   32|          0|
    |acc_1280_reg_15142                                                                                        |   32|   0|   32|          0|
    |acc_1281_reg_15132                                                                                        |   32|   0|   32|          0|
    |acc_1282_reg_15122                                                                                        |   32|   0|   32|          0|
    |acc_1283_reg_15112                                                                                        |   32|   0|   32|          0|
    |acc_1284_reg_15102                                                                                        |   32|   0|   32|          0|
    |acc_1285_reg_15092                                                                                        |   32|   0|   32|          0|
    |acc_1286_reg_15082                                                                                        |   32|   0|   32|          0|
    |acc_1287_reg_15072                                                                                        |   32|   0|   32|          0|
    |acc_1288_reg_15062                                                                                        |   32|   0|   32|          0|
    |acc_1289_reg_15052                                                                                        |   32|   0|   32|          0|
    |acc_1290_reg_15042                                                                                        |   32|   0|   32|          0|
    |acc_1291_reg_15032                                                                                        |   32|   0|   32|          0|
    |acc_1292_reg_15022                                                                                        |   32|   0|   32|          0|
    |acc_1293_reg_15012                                                                                        |   32|   0|   32|          0|
    |acc_1294_reg_15002                                                                                        |   32|   0|   32|          0|
    |acc_1295_reg_14992                                                                                        |   32|   0|   32|          0|
    |acc_1296_reg_14982                                                                                        |   32|   0|   32|          0|
    |acc_1297_reg_14972                                                                                        |   32|   0|   32|          0|
    |acc_1298_reg_14962                                                                                        |   32|   0|   32|          0|
    |acc_1299_reg_14952                                                                                        |   32|   0|   32|          0|
    |acc_1300_reg_14942                                                                                        |   32|   0|   32|          0|
    |acc_1301_reg_14932                                                                                        |   32|   0|   32|          0|
    |acc_1302_reg_14922                                                                                        |   32|   0|   32|          0|
    |acc_1303_reg_14912                                                                                        |   32|   0|   32|          0|
    |acc_1304_reg_14902                                                                                        |   32|   0|   32|          0|
    |acc_1305_reg_14892                                                                                        |   32|   0|   32|          0|
    |acc_1306_reg_14882                                                                                        |   32|   0|   32|          0|
    |acc_1307_reg_14872                                                                                        |   32|   0|   32|          0|
    |acc_1308_reg_14862                                                                                        |   32|   0|   32|          0|
    |acc_1309_reg_14852                                                                                        |   32|   0|   32|          0|
    |acc_1310_reg_14842                                                                                        |   32|   0|   32|          0|
    |acc_1311_reg_14832                                                                                        |   32|   0|   32|          0|
    |acc_1312_reg_14822                                                                                        |   32|   0|   32|          0|
    |acc_1313_reg_14812                                                                                        |   32|   0|   32|          0|
    |acc_1314_reg_14802                                                                                        |   32|   0|   32|          0|
    |acc_1315_reg_14792                                                                                        |   32|   0|   32|          0|
    |acc_1316_reg_14782                                                                                        |   32|   0|   32|          0|
    |acc_1317_reg_14772                                                                                        |   32|   0|   32|          0|
    |acc_1318_reg_14762                                                                                        |   32|   0|   32|          0|
    |acc_1319_reg_14752                                                                                        |   32|   0|   32|          0|
    |acc_1320_reg_14742                                                                                        |   32|   0|   32|          0|
    |acc_1321_reg_14732                                                                                        |   32|   0|   32|          0|
    |acc_1322_reg_14722                                                                                        |   32|   0|   32|          0|
    |acc_1323_reg_14712                                                                                        |   32|   0|   32|          0|
    |acc_1324_reg_14702                                                                                        |   32|   0|   32|          0|
    |acc_1325_reg_14692                                                                                        |   32|   0|   32|          0|
    |acc_1326_reg_14682                                                                                        |   32|   0|   32|          0|
    |acc_1327_reg_14672                                                                                        |   32|   0|   32|          0|
    |acc_1328_reg_14662                                                                                        |   32|   0|   32|          0|
    |acc_1329_reg_14652                                                                                        |   32|   0|   32|          0|
    |acc_1330_reg_14642                                                                                        |   32|   0|   32|          0|
    |acc_1331_reg_14632                                                                                        |   32|   0|   32|          0|
    |acc_1332_reg_14622                                                                                        |   32|   0|   32|          0|
    |acc_1333_reg_14612                                                                                        |   32|   0|   32|          0|
    |acc_1334_reg_14602                                                                                        |   32|   0|   32|          0|
    |acc_1335_reg_14592                                                                                        |   32|   0|   32|          0|
    |acc_1336_reg_14582                                                                                        |   32|   0|   32|          0|
    |acc_1337_reg_14572                                                                                        |   32|   0|   32|          0|
    |acc_1338_reg_14562                                                                                        |   32|   0|   32|          0|
    |acc_1339_reg_14552                                                                                        |   32|   0|   32|          0|
    |acc_1340_reg_14542                                                                                        |   32|   0|   32|          0|
    |acc_1341_reg_14532                                                                                        |   32|   0|   32|          0|
    |acc_1342_reg_14522                                                                                        |   32|   0|   32|          0|
    |acc_1343_reg_14512                                                                                        |   32|   0|   32|          0|
    |acc_1344_reg_14502                                                                                        |   32|   0|   32|          0|
    |acc_1345_reg_14492                                                                                        |   32|   0|   32|          0|
    |acc_1346_reg_14482                                                                                        |   32|   0|   32|          0|
    |acc_1347_reg_14472                                                                                        |   32|   0|   32|          0|
    |acc_1348_reg_14462                                                                                        |   32|   0|   32|          0|
    |acc_1349_reg_14452                                                                                        |   32|   0|   32|          0|
    |acc_1350_reg_14442                                                                                        |   32|   0|   32|          0|
    |acc_1351_reg_14432                                                                                        |   32|   0|   32|          0|
    |acc_1352_reg_14422                                                                                        |   32|   0|   32|          0|
    |acc_1353_reg_14412                                                                                        |   32|   0|   32|          0|
    |acc_1354_reg_14402                                                                                        |   32|   0|   32|          0|
    |acc_1355_reg_14392                                                                                        |   32|   0|   32|          0|
    |acc_1356_reg_14382                                                                                        |   32|   0|   32|          0|
    |acc_1357_reg_14372                                                                                        |   32|   0|   32|          0|
    |acc_1358_reg_14362                                                                                        |   32|   0|   32|          0|
    |acc_1359_reg_14352                                                                                        |   32|   0|   32|          0|
    |acc_1360_reg_14342                                                                                        |   32|   0|   32|          0|
    |acc_1361_reg_14332                                                                                        |   32|   0|   32|          0|
    |acc_1362_reg_14322                                                                                        |   32|   0|   32|          0|
    |acc_1363_reg_14312                                                                                        |   32|   0|   32|          0|
    |acc_1364_reg_14302                                                                                        |   32|   0|   32|          0|
    |acc_1365_reg_14292                                                                                        |   32|   0|   32|          0|
    |acc_1366_reg_14282                                                                                        |   32|   0|   32|          0|
    |acc_1367_reg_14272                                                                                        |   32|   0|   32|          0|
    |acc_1368_reg_14262                                                                                        |   32|   0|   32|          0|
    |acc_1369_reg_14252                                                                                        |   32|   0|   32|          0|
    |acc_1370_reg_14242                                                                                        |   32|   0|   32|          0|
    |acc_1371_reg_14232                                                                                        |   32|   0|   32|          0|
    |acc_1372_reg_14222                                                                                        |   32|   0|   32|          0|
    |acc_1373_reg_14212                                                                                        |   32|   0|   32|          0|
    |acc_1374_reg_14202                                                                                        |   32|   0|   32|          0|
    |acc_1375_reg_14192                                                                                        |   32|   0|   32|          0|
    |acc_1376_reg_14182                                                                                        |   32|   0|   32|          0|
    |acc_1377_reg_14172                                                                                        |   32|   0|   32|          0|
    |acc_1378_reg_14162                                                                                        |   32|   0|   32|          0|
    |acc_1379_reg_14152                                                                                        |   32|   0|   32|          0|
    |acc_1380_reg_14142                                                                                        |   32|   0|   32|          0|
    |acc_1381_reg_14132                                                                                        |   32|   0|   32|          0|
    |acc_1382_reg_14122                                                                                        |   32|   0|   32|          0|
    |acc_1383_reg_14112                                                                                        |   32|   0|   32|          0|
    |acc_1384_reg_14102                                                                                        |   32|   0|   32|          0|
    |acc_1385_reg_14092                                                                                        |   32|   0|   32|          0|
    |acc_1386_reg_14082                                                                                        |   32|   0|   32|          0|
    |acc_1387_reg_14072                                                                                        |   32|   0|   32|          0|
    |acc_1388_reg_14062                                                                                        |   32|   0|   32|          0|
    |acc_1389_reg_14052                                                                                        |   32|   0|   32|          0|
    |acc_1390_reg_14042                                                                                        |   32|   0|   32|          0|
    |acc_1391_reg_14032                                                                                        |   32|   0|   32|          0|
    |acc_1392_reg_14022                                                                                        |   32|   0|   32|          0|
    |acc_1393_reg_14012                                                                                        |   32|   0|   32|          0|
    |acc_1394_reg_14002                                                                                        |   32|   0|   32|          0|
    |acc_1395_reg_13992                                                                                        |   32|   0|   32|          0|
    |acc_1396_reg_13982                                                                                        |   32|   0|   32|          0|
    |acc_1397_reg_13972                                                                                        |   32|   0|   32|          0|
    |acc_1398_reg_13962                                                                                        |   32|   0|   32|          0|
    |acc_1399_reg_13952                                                                                        |   32|   0|   32|          0|
    |acc_1400_reg_13942                                                                                        |   32|   0|   32|          0|
    |acc_1401_reg_13932                                                                                        |   32|   0|   32|          0|
    |acc_1402_reg_13922                                                                                        |   32|   0|   32|          0|
    |acc_1403_reg_13912                                                                                        |   32|   0|   32|          0|
    |acc_1404_reg_13902                                                                                        |   32|   0|   32|          0|
    |acc_1405_reg_13892                                                                                        |   32|   0|   32|          0|
    |acc_1406_reg_13882                                                                                        |   32|   0|   32|          0|
    |acc_1407_reg_13872                                                                                        |   32|   0|   32|          0|
    |acc_1408_reg_13862                                                                                        |   32|   0|   32|          0|
    |acc_1409_reg_13852                                                                                        |   32|   0|   32|          0|
    |acc_1410_reg_13842                                                                                        |   32|   0|   32|          0|
    |acc_1411_reg_13832                                                                                        |   32|   0|   32|          0|
    |acc_1412_reg_13822                                                                                        |   32|   0|   32|          0|
    |acc_1413_reg_13812                                                                                        |   32|   0|   32|          0|
    |acc_1414_reg_13802                                                                                        |   32|   0|   32|          0|
    |acc_1415_reg_13792                                                                                        |   32|   0|   32|          0|
    |acc_1416_reg_13782                                                                                        |   32|   0|   32|          0|
    |acc_1417_reg_13772                                                                                        |   32|   0|   32|          0|
    |acc_1418_reg_13762                                                                                        |   32|   0|   32|          0|
    |acc_1419_reg_13752                                                                                        |   32|   0|   32|          0|
    |acc_1420_reg_13742                                                                                        |   32|   0|   32|          0|
    |acc_1421_reg_13732                                                                                        |   32|   0|   32|          0|
    |acc_1422_reg_13722                                                                                        |   32|   0|   32|          0|
    |acc_1423_reg_13712                                                                                        |   32|   0|   32|          0|
    |acc_1424_reg_13702                                                                                        |   32|   0|   32|          0|
    |acc_1425_reg_13692                                                                                        |   32|   0|   32|          0|
    |acc_1426_reg_13682                                                                                        |   32|   0|   32|          0|
    |acc_1427_reg_13672                                                                                        |   32|   0|   32|          0|
    |acc_1428_reg_13662                                                                                        |   32|   0|   32|          0|
    |acc_1429_reg_13652                                                                                        |   32|   0|   32|          0|
    |acc_1430_reg_13642                                                                                        |   32|   0|   32|          0|
    |acc_1431_reg_13632                                                                                        |   32|   0|   32|          0|
    |acc_1432_reg_13622                                                                                        |   32|   0|   32|          0|
    |acc_1433_reg_13612                                                                                        |   32|   0|   32|          0|
    |acc_1434_reg_13602                                                                                        |   32|   0|   32|          0|
    |acc_1435_reg_13592                                                                                        |   32|   0|   32|          0|
    |acc_1436_reg_13582                                                                                        |   32|   0|   32|          0|
    |acc_1437_reg_13572                                                                                        |   32|   0|   32|          0|
    |acc_1438_reg_13562                                                                                        |   32|   0|   32|          0|
    |acc_1439_reg_13552                                                                                        |   32|   0|   32|          0|
    |acc_1440_reg_13542                                                                                        |   32|   0|   32|          0|
    |acc_1441_reg_13532                                                                                        |   32|   0|   32|          0|
    |acc_1442_reg_13522                                                                                        |   32|   0|   32|          0|
    |acc_1443_reg_13512                                                                                        |   32|   0|   32|          0|
    |acc_1444_reg_13502                                                                                        |   32|   0|   32|          0|
    |acc_1445_reg_13492                                                                                        |   32|   0|   32|          0|
    |acc_1446_reg_13482                                                                                        |   32|   0|   32|          0|
    |acc_1447_reg_13472                                                                                        |   32|   0|   32|          0|
    |acc_1448_reg_13462                                                                                        |   32|   0|   32|          0|
    |acc_1449_reg_13452                                                                                        |   32|   0|   32|          0|
    |acc_1450_reg_13442                                                                                        |   32|   0|   32|          0|
    |acc_1451_reg_13432                                                                                        |   32|   0|   32|          0|
    |acc_1452_reg_13422                                                                                        |   32|   0|   32|          0|
    |acc_1453_reg_13412                                                                                        |   32|   0|   32|          0|
    |acc_1454_reg_13402                                                                                        |   32|   0|   32|          0|
    |acc_1455_reg_13392                                                                                        |   32|   0|   32|          0|
    |acc_1456_reg_13382                                                                                        |   32|   0|   32|          0|
    |acc_1457_reg_13372                                                                                        |   32|   0|   32|          0|
    |acc_1458_reg_13362                                                                                        |   32|   0|   32|          0|
    |acc_1459_reg_13352                                                                                        |   32|   0|   32|          0|
    |acc_1460_reg_13342                                                                                        |   32|   0|   32|          0|
    |acc_1461_reg_13332                                                                                        |   32|   0|   32|          0|
    |acc_1462_reg_13322                                                                                        |   32|   0|   32|          0|
    |acc_1463_reg_13312                                                                                        |   32|   0|   32|          0|
    |acc_1464_reg_13302                                                                                        |   32|   0|   32|          0|
    |acc_1465_reg_13292                                                                                        |   32|   0|   32|          0|
    |acc_1466_reg_13282                                                                                        |   32|   0|   32|          0|
    |acc_1467_reg_13272                                                                                        |   32|   0|   32|          0|
    |acc_1468_reg_13262                                                                                        |   32|   0|   32|          0|
    |acc_1469_reg_13252                                                                                        |   32|   0|   32|          0|
    |acc_1470_reg_13242                                                                                        |   32|   0|   32|          0|
    |acc_1471_reg_13232                                                                                        |   32|   0|   32|          0|
    |acc_1472_reg_13222                                                                                        |   32|   0|   32|          0|
    |acc_1473_reg_13212                                                                                        |   32|   0|   32|          0|
    |acc_1474_reg_13202                                                                                        |   32|   0|   32|          0|
    |acc_1475_reg_13192                                                                                        |   32|   0|   32|          0|
    |acc_1476_reg_13182                                                                                        |   32|   0|   32|          0|
    |acc_1477_reg_13172                                                                                        |   32|   0|   32|          0|
    |acc_1478_reg_13162                                                                                        |   32|   0|   32|          0|
    |acc_1479_reg_13152                                                                                        |   32|   0|   32|          0|
    |acc_1480_reg_13142                                                                                        |   32|   0|   32|          0|
    |acc_1481_reg_13132                                                                                        |   32|   0|   32|          0|
    |acc_1482_reg_13122                                                                                        |   32|   0|   32|          0|
    |acc_1483_reg_13112                                                                                        |   32|   0|   32|          0|
    |acc_1484_reg_13102                                                                                        |   32|   0|   32|          0|
    |acc_1485_reg_13092                                                                                        |   32|   0|   32|          0|
    |acc_1486_reg_13082                                                                                        |   32|   0|   32|          0|
    |acc_1487_reg_13072                                                                                        |   32|   0|   32|          0|
    |acc_1488_reg_13062                                                                                        |   32|   0|   32|          0|
    |acc_1489_reg_13052                                                                                        |   32|   0|   32|          0|
    |acc_1490_reg_13042                                                                                        |   32|   0|   32|          0|
    |acc_1491_reg_13032                                                                                        |   32|   0|   32|          0|
    |acc_1492_reg_13022                                                                                        |   32|   0|   32|          0|
    |acc_1493_reg_13012                                                                                        |   32|   0|   32|          0|
    |acc_1494_reg_13002                                                                                        |   32|   0|   32|          0|
    |acc_1495_reg_12992                                                                                        |   32|   0|   32|          0|
    |acc_1496_reg_12982                                                                                        |   32|   0|   32|          0|
    |acc_1497_reg_12972                                                                                        |   32|   0|   32|          0|
    |acc_1498_reg_12962                                                                                        |   32|   0|   32|          0|
    |acc_1499_reg_12952                                                                                        |   32|   0|   32|          0|
    |acc_1500_reg_12942                                                                                        |   32|   0|   32|          0|
    |acc_1501_reg_12932                                                                                        |   32|   0|   32|          0|
    |acc_1502_reg_12922                                                                                        |   32|   0|   32|          0|
    |acc_1503_reg_12912                                                                                        |   32|   0|   32|          0|
    |acc_1504_reg_12902                                                                                        |   32|   0|   32|          0|
    |acc_1505_reg_12892                                                                                        |   32|   0|   32|          0|
    |acc_1506_reg_12882                                                                                        |   32|   0|   32|          0|
    |acc_1507_reg_12872                                                                                        |   32|   0|   32|          0|
    |acc_1508_reg_12862                                                                                        |   32|   0|   32|          0|
    |acc_1509_reg_12852                                                                                        |   32|   0|   32|          0|
    |acc_1510_reg_12842                                                                                        |   32|   0|   32|          0|
    |acc_1511_reg_12832                                                                                        |   32|   0|   32|          0|
    |acc_1512_reg_12822                                                                                        |   32|   0|   32|          0|
    |acc_1513_reg_12812                                                                                        |   32|   0|   32|          0|
    |acc_1514_reg_12802                                                                                        |   32|   0|   32|          0|
    |acc_1515_reg_12792                                                                                        |   32|   0|   32|          0|
    |acc_1516_reg_12782                                                                                        |   32|   0|   32|          0|
    |acc_1517_reg_12772                                                                                        |   32|   0|   32|          0|
    |acc_1518_reg_12762                                                                                        |   32|   0|   32|          0|
    |acc_1519_reg_12752                                                                                        |   32|   0|   32|          0|
    |acc_1520_reg_12742                                                                                        |   32|   0|   32|          0|
    |acc_1521_reg_12732                                                                                        |   32|   0|   32|          0|
    |acc_1522_reg_12722                                                                                        |   32|   0|   32|          0|
    |acc_1523_reg_12712                                                                                        |   32|   0|   32|          0|
    |acc_1524_reg_12702                                                                                        |   32|   0|   32|          0|
    |acc_1525_reg_12692                                                                                        |   32|   0|   32|          0|
    |acc_1526_reg_12682                                                                                        |   32|   0|   32|          0|
    |acc_1527_reg_12672                                                                                        |   32|   0|   32|          0|
    |acc_1528_reg_12662                                                                                        |   32|   0|   32|          0|
    |acc_1529_reg_12652                                                                                        |   32|   0|   32|          0|
    |acc_1530_reg_12642                                                                                        |   32|   0|   32|          0|
    |acc_1531_reg_12632                                                                                        |   32|   0|   32|          0|
    |acc_1532_reg_12622                                                                                        |   32|   0|   32|          0|
    |acc_1533_reg_12612                                                                                        |   32|   0|   32|          0|
    |acc_1534_reg_12602                                                                                        |   32|   0|   32|          0|
    |acc_1535_reg_12592                                                                                        |   32|   0|   32|          0|
    |acc_512_fu_6904                                                                                           |   32|   0|   32|          0|
    |acc_512_load_reg_61398                                                                                    |   32|   0|   32|          0|
    |acc_513_fu_6908                                                                                           |   32|   0|   32|          0|
    |acc_513_load_reg_61403                                                                                    |   32|   0|   32|          0|
    |acc_514_fu_6912                                                                                           |   32|   0|   32|          0|
    |acc_514_load_reg_61408                                                                                    |   32|   0|   32|          0|
    |acc_515_fu_6916                                                                                           |   32|   0|   32|          0|
    |acc_515_load_reg_61413                                                                                    |   32|   0|   32|          0|
    |acc_516_fu_6920                                                                                           |   32|   0|   32|          0|
    |acc_516_load_reg_61418                                                                                    |   32|   0|   32|          0|
    |acc_517_fu_6924                                                                                           |   32|   0|   32|          0|
    |acc_517_load_reg_61423                                                                                    |   32|   0|   32|          0|
    |acc_518_fu_6928                                                                                           |   32|   0|   32|          0|
    |acc_518_load_reg_61428                                                                                    |   32|   0|   32|          0|
    |acc_519_fu_6932                                                                                           |   32|   0|   32|          0|
    |acc_519_load_reg_61433                                                                                    |   32|   0|   32|          0|
    |acc_520_fu_6936                                                                                           |   32|   0|   32|          0|
    |acc_520_load_reg_61438                                                                                    |   32|   0|   32|          0|
    |acc_521_fu_6940                                                                                           |   32|   0|   32|          0|
    |acc_521_load_reg_61443                                                                                    |   32|   0|   32|          0|
    |acc_522_fu_6944                                                                                           |   32|   0|   32|          0|
    |acc_522_load_reg_61448                                                                                    |   32|   0|   32|          0|
    |acc_523_fu_6948                                                                                           |   32|   0|   32|          0|
    |acc_523_load_reg_61453                                                                                    |   32|   0|   32|          0|
    |acc_524_fu_6952                                                                                           |   32|   0|   32|          0|
    |acc_524_load_reg_61458                                                                                    |   32|   0|   32|          0|
    |acc_525_fu_6956                                                                                           |   32|   0|   32|          0|
    |acc_525_load_reg_61463                                                                                    |   32|   0|   32|          0|
    |acc_526_fu_6960                                                                                           |   32|   0|   32|          0|
    |acc_526_load_reg_61468                                                                                    |   32|   0|   32|          0|
    |acc_527_fu_6964                                                                                           |   32|   0|   32|          0|
    |acc_527_load_reg_61473                                                                                    |   32|   0|   32|          0|
    |acc_528_fu_6968                                                                                           |   32|   0|   32|          0|
    |acc_528_load_reg_61478                                                                                    |   32|   0|   32|          0|
    |acc_529_fu_6972                                                                                           |   32|   0|   32|          0|
    |acc_529_load_reg_61483                                                                                    |   32|   0|   32|          0|
    |acc_530_fu_6976                                                                                           |   32|   0|   32|          0|
    |acc_530_load_reg_61488                                                                                    |   32|   0|   32|          0|
    |acc_531_fu_6980                                                                                           |   32|   0|   32|          0|
    |acc_531_load_reg_61493                                                                                    |   32|   0|   32|          0|
    |acc_532_fu_6984                                                                                           |   32|   0|   32|          0|
    |acc_532_load_reg_61498                                                                                    |   32|   0|   32|          0|
    |acc_533_fu_6988                                                                                           |   32|   0|   32|          0|
    |acc_533_load_reg_61503                                                                                    |   32|   0|   32|          0|
    |acc_534_fu_6992                                                                                           |   32|   0|   32|          0|
    |acc_534_load_reg_61508                                                                                    |   32|   0|   32|          0|
    |acc_535_fu_6996                                                                                           |   32|   0|   32|          0|
    |acc_535_load_reg_61513                                                                                    |   32|   0|   32|          0|
    |acc_536_fu_7000                                                                                           |   32|   0|   32|          0|
    |acc_536_load_reg_61518                                                                                    |   32|   0|   32|          0|
    |acc_537_fu_7004                                                                                           |   32|   0|   32|          0|
    |acc_537_load_reg_61523                                                                                    |   32|   0|   32|          0|
    |acc_538_fu_7008                                                                                           |   32|   0|   32|          0|
    |acc_538_load_reg_61528                                                                                    |   32|   0|   32|          0|
    |acc_539_fu_7012                                                                                           |   32|   0|   32|          0|
    |acc_539_load_reg_61533                                                                                    |   32|   0|   32|          0|
    |acc_540_fu_7016                                                                                           |   32|   0|   32|          0|
    |acc_540_load_reg_61538                                                                                    |   32|   0|   32|          0|
    |acc_541_fu_7020                                                                                           |   32|   0|   32|          0|
    |acc_541_load_reg_61543                                                                                    |   32|   0|   32|          0|
    |acc_542_fu_7024                                                                                           |   32|   0|   32|          0|
    |acc_542_load_reg_61548                                                                                    |   32|   0|   32|          0|
    |acc_543_fu_7028                                                                                           |   32|   0|   32|          0|
    |acc_543_load_reg_61553                                                                                    |   32|   0|   32|          0|
    |acc_544_fu_7032                                                                                           |   32|   0|   32|          0|
    |acc_544_load_reg_61558                                                                                    |   32|   0|   32|          0|
    |acc_545_fu_7036                                                                                           |   32|   0|   32|          0|
    |acc_545_load_reg_61563                                                                                    |   32|   0|   32|          0|
    |acc_546_fu_7040                                                                                           |   32|   0|   32|          0|
    |acc_546_load_reg_61568                                                                                    |   32|   0|   32|          0|
    |acc_547_fu_7044                                                                                           |   32|   0|   32|          0|
    |acc_547_load_reg_61573                                                                                    |   32|   0|   32|          0|
    |acc_548_fu_7048                                                                                           |   32|   0|   32|          0|
    |acc_548_load_reg_61578                                                                                    |   32|   0|   32|          0|
    |acc_549_fu_7052                                                                                           |   32|   0|   32|          0|
    |acc_549_load_reg_61583                                                                                    |   32|   0|   32|          0|
    |acc_550_fu_7056                                                                                           |   32|   0|   32|          0|
    |acc_550_load_reg_61588                                                                                    |   32|   0|   32|          0|
    |acc_551_fu_7060                                                                                           |   32|   0|   32|          0|
    |acc_551_load_reg_61593                                                                                    |   32|   0|   32|          0|
    |acc_552_fu_7064                                                                                           |   32|   0|   32|          0|
    |acc_552_load_reg_61598                                                                                    |   32|   0|   32|          0|
    |acc_553_fu_7068                                                                                           |   32|   0|   32|          0|
    |acc_553_load_reg_61603                                                                                    |   32|   0|   32|          0|
    |acc_554_fu_7072                                                                                           |   32|   0|   32|          0|
    |acc_554_load_reg_61608                                                                                    |   32|   0|   32|          0|
    |acc_555_fu_7076                                                                                           |   32|   0|   32|          0|
    |acc_555_load_reg_61613                                                                                    |   32|   0|   32|          0|
    |acc_556_fu_7080                                                                                           |   32|   0|   32|          0|
    |acc_556_load_reg_61618                                                                                    |   32|   0|   32|          0|
    |acc_557_fu_7084                                                                                           |   32|   0|   32|          0|
    |acc_557_load_reg_61623                                                                                    |   32|   0|   32|          0|
    |acc_558_fu_7088                                                                                           |   32|   0|   32|          0|
    |acc_558_load_reg_61628                                                                                    |   32|   0|   32|          0|
    |acc_559_fu_7092                                                                                           |   32|   0|   32|          0|
    |acc_559_load_reg_61633                                                                                    |   32|   0|   32|          0|
    |acc_560_fu_7096                                                                                           |   32|   0|   32|          0|
    |acc_560_load_reg_61638                                                                                    |   32|   0|   32|          0|
    |acc_561_fu_7100                                                                                           |   32|   0|   32|          0|
    |acc_561_load_reg_61643                                                                                    |   32|   0|   32|          0|
    |acc_562_fu_7104                                                                                           |   32|   0|   32|          0|
    |acc_562_load_reg_61648                                                                                    |   32|   0|   32|          0|
    |acc_563_fu_7108                                                                                           |   32|   0|   32|          0|
    |acc_563_load_reg_61653                                                                                    |   32|   0|   32|          0|
    |acc_564_fu_7112                                                                                           |   32|   0|   32|          0|
    |acc_564_load_reg_61658                                                                                    |   32|   0|   32|          0|
    |acc_565_fu_7116                                                                                           |   32|   0|   32|          0|
    |acc_565_load_reg_61663                                                                                    |   32|   0|   32|          0|
    |acc_566_fu_7120                                                                                           |   32|   0|   32|          0|
    |acc_566_load_reg_61668                                                                                    |   32|   0|   32|          0|
    |acc_567_fu_7124                                                                                           |   32|   0|   32|          0|
    |acc_567_load_reg_61673                                                                                    |   32|   0|   32|          0|
    |acc_568_fu_7128                                                                                           |   32|   0|   32|          0|
    |acc_568_load_reg_61678                                                                                    |   32|   0|   32|          0|
    |acc_569_fu_7132                                                                                           |   32|   0|   32|          0|
    |acc_569_load_reg_61683                                                                                    |   32|   0|   32|          0|
    |acc_570_fu_7136                                                                                           |   32|   0|   32|          0|
    |acc_570_load_reg_61688                                                                                    |   32|   0|   32|          0|
    |acc_571_fu_7140                                                                                           |   32|   0|   32|          0|
    |acc_571_load_reg_61693                                                                                    |   32|   0|   32|          0|
    |acc_572_fu_7144                                                                                           |   32|   0|   32|          0|
    |acc_572_load_reg_61698                                                                                    |   32|   0|   32|          0|
    |acc_573_fu_7148                                                                                           |   32|   0|   32|          0|
    |acc_573_load_reg_61703                                                                                    |   32|   0|   32|          0|
    |acc_574_fu_7152                                                                                           |   32|   0|   32|          0|
    |acc_574_load_reg_61708                                                                                    |   32|   0|   32|          0|
    |acc_575_fu_7156                                                                                           |   32|   0|   32|          0|
    |acc_575_load_reg_61713                                                                                    |   32|   0|   32|          0|
    |acc_576_fu_7160                                                                                           |   32|   0|   32|          0|
    |acc_576_load_reg_61718                                                                                    |   32|   0|   32|          0|
    |acc_577_fu_7164                                                                                           |   32|   0|   32|          0|
    |acc_577_load_reg_61723                                                                                    |   32|   0|   32|          0|
    |acc_578_fu_7168                                                                                           |   32|   0|   32|          0|
    |acc_578_load_reg_61728                                                                                    |   32|   0|   32|          0|
    |acc_579_fu_7172                                                                                           |   32|   0|   32|          0|
    |acc_579_load_reg_61733                                                                                    |   32|   0|   32|          0|
    |acc_580_fu_7176                                                                                           |   32|   0|   32|          0|
    |acc_580_load_reg_61738                                                                                    |   32|   0|   32|          0|
    |acc_581_fu_7180                                                                                           |   32|   0|   32|          0|
    |acc_581_load_reg_61743                                                                                    |   32|   0|   32|          0|
    |acc_582_fu_7184                                                                                           |   32|   0|   32|          0|
    |acc_582_load_reg_61748                                                                                    |   32|   0|   32|          0|
    |acc_583_fu_7188                                                                                           |   32|   0|   32|          0|
    |acc_583_load_reg_61753                                                                                    |   32|   0|   32|          0|
    |acc_584_fu_7192                                                                                           |   32|   0|   32|          0|
    |acc_584_load_reg_61758                                                                                    |   32|   0|   32|          0|
    |acc_585_fu_7196                                                                                           |   32|   0|   32|          0|
    |acc_585_load_reg_61763                                                                                    |   32|   0|   32|          0|
    |acc_586_fu_7200                                                                                           |   32|   0|   32|          0|
    |acc_586_load_reg_61768                                                                                    |   32|   0|   32|          0|
    |acc_587_fu_7204                                                                                           |   32|   0|   32|          0|
    |acc_587_load_reg_61773                                                                                    |   32|   0|   32|          0|
    |acc_588_fu_7208                                                                                           |   32|   0|   32|          0|
    |acc_588_load_reg_61778                                                                                    |   32|   0|   32|          0|
    |acc_589_fu_7212                                                                                           |   32|   0|   32|          0|
    |acc_589_load_reg_61783                                                                                    |   32|   0|   32|          0|
    |acc_590_fu_7216                                                                                           |   32|   0|   32|          0|
    |acc_590_load_reg_61788                                                                                    |   32|   0|   32|          0|
    |acc_591_fu_7220                                                                                           |   32|   0|   32|          0|
    |acc_591_load_reg_61793                                                                                    |   32|   0|   32|          0|
    |acc_592_fu_7224                                                                                           |   32|   0|   32|          0|
    |acc_592_load_reg_61798                                                                                    |   32|   0|   32|          0|
    |acc_593_fu_7228                                                                                           |   32|   0|   32|          0|
    |acc_593_load_reg_61803                                                                                    |   32|   0|   32|          0|
    |acc_594_fu_7232                                                                                           |   32|   0|   32|          0|
    |acc_594_load_reg_61808                                                                                    |   32|   0|   32|          0|
    |acc_595_fu_7236                                                                                           |   32|   0|   32|          0|
    |acc_595_load_reg_61813                                                                                    |   32|   0|   32|          0|
    |acc_596_fu_7240                                                                                           |   32|   0|   32|          0|
    |acc_596_load_reg_61818                                                                                    |   32|   0|   32|          0|
    |acc_597_fu_7244                                                                                           |   32|   0|   32|          0|
    |acc_597_load_reg_61823                                                                                    |   32|   0|   32|          0|
    |acc_598_fu_7248                                                                                           |   32|   0|   32|          0|
    |acc_598_load_reg_61828                                                                                    |   32|   0|   32|          0|
    |acc_599_fu_7252                                                                                           |   32|   0|   32|          0|
    |acc_599_load_reg_61833                                                                                    |   32|   0|   32|          0|
    |acc_600_fu_7256                                                                                           |   32|   0|   32|          0|
    |acc_600_load_reg_61838                                                                                    |   32|   0|   32|          0|
    |acc_601_fu_7260                                                                                           |   32|   0|   32|          0|
    |acc_601_load_reg_61843                                                                                    |   32|   0|   32|          0|
    |acc_602_fu_7264                                                                                           |   32|   0|   32|          0|
    |acc_602_load_reg_61848                                                                                    |   32|   0|   32|          0|
    |acc_603_fu_7268                                                                                           |   32|   0|   32|          0|
    |acc_603_load_reg_61853                                                                                    |   32|   0|   32|          0|
    |acc_604_fu_7272                                                                                           |   32|   0|   32|          0|
    |acc_604_load_reg_61858                                                                                    |   32|   0|   32|          0|
    |acc_605_fu_7276                                                                                           |   32|   0|   32|          0|
    |acc_605_load_reg_61863                                                                                    |   32|   0|   32|          0|
    |acc_606_fu_7280                                                                                           |   32|   0|   32|          0|
    |acc_606_load_reg_61868                                                                                    |   32|   0|   32|          0|
    |acc_607_fu_7284                                                                                           |   32|   0|   32|          0|
    |acc_607_load_reg_61873                                                                                    |   32|   0|   32|          0|
    |acc_608_fu_7288                                                                                           |   32|   0|   32|          0|
    |acc_608_load_reg_61878                                                                                    |   32|   0|   32|          0|
    |acc_609_fu_7292                                                                                           |   32|   0|   32|          0|
    |acc_609_load_reg_61883                                                                                    |   32|   0|   32|          0|
    |acc_610_fu_7296                                                                                           |   32|   0|   32|          0|
    |acc_610_load_reg_61888                                                                                    |   32|   0|   32|          0|
    |acc_611_fu_7300                                                                                           |   32|   0|   32|          0|
    |acc_611_load_reg_61893                                                                                    |   32|   0|   32|          0|
    |acc_612_fu_7304                                                                                           |   32|   0|   32|          0|
    |acc_612_load_reg_61898                                                                                    |   32|   0|   32|          0|
    |acc_613_fu_7308                                                                                           |   32|   0|   32|          0|
    |acc_613_load_reg_61903                                                                                    |   32|   0|   32|          0|
    |acc_614_fu_7312                                                                                           |   32|   0|   32|          0|
    |acc_614_load_reg_61908                                                                                    |   32|   0|   32|          0|
    |acc_615_fu_7316                                                                                           |   32|   0|   32|          0|
    |acc_615_load_reg_61913                                                                                    |   32|   0|   32|          0|
    |acc_616_fu_7320                                                                                           |   32|   0|   32|          0|
    |acc_616_load_reg_61918                                                                                    |   32|   0|   32|          0|
    |acc_617_fu_7324                                                                                           |   32|   0|   32|          0|
    |acc_617_load_reg_61923                                                                                    |   32|   0|   32|          0|
    |acc_618_fu_7328                                                                                           |   32|   0|   32|          0|
    |acc_618_load_reg_61928                                                                                    |   32|   0|   32|          0|
    |acc_619_fu_7332                                                                                           |   32|   0|   32|          0|
    |acc_619_load_reg_61933                                                                                    |   32|   0|   32|          0|
    |acc_620_fu_7336                                                                                           |   32|   0|   32|          0|
    |acc_620_load_reg_61938                                                                                    |   32|   0|   32|          0|
    |acc_621_fu_7340                                                                                           |   32|   0|   32|          0|
    |acc_621_load_reg_61943                                                                                    |   32|   0|   32|          0|
    |acc_622_fu_7344                                                                                           |   32|   0|   32|          0|
    |acc_622_load_reg_61948                                                                                    |   32|   0|   32|          0|
    |acc_623_fu_7348                                                                                           |   32|   0|   32|          0|
    |acc_623_load_reg_61953                                                                                    |   32|   0|   32|          0|
    |acc_624_fu_7352                                                                                           |   32|   0|   32|          0|
    |acc_624_load_reg_61958                                                                                    |   32|   0|   32|          0|
    |acc_625_fu_7356                                                                                           |   32|   0|   32|          0|
    |acc_625_load_reg_61963                                                                                    |   32|   0|   32|          0|
    |acc_626_fu_7360                                                                                           |   32|   0|   32|          0|
    |acc_626_load_reg_61968                                                                                    |   32|   0|   32|          0|
    |acc_627_fu_7364                                                                                           |   32|   0|   32|          0|
    |acc_627_load_reg_61973                                                                                    |   32|   0|   32|          0|
    |acc_628_fu_7368                                                                                           |   32|   0|   32|          0|
    |acc_628_load_reg_61978                                                                                    |   32|   0|   32|          0|
    |acc_629_fu_7372                                                                                           |   32|   0|   32|          0|
    |acc_629_load_reg_61983                                                                                    |   32|   0|   32|          0|
    |acc_630_fu_7376                                                                                           |   32|   0|   32|          0|
    |acc_630_load_reg_61988                                                                                    |   32|   0|   32|          0|
    |acc_631_fu_7380                                                                                           |   32|   0|   32|          0|
    |acc_631_load_reg_61993                                                                                    |   32|   0|   32|          0|
    |acc_632_fu_7384                                                                                           |   32|   0|   32|          0|
    |acc_632_load_reg_61998                                                                                    |   32|   0|   32|          0|
    |acc_633_fu_7388                                                                                           |   32|   0|   32|          0|
    |acc_633_load_reg_62003                                                                                    |   32|   0|   32|          0|
    |acc_634_fu_7392                                                                                           |   32|   0|   32|          0|
    |acc_634_load_reg_62008                                                                                    |   32|   0|   32|          0|
    |acc_635_fu_7396                                                                                           |   32|   0|   32|          0|
    |acc_635_load_reg_62013                                                                                    |   32|   0|   32|          0|
    |acc_636_fu_7400                                                                                           |   32|   0|   32|          0|
    |acc_636_load_reg_62018                                                                                    |   32|   0|   32|          0|
    |acc_637_fu_7404                                                                                           |   32|   0|   32|          0|
    |acc_637_load_reg_62023                                                                                    |   32|   0|   32|          0|
    |acc_638_fu_7408                                                                                           |   32|   0|   32|          0|
    |acc_638_load_reg_62028                                                                                    |   32|   0|   32|          0|
    |acc_639_fu_7412                                                                                           |   32|   0|   32|          0|
    |acc_639_load_reg_62033                                                                                    |   32|   0|   32|          0|
    |acc_640_fu_7416                                                                                           |   32|   0|   32|          0|
    |acc_640_load_reg_62038                                                                                    |   32|   0|   32|          0|
    |acc_641_fu_7420                                                                                           |   32|   0|   32|          0|
    |acc_641_load_reg_62043                                                                                    |   32|   0|   32|          0|
    |acc_642_fu_7424                                                                                           |   32|   0|   32|          0|
    |acc_642_load_reg_62048                                                                                    |   32|   0|   32|          0|
    |acc_643_fu_7428                                                                                           |   32|   0|   32|          0|
    |acc_643_load_reg_62053                                                                                    |   32|   0|   32|          0|
    |acc_644_fu_7432                                                                                           |   32|   0|   32|          0|
    |acc_644_load_reg_62058                                                                                    |   32|   0|   32|          0|
    |acc_645_fu_7436                                                                                           |   32|   0|   32|          0|
    |acc_645_load_reg_62063                                                                                    |   32|   0|   32|          0|
    |acc_646_fu_7440                                                                                           |   32|   0|   32|          0|
    |acc_646_load_reg_62068                                                                                    |   32|   0|   32|          0|
    |acc_647_fu_7444                                                                                           |   32|   0|   32|          0|
    |acc_647_load_reg_62073                                                                                    |   32|   0|   32|          0|
    |acc_648_fu_7448                                                                                           |   32|   0|   32|          0|
    |acc_648_load_reg_62078                                                                                    |   32|   0|   32|          0|
    |acc_649_fu_7452                                                                                           |   32|   0|   32|          0|
    |acc_649_load_reg_62083                                                                                    |   32|   0|   32|          0|
    |acc_650_fu_7456                                                                                           |   32|   0|   32|          0|
    |acc_650_load_reg_62088                                                                                    |   32|   0|   32|          0|
    |acc_651_fu_7460                                                                                           |   32|   0|   32|          0|
    |acc_651_load_reg_62093                                                                                    |   32|   0|   32|          0|
    |acc_652_fu_7464                                                                                           |   32|   0|   32|          0|
    |acc_652_load_reg_62098                                                                                    |   32|   0|   32|          0|
    |acc_653_fu_7468                                                                                           |   32|   0|   32|          0|
    |acc_653_load_reg_62103                                                                                    |   32|   0|   32|          0|
    |acc_654_fu_7472                                                                                           |   32|   0|   32|          0|
    |acc_654_load_reg_62108                                                                                    |   32|   0|   32|          0|
    |acc_655_fu_7476                                                                                           |   32|   0|   32|          0|
    |acc_655_load_reg_62113                                                                                    |   32|   0|   32|          0|
    |acc_656_fu_7480                                                                                           |   32|   0|   32|          0|
    |acc_656_load_reg_62118                                                                                    |   32|   0|   32|          0|
    |acc_657_fu_7484                                                                                           |   32|   0|   32|          0|
    |acc_657_load_reg_62123                                                                                    |   32|   0|   32|          0|
    |acc_658_fu_7488                                                                                           |   32|   0|   32|          0|
    |acc_658_load_reg_62128                                                                                    |   32|   0|   32|          0|
    |acc_659_fu_7492                                                                                           |   32|   0|   32|          0|
    |acc_659_load_reg_62133                                                                                    |   32|   0|   32|          0|
    |acc_660_fu_7496                                                                                           |   32|   0|   32|          0|
    |acc_660_load_reg_62138                                                                                    |   32|   0|   32|          0|
    |acc_661_fu_7500                                                                                           |   32|   0|   32|          0|
    |acc_661_load_reg_62143                                                                                    |   32|   0|   32|          0|
    |acc_662_fu_7504                                                                                           |   32|   0|   32|          0|
    |acc_662_load_reg_62148                                                                                    |   32|   0|   32|          0|
    |acc_663_fu_7508                                                                                           |   32|   0|   32|          0|
    |acc_663_load_reg_62153                                                                                    |   32|   0|   32|          0|
    |acc_664_fu_7512                                                                                           |   32|   0|   32|          0|
    |acc_664_load_reg_62158                                                                                    |   32|   0|   32|          0|
    |acc_665_fu_7516                                                                                           |   32|   0|   32|          0|
    |acc_665_load_reg_62163                                                                                    |   32|   0|   32|          0|
    |acc_666_fu_7520                                                                                           |   32|   0|   32|          0|
    |acc_666_load_reg_62168                                                                                    |   32|   0|   32|          0|
    |acc_667_fu_7524                                                                                           |   32|   0|   32|          0|
    |acc_667_load_reg_62173                                                                                    |   32|   0|   32|          0|
    |acc_668_fu_7528                                                                                           |   32|   0|   32|          0|
    |acc_668_load_reg_62178                                                                                    |   32|   0|   32|          0|
    |acc_669_fu_7532                                                                                           |   32|   0|   32|          0|
    |acc_669_load_reg_62183                                                                                    |   32|   0|   32|          0|
    |acc_670_fu_7536                                                                                           |   32|   0|   32|          0|
    |acc_670_load_reg_62188                                                                                    |   32|   0|   32|          0|
    |acc_671_fu_7540                                                                                           |   32|   0|   32|          0|
    |acc_671_load_reg_62193                                                                                    |   32|   0|   32|          0|
    |acc_672_fu_7544                                                                                           |   32|   0|   32|          0|
    |acc_672_load_reg_62198                                                                                    |   32|   0|   32|          0|
    |acc_673_fu_7548                                                                                           |   32|   0|   32|          0|
    |acc_673_load_reg_62203                                                                                    |   32|   0|   32|          0|
    |acc_674_fu_7552                                                                                           |   32|   0|   32|          0|
    |acc_674_load_reg_62208                                                                                    |   32|   0|   32|          0|
    |acc_675_fu_7556                                                                                           |   32|   0|   32|          0|
    |acc_675_load_reg_62213                                                                                    |   32|   0|   32|          0|
    |acc_676_fu_7560                                                                                           |   32|   0|   32|          0|
    |acc_676_load_reg_62218                                                                                    |   32|   0|   32|          0|
    |acc_677_fu_7564                                                                                           |   32|   0|   32|          0|
    |acc_677_load_reg_62223                                                                                    |   32|   0|   32|          0|
    |acc_678_fu_7568                                                                                           |   32|   0|   32|          0|
    |acc_678_load_reg_62228                                                                                    |   32|   0|   32|          0|
    |acc_679_fu_7572                                                                                           |   32|   0|   32|          0|
    |acc_679_load_reg_62233                                                                                    |   32|   0|   32|          0|
    |acc_680_fu_7576                                                                                           |   32|   0|   32|          0|
    |acc_680_load_reg_62238                                                                                    |   32|   0|   32|          0|
    |acc_681_fu_7580                                                                                           |   32|   0|   32|          0|
    |acc_681_load_reg_62243                                                                                    |   32|   0|   32|          0|
    |acc_682_fu_7584                                                                                           |   32|   0|   32|          0|
    |acc_682_load_reg_62248                                                                                    |   32|   0|   32|          0|
    |acc_683_fu_7588                                                                                           |   32|   0|   32|          0|
    |acc_683_load_reg_62253                                                                                    |   32|   0|   32|          0|
    |acc_684_fu_7592                                                                                           |   32|   0|   32|          0|
    |acc_684_load_reg_62258                                                                                    |   32|   0|   32|          0|
    |acc_685_fu_7596                                                                                           |   32|   0|   32|          0|
    |acc_685_load_reg_62263                                                                                    |   32|   0|   32|          0|
    |acc_686_fu_7600                                                                                           |   32|   0|   32|          0|
    |acc_686_load_reg_62268                                                                                    |   32|   0|   32|          0|
    |acc_687_fu_7604                                                                                           |   32|   0|   32|          0|
    |acc_687_load_reg_62273                                                                                    |   32|   0|   32|          0|
    |acc_688_fu_7608                                                                                           |   32|   0|   32|          0|
    |acc_688_load_reg_62278                                                                                    |   32|   0|   32|          0|
    |acc_689_fu_7612                                                                                           |   32|   0|   32|          0|
    |acc_689_load_reg_62283                                                                                    |   32|   0|   32|          0|
    |acc_690_fu_7616                                                                                           |   32|   0|   32|          0|
    |acc_690_load_reg_62288                                                                                    |   32|   0|   32|          0|
    |acc_691_fu_7620                                                                                           |   32|   0|   32|          0|
    |acc_691_load_reg_62293                                                                                    |   32|   0|   32|          0|
    |acc_692_fu_7624                                                                                           |   32|   0|   32|          0|
    |acc_692_load_reg_62298                                                                                    |   32|   0|   32|          0|
    |acc_693_fu_7628                                                                                           |   32|   0|   32|          0|
    |acc_693_load_reg_62303                                                                                    |   32|   0|   32|          0|
    |acc_694_fu_7632                                                                                           |   32|   0|   32|          0|
    |acc_694_load_reg_62308                                                                                    |   32|   0|   32|          0|
    |acc_695_fu_7636                                                                                           |   32|   0|   32|          0|
    |acc_695_load_reg_62313                                                                                    |   32|   0|   32|          0|
    |acc_696_fu_7640                                                                                           |   32|   0|   32|          0|
    |acc_696_load_reg_62318                                                                                    |   32|   0|   32|          0|
    |acc_697_fu_7644                                                                                           |   32|   0|   32|          0|
    |acc_697_load_reg_62323                                                                                    |   32|   0|   32|          0|
    |acc_698_fu_7648                                                                                           |   32|   0|   32|          0|
    |acc_698_load_reg_62328                                                                                    |   32|   0|   32|          0|
    |acc_699_fu_7652                                                                                           |   32|   0|   32|          0|
    |acc_699_load_reg_62333                                                                                    |   32|   0|   32|          0|
    |acc_700_fu_7656                                                                                           |   32|   0|   32|          0|
    |acc_700_load_reg_62338                                                                                    |   32|   0|   32|          0|
    |acc_701_fu_7660                                                                                           |   32|   0|   32|          0|
    |acc_701_load_reg_62343                                                                                    |   32|   0|   32|          0|
    |acc_702_fu_7664                                                                                           |   32|   0|   32|          0|
    |acc_702_load_reg_62348                                                                                    |   32|   0|   32|          0|
    |acc_703_fu_7668                                                                                           |   32|   0|   32|          0|
    |acc_703_load_reg_62353                                                                                    |   32|   0|   32|          0|
    |acc_704_fu_7672                                                                                           |   32|   0|   32|          0|
    |acc_704_load_reg_62358                                                                                    |   32|   0|   32|          0|
    |acc_705_fu_7676                                                                                           |   32|   0|   32|          0|
    |acc_705_load_reg_62363                                                                                    |   32|   0|   32|          0|
    |acc_706_fu_7680                                                                                           |   32|   0|   32|          0|
    |acc_706_load_reg_62368                                                                                    |   32|   0|   32|          0|
    |acc_707_fu_7684                                                                                           |   32|   0|   32|          0|
    |acc_707_load_reg_62373                                                                                    |   32|   0|   32|          0|
    |acc_708_fu_7688                                                                                           |   32|   0|   32|          0|
    |acc_708_load_reg_62378                                                                                    |   32|   0|   32|          0|
    |acc_709_fu_7692                                                                                           |   32|   0|   32|          0|
    |acc_709_load_reg_62383                                                                                    |   32|   0|   32|          0|
    |acc_710_fu_7696                                                                                           |   32|   0|   32|          0|
    |acc_710_load_reg_62388                                                                                    |   32|   0|   32|          0|
    |acc_711_fu_7700                                                                                           |   32|   0|   32|          0|
    |acc_711_load_reg_62393                                                                                    |   32|   0|   32|          0|
    |acc_712_fu_7704                                                                                           |   32|   0|   32|          0|
    |acc_712_load_reg_62398                                                                                    |   32|   0|   32|          0|
    |acc_713_fu_7708                                                                                           |   32|   0|   32|          0|
    |acc_713_load_reg_62403                                                                                    |   32|   0|   32|          0|
    |acc_714_fu_7712                                                                                           |   32|   0|   32|          0|
    |acc_714_load_reg_62408                                                                                    |   32|   0|   32|          0|
    |acc_715_fu_7716                                                                                           |   32|   0|   32|          0|
    |acc_715_load_reg_62413                                                                                    |   32|   0|   32|          0|
    |acc_716_fu_7720                                                                                           |   32|   0|   32|          0|
    |acc_716_load_reg_62418                                                                                    |   32|   0|   32|          0|
    |acc_717_fu_7724                                                                                           |   32|   0|   32|          0|
    |acc_717_load_reg_62423                                                                                    |   32|   0|   32|          0|
    |acc_718_fu_7728                                                                                           |   32|   0|   32|          0|
    |acc_718_load_reg_62428                                                                                    |   32|   0|   32|          0|
    |acc_719_fu_7732                                                                                           |   32|   0|   32|          0|
    |acc_719_load_reg_62433                                                                                    |   32|   0|   32|          0|
    |acc_720_fu_7736                                                                                           |   32|   0|   32|          0|
    |acc_720_load_reg_62438                                                                                    |   32|   0|   32|          0|
    |acc_721_fu_7740                                                                                           |   32|   0|   32|          0|
    |acc_721_load_reg_62443                                                                                    |   32|   0|   32|          0|
    |acc_722_fu_7744                                                                                           |   32|   0|   32|          0|
    |acc_722_load_reg_62448                                                                                    |   32|   0|   32|          0|
    |acc_723_fu_7748                                                                                           |   32|   0|   32|          0|
    |acc_723_load_reg_62453                                                                                    |   32|   0|   32|          0|
    |acc_724_fu_7752                                                                                           |   32|   0|   32|          0|
    |acc_724_load_reg_62458                                                                                    |   32|   0|   32|          0|
    |acc_725_fu_7756                                                                                           |   32|   0|   32|          0|
    |acc_725_load_reg_62463                                                                                    |   32|   0|   32|          0|
    |acc_726_fu_7760                                                                                           |   32|   0|   32|          0|
    |acc_726_load_reg_62468                                                                                    |   32|   0|   32|          0|
    |acc_727_fu_7764                                                                                           |   32|   0|   32|          0|
    |acc_727_load_reg_62473                                                                                    |   32|   0|   32|          0|
    |acc_728_fu_7768                                                                                           |   32|   0|   32|          0|
    |acc_728_load_reg_62478                                                                                    |   32|   0|   32|          0|
    |acc_729_fu_7772                                                                                           |   32|   0|   32|          0|
    |acc_729_load_reg_62483                                                                                    |   32|   0|   32|          0|
    |acc_730_fu_7776                                                                                           |   32|   0|   32|          0|
    |acc_730_load_reg_62488                                                                                    |   32|   0|   32|          0|
    |acc_731_fu_7780                                                                                           |   32|   0|   32|          0|
    |acc_731_load_reg_62493                                                                                    |   32|   0|   32|          0|
    |acc_732_fu_7784                                                                                           |   32|   0|   32|          0|
    |acc_732_load_reg_62498                                                                                    |   32|   0|   32|          0|
    |acc_733_fu_7788                                                                                           |   32|   0|   32|          0|
    |acc_733_load_reg_62503                                                                                    |   32|   0|   32|          0|
    |acc_734_fu_7792                                                                                           |   32|   0|   32|          0|
    |acc_734_load_reg_62508                                                                                    |   32|   0|   32|          0|
    |acc_735_fu_7796                                                                                           |   32|   0|   32|          0|
    |acc_735_load_reg_62513                                                                                    |   32|   0|   32|          0|
    |acc_736_fu_7800                                                                                           |   32|   0|   32|          0|
    |acc_736_load_reg_62518                                                                                    |   32|   0|   32|          0|
    |acc_737_fu_7804                                                                                           |   32|   0|   32|          0|
    |acc_737_load_reg_62523                                                                                    |   32|   0|   32|          0|
    |acc_738_fu_7808                                                                                           |   32|   0|   32|          0|
    |acc_738_load_reg_62528                                                                                    |   32|   0|   32|          0|
    |acc_739_fu_7812                                                                                           |   32|   0|   32|          0|
    |acc_739_load_reg_62533                                                                                    |   32|   0|   32|          0|
    |acc_740_fu_7816                                                                                           |   32|   0|   32|          0|
    |acc_740_load_reg_62538                                                                                    |   32|   0|   32|          0|
    |acc_741_fu_7820                                                                                           |   32|   0|   32|          0|
    |acc_741_load_reg_62543                                                                                    |   32|   0|   32|          0|
    |acc_742_fu_7824                                                                                           |   32|   0|   32|          0|
    |acc_742_load_reg_62548                                                                                    |   32|   0|   32|          0|
    |acc_743_fu_7828                                                                                           |   32|   0|   32|          0|
    |acc_743_load_reg_62553                                                                                    |   32|   0|   32|          0|
    |acc_744_fu_7832                                                                                           |   32|   0|   32|          0|
    |acc_744_load_reg_62558                                                                                    |   32|   0|   32|          0|
    |acc_745_fu_7836                                                                                           |   32|   0|   32|          0|
    |acc_745_load_reg_62563                                                                                    |   32|   0|   32|          0|
    |acc_746_fu_7840                                                                                           |   32|   0|   32|          0|
    |acc_746_load_reg_62568                                                                                    |   32|   0|   32|          0|
    |acc_747_fu_7844                                                                                           |   32|   0|   32|          0|
    |acc_747_load_reg_62573                                                                                    |   32|   0|   32|          0|
    |acc_748_fu_7848                                                                                           |   32|   0|   32|          0|
    |acc_748_load_reg_62578                                                                                    |   32|   0|   32|          0|
    |acc_749_fu_7852                                                                                           |   32|   0|   32|          0|
    |acc_749_load_reg_62583                                                                                    |   32|   0|   32|          0|
    |acc_750_fu_7856                                                                                           |   32|   0|   32|          0|
    |acc_750_load_reg_62588                                                                                    |   32|   0|   32|          0|
    |acc_751_fu_7860                                                                                           |   32|   0|   32|          0|
    |acc_751_load_reg_62593                                                                                    |   32|   0|   32|          0|
    |acc_752_fu_7864                                                                                           |   32|   0|   32|          0|
    |acc_752_load_reg_62598                                                                                    |   32|   0|   32|          0|
    |acc_753_fu_7868                                                                                           |   32|   0|   32|          0|
    |acc_753_load_reg_62603                                                                                    |   32|   0|   32|          0|
    |acc_754_fu_7872                                                                                           |   32|   0|   32|          0|
    |acc_754_load_reg_62608                                                                                    |   32|   0|   32|          0|
    |acc_755_fu_7876                                                                                           |   32|   0|   32|          0|
    |acc_755_load_reg_62613                                                                                    |   32|   0|   32|          0|
    |acc_756_fu_7880                                                                                           |   32|   0|   32|          0|
    |acc_756_load_reg_62618                                                                                    |   32|   0|   32|          0|
    |acc_757_fu_7884                                                                                           |   32|   0|   32|          0|
    |acc_757_load_reg_62623                                                                                    |   32|   0|   32|          0|
    |acc_758_fu_7888                                                                                           |   32|   0|   32|          0|
    |acc_758_load_reg_62628                                                                                    |   32|   0|   32|          0|
    |acc_759_fu_7892                                                                                           |   32|   0|   32|          0|
    |acc_759_load_reg_62633                                                                                    |   32|   0|   32|          0|
    |acc_760_fu_7896                                                                                           |   32|   0|   32|          0|
    |acc_760_load_reg_62638                                                                                    |   32|   0|   32|          0|
    |acc_761_fu_7900                                                                                           |   32|   0|   32|          0|
    |acc_761_load_reg_62643                                                                                    |   32|   0|   32|          0|
    |acc_762_fu_7904                                                                                           |   32|   0|   32|          0|
    |acc_762_load_reg_62648                                                                                    |   32|   0|   32|          0|
    |acc_763_fu_7908                                                                                           |   32|   0|   32|          0|
    |acc_763_load_reg_62653                                                                                    |   32|   0|   32|          0|
    |acc_764_fu_7912                                                                                           |   32|   0|   32|          0|
    |acc_764_load_reg_62658                                                                                    |   32|   0|   32|          0|
    |acc_765_fu_7916                                                                                           |   32|   0|   32|          0|
    |acc_765_load_reg_62663                                                                                    |   32|   0|   32|          0|
    |acc_766_fu_7920                                                                                           |   32|   0|   32|          0|
    |acc_766_load_reg_62668                                                                                    |   32|   0|   32|          0|
    |acc_767_fu_7924                                                                                           |   32|   0|   32|          0|
    |acc_767_load_reg_62673                                                                                    |   32|   0|   32|          0|
    |acc_768_fu_7928                                                                                           |   32|   0|   32|          0|
    |acc_768_load_reg_62678                                                                                    |   32|   0|   32|          0|
    |acc_769_fu_7932                                                                                           |   32|   0|   32|          0|
    |acc_769_load_reg_62683                                                                                    |   32|   0|   32|          0|
    |acc_770_fu_7936                                                                                           |   32|   0|   32|          0|
    |acc_770_load_reg_62688                                                                                    |   32|   0|   32|          0|
    |acc_771_fu_7940                                                                                           |   32|   0|   32|          0|
    |acc_771_load_reg_62693                                                                                    |   32|   0|   32|          0|
    |acc_772_fu_7944                                                                                           |   32|   0|   32|          0|
    |acc_772_load_reg_62698                                                                                    |   32|   0|   32|          0|
    |acc_773_fu_7948                                                                                           |   32|   0|   32|          0|
    |acc_773_load_reg_62703                                                                                    |   32|   0|   32|          0|
    |acc_774_fu_7952                                                                                           |   32|   0|   32|          0|
    |acc_774_load_reg_62708                                                                                    |   32|   0|   32|          0|
    |acc_775_fu_7956                                                                                           |   32|   0|   32|          0|
    |acc_775_load_reg_62713                                                                                    |   32|   0|   32|          0|
    |acc_776_fu_7960                                                                                           |   32|   0|   32|          0|
    |acc_776_load_reg_62718                                                                                    |   32|   0|   32|          0|
    |acc_777_fu_7964                                                                                           |   32|   0|   32|          0|
    |acc_777_load_reg_62723                                                                                    |   32|   0|   32|          0|
    |acc_778_fu_7968                                                                                           |   32|   0|   32|          0|
    |acc_778_load_reg_62728                                                                                    |   32|   0|   32|          0|
    |acc_779_fu_7972                                                                                           |   32|   0|   32|          0|
    |acc_779_load_reg_62733                                                                                    |   32|   0|   32|          0|
    |acc_780_fu_7976                                                                                           |   32|   0|   32|          0|
    |acc_780_load_reg_62738                                                                                    |   32|   0|   32|          0|
    |acc_781_fu_7980                                                                                           |   32|   0|   32|          0|
    |acc_781_load_reg_62743                                                                                    |   32|   0|   32|          0|
    |acc_782_fu_7984                                                                                           |   32|   0|   32|          0|
    |acc_782_load_reg_62748                                                                                    |   32|   0|   32|          0|
    |acc_783_fu_7988                                                                                           |   32|   0|   32|          0|
    |acc_783_load_reg_62753                                                                                    |   32|   0|   32|          0|
    |acc_784_fu_7992                                                                                           |   32|   0|   32|          0|
    |acc_784_load_reg_62758                                                                                    |   32|   0|   32|          0|
    |acc_785_fu_7996                                                                                           |   32|   0|   32|          0|
    |acc_785_load_reg_62763                                                                                    |   32|   0|   32|          0|
    |acc_786_fu_8000                                                                                           |   32|   0|   32|          0|
    |acc_786_load_reg_62768                                                                                    |   32|   0|   32|          0|
    |acc_787_fu_8004                                                                                           |   32|   0|   32|          0|
    |acc_787_load_reg_62773                                                                                    |   32|   0|   32|          0|
    |acc_788_fu_8008                                                                                           |   32|   0|   32|          0|
    |acc_788_load_reg_62778                                                                                    |   32|   0|   32|          0|
    |acc_789_fu_8012                                                                                           |   32|   0|   32|          0|
    |acc_789_load_reg_62783                                                                                    |   32|   0|   32|          0|
    |acc_790_fu_8016                                                                                           |   32|   0|   32|          0|
    |acc_790_load_reg_62788                                                                                    |   32|   0|   32|          0|
    |acc_791_fu_8020                                                                                           |   32|   0|   32|          0|
    |acc_791_load_reg_62793                                                                                    |   32|   0|   32|          0|
    |acc_792_fu_8024                                                                                           |   32|   0|   32|          0|
    |acc_792_load_reg_62798                                                                                    |   32|   0|   32|          0|
    |acc_793_fu_8028                                                                                           |   32|   0|   32|          0|
    |acc_793_load_reg_62803                                                                                    |   32|   0|   32|          0|
    |acc_794_fu_8032                                                                                           |   32|   0|   32|          0|
    |acc_794_load_reg_62808                                                                                    |   32|   0|   32|          0|
    |acc_795_fu_8036                                                                                           |   32|   0|   32|          0|
    |acc_795_load_reg_62813                                                                                    |   32|   0|   32|          0|
    |acc_796_fu_8040                                                                                           |   32|   0|   32|          0|
    |acc_796_load_reg_62818                                                                                    |   32|   0|   32|          0|
    |acc_797_fu_8044                                                                                           |   32|   0|   32|          0|
    |acc_797_load_reg_62823                                                                                    |   32|   0|   32|          0|
    |acc_798_fu_8048                                                                                           |   32|   0|   32|          0|
    |acc_798_load_reg_62828                                                                                    |   32|   0|   32|          0|
    |acc_799_fu_8052                                                                                           |   32|   0|   32|          0|
    |acc_799_load_reg_62833                                                                                    |   32|   0|   32|          0|
    |acc_800_fu_8056                                                                                           |   32|   0|   32|          0|
    |acc_800_load_reg_62838                                                                                    |   32|   0|   32|          0|
    |acc_801_fu_8060                                                                                           |   32|   0|   32|          0|
    |acc_801_load_reg_62843                                                                                    |   32|   0|   32|          0|
    |acc_802_fu_8064                                                                                           |   32|   0|   32|          0|
    |acc_802_load_reg_62848                                                                                    |   32|   0|   32|          0|
    |acc_803_fu_8068                                                                                           |   32|   0|   32|          0|
    |acc_803_load_reg_62853                                                                                    |   32|   0|   32|          0|
    |acc_804_fu_8072                                                                                           |   32|   0|   32|          0|
    |acc_804_load_reg_62858                                                                                    |   32|   0|   32|          0|
    |acc_805_fu_8076                                                                                           |   32|   0|   32|          0|
    |acc_805_load_reg_62863                                                                                    |   32|   0|   32|          0|
    |acc_806_fu_8080                                                                                           |   32|   0|   32|          0|
    |acc_806_load_reg_62868                                                                                    |   32|   0|   32|          0|
    |acc_807_fu_8084                                                                                           |   32|   0|   32|          0|
    |acc_807_load_reg_62873                                                                                    |   32|   0|   32|          0|
    |acc_808_fu_8088                                                                                           |   32|   0|   32|          0|
    |acc_808_load_reg_62878                                                                                    |   32|   0|   32|          0|
    |acc_809_fu_8092                                                                                           |   32|   0|   32|          0|
    |acc_809_load_reg_62883                                                                                    |   32|   0|   32|          0|
    |acc_810_fu_8096                                                                                           |   32|   0|   32|          0|
    |acc_810_load_reg_62888                                                                                    |   32|   0|   32|          0|
    |acc_811_fu_8100                                                                                           |   32|   0|   32|          0|
    |acc_811_load_reg_62893                                                                                    |   32|   0|   32|          0|
    |acc_812_fu_8104                                                                                           |   32|   0|   32|          0|
    |acc_812_load_reg_62898                                                                                    |   32|   0|   32|          0|
    |acc_813_fu_8108                                                                                           |   32|   0|   32|          0|
    |acc_813_load_reg_62903                                                                                    |   32|   0|   32|          0|
    |acc_814_fu_8112                                                                                           |   32|   0|   32|          0|
    |acc_814_load_reg_62908                                                                                    |   32|   0|   32|          0|
    |acc_815_fu_8116                                                                                           |   32|   0|   32|          0|
    |acc_815_load_reg_62913                                                                                    |   32|   0|   32|          0|
    |acc_816_fu_8120                                                                                           |   32|   0|   32|          0|
    |acc_816_load_reg_62918                                                                                    |   32|   0|   32|          0|
    |acc_817_fu_8124                                                                                           |   32|   0|   32|          0|
    |acc_817_load_reg_62923                                                                                    |   32|   0|   32|          0|
    |acc_818_fu_8128                                                                                           |   32|   0|   32|          0|
    |acc_818_load_reg_62928                                                                                    |   32|   0|   32|          0|
    |acc_819_fu_8132                                                                                           |   32|   0|   32|          0|
    |acc_819_load_reg_62933                                                                                    |   32|   0|   32|          0|
    |acc_820_fu_8136                                                                                           |   32|   0|   32|          0|
    |acc_820_load_reg_62938                                                                                    |   32|   0|   32|          0|
    |acc_821_fu_8140                                                                                           |   32|   0|   32|          0|
    |acc_821_load_reg_62943                                                                                    |   32|   0|   32|          0|
    |acc_822_fu_8144                                                                                           |   32|   0|   32|          0|
    |acc_822_load_reg_62948                                                                                    |   32|   0|   32|          0|
    |acc_823_fu_8148                                                                                           |   32|   0|   32|          0|
    |acc_823_load_reg_62953                                                                                    |   32|   0|   32|          0|
    |acc_824_fu_8152                                                                                           |   32|   0|   32|          0|
    |acc_824_load_reg_62958                                                                                    |   32|   0|   32|          0|
    |acc_825_fu_8156                                                                                           |   32|   0|   32|          0|
    |acc_825_load_reg_62963                                                                                    |   32|   0|   32|          0|
    |acc_826_fu_8160                                                                                           |   32|   0|   32|          0|
    |acc_826_load_reg_62968                                                                                    |   32|   0|   32|          0|
    |acc_827_fu_8164                                                                                           |   32|   0|   32|          0|
    |acc_827_load_reg_62973                                                                                    |   32|   0|   32|          0|
    |acc_828_fu_8168                                                                                           |   32|   0|   32|          0|
    |acc_828_load_reg_62978                                                                                    |   32|   0|   32|          0|
    |acc_829_fu_8172                                                                                           |   32|   0|   32|          0|
    |acc_829_load_reg_62983                                                                                    |   32|   0|   32|          0|
    |acc_830_fu_8176                                                                                           |   32|   0|   32|          0|
    |acc_830_load_reg_62988                                                                                    |   32|   0|   32|          0|
    |acc_831_fu_8180                                                                                           |   32|   0|   32|          0|
    |acc_831_load_reg_62993                                                                                    |   32|   0|   32|          0|
    |acc_832_fu_8184                                                                                           |   32|   0|   32|          0|
    |acc_832_load_reg_62998                                                                                    |   32|   0|   32|          0|
    |acc_833_fu_8188                                                                                           |   32|   0|   32|          0|
    |acc_833_load_reg_63003                                                                                    |   32|   0|   32|          0|
    |acc_834_fu_8192                                                                                           |   32|   0|   32|          0|
    |acc_834_load_reg_63008                                                                                    |   32|   0|   32|          0|
    |acc_835_fu_8196                                                                                           |   32|   0|   32|          0|
    |acc_835_load_reg_63013                                                                                    |   32|   0|   32|          0|
    |acc_836_fu_8200                                                                                           |   32|   0|   32|          0|
    |acc_836_load_reg_63018                                                                                    |   32|   0|   32|          0|
    |acc_837_fu_8204                                                                                           |   32|   0|   32|          0|
    |acc_837_load_reg_63023                                                                                    |   32|   0|   32|          0|
    |acc_838_fu_8208                                                                                           |   32|   0|   32|          0|
    |acc_838_load_reg_63028                                                                                    |   32|   0|   32|          0|
    |acc_839_fu_8212                                                                                           |   32|   0|   32|          0|
    |acc_839_load_reg_63033                                                                                    |   32|   0|   32|          0|
    |acc_840_fu_8216                                                                                           |   32|   0|   32|          0|
    |acc_840_load_reg_63038                                                                                    |   32|   0|   32|          0|
    |acc_841_fu_8220                                                                                           |   32|   0|   32|          0|
    |acc_841_load_reg_63043                                                                                    |   32|   0|   32|          0|
    |acc_842_fu_8224                                                                                           |   32|   0|   32|          0|
    |acc_842_load_reg_63048                                                                                    |   32|   0|   32|          0|
    |acc_843_fu_8228                                                                                           |   32|   0|   32|          0|
    |acc_843_load_reg_63053                                                                                    |   32|   0|   32|          0|
    |acc_844_fu_8232                                                                                           |   32|   0|   32|          0|
    |acc_844_load_reg_63058                                                                                    |   32|   0|   32|          0|
    |acc_845_fu_8236                                                                                           |   32|   0|   32|          0|
    |acc_845_load_reg_63063                                                                                    |   32|   0|   32|          0|
    |acc_846_fu_8240                                                                                           |   32|   0|   32|          0|
    |acc_846_load_reg_63068                                                                                    |   32|   0|   32|          0|
    |acc_847_fu_8244                                                                                           |   32|   0|   32|          0|
    |acc_847_load_reg_63073                                                                                    |   32|   0|   32|          0|
    |acc_848_fu_8248                                                                                           |   32|   0|   32|          0|
    |acc_848_load_reg_63078                                                                                    |   32|   0|   32|          0|
    |acc_849_fu_8252                                                                                           |   32|   0|   32|          0|
    |acc_849_load_reg_63083                                                                                    |   32|   0|   32|          0|
    |acc_850_fu_8256                                                                                           |   32|   0|   32|          0|
    |acc_850_load_reg_63088                                                                                    |   32|   0|   32|          0|
    |acc_851_fu_8260                                                                                           |   32|   0|   32|          0|
    |acc_851_load_reg_63093                                                                                    |   32|   0|   32|          0|
    |acc_852_fu_8264                                                                                           |   32|   0|   32|          0|
    |acc_852_load_reg_63098                                                                                    |   32|   0|   32|          0|
    |acc_853_fu_8268                                                                                           |   32|   0|   32|          0|
    |acc_853_load_reg_63103                                                                                    |   32|   0|   32|          0|
    |acc_854_fu_8272                                                                                           |   32|   0|   32|          0|
    |acc_854_load_reg_63108                                                                                    |   32|   0|   32|          0|
    |acc_855_fu_8276                                                                                           |   32|   0|   32|          0|
    |acc_855_load_reg_63113                                                                                    |   32|   0|   32|          0|
    |acc_856_fu_8280                                                                                           |   32|   0|   32|          0|
    |acc_856_load_reg_63118                                                                                    |   32|   0|   32|          0|
    |acc_857_fu_8284                                                                                           |   32|   0|   32|          0|
    |acc_857_load_reg_63123                                                                                    |   32|   0|   32|          0|
    |acc_858_fu_8288                                                                                           |   32|   0|   32|          0|
    |acc_858_load_reg_63128                                                                                    |   32|   0|   32|          0|
    |acc_859_fu_8292                                                                                           |   32|   0|   32|          0|
    |acc_859_load_reg_63133                                                                                    |   32|   0|   32|          0|
    |acc_860_fu_8296                                                                                           |   32|   0|   32|          0|
    |acc_860_load_reg_63138                                                                                    |   32|   0|   32|          0|
    |acc_861_fu_8300                                                                                           |   32|   0|   32|          0|
    |acc_861_load_reg_63143                                                                                    |   32|   0|   32|          0|
    |acc_862_fu_8304                                                                                           |   32|   0|   32|          0|
    |acc_862_load_reg_63148                                                                                    |   32|   0|   32|          0|
    |acc_863_fu_8308                                                                                           |   32|   0|   32|          0|
    |acc_863_load_reg_63153                                                                                    |   32|   0|   32|          0|
    |acc_864_fu_8312                                                                                           |   32|   0|   32|          0|
    |acc_864_load_reg_63158                                                                                    |   32|   0|   32|          0|
    |acc_865_fu_8316                                                                                           |   32|   0|   32|          0|
    |acc_865_load_reg_63163                                                                                    |   32|   0|   32|          0|
    |acc_866_fu_8320                                                                                           |   32|   0|   32|          0|
    |acc_866_load_reg_63168                                                                                    |   32|   0|   32|          0|
    |acc_867_fu_8324                                                                                           |   32|   0|   32|          0|
    |acc_867_load_reg_63173                                                                                    |   32|   0|   32|          0|
    |acc_868_fu_8328                                                                                           |   32|   0|   32|          0|
    |acc_868_load_reg_63178                                                                                    |   32|   0|   32|          0|
    |acc_869_fu_8332                                                                                           |   32|   0|   32|          0|
    |acc_869_load_reg_63183                                                                                    |   32|   0|   32|          0|
    |acc_870_fu_8336                                                                                           |   32|   0|   32|          0|
    |acc_870_load_reg_63188                                                                                    |   32|   0|   32|          0|
    |acc_871_fu_8340                                                                                           |   32|   0|   32|          0|
    |acc_871_load_reg_63193                                                                                    |   32|   0|   32|          0|
    |acc_872_fu_8344                                                                                           |   32|   0|   32|          0|
    |acc_872_load_reg_63198                                                                                    |   32|   0|   32|          0|
    |acc_873_fu_8348                                                                                           |   32|   0|   32|          0|
    |acc_873_load_reg_63203                                                                                    |   32|   0|   32|          0|
    |acc_874_fu_8352                                                                                           |   32|   0|   32|          0|
    |acc_874_load_reg_63208                                                                                    |   32|   0|   32|          0|
    |acc_875_fu_8356                                                                                           |   32|   0|   32|          0|
    |acc_875_load_reg_63213                                                                                    |   32|   0|   32|          0|
    |acc_876_fu_8360                                                                                           |   32|   0|   32|          0|
    |acc_876_load_reg_63218                                                                                    |   32|   0|   32|          0|
    |acc_877_fu_8364                                                                                           |   32|   0|   32|          0|
    |acc_877_load_reg_63223                                                                                    |   32|   0|   32|          0|
    |acc_878_fu_8368                                                                                           |   32|   0|   32|          0|
    |acc_878_load_reg_63228                                                                                    |   32|   0|   32|          0|
    |acc_879_fu_8372                                                                                           |   32|   0|   32|          0|
    |acc_879_load_reg_63233                                                                                    |   32|   0|   32|          0|
    |acc_880_fu_8376                                                                                           |   32|   0|   32|          0|
    |acc_880_load_reg_63238                                                                                    |   32|   0|   32|          0|
    |acc_881_fu_8380                                                                                           |   32|   0|   32|          0|
    |acc_881_load_reg_63243                                                                                    |   32|   0|   32|          0|
    |acc_882_fu_8384                                                                                           |   32|   0|   32|          0|
    |acc_882_load_reg_63248                                                                                    |   32|   0|   32|          0|
    |acc_883_fu_8388                                                                                           |   32|   0|   32|          0|
    |acc_883_load_reg_63253                                                                                    |   32|   0|   32|          0|
    |acc_884_fu_8392                                                                                           |   32|   0|   32|          0|
    |acc_884_load_reg_63258                                                                                    |   32|   0|   32|          0|
    |acc_885_fu_8396                                                                                           |   32|   0|   32|          0|
    |acc_885_load_reg_63263                                                                                    |   32|   0|   32|          0|
    |acc_886_fu_8400                                                                                           |   32|   0|   32|          0|
    |acc_886_load_reg_63268                                                                                    |   32|   0|   32|          0|
    |acc_887_fu_8404                                                                                           |   32|   0|   32|          0|
    |acc_887_load_reg_63273                                                                                    |   32|   0|   32|          0|
    |acc_888_fu_8408                                                                                           |   32|   0|   32|          0|
    |acc_888_load_reg_63278                                                                                    |   32|   0|   32|          0|
    |acc_889_fu_8412                                                                                           |   32|   0|   32|          0|
    |acc_889_load_reg_63283                                                                                    |   32|   0|   32|          0|
    |acc_890_fu_8416                                                                                           |   32|   0|   32|          0|
    |acc_890_load_reg_63288                                                                                    |   32|   0|   32|          0|
    |acc_891_fu_8420                                                                                           |   32|   0|   32|          0|
    |acc_891_load_reg_63293                                                                                    |   32|   0|   32|          0|
    |acc_892_fu_8424                                                                                           |   32|   0|   32|          0|
    |acc_892_load_reg_63298                                                                                    |   32|   0|   32|          0|
    |acc_893_fu_8428                                                                                           |   32|   0|   32|          0|
    |acc_893_load_reg_63303                                                                                    |   32|   0|   32|          0|
    |acc_894_fu_8432                                                                                           |   32|   0|   32|          0|
    |acc_894_load_reg_63308                                                                                    |   32|   0|   32|          0|
    |acc_895_fu_8436                                                                                           |   32|   0|   32|          0|
    |acc_895_load_reg_63313                                                                                    |   32|   0|   32|          0|
    |acc_896_fu_8440                                                                                           |   32|   0|   32|          0|
    |acc_896_load_reg_63318                                                                                    |   32|   0|   32|          0|
    |acc_897_fu_8444                                                                                           |   32|   0|   32|          0|
    |acc_897_load_reg_63323                                                                                    |   32|   0|   32|          0|
    |acc_898_fu_8448                                                                                           |   32|   0|   32|          0|
    |acc_898_load_reg_63328                                                                                    |   32|   0|   32|          0|
    |acc_899_fu_8452                                                                                           |   32|   0|   32|          0|
    |acc_899_load_reg_63333                                                                                    |   32|   0|   32|          0|
    |acc_900_fu_8456                                                                                           |   32|   0|   32|          0|
    |acc_900_load_reg_63338                                                                                    |   32|   0|   32|          0|
    |acc_901_fu_8460                                                                                           |   32|   0|   32|          0|
    |acc_901_load_reg_63343                                                                                    |   32|   0|   32|          0|
    |acc_902_fu_8464                                                                                           |   32|   0|   32|          0|
    |acc_902_load_reg_63348                                                                                    |   32|   0|   32|          0|
    |acc_903_fu_8468                                                                                           |   32|   0|   32|          0|
    |acc_903_load_reg_63353                                                                                    |   32|   0|   32|          0|
    |acc_904_fu_8472                                                                                           |   32|   0|   32|          0|
    |acc_904_load_reg_63358                                                                                    |   32|   0|   32|          0|
    |acc_905_fu_8476                                                                                           |   32|   0|   32|          0|
    |acc_905_load_reg_63363                                                                                    |   32|   0|   32|          0|
    |acc_906_fu_8480                                                                                           |   32|   0|   32|          0|
    |acc_906_load_reg_63368                                                                                    |   32|   0|   32|          0|
    |acc_907_fu_8484                                                                                           |   32|   0|   32|          0|
    |acc_907_load_reg_63373                                                                                    |   32|   0|   32|          0|
    |acc_908_fu_8488                                                                                           |   32|   0|   32|          0|
    |acc_908_load_reg_63378                                                                                    |   32|   0|   32|          0|
    |acc_909_fu_8492                                                                                           |   32|   0|   32|          0|
    |acc_909_load_reg_63383                                                                                    |   32|   0|   32|          0|
    |acc_910_fu_8496                                                                                           |   32|   0|   32|          0|
    |acc_910_load_reg_63388                                                                                    |   32|   0|   32|          0|
    |acc_911_fu_8500                                                                                           |   32|   0|   32|          0|
    |acc_911_load_reg_63393                                                                                    |   32|   0|   32|          0|
    |acc_912_fu_8504                                                                                           |   32|   0|   32|          0|
    |acc_912_load_reg_63398                                                                                    |   32|   0|   32|          0|
    |acc_913_fu_8508                                                                                           |   32|   0|   32|          0|
    |acc_913_load_reg_63403                                                                                    |   32|   0|   32|          0|
    |acc_914_fu_8512                                                                                           |   32|   0|   32|          0|
    |acc_914_load_reg_63408                                                                                    |   32|   0|   32|          0|
    |acc_915_fu_8516                                                                                           |   32|   0|   32|          0|
    |acc_915_load_reg_63413                                                                                    |   32|   0|   32|          0|
    |acc_916_fu_8520                                                                                           |   32|   0|   32|          0|
    |acc_916_load_reg_63418                                                                                    |   32|   0|   32|          0|
    |acc_917_fu_8524                                                                                           |   32|   0|   32|          0|
    |acc_917_load_reg_63423                                                                                    |   32|   0|   32|          0|
    |acc_918_fu_8528                                                                                           |   32|   0|   32|          0|
    |acc_918_load_reg_63428                                                                                    |   32|   0|   32|          0|
    |acc_919_fu_8532                                                                                           |   32|   0|   32|          0|
    |acc_919_load_reg_63433                                                                                    |   32|   0|   32|          0|
    |acc_920_fu_8536                                                                                           |   32|   0|   32|          0|
    |acc_920_load_reg_63438                                                                                    |   32|   0|   32|          0|
    |acc_921_fu_8540                                                                                           |   32|   0|   32|          0|
    |acc_921_load_reg_63443                                                                                    |   32|   0|   32|          0|
    |acc_922_fu_8544                                                                                           |   32|   0|   32|          0|
    |acc_922_load_reg_63448                                                                                    |   32|   0|   32|          0|
    |acc_923_fu_8548                                                                                           |   32|   0|   32|          0|
    |acc_923_load_reg_63453                                                                                    |   32|   0|   32|          0|
    |acc_924_fu_8552                                                                                           |   32|   0|   32|          0|
    |acc_924_load_reg_63458                                                                                    |   32|   0|   32|          0|
    |acc_925_fu_8556                                                                                           |   32|   0|   32|          0|
    |acc_925_load_reg_63463                                                                                    |   32|   0|   32|          0|
    |acc_926_fu_8560                                                                                           |   32|   0|   32|          0|
    |acc_926_load_reg_63468                                                                                    |   32|   0|   32|          0|
    |acc_927_fu_8564                                                                                           |   32|   0|   32|          0|
    |acc_927_load_reg_63473                                                                                    |   32|   0|   32|          0|
    |acc_928_fu_8568                                                                                           |   32|   0|   32|          0|
    |acc_928_load_reg_63478                                                                                    |   32|   0|   32|          0|
    |acc_929_fu_8572                                                                                           |   32|   0|   32|          0|
    |acc_929_load_reg_63483                                                                                    |   32|   0|   32|          0|
    |acc_930_fu_8576                                                                                           |   32|   0|   32|          0|
    |acc_930_load_reg_63488                                                                                    |   32|   0|   32|          0|
    |acc_931_fu_8580                                                                                           |   32|   0|   32|          0|
    |acc_931_load_reg_63493                                                                                    |   32|   0|   32|          0|
    |acc_932_fu_8584                                                                                           |   32|   0|   32|          0|
    |acc_932_load_reg_63498                                                                                    |   32|   0|   32|          0|
    |acc_933_fu_8588                                                                                           |   32|   0|   32|          0|
    |acc_933_load_reg_63503                                                                                    |   32|   0|   32|          0|
    |acc_934_fu_8592                                                                                           |   32|   0|   32|          0|
    |acc_934_load_reg_63508                                                                                    |   32|   0|   32|          0|
    |acc_935_fu_8596                                                                                           |   32|   0|   32|          0|
    |acc_935_load_reg_63513                                                                                    |   32|   0|   32|          0|
    |acc_936_fu_8600                                                                                           |   32|   0|   32|          0|
    |acc_936_load_reg_63518                                                                                    |   32|   0|   32|          0|
    |acc_937_fu_8604                                                                                           |   32|   0|   32|          0|
    |acc_937_load_reg_63523                                                                                    |   32|   0|   32|          0|
    |acc_938_fu_8608                                                                                           |   32|   0|   32|          0|
    |acc_938_load_reg_63528                                                                                    |   32|   0|   32|          0|
    |acc_939_fu_8612                                                                                           |   32|   0|   32|          0|
    |acc_939_load_reg_63533                                                                                    |   32|   0|   32|          0|
    |acc_940_fu_8616                                                                                           |   32|   0|   32|          0|
    |acc_940_load_reg_63538                                                                                    |   32|   0|   32|          0|
    |acc_941_fu_8620                                                                                           |   32|   0|   32|          0|
    |acc_941_load_reg_63543                                                                                    |   32|   0|   32|          0|
    |acc_942_fu_8624                                                                                           |   32|   0|   32|          0|
    |acc_942_load_reg_63548                                                                                    |   32|   0|   32|          0|
    |acc_943_fu_8628                                                                                           |   32|   0|   32|          0|
    |acc_943_load_reg_63553                                                                                    |   32|   0|   32|          0|
    |acc_944_fu_8632                                                                                           |   32|   0|   32|          0|
    |acc_944_load_reg_63558                                                                                    |   32|   0|   32|          0|
    |acc_945_fu_8636                                                                                           |   32|   0|   32|          0|
    |acc_945_load_reg_63563                                                                                    |   32|   0|   32|          0|
    |acc_946_fu_8640                                                                                           |   32|   0|   32|          0|
    |acc_946_load_reg_63568                                                                                    |   32|   0|   32|          0|
    |acc_947_fu_8644                                                                                           |   32|   0|   32|          0|
    |acc_947_load_reg_63573                                                                                    |   32|   0|   32|          0|
    |acc_948_fu_8648                                                                                           |   32|   0|   32|          0|
    |acc_948_load_reg_63578                                                                                    |   32|   0|   32|          0|
    |acc_949_fu_8652                                                                                           |   32|   0|   32|          0|
    |acc_949_load_reg_63583                                                                                    |   32|   0|   32|          0|
    |acc_950_fu_8656                                                                                           |   32|   0|   32|          0|
    |acc_950_load_reg_63588                                                                                    |   32|   0|   32|          0|
    |acc_951_fu_8660                                                                                           |   32|   0|   32|          0|
    |acc_951_load_reg_63593                                                                                    |   32|   0|   32|          0|
    |acc_952_fu_8664                                                                                           |   32|   0|   32|          0|
    |acc_952_load_reg_63598                                                                                    |   32|   0|   32|          0|
    |acc_953_fu_8668                                                                                           |   32|   0|   32|          0|
    |acc_953_load_reg_63603                                                                                    |   32|   0|   32|          0|
    |acc_954_fu_8672                                                                                           |   32|   0|   32|          0|
    |acc_954_load_reg_63608                                                                                    |   32|   0|   32|          0|
    |acc_955_fu_8676                                                                                           |   32|   0|   32|          0|
    |acc_955_load_reg_63613                                                                                    |   32|   0|   32|          0|
    |acc_956_fu_8680                                                                                           |   32|   0|   32|          0|
    |acc_956_load_reg_63618                                                                                    |   32|   0|   32|          0|
    |acc_957_fu_8684                                                                                           |   32|   0|   32|          0|
    |acc_957_load_reg_63623                                                                                    |   32|   0|   32|          0|
    |acc_958_fu_8688                                                                                           |   32|   0|   32|          0|
    |acc_958_load_reg_63628                                                                                    |   32|   0|   32|          0|
    |acc_959_fu_8692                                                                                           |   32|   0|   32|          0|
    |acc_959_load_reg_63633                                                                                    |   32|   0|   32|          0|
    |acc_960_fu_8696                                                                                           |   32|   0|   32|          0|
    |acc_960_load_reg_63638                                                                                    |   32|   0|   32|          0|
    |acc_961_fu_8700                                                                                           |   32|   0|   32|          0|
    |acc_961_load_reg_63643                                                                                    |   32|   0|   32|          0|
    |acc_962_fu_8704                                                                                           |   32|   0|   32|          0|
    |acc_962_load_reg_63648                                                                                    |   32|   0|   32|          0|
    |acc_963_fu_8708                                                                                           |   32|   0|   32|          0|
    |acc_963_load_reg_63653                                                                                    |   32|   0|   32|          0|
    |acc_964_fu_8712                                                                                           |   32|   0|   32|          0|
    |acc_964_load_reg_63658                                                                                    |   32|   0|   32|          0|
    |acc_965_fu_8716                                                                                           |   32|   0|   32|          0|
    |acc_965_load_reg_63663                                                                                    |   32|   0|   32|          0|
    |acc_966_fu_8720                                                                                           |   32|   0|   32|          0|
    |acc_966_load_reg_63668                                                                                    |   32|   0|   32|          0|
    |acc_967_fu_8724                                                                                           |   32|   0|   32|          0|
    |acc_967_load_reg_63673                                                                                    |   32|   0|   32|          0|
    |acc_968_fu_8728                                                                                           |   32|   0|   32|          0|
    |acc_968_load_reg_63678                                                                                    |   32|   0|   32|          0|
    |acc_969_fu_8732                                                                                           |   32|   0|   32|          0|
    |acc_969_load_reg_63683                                                                                    |   32|   0|   32|          0|
    |acc_970_fu_8736                                                                                           |   32|   0|   32|          0|
    |acc_970_load_reg_63688                                                                                    |   32|   0|   32|          0|
    |acc_971_fu_8740                                                                                           |   32|   0|   32|          0|
    |acc_971_load_reg_63693                                                                                    |   32|   0|   32|          0|
    |acc_972_fu_8744                                                                                           |   32|   0|   32|          0|
    |acc_972_load_reg_63698                                                                                    |   32|   0|   32|          0|
    |acc_973_fu_8748                                                                                           |   32|   0|   32|          0|
    |acc_973_load_reg_63703                                                                                    |   32|   0|   32|          0|
    |acc_974_fu_8752                                                                                           |   32|   0|   32|          0|
    |acc_974_load_reg_63708                                                                                    |   32|   0|   32|          0|
    |acc_975_fu_8756                                                                                           |   32|   0|   32|          0|
    |acc_975_load_reg_63713                                                                                    |   32|   0|   32|          0|
    |acc_976_fu_8760                                                                                           |   32|   0|   32|          0|
    |acc_976_load_reg_63718                                                                                    |   32|   0|   32|          0|
    |acc_977_fu_8764                                                                                           |   32|   0|   32|          0|
    |acc_977_load_reg_63723                                                                                    |   32|   0|   32|          0|
    |acc_978_fu_8768                                                                                           |   32|   0|   32|          0|
    |acc_978_load_reg_63728                                                                                    |   32|   0|   32|          0|
    |acc_979_fu_8772                                                                                           |   32|   0|   32|          0|
    |acc_979_load_reg_63733                                                                                    |   32|   0|   32|          0|
    |acc_980_fu_8776                                                                                           |   32|   0|   32|          0|
    |acc_980_load_reg_63738                                                                                    |   32|   0|   32|          0|
    |acc_981_fu_8780                                                                                           |   32|   0|   32|          0|
    |acc_981_load_reg_63743                                                                                    |   32|   0|   32|          0|
    |acc_982_fu_8784                                                                                           |   32|   0|   32|          0|
    |acc_982_load_reg_63748                                                                                    |   32|   0|   32|          0|
    |acc_983_fu_8788                                                                                           |   32|   0|   32|          0|
    |acc_983_load_reg_63753                                                                                    |   32|   0|   32|          0|
    |acc_984_fu_8792                                                                                           |   32|   0|   32|          0|
    |acc_984_load_reg_63758                                                                                    |   32|   0|   32|          0|
    |acc_985_fu_8796                                                                                           |   32|   0|   32|          0|
    |acc_985_load_reg_63763                                                                                    |   32|   0|   32|          0|
    |acc_986_fu_8800                                                                                           |   32|   0|   32|          0|
    |acc_986_load_reg_63768                                                                                    |   32|   0|   32|          0|
    |acc_987_fu_8804                                                                                           |   32|   0|   32|          0|
    |acc_987_load_reg_63773                                                                                    |   32|   0|   32|          0|
    |acc_988_fu_8808                                                                                           |   32|   0|   32|          0|
    |acc_988_load_reg_63778                                                                                    |   32|   0|   32|          0|
    |acc_989_fu_8812                                                                                           |   32|   0|   32|          0|
    |acc_989_load_reg_63783                                                                                    |   32|   0|   32|          0|
    |acc_990_fu_8816                                                                                           |   32|   0|   32|          0|
    |acc_990_load_reg_63788                                                                                    |   32|   0|   32|          0|
    |acc_991_fu_8820                                                                                           |   32|   0|   32|          0|
    |acc_991_load_reg_63793                                                                                    |   32|   0|   32|          0|
    |acc_992_fu_8824                                                                                           |   32|   0|   32|          0|
    |acc_992_load_reg_63798                                                                                    |   32|   0|   32|          0|
    |acc_993_fu_8828                                                                                           |   32|   0|   32|          0|
    |acc_993_load_reg_63803                                                                                    |   32|   0|   32|          0|
    |acc_994_fu_8832                                                                                           |   32|   0|   32|          0|
    |acc_994_load_reg_63808                                                                                    |   32|   0|   32|          0|
    |acc_995_fu_8836                                                                                           |   32|   0|   32|          0|
    |acc_995_load_reg_63813                                                                                    |   32|   0|   32|          0|
    |acc_996_fu_8840                                                                                           |   32|   0|   32|          0|
    |acc_996_load_reg_63818                                                                                    |   32|   0|   32|          0|
    |acc_997_fu_8844                                                                                           |   32|   0|   32|          0|
    |acc_997_load_reg_63823                                                                                    |   32|   0|   32|          0|
    |acc_998_fu_8848                                                                                           |   32|   0|   32|          0|
    |acc_998_load_reg_63828                                                                                    |   32|   0|   32|          0|
    |acc_999_fu_8852                                                                                           |   32|   0|   32|          0|
    |acc_999_load_reg_63833                                                                                    |   32|   0|   32|          0|
    |acc_fu_6900                                                                                               |   32|   0|   32|          0|
    |acc_load_reg_61393                                                                                        |   32|   0|   32|          0|
    |acc_next_1000_fu_10872                                                                                    |   32|   0|   32|          0|
    |acc_next_1001_fu_10876                                                                                    |   32|   0|   32|          0|
    |acc_next_1002_fu_10880                                                                                    |   32|   0|   32|          0|
    |acc_next_1003_fu_10884                                                                                    |   32|   0|   32|          0|
    |acc_next_1004_fu_10888                                                                                    |   32|   0|   32|          0|
    |acc_next_1005_fu_10892                                                                                    |   32|   0|   32|          0|
    |acc_next_1006_fu_10896                                                                                    |   32|   0|   32|          0|
    |acc_next_1007_fu_10900                                                                                    |   32|   0|   32|          0|
    |acc_next_1008_fu_10904                                                                                    |   32|   0|   32|          0|
    |acc_next_1009_fu_10908                                                                                    |   32|   0|   32|          0|
    |acc_next_1010_fu_10912                                                                                    |   32|   0|   32|          0|
    |acc_next_1011_fu_10916                                                                                    |   32|   0|   32|          0|
    |acc_next_1012_fu_10920                                                                                    |   32|   0|   32|          0|
    |acc_next_1013_fu_10924                                                                                    |   32|   0|   32|          0|
    |acc_next_1014_fu_10928                                                                                    |   32|   0|   32|          0|
    |acc_next_1015_fu_10932                                                                                    |   32|   0|   32|          0|
    |acc_next_1016_fu_10936                                                                                    |   32|   0|   32|          0|
    |acc_next_1017_fu_10940                                                                                    |   32|   0|   32|          0|
    |acc_next_1018_fu_10944                                                                                    |   32|   0|   32|          0|
    |acc_next_1019_fu_10948                                                                                    |   32|   0|   32|          0|
    |acc_next_1020_fu_10952                                                                                    |   32|   0|   32|          0|
    |acc_next_1021_fu_10956                                                                                    |   32|   0|   32|          0|
    |acc_next_1022_fu_10960                                                                                    |   32|   0|   32|          0|
    |acc_next_1023_fu_10964                                                                                    |   32|   0|   32|          0|
    |acc_next_1024_fu_10968                                                                                    |   32|   0|   32|          0|
    |acc_next_1025_fu_10972                                                                                    |   32|   0|   32|          0|
    |acc_next_1026_fu_10976                                                                                    |   32|   0|   32|          0|
    |acc_next_1027_fu_10980                                                                                    |   32|   0|   32|          0|
    |acc_next_1028_fu_10984                                                                                    |   32|   0|   32|          0|
    |acc_next_1029_fu_10988                                                                                    |   32|   0|   32|          0|
    |acc_next_1030_fu_10992                                                                                    |   32|   0|   32|          0|
    |acc_next_520_fu_8952                                                                                      |   32|   0|   32|          0|
    |acc_next_521_fu_8956                                                                                      |   32|   0|   32|          0|
    |acc_next_522_fu_8960                                                                                      |   32|   0|   32|          0|
    |acc_next_523_fu_8964                                                                                      |   32|   0|   32|          0|
    |acc_next_524_fu_8968                                                                                      |   32|   0|   32|          0|
    |acc_next_525_fu_8972                                                                                      |   32|   0|   32|          0|
    |acc_next_526_fu_8976                                                                                      |   32|   0|   32|          0|
    |acc_next_527_fu_8980                                                                                      |   32|   0|   32|          0|
    |acc_next_528_fu_8984                                                                                      |   32|   0|   32|          0|
    |acc_next_529_fu_8988                                                                                      |   32|   0|   32|          0|
    |acc_next_530_fu_8992                                                                                      |   32|   0|   32|          0|
    |acc_next_531_fu_8996                                                                                      |   32|   0|   32|          0|
    |acc_next_532_fu_9000                                                                                      |   32|   0|   32|          0|
    |acc_next_533_fu_9004                                                                                      |   32|   0|   32|          0|
    |acc_next_534_fu_9008                                                                                      |   32|   0|   32|          0|
    |acc_next_535_fu_9012                                                                                      |   32|   0|   32|          0|
    |acc_next_536_fu_9016                                                                                      |   32|   0|   32|          0|
    |acc_next_537_fu_9020                                                                                      |   32|   0|   32|          0|
    |acc_next_538_fu_9024                                                                                      |   32|   0|   32|          0|
    |acc_next_539_fu_9028                                                                                      |   32|   0|   32|          0|
    |acc_next_540_fu_9032                                                                                      |   32|   0|   32|          0|
    |acc_next_541_fu_9036                                                                                      |   32|   0|   32|          0|
    |acc_next_542_fu_9040                                                                                      |   32|   0|   32|          0|
    |acc_next_543_fu_9044                                                                                      |   32|   0|   32|          0|
    |acc_next_544_fu_9048                                                                                      |   32|   0|   32|          0|
    |acc_next_545_fu_9052                                                                                      |   32|   0|   32|          0|
    |acc_next_546_fu_9056                                                                                      |   32|   0|   32|          0|
    |acc_next_547_fu_9060                                                                                      |   32|   0|   32|          0|
    |acc_next_548_fu_9064                                                                                      |   32|   0|   32|          0|
    |acc_next_549_fu_9068                                                                                      |   32|   0|   32|          0|
    |acc_next_550_fu_9072                                                                                      |   32|   0|   32|          0|
    |acc_next_551_fu_9076                                                                                      |   32|   0|   32|          0|
    |acc_next_552_fu_9080                                                                                      |   32|   0|   32|          0|
    |acc_next_553_fu_9084                                                                                      |   32|   0|   32|          0|
    |acc_next_554_fu_9088                                                                                      |   32|   0|   32|          0|
    |acc_next_555_fu_9092                                                                                      |   32|   0|   32|          0|
    |acc_next_556_fu_9096                                                                                      |   32|   0|   32|          0|
    |acc_next_557_fu_9100                                                                                      |   32|   0|   32|          0|
    |acc_next_558_fu_9104                                                                                      |   32|   0|   32|          0|
    |acc_next_559_fu_9108                                                                                      |   32|   0|   32|          0|
    |acc_next_560_fu_9112                                                                                      |   32|   0|   32|          0|
    |acc_next_561_fu_9116                                                                                      |   32|   0|   32|          0|
    |acc_next_562_fu_9120                                                                                      |   32|   0|   32|          0|
    |acc_next_563_fu_9124                                                                                      |   32|   0|   32|          0|
    |acc_next_564_fu_9128                                                                                      |   32|   0|   32|          0|
    |acc_next_565_fu_9132                                                                                      |   32|   0|   32|          0|
    |acc_next_566_fu_9136                                                                                      |   32|   0|   32|          0|
    |acc_next_567_fu_9140                                                                                      |   32|   0|   32|          0|
    |acc_next_568_fu_9144                                                                                      |   32|   0|   32|          0|
    |acc_next_569_fu_9148                                                                                      |   32|   0|   32|          0|
    |acc_next_570_fu_9152                                                                                      |   32|   0|   32|          0|
    |acc_next_571_fu_9156                                                                                      |   32|   0|   32|          0|
    |acc_next_572_fu_9160                                                                                      |   32|   0|   32|          0|
    |acc_next_573_fu_9164                                                                                      |   32|   0|   32|          0|
    |acc_next_574_fu_9168                                                                                      |   32|   0|   32|          0|
    |acc_next_575_fu_9172                                                                                      |   32|   0|   32|          0|
    |acc_next_576_fu_9176                                                                                      |   32|   0|   32|          0|
    |acc_next_577_fu_9180                                                                                      |   32|   0|   32|          0|
    |acc_next_578_fu_9184                                                                                      |   32|   0|   32|          0|
    |acc_next_579_fu_9188                                                                                      |   32|   0|   32|          0|
    |acc_next_580_fu_9192                                                                                      |   32|   0|   32|          0|
    |acc_next_581_fu_9196                                                                                      |   32|   0|   32|          0|
    |acc_next_582_fu_9200                                                                                      |   32|   0|   32|          0|
    |acc_next_583_fu_9204                                                                                      |   32|   0|   32|          0|
    |acc_next_584_fu_9208                                                                                      |   32|   0|   32|          0|
    |acc_next_585_fu_9212                                                                                      |   32|   0|   32|          0|
    |acc_next_586_fu_9216                                                                                      |   32|   0|   32|          0|
    |acc_next_587_fu_9220                                                                                      |   32|   0|   32|          0|
    |acc_next_588_fu_9224                                                                                      |   32|   0|   32|          0|
    |acc_next_589_fu_9228                                                                                      |   32|   0|   32|          0|
    |acc_next_590_fu_9232                                                                                      |   32|   0|   32|          0|
    |acc_next_591_fu_9236                                                                                      |   32|   0|   32|          0|
    |acc_next_592_fu_9240                                                                                      |   32|   0|   32|          0|
    |acc_next_593_fu_9244                                                                                      |   32|   0|   32|          0|
    |acc_next_594_fu_9248                                                                                      |   32|   0|   32|          0|
    |acc_next_595_fu_9252                                                                                      |   32|   0|   32|          0|
    |acc_next_596_fu_9256                                                                                      |   32|   0|   32|          0|
    |acc_next_597_fu_9260                                                                                      |   32|   0|   32|          0|
    |acc_next_598_fu_9264                                                                                      |   32|   0|   32|          0|
    |acc_next_599_fu_9268                                                                                      |   32|   0|   32|          0|
    |acc_next_600_fu_9272                                                                                      |   32|   0|   32|          0|
    |acc_next_601_fu_9276                                                                                      |   32|   0|   32|          0|
    |acc_next_602_fu_9280                                                                                      |   32|   0|   32|          0|
    |acc_next_603_fu_9284                                                                                      |   32|   0|   32|          0|
    |acc_next_604_fu_9288                                                                                      |   32|   0|   32|          0|
    |acc_next_605_fu_9292                                                                                      |   32|   0|   32|          0|
    |acc_next_606_fu_9296                                                                                      |   32|   0|   32|          0|
    |acc_next_607_fu_9300                                                                                      |   32|   0|   32|          0|
    |acc_next_608_fu_9304                                                                                      |   32|   0|   32|          0|
    |acc_next_609_fu_9308                                                                                      |   32|   0|   32|          0|
    |acc_next_610_fu_9312                                                                                      |   32|   0|   32|          0|
    |acc_next_611_fu_9316                                                                                      |   32|   0|   32|          0|
    |acc_next_612_fu_9320                                                                                      |   32|   0|   32|          0|
    |acc_next_613_fu_9324                                                                                      |   32|   0|   32|          0|
    |acc_next_614_fu_9328                                                                                      |   32|   0|   32|          0|
    |acc_next_615_fu_9332                                                                                      |   32|   0|   32|          0|
    |acc_next_616_fu_9336                                                                                      |   32|   0|   32|          0|
    |acc_next_617_fu_9340                                                                                      |   32|   0|   32|          0|
    |acc_next_618_fu_9344                                                                                      |   32|   0|   32|          0|
    |acc_next_619_fu_9348                                                                                      |   32|   0|   32|          0|
    |acc_next_620_fu_9352                                                                                      |   32|   0|   32|          0|
    |acc_next_621_fu_9356                                                                                      |   32|   0|   32|          0|
    |acc_next_622_fu_9360                                                                                      |   32|   0|   32|          0|
    |acc_next_623_fu_9364                                                                                      |   32|   0|   32|          0|
    |acc_next_624_fu_9368                                                                                      |   32|   0|   32|          0|
    |acc_next_625_fu_9372                                                                                      |   32|   0|   32|          0|
    |acc_next_626_fu_9376                                                                                      |   32|   0|   32|          0|
    |acc_next_627_fu_9380                                                                                      |   32|   0|   32|          0|
    |acc_next_628_fu_9384                                                                                      |   32|   0|   32|          0|
    |acc_next_629_fu_9388                                                                                      |   32|   0|   32|          0|
    |acc_next_630_fu_9392                                                                                      |   32|   0|   32|          0|
    |acc_next_631_fu_9396                                                                                      |   32|   0|   32|          0|
    |acc_next_632_fu_9400                                                                                      |   32|   0|   32|          0|
    |acc_next_633_fu_9404                                                                                      |   32|   0|   32|          0|
    |acc_next_634_fu_9408                                                                                      |   32|   0|   32|          0|
    |acc_next_635_fu_9412                                                                                      |   32|   0|   32|          0|
    |acc_next_636_fu_9416                                                                                      |   32|   0|   32|          0|
    |acc_next_637_fu_9420                                                                                      |   32|   0|   32|          0|
    |acc_next_638_fu_9424                                                                                      |   32|   0|   32|          0|
    |acc_next_639_fu_9428                                                                                      |   32|   0|   32|          0|
    |acc_next_640_fu_9432                                                                                      |   32|   0|   32|          0|
    |acc_next_641_fu_9436                                                                                      |   32|   0|   32|          0|
    |acc_next_642_fu_9440                                                                                      |   32|   0|   32|          0|
    |acc_next_643_fu_9444                                                                                      |   32|   0|   32|          0|
    |acc_next_644_fu_9448                                                                                      |   32|   0|   32|          0|
    |acc_next_645_fu_9452                                                                                      |   32|   0|   32|          0|
    |acc_next_646_fu_9456                                                                                      |   32|   0|   32|          0|
    |acc_next_647_fu_9460                                                                                      |   32|   0|   32|          0|
    |acc_next_648_fu_9464                                                                                      |   32|   0|   32|          0|
    |acc_next_649_fu_9468                                                                                      |   32|   0|   32|          0|
    |acc_next_650_fu_9472                                                                                      |   32|   0|   32|          0|
    |acc_next_651_fu_9476                                                                                      |   32|   0|   32|          0|
    |acc_next_652_fu_9480                                                                                      |   32|   0|   32|          0|
    |acc_next_653_fu_9484                                                                                      |   32|   0|   32|          0|
    |acc_next_654_fu_9488                                                                                      |   32|   0|   32|          0|
    |acc_next_655_fu_9492                                                                                      |   32|   0|   32|          0|
    |acc_next_656_fu_9496                                                                                      |   32|   0|   32|          0|
    |acc_next_657_fu_9500                                                                                      |   32|   0|   32|          0|
    |acc_next_658_fu_9504                                                                                      |   32|   0|   32|          0|
    |acc_next_659_fu_9508                                                                                      |   32|   0|   32|          0|
    |acc_next_660_fu_9512                                                                                      |   32|   0|   32|          0|
    |acc_next_661_fu_9516                                                                                      |   32|   0|   32|          0|
    |acc_next_662_fu_9520                                                                                      |   32|   0|   32|          0|
    |acc_next_663_fu_9524                                                                                      |   32|   0|   32|          0|
    |acc_next_664_fu_9528                                                                                      |   32|   0|   32|          0|
    |acc_next_665_fu_9532                                                                                      |   32|   0|   32|          0|
    |acc_next_666_fu_9536                                                                                      |   32|   0|   32|          0|
    |acc_next_667_fu_9540                                                                                      |   32|   0|   32|          0|
    |acc_next_668_fu_9544                                                                                      |   32|   0|   32|          0|
    |acc_next_669_fu_9548                                                                                      |   32|   0|   32|          0|
    |acc_next_670_fu_9552                                                                                      |   32|   0|   32|          0|
    |acc_next_671_fu_9556                                                                                      |   32|   0|   32|          0|
    |acc_next_672_fu_9560                                                                                      |   32|   0|   32|          0|
    |acc_next_673_fu_9564                                                                                      |   32|   0|   32|          0|
    |acc_next_674_fu_9568                                                                                      |   32|   0|   32|          0|
    |acc_next_675_fu_9572                                                                                      |   32|   0|   32|          0|
    |acc_next_676_fu_9576                                                                                      |   32|   0|   32|          0|
    |acc_next_677_fu_9580                                                                                      |   32|   0|   32|          0|
    |acc_next_678_fu_9584                                                                                      |   32|   0|   32|          0|
    |acc_next_679_fu_9588                                                                                      |   32|   0|   32|          0|
    |acc_next_680_fu_9592                                                                                      |   32|   0|   32|          0|
    |acc_next_681_fu_9596                                                                                      |   32|   0|   32|          0|
    |acc_next_682_fu_9600                                                                                      |   32|   0|   32|          0|
    |acc_next_683_fu_9604                                                                                      |   32|   0|   32|          0|
    |acc_next_684_fu_9608                                                                                      |   32|   0|   32|          0|
    |acc_next_685_fu_9612                                                                                      |   32|   0|   32|          0|
    |acc_next_686_fu_9616                                                                                      |   32|   0|   32|          0|
    |acc_next_687_fu_9620                                                                                      |   32|   0|   32|          0|
    |acc_next_688_fu_9624                                                                                      |   32|   0|   32|          0|
    |acc_next_689_fu_9628                                                                                      |   32|   0|   32|          0|
    |acc_next_690_fu_9632                                                                                      |   32|   0|   32|          0|
    |acc_next_691_fu_9636                                                                                      |   32|   0|   32|          0|
    |acc_next_692_fu_9640                                                                                      |   32|   0|   32|          0|
    |acc_next_693_fu_9644                                                                                      |   32|   0|   32|          0|
    |acc_next_694_fu_9648                                                                                      |   32|   0|   32|          0|
    |acc_next_695_fu_9652                                                                                      |   32|   0|   32|          0|
    |acc_next_696_fu_9656                                                                                      |   32|   0|   32|          0|
    |acc_next_697_fu_9660                                                                                      |   32|   0|   32|          0|
    |acc_next_698_fu_9664                                                                                      |   32|   0|   32|          0|
    |acc_next_699_fu_9668                                                                                      |   32|   0|   32|          0|
    |acc_next_700_fu_9672                                                                                      |   32|   0|   32|          0|
    |acc_next_701_fu_9676                                                                                      |   32|   0|   32|          0|
    |acc_next_702_fu_9680                                                                                      |   32|   0|   32|          0|
    |acc_next_703_fu_9684                                                                                      |   32|   0|   32|          0|
    |acc_next_704_fu_9688                                                                                      |   32|   0|   32|          0|
    |acc_next_705_fu_9692                                                                                      |   32|   0|   32|          0|
    |acc_next_706_fu_9696                                                                                      |   32|   0|   32|          0|
    |acc_next_707_fu_9700                                                                                      |   32|   0|   32|          0|
    |acc_next_708_fu_9704                                                                                      |   32|   0|   32|          0|
    |acc_next_709_fu_9708                                                                                      |   32|   0|   32|          0|
    |acc_next_710_fu_9712                                                                                      |   32|   0|   32|          0|
    |acc_next_711_fu_9716                                                                                      |   32|   0|   32|          0|
    |acc_next_712_fu_9720                                                                                      |   32|   0|   32|          0|
    |acc_next_713_fu_9724                                                                                      |   32|   0|   32|          0|
    |acc_next_714_fu_9728                                                                                      |   32|   0|   32|          0|
    |acc_next_715_fu_9732                                                                                      |   32|   0|   32|          0|
    |acc_next_716_fu_9736                                                                                      |   32|   0|   32|          0|
    |acc_next_717_fu_9740                                                                                      |   32|   0|   32|          0|
    |acc_next_718_fu_9744                                                                                      |   32|   0|   32|          0|
    |acc_next_719_fu_9748                                                                                      |   32|   0|   32|          0|
    |acc_next_720_fu_9752                                                                                      |   32|   0|   32|          0|
    |acc_next_721_fu_9756                                                                                      |   32|   0|   32|          0|
    |acc_next_722_fu_9760                                                                                      |   32|   0|   32|          0|
    |acc_next_723_fu_9764                                                                                      |   32|   0|   32|          0|
    |acc_next_724_fu_9768                                                                                      |   32|   0|   32|          0|
    |acc_next_725_fu_9772                                                                                      |   32|   0|   32|          0|
    |acc_next_726_fu_9776                                                                                      |   32|   0|   32|          0|
    |acc_next_727_fu_9780                                                                                      |   32|   0|   32|          0|
    |acc_next_728_fu_9784                                                                                      |   32|   0|   32|          0|
    |acc_next_729_fu_9788                                                                                      |   32|   0|   32|          0|
    |acc_next_730_fu_9792                                                                                      |   32|   0|   32|          0|
    |acc_next_731_fu_9796                                                                                      |   32|   0|   32|          0|
    |acc_next_732_fu_9800                                                                                      |   32|   0|   32|          0|
    |acc_next_733_fu_9804                                                                                      |   32|   0|   32|          0|
    |acc_next_734_fu_9808                                                                                      |   32|   0|   32|          0|
    |acc_next_735_fu_9812                                                                                      |   32|   0|   32|          0|
    |acc_next_736_fu_9816                                                                                      |   32|   0|   32|          0|
    |acc_next_737_fu_9820                                                                                      |   32|   0|   32|          0|
    |acc_next_738_fu_9824                                                                                      |   32|   0|   32|          0|
    |acc_next_739_fu_9828                                                                                      |   32|   0|   32|          0|
    |acc_next_740_fu_9832                                                                                      |   32|   0|   32|          0|
    |acc_next_741_fu_9836                                                                                      |   32|   0|   32|          0|
    |acc_next_742_fu_9840                                                                                      |   32|   0|   32|          0|
    |acc_next_743_fu_9844                                                                                      |   32|   0|   32|          0|
    |acc_next_744_fu_9848                                                                                      |   32|   0|   32|          0|
    |acc_next_745_fu_9852                                                                                      |   32|   0|   32|          0|
    |acc_next_746_fu_9856                                                                                      |   32|   0|   32|          0|
    |acc_next_747_fu_9860                                                                                      |   32|   0|   32|          0|
    |acc_next_748_fu_9864                                                                                      |   32|   0|   32|          0|
    |acc_next_749_fu_9868                                                                                      |   32|   0|   32|          0|
    |acc_next_750_fu_9872                                                                                      |   32|   0|   32|          0|
    |acc_next_751_fu_9876                                                                                      |   32|   0|   32|          0|
    |acc_next_752_fu_9880                                                                                      |   32|   0|   32|          0|
    |acc_next_753_fu_9884                                                                                      |   32|   0|   32|          0|
    |acc_next_754_fu_9888                                                                                      |   32|   0|   32|          0|
    |acc_next_755_fu_9892                                                                                      |   32|   0|   32|          0|
    |acc_next_756_fu_9896                                                                                      |   32|   0|   32|          0|
    |acc_next_757_fu_9900                                                                                      |   32|   0|   32|          0|
    |acc_next_758_fu_9904                                                                                      |   32|   0|   32|          0|
    |acc_next_759_fu_9908                                                                                      |   32|   0|   32|          0|
    |acc_next_760_fu_9912                                                                                      |   32|   0|   32|          0|
    |acc_next_761_fu_9916                                                                                      |   32|   0|   32|          0|
    |acc_next_762_fu_9920                                                                                      |   32|   0|   32|          0|
    |acc_next_763_fu_9924                                                                                      |   32|   0|   32|          0|
    |acc_next_764_fu_9928                                                                                      |   32|   0|   32|          0|
    |acc_next_765_fu_9932                                                                                      |   32|   0|   32|          0|
    |acc_next_766_fu_9936                                                                                      |   32|   0|   32|          0|
    |acc_next_767_fu_9940                                                                                      |   32|   0|   32|          0|
    |acc_next_768_fu_9944                                                                                      |   32|   0|   32|          0|
    |acc_next_769_fu_9948                                                                                      |   32|   0|   32|          0|
    |acc_next_770_fu_9952                                                                                      |   32|   0|   32|          0|
    |acc_next_771_fu_9956                                                                                      |   32|   0|   32|          0|
    |acc_next_772_fu_9960                                                                                      |   32|   0|   32|          0|
    |acc_next_773_fu_9964                                                                                      |   32|   0|   32|          0|
    |acc_next_774_fu_9968                                                                                      |   32|   0|   32|          0|
    |acc_next_775_fu_9972                                                                                      |   32|   0|   32|          0|
    |acc_next_776_fu_9976                                                                                      |   32|   0|   32|          0|
    |acc_next_777_fu_9980                                                                                      |   32|   0|   32|          0|
    |acc_next_778_fu_9984                                                                                      |   32|   0|   32|          0|
    |acc_next_779_fu_9988                                                                                      |   32|   0|   32|          0|
    |acc_next_780_fu_9992                                                                                      |   32|   0|   32|          0|
    |acc_next_781_fu_9996                                                                                      |   32|   0|   32|          0|
    |acc_next_782_fu_10000                                                                                     |   32|   0|   32|          0|
    |acc_next_783_fu_10004                                                                                     |   32|   0|   32|          0|
    |acc_next_784_fu_10008                                                                                     |   32|   0|   32|          0|
    |acc_next_785_fu_10012                                                                                     |   32|   0|   32|          0|
    |acc_next_786_fu_10016                                                                                     |   32|   0|   32|          0|
    |acc_next_787_fu_10020                                                                                     |   32|   0|   32|          0|
    |acc_next_788_fu_10024                                                                                     |   32|   0|   32|          0|
    |acc_next_789_fu_10028                                                                                     |   32|   0|   32|          0|
    |acc_next_790_fu_10032                                                                                     |   32|   0|   32|          0|
    |acc_next_791_fu_10036                                                                                     |   32|   0|   32|          0|
    |acc_next_792_fu_10040                                                                                     |   32|   0|   32|          0|
    |acc_next_793_fu_10044                                                                                     |   32|   0|   32|          0|
    |acc_next_794_fu_10048                                                                                     |   32|   0|   32|          0|
    |acc_next_795_fu_10052                                                                                     |   32|   0|   32|          0|
    |acc_next_796_fu_10056                                                                                     |   32|   0|   32|          0|
    |acc_next_797_fu_10060                                                                                     |   32|   0|   32|          0|
    |acc_next_798_fu_10064                                                                                     |   32|   0|   32|          0|
    |acc_next_799_fu_10068                                                                                     |   32|   0|   32|          0|
    |acc_next_800_fu_10072                                                                                     |   32|   0|   32|          0|
    |acc_next_801_fu_10076                                                                                     |   32|   0|   32|          0|
    |acc_next_802_fu_10080                                                                                     |   32|   0|   32|          0|
    |acc_next_803_fu_10084                                                                                     |   32|   0|   32|          0|
    |acc_next_804_fu_10088                                                                                     |   32|   0|   32|          0|
    |acc_next_805_fu_10092                                                                                     |   32|   0|   32|          0|
    |acc_next_806_fu_10096                                                                                     |   32|   0|   32|          0|
    |acc_next_807_fu_10100                                                                                     |   32|   0|   32|          0|
    |acc_next_808_fu_10104                                                                                     |   32|   0|   32|          0|
    |acc_next_809_fu_10108                                                                                     |   32|   0|   32|          0|
    |acc_next_810_fu_10112                                                                                     |   32|   0|   32|          0|
    |acc_next_811_fu_10116                                                                                     |   32|   0|   32|          0|
    |acc_next_812_fu_10120                                                                                     |   32|   0|   32|          0|
    |acc_next_813_fu_10124                                                                                     |   32|   0|   32|          0|
    |acc_next_814_fu_10128                                                                                     |   32|   0|   32|          0|
    |acc_next_815_fu_10132                                                                                     |   32|   0|   32|          0|
    |acc_next_816_fu_10136                                                                                     |   32|   0|   32|          0|
    |acc_next_817_fu_10140                                                                                     |   32|   0|   32|          0|
    |acc_next_818_fu_10144                                                                                     |   32|   0|   32|          0|
    |acc_next_819_fu_10148                                                                                     |   32|   0|   32|          0|
    |acc_next_820_fu_10152                                                                                     |   32|   0|   32|          0|
    |acc_next_821_fu_10156                                                                                     |   32|   0|   32|          0|
    |acc_next_822_fu_10160                                                                                     |   32|   0|   32|          0|
    |acc_next_823_fu_10164                                                                                     |   32|   0|   32|          0|
    |acc_next_824_fu_10168                                                                                     |   32|   0|   32|          0|
    |acc_next_825_fu_10172                                                                                     |   32|   0|   32|          0|
    |acc_next_826_fu_10176                                                                                     |   32|   0|   32|          0|
    |acc_next_827_fu_10180                                                                                     |   32|   0|   32|          0|
    |acc_next_828_fu_10184                                                                                     |   32|   0|   32|          0|
    |acc_next_829_fu_10188                                                                                     |   32|   0|   32|          0|
    |acc_next_830_fu_10192                                                                                     |   32|   0|   32|          0|
    |acc_next_831_fu_10196                                                                                     |   32|   0|   32|          0|
    |acc_next_832_fu_10200                                                                                     |   32|   0|   32|          0|
    |acc_next_833_fu_10204                                                                                     |   32|   0|   32|          0|
    |acc_next_834_fu_10208                                                                                     |   32|   0|   32|          0|
    |acc_next_835_fu_10212                                                                                     |   32|   0|   32|          0|
    |acc_next_836_fu_10216                                                                                     |   32|   0|   32|          0|
    |acc_next_837_fu_10220                                                                                     |   32|   0|   32|          0|
    |acc_next_838_fu_10224                                                                                     |   32|   0|   32|          0|
    |acc_next_839_fu_10228                                                                                     |   32|   0|   32|          0|
    |acc_next_840_fu_10232                                                                                     |   32|   0|   32|          0|
    |acc_next_841_fu_10236                                                                                     |   32|   0|   32|          0|
    |acc_next_842_fu_10240                                                                                     |   32|   0|   32|          0|
    |acc_next_843_fu_10244                                                                                     |   32|   0|   32|          0|
    |acc_next_844_fu_10248                                                                                     |   32|   0|   32|          0|
    |acc_next_845_fu_10252                                                                                     |   32|   0|   32|          0|
    |acc_next_846_fu_10256                                                                                     |   32|   0|   32|          0|
    |acc_next_847_fu_10260                                                                                     |   32|   0|   32|          0|
    |acc_next_848_fu_10264                                                                                     |   32|   0|   32|          0|
    |acc_next_849_fu_10268                                                                                     |   32|   0|   32|          0|
    |acc_next_850_fu_10272                                                                                     |   32|   0|   32|          0|
    |acc_next_851_fu_10276                                                                                     |   32|   0|   32|          0|
    |acc_next_852_fu_10280                                                                                     |   32|   0|   32|          0|
    |acc_next_853_fu_10284                                                                                     |   32|   0|   32|          0|
    |acc_next_854_fu_10288                                                                                     |   32|   0|   32|          0|
    |acc_next_855_fu_10292                                                                                     |   32|   0|   32|          0|
    |acc_next_856_fu_10296                                                                                     |   32|   0|   32|          0|
    |acc_next_857_fu_10300                                                                                     |   32|   0|   32|          0|
    |acc_next_858_fu_10304                                                                                     |   32|   0|   32|          0|
    |acc_next_859_fu_10308                                                                                     |   32|   0|   32|          0|
    |acc_next_860_fu_10312                                                                                     |   32|   0|   32|          0|
    |acc_next_861_fu_10316                                                                                     |   32|   0|   32|          0|
    |acc_next_862_fu_10320                                                                                     |   32|   0|   32|          0|
    |acc_next_863_fu_10324                                                                                     |   32|   0|   32|          0|
    |acc_next_864_fu_10328                                                                                     |   32|   0|   32|          0|
    |acc_next_865_fu_10332                                                                                     |   32|   0|   32|          0|
    |acc_next_866_fu_10336                                                                                     |   32|   0|   32|          0|
    |acc_next_867_fu_10340                                                                                     |   32|   0|   32|          0|
    |acc_next_868_fu_10344                                                                                     |   32|   0|   32|          0|
    |acc_next_869_fu_10348                                                                                     |   32|   0|   32|          0|
    |acc_next_870_fu_10352                                                                                     |   32|   0|   32|          0|
    |acc_next_871_fu_10356                                                                                     |   32|   0|   32|          0|
    |acc_next_872_fu_10360                                                                                     |   32|   0|   32|          0|
    |acc_next_873_fu_10364                                                                                     |   32|   0|   32|          0|
    |acc_next_874_fu_10368                                                                                     |   32|   0|   32|          0|
    |acc_next_875_fu_10372                                                                                     |   32|   0|   32|          0|
    |acc_next_876_fu_10376                                                                                     |   32|   0|   32|          0|
    |acc_next_877_fu_10380                                                                                     |   32|   0|   32|          0|
    |acc_next_878_fu_10384                                                                                     |   32|   0|   32|          0|
    |acc_next_879_fu_10388                                                                                     |   32|   0|   32|          0|
    |acc_next_880_fu_10392                                                                                     |   32|   0|   32|          0|
    |acc_next_881_fu_10396                                                                                     |   32|   0|   32|          0|
    |acc_next_882_fu_10400                                                                                     |   32|   0|   32|          0|
    |acc_next_883_fu_10404                                                                                     |   32|   0|   32|          0|
    |acc_next_884_fu_10408                                                                                     |   32|   0|   32|          0|
    |acc_next_885_fu_10412                                                                                     |   32|   0|   32|          0|
    |acc_next_886_fu_10416                                                                                     |   32|   0|   32|          0|
    |acc_next_887_fu_10420                                                                                     |   32|   0|   32|          0|
    |acc_next_888_fu_10424                                                                                     |   32|   0|   32|          0|
    |acc_next_889_fu_10428                                                                                     |   32|   0|   32|          0|
    |acc_next_890_fu_10432                                                                                     |   32|   0|   32|          0|
    |acc_next_891_fu_10436                                                                                     |   32|   0|   32|          0|
    |acc_next_892_fu_10440                                                                                     |   32|   0|   32|          0|
    |acc_next_893_fu_10444                                                                                     |   32|   0|   32|          0|
    |acc_next_894_fu_10448                                                                                     |   32|   0|   32|          0|
    |acc_next_895_fu_10452                                                                                     |   32|   0|   32|          0|
    |acc_next_896_fu_10456                                                                                     |   32|   0|   32|          0|
    |acc_next_897_fu_10460                                                                                     |   32|   0|   32|          0|
    |acc_next_898_fu_10464                                                                                     |   32|   0|   32|          0|
    |acc_next_899_fu_10468                                                                                     |   32|   0|   32|          0|
    |acc_next_900_fu_10472                                                                                     |   32|   0|   32|          0|
    |acc_next_901_fu_10476                                                                                     |   32|   0|   32|          0|
    |acc_next_902_fu_10480                                                                                     |   32|   0|   32|          0|
    |acc_next_903_fu_10484                                                                                     |   32|   0|   32|          0|
    |acc_next_904_fu_10488                                                                                     |   32|   0|   32|          0|
    |acc_next_905_fu_10492                                                                                     |   32|   0|   32|          0|
    |acc_next_906_fu_10496                                                                                     |   32|   0|   32|          0|
    |acc_next_907_fu_10500                                                                                     |   32|   0|   32|          0|
    |acc_next_908_fu_10504                                                                                     |   32|   0|   32|          0|
    |acc_next_909_fu_10508                                                                                     |   32|   0|   32|          0|
    |acc_next_910_fu_10512                                                                                     |   32|   0|   32|          0|
    |acc_next_911_fu_10516                                                                                     |   32|   0|   32|          0|
    |acc_next_912_fu_10520                                                                                     |   32|   0|   32|          0|
    |acc_next_913_fu_10524                                                                                     |   32|   0|   32|          0|
    |acc_next_914_fu_10528                                                                                     |   32|   0|   32|          0|
    |acc_next_915_fu_10532                                                                                     |   32|   0|   32|          0|
    |acc_next_916_fu_10536                                                                                     |   32|   0|   32|          0|
    |acc_next_917_fu_10540                                                                                     |   32|   0|   32|          0|
    |acc_next_918_fu_10544                                                                                     |   32|   0|   32|          0|
    |acc_next_919_fu_10548                                                                                     |   32|   0|   32|          0|
    |acc_next_920_fu_10552                                                                                     |   32|   0|   32|          0|
    |acc_next_921_fu_10556                                                                                     |   32|   0|   32|          0|
    |acc_next_922_fu_10560                                                                                     |   32|   0|   32|          0|
    |acc_next_923_fu_10564                                                                                     |   32|   0|   32|          0|
    |acc_next_924_fu_10568                                                                                     |   32|   0|   32|          0|
    |acc_next_925_fu_10572                                                                                     |   32|   0|   32|          0|
    |acc_next_926_fu_10576                                                                                     |   32|   0|   32|          0|
    |acc_next_927_fu_10580                                                                                     |   32|   0|   32|          0|
    |acc_next_928_fu_10584                                                                                     |   32|   0|   32|          0|
    |acc_next_929_fu_10588                                                                                     |   32|   0|   32|          0|
    |acc_next_930_fu_10592                                                                                     |   32|   0|   32|          0|
    |acc_next_931_fu_10596                                                                                     |   32|   0|   32|          0|
    |acc_next_932_fu_10600                                                                                     |   32|   0|   32|          0|
    |acc_next_933_fu_10604                                                                                     |   32|   0|   32|          0|
    |acc_next_934_fu_10608                                                                                     |   32|   0|   32|          0|
    |acc_next_935_fu_10612                                                                                     |   32|   0|   32|          0|
    |acc_next_936_fu_10616                                                                                     |   32|   0|   32|          0|
    |acc_next_937_fu_10620                                                                                     |   32|   0|   32|          0|
    |acc_next_938_fu_10624                                                                                     |   32|   0|   32|          0|
    |acc_next_939_fu_10628                                                                                     |   32|   0|   32|          0|
    |acc_next_940_fu_10632                                                                                     |   32|   0|   32|          0|
    |acc_next_941_fu_10636                                                                                     |   32|   0|   32|          0|
    |acc_next_942_fu_10640                                                                                     |   32|   0|   32|          0|
    |acc_next_943_fu_10644                                                                                     |   32|   0|   32|          0|
    |acc_next_944_fu_10648                                                                                     |   32|   0|   32|          0|
    |acc_next_945_fu_10652                                                                                     |   32|   0|   32|          0|
    |acc_next_946_fu_10656                                                                                     |   32|   0|   32|          0|
    |acc_next_947_fu_10660                                                                                     |   32|   0|   32|          0|
    |acc_next_948_fu_10664                                                                                     |   32|   0|   32|          0|
    |acc_next_949_fu_10668                                                                                     |   32|   0|   32|          0|
    |acc_next_950_fu_10672                                                                                     |   32|   0|   32|          0|
    |acc_next_951_fu_10676                                                                                     |   32|   0|   32|          0|
    |acc_next_952_fu_10680                                                                                     |   32|   0|   32|          0|
    |acc_next_953_fu_10684                                                                                     |   32|   0|   32|          0|
    |acc_next_954_fu_10688                                                                                     |   32|   0|   32|          0|
    |acc_next_955_fu_10692                                                                                     |   32|   0|   32|          0|
    |acc_next_956_fu_10696                                                                                     |   32|   0|   32|          0|
    |acc_next_957_fu_10700                                                                                     |   32|   0|   32|          0|
    |acc_next_958_fu_10704                                                                                     |   32|   0|   32|          0|
    |acc_next_959_fu_10708                                                                                     |   32|   0|   32|          0|
    |acc_next_960_fu_10712                                                                                     |   32|   0|   32|          0|
    |acc_next_961_fu_10716                                                                                     |   32|   0|   32|          0|
    |acc_next_962_fu_10720                                                                                     |   32|   0|   32|          0|
    |acc_next_963_fu_10724                                                                                     |   32|   0|   32|          0|
    |acc_next_964_fu_10728                                                                                     |   32|   0|   32|          0|
    |acc_next_965_fu_10732                                                                                     |   32|   0|   32|          0|
    |acc_next_966_fu_10736                                                                                     |   32|   0|   32|          0|
    |acc_next_967_fu_10740                                                                                     |   32|   0|   32|          0|
    |acc_next_968_fu_10744                                                                                     |   32|   0|   32|          0|
    |acc_next_969_fu_10748                                                                                     |   32|   0|   32|          0|
    |acc_next_970_fu_10752                                                                                     |   32|   0|   32|          0|
    |acc_next_971_fu_10756                                                                                     |   32|   0|   32|          0|
    |acc_next_972_fu_10760                                                                                     |   32|   0|   32|          0|
    |acc_next_973_fu_10764                                                                                     |   32|   0|   32|          0|
    |acc_next_974_fu_10768                                                                                     |   32|   0|   32|          0|
    |acc_next_975_fu_10772                                                                                     |   32|   0|   32|          0|
    |acc_next_976_fu_10776                                                                                     |   32|   0|   32|          0|
    |acc_next_977_fu_10780                                                                                     |   32|   0|   32|          0|
    |acc_next_978_fu_10784                                                                                     |   32|   0|   32|          0|
    |acc_next_979_fu_10788                                                                                     |   32|   0|   32|          0|
    |acc_next_980_fu_10792                                                                                     |   32|   0|   32|          0|
    |acc_next_981_fu_10796                                                                                     |   32|   0|   32|          0|
    |acc_next_982_fu_10800                                                                                     |   32|   0|   32|          0|
    |acc_next_983_fu_10804                                                                                     |   32|   0|   32|          0|
    |acc_next_984_fu_10808                                                                                     |   32|   0|   32|          0|
    |acc_next_985_fu_10812                                                                                     |   32|   0|   32|          0|
    |acc_next_986_fu_10816                                                                                     |   32|   0|   32|          0|
    |acc_next_987_fu_10820                                                                                     |   32|   0|   32|          0|
    |acc_next_988_fu_10824                                                                                     |   32|   0|   32|          0|
    |acc_next_989_fu_10828                                                                                     |   32|   0|   32|          0|
    |acc_next_990_fu_10832                                                                                     |   32|   0|   32|          0|
    |acc_next_991_fu_10836                                                                                     |   32|   0|   32|          0|
    |acc_next_992_fu_10840                                                                                     |   32|   0|   32|          0|
    |acc_next_993_fu_10844                                                                                     |   32|   0|   32|          0|
    |acc_next_994_fu_10848                                                                                     |   32|   0|   32|          0|
    |acc_next_995_fu_10852                                                                                     |   32|   0|   32|          0|
    |acc_next_996_fu_10856                                                                                     |   32|   0|   32|          0|
    |acc_next_997_fu_10860                                                                                     |   32|   0|   32|          0|
    |acc_next_998_fu_10864                                                                                     |   32|   0|   32|          0|
    |acc_next_999_fu_10868                                                                                     |   32|   0|   32|          0|
    |acc_next_fu_8948                                                                                          |   32|   0|   32|          0|
    |add_ln211_1_reg_58110                                                                                     |   26|   0|   26|          0|
    |add_ln211_2_reg_60678                                                                                     |   26|   0|   26|          0|
    |add_ln212_reg_60686                                                                                       |   32|   0|   32|          0|
    |add_ln241_reg_61388                                                                                       |    7|   0|    7|          0|
    |ap_CS_fsm                                                                                                 |   27|   0|   27|          0|
    |attn_out_read_reg_49368                                                                                   |   64|   0|   64|          0|
    |col_base_reg_12581                                                                                        |    7|   0|    7|          0|
    |grp_v_weighted_sum_multik_u55c_kernel_Pipeline_VITIS_LOOP_203_1_VITIS_LOOP_204_2_fu_17712_ap_start_reg    |    1|   0|    1|          0|
    |grp_v_weighted_sum_multik_u55c_kernel_Pipeline_VITIS_LOOP_217_5_fu_18740_ap_start_reg                     |    1|   0|    1|          0|
    |grp_v_weighted_sum_multik_u55c_kernel_Pipeline_VITIS_LOOP_227_6_VITIS_LOOP_228_7_fu_18881_ap_start_reg    |    1|   0|    1|          0|
    |grp_v_weighted_sum_multik_u55c_kernel_Pipeline_VITIS_LOOP_242_9_fu_18905_ap_start_reg                     |    1|   0|    1|          0|
    |grp_v_weighted_sum_multik_u55c_kernel_Pipeline_VITIS_LOOP_256_12_VITIS_LOOP_257_13_fu_20718_ap_start_reg  |    1|   0|    1|          0|
    |grp_v_weighted_sum_multik_u55c_kernel_Pipeline_VITIS_LOOP_265_14_VITIS_LOOP_266_15_fu_21746_ap_start_reg  |    1|   0|    1|          0|
    |icmp_ln211_reg_50919                                                                                      |    1|   0|    1|          0|
    |icmp_ln212_reg_60691                                                                                      |    1|   0|    1|          0|
    |indvars_iv7448_fu_6896                                                                                    |   26|   0|   26|          0|
    |k_cols_reg_60718                                                                                          |   32|   0|   32|          0|
    |key_base_fu_6892                                                                                          |   32|   0|   32|          0|
    |lshr_ln1_reg_60743                                                                                        |    2|   0|    2|          0|
    |probs_full_read_reg_49378                                                                                 |   64|   0|   64|          0|
    |query_base_read_reg_49356                                                                                 |   32|   0|   32|          0|
    |query_row_count_read_reg_49348                                                                            |   32|   0|   32|          0|
    |select_ln217_reg_60724                                                                                    |    7|   0|    7|          0|
    |select_ln265_1_reg_60713                                                                                  |    4|   0|    4|          0|
    |seq_len_read_reg_49362                                                                                    |   32|   0|   32|          0|
    |sub_ln212_reg_60696                                                                                       |   32|   0|   32|          0|
    |tmp_s_reg_65489                                                                                           |    2|   0|    8|          6|
    |trunc_ln211_reg_58105                                                                                     |   31|   0|   31|          0|
    |trunc_ln265_1_reg_60707                                                                                   |   62|   0|   62|          0|
    |trunc_ln4_reg_60701                                                                                       |   62|   0|   62|          0|
    |v_full_read_reg_49373                                                                                     |   64|   0|   64|          0|
    |weights_local_100_load_reg_65994                                                                          |   32|   0|   32|          0|
    |weights_local_101_load_reg_65999                                                                          |   32|   0|   32|          0|
    |weights_local_102_load_reg_66004                                                                          |   32|   0|   32|          0|
    |weights_local_103_load_reg_66009                                                                          |   32|   0|   32|          0|
    |weights_local_104_load_reg_66014                                                                          |   32|   0|   32|          0|
    |weights_local_105_load_reg_66019                                                                          |   32|   0|   32|          0|
    |weights_local_106_load_reg_66024                                                                          |   32|   0|   32|          0|
    |weights_local_107_load_reg_66029                                                                          |   32|   0|   32|          0|
    |weights_local_108_load_reg_66034                                                                          |   32|   0|   32|          0|
    |weights_local_109_load_reg_66039                                                                          |   32|   0|   32|          0|
    |weights_local_10_load_reg_65544                                                                           |   32|   0|   32|          0|
    |weights_local_110_load_reg_66044                                                                          |   32|   0|   32|          0|
    |weights_local_111_load_reg_66049                                                                          |   32|   0|   32|          0|
    |weights_local_112_load_reg_66054                                                                          |   32|   0|   32|          0|
    |weights_local_113_load_reg_66059                                                                          |   32|   0|   32|          0|
    |weights_local_114_load_reg_66064                                                                          |   32|   0|   32|          0|
    |weights_local_115_load_reg_66069                                                                          |   32|   0|   32|          0|
    |weights_local_116_load_reg_66074                                                                          |   32|   0|   32|          0|
    |weights_local_117_load_reg_66079                                                                          |   32|   0|   32|          0|
    |weights_local_118_load_reg_66084                                                                          |   32|   0|   32|          0|
    |weights_local_119_load_reg_66089                                                                          |   32|   0|   32|          0|
    |weights_local_11_load_reg_65549                                                                           |   32|   0|   32|          0|
    |weights_local_120_load_reg_66094                                                                          |   32|   0|   32|          0|
    |weights_local_121_load_reg_66099                                                                          |   32|   0|   32|          0|
    |weights_local_122_load_reg_66104                                                                          |   32|   0|   32|          0|
    |weights_local_123_load_reg_66109                                                                          |   32|   0|   32|          0|
    |weights_local_124_load_reg_66114                                                                          |   32|   0|   32|          0|
    |weights_local_125_load_reg_66119                                                                          |   32|   0|   32|          0|
    |weights_local_126_load_reg_66124                                                                          |   32|   0|   32|          0|
    |weights_local_127_load_reg_66129                                                                          |   32|   0|   32|          0|
    |weights_local_12_load_reg_65554                                                                           |   32|   0|   32|          0|
    |weights_local_13_load_reg_65559                                                                           |   32|   0|   32|          0|
    |weights_local_14_load_reg_65564                                                                           |   32|   0|   32|          0|
    |weights_local_15_load_reg_65569                                                                           |   32|   0|   32|          0|
    |weights_local_16_load_reg_65574                                                                           |   32|   0|   32|          0|
    |weights_local_17_load_reg_65579                                                                           |   32|   0|   32|          0|
    |weights_local_18_load_reg_65584                                                                           |   32|   0|   32|          0|
    |weights_local_19_load_reg_65589                                                                           |   32|   0|   32|          0|
    |weights_local_1_load_reg_65499                                                                            |   32|   0|   32|          0|
    |weights_local_20_load_reg_65594                                                                           |   32|   0|   32|          0|
    |weights_local_21_load_reg_65599                                                                           |   32|   0|   32|          0|
    |weights_local_22_load_reg_65604                                                                           |   32|   0|   32|          0|
    |weights_local_23_load_reg_65609                                                                           |   32|   0|   32|          0|
    |weights_local_24_load_reg_65614                                                                           |   32|   0|   32|          0|
    |weights_local_25_load_reg_65619                                                                           |   32|   0|   32|          0|
    |weights_local_26_load_reg_65624                                                                           |   32|   0|   32|          0|
    |weights_local_27_load_reg_65629                                                                           |   32|   0|   32|          0|
    |weights_local_28_load_reg_65634                                                                           |   32|   0|   32|          0|
    |weights_local_29_load_reg_65639                                                                           |   32|   0|   32|          0|
    |weights_local_2_load_reg_65504                                                                            |   32|   0|   32|          0|
    |weights_local_30_load_reg_65644                                                                           |   32|   0|   32|          0|
    |weights_local_31_load_reg_65649                                                                           |   32|   0|   32|          0|
    |weights_local_32_load_reg_65654                                                                           |   32|   0|   32|          0|
    |weights_local_33_load_reg_65659                                                                           |   32|   0|   32|          0|
    |weights_local_34_load_reg_65664                                                                           |   32|   0|   32|          0|
    |weights_local_35_load_reg_65669                                                                           |   32|   0|   32|          0|
    |weights_local_36_load_reg_65674                                                                           |   32|   0|   32|          0|
    |weights_local_37_load_reg_65679                                                                           |   32|   0|   32|          0|
    |weights_local_38_load_reg_65684                                                                           |   32|   0|   32|          0|
    |weights_local_39_load_reg_65689                                                                           |   32|   0|   32|          0|
    |weights_local_3_load_reg_65509                                                                            |   32|   0|   32|          0|
    |weights_local_40_load_reg_65694                                                                           |   32|   0|   32|          0|
    |weights_local_41_load_reg_65699                                                                           |   32|   0|   32|          0|
    |weights_local_42_load_reg_65704                                                                           |   32|   0|   32|          0|
    |weights_local_43_load_reg_65709                                                                           |   32|   0|   32|          0|
    |weights_local_44_load_reg_65714                                                                           |   32|   0|   32|          0|
    |weights_local_45_load_reg_65719                                                                           |   32|   0|   32|          0|
    |weights_local_46_load_reg_65724                                                                           |   32|   0|   32|          0|
    |weights_local_47_load_reg_65729                                                                           |   32|   0|   32|          0|
    |weights_local_48_load_reg_65734                                                                           |   32|   0|   32|          0|
    |weights_local_49_load_reg_65739                                                                           |   32|   0|   32|          0|
    |weights_local_4_load_reg_65514                                                                            |   32|   0|   32|          0|
    |weights_local_50_load_reg_65744                                                                           |   32|   0|   32|          0|
    |weights_local_51_load_reg_65749                                                                           |   32|   0|   32|          0|
    |weights_local_52_load_reg_65754                                                                           |   32|   0|   32|          0|
    |weights_local_53_load_reg_65759                                                                           |   32|   0|   32|          0|
    |weights_local_54_load_reg_65764                                                                           |   32|   0|   32|          0|
    |weights_local_55_load_reg_65769                                                                           |   32|   0|   32|          0|
    |weights_local_56_load_reg_65774                                                                           |   32|   0|   32|          0|
    |weights_local_57_load_reg_65779                                                                           |   32|   0|   32|          0|
    |weights_local_58_load_reg_65784                                                                           |   32|   0|   32|          0|
    |weights_local_59_load_reg_65789                                                                           |   32|   0|   32|          0|
    |weights_local_5_load_reg_65519                                                                            |   32|   0|   32|          0|
    |weights_local_60_load_reg_65794                                                                           |   32|   0|   32|          0|
    |weights_local_61_load_reg_65799                                                                           |   32|   0|   32|          0|
    |weights_local_62_load_reg_65804                                                                           |   32|   0|   32|          0|
    |weights_local_63_load_reg_65809                                                                           |   32|   0|   32|          0|
    |weights_local_64_load_reg_65814                                                                           |   32|   0|   32|          0|
    |weights_local_65_load_reg_65819                                                                           |   32|   0|   32|          0|
    |weights_local_66_load_reg_65824                                                                           |   32|   0|   32|          0|
    |weights_local_67_load_reg_65829                                                                           |   32|   0|   32|          0|
    |weights_local_68_load_reg_65834                                                                           |   32|   0|   32|          0|
    |weights_local_69_load_reg_65839                                                                           |   32|   0|   32|          0|
    |weights_local_6_load_reg_65524                                                                            |   32|   0|   32|          0|
    |weights_local_70_load_reg_65844                                                                           |   32|   0|   32|          0|
    |weights_local_71_load_reg_65849                                                                           |   32|   0|   32|          0|
    |weights_local_72_load_reg_65854                                                                           |   32|   0|   32|          0|
    |weights_local_73_load_reg_65859                                                                           |   32|   0|   32|          0|
    |weights_local_74_load_reg_65864                                                                           |   32|   0|   32|          0|
    |weights_local_75_load_reg_65869                                                                           |   32|   0|   32|          0|
    |weights_local_76_load_reg_65874                                                                           |   32|   0|   32|          0|
    |weights_local_77_load_reg_65879                                                                           |   32|   0|   32|          0|
    |weights_local_78_load_reg_65884                                                                           |   32|   0|   32|          0|
    |weights_local_79_load_reg_65889                                                                           |   32|   0|   32|          0|
    |weights_local_7_load_reg_65529                                                                            |   32|   0|   32|          0|
    |weights_local_80_load_reg_65894                                                                           |   32|   0|   32|          0|
    |weights_local_81_load_reg_65899                                                                           |   32|   0|   32|          0|
    |weights_local_82_load_reg_65904                                                                           |   32|   0|   32|          0|
    |weights_local_83_load_reg_65909                                                                           |   32|   0|   32|          0|
    |weights_local_84_load_reg_65914                                                                           |   32|   0|   32|          0|
    |weights_local_85_load_reg_65919                                                                           |   32|   0|   32|          0|
    |weights_local_86_load_reg_65924                                                                           |   32|   0|   32|          0|
    |weights_local_87_load_reg_65929                                                                           |   32|   0|   32|          0|
    |weights_local_88_load_reg_65934                                                                           |   32|   0|   32|          0|
    |weights_local_89_load_reg_65939                                                                           |   32|   0|   32|          0|
    |weights_local_8_load_reg_65534                                                                            |   32|   0|   32|          0|
    |weights_local_90_load_reg_65944                                                                           |   32|   0|   32|          0|
    |weights_local_91_load_reg_65949                                                                           |   32|   0|   32|          0|
    |weights_local_92_load_reg_65954                                                                           |   32|   0|   32|          0|
    |weights_local_93_load_reg_65959                                                                           |   32|   0|   32|          0|
    |weights_local_94_load_reg_65964                                                                           |   32|   0|   32|          0|
    |weights_local_95_load_reg_65969                                                                           |   32|   0|   32|          0|
    |weights_local_96_load_reg_65974                                                                           |   32|   0|   32|          0|
    |weights_local_97_load_reg_65979                                                                           |   32|   0|   32|          0|
    |weights_local_98_load_reg_65984                                                                           |   32|   0|   32|          0|
    |weights_local_99_load_reg_65989                                                                           |   32|   0|   32|          0|
    |weights_local_9_load_reg_65539                                                                            |   32|   0|   32|          0|
    |weights_local_load_reg_65494                                                                              |   32|   0|   32|          0|
    +----------------------------------------------------------------------------------------------------------+-----+----+-----+-----------+
    |Total                                                                                                     |70345|   0|70351|          6|
    +----------------------------------------------------------------------------------------------------------+-----+----+-----+-----------+



================================================================
== Interface
================================================================
* Summary: 
+-----------------------------+-----+-----+------------+-------------------------------------------------------------------------+--------------+
|          RTL Ports          | Dir | Bits|  Protocol  |                              Source Object                              |    C Type    |
+-----------------------------+-----+-----+------------+-------------------------------------------------------------------------+--------------+
|s_axi_control_AWVALID        |   in|    1|       s_axi|                                                                  control|        scalar|
|s_axi_control_AWREADY        |  out|    1|       s_axi|                                                                  control|        scalar|
|s_axi_control_AWADDR         |   in|    7|       s_axi|                                                                  control|        scalar|
|s_axi_control_WVALID         |   in|    1|       s_axi|                                                                  control|        scalar|
|s_axi_control_WREADY         |  out|    1|       s_axi|                                                                  control|        scalar|
|s_axi_control_WDATA          |   in|   32|       s_axi|                                                                  control|        scalar|
|s_axi_control_WSTRB          |   in|    4|       s_axi|                                                                  control|        scalar|
|s_axi_control_ARVALID        |   in|    1|       s_axi|                                                                  control|        scalar|
|s_axi_control_ARREADY        |  out|    1|       s_axi|                                                                  control|        scalar|
|s_axi_control_ARADDR         |   in|    7|       s_axi|                                                                  control|        scalar|
|s_axi_control_RVALID         |  out|    1|       s_axi|                                                                  control|        scalar|
|s_axi_control_RREADY         |   in|    1|       s_axi|                                                                  control|        scalar|
|s_axi_control_RDATA          |  out|   32|       s_axi|                                                                  control|        scalar|
|s_axi_control_RRESP          |  out|    2|       s_axi|                                                                  control|        scalar|
|s_axi_control_BVALID         |  out|    1|       s_axi|                                                                  control|        scalar|
|s_axi_control_BREADY         |   in|    1|       s_axi|                                                                  control|        scalar|
|s_axi_control_BRESP          |  out|    2|       s_axi|                                                                  control|        scalar|
|ap_clk                       |   in|    1|  ap_ctrl_hs|  attention_score_u55c::v_weighted_sum::v_weighted_sum_multik_u55c_kernel|  return value|
|ap_rst_n                     |   in|    1|  ap_ctrl_hs|  attention_score_u55c::v_weighted_sum::v_weighted_sum_multik_u55c_kernel|  return value|
|interrupt                    |  out|    1|  ap_ctrl_hs|  attention_score_u55c::v_weighted_sum::v_weighted_sum_multik_u55c_kernel|  return value|
|m_axi_gmem_weights_AWVALID   |  out|    1|       m_axi|                                                             gmem_weights|       pointer|
|m_axi_gmem_weights_AWREADY   |   in|    1|       m_axi|                                                             gmem_weights|       pointer|
|m_axi_gmem_weights_AWADDR    |  out|   64|       m_axi|                                                             gmem_weights|       pointer|
|m_axi_gmem_weights_AWID      |  out|    1|       m_axi|                                                             gmem_weights|       pointer|
|m_axi_gmem_weights_AWLEN     |  out|    8|       m_axi|                                                             gmem_weights|       pointer|
|m_axi_gmem_weights_AWSIZE    |  out|    3|       m_axi|                                                             gmem_weights|       pointer|
|m_axi_gmem_weights_AWBURST   |  out|    2|       m_axi|                                                             gmem_weights|       pointer|
|m_axi_gmem_weights_AWLOCK    |  out|    2|       m_axi|                                                             gmem_weights|       pointer|
|m_axi_gmem_weights_AWCACHE   |  out|    4|       m_axi|                                                             gmem_weights|       pointer|
|m_axi_gmem_weights_AWPROT    |  out|    3|       m_axi|                                                             gmem_weights|       pointer|
|m_axi_gmem_weights_AWQOS     |  out|    4|       m_axi|                                                             gmem_weights|       pointer|
|m_axi_gmem_weights_AWREGION  |  out|    4|       m_axi|                                                             gmem_weights|       pointer|
|m_axi_gmem_weights_AWUSER    |  out|    1|       m_axi|                                                             gmem_weights|       pointer|
|m_axi_gmem_weights_WVALID    |  out|    1|       m_axi|                                                             gmem_weights|       pointer|
|m_axi_gmem_weights_WREADY    |   in|    1|       m_axi|                                                             gmem_weights|       pointer|
|m_axi_gmem_weights_WDATA     |  out|   32|       m_axi|                                                             gmem_weights|       pointer|
|m_axi_gmem_weights_WSTRB     |  out|    4|       m_axi|                                                             gmem_weights|       pointer|
|m_axi_gmem_weights_WLAST     |  out|    1|       m_axi|                                                             gmem_weights|       pointer|
|m_axi_gmem_weights_WID       |  out|    1|       m_axi|                                                             gmem_weights|       pointer|
|m_axi_gmem_weights_WUSER     |  out|    1|       m_axi|                                                             gmem_weights|       pointer|
|m_axi_gmem_weights_ARVALID   |  out|    1|       m_axi|                                                             gmem_weights|       pointer|
|m_axi_gmem_weights_ARREADY   |   in|    1|       m_axi|                                                             gmem_weights|       pointer|
|m_axi_gmem_weights_ARADDR    |  out|   64|       m_axi|                                                             gmem_weights|       pointer|
|m_axi_gmem_weights_ARID      |  out|    1|       m_axi|                                                             gmem_weights|       pointer|
|m_axi_gmem_weights_ARLEN     |  out|    8|       m_axi|                                                             gmem_weights|       pointer|
|m_axi_gmem_weights_ARSIZE    |  out|    3|       m_axi|                                                             gmem_weights|       pointer|
|m_axi_gmem_weights_ARBURST   |  out|    2|       m_axi|                                                             gmem_weights|       pointer|
|m_axi_gmem_weights_ARLOCK    |  out|    2|       m_axi|                                                             gmem_weights|       pointer|
|m_axi_gmem_weights_ARCACHE   |  out|    4|       m_axi|                                                             gmem_weights|       pointer|
|m_axi_gmem_weights_ARPROT    |  out|    3|       m_axi|                                                             gmem_weights|       pointer|
|m_axi_gmem_weights_ARQOS     |  out|    4|       m_axi|                                                             gmem_weights|       pointer|
|m_axi_gmem_weights_ARREGION  |  out|    4|       m_axi|                                                             gmem_weights|       pointer|
|m_axi_gmem_weights_ARUSER    |  out|    1|       m_axi|                                                             gmem_weights|       pointer|
|m_axi_gmem_weights_RVALID    |   in|    1|       m_axi|                                                             gmem_weights|       pointer|
|m_axi_gmem_weights_RREADY    |  out|    1|       m_axi|                                                             gmem_weights|       pointer|
|m_axi_gmem_weights_RDATA     |   in|   32|       m_axi|                                                             gmem_weights|       pointer|
|m_axi_gmem_weights_RLAST     |   in|    1|       m_axi|                                                             gmem_weights|       pointer|
|m_axi_gmem_weights_RID       |   in|    1|       m_axi|                                                             gmem_weights|       pointer|
|m_axi_gmem_weights_RUSER     |   in|    1|       m_axi|                                                             gmem_weights|       pointer|
|m_axi_gmem_weights_RRESP     |   in|    2|       m_axi|                                                             gmem_weights|       pointer|
|m_axi_gmem_weights_BVALID    |   in|    1|       m_axi|                                                             gmem_weights|       pointer|
|m_axi_gmem_weights_BREADY    |  out|    1|       m_axi|                                                             gmem_weights|       pointer|
|m_axi_gmem_weights_BRESP     |   in|    2|       m_axi|                                                             gmem_weights|       pointer|
|m_axi_gmem_weights_BID       |   in|    1|       m_axi|                                                             gmem_weights|       pointer|
|m_axi_gmem_weights_BUSER     |   in|    1|       m_axi|                                                             gmem_weights|       pointer|
|m_axi_gmem_v_AWVALID         |  out|    1|       m_axi|                                                                   gmem_v|       pointer|
|m_axi_gmem_v_AWREADY         |   in|    1|       m_axi|                                                                   gmem_v|       pointer|
|m_axi_gmem_v_AWADDR          |  out|   64|       m_axi|                                                                   gmem_v|       pointer|
|m_axi_gmem_v_AWID            |  out|    1|       m_axi|                                                                   gmem_v|       pointer|
|m_axi_gmem_v_AWLEN           |  out|    8|       m_axi|                                                                   gmem_v|       pointer|
|m_axi_gmem_v_AWSIZE          |  out|    3|       m_axi|                                                                   gmem_v|       pointer|
|m_axi_gmem_v_AWBURST         |  out|    2|       m_axi|                                                                   gmem_v|       pointer|
|m_axi_gmem_v_AWLOCK          |  out|    2|       m_axi|                                                                   gmem_v|       pointer|
|m_axi_gmem_v_AWCACHE         |  out|    4|       m_axi|                                                                   gmem_v|       pointer|
|m_axi_gmem_v_AWPROT          |  out|    3|       m_axi|                                                                   gmem_v|       pointer|
|m_axi_gmem_v_AWQOS           |  out|    4|       m_axi|                                                                   gmem_v|       pointer|
|m_axi_gmem_v_AWREGION        |  out|    4|       m_axi|                                                                   gmem_v|       pointer|
|m_axi_gmem_v_AWUSER          |  out|    1|       m_axi|                                                                   gmem_v|       pointer|
|m_axi_gmem_v_WVALID          |  out|    1|       m_axi|                                                                   gmem_v|       pointer|
|m_axi_gmem_v_WREADY          |   in|    1|       m_axi|                                                                   gmem_v|       pointer|
|m_axi_gmem_v_WDATA           |  out|   32|       m_axi|                                                                   gmem_v|       pointer|
|m_axi_gmem_v_WSTRB           |  out|    4|       m_axi|                                                                   gmem_v|       pointer|
|m_axi_gmem_v_WLAST           |  out|    1|       m_axi|                                                                   gmem_v|       pointer|
|m_axi_gmem_v_WID             |  out|    1|       m_axi|                                                                   gmem_v|       pointer|
|m_axi_gmem_v_WUSER           |  out|    1|       m_axi|                                                                   gmem_v|       pointer|
|m_axi_gmem_v_ARVALID         |  out|    1|       m_axi|                                                                   gmem_v|       pointer|
|m_axi_gmem_v_ARREADY         |   in|    1|       m_axi|                                                                   gmem_v|       pointer|
|m_axi_gmem_v_ARADDR          |  out|   64|       m_axi|                                                                   gmem_v|       pointer|
|m_axi_gmem_v_ARID            |  out|    1|       m_axi|                                                                   gmem_v|       pointer|
|m_axi_gmem_v_ARLEN           |  out|    8|       m_axi|                                                                   gmem_v|       pointer|
|m_axi_gmem_v_ARSIZE          |  out|    3|       m_axi|                                                                   gmem_v|       pointer|
|m_axi_gmem_v_ARBURST         |  out|    2|       m_axi|                                                                   gmem_v|       pointer|
|m_axi_gmem_v_ARLOCK          |  out|    2|       m_axi|                                                                   gmem_v|       pointer|
|m_axi_gmem_v_ARCACHE         |  out|    4|       m_axi|                                                                   gmem_v|       pointer|
|m_axi_gmem_v_ARPROT          |  out|    3|       m_axi|                                                                   gmem_v|       pointer|
|m_axi_gmem_v_ARQOS           |  out|    4|       m_axi|                                                                   gmem_v|       pointer|
|m_axi_gmem_v_ARREGION        |  out|    4|       m_axi|                                                                   gmem_v|       pointer|
|m_axi_gmem_v_ARUSER          |  out|    1|       m_axi|                                                                   gmem_v|       pointer|
|m_axi_gmem_v_RVALID          |   in|    1|       m_axi|                                                                   gmem_v|       pointer|
|m_axi_gmem_v_RREADY          |  out|    1|       m_axi|                                                                   gmem_v|       pointer|
|m_axi_gmem_v_RDATA           |   in|   32|       m_axi|                                                                   gmem_v|       pointer|
|m_axi_gmem_v_RLAST           |   in|    1|       m_axi|                                                                   gmem_v|       pointer|
|m_axi_gmem_v_RID             |   in|    1|       m_axi|                                                                   gmem_v|       pointer|
|m_axi_gmem_v_RUSER           |   in|    1|       m_axi|                                                                   gmem_v|       pointer|
|m_axi_gmem_v_RRESP           |   in|    2|       m_axi|                                                                   gmem_v|       pointer|
|m_axi_gmem_v_BVALID          |   in|    1|       m_axi|                                                                   gmem_v|       pointer|
|m_axi_gmem_v_BREADY          |  out|    1|       m_axi|                                                                   gmem_v|       pointer|
|m_axi_gmem_v_BRESP           |   in|    2|       m_axi|                                                                   gmem_v|       pointer|
|m_axi_gmem_v_BID             |   in|    1|       m_axi|                                                                   gmem_v|       pointer|
|m_axi_gmem_v_BUSER           |   in|    1|       m_axi|                                                                   gmem_v|       pointer|
|m_axi_gmem_out_AWVALID       |  out|    1|       m_axi|                                                                 gmem_out|       pointer|
|m_axi_gmem_out_AWREADY       |   in|    1|       m_axi|                                                                 gmem_out|       pointer|
|m_axi_gmem_out_AWADDR        |  out|   64|       m_axi|                                                                 gmem_out|       pointer|
|m_axi_gmem_out_AWID          |  out|    1|       m_axi|                                                                 gmem_out|       pointer|
|m_axi_gmem_out_AWLEN         |  out|    8|       m_axi|                                                                 gmem_out|       pointer|
|m_axi_gmem_out_AWSIZE        |  out|    3|       m_axi|                                                                 gmem_out|       pointer|
|m_axi_gmem_out_AWBURST       |  out|    2|       m_axi|                                                                 gmem_out|       pointer|
|m_axi_gmem_out_AWLOCK        |  out|    2|       m_axi|                                                                 gmem_out|       pointer|
|m_axi_gmem_out_AWCACHE       |  out|    4|       m_axi|                                                                 gmem_out|       pointer|
|m_axi_gmem_out_AWPROT        |  out|    3|       m_axi|                                                                 gmem_out|       pointer|
|m_axi_gmem_out_AWQOS         |  out|    4|       m_axi|                                                                 gmem_out|       pointer|
|m_axi_gmem_out_AWREGION      |  out|    4|       m_axi|                                                                 gmem_out|       pointer|
|m_axi_gmem_out_AWUSER        |  out|    1|       m_axi|                                                                 gmem_out|       pointer|
|m_axi_gmem_out_WVALID        |  out|    1|       m_axi|                                                                 gmem_out|       pointer|
|m_axi_gmem_out_WREADY        |   in|    1|       m_axi|                                                                 gmem_out|       pointer|
|m_axi_gmem_out_WDATA         |  out|   32|       m_axi|                                                                 gmem_out|       pointer|
|m_axi_gmem_out_WSTRB         |  out|    4|       m_axi|                                                                 gmem_out|       pointer|
|m_axi_gmem_out_WLAST         |  out|    1|       m_axi|                                                                 gmem_out|       pointer|
|m_axi_gmem_out_WID           |  out|    1|       m_axi|                                                                 gmem_out|       pointer|
|m_axi_gmem_out_WUSER         |  out|    1|       m_axi|                                                                 gmem_out|       pointer|
|m_axi_gmem_out_ARVALID       |  out|    1|       m_axi|                                                                 gmem_out|       pointer|
|m_axi_gmem_out_ARREADY       |   in|    1|       m_axi|                                                                 gmem_out|       pointer|
|m_axi_gmem_out_ARADDR        |  out|   64|       m_axi|                                                                 gmem_out|       pointer|
|m_axi_gmem_out_ARID          |  out|    1|       m_axi|                                                                 gmem_out|       pointer|
|m_axi_gmem_out_ARLEN         |  out|    8|       m_axi|                                                                 gmem_out|       pointer|
|m_axi_gmem_out_ARSIZE        |  out|    3|       m_axi|                                                                 gmem_out|       pointer|
|m_axi_gmem_out_ARBURST       |  out|    2|       m_axi|                                                                 gmem_out|       pointer|
|m_axi_gmem_out_ARLOCK        |  out|    2|       m_axi|                                                                 gmem_out|       pointer|
|m_axi_gmem_out_ARCACHE       |  out|    4|       m_axi|                                                                 gmem_out|       pointer|
|m_axi_gmem_out_ARPROT        |  out|    3|       m_axi|                                                                 gmem_out|       pointer|
|m_axi_gmem_out_ARQOS         |  out|    4|       m_axi|                                                                 gmem_out|       pointer|
|m_axi_gmem_out_ARREGION      |  out|    4|       m_axi|                                                                 gmem_out|       pointer|
|m_axi_gmem_out_ARUSER        |  out|    1|       m_axi|                                                                 gmem_out|       pointer|
|m_axi_gmem_out_RVALID        |   in|    1|       m_axi|                                                                 gmem_out|       pointer|
|m_axi_gmem_out_RREADY        |  out|    1|       m_axi|                                                                 gmem_out|       pointer|
|m_axi_gmem_out_RDATA         |   in|   32|       m_axi|                                                                 gmem_out|       pointer|
|m_axi_gmem_out_RLAST         |   in|    1|       m_axi|                                                                 gmem_out|       pointer|
|m_axi_gmem_out_RID           |   in|    1|       m_axi|                                                                 gmem_out|       pointer|
|m_axi_gmem_out_RUSER         |   in|    1|       m_axi|                                                                 gmem_out|       pointer|
|m_axi_gmem_out_RRESP         |   in|    2|       m_axi|                                                                 gmem_out|       pointer|
|m_axi_gmem_out_BVALID        |   in|    1|       m_axi|                                                                 gmem_out|       pointer|
|m_axi_gmem_out_BREADY        |  out|    1|       m_axi|                                                                 gmem_out|       pointer|
|m_axi_gmem_out_BRESP         |   in|    2|       m_axi|                                                                 gmem_out|       pointer|
|m_axi_gmem_out_BID           |   in|    1|       m_axi|                                                                 gmem_out|       pointer|
|m_axi_gmem_out_BUSER         |   in|    1|       m_axi|                                                                 gmem_out|       pointer|
+-----------------------------+-----+-----+------------+-------------------------------------------------------------------------+--------------+

