

================================================================
== Vitis HLS Report for 'v_weighted_sum_multik_u55c_kernel'
================================================================
* Date:           Tue May  5 17:12:28 2026

* Version:        2022.2 (Build 3670227 on Oct 13 2022)
* Project:        v_weighted_sum_multik_prj
* Solution:       sol1 (Vivado IP Flow Target)
* Product family: virtexuplus
* Target device:  xcu55c-fsvh2892-2L-e


================================================================
== Performance Estimates
================================================================
+ Timing: 
    * Summary: 
    +--------+---------+----------+------------+
    |  Clock |  Target | Estimated| Uncertainty|
    +--------+---------+----------+------------+
    |ap_clk  |  4.00 ns|  4.113 ns|     1.08 ns|
    +--------+---------+----------+------------+

+ Latency: 
    * Summary: 
    +---------+---------+----------+----------+------+-----+---------+
    |  Latency (cycles) |  Latency (absolute) |  Interval  | Pipeline|
    |   min   |   max   |    min   |    max   |  min | max |   Type  |
    +---------+---------+----------+----------+------+-----+---------+
    |     1039|        ?|  4.274 us|         ?|  1040|    ?|       no|
    +---------+---------+----------+----------+------+-----+---------+

    + Detail: 
        * Instance: 
        +---------------------------------------------------------------------------------------------+--------------------------------------------------------------------------------+---------+---------+-----------+-----------+------+------+---------+
        |                                                                                             |                                                                                |  Latency (cycles) |   Latency (absolute)  |   Interval  | Pipeline|
        |                                           Instance                                          |                                     Module                                     |   min   |   max   |    min    |    max    |  min |  max |   Type  |
        +---------------------------------------------------------------------------------------------+--------------------------------------------------------------------------------+---------+---------+-----------+-----------+------+------+---------+
        |grp_v_weighted_sum_multik_u55c_kernel_Pipeline_VITIS_LOOP_193_1_VITIS_LOOP_194_2_fu_9939     |v_weighted_sum_multik_u55c_kernel_Pipeline_VITIS_LOOP_193_1_VITIS_LOOP_194_2    |      514|      514|   2.056 us|   2.056 us|   514|   514|       no|
        |grp_v_weighted_sum_multik_u55c_kernel_Pipeline_VITIS_LOOP_206_5_fu_10455                     |v_weighted_sum_multik_u55c_kernel_Pipeline_VITIS_LOOP_206_5                     |      525|      525|   2.100 us|   2.100 us|   525|   525|       no|
        |grp_v_weighted_sum_multik_u55c_kernel_Pipeline_VITIS_LOOP_216_6_VITIS_LOOP_217_7_fu_10532    |v_weighted_sum_multik_u55c_kernel_Pipeline_VITIS_LOOP_216_6_VITIS_LOOP_217_7    |     4099|     4099|  16.396 us|  16.396 us|  4099|  4099|       no|
        |grp_v_weighted_sum_multik_u55c_kernel_Pipeline_VITIS_LOOP_227_8_VITIS_LOOP_228_9_fu_10604    |v_weighted_sum_multik_u55c_kernel_Pipeline_VITIS_LOOP_227_8_VITIS_LOOP_228_9    |     1991|     1991|   8.189 us|   8.189 us|  1991|  1991|       no|
        |grp_v_weighted_sum_multik_u55c_kernel_Pipeline_VITIS_LOOP_242_11_VITIS_LOOP_243_12_fu_11248  |v_weighted_sum_multik_u55c_kernel_Pipeline_VITIS_LOOP_242_11_VITIS_LOOP_243_12  |      514|      514|   2.056 us|   2.056 us|   514|   514|       no|
        +---------------------------------------------------------------------------------------------+--------------------------------------------------------------------------------+---------+---------+-----------+-----------+------+------+---------+

        * Loop: 
        +--------------------+---------+---------+----------+-----------+-----------+-------+----------+
        |                    |  Latency (cycles) | Iteration|  Initiation Interval  |  Trip |          |
        |      Loop Name     |   min   |   max   |  Latency |  achieved |   target  | Count | Pipelined|
        +--------------------+---------+---------+----------+-----------+-----------+-------+----------+
        |- VITIS_LOOP_200_3  |     6103|        ?|      6103|          -|          -|  1 ~ ?|        no|
        +--------------------+---------+---------+----------+-----------+-----------+-------+----------+



================================================================
== Utilization Estimates
================================================================
* Summary: 
+---------------------+---------+------+---------+---------+-----+
|         Name        | BRAM_18K|  DSP |    FF   |   LUT   | URAM|
+---------------------+---------+------+---------+---------+-----+
|DSP                  |        -|     -|        -|        -|    -|
|Expression           |        -|     -|        0|      567|    -|
|FIFO                 |        -|     -|        -|        -|    -|
|Instance             |        0|   113|    25954|    30759|    0|
|Memory               |        0|     -|     4096|     4224|    0|
|Multiplexer          |        -|     -|        -|    14254|    -|
|Register             |        -|     -|    33433|        -|    -|
+---------------------+---------+------+---------+---------+-----+
|Total                |        0|   113|    63483|    49804|    0|
+---------------------+---------+------+---------+---------+-----+
|Available SLR        |     1344|  3008|   869120|   434560|  320|
+---------------------+---------+------+---------+---------+-----+
|Utilization SLR (%)  |        0|     3|        7|       11|    0|
+---------------------+---------+------+---------+---------+-----+
|Available            |     4032|  9024|  2607360|  1303680|  960|
+---------------------+---------+------+---------+---------+-----+
|Utilization (%)      |        0|     1|        2|        3|    0|
+---------------------+---------+------+---------+---------+-----+

+ Detail: 
    * Instance: 
    +---------------------------------------------------------------------------------------------+--------------------------------------------------------------------------------+---------+-----+-------+-------+-----+
    |                                           Instance                                          |                                     Module                                     | BRAM_18K| DSP |   FF  |  LUT  | URAM|
    +---------------------------------------------------------------------------------------------+--------------------------------------------------------------------------------+---------+-----+-------+-------+-----+
    |control_s_axi_U                                                                              |control_s_axi                                                                   |        0|    0|    360|    616|    0|
    |gmem_out_m_axi_U                                                                             |gmem_out_m_axi                                                                  |        0|    0|    764|   1118|    0|
    |gmem_v_m_axi_U                                                                               |gmem_v_m_axi                                                                    |        0|    0|    764|   1118|    0|
    |gmem_weights_m_axi_U                                                                         |gmem_weights_m_axi                                                              |        0|    0|    764|   1118|    0|
    |grp_v_weighted_sum_multik_u55c_kernel_Pipeline_VITIS_LOOP_193_1_VITIS_LOOP_194_2_fu_9939     |v_weighted_sum_multik_u55c_kernel_Pipeline_VITIS_LOOP_193_1_VITIS_LOOP_194_2    |        0|    0|     23|    139|    0|
    |grp_v_weighted_sum_multik_u55c_kernel_Pipeline_VITIS_LOOP_206_5_fu_10455                     |v_weighted_sum_multik_u55c_kernel_Pipeline_VITIS_LOOP_206_5                     |        0|    3|   1386|    774|    0|
    |grp_v_weighted_sum_multik_u55c_kernel_Pipeline_VITIS_LOOP_216_6_VITIS_LOOP_217_7_fu_10532    |v_weighted_sum_multik_u55c_kernel_Pipeline_VITIS_LOOP_216_6_VITIS_LOOP_217_7    |        0|    0|    158|    236|    0|
    |grp_v_weighted_sum_multik_u55c_kernel_Pipeline_VITIS_LOOP_227_8_VITIS_LOOP_228_9_fu_10604    |v_weighted_sum_multik_u55c_kernel_Pipeline_VITIS_LOOP_227_8_VITIS_LOOP_228_9    |        0|  110|  21678|  23208|    0|
    |grp_v_weighted_sum_multik_u55c_kernel_Pipeline_VITIS_LOOP_242_11_VITIS_LOOP_243_12_fu_11248  |v_weighted_sum_multik_u55c_kernel_Pipeline_VITIS_LOOP_242_11_VITIS_LOOP_243_12  |        0|    0|     57|   2432|    0|
    +---------------------------------------------------------------------------------------------+--------------------------------------------------------------------------------+---------+-----+-------+-------+-----+
    |Total                                                                                        |                                                                                |        0|  113|  25954|  30759|    0|
    +---------------------------------------------------------------------------------------------+--------------------------------------------------------------------------------+---------+-----+-------+-------+-----+

    * DSP: 
    N/A

    * Memory: 
    +--------------------+-----------------------------+---------+----+----+-----+------+-----+------+-------------+
    |       Memory       |            Module           | BRAM_18K| FF | LUT| URAM| Words| Bits| Banks| W*Bits*Banks|
    +--------------------+-----------------------------+---------+----+----+-----+------+-----+------+-------------+
    |v_local_U           |v_local_RAM_AUTO_1R1W        |        0|  32|  33|    0|    64|   32|     1|         2048|
    |v_local_1_U         |v_local_RAM_AUTO_1R1W        |        0|  32|  33|    0|    64|   32|     1|         2048|
    |v_local_2_U         |v_local_RAM_AUTO_1R1W        |        0|  32|  33|    0|    64|   32|     1|         2048|
    |v_local_3_U         |v_local_RAM_AUTO_1R1W        |        0|  32|  33|    0|    64|   32|     1|         2048|
    |v_local_4_U         |v_local_RAM_AUTO_1R1W        |        0|  32|  33|    0|    64|   32|     1|         2048|
    |v_local_5_U         |v_local_RAM_AUTO_1R1W        |        0|  32|  33|    0|    64|   32|     1|         2048|
    |v_local_6_U         |v_local_RAM_AUTO_1R1W        |        0|  32|  33|    0|    64|   32|     1|         2048|
    |v_local_7_U         |v_local_RAM_AUTO_1R1W        |        0|  32|  33|    0|    64|   32|     1|         2048|
    |v_local_8_U         |v_local_RAM_AUTO_1R1W        |        0|  32|  33|    0|    64|   32|     1|         2048|
    |v_local_9_U         |v_local_RAM_AUTO_1R1W        |        0|  32|  33|    0|    64|   32|     1|         2048|
    |v_local_10_U        |v_local_RAM_AUTO_1R1W        |        0|  32|  33|    0|    64|   32|     1|         2048|
    |v_local_11_U        |v_local_RAM_AUTO_1R1W        |        0|  32|  33|    0|    64|   32|     1|         2048|
    |v_local_12_U        |v_local_RAM_AUTO_1R1W        |        0|  32|  33|    0|    64|   32|     1|         2048|
    |v_local_13_U        |v_local_RAM_AUTO_1R1W        |        0|  32|  33|    0|    64|   32|     1|         2048|
    |v_local_14_U        |v_local_RAM_AUTO_1R1W        |        0|  32|  33|    0|    64|   32|     1|         2048|
    |v_local_15_U        |v_local_RAM_AUTO_1R1W        |        0|  32|  33|    0|    64|   32|     1|         2048|
    |v_local_16_U        |v_local_RAM_AUTO_1R1W        |        0|  32|  33|    0|    64|   32|     1|         2048|
    |v_local_17_U        |v_local_RAM_AUTO_1R1W        |        0|  32|  33|    0|    64|   32|     1|         2048|
    |v_local_18_U        |v_local_RAM_AUTO_1R1W        |        0|  32|  33|    0|    64|   32|     1|         2048|
    |v_local_19_U        |v_local_RAM_AUTO_1R1W        |        0|  32|  33|    0|    64|   32|     1|         2048|
    |v_local_20_U        |v_local_RAM_AUTO_1R1W        |        0|  32|  33|    0|    64|   32|     1|         2048|
    |v_local_21_U        |v_local_RAM_AUTO_1R1W        |        0|  32|  33|    0|    64|   32|     1|         2048|
    |v_local_22_U        |v_local_RAM_AUTO_1R1W        |        0|  32|  33|    0|    64|   32|     1|         2048|
    |v_local_23_U        |v_local_RAM_AUTO_1R1W        |        0|  32|  33|    0|    64|   32|     1|         2048|
    |v_local_24_U        |v_local_RAM_AUTO_1R1W        |        0|  32|  33|    0|    64|   32|     1|         2048|
    |v_local_25_U        |v_local_RAM_AUTO_1R1W        |        0|  32|  33|    0|    64|   32|     1|         2048|
    |v_local_26_U        |v_local_RAM_AUTO_1R1W        |        0|  32|  33|    0|    64|   32|     1|         2048|
    |v_local_27_U        |v_local_RAM_AUTO_1R1W        |        0|  32|  33|    0|    64|   32|     1|         2048|
    |v_local_28_U        |v_local_RAM_AUTO_1R1W        |        0|  32|  33|    0|    64|   32|     1|         2048|
    |v_local_29_U        |v_local_RAM_AUTO_1R1W        |        0|  32|  33|    0|    64|   32|     1|         2048|
    |v_local_30_U        |v_local_RAM_AUTO_1R1W        |        0|  32|  33|    0|    64|   32|     1|         2048|
    |v_local_31_U        |v_local_RAM_AUTO_1R1W        |        0|  32|  33|    0|    64|   32|     1|         2048|
    |v_local_32_U        |v_local_RAM_AUTO_1R1W        |        0|  32|  33|    0|    64|   32|     1|         2048|
    |v_local_33_U        |v_local_RAM_AUTO_1R1W        |        0|  32|  33|    0|    64|   32|     1|         2048|
    |v_local_34_U        |v_local_RAM_AUTO_1R1W        |        0|  32|  33|    0|    64|   32|     1|         2048|
    |v_local_35_U        |v_local_RAM_AUTO_1R1W        |        0|  32|  33|    0|    64|   32|     1|         2048|
    |v_local_36_U        |v_local_RAM_AUTO_1R1W        |        0|  32|  33|    0|    64|   32|     1|         2048|
    |v_local_37_U        |v_local_RAM_AUTO_1R1W        |        0|  32|  33|    0|    64|   32|     1|         2048|
    |v_local_38_U        |v_local_RAM_AUTO_1R1W        |        0|  32|  33|    0|    64|   32|     1|         2048|
    |v_local_39_U        |v_local_RAM_AUTO_1R1W        |        0|  32|  33|    0|    64|   32|     1|         2048|
    |v_local_40_U        |v_local_RAM_AUTO_1R1W        |        0|  32|  33|    0|    64|   32|     1|         2048|
    |v_local_41_U        |v_local_RAM_AUTO_1R1W        |        0|  32|  33|    0|    64|   32|     1|         2048|
    |v_local_42_U        |v_local_RAM_AUTO_1R1W        |        0|  32|  33|    0|    64|   32|     1|         2048|
    |v_local_43_U        |v_local_RAM_AUTO_1R1W        |        0|  32|  33|    0|    64|   32|     1|         2048|
    |v_local_44_U        |v_local_RAM_AUTO_1R1W        |        0|  32|  33|    0|    64|   32|     1|         2048|
    |v_local_45_U        |v_local_RAM_AUTO_1R1W        |        0|  32|  33|    0|    64|   32|     1|         2048|
    |v_local_46_U        |v_local_RAM_AUTO_1R1W        |        0|  32|  33|    0|    64|   32|     1|         2048|
    |v_local_47_U        |v_local_RAM_AUTO_1R1W        |        0|  32|  33|    0|    64|   32|     1|         2048|
    |v_local_48_U        |v_local_RAM_AUTO_1R1W        |        0|  32|  33|    0|    64|   32|     1|         2048|
    |v_local_49_U        |v_local_RAM_AUTO_1R1W        |        0|  32|  33|    0|    64|   32|     1|         2048|
    |v_local_50_U        |v_local_RAM_AUTO_1R1W        |        0|  32|  33|    0|    64|   32|     1|         2048|
    |v_local_51_U        |v_local_RAM_AUTO_1R1W        |        0|  32|  33|    0|    64|   32|     1|         2048|
    |v_local_52_U        |v_local_RAM_AUTO_1R1W        |        0|  32|  33|    0|    64|   32|     1|         2048|
    |v_local_53_U        |v_local_RAM_AUTO_1R1W        |        0|  32|  33|    0|    64|   32|     1|         2048|
    |v_local_54_U        |v_local_RAM_AUTO_1R1W        |        0|  32|  33|    0|    64|   32|     1|         2048|
    |v_local_55_U        |v_local_RAM_AUTO_1R1W        |        0|  32|  33|    0|    64|   32|     1|         2048|
    |v_local_56_U        |v_local_RAM_AUTO_1R1W        |        0|  32|  33|    0|    64|   32|     1|         2048|
    |v_local_57_U        |v_local_RAM_AUTO_1R1W        |        0|  32|  33|    0|    64|   32|     1|         2048|
    |v_local_58_U        |v_local_RAM_AUTO_1R1W        |        0|  32|  33|    0|    64|   32|     1|         2048|
    |v_local_59_U        |v_local_RAM_AUTO_1R1W        |        0|  32|  33|    0|    64|   32|     1|         2048|
    |v_local_60_U        |v_local_RAM_AUTO_1R1W        |        0|  32|  33|    0|    64|   32|     1|         2048|
    |v_local_61_U        |v_local_RAM_AUTO_1R1W        |        0|  32|  33|    0|    64|   32|     1|         2048|
    |v_local_62_U        |v_local_RAM_AUTO_1R1W        |        0|  32|  33|    0|    64|   32|     1|         2048|
    |v_local_63_U        |v_local_RAM_AUTO_1R1W        |        0|  32|  33|    0|    64|   32|     1|         2048|
    |weights_local_U     |weights_local_RAM_AUTO_1R1W  |        0|  32|  33|    0|     8|   32|     1|          256|
    |weights_local_1_U   |weights_local_RAM_AUTO_1R1W  |        0|  32|  33|    0|     8|   32|     1|          256|
    |weights_local_2_U   |weights_local_RAM_AUTO_1R1W  |        0|  32|  33|    0|     8|   32|     1|          256|
    |weights_local_3_U   |weights_local_RAM_AUTO_1R1W  |        0|  32|  33|    0|     8|   32|     1|          256|
    |weights_local_4_U   |weights_local_RAM_AUTO_1R1W  |        0|  32|  33|    0|     8|   32|     1|          256|
    |weights_local_5_U   |weights_local_RAM_AUTO_1R1W  |        0|  32|  33|    0|     8|   32|     1|          256|
    |weights_local_6_U   |weights_local_RAM_AUTO_1R1W  |        0|  32|  33|    0|     8|   32|     1|          256|
    |weights_local_7_U   |weights_local_RAM_AUTO_1R1W  |        0|  32|  33|    0|     8|   32|     1|          256|
    |weights_local_8_U   |weights_local_RAM_AUTO_1R1W  |        0|  32|  33|    0|     8|   32|     1|          256|
    |weights_local_9_U   |weights_local_RAM_AUTO_1R1W  |        0|  32|  33|    0|     8|   32|     1|          256|
    |weights_local_10_U  |weights_local_RAM_AUTO_1R1W  |        0|  32|  33|    0|     8|   32|     1|          256|
    |weights_local_11_U  |weights_local_RAM_AUTO_1R1W  |        0|  32|  33|    0|     8|   32|     1|          256|
    |weights_local_12_U  |weights_local_RAM_AUTO_1R1W  |        0|  32|  33|    0|     8|   32|     1|          256|
    |weights_local_13_U  |weights_local_RAM_AUTO_1R1W  |        0|  32|  33|    0|     8|   32|     1|          256|
    |weights_local_14_U  |weights_local_RAM_AUTO_1R1W  |        0|  32|  33|    0|     8|   32|     1|          256|
    |weights_local_15_U  |weights_local_RAM_AUTO_1R1W  |        0|  32|  33|    0|     8|   32|     1|          256|
    |weights_local_16_U  |weights_local_RAM_AUTO_1R1W  |        0|  32|  33|    0|     8|   32|     1|          256|
    |weights_local_17_U  |weights_local_RAM_AUTO_1R1W  |        0|  32|  33|    0|     8|   32|     1|          256|
    |weights_local_18_U  |weights_local_RAM_AUTO_1R1W  |        0|  32|  33|    0|     8|   32|     1|          256|
    |weights_local_19_U  |weights_local_RAM_AUTO_1R1W  |        0|  32|  33|    0|     8|   32|     1|          256|
    |weights_local_20_U  |weights_local_RAM_AUTO_1R1W  |        0|  32|  33|    0|     8|   32|     1|          256|
    |weights_local_21_U  |weights_local_RAM_AUTO_1R1W  |        0|  32|  33|    0|     8|   32|     1|          256|
    |weights_local_22_U  |weights_local_RAM_AUTO_1R1W  |        0|  32|  33|    0|     8|   32|     1|          256|
    |weights_local_23_U  |weights_local_RAM_AUTO_1R1W  |        0|  32|  33|    0|     8|   32|     1|          256|
    |weights_local_24_U  |weights_local_RAM_AUTO_1R1W  |        0|  32|  33|    0|     8|   32|     1|          256|
    |weights_local_25_U  |weights_local_RAM_AUTO_1R1W  |        0|  32|  33|    0|     8|   32|     1|          256|
    |weights_local_26_U  |weights_local_RAM_AUTO_1R1W  |        0|  32|  33|    0|     8|   32|     1|          256|
    |weights_local_27_U  |weights_local_RAM_AUTO_1R1W  |        0|  32|  33|    0|     8|   32|     1|          256|
    |weights_local_28_U  |weights_local_RAM_AUTO_1R1W  |        0|  32|  33|    0|     8|   32|     1|          256|
    |weights_local_29_U  |weights_local_RAM_AUTO_1R1W  |        0|  32|  33|    0|     8|   32|     1|          256|
    |weights_local_30_U  |weights_local_RAM_AUTO_1R1W  |        0|  32|  33|    0|     8|   32|     1|          256|
    |weights_local_31_U  |weights_local_RAM_AUTO_1R1W  |        0|  32|  33|    0|     8|   32|     1|          256|
    |weights_local_32_U  |weights_local_RAM_AUTO_1R1W  |        0|  32|  33|    0|     8|   32|     1|          256|
    |weights_local_33_U  |weights_local_RAM_AUTO_1R1W  |        0|  32|  33|    0|     8|   32|     1|          256|
    |weights_local_34_U  |weights_local_RAM_AUTO_1R1W  |        0|  32|  33|    0|     8|   32|     1|          256|
    |weights_local_35_U  |weights_local_RAM_AUTO_1R1W  |        0|  32|  33|    0|     8|   32|     1|          256|
    |weights_local_36_U  |weights_local_RAM_AUTO_1R1W  |        0|  32|  33|    0|     8|   32|     1|          256|
    |weights_local_37_U  |weights_local_RAM_AUTO_1R1W  |        0|  32|  33|    0|     8|   32|     1|          256|
    |weights_local_38_U  |weights_local_RAM_AUTO_1R1W  |        0|  32|  33|    0|     8|   32|     1|          256|
    |weights_local_39_U  |weights_local_RAM_AUTO_1R1W  |        0|  32|  33|    0|     8|   32|     1|          256|
    |weights_local_40_U  |weights_local_RAM_AUTO_1R1W  |        0|  32|  33|    0|     8|   32|     1|          256|
    |weights_local_41_U  |weights_local_RAM_AUTO_1R1W  |        0|  32|  33|    0|     8|   32|     1|          256|
    |weights_local_42_U  |weights_local_RAM_AUTO_1R1W  |        0|  32|  33|    0|     8|   32|     1|          256|
    |weights_local_43_U  |weights_local_RAM_AUTO_1R1W  |        0|  32|  33|    0|     8|   32|     1|          256|
    |weights_local_44_U  |weights_local_RAM_AUTO_1R1W  |        0|  32|  33|    0|     8|   32|     1|          256|
    |weights_local_45_U  |weights_local_RAM_AUTO_1R1W  |        0|  32|  33|    0|     8|   32|     1|          256|
    |weights_local_46_U  |weights_local_RAM_AUTO_1R1W  |        0|  32|  33|    0|     8|   32|     1|          256|
    |weights_local_47_U  |weights_local_RAM_AUTO_1R1W  |        0|  32|  33|    0|     8|   32|     1|          256|
    |weights_local_48_U  |weights_local_RAM_AUTO_1R1W  |        0|  32|  33|    0|     8|   32|     1|          256|
    |weights_local_49_U  |weights_local_RAM_AUTO_1R1W  |        0|  32|  33|    0|     8|   32|     1|          256|
    |weights_local_50_U  |weights_local_RAM_AUTO_1R1W  |        0|  32|  33|    0|     8|   32|     1|          256|
    |weights_local_51_U  |weights_local_RAM_AUTO_1R1W  |        0|  32|  33|    0|     8|   32|     1|          256|
    |weights_local_52_U  |weights_local_RAM_AUTO_1R1W  |        0|  32|  33|    0|     8|   32|     1|          256|
    |weights_local_53_U  |weights_local_RAM_AUTO_1R1W  |        0|  32|  33|    0|     8|   32|     1|          256|
    |weights_local_54_U  |weights_local_RAM_AUTO_1R1W  |        0|  32|  33|    0|     8|   32|     1|          256|
    |weights_local_55_U  |weights_local_RAM_AUTO_1R1W  |        0|  32|  33|    0|     8|   32|     1|          256|
    |weights_local_56_U  |weights_local_RAM_AUTO_1R1W  |        0|  32|  33|    0|     8|   32|     1|          256|
    |weights_local_57_U  |weights_local_RAM_AUTO_1R1W  |        0|  32|  33|    0|     8|   32|     1|          256|
    |weights_local_58_U  |weights_local_RAM_AUTO_1R1W  |        0|  32|  33|    0|     8|   32|     1|          256|
    |weights_local_59_U  |weights_local_RAM_AUTO_1R1W  |        0|  32|  33|    0|     8|   32|     1|          256|
    |weights_local_60_U  |weights_local_RAM_AUTO_1R1W  |        0|  32|  33|    0|     8|   32|     1|          256|
    |weights_local_61_U  |weights_local_RAM_AUTO_1R1W  |        0|  32|  33|    0|     8|   32|     1|          256|
    |weights_local_62_U  |weights_local_RAM_AUTO_1R1W  |        0|  32|  33|    0|     8|   32|     1|          256|
    |weights_local_63_U  |weights_local_RAM_AUTO_1R1W  |        0|  32|  33|    0|     8|   32|     1|          256|
    +--------------------+-----------------------------+---------+----+----+-----+------+-----+------+-------------+
    |Total               |                             |        0|4096|4224|    0|  4608| 4096|   128|       147456|
    +--------------------+-----------------------------+---------+----+----+-----+------+-----+------+-------------+

    * FIFO: 
    N/A

    * Expression: 
    +----------------------------------+----------+----+---+----+------------+------------+
    |           Variable Name          | Operation| DSP| FF| LUT| Bitwidth P0| Bitwidth P1|
    +----------------------------------+----------+----+---+----+------------+------------+
    |add_ln200_1_fu_13846_p2           |         +|   0|  0|  33|          26|           1|
    |add_ln200_2_fu_17966_p2           |         +|   0|  0|  33|          26|           1|
    |add_ln200_fu_13826_p2             |         +|   0|  0|  38|          31|           2|
    |add_ln201_1_fu_18015_p2           |         +|   0|  0|  71|          64|          64|
    |add_ln201_fu_17975_p2             |         +|   0|  0|  39|          32|           7|
    |add_ln242_fu_18083_p2             |         +|   0|  0|  71|          64|          64|
    |sub_ln201_fu_17994_p2             |         -|   0|  0|  39|          32|          32|
    |icmp_ln200_1_fu_17961_p2          |      icmp|   0|  0|  17|          26|          26|
    |icmp_ln200_fu_13816_p2            |      icmp|   0|  0|  20|          32|           1|
    |icmp_ln201_fu_17981_p2            |      icmp|   0|  0|  20|          32|          32|
    |icmp_ln205_1_fu_18146_p2          |      icmp|   0|  0|  20|          32|           1|
    |icmp_ln205_fu_18132_p2            |      icmp|   0|  0|  17|          26|           1|
    |icmp_ln242_1_fu_18062_p2          |      icmp|   0|  0|  20|          32|           1|
    |icmp_ln242_fu_18049_p2            |      icmp|   0|  0|  18|          29|           1|
    |ap_block_state14_on_subcall_done  |        or|   0|  0|   2|           1|           1|
    |k_cols_fu_18115_p3                |    select|   0|  0|  32|           1|           7|
    |select_ln205_fu_18138_p3          |    select|   0|  0|  32|           1|          32|
    |select_ln206_fu_18156_p3          |    select|   0|  0|   7|           1|           7|
    |select_ln242_1_fu_18102_p3        |    select|   0|  0|   4|           1|           4|
    |select_ln242_fu_18055_p3          |    select|   0|  0|  32|           1|          32|
    |xor_ln201_fu_18110_p2             |       xor|   0|  0|   2|           1|           2|
    +----------------------------------+----------+----+---+----+------------+------------+
    |Total                             |          |   0|  0| 567|         491|         319|
    +----------------------------------+----------+----+---+----+------------+------------+

    * Multiplexer: 
    +---------------------------+-----+-----------+-----+-----------+
    |            Name           | LUT | Input Size| Bits| Total Bits|
    +---------------------------+-----+-----------+-----+-----------+
    |acc_1000_fu_4678           |    9|          2|   32|         64|
    |acc_1001_fu_4682           |    9|          2|   32|         64|
    |acc_1002_fu_4686           |    9|          2|   32|         64|
    |acc_1003_fu_4690           |    9|          2|   32|         64|
    |acc_1004_fu_4694           |    9|          2|   32|         64|
    |acc_1005_fu_4698           |    9|          2|   32|         64|
    |acc_1006_fu_4702           |    9|          2|   32|         64|
    |acc_1007_fu_4706           |    9|          2|   32|         64|
    |acc_1008_fu_4710           |    9|          2|   32|         64|
    |acc_1009_fu_4714           |    9|          2|   32|         64|
    |acc_1010_fu_4718           |    9|          2|   32|         64|
    |acc_1011_fu_4722           |    9|          2|   32|         64|
    |acc_1012_fu_4726           |    9|          2|   32|         64|
    |acc_1013_fu_4730           |    9|          2|   32|         64|
    |acc_1014_fu_4734           |    9|          2|   32|         64|
    |acc_1015_fu_4738           |    9|          2|   32|         64|
    |acc_1016_fu_4742           |    9|          2|   32|         64|
    |acc_1017_fu_4746           |    9|          2|   32|         64|
    |acc_1018_fu_4750           |    9|          2|   32|         64|
    |acc_1019_fu_4754           |    9|          2|   32|         64|
    |acc_1020_fu_4758           |    9|          2|   32|         64|
    |acc_1021_fu_4762           |    9|          2|   32|         64|
    |acc_1022_fu_4766           |    9|          2|   32|         64|
    |acc_1535_reg_9929          |    9|          2|   32|         64|
    |acc_1536_reg_9919          |    9|          2|   32|         64|
    |acc_1537_reg_9909          |    9|          2|   32|         64|
    |acc_1538_reg_9899          |    9|          2|   32|         64|
    |acc_1539_reg_9889          |    9|          2|   32|         64|
    |acc_1540_reg_9879          |    9|          2|   32|         64|
    |acc_1541_reg_9869          |    9|          2|   32|         64|
    |acc_1542_reg_9859          |    9|          2|   32|         64|
    |acc_1543_reg_9849          |    9|          2|   32|         64|
    |acc_1544_reg_9839          |    9|          2|   32|         64|
    |acc_1545_reg_9829          |    9|          2|   32|         64|
    |acc_1546_reg_9819          |    9|          2|   32|         64|
    |acc_1547_reg_9809          |    9|          2|   32|         64|
    |acc_1548_reg_9799          |    9|          2|   32|         64|
    |acc_1549_reg_9789          |    9|          2|   32|         64|
    |acc_1550_reg_9779          |    9|          2|   32|         64|
    |acc_1551_reg_9769          |    9|          2|   32|         64|
    |acc_1552_reg_9759          |    9|          2|   32|         64|
    |acc_1553_reg_9749          |    9|          2|   32|         64|
    |acc_1554_reg_9739          |    9|          2|   32|         64|
    |acc_1555_reg_9729          |    9|          2|   32|         64|
    |acc_1556_reg_9719          |    9|          2|   32|         64|
    |acc_1557_reg_9709          |    9|          2|   32|         64|
    |acc_1558_reg_9699          |    9|          2|   32|         64|
    |acc_1559_reg_9689          |    9|          2|   32|         64|
    |acc_1560_reg_9679          |    9|          2|   32|         64|
    |acc_1561_reg_9669          |    9|          2|   32|         64|
    |acc_1562_reg_9659          |    9|          2|   32|         64|
    |acc_1563_reg_9649          |    9|          2|   32|         64|
    |acc_1564_reg_9639          |    9|          2|   32|         64|
    |acc_1565_reg_9629          |    9|          2|   32|         64|
    |acc_1566_reg_9619          |    9|          2|   32|         64|
    |acc_1567_reg_9609          |    9|          2|   32|         64|
    |acc_1568_reg_9599          |    9|          2|   32|         64|
    |acc_1569_reg_9589          |    9|          2|   32|         64|
    |acc_1570_reg_9579          |    9|          2|   32|         64|
    |acc_1571_reg_9569          |    9|          2|   32|         64|
    |acc_1572_reg_9559          |    9|          2|   32|         64|
    |acc_1573_reg_9549          |    9|          2|   32|         64|
    |acc_1574_reg_9539          |    9|          2|   32|         64|
    |acc_1575_reg_9529          |    9|          2|   32|         64|
    |acc_1576_reg_9519          |    9|          2|   32|         64|
    |acc_1577_reg_9509          |    9|          2|   32|         64|
    |acc_1578_reg_9499          |    9|          2|   32|         64|
    |acc_1579_reg_9489          |    9|          2|   32|         64|
    |acc_1580_reg_9479          |    9|          2|   32|         64|
    |acc_1581_reg_9469          |    9|          2|   32|         64|
    |acc_1582_reg_9459          |    9|          2|   32|         64|
    |acc_1583_reg_9449          |    9|          2|   32|         64|
    |acc_1584_reg_9439          |    9|          2|   32|         64|
    |acc_1585_reg_9429          |    9|          2|   32|         64|
    |acc_1586_reg_9419          |    9|          2|   32|         64|
    |acc_1587_reg_9409          |    9|          2|   32|         64|
    |acc_1588_reg_9399          |    9|          2|   32|         64|
    |acc_1589_reg_9389          |    9|          2|   32|         64|
    |acc_1590_reg_9379          |    9|          2|   32|         64|
    |acc_1591_reg_9369          |    9|          2|   32|         64|
    |acc_1592_reg_9359          |    9|          2|   32|         64|
    |acc_1593_reg_9349          |    9|          2|   32|         64|
    |acc_1594_reg_9339          |    9|          2|   32|         64|
    |acc_1595_reg_9329          |    9|          2|   32|         64|
    |acc_1596_reg_9319          |    9|          2|   32|         64|
    |acc_1597_reg_9309          |    9|          2|   32|         64|
    |acc_1598_reg_9299          |    9|          2|   32|         64|
    |acc_1599_reg_9289          |    9|          2|   32|         64|
    |acc_1600_reg_9279          |    9|          2|   32|         64|
    |acc_1601_reg_9269          |    9|          2|   32|         64|
    |acc_1602_reg_9259          |    9|          2|   32|         64|
    |acc_1603_reg_9249          |    9|          2|   32|         64|
    |acc_1604_reg_9239          |    9|          2|   32|         64|
    |acc_1605_reg_9229          |    9|          2|   32|         64|
    |acc_1606_reg_9219          |    9|          2|   32|         64|
    |acc_1607_reg_9209          |    9|          2|   32|         64|
    |acc_1608_reg_9199          |    9|          2|   32|         64|
    |acc_1609_reg_9189          |    9|          2|   32|         64|
    |acc_1610_reg_9179          |    9|          2|   32|         64|
    |acc_1611_reg_9169          |    9|          2|   32|         64|
    |acc_1612_reg_9159          |    9|          2|   32|         64|
    |acc_1613_reg_9149          |    9|          2|   32|         64|
    |acc_1614_reg_9139          |    9|          2|   32|         64|
    |acc_1615_reg_9129          |    9|          2|   32|         64|
    |acc_1616_reg_9119          |    9|          2|   32|         64|
    |acc_1617_reg_9109          |    9|          2|   32|         64|
    |acc_1618_reg_9099          |    9|          2|   32|         64|
    |acc_1619_reg_9089          |    9|          2|   32|         64|
    |acc_1620_reg_9079          |    9|          2|   32|         64|
    |acc_1621_reg_9069          |    9|          2|   32|         64|
    |acc_1622_reg_9059          |    9|          2|   32|         64|
    |acc_1623_reg_9049          |    9|          2|   32|         64|
    |acc_1624_reg_9039          |    9|          2|   32|         64|
    |acc_1625_reg_9029          |    9|          2|   32|         64|
    |acc_1626_reg_9019          |    9|          2|   32|         64|
    |acc_1627_reg_9009          |    9|          2|   32|         64|
    |acc_1628_reg_8999          |    9|          2|   32|         64|
    |acc_1629_reg_8989          |    9|          2|   32|         64|
    |acc_1630_reg_8979          |    9|          2|   32|         64|
    |acc_1631_reg_8969          |    9|          2|   32|         64|
    |acc_1632_reg_8959          |    9|          2|   32|         64|
    |acc_1633_reg_8949          |    9|          2|   32|         64|
    |acc_1634_reg_8939          |    9|          2|   32|         64|
    |acc_1635_reg_8929          |    9|          2|   32|         64|
    |acc_1636_reg_8919          |    9|          2|   32|         64|
    |acc_1637_reg_8909          |    9|          2|   32|         64|
    |acc_1638_reg_8899          |    9|          2|   32|         64|
    |acc_1639_reg_8889          |    9|          2|   32|         64|
    |acc_1640_reg_8879          |    9|          2|   32|         64|
    |acc_1641_reg_8869          |    9|          2|   32|         64|
    |acc_1642_reg_8859          |    9|          2|   32|         64|
    |acc_1643_reg_8849          |    9|          2|   32|         64|
    |acc_1644_reg_8839          |    9|          2|   32|         64|
    |acc_1645_reg_8829          |    9|          2|   32|         64|
    |acc_1646_reg_8819          |    9|          2|   32|         64|
    |acc_1647_reg_8809          |    9|          2|   32|         64|
    |acc_1648_reg_8799          |    9|          2|   32|         64|
    |acc_1649_reg_8789          |    9|          2|   32|         64|
    |acc_1650_reg_8779          |    9|          2|   32|         64|
    |acc_1651_reg_8769          |    9|          2|   32|         64|
    |acc_1652_reg_8759          |    9|          2|   32|         64|
    |acc_1653_reg_8749          |    9|          2|   32|         64|
    |acc_1654_reg_8739          |    9|          2|   32|         64|
    |acc_1655_reg_8729          |    9|          2|   32|         64|
    |acc_1656_reg_8719          |    9|          2|   32|         64|
    |acc_1657_reg_8709          |    9|          2|   32|         64|
    |acc_1658_reg_8699          |    9|          2|   32|         64|
    |acc_1659_reg_8689          |    9|          2|   32|         64|
    |acc_1660_reg_8679          |    9|          2|   32|         64|
    |acc_1661_reg_8669          |    9|          2|   32|         64|
    |acc_1662_reg_8659          |    9|          2|   32|         64|
    |acc_1663_reg_8649          |    9|          2|   32|         64|
    |acc_1664_reg_8639          |    9|          2|   32|         64|
    |acc_1665_reg_8629          |    9|          2|   32|         64|
    |acc_1666_reg_8619          |    9|          2|   32|         64|
    |acc_1667_reg_8609          |    9|          2|   32|         64|
    |acc_1668_reg_8599          |    9|          2|   32|         64|
    |acc_1669_reg_8589          |    9|          2|   32|         64|
    |acc_1670_reg_8579          |    9|          2|   32|         64|
    |acc_1671_reg_8569          |    9|          2|   32|         64|
    |acc_1672_reg_8559          |    9|          2|   32|         64|
    |acc_1673_reg_8549          |    9|          2|   32|         64|
    |acc_1674_reg_8539          |    9|          2|   32|         64|
    |acc_1675_reg_8529          |    9|          2|   32|         64|
    |acc_1676_reg_8519          |    9|          2|   32|         64|
    |acc_1677_reg_8509          |    9|          2|   32|         64|
    |acc_1678_reg_8499          |    9|          2|   32|         64|
    |acc_1679_reg_8489          |    9|          2|   32|         64|
    |acc_1680_reg_8479          |    9|          2|   32|         64|
    |acc_1681_reg_8469          |    9|          2|   32|         64|
    |acc_1682_reg_8459          |    9|          2|   32|         64|
    |acc_1683_reg_8449          |    9|          2|   32|         64|
    |acc_1684_reg_8439          |    9|          2|   32|         64|
    |acc_1685_reg_8429          |    9|          2|   32|         64|
    |acc_1686_reg_8419          |    9|          2|   32|         64|
    |acc_1687_reg_8409          |    9|          2|   32|         64|
    |acc_1688_reg_8399          |    9|          2|   32|         64|
    |acc_1689_reg_8389          |    9|          2|   32|         64|
    |acc_1690_reg_8379          |    9|          2|   32|         64|
    |acc_1691_reg_8369          |    9|          2|   32|         64|
    |acc_1692_reg_8359          |    9|          2|   32|         64|
    |acc_1693_reg_8349          |    9|          2|   32|         64|
    |acc_1694_reg_8339          |    9|          2|   32|         64|
    |acc_1695_reg_8329          |    9|          2|   32|         64|
    |acc_1696_reg_8319          |    9|          2|   32|         64|
    |acc_1697_reg_8309          |    9|          2|   32|         64|
    |acc_1698_reg_8299          |    9|          2|   32|         64|
    |acc_1699_reg_8289          |    9|          2|   32|         64|
    |acc_1700_reg_8279          |    9|          2|   32|         64|
    |acc_1701_reg_8269          |    9|          2|   32|         64|
    |acc_1702_reg_8259          |    9|          2|   32|         64|
    |acc_1703_reg_8249          |    9|          2|   32|         64|
    |acc_1704_reg_8239          |    9|          2|   32|         64|
    |acc_1705_reg_8229          |    9|          2|   32|         64|
    |acc_1706_reg_8219          |    9|          2|   32|         64|
    |acc_1707_reg_8209          |    9|          2|   32|         64|
    |acc_1708_reg_8199          |    9|          2|   32|         64|
    |acc_1709_reg_8189          |    9|          2|   32|         64|
    |acc_1710_reg_8179          |    9|          2|   32|         64|
    |acc_1711_reg_8169          |    9|          2|   32|         64|
    |acc_1712_reg_8159          |    9|          2|   32|         64|
    |acc_1713_reg_8149          |    9|          2|   32|         64|
    |acc_1714_reg_8139          |    9|          2|   32|         64|
    |acc_1715_reg_8129          |    9|          2|   32|         64|
    |acc_1716_reg_8119          |    9|          2|   32|         64|
    |acc_1717_reg_8109          |    9|          2|   32|         64|
    |acc_1718_reg_8099          |    9|          2|   32|         64|
    |acc_1719_reg_8089          |    9|          2|   32|         64|
    |acc_1720_reg_8079          |    9|          2|   32|         64|
    |acc_1721_reg_8069          |    9|          2|   32|         64|
    |acc_1722_reg_8059          |    9|          2|   32|         64|
    |acc_1723_reg_8049          |    9|          2|   32|         64|
    |acc_1724_reg_8039          |    9|          2|   32|         64|
    |acc_1725_reg_8029          |    9|          2|   32|         64|
    |acc_1726_reg_8019          |    9|          2|   32|         64|
    |acc_1727_reg_8009          |    9|          2|   32|         64|
    |acc_1728_reg_7999          |    9|          2|   32|         64|
    |acc_1729_reg_7989          |    9|          2|   32|         64|
    |acc_1730_reg_7979          |    9|          2|   32|         64|
    |acc_1731_reg_7969          |    9|          2|   32|         64|
    |acc_1732_reg_7959          |    9|          2|   32|         64|
    |acc_1733_reg_7949          |    9|          2|   32|         64|
    |acc_1734_reg_7939          |    9|          2|   32|         64|
    |acc_1735_reg_7929          |    9|          2|   32|         64|
    |acc_1736_reg_7919          |    9|          2|   32|         64|
    |acc_1737_reg_7909          |    9|          2|   32|         64|
    |acc_1738_reg_7899          |    9|          2|   32|         64|
    |acc_1739_reg_7889          |    9|          2|   32|         64|
    |acc_1740_reg_7879          |    9|          2|   32|         64|
    |acc_1741_reg_7869          |    9|          2|   32|         64|
    |acc_1742_reg_7859          |    9|          2|   32|         64|
    |acc_1743_reg_7849          |    9|          2|   32|         64|
    |acc_1744_reg_7839          |    9|          2|   32|         64|
    |acc_1745_reg_7829          |    9|          2|   32|         64|
    |acc_1746_reg_7819          |    9|          2|   32|         64|
    |acc_1747_reg_7809          |    9|          2|   32|         64|
    |acc_1748_reg_7799          |    9|          2|   32|         64|
    |acc_1749_reg_7789          |    9|          2|   32|         64|
    |acc_1750_reg_7779          |    9|          2|   32|         64|
    |acc_1751_reg_7769          |    9|          2|   32|         64|
    |acc_1752_reg_7759          |    9|          2|   32|         64|
    |acc_1753_reg_7749          |    9|          2|   32|         64|
    |acc_1754_reg_7739          |    9|          2|   32|         64|
    |acc_1755_reg_7729          |    9|          2|   32|         64|
    |acc_1756_reg_7719          |    9|          2|   32|         64|
    |acc_1757_reg_7709          |    9|          2|   32|         64|
    |acc_1758_reg_7699          |    9|          2|   32|         64|
    |acc_1759_reg_7689          |    9|          2|   32|         64|
    |acc_1760_reg_7679          |    9|          2|   32|         64|
    |acc_1761_reg_7669          |    9|          2|   32|         64|
    |acc_1762_reg_7659          |    9|          2|   32|         64|
    |acc_1763_reg_7649          |    9|          2|   32|         64|
    |acc_1764_reg_7639          |    9|          2|   32|         64|
    |acc_1765_reg_7629          |    9|          2|   32|         64|
    |acc_1766_reg_7619          |    9|          2|   32|         64|
    |acc_1767_reg_7609          |    9|          2|   32|         64|
    |acc_1768_reg_7599          |    9|          2|   32|         64|
    |acc_1769_reg_7589          |    9|          2|   32|         64|
    |acc_1770_reg_7579          |    9|          2|   32|         64|
    |acc_1771_reg_7569          |    9|          2|   32|         64|
    |acc_1772_reg_7559          |    9|          2|   32|         64|
    |acc_1773_reg_7549          |    9|          2|   32|         64|
    |acc_1774_reg_7539          |    9|          2|   32|         64|
    |acc_1775_reg_7529          |    9|          2|   32|         64|
    |acc_1776_reg_7519          |    9|          2|   32|         64|
    |acc_1777_reg_7509          |    9|          2|   32|         64|
    |acc_1778_reg_7499          |    9|          2|   32|         64|
    |acc_1779_reg_7489          |    9|          2|   32|         64|
    |acc_1780_reg_7479          |    9|          2|   32|         64|
    |acc_1781_reg_7469          |    9|          2|   32|         64|
    |acc_1782_reg_7459          |    9|          2|   32|         64|
    |acc_1783_reg_7449          |    9|          2|   32|         64|
    |acc_1784_reg_7439          |    9|          2|   32|         64|
    |acc_1785_reg_7429          |    9|          2|   32|         64|
    |acc_1786_reg_7419          |    9|          2|   32|         64|
    |acc_1787_reg_7409          |    9|          2|   32|         64|
    |acc_1788_reg_7399          |    9|          2|   32|         64|
    |acc_1789_reg_7389          |    9|          2|   32|         64|
    |acc_1790_reg_7379          |    9|          2|   32|         64|
    |acc_1791_reg_7369          |    9|          2|   32|         64|
    |acc_1792_reg_7359          |    9|          2|   32|         64|
    |acc_1793_reg_7349          |    9|          2|   32|         64|
    |acc_1794_reg_7339          |    9|          2|   32|         64|
    |acc_1795_reg_7329          |    9|          2|   32|         64|
    |acc_1796_reg_7319          |    9|          2|   32|         64|
    |acc_1797_reg_7309          |    9|          2|   32|         64|
    |acc_1798_reg_7299          |    9|          2|   32|         64|
    |acc_1799_reg_7289          |    9|          2|   32|         64|
    |acc_1800_reg_7279          |    9|          2|   32|         64|
    |acc_1801_reg_7269          |    9|          2|   32|         64|
    |acc_1802_reg_7259          |    9|          2|   32|         64|
    |acc_1803_reg_7249          |    9|          2|   32|         64|
    |acc_1804_reg_7239          |    9|          2|   32|         64|
    |acc_1805_reg_7229          |    9|          2|   32|         64|
    |acc_1806_reg_7219          |    9|          2|   32|         64|
    |acc_1807_reg_7209          |    9|          2|   32|         64|
    |acc_1808_reg_7199          |    9|          2|   32|         64|
    |acc_1809_reg_7189          |    9|          2|   32|         64|
    |acc_1810_reg_7179          |    9|          2|   32|         64|
    |acc_1811_reg_7169          |    9|          2|   32|         64|
    |acc_1812_reg_7159          |    9|          2|   32|         64|
    |acc_1813_reg_7149          |    9|          2|   32|         64|
    |acc_1814_reg_7139          |    9|          2|   32|         64|
    |acc_1815_reg_7129          |    9|          2|   32|         64|
    |acc_1816_reg_7119          |    9|          2|   32|         64|
    |acc_1817_reg_7109          |    9|          2|   32|         64|
    |acc_1818_reg_7099          |    9|          2|   32|         64|
    |acc_1819_reg_7089          |    9|          2|   32|         64|
    |acc_1820_reg_7079          |    9|          2|   32|         64|
    |acc_1821_reg_7069          |    9|          2|   32|         64|
    |acc_1822_reg_7059          |    9|          2|   32|         64|
    |acc_1823_reg_7049          |    9|          2|   32|         64|
    |acc_1824_reg_7039          |    9|          2|   32|         64|
    |acc_1825_reg_7029          |    9|          2|   32|         64|
    |acc_1826_reg_7019          |    9|          2|   32|         64|
    |acc_1827_reg_7009          |    9|          2|   32|         64|
    |acc_1828_reg_6999          |    9|          2|   32|         64|
    |acc_1829_reg_6989          |    9|          2|   32|         64|
    |acc_1830_reg_6979          |    9|          2|   32|         64|
    |acc_1831_reg_6969          |    9|          2|   32|         64|
    |acc_1832_reg_6959          |    9|          2|   32|         64|
    |acc_1833_reg_6949          |    9|          2|   32|         64|
    |acc_1834_reg_6939          |    9|          2|   32|         64|
    |acc_1835_reg_6929          |    9|          2|   32|         64|
    |acc_1836_reg_6919          |    9|          2|   32|         64|
    |acc_1837_reg_6909          |    9|          2|   32|         64|
    |acc_1838_reg_6899          |    9|          2|   32|         64|
    |acc_1839_reg_6889          |    9|          2|   32|         64|
    |acc_1840_reg_6879          |    9|          2|   32|         64|
    |acc_1841_reg_6869          |    9|          2|   32|         64|
    |acc_1842_reg_6859          |    9|          2|   32|         64|
    |acc_1843_reg_6849          |    9|          2|   32|         64|
    |acc_1844_reg_6839          |    9|          2|   32|         64|
    |acc_1845_reg_6829          |    9|          2|   32|         64|
    |acc_1846_reg_6819          |    9|          2|   32|         64|
    |acc_1847_reg_6809          |    9|          2|   32|         64|
    |acc_1848_reg_6799          |    9|          2|   32|         64|
    |acc_1849_reg_6789          |    9|          2|   32|         64|
    |acc_1850_reg_6779          |    9|          2|   32|         64|
    |acc_1851_reg_6769          |    9|          2|   32|         64|
    |acc_1852_reg_6759          |    9|          2|   32|         64|
    |acc_1853_reg_6749          |    9|          2|   32|         64|
    |acc_1854_reg_6739          |    9|          2|   32|         64|
    |acc_1855_reg_6729          |    9|          2|   32|         64|
    |acc_1856_reg_6719          |    9|          2|   32|         64|
    |acc_1857_reg_6709          |    9|          2|   32|         64|
    |acc_1858_reg_6699          |    9|          2|   32|         64|
    |acc_1859_reg_6689          |    9|          2|   32|         64|
    |acc_1860_reg_6679          |    9|          2|   32|         64|
    |acc_1861_reg_6669          |    9|          2|   32|         64|
    |acc_1862_reg_6659          |    9|          2|   32|         64|
    |acc_1863_reg_6649          |    9|          2|   32|         64|
    |acc_1864_reg_6639          |    9|          2|   32|         64|
    |acc_1865_reg_6629          |    9|          2|   32|         64|
    |acc_1866_reg_6619          |    9|          2|   32|         64|
    |acc_1867_reg_6609          |    9|          2|   32|         64|
    |acc_1868_reg_6599          |    9|          2|   32|         64|
    |acc_1869_reg_6589          |    9|          2|   32|         64|
    |acc_1870_reg_6579          |    9|          2|   32|         64|
    |acc_1871_reg_6569          |    9|          2|   32|         64|
    |acc_1872_reg_6559          |    9|          2|   32|         64|
    |acc_1873_reg_6549          |    9|          2|   32|         64|
    |acc_1874_reg_6539          |    9|          2|   32|         64|
    |acc_1875_reg_6529          |    9|          2|   32|         64|
    |acc_1876_reg_6519          |    9|          2|   32|         64|
    |acc_1877_reg_6509          |    9|          2|   32|         64|
    |acc_1878_reg_6499          |    9|          2|   32|         64|
    |acc_1879_reg_6489          |    9|          2|   32|         64|
    |acc_1880_reg_6479          |    9|          2|   32|         64|
    |acc_1881_reg_6469          |    9|          2|   32|         64|
    |acc_1882_reg_6459          |    9|          2|   32|         64|
    |acc_1883_reg_6449          |    9|          2|   32|         64|
    |acc_1884_reg_6439          |    9|          2|   32|         64|
    |acc_1885_reg_6429          |    9|          2|   32|         64|
    |acc_1886_reg_6419          |    9|          2|   32|         64|
    |acc_1887_reg_6409          |    9|          2|   32|         64|
    |acc_1888_reg_6399          |    9|          2|   32|         64|
    |acc_1889_reg_6389          |    9|          2|   32|         64|
    |acc_1890_reg_6379          |    9|          2|   32|         64|
    |acc_1891_reg_6369          |    9|          2|   32|         64|
    |acc_1892_reg_6359          |    9|          2|   32|         64|
    |acc_1893_reg_6349          |    9|          2|   32|         64|
    |acc_1894_reg_6339          |    9|          2|   32|         64|
    |acc_1895_reg_6329          |    9|          2|   32|         64|
    |acc_1896_reg_6319          |    9|          2|   32|         64|
    |acc_1897_reg_6309          |    9|          2|   32|         64|
    |acc_1898_reg_6299          |    9|          2|   32|         64|
    |acc_1899_reg_6289          |    9|          2|   32|         64|
    |acc_1900_reg_6279          |    9|          2|   32|         64|
    |acc_1901_reg_6269          |    9|          2|   32|         64|
    |acc_1902_reg_6259          |    9|          2|   32|         64|
    |acc_1903_reg_6249          |    9|          2|   32|         64|
    |acc_1904_reg_6239          |    9|          2|   32|         64|
    |acc_1905_reg_6229          |    9|          2|   32|         64|
    |acc_1906_reg_6219          |    9|          2|   32|         64|
    |acc_1907_reg_6209          |    9|          2|   32|         64|
    |acc_1908_reg_6199          |    9|          2|   32|         64|
    |acc_1909_reg_6189          |    9|          2|   32|         64|
    |acc_1910_reg_6179          |    9|          2|   32|         64|
    |acc_1911_reg_6169          |    9|          2|   32|         64|
    |acc_1912_reg_6159          |    9|          2|   32|         64|
    |acc_1913_reg_6149          |    9|          2|   32|         64|
    |acc_1914_reg_6139          |    9|          2|   32|         64|
    |acc_1915_reg_6129          |    9|          2|   32|         64|
    |acc_1916_reg_6119          |    9|          2|   32|         64|
    |acc_1917_reg_6109          |    9|          2|   32|         64|
    |acc_1918_reg_6099          |    9|          2|   32|         64|
    |acc_1919_reg_6089          |    9|          2|   32|         64|
    |acc_1920_reg_6079          |    9|          2|   32|         64|
    |acc_1921_reg_6069          |    9|          2|   32|         64|
    |acc_1922_reg_6059          |    9|          2|   32|         64|
    |acc_1923_reg_6049          |    9|          2|   32|         64|
    |acc_1924_reg_6039          |    9|          2|   32|         64|
    |acc_1925_reg_6029          |    9|          2|   32|         64|
    |acc_1926_reg_6019          |    9|          2|   32|         64|
    |acc_1927_reg_6009          |    9|          2|   32|         64|
    |acc_1928_reg_5999          |    9|          2|   32|         64|
    |acc_1929_reg_5989          |    9|          2|   32|         64|
    |acc_1930_reg_5979          |    9|          2|   32|         64|
    |acc_1931_reg_5969          |    9|          2|   32|         64|
    |acc_1932_reg_5959          |    9|          2|   32|         64|
    |acc_1933_reg_5949          |    9|          2|   32|         64|
    |acc_1934_reg_5939          |    9|          2|   32|         64|
    |acc_1935_reg_5929          |    9|          2|   32|         64|
    |acc_1936_reg_5919          |    9|          2|   32|         64|
    |acc_1937_reg_5909          |    9|          2|   32|         64|
    |acc_1938_reg_5899          |    9|          2|   32|         64|
    |acc_1939_reg_5889          |    9|          2|   32|         64|
    |acc_1940_reg_5879          |    9|          2|   32|         64|
    |acc_1941_reg_5869          |    9|          2|   32|         64|
    |acc_1942_reg_5859          |    9|          2|   32|         64|
    |acc_1943_reg_5849          |    9|          2|   32|         64|
    |acc_1944_reg_5839          |    9|          2|   32|         64|
    |acc_1945_reg_5829          |    9|          2|   32|         64|
    |acc_1946_reg_5819          |    9|          2|   32|         64|
    |acc_1947_reg_5809          |    9|          2|   32|         64|
    |acc_1948_reg_5799          |    9|          2|   32|         64|
    |acc_1949_reg_5789          |    9|          2|   32|         64|
    |acc_1950_reg_5779          |    9|          2|   32|         64|
    |acc_1951_reg_5769          |    9|          2|   32|         64|
    |acc_1952_reg_5759          |    9|          2|   32|         64|
    |acc_1953_reg_5749          |    9|          2|   32|         64|
    |acc_1954_reg_5739          |    9|          2|   32|         64|
    |acc_1955_reg_5729          |    9|          2|   32|         64|
    |acc_1956_reg_5719          |    9|          2|   32|         64|
    |acc_1957_reg_5709          |    9|          2|   32|         64|
    |acc_1958_reg_5699          |    9|          2|   32|         64|
    |acc_1959_reg_5689          |    9|          2|   32|         64|
    |acc_1960_reg_5679          |    9|          2|   32|         64|
    |acc_1961_reg_5669          |    9|          2|   32|         64|
    |acc_1962_reg_5659          |    9|          2|   32|         64|
    |acc_1963_reg_5649          |    9|          2|   32|         64|
    |acc_1964_reg_5639          |    9|          2|   32|         64|
    |acc_1965_reg_5629          |    9|          2|   32|         64|
    |acc_1966_reg_5619          |    9|          2|   32|         64|
    |acc_1967_reg_5609          |    9|          2|   32|         64|
    |acc_1968_reg_5599          |    9|          2|   32|         64|
    |acc_1969_reg_5589          |    9|          2|   32|         64|
    |acc_1970_reg_5579          |    9|          2|   32|         64|
    |acc_1971_reg_5569          |    9|          2|   32|         64|
    |acc_1972_reg_5559          |    9|          2|   32|         64|
    |acc_1973_reg_5549          |    9|          2|   32|         64|
    |acc_1974_reg_5539          |    9|          2|   32|         64|
    |acc_1975_reg_5529          |    9|          2|   32|         64|
    |acc_1976_reg_5519          |    9|          2|   32|         64|
    |acc_1977_reg_5509          |    9|          2|   32|         64|
    |acc_1978_reg_5499          |    9|          2|   32|         64|
    |acc_1979_reg_5489          |    9|          2|   32|         64|
    |acc_1980_reg_5479          |    9|          2|   32|         64|
    |acc_1981_reg_5469          |    9|          2|   32|         64|
    |acc_1982_reg_5459          |    9|          2|   32|         64|
    |acc_1983_reg_5449          |    9|          2|   32|         64|
    |acc_1984_reg_5439          |    9|          2|   32|         64|
    |acc_1985_reg_5429          |    9|          2|   32|         64|
    |acc_1986_reg_5419          |    9|          2|   32|         64|
    |acc_1987_reg_5409          |    9|          2|   32|         64|
    |acc_1988_reg_5399          |    9|          2|   32|         64|
    |acc_1989_reg_5389          |    9|          2|   32|         64|
    |acc_1990_reg_5379          |    9|          2|   32|         64|
    |acc_1991_reg_5369          |    9|          2|   32|         64|
    |acc_1992_reg_5359          |    9|          2|   32|         64|
    |acc_1993_reg_5349          |    9|          2|   32|         64|
    |acc_1994_reg_5339          |    9|          2|   32|         64|
    |acc_1995_reg_5329          |    9|          2|   32|         64|
    |acc_1996_reg_5319          |    9|          2|   32|         64|
    |acc_1997_reg_5309          |    9|          2|   32|         64|
    |acc_1998_reg_5299          |    9|          2|   32|         64|
    |acc_1999_reg_5289          |    9|          2|   32|         64|
    |acc_2000_reg_5279          |    9|          2|   32|         64|
    |acc_2001_reg_5269          |    9|          2|   32|         64|
    |acc_2002_reg_5259          |    9|          2|   32|         64|
    |acc_2003_reg_5249          |    9|          2|   32|         64|
    |acc_2004_reg_5239          |    9|          2|   32|         64|
    |acc_2005_reg_5229          |    9|          2|   32|         64|
    |acc_2006_reg_5219          |    9|          2|   32|         64|
    |acc_2007_reg_5209          |    9|          2|   32|         64|
    |acc_2008_reg_5199          |    9|          2|   32|         64|
    |acc_2009_reg_5189          |    9|          2|   32|         64|
    |acc_2010_reg_5179          |    9|          2|   32|         64|
    |acc_2011_reg_5169          |    9|          2|   32|         64|
    |acc_2012_reg_5159          |    9|          2|   32|         64|
    |acc_2013_reg_5149          |    9|          2|   32|         64|
    |acc_2014_reg_5139          |    9|          2|   32|         64|
    |acc_2015_reg_5129          |    9|          2|   32|         64|
    |acc_2016_reg_5119          |    9|          2|   32|         64|
    |acc_2017_reg_5109          |    9|          2|   32|         64|
    |acc_2018_reg_5099          |    9|          2|   32|         64|
    |acc_2019_reg_5089          |    9|          2|   32|         64|
    |acc_2020_reg_5079          |    9|          2|   32|         64|
    |acc_2021_reg_5069          |    9|          2|   32|         64|
    |acc_2022_reg_5059          |    9|          2|   32|         64|
    |acc_2023_reg_5049          |    9|          2|   32|         64|
    |acc_2024_reg_5039          |    9|          2|   32|         64|
    |acc_2025_reg_5029          |    9|          2|   32|         64|
    |acc_2026_reg_5019          |    9|          2|   32|         64|
    |acc_2027_reg_5009          |    9|          2|   32|         64|
    |acc_2028_reg_4999          |    9|          2|   32|         64|
    |acc_2029_reg_4989          |    9|          2|   32|         64|
    |acc_2030_reg_4979          |    9|          2|   32|         64|
    |acc_2031_reg_4969          |    9|          2|   32|         64|
    |acc_2032_reg_4959          |    9|          2|   32|         64|
    |acc_2033_reg_4949          |    9|          2|   32|         64|
    |acc_2034_reg_4939          |    9|          2|   32|         64|
    |acc_2035_reg_4929          |    9|          2|   32|         64|
    |acc_2036_reg_4919          |    9|          2|   32|         64|
    |acc_2037_reg_4909          |    9|          2|   32|         64|
    |acc_2038_reg_4899          |    9|          2|   32|         64|
    |acc_2039_reg_4889          |    9|          2|   32|         64|
    |acc_2040_reg_4879          |    9|          2|   32|         64|
    |acc_2041_reg_4869          |    9|          2|   32|         64|
    |acc_2042_reg_4859          |    9|          2|   32|         64|
    |acc_2043_reg_4849          |    9|          2|   32|         64|
    |acc_2044_reg_4839          |    9|          2|   32|         64|
    |acc_2045_reg_4829          |    9|          2|   32|         64|
    |acc_2046_reg_4819          |    9|          2|   32|         64|
    |acc_512_fu_2726            |    9|          2|   32|         64|
    |acc_513_fu_2730            |    9|          2|   32|         64|
    |acc_514_fu_2734            |    9|          2|   32|         64|
    |acc_515_fu_2738            |    9|          2|   32|         64|
    |acc_516_fu_2742            |    9|          2|   32|         64|
    |acc_517_fu_2746            |    9|          2|   32|         64|
    |acc_518_fu_2750            |    9|          2|   32|         64|
    |acc_519_fu_2754            |    9|          2|   32|         64|
    |acc_520_fu_2758            |    9|          2|   32|         64|
    |acc_521_fu_2762            |    9|          2|   32|         64|
    |acc_522_fu_2766            |    9|          2|   32|         64|
    |acc_523_fu_2770            |    9|          2|   32|         64|
    |acc_524_fu_2774            |    9|          2|   32|         64|
    |acc_525_fu_2778            |    9|          2|   32|         64|
    |acc_526_fu_2782            |    9|          2|   32|         64|
    |acc_527_fu_2786            |    9|          2|   32|         64|
    |acc_528_fu_2790            |    9|          2|   32|         64|
    |acc_529_fu_2794            |    9|          2|   32|         64|
    |acc_530_fu_2798            |    9|          2|   32|         64|
    |acc_531_fu_2802            |    9|          2|   32|         64|
    |acc_532_fu_2806            |    9|          2|   32|         64|
    |acc_533_fu_2810            |    9|          2|   32|         64|
    |acc_534_fu_2814            |    9|          2|   32|         64|
    |acc_535_fu_2818            |    9|          2|   32|         64|
    |acc_536_fu_2822            |    9|          2|   32|         64|
    |acc_537_fu_2826            |    9|          2|   32|         64|
    |acc_538_fu_2830            |    9|          2|   32|         64|
    |acc_539_fu_2834            |    9|          2|   32|         64|
    |acc_540_fu_2838            |    9|          2|   32|         64|
    |acc_541_fu_2842            |    9|          2|   32|         64|
    |acc_542_fu_2846            |    9|          2|   32|         64|
    |acc_543_fu_2850            |    9|          2|   32|         64|
    |acc_544_fu_2854            |    9|          2|   32|         64|
    |acc_545_fu_2858            |    9|          2|   32|         64|
    |acc_546_fu_2862            |    9|          2|   32|         64|
    |acc_547_fu_2866            |    9|          2|   32|         64|
    |acc_548_fu_2870            |    9|          2|   32|         64|
    |acc_549_fu_2874            |    9|          2|   32|         64|
    |acc_550_fu_2878            |    9|          2|   32|         64|
    |acc_551_fu_2882            |    9|          2|   32|         64|
    |acc_552_fu_2886            |    9|          2|   32|         64|
    |acc_553_fu_2890            |    9|          2|   32|         64|
    |acc_554_fu_2894            |    9|          2|   32|         64|
    |acc_555_fu_2898            |    9|          2|   32|         64|
    |acc_556_fu_2902            |    9|          2|   32|         64|
    |acc_557_fu_2906            |    9|          2|   32|         64|
    |acc_558_fu_2910            |    9|          2|   32|         64|
    |acc_559_fu_2914            |    9|          2|   32|         64|
    |acc_560_fu_2918            |    9|          2|   32|         64|
    |acc_561_fu_2922            |    9|          2|   32|         64|
    |acc_562_fu_2926            |    9|          2|   32|         64|
    |acc_563_fu_2930            |    9|          2|   32|         64|
    |acc_564_fu_2934            |    9|          2|   32|         64|
    |acc_565_fu_2938            |    9|          2|   32|         64|
    |acc_566_fu_2942            |    9|          2|   32|         64|
    |acc_567_fu_2946            |    9|          2|   32|         64|
    |acc_568_fu_2950            |    9|          2|   32|         64|
    |acc_569_fu_2954            |    9|          2|   32|         64|
    |acc_570_fu_2958            |    9|          2|   32|         64|
    |acc_571_fu_2962            |    9|          2|   32|         64|
    |acc_572_fu_2966            |    9|          2|   32|         64|
    |acc_573_fu_2970            |    9|          2|   32|         64|
    |acc_574_fu_2974            |    9|          2|   32|         64|
    |acc_575_fu_2978            |    9|          2|   32|         64|
    |acc_576_fu_2982            |    9|          2|   32|         64|
    |acc_577_fu_2986            |    9|          2|   32|         64|
    |acc_578_fu_2990            |    9|          2|   32|         64|
    |acc_579_fu_2994            |    9|          2|   32|         64|
    |acc_580_fu_2998            |    9|          2|   32|         64|
    |acc_581_fu_3002            |    9|          2|   32|         64|
    |acc_582_fu_3006            |    9|          2|   32|         64|
    |acc_583_fu_3010            |    9|          2|   32|         64|
    |acc_584_fu_3014            |    9|          2|   32|         64|
    |acc_585_fu_3018            |    9|          2|   32|         64|
    |acc_586_fu_3022            |    9|          2|   32|         64|
    |acc_587_fu_3026            |    9|          2|   32|         64|
    |acc_588_fu_3030            |    9|          2|   32|         64|
    |acc_589_fu_3034            |    9|          2|   32|         64|
    |acc_590_fu_3038            |    9|          2|   32|         64|
    |acc_591_fu_3042            |    9|          2|   32|         64|
    |acc_592_fu_3046            |    9|          2|   32|         64|
    |acc_593_fu_3050            |    9|          2|   32|         64|
    |acc_594_fu_3054            |    9|          2|   32|         64|
    |acc_595_fu_3058            |    9|          2|   32|         64|
    |acc_596_fu_3062            |    9|          2|   32|         64|
    |acc_597_fu_3066            |    9|          2|   32|         64|
    |acc_598_fu_3070            |    9|          2|   32|         64|
    |acc_599_fu_3074            |    9|          2|   32|         64|
    |acc_600_fu_3078            |    9|          2|   32|         64|
    |acc_601_fu_3082            |    9|          2|   32|         64|
    |acc_602_fu_3086            |    9|          2|   32|         64|
    |acc_603_fu_3090            |    9|          2|   32|         64|
    |acc_604_fu_3094            |    9|          2|   32|         64|
    |acc_605_fu_3098            |    9|          2|   32|         64|
    |acc_606_fu_3102            |    9|          2|   32|         64|
    |acc_607_fu_3106            |    9|          2|   32|         64|
    |acc_608_fu_3110            |    9|          2|   32|         64|
    |acc_609_fu_3114            |    9|          2|   32|         64|
    |acc_610_fu_3118            |    9|          2|   32|         64|
    |acc_611_fu_3122            |    9|          2|   32|         64|
    |acc_612_fu_3126            |    9|          2|   32|         64|
    |acc_613_fu_3130            |    9|          2|   32|         64|
    |acc_614_fu_3134            |    9|          2|   32|         64|
    |acc_615_fu_3138            |    9|          2|   32|         64|
    |acc_616_fu_3142            |    9|          2|   32|         64|
    |acc_617_fu_3146            |    9|          2|   32|         64|
    |acc_618_fu_3150            |    9|          2|   32|         64|
    |acc_619_fu_3154            |    9|          2|   32|         64|
    |acc_620_fu_3158            |    9|          2|   32|         64|
    |acc_621_fu_3162            |    9|          2|   32|         64|
    |acc_622_fu_3166            |    9|          2|   32|         64|
    |acc_623_fu_3170            |    9|          2|   32|         64|
    |acc_624_fu_3174            |    9|          2|   32|         64|
    |acc_625_fu_3178            |    9|          2|   32|         64|
    |acc_626_fu_3182            |    9|          2|   32|         64|
    |acc_627_fu_3186            |    9|          2|   32|         64|
    |acc_628_fu_3190            |    9|          2|   32|         64|
    |acc_629_fu_3194            |    9|          2|   32|         64|
    |acc_630_fu_3198            |    9|          2|   32|         64|
    |acc_631_fu_3202            |    9|          2|   32|         64|
    |acc_632_fu_3206            |    9|          2|   32|         64|
    |acc_633_fu_3210            |    9|          2|   32|         64|
    |acc_634_fu_3214            |    9|          2|   32|         64|
    |acc_635_fu_3218            |    9|          2|   32|         64|
    |acc_636_fu_3222            |    9|          2|   32|         64|
    |acc_637_fu_3226            |    9|          2|   32|         64|
    |acc_638_fu_3230            |    9|          2|   32|         64|
    |acc_639_fu_3234            |    9|          2|   32|         64|
    |acc_640_fu_3238            |    9|          2|   32|         64|
    |acc_641_fu_3242            |    9|          2|   32|         64|
    |acc_642_fu_3246            |    9|          2|   32|         64|
    |acc_643_fu_3250            |    9|          2|   32|         64|
    |acc_644_fu_3254            |    9|          2|   32|         64|
    |acc_645_fu_3258            |    9|          2|   32|         64|
    |acc_646_fu_3262            |    9|          2|   32|         64|
    |acc_647_fu_3266            |    9|          2|   32|         64|
    |acc_648_fu_3270            |    9|          2|   32|         64|
    |acc_649_fu_3274            |    9|          2|   32|         64|
    |acc_650_fu_3278            |    9|          2|   32|         64|
    |acc_651_fu_3282            |    9|          2|   32|         64|
    |acc_652_fu_3286            |    9|          2|   32|         64|
    |acc_653_fu_3290            |    9|          2|   32|         64|
    |acc_654_fu_3294            |    9|          2|   32|         64|
    |acc_655_fu_3298            |    9|          2|   32|         64|
    |acc_656_fu_3302            |    9|          2|   32|         64|
    |acc_657_fu_3306            |    9|          2|   32|         64|
    |acc_658_fu_3310            |    9|          2|   32|         64|
    |acc_659_fu_3314            |    9|          2|   32|         64|
    |acc_660_fu_3318            |    9|          2|   32|         64|
    |acc_661_fu_3322            |    9|          2|   32|         64|
    |acc_662_fu_3326            |    9|          2|   32|         64|
    |acc_663_fu_3330            |    9|          2|   32|         64|
    |acc_664_fu_3334            |    9|          2|   32|         64|
    |acc_665_fu_3338            |    9|          2|   32|         64|
    |acc_666_fu_3342            |    9|          2|   32|         64|
    |acc_667_fu_3346            |    9|          2|   32|         64|
    |acc_668_fu_3350            |    9|          2|   32|         64|
    |acc_669_fu_3354            |    9|          2|   32|         64|
    |acc_670_fu_3358            |    9|          2|   32|         64|
    |acc_671_fu_3362            |    9|          2|   32|         64|
    |acc_672_fu_3366            |    9|          2|   32|         64|
    |acc_673_fu_3370            |    9|          2|   32|         64|
    |acc_674_fu_3374            |    9|          2|   32|         64|
    |acc_675_fu_3378            |    9|          2|   32|         64|
    |acc_676_fu_3382            |    9|          2|   32|         64|
    |acc_677_fu_3386            |    9|          2|   32|         64|
    |acc_678_fu_3390            |    9|          2|   32|         64|
    |acc_679_fu_3394            |    9|          2|   32|         64|
    |acc_680_fu_3398            |    9|          2|   32|         64|
    |acc_681_fu_3402            |    9|          2|   32|         64|
    |acc_682_fu_3406            |    9|          2|   32|         64|
    |acc_683_fu_3410            |    9|          2|   32|         64|
    |acc_684_fu_3414            |    9|          2|   32|         64|
    |acc_685_fu_3418            |    9|          2|   32|         64|
    |acc_686_fu_3422            |    9|          2|   32|         64|
    |acc_687_fu_3426            |    9|          2|   32|         64|
    |acc_688_fu_3430            |    9|          2|   32|         64|
    |acc_689_fu_3434            |    9|          2|   32|         64|
    |acc_690_fu_3438            |    9|          2|   32|         64|
    |acc_691_fu_3442            |    9|          2|   32|         64|
    |acc_692_fu_3446            |    9|          2|   32|         64|
    |acc_693_fu_3450            |    9|          2|   32|         64|
    |acc_694_fu_3454            |    9|          2|   32|         64|
    |acc_695_fu_3458            |    9|          2|   32|         64|
    |acc_696_fu_3462            |    9|          2|   32|         64|
    |acc_697_fu_3466            |    9|          2|   32|         64|
    |acc_698_fu_3470            |    9|          2|   32|         64|
    |acc_699_fu_3474            |    9|          2|   32|         64|
    |acc_700_fu_3478            |    9|          2|   32|         64|
    |acc_701_fu_3482            |    9|          2|   32|         64|
    |acc_702_fu_3486            |    9|          2|   32|         64|
    |acc_703_fu_3490            |    9|          2|   32|         64|
    |acc_704_fu_3494            |    9|          2|   32|         64|
    |acc_705_fu_3498            |    9|          2|   32|         64|
    |acc_706_fu_3502            |    9|          2|   32|         64|
    |acc_707_fu_3506            |    9|          2|   32|         64|
    |acc_708_fu_3510            |    9|          2|   32|         64|
    |acc_709_fu_3514            |    9|          2|   32|         64|
    |acc_710_fu_3518            |    9|          2|   32|         64|
    |acc_711_fu_3522            |    9|          2|   32|         64|
    |acc_712_fu_3526            |    9|          2|   32|         64|
    |acc_713_fu_3530            |    9|          2|   32|         64|
    |acc_714_fu_3534            |    9|          2|   32|         64|
    |acc_715_fu_3538            |    9|          2|   32|         64|
    |acc_716_fu_3542            |    9|          2|   32|         64|
    |acc_717_fu_3546            |    9|          2|   32|         64|
    |acc_718_fu_3550            |    9|          2|   32|         64|
    |acc_719_fu_3554            |    9|          2|   32|         64|
    |acc_720_fu_3558            |    9|          2|   32|         64|
    |acc_721_fu_3562            |    9|          2|   32|         64|
    |acc_722_fu_3566            |    9|          2|   32|         64|
    |acc_723_fu_3570            |    9|          2|   32|         64|
    |acc_724_fu_3574            |    9|          2|   32|         64|
    |acc_725_fu_3578            |    9|          2|   32|         64|
    |acc_726_fu_3582            |    9|          2|   32|         64|
    |acc_727_fu_3586            |    9|          2|   32|         64|
    |acc_728_fu_3590            |    9|          2|   32|         64|
    |acc_729_fu_3594            |    9|          2|   32|         64|
    |acc_730_fu_3598            |    9|          2|   32|         64|
    |acc_731_fu_3602            |    9|          2|   32|         64|
    |acc_732_fu_3606            |    9|          2|   32|         64|
    |acc_733_fu_3610            |    9|          2|   32|         64|
    |acc_734_fu_3614            |    9|          2|   32|         64|
    |acc_735_fu_3618            |    9|          2|   32|         64|
    |acc_736_fu_3622            |    9|          2|   32|         64|
    |acc_737_fu_3626            |    9|          2|   32|         64|
    |acc_738_fu_3630            |    9|          2|   32|         64|
    |acc_739_fu_3634            |    9|          2|   32|         64|
    |acc_740_fu_3638            |    9|          2|   32|         64|
    |acc_741_fu_3642            |    9|          2|   32|         64|
    |acc_742_fu_3646            |    9|          2|   32|         64|
    |acc_743_fu_3650            |    9|          2|   32|         64|
    |acc_744_fu_3654            |    9|          2|   32|         64|
    |acc_745_fu_3658            |    9|          2|   32|         64|
    |acc_746_fu_3662            |    9|          2|   32|         64|
    |acc_747_fu_3666            |    9|          2|   32|         64|
    |acc_748_fu_3670            |    9|          2|   32|         64|
    |acc_749_fu_3674            |    9|          2|   32|         64|
    |acc_750_fu_3678            |    9|          2|   32|         64|
    |acc_751_fu_3682            |    9|          2|   32|         64|
    |acc_752_fu_3686            |    9|          2|   32|         64|
    |acc_753_fu_3690            |    9|          2|   32|         64|
    |acc_754_fu_3694            |    9|          2|   32|         64|
    |acc_755_fu_3698            |    9|          2|   32|         64|
    |acc_756_fu_3702            |    9|          2|   32|         64|
    |acc_757_fu_3706            |    9|          2|   32|         64|
    |acc_758_fu_3710            |    9|          2|   32|         64|
    |acc_759_fu_3714            |    9|          2|   32|         64|
    |acc_760_fu_3718            |    9|          2|   32|         64|
    |acc_761_fu_3722            |    9|          2|   32|         64|
    |acc_762_fu_3726            |    9|          2|   32|         64|
    |acc_763_fu_3730            |    9|          2|   32|         64|
    |acc_764_fu_3734            |    9|          2|   32|         64|
    |acc_765_fu_3738            |    9|          2|   32|         64|
    |acc_766_fu_3742            |    9|          2|   32|         64|
    |acc_767_fu_3746            |    9|          2|   32|         64|
    |acc_768_fu_3750            |    9|          2|   32|         64|
    |acc_769_fu_3754            |    9|          2|   32|         64|
    |acc_770_fu_3758            |    9|          2|   32|         64|
    |acc_771_fu_3762            |    9|          2|   32|         64|
    |acc_772_fu_3766            |    9|          2|   32|         64|
    |acc_773_fu_3770            |    9|          2|   32|         64|
    |acc_774_fu_3774            |    9|          2|   32|         64|
    |acc_775_fu_3778            |    9|          2|   32|         64|
    |acc_776_fu_3782            |    9|          2|   32|         64|
    |acc_777_fu_3786            |    9|          2|   32|         64|
    |acc_778_fu_3790            |    9|          2|   32|         64|
    |acc_779_fu_3794            |    9|          2|   32|         64|
    |acc_780_fu_3798            |    9|          2|   32|         64|
    |acc_781_fu_3802            |    9|          2|   32|         64|
    |acc_782_fu_3806            |    9|          2|   32|         64|
    |acc_783_fu_3810            |    9|          2|   32|         64|
    |acc_784_fu_3814            |    9|          2|   32|         64|
    |acc_785_fu_3818            |    9|          2|   32|         64|
    |acc_786_fu_3822            |    9|          2|   32|         64|
    |acc_787_fu_3826            |    9|          2|   32|         64|
    |acc_788_fu_3830            |    9|          2|   32|         64|
    |acc_789_fu_3834            |    9|          2|   32|         64|
    |acc_790_fu_3838            |    9|          2|   32|         64|
    |acc_791_fu_3842            |    9|          2|   32|         64|
    |acc_792_fu_3846            |    9|          2|   32|         64|
    |acc_793_fu_3850            |    9|          2|   32|         64|
    |acc_794_fu_3854            |    9|          2|   32|         64|
    |acc_795_fu_3858            |    9|          2|   32|         64|
    |acc_796_fu_3862            |    9|          2|   32|         64|
    |acc_797_fu_3866            |    9|          2|   32|         64|
    |acc_798_fu_3870            |    9|          2|   32|         64|
    |acc_799_fu_3874            |    9|          2|   32|         64|
    |acc_800_fu_3878            |    9|          2|   32|         64|
    |acc_801_fu_3882            |    9|          2|   32|         64|
    |acc_802_fu_3886            |    9|          2|   32|         64|
    |acc_803_fu_3890            |    9|          2|   32|         64|
    |acc_804_fu_3894            |    9|          2|   32|         64|
    |acc_805_fu_3898            |    9|          2|   32|         64|
    |acc_806_fu_3902            |    9|          2|   32|         64|
    |acc_807_fu_3906            |    9|          2|   32|         64|
    |acc_808_fu_3910            |    9|          2|   32|         64|
    |acc_809_fu_3914            |    9|          2|   32|         64|
    |acc_810_fu_3918            |    9|          2|   32|         64|
    |acc_811_fu_3922            |    9|          2|   32|         64|
    |acc_812_fu_3926            |    9|          2|   32|         64|
    |acc_813_fu_3930            |    9|          2|   32|         64|
    |acc_814_fu_3934            |    9|          2|   32|         64|
    |acc_815_fu_3938            |    9|          2|   32|         64|
    |acc_816_fu_3942            |    9|          2|   32|         64|
    |acc_817_fu_3946            |    9|          2|   32|         64|
    |acc_818_fu_3950            |    9|          2|   32|         64|
    |acc_819_fu_3954            |    9|          2|   32|         64|
    |acc_820_fu_3958            |    9|          2|   32|         64|
    |acc_821_fu_3962            |    9|          2|   32|         64|
    |acc_822_fu_3966            |    9|          2|   32|         64|
    |acc_823_fu_3970            |    9|          2|   32|         64|
    |acc_824_fu_3974            |    9|          2|   32|         64|
    |acc_825_fu_3978            |    9|          2|   32|         64|
    |acc_826_fu_3982            |    9|          2|   32|         64|
    |acc_827_fu_3986            |    9|          2|   32|         64|
    |acc_828_fu_3990            |    9|          2|   32|         64|
    |acc_829_fu_3994            |    9|          2|   32|         64|
    |acc_830_fu_3998            |    9|          2|   32|         64|
    |acc_831_fu_4002            |    9|          2|   32|         64|
    |acc_832_fu_4006            |    9|          2|   32|         64|
    |acc_833_fu_4010            |    9|          2|   32|         64|
    |acc_834_fu_4014            |    9|          2|   32|         64|
    |acc_835_fu_4018            |    9|          2|   32|         64|
    |acc_836_fu_4022            |    9|          2|   32|         64|
    |acc_837_fu_4026            |    9|          2|   32|         64|
    |acc_838_fu_4030            |    9|          2|   32|         64|
    |acc_839_fu_4034            |    9|          2|   32|         64|
    |acc_840_fu_4038            |    9|          2|   32|         64|
    |acc_841_fu_4042            |    9|          2|   32|         64|
    |acc_842_fu_4046            |    9|          2|   32|         64|
    |acc_843_fu_4050            |    9|          2|   32|         64|
    |acc_844_fu_4054            |    9|          2|   32|         64|
    |acc_845_fu_4058            |    9|          2|   32|         64|
    |acc_846_fu_4062            |    9|          2|   32|         64|
    |acc_847_fu_4066            |    9|          2|   32|         64|
    |acc_848_fu_4070            |    9|          2|   32|         64|
    |acc_849_fu_4074            |    9|          2|   32|         64|
    |acc_850_fu_4078            |    9|          2|   32|         64|
    |acc_851_fu_4082            |    9|          2|   32|         64|
    |acc_852_fu_4086            |    9|          2|   32|         64|
    |acc_853_fu_4090            |    9|          2|   32|         64|
    |acc_854_fu_4094            |    9|          2|   32|         64|
    |acc_855_fu_4098            |    9|          2|   32|         64|
    |acc_856_fu_4102            |    9|          2|   32|         64|
    |acc_857_fu_4106            |    9|          2|   32|         64|
    |acc_858_fu_4110            |    9|          2|   32|         64|
    |acc_859_fu_4114            |    9|          2|   32|         64|
    |acc_860_fu_4118            |    9|          2|   32|         64|
    |acc_861_fu_4122            |    9|          2|   32|         64|
    |acc_862_fu_4126            |    9|          2|   32|         64|
    |acc_863_fu_4130            |    9|          2|   32|         64|
    |acc_864_fu_4134            |    9|          2|   32|         64|
    |acc_865_fu_4138            |    9|          2|   32|         64|
    |acc_866_fu_4142            |    9|          2|   32|         64|
    |acc_867_fu_4146            |    9|          2|   32|         64|
    |acc_868_fu_4150            |    9|          2|   32|         64|
    |acc_869_fu_4154            |    9|          2|   32|         64|
    |acc_870_fu_4158            |    9|          2|   32|         64|
    |acc_871_fu_4162            |    9|          2|   32|         64|
    |acc_872_fu_4166            |    9|          2|   32|         64|
    |acc_873_fu_4170            |    9|          2|   32|         64|
    |acc_874_fu_4174            |    9|          2|   32|         64|
    |acc_875_fu_4178            |    9|          2|   32|         64|
    |acc_876_fu_4182            |    9|          2|   32|         64|
    |acc_877_fu_4186            |    9|          2|   32|         64|
    |acc_878_fu_4190            |    9|          2|   32|         64|
    |acc_879_fu_4194            |    9|          2|   32|         64|
    |acc_880_fu_4198            |    9|          2|   32|         64|
    |acc_881_fu_4202            |    9|          2|   32|         64|
    |acc_882_fu_4206            |    9|          2|   32|         64|
    |acc_883_fu_4210            |    9|          2|   32|         64|
    |acc_884_fu_4214            |    9|          2|   32|         64|
    |acc_885_fu_4218            |    9|          2|   32|         64|
    |acc_886_fu_4222            |    9|          2|   32|         64|
    |acc_887_fu_4226            |    9|          2|   32|         64|
    |acc_888_fu_4230            |    9|          2|   32|         64|
    |acc_889_fu_4234            |    9|          2|   32|         64|
    |acc_890_fu_4238            |    9|          2|   32|         64|
    |acc_891_fu_4242            |    9|          2|   32|         64|
    |acc_892_fu_4246            |    9|          2|   32|         64|
    |acc_893_fu_4250            |    9|          2|   32|         64|
    |acc_894_fu_4254            |    9|          2|   32|         64|
    |acc_895_fu_4258            |    9|          2|   32|         64|
    |acc_896_fu_4262            |    9|          2|   32|         64|
    |acc_897_fu_4266            |    9|          2|   32|         64|
    |acc_898_fu_4270            |    9|          2|   32|         64|
    |acc_899_fu_4274            |    9|          2|   32|         64|
    |acc_900_fu_4278            |    9|          2|   32|         64|
    |acc_901_fu_4282            |    9|          2|   32|         64|
    |acc_902_fu_4286            |    9|          2|   32|         64|
    |acc_903_fu_4290            |    9|          2|   32|         64|
    |acc_904_fu_4294            |    9|          2|   32|         64|
    |acc_905_fu_4298            |    9|          2|   32|         64|
    |acc_906_fu_4302            |    9|          2|   32|         64|
    |acc_907_fu_4306            |    9|          2|   32|         64|
    |acc_908_fu_4310            |    9|          2|   32|         64|
    |acc_909_fu_4314            |    9|          2|   32|         64|
    |acc_910_fu_4318            |    9|          2|   32|         64|
    |acc_911_fu_4322            |    9|          2|   32|         64|
    |acc_912_fu_4326            |    9|          2|   32|         64|
    |acc_913_fu_4330            |    9|          2|   32|         64|
    |acc_914_fu_4334            |    9|          2|   32|         64|
    |acc_915_fu_4338            |    9|          2|   32|         64|
    |acc_916_fu_4342            |    9|          2|   32|         64|
    |acc_917_fu_4346            |    9|          2|   32|         64|
    |acc_918_fu_4350            |    9|          2|   32|         64|
    |acc_919_fu_4354            |    9|          2|   32|         64|
    |acc_920_fu_4358            |    9|          2|   32|         64|
    |acc_921_fu_4362            |    9|          2|   32|         64|
    |acc_922_fu_4366            |    9|          2|   32|         64|
    |acc_923_fu_4370            |    9|          2|   32|         64|
    |acc_924_fu_4374            |    9|          2|   32|         64|
    |acc_925_fu_4378            |    9|          2|   32|         64|
    |acc_926_fu_4382            |    9|          2|   32|         64|
    |acc_927_fu_4386            |    9|          2|   32|         64|
    |acc_928_fu_4390            |    9|          2|   32|         64|
    |acc_929_fu_4394            |    9|          2|   32|         64|
    |acc_930_fu_4398            |    9|          2|   32|         64|
    |acc_931_fu_4402            |    9|          2|   32|         64|
    |acc_932_fu_4406            |    9|          2|   32|         64|
    |acc_933_fu_4410            |    9|          2|   32|         64|
    |acc_934_fu_4414            |    9|          2|   32|         64|
    |acc_935_fu_4418            |    9|          2|   32|         64|
    |acc_936_fu_4422            |    9|          2|   32|         64|
    |acc_937_fu_4426            |    9|          2|   32|         64|
    |acc_938_fu_4430            |    9|          2|   32|         64|
    |acc_939_fu_4434            |    9|          2|   32|         64|
    |acc_940_fu_4438            |    9|          2|   32|         64|
    |acc_941_fu_4442            |    9|          2|   32|         64|
    |acc_942_fu_4446            |    9|          2|   32|         64|
    |acc_943_fu_4450            |    9|          2|   32|         64|
    |acc_944_fu_4454            |    9|          2|   32|         64|
    |acc_945_fu_4458            |    9|          2|   32|         64|
    |acc_946_fu_4462            |    9|          2|   32|         64|
    |acc_947_fu_4466            |    9|          2|   32|         64|
    |acc_948_fu_4470            |    9|          2|   32|         64|
    |acc_949_fu_4474            |    9|          2|   32|         64|
    |acc_950_fu_4478            |    9|          2|   32|         64|
    |acc_951_fu_4482            |    9|          2|   32|         64|
    |acc_952_fu_4486            |    9|          2|   32|         64|
    |acc_953_fu_4490            |    9|          2|   32|         64|
    |acc_954_fu_4494            |    9|          2|   32|         64|
    |acc_955_fu_4498            |    9|          2|   32|         64|
    |acc_956_fu_4502            |    9|          2|   32|         64|
    |acc_957_fu_4506            |    9|          2|   32|         64|
    |acc_958_fu_4510            |    9|          2|   32|         64|
    |acc_959_fu_4514            |    9|          2|   32|         64|
    |acc_960_fu_4518            |    9|          2|   32|         64|
    |acc_961_fu_4522            |    9|          2|   32|         64|
    |acc_962_fu_4526            |    9|          2|   32|         64|
    |acc_963_fu_4530            |    9|          2|   32|         64|
    |acc_964_fu_4534            |    9|          2|   32|         64|
    |acc_965_fu_4538            |    9|          2|   32|         64|
    |acc_966_fu_4542            |    9|          2|   32|         64|
    |acc_967_fu_4546            |    9|          2|   32|         64|
    |acc_968_fu_4550            |    9|          2|   32|         64|
    |acc_969_fu_4554            |    9|          2|   32|         64|
    |acc_970_fu_4558            |    9|          2|   32|         64|
    |acc_971_fu_4562            |    9|          2|   32|         64|
    |acc_972_fu_4566            |    9|          2|   32|         64|
    |acc_973_fu_4570            |    9|          2|   32|         64|
    |acc_974_fu_4574            |    9|          2|   32|         64|
    |acc_975_fu_4578            |    9|          2|   32|         64|
    |acc_976_fu_4582            |    9|          2|   32|         64|
    |acc_977_fu_4586            |    9|          2|   32|         64|
    |acc_978_fu_4590            |    9|          2|   32|         64|
    |acc_979_fu_4594            |    9|          2|   32|         64|
    |acc_980_fu_4598            |    9|          2|   32|         64|
    |acc_981_fu_4602            |    9|          2|   32|         64|
    |acc_982_fu_4606            |    9|          2|   32|         64|
    |acc_983_fu_4610            |    9|          2|   32|         64|
    |acc_984_fu_4614            |    9|          2|   32|         64|
    |acc_985_fu_4618            |    9|          2|   32|         64|
    |acc_986_fu_4622            |    9|          2|   32|         64|
    |acc_987_fu_4626            |    9|          2|   32|         64|
    |acc_988_fu_4630            |    9|          2|   32|         64|
    |acc_989_fu_4634            |    9|          2|   32|         64|
    |acc_990_fu_4638            |    9|          2|   32|         64|
    |acc_991_fu_4642            |    9|          2|   32|         64|
    |acc_992_fu_4646            |    9|          2|   32|         64|
    |acc_993_fu_4650            |    9|          2|   32|         64|
    |acc_994_fu_4654            |    9|          2|   32|         64|
    |acc_995_fu_4658            |    9|          2|   32|         64|
    |acc_996_fu_4662            |    9|          2|   32|         64|
    |acc_997_fu_4666            |    9|          2|   32|         64|
    |acc_998_fu_4670            |    9|          2|   32|         64|
    |acc_999_fu_4674            |    9|          2|   32|         64|
    |acc_fu_2722                |    9|          2|   32|         64|
    |ap_NS_fsm                  |  123|         25|    1|         25|
    |gmem_out_AWADDR            |   14|          3|   64|        192|
    |gmem_out_AWLEN             |   14|          3|   32|         96|
    |gmem_out_AWVALID           |   14|          3|    1|          3|
    |gmem_out_BREADY            |   14|          3|    1|          3|
    |gmem_out_WVALID            |    9|          2|    1|          2|
    |gmem_out_blk_n_AW          |    9|          2|    1|          2|
    |gmem_out_blk_n_B           |    9|          2|    1|          2|
    |gmem_v_ARADDR              |   14|          3|   64|        192|
    |gmem_v_ARLEN               |   14|          3|   32|         96|
    |gmem_v_ARVALID             |   14|          3|    1|          3|
    |gmem_v_RREADY              |    9|          2|    1|          2|
    |gmem_v_blk_n_AR            |    9|          2|    1|          2|
    |gmem_weights_ARVALID       |    9|          2|    1|          2|
    |gmem_weights_RREADY        |    9|          2|    1|          2|
    |indvars_iv1992_fu_2718     |    9|          2|   26|         52|
    |key_base_fu_2714           |    9|          2|   32|         64|
    |v_local_10_address0        |   14|          3|    6|         18|
    |v_local_10_ce0             |   14|          3|    1|          3|
    |v_local_10_we0             |    9|          2|    1|          2|
    |v_local_11_address0        |   14|          3|    6|         18|
    |v_local_11_ce0             |   14|          3|    1|          3|
    |v_local_11_we0             |    9|          2|    1|          2|
    |v_local_12_address0        |   14|          3|    6|         18|
    |v_local_12_ce0             |   14|          3|    1|          3|
    |v_local_12_we0             |    9|          2|    1|          2|
    |v_local_13_address0        |   14|          3|    6|         18|
    |v_local_13_ce0             |   14|          3|    1|          3|
    |v_local_13_we0             |    9|          2|    1|          2|
    |v_local_14_address0        |   14|          3|    6|         18|
    |v_local_14_ce0             |   14|          3|    1|          3|
    |v_local_14_we0             |    9|          2|    1|          2|
    |v_local_15_address0        |   14|          3|    6|         18|
    |v_local_15_ce0             |   14|          3|    1|          3|
    |v_local_15_we0             |    9|          2|    1|          2|
    |v_local_16_address0        |   14|          3|    6|         18|
    |v_local_16_ce0             |   14|          3|    1|          3|
    |v_local_16_we0             |    9|          2|    1|          2|
    |v_local_17_address0        |   14|          3|    6|         18|
    |v_local_17_ce0             |   14|          3|    1|          3|
    |v_local_17_we0             |    9|          2|    1|          2|
    |v_local_18_address0        |   14|          3|    6|         18|
    |v_local_18_ce0             |   14|          3|    1|          3|
    |v_local_18_we0             |    9|          2|    1|          2|
    |v_local_19_address0        |   14|          3|    6|         18|
    |v_local_19_ce0             |   14|          3|    1|          3|
    |v_local_19_we0             |    9|          2|    1|          2|
    |v_local_1_address0         |   14|          3|    6|         18|
    |v_local_1_ce0              |   14|          3|    1|          3|
    |v_local_1_we0              |    9|          2|    1|          2|
    |v_local_20_address0        |   14|          3|    6|         18|
    |v_local_20_ce0             |   14|          3|    1|          3|
    |v_local_20_we0             |    9|          2|    1|          2|
    |v_local_21_address0        |   14|          3|    6|         18|
    |v_local_21_ce0             |   14|          3|    1|          3|
    |v_local_21_we0             |    9|          2|    1|          2|
    |v_local_22_address0        |   14|          3|    6|         18|
    |v_local_22_ce0             |   14|          3|    1|          3|
    |v_local_22_we0             |    9|          2|    1|          2|
    |v_local_23_address0        |   14|          3|    6|         18|
    |v_local_23_ce0             |   14|          3|    1|          3|
    |v_local_23_we0             |    9|          2|    1|          2|
    |v_local_24_address0        |   14|          3|    6|         18|
    |v_local_24_ce0             |   14|          3|    1|          3|
    |v_local_24_we0             |    9|          2|    1|          2|
    |v_local_25_address0        |   14|          3|    6|         18|
    |v_local_25_ce0             |   14|          3|    1|          3|
    |v_local_25_we0             |    9|          2|    1|          2|
    |v_local_26_address0        |   14|          3|    6|         18|
    |v_local_26_ce0             |   14|          3|    1|          3|
    |v_local_26_we0             |    9|          2|    1|          2|
    |v_local_27_address0        |   14|          3|    6|         18|
    |v_local_27_ce0             |   14|          3|    1|          3|
    |v_local_27_we0             |    9|          2|    1|          2|
    |v_local_28_address0        |   14|          3|    6|         18|
    |v_local_28_ce0             |   14|          3|    1|          3|
    |v_local_28_we0             |    9|          2|    1|          2|
    |v_local_29_address0        |   14|          3|    6|         18|
    |v_local_29_ce0             |   14|          3|    1|          3|
    |v_local_29_we0             |    9|          2|    1|          2|
    |v_local_2_address0         |   14|          3|    6|         18|
    |v_local_2_ce0              |   14|          3|    1|          3|
    |v_local_2_we0              |    9|          2|    1|          2|
    |v_local_30_address0        |   14|          3|    6|         18|
    |v_local_30_ce0             |   14|          3|    1|          3|
    |v_local_30_we0             |    9|          2|    1|          2|
    |v_local_31_address0        |   14|          3|    6|         18|
    |v_local_31_ce0             |   14|          3|    1|          3|
    |v_local_31_we0             |    9|          2|    1|          2|
    |v_local_32_address0        |   14|          3|    6|         18|
    |v_local_32_ce0             |   14|          3|    1|          3|
    |v_local_32_we0             |    9|          2|    1|          2|
    |v_local_33_address0        |   14|          3|    6|         18|
    |v_local_33_ce0             |   14|          3|    1|          3|
    |v_local_33_we0             |    9|          2|    1|          2|
    |v_local_34_address0        |   14|          3|    6|         18|
    |v_local_34_ce0             |   14|          3|    1|          3|
    |v_local_34_we0             |    9|          2|    1|          2|
    |v_local_35_address0        |   14|          3|    6|         18|
    |v_local_35_ce0             |   14|          3|    1|          3|
    |v_local_35_we0             |    9|          2|    1|          2|
    |v_local_36_address0        |   14|          3|    6|         18|
    |v_local_36_ce0             |   14|          3|    1|          3|
    |v_local_36_we0             |    9|          2|    1|          2|
    |v_local_37_address0        |   14|          3|    6|         18|
    |v_local_37_ce0             |   14|          3|    1|          3|
    |v_local_37_we0             |    9|          2|    1|          2|
    |v_local_38_address0        |   14|          3|    6|         18|
    |v_local_38_ce0             |   14|          3|    1|          3|
    |v_local_38_we0             |    9|          2|    1|          2|
    |v_local_39_address0        |   14|          3|    6|         18|
    |v_local_39_ce0             |   14|          3|    1|          3|
    |v_local_39_we0             |    9|          2|    1|          2|
    |v_local_3_address0         |   14|          3|    6|         18|
    |v_local_3_ce0              |   14|          3|    1|          3|
    |v_local_3_we0              |    9|          2|    1|          2|
    |v_local_40_address0        |   14|          3|    6|         18|
    |v_local_40_ce0             |   14|          3|    1|          3|
    |v_local_40_we0             |    9|          2|    1|          2|
    |v_local_41_address0        |   14|          3|    6|         18|
    |v_local_41_ce0             |   14|          3|    1|          3|
    |v_local_41_we0             |    9|          2|    1|          2|
    |v_local_42_address0        |   14|          3|    6|         18|
    |v_local_42_ce0             |   14|          3|    1|          3|
    |v_local_42_we0             |    9|          2|    1|          2|
    |v_local_43_address0        |   14|          3|    6|         18|
    |v_local_43_ce0             |   14|          3|    1|          3|
    |v_local_43_we0             |    9|          2|    1|          2|
    |v_local_44_address0        |   14|          3|    6|         18|
    |v_local_44_ce0             |   14|          3|    1|          3|
    |v_local_44_we0             |    9|          2|    1|          2|
    |v_local_45_address0        |   14|          3|    6|         18|
    |v_local_45_ce0             |   14|          3|    1|          3|
    |v_local_45_we0             |    9|          2|    1|          2|
    |v_local_46_address0        |   14|          3|    6|         18|
    |v_local_46_ce0             |   14|          3|    1|          3|
    |v_local_46_we0             |    9|          2|    1|          2|
    |v_local_47_address0        |   14|          3|    6|         18|
    |v_local_47_ce0             |   14|          3|    1|          3|
    |v_local_47_we0             |    9|          2|    1|          2|
    |v_local_48_address0        |   14|          3|    6|         18|
    |v_local_48_ce0             |   14|          3|    1|          3|
    |v_local_48_we0             |    9|          2|    1|          2|
    |v_local_49_address0        |   14|          3|    6|         18|
    |v_local_49_ce0             |   14|          3|    1|          3|
    |v_local_49_we0             |    9|          2|    1|          2|
    |v_local_4_address0         |   14|          3|    6|         18|
    |v_local_4_ce0              |   14|          3|    1|          3|
    |v_local_4_we0              |    9|          2|    1|          2|
    |v_local_50_address0        |   14|          3|    6|         18|
    |v_local_50_ce0             |   14|          3|    1|          3|
    |v_local_50_we0             |    9|          2|    1|          2|
    |v_local_51_address0        |   14|          3|    6|         18|
    |v_local_51_ce0             |   14|          3|    1|          3|
    |v_local_51_we0             |    9|          2|    1|          2|
    |v_local_52_address0        |   14|          3|    6|         18|
    |v_local_52_ce0             |   14|          3|    1|          3|
    |v_local_52_we0             |    9|          2|    1|          2|
    |v_local_53_address0        |   14|          3|    6|         18|
    |v_local_53_ce0             |   14|          3|    1|          3|
    |v_local_53_we0             |    9|          2|    1|          2|
    |v_local_54_address0        |   14|          3|    6|         18|
    |v_local_54_ce0             |   14|          3|    1|          3|
    |v_local_54_we0             |    9|          2|    1|          2|
    |v_local_55_address0        |   14|          3|    6|         18|
    |v_local_55_ce0             |   14|          3|    1|          3|
    |v_local_55_we0             |    9|          2|    1|          2|
    |v_local_56_address0        |   14|          3|    6|         18|
    |v_local_56_ce0             |   14|          3|    1|          3|
    |v_local_56_we0             |    9|          2|    1|          2|
    |v_local_57_address0        |   14|          3|    6|         18|
    |v_local_57_ce0             |   14|          3|    1|          3|
    |v_local_57_we0             |    9|          2|    1|          2|
    |v_local_58_address0        |   14|          3|    6|         18|
    |v_local_58_ce0             |   14|          3|    1|          3|
    |v_local_58_we0             |    9|          2|    1|          2|
    |v_local_59_address0        |   14|          3|    6|         18|
    |v_local_59_ce0             |   14|          3|    1|          3|
    |v_local_59_we0             |    9|          2|    1|          2|
    |v_local_5_address0         |   14|          3|    6|         18|
    |v_local_5_ce0              |   14|          3|    1|          3|
    |v_local_5_we0              |    9|          2|    1|          2|
    |v_local_60_address0        |   14|          3|    6|         18|
    |v_local_60_ce0             |   14|          3|    1|          3|
    |v_local_60_we0             |    9|          2|    1|          2|
    |v_local_61_address0        |   14|          3|    6|         18|
    |v_local_61_ce0             |   14|          3|    1|          3|
    |v_local_61_we0             |    9|          2|    1|          2|
    |v_local_62_address0        |   14|          3|    6|         18|
    |v_local_62_ce0             |   14|          3|    1|          3|
    |v_local_62_we0             |    9|          2|    1|          2|
    |v_local_63_address0        |   14|          3|    6|         18|
    |v_local_63_ce0             |   14|          3|    1|          3|
    |v_local_63_we0             |    9|          2|    1|          2|
    |v_local_6_address0         |   14|          3|    6|         18|
    |v_local_6_ce0              |   14|          3|    1|          3|
    |v_local_6_we0              |    9|          2|    1|          2|
    |v_local_7_address0         |   14|          3|    6|         18|
    |v_local_7_ce0              |   14|          3|    1|          3|
    |v_local_7_we0              |    9|          2|    1|          2|
    |v_local_8_address0         |   14|          3|    6|         18|
    |v_local_8_ce0              |   14|          3|    1|          3|
    |v_local_8_we0              |    9|          2|    1|          2|
    |v_local_9_address0         |   14|          3|    6|         18|
    |v_local_9_ce0              |   14|          3|    1|          3|
    |v_local_9_we0              |    9|          2|    1|          2|
    |v_local_address0           |   14|          3|    6|         18|
    |v_local_ce0                |   14|          3|    1|          3|
    |v_local_we0                |    9|          2|    1|          2|
    |weights_local_10_address0  |   14|          3|    3|          9|
    |weights_local_10_ce0       |   14|          3|    1|          3|
    |weights_local_10_we0       |    9|          2|    1|          2|
    |weights_local_11_address0  |   14|          3|    3|          9|
    |weights_local_11_ce0       |   14|          3|    1|          3|
    |weights_local_11_we0       |    9|          2|    1|          2|
    |weights_local_12_address0  |   14|          3|    3|          9|
    |weights_local_12_ce0       |   14|          3|    1|          3|
    |weights_local_12_we0       |    9|          2|    1|          2|
    |weights_local_13_address0  |   14|          3|    3|          9|
    |weights_local_13_ce0       |   14|          3|    1|          3|
    |weights_local_13_we0       |    9|          2|    1|          2|
    |weights_local_14_address0  |   14|          3|    3|          9|
    |weights_local_14_ce0       |   14|          3|    1|          3|
    |weights_local_14_we0       |    9|          2|    1|          2|
    |weights_local_15_address0  |   14|          3|    3|          9|
    |weights_local_15_ce0       |   14|          3|    1|          3|
    |weights_local_15_we0       |    9|          2|    1|          2|
    |weights_local_16_address0  |   14|          3|    3|          9|
    |weights_local_16_ce0       |   14|          3|    1|          3|
    |weights_local_16_we0       |    9|          2|    1|          2|
    |weights_local_17_address0  |   14|          3|    3|          9|
    |weights_local_17_ce0       |   14|          3|    1|          3|
    |weights_local_17_we0       |    9|          2|    1|          2|
    |weights_local_18_address0  |   14|          3|    3|          9|
    |weights_local_18_ce0       |   14|          3|    1|          3|
    |weights_local_18_we0       |    9|          2|    1|          2|
    |weights_local_19_address0  |   14|          3|    3|          9|
    |weights_local_19_ce0       |   14|          3|    1|          3|
    |weights_local_19_we0       |    9|          2|    1|          2|
    |weights_local_1_address0   |   14|          3|    3|          9|
    |weights_local_1_ce0        |   14|          3|    1|          3|
    |weights_local_1_we0        |    9|          2|    1|          2|
    |weights_local_20_address0  |   14|          3|    3|          9|
    |weights_local_20_ce0       |   14|          3|    1|          3|
    |weights_local_20_we0       |    9|          2|    1|          2|
    |weights_local_21_address0  |   14|          3|    3|          9|
    |weights_local_21_ce0       |   14|          3|    1|          3|
    |weights_local_21_we0       |    9|          2|    1|          2|
    |weights_local_22_address0  |   14|          3|    3|          9|
    |weights_local_22_ce0       |   14|          3|    1|          3|
    |weights_local_22_we0       |    9|          2|    1|          2|
    |weights_local_23_address0  |   14|          3|    3|          9|
    |weights_local_23_ce0       |   14|          3|    1|          3|
    |weights_local_23_we0       |    9|          2|    1|          2|
    |weights_local_24_address0  |   14|          3|    3|          9|
    |weights_local_24_ce0       |   14|          3|    1|          3|
    |weights_local_24_we0       |    9|          2|    1|          2|
    |weights_local_25_address0  |   14|          3|    3|          9|
    |weights_local_25_ce0       |   14|          3|    1|          3|
    |weights_local_25_we0       |    9|          2|    1|          2|
    |weights_local_26_address0  |   14|          3|    3|          9|
    |weights_local_26_ce0       |   14|          3|    1|          3|
    |weights_local_26_we0       |    9|          2|    1|          2|
    |weights_local_27_address0  |   14|          3|    3|          9|
    |weights_local_27_ce0       |   14|          3|    1|          3|
    |weights_local_27_we0       |    9|          2|    1|          2|
    |weights_local_28_address0  |   14|          3|    3|          9|
    |weights_local_28_ce0       |   14|          3|    1|          3|
    |weights_local_28_we0       |    9|          2|    1|          2|
    |weights_local_29_address0  |   14|          3|    3|          9|
    |weights_local_29_ce0       |   14|          3|    1|          3|
    |weights_local_29_we0       |    9|          2|    1|          2|
    |weights_local_2_address0   |   14|          3|    3|          9|
    |weights_local_2_ce0        |   14|          3|    1|          3|
    |weights_local_2_we0        |    9|          2|    1|          2|
    |weights_local_30_address0  |   14|          3|    3|          9|
    |weights_local_30_ce0       |   14|          3|    1|          3|
    |weights_local_30_we0       |    9|          2|    1|          2|
    |weights_local_31_address0  |   14|          3|    3|          9|
    |weights_local_31_ce0       |   14|          3|    1|          3|
    |weights_local_31_we0       |    9|          2|    1|          2|
    |weights_local_32_address0  |   14|          3|    3|          9|
    |weights_local_32_ce0       |   14|          3|    1|          3|
    |weights_local_32_we0       |    9|          2|    1|          2|
    |weights_local_33_address0  |   14|          3|    3|          9|
    |weights_local_33_ce0       |   14|          3|    1|          3|
    |weights_local_33_we0       |    9|          2|    1|          2|
    |weights_local_34_address0  |   14|          3|    3|          9|
    |weights_local_34_ce0       |   14|          3|    1|          3|
    |weights_local_34_we0       |    9|          2|    1|          2|
    |weights_local_35_address0  |   14|          3|    3|          9|
    |weights_local_35_ce0       |   14|          3|    1|          3|
    |weights_local_35_we0       |    9|          2|    1|          2|
    |weights_local_36_address0  |   14|          3|    3|          9|
    |weights_local_36_ce0       |   14|          3|    1|          3|
    |weights_local_36_we0       |    9|          2|    1|          2|
    |weights_local_37_address0  |   14|          3|    3|          9|
    |weights_local_37_ce0       |   14|          3|    1|          3|
    |weights_local_37_we0       |    9|          2|    1|          2|
    |weights_local_38_address0  |   14|          3|    3|          9|
    |weights_local_38_ce0       |   14|          3|    1|          3|
    |weights_local_38_we0       |    9|          2|    1|          2|
    |weights_local_39_address0  |   14|          3|    3|          9|
    |weights_local_39_ce0       |   14|          3|    1|          3|
    |weights_local_39_we0       |    9|          2|    1|          2|
    |weights_local_3_address0   |   14|          3|    3|          9|
    |weights_local_3_ce0        |   14|          3|    1|          3|
    |weights_local_3_we0        |    9|          2|    1|          2|
    |weights_local_40_address0  |   14|          3|    3|          9|
    |weights_local_40_ce0       |   14|          3|    1|          3|
    |weights_local_40_we0       |    9|          2|    1|          2|
    |weights_local_41_address0  |   14|          3|    3|          9|
    |weights_local_41_ce0       |   14|          3|    1|          3|
    |weights_local_41_we0       |    9|          2|    1|          2|
    |weights_local_42_address0  |   14|          3|    3|          9|
    |weights_local_42_ce0       |   14|          3|    1|          3|
    |weights_local_42_we0       |    9|          2|    1|          2|
    |weights_local_43_address0  |   14|          3|    3|          9|
    |weights_local_43_ce0       |   14|          3|    1|          3|
    |weights_local_43_we0       |    9|          2|    1|          2|
    |weights_local_44_address0  |   14|          3|    3|          9|
    |weights_local_44_ce0       |   14|          3|    1|          3|
    |weights_local_44_we0       |    9|          2|    1|          2|
    |weights_local_45_address0  |   14|          3|    3|          9|
    |weights_local_45_ce0       |   14|          3|    1|          3|
    |weights_local_45_we0       |    9|          2|    1|          2|
    |weights_local_46_address0  |   14|          3|    3|          9|
    |weights_local_46_ce0       |   14|          3|    1|          3|
    |weights_local_46_we0       |    9|          2|    1|          2|
    |weights_local_47_address0  |   14|          3|    3|          9|
    |weights_local_47_ce0       |   14|          3|    1|          3|
    |weights_local_47_we0       |    9|          2|    1|          2|
    |weights_local_48_address0  |   14|          3|    3|          9|
    |weights_local_48_ce0       |   14|          3|    1|          3|
    |weights_local_48_we0       |    9|          2|    1|          2|
    |weights_local_49_address0  |   14|          3|    3|          9|
    |weights_local_49_ce0       |   14|          3|    1|          3|
    |weights_local_49_we0       |    9|          2|    1|          2|
    |weights_local_4_address0   |   14|          3|    3|          9|
    |weights_local_4_ce0        |   14|          3|    1|          3|
    |weights_local_4_we0        |    9|          2|    1|          2|
    |weights_local_50_address0  |   14|          3|    3|          9|
    |weights_local_50_ce0       |   14|          3|    1|          3|
    |weights_local_50_we0       |    9|          2|    1|          2|
    |weights_local_51_address0  |   14|          3|    3|          9|
    |weights_local_51_ce0       |   14|          3|    1|          3|
    |weights_local_51_we0       |    9|          2|    1|          2|
    |weights_local_52_address0  |   14|          3|    3|          9|
    |weights_local_52_ce0       |   14|          3|    1|          3|
    |weights_local_52_we0       |    9|          2|    1|          2|
    |weights_local_53_address0  |   14|          3|    3|          9|
    |weights_local_53_ce0       |   14|          3|    1|          3|
    |weights_local_53_we0       |    9|          2|    1|          2|
    |weights_local_54_address0  |   14|          3|    3|          9|
    |weights_local_54_ce0       |   14|          3|    1|          3|
    |weights_local_54_we0       |    9|          2|    1|          2|
    |weights_local_55_address0  |   14|          3|    3|          9|
    |weights_local_55_ce0       |   14|          3|    1|          3|
    |weights_local_55_we0       |    9|          2|    1|          2|
    |weights_local_56_address0  |   14|          3|    3|          9|
    |weights_local_56_ce0       |   14|          3|    1|          3|
    |weights_local_56_we0       |    9|          2|    1|          2|
    |weights_local_57_address0  |   14|          3|    3|          9|
    |weights_local_57_ce0       |   14|          3|    1|          3|
    |weights_local_57_we0       |    9|          2|    1|          2|
    |weights_local_58_address0  |   14|          3|    3|          9|
    |weights_local_58_ce0       |   14|          3|    1|          3|
    |weights_local_58_we0       |    9|          2|    1|          2|
    |weights_local_59_address0  |   14|          3|    3|          9|
    |weights_local_59_ce0       |   14|          3|    1|          3|
    |weights_local_59_we0       |    9|          2|    1|          2|
    |weights_local_5_address0   |   14|          3|    3|          9|
    |weights_local_5_ce0        |   14|          3|    1|          3|
    |weights_local_5_we0        |    9|          2|    1|          2|
    |weights_local_60_address0  |   14|          3|    3|          9|
    |weights_local_60_ce0       |   14|          3|    1|          3|
    |weights_local_60_we0       |    9|          2|    1|          2|
    |weights_local_61_address0  |   14|          3|    3|          9|
    |weights_local_61_ce0       |   14|          3|    1|          3|
    |weights_local_61_we0       |    9|          2|    1|          2|
    |weights_local_62_address0  |   14|          3|    3|          9|
    |weights_local_62_ce0       |   14|          3|    1|          3|
    |weights_local_62_we0       |    9|          2|    1|          2|
    |weights_local_63_address0  |   14|          3|    3|          9|
    |weights_local_63_ce0       |   14|          3|    1|          3|
    |weights_local_63_we0       |    9|          2|    1|          2|
    |weights_local_6_address0   |   14|          3|    3|          9|
    |weights_local_6_ce0        |   14|          3|    1|          3|
    |weights_local_6_we0        |    9|          2|    1|          2|
    |weights_local_7_address0   |   14|          3|    3|          9|
    |weights_local_7_ce0        |   14|          3|    1|          3|
    |weights_local_7_we0        |    9|          2|    1|          2|
    |weights_local_8_address0   |   14|          3|    3|          9|
    |weights_local_8_ce0        |   14|          3|    1|          3|
    |weights_local_8_we0        |    9|          2|    1|          2|
    |weights_local_9_address0   |   14|          3|    3|          9|
    |weights_local_9_ce0        |   14|          3|    1|          3|
    |weights_local_9_we0        |    9|          2|    1|          2|
    |weights_local_address0     |   14|          3|    3|          9|
    |weights_local_ce0          |   14|          3|    1|          3|
    |weights_local_we0          |    9|          2|    1|          2|
    +---------------------------+-----+-----------+-----+-----------+
    |Total                      |14254|       3136|33861|      68644|
    +---------------------------+-----+-----------+-----+-----------+

    * Register: 
    +----------------------------------------------------------------------------------------------------------+-----+----+-----+-----------+
    |                                                   Name                                                   |  FF | LUT| Bits| Const Bits|
    +----------------------------------------------------------------------------------------------------------+-----+----+-----+-----------+
    |acc_1000_fu_4678                                                                                          |   32|   0|   32|          0|
    |acc_1001_fu_4682                                                                                          |   32|   0|   32|          0|
    |acc_1002_fu_4686                                                                                          |   32|   0|   32|          0|
    |acc_1003_fu_4690                                                                                          |   32|   0|   32|          0|
    |acc_1004_fu_4694                                                                                          |   32|   0|   32|          0|
    |acc_1005_fu_4698                                                                                          |   32|   0|   32|          0|
    |acc_1006_fu_4702                                                                                          |   32|   0|   32|          0|
    |acc_1007_fu_4706                                                                                          |   32|   0|   32|          0|
    |acc_1008_fu_4710                                                                                          |   32|   0|   32|          0|
    |acc_1009_fu_4714                                                                                          |   32|   0|   32|          0|
    |acc_1010_fu_4718                                                                                          |   32|   0|   32|          0|
    |acc_1011_fu_4722                                                                                          |   32|   0|   32|          0|
    |acc_1012_fu_4726                                                                                          |   32|   0|   32|          0|
    |acc_1013_fu_4730                                                                                          |   32|   0|   32|          0|
    |acc_1014_fu_4734                                                                                          |   32|   0|   32|          0|
    |acc_1015_fu_4738                                                                                          |   32|   0|   32|          0|
    |acc_1016_fu_4742                                                                                          |   32|   0|   32|          0|
    |acc_1017_fu_4746                                                                                          |   32|   0|   32|          0|
    |acc_1018_fu_4750                                                                                          |   32|   0|   32|          0|
    |acc_1019_fu_4754                                                                                          |   32|   0|   32|          0|
    |acc_1020_fu_4758                                                                                          |   32|   0|   32|          0|
    |acc_1021_fu_4762                                                                                          |   32|   0|   32|          0|
    |acc_1022_fu_4766                                                                                          |   32|   0|   32|          0|
    |acc_1535_reg_9929                                                                                         |   32|   0|   32|          0|
    |acc_1536_reg_9919                                                                                         |   32|   0|   32|          0|
    |acc_1537_reg_9909                                                                                         |   32|   0|   32|          0|
    |acc_1538_reg_9899                                                                                         |   32|   0|   32|          0|
    |acc_1539_reg_9889                                                                                         |   32|   0|   32|          0|
    |acc_1540_reg_9879                                                                                         |   32|   0|   32|          0|
    |acc_1541_reg_9869                                                                                         |   32|   0|   32|          0|
    |acc_1542_reg_9859                                                                                         |   32|   0|   32|          0|
    |acc_1543_reg_9849                                                                                         |   32|   0|   32|          0|
    |acc_1544_reg_9839                                                                                         |   32|   0|   32|          0|
    |acc_1545_reg_9829                                                                                         |   32|   0|   32|          0|
    |acc_1546_reg_9819                                                                                         |   32|   0|   32|          0|
    |acc_1547_reg_9809                                                                                         |   32|   0|   32|          0|
    |acc_1548_reg_9799                                                                                         |   32|   0|   32|          0|
    |acc_1549_reg_9789                                                                                         |   32|   0|   32|          0|
    |acc_1550_reg_9779                                                                                         |   32|   0|   32|          0|
    |acc_1551_reg_9769                                                                                         |   32|   0|   32|          0|
    |acc_1552_reg_9759                                                                                         |   32|   0|   32|          0|
    |acc_1553_reg_9749                                                                                         |   32|   0|   32|          0|
    |acc_1554_reg_9739                                                                                         |   32|   0|   32|          0|
    |acc_1555_reg_9729                                                                                         |   32|   0|   32|          0|
    |acc_1556_reg_9719                                                                                         |   32|   0|   32|          0|
    |acc_1557_reg_9709                                                                                         |   32|   0|   32|          0|
    |acc_1558_reg_9699                                                                                         |   32|   0|   32|          0|
    |acc_1559_reg_9689                                                                                         |   32|   0|   32|          0|
    |acc_1560_reg_9679                                                                                         |   32|   0|   32|          0|
    |acc_1561_reg_9669                                                                                         |   32|   0|   32|          0|
    |acc_1562_reg_9659                                                                                         |   32|   0|   32|          0|
    |acc_1563_reg_9649                                                                                         |   32|   0|   32|          0|
    |acc_1564_reg_9639                                                                                         |   32|   0|   32|          0|
    |acc_1565_reg_9629                                                                                         |   32|   0|   32|          0|
    |acc_1566_reg_9619                                                                                         |   32|   0|   32|          0|
    |acc_1567_reg_9609                                                                                         |   32|   0|   32|          0|
    |acc_1568_reg_9599                                                                                         |   32|   0|   32|          0|
    |acc_1569_reg_9589                                                                                         |   32|   0|   32|          0|
    |acc_1570_reg_9579                                                                                         |   32|   0|   32|          0|
    |acc_1571_reg_9569                                                                                         |   32|   0|   32|          0|
    |acc_1572_reg_9559                                                                                         |   32|   0|   32|          0|
    |acc_1573_reg_9549                                                                                         |   32|   0|   32|          0|
    |acc_1574_reg_9539                                                                                         |   32|   0|   32|          0|
    |acc_1575_reg_9529                                                                                         |   32|   0|   32|          0|
    |acc_1576_reg_9519                                                                                         |   32|   0|   32|          0|
    |acc_1577_reg_9509                                                                                         |   32|   0|   32|          0|
    |acc_1578_reg_9499                                                                                         |   32|   0|   32|          0|
    |acc_1579_reg_9489                                                                                         |   32|   0|   32|          0|
    |acc_1580_reg_9479                                                                                         |   32|   0|   32|          0|
    |acc_1581_reg_9469                                                                                         |   32|   0|   32|          0|
    |acc_1582_reg_9459                                                                                         |   32|   0|   32|          0|
    |acc_1583_reg_9449                                                                                         |   32|   0|   32|          0|
    |acc_1584_reg_9439                                                                                         |   32|   0|   32|          0|
    |acc_1585_reg_9429                                                                                         |   32|   0|   32|          0|
    |acc_1586_reg_9419                                                                                         |   32|   0|   32|          0|
    |acc_1587_reg_9409                                                                                         |   32|   0|   32|          0|
    |acc_1588_reg_9399                                                                                         |   32|   0|   32|          0|
    |acc_1589_reg_9389                                                                                         |   32|   0|   32|          0|
    |acc_1590_reg_9379                                                                                         |   32|   0|   32|          0|
    |acc_1591_reg_9369                                                                                         |   32|   0|   32|          0|
    |acc_1592_reg_9359                                                                                         |   32|   0|   32|          0|
    |acc_1593_reg_9349                                                                                         |   32|   0|   32|          0|
    |acc_1594_reg_9339                                                                                         |   32|   0|   32|          0|
    |acc_1595_reg_9329                                                                                         |   32|   0|   32|          0|
    |acc_1596_reg_9319                                                                                         |   32|   0|   32|          0|
    |acc_1597_reg_9309                                                                                         |   32|   0|   32|          0|
    |acc_1598_reg_9299                                                                                         |   32|   0|   32|          0|
    |acc_1599_reg_9289                                                                                         |   32|   0|   32|          0|
    |acc_1600_reg_9279                                                                                         |   32|   0|   32|          0|
    |acc_1601_reg_9269                                                                                         |   32|   0|   32|          0|
    |acc_1602_reg_9259                                                                                         |   32|   0|   32|          0|
    |acc_1603_reg_9249                                                                                         |   32|   0|   32|          0|
    |acc_1604_reg_9239                                                                                         |   32|   0|   32|          0|
    |acc_1605_reg_9229                                                                                         |   32|   0|   32|          0|
    |acc_1606_reg_9219                                                                                         |   32|   0|   32|          0|
    |acc_1607_reg_9209                                                                                         |   32|   0|   32|          0|
    |acc_1608_reg_9199                                                                                         |   32|   0|   32|          0|
    |acc_1609_reg_9189                                                                                         |   32|   0|   32|          0|
    |acc_1610_reg_9179                                                                                         |   32|   0|   32|          0|
    |acc_1611_reg_9169                                                                                         |   32|   0|   32|          0|
    |acc_1612_reg_9159                                                                                         |   32|   0|   32|          0|
    |acc_1613_reg_9149                                                                                         |   32|   0|   32|          0|
    |acc_1614_reg_9139                                                                                         |   32|   0|   32|          0|
    |acc_1615_reg_9129                                                                                         |   32|   0|   32|          0|
    |acc_1616_reg_9119                                                                                         |   32|   0|   32|          0|
    |acc_1617_reg_9109                                                                                         |   32|   0|   32|          0|
    |acc_1618_reg_9099                                                                                         |   32|   0|   32|          0|
    |acc_1619_reg_9089                                                                                         |   32|   0|   32|          0|
    |acc_1620_reg_9079                                                                                         |   32|   0|   32|          0|
    |acc_1621_reg_9069                                                                                         |   32|   0|   32|          0|
    |acc_1622_reg_9059                                                                                         |   32|   0|   32|          0|
    |acc_1623_reg_9049                                                                                         |   32|   0|   32|          0|
    |acc_1624_reg_9039                                                                                         |   32|   0|   32|          0|
    |acc_1625_reg_9029                                                                                         |   32|   0|   32|          0|
    |acc_1626_reg_9019                                                                                         |   32|   0|   32|          0|
    |acc_1627_reg_9009                                                                                         |   32|   0|   32|          0|
    |acc_1628_reg_8999                                                                                         |   32|   0|   32|          0|
    |acc_1629_reg_8989                                                                                         |   32|   0|   32|          0|
    |acc_1630_reg_8979                                                                                         |   32|   0|   32|          0|
    |acc_1631_reg_8969                                                                                         |   32|   0|   32|          0|
    |acc_1632_reg_8959                                                                                         |   32|   0|   32|          0|
    |acc_1633_reg_8949                                                                                         |   32|   0|   32|          0|
    |acc_1634_reg_8939                                                                                         |   32|   0|   32|          0|
    |acc_1635_reg_8929                                                                                         |   32|   0|   32|          0|
    |acc_1636_reg_8919                                                                                         |   32|   0|   32|          0|
    |acc_1637_reg_8909                                                                                         |   32|   0|   32|          0|
    |acc_1638_reg_8899                                                                                         |   32|   0|   32|          0|
    |acc_1639_reg_8889                                                                                         |   32|   0|   32|          0|
    |acc_1640_reg_8879                                                                                         |   32|   0|   32|          0|
    |acc_1641_reg_8869                                                                                         |   32|   0|   32|          0|
    |acc_1642_reg_8859                                                                                         |   32|   0|   32|          0|
    |acc_1643_reg_8849                                                                                         |   32|   0|   32|          0|
    |acc_1644_reg_8839                                                                                         |   32|   0|   32|          0|
    |acc_1645_reg_8829                                                                                         |   32|   0|   32|          0|
    |acc_1646_reg_8819                                                                                         |   32|   0|   32|          0|
    |acc_1647_reg_8809                                                                                         |   32|   0|   32|          0|
    |acc_1648_reg_8799                                                                                         |   32|   0|   32|          0|
    |acc_1649_reg_8789                                                                                         |   32|   0|   32|          0|
    |acc_1650_reg_8779                                                                                         |   32|   0|   32|          0|
    |acc_1651_reg_8769                                                                                         |   32|   0|   32|          0|
    |acc_1652_reg_8759                                                                                         |   32|   0|   32|          0|
    |acc_1653_reg_8749                                                                                         |   32|   0|   32|          0|
    |acc_1654_reg_8739                                                                                         |   32|   0|   32|          0|
    |acc_1655_reg_8729                                                                                         |   32|   0|   32|          0|
    |acc_1656_reg_8719                                                                                         |   32|   0|   32|          0|
    |acc_1657_reg_8709                                                                                         |   32|   0|   32|          0|
    |acc_1658_reg_8699                                                                                         |   32|   0|   32|          0|
    |acc_1659_reg_8689                                                                                         |   32|   0|   32|          0|
    |acc_1660_reg_8679                                                                                         |   32|   0|   32|          0|
    |acc_1661_reg_8669                                                                                         |   32|   0|   32|          0|
    |acc_1662_reg_8659                                                                                         |   32|   0|   32|          0|
    |acc_1663_reg_8649                                                                                         |   32|   0|   32|          0|
    |acc_1664_reg_8639                                                                                         |   32|   0|   32|          0|
    |acc_1665_reg_8629                                                                                         |   32|   0|   32|          0|
    |acc_1666_reg_8619                                                                                         |   32|   0|   32|          0|
    |acc_1667_reg_8609                                                                                         |   32|   0|   32|          0|
    |acc_1668_reg_8599                                                                                         |   32|   0|   32|          0|
    |acc_1669_reg_8589                                                                                         |   32|   0|   32|          0|
    |acc_1670_reg_8579                                                                                         |   32|   0|   32|          0|
    |acc_1671_reg_8569                                                                                         |   32|   0|   32|          0|
    |acc_1672_reg_8559                                                                                         |   32|   0|   32|          0|
    |acc_1673_reg_8549                                                                                         |   32|   0|   32|          0|
    |acc_1674_reg_8539                                                                                         |   32|   0|   32|          0|
    |acc_1675_reg_8529                                                                                         |   32|   0|   32|          0|
    |acc_1676_reg_8519                                                                                         |   32|   0|   32|          0|
    |acc_1677_reg_8509                                                                                         |   32|   0|   32|          0|
    |acc_1678_reg_8499                                                                                         |   32|   0|   32|          0|
    |acc_1679_reg_8489                                                                                         |   32|   0|   32|          0|
    |acc_1680_reg_8479                                                                                         |   32|   0|   32|          0|
    |acc_1681_reg_8469                                                                                         |   32|   0|   32|          0|
    |acc_1682_reg_8459                                                                                         |   32|   0|   32|          0|
    |acc_1683_reg_8449                                                                                         |   32|   0|   32|          0|
    |acc_1684_reg_8439                                                                                         |   32|   0|   32|          0|
    |acc_1685_reg_8429                                                                                         |   32|   0|   32|          0|
    |acc_1686_reg_8419                                                                                         |   32|   0|   32|          0|
    |acc_1687_reg_8409                                                                                         |   32|   0|   32|          0|
    |acc_1688_reg_8399                                                                                         |   32|   0|   32|          0|
    |acc_1689_reg_8389                                                                                         |   32|   0|   32|          0|
    |acc_1690_reg_8379                                                                                         |   32|   0|   32|          0|
    |acc_1691_reg_8369                                                                                         |   32|   0|   32|          0|
    |acc_1692_reg_8359                                                                                         |   32|   0|   32|          0|
    |acc_1693_reg_8349                                                                                         |   32|   0|   32|          0|
    |acc_1694_reg_8339                                                                                         |   32|   0|   32|          0|
    |acc_1695_reg_8329                                                                                         |   32|   0|   32|          0|
    |acc_1696_reg_8319                                                                                         |   32|   0|   32|          0|
    |acc_1697_reg_8309                                                                                         |   32|   0|   32|          0|
    |acc_1698_reg_8299                                                                                         |   32|   0|   32|          0|
    |acc_1699_reg_8289                                                                                         |   32|   0|   32|          0|
    |acc_1700_reg_8279                                                                                         |   32|   0|   32|          0|
    |acc_1701_reg_8269                                                                                         |   32|   0|   32|          0|
    |acc_1702_reg_8259                                                                                         |   32|   0|   32|          0|
    |acc_1703_reg_8249                                                                                         |   32|   0|   32|          0|
    |acc_1704_reg_8239                                                                                         |   32|   0|   32|          0|
    |acc_1705_reg_8229                                                                                         |   32|   0|   32|          0|
    |acc_1706_reg_8219                                                                                         |   32|   0|   32|          0|
    |acc_1707_reg_8209                                                                                         |   32|   0|   32|          0|
    |acc_1708_reg_8199                                                                                         |   32|   0|   32|          0|
    |acc_1709_reg_8189                                                                                         |   32|   0|   32|          0|
    |acc_1710_reg_8179                                                                                         |   32|   0|   32|          0|
    |acc_1711_reg_8169                                                                                         |   32|   0|   32|          0|
    |acc_1712_reg_8159                                                                                         |   32|   0|   32|          0|
    |acc_1713_reg_8149                                                                                         |   32|   0|   32|          0|
    |acc_1714_reg_8139                                                                                         |   32|   0|   32|          0|
    |acc_1715_reg_8129                                                                                         |   32|   0|   32|          0|
    |acc_1716_reg_8119                                                                                         |   32|   0|   32|          0|
    |acc_1717_reg_8109                                                                                         |   32|   0|   32|          0|
    |acc_1718_reg_8099                                                                                         |   32|   0|   32|          0|
    |acc_1719_reg_8089                                                                                         |   32|   0|   32|          0|
    |acc_1720_reg_8079                                                                                         |   32|   0|   32|          0|
    |acc_1721_reg_8069                                                                                         |   32|   0|   32|          0|
    |acc_1722_reg_8059                                                                                         |   32|   0|   32|          0|
    |acc_1723_reg_8049                                                                                         |   32|   0|   32|          0|
    |acc_1724_reg_8039                                                                                         |   32|   0|   32|          0|
    |acc_1725_reg_8029                                                                                         |   32|   0|   32|          0|
    |acc_1726_reg_8019                                                                                         |   32|   0|   32|          0|
    |acc_1727_reg_8009                                                                                         |   32|   0|   32|          0|
    |acc_1728_reg_7999                                                                                         |   32|   0|   32|          0|
    |acc_1729_reg_7989                                                                                         |   32|   0|   32|          0|
    |acc_1730_reg_7979                                                                                         |   32|   0|   32|          0|
    |acc_1731_reg_7969                                                                                         |   32|   0|   32|          0|
    |acc_1732_reg_7959                                                                                         |   32|   0|   32|          0|
    |acc_1733_reg_7949                                                                                         |   32|   0|   32|          0|
    |acc_1734_reg_7939                                                                                         |   32|   0|   32|          0|
    |acc_1735_reg_7929                                                                                         |   32|   0|   32|          0|
    |acc_1736_reg_7919                                                                                         |   32|   0|   32|          0|
    |acc_1737_reg_7909                                                                                         |   32|   0|   32|          0|
    |acc_1738_reg_7899                                                                                         |   32|   0|   32|          0|
    |acc_1739_reg_7889                                                                                         |   32|   0|   32|          0|
    |acc_1740_reg_7879                                                                                         |   32|   0|   32|          0|
    |acc_1741_reg_7869                                                                                         |   32|   0|   32|          0|
    |acc_1742_reg_7859                                                                                         |   32|   0|   32|          0|
    |acc_1743_reg_7849                                                                                         |   32|   0|   32|          0|
    |acc_1744_reg_7839                                                                                         |   32|   0|   32|          0|
    |acc_1745_reg_7829                                                                                         |   32|   0|   32|          0|
    |acc_1746_reg_7819                                                                                         |   32|   0|   32|          0|
    |acc_1747_reg_7809                                                                                         |   32|   0|   32|          0|
    |acc_1748_reg_7799                                                                                         |   32|   0|   32|          0|
    |acc_1749_reg_7789                                                                                         |   32|   0|   32|          0|
    |acc_1750_reg_7779                                                                                         |   32|   0|   32|          0|
    |acc_1751_reg_7769                                                                                         |   32|   0|   32|          0|
    |acc_1752_reg_7759                                                                                         |   32|   0|   32|          0|
    |acc_1753_reg_7749                                                                                         |   32|   0|   32|          0|
    |acc_1754_reg_7739                                                                                         |   32|   0|   32|          0|
    |acc_1755_reg_7729                                                                                         |   32|   0|   32|          0|
    |acc_1756_reg_7719                                                                                         |   32|   0|   32|          0|
    |acc_1757_reg_7709                                                                                         |   32|   0|   32|          0|
    |acc_1758_reg_7699                                                                                         |   32|   0|   32|          0|
    |acc_1759_reg_7689                                                                                         |   32|   0|   32|          0|
    |acc_1760_reg_7679                                                                                         |   32|   0|   32|          0|
    |acc_1761_reg_7669                                                                                         |   32|   0|   32|          0|
    |acc_1762_reg_7659                                                                                         |   32|   0|   32|          0|
    |acc_1763_reg_7649                                                                                         |   32|   0|   32|          0|
    |acc_1764_reg_7639                                                                                         |   32|   0|   32|          0|
    |acc_1765_reg_7629                                                                                         |   32|   0|   32|          0|
    |acc_1766_reg_7619                                                                                         |   32|   0|   32|          0|
    |acc_1767_reg_7609                                                                                         |   32|   0|   32|          0|
    |acc_1768_reg_7599                                                                                         |   32|   0|   32|          0|
    |acc_1769_reg_7589                                                                                         |   32|   0|   32|          0|
    |acc_1770_reg_7579                                                                                         |   32|   0|   32|          0|
    |acc_1771_reg_7569                                                                                         |   32|   0|   32|          0|
    |acc_1772_reg_7559                                                                                         |   32|   0|   32|          0|
    |acc_1773_reg_7549                                                                                         |   32|   0|   32|          0|
    |acc_1774_reg_7539                                                                                         |   32|   0|   32|          0|
    |acc_1775_reg_7529                                                                                         |   32|   0|   32|          0|
    |acc_1776_reg_7519                                                                                         |   32|   0|   32|          0|
    |acc_1777_reg_7509                                                                                         |   32|   0|   32|          0|
    |acc_1778_reg_7499                                                                                         |   32|   0|   32|          0|
    |acc_1779_reg_7489                                                                                         |   32|   0|   32|          0|
    |acc_1780_reg_7479                                                                                         |   32|   0|   32|          0|
    |acc_1781_reg_7469                                                                                         |   32|   0|   32|          0|
    |acc_1782_reg_7459                                                                                         |   32|   0|   32|          0|
    |acc_1783_reg_7449                                                                                         |   32|   0|   32|          0|
    |acc_1784_reg_7439                                                                                         |   32|   0|   32|          0|
    |acc_1785_reg_7429                                                                                         |   32|   0|   32|          0|
    |acc_1786_reg_7419                                                                                         |   32|   0|   32|          0|
    |acc_1787_reg_7409                                                                                         |   32|   0|   32|          0|
    |acc_1788_reg_7399                                                                                         |   32|   0|   32|          0|
    |acc_1789_reg_7389                                                                                         |   32|   0|   32|          0|
    |acc_1790_reg_7379                                                                                         |   32|   0|   32|          0|
    |acc_1791_reg_7369                                                                                         |   32|   0|   32|          0|
    |acc_1792_reg_7359                                                                                         |   32|   0|   32|          0|
    |acc_1793_reg_7349                                                                                         |   32|   0|   32|          0|
    |acc_1794_reg_7339                                                                                         |   32|   0|   32|          0|
    |acc_1795_reg_7329                                                                                         |   32|   0|   32|          0|
    |acc_1796_reg_7319                                                                                         |   32|   0|   32|          0|
    |acc_1797_reg_7309                                                                                         |   32|   0|   32|          0|
    |acc_1798_reg_7299                                                                                         |   32|   0|   32|          0|
    |acc_1799_reg_7289                                                                                         |   32|   0|   32|          0|
    |acc_1800_reg_7279                                                                                         |   32|   0|   32|          0|
    |acc_1801_reg_7269                                                                                         |   32|   0|   32|          0|
    |acc_1802_reg_7259                                                                                         |   32|   0|   32|          0|
    |acc_1803_reg_7249                                                                                         |   32|   0|   32|          0|
    |acc_1804_reg_7239                                                                                         |   32|   0|   32|          0|
    |acc_1805_reg_7229                                                                                         |   32|   0|   32|          0|
    |acc_1806_reg_7219                                                                                         |   32|   0|   32|          0|
    |acc_1807_reg_7209                                                                                         |   32|   0|   32|          0|
    |acc_1808_reg_7199                                                                                         |   32|   0|   32|          0|
    |acc_1809_reg_7189                                                                                         |   32|   0|   32|          0|
    |acc_1810_reg_7179                                                                                         |   32|   0|   32|          0|
    |acc_1811_reg_7169                                                                                         |   32|   0|   32|          0|
    |acc_1812_reg_7159                                                                                         |   32|   0|   32|          0|
    |acc_1813_reg_7149                                                                                         |   32|   0|   32|          0|
    |acc_1814_reg_7139                                                                                         |   32|   0|   32|          0|
    |acc_1815_reg_7129                                                                                         |   32|   0|   32|          0|
    |acc_1816_reg_7119                                                                                         |   32|   0|   32|          0|
    |acc_1817_reg_7109                                                                                         |   32|   0|   32|          0|
    |acc_1818_reg_7099                                                                                         |   32|   0|   32|          0|
    |acc_1819_reg_7089                                                                                         |   32|   0|   32|          0|
    |acc_1820_reg_7079                                                                                         |   32|   0|   32|          0|
    |acc_1821_reg_7069                                                                                         |   32|   0|   32|          0|
    |acc_1822_reg_7059                                                                                         |   32|   0|   32|          0|
    |acc_1823_reg_7049                                                                                         |   32|   0|   32|          0|
    |acc_1824_reg_7039                                                                                         |   32|   0|   32|          0|
    |acc_1825_reg_7029                                                                                         |   32|   0|   32|          0|
    |acc_1826_reg_7019                                                                                         |   32|   0|   32|          0|
    |acc_1827_reg_7009                                                                                         |   32|   0|   32|          0|
    |acc_1828_reg_6999                                                                                         |   32|   0|   32|          0|
    |acc_1829_reg_6989                                                                                         |   32|   0|   32|          0|
    |acc_1830_reg_6979                                                                                         |   32|   0|   32|          0|
    |acc_1831_reg_6969                                                                                         |   32|   0|   32|          0|
    |acc_1832_reg_6959                                                                                         |   32|   0|   32|          0|
    |acc_1833_reg_6949                                                                                         |   32|   0|   32|          0|
    |acc_1834_reg_6939                                                                                         |   32|   0|   32|          0|
    |acc_1835_reg_6929                                                                                         |   32|   0|   32|          0|
    |acc_1836_reg_6919                                                                                         |   32|   0|   32|          0|
    |acc_1837_reg_6909                                                                                         |   32|   0|   32|          0|
    |acc_1838_reg_6899                                                                                         |   32|   0|   32|          0|
    |acc_1839_reg_6889                                                                                         |   32|   0|   32|          0|
    |acc_1840_reg_6879                                                                                         |   32|   0|   32|          0|
    |acc_1841_reg_6869                                                                                         |   32|   0|   32|          0|
    |acc_1842_reg_6859                                                                                         |   32|   0|   32|          0|
    |acc_1843_reg_6849                                                                                         |   32|   0|   32|          0|
    |acc_1844_reg_6839                                                                                         |   32|   0|   32|          0|
    |acc_1845_reg_6829                                                                                         |   32|   0|   32|          0|
    |acc_1846_reg_6819                                                                                         |   32|   0|   32|          0|
    |acc_1847_reg_6809                                                                                         |   32|   0|   32|          0|
    |acc_1848_reg_6799                                                                                         |   32|   0|   32|          0|
    |acc_1849_reg_6789                                                                                         |   32|   0|   32|          0|
    |acc_1850_reg_6779                                                                                         |   32|   0|   32|          0|
    |acc_1851_reg_6769                                                                                         |   32|   0|   32|          0|
    |acc_1852_reg_6759                                                                                         |   32|   0|   32|          0|
    |acc_1853_reg_6749                                                                                         |   32|   0|   32|          0|
    |acc_1854_reg_6739                                                                                         |   32|   0|   32|          0|
    |acc_1855_reg_6729                                                                                         |   32|   0|   32|          0|
    |acc_1856_reg_6719                                                                                         |   32|   0|   32|          0|
    |acc_1857_reg_6709                                                                                         |   32|   0|   32|          0|
    |acc_1858_reg_6699                                                                                         |   32|   0|   32|          0|
    |acc_1859_reg_6689                                                                                         |   32|   0|   32|          0|
    |acc_1860_reg_6679                                                                                         |   32|   0|   32|          0|
    |acc_1861_reg_6669                                                                                         |   32|   0|   32|          0|
    |acc_1862_reg_6659                                                                                         |   32|   0|   32|          0|
    |acc_1863_reg_6649                                                                                         |   32|   0|   32|          0|
    |acc_1864_reg_6639                                                                                         |   32|   0|   32|          0|
    |acc_1865_reg_6629                                                                                         |   32|   0|   32|          0|
    |acc_1866_reg_6619                                                                                         |   32|   0|   32|          0|
    |acc_1867_reg_6609                                                                                         |   32|   0|   32|          0|
    |acc_1868_reg_6599                                                                                         |   32|   0|   32|          0|
    |acc_1869_reg_6589                                                                                         |   32|   0|   32|          0|
    |acc_1870_reg_6579                                                                                         |   32|   0|   32|          0|
    |acc_1871_reg_6569                                                                                         |   32|   0|   32|          0|
    |acc_1872_reg_6559                                                                                         |   32|   0|   32|          0|
    |acc_1873_reg_6549                                                                                         |   32|   0|   32|          0|
    |acc_1874_reg_6539                                                                                         |   32|   0|   32|          0|
    |acc_1875_reg_6529                                                                                         |   32|   0|   32|          0|
    |acc_1876_reg_6519                                                                                         |   32|   0|   32|          0|
    |acc_1877_reg_6509                                                                                         |   32|   0|   32|          0|
    |acc_1878_reg_6499                                                                                         |   32|   0|   32|          0|
    |acc_1879_reg_6489                                                                                         |   32|   0|   32|          0|
    |acc_1880_reg_6479                                                                                         |   32|   0|   32|          0|
    |acc_1881_reg_6469                                                                                         |   32|   0|   32|          0|
    |acc_1882_reg_6459                                                                                         |   32|   0|   32|          0|
    |acc_1883_reg_6449                                                                                         |   32|   0|   32|          0|
    |acc_1884_reg_6439                                                                                         |   32|   0|   32|          0|
    |acc_1885_reg_6429                                                                                         |   32|   0|   32|          0|
    |acc_1886_reg_6419                                                                                         |   32|   0|   32|          0|
    |acc_1887_reg_6409                                                                                         |   32|   0|   32|          0|
    |acc_1888_reg_6399                                                                                         |   32|   0|   32|          0|
    |acc_1889_reg_6389                                                                                         |   32|   0|   32|          0|
    |acc_1890_reg_6379                                                                                         |   32|   0|   32|          0|
    |acc_1891_reg_6369                                                                                         |   32|   0|   32|          0|
    |acc_1892_reg_6359                                                                                         |   32|   0|   32|          0|
    |acc_1893_reg_6349                                                                                         |   32|   0|   32|          0|
    |acc_1894_reg_6339                                                                                         |   32|   0|   32|          0|
    |acc_1895_reg_6329                                                                                         |   32|   0|   32|          0|
    |acc_1896_reg_6319                                                                                         |   32|   0|   32|          0|
    |acc_1897_reg_6309                                                                                         |   32|   0|   32|          0|
    |acc_1898_reg_6299                                                                                         |   32|   0|   32|          0|
    |acc_1899_reg_6289                                                                                         |   32|   0|   32|          0|
    |acc_1900_reg_6279                                                                                         |   32|   0|   32|          0|
    |acc_1901_reg_6269                                                                                         |   32|   0|   32|          0|
    |acc_1902_reg_6259                                                                                         |   32|   0|   32|          0|
    |acc_1903_reg_6249                                                                                         |   32|   0|   32|          0|
    |acc_1904_reg_6239                                                                                         |   32|   0|   32|          0|
    |acc_1905_reg_6229                                                                                         |   32|   0|   32|          0|
    |acc_1906_reg_6219                                                                                         |   32|   0|   32|          0|
    |acc_1907_reg_6209                                                                                         |   32|   0|   32|          0|
    |acc_1908_reg_6199                                                                                         |   32|   0|   32|          0|
    |acc_1909_reg_6189                                                                                         |   32|   0|   32|          0|
    |acc_1910_reg_6179                                                                                         |   32|   0|   32|          0|
    |acc_1911_reg_6169                                                                                         |   32|   0|   32|          0|
    |acc_1912_reg_6159                                                                                         |   32|   0|   32|          0|
    |acc_1913_reg_6149                                                                                         |   32|   0|   32|          0|
    |acc_1914_reg_6139                                                                                         |   32|   0|   32|          0|
    |acc_1915_reg_6129                                                                                         |   32|   0|   32|          0|
    |acc_1916_reg_6119                                                                                         |   32|   0|   32|          0|
    |acc_1917_reg_6109                                                                                         |   32|   0|   32|          0|
    |acc_1918_reg_6099                                                                                         |   32|   0|   32|          0|
    |acc_1919_reg_6089                                                                                         |   32|   0|   32|          0|
    |acc_1920_reg_6079                                                                                         |   32|   0|   32|          0|
    |acc_1921_reg_6069                                                                                         |   32|   0|   32|          0|
    |acc_1922_reg_6059                                                                                         |   32|   0|   32|          0|
    |acc_1923_reg_6049                                                                                         |   32|   0|   32|          0|
    |acc_1924_reg_6039                                                                                         |   32|   0|   32|          0|
    |acc_1925_reg_6029                                                                                         |   32|   0|   32|          0|
    |acc_1926_reg_6019                                                                                         |   32|   0|   32|          0|
    |acc_1927_reg_6009                                                                                         |   32|   0|   32|          0|
    |acc_1928_reg_5999                                                                                         |   32|   0|   32|          0|
    |acc_1929_reg_5989                                                                                         |   32|   0|   32|          0|
    |acc_1930_reg_5979                                                                                         |   32|   0|   32|          0|
    |acc_1931_reg_5969                                                                                         |   32|   0|   32|          0|
    |acc_1932_reg_5959                                                                                         |   32|   0|   32|          0|
    |acc_1933_reg_5949                                                                                         |   32|   0|   32|          0|
    |acc_1934_reg_5939                                                                                         |   32|   0|   32|          0|
    |acc_1935_reg_5929                                                                                         |   32|   0|   32|          0|
    |acc_1936_reg_5919                                                                                         |   32|   0|   32|          0|
    |acc_1937_reg_5909                                                                                         |   32|   0|   32|          0|
    |acc_1938_reg_5899                                                                                         |   32|   0|   32|          0|
    |acc_1939_reg_5889                                                                                         |   32|   0|   32|          0|
    |acc_1940_reg_5879                                                                                         |   32|   0|   32|          0|
    |acc_1941_reg_5869                                                                                         |   32|   0|   32|          0|
    |acc_1942_reg_5859                                                                                         |   32|   0|   32|          0|
    |acc_1943_reg_5849                                                                                         |   32|   0|   32|          0|
    |acc_1944_reg_5839                                                                                         |   32|   0|   32|          0|
    |acc_1945_reg_5829                                                                                         |   32|   0|   32|          0|
    |acc_1946_reg_5819                                                                                         |   32|   0|   32|          0|
    |acc_1947_reg_5809                                                                                         |   32|   0|   32|          0|
    |acc_1948_reg_5799                                                                                         |   32|   0|   32|          0|
    |acc_1949_reg_5789                                                                                         |   32|   0|   32|          0|
    |acc_1950_reg_5779                                                                                         |   32|   0|   32|          0|
    |acc_1951_reg_5769                                                                                         |   32|   0|   32|          0|
    |acc_1952_reg_5759                                                                                         |   32|   0|   32|          0|
    |acc_1953_reg_5749                                                                                         |   32|   0|   32|          0|
    |acc_1954_reg_5739                                                                                         |   32|   0|   32|          0|
    |acc_1955_reg_5729                                                                                         |   32|   0|   32|          0|
    |acc_1956_reg_5719                                                                                         |   32|   0|   32|          0|
    |acc_1957_reg_5709                                                                                         |   32|   0|   32|          0|
    |acc_1958_reg_5699                                                                                         |   32|   0|   32|          0|
    |acc_1959_reg_5689                                                                                         |   32|   0|   32|          0|
    |acc_1960_reg_5679                                                                                         |   32|   0|   32|          0|
    |acc_1961_reg_5669                                                                                         |   32|   0|   32|          0|
    |acc_1962_reg_5659                                                                                         |   32|   0|   32|          0|
    |acc_1963_reg_5649                                                                                         |   32|   0|   32|          0|
    |acc_1964_reg_5639                                                                                         |   32|   0|   32|          0|
    |acc_1965_reg_5629                                                                                         |   32|   0|   32|          0|
    |acc_1966_reg_5619                                                                                         |   32|   0|   32|          0|
    |acc_1967_reg_5609                                                                                         |   32|   0|   32|          0|
    |acc_1968_reg_5599                                                                                         |   32|   0|   32|          0|
    |acc_1969_reg_5589                                                                                         |   32|   0|   32|          0|
    |acc_1970_reg_5579                                                                                         |   32|   0|   32|          0|
    |acc_1971_reg_5569                                                                                         |   32|   0|   32|          0|
    |acc_1972_reg_5559                                                                                         |   32|   0|   32|          0|
    |acc_1973_reg_5549                                                                                         |   32|   0|   32|          0|
    |acc_1974_reg_5539                                                                                         |   32|   0|   32|          0|
    |acc_1975_reg_5529                                                                                         |   32|   0|   32|          0|
    |acc_1976_reg_5519                                                                                         |   32|   0|   32|          0|
    |acc_1977_reg_5509                                                                                         |   32|   0|   32|          0|
    |acc_1978_reg_5499                                                                                         |   32|   0|   32|          0|
    |acc_1979_reg_5489                                                                                         |   32|   0|   32|          0|
    |acc_1980_reg_5479                                                                                         |   32|   0|   32|          0|
    |acc_1981_reg_5469                                                                                         |   32|   0|   32|          0|
    |acc_1982_reg_5459                                                                                         |   32|   0|   32|          0|
    |acc_1983_reg_5449                                                                                         |   32|   0|   32|          0|
    |acc_1984_reg_5439                                                                                         |   32|   0|   32|          0|
    |acc_1985_reg_5429                                                                                         |   32|   0|   32|          0|
    |acc_1986_reg_5419                                                                                         |   32|   0|   32|          0|
    |acc_1987_reg_5409                                                                                         |   32|   0|   32|          0|
    |acc_1988_reg_5399                                                                                         |   32|   0|   32|          0|
    |acc_1989_reg_5389                                                                                         |   32|   0|   32|          0|
    |acc_1990_reg_5379                                                                                         |   32|   0|   32|          0|
    |acc_1991_reg_5369                                                                                         |   32|   0|   32|          0|
    |acc_1992_reg_5359                                                                                         |   32|   0|   32|          0|
    |acc_1993_reg_5349                                                                                         |   32|   0|   32|          0|
    |acc_1994_reg_5339                                                                                         |   32|   0|   32|          0|
    |acc_1995_reg_5329                                                                                         |   32|   0|   32|          0|
    |acc_1996_reg_5319                                                                                         |   32|   0|   32|          0|
    |acc_1997_reg_5309                                                                                         |   32|   0|   32|          0|
    |acc_1998_reg_5299                                                                                         |   32|   0|   32|          0|
    |acc_1999_reg_5289                                                                                         |   32|   0|   32|          0|
    |acc_2000_reg_5279                                                                                         |   32|   0|   32|          0|
    |acc_2001_reg_5269                                                                                         |   32|   0|   32|          0|
    |acc_2002_reg_5259                                                                                         |   32|   0|   32|          0|
    |acc_2003_reg_5249                                                                                         |   32|   0|   32|          0|
    |acc_2004_reg_5239                                                                                         |   32|   0|   32|          0|
    |acc_2005_reg_5229                                                                                         |   32|   0|   32|          0|
    |acc_2006_reg_5219                                                                                         |   32|   0|   32|          0|
    |acc_2007_reg_5209                                                                                         |   32|   0|   32|          0|
    |acc_2008_reg_5199                                                                                         |   32|   0|   32|          0|
    |acc_2009_reg_5189                                                                                         |   32|   0|   32|          0|
    |acc_2010_reg_5179                                                                                         |   32|   0|   32|          0|
    |acc_2011_reg_5169                                                                                         |   32|   0|   32|          0|
    |acc_2012_reg_5159                                                                                         |   32|   0|   32|          0|
    |acc_2013_reg_5149                                                                                         |   32|   0|   32|          0|
    |acc_2014_reg_5139                                                                                         |   32|   0|   32|          0|
    |acc_2015_reg_5129                                                                                         |   32|   0|   32|          0|
    |acc_2016_reg_5119                                                                                         |   32|   0|   32|          0|
    |acc_2017_reg_5109                                                                                         |   32|   0|   32|          0|
    |acc_2018_reg_5099                                                                                         |   32|   0|   32|          0|
    |acc_2019_reg_5089                                                                                         |   32|   0|   32|          0|
    |acc_2020_reg_5079                                                                                         |   32|   0|   32|          0|
    |acc_2021_reg_5069                                                                                         |   32|   0|   32|          0|
    |acc_2022_reg_5059                                                                                         |   32|   0|   32|          0|
    |acc_2023_reg_5049                                                                                         |   32|   0|   32|          0|
    |acc_2024_reg_5039                                                                                         |   32|   0|   32|          0|
    |acc_2025_reg_5029                                                                                         |   32|   0|   32|          0|
    |acc_2026_reg_5019                                                                                         |   32|   0|   32|          0|
    |acc_2027_reg_5009                                                                                         |   32|   0|   32|          0|
    |acc_2028_reg_4999                                                                                         |   32|   0|   32|          0|
    |acc_2029_reg_4989                                                                                         |   32|   0|   32|          0|
    |acc_2030_reg_4979                                                                                         |   32|   0|   32|          0|
    |acc_2031_reg_4969                                                                                         |   32|   0|   32|          0|
    |acc_2032_reg_4959                                                                                         |   32|   0|   32|          0|
    |acc_2033_reg_4949                                                                                         |   32|   0|   32|          0|
    |acc_2034_reg_4939                                                                                         |   32|   0|   32|          0|
    |acc_2035_reg_4929                                                                                         |   32|   0|   32|          0|
    |acc_2036_reg_4919                                                                                         |   32|   0|   32|          0|
    |acc_2037_reg_4909                                                                                         |   32|   0|   32|          0|
    |acc_2038_reg_4899                                                                                         |   32|   0|   32|          0|
    |acc_2039_reg_4889                                                                                         |   32|   0|   32|          0|
    |acc_2040_reg_4879                                                                                         |   32|   0|   32|          0|
    |acc_2041_reg_4869                                                                                         |   32|   0|   32|          0|
    |acc_2042_reg_4859                                                                                         |   32|   0|   32|          0|
    |acc_2043_reg_4849                                                                                         |   32|   0|   32|          0|
    |acc_2044_reg_4839                                                                                         |   32|   0|   32|          0|
    |acc_2045_reg_4829                                                                                         |   32|   0|   32|          0|
    |acc_2046_reg_4819                                                                                         |   32|   0|   32|          0|
    |acc_512_fu_2726                                                                                           |   32|   0|   32|          0|
    |acc_513_fu_2730                                                                                           |   32|   0|   32|          0|
    |acc_514_fu_2734                                                                                           |   32|   0|   32|          0|
    |acc_515_fu_2738                                                                                           |   32|   0|   32|          0|
    |acc_516_fu_2742                                                                                           |   32|   0|   32|          0|
    |acc_517_fu_2746                                                                                           |   32|   0|   32|          0|
    |acc_518_fu_2750                                                                                           |   32|   0|   32|          0|
    |acc_519_fu_2754                                                                                           |   32|   0|   32|          0|
    |acc_520_fu_2758                                                                                           |   32|   0|   32|          0|
    |acc_521_fu_2762                                                                                           |   32|   0|   32|          0|
    |acc_522_fu_2766                                                                                           |   32|   0|   32|          0|
    |acc_523_fu_2770                                                                                           |   32|   0|   32|          0|
    |acc_524_fu_2774                                                                                           |   32|   0|   32|          0|
    |acc_525_fu_2778                                                                                           |   32|   0|   32|          0|
    |acc_526_fu_2782                                                                                           |   32|   0|   32|          0|
    |acc_527_fu_2786                                                                                           |   32|   0|   32|          0|
    |acc_528_fu_2790                                                                                           |   32|   0|   32|          0|
    |acc_529_fu_2794                                                                                           |   32|   0|   32|          0|
    |acc_530_fu_2798                                                                                           |   32|   0|   32|          0|
    |acc_531_fu_2802                                                                                           |   32|   0|   32|          0|
    |acc_532_fu_2806                                                                                           |   32|   0|   32|          0|
    |acc_533_fu_2810                                                                                           |   32|   0|   32|          0|
    |acc_534_fu_2814                                                                                           |   32|   0|   32|          0|
    |acc_535_fu_2818                                                                                           |   32|   0|   32|          0|
    |acc_536_fu_2822                                                                                           |   32|   0|   32|          0|
    |acc_537_fu_2826                                                                                           |   32|   0|   32|          0|
    |acc_538_fu_2830                                                                                           |   32|   0|   32|          0|
    |acc_539_fu_2834                                                                                           |   32|   0|   32|          0|
    |acc_540_fu_2838                                                                                           |   32|   0|   32|          0|
    |acc_541_fu_2842                                                                                           |   32|   0|   32|          0|
    |acc_542_fu_2846                                                                                           |   32|   0|   32|          0|
    |acc_543_fu_2850                                                                                           |   32|   0|   32|          0|
    |acc_544_fu_2854                                                                                           |   32|   0|   32|          0|
    |acc_545_fu_2858                                                                                           |   32|   0|   32|          0|
    |acc_546_fu_2862                                                                                           |   32|   0|   32|          0|
    |acc_547_fu_2866                                                                                           |   32|   0|   32|          0|
    |acc_548_fu_2870                                                                                           |   32|   0|   32|          0|
    |acc_549_fu_2874                                                                                           |   32|   0|   32|          0|
    |acc_550_fu_2878                                                                                           |   32|   0|   32|          0|
    |acc_551_fu_2882                                                                                           |   32|   0|   32|          0|
    |acc_552_fu_2886                                                                                           |   32|   0|   32|          0|
    |acc_553_fu_2890                                                                                           |   32|   0|   32|          0|
    |acc_554_fu_2894                                                                                           |   32|   0|   32|          0|
    |acc_555_fu_2898                                                                                           |   32|   0|   32|          0|
    |acc_556_fu_2902                                                                                           |   32|   0|   32|          0|
    |acc_557_fu_2906                                                                                           |   32|   0|   32|          0|
    |acc_558_fu_2910                                                                                           |   32|   0|   32|          0|
    |acc_559_fu_2914                                                                                           |   32|   0|   32|          0|
    |acc_560_fu_2918                                                                                           |   32|   0|   32|          0|
    |acc_561_fu_2922                                                                                           |   32|   0|   32|          0|
    |acc_562_fu_2926                                                                                           |   32|   0|   32|          0|
    |acc_563_fu_2930                                                                                           |   32|   0|   32|          0|
    |acc_564_fu_2934                                                                                           |   32|   0|   32|          0|
    |acc_565_fu_2938                                                                                           |   32|   0|   32|          0|
    |acc_566_fu_2942                                                                                           |   32|   0|   32|          0|
    |acc_567_fu_2946                                                                                           |   32|   0|   32|          0|
    |acc_568_fu_2950                                                                                           |   32|   0|   32|          0|
    |acc_569_fu_2954                                                                                           |   32|   0|   32|          0|
    |acc_570_fu_2958                                                                                           |   32|   0|   32|          0|
    |acc_571_fu_2962                                                                                           |   32|   0|   32|          0|
    |acc_572_fu_2966                                                                                           |   32|   0|   32|          0|
    |acc_573_fu_2970                                                                                           |   32|   0|   32|          0|
    |acc_574_fu_2974                                                                                           |   32|   0|   32|          0|
    |acc_575_fu_2978                                                                                           |   32|   0|   32|          0|
    |acc_576_fu_2982                                                                                           |   32|   0|   32|          0|
    |acc_577_fu_2986                                                                                           |   32|   0|   32|          0|
    |acc_578_fu_2990                                                                                           |   32|   0|   32|          0|
    |acc_579_fu_2994                                                                                           |   32|   0|   32|          0|
    |acc_580_fu_2998                                                                                           |   32|   0|   32|          0|
    |acc_581_fu_3002                                                                                           |   32|   0|   32|          0|
    |acc_582_fu_3006                                                                                           |   32|   0|   32|          0|
    |acc_583_fu_3010                                                                                           |   32|   0|   32|          0|
    |acc_584_fu_3014                                                                                           |   32|   0|   32|          0|
    |acc_585_fu_3018                                                                                           |   32|   0|   32|          0|
    |acc_586_fu_3022                                                                                           |   32|   0|   32|          0|
    |acc_587_fu_3026                                                                                           |   32|   0|   32|          0|
    |acc_588_fu_3030                                                                                           |   32|   0|   32|          0|
    |acc_589_fu_3034                                                                                           |   32|   0|   32|          0|
    |acc_590_fu_3038                                                                                           |   32|   0|   32|          0|
    |acc_591_fu_3042                                                                                           |   32|   0|   32|          0|
    |acc_592_fu_3046                                                                                           |   32|   0|   32|          0|
    |acc_593_fu_3050                                                                                           |   32|   0|   32|          0|
    |acc_594_fu_3054                                                                                           |   32|   0|   32|          0|
    |acc_595_fu_3058                                                                                           |   32|   0|   32|          0|
    |acc_596_fu_3062                                                                                           |   32|   0|   32|          0|
    |acc_597_fu_3066                                                                                           |   32|   0|   32|          0|
    |acc_598_fu_3070                                                                                           |   32|   0|   32|          0|
    |acc_599_fu_3074                                                                                           |   32|   0|   32|          0|
    |acc_600_fu_3078                                                                                           |   32|   0|   32|          0|
    |acc_601_fu_3082                                                                                           |   32|   0|   32|          0|
    |acc_602_fu_3086                                                                                           |   32|   0|   32|          0|
    |acc_603_fu_3090                                                                                           |   32|   0|   32|          0|
    |acc_604_fu_3094                                                                                           |   32|   0|   32|          0|
    |acc_605_fu_3098                                                                                           |   32|   0|   32|          0|
    |acc_606_fu_3102                                                                                           |   32|   0|   32|          0|
    |acc_607_fu_3106                                                                                           |   32|   0|   32|          0|
    |acc_608_fu_3110                                                                                           |   32|   0|   32|          0|
    |acc_609_fu_3114                                                                                           |   32|   0|   32|          0|
    |acc_610_fu_3118                                                                                           |   32|   0|   32|          0|
    |acc_611_fu_3122                                                                                           |   32|   0|   32|          0|
    |acc_612_fu_3126                                                                                           |   32|   0|   32|          0|
    |acc_613_fu_3130                                                                                           |   32|   0|   32|          0|
    |acc_614_fu_3134                                                                                           |   32|   0|   32|          0|
    |acc_615_fu_3138                                                                                           |   32|   0|   32|          0|
    |acc_616_fu_3142                                                                                           |   32|   0|   32|          0|
    |acc_617_fu_3146                                                                                           |   32|   0|   32|          0|
    |acc_618_fu_3150                                                                                           |   32|   0|   32|          0|
    |acc_619_fu_3154                                                                                           |   32|   0|   32|          0|
    |acc_620_fu_3158                                                                                           |   32|   0|   32|          0|
    |acc_621_fu_3162                                                                                           |   32|   0|   32|          0|
    |acc_622_fu_3166                                                                                           |   32|   0|   32|          0|
    |acc_623_fu_3170                                                                                           |   32|   0|   32|          0|
    |acc_624_fu_3174                                                                                           |   32|   0|   32|          0|
    |acc_625_fu_3178                                                                                           |   32|   0|   32|          0|
    |acc_626_fu_3182                                                                                           |   32|   0|   32|          0|
    |acc_627_fu_3186                                                                                           |   32|   0|   32|          0|
    |acc_628_fu_3190                                                                                           |   32|   0|   32|          0|
    |acc_629_fu_3194                                                                                           |   32|   0|   32|          0|
    |acc_630_fu_3198                                                                                           |   32|   0|   32|          0|
    |acc_631_fu_3202                                                                                           |   32|   0|   32|          0|
    |acc_632_fu_3206                                                                                           |   32|   0|   32|          0|
    |acc_633_fu_3210                                                                                           |   32|   0|   32|          0|
    |acc_634_fu_3214                                                                                           |   32|   0|   32|          0|
    |acc_635_fu_3218                                                                                           |   32|   0|   32|          0|
    |acc_636_fu_3222                                                                                           |   32|   0|   32|          0|
    |acc_637_fu_3226                                                                                           |   32|   0|   32|          0|
    |acc_638_fu_3230                                                                                           |   32|   0|   32|          0|
    |acc_639_fu_3234                                                                                           |   32|   0|   32|          0|
    |acc_640_fu_3238                                                                                           |   32|   0|   32|          0|
    |acc_641_fu_3242                                                                                           |   32|   0|   32|          0|
    |acc_642_fu_3246                                                                                           |   32|   0|   32|          0|
    |acc_643_fu_3250                                                                                           |   32|   0|   32|          0|
    |acc_644_fu_3254                                                                                           |   32|   0|   32|          0|
    |acc_645_fu_3258                                                                                           |   32|   0|   32|          0|
    |acc_646_fu_3262                                                                                           |   32|   0|   32|          0|
    |acc_647_fu_3266                                                                                           |   32|   0|   32|          0|
    |acc_648_fu_3270                                                                                           |   32|   0|   32|          0|
    |acc_649_fu_3274                                                                                           |   32|   0|   32|          0|
    |acc_650_fu_3278                                                                                           |   32|   0|   32|          0|
    |acc_651_fu_3282                                                                                           |   32|   0|   32|          0|
    |acc_652_fu_3286                                                                                           |   32|   0|   32|          0|
    |acc_653_fu_3290                                                                                           |   32|   0|   32|          0|
    |acc_654_fu_3294                                                                                           |   32|   0|   32|          0|
    |acc_655_fu_3298                                                                                           |   32|   0|   32|          0|
    |acc_656_fu_3302                                                                                           |   32|   0|   32|          0|
    |acc_657_fu_3306                                                                                           |   32|   0|   32|          0|
    |acc_658_fu_3310                                                                                           |   32|   0|   32|          0|
    |acc_659_fu_3314                                                                                           |   32|   0|   32|          0|
    |acc_660_fu_3318                                                                                           |   32|   0|   32|          0|
    |acc_661_fu_3322                                                                                           |   32|   0|   32|          0|
    |acc_662_fu_3326                                                                                           |   32|   0|   32|          0|
    |acc_663_fu_3330                                                                                           |   32|   0|   32|          0|
    |acc_664_fu_3334                                                                                           |   32|   0|   32|          0|
    |acc_665_fu_3338                                                                                           |   32|   0|   32|          0|
    |acc_666_fu_3342                                                                                           |   32|   0|   32|          0|
    |acc_667_fu_3346                                                                                           |   32|   0|   32|          0|
    |acc_668_fu_3350                                                                                           |   32|   0|   32|          0|
    |acc_669_fu_3354                                                                                           |   32|   0|   32|          0|
    |acc_670_fu_3358                                                                                           |   32|   0|   32|          0|
    |acc_671_fu_3362                                                                                           |   32|   0|   32|          0|
    |acc_672_fu_3366                                                                                           |   32|   0|   32|          0|
    |acc_673_fu_3370                                                                                           |   32|   0|   32|          0|
    |acc_674_fu_3374                                                                                           |   32|   0|   32|          0|
    |acc_675_fu_3378                                                                                           |   32|   0|   32|          0|
    |acc_676_fu_3382                                                                                           |   32|   0|   32|          0|
    |acc_677_fu_3386                                                                                           |   32|   0|   32|          0|
    |acc_678_fu_3390                                                                                           |   32|   0|   32|          0|
    |acc_679_fu_3394                                                                                           |   32|   0|   32|          0|
    |acc_680_fu_3398                                                                                           |   32|   0|   32|          0|
    |acc_681_fu_3402                                                                                           |   32|   0|   32|          0|
    |acc_682_fu_3406                                                                                           |   32|   0|   32|          0|
    |acc_683_fu_3410                                                                                           |   32|   0|   32|          0|
    |acc_684_fu_3414                                                                                           |   32|   0|   32|          0|
    |acc_685_fu_3418                                                                                           |   32|   0|   32|          0|
    |acc_686_fu_3422                                                                                           |   32|   0|   32|          0|
    |acc_687_fu_3426                                                                                           |   32|   0|   32|          0|
    |acc_688_fu_3430                                                                                           |   32|   0|   32|          0|
    |acc_689_fu_3434                                                                                           |   32|   0|   32|          0|
    |acc_690_fu_3438                                                                                           |   32|   0|   32|          0|
    |acc_691_fu_3442                                                                                           |   32|   0|   32|          0|
    |acc_692_fu_3446                                                                                           |   32|   0|   32|          0|
    |acc_693_fu_3450                                                                                           |   32|   0|   32|          0|
    |acc_694_fu_3454                                                                                           |   32|   0|   32|          0|
    |acc_695_fu_3458                                                                                           |   32|   0|   32|          0|
    |acc_696_fu_3462                                                                                           |   32|   0|   32|          0|
    |acc_697_fu_3466                                                                                           |   32|   0|   32|          0|
    |acc_698_fu_3470                                                                                           |   32|   0|   32|          0|
    |acc_699_fu_3474                                                                                           |   32|   0|   32|          0|
    |acc_700_fu_3478                                                                                           |   32|   0|   32|          0|
    |acc_701_fu_3482                                                                                           |   32|   0|   32|          0|
    |acc_702_fu_3486                                                                                           |   32|   0|   32|          0|
    |acc_703_fu_3490                                                                                           |   32|   0|   32|          0|
    |acc_704_fu_3494                                                                                           |   32|   0|   32|          0|
    |acc_705_fu_3498                                                                                           |   32|   0|   32|          0|
    |acc_706_fu_3502                                                                                           |   32|   0|   32|          0|
    |acc_707_fu_3506                                                                                           |   32|   0|   32|          0|
    |acc_708_fu_3510                                                                                           |   32|   0|   32|          0|
    |acc_709_fu_3514                                                                                           |   32|   0|   32|          0|
    |acc_710_fu_3518                                                                                           |   32|   0|   32|          0|
    |acc_711_fu_3522                                                                                           |   32|   0|   32|          0|
    |acc_712_fu_3526                                                                                           |   32|   0|   32|          0|
    |acc_713_fu_3530                                                                                           |   32|   0|   32|          0|
    |acc_714_fu_3534                                                                                           |   32|   0|   32|          0|
    |acc_715_fu_3538                                                                                           |   32|   0|   32|          0|
    |acc_716_fu_3542                                                                                           |   32|   0|   32|          0|
    |acc_717_fu_3546                                                                                           |   32|   0|   32|          0|
    |acc_718_fu_3550                                                                                           |   32|   0|   32|          0|
    |acc_719_fu_3554                                                                                           |   32|   0|   32|          0|
    |acc_720_fu_3558                                                                                           |   32|   0|   32|          0|
    |acc_721_fu_3562                                                                                           |   32|   0|   32|          0|
    |acc_722_fu_3566                                                                                           |   32|   0|   32|          0|
    |acc_723_fu_3570                                                                                           |   32|   0|   32|          0|
    |acc_724_fu_3574                                                                                           |   32|   0|   32|          0|
    |acc_725_fu_3578                                                                                           |   32|   0|   32|          0|
    |acc_726_fu_3582                                                                                           |   32|   0|   32|          0|
    |acc_727_fu_3586                                                                                           |   32|   0|   32|          0|
    |acc_728_fu_3590                                                                                           |   32|   0|   32|          0|
    |acc_729_fu_3594                                                                                           |   32|   0|   32|          0|
    |acc_730_fu_3598                                                                                           |   32|   0|   32|          0|
    |acc_731_fu_3602                                                                                           |   32|   0|   32|          0|
    |acc_732_fu_3606                                                                                           |   32|   0|   32|          0|
    |acc_733_fu_3610                                                                                           |   32|   0|   32|          0|
    |acc_734_fu_3614                                                                                           |   32|   0|   32|          0|
    |acc_735_fu_3618                                                                                           |   32|   0|   32|          0|
    |acc_736_fu_3622                                                                                           |   32|   0|   32|          0|
    |acc_737_fu_3626                                                                                           |   32|   0|   32|          0|
    |acc_738_fu_3630                                                                                           |   32|   0|   32|          0|
    |acc_739_fu_3634                                                                                           |   32|   0|   32|          0|
    |acc_740_fu_3638                                                                                           |   32|   0|   32|          0|
    |acc_741_fu_3642                                                                                           |   32|   0|   32|          0|
    |acc_742_fu_3646                                                                                           |   32|   0|   32|          0|
    |acc_743_fu_3650                                                                                           |   32|   0|   32|          0|
    |acc_744_fu_3654                                                                                           |   32|   0|   32|          0|
    |acc_745_fu_3658                                                                                           |   32|   0|   32|          0|
    |acc_746_fu_3662                                                                                           |   32|   0|   32|          0|
    |acc_747_fu_3666                                                                                           |   32|   0|   32|          0|
    |acc_748_fu_3670                                                                                           |   32|   0|   32|          0|
    |acc_749_fu_3674                                                                                           |   32|   0|   32|          0|
    |acc_750_fu_3678                                                                                           |   32|   0|   32|          0|
    |acc_751_fu_3682                                                                                           |   32|   0|   32|          0|
    |acc_752_fu_3686                                                                                           |   32|   0|   32|          0|
    |acc_753_fu_3690                                                                                           |   32|   0|   32|          0|
    |acc_754_fu_3694                                                                                           |   32|   0|   32|          0|
    |acc_755_fu_3698                                                                                           |   32|   0|   32|          0|
    |acc_756_fu_3702                                                                                           |   32|   0|   32|          0|
    |acc_757_fu_3706                                                                                           |   32|   0|   32|          0|
    |acc_758_fu_3710                                                                                           |   32|   0|   32|          0|
    |acc_759_fu_3714                                                                                           |   32|   0|   32|          0|
    |acc_760_fu_3718                                                                                           |   32|   0|   32|          0|
    |acc_761_fu_3722                                                                                           |   32|   0|   32|          0|
    |acc_762_fu_3726                                                                                           |   32|   0|   32|          0|
    |acc_763_fu_3730                                                                                           |   32|   0|   32|          0|
    |acc_764_fu_3734                                                                                           |   32|   0|   32|          0|
    |acc_765_fu_3738                                                                                           |   32|   0|   32|          0|
    |acc_766_fu_3742                                                                                           |   32|   0|   32|          0|
    |acc_767_fu_3746                                                                                           |   32|   0|   32|          0|
    |acc_768_fu_3750                                                                                           |   32|   0|   32|          0|
    |acc_769_fu_3754                                                                                           |   32|   0|   32|          0|
    |acc_770_fu_3758                                                                                           |   32|   0|   32|          0|
    |acc_771_fu_3762                                                                                           |   32|   0|   32|          0|
    |acc_772_fu_3766                                                                                           |   32|   0|   32|          0|
    |acc_773_fu_3770                                                                                           |   32|   0|   32|          0|
    |acc_774_fu_3774                                                                                           |   32|   0|   32|          0|
    |acc_775_fu_3778                                                                                           |   32|   0|   32|          0|
    |acc_776_fu_3782                                                                                           |   32|   0|   32|          0|
    |acc_777_fu_3786                                                                                           |   32|   0|   32|          0|
    |acc_778_fu_3790                                                                                           |   32|   0|   32|          0|
    |acc_779_fu_3794                                                                                           |   32|   0|   32|          0|
    |acc_780_fu_3798                                                                                           |   32|   0|   32|          0|
    |acc_781_fu_3802                                                                                           |   32|   0|   32|          0|
    |acc_782_fu_3806                                                                                           |   32|   0|   32|          0|
    |acc_783_fu_3810                                                                                           |   32|   0|   32|          0|
    |acc_784_fu_3814                                                                                           |   32|   0|   32|          0|
    |acc_785_fu_3818                                                                                           |   32|   0|   32|          0|
    |acc_786_fu_3822                                                                                           |   32|   0|   32|          0|
    |acc_787_fu_3826                                                                                           |   32|   0|   32|          0|
    |acc_788_fu_3830                                                                                           |   32|   0|   32|          0|
    |acc_789_fu_3834                                                                                           |   32|   0|   32|          0|
    |acc_790_fu_3838                                                                                           |   32|   0|   32|          0|
    |acc_791_fu_3842                                                                                           |   32|   0|   32|          0|
    |acc_792_fu_3846                                                                                           |   32|   0|   32|          0|
    |acc_793_fu_3850                                                                                           |   32|   0|   32|          0|
    |acc_794_fu_3854                                                                                           |   32|   0|   32|          0|
    |acc_795_fu_3858                                                                                           |   32|   0|   32|          0|
    |acc_796_fu_3862                                                                                           |   32|   0|   32|          0|
    |acc_797_fu_3866                                                                                           |   32|   0|   32|          0|
    |acc_798_fu_3870                                                                                           |   32|   0|   32|          0|
    |acc_799_fu_3874                                                                                           |   32|   0|   32|          0|
    |acc_800_fu_3878                                                                                           |   32|   0|   32|          0|
    |acc_801_fu_3882                                                                                           |   32|   0|   32|          0|
    |acc_802_fu_3886                                                                                           |   32|   0|   32|          0|
    |acc_803_fu_3890                                                                                           |   32|   0|   32|          0|
    |acc_804_fu_3894                                                                                           |   32|   0|   32|          0|
    |acc_805_fu_3898                                                                                           |   32|   0|   32|          0|
    |acc_806_fu_3902                                                                                           |   32|   0|   32|          0|
    |acc_807_fu_3906                                                                                           |   32|   0|   32|          0|
    |acc_808_fu_3910                                                                                           |   32|   0|   32|          0|
    |acc_809_fu_3914                                                                                           |   32|   0|   32|          0|
    |acc_810_fu_3918                                                                                           |   32|   0|   32|          0|
    |acc_811_fu_3922                                                                                           |   32|   0|   32|          0|
    |acc_812_fu_3926                                                                                           |   32|   0|   32|          0|
    |acc_813_fu_3930                                                                                           |   32|   0|   32|          0|
    |acc_814_fu_3934                                                                                           |   32|   0|   32|          0|
    |acc_815_fu_3938                                                                                           |   32|   0|   32|          0|
    |acc_816_fu_3942                                                                                           |   32|   0|   32|          0|
    |acc_817_fu_3946                                                                                           |   32|   0|   32|          0|
    |acc_818_fu_3950                                                                                           |   32|   0|   32|          0|
    |acc_819_fu_3954                                                                                           |   32|   0|   32|          0|
    |acc_820_fu_3958                                                                                           |   32|   0|   32|          0|
    |acc_821_fu_3962                                                                                           |   32|   0|   32|          0|
    |acc_822_fu_3966                                                                                           |   32|   0|   32|          0|
    |acc_823_fu_3970                                                                                           |   32|   0|   32|          0|
    |acc_824_fu_3974                                                                                           |   32|   0|   32|          0|
    |acc_825_fu_3978                                                                                           |   32|   0|   32|          0|
    |acc_826_fu_3982                                                                                           |   32|   0|   32|          0|
    |acc_827_fu_3986                                                                                           |   32|   0|   32|          0|
    |acc_828_fu_3990                                                                                           |   32|   0|   32|          0|
    |acc_829_fu_3994                                                                                           |   32|   0|   32|          0|
    |acc_830_fu_3998                                                                                           |   32|   0|   32|          0|
    |acc_831_fu_4002                                                                                           |   32|   0|   32|          0|
    |acc_832_fu_4006                                                                                           |   32|   0|   32|          0|
    |acc_833_fu_4010                                                                                           |   32|   0|   32|          0|
    |acc_834_fu_4014                                                                                           |   32|   0|   32|          0|
    |acc_835_fu_4018                                                                                           |   32|   0|   32|          0|
    |acc_836_fu_4022                                                                                           |   32|   0|   32|          0|
    |acc_837_fu_4026                                                                                           |   32|   0|   32|          0|
    |acc_838_fu_4030                                                                                           |   32|   0|   32|          0|
    |acc_839_fu_4034                                                                                           |   32|   0|   32|          0|
    |acc_840_fu_4038                                                                                           |   32|   0|   32|          0|
    |acc_841_fu_4042                                                                                           |   32|   0|   32|          0|
    |acc_842_fu_4046                                                                                           |   32|   0|   32|          0|
    |acc_843_fu_4050                                                                                           |   32|   0|   32|          0|
    |acc_844_fu_4054                                                                                           |   32|   0|   32|          0|
    |acc_845_fu_4058                                                                                           |   32|   0|   32|          0|
    |acc_846_fu_4062                                                                                           |   32|   0|   32|          0|
    |acc_847_fu_4066                                                                                           |   32|   0|   32|          0|
    |acc_848_fu_4070                                                                                           |   32|   0|   32|          0|
    |acc_849_fu_4074                                                                                           |   32|   0|   32|          0|
    |acc_850_fu_4078                                                                                           |   32|   0|   32|          0|
    |acc_851_fu_4082                                                                                           |   32|   0|   32|          0|
    |acc_852_fu_4086                                                                                           |   32|   0|   32|          0|
    |acc_853_fu_4090                                                                                           |   32|   0|   32|          0|
    |acc_854_fu_4094                                                                                           |   32|   0|   32|          0|
    |acc_855_fu_4098                                                                                           |   32|   0|   32|          0|
    |acc_856_fu_4102                                                                                           |   32|   0|   32|          0|
    |acc_857_fu_4106                                                                                           |   32|   0|   32|          0|
    |acc_858_fu_4110                                                                                           |   32|   0|   32|          0|
    |acc_859_fu_4114                                                                                           |   32|   0|   32|          0|
    |acc_860_fu_4118                                                                                           |   32|   0|   32|          0|
    |acc_861_fu_4122                                                                                           |   32|   0|   32|          0|
    |acc_862_fu_4126                                                                                           |   32|   0|   32|          0|
    |acc_863_fu_4130                                                                                           |   32|   0|   32|          0|
    |acc_864_fu_4134                                                                                           |   32|   0|   32|          0|
    |acc_865_fu_4138                                                                                           |   32|   0|   32|          0|
    |acc_866_fu_4142                                                                                           |   32|   0|   32|          0|
    |acc_867_fu_4146                                                                                           |   32|   0|   32|          0|
    |acc_868_fu_4150                                                                                           |   32|   0|   32|          0|
    |acc_869_fu_4154                                                                                           |   32|   0|   32|          0|
    |acc_870_fu_4158                                                                                           |   32|   0|   32|          0|
    |acc_871_fu_4162                                                                                           |   32|   0|   32|          0|
    |acc_872_fu_4166                                                                                           |   32|   0|   32|          0|
    |acc_873_fu_4170                                                                                           |   32|   0|   32|          0|
    |acc_874_fu_4174                                                                                           |   32|   0|   32|          0|
    |acc_875_fu_4178                                                                                           |   32|   0|   32|          0|
    |acc_876_fu_4182                                                                                           |   32|   0|   32|          0|
    |acc_877_fu_4186                                                                                           |   32|   0|   32|          0|
    |acc_878_fu_4190                                                                                           |   32|   0|   32|          0|
    |acc_879_fu_4194                                                                                           |   32|   0|   32|          0|
    |acc_880_fu_4198                                                                                           |   32|   0|   32|          0|
    |acc_881_fu_4202                                                                                           |   32|   0|   32|          0|
    |acc_882_fu_4206                                                                                           |   32|   0|   32|          0|
    |acc_883_fu_4210                                                                                           |   32|   0|   32|          0|
    |acc_884_fu_4214                                                                                           |   32|   0|   32|          0|
    |acc_885_fu_4218                                                                                           |   32|   0|   32|          0|
    |acc_886_fu_4222                                                                                           |   32|   0|   32|          0|
    |acc_887_fu_4226                                                                                           |   32|   0|   32|          0|
    |acc_888_fu_4230                                                                                           |   32|   0|   32|          0|
    |acc_889_fu_4234                                                                                           |   32|   0|   32|          0|
    |acc_890_fu_4238                                                                                           |   32|   0|   32|          0|
    |acc_891_fu_4242                                                                                           |   32|   0|   32|          0|
    |acc_892_fu_4246                                                                                           |   32|   0|   32|          0|
    |acc_893_fu_4250                                                                                           |   32|   0|   32|          0|
    |acc_894_fu_4254                                                                                           |   32|   0|   32|          0|
    |acc_895_fu_4258                                                                                           |   32|   0|   32|          0|
    |acc_896_fu_4262                                                                                           |   32|   0|   32|          0|
    |acc_897_fu_4266                                                                                           |   32|   0|   32|          0|
    |acc_898_fu_4270                                                                                           |   32|   0|   32|          0|
    |acc_899_fu_4274                                                                                           |   32|   0|   32|          0|
    |acc_900_fu_4278                                                                                           |   32|   0|   32|          0|
    |acc_901_fu_4282                                                                                           |   32|   0|   32|          0|
    |acc_902_fu_4286                                                                                           |   32|   0|   32|          0|
    |acc_903_fu_4290                                                                                           |   32|   0|   32|          0|
    |acc_904_fu_4294                                                                                           |   32|   0|   32|          0|
    |acc_905_fu_4298                                                                                           |   32|   0|   32|          0|
    |acc_906_fu_4302                                                                                           |   32|   0|   32|          0|
    |acc_907_fu_4306                                                                                           |   32|   0|   32|          0|
    |acc_908_fu_4310                                                                                           |   32|   0|   32|          0|
    |acc_909_fu_4314                                                                                           |   32|   0|   32|          0|
    |acc_910_fu_4318                                                                                           |   32|   0|   32|          0|
    |acc_911_fu_4322                                                                                           |   32|   0|   32|          0|
    |acc_912_fu_4326                                                                                           |   32|   0|   32|          0|
    |acc_913_fu_4330                                                                                           |   32|   0|   32|          0|
    |acc_914_fu_4334                                                                                           |   32|   0|   32|          0|
    |acc_915_fu_4338                                                                                           |   32|   0|   32|          0|
    |acc_916_fu_4342                                                                                           |   32|   0|   32|          0|
    |acc_917_fu_4346                                                                                           |   32|   0|   32|          0|
    |acc_918_fu_4350                                                                                           |   32|   0|   32|          0|
    |acc_919_fu_4354                                                                                           |   32|   0|   32|          0|
    |acc_920_fu_4358                                                                                           |   32|   0|   32|          0|
    |acc_921_fu_4362                                                                                           |   32|   0|   32|          0|
    |acc_922_fu_4366                                                                                           |   32|   0|   32|          0|
    |acc_923_fu_4370                                                                                           |   32|   0|   32|          0|
    |acc_924_fu_4374                                                                                           |   32|   0|   32|          0|
    |acc_925_fu_4378                                                                                           |   32|   0|   32|          0|
    |acc_926_fu_4382                                                                                           |   32|   0|   32|          0|
    |acc_927_fu_4386                                                                                           |   32|   0|   32|          0|
    |acc_928_fu_4390                                                                                           |   32|   0|   32|          0|
    |acc_929_fu_4394                                                                                           |   32|   0|   32|          0|
    |acc_930_fu_4398                                                                                           |   32|   0|   32|          0|
    |acc_931_fu_4402                                                                                           |   32|   0|   32|          0|
    |acc_932_fu_4406                                                                                           |   32|   0|   32|          0|
    |acc_933_fu_4410                                                                                           |   32|   0|   32|          0|
    |acc_934_fu_4414                                                                                           |   32|   0|   32|          0|
    |acc_935_fu_4418                                                                                           |   32|   0|   32|          0|
    |acc_936_fu_4422                                                                                           |   32|   0|   32|          0|
    |acc_937_fu_4426                                                                                           |   32|   0|   32|          0|
    |acc_938_fu_4430                                                                                           |   32|   0|   32|          0|
    |acc_939_fu_4434                                                                                           |   32|   0|   32|          0|
    |acc_940_fu_4438                                                                                           |   32|   0|   32|          0|
    |acc_941_fu_4442                                                                                           |   32|   0|   32|          0|
    |acc_942_fu_4446                                                                                           |   32|   0|   32|          0|
    |acc_943_fu_4450                                                                                           |   32|   0|   32|          0|
    |acc_944_fu_4454                                                                                           |   32|   0|   32|          0|
    |acc_945_fu_4458                                                                                           |   32|   0|   32|          0|
    |acc_946_fu_4462                                                                                           |   32|   0|   32|          0|
    |acc_947_fu_4466                                                                                           |   32|   0|   32|          0|
    |acc_948_fu_4470                                                                                           |   32|   0|   32|          0|
    |acc_949_fu_4474                                                                                           |   32|   0|   32|          0|
    |acc_950_fu_4478                                                                                           |   32|   0|   32|          0|
    |acc_951_fu_4482                                                                                           |   32|   0|   32|          0|
    |acc_952_fu_4486                                                                                           |   32|   0|   32|          0|
    |acc_953_fu_4490                                                                                           |   32|   0|   32|          0|
    |acc_954_fu_4494                                                                                           |   32|   0|   32|          0|
    |acc_955_fu_4498                                                                                           |   32|   0|   32|          0|
    |acc_956_fu_4502                                                                                           |   32|   0|   32|          0|
    |acc_957_fu_4506                                                                                           |   32|   0|   32|          0|
    |acc_958_fu_4510                                                                                           |   32|   0|   32|          0|
    |acc_959_fu_4514                                                                                           |   32|   0|   32|          0|
    |acc_960_fu_4518                                                                                           |   32|   0|   32|          0|
    |acc_961_fu_4522                                                                                           |   32|   0|   32|          0|
    |acc_962_fu_4526                                                                                           |   32|   0|   32|          0|
    |acc_963_fu_4530                                                                                           |   32|   0|   32|          0|
    |acc_964_fu_4534                                                                                           |   32|   0|   32|          0|
    |acc_965_fu_4538                                                                                           |   32|   0|   32|          0|
    |acc_966_fu_4542                                                                                           |   32|   0|   32|          0|
    |acc_967_fu_4546                                                                                           |   32|   0|   32|          0|
    |acc_968_fu_4550                                                                                           |   32|   0|   32|          0|
    |acc_969_fu_4554                                                                                           |   32|   0|   32|          0|
    |acc_970_fu_4558                                                                                           |   32|   0|   32|          0|
    |acc_971_fu_4562                                                                                           |   32|   0|   32|          0|
    |acc_972_fu_4566                                                                                           |   32|   0|   32|          0|
    |acc_973_fu_4570                                                                                           |   32|   0|   32|          0|
    |acc_974_fu_4574                                                                                           |   32|   0|   32|          0|
    |acc_975_fu_4578                                                                                           |   32|   0|   32|          0|
    |acc_976_fu_4582                                                                                           |   32|   0|   32|          0|
    |acc_977_fu_4586                                                                                           |   32|   0|   32|          0|
    |acc_978_fu_4590                                                                                           |   32|   0|   32|          0|
    |acc_979_fu_4594                                                                                           |   32|   0|   32|          0|
    |acc_980_fu_4598                                                                                           |   32|   0|   32|          0|
    |acc_981_fu_4602                                                                                           |   32|   0|   32|          0|
    |acc_982_fu_4606                                                                                           |   32|   0|   32|          0|
    |acc_983_fu_4610                                                                                           |   32|   0|   32|          0|
    |acc_984_fu_4614                                                                                           |   32|   0|   32|          0|
    |acc_985_fu_4618                                                                                           |   32|   0|   32|          0|
    |acc_986_fu_4622                                                                                           |   32|   0|   32|          0|
    |acc_987_fu_4626                                                                                           |   32|   0|   32|          0|
    |acc_988_fu_4630                                                                                           |   32|   0|   32|          0|
    |acc_989_fu_4634                                                                                           |   32|   0|   32|          0|
    |acc_990_fu_4638                                                                                           |   32|   0|   32|          0|
    |acc_991_fu_4642                                                                                           |   32|   0|   32|          0|
    |acc_992_fu_4646                                                                                           |   32|   0|   32|          0|
    |acc_993_fu_4650                                                                                           |   32|   0|   32|          0|
    |acc_994_fu_4654                                                                                           |   32|   0|   32|          0|
    |acc_995_fu_4658                                                                                           |   32|   0|   32|          0|
    |acc_996_fu_4662                                                                                           |   32|   0|   32|          0|
    |acc_997_fu_4666                                                                                           |   32|   0|   32|          0|
    |acc_998_fu_4670                                                                                           |   32|   0|   32|          0|
    |acc_999_fu_4674                                                                                           |   32|   0|   32|          0|
    |acc_fu_2722                                                                                               |   32|   0|   32|          0|
    |add_ln200_1_reg_26458                                                                                     |   26|   0|   26|          0|
    |ap_CS_fsm                                                                                                 |   24|   0|   24|          0|
    |attn_out_read_reg_21300                                                                                   |   64|   0|   64|          0|
    |grp_v_weighted_sum_multik_u55c_kernel_Pipeline_VITIS_LOOP_193_1_VITIS_LOOP_194_2_fu_9939_ap_start_reg     |    1|   0|    1|          0|
    |grp_v_weighted_sum_multik_u55c_kernel_Pipeline_VITIS_LOOP_206_5_fu_10455_ap_start_reg                     |    1|   0|    1|          0|
    |grp_v_weighted_sum_multik_u55c_kernel_Pipeline_VITIS_LOOP_216_6_VITIS_LOOP_217_7_fu_10532_ap_start_reg    |    1|   0|    1|          0|
    |grp_v_weighted_sum_multik_u55c_kernel_Pipeline_VITIS_LOOP_227_8_VITIS_LOOP_228_9_fu_10604_ap_start_reg    |    1|   0|    1|          0|
    |grp_v_weighted_sum_multik_u55c_kernel_Pipeline_VITIS_LOOP_242_11_VITIS_LOOP_243_12_fu_11248_ap_start_reg  |    1|   0|    1|          0|
    |icmp_ln200_reg_22851                                                                                      |    1|   0|    1|          0|
    |icmp_ln201_reg_29031                                                                                      |    1|   0|    1|          0|
    |indvars_iv1992_fu_2718                                                                                    |   26|   0|   26|          0|
    |k_cols_reg_29058                                                                                          |   32|   0|   32|          0|
    |key_base_fu_2714                                                                                          |   32|   0|   32|          0|
    |key_base_load_reg_29026                                                                                   |   32|   0|   32|          0|
    |probs_full_read_reg_21310                                                                                 |   64|   0|   64|          0|
    |query_base_read_reg_21288                                                                                 |   32|   0|   32|          0|
    |query_row_count_read_reg_21280                                                                            |   32|   0|   32|          0|
    |select_ln206_reg_29064                                                                                    |    7|   0|    7|          0|
    |select_ln242_1_reg_29053                                                                                  |    4|   0|    4|          0|
    |seq_len_read_reg_21294                                                                                    |   32|   0|   32|          0|
    |sub_ln201_reg_29036                                                                                       |   32|   0|   32|          0|
    |trunc_ln200_reg_26453                                                                                     |   31|   0|   31|          0|
    |trunc_ln242_1_reg_29047                                                                                   |   62|   0|   62|          0|
    |trunc_ln4_reg_29041                                                                                       |   62|   0|   62|          0|
    |v_full_read_reg_21305                                                                                     |   64|   0|   64|          0|
    +----------------------------------------------------------------------------------------------------------+-----+----+-----+-----------+
    |Total                                                                                                     |33433|   0|33433|          0|
    +----------------------------------------------------------------------------------------------------------+-----+----+-----+-----------+



================================================================
== Interface
================================================================
* Summary: 
+-----------------------------+-----+-----+------------+-------------------------------------------------------------------------+--------------+
|          RTL Ports          | Dir | Bits|  Protocol  |                              Source Object                              |    C Type    |
+-----------------------------+-----+-----+------------+-------------------------------------------------------------------------+--------------+
|s_axi_control_AWVALID        |   in|    1|       s_axi|                                                                  control|        scalar|
|s_axi_control_AWREADY        |  out|    1|       s_axi|                                                                  control|        scalar|
|s_axi_control_AWADDR         |   in|    7|       s_axi|                                                                  control|        scalar|
|s_axi_control_WVALID         |   in|    1|       s_axi|                                                                  control|        scalar|
|s_axi_control_WREADY         |  out|    1|       s_axi|                                                                  control|        scalar|
|s_axi_control_WDATA          |   in|   32|       s_axi|                                                                  control|        scalar|
|s_axi_control_WSTRB          |   in|    4|       s_axi|                                                                  control|        scalar|
|s_axi_control_ARVALID        |   in|    1|       s_axi|                                                                  control|        scalar|
|s_axi_control_ARREADY        |  out|    1|       s_axi|                                                                  control|        scalar|
|s_axi_control_ARADDR         |   in|    7|       s_axi|                                                                  control|        scalar|
|s_axi_control_RVALID         |  out|    1|       s_axi|                                                                  control|        scalar|
|s_axi_control_RREADY         |   in|    1|       s_axi|                                                                  control|        scalar|
|s_axi_control_RDATA          |  out|   32|       s_axi|                                                                  control|        scalar|
|s_axi_control_RRESP          |  out|    2|       s_axi|                                                                  control|        scalar|
|s_axi_control_BVALID         |  out|    1|       s_axi|                                                                  control|        scalar|
|s_axi_control_BREADY         |   in|    1|       s_axi|                                                                  control|        scalar|
|s_axi_control_BRESP          |  out|    2|       s_axi|                                                                  control|        scalar|
|ap_clk                       |   in|    1|  ap_ctrl_hs|  attention_score_u55c::v_weighted_sum::v_weighted_sum_multik_u55c_kernel|  return value|
|ap_rst_n                     |   in|    1|  ap_ctrl_hs|  attention_score_u55c::v_weighted_sum::v_weighted_sum_multik_u55c_kernel|  return value|
|interrupt                    |  out|    1|  ap_ctrl_hs|  attention_score_u55c::v_weighted_sum::v_weighted_sum_multik_u55c_kernel|  return value|
|m_axi_gmem_weights_AWVALID   |  out|    1|       m_axi|                                                             gmem_weights|       pointer|
|m_axi_gmem_weights_AWREADY   |   in|    1|       m_axi|                                                             gmem_weights|       pointer|
|m_axi_gmem_weights_AWADDR    |  out|   64|       m_axi|                                                             gmem_weights|       pointer|
|m_axi_gmem_weights_AWID      |  out|    1|       m_axi|                                                             gmem_weights|       pointer|
|m_axi_gmem_weights_AWLEN     |  out|    8|       m_axi|                                                             gmem_weights|       pointer|
|m_axi_gmem_weights_AWSIZE    |  out|    3|       m_axi|                                                             gmem_weights|       pointer|
|m_axi_gmem_weights_AWBURST   |  out|    2|       m_axi|                                                             gmem_weights|       pointer|
|m_axi_gmem_weights_AWLOCK    |  out|    2|       m_axi|                                                             gmem_weights|       pointer|
|m_axi_gmem_weights_AWCACHE   |  out|    4|       m_axi|                                                             gmem_weights|       pointer|
|m_axi_gmem_weights_AWPROT    |  out|    3|       m_axi|                                                             gmem_weights|       pointer|
|m_axi_gmem_weights_AWQOS     |  out|    4|       m_axi|                                                             gmem_weights|       pointer|
|m_axi_gmem_weights_AWREGION  |  out|    4|       m_axi|                                                             gmem_weights|       pointer|
|m_axi_gmem_weights_AWUSER    |  out|    1|       m_axi|                                                             gmem_weights|       pointer|
|m_axi_gmem_weights_WVALID    |  out|    1|       m_axi|                                                             gmem_weights|       pointer|
|m_axi_gmem_weights_WREADY    |   in|    1|       m_axi|                                                             gmem_weights|       pointer|
|m_axi_gmem_weights_WDATA     |  out|   32|       m_axi|                                                             gmem_weights|       pointer|
|m_axi_gmem_weights_WSTRB     |  out|    4|       m_axi|                                                             gmem_weights|       pointer|
|m_axi_gmem_weights_WLAST     |  out|    1|       m_axi|                                                             gmem_weights|       pointer|
|m_axi_gmem_weights_WID       |  out|    1|       m_axi|                                                             gmem_weights|       pointer|
|m_axi_gmem_weights_WUSER     |  out|    1|       m_axi|                                                             gmem_weights|       pointer|
|m_axi_gmem_weights_ARVALID   |  out|    1|       m_axi|                                                             gmem_weights|       pointer|
|m_axi_gmem_weights_ARREADY   |   in|    1|       m_axi|                                                             gmem_weights|       pointer|
|m_axi_gmem_weights_ARADDR    |  out|   64|       m_axi|                                                             gmem_weights|       pointer|
|m_axi_gmem_weights_ARID      |  out|    1|       m_axi|                                                             gmem_weights|       pointer|
|m_axi_gmem_weights_ARLEN     |  out|    8|       m_axi|                                                             gmem_weights|       pointer|
|m_axi_gmem_weights_ARSIZE    |  out|    3|       m_axi|                                                             gmem_weights|       pointer|
|m_axi_gmem_weights_ARBURST   |  out|    2|       m_axi|                                                             gmem_weights|       pointer|
|m_axi_gmem_weights_ARLOCK    |  out|    2|       m_axi|                                                             gmem_weights|       pointer|
|m_axi_gmem_weights_ARCACHE   |  out|    4|       m_axi|                                                             gmem_weights|       pointer|
|m_axi_gmem_weights_ARPROT    |  out|    3|       m_axi|                                                             gmem_weights|       pointer|
|m_axi_gmem_weights_ARQOS     |  out|    4|       m_axi|                                                             gmem_weights|       pointer|
|m_axi_gmem_weights_ARREGION  |  out|    4|       m_axi|                                                             gmem_weights|       pointer|
|m_axi_gmem_weights_ARUSER    |  out|    1|       m_axi|                                                             gmem_weights|       pointer|
|m_axi_gmem_weights_RVALID    |   in|    1|       m_axi|                                                             gmem_weights|       pointer|
|m_axi_gmem_weights_RREADY    |  out|    1|       m_axi|                                                             gmem_weights|       pointer|
|m_axi_gmem_weights_RDATA     |   in|   32|       m_axi|                                                             gmem_weights|       pointer|
|m_axi_gmem_weights_RLAST     |   in|    1|       m_axi|                                                             gmem_weights|       pointer|
|m_axi_gmem_weights_RID       |   in|    1|       m_axi|                                                             gmem_weights|       pointer|
|m_axi_gmem_weights_RUSER     |   in|    1|       m_axi|                                                             gmem_weights|       pointer|
|m_axi_gmem_weights_RRESP     |   in|    2|       m_axi|                                                             gmem_weights|       pointer|
|m_axi_gmem_weights_BVALID    |   in|    1|       m_axi|                                                             gmem_weights|       pointer|
|m_axi_gmem_weights_BREADY    |  out|    1|       m_axi|                                                             gmem_weights|       pointer|
|m_axi_gmem_weights_BRESP     |   in|    2|       m_axi|                                                             gmem_weights|       pointer|
|m_axi_gmem_weights_BID       |   in|    1|       m_axi|                                                             gmem_weights|       pointer|
|m_axi_gmem_weights_BUSER     |   in|    1|       m_axi|                                                             gmem_weights|       pointer|
|m_axi_gmem_v_AWVALID         |  out|    1|       m_axi|                                                                   gmem_v|       pointer|
|m_axi_gmem_v_AWREADY         |   in|    1|       m_axi|                                                                   gmem_v|       pointer|
|m_axi_gmem_v_AWADDR          |  out|   64|       m_axi|                                                                   gmem_v|       pointer|
|m_axi_gmem_v_AWID            |  out|    1|       m_axi|                                                                   gmem_v|       pointer|
|m_axi_gmem_v_AWLEN           |  out|    8|       m_axi|                                                                   gmem_v|       pointer|
|m_axi_gmem_v_AWSIZE          |  out|    3|       m_axi|                                                                   gmem_v|       pointer|
|m_axi_gmem_v_AWBURST         |  out|    2|       m_axi|                                                                   gmem_v|       pointer|
|m_axi_gmem_v_AWLOCK          |  out|    2|       m_axi|                                                                   gmem_v|       pointer|
|m_axi_gmem_v_AWCACHE         |  out|    4|       m_axi|                                                                   gmem_v|       pointer|
|m_axi_gmem_v_AWPROT          |  out|    3|       m_axi|                                                                   gmem_v|       pointer|
|m_axi_gmem_v_AWQOS           |  out|    4|       m_axi|                                                                   gmem_v|       pointer|
|m_axi_gmem_v_AWREGION        |  out|    4|       m_axi|                                                                   gmem_v|       pointer|
|m_axi_gmem_v_AWUSER          |  out|    1|       m_axi|                                                                   gmem_v|       pointer|
|m_axi_gmem_v_WVALID          |  out|    1|       m_axi|                                                                   gmem_v|       pointer|
|m_axi_gmem_v_WREADY          |   in|    1|       m_axi|                                                                   gmem_v|       pointer|
|m_axi_gmem_v_WDATA           |  out|   32|       m_axi|                                                                   gmem_v|       pointer|
|m_axi_gmem_v_WSTRB           |  out|    4|       m_axi|                                                                   gmem_v|       pointer|
|m_axi_gmem_v_WLAST           |  out|    1|       m_axi|                                                                   gmem_v|       pointer|
|m_axi_gmem_v_WID             |  out|    1|       m_axi|                                                                   gmem_v|       pointer|
|m_axi_gmem_v_WUSER           |  out|    1|       m_axi|                                                                   gmem_v|       pointer|
|m_axi_gmem_v_ARVALID         |  out|    1|       m_axi|                                                                   gmem_v|       pointer|
|m_axi_gmem_v_ARREADY         |   in|    1|       m_axi|                                                                   gmem_v|       pointer|
|m_axi_gmem_v_ARADDR          |  out|   64|       m_axi|                                                                   gmem_v|       pointer|
|m_axi_gmem_v_ARID            |  out|    1|       m_axi|                                                                   gmem_v|       pointer|
|m_axi_gmem_v_ARLEN           |  out|    8|       m_axi|                                                                   gmem_v|       pointer|
|m_axi_gmem_v_ARSIZE          |  out|    3|       m_axi|                                                                   gmem_v|       pointer|
|m_axi_gmem_v_ARBURST         |  out|    2|       m_axi|                                                                   gmem_v|       pointer|
|m_axi_gmem_v_ARLOCK          |  out|    2|       m_axi|                                                                   gmem_v|       pointer|
|m_axi_gmem_v_ARCACHE         |  out|    4|       m_axi|                                                                   gmem_v|       pointer|
|m_axi_gmem_v_ARPROT          |  out|    3|       m_axi|                                                                   gmem_v|       pointer|
|m_axi_gmem_v_ARQOS           |  out|    4|       m_axi|                                                                   gmem_v|       pointer|
|m_axi_gmem_v_ARREGION        |  out|    4|       m_axi|                                                                   gmem_v|       pointer|
|m_axi_gmem_v_ARUSER          |  out|    1|       m_axi|                                                                   gmem_v|       pointer|
|m_axi_gmem_v_RVALID          |   in|    1|       m_axi|                                                                   gmem_v|       pointer|
|m_axi_gmem_v_RREADY          |  out|    1|       m_axi|                                                                   gmem_v|       pointer|
|m_axi_gmem_v_RDATA           |   in|   32|       m_axi|                                                                   gmem_v|       pointer|
|m_axi_gmem_v_RLAST           |   in|    1|       m_axi|                                                                   gmem_v|       pointer|
|m_axi_gmem_v_RID             |   in|    1|       m_axi|                                                                   gmem_v|       pointer|
|m_axi_gmem_v_RUSER           |   in|    1|       m_axi|                                                                   gmem_v|       pointer|
|m_axi_gmem_v_RRESP           |   in|    2|       m_axi|                                                                   gmem_v|       pointer|
|m_axi_gmem_v_BVALID          |   in|    1|       m_axi|                                                                   gmem_v|       pointer|
|m_axi_gmem_v_BREADY          |  out|    1|       m_axi|                                                                   gmem_v|       pointer|
|m_axi_gmem_v_BRESP           |   in|    2|       m_axi|                                                                   gmem_v|       pointer|
|m_axi_gmem_v_BID             |   in|    1|       m_axi|                                                                   gmem_v|       pointer|
|m_axi_gmem_v_BUSER           |   in|    1|       m_axi|                                                                   gmem_v|       pointer|
|m_axi_gmem_out_AWVALID       |  out|    1|       m_axi|                                                                 gmem_out|       pointer|
|m_axi_gmem_out_AWREADY       |   in|    1|       m_axi|                                                                 gmem_out|       pointer|
|m_axi_gmem_out_AWADDR        |  out|   64|       m_axi|                                                                 gmem_out|       pointer|
|m_axi_gmem_out_AWID          |  out|    1|       m_axi|                                                                 gmem_out|       pointer|
|m_axi_gmem_out_AWLEN         |  out|    8|       m_axi|                                                                 gmem_out|       pointer|
|m_axi_gmem_out_AWSIZE        |  out|    3|       m_axi|                                                                 gmem_out|       pointer|
|m_axi_gmem_out_AWBURST       |  out|    2|       m_axi|                                                                 gmem_out|       pointer|
|m_axi_gmem_out_AWLOCK        |  out|    2|       m_axi|                                                                 gmem_out|       pointer|
|m_axi_gmem_out_AWCACHE       |  out|    4|       m_axi|                                                                 gmem_out|       pointer|
|m_axi_gmem_out_AWPROT        |  out|    3|       m_axi|                                                                 gmem_out|       pointer|
|m_axi_gmem_out_AWQOS         |  out|    4|       m_axi|                                                                 gmem_out|       pointer|
|m_axi_gmem_out_AWREGION      |  out|    4|       m_axi|                                                                 gmem_out|       pointer|
|m_axi_gmem_out_AWUSER        |  out|    1|       m_axi|                                                                 gmem_out|       pointer|
|m_axi_gmem_out_WVALID        |  out|    1|       m_axi|                                                                 gmem_out|       pointer|
|m_axi_gmem_out_WREADY        |   in|    1|       m_axi|                                                                 gmem_out|       pointer|
|m_axi_gmem_out_WDATA         |  out|   32|       m_axi|                                                                 gmem_out|       pointer|
|m_axi_gmem_out_WSTRB         |  out|    4|       m_axi|                                                                 gmem_out|       pointer|
|m_axi_gmem_out_WLAST         |  out|    1|       m_axi|                                                                 gmem_out|       pointer|
|m_axi_gmem_out_WID           |  out|    1|       m_axi|                                                                 gmem_out|       pointer|
|m_axi_gmem_out_WUSER         |  out|    1|       m_axi|                                                                 gmem_out|       pointer|
|m_axi_gmem_out_ARVALID       |  out|    1|       m_axi|                                                                 gmem_out|       pointer|
|m_axi_gmem_out_ARREADY       |   in|    1|       m_axi|                                                                 gmem_out|       pointer|
|m_axi_gmem_out_ARADDR        |  out|   64|       m_axi|                                                                 gmem_out|       pointer|
|m_axi_gmem_out_ARID          |  out|    1|       m_axi|                                                                 gmem_out|       pointer|
|m_axi_gmem_out_ARLEN         |  out|    8|       m_axi|                                                                 gmem_out|       pointer|
|m_axi_gmem_out_ARSIZE        |  out|    3|       m_axi|                                                                 gmem_out|       pointer|
|m_axi_gmem_out_ARBURST       |  out|    2|       m_axi|                                                                 gmem_out|       pointer|
|m_axi_gmem_out_ARLOCK        |  out|    2|       m_axi|                                                                 gmem_out|       pointer|
|m_axi_gmem_out_ARCACHE       |  out|    4|       m_axi|                                                                 gmem_out|       pointer|
|m_axi_gmem_out_ARPROT        |  out|    3|       m_axi|                                                                 gmem_out|       pointer|
|m_axi_gmem_out_ARQOS         |  out|    4|       m_axi|                                                                 gmem_out|       pointer|
|m_axi_gmem_out_ARREGION      |  out|    4|       m_axi|                                                                 gmem_out|       pointer|
|m_axi_gmem_out_ARUSER        |  out|    1|       m_axi|                                                                 gmem_out|       pointer|
|m_axi_gmem_out_RVALID        |   in|    1|       m_axi|                                                                 gmem_out|       pointer|
|m_axi_gmem_out_RREADY        |  out|    1|       m_axi|                                                                 gmem_out|       pointer|
|m_axi_gmem_out_RDATA         |   in|   32|       m_axi|                                                                 gmem_out|       pointer|
|m_axi_gmem_out_RLAST         |   in|    1|       m_axi|                                                                 gmem_out|       pointer|
|m_axi_gmem_out_RID           |   in|    1|       m_axi|                                                                 gmem_out|       pointer|
|m_axi_gmem_out_RUSER         |   in|    1|       m_axi|                                                                 gmem_out|       pointer|
|m_axi_gmem_out_RRESP         |   in|    2|       m_axi|                                                                 gmem_out|       pointer|
|m_axi_gmem_out_BVALID        |   in|    1|       m_axi|                                                                 gmem_out|       pointer|
|m_axi_gmem_out_BREADY        |  out|    1|       m_axi|                                                                 gmem_out|       pointer|
|m_axi_gmem_out_BRESP         |   in|    2|       m_axi|                                                                 gmem_out|       pointer|
|m_axi_gmem_out_BID           |   in|    1|       m_axi|                                                                 gmem_out|       pointer|
|m_axi_gmem_out_BUSER         |   in|    1|       m_axi|                                                                 gmem_out|       pointer|
+-----------------------------+-----+-----+------------+-------------------------------------------------------------------------+--------------+

