

================================================================
== Vitis HLS Report for 'v_weighted_sum_multik_u55c_kernel_Pipeline_VITIS_LOOP_242_9'
================================================================
* Date:           Wed May  6 11:07:57 2026

* Version:        2022.2 (Build 3670227 on Oct 13 2022)
* Project:        v_weighted_sum_multik_prj
* Solution:       sol1 (Vivado IP Flow Target)
* Product family: virtexuplus
* Target device:  xcu55c-fsvh2892-2L-e


================================================================
== Performance Estimates
================================================================
+ Timing: 
    * Summary: 
    +--------+---------+----------+------------+
    |  Clock |  Target | Estimated| Uncertainty|
    +--------+---------+----------+------------+
    |ap_clk  |  4.00 ns|  2.729 ns|     1.08 ns|
    +--------+---------+----------+------------+

+ Latency: 
    * Summary: 
    +---------+---------+----------+----------+-----+-----+---------+
    |  Latency (cycles) |  Latency (absolute) |  Interval | Pipeline|
    |   min   |   max   |    min   |    max   | min | max |   Type  |
    +---------+---------+----------+----------+-----+-----+---------+
    |      189|      189|  0.756 us|  0.756 us|  189|  189|       no|
    +---------+---------+----------+----------+-----+-----+---------+

    + Detail: 
        * Instance: 
        N/A

        * Loop: 
        +--------------------+---------+---------+----------+-----------+-----------+------+----------+
        |                    |  Latency (cycles) | Iteration|  Initiation Interval  | Trip |          |
        |      Loop Name     |   min   |   max   |  Latency |  achieved |   target  | Count| Pipelined|
        +--------------------+---------+---------+----------+-----------+-----------+------+----------+
        |- VITIS_LOOP_242_9  |      187|      187|       125|          1|          1|    64|       yes|
        +--------------------+---------+---------+----------+-----------+-----------+------+----------+



================================================================
== Utilization Estimates
================================================================
* Summary: 
+---------------------+---------+------+---------+---------+-----+
|         Name        | BRAM_18K|  DSP |    FF   |   LUT   | URAM|
+---------------------+---------+------+---------+---------+-----+
|DSP                  |        -|     -|        -|        -|    -|
|Expression           |        -|     -|        0|       42|    -|
|FIFO                 |        -|     -|        -|        -|    -|
|Instance             |        -|   656|    61552|    39096|    -|
|Memory               |        -|     -|        -|        -|    -|
|Multiplexer          |        -|     -|        -|     4644|    -|
|Register             |        -|     -|    25807|       96|    -|
+---------------------+---------+------+---------+---------+-----+
|Total                |        0|   656|    87359|    43878|    0|
+---------------------+---------+------+---------+---------+-----+
|Available SLR        |     1344|  3008|   869120|   434560|  320|
+---------------------+---------+------+---------+---------+-----+
|Utilization SLR (%)  |        0|    21|       10|       10|    0|
+---------------------+---------+------+---------+---------+-----+
|Available            |     4032|  9024|  2607360|  1303680|  960|
+---------------------+---------+------+---------+---------+-----+
|Utilization (%)      |        0|     7|        3|        3|    0|
+---------------------+---------+------+---------+---------+-----+

+ Detail: 
    * Instance: 
    +--------------------------------------+--------------------------------+---------+----+-----+-----+-----+
    |               Instance               |             Module             | BRAM_18K| DSP|  FF | LUT | URAM|
    +--------------------------------------+--------------------------------+---------+----+-----+-----+-----+
    |fadd_32ns_32ns_32_7_full_dsp_1_U1182  |fadd_32ns_32ns_32_7_full_dsp_1  |        0|   2|  318|  198|    0|
    |fadd_32ns_32ns_32_7_full_dsp_1_U1183  |fadd_32ns_32ns_32_7_full_dsp_1  |        0|   2|  318|  198|    0|
    |fadd_32ns_32ns_32_7_full_dsp_1_U1184  |fadd_32ns_32ns_32_7_full_dsp_1  |        0|   2|  318|  198|    0|
    |fadd_32ns_32ns_32_7_full_dsp_1_U1185  |fadd_32ns_32ns_32_7_full_dsp_1  |        0|   2|  318|  198|    0|
    |fadd_32ns_32ns_32_7_full_dsp_1_U1186  |fadd_32ns_32ns_32_7_full_dsp_1  |        0|   2|  318|  198|    0|
    |fadd_32ns_32ns_32_7_full_dsp_1_U1187  |fadd_32ns_32ns_32_7_full_dsp_1  |        0|   2|  318|  198|    0|
    |fadd_32ns_32ns_32_7_full_dsp_1_U1188  |fadd_32ns_32ns_32_7_full_dsp_1  |        0|   2|  318|  198|    0|
    |fadd_32ns_32ns_32_7_full_dsp_1_U1189  |fadd_32ns_32ns_32_7_full_dsp_1  |        0|   2|  318|  198|    0|
    |fadd_32ns_32ns_32_7_full_dsp_1_U1190  |fadd_32ns_32ns_32_7_full_dsp_1  |        0|   2|  318|  198|    0|
    |fadd_32ns_32ns_32_7_full_dsp_1_U1191  |fadd_32ns_32ns_32_7_full_dsp_1  |        0|   2|  318|  198|    0|
    |fadd_32ns_32ns_32_7_full_dsp_1_U1192  |fadd_32ns_32ns_32_7_full_dsp_1  |        0|   2|  318|  198|    0|
    |fadd_32ns_32ns_32_7_full_dsp_1_U1193  |fadd_32ns_32ns_32_7_full_dsp_1  |        0|   2|  318|  198|    0|
    |fadd_32ns_32ns_32_7_full_dsp_1_U1194  |fadd_32ns_32ns_32_7_full_dsp_1  |        0|   2|  318|  198|    0|
    |fadd_32ns_32ns_32_7_full_dsp_1_U1195  |fadd_32ns_32ns_32_7_full_dsp_1  |        0|   2|  318|  198|    0|
    |fadd_32ns_32ns_32_7_full_dsp_1_U1196  |fadd_32ns_32ns_32_7_full_dsp_1  |        0|   2|  318|  198|    0|
    |fadd_32ns_32ns_32_7_full_dsp_1_U1197  |fadd_32ns_32ns_32_7_full_dsp_1  |        0|   2|  318|  198|    0|
    |fadd_32ns_32ns_32_7_full_dsp_1_U1198  |fadd_32ns_32ns_32_7_full_dsp_1  |        0|   2|  318|  198|    0|
    |fadd_32ns_32ns_32_7_full_dsp_1_U1199  |fadd_32ns_32ns_32_7_full_dsp_1  |        0|   2|  318|  198|    0|
    |fadd_32ns_32ns_32_7_full_dsp_1_U1200  |fadd_32ns_32ns_32_7_full_dsp_1  |        0|   2|  318|  198|    0|
    |fadd_32ns_32ns_32_7_full_dsp_1_U1201  |fadd_32ns_32ns_32_7_full_dsp_1  |        0|   2|  318|  198|    0|
    |fadd_32ns_32ns_32_7_full_dsp_1_U1202  |fadd_32ns_32ns_32_7_full_dsp_1  |        0|   2|  318|  198|    0|
    |fadd_32ns_32ns_32_7_full_dsp_1_U1203  |fadd_32ns_32ns_32_7_full_dsp_1  |        0|   2|  318|  198|    0|
    |fadd_32ns_32ns_32_7_full_dsp_1_U1204  |fadd_32ns_32ns_32_7_full_dsp_1  |        0|   2|  318|  198|    0|
    |fadd_32ns_32ns_32_7_full_dsp_1_U1205  |fadd_32ns_32ns_32_7_full_dsp_1  |        0|   2|  318|  198|    0|
    |fadd_32ns_32ns_32_7_full_dsp_1_U1206  |fadd_32ns_32ns_32_7_full_dsp_1  |        0|   2|  318|  198|    0|
    |fadd_32ns_32ns_32_7_full_dsp_1_U1207  |fadd_32ns_32ns_32_7_full_dsp_1  |        0|   2|  318|  198|    0|
    |fadd_32ns_32ns_32_7_full_dsp_1_U1208  |fadd_32ns_32ns_32_7_full_dsp_1  |        0|   2|  318|  198|    0|
    |fadd_32ns_32ns_32_7_full_dsp_1_U1209  |fadd_32ns_32ns_32_7_full_dsp_1  |        0|   2|  318|  198|    0|
    |fadd_32ns_32ns_32_7_full_dsp_1_U1210  |fadd_32ns_32ns_32_7_full_dsp_1  |        0|   2|  318|  198|    0|
    |fadd_32ns_32ns_32_7_full_dsp_1_U1211  |fadd_32ns_32ns_32_7_full_dsp_1  |        0|   2|  318|  198|    0|
    |fadd_32ns_32ns_32_7_full_dsp_1_U1212  |fadd_32ns_32ns_32_7_full_dsp_1  |        0|   2|  318|  198|    0|
    |fadd_32ns_32ns_32_7_full_dsp_1_U1213  |fadd_32ns_32ns_32_7_full_dsp_1  |        0|   2|  318|  198|    0|
    |fadd_32ns_32ns_32_7_full_dsp_1_U1214  |fadd_32ns_32ns_32_7_full_dsp_1  |        0|   2|  318|  198|    0|
    |fadd_32ns_32ns_32_7_full_dsp_1_U1215  |fadd_32ns_32ns_32_7_full_dsp_1  |        0|   2|  318|  198|    0|
    |fadd_32ns_32ns_32_7_full_dsp_1_U1216  |fadd_32ns_32ns_32_7_full_dsp_1  |        0|   2|  318|  198|    0|
    |fadd_32ns_32ns_32_7_full_dsp_1_U1217  |fadd_32ns_32ns_32_7_full_dsp_1  |        0|   2|  318|  198|    0|
    |fadd_32ns_32ns_32_7_full_dsp_1_U1218  |fadd_32ns_32ns_32_7_full_dsp_1  |        0|   2|  318|  198|    0|
    |fadd_32ns_32ns_32_7_full_dsp_1_U1219  |fadd_32ns_32ns_32_7_full_dsp_1  |        0|   2|  318|  198|    0|
    |fadd_32ns_32ns_32_7_full_dsp_1_U1220  |fadd_32ns_32ns_32_7_full_dsp_1  |        0|   2|  318|  198|    0|
    |fadd_32ns_32ns_32_7_full_dsp_1_U1221  |fadd_32ns_32ns_32_7_full_dsp_1  |        0|   2|  318|  198|    0|
    |fadd_32ns_32ns_32_7_full_dsp_1_U1222  |fadd_32ns_32ns_32_7_full_dsp_1  |        0|   2|  318|  198|    0|
    |fadd_32ns_32ns_32_7_full_dsp_1_U1223  |fadd_32ns_32ns_32_7_full_dsp_1  |        0|   2|  318|  198|    0|
    |fadd_32ns_32ns_32_7_full_dsp_1_U1224  |fadd_32ns_32ns_32_7_full_dsp_1  |        0|   2|  318|  198|    0|
    |fadd_32ns_32ns_32_7_full_dsp_1_U1225  |fadd_32ns_32ns_32_7_full_dsp_1  |        0|   2|  318|  198|    0|
    |fadd_32ns_32ns_32_7_full_dsp_1_U1226  |fadd_32ns_32ns_32_7_full_dsp_1  |        0|   2|  318|  198|    0|
    |fadd_32ns_32ns_32_7_full_dsp_1_U1227  |fadd_32ns_32ns_32_7_full_dsp_1  |        0|   2|  318|  198|    0|
    |fadd_32ns_32ns_32_7_full_dsp_1_U1228  |fadd_32ns_32ns_32_7_full_dsp_1  |        0|   2|  318|  198|    0|
    |fadd_32ns_32ns_32_7_full_dsp_1_U1229  |fadd_32ns_32ns_32_7_full_dsp_1  |        0|   2|  318|  198|    0|
    |fadd_32ns_32ns_32_7_full_dsp_1_U1230  |fadd_32ns_32ns_32_7_full_dsp_1  |        0|   2|  318|  198|    0|
    |fadd_32ns_32ns_32_7_full_dsp_1_U1231  |fadd_32ns_32ns_32_7_full_dsp_1  |        0|   2|  318|  198|    0|
    |fadd_32ns_32ns_32_7_full_dsp_1_U1232  |fadd_32ns_32ns_32_7_full_dsp_1  |        0|   2|  318|  198|    0|
    |fadd_32ns_32ns_32_7_full_dsp_1_U1233  |fadd_32ns_32ns_32_7_full_dsp_1  |        0|   2|  318|  198|    0|
    |fadd_32ns_32ns_32_7_full_dsp_1_U1234  |fadd_32ns_32ns_32_7_full_dsp_1  |        0|   2|  318|  198|    0|
    |fadd_32ns_32ns_32_7_full_dsp_1_U1235  |fadd_32ns_32ns_32_7_full_dsp_1  |        0|   2|  318|  198|    0|
    |fadd_32ns_32ns_32_7_full_dsp_1_U1236  |fadd_32ns_32ns_32_7_full_dsp_1  |        0|   2|  318|  198|    0|
    |fadd_32ns_32ns_32_7_full_dsp_1_U1237  |fadd_32ns_32ns_32_7_full_dsp_1  |        0|   2|  318|  198|    0|
    |fadd_32ns_32ns_32_7_full_dsp_1_U1238  |fadd_32ns_32ns_32_7_full_dsp_1  |        0|   2|  318|  198|    0|
    |fadd_32ns_32ns_32_7_full_dsp_1_U1239  |fadd_32ns_32ns_32_7_full_dsp_1  |        0|   2|  318|  198|    0|
    |fadd_32ns_32ns_32_7_full_dsp_1_U1240  |fadd_32ns_32ns_32_7_full_dsp_1  |        0|   2|  318|  198|    0|
    |fadd_32ns_32ns_32_7_full_dsp_1_U1241  |fadd_32ns_32ns_32_7_full_dsp_1  |        0|   2|  318|  198|    0|
    |fadd_32ns_32ns_32_7_full_dsp_1_U1242  |fadd_32ns_32ns_32_7_full_dsp_1  |        0|   2|  318|  198|    0|
    |fadd_32ns_32ns_32_7_full_dsp_1_U1243  |fadd_32ns_32ns_32_7_full_dsp_1  |        0|   2|  318|  198|    0|
    |fadd_32ns_32ns_32_7_full_dsp_1_U1244  |fadd_32ns_32ns_32_7_full_dsp_1  |        0|   2|  318|  198|    0|
    |fadd_32ns_32ns_32_7_full_dsp_1_U1245  |fadd_32ns_32ns_32_7_full_dsp_1  |        0|   2|  318|  198|    0|
    |fadd_32ns_32ns_32_7_full_dsp_1_U1246  |fadd_32ns_32ns_32_7_full_dsp_1  |        0|   2|  318|  198|    0|
    |fadd_32ns_32ns_32_7_full_dsp_1_U1247  |fadd_32ns_32ns_32_7_full_dsp_1  |        0|   2|  318|  198|    0|
    |fadd_32ns_32ns_32_7_full_dsp_1_U1248  |fadd_32ns_32ns_32_7_full_dsp_1  |        0|   2|  318|  198|    0|
    |fadd_32ns_32ns_32_7_full_dsp_1_U1249  |fadd_32ns_32ns_32_7_full_dsp_1  |        0|   2|  318|  198|    0|
    |fadd_32ns_32ns_32_7_full_dsp_1_U1250  |fadd_32ns_32ns_32_7_full_dsp_1  |        0|   2|  318|  198|    0|
    |fadd_32ns_32ns_32_7_full_dsp_1_U1251  |fadd_32ns_32ns_32_7_full_dsp_1  |        0|   2|  318|  198|    0|
    |fadd_32ns_32ns_32_7_full_dsp_1_U1252  |fadd_32ns_32ns_32_7_full_dsp_1  |        0|   2|  318|  198|    0|
    |fadd_32ns_32ns_32_7_full_dsp_1_U1253  |fadd_32ns_32ns_32_7_full_dsp_1  |        0|   2|  318|  198|    0|
    |fadd_32ns_32ns_32_7_full_dsp_1_U1254  |fadd_32ns_32ns_32_7_full_dsp_1  |        0|   2|  318|  198|    0|
    |fadd_32ns_32ns_32_7_full_dsp_1_U1255  |fadd_32ns_32ns_32_7_full_dsp_1  |        0|   2|  318|  198|    0|
    |fadd_32ns_32ns_32_7_full_dsp_1_U1256  |fadd_32ns_32ns_32_7_full_dsp_1  |        0|   2|  318|  198|    0|
    |fadd_32ns_32ns_32_7_full_dsp_1_U1257  |fadd_32ns_32ns_32_7_full_dsp_1  |        0|   2|  318|  198|    0|
    |fadd_32ns_32ns_32_7_full_dsp_1_U1258  |fadd_32ns_32ns_32_7_full_dsp_1  |        0|   2|  318|  198|    0|
    |fadd_32ns_32ns_32_7_full_dsp_1_U1259  |fadd_32ns_32ns_32_7_full_dsp_1  |        0|   2|  318|  198|    0|
    |fadd_32ns_32ns_32_7_full_dsp_1_U1260  |fadd_32ns_32ns_32_7_full_dsp_1  |        0|   2|  318|  198|    0|
    |fadd_32ns_32ns_32_7_full_dsp_1_U1261  |fadd_32ns_32ns_32_7_full_dsp_1  |        0|   2|  318|  198|    0|
    |fadd_32ns_32ns_32_7_full_dsp_1_U1262  |fadd_32ns_32ns_32_7_full_dsp_1  |        0|   2|  318|  198|    0|
    |fadd_32ns_32ns_32_7_full_dsp_1_U1263  |fadd_32ns_32ns_32_7_full_dsp_1  |        0|   2|  318|  198|    0|
    |fadd_32ns_32ns_32_7_full_dsp_1_U1264  |fadd_32ns_32ns_32_7_full_dsp_1  |        0|   2|  318|  198|    0|
    |fadd_32ns_32ns_32_7_full_dsp_1_U1265  |fadd_32ns_32ns_32_7_full_dsp_1  |        0|   2|  318|  198|    0|
    |fadd_32ns_32ns_32_7_full_dsp_1_U1266  |fadd_32ns_32ns_32_7_full_dsp_1  |        0|   2|  318|  198|    0|
    |fadd_32ns_32ns_32_7_full_dsp_1_U1267  |fadd_32ns_32ns_32_7_full_dsp_1  |        0|   2|  318|  198|    0|
    |fadd_32ns_32ns_32_7_full_dsp_1_U1268  |fadd_32ns_32ns_32_7_full_dsp_1  |        0|   2|  318|  198|    0|
    |fadd_32ns_32ns_32_7_full_dsp_1_U1269  |fadd_32ns_32ns_32_7_full_dsp_1  |        0|   2|  318|  198|    0|
    |fadd_32ns_32ns_32_7_full_dsp_1_U1270  |fadd_32ns_32ns_32_7_full_dsp_1  |        0|   2|  318|  198|    0|
    |fadd_32ns_32ns_32_7_full_dsp_1_U1271  |fadd_32ns_32ns_32_7_full_dsp_1  |        0|   2|  318|  198|    0|
    |fadd_32ns_32ns_32_7_full_dsp_1_U1272  |fadd_32ns_32ns_32_7_full_dsp_1  |        0|   2|  318|  198|    0|
    |fadd_32ns_32ns_32_7_full_dsp_1_U1273  |fadd_32ns_32ns_32_7_full_dsp_1  |        0|   2|  318|  198|    0|
    |fadd_32ns_32ns_32_7_full_dsp_1_U1274  |fadd_32ns_32ns_32_7_full_dsp_1  |        0|   2|  318|  198|    0|
    |fadd_32ns_32ns_32_7_full_dsp_1_U1275  |fadd_32ns_32ns_32_7_full_dsp_1  |        0|   2|  318|  198|    0|
    |fadd_32ns_32ns_32_7_full_dsp_1_U1276  |fadd_32ns_32ns_32_7_full_dsp_1  |        0|   2|  318|  198|    0|
    |fadd_32ns_32ns_32_7_full_dsp_1_U1277  |fadd_32ns_32ns_32_7_full_dsp_1  |        0|   2|  318|  198|    0|
    |fadd_32ns_32ns_32_7_full_dsp_1_U1278  |fadd_32ns_32ns_32_7_full_dsp_1  |        0|   2|  318|  198|    0|
    |fadd_32ns_32ns_32_7_full_dsp_1_U1279  |fadd_32ns_32ns_32_7_full_dsp_1  |        0|   2|  318|  198|    0|
    |fadd_32ns_32ns_32_7_full_dsp_1_U1280  |fadd_32ns_32ns_32_7_full_dsp_1  |        0|   2|  318|  198|    0|
    |fadd_32ns_32ns_32_7_full_dsp_1_U1281  |fadd_32ns_32ns_32_7_full_dsp_1  |        0|   2|  318|  198|    0|
    |fadd_32ns_32ns_32_7_full_dsp_1_U1282  |fadd_32ns_32ns_32_7_full_dsp_1  |        0|   2|  318|  198|    0|
    |fadd_32ns_32ns_32_7_full_dsp_1_U1283  |fadd_32ns_32ns_32_7_full_dsp_1  |        0|   2|  318|  198|    0|
    |fadd_32ns_32ns_32_7_full_dsp_1_U1284  |fadd_32ns_32ns_32_7_full_dsp_1  |        0|   2|  318|  198|    0|
    |fadd_32ns_32ns_32_7_full_dsp_1_U1285  |fadd_32ns_32ns_32_7_full_dsp_1  |        0|   2|  318|  198|    0|
    |fadd_32ns_32ns_32_7_full_dsp_1_U1286  |fadd_32ns_32ns_32_7_full_dsp_1  |        0|   2|  318|  198|    0|
    |fadd_32ns_32ns_32_7_full_dsp_1_U1287  |fadd_32ns_32ns_32_7_full_dsp_1  |        0|   2|  318|  198|    0|
    |fadd_32ns_32ns_32_7_full_dsp_1_U1288  |fadd_32ns_32ns_32_7_full_dsp_1  |        0|   2|  318|  198|    0|
    |fadd_32ns_32ns_32_7_full_dsp_1_U1289  |fadd_32ns_32ns_32_7_full_dsp_1  |        0|   2|  318|  198|    0|
    |fadd_32ns_32ns_32_7_full_dsp_1_U1290  |fadd_32ns_32ns_32_7_full_dsp_1  |        0|   2|  318|  198|    0|
    |fadd_32ns_32ns_32_7_full_dsp_1_U1291  |fadd_32ns_32ns_32_7_full_dsp_1  |        0|   2|  318|  198|    0|
    |fadd_32ns_32ns_32_7_full_dsp_1_U1292  |fadd_32ns_32ns_32_7_full_dsp_1  |        0|   2|  318|  198|    0|
    |fadd_32ns_32ns_32_7_full_dsp_1_U1293  |fadd_32ns_32ns_32_7_full_dsp_1  |        0|   2|  318|  198|    0|
    |fadd_32ns_32ns_32_7_full_dsp_1_U1294  |fadd_32ns_32ns_32_7_full_dsp_1  |        0|   2|  318|  198|    0|
    |fadd_32ns_32ns_32_7_full_dsp_1_U1295  |fadd_32ns_32ns_32_7_full_dsp_1  |        0|   2|  318|  198|    0|
    |fadd_32ns_32ns_32_7_full_dsp_1_U1296  |fadd_32ns_32ns_32_7_full_dsp_1  |        0|   2|  318|  198|    0|
    |fadd_32ns_32ns_32_7_full_dsp_1_U1297  |fadd_32ns_32ns_32_7_full_dsp_1  |        0|   2|  318|  198|    0|
    |fadd_32ns_32ns_32_7_full_dsp_1_U1298  |fadd_32ns_32ns_32_7_full_dsp_1  |        0|   2|  318|  198|    0|
    |fadd_32ns_32ns_32_7_full_dsp_1_U1299  |fadd_32ns_32ns_32_7_full_dsp_1  |        0|   2|  318|  198|    0|
    |fadd_32ns_32ns_32_7_full_dsp_1_U1300  |fadd_32ns_32ns_32_7_full_dsp_1  |        0|   2|  318|  198|    0|
    |fadd_32ns_32ns_32_7_full_dsp_1_U1301  |fadd_32ns_32ns_32_7_full_dsp_1  |        0|   2|  318|  198|    0|
    |fadd_32ns_32ns_32_7_full_dsp_1_U1302  |fadd_32ns_32ns_32_7_full_dsp_1  |        0|   2|  318|  198|    0|
    |fadd_32ns_32ns_32_7_full_dsp_1_U1303  |fadd_32ns_32ns_32_7_full_dsp_1  |        0|   2|  318|  198|    0|
    |fadd_32ns_32ns_32_7_full_dsp_1_U1304  |fadd_32ns_32ns_32_7_full_dsp_1  |        0|   2|  318|  198|    0|
    |fadd_32ns_32ns_32_7_full_dsp_1_U1305  |fadd_32ns_32ns_32_7_full_dsp_1  |        0|   2|  318|  198|    0|
    |fadd_32ns_32ns_32_7_full_dsp_1_U1306  |fadd_32ns_32ns_32_7_full_dsp_1  |        0|   2|  318|  198|    0|
    |fadd_32ns_32ns_32_7_full_dsp_1_U1307  |fadd_32ns_32ns_32_7_full_dsp_1  |        0|   2|  318|  198|    0|
    |fadd_32ns_32ns_32_7_full_dsp_1_U1308  |fadd_32ns_32ns_32_7_full_dsp_1  |        0|   2|  318|  198|    0|
    |fadd_32ns_32ns_32_7_full_dsp_1_U1309  |fadd_32ns_32ns_32_7_full_dsp_1  |        0|   2|  318|  198|    0|
    |fadd_32ns_32ns_32_7_full_dsp_1_U1310  |fadd_32ns_32ns_32_7_full_dsp_1  |        0|   2|  318|  198|    0|
    |fadd_32ns_32ns_32_7_full_dsp_1_U1311  |fadd_32ns_32ns_32_7_full_dsp_1  |        0|   2|  318|  198|    0|
    |fadd_32ns_32ns_32_7_full_dsp_1_U1312  |fadd_32ns_32ns_32_7_full_dsp_1  |        0|   2|  318|  198|    0|
    |fadd_32ns_32ns_32_7_full_dsp_1_U1313  |fadd_32ns_32ns_32_7_full_dsp_1  |        0|   2|  318|  198|    0|
    |fadd_32ns_32ns_32_7_full_dsp_1_U1314  |fadd_32ns_32ns_32_7_full_dsp_1  |        0|   2|  318|  198|    0|
    |fadd_32ns_32ns_32_7_full_dsp_1_U1315  |fadd_32ns_32ns_32_7_full_dsp_1  |        0|   2|  318|  198|    0|
    |fadd_32ns_32ns_32_7_full_dsp_1_U1316  |fadd_32ns_32ns_32_7_full_dsp_1  |        0|   2|  318|  198|    0|
    |fadd_32ns_32ns_32_7_full_dsp_1_U1317  |fadd_32ns_32ns_32_7_full_dsp_1  |        0|   2|  318|  198|    0|
    |fmul_32ns_32ns_32_4_max_dsp_1_U1318   |fmul_32ns_32ns_32_4_max_dsp_1   |        0|   3|  143|   78|    0|
    |fmul_32ns_32ns_32_4_max_dsp_1_U1319   |fmul_32ns_32ns_32_4_max_dsp_1   |        0|   3|  143|   78|    0|
    |fmul_32ns_32ns_32_4_max_dsp_1_U1320   |fmul_32ns_32ns_32_4_max_dsp_1   |        0|   3|  143|   78|    0|
    |fmul_32ns_32ns_32_4_max_dsp_1_U1321   |fmul_32ns_32ns_32_4_max_dsp_1   |        0|   3|  143|   78|    0|
    |fmul_32ns_32ns_32_4_max_dsp_1_U1322   |fmul_32ns_32ns_32_4_max_dsp_1   |        0|   3|  143|   78|    0|
    |fmul_32ns_32ns_32_4_max_dsp_1_U1323   |fmul_32ns_32ns_32_4_max_dsp_1   |        0|   3|  143|   78|    0|
    |fmul_32ns_32ns_32_4_max_dsp_1_U1324   |fmul_32ns_32ns_32_4_max_dsp_1   |        0|   3|  143|   78|    0|
    |fmul_32ns_32ns_32_4_max_dsp_1_U1325   |fmul_32ns_32ns_32_4_max_dsp_1   |        0|   3|  143|   78|    0|
    |fmul_32ns_32ns_32_4_max_dsp_1_U1326   |fmul_32ns_32ns_32_4_max_dsp_1   |        0|   3|  143|   78|    0|
    |fmul_32ns_32ns_32_4_max_dsp_1_U1327   |fmul_32ns_32ns_32_4_max_dsp_1   |        0|   3|  143|   78|    0|
    |fmul_32ns_32ns_32_4_max_dsp_1_U1328   |fmul_32ns_32ns_32_4_max_dsp_1   |        0|   3|  143|   78|    0|
    |fmul_32ns_32ns_32_4_max_dsp_1_U1329   |fmul_32ns_32ns_32_4_max_dsp_1   |        0|   3|  143|   78|    0|
    |fmul_32ns_32ns_32_4_max_dsp_1_U1330   |fmul_32ns_32ns_32_4_max_dsp_1   |        0|   3|  143|   78|    0|
    |fmul_32ns_32ns_32_4_max_dsp_1_U1331   |fmul_32ns_32ns_32_4_max_dsp_1   |        0|   3|  143|   78|    0|
    |fmul_32ns_32ns_32_4_max_dsp_1_U1332   |fmul_32ns_32ns_32_4_max_dsp_1   |        0|   3|  143|   78|    0|
    |fmul_32ns_32ns_32_4_max_dsp_1_U1333   |fmul_32ns_32ns_32_4_max_dsp_1   |        0|   3|  143|   78|    0|
    |fmul_32ns_32ns_32_4_max_dsp_1_U1334   |fmul_32ns_32ns_32_4_max_dsp_1   |        0|   3|  143|   78|    0|
    |fmul_32ns_32ns_32_4_max_dsp_1_U1335   |fmul_32ns_32ns_32_4_max_dsp_1   |        0|   3|  143|   78|    0|
    |fmul_32ns_32ns_32_4_max_dsp_1_U1336   |fmul_32ns_32ns_32_4_max_dsp_1   |        0|   3|  143|   78|    0|
    |fmul_32ns_32ns_32_4_max_dsp_1_U1337   |fmul_32ns_32ns_32_4_max_dsp_1   |        0|   3|  143|   78|    0|
    |fmul_32ns_32ns_32_4_max_dsp_1_U1338   |fmul_32ns_32ns_32_4_max_dsp_1   |        0|   3|  143|   78|    0|
    |fmul_32ns_32ns_32_4_max_dsp_1_U1339   |fmul_32ns_32ns_32_4_max_dsp_1   |        0|   3|  143|   78|    0|
    |fmul_32ns_32ns_32_4_max_dsp_1_U1340   |fmul_32ns_32ns_32_4_max_dsp_1   |        0|   3|  143|   78|    0|
    |fmul_32ns_32ns_32_4_max_dsp_1_U1341   |fmul_32ns_32ns_32_4_max_dsp_1   |        0|   3|  143|   78|    0|
    |fmul_32ns_32ns_32_4_max_dsp_1_U1342   |fmul_32ns_32ns_32_4_max_dsp_1   |        0|   3|  143|   78|    0|
    |fmul_32ns_32ns_32_4_max_dsp_1_U1343   |fmul_32ns_32ns_32_4_max_dsp_1   |        0|   3|  143|   78|    0|
    |fmul_32ns_32ns_32_4_max_dsp_1_U1344   |fmul_32ns_32ns_32_4_max_dsp_1   |        0|   3|  143|   78|    0|
    |fmul_32ns_32ns_32_4_max_dsp_1_U1345   |fmul_32ns_32ns_32_4_max_dsp_1   |        0|   3|  143|   78|    0|
    |fmul_32ns_32ns_32_4_max_dsp_1_U1346   |fmul_32ns_32ns_32_4_max_dsp_1   |        0|   3|  143|   78|    0|
    |fmul_32ns_32ns_32_4_max_dsp_1_U1347   |fmul_32ns_32ns_32_4_max_dsp_1   |        0|   3|  143|   78|    0|
    |fmul_32ns_32ns_32_4_max_dsp_1_U1348   |fmul_32ns_32ns_32_4_max_dsp_1   |        0|   3|  143|   78|    0|
    |fmul_32ns_32ns_32_4_max_dsp_1_U1349   |fmul_32ns_32ns_32_4_max_dsp_1   |        0|   3|  143|   78|    0|
    |fmul_32ns_32ns_32_4_max_dsp_1_U1350   |fmul_32ns_32ns_32_4_max_dsp_1   |        0|   3|  143|   78|    0|
    |fmul_32ns_32ns_32_4_max_dsp_1_U1351   |fmul_32ns_32ns_32_4_max_dsp_1   |        0|   3|  143|   78|    0|
    |fmul_32ns_32ns_32_4_max_dsp_1_U1352   |fmul_32ns_32ns_32_4_max_dsp_1   |        0|   3|  143|   78|    0|
    |fmul_32ns_32ns_32_4_max_dsp_1_U1353   |fmul_32ns_32ns_32_4_max_dsp_1   |        0|   3|  143|   78|    0|
    |fmul_32ns_32ns_32_4_max_dsp_1_U1354   |fmul_32ns_32ns_32_4_max_dsp_1   |        0|   3|  143|   78|    0|
    |fmul_32ns_32ns_32_4_max_dsp_1_U1355   |fmul_32ns_32ns_32_4_max_dsp_1   |        0|   3|  143|   78|    0|
    |fmul_32ns_32ns_32_4_max_dsp_1_U1356   |fmul_32ns_32ns_32_4_max_dsp_1   |        0|   3|  143|   78|    0|
    |fmul_32ns_32ns_32_4_max_dsp_1_U1357   |fmul_32ns_32ns_32_4_max_dsp_1   |        0|   3|  143|   78|    0|
    |fmul_32ns_32ns_32_4_max_dsp_1_U1358   |fmul_32ns_32ns_32_4_max_dsp_1   |        0|   3|  143|   78|    0|
    |fmul_32ns_32ns_32_4_max_dsp_1_U1359   |fmul_32ns_32ns_32_4_max_dsp_1   |        0|   3|  143|   78|    0|
    |fmul_32ns_32ns_32_4_max_dsp_1_U1360   |fmul_32ns_32ns_32_4_max_dsp_1   |        0|   3|  143|   78|    0|
    |fmul_32ns_32ns_32_4_max_dsp_1_U1361   |fmul_32ns_32ns_32_4_max_dsp_1   |        0|   3|  143|   78|    0|
    |fmul_32ns_32ns_32_4_max_dsp_1_U1362   |fmul_32ns_32ns_32_4_max_dsp_1   |        0|   3|  143|   78|    0|
    |fmul_32ns_32ns_32_4_max_dsp_1_U1363   |fmul_32ns_32ns_32_4_max_dsp_1   |        0|   3|  143|   78|    0|
    |fmul_32ns_32ns_32_4_max_dsp_1_U1364   |fmul_32ns_32ns_32_4_max_dsp_1   |        0|   3|  143|   78|    0|
    |fmul_32ns_32ns_32_4_max_dsp_1_U1365   |fmul_32ns_32ns_32_4_max_dsp_1   |        0|   3|  143|   78|    0|
    |fmul_32ns_32ns_32_4_max_dsp_1_U1366   |fmul_32ns_32ns_32_4_max_dsp_1   |        0|   3|  143|   78|    0|
    |fmul_32ns_32ns_32_4_max_dsp_1_U1367   |fmul_32ns_32ns_32_4_max_dsp_1   |        0|   3|  143|   78|    0|
    |fmul_32ns_32ns_32_4_max_dsp_1_U1368   |fmul_32ns_32ns_32_4_max_dsp_1   |        0|   3|  143|   78|    0|
    |fmul_32ns_32ns_32_4_max_dsp_1_U1369   |fmul_32ns_32ns_32_4_max_dsp_1   |        0|   3|  143|   78|    0|
    |fmul_32ns_32ns_32_4_max_dsp_1_U1370   |fmul_32ns_32ns_32_4_max_dsp_1   |        0|   3|  143|   78|    0|
    |fmul_32ns_32ns_32_4_max_dsp_1_U1371   |fmul_32ns_32ns_32_4_max_dsp_1   |        0|   3|  143|   78|    0|
    |fmul_32ns_32ns_32_4_max_dsp_1_U1372   |fmul_32ns_32ns_32_4_max_dsp_1   |        0|   3|  143|   78|    0|
    |fmul_32ns_32ns_32_4_max_dsp_1_U1373   |fmul_32ns_32ns_32_4_max_dsp_1   |        0|   3|  143|   78|    0|
    |fmul_32ns_32ns_32_4_max_dsp_1_U1374   |fmul_32ns_32ns_32_4_max_dsp_1   |        0|   3|  143|   78|    0|
    |fmul_32ns_32ns_32_4_max_dsp_1_U1375   |fmul_32ns_32ns_32_4_max_dsp_1   |        0|   3|  143|   78|    0|
    |fmul_32ns_32ns_32_4_max_dsp_1_U1376   |fmul_32ns_32ns_32_4_max_dsp_1   |        0|   3|  143|   78|    0|
    |fmul_32ns_32ns_32_4_max_dsp_1_U1377   |fmul_32ns_32ns_32_4_max_dsp_1   |        0|   3|  143|   78|    0|
    |fmul_32ns_32ns_32_4_max_dsp_1_U1378   |fmul_32ns_32ns_32_4_max_dsp_1   |        0|   3|  143|   78|    0|
    |fmul_32ns_32ns_32_4_max_dsp_1_U1379   |fmul_32ns_32ns_32_4_max_dsp_1   |        0|   3|  143|   78|    0|
    |fmul_32ns_32ns_32_4_max_dsp_1_U1380   |fmul_32ns_32ns_32_4_max_dsp_1   |        0|   3|  143|   78|    0|
    |fmul_32ns_32ns_32_4_max_dsp_1_U1381   |fmul_32ns_32ns_32_4_max_dsp_1   |        0|   3|  143|   78|    0|
    |fmul_32ns_32ns_32_4_max_dsp_1_U1382   |fmul_32ns_32ns_32_4_max_dsp_1   |        0|   3|  143|   78|    0|
    |fmul_32ns_32ns_32_4_max_dsp_1_U1383   |fmul_32ns_32ns_32_4_max_dsp_1   |        0|   3|  143|   78|    0|
    |fmul_32ns_32ns_32_4_max_dsp_1_U1384   |fmul_32ns_32ns_32_4_max_dsp_1   |        0|   3|  143|   78|    0|
    |fmul_32ns_32ns_32_4_max_dsp_1_U1385   |fmul_32ns_32ns_32_4_max_dsp_1   |        0|   3|  143|   78|    0|
    |fmul_32ns_32ns_32_4_max_dsp_1_U1386   |fmul_32ns_32ns_32_4_max_dsp_1   |        0|   3|  143|   78|    0|
    |fmul_32ns_32ns_32_4_max_dsp_1_U1387   |fmul_32ns_32ns_32_4_max_dsp_1   |        0|   3|  143|   78|    0|
    |fmul_32ns_32ns_32_4_max_dsp_1_U1388   |fmul_32ns_32ns_32_4_max_dsp_1   |        0|   3|  143|   78|    0|
    |fmul_32ns_32ns_32_4_max_dsp_1_U1389   |fmul_32ns_32ns_32_4_max_dsp_1   |        0|   3|  143|   78|    0|
    |fmul_32ns_32ns_32_4_max_dsp_1_U1390   |fmul_32ns_32ns_32_4_max_dsp_1   |        0|   3|  143|   78|    0|
    |fmul_32ns_32ns_32_4_max_dsp_1_U1391   |fmul_32ns_32ns_32_4_max_dsp_1   |        0|   3|  143|   78|    0|
    |fmul_32ns_32ns_32_4_max_dsp_1_U1392   |fmul_32ns_32ns_32_4_max_dsp_1   |        0|   3|  143|   78|    0|
    |fmul_32ns_32ns_32_4_max_dsp_1_U1393   |fmul_32ns_32ns_32_4_max_dsp_1   |        0|   3|  143|   78|    0|
    |fmul_32ns_32ns_32_4_max_dsp_1_U1394   |fmul_32ns_32ns_32_4_max_dsp_1   |        0|   3|  143|   78|    0|
    |fmul_32ns_32ns_32_4_max_dsp_1_U1395   |fmul_32ns_32ns_32_4_max_dsp_1   |        0|   3|  143|   78|    0|
    |fmul_32ns_32ns_32_4_max_dsp_1_U1396   |fmul_32ns_32ns_32_4_max_dsp_1   |        0|   3|  143|   78|    0|
    |fmul_32ns_32ns_32_4_max_dsp_1_U1397   |fmul_32ns_32ns_32_4_max_dsp_1   |        0|   3|  143|   78|    0|
    |fmul_32ns_32ns_32_4_max_dsp_1_U1398   |fmul_32ns_32ns_32_4_max_dsp_1   |        0|   3|  143|   78|    0|
    |fmul_32ns_32ns_32_4_max_dsp_1_U1399   |fmul_32ns_32ns_32_4_max_dsp_1   |        0|   3|  143|   78|    0|
    |fmul_32ns_32ns_32_4_max_dsp_1_U1400   |fmul_32ns_32ns_32_4_max_dsp_1   |        0|   3|  143|   78|    0|
    |fmul_32ns_32ns_32_4_max_dsp_1_U1401   |fmul_32ns_32ns_32_4_max_dsp_1   |        0|   3|  143|   78|    0|
    |fmul_32ns_32ns_32_4_max_dsp_1_U1402   |fmul_32ns_32ns_32_4_max_dsp_1   |        0|   3|  143|   78|    0|
    |fmul_32ns_32ns_32_4_max_dsp_1_U1403   |fmul_32ns_32ns_32_4_max_dsp_1   |        0|   3|  143|   78|    0|
    |fmul_32ns_32ns_32_4_max_dsp_1_U1404   |fmul_32ns_32ns_32_4_max_dsp_1   |        0|   3|  143|   78|    0|
    |fmul_32ns_32ns_32_4_max_dsp_1_U1405   |fmul_32ns_32ns_32_4_max_dsp_1   |        0|   3|  143|   78|    0|
    |fmul_32ns_32ns_32_4_max_dsp_1_U1406   |fmul_32ns_32ns_32_4_max_dsp_1   |        0|   3|  143|   78|    0|
    |fmul_32ns_32ns_32_4_max_dsp_1_U1407   |fmul_32ns_32ns_32_4_max_dsp_1   |        0|   3|  143|   78|    0|
    |fmul_32ns_32ns_32_4_max_dsp_1_U1408   |fmul_32ns_32ns_32_4_max_dsp_1   |        0|   3|  143|   78|    0|
    |fmul_32ns_32ns_32_4_max_dsp_1_U1409   |fmul_32ns_32ns_32_4_max_dsp_1   |        0|   3|  143|   78|    0|
    |fmul_32ns_32ns_32_4_max_dsp_1_U1410   |fmul_32ns_32ns_32_4_max_dsp_1   |        0|   3|  143|   78|    0|
    |fmul_32ns_32ns_32_4_max_dsp_1_U1411   |fmul_32ns_32ns_32_4_max_dsp_1   |        0|   3|  143|   78|    0|
    |fmul_32ns_32ns_32_4_max_dsp_1_U1412   |fmul_32ns_32ns_32_4_max_dsp_1   |        0|   3|  143|   78|    0|
    |fmul_32ns_32ns_32_4_max_dsp_1_U1413   |fmul_32ns_32ns_32_4_max_dsp_1   |        0|   3|  143|   78|    0|
    |fmul_32ns_32ns_32_4_max_dsp_1_U1414   |fmul_32ns_32ns_32_4_max_dsp_1   |        0|   3|  143|   78|    0|
    |fmul_32ns_32ns_32_4_max_dsp_1_U1415   |fmul_32ns_32ns_32_4_max_dsp_1   |        0|   3|  143|   78|    0|
    |fmul_32ns_32ns_32_4_max_dsp_1_U1416   |fmul_32ns_32ns_32_4_max_dsp_1   |        0|   3|  143|   78|    0|
    |fmul_32ns_32ns_32_4_max_dsp_1_U1417   |fmul_32ns_32ns_32_4_max_dsp_1   |        0|   3|  143|   78|    0|
    |fmul_32ns_32ns_32_4_max_dsp_1_U1418   |fmul_32ns_32ns_32_4_max_dsp_1   |        0|   3|  143|   78|    0|
    |fmul_32ns_32ns_32_4_max_dsp_1_U1419   |fmul_32ns_32ns_32_4_max_dsp_1   |        0|   3|  143|   78|    0|
    |fmul_32ns_32ns_32_4_max_dsp_1_U1420   |fmul_32ns_32ns_32_4_max_dsp_1   |        0|   3|  143|   78|    0|
    |fmul_32ns_32ns_32_4_max_dsp_1_U1421   |fmul_32ns_32ns_32_4_max_dsp_1   |        0|   3|  143|   78|    0|
    |fmul_32ns_32ns_32_4_max_dsp_1_U1422   |fmul_32ns_32ns_32_4_max_dsp_1   |        0|   3|  143|   78|    0|
    |fmul_32ns_32ns_32_4_max_dsp_1_U1423   |fmul_32ns_32ns_32_4_max_dsp_1   |        0|   3|  143|   78|    0|
    |fmul_32ns_32ns_32_4_max_dsp_1_U1424   |fmul_32ns_32ns_32_4_max_dsp_1   |        0|   3|  143|   78|    0|
    |fmul_32ns_32ns_32_4_max_dsp_1_U1425   |fmul_32ns_32ns_32_4_max_dsp_1   |        0|   3|  143|   78|    0|
    |fmul_32ns_32ns_32_4_max_dsp_1_U1426   |fmul_32ns_32ns_32_4_max_dsp_1   |        0|   3|  143|   78|    0|
    |fmul_32ns_32ns_32_4_max_dsp_1_U1427   |fmul_32ns_32ns_32_4_max_dsp_1   |        0|   3|  143|   78|    0|
    |fmul_32ns_32ns_32_4_max_dsp_1_U1428   |fmul_32ns_32ns_32_4_max_dsp_1   |        0|   3|  143|   78|    0|
    |fmul_32ns_32ns_32_4_max_dsp_1_U1429   |fmul_32ns_32ns_32_4_max_dsp_1   |        0|   3|  143|   78|    0|
    |fmul_32ns_32ns_32_4_max_dsp_1_U1430   |fmul_32ns_32ns_32_4_max_dsp_1   |        0|   3|  143|   78|    0|
    |fmul_32ns_32ns_32_4_max_dsp_1_U1431   |fmul_32ns_32ns_32_4_max_dsp_1   |        0|   3|  143|   78|    0|
    |fmul_32ns_32ns_32_4_max_dsp_1_U1432   |fmul_32ns_32ns_32_4_max_dsp_1   |        0|   3|  143|   78|    0|
    |fmul_32ns_32ns_32_4_max_dsp_1_U1433   |fmul_32ns_32ns_32_4_max_dsp_1   |        0|   3|  143|   78|    0|
    |fmul_32ns_32ns_32_4_max_dsp_1_U1434   |fmul_32ns_32ns_32_4_max_dsp_1   |        0|   3|  143|   78|    0|
    |fmul_32ns_32ns_32_4_max_dsp_1_U1435   |fmul_32ns_32ns_32_4_max_dsp_1   |        0|   3|  143|   78|    0|
    |fmul_32ns_32ns_32_4_max_dsp_1_U1436   |fmul_32ns_32ns_32_4_max_dsp_1   |        0|   3|  143|   78|    0|
    |fmul_32ns_32ns_32_4_max_dsp_1_U1437   |fmul_32ns_32ns_32_4_max_dsp_1   |        0|   3|  143|   78|    0|
    |fmul_32ns_32ns_32_4_max_dsp_1_U1438   |fmul_32ns_32ns_32_4_max_dsp_1   |        0|   3|  143|   78|    0|
    |fmul_32ns_32ns_32_4_max_dsp_1_U1439   |fmul_32ns_32ns_32_4_max_dsp_1   |        0|   3|  143|   78|    0|
    |fmul_32ns_32ns_32_4_max_dsp_1_U1440   |fmul_32ns_32ns_32_4_max_dsp_1   |        0|   3|  143|   78|    0|
    |fmul_32ns_32ns_32_4_max_dsp_1_U1441   |fmul_32ns_32ns_32_4_max_dsp_1   |        0|   3|  143|   78|    0|
    |fmul_32ns_32ns_32_4_max_dsp_1_U1442   |fmul_32ns_32ns_32_4_max_dsp_1   |        0|   3|  143|   78|    0|
    |fmul_32ns_32ns_32_4_max_dsp_1_U1443   |fmul_32ns_32ns_32_4_max_dsp_1   |        0|   3|  143|   78|    0|
    |fmul_32ns_32ns_32_4_max_dsp_1_U1444   |fmul_32ns_32ns_32_4_max_dsp_1   |        0|   3|  143|   78|    0|
    |fmul_32ns_32ns_32_4_max_dsp_1_U1445   |fmul_32ns_32ns_32_4_max_dsp_1   |        0|   3|  143|   78|    0|
    |mux_646_32_1_1_U1446                  |mux_646_32_1_1                  |        0|   0|    0|  273|    0|
    |mux_646_32_1_1_U1447                  |mux_646_32_1_1                  |        0|   0|    0|  273|    0|
    |mux_646_32_1_1_U1448                  |mux_646_32_1_1                  |        0|   0|    0|  273|    0|
    |mux_646_32_1_1_U1449                  |mux_646_32_1_1                  |        0|   0|    0|  273|    0|
    |mux_646_32_1_1_U1450                  |mux_646_32_1_1                  |        0|   0|    0|  273|    0|
    |mux_646_32_1_1_U1451                  |mux_646_32_1_1                  |        0|   0|    0|  273|    0|
    |mux_646_32_1_1_U1452                  |mux_646_32_1_1                  |        0|   0|    0|  273|    0|
    |mux_646_32_1_1_U1453                  |mux_646_32_1_1                  |        0|   0|    0|  273|    0|
    +--------------------------------------+--------------------------------+---------+----+-----+-----+-----+
    |Total                                 |                                |        0| 656|61552|39096|    0|
    +--------------------------------------+--------------------------------+---------+----+-----+-----+-----+

    * DSP: 
    N/A

    * Memory: 
    N/A

    * FIFO: 
    N/A

    * Expression: 
    +------------------------+----------+----+---+----+------------+------------+
    |      Variable Name     | Operation| DSP| FF| LUT| Bitwidth P0| Bitwidth P1|
    +------------------------+----------+----+---+----+------------+------------+
    |add_ln242_fu_19922_p2   |         +|   0|  0|  14|           7|           1|
    |add_ln250_fu_19932_p2   |         +|   0|  0|  15|           8|           8|
    |icmp_ln242_fu_19916_p2  |      icmp|   0|  0|  11|           7|           8|
    |ap_enable_pp0           |       xor|   0|  0|   2|           1|           2|
    +------------------------+----------+----+---+----+------------+------------+
    |Total                   |          |   0|  0|  42|          23|          19|
    +------------------------+----------+----+---+----+------------+------------+

    * Multiplexer: 
    +-------------------------+----+-----------+-----+-----------+
    |           Name          | LUT| Input Size| Bits| Total Bits|
    +-------------------------+----+-----------+-----+-----------+
    |acc_next_100_fu_3926     |   9|          2|   32|         64|
    |acc_next_101_fu_3930     |   9|          2|   32|         64|
    |acc_next_102_fu_3934     |   9|          2|   32|         64|
    |acc_next_103_fu_3938     |   9|          2|   32|         64|
    |acc_next_104_fu_3942     |   9|          2|   32|         64|
    |acc_next_105_fu_3946     |   9|          2|   32|         64|
    |acc_next_106_fu_3950     |   9|          2|   32|         64|
    |acc_next_107_fu_3954     |   9|          2|   32|         64|
    |acc_next_108_fu_3958     |   9|          2|   32|         64|
    |acc_next_109_fu_3962     |   9|          2|   32|         64|
    |acc_next_10_fu_3566      |   9|          2|   32|         64|
    |acc_next_110_fu_3966     |   9|          2|   32|         64|
    |acc_next_111_fu_3970     |   9|          2|   32|         64|
    |acc_next_112_fu_3974     |   9|          2|   32|         64|
    |acc_next_113_fu_3978     |   9|          2|   32|         64|
    |acc_next_114_fu_3982     |   9|          2|   32|         64|
    |acc_next_115_fu_3986     |   9|          2|   32|         64|
    |acc_next_116_fu_3990     |   9|          2|   32|         64|
    |acc_next_117_fu_3994     |   9|          2|   32|         64|
    |acc_next_118_fu_3998     |   9|          2|   32|         64|
    |acc_next_119_fu_4002     |   9|          2|   32|         64|
    |acc_next_11_fu_3570      |   9|          2|   32|         64|
    |acc_next_120_fu_4006     |   9|          2|   32|         64|
    |acc_next_121_fu_4010     |   9|          2|   32|         64|
    |acc_next_122_fu_4014     |   9|          2|   32|         64|
    |acc_next_123_fu_4018     |   9|          2|   32|         64|
    |acc_next_124_fu_4022     |   9|          2|   32|         64|
    |acc_next_125_fu_4026     |   9|          2|   32|         64|
    |acc_next_126_fu_4030     |   9|          2|   32|         64|
    |acc_next_127_fu_4034     |   9|          2|   32|         64|
    |acc_next_128_fu_4038     |   9|          2|   32|         64|
    |acc_next_129_fu_4042     |   9|          2|   32|         64|
    |acc_next_12_fu_3574      |   9|          2|   32|         64|
    |acc_next_130_fu_4046     |   9|          2|   32|         64|
    |acc_next_131_fu_4050     |   9|          2|   32|         64|
    |acc_next_132_fu_4054     |   9|          2|   32|         64|
    |acc_next_133_fu_4058     |   9|          2|   32|         64|
    |acc_next_134_fu_4062     |   9|          2|   32|         64|
    |acc_next_135_fu_4066     |   9|          2|   32|         64|
    |acc_next_136_fu_4070     |   9|          2|   32|         64|
    |acc_next_137_fu_4074     |   9|          2|   32|         64|
    |acc_next_138_fu_4078     |   9|          2|   32|         64|
    |acc_next_139_fu_4082     |   9|          2|   32|         64|
    |acc_next_13_fu_3578      |   9|          2|   32|         64|
    |acc_next_140_fu_4086     |   9|          2|   32|         64|
    |acc_next_141_fu_4090     |   9|          2|   32|         64|
    |acc_next_142_fu_4094     |   9|          2|   32|         64|
    |acc_next_143_fu_4098     |   9|          2|   32|         64|
    |acc_next_144_fu_4102     |   9|          2|   32|         64|
    |acc_next_145_fu_4106     |   9|          2|   32|         64|
    |acc_next_146_fu_4110     |   9|          2|   32|         64|
    |acc_next_147_fu_4114     |   9|          2|   32|         64|
    |acc_next_148_fu_4118     |   9|          2|   32|         64|
    |acc_next_149_fu_4122     |   9|          2|   32|         64|
    |acc_next_14_fu_3582      |   9|          2|   32|         64|
    |acc_next_150_fu_4126     |   9|          2|   32|         64|
    |acc_next_151_fu_4130     |   9|          2|   32|         64|
    |acc_next_152_fu_4134     |   9|          2|   32|         64|
    |acc_next_153_fu_4138     |   9|          2|   32|         64|
    |acc_next_154_fu_4142     |   9|          2|   32|         64|
    |acc_next_155_fu_4146     |   9|          2|   32|         64|
    |acc_next_156_fu_4150     |   9|          2|   32|         64|
    |acc_next_157_fu_4154     |   9|          2|   32|         64|
    |acc_next_158_fu_4158     |   9|          2|   32|         64|
    |acc_next_159_fu_4162     |   9|          2|   32|         64|
    |acc_next_15_fu_3586      |   9|          2|   32|         64|
    |acc_next_160_fu_4166     |   9|          2|   32|         64|
    |acc_next_161_fu_4170     |   9|          2|   32|         64|
    |acc_next_162_fu_4174     |   9|          2|   32|         64|
    |acc_next_163_fu_4178     |   9|          2|   32|         64|
    |acc_next_164_fu_4182     |   9|          2|   32|         64|
    |acc_next_165_fu_4186     |   9|          2|   32|         64|
    |acc_next_166_fu_4190     |   9|          2|   32|         64|
    |acc_next_167_fu_4194     |   9|          2|   32|         64|
    |acc_next_168_fu_4198     |   9|          2|   32|         64|
    |acc_next_169_fu_4202     |   9|          2|   32|         64|
    |acc_next_16_fu_3590      |   9|          2|   32|         64|
    |acc_next_170_fu_4206     |   9|          2|   32|         64|
    |acc_next_171_fu_4210     |   9|          2|   32|         64|
    |acc_next_172_fu_4214     |   9|          2|   32|         64|
    |acc_next_173_fu_4218     |   9|          2|   32|         64|
    |acc_next_174_fu_4222     |   9|          2|   32|         64|
    |acc_next_175_fu_4226     |   9|          2|   32|         64|
    |acc_next_176_fu_4230     |   9|          2|   32|         64|
    |acc_next_177_fu_4234     |   9|          2|   32|         64|
    |acc_next_178_fu_4238     |   9|          2|   32|         64|
    |acc_next_179_fu_4242     |   9|          2|   32|         64|
    |acc_next_17_fu_3594      |   9|          2|   32|         64|
    |acc_next_180_fu_4246     |   9|          2|   32|         64|
    |acc_next_181_fu_4250     |   9|          2|   32|         64|
    |acc_next_182_fu_4254     |   9|          2|   32|         64|
    |acc_next_183_fu_4258     |   9|          2|   32|         64|
    |acc_next_184_fu_4262     |   9|          2|   32|         64|
    |acc_next_185_fu_4266     |   9|          2|   32|         64|
    |acc_next_186_fu_4270     |   9|          2|   32|         64|
    |acc_next_187_fu_4274     |   9|          2|   32|         64|
    |acc_next_188_fu_4278     |   9|          2|   32|         64|
    |acc_next_189_fu_4282     |   9|          2|   32|         64|
    |acc_next_18_fu_3598      |   9|          2|   32|         64|
    |acc_next_190_fu_4286     |   9|          2|   32|         64|
    |acc_next_191_fu_4290     |   9|          2|   32|         64|
    |acc_next_192_fu_4294     |   9|          2|   32|         64|
    |acc_next_193_fu_4298     |   9|          2|   32|         64|
    |acc_next_194_fu_4302     |   9|          2|   32|         64|
    |acc_next_195_fu_4306     |   9|          2|   32|         64|
    |acc_next_196_fu_4310     |   9|          2|   32|         64|
    |acc_next_197_fu_4314     |   9|          2|   32|         64|
    |acc_next_198_fu_4318     |   9|          2|   32|         64|
    |acc_next_199_fu_4322     |   9|          2|   32|         64|
    |acc_next_19_fu_3602      |   9|          2|   32|         64|
    |acc_next_1_fu_3530       |   9|          2|   32|         64|
    |acc_next_200_fu_4326     |   9|          2|   32|         64|
    |acc_next_201_fu_4330     |   9|          2|   32|         64|
    |acc_next_202_fu_4334     |   9|          2|   32|         64|
    |acc_next_203_fu_4338     |   9|          2|   32|         64|
    |acc_next_204_fu_4342     |   9|          2|   32|         64|
    |acc_next_205_fu_4346     |   9|          2|   32|         64|
    |acc_next_206_fu_4350     |   9|          2|   32|         64|
    |acc_next_207_fu_4354     |   9|          2|   32|         64|
    |acc_next_208_fu_4358     |   9|          2|   32|         64|
    |acc_next_209_fu_4362     |   9|          2|   32|         64|
    |acc_next_20_fu_3606      |   9|          2|   32|         64|
    |acc_next_210_fu_4366     |   9|          2|   32|         64|
    |acc_next_211_fu_4370     |   9|          2|   32|         64|
    |acc_next_212_fu_4374     |   9|          2|   32|         64|
    |acc_next_213_fu_4378     |   9|          2|   32|         64|
    |acc_next_214_fu_4382     |   9|          2|   32|         64|
    |acc_next_215_fu_4386     |   9|          2|   32|         64|
    |acc_next_216_fu_4390     |   9|          2|   32|         64|
    |acc_next_217_fu_4394     |   9|          2|   32|         64|
    |acc_next_218_fu_4398     |   9|          2|   32|         64|
    |acc_next_219_fu_4402     |   9|          2|   32|         64|
    |acc_next_21_fu_3610      |   9|          2|   32|         64|
    |acc_next_220_fu_4406     |   9|          2|   32|         64|
    |acc_next_221_fu_4410     |   9|          2|   32|         64|
    |acc_next_222_fu_4414     |   9|          2|   32|         64|
    |acc_next_223_fu_4418     |   9|          2|   32|         64|
    |acc_next_224_fu_4422     |   9|          2|   32|         64|
    |acc_next_225_fu_4426     |   9|          2|   32|         64|
    |acc_next_226_fu_4430     |   9|          2|   32|         64|
    |acc_next_227_fu_4434     |   9|          2|   32|         64|
    |acc_next_228_fu_4438     |   9|          2|   32|         64|
    |acc_next_229_fu_4442     |   9|          2|   32|         64|
    |acc_next_22_fu_3614      |   9|          2|   32|         64|
    |acc_next_230_fu_4446     |   9|          2|   32|         64|
    |acc_next_231_fu_4450     |   9|          2|   32|         64|
    |acc_next_232_fu_4454     |   9|          2|   32|         64|
    |acc_next_233_fu_4458     |   9|          2|   32|         64|
    |acc_next_234_fu_4462     |   9|          2|   32|         64|
    |acc_next_235_fu_4466     |   9|          2|   32|         64|
    |acc_next_236_fu_4470     |   9|          2|   32|         64|
    |acc_next_237_fu_4474     |   9|          2|   32|         64|
    |acc_next_238_fu_4478     |   9|          2|   32|         64|
    |acc_next_239_fu_4482     |   9|          2|   32|         64|
    |acc_next_23_fu_3618      |   9|          2|   32|         64|
    |acc_next_240_fu_4486     |   9|          2|   32|         64|
    |acc_next_241_fu_4490     |   9|          2|   32|         64|
    |acc_next_242_fu_4494     |   9|          2|   32|         64|
    |acc_next_243_fu_4498     |   9|          2|   32|         64|
    |acc_next_244_fu_4502     |   9|          2|   32|         64|
    |acc_next_245_fu_4506     |   9|          2|   32|         64|
    |acc_next_246_fu_4510     |   9|          2|   32|         64|
    |acc_next_247_fu_4514     |   9|          2|   32|         64|
    |acc_next_248_fu_4518     |   9|          2|   32|         64|
    |acc_next_249_fu_4522     |   9|          2|   32|         64|
    |acc_next_24_fu_3622      |   9|          2|   32|         64|
    |acc_next_250_fu_4526     |   9|          2|   32|         64|
    |acc_next_251_fu_4530     |   9|          2|   32|         64|
    |acc_next_252_fu_4534     |   9|          2|   32|         64|
    |acc_next_253_fu_4538     |   9|          2|   32|         64|
    |acc_next_254_fu_4542     |   9|          2|   32|         64|
    |acc_next_255_fu_4546     |   9|          2|   32|         64|
    |acc_next_256_fu_4550     |   9|          2|   32|         64|
    |acc_next_257_fu_4554     |   9|          2|   32|         64|
    |acc_next_258_fu_4558     |   9|          2|   32|         64|
    |acc_next_259_fu_4562     |   9|          2|   32|         64|
    |acc_next_25_fu_3626      |   9|          2|   32|         64|
    |acc_next_260_fu_4566     |   9|          2|   32|         64|
    |acc_next_261_fu_4570     |   9|          2|   32|         64|
    |acc_next_262_fu_4574     |   9|          2|   32|         64|
    |acc_next_263_fu_4578     |   9|          2|   32|         64|
    |acc_next_264_fu_4582     |   9|          2|   32|         64|
    |acc_next_265_fu_4586     |   9|          2|   32|         64|
    |acc_next_266_fu_4590     |   9|          2|   32|         64|
    |acc_next_267_fu_4594     |   9|          2|   32|         64|
    |acc_next_268_fu_4598     |   9|          2|   32|         64|
    |acc_next_269_fu_4602     |   9|          2|   32|         64|
    |acc_next_26_fu_3630      |   9|          2|   32|         64|
    |acc_next_270_fu_4606     |   9|          2|   32|         64|
    |acc_next_271_fu_4610     |   9|          2|   32|         64|
    |acc_next_272_fu_4614     |   9|          2|   32|         64|
    |acc_next_273_fu_4618     |   9|          2|   32|         64|
    |acc_next_274_fu_4622     |   9|          2|   32|         64|
    |acc_next_275_fu_4626     |   9|          2|   32|         64|
    |acc_next_276_fu_4630     |   9|          2|   32|         64|
    |acc_next_277_fu_4634     |   9|          2|   32|         64|
    |acc_next_278_fu_4638     |   9|          2|   32|         64|
    |acc_next_279_fu_4642     |   9|          2|   32|         64|
    |acc_next_27_fu_3634      |   9|          2|   32|         64|
    |acc_next_280_fu_4646     |   9|          2|   32|         64|
    |acc_next_281_fu_4650     |   9|          2|   32|         64|
    |acc_next_282_fu_4654     |   9|          2|   32|         64|
    |acc_next_283_fu_4658     |   9|          2|   32|         64|
    |acc_next_284_fu_4662     |   9|          2|   32|         64|
    |acc_next_285_fu_4666     |   9|          2|   32|         64|
    |acc_next_286_fu_4670     |   9|          2|   32|         64|
    |acc_next_287_fu_4674     |   9|          2|   32|         64|
    |acc_next_288_fu_4678     |   9|          2|   32|         64|
    |acc_next_289_fu_4682     |   9|          2|   32|         64|
    |acc_next_28_fu_3638      |   9|          2|   32|         64|
    |acc_next_290_fu_4686     |   9|          2|   32|         64|
    |acc_next_291_fu_4690     |   9|          2|   32|         64|
    |acc_next_292_fu_4694     |   9|          2|   32|         64|
    |acc_next_293_fu_4698     |   9|          2|   32|         64|
    |acc_next_294_fu_4702     |   9|          2|   32|         64|
    |acc_next_295_fu_4706     |   9|          2|   32|         64|
    |acc_next_296_fu_4710     |   9|          2|   32|         64|
    |acc_next_297_fu_4714     |   9|          2|   32|         64|
    |acc_next_298_fu_4718     |   9|          2|   32|         64|
    |acc_next_299_fu_4722     |   9|          2|   32|         64|
    |acc_next_29_fu_3642      |   9|          2|   32|         64|
    |acc_next_2_fu_3534       |   9|          2|   32|         64|
    |acc_next_300_fu_4726     |   9|          2|   32|         64|
    |acc_next_301_fu_4730     |   9|          2|   32|         64|
    |acc_next_302_fu_4734     |   9|          2|   32|         64|
    |acc_next_303_fu_4738     |   9|          2|   32|         64|
    |acc_next_304_fu_4742     |   9|          2|   32|         64|
    |acc_next_305_fu_4746     |   9|          2|   32|         64|
    |acc_next_306_fu_4750     |   9|          2|   32|         64|
    |acc_next_307_fu_4754     |   9|          2|   32|         64|
    |acc_next_308_fu_4758     |   9|          2|   32|         64|
    |acc_next_309_fu_4762     |   9|          2|   32|         64|
    |acc_next_30_fu_3646      |   9|          2|   32|         64|
    |acc_next_310_fu_4766     |   9|          2|   32|         64|
    |acc_next_311_fu_4770     |   9|          2|   32|         64|
    |acc_next_312_fu_4774     |   9|          2|   32|         64|
    |acc_next_313_fu_4778     |   9|          2|   32|         64|
    |acc_next_314_fu_4782     |   9|          2|   32|         64|
    |acc_next_315_fu_4786     |   9|          2|   32|         64|
    |acc_next_316_fu_4790     |   9|          2|   32|         64|
    |acc_next_317_fu_4794     |   9|          2|   32|         64|
    |acc_next_318_fu_4798     |   9|          2|   32|         64|
    |acc_next_319_fu_4802     |   9|          2|   32|         64|
    |acc_next_31_fu_3650      |   9|          2|   32|         64|
    |acc_next_320_fu_4806     |   9|          2|   32|         64|
    |acc_next_321_fu_4810     |   9|          2|   32|         64|
    |acc_next_322_fu_4814     |   9|          2|   32|         64|
    |acc_next_323_fu_4818     |   9|          2|   32|         64|
    |acc_next_324_fu_4822     |   9|          2|   32|         64|
    |acc_next_325_fu_4826     |   9|          2|   32|         64|
    |acc_next_326_fu_4830     |   9|          2|   32|         64|
    |acc_next_327_fu_4834     |   9|          2|   32|         64|
    |acc_next_328_fu_4838     |   9|          2|   32|         64|
    |acc_next_329_fu_4842     |   9|          2|   32|         64|
    |acc_next_32_fu_3654      |   9|          2|   32|         64|
    |acc_next_330_fu_4846     |   9|          2|   32|         64|
    |acc_next_331_fu_4850     |   9|          2|   32|         64|
    |acc_next_332_fu_4854     |   9|          2|   32|         64|
    |acc_next_333_fu_4858     |   9|          2|   32|         64|
    |acc_next_334_fu_4862     |   9|          2|   32|         64|
    |acc_next_335_fu_4866     |   9|          2|   32|         64|
    |acc_next_336_fu_4870     |   9|          2|   32|         64|
    |acc_next_337_fu_4874     |   9|          2|   32|         64|
    |acc_next_338_fu_4878     |   9|          2|   32|         64|
    |acc_next_339_fu_4882     |   9|          2|   32|         64|
    |acc_next_33_fu_3658      |   9|          2|   32|         64|
    |acc_next_340_fu_4886     |   9|          2|   32|         64|
    |acc_next_341_fu_4890     |   9|          2|   32|         64|
    |acc_next_342_fu_4894     |   9|          2|   32|         64|
    |acc_next_343_fu_4898     |   9|          2|   32|         64|
    |acc_next_344_fu_4902     |   9|          2|   32|         64|
    |acc_next_345_fu_4906     |   9|          2|   32|         64|
    |acc_next_346_fu_4910     |   9|          2|   32|         64|
    |acc_next_347_fu_4914     |   9|          2|   32|         64|
    |acc_next_348_fu_4918     |   9|          2|   32|         64|
    |acc_next_349_fu_4922     |   9|          2|   32|         64|
    |acc_next_34_fu_3662      |   9|          2|   32|         64|
    |acc_next_350_fu_4926     |   9|          2|   32|         64|
    |acc_next_351_fu_4930     |   9|          2|   32|         64|
    |acc_next_352_fu_4934     |   9|          2|   32|         64|
    |acc_next_353_fu_4938     |   9|          2|   32|         64|
    |acc_next_354_fu_4942     |   9|          2|   32|         64|
    |acc_next_355_fu_4946     |   9|          2|   32|         64|
    |acc_next_356_fu_4950     |   9|          2|   32|         64|
    |acc_next_357_fu_4954     |   9|          2|   32|         64|
    |acc_next_358_fu_4958     |   9|          2|   32|         64|
    |acc_next_359_fu_4962     |   9|          2|   32|         64|
    |acc_next_35_fu_3666      |   9|          2|   32|         64|
    |acc_next_360_fu_4966     |   9|          2|   32|         64|
    |acc_next_361_fu_4970     |   9|          2|   32|         64|
    |acc_next_362_fu_4974     |   9|          2|   32|         64|
    |acc_next_363_fu_4978     |   9|          2|   32|         64|
    |acc_next_364_fu_4982     |   9|          2|   32|         64|
    |acc_next_365_fu_4986     |   9|          2|   32|         64|
    |acc_next_366_fu_4990     |   9|          2|   32|         64|
    |acc_next_367_fu_4994     |   9|          2|   32|         64|
    |acc_next_368_fu_4998     |   9|          2|   32|         64|
    |acc_next_369_fu_5002     |   9|          2|   32|         64|
    |acc_next_36_fu_3670      |   9|          2|   32|         64|
    |acc_next_370_fu_5006     |   9|          2|   32|         64|
    |acc_next_371_fu_5010     |   9|          2|   32|         64|
    |acc_next_372_fu_5014     |   9|          2|   32|         64|
    |acc_next_373_fu_5018     |   9|          2|   32|         64|
    |acc_next_374_fu_5022     |   9|          2|   32|         64|
    |acc_next_375_fu_5026     |   9|          2|   32|         64|
    |acc_next_376_fu_5030     |   9|          2|   32|         64|
    |acc_next_377_fu_5034     |   9|          2|   32|         64|
    |acc_next_378_fu_5038     |   9|          2|   32|         64|
    |acc_next_379_fu_5042     |   9|          2|   32|         64|
    |acc_next_37_fu_3674      |   9|          2|   32|         64|
    |acc_next_380_fu_5046     |   9|          2|   32|         64|
    |acc_next_381_fu_5050     |   9|          2|   32|         64|
    |acc_next_382_fu_5054     |   9|          2|   32|         64|
    |acc_next_383_fu_5058     |   9|          2|   32|         64|
    |acc_next_384_fu_5062     |   9|          2|   32|         64|
    |acc_next_385_fu_5066     |   9|          2|   32|         64|
    |acc_next_386_fu_5070     |   9|          2|   32|         64|
    |acc_next_387_fu_5074     |   9|          2|   32|         64|
    |acc_next_388_fu_5078     |   9|          2|   32|         64|
    |acc_next_389_fu_5082     |   9|          2|   32|         64|
    |acc_next_38_fu_3678      |   9|          2|   32|         64|
    |acc_next_390_fu_5086     |   9|          2|   32|         64|
    |acc_next_391_fu_5090     |   9|          2|   32|         64|
    |acc_next_392_fu_5094     |   9|          2|   32|         64|
    |acc_next_393_fu_5098     |   9|          2|   32|         64|
    |acc_next_394_fu_5102     |   9|          2|   32|         64|
    |acc_next_395_fu_5106     |   9|          2|   32|         64|
    |acc_next_396_fu_5110     |   9|          2|   32|         64|
    |acc_next_397_fu_5114     |   9|          2|   32|         64|
    |acc_next_398_fu_5118     |   9|          2|   32|         64|
    |acc_next_399_fu_5122     |   9|          2|   32|         64|
    |acc_next_39_fu_3682      |   9|          2|   32|         64|
    |acc_next_3_fu_3538       |   9|          2|   32|         64|
    |acc_next_400_fu_5126     |   9|          2|   32|         64|
    |acc_next_401_fu_5130     |   9|          2|   32|         64|
    |acc_next_402_fu_5134     |   9|          2|   32|         64|
    |acc_next_403_fu_5138     |   9|          2|   32|         64|
    |acc_next_404_fu_5142     |   9|          2|   32|         64|
    |acc_next_405_fu_5146     |   9|          2|   32|         64|
    |acc_next_406_fu_5150     |   9|          2|   32|         64|
    |acc_next_407_fu_5154     |   9|          2|   32|         64|
    |acc_next_408_fu_5158     |   9|          2|   32|         64|
    |acc_next_409_fu_5162     |   9|          2|   32|         64|
    |acc_next_40_fu_3686      |   9|          2|   32|         64|
    |acc_next_410_fu_5166     |   9|          2|   32|         64|
    |acc_next_411_fu_5170     |   9|          2|   32|         64|
    |acc_next_412_fu_5174     |   9|          2|   32|         64|
    |acc_next_413_fu_5178     |   9|          2|   32|         64|
    |acc_next_414_fu_5182     |   9|          2|   32|         64|
    |acc_next_415_fu_5186     |   9|          2|   32|         64|
    |acc_next_416_fu_5190     |   9|          2|   32|         64|
    |acc_next_417_fu_5194     |   9|          2|   32|         64|
    |acc_next_418_fu_5198     |   9|          2|   32|         64|
    |acc_next_419_fu_5202     |   9|          2|   32|         64|
    |acc_next_41_fu_3690      |   9|          2|   32|         64|
    |acc_next_420_fu_5206     |   9|          2|   32|         64|
    |acc_next_421_fu_5210     |   9|          2|   32|         64|
    |acc_next_422_fu_5214     |   9|          2|   32|         64|
    |acc_next_423_fu_5218     |   9|          2|   32|         64|
    |acc_next_424_fu_5222     |   9|          2|   32|         64|
    |acc_next_425_fu_5226     |   9|          2|   32|         64|
    |acc_next_426_fu_5230     |   9|          2|   32|         64|
    |acc_next_427_fu_5234     |   9|          2|   32|         64|
    |acc_next_428_fu_5238     |   9|          2|   32|         64|
    |acc_next_429_fu_5242     |   9|          2|   32|         64|
    |acc_next_42_fu_3694      |   9|          2|   32|         64|
    |acc_next_430_fu_5246     |   9|          2|   32|         64|
    |acc_next_431_fu_5250     |   9|          2|   32|         64|
    |acc_next_432_fu_5254     |   9|          2|   32|         64|
    |acc_next_433_fu_5258     |   9|          2|   32|         64|
    |acc_next_434_fu_5262     |   9|          2|   32|         64|
    |acc_next_435_fu_5266     |   9|          2|   32|         64|
    |acc_next_436_fu_5270     |   9|          2|   32|         64|
    |acc_next_437_fu_5274     |   9|          2|   32|         64|
    |acc_next_438_fu_5278     |   9|          2|   32|         64|
    |acc_next_439_fu_5282     |   9|          2|   32|         64|
    |acc_next_43_fu_3698      |   9|          2|   32|         64|
    |acc_next_440_fu_5286     |   9|          2|   32|         64|
    |acc_next_441_fu_5290     |   9|          2|   32|         64|
    |acc_next_442_fu_5294     |   9|          2|   32|         64|
    |acc_next_443_fu_5298     |   9|          2|   32|         64|
    |acc_next_444_fu_5302     |   9|          2|   32|         64|
    |acc_next_445_fu_5306     |   9|          2|   32|         64|
    |acc_next_446_fu_5310     |   9|          2|   32|         64|
    |acc_next_447_fu_5314     |   9|          2|   32|         64|
    |acc_next_448_fu_5318     |   9|          2|   32|         64|
    |acc_next_449_fu_5322     |   9|          2|   32|         64|
    |acc_next_44_fu_3702      |   9|          2|   32|         64|
    |acc_next_450_fu_5326     |   9|          2|   32|         64|
    |acc_next_451_fu_5330     |   9|          2|   32|         64|
    |acc_next_452_fu_5334     |   9|          2|   32|         64|
    |acc_next_453_fu_5338     |   9|          2|   32|         64|
    |acc_next_454_fu_5342     |   9|          2|   32|         64|
    |acc_next_455_fu_5346     |   9|          2|   32|         64|
    |acc_next_456_fu_5350     |   9|          2|   32|         64|
    |acc_next_457_fu_5354     |   9|          2|   32|         64|
    |acc_next_458_fu_5358     |   9|          2|   32|         64|
    |acc_next_459_fu_5362     |   9|          2|   32|         64|
    |acc_next_45_fu_3706      |   9|          2|   32|         64|
    |acc_next_460_fu_5366     |   9|          2|   32|         64|
    |acc_next_461_fu_5370     |   9|          2|   32|         64|
    |acc_next_462_fu_5374     |   9|          2|   32|         64|
    |acc_next_463_fu_5378     |   9|          2|   32|         64|
    |acc_next_464_fu_5382     |   9|          2|   32|         64|
    |acc_next_465_fu_5386     |   9|          2|   32|         64|
    |acc_next_466_fu_5390     |   9|          2|   32|         64|
    |acc_next_467_fu_5394     |   9|          2|   32|         64|
    |acc_next_468_fu_5398     |   9|          2|   32|         64|
    |acc_next_469_fu_5402     |   9|          2|   32|         64|
    |acc_next_46_fu_3710      |   9|          2|   32|         64|
    |acc_next_470_fu_5406     |   9|          2|   32|         64|
    |acc_next_471_fu_5410     |   9|          2|   32|         64|
    |acc_next_472_fu_5414     |   9|          2|   32|         64|
    |acc_next_473_fu_5418     |   9|          2|   32|         64|
    |acc_next_474_fu_5422     |   9|          2|   32|         64|
    |acc_next_475_fu_5426     |   9|          2|   32|         64|
    |acc_next_476_fu_5430     |   9|          2|   32|         64|
    |acc_next_477_fu_5434     |   9|          2|   32|         64|
    |acc_next_478_fu_5438     |   9|          2|   32|         64|
    |acc_next_479_fu_5442     |   9|          2|   32|         64|
    |acc_next_47_fu_3714      |   9|          2|   32|         64|
    |acc_next_480_fu_5446     |   9|          2|   32|         64|
    |acc_next_481_fu_5450     |   9|          2|   32|         64|
    |acc_next_482_fu_5454     |   9|          2|   32|         64|
    |acc_next_483_fu_5458     |   9|          2|   32|         64|
    |acc_next_484_fu_5462     |   9|          2|   32|         64|
    |acc_next_485_fu_5466     |   9|          2|   32|         64|
    |acc_next_486_fu_5470     |   9|          2|   32|         64|
    |acc_next_487_fu_5474     |   9|          2|   32|         64|
    |acc_next_488_fu_5478     |   9|          2|   32|         64|
    |acc_next_489_fu_5482     |   9|          2|   32|         64|
    |acc_next_48_fu_3718      |   9|          2|   32|         64|
    |acc_next_490_fu_5486     |   9|          2|   32|         64|
    |acc_next_491_fu_5490     |   9|          2|   32|         64|
    |acc_next_492_fu_5494     |   9|          2|   32|         64|
    |acc_next_493_fu_5498     |   9|          2|   32|         64|
    |acc_next_494_fu_5502     |   9|          2|   32|         64|
    |acc_next_495_fu_5506     |   9|          2|   32|         64|
    |acc_next_496_fu_5510     |   9|          2|   32|         64|
    |acc_next_497_fu_5514     |   9|          2|   32|         64|
    |acc_next_498_fu_5518     |   9|          2|   32|         64|
    |acc_next_499_fu_5522     |   9|          2|   32|         64|
    |acc_next_49_fu_3722      |   9|          2|   32|         64|
    |acc_next_4_fu_3542       |   9|          2|   32|         64|
    |acc_next_500_fu_5526     |   9|          2|   32|         64|
    |acc_next_501_fu_5530     |   9|          2|   32|         64|
    |acc_next_502_fu_5534     |   9|          2|   32|         64|
    |acc_next_503_fu_5538     |   9|          2|   32|         64|
    |acc_next_504_fu_5542     |   9|          2|   32|         64|
    |acc_next_505_fu_5546     |   9|          2|   32|         64|
    |acc_next_506_fu_5550     |   9|          2|   32|         64|
    |acc_next_507_fu_5554     |   9|          2|   32|         64|
    |acc_next_508_fu_5558     |   9|          2|   32|         64|
    |acc_next_509_fu_5562     |   9|          2|   32|         64|
    |acc_next_50_fu_3726      |   9|          2|   32|         64|
    |acc_next_510_fu_5566     |   9|          2|   32|         64|
    |acc_next_511_fu_5570     |   9|          2|   32|         64|
    |acc_next_51_fu_3730      |   9|          2|   32|         64|
    |acc_next_52_fu_3734      |   9|          2|   32|         64|
    |acc_next_53_fu_3738      |   9|          2|   32|         64|
    |acc_next_54_fu_3742      |   9|          2|   32|         64|
    |acc_next_55_fu_3746      |   9|          2|   32|         64|
    |acc_next_56_fu_3750      |   9|          2|   32|         64|
    |acc_next_57_fu_3754      |   9|          2|   32|         64|
    |acc_next_58_fu_3758      |   9|          2|   32|         64|
    |acc_next_59_fu_3762      |   9|          2|   32|         64|
    |acc_next_5_fu_3546       |   9|          2|   32|         64|
    |acc_next_60_fu_3766      |   9|          2|   32|         64|
    |acc_next_61_fu_3770      |   9|          2|   32|         64|
    |acc_next_62_fu_3774      |   9|          2|   32|         64|
    |acc_next_63_fu_3778      |   9|          2|   32|         64|
    |acc_next_64_fu_3782      |   9|          2|   32|         64|
    |acc_next_65_fu_3786      |   9|          2|   32|         64|
    |acc_next_66_fu_3790      |   9|          2|   32|         64|
    |acc_next_67_fu_3794      |   9|          2|   32|         64|
    |acc_next_68_fu_3798      |   9|          2|   32|         64|
    |acc_next_69_fu_3802      |   9|          2|   32|         64|
    |acc_next_6_fu_3550       |   9|          2|   32|         64|
    |acc_next_70_fu_3806      |   9|          2|   32|         64|
    |acc_next_71_fu_3810      |   9|          2|   32|         64|
    |acc_next_72_fu_3814      |   9|          2|   32|         64|
    |acc_next_73_fu_3818      |   9|          2|   32|         64|
    |acc_next_74_fu_3822      |   9|          2|   32|         64|
    |acc_next_75_fu_3826      |   9|          2|   32|         64|
    |acc_next_76_fu_3830      |   9|          2|   32|         64|
    |acc_next_77_fu_3834      |   9|          2|   32|         64|
    |acc_next_78_fu_3838      |   9|          2|   32|         64|
    |acc_next_79_fu_3842      |   9|          2|   32|         64|
    |acc_next_7_fu_3554       |   9|          2|   32|         64|
    |acc_next_80_fu_3846      |   9|          2|   32|         64|
    |acc_next_81_fu_3850      |   9|          2|   32|         64|
    |acc_next_82_fu_3854      |   9|          2|   32|         64|
    |acc_next_83_fu_3858      |   9|          2|   32|         64|
    |acc_next_84_fu_3862      |   9|          2|   32|         64|
    |acc_next_85_fu_3866      |   9|          2|   32|         64|
    |acc_next_86_fu_3870      |   9|          2|   32|         64|
    |acc_next_87_fu_3874      |   9|          2|   32|         64|
    |acc_next_88_fu_3878      |   9|          2|   32|         64|
    |acc_next_89_fu_3882      |   9|          2|   32|         64|
    |acc_next_8_fu_3558       |   9|          2|   32|         64|
    |acc_next_90_fu_3886      |   9|          2|   32|         64|
    |acc_next_91_fu_3890      |   9|          2|   32|         64|
    |acc_next_92_fu_3894      |   9|          2|   32|         64|
    |acc_next_93_fu_3898      |   9|          2|   32|         64|
    |acc_next_94_fu_3902      |   9|          2|   32|         64|
    |acc_next_95_fu_3906      |   9|          2|   32|         64|
    |acc_next_96_fu_3910      |   9|          2|   32|         64|
    |acc_next_97_fu_3914      |   9|          2|   32|         64|
    |acc_next_98_fu_3918      |   9|          2|   32|         64|
    |acc_next_99_fu_3922      |   9|          2|   32|         64|
    |acc_next_9_fu_3562       |   9|          2|   32|         64|
    |acc_next_fu_3526         |   9|          2|   32|         64|
    |ap_done_int              |   9|          2|    1|          2|
    |ap_enable_reg_pp0_iter1  |   9|          2|    1|          2|
    |ap_sig_allocacmp_dim_1   |   9|          2|    7|         14|
    |dim_fu_3522              |   9|          2|    7|         14|
    +-------------------------+----+-----------+-----+-----------+
    |Total                    |4644|       1032|16400|      32800|
    +-------------------------+----+-----------+-----+-----------+

    * Register: 
    +------------------------------------+-----+----+-----+-----------+
    |                Name                |  FF | LUT| Bits| Const Bits|
    +------------------------------------+-----+----+-----+-----------+
    |acc_next_100_fu_3926                |   32|   0|   32|          0|
    |acc_next_101_fu_3930                |   32|   0|   32|          0|
    |acc_next_102_fu_3934                |   32|   0|   32|          0|
    |acc_next_103_fu_3938                |   32|   0|   32|          0|
    |acc_next_104_fu_3942                |   32|   0|   32|          0|
    |acc_next_105_fu_3946                |   32|   0|   32|          0|
    |acc_next_106_fu_3950                |   32|   0|   32|          0|
    |acc_next_107_fu_3954                |   32|   0|   32|          0|
    |acc_next_108_fu_3958                |   32|   0|   32|          0|
    |acc_next_109_fu_3962                |   32|   0|   32|          0|
    |acc_next_10_fu_3566                 |   32|   0|   32|          0|
    |acc_next_110_fu_3966                |   32|   0|   32|          0|
    |acc_next_111_fu_3970                |   32|   0|   32|          0|
    |acc_next_112_fu_3974                |   32|   0|   32|          0|
    |acc_next_113_fu_3978                |   32|   0|   32|          0|
    |acc_next_114_fu_3982                |   32|   0|   32|          0|
    |acc_next_115_fu_3986                |   32|   0|   32|          0|
    |acc_next_116_fu_3990                |   32|   0|   32|          0|
    |acc_next_117_fu_3994                |   32|   0|   32|          0|
    |acc_next_118_fu_3998                |   32|   0|   32|          0|
    |acc_next_119_fu_4002                |   32|   0|   32|          0|
    |acc_next_11_fu_3570                 |   32|   0|   32|          0|
    |acc_next_120_fu_4006                |   32|   0|   32|          0|
    |acc_next_121_fu_4010                |   32|   0|   32|          0|
    |acc_next_122_fu_4014                |   32|   0|   32|          0|
    |acc_next_123_fu_4018                |   32|   0|   32|          0|
    |acc_next_124_fu_4022                |   32|   0|   32|          0|
    |acc_next_125_fu_4026                |   32|   0|   32|          0|
    |acc_next_126_fu_4030                |   32|   0|   32|          0|
    |acc_next_127_fu_4034                |   32|   0|   32|          0|
    |acc_next_128_fu_4038                |   32|   0|   32|          0|
    |acc_next_129_fu_4042                |   32|   0|   32|          0|
    |acc_next_12_fu_3574                 |   32|   0|   32|          0|
    |acc_next_130_fu_4046                |   32|   0|   32|          0|
    |acc_next_131_fu_4050                |   32|   0|   32|          0|
    |acc_next_132_fu_4054                |   32|   0|   32|          0|
    |acc_next_133_fu_4058                |   32|   0|   32|          0|
    |acc_next_134_fu_4062                |   32|   0|   32|          0|
    |acc_next_135_fu_4066                |   32|   0|   32|          0|
    |acc_next_136_fu_4070                |   32|   0|   32|          0|
    |acc_next_137_fu_4074                |   32|   0|   32|          0|
    |acc_next_138_fu_4078                |   32|   0|   32|          0|
    |acc_next_139_fu_4082                |   32|   0|   32|          0|
    |acc_next_13_fu_3578                 |   32|   0|   32|          0|
    |acc_next_140_fu_4086                |   32|   0|   32|          0|
    |acc_next_141_fu_4090                |   32|   0|   32|          0|
    |acc_next_142_fu_4094                |   32|   0|   32|          0|
    |acc_next_143_fu_4098                |   32|   0|   32|          0|
    |acc_next_144_fu_4102                |   32|   0|   32|          0|
    |acc_next_145_fu_4106                |   32|   0|   32|          0|
    |acc_next_146_fu_4110                |   32|   0|   32|          0|
    |acc_next_147_fu_4114                |   32|   0|   32|          0|
    |acc_next_148_fu_4118                |   32|   0|   32|          0|
    |acc_next_149_fu_4122                |   32|   0|   32|          0|
    |acc_next_14_fu_3582                 |   32|   0|   32|          0|
    |acc_next_150_fu_4126                |   32|   0|   32|          0|
    |acc_next_151_fu_4130                |   32|   0|   32|          0|
    |acc_next_152_fu_4134                |   32|   0|   32|          0|
    |acc_next_153_fu_4138                |   32|   0|   32|          0|
    |acc_next_154_fu_4142                |   32|   0|   32|          0|
    |acc_next_155_fu_4146                |   32|   0|   32|          0|
    |acc_next_156_fu_4150                |   32|   0|   32|          0|
    |acc_next_157_fu_4154                |   32|   0|   32|          0|
    |acc_next_158_fu_4158                |   32|   0|   32|          0|
    |acc_next_159_fu_4162                |   32|   0|   32|          0|
    |acc_next_15_fu_3586                 |   32|   0|   32|          0|
    |acc_next_160_fu_4166                |   32|   0|   32|          0|
    |acc_next_161_fu_4170                |   32|   0|   32|          0|
    |acc_next_162_fu_4174                |   32|   0|   32|          0|
    |acc_next_163_fu_4178                |   32|   0|   32|          0|
    |acc_next_164_fu_4182                |   32|   0|   32|          0|
    |acc_next_165_fu_4186                |   32|   0|   32|          0|
    |acc_next_166_fu_4190                |   32|   0|   32|          0|
    |acc_next_167_fu_4194                |   32|   0|   32|          0|
    |acc_next_168_fu_4198                |   32|   0|   32|          0|
    |acc_next_169_fu_4202                |   32|   0|   32|          0|
    |acc_next_16_fu_3590                 |   32|   0|   32|          0|
    |acc_next_170_fu_4206                |   32|   0|   32|          0|
    |acc_next_171_fu_4210                |   32|   0|   32|          0|
    |acc_next_172_fu_4214                |   32|   0|   32|          0|
    |acc_next_173_fu_4218                |   32|   0|   32|          0|
    |acc_next_174_fu_4222                |   32|   0|   32|          0|
    |acc_next_175_fu_4226                |   32|   0|   32|          0|
    |acc_next_176_fu_4230                |   32|   0|   32|          0|
    |acc_next_177_fu_4234                |   32|   0|   32|          0|
    |acc_next_178_fu_4238                |   32|   0|   32|          0|
    |acc_next_179_fu_4242                |   32|   0|   32|          0|
    |acc_next_17_fu_3594                 |   32|   0|   32|          0|
    |acc_next_180_fu_4246                |   32|   0|   32|          0|
    |acc_next_181_fu_4250                |   32|   0|   32|          0|
    |acc_next_182_fu_4254                |   32|   0|   32|          0|
    |acc_next_183_fu_4258                |   32|   0|   32|          0|
    |acc_next_184_fu_4262                |   32|   0|   32|          0|
    |acc_next_185_fu_4266                |   32|   0|   32|          0|
    |acc_next_186_fu_4270                |   32|   0|   32|          0|
    |acc_next_187_fu_4274                |   32|   0|   32|          0|
    |acc_next_188_fu_4278                |   32|   0|   32|          0|
    |acc_next_189_fu_4282                |   32|   0|   32|          0|
    |acc_next_18_fu_3598                 |   32|   0|   32|          0|
    |acc_next_190_fu_4286                |   32|   0|   32|          0|
    |acc_next_191_fu_4290                |   32|   0|   32|          0|
    |acc_next_192_fu_4294                |   32|   0|   32|          0|
    |acc_next_193_fu_4298                |   32|   0|   32|          0|
    |acc_next_194_fu_4302                |   32|   0|   32|          0|
    |acc_next_195_fu_4306                |   32|   0|   32|          0|
    |acc_next_196_fu_4310                |   32|   0|   32|          0|
    |acc_next_197_fu_4314                |   32|   0|   32|          0|
    |acc_next_198_fu_4318                |   32|   0|   32|          0|
    |acc_next_199_fu_4322                |   32|   0|   32|          0|
    |acc_next_19_fu_3602                 |   32|   0|   32|          0|
    |acc_next_1_fu_3530                  |   32|   0|   32|          0|
    |acc_next_200_fu_4326                |   32|   0|   32|          0|
    |acc_next_201_fu_4330                |   32|   0|   32|          0|
    |acc_next_202_fu_4334                |   32|   0|   32|          0|
    |acc_next_203_fu_4338                |   32|   0|   32|          0|
    |acc_next_204_fu_4342                |   32|   0|   32|          0|
    |acc_next_205_fu_4346                |   32|   0|   32|          0|
    |acc_next_206_fu_4350                |   32|   0|   32|          0|
    |acc_next_207_fu_4354                |   32|   0|   32|          0|
    |acc_next_208_fu_4358                |   32|   0|   32|          0|
    |acc_next_209_fu_4362                |   32|   0|   32|          0|
    |acc_next_20_fu_3606                 |   32|   0|   32|          0|
    |acc_next_210_fu_4366                |   32|   0|   32|          0|
    |acc_next_211_fu_4370                |   32|   0|   32|          0|
    |acc_next_212_fu_4374                |   32|   0|   32|          0|
    |acc_next_213_fu_4378                |   32|   0|   32|          0|
    |acc_next_214_fu_4382                |   32|   0|   32|          0|
    |acc_next_215_fu_4386                |   32|   0|   32|          0|
    |acc_next_216_fu_4390                |   32|   0|   32|          0|
    |acc_next_217_fu_4394                |   32|   0|   32|          0|
    |acc_next_218_fu_4398                |   32|   0|   32|          0|
    |acc_next_219_fu_4402                |   32|   0|   32|          0|
    |acc_next_21_fu_3610                 |   32|   0|   32|          0|
    |acc_next_220_fu_4406                |   32|   0|   32|          0|
    |acc_next_221_fu_4410                |   32|   0|   32|          0|
    |acc_next_222_fu_4414                |   32|   0|   32|          0|
    |acc_next_223_fu_4418                |   32|   0|   32|          0|
    |acc_next_224_fu_4422                |   32|   0|   32|          0|
    |acc_next_225_fu_4426                |   32|   0|   32|          0|
    |acc_next_226_fu_4430                |   32|   0|   32|          0|
    |acc_next_227_fu_4434                |   32|   0|   32|          0|
    |acc_next_228_fu_4438                |   32|   0|   32|          0|
    |acc_next_229_fu_4442                |   32|   0|   32|          0|
    |acc_next_22_fu_3614                 |   32|   0|   32|          0|
    |acc_next_230_fu_4446                |   32|   0|   32|          0|
    |acc_next_231_fu_4450                |   32|   0|   32|          0|
    |acc_next_232_fu_4454                |   32|   0|   32|          0|
    |acc_next_233_fu_4458                |   32|   0|   32|          0|
    |acc_next_234_fu_4462                |   32|   0|   32|          0|
    |acc_next_235_fu_4466                |   32|   0|   32|          0|
    |acc_next_236_fu_4470                |   32|   0|   32|          0|
    |acc_next_237_fu_4474                |   32|   0|   32|          0|
    |acc_next_238_fu_4478                |   32|   0|   32|          0|
    |acc_next_239_fu_4482                |   32|   0|   32|          0|
    |acc_next_23_fu_3618                 |   32|   0|   32|          0|
    |acc_next_240_fu_4486                |   32|   0|   32|          0|
    |acc_next_241_fu_4490                |   32|   0|   32|          0|
    |acc_next_242_fu_4494                |   32|   0|   32|          0|
    |acc_next_243_fu_4498                |   32|   0|   32|          0|
    |acc_next_244_fu_4502                |   32|   0|   32|          0|
    |acc_next_245_fu_4506                |   32|   0|   32|          0|
    |acc_next_246_fu_4510                |   32|   0|   32|          0|
    |acc_next_247_fu_4514                |   32|   0|   32|          0|
    |acc_next_248_fu_4518                |   32|   0|   32|          0|
    |acc_next_249_fu_4522                |   32|   0|   32|          0|
    |acc_next_24_fu_3622                 |   32|   0|   32|          0|
    |acc_next_250_fu_4526                |   32|   0|   32|          0|
    |acc_next_251_fu_4530                |   32|   0|   32|          0|
    |acc_next_252_fu_4534                |   32|   0|   32|          0|
    |acc_next_253_fu_4538                |   32|   0|   32|          0|
    |acc_next_254_fu_4542                |   32|   0|   32|          0|
    |acc_next_255_fu_4546                |   32|   0|   32|          0|
    |acc_next_256_fu_4550                |   32|   0|   32|          0|
    |acc_next_257_fu_4554                |   32|   0|   32|          0|
    |acc_next_258_fu_4558                |   32|   0|   32|          0|
    |acc_next_259_fu_4562                |   32|   0|   32|          0|
    |acc_next_25_fu_3626                 |   32|   0|   32|          0|
    |acc_next_260_fu_4566                |   32|   0|   32|          0|
    |acc_next_261_fu_4570                |   32|   0|   32|          0|
    |acc_next_262_fu_4574                |   32|   0|   32|          0|
    |acc_next_263_fu_4578                |   32|   0|   32|          0|
    |acc_next_264_fu_4582                |   32|   0|   32|          0|
    |acc_next_265_fu_4586                |   32|   0|   32|          0|
    |acc_next_266_fu_4590                |   32|   0|   32|          0|
    |acc_next_267_fu_4594                |   32|   0|   32|          0|
    |acc_next_268_fu_4598                |   32|   0|   32|          0|
    |acc_next_269_fu_4602                |   32|   0|   32|          0|
    |acc_next_26_fu_3630                 |   32|   0|   32|          0|
    |acc_next_270_fu_4606                |   32|   0|   32|          0|
    |acc_next_271_fu_4610                |   32|   0|   32|          0|
    |acc_next_272_fu_4614                |   32|   0|   32|          0|
    |acc_next_273_fu_4618                |   32|   0|   32|          0|
    |acc_next_274_fu_4622                |   32|   0|   32|          0|
    |acc_next_275_fu_4626                |   32|   0|   32|          0|
    |acc_next_276_fu_4630                |   32|   0|   32|          0|
    |acc_next_277_fu_4634                |   32|   0|   32|          0|
    |acc_next_278_fu_4638                |   32|   0|   32|          0|
    |acc_next_279_fu_4642                |   32|   0|   32|          0|
    |acc_next_27_fu_3634                 |   32|   0|   32|          0|
    |acc_next_280_fu_4646                |   32|   0|   32|          0|
    |acc_next_281_fu_4650                |   32|   0|   32|          0|
    |acc_next_282_fu_4654                |   32|   0|   32|          0|
    |acc_next_283_fu_4658                |   32|   0|   32|          0|
    |acc_next_284_fu_4662                |   32|   0|   32|          0|
    |acc_next_285_fu_4666                |   32|   0|   32|          0|
    |acc_next_286_fu_4670                |   32|   0|   32|          0|
    |acc_next_287_fu_4674                |   32|   0|   32|          0|
    |acc_next_288_fu_4678                |   32|   0|   32|          0|
    |acc_next_289_fu_4682                |   32|   0|   32|          0|
    |acc_next_28_fu_3638                 |   32|   0|   32|          0|
    |acc_next_290_fu_4686                |   32|   0|   32|          0|
    |acc_next_291_fu_4690                |   32|   0|   32|          0|
    |acc_next_292_fu_4694                |   32|   0|   32|          0|
    |acc_next_293_fu_4698                |   32|   0|   32|          0|
    |acc_next_294_fu_4702                |   32|   0|   32|          0|
    |acc_next_295_fu_4706                |   32|   0|   32|          0|
    |acc_next_296_fu_4710                |   32|   0|   32|          0|
    |acc_next_297_fu_4714                |   32|   0|   32|          0|
    |acc_next_298_fu_4718                |   32|   0|   32|          0|
    |acc_next_299_fu_4722                |   32|   0|   32|          0|
    |acc_next_29_fu_3642                 |   32|   0|   32|          0|
    |acc_next_2_fu_3534                  |   32|   0|   32|          0|
    |acc_next_300_fu_4726                |   32|   0|   32|          0|
    |acc_next_301_fu_4730                |   32|   0|   32|          0|
    |acc_next_302_fu_4734                |   32|   0|   32|          0|
    |acc_next_303_fu_4738                |   32|   0|   32|          0|
    |acc_next_304_fu_4742                |   32|   0|   32|          0|
    |acc_next_305_fu_4746                |   32|   0|   32|          0|
    |acc_next_306_fu_4750                |   32|   0|   32|          0|
    |acc_next_307_fu_4754                |   32|   0|   32|          0|
    |acc_next_308_fu_4758                |   32|   0|   32|          0|
    |acc_next_309_fu_4762                |   32|   0|   32|          0|
    |acc_next_30_fu_3646                 |   32|   0|   32|          0|
    |acc_next_310_fu_4766                |   32|   0|   32|          0|
    |acc_next_311_fu_4770                |   32|   0|   32|          0|
    |acc_next_312_fu_4774                |   32|   0|   32|          0|
    |acc_next_313_fu_4778                |   32|   0|   32|          0|
    |acc_next_314_fu_4782                |   32|   0|   32|          0|
    |acc_next_315_fu_4786                |   32|   0|   32|          0|
    |acc_next_316_fu_4790                |   32|   0|   32|          0|
    |acc_next_317_fu_4794                |   32|   0|   32|          0|
    |acc_next_318_fu_4798                |   32|   0|   32|          0|
    |acc_next_319_fu_4802                |   32|   0|   32|          0|
    |acc_next_31_fu_3650                 |   32|   0|   32|          0|
    |acc_next_320_fu_4806                |   32|   0|   32|          0|
    |acc_next_321_fu_4810                |   32|   0|   32|          0|
    |acc_next_322_fu_4814                |   32|   0|   32|          0|
    |acc_next_323_fu_4818                |   32|   0|   32|          0|
    |acc_next_324_fu_4822                |   32|   0|   32|          0|
    |acc_next_325_fu_4826                |   32|   0|   32|          0|
    |acc_next_326_fu_4830                |   32|   0|   32|          0|
    |acc_next_327_fu_4834                |   32|   0|   32|          0|
    |acc_next_328_fu_4838                |   32|   0|   32|          0|
    |acc_next_329_fu_4842                |   32|   0|   32|          0|
    |acc_next_32_fu_3654                 |   32|   0|   32|          0|
    |acc_next_330_fu_4846                |   32|   0|   32|          0|
    |acc_next_331_fu_4850                |   32|   0|   32|          0|
    |acc_next_332_fu_4854                |   32|   0|   32|          0|
    |acc_next_333_fu_4858                |   32|   0|   32|          0|
    |acc_next_334_fu_4862                |   32|   0|   32|          0|
    |acc_next_335_fu_4866                |   32|   0|   32|          0|
    |acc_next_336_fu_4870                |   32|   0|   32|          0|
    |acc_next_337_fu_4874                |   32|   0|   32|          0|
    |acc_next_338_fu_4878                |   32|   0|   32|          0|
    |acc_next_339_fu_4882                |   32|   0|   32|          0|
    |acc_next_33_fu_3658                 |   32|   0|   32|          0|
    |acc_next_340_fu_4886                |   32|   0|   32|          0|
    |acc_next_341_fu_4890                |   32|   0|   32|          0|
    |acc_next_342_fu_4894                |   32|   0|   32|          0|
    |acc_next_343_fu_4898                |   32|   0|   32|          0|
    |acc_next_344_fu_4902                |   32|   0|   32|          0|
    |acc_next_345_fu_4906                |   32|   0|   32|          0|
    |acc_next_346_fu_4910                |   32|   0|   32|          0|
    |acc_next_347_fu_4914                |   32|   0|   32|          0|
    |acc_next_348_fu_4918                |   32|   0|   32|          0|
    |acc_next_349_fu_4922                |   32|   0|   32|          0|
    |acc_next_34_fu_3662                 |   32|   0|   32|          0|
    |acc_next_350_fu_4926                |   32|   0|   32|          0|
    |acc_next_351_fu_4930                |   32|   0|   32|          0|
    |acc_next_352_fu_4934                |   32|   0|   32|          0|
    |acc_next_353_fu_4938                |   32|   0|   32|          0|
    |acc_next_354_fu_4942                |   32|   0|   32|          0|
    |acc_next_355_fu_4946                |   32|   0|   32|          0|
    |acc_next_356_fu_4950                |   32|   0|   32|          0|
    |acc_next_357_fu_4954                |   32|   0|   32|          0|
    |acc_next_358_fu_4958                |   32|   0|   32|          0|
    |acc_next_359_fu_4962                |   32|   0|   32|          0|
    |acc_next_35_fu_3666                 |   32|   0|   32|          0|
    |acc_next_360_fu_4966                |   32|   0|   32|          0|
    |acc_next_361_fu_4970                |   32|   0|   32|          0|
    |acc_next_362_fu_4974                |   32|   0|   32|          0|
    |acc_next_363_fu_4978                |   32|   0|   32|          0|
    |acc_next_364_fu_4982                |   32|   0|   32|          0|
    |acc_next_365_fu_4986                |   32|   0|   32|          0|
    |acc_next_366_fu_4990                |   32|   0|   32|          0|
    |acc_next_367_fu_4994                |   32|   0|   32|          0|
    |acc_next_368_fu_4998                |   32|   0|   32|          0|
    |acc_next_369_fu_5002                |   32|   0|   32|          0|
    |acc_next_36_fu_3670                 |   32|   0|   32|          0|
    |acc_next_370_fu_5006                |   32|   0|   32|          0|
    |acc_next_371_fu_5010                |   32|   0|   32|          0|
    |acc_next_372_fu_5014                |   32|   0|   32|          0|
    |acc_next_373_fu_5018                |   32|   0|   32|          0|
    |acc_next_374_fu_5022                |   32|   0|   32|          0|
    |acc_next_375_fu_5026                |   32|   0|   32|          0|
    |acc_next_376_fu_5030                |   32|   0|   32|          0|
    |acc_next_377_fu_5034                |   32|   0|   32|          0|
    |acc_next_378_fu_5038                |   32|   0|   32|          0|
    |acc_next_379_fu_5042                |   32|   0|   32|          0|
    |acc_next_37_fu_3674                 |   32|   0|   32|          0|
    |acc_next_380_fu_5046                |   32|   0|   32|          0|
    |acc_next_381_fu_5050                |   32|   0|   32|          0|
    |acc_next_382_fu_5054                |   32|   0|   32|          0|
    |acc_next_383_fu_5058                |   32|   0|   32|          0|
    |acc_next_384_fu_5062                |   32|   0|   32|          0|
    |acc_next_385_fu_5066                |   32|   0|   32|          0|
    |acc_next_386_fu_5070                |   32|   0|   32|          0|
    |acc_next_387_fu_5074                |   32|   0|   32|          0|
    |acc_next_388_fu_5078                |   32|   0|   32|          0|
    |acc_next_389_fu_5082                |   32|   0|   32|          0|
    |acc_next_38_fu_3678                 |   32|   0|   32|          0|
    |acc_next_390_fu_5086                |   32|   0|   32|          0|
    |acc_next_391_fu_5090                |   32|   0|   32|          0|
    |acc_next_392_fu_5094                |   32|   0|   32|          0|
    |acc_next_393_fu_5098                |   32|   0|   32|          0|
    |acc_next_394_fu_5102                |   32|   0|   32|          0|
    |acc_next_395_fu_5106                |   32|   0|   32|          0|
    |acc_next_396_fu_5110                |   32|   0|   32|          0|
    |acc_next_397_fu_5114                |   32|   0|   32|          0|
    |acc_next_398_fu_5118                |   32|   0|   32|          0|
    |acc_next_399_fu_5122                |   32|   0|   32|          0|
    |acc_next_39_fu_3682                 |   32|   0|   32|          0|
    |acc_next_3_fu_3538                  |   32|   0|   32|          0|
    |acc_next_400_fu_5126                |   32|   0|   32|          0|
    |acc_next_401_fu_5130                |   32|   0|   32|          0|
    |acc_next_402_fu_5134                |   32|   0|   32|          0|
    |acc_next_403_fu_5138                |   32|   0|   32|          0|
    |acc_next_404_fu_5142                |   32|   0|   32|          0|
    |acc_next_405_fu_5146                |   32|   0|   32|          0|
    |acc_next_406_fu_5150                |   32|   0|   32|          0|
    |acc_next_407_fu_5154                |   32|   0|   32|          0|
    |acc_next_408_fu_5158                |   32|   0|   32|          0|
    |acc_next_409_fu_5162                |   32|   0|   32|          0|
    |acc_next_40_fu_3686                 |   32|   0|   32|          0|
    |acc_next_410_fu_5166                |   32|   0|   32|          0|
    |acc_next_411_fu_5170                |   32|   0|   32|          0|
    |acc_next_412_fu_5174                |   32|   0|   32|          0|
    |acc_next_413_fu_5178                |   32|   0|   32|          0|
    |acc_next_414_fu_5182                |   32|   0|   32|          0|
    |acc_next_415_fu_5186                |   32|   0|   32|          0|
    |acc_next_416_fu_5190                |   32|   0|   32|          0|
    |acc_next_417_fu_5194                |   32|   0|   32|          0|
    |acc_next_418_fu_5198                |   32|   0|   32|          0|
    |acc_next_419_fu_5202                |   32|   0|   32|          0|
    |acc_next_41_fu_3690                 |   32|   0|   32|          0|
    |acc_next_420_fu_5206                |   32|   0|   32|          0|
    |acc_next_421_fu_5210                |   32|   0|   32|          0|
    |acc_next_422_fu_5214                |   32|   0|   32|          0|
    |acc_next_423_fu_5218                |   32|   0|   32|          0|
    |acc_next_424_fu_5222                |   32|   0|   32|          0|
    |acc_next_425_fu_5226                |   32|   0|   32|          0|
    |acc_next_426_fu_5230                |   32|   0|   32|          0|
    |acc_next_427_fu_5234                |   32|   0|   32|          0|
    |acc_next_428_fu_5238                |   32|   0|   32|          0|
    |acc_next_429_fu_5242                |   32|   0|   32|          0|
    |acc_next_42_fu_3694                 |   32|   0|   32|          0|
    |acc_next_430_fu_5246                |   32|   0|   32|          0|
    |acc_next_431_fu_5250                |   32|   0|   32|          0|
    |acc_next_432_fu_5254                |   32|   0|   32|          0|
    |acc_next_433_fu_5258                |   32|   0|   32|          0|
    |acc_next_434_fu_5262                |   32|   0|   32|          0|
    |acc_next_435_fu_5266                |   32|   0|   32|          0|
    |acc_next_436_fu_5270                |   32|   0|   32|          0|
    |acc_next_437_fu_5274                |   32|   0|   32|          0|
    |acc_next_438_fu_5278                |   32|   0|   32|          0|
    |acc_next_439_fu_5282                |   32|   0|   32|          0|
    |acc_next_43_fu_3698                 |   32|   0|   32|          0|
    |acc_next_440_fu_5286                |   32|   0|   32|          0|
    |acc_next_441_fu_5290                |   32|   0|   32|          0|
    |acc_next_442_fu_5294                |   32|   0|   32|          0|
    |acc_next_443_fu_5298                |   32|   0|   32|          0|
    |acc_next_444_fu_5302                |   32|   0|   32|          0|
    |acc_next_445_fu_5306                |   32|   0|   32|          0|
    |acc_next_446_fu_5310                |   32|   0|   32|          0|
    |acc_next_447_fu_5314                |   32|   0|   32|          0|
    |acc_next_448_fu_5318                |   32|   0|   32|          0|
    |acc_next_449_fu_5322                |   32|   0|   32|          0|
    |acc_next_44_fu_3702                 |   32|   0|   32|          0|
    |acc_next_450_fu_5326                |   32|   0|   32|          0|
    |acc_next_451_fu_5330                |   32|   0|   32|          0|
    |acc_next_452_fu_5334                |   32|   0|   32|          0|
    |acc_next_453_fu_5338                |   32|   0|   32|          0|
    |acc_next_454_fu_5342                |   32|   0|   32|          0|
    |acc_next_455_fu_5346                |   32|   0|   32|          0|
    |acc_next_456_fu_5350                |   32|   0|   32|          0|
    |acc_next_457_fu_5354                |   32|   0|   32|          0|
    |acc_next_458_fu_5358                |   32|   0|   32|          0|
    |acc_next_459_fu_5362                |   32|   0|   32|          0|
    |acc_next_45_fu_3706                 |   32|   0|   32|          0|
    |acc_next_460_fu_5366                |   32|   0|   32|          0|
    |acc_next_461_fu_5370                |   32|   0|   32|          0|
    |acc_next_462_fu_5374                |   32|   0|   32|          0|
    |acc_next_463_fu_5378                |   32|   0|   32|          0|
    |acc_next_464_fu_5382                |   32|   0|   32|          0|
    |acc_next_465_fu_5386                |   32|   0|   32|          0|
    |acc_next_466_fu_5390                |   32|   0|   32|          0|
    |acc_next_467_fu_5394                |   32|   0|   32|          0|
    |acc_next_468_fu_5398                |   32|   0|   32|          0|
    |acc_next_469_fu_5402                |   32|   0|   32|          0|
    |acc_next_46_fu_3710                 |   32|   0|   32|          0|
    |acc_next_470_fu_5406                |   32|   0|   32|          0|
    |acc_next_471_fu_5410                |   32|   0|   32|          0|
    |acc_next_472_fu_5414                |   32|   0|   32|          0|
    |acc_next_473_fu_5418                |   32|   0|   32|          0|
    |acc_next_474_fu_5422                |   32|   0|   32|          0|
    |acc_next_475_fu_5426                |   32|   0|   32|          0|
    |acc_next_476_fu_5430                |   32|   0|   32|          0|
    |acc_next_477_fu_5434                |   32|   0|   32|          0|
    |acc_next_478_fu_5438                |   32|   0|   32|          0|
    |acc_next_479_fu_5442                |   32|   0|   32|          0|
    |acc_next_47_fu_3714                 |   32|   0|   32|          0|
    |acc_next_480_fu_5446                |   32|   0|   32|          0|
    |acc_next_481_fu_5450                |   32|   0|   32|          0|
    |acc_next_482_fu_5454                |   32|   0|   32|          0|
    |acc_next_483_fu_5458                |   32|   0|   32|          0|
    |acc_next_484_fu_5462                |   32|   0|   32|          0|
    |acc_next_485_fu_5466                |   32|   0|   32|          0|
    |acc_next_486_fu_5470                |   32|   0|   32|          0|
    |acc_next_487_fu_5474                |   32|   0|   32|          0|
    |acc_next_488_fu_5478                |   32|   0|   32|          0|
    |acc_next_489_fu_5482                |   32|   0|   32|          0|
    |acc_next_48_fu_3718                 |   32|   0|   32|          0|
    |acc_next_490_fu_5486                |   32|   0|   32|          0|
    |acc_next_491_fu_5490                |   32|   0|   32|          0|
    |acc_next_492_fu_5494                |   32|   0|   32|          0|
    |acc_next_493_fu_5498                |   32|   0|   32|          0|
    |acc_next_494_fu_5502                |   32|   0|   32|          0|
    |acc_next_495_fu_5506                |   32|   0|   32|          0|
    |acc_next_496_fu_5510                |   32|   0|   32|          0|
    |acc_next_497_fu_5514                |   32|   0|   32|          0|
    |acc_next_498_fu_5518                |   32|   0|   32|          0|
    |acc_next_499_fu_5522                |   32|   0|   32|          0|
    |acc_next_49_fu_3722                 |   32|   0|   32|          0|
    |acc_next_4_fu_3542                  |   32|   0|   32|          0|
    |acc_next_500_fu_5526                |   32|   0|   32|          0|
    |acc_next_501_fu_5530                |   32|   0|   32|          0|
    |acc_next_502_fu_5534                |   32|   0|   32|          0|
    |acc_next_503_fu_5538                |   32|   0|   32|          0|
    |acc_next_504_fu_5542                |   32|   0|   32|          0|
    |acc_next_505_fu_5546                |   32|   0|   32|          0|
    |acc_next_506_fu_5550                |   32|   0|   32|          0|
    |acc_next_507_fu_5554                |   32|   0|   32|          0|
    |acc_next_508_fu_5558                |   32|   0|   32|          0|
    |acc_next_509_fu_5562                |   32|   0|   32|          0|
    |acc_next_50_fu_3726                 |   32|   0|   32|          0|
    |acc_next_510_fu_5566                |   32|   0|   32|          0|
    |acc_next_511_fu_5570                |   32|   0|   32|          0|
    |acc_next_51_fu_3730                 |   32|   0|   32|          0|
    |acc_next_52_fu_3734                 |   32|   0|   32|          0|
    |acc_next_53_fu_3738                 |   32|   0|   32|          0|
    |acc_next_54_fu_3742                 |   32|   0|   32|          0|
    |acc_next_55_fu_3746                 |   32|   0|   32|          0|
    |acc_next_56_fu_3750                 |   32|   0|   32|          0|
    |acc_next_57_fu_3754                 |   32|   0|   32|          0|
    |acc_next_58_fu_3758                 |   32|   0|   32|          0|
    |acc_next_59_fu_3762                 |   32|   0|   32|          0|
    |acc_next_5_fu_3546                  |   32|   0|   32|          0|
    |acc_next_60_fu_3766                 |   32|   0|   32|          0|
    |acc_next_61_fu_3770                 |   32|   0|   32|          0|
    |acc_next_62_fu_3774                 |   32|   0|   32|          0|
    |acc_next_63_fu_3778                 |   32|   0|   32|          0|
    |acc_next_64_fu_3782                 |   32|   0|   32|          0|
    |acc_next_65_fu_3786                 |   32|   0|   32|          0|
    |acc_next_66_fu_3790                 |   32|   0|   32|          0|
    |acc_next_67_fu_3794                 |   32|   0|   32|          0|
    |acc_next_68_fu_3798                 |   32|   0|   32|          0|
    |acc_next_69_fu_3802                 |   32|   0|   32|          0|
    |acc_next_6_fu_3550                  |   32|   0|   32|          0|
    |acc_next_70_fu_3806                 |   32|   0|   32|          0|
    |acc_next_71_fu_3810                 |   32|   0|   32|          0|
    |acc_next_72_fu_3814                 |   32|   0|   32|          0|
    |acc_next_73_fu_3818                 |   32|   0|   32|          0|
    |acc_next_74_fu_3822                 |   32|   0|   32|          0|
    |acc_next_75_fu_3826                 |   32|   0|   32|          0|
    |acc_next_76_fu_3830                 |   32|   0|   32|          0|
    |acc_next_77_fu_3834                 |   32|   0|   32|          0|
    |acc_next_78_fu_3838                 |   32|   0|   32|          0|
    |acc_next_79_fu_3842                 |   32|   0|   32|          0|
    |acc_next_7_fu_3554                  |   32|   0|   32|          0|
    |acc_next_80_fu_3846                 |   32|   0|   32|          0|
    |acc_next_81_fu_3850                 |   32|   0|   32|          0|
    |acc_next_82_fu_3854                 |   32|   0|   32|          0|
    |acc_next_83_fu_3858                 |   32|   0|   32|          0|
    |acc_next_84_fu_3862                 |   32|   0|   32|          0|
    |acc_next_85_fu_3866                 |   32|   0|   32|          0|
    |acc_next_86_fu_3870                 |   32|   0|   32|          0|
    |acc_next_87_fu_3874                 |   32|   0|   32|          0|
    |acc_next_88_fu_3878                 |   32|   0|   32|          0|
    |acc_next_89_fu_3882                 |   32|   0|   32|          0|
    |acc_next_8_fu_3558                  |   32|   0|   32|          0|
    |acc_next_90_fu_3886                 |   32|   0|   32|          0|
    |acc_next_91_fu_3890                 |   32|   0|   32|          0|
    |acc_next_92_fu_3894                 |   32|   0|   32|          0|
    |acc_next_93_fu_3898                 |   32|   0|   32|          0|
    |acc_next_94_fu_3902                 |   32|   0|   32|          0|
    |acc_next_95_fu_3906                 |   32|   0|   32|          0|
    |acc_next_96_fu_3910                 |   32|   0|   32|          0|
    |acc_next_97_fu_3914                 |   32|   0|   32|          0|
    |acc_next_98_fu_3918                 |   32|   0|   32|          0|
    |acc_next_99_fu_3922                 |   32|   0|   32|          0|
    |acc_next_9_fu_3562                  |   32|   0|   32|          0|
    |acc_next_fu_3526                    |   32|   0|   32|          0|
    |ap_CS_fsm                           |    1|   0|    1|          0|
    |ap_done_reg                         |    1|   0|    1|          0|
    |ap_enable_reg_pp0_iter1             |    1|   0|    1|          0|
    |ap_enable_reg_pp0_iter10            |    1|   0|    1|          0|
    |ap_enable_reg_pp0_iter100           |    1|   0|    1|          0|
    |ap_enable_reg_pp0_iter101           |    1|   0|    1|          0|
    |ap_enable_reg_pp0_iter102           |    1|   0|    1|          0|
    |ap_enable_reg_pp0_iter103           |    1|   0|    1|          0|
    |ap_enable_reg_pp0_iter104           |    1|   0|    1|          0|
    |ap_enable_reg_pp0_iter105           |    1|   0|    1|          0|
    |ap_enable_reg_pp0_iter106           |    1|   0|    1|          0|
    |ap_enable_reg_pp0_iter107           |    1|   0|    1|          0|
    |ap_enable_reg_pp0_iter108           |    1|   0|    1|          0|
    |ap_enable_reg_pp0_iter109           |    1|   0|    1|          0|
    |ap_enable_reg_pp0_iter11            |    1|   0|    1|          0|
    |ap_enable_reg_pp0_iter110           |    1|   0|    1|          0|
    |ap_enable_reg_pp0_iter111           |    1|   0|    1|          0|
    |ap_enable_reg_pp0_iter112           |    1|   0|    1|          0|
    |ap_enable_reg_pp0_iter113           |    1|   0|    1|          0|
    |ap_enable_reg_pp0_iter114           |    1|   0|    1|          0|
    |ap_enable_reg_pp0_iter115           |    1|   0|    1|          0|
    |ap_enable_reg_pp0_iter116           |    1|   0|    1|          0|
    |ap_enable_reg_pp0_iter117           |    1|   0|    1|          0|
    |ap_enable_reg_pp0_iter118           |    1|   0|    1|          0|
    |ap_enable_reg_pp0_iter119           |    1|   0|    1|          0|
    |ap_enable_reg_pp0_iter12            |    1|   0|    1|          0|
    |ap_enable_reg_pp0_iter120           |    1|   0|    1|          0|
    |ap_enable_reg_pp0_iter121           |    1|   0|    1|          0|
    |ap_enable_reg_pp0_iter122           |    1|   0|    1|          0|
    |ap_enable_reg_pp0_iter123           |    1|   0|    1|          0|
    |ap_enable_reg_pp0_iter124           |    1|   0|    1|          0|
    |ap_enable_reg_pp0_iter13            |    1|   0|    1|          0|
    |ap_enable_reg_pp0_iter14            |    1|   0|    1|          0|
    |ap_enable_reg_pp0_iter15            |    1|   0|    1|          0|
    |ap_enable_reg_pp0_iter16            |    1|   0|    1|          0|
    |ap_enable_reg_pp0_iter17            |    1|   0|    1|          0|
    |ap_enable_reg_pp0_iter18            |    1|   0|    1|          0|
    |ap_enable_reg_pp0_iter19            |    1|   0|    1|          0|
    |ap_enable_reg_pp0_iter2             |    1|   0|    1|          0|
    |ap_enable_reg_pp0_iter20            |    1|   0|    1|          0|
    |ap_enable_reg_pp0_iter21            |    1|   0|    1|          0|
    |ap_enable_reg_pp0_iter22            |    1|   0|    1|          0|
    |ap_enable_reg_pp0_iter23            |    1|   0|    1|          0|
    |ap_enable_reg_pp0_iter24            |    1|   0|    1|          0|
    |ap_enable_reg_pp0_iter25            |    1|   0|    1|          0|
    |ap_enable_reg_pp0_iter26            |    1|   0|    1|          0|
    |ap_enable_reg_pp0_iter27            |    1|   0|    1|          0|
    |ap_enable_reg_pp0_iter28            |    1|   0|    1|          0|
    |ap_enable_reg_pp0_iter29            |    1|   0|    1|          0|
    |ap_enable_reg_pp0_iter3             |    1|   0|    1|          0|
    |ap_enable_reg_pp0_iter30            |    1|   0|    1|          0|
    |ap_enable_reg_pp0_iter31            |    1|   0|    1|          0|
    |ap_enable_reg_pp0_iter32            |    1|   0|    1|          0|
    |ap_enable_reg_pp0_iter33            |    1|   0|    1|          0|
    |ap_enable_reg_pp0_iter34            |    1|   0|    1|          0|
    |ap_enable_reg_pp0_iter35            |    1|   0|    1|          0|
    |ap_enable_reg_pp0_iter36            |    1|   0|    1|          0|
    |ap_enable_reg_pp0_iter37            |    1|   0|    1|          0|
    |ap_enable_reg_pp0_iter38            |    1|   0|    1|          0|
    |ap_enable_reg_pp0_iter39            |    1|   0|    1|          0|
    |ap_enable_reg_pp0_iter4             |    1|   0|    1|          0|
    |ap_enable_reg_pp0_iter40            |    1|   0|    1|          0|
    |ap_enable_reg_pp0_iter41            |    1|   0|    1|          0|
    |ap_enable_reg_pp0_iter42            |    1|   0|    1|          0|
    |ap_enable_reg_pp0_iter43            |    1|   0|    1|          0|
    |ap_enable_reg_pp0_iter44            |    1|   0|    1|          0|
    |ap_enable_reg_pp0_iter45            |    1|   0|    1|          0|
    |ap_enable_reg_pp0_iter46            |    1|   0|    1|          0|
    |ap_enable_reg_pp0_iter47            |    1|   0|    1|          0|
    |ap_enable_reg_pp0_iter48            |    1|   0|    1|          0|
    |ap_enable_reg_pp0_iter49            |    1|   0|    1|          0|
    |ap_enable_reg_pp0_iter5             |    1|   0|    1|          0|
    |ap_enable_reg_pp0_iter50            |    1|   0|    1|          0|
    |ap_enable_reg_pp0_iter51            |    1|   0|    1|          0|
    |ap_enable_reg_pp0_iter52            |    1|   0|    1|          0|
    |ap_enable_reg_pp0_iter53            |    1|   0|    1|          0|
    |ap_enable_reg_pp0_iter54            |    1|   0|    1|          0|
    |ap_enable_reg_pp0_iter55            |    1|   0|    1|          0|
    |ap_enable_reg_pp0_iter56            |    1|   0|    1|          0|
    |ap_enable_reg_pp0_iter57            |    1|   0|    1|          0|
    |ap_enable_reg_pp0_iter58            |    1|   0|    1|          0|
    |ap_enable_reg_pp0_iter59            |    1|   0|    1|          0|
    |ap_enable_reg_pp0_iter6             |    1|   0|    1|          0|
    |ap_enable_reg_pp0_iter60            |    1|   0|    1|          0|
    |ap_enable_reg_pp0_iter61            |    1|   0|    1|          0|
    |ap_enable_reg_pp0_iter62            |    1|   0|    1|          0|
    |ap_enable_reg_pp0_iter63            |    1|   0|    1|          0|
    |ap_enable_reg_pp0_iter64            |    1|   0|    1|          0|
    |ap_enable_reg_pp0_iter65            |    1|   0|    1|          0|
    |ap_enable_reg_pp0_iter66            |    1|   0|    1|          0|
    |ap_enable_reg_pp0_iter67            |    1|   0|    1|          0|
    |ap_enable_reg_pp0_iter68            |    1|   0|    1|          0|
    |ap_enable_reg_pp0_iter69            |    1|   0|    1|          0|
    |ap_enable_reg_pp0_iter7             |    1|   0|    1|          0|
    |ap_enable_reg_pp0_iter70            |    1|   0|    1|          0|
    |ap_enable_reg_pp0_iter71            |    1|   0|    1|          0|
    |ap_enable_reg_pp0_iter72            |    1|   0|    1|          0|
    |ap_enable_reg_pp0_iter73            |    1|   0|    1|          0|
    |ap_enable_reg_pp0_iter74            |    1|   0|    1|          0|
    |ap_enable_reg_pp0_iter75            |    1|   0|    1|          0|
    |ap_enable_reg_pp0_iter76            |    1|   0|    1|          0|
    |ap_enable_reg_pp0_iter77            |    1|   0|    1|          0|
    |ap_enable_reg_pp0_iter78            |    1|   0|    1|          0|
    |ap_enable_reg_pp0_iter79            |    1|   0|    1|          0|
    |ap_enable_reg_pp0_iter8             |    1|   0|    1|          0|
    |ap_enable_reg_pp0_iter80            |    1|   0|    1|          0|
    |ap_enable_reg_pp0_iter81            |    1|   0|    1|          0|
    |ap_enable_reg_pp0_iter82            |    1|   0|    1|          0|
    |ap_enable_reg_pp0_iter83            |    1|   0|    1|          0|
    |ap_enable_reg_pp0_iter84            |    1|   0|    1|          0|
    |ap_enable_reg_pp0_iter85            |    1|   0|    1|          0|
    |ap_enable_reg_pp0_iter86            |    1|   0|    1|          0|
    |ap_enable_reg_pp0_iter87            |    1|   0|    1|          0|
    |ap_enable_reg_pp0_iter88            |    1|   0|    1|          0|
    |ap_enable_reg_pp0_iter89            |    1|   0|    1|          0|
    |ap_enable_reg_pp0_iter9             |    1|   0|    1|          0|
    |ap_enable_reg_pp0_iter90            |    1|   0|    1|          0|
    |ap_enable_reg_pp0_iter91            |    1|   0|    1|          0|
    |ap_enable_reg_pp0_iter92            |    1|   0|    1|          0|
    |ap_enable_reg_pp0_iter93            |    1|   0|    1|          0|
    |ap_enable_reg_pp0_iter94            |    1|   0|    1|          0|
    |ap_enable_reg_pp0_iter95            |    1|   0|    1|          0|
    |ap_enable_reg_pp0_iter96            |    1|   0|    1|          0|
    |ap_enable_reg_pp0_iter97            |    1|   0|    1|          0|
    |ap_enable_reg_pp0_iter98            |    1|   0|    1|          0|
    |ap_enable_reg_pp0_iter99            |    1|   0|    1|          0|
    |ap_loop_exit_ready_pp0_iter100_reg  |    1|   0|    1|          0|
    |ap_loop_exit_ready_pp0_iter101_reg  |    1|   0|    1|          0|
    |ap_loop_exit_ready_pp0_iter102_reg  |    1|   0|    1|          0|
    |ap_loop_exit_ready_pp0_iter103_reg  |    1|   0|    1|          0|
    |ap_loop_exit_ready_pp0_iter104_reg  |    1|   0|    1|          0|
    |ap_loop_exit_ready_pp0_iter105_reg  |    1|   0|    1|          0|
    |ap_loop_exit_ready_pp0_iter106_reg  |    1|   0|    1|          0|
    |ap_loop_exit_ready_pp0_iter107_reg  |    1|   0|    1|          0|
    |ap_loop_exit_ready_pp0_iter108_reg  |    1|   0|    1|          0|
    |ap_loop_exit_ready_pp0_iter109_reg  |    1|   0|    1|          0|
    |ap_loop_exit_ready_pp0_iter10_reg   |    1|   0|    1|          0|
    |ap_loop_exit_ready_pp0_iter110_reg  |    1|   0|    1|          0|
    |ap_loop_exit_ready_pp0_iter111_reg  |    1|   0|    1|          0|
    |ap_loop_exit_ready_pp0_iter112_reg  |    1|   0|    1|          0|
    |ap_loop_exit_ready_pp0_iter113_reg  |    1|   0|    1|          0|
    |ap_loop_exit_ready_pp0_iter114_reg  |    1|   0|    1|          0|
    |ap_loop_exit_ready_pp0_iter115_reg  |    1|   0|    1|          0|
    |ap_loop_exit_ready_pp0_iter116_reg  |    1|   0|    1|          0|
    |ap_loop_exit_ready_pp0_iter117_reg  |    1|   0|    1|          0|
    |ap_loop_exit_ready_pp0_iter118_reg  |    1|   0|    1|          0|
    |ap_loop_exit_ready_pp0_iter119_reg  |    1|   0|    1|          0|
    |ap_loop_exit_ready_pp0_iter11_reg   |    1|   0|    1|          0|
    |ap_loop_exit_ready_pp0_iter120_reg  |    1|   0|    1|          0|
    |ap_loop_exit_ready_pp0_iter121_reg  |    1|   0|    1|          0|
    |ap_loop_exit_ready_pp0_iter122_reg  |    1|   0|    1|          0|
    |ap_loop_exit_ready_pp0_iter123_reg  |    1|   0|    1|          0|
    |ap_loop_exit_ready_pp0_iter12_reg   |    1|   0|    1|          0|
    |ap_loop_exit_ready_pp0_iter13_reg   |    1|   0|    1|          0|
    |ap_loop_exit_ready_pp0_iter14_reg   |    1|   0|    1|          0|
    |ap_loop_exit_ready_pp0_iter15_reg   |    1|   0|    1|          0|
    |ap_loop_exit_ready_pp0_iter16_reg   |    1|   0|    1|          0|
    |ap_loop_exit_ready_pp0_iter17_reg   |    1|   0|    1|          0|
    |ap_loop_exit_ready_pp0_iter18_reg   |    1|   0|    1|          0|
    |ap_loop_exit_ready_pp0_iter19_reg   |    1|   0|    1|          0|
    |ap_loop_exit_ready_pp0_iter1_reg    |    1|   0|    1|          0|
    |ap_loop_exit_ready_pp0_iter20_reg   |    1|   0|    1|          0|
    |ap_loop_exit_ready_pp0_iter21_reg   |    1|   0|    1|          0|
    |ap_loop_exit_ready_pp0_iter22_reg   |    1|   0|    1|          0|
    |ap_loop_exit_ready_pp0_iter23_reg   |    1|   0|    1|          0|
    |ap_loop_exit_ready_pp0_iter24_reg   |    1|   0|    1|          0|
    |ap_loop_exit_ready_pp0_iter25_reg   |    1|   0|    1|          0|
    |ap_loop_exit_ready_pp0_iter26_reg   |    1|   0|    1|          0|
    |ap_loop_exit_ready_pp0_iter27_reg   |    1|   0|    1|          0|
    |ap_loop_exit_ready_pp0_iter28_reg   |    1|   0|    1|          0|
    |ap_loop_exit_ready_pp0_iter29_reg   |    1|   0|    1|          0|
    |ap_loop_exit_ready_pp0_iter2_reg    |    1|   0|    1|          0|
    |ap_loop_exit_ready_pp0_iter30_reg   |    1|   0|    1|          0|
    |ap_loop_exit_ready_pp0_iter31_reg   |    1|   0|    1|          0|
    |ap_loop_exit_ready_pp0_iter32_reg   |    1|   0|    1|          0|
    |ap_loop_exit_ready_pp0_iter33_reg   |    1|   0|    1|          0|
    |ap_loop_exit_ready_pp0_iter34_reg   |    1|   0|    1|          0|
    |ap_loop_exit_ready_pp0_iter35_reg   |    1|   0|    1|          0|
    |ap_loop_exit_ready_pp0_iter36_reg   |    1|   0|    1|          0|
    |ap_loop_exit_ready_pp0_iter37_reg   |    1|   0|    1|          0|
    |ap_loop_exit_ready_pp0_iter38_reg   |    1|   0|    1|          0|
    |ap_loop_exit_ready_pp0_iter39_reg   |    1|   0|    1|          0|
    |ap_loop_exit_ready_pp0_iter3_reg    |    1|   0|    1|          0|
    |ap_loop_exit_ready_pp0_iter40_reg   |    1|   0|    1|          0|
    |ap_loop_exit_ready_pp0_iter41_reg   |    1|   0|    1|          0|
    |ap_loop_exit_ready_pp0_iter42_reg   |    1|   0|    1|          0|
    |ap_loop_exit_ready_pp0_iter43_reg   |    1|   0|    1|          0|
    |ap_loop_exit_ready_pp0_iter44_reg   |    1|   0|    1|          0|
    |ap_loop_exit_ready_pp0_iter45_reg   |    1|   0|    1|          0|
    |ap_loop_exit_ready_pp0_iter46_reg   |    1|   0|    1|          0|
    |ap_loop_exit_ready_pp0_iter47_reg   |    1|   0|    1|          0|
    |ap_loop_exit_ready_pp0_iter48_reg   |    1|   0|    1|          0|
    |ap_loop_exit_ready_pp0_iter49_reg   |    1|   0|    1|          0|
    |ap_loop_exit_ready_pp0_iter4_reg    |    1|   0|    1|          0|
    |ap_loop_exit_ready_pp0_iter50_reg   |    1|   0|    1|          0|
    |ap_loop_exit_ready_pp0_iter51_reg   |    1|   0|    1|          0|
    |ap_loop_exit_ready_pp0_iter52_reg   |    1|   0|    1|          0|
    |ap_loop_exit_ready_pp0_iter53_reg   |    1|   0|    1|          0|
    |ap_loop_exit_ready_pp0_iter54_reg   |    1|   0|    1|          0|
    |ap_loop_exit_ready_pp0_iter55_reg   |    1|   0|    1|          0|
    |ap_loop_exit_ready_pp0_iter56_reg   |    1|   0|    1|          0|
    |ap_loop_exit_ready_pp0_iter57_reg   |    1|   0|    1|          0|
    |ap_loop_exit_ready_pp0_iter58_reg   |    1|   0|    1|          0|
    |ap_loop_exit_ready_pp0_iter59_reg   |    1|   0|    1|          0|
    |ap_loop_exit_ready_pp0_iter5_reg    |    1|   0|    1|          0|
    |ap_loop_exit_ready_pp0_iter60_reg   |    1|   0|    1|          0|
    |ap_loop_exit_ready_pp0_iter61_reg   |    1|   0|    1|          0|
    |ap_loop_exit_ready_pp0_iter62_reg   |    1|   0|    1|          0|
    |ap_loop_exit_ready_pp0_iter63_reg   |    1|   0|    1|          0|
    |ap_loop_exit_ready_pp0_iter64_reg   |    1|   0|    1|          0|
    |ap_loop_exit_ready_pp0_iter65_reg   |    1|   0|    1|          0|
    |ap_loop_exit_ready_pp0_iter66_reg   |    1|   0|    1|          0|
    |ap_loop_exit_ready_pp0_iter67_reg   |    1|   0|    1|          0|
    |ap_loop_exit_ready_pp0_iter68_reg   |    1|   0|    1|          0|
    |ap_loop_exit_ready_pp0_iter69_reg   |    1|   0|    1|          0|
    |ap_loop_exit_ready_pp0_iter6_reg    |    1|   0|    1|          0|
    |ap_loop_exit_ready_pp0_iter70_reg   |    1|   0|    1|          0|
    |ap_loop_exit_ready_pp0_iter71_reg   |    1|   0|    1|          0|
    |ap_loop_exit_ready_pp0_iter72_reg   |    1|   0|    1|          0|
    |ap_loop_exit_ready_pp0_iter73_reg   |    1|   0|    1|          0|
    |ap_loop_exit_ready_pp0_iter74_reg   |    1|   0|    1|          0|
    |ap_loop_exit_ready_pp0_iter75_reg   |    1|   0|    1|          0|
    |ap_loop_exit_ready_pp0_iter76_reg   |    1|   0|    1|          0|
    |ap_loop_exit_ready_pp0_iter77_reg   |    1|   0|    1|          0|
    |ap_loop_exit_ready_pp0_iter78_reg   |    1|   0|    1|          0|
    |ap_loop_exit_ready_pp0_iter79_reg   |    1|   0|    1|          0|
    |ap_loop_exit_ready_pp0_iter7_reg    |    1|   0|    1|          0|
    |ap_loop_exit_ready_pp0_iter80_reg   |    1|   0|    1|          0|
    |ap_loop_exit_ready_pp0_iter81_reg   |    1|   0|    1|          0|
    |ap_loop_exit_ready_pp0_iter82_reg   |    1|   0|    1|          0|
    |ap_loop_exit_ready_pp0_iter83_reg   |    1|   0|    1|          0|
    |ap_loop_exit_ready_pp0_iter84_reg   |    1|   0|    1|          0|
    |ap_loop_exit_ready_pp0_iter85_reg   |    1|   0|    1|          0|
    |ap_loop_exit_ready_pp0_iter86_reg   |    1|   0|    1|          0|
    |ap_loop_exit_ready_pp0_iter87_reg   |    1|   0|    1|          0|
    |ap_loop_exit_ready_pp0_iter88_reg   |    1|   0|    1|          0|
    |ap_loop_exit_ready_pp0_iter89_reg   |    1|   0|    1|          0|
    |ap_loop_exit_ready_pp0_iter8_reg    |    1|   0|    1|          0|
    |ap_loop_exit_ready_pp0_iter90_reg   |    1|   0|    1|          0|
    |ap_loop_exit_ready_pp0_iter91_reg   |    1|   0|    1|          0|
    |ap_loop_exit_ready_pp0_iter92_reg   |    1|   0|    1|          0|
    |ap_loop_exit_ready_pp0_iter93_reg   |    1|   0|    1|          0|
    |ap_loop_exit_ready_pp0_iter94_reg   |    1|   0|    1|          0|
    |ap_loop_exit_ready_pp0_iter95_reg   |    1|   0|    1|          0|
    |ap_loop_exit_ready_pp0_iter96_reg   |    1|   0|    1|          0|
    |ap_loop_exit_ready_pp0_iter97_reg   |    1|   0|    1|          0|
    |ap_loop_exit_ready_pp0_iter98_reg   |    1|   0|    1|          0|
    |ap_loop_exit_ready_pp0_iter99_reg   |    1|   0|    1|          0|
    |ap_loop_exit_ready_pp0_iter9_reg    |    1|   0|    1|          0|
    |dim_fu_3522                         |    7|   0|    7|          0|
    |icmp_ln242_reg_31903                |    1|   0|    1|          0|
    |mul102_10_reg_32890                 |   32|   0|   32|          0|
    |mul102_11_reg_32987                 |   32|   0|   32|          0|
    |mul102_12_reg_33084                 |   32|   0|   32|          0|
    |mul102_13_reg_33181                 |   32|   0|   32|          0|
    |mul102_14_reg_33278                 |   32|   0|   32|          0|
    |mul102_15_reg_33375                 |   32|   0|   32|          0|
    |mul102_16_reg_32114                 |   32|   0|   32|          0|
    |mul102_17_reg_32211                 |   32|   0|   32|          0|
    |mul102_18_reg_32308                 |   32|   0|   32|          0|
    |mul102_19_reg_32405                 |   32|   0|   32|          0|
    |mul102_1_10_reg_32997               |   32|   0|   32|          0|
    |mul102_1_11_reg_33094               |   32|   0|   32|          0|
    |mul102_1_12_reg_33191               |   32|   0|   32|          0|
    |mul102_1_13_reg_33288               |   32|   0|   32|          0|
    |mul102_1_14_reg_33385               |   32|   0|   32|          0|
    |mul102_1_1_reg_32027                |   32|   0|   32|          0|
    |mul102_1_2_reg_32124                |   32|   0|   32|          0|
    |mul102_1_3_reg_32221                |   32|   0|   32|          0|
    |mul102_1_4_reg_32318                |   32|   0|   32|          0|
    |mul102_1_5_reg_32415                |   32|   0|   32|          0|
    |mul102_1_6_reg_32512                |   32|   0|   32|          0|
    |mul102_1_7_reg_32609                |   32|   0|   32|          0|
    |mul102_1_8_reg_32706                |   32|   0|   32|          0|
    |mul102_1_9_reg_32803                |   32|   0|   32|          0|
    |mul102_1_reg_31960                  |   32|   0|   32|          0|
    |mul102_1_s_reg_32900                |   32|   0|   32|          0|
    |mul102_20_reg_32502                 |   32|   0|   32|          0|
    |mul102_21_reg_32599                 |   32|   0|   32|          0|
    |mul102_2_10_reg_33007               |   32|   0|   32|          0|
    |mul102_2_11_reg_33104               |   32|   0|   32|          0|
    |mul102_2_12_reg_33201               |   32|   0|   32|          0|
    |mul102_2_13_reg_33298               |   32|   0|   32|          0|
    |mul102_2_14_reg_33395               |   32|   0|   32|          0|
    |mul102_2_1_reg_32037                |   32|   0|   32|          0|
    |mul102_2_2_reg_32134                |   32|   0|   32|          0|
    |mul102_2_3_reg_32231                |   32|   0|   32|          0|
    |mul102_2_4_reg_32328                |   32|   0|   32|          0|
    |mul102_2_5_reg_32425                |   32|   0|   32|          0|
    |mul102_2_6_reg_32522                |   32|   0|   32|          0|
    |mul102_2_7_reg_32619                |   32|   0|   32|          0|
    |mul102_2_8_reg_32716                |   32|   0|   32|          0|
    |mul102_2_9_reg_32813                |   32|   0|   32|          0|
    |mul102_2_reg_31965                  |   32|   0|   32|          0|
    |mul102_2_s_reg_32910                |   32|   0|   32|          0|
    |mul102_3_10_reg_33017               |   32|   0|   32|          0|
    |mul102_3_11_reg_33114               |   32|   0|   32|          0|
    |mul102_3_12_reg_33211               |   32|   0|   32|          0|
    |mul102_3_13_reg_33308               |   32|   0|   32|          0|
    |mul102_3_14_reg_33405               |   32|   0|   32|          0|
    |mul102_3_1_reg_32047                |   32|   0|   32|          0|
    |mul102_3_2_reg_32144                |   32|   0|   32|          0|
    |mul102_3_3_reg_32241                |   32|   0|   32|          0|
    |mul102_3_4_reg_32338                |   32|   0|   32|          0|
    |mul102_3_5_reg_32435                |   32|   0|   32|          0|
    |mul102_3_6_reg_32532                |   32|   0|   32|          0|
    |mul102_3_7_reg_32629                |   32|   0|   32|          0|
    |mul102_3_8_reg_32726                |   32|   0|   32|          0|
    |mul102_3_9_reg_32823                |   32|   0|   32|          0|
    |mul102_3_reg_31970                  |   32|   0|   32|          0|
    |mul102_3_s_reg_32920                |   32|   0|   32|          0|
    |mul102_4_10_reg_33027               |   32|   0|   32|          0|
    |mul102_4_11_reg_33124               |   32|   0|   32|          0|
    |mul102_4_12_reg_33221               |   32|   0|   32|          0|
    |mul102_4_13_reg_33318               |   32|   0|   32|          0|
    |mul102_4_14_reg_33415               |   32|   0|   32|          0|
    |mul102_4_1_reg_32057                |   32|   0|   32|          0|
    |mul102_4_2_reg_32154                |   32|   0|   32|          0|
    |mul102_4_3_reg_32251                |   32|   0|   32|          0|
    |mul102_4_4_reg_32348                |   32|   0|   32|          0|
    |mul102_4_5_reg_32445                |   32|   0|   32|          0|
    |mul102_4_6_reg_32542                |   32|   0|   32|          0|
    |mul102_4_7_reg_32639                |   32|   0|   32|          0|
    |mul102_4_8_reg_32736                |   32|   0|   32|          0|
    |mul102_4_9_reg_32833                |   32|   0|   32|          0|
    |mul102_4_reg_31975                  |   32|   0|   32|          0|
    |mul102_4_s_reg_32930                |   32|   0|   32|          0|
    |mul102_5_10_reg_33037               |   32|   0|   32|          0|
    |mul102_5_11_reg_33134               |   32|   0|   32|          0|
    |mul102_5_12_reg_33231               |   32|   0|   32|          0|
    |mul102_5_13_reg_33328               |   32|   0|   32|          0|
    |mul102_5_14_reg_33425               |   32|   0|   32|          0|
    |mul102_5_1_reg_32067                |   32|   0|   32|          0|
    |mul102_5_2_reg_32164                |   32|   0|   32|          0|
    |mul102_5_3_reg_32261                |   32|   0|   32|          0|
    |mul102_5_4_reg_32358                |   32|   0|   32|          0|
    |mul102_5_5_reg_32455                |   32|   0|   32|          0|
    |mul102_5_6_reg_32552                |   32|   0|   32|          0|
    |mul102_5_7_reg_32649                |   32|   0|   32|          0|
    |mul102_5_8_reg_32746                |   32|   0|   32|          0|
    |mul102_5_9_reg_32843                |   32|   0|   32|          0|
    |mul102_5_reg_31980                  |   32|   0|   32|          0|
    |mul102_5_s_reg_32940                |   32|   0|   32|          0|
    |mul102_6_10_reg_33047               |   32|   0|   32|          0|
    |mul102_6_11_reg_33144               |   32|   0|   32|          0|
    |mul102_6_12_reg_33241               |   32|   0|   32|          0|
    |mul102_6_13_reg_33338               |   32|   0|   32|          0|
    |mul102_6_14_reg_33435               |   32|   0|   32|          0|
    |mul102_6_1_reg_32077                |   32|   0|   32|          0|
    |mul102_6_2_reg_32174                |   32|   0|   32|          0|
    |mul102_6_3_reg_32271                |   32|   0|   32|          0|
    |mul102_6_4_reg_32368                |   32|   0|   32|          0|
    |mul102_6_5_reg_32465                |   32|   0|   32|          0|
    |mul102_6_6_reg_32562                |   32|   0|   32|          0|
    |mul102_6_7_reg_32659                |   32|   0|   32|          0|
    |mul102_6_8_reg_32756                |   32|   0|   32|          0|
    |mul102_6_9_reg_32853                |   32|   0|   32|          0|
    |mul102_6_reg_31985                  |   32|   0|   32|          0|
    |mul102_6_s_reg_32950                |   32|   0|   32|          0|
    |mul102_7_10_reg_33057               |   32|   0|   32|          0|
    |mul102_7_11_reg_33154               |   32|   0|   32|          0|
    |mul102_7_12_reg_33251               |   32|   0|   32|          0|
    |mul102_7_13_reg_33348               |   32|   0|   32|          0|
    |mul102_7_14_reg_33445               |   32|   0|   32|          0|
    |mul102_7_1_reg_32087                |   32|   0|   32|          0|
    |mul102_7_2_reg_32184                |   32|   0|   32|          0|
    |mul102_7_3_reg_32281                |   32|   0|   32|          0|
    |mul102_7_4_reg_32378                |   32|   0|   32|          0|
    |mul102_7_5_reg_32475                |   32|   0|   32|          0|
    |mul102_7_6_reg_32572                |   32|   0|   32|          0|
    |mul102_7_7_reg_32669                |   32|   0|   32|          0|
    |mul102_7_8_reg_32766                |   32|   0|   32|          0|
    |mul102_7_9_reg_32863                |   32|   0|   32|          0|
    |mul102_7_reg_31990                  |   32|   0|   32|          0|
    |mul102_7_s_reg_32960                |   32|   0|   32|          0|
    |mul102_8_reg_32696                  |   32|   0|   32|          0|
    |mul102_9_reg_32793                  |   32|   0|   32|          0|
    |mul102_s_reg_32017                  |   32|   0|   32|          0|
    |mul_reg_31955                       |   32|   0|   32|          0|
    |partial_100_reg_32460               |   32|   0|   32|          0|
    |partial_101_reg_32557               |   32|   0|   32|          0|
    |partial_102_reg_32654               |   32|   0|   32|          0|
    |partial_103_reg_32751               |   32|   0|   32|          0|
    |partial_104_reg_32848               |   32|   0|   32|          0|
    |partial_105_reg_32945               |   32|   0|   32|          0|
    |partial_106_reg_33042               |   32|   0|   32|          0|
    |partial_107_reg_33139               |   32|   0|   32|          0|
    |partial_108_reg_33236               |   32|   0|   32|          0|
    |partial_109_reg_33333               |   32|   0|   32|          0|
    |partial_10_reg_32982                |   32|   0|   32|          0|
    |partial_110_reg_33430               |   32|   0|   32|          0|
    |partial_111_reg_33510               |   32|   0|   32|          0|
    |partial_112_reg_32082               |   32|   0|   32|          0|
    |partial_113_reg_32179               |   32|   0|   32|          0|
    |partial_114_reg_32276               |   32|   0|   32|          0|
    |partial_115_reg_32373               |   32|   0|   32|          0|
    |partial_116_reg_32470               |   32|   0|   32|          0|
    |partial_117_reg_32567               |   32|   0|   32|          0|
    |partial_118_reg_32664               |   32|   0|   32|          0|
    |partial_119_reg_32761               |   32|   0|   32|          0|
    |partial_11_reg_33079                |   32|   0|   32|          0|
    |partial_120_reg_32858               |   32|   0|   32|          0|
    |partial_121_reg_32955               |   32|   0|   32|          0|
    |partial_122_reg_33052               |   32|   0|   32|          0|
    |partial_123_reg_33149               |   32|   0|   32|          0|
    |partial_124_reg_33246               |   32|   0|   32|          0|
    |partial_125_reg_33343               |   32|   0|   32|          0|
    |partial_126_reg_33440               |   32|   0|   32|          0|
    |partial_127_reg_33520               |   32|   0|   32|          0|
    |partial_12_reg_33176                |   32|   0|   32|          0|
    |partial_13_reg_33273                |   32|   0|   32|          0|
    |partial_14_reg_33370                |   32|   0|   32|          0|
    |partial_15_reg_33450                |   32|   0|   32|          0|
    |partial_16_reg_32022                |   32|   0|   32|          0|
    |partial_17_reg_32119                |   32|   0|   32|          0|
    |partial_18_reg_32216                |   32|   0|   32|          0|
    |partial_19_reg_32313                |   32|   0|   32|          0|
    |partial_1_reg_32109                 |   32|   0|   32|          0|
    |partial_20_reg_32410                |   32|   0|   32|          0|
    |partial_21_reg_32507                |   32|   0|   32|          0|
    |partial_22_reg_32604                |   32|   0|   32|          0|
    |partial_23_reg_32701                |   32|   0|   32|          0|
    |partial_24_reg_32798                |   32|   0|   32|          0|
    |partial_25_reg_32895                |   32|   0|   32|          0|
    |partial_26_reg_32992                |   32|   0|   32|          0|
    |partial_27_reg_33089                |   32|   0|   32|          0|
    |partial_28_reg_33186                |   32|   0|   32|          0|
    |partial_29_reg_33283                |   32|   0|   32|          0|
    |partial_2_reg_32206                 |   32|   0|   32|          0|
    |partial_30_reg_33380                |   32|   0|   32|          0|
    |partial_31_reg_33460                |   32|   0|   32|          0|
    |partial_32_reg_32032                |   32|   0|   32|          0|
    |partial_33_reg_32129                |   32|   0|   32|          0|
    |partial_34_reg_32226                |   32|   0|   32|          0|
    |partial_35_reg_32323                |   32|   0|   32|          0|
    |partial_36_reg_32420                |   32|   0|   32|          0|
    |partial_37_reg_32517                |   32|   0|   32|          0|
    |partial_38_reg_32614                |   32|   0|   32|          0|
    |partial_39_reg_32711                |   32|   0|   32|          0|
    |partial_3_reg_32303                 |   32|   0|   32|          0|
    |partial_40_reg_32808                |   32|   0|   32|          0|
    |partial_41_reg_32905                |   32|   0|   32|          0|
    |partial_42_reg_33002                |   32|   0|   32|          0|
    |partial_43_reg_33099                |   32|   0|   32|          0|
    |partial_44_reg_33196                |   32|   0|   32|          0|
    |partial_45_reg_33293                |   32|   0|   32|          0|
    |partial_46_reg_33390                |   32|   0|   32|          0|
    |partial_47_reg_33470                |   32|   0|   32|          0|
    |partial_48_reg_32042                |   32|   0|   32|          0|
    |partial_49_reg_32139                |   32|   0|   32|          0|
    |partial_4_reg_32400                 |   32|   0|   32|          0|
    |partial_50_reg_32236                |   32|   0|   32|          0|
    |partial_51_reg_32333                |   32|   0|   32|          0|
    |partial_52_reg_32430                |   32|   0|   32|          0|
    |partial_53_reg_32527                |   32|   0|   32|          0|
    |partial_54_reg_32624                |   32|   0|   32|          0|
    |partial_55_reg_32721                |   32|   0|   32|          0|
    |partial_56_reg_32818                |   32|   0|   32|          0|
    |partial_57_reg_32915                |   32|   0|   32|          0|
    |partial_58_reg_33012                |   32|   0|   32|          0|
    |partial_59_reg_33109                |   32|   0|   32|          0|
    |partial_5_reg_32497                 |   32|   0|   32|          0|
    |partial_60_reg_33206                |   32|   0|   32|          0|
    |partial_61_reg_33303                |   32|   0|   32|          0|
    |partial_62_reg_33400                |   32|   0|   32|          0|
    |partial_63_reg_33480                |   32|   0|   32|          0|
    |partial_64_reg_32052                |   32|   0|   32|          0|
    |partial_65_reg_32149                |   32|   0|   32|          0|
    |partial_66_reg_32246                |   32|   0|   32|          0|
    |partial_67_reg_32343                |   32|   0|   32|          0|
    |partial_68_reg_32440                |   32|   0|   32|          0|
    |partial_69_reg_32537                |   32|   0|   32|          0|
    |partial_6_reg_32594                 |   32|   0|   32|          0|
    |partial_70_reg_32634                |   32|   0|   32|          0|
    |partial_71_reg_32731                |   32|   0|   32|          0|
    |partial_72_reg_32828                |   32|   0|   32|          0|
    |partial_73_reg_32925                |   32|   0|   32|          0|
    |partial_74_reg_33022                |   32|   0|   32|          0|
    |partial_75_reg_33119                |   32|   0|   32|          0|
    |partial_76_reg_33216                |   32|   0|   32|          0|
    |partial_77_reg_33313                |   32|   0|   32|          0|
    |partial_78_reg_33410                |   32|   0|   32|          0|
    |partial_79_reg_33490                |   32|   0|   32|          0|
    |partial_7_reg_32691                 |   32|   0|   32|          0|
    |partial_80_reg_32062                |   32|   0|   32|          0|
    |partial_81_reg_32159                |   32|   0|   32|          0|
    |partial_82_reg_32256                |   32|   0|   32|          0|
    |partial_83_reg_32353                |   32|   0|   32|          0|
    |partial_84_reg_32450                |   32|   0|   32|          0|
    |partial_85_reg_32547                |   32|   0|   32|          0|
    |partial_86_reg_32644                |   32|   0|   32|          0|
    |partial_87_reg_32741                |   32|   0|   32|          0|
    |partial_88_reg_32838                |   32|   0|   32|          0|
    |partial_89_reg_32935                |   32|   0|   32|          0|
    |partial_8_reg_32788                 |   32|   0|   32|          0|
    |partial_90_reg_33032                |   32|   0|   32|          0|
    |partial_91_reg_33129                |   32|   0|   32|          0|
    |partial_92_reg_33226                |   32|   0|   32|          0|
    |partial_93_reg_33323                |   32|   0|   32|          0|
    |partial_94_reg_33420                |   32|   0|   32|          0|
    |partial_95_reg_33500                |   32|   0|   32|          0|
    |partial_96_reg_32072                |   32|   0|   32|          0|
    |partial_97_reg_32169                |   32|   0|   32|          0|
    |partial_98_reg_32266                |   32|   0|   32|          0|
    |partial_99_reg_32363                |   32|   0|   32|          0|
    |partial_9_reg_32885                 |   32|   0|   32|          0|
    |partial_reg_32012                   |   32|   0|   32|          0|
    |tmp_10_reg_33485                    |   32|   0|   32|          0|
    |tmp_11_reg_33495                    |   32|   0|   32|          0|
    |tmp_12_reg_33505                    |   32|   0|   32|          0|
    |tmp_13_reg_33515                    |   32|   0|   32|          0|
    |tmp_14_reg_33525                    |   32|   0|   32|          0|
    |tmp_8_reg_33465                     |   32|   0|   32|          0|
    |tmp_9_reg_33475                     |   32|   0|   32|          0|
    |tmp_s_reg_33455                     |   32|   0|   32|          0|
    |trunc_ln252_reg_31931               |    6|   0|    6|          0|
    |v_local_10_load_reg_32873           |   32|   0|   32|          0|
    |v_local_11_load_reg_32970           |   32|   0|   32|          0|
    |v_local_12_load_reg_33067           |   32|   0|   32|          0|
    |v_local_13_load_reg_33164           |   32|   0|   32|          0|
    |v_local_14_load_reg_33261           |   32|   0|   32|          0|
    |v_local_15_load_reg_33358           |   32|   0|   32|          0|
    |v_local_1_load_reg_32000            |   32|   0|   32|          0|
    |v_local_2_load_reg_32097            |   32|   0|   32|          0|
    |v_local_3_load_reg_32194            |   32|   0|   32|          0|
    |v_local_4_load_reg_32291            |   32|   0|   32|          0|
    |v_local_5_load_reg_32388            |   32|   0|   32|          0|
    |v_local_6_load_reg_32485            |   32|   0|   32|          0|
    |v_local_7_load_reg_32582            |   32|   0|   32|          0|
    |v_local_8_load_reg_32679            |   32|   0|   32|          0|
    |v_local_9_load_reg_32776            |   32|   0|   32|          0|
    |v_local_load_reg_31943              |   32|   0|   32|          0|
    |zext_ln250_2_reg_31907              |    8|   0|   64|         56|
    |icmp_ln242_reg_31903                |   64|  32|    1|          0|
    |trunc_ln252_reg_31931               |   64|  32|    6|          0|
    |zext_ln250_2_reg_31907              |   64|  32|   64|         56|
    +------------------------------------+-----+----+-----+-----------+
    |Total                               |25807|  96|25742|        112|
    +------------------------------------+-----+----+-----+-----------+



================================================================
== Interface
================================================================
* Summary: 
+--------------------------+-----+-----+------------+-------------------------------------------------------------+--------------+
|         RTL Ports        | Dir | Bits|  Protocol  |                        Source Object                        |    C Type    |
+--------------------------+-----+-----+------------+-------------------------------------------------------------+--------------+
|ap_clk                    |   in|    1|  ap_ctrl_hs|  v_weighted_sum_multik_u55c_kernel_Pipeline_VITIS_LOOP_242_9|  return value|
|ap_rst                    |   in|    1|  ap_ctrl_hs|  v_weighted_sum_multik_u55c_kernel_Pipeline_VITIS_LOOP_242_9|  return value|
|ap_start                  |   in|    1|  ap_ctrl_hs|  v_weighted_sum_multik_u55c_kernel_Pipeline_VITIS_LOOP_242_9|  return value|
|ap_done                   |  out|    1|  ap_ctrl_hs|  v_weighted_sum_multik_u55c_kernel_Pipeline_VITIS_LOOP_242_9|  return value|
|ap_idle                   |  out|    1|  ap_ctrl_hs|  v_weighted_sum_multik_u55c_kernel_Pipeline_VITIS_LOOP_242_9|  return value|
|ap_ready                  |  out|    1|  ap_ctrl_hs|  v_weighted_sum_multik_u55c_kernel_Pipeline_VITIS_LOOP_242_9|  return value|
|acc_next_2495             |   in|   32|     ap_none|                                                acc_next_2495|        scalar|
|acc_next_2494             |   in|   32|     ap_none|                                                acc_next_2494|        scalar|
|acc_next_2493             |   in|   32|     ap_none|                                                acc_next_2493|        scalar|
|acc_next_2492             |   in|   32|     ap_none|                                                acc_next_2492|        scalar|
|acc_next_2491             |   in|   32|     ap_none|                                                acc_next_2491|        scalar|
|acc_next_2490             |   in|   32|     ap_none|                                                acc_next_2490|        scalar|
|acc_next_2489             |   in|   32|     ap_none|                                                acc_next_2489|        scalar|
|acc_next_2488             |   in|   32|     ap_none|                                                acc_next_2488|        scalar|
|acc_next_2487             |   in|   32|     ap_none|                                                acc_next_2487|        scalar|
|acc_next_2486             |   in|   32|     ap_none|                                                acc_next_2486|        scalar|
|acc_next_2485             |   in|   32|     ap_none|                                                acc_next_2485|        scalar|
|acc_next_2484             |   in|   32|     ap_none|                                                acc_next_2484|        scalar|
|acc_next_2483             |   in|   32|     ap_none|                                                acc_next_2483|        scalar|
|acc_next_2482             |   in|   32|     ap_none|                                                acc_next_2482|        scalar|
|acc_next_2481             |   in|   32|     ap_none|                                                acc_next_2481|        scalar|
|acc_next_2480             |   in|   32|     ap_none|                                                acc_next_2480|        scalar|
|acc_next_2479             |   in|   32|     ap_none|                                                acc_next_2479|        scalar|
|acc_next_2478             |   in|   32|     ap_none|                                                acc_next_2478|        scalar|
|acc_next_2477             |   in|   32|     ap_none|                                                acc_next_2477|        scalar|
|acc_next_2476             |   in|   32|     ap_none|                                                acc_next_2476|        scalar|
|acc_next_2475             |   in|   32|     ap_none|                                                acc_next_2475|        scalar|
|acc_next_2474             |   in|   32|     ap_none|                                                acc_next_2474|        scalar|
|acc_next_2473             |   in|   32|     ap_none|                                                acc_next_2473|        scalar|
|acc_next_2472             |   in|   32|     ap_none|                                                acc_next_2472|        scalar|
|acc_next_2471             |   in|   32|     ap_none|                                                acc_next_2471|        scalar|
|acc_next_2470             |   in|   32|     ap_none|                                                acc_next_2470|        scalar|
|acc_next_2469             |   in|   32|     ap_none|                                                acc_next_2469|        scalar|
|acc_next_2468             |   in|   32|     ap_none|                                                acc_next_2468|        scalar|
|acc_next_2467             |   in|   32|     ap_none|                                                acc_next_2467|        scalar|
|acc_next_2466             |   in|   32|     ap_none|                                                acc_next_2466|        scalar|
|acc_next_2465             |   in|   32|     ap_none|                                                acc_next_2465|        scalar|
|acc_next_2464             |   in|   32|     ap_none|                                                acc_next_2464|        scalar|
|acc_next_2463             |   in|   32|     ap_none|                                                acc_next_2463|        scalar|
|acc_next_2462             |   in|   32|     ap_none|                                                acc_next_2462|        scalar|
|acc_next_2461             |   in|   32|     ap_none|                                                acc_next_2461|        scalar|
|acc_next_2460             |   in|   32|     ap_none|                                                acc_next_2460|        scalar|
|acc_next_2459             |   in|   32|     ap_none|                                                acc_next_2459|        scalar|
|acc_next_2458             |   in|   32|     ap_none|                                                acc_next_2458|        scalar|
|acc_next_2457             |   in|   32|     ap_none|                                                acc_next_2457|        scalar|
|acc_next_2456             |   in|   32|     ap_none|                                                acc_next_2456|        scalar|
|acc_next_2455             |   in|   32|     ap_none|                                                acc_next_2455|        scalar|
|acc_next_2454             |   in|   32|     ap_none|                                                acc_next_2454|        scalar|
|acc_next_2453             |   in|   32|     ap_none|                                                acc_next_2453|        scalar|
|acc_next_2452             |   in|   32|     ap_none|                                                acc_next_2452|        scalar|
|acc_next_2451             |   in|   32|     ap_none|                                                acc_next_2451|        scalar|
|acc_next_2450             |   in|   32|     ap_none|                                                acc_next_2450|        scalar|
|acc_next_2449             |   in|   32|     ap_none|                                                acc_next_2449|        scalar|
|acc_next_2448             |   in|   32|     ap_none|                                                acc_next_2448|        scalar|
|acc_next_2447             |   in|   32|     ap_none|                                                acc_next_2447|        scalar|
|acc_next_2446             |   in|   32|     ap_none|                                                acc_next_2446|        scalar|
|acc_next_2445             |   in|   32|     ap_none|                                                acc_next_2445|        scalar|
|acc_next_2444             |   in|   32|     ap_none|                                                acc_next_2444|        scalar|
|acc_next_2443             |   in|   32|     ap_none|                                                acc_next_2443|        scalar|
|acc_next_2442             |   in|   32|     ap_none|                                                acc_next_2442|        scalar|
|acc_next_2441             |   in|   32|     ap_none|                                                acc_next_2441|        scalar|
|acc_next_2440             |   in|   32|     ap_none|                                                acc_next_2440|        scalar|
|acc_next_2439             |   in|   32|     ap_none|                                                acc_next_2439|        scalar|
|acc_next_2438             |   in|   32|     ap_none|                                                acc_next_2438|        scalar|
|acc_next_2437             |   in|   32|     ap_none|                                                acc_next_2437|        scalar|
|acc_next_2436             |   in|   32|     ap_none|                                                acc_next_2436|        scalar|
|acc_next_2435             |   in|   32|     ap_none|                                                acc_next_2435|        scalar|
|acc_next_2434             |   in|   32|     ap_none|                                                acc_next_2434|        scalar|
|acc_next_2433             |   in|   32|     ap_none|                                                acc_next_2433|        scalar|
|acc_next_2432             |   in|   32|     ap_none|                                                acc_next_2432|        scalar|
|acc_next_2431             |   in|   32|     ap_none|                                                acc_next_2431|        scalar|
|acc_next_2430             |   in|   32|     ap_none|                                                acc_next_2430|        scalar|
|acc_next_2429             |   in|   32|     ap_none|                                                acc_next_2429|        scalar|
|acc_next_2428             |   in|   32|     ap_none|                                                acc_next_2428|        scalar|
|acc_next_2427             |   in|   32|     ap_none|                                                acc_next_2427|        scalar|
|acc_next_2426             |   in|   32|     ap_none|                                                acc_next_2426|        scalar|
|acc_next_2425             |   in|   32|     ap_none|                                                acc_next_2425|        scalar|
|acc_next_2424             |   in|   32|     ap_none|                                                acc_next_2424|        scalar|
|acc_next_2423             |   in|   32|     ap_none|                                                acc_next_2423|        scalar|
|acc_next_2422             |   in|   32|     ap_none|                                                acc_next_2422|        scalar|
|acc_next_2421             |   in|   32|     ap_none|                                                acc_next_2421|        scalar|
|acc_next_2420             |   in|   32|     ap_none|                                                acc_next_2420|        scalar|
|acc_next_2419             |   in|   32|     ap_none|                                                acc_next_2419|        scalar|
|acc_next_2418             |   in|   32|     ap_none|                                                acc_next_2418|        scalar|
|acc_next_2417             |   in|   32|     ap_none|                                                acc_next_2417|        scalar|
|acc_next_2416             |   in|   32|     ap_none|                                                acc_next_2416|        scalar|
|acc_next_2415             |   in|   32|     ap_none|                                                acc_next_2415|        scalar|
|acc_next_2414             |   in|   32|     ap_none|                                                acc_next_2414|        scalar|
|acc_next_2413             |   in|   32|     ap_none|                                                acc_next_2413|        scalar|
|acc_next_2412             |   in|   32|     ap_none|                                                acc_next_2412|        scalar|
|acc_next_2411             |   in|   32|     ap_none|                                                acc_next_2411|        scalar|
|acc_next_2410             |   in|   32|     ap_none|                                                acc_next_2410|        scalar|
|acc_next_2409             |   in|   32|     ap_none|                                                acc_next_2409|        scalar|
|acc_next_2408             |   in|   32|     ap_none|                                                acc_next_2408|        scalar|
|acc_next_2407             |   in|   32|     ap_none|                                                acc_next_2407|        scalar|
|acc_next_2406             |   in|   32|     ap_none|                                                acc_next_2406|        scalar|
|acc_next_2405             |   in|   32|     ap_none|                                                acc_next_2405|        scalar|
|acc_next_2404             |   in|   32|     ap_none|                                                acc_next_2404|        scalar|
|acc_next_2403             |   in|   32|     ap_none|                                                acc_next_2403|        scalar|
|acc_next_2402             |   in|   32|     ap_none|                                                acc_next_2402|        scalar|
|acc_next_2401             |   in|   32|     ap_none|                                                acc_next_2401|        scalar|
|acc_next_2400             |   in|   32|     ap_none|                                                acc_next_2400|        scalar|
|acc_next_2399             |   in|   32|     ap_none|                                                acc_next_2399|        scalar|
|acc_next_2398             |   in|   32|     ap_none|                                                acc_next_2398|        scalar|
|acc_next_2397             |   in|   32|     ap_none|                                                acc_next_2397|        scalar|
|acc_next_2396             |   in|   32|     ap_none|                                                acc_next_2396|        scalar|
|acc_next_2395             |   in|   32|     ap_none|                                                acc_next_2395|        scalar|
|acc_next_2394             |   in|   32|     ap_none|                                                acc_next_2394|        scalar|
|acc_next_2393             |   in|   32|     ap_none|                                                acc_next_2393|        scalar|
|acc_next_2392             |   in|   32|     ap_none|                                                acc_next_2392|        scalar|
|acc_next_2391             |   in|   32|     ap_none|                                                acc_next_2391|        scalar|
|acc_next_2390             |   in|   32|     ap_none|                                                acc_next_2390|        scalar|
|acc_next_2389             |   in|   32|     ap_none|                                                acc_next_2389|        scalar|
|acc_next_2388             |   in|   32|     ap_none|                                                acc_next_2388|        scalar|
|acc_next_2387             |   in|   32|     ap_none|                                                acc_next_2387|        scalar|
|acc_next_2386             |   in|   32|     ap_none|                                                acc_next_2386|        scalar|
|acc_next_2385             |   in|   32|     ap_none|                                                acc_next_2385|        scalar|
|acc_next_2384             |   in|   32|     ap_none|                                                acc_next_2384|        scalar|
|acc_next_2383             |   in|   32|     ap_none|                                                acc_next_2383|        scalar|
|acc_next_2382             |   in|   32|     ap_none|                                                acc_next_2382|        scalar|
|acc_next_2381             |   in|   32|     ap_none|                                                acc_next_2381|        scalar|
|acc_next_2380             |   in|   32|     ap_none|                                                acc_next_2380|        scalar|
|acc_next_2379             |   in|   32|     ap_none|                                                acc_next_2379|        scalar|
|acc_next_2378             |   in|   32|     ap_none|                                                acc_next_2378|        scalar|
|acc_next_2377             |   in|   32|     ap_none|                                                acc_next_2377|        scalar|
|acc_next_2376             |   in|   32|     ap_none|                                                acc_next_2376|        scalar|
|acc_next_2375             |   in|   32|     ap_none|                                                acc_next_2375|        scalar|
|acc_next_2374             |   in|   32|     ap_none|                                                acc_next_2374|        scalar|
|acc_next_2373             |   in|   32|     ap_none|                                                acc_next_2373|        scalar|
|acc_next_2372             |   in|   32|     ap_none|                                                acc_next_2372|        scalar|
|acc_next_2371             |   in|   32|     ap_none|                                                acc_next_2371|        scalar|
|acc_next_2370             |   in|   32|     ap_none|                                                acc_next_2370|        scalar|
|acc_next_2369             |   in|   32|     ap_none|                                                acc_next_2369|        scalar|
|acc_next_2368             |   in|   32|     ap_none|                                                acc_next_2368|        scalar|
|acc_next_2367             |   in|   32|     ap_none|                                                acc_next_2367|        scalar|
|acc_next_2366             |   in|   32|     ap_none|                                                acc_next_2366|        scalar|
|acc_next_2365             |   in|   32|     ap_none|                                                acc_next_2365|        scalar|
|acc_next_2364             |   in|   32|     ap_none|                                                acc_next_2364|        scalar|
|acc_next_2363             |   in|   32|     ap_none|                                                acc_next_2363|        scalar|
|acc_next_2362             |   in|   32|     ap_none|                                                acc_next_2362|        scalar|
|acc_next_2361             |   in|   32|     ap_none|                                                acc_next_2361|        scalar|
|acc_next_2360             |   in|   32|     ap_none|                                                acc_next_2360|        scalar|
|acc_next_2359             |   in|   32|     ap_none|                                                acc_next_2359|        scalar|
|acc_next_2358             |   in|   32|     ap_none|                                                acc_next_2358|        scalar|
|acc_next_2357             |   in|   32|     ap_none|                                                acc_next_2357|        scalar|
|acc_next_2356             |   in|   32|     ap_none|                                                acc_next_2356|        scalar|
|acc_next_2355             |   in|   32|     ap_none|                                                acc_next_2355|        scalar|
|acc_next_2354             |   in|   32|     ap_none|                                                acc_next_2354|        scalar|
|acc_next_2353             |   in|   32|     ap_none|                                                acc_next_2353|        scalar|
|acc_next_2352             |   in|   32|     ap_none|                                                acc_next_2352|        scalar|
|acc_next_2351             |   in|   32|     ap_none|                                                acc_next_2351|        scalar|
|acc_next_2350             |   in|   32|     ap_none|                                                acc_next_2350|        scalar|
|acc_next_2349             |   in|   32|     ap_none|                                                acc_next_2349|        scalar|
|acc_next_2348             |   in|   32|     ap_none|                                                acc_next_2348|        scalar|
|acc_next_2347             |   in|   32|     ap_none|                                                acc_next_2347|        scalar|
|acc_next_2346             |   in|   32|     ap_none|                                                acc_next_2346|        scalar|
|acc_next_2345             |   in|   32|     ap_none|                                                acc_next_2345|        scalar|
|acc_next_2344             |   in|   32|     ap_none|                                                acc_next_2344|        scalar|
|acc_next_2343             |   in|   32|     ap_none|                                                acc_next_2343|        scalar|
|acc_next_2342             |   in|   32|     ap_none|                                                acc_next_2342|        scalar|
|acc_next_2341             |   in|   32|     ap_none|                                                acc_next_2341|        scalar|
|acc_next_2340             |   in|   32|     ap_none|                                                acc_next_2340|        scalar|
|acc_next_2339             |   in|   32|     ap_none|                                                acc_next_2339|        scalar|
|acc_next_2338             |   in|   32|     ap_none|                                                acc_next_2338|        scalar|
|acc_next_2337             |   in|   32|     ap_none|                                                acc_next_2337|        scalar|
|acc_next_2336             |   in|   32|     ap_none|                                                acc_next_2336|        scalar|
|acc_next_2335             |   in|   32|     ap_none|                                                acc_next_2335|        scalar|
|acc_next_2334             |   in|   32|     ap_none|                                                acc_next_2334|        scalar|
|acc_next_2333             |   in|   32|     ap_none|                                                acc_next_2333|        scalar|
|acc_next_2332             |   in|   32|     ap_none|                                                acc_next_2332|        scalar|
|acc_next_2331             |   in|   32|     ap_none|                                                acc_next_2331|        scalar|
|acc_next_2330             |   in|   32|     ap_none|                                                acc_next_2330|        scalar|
|acc_next_2329             |   in|   32|     ap_none|                                                acc_next_2329|        scalar|
|acc_next_2328             |   in|   32|     ap_none|                                                acc_next_2328|        scalar|
|acc_next_2327             |   in|   32|     ap_none|                                                acc_next_2327|        scalar|
|acc_next_2326             |   in|   32|     ap_none|                                                acc_next_2326|        scalar|
|acc_next_2325             |   in|   32|     ap_none|                                                acc_next_2325|        scalar|
|acc_next_2324             |   in|   32|     ap_none|                                                acc_next_2324|        scalar|
|acc_next_2323             |   in|   32|     ap_none|                                                acc_next_2323|        scalar|
|acc_next_2322             |   in|   32|     ap_none|                                                acc_next_2322|        scalar|
|acc_next_2321             |   in|   32|     ap_none|                                                acc_next_2321|        scalar|
|acc_next_2320             |   in|   32|     ap_none|                                                acc_next_2320|        scalar|
|acc_next_2319             |   in|   32|     ap_none|                                                acc_next_2319|        scalar|
|acc_next_2318             |   in|   32|     ap_none|                                                acc_next_2318|        scalar|
|acc_next_2317             |   in|   32|     ap_none|                                                acc_next_2317|        scalar|
|acc_next_2316             |   in|   32|     ap_none|                                                acc_next_2316|        scalar|
|acc_next_2315             |   in|   32|     ap_none|                                                acc_next_2315|        scalar|
|acc_next_2314             |   in|   32|     ap_none|                                                acc_next_2314|        scalar|
|acc_next_2313             |   in|   32|     ap_none|                                                acc_next_2313|        scalar|
|acc_next_2312             |   in|   32|     ap_none|                                                acc_next_2312|        scalar|
|acc_next_2311             |   in|   32|     ap_none|                                                acc_next_2311|        scalar|
|acc_next_2310             |   in|   32|     ap_none|                                                acc_next_2310|        scalar|
|acc_next_2309             |   in|   32|     ap_none|                                                acc_next_2309|        scalar|
|acc_next_2308             |   in|   32|     ap_none|                                                acc_next_2308|        scalar|
|acc_next_2307             |   in|   32|     ap_none|                                                acc_next_2307|        scalar|
|acc_next_2306             |   in|   32|     ap_none|                                                acc_next_2306|        scalar|
|acc_next_2305             |   in|   32|     ap_none|                                                acc_next_2305|        scalar|
|acc_next_2304             |   in|   32|     ap_none|                                                acc_next_2304|        scalar|
|acc_next_2303             |   in|   32|     ap_none|                                                acc_next_2303|        scalar|
|acc_next_2302             |   in|   32|     ap_none|                                                acc_next_2302|        scalar|
|acc_next_2301             |   in|   32|     ap_none|                                                acc_next_2301|        scalar|
|acc_next_2300             |   in|   32|     ap_none|                                                acc_next_2300|        scalar|
|acc_next_2299             |   in|   32|     ap_none|                                                acc_next_2299|        scalar|
|acc_next_2298             |   in|   32|     ap_none|                                                acc_next_2298|        scalar|
|acc_next_2297             |   in|   32|     ap_none|                                                acc_next_2297|        scalar|
|acc_next_2296             |   in|   32|     ap_none|                                                acc_next_2296|        scalar|
|acc_next_2295             |   in|   32|     ap_none|                                                acc_next_2295|        scalar|
|acc_next_2294             |   in|   32|     ap_none|                                                acc_next_2294|        scalar|
|acc_next_2293             |   in|   32|     ap_none|                                                acc_next_2293|        scalar|
|acc_next_2292             |   in|   32|     ap_none|                                                acc_next_2292|        scalar|
|acc_next_2291             |   in|   32|     ap_none|                                                acc_next_2291|        scalar|
|acc_next_2290             |   in|   32|     ap_none|                                                acc_next_2290|        scalar|
|acc_next_2289             |   in|   32|     ap_none|                                                acc_next_2289|        scalar|
|acc_next_2288             |   in|   32|     ap_none|                                                acc_next_2288|        scalar|
|acc_next_2287             |   in|   32|     ap_none|                                                acc_next_2287|        scalar|
|acc_next_2286             |   in|   32|     ap_none|                                                acc_next_2286|        scalar|
|acc_next_2285             |   in|   32|     ap_none|                                                acc_next_2285|        scalar|
|acc_next_2284             |   in|   32|     ap_none|                                                acc_next_2284|        scalar|
|acc_next_2283             |   in|   32|     ap_none|                                                acc_next_2283|        scalar|
|acc_next_2282             |   in|   32|     ap_none|                                                acc_next_2282|        scalar|
|acc_next_2281             |   in|   32|     ap_none|                                                acc_next_2281|        scalar|
|acc_next_2280             |   in|   32|     ap_none|                                                acc_next_2280|        scalar|
|acc_next_2279             |   in|   32|     ap_none|                                                acc_next_2279|        scalar|
|acc_next_2278             |   in|   32|     ap_none|                                                acc_next_2278|        scalar|
|acc_next_2277             |   in|   32|     ap_none|                                                acc_next_2277|        scalar|
|acc_next_2276             |   in|   32|     ap_none|                                                acc_next_2276|        scalar|
|acc_next_2275             |   in|   32|     ap_none|                                                acc_next_2275|        scalar|
|acc_next_2274             |   in|   32|     ap_none|                                                acc_next_2274|        scalar|
|acc_next_2273             |   in|   32|     ap_none|                                                acc_next_2273|        scalar|
|acc_next_2272             |   in|   32|     ap_none|                                                acc_next_2272|        scalar|
|acc_next_2271             |   in|   32|     ap_none|                                                acc_next_2271|        scalar|
|acc_next_2270             |   in|   32|     ap_none|                                                acc_next_2270|        scalar|
|acc_next_2269             |   in|   32|     ap_none|                                                acc_next_2269|        scalar|
|acc_next_2268             |   in|   32|     ap_none|                                                acc_next_2268|        scalar|
|acc_next_2267             |   in|   32|     ap_none|                                                acc_next_2267|        scalar|
|acc_next_2266             |   in|   32|     ap_none|                                                acc_next_2266|        scalar|
|acc_next_2265             |   in|   32|     ap_none|                                                acc_next_2265|        scalar|
|acc_next_2264             |   in|   32|     ap_none|                                                acc_next_2264|        scalar|
|acc_next_2263             |   in|   32|     ap_none|                                                acc_next_2263|        scalar|
|acc_next_2262             |   in|   32|     ap_none|                                                acc_next_2262|        scalar|
|acc_next_2261             |   in|   32|     ap_none|                                                acc_next_2261|        scalar|
|acc_next_2260             |   in|   32|     ap_none|                                                acc_next_2260|        scalar|
|acc_next_2259             |   in|   32|     ap_none|                                                acc_next_2259|        scalar|
|acc_next_2258             |   in|   32|     ap_none|                                                acc_next_2258|        scalar|
|acc_next_2257             |   in|   32|     ap_none|                                                acc_next_2257|        scalar|
|acc_next_2256             |   in|   32|     ap_none|                                                acc_next_2256|        scalar|
|acc_next_2255             |   in|   32|     ap_none|                                                acc_next_2255|        scalar|
|acc_next_2254             |   in|   32|     ap_none|                                                acc_next_2254|        scalar|
|acc_next_2253             |   in|   32|     ap_none|                                                acc_next_2253|        scalar|
|acc_next_2252             |   in|   32|     ap_none|                                                acc_next_2252|        scalar|
|acc_next_2251             |   in|   32|     ap_none|                                                acc_next_2251|        scalar|
|acc_next_2250             |   in|   32|     ap_none|                                                acc_next_2250|        scalar|
|acc_next_2249             |   in|   32|     ap_none|                                                acc_next_2249|        scalar|
|acc_next_2248             |   in|   32|     ap_none|                                                acc_next_2248|        scalar|
|acc_next_2247             |   in|   32|     ap_none|                                                acc_next_2247|        scalar|
|acc_next_2246             |   in|   32|     ap_none|                                                acc_next_2246|        scalar|
|acc_next_2245             |   in|   32|     ap_none|                                                acc_next_2245|        scalar|
|acc_next_2244             |   in|   32|     ap_none|                                                acc_next_2244|        scalar|
|acc_next_2243             |   in|   32|     ap_none|                                                acc_next_2243|        scalar|
|acc_next_2242             |   in|   32|     ap_none|                                                acc_next_2242|        scalar|
|acc_next_2241             |   in|   32|     ap_none|                                                acc_next_2241|        scalar|
|acc_next_2240             |   in|   32|     ap_none|                                                acc_next_2240|        scalar|
|acc_next_2239             |   in|   32|     ap_none|                                                acc_next_2239|        scalar|
|acc_next_2238             |   in|   32|     ap_none|                                                acc_next_2238|        scalar|
|acc_next_2237             |   in|   32|     ap_none|                                                acc_next_2237|        scalar|
|acc_next_2236             |   in|   32|     ap_none|                                                acc_next_2236|        scalar|
|acc_next_2235             |   in|   32|     ap_none|                                                acc_next_2235|        scalar|
|acc_next_2234             |   in|   32|     ap_none|                                                acc_next_2234|        scalar|
|acc_next_2233             |   in|   32|     ap_none|                                                acc_next_2233|        scalar|
|acc_next_2232             |   in|   32|     ap_none|                                                acc_next_2232|        scalar|
|acc_next_2231             |   in|   32|     ap_none|                                                acc_next_2231|        scalar|
|acc_next_2230             |   in|   32|     ap_none|                                                acc_next_2230|        scalar|
|acc_next_2229             |   in|   32|     ap_none|                                                acc_next_2229|        scalar|
|acc_next_2228             |   in|   32|     ap_none|                                                acc_next_2228|        scalar|
|acc_next_2227             |   in|   32|     ap_none|                                                acc_next_2227|        scalar|
|acc_next_2226             |   in|   32|     ap_none|                                                acc_next_2226|        scalar|
|acc_next_2225             |   in|   32|     ap_none|                                                acc_next_2225|        scalar|
|acc_next_2224             |   in|   32|     ap_none|                                                acc_next_2224|        scalar|
|acc_next_2223             |   in|   32|     ap_none|                                                acc_next_2223|        scalar|
|acc_next_2222             |   in|   32|     ap_none|                                                acc_next_2222|        scalar|
|acc_next_2221             |   in|   32|     ap_none|                                                acc_next_2221|        scalar|
|acc_next_2220             |   in|   32|     ap_none|                                                acc_next_2220|        scalar|
|acc_next_2219             |   in|   32|     ap_none|                                                acc_next_2219|        scalar|
|acc_next_2218             |   in|   32|     ap_none|                                                acc_next_2218|        scalar|
|acc_next_2217             |   in|   32|     ap_none|                                                acc_next_2217|        scalar|
|acc_next_2216             |   in|   32|     ap_none|                                                acc_next_2216|        scalar|
|acc_next_2215             |   in|   32|     ap_none|                                                acc_next_2215|        scalar|
|acc_next_2214             |   in|   32|     ap_none|                                                acc_next_2214|        scalar|
|acc_next_2213             |   in|   32|     ap_none|                                                acc_next_2213|        scalar|
|acc_next_2212             |   in|   32|     ap_none|                                                acc_next_2212|        scalar|
|acc_next_2211             |   in|   32|     ap_none|                                                acc_next_2211|        scalar|
|acc_next_2210             |   in|   32|     ap_none|                                                acc_next_2210|        scalar|
|acc_next_2209             |   in|   32|     ap_none|                                                acc_next_2209|        scalar|
|acc_next_2208             |   in|   32|     ap_none|                                                acc_next_2208|        scalar|
|acc_next_2207             |   in|   32|     ap_none|                                                acc_next_2207|        scalar|
|acc_next_2206             |   in|   32|     ap_none|                                                acc_next_2206|        scalar|
|acc_next_2205             |   in|   32|     ap_none|                                                acc_next_2205|        scalar|
|acc_next_2204             |   in|   32|     ap_none|                                                acc_next_2204|        scalar|
|acc_next_2203             |   in|   32|     ap_none|                                                acc_next_2203|        scalar|
|acc_next_2202             |   in|   32|     ap_none|                                                acc_next_2202|        scalar|
|acc_next_2201             |   in|   32|     ap_none|                                                acc_next_2201|        scalar|
|acc_next_2200             |   in|   32|     ap_none|                                                acc_next_2200|        scalar|
|acc_next_2199             |   in|   32|     ap_none|                                                acc_next_2199|        scalar|
|acc_next_2198             |   in|   32|     ap_none|                                                acc_next_2198|        scalar|
|acc_next_2197             |   in|   32|     ap_none|                                                acc_next_2197|        scalar|
|acc_next_2196             |   in|   32|     ap_none|                                                acc_next_2196|        scalar|
|acc_next_2195             |   in|   32|     ap_none|                                                acc_next_2195|        scalar|
|acc_next_2194             |   in|   32|     ap_none|                                                acc_next_2194|        scalar|
|acc_next_2193             |   in|   32|     ap_none|                                                acc_next_2193|        scalar|
|acc_next_2192             |   in|   32|     ap_none|                                                acc_next_2192|        scalar|
|acc_next_2191             |   in|   32|     ap_none|                                                acc_next_2191|        scalar|
|acc_next_2190             |   in|   32|     ap_none|                                                acc_next_2190|        scalar|
|acc_next_2189             |   in|   32|     ap_none|                                                acc_next_2189|        scalar|
|acc_next_2188             |   in|   32|     ap_none|                                                acc_next_2188|        scalar|
|acc_next_2187             |   in|   32|     ap_none|                                                acc_next_2187|        scalar|
|acc_next_2186             |   in|   32|     ap_none|                                                acc_next_2186|        scalar|
|acc_next_2185             |   in|   32|     ap_none|                                                acc_next_2185|        scalar|
|acc_next_2184             |   in|   32|     ap_none|                                                acc_next_2184|        scalar|
|acc_next_2183             |   in|   32|     ap_none|                                                acc_next_2183|        scalar|
|acc_next_2182             |   in|   32|     ap_none|                                                acc_next_2182|        scalar|
|acc_next_2181             |   in|   32|     ap_none|                                                acc_next_2181|        scalar|
|acc_next_2180             |   in|   32|     ap_none|                                                acc_next_2180|        scalar|
|acc_next_2179             |   in|   32|     ap_none|                                                acc_next_2179|        scalar|
|acc_next_2178             |   in|   32|     ap_none|                                                acc_next_2178|        scalar|
|acc_next_2177             |   in|   32|     ap_none|                                                acc_next_2177|        scalar|
|acc_next_2176             |   in|   32|     ap_none|                                                acc_next_2176|        scalar|
|acc_next_2175             |   in|   32|     ap_none|                                                acc_next_2175|        scalar|
|acc_next_2174             |   in|   32|     ap_none|                                                acc_next_2174|        scalar|
|acc_next_2173             |   in|   32|     ap_none|                                                acc_next_2173|        scalar|
|acc_next_2172             |   in|   32|     ap_none|                                                acc_next_2172|        scalar|
|acc_next_2171             |   in|   32|     ap_none|                                                acc_next_2171|        scalar|
|acc_next_2170             |   in|   32|     ap_none|                                                acc_next_2170|        scalar|
|acc_next_2169             |   in|   32|     ap_none|                                                acc_next_2169|        scalar|
|acc_next_2168             |   in|   32|     ap_none|                                                acc_next_2168|        scalar|
|acc_next_2167             |   in|   32|     ap_none|                                                acc_next_2167|        scalar|
|acc_next_2166             |   in|   32|     ap_none|                                                acc_next_2166|        scalar|
|acc_next_2165             |   in|   32|     ap_none|                                                acc_next_2165|        scalar|
|acc_next_2164             |   in|   32|     ap_none|                                                acc_next_2164|        scalar|
|acc_next_2163             |   in|   32|     ap_none|                                                acc_next_2163|        scalar|
|acc_next_2162             |   in|   32|     ap_none|                                                acc_next_2162|        scalar|
|acc_next_2161             |   in|   32|     ap_none|                                                acc_next_2161|        scalar|
|acc_next_2160             |   in|   32|     ap_none|                                                acc_next_2160|        scalar|
|acc_next_2159             |   in|   32|     ap_none|                                                acc_next_2159|        scalar|
|acc_next_2158             |   in|   32|     ap_none|                                                acc_next_2158|        scalar|
|acc_next_2157             |   in|   32|     ap_none|                                                acc_next_2157|        scalar|
|acc_next_2156             |   in|   32|     ap_none|                                                acc_next_2156|        scalar|
|acc_next_2155             |   in|   32|     ap_none|                                                acc_next_2155|        scalar|
|acc_next_2154             |   in|   32|     ap_none|                                                acc_next_2154|        scalar|
|acc_next_2153             |   in|   32|     ap_none|                                                acc_next_2153|        scalar|
|acc_next_2152             |   in|   32|     ap_none|                                                acc_next_2152|        scalar|
|acc_next_2151             |   in|   32|     ap_none|                                                acc_next_2151|        scalar|
|acc_next_2150             |   in|   32|     ap_none|                                                acc_next_2150|        scalar|
|acc_next_2149             |   in|   32|     ap_none|                                                acc_next_2149|        scalar|
|acc_next_2148             |   in|   32|     ap_none|                                                acc_next_2148|        scalar|
|acc_next_2147             |   in|   32|     ap_none|                                                acc_next_2147|        scalar|
|acc_next_2146             |   in|   32|     ap_none|                                                acc_next_2146|        scalar|
|acc_next_2145             |   in|   32|     ap_none|                                                acc_next_2145|        scalar|
|acc_next_2144             |   in|   32|     ap_none|                                                acc_next_2144|        scalar|
|acc_next_2143             |   in|   32|     ap_none|                                                acc_next_2143|        scalar|
|acc_next_2142             |   in|   32|     ap_none|                                                acc_next_2142|        scalar|
|acc_next_2141             |   in|   32|     ap_none|                                                acc_next_2141|        scalar|
|acc_next_2140             |   in|   32|     ap_none|                                                acc_next_2140|        scalar|
|acc_next_2139             |   in|   32|     ap_none|                                                acc_next_2139|        scalar|
|acc_next_2138             |   in|   32|     ap_none|                                                acc_next_2138|        scalar|
|acc_next_2137             |   in|   32|     ap_none|                                                acc_next_2137|        scalar|
|acc_next_2136             |   in|   32|     ap_none|                                                acc_next_2136|        scalar|
|acc_next_2135             |   in|   32|     ap_none|                                                acc_next_2135|        scalar|
|acc_next_2134             |   in|   32|     ap_none|                                                acc_next_2134|        scalar|
|acc_next_2133             |   in|   32|     ap_none|                                                acc_next_2133|        scalar|
|acc_next_2132             |   in|   32|     ap_none|                                                acc_next_2132|        scalar|
|acc_next_2131             |   in|   32|     ap_none|                                                acc_next_2131|        scalar|
|acc_next_2130             |   in|   32|     ap_none|                                                acc_next_2130|        scalar|
|acc_next_2129             |   in|   32|     ap_none|                                                acc_next_2129|        scalar|
|acc_next_2128             |   in|   32|     ap_none|                                                acc_next_2128|        scalar|
|acc_next_2127             |   in|   32|     ap_none|                                                acc_next_2127|        scalar|
|acc_next_2126             |   in|   32|     ap_none|                                                acc_next_2126|        scalar|
|acc_next_2125             |   in|   32|     ap_none|                                                acc_next_2125|        scalar|
|acc_next_2124             |   in|   32|     ap_none|                                                acc_next_2124|        scalar|
|acc_next_2123             |   in|   32|     ap_none|                                                acc_next_2123|        scalar|
|acc_next_2122             |   in|   32|     ap_none|                                                acc_next_2122|        scalar|
|acc_next_2121             |   in|   32|     ap_none|                                                acc_next_2121|        scalar|
|acc_next_2120             |   in|   32|     ap_none|                                                acc_next_2120|        scalar|
|acc_next_2119             |   in|   32|     ap_none|                                                acc_next_2119|        scalar|
|acc_next_2118             |   in|   32|     ap_none|                                                acc_next_2118|        scalar|
|acc_next_2117             |   in|   32|     ap_none|                                                acc_next_2117|        scalar|
|acc_next_2116             |   in|   32|     ap_none|                                                acc_next_2116|        scalar|
|acc_next_2115             |   in|   32|     ap_none|                                                acc_next_2115|        scalar|
|acc_next_2114             |   in|   32|     ap_none|                                                acc_next_2114|        scalar|
|acc_next_2113             |   in|   32|     ap_none|                                                acc_next_2113|        scalar|
|acc_next_2112             |   in|   32|     ap_none|                                                acc_next_2112|        scalar|
|acc_next_2111             |   in|   32|     ap_none|                                                acc_next_2111|        scalar|
|acc_next_2110             |   in|   32|     ap_none|                                                acc_next_2110|        scalar|
|acc_next_2109             |   in|   32|     ap_none|                                                acc_next_2109|        scalar|
|acc_next_2108             |   in|   32|     ap_none|                                                acc_next_2108|        scalar|
|acc_next_2107             |   in|   32|     ap_none|                                                acc_next_2107|        scalar|
|acc_next_2106             |   in|   32|     ap_none|                                                acc_next_2106|        scalar|
|acc_next_2105             |   in|   32|     ap_none|                                                acc_next_2105|        scalar|
|acc_next_2104             |   in|   32|     ap_none|                                                acc_next_2104|        scalar|
|acc_next_2103             |   in|   32|     ap_none|                                                acc_next_2103|        scalar|
|acc_next_2102             |   in|   32|     ap_none|                                                acc_next_2102|        scalar|
|acc_next_2101             |   in|   32|     ap_none|                                                acc_next_2101|        scalar|
|acc_next_2100             |   in|   32|     ap_none|                                                acc_next_2100|        scalar|
|acc_next_2099             |   in|   32|     ap_none|                                                acc_next_2099|        scalar|
|acc_next_2098             |   in|   32|     ap_none|                                                acc_next_2098|        scalar|
|acc_next_2097             |   in|   32|     ap_none|                                                acc_next_2097|        scalar|
|acc_next_2096             |   in|   32|     ap_none|                                                acc_next_2096|        scalar|
|acc_next_2095             |   in|   32|     ap_none|                                                acc_next_2095|        scalar|
|acc_next_2094             |   in|   32|     ap_none|                                                acc_next_2094|        scalar|
|acc_next_2093             |   in|   32|     ap_none|                                                acc_next_2093|        scalar|
|acc_next_2092             |   in|   32|     ap_none|                                                acc_next_2092|        scalar|
|acc_next_2091             |   in|   32|     ap_none|                                                acc_next_2091|        scalar|
|acc_next_2090             |   in|   32|     ap_none|                                                acc_next_2090|        scalar|
|acc_next_2089             |   in|   32|     ap_none|                                                acc_next_2089|        scalar|
|acc_next_2088             |   in|   32|     ap_none|                                                acc_next_2088|        scalar|
|acc_next_2087             |   in|   32|     ap_none|                                                acc_next_2087|        scalar|
|acc_next_2086             |   in|   32|     ap_none|                                                acc_next_2086|        scalar|
|acc_next_2085             |   in|   32|     ap_none|                                                acc_next_2085|        scalar|
|acc_next_2084             |   in|   32|     ap_none|                                                acc_next_2084|        scalar|
|acc_next_2083             |   in|   32|     ap_none|                                                acc_next_2083|        scalar|
|acc_next_2082             |   in|   32|     ap_none|                                                acc_next_2082|        scalar|
|acc_next_2081             |   in|   32|     ap_none|                                                acc_next_2081|        scalar|
|acc_next_2080             |   in|   32|     ap_none|                                                acc_next_2080|        scalar|
|acc_next_2079             |   in|   32|     ap_none|                                                acc_next_2079|        scalar|
|acc_next_2078             |   in|   32|     ap_none|                                                acc_next_2078|        scalar|
|acc_next_2077             |   in|   32|     ap_none|                                                acc_next_2077|        scalar|
|acc_next_2076             |   in|   32|     ap_none|                                                acc_next_2076|        scalar|
|acc_next_2075             |   in|   32|     ap_none|                                                acc_next_2075|        scalar|
|acc_next_2074             |   in|   32|     ap_none|                                                acc_next_2074|        scalar|
|acc_next_2073             |   in|   32|     ap_none|                                                acc_next_2073|        scalar|
|acc_next_2072             |   in|   32|     ap_none|                                                acc_next_2072|        scalar|
|acc_next_2071             |   in|   32|     ap_none|                                                acc_next_2071|        scalar|
|acc_next_2070             |   in|   32|     ap_none|                                                acc_next_2070|        scalar|
|acc_next_2069             |   in|   32|     ap_none|                                                acc_next_2069|        scalar|
|acc_next_2068             |   in|   32|     ap_none|                                                acc_next_2068|        scalar|
|acc_next_2067             |   in|   32|     ap_none|                                                acc_next_2067|        scalar|
|acc_next_2066             |   in|   32|     ap_none|                                                acc_next_2066|        scalar|
|acc_next_2065             |   in|   32|     ap_none|                                                acc_next_2065|        scalar|
|acc_next_2064             |   in|   32|     ap_none|                                                acc_next_2064|        scalar|
|acc_next_2063             |   in|   32|     ap_none|                                                acc_next_2063|        scalar|
|acc_next_2062             |   in|   32|     ap_none|                                                acc_next_2062|        scalar|
|acc_next_2061             |   in|   32|     ap_none|                                                acc_next_2061|        scalar|
|acc_next_2060             |   in|   32|     ap_none|                                                acc_next_2060|        scalar|
|acc_next_2059             |   in|   32|     ap_none|                                                acc_next_2059|        scalar|
|acc_next_2058             |   in|   32|     ap_none|                                                acc_next_2058|        scalar|
|acc_next_2057             |   in|   32|     ap_none|                                                acc_next_2057|        scalar|
|acc_next_2056             |   in|   32|     ap_none|                                                acc_next_2056|        scalar|
|acc_next_2055             |   in|   32|     ap_none|                                                acc_next_2055|        scalar|
|acc_next_2054             |   in|   32|     ap_none|                                                acc_next_2054|        scalar|
|acc_next_2053             |   in|   32|     ap_none|                                                acc_next_2053|        scalar|
|acc_next_2052             |   in|   32|     ap_none|                                                acc_next_2052|        scalar|
|acc_next_2051             |   in|   32|     ap_none|                                                acc_next_2051|        scalar|
|acc_next_2050             |   in|   32|     ap_none|                                                acc_next_2050|        scalar|
|acc_next_2049             |   in|   32|     ap_none|                                                acc_next_2049|        scalar|
|acc_next_2048             |   in|   32|     ap_none|                                                acc_next_2048|        scalar|
|acc_next_2047             |   in|   32|     ap_none|                                                acc_next_2047|        scalar|
|acc_next_2046             |   in|   32|     ap_none|                                                acc_next_2046|        scalar|
|acc_next_2045             |   in|   32|     ap_none|                                                acc_next_2045|        scalar|
|acc_next_2044             |   in|   32|     ap_none|                                                acc_next_2044|        scalar|
|acc_next_2043             |   in|   32|     ap_none|                                                acc_next_2043|        scalar|
|acc_next_2042             |   in|   32|     ap_none|                                                acc_next_2042|        scalar|
|acc_next_2041             |   in|   32|     ap_none|                                                acc_next_2041|        scalar|
|acc_next_2040             |   in|   32|     ap_none|                                                acc_next_2040|        scalar|
|acc_next_2039             |   in|   32|     ap_none|                                                acc_next_2039|        scalar|
|acc_next_2038             |   in|   32|     ap_none|                                                acc_next_2038|        scalar|
|acc_next_2037             |   in|   32|     ap_none|                                                acc_next_2037|        scalar|
|acc_next_2036             |   in|   32|     ap_none|                                                acc_next_2036|        scalar|
|acc_next_2035             |   in|   32|     ap_none|                                                acc_next_2035|        scalar|
|acc_next_2034             |   in|   32|     ap_none|                                                acc_next_2034|        scalar|
|acc_next_2033             |   in|   32|     ap_none|                                                acc_next_2033|        scalar|
|acc_next_2032             |   in|   32|     ap_none|                                                acc_next_2032|        scalar|
|acc_next_2031             |   in|   32|     ap_none|                                                acc_next_2031|        scalar|
|acc_next_2030             |   in|   32|     ap_none|                                                acc_next_2030|        scalar|
|acc_next_2029             |   in|   32|     ap_none|                                                acc_next_2029|        scalar|
|acc_next_2028             |   in|   32|     ap_none|                                                acc_next_2028|        scalar|
|acc_next_2027             |   in|   32|     ap_none|                                                acc_next_2027|        scalar|
|acc_next_2026             |   in|   32|     ap_none|                                                acc_next_2026|        scalar|
|acc_next_2025             |   in|   32|     ap_none|                                                acc_next_2025|        scalar|
|acc_next_2024             |   in|   32|     ap_none|                                                acc_next_2024|        scalar|
|acc_next_2023             |   in|   32|     ap_none|                                                acc_next_2023|        scalar|
|acc_next_2022             |   in|   32|     ap_none|                                                acc_next_2022|        scalar|
|acc_next_2021             |   in|   32|     ap_none|                                                acc_next_2021|        scalar|
|acc_next_2020             |   in|   32|     ap_none|                                                acc_next_2020|        scalar|
|acc_next_2019             |   in|   32|     ap_none|                                                acc_next_2019|        scalar|
|acc_next_2018             |   in|   32|     ap_none|                                                acc_next_2018|        scalar|
|acc_next_2017             |   in|   32|     ap_none|                                                acc_next_2017|        scalar|
|acc_next_2016             |   in|   32|     ap_none|                                                acc_next_2016|        scalar|
|acc_next_2015             |   in|   32|     ap_none|                                                acc_next_2015|        scalar|
|acc_next_2014             |   in|   32|     ap_none|                                                acc_next_2014|        scalar|
|acc_next_2013             |   in|   32|     ap_none|                                                acc_next_2013|        scalar|
|acc_next_2012             |   in|   32|     ap_none|                                                acc_next_2012|        scalar|
|acc_next_2011             |   in|   32|     ap_none|                                                acc_next_2011|        scalar|
|acc_next_2010             |   in|   32|     ap_none|                                                acc_next_2010|        scalar|
|acc_next_2009             |   in|   32|     ap_none|                                                acc_next_2009|        scalar|
|acc_next_2008             |   in|   32|     ap_none|                                                acc_next_2008|        scalar|
|acc_next_2007             |   in|   32|     ap_none|                                                acc_next_2007|        scalar|
|acc_next_2006             |   in|   32|     ap_none|                                                acc_next_2006|        scalar|
|acc_next_2005             |   in|   32|     ap_none|                                                acc_next_2005|        scalar|
|acc_next_2004             |   in|   32|     ap_none|                                                acc_next_2004|        scalar|
|acc_next_2003             |   in|   32|     ap_none|                                                acc_next_2003|        scalar|
|acc_next_2002             |   in|   32|     ap_none|                                                acc_next_2002|        scalar|
|acc_next_2001             |   in|   32|     ap_none|                                                acc_next_2001|        scalar|
|acc_next_2000             |   in|   32|     ap_none|                                                acc_next_2000|        scalar|
|acc_next_1999             |   in|   32|     ap_none|                                                acc_next_1999|        scalar|
|acc_next_1998             |   in|   32|     ap_none|                                                acc_next_1998|        scalar|
|acc_next_1997             |   in|   32|     ap_none|                                                acc_next_1997|        scalar|
|acc_next_1996             |   in|   32|     ap_none|                                                acc_next_1996|        scalar|
|acc_next_1995             |   in|   32|     ap_none|                                                acc_next_1995|        scalar|
|acc_next_1994             |   in|   32|     ap_none|                                                acc_next_1994|        scalar|
|acc_next_1993             |   in|   32|     ap_none|                                                acc_next_1993|        scalar|
|acc_next_1992             |   in|   32|     ap_none|                                                acc_next_1992|        scalar|
|acc_next_1991             |   in|   32|     ap_none|                                                acc_next_1991|        scalar|
|acc_next_1990             |   in|   32|     ap_none|                                                acc_next_1990|        scalar|
|acc_next_1989             |   in|   32|     ap_none|                                                acc_next_1989|        scalar|
|acc_next_1988             |   in|   32|     ap_none|                                                acc_next_1988|        scalar|
|acc_next_1987             |   in|   32|     ap_none|                                                acc_next_1987|        scalar|
|acc_next_1986             |   in|   32|     ap_none|                                                acc_next_1986|        scalar|
|acc_next_1985             |   in|   32|     ap_none|                                                acc_next_1985|        scalar|
|acc_next_1984             |   in|   32|     ap_none|                                                acc_next_1984|        scalar|
|weights_local_112_load    |   in|   32|     ap_none|                                       weights_local_112_load|        scalar|
|weights_local_113_load    |   in|   32|     ap_none|                                       weights_local_113_load|        scalar|
|weights_local_114_load    |   in|   32|     ap_none|                                       weights_local_114_load|        scalar|
|weights_local_115_load    |   in|   32|     ap_none|                                       weights_local_115_load|        scalar|
|weights_local_116_load    |   in|   32|     ap_none|                                       weights_local_116_load|        scalar|
|weights_local_117_load    |   in|   32|     ap_none|                                       weights_local_117_load|        scalar|
|weights_local_118_load    |   in|   32|     ap_none|                                       weights_local_118_load|        scalar|
|weights_local_119_load    |   in|   32|     ap_none|                                       weights_local_119_load|        scalar|
|weights_local_120_load    |   in|   32|     ap_none|                                       weights_local_120_load|        scalar|
|weights_local_121_load    |   in|   32|     ap_none|                                       weights_local_121_load|        scalar|
|weights_local_122_load    |   in|   32|     ap_none|                                       weights_local_122_load|        scalar|
|weights_local_123_load    |   in|   32|     ap_none|                                       weights_local_123_load|        scalar|
|weights_local_124_load    |   in|   32|     ap_none|                                       weights_local_124_load|        scalar|
|weights_local_125_load    |   in|   32|     ap_none|                                       weights_local_125_load|        scalar|
|weights_local_126_load    |   in|   32|     ap_none|                                       weights_local_126_load|        scalar|
|weights_local_127_load    |   in|   32|     ap_none|                                       weights_local_127_load|        scalar|
|acc_1984                  |   in|   32|     ap_none|                                                     acc_1984|        scalar|
|acc_1985                  |   in|   32|     ap_none|                                                     acc_1985|        scalar|
|acc_1986                  |   in|   32|     ap_none|                                                     acc_1986|        scalar|
|acc_1987                  |   in|   32|     ap_none|                                                     acc_1987|        scalar|
|acc_1988                  |   in|   32|     ap_none|                                                     acc_1988|        scalar|
|acc_1989                  |   in|   32|     ap_none|                                                     acc_1989|        scalar|
|acc_1990                  |   in|   32|     ap_none|                                                     acc_1990|        scalar|
|acc_1991                  |   in|   32|     ap_none|                                                     acc_1991|        scalar|
|acc_1992                  |   in|   32|     ap_none|                                                     acc_1992|        scalar|
|acc_1993                  |   in|   32|     ap_none|                                                     acc_1993|        scalar|
|acc_1994                  |   in|   32|     ap_none|                                                     acc_1994|        scalar|
|acc_1995                  |   in|   32|     ap_none|                                                     acc_1995|        scalar|
|acc_1996                  |   in|   32|     ap_none|                                                     acc_1996|        scalar|
|acc_1997                  |   in|   32|     ap_none|                                                     acc_1997|        scalar|
|acc_1998                  |   in|   32|     ap_none|                                                     acc_1998|        scalar|
|acc_1999                  |   in|   32|     ap_none|                                                     acc_1999|        scalar|
|acc_2000                  |   in|   32|     ap_none|                                                     acc_2000|        scalar|
|acc_2001                  |   in|   32|     ap_none|                                                     acc_2001|        scalar|
|acc_2002                  |   in|   32|     ap_none|                                                     acc_2002|        scalar|
|acc_2003                  |   in|   32|     ap_none|                                                     acc_2003|        scalar|
|acc_2004                  |   in|   32|     ap_none|                                                     acc_2004|        scalar|
|acc_2005                  |   in|   32|     ap_none|                                                     acc_2005|        scalar|
|acc_2006                  |   in|   32|     ap_none|                                                     acc_2006|        scalar|
|acc_2007                  |   in|   32|     ap_none|                                                     acc_2007|        scalar|
|acc_2008                  |   in|   32|     ap_none|                                                     acc_2008|        scalar|
|acc_2009                  |   in|   32|     ap_none|                                                     acc_2009|        scalar|
|acc_2010                  |   in|   32|     ap_none|                                                     acc_2010|        scalar|
|acc_2011                  |   in|   32|     ap_none|                                                     acc_2011|        scalar|
|acc_2012                  |   in|   32|     ap_none|                                                     acc_2012|        scalar|
|acc_2013                  |   in|   32|     ap_none|                                                     acc_2013|        scalar|
|acc_2014                  |   in|   32|     ap_none|                                                     acc_2014|        scalar|
|acc_2015                  |   in|   32|     ap_none|                                                     acc_2015|        scalar|
|acc_2016                  |   in|   32|     ap_none|                                                     acc_2016|        scalar|
|acc_2017                  |   in|   32|     ap_none|                                                     acc_2017|        scalar|
|acc_2018                  |   in|   32|     ap_none|                                                     acc_2018|        scalar|
|acc_2019                  |   in|   32|     ap_none|                                                     acc_2019|        scalar|
|acc_2020                  |   in|   32|     ap_none|                                                     acc_2020|        scalar|
|acc_2021                  |   in|   32|     ap_none|                                                     acc_2021|        scalar|
|acc_2022                  |   in|   32|     ap_none|                                                     acc_2022|        scalar|
|acc_2023                  |   in|   32|     ap_none|                                                     acc_2023|        scalar|
|acc_2024                  |   in|   32|     ap_none|                                                     acc_2024|        scalar|
|acc_2025                  |   in|   32|     ap_none|                                                     acc_2025|        scalar|
|acc_2026                  |   in|   32|     ap_none|                                                     acc_2026|        scalar|
|acc_2027                  |   in|   32|     ap_none|                                                     acc_2027|        scalar|
|acc_2028                  |   in|   32|     ap_none|                                                     acc_2028|        scalar|
|acc_2029                  |   in|   32|     ap_none|                                                     acc_2029|        scalar|
|acc_2030                  |   in|   32|     ap_none|                                                     acc_2030|        scalar|
|acc_2031                  |   in|   32|     ap_none|                                                     acc_2031|        scalar|
|acc_2032                  |   in|   32|     ap_none|                                                     acc_2032|        scalar|
|acc_2033                  |   in|   32|     ap_none|                                                     acc_2033|        scalar|
|acc_2034                  |   in|   32|     ap_none|                                                     acc_2034|        scalar|
|acc_2035                  |   in|   32|     ap_none|                                                     acc_2035|        scalar|
|acc_2036                  |   in|   32|     ap_none|                                                     acc_2036|        scalar|
|acc_2037                  |   in|   32|     ap_none|                                                     acc_2037|        scalar|
|acc_2038                  |   in|   32|     ap_none|                                                     acc_2038|        scalar|
|acc_2039                  |   in|   32|     ap_none|                                                     acc_2039|        scalar|
|acc_2040                  |   in|   32|     ap_none|                                                     acc_2040|        scalar|
|acc_2041                  |   in|   32|     ap_none|                                                     acc_2041|        scalar|
|acc_2042                  |   in|   32|     ap_none|                                                     acc_2042|        scalar|
|acc_2043                  |   in|   32|     ap_none|                                                     acc_2043|        scalar|
|acc_2044                  |   in|   32|     ap_none|                                                     acc_2044|        scalar|
|acc_2045                  |   in|   32|     ap_none|                                                     acc_2045|        scalar|
|acc_2046                  |   in|   32|     ap_none|                                                     acc_2046|        scalar|
|acc_2047                  |   in|   32|     ap_none|                                                     acc_2047|        scalar|
|weights_local_96_load     |   in|   32|     ap_none|                                        weights_local_96_load|        scalar|
|weights_local_97_load     |   in|   32|     ap_none|                                        weights_local_97_load|        scalar|
|weights_local_98_load     |   in|   32|     ap_none|                                        weights_local_98_load|        scalar|
|weights_local_99_load     |   in|   32|     ap_none|                                        weights_local_99_load|        scalar|
|weights_local_100_load    |   in|   32|     ap_none|                                       weights_local_100_load|        scalar|
|weights_local_101_load    |   in|   32|     ap_none|                                       weights_local_101_load|        scalar|
|weights_local_102_load    |   in|   32|     ap_none|                                       weights_local_102_load|        scalar|
|weights_local_103_load    |   in|   32|     ap_none|                                       weights_local_103_load|        scalar|
|weights_local_104_load    |   in|   32|     ap_none|                                       weights_local_104_load|        scalar|
|weights_local_105_load    |   in|   32|     ap_none|                                       weights_local_105_load|        scalar|
|weights_local_106_load    |   in|   32|     ap_none|                                       weights_local_106_load|        scalar|
|weights_local_107_load    |   in|   32|     ap_none|                                       weights_local_107_load|        scalar|
|weights_local_108_load    |   in|   32|     ap_none|                                       weights_local_108_load|        scalar|
|weights_local_109_load    |   in|   32|     ap_none|                                       weights_local_109_load|        scalar|
|weights_local_110_load    |   in|   32|     ap_none|                                       weights_local_110_load|        scalar|
|weights_local_111_load    |   in|   32|     ap_none|                                       weights_local_111_load|        scalar|
|acc_1920                  |   in|   32|     ap_none|                                                     acc_1920|        scalar|
|acc_1921                  |   in|   32|     ap_none|                                                     acc_1921|        scalar|
|acc_1922                  |   in|   32|     ap_none|                                                     acc_1922|        scalar|
|acc_1923                  |   in|   32|     ap_none|                                                     acc_1923|        scalar|
|acc_1924                  |   in|   32|     ap_none|                                                     acc_1924|        scalar|
|acc_1925                  |   in|   32|     ap_none|                                                     acc_1925|        scalar|
|acc_1926                  |   in|   32|     ap_none|                                                     acc_1926|        scalar|
|acc_1927                  |   in|   32|     ap_none|                                                     acc_1927|        scalar|
|acc_1928                  |   in|   32|     ap_none|                                                     acc_1928|        scalar|
|acc_1929                  |   in|   32|     ap_none|                                                     acc_1929|        scalar|
|acc_1930                  |   in|   32|     ap_none|                                                     acc_1930|        scalar|
|acc_1931                  |   in|   32|     ap_none|                                                     acc_1931|        scalar|
|acc_1932                  |   in|   32|     ap_none|                                                     acc_1932|        scalar|
|acc_1933                  |   in|   32|     ap_none|                                                     acc_1933|        scalar|
|acc_1934                  |   in|   32|     ap_none|                                                     acc_1934|        scalar|
|acc_1935                  |   in|   32|     ap_none|                                                     acc_1935|        scalar|
|acc_1936                  |   in|   32|     ap_none|                                                     acc_1936|        scalar|
|acc_1937                  |   in|   32|     ap_none|                                                     acc_1937|        scalar|
|acc_1938                  |   in|   32|     ap_none|                                                     acc_1938|        scalar|
|acc_1939                  |   in|   32|     ap_none|                                                     acc_1939|        scalar|
|acc_1940                  |   in|   32|     ap_none|                                                     acc_1940|        scalar|
|acc_1941                  |   in|   32|     ap_none|                                                     acc_1941|        scalar|
|acc_1942                  |   in|   32|     ap_none|                                                     acc_1942|        scalar|
|acc_1943                  |   in|   32|     ap_none|                                                     acc_1943|        scalar|
|acc_1944                  |   in|   32|     ap_none|                                                     acc_1944|        scalar|
|acc_1945                  |   in|   32|     ap_none|                                                     acc_1945|        scalar|
|acc_1946                  |   in|   32|     ap_none|                                                     acc_1946|        scalar|
|acc_1947                  |   in|   32|     ap_none|                                                     acc_1947|        scalar|
|acc_1948                  |   in|   32|     ap_none|                                                     acc_1948|        scalar|
|acc_1949                  |   in|   32|     ap_none|                                                     acc_1949|        scalar|
|acc_1950                  |   in|   32|     ap_none|                                                     acc_1950|        scalar|
|acc_1951                  |   in|   32|     ap_none|                                                     acc_1951|        scalar|
|acc_1952                  |   in|   32|     ap_none|                                                     acc_1952|        scalar|
|acc_1953                  |   in|   32|     ap_none|                                                     acc_1953|        scalar|
|acc_1954                  |   in|   32|     ap_none|                                                     acc_1954|        scalar|
|acc_1955                  |   in|   32|     ap_none|                                                     acc_1955|        scalar|
|acc_1956                  |   in|   32|     ap_none|                                                     acc_1956|        scalar|
|acc_1957                  |   in|   32|     ap_none|                                                     acc_1957|        scalar|
|acc_1958                  |   in|   32|     ap_none|                                                     acc_1958|        scalar|
|acc_1959                  |   in|   32|     ap_none|                                                     acc_1959|        scalar|
|acc_1960                  |   in|   32|     ap_none|                                                     acc_1960|        scalar|
|acc_1961                  |   in|   32|     ap_none|                                                     acc_1961|        scalar|
|acc_1962                  |   in|   32|     ap_none|                                                     acc_1962|        scalar|
|acc_1963                  |   in|   32|     ap_none|                                                     acc_1963|        scalar|
|acc_1964                  |   in|   32|     ap_none|                                                     acc_1964|        scalar|
|acc_1965                  |   in|   32|     ap_none|                                                     acc_1965|        scalar|
|acc_1966                  |   in|   32|     ap_none|                                                     acc_1966|        scalar|
|acc_1967                  |   in|   32|     ap_none|                                                     acc_1967|        scalar|
|acc_1968                  |   in|   32|     ap_none|                                                     acc_1968|        scalar|
|acc_1969                  |   in|   32|     ap_none|                                                     acc_1969|        scalar|
|acc_1970                  |   in|   32|     ap_none|                                                     acc_1970|        scalar|
|acc_1971                  |   in|   32|     ap_none|                                                     acc_1971|        scalar|
|acc_1972                  |   in|   32|     ap_none|                                                     acc_1972|        scalar|
|acc_1973                  |   in|   32|     ap_none|                                                     acc_1973|        scalar|
|acc_1974                  |   in|   32|     ap_none|                                                     acc_1974|        scalar|
|acc_1975                  |   in|   32|     ap_none|                                                     acc_1975|        scalar|
|acc_1976                  |   in|   32|     ap_none|                                                     acc_1976|        scalar|
|acc_1977                  |   in|   32|     ap_none|                                                     acc_1977|        scalar|
|acc_1978                  |   in|   32|     ap_none|                                                     acc_1978|        scalar|
|acc_1979                  |   in|   32|     ap_none|                                                     acc_1979|        scalar|
|acc_1980                  |   in|   32|     ap_none|                                                     acc_1980|        scalar|
|acc_1981                  |   in|   32|     ap_none|                                                     acc_1981|        scalar|
|acc_1982                  |   in|   32|     ap_none|                                                     acc_1982|        scalar|
|acc_1983                  |   in|   32|     ap_none|                                                     acc_1983|        scalar|
|weights_local_80_load     |   in|   32|     ap_none|                                        weights_local_80_load|        scalar|
|weights_local_81_load     |   in|   32|     ap_none|                                        weights_local_81_load|        scalar|
|weights_local_82_load     |   in|   32|     ap_none|                                        weights_local_82_load|        scalar|
|weights_local_83_load     |   in|   32|     ap_none|                                        weights_local_83_load|        scalar|
|weights_local_84_load     |   in|   32|     ap_none|                                        weights_local_84_load|        scalar|
|weights_local_85_load     |   in|   32|     ap_none|                                        weights_local_85_load|        scalar|
|weights_local_86_load     |   in|   32|     ap_none|                                        weights_local_86_load|        scalar|
|weights_local_87_load     |   in|   32|     ap_none|                                        weights_local_87_load|        scalar|
|weights_local_88_load     |   in|   32|     ap_none|                                        weights_local_88_load|        scalar|
|weights_local_89_load     |   in|   32|     ap_none|                                        weights_local_89_load|        scalar|
|weights_local_90_load     |   in|   32|     ap_none|                                        weights_local_90_load|        scalar|
|weights_local_91_load     |   in|   32|     ap_none|                                        weights_local_91_load|        scalar|
|weights_local_92_load     |   in|   32|     ap_none|                                        weights_local_92_load|        scalar|
|weights_local_93_load     |   in|   32|     ap_none|                                        weights_local_93_load|        scalar|
|weights_local_94_load     |   in|   32|     ap_none|                                        weights_local_94_load|        scalar|
|weights_local_95_load     |   in|   32|     ap_none|                                        weights_local_95_load|        scalar|
|acc_1856                  |   in|   32|     ap_none|                                                     acc_1856|        scalar|
|acc_1857                  |   in|   32|     ap_none|                                                     acc_1857|        scalar|
|acc_1858                  |   in|   32|     ap_none|                                                     acc_1858|        scalar|
|acc_1859                  |   in|   32|     ap_none|                                                     acc_1859|        scalar|
|acc_1860                  |   in|   32|     ap_none|                                                     acc_1860|        scalar|
|acc_1861                  |   in|   32|     ap_none|                                                     acc_1861|        scalar|
|acc_1862                  |   in|   32|     ap_none|                                                     acc_1862|        scalar|
|acc_1863                  |   in|   32|     ap_none|                                                     acc_1863|        scalar|
|acc_1864                  |   in|   32|     ap_none|                                                     acc_1864|        scalar|
|acc_1865                  |   in|   32|     ap_none|                                                     acc_1865|        scalar|
|acc_1866                  |   in|   32|     ap_none|                                                     acc_1866|        scalar|
|acc_1867                  |   in|   32|     ap_none|                                                     acc_1867|        scalar|
|acc_1868                  |   in|   32|     ap_none|                                                     acc_1868|        scalar|
|acc_1869                  |   in|   32|     ap_none|                                                     acc_1869|        scalar|
|acc_1870                  |   in|   32|     ap_none|                                                     acc_1870|        scalar|
|acc_1871                  |   in|   32|     ap_none|                                                     acc_1871|        scalar|
|acc_1872                  |   in|   32|     ap_none|                                                     acc_1872|        scalar|
|acc_1873                  |   in|   32|     ap_none|                                                     acc_1873|        scalar|
|acc_1874                  |   in|   32|     ap_none|                                                     acc_1874|        scalar|
|acc_1875                  |   in|   32|     ap_none|                                                     acc_1875|        scalar|
|acc_1876                  |   in|   32|     ap_none|                                                     acc_1876|        scalar|
|acc_1877                  |   in|   32|     ap_none|                                                     acc_1877|        scalar|
|acc_1878                  |   in|   32|     ap_none|                                                     acc_1878|        scalar|
|acc_1879                  |   in|   32|     ap_none|                                                     acc_1879|        scalar|
|acc_1880                  |   in|   32|     ap_none|                                                     acc_1880|        scalar|
|acc_1881                  |   in|   32|     ap_none|                                                     acc_1881|        scalar|
|acc_1882                  |   in|   32|     ap_none|                                                     acc_1882|        scalar|
|acc_1883                  |   in|   32|     ap_none|                                                     acc_1883|        scalar|
|acc_1884                  |   in|   32|     ap_none|                                                     acc_1884|        scalar|
|acc_1885                  |   in|   32|     ap_none|                                                     acc_1885|        scalar|
|acc_1886                  |   in|   32|     ap_none|                                                     acc_1886|        scalar|
|acc_1887                  |   in|   32|     ap_none|                                                     acc_1887|        scalar|
|acc_1888                  |   in|   32|     ap_none|                                                     acc_1888|        scalar|
|acc_1889                  |   in|   32|     ap_none|                                                     acc_1889|        scalar|
|acc_1890                  |   in|   32|     ap_none|                                                     acc_1890|        scalar|
|acc_1891                  |   in|   32|     ap_none|                                                     acc_1891|        scalar|
|acc_1892                  |   in|   32|     ap_none|                                                     acc_1892|        scalar|
|acc_1893                  |   in|   32|     ap_none|                                                     acc_1893|        scalar|
|acc_1894                  |   in|   32|     ap_none|                                                     acc_1894|        scalar|
|acc_1895                  |   in|   32|     ap_none|                                                     acc_1895|        scalar|
|acc_1896                  |   in|   32|     ap_none|                                                     acc_1896|        scalar|
|acc_1897                  |   in|   32|     ap_none|                                                     acc_1897|        scalar|
|acc_1898                  |   in|   32|     ap_none|                                                     acc_1898|        scalar|
|acc_1899                  |   in|   32|     ap_none|                                                     acc_1899|        scalar|
|acc_1900                  |   in|   32|     ap_none|                                                     acc_1900|        scalar|
|acc_1901                  |   in|   32|     ap_none|                                                     acc_1901|        scalar|
|acc_1902                  |   in|   32|     ap_none|                                                     acc_1902|        scalar|
|acc_1903                  |   in|   32|     ap_none|                                                     acc_1903|        scalar|
|acc_1904                  |   in|   32|     ap_none|                                                     acc_1904|        scalar|
|acc_1905                  |   in|   32|     ap_none|                                                     acc_1905|        scalar|
|acc_1906                  |   in|   32|     ap_none|                                                     acc_1906|        scalar|
|acc_1907                  |   in|   32|     ap_none|                                                     acc_1907|        scalar|
|acc_1908                  |   in|   32|     ap_none|                                                     acc_1908|        scalar|
|acc_1909                  |   in|   32|     ap_none|                                                     acc_1909|        scalar|
|acc_1910                  |   in|   32|     ap_none|                                                     acc_1910|        scalar|
|acc_1911                  |   in|   32|     ap_none|                                                     acc_1911|        scalar|
|acc_1912                  |   in|   32|     ap_none|                                                     acc_1912|        scalar|
|acc_1913                  |   in|   32|     ap_none|                                                     acc_1913|        scalar|
|acc_1914                  |   in|   32|     ap_none|                                                     acc_1914|        scalar|
|acc_1915                  |   in|   32|     ap_none|                                                     acc_1915|        scalar|
|acc_1916                  |   in|   32|     ap_none|                                                     acc_1916|        scalar|
|acc_1917                  |   in|   32|     ap_none|                                                     acc_1917|        scalar|
|acc_1918                  |   in|   32|     ap_none|                                                     acc_1918|        scalar|
|acc_1919                  |   in|   32|     ap_none|                                                     acc_1919|        scalar|
|weights_local_64_load     |   in|   32|     ap_none|                                        weights_local_64_load|        scalar|
|weights_local_65_load     |   in|   32|     ap_none|                                        weights_local_65_load|        scalar|
|weights_local_66_load     |   in|   32|     ap_none|                                        weights_local_66_load|        scalar|
|weights_local_67_load     |   in|   32|     ap_none|                                        weights_local_67_load|        scalar|
|weights_local_68_load     |   in|   32|     ap_none|                                        weights_local_68_load|        scalar|
|weights_local_69_load     |   in|   32|     ap_none|                                        weights_local_69_load|        scalar|
|weights_local_70_load     |   in|   32|     ap_none|                                        weights_local_70_load|        scalar|
|weights_local_71_load     |   in|   32|     ap_none|                                        weights_local_71_load|        scalar|
|weights_local_72_load     |   in|   32|     ap_none|                                        weights_local_72_load|        scalar|
|weights_local_73_load     |   in|   32|     ap_none|                                        weights_local_73_load|        scalar|
|weights_local_74_load     |   in|   32|     ap_none|                                        weights_local_74_load|        scalar|
|weights_local_75_load     |   in|   32|     ap_none|                                        weights_local_75_load|        scalar|
|weights_local_76_load     |   in|   32|     ap_none|                                        weights_local_76_load|        scalar|
|weights_local_77_load     |   in|   32|     ap_none|                                        weights_local_77_load|        scalar|
|weights_local_78_load     |   in|   32|     ap_none|                                        weights_local_78_load|        scalar|
|weights_local_79_load     |   in|   32|     ap_none|                                        weights_local_79_load|        scalar|
|acc_1792                  |   in|   32|     ap_none|                                                     acc_1792|        scalar|
|acc_1793                  |   in|   32|     ap_none|                                                     acc_1793|        scalar|
|acc_1794                  |   in|   32|     ap_none|                                                     acc_1794|        scalar|
|acc_1795                  |   in|   32|     ap_none|                                                     acc_1795|        scalar|
|acc_1796                  |   in|   32|     ap_none|                                                     acc_1796|        scalar|
|acc_1797                  |   in|   32|     ap_none|                                                     acc_1797|        scalar|
|acc_1798                  |   in|   32|     ap_none|                                                     acc_1798|        scalar|
|acc_1799                  |   in|   32|     ap_none|                                                     acc_1799|        scalar|
|acc_1800                  |   in|   32|     ap_none|                                                     acc_1800|        scalar|
|acc_1801                  |   in|   32|     ap_none|                                                     acc_1801|        scalar|
|acc_1802                  |   in|   32|     ap_none|                                                     acc_1802|        scalar|
|acc_1803                  |   in|   32|     ap_none|                                                     acc_1803|        scalar|
|acc_1804                  |   in|   32|     ap_none|                                                     acc_1804|        scalar|
|acc_1805                  |   in|   32|     ap_none|                                                     acc_1805|        scalar|
|acc_1806                  |   in|   32|     ap_none|                                                     acc_1806|        scalar|
|acc_1807                  |   in|   32|     ap_none|                                                     acc_1807|        scalar|
|acc_1808                  |   in|   32|     ap_none|                                                     acc_1808|        scalar|
|acc_1809                  |   in|   32|     ap_none|                                                     acc_1809|        scalar|
|acc_1810                  |   in|   32|     ap_none|                                                     acc_1810|        scalar|
|acc_1811                  |   in|   32|     ap_none|                                                     acc_1811|        scalar|
|acc_1812                  |   in|   32|     ap_none|                                                     acc_1812|        scalar|
|acc_1813                  |   in|   32|     ap_none|                                                     acc_1813|        scalar|
|acc_1814                  |   in|   32|     ap_none|                                                     acc_1814|        scalar|
|acc_1815                  |   in|   32|     ap_none|                                                     acc_1815|        scalar|
|acc_1816                  |   in|   32|     ap_none|                                                     acc_1816|        scalar|
|acc_1817                  |   in|   32|     ap_none|                                                     acc_1817|        scalar|
|acc_1818                  |   in|   32|     ap_none|                                                     acc_1818|        scalar|
|acc_1819                  |   in|   32|     ap_none|                                                     acc_1819|        scalar|
|acc_1820                  |   in|   32|     ap_none|                                                     acc_1820|        scalar|
|acc_1821                  |   in|   32|     ap_none|                                                     acc_1821|        scalar|
|acc_1822                  |   in|   32|     ap_none|                                                     acc_1822|        scalar|
|acc_1823                  |   in|   32|     ap_none|                                                     acc_1823|        scalar|
|acc_1824                  |   in|   32|     ap_none|                                                     acc_1824|        scalar|
|acc_1825                  |   in|   32|     ap_none|                                                     acc_1825|        scalar|
|acc_1826                  |   in|   32|     ap_none|                                                     acc_1826|        scalar|
|acc_1827                  |   in|   32|     ap_none|                                                     acc_1827|        scalar|
|acc_1828                  |   in|   32|     ap_none|                                                     acc_1828|        scalar|
|acc_1829                  |   in|   32|     ap_none|                                                     acc_1829|        scalar|
|acc_1830                  |   in|   32|     ap_none|                                                     acc_1830|        scalar|
|acc_1831                  |   in|   32|     ap_none|                                                     acc_1831|        scalar|
|acc_1832                  |   in|   32|     ap_none|                                                     acc_1832|        scalar|
|acc_1833                  |   in|   32|     ap_none|                                                     acc_1833|        scalar|
|acc_1834                  |   in|   32|     ap_none|                                                     acc_1834|        scalar|
|acc_1835                  |   in|   32|     ap_none|                                                     acc_1835|        scalar|
|acc_1836                  |   in|   32|     ap_none|                                                     acc_1836|        scalar|
|acc_1837                  |   in|   32|     ap_none|                                                     acc_1837|        scalar|
|acc_1838                  |   in|   32|     ap_none|                                                     acc_1838|        scalar|
|acc_1839                  |   in|   32|     ap_none|                                                     acc_1839|        scalar|
|acc_1840                  |   in|   32|     ap_none|                                                     acc_1840|        scalar|
|acc_1841                  |   in|   32|     ap_none|                                                     acc_1841|        scalar|
|acc_1842                  |   in|   32|     ap_none|                                                     acc_1842|        scalar|
|acc_1843                  |   in|   32|     ap_none|                                                     acc_1843|        scalar|
|acc_1844                  |   in|   32|     ap_none|                                                     acc_1844|        scalar|
|acc_1845                  |   in|   32|     ap_none|                                                     acc_1845|        scalar|
|acc_1846                  |   in|   32|     ap_none|                                                     acc_1846|        scalar|
|acc_1847                  |   in|   32|     ap_none|                                                     acc_1847|        scalar|
|acc_1848                  |   in|   32|     ap_none|                                                     acc_1848|        scalar|
|acc_1849                  |   in|   32|     ap_none|                                                     acc_1849|        scalar|
|acc_1850                  |   in|   32|     ap_none|                                                     acc_1850|        scalar|
|acc_1851                  |   in|   32|     ap_none|                                                     acc_1851|        scalar|
|acc_1852                  |   in|   32|     ap_none|                                                     acc_1852|        scalar|
|acc_1853                  |   in|   32|     ap_none|                                                     acc_1853|        scalar|
|acc_1854                  |   in|   32|     ap_none|                                                     acc_1854|        scalar|
|acc_1855                  |   in|   32|     ap_none|                                                     acc_1855|        scalar|
|weights_local_48_load     |   in|   32|     ap_none|                                        weights_local_48_load|        scalar|
|weights_local_49_load     |   in|   32|     ap_none|                                        weights_local_49_load|        scalar|
|weights_local_50_load     |   in|   32|     ap_none|                                        weights_local_50_load|        scalar|
|weights_local_51_load     |   in|   32|     ap_none|                                        weights_local_51_load|        scalar|
|weights_local_52_load     |   in|   32|     ap_none|                                        weights_local_52_load|        scalar|
|weights_local_53_load     |   in|   32|     ap_none|                                        weights_local_53_load|        scalar|
|weights_local_54_load     |   in|   32|     ap_none|                                        weights_local_54_load|        scalar|
|weights_local_55_load     |   in|   32|     ap_none|                                        weights_local_55_load|        scalar|
|weights_local_56_load     |   in|   32|     ap_none|                                        weights_local_56_load|        scalar|
|weights_local_57_load     |   in|   32|     ap_none|                                        weights_local_57_load|        scalar|
|weights_local_58_load     |   in|   32|     ap_none|                                        weights_local_58_load|        scalar|
|weights_local_59_load     |   in|   32|     ap_none|                                        weights_local_59_load|        scalar|
|weights_local_60_load     |   in|   32|     ap_none|                                        weights_local_60_load|        scalar|
|weights_local_61_load     |   in|   32|     ap_none|                                        weights_local_61_load|        scalar|
|weights_local_62_load     |   in|   32|     ap_none|                                        weights_local_62_load|        scalar|
|weights_local_63_load     |   in|   32|     ap_none|                                        weights_local_63_load|        scalar|
|acc_1728                  |   in|   32|     ap_none|                                                     acc_1728|        scalar|
|acc_1729                  |   in|   32|     ap_none|                                                     acc_1729|        scalar|
|acc_1730                  |   in|   32|     ap_none|                                                     acc_1730|        scalar|
|acc_1731                  |   in|   32|     ap_none|                                                     acc_1731|        scalar|
|acc_1732                  |   in|   32|     ap_none|                                                     acc_1732|        scalar|
|acc_1733                  |   in|   32|     ap_none|                                                     acc_1733|        scalar|
|acc_1734                  |   in|   32|     ap_none|                                                     acc_1734|        scalar|
|acc_1735                  |   in|   32|     ap_none|                                                     acc_1735|        scalar|
|acc_1736                  |   in|   32|     ap_none|                                                     acc_1736|        scalar|
|acc_1737                  |   in|   32|     ap_none|                                                     acc_1737|        scalar|
|acc_1738                  |   in|   32|     ap_none|                                                     acc_1738|        scalar|
|acc_1739                  |   in|   32|     ap_none|                                                     acc_1739|        scalar|
|acc_1740                  |   in|   32|     ap_none|                                                     acc_1740|        scalar|
|acc_1741                  |   in|   32|     ap_none|                                                     acc_1741|        scalar|
|acc_1742                  |   in|   32|     ap_none|                                                     acc_1742|        scalar|
|acc_1743                  |   in|   32|     ap_none|                                                     acc_1743|        scalar|
|acc_1744                  |   in|   32|     ap_none|                                                     acc_1744|        scalar|
|acc_1745                  |   in|   32|     ap_none|                                                     acc_1745|        scalar|
|acc_1746                  |   in|   32|     ap_none|                                                     acc_1746|        scalar|
|acc_1747                  |   in|   32|     ap_none|                                                     acc_1747|        scalar|
|acc_1748                  |   in|   32|     ap_none|                                                     acc_1748|        scalar|
|acc_1749                  |   in|   32|     ap_none|                                                     acc_1749|        scalar|
|acc_1750                  |   in|   32|     ap_none|                                                     acc_1750|        scalar|
|acc_1751                  |   in|   32|     ap_none|                                                     acc_1751|        scalar|
|acc_1752                  |   in|   32|     ap_none|                                                     acc_1752|        scalar|
|acc_1753                  |   in|   32|     ap_none|                                                     acc_1753|        scalar|
|acc_1754                  |   in|   32|     ap_none|                                                     acc_1754|        scalar|
|acc_1755                  |   in|   32|     ap_none|                                                     acc_1755|        scalar|
|acc_1756                  |   in|   32|     ap_none|                                                     acc_1756|        scalar|
|acc_1757                  |   in|   32|     ap_none|                                                     acc_1757|        scalar|
|acc_1758                  |   in|   32|     ap_none|                                                     acc_1758|        scalar|
|acc_1759                  |   in|   32|     ap_none|                                                     acc_1759|        scalar|
|acc_1760                  |   in|   32|     ap_none|                                                     acc_1760|        scalar|
|acc_1761                  |   in|   32|     ap_none|                                                     acc_1761|        scalar|
|acc_1762                  |   in|   32|     ap_none|                                                     acc_1762|        scalar|
|acc_1763                  |   in|   32|     ap_none|                                                     acc_1763|        scalar|
|acc_1764                  |   in|   32|     ap_none|                                                     acc_1764|        scalar|
|acc_1765                  |   in|   32|     ap_none|                                                     acc_1765|        scalar|
|acc_1766                  |   in|   32|     ap_none|                                                     acc_1766|        scalar|
|acc_1767                  |   in|   32|     ap_none|                                                     acc_1767|        scalar|
|acc_1768                  |   in|   32|     ap_none|                                                     acc_1768|        scalar|
|acc_1769                  |   in|   32|     ap_none|                                                     acc_1769|        scalar|
|acc_1770                  |   in|   32|     ap_none|                                                     acc_1770|        scalar|
|acc_1771                  |   in|   32|     ap_none|                                                     acc_1771|        scalar|
|acc_1772                  |   in|   32|     ap_none|                                                     acc_1772|        scalar|
|acc_1773                  |   in|   32|     ap_none|                                                     acc_1773|        scalar|
|acc_1774                  |   in|   32|     ap_none|                                                     acc_1774|        scalar|
|acc_1775                  |   in|   32|     ap_none|                                                     acc_1775|        scalar|
|acc_1776                  |   in|   32|     ap_none|                                                     acc_1776|        scalar|
|acc_1777                  |   in|   32|     ap_none|                                                     acc_1777|        scalar|
|acc_1778                  |   in|   32|     ap_none|                                                     acc_1778|        scalar|
|acc_1779                  |   in|   32|     ap_none|                                                     acc_1779|        scalar|
|acc_1780                  |   in|   32|     ap_none|                                                     acc_1780|        scalar|
|acc_1781                  |   in|   32|     ap_none|                                                     acc_1781|        scalar|
|acc_1782                  |   in|   32|     ap_none|                                                     acc_1782|        scalar|
|acc_1783                  |   in|   32|     ap_none|                                                     acc_1783|        scalar|
|acc_1784                  |   in|   32|     ap_none|                                                     acc_1784|        scalar|
|acc_1785                  |   in|   32|     ap_none|                                                     acc_1785|        scalar|
|acc_1786                  |   in|   32|     ap_none|                                                     acc_1786|        scalar|
|acc_1787                  |   in|   32|     ap_none|                                                     acc_1787|        scalar|
|acc_1788                  |   in|   32|     ap_none|                                                     acc_1788|        scalar|
|acc_1789                  |   in|   32|     ap_none|                                                     acc_1789|        scalar|
|acc_1790                  |   in|   32|     ap_none|                                                     acc_1790|        scalar|
|acc_1791                  |   in|   32|     ap_none|                                                     acc_1791|        scalar|
|weights_local_32_load     |   in|   32|     ap_none|                                        weights_local_32_load|        scalar|
|weights_local_33_load     |   in|   32|     ap_none|                                        weights_local_33_load|        scalar|
|weights_local_34_load     |   in|   32|     ap_none|                                        weights_local_34_load|        scalar|
|weights_local_35_load     |   in|   32|     ap_none|                                        weights_local_35_load|        scalar|
|weights_local_36_load     |   in|   32|     ap_none|                                        weights_local_36_load|        scalar|
|weights_local_37_load     |   in|   32|     ap_none|                                        weights_local_37_load|        scalar|
|weights_local_38_load     |   in|   32|     ap_none|                                        weights_local_38_load|        scalar|
|weights_local_39_load     |   in|   32|     ap_none|                                        weights_local_39_load|        scalar|
|weights_local_40_load     |   in|   32|     ap_none|                                        weights_local_40_load|        scalar|
|weights_local_41_load     |   in|   32|     ap_none|                                        weights_local_41_load|        scalar|
|weights_local_42_load     |   in|   32|     ap_none|                                        weights_local_42_load|        scalar|
|weights_local_43_load     |   in|   32|     ap_none|                                        weights_local_43_load|        scalar|
|weights_local_44_load     |   in|   32|     ap_none|                                        weights_local_44_load|        scalar|
|weights_local_45_load     |   in|   32|     ap_none|                                        weights_local_45_load|        scalar|
|weights_local_46_load     |   in|   32|     ap_none|                                        weights_local_46_load|        scalar|
|weights_local_47_load     |   in|   32|     ap_none|                                        weights_local_47_load|        scalar|
|acc_1664                  |   in|   32|     ap_none|                                                     acc_1664|        scalar|
|acc_1665                  |   in|   32|     ap_none|                                                     acc_1665|        scalar|
|acc_1666                  |   in|   32|     ap_none|                                                     acc_1666|        scalar|
|acc_1667                  |   in|   32|     ap_none|                                                     acc_1667|        scalar|
|acc_1668                  |   in|   32|     ap_none|                                                     acc_1668|        scalar|
|acc_1669                  |   in|   32|     ap_none|                                                     acc_1669|        scalar|
|acc_1670                  |   in|   32|     ap_none|                                                     acc_1670|        scalar|
|acc_1671                  |   in|   32|     ap_none|                                                     acc_1671|        scalar|
|acc_1672                  |   in|   32|     ap_none|                                                     acc_1672|        scalar|
|acc_1673                  |   in|   32|     ap_none|                                                     acc_1673|        scalar|
|acc_1674                  |   in|   32|     ap_none|                                                     acc_1674|        scalar|
|acc_1675                  |   in|   32|     ap_none|                                                     acc_1675|        scalar|
|acc_1676                  |   in|   32|     ap_none|                                                     acc_1676|        scalar|
|acc_1677                  |   in|   32|     ap_none|                                                     acc_1677|        scalar|
|acc_1678                  |   in|   32|     ap_none|                                                     acc_1678|        scalar|
|acc_1679                  |   in|   32|     ap_none|                                                     acc_1679|        scalar|
|acc_1680                  |   in|   32|     ap_none|                                                     acc_1680|        scalar|
|acc_1681                  |   in|   32|     ap_none|                                                     acc_1681|        scalar|
|acc_1682                  |   in|   32|     ap_none|                                                     acc_1682|        scalar|
|acc_1683                  |   in|   32|     ap_none|                                                     acc_1683|        scalar|
|acc_1684                  |   in|   32|     ap_none|                                                     acc_1684|        scalar|
|acc_1685                  |   in|   32|     ap_none|                                                     acc_1685|        scalar|
|acc_1686                  |   in|   32|     ap_none|                                                     acc_1686|        scalar|
|acc_1687                  |   in|   32|     ap_none|                                                     acc_1687|        scalar|
|acc_1688                  |   in|   32|     ap_none|                                                     acc_1688|        scalar|
|acc_1689                  |   in|   32|     ap_none|                                                     acc_1689|        scalar|
|acc_1690                  |   in|   32|     ap_none|                                                     acc_1690|        scalar|
|acc_1691                  |   in|   32|     ap_none|                                                     acc_1691|        scalar|
|acc_1692                  |   in|   32|     ap_none|                                                     acc_1692|        scalar|
|acc_1693                  |   in|   32|     ap_none|                                                     acc_1693|        scalar|
|acc_1694                  |   in|   32|     ap_none|                                                     acc_1694|        scalar|
|acc_1695                  |   in|   32|     ap_none|                                                     acc_1695|        scalar|
|acc_1696                  |   in|   32|     ap_none|                                                     acc_1696|        scalar|
|acc_1697                  |   in|   32|     ap_none|                                                     acc_1697|        scalar|
|acc_1698                  |   in|   32|     ap_none|                                                     acc_1698|        scalar|
|acc_1699                  |   in|   32|     ap_none|                                                     acc_1699|        scalar|
|acc_1700                  |   in|   32|     ap_none|                                                     acc_1700|        scalar|
|acc_1701                  |   in|   32|     ap_none|                                                     acc_1701|        scalar|
|acc_1702                  |   in|   32|     ap_none|                                                     acc_1702|        scalar|
|acc_1703                  |   in|   32|     ap_none|                                                     acc_1703|        scalar|
|acc_1704                  |   in|   32|     ap_none|                                                     acc_1704|        scalar|
|acc_1705                  |   in|   32|     ap_none|                                                     acc_1705|        scalar|
|acc_1706                  |   in|   32|     ap_none|                                                     acc_1706|        scalar|
|acc_1707                  |   in|   32|     ap_none|                                                     acc_1707|        scalar|
|acc_1708                  |   in|   32|     ap_none|                                                     acc_1708|        scalar|
|acc_1709                  |   in|   32|     ap_none|                                                     acc_1709|        scalar|
|acc_1710                  |   in|   32|     ap_none|                                                     acc_1710|        scalar|
|acc_1711                  |   in|   32|     ap_none|                                                     acc_1711|        scalar|
|acc_1712                  |   in|   32|     ap_none|                                                     acc_1712|        scalar|
|acc_1713                  |   in|   32|     ap_none|                                                     acc_1713|        scalar|
|acc_1714                  |   in|   32|     ap_none|                                                     acc_1714|        scalar|
|acc_1715                  |   in|   32|     ap_none|                                                     acc_1715|        scalar|
|acc_1716                  |   in|   32|     ap_none|                                                     acc_1716|        scalar|
|acc_1717                  |   in|   32|     ap_none|                                                     acc_1717|        scalar|
|acc_1718                  |   in|   32|     ap_none|                                                     acc_1718|        scalar|
|acc_1719                  |   in|   32|     ap_none|                                                     acc_1719|        scalar|
|acc_1720                  |   in|   32|     ap_none|                                                     acc_1720|        scalar|
|acc_1721                  |   in|   32|     ap_none|                                                     acc_1721|        scalar|
|acc_1722                  |   in|   32|     ap_none|                                                     acc_1722|        scalar|
|acc_1723                  |   in|   32|     ap_none|                                                     acc_1723|        scalar|
|acc_1724                  |   in|   32|     ap_none|                                                     acc_1724|        scalar|
|acc_1725                  |   in|   32|     ap_none|                                                     acc_1725|        scalar|
|acc_1726                  |   in|   32|     ap_none|                                                     acc_1726|        scalar|
|acc_1727                  |   in|   32|     ap_none|                                                     acc_1727|        scalar|
|weights_local_16_load     |   in|   32|     ap_none|                                        weights_local_16_load|        scalar|
|weights_local_17_load     |   in|   32|     ap_none|                                        weights_local_17_load|        scalar|
|weights_local_18_load     |   in|   32|     ap_none|                                        weights_local_18_load|        scalar|
|weights_local_19_load     |   in|   32|     ap_none|                                        weights_local_19_load|        scalar|
|weights_local_20_load     |   in|   32|     ap_none|                                        weights_local_20_load|        scalar|
|weights_local_21_load     |   in|   32|     ap_none|                                        weights_local_21_load|        scalar|
|weights_local_22_load     |   in|   32|     ap_none|                                        weights_local_22_load|        scalar|
|weights_local_23_load     |   in|   32|     ap_none|                                        weights_local_23_load|        scalar|
|weights_local_24_load     |   in|   32|     ap_none|                                        weights_local_24_load|        scalar|
|weights_local_25_load     |   in|   32|     ap_none|                                        weights_local_25_load|        scalar|
|weights_local_26_load     |   in|   32|     ap_none|                                        weights_local_26_load|        scalar|
|weights_local_27_load     |   in|   32|     ap_none|                                        weights_local_27_load|        scalar|
|weights_local_28_load     |   in|   32|     ap_none|                                        weights_local_28_load|        scalar|
|weights_local_29_load     |   in|   32|     ap_none|                                        weights_local_29_load|        scalar|
|weights_local_30_load     |   in|   32|     ap_none|                                        weights_local_30_load|        scalar|
|weights_local_31_load     |   in|   32|     ap_none|                                        weights_local_31_load|        scalar|
|acc_1600                  |   in|   32|     ap_none|                                                     acc_1600|        scalar|
|acc_1601                  |   in|   32|     ap_none|                                                     acc_1601|        scalar|
|acc_1602                  |   in|   32|     ap_none|                                                     acc_1602|        scalar|
|acc_1603                  |   in|   32|     ap_none|                                                     acc_1603|        scalar|
|acc_1604                  |   in|   32|     ap_none|                                                     acc_1604|        scalar|
|acc_1605                  |   in|   32|     ap_none|                                                     acc_1605|        scalar|
|acc_1606                  |   in|   32|     ap_none|                                                     acc_1606|        scalar|
|acc_1607                  |   in|   32|     ap_none|                                                     acc_1607|        scalar|
|acc_1608                  |   in|   32|     ap_none|                                                     acc_1608|        scalar|
|acc_1609                  |   in|   32|     ap_none|                                                     acc_1609|        scalar|
|acc_1610                  |   in|   32|     ap_none|                                                     acc_1610|        scalar|
|acc_1611                  |   in|   32|     ap_none|                                                     acc_1611|        scalar|
|acc_1612                  |   in|   32|     ap_none|                                                     acc_1612|        scalar|
|acc_1613                  |   in|   32|     ap_none|                                                     acc_1613|        scalar|
|acc_1614                  |   in|   32|     ap_none|                                                     acc_1614|        scalar|
|acc_1615                  |   in|   32|     ap_none|                                                     acc_1615|        scalar|
|acc_1616                  |   in|   32|     ap_none|                                                     acc_1616|        scalar|
|acc_1617                  |   in|   32|     ap_none|                                                     acc_1617|        scalar|
|acc_1618                  |   in|   32|     ap_none|                                                     acc_1618|        scalar|
|acc_1619                  |   in|   32|     ap_none|                                                     acc_1619|        scalar|
|acc_1620                  |   in|   32|     ap_none|                                                     acc_1620|        scalar|
|acc_1621                  |   in|   32|     ap_none|                                                     acc_1621|        scalar|
|acc_1622                  |   in|   32|     ap_none|                                                     acc_1622|        scalar|
|acc_1623                  |   in|   32|     ap_none|                                                     acc_1623|        scalar|
|acc_1624                  |   in|   32|     ap_none|                                                     acc_1624|        scalar|
|acc_1625                  |   in|   32|     ap_none|                                                     acc_1625|        scalar|
|acc_1626                  |   in|   32|     ap_none|                                                     acc_1626|        scalar|
|acc_1627                  |   in|   32|     ap_none|                                                     acc_1627|        scalar|
|acc_1628                  |   in|   32|     ap_none|                                                     acc_1628|        scalar|
|acc_1629                  |   in|   32|     ap_none|                                                     acc_1629|        scalar|
|acc_1630                  |   in|   32|     ap_none|                                                     acc_1630|        scalar|
|acc_1631                  |   in|   32|     ap_none|                                                     acc_1631|        scalar|
|acc_1632                  |   in|   32|     ap_none|                                                     acc_1632|        scalar|
|acc_1633                  |   in|   32|     ap_none|                                                     acc_1633|        scalar|
|acc_1634                  |   in|   32|     ap_none|                                                     acc_1634|        scalar|
|acc_1635                  |   in|   32|     ap_none|                                                     acc_1635|        scalar|
|acc_1636                  |   in|   32|     ap_none|                                                     acc_1636|        scalar|
|acc_1637                  |   in|   32|     ap_none|                                                     acc_1637|        scalar|
|acc_1638                  |   in|   32|     ap_none|                                                     acc_1638|        scalar|
|acc_1639                  |   in|   32|     ap_none|                                                     acc_1639|        scalar|
|acc_1640                  |   in|   32|     ap_none|                                                     acc_1640|        scalar|
|acc_1641                  |   in|   32|     ap_none|                                                     acc_1641|        scalar|
|acc_1642                  |   in|   32|     ap_none|                                                     acc_1642|        scalar|
|acc_1643                  |   in|   32|     ap_none|                                                     acc_1643|        scalar|
|acc_1644                  |   in|   32|     ap_none|                                                     acc_1644|        scalar|
|acc_1645                  |   in|   32|     ap_none|                                                     acc_1645|        scalar|
|acc_1646                  |   in|   32|     ap_none|                                                     acc_1646|        scalar|
|acc_1647                  |   in|   32|     ap_none|                                                     acc_1647|        scalar|
|acc_1648                  |   in|   32|     ap_none|                                                     acc_1648|        scalar|
|acc_1649                  |   in|   32|     ap_none|                                                     acc_1649|        scalar|
|acc_1650                  |   in|   32|     ap_none|                                                     acc_1650|        scalar|
|acc_1651                  |   in|   32|     ap_none|                                                     acc_1651|        scalar|
|acc_1652                  |   in|   32|     ap_none|                                                     acc_1652|        scalar|
|acc_1653                  |   in|   32|     ap_none|                                                     acc_1653|        scalar|
|acc_1654                  |   in|   32|     ap_none|                                                     acc_1654|        scalar|
|acc_1655                  |   in|   32|     ap_none|                                                     acc_1655|        scalar|
|acc_1656                  |   in|   32|     ap_none|                                                     acc_1656|        scalar|
|acc_1657                  |   in|   32|     ap_none|                                                     acc_1657|        scalar|
|acc_1658                  |   in|   32|     ap_none|                                                     acc_1658|        scalar|
|acc_1659                  |   in|   32|     ap_none|                                                     acc_1659|        scalar|
|acc_1660                  |   in|   32|     ap_none|                                                     acc_1660|        scalar|
|acc_1661                  |   in|   32|     ap_none|                                                     acc_1661|        scalar|
|acc_1662                  |   in|   32|     ap_none|                                                     acc_1662|        scalar|
|acc_1663                  |   in|   32|     ap_none|                                                     acc_1663|        scalar|
|zext_ln250_1              |   in|    8|     ap_none|                                                 zext_ln250_1|        scalar|
|v_local_address0          |  out|    8|   ap_memory|                                                      v_local|         array|
|v_local_ce0               |  out|    1|   ap_memory|                                                      v_local|         array|
|v_local_q0                |   in|   32|   ap_memory|                                                      v_local|         array|
|v_local_1_address0        |  out|    8|   ap_memory|                                                    v_local_1|         array|
|v_local_1_ce0             |  out|    1|   ap_memory|                                                    v_local_1|         array|
|v_local_1_q0              |   in|   32|   ap_memory|                                                    v_local_1|         array|
|v_local_2_address0        |  out|    8|   ap_memory|                                                    v_local_2|         array|
|v_local_2_ce0             |  out|    1|   ap_memory|                                                    v_local_2|         array|
|v_local_2_q0              |   in|   32|   ap_memory|                                                    v_local_2|         array|
|v_local_3_address0        |  out|    8|   ap_memory|                                                    v_local_3|         array|
|v_local_3_ce0             |  out|    1|   ap_memory|                                                    v_local_3|         array|
|v_local_3_q0              |   in|   32|   ap_memory|                                                    v_local_3|         array|
|v_local_4_address0        |  out|    8|   ap_memory|                                                    v_local_4|         array|
|v_local_4_ce0             |  out|    1|   ap_memory|                                                    v_local_4|         array|
|v_local_4_q0              |   in|   32|   ap_memory|                                                    v_local_4|         array|
|v_local_5_address0        |  out|    8|   ap_memory|                                                    v_local_5|         array|
|v_local_5_ce0             |  out|    1|   ap_memory|                                                    v_local_5|         array|
|v_local_5_q0              |   in|   32|   ap_memory|                                                    v_local_5|         array|
|v_local_6_address0        |  out|    8|   ap_memory|                                                    v_local_6|         array|
|v_local_6_ce0             |  out|    1|   ap_memory|                                                    v_local_6|         array|
|v_local_6_q0              |   in|   32|   ap_memory|                                                    v_local_6|         array|
|v_local_7_address0        |  out|    8|   ap_memory|                                                    v_local_7|         array|
|v_local_7_ce0             |  out|    1|   ap_memory|                                                    v_local_7|         array|
|v_local_7_q0              |   in|   32|   ap_memory|                                                    v_local_7|         array|
|v_local_8_address0        |  out|    8|   ap_memory|                                                    v_local_8|         array|
|v_local_8_ce0             |  out|    1|   ap_memory|                                                    v_local_8|         array|
|v_local_8_q0              |   in|   32|   ap_memory|                                                    v_local_8|         array|
|v_local_9_address0        |  out|    8|   ap_memory|                                                    v_local_9|         array|
|v_local_9_ce0             |  out|    1|   ap_memory|                                                    v_local_9|         array|
|v_local_9_q0              |   in|   32|   ap_memory|                                                    v_local_9|         array|
|v_local_10_address0       |  out|    8|   ap_memory|                                                   v_local_10|         array|
|v_local_10_ce0            |  out|    1|   ap_memory|                                                   v_local_10|         array|
|v_local_10_q0             |   in|   32|   ap_memory|                                                   v_local_10|         array|
|v_local_11_address0       |  out|    8|   ap_memory|                                                   v_local_11|         array|
|v_local_11_ce0            |  out|    1|   ap_memory|                                                   v_local_11|         array|
|v_local_11_q0             |   in|   32|   ap_memory|                                                   v_local_11|         array|
|v_local_12_address0       |  out|    8|   ap_memory|                                                   v_local_12|         array|
|v_local_12_ce0            |  out|    1|   ap_memory|                                                   v_local_12|         array|
|v_local_12_q0             |   in|   32|   ap_memory|                                                   v_local_12|         array|
|v_local_13_address0       |  out|    8|   ap_memory|                                                   v_local_13|         array|
|v_local_13_ce0            |  out|    1|   ap_memory|                                                   v_local_13|         array|
|v_local_13_q0             |   in|   32|   ap_memory|                                                   v_local_13|         array|
|v_local_14_address0       |  out|    8|   ap_memory|                                                   v_local_14|         array|
|v_local_14_ce0            |  out|    1|   ap_memory|                                                   v_local_14|         array|
|v_local_14_q0             |   in|   32|   ap_memory|                                                   v_local_14|         array|
|v_local_15_address0       |  out|    8|   ap_memory|                                                   v_local_15|         array|
|v_local_15_ce0            |  out|    1|   ap_memory|                                                   v_local_15|         array|
|v_local_15_q0             |   in|   32|   ap_memory|                                                   v_local_15|         array|
|weights_local_load        |   in|   32|     ap_none|                                           weights_local_load|        scalar|
|weights_local_1_load      |   in|   32|     ap_none|                                         weights_local_1_load|        scalar|
|weights_local_2_load      |   in|   32|     ap_none|                                         weights_local_2_load|        scalar|
|weights_local_3_load      |   in|   32|     ap_none|                                         weights_local_3_load|        scalar|
|weights_local_4_load      |   in|   32|     ap_none|                                         weights_local_4_load|        scalar|
|weights_local_5_load      |   in|   32|     ap_none|                                         weights_local_5_load|        scalar|
|weights_local_6_load      |   in|   32|     ap_none|                                         weights_local_6_load|        scalar|
|weights_local_7_load      |   in|   32|     ap_none|                                         weights_local_7_load|        scalar|
|weights_local_8_load      |   in|   32|     ap_none|                                         weights_local_8_load|        scalar|
|weights_local_9_load      |   in|   32|     ap_none|                                         weights_local_9_load|        scalar|
|weights_local_10_load     |   in|   32|     ap_none|                                        weights_local_10_load|        scalar|
|weights_local_11_load     |   in|   32|     ap_none|                                        weights_local_11_load|        scalar|
|weights_local_12_load     |   in|   32|     ap_none|                                        weights_local_12_load|        scalar|
|weights_local_13_load     |   in|   32|     ap_none|                                        weights_local_13_load|        scalar|
|weights_local_14_load     |   in|   32|     ap_none|                                        weights_local_14_load|        scalar|
|weights_local_15_load     |   in|   32|     ap_none|                                        weights_local_15_load|        scalar|
|acc_1536                  |   in|   32|     ap_none|                                                     acc_1536|        scalar|
|acc_1537                  |   in|   32|     ap_none|                                                     acc_1537|        scalar|
|acc_1538                  |   in|   32|     ap_none|                                                     acc_1538|        scalar|
|acc_1539                  |   in|   32|     ap_none|                                                     acc_1539|        scalar|
|acc_1540                  |   in|   32|     ap_none|                                                     acc_1540|        scalar|
|acc_1541                  |   in|   32|     ap_none|                                                     acc_1541|        scalar|
|acc_1542                  |   in|   32|     ap_none|                                                     acc_1542|        scalar|
|acc_1543                  |   in|   32|     ap_none|                                                     acc_1543|        scalar|
|acc_1544                  |   in|   32|     ap_none|                                                     acc_1544|        scalar|
|acc_1545                  |   in|   32|     ap_none|                                                     acc_1545|        scalar|
|acc_1546                  |   in|   32|     ap_none|                                                     acc_1546|        scalar|
|acc_1547                  |   in|   32|     ap_none|                                                     acc_1547|        scalar|
|acc_1548                  |   in|   32|     ap_none|                                                     acc_1548|        scalar|
|acc_1549                  |   in|   32|     ap_none|                                                     acc_1549|        scalar|
|acc_1550                  |   in|   32|     ap_none|                                                     acc_1550|        scalar|
|acc_1551                  |   in|   32|     ap_none|                                                     acc_1551|        scalar|
|acc_1552                  |   in|   32|     ap_none|                                                     acc_1552|        scalar|
|acc_1553                  |   in|   32|     ap_none|                                                     acc_1553|        scalar|
|acc_1554                  |   in|   32|     ap_none|                                                     acc_1554|        scalar|
|acc_1555                  |   in|   32|     ap_none|                                                     acc_1555|        scalar|
|acc_1556                  |   in|   32|     ap_none|                                                     acc_1556|        scalar|
|acc_1557                  |   in|   32|     ap_none|                                                     acc_1557|        scalar|
|acc_1558                  |   in|   32|     ap_none|                                                     acc_1558|        scalar|
|acc_1559                  |   in|   32|     ap_none|                                                     acc_1559|        scalar|
|acc_1560                  |   in|   32|     ap_none|                                                     acc_1560|        scalar|
|acc_1561                  |   in|   32|     ap_none|                                                     acc_1561|        scalar|
|acc_1562                  |   in|   32|     ap_none|                                                     acc_1562|        scalar|
|acc_1563                  |   in|   32|     ap_none|                                                     acc_1563|        scalar|
|acc_1564                  |   in|   32|     ap_none|                                                     acc_1564|        scalar|
|acc_1565                  |   in|   32|     ap_none|                                                     acc_1565|        scalar|
|acc_1566                  |   in|   32|     ap_none|                                                     acc_1566|        scalar|
|acc_1567                  |   in|   32|     ap_none|                                                     acc_1567|        scalar|
|acc_1568                  |   in|   32|     ap_none|                                                     acc_1568|        scalar|
|acc_1569                  |   in|   32|     ap_none|                                                     acc_1569|        scalar|
|acc_1570                  |   in|   32|     ap_none|                                                     acc_1570|        scalar|
|acc_1571                  |   in|   32|     ap_none|                                                     acc_1571|        scalar|
|acc_1572                  |   in|   32|     ap_none|                                                     acc_1572|        scalar|
|acc_1573                  |   in|   32|     ap_none|                                                     acc_1573|        scalar|
|acc_1574                  |   in|   32|     ap_none|                                                     acc_1574|        scalar|
|acc_1575                  |   in|   32|     ap_none|                                                     acc_1575|        scalar|
|acc_1576                  |   in|   32|     ap_none|                                                     acc_1576|        scalar|
|acc_1577                  |   in|   32|     ap_none|                                                     acc_1577|        scalar|
|acc_1578                  |   in|   32|     ap_none|                                                     acc_1578|        scalar|
|acc_1579                  |   in|   32|     ap_none|                                                     acc_1579|        scalar|
|acc_1580                  |   in|   32|     ap_none|                                                     acc_1580|        scalar|
|acc_1581                  |   in|   32|     ap_none|                                                     acc_1581|        scalar|
|acc_1582                  |   in|   32|     ap_none|                                                     acc_1582|        scalar|
|acc_1583                  |   in|   32|     ap_none|                                                     acc_1583|        scalar|
|acc_1584                  |   in|   32|     ap_none|                                                     acc_1584|        scalar|
|acc_1585                  |   in|   32|     ap_none|                                                     acc_1585|        scalar|
|acc_1586                  |   in|   32|     ap_none|                                                     acc_1586|        scalar|
|acc_1587                  |   in|   32|     ap_none|                                                     acc_1587|        scalar|
|acc_1588                  |   in|   32|     ap_none|                                                     acc_1588|        scalar|
|acc_1589                  |   in|   32|     ap_none|                                                     acc_1589|        scalar|
|acc_1590                  |   in|   32|     ap_none|                                                     acc_1590|        scalar|
|acc_1591                  |   in|   32|     ap_none|                                                     acc_1591|        scalar|
|acc_1592                  |   in|   32|     ap_none|                                                     acc_1592|        scalar|
|acc_1593                  |   in|   32|     ap_none|                                                     acc_1593|        scalar|
|acc_1594                  |   in|   32|     ap_none|                                                     acc_1594|        scalar|
|acc_1595                  |   in|   32|     ap_none|                                                     acc_1595|        scalar|
|acc_1596                  |   in|   32|     ap_none|                                                     acc_1596|        scalar|
|acc_1597                  |   in|   32|     ap_none|                                                     acc_1597|        scalar|
|acc_1598                  |   in|   32|     ap_none|                                                     acc_1598|        scalar|
|acc_1599                  |   in|   32|     ap_none|                                                     acc_1599|        scalar|
|acc_next_3007_out         |  out|   32|      ap_vld|                                            acc_next_3007_out|       pointer|
|acc_next_3007_out_ap_vld  |  out|    1|      ap_vld|                                            acc_next_3007_out|       pointer|
|acc_next_3006_out         |  out|   32|      ap_vld|                                            acc_next_3006_out|       pointer|
|acc_next_3006_out_ap_vld  |  out|    1|      ap_vld|                                            acc_next_3006_out|       pointer|
|acc_next_3005_out         |  out|   32|      ap_vld|                                            acc_next_3005_out|       pointer|
|acc_next_3005_out_ap_vld  |  out|    1|      ap_vld|                                            acc_next_3005_out|       pointer|
|acc_next_3004_out         |  out|   32|      ap_vld|                                            acc_next_3004_out|       pointer|
|acc_next_3004_out_ap_vld  |  out|    1|      ap_vld|                                            acc_next_3004_out|       pointer|
|acc_next_3003_out         |  out|   32|      ap_vld|                                            acc_next_3003_out|       pointer|
|acc_next_3003_out_ap_vld  |  out|    1|      ap_vld|                                            acc_next_3003_out|       pointer|
|acc_next_3002_out         |  out|   32|      ap_vld|                                            acc_next_3002_out|       pointer|
|acc_next_3002_out_ap_vld  |  out|    1|      ap_vld|                                            acc_next_3002_out|       pointer|
|acc_next_3001_out         |  out|   32|      ap_vld|                                            acc_next_3001_out|       pointer|
|acc_next_3001_out_ap_vld  |  out|    1|      ap_vld|                                            acc_next_3001_out|       pointer|
|acc_next_3000_out         |  out|   32|      ap_vld|                                            acc_next_3000_out|       pointer|
|acc_next_3000_out_ap_vld  |  out|    1|      ap_vld|                                            acc_next_3000_out|       pointer|
|acc_next_2999_out         |  out|   32|      ap_vld|                                            acc_next_2999_out|       pointer|
|acc_next_2999_out_ap_vld  |  out|    1|      ap_vld|                                            acc_next_2999_out|       pointer|
|acc_next_2998_out         |  out|   32|      ap_vld|                                            acc_next_2998_out|       pointer|
|acc_next_2998_out_ap_vld  |  out|    1|      ap_vld|                                            acc_next_2998_out|       pointer|
|acc_next_2997_out         |  out|   32|      ap_vld|                                            acc_next_2997_out|       pointer|
|acc_next_2997_out_ap_vld  |  out|    1|      ap_vld|                                            acc_next_2997_out|       pointer|
|acc_next_2996_out         |  out|   32|      ap_vld|                                            acc_next_2996_out|       pointer|
|acc_next_2996_out_ap_vld  |  out|    1|      ap_vld|                                            acc_next_2996_out|       pointer|
|acc_next_2995_out         |  out|   32|      ap_vld|                                            acc_next_2995_out|       pointer|
|acc_next_2995_out_ap_vld  |  out|    1|      ap_vld|                                            acc_next_2995_out|       pointer|
|acc_next_2994_out         |  out|   32|      ap_vld|                                            acc_next_2994_out|       pointer|
|acc_next_2994_out_ap_vld  |  out|    1|      ap_vld|                                            acc_next_2994_out|       pointer|
|acc_next_2993_out         |  out|   32|      ap_vld|                                            acc_next_2993_out|       pointer|
|acc_next_2993_out_ap_vld  |  out|    1|      ap_vld|                                            acc_next_2993_out|       pointer|
|acc_next_2992_out         |  out|   32|      ap_vld|                                            acc_next_2992_out|       pointer|
|acc_next_2992_out_ap_vld  |  out|    1|      ap_vld|                                            acc_next_2992_out|       pointer|
|acc_next_2991_out         |  out|   32|      ap_vld|                                            acc_next_2991_out|       pointer|
|acc_next_2991_out_ap_vld  |  out|    1|      ap_vld|                                            acc_next_2991_out|       pointer|
|acc_next_2990_out         |  out|   32|      ap_vld|                                            acc_next_2990_out|       pointer|
|acc_next_2990_out_ap_vld  |  out|    1|      ap_vld|                                            acc_next_2990_out|       pointer|
|acc_next_2989_out         |  out|   32|      ap_vld|                                            acc_next_2989_out|       pointer|
|acc_next_2989_out_ap_vld  |  out|    1|      ap_vld|                                            acc_next_2989_out|       pointer|
|acc_next_2988_out         |  out|   32|      ap_vld|                                            acc_next_2988_out|       pointer|
|acc_next_2988_out_ap_vld  |  out|    1|      ap_vld|                                            acc_next_2988_out|       pointer|
|acc_next_2987_out         |  out|   32|      ap_vld|                                            acc_next_2987_out|       pointer|
|acc_next_2987_out_ap_vld  |  out|    1|      ap_vld|                                            acc_next_2987_out|       pointer|
|acc_next_2986_out         |  out|   32|      ap_vld|                                            acc_next_2986_out|       pointer|
|acc_next_2986_out_ap_vld  |  out|    1|      ap_vld|                                            acc_next_2986_out|       pointer|
|acc_next_2985_out         |  out|   32|      ap_vld|                                            acc_next_2985_out|       pointer|
|acc_next_2985_out_ap_vld  |  out|    1|      ap_vld|                                            acc_next_2985_out|       pointer|
|acc_next_2984_out         |  out|   32|      ap_vld|                                            acc_next_2984_out|       pointer|
|acc_next_2984_out_ap_vld  |  out|    1|      ap_vld|                                            acc_next_2984_out|       pointer|
|acc_next_2983_out         |  out|   32|      ap_vld|                                            acc_next_2983_out|       pointer|
|acc_next_2983_out_ap_vld  |  out|    1|      ap_vld|                                            acc_next_2983_out|       pointer|
|acc_next_2982_out         |  out|   32|      ap_vld|                                            acc_next_2982_out|       pointer|
|acc_next_2982_out_ap_vld  |  out|    1|      ap_vld|                                            acc_next_2982_out|       pointer|
|acc_next_2981_out         |  out|   32|      ap_vld|                                            acc_next_2981_out|       pointer|
|acc_next_2981_out_ap_vld  |  out|    1|      ap_vld|                                            acc_next_2981_out|       pointer|
|acc_next_2980_out         |  out|   32|      ap_vld|                                            acc_next_2980_out|       pointer|
|acc_next_2980_out_ap_vld  |  out|    1|      ap_vld|                                            acc_next_2980_out|       pointer|
|acc_next_2979_out         |  out|   32|      ap_vld|                                            acc_next_2979_out|       pointer|
|acc_next_2979_out_ap_vld  |  out|    1|      ap_vld|                                            acc_next_2979_out|       pointer|
|acc_next_2978_out         |  out|   32|      ap_vld|                                            acc_next_2978_out|       pointer|
|acc_next_2978_out_ap_vld  |  out|    1|      ap_vld|                                            acc_next_2978_out|       pointer|
|acc_next_2977_out         |  out|   32|      ap_vld|                                            acc_next_2977_out|       pointer|
|acc_next_2977_out_ap_vld  |  out|    1|      ap_vld|                                            acc_next_2977_out|       pointer|
|acc_next_2976_out         |  out|   32|      ap_vld|                                            acc_next_2976_out|       pointer|
|acc_next_2976_out_ap_vld  |  out|    1|      ap_vld|                                            acc_next_2976_out|       pointer|
|acc_next_2975_out         |  out|   32|      ap_vld|                                            acc_next_2975_out|       pointer|
|acc_next_2975_out_ap_vld  |  out|    1|      ap_vld|                                            acc_next_2975_out|       pointer|
|acc_next_2974_out         |  out|   32|      ap_vld|                                            acc_next_2974_out|       pointer|
|acc_next_2974_out_ap_vld  |  out|    1|      ap_vld|                                            acc_next_2974_out|       pointer|
|acc_next_2973_out         |  out|   32|      ap_vld|                                            acc_next_2973_out|       pointer|
|acc_next_2973_out_ap_vld  |  out|    1|      ap_vld|                                            acc_next_2973_out|       pointer|
|acc_next_2972_out         |  out|   32|      ap_vld|                                            acc_next_2972_out|       pointer|
|acc_next_2972_out_ap_vld  |  out|    1|      ap_vld|                                            acc_next_2972_out|       pointer|
|acc_next_2971_out         |  out|   32|      ap_vld|                                            acc_next_2971_out|       pointer|
|acc_next_2971_out_ap_vld  |  out|    1|      ap_vld|                                            acc_next_2971_out|       pointer|
|acc_next_2970_out         |  out|   32|      ap_vld|                                            acc_next_2970_out|       pointer|
|acc_next_2970_out_ap_vld  |  out|    1|      ap_vld|                                            acc_next_2970_out|       pointer|
|acc_next_2969_out         |  out|   32|      ap_vld|                                            acc_next_2969_out|       pointer|
|acc_next_2969_out_ap_vld  |  out|    1|      ap_vld|                                            acc_next_2969_out|       pointer|
|acc_next_2968_out         |  out|   32|      ap_vld|                                            acc_next_2968_out|       pointer|
|acc_next_2968_out_ap_vld  |  out|    1|      ap_vld|                                            acc_next_2968_out|       pointer|
|acc_next_2967_out         |  out|   32|      ap_vld|                                            acc_next_2967_out|       pointer|
|acc_next_2967_out_ap_vld  |  out|    1|      ap_vld|                                            acc_next_2967_out|       pointer|
|acc_next_2966_out         |  out|   32|      ap_vld|                                            acc_next_2966_out|       pointer|
|acc_next_2966_out_ap_vld  |  out|    1|      ap_vld|                                            acc_next_2966_out|       pointer|
|acc_next_2965_out         |  out|   32|      ap_vld|                                            acc_next_2965_out|       pointer|
|acc_next_2965_out_ap_vld  |  out|    1|      ap_vld|                                            acc_next_2965_out|       pointer|
|acc_next_2964_out         |  out|   32|      ap_vld|                                            acc_next_2964_out|       pointer|
|acc_next_2964_out_ap_vld  |  out|    1|      ap_vld|                                            acc_next_2964_out|       pointer|
|acc_next_2963_out         |  out|   32|      ap_vld|                                            acc_next_2963_out|       pointer|
|acc_next_2963_out_ap_vld  |  out|    1|      ap_vld|                                            acc_next_2963_out|       pointer|
|acc_next_2962_out         |  out|   32|      ap_vld|                                            acc_next_2962_out|       pointer|
|acc_next_2962_out_ap_vld  |  out|    1|      ap_vld|                                            acc_next_2962_out|       pointer|
|acc_next_2961_out         |  out|   32|      ap_vld|                                            acc_next_2961_out|       pointer|
|acc_next_2961_out_ap_vld  |  out|    1|      ap_vld|                                            acc_next_2961_out|       pointer|
|acc_next_2960_out         |  out|   32|      ap_vld|                                            acc_next_2960_out|       pointer|
|acc_next_2960_out_ap_vld  |  out|    1|      ap_vld|                                            acc_next_2960_out|       pointer|
|acc_next_2959_out         |  out|   32|      ap_vld|                                            acc_next_2959_out|       pointer|
|acc_next_2959_out_ap_vld  |  out|    1|      ap_vld|                                            acc_next_2959_out|       pointer|
|acc_next_2958_out         |  out|   32|      ap_vld|                                            acc_next_2958_out|       pointer|
|acc_next_2958_out_ap_vld  |  out|    1|      ap_vld|                                            acc_next_2958_out|       pointer|
|acc_next_2957_out         |  out|   32|      ap_vld|                                            acc_next_2957_out|       pointer|
|acc_next_2957_out_ap_vld  |  out|    1|      ap_vld|                                            acc_next_2957_out|       pointer|
|acc_next_2956_out         |  out|   32|      ap_vld|                                            acc_next_2956_out|       pointer|
|acc_next_2956_out_ap_vld  |  out|    1|      ap_vld|                                            acc_next_2956_out|       pointer|
|acc_next_2955_out         |  out|   32|      ap_vld|                                            acc_next_2955_out|       pointer|
|acc_next_2955_out_ap_vld  |  out|    1|      ap_vld|                                            acc_next_2955_out|       pointer|
|acc_next_2954_out         |  out|   32|      ap_vld|                                            acc_next_2954_out|       pointer|
|acc_next_2954_out_ap_vld  |  out|    1|      ap_vld|                                            acc_next_2954_out|       pointer|
|acc_next_2953_out         |  out|   32|      ap_vld|                                            acc_next_2953_out|       pointer|
|acc_next_2953_out_ap_vld  |  out|    1|      ap_vld|                                            acc_next_2953_out|       pointer|
|acc_next_2952_out         |  out|   32|      ap_vld|                                            acc_next_2952_out|       pointer|
|acc_next_2952_out_ap_vld  |  out|    1|      ap_vld|                                            acc_next_2952_out|       pointer|
|acc_next_2951_out         |  out|   32|      ap_vld|                                            acc_next_2951_out|       pointer|
|acc_next_2951_out_ap_vld  |  out|    1|      ap_vld|                                            acc_next_2951_out|       pointer|
|acc_next_2950_out         |  out|   32|      ap_vld|                                            acc_next_2950_out|       pointer|
|acc_next_2950_out_ap_vld  |  out|    1|      ap_vld|                                            acc_next_2950_out|       pointer|
|acc_next_2949_out         |  out|   32|      ap_vld|                                            acc_next_2949_out|       pointer|
|acc_next_2949_out_ap_vld  |  out|    1|      ap_vld|                                            acc_next_2949_out|       pointer|
|acc_next_2948_out         |  out|   32|      ap_vld|                                            acc_next_2948_out|       pointer|
|acc_next_2948_out_ap_vld  |  out|    1|      ap_vld|                                            acc_next_2948_out|       pointer|
|acc_next_2947_out         |  out|   32|      ap_vld|                                            acc_next_2947_out|       pointer|
|acc_next_2947_out_ap_vld  |  out|    1|      ap_vld|                                            acc_next_2947_out|       pointer|
|acc_next_2946_out         |  out|   32|      ap_vld|                                            acc_next_2946_out|       pointer|
|acc_next_2946_out_ap_vld  |  out|    1|      ap_vld|                                            acc_next_2946_out|       pointer|
|acc_next_2945_out         |  out|   32|      ap_vld|                                            acc_next_2945_out|       pointer|
|acc_next_2945_out_ap_vld  |  out|    1|      ap_vld|                                            acc_next_2945_out|       pointer|
|acc_next_2944_out         |  out|   32|      ap_vld|                                            acc_next_2944_out|       pointer|
|acc_next_2944_out_ap_vld  |  out|    1|      ap_vld|                                            acc_next_2944_out|       pointer|
|acc_next_2943_out         |  out|   32|      ap_vld|                                            acc_next_2943_out|       pointer|
|acc_next_2943_out_ap_vld  |  out|    1|      ap_vld|                                            acc_next_2943_out|       pointer|
|acc_next_2942_out         |  out|   32|      ap_vld|                                            acc_next_2942_out|       pointer|
|acc_next_2942_out_ap_vld  |  out|    1|      ap_vld|                                            acc_next_2942_out|       pointer|
|acc_next_2941_out         |  out|   32|      ap_vld|                                            acc_next_2941_out|       pointer|
|acc_next_2941_out_ap_vld  |  out|    1|      ap_vld|                                            acc_next_2941_out|       pointer|
|acc_next_2940_out         |  out|   32|      ap_vld|                                            acc_next_2940_out|       pointer|
|acc_next_2940_out_ap_vld  |  out|    1|      ap_vld|                                            acc_next_2940_out|       pointer|
|acc_next_2939_out         |  out|   32|      ap_vld|                                            acc_next_2939_out|       pointer|
|acc_next_2939_out_ap_vld  |  out|    1|      ap_vld|                                            acc_next_2939_out|       pointer|
|acc_next_2938_out         |  out|   32|      ap_vld|                                            acc_next_2938_out|       pointer|
|acc_next_2938_out_ap_vld  |  out|    1|      ap_vld|                                            acc_next_2938_out|       pointer|
|acc_next_2937_out         |  out|   32|      ap_vld|                                            acc_next_2937_out|       pointer|
|acc_next_2937_out_ap_vld  |  out|    1|      ap_vld|                                            acc_next_2937_out|       pointer|
|acc_next_2936_out         |  out|   32|      ap_vld|                                            acc_next_2936_out|       pointer|
|acc_next_2936_out_ap_vld  |  out|    1|      ap_vld|                                            acc_next_2936_out|       pointer|
|acc_next_2935_out         |  out|   32|      ap_vld|                                            acc_next_2935_out|       pointer|
|acc_next_2935_out_ap_vld  |  out|    1|      ap_vld|                                            acc_next_2935_out|       pointer|
|acc_next_2934_out         |  out|   32|      ap_vld|                                            acc_next_2934_out|       pointer|
|acc_next_2934_out_ap_vld  |  out|    1|      ap_vld|                                            acc_next_2934_out|       pointer|
|acc_next_2933_out         |  out|   32|      ap_vld|                                            acc_next_2933_out|       pointer|
|acc_next_2933_out_ap_vld  |  out|    1|      ap_vld|                                            acc_next_2933_out|       pointer|
|acc_next_2932_out         |  out|   32|      ap_vld|                                            acc_next_2932_out|       pointer|
|acc_next_2932_out_ap_vld  |  out|    1|      ap_vld|                                            acc_next_2932_out|       pointer|
|acc_next_2931_out         |  out|   32|      ap_vld|                                            acc_next_2931_out|       pointer|
|acc_next_2931_out_ap_vld  |  out|    1|      ap_vld|                                            acc_next_2931_out|       pointer|
|acc_next_2930_out         |  out|   32|      ap_vld|                                            acc_next_2930_out|       pointer|
|acc_next_2930_out_ap_vld  |  out|    1|      ap_vld|                                            acc_next_2930_out|       pointer|
|acc_next_2929_out         |  out|   32|      ap_vld|                                            acc_next_2929_out|       pointer|
|acc_next_2929_out_ap_vld  |  out|    1|      ap_vld|                                            acc_next_2929_out|       pointer|
|acc_next_2928_out         |  out|   32|      ap_vld|                                            acc_next_2928_out|       pointer|
|acc_next_2928_out_ap_vld  |  out|    1|      ap_vld|                                            acc_next_2928_out|       pointer|
|acc_next_2927_out         |  out|   32|      ap_vld|                                            acc_next_2927_out|       pointer|
|acc_next_2927_out_ap_vld  |  out|    1|      ap_vld|                                            acc_next_2927_out|       pointer|
|acc_next_2926_out         |  out|   32|      ap_vld|                                            acc_next_2926_out|       pointer|
|acc_next_2926_out_ap_vld  |  out|    1|      ap_vld|                                            acc_next_2926_out|       pointer|
|acc_next_2925_out         |  out|   32|      ap_vld|                                            acc_next_2925_out|       pointer|
|acc_next_2925_out_ap_vld  |  out|    1|      ap_vld|                                            acc_next_2925_out|       pointer|
|acc_next_2924_out         |  out|   32|      ap_vld|                                            acc_next_2924_out|       pointer|
|acc_next_2924_out_ap_vld  |  out|    1|      ap_vld|                                            acc_next_2924_out|       pointer|
|acc_next_2923_out         |  out|   32|      ap_vld|                                            acc_next_2923_out|       pointer|
|acc_next_2923_out_ap_vld  |  out|    1|      ap_vld|                                            acc_next_2923_out|       pointer|
|acc_next_2922_out         |  out|   32|      ap_vld|                                            acc_next_2922_out|       pointer|
|acc_next_2922_out_ap_vld  |  out|    1|      ap_vld|                                            acc_next_2922_out|       pointer|
|acc_next_2921_out         |  out|   32|      ap_vld|                                            acc_next_2921_out|       pointer|
|acc_next_2921_out_ap_vld  |  out|    1|      ap_vld|                                            acc_next_2921_out|       pointer|
|acc_next_2920_out         |  out|   32|      ap_vld|                                            acc_next_2920_out|       pointer|
|acc_next_2920_out_ap_vld  |  out|    1|      ap_vld|                                            acc_next_2920_out|       pointer|
|acc_next_2919_out         |  out|   32|      ap_vld|                                            acc_next_2919_out|       pointer|
|acc_next_2919_out_ap_vld  |  out|    1|      ap_vld|                                            acc_next_2919_out|       pointer|
|acc_next_2918_out         |  out|   32|      ap_vld|                                            acc_next_2918_out|       pointer|
|acc_next_2918_out_ap_vld  |  out|    1|      ap_vld|                                            acc_next_2918_out|       pointer|
|acc_next_2917_out         |  out|   32|      ap_vld|                                            acc_next_2917_out|       pointer|
|acc_next_2917_out_ap_vld  |  out|    1|      ap_vld|                                            acc_next_2917_out|       pointer|
|acc_next_2916_out         |  out|   32|      ap_vld|                                            acc_next_2916_out|       pointer|
|acc_next_2916_out_ap_vld  |  out|    1|      ap_vld|                                            acc_next_2916_out|       pointer|
|acc_next_2915_out         |  out|   32|      ap_vld|                                            acc_next_2915_out|       pointer|
|acc_next_2915_out_ap_vld  |  out|    1|      ap_vld|                                            acc_next_2915_out|       pointer|
|acc_next_2914_out         |  out|   32|      ap_vld|                                            acc_next_2914_out|       pointer|
|acc_next_2914_out_ap_vld  |  out|    1|      ap_vld|                                            acc_next_2914_out|       pointer|
|acc_next_2913_out         |  out|   32|      ap_vld|                                            acc_next_2913_out|       pointer|
|acc_next_2913_out_ap_vld  |  out|    1|      ap_vld|                                            acc_next_2913_out|       pointer|
|acc_next_2912_out         |  out|   32|      ap_vld|                                            acc_next_2912_out|       pointer|
|acc_next_2912_out_ap_vld  |  out|    1|      ap_vld|                                            acc_next_2912_out|       pointer|
|acc_next_2911_out         |  out|   32|      ap_vld|                                            acc_next_2911_out|       pointer|
|acc_next_2911_out_ap_vld  |  out|    1|      ap_vld|                                            acc_next_2911_out|       pointer|
|acc_next_2910_out         |  out|   32|      ap_vld|                                            acc_next_2910_out|       pointer|
|acc_next_2910_out_ap_vld  |  out|    1|      ap_vld|                                            acc_next_2910_out|       pointer|
|acc_next_2909_out         |  out|   32|      ap_vld|                                            acc_next_2909_out|       pointer|
|acc_next_2909_out_ap_vld  |  out|    1|      ap_vld|                                            acc_next_2909_out|       pointer|
|acc_next_2908_out         |  out|   32|      ap_vld|                                            acc_next_2908_out|       pointer|
|acc_next_2908_out_ap_vld  |  out|    1|      ap_vld|                                            acc_next_2908_out|       pointer|
|acc_next_2907_out         |  out|   32|      ap_vld|                                            acc_next_2907_out|       pointer|
|acc_next_2907_out_ap_vld  |  out|    1|      ap_vld|                                            acc_next_2907_out|       pointer|
|acc_next_2906_out         |  out|   32|      ap_vld|                                            acc_next_2906_out|       pointer|
|acc_next_2906_out_ap_vld  |  out|    1|      ap_vld|                                            acc_next_2906_out|       pointer|
|acc_next_2905_out         |  out|   32|      ap_vld|                                            acc_next_2905_out|       pointer|
|acc_next_2905_out_ap_vld  |  out|    1|      ap_vld|                                            acc_next_2905_out|       pointer|
|acc_next_2904_out         |  out|   32|      ap_vld|                                            acc_next_2904_out|       pointer|
|acc_next_2904_out_ap_vld  |  out|    1|      ap_vld|                                            acc_next_2904_out|       pointer|
|acc_next_2903_out         |  out|   32|      ap_vld|                                            acc_next_2903_out|       pointer|
|acc_next_2903_out_ap_vld  |  out|    1|      ap_vld|                                            acc_next_2903_out|       pointer|
|acc_next_2902_out         |  out|   32|      ap_vld|                                            acc_next_2902_out|       pointer|
|acc_next_2902_out_ap_vld  |  out|    1|      ap_vld|                                            acc_next_2902_out|       pointer|
|acc_next_2901_out         |  out|   32|      ap_vld|                                            acc_next_2901_out|       pointer|
|acc_next_2901_out_ap_vld  |  out|    1|      ap_vld|                                            acc_next_2901_out|       pointer|
|acc_next_2900_out         |  out|   32|      ap_vld|                                            acc_next_2900_out|       pointer|
|acc_next_2900_out_ap_vld  |  out|    1|      ap_vld|                                            acc_next_2900_out|       pointer|
|acc_next_2899_out         |  out|   32|      ap_vld|                                            acc_next_2899_out|       pointer|
|acc_next_2899_out_ap_vld  |  out|    1|      ap_vld|                                            acc_next_2899_out|       pointer|
|acc_next_2898_out         |  out|   32|      ap_vld|                                            acc_next_2898_out|       pointer|
|acc_next_2898_out_ap_vld  |  out|    1|      ap_vld|                                            acc_next_2898_out|       pointer|
|acc_next_2897_out         |  out|   32|      ap_vld|                                            acc_next_2897_out|       pointer|
|acc_next_2897_out_ap_vld  |  out|    1|      ap_vld|                                            acc_next_2897_out|       pointer|
|acc_next_2896_out         |  out|   32|      ap_vld|                                            acc_next_2896_out|       pointer|
|acc_next_2896_out_ap_vld  |  out|    1|      ap_vld|                                            acc_next_2896_out|       pointer|
|acc_next_2895_out         |  out|   32|      ap_vld|                                            acc_next_2895_out|       pointer|
|acc_next_2895_out_ap_vld  |  out|    1|      ap_vld|                                            acc_next_2895_out|       pointer|
|acc_next_2894_out         |  out|   32|      ap_vld|                                            acc_next_2894_out|       pointer|
|acc_next_2894_out_ap_vld  |  out|    1|      ap_vld|                                            acc_next_2894_out|       pointer|
|acc_next_2893_out         |  out|   32|      ap_vld|                                            acc_next_2893_out|       pointer|
|acc_next_2893_out_ap_vld  |  out|    1|      ap_vld|                                            acc_next_2893_out|       pointer|
|acc_next_2892_out         |  out|   32|      ap_vld|                                            acc_next_2892_out|       pointer|
|acc_next_2892_out_ap_vld  |  out|    1|      ap_vld|                                            acc_next_2892_out|       pointer|
|acc_next_2891_out         |  out|   32|      ap_vld|                                            acc_next_2891_out|       pointer|
|acc_next_2891_out_ap_vld  |  out|    1|      ap_vld|                                            acc_next_2891_out|       pointer|
|acc_next_2890_out         |  out|   32|      ap_vld|                                            acc_next_2890_out|       pointer|
|acc_next_2890_out_ap_vld  |  out|    1|      ap_vld|                                            acc_next_2890_out|       pointer|
|acc_next_2889_out         |  out|   32|      ap_vld|                                            acc_next_2889_out|       pointer|
|acc_next_2889_out_ap_vld  |  out|    1|      ap_vld|                                            acc_next_2889_out|       pointer|
|acc_next_2888_out         |  out|   32|      ap_vld|                                            acc_next_2888_out|       pointer|
|acc_next_2888_out_ap_vld  |  out|    1|      ap_vld|                                            acc_next_2888_out|       pointer|
|acc_next_2887_out         |  out|   32|      ap_vld|                                            acc_next_2887_out|       pointer|
|acc_next_2887_out_ap_vld  |  out|    1|      ap_vld|                                            acc_next_2887_out|       pointer|
|acc_next_2886_out         |  out|   32|      ap_vld|                                            acc_next_2886_out|       pointer|
|acc_next_2886_out_ap_vld  |  out|    1|      ap_vld|                                            acc_next_2886_out|       pointer|
|acc_next_2885_out         |  out|   32|      ap_vld|                                            acc_next_2885_out|       pointer|
|acc_next_2885_out_ap_vld  |  out|    1|      ap_vld|                                            acc_next_2885_out|       pointer|
|acc_next_2884_out         |  out|   32|      ap_vld|                                            acc_next_2884_out|       pointer|
|acc_next_2884_out_ap_vld  |  out|    1|      ap_vld|                                            acc_next_2884_out|       pointer|
|acc_next_2883_out         |  out|   32|      ap_vld|                                            acc_next_2883_out|       pointer|
|acc_next_2883_out_ap_vld  |  out|    1|      ap_vld|                                            acc_next_2883_out|       pointer|
|acc_next_2882_out         |  out|   32|      ap_vld|                                            acc_next_2882_out|       pointer|
|acc_next_2882_out_ap_vld  |  out|    1|      ap_vld|                                            acc_next_2882_out|       pointer|
|acc_next_2881_out         |  out|   32|      ap_vld|                                            acc_next_2881_out|       pointer|
|acc_next_2881_out_ap_vld  |  out|    1|      ap_vld|                                            acc_next_2881_out|       pointer|
|acc_next_2880_out         |  out|   32|      ap_vld|                                            acc_next_2880_out|       pointer|
|acc_next_2880_out_ap_vld  |  out|    1|      ap_vld|                                            acc_next_2880_out|       pointer|
|acc_next_2879_out         |  out|   32|      ap_vld|                                            acc_next_2879_out|       pointer|
|acc_next_2879_out_ap_vld  |  out|    1|      ap_vld|                                            acc_next_2879_out|       pointer|
|acc_next_2878_out         |  out|   32|      ap_vld|                                            acc_next_2878_out|       pointer|
|acc_next_2878_out_ap_vld  |  out|    1|      ap_vld|                                            acc_next_2878_out|       pointer|
|acc_next_2877_out         |  out|   32|      ap_vld|                                            acc_next_2877_out|       pointer|
|acc_next_2877_out_ap_vld  |  out|    1|      ap_vld|                                            acc_next_2877_out|       pointer|
|acc_next_2876_out         |  out|   32|      ap_vld|                                            acc_next_2876_out|       pointer|
|acc_next_2876_out_ap_vld  |  out|    1|      ap_vld|                                            acc_next_2876_out|       pointer|
|acc_next_2875_out         |  out|   32|      ap_vld|                                            acc_next_2875_out|       pointer|
|acc_next_2875_out_ap_vld  |  out|    1|      ap_vld|                                            acc_next_2875_out|       pointer|
|acc_next_2874_out         |  out|   32|      ap_vld|                                            acc_next_2874_out|       pointer|
|acc_next_2874_out_ap_vld  |  out|    1|      ap_vld|                                            acc_next_2874_out|       pointer|
|acc_next_2873_out         |  out|   32|      ap_vld|                                            acc_next_2873_out|       pointer|
|acc_next_2873_out_ap_vld  |  out|    1|      ap_vld|                                            acc_next_2873_out|       pointer|
|acc_next_2872_out         |  out|   32|      ap_vld|                                            acc_next_2872_out|       pointer|
|acc_next_2872_out_ap_vld  |  out|    1|      ap_vld|                                            acc_next_2872_out|       pointer|
|acc_next_2871_out         |  out|   32|      ap_vld|                                            acc_next_2871_out|       pointer|
|acc_next_2871_out_ap_vld  |  out|    1|      ap_vld|                                            acc_next_2871_out|       pointer|
|acc_next_2870_out         |  out|   32|      ap_vld|                                            acc_next_2870_out|       pointer|
|acc_next_2870_out_ap_vld  |  out|    1|      ap_vld|                                            acc_next_2870_out|       pointer|
|acc_next_2869_out         |  out|   32|      ap_vld|                                            acc_next_2869_out|       pointer|
|acc_next_2869_out_ap_vld  |  out|    1|      ap_vld|                                            acc_next_2869_out|       pointer|
|acc_next_2868_out         |  out|   32|      ap_vld|                                            acc_next_2868_out|       pointer|
|acc_next_2868_out_ap_vld  |  out|    1|      ap_vld|                                            acc_next_2868_out|       pointer|
|acc_next_2867_out         |  out|   32|      ap_vld|                                            acc_next_2867_out|       pointer|
|acc_next_2867_out_ap_vld  |  out|    1|      ap_vld|                                            acc_next_2867_out|       pointer|
|acc_next_2866_out         |  out|   32|      ap_vld|                                            acc_next_2866_out|       pointer|
|acc_next_2866_out_ap_vld  |  out|    1|      ap_vld|                                            acc_next_2866_out|       pointer|
|acc_next_2865_out         |  out|   32|      ap_vld|                                            acc_next_2865_out|       pointer|
|acc_next_2865_out_ap_vld  |  out|    1|      ap_vld|                                            acc_next_2865_out|       pointer|
|acc_next_2864_out         |  out|   32|      ap_vld|                                            acc_next_2864_out|       pointer|
|acc_next_2864_out_ap_vld  |  out|    1|      ap_vld|                                            acc_next_2864_out|       pointer|
|acc_next_2863_out         |  out|   32|      ap_vld|                                            acc_next_2863_out|       pointer|
|acc_next_2863_out_ap_vld  |  out|    1|      ap_vld|                                            acc_next_2863_out|       pointer|
|acc_next_2862_out         |  out|   32|      ap_vld|                                            acc_next_2862_out|       pointer|
|acc_next_2862_out_ap_vld  |  out|    1|      ap_vld|                                            acc_next_2862_out|       pointer|
|acc_next_2861_out         |  out|   32|      ap_vld|                                            acc_next_2861_out|       pointer|
|acc_next_2861_out_ap_vld  |  out|    1|      ap_vld|                                            acc_next_2861_out|       pointer|
|acc_next_2860_out         |  out|   32|      ap_vld|                                            acc_next_2860_out|       pointer|
|acc_next_2860_out_ap_vld  |  out|    1|      ap_vld|                                            acc_next_2860_out|       pointer|
|acc_next_2859_out         |  out|   32|      ap_vld|                                            acc_next_2859_out|       pointer|
|acc_next_2859_out_ap_vld  |  out|    1|      ap_vld|                                            acc_next_2859_out|       pointer|
|acc_next_2858_out         |  out|   32|      ap_vld|                                            acc_next_2858_out|       pointer|
|acc_next_2858_out_ap_vld  |  out|    1|      ap_vld|                                            acc_next_2858_out|       pointer|
|acc_next_2857_out         |  out|   32|      ap_vld|                                            acc_next_2857_out|       pointer|
|acc_next_2857_out_ap_vld  |  out|    1|      ap_vld|                                            acc_next_2857_out|       pointer|
|acc_next_2856_out         |  out|   32|      ap_vld|                                            acc_next_2856_out|       pointer|
|acc_next_2856_out_ap_vld  |  out|    1|      ap_vld|                                            acc_next_2856_out|       pointer|
|acc_next_2855_out         |  out|   32|      ap_vld|                                            acc_next_2855_out|       pointer|
|acc_next_2855_out_ap_vld  |  out|    1|      ap_vld|                                            acc_next_2855_out|       pointer|
|acc_next_2854_out         |  out|   32|      ap_vld|                                            acc_next_2854_out|       pointer|
|acc_next_2854_out_ap_vld  |  out|    1|      ap_vld|                                            acc_next_2854_out|       pointer|
|acc_next_2853_out         |  out|   32|      ap_vld|                                            acc_next_2853_out|       pointer|
|acc_next_2853_out_ap_vld  |  out|    1|      ap_vld|                                            acc_next_2853_out|       pointer|
|acc_next_2852_out         |  out|   32|      ap_vld|                                            acc_next_2852_out|       pointer|
|acc_next_2852_out_ap_vld  |  out|    1|      ap_vld|                                            acc_next_2852_out|       pointer|
|acc_next_2851_out         |  out|   32|      ap_vld|                                            acc_next_2851_out|       pointer|
|acc_next_2851_out_ap_vld  |  out|    1|      ap_vld|                                            acc_next_2851_out|       pointer|
|acc_next_2850_out         |  out|   32|      ap_vld|                                            acc_next_2850_out|       pointer|
|acc_next_2850_out_ap_vld  |  out|    1|      ap_vld|                                            acc_next_2850_out|       pointer|
|acc_next_2849_out         |  out|   32|      ap_vld|                                            acc_next_2849_out|       pointer|
|acc_next_2849_out_ap_vld  |  out|    1|      ap_vld|                                            acc_next_2849_out|       pointer|
|acc_next_2848_out         |  out|   32|      ap_vld|                                            acc_next_2848_out|       pointer|
|acc_next_2848_out_ap_vld  |  out|    1|      ap_vld|                                            acc_next_2848_out|       pointer|
|acc_next_2847_out         |  out|   32|      ap_vld|                                            acc_next_2847_out|       pointer|
|acc_next_2847_out_ap_vld  |  out|    1|      ap_vld|                                            acc_next_2847_out|       pointer|
|acc_next_2846_out         |  out|   32|      ap_vld|                                            acc_next_2846_out|       pointer|
|acc_next_2846_out_ap_vld  |  out|    1|      ap_vld|                                            acc_next_2846_out|       pointer|
|acc_next_2845_out         |  out|   32|      ap_vld|                                            acc_next_2845_out|       pointer|
|acc_next_2845_out_ap_vld  |  out|    1|      ap_vld|                                            acc_next_2845_out|       pointer|
|acc_next_2844_out         |  out|   32|      ap_vld|                                            acc_next_2844_out|       pointer|
|acc_next_2844_out_ap_vld  |  out|    1|      ap_vld|                                            acc_next_2844_out|       pointer|
|acc_next_2843_out         |  out|   32|      ap_vld|                                            acc_next_2843_out|       pointer|
|acc_next_2843_out_ap_vld  |  out|    1|      ap_vld|                                            acc_next_2843_out|       pointer|
|acc_next_2842_out         |  out|   32|      ap_vld|                                            acc_next_2842_out|       pointer|
|acc_next_2842_out_ap_vld  |  out|    1|      ap_vld|                                            acc_next_2842_out|       pointer|
|acc_next_2841_out         |  out|   32|      ap_vld|                                            acc_next_2841_out|       pointer|
|acc_next_2841_out_ap_vld  |  out|    1|      ap_vld|                                            acc_next_2841_out|       pointer|
|acc_next_2840_out         |  out|   32|      ap_vld|                                            acc_next_2840_out|       pointer|
|acc_next_2840_out_ap_vld  |  out|    1|      ap_vld|                                            acc_next_2840_out|       pointer|
|acc_next_2839_out         |  out|   32|      ap_vld|                                            acc_next_2839_out|       pointer|
|acc_next_2839_out_ap_vld  |  out|    1|      ap_vld|                                            acc_next_2839_out|       pointer|
|acc_next_2838_out         |  out|   32|      ap_vld|                                            acc_next_2838_out|       pointer|
|acc_next_2838_out_ap_vld  |  out|    1|      ap_vld|                                            acc_next_2838_out|       pointer|
|acc_next_2837_out         |  out|   32|      ap_vld|                                            acc_next_2837_out|       pointer|
|acc_next_2837_out_ap_vld  |  out|    1|      ap_vld|                                            acc_next_2837_out|       pointer|
|acc_next_2836_out         |  out|   32|      ap_vld|                                            acc_next_2836_out|       pointer|
|acc_next_2836_out_ap_vld  |  out|    1|      ap_vld|                                            acc_next_2836_out|       pointer|
|acc_next_2835_out         |  out|   32|      ap_vld|                                            acc_next_2835_out|       pointer|
|acc_next_2835_out_ap_vld  |  out|    1|      ap_vld|                                            acc_next_2835_out|       pointer|
|acc_next_2834_out         |  out|   32|      ap_vld|                                            acc_next_2834_out|       pointer|
|acc_next_2834_out_ap_vld  |  out|    1|      ap_vld|                                            acc_next_2834_out|       pointer|
|acc_next_2833_out         |  out|   32|      ap_vld|                                            acc_next_2833_out|       pointer|
|acc_next_2833_out_ap_vld  |  out|    1|      ap_vld|                                            acc_next_2833_out|       pointer|
|acc_next_2832_out         |  out|   32|      ap_vld|                                            acc_next_2832_out|       pointer|
|acc_next_2832_out_ap_vld  |  out|    1|      ap_vld|                                            acc_next_2832_out|       pointer|
|acc_next_2831_out         |  out|   32|      ap_vld|                                            acc_next_2831_out|       pointer|
|acc_next_2831_out_ap_vld  |  out|    1|      ap_vld|                                            acc_next_2831_out|       pointer|
|acc_next_2830_out         |  out|   32|      ap_vld|                                            acc_next_2830_out|       pointer|
|acc_next_2830_out_ap_vld  |  out|    1|      ap_vld|                                            acc_next_2830_out|       pointer|
|acc_next_2829_out         |  out|   32|      ap_vld|                                            acc_next_2829_out|       pointer|
|acc_next_2829_out_ap_vld  |  out|    1|      ap_vld|                                            acc_next_2829_out|       pointer|
|acc_next_2828_out         |  out|   32|      ap_vld|                                            acc_next_2828_out|       pointer|
|acc_next_2828_out_ap_vld  |  out|    1|      ap_vld|                                            acc_next_2828_out|       pointer|
|acc_next_2827_out         |  out|   32|      ap_vld|                                            acc_next_2827_out|       pointer|
|acc_next_2827_out_ap_vld  |  out|    1|      ap_vld|                                            acc_next_2827_out|       pointer|
|acc_next_2826_out         |  out|   32|      ap_vld|                                            acc_next_2826_out|       pointer|
|acc_next_2826_out_ap_vld  |  out|    1|      ap_vld|                                            acc_next_2826_out|       pointer|
|acc_next_2825_out         |  out|   32|      ap_vld|                                            acc_next_2825_out|       pointer|
|acc_next_2825_out_ap_vld  |  out|    1|      ap_vld|                                            acc_next_2825_out|       pointer|
|acc_next_2824_out         |  out|   32|      ap_vld|                                            acc_next_2824_out|       pointer|
|acc_next_2824_out_ap_vld  |  out|    1|      ap_vld|                                            acc_next_2824_out|       pointer|
|acc_next_2823_out         |  out|   32|      ap_vld|                                            acc_next_2823_out|       pointer|
|acc_next_2823_out_ap_vld  |  out|    1|      ap_vld|                                            acc_next_2823_out|       pointer|
|acc_next_2822_out         |  out|   32|      ap_vld|                                            acc_next_2822_out|       pointer|
|acc_next_2822_out_ap_vld  |  out|    1|      ap_vld|                                            acc_next_2822_out|       pointer|
|acc_next_2821_out         |  out|   32|      ap_vld|                                            acc_next_2821_out|       pointer|
|acc_next_2821_out_ap_vld  |  out|    1|      ap_vld|                                            acc_next_2821_out|       pointer|
|acc_next_2820_out         |  out|   32|      ap_vld|                                            acc_next_2820_out|       pointer|
|acc_next_2820_out_ap_vld  |  out|    1|      ap_vld|                                            acc_next_2820_out|       pointer|
|acc_next_2819_out         |  out|   32|      ap_vld|                                            acc_next_2819_out|       pointer|
|acc_next_2819_out_ap_vld  |  out|    1|      ap_vld|                                            acc_next_2819_out|       pointer|
|acc_next_2818_out         |  out|   32|      ap_vld|                                            acc_next_2818_out|       pointer|
|acc_next_2818_out_ap_vld  |  out|    1|      ap_vld|                                            acc_next_2818_out|       pointer|
|acc_next_2817_out         |  out|   32|      ap_vld|                                            acc_next_2817_out|       pointer|
|acc_next_2817_out_ap_vld  |  out|    1|      ap_vld|                                            acc_next_2817_out|       pointer|
|acc_next_2816_out         |  out|   32|      ap_vld|                                            acc_next_2816_out|       pointer|
|acc_next_2816_out_ap_vld  |  out|    1|      ap_vld|                                            acc_next_2816_out|       pointer|
|acc_next_2815_out         |  out|   32|      ap_vld|                                            acc_next_2815_out|       pointer|
|acc_next_2815_out_ap_vld  |  out|    1|      ap_vld|                                            acc_next_2815_out|       pointer|
|acc_next_2814_out         |  out|   32|      ap_vld|                                            acc_next_2814_out|       pointer|
|acc_next_2814_out_ap_vld  |  out|    1|      ap_vld|                                            acc_next_2814_out|       pointer|
|acc_next_2813_out         |  out|   32|      ap_vld|                                            acc_next_2813_out|       pointer|
|acc_next_2813_out_ap_vld  |  out|    1|      ap_vld|                                            acc_next_2813_out|       pointer|
|acc_next_2812_out         |  out|   32|      ap_vld|                                            acc_next_2812_out|       pointer|
|acc_next_2812_out_ap_vld  |  out|    1|      ap_vld|                                            acc_next_2812_out|       pointer|
|acc_next_2811_out         |  out|   32|      ap_vld|                                            acc_next_2811_out|       pointer|
|acc_next_2811_out_ap_vld  |  out|    1|      ap_vld|                                            acc_next_2811_out|       pointer|
|acc_next_2810_out         |  out|   32|      ap_vld|                                            acc_next_2810_out|       pointer|
|acc_next_2810_out_ap_vld  |  out|    1|      ap_vld|                                            acc_next_2810_out|       pointer|
|acc_next_2809_out         |  out|   32|      ap_vld|                                            acc_next_2809_out|       pointer|
|acc_next_2809_out_ap_vld  |  out|    1|      ap_vld|                                            acc_next_2809_out|       pointer|
|acc_next_2808_out         |  out|   32|      ap_vld|                                            acc_next_2808_out|       pointer|
|acc_next_2808_out_ap_vld  |  out|    1|      ap_vld|                                            acc_next_2808_out|       pointer|
|acc_next_2807_out         |  out|   32|      ap_vld|                                            acc_next_2807_out|       pointer|
|acc_next_2807_out_ap_vld  |  out|    1|      ap_vld|                                            acc_next_2807_out|       pointer|
|acc_next_2806_out         |  out|   32|      ap_vld|                                            acc_next_2806_out|       pointer|
|acc_next_2806_out_ap_vld  |  out|    1|      ap_vld|                                            acc_next_2806_out|       pointer|
|acc_next_2805_out         |  out|   32|      ap_vld|                                            acc_next_2805_out|       pointer|
|acc_next_2805_out_ap_vld  |  out|    1|      ap_vld|                                            acc_next_2805_out|       pointer|
|acc_next_2804_out         |  out|   32|      ap_vld|                                            acc_next_2804_out|       pointer|
|acc_next_2804_out_ap_vld  |  out|    1|      ap_vld|                                            acc_next_2804_out|       pointer|
|acc_next_2803_out         |  out|   32|      ap_vld|                                            acc_next_2803_out|       pointer|
|acc_next_2803_out_ap_vld  |  out|    1|      ap_vld|                                            acc_next_2803_out|       pointer|
|acc_next_2802_out         |  out|   32|      ap_vld|                                            acc_next_2802_out|       pointer|
|acc_next_2802_out_ap_vld  |  out|    1|      ap_vld|                                            acc_next_2802_out|       pointer|
|acc_next_2801_out         |  out|   32|      ap_vld|                                            acc_next_2801_out|       pointer|
|acc_next_2801_out_ap_vld  |  out|    1|      ap_vld|                                            acc_next_2801_out|       pointer|
|acc_next_2800_out         |  out|   32|      ap_vld|                                            acc_next_2800_out|       pointer|
|acc_next_2800_out_ap_vld  |  out|    1|      ap_vld|                                            acc_next_2800_out|       pointer|
|acc_next_2799_out         |  out|   32|      ap_vld|                                            acc_next_2799_out|       pointer|
|acc_next_2799_out_ap_vld  |  out|    1|      ap_vld|                                            acc_next_2799_out|       pointer|
|acc_next_2798_out         |  out|   32|      ap_vld|                                            acc_next_2798_out|       pointer|
|acc_next_2798_out_ap_vld  |  out|    1|      ap_vld|                                            acc_next_2798_out|       pointer|
|acc_next_2797_out         |  out|   32|      ap_vld|                                            acc_next_2797_out|       pointer|
|acc_next_2797_out_ap_vld  |  out|    1|      ap_vld|                                            acc_next_2797_out|       pointer|
|acc_next_2796_out         |  out|   32|      ap_vld|                                            acc_next_2796_out|       pointer|
|acc_next_2796_out_ap_vld  |  out|    1|      ap_vld|                                            acc_next_2796_out|       pointer|
|acc_next_2795_out         |  out|   32|      ap_vld|                                            acc_next_2795_out|       pointer|
|acc_next_2795_out_ap_vld  |  out|    1|      ap_vld|                                            acc_next_2795_out|       pointer|
|acc_next_2794_out         |  out|   32|      ap_vld|                                            acc_next_2794_out|       pointer|
|acc_next_2794_out_ap_vld  |  out|    1|      ap_vld|                                            acc_next_2794_out|       pointer|
|acc_next_2793_out         |  out|   32|      ap_vld|                                            acc_next_2793_out|       pointer|
|acc_next_2793_out_ap_vld  |  out|    1|      ap_vld|                                            acc_next_2793_out|       pointer|
|acc_next_2792_out         |  out|   32|      ap_vld|                                            acc_next_2792_out|       pointer|
|acc_next_2792_out_ap_vld  |  out|    1|      ap_vld|                                            acc_next_2792_out|       pointer|
|acc_next_2791_out         |  out|   32|      ap_vld|                                            acc_next_2791_out|       pointer|
|acc_next_2791_out_ap_vld  |  out|    1|      ap_vld|                                            acc_next_2791_out|       pointer|
|acc_next_2790_out         |  out|   32|      ap_vld|                                            acc_next_2790_out|       pointer|
|acc_next_2790_out_ap_vld  |  out|    1|      ap_vld|                                            acc_next_2790_out|       pointer|
|acc_next_2789_out         |  out|   32|      ap_vld|                                            acc_next_2789_out|       pointer|
|acc_next_2789_out_ap_vld  |  out|    1|      ap_vld|                                            acc_next_2789_out|       pointer|
|acc_next_2788_out         |  out|   32|      ap_vld|                                            acc_next_2788_out|       pointer|
|acc_next_2788_out_ap_vld  |  out|    1|      ap_vld|                                            acc_next_2788_out|       pointer|
|acc_next_2787_out         |  out|   32|      ap_vld|                                            acc_next_2787_out|       pointer|
|acc_next_2787_out_ap_vld  |  out|    1|      ap_vld|                                            acc_next_2787_out|       pointer|
|acc_next_2786_out         |  out|   32|      ap_vld|                                            acc_next_2786_out|       pointer|
|acc_next_2786_out_ap_vld  |  out|    1|      ap_vld|                                            acc_next_2786_out|       pointer|
|acc_next_2785_out         |  out|   32|      ap_vld|                                            acc_next_2785_out|       pointer|
|acc_next_2785_out_ap_vld  |  out|    1|      ap_vld|                                            acc_next_2785_out|       pointer|
|acc_next_2784_out         |  out|   32|      ap_vld|                                            acc_next_2784_out|       pointer|
|acc_next_2784_out_ap_vld  |  out|    1|      ap_vld|                                            acc_next_2784_out|       pointer|
|acc_next_2783_out         |  out|   32|      ap_vld|                                            acc_next_2783_out|       pointer|
|acc_next_2783_out_ap_vld  |  out|    1|      ap_vld|                                            acc_next_2783_out|       pointer|
|acc_next_2782_out         |  out|   32|      ap_vld|                                            acc_next_2782_out|       pointer|
|acc_next_2782_out_ap_vld  |  out|    1|      ap_vld|                                            acc_next_2782_out|       pointer|
|acc_next_2781_out         |  out|   32|      ap_vld|                                            acc_next_2781_out|       pointer|
|acc_next_2781_out_ap_vld  |  out|    1|      ap_vld|                                            acc_next_2781_out|       pointer|
|acc_next_2780_out         |  out|   32|      ap_vld|                                            acc_next_2780_out|       pointer|
|acc_next_2780_out_ap_vld  |  out|    1|      ap_vld|                                            acc_next_2780_out|       pointer|
|acc_next_2779_out         |  out|   32|      ap_vld|                                            acc_next_2779_out|       pointer|
|acc_next_2779_out_ap_vld  |  out|    1|      ap_vld|                                            acc_next_2779_out|       pointer|
|acc_next_2778_out         |  out|   32|      ap_vld|                                            acc_next_2778_out|       pointer|
|acc_next_2778_out_ap_vld  |  out|    1|      ap_vld|                                            acc_next_2778_out|       pointer|
|acc_next_2777_out         |  out|   32|      ap_vld|                                            acc_next_2777_out|       pointer|
|acc_next_2777_out_ap_vld  |  out|    1|      ap_vld|                                            acc_next_2777_out|       pointer|
|acc_next_2776_out         |  out|   32|      ap_vld|                                            acc_next_2776_out|       pointer|
|acc_next_2776_out_ap_vld  |  out|    1|      ap_vld|                                            acc_next_2776_out|       pointer|
|acc_next_2775_out         |  out|   32|      ap_vld|                                            acc_next_2775_out|       pointer|
|acc_next_2775_out_ap_vld  |  out|    1|      ap_vld|                                            acc_next_2775_out|       pointer|
|acc_next_2774_out         |  out|   32|      ap_vld|                                            acc_next_2774_out|       pointer|
|acc_next_2774_out_ap_vld  |  out|    1|      ap_vld|                                            acc_next_2774_out|       pointer|
|acc_next_2773_out         |  out|   32|      ap_vld|                                            acc_next_2773_out|       pointer|
|acc_next_2773_out_ap_vld  |  out|    1|      ap_vld|                                            acc_next_2773_out|       pointer|
|acc_next_2772_out         |  out|   32|      ap_vld|                                            acc_next_2772_out|       pointer|
|acc_next_2772_out_ap_vld  |  out|    1|      ap_vld|                                            acc_next_2772_out|       pointer|
|acc_next_2771_out         |  out|   32|      ap_vld|                                            acc_next_2771_out|       pointer|
|acc_next_2771_out_ap_vld  |  out|    1|      ap_vld|                                            acc_next_2771_out|       pointer|
|acc_next_2770_out         |  out|   32|      ap_vld|                                            acc_next_2770_out|       pointer|
|acc_next_2770_out_ap_vld  |  out|    1|      ap_vld|                                            acc_next_2770_out|       pointer|
|acc_next_2769_out         |  out|   32|      ap_vld|                                            acc_next_2769_out|       pointer|
|acc_next_2769_out_ap_vld  |  out|    1|      ap_vld|                                            acc_next_2769_out|       pointer|
|acc_next_2768_out         |  out|   32|      ap_vld|                                            acc_next_2768_out|       pointer|
|acc_next_2768_out_ap_vld  |  out|    1|      ap_vld|                                            acc_next_2768_out|       pointer|
|acc_next_2767_out         |  out|   32|      ap_vld|                                            acc_next_2767_out|       pointer|
|acc_next_2767_out_ap_vld  |  out|    1|      ap_vld|                                            acc_next_2767_out|       pointer|
|acc_next_2766_out         |  out|   32|      ap_vld|                                            acc_next_2766_out|       pointer|
|acc_next_2766_out_ap_vld  |  out|    1|      ap_vld|                                            acc_next_2766_out|       pointer|
|acc_next_2765_out         |  out|   32|      ap_vld|                                            acc_next_2765_out|       pointer|
|acc_next_2765_out_ap_vld  |  out|    1|      ap_vld|                                            acc_next_2765_out|       pointer|
|acc_next_2764_out         |  out|   32|      ap_vld|                                            acc_next_2764_out|       pointer|
|acc_next_2764_out_ap_vld  |  out|    1|      ap_vld|                                            acc_next_2764_out|       pointer|
|acc_next_2763_out         |  out|   32|      ap_vld|                                            acc_next_2763_out|       pointer|
|acc_next_2763_out_ap_vld  |  out|    1|      ap_vld|                                            acc_next_2763_out|       pointer|
|acc_next_2762_out         |  out|   32|      ap_vld|                                            acc_next_2762_out|       pointer|
|acc_next_2762_out_ap_vld  |  out|    1|      ap_vld|                                            acc_next_2762_out|       pointer|
|acc_next_2761_out         |  out|   32|      ap_vld|                                            acc_next_2761_out|       pointer|
|acc_next_2761_out_ap_vld  |  out|    1|      ap_vld|                                            acc_next_2761_out|       pointer|
|acc_next_2760_out         |  out|   32|      ap_vld|                                            acc_next_2760_out|       pointer|
|acc_next_2760_out_ap_vld  |  out|    1|      ap_vld|                                            acc_next_2760_out|       pointer|
|acc_next_2759_out         |  out|   32|      ap_vld|                                            acc_next_2759_out|       pointer|
|acc_next_2759_out_ap_vld  |  out|    1|      ap_vld|                                            acc_next_2759_out|       pointer|
|acc_next_2758_out         |  out|   32|      ap_vld|                                            acc_next_2758_out|       pointer|
|acc_next_2758_out_ap_vld  |  out|    1|      ap_vld|                                            acc_next_2758_out|       pointer|
|acc_next_2757_out         |  out|   32|      ap_vld|                                            acc_next_2757_out|       pointer|
|acc_next_2757_out_ap_vld  |  out|    1|      ap_vld|                                            acc_next_2757_out|       pointer|
|acc_next_2756_out         |  out|   32|      ap_vld|                                            acc_next_2756_out|       pointer|
|acc_next_2756_out_ap_vld  |  out|    1|      ap_vld|                                            acc_next_2756_out|       pointer|
|acc_next_2755_out         |  out|   32|      ap_vld|                                            acc_next_2755_out|       pointer|
|acc_next_2755_out_ap_vld  |  out|    1|      ap_vld|                                            acc_next_2755_out|       pointer|
|acc_next_2754_out         |  out|   32|      ap_vld|                                            acc_next_2754_out|       pointer|
|acc_next_2754_out_ap_vld  |  out|    1|      ap_vld|                                            acc_next_2754_out|       pointer|
|acc_next_2753_out         |  out|   32|      ap_vld|                                            acc_next_2753_out|       pointer|
|acc_next_2753_out_ap_vld  |  out|    1|      ap_vld|                                            acc_next_2753_out|       pointer|
|acc_next_2752_out         |  out|   32|      ap_vld|                                            acc_next_2752_out|       pointer|
|acc_next_2752_out_ap_vld  |  out|    1|      ap_vld|                                            acc_next_2752_out|       pointer|
|acc_next_2751_out         |  out|   32|      ap_vld|                                            acc_next_2751_out|       pointer|
|acc_next_2751_out_ap_vld  |  out|    1|      ap_vld|                                            acc_next_2751_out|       pointer|
|acc_next_2750_out         |  out|   32|      ap_vld|                                            acc_next_2750_out|       pointer|
|acc_next_2750_out_ap_vld  |  out|    1|      ap_vld|                                            acc_next_2750_out|       pointer|
|acc_next_2749_out         |  out|   32|      ap_vld|                                            acc_next_2749_out|       pointer|
|acc_next_2749_out_ap_vld  |  out|    1|      ap_vld|                                            acc_next_2749_out|       pointer|
|acc_next_2748_out         |  out|   32|      ap_vld|                                            acc_next_2748_out|       pointer|
|acc_next_2748_out_ap_vld  |  out|    1|      ap_vld|                                            acc_next_2748_out|       pointer|
|acc_next_2747_out         |  out|   32|      ap_vld|                                            acc_next_2747_out|       pointer|
|acc_next_2747_out_ap_vld  |  out|    1|      ap_vld|                                            acc_next_2747_out|       pointer|
|acc_next_2746_out         |  out|   32|      ap_vld|                                            acc_next_2746_out|       pointer|
|acc_next_2746_out_ap_vld  |  out|    1|      ap_vld|                                            acc_next_2746_out|       pointer|
|acc_next_2745_out         |  out|   32|      ap_vld|                                            acc_next_2745_out|       pointer|
|acc_next_2745_out_ap_vld  |  out|    1|      ap_vld|                                            acc_next_2745_out|       pointer|
|acc_next_2744_out         |  out|   32|      ap_vld|                                            acc_next_2744_out|       pointer|
|acc_next_2744_out_ap_vld  |  out|    1|      ap_vld|                                            acc_next_2744_out|       pointer|
|acc_next_2743_out         |  out|   32|      ap_vld|                                            acc_next_2743_out|       pointer|
|acc_next_2743_out_ap_vld  |  out|    1|      ap_vld|                                            acc_next_2743_out|       pointer|
|acc_next_2742_out         |  out|   32|      ap_vld|                                            acc_next_2742_out|       pointer|
|acc_next_2742_out_ap_vld  |  out|    1|      ap_vld|                                            acc_next_2742_out|       pointer|
|acc_next_2741_out         |  out|   32|      ap_vld|                                            acc_next_2741_out|       pointer|
|acc_next_2741_out_ap_vld  |  out|    1|      ap_vld|                                            acc_next_2741_out|       pointer|
|acc_next_2740_out         |  out|   32|      ap_vld|                                            acc_next_2740_out|       pointer|
|acc_next_2740_out_ap_vld  |  out|    1|      ap_vld|                                            acc_next_2740_out|       pointer|
|acc_next_2739_out         |  out|   32|      ap_vld|                                            acc_next_2739_out|       pointer|
|acc_next_2739_out_ap_vld  |  out|    1|      ap_vld|                                            acc_next_2739_out|       pointer|
|acc_next_2738_out         |  out|   32|      ap_vld|                                            acc_next_2738_out|       pointer|
|acc_next_2738_out_ap_vld  |  out|    1|      ap_vld|                                            acc_next_2738_out|       pointer|
|acc_next_2737_out         |  out|   32|      ap_vld|                                            acc_next_2737_out|       pointer|
|acc_next_2737_out_ap_vld  |  out|    1|      ap_vld|                                            acc_next_2737_out|       pointer|
|acc_next_2736_out         |  out|   32|      ap_vld|                                            acc_next_2736_out|       pointer|
|acc_next_2736_out_ap_vld  |  out|    1|      ap_vld|                                            acc_next_2736_out|       pointer|
|acc_next_2735_out         |  out|   32|      ap_vld|                                            acc_next_2735_out|       pointer|
|acc_next_2735_out_ap_vld  |  out|    1|      ap_vld|                                            acc_next_2735_out|       pointer|
|acc_next_2734_out         |  out|   32|      ap_vld|                                            acc_next_2734_out|       pointer|
|acc_next_2734_out_ap_vld  |  out|    1|      ap_vld|                                            acc_next_2734_out|       pointer|
|acc_next_2733_out         |  out|   32|      ap_vld|                                            acc_next_2733_out|       pointer|
|acc_next_2733_out_ap_vld  |  out|    1|      ap_vld|                                            acc_next_2733_out|       pointer|
|acc_next_2732_out         |  out|   32|      ap_vld|                                            acc_next_2732_out|       pointer|
|acc_next_2732_out_ap_vld  |  out|    1|      ap_vld|                                            acc_next_2732_out|       pointer|
|acc_next_2731_out         |  out|   32|      ap_vld|                                            acc_next_2731_out|       pointer|
|acc_next_2731_out_ap_vld  |  out|    1|      ap_vld|                                            acc_next_2731_out|       pointer|
|acc_next_2730_out         |  out|   32|      ap_vld|                                            acc_next_2730_out|       pointer|
|acc_next_2730_out_ap_vld  |  out|    1|      ap_vld|                                            acc_next_2730_out|       pointer|
|acc_next_2729_out         |  out|   32|      ap_vld|                                            acc_next_2729_out|       pointer|
|acc_next_2729_out_ap_vld  |  out|    1|      ap_vld|                                            acc_next_2729_out|       pointer|
|acc_next_2728_out         |  out|   32|      ap_vld|                                            acc_next_2728_out|       pointer|
|acc_next_2728_out_ap_vld  |  out|    1|      ap_vld|                                            acc_next_2728_out|       pointer|
|acc_next_2727_out         |  out|   32|      ap_vld|                                            acc_next_2727_out|       pointer|
|acc_next_2727_out_ap_vld  |  out|    1|      ap_vld|                                            acc_next_2727_out|       pointer|
|acc_next_2726_out         |  out|   32|      ap_vld|                                            acc_next_2726_out|       pointer|
|acc_next_2726_out_ap_vld  |  out|    1|      ap_vld|                                            acc_next_2726_out|       pointer|
|acc_next_2725_out         |  out|   32|      ap_vld|                                            acc_next_2725_out|       pointer|
|acc_next_2725_out_ap_vld  |  out|    1|      ap_vld|                                            acc_next_2725_out|       pointer|
|acc_next_2724_out         |  out|   32|      ap_vld|                                            acc_next_2724_out|       pointer|
|acc_next_2724_out_ap_vld  |  out|    1|      ap_vld|                                            acc_next_2724_out|       pointer|
|acc_next_2723_out         |  out|   32|      ap_vld|                                            acc_next_2723_out|       pointer|
|acc_next_2723_out_ap_vld  |  out|    1|      ap_vld|                                            acc_next_2723_out|       pointer|
|acc_next_2722_out         |  out|   32|      ap_vld|                                            acc_next_2722_out|       pointer|
|acc_next_2722_out_ap_vld  |  out|    1|      ap_vld|                                            acc_next_2722_out|       pointer|
|acc_next_2721_out         |  out|   32|      ap_vld|                                            acc_next_2721_out|       pointer|
|acc_next_2721_out_ap_vld  |  out|    1|      ap_vld|                                            acc_next_2721_out|       pointer|
|acc_next_2720_out         |  out|   32|      ap_vld|                                            acc_next_2720_out|       pointer|
|acc_next_2720_out_ap_vld  |  out|    1|      ap_vld|                                            acc_next_2720_out|       pointer|
|acc_next_2719_out         |  out|   32|      ap_vld|                                            acc_next_2719_out|       pointer|
|acc_next_2719_out_ap_vld  |  out|    1|      ap_vld|                                            acc_next_2719_out|       pointer|
|acc_next_2718_out         |  out|   32|      ap_vld|                                            acc_next_2718_out|       pointer|
|acc_next_2718_out_ap_vld  |  out|    1|      ap_vld|                                            acc_next_2718_out|       pointer|
|acc_next_2717_out         |  out|   32|      ap_vld|                                            acc_next_2717_out|       pointer|
|acc_next_2717_out_ap_vld  |  out|    1|      ap_vld|                                            acc_next_2717_out|       pointer|
|acc_next_2716_out         |  out|   32|      ap_vld|                                            acc_next_2716_out|       pointer|
|acc_next_2716_out_ap_vld  |  out|    1|      ap_vld|                                            acc_next_2716_out|       pointer|
|acc_next_2715_out         |  out|   32|      ap_vld|                                            acc_next_2715_out|       pointer|
|acc_next_2715_out_ap_vld  |  out|    1|      ap_vld|                                            acc_next_2715_out|       pointer|
|acc_next_2714_out         |  out|   32|      ap_vld|                                            acc_next_2714_out|       pointer|
|acc_next_2714_out_ap_vld  |  out|    1|      ap_vld|                                            acc_next_2714_out|       pointer|
|acc_next_2713_out         |  out|   32|      ap_vld|                                            acc_next_2713_out|       pointer|
|acc_next_2713_out_ap_vld  |  out|    1|      ap_vld|                                            acc_next_2713_out|       pointer|
|acc_next_2712_out         |  out|   32|      ap_vld|                                            acc_next_2712_out|       pointer|
|acc_next_2712_out_ap_vld  |  out|    1|      ap_vld|                                            acc_next_2712_out|       pointer|
|acc_next_2711_out         |  out|   32|      ap_vld|                                            acc_next_2711_out|       pointer|
|acc_next_2711_out_ap_vld  |  out|    1|      ap_vld|                                            acc_next_2711_out|       pointer|
|acc_next_2710_out         |  out|   32|      ap_vld|                                            acc_next_2710_out|       pointer|
|acc_next_2710_out_ap_vld  |  out|    1|      ap_vld|                                            acc_next_2710_out|       pointer|
|acc_next_2709_out         |  out|   32|      ap_vld|                                            acc_next_2709_out|       pointer|
|acc_next_2709_out_ap_vld  |  out|    1|      ap_vld|                                            acc_next_2709_out|       pointer|
|acc_next_2708_out         |  out|   32|      ap_vld|                                            acc_next_2708_out|       pointer|
|acc_next_2708_out_ap_vld  |  out|    1|      ap_vld|                                            acc_next_2708_out|       pointer|
|acc_next_2707_out         |  out|   32|      ap_vld|                                            acc_next_2707_out|       pointer|
|acc_next_2707_out_ap_vld  |  out|    1|      ap_vld|                                            acc_next_2707_out|       pointer|
|acc_next_2706_out         |  out|   32|      ap_vld|                                            acc_next_2706_out|       pointer|
|acc_next_2706_out_ap_vld  |  out|    1|      ap_vld|                                            acc_next_2706_out|       pointer|
|acc_next_2705_out         |  out|   32|      ap_vld|                                            acc_next_2705_out|       pointer|
|acc_next_2705_out_ap_vld  |  out|    1|      ap_vld|                                            acc_next_2705_out|       pointer|
|acc_next_2704_out         |  out|   32|      ap_vld|                                            acc_next_2704_out|       pointer|
|acc_next_2704_out_ap_vld  |  out|    1|      ap_vld|                                            acc_next_2704_out|       pointer|
|acc_next_2703_out         |  out|   32|      ap_vld|                                            acc_next_2703_out|       pointer|
|acc_next_2703_out_ap_vld  |  out|    1|      ap_vld|                                            acc_next_2703_out|       pointer|
|acc_next_2702_out         |  out|   32|      ap_vld|                                            acc_next_2702_out|       pointer|
|acc_next_2702_out_ap_vld  |  out|    1|      ap_vld|                                            acc_next_2702_out|       pointer|
|acc_next_2701_out         |  out|   32|      ap_vld|                                            acc_next_2701_out|       pointer|
|acc_next_2701_out_ap_vld  |  out|    1|      ap_vld|                                            acc_next_2701_out|       pointer|
|acc_next_2700_out         |  out|   32|      ap_vld|                                            acc_next_2700_out|       pointer|
|acc_next_2700_out_ap_vld  |  out|    1|      ap_vld|                                            acc_next_2700_out|       pointer|
|acc_next_2699_out         |  out|   32|      ap_vld|                                            acc_next_2699_out|       pointer|
|acc_next_2699_out_ap_vld  |  out|    1|      ap_vld|                                            acc_next_2699_out|       pointer|
|acc_next_2698_out         |  out|   32|      ap_vld|                                            acc_next_2698_out|       pointer|
|acc_next_2698_out_ap_vld  |  out|    1|      ap_vld|                                            acc_next_2698_out|       pointer|
|acc_next_2697_out         |  out|   32|      ap_vld|                                            acc_next_2697_out|       pointer|
|acc_next_2697_out_ap_vld  |  out|    1|      ap_vld|                                            acc_next_2697_out|       pointer|
|acc_next_2696_out         |  out|   32|      ap_vld|                                            acc_next_2696_out|       pointer|
|acc_next_2696_out_ap_vld  |  out|    1|      ap_vld|                                            acc_next_2696_out|       pointer|
|acc_next_2695_out         |  out|   32|      ap_vld|                                            acc_next_2695_out|       pointer|
|acc_next_2695_out_ap_vld  |  out|    1|      ap_vld|                                            acc_next_2695_out|       pointer|
|acc_next_2694_out         |  out|   32|      ap_vld|                                            acc_next_2694_out|       pointer|
|acc_next_2694_out_ap_vld  |  out|    1|      ap_vld|                                            acc_next_2694_out|       pointer|
|acc_next_2693_out         |  out|   32|      ap_vld|                                            acc_next_2693_out|       pointer|
|acc_next_2693_out_ap_vld  |  out|    1|      ap_vld|                                            acc_next_2693_out|       pointer|
|acc_next_2692_out         |  out|   32|      ap_vld|                                            acc_next_2692_out|       pointer|
|acc_next_2692_out_ap_vld  |  out|    1|      ap_vld|                                            acc_next_2692_out|       pointer|
|acc_next_2691_out         |  out|   32|      ap_vld|                                            acc_next_2691_out|       pointer|
|acc_next_2691_out_ap_vld  |  out|    1|      ap_vld|                                            acc_next_2691_out|       pointer|
|acc_next_2690_out         |  out|   32|      ap_vld|                                            acc_next_2690_out|       pointer|
|acc_next_2690_out_ap_vld  |  out|    1|      ap_vld|                                            acc_next_2690_out|       pointer|
|acc_next_2689_out         |  out|   32|      ap_vld|                                            acc_next_2689_out|       pointer|
|acc_next_2689_out_ap_vld  |  out|    1|      ap_vld|                                            acc_next_2689_out|       pointer|
|acc_next_2688_out         |  out|   32|      ap_vld|                                            acc_next_2688_out|       pointer|
|acc_next_2688_out_ap_vld  |  out|    1|      ap_vld|                                            acc_next_2688_out|       pointer|
|acc_next_2687_out         |  out|   32|      ap_vld|                                            acc_next_2687_out|       pointer|
|acc_next_2687_out_ap_vld  |  out|    1|      ap_vld|                                            acc_next_2687_out|       pointer|
|acc_next_2686_out         |  out|   32|      ap_vld|                                            acc_next_2686_out|       pointer|
|acc_next_2686_out_ap_vld  |  out|    1|      ap_vld|                                            acc_next_2686_out|       pointer|
|acc_next_2685_out         |  out|   32|      ap_vld|                                            acc_next_2685_out|       pointer|
|acc_next_2685_out_ap_vld  |  out|    1|      ap_vld|                                            acc_next_2685_out|       pointer|
|acc_next_2684_out         |  out|   32|      ap_vld|                                            acc_next_2684_out|       pointer|
|acc_next_2684_out_ap_vld  |  out|    1|      ap_vld|                                            acc_next_2684_out|       pointer|
|acc_next_2683_out         |  out|   32|      ap_vld|                                            acc_next_2683_out|       pointer|
|acc_next_2683_out_ap_vld  |  out|    1|      ap_vld|                                            acc_next_2683_out|       pointer|
|acc_next_2682_out         |  out|   32|      ap_vld|                                            acc_next_2682_out|       pointer|
|acc_next_2682_out_ap_vld  |  out|    1|      ap_vld|                                            acc_next_2682_out|       pointer|
|acc_next_2681_out         |  out|   32|      ap_vld|                                            acc_next_2681_out|       pointer|
|acc_next_2681_out_ap_vld  |  out|    1|      ap_vld|                                            acc_next_2681_out|       pointer|
|acc_next_2680_out         |  out|   32|      ap_vld|                                            acc_next_2680_out|       pointer|
|acc_next_2680_out_ap_vld  |  out|    1|      ap_vld|                                            acc_next_2680_out|       pointer|
|acc_next_2679_out         |  out|   32|      ap_vld|                                            acc_next_2679_out|       pointer|
|acc_next_2679_out_ap_vld  |  out|    1|      ap_vld|                                            acc_next_2679_out|       pointer|
|acc_next_2678_out         |  out|   32|      ap_vld|                                            acc_next_2678_out|       pointer|
|acc_next_2678_out_ap_vld  |  out|    1|      ap_vld|                                            acc_next_2678_out|       pointer|
|acc_next_2677_out         |  out|   32|      ap_vld|                                            acc_next_2677_out|       pointer|
|acc_next_2677_out_ap_vld  |  out|    1|      ap_vld|                                            acc_next_2677_out|       pointer|
|acc_next_2676_out         |  out|   32|      ap_vld|                                            acc_next_2676_out|       pointer|
|acc_next_2676_out_ap_vld  |  out|    1|      ap_vld|                                            acc_next_2676_out|       pointer|
|acc_next_2675_out         |  out|   32|      ap_vld|                                            acc_next_2675_out|       pointer|
|acc_next_2675_out_ap_vld  |  out|    1|      ap_vld|                                            acc_next_2675_out|       pointer|
|acc_next_2674_out         |  out|   32|      ap_vld|                                            acc_next_2674_out|       pointer|
|acc_next_2674_out_ap_vld  |  out|    1|      ap_vld|                                            acc_next_2674_out|       pointer|
|acc_next_2673_out         |  out|   32|      ap_vld|                                            acc_next_2673_out|       pointer|
|acc_next_2673_out_ap_vld  |  out|    1|      ap_vld|                                            acc_next_2673_out|       pointer|
|acc_next_2672_out         |  out|   32|      ap_vld|                                            acc_next_2672_out|       pointer|
|acc_next_2672_out_ap_vld  |  out|    1|      ap_vld|                                            acc_next_2672_out|       pointer|
|acc_next_2671_out         |  out|   32|      ap_vld|                                            acc_next_2671_out|       pointer|
|acc_next_2671_out_ap_vld  |  out|    1|      ap_vld|                                            acc_next_2671_out|       pointer|
|acc_next_2670_out         |  out|   32|      ap_vld|                                            acc_next_2670_out|       pointer|
|acc_next_2670_out_ap_vld  |  out|    1|      ap_vld|                                            acc_next_2670_out|       pointer|
|acc_next_2669_out         |  out|   32|      ap_vld|                                            acc_next_2669_out|       pointer|
|acc_next_2669_out_ap_vld  |  out|    1|      ap_vld|                                            acc_next_2669_out|       pointer|
|acc_next_2668_out         |  out|   32|      ap_vld|                                            acc_next_2668_out|       pointer|
|acc_next_2668_out_ap_vld  |  out|    1|      ap_vld|                                            acc_next_2668_out|       pointer|
|acc_next_2667_out         |  out|   32|      ap_vld|                                            acc_next_2667_out|       pointer|
|acc_next_2667_out_ap_vld  |  out|    1|      ap_vld|                                            acc_next_2667_out|       pointer|
|acc_next_2666_out         |  out|   32|      ap_vld|                                            acc_next_2666_out|       pointer|
|acc_next_2666_out_ap_vld  |  out|    1|      ap_vld|                                            acc_next_2666_out|       pointer|
|acc_next_2665_out         |  out|   32|      ap_vld|                                            acc_next_2665_out|       pointer|
|acc_next_2665_out_ap_vld  |  out|    1|      ap_vld|                                            acc_next_2665_out|       pointer|
|acc_next_2664_out         |  out|   32|      ap_vld|                                            acc_next_2664_out|       pointer|
|acc_next_2664_out_ap_vld  |  out|    1|      ap_vld|                                            acc_next_2664_out|       pointer|
|acc_next_2663_out         |  out|   32|      ap_vld|                                            acc_next_2663_out|       pointer|
|acc_next_2663_out_ap_vld  |  out|    1|      ap_vld|                                            acc_next_2663_out|       pointer|
|acc_next_2662_out         |  out|   32|      ap_vld|                                            acc_next_2662_out|       pointer|
|acc_next_2662_out_ap_vld  |  out|    1|      ap_vld|                                            acc_next_2662_out|       pointer|
|acc_next_2661_out         |  out|   32|      ap_vld|                                            acc_next_2661_out|       pointer|
|acc_next_2661_out_ap_vld  |  out|    1|      ap_vld|                                            acc_next_2661_out|       pointer|
|acc_next_2660_out         |  out|   32|      ap_vld|                                            acc_next_2660_out|       pointer|
|acc_next_2660_out_ap_vld  |  out|    1|      ap_vld|                                            acc_next_2660_out|       pointer|
|acc_next_2659_out         |  out|   32|      ap_vld|                                            acc_next_2659_out|       pointer|
|acc_next_2659_out_ap_vld  |  out|    1|      ap_vld|                                            acc_next_2659_out|       pointer|
|acc_next_2658_out         |  out|   32|      ap_vld|                                            acc_next_2658_out|       pointer|
|acc_next_2658_out_ap_vld  |  out|    1|      ap_vld|                                            acc_next_2658_out|       pointer|
|acc_next_2657_out         |  out|   32|      ap_vld|                                            acc_next_2657_out|       pointer|
|acc_next_2657_out_ap_vld  |  out|    1|      ap_vld|                                            acc_next_2657_out|       pointer|
|acc_next_2656_out         |  out|   32|      ap_vld|                                            acc_next_2656_out|       pointer|
|acc_next_2656_out_ap_vld  |  out|    1|      ap_vld|                                            acc_next_2656_out|       pointer|
|acc_next_2655_out         |  out|   32|      ap_vld|                                            acc_next_2655_out|       pointer|
|acc_next_2655_out_ap_vld  |  out|    1|      ap_vld|                                            acc_next_2655_out|       pointer|
|acc_next_2654_out         |  out|   32|      ap_vld|                                            acc_next_2654_out|       pointer|
|acc_next_2654_out_ap_vld  |  out|    1|      ap_vld|                                            acc_next_2654_out|       pointer|
|acc_next_2653_out         |  out|   32|      ap_vld|                                            acc_next_2653_out|       pointer|
|acc_next_2653_out_ap_vld  |  out|    1|      ap_vld|                                            acc_next_2653_out|       pointer|
|acc_next_2652_out         |  out|   32|      ap_vld|                                            acc_next_2652_out|       pointer|
|acc_next_2652_out_ap_vld  |  out|    1|      ap_vld|                                            acc_next_2652_out|       pointer|
|acc_next_2651_out         |  out|   32|      ap_vld|                                            acc_next_2651_out|       pointer|
|acc_next_2651_out_ap_vld  |  out|    1|      ap_vld|                                            acc_next_2651_out|       pointer|
|acc_next_2650_out         |  out|   32|      ap_vld|                                            acc_next_2650_out|       pointer|
|acc_next_2650_out_ap_vld  |  out|    1|      ap_vld|                                            acc_next_2650_out|       pointer|
|acc_next_2649_out         |  out|   32|      ap_vld|                                            acc_next_2649_out|       pointer|
|acc_next_2649_out_ap_vld  |  out|    1|      ap_vld|                                            acc_next_2649_out|       pointer|
|acc_next_2648_out         |  out|   32|      ap_vld|                                            acc_next_2648_out|       pointer|
|acc_next_2648_out_ap_vld  |  out|    1|      ap_vld|                                            acc_next_2648_out|       pointer|
|acc_next_2647_out         |  out|   32|      ap_vld|                                            acc_next_2647_out|       pointer|
|acc_next_2647_out_ap_vld  |  out|    1|      ap_vld|                                            acc_next_2647_out|       pointer|
|acc_next_2646_out         |  out|   32|      ap_vld|                                            acc_next_2646_out|       pointer|
|acc_next_2646_out_ap_vld  |  out|    1|      ap_vld|                                            acc_next_2646_out|       pointer|
|acc_next_2645_out         |  out|   32|      ap_vld|                                            acc_next_2645_out|       pointer|
|acc_next_2645_out_ap_vld  |  out|    1|      ap_vld|                                            acc_next_2645_out|       pointer|
|acc_next_2644_out         |  out|   32|      ap_vld|                                            acc_next_2644_out|       pointer|
|acc_next_2644_out_ap_vld  |  out|    1|      ap_vld|                                            acc_next_2644_out|       pointer|
|acc_next_2643_out         |  out|   32|      ap_vld|                                            acc_next_2643_out|       pointer|
|acc_next_2643_out_ap_vld  |  out|    1|      ap_vld|                                            acc_next_2643_out|       pointer|
|acc_next_2642_out         |  out|   32|      ap_vld|                                            acc_next_2642_out|       pointer|
|acc_next_2642_out_ap_vld  |  out|    1|      ap_vld|                                            acc_next_2642_out|       pointer|
|acc_next_2641_out         |  out|   32|      ap_vld|                                            acc_next_2641_out|       pointer|
|acc_next_2641_out_ap_vld  |  out|    1|      ap_vld|                                            acc_next_2641_out|       pointer|
|acc_next_2640_out         |  out|   32|      ap_vld|                                            acc_next_2640_out|       pointer|
|acc_next_2640_out_ap_vld  |  out|    1|      ap_vld|                                            acc_next_2640_out|       pointer|
|acc_next_2639_out         |  out|   32|      ap_vld|                                            acc_next_2639_out|       pointer|
|acc_next_2639_out_ap_vld  |  out|    1|      ap_vld|                                            acc_next_2639_out|       pointer|
|acc_next_2638_out         |  out|   32|      ap_vld|                                            acc_next_2638_out|       pointer|
|acc_next_2638_out_ap_vld  |  out|    1|      ap_vld|                                            acc_next_2638_out|       pointer|
|acc_next_2637_out         |  out|   32|      ap_vld|                                            acc_next_2637_out|       pointer|
|acc_next_2637_out_ap_vld  |  out|    1|      ap_vld|                                            acc_next_2637_out|       pointer|
|acc_next_2636_out         |  out|   32|      ap_vld|                                            acc_next_2636_out|       pointer|
|acc_next_2636_out_ap_vld  |  out|    1|      ap_vld|                                            acc_next_2636_out|       pointer|
|acc_next_2635_out         |  out|   32|      ap_vld|                                            acc_next_2635_out|       pointer|
|acc_next_2635_out_ap_vld  |  out|    1|      ap_vld|                                            acc_next_2635_out|       pointer|
|acc_next_2634_out         |  out|   32|      ap_vld|                                            acc_next_2634_out|       pointer|
|acc_next_2634_out_ap_vld  |  out|    1|      ap_vld|                                            acc_next_2634_out|       pointer|
|acc_next_2633_out         |  out|   32|      ap_vld|                                            acc_next_2633_out|       pointer|
|acc_next_2633_out_ap_vld  |  out|    1|      ap_vld|                                            acc_next_2633_out|       pointer|
|acc_next_2632_out         |  out|   32|      ap_vld|                                            acc_next_2632_out|       pointer|
|acc_next_2632_out_ap_vld  |  out|    1|      ap_vld|                                            acc_next_2632_out|       pointer|
|acc_next_2631_out         |  out|   32|      ap_vld|                                            acc_next_2631_out|       pointer|
|acc_next_2631_out_ap_vld  |  out|    1|      ap_vld|                                            acc_next_2631_out|       pointer|
|acc_next_2630_out         |  out|   32|      ap_vld|                                            acc_next_2630_out|       pointer|
|acc_next_2630_out_ap_vld  |  out|    1|      ap_vld|                                            acc_next_2630_out|       pointer|
|acc_next_2629_out         |  out|   32|      ap_vld|                                            acc_next_2629_out|       pointer|
|acc_next_2629_out_ap_vld  |  out|    1|      ap_vld|                                            acc_next_2629_out|       pointer|
|acc_next_2628_out         |  out|   32|      ap_vld|                                            acc_next_2628_out|       pointer|
|acc_next_2628_out_ap_vld  |  out|    1|      ap_vld|                                            acc_next_2628_out|       pointer|
|acc_next_2627_out         |  out|   32|      ap_vld|                                            acc_next_2627_out|       pointer|
|acc_next_2627_out_ap_vld  |  out|    1|      ap_vld|                                            acc_next_2627_out|       pointer|
|acc_next_2626_out         |  out|   32|      ap_vld|                                            acc_next_2626_out|       pointer|
|acc_next_2626_out_ap_vld  |  out|    1|      ap_vld|                                            acc_next_2626_out|       pointer|
|acc_next_2625_out         |  out|   32|      ap_vld|                                            acc_next_2625_out|       pointer|
|acc_next_2625_out_ap_vld  |  out|    1|      ap_vld|                                            acc_next_2625_out|       pointer|
|acc_next_2624_out         |  out|   32|      ap_vld|                                            acc_next_2624_out|       pointer|
|acc_next_2624_out_ap_vld  |  out|    1|      ap_vld|                                            acc_next_2624_out|       pointer|
|acc_next_2623_out         |  out|   32|      ap_vld|                                            acc_next_2623_out|       pointer|
|acc_next_2623_out_ap_vld  |  out|    1|      ap_vld|                                            acc_next_2623_out|       pointer|
|acc_next_2622_out         |  out|   32|      ap_vld|                                            acc_next_2622_out|       pointer|
|acc_next_2622_out_ap_vld  |  out|    1|      ap_vld|                                            acc_next_2622_out|       pointer|
|acc_next_2621_out         |  out|   32|      ap_vld|                                            acc_next_2621_out|       pointer|
|acc_next_2621_out_ap_vld  |  out|    1|      ap_vld|                                            acc_next_2621_out|       pointer|
|acc_next_2620_out         |  out|   32|      ap_vld|                                            acc_next_2620_out|       pointer|
|acc_next_2620_out_ap_vld  |  out|    1|      ap_vld|                                            acc_next_2620_out|       pointer|
|acc_next_2619_out         |  out|   32|      ap_vld|                                            acc_next_2619_out|       pointer|
|acc_next_2619_out_ap_vld  |  out|    1|      ap_vld|                                            acc_next_2619_out|       pointer|
|acc_next_2618_out         |  out|   32|      ap_vld|                                            acc_next_2618_out|       pointer|
|acc_next_2618_out_ap_vld  |  out|    1|      ap_vld|                                            acc_next_2618_out|       pointer|
|acc_next_2617_out         |  out|   32|      ap_vld|                                            acc_next_2617_out|       pointer|
|acc_next_2617_out_ap_vld  |  out|    1|      ap_vld|                                            acc_next_2617_out|       pointer|
|acc_next_2616_out         |  out|   32|      ap_vld|                                            acc_next_2616_out|       pointer|
|acc_next_2616_out_ap_vld  |  out|    1|      ap_vld|                                            acc_next_2616_out|       pointer|
|acc_next_2615_out         |  out|   32|      ap_vld|                                            acc_next_2615_out|       pointer|
|acc_next_2615_out_ap_vld  |  out|    1|      ap_vld|                                            acc_next_2615_out|       pointer|
|acc_next_2614_out         |  out|   32|      ap_vld|                                            acc_next_2614_out|       pointer|
|acc_next_2614_out_ap_vld  |  out|    1|      ap_vld|                                            acc_next_2614_out|       pointer|
|acc_next_2613_out         |  out|   32|      ap_vld|                                            acc_next_2613_out|       pointer|
|acc_next_2613_out_ap_vld  |  out|    1|      ap_vld|                                            acc_next_2613_out|       pointer|
|acc_next_2612_out         |  out|   32|      ap_vld|                                            acc_next_2612_out|       pointer|
|acc_next_2612_out_ap_vld  |  out|    1|      ap_vld|                                            acc_next_2612_out|       pointer|
|acc_next_2611_out         |  out|   32|      ap_vld|                                            acc_next_2611_out|       pointer|
|acc_next_2611_out_ap_vld  |  out|    1|      ap_vld|                                            acc_next_2611_out|       pointer|
|acc_next_2610_out         |  out|   32|      ap_vld|                                            acc_next_2610_out|       pointer|
|acc_next_2610_out_ap_vld  |  out|    1|      ap_vld|                                            acc_next_2610_out|       pointer|
|acc_next_2609_out         |  out|   32|      ap_vld|                                            acc_next_2609_out|       pointer|
|acc_next_2609_out_ap_vld  |  out|    1|      ap_vld|                                            acc_next_2609_out|       pointer|
|acc_next_2608_out         |  out|   32|      ap_vld|                                            acc_next_2608_out|       pointer|
|acc_next_2608_out_ap_vld  |  out|    1|      ap_vld|                                            acc_next_2608_out|       pointer|
|acc_next_2607_out         |  out|   32|      ap_vld|                                            acc_next_2607_out|       pointer|
|acc_next_2607_out_ap_vld  |  out|    1|      ap_vld|                                            acc_next_2607_out|       pointer|
|acc_next_2606_out         |  out|   32|      ap_vld|                                            acc_next_2606_out|       pointer|
|acc_next_2606_out_ap_vld  |  out|    1|      ap_vld|                                            acc_next_2606_out|       pointer|
|acc_next_2605_out         |  out|   32|      ap_vld|                                            acc_next_2605_out|       pointer|
|acc_next_2605_out_ap_vld  |  out|    1|      ap_vld|                                            acc_next_2605_out|       pointer|
|acc_next_2604_out         |  out|   32|      ap_vld|                                            acc_next_2604_out|       pointer|
|acc_next_2604_out_ap_vld  |  out|    1|      ap_vld|                                            acc_next_2604_out|       pointer|
|acc_next_2603_out         |  out|   32|      ap_vld|                                            acc_next_2603_out|       pointer|
|acc_next_2603_out_ap_vld  |  out|    1|      ap_vld|                                            acc_next_2603_out|       pointer|
|acc_next_2602_out         |  out|   32|      ap_vld|                                            acc_next_2602_out|       pointer|
|acc_next_2602_out_ap_vld  |  out|    1|      ap_vld|                                            acc_next_2602_out|       pointer|
|acc_next_2601_out         |  out|   32|      ap_vld|                                            acc_next_2601_out|       pointer|
|acc_next_2601_out_ap_vld  |  out|    1|      ap_vld|                                            acc_next_2601_out|       pointer|
|acc_next_2600_out         |  out|   32|      ap_vld|                                            acc_next_2600_out|       pointer|
|acc_next_2600_out_ap_vld  |  out|    1|      ap_vld|                                            acc_next_2600_out|       pointer|
|acc_next_2599_out         |  out|   32|      ap_vld|                                            acc_next_2599_out|       pointer|
|acc_next_2599_out_ap_vld  |  out|    1|      ap_vld|                                            acc_next_2599_out|       pointer|
|acc_next_2598_out         |  out|   32|      ap_vld|                                            acc_next_2598_out|       pointer|
|acc_next_2598_out_ap_vld  |  out|    1|      ap_vld|                                            acc_next_2598_out|       pointer|
|acc_next_2597_out         |  out|   32|      ap_vld|                                            acc_next_2597_out|       pointer|
|acc_next_2597_out_ap_vld  |  out|    1|      ap_vld|                                            acc_next_2597_out|       pointer|
|acc_next_2596_out         |  out|   32|      ap_vld|                                            acc_next_2596_out|       pointer|
|acc_next_2596_out_ap_vld  |  out|    1|      ap_vld|                                            acc_next_2596_out|       pointer|
|acc_next_2595_out         |  out|   32|      ap_vld|                                            acc_next_2595_out|       pointer|
|acc_next_2595_out_ap_vld  |  out|    1|      ap_vld|                                            acc_next_2595_out|       pointer|
|acc_next_2594_out         |  out|   32|      ap_vld|                                            acc_next_2594_out|       pointer|
|acc_next_2594_out_ap_vld  |  out|    1|      ap_vld|                                            acc_next_2594_out|       pointer|
|acc_next_2593_out         |  out|   32|      ap_vld|                                            acc_next_2593_out|       pointer|
|acc_next_2593_out_ap_vld  |  out|    1|      ap_vld|                                            acc_next_2593_out|       pointer|
|acc_next_2592_out         |  out|   32|      ap_vld|                                            acc_next_2592_out|       pointer|
|acc_next_2592_out_ap_vld  |  out|    1|      ap_vld|                                            acc_next_2592_out|       pointer|
|acc_next_2591_out         |  out|   32|      ap_vld|                                            acc_next_2591_out|       pointer|
|acc_next_2591_out_ap_vld  |  out|    1|      ap_vld|                                            acc_next_2591_out|       pointer|
|acc_next_2590_out         |  out|   32|      ap_vld|                                            acc_next_2590_out|       pointer|
|acc_next_2590_out_ap_vld  |  out|    1|      ap_vld|                                            acc_next_2590_out|       pointer|
|acc_next_2589_out         |  out|   32|      ap_vld|                                            acc_next_2589_out|       pointer|
|acc_next_2589_out_ap_vld  |  out|    1|      ap_vld|                                            acc_next_2589_out|       pointer|
|acc_next_2588_out         |  out|   32|      ap_vld|                                            acc_next_2588_out|       pointer|
|acc_next_2588_out_ap_vld  |  out|    1|      ap_vld|                                            acc_next_2588_out|       pointer|
|acc_next_2587_out         |  out|   32|      ap_vld|                                            acc_next_2587_out|       pointer|
|acc_next_2587_out_ap_vld  |  out|    1|      ap_vld|                                            acc_next_2587_out|       pointer|
|acc_next_2586_out         |  out|   32|      ap_vld|                                            acc_next_2586_out|       pointer|
|acc_next_2586_out_ap_vld  |  out|    1|      ap_vld|                                            acc_next_2586_out|       pointer|
|acc_next_2585_out         |  out|   32|      ap_vld|                                            acc_next_2585_out|       pointer|
|acc_next_2585_out_ap_vld  |  out|    1|      ap_vld|                                            acc_next_2585_out|       pointer|
|acc_next_2584_out         |  out|   32|      ap_vld|                                            acc_next_2584_out|       pointer|
|acc_next_2584_out_ap_vld  |  out|    1|      ap_vld|                                            acc_next_2584_out|       pointer|
|acc_next_2583_out         |  out|   32|      ap_vld|                                            acc_next_2583_out|       pointer|
|acc_next_2583_out_ap_vld  |  out|    1|      ap_vld|                                            acc_next_2583_out|       pointer|
|acc_next_2582_out         |  out|   32|      ap_vld|                                            acc_next_2582_out|       pointer|
|acc_next_2582_out_ap_vld  |  out|    1|      ap_vld|                                            acc_next_2582_out|       pointer|
|acc_next_2581_out         |  out|   32|      ap_vld|                                            acc_next_2581_out|       pointer|
|acc_next_2581_out_ap_vld  |  out|    1|      ap_vld|                                            acc_next_2581_out|       pointer|
|acc_next_2580_out         |  out|   32|      ap_vld|                                            acc_next_2580_out|       pointer|
|acc_next_2580_out_ap_vld  |  out|    1|      ap_vld|                                            acc_next_2580_out|       pointer|
|acc_next_2579_out         |  out|   32|      ap_vld|                                            acc_next_2579_out|       pointer|
|acc_next_2579_out_ap_vld  |  out|    1|      ap_vld|                                            acc_next_2579_out|       pointer|
|acc_next_2578_out         |  out|   32|      ap_vld|                                            acc_next_2578_out|       pointer|
|acc_next_2578_out_ap_vld  |  out|    1|      ap_vld|                                            acc_next_2578_out|       pointer|
|acc_next_2577_out         |  out|   32|      ap_vld|                                            acc_next_2577_out|       pointer|
|acc_next_2577_out_ap_vld  |  out|    1|      ap_vld|                                            acc_next_2577_out|       pointer|
|acc_next_2576_out         |  out|   32|      ap_vld|                                            acc_next_2576_out|       pointer|
|acc_next_2576_out_ap_vld  |  out|    1|      ap_vld|                                            acc_next_2576_out|       pointer|
|acc_next_2575_out         |  out|   32|      ap_vld|                                            acc_next_2575_out|       pointer|
|acc_next_2575_out_ap_vld  |  out|    1|      ap_vld|                                            acc_next_2575_out|       pointer|
|acc_next_2574_out         |  out|   32|      ap_vld|                                            acc_next_2574_out|       pointer|
|acc_next_2574_out_ap_vld  |  out|    1|      ap_vld|                                            acc_next_2574_out|       pointer|
|acc_next_2573_out         |  out|   32|      ap_vld|                                            acc_next_2573_out|       pointer|
|acc_next_2573_out_ap_vld  |  out|    1|      ap_vld|                                            acc_next_2573_out|       pointer|
|acc_next_2572_out         |  out|   32|      ap_vld|                                            acc_next_2572_out|       pointer|
|acc_next_2572_out_ap_vld  |  out|    1|      ap_vld|                                            acc_next_2572_out|       pointer|
|acc_next_2571_out         |  out|   32|      ap_vld|                                            acc_next_2571_out|       pointer|
|acc_next_2571_out_ap_vld  |  out|    1|      ap_vld|                                            acc_next_2571_out|       pointer|
|acc_next_2570_out         |  out|   32|      ap_vld|                                            acc_next_2570_out|       pointer|
|acc_next_2570_out_ap_vld  |  out|    1|      ap_vld|                                            acc_next_2570_out|       pointer|
|acc_next_2569_out         |  out|   32|      ap_vld|                                            acc_next_2569_out|       pointer|
|acc_next_2569_out_ap_vld  |  out|    1|      ap_vld|                                            acc_next_2569_out|       pointer|
|acc_next_2568_out         |  out|   32|      ap_vld|                                            acc_next_2568_out|       pointer|
|acc_next_2568_out_ap_vld  |  out|    1|      ap_vld|                                            acc_next_2568_out|       pointer|
|acc_next_2567_out         |  out|   32|      ap_vld|                                            acc_next_2567_out|       pointer|
|acc_next_2567_out_ap_vld  |  out|    1|      ap_vld|                                            acc_next_2567_out|       pointer|
|acc_next_2566_out         |  out|   32|      ap_vld|                                            acc_next_2566_out|       pointer|
|acc_next_2566_out_ap_vld  |  out|    1|      ap_vld|                                            acc_next_2566_out|       pointer|
|acc_next_2565_out         |  out|   32|      ap_vld|                                            acc_next_2565_out|       pointer|
|acc_next_2565_out_ap_vld  |  out|    1|      ap_vld|                                            acc_next_2565_out|       pointer|
|acc_next_2564_out         |  out|   32|      ap_vld|                                            acc_next_2564_out|       pointer|
|acc_next_2564_out_ap_vld  |  out|    1|      ap_vld|                                            acc_next_2564_out|       pointer|
|acc_next_2563_out         |  out|   32|      ap_vld|                                            acc_next_2563_out|       pointer|
|acc_next_2563_out_ap_vld  |  out|    1|      ap_vld|                                            acc_next_2563_out|       pointer|
|acc_next_2562_out         |  out|   32|      ap_vld|                                            acc_next_2562_out|       pointer|
|acc_next_2562_out_ap_vld  |  out|    1|      ap_vld|                                            acc_next_2562_out|       pointer|
|acc_next_2561_out         |  out|   32|      ap_vld|                                            acc_next_2561_out|       pointer|
|acc_next_2561_out_ap_vld  |  out|    1|      ap_vld|                                            acc_next_2561_out|       pointer|
|acc_next_2560_out         |  out|   32|      ap_vld|                                            acc_next_2560_out|       pointer|
|acc_next_2560_out_ap_vld  |  out|    1|      ap_vld|                                            acc_next_2560_out|       pointer|
|acc_next_2559_out         |  out|   32|      ap_vld|                                            acc_next_2559_out|       pointer|
|acc_next_2559_out_ap_vld  |  out|    1|      ap_vld|                                            acc_next_2559_out|       pointer|
|acc_next_2558_out         |  out|   32|      ap_vld|                                            acc_next_2558_out|       pointer|
|acc_next_2558_out_ap_vld  |  out|    1|      ap_vld|                                            acc_next_2558_out|       pointer|
|acc_next_2557_out         |  out|   32|      ap_vld|                                            acc_next_2557_out|       pointer|
|acc_next_2557_out_ap_vld  |  out|    1|      ap_vld|                                            acc_next_2557_out|       pointer|
|acc_next_2556_out         |  out|   32|      ap_vld|                                            acc_next_2556_out|       pointer|
|acc_next_2556_out_ap_vld  |  out|    1|      ap_vld|                                            acc_next_2556_out|       pointer|
|acc_next_2555_out         |  out|   32|      ap_vld|                                            acc_next_2555_out|       pointer|
|acc_next_2555_out_ap_vld  |  out|    1|      ap_vld|                                            acc_next_2555_out|       pointer|
|acc_next_2554_out         |  out|   32|      ap_vld|                                            acc_next_2554_out|       pointer|
|acc_next_2554_out_ap_vld  |  out|    1|      ap_vld|                                            acc_next_2554_out|       pointer|
|acc_next_2553_out         |  out|   32|      ap_vld|                                            acc_next_2553_out|       pointer|
|acc_next_2553_out_ap_vld  |  out|    1|      ap_vld|                                            acc_next_2553_out|       pointer|
|acc_next_2552_out         |  out|   32|      ap_vld|                                            acc_next_2552_out|       pointer|
|acc_next_2552_out_ap_vld  |  out|    1|      ap_vld|                                            acc_next_2552_out|       pointer|
|acc_next_2551_out         |  out|   32|      ap_vld|                                            acc_next_2551_out|       pointer|
|acc_next_2551_out_ap_vld  |  out|    1|      ap_vld|                                            acc_next_2551_out|       pointer|
|acc_next_2550_out         |  out|   32|      ap_vld|                                            acc_next_2550_out|       pointer|
|acc_next_2550_out_ap_vld  |  out|    1|      ap_vld|                                            acc_next_2550_out|       pointer|
|acc_next_2549_out         |  out|   32|      ap_vld|                                            acc_next_2549_out|       pointer|
|acc_next_2549_out_ap_vld  |  out|    1|      ap_vld|                                            acc_next_2549_out|       pointer|
|acc_next_2548_out         |  out|   32|      ap_vld|                                            acc_next_2548_out|       pointer|
|acc_next_2548_out_ap_vld  |  out|    1|      ap_vld|                                            acc_next_2548_out|       pointer|
|acc_next_2547_out         |  out|   32|      ap_vld|                                            acc_next_2547_out|       pointer|
|acc_next_2547_out_ap_vld  |  out|    1|      ap_vld|                                            acc_next_2547_out|       pointer|
|acc_next_2546_out         |  out|   32|      ap_vld|                                            acc_next_2546_out|       pointer|
|acc_next_2546_out_ap_vld  |  out|    1|      ap_vld|                                            acc_next_2546_out|       pointer|
|acc_next_2545_out         |  out|   32|      ap_vld|                                            acc_next_2545_out|       pointer|
|acc_next_2545_out_ap_vld  |  out|    1|      ap_vld|                                            acc_next_2545_out|       pointer|
|acc_next_2544_out         |  out|   32|      ap_vld|                                            acc_next_2544_out|       pointer|
|acc_next_2544_out_ap_vld  |  out|    1|      ap_vld|                                            acc_next_2544_out|       pointer|
|acc_next_2543_out         |  out|   32|      ap_vld|                                            acc_next_2543_out|       pointer|
|acc_next_2543_out_ap_vld  |  out|    1|      ap_vld|                                            acc_next_2543_out|       pointer|
|acc_next_2542_out         |  out|   32|      ap_vld|                                            acc_next_2542_out|       pointer|
|acc_next_2542_out_ap_vld  |  out|    1|      ap_vld|                                            acc_next_2542_out|       pointer|
|acc_next_2541_out         |  out|   32|      ap_vld|                                            acc_next_2541_out|       pointer|
|acc_next_2541_out_ap_vld  |  out|    1|      ap_vld|                                            acc_next_2541_out|       pointer|
|acc_next_2540_out         |  out|   32|      ap_vld|                                            acc_next_2540_out|       pointer|
|acc_next_2540_out_ap_vld  |  out|    1|      ap_vld|                                            acc_next_2540_out|       pointer|
|acc_next_2539_out         |  out|   32|      ap_vld|                                            acc_next_2539_out|       pointer|
|acc_next_2539_out_ap_vld  |  out|    1|      ap_vld|                                            acc_next_2539_out|       pointer|
|acc_next_2538_out         |  out|   32|      ap_vld|                                            acc_next_2538_out|       pointer|
|acc_next_2538_out_ap_vld  |  out|    1|      ap_vld|                                            acc_next_2538_out|       pointer|
|acc_next_2537_out         |  out|   32|      ap_vld|                                            acc_next_2537_out|       pointer|
|acc_next_2537_out_ap_vld  |  out|    1|      ap_vld|                                            acc_next_2537_out|       pointer|
|acc_next_2536_out         |  out|   32|      ap_vld|                                            acc_next_2536_out|       pointer|
|acc_next_2536_out_ap_vld  |  out|    1|      ap_vld|                                            acc_next_2536_out|       pointer|
|acc_next_2535_out         |  out|   32|      ap_vld|                                            acc_next_2535_out|       pointer|
|acc_next_2535_out_ap_vld  |  out|    1|      ap_vld|                                            acc_next_2535_out|       pointer|
|acc_next_2534_out         |  out|   32|      ap_vld|                                            acc_next_2534_out|       pointer|
|acc_next_2534_out_ap_vld  |  out|    1|      ap_vld|                                            acc_next_2534_out|       pointer|
|acc_next_2533_out         |  out|   32|      ap_vld|                                            acc_next_2533_out|       pointer|
|acc_next_2533_out_ap_vld  |  out|    1|      ap_vld|                                            acc_next_2533_out|       pointer|
|acc_next_2532_out         |  out|   32|      ap_vld|                                            acc_next_2532_out|       pointer|
|acc_next_2532_out_ap_vld  |  out|    1|      ap_vld|                                            acc_next_2532_out|       pointer|
|acc_next_2531_out         |  out|   32|      ap_vld|                                            acc_next_2531_out|       pointer|
|acc_next_2531_out_ap_vld  |  out|    1|      ap_vld|                                            acc_next_2531_out|       pointer|
|acc_next_2530_out         |  out|   32|      ap_vld|                                            acc_next_2530_out|       pointer|
|acc_next_2530_out_ap_vld  |  out|    1|      ap_vld|                                            acc_next_2530_out|       pointer|
|acc_next_2529_out         |  out|   32|      ap_vld|                                            acc_next_2529_out|       pointer|
|acc_next_2529_out_ap_vld  |  out|    1|      ap_vld|                                            acc_next_2529_out|       pointer|
|acc_next_2528_out         |  out|   32|      ap_vld|                                            acc_next_2528_out|       pointer|
|acc_next_2528_out_ap_vld  |  out|    1|      ap_vld|                                            acc_next_2528_out|       pointer|
|acc_next_2527_out         |  out|   32|      ap_vld|                                            acc_next_2527_out|       pointer|
|acc_next_2527_out_ap_vld  |  out|    1|      ap_vld|                                            acc_next_2527_out|       pointer|
|acc_next_2526_out         |  out|   32|      ap_vld|                                            acc_next_2526_out|       pointer|
|acc_next_2526_out_ap_vld  |  out|    1|      ap_vld|                                            acc_next_2526_out|       pointer|
|acc_next_2525_out         |  out|   32|      ap_vld|                                            acc_next_2525_out|       pointer|
|acc_next_2525_out_ap_vld  |  out|    1|      ap_vld|                                            acc_next_2525_out|       pointer|
|acc_next_2524_out         |  out|   32|      ap_vld|                                            acc_next_2524_out|       pointer|
|acc_next_2524_out_ap_vld  |  out|    1|      ap_vld|                                            acc_next_2524_out|       pointer|
|acc_next_2523_out         |  out|   32|      ap_vld|                                            acc_next_2523_out|       pointer|
|acc_next_2523_out_ap_vld  |  out|    1|      ap_vld|                                            acc_next_2523_out|       pointer|
|acc_next_2522_out         |  out|   32|      ap_vld|                                            acc_next_2522_out|       pointer|
|acc_next_2522_out_ap_vld  |  out|    1|      ap_vld|                                            acc_next_2522_out|       pointer|
|acc_next_2521_out         |  out|   32|      ap_vld|                                            acc_next_2521_out|       pointer|
|acc_next_2521_out_ap_vld  |  out|    1|      ap_vld|                                            acc_next_2521_out|       pointer|
|acc_next_2520_out         |  out|   32|      ap_vld|                                            acc_next_2520_out|       pointer|
|acc_next_2520_out_ap_vld  |  out|    1|      ap_vld|                                            acc_next_2520_out|       pointer|
|acc_next_2519_out         |  out|   32|      ap_vld|                                            acc_next_2519_out|       pointer|
|acc_next_2519_out_ap_vld  |  out|    1|      ap_vld|                                            acc_next_2519_out|       pointer|
|acc_next_2518_out         |  out|   32|      ap_vld|                                            acc_next_2518_out|       pointer|
|acc_next_2518_out_ap_vld  |  out|    1|      ap_vld|                                            acc_next_2518_out|       pointer|
|acc_next_2517_out         |  out|   32|      ap_vld|                                            acc_next_2517_out|       pointer|
|acc_next_2517_out_ap_vld  |  out|    1|      ap_vld|                                            acc_next_2517_out|       pointer|
|acc_next_2516_out         |  out|   32|      ap_vld|                                            acc_next_2516_out|       pointer|
|acc_next_2516_out_ap_vld  |  out|    1|      ap_vld|                                            acc_next_2516_out|       pointer|
|acc_next_2515_out         |  out|   32|      ap_vld|                                            acc_next_2515_out|       pointer|
|acc_next_2515_out_ap_vld  |  out|    1|      ap_vld|                                            acc_next_2515_out|       pointer|
|acc_next_2514_out         |  out|   32|      ap_vld|                                            acc_next_2514_out|       pointer|
|acc_next_2514_out_ap_vld  |  out|    1|      ap_vld|                                            acc_next_2514_out|       pointer|
|acc_next_2513_out         |  out|   32|      ap_vld|                                            acc_next_2513_out|       pointer|
|acc_next_2513_out_ap_vld  |  out|    1|      ap_vld|                                            acc_next_2513_out|       pointer|
|acc_next_2512_out         |  out|   32|      ap_vld|                                            acc_next_2512_out|       pointer|
|acc_next_2512_out_ap_vld  |  out|    1|      ap_vld|                                            acc_next_2512_out|       pointer|
|acc_next_2511_out         |  out|   32|      ap_vld|                                            acc_next_2511_out|       pointer|
|acc_next_2511_out_ap_vld  |  out|    1|      ap_vld|                                            acc_next_2511_out|       pointer|
|acc_next_2510_out         |  out|   32|      ap_vld|                                            acc_next_2510_out|       pointer|
|acc_next_2510_out_ap_vld  |  out|    1|      ap_vld|                                            acc_next_2510_out|       pointer|
|acc_next_2509_out         |  out|   32|      ap_vld|                                            acc_next_2509_out|       pointer|
|acc_next_2509_out_ap_vld  |  out|    1|      ap_vld|                                            acc_next_2509_out|       pointer|
|acc_next_2508_out         |  out|   32|      ap_vld|                                            acc_next_2508_out|       pointer|
|acc_next_2508_out_ap_vld  |  out|    1|      ap_vld|                                            acc_next_2508_out|       pointer|
|acc_next_2507_out         |  out|   32|      ap_vld|                                            acc_next_2507_out|       pointer|
|acc_next_2507_out_ap_vld  |  out|    1|      ap_vld|                                            acc_next_2507_out|       pointer|
|acc_next_2506_out         |  out|   32|      ap_vld|                                            acc_next_2506_out|       pointer|
|acc_next_2506_out_ap_vld  |  out|    1|      ap_vld|                                            acc_next_2506_out|       pointer|
|acc_next_2505_out         |  out|   32|      ap_vld|                                            acc_next_2505_out|       pointer|
|acc_next_2505_out_ap_vld  |  out|    1|      ap_vld|                                            acc_next_2505_out|       pointer|
|acc_next_2504_out         |  out|   32|      ap_vld|                                            acc_next_2504_out|       pointer|
|acc_next_2504_out_ap_vld  |  out|    1|      ap_vld|                                            acc_next_2504_out|       pointer|
|acc_next_2503_out         |  out|   32|      ap_vld|                                            acc_next_2503_out|       pointer|
|acc_next_2503_out_ap_vld  |  out|    1|      ap_vld|                                            acc_next_2503_out|       pointer|
|acc_next_2502_out         |  out|   32|      ap_vld|                                            acc_next_2502_out|       pointer|
|acc_next_2502_out_ap_vld  |  out|    1|      ap_vld|                                            acc_next_2502_out|       pointer|
|acc_next_2501_out         |  out|   32|      ap_vld|                                            acc_next_2501_out|       pointer|
|acc_next_2501_out_ap_vld  |  out|    1|      ap_vld|                                            acc_next_2501_out|       pointer|
|acc_next_2500_out         |  out|   32|      ap_vld|                                            acc_next_2500_out|       pointer|
|acc_next_2500_out_ap_vld  |  out|    1|      ap_vld|                                            acc_next_2500_out|       pointer|
|acc_next_2499_out         |  out|   32|      ap_vld|                                            acc_next_2499_out|       pointer|
|acc_next_2499_out_ap_vld  |  out|    1|      ap_vld|                                            acc_next_2499_out|       pointer|
|acc_next_2498_out         |  out|   32|      ap_vld|                                            acc_next_2498_out|       pointer|
|acc_next_2498_out_ap_vld  |  out|    1|      ap_vld|                                            acc_next_2498_out|       pointer|
|acc_next_2497_out         |  out|   32|      ap_vld|                                            acc_next_2497_out|       pointer|
|acc_next_2497_out_ap_vld  |  out|    1|      ap_vld|                                            acc_next_2497_out|       pointer|
|acc_next_2496_out         |  out|   32|      ap_vld|                                            acc_next_2496_out|       pointer|
|acc_next_2496_out_ap_vld  |  out|    1|      ap_vld|                                            acc_next_2496_out|       pointer|
+--------------------------+-----+-----+------------+-------------------------------------------------------------+--------------+

