

================================================================
== Vitis HLS Report for 'v_weighted_sum_multik_u55c_kernel'
================================================================
* Date:           Tue May  5 16:57:33 2026

* Version:        2022.2 (Build 3670227 on Oct 13 2022)
* Project:        v_weighted_sum_multik_prj
* Solution:       sol1 (Vivado IP Flow Target)
* Product family: virtexuplus
* Target device:  xcu55c-fsvh2892-2L-e


================================================================
== Performance Estimates
================================================================
+ Timing: 
    * Summary: 
    +--------+---------+----------+------------+
    |  Clock |  Target | Estimated| Uncertainty|
    +--------+---------+----------+------------+
    |ap_clk  |  4.00 ns|  4.113 ns|     1.08 ns|
    +--------+---------+----------+------------+

+ Latency: 
    * Summary: 
    +---------+---------+----------+----------+------+-----+---------+
    |  Latency (cycles) |  Latency (absolute) |  Interval  | Pipeline|
    |   min   |   max   |    min   |    max   |  min | max |   Type  |
    +---------+---------+----------+----------+------+-----+---------+
    |     1039|        ?|  4.274 us|         ?|  1040|    ?|       no|
    +---------+---------+----------+----------+------+-----+---------+

    + Detail: 
        * Instance: 
        +---------------------------------------------------------------------------------------------+--------------------------------------------------------------------------------+---------+---------+-----------+-----------+------+------+---------+
        |                                                                                             |                                                                                |  Latency (cycles) |   Latency (absolute)  |   Interval  | Pipeline|
        |                                           Instance                                          |                                     Module                                     |   min   |   max   |    min    |    max    |  min |  max |   Type  |
        +---------------------------------------------------------------------------------------------+--------------------------------------------------------------------------------+---------+---------+-----------+-----------+------+------+---------+
        |grp_v_weighted_sum_multik_u55c_kernel_Pipeline_VITIS_LOOP_192_1_VITIS_LOOP_193_2_fu_9555     |v_weighted_sum_multik_u55c_kernel_Pipeline_VITIS_LOOP_192_1_VITIS_LOOP_193_2    |      514|      514|   2.056 us|   2.056 us|   514|   514|       no|
        |grp_v_weighted_sum_multik_u55c_kernel_Pipeline_VITIS_LOOP_205_5_fu_10071                     |v_weighted_sum_multik_u55c_kernel_Pipeline_VITIS_LOOP_205_5                     |      525|      525|   2.100 us|   2.100 us|   525|   525|       no|
        |grp_v_weighted_sum_multik_u55c_kernel_Pipeline_VITIS_LOOP_215_6_VITIS_LOOP_216_7_fu_10100    |v_weighted_sum_multik_u55c_kernel_Pipeline_VITIS_LOOP_215_6_VITIS_LOOP_216_7    |     4099|     4099|  16.396 us|  16.396 us|  4099|  4099|       no|
        |grp_v_weighted_sum_multik_u55c_kernel_Pipeline_VITIS_LOOP_226_8_VITIS_LOOP_227_9_fu_10124    |v_weighted_sum_multik_u55c_kernel_Pipeline_VITIS_LOOP_226_8_VITIS_LOOP_227_9    |     1991|     1991|   8.189 us|   8.189 us|  1991|  1991|       no|
        |grp_v_weighted_sum_multik_u55c_kernel_Pipeline_VITIS_LOOP_239_11_VITIS_LOOP_240_12_fu_10672  |v_weighted_sum_multik_u55c_kernel_Pipeline_VITIS_LOOP_239_11_VITIS_LOOP_240_12  |      514|      514|   2.056 us|   2.056 us|   514|   514|       no|
        +---------------------------------------------------------------------------------------------+--------------------------------------------------------------------------------+---------+---------+-----------+-----------+------+------+---------+

        * Loop: 
        +--------------------+---------+---------+----------+-----------+-----------+-------+----------+
        |                    |  Latency (cycles) | Iteration|  Initiation Interval  |  Trip |          |
        |      Loop Name     |   min   |   max   |  Latency |  achieved |   target  | Count | Pipelined|
        +--------------------+---------+---------+----------+-----------+-----------+-------+----------+
        |- VITIS_LOOP_199_3  |     6103|        ?|      6103|          -|          -|  1 ~ ?|        no|
        +--------------------+---------+---------+----------+-----------+-----------+-------+----------+



================================================================
== Utilization Estimates
================================================================
* Summary: 
+---------------------+---------+------+---------+---------+-----+
|         Name        | BRAM_18K|  DSP |    FF   |   LUT   | URAM|
+---------------------+---------+------+---------+---------+-----+
|DSP                  |        -|     -|        -|        -|    -|
|Expression           |        -|     -|        0|      567|    -|
|FIFO                 |        -|     -|        -|        -|    -|
|Instance             |        0|   113|    25253|    31760|    0|
|Memory               |       16|     -|      512|      528|    0|
|Multiplexer          |        -|     -|        -|    10990|    -|
|Register             |        -|     -|    33433|        -|    -|
+---------------------+---------+------+---------+---------+-----+
|Total                |       16|   113|    59198|    43845|    0|
+---------------------+---------+------+---------+---------+-----+
|Available SLR        |     1344|  3008|   869120|   434560|  320|
+---------------------+---------+------+---------+---------+-----+
|Utilization SLR (%)  |        1|     3|        6|       10|    0|
+---------------------+---------+------+---------+---------+-----+
|Available            |     4032|  9024|  2607360|  1303680|  960|
+---------------------+---------+------+---------+---------+-----+
|Utilization (%)      |       ~0|     1|        2|        3|    0|
+---------------------+---------+------+---------+---------+-----+

+ Detail: 
    * Instance: 
    +---------------------------------------------------------------------------------------------+--------------------------------------------------------------------------------+---------+-----+-------+-------+-----+
    |                                           Instance                                          |                                     Module                                     | BRAM_18K| DSP |   FF  |  LUT  | URAM|
    +---------------------------------------------------------------------------------------------+--------------------------------------------------------------------------------+---------+-----+-------+-------+-----+
    |control_s_axi_U                                                                              |control_s_axi                                                                   |        0|    0|    360|    616|    0|
    |gmem_out_m_axi_U                                                                             |gmem_out_m_axi                                                                  |        0|    0|    764|   1118|    0|
    |gmem_v_m_axi_U                                                                               |gmem_v_m_axi                                                                    |        0|    0|    764|   1118|    0|
    |gmem_weights_m_axi_U                                                                         |gmem_weights_m_axi                                                              |        0|    0|    764|   1118|    0|
    |grp_v_weighted_sum_multik_u55c_kernel_Pipeline_VITIS_LOOP_192_1_VITIS_LOOP_193_2_fu_9555     |v_weighted_sum_multik_u55c_kernel_Pipeline_VITIS_LOOP_192_1_VITIS_LOOP_193_2    |        0|    0|     23|    139|    0|
    |grp_v_weighted_sum_multik_u55c_kernel_Pipeline_VITIS_LOOP_205_5_fu_10071                     |v_weighted_sum_multik_u55c_kernel_Pipeline_VITIS_LOOP_205_5                     |        0|    3|   1449|    806|    0|
    |grp_v_weighted_sum_multik_u55c_kernel_Pipeline_VITIS_LOOP_215_6_VITIS_LOOP_216_7_fu_10100    |v_weighted_sum_multik_u55c_kernel_Pipeline_VITIS_LOOP_215_6_VITIS_LOOP_216_7    |        0|    0|    156|    251|    0|
    |grp_v_weighted_sum_multik_u55c_kernel_Pipeline_VITIS_LOOP_226_8_VITIS_LOOP_227_9_fu_10124    |v_weighted_sum_multik_u55c_kernel_Pipeline_VITIS_LOOP_226_8_VITIS_LOOP_227_9    |        0|  110|  20916|  24162|    0|
    |grp_v_weighted_sum_multik_u55c_kernel_Pipeline_VITIS_LOOP_239_11_VITIS_LOOP_240_12_fu_10672  |v_weighted_sum_multik_u55c_kernel_Pipeline_VITIS_LOOP_239_11_VITIS_LOOP_240_12  |        0|    0|     57|   2432|    0|
    +---------------------------------------------------------------------------------------------+--------------------------------------------------------------------------------+---------+-----+-------+-------+-----+
    |Total                                                                                        |                                                                                |        0|  113|  25253|  31760|    0|
    +---------------------------------------------------------------------------------------------+--------------------------------------------------------------------------------+---------+-----+-------+-------+-----+

    * DSP: 
    N/A

    * Memory: 
    +--------------------+----------------------------------+---------+----+----+-----+------+-----+------+-------------+
    |       Memory       |              Module              | BRAM_18K| FF | LUT| URAM| Words| Bits| Banks| W*Bits*Banks|
    +--------------------+----------------------------------+---------+----+----+-----+------+-----+------+-------------+
    |v_local_U           |v_local_RAM_1WNR_AUTO_1R1W        |        1|   0|   0|    0|   256|   32|     1|         8192|
    |v_local_1_U         |v_local_RAM_1WNR_AUTO_1R1W        |        1|   0|   0|    0|   256|   32|     1|         8192|
    |v_local_2_U         |v_local_RAM_1WNR_AUTO_1R1W        |        1|   0|   0|    0|   256|   32|     1|         8192|
    |v_local_3_U         |v_local_RAM_1WNR_AUTO_1R1W        |        1|   0|   0|    0|   256|   32|     1|         8192|
    |v_local_4_U         |v_local_RAM_1WNR_AUTO_1R1W        |        1|   0|   0|    0|   256|   32|     1|         8192|
    |v_local_5_U         |v_local_RAM_1WNR_AUTO_1R1W        |        1|   0|   0|    0|   256|   32|     1|         8192|
    |v_local_6_U         |v_local_RAM_1WNR_AUTO_1R1W        |        1|   0|   0|    0|   256|   32|     1|         8192|
    |v_local_7_U         |v_local_RAM_1WNR_AUTO_1R1W        |        1|   0|   0|    0|   256|   32|     1|         8192|
    |v_local_8_U         |v_local_RAM_1WNR_AUTO_1R1W        |        1|   0|   0|    0|   256|   32|     1|         8192|
    |v_local_9_U         |v_local_RAM_1WNR_AUTO_1R1W        |        1|   0|   0|    0|   256|   32|     1|         8192|
    |v_local_10_U        |v_local_RAM_1WNR_AUTO_1R1W        |        1|   0|   0|    0|   256|   32|     1|         8192|
    |v_local_11_U        |v_local_RAM_1WNR_AUTO_1R1W        |        1|   0|   0|    0|   256|   32|     1|         8192|
    |v_local_12_U        |v_local_RAM_1WNR_AUTO_1R1W        |        1|   0|   0|    0|   256|   32|     1|         8192|
    |v_local_13_U        |v_local_RAM_1WNR_AUTO_1R1W        |        1|   0|   0|    0|   256|   32|     1|         8192|
    |v_local_14_U        |v_local_RAM_1WNR_AUTO_1R1W        |        1|   0|   0|    0|   256|   32|     1|         8192|
    |v_local_15_U        |v_local_RAM_1WNR_AUTO_1R1W        |        1|   0|   0|    0|   256|   32|     1|         8192|
    |weights_local_U     |weights_local_RAM_1WNR_AUTO_1R1W  |        0|  32|  33|    0|    32|   32|     1|         1024|
    |weights_local_1_U   |weights_local_RAM_1WNR_AUTO_1R1W  |        0|  32|  33|    0|    32|   32|     1|         1024|
    |weights_local_2_U   |weights_local_RAM_1WNR_AUTO_1R1W  |        0|  32|  33|    0|    32|   32|     1|         1024|
    |weights_local_3_U   |weights_local_RAM_1WNR_AUTO_1R1W  |        0|  32|  33|    0|    32|   32|     1|         1024|
    |weights_local_4_U   |weights_local_RAM_1WNR_AUTO_1R1W  |        0|  32|  33|    0|    32|   32|     1|         1024|
    |weights_local_5_U   |weights_local_RAM_1WNR_AUTO_1R1W  |        0|  32|  33|    0|    32|   32|     1|         1024|
    |weights_local_6_U   |weights_local_RAM_1WNR_AUTO_1R1W  |        0|  32|  33|    0|    32|   32|     1|         1024|
    |weights_local_7_U   |weights_local_RAM_1WNR_AUTO_1R1W  |        0|  32|  33|    0|    32|   32|     1|         1024|
    |weights_local_8_U   |weights_local_RAM_1WNR_AUTO_1R1W  |        0|  32|  33|    0|    32|   32|     1|         1024|
    |weights_local_9_U   |weights_local_RAM_1WNR_AUTO_1R1W  |        0|  32|  33|    0|    32|   32|     1|         1024|
    |weights_local_10_U  |weights_local_RAM_1WNR_AUTO_1R1W  |        0|  32|  33|    0|    32|   32|     1|         1024|
    |weights_local_11_U  |weights_local_RAM_1WNR_AUTO_1R1W  |        0|  32|  33|    0|    32|   32|     1|         1024|
    |weights_local_12_U  |weights_local_RAM_1WNR_AUTO_1R1W  |        0|  32|  33|    0|    32|   32|     1|         1024|
    |weights_local_13_U  |weights_local_RAM_1WNR_AUTO_1R1W  |        0|  32|  33|    0|    32|   32|     1|         1024|
    |weights_local_14_U  |weights_local_RAM_1WNR_AUTO_1R1W  |        0|  32|  33|    0|    32|   32|     1|         1024|
    |weights_local_15_U  |weights_local_RAM_1WNR_AUTO_1R1W  |        0|  32|  33|    0|    32|   32|     1|         1024|
    +--------------------+----------------------------------+---------+----+----+-----+------+-----+------+-------------+
    |Total               |                                  |       16| 512| 528|    0|  4608| 1024|    32|       147456|
    +--------------------+----------------------------------+---------+----+----+-----+------+-----+------+-------------+

    * FIFO: 
    N/A

    * Expression: 
    +----------------------------------+----------+----+---+----+------------+------------+
    |           Variable Name          | Operation| DSP| FF| LUT| Bitwidth P0| Bitwidth P1|
    +----------------------------------+----------+----+---+----+------------+------------+
    |add_ln199_1_fu_13270_p2           |         +|   0|  0|  33|          26|           1|
    |add_ln199_2_fu_17390_p2           |         +|   0|  0|  33|          26|           1|
    |add_ln199_fu_13250_p2             |         +|   0|  0|  38|          31|           2|
    |add_ln200_1_fu_17439_p2           |         +|   0|  0|  71|          64|          64|
    |add_ln200_fu_17399_p2             |         +|   0|  0|  39|          32|           7|
    |add_ln239_fu_17507_p2             |         +|   0|  0|  71|          64|          64|
    |sub_ln200_fu_17418_p2             |         -|   0|  0|  39|          32|          32|
    |icmp_ln199_1_fu_17385_p2          |      icmp|   0|  0|  17|          26|          26|
    |icmp_ln199_fu_13240_p2            |      icmp|   0|  0|  20|          32|           1|
    |icmp_ln200_fu_17405_p2            |      icmp|   0|  0|  20|          32|          32|
    |icmp_ln204_1_fu_17570_p2          |      icmp|   0|  0|  20|          32|           1|
    |icmp_ln204_fu_17556_p2            |      icmp|   0|  0|  17|          26|           1|
    |icmp_ln239_1_fu_17486_p2          |      icmp|   0|  0|  20|          32|           1|
    |icmp_ln239_fu_17473_p2            |      icmp|   0|  0|  18|          29|           1|
    |ap_block_state14_on_subcall_done  |        or|   0|  0|   2|           1|           1|
    |k_cols_fu_17539_p3                |    select|   0|  0|  32|           1|           7|
    |select_ln204_fu_17562_p3          |    select|   0|  0|  32|           1|          32|
    |select_ln205_fu_17580_p3          |    select|   0|  0|   7|           1|           7|
    |select_ln239_1_fu_17526_p3        |    select|   0|  0|   4|           1|           4|
    |select_ln239_fu_17479_p3          |    select|   0|  0|  32|           1|          32|
    |xor_ln200_fu_17534_p2             |       xor|   0|  0|   2|           1|           2|
    +----------------------------------+----------+----+---+----+------------+------------+
    |Total                             |          |   0|  0| 567|         491|         319|
    +----------------------------------+----------+----+---+----+------------+------------+

    * Multiplexer: 
    +---------------------------+-----+-----------+-----+-----------+
    |            Name           | LUT | Input Size| Bits| Total Bits|
    +---------------------------+-----+-----------+-----+-----------+
    |acc_1000_fu_4294           |    9|          2|   32|         64|
    |acc_1001_fu_4298           |    9|          2|   32|         64|
    |acc_1002_fu_4302           |    9|          2|   32|         64|
    |acc_1003_fu_4306           |    9|          2|   32|         64|
    |acc_1004_fu_4310           |    9|          2|   32|         64|
    |acc_1005_fu_4314           |    9|          2|   32|         64|
    |acc_1006_fu_4318           |    9|          2|   32|         64|
    |acc_1007_fu_4322           |    9|          2|   32|         64|
    |acc_1008_fu_4326           |    9|          2|   32|         64|
    |acc_1009_fu_4330           |    9|          2|   32|         64|
    |acc_1010_fu_4334           |    9|          2|   32|         64|
    |acc_1011_fu_4338           |    9|          2|   32|         64|
    |acc_1012_fu_4342           |    9|          2|   32|         64|
    |acc_1013_fu_4346           |    9|          2|   32|         64|
    |acc_1014_fu_4350           |    9|          2|   32|         64|
    |acc_1015_fu_4354           |    9|          2|   32|         64|
    |acc_1016_fu_4358           |    9|          2|   32|         64|
    |acc_1017_fu_4362           |    9|          2|   32|         64|
    |acc_1018_fu_4366           |    9|          2|   32|         64|
    |acc_1019_fu_4370           |    9|          2|   32|         64|
    |acc_1020_fu_4374           |    9|          2|   32|         64|
    |acc_1021_fu_4378           |    9|          2|   32|         64|
    |acc_1022_fu_4382           |    9|          2|   32|         64|
    |acc_1535_reg_9545          |    9|          2|   32|         64|
    |acc_1536_reg_9535          |    9|          2|   32|         64|
    |acc_1537_reg_9525          |    9|          2|   32|         64|
    |acc_1538_reg_9515          |    9|          2|   32|         64|
    |acc_1539_reg_9505          |    9|          2|   32|         64|
    |acc_1540_reg_9495          |    9|          2|   32|         64|
    |acc_1541_reg_9485          |    9|          2|   32|         64|
    |acc_1542_reg_9475          |    9|          2|   32|         64|
    |acc_1543_reg_9465          |    9|          2|   32|         64|
    |acc_1544_reg_9455          |    9|          2|   32|         64|
    |acc_1545_reg_9445          |    9|          2|   32|         64|
    |acc_1546_reg_9435          |    9|          2|   32|         64|
    |acc_1547_reg_9425          |    9|          2|   32|         64|
    |acc_1548_reg_9415          |    9|          2|   32|         64|
    |acc_1549_reg_9405          |    9|          2|   32|         64|
    |acc_1550_reg_9395          |    9|          2|   32|         64|
    |acc_1551_reg_9385          |    9|          2|   32|         64|
    |acc_1552_reg_9375          |    9|          2|   32|         64|
    |acc_1553_reg_9365          |    9|          2|   32|         64|
    |acc_1554_reg_9355          |    9|          2|   32|         64|
    |acc_1555_reg_9345          |    9|          2|   32|         64|
    |acc_1556_reg_9335          |    9|          2|   32|         64|
    |acc_1557_reg_9325          |    9|          2|   32|         64|
    |acc_1558_reg_9315          |    9|          2|   32|         64|
    |acc_1559_reg_9305          |    9|          2|   32|         64|
    |acc_1560_reg_9295          |    9|          2|   32|         64|
    |acc_1561_reg_9285          |    9|          2|   32|         64|
    |acc_1562_reg_9275          |    9|          2|   32|         64|
    |acc_1563_reg_9265          |    9|          2|   32|         64|
    |acc_1564_reg_9255          |    9|          2|   32|         64|
    |acc_1565_reg_9245          |    9|          2|   32|         64|
    |acc_1566_reg_9235          |    9|          2|   32|         64|
    |acc_1567_reg_9225          |    9|          2|   32|         64|
    |acc_1568_reg_9215          |    9|          2|   32|         64|
    |acc_1569_reg_9205          |    9|          2|   32|         64|
    |acc_1570_reg_9195          |    9|          2|   32|         64|
    |acc_1571_reg_9185          |    9|          2|   32|         64|
    |acc_1572_reg_9175          |    9|          2|   32|         64|
    |acc_1573_reg_9165          |    9|          2|   32|         64|
    |acc_1574_reg_9155          |    9|          2|   32|         64|
    |acc_1575_reg_9145          |    9|          2|   32|         64|
    |acc_1576_reg_9135          |    9|          2|   32|         64|
    |acc_1577_reg_9125          |    9|          2|   32|         64|
    |acc_1578_reg_9115          |    9|          2|   32|         64|
    |acc_1579_reg_9105          |    9|          2|   32|         64|
    |acc_1580_reg_9095          |    9|          2|   32|         64|
    |acc_1581_reg_9085          |    9|          2|   32|         64|
    |acc_1582_reg_9075          |    9|          2|   32|         64|
    |acc_1583_reg_9065          |    9|          2|   32|         64|
    |acc_1584_reg_9055          |    9|          2|   32|         64|
    |acc_1585_reg_9045          |    9|          2|   32|         64|
    |acc_1586_reg_9035          |    9|          2|   32|         64|
    |acc_1587_reg_9025          |    9|          2|   32|         64|
    |acc_1588_reg_9015          |    9|          2|   32|         64|
    |acc_1589_reg_9005          |    9|          2|   32|         64|
    |acc_1590_reg_8995          |    9|          2|   32|         64|
    |acc_1591_reg_8985          |    9|          2|   32|         64|
    |acc_1592_reg_8975          |    9|          2|   32|         64|
    |acc_1593_reg_8965          |    9|          2|   32|         64|
    |acc_1594_reg_8955          |    9|          2|   32|         64|
    |acc_1595_reg_8945          |    9|          2|   32|         64|
    |acc_1596_reg_8935          |    9|          2|   32|         64|
    |acc_1597_reg_8925          |    9|          2|   32|         64|
    |acc_1598_reg_8915          |    9|          2|   32|         64|
    |acc_1599_reg_8905          |    9|          2|   32|         64|
    |acc_1600_reg_8895          |    9|          2|   32|         64|
    |acc_1601_reg_8885          |    9|          2|   32|         64|
    |acc_1602_reg_8875          |    9|          2|   32|         64|
    |acc_1603_reg_8865          |    9|          2|   32|         64|
    |acc_1604_reg_8855          |    9|          2|   32|         64|
    |acc_1605_reg_8845          |    9|          2|   32|         64|
    |acc_1606_reg_8835          |    9|          2|   32|         64|
    |acc_1607_reg_8825          |    9|          2|   32|         64|
    |acc_1608_reg_8815          |    9|          2|   32|         64|
    |acc_1609_reg_8805          |    9|          2|   32|         64|
    |acc_1610_reg_8795          |    9|          2|   32|         64|
    |acc_1611_reg_8785          |    9|          2|   32|         64|
    |acc_1612_reg_8775          |    9|          2|   32|         64|
    |acc_1613_reg_8765          |    9|          2|   32|         64|
    |acc_1614_reg_8755          |    9|          2|   32|         64|
    |acc_1615_reg_8745          |    9|          2|   32|         64|
    |acc_1616_reg_8735          |    9|          2|   32|         64|
    |acc_1617_reg_8725          |    9|          2|   32|         64|
    |acc_1618_reg_8715          |    9|          2|   32|         64|
    |acc_1619_reg_8705          |    9|          2|   32|         64|
    |acc_1620_reg_8695          |    9|          2|   32|         64|
    |acc_1621_reg_8685          |    9|          2|   32|         64|
    |acc_1622_reg_8675          |    9|          2|   32|         64|
    |acc_1623_reg_8665          |    9|          2|   32|         64|
    |acc_1624_reg_8655          |    9|          2|   32|         64|
    |acc_1625_reg_8645          |    9|          2|   32|         64|
    |acc_1626_reg_8635          |    9|          2|   32|         64|
    |acc_1627_reg_8625          |    9|          2|   32|         64|
    |acc_1628_reg_8615          |    9|          2|   32|         64|
    |acc_1629_reg_8605          |    9|          2|   32|         64|
    |acc_1630_reg_8595          |    9|          2|   32|         64|
    |acc_1631_reg_8585          |    9|          2|   32|         64|
    |acc_1632_reg_8575          |    9|          2|   32|         64|
    |acc_1633_reg_8565          |    9|          2|   32|         64|
    |acc_1634_reg_8555          |    9|          2|   32|         64|
    |acc_1635_reg_8545          |    9|          2|   32|         64|
    |acc_1636_reg_8535          |    9|          2|   32|         64|
    |acc_1637_reg_8525          |    9|          2|   32|         64|
    |acc_1638_reg_8515          |    9|          2|   32|         64|
    |acc_1639_reg_8505          |    9|          2|   32|         64|
    |acc_1640_reg_8495          |    9|          2|   32|         64|
    |acc_1641_reg_8485          |    9|          2|   32|         64|
    |acc_1642_reg_8475          |    9|          2|   32|         64|
    |acc_1643_reg_8465          |    9|          2|   32|         64|
    |acc_1644_reg_8455          |    9|          2|   32|         64|
    |acc_1645_reg_8445          |    9|          2|   32|         64|
    |acc_1646_reg_8435          |    9|          2|   32|         64|
    |acc_1647_reg_8425          |    9|          2|   32|         64|
    |acc_1648_reg_8415          |    9|          2|   32|         64|
    |acc_1649_reg_8405          |    9|          2|   32|         64|
    |acc_1650_reg_8395          |    9|          2|   32|         64|
    |acc_1651_reg_8385          |    9|          2|   32|         64|
    |acc_1652_reg_8375          |    9|          2|   32|         64|
    |acc_1653_reg_8365          |    9|          2|   32|         64|
    |acc_1654_reg_8355          |    9|          2|   32|         64|
    |acc_1655_reg_8345          |    9|          2|   32|         64|
    |acc_1656_reg_8335          |    9|          2|   32|         64|
    |acc_1657_reg_8325          |    9|          2|   32|         64|
    |acc_1658_reg_8315          |    9|          2|   32|         64|
    |acc_1659_reg_8305          |    9|          2|   32|         64|
    |acc_1660_reg_8295          |    9|          2|   32|         64|
    |acc_1661_reg_8285          |    9|          2|   32|         64|
    |acc_1662_reg_8275          |    9|          2|   32|         64|
    |acc_1663_reg_8265          |    9|          2|   32|         64|
    |acc_1664_reg_8255          |    9|          2|   32|         64|
    |acc_1665_reg_8245          |    9|          2|   32|         64|
    |acc_1666_reg_8235          |    9|          2|   32|         64|
    |acc_1667_reg_8225          |    9|          2|   32|         64|
    |acc_1668_reg_8215          |    9|          2|   32|         64|
    |acc_1669_reg_8205          |    9|          2|   32|         64|
    |acc_1670_reg_8195          |    9|          2|   32|         64|
    |acc_1671_reg_8185          |    9|          2|   32|         64|
    |acc_1672_reg_8175          |    9|          2|   32|         64|
    |acc_1673_reg_8165          |    9|          2|   32|         64|
    |acc_1674_reg_8155          |    9|          2|   32|         64|
    |acc_1675_reg_8145          |    9|          2|   32|         64|
    |acc_1676_reg_8135          |    9|          2|   32|         64|
    |acc_1677_reg_8125          |    9|          2|   32|         64|
    |acc_1678_reg_8115          |    9|          2|   32|         64|
    |acc_1679_reg_8105          |    9|          2|   32|         64|
    |acc_1680_reg_8095          |    9|          2|   32|         64|
    |acc_1681_reg_8085          |    9|          2|   32|         64|
    |acc_1682_reg_8075          |    9|          2|   32|         64|
    |acc_1683_reg_8065          |    9|          2|   32|         64|
    |acc_1684_reg_8055          |    9|          2|   32|         64|
    |acc_1685_reg_8045          |    9|          2|   32|         64|
    |acc_1686_reg_8035          |    9|          2|   32|         64|
    |acc_1687_reg_8025          |    9|          2|   32|         64|
    |acc_1688_reg_8015          |    9|          2|   32|         64|
    |acc_1689_reg_8005          |    9|          2|   32|         64|
    |acc_1690_reg_7995          |    9|          2|   32|         64|
    |acc_1691_reg_7985          |    9|          2|   32|         64|
    |acc_1692_reg_7975          |    9|          2|   32|         64|
    |acc_1693_reg_7965          |    9|          2|   32|         64|
    |acc_1694_reg_7955          |    9|          2|   32|         64|
    |acc_1695_reg_7945          |    9|          2|   32|         64|
    |acc_1696_reg_7935          |    9|          2|   32|         64|
    |acc_1697_reg_7925          |    9|          2|   32|         64|
    |acc_1698_reg_7915          |    9|          2|   32|         64|
    |acc_1699_reg_7905          |    9|          2|   32|         64|
    |acc_1700_reg_7895          |    9|          2|   32|         64|
    |acc_1701_reg_7885          |    9|          2|   32|         64|
    |acc_1702_reg_7875          |    9|          2|   32|         64|
    |acc_1703_reg_7865          |    9|          2|   32|         64|
    |acc_1704_reg_7855          |    9|          2|   32|         64|
    |acc_1705_reg_7845          |    9|          2|   32|         64|
    |acc_1706_reg_7835          |    9|          2|   32|         64|
    |acc_1707_reg_7825          |    9|          2|   32|         64|
    |acc_1708_reg_7815          |    9|          2|   32|         64|
    |acc_1709_reg_7805          |    9|          2|   32|         64|
    |acc_1710_reg_7795          |    9|          2|   32|         64|
    |acc_1711_reg_7785          |    9|          2|   32|         64|
    |acc_1712_reg_7775          |    9|          2|   32|         64|
    |acc_1713_reg_7765          |    9|          2|   32|         64|
    |acc_1714_reg_7755          |    9|          2|   32|         64|
    |acc_1715_reg_7745          |    9|          2|   32|         64|
    |acc_1716_reg_7735          |    9|          2|   32|         64|
    |acc_1717_reg_7725          |    9|          2|   32|         64|
    |acc_1718_reg_7715          |    9|          2|   32|         64|
    |acc_1719_reg_7705          |    9|          2|   32|         64|
    |acc_1720_reg_7695          |    9|          2|   32|         64|
    |acc_1721_reg_7685          |    9|          2|   32|         64|
    |acc_1722_reg_7675          |    9|          2|   32|         64|
    |acc_1723_reg_7665          |    9|          2|   32|         64|
    |acc_1724_reg_7655          |    9|          2|   32|         64|
    |acc_1725_reg_7645          |    9|          2|   32|         64|
    |acc_1726_reg_7635          |    9|          2|   32|         64|
    |acc_1727_reg_7625          |    9|          2|   32|         64|
    |acc_1728_reg_7615          |    9|          2|   32|         64|
    |acc_1729_reg_7605          |    9|          2|   32|         64|
    |acc_1730_reg_7595          |    9|          2|   32|         64|
    |acc_1731_reg_7585          |    9|          2|   32|         64|
    |acc_1732_reg_7575          |    9|          2|   32|         64|
    |acc_1733_reg_7565          |    9|          2|   32|         64|
    |acc_1734_reg_7555          |    9|          2|   32|         64|
    |acc_1735_reg_7545          |    9|          2|   32|         64|
    |acc_1736_reg_7535          |    9|          2|   32|         64|
    |acc_1737_reg_7525          |    9|          2|   32|         64|
    |acc_1738_reg_7515          |    9|          2|   32|         64|
    |acc_1739_reg_7505          |    9|          2|   32|         64|
    |acc_1740_reg_7495          |    9|          2|   32|         64|
    |acc_1741_reg_7485          |    9|          2|   32|         64|
    |acc_1742_reg_7475          |    9|          2|   32|         64|
    |acc_1743_reg_7465          |    9|          2|   32|         64|
    |acc_1744_reg_7455          |    9|          2|   32|         64|
    |acc_1745_reg_7445          |    9|          2|   32|         64|
    |acc_1746_reg_7435          |    9|          2|   32|         64|
    |acc_1747_reg_7425          |    9|          2|   32|         64|
    |acc_1748_reg_7415          |    9|          2|   32|         64|
    |acc_1749_reg_7405          |    9|          2|   32|         64|
    |acc_1750_reg_7395          |    9|          2|   32|         64|
    |acc_1751_reg_7385          |    9|          2|   32|         64|
    |acc_1752_reg_7375          |    9|          2|   32|         64|
    |acc_1753_reg_7365          |    9|          2|   32|         64|
    |acc_1754_reg_7355          |    9|          2|   32|         64|
    |acc_1755_reg_7345          |    9|          2|   32|         64|
    |acc_1756_reg_7335          |    9|          2|   32|         64|
    |acc_1757_reg_7325          |    9|          2|   32|         64|
    |acc_1758_reg_7315          |    9|          2|   32|         64|
    |acc_1759_reg_7305          |    9|          2|   32|         64|
    |acc_1760_reg_7295          |    9|          2|   32|         64|
    |acc_1761_reg_7285          |    9|          2|   32|         64|
    |acc_1762_reg_7275          |    9|          2|   32|         64|
    |acc_1763_reg_7265          |    9|          2|   32|         64|
    |acc_1764_reg_7255          |    9|          2|   32|         64|
    |acc_1765_reg_7245          |    9|          2|   32|         64|
    |acc_1766_reg_7235          |    9|          2|   32|         64|
    |acc_1767_reg_7225          |    9|          2|   32|         64|
    |acc_1768_reg_7215          |    9|          2|   32|         64|
    |acc_1769_reg_7205          |    9|          2|   32|         64|
    |acc_1770_reg_7195          |    9|          2|   32|         64|
    |acc_1771_reg_7185          |    9|          2|   32|         64|
    |acc_1772_reg_7175          |    9|          2|   32|         64|
    |acc_1773_reg_7165          |    9|          2|   32|         64|
    |acc_1774_reg_7155          |    9|          2|   32|         64|
    |acc_1775_reg_7145          |    9|          2|   32|         64|
    |acc_1776_reg_7135          |    9|          2|   32|         64|
    |acc_1777_reg_7125          |    9|          2|   32|         64|
    |acc_1778_reg_7115          |    9|          2|   32|         64|
    |acc_1779_reg_7105          |    9|          2|   32|         64|
    |acc_1780_reg_7095          |    9|          2|   32|         64|
    |acc_1781_reg_7085          |    9|          2|   32|         64|
    |acc_1782_reg_7075          |    9|          2|   32|         64|
    |acc_1783_reg_7065          |    9|          2|   32|         64|
    |acc_1784_reg_7055          |    9|          2|   32|         64|
    |acc_1785_reg_7045          |    9|          2|   32|         64|
    |acc_1786_reg_7035          |    9|          2|   32|         64|
    |acc_1787_reg_7025          |    9|          2|   32|         64|
    |acc_1788_reg_7015          |    9|          2|   32|         64|
    |acc_1789_reg_7005          |    9|          2|   32|         64|
    |acc_1790_reg_6995          |    9|          2|   32|         64|
    |acc_1791_reg_6985          |    9|          2|   32|         64|
    |acc_1792_reg_6975          |    9|          2|   32|         64|
    |acc_1793_reg_6965          |    9|          2|   32|         64|
    |acc_1794_reg_6955          |    9|          2|   32|         64|
    |acc_1795_reg_6945          |    9|          2|   32|         64|
    |acc_1796_reg_6935          |    9|          2|   32|         64|
    |acc_1797_reg_6925          |    9|          2|   32|         64|
    |acc_1798_reg_6915          |    9|          2|   32|         64|
    |acc_1799_reg_6905          |    9|          2|   32|         64|
    |acc_1800_reg_6895          |    9|          2|   32|         64|
    |acc_1801_reg_6885          |    9|          2|   32|         64|
    |acc_1802_reg_6875          |    9|          2|   32|         64|
    |acc_1803_reg_6865          |    9|          2|   32|         64|
    |acc_1804_reg_6855          |    9|          2|   32|         64|
    |acc_1805_reg_6845          |    9|          2|   32|         64|
    |acc_1806_reg_6835          |    9|          2|   32|         64|
    |acc_1807_reg_6825          |    9|          2|   32|         64|
    |acc_1808_reg_6815          |    9|          2|   32|         64|
    |acc_1809_reg_6805          |    9|          2|   32|         64|
    |acc_1810_reg_6795          |    9|          2|   32|         64|
    |acc_1811_reg_6785          |    9|          2|   32|         64|
    |acc_1812_reg_6775          |    9|          2|   32|         64|
    |acc_1813_reg_6765          |    9|          2|   32|         64|
    |acc_1814_reg_6755          |    9|          2|   32|         64|
    |acc_1815_reg_6745          |    9|          2|   32|         64|
    |acc_1816_reg_6735          |    9|          2|   32|         64|
    |acc_1817_reg_6725          |    9|          2|   32|         64|
    |acc_1818_reg_6715          |    9|          2|   32|         64|
    |acc_1819_reg_6705          |    9|          2|   32|         64|
    |acc_1820_reg_6695          |    9|          2|   32|         64|
    |acc_1821_reg_6685          |    9|          2|   32|         64|
    |acc_1822_reg_6675          |    9|          2|   32|         64|
    |acc_1823_reg_6665          |    9|          2|   32|         64|
    |acc_1824_reg_6655          |    9|          2|   32|         64|
    |acc_1825_reg_6645          |    9|          2|   32|         64|
    |acc_1826_reg_6635          |    9|          2|   32|         64|
    |acc_1827_reg_6625          |    9|          2|   32|         64|
    |acc_1828_reg_6615          |    9|          2|   32|         64|
    |acc_1829_reg_6605          |    9|          2|   32|         64|
    |acc_1830_reg_6595          |    9|          2|   32|         64|
    |acc_1831_reg_6585          |    9|          2|   32|         64|
    |acc_1832_reg_6575          |    9|          2|   32|         64|
    |acc_1833_reg_6565          |    9|          2|   32|         64|
    |acc_1834_reg_6555          |    9|          2|   32|         64|
    |acc_1835_reg_6545          |    9|          2|   32|         64|
    |acc_1836_reg_6535          |    9|          2|   32|         64|
    |acc_1837_reg_6525          |    9|          2|   32|         64|
    |acc_1838_reg_6515          |    9|          2|   32|         64|
    |acc_1839_reg_6505          |    9|          2|   32|         64|
    |acc_1840_reg_6495          |    9|          2|   32|         64|
    |acc_1841_reg_6485          |    9|          2|   32|         64|
    |acc_1842_reg_6475          |    9|          2|   32|         64|
    |acc_1843_reg_6465          |    9|          2|   32|         64|
    |acc_1844_reg_6455          |    9|          2|   32|         64|
    |acc_1845_reg_6445          |    9|          2|   32|         64|
    |acc_1846_reg_6435          |    9|          2|   32|         64|
    |acc_1847_reg_6425          |    9|          2|   32|         64|
    |acc_1848_reg_6415          |    9|          2|   32|         64|
    |acc_1849_reg_6405          |    9|          2|   32|         64|
    |acc_1850_reg_6395          |    9|          2|   32|         64|
    |acc_1851_reg_6385          |    9|          2|   32|         64|
    |acc_1852_reg_6375          |    9|          2|   32|         64|
    |acc_1853_reg_6365          |    9|          2|   32|         64|
    |acc_1854_reg_6355          |    9|          2|   32|         64|
    |acc_1855_reg_6345          |    9|          2|   32|         64|
    |acc_1856_reg_6335          |    9|          2|   32|         64|
    |acc_1857_reg_6325          |    9|          2|   32|         64|
    |acc_1858_reg_6315          |    9|          2|   32|         64|
    |acc_1859_reg_6305          |    9|          2|   32|         64|
    |acc_1860_reg_6295          |    9|          2|   32|         64|
    |acc_1861_reg_6285          |    9|          2|   32|         64|
    |acc_1862_reg_6275          |    9|          2|   32|         64|
    |acc_1863_reg_6265          |    9|          2|   32|         64|
    |acc_1864_reg_6255          |    9|          2|   32|         64|
    |acc_1865_reg_6245          |    9|          2|   32|         64|
    |acc_1866_reg_6235          |    9|          2|   32|         64|
    |acc_1867_reg_6225          |    9|          2|   32|         64|
    |acc_1868_reg_6215          |    9|          2|   32|         64|
    |acc_1869_reg_6205          |    9|          2|   32|         64|
    |acc_1870_reg_6195          |    9|          2|   32|         64|
    |acc_1871_reg_6185          |    9|          2|   32|         64|
    |acc_1872_reg_6175          |    9|          2|   32|         64|
    |acc_1873_reg_6165          |    9|          2|   32|         64|
    |acc_1874_reg_6155          |    9|          2|   32|         64|
    |acc_1875_reg_6145          |    9|          2|   32|         64|
    |acc_1876_reg_6135          |    9|          2|   32|         64|
    |acc_1877_reg_6125          |    9|          2|   32|         64|
    |acc_1878_reg_6115          |    9|          2|   32|         64|
    |acc_1879_reg_6105          |    9|          2|   32|         64|
    |acc_1880_reg_6095          |    9|          2|   32|         64|
    |acc_1881_reg_6085          |    9|          2|   32|         64|
    |acc_1882_reg_6075          |    9|          2|   32|         64|
    |acc_1883_reg_6065          |    9|          2|   32|         64|
    |acc_1884_reg_6055          |    9|          2|   32|         64|
    |acc_1885_reg_6045          |    9|          2|   32|         64|
    |acc_1886_reg_6035          |    9|          2|   32|         64|
    |acc_1887_reg_6025          |    9|          2|   32|         64|
    |acc_1888_reg_6015          |    9|          2|   32|         64|
    |acc_1889_reg_6005          |    9|          2|   32|         64|
    |acc_1890_reg_5995          |    9|          2|   32|         64|
    |acc_1891_reg_5985          |    9|          2|   32|         64|
    |acc_1892_reg_5975          |    9|          2|   32|         64|
    |acc_1893_reg_5965          |    9|          2|   32|         64|
    |acc_1894_reg_5955          |    9|          2|   32|         64|
    |acc_1895_reg_5945          |    9|          2|   32|         64|
    |acc_1896_reg_5935          |    9|          2|   32|         64|
    |acc_1897_reg_5925          |    9|          2|   32|         64|
    |acc_1898_reg_5915          |    9|          2|   32|         64|
    |acc_1899_reg_5905          |    9|          2|   32|         64|
    |acc_1900_reg_5895          |    9|          2|   32|         64|
    |acc_1901_reg_5885          |    9|          2|   32|         64|
    |acc_1902_reg_5875          |    9|          2|   32|         64|
    |acc_1903_reg_5865          |    9|          2|   32|         64|
    |acc_1904_reg_5855          |    9|          2|   32|         64|
    |acc_1905_reg_5845          |    9|          2|   32|         64|
    |acc_1906_reg_5835          |    9|          2|   32|         64|
    |acc_1907_reg_5825          |    9|          2|   32|         64|
    |acc_1908_reg_5815          |    9|          2|   32|         64|
    |acc_1909_reg_5805          |    9|          2|   32|         64|
    |acc_1910_reg_5795          |    9|          2|   32|         64|
    |acc_1911_reg_5785          |    9|          2|   32|         64|
    |acc_1912_reg_5775          |    9|          2|   32|         64|
    |acc_1913_reg_5765          |    9|          2|   32|         64|
    |acc_1914_reg_5755          |    9|          2|   32|         64|
    |acc_1915_reg_5745          |    9|          2|   32|         64|
    |acc_1916_reg_5735          |    9|          2|   32|         64|
    |acc_1917_reg_5725          |    9|          2|   32|         64|
    |acc_1918_reg_5715          |    9|          2|   32|         64|
    |acc_1919_reg_5705          |    9|          2|   32|         64|
    |acc_1920_reg_5695          |    9|          2|   32|         64|
    |acc_1921_reg_5685          |    9|          2|   32|         64|
    |acc_1922_reg_5675          |    9|          2|   32|         64|
    |acc_1923_reg_5665          |    9|          2|   32|         64|
    |acc_1924_reg_5655          |    9|          2|   32|         64|
    |acc_1925_reg_5645          |    9|          2|   32|         64|
    |acc_1926_reg_5635          |    9|          2|   32|         64|
    |acc_1927_reg_5625          |    9|          2|   32|         64|
    |acc_1928_reg_5615          |    9|          2|   32|         64|
    |acc_1929_reg_5605          |    9|          2|   32|         64|
    |acc_1930_reg_5595          |    9|          2|   32|         64|
    |acc_1931_reg_5585          |    9|          2|   32|         64|
    |acc_1932_reg_5575          |    9|          2|   32|         64|
    |acc_1933_reg_5565          |    9|          2|   32|         64|
    |acc_1934_reg_5555          |    9|          2|   32|         64|
    |acc_1935_reg_5545          |    9|          2|   32|         64|
    |acc_1936_reg_5535          |    9|          2|   32|         64|
    |acc_1937_reg_5525          |    9|          2|   32|         64|
    |acc_1938_reg_5515          |    9|          2|   32|         64|
    |acc_1939_reg_5505          |    9|          2|   32|         64|
    |acc_1940_reg_5495          |    9|          2|   32|         64|
    |acc_1941_reg_5485          |    9|          2|   32|         64|
    |acc_1942_reg_5475          |    9|          2|   32|         64|
    |acc_1943_reg_5465          |    9|          2|   32|         64|
    |acc_1944_reg_5455          |    9|          2|   32|         64|
    |acc_1945_reg_5445          |    9|          2|   32|         64|
    |acc_1946_reg_5435          |    9|          2|   32|         64|
    |acc_1947_reg_5425          |    9|          2|   32|         64|
    |acc_1948_reg_5415          |    9|          2|   32|         64|
    |acc_1949_reg_5405          |    9|          2|   32|         64|
    |acc_1950_reg_5395          |    9|          2|   32|         64|
    |acc_1951_reg_5385          |    9|          2|   32|         64|
    |acc_1952_reg_5375          |    9|          2|   32|         64|
    |acc_1953_reg_5365          |    9|          2|   32|         64|
    |acc_1954_reg_5355          |    9|          2|   32|         64|
    |acc_1955_reg_5345          |    9|          2|   32|         64|
    |acc_1956_reg_5335          |    9|          2|   32|         64|
    |acc_1957_reg_5325          |    9|          2|   32|         64|
    |acc_1958_reg_5315          |    9|          2|   32|         64|
    |acc_1959_reg_5305          |    9|          2|   32|         64|
    |acc_1960_reg_5295          |    9|          2|   32|         64|
    |acc_1961_reg_5285          |    9|          2|   32|         64|
    |acc_1962_reg_5275          |    9|          2|   32|         64|
    |acc_1963_reg_5265          |    9|          2|   32|         64|
    |acc_1964_reg_5255          |    9|          2|   32|         64|
    |acc_1965_reg_5245          |    9|          2|   32|         64|
    |acc_1966_reg_5235          |    9|          2|   32|         64|
    |acc_1967_reg_5225          |    9|          2|   32|         64|
    |acc_1968_reg_5215          |    9|          2|   32|         64|
    |acc_1969_reg_5205          |    9|          2|   32|         64|
    |acc_1970_reg_5195          |    9|          2|   32|         64|
    |acc_1971_reg_5185          |    9|          2|   32|         64|
    |acc_1972_reg_5175          |    9|          2|   32|         64|
    |acc_1973_reg_5165          |    9|          2|   32|         64|
    |acc_1974_reg_5155          |    9|          2|   32|         64|
    |acc_1975_reg_5145          |    9|          2|   32|         64|
    |acc_1976_reg_5135          |    9|          2|   32|         64|
    |acc_1977_reg_5125          |    9|          2|   32|         64|
    |acc_1978_reg_5115          |    9|          2|   32|         64|
    |acc_1979_reg_5105          |    9|          2|   32|         64|
    |acc_1980_reg_5095          |    9|          2|   32|         64|
    |acc_1981_reg_5085          |    9|          2|   32|         64|
    |acc_1982_reg_5075          |    9|          2|   32|         64|
    |acc_1983_reg_5065          |    9|          2|   32|         64|
    |acc_1984_reg_5055          |    9|          2|   32|         64|
    |acc_1985_reg_5045          |    9|          2|   32|         64|
    |acc_1986_reg_5035          |    9|          2|   32|         64|
    |acc_1987_reg_5025          |    9|          2|   32|         64|
    |acc_1988_reg_5015          |    9|          2|   32|         64|
    |acc_1989_reg_5005          |    9|          2|   32|         64|
    |acc_1990_reg_4995          |    9|          2|   32|         64|
    |acc_1991_reg_4985          |    9|          2|   32|         64|
    |acc_1992_reg_4975          |    9|          2|   32|         64|
    |acc_1993_reg_4965          |    9|          2|   32|         64|
    |acc_1994_reg_4955          |    9|          2|   32|         64|
    |acc_1995_reg_4945          |    9|          2|   32|         64|
    |acc_1996_reg_4935          |    9|          2|   32|         64|
    |acc_1997_reg_4925          |    9|          2|   32|         64|
    |acc_1998_reg_4915          |    9|          2|   32|         64|
    |acc_1999_reg_4905          |    9|          2|   32|         64|
    |acc_2000_reg_4895          |    9|          2|   32|         64|
    |acc_2001_reg_4885          |    9|          2|   32|         64|
    |acc_2002_reg_4875          |    9|          2|   32|         64|
    |acc_2003_reg_4865          |    9|          2|   32|         64|
    |acc_2004_reg_4855          |    9|          2|   32|         64|
    |acc_2005_reg_4845          |    9|          2|   32|         64|
    |acc_2006_reg_4835          |    9|          2|   32|         64|
    |acc_2007_reg_4825          |    9|          2|   32|         64|
    |acc_2008_reg_4815          |    9|          2|   32|         64|
    |acc_2009_reg_4805          |    9|          2|   32|         64|
    |acc_2010_reg_4795          |    9|          2|   32|         64|
    |acc_2011_reg_4785          |    9|          2|   32|         64|
    |acc_2012_reg_4775          |    9|          2|   32|         64|
    |acc_2013_reg_4765          |    9|          2|   32|         64|
    |acc_2014_reg_4755          |    9|          2|   32|         64|
    |acc_2015_reg_4745          |    9|          2|   32|         64|
    |acc_2016_reg_4735          |    9|          2|   32|         64|
    |acc_2017_reg_4725          |    9|          2|   32|         64|
    |acc_2018_reg_4715          |    9|          2|   32|         64|
    |acc_2019_reg_4705          |    9|          2|   32|         64|
    |acc_2020_reg_4695          |    9|          2|   32|         64|
    |acc_2021_reg_4685          |    9|          2|   32|         64|
    |acc_2022_reg_4675          |    9|          2|   32|         64|
    |acc_2023_reg_4665          |    9|          2|   32|         64|
    |acc_2024_reg_4655          |    9|          2|   32|         64|
    |acc_2025_reg_4645          |    9|          2|   32|         64|
    |acc_2026_reg_4635          |    9|          2|   32|         64|
    |acc_2027_reg_4625          |    9|          2|   32|         64|
    |acc_2028_reg_4615          |    9|          2|   32|         64|
    |acc_2029_reg_4605          |    9|          2|   32|         64|
    |acc_2030_reg_4595          |    9|          2|   32|         64|
    |acc_2031_reg_4585          |    9|          2|   32|         64|
    |acc_2032_reg_4575          |    9|          2|   32|         64|
    |acc_2033_reg_4565          |    9|          2|   32|         64|
    |acc_2034_reg_4555          |    9|          2|   32|         64|
    |acc_2035_reg_4545          |    9|          2|   32|         64|
    |acc_2036_reg_4535          |    9|          2|   32|         64|
    |acc_2037_reg_4525          |    9|          2|   32|         64|
    |acc_2038_reg_4515          |    9|          2|   32|         64|
    |acc_2039_reg_4505          |    9|          2|   32|         64|
    |acc_2040_reg_4495          |    9|          2|   32|         64|
    |acc_2041_reg_4485          |    9|          2|   32|         64|
    |acc_2042_reg_4475          |    9|          2|   32|         64|
    |acc_2043_reg_4465          |    9|          2|   32|         64|
    |acc_2044_reg_4455          |    9|          2|   32|         64|
    |acc_2045_reg_4445          |    9|          2|   32|         64|
    |acc_2046_reg_4435          |    9|          2|   32|         64|
    |acc_512_fu_2342            |    9|          2|   32|         64|
    |acc_513_fu_2346            |    9|          2|   32|         64|
    |acc_514_fu_2350            |    9|          2|   32|         64|
    |acc_515_fu_2354            |    9|          2|   32|         64|
    |acc_516_fu_2358            |    9|          2|   32|         64|
    |acc_517_fu_2362            |    9|          2|   32|         64|
    |acc_518_fu_2366            |    9|          2|   32|         64|
    |acc_519_fu_2370            |    9|          2|   32|         64|
    |acc_520_fu_2374            |    9|          2|   32|         64|
    |acc_521_fu_2378            |    9|          2|   32|         64|
    |acc_522_fu_2382            |    9|          2|   32|         64|
    |acc_523_fu_2386            |    9|          2|   32|         64|
    |acc_524_fu_2390            |    9|          2|   32|         64|
    |acc_525_fu_2394            |    9|          2|   32|         64|
    |acc_526_fu_2398            |    9|          2|   32|         64|
    |acc_527_fu_2402            |    9|          2|   32|         64|
    |acc_528_fu_2406            |    9|          2|   32|         64|
    |acc_529_fu_2410            |    9|          2|   32|         64|
    |acc_530_fu_2414            |    9|          2|   32|         64|
    |acc_531_fu_2418            |    9|          2|   32|         64|
    |acc_532_fu_2422            |    9|          2|   32|         64|
    |acc_533_fu_2426            |    9|          2|   32|         64|
    |acc_534_fu_2430            |    9|          2|   32|         64|
    |acc_535_fu_2434            |    9|          2|   32|         64|
    |acc_536_fu_2438            |    9|          2|   32|         64|
    |acc_537_fu_2442            |    9|          2|   32|         64|
    |acc_538_fu_2446            |    9|          2|   32|         64|
    |acc_539_fu_2450            |    9|          2|   32|         64|
    |acc_540_fu_2454            |    9|          2|   32|         64|
    |acc_541_fu_2458            |    9|          2|   32|         64|
    |acc_542_fu_2462            |    9|          2|   32|         64|
    |acc_543_fu_2466            |    9|          2|   32|         64|
    |acc_544_fu_2470            |    9|          2|   32|         64|
    |acc_545_fu_2474            |    9|          2|   32|         64|
    |acc_546_fu_2478            |    9|          2|   32|         64|
    |acc_547_fu_2482            |    9|          2|   32|         64|
    |acc_548_fu_2486            |    9|          2|   32|         64|
    |acc_549_fu_2490            |    9|          2|   32|         64|
    |acc_550_fu_2494            |    9|          2|   32|         64|
    |acc_551_fu_2498            |    9|          2|   32|         64|
    |acc_552_fu_2502            |    9|          2|   32|         64|
    |acc_553_fu_2506            |    9|          2|   32|         64|
    |acc_554_fu_2510            |    9|          2|   32|         64|
    |acc_555_fu_2514            |    9|          2|   32|         64|
    |acc_556_fu_2518            |    9|          2|   32|         64|
    |acc_557_fu_2522            |    9|          2|   32|         64|
    |acc_558_fu_2526            |    9|          2|   32|         64|
    |acc_559_fu_2530            |    9|          2|   32|         64|
    |acc_560_fu_2534            |    9|          2|   32|         64|
    |acc_561_fu_2538            |    9|          2|   32|         64|
    |acc_562_fu_2542            |    9|          2|   32|         64|
    |acc_563_fu_2546            |    9|          2|   32|         64|
    |acc_564_fu_2550            |    9|          2|   32|         64|
    |acc_565_fu_2554            |    9|          2|   32|         64|
    |acc_566_fu_2558            |    9|          2|   32|         64|
    |acc_567_fu_2562            |    9|          2|   32|         64|
    |acc_568_fu_2566            |    9|          2|   32|         64|
    |acc_569_fu_2570            |    9|          2|   32|         64|
    |acc_570_fu_2574            |    9|          2|   32|         64|
    |acc_571_fu_2578            |    9|          2|   32|         64|
    |acc_572_fu_2582            |    9|          2|   32|         64|
    |acc_573_fu_2586            |    9|          2|   32|         64|
    |acc_574_fu_2590            |    9|          2|   32|         64|
    |acc_575_fu_2594            |    9|          2|   32|         64|
    |acc_576_fu_2598            |    9|          2|   32|         64|
    |acc_577_fu_2602            |    9|          2|   32|         64|
    |acc_578_fu_2606            |    9|          2|   32|         64|
    |acc_579_fu_2610            |    9|          2|   32|         64|
    |acc_580_fu_2614            |    9|          2|   32|         64|
    |acc_581_fu_2618            |    9|          2|   32|         64|
    |acc_582_fu_2622            |    9|          2|   32|         64|
    |acc_583_fu_2626            |    9|          2|   32|         64|
    |acc_584_fu_2630            |    9|          2|   32|         64|
    |acc_585_fu_2634            |    9|          2|   32|         64|
    |acc_586_fu_2638            |    9|          2|   32|         64|
    |acc_587_fu_2642            |    9|          2|   32|         64|
    |acc_588_fu_2646            |    9|          2|   32|         64|
    |acc_589_fu_2650            |    9|          2|   32|         64|
    |acc_590_fu_2654            |    9|          2|   32|         64|
    |acc_591_fu_2658            |    9|          2|   32|         64|
    |acc_592_fu_2662            |    9|          2|   32|         64|
    |acc_593_fu_2666            |    9|          2|   32|         64|
    |acc_594_fu_2670            |    9|          2|   32|         64|
    |acc_595_fu_2674            |    9|          2|   32|         64|
    |acc_596_fu_2678            |    9|          2|   32|         64|
    |acc_597_fu_2682            |    9|          2|   32|         64|
    |acc_598_fu_2686            |    9|          2|   32|         64|
    |acc_599_fu_2690            |    9|          2|   32|         64|
    |acc_600_fu_2694            |    9|          2|   32|         64|
    |acc_601_fu_2698            |    9|          2|   32|         64|
    |acc_602_fu_2702            |    9|          2|   32|         64|
    |acc_603_fu_2706            |    9|          2|   32|         64|
    |acc_604_fu_2710            |    9|          2|   32|         64|
    |acc_605_fu_2714            |    9|          2|   32|         64|
    |acc_606_fu_2718            |    9|          2|   32|         64|
    |acc_607_fu_2722            |    9|          2|   32|         64|
    |acc_608_fu_2726            |    9|          2|   32|         64|
    |acc_609_fu_2730            |    9|          2|   32|         64|
    |acc_610_fu_2734            |    9|          2|   32|         64|
    |acc_611_fu_2738            |    9|          2|   32|         64|
    |acc_612_fu_2742            |    9|          2|   32|         64|
    |acc_613_fu_2746            |    9|          2|   32|         64|
    |acc_614_fu_2750            |    9|          2|   32|         64|
    |acc_615_fu_2754            |    9|          2|   32|         64|
    |acc_616_fu_2758            |    9|          2|   32|         64|
    |acc_617_fu_2762            |    9|          2|   32|         64|
    |acc_618_fu_2766            |    9|          2|   32|         64|
    |acc_619_fu_2770            |    9|          2|   32|         64|
    |acc_620_fu_2774            |    9|          2|   32|         64|
    |acc_621_fu_2778            |    9|          2|   32|         64|
    |acc_622_fu_2782            |    9|          2|   32|         64|
    |acc_623_fu_2786            |    9|          2|   32|         64|
    |acc_624_fu_2790            |    9|          2|   32|         64|
    |acc_625_fu_2794            |    9|          2|   32|         64|
    |acc_626_fu_2798            |    9|          2|   32|         64|
    |acc_627_fu_2802            |    9|          2|   32|         64|
    |acc_628_fu_2806            |    9|          2|   32|         64|
    |acc_629_fu_2810            |    9|          2|   32|         64|
    |acc_630_fu_2814            |    9|          2|   32|         64|
    |acc_631_fu_2818            |    9|          2|   32|         64|
    |acc_632_fu_2822            |    9|          2|   32|         64|
    |acc_633_fu_2826            |    9|          2|   32|         64|
    |acc_634_fu_2830            |    9|          2|   32|         64|
    |acc_635_fu_2834            |    9|          2|   32|         64|
    |acc_636_fu_2838            |    9|          2|   32|         64|
    |acc_637_fu_2842            |    9|          2|   32|         64|
    |acc_638_fu_2846            |    9|          2|   32|         64|
    |acc_639_fu_2850            |    9|          2|   32|         64|
    |acc_640_fu_2854            |    9|          2|   32|         64|
    |acc_641_fu_2858            |    9|          2|   32|         64|
    |acc_642_fu_2862            |    9|          2|   32|         64|
    |acc_643_fu_2866            |    9|          2|   32|         64|
    |acc_644_fu_2870            |    9|          2|   32|         64|
    |acc_645_fu_2874            |    9|          2|   32|         64|
    |acc_646_fu_2878            |    9|          2|   32|         64|
    |acc_647_fu_2882            |    9|          2|   32|         64|
    |acc_648_fu_2886            |    9|          2|   32|         64|
    |acc_649_fu_2890            |    9|          2|   32|         64|
    |acc_650_fu_2894            |    9|          2|   32|         64|
    |acc_651_fu_2898            |    9|          2|   32|         64|
    |acc_652_fu_2902            |    9|          2|   32|         64|
    |acc_653_fu_2906            |    9|          2|   32|         64|
    |acc_654_fu_2910            |    9|          2|   32|         64|
    |acc_655_fu_2914            |    9|          2|   32|         64|
    |acc_656_fu_2918            |    9|          2|   32|         64|
    |acc_657_fu_2922            |    9|          2|   32|         64|
    |acc_658_fu_2926            |    9|          2|   32|         64|
    |acc_659_fu_2930            |    9|          2|   32|         64|
    |acc_660_fu_2934            |    9|          2|   32|         64|
    |acc_661_fu_2938            |    9|          2|   32|         64|
    |acc_662_fu_2942            |    9|          2|   32|         64|
    |acc_663_fu_2946            |    9|          2|   32|         64|
    |acc_664_fu_2950            |    9|          2|   32|         64|
    |acc_665_fu_2954            |    9|          2|   32|         64|
    |acc_666_fu_2958            |    9|          2|   32|         64|
    |acc_667_fu_2962            |    9|          2|   32|         64|
    |acc_668_fu_2966            |    9|          2|   32|         64|
    |acc_669_fu_2970            |    9|          2|   32|         64|
    |acc_670_fu_2974            |    9|          2|   32|         64|
    |acc_671_fu_2978            |    9|          2|   32|         64|
    |acc_672_fu_2982            |    9|          2|   32|         64|
    |acc_673_fu_2986            |    9|          2|   32|         64|
    |acc_674_fu_2990            |    9|          2|   32|         64|
    |acc_675_fu_2994            |    9|          2|   32|         64|
    |acc_676_fu_2998            |    9|          2|   32|         64|
    |acc_677_fu_3002            |    9|          2|   32|         64|
    |acc_678_fu_3006            |    9|          2|   32|         64|
    |acc_679_fu_3010            |    9|          2|   32|         64|
    |acc_680_fu_3014            |    9|          2|   32|         64|
    |acc_681_fu_3018            |    9|          2|   32|         64|
    |acc_682_fu_3022            |    9|          2|   32|         64|
    |acc_683_fu_3026            |    9|          2|   32|         64|
    |acc_684_fu_3030            |    9|          2|   32|         64|
    |acc_685_fu_3034            |    9|          2|   32|         64|
    |acc_686_fu_3038            |    9|          2|   32|         64|
    |acc_687_fu_3042            |    9|          2|   32|         64|
    |acc_688_fu_3046            |    9|          2|   32|         64|
    |acc_689_fu_3050            |    9|          2|   32|         64|
    |acc_690_fu_3054            |    9|          2|   32|         64|
    |acc_691_fu_3058            |    9|          2|   32|         64|
    |acc_692_fu_3062            |    9|          2|   32|         64|
    |acc_693_fu_3066            |    9|          2|   32|         64|
    |acc_694_fu_3070            |    9|          2|   32|         64|
    |acc_695_fu_3074            |    9|          2|   32|         64|
    |acc_696_fu_3078            |    9|          2|   32|         64|
    |acc_697_fu_3082            |    9|          2|   32|         64|
    |acc_698_fu_3086            |    9|          2|   32|         64|
    |acc_699_fu_3090            |    9|          2|   32|         64|
    |acc_700_fu_3094            |    9|          2|   32|         64|
    |acc_701_fu_3098            |    9|          2|   32|         64|
    |acc_702_fu_3102            |    9|          2|   32|         64|
    |acc_703_fu_3106            |    9|          2|   32|         64|
    |acc_704_fu_3110            |    9|          2|   32|         64|
    |acc_705_fu_3114            |    9|          2|   32|         64|
    |acc_706_fu_3118            |    9|          2|   32|         64|
    |acc_707_fu_3122            |    9|          2|   32|         64|
    |acc_708_fu_3126            |    9|          2|   32|         64|
    |acc_709_fu_3130            |    9|          2|   32|         64|
    |acc_710_fu_3134            |    9|          2|   32|         64|
    |acc_711_fu_3138            |    9|          2|   32|         64|
    |acc_712_fu_3142            |    9|          2|   32|         64|
    |acc_713_fu_3146            |    9|          2|   32|         64|
    |acc_714_fu_3150            |    9|          2|   32|         64|
    |acc_715_fu_3154            |    9|          2|   32|         64|
    |acc_716_fu_3158            |    9|          2|   32|         64|
    |acc_717_fu_3162            |    9|          2|   32|         64|
    |acc_718_fu_3166            |    9|          2|   32|         64|
    |acc_719_fu_3170            |    9|          2|   32|         64|
    |acc_720_fu_3174            |    9|          2|   32|         64|
    |acc_721_fu_3178            |    9|          2|   32|         64|
    |acc_722_fu_3182            |    9|          2|   32|         64|
    |acc_723_fu_3186            |    9|          2|   32|         64|
    |acc_724_fu_3190            |    9|          2|   32|         64|
    |acc_725_fu_3194            |    9|          2|   32|         64|
    |acc_726_fu_3198            |    9|          2|   32|         64|
    |acc_727_fu_3202            |    9|          2|   32|         64|
    |acc_728_fu_3206            |    9|          2|   32|         64|
    |acc_729_fu_3210            |    9|          2|   32|         64|
    |acc_730_fu_3214            |    9|          2|   32|         64|
    |acc_731_fu_3218            |    9|          2|   32|         64|
    |acc_732_fu_3222            |    9|          2|   32|         64|
    |acc_733_fu_3226            |    9|          2|   32|         64|
    |acc_734_fu_3230            |    9|          2|   32|         64|
    |acc_735_fu_3234            |    9|          2|   32|         64|
    |acc_736_fu_3238            |    9|          2|   32|         64|
    |acc_737_fu_3242            |    9|          2|   32|         64|
    |acc_738_fu_3246            |    9|          2|   32|         64|
    |acc_739_fu_3250            |    9|          2|   32|         64|
    |acc_740_fu_3254            |    9|          2|   32|         64|
    |acc_741_fu_3258            |    9|          2|   32|         64|
    |acc_742_fu_3262            |    9|          2|   32|         64|
    |acc_743_fu_3266            |    9|          2|   32|         64|
    |acc_744_fu_3270            |    9|          2|   32|         64|
    |acc_745_fu_3274            |    9|          2|   32|         64|
    |acc_746_fu_3278            |    9|          2|   32|         64|
    |acc_747_fu_3282            |    9|          2|   32|         64|
    |acc_748_fu_3286            |    9|          2|   32|         64|
    |acc_749_fu_3290            |    9|          2|   32|         64|
    |acc_750_fu_3294            |    9|          2|   32|         64|
    |acc_751_fu_3298            |    9|          2|   32|         64|
    |acc_752_fu_3302            |    9|          2|   32|         64|
    |acc_753_fu_3306            |    9|          2|   32|         64|
    |acc_754_fu_3310            |    9|          2|   32|         64|
    |acc_755_fu_3314            |    9|          2|   32|         64|
    |acc_756_fu_3318            |    9|          2|   32|         64|
    |acc_757_fu_3322            |    9|          2|   32|         64|
    |acc_758_fu_3326            |    9|          2|   32|         64|
    |acc_759_fu_3330            |    9|          2|   32|         64|
    |acc_760_fu_3334            |    9|          2|   32|         64|
    |acc_761_fu_3338            |    9|          2|   32|         64|
    |acc_762_fu_3342            |    9|          2|   32|         64|
    |acc_763_fu_3346            |    9|          2|   32|         64|
    |acc_764_fu_3350            |    9|          2|   32|         64|
    |acc_765_fu_3354            |    9|          2|   32|         64|
    |acc_766_fu_3358            |    9|          2|   32|         64|
    |acc_767_fu_3362            |    9|          2|   32|         64|
    |acc_768_fu_3366            |    9|          2|   32|         64|
    |acc_769_fu_3370            |    9|          2|   32|         64|
    |acc_770_fu_3374            |    9|          2|   32|         64|
    |acc_771_fu_3378            |    9|          2|   32|         64|
    |acc_772_fu_3382            |    9|          2|   32|         64|
    |acc_773_fu_3386            |    9|          2|   32|         64|
    |acc_774_fu_3390            |    9|          2|   32|         64|
    |acc_775_fu_3394            |    9|          2|   32|         64|
    |acc_776_fu_3398            |    9|          2|   32|         64|
    |acc_777_fu_3402            |    9|          2|   32|         64|
    |acc_778_fu_3406            |    9|          2|   32|         64|
    |acc_779_fu_3410            |    9|          2|   32|         64|
    |acc_780_fu_3414            |    9|          2|   32|         64|
    |acc_781_fu_3418            |    9|          2|   32|         64|
    |acc_782_fu_3422            |    9|          2|   32|         64|
    |acc_783_fu_3426            |    9|          2|   32|         64|
    |acc_784_fu_3430            |    9|          2|   32|         64|
    |acc_785_fu_3434            |    9|          2|   32|         64|
    |acc_786_fu_3438            |    9|          2|   32|         64|
    |acc_787_fu_3442            |    9|          2|   32|         64|
    |acc_788_fu_3446            |    9|          2|   32|         64|
    |acc_789_fu_3450            |    9|          2|   32|         64|
    |acc_790_fu_3454            |    9|          2|   32|         64|
    |acc_791_fu_3458            |    9|          2|   32|         64|
    |acc_792_fu_3462            |    9|          2|   32|         64|
    |acc_793_fu_3466            |    9|          2|   32|         64|
    |acc_794_fu_3470            |    9|          2|   32|         64|
    |acc_795_fu_3474            |    9|          2|   32|         64|
    |acc_796_fu_3478            |    9|          2|   32|         64|
    |acc_797_fu_3482            |    9|          2|   32|         64|
    |acc_798_fu_3486            |    9|          2|   32|         64|
    |acc_799_fu_3490            |    9|          2|   32|         64|
    |acc_800_fu_3494            |    9|          2|   32|         64|
    |acc_801_fu_3498            |    9|          2|   32|         64|
    |acc_802_fu_3502            |    9|          2|   32|         64|
    |acc_803_fu_3506            |    9|          2|   32|         64|
    |acc_804_fu_3510            |    9|          2|   32|         64|
    |acc_805_fu_3514            |    9|          2|   32|         64|
    |acc_806_fu_3518            |    9|          2|   32|         64|
    |acc_807_fu_3522            |    9|          2|   32|         64|
    |acc_808_fu_3526            |    9|          2|   32|         64|
    |acc_809_fu_3530            |    9|          2|   32|         64|
    |acc_810_fu_3534            |    9|          2|   32|         64|
    |acc_811_fu_3538            |    9|          2|   32|         64|
    |acc_812_fu_3542            |    9|          2|   32|         64|
    |acc_813_fu_3546            |    9|          2|   32|         64|
    |acc_814_fu_3550            |    9|          2|   32|         64|
    |acc_815_fu_3554            |    9|          2|   32|         64|
    |acc_816_fu_3558            |    9|          2|   32|         64|
    |acc_817_fu_3562            |    9|          2|   32|         64|
    |acc_818_fu_3566            |    9|          2|   32|         64|
    |acc_819_fu_3570            |    9|          2|   32|         64|
    |acc_820_fu_3574            |    9|          2|   32|         64|
    |acc_821_fu_3578            |    9|          2|   32|         64|
    |acc_822_fu_3582            |    9|          2|   32|         64|
    |acc_823_fu_3586            |    9|          2|   32|         64|
    |acc_824_fu_3590            |    9|          2|   32|         64|
    |acc_825_fu_3594            |    9|          2|   32|         64|
    |acc_826_fu_3598            |    9|          2|   32|         64|
    |acc_827_fu_3602            |    9|          2|   32|         64|
    |acc_828_fu_3606            |    9|          2|   32|         64|
    |acc_829_fu_3610            |    9|          2|   32|         64|
    |acc_830_fu_3614            |    9|          2|   32|         64|
    |acc_831_fu_3618            |    9|          2|   32|         64|
    |acc_832_fu_3622            |    9|          2|   32|         64|
    |acc_833_fu_3626            |    9|          2|   32|         64|
    |acc_834_fu_3630            |    9|          2|   32|         64|
    |acc_835_fu_3634            |    9|          2|   32|         64|
    |acc_836_fu_3638            |    9|          2|   32|         64|
    |acc_837_fu_3642            |    9|          2|   32|         64|
    |acc_838_fu_3646            |    9|          2|   32|         64|
    |acc_839_fu_3650            |    9|          2|   32|         64|
    |acc_840_fu_3654            |    9|          2|   32|         64|
    |acc_841_fu_3658            |    9|          2|   32|         64|
    |acc_842_fu_3662            |    9|          2|   32|         64|
    |acc_843_fu_3666            |    9|          2|   32|         64|
    |acc_844_fu_3670            |    9|          2|   32|         64|
    |acc_845_fu_3674            |    9|          2|   32|         64|
    |acc_846_fu_3678            |    9|          2|   32|         64|
    |acc_847_fu_3682            |    9|          2|   32|         64|
    |acc_848_fu_3686            |    9|          2|   32|         64|
    |acc_849_fu_3690            |    9|          2|   32|         64|
    |acc_850_fu_3694            |    9|          2|   32|         64|
    |acc_851_fu_3698            |    9|          2|   32|         64|
    |acc_852_fu_3702            |    9|          2|   32|         64|
    |acc_853_fu_3706            |    9|          2|   32|         64|
    |acc_854_fu_3710            |    9|          2|   32|         64|
    |acc_855_fu_3714            |    9|          2|   32|         64|
    |acc_856_fu_3718            |    9|          2|   32|         64|
    |acc_857_fu_3722            |    9|          2|   32|         64|
    |acc_858_fu_3726            |    9|          2|   32|         64|
    |acc_859_fu_3730            |    9|          2|   32|         64|
    |acc_860_fu_3734            |    9|          2|   32|         64|
    |acc_861_fu_3738            |    9|          2|   32|         64|
    |acc_862_fu_3742            |    9|          2|   32|         64|
    |acc_863_fu_3746            |    9|          2|   32|         64|
    |acc_864_fu_3750            |    9|          2|   32|         64|
    |acc_865_fu_3754            |    9|          2|   32|         64|
    |acc_866_fu_3758            |    9|          2|   32|         64|
    |acc_867_fu_3762            |    9|          2|   32|         64|
    |acc_868_fu_3766            |    9|          2|   32|         64|
    |acc_869_fu_3770            |    9|          2|   32|         64|
    |acc_870_fu_3774            |    9|          2|   32|         64|
    |acc_871_fu_3778            |    9|          2|   32|         64|
    |acc_872_fu_3782            |    9|          2|   32|         64|
    |acc_873_fu_3786            |    9|          2|   32|         64|
    |acc_874_fu_3790            |    9|          2|   32|         64|
    |acc_875_fu_3794            |    9|          2|   32|         64|
    |acc_876_fu_3798            |    9|          2|   32|         64|
    |acc_877_fu_3802            |    9|          2|   32|         64|
    |acc_878_fu_3806            |    9|          2|   32|         64|
    |acc_879_fu_3810            |    9|          2|   32|         64|
    |acc_880_fu_3814            |    9|          2|   32|         64|
    |acc_881_fu_3818            |    9|          2|   32|         64|
    |acc_882_fu_3822            |    9|          2|   32|         64|
    |acc_883_fu_3826            |    9|          2|   32|         64|
    |acc_884_fu_3830            |    9|          2|   32|         64|
    |acc_885_fu_3834            |    9|          2|   32|         64|
    |acc_886_fu_3838            |    9|          2|   32|         64|
    |acc_887_fu_3842            |    9|          2|   32|         64|
    |acc_888_fu_3846            |    9|          2|   32|         64|
    |acc_889_fu_3850            |    9|          2|   32|         64|
    |acc_890_fu_3854            |    9|          2|   32|         64|
    |acc_891_fu_3858            |    9|          2|   32|         64|
    |acc_892_fu_3862            |    9|          2|   32|         64|
    |acc_893_fu_3866            |    9|          2|   32|         64|
    |acc_894_fu_3870            |    9|          2|   32|         64|
    |acc_895_fu_3874            |    9|          2|   32|         64|
    |acc_896_fu_3878            |    9|          2|   32|         64|
    |acc_897_fu_3882            |    9|          2|   32|         64|
    |acc_898_fu_3886            |    9|          2|   32|         64|
    |acc_899_fu_3890            |    9|          2|   32|         64|
    |acc_900_fu_3894            |    9|          2|   32|         64|
    |acc_901_fu_3898            |    9|          2|   32|         64|
    |acc_902_fu_3902            |    9|          2|   32|         64|
    |acc_903_fu_3906            |    9|          2|   32|         64|
    |acc_904_fu_3910            |    9|          2|   32|         64|
    |acc_905_fu_3914            |    9|          2|   32|         64|
    |acc_906_fu_3918            |    9|          2|   32|         64|
    |acc_907_fu_3922            |    9|          2|   32|         64|
    |acc_908_fu_3926            |    9|          2|   32|         64|
    |acc_909_fu_3930            |    9|          2|   32|         64|
    |acc_910_fu_3934            |    9|          2|   32|         64|
    |acc_911_fu_3938            |    9|          2|   32|         64|
    |acc_912_fu_3942            |    9|          2|   32|         64|
    |acc_913_fu_3946            |    9|          2|   32|         64|
    |acc_914_fu_3950            |    9|          2|   32|         64|
    |acc_915_fu_3954            |    9|          2|   32|         64|
    |acc_916_fu_3958            |    9|          2|   32|         64|
    |acc_917_fu_3962            |    9|          2|   32|         64|
    |acc_918_fu_3966            |    9|          2|   32|         64|
    |acc_919_fu_3970            |    9|          2|   32|         64|
    |acc_920_fu_3974            |    9|          2|   32|         64|
    |acc_921_fu_3978            |    9|          2|   32|         64|
    |acc_922_fu_3982            |    9|          2|   32|         64|
    |acc_923_fu_3986            |    9|          2|   32|         64|
    |acc_924_fu_3990            |    9|          2|   32|         64|
    |acc_925_fu_3994            |    9|          2|   32|         64|
    |acc_926_fu_3998            |    9|          2|   32|         64|
    |acc_927_fu_4002            |    9|          2|   32|         64|
    |acc_928_fu_4006            |    9|          2|   32|         64|
    |acc_929_fu_4010            |    9|          2|   32|         64|
    |acc_930_fu_4014            |    9|          2|   32|         64|
    |acc_931_fu_4018            |    9|          2|   32|         64|
    |acc_932_fu_4022            |    9|          2|   32|         64|
    |acc_933_fu_4026            |    9|          2|   32|         64|
    |acc_934_fu_4030            |    9|          2|   32|         64|
    |acc_935_fu_4034            |    9|          2|   32|         64|
    |acc_936_fu_4038            |    9|          2|   32|         64|
    |acc_937_fu_4042            |    9|          2|   32|         64|
    |acc_938_fu_4046            |    9|          2|   32|         64|
    |acc_939_fu_4050            |    9|          2|   32|         64|
    |acc_940_fu_4054            |    9|          2|   32|         64|
    |acc_941_fu_4058            |    9|          2|   32|         64|
    |acc_942_fu_4062            |    9|          2|   32|         64|
    |acc_943_fu_4066            |    9|          2|   32|         64|
    |acc_944_fu_4070            |    9|          2|   32|         64|
    |acc_945_fu_4074            |    9|          2|   32|         64|
    |acc_946_fu_4078            |    9|          2|   32|         64|
    |acc_947_fu_4082            |    9|          2|   32|         64|
    |acc_948_fu_4086            |    9|          2|   32|         64|
    |acc_949_fu_4090            |    9|          2|   32|         64|
    |acc_950_fu_4094            |    9|          2|   32|         64|
    |acc_951_fu_4098            |    9|          2|   32|         64|
    |acc_952_fu_4102            |    9|          2|   32|         64|
    |acc_953_fu_4106            |    9|          2|   32|         64|
    |acc_954_fu_4110            |    9|          2|   32|         64|
    |acc_955_fu_4114            |    9|          2|   32|         64|
    |acc_956_fu_4118            |    9|          2|   32|         64|
    |acc_957_fu_4122            |    9|          2|   32|         64|
    |acc_958_fu_4126            |    9|          2|   32|         64|
    |acc_959_fu_4130            |    9|          2|   32|         64|
    |acc_960_fu_4134            |    9|          2|   32|         64|
    |acc_961_fu_4138            |    9|          2|   32|         64|
    |acc_962_fu_4142            |    9|          2|   32|         64|
    |acc_963_fu_4146            |    9|          2|   32|         64|
    |acc_964_fu_4150            |    9|          2|   32|         64|
    |acc_965_fu_4154            |    9|          2|   32|         64|
    |acc_966_fu_4158            |    9|          2|   32|         64|
    |acc_967_fu_4162            |    9|          2|   32|         64|
    |acc_968_fu_4166            |    9|          2|   32|         64|
    |acc_969_fu_4170            |    9|          2|   32|         64|
    |acc_970_fu_4174            |    9|          2|   32|         64|
    |acc_971_fu_4178            |    9|          2|   32|         64|
    |acc_972_fu_4182            |    9|          2|   32|         64|
    |acc_973_fu_4186            |    9|          2|   32|         64|
    |acc_974_fu_4190            |    9|          2|   32|         64|
    |acc_975_fu_4194            |    9|          2|   32|         64|
    |acc_976_fu_4198            |    9|          2|   32|         64|
    |acc_977_fu_4202            |    9|          2|   32|         64|
    |acc_978_fu_4206            |    9|          2|   32|         64|
    |acc_979_fu_4210            |    9|          2|   32|         64|
    |acc_980_fu_4214            |    9|          2|   32|         64|
    |acc_981_fu_4218            |    9|          2|   32|         64|
    |acc_982_fu_4222            |    9|          2|   32|         64|
    |acc_983_fu_4226            |    9|          2|   32|         64|
    |acc_984_fu_4230            |    9|          2|   32|         64|
    |acc_985_fu_4234            |    9|          2|   32|         64|
    |acc_986_fu_4238            |    9|          2|   32|         64|
    |acc_987_fu_4242            |    9|          2|   32|         64|
    |acc_988_fu_4246            |    9|          2|   32|         64|
    |acc_989_fu_4250            |    9|          2|   32|         64|
    |acc_990_fu_4254            |    9|          2|   32|         64|
    |acc_991_fu_4258            |    9|          2|   32|         64|
    |acc_992_fu_4262            |    9|          2|   32|         64|
    |acc_993_fu_4266            |    9|          2|   32|         64|
    |acc_994_fu_4270            |    9|          2|   32|         64|
    |acc_995_fu_4274            |    9|          2|   32|         64|
    |acc_996_fu_4278            |    9|          2|   32|         64|
    |acc_997_fu_4282            |    9|          2|   32|         64|
    |acc_998_fu_4286            |    9|          2|   32|         64|
    |acc_999_fu_4290            |    9|          2|   32|         64|
    |acc_fu_2338                |    9|          2|   32|         64|
    |ap_NS_fsm                  |  123|         25|    1|         25|
    |gmem_out_AWADDR            |   14|          3|   64|        192|
    |gmem_out_AWLEN             |   14|          3|   32|         96|
    |gmem_out_AWVALID           |   14|          3|    1|          3|
    |gmem_out_BREADY            |   14|          3|    1|          3|
    |gmem_out_WVALID            |    9|          2|    1|          2|
    |gmem_out_blk_n_AW          |    9|          2|    1|          2|
    |gmem_out_blk_n_B           |    9|          2|    1|          2|
    |gmem_v_ARADDR              |   14|          3|   64|        192|
    |gmem_v_ARLEN               |   14|          3|   32|         96|
    |gmem_v_ARVALID             |   14|          3|    1|          3|
    |gmem_v_RREADY              |    9|          2|    1|          2|
    |gmem_v_blk_n_AR            |    9|          2|    1|          2|
    |gmem_weights_ARVALID       |    9|          2|    1|          2|
    |gmem_weights_RREADY        |    9|          2|    1|          2|
    |indvars_iv1992_fu_2334     |    9|          2|   26|         52|
    |key_base_fu_2330           |    9|          2|   32|         64|
    |v_local_10_address0        |   14|          3|    8|         24|
    |v_local_10_ce0             |   14|          3|    1|          3|
    |v_local_10_ce1             |    9|          2|    1|          2|
    |v_local_10_we0             |    9|          2|    1|          2|
    |v_local_11_address0        |   14|          3|    8|         24|
    |v_local_11_ce0             |   14|          3|    1|          3|
    |v_local_11_ce1             |    9|          2|    1|          2|
    |v_local_11_we0             |    9|          2|    1|          2|
    |v_local_12_address0        |   14|          3|    8|         24|
    |v_local_12_ce0             |   14|          3|    1|          3|
    |v_local_12_ce1             |    9|          2|    1|          2|
    |v_local_12_we0             |    9|          2|    1|          2|
    |v_local_13_address0        |   14|          3|    8|         24|
    |v_local_13_ce0             |   14|          3|    1|          3|
    |v_local_13_ce1             |    9|          2|    1|          2|
    |v_local_13_we0             |    9|          2|    1|          2|
    |v_local_14_address0        |   14|          3|    8|         24|
    |v_local_14_ce0             |   14|          3|    1|          3|
    |v_local_14_ce1             |    9|          2|    1|          2|
    |v_local_14_we0             |    9|          2|    1|          2|
    |v_local_15_address0        |   14|          3|    8|         24|
    |v_local_15_ce0             |   14|          3|    1|          3|
    |v_local_15_ce1             |    9|          2|    1|          2|
    |v_local_15_we0             |    9|          2|    1|          2|
    |v_local_1_address0         |   14|          3|    8|         24|
    |v_local_1_ce0              |   14|          3|    1|          3|
    |v_local_1_ce1              |    9|          2|    1|          2|
    |v_local_1_we0              |    9|          2|    1|          2|
    |v_local_2_address0         |   14|          3|    8|         24|
    |v_local_2_ce0              |   14|          3|    1|          3|
    |v_local_2_ce1              |    9|          2|    1|          2|
    |v_local_2_we0              |    9|          2|    1|          2|
    |v_local_3_address0         |   14|          3|    8|         24|
    |v_local_3_ce0              |   14|          3|    1|          3|
    |v_local_3_ce1              |    9|          2|    1|          2|
    |v_local_3_we0              |    9|          2|    1|          2|
    |v_local_4_address0         |   14|          3|    8|         24|
    |v_local_4_ce0              |   14|          3|    1|          3|
    |v_local_4_ce1              |    9|          2|    1|          2|
    |v_local_4_we0              |    9|          2|    1|          2|
    |v_local_5_address0         |   14|          3|    8|         24|
    |v_local_5_ce0              |   14|          3|    1|          3|
    |v_local_5_ce1              |    9|          2|    1|          2|
    |v_local_5_we0              |    9|          2|    1|          2|
    |v_local_6_address0         |   14|          3|    8|         24|
    |v_local_6_ce0              |   14|          3|    1|          3|
    |v_local_6_ce1              |    9|          2|    1|          2|
    |v_local_6_we0              |    9|          2|    1|          2|
    |v_local_7_address0         |   14|          3|    8|         24|
    |v_local_7_ce0              |   14|          3|    1|          3|
    |v_local_7_ce1              |    9|          2|    1|          2|
    |v_local_7_we0              |    9|          2|    1|          2|
    |v_local_8_address0         |   14|          3|    8|         24|
    |v_local_8_ce0              |   14|          3|    1|          3|
    |v_local_8_ce1              |    9|          2|    1|          2|
    |v_local_8_we0              |    9|          2|    1|          2|
    |v_local_9_address0         |   14|          3|    8|         24|
    |v_local_9_ce0              |   14|          3|    1|          3|
    |v_local_9_ce1              |    9|          2|    1|          2|
    |v_local_9_we0              |    9|          2|    1|          2|
    |v_local_address0           |   14|          3|    8|         24|
    |v_local_ce0                |   14|          3|    1|          3|
    |v_local_ce1                |    9|          2|    1|          2|
    |v_local_we0                |    9|          2|    1|          2|
    |weights_local_10_address0  |   14|          3|    5|         15|
    |weights_local_10_ce0       |   14|          3|    1|          3|
    |weights_local_10_ce1       |    9|          2|    1|          2|
    |weights_local_10_we0       |    9|          2|    1|          2|
    |weights_local_11_address0  |   14|          3|    5|         15|
    |weights_local_11_ce0       |   14|          3|    1|          3|
    |weights_local_11_ce1       |    9|          2|    1|          2|
    |weights_local_11_we0       |    9|          2|    1|          2|
    |weights_local_12_address0  |   14|          3|    5|         15|
    |weights_local_12_ce0       |   14|          3|    1|          3|
    |weights_local_12_ce1       |    9|          2|    1|          2|
    |weights_local_12_we0       |    9|          2|    1|          2|
    |weights_local_13_address0  |   14|          3|    5|         15|
    |weights_local_13_ce0       |   14|          3|    1|          3|
    |weights_local_13_ce1       |    9|          2|    1|          2|
    |weights_local_13_we0       |    9|          2|    1|          2|
    |weights_local_14_address0  |   14|          3|    5|         15|
    |weights_local_14_ce0       |   14|          3|    1|          3|
    |weights_local_14_ce1       |    9|          2|    1|          2|
    |weights_local_14_we0       |    9|          2|    1|          2|
    |weights_local_15_address0  |   14|          3|    5|         15|
    |weights_local_15_ce0       |   14|          3|    1|          3|
    |weights_local_15_ce1       |    9|          2|    1|          2|
    |weights_local_15_we0       |    9|          2|    1|          2|
    |weights_local_1_address0   |   14|          3|    5|         15|
    |weights_local_1_ce0        |   14|          3|    1|          3|
    |weights_local_1_ce1        |    9|          2|    1|          2|
    |weights_local_1_we0        |    9|          2|    1|          2|
    |weights_local_2_address0   |   14|          3|    5|         15|
    |weights_local_2_ce0        |   14|          3|    1|          3|
    |weights_local_2_ce1        |    9|          2|    1|          2|
    |weights_local_2_we0        |    9|          2|    1|          2|
    |weights_local_3_address0   |   14|          3|    5|         15|
    |weights_local_3_ce0        |   14|          3|    1|          3|
    |weights_local_3_ce1        |    9|          2|    1|          2|
    |weights_local_3_we0        |    9|          2|    1|          2|
    |weights_local_4_address0   |   14|          3|    5|         15|
    |weights_local_4_ce0        |   14|          3|    1|          3|
    |weights_local_4_ce1        |    9|          2|    1|          2|
    |weights_local_4_we0        |    9|          2|    1|          2|
    |weights_local_5_address0   |   14|          3|    5|         15|
    |weights_local_5_ce0        |   14|          3|    1|          3|
    |weights_local_5_ce1        |    9|          2|    1|          2|
    |weights_local_5_we0        |    9|          2|    1|          2|
    |weights_local_6_address0   |   14|          3|    5|         15|
    |weights_local_6_ce0        |   14|          3|    1|          3|
    |weights_local_6_ce1        |    9|          2|    1|          2|
    |weights_local_6_we0        |    9|          2|    1|          2|
    |weights_local_7_address0   |   14|          3|    5|         15|
    |weights_local_7_ce0        |   14|          3|    1|          3|
    |weights_local_7_ce1        |    9|          2|    1|          2|
    |weights_local_7_we0        |    9|          2|    1|          2|
    |weights_local_8_address0   |   14|          3|    5|         15|
    |weights_local_8_ce0        |   14|          3|    1|          3|
    |weights_local_8_ce1        |    9|          2|    1|          2|
    |weights_local_8_we0        |    9|          2|    1|          2|
    |weights_local_9_address0   |   14|          3|    5|         15|
    |weights_local_9_ce0        |   14|          3|    1|          3|
    |weights_local_9_ce1        |    9|          2|    1|          2|
    |weights_local_9_we0        |    9|          2|    1|          2|
    |weights_local_address0     |   14|          3|    5|         15|
    |weights_local_ce0          |   14|          3|    1|          3|
    |weights_local_ce1          |    9|          2|    1|          2|
    |weights_local_we0          |    9|          2|    1|          2|
    +---------------------------+-----+-----------+-----+-----------+
    |Total                      |10990|       2432|33333|      67124|
    +---------------------------+-----+-----------+-----+-----------+

    * Register: 
    +----------------------------------------------------------------------------------------------------------+-----+----+-----+-----------+
    |                                                   Name                                                   |  FF | LUT| Bits| Const Bits|
    +----------------------------------------------------------------------------------------------------------+-----+----+-----+-----------+
    |acc_1000_fu_4294                                                                                          |   32|   0|   32|          0|
    |acc_1001_fu_4298                                                                                          |   32|   0|   32|          0|
    |acc_1002_fu_4302                                                                                          |   32|   0|   32|          0|
    |acc_1003_fu_4306                                                                                          |   32|   0|   32|          0|
    |acc_1004_fu_4310                                                                                          |   32|   0|   32|          0|
    |acc_1005_fu_4314                                                                                          |   32|   0|   32|          0|
    |acc_1006_fu_4318                                                                                          |   32|   0|   32|          0|
    |acc_1007_fu_4322                                                                                          |   32|   0|   32|          0|
    |acc_1008_fu_4326                                                                                          |   32|   0|   32|          0|
    |acc_1009_fu_4330                                                                                          |   32|   0|   32|          0|
    |acc_1010_fu_4334                                                                                          |   32|   0|   32|          0|
    |acc_1011_fu_4338                                                                                          |   32|   0|   32|          0|
    |acc_1012_fu_4342                                                                                          |   32|   0|   32|          0|
    |acc_1013_fu_4346                                                                                          |   32|   0|   32|          0|
    |acc_1014_fu_4350                                                                                          |   32|   0|   32|          0|
    |acc_1015_fu_4354                                                                                          |   32|   0|   32|          0|
    |acc_1016_fu_4358                                                                                          |   32|   0|   32|          0|
    |acc_1017_fu_4362                                                                                          |   32|   0|   32|          0|
    |acc_1018_fu_4366                                                                                          |   32|   0|   32|          0|
    |acc_1019_fu_4370                                                                                          |   32|   0|   32|          0|
    |acc_1020_fu_4374                                                                                          |   32|   0|   32|          0|
    |acc_1021_fu_4378                                                                                          |   32|   0|   32|          0|
    |acc_1022_fu_4382                                                                                          |   32|   0|   32|          0|
    |acc_1535_reg_9545                                                                                         |   32|   0|   32|          0|
    |acc_1536_reg_9535                                                                                         |   32|   0|   32|          0|
    |acc_1537_reg_9525                                                                                         |   32|   0|   32|          0|
    |acc_1538_reg_9515                                                                                         |   32|   0|   32|          0|
    |acc_1539_reg_9505                                                                                         |   32|   0|   32|          0|
    |acc_1540_reg_9495                                                                                         |   32|   0|   32|          0|
    |acc_1541_reg_9485                                                                                         |   32|   0|   32|          0|
    |acc_1542_reg_9475                                                                                         |   32|   0|   32|          0|
    |acc_1543_reg_9465                                                                                         |   32|   0|   32|          0|
    |acc_1544_reg_9455                                                                                         |   32|   0|   32|          0|
    |acc_1545_reg_9445                                                                                         |   32|   0|   32|          0|
    |acc_1546_reg_9435                                                                                         |   32|   0|   32|          0|
    |acc_1547_reg_9425                                                                                         |   32|   0|   32|          0|
    |acc_1548_reg_9415                                                                                         |   32|   0|   32|          0|
    |acc_1549_reg_9405                                                                                         |   32|   0|   32|          0|
    |acc_1550_reg_9395                                                                                         |   32|   0|   32|          0|
    |acc_1551_reg_9385                                                                                         |   32|   0|   32|          0|
    |acc_1552_reg_9375                                                                                         |   32|   0|   32|          0|
    |acc_1553_reg_9365                                                                                         |   32|   0|   32|          0|
    |acc_1554_reg_9355                                                                                         |   32|   0|   32|          0|
    |acc_1555_reg_9345                                                                                         |   32|   0|   32|          0|
    |acc_1556_reg_9335                                                                                         |   32|   0|   32|          0|
    |acc_1557_reg_9325                                                                                         |   32|   0|   32|          0|
    |acc_1558_reg_9315                                                                                         |   32|   0|   32|          0|
    |acc_1559_reg_9305                                                                                         |   32|   0|   32|          0|
    |acc_1560_reg_9295                                                                                         |   32|   0|   32|          0|
    |acc_1561_reg_9285                                                                                         |   32|   0|   32|          0|
    |acc_1562_reg_9275                                                                                         |   32|   0|   32|          0|
    |acc_1563_reg_9265                                                                                         |   32|   0|   32|          0|
    |acc_1564_reg_9255                                                                                         |   32|   0|   32|          0|
    |acc_1565_reg_9245                                                                                         |   32|   0|   32|          0|
    |acc_1566_reg_9235                                                                                         |   32|   0|   32|          0|
    |acc_1567_reg_9225                                                                                         |   32|   0|   32|          0|
    |acc_1568_reg_9215                                                                                         |   32|   0|   32|          0|
    |acc_1569_reg_9205                                                                                         |   32|   0|   32|          0|
    |acc_1570_reg_9195                                                                                         |   32|   0|   32|          0|
    |acc_1571_reg_9185                                                                                         |   32|   0|   32|          0|
    |acc_1572_reg_9175                                                                                         |   32|   0|   32|          0|
    |acc_1573_reg_9165                                                                                         |   32|   0|   32|          0|
    |acc_1574_reg_9155                                                                                         |   32|   0|   32|          0|
    |acc_1575_reg_9145                                                                                         |   32|   0|   32|          0|
    |acc_1576_reg_9135                                                                                         |   32|   0|   32|          0|
    |acc_1577_reg_9125                                                                                         |   32|   0|   32|          0|
    |acc_1578_reg_9115                                                                                         |   32|   0|   32|          0|
    |acc_1579_reg_9105                                                                                         |   32|   0|   32|          0|
    |acc_1580_reg_9095                                                                                         |   32|   0|   32|          0|
    |acc_1581_reg_9085                                                                                         |   32|   0|   32|          0|
    |acc_1582_reg_9075                                                                                         |   32|   0|   32|          0|
    |acc_1583_reg_9065                                                                                         |   32|   0|   32|          0|
    |acc_1584_reg_9055                                                                                         |   32|   0|   32|          0|
    |acc_1585_reg_9045                                                                                         |   32|   0|   32|          0|
    |acc_1586_reg_9035                                                                                         |   32|   0|   32|          0|
    |acc_1587_reg_9025                                                                                         |   32|   0|   32|          0|
    |acc_1588_reg_9015                                                                                         |   32|   0|   32|          0|
    |acc_1589_reg_9005                                                                                         |   32|   0|   32|          0|
    |acc_1590_reg_8995                                                                                         |   32|   0|   32|          0|
    |acc_1591_reg_8985                                                                                         |   32|   0|   32|          0|
    |acc_1592_reg_8975                                                                                         |   32|   0|   32|          0|
    |acc_1593_reg_8965                                                                                         |   32|   0|   32|          0|
    |acc_1594_reg_8955                                                                                         |   32|   0|   32|          0|
    |acc_1595_reg_8945                                                                                         |   32|   0|   32|          0|
    |acc_1596_reg_8935                                                                                         |   32|   0|   32|          0|
    |acc_1597_reg_8925                                                                                         |   32|   0|   32|          0|
    |acc_1598_reg_8915                                                                                         |   32|   0|   32|          0|
    |acc_1599_reg_8905                                                                                         |   32|   0|   32|          0|
    |acc_1600_reg_8895                                                                                         |   32|   0|   32|          0|
    |acc_1601_reg_8885                                                                                         |   32|   0|   32|          0|
    |acc_1602_reg_8875                                                                                         |   32|   0|   32|          0|
    |acc_1603_reg_8865                                                                                         |   32|   0|   32|          0|
    |acc_1604_reg_8855                                                                                         |   32|   0|   32|          0|
    |acc_1605_reg_8845                                                                                         |   32|   0|   32|          0|
    |acc_1606_reg_8835                                                                                         |   32|   0|   32|          0|
    |acc_1607_reg_8825                                                                                         |   32|   0|   32|          0|
    |acc_1608_reg_8815                                                                                         |   32|   0|   32|          0|
    |acc_1609_reg_8805                                                                                         |   32|   0|   32|          0|
    |acc_1610_reg_8795                                                                                         |   32|   0|   32|          0|
    |acc_1611_reg_8785                                                                                         |   32|   0|   32|          0|
    |acc_1612_reg_8775                                                                                         |   32|   0|   32|          0|
    |acc_1613_reg_8765                                                                                         |   32|   0|   32|          0|
    |acc_1614_reg_8755                                                                                         |   32|   0|   32|          0|
    |acc_1615_reg_8745                                                                                         |   32|   0|   32|          0|
    |acc_1616_reg_8735                                                                                         |   32|   0|   32|          0|
    |acc_1617_reg_8725                                                                                         |   32|   0|   32|          0|
    |acc_1618_reg_8715                                                                                         |   32|   0|   32|          0|
    |acc_1619_reg_8705                                                                                         |   32|   0|   32|          0|
    |acc_1620_reg_8695                                                                                         |   32|   0|   32|          0|
    |acc_1621_reg_8685                                                                                         |   32|   0|   32|          0|
    |acc_1622_reg_8675                                                                                         |   32|   0|   32|          0|
    |acc_1623_reg_8665                                                                                         |   32|   0|   32|          0|
    |acc_1624_reg_8655                                                                                         |   32|   0|   32|          0|
    |acc_1625_reg_8645                                                                                         |   32|   0|   32|          0|
    |acc_1626_reg_8635                                                                                         |   32|   0|   32|          0|
    |acc_1627_reg_8625                                                                                         |   32|   0|   32|          0|
    |acc_1628_reg_8615                                                                                         |   32|   0|   32|          0|
    |acc_1629_reg_8605                                                                                         |   32|   0|   32|          0|
    |acc_1630_reg_8595                                                                                         |   32|   0|   32|          0|
    |acc_1631_reg_8585                                                                                         |   32|   0|   32|          0|
    |acc_1632_reg_8575                                                                                         |   32|   0|   32|          0|
    |acc_1633_reg_8565                                                                                         |   32|   0|   32|          0|
    |acc_1634_reg_8555                                                                                         |   32|   0|   32|          0|
    |acc_1635_reg_8545                                                                                         |   32|   0|   32|          0|
    |acc_1636_reg_8535                                                                                         |   32|   0|   32|          0|
    |acc_1637_reg_8525                                                                                         |   32|   0|   32|          0|
    |acc_1638_reg_8515                                                                                         |   32|   0|   32|          0|
    |acc_1639_reg_8505                                                                                         |   32|   0|   32|          0|
    |acc_1640_reg_8495                                                                                         |   32|   0|   32|          0|
    |acc_1641_reg_8485                                                                                         |   32|   0|   32|          0|
    |acc_1642_reg_8475                                                                                         |   32|   0|   32|          0|
    |acc_1643_reg_8465                                                                                         |   32|   0|   32|          0|
    |acc_1644_reg_8455                                                                                         |   32|   0|   32|          0|
    |acc_1645_reg_8445                                                                                         |   32|   0|   32|          0|
    |acc_1646_reg_8435                                                                                         |   32|   0|   32|          0|
    |acc_1647_reg_8425                                                                                         |   32|   0|   32|          0|
    |acc_1648_reg_8415                                                                                         |   32|   0|   32|          0|
    |acc_1649_reg_8405                                                                                         |   32|   0|   32|          0|
    |acc_1650_reg_8395                                                                                         |   32|   0|   32|          0|
    |acc_1651_reg_8385                                                                                         |   32|   0|   32|          0|
    |acc_1652_reg_8375                                                                                         |   32|   0|   32|          0|
    |acc_1653_reg_8365                                                                                         |   32|   0|   32|          0|
    |acc_1654_reg_8355                                                                                         |   32|   0|   32|          0|
    |acc_1655_reg_8345                                                                                         |   32|   0|   32|          0|
    |acc_1656_reg_8335                                                                                         |   32|   0|   32|          0|
    |acc_1657_reg_8325                                                                                         |   32|   0|   32|          0|
    |acc_1658_reg_8315                                                                                         |   32|   0|   32|          0|
    |acc_1659_reg_8305                                                                                         |   32|   0|   32|          0|
    |acc_1660_reg_8295                                                                                         |   32|   0|   32|          0|
    |acc_1661_reg_8285                                                                                         |   32|   0|   32|          0|
    |acc_1662_reg_8275                                                                                         |   32|   0|   32|          0|
    |acc_1663_reg_8265                                                                                         |   32|   0|   32|          0|
    |acc_1664_reg_8255                                                                                         |   32|   0|   32|          0|
    |acc_1665_reg_8245                                                                                         |   32|   0|   32|          0|
    |acc_1666_reg_8235                                                                                         |   32|   0|   32|          0|
    |acc_1667_reg_8225                                                                                         |   32|   0|   32|          0|
    |acc_1668_reg_8215                                                                                         |   32|   0|   32|          0|
    |acc_1669_reg_8205                                                                                         |   32|   0|   32|          0|
    |acc_1670_reg_8195                                                                                         |   32|   0|   32|          0|
    |acc_1671_reg_8185                                                                                         |   32|   0|   32|          0|
    |acc_1672_reg_8175                                                                                         |   32|   0|   32|          0|
    |acc_1673_reg_8165                                                                                         |   32|   0|   32|          0|
    |acc_1674_reg_8155                                                                                         |   32|   0|   32|          0|
    |acc_1675_reg_8145                                                                                         |   32|   0|   32|          0|
    |acc_1676_reg_8135                                                                                         |   32|   0|   32|          0|
    |acc_1677_reg_8125                                                                                         |   32|   0|   32|          0|
    |acc_1678_reg_8115                                                                                         |   32|   0|   32|          0|
    |acc_1679_reg_8105                                                                                         |   32|   0|   32|          0|
    |acc_1680_reg_8095                                                                                         |   32|   0|   32|          0|
    |acc_1681_reg_8085                                                                                         |   32|   0|   32|          0|
    |acc_1682_reg_8075                                                                                         |   32|   0|   32|          0|
    |acc_1683_reg_8065                                                                                         |   32|   0|   32|          0|
    |acc_1684_reg_8055                                                                                         |   32|   0|   32|          0|
    |acc_1685_reg_8045                                                                                         |   32|   0|   32|          0|
    |acc_1686_reg_8035                                                                                         |   32|   0|   32|          0|
    |acc_1687_reg_8025                                                                                         |   32|   0|   32|          0|
    |acc_1688_reg_8015                                                                                         |   32|   0|   32|          0|
    |acc_1689_reg_8005                                                                                         |   32|   0|   32|          0|
    |acc_1690_reg_7995                                                                                         |   32|   0|   32|          0|
    |acc_1691_reg_7985                                                                                         |   32|   0|   32|          0|
    |acc_1692_reg_7975                                                                                         |   32|   0|   32|          0|
    |acc_1693_reg_7965                                                                                         |   32|   0|   32|          0|
    |acc_1694_reg_7955                                                                                         |   32|   0|   32|          0|
    |acc_1695_reg_7945                                                                                         |   32|   0|   32|          0|
    |acc_1696_reg_7935                                                                                         |   32|   0|   32|          0|
    |acc_1697_reg_7925                                                                                         |   32|   0|   32|          0|
    |acc_1698_reg_7915                                                                                         |   32|   0|   32|          0|
    |acc_1699_reg_7905                                                                                         |   32|   0|   32|          0|
    |acc_1700_reg_7895                                                                                         |   32|   0|   32|          0|
    |acc_1701_reg_7885                                                                                         |   32|   0|   32|          0|
    |acc_1702_reg_7875                                                                                         |   32|   0|   32|          0|
    |acc_1703_reg_7865                                                                                         |   32|   0|   32|          0|
    |acc_1704_reg_7855                                                                                         |   32|   0|   32|          0|
    |acc_1705_reg_7845                                                                                         |   32|   0|   32|          0|
    |acc_1706_reg_7835                                                                                         |   32|   0|   32|          0|
    |acc_1707_reg_7825                                                                                         |   32|   0|   32|          0|
    |acc_1708_reg_7815                                                                                         |   32|   0|   32|          0|
    |acc_1709_reg_7805                                                                                         |   32|   0|   32|          0|
    |acc_1710_reg_7795                                                                                         |   32|   0|   32|          0|
    |acc_1711_reg_7785                                                                                         |   32|   0|   32|          0|
    |acc_1712_reg_7775                                                                                         |   32|   0|   32|          0|
    |acc_1713_reg_7765                                                                                         |   32|   0|   32|          0|
    |acc_1714_reg_7755                                                                                         |   32|   0|   32|          0|
    |acc_1715_reg_7745                                                                                         |   32|   0|   32|          0|
    |acc_1716_reg_7735                                                                                         |   32|   0|   32|          0|
    |acc_1717_reg_7725                                                                                         |   32|   0|   32|          0|
    |acc_1718_reg_7715                                                                                         |   32|   0|   32|          0|
    |acc_1719_reg_7705                                                                                         |   32|   0|   32|          0|
    |acc_1720_reg_7695                                                                                         |   32|   0|   32|          0|
    |acc_1721_reg_7685                                                                                         |   32|   0|   32|          0|
    |acc_1722_reg_7675                                                                                         |   32|   0|   32|          0|
    |acc_1723_reg_7665                                                                                         |   32|   0|   32|          0|
    |acc_1724_reg_7655                                                                                         |   32|   0|   32|          0|
    |acc_1725_reg_7645                                                                                         |   32|   0|   32|          0|
    |acc_1726_reg_7635                                                                                         |   32|   0|   32|          0|
    |acc_1727_reg_7625                                                                                         |   32|   0|   32|          0|
    |acc_1728_reg_7615                                                                                         |   32|   0|   32|          0|
    |acc_1729_reg_7605                                                                                         |   32|   0|   32|          0|
    |acc_1730_reg_7595                                                                                         |   32|   0|   32|          0|
    |acc_1731_reg_7585                                                                                         |   32|   0|   32|          0|
    |acc_1732_reg_7575                                                                                         |   32|   0|   32|          0|
    |acc_1733_reg_7565                                                                                         |   32|   0|   32|          0|
    |acc_1734_reg_7555                                                                                         |   32|   0|   32|          0|
    |acc_1735_reg_7545                                                                                         |   32|   0|   32|          0|
    |acc_1736_reg_7535                                                                                         |   32|   0|   32|          0|
    |acc_1737_reg_7525                                                                                         |   32|   0|   32|          0|
    |acc_1738_reg_7515                                                                                         |   32|   0|   32|          0|
    |acc_1739_reg_7505                                                                                         |   32|   0|   32|          0|
    |acc_1740_reg_7495                                                                                         |   32|   0|   32|          0|
    |acc_1741_reg_7485                                                                                         |   32|   0|   32|          0|
    |acc_1742_reg_7475                                                                                         |   32|   0|   32|          0|
    |acc_1743_reg_7465                                                                                         |   32|   0|   32|          0|
    |acc_1744_reg_7455                                                                                         |   32|   0|   32|          0|
    |acc_1745_reg_7445                                                                                         |   32|   0|   32|          0|
    |acc_1746_reg_7435                                                                                         |   32|   0|   32|          0|
    |acc_1747_reg_7425                                                                                         |   32|   0|   32|          0|
    |acc_1748_reg_7415                                                                                         |   32|   0|   32|          0|
    |acc_1749_reg_7405                                                                                         |   32|   0|   32|          0|
    |acc_1750_reg_7395                                                                                         |   32|   0|   32|          0|
    |acc_1751_reg_7385                                                                                         |   32|   0|   32|          0|
    |acc_1752_reg_7375                                                                                         |   32|   0|   32|          0|
    |acc_1753_reg_7365                                                                                         |   32|   0|   32|          0|
    |acc_1754_reg_7355                                                                                         |   32|   0|   32|          0|
    |acc_1755_reg_7345                                                                                         |   32|   0|   32|          0|
    |acc_1756_reg_7335                                                                                         |   32|   0|   32|          0|
    |acc_1757_reg_7325                                                                                         |   32|   0|   32|          0|
    |acc_1758_reg_7315                                                                                         |   32|   0|   32|          0|
    |acc_1759_reg_7305                                                                                         |   32|   0|   32|          0|
    |acc_1760_reg_7295                                                                                         |   32|   0|   32|          0|
    |acc_1761_reg_7285                                                                                         |   32|   0|   32|          0|
    |acc_1762_reg_7275                                                                                         |   32|   0|   32|          0|
    |acc_1763_reg_7265                                                                                         |   32|   0|   32|          0|
    |acc_1764_reg_7255                                                                                         |   32|   0|   32|          0|
    |acc_1765_reg_7245                                                                                         |   32|   0|   32|          0|
    |acc_1766_reg_7235                                                                                         |   32|   0|   32|          0|
    |acc_1767_reg_7225                                                                                         |   32|   0|   32|          0|
    |acc_1768_reg_7215                                                                                         |   32|   0|   32|          0|
    |acc_1769_reg_7205                                                                                         |   32|   0|   32|          0|
    |acc_1770_reg_7195                                                                                         |   32|   0|   32|          0|
    |acc_1771_reg_7185                                                                                         |   32|   0|   32|          0|
    |acc_1772_reg_7175                                                                                         |   32|   0|   32|          0|
    |acc_1773_reg_7165                                                                                         |   32|   0|   32|          0|
    |acc_1774_reg_7155                                                                                         |   32|   0|   32|          0|
    |acc_1775_reg_7145                                                                                         |   32|   0|   32|          0|
    |acc_1776_reg_7135                                                                                         |   32|   0|   32|          0|
    |acc_1777_reg_7125                                                                                         |   32|   0|   32|          0|
    |acc_1778_reg_7115                                                                                         |   32|   0|   32|          0|
    |acc_1779_reg_7105                                                                                         |   32|   0|   32|          0|
    |acc_1780_reg_7095                                                                                         |   32|   0|   32|          0|
    |acc_1781_reg_7085                                                                                         |   32|   0|   32|          0|
    |acc_1782_reg_7075                                                                                         |   32|   0|   32|          0|
    |acc_1783_reg_7065                                                                                         |   32|   0|   32|          0|
    |acc_1784_reg_7055                                                                                         |   32|   0|   32|          0|
    |acc_1785_reg_7045                                                                                         |   32|   0|   32|          0|
    |acc_1786_reg_7035                                                                                         |   32|   0|   32|          0|
    |acc_1787_reg_7025                                                                                         |   32|   0|   32|          0|
    |acc_1788_reg_7015                                                                                         |   32|   0|   32|          0|
    |acc_1789_reg_7005                                                                                         |   32|   0|   32|          0|
    |acc_1790_reg_6995                                                                                         |   32|   0|   32|          0|
    |acc_1791_reg_6985                                                                                         |   32|   0|   32|          0|
    |acc_1792_reg_6975                                                                                         |   32|   0|   32|          0|
    |acc_1793_reg_6965                                                                                         |   32|   0|   32|          0|
    |acc_1794_reg_6955                                                                                         |   32|   0|   32|          0|
    |acc_1795_reg_6945                                                                                         |   32|   0|   32|          0|
    |acc_1796_reg_6935                                                                                         |   32|   0|   32|          0|
    |acc_1797_reg_6925                                                                                         |   32|   0|   32|          0|
    |acc_1798_reg_6915                                                                                         |   32|   0|   32|          0|
    |acc_1799_reg_6905                                                                                         |   32|   0|   32|          0|
    |acc_1800_reg_6895                                                                                         |   32|   0|   32|          0|
    |acc_1801_reg_6885                                                                                         |   32|   0|   32|          0|
    |acc_1802_reg_6875                                                                                         |   32|   0|   32|          0|
    |acc_1803_reg_6865                                                                                         |   32|   0|   32|          0|
    |acc_1804_reg_6855                                                                                         |   32|   0|   32|          0|
    |acc_1805_reg_6845                                                                                         |   32|   0|   32|          0|
    |acc_1806_reg_6835                                                                                         |   32|   0|   32|          0|
    |acc_1807_reg_6825                                                                                         |   32|   0|   32|          0|
    |acc_1808_reg_6815                                                                                         |   32|   0|   32|          0|
    |acc_1809_reg_6805                                                                                         |   32|   0|   32|          0|
    |acc_1810_reg_6795                                                                                         |   32|   0|   32|          0|
    |acc_1811_reg_6785                                                                                         |   32|   0|   32|          0|
    |acc_1812_reg_6775                                                                                         |   32|   0|   32|          0|
    |acc_1813_reg_6765                                                                                         |   32|   0|   32|          0|
    |acc_1814_reg_6755                                                                                         |   32|   0|   32|          0|
    |acc_1815_reg_6745                                                                                         |   32|   0|   32|          0|
    |acc_1816_reg_6735                                                                                         |   32|   0|   32|          0|
    |acc_1817_reg_6725                                                                                         |   32|   0|   32|          0|
    |acc_1818_reg_6715                                                                                         |   32|   0|   32|          0|
    |acc_1819_reg_6705                                                                                         |   32|   0|   32|          0|
    |acc_1820_reg_6695                                                                                         |   32|   0|   32|          0|
    |acc_1821_reg_6685                                                                                         |   32|   0|   32|          0|
    |acc_1822_reg_6675                                                                                         |   32|   0|   32|          0|
    |acc_1823_reg_6665                                                                                         |   32|   0|   32|          0|
    |acc_1824_reg_6655                                                                                         |   32|   0|   32|          0|
    |acc_1825_reg_6645                                                                                         |   32|   0|   32|          0|
    |acc_1826_reg_6635                                                                                         |   32|   0|   32|          0|
    |acc_1827_reg_6625                                                                                         |   32|   0|   32|          0|
    |acc_1828_reg_6615                                                                                         |   32|   0|   32|          0|
    |acc_1829_reg_6605                                                                                         |   32|   0|   32|          0|
    |acc_1830_reg_6595                                                                                         |   32|   0|   32|          0|
    |acc_1831_reg_6585                                                                                         |   32|   0|   32|          0|
    |acc_1832_reg_6575                                                                                         |   32|   0|   32|          0|
    |acc_1833_reg_6565                                                                                         |   32|   0|   32|          0|
    |acc_1834_reg_6555                                                                                         |   32|   0|   32|          0|
    |acc_1835_reg_6545                                                                                         |   32|   0|   32|          0|
    |acc_1836_reg_6535                                                                                         |   32|   0|   32|          0|
    |acc_1837_reg_6525                                                                                         |   32|   0|   32|          0|
    |acc_1838_reg_6515                                                                                         |   32|   0|   32|          0|
    |acc_1839_reg_6505                                                                                         |   32|   0|   32|          0|
    |acc_1840_reg_6495                                                                                         |   32|   0|   32|          0|
    |acc_1841_reg_6485                                                                                         |   32|   0|   32|          0|
    |acc_1842_reg_6475                                                                                         |   32|   0|   32|          0|
    |acc_1843_reg_6465                                                                                         |   32|   0|   32|          0|
    |acc_1844_reg_6455                                                                                         |   32|   0|   32|          0|
    |acc_1845_reg_6445                                                                                         |   32|   0|   32|          0|
    |acc_1846_reg_6435                                                                                         |   32|   0|   32|          0|
    |acc_1847_reg_6425                                                                                         |   32|   0|   32|          0|
    |acc_1848_reg_6415                                                                                         |   32|   0|   32|          0|
    |acc_1849_reg_6405                                                                                         |   32|   0|   32|          0|
    |acc_1850_reg_6395                                                                                         |   32|   0|   32|          0|
    |acc_1851_reg_6385                                                                                         |   32|   0|   32|          0|
    |acc_1852_reg_6375                                                                                         |   32|   0|   32|          0|
    |acc_1853_reg_6365                                                                                         |   32|   0|   32|          0|
    |acc_1854_reg_6355                                                                                         |   32|   0|   32|          0|
    |acc_1855_reg_6345                                                                                         |   32|   0|   32|          0|
    |acc_1856_reg_6335                                                                                         |   32|   0|   32|          0|
    |acc_1857_reg_6325                                                                                         |   32|   0|   32|          0|
    |acc_1858_reg_6315                                                                                         |   32|   0|   32|          0|
    |acc_1859_reg_6305                                                                                         |   32|   0|   32|          0|
    |acc_1860_reg_6295                                                                                         |   32|   0|   32|          0|
    |acc_1861_reg_6285                                                                                         |   32|   0|   32|          0|
    |acc_1862_reg_6275                                                                                         |   32|   0|   32|          0|
    |acc_1863_reg_6265                                                                                         |   32|   0|   32|          0|
    |acc_1864_reg_6255                                                                                         |   32|   0|   32|          0|
    |acc_1865_reg_6245                                                                                         |   32|   0|   32|          0|
    |acc_1866_reg_6235                                                                                         |   32|   0|   32|          0|
    |acc_1867_reg_6225                                                                                         |   32|   0|   32|          0|
    |acc_1868_reg_6215                                                                                         |   32|   0|   32|          0|
    |acc_1869_reg_6205                                                                                         |   32|   0|   32|          0|
    |acc_1870_reg_6195                                                                                         |   32|   0|   32|          0|
    |acc_1871_reg_6185                                                                                         |   32|   0|   32|          0|
    |acc_1872_reg_6175                                                                                         |   32|   0|   32|          0|
    |acc_1873_reg_6165                                                                                         |   32|   0|   32|          0|
    |acc_1874_reg_6155                                                                                         |   32|   0|   32|          0|
    |acc_1875_reg_6145                                                                                         |   32|   0|   32|          0|
    |acc_1876_reg_6135                                                                                         |   32|   0|   32|          0|
    |acc_1877_reg_6125                                                                                         |   32|   0|   32|          0|
    |acc_1878_reg_6115                                                                                         |   32|   0|   32|          0|
    |acc_1879_reg_6105                                                                                         |   32|   0|   32|          0|
    |acc_1880_reg_6095                                                                                         |   32|   0|   32|          0|
    |acc_1881_reg_6085                                                                                         |   32|   0|   32|          0|
    |acc_1882_reg_6075                                                                                         |   32|   0|   32|          0|
    |acc_1883_reg_6065                                                                                         |   32|   0|   32|          0|
    |acc_1884_reg_6055                                                                                         |   32|   0|   32|          0|
    |acc_1885_reg_6045                                                                                         |   32|   0|   32|          0|
    |acc_1886_reg_6035                                                                                         |   32|   0|   32|          0|
    |acc_1887_reg_6025                                                                                         |   32|   0|   32|          0|
    |acc_1888_reg_6015                                                                                         |   32|   0|   32|          0|
    |acc_1889_reg_6005                                                                                         |   32|   0|   32|          0|
    |acc_1890_reg_5995                                                                                         |   32|   0|   32|          0|
    |acc_1891_reg_5985                                                                                         |   32|   0|   32|          0|
    |acc_1892_reg_5975                                                                                         |   32|   0|   32|          0|
    |acc_1893_reg_5965                                                                                         |   32|   0|   32|          0|
    |acc_1894_reg_5955                                                                                         |   32|   0|   32|          0|
    |acc_1895_reg_5945                                                                                         |   32|   0|   32|          0|
    |acc_1896_reg_5935                                                                                         |   32|   0|   32|          0|
    |acc_1897_reg_5925                                                                                         |   32|   0|   32|          0|
    |acc_1898_reg_5915                                                                                         |   32|   0|   32|          0|
    |acc_1899_reg_5905                                                                                         |   32|   0|   32|          0|
    |acc_1900_reg_5895                                                                                         |   32|   0|   32|          0|
    |acc_1901_reg_5885                                                                                         |   32|   0|   32|          0|
    |acc_1902_reg_5875                                                                                         |   32|   0|   32|          0|
    |acc_1903_reg_5865                                                                                         |   32|   0|   32|          0|
    |acc_1904_reg_5855                                                                                         |   32|   0|   32|          0|
    |acc_1905_reg_5845                                                                                         |   32|   0|   32|          0|
    |acc_1906_reg_5835                                                                                         |   32|   0|   32|          0|
    |acc_1907_reg_5825                                                                                         |   32|   0|   32|          0|
    |acc_1908_reg_5815                                                                                         |   32|   0|   32|          0|
    |acc_1909_reg_5805                                                                                         |   32|   0|   32|          0|
    |acc_1910_reg_5795                                                                                         |   32|   0|   32|          0|
    |acc_1911_reg_5785                                                                                         |   32|   0|   32|          0|
    |acc_1912_reg_5775                                                                                         |   32|   0|   32|          0|
    |acc_1913_reg_5765                                                                                         |   32|   0|   32|          0|
    |acc_1914_reg_5755                                                                                         |   32|   0|   32|          0|
    |acc_1915_reg_5745                                                                                         |   32|   0|   32|          0|
    |acc_1916_reg_5735                                                                                         |   32|   0|   32|          0|
    |acc_1917_reg_5725                                                                                         |   32|   0|   32|          0|
    |acc_1918_reg_5715                                                                                         |   32|   0|   32|          0|
    |acc_1919_reg_5705                                                                                         |   32|   0|   32|          0|
    |acc_1920_reg_5695                                                                                         |   32|   0|   32|          0|
    |acc_1921_reg_5685                                                                                         |   32|   0|   32|          0|
    |acc_1922_reg_5675                                                                                         |   32|   0|   32|          0|
    |acc_1923_reg_5665                                                                                         |   32|   0|   32|          0|
    |acc_1924_reg_5655                                                                                         |   32|   0|   32|          0|
    |acc_1925_reg_5645                                                                                         |   32|   0|   32|          0|
    |acc_1926_reg_5635                                                                                         |   32|   0|   32|          0|
    |acc_1927_reg_5625                                                                                         |   32|   0|   32|          0|
    |acc_1928_reg_5615                                                                                         |   32|   0|   32|          0|
    |acc_1929_reg_5605                                                                                         |   32|   0|   32|          0|
    |acc_1930_reg_5595                                                                                         |   32|   0|   32|          0|
    |acc_1931_reg_5585                                                                                         |   32|   0|   32|          0|
    |acc_1932_reg_5575                                                                                         |   32|   0|   32|          0|
    |acc_1933_reg_5565                                                                                         |   32|   0|   32|          0|
    |acc_1934_reg_5555                                                                                         |   32|   0|   32|          0|
    |acc_1935_reg_5545                                                                                         |   32|   0|   32|          0|
    |acc_1936_reg_5535                                                                                         |   32|   0|   32|          0|
    |acc_1937_reg_5525                                                                                         |   32|   0|   32|          0|
    |acc_1938_reg_5515                                                                                         |   32|   0|   32|          0|
    |acc_1939_reg_5505                                                                                         |   32|   0|   32|          0|
    |acc_1940_reg_5495                                                                                         |   32|   0|   32|          0|
    |acc_1941_reg_5485                                                                                         |   32|   0|   32|          0|
    |acc_1942_reg_5475                                                                                         |   32|   0|   32|          0|
    |acc_1943_reg_5465                                                                                         |   32|   0|   32|          0|
    |acc_1944_reg_5455                                                                                         |   32|   0|   32|          0|
    |acc_1945_reg_5445                                                                                         |   32|   0|   32|          0|
    |acc_1946_reg_5435                                                                                         |   32|   0|   32|          0|
    |acc_1947_reg_5425                                                                                         |   32|   0|   32|          0|
    |acc_1948_reg_5415                                                                                         |   32|   0|   32|          0|
    |acc_1949_reg_5405                                                                                         |   32|   0|   32|          0|
    |acc_1950_reg_5395                                                                                         |   32|   0|   32|          0|
    |acc_1951_reg_5385                                                                                         |   32|   0|   32|          0|
    |acc_1952_reg_5375                                                                                         |   32|   0|   32|          0|
    |acc_1953_reg_5365                                                                                         |   32|   0|   32|          0|
    |acc_1954_reg_5355                                                                                         |   32|   0|   32|          0|
    |acc_1955_reg_5345                                                                                         |   32|   0|   32|          0|
    |acc_1956_reg_5335                                                                                         |   32|   0|   32|          0|
    |acc_1957_reg_5325                                                                                         |   32|   0|   32|          0|
    |acc_1958_reg_5315                                                                                         |   32|   0|   32|          0|
    |acc_1959_reg_5305                                                                                         |   32|   0|   32|          0|
    |acc_1960_reg_5295                                                                                         |   32|   0|   32|          0|
    |acc_1961_reg_5285                                                                                         |   32|   0|   32|          0|
    |acc_1962_reg_5275                                                                                         |   32|   0|   32|          0|
    |acc_1963_reg_5265                                                                                         |   32|   0|   32|          0|
    |acc_1964_reg_5255                                                                                         |   32|   0|   32|          0|
    |acc_1965_reg_5245                                                                                         |   32|   0|   32|          0|
    |acc_1966_reg_5235                                                                                         |   32|   0|   32|          0|
    |acc_1967_reg_5225                                                                                         |   32|   0|   32|          0|
    |acc_1968_reg_5215                                                                                         |   32|   0|   32|          0|
    |acc_1969_reg_5205                                                                                         |   32|   0|   32|          0|
    |acc_1970_reg_5195                                                                                         |   32|   0|   32|          0|
    |acc_1971_reg_5185                                                                                         |   32|   0|   32|          0|
    |acc_1972_reg_5175                                                                                         |   32|   0|   32|          0|
    |acc_1973_reg_5165                                                                                         |   32|   0|   32|          0|
    |acc_1974_reg_5155                                                                                         |   32|   0|   32|          0|
    |acc_1975_reg_5145                                                                                         |   32|   0|   32|          0|
    |acc_1976_reg_5135                                                                                         |   32|   0|   32|          0|
    |acc_1977_reg_5125                                                                                         |   32|   0|   32|          0|
    |acc_1978_reg_5115                                                                                         |   32|   0|   32|          0|
    |acc_1979_reg_5105                                                                                         |   32|   0|   32|          0|
    |acc_1980_reg_5095                                                                                         |   32|   0|   32|          0|
    |acc_1981_reg_5085                                                                                         |   32|   0|   32|          0|
    |acc_1982_reg_5075                                                                                         |   32|   0|   32|          0|
    |acc_1983_reg_5065                                                                                         |   32|   0|   32|          0|
    |acc_1984_reg_5055                                                                                         |   32|   0|   32|          0|
    |acc_1985_reg_5045                                                                                         |   32|   0|   32|          0|
    |acc_1986_reg_5035                                                                                         |   32|   0|   32|          0|
    |acc_1987_reg_5025                                                                                         |   32|   0|   32|          0|
    |acc_1988_reg_5015                                                                                         |   32|   0|   32|          0|
    |acc_1989_reg_5005                                                                                         |   32|   0|   32|          0|
    |acc_1990_reg_4995                                                                                         |   32|   0|   32|          0|
    |acc_1991_reg_4985                                                                                         |   32|   0|   32|          0|
    |acc_1992_reg_4975                                                                                         |   32|   0|   32|          0|
    |acc_1993_reg_4965                                                                                         |   32|   0|   32|          0|
    |acc_1994_reg_4955                                                                                         |   32|   0|   32|          0|
    |acc_1995_reg_4945                                                                                         |   32|   0|   32|          0|
    |acc_1996_reg_4935                                                                                         |   32|   0|   32|          0|
    |acc_1997_reg_4925                                                                                         |   32|   0|   32|          0|
    |acc_1998_reg_4915                                                                                         |   32|   0|   32|          0|
    |acc_1999_reg_4905                                                                                         |   32|   0|   32|          0|
    |acc_2000_reg_4895                                                                                         |   32|   0|   32|          0|
    |acc_2001_reg_4885                                                                                         |   32|   0|   32|          0|
    |acc_2002_reg_4875                                                                                         |   32|   0|   32|          0|
    |acc_2003_reg_4865                                                                                         |   32|   0|   32|          0|
    |acc_2004_reg_4855                                                                                         |   32|   0|   32|          0|
    |acc_2005_reg_4845                                                                                         |   32|   0|   32|          0|
    |acc_2006_reg_4835                                                                                         |   32|   0|   32|          0|
    |acc_2007_reg_4825                                                                                         |   32|   0|   32|          0|
    |acc_2008_reg_4815                                                                                         |   32|   0|   32|          0|
    |acc_2009_reg_4805                                                                                         |   32|   0|   32|          0|
    |acc_2010_reg_4795                                                                                         |   32|   0|   32|          0|
    |acc_2011_reg_4785                                                                                         |   32|   0|   32|          0|
    |acc_2012_reg_4775                                                                                         |   32|   0|   32|          0|
    |acc_2013_reg_4765                                                                                         |   32|   0|   32|          0|
    |acc_2014_reg_4755                                                                                         |   32|   0|   32|          0|
    |acc_2015_reg_4745                                                                                         |   32|   0|   32|          0|
    |acc_2016_reg_4735                                                                                         |   32|   0|   32|          0|
    |acc_2017_reg_4725                                                                                         |   32|   0|   32|          0|
    |acc_2018_reg_4715                                                                                         |   32|   0|   32|          0|
    |acc_2019_reg_4705                                                                                         |   32|   0|   32|          0|
    |acc_2020_reg_4695                                                                                         |   32|   0|   32|          0|
    |acc_2021_reg_4685                                                                                         |   32|   0|   32|          0|
    |acc_2022_reg_4675                                                                                         |   32|   0|   32|          0|
    |acc_2023_reg_4665                                                                                         |   32|   0|   32|          0|
    |acc_2024_reg_4655                                                                                         |   32|   0|   32|          0|
    |acc_2025_reg_4645                                                                                         |   32|   0|   32|          0|
    |acc_2026_reg_4635                                                                                         |   32|   0|   32|          0|
    |acc_2027_reg_4625                                                                                         |   32|   0|   32|          0|
    |acc_2028_reg_4615                                                                                         |   32|   0|   32|          0|
    |acc_2029_reg_4605                                                                                         |   32|   0|   32|          0|
    |acc_2030_reg_4595                                                                                         |   32|   0|   32|          0|
    |acc_2031_reg_4585                                                                                         |   32|   0|   32|          0|
    |acc_2032_reg_4575                                                                                         |   32|   0|   32|          0|
    |acc_2033_reg_4565                                                                                         |   32|   0|   32|          0|
    |acc_2034_reg_4555                                                                                         |   32|   0|   32|          0|
    |acc_2035_reg_4545                                                                                         |   32|   0|   32|          0|
    |acc_2036_reg_4535                                                                                         |   32|   0|   32|          0|
    |acc_2037_reg_4525                                                                                         |   32|   0|   32|          0|
    |acc_2038_reg_4515                                                                                         |   32|   0|   32|          0|
    |acc_2039_reg_4505                                                                                         |   32|   0|   32|          0|
    |acc_2040_reg_4495                                                                                         |   32|   0|   32|          0|
    |acc_2041_reg_4485                                                                                         |   32|   0|   32|          0|
    |acc_2042_reg_4475                                                                                         |   32|   0|   32|          0|
    |acc_2043_reg_4465                                                                                         |   32|   0|   32|          0|
    |acc_2044_reg_4455                                                                                         |   32|   0|   32|          0|
    |acc_2045_reg_4445                                                                                         |   32|   0|   32|          0|
    |acc_2046_reg_4435                                                                                         |   32|   0|   32|          0|
    |acc_512_fu_2342                                                                                           |   32|   0|   32|          0|
    |acc_513_fu_2346                                                                                           |   32|   0|   32|          0|
    |acc_514_fu_2350                                                                                           |   32|   0|   32|          0|
    |acc_515_fu_2354                                                                                           |   32|   0|   32|          0|
    |acc_516_fu_2358                                                                                           |   32|   0|   32|          0|
    |acc_517_fu_2362                                                                                           |   32|   0|   32|          0|
    |acc_518_fu_2366                                                                                           |   32|   0|   32|          0|
    |acc_519_fu_2370                                                                                           |   32|   0|   32|          0|
    |acc_520_fu_2374                                                                                           |   32|   0|   32|          0|
    |acc_521_fu_2378                                                                                           |   32|   0|   32|          0|
    |acc_522_fu_2382                                                                                           |   32|   0|   32|          0|
    |acc_523_fu_2386                                                                                           |   32|   0|   32|          0|
    |acc_524_fu_2390                                                                                           |   32|   0|   32|          0|
    |acc_525_fu_2394                                                                                           |   32|   0|   32|          0|
    |acc_526_fu_2398                                                                                           |   32|   0|   32|          0|
    |acc_527_fu_2402                                                                                           |   32|   0|   32|          0|
    |acc_528_fu_2406                                                                                           |   32|   0|   32|          0|
    |acc_529_fu_2410                                                                                           |   32|   0|   32|          0|
    |acc_530_fu_2414                                                                                           |   32|   0|   32|          0|
    |acc_531_fu_2418                                                                                           |   32|   0|   32|          0|
    |acc_532_fu_2422                                                                                           |   32|   0|   32|          0|
    |acc_533_fu_2426                                                                                           |   32|   0|   32|          0|
    |acc_534_fu_2430                                                                                           |   32|   0|   32|          0|
    |acc_535_fu_2434                                                                                           |   32|   0|   32|          0|
    |acc_536_fu_2438                                                                                           |   32|   0|   32|          0|
    |acc_537_fu_2442                                                                                           |   32|   0|   32|          0|
    |acc_538_fu_2446                                                                                           |   32|   0|   32|          0|
    |acc_539_fu_2450                                                                                           |   32|   0|   32|          0|
    |acc_540_fu_2454                                                                                           |   32|   0|   32|          0|
    |acc_541_fu_2458                                                                                           |   32|   0|   32|          0|
    |acc_542_fu_2462                                                                                           |   32|   0|   32|          0|
    |acc_543_fu_2466                                                                                           |   32|   0|   32|          0|
    |acc_544_fu_2470                                                                                           |   32|   0|   32|          0|
    |acc_545_fu_2474                                                                                           |   32|   0|   32|          0|
    |acc_546_fu_2478                                                                                           |   32|   0|   32|          0|
    |acc_547_fu_2482                                                                                           |   32|   0|   32|          0|
    |acc_548_fu_2486                                                                                           |   32|   0|   32|          0|
    |acc_549_fu_2490                                                                                           |   32|   0|   32|          0|
    |acc_550_fu_2494                                                                                           |   32|   0|   32|          0|
    |acc_551_fu_2498                                                                                           |   32|   0|   32|          0|
    |acc_552_fu_2502                                                                                           |   32|   0|   32|          0|
    |acc_553_fu_2506                                                                                           |   32|   0|   32|          0|
    |acc_554_fu_2510                                                                                           |   32|   0|   32|          0|
    |acc_555_fu_2514                                                                                           |   32|   0|   32|          0|
    |acc_556_fu_2518                                                                                           |   32|   0|   32|          0|
    |acc_557_fu_2522                                                                                           |   32|   0|   32|          0|
    |acc_558_fu_2526                                                                                           |   32|   0|   32|          0|
    |acc_559_fu_2530                                                                                           |   32|   0|   32|          0|
    |acc_560_fu_2534                                                                                           |   32|   0|   32|          0|
    |acc_561_fu_2538                                                                                           |   32|   0|   32|          0|
    |acc_562_fu_2542                                                                                           |   32|   0|   32|          0|
    |acc_563_fu_2546                                                                                           |   32|   0|   32|          0|
    |acc_564_fu_2550                                                                                           |   32|   0|   32|          0|
    |acc_565_fu_2554                                                                                           |   32|   0|   32|          0|
    |acc_566_fu_2558                                                                                           |   32|   0|   32|          0|
    |acc_567_fu_2562                                                                                           |   32|   0|   32|          0|
    |acc_568_fu_2566                                                                                           |   32|   0|   32|          0|
    |acc_569_fu_2570                                                                                           |   32|   0|   32|          0|
    |acc_570_fu_2574                                                                                           |   32|   0|   32|          0|
    |acc_571_fu_2578                                                                                           |   32|   0|   32|          0|
    |acc_572_fu_2582                                                                                           |   32|   0|   32|          0|
    |acc_573_fu_2586                                                                                           |   32|   0|   32|          0|
    |acc_574_fu_2590                                                                                           |   32|   0|   32|          0|
    |acc_575_fu_2594                                                                                           |   32|   0|   32|          0|
    |acc_576_fu_2598                                                                                           |   32|   0|   32|          0|
    |acc_577_fu_2602                                                                                           |   32|   0|   32|          0|
    |acc_578_fu_2606                                                                                           |   32|   0|   32|          0|
    |acc_579_fu_2610                                                                                           |   32|   0|   32|          0|
    |acc_580_fu_2614                                                                                           |   32|   0|   32|          0|
    |acc_581_fu_2618                                                                                           |   32|   0|   32|          0|
    |acc_582_fu_2622                                                                                           |   32|   0|   32|          0|
    |acc_583_fu_2626                                                                                           |   32|   0|   32|          0|
    |acc_584_fu_2630                                                                                           |   32|   0|   32|          0|
    |acc_585_fu_2634                                                                                           |   32|   0|   32|          0|
    |acc_586_fu_2638                                                                                           |   32|   0|   32|          0|
    |acc_587_fu_2642                                                                                           |   32|   0|   32|          0|
    |acc_588_fu_2646                                                                                           |   32|   0|   32|          0|
    |acc_589_fu_2650                                                                                           |   32|   0|   32|          0|
    |acc_590_fu_2654                                                                                           |   32|   0|   32|          0|
    |acc_591_fu_2658                                                                                           |   32|   0|   32|          0|
    |acc_592_fu_2662                                                                                           |   32|   0|   32|          0|
    |acc_593_fu_2666                                                                                           |   32|   0|   32|          0|
    |acc_594_fu_2670                                                                                           |   32|   0|   32|          0|
    |acc_595_fu_2674                                                                                           |   32|   0|   32|          0|
    |acc_596_fu_2678                                                                                           |   32|   0|   32|          0|
    |acc_597_fu_2682                                                                                           |   32|   0|   32|          0|
    |acc_598_fu_2686                                                                                           |   32|   0|   32|          0|
    |acc_599_fu_2690                                                                                           |   32|   0|   32|          0|
    |acc_600_fu_2694                                                                                           |   32|   0|   32|          0|
    |acc_601_fu_2698                                                                                           |   32|   0|   32|          0|
    |acc_602_fu_2702                                                                                           |   32|   0|   32|          0|
    |acc_603_fu_2706                                                                                           |   32|   0|   32|          0|
    |acc_604_fu_2710                                                                                           |   32|   0|   32|          0|
    |acc_605_fu_2714                                                                                           |   32|   0|   32|          0|
    |acc_606_fu_2718                                                                                           |   32|   0|   32|          0|
    |acc_607_fu_2722                                                                                           |   32|   0|   32|          0|
    |acc_608_fu_2726                                                                                           |   32|   0|   32|          0|
    |acc_609_fu_2730                                                                                           |   32|   0|   32|          0|
    |acc_610_fu_2734                                                                                           |   32|   0|   32|          0|
    |acc_611_fu_2738                                                                                           |   32|   0|   32|          0|
    |acc_612_fu_2742                                                                                           |   32|   0|   32|          0|
    |acc_613_fu_2746                                                                                           |   32|   0|   32|          0|
    |acc_614_fu_2750                                                                                           |   32|   0|   32|          0|
    |acc_615_fu_2754                                                                                           |   32|   0|   32|          0|
    |acc_616_fu_2758                                                                                           |   32|   0|   32|          0|
    |acc_617_fu_2762                                                                                           |   32|   0|   32|          0|
    |acc_618_fu_2766                                                                                           |   32|   0|   32|          0|
    |acc_619_fu_2770                                                                                           |   32|   0|   32|          0|
    |acc_620_fu_2774                                                                                           |   32|   0|   32|          0|
    |acc_621_fu_2778                                                                                           |   32|   0|   32|          0|
    |acc_622_fu_2782                                                                                           |   32|   0|   32|          0|
    |acc_623_fu_2786                                                                                           |   32|   0|   32|          0|
    |acc_624_fu_2790                                                                                           |   32|   0|   32|          0|
    |acc_625_fu_2794                                                                                           |   32|   0|   32|          0|
    |acc_626_fu_2798                                                                                           |   32|   0|   32|          0|
    |acc_627_fu_2802                                                                                           |   32|   0|   32|          0|
    |acc_628_fu_2806                                                                                           |   32|   0|   32|          0|
    |acc_629_fu_2810                                                                                           |   32|   0|   32|          0|
    |acc_630_fu_2814                                                                                           |   32|   0|   32|          0|
    |acc_631_fu_2818                                                                                           |   32|   0|   32|          0|
    |acc_632_fu_2822                                                                                           |   32|   0|   32|          0|
    |acc_633_fu_2826                                                                                           |   32|   0|   32|          0|
    |acc_634_fu_2830                                                                                           |   32|   0|   32|          0|
    |acc_635_fu_2834                                                                                           |   32|   0|   32|          0|
    |acc_636_fu_2838                                                                                           |   32|   0|   32|          0|
    |acc_637_fu_2842                                                                                           |   32|   0|   32|          0|
    |acc_638_fu_2846                                                                                           |   32|   0|   32|          0|
    |acc_639_fu_2850                                                                                           |   32|   0|   32|          0|
    |acc_640_fu_2854                                                                                           |   32|   0|   32|          0|
    |acc_641_fu_2858                                                                                           |   32|   0|   32|          0|
    |acc_642_fu_2862                                                                                           |   32|   0|   32|          0|
    |acc_643_fu_2866                                                                                           |   32|   0|   32|          0|
    |acc_644_fu_2870                                                                                           |   32|   0|   32|          0|
    |acc_645_fu_2874                                                                                           |   32|   0|   32|          0|
    |acc_646_fu_2878                                                                                           |   32|   0|   32|          0|
    |acc_647_fu_2882                                                                                           |   32|   0|   32|          0|
    |acc_648_fu_2886                                                                                           |   32|   0|   32|          0|
    |acc_649_fu_2890                                                                                           |   32|   0|   32|          0|
    |acc_650_fu_2894                                                                                           |   32|   0|   32|          0|
    |acc_651_fu_2898                                                                                           |   32|   0|   32|          0|
    |acc_652_fu_2902                                                                                           |   32|   0|   32|          0|
    |acc_653_fu_2906                                                                                           |   32|   0|   32|          0|
    |acc_654_fu_2910                                                                                           |   32|   0|   32|          0|
    |acc_655_fu_2914                                                                                           |   32|   0|   32|          0|
    |acc_656_fu_2918                                                                                           |   32|   0|   32|          0|
    |acc_657_fu_2922                                                                                           |   32|   0|   32|          0|
    |acc_658_fu_2926                                                                                           |   32|   0|   32|          0|
    |acc_659_fu_2930                                                                                           |   32|   0|   32|          0|
    |acc_660_fu_2934                                                                                           |   32|   0|   32|          0|
    |acc_661_fu_2938                                                                                           |   32|   0|   32|          0|
    |acc_662_fu_2942                                                                                           |   32|   0|   32|          0|
    |acc_663_fu_2946                                                                                           |   32|   0|   32|          0|
    |acc_664_fu_2950                                                                                           |   32|   0|   32|          0|
    |acc_665_fu_2954                                                                                           |   32|   0|   32|          0|
    |acc_666_fu_2958                                                                                           |   32|   0|   32|          0|
    |acc_667_fu_2962                                                                                           |   32|   0|   32|          0|
    |acc_668_fu_2966                                                                                           |   32|   0|   32|          0|
    |acc_669_fu_2970                                                                                           |   32|   0|   32|          0|
    |acc_670_fu_2974                                                                                           |   32|   0|   32|          0|
    |acc_671_fu_2978                                                                                           |   32|   0|   32|          0|
    |acc_672_fu_2982                                                                                           |   32|   0|   32|          0|
    |acc_673_fu_2986                                                                                           |   32|   0|   32|          0|
    |acc_674_fu_2990                                                                                           |   32|   0|   32|          0|
    |acc_675_fu_2994                                                                                           |   32|   0|   32|          0|
    |acc_676_fu_2998                                                                                           |   32|   0|   32|          0|
    |acc_677_fu_3002                                                                                           |   32|   0|   32|          0|
    |acc_678_fu_3006                                                                                           |   32|   0|   32|          0|
    |acc_679_fu_3010                                                                                           |   32|   0|   32|          0|
    |acc_680_fu_3014                                                                                           |   32|   0|   32|          0|
    |acc_681_fu_3018                                                                                           |   32|   0|   32|          0|
    |acc_682_fu_3022                                                                                           |   32|   0|   32|          0|
    |acc_683_fu_3026                                                                                           |   32|   0|   32|          0|
    |acc_684_fu_3030                                                                                           |   32|   0|   32|          0|
    |acc_685_fu_3034                                                                                           |   32|   0|   32|          0|
    |acc_686_fu_3038                                                                                           |   32|   0|   32|          0|
    |acc_687_fu_3042                                                                                           |   32|   0|   32|          0|
    |acc_688_fu_3046                                                                                           |   32|   0|   32|          0|
    |acc_689_fu_3050                                                                                           |   32|   0|   32|          0|
    |acc_690_fu_3054                                                                                           |   32|   0|   32|          0|
    |acc_691_fu_3058                                                                                           |   32|   0|   32|          0|
    |acc_692_fu_3062                                                                                           |   32|   0|   32|          0|
    |acc_693_fu_3066                                                                                           |   32|   0|   32|          0|
    |acc_694_fu_3070                                                                                           |   32|   0|   32|          0|
    |acc_695_fu_3074                                                                                           |   32|   0|   32|          0|
    |acc_696_fu_3078                                                                                           |   32|   0|   32|          0|
    |acc_697_fu_3082                                                                                           |   32|   0|   32|          0|
    |acc_698_fu_3086                                                                                           |   32|   0|   32|          0|
    |acc_699_fu_3090                                                                                           |   32|   0|   32|          0|
    |acc_700_fu_3094                                                                                           |   32|   0|   32|          0|
    |acc_701_fu_3098                                                                                           |   32|   0|   32|          0|
    |acc_702_fu_3102                                                                                           |   32|   0|   32|          0|
    |acc_703_fu_3106                                                                                           |   32|   0|   32|          0|
    |acc_704_fu_3110                                                                                           |   32|   0|   32|          0|
    |acc_705_fu_3114                                                                                           |   32|   0|   32|          0|
    |acc_706_fu_3118                                                                                           |   32|   0|   32|          0|
    |acc_707_fu_3122                                                                                           |   32|   0|   32|          0|
    |acc_708_fu_3126                                                                                           |   32|   0|   32|          0|
    |acc_709_fu_3130                                                                                           |   32|   0|   32|          0|
    |acc_710_fu_3134                                                                                           |   32|   0|   32|          0|
    |acc_711_fu_3138                                                                                           |   32|   0|   32|          0|
    |acc_712_fu_3142                                                                                           |   32|   0|   32|          0|
    |acc_713_fu_3146                                                                                           |   32|   0|   32|          0|
    |acc_714_fu_3150                                                                                           |   32|   0|   32|          0|
    |acc_715_fu_3154                                                                                           |   32|   0|   32|          0|
    |acc_716_fu_3158                                                                                           |   32|   0|   32|          0|
    |acc_717_fu_3162                                                                                           |   32|   0|   32|          0|
    |acc_718_fu_3166                                                                                           |   32|   0|   32|          0|
    |acc_719_fu_3170                                                                                           |   32|   0|   32|          0|
    |acc_720_fu_3174                                                                                           |   32|   0|   32|          0|
    |acc_721_fu_3178                                                                                           |   32|   0|   32|          0|
    |acc_722_fu_3182                                                                                           |   32|   0|   32|          0|
    |acc_723_fu_3186                                                                                           |   32|   0|   32|          0|
    |acc_724_fu_3190                                                                                           |   32|   0|   32|          0|
    |acc_725_fu_3194                                                                                           |   32|   0|   32|          0|
    |acc_726_fu_3198                                                                                           |   32|   0|   32|          0|
    |acc_727_fu_3202                                                                                           |   32|   0|   32|          0|
    |acc_728_fu_3206                                                                                           |   32|   0|   32|          0|
    |acc_729_fu_3210                                                                                           |   32|   0|   32|          0|
    |acc_730_fu_3214                                                                                           |   32|   0|   32|          0|
    |acc_731_fu_3218                                                                                           |   32|   0|   32|          0|
    |acc_732_fu_3222                                                                                           |   32|   0|   32|          0|
    |acc_733_fu_3226                                                                                           |   32|   0|   32|          0|
    |acc_734_fu_3230                                                                                           |   32|   0|   32|          0|
    |acc_735_fu_3234                                                                                           |   32|   0|   32|          0|
    |acc_736_fu_3238                                                                                           |   32|   0|   32|          0|
    |acc_737_fu_3242                                                                                           |   32|   0|   32|          0|
    |acc_738_fu_3246                                                                                           |   32|   0|   32|          0|
    |acc_739_fu_3250                                                                                           |   32|   0|   32|          0|
    |acc_740_fu_3254                                                                                           |   32|   0|   32|          0|
    |acc_741_fu_3258                                                                                           |   32|   0|   32|          0|
    |acc_742_fu_3262                                                                                           |   32|   0|   32|          0|
    |acc_743_fu_3266                                                                                           |   32|   0|   32|          0|
    |acc_744_fu_3270                                                                                           |   32|   0|   32|          0|
    |acc_745_fu_3274                                                                                           |   32|   0|   32|          0|
    |acc_746_fu_3278                                                                                           |   32|   0|   32|          0|
    |acc_747_fu_3282                                                                                           |   32|   0|   32|          0|
    |acc_748_fu_3286                                                                                           |   32|   0|   32|          0|
    |acc_749_fu_3290                                                                                           |   32|   0|   32|          0|
    |acc_750_fu_3294                                                                                           |   32|   0|   32|          0|
    |acc_751_fu_3298                                                                                           |   32|   0|   32|          0|
    |acc_752_fu_3302                                                                                           |   32|   0|   32|          0|
    |acc_753_fu_3306                                                                                           |   32|   0|   32|          0|
    |acc_754_fu_3310                                                                                           |   32|   0|   32|          0|
    |acc_755_fu_3314                                                                                           |   32|   0|   32|          0|
    |acc_756_fu_3318                                                                                           |   32|   0|   32|          0|
    |acc_757_fu_3322                                                                                           |   32|   0|   32|          0|
    |acc_758_fu_3326                                                                                           |   32|   0|   32|          0|
    |acc_759_fu_3330                                                                                           |   32|   0|   32|          0|
    |acc_760_fu_3334                                                                                           |   32|   0|   32|          0|
    |acc_761_fu_3338                                                                                           |   32|   0|   32|          0|
    |acc_762_fu_3342                                                                                           |   32|   0|   32|          0|
    |acc_763_fu_3346                                                                                           |   32|   0|   32|          0|
    |acc_764_fu_3350                                                                                           |   32|   0|   32|          0|
    |acc_765_fu_3354                                                                                           |   32|   0|   32|          0|
    |acc_766_fu_3358                                                                                           |   32|   0|   32|          0|
    |acc_767_fu_3362                                                                                           |   32|   0|   32|          0|
    |acc_768_fu_3366                                                                                           |   32|   0|   32|          0|
    |acc_769_fu_3370                                                                                           |   32|   0|   32|          0|
    |acc_770_fu_3374                                                                                           |   32|   0|   32|          0|
    |acc_771_fu_3378                                                                                           |   32|   0|   32|          0|
    |acc_772_fu_3382                                                                                           |   32|   0|   32|          0|
    |acc_773_fu_3386                                                                                           |   32|   0|   32|          0|
    |acc_774_fu_3390                                                                                           |   32|   0|   32|          0|
    |acc_775_fu_3394                                                                                           |   32|   0|   32|          0|
    |acc_776_fu_3398                                                                                           |   32|   0|   32|          0|
    |acc_777_fu_3402                                                                                           |   32|   0|   32|          0|
    |acc_778_fu_3406                                                                                           |   32|   0|   32|          0|
    |acc_779_fu_3410                                                                                           |   32|   0|   32|          0|
    |acc_780_fu_3414                                                                                           |   32|   0|   32|          0|
    |acc_781_fu_3418                                                                                           |   32|   0|   32|          0|
    |acc_782_fu_3422                                                                                           |   32|   0|   32|          0|
    |acc_783_fu_3426                                                                                           |   32|   0|   32|          0|
    |acc_784_fu_3430                                                                                           |   32|   0|   32|          0|
    |acc_785_fu_3434                                                                                           |   32|   0|   32|          0|
    |acc_786_fu_3438                                                                                           |   32|   0|   32|          0|
    |acc_787_fu_3442                                                                                           |   32|   0|   32|          0|
    |acc_788_fu_3446                                                                                           |   32|   0|   32|          0|
    |acc_789_fu_3450                                                                                           |   32|   0|   32|          0|
    |acc_790_fu_3454                                                                                           |   32|   0|   32|          0|
    |acc_791_fu_3458                                                                                           |   32|   0|   32|          0|
    |acc_792_fu_3462                                                                                           |   32|   0|   32|          0|
    |acc_793_fu_3466                                                                                           |   32|   0|   32|          0|
    |acc_794_fu_3470                                                                                           |   32|   0|   32|          0|
    |acc_795_fu_3474                                                                                           |   32|   0|   32|          0|
    |acc_796_fu_3478                                                                                           |   32|   0|   32|          0|
    |acc_797_fu_3482                                                                                           |   32|   0|   32|          0|
    |acc_798_fu_3486                                                                                           |   32|   0|   32|          0|
    |acc_799_fu_3490                                                                                           |   32|   0|   32|          0|
    |acc_800_fu_3494                                                                                           |   32|   0|   32|          0|
    |acc_801_fu_3498                                                                                           |   32|   0|   32|          0|
    |acc_802_fu_3502                                                                                           |   32|   0|   32|          0|
    |acc_803_fu_3506                                                                                           |   32|   0|   32|          0|
    |acc_804_fu_3510                                                                                           |   32|   0|   32|          0|
    |acc_805_fu_3514                                                                                           |   32|   0|   32|          0|
    |acc_806_fu_3518                                                                                           |   32|   0|   32|          0|
    |acc_807_fu_3522                                                                                           |   32|   0|   32|          0|
    |acc_808_fu_3526                                                                                           |   32|   0|   32|          0|
    |acc_809_fu_3530                                                                                           |   32|   0|   32|          0|
    |acc_810_fu_3534                                                                                           |   32|   0|   32|          0|
    |acc_811_fu_3538                                                                                           |   32|   0|   32|          0|
    |acc_812_fu_3542                                                                                           |   32|   0|   32|          0|
    |acc_813_fu_3546                                                                                           |   32|   0|   32|          0|
    |acc_814_fu_3550                                                                                           |   32|   0|   32|          0|
    |acc_815_fu_3554                                                                                           |   32|   0|   32|          0|
    |acc_816_fu_3558                                                                                           |   32|   0|   32|          0|
    |acc_817_fu_3562                                                                                           |   32|   0|   32|          0|
    |acc_818_fu_3566                                                                                           |   32|   0|   32|          0|
    |acc_819_fu_3570                                                                                           |   32|   0|   32|          0|
    |acc_820_fu_3574                                                                                           |   32|   0|   32|          0|
    |acc_821_fu_3578                                                                                           |   32|   0|   32|          0|
    |acc_822_fu_3582                                                                                           |   32|   0|   32|          0|
    |acc_823_fu_3586                                                                                           |   32|   0|   32|          0|
    |acc_824_fu_3590                                                                                           |   32|   0|   32|          0|
    |acc_825_fu_3594                                                                                           |   32|   0|   32|          0|
    |acc_826_fu_3598                                                                                           |   32|   0|   32|          0|
    |acc_827_fu_3602                                                                                           |   32|   0|   32|          0|
    |acc_828_fu_3606                                                                                           |   32|   0|   32|          0|
    |acc_829_fu_3610                                                                                           |   32|   0|   32|          0|
    |acc_830_fu_3614                                                                                           |   32|   0|   32|          0|
    |acc_831_fu_3618                                                                                           |   32|   0|   32|          0|
    |acc_832_fu_3622                                                                                           |   32|   0|   32|          0|
    |acc_833_fu_3626                                                                                           |   32|   0|   32|          0|
    |acc_834_fu_3630                                                                                           |   32|   0|   32|          0|
    |acc_835_fu_3634                                                                                           |   32|   0|   32|          0|
    |acc_836_fu_3638                                                                                           |   32|   0|   32|          0|
    |acc_837_fu_3642                                                                                           |   32|   0|   32|          0|
    |acc_838_fu_3646                                                                                           |   32|   0|   32|          0|
    |acc_839_fu_3650                                                                                           |   32|   0|   32|          0|
    |acc_840_fu_3654                                                                                           |   32|   0|   32|          0|
    |acc_841_fu_3658                                                                                           |   32|   0|   32|          0|
    |acc_842_fu_3662                                                                                           |   32|   0|   32|          0|
    |acc_843_fu_3666                                                                                           |   32|   0|   32|          0|
    |acc_844_fu_3670                                                                                           |   32|   0|   32|          0|
    |acc_845_fu_3674                                                                                           |   32|   0|   32|          0|
    |acc_846_fu_3678                                                                                           |   32|   0|   32|          0|
    |acc_847_fu_3682                                                                                           |   32|   0|   32|          0|
    |acc_848_fu_3686                                                                                           |   32|   0|   32|          0|
    |acc_849_fu_3690                                                                                           |   32|   0|   32|          0|
    |acc_850_fu_3694                                                                                           |   32|   0|   32|          0|
    |acc_851_fu_3698                                                                                           |   32|   0|   32|          0|
    |acc_852_fu_3702                                                                                           |   32|   0|   32|          0|
    |acc_853_fu_3706                                                                                           |   32|   0|   32|          0|
    |acc_854_fu_3710                                                                                           |   32|   0|   32|          0|
    |acc_855_fu_3714                                                                                           |   32|   0|   32|          0|
    |acc_856_fu_3718                                                                                           |   32|   0|   32|          0|
    |acc_857_fu_3722                                                                                           |   32|   0|   32|          0|
    |acc_858_fu_3726                                                                                           |   32|   0|   32|          0|
    |acc_859_fu_3730                                                                                           |   32|   0|   32|          0|
    |acc_860_fu_3734                                                                                           |   32|   0|   32|          0|
    |acc_861_fu_3738                                                                                           |   32|   0|   32|          0|
    |acc_862_fu_3742                                                                                           |   32|   0|   32|          0|
    |acc_863_fu_3746                                                                                           |   32|   0|   32|          0|
    |acc_864_fu_3750                                                                                           |   32|   0|   32|          0|
    |acc_865_fu_3754                                                                                           |   32|   0|   32|          0|
    |acc_866_fu_3758                                                                                           |   32|   0|   32|          0|
    |acc_867_fu_3762                                                                                           |   32|   0|   32|          0|
    |acc_868_fu_3766                                                                                           |   32|   0|   32|          0|
    |acc_869_fu_3770                                                                                           |   32|   0|   32|          0|
    |acc_870_fu_3774                                                                                           |   32|   0|   32|          0|
    |acc_871_fu_3778                                                                                           |   32|   0|   32|          0|
    |acc_872_fu_3782                                                                                           |   32|   0|   32|          0|
    |acc_873_fu_3786                                                                                           |   32|   0|   32|          0|
    |acc_874_fu_3790                                                                                           |   32|   0|   32|          0|
    |acc_875_fu_3794                                                                                           |   32|   0|   32|          0|
    |acc_876_fu_3798                                                                                           |   32|   0|   32|          0|
    |acc_877_fu_3802                                                                                           |   32|   0|   32|          0|
    |acc_878_fu_3806                                                                                           |   32|   0|   32|          0|
    |acc_879_fu_3810                                                                                           |   32|   0|   32|          0|
    |acc_880_fu_3814                                                                                           |   32|   0|   32|          0|
    |acc_881_fu_3818                                                                                           |   32|   0|   32|          0|
    |acc_882_fu_3822                                                                                           |   32|   0|   32|          0|
    |acc_883_fu_3826                                                                                           |   32|   0|   32|          0|
    |acc_884_fu_3830                                                                                           |   32|   0|   32|          0|
    |acc_885_fu_3834                                                                                           |   32|   0|   32|          0|
    |acc_886_fu_3838                                                                                           |   32|   0|   32|          0|
    |acc_887_fu_3842                                                                                           |   32|   0|   32|          0|
    |acc_888_fu_3846                                                                                           |   32|   0|   32|          0|
    |acc_889_fu_3850                                                                                           |   32|   0|   32|          0|
    |acc_890_fu_3854                                                                                           |   32|   0|   32|          0|
    |acc_891_fu_3858                                                                                           |   32|   0|   32|          0|
    |acc_892_fu_3862                                                                                           |   32|   0|   32|          0|
    |acc_893_fu_3866                                                                                           |   32|   0|   32|          0|
    |acc_894_fu_3870                                                                                           |   32|   0|   32|          0|
    |acc_895_fu_3874                                                                                           |   32|   0|   32|          0|
    |acc_896_fu_3878                                                                                           |   32|   0|   32|          0|
    |acc_897_fu_3882                                                                                           |   32|   0|   32|          0|
    |acc_898_fu_3886                                                                                           |   32|   0|   32|          0|
    |acc_899_fu_3890                                                                                           |   32|   0|   32|          0|
    |acc_900_fu_3894                                                                                           |   32|   0|   32|          0|
    |acc_901_fu_3898                                                                                           |   32|   0|   32|          0|
    |acc_902_fu_3902                                                                                           |   32|   0|   32|          0|
    |acc_903_fu_3906                                                                                           |   32|   0|   32|          0|
    |acc_904_fu_3910                                                                                           |   32|   0|   32|          0|
    |acc_905_fu_3914                                                                                           |   32|   0|   32|          0|
    |acc_906_fu_3918                                                                                           |   32|   0|   32|          0|
    |acc_907_fu_3922                                                                                           |   32|   0|   32|          0|
    |acc_908_fu_3926                                                                                           |   32|   0|   32|          0|
    |acc_909_fu_3930                                                                                           |   32|   0|   32|          0|
    |acc_910_fu_3934                                                                                           |   32|   0|   32|          0|
    |acc_911_fu_3938                                                                                           |   32|   0|   32|          0|
    |acc_912_fu_3942                                                                                           |   32|   0|   32|          0|
    |acc_913_fu_3946                                                                                           |   32|   0|   32|          0|
    |acc_914_fu_3950                                                                                           |   32|   0|   32|          0|
    |acc_915_fu_3954                                                                                           |   32|   0|   32|          0|
    |acc_916_fu_3958                                                                                           |   32|   0|   32|          0|
    |acc_917_fu_3962                                                                                           |   32|   0|   32|          0|
    |acc_918_fu_3966                                                                                           |   32|   0|   32|          0|
    |acc_919_fu_3970                                                                                           |   32|   0|   32|          0|
    |acc_920_fu_3974                                                                                           |   32|   0|   32|          0|
    |acc_921_fu_3978                                                                                           |   32|   0|   32|          0|
    |acc_922_fu_3982                                                                                           |   32|   0|   32|          0|
    |acc_923_fu_3986                                                                                           |   32|   0|   32|          0|
    |acc_924_fu_3990                                                                                           |   32|   0|   32|          0|
    |acc_925_fu_3994                                                                                           |   32|   0|   32|          0|
    |acc_926_fu_3998                                                                                           |   32|   0|   32|          0|
    |acc_927_fu_4002                                                                                           |   32|   0|   32|          0|
    |acc_928_fu_4006                                                                                           |   32|   0|   32|          0|
    |acc_929_fu_4010                                                                                           |   32|   0|   32|          0|
    |acc_930_fu_4014                                                                                           |   32|   0|   32|          0|
    |acc_931_fu_4018                                                                                           |   32|   0|   32|          0|
    |acc_932_fu_4022                                                                                           |   32|   0|   32|          0|
    |acc_933_fu_4026                                                                                           |   32|   0|   32|          0|
    |acc_934_fu_4030                                                                                           |   32|   0|   32|          0|
    |acc_935_fu_4034                                                                                           |   32|   0|   32|          0|
    |acc_936_fu_4038                                                                                           |   32|   0|   32|          0|
    |acc_937_fu_4042                                                                                           |   32|   0|   32|          0|
    |acc_938_fu_4046                                                                                           |   32|   0|   32|          0|
    |acc_939_fu_4050                                                                                           |   32|   0|   32|          0|
    |acc_940_fu_4054                                                                                           |   32|   0|   32|          0|
    |acc_941_fu_4058                                                                                           |   32|   0|   32|          0|
    |acc_942_fu_4062                                                                                           |   32|   0|   32|          0|
    |acc_943_fu_4066                                                                                           |   32|   0|   32|          0|
    |acc_944_fu_4070                                                                                           |   32|   0|   32|          0|
    |acc_945_fu_4074                                                                                           |   32|   0|   32|          0|
    |acc_946_fu_4078                                                                                           |   32|   0|   32|          0|
    |acc_947_fu_4082                                                                                           |   32|   0|   32|          0|
    |acc_948_fu_4086                                                                                           |   32|   0|   32|          0|
    |acc_949_fu_4090                                                                                           |   32|   0|   32|          0|
    |acc_950_fu_4094                                                                                           |   32|   0|   32|          0|
    |acc_951_fu_4098                                                                                           |   32|   0|   32|          0|
    |acc_952_fu_4102                                                                                           |   32|   0|   32|          0|
    |acc_953_fu_4106                                                                                           |   32|   0|   32|          0|
    |acc_954_fu_4110                                                                                           |   32|   0|   32|          0|
    |acc_955_fu_4114                                                                                           |   32|   0|   32|          0|
    |acc_956_fu_4118                                                                                           |   32|   0|   32|          0|
    |acc_957_fu_4122                                                                                           |   32|   0|   32|          0|
    |acc_958_fu_4126                                                                                           |   32|   0|   32|          0|
    |acc_959_fu_4130                                                                                           |   32|   0|   32|          0|
    |acc_960_fu_4134                                                                                           |   32|   0|   32|          0|
    |acc_961_fu_4138                                                                                           |   32|   0|   32|          0|
    |acc_962_fu_4142                                                                                           |   32|   0|   32|          0|
    |acc_963_fu_4146                                                                                           |   32|   0|   32|          0|
    |acc_964_fu_4150                                                                                           |   32|   0|   32|          0|
    |acc_965_fu_4154                                                                                           |   32|   0|   32|          0|
    |acc_966_fu_4158                                                                                           |   32|   0|   32|          0|
    |acc_967_fu_4162                                                                                           |   32|   0|   32|          0|
    |acc_968_fu_4166                                                                                           |   32|   0|   32|          0|
    |acc_969_fu_4170                                                                                           |   32|   0|   32|          0|
    |acc_970_fu_4174                                                                                           |   32|   0|   32|          0|
    |acc_971_fu_4178                                                                                           |   32|   0|   32|          0|
    |acc_972_fu_4182                                                                                           |   32|   0|   32|          0|
    |acc_973_fu_4186                                                                                           |   32|   0|   32|          0|
    |acc_974_fu_4190                                                                                           |   32|   0|   32|          0|
    |acc_975_fu_4194                                                                                           |   32|   0|   32|          0|
    |acc_976_fu_4198                                                                                           |   32|   0|   32|          0|
    |acc_977_fu_4202                                                                                           |   32|   0|   32|          0|
    |acc_978_fu_4206                                                                                           |   32|   0|   32|          0|
    |acc_979_fu_4210                                                                                           |   32|   0|   32|          0|
    |acc_980_fu_4214                                                                                           |   32|   0|   32|          0|
    |acc_981_fu_4218                                                                                           |   32|   0|   32|          0|
    |acc_982_fu_4222                                                                                           |   32|   0|   32|          0|
    |acc_983_fu_4226                                                                                           |   32|   0|   32|          0|
    |acc_984_fu_4230                                                                                           |   32|   0|   32|          0|
    |acc_985_fu_4234                                                                                           |   32|   0|   32|          0|
    |acc_986_fu_4238                                                                                           |   32|   0|   32|          0|
    |acc_987_fu_4242                                                                                           |   32|   0|   32|          0|
    |acc_988_fu_4246                                                                                           |   32|   0|   32|          0|
    |acc_989_fu_4250                                                                                           |   32|   0|   32|          0|
    |acc_990_fu_4254                                                                                           |   32|   0|   32|          0|
    |acc_991_fu_4258                                                                                           |   32|   0|   32|          0|
    |acc_992_fu_4262                                                                                           |   32|   0|   32|          0|
    |acc_993_fu_4266                                                                                           |   32|   0|   32|          0|
    |acc_994_fu_4270                                                                                           |   32|   0|   32|          0|
    |acc_995_fu_4274                                                                                           |   32|   0|   32|          0|
    |acc_996_fu_4278                                                                                           |   32|   0|   32|          0|
    |acc_997_fu_4282                                                                                           |   32|   0|   32|          0|
    |acc_998_fu_4286                                                                                           |   32|   0|   32|          0|
    |acc_999_fu_4290                                                                                           |   32|   0|   32|          0|
    |acc_fu_2338                                                                                               |   32|   0|   32|          0|
    |add_ln199_1_reg_25882                                                                                     |   26|   0|   26|          0|
    |ap_CS_fsm                                                                                                 |   24|   0|   24|          0|
    |attn_out_read_reg_20724                                                                                   |   64|   0|   64|          0|
    |grp_v_weighted_sum_multik_u55c_kernel_Pipeline_VITIS_LOOP_192_1_VITIS_LOOP_193_2_fu_9555_ap_start_reg     |    1|   0|    1|          0|
    |grp_v_weighted_sum_multik_u55c_kernel_Pipeline_VITIS_LOOP_205_5_fu_10071_ap_start_reg                     |    1|   0|    1|          0|
    |grp_v_weighted_sum_multik_u55c_kernel_Pipeline_VITIS_LOOP_215_6_VITIS_LOOP_216_7_fu_10100_ap_start_reg    |    1|   0|    1|          0|
    |grp_v_weighted_sum_multik_u55c_kernel_Pipeline_VITIS_LOOP_226_8_VITIS_LOOP_227_9_fu_10124_ap_start_reg    |    1|   0|    1|          0|
    |grp_v_weighted_sum_multik_u55c_kernel_Pipeline_VITIS_LOOP_239_11_VITIS_LOOP_240_12_fu_10672_ap_start_reg  |    1|   0|    1|          0|
    |icmp_ln199_reg_22275                                                                                      |    1|   0|    1|          0|
    |icmp_ln200_reg_28455                                                                                      |    1|   0|    1|          0|
    |indvars_iv1992_fu_2334                                                                                    |   26|   0|   26|          0|
    |k_cols_reg_28482                                                                                          |   32|   0|   32|          0|
    |key_base_fu_2330                                                                                          |   32|   0|   32|          0|
    |key_base_load_reg_28450                                                                                   |   32|   0|   32|          0|
    |probs_full_read_reg_20734                                                                                 |   64|   0|   64|          0|
    |query_base_read_reg_20712                                                                                 |   32|   0|   32|          0|
    |query_row_count_read_reg_20704                                                                            |   32|   0|   32|          0|
    |select_ln205_reg_28488                                                                                    |    7|   0|    7|          0|
    |select_ln239_1_reg_28477                                                                                  |    4|   0|    4|          0|
    |seq_len_read_reg_20718                                                                                    |   32|   0|   32|          0|
    |sub_ln200_reg_28460                                                                                       |   32|   0|   32|          0|
    |trunc_ln199_reg_25877                                                                                     |   31|   0|   31|          0|
    |trunc_ln239_1_reg_28471                                                                                   |   62|   0|   62|          0|
    |trunc_ln4_reg_28465                                                                                       |   62|   0|   62|          0|
    |v_full_read_reg_20729                                                                                     |   64|   0|   64|          0|
    +----------------------------------------------------------------------------------------------------------+-----+----+-----+-----------+
    |Total                                                                                                     |33433|   0|33433|          0|
    +----------------------------------------------------------------------------------------------------------+-----+----+-----+-----------+



================================================================
== Interface
================================================================
* Summary: 
+-----------------------------+-----+-----+------------+-------------------------------------------------------------------------+--------------+
|          RTL Ports          | Dir | Bits|  Protocol  |                              Source Object                              |    C Type    |
+-----------------------------+-----+-----+------------+-------------------------------------------------------------------------+--------------+
|s_axi_control_AWVALID        |   in|    1|       s_axi|                                                                  control|        scalar|
|s_axi_control_AWREADY        |  out|    1|       s_axi|                                                                  control|        scalar|
|s_axi_control_AWADDR         |   in|    7|       s_axi|                                                                  control|        scalar|
|s_axi_control_WVALID         |   in|    1|       s_axi|                                                                  control|        scalar|
|s_axi_control_WREADY         |  out|    1|       s_axi|                                                                  control|        scalar|
|s_axi_control_WDATA          |   in|   32|       s_axi|                                                                  control|        scalar|
|s_axi_control_WSTRB          |   in|    4|       s_axi|                                                                  control|        scalar|
|s_axi_control_ARVALID        |   in|    1|       s_axi|                                                                  control|        scalar|
|s_axi_control_ARREADY        |  out|    1|       s_axi|                                                                  control|        scalar|
|s_axi_control_ARADDR         |   in|    7|       s_axi|                                                                  control|        scalar|
|s_axi_control_RVALID         |  out|    1|       s_axi|                                                                  control|        scalar|
|s_axi_control_RREADY         |   in|    1|       s_axi|                                                                  control|        scalar|
|s_axi_control_RDATA          |  out|   32|       s_axi|                                                                  control|        scalar|
|s_axi_control_RRESP          |  out|    2|       s_axi|                                                                  control|        scalar|
|s_axi_control_BVALID         |  out|    1|       s_axi|                                                                  control|        scalar|
|s_axi_control_BREADY         |   in|    1|       s_axi|                                                                  control|        scalar|
|s_axi_control_BRESP          |  out|    2|       s_axi|                                                                  control|        scalar|
|ap_clk                       |   in|    1|  ap_ctrl_hs|  attention_score_u55c::v_weighted_sum::v_weighted_sum_multik_u55c_kernel|  return value|
|ap_rst_n                     |   in|    1|  ap_ctrl_hs|  attention_score_u55c::v_weighted_sum::v_weighted_sum_multik_u55c_kernel|  return value|
|interrupt                    |  out|    1|  ap_ctrl_hs|  attention_score_u55c::v_weighted_sum::v_weighted_sum_multik_u55c_kernel|  return value|
|m_axi_gmem_weights_AWVALID   |  out|    1|       m_axi|                                                             gmem_weights|       pointer|
|m_axi_gmem_weights_AWREADY   |   in|    1|       m_axi|                                                             gmem_weights|       pointer|
|m_axi_gmem_weights_AWADDR    |  out|   64|       m_axi|                                                             gmem_weights|       pointer|
|m_axi_gmem_weights_AWID      |  out|    1|       m_axi|                                                             gmem_weights|       pointer|
|m_axi_gmem_weights_AWLEN     |  out|    8|       m_axi|                                                             gmem_weights|       pointer|
|m_axi_gmem_weights_AWSIZE    |  out|    3|       m_axi|                                                             gmem_weights|       pointer|
|m_axi_gmem_weights_AWBURST   |  out|    2|       m_axi|                                                             gmem_weights|       pointer|
|m_axi_gmem_weights_AWLOCK    |  out|    2|       m_axi|                                                             gmem_weights|       pointer|
|m_axi_gmem_weights_AWCACHE   |  out|    4|       m_axi|                                                             gmem_weights|       pointer|
|m_axi_gmem_weights_AWPROT    |  out|    3|       m_axi|                                                             gmem_weights|       pointer|
|m_axi_gmem_weights_AWQOS     |  out|    4|       m_axi|                                                             gmem_weights|       pointer|
|m_axi_gmem_weights_AWREGION  |  out|    4|       m_axi|                                                             gmem_weights|       pointer|
|m_axi_gmem_weights_AWUSER    |  out|    1|       m_axi|                                                             gmem_weights|       pointer|
|m_axi_gmem_weights_WVALID    |  out|    1|       m_axi|                                                             gmem_weights|       pointer|
|m_axi_gmem_weights_WREADY    |   in|    1|       m_axi|                                                             gmem_weights|       pointer|
|m_axi_gmem_weights_WDATA     |  out|   32|       m_axi|                                                             gmem_weights|       pointer|
|m_axi_gmem_weights_WSTRB     |  out|    4|       m_axi|                                                             gmem_weights|       pointer|
|m_axi_gmem_weights_WLAST     |  out|    1|       m_axi|                                                             gmem_weights|       pointer|
|m_axi_gmem_weights_WID       |  out|    1|       m_axi|                                                             gmem_weights|       pointer|
|m_axi_gmem_weights_WUSER     |  out|    1|       m_axi|                                                             gmem_weights|       pointer|
|m_axi_gmem_weights_ARVALID   |  out|    1|       m_axi|                                                             gmem_weights|       pointer|
|m_axi_gmem_weights_ARREADY   |   in|    1|       m_axi|                                                             gmem_weights|       pointer|
|m_axi_gmem_weights_ARADDR    |  out|   64|       m_axi|                                                             gmem_weights|       pointer|
|m_axi_gmem_weights_ARID      |  out|    1|       m_axi|                                                             gmem_weights|       pointer|
|m_axi_gmem_weights_ARLEN     |  out|    8|       m_axi|                                                             gmem_weights|       pointer|
|m_axi_gmem_weights_ARSIZE    |  out|    3|       m_axi|                                                             gmem_weights|       pointer|
|m_axi_gmem_weights_ARBURST   |  out|    2|       m_axi|                                                             gmem_weights|       pointer|
|m_axi_gmem_weights_ARLOCK    |  out|    2|       m_axi|                                                             gmem_weights|       pointer|
|m_axi_gmem_weights_ARCACHE   |  out|    4|       m_axi|                                                             gmem_weights|       pointer|
|m_axi_gmem_weights_ARPROT    |  out|    3|       m_axi|                                                             gmem_weights|       pointer|
|m_axi_gmem_weights_ARQOS     |  out|    4|       m_axi|                                                             gmem_weights|       pointer|
|m_axi_gmem_weights_ARREGION  |  out|    4|       m_axi|                                                             gmem_weights|       pointer|
|m_axi_gmem_weights_ARUSER    |  out|    1|       m_axi|                                                             gmem_weights|       pointer|
|m_axi_gmem_weights_RVALID    |   in|    1|       m_axi|                                                             gmem_weights|       pointer|
|m_axi_gmem_weights_RREADY    |  out|    1|       m_axi|                                                             gmem_weights|       pointer|
|m_axi_gmem_weights_RDATA     |   in|   32|       m_axi|                                                             gmem_weights|       pointer|
|m_axi_gmem_weights_RLAST     |   in|    1|       m_axi|                                                             gmem_weights|       pointer|
|m_axi_gmem_weights_RID       |   in|    1|       m_axi|                                                             gmem_weights|       pointer|
|m_axi_gmem_weights_RUSER     |   in|    1|       m_axi|                                                             gmem_weights|       pointer|
|m_axi_gmem_weights_RRESP     |   in|    2|       m_axi|                                                             gmem_weights|       pointer|
|m_axi_gmem_weights_BVALID    |   in|    1|       m_axi|                                                             gmem_weights|       pointer|
|m_axi_gmem_weights_BREADY    |  out|    1|       m_axi|                                                             gmem_weights|       pointer|
|m_axi_gmem_weights_BRESP     |   in|    2|       m_axi|                                                             gmem_weights|       pointer|
|m_axi_gmem_weights_BID       |   in|    1|       m_axi|                                                             gmem_weights|       pointer|
|m_axi_gmem_weights_BUSER     |   in|    1|       m_axi|                                                             gmem_weights|       pointer|
|m_axi_gmem_v_AWVALID         |  out|    1|       m_axi|                                                                   gmem_v|       pointer|
|m_axi_gmem_v_AWREADY         |   in|    1|       m_axi|                                                                   gmem_v|       pointer|
|m_axi_gmem_v_AWADDR          |  out|   64|       m_axi|                                                                   gmem_v|       pointer|
|m_axi_gmem_v_AWID            |  out|    1|       m_axi|                                                                   gmem_v|       pointer|
|m_axi_gmem_v_AWLEN           |  out|    8|       m_axi|                                                                   gmem_v|       pointer|
|m_axi_gmem_v_AWSIZE          |  out|    3|       m_axi|                                                                   gmem_v|       pointer|
|m_axi_gmem_v_AWBURST         |  out|    2|       m_axi|                                                                   gmem_v|       pointer|
|m_axi_gmem_v_AWLOCK          |  out|    2|       m_axi|                                                                   gmem_v|       pointer|
|m_axi_gmem_v_AWCACHE         |  out|    4|       m_axi|                                                                   gmem_v|       pointer|
|m_axi_gmem_v_AWPROT          |  out|    3|       m_axi|                                                                   gmem_v|       pointer|
|m_axi_gmem_v_AWQOS           |  out|    4|       m_axi|                                                                   gmem_v|       pointer|
|m_axi_gmem_v_AWREGION        |  out|    4|       m_axi|                                                                   gmem_v|       pointer|
|m_axi_gmem_v_AWUSER          |  out|    1|       m_axi|                                                                   gmem_v|       pointer|
|m_axi_gmem_v_WVALID          |  out|    1|       m_axi|                                                                   gmem_v|       pointer|
|m_axi_gmem_v_WREADY          |   in|    1|       m_axi|                                                                   gmem_v|       pointer|
|m_axi_gmem_v_WDATA           |  out|   32|       m_axi|                                                                   gmem_v|       pointer|
|m_axi_gmem_v_WSTRB           |  out|    4|       m_axi|                                                                   gmem_v|       pointer|
|m_axi_gmem_v_WLAST           |  out|    1|       m_axi|                                                                   gmem_v|       pointer|
|m_axi_gmem_v_WID             |  out|    1|       m_axi|                                                                   gmem_v|       pointer|
|m_axi_gmem_v_WUSER           |  out|    1|       m_axi|                                                                   gmem_v|       pointer|
|m_axi_gmem_v_ARVALID         |  out|    1|       m_axi|                                                                   gmem_v|       pointer|
|m_axi_gmem_v_ARREADY         |   in|    1|       m_axi|                                                                   gmem_v|       pointer|
|m_axi_gmem_v_ARADDR          |  out|   64|       m_axi|                                                                   gmem_v|       pointer|
|m_axi_gmem_v_ARID            |  out|    1|       m_axi|                                                                   gmem_v|       pointer|
|m_axi_gmem_v_ARLEN           |  out|    8|       m_axi|                                                                   gmem_v|       pointer|
|m_axi_gmem_v_ARSIZE          |  out|    3|       m_axi|                                                                   gmem_v|       pointer|
|m_axi_gmem_v_ARBURST         |  out|    2|       m_axi|                                                                   gmem_v|       pointer|
|m_axi_gmem_v_ARLOCK          |  out|    2|       m_axi|                                                                   gmem_v|       pointer|
|m_axi_gmem_v_ARCACHE         |  out|    4|       m_axi|                                                                   gmem_v|       pointer|
|m_axi_gmem_v_ARPROT          |  out|    3|       m_axi|                                                                   gmem_v|       pointer|
|m_axi_gmem_v_ARQOS           |  out|    4|       m_axi|                                                                   gmem_v|       pointer|
|m_axi_gmem_v_ARREGION        |  out|    4|       m_axi|                                                                   gmem_v|       pointer|
|m_axi_gmem_v_ARUSER          |  out|    1|       m_axi|                                                                   gmem_v|       pointer|
|m_axi_gmem_v_RVALID          |   in|    1|       m_axi|                                                                   gmem_v|       pointer|
|m_axi_gmem_v_RREADY          |  out|    1|       m_axi|                                                                   gmem_v|       pointer|
|m_axi_gmem_v_RDATA           |   in|   32|       m_axi|                                                                   gmem_v|       pointer|
|m_axi_gmem_v_RLAST           |   in|    1|       m_axi|                                                                   gmem_v|       pointer|
|m_axi_gmem_v_RID             |   in|    1|       m_axi|                                                                   gmem_v|       pointer|
|m_axi_gmem_v_RUSER           |   in|    1|       m_axi|                                                                   gmem_v|       pointer|
|m_axi_gmem_v_RRESP           |   in|    2|       m_axi|                                                                   gmem_v|       pointer|
|m_axi_gmem_v_BVALID          |   in|    1|       m_axi|                                                                   gmem_v|       pointer|
|m_axi_gmem_v_BREADY          |  out|    1|       m_axi|                                                                   gmem_v|       pointer|
|m_axi_gmem_v_BRESP           |   in|    2|       m_axi|                                                                   gmem_v|       pointer|
|m_axi_gmem_v_BID             |   in|    1|       m_axi|                                                                   gmem_v|       pointer|
|m_axi_gmem_v_BUSER           |   in|    1|       m_axi|                                                                   gmem_v|       pointer|
|m_axi_gmem_out_AWVALID       |  out|    1|       m_axi|                                                                 gmem_out|       pointer|
|m_axi_gmem_out_AWREADY       |   in|    1|       m_axi|                                                                 gmem_out|       pointer|
|m_axi_gmem_out_AWADDR        |  out|   64|       m_axi|                                                                 gmem_out|       pointer|
|m_axi_gmem_out_AWID          |  out|    1|       m_axi|                                                                 gmem_out|       pointer|
|m_axi_gmem_out_AWLEN         |  out|    8|       m_axi|                                                                 gmem_out|       pointer|
|m_axi_gmem_out_AWSIZE        |  out|    3|       m_axi|                                                                 gmem_out|       pointer|
|m_axi_gmem_out_AWBURST       |  out|    2|       m_axi|                                                                 gmem_out|       pointer|
|m_axi_gmem_out_AWLOCK        |  out|    2|       m_axi|                                                                 gmem_out|       pointer|
|m_axi_gmem_out_AWCACHE       |  out|    4|       m_axi|                                                                 gmem_out|       pointer|
|m_axi_gmem_out_AWPROT        |  out|    3|       m_axi|                                                                 gmem_out|       pointer|
|m_axi_gmem_out_AWQOS         |  out|    4|       m_axi|                                                                 gmem_out|       pointer|
|m_axi_gmem_out_AWREGION      |  out|    4|       m_axi|                                                                 gmem_out|       pointer|
|m_axi_gmem_out_AWUSER        |  out|    1|       m_axi|                                                                 gmem_out|       pointer|
|m_axi_gmem_out_WVALID        |  out|    1|       m_axi|                                                                 gmem_out|       pointer|
|m_axi_gmem_out_WREADY        |   in|    1|       m_axi|                                                                 gmem_out|       pointer|
|m_axi_gmem_out_WDATA         |  out|   32|       m_axi|                                                                 gmem_out|       pointer|
|m_axi_gmem_out_WSTRB         |  out|    4|       m_axi|                                                                 gmem_out|       pointer|
|m_axi_gmem_out_WLAST         |  out|    1|       m_axi|                                                                 gmem_out|       pointer|
|m_axi_gmem_out_WID           |  out|    1|       m_axi|                                                                 gmem_out|       pointer|
|m_axi_gmem_out_WUSER         |  out|    1|       m_axi|                                                                 gmem_out|       pointer|
|m_axi_gmem_out_ARVALID       |  out|    1|       m_axi|                                                                 gmem_out|       pointer|
|m_axi_gmem_out_ARREADY       |   in|    1|       m_axi|                                                                 gmem_out|       pointer|
|m_axi_gmem_out_ARADDR        |  out|   64|       m_axi|                                                                 gmem_out|       pointer|
|m_axi_gmem_out_ARID          |  out|    1|       m_axi|                                                                 gmem_out|       pointer|
|m_axi_gmem_out_ARLEN         |  out|    8|       m_axi|                                                                 gmem_out|       pointer|
|m_axi_gmem_out_ARSIZE        |  out|    3|       m_axi|                                                                 gmem_out|       pointer|
|m_axi_gmem_out_ARBURST       |  out|    2|       m_axi|                                                                 gmem_out|       pointer|
|m_axi_gmem_out_ARLOCK        |  out|    2|       m_axi|                                                                 gmem_out|       pointer|
|m_axi_gmem_out_ARCACHE       |  out|    4|       m_axi|                                                                 gmem_out|       pointer|
|m_axi_gmem_out_ARPROT        |  out|    3|       m_axi|                                                                 gmem_out|       pointer|
|m_axi_gmem_out_ARQOS         |  out|    4|       m_axi|                                                                 gmem_out|       pointer|
|m_axi_gmem_out_ARREGION      |  out|    4|       m_axi|                                                                 gmem_out|       pointer|
|m_axi_gmem_out_ARUSER        |  out|    1|       m_axi|                                                                 gmem_out|       pointer|
|m_axi_gmem_out_RVALID        |   in|    1|       m_axi|                                                                 gmem_out|       pointer|
|m_axi_gmem_out_RREADY        |  out|    1|       m_axi|                                                                 gmem_out|       pointer|
|m_axi_gmem_out_RDATA         |   in|   32|       m_axi|                                                                 gmem_out|       pointer|
|m_axi_gmem_out_RLAST         |   in|    1|       m_axi|                                                                 gmem_out|       pointer|
|m_axi_gmem_out_RID           |   in|    1|       m_axi|                                                                 gmem_out|       pointer|
|m_axi_gmem_out_RUSER         |   in|    1|       m_axi|                                                                 gmem_out|       pointer|
|m_axi_gmem_out_RRESP         |   in|    2|       m_axi|                                                                 gmem_out|       pointer|
|m_axi_gmem_out_BVALID        |   in|    1|       m_axi|                                                                 gmem_out|       pointer|
|m_axi_gmem_out_BREADY        |  out|    1|       m_axi|                                                                 gmem_out|       pointer|
|m_axi_gmem_out_BRESP         |   in|    2|       m_axi|                                                                 gmem_out|       pointer|
|m_axi_gmem_out_BID           |   in|    1|       m_axi|                                                                 gmem_out|       pointer|
|m_axi_gmem_out_BUSER         |   in|    1|       m_axi|                                                                 gmem_out|       pointer|
+-----------------------------+-----+-----+------------+-------------------------------------------------------------------------+--------------+

